date,period_start,period_end,level,subdivision,state,district,day_actual_mm,day_normal_mm,day_departure_pct,day_category,period_actual_mm,period_normal_mm,period_departure_pct,period_category,scraped_at
2026-08-28,2026-06-01,2026-08-28,district,A & N ISLAND,ANDAMAN & NICOBAR ISLANDS,NICOBAR,10.9,11.5,-6.0,N,456.7,765.7,-40.0,D,2026-08-28 18:18:01.474311
2026-08-28,2026-06-01,2026-08-28,district,A & N ISLAND,ANDAMAN & NICOBAR ISLANDS,NORTH & MIDDLE ANDAMAN,24.0,18.8,28.0,E,1925.2,1385.6,39.0,E,2026-08-28 18:18:01.474311
2026-08-28,2026-06-01,2026-08-28,district,A & N ISLAND,ANDAMAN & NICOBAR ISLANDS,SOUTH ANDAMAN,7.8,12.9,-40.0,D,989.4,1163.6,-15.0,N,2026-08-28 18:18:01.474311
2026-08-28,2026-06-01,2026-08-28,district,ARUNACHAL PRADESH,ARUNACHAL PRADESH,ANJAW,0.0,8.5,-100.0,NR,139.6,1293.0,-89.0,LD,2026-08-28 18:18:01.474311
2026-08-28,2026-06-01,2026-08-28,district,ARUNACHAL PRADESH,ARUNACHAL PRADESH,CHANGLANG,69.0,7.7,796.0,LE,939.1,1057.2,-11.0,N,2026-08-28 18:18:01.474311
2026-08-28,2026-06-01,2026-08-28,district,ARUNACHAL PRADESH,ARUNACHAL PRADESH,EAST KAMENG,0.0,10.8,-100.0,NR,1077.3,935.7,15.0,N,2026-08-28 18:18:01.474311
2026-08-28,2026-06-01,2026-08-28,district,ARUNACHAL PRADESH,ARUNACHAL PRADESH,EAST SIANG,1.6,16.1,-90.0,LD,1860.7,2498.3,-26.0,D,2026-08-28 18:18:01.474311
2026-08-28,2026-06-01,2026-08-28,district,ARUNACHAL PRADESH,ARUNACHAL PRADESH,LOHIT,1.5,9.2,-84.0,LD,792.5,1240.2,-36.0,D,2026-08-28 18:18:01.474311
2026-08-28,2026-06-01,2026-08-28,district,ARUNACHAL PRADESH,ARUNACHAL PRADESH,LOWER SUBANSIRI,0.0,3.9,-100.0,NR,354.9,591.1,-40.0,D,2026-08-28 18:18:01.474311
2026-08-28,2026-06-01,2026-08-28,district,ARUNACHAL PRADESH,ARUNACHAL PRADESH,TAWANG,4.9,6.5,-25.0,D,302.0,769.5,-61.0,LD,2026-08-28 18:18:01.474311
2026-08-28,2026-06-01,2026-08-28,district,ARUNACHAL PRADESH,ARUNACHAL PRADESH,TIRAP,15.0,16.6,-10.0,N,1624.0,1559.4,4.0,N,2026-08-28 18:18:01.474311
2026-08-28,2026-06-01,2026-08-28,district,ARUNACHAL PRADESH,ARUNACHAL PRADESH,UPPER SIANG,7.0,12.9,-46.0,D,936.8,1297.3,-28.0,D,2026-08-28 18:18:01.474311
2026-08-28,2026-06-01,2026-08-28,district,ARUNACHAL PRADESH,ARUNACHAL PRADESH,UPPER SUBANSIRI,0.3,4.1,-94.0,LD,277.3,733.0,-62.0,LD,2026-08-28 18:18:01.474311
2026-08-28,2026-06-01,2026-08-28,district,ARUNACHAL PRADESH,ARUNACHAL PRADESH,WEST KAMENG,4.0,10.8,-63.0,LD,403.3,1342.5,-70.0,LD,2026-08-28 18:18:01.474311
2026-08-28,2026-06-01,2026-08-28,district,ARUNACHAL PRADESH,ARUNACHAL PRADESH,WEST SIANG,0.0,8.5,-100.0,NR,548.3,1559.3,-65.0,LD,2026-08-28 18:18:01.474311
2026-08-28,2026-06-01,2026-08-28,district,ASSAM & MEGHALAYA,ASSAM,BAJALI,0.5,11.1,-95.0,LD,973.5,1689.5,-42.0,D,2026-08-28 18:18:01.474311
2026-08-28,2026-06-01,2026-08-28,district,ASSAM & MEGHALAYA,ASSAM,BAKSA,5.8,9.1,-37.0,D,999.0,1231.4,-19.0,N,2026-08-28 18:18:01.474311
2026-08-28,2026-06-01,2026-08-28,district,ASSAM & MEGHALAYA,ASSAM,BARPETA,6.9,11.1,-38.0,D,1102.0,1689.5,-35.0,D,2026-08-28 18:18:01.474311
2026-08-28,2026-06-01,2026-08-28,district,ASSAM & MEGHALAYA,ASSAM,BONGAIGAON,0.0,4.8,-100.0,NR,789.6,1898.3,-58.0,D,2026-08-28 18:18:01.474311
2026-08-28,2026-06-01,2026-08-28,district,ASSAM & MEGHALAYA,ASSAM,CACHAR,21.2,11.7,82.0,LE,1391.8,1432.7,-3.0,N,2026-08-28 18:18:01.474311
2026-08-28,2026-06-01,2026-08-28,district,ASSAM & MEGHALAYA,ASSAM,CHARAIDEO,0.5,13.7,-96.0,LD,1085.5,806.3,35.0,E,2026-08-28 18:18:01.474311
2026-08-28,2026-06-01,2026-08-28,district,ASSAM & MEGHALAYA,ASSAM,CHIRANG,0.0,12.1,-100.0,NR,1087.9,1912.3,-43.0,D,2026-08-28 18:18:01.474311
2026-08-28,2026-06-01,2026-08-28,district,ASSAM & MEGHALAYA,ASSAM,DARRANG,11.4,7.8,46.0,E,599.9,1036.6,-42.0,D,2026-08-28 18:18:01.474311
2026-08-28,2026-06-01,2026-08-28,district,ASSAM & MEGHALAYA,ASSAM,DHEMAJI,0.0,8.3,-100.0,NR,1857.4,1613.6,15.0,N,2026-08-28 18:18:01.474311
2026-08-28,2026-06-01,2026-08-28,district,ASSAM & MEGHALAYA,ASSAM,DHUBRI,0.0,8.9,-100.0,NR,1066.2,1699.1,-37.0,D,2026-08-28 18:18:01.474311
2026-08-28,2026-06-01,2026-08-28,district,ASSAM & MEGHALAYA,ASSAM,DIBRUGARH,2.5,9.6,-74.0,LD,953.4,1167.7,-18.0,N,2026-08-28 18:18:01.474311
2026-08-28,2026-06-01,2026-08-28,district,ASSAM & MEGHALAYA,ASSAM,DIMA HASAO,0.0,6.7,-100.0,NR,383.4,813.9,-53.0,D,2026-08-28 18:18:01.474311
2026-08-28,2026-06-01,2026-08-28,district,ASSAM & MEGHALAYA,ASSAM,GOALPARA,1.9,16.8,-89.0,LD,692.6,1615.3,-57.0,D,2026-08-28 18:18:01.474311
2026-08-28,2026-06-01,2026-08-28,district,ASSAM & MEGHALAYA,ASSAM,GOLAGHAT,7.5,9.9,-24.0,D,730.1,817.7,-11.0,N,2026-08-28 18:18:01.474311
2026-08-28,2026-06-01,2026-08-28,district,ASSAM & MEGHALAYA,ASSAM,HAILAKANDI,1.2,7.2,-83.0,LD,992.9,1209.7,-18.0,N,2026-08-28 18:18:01.474311
2026-08-28,2026-06-01,2026-08-28,district,ASSAM & MEGHALAYA,ASSAM,HOJAI,0.0,7.7,-100.0,NR,354.2,590.7,-40.0,D,2026-08-28 18:18:01.474311
2026-08-28,2026-06-01,2026-08-28,district,ASSAM & MEGHALAYA,ASSAM,JORHAT,0.0,8.7,-100.0,NR,697.5,974.0,-28.0,D,2026-08-28 18:18:01.474311
2026-08-28,2026-06-01,2026-08-28,district,ASSAM & MEGHALAYA,ASSAM,KAMRUP METROPOLITAN,17.0,7.2,137.0,LE,672.0,842.4,-20.0,D,2026-08-28 18:18:01.474311
2026-08-28,2026-06-01,2026-08-28,district,ASSAM & MEGHALAYA,ASSAM,KAMRUP RURAL,0.6,10.6,-94.0,LD,477.4,1040.7,-54.0,D,2026-08-28 18:18:01.474311
2026-08-28,2026-06-01,2026-08-28,district,ASSAM & MEGHALAYA,ASSAM,KARBI ANGLONG,0.0,7.0,-100.0,NR,483.6,631.9,-23.0,D,2026-08-28 18:18:01.474311
2026-08-28,2026-06-01,2026-08-28,district,ASSAM & MEGHALAYA,ASSAM,KOKRAJHAR,0.0,14.2,-100.0,NR,1993.0,2174.8,-8.0,N,2026-08-28 18:18:01.474311
2026-08-28,2026-06-01,2026-08-28,district,ASSAM & MEGHALAYA,ASSAM,LAKHIMPUR,27.4,12.6,118.0,LE,1880.6,1603.9,17.0,N,2026-08-28 18:18:01.474311
2026-08-28,2026-06-01,2026-08-28,district,ASSAM & MEGHALAYA,ASSAM,MORIGAON,3.0,6.9,-57.0,D,551.6,885.1,-38.0,D,2026-08-28 18:18:01.474311
2026-08-28,2026-06-01,2026-08-28,district,ASSAM & MEGHALAYA,ASSAM,NAGAON,0.0,11.6,-100.0,NR,359.0,812.4,-56.0,D,2026-08-28 18:18:01.474311
2026-08-28,2026-06-01,2026-08-28,district,ASSAM & MEGHALAYA,ASSAM,NALBARI,2.1,14.1,-85.0,LD,505.6,1287.2,-61.0,LD,2026-08-28 18:18:01.474311
2026-08-28,2026-06-01,2026-08-28,district,ASSAM & MEGHALAYA,ASSAM,SIBSAGAR,0.0,8.2,-100.0,NR,666.8,937.4,-29.0,D,2026-08-28 18:18:01.474311
2026-08-28,2026-06-01,2026-08-28,district,ASSAM & MEGHALAYA,ASSAM,SONITPUR,7.5,14.3,-48.0,D,875.6,934.7,-6.0,N,2026-08-28 18:18:01.474311
2026-08-28,2026-06-01,2026-08-28,district,ASSAM & MEGHALAYA,ASSAM,SRIBHUMI,8.9,18.2,-51.0,D,1342.8,1732.5,-22.0,D,2026-08-28 18:18:01.474311
2026-08-28,2026-06-01,2026-08-28,district,ASSAM & MEGHALAYA,ASSAM,TAMULPUR,4.8,5.1,-6.0,N,972.3,1081.9,-10.0,N,2026-08-28 18:18:01.474311
2026-08-28,2026-06-01,2026-08-28,district,ASSAM & MEGHALAYA,ASSAM,TINSUKIA,5.6,7.1,-22.0,D,1124.2,1126.8,0.0,N,2026-08-28 18:18:01.474311
2026-08-28,2026-06-01,2026-08-28,district,ASSAM & MEGHALAYA,ASSAM,UDALGURI,1.7,9.0,-81.0,LD,496.9,1167.7,-57.0,D,2026-08-28 18:18:01.474311
2026-08-28,2026-06-01,2026-08-28,district,ASSAM & MEGHALAYA,ASSAM,WEST KARBI ANGLONG,0.0,4.3,-100.0,NR,470.6,545.2,-14.0,N,2026-08-28 18:18:01.474311
2026-08-28,2026-06-01,2026-08-28,district,ASSAM & MEGHALAYA,MEGHALAYA,EAST GARO HILLS,0.2,7.9,-98.0,LD,583.2,1497.2,-61.0,LD,2026-08-28 18:18:01.474311
2026-08-28,2026-06-01,2026-08-28,district,ASSAM & MEGHALAYA,MEGHALAYA,EAST JAINTIA HILLS,30.3,17.5,73.0,LE,1318.2,3646.3,-64.0,LD,2026-08-28 18:18:01.474311
2026-08-28,2026-06-01,2026-08-28,district,ASSAM & MEGHALAYA,MEGHALAYA,EAST KHASI HILLS,7.3,24.6,-70.0,LD,1787.6,3633.9,-51.0,D,2026-08-28 18:18:01.474311
2026-08-28,2026-06-01,2026-08-28,district,ASSAM & MEGHALAYA,MEGHALAYA,NORTH GARO HILLS,10.5,11.5,-8.0,N,480.4,1438.3,-67.0,LD,2026-08-28 18:18:01.474311
2026-08-28,2026-06-01,2026-08-28,district,ASSAM & MEGHALAYA,MEGHALAYA,RI BHOI,12.9,14.5,-11.0,N,626.1,1174.1,-47.0,D,2026-08-28 18:18:01.474311
2026-08-28,2026-06-01,2026-08-28,district,ASSAM & MEGHALAYA,MEGHALAYA,SOUTH GARO HILLS,0.7,11.5,-94.0,LD,765.9,1438.3,-47.0,D,2026-08-28 18:18:01.474311
2026-08-28,2026-06-01,2026-08-28,district,ASSAM & MEGHALAYA,MEGHALAYA,SOUTH WEST GARO HILLS,0.0,11.5,-100.0,NR,499.0,1438.3,-65.0,LD,2026-08-28 18:18:01.474311
2026-08-28,2026-06-01,2026-08-28,district,ASSAM & MEGHALAYA,MEGHALAYA,SOUTH WEST KHASI HILLS,0.4,11.5,-97.0,LD,2455.5,1438.3,71.0,LE,2026-08-28 18:18:01.474311
2026-08-28,2026-06-01,2026-08-28,district,ASSAM & MEGHALAYA,MEGHALAYA,WEST GARO HILLS,0.8,9.2,-92.0,LD,409.7,1457.9,-72.0,LD,2026-08-28 18:18:01.474311
2026-08-28,2026-06-01,2026-08-28,district,ASSAM & MEGHALAYA,MEGHALAYA,WEST JAINTIA HILLS,1.8,17.5,-89.0,LD,771.6,3646.3,-79.0,LD,2026-08-28 18:18:01.474311
2026-08-28,2026-06-01,2026-08-28,district,ASSAM & MEGHALAYA,MEGHALAYA,WEST KHASI HILLS,4.6,12.6,-64.0,LD,682.9,2157.8,-68.0,LD,2026-08-28 18:18:01.474311
2026-08-28,2026-06-01,2026-08-28,district,BIHAR,BIHAR,ARARIA,1.2,8.9,-87.0,LD,659.5,1065.2,-38.0,D,2026-08-28 18:18:01.474311
2026-08-28,2026-06-01,2026-08-28,district,BIHAR,BIHAR,ARWAL,0.0,6.0,-100.0,NR,287.4,532.9,-46.0,D,2026-08-28 18:18:01.474311
2026-08-28,2026-06-01,2026-08-28,district,BIHAR,BIHAR,AURANGABAD,19.2,7.2,167.0,LE,500.4,652.5,-23.0,D,2026-08-28 18:18:01.474311
2026-08-28,2026-06-01,2026-08-28,district,BIHAR,BIHAR,BANKA,2.7,6.0,-55.0,D,338.1,658.2,-49.0,D,2026-08-28 18:18:01.474311
2026-08-28,2026-06-01,2026-08-28,district,BIHAR,BIHAR,BEGUSARAI,1.3,7.6,-83.0,LD,466.3,747.5,-38.0,D,2026-08-28 18:18:01.474311
2026-08-28,2026-06-01,2026-08-28,district,BIHAR,BIHAR,BHABUA,5.5,6.2,-11.0,N,365.7,650.8,-44.0,D,2026-08-28 18:18:01.474311
2026-08-28,2026-06-01,2026-08-28,district,BIHAR,BIHAR,BHAGALPUR,0.7,8.2,-92.0,LD,304.3,729.7,-58.0,D,2026-08-28 18:18:01.474311
2026-08-28,2026-06-01,2026-08-28,district,BIHAR,BIHAR,BHOJPUR,3.2,9.0,-65.0,LD,301.2,664.1,-55.0,D,2026-08-28 18:18:01.474311
2026-08-28,2026-06-01,2026-08-28,district,BIHAR,BIHAR,BUXAR,14.3,4.8,197.0,LE,445.9,596.5,-25.0,D,2026-08-28 18:18:01.474311
2026-08-28,2026-06-01,2026-08-28,district,BIHAR,BIHAR,DARBHANGA,0.0,5.0,-100.0,NR,321.7,696.5,-54.0,D,2026-08-28 18:18:01.474311
2026-08-28,2026-06-01,2026-08-28,district,BIHAR,BIHAR,EAST CHAMPARAN,4.1,7.2,-44.0,D,437.4,827.2,-47.0,D,2026-08-28 18:18:01.474311
2026-08-28,2026-06-01,2026-08-28,district,BIHAR,BIHAR,GAYA,11.4,6.0,89.0,LE,390.5,640.7,-39.0,D,2026-08-28 18:18:01.474311
2026-08-28,2026-06-01,2026-08-28,district,BIHAR,BIHAR,GOPALGANJ,3.2,7.0,-55.0,D,443.3,732.1,-39.0,D,2026-08-28 18:18:01.474311
2026-08-28,2026-06-01,2026-08-28,district,BIHAR,BIHAR,JAHANABAD,0.6,7.9,-93.0,LD,223.2,634.8,-65.0,LD,2026-08-28 18:18:01.474311
2026-08-28,2026-06-01,2026-08-28,district,BIHAR,BIHAR,JAMUI,0.1,7.1,-98.0,LD,312.6,697.7,-55.0,D,2026-08-28 18:18:01.474311
2026-08-28,2026-06-01,2026-08-28,district,BIHAR,BIHAR,KATIHAR,0.9,6.2,-86.0,LD,462.1,793.4,-42.0,D,2026-08-28 18:18:01.474311
2026-08-28,2026-06-01,2026-08-28,district,BIHAR,BIHAR,KHAGARIA,3.5,6.1,-42.0,D,652.8,724.3,-10.0,N,2026-08-28 18:18:01.474311
2026-08-28,2026-06-01,2026-08-28,district,BIHAR,BIHAR,KISHANGANJ,16.2,15.5,4.0,N,903.5,1345.3,-33.0,D,2026-08-28 18:18:01.474311
2026-08-28,2026-06-01,2026-08-28,district,BIHAR,BIHAR,LAKHISARAI,1.4,5.3,-74.0,LD,546.1,635.7,-14.0,N,2026-08-28 18:18:01.474311
2026-08-28,2026-06-01,2026-08-28,district,BIHAR,BIHAR,MADHEPURA,1.7,5.4,-69.0,LD,461.6,771.7,-40.0,D,2026-08-28 18:18:01.474311
2026-08-28,2026-06-01,2026-08-28,district,BIHAR,BIHAR,MADHUBANI,0.8,6.7,-88.0,LD,431.0,773.4,-44.0,D,2026-08-28 18:18:01.474311
2026-08-28,2026-06-01,2026-08-28,district,BIHAR,BIHAR,MUNGER,1.0,9.2,-90.0,LD,478.1,773.7,-38.0,D,2026-08-28 18:18:01.474311
2026-08-28,2026-06-01,2026-08-28,district,BIHAR,BIHAR,MUZAFFARPUR,0.7,6.2,-89.0,LD,348.8,733.0,-52.0,D,2026-08-28 18:18:01.474311
2026-08-28,2026-06-01,2026-08-28,district,BIHAR,BIHAR,NALANDA,0.3,5.3,-95.0,LD,357.7,644.0,-44.0,D,2026-08-28 18:18:01.474311
2026-08-28,2026-06-01,2026-08-28,district,BIHAR,BIHAR,NAWADA,9.0,6.2,45.0,E,389.8,634.7,-39.0,D,2026-08-28 18:18:01.474311
2026-08-28,2026-06-01,2026-08-28,district,BIHAR,BIHAR,PATNA,0.2,5.9,-97.0,LD,324.2,667.9,-51.0,D,2026-08-28 18:18:01.474311
2026-08-28,2026-06-01,2026-08-28,district,BIHAR,BIHAR,PURNEA,0.0,7.5,-100.0,NR,586.8,1068.9,-45.0,D,2026-08-28 18:18:01.474311
2026-08-28,2026-06-01,2026-08-28,district,BIHAR,BIHAR,ROHTAS,8.2,6.5,26.0,E,409.3,631.7,-35.0,D,2026-08-28 18:18:01.474311
2026-08-28,2026-06-01,2026-08-28,district,BIHAR,BIHAR,SAHARSA,0.6,6.6,-91.0,LD,406.6,823.5,-51.0,D,2026-08-28 18:18:01.474311
2026-08-28,2026-06-01,2026-08-28,district,BIHAR,BIHAR,SAMASTIPUR,0.6,5.5,-89.0,LD,376.0,704.7,-47.0,D,2026-08-28 18:18:01.474311
2026-08-28,2026-06-01,2026-08-28,district,BIHAR,BIHAR,SARAN,0.0,7.6,-100.0,NR,335.0,687.6,-51.0,D,2026-08-28 18:18:01.474311
2026-08-28,2026-06-01,2026-08-28,district,BIHAR,BIHAR,SHEIKHPURA,0.0,5.7,-100.0,NR,361.5,620.1,-42.0,D,2026-08-28 18:18:01.474311
2026-08-28,2026-06-01,2026-08-28,district,BIHAR,BIHAR,SHEOHAR,3.5,10.9,-68.0,LD,313.8,784.0,-60.0,LD,2026-08-28 18:18:01.474311
2026-08-28,2026-06-01,2026-08-28,district,BIHAR,BIHAR,SITAMARHI,6.9,9.4,-27.0,D,337.7,854.6,-60.0,LD,2026-08-28 18:18:01.474311
2026-08-28,2026-06-01,2026-08-28,district,BIHAR,BIHAR,SIWAN,0.0,7.5,-100.0,NR,571.7,674.6,-15.0,N,2026-08-28 18:18:01.474311
2026-08-28,2026-06-01,2026-08-28,district,BIHAR,BIHAR,SUPAUL,2.5,5.4,-54.0,D,589.4,835.3,-29.0,D,2026-08-28 18:18:01.474311
2026-08-28,2026-06-01,2026-08-28,district,BIHAR,BIHAR,VAISHALI,0.0,7.1,-100.0,NR,392.7,692.5,-43.0,D,2026-08-28 18:18:01.474311
2026-08-28,2026-06-01,2026-08-28,district,BIHAR,BIHAR,WEST CHAMPARAN,12.3,13.1,-6.0,N,593.2,975.1,-39.0,D,2026-08-28 18:18:01.474311
2026-08-28,2026-06-01,2026-08-28,district,CHHATTISGARH,CHHATTISGARH,BALOD,0.2,16.0,-99.0,LD,845.4,793.3,7.0,N,2026-08-28 18:18:01.474311
2026-08-28,2026-06-01,2026-08-28,district,CHHATTISGARH,CHHATTISGARH,BALODA BAZAR,0.0,14.0,-100.0,NR,892.7,735.5,21.0,E,2026-08-28 18:18:01.474311
2026-08-28,2026-06-01,2026-08-28,district,CHHATTISGARH,CHHATTISGARH,BALRAMPUR,29.3,13.5,117.0,LE,1164.0,759.5,53.0,E,2026-08-28 18:18:01.474311
2026-08-28,2026-06-01,2026-08-28,district,CHHATTISGARH,CHHATTISGARH,BASTAR,9.2,11.8,-22.0,D,817.3,917.7,-11.0,N,2026-08-28 18:18:01.474311
2026-08-28,2026-06-01,2026-08-28,district,CHHATTISGARH,CHHATTISGARH,BEMETARA,0.0,15.7,-100.0,NR,492.9,823.2,-40.0,D,2026-08-28 18:18:01.474311
2026-08-28,2026-06-01,2026-08-28,district,CHHATTISGARH,CHHATTISGARH,BIJAPUR,10.3,15.4,-33.0,D,1220.1,1102.5,11.0,N,2026-08-28 18:18:01.474311
2026-08-28,2026-06-01,2026-08-28,district,CHHATTISGARH,CHHATTISGARH,BILASPUR,0.2,11.1,-98.0,LD,896.1,823.5,9.0,N,2026-08-28 18:18:01.474311
2026-08-28,2026-06-01,2026-08-28,district,CHHATTISGARH,CHHATTISGARH,DANTEWADA,3.1,10.4,-70.0,LD,910.9,1020.8,-11.0,N,2026-08-28 18:18:01.474311
2026-08-28,2026-06-01,2026-08-28,district,CHHATTISGARH,CHHATTISGARH,DHAMTARI,0.5,14.3,-97.0,LD,829.6,826.9,0.0,N,2026-08-28 18:18:01.474311
2026-08-28,2026-06-01,2026-08-28,district,CHHATTISGARH,CHHATTISGARH,DURG,1.0,17.5,-94.0,LD,647.7,779.3,-17.0,N,2026-08-28 18:18:01.474311
2026-08-28,2026-06-01,2026-08-28,district,CHHATTISGARH,CHHATTISGARH,GARIABAND,0.6,13.1,-95.0,LD,945.5,827.6,14.0,N,2026-08-28 18:18:01.474311
2026-08-28,2026-06-01,2026-08-28,district,CHHATTISGARH,CHHATTISGARH,GAURELA PENDRA MARWAHI,6.3,10.4,-39.0,D,833.9,845.0,-1.0,N,2026-08-28 18:18:01.474311
2026-08-28,2026-06-01,2026-08-28,district,CHHATTISGARH,CHHATTISGARH,JANJGIR,3.5,14.8,-76.0,LD,1026.2,859.1,19.0,N,2026-08-28 18:18:01.474311
2026-08-28,2026-06-01,2026-08-28,district,CHHATTISGARH,CHHATTISGARH,JASHPUR,16.9,12.3,38.0,E,718.2,1056.9,-32.0,D,2026-08-28 18:18:01.474311
2026-08-28,2026-06-01,2026-08-28,district,CHHATTISGARH,CHHATTISGARH,KABIRDHAM,0.0,14.0,-100.0,NR,550.0,680.4,-19.0,N,2026-08-28 18:18:01.474311
2026-08-28,2026-06-01,2026-08-28,district,CHHATTISGARH,CHHATTISGARH,KANKER,6.2,17.2,-64.0,LD,661.0,1063.9,-38.0,D,2026-08-28 18:18:01.474311
2026-08-28,2026-06-01,2026-08-28,district,CHHATTISGARH,CHHATTISGARH,KHAIRAGARH CHH GANDAI,1.3,11.2,-89.0,LD,582.2,573.4,2.0,N,2026-08-28 18:18:01.474311
2026-08-28,2026-06-01,2026-08-28,district,CHHATTISGARH,CHHATTISGARH,KONDAGAON,12.5,13.6,-8.0,N,758.2,912.4,-17.0,N,2026-08-28 18:18:01.474311
2026-08-28,2026-06-01,2026-08-28,district,CHHATTISGARH,CHHATTISGARH,KORBA,25.5,9.8,160.0,LE,938.6,987.3,-5.0,N,2026-08-28 18:18:01.474311
2026-08-28,2026-06-01,2026-08-28,district,CHHATTISGARH,CHHATTISGARH,KORIYA,2.4,17.3,-86.0,LD,702.0,881.6,-20.0,D,2026-08-28 18:18:01.474311
2026-08-28,2026-06-01,2026-08-28,district,CHHATTISGARH,CHHATTISGARH,MAHASAMUND,0.0,16.5,-100.0,NR,1016.6,825.0,23.0,E,2026-08-28 18:18:01.474311
2026-08-28,2026-06-01,2026-08-28,district,CHHATTISGARH,CHHATTISGARH,MANENDRAGARH BHARATPUR,3.4,17.3,-80.0,LD,910.4,881.5,3.0,N,2026-08-28 18:18:01.474311
2026-08-28,2026-06-01,2026-08-28,district,CHHATTISGARH,CHHATTISGARH,MOHALA MANPUR CHOWKI,6.8,14.6,-53.0,D,687.9,807.4,-15.0,N,2026-08-28 18:18:01.474311
2026-08-28,2026-06-01,2026-08-28,district,CHHATTISGARH,CHHATTISGARH,MUNGELI,0.0,9.0,-100.0,NR,999.5,738.2,35.0,E,2026-08-28 18:18:01.474311
2026-08-28,2026-06-01,2026-08-28,district,CHHATTISGARH,CHHATTISGARH,NARAYANPUR,21.5,14.6,47.0,E,1259.3,977.6,29.0,E,2026-08-28 18:18:01.474311
2026-08-28,2026-06-01,2026-08-28,district,CHHATTISGARH,CHHATTISGARH,RAIGARH,8.2,15.8,-48.0,D,893.7,923.5,-3.0,N,2026-08-28 18:18:01.474311
2026-08-28,2026-06-01,2026-08-28,district,CHHATTISGARH,CHHATTISGARH,RAIPUR,0.5,13.7,-97.0,LD,933.9,790.2,18.0,N,2026-08-28 18:18:01.474311
2026-08-28,2026-06-01,2026-08-28,district,CHHATTISGARH,CHHATTISGARH,RAJNANDGAON,3.4,12.4,-72.0,LD,704.1,817.2,-14.0,N,2026-08-28 18:18:01.474311
2026-08-28,2026-06-01,2026-08-28,district,CHHATTISGARH,CHHATTISGARH,SAKTI,10.3,18.1,-43.0,D,845.2,875.7,-3.0,N,2026-08-28 18:18:01.474311
2026-08-28,2026-06-01,2026-08-28,district,CHHATTISGARH,CHHATTISGARH,SARANGARH BILAIGARH,0.0,11.0,-99.0,LD,1085.6,715.3,52.0,E,2026-08-28 18:18:01.474311
2026-08-28,2026-06-01,2026-08-28,district,CHHATTISGARH,CHHATTISGARH,SUKMA,1.6,13.3,-88.0,LD,845.3,927.7,-9.0,N,2026-08-28 18:18:01.474311
2026-08-28,2026-06-01,2026-08-28,district,CHHATTISGARH,CHHATTISGARH,SURAJPUR,13.5,12.6,7.0,N,1016.2,935.6,9.0,N,2026-08-28 18:18:01.474311
2026-08-28,2026-06-01,2026-08-28,district,CHHATTISGARH,CHHATTISGARH,SURGUJA,11.1,11.4,-2.0,N,553.5,924.7,-40.0,D,2026-08-28 18:18:01.474311
2026-08-28,2026-06-01,2026-08-28,district,COASTAL A. P. & YANAM,ANDHRA PRADESH,ANAKAPALLI,0.0,4.5,-100.0,NR,265.7,429.3,-38.0,D,2026-08-28 18:18:01.474311
2026-08-28,2026-06-01,2026-08-28,district,COASTAL A. P. & YANAM,ANDHRA PRADESH,BAPATLA,0.0,3.8,-100.0,NR,159.1,374.8,-58.0,D,2026-08-28 18:18:01.474311
2026-08-28,2026-06-01,2026-08-28,district,COASTAL A. P. & YANAM,ANDHRA PRADESH,DR B R AMBEDKAR KONASEEMA,0.0,3.9,-100.0,NR,436.4,569.0,-23.0,D,2026-08-28 18:18:01.474311
2026-08-28,2026-06-01,2026-08-28,district,COASTAL A. P. & YANAM,ANDHRA PRADESH,EAST GODAVARI,0.0,4.8,-100.0,NR,318.8,531.4,-40.0,D,2026-08-28 18:18:01.474311
2026-08-28,2026-06-01,2026-08-28,district,COASTAL A. P. & YANAM,ANDHRA PRADESH,ELURU,6.0,6.2,-3.0,N,386.1,648.4,-40.0,D,2026-08-28 18:18:01.474311
2026-08-28,2026-06-01,2026-08-28,district,COASTAL A. P. & YANAM,ANDHRA PRADESH,GUNTUR,0.0,3.6,-100.0,NR,311.6,429.8,-27.0,D,2026-08-28 18:18:01.474311
2026-08-28,2026-06-01,2026-08-28,district,COASTAL A. P. & YANAM,ANDHRA PRADESH,KAKINADA,0.0,3.5,-100.0,NR,291.7,469.1,-38.0,D,2026-08-28 18:18:01.474311
2026-08-28,2026-06-01,2026-08-28,district,COASTAL A. P. & YANAM,ANDHRA PRADESH,KRISHNA,0.0,3.5,-100.0,NR,303.7,484.4,-37.0,D,2026-08-28 18:18:01.474311
2026-08-28,2026-06-01,2026-08-28,district,COASTAL A. P. & YANAM,ANDHRA PRADESH,NTR DISTRICT,0.5,7.5,-94.0,LD,341.9,524.6,-35.0,D,2026-08-28 18:18:01.474311
2026-08-28,2026-06-01,2026-08-28,district,COASTAL A. P. & YANAM,ANDHRA PRADESH,PALNADU,0.0,4.9,-100.0,NR,227.9,390.1,-42.0,D,2026-08-28 18:18:01.474311
2026-08-28,2026-06-01,2026-08-28,district,COASTAL A. P. & YANAM,ANDHRA PRADESH,PARVATHIPURAM MANYAM,0.0,6.7,-100.0,NR,350.8,559.1,-37.0,D,2026-08-28 18:18:01.474311
2026-08-28,2026-06-01,2026-08-28,district,COASTAL A. P. & YANAM,ANDHRA PRADESH,PRAKASAM,0.0,2.7,-100.0,NR,103.6,245.8,-58.0,D,2026-08-28 18:18:01.474311
2026-08-28,2026-06-01,2026-08-28,district,COASTAL A. P. & YANAM,ANDHRA PRADESH,SPSR NELLORE,0.0,1.7,-100.0,NR,136.7,221.6,-38.0,D,2026-08-28 18:18:01.474311
2026-08-28,2026-06-01,2026-08-28,district,COASTAL A. P. & YANAM,ANDHRA PRADESH,SRI ALLURI SITHARAMARAJU DISTRICT,0.2,8.2,-97.0,LD,358.8,681.4,-47.0,D,2026-08-28 18:18:01.474311
2026-08-28,2026-06-01,2026-08-28,district,COASTAL A. P. & YANAM,ANDHRA PRADESH,SRIKAKULAM,0.2,8.6,-98.0,LD,325.1,504.3,-36.0,D,2026-08-28 18:18:01.474311
2026-08-28,2026-06-01,2026-08-28,district,COASTAL A. P. & YANAM,ANDHRA PRADESH,VISHAKHAPATNAM,0.3,5.4,-95.0,LD,241.3,386.7,-38.0,D,2026-08-28 18:18:01.474311
2026-08-28,2026-06-01,2026-08-28,district,COASTAL A. P. & YANAM,ANDHRA PRADESH,VIZIANAGARAM,0.1,5.5,-98.0,LD,342.6,481.4,-29.0,D,2026-08-28 18:18:01.474311
2026-08-28,2026-06-01,2026-08-28,district,COASTAL A. P. & YANAM,ANDHRA PRADESH,WEST GODAVARI,2.4,4.8,-50.0,D,267.5,546.2,-51.0,D,2026-08-28 18:18:01.474311
2026-08-28,2026-06-01,2026-08-28,district,COASTAL A. P. & YANAM,PUDUCHERRY (UT),YANAM,0.0,3.3,-100.0,NR,285.4,526.1,-46.0,D,2026-08-28 18:18:01.474311
2026-08-28,2026-06-01,2026-08-28,district,COASTAL KARNATAKA,KARNATAKA,DAKSHINA KANNADA,17.0,18.5,-8.0,N,2381.6,2918.2,-18.0,N,2026-08-28 18:18:01.474311
2026-08-28,2026-06-01,2026-08-28,district,COASTAL KARNATAKA,KARNATAKA,UDUPI,13.0,20.0,-35.0,D,2458.5,3298.4,-25.0,D,2026-08-28 18:18:01.474311
2026-08-28,2026-06-01,2026-08-28,district,COASTAL KARNATAKA,KARNATAKA,UTTARA KANNADA,9.0,13.9,-35.0,D,1801.4,2419.7,-26.0,D,2026-08-28 18:18:01.474311
2026-08-28,2026-06-01,2026-08-28,district,EAST MADHYA PRADESH,MADHYA PRADESH,ANUPPUR,1.6,8.3,-81.0,LD,907.2,781.1,16.0,N,2026-08-28 18:18:01.474311
2026-08-28,2026-06-01,2026-08-28,district,EAST MADHYA PRADESH,MADHYA PRADESH,BALAGHAT,1.1,11.9,-91.0,LD,922.0,998.7,-8.0,N,2026-08-28 18:18:01.474311
2026-08-28,2026-06-01,2026-08-28,district,EAST MADHYA PRADESH,MADHYA PRADESH,CHHATARPUR,17.5,13.4,30.0,E,735.0,735.0,0.0,N,2026-08-28 18:18:01.474311
2026-08-28,2026-06-01,2026-08-28,district,EAST MADHYA PRADESH,MADHYA PRADESH,CHHINDWARA,10.6,9.6,11.0,N,637.6,807.6,-21.0,D,2026-08-28 18:18:01.474311
2026-08-28,2026-06-01,2026-08-28,district,EAST MADHYA PRADESH,MADHYA PRADESH,DAMOH,17.0,7.2,136.0,LE,769.6,871.2,-12.0,N,2026-08-28 18:18:01.474311
2026-08-28,2026-06-01,2026-08-28,district,EAST MADHYA PRADESH,MADHYA PRADESH,DINDORI,2.1,7.6,-72.0,LD,944.9,949.8,-1.0,N,2026-08-28 18:18:01.474311
2026-08-28,2026-06-01,2026-08-28,district,EAST MADHYA PRADESH,MADHYA PRADESH,JABALPUR,5.8,10.4,-44.0,D,753.3,892.0,-16.0,N,2026-08-28 18:18:01.474311
2026-08-28,2026-06-01,2026-08-28,district,EAST MADHYA PRADESH,MADHYA PRADESH,KATNI,6.7,6.5,4.0,N,686.6,752.8,-9.0,N,2026-08-28 18:18:01.474311
2026-08-28,2026-06-01,2026-08-28,district,EAST MADHYA PRADESH,MADHYA PRADESH,MAIHAR,2.3,9.9,-77.0,LD,714.3,765.8,-7.0,N,2026-08-28 18:18:01.474311
2026-08-28,2026-06-01,2026-08-28,district,EAST MADHYA PRADESH,MADHYA PRADESH,MANDLA,5.9,10.1,-41.0,D,919.2,961.6,-4.0,N,2026-08-28 18:18:01.474311
2026-08-28,2026-06-01,2026-08-28,district,EAST MADHYA PRADESH,MADHYA PRADESH,MAUGANJ,43.0,6.7,542.0,LE,1074.4,723.9,48.0,E,2026-08-28 18:18:01.474311
2026-08-28,2026-06-01,2026-08-28,district,EAST MADHYA PRADESH,MADHYA PRADESH,NARSINGHPUR,12.0,12.8,-6.0,N,721.4,815.9,-12.0,N,2026-08-28 18:18:01.474311
2026-08-28,2026-06-01,2026-08-28,district,EAST MADHYA PRADESH,MADHYA PRADESH,NIWARI,91.0,2.3,3857.0,LE,992.7,608.9,63.0,LE,2026-08-28 18:18:01.474311
2026-08-28,2026-06-01,2026-08-28,district,EAST MADHYA PRADESH,MADHYA PRADESH,PANDHURNA,2.5,9.4,-73.0,LD,511.6,624.0,-18.0,N,2026-08-28 18:18:01.474311
2026-08-28,2026-06-01,2026-08-28,district,EAST MADHYA PRADESH,MADHYA PRADESH,PANNA,12.7,8.7,46.0,E,819.1,842.9,-3.0,N,2026-08-28 18:18:01.474311
2026-08-28,2026-06-01,2026-08-28,district,EAST MADHYA PRADESH,MADHYA PRADESH,REWA,2.7,6.7,-60.0,LD,546.9,757.5,-28.0,D,2026-08-28 18:18:01.474311
2026-08-28,2026-06-01,2026-08-28,district,EAST MADHYA PRADESH,MADHYA PRADESH,SAGAR,23.7,8.8,169.0,LE,645.0,861.0,-25.0,D,2026-08-28 18:18:01.474311
2026-08-28,2026-06-01,2026-08-28,district,EAST MADHYA PRADESH,MADHYA PRADESH,SATNA,6.5,5.7,13.0,N,914.4,736.1,24.0,E,2026-08-28 18:18:01.474311
2026-08-28,2026-06-01,2026-08-28,district,EAST MADHYA PRADESH,MADHYA PRADESH,SEONI,0.5,9.4,-95.0,LD,688.0,810.3,-15.0,N,2026-08-28 18:18:01.474311
2026-08-28,2026-06-01,2026-08-28,district,EAST MADHYA PRADESH,MADHYA PRADESH,SHAHDOL,0.1,7.2,-98.0,LD,890.0,769.2,16.0,N,2026-08-28 18:18:01.474311
2026-08-28,2026-06-01,2026-08-28,district,EAST MADHYA PRADESH,MADHYA PRADESH,SIDHI,8.2,11.8,-31.0,D,895.8,778.0,15.0,N,2026-08-28 18:18:01.474311
2026-08-28,2026-06-01,2026-08-28,district,EAST MADHYA PRADESH,MADHYA PRADESH,SINGRAULI,3.3,9.6,-66.0,LD,809.1,807.6,0.0,N,2026-08-28 18:18:01.474311
2026-08-28,2026-06-01,2026-08-28,district,EAST MADHYA PRADESH,MADHYA PRADESH,TIKAMGARH,39.1,15.8,148.0,LE,736.1,744.2,-1.0,N,2026-08-28 18:18:01.474311
2026-08-28,2026-06-01,2026-08-28,district,EAST MADHYA PRADESH,MADHYA PRADESH,UMARIA,3.4,10.3,-67.0,LD,920.1,818.5,12.0,N,2026-08-28 18:18:01.474311
2026-08-28,2026-06-01,2026-08-28,district,EAST RAJASTHAN,RAJASTHAN,AJMER,0.0,3.9,-100.0,NR,329.4,383.2,-14.0,N,2026-08-28 18:18:01.474311
2026-08-28,2026-06-01,2026-08-28,district,EAST RAJASTHAN,RAJASTHAN,ALWAR,0.0,6.3,-100.0,NR,431.1,445.3,-3.0,N,2026-08-28 18:18:01.474311
2026-08-28,2026-06-01,2026-08-28,district,EAST RAJASTHAN,RAJASTHAN,BANSWARA,0.0,7.7,-100.0,NR,380.4,708.1,-46.0,D,2026-08-28 18:18:01.474311
2026-08-28,2026-06-01,2026-08-28,district,EAST RAJASTHAN,RAJASTHAN,BARAN,10.8,5.5,95.0,LE,526.8,695.3,-24.0,D,2026-08-28 18:18:01.474311
2026-08-28,2026-06-01,2026-08-28,district,EAST RAJASTHAN,RAJASTHAN,BHARATPUR,0.0,5.7,-100.0,NR,579.7,435.8,33.0,E,2026-08-28 18:18:01.474311
2026-08-28,2026-06-01,2026-08-28,district,EAST RAJASTHAN,RAJASTHAN,BHILWARA,0.0,4.8,-100.0,NR,362.1,506.2,-28.0,D,2026-08-28 18:18:01.474311
2026-08-28,2026-06-01,2026-08-28,district,EAST RAJASTHAN,RAJASTHAN,BUNDI,0.0,3.7,-100.0,NR,423.8,537.1,-21.0,D,2026-08-28 18:18:01.474311
2026-08-28,2026-06-01,2026-08-28,district,EAST RAJASTHAN,RAJASTHAN,CHITTORGARH,0.0,7.4,-100.0,NR,484.7,600.8,-19.0,N,2026-08-28 18:18:01.474311
2026-08-28,2026-06-01,2026-08-28,district,EAST RAJASTHAN,RAJASTHAN,DAUSA,0.0,4.3,-100.0,NR,483.2,491.5,-2.0,N,2026-08-28 18:18:01.474311
2026-08-28,2026-06-01,2026-08-28,district,EAST RAJASTHAN,RAJASTHAN,DHOLPUR,6.5,4.5,44.0,E,531.8,469.9,13.0,N,2026-08-28 18:18:01.474311
2026-08-28,2026-06-01,2026-08-28,district,EAST RAJASTHAN,RAJASTHAN,DUNGARPUR,0.0,6.5,-100.0,NR,340.8,573.6,-41.0,D,2026-08-28 18:18:01.474311
2026-08-28,2026-06-01,2026-08-28,district,EAST RAJASTHAN,RAJASTHAN,JAIPUR,0.0,4.1,-100.0,NR,322.6,440.8,-27.0,D,2026-08-28 18:18:01.474311
2026-08-28,2026-06-01,2026-08-28,district,EAST RAJASTHAN,RAJASTHAN,JHALAWAR,5.1,5.6,-9.0,N,623.9,720.5,-13.0,N,2026-08-28 18:18:01.474311
2026-08-28,2026-06-01,2026-08-28,district,EAST RAJASTHAN,RAJASTHAN,JHUNJHUNU,0.0,3.3,-100.0,NR,393.2,343.1,15.0,N,2026-08-28 18:18:01.474311
2026-08-28,2026-06-01,2026-08-28,district,EAST RAJASTHAN,RAJASTHAN,KARAULI,0.3,3.6,-91.0,LD,407.2,498.0,-18.0,N,2026-08-28 18:18:01.474311
2026-08-28,2026-06-01,2026-08-28,district,EAST RAJASTHAN,RAJASTHAN,KOTA,0.1,4.4,-97.0,LD,444.7,613.7,-28.0,D,2026-08-28 18:18:01.474311
2026-08-28,2026-06-01,2026-08-28,district,EAST RAJASTHAN,RAJASTHAN,PRATAPGARH,0.0,9.7,-100.0,NR,617.0,743.5,-17.0,N,2026-08-28 18:18:01.474311
2026-08-28,2026-06-01,2026-08-28,district,EAST RAJASTHAN,RAJASTHAN,RAJSAMAND,0.0,5.5,-100.0,NR,309.3,441.8,-30.0,D,2026-08-28 18:18:01.474311
2026-08-28,2026-06-01,2026-08-28,district,EAST RAJASTHAN,RAJASTHAN,SAWAI MADHOPUR,0.0,4.0,-100.0,NR,383.1,560.8,-32.0,D,2026-08-28 18:18:01.474311
2026-08-28,2026-06-01,2026-08-28,district,EAST RAJASTHAN,RAJASTHAN,SIKAR,0.0,2.4,-100.0,NR,330.7,350.7,-6.0,N,2026-08-28 18:18:01.474311
2026-08-28,2026-06-01,2026-08-28,district,EAST RAJASTHAN,RAJASTHAN,SIROHI,0.0,6.4,-100.0,NR,415.4,714.6,-42.0,D,2026-08-28 18:18:01.474311
2026-08-28,2026-06-01,2026-08-28,district,EAST RAJASTHAN,RAJASTHAN,TONK,0.0,3.3,-100.0,NR,398.6,480.3,-17.0,N,2026-08-28 18:18:01.474311
2026-08-28,2026-06-01,2026-08-28,district,EAST RAJASTHAN,RAJASTHAN,UDAIPUR,0.0,5.6,-100.0,NR,339.4,499.7,-32.0,D,2026-08-28 18:18:01.474311
2026-08-28,2026-06-01,2026-08-28,district,EAST UTTAR PRADESH,UTTAR PRADESH,AMBEDKAR NAGAR,1.4,5.1,-74.0,LD,530.1,644.3,-18.0,N,2026-08-28 18:18:01.474311
2026-08-28,2026-06-01,2026-08-28,district,EAST UTTAR PRADESH,UTTAR PRADESH,AMETHI,10.5,3.6,192.0,LE,287.7,515.5,-44.0,D,2026-08-28 18:18:01.474311
2026-08-28,2026-06-01,2026-08-28,district,EAST UTTAR PRADESH,UTTAR PRADESH,AYODHYA,9.5,3.9,144.0,LE,524.7,652.2,-20.0,D,2026-08-28 18:18:01.474311
2026-08-28,2026-06-01,2026-08-28,district,EAST UTTAR PRADESH,UTTAR PRADESH,AZAMGARH,6.1,7.0,-12.0,N,471.9,634.2,-26.0,D,2026-08-28 18:18:01.474311
2026-08-28,2026-06-01,2026-08-28,district,EAST UTTAR PRADESH,UTTAR PRADESH,BAHRAICH,15.0,7.8,93.0,LE,815.1,758.1,8.0,N,2026-08-28 18:18:01.474311
2026-08-28,2026-06-01,2026-08-28,district,EAST UTTAR PRADESH,UTTAR PRADESH,BALLIA,0.0,6.8,-100.0,NR,443.7,558.2,-21.0,D,2026-08-28 18:18:01.474311
2026-08-28,2026-06-01,2026-08-28,district,EAST UTTAR PRADESH,UTTAR PRADESH,BALRAMPUR,1.8,7.5,-76.0,LD,524.0,629.3,-17.0,N,2026-08-28 18:18:01.474311
2026-08-28,2026-06-01,2026-08-28,district,EAST UTTAR PRADESH,UTTAR PRADESH,BANDA,68.5,4.6,1388.0,LE,789.8,596.7,32.0,E,2026-08-28 18:18:01.474311
2026-08-28,2026-06-01,2026-08-28,district,EAST UTTAR PRADESH,UTTAR PRADESH,BARABANKI,15.4,5.8,166.0,LE,615.7,616.0,0.0,N,2026-08-28 18:18:01.474311
2026-08-28,2026-06-01,2026-08-28,district,EAST UTTAR PRADESH,UTTAR PRADESH,BASTI,6.2,3.0,107.0,LE,464.7,637.7,-27.0,D,2026-08-28 18:18:01.474311
2026-08-28,2026-06-01,2026-08-28,district,EAST UTTAR PRADESH,UTTAR PRADESH,BHADOHI,7.5,7.2,4.0,N,213.9,608.0,-65.0,LD,2026-08-28 18:18:01.474311
2026-08-28,2026-06-01,2026-08-28,district,EAST UTTAR PRADESH,UTTAR PRADESH,CHANDAULI,11.0,7.5,47.0,E,431.0,549.9,-22.0,D,2026-08-28 18:18:01.474311
2026-08-28,2026-06-01,2026-08-28,district,EAST UTTAR PRADESH,UTTAR PRADESH,CHITRAKOOT,23.0,4.9,369.0,LE,902.6,613.6,47.0,E,2026-08-28 18:18:01.474311
2026-08-28,2026-06-01,2026-08-28,district,EAST UTTAR PRADESH,UTTAR PRADESH,DEORIA,0.0,5.5,-100.0,NR,163.5,612.0,-73.0,LD,2026-08-28 18:18:01.474311
2026-08-28,2026-06-01,2026-08-28,district,EAST UTTAR PRADESH,UTTAR PRADESH,FARRUKHABAD,3.6,6.8,-47.0,D,444.8,565.4,-21.0,D,2026-08-28 18:18:01.474311
2026-08-28,2026-06-01,2026-08-28,district,EAST UTTAR PRADESH,UTTAR PRADESH,FATEHPUR,29.8,3.8,683.0,LE,406.4,537.4,-24.0,D,2026-08-28 18:18:01.474311
2026-08-28,2026-06-01,2026-08-28,district,EAST UTTAR PRADESH,UTTAR PRADESH,GHAZIPUR,12.3,5.7,115.0,LE,395.3,586.3,-33.0,D,2026-08-28 18:18:01.474311
2026-08-28,2026-06-01,2026-08-28,district,EAST UTTAR PRADESH,UTTAR PRADESH,GONDA,0.7,3.9,-83.0,LD,600.6,674.1,-11.0,N,2026-08-28 18:18:01.474311
2026-08-28,2026-06-01,2026-08-28,district,EAST UTTAR PRADESH,UTTAR PRADESH,GORAKHPUR,0.0,10.7,-100.0,NR,638.9,965.0,-34.0,D,2026-08-28 18:18:01.474311
2026-08-28,2026-06-01,2026-08-28,district,EAST UTTAR PRADESH,UTTAR PRADESH,HARDOI,11.9,5.0,137.0,LE,420.7,508.9,-17.0,N,2026-08-28 18:18:01.474311
2026-08-28,2026-06-01,2026-08-28,district,EAST UTTAR PRADESH,UTTAR PRADESH,JAUNPUR,2.1,5.8,-63.0,LD,212.8,530.2,-60.0,LD,2026-08-28 18:18:01.474311
2026-08-28,2026-06-01,2026-08-28,district,EAST UTTAR PRADESH,UTTAR PRADESH,KANNAUJ,3.1,5.2,-40.0,D,652.6,512.4,27.0,E,2026-08-28 18:18:01.474311
2026-08-28,2026-06-01,2026-08-28,district,EAST UTTAR PRADESH,UTTAR PRADESH,KANPUR CITY,34.9,2.7,1194.0,LE,672.9,483.3,39.0,E,2026-08-28 18:18:01.474311
2026-08-28,2026-06-01,2026-08-28,district,EAST UTTAR PRADESH,UTTAR PRADESH,KANPUR DEHAT,3.4,5.0,-32.0,D,161.1,444.7,-64.0,LD,2026-08-28 18:18:01.474311
2026-08-28,2026-06-01,2026-08-28,district,EAST UTTAR PRADESH,UTTAR PRADESH,KAUSHAMBI,10.6,2.7,293.0,LE,228.1,430.7,-47.0,D,2026-08-28 18:18:01.474311
2026-08-28,2026-06-01,2026-08-28,district,EAST UTTAR PRADESH,UTTAR PRADESH,KHERI,0.2,5.4,-97.0,LD,676.2,711.1,-5.0,N,2026-08-28 18:18:01.474311
2026-08-28,2026-06-01,2026-08-28,district,EAST UTTAR PRADESH,UTTAR PRADESH,KUSHI NAGAR,1.0,6.2,-84.0,LD,201.1,578.6,-65.0,LD,2026-08-28 18:18:01.474311
2026-08-28,2026-06-01,2026-08-28,district,EAST UTTAR PRADESH,UTTAR PRADESH,LUCKNOW,9.4,6.8,38.0,E,488.9,503.4,-3.0,N,2026-08-28 18:18:01.474311
2026-08-28,2026-06-01,2026-08-28,district,EAST UTTAR PRADESH,UTTAR PRADESH,MAHARAJGANJ,0.0,10.7,-100.0,NR,591.4,786.4,-25.0,D,2026-08-28 18:18:01.474311
2026-08-28,2026-06-01,2026-08-28,district,EAST UTTAR PRADESH,UTTAR PRADESH,MAU,1.0,5.3,-81.0,LD,213.5,612.2,-65.0,LD,2026-08-28 18:18:01.474311
2026-08-28,2026-06-01,2026-08-28,district,EAST UTTAR PRADESH,UTTAR PRADESH,MIRZAPUR,2.8,10.1,-72.0,LD,706.5,663.1,7.0,N,2026-08-28 18:18:01.474311
2026-08-28,2026-06-01,2026-08-28,district,EAST UTTAR PRADESH,UTTAR PRADESH,PRATAPGARH,6.0,5.3,13.0,N,634.8,581.7,9.0,N,2026-08-28 18:18:01.474311
2026-08-28,2026-06-01,2026-08-28,district,EAST UTTAR PRADESH,UTTAR PRADESH,PRAYAGRAJ,14.1,4.6,207.0,LE,726.8,546.2,33.0,E,2026-08-28 18:18:01.474311
2026-08-28,2026-06-01,2026-08-28,district,EAST UTTAR PRADESH,UTTAR PRADESH,RAE BAREILLY,19.6,3.2,513.0,LE,266.6,328.8,-19.0,N,2026-08-28 18:18:01.474311
2026-08-28,2026-06-01,2026-08-28,district,EAST UTTAR PRADESH,UTTAR PRADESH,SANT KABIR NAGAR,1.0,5.6,-82.0,LD,388.2,789.6,-51.0,D,2026-08-28 18:18:01.474311
2026-08-28,2026-06-01,2026-08-28,district,EAST UTTAR PRADESH,UTTAR PRADESH,SHRAWASTI,5.8,6.4,-9.0,N,552.5,859.7,-36.0,D,2026-08-28 18:18:01.474311
2026-08-28,2026-06-01,2026-08-28,district,EAST UTTAR PRADESH,UTTAR PRADESH,SIDDHARTH NAGAR,0.4,8.8,-96.0,LD,514.7,826.8,-38.0,D,2026-08-28 18:18:01.474311
2026-08-28,2026-06-01,2026-08-28,district,EAST UTTAR PRADESH,UTTAR PRADESH,SITAPUR,19.3,5.5,251.0,LE,366.9,626.4,-41.0,D,2026-08-28 18:18:01.474311
2026-08-28,2026-06-01,2026-08-28,district,EAST UTTAR PRADESH,UTTAR PRADESH,SONBHADRA,7.5,7.8,-4.0,N,639.5,660.0,-3.0,N,2026-08-28 18:18:01.474311
2026-08-28,2026-06-01,2026-08-28,district,EAST UTTAR PRADESH,UTTAR PRADESH,SULTANPUR,2.3,4.6,-49.0,D,587.6,617.7,-5.0,N,2026-08-28 18:18:01.474311
2026-08-28,2026-06-01,2026-08-28,district,EAST UTTAR PRADESH,UTTAR PRADESH,UNNAO,8.4,4.4,91.0,LE,341.2,487.0,-30.0,D,2026-08-28 18:18:01.474311
2026-08-28,2026-06-01,2026-08-28,district,EAST UTTAR PRADESH,UTTAR PRADESH,VARANASI,8.3,7.3,13.0,N,600.2,591.3,1.0,N,2026-08-28 18:18:01.474311
2026-08-28,2026-06-01,2026-08-28,district,GANGETIC WEST BENGAL,WEST BENGAL,BANKURA,9.1,11.7,-23.0,D,924.9,884.8,5.0,N,2026-08-28 18:18:01.474311
2026-08-28,2026-06-01,2026-08-28,district,GANGETIC WEST BENGAL,WEST BENGAL,BIRBHUM,15.3,8.2,87.0,LE,669.8,844.1,-21.0,D,2026-08-28 18:18:01.474311
2026-08-28,2026-06-01,2026-08-28,district,GANGETIC WEST BENGAL,WEST BENGAL,EAST MIDNAPORE,1.9,13.5,-86.0,LD,1471.1,938.3,57.0,E,2026-08-28 18:18:01.474311
2026-08-28,2026-06-01,2026-08-28,district,GANGETIC WEST BENGAL,WEST BENGAL,HOOGHLY,0.9,6.7,-86.0,LD,824.5,794.8,4.0,N,2026-08-28 18:18:01.474311
2026-08-28,2026-06-01,2026-08-28,district,GANGETIC WEST BENGAL,WEST BENGAL,HOWRAH,32.0,10.2,214.0,LE,969.0,870.1,11.0,N,2026-08-28 18:18:01.474311
2026-08-28,2026-06-01,2026-08-28,district,GANGETIC WEST BENGAL,WEST BENGAL,JHARGRAM,27.8,10.0,178.0,LE,893.2,883.3,1.0,N,2026-08-28 18:18:01.474311
2026-08-28,2026-06-01,2026-08-28,district,GANGETIC WEST BENGAL,WEST BENGAL,KOLKATA,12.6,12.2,3.0,N,1108.5,1006.2,10.0,N,2026-08-28 18:18:01.474311
2026-08-28,2026-06-01,2026-08-28,district,GANGETIC WEST BENGAL,WEST BENGAL,MURSHIDABAD,10.3,7.4,39.0,E,576.9,742.7,-22.0,D,2026-08-28 18:18:01.474311
2026-08-28,2026-06-01,2026-08-28,district,GANGETIC WEST BENGAL,WEST BENGAL,NADIA,0.1,8.1,-99.0,LD,558.1,712.7,-22.0,D,2026-08-28 18:18:01.474311
2026-08-28,2026-06-01,2026-08-28,district,GANGETIC WEST BENGAL,WEST BENGAL,NORTH 24 PARGANAS,2.6,7.9,-67.0,LD,1071.0,873.5,23.0,E,2026-08-28 18:18:01.474311
2026-08-28,2026-06-01,2026-08-28,district,GANGETIC WEST BENGAL,WEST BENGAL,PASCHIM BARDHAMAN,9.4,9.9,-5.0,N,848.7,832.3,2.0,N,2026-08-28 18:18:01.474311
2026-08-28,2026-06-01,2026-08-28,district,GANGETIC WEST BENGAL,WEST BENGAL,PURBA BARDHAMAN,14.4,9.4,53.0,E,726.6,788.6,-8.0,N,2026-08-28 18:18:01.474311
2026-08-28,2026-06-01,2026-08-28,district,GANGETIC WEST BENGAL,WEST BENGAL,PURULIA,22.8,8.3,175.0,LE,714.3,830.6,-14.0,N,2026-08-28 18:18:01.474311
2026-08-28,2026-06-01,2026-08-28,district,GANGETIC WEST BENGAL,WEST BENGAL,SOUTH 24 PARGANAS,3.4,11.1,-69.0,LD,1287.1,1098.1,17.0,N,2026-08-28 18:18:01.474311
2026-08-28,2026-06-01,2026-08-28,district,GANGETIC WEST BENGAL,WEST BENGAL,WEST MIDNAPORE,24.8,10.0,148.0,LE,1263.3,883.3,43.0,E,2026-08-28 18:18:01.474311
2026-08-28,2026-06-01,2026-08-28,district,GUJARAT REGION,DADRA & NAGAR HAVELI AND DAMAN & DIU (UT),DADARA & NAGAR HAVELI,5.1,27.1,-81.0,LD,2910.6,1890.6,54.0,E,2026-08-28 18:18:01.474311
2026-08-28,2026-06-01,2026-08-28,district,GUJARAT REGION,DADRA & NAGAR HAVELI AND DAMAN & DIU (UT),DAMAN,0.8,27.1,-97.0,LD,2654.6,1890.6,40.0,E,2026-08-28 18:18:01.474311
2026-08-28,2026-06-01,2026-08-28,district,GUJARAT REGION,GUJARAT,AHMEDABAD,0.0,5.8,-100.0,NR,539.6,533.9,1.0,N,2026-08-28 18:18:01.474311
2026-08-28,2026-06-01,2026-08-28,district,GUJARAT REGION,GUJARAT,ANAND,0.0,7.5,-100.0,NR,759.8,672.3,13.0,N,2026-08-28 18:18:01.474311
2026-08-28,2026-06-01,2026-08-28,district,GUJARAT REGION,GUJARAT,ARAVALLI,0.0,6.1,-100.0,NR,386.9,678.8,-43.0,D,2026-08-28 18:18:01.474311
2026-08-28,2026-06-01,2026-08-28,district,GUJARAT REGION,GUJARAT,BANASKANTHA,0.0,5.8,-100.0,NR,379.3,487.0,-22.0,D,2026-08-28 18:18:01.474311
2026-08-28,2026-06-01,2026-08-28,district,GUJARAT REGION,GUJARAT,BHARUCH,0.0,5.8,-100.0,NR,747.1,579.9,29.0,E,2026-08-28 18:18:01.474311
2026-08-28,2026-06-01,2026-08-28,district,GUJARAT REGION,GUJARAT,CHHOTA UDEPUR,0.0,11.1,-100.0,NR,596.3,790.2,-25.0,D,2026-08-28 18:18:01.474311
2026-08-28,2026-06-01,2026-08-28,district,GUJARAT REGION,GUJARAT,DAHOD,0.0,8.0,-100.0,NR,369.4,631.6,-42.0,D,2026-08-28 18:18:01.474311
2026-08-28,2026-06-01,2026-08-28,district,GUJARAT REGION,GUJARAT,DANGS,2.1,14.8,-86.0,LD,2313.3,1822.8,27.0,E,2026-08-28 18:18:01.474311
2026-08-28,2026-06-01,2026-08-28,district,GUJARAT REGION,GUJARAT,GANDHINAGAR,0.0,10.3,-100.0,NR,469.3,619.5,-24.0,D,2026-08-28 18:18:01.474311
2026-08-28,2026-06-01,2026-08-28,district,GUJARAT REGION,GUJARAT,KHEDA,0.0,9.1,-100.0,NR,867.4,657.7,32.0,E,2026-08-28 18:18:01.474311
2026-08-28,2026-06-01,2026-08-28,district,GUJARAT REGION,GUJARAT,MAHISAGAR,0.0,7.9,-100.0,NR,682.2,653.2,4.0,N,2026-08-28 18:18:01.474311
2026-08-28,2026-06-01,2026-08-28,district,GUJARAT REGION,GUJARAT,MEHSANA,0.0,8.7,-100.0,NR,448.4,566.0,-21.0,D,2026-08-28 18:18:01.474311
2026-08-28,2026-06-01,2026-08-28,district,GUJARAT REGION,GUJARAT,NARMADA,0.0,10.9,-100.0,NR,866.4,844.3,3.0,N,2026-08-28 18:18:01.474311
2026-08-28,2026-06-01,2026-08-28,district,GUJARAT REGION,GUJARAT,NAVSARI,0.0,13.3,-100.0,NR,2247.1,1499.7,50.0,E,2026-08-28 18:18:01.474311
2026-08-28,2026-06-01,2026-08-28,district,GUJARAT REGION,GUJARAT,PANCHMAHAL,0.0,9.8,-100.0,NR,698.6,751.5,-7.0,N,2026-08-28 18:18:01.474311
2026-08-28,2026-06-01,2026-08-28,district,GUJARAT REGION,GUJARAT,PATAN,0.0,4.2,-100.0,NR,406.7,452.7,-10.0,N,2026-08-28 18:18:01.474311
2026-08-28,2026-06-01,2026-08-28,district,GUJARAT REGION,GUJARAT,SABARKANTHA,0.0,7.1,-100.0,NR,410.2,678.4,-40.0,D,2026-08-28 18:18:01.474311
2026-08-28,2026-06-01,2026-08-28,district,GUJARAT REGION,GUJARAT,SURAT,0.0,11.5,-100.0,NR,1460.4,1050.7,39.0,E,2026-08-28 18:18:01.474311
2026-08-28,2026-06-01,2026-08-28,district,GUJARAT REGION,GUJARAT,TAPI,0.0,12.6,-100.0,NR,1299.4,1144.2,14.0,N,2026-08-28 18:18:01.474311
2026-08-28,2026-06-01,2026-08-28,district,GUJARAT REGION,GUJARAT,VADODARA,0.0,7.6,-100.0,NR,530.0,717.9,-26.0,D,2026-08-28 18:18:01.474311
2026-08-28,2026-06-01,2026-08-28,district,GUJARAT REGION,GUJARAT,VALSAD,3.1,15.2,-80.0,LD,2696.1,1699.9,59.0,E,2026-08-28 18:18:01.474311
2026-08-28,2026-06-01,2026-08-28,district,HAR. CHD & DELHI,CHANDIGARH (UT),CHANDIGARH,0.1,9.7,-99.0,LD,596.3,699.2,-15.0,N,2026-08-28 18:18:01.474311
2026-08-28,2026-06-01,2026-08-28,district,HAR. CHD & DELHI,DELHI,CENTRAL DELHI,10.9,7.9,38.0,E,693.2,523.1,33.0,E,2026-08-28 18:18:01.474311
2026-08-28,2026-06-01,2026-08-28,district,HAR. CHD & DELHI,DELHI,NEW DELHI,0.0,7.6,-100.0,NR,483.1,498.8,-3.0,N,2026-08-28 18:18:01.474311
2026-08-28,2026-06-01,2026-08-28,district,HAR. CHD & DELHI,DELHI,NORTH EAST DELHI,8.0,7.9,1.0,N,511.4,523.1,-2.0,N,2026-08-28 18:18:01.474311
2026-08-28,2026-06-01,2026-08-28,district,HAR. CHD & DELHI,DELHI,NORTH WEST DELHI,0.0,4.5,-100.0,NR,395.5,316.1,25.0,E,2026-08-28 18:18:01.474311
2026-08-28,2026-06-01,2026-08-28,district,HAR. CHD & DELHI,DELHI,SOUTH DELHI,0.1,7.9,-99.0,LD,521.1,523.1,0.0,N,2026-08-28 18:18:01.474311
2026-08-28,2026-06-01,2026-08-28,district,HAR. CHD & DELHI,DELHI,SOUTH EAST DELHI,0.0,7.9,-100.0,NR,620.9,523.1,19.0,N,2026-08-28 18:18:01.474311
2026-08-28,2026-06-01,2026-08-28,district,HAR. CHD & DELHI,DELHI,SOUTH WEST DELHI,0.0,3.9,-100.0,NR,382.1,428.0,-11.0,N,2026-08-28 18:18:01.474311
2026-08-28,2026-06-01,2026-08-28,district,HAR. CHD & DELHI,DELHI,WEST DELHI,0.0,8.2,-100.0,NR,613.8,475.7,29.0,E,2026-08-28 18:18:01.474311
2026-08-28,2026-06-01,2026-08-28,district,HAR. CHD & DELHI,HARYANA,AMBALA,5.3,12.3,-57.0,D,332.4,660.5,-50.0,D,2026-08-28 18:18:01.474311
2026-08-28,2026-06-01,2026-08-28,district,HAR. CHD & DELHI,HARYANA,BHIWANI,0.0,4.4,-100.0,NR,260.8,241.0,8.0,N,2026-08-28 18:18:01.474311
2026-08-28,2026-06-01,2026-08-28,district,HAR. CHD & DELHI,HARYANA,CHARKHI DADRI,0.0,8.3,-100.0,NR,325.7,330.7,-2.0,N,2026-08-28 18:18:01.474311
2026-08-28,2026-06-01,2026-08-28,district,HAR. CHD & DELHI,HARYANA,FARIDABAD,1.0,4.7,-79.0,LD,491.7,430.4,14.0,N,2026-08-28 18:18:01.474311
2026-08-28,2026-06-01,2026-08-28,district,HAR. CHD & DELHI,HARYANA,FATEHABAD,0.0,2.4,-100.0,NR,211.8,207.3,2.0,N,2026-08-28 18:18:01.474311
2026-08-28,2026-06-01,2026-08-28,district,HAR. CHD & DELHI,HARYANA,GURGAON,0.3,5.8,-96.0,LD,408.5,396.7,3.0,N,2026-08-28 18:18:01.474311
2026-08-28,2026-06-01,2026-08-28,district,HAR. CHD & DELHI,HARYANA,HISAR,0.0,2.1,-100.0,NR,199.8,240.5,-17.0,N,2026-08-28 18:18:01.474311
2026-08-28,2026-06-01,2026-08-28,district,HAR. CHD & DELHI,HARYANA,JHAJJAR,0.0,5.0,-100.0,NR,285.1,302.6,-6.0,N,2026-08-28 18:18:01.474311
2026-08-28,2026-06-01,2026-08-28,district,HAR. CHD & DELHI,HARYANA,JIND,0.0,4.5,-100.0,NR,133.9,306.5,-56.0,D,2026-08-28 18:18:01.474311
2026-08-28,2026-06-01,2026-08-28,district,HAR. CHD & DELHI,HARYANA,KAITHAL,0.0,8.3,-100.0,NR,150.7,294.5,-49.0,D,2026-08-28 18:18:01.474311
2026-08-28,2026-06-01,2026-08-28,district,HAR. CHD & DELHI,HARYANA,KARNAL,0.6,8.8,-93.0,LD,249.2,415.3,-40.0,D,2026-08-28 18:18:01.474311
2026-08-28,2026-06-01,2026-08-28,district,HAR. CHD & DELHI,HARYANA,KURUKSHETRA,0.0,11.2,-100.0,NR,346.6,326.6,6.0,N,2026-08-28 18:18:01.474311
2026-08-28,2026-06-01,2026-08-28,district,HAR. CHD & DELHI,HARYANA,MAHENDRAGARH,0.0,5.7,-100.0,NR,286.7,333.2,-14.0,N,2026-08-28 18:18:01.474311
2026-08-28,2026-06-01,2026-08-28,district,HAR. CHD & DELHI,HARYANA,NUH,0.0,6.4,-100.0,NR,388.1,374.3,4.0,N,2026-08-28 18:18:01.474311
2026-08-28,2026-06-01,2026-08-28,district,HAR. CHD & DELHI,HARYANA,PALWAL,0.1,3.4,-97.0,LD,397.7,315.5,26.0,E,2026-08-28 18:18:01.474311
2026-08-28,2026-06-01,2026-08-28,district,HAR. CHD & DELHI,HARYANA,PANCHKULA,1.5,7.3,-79.0,LD,385.5,692.8,-44.0,D,2026-08-28 18:18:01.474311
2026-08-28,2026-06-01,2026-08-28,district,HAR. CHD & DELHI,HARYANA,PANIPAT,0.0,8.7,-100.0,NR,281.2,357.0,-21.0,D,2026-08-28 18:18:01.474311
2026-08-28,2026-06-01,2026-08-28,district,HAR. CHD & DELHI,HARYANA,REWARI,0.0,5.6,-100.0,NR,336.5,347.5,-3.0,N,2026-08-28 18:18:01.474311
2026-08-28,2026-06-01,2026-08-28,district,HAR. CHD & DELHI,HARYANA,ROHTAK,0.0,6.6,-100.0,NR,217.5,378.6,-43.0,D,2026-08-28 18:18:01.474311
2026-08-28,2026-06-01,2026-08-28,district,HAR. CHD & DELHI,HARYANA,SIRSA,0.0,0.8,-100.0,NR,86.0,174.4,-51.0,D,2026-08-28 18:18:01.474311
2026-08-28,2026-06-01,2026-08-28,district,HAR. CHD & DELHI,HARYANA,SONEPAT,1.5,8.7,-83.0,LD,284.6,373.9,-24.0,D,2026-08-28 18:18:01.474311
2026-08-28,2026-06-01,2026-08-28,district,HAR. CHD & DELHI,HARYANA,YAMUNA NAGAR,10.0,10.0,0.0,N,678.0,736.2,-8.0,N,2026-08-28 18:18:01.474311
2026-08-28,2026-06-01,2026-08-28,district,HIMACHAL PRADESH,HIMACHAL PRADESH,BILASPUR,13.6,15.7,-13.0,N,691.2,671.1,3.0,N,2026-08-28 18:18:01.474311
2026-08-28,2026-06-01,2026-08-28,district,HIMACHAL PRADESH,HIMACHAL PRADESH,CHAMBA,0.0,8.1,-100.0,NR,638.9,703.6,-9.0,N,2026-08-28 18:18:01.474311
2026-08-28,2026-06-01,2026-08-28,district,HIMACHAL PRADESH,HIMACHAL PRADESH,HAMIRPUR,4.6,7.7,-40.0,D,517.3,819.5,-37.0,D,2026-08-28 18:18:01.474311
2026-08-28,2026-06-01,2026-08-28,district,HIMACHAL PRADESH,HIMACHAL PRADESH,KANGRA,11.2,12.1,-7.0,N,1267.7,1366.4,-7.0,N,2026-08-28 18:18:01.474311
2026-08-28,2026-06-01,2026-08-28,district,HIMACHAL PRADESH,HIMACHAL PRADESH,KINNAUR,0.3,2.3,-88.0,LD,199.3,179.9,11.0,N,2026-08-28 18:18:01.474311
2026-08-28,2026-06-01,2026-08-28,district,HIMACHAL PRADESH,HIMACHAL PRADESH,KULLU,0.0,5.1,-100.0,NR,473.6,440.9,7.0,N,2026-08-28 18:18:01.474311
2026-08-28,2026-06-01,2026-08-28,district,HIMACHAL PRADESH,HIMACHAL PRADESH,LAHAUL & SPITI,0.0,3.7,-100.0,NR,110.4,286.6,-61.0,LD,2026-08-28 18:18:01.474311
2026-08-28,2026-06-01,2026-08-28,district,HIMACHAL PRADESH,HIMACHAL PRADESH,MANDI,2.3,7.8,-70.0,LD,837.5,932.2,-10.0,N,2026-08-28 18:18:01.474311
2026-08-28,2026-06-01,2026-08-28,district,HIMACHAL PRADESH,HIMACHAL PRADESH,SHIMLA,0.2,5.4,-96.0,LD,641.6,505.7,27.0,E,2026-08-28 18:18:01.474311
2026-08-28,2026-06-01,2026-08-28,district,HIMACHAL PRADESH,HIMACHAL PRADESH,SIRMAUR,11.3,12.2,-8.0,N,1066.1,981.4,9.0,N,2026-08-28 18:18:01.474311
2026-08-28,2026-06-01,2026-08-28,district,HIMACHAL PRADESH,HIMACHAL PRADESH,SOLAN,2.7,7.8,-66.0,LD,704.8,712.4,-1.0,N,2026-08-28 18:18:01.474311
2026-08-28,2026-06-01,2026-08-28,district,HIMACHAL PRADESH,HIMACHAL PRADESH,UNA,9.6,9.6,0.0,N,672.8,785.0,-14.0,N,2026-08-28 18:18:01.474311
2026-08-28,2026-06-01,2026-08-28,district,J & K AND LADAKH,JAMMU & KASHMIR(UT),ANANTNAG,0.0,4.5,-100.0,NR,277.9,250.8,11.0,N,2026-08-28 18:18:01.474311
2026-08-28,2026-06-01,2026-08-28,district,J & K AND LADAKH,JAMMU & KASHMIR(UT),BADGAM,0.0,2.2,-100.0,NR,127.9,164.0,-22.0,D,2026-08-28 18:18:01.474311
2026-08-28,2026-06-01,2026-08-28,district,J & K AND LADAKH,JAMMU & KASHMIR(UT),BANDIPORA,0.0,2.5,-100.0,NR,192.2,178.2,8.0,N,2026-08-28 18:18:01.474311
2026-08-28,2026-06-01,2026-08-28,district,J & K AND LADAKH,JAMMU & KASHMIR(UT),BARAMULA,0.0,5.0,-100.0,NR,270.0,172.1,57.0,E,2026-08-28 18:18:01.474311
2026-08-28,2026-06-01,2026-08-28,district,J & K AND LADAKH,JAMMU & KASHMIR(UT),DODA,11.2,5.9,89.0,LE,360.3,338.8,6.0,N,2026-08-28 18:18:01.474311
2026-08-28,2026-06-01,2026-08-28,district,J & K AND LADAKH,JAMMU & KASHMIR(UT),GANDERBAL,0.0,6.6,-100.0,NR,302.8,210.3,44.0,E,2026-08-28 18:18:01.474311
2026-08-28,2026-06-01,2026-08-28,district,J & K AND LADAKH,JAMMU & KASHMIR(UT),JAMMU,0.1,8.6,-99.0,LD,693.9,795.4,-13.0,N,2026-08-28 18:18:01.474311
2026-08-28,2026-06-01,2026-08-28,district,J & K AND LADAKH,JAMMU & KASHMIR(UT),KATHUA,2.4,12.9,-82.0,LD,902.1,1027.0,-12.0,N,2026-08-28 18:18:01.474311
2026-08-28,2026-06-01,2026-08-28,district,J & K AND LADAKH,JAMMU & KASHMIR(UT),KISTWAR,0.0,5.9,-100.0,NR,169.3,338.8,-50.0,D,2026-08-28 18:18:01.474311
2026-08-28,2026-06-01,2026-08-28,district,J & K AND LADAKH,JAMMU & KASHMIR(UT),KULGAM,0.0,6.6,-100.0,NR,260.4,255.7,2.0,N,2026-08-28 18:18:01.474311
2026-08-28,2026-06-01,2026-08-28,district,J & K AND LADAKH,JAMMU & KASHMIR(UT),KUPWARA,0.0,4.5,-100.0,NR,209.7,209.8,0.0,N,2026-08-28 18:18:01.474311
2026-08-28,2026-06-01,2026-08-28,district,J & K AND LADAKH,JAMMU & KASHMIR(UT),POONCH,3.0,7.5,-60.0,LD,740.8,546.1,36.0,E,2026-08-28 18:18:01.474311
2026-08-28,2026-06-01,2026-08-28,district,J & K AND LADAKH,JAMMU & KASHMIR(UT),PULWAMA,0.0,2.8,-100.0,NR,234.1,155.8,50.0,E,2026-08-28 18:18:01.474311
2026-08-28,2026-06-01,2026-08-28,district,J & K AND LADAKH,JAMMU & KASHMIR(UT),RAJOURI,0.0,13.2,-100.0,NR,583.6,563.0,4.0,N,2026-08-28 18:18:01.474311
2026-08-28,2026-06-01,2026-08-28,district,J & K AND LADAKH,JAMMU & KASHMIR(UT),RAMBAN,0.0,7.6,-100.0,NR,443.9,324.2,37.0,E,2026-08-28 18:18:01.474311
2026-08-28,2026-06-01,2026-08-28,district,J & K AND LADAKH,JAMMU & KASHMIR(UT),REASI,4.1,20.1,-80.0,LD,1020.0,1319.9,-23.0,D,2026-08-28 18:18:01.474311
2026-08-28,2026-06-01,2026-08-28,district,J & K AND LADAKH,JAMMU & KASHMIR(UT),SAMBA,0.0,7.8,-100.0,NR,924.5,650.9,42.0,E,2026-08-28 18:18:01.474311
2026-08-28,2026-06-01,2026-08-28,district,J & K AND LADAKH,JAMMU & KASHMIR(UT),SHOPIAN,0.0,5.6,-100.0,NR,117.0,232.9,-50.0,D,2026-08-28 18:18:01.474311
2026-08-28,2026-06-01,2026-08-28,district,J & K AND LADAKH,JAMMU & KASHMIR(UT),SRINAGAR,0.0,2.9,-100.0,NR,226.3,192.4,18.0,N,2026-08-28 18:18:01.474311
2026-08-28,2026-06-01,2026-08-28,district,J & K AND LADAKH,JAMMU & KASHMIR(UT),UDHAMPUR,0.0,12.1,-100.0,NR,1281.7,815.7,57.0,E,2026-08-28 18:18:01.474311
2026-08-28,2026-06-01,2026-08-28,district,J & K AND LADAKH,LADAKH (UT),KARGIL,0.0,0.4,-100.0,NR,21.6,6.8,186.0,LE,2026-08-28 18:18:01.474311
2026-08-28,2026-06-01,2026-08-28,district,J & K AND LADAKH,LADAKH (UT),LADAKH (LEH),0.0,0.0,-100.0,NR,57.8,19.1,198.0,LE,2026-08-28 18:18:01.474311
2026-08-28,2026-06-01,2026-08-28,district,JHARKHAND,JHARKHAND,BOKARO,7.2,10.5,-32.0,D,539.8,697.6,-23.0,D,2026-08-28 18:18:01.474311
2026-08-28,2026-06-01,2026-08-28,district,JHARKHAND,JHARKHAND,CHATRA,31.0,8.7,256.0,LE,487.3,721.8,-32.0,D,2026-08-28 18:18:01.474311
2026-08-28,2026-06-01,2026-08-28,district,JHARKHAND,JHARKHAND,DEOGHAR,2.0,8.8,-77.0,LD,362.7,735.1,-51.0,D,2026-08-28 18:18:01.474311
2026-08-28,2026-06-01,2026-08-28,district,JHARKHAND,JHARKHAND,DHANBAD,6.6,10.3,-36.0,D,724.5,802.0,-10.0,N,2026-08-28 18:18:01.474311
2026-08-28,2026-06-01,2026-08-28,district,JHARKHAND,JHARKHAND,DUMKA,0.5,7.5,-93.0,LD,673.4,770.8,-13.0,N,2026-08-28 18:18:01.474311
2026-08-28,2026-06-01,2026-08-28,district,JHARKHAND,JHARKHAND,EAST SINGHBHUM,29.2,12.0,143.0,LE,790.0,835.6,-5.0,N,2026-08-28 18:18:01.474311
2026-08-28,2026-06-01,2026-08-28,district,JHARKHAND,JHARKHAND,GIRIDIH,8.5,8.1,5.0,N,436.1,734.1,-41.0,D,2026-08-28 18:18:01.474311
2026-08-28,2026-06-01,2026-08-28,district,JHARKHAND,JHARKHAND,GODDA,0.0,7.3,-100.0,NR,457.8,674.4,-32.0,D,2026-08-28 18:18:01.474311
2026-08-28,2026-06-01,2026-08-28,district,JHARKHAND,JHARKHAND,GUMLA,11.8,9.4,25.0,E,605.9,808.8,-25.0,D,2026-08-28 18:18:01.474311
2026-08-28,2026-06-01,2026-08-28,district,JHARKHAND,JHARKHAND,HAZARIBAG,20.0,9.0,122.0,LE,575.5,797.8,-28.0,D,2026-08-28 18:18:01.474311
2026-08-28,2026-06-01,2026-08-28,district,JHARKHAND,JHARKHAND,JAMTARA,0.3,7.5,-96.0,LD,644.2,810.7,-21.0,D,2026-08-28 18:18:01.474311
2026-08-28,2026-06-01,2026-08-28,district,JHARKHAND,JHARKHAND,KHUNTI,8.7,14.0,-38.0,D,852.1,851.4,0.0,N,2026-08-28 18:18:01.474311
2026-08-28,2026-06-01,2026-08-28,district,JHARKHAND,JHARKHAND,KODERMA,4.4,6.4,-31.0,D,354.4,659.8,-46.0,D,2026-08-28 18:18:01.474311
2026-08-28,2026-06-01,2026-08-28,district,JHARKHAND,JHARKHAND,LATEHAR,11.0,11.7,-6.0,N,852.9,790.2,8.0,N,2026-08-28 18:18:01.474311
2026-08-28,2026-06-01,2026-08-28,district,JHARKHAND,JHARKHAND,LOHARDAGA,20.5,8.8,133.0,LE,724.2,762.5,-5.0,N,2026-08-28 18:18:01.474311
2026-08-28,2026-06-01,2026-08-28,district,JHARKHAND,JHARKHAND,PAKUR,2.2,11.8,-82.0,LD,369.5,878.2,-58.0,D,2026-08-28 18:18:01.474311
2026-08-28,2026-06-01,2026-08-28,district,JHARKHAND,JHARKHAND,PALAMU,53.6,11.0,387.0,LE,525.3,643.7,-18.0,N,2026-08-28 18:18:01.474311
2026-08-28,2026-06-01,2026-08-28,district,JHARKHAND,JHARKHAND,RAMGARH,8.5,9.0,-5.0,N,673.4,784.5,-14.0,N,2026-08-28 18:18:01.474311
2026-08-28,2026-06-01,2026-08-28,district,JHARKHAND,JHARKHAND,RANCHI,10.3,10.0,3.0,N,755.7,794.8,-5.0,N,2026-08-28 18:18:01.474311
2026-08-28,2026-06-01,2026-08-28,district,JHARKHAND,JHARKHAND,SIMDEGA,15.4,10.0,54.0,E,1038.9,1000.5,4.0,N,2026-08-28 18:18:01.474311
2026-08-28,2026-06-01,2026-08-28,district,JHARKHAND,JHARKHAND,WEST SINGHBHUM,12.4,10.6,17.0,N,1039.7,786.4,32.0,E,2026-08-28 18:18:01.474311
2026-08-28,2026-06-01,2026-08-28,district,KERALA & MAHE,KERALA,ALAPUZHA,0.6,7.9,-93.0,LD,1009.9,1342.7,-25.0,D,2026-08-28 18:18:01.474311
2026-08-28,2026-06-01,2026-08-28,district,KERALA & MAHE,KERALA,ERNAKULAM,3.9,10.0,-61.0,LD,1438.2,1760.4,-18.0,N,2026-08-28 18:18:01.474311
2026-08-28,2026-06-01,2026-08-28,district,KERALA & MAHE,KERALA,IDUKKI,3.5,13.0,-73.0,LD,1230.1,2151.0,-43.0,D,2026-08-28 18:18:01.474311
2026-08-28,2026-06-01,2026-08-28,district,KERALA & MAHE,KERALA,KANNUR,2.0,14.3,-86.0,LD,2184.4,2309.3,-5.0,N,2026-08-28 18:18:01.474311
2026-08-28,2026-06-01,2026-08-28,district,KERALA & MAHE,KERALA,KASARGOD,14.4,14.4,0.0,N,2220.7,2530.0,-12.0,N,2026-08-28 18:18:01.474311
2026-08-28,2026-06-01,2026-08-28,district,KERALA & MAHE,KERALA,KOLLAM,4.2,6.4,-34.0,D,724.5,1007.8,-28.0,D,2026-08-28 18:18:01.474311
2026-08-28,2026-06-01,2026-08-28,district,KERALA & MAHE,KERALA,KOTTAYAM,0.4,8.8,-95.0,LD,1511.3,1577.3,-4.0,N,2026-08-28 18:18:01.474311
2026-08-28,2026-06-01,2026-08-28,district,KERALA & MAHE,KERALA,KOZHIKODE,2.0,13.1,-85.0,LD,2001.4,2233.4,-10.0,N,2026-08-28 18:18:01.474311
2026-08-28,2026-06-01,2026-08-28,district,KERALA & MAHE,KERALA,MALAPPURAM,2.4,9.8,-76.0,LD,1360.1,1671.1,-19.0,N,2026-08-28 18:18:01.474311
2026-08-28,2026-06-01,2026-08-28,district,KERALA & MAHE,KERALA,PALAKKAD,1.1,7.2,-85.0,LD,1035.7,1323.4,-22.0,D,2026-08-28 18:18:01.474311
2026-08-28,2026-06-01,2026-08-28,district,KERALA & MAHE,KERALA,PATHANAMTHITTA,1.7,9.6,-82.0,LD,1307.2,1292.0,1.0,N,2026-08-28 18:18:01.474311
2026-08-28,2026-06-01,2026-08-28,district,KERALA & MAHE,KERALA,THIRUVANANTHAPURAM,1.2,3.8,-68.0,LD,664.2,649.1,2.0,N,2026-08-28 18:18:01.474311
2026-08-28,2026-06-01,2026-08-28,district,KERALA & MAHE,KERALA,THRISSUR,6.5,9.0,-27.0,D,1411.6,1804.1,-22.0,D,2026-08-28 18:18:01.474311
2026-08-28,2026-06-01,2026-08-28,district,KERALA & MAHE,KERALA,WYNAD,2.7,11.6,-76.0,LD,1086.5,2160.9,-50.0,D,2026-08-28 18:18:01.474311
2026-08-28,2026-06-01,2026-08-28,district,KERALA & MAHE,PUDUCHERRY (UT),MAHE,1.0,11.5,-91.0,LD,1660.4,2096.7,-21.0,D,2026-08-28 18:18:01.474311
2026-08-28,2026-06-01,2026-08-28,district,KONKAN & GOA,GOA,NORTH GOA,8.8,18.4,-52.0,D,1654.9,2696.5,-39.0,D,2026-08-28 18:18:01.474311
2026-08-28,2026-06-01,2026-08-28,district,KONKAN & GOA,GOA,SOUTH GOA,2.7,17.4,-85.0,LD,1813.6,2574.6,-30.0,D,2026-08-28 18:18:01.474311
2026-08-28,2026-06-01,2026-08-28,district,KONKAN & GOA,MAHARASHTRA,MUMBAI CITY,9.8,13.4,-27.0,D,1778.8,1700.9,5.0,N,2026-08-28 18:18:01.474311
2026-08-28,2026-06-01,2026-08-28,district,KONKAN & GOA,MAHARASHTRA,MUMBAI SUBURBAN,4.2,20.2,-79.0,LD,2220.3,1895.9,17.0,N,2026-08-28 18:18:01.474311
2026-08-28,2026-06-01,2026-08-28,district,KONKAN & GOA,MAHARASHTRA,PALGHAR,4.4,15.2,-71.0,LD,2458.9,1884.5,30.0,E,2026-08-28 18:18:01.474311
2026-08-28,2026-06-01,2026-08-28,district,KONKAN & GOA,MAHARASHTRA,RAIGAD,14.9,26.0,-43.0,D,2722.4,2612.4,4.0,N,2026-08-28 18:18:01.474311
2026-08-28,2026-06-01,2026-08-28,district,KONKAN & GOA,MAHARASHTRA,RATNAGIRI,10.4,28.0,-63.0,LD,2368.8,2715.8,-13.0,N,2026-08-28 18:18:01.474311
2026-08-28,2026-06-01,2026-08-28,district,KONKAN & GOA,MAHARASHTRA,SINDHUDURG,4.9,20.5,-76.0,LD,1692.9,2547.8,-34.0,D,2026-08-28 18:18:01.474311
2026-08-28,2026-06-01,2026-08-28,district,KONKAN & GOA,MAHARASHTRA,THANE,2.0,21.0,-91.0,LD,1977.8,2024.4,-2.0,N,2026-08-28 18:18:01.474311
2026-08-28,2026-06-01,2026-08-28,district,LAKSHADWEEP,LAKSHADWEEP,LAKSHADWEEP,1.0,5.3,-82.0,LD,627.9,831.0,-24.0,D,2026-08-28 18:18:01.474311
2026-08-28,2026-06-01,2026-08-28,district,MADHYA MAHARASHTRA,MAHARASHTRA,AHMEDNAGAR,0.1,4.2,-98.0,LD,213.2,295.7,-28.0,D,2026-08-28 18:18:01.474311
2026-08-28,2026-06-01,2026-08-28,district,MADHYA MAHARASHTRA,MAHARASHTRA,DHULE,0.1,4.0,-96.0,LD,384.7,414.9,-7.0,N,2026-08-28 18:18:01.474311
2026-08-28,2026-06-01,2026-08-28,district,MADHYA MAHARASHTRA,MAHARASHTRA,JALGAON,0.0,5.8,-100.0,NR,472.9,481.8,-2.0,N,2026-08-28 18:18:01.474311
2026-08-28,2026-06-01,2026-08-28,district,MADHYA MAHARASHTRA,MAHARASHTRA,KOLHAPUR,4.0,12.1,-67.0,LD,1379.3,1470.2,-6.0,N,2026-08-28 18:18:01.474311
2026-08-28,2026-06-01,2026-08-28,district,MADHYA MAHARASHTRA,MAHARASHTRA,NANDURBAR,0.0,6.3,-100.0,NR,418.5,669.3,-37.0,D,2026-08-28 18:18:01.474311
2026-08-28,2026-06-01,2026-08-28,district,MADHYA MAHARASHTRA,MAHARASHTRA,NASHIK,3.2,6.5,-51.0,D,1095.3,695.2,58.0,E,2026-08-28 18:18:01.474311
2026-08-28,2026-06-01,2026-08-28,district,MADHYA MAHARASHTRA,MAHARASHTRA,PUNE,3.7,5.1,-27.0,D,993.4,743.8,34.0,E,2026-08-28 18:18:01.474311
2026-08-28,2026-06-01,2026-08-28,district,MADHYA MAHARASHTRA,MAHARASHTRA,SANGLI,1.0,2.5,-60.0,LD,301.9,343.2,-12.0,N,2026-08-28 18:18:01.474311
2026-08-28,2026-06-01,2026-08-28,district,MADHYA MAHARASHTRA,MAHARASHTRA,SATARA,3.7,4.4,-16.0,N,897.5,672.0,34.0,E,2026-08-28 18:18:01.474311
2026-08-28,2026-06-01,2026-08-28,district,MADHYA MAHARASHTRA,MAHARASHTRA,SHOLAPUR,0.4,3.6,-90.0,LD,154.9,282.4,-45.0,D,2026-08-28 18:18:01.474311
2026-08-28,2026-06-01,2026-08-28,district,MARATHWADA,MAHARASHTRA,BEED,0.0,5.5,-100.0,NR,212.6,374.3,-43.0,D,2026-08-28 18:18:01.474311
2026-08-28,2026-06-01,2026-08-28,district,MARATHWADA,MAHARASHTRA,CHHATRAPATI SAMBHAJINAGAR,0.0,5.3,-100.0,NR,420.7,398.6,6.0,N,2026-08-28 18:18:01.474311
2026-08-28,2026-06-01,2026-08-28,district,MARATHWADA,MAHARASHTRA,DHARASHIV,0.0,4.1,-100.0,NR,269.8,387.8,-30.0,D,2026-08-28 18:18:01.474311
2026-08-28,2026-06-01,2026-08-28,district,MARATHWADA,MAHARASHTRA,HINGOLI,1.2,7.7,-85.0,LD,335.3,597.5,-44.0,D,2026-08-28 18:18:01.474311
2026-08-28,2026-06-01,2026-08-28,district,MARATHWADA,MAHARASHTRA,JALNA,0.8,4.7,-84.0,LD,274.6,432.6,-37.0,D,2026-08-28 18:18:01.474311
2026-08-28,2026-06-01,2026-08-28,district,MARATHWADA,MAHARASHTRA,LATUR,0.0,4.5,-100.0,NR,347.3,470.6,-26.0,D,2026-08-28 18:18:01.474311
2026-08-28,2026-06-01,2026-08-28,district,MARATHWADA,MAHARASHTRA,NANDED,0.5,6.1,-92.0,LD,442.7,599.2,-26.0,D,2026-08-28 18:18:01.474311
2026-08-28,2026-06-01,2026-08-28,district,MARATHWADA,MAHARASHTRA,PARBHANI,0.0,7.3,-100.0,NR,355.4,513.9,-31.0,D,2026-08-28 18:18:01.474311
2026-08-28,2026-06-01,2026-08-28,district,N. I. KARNATAKA,KARNATAKA,BAGALKOTE,0.0,1.5,-100.0,NR,204.7,213.5,-4.0,N,2026-08-28 18:18:01.474311
2026-08-28,2026-06-01,2026-08-28,district,N. I. KARNATAKA,KARNATAKA,BELAGAVI,1.1,2.8,-60.0,LD,530.5,447.3,19.0,N,2026-08-28 18:18:01.474311
2026-08-28,2026-06-01,2026-08-28,district,N. I. KARNATAKA,KARNATAKA,BIDAR,0.5,5.1,-90.0,LD,399.6,460.5,-13.0,N,2026-08-28 18:18:01.474311
2026-08-28,2026-06-01,2026-08-28,district,N. I. KARNATAKA,KARNATAKA,DHARWAD,0.0,3.0,-99.0,LD,231.3,392.8,-41.0,D,2026-08-28 18:18:01.474311
2026-08-28,2026-06-01,2026-08-28,district,N. I. KARNATAKA,KARNATAKA,GADAG,0.0,2.9,-100.0,NR,189.1,224.0,-16.0,N,2026-08-28 18:18:01.474311
2026-08-28,2026-06-01,2026-08-28,district,N. I. KARNATAKA,KARNATAKA,HAVERI,0.7,2.4,-72.0,LD,264.5,385.0,-31.0,D,2026-08-28 18:18:01.474311
2026-08-28,2026-06-01,2026-08-28,district,N. I. KARNATAKA,KARNATAKA,KALABURAGI,0.0,4.8,-100.0,NR,197.1,385.5,-49.0,D,2026-08-28 18:18:01.474311
2026-08-28,2026-06-01,2026-08-28,district,N. I. KARNATAKA,KARNATAKA,KOPPAL,0.8,3.3,-75.0,LD,164.4,229.1,-28.0,D,2026-08-28 18:18:01.474311
2026-08-28,2026-06-01,2026-08-28,district,N. I. KARNATAKA,KARNATAKA,RAICHUR,0.0,3.3,-100.0,NR,196.9,266.5,-26.0,D,2026-08-28 18:18:01.474311
2026-08-28,2026-06-01,2026-08-28,district,N. I. KARNATAKA,KARNATAKA,VIJAYAPURA,0.0,4.2,-100.0,NR,173.0,233.9,-26.0,D,2026-08-28 18:18:01.474311
2026-08-28,2026-06-01,2026-08-28,district,N. I. KARNATAKA,KARNATAKA,YADGIR,0.0,4.2,-100.0,NR,272.8,341.4,-20.0,D,2026-08-28 18:18:01.474311
2026-08-28,2026-06-01,2026-08-28,district,NMMT,MANIPUR,BISHNUPUR,0.0,4.9,-100.0,NR,362.5,888.8,-59.0,D,2026-08-28 18:18:01.474311
2026-08-28,2026-06-01,2026-08-28,district,NMMT,MANIPUR,CHANDEL,0.0,4.9,-100.0,NR,418.7,888.8,-53.0,D,2026-08-28 18:18:01.474311
2026-08-28,2026-06-01,2026-08-28,district,NMMT,MANIPUR,CHURACHANDPUR,0.0,4.9,-100.0,NR,197.5,888.8,-78.0,LD,2026-08-28 18:18:01.474311
2026-08-28,2026-06-01,2026-08-28,district,NMMT,MANIPUR,IMPHAL EAST,0.0,3.0,-100.0,NR,401.7,582.5,-31.0,D,2026-08-28 18:18:01.474311
2026-08-28,2026-06-01,2026-08-28,district,NMMT,MANIPUR,IMPHAL WEST,8.1,10.0,-19.0,N,596.9,1332.6,-55.0,D,2026-08-28 18:18:01.474311
2026-08-28,2026-06-01,2026-08-28,district,NMMT,MANIPUR,SENAPATI,0.0,5.9,-100.0,NR,529.2,608.5,-13.0,N,2026-08-28 18:18:01.474311
2026-08-28,2026-06-01,2026-08-28,district,NMMT,MANIPUR,TAMENGLONG,8.5,7.9,8.0,N,1487.2,3205.9,-54.0,D,2026-08-28 18:18:01.474311
2026-08-28,2026-06-01,2026-08-28,district,NMMT,MANIPUR,THOUBAL,0.0,3.0,-100.0,NR,267.7,582.5,-54.0,D,2026-08-28 18:18:01.474311
2026-08-28,2026-06-01,2026-08-28,district,NMMT,MANIPUR,UKHRUL,0.0,6.4,-100.0,NR,756.2,845.4,-11.0,N,2026-08-28 18:18:01.474311
2026-08-28,2026-06-01,2026-08-28,district,NMMT,MIZORAM,AIZAWL,34.9,11.7,199.0,LE,1007.2,1212.2,-17.0,N,2026-08-28 18:18:01.474311
2026-08-28,2026-06-01,2026-08-28,district,NMMT,MIZORAM,CHAMPHAI,12.6,11.4,11.0,N,813.6,1003.2,-19.0,N,2026-08-28 18:18:01.474311
2026-08-28,2026-06-01,2026-08-28,district,NMMT,MIZORAM,KOLASIB,18.1,15.2,19.0,N,1188.6,1322.4,-10.0,N,2026-08-28 18:18:01.474311
2026-08-28,2026-06-01,2026-08-28,district,NMMT,MIZORAM,LAWNGTLAI,6.5,8.2,-21.0,D,1194.8,1313.5,-9.0,N,2026-08-28 18:18:01.474311
2026-08-28,2026-06-01,2026-08-28,district,NMMT,MIZORAM,LUNGLEI,55.1,14.8,272.0,LE,1066.6,1335.8,-20.0,D,2026-08-28 18:18:01.474311
2026-08-28,2026-06-01,2026-08-28,district,NMMT,MIZORAM,MAMIT,24.5,14.6,68.0,LE,676.5,1193.1,-43.0,D,2026-08-28 18:18:01.474311
2026-08-28,2026-06-01,2026-08-28,district,NMMT,MIZORAM,SAIHA,28.2,15.8,78.0,LE,978.4,1342.7,-27.0,D,2026-08-28 18:18:01.474311
2026-08-28,2026-06-01,2026-08-28,district,NMMT,MIZORAM,SERCHHIP,21.5,10.4,107.0,LE,1024.7,1156.8,-11.0,N,2026-08-28 18:18:01.474311
2026-08-28,2026-06-01,2026-08-28,district,NMMT,NAGALAND,DIMAPUR,3.7,7.6,-51.0,D,594.0,639.7,-7.0,N,2026-08-28 18:18:01.474311
2026-08-28,2026-06-01,2026-08-28,district,NMMT,NAGALAND,KIPHIRE,0.6,5.7,-90.0,LD,606.9,473.1,28.0,E,2026-08-28 18:18:01.474311
2026-08-28,2026-06-01,2026-08-28,district,NMMT,NAGALAND,KOHIMA,2.1,13.1,-84.0,LD,871.5,936.1,-7.0,N,2026-08-28 18:18:01.474311
2026-08-28,2026-06-01,2026-08-28,district,NMMT,NAGALAND,MOKOKCHUNG,1.2,6.3,-80.0,LD,1199.7,1091.0,10.0,N,2026-08-28 18:18:01.474311
2026-08-28,2026-06-01,2026-08-28,district,NMMT,NAGALAND,MON,4.7,8.0,-41.0,D,633.9,860.4,-26.0,D,2026-08-28 18:18:01.474311
2026-08-28,2026-06-01,2026-08-28,district,NMMT,NAGALAND,PEREN,5.3,13.9,-62.0,LD,680.6,704.7,-3.0,N,2026-08-28 18:18:01.474311
2026-08-28,2026-06-01,2026-08-28,district,NMMT,NAGALAND,PHEK,2.3,4.5,-49.0,D,591.4,649.6,-9.0,N,2026-08-28 18:18:01.474311
2026-08-28,2026-06-01,2026-08-28,district,NMMT,NAGALAND,WOKHA,4.3,10.2,-58.0,D,1042.6,960.9,8.0,N,2026-08-28 18:18:01.474311
2026-08-28,2026-06-01,2026-08-28,district,NMMT,NAGALAND,ZUNHEBOTO,6.3,4.7,34.0,E,1320.5,833.9,58.0,E,2026-08-28 18:18:01.474311
2026-08-28,2026-06-01,2026-08-28,district,NMMT,TRIPURA,DHALAI,55.5,6.7,729.0,LE,982.2,1050.4,-6.0,N,2026-08-28 18:18:01.474311
2026-08-28,2026-06-01,2026-08-28,district,NMMT,TRIPURA,GOMATI,41.9,9.5,341.0,LE,894.9,1126.0,-21.0,D,2026-08-28 18:18:01.474311
2026-08-28,2026-06-01,2026-08-28,district,NMMT,TRIPURA,KHOWAI,69.4,8.4,726.0,LE,1091.3,1030.4,6.0,N,2026-08-28 18:18:01.474311
2026-08-28,2026-06-01,2026-08-28,district,NMMT,TRIPURA,NORTH TRIPURA,17.3,10.8,60.0,LE,851.6,1088.4,-22.0,D,2026-08-28 18:18:01.474311
2026-08-28,2026-06-01,2026-08-28,district,NMMT,TRIPURA,SIPAHIJALA,20.1,10.5,92.0,LE,928.8,1055.7,-12.0,N,2026-08-28 18:18:01.474311
2026-08-28,2026-06-01,2026-08-28,district,NMMT,TRIPURA,SOUTH TRIPURA,18.1,15.2,19.0,N,927.7,1377.4,-33.0,D,2026-08-28 18:18:01.474311
2026-08-28,2026-06-01,2026-08-28,district,NMMT,TRIPURA,UNAKOTI,37.0,11.7,216.0,LE,1077.7,1122.0,-4.0,N,2026-08-28 18:18:01.474311
2026-08-28,2026-06-01,2026-08-28,district,NMMT,TRIPURA,WEST TRIPURA,23.9,8.9,168.0,LE,1074.0,947.3,13.0,N,2026-08-28 18:18:01.474311
2026-08-28,2026-06-01,2026-08-28,district,ODISHA,ODISHA,ANGUL,4.7,14.9,-69.0,LD,1154.3,872.3,32.0,E,2026-08-28 18:18:01.474311
2026-08-28,2026-06-01,2026-08-28,district,ODISHA,ODISHA,BALANGIR,0.7,14.9,-95.0,LD,1149.2,854.0,35.0,E,2026-08-28 18:18:01.474311
2026-08-28,2026-06-01,2026-08-28,district,ODISHA,ODISHA,BALASORE,19.5,15.3,27.0,E,1406.2,889.2,58.0,E,2026-08-28 18:18:01.474311
2026-08-28,2026-06-01,2026-08-28,district,ODISHA,ODISHA,BARGARH,0.1,15.8,-99.0,LD,1505.0,941.2,60.0,LE,2026-08-28 18:18:01.474311
2026-08-28,2026-06-01,2026-08-28,district,ODISHA,ODISHA,BHADRAK,17.0,14.0,22.0,E,1099.1,811.4,35.0,E,2026-08-28 18:18:01.474311
2026-08-28,2026-06-01,2026-08-28,district,ODISHA,ODISHA,BOUDH,1.8,18.7,-91.0,LD,1530.8,808.0,89.0,LE,2026-08-28 18:18:01.474311
2026-08-28,2026-06-01,2026-08-28,district,ODISHA,ODISHA,CUTTACK,6.3,14.9,-58.0,D,1219.9,869.3,40.0,E,2026-08-28 18:18:01.474311
2026-08-28,2026-06-01,2026-08-28,district,ODISHA,ODISHA,DEOGARH,2.3,13.4,-83.0,LD,1334.4,908.3,47.0,E,2026-08-28 18:18:01.474311
2026-08-28,2026-06-01,2026-08-28,district,ODISHA,ODISHA,DHENKANAL,0.0,15.5,-99.0,LD,1303.5,851.2,53.0,E,2026-08-28 18:18:01.474311
2026-08-28,2026-06-01,2026-08-28,district,ODISHA,ODISHA,GAJAPATI,0.0,9.0,-100.0,NR,535.0,657.5,-19.0,N,2026-08-28 18:18:01.474311
2026-08-28,2026-06-01,2026-08-28,district,ODISHA,ODISHA,GANJAM,0.6,12.5,-96.0,LD,567.1,643.2,-12.0,N,2026-08-28 18:18:01.474311
2026-08-28,2026-06-01,2026-08-28,district,ODISHA,ODISHA,JAGATSINGHPUR,3.4,15.5,-78.0,LD,1043.0,784.2,33.0,E,2026-08-28 18:18:01.474311
2026-08-28,2026-06-01,2026-08-28,district,ODISHA,ODISHA,JAJPUR,12.3,13.2,-7.0,N,1120.1,935.8,20.0,E,2026-08-28 18:18:01.474311
2026-08-28,2026-06-01,2026-08-28,district,ODISHA,ODISHA,JHARSUGUDA,11.8,11.2,5.0,N,1072.3,934.0,15.0,N,2026-08-28 18:18:01.474311
2026-08-28,2026-06-01,2026-08-28,district,ODISHA,ODISHA,KALAHANDI,4.2,11.3,-63.0,LD,944.4,1094.4,-14.0,N,2026-08-28 18:18:01.474311
2026-08-28,2026-06-01,2026-08-28,district,ODISHA,ODISHA,KANDHAMAL,0.6,15.5,-96.0,LD,1072.6,857.0,25.0,E,2026-08-28 18:18:01.474311
2026-08-28,2026-06-01,2026-08-28,district,ODISHA,ODISHA,KENDRAPARA,3.2,14.9,-79.0,LD,1239.9,828.5,50.0,E,2026-08-28 18:18:01.474311
2026-08-28,2026-06-01,2026-08-28,district,ODISHA,ODISHA,KEONJHARGARH,7.5,11.5,-35.0,D,1346.9,873.6,54.0,E,2026-08-28 18:18:01.474311
2026-08-28,2026-06-01,2026-08-28,district,ODISHA,ODISHA,KHURDA,9.8,15.4,-37.0,D,1013.9,813.7,25.0,E,2026-08-28 18:18:01.474311
2026-08-28,2026-06-01,2026-08-28,district,ODISHA,ODISHA,KORAPUT,18.4,12.6,46.0,E,962.8,948.7,1.0,N,2026-08-28 18:18:01.474311
2026-08-28,2026-06-01,2026-08-28,district,ODISHA,ODISHA,MALKANGIRI,0.4,16.0,-98.0,LD,880.3,989.9,-11.0,N,2026-08-28 18:18:01.474311
2026-08-28,2026-06-01,2026-08-28,district,ODISHA,ODISHA,MAYURBHANJ,26.7,13.7,95.0,LE,1286.8,924.8,39.0,E,2026-08-28 18:18:01.474311
2026-08-28,2026-06-01,2026-08-28,district,ODISHA,ODISHA,NAWAPARA,0.1,10.1,-99.0,LD,949.0,784.8,21.0,E,2026-08-28 18:18:01.474311
2026-08-28,2026-06-01,2026-08-28,district,ODISHA,ODISHA,NAWARANGPUR,4.5,17.0,-73.0,LD,896.9,1062.4,-16.0,N,2026-08-28 18:18:01.474311
2026-08-28,2026-06-01,2026-08-28,district,ODISHA,ODISHA,NAYAGARH,5.7,14.7,-61.0,LD,996.5,814.1,22.0,E,2026-08-28 18:18:01.474311
2026-08-28,2026-06-01,2026-08-28,district,ODISHA,ODISHA,PURI,3.3,14.1,-77.0,LD,1036.6,751.5,38.0,E,2026-08-28 18:18:01.474311
2026-08-28,2026-06-01,2026-08-28,district,ODISHA,ODISHA,RAYAGADA,0.9,9.4,-90.0,LD,725.1,745.6,-3.0,N,2026-08-28 18:18:01.474311
2026-08-28,2026-06-01,2026-08-28,district,ODISHA,ODISHA,SAMBALPUR,3.4,13.2,-75.0,LD,1422.8,1003.7,42.0,E,2026-08-28 18:18:01.474311
2026-08-28,2026-06-01,2026-08-28,district,ODISHA,ODISHA,SONEPUR,0.3,13.5,-98.0,LD,1547.4,939.5,65.0,LE,2026-08-28 18:18:01.474311
2026-08-28,2026-06-01,2026-08-28,district,ODISHA,ODISHA,SUNDARGARH,3.8,12.6,-70.0,LD,1213.1,946.4,28.0,E,2026-08-28 18:18:01.474311
2026-08-28,2026-06-01,2026-08-28,district,PUNJAB,PUNJAB,AMRITSAR,0.1,5.1,-97.0,LD,346.0,375.0,-8.0,N,2026-08-28 18:18:01.474311
2026-08-28,2026-06-01,2026-08-28,district,PUNJAB,PUNJAB,BARNALA,0.0,3.6,-100.0,NR,124.3,290.1,-57.0,D,2026-08-28 18:18:01.474311
2026-08-28,2026-06-01,2026-08-28,district,PUNJAB,PUNJAB,BHATINDA,0.0,2.7,-100.0,NR,122.6,239.3,-49.0,D,2026-08-28 18:18:01.474311
2026-08-28,2026-06-01,2026-08-28,district,PUNJAB,PUNJAB,FARIDKOT,0.0,4.0,-100.0,NR,223.8,236.7,-5.0,N,2026-08-28 18:18:01.474311
2026-08-28,2026-06-01,2026-08-28,district,PUNJAB,PUNJAB,FATEHGARH SAHIB,0.0,3.0,-100.0,NR,134.7,385.6,-65.0,LD,2026-08-28 18:18:01.474311
2026-08-28,2026-06-01,2026-08-28,district,PUNJAB,PUNJAB,FAZILKA,0.0,0.9,-100.0,NR,106.6,202.6,-47.0,D,2026-08-28 18:18:01.474311
2026-08-28,2026-06-01,2026-08-28,district,PUNJAB,PUNJAB,FEROZEPUR,0.0,3.8,-100.0,NR,134.4,197.6,-32.0,D,2026-08-28 18:18:01.474311
2026-08-28,2026-06-01,2026-08-28,district,PUNJAB,PUNJAB,GURDASPUR,0.0,6.9,-100.0,NR,703.2,500.4,41.0,E,2026-08-28 18:18:01.474311
2026-08-28,2026-06-01,2026-08-28,district,PUNJAB,PUNJAB,HOSHIARPUR,0.0,7.1,-100.0,NR,229.2,498.6,-54.0,D,2026-08-28 18:18:01.474311
2026-08-28,2026-06-01,2026-08-28,district,PUNJAB,PUNJAB,JALANDHAR,0.0,6.8,-100.0,NR,229.9,418.9,-45.0,D,2026-08-28 18:18:01.474311
2026-08-28,2026-06-01,2026-08-28,district,PUNJAB,PUNJAB,KAPURTHALA,0.0,6.7,-100.0,NR,133.1,369.1,-64.0,LD,2026-08-28 18:18:01.474311
2026-08-28,2026-06-01,2026-08-28,district,PUNJAB,PUNJAB,LUDHIANA,0.1,4.9,-98.0,LD,217.7,364.7,-40.0,D,2026-08-28 18:18:01.474311
2026-08-28,2026-06-01,2026-08-28,district,PUNJAB,PUNJAB,MANSA,0.0,1.7,-100.0,NR,71.8,217.1,-67.0,LD,2026-08-28 18:18:01.474311
2026-08-28,2026-06-01,2026-08-28,district,PUNJAB,PUNJAB,MOGA,0.0,2.7,-100.0,NR,164.1,237.7,-31.0,D,2026-08-28 18:18:01.474311
2026-08-28,2026-06-01,2026-08-28,district,PUNJAB,PUNJAB,MUKTSAR,0.0,2.5,-100.0,NR,94.5,251.4,-62.0,LD,2026-08-28 18:18:01.474311
2026-08-28,2026-06-01,2026-08-28,district,PUNJAB,PUNJAB,PATHANKOT,4.9,12.0,-59.0,D,1020.9,809.2,26.0,E,2026-08-28 18:18:01.474311
2026-08-28,2026-06-01,2026-08-28,district,PUNJAB,PUNJAB,PATIALA,0.0,6.9,-100.0,NR,257.6,423.1,-39.0,D,2026-08-28 18:18:01.474311
2026-08-28,2026-06-01,2026-08-28,district,PUNJAB,PUNJAB,RUPNAGAR,0.6,8.3,-93.0,LD,448.2,655.0,-32.0,D,2026-08-28 18:18:01.474311
2026-08-28,2026-06-01,2026-08-28,district,PUNJAB,PUNJAB,SANGRUR,0.0,4.0,-100.0,NR,153.4,305.8,-50.0,D,2026-08-28 18:18:01.474311
2026-08-28,2026-06-01,2026-08-28,district,PUNJAB,PUNJAB,SAS NAGAR (MOHALI),1.0,8.3,-88.0,LD,214.9,496.4,-57.0,D,2026-08-28 18:18:01.474311
2026-08-28,2026-06-01,2026-08-28,district,PUNJAB,PUNJAB,SBS NAGAR,0.3,6.8,-96.0,LD,314.0,604.5,-48.0,D,2026-08-28 18:18:01.474311
2026-08-28,2026-06-01,2026-08-28,district,PUNJAB,PUNJAB,TARN TARAN,0.0,4.0,-100.0,NR,120.6,216.0,-44.0,D,2026-08-28 18:18:01.474311
2026-08-28,2026-06-01,2026-08-28,district,RAYALASEEMA,ANDHRA PRADESH,ANANTAPURAMU,0.0,4.5,-100.0,NR,155.7,197.9,-21.0,D,2026-08-28 18:18:01.474311
2026-08-28,2026-06-01,2026-08-28,district,RAYALASEEMA,ANDHRA PRADESH,ANNAMAYYA DISTRICT,0.0,2.0,-100.0,NR,82.7,252.0,-67.0,LD,2026-08-28 18:18:01.474311
2026-08-28,2026-06-01,2026-08-28,district,RAYALASEEMA,ANDHRA PRADESH,CHITTOOR,0.0,2.4,-100.0,NR,132.4,285.6,-54.0,D,2026-08-28 18:18:01.474311
2026-08-28,2026-06-01,2026-08-28,district,RAYALASEEMA,ANDHRA PRADESH,KURNOOL,0.3,3.9,-92.0,LD,202.0,286.0,-29.0,D,2026-08-28 18:18:01.474311
2026-08-28,2026-06-01,2026-08-28,district,RAYALASEEMA,ANDHRA PRADESH,NANDYAL,0.0,3.9,-99.0,LD,202.7,342.5,-41.0,D,2026-08-28 18:18:01.474311
2026-08-28,2026-06-01,2026-08-28,district,RAYALASEEMA,ANDHRA PRADESH,SRI SATHYASAI DISTRICT,0.0,4.3,-100.0,NR,109.7,193.1,-43.0,D,2026-08-28 18:18:01.474311
2026-08-28,2026-06-01,2026-08-28,district,RAYALASEEMA,ANDHRA PRADESH,TIRUPATI,0.0,2.4,-100.0,NR,184.8,300.8,-39.0,D,2026-08-28 18:18:01.474311
2026-08-28,2026-06-01,2026-08-28,district,RAYALASEEMA,ANDHRA PRADESH,YSR DISTRICT,0.0,2.0,-100.0,NR,148.0,265.7,-44.0,D,2026-08-28 18:18:01.474311
2026-08-28,2026-06-01,2026-08-28,district,S. I. KARNATAKA,KARNATAKA,BALLARI,0.0,3.6,-100.0,NR,126.9,221.7,-43.0,D,2026-08-28 18:18:01.474311
2026-08-28,2026-06-01,2026-08-28,district,S. I. KARNATAKA,KARNATAKA,BENGALURU RURAL,0.0,6.5,-100.0,NR,221.4,262.8,-16.0,N,2026-08-28 18:18:01.474311
2026-08-28,2026-06-01,2026-08-28,district,S. I. KARNATAKA,KARNATAKA,BENGALURU URBAN,1.0,6.4,-85.0,LD,124.5,270.0,-54.0,D,2026-08-28 18:18:01.474311
2026-08-28,2026-06-01,2026-08-28,district,S. I. KARNATAKA,KARNATAKA,CHAMARAJANAGAR,0.0,3.3,-100.0,NR,128.6,209.2,-39.0,D,2026-08-28 18:18:01.474311
2026-08-28,2026-06-01,2026-08-28,district,S. I. KARNATAKA,KARNATAKA,CHIKABALLAPURA,0.0,4.3,-100.0,NR,149.8,255.2,-41.0,D,2026-08-28 18:18:01.474311
2026-08-28,2026-06-01,2026-08-28,district,S. I. KARNATAKA,KARNATAKA,CHIKKAMAGALURU,4.9,7.4,-34.0,D,1204.2,1286.0,-6.0,N,2026-08-28 18:18:01.474311
2026-08-28,2026-06-01,2026-08-28,district,S. I. KARNATAKA,KARNATAKA,CHITRADURGA,0.0,4.5,-100.0,NR,141.1,179.8,-22.0,D,2026-08-28 18:18:01.474311
2026-08-28,2026-06-01,2026-08-28,district,S. I. KARNATAKA,KARNATAKA,DAVANGERE,0.8,3.1,-75.0,LD,251.8,264.5,-5.0,N,2026-08-28 18:18:01.474311
2026-08-28,2026-06-01,2026-08-28,district,S. I. KARNATAKA,KARNATAKA,HASSAN,0.3,5.3,-94.0,LD,196.5,532.7,-63.0,LD,2026-08-28 18:18:01.474311
2026-08-28,2026-06-01,2026-08-28,district,S. I. KARNATAKA,KARNATAKA,KODAGU,6.8,11.7,-42.0,D,1485.4,1966.1,-24.0,D,2026-08-28 18:18:01.474311
2026-08-28,2026-06-01,2026-08-28,district,S. I. KARNATAKA,KARNATAKA,KOLAR,0.0,3.6,-100.0,NR,123.7,240.8,-49.0,D,2026-08-28 18:18:01.474311
2026-08-28,2026-06-01,2026-08-28,district,S. I. KARNATAKA,KARNATAKA,MANDYA,0.0,3.8,-100.0,NR,98.1,175.6,-44.0,D,2026-08-28 18:18:01.474311
2026-08-28,2026-06-01,2026-08-28,district,S. I. KARNATAKA,KARNATAKA,MYSURU,0.0,3.4,-100.0,NR,152.0,259.1,-41.0,D,2026-08-28 18:18:01.474311
2026-08-28,2026-06-01,2026-08-28,district,S. I. KARNATAKA,KARNATAKA,RAMANAGARA,0.0,6.8,-100.0,NR,19.0,276.7,-93.0,LD,2026-08-28 18:18:01.474311
2026-08-28,2026-06-01,2026-08-28,district,S. I. KARNATAKA,KARNATAKA,SHIVAMOGGA,14.8,7.8,90.0,LE,1398.6,1424.2,-2.0,N,2026-08-28 18:18:01.474311
2026-08-28,2026-06-01,2026-08-28,district,S. I. KARNATAKA,KARNATAKA,TUMAKURU,1.6,5.7,-72.0,LD,122.8,220.9,-44.0,D,2026-08-28 18:18:01.474311
2026-08-28,2026-06-01,2026-08-28,district,S. I. KARNATAKA,KARNATAKA,VIJAYANAGARA,0.6,4.5,-87.0,LD,139.9,241.9,-42.0,D,2026-08-28 18:18:01.474311
2026-08-28,2026-06-01,2026-08-28,district,SAURASHTRA & KUTCH,DADRA & NAGAR HAVELI AND DAMAN & DIU (UT),DIU,0.0,5.2,-100.0,NR,625.6,616.9,1.0,N,2026-08-28 18:18:01.474311
2026-08-28,2026-06-01,2026-08-28,district,SAURASHTRA & KUTCH,GUJARAT,AMRELI,0.0,5.0,-100.0,NR,493.9,444.6,11.0,N,2026-08-28 18:18:01.474311
2026-08-28,2026-06-01,2026-08-28,district,SAURASHTRA & KUTCH,GUJARAT,BHAVNAGAR,0.0,5.2,-100.0,NR,477.1,442.5,8.0,N,2026-08-28 18:18:01.474311
2026-08-28,2026-06-01,2026-08-28,district,SAURASHTRA & KUTCH,GUJARAT,BOTAD,0.0,4.8,-100.0,NR,445.8,429.8,4.0,N,2026-08-28 18:18:01.474311
2026-08-28,2026-06-01,2026-08-28,district,SAURASHTRA & KUTCH,GUJARAT,DEVBHOOMI DWARKA,0.0,3.5,-100.0,NR,57.4,443.2,-87.0,LD,2026-08-28 18:18:01.474311
2026-08-28,2026-06-01,2026-08-28,district,SAURASHTRA & KUTCH,GUJARAT,GIR SOMNATH,0.0,7.7,-100.0,NR,469.1,727.3,-36.0,D,2026-08-28 18:18:01.474311
2026-08-28,2026-06-01,2026-08-28,district,SAURASHTRA & KUTCH,GUJARAT,JAMNAGAR,0.0,4.1,-100.0,NR,216.0,503.0,-57.0,D,2026-08-28 18:18:01.474311
2026-08-28,2026-06-01,2026-08-28,district,SAURASHTRA & KUTCH,GUJARAT,JUNAGADH,0.0,6.0,-100.0,NR,591.0,714.7,-17.0,N,2026-08-28 18:18:01.474311
2026-08-28,2026-06-01,2026-08-28,district,SAURASHTRA & KUTCH,GUJARAT,KUTCH,0.0,3.3,-100.0,NR,136.7,320.0,-57.0,D,2026-08-28 18:18:01.474311
2026-08-28,2026-06-01,2026-08-28,district,SAURASHTRA & KUTCH,GUJARAT,MORBI,0.0,4.0,-100.0,NR,471.6,432.5,9.0,N,2026-08-28 18:18:01.474311
2026-08-28,2026-06-01,2026-08-28,district,SAURASHTRA & KUTCH,GUJARAT,PORBANDAR,0.0,4.3,-100.0,NR,161.0,546.3,-71.0,LD,2026-08-28 18:18:01.474311
2026-08-28,2026-06-01,2026-08-28,district,SAURASHTRA & KUTCH,GUJARAT,RAJKOT,0.0,3.9,-100.0,NR,355.5,499.8,-29.0,D,2026-08-28 18:18:01.474311
2026-08-28,2026-06-01,2026-08-28,district,SAURASHTRA & KUTCH,GUJARAT,SURENDRANAGAR,0.0,3.8,-100.0,NR,480.7,408.4,18.0,N,2026-08-28 18:18:01.474311
2026-08-28,2026-06-01,2026-08-28,district,SHWB & SIKKIM,SIKKIM,GANGTOK,7.7,15.8,-51.0,D,1487.5,1707.2,-13.0,N,2026-08-28 18:18:01.474311
2026-08-28,2026-06-01,2026-08-28,district,SHWB & SIKKIM,SIKKIM,GYALSHING,36.0,17.0,112.0,LE,1738.2,1386.1,25.0,E,2026-08-28 18:18:01.474311
2026-08-28,2026-06-01,2026-08-28,district,SHWB & SIKKIM,SIKKIM,MANGAN,5.0,10.3,-51.0,D,1036.6,1194.6,-13.0,N,2026-08-28 18:18:01.474311
2026-08-28,2026-06-01,2026-08-28,district,SHWB & SIKKIM,SIKKIM,NAMCHI,9.3,16.1,-42.0,D,1454.8,1267.3,15.0,N,2026-08-28 18:18:01.474311
2026-08-28,2026-06-01,2026-08-28,district,SHWB & SIKKIM,SIKKIM,Pakyong,0.6,9.1,-93.0,LD,1231.9,1260.0,-2.0,N,2026-08-28 18:18:01.474311
2026-08-28,2026-06-01,2026-08-28,district,SHWB & SIKKIM,SIKKIM,Soreng,4.5,17.0,-74.0,LD,1780.0,1386.1,28.0,E,2026-08-28 18:18:01.474311
2026-08-28,2026-06-01,2026-08-28,district,SHWB & SIKKIM,WEST BENGAL,ALIPURDUAR,10.8,25.5,-58.0,D,2200.5,2395.5,-8.0,N,2026-08-28 18:18:01.474311
2026-08-28,2026-06-01,2026-08-28,district,SHWB & SIKKIM,WEST BENGAL,COOCH BEHAR,1.6,13.7,-89.0,LD,1685.0,1839.4,-8.0,N,2026-08-28 18:18:01.474311
2026-08-28,2026-06-01,2026-08-28,district,SHWB & SIKKIM,WEST BENGAL,DARJEELING,3.2,20.6,-84.0,LD,1741.0,2136.6,-19.0,N,2026-08-28 18:18:01.474311
2026-08-28,2026-06-01,2026-08-28,district,SHWB & SIKKIM,WEST BENGAL,JALPAIGURI,1.0,22.6,-96.0,LD,1764.7,2289.3,-23.0,D,2026-08-28 18:18:01.474311
2026-08-28,2026-06-01,2026-08-28,district,SHWB & SIKKIM,WEST BENGAL,KALIMPONG,0.5,15.9,-97.0,LD,1469.0,1895.1,-22.0,D,2026-08-28 18:18:01.474311
2026-08-28,2026-06-01,2026-08-28,district,SHWB & SIKKIM,WEST BENGAL,MALDA,0.0,9.3,-100.0,NR,641.3,849.3,-24.0,D,2026-08-28 18:18:01.474311
2026-08-28,2026-06-01,2026-08-28,district,SHWB & SIKKIM,WEST BENGAL,NORTH DINAJPUR,0.0,7.3,-100.0,NR,751.1,1100.4,-32.0,D,2026-08-28 18:18:01.474311
2026-08-28,2026-06-01,2026-08-28,district,SHWB & SIKKIM,WEST BENGAL,SOUTH DINAJPUR,0.0,6.4,-100.0,NR,655.7,796.8,-18.0,N,2026-08-28 18:18:01.474311
2026-08-28,2026-06-01,2026-08-28,district,TAMIL. PUDU.& KARAIKAL,PUDUCHERRY (UT),KARAIKAL,0.0,1.4,-100.0,NR,232.6,179.4,30.0,E,2026-08-28 18:18:01.474311
2026-08-28,2026-06-01,2026-08-28,district,TAMIL. PUDU.& KARAIKAL,PUDUCHERRY (UT),PUDUCHERRY,0.0,3.3,-100.0,NR,90.6,247.6,-63.0,LD,2026-08-28 18:18:01.474311
2026-08-28,2026-06-01,2026-08-28,district,TAMIL. PUDU.& KARAIKAL,TAMILNADU,ARIYALUR,0.0,2.8,-100.0,NR,203.4,184.4,10.0,N,2026-08-28 18:18:01.474311
2026-08-28,2026-06-01,2026-08-28,district,TAMIL. PUDU.& KARAIKAL,TAMILNADU,CHENGALPATTU,0.0,3.0,-100.0,NR,122.0,262.1,-53.0,D,2026-08-28 18:18:01.474311
2026-08-28,2026-06-01,2026-08-28,district,TAMIL. PUDU.& KARAIKAL,TAMILNADU,CHENNAI,0.0,2.6,-100.0,NR,295.6,290.6,2.0,N,2026-08-28 18:18:01.474311
2026-08-28,2026-06-01,2026-08-28,district,TAMIL. PUDU.& KARAIKAL,TAMILNADU,COIMBATORE,1.6,4.0,-60.0,LD,619.9,549.2,13.0,N,2026-08-28 18:18:01.474311
2026-08-28,2026-06-01,2026-08-28,district,TAMIL. PUDU.& KARAIKAL,TAMILNADU,CUDDALORE,0.0,3.2,-100.0,NR,212.4,218.1,-3.0,N,2026-08-28 18:18:01.474311
2026-08-28,2026-06-01,2026-08-28,district,TAMIL. PUDU.& KARAIKAL,TAMILNADU,DHARMAPURI,0.0,4.0,-100.0,NR,150.3,214.2,-30.0,D,2026-08-28 18:18:01.474311
2026-08-28,2026-06-01,2026-08-28,district,TAMIL. PUDU.& KARAIKAL,TAMILNADU,DINDIGUL,0.0,2.6,-100.0,NR,98.7,157.6,-37.0,D,2026-08-28 18:18:01.474311
2026-08-28,2026-06-01,2026-08-28,district,TAMIL. PUDU.& KARAIKAL,TAMILNADU,ERODE,0.0,2.3,-100.0,NR,112.1,150.6,-26.0,D,2026-08-28 18:18:01.474311
2026-08-28,2026-06-01,2026-08-28,district,TAMIL. PUDU.& KARAIKAL,TAMILNADU,KALLAKURICHI,0.0,2.4,-100.0,NR,158.1,239.4,-34.0,D,2026-08-28 18:18:01.474311
2026-08-28,2026-06-01,2026-08-28,district,TAMIL. PUDU.& KARAIKAL,TAMILNADU,KANCHEEPURAM,0.1,2.2,-97.0,LD,218.3,300.3,-27.0,D,2026-08-28 18:18:01.474311
2026-08-28,2026-06-01,2026-08-28,district,TAMIL. PUDU.& KARAIKAL,TAMILNADU,KANYAKUMARI,0.4,2.2,-83.0,LD,399.6,361.8,10.0,N,2026-08-28 18:18:01.474311
2026-08-28,2026-06-01,2026-08-28,district,TAMIL. PUDU.& KARAIKAL,TAMILNADU,KARUR,0.0,2.9,-100.0,NR,37.5,94.3,-60.0,LD,2026-08-28 18:18:01.474311
2026-08-28,2026-06-01,2026-08-28,district,TAMIL. PUDU.& KARAIKAL,TAMILNADU,KRISHNAGIRI,0.0,3.9,-100.0,NR,118.9,198.0,-40.0,D,2026-08-28 18:18:01.474311
2026-08-28,2026-06-01,2026-08-28,district,TAMIL. PUDU.& KARAIKAL,TAMILNADU,MADURAI,0.6,4.4,-87.0,LD,104.8,165.7,-37.0,D,2026-08-28 18:18:01.474311
2026-08-28,2026-06-01,2026-08-28,district,TAMIL. PUDU.& KARAIKAL,TAMILNADU,MAYILADUTHURAI,0.4,1.6,-73.0,LD,153.7,178.6,-14.0,N,2026-08-28 18:18:01.474311
2026-08-28,2026-06-01,2026-08-28,district,TAMIL. PUDU.& KARAIKAL,TAMILNADU,NAGAPATTINAM,0.0,2.1,-100.0,NR,68.6,148.8,-54.0,D,2026-08-28 18:18:01.474311
2026-08-28,2026-06-01,2026-08-28,district,TAMIL. PUDU.& KARAIKAL,TAMILNADU,NAMAKKAL,0.3,3.9,-94.0,LD,82.1,188.3,-56.0,D,2026-08-28 18:18:01.474311
2026-08-28,2026-06-01,2026-08-28,district,TAMIL. PUDU.& KARAIKAL,TAMILNADU,NILGIRIS,0.8,5.7,-86.0,LD,472.8,645.1,-27.0,D,2026-08-28 18:18:01.474311
2026-08-28,2026-06-01,2026-08-28,district,TAMIL. PUDU.& KARAIKAL,TAMILNADU,PERAMBALUR,0.0,2.5,-100.0,NR,157.5,147.4,7.0,N,2026-08-28 18:18:01.474311
2026-08-28,2026-06-01,2026-08-28,district,TAMIL. PUDU.& KARAIKAL,TAMILNADU,PUDUKKOTTAI,0.7,3.5,-79.0,LD,154.0,178.0,-13.0,N,2026-08-28 18:18:01.474311
2026-08-28,2026-06-01,2026-08-28,district,TAMIL. PUDU.& KARAIKAL,TAMILNADU,RAMANATHAPURAM,0.4,1.1,-64.0,LD,34.7,70.6,-51.0,D,2026-08-28 18:18:01.474311
2026-08-28,2026-06-01,2026-08-28,district,TAMIL. PUDU.& KARAIKAL,TAMILNADU,RANIPET,0.0,2.3,-100.0,NR,227.7,290.1,-22.0,D,2026-08-28 18:18:01.474311
2026-08-28,2026-06-01,2026-08-28,district,TAMIL. PUDU.& KARAIKAL,TAMILNADU,SALEM,0.6,3.8,-83.0,LD,164.3,241.5,-32.0,D,2026-08-28 18:18:01.474311
2026-08-28,2026-06-01,2026-08-28,district,TAMIL. PUDU.& KARAIKAL,TAMILNADU,SIVAGANGA,0.1,3.5,-99.0,LD,198.3,199.1,0.0,N,2026-08-28 18:18:01.474311
2026-08-28,2026-06-01,2026-08-28,district,TAMIL. PUDU.& KARAIKAL,TAMILNADU,TENKASI,0.9,0.8,7.0,N,177.3,121.1,46.0,E,2026-08-28 18:18:01.474311
2026-08-28,2026-06-01,2026-08-28,district,TAMIL. PUDU.& KARAIKAL,TAMILNADU,THANJAVUR,0.2,2.8,-93.0,LD,130.5,180.2,-28.0,D,2026-08-28 18:18:01.474311
2026-08-28,2026-06-01,2026-08-28,district,TAMIL. PUDU.& KARAIKAL,TAMILNADU,THENI,0.2,1.9,-89.0,LD,165.5,133.4,24.0,E,2026-08-28 18:18:01.474311
2026-08-28,2026-06-01,2026-08-28,district,TAMIL. PUDU.& KARAIKAL,TAMILNADU,THIRUCHIRAPALLI,0.0,3.3,-100.0,NR,88.8,145.4,-39.0,D,2026-08-28 18:18:01.474311
2026-08-28,2026-06-01,2026-08-28,district,TAMIL. PUDU.& KARAIKAL,TAMILNADU,THIRUVALLUR,0.0,2.9,-100.0,NR,245.6,302.0,-19.0,N,2026-08-28 18:18:01.474311
2026-08-28,2026-06-01,2026-08-28,district,TAMIL. PUDU.& KARAIKAL,TAMILNADU,THOOTHUKUDI,0.0,0.6,-100.0,NR,8.4,30.4,-72.0,LD,2026-08-28 18:18:01.474311
2026-08-28,2026-06-01,2026-08-28,district,TAMIL. PUDU.& KARAIKAL,TAMILNADU,TIRUNELVELI,0.0,0.6,-100.0,NR,363.8,54.5,567.0,LE,2026-08-28 18:18:01.474311
2026-08-28,2026-06-01,2026-08-28,district,TAMIL. PUDU.& KARAIKAL,TAMILNADU,TIRUPATTUR,0.0,2.7,-100.0,NR,92.7,259.2,-64.0,LD,2026-08-28 18:18:01.474311
2026-08-28,2026-06-01,2026-08-28,district,TAMIL. PUDU.& KARAIKAL,TAMILNADU,TIRUPPUR,0.0,1.1,-100.0,NR,36.2,72.9,-50.0,D,2026-08-28 18:18:01.474311
2026-08-28,2026-06-01,2026-08-28,district,TAMIL. PUDU.& KARAIKAL,TAMILNADU,TIRUVANNAMALAI,0.0,3.1,-100.0,NR,148.2,275.6,-46.0,D,2026-08-28 18:18:01.474311
2026-08-28,2026-06-01,2026-08-28,district,TAMIL. PUDU.& KARAIKAL,TAMILNADU,TIRUVARUR,0.0,3.4,-100.0,NR,150.0,175.3,-14.0,N,2026-08-28 18:18:01.474311
2026-08-28,2026-06-01,2026-08-28,district,TAMIL. PUDU.& KARAIKAL,TAMILNADU,VELLORE,0.6,2.6,-77.0,LD,142.2,267.5,-47.0,D,2026-08-28 18:18:01.474311
2026-08-28,2026-06-01,2026-08-28,district,TAMIL. PUDU.& KARAIKAL,TAMILNADU,VILLUPURAM,0.0,3.4,-100.0,NR,179.5,252.7,-29.0,D,2026-08-28 18:18:01.474311
2026-08-28,2026-06-01,2026-08-28,district,TAMIL. PUDU.& KARAIKAL,TAMILNADU,VIRUDHUNAGAR,0.0,2.1,-100.0,NR,81.3,100.7,-19.0,N,2026-08-28 18:18:01.474311
2026-08-28,2026-06-01,2026-08-28,district,TELANGANA,TELANGANA,ADILABAD,0.0,6.0,-100.0,NR,597.7,752.8,-21.0,D,2026-08-28 18:18:01.474311
2026-08-28,2026-06-01,2026-08-28,district,TELANGANA,TELANGANA,B. KOTHAGUDEM,2.3,6.4,-64.0,LD,512.4,744.9,-31.0,D,2026-08-28 18:18:01.474311
2026-08-28,2026-06-01,2026-08-28,district,TELANGANA,TELANGANA,HANUMAKONDA,0.3,5.3,-94.0,LD,321.9,516.0,-38.0,D,2026-08-28 18:18:01.474311
2026-08-28,2026-06-01,2026-08-28,district,TELANGANA,TELANGANA,HYDERABAD,0.6,8.1,-93.0,LD,307.3,450.6,-32.0,D,2026-08-28 18:18:01.474311
2026-08-28,2026-06-01,2026-08-28,district,TELANGANA,TELANGANA,J. BHUPALPALLY,2.2,10.8,-79.0,LD,694.8,774.0,-10.0,N,2026-08-28 18:18:01.474311
2026-08-28,2026-06-01,2026-08-28,district,TELANGANA,TELANGANA,JAGTIAL,0.0,6.5,-100.0,NR,679.4,619.4,10.0,N,2026-08-28 18:18:01.474311
2026-08-28,2026-06-01,2026-08-28,district,TELANGANA,TELANGANA,JANGAON,0.1,4.3,-98.0,LD,290.6,506.0,-43.0,D,2026-08-28 18:18:01.474311
2026-08-28,2026-06-01,2026-08-28,district,TELANGANA,TELANGANA,JOGULAMBA GADWAL,0.0,3.6,-100.0,NR,184.2,310.2,-41.0,D,2026-08-28 18:18:01.474311
2026-08-28,2026-06-01,2026-08-28,district,TELANGANA,TELANGANA,KAMAREDDY,0.0,6.0,-99.0,LD,732.6,594.0,23.0,E,2026-08-28 18:18:01.474311
2026-08-28,2026-06-01,2026-08-28,district,TELANGANA,TELANGANA,KARIMNAGAR,0.5,5.5,-90.0,LD,470.0,528.4,-11.0,N,2026-08-28 18:18:01.474311
2026-08-28,2026-06-01,2026-08-28,district,TELANGANA,TELANGANA,KHAMMAM,4.3,6.8,-36.0,D,450.4,590.6,-24.0,D,2026-08-28 18:18:01.474311
2026-08-28,2026-06-01,2026-08-28,district,TELANGANA,TELANGANA,KUMARAM BHEEM,0.1,6.6,-98.0,LD,905.4,781.9,16.0,N,2026-08-28 18:18:01.474311
2026-08-28,2026-06-01,2026-08-28,district,TELANGANA,TELANGANA,M. MALKAJGIRI,0.1,8.4,-99.0,LD,217.9,380.1,-43.0,D,2026-08-28 18:18:01.474311
2026-08-28,2026-06-01,2026-08-28,district,TELANGANA,TELANGANA,MAHABUBABAD,0.3,6.3,-96.0,LD,526.0,665.5,-21.0,D,2026-08-28 18:18:01.474311
2026-08-28,2026-06-01,2026-08-28,district,TELANGANA,TELANGANA,MAHABUBNAGAR,0.0,3.9,-100.0,NR,339.6,367.1,-7.0,N,2026-08-28 18:18:01.474311
2026-08-28,2026-06-01,2026-08-28,district,TELANGANA,TELANGANA,MANCHERIAL,1.1,7.5,-85.0,LD,796.0,740.7,7.0,N,2026-08-28 18:18:01.474311
2026-08-28,2026-06-01,2026-08-28,district,TELANGANA,TELANGANA,MEDAK,0.1,8.0,-99.0,LD,572.6,603.5,-5.0,N,2026-08-28 18:18:01.474311
2026-08-28,2026-06-01,2026-08-28,district,TELANGANA,TELANGANA,MULUGU,1.5,9.0,-83.0,LD,790.8,780.0,1.0,N,2026-08-28 18:18:01.474311
2026-08-28,2026-06-01,2026-08-28,district,TELANGANA,TELANGANA,NAGARKURNOOL,0.0,5.2,-99.0,LD,244.4,333.3,-27.0,D,2026-08-28 18:18:01.474311
2026-08-28,2026-06-01,2026-08-28,district,TELANGANA,TELANGANA,NALGONDA,0.2,4.3,-95.0,LD,171.0,355.6,-52.0,D,2026-08-28 18:18:01.474311
2026-08-28,2026-06-01,2026-08-28,district,TELANGANA,TELANGANA,NARAYANPET,0.0,4.2,-99.0,LD,332.8,325.5,2.0,N,2026-08-28 18:18:01.474311
2026-08-28,2026-06-01,2026-08-28,district,TELANGANA,TELANGANA,NIRMAL,0.3,6.2,-95.0,LD,383.7,697.4,-45.0,D,2026-08-28 18:18:01.474311
2026-08-28,2026-06-01,2026-08-28,district,TELANGANA,TELANGANA,NIZAMABAD,0.3,5.5,-95.0,LD,602.0,645.9,-7.0,N,2026-08-28 18:18:01.474311
2026-08-28,2026-06-01,2026-08-28,district,TELANGANA,TELANGANA,PEDDAPALLE,0.5,6.4,-93.0,LD,592.9,679.7,-13.0,N,2026-08-28 18:18:01.474311
2026-08-28,2026-06-01,2026-08-28,district,TELANGANA,TELANGANA,RAJANNA SIRCILLA,0.3,5.0,-95.0,LD,539.9,525.6,3.0,N,2026-08-28 18:18:01.474311
2026-08-28,2026-06-01,2026-08-28,district,TELANGANA,TELANGANA,RANGAREDDY,0.0,5.9,-99.0,LD,315.1,387.4,-19.0,N,2026-08-28 18:18:01.474311
2026-08-28,2026-06-01,2026-08-28,district,TELANGANA,TELANGANA,SANGAREDDY,0.0,8.3,-99.0,LD,370.3,522.8,-29.0,D,2026-08-28 18:18:01.474311
2026-08-28,2026-06-01,2026-08-28,district,TELANGANA,TELANGANA,SIDDIPET,0.0,6.3,-99.0,LD,429.4,466.5,-8.0,N,2026-08-28 18:18:01.474311
2026-08-28,2026-06-01,2026-08-28,district,TELANGANA,TELANGANA,SURYAPET,0.1,5.5,-99.0,LD,312.7,454.3,-31.0,D,2026-08-28 18:18:01.474311
2026-08-28,2026-06-01,2026-08-28,district,TELANGANA,TELANGANA,VIKARABAD,0.1,6.7,-99.0,LD,403.3,481.7,-16.0,N,2026-08-28 18:18:01.474311
2026-08-28,2026-06-01,2026-08-28,district,TELANGANA,TELANGANA,WANAPARTHY,0.0,6.1,-100.0,NR,260.9,384.6,-32.0,D,2026-08-28 18:18:01.474311
2026-08-28,2026-06-01,2026-08-28,district,TELANGANA,TELANGANA,WARANGAL,0.0,5.3,-100.0,NR,390.8,706.6,-45.0,D,2026-08-28 18:18:01.474311
2026-08-28,2026-06-01,2026-08-28,district,TELANGANA,TELANGANA,Y. BHUVANAGIRI,0.0,4.2,-100.0,NR,207.8,385.4,-46.0,D,2026-08-28 18:18:01.474311
2026-08-28,2026-06-01,2026-08-28,district,UTTARAKHAND,UTTARAKHAND,ALMORA,0.2,5.3,-97.0,LD,675.1,649.6,4.0,N,2026-08-28 18:18:01.474311
2026-08-28,2026-06-01,2026-08-28,district,UTTARAKHAND,UTTARAKHAND,BAGESHWAR,12.6,5.3,138.0,LE,1600.4,649.6,146.0,LE,2026-08-28 18:18:01.474311
2026-08-28,2026-06-01,2026-08-28,district,UTTARAKHAND,UTTARAKHAND,CHAMOLI,12.2,6.9,76.0,LE,931.5,599.3,55.0,E,2026-08-28 18:18:01.474311
2026-08-28,2026-06-01,2026-08-28,district,UTTARAKHAND,UTTARAKHAND,CHAMPAWAT,4.9,9.6,-49.0,D,662.5,1050.2,-37.0,D,2026-08-28 18:18:01.474311
2026-08-28,2026-06-01,2026-08-28,district,UTTARAKHAND,UTTARAKHAND,DEHRADUN,2.1,11.3,-81.0,LD,1115.9,1194.4,-7.0,N,2026-08-28 18:18:01.474311
2026-08-28,2026-06-01,2026-08-28,district,UTTARAKHAND,UTTARAKHAND,GARHWAL PAURI,0.9,14.3,-94.0,LD,533.7,1035.6,-48.0,D,2026-08-28 18:18:01.474311
2026-08-28,2026-06-01,2026-08-28,district,UTTARAKHAND,UTTARAKHAND,GARHWAL TEHRI,1.3,7.2,-82.0,LD,964.3,773.8,25.0,E,2026-08-28 18:18:01.474311
2026-08-28,2026-06-01,2026-08-28,district,UTTARAKHAND,UTTARAKHAND,HARDWAR,8.4,9.1,-8.0,N,940.3,801.0,17.0,N,2026-08-28 18:18:01.474311
2026-08-28,2026-06-01,2026-08-28,district,UTTARAKHAND,UTTARAKHAND,NAINITAL,1.4,13.6,-89.0,LD,813.2,1251.8,-35.0,D,2026-08-28 18:18:01.474311
2026-08-28,2026-06-01,2026-08-28,district,UTTARAKHAND,UTTARAKHAND,PITHORAGARH,8.1,12.1,-33.0,D,1191.1,1231.5,-3.0,N,2026-08-28 18:18:01.474311
2026-08-28,2026-06-01,2026-08-28,district,UTTARAKHAND,UTTARAKHAND,RUDRAPRAYAG,11.5,12.7,-9.0,N,1138.4,1301.0,-13.0,N,2026-08-28 18:18:01.474311
2026-08-28,2026-06-01,2026-08-28,district,UTTARAKHAND,UTTARAKHAND,UDHAM SINGH NAGAR,6.0,12.5,-52.0,D,839.9,915.0,-8.0,N,2026-08-28 18:18:01.474311
2026-08-28,2026-06-01,2026-08-28,district,UTTARAKHAND,UTTARAKHAND,UTTARKASHI,5.7,7.5,-24.0,D,828.3,957.7,-14.0,N,2026-08-28 18:18:01.474311
2026-08-28,2026-06-01,2026-08-28,district,VIDARBHA,MAHARASHTRA,AKOLA,0.0,4.7,-100.0,NR,358.1,556.8,-36.0,D,2026-08-28 18:18:01.474311
2026-08-28,2026-06-01,2026-08-28,district,VIDARBHA,MAHARASHTRA,AMRAOTI,0.0,6.7,-99.0,LD,399.2,652.8,-39.0,D,2026-08-28 18:18:01.474311
2026-08-28,2026-06-01,2026-08-28,district,VIDARBHA,MAHARASHTRA,BHANDARA,1.6,9.1,-82.0,LD,735.3,875.2,-16.0,N,2026-08-28 18:18:01.474311
2026-08-28,2026-06-01,2026-08-28,district,VIDARBHA,MAHARASHTRA,BULDHANA,0.2,4.1,-94.0,LD,454.9,506.1,-10.0,N,2026-08-28 18:18:01.474311
2026-08-28,2026-06-01,2026-08-28,district,VIDARBHA,MAHARASHTRA,CHANDRAPUR,2.6,9.7,-73.0,LD,583.4,875.3,-33.0,D,2026-08-28 18:18:01.474311
2026-08-28,2026-06-01,2026-08-28,district,VIDARBHA,MAHARASHTRA,GADCHIROLI,11.6,12.3,-5.0,N,841.0,1048.8,-20.0,D,2026-08-28 18:18:01.474311
2026-08-28,2026-06-01,2026-08-28,district,VIDARBHA,MAHARASHTRA,GONDIA,0.6,15.0,-96.0,LD,973.9,990.7,-2.0,N,2026-08-28 18:18:01.474311
2026-08-28,2026-06-01,2026-08-28,district,VIDARBHA,MAHARASHTRA,NAGPUR,3.1,10.5,-70.0,LD,478.1,746.1,-36.0,D,2026-08-28 18:18:01.474311
2026-08-28,2026-06-01,2026-08-28,district,VIDARBHA,MAHARASHTRA,WARDHA,0.3,5.6,-95.0,LD,469.6,665.1,-29.0,D,2026-08-28 18:18:01.474311
2026-08-28,2026-06-01,2026-08-28,district,VIDARBHA,MAHARASHTRA,WASHIM,0.0,4.2,-100.0,NR,435.7,614.5,-29.0,D,2026-08-28 18:18:01.474311
2026-08-28,2026-06-01,2026-08-28,district,VIDARBHA,MAHARASHTRA,YEOTMAL,0.0,5.7,-99.0,LD,531.5,653.1,-19.0,N,2026-08-28 18:18:01.474311
2026-08-28,2026-06-01,2026-08-28,district,WEST MADHYA PRADESH,MADHYA PRADESH,AGAR-MALWA,5.2,5.5,-5.0,N,721.0,718.6,0.0,N,2026-08-28 18:18:01.474311
2026-08-28,2026-06-01,2026-08-28,district,WEST MADHYA PRADESH,MADHYA PRADESH,ALIRAJPUR,0.0,8.7,-100.0,NR,374.8,683.7,-45.0,D,2026-08-28 18:18:01.474311
2026-08-28,2026-06-01,2026-08-28,district,WEST MADHYA PRADESH,MADHYA PRADESH,ASHOKNAGAR,10.3,7.4,39.0,E,556.5,681.5,-18.0,N,2026-08-28 18:18:01.474311
2026-08-28,2026-06-01,2026-08-28,district,WEST MADHYA PRADESH,MADHYA PRADESH,BARWANI,0.0,6.6,-100.0,NR,473.0,511.2,-7.0,N,2026-08-28 18:18:01.474311
2026-08-28,2026-06-01,2026-08-28,district,WEST MADHYA PRADESH,MADHYA PRADESH,BETUL,4.9,7.8,-37.0,D,594.0,818.1,-27.0,D,2026-08-28 18:18:01.474311
2026-08-28,2026-06-01,2026-08-28,district,WEST MADHYA PRADESH,MADHYA PRADESH,BHIND,4.3,5.1,-16.0,N,633.2,473.3,34.0,E,2026-08-28 18:18:01.474311
2026-08-28,2026-06-01,2026-08-28,district,WEST MADHYA PRADESH,MADHYA PRADESH,BHOPAL,7.4,8.9,-17.0,N,887.9,767.4,16.0,N,2026-08-28 18:18:01.474311
2026-08-28,2026-06-01,2026-08-28,district,WEST MADHYA PRADESH,MADHYA PRADESH,BURHANPUR,0.0,6.6,-100.0,NR,697.3,573.0,22.0,E,2026-08-28 18:18:01.474311
2026-08-28,2026-06-01,2026-08-28,district,WEST MADHYA PRADESH,MADHYA PRADESH,DATIA,19.7,7.6,159.0,LE,604.1,586.7,3.0,N,2026-08-28 18:18:01.474311
2026-08-28,2026-06-01,2026-08-28,district,WEST MADHYA PRADESH,MADHYA PRADESH,DEWAS,2.4,8.6,-72.0,LD,681.9,717.1,-5.0,N,2026-08-28 18:18:01.474311
2026-08-28,2026-06-01,2026-08-28,district,WEST MADHYA PRADESH,MADHYA PRADESH,DHAR,0.0,8.5,-100.0,NR,401.5,626.3,-36.0,D,2026-08-28 18:18:01.474311
2026-08-28,2026-06-01,2026-08-28,district,WEST MADHYA PRADESH,MADHYA PRADESH,GUNA,24.9,8.5,192.0,LE,813.4,767.6,6.0,N,2026-08-28 18:18:01.474311
2026-08-28,2026-06-01,2026-08-28,district,WEST MADHYA PRADESH,MADHYA PRADESH,GWALIOR,26.2,8.8,197.0,LE,595.3,556.6,7.0,N,2026-08-28 18:18:01.474311
2026-08-28,2026-06-01,2026-08-28,district,WEST MADHYA PRADESH,MADHYA PRADESH,HARDA,1.0,9.6,-90.0,LD,615.4,875.6,-30.0,D,2026-08-28 18:18:01.474311
2026-08-28,2026-06-01,2026-08-28,district,WEST MADHYA PRADESH,MADHYA PRADESH,INDORE,0.0,7.8,-100.0,NR,526.3,671.2,-22.0,D,2026-08-28 18:18:01.474311
2026-08-28,2026-06-01,2026-08-28,district,WEST MADHYA PRADESH,MADHYA PRADESH,JHABUA,0.0,11.0,-100.0,NR,482.2,693.9,-31.0,D,2026-08-28 18:18:01.474311
2026-08-28,2026-06-01,2026-08-28,district,WEST MADHYA PRADESH,MADHYA PRADESH,KHANDWA,0.0,6.4,-100.0,NR,603.8,609.0,-1.0,N,2026-08-28 18:18:01.474311
2026-08-28,2026-06-01,2026-08-28,district,WEST MADHYA PRADESH,MADHYA PRADESH,KHARGONE,0.0,6.6,-100.0,NR,638.3,557.8,14.0,N,2026-08-28 18:18:01.474311
2026-08-28,2026-06-01,2026-08-28,district,WEST MADHYA PRADESH,MADHYA PRADESH,MANDSAUR,0.0,5.2,-100.0,NR,588.1,661.8,-11.0,N,2026-08-28 18:18:01.474311
2026-08-28,2026-06-01,2026-08-28,district,WEST MADHYA PRADESH,MADHYA PRADESH,MORENA,7.5,5.3,42.0,E,379.1,520.9,-27.0,D,2026-08-28 18:18:01.474311
2026-08-28,2026-06-01,2026-08-28,district,WEST MADHYA PRADESH,MADHYA PRADESH,NARMADAPURAM,13.6,13.9,-2.0,N,665.8,997.5,-33.0,D,2026-08-28 18:18:01.474311
2026-08-28,2026-06-01,2026-08-28,district,WEST MADHYA PRADESH,MADHYA PRADESH,NEEMUCH,0.5,5.4,-91.0,LD,573.2,635.3,-10.0,N,2026-08-28 18:18:01.474311
2026-08-28,2026-06-01,2026-08-28,district,WEST MADHYA PRADESH,MADHYA PRADESH,RAISEN,2.6,13.1,-80.0,LD,703.3,865.2,-19.0,N,2026-08-28 18:18:01.474311
2026-08-28,2026-06-01,2026-08-28,district,WEST MADHYA PRADESH,MADHYA PRADESH,RAJGARH,12.8,6.7,91.0,LE,846.3,729.4,16.0,N,2026-08-28 18:18:01.474311
2026-08-28,2026-06-01,2026-08-28,district,WEST MADHYA PRADESH,MADHYA PRADESH,RATLAM,0.0,9.2,-100.0,NR,496.5,738.6,-33.0,D,2026-08-28 18:18:01.474311
2026-08-28,2026-06-01,2026-08-28,district,WEST MADHYA PRADESH,MADHYA PRADESH,SEHORE,11.3,10.0,13.0,N,770.1,850.3,-9.0,N,2026-08-28 18:18:01.474311
2026-08-28,2026-06-01,2026-08-28,district,WEST MADHYA PRADESH,MADHYA PRADESH,SHAJAPUR,5.9,7.8,-25.0,D,570.4,727.7,-22.0,D,2026-08-28 18:18:01.474311
2026-08-28,2026-06-01,2026-08-28,district,WEST MADHYA PRADESH,MADHYA PRADESH,SHEOPUR,22.2,3.2,593.0,LE,542.0,558.1,-3.0,N,2026-08-28 18:18:01.474311
2026-08-28,2026-06-01,2026-08-28,district,WEST MADHYA PRADESH,MADHYA PRADESH,SHIVPURI,46.7,6.2,653.0,LE,678.6,634.4,7.0,N,2026-08-28 18:18:01.474311
2026-08-28,2026-06-01,2026-08-28,district,WEST MADHYA PRADESH,MADHYA PRADESH,UJJAIN,0.0,6.6,-100.0,NR,541.1,700.3,-23.0,D,2026-08-28 18:18:01.474311
2026-08-28,2026-06-01,2026-08-28,district,WEST MADHYA PRADESH,MADHYA PRADESH,VIDISHA,5.2,13.0,-60.0,LD,642.3,833.1,-23.0,D,2026-08-28 18:18:01.474311
2026-08-28,2026-06-01,2026-08-28,district,WEST RAJASTHAN,RAJASTHAN,BARMER,0.0,2.1,-100.0,NR,188.0,225.9,-17.0,N,2026-08-28 18:18:01.474311
2026-08-28,2026-06-01,2026-08-28,district,WEST RAJASTHAN,RAJASTHAN,BIKANER,0.0,1.3,-100.0,NR,203.5,208.0,-2.0,N,2026-08-28 18:18:01.474311
2026-08-28,2026-06-01,2026-08-28,district,WEST RAJASTHAN,RAJASTHAN,CHURU,0.0,2.4,-100.0,NR,264.7,281.8,-6.0,N,2026-08-28 18:18:01.474311
2026-08-28,2026-06-01,2026-08-28,district,WEST RAJASTHAN,RAJASTHAN,HANUMANGARH,0.0,1.9,-100.0,NR,142.8,208.7,-32.0,D,2026-08-28 18:18:01.474311
2026-08-28,2026-06-01,2026-08-28,district,WEST RAJASTHAN,RAJASTHAN,JAISALMER,0.0,2.5,-100.0,NR,83.3,145.6,-43.0,D,2026-08-28 18:18:01.474311
2026-08-28,2026-06-01,2026-08-28,district,WEST RAJASTHAN,RAJASTHAN,JALORE,0.0,4.5,-100.0,NR,143.1,345.5,-59.0,D,2026-08-28 18:18:01.474311
2026-08-28,2026-06-01,2026-08-28,district,WEST RAJASTHAN,RAJASTHAN,JODHPUR,0.0,3.9,-100.0,NR,189.2,240.5,-21.0,D,2026-08-28 18:18:01.474311
2026-08-28,2026-06-01,2026-08-28,district,WEST RAJASTHAN,RAJASTHAN,NAGAUR,0.0,3.0,-100.0,NR,283.0,317.5,-11.0,N,2026-08-28 18:18:01.474311
2026-08-28,2026-06-01,2026-08-28,district,WEST RAJASTHAN,RAJASTHAN,PALI,0.0,5.4,-100.0,NR,208.0,410.6,-49.0,D,2026-08-28 18:18:01.474311
2026-08-28,2026-06-01,2026-08-28,district,WEST RAJASTHAN,RAJASTHAN,SRI GANGANAGAR,0.0,1.4,-100.0,NR,168.7,164.4,3.0,N,2026-08-28 18:18:01.474311
2026-08-28,2026-06-01,2026-08-28,district,WEST UTTAR PRADESH,UTTAR PRADESH,AGRA,3.5,5.3,-34.0,D,416.1,419.9,-1.0,N,2026-08-28 18:18:01.474311
2026-08-28,2026-06-01,2026-08-28,district,WEST UTTAR PRADESH,UTTAR PRADESH,ALIGARH,1.4,6.5,-79.0,LD,280.0,473.1,-41.0,D,2026-08-28 18:18:01.474311
2026-08-28,2026-06-01,2026-08-28,district,WEST UTTAR PRADESH,UTTAR PRADESH,AMROHA,26.7,7.0,281.0,LE,412.2,663.0,-38.0,D,2026-08-28 18:18:01.474311
2026-08-28,2026-06-01,2026-08-28,district,WEST UTTAR PRADESH,UTTAR PRADESH,AURAIYA,0.0,3.8,-100.0,NR,458.7,395.9,16.0,N,2026-08-28 18:18:01.474311
2026-08-28,2026-06-01,2026-08-28,district,WEST UTTAR PRADESH,UTTAR PRADESH,BADAUN,10.8,7.8,38.0,E,563.0,526.6,7.0,N,2026-08-28 18:18:01.474311
2026-08-28,2026-06-01,2026-08-28,district,WEST UTTAR PRADESH,UTTAR PRADESH,BAGHPAT,0.0,6.7,-100.0,NR,443.3,404.4,10.0,N,2026-08-28 18:18:01.474311
2026-08-28,2026-06-01,2026-08-28,district,WEST UTTAR PRADESH,UTTAR PRADESH,BAREILLY,3.2,8.4,-61.0,LD,561.7,623.9,-10.0,N,2026-08-28 18:18:01.474311
2026-08-28,2026-06-01,2026-08-28,district,WEST UTTAR PRADESH,UTTAR PRADESH,BIJNOR,19.7,10.3,91.0,LE,902.7,724.7,25.0,E,2026-08-28 18:18:01.474311
2026-08-28,2026-06-01,2026-08-28,district,WEST UTTAR PRADESH,UTTAR PRADESH,BULANDSHAHAR,1.4,5.3,-73.0,LD,404.8,426.7,-5.0,N,2026-08-28 18:18:01.474311
2026-08-28,2026-06-01,2026-08-28,district,WEST UTTAR PRADESH,UTTAR PRADESH,ETAH,11.3,5.6,102.0,LE,566.2,395.6,43.0,E,2026-08-28 18:18:01.474311
2026-08-28,2026-06-01,2026-08-28,district,WEST UTTAR PRADESH,UTTAR PRADESH,ETAWAH,1.7,3.0,-44.0,D,533.4,437.4,22.0,E,2026-08-28 18:18:01.474311
2026-08-28,2026-06-01,2026-08-28,district,WEST UTTAR PRADESH,UTTAR PRADESH,FIROZABAD,7.6,5.5,38.0,E,578.5,450.1,29.0,E,2026-08-28 18:18:01.474311
2026-08-28,2026-06-01,2026-08-28,district,WEST UTTAR PRADESH,UTTAR PRADESH,GAUTAM BUDDHA NAGAR,0.0,7.4,-100.0,NR,516.8,362.0,43.0,E,2026-08-28 18:18:01.474311
2026-08-28,2026-06-01,2026-08-28,district,WEST UTTAR PRADESH,UTTAR PRADESH,GHAZIABAD,1.8,7.3,-76.0,LD,154.8,364.7,-58.0,D,2026-08-28 18:18:01.474311
2026-08-28,2026-06-01,2026-08-28,district,WEST UTTAR PRADESH,UTTAR PRADESH,HAMIRPUR,58.9,6.8,766.0,LE,840.9,544.5,54.0,E,2026-08-28 18:18:01.474311
2026-08-28,2026-06-01,2026-08-28,district,WEST UTTAR PRADESH,UTTAR PRADESH,HAPUR,0.0,4.9,-100.0,NR,276.5,539.8,-49.0,D,2026-08-28 18:18:01.474311
2026-08-28,2026-06-01,2026-08-28,district,WEST UTTAR PRADESH,UTTAR PRADESH,HATHRAS,9.2,4.6,99.0,LE,407.5,444.6,-8.0,N,2026-08-28 18:18:01.474311
2026-08-28,2026-06-01,2026-08-28,district,WEST UTTAR PRADESH,UTTAR PRADESH,JALAUN,16.0,6.9,131.0,LE,581.1,496.4,17.0,N,2026-08-28 18:18:01.474311
2026-08-28,2026-06-01,2026-08-28,district,WEST UTTAR PRADESH,UTTAR PRADESH,JHANSI,50.8,6.2,720.0,LE,485.1,560.2,-13.0,N,2026-08-28 18:18:01.474311
2026-08-28,2026-06-01,2026-08-28,district,WEST UTTAR PRADESH,UTTAR PRADESH,KASGANJ,4.0,5.4,-26.0,D,496.7,517.6,-4.0,N,2026-08-28 18:18:01.474311
2026-08-28,2026-06-01,2026-08-28,district,WEST UTTAR PRADESH,UTTAR PRADESH,LALITPUR,24.4,6.4,281.0,LE,705.9,640.7,10.0,N,2026-08-28 18:18:01.474311
2026-08-28,2026-06-01,2026-08-28,district,WEST UTTAR PRADESH,UTTAR PRADESH,MAHOBA,94.1,7.3,1189.0,LE,820.4,476.7,72.0,LE,2026-08-28 18:18:01.474311
2026-08-28,2026-06-01,2026-08-28,district,WEST UTTAR PRADESH,UTTAR PRADESH,MAINPURI,2.7,4.7,-43.0,D,285.0,506.0,-44.0,D,2026-08-28 18:18:01.474311
2026-08-28,2026-06-01,2026-08-28,district,WEST UTTAR PRADESH,UTTAR PRADESH,MATHURA,0.0,6.2,-100.0,NR,232.0,399.2,-42.0,D,2026-08-28 18:18:01.474311
2026-08-28,2026-06-01,2026-08-28,district,WEST UTTAR PRADESH,UTTAR PRADESH,MEERUT,1.8,4.3,-59.0,D,881.2,512.6,72.0,LE,2026-08-28 18:18:01.474311
2026-08-28,2026-06-01,2026-08-28,district,WEST UTTAR PRADESH,UTTAR PRADESH,MORADABAD,44.4,11.4,289.0,LE,688.1,693.5,-1.0,N,2026-08-28 18:18:01.474311
2026-08-28,2026-06-01,2026-08-28,district,WEST UTTAR PRADESH,UTTAR PRADESH,MUZAFFARNAGAR,1.5,8.9,-83.0,LD,930.0,522.9,78.0,LE,2026-08-28 18:18:01.474311
2026-08-28,2026-06-01,2026-08-28,district,WEST UTTAR PRADESH,UTTAR PRADESH,PILIBHIT,20.3,7.3,177.0,LE,215.9,655.8,-67.0,LD,2026-08-28 18:18:01.474311
2026-08-28,2026-06-01,2026-08-28,district,WEST UTTAR PRADESH,UTTAR PRADESH,RAMPUR,15.8,6.9,129.0,LE,501.3,574.8,-13.0,N,2026-08-28 18:18:01.474311
2026-08-28,2026-06-01,2026-08-28,district,WEST UTTAR PRADESH,UTTAR PRADESH,SAHARANPUR,6.0,8.6,-30.0,D,483.5,614.9,-21.0,D,2026-08-28 18:18:01.474311
2026-08-28,2026-06-01,2026-08-28,district,WEST UTTAR PRADESH,UTTAR PRADESH,SAMBHAL,67.3,7.3,822.0,LE,1023.5,518.6,97.0,LE,2026-08-28 18:18:01.474311
2026-08-28,2026-06-01,2026-08-28,district,WEST UTTAR PRADESH,UTTAR PRADESH,SHAHJAHANPUR,0.0,5.9,-100.0,NR,544.2,594.9,-9.0,N,2026-08-28 18:18:01.474311
2026-08-28,2026-06-01,2026-08-28,district,WEST UTTAR PRADESH,UTTAR PRADESH,SHAMLI,2.3,8.8,-73.0,LD,160.3,436.8,-63.0,LD,2026-08-28 18:18:01.474311
2026-08-28,2026-06-01,2026-08-28,state,ASSAM & MEGHALAYA,ASSAM,,4.6,9.9,-54.0,D,872.0,1167.2,-25.0,D,2026-08-28 18:18:01.474311
2026-08-28,2026-06-01,2026-08-28,state,ASSAM & MEGHALAYA,MEGHALAYA,,6.5,13.9,-54.0,D,902.4,2160.8,-58.0,D,2026-08-28 18:18:01.474311
2026-08-28,2026-06-01,2026-08-28,state,BIHAR,UTTAR PRADESH,,13.2,6.3,110.0,LE,530.9,577.3,-8.0,N,2026-08-28 18:18:01.474311
2026-08-28,2026-06-01,2026-08-28,state,CHHATTISGARH,ANDHRA PRADESH,,0.3,3.9,-92.0,LD,212.9,356.0,-40.0,D,2026-08-28 18:18:01.474311
2026-08-28,2026-06-01,2026-08-28,state,COASTAL A. P. & YANAM,ANDHRA PRADESH,,0.3,3.9,-92.0,LD,212.9,356.0,-40.0,D,2026-08-28 18:18:01.474311
2026-08-28,2026-06-01,2026-08-28,state,COASTAL A. P. & YANAM,PUDUCHERRY (UT),,0.0,2.8,-99.0,LD,177.5,276.0,-36.0,D,2026-08-28 18:18:01.474311
2026-08-28,2026-06-01,2026-08-28,state,EAST MADHYA PRADESH,GUJARAT,,0.1,6.0,-99.0,LD,515.6,569.2,-9.0,N,2026-08-28 18:18:01.474311
2026-08-28,2026-06-01,2026-08-28,state,GUJARAT REGION,DADRA & NAGAR HAVELI AND DAMAN & DIU (UT),,4.2,25.6,-84.0,LD,2728.5,1806.0,51.0,E,2026-08-28 18:18:01.474311
2026-08-28,2026-06-01,2026-08-28,state,GUJARAT REGION,GUJARAT,,0.1,6.0,-99.0,LD,515.6,569.2,-9.0,N,2026-08-28 18:18:01.474311
2026-08-28,2026-06-01,2026-08-28,state,HAR. CHD & DELHI,CHANDIGARH (UT),,0.1,9.7,-99.0,LD,596.3,699.2,-15.0,N,2026-08-28 18:18:01.474311
2026-08-28,2026-06-01,2026-08-28,state,HAR. CHD & DELHI,DELHI,,1.5,5.6,-73.0,LD,501.0,426.2,18.0,N,2026-08-28 18:18:01.474311
2026-08-28,2026-06-01,2026-08-28,state,HAR. CHD & DELHI,HARYANA,,0.7,5.7,-87.0,LD,281.3,341.0,-18.0,N,2026-08-28 18:18:01.474311
2026-08-28,2026-06-01,2026-08-28,state,J & K AND LADAKH,JAMMU & KASHMIR(UT),,1.5,7.4,-79.0,LD,447.9,441.6,1.0,N,2026-08-28 18:18:01.474311
2026-08-28,2026-06-01,2026-08-28,state,J & K AND LADAKH,LADAKH (UT),,0.0,0.1,-100.0,NR,49.2,16.2,204.0,LE,2026-08-28 18:18:01.474311
2026-08-28,2026-06-01,2026-08-28,state,J & K AND LADAKH,RAJASTHAN,,0.4,3.8,-90.0,LD,282.6,361.3,-22.0,D,2026-08-28 18:18:01.474311
2026-08-28,2026-06-01,2026-08-28,state,KERALA & MAHE,KERALA,,3.2,10.0,-68.0,LD,1359.2,1712.3,-21.0,D,2026-08-28 18:18:01.474311
2026-08-28,2026-06-01,2026-08-28,state,KERALA & MAHE,PUDUCHERRY (UT),,0.0,2.8,-99.0,LD,177.5,276.0,-36.0,D,2026-08-28 18:18:01.474311
2026-08-28,2026-06-01,2026-08-28,state,KONKAN & GOA,GOA,,5.5,17.8,-69.0,LD,1739.2,2631.7,-34.0,D,2026-08-28 18:18:01.474311
2026-08-28,2026-06-01,2026-08-28,state,KONKAN & GOA,MAHARASHTRA,,2.3,7.9,-71.0,LD,708.1,788.6,-10.0,N,2026-08-28 18:18:01.474311
2026-08-28,2026-06-01,2026-08-28,state,NMMT,MANIPUR,,0.2,5.4,-96.0,LD,466.6,814.9,-43.0,D,2026-08-28 18:18:01.474311
2026-08-28,2026-06-01,2026-08-28,state,NMMT,MIZORAM,,28.6,12.9,122.0,LE,977.9,1232.1,-21.0,D,2026-08-28 18:18:01.474311
2026-08-28,2026-06-01,2026-08-28,state,NMMT,NAGALAND,,3.0,7.7,-61.0,LD,856.1,808.7,6.0,N,2026-08-28 18:18:01.474311
2026-08-28,2026-06-01,2026-08-28,state,NMMT,TRIPURA,,36.7,9.9,271.0,LE,962.4,1107.8,-13.0,N,2026-08-28 18:18:01.474311
2026-08-28,2026-06-01,2026-08-28,state,SAURASHTRA & KUTCH,DADRA & NAGAR HAVELI AND DAMAN & DIU (UT),,4.2,25.6,-84.0,LD,2728.5,1806.0,51.0,E,2026-08-28 18:18:01.474311
2026-08-28,2026-06-01,2026-08-28,state,SAURASHTRA & KUTCH,GUJARAT,,0.1,6.0,-99.0,LD,515.6,569.2,-9.0,N,2026-08-28 18:18:01.474311
2026-08-28,2026-06-01,2026-08-28,state,SHWB & SIKKIM,SIKKIM,,9.1,12.3,-26.0,D,1247.6,1291.9,-3.0,N,2026-08-28 18:18:01.474311
2026-08-28,2026-06-01,2026-08-28,state,SHWB & SIKKIM,WEST BENGAL,,9.2,10.5,-12.0,N,1044.0,1019.2,2.0,N,2026-08-28 18:18:01.474311
2026-08-28,2026-06-01,2026-08-28,state,TAMIL. PUDU.& KARAIKAL,KARNATAKA,,2.4,5.6,-57.0,D,506.6,654.3,-23.0,D,2026-08-28 18:18:01.474311
2026-08-28,2026-06-01,2026-08-28,state,TAMIL. PUDU.& KARAIKAL,PUDUCHERRY (UT),,0.0,2.8,-99.0,LD,177.5,276.0,-36.0,D,2026-08-28 18:18:01.474311
2026-08-28,2026-06-01,2026-08-28,state,TAMIL. PUDU.& KARAIKAL,TAMILNADU,,0.2,2.7,-92.0,LD,163.3,201.6,-19.0,N,2026-08-28 18:18:01.474311
2026-08-28,2026-06-01,2026-08-28,state,WEST RAJASTHAN,MADHYA PRADESH,,9.3,8.6,9.0,N,689.1,750.9,-8.0,N,2026-08-28 18:18:01.474311
2026-08-28,2026-06-01,2026-08-28,subdivision,A & N ISLAND,,,15.0,15.0,0.0,N,1244.9,1162.3,7.0,N,2026-08-28 18:18:01.474311
2026-08-28,2026-06-01,2026-08-28,subdivision,ARUNACHAL PRADESH,,,8.7,9.0,-3.0,N,773.3,1296.9,-40.0,D,2026-08-28 18:18:01.474311
2026-08-28,2026-06-01,2026-08-28,subdivision,ASSAM & MEGHALAYA,,,5.0,10.9,-54.0,D,879.3,1398.5,-37.0,D,2026-08-28 18:18:01.474311
2026-08-28,2026-06-01,2026-08-28,subdivision,BIHAR,,,4.3,7.3,-42.0,D,437.3,756.5,-42.0,D,2026-08-28 18:18:01.474311
2026-08-28,2026-06-01,2026-08-28,subdivision,CHHATTISGARH,,,8.1,13.7,-41.0,D,875.8,888.8,-1.0,N,2026-08-28 18:18:01.474311
2026-08-28,2026-06-01,2026-08-28,subdivision,COASTAL A. P. & YANAM,,,0.5,4.5,-88.0,LD,257.9,422.0,-39.0,D,2026-08-28 18:18:01.474311
2026-08-28,2026-06-01,2026-08-28,subdivision,COASTAL KARNATAKA,,,11.8,16.3,-27.0,D,2077.6,2717.4,-24.0,D,2026-08-28 18:18:01.474311
2026-08-28,2026-06-01,2026-08-28,subdivision,EAST MADHYA PRADESH,,,10.3,9.4,9.0,N,785.2,820.5,-4.0,N,2026-08-28 18:18:01.474311
2026-08-28,2026-06-01,2026-08-28,subdivision,EAST RAJASTHAN,,,0.8,5.0,-83.0,LD,411.8,518.2,-21.0,D,2026-08-28 18:18:01.474311
2026-08-28,2026-06-01,2026-08-28,subdivision,EAST UTTAR PRADESH,,,10.4,5.8,80.0,LE,514.7,610.5,-16.0,N,2026-08-28 18:18:01.474311
2026-08-28,2026-06-01,2026-08-28,subdivision,GANGETIC WEST BENGAL,,,11.6,9.7,19.0,N,945.8,877.8,8.0,N,2026-08-28 18:18:01.474311
2026-08-28,2026-06-01,2026-08-28,subdivision,GUJARAT REGION,,,0.2,8.5,-98.0,LD,791.5,750.7,5.0,N,2026-08-28 18:18:01.474311
2026-08-28,2026-06-01,2026-08-28,subdivision,HAR. CHD & DELHI,,,0.8,5.7,-87.0,LD,287.5,344.5,-17.0,N,2026-08-28 18:18:01.474311
2026-08-28,2026-06-01,2026-08-28,subdivision,HIMACHAL PRADESH,,,2.7,6.6,-59.0,D,543.4,598.4,-9.0,N,2026-08-28 18:18:01.474311
2026-08-28,2026-06-01,2026-08-28,subdivision,J & K AND LADAKH,,,1.5,7.4,-79.0,LD,447.9,441.6,1.0,N,2026-08-28 18:18:01.474311
2026-08-28,2026-06-01,2026-08-28,subdivision,JHARKHAND,,,14.6,9.8,49.0,E,677.2,778.3,-13.0,N,2026-08-28 18:18:01.474311
2026-08-28,2026-06-01,2026-08-28,subdivision,KERALA & MAHE,,,3.2,10.0,-68.0,LD,1359.3,1712.3,-21.0,D,2026-08-28 18:18:01.474311
2026-08-28,2026-06-01,2026-08-28,subdivision,KONKAN & GOA,,,8.0,22.4,-64.0,LD,2230.2,2432.4,-8.0,N,2026-08-28 18:18:01.474311
2026-08-28,2026-06-01,2026-08-28,subdivision,LAKSHADWEEP,,,1.0,5.3,-82.0,LD,627.9,831.0,-24.0,D,2026-08-28 18:18:01.474311
2026-08-28,2026-06-01,2026-08-28,subdivision,MADHYA MAHARASHTRA,,,1.7,5.2,-68.0,LD,626.5,571.6,10.0,N,2026-08-28 18:18:01.474311
2026-08-28,2026-06-01,2026-08-28,subdivision,MARATHWADA,,,0.3,5.6,-95.0,LD,334.5,463.7,-28.0,D,2026-08-28 18:18:01.474311
2026-08-28,2026-06-01,2026-08-28,subdivision,N. I. KARNATAKA,,,0.4,3.5,-90.0,LD,271.2,330.2,-18.0,N,2026-08-28 18:18:01.474311
2026-08-28,2026-06-01,2026-08-28,subdivision,NMMT,,,16.4,9.3,76.0,LE,803.6,1007.2,-20.0,D,2026-08-28 18:18:01.474311
2026-08-28,2026-06-01,2026-08-28,subdivision,ODISHA,,,6.3,13.6,-54.0,D,1109.2,884.1,25.0,E,2026-08-28 18:18:01.474311
2026-08-28,2026-06-01,2026-08-28,subdivision,PUNJAB,,,0.1,4.8,-97.0,LD,229.4,353.8,-35.0,D,2026-08-28 18:18:01.474311
2026-08-28,2026-06-01,2026-08-28,subdivision,RAYALASEEMA,,,0.0,3.3,-99.0,LD,154.1,262.4,-41.0,D,2026-08-28 18:18:01.474311
2026-08-28,2026-06-01,2026-08-28,subdivision,S. I. KARNATAKA,,,2.3,5.4,-57.0,D,394.7,517.8,-24.0,D,2026-08-28 18:18:01.474311
2026-08-28,2026-06-01,2026-08-28,subdivision,SAURASHTRA & KUTCH,,,0.0,4.0,-100.0,NR,297.4,424.3,-30.0,D,2026-08-28 18:18:01.474311
2026-08-28,2026-06-01,2026-08-28,subdivision,SHWB & SIKKIM,,,3.8,13.1,-71.0,LD,1318.6,1456.5,-9.0,N,2026-08-28 18:18:01.474311
2026-08-28,2026-06-01,2026-08-28,subdivision,TAMIL. PUDU.& KARAIKAL,,,0.2,2.8,-93.0,LD,163.3,201.7,-19.0,N,2026-08-28 18:18:01.474311
2026-08-28,2026-06-01,2026-08-28,subdivision,TELANGANA,,,0.6,6.1,-91.0,LD,461.4,555.9,-17.0,N,2026-08-28 18:18:01.474311
2026-08-28,2026-06-01,2026-08-28,subdivision,UTTARAKHAND,,,5.9,9.8,-40.0,D,922.9,954.6,-3.0,N,2026-08-28 18:18:01.474311
2026-08-28,2026-06-01,2026-08-28,subdivision,VIDARBHA,,,2.5,8.1,-69.0,LD,567.3,753.3,-25.0,D,2026-08-28 18:18:01.474311
2026-08-28,2026-06-01,2026-08-28,subdivision,WEST MADHYA PRADESH,,,8.6,8.0,8.0,N,615.3,697.4,-12.0,N,2026-08-28 18:18:01.474311
2026-08-28,2026-06-01,2026-08-28,subdivision,WEST RAJASTHAN,,,0.0,2.7,-100.0,NR,179.7,236.4,-24.0,D,2026-08-28 18:18:01.474311
2026-08-28,2026-06-01,2026-08-28,subdivision,WEST UTTAR PRADESH,,,17.2,6.9,150.0,LE,554.0,530.8,4.0,N,2026-08-28 18:18:01.474311
