date,period_start,period_end,level,subdivision,state,district,day_actual_mm,day_normal_mm,day_departure_pct,day_category,period_actual_mm,period_normal_mm,period_departure_pct,period_category,scraped_at
2026-09-07,2026-06-01,2026-09-07,district,A & N ISLAND,ANDAMAN & NICOBAR ISLANDS,NICOBAR,0.0,12.0,-100.0,NR,482.0,852.1,-43.0,D,2026-09-07 11:47:30.282700
2026-09-07,2026-06-01,2026-09-07,district,A & N ISLAND,ANDAMAN & NICOBAR ISLANDS,NORTH & MIDDLE ANDAMAN,63.6,20.5,210.0,LE,2070.0,1551.1,33.0,E,2026-09-07 11:47:30.282700
2026-09-07,2026-06-01,2026-09-07,district,A & N ISLAND,ANDAMAN & NICOBAR ISLANDS,SOUTH ANDAMAN,6.3,14.9,-57.0,D,1033.0,1299.4,-21.0,D,2026-09-07 11:47:30.282700
2026-09-07,2026-06-01,2026-09-07,district,ARUNACHAL PRADESH,ARUNACHAL PRADESH,ANJAW,0.0,6.5,-100.0,NR,165.8,1378.3,-88.0,LD,2026-09-07 11:47:30.282700
2026-09-07,2026-06-01,2026-09-07,district,ARUNACHAL PRADESH,ARUNACHAL PRADESH,CHANGLANG,1.0,8.1,-88.0,LD,995.8,1155.8,-14.0,N,2026-09-07 11:47:30.282700
2026-09-07,2026-06-01,2026-09-07,district,ARUNACHAL PRADESH,ARUNACHAL PRADESH,EAST KAMENG,4.2,7.1,-42.0,D,1213.9,1029.4,18.0,N,2026-09-07 11:47:30.282700
2026-09-07,2026-06-01,2026-09-07,district,ARUNACHAL PRADESH,ARUNACHAL PRADESH,EAST SIANG,9.7,13.7,-29.0,D,1963.2,2719.5,-28.0,D,2026-09-07 11:47:30.282700
2026-09-07,2026-06-01,2026-09-07,district,ARUNACHAL PRADESH,ARUNACHAL PRADESH,KURUNG KUMEY,0.0,8.0,-100.0,NR,529.4,969.5,-45.0,D,2026-09-07 11:47:30.282700
2026-09-07,2026-06-01,2026-09-07,district,ARUNACHAL PRADESH,ARUNACHAL PRADESH,LOHIT,1.0,5.2,-80.0,LD,857.6,1323.6,-35.0,D,2026-09-07 11:47:30.282700
2026-09-07,2026-06-01,2026-09-07,district,ARUNACHAL PRADESH,ARUNACHAL PRADESH,LOWER SUBANSIRI,0.0,4.8,-100.0,NR,393.3,643.6,-39.0,D,2026-09-07 11:47:30.282700
2026-09-07,2026-06-01,2026-09-07,district,ARUNACHAL PRADESH,ARUNACHAL PRADESH,PAPUMPARA,9.3,15.6,-40.0,D,1524.5,1855.1,-18.0,N,2026-09-07 11:47:30.282700
2026-09-07,2026-06-01,2026-09-07,district,ARUNACHAL PRADESH,ARUNACHAL PRADESH,TAWANG,0.0,10.5,-100.0,NR,312.0,848.1,-63.0,LD,2026-09-07 11:47:30.282700
2026-09-07,2026-06-01,2026-09-07,district,ARUNACHAL PRADESH,ARUNACHAL PRADESH,TIRAP,10.1,10.1,0.0,N,1676.1,1689.3,-1.0,N,2026-09-07 11:47:30.282700
2026-09-07,2026-06-01,2026-09-07,district,ARUNACHAL PRADESH,ARUNACHAL PRADESH,UPPER SIANG,2.4,10.1,-76.0,LD,982.0,1441.9,-32.0,D,2026-09-07 11:47:30.282700
2026-09-07,2026-06-01,2026-09-07,district,ARUNACHAL PRADESH,ARUNACHAL PRADESH,UPPER SUBANSIRI,0.0,4.3,-100.0,NR,321.1,799.6,-60.0,LD,2026-09-07 11:47:30.282700
2026-09-07,2026-06-01,2026-09-07,district,ARUNACHAL PRADESH,ARUNACHAL PRADESH,WEST KAMENG,0.5,13.6,-96.0,LD,483.8,1462.0,-67.0,LD,2026-09-07 11:47:30.282700
2026-09-07,2026-06-01,2026-09-07,district,ARUNACHAL PRADESH,ARUNACHAL PRADESH,WEST SIANG,0.0,7.5,-100.0,NR,572.5,1686.5,-66.0,LD,2026-09-07 11:47:30.282700
2026-09-07,2026-06-01,2026-09-07,district,ASSAM & MEGHALAYA,ASSAM,BAJALI,0.0,16.0,-100.0,NR,1023.5,1814.6,-44.0,D,2026-09-07 11:47:30.282700
2026-09-07,2026-06-01,2026-09-07,district,ASSAM & MEGHALAYA,ASSAM,BAKSA,0.0,8.1,-100.0,NR,1104.1,1322.5,-17.0,N,2026-09-07 11:47:30.282700
2026-09-07,2026-06-01,2026-09-07,district,ASSAM & MEGHALAYA,ASSAM,BARPETA,0.0,16.0,-100.0,NR,1155.2,1814.6,-36.0,D,2026-09-07 11:47:30.282700
2026-09-07,2026-06-01,2026-09-07,district,ASSAM & MEGHALAYA,ASSAM,BONGAIGAON,0.0,14.6,-100.0,NR,846.2,2040.6,-59.0,D,2026-09-07 11:47:30.282700
2026-09-07,2026-06-01,2026-09-07,district,ASSAM & MEGHALAYA,ASSAM,CACHAR,0.4,14.5,-97.0,LD,1474.4,1577.7,-7.0,N,2026-09-07 11:47:30.282700
2026-09-07,2026-06-01,2026-09-07,district,ASSAM & MEGHALAYA,ASSAM,CHARAIDEO,15.0,6.4,134.0,LE,1136.0,892.5,27.0,E,2026-09-07 11:47:30.282700
2026-09-07,2026-06-01,2026-09-07,district,ASSAM & MEGHALAYA,ASSAM,CHIRANG,0.0,15.0,-100.0,NR,1168.1,2068.8,-44.0,D,2026-09-07 11:47:30.282700
2026-09-07,2026-06-01,2026-09-07,district,ASSAM & MEGHALAYA,ASSAM,DARRANG,0.0,6.3,-100.0,NR,658.5,1112.9,-41.0,D,2026-09-07 11:47:30.282700
2026-09-07,2026-06-01,2026-09-07,district,ASSAM & MEGHALAYA,ASSAM,DHEMAJI,22.6,14.1,60.0,LE,2008.8,1752.9,15.0,N,2026-09-07 11:47:30.282700
2026-09-07,2026-06-01,2026-09-07,district,ASSAM & MEGHALAYA,ASSAM,DHUBRI,0.0,4.7,-100.0,NR,1158.0,1808.2,-36.0,D,2026-09-07 11:47:30.282700
2026-09-07,2026-06-01,2026-09-07,district,ASSAM & MEGHALAYA,ASSAM,DIBRUGARH,14.8,9.9,50.0,E,1042.4,1276.0,-18.0,N,2026-09-07 11:47:30.282700
2026-09-07,2026-06-01,2026-09-07,district,ASSAM & MEGHALAYA,ASSAM,DIMA HASAO,0.5,10.3,-95.0,LD,524.9,884.0,-41.0,D,2026-09-07 11:47:30.282700
2026-09-07,2026-06-01,2026-09-07,district,ASSAM & MEGHALAYA,ASSAM,GOALPARA,0.0,19.7,-100.0,NR,927.6,1740.2,-47.0,D,2026-09-07 11:47:30.282700
2026-09-07,2026-06-01,2026-09-07,district,ASSAM & MEGHALAYA,ASSAM,GOLAGHAT,1.5,9.0,-83.0,LD,817.4,899.9,-9.0,N,2026-09-07 11:47:30.282700
2026-09-07,2026-06-01,2026-09-07,district,ASSAM & MEGHALAYA,ASSAM,HAILAKANDI,0.1,8.8,-99.0,LD,1142.9,1305.8,-12.0,N,2026-09-07 11:47:30.282700
2026-09-07,2026-06-01,2026-09-07,district,ASSAM & MEGHALAYA,ASSAM,HOJAI,1.5,5.6,-73.0,LD,373.3,650.4,-43.0,D,2026-09-07 11:47:30.282700
2026-09-07,2026-06-01,2026-09-07,district,ASSAM & MEGHALAYA,ASSAM,JORHAT,2.9,11.5,-75.0,LD,759.9,1080.2,-30.0,D,2026-09-07 11:47:30.282700
2026-09-07,2026-06-01,2026-09-07,district,ASSAM & MEGHALAYA,ASSAM,KAMRUP METROPOLITAN,0.4,8.9,-96.0,LD,756.0,915.1,-17.0,N,2026-09-07 11:47:30.282700
2026-09-07,2026-06-01,2026-09-07,district,ASSAM & MEGHALAYA,ASSAM,KAMRUP RURAL,2.5,7.9,-68.0,LD,592.7,1121.6,-47.0,D,2026-09-07 11:47:30.282700
2026-09-07,2026-06-01,2026-09-07,district,ASSAM & MEGHALAYA,ASSAM,KARBI ANGLONG,0.0,5.5,-100.0,NR,578.5,696.1,-17.0,N,2026-09-07 11:47:30.282700
2026-09-07,2026-06-01,2026-09-07,district,ASSAM & MEGHALAYA,ASSAM,KOKRAJHAR,1.7,12.2,-86.0,LD,2091.5,2321.4,-10.0,N,2026-09-07 11:47:30.282700
2026-09-07,2026-06-01,2026-09-07,district,ASSAM & MEGHALAYA,ASSAM,LAKHIMPUR,0.2,11.8,-99.0,LD,2055.2,1743.0,18.0,N,2026-09-07 11:47:30.282700
2026-09-07,2026-06-01,2026-09-07,district,ASSAM & MEGHALAYA,ASSAM,MAJULI,0.0,11.5,-100.0,NR,966.0,1080.2,-11.0,N,2026-09-07 11:47:30.282700
2026-09-07,2026-06-01,2026-09-07,district,ASSAM & MEGHALAYA,ASSAM,MORIGAON,1.4,6.8,-79.0,LD,605.6,968.5,-37.0,D,2026-09-07 11:47:30.282700
2026-09-07,2026-06-01,2026-09-07,district,ASSAM & MEGHALAYA,ASSAM,NAGAON,2.3,6.1,-62.0,LD,469.6,887.5,-47.0,D,2026-09-07 11:47:30.282700
2026-09-07,2026-06-01,2026-09-07,district,ASSAM & MEGHALAYA,ASSAM,NALBARI,0.0,12.9,-100.0,NR,546.1,1381.9,-60.0,LD,2026-09-07 11:47:30.282700
2026-09-07,2026-06-01,2026-09-07,district,ASSAM & MEGHALAYA,ASSAM,SIBSAGAR,38.6,8.9,334.0,LE,754.2,1020.8,-26.0,D,2026-09-07 11:47:30.282700
2026-09-07,2026-06-01,2026-09-07,district,ASSAM & MEGHALAYA,ASSAM,SONITPUR,0.0,7.6,-99.0,LD,1003.2,1015.5,-1.0,N,2026-09-07 11:47:30.282700
2026-09-07,2026-06-01,2026-09-07,district,ASSAM & MEGHALAYA,ASSAM,SRIBHUMI,0.0,13.1,-100.0,NR,1441.4,1880.0,-23.0,D,2026-09-07 11:47:30.282700
2026-09-07,2026-06-01,2026-09-07,district,ASSAM & MEGHALAYA,ASSAM,TAMULPUR,0.0,6.4,-100.0,NR,1082.1,1163.8,-7.0,N,2026-09-07 11:47:30.282700
2026-09-07,2026-06-01,2026-09-07,district,ASSAM & MEGHALAYA,ASSAM,TINSUKIA,0.7,10.7,-94.0,LD,1151.9,1250.9,-8.0,N,2026-09-07 11:47:30.282700
2026-09-07,2026-06-01,2026-09-07,district,ASSAM & MEGHALAYA,ASSAM,UDALGURI,0.0,6.4,-100.0,NR,524.3,1243.2,-58.0,D,2026-09-07 11:47:30.282700
2026-09-07,2026-06-01,2026-09-07,district,ASSAM & MEGHALAYA,ASSAM,WEST KARBI ANGLONG,8.6,6.6,30.0,E,534.8,596.6,-10.0,N,2026-09-07 11:47:30.282700
2026-09-07,2026-06-01,2026-09-07,district,ASSAM & MEGHALAYA,MEGHALAYA,EAST GARO HILLS,0.1,6.8,-99.0,LD,600.0,1599.0,-62.0,LD,2026-09-07 11:47:30.282700
2026-09-07,2026-06-01,2026-09-07,district,ASSAM & MEGHALAYA,MEGHALAYA,EAST JAINTIA HILLS,0.2,37.5,-99.0,LD,1418.4,3940.4,-64.0,LD,2026-09-07 11:47:30.282700
2026-09-07,2026-06-01,2026-09-07,district,ASSAM & MEGHALAYA,MEGHALAYA,EAST KHASI HILLS,2.9,21.9,-87.0,LD,1910.8,3897.8,-51.0,D,2026-09-07 11:47:30.282700
2026-09-07,2026-06-01,2026-09-07,district,ASSAM & MEGHALAYA,MEGHALAYA,NORTH GARO HILLS,2.1,13.7,-85.0,LD,565.0,1551.2,-64.0,LD,2026-09-07 11:47:30.282700
2026-09-07,2026-06-01,2026-09-07,district,ASSAM & MEGHALAYA,MEGHALAYA,RI BHOI,7.5,12.8,-42.0,D,723.6,1330.2,-46.0,D,2026-09-07 11:47:30.282700
2026-09-07,2026-06-01,2026-09-07,district,ASSAM & MEGHALAYA,MEGHALAYA,SOUTH GARO HILLS,0.3,13.7,-98.0,LD,817.1,1551.2,-47.0,D,2026-09-07 11:47:30.282700
2026-09-07,2026-06-01,2026-09-07,district,ASSAM & MEGHALAYA,MEGHALAYA,SOUTH WEST GARO HILLS,0.1,13.7,-99.0,LD,510.6,1551.2,-67.0,LD,2026-09-07 11:47:30.282700
2026-09-07,2026-06-01,2026-09-07,district,ASSAM & MEGHALAYA,MEGHALAYA,SOUTH WEST KHASI HILLS,6.8,13.7,-50.0,D,2595.4,1551.2,67.0,LE,2026-09-07 11:47:30.282700
2026-09-07,2026-06-01,2026-09-07,district,ASSAM & MEGHALAYA,MEGHALAYA,WEST GARO HILLS,0.2,11.3,-98.0,LD,440.5,1579.2,-72.0,LD,2026-09-07 11:47:30.282700
2026-09-07,2026-06-01,2026-09-07,district,ASSAM & MEGHALAYA,MEGHALAYA,WEST JAINTIA HILLS,5.5,37.5,-85.0,LD,841.6,3940.4,-79.0,LD,2026-09-07 11:47:30.282700
2026-09-07,2026-06-01,2026-09-07,district,ASSAM & MEGHALAYA,MEGHALAYA,WEST KHASI HILLS,1.1,19.9,-94.0,LD,749.0,2320.7,-68.0,LD,2026-09-07 11:47:30.282700
2026-09-07,2026-06-01,2026-09-07,district,BIHAR,BIHAR,ARARIA,23.5,8.3,183.0,LE,772.5,1159.7,-33.0,D,2026-09-07 11:47:30.282700
2026-09-07,2026-06-01,2026-09-07,district,BIHAR,BIHAR,ARWAL,5.8,8.5,-32.0,D,443.5,588.8,-25.0,D,2026-09-07 11:47:30.282700
2026-09-07,2026-06-01,2026-09-07,district,BIHAR,BIHAR,AURANGABAD,0.7,10.5,-94.0,LD,777.5,724.6,7.0,N,2026-09-07 11:47:30.282700
2026-09-07,2026-06-01,2026-09-07,district,BIHAR,BIHAR,BANKA,6.9,3.6,93.0,LE,474.8,710.8,-33.0,D,2026-09-07 11:47:30.282700
2026-09-07,2026-06-01,2026-09-07,district,BIHAR,BIHAR,BEGUSARAI,5.3,8.0,-33.0,D,524.2,832.2,-37.0,D,2026-09-07 11:47:30.282700
2026-09-07,2026-06-01,2026-09-07,district,BIHAR,BIHAR,BHABUA,0.5,9.4,-94.0,LD,468.2,736.7,-36.0,D,2026-09-07 11:47:30.282700
2026-09-07,2026-06-01,2026-09-07,district,BIHAR,BIHAR,BHAGALPUR,0.8,5.7,-87.0,LD,383.6,797.1,-52.0,D,2026-09-07 11:47:30.282700
2026-09-07,2026-06-01,2026-09-07,district,BIHAR,BIHAR,BHOJPUR,5.6,11.7,-52.0,D,454.2,731.0,-38.0,D,2026-09-07 11:47:30.282700
2026-09-07,2026-06-01,2026-09-07,district,BIHAR,BIHAR,BUXAR,1.5,8.3,-82.0,LD,610.8,663.8,-8.0,N,2026-09-07 11:47:30.282700
2026-09-07,2026-06-01,2026-09-07,district,BIHAR,BIHAR,DARBHANGA,0.1,5.5,-98.0,LD,352.2,756.5,-53.0,D,2026-09-07 11:47:30.282700
2026-09-07,2026-06-01,2026-09-07,district,BIHAR,BIHAR,EAST CHAMPARAN,4.1,8.0,-49.0,D,488.6,897.4,-46.0,D,2026-09-07 11:47:30.282700
2026-09-07,2026-06-01,2026-09-07,district,BIHAR,BIHAR,GAYA,11.4,9.5,20.0,E,568.5,702.2,-19.0,N,2026-09-07 11:47:30.282700
2026-09-07,2026-06-01,2026-09-07,district,BIHAR,BIHAR,GOPALGANJ,4.1,8.2,-50.0,D,500.7,803.0,-38.0,D,2026-09-07 11:47:30.282700
2026-09-07,2026-06-01,2026-09-07,district,BIHAR,BIHAR,JAHANABAD,6.4,7.4,-14.0,N,294.0,695.7,-58.0,D,2026-09-07 11:47:30.282700
2026-09-07,2026-06-01,2026-09-07,district,BIHAR,BIHAR,JAMUI,5.4,10.2,-47.0,D,450.8,767.7,-41.0,D,2026-09-07 11:47:30.282700
2026-09-07,2026-06-01,2026-09-07,district,BIHAR,BIHAR,KATIHAR,0.5,8.1,-94.0,LD,575.1,867.8,-34.0,D,2026-09-07 11:47:30.282700
2026-09-07,2026-06-01,2026-09-07,district,BIHAR,BIHAR,KHAGARIA,2.8,6.0,-54.0,D,733.9,795.7,-8.0,N,2026-09-07 11:47:30.282700
2026-09-07,2026-06-01,2026-09-07,district,BIHAR,BIHAR,KISHANGANJ,28.7,9.6,199.0,LE,1000.8,1474.6,-32.0,D,2026-09-07 11:47:30.282700
2026-09-07,2026-06-01,2026-09-07,district,BIHAR,BIHAR,LAKHISARAI,0.0,11.6,-100.0,NR,651.4,698.7,-7.0,N,2026-09-07 11:47:30.282700
2026-09-07,2026-06-01,2026-09-07,district,BIHAR,BIHAR,MADHEPURA,10.5,7.2,46.0,E,566.9,855.0,-34.0,D,2026-09-07 11:47:30.282700
2026-09-07,2026-06-01,2026-09-07,district,BIHAR,BIHAR,MADHUBANI,12.1,6.0,102.0,LE,475.6,838.8,-43.0,D,2026-09-07 11:47:30.282700
2026-09-07,2026-06-01,2026-09-07,district,BIHAR,BIHAR,MUNGER,1.6,7.7,-79.0,LD,595.9,847.2,-30.0,D,2026-09-07 11:47:30.282700
2026-09-07,2026-06-01,2026-09-07,district,BIHAR,BIHAR,MUZAFFARPUR,6.5,5.1,27.0,E,385.9,800.0,-52.0,D,2026-09-07 11:47:30.282700
2026-09-07,2026-06-01,2026-09-07,district,BIHAR,BIHAR,NALANDA,5.8,6.5,-12.0,N,451.3,704.2,-36.0,D,2026-09-07 11:47:30.282700
2026-09-07,2026-06-01,2026-09-07,district,BIHAR,BIHAR,NAWADA,15.3,8.1,88.0,LE,531.6,692.5,-23.0,D,2026-09-07 11:47:30.282700
2026-09-07,2026-06-01,2026-09-07,district,BIHAR,BIHAR,PATNA,14.7,7.8,89.0,LE,427.6,734.7,-42.0,D,2026-09-07 11:47:30.282700
2026-09-07,2026-06-01,2026-09-07,district,BIHAR,BIHAR,PURNEA,8.8,8.3,6.0,N,693.6,1173.7,-41.0,D,2026-09-07 11:47:30.282700
2026-09-07,2026-06-01,2026-09-07,district,BIHAR,BIHAR,ROHTAS,3.6,10.1,-65.0,LD,543.4,705.3,-23.0,D,2026-09-07 11:47:30.282700
2026-09-07,2026-06-01,2026-09-07,district,BIHAR,BIHAR,SAHARSA,3.7,8.7,-57.0,D,474.5,902.9,-47.0,D,2026-09-07 11:47:30.282700
2026-09-07,2026-06-01,2026-09-07,district,BIHAR,BIHAR,SAMASTIPUR,4.4,6.8,-35.0,D,413.1,777.1,-47.0,D,2026-09-07 11:47:30.282700
2026-09-07,2026-06-01,2026-09-07,district,BIHAR,BIHAR,SARAN,3.4,5.6,-39.0,D,397.5,752.7,-47.0,D,2026-09-07 11:47:30.282700
2026-09-07,2026-06-01,2026-09-07,district,BIHAR,BIHAR,SHEIKHPURA,0.0,7.2,-100.0,NR,454.8,676.1,-33.0,D,2026-09-07 11:47:30.282700
2026-09-07,2026-06-01,2026-09-07,district,BIHAR,BIHAR,SHEOHAR,1.5,5.4,-72.0,LD,331.3,853.6,-61.0,LD,2026-09-07 11:47:30.282700
2026-09-07,2026-06-01,2026-09-07,district,BIHAR,BIHAR,SITAMARHI,4.5,5.0,-10.0,N,373.8,921.1,-59.0,D,2026-09-07 11:47:30.282700
2026-09-07,2026-06-01,2026-09-07,district,BIHAR,BIHAR,SIWAN,1.8,6.7,-73.0,LD,664.3,735.6,-10.0,N,2026-09-07 11:47:30.282700
2026-09-07,2026-06-01,2026-09-07,district,BIHAR,BIHAR,SUPAUL,7.8,7.0,12.0,N,666.2,907.3,-27.0,D,2026-09-07 11:47:30.282700
2026-09-07,2026-06-01,2026-09-07,district,BIHAR,BIHAR,VAISHALI,3.0,6.1,-51.0,D,442.7,758.7,-42.0,D,2026-09-07 11:47:30.282700
2026-09-07,2026-06-01,2026-09-07,district,BIHAR,BIHAR,WEST CHAMPARAN,3.1,7.1,-57.0,D,643.6,1054.5,-39.0,D,2026-09-07 11:47:30.282700
2026-09-07,2026-06-01,2026-09-07,district,CHHATTISGARH,CHHATTISGARH,BALOD,0.1,12.9,-99.0,LD,931.9,896.7,4.0,N,2026-09-07 11:47:30.282700
2026-09-07,2026-06-01,2026-09-07,district,CHHATTISGARH,CHHATTISGARH,BALODA BAZAR,0.4,10.5,-96.0,LD,965.7,817.2,18.0,N,2026-09-07 11:47:30.282700
2026-09-07,2026-06-01,2026-09-07,district,CHHATTISGARH,CHHATTISGARH,BALRAMPUR,5.2,9.2,-43.0,D,1441.9,855.3,69.0,LE,2026-09-07 11:47:30.282700
2026-09-07,2026-06-01,2026-09-07,district,CHHATTISGARH,CHHATTISGARH,BASTAR,6.9,9.0,-23.0,D,873.0,1021.5,-15.0,N,2026-09-07 11:47:30.282700
2026-09-07,2026-06-01,2026-09-07,district,CHHATTISGARH,CHHATTISGARH,BEMETARA,0.0,10.0,-100.0,NR,539.9,920.5,-41.0,D,2026-09-07 11:47:30.282700
2026-09-07,2026-06-01,2026-09-07,district,CHHATTISGARH,CHHATTISGARH,BIJAPUR,2.7,12.1,-78.0,LD,1245.7,1218.5,2.0,N,2026-09-07 11:47:30.282700
2026-09-07,2026-06-01,2026-09-07,district,CHHATTISGARH,CHHATTISGARH,BILASPUR,0.0,11.9,-100.0,NR,942.7,924.8,2.0,N,2026-09-07 11:47:30.282700
2026-09-07,2026-06-01,2026-09-07,district,CHHATTISGARH,CHHATTISGARH,DANTEWADA,6.9,10.3,-33.0,D,935.1,1138.8,-18.0,N,2026-09-07 11:47:30.282700
2026-09-07,2026-06-01,2026-09-07,district,CHHATTISGARH,CHHATTISGARH,DHAMTARI,0.0,10.3,-100.0,NR,946.4,924.5,2.0,N,2026-09-07 11:47:30.282700
2026-09-07,2026-06-01,2026-09-07,district,CHHATTISGARH,CHHATTISGARH,DURG,0.0,6.7,-100.0,NR,705.3,856.3,-18.0,N,2026-09-07 11:47:30.282700
2026-09-07,2026-06-01,2026-09-07,district,CHHATTISGARH,CHHATTISGARH,GARIABAND,2.4,9.9,-76.0,LD,1033.2,923.7,12.0,N,2026-09-07 11:47:30.282700
2026-09-07,2026-06-01,2026-09-07,district,CHHATTISGARH,CHHATTISGARH,GAURELA PENDRA MARWAHI,3.5,9.2,-62.0,LD,870.8,938.7,-7.0,N,2026-09-07 11:47:30.282700
2026-09-07,2026-06-01,2026-09-07,district,CHHATTISGARH,CHHATTISGARH,JANJGIR,0.2,12.9,-99.0,LD,1076.4,962.6,12.0,N,2026-09-07 11:47:30.282700
2026-09-07,2026-06-01,2026-09-07,district,CHHATTISGARH,CHHATTISGARH,JASHPUR,0.0,8.6,-99.0,LD,765.8,1171.6,-35.0,D,2026-09-07 11:47:30.282700
2026-09-07,2026-06-01,2026-09-07,district,CHHATTISGARH,CHHATTISGARH,KABIRDHAM,0.3,7.2,-97.0,LD,595.9,753.4,-21.0,D,2026-09-07 11:47:30.282700
2026-09-07,2026-06-01,2026-09-07,district,CHHATTISGARH,CHHATTISGARH,KANKER,0.0,15.9,-100.0,NR,729.0,1175.7,-38.0,D,2026-09-07 11:47:30.282700
2026-09-07,2026-06-01,2026-09-07,district,CHHATTISGARH,CHHATTISGARH,KHAIRAGARH CHH GANDAI,0.0,7.0,-100.0,NR,617.8,643.4,-4.0,N,2026-09-07 11:47:30.282700
2026-09-07,2026-06-01,2026-09-07,district,CHHATTISGARH,CHHATTISGARH,KONDAGAON,0.0,11.9,-100.0,NR,801.0,1021.8,-22.0,D,2026-09-07 11:47:30.282700
2026-09-07,2026-06-01,2026-09-07,district,CHHATTISGARH,CHHATTISGARH,KORBA,0.0,19.8,-100.0,NR,1013.6,1106.0,-8.0,N,2026-09-07 11:47:30.282700
2026-09-07,2026-06-01,2026-09-07,district,CHHATTISGARH,CHHATTISGARH,KORIYA,0.0,7.2,-100.0,NR,866.8,965.6,-10.0,N,2026-09-07 11:47:30.282700
2026-09-07,2026-06-01,2026-09-07,district,CHHATTISGARH,CHHATTISGARH,MAHASAMUND,0.0,12.3,-100.0,NR,1074.6,934.1,15.0,N,2026-09-07 11:47:30.282700
2026-09-07,2026-06-01,2026-09-07,district,CHHATTISGARH,CHHATTISGARH,MANENDRAGARH BHARATPUR,0.1,7.2,-99.0,LD,1094.1,965.4,13.0,N,2026-09-07 11:47:30.282700
2026-09-07,2026-06-01,2026-09-07,district,CHHATTISGARH,CHHATTISGARH,MOHALA MANPUR CHOWKI,0.0,14.0,-100.0,NR,738.8,898.2,-18.0,N,2026-09-07 11:47:30.282700
2026-09-07,2026-06-01,2026-09-07,district,CHHATTISGARH,CHHATTISGARH,MUNGELI,0.8,10.1,-92.0,LD,1054.9,830.2,27.0,E,2026-09-07 11:47:30.282700
2026-09-07,2026-06-01,2026-09-07,district,CHHATTISGARH,CHHATTISGARH,NARAYANPUR,0.0,11.5,-100.0,NR,1284.1,1086.7,18.0,N,2026-09-07 11:47:30.282700
2026-09-07,2026-06-01,2026-09-07,district,CHHATTISGARH,CHHATTISGARH,RAIGARH,0.4,15.8,-98.0,LD,924.5,1039.0,-11.0,N,2026-09-07 11:47:30.282700
2026-09-07,2026-06-01,2026-09-07,district,CHHATTISGARH,CHHATTISGARH,RAIPUR,0.4,9.9,-96.0,LD,1051.0,884.9,19.0,N,2026-09-07 11:47:30.282700
2026-09-07,2026-06-01,2026-09-07,district,CHHATTISGARH,CHHATTISGARH,RAJNANDGAON,0.0,10.0,-100.0,NR,755.2,904.5,-17.0,N,2026-09-07 11:47:30.282700
2026-09-07,2026-06-01,2026-09-07,district,CHHATTISGARH,CHHATTISGARH,SAKTI,0.2,16.1,-99.0,LD,893.2,987.8,-10.0,N,2026-09-07 11:47:30.282700
2026-09-07,2026-06-01,2026-09-07,district,CHHATTISGARH,CHHATTISGARH,SARANGARH BILAIGARH,0.8,15.0,-94.0,LD,1105.8,810.1,37.0,E,2026-09-07 11:47:30.282700
2026-09-07,2026-06-01,2026-09-07,district,CHHATTISGARH,CHHATTISGARH,SUKMA,2.1,11.8,-82.0,LD,858.8,1039.0,-17.0,N,2026-09-07 11:47:30.282700
2026-09-07,2026-06-01,2026-09-07,district,CHHATTISGARH,CHHATTISGARH,SURAJPUR,0.5,9.7,-95.0,LD,1147.9,1048.9,9.0,N,2026-09-07 11:47:30.282700
2026-09-07,2026-06-01,2026-09-07,district,CHHATTISGARH,CHHATTISGARH,SURGUJA,1.0,13.9,-93.0,LD,633.3,1024.8,-38.0,D,2026-09-07 11:47:30.282700
2026-09-07,2026-06-01,2026-09-07,district,COASTAL A. P. & YANAM,ANDHRA PRADESH,ANAKAPALLI,8.9,5.1,75.0,LE,283.9,487.4,-42.0,D,2026-09-07 11:47:30.282700
2026-09-07,2026-06-01,2026-09-07,district,COASTAL A. P. & YANAM,ANDHRA PRADESH,BAPATLA,5.4,4.3,25.0,E,190.6,425.8,-55.0,D,2026-09-07 11:47:30.282700
2026-09-07,2026-06-01,2026-09-07,district,COASTAL A. P. & YANAM,ANDHRA PRADESH,DR B R AMBEDKAR KONASEEMA,0.0,5.4,-100.0,NR,467.4,629.9,-26.0,D,2026-09-07 11:47:30.282700
2026-09-07,2026-06-01,2026-09-07,district,COASTAL A. P. & YANAM,ANDHRA PRADESH,EAST GODAVARI,21.6,4.6,370.0,LE,356.9,594.3,-40.0,D,2026-09-07 11:47:30.282700
2026-09-07,2026-06-01,2026-09-07,district,COASTAL A. P. & YANAM,ANDHRA PRADESH,ELURU,10.1,4.6,120.0,LE,417.2,719.5,-42.0,D,2026-09-07 11:47:30.282700
2026-09-07,2026-06-01,2026-09-07,district,COASTAL A. P. & YANAM,ANDHRA PRADESH,GUNTUR,15.0,4.1,267.0,LE,344.4,474.7,-27.0,D,2026-09-07 11:47:30.282700
2026-09-07,2026-06-01,2026-09-07,district,COASTAL A. P. & YANAM,ANDHRA PRADESH,KAKINADA,8.3,3.3,150.0,LE,304.7,524.1,-42.0,D,2026-09-07 11:47:30.282700
2026-09-07,2026-06-01,2026-09-07,district,COASTAL A. P. & YANAM,ANDHRA PRADESH,KRISHNA,5.1,4.4,17.0,N,340.3,537.2,-37.0,D,2026-09-07 11:47:30.282700
2026-09-07,2026-06-01,2026-09-07,district,COASTAL A. P. & YANAM,ANDHRA PRADESH,NTR DISTRICT,4.5,5.1,-12.0,N,352.8,578.6,-39.0,D,2026-09-07 11:47:30.282700
2026-09-07,2026-06-01,2026-09-07,district,COASTAL A. P. & YANAM,ANDHRA PRADESH,PALNADU,9.8,4.2,132.0,LE,241.5,428.6,-44.0,D,2026-09-07 11:47:30.282700
2026-09-07,2026-06-01,2026-09-07,district,COASTAL A. P. & YANAM,ANDHRA PRADESH,PARVATHIPURAM MANYAM,1.7,7.7,-78.0,LD,361.4,633.6,-43.0,D,2026-09-07 11:47:30.282700
2026-09-07,2026-06-01,2026-09-07,district,COASTAL A. P. & YANAM,ANDHRA PRADESH,PRAKASAM,0.0,2.6,-100.0,NR,108.7,277.4,-61.0,LD,2026-09-07 11:47:30.282700
2026-09-07,2026-06-01,2026-09-07,district,COASTAL A. P. & YANAM,ANDHRA PRADESH,SPSR NELLORE,0.0,3.2,-100.0,NR,137.4,248.7,-45.0,D,2026-09-07 11:47:30.282700
2026-09-07,2026-06-01,2026-09-07,district,COASTAL A. P. & YANAM,ANDHRA PRADESH,SRI ALLURI SITHARAMARAJU DISTRICT,0.5,5.5,-92.0,LD,363.0,757.9,-52.0,D,2026-09-07 11:47:30.282700
2026-09-07,2026-06-01,2026-09-07,district,COASTAL A. P. & YANAM,ANDHRA PRADESH,SRIKAKULAM,0.4,5.2,-92.0,LD,343.9,570.4,-40.0,D,2026-09-07 11:47:30.282700
2026-09-07,2026-06-01,2026-09-07,district,COASTAL A. P. & YANAM,ANDHRA PRADESH,VISHAKHAPATNAM,0.0,5.9,-100.0,NR,243.5,440.9,-45.0,D,2026-09-07 11:47:30.282700
2026-09-07,2026-06-01,2026-09-07,district,COASTAL A. P. & YANAM,ANDHRA PRADESH,VIZIANAGARAM,1.1,5.1,-78.0,LD,352.6,541.1,-35.0,D,2026-09-07 11:47:30.282700
2026-09-07,2026-06-01,2026-09-07,district,COASTAL A. P. & YANAM,ANDHRA PRADESH,WEST GODAVARI,4.3,4.1,5.0,N,304.2,605.2,-50.0,D,2026-09-07 11:47:30.282700
2026-09-07,2026-06-01,2026-09-07,district,COASTAL A. P. & YANAM,PUDUCHERRY (UT),YANAM,0.0,6.0,-100.0,NR,319.6,593.1,-46.0,D,2026-09-07 11:47:30.282700
2026-09-07,2026-06-01,2026-09-07,district,COASTAL KARNATAKA,KARNATAKA,DAKSHINA KANNADA,0.0,14.6,-100.0,NR,2451.2,3084.6,-21.0,D,2026-09-07 11:47:30.282700
2026-09-07,2026-06-01,2026-09-07,district,COASTAL KARNATAKA,KARNATAKA,UDUPI,0.0,18.0,-100.0,NR,2549.1,3492.6,-27.0,D,2026-09-07 11:47:30.282700
2026-09-07,2026-06-01,2026-09-07,district,COASTAL KARNATAKA,KARNATAKA,UTTARA KANNADA,1.6,11.8,-87.0,LD,1855.4,2561.6,-28.0,D,2026-09-07 11:47:30.282700
2026-09-07,2026-06-01,2026-09-07,district,EAST MADHYA PRADESH,MADHYA PRADESH,ANUPPUR,0.0,9.3,-100.0,NR,983.0,867.5,13.0,N,2026-09-07 11:47:30.282700
2026-09-07,2026-06-01,2026-09-07,district,EAST MADHYA PRADESH,MADHYA PRADESH,BALAGHAT,2.2,9.4,-77.0,LD,1007.0,1106.4,-9.0,N,2026-09-07 11:47:30.282700
2026-09-07,2026-06-01,2026-09-07,district,EAST MADHYA PRADESH,MADHYA PRADESH,CHHATARPUR,6.1,5.6,10.0,N,906.0,831.4,9.0,N,2026-09-07 11:47:30.282700
2026-09-07,2026-06-01,2026-09-07,district,EAST MADHYA PRADESH,MADHYA PRADESH,CHHINDWARA,3.0,7.5,-60.0,LD,691.1,901.0,-23.0,D,2026-09-07 11:47:30.282700
2026-09-07,2026-06-01,2026-09-07,district,EAST MADHYA PRADESH,MADHYA PRADESH,DAMOH,0.7,7.5,-90.0,LD,841.7,964.4,-13.0,N,2026-09-07 11:47:30.282700
2026-09-07,2026-06-01,2026-09-07,district,EAST MADHYA PRADESH,MADHYA PRADESH,DINDORI,0.0,10.5,-100.0,NR,1016.2,1045.3,-3.0,N,2026-09-07 11:47:30.282700
2026-09-07,2026-06-01,2026-09-07,district,EAST MADHYA PRADESH,MADHYA PRADESH,JABALPUR,1.3,10.8,-88.0,LD,839.1,1003.9,-16.0,N,2026-09-07 11:47:30.282700
2026-09-07,2026-06-01,2026-09-07,district,EAST MADHYA PRADESH,MADHYA PRADESH,KATNI,2.0,4.1,-52.0,D,788.0,829.8,-5.0,N,2026-09-07 11:47:30.282700
2026-09-07,2026-06-01,2026-09-07,district,EAST MADHYA PRADESH,MADHYA PRADESH,MAIHAR,0.0,9.4,-100.0,NR,1015.8,848.5,20.0,E,2026-09-07 11:47:30.282700
2026-09-07,2026-06-01,2026-09-07,district,EAST MADHYA PRADESH,MADHYA PRADESH,MANDLA,0.4,9.9,-96.0,LD,1046.6,1063.4,-2.0,N,2026-09-07 11:47:30.282700
2026-09-07,2026-06-01,2026-09-07,district,EAST MADHYA PRADESH,MADHYA PRADESH,MAUGANJ,1.0,11.4,-91.0,LD,1346.9,835.9,61.0,LE,2026-09-07 11:47:30.282700
2026-09-07,2026-06-01,2026-09-07,district,EAST MADHYA PRADESH,MADHYA PRADESH,NARSINGHPUR,0.2,8.6,-98.0,LD,874.8,922.2,-5.0,N,2026-09-07 11:47:30.282700
2026-09-07,2026-06-01,2026-09-07,district,EAST MADHYA PRADESH,MADHYA PRADESH,NIWARI,15.0,5.6,168.0,LE,1148.7,696.0,65.0,LE,2026-09-07 11:47:30.282700
2026-09-07,2026-06-01,2026-09-07,district,EAST MADHYA PRADESH,MADHYA PRADESH,PANDHURNA,0.0,7.7,-100.0,NR,542.6,706.0,-23.0,D,2026-09-07 11:47:30.282700
2026-09-07,2026-06-01,2026-09-07,district,EAST MADHYA PRADESH,MADHYA PRADESH,PANNA,2.0,9.4,-78.0,LD,1030.7,948.0,9.0,N,2026-09-07 11:47:30.282700
2026-09-07,2026-06-01,2026-09-07,district,EAST MADHYA PRADESH,MADHYA PRADESH,REWA,0.0,9.8,-100.0,NR,767.4,856.9,-10.0,N,2026-09-07 11:47:30.282700
2026-09-07,2026-06-01,2026-09-07,district,EAST MADHYA PRADESH,MADHYA PRADESH,SAGAR,1.0,8.3,-88.0,LD,786.7,942.4,-17.0,N,2026-09-07 11:47:30.282700
2026-09-07,2026-06-01,2026-09-07,district,EAST MADHYA PRADESH,MADHYA PRADESH,SATNA,1.8,10.0,-82.0,LD,1242.1,819.9,51.0,E,2026-09-07 11:47:30.282700
2026-09-07,2026-06-01,2026-09-07,district,EAST MADHYA PRADESH,MADHYA PRADESH,SEONI,0.4,7.1,-95.0,LD,754.6,897.0,-16.0,N,2026-09-07 11:47:30.282700
2026-09-07,2026-06-01,2026-09-07,district,EAST MADHYA PRADESH,MADHYA PRADESH,SHAHDOL,0.0,9.2,-100.0,NR,1088.6,866.9,26.0,E,2026-09-07 11:47:30.282700
2026-09-07,2026-06-01,2026-09-07,district,EAST MADHYA PRADESH,MADHYA PRADESH,SIDHI,0.0,11.9,-100.0,NR,1069.7,893.6,20.0,E,2026-09-07 11:47:30.282700
2026-09-07,2026-06-01,2026-09-07,district,EAST MADHYA PRADESH,MADHYA PRADESH,SINGRAULI,0.0,7.5,-100.0,NR,995.7,901.0,11.0,N,2026-09-07 11:47:30.282700
2026-09-07,2026-06-01,2026-09-07,district,EAST MADHYA PRADESH,MADHYA PRADESH,TIKAMGARH,2.5,3.9,-36.0,D,859.5,816.4,5.0,N,2026-09-07 11:47:30.282700
2026-09-07,2026-06-01,2026-09-07,district,EAST MADHYA PRADESH,MADHYA PRADESH,UMARIA,0.3,10.1,-97.0,LD,1041.6,924.2,13.0,N,2026-09-07 11:47:30.282700
2026-09-07,2026-06-01,2026-09-07,district,EAST RAJASTHAN,RAJASTHAN,AJMER,0.0,3.7,-100.0,NR,340.6,419.0,-19.0,N,2026-09-07 11:47:30.282700
2026-09-07,2026-06-01,2026-09-07,district,EAST RAJASTHAN,RAJASTHAN,ALWAR,0.1,4.8,-98.0,LD,486.6,493.8,-1.0,N,2026-09-07 11:47:30.282700
2026-09-07,2026-06-01,2026-09-07,district,EAST RAJASTHAN,RAJASTHAN,BANSWARA,0.8,17.8,-96.0,LD,382.2,798.8,-52.0,D,2026-09-07 11:47:30.282700
2026-09-07,2026-06-01,2026-09-07,district,EAST RAJASTHAN,RAJASTHAN,BARAN,14.1,4.9,188.0,LE,618.9,765.0,-19.0,N,2026-09-07 11:47:30.282700
2026-09-07,2026-06-01,2026-09-07,district,EAST RAJASTHAN,RAJASTHAN,BHARATPUR,7.7,6.3,22.0,E,646.5,488.0,32.0,E,2026-09-07 11:47:30.282700
2026-09-07,2026-06-01,2026-09-07,district,EAST RAJASTHAN,RAJASTHAN,BHILWARA,0.5,4.7,-90.0,LD,378.6,555.7,-32.0,D,2026-09-07 11:47:30.282700
2026-09-07,2026-06-01,2026-09-07,district,EAST RAJASTHAN,RAJASTHAN,BUNDI,10.7,4.8,122.0,LE,493.9,597.3,-17.0,N,2026-09-07 11:47:30.282700
2026-09-07,2026-06-01,2026-09-07,district,EAST RAJASTHAN,RAJASTHAN,CHITTORGARH,5.5,7.3,-24.0,D,501.5,667.2,-25.0,D,2026-09-07 11:47:30.282700
2026-09-07,2026-06-01,2026-09-07,district,EAST RAJASTHAN,RAJASTHAN,DAUSA,2.0,7.1,-72.0,LD,613.6,547.3,12.0,N,2026-09-07 11:47:30.282700
2026-09-07,2026-06-01,2026-09-07,district,EAST RAJASTHAN,RAJASTHAN,DHOLPUR,28.7,4.9,485.0,LE,691.0,523.5,32.0,E,2026-09-07 11:47:30.282700
2026-09-07,2026-06-01,2026-09-07,district,EAST RAJASTHAN,RAJASTHAN,DUNGARPUR,0.0,11.3,-100.0,NR,341.0,640.4,-47.0,D,2026-09-07 11:47:30.282700
2026-09-07,2026-06-01,2026-09-07,district,EAST RAJASTHAN,RAJASTHAN,JAIPUR,0.1,3.8,-97.0,LD,374.3,482.1,-22.0,D,2026-09-07 11:47:30.282700
2026-09-07,2026-06-01,2026-09-07,district,EAST RAJASTHAN,RAJASTHAN,JHALAWAR,14.0,6.5,115.0,LE,700.1,807.0,-13.0,N,2026-09-07 11:47:30.282700
2026-09-07,2026-06-01,2026-09-07,district,EAST RAJASTHAN,RAJASTHAN,JHUNJHUNU,0.6,3.4,-82.0,LD,395.0,371.3,6.0,N,2026-09-07 11:47:30.282700
2026-09-07,2026-06-01,2026-09-07,district,EAST RAJASTHAN,RAJASTHAN,KARAULI,1.8,6.8,-73.0,LD,519.7,551.2,-6.0,N,2026-09-07 11:47:30.282700
2026-09-07,2026-06-01,2026-09-07,district,EAST RAJASTHAN,RAJASTHAN,KOTA,14.2,5.9,140.0,LE,499.2,680.5,-27.0,D,2026-09-07 11:47:30.282700
2026-09-07,2026-06-01,2026-09-07,district,EAST RAJASTHAN,RAJASTHAN,PRATAPGARH,0.8,11.0,-93.0,LD,626.9,831.2,-25.0,D,2026-09-07 11:47:30.282700
2026-09-07,2026-06-01,2026-09-07,district,EAST RAJASTHAN,RAJASTHAN,RAJSAMAND,0.0,6.0,-100.0,NR,311.4,488.6,-36.0,D,2026-09-07 11:47:30.282700
2026-09-07,2026-06-01,2026-09-07,district,EAST RAJASTHAN,RAJASTHAN,SAWAI MADHOPUR,5.1,4.8,7.0,N,522.9,611.9,-15.0,N,2026-09-07 11:47:30.282700
2026-09-07,2026-06-01,2026-09-07,district,EAST RAJASTHAN,RAJASTHAN,SIKAR,5.8,2.2,161.0,LE,343.9,375.9,-9.0,N,2026-09-07 11:47:30.282700
2026-09-07,2026-06-01,2026-09-07,district,EAST RAJASTHAN,RAJASTHAN,SIROHI,0.0,8.5,-100.0,NR,415.4,793.6,-48.0,D,2026-09-07 11:47:30.282700
2026-09-07,2026-06-01,2026-09-07,district,EAST RAJASTHAN,RAJASTHAN,TONK,1.6,3.3,-53.0,D,453.2,525.9,-14.0,N,2026-09-07 11:47:30.282700
2026-09-07,2026-06-01,2026-09-07,district,EAST RAJASTHAN,RAJASTHAN,UDAIPUR,0.1,4.7,-99.0,LD,340.0,552.1,-38.0,D,2026-09-07 11:47:30.282700
2026-09-07,2026-06-01,2026-09-07,district,EAST UTTAR PRADESH,UTTAR PRADESH,AMBEDKAR NAGAR,5.5,16.6,-67.0,LD,670.0,726.2,-8.0,N,2026-09-07 11:47:30.282700
2026-09-07,2026-06-01,2026-09-07,district,EAST UTTAR PRADESH,UTTAR PRADESH,AMETHI,0.7,6.2,-88.0,LD,356.4,582.7,-39.0,D,2026-09-07 11:47:30.282700
2026-09-07,2026-06-01,2026-09-07,district,EAST UTTAR PRADESH,UTTAR PRADESH,AYODHYA,0.0,7.7,-100.0,NR,642.5,726.5,-12.0,N,2026-09-07 11:47:30.282700
2026-09-07,2026-06-01,2026-09-07,district,EAST UTTAR PRADESH,UTTAR PRADESH,AZAMGARH,0.0,11.2,-100.0,NR,592.1,704.8,-16.0,N,2026-09-07 11:47:30.282700
2026-09-07,2026-06-01,2026-09-07,district,EAST UTTAR PRADESH,UTTAR PRADESH,BAHRAICH,53.1,8.0,564.0,LE,947.8,833.2,14.0,N,2026-09-07 11:47:30.282700
2026-09-07,2026-06-01,2026-09-07,district,EAST UTTAR PRADESH,UTTAR PRADESH,BALLIA,0.9,5.6,-84.0,LD,527.4,608.7,-13.0,N,2026-09-07 11:47:30.282700
2026-09-07,2026-06-01,2026-09-07,district,EAST UTTAR PRADESH,UTTAR PRADESH,BALRAMPUR,19.1,3.1,517.0,LE,593.9,690.0,-14.0,N,2026-09-07 11:47:30.282700
2026-09-07,2026-06-01,2026-09-07,district,EAST UTTAR PRADESH,UTTAR PRADESH,BANDA,7.9,7.8,2.0,N,1112.9,670.0,66.0,LE,2026-09-07 11:47:30.282700
2026-09-07,2026-06-01,2026-09-07,district,EAST UTTAR PRADESH,UTTAR PRADESH,BARABANKI,5.4,5.9,-9.0,N,702.8,687.3,2.0,N,2026-09-07 11:47:30.282700
2026-09-07,2026-06-01,2026-09-07,district,EAST UTTAR PRADESH,UTTAR PRADESH,BASTI,20.9,5.3,295.0,LE,595.0,698.4,-15.0,N,2026-09-07 11:47:30.282700
2026-09-07,2026-06-01,2026-09-07,district,EAST UTTAR PRADESH,UTTAR PRADESH,BHADOHI,0.0,8.2,-100.0,NR,252.2,684.8,-63.0,LD,2026-09-07 11:47:30.282700
2026-09-07,2026-06-01,2026-09-07,district,EAST UTTAR PRADESH,UTTAR PRADESH,CHANDAULI,0.0,7.2,-100.0,NR,508.5,605.1,-16.0,N,2026-09-07 11:47:30.282700
2026-09-07,2026-06-01,2026-09-07,district,EAST UTTAR PRADESH,UTTAR PRADESH,CHITRAKOOT,3.3,9.0,-64.0,LD,1199.1,680.3,76.0,LE,2026-09-07 11:47:30.282700
2026-09-07,2026-06-01,2026-09-07,district,EAST UTTAR PRADESH,UTTAR PRADESH,DEORIA,3.0,3.4,-12.0,N,182.0,660.2,-72.0,LD,2026-09-07 11:47:30.282700
2026-09-07,2026-06-01,2026-09-07,district,EAST UTTAR PRADESH,UTTAR PRADESH,FARRUKHABAD,14.7,8.9,65.0,LE,511.6,627.2,-18.0,N,2026-09-07 11:47:30.282700
2026-09-07,2026-06-01,2026-09-07,district,EAST UTTAR PRADESH,UTTAR PRADESH,FATEHPUR,3.1,7.7,-60.0,LD,628.5,596.8,5.0,N,2026-09-07 11:47:30.282700
2026-09-07,2026-06-01,2026-09-07,district,EAST UTTAR PRADESH,UTTAR PRADESH,GHAZIPUR,0.0,7.5,-100.0,NR,541.0,651.3,-17.0,N,2026-09-07 11:47:30.282700
2026-09-07,2026-06-01,2026-09-07,district,EAST UTTAR PRADESH,UTTAR PRADESH,GONDA,13.8,7.5,84.0,LE,709.8,741.1,-4.0,N,2026-09-07 11:47:30.282700
2026-09-07,2026-06-01,2026-09-07,district,EAST UTTAR PRADESH,UTTAR PRADESH,GORAKHPUR,21.8,11.1,96.0,LE,725.9,1059.9,-32.0,D,2026-09-07 11:47:30.282700
2026-09-07,2026-06-01,2026-09-07,district,EAST UTTAR PRADESH,UTTAR PRADESH,HARDOI,31.3,6.0,421.0,LE,552.8,564.2,-2.0,N,2026-09-07 11:47:30.282700
2026-09-07,2026-06-01,2026-09-07,district,EAST UTTAR PRADESH,UTTAR PRADESH,JAUNPUR,0.3,8.1,-96.0,LD,264.7,597.9,-56.0,D,2026-09-07 11:47:30.282700
2026-09-07,2026-06-01,2026-09-07,district,EAST UTTAR PRADESH,UTTAR PRADESH,KANNAUJ,41.1,7.7,433.0,LE,809.9,578.4,40.0,E,2026-09-07 11:47:30.282700
2026-09-07,2026-06-01,2026-09-07,district,EAST UTTAR PRADESH,UTTAR PRADESH,KANPUR CITY,7.4,7.2,2.0,N,846.0,532.7,59.0,E,2026-09-07 11:47:30.282700
2026-09-07,2026-06-01,2026-09-07,district,EAST UTTAR PRADESH,UTTAR PRADESH,KANPUR DEHAT,0.0,6.2,-100.0,NR,196.7,496.9,-60.0,LD,2026-09-07 11:47:30.282700
2026-09-07,2026-06-01,2026-09-07,district,EAST UTTAR PRADESH,UTTAR PRADESH,KAUSHAMBI,0.8,5.3,-84.0,LD,311.6,472.1,-34.0,D,2026-09-07 11:47:30.282700
2026-09-07,2026-06-01,2026-09-07,district,EAST UTTAR PRADESH,UTTAR PRADESH,KHERI,48.7,5.4,802.0,LE,871.5,777.9,12.0,N,2026-09-07 11:47:30.282700
2026-09-07,2026-06-01,2026-09-07,district,EAST UTTAR PRADESH,UTTAR PRADESH,KUSHI NAGAR,5.5,5.9,-7.0,N,226.1,622.3,-64.0,LD,2026-09-07 11:47:30.282700
2026-09-07,2026-06-01,2026-09-07,district,EAST UTTAR PRADESH,UTTAR PRADESH,LUCKNOW,16.5,6.3,161.0,LE,626.2,562.9,11.0,N,2026-09-07 11:47:30.282700
2026-09-07,2026-06-01,2026-09-07,district,EAST UTTAR PRADESH,UTTAR PRADESH,MAHARAJGANJ,17.3,5.2,232.0,LE,704.4,862.0,-18.0,N,2026-09-07 11:47:30.282700
2026-09-07,2026-06-01,2026-09-07,district,EAST UTTAR PRADESH,UTTAR PRADESH,MAU,0.0,4.3,-100.0,NR,302.5,667.5,-55.0,D,2026-09-07 11:47:30.282700
2026-09-07,2026-06-01,2026-09-07,district,EAST UTTAR PRADESH,UTTAR PRADESH,MIRZAPUR,0.0,8.9,-100.0,NR,821.7,744.5,10.0,N,2026-09-07 11:47:30.282700
2026-09-07,2026-06-01,2026-09-07,district,EAST UTTAR PRADESH,UTTAR PRADESH,PRATAPGARH,7.0,8.2,-15.0,N,802.8,648.4,24.0,E,2026-09-07 11:47:30.282700
2026-09-07,2026-06-01,2026-09-07,district,EAST UTTAR PRADESH,UTTAR PRADESH,PRAYAGRAJ,1.1,7.3,-86.0,LD,858.0,611.2,40.0,E,2026-09-07 11:47:30.282700
2026-09-07,2026-06-01,2026-09-07,district,EAST UTTAR PRADESH,UTTAR PRADESH,RAE BAREILLY,1.4,4.4,-68.0,LD,322.9,366.0,-12.0,N,2026-09-07 11:47:30.282700
2026-09-07,2026-06-01,2026-09-07,district,EAST UTTAR PRADESH,UTTAR PRADESH,SANT KABIR NAGAR,11.5,7.8,47.0,E,493.4,855.9,-42.0,D,2026-09-07 11:47:30.282700
2026-09-07,2026-06-01,2026-09-07,district,EAST UTTAR PRADESH,UTTAR PRADESH,SHRAWASTI,9.9,7.6,30.0,E,651.5,923.0,-29.0,D,2026-09-07 11:47:30.282700
2026-09-07,2026-06-01,2026-09-07,district,EAST UTTAR PRADESH,UTTAR PRADESH,SIDDHARTH NAGAR,20.8,8.0,160.0,LE,600.5,899.6,-33.0,D,2026-09-07 11:47:30.282700
2026-09-07,2026-06-01,2026-09-07,district,EAST UTTAR PRADESH,UTTAR PRADESH,SITAPUR,18.4,5.4,241.0,LE,517.7,706.1,-27.0,D,2026-09-07 11:47:30.282700
2026-09-07,2026-06-01,2026-09-07,district,EAST UTTAR PRADESH,UTTAR PRADESH,SONBHADRA,0.0,11.5,-100.0,NR,777.7,738.7,5.0,N,2026-09-07 11:47:30.282700
2026-09-07,2026-06-01,2026-09-07,district,EAST UTTAR PRADESH,UTTAR PRADESH,SULTANPUR,5.3,8.5,-37.0,D,715.2,694.1,3.0,N,2026-09-07 11:47:30.282700
2026-09-07,2026-06-01,2026-09-07,district,EAST UTTAR PRADESH,UTTAR PRADESH,UNNAO,6.0,7.7,-22.0,D,432.6,546.1,-21.0,D,2026-09-07 11:47:30.282700
2026-09-07,2026-06-01,2026-09-07,district,EAST UTTAR PRADESH,UTTAR PRADESH,VARANASI,3.6,8.0,-55.0,D,768.1,679.2,13.0,N,2026-09-07 11:47:30.282700
2026-09-07,2026-06-01,2026-09-07,district,GANGETIC WEST BENGAL,WEST BENGAL,BANKURA,0.0,13.1,-100.0,NR,1025.0,980.4,5.0,N,2026-09-07 11:47:30.282700
2026-09-07,2026-06-01,2026-09-07,district,GANGETIC WEST BENGAL,WEST BENGAL,BIRBHUM,2.7,8.5,-68.0,LD,800.6,920.6,-13.0,N,2026-09-07 11:47:30.282700
2026-09-07,2026-06-01,2026-09-07,district,GANGETIC WEST BENGAL,WEST BENGAL,EAST MIDNAPORE,0.0,7.4,-100.0,NR,1595.7,1038.5,54.0,E,2026-09-07 11:47:30.282700
2026-09-07,2026-06-01,2026-09-07,district,GANGETIC WEST BENGAL,WEST BENGAL,HOOGHLY,2.7,5.6,-51.0,D,884.7,874.4,1.0,N,2026-09-07 11:47:30.282700
2026-09-07,2026-06-01,2026-09-07,district,GANGETIC WEST BENGAL,WEST BENGAL,HOWRAH,0.0,6.7,-100.0,NR,1015.4,959.6,6.0,N,2026-09-07 11:47:30.282700
2026-09-07,2026-06-01,2026-09-07,district,GANGETIC WEST BENGAL,WEST BENGAL,JHARGRAM,0.0,6.6,-100.0,NR,977.4,974.0,0.0,N,2026-09-07 11:47:30.282700
2026-09-07,2026-06-01,2026-09-07,district,GANGETIC WEST BENGAL,WEST BENGAL,KOLKATA,0.0,10.1,-100.0,NR,1407.3,1110.9,27.0,E,2026-09-07 11:47:30.282700
2026-09-07,2026-06-01,2026-09-07,district,GANGETIC WEST BENGAL,WEST BENGAL,MURSHIDABAD,0.0,7.2,-100.0,NR,653.4,815.4,-20.0,D,2026-09-07 11:47:30.282700
2026-09-07,2026-06-01,2026-09-07,district,GANGETIC WEST BENGAL,WEST BENGAL,NADIA,0.1,5.9,-98.0,LD,629.8,776.8,-19.0,N,2026-09-07 11:47:30.282700
2026-09-07,2026-06-01,2026-09-07,district,GANGETIC WEST BENGAL,WEST BENGAL,NORTH 24 PARGANAS,3.5,6.1,-43.0,D,1246.0,957.3,30.0,E,2026-09-07 11:47:30.282700
2026-09-07,2026-06-01,2026-09-07,district,GANGETIC WEST BENGAL,WEST BENGAL,PASCHIM BARDHAMAN,0.3,9.3,-96.0,LD,1015.7,915.8,11.0,N,2026-09-07 11:47:30.282700
2026-09-07,2026-06-01,2026-09-07,district,GANGETIC WEST BENGAL,WEST BENGAL,PURBA BARDHAMAN,0.0,6.2,-100.0,NR,804.5,855.7,-6.0,N,2026-09-07 11:47:30.282700
2026-09-07,2026-06-01,2026-09-07,district,GANGETIC WEST BENGAL,WEST BENGAL,PURULIA,0.0,8.9,-100.0,NR,796.7,920.5,-13.0,N,2026-09-07 11:47:30.282700
2026-09-07,2026-06-01,2026-09-07,district,GANGETIC WEST BENGAL,WEST BENGAL,SOUTH 24 PARGANAS,0.0,9.7,-100.0,NR,1370.8,1208.6,13.0,N,2026-09-07 11:47:30.282700
2026-09-07,2026-06-01,2026-09-07,district,GANGETIC WEST BENGAL,WEST BENGAL,WEST MIDNAPORE,1.4,6.6,-79.0,LD,1307.5,974.0,34.0,E,2026-09-07 11:47:30.282700
2026-09-07,2026-06-01,2026-09-07,district,GUJARAT REGION,DADRA & NAGAR HAVELI AND DAMAN & DIU (UT),DADARA & NAGAR HAVELI,7.5,11.1,-33.0,D,2955.1,2070.2,43.0,E,2026-09-07 11:47:30.282700
2026-09-07,2026-06-01,2026-09-07,district,GUJARAT REGION,DADRA & NAGAR HAVELI AND DAMAN & DIU (UT),DAMAN,0.7,11.1,-94.0,LD,2677.0,2070.2,29.0,E,2026-09-07 11:47:30.282700
2026-09-07,2026-06-01,2026-09-07,district,GUJARAT REGION,GUJARAT,AHMEDABAD,0.0,6.0,-100.0,NR,539.6,588.4,-8.0,N,2026-09-07 11:47:30.282700
2026-09-07,2026-06-01,2026-09-07,district,GUJARAT REGION,GUJARAT,ANAND,0.0,9.8,-100.0,NR,759.8,745.2,2.0,N,2026-09-07 11:47:30.282700
2026-09-07,2026-06-01,2026-09-07,district,GUJARAT REGION,GUJARAT,ARAVALLI,0.0,14.1,-100.0,NR,386.9,763.4,-49.0,D,2026-09-07 11:47:30.282700
2026-09-07,2026-06-01,2026-09-07,district,GUJARAT REGION,GUJARAT,BANASKANTHA,0.0,4.9,-100.0,NR,379.3,532.5,-29.0,D,2026-09-07 11:47:30.282700
2026-09-07,2026-06-01,2026-09-07,district,GUJARAT REGION,GUJARAT,BHARUCH,0.0,4.6,-100.0,NR,747.6,636.9,17.0,N,2026-09-07 11:47:30.282700
2026-09-07,2026-06-01,2026-09-07,district,GUJARAT REGION,GUJARAT,CHHOTA UDEPUR,0.0,13.5,-100.0,NR,601.2,879.7,-32.0,D,2026-09-07 11:47:30.282700
2026-09-07,2026-06-01,2026-09-07,district,GUJARAT REGION,GUJARAT,DAHOD,0.1,15.5,-99.0,LD,375.3,703.9,-47.0,D,2026-09-07 11:47:30.282700
2026-09-07,2026-06-01,2026-09-07,district,GUJARAT REGION,GUJARAT,DANGS,0.9,19.0,-95.0,LD,2330.2,1993.2,17.0,N,2026-09-07 11:47:30.282700
2026-09-07,2026-06-01,2026-09-07,district,GUJARAT REGION,GUJARAT,GANDHINAGAR,0.0,9.8,-100.0,NR,469.3,678.1,-31.0,D,2026-09-07 11:47:30.282700
2026-09-07,2026-06-01,2026-09-07,district,GUJARAT REGION,GUJARAT,KHEDA,0.0,13.0,-100.0,NR,867.4,730.3,19.0,N,2026-09-07 11:47:30.282700
2026-09-07,2026-06-01,2026-09-07,district,GUJARAT REGION,GUJARAT,MAHISAGAR,0.0,19.9,-100.0,NR,682.6,728.3,-6.0,N,2026-09-07 11:47:30.282700
2026-09-07,2026-06-01,2026-09-07,district,GUJARAT REGION,GUJARAT,MEHSANA,0.0,7.4,-100.0,NR,448.4,624.7,-28.0,D,2026-09-07 11:47:30.282700
2026-09-07,2026-06-01,2026-09-07,district,GUJARAT REGION,GUJARAT,NARMADA,0.0,8.0,-100.0,NR,867.4,928.9,-7.0,N,2026-09-07 11:47:30.282700
2026-09-07,2026-06-01,2026-09-07,district,GUJARAT REGION,GUJARAT,NAVSARI,0.0,11.1,-100.0,NR,2257.4,1634.2,38.0,E,2026-09-07 11:47:30.282700
2026-09-07,2026-06-01,2026-09-07,district,GUJARAT REGION,GUJARAT,PANCHMAHAL,0.0,15.9,-100.0,NR,699.6,838.3,-17.0,N,2026-09-07 11:47:30.282700
2026-09-07,2026-06-01,2026-09-07,district,GUJARAT REGION,GUJARAT,PATAN,0.0,3.8,-100.0,NR,406.7,498.6,-18.0,N,2026-09-07 11:47:30.282700
2026-09-07,2026-06-01,2026-09-07,district,GUJARAT REGION,GUJARAT,SABARKANTHA,0.0,12.4,-100.0,NR,410.2,753.2,-46.0,D,2026-09-07 11:47:30.282700
2026-09-07,2026-06-01,2026-09-07,district,GUJARAT REGION,GUJARAT,SURAT,0.1,9.5,-99.0,LD,1466.8,1150.4,28.0,E,2026-09-07 11:47:30.282700
2026-09-07,2026-06-01,2026-09-07,district,GUJARAT REGION,GUJARAT,TAPI,13.3,12.0,11.0,N,1319.4,1247.0,6.0,N,2026-09-07 11:47:30.282700
2026-09-07,2026-06-01,2026-09-07,district,GUJARAT REGION,GUJARAT,VADODARA,0.0,8.8,-100.0,NR,530.0,793.8,-33.0,D,2026-09-07 11:47:30.282700
2026-09-07,2026-06-01,2026-09-07,district,GUJARAT REGION,GUJARAT,VALSAD,3.1,10.4,-71.0,LD,2732.9,1852.4,48.0,E,2026-09-07 11:47:30.282700
2026-09-07,2026-06-01,2026-09-07,district,HAR. CHD & DELHI,CHANDIGARH (UT),CHANDIGARH,0.0,5.6,-100.0,NR,656.9,759.8,-14.0,N,2026-09-07 11:47:30.282700
2026-09-07,2026-06-01,2026-09-07,district,HAR. CHD & DELHI,DELHI,CENTRAL DELHI,14.2,6.0,137.0,LE,757.3,589.3,28.0,E,2026-09-07 11:47:30.282700
2026-09-07,2026-06-01,2026-09-07,district,HAR. CHD & DELHI,DELHI,NEW DELHI,10.0,6.8,47.0,E,593.4,569.4,4.0,N,2026-09-07 11:47:30.282700
2026-09-07,2026-06-01,2026-09-07,district,HAR. CHD & DELHI,DELHI,NORTH EAST DELHI,18.4,6.0,207.0,LE,579.5,589.3,-2.0,N,2026-09-07 11:47:30.282700
2026-09-07,2026-06-01,2026-09-07,district,HAR. CHD & DELHI,DELHI,SOUTH DELHI,2.0,6.0,-67.0,LD,582.8,589.3,-1.0,N,2026-09-07 11:47:30.282700
2026-09-07,2026-06-01,2026-09-07,district,HAR. CHD & DELHI,DELHI,SOUTH EAST DELHI,1.5,6.0,-76.0,LD,691.0,589.3,17.0,N,2026-09-07 11:47:30.282700
2026-09-07,2026-06-01,2026-09-07,district,HAR. CHD & DELHI,DELHI,SOUTH WEST DELHI,0.0,7.6,-100.0,NR,400.9,482.0,-17.0,N,2026-09-07 11:47:30.282700
2026-09-07,2026-06-01,2026-09-07,district,HAR. CHD & DELHI,DELHI,WEST DELHI,6.0,8.0,-25.0,D,684.0,536.6,27.0,E,2026-09-07 11:47:30.282700
2026-09-07,2026-06-01,2026-09-07,district,HAR. CHD & DELHI,HARYANA,AMBALA,1.8,5.6,-69.0,LD,391.0,722.5,-46.0,D,2026-09-07 11:47:30.282700
2026-09-07,2026-06-01,2026-09-07,district,HAR. CHD & DELHI,HARYANA,BHIWANI,0.0,2.2,-100.0,NR,260.8,261.8,0.0,N,2026-09-07 11:47:30.282700
2026-09-07,2026-06-01,2026-09-07,district,HAR. CHD & DELHI,HARYANA,CHARKHI DADRI,0.0,2.9,-100.0,NR,325.7,360.1,-10.0,N,2026-09-07 11:47:30.282700
2026-09-07,2026-06-01,2026-09-07,district,HAR. CHD & DELHI,HARYANA,FARIDABAD,1.0,7.0,-86.0,LD,524.9,498.7,5.0,N,2026-09-07 11:47:30.282700
2026-09-07,2026-06-01,2026-09-07,district,HAR. CHD & DELHI,HARYANA,FATEHABAD,0.0,1.3,-100.0,NR,222.0,230.4,-4.0,N,2026-09-07 11:47:30.282700
2026-09-07,2026-06-01,2026-09-07,district,HAR. CHD & DELHI,HARYANA,GURGAON,0.0,7.0,-100.0,NR,467.4,441.6,6.0,N,2026-09-07 11:47:30.282700
2026-09-07,2026-06-01,2026-09-07,district,HAR. CHD & DELHI,HARYANA,HISAR,0.0,2.9,-100.0,NR,200.0,262.0,-24.0,D,2026-09-07 11:47:30.282700
2026-09-07,2026-06-01,2026-09-07,district,HAR. CHD & DELHI,HARYANA,JHAJJAR,0.0,5.2,-99.0,LD,294.2,337.7,-13.0,N,2026-09-07 11:47:30.282700
2026-09-07,2026-06-01,2026-09-07,district,HAR. CHD & DELHI,HARYANA,JIND,0.0,3.4,-100.0,NR,143.0,341.7,-58.0,D,2026-09-07 11:47:30.282700
2026-09-07,2026-06-01,2026-09-07,district,HAR. CHD & DELHI,HARYANA,KAITHAL,0.0,3.8,-100.0,NR,160.0,328.2,-51.0,D,2026-09-07 11:47:30.282700
2026-09-07,2026-06-01,2026-09-07,district,HAR. CHD & DELHI,HARYANA,KARNAL,0.9,6.3,-86.0,LD,253.6,456.1,-44.0,D,2026-09-07 11:47:30.282700
2026-09-07,2026-06-01,2026-09-07,district,HAR. CHD & DELHI,HARYANA,KURUKSHETRA,0.0,1.8,-100.0,NR,355.4,367.6,-3.0,N,2026-09-07 11:47:30.282700
2026-09-07,2026-06-01,2026-09-07,district,HAR. CHD & DELHI,HARYANA,MAHENDRAGARH,0.0,3.5,-100.0,NR,289.8,360.5,-20.0,D,2026-09-07 11:47:30.282700
2026-09-07,2026-06-01,2026-09-07,district,HAR. CHD & DELHI,HARYANA,NUH,0.7,7.2,-90.0,LD,441.0,428.8,3.0,N,2026-09-07 11:47:30.282700
2026-09-07,2026-06-01,2026-09-07,district,HAR. CHD & DELHI,HARYANA,PALWAL,21.7,4.6,372.0,LE,469.0,352.4,33.0,E,2026-09-07 11:47:30.282700
2026-09-07,2026-06-01,2026-09-07,district,HAR. CHD & DELHI,HARYANA,PANCHKULA,23.2,6.2,274.0,LE,619.9,767.9,-19.0,N,2026-09-07 11:47:30.282700
2026-09-07,2026-06-01,2026-09-07,district,HAR. CHD & DELHI,HARYANA,PANIPAT,3.3,5.5,-41.0,D,286.7,395.9,-28.0,D,2026-09-07 11:47:30.282700
2026-09-07,2026-06-01,2026-09-07,district,HAR. CHD & DELHI,HARYANA,REWARI,0.0,4.1,-100.0,NR,357.1,385.4,-7.0,N,2026-09-07 11:47:30.282700
2026-09-07,2026-06-01,2026-09-07,district,HAR. CHD & DELHI,HARYANA,ROHTAK,0.3,1.9,-84.0,LD,230.7,415.5,-44.0,D,2026-09-07 11:47:30.282700
2026-09-07,2026-06-01,2026-09-07,district,HAR. CHD & DELHI,HARYANA,SIRSA,0.0,2.1,-100.0,NR,86.0,190.1,-55.0,D,2026-09-07 11:47:30.282700
2026-09-07,2026-06-01,2026-09-07,district,HAR. CHD & DELHI,HARYANA,SONEPAT,13.1,5.8,125.0,LE,300.6,415.7,-28.0,D,2026-09-07 11:47:30.282700
2026-09-07,2026-06-01,2026-09-07,district,HAR. CHD & DELHI,HARYANA,YAMUNA NAGAR,0.9,4.0,-77.0,LD,711.5,804.2,-12.0,N,2026-09-07 11:47:30.282700
2026-09-07,2026-06-01,2026-09-07,district,HIMACHAL PRADESH,HIMACHAL PRADESH,BILASPUR,0.1,7.0,-99.0,LD,836.0,734.6,14.0,N,2026-09-07 11:47:30.282700
2026-09-07,2026-06-01,2026-09-07,district,HIMACHAL PRADESH,HIMACHAL PRADESH,CHAMBA,0.0,5.4,-100.0,NR,673.6,765.1,-12.0,N,2026-09-07 11:47:30.282700
2026-09-07,2026-06-01,2026-09-07,district,HIMACHAL PRADESH,HIMACHAL PRADESH,HAMIRPUR,0.0,2.9,-100.0,NR,595.6,885.7,-33.0,D,2026-09-07 11:47:30.282700
2026-09-07,2026-06-01,2026-09-07,district,HIMACHAL PRADESH,HIMACHAL PRADESH,KANGRA,1.8,6.8,-74.0,LD,1411.8,1482.1,-5.0,N,2026-09-07 11:47:30.282700
2026-09-07,2026-06-01,2026-09-07,district,HIMACHAL PRADESH,HIMACHAL PRADESH,KINNAUR,2.1,1.9,11.0,N,223.6,203.0,10.0,N,2026-09-07 11:47:30.282700
2026-09-07,2026-06-01,2026-09-07,district,HIMACHAL PRADESH,HIMACHAL PRADESH,KULLU,0.0,2.1,-100.0,NR,500.2,475.1,5.0,N,2026-09-07 11:47:30.282700
2026-09-07,2026-06-01,2026-09-07,district,HIMACHAL PRADESH,HIMACHAL PRADESH,LAHAUL & SPITI,0.0,1.4,-100.0,NR,110.5,318.4,-65.0,LD,2026-09-07 11:47:30.282700
2026-09-07,2026-06-01,2026-09-07,district,HIMACHAL PRADESH,HIMACHAL PRADESH,MANDI,0.7,7.6,-90.0,LD,945.1,1004.3,-6.0,N,2026-09-07 11:47:30.282700
2026-09-07,2026-06-01,2026-09-07,district,HIMACHAL PRADESH,HIMACHAL PRADESH,SHIMLA,3.8,4.6,-18.0,N,708.0,551.6,28.0,E,2026-09-07 11:47:30.282700
2026-09-07,2026-06-01,2026-09-07,district,HIMACHAL PRADESH,HIMACHAL PRADESH,SIRMAUR,3.2,6.6,-52.0,D,1197.7,1064.1,13.0,N,2026-09-07 11:47:30.282700
2026-09-07,2026-06-01,2026-09-07,district,HIMACHAL PRADESH,HIMACHAL PRADESH,SOLAN,1.9,7.3,-74.0,LD,789.0,777.3,2.0,N,2026-09-07 11:47:30.282700
2026-09-07,2026-06-01,2026-09-07,district,HIMACHAL PRADESH,HIMACHAL PRADESH,UNA,0.0,5.2,-100.0,NR,723.8,861.8,-16.0,N,2026-09-07 11:47:30.282700
2026-09-07,2026-06-01,2026-09-07,district,J & K AND LADAKH,JAMMU & KASHMIR(UT),ANANTNAG,0.0,2.9,-100.0,NR,301.4,280.1,8.0,N,2026-09-07 11:47:30.282700
2026-09-07,2026-06-01,2026-09-07,district,J & K AND LADAKH,JAMMU & KASHMIR(UT),BADGAM,0.0,3.6,-100.0,NR,131.3,181.6,-28.0,D,2026-09-07 11:47:30.282700
2026-09-07,2026-06-01,2026-09-07,district,J & K AND LADAKH,JAMMU & KASHMIR(UT),BANDIPORA,0.0,1.1,-100.0,NR,201.4,192.9,4.0,N,2026-09-07 11:47:30.282700
2026-09-07,2026-06-01,2026-09-07,district,J & K AND LADAKH,JAMMU & KASHMIR(UT),BARAMULA,0.0,1.2,-100.0,NR,281.9,188.1,50.0,E,2026-09-07 11:47:30.282700
2026-09-07,2026-06-01,2026-09-07,district,J & K AND LADAKH,JAMMU & KASHMIR(UT),DODA,0.0,1.9,-100.0,NR,367.9,369.5,0.0,N,2026-09-07 11:47:30.282700
2026-09-07,2026-06-01,2026-09-07,district,J & K AND LADAKH,JAMMU & KASHMIR(UT),GANDERBAL,0.0,5.4,-100.0,NR,322.6,239.0,35.0,E,2026-09-07 11:47:30.282700
2026-09-07,2026-06-01,2026-09-07,district,J & K AND LADAKH,JAMMU & KASHMIR(UT),JAMMU,0.1,8.5,-99.0,LD,732.4,864.1,-15.0,N,2026-09-07 11:47:30.282700
2026-09-07,2026-06-01,2026-09-07,district,J & K AND LADAKH,JAMMU & KASHMIR(UT),KATHUA,12.1,8.8,37.0,E,1106.0,1152.7,-4.0,N,2026-09-07 11:47:30.282700
2026-09-07,2026-06-01,2026-09-07,district,J & K AND LADAKH,JAMMU & KASHMIR(UT),KISTWAR,0.0,1.9,-100.0,NR,171.8,369.5,-54.0,D,2026-09-07 11:47:30.282700
2026-09-07,2026-06-01,2026-09-07,district,J & K AND LADAKH,JAMMU & KASHMIR(UT),KULGAM,0.0,3.8,-100.0,NR,268.5,291.9,-8.0,N,2026-09-07 11:47:30.282700
2026-09-07,2026-06-01,2026-09-07,district,J & K AND LADAKH,JAMMU & KASHMIR(UT),KUPWARA,0.0,0.5,-100.0,NR,212.8,223.6,-5.0,N,2026-09-07 11:47:30.282700
2026-09-07,2026-06-01,2026-09-07,district,J & K AND LADAKH,JAMMU & KASHMIR(UT),POONCH,0.0,4.1,-100.0,NR,812.3,599.1,36.0,E,2026-09-07 11:47:30.282700
2026-09-07,2026-06-01,2026-09-07,district,J & K AND LADAKH,JAMMU & KASHMIR(UT),PULWAMA,0.0,1.6,-100.0,NR,249.0,169.8,47.0,E,2026-09-07 11:47:30.282700
2026-09-07,2026-06-01,2026-09-07,district,J & K AND LADAKH,JAMMU & KASHMIR(UT),RAJOURI,0.0,7.7,-100.0,NR,670.1,628.3,7.0,N,2026-09-07 11:47:30.282700
2026-09-07,2026-06-01,2026-09-07,district,J & K AND LADAKH,JAMMU & KASHMIR(UT),RAMBAN,0.0,3.0,-100.0,NR,447.1,365.3,22.0,E,2026-09-07 11:47:30.282700
2026-09-07,2026-06-01,2026-09-07,district,J & K AND LADAKH,JAMMU & KASHMIR(UT),REASI,1.3,10.2,-88.0,LD,1274.0,1424.8,-11.0,N,2026-09-07 11:47:30.282700
2026-09-07,2026-06-01,2026-09-07,district,J & K AND LADAKH,JAMMU & KASHMIR(UT),SAMBA,0.0,6.7,-100.0,NR,953.5,729.2,31.0,E,2026-09-07 11:47:30.282700
2026-09-07,2026-06-01,2026-09-07,district,J & K AND LADAKH,JAMMU & KASHMIR(UT),SHOPIAN,0.0,0.8,-100.0,NR,125.0,254.5,-51.0,D,2026-09-07 11:47:30.282700
2026-09-07,2026-06-01,2026-09-07,district,J & K AND LADAKH,JAMMU & KASHMIR(UT),SRINAGAR,0.0,2.1,-100.0,NR,232.9,211.1,10.0,N,2026-09-07 11:47:30.282700
2026-09-07,2026-06-01,2026-09-07,district,J & K AND LADAKH,JAMMU & KASHMIR(UT),UDHAMPUR,0.6,10.3,-95.0,LD,1438.8,883.7,63.0,LE,2026-09-07 11:47:30.282700
2026-09-07,2026-06-01,2026-09-07,district,J & K AND LADAKH,LADAKH (UT),KARGIL,0.0,0.2,-100.0,NR,21.6,8.3,137.0,LE,2026-09-07 11:47:30.282700
2026-09-07,2026-06-01,2026-09-07,district,J & K AND LADAKH,LADAKH (UT),LADAKH (LEH),0.0,0.0,-100.0,NR,58.0,20.7,176.0,LE,2026-09-07 11:47:30.282700
2026-09-07,2026-06-01,2026-09-07,district,JHARKHAND,JHARKHAND,BOKARO,4.5,9.8,-55.0,D,696.2,770.6,-10.0,N,2026-09-07 11:47:30.282700
2026-09-07,2026-06-01,2026-09-07,district,JHARKHAND,JHARKHAND,CHATRA,0.0,10.5,-100.0,NR,637.4,792.0,-20.0,D,2026-09-07 11:47:30.282700
2026-09-07,2026-06-01,2026-09-07,district,JHARKHAND,JHARKHAND,DEOGHAR,24.6,8.7,182.0,LE,525.3,800.9,-34.0,D,2026-09-07 11:47:30.282700
2026-09-07,2026-06-01,2026-09-07,district,JHARKHAND,JHARKHAND,DHANBAD,12.3,10.5,17.0,N,846.8,885.9,-4.0,N,2026-09-07 11:47:30.282700
2026-09-07,2026-06-01,2026-09-07,district,JHARKHAND,JHARKHAND,DUMKA,20.9,7.0,199.0,LE,811.1,846.5,-4.0,N,2026-09-07 11:47:30.282700
2026-09-07,2026-06-01,2026-09-07,district,JHARKHAND,JHARKHAND,EAST SINGHBHUM,0.0,8.2,-100.0,NR,959.1,928.1,3.0,N,2026-09-07 11:47:30.282700
2026-09-07,2026-06-01,2026-09-07,district,JHARKHAND,JHARKHAND,GARHWA,0.0,10.1,-100.0,NR,610.9,781.8,-22.0,D,2026-09-07 11:47:30.282700
2026-09-07,2026-06-01,2026-09-07,district,JHARKHAND,JHARKHAND,GIRIDIH,26.9,9.0,199.0,LE,605.3,804.8,-25.0,D,2026-09-07 11:47:30.282700
2026-09-07,2026-06-01,2026-09-07,district,JHARKHAND,JHARKHAND,GODDA,0.0,5.1,-100.0,NR,591.0,735.9,-20.0,D,2026-09-07 11:47:30.282700
2026-09-07,2026-06-01,2026-09-07,district,JHARKHAND,JHARKHAND,GUMLA,0.3,8.7,-97.0,LD,657.1,895.3,-27.0,D,2026-09-07 11:47:30.282700
2026-09-07,2026-06-01,2026-09-07,district,JHARKHAND,JHARKHAND,HAZARIBAG,3.6,9.9,-63.0,LD,692.4,879.9,-21.0,D,2026-09-07 11:47:30.282700
2026-09-07,2026-06-01,2026-09-07,district,JHARKHAND,JHARKHAND,JAMTARA,3.3,10.4,-68.0,LD,835.2,883.8,-5.0,N,2026-09-07 11:47:30.282700
2026-09-07,2026-06-01,2026-09-07,district,JHARKHAND,JHARKHAND,KHUNTI,0.0,9.4,-100.0,NR,897.1,945.8,-5.0,N,2026-09-07 11:47:30.282700
2026-09-07,2026-06-01,2026-09-07,district,JHARKHAND,JHARKHAND,KODERMA,42.1,12.4,239.0,LE,551.6,730.6,-24.0,D,2026-09-07 11:47:30.282700
2026-09-07,2026-06-01,2026-09-07,district,JHARKHAND,JHARKHAND,LATEHAR,18.0,7.6,136.0,LE,1087.8,874.8,24.0,E,2026-09-07 11:47:30.282700
2026-09-07,2026-06-01,2026-09-07,district,JHARKHAND,JHARKHAND,LOHARDAGA,0.0,9.4,-100.0,NR,784.6,835.9,-6.0,N,2026-09-07 11:47:30.282700
2026-09-07,2026-06-01,2026-09-07,district,JHARKHAND,JHARKHAND,PAKUR,6.9,9.2,-25.0,D,476.5,963.8,-51.0,D,2026-09-07 11:47:30.282700
2026-09-07,2026-06-01,2026-09-07,district,JHARKHAND,JHARKHAND,PALAMU,5.0,10.0,-50.0,D,644.2,720.1,-11.0,N,2026-09-07 11:47:30.282700
2026-09-07,2026-06-01,2026-09-07,district,JHARKHAND,JHARKHAND,RAMGARH,8.3,11.7,-29.0,D,813.2,872.3,-7.0,N,2026-09-07 11:47:30.282700
2026-09-07,2026-06-01,2026-09-07,district,JHARKHAND,JHARKHAND,RANCHI,0.9,8.9,-90.0,LD,910.6,877.1,4.0,N,2026-09-07 11:47:30.282700
2026-09-07,2026-06-01,2026-09-07,district,JHARKHAND,JHARKHAND,SERAIKELA-KHARSAWAN,0.0,7.8,-100.0,NR,1004.7,857.6,17.0,N,2026-09-07 11:47:30.282700
2026-09-07,2026-06-01,2026-09-07,district,JHARKHAND,JHARKHAND,SIMDEGA,1.3,10.5,-88.0,LD,1089.7,1113.0,-2.0,N,2026-09-07 11:47:30.282700
2026-09-07,2026-06-01,2026-09-07,district,JHARKHAND,JHARKHAND,WEST SINGHBHUM,1.9,7.3,-74.0,LD,1189.2,867.4,37.0,E,2026-09-07 11:47:30.282700
2026-09-07,2026-06-01,2026-09-07,district,KERALA & MAHE,KERALA,ALAPUZHA,0.4,11.9,-97.0,LD,1022.1,1433.2,-29.0,D,2026-09-07 11:47:30.282700
2026-09-07,2026-06-01,2026-09-07,district,KERALA & MAHE,KERALA,ERNAKULAM,0.0,17.3,-100.0,NR,1450.2,1879.4,-23.0,D,2026-09-07 11:47:30.282700
2026-09-07,2026-06-01,2026-09-07,district,KERALA & MAHE,KERALA,IDUKKI,1.7,16.9,-90.0,LD,1254.7,2311.4,-46.0,D,2026-09-07 11:47:30.282700
2026-09-07,2026-06-01,2026-09-07,district,KERALA & MAHE,KERALA,KANNUR,0.0,12.0,-100.0,NR,2211.6,2425.9,-9.0,N,2026-09-07 11:47:30.282700
2026-09-07,2026-06-01,2026-09-07,district,KERALA & MAHE,KERALA,KASARGOD,0.0,12.8,-100.0,NR,2293.5,2658.5,-14.0,N,2026-09-07 11:47:30.282700
2026-09-07,2026-06-01,2026-09-07,district,KERALA & MAHE,KERALA,KOLLAM,0.0,7.6,-100.0,NR,728.7,1079.7,-33.0,D,2026-09-07 11:47:30.282700
2026-09-07,2026-06-01,2026-09-07,district,KERALA & MAHE,KERALA,KOTTAYAM,0.0,17.3,-100.0,NR,1519.9,1684.7,-10.0,N,2026-09-07 11:47:30.282700
2026-09-07,2026-06-01,2026-09-07,district,KERALA & MAHE,KERALA,KOZHIKODE,0.0,9.6,-100.0,NR,2021.4,2342.7,-14.0,N,2026-09-07 11:47:30.282700
2026-09-07,2026-06-01,2026-09-07,district,KERALA & MAHE,KERALA,MALAPPURAM,0.0,10.9,-100.0,NR,1369.4,1766.7,-22.0,D,2026-09-07 11:47:30.282700
2026-09-07,2026-06-01,2026-09-07,district,KERALA & MAHE,KERALA,PALAKKAD,0.0,8.4,-100.0,NR,1049.7,1405.4,-25.0,D,2026-09-07 11:47:30.282700
2026-09-07,2026-06-01,2026-09-07,district,KERALA & MAHE,KERALA,PATHANAMTHITTA,0.0,8.0,-100.0,NR,1313.0,1372.6,-4.0,N,2026-09-07 11:47:30.282700
2026-09-07,2026-06-01,2026-09-07,district,KERALA & MAHE,KERALA,THIRUVANANTHAPURAM,0.2,6.1,-97.0,LD,667.0,702.3,-5.0,N,2026-09-07 11:47:30.282700
2026-09-07,2026-06-01,2026-09-07,district,KERALA & MAHE,KERALA,THRISSUR,0.0,15.7,-100.0,NR,1434.2,1920.0,-25.0,D,2026-09-07 11:47:30.282700
2026-09-07,2026-06-01,2026-09-07,district,KERALA & MAHE,KERALA,WYNAD,0.0,12.7,-100.0,NR,1102.3,2289.4,-52.0,D,2026-09-07 11:47:30.282700
2026-09-07,2026-06-01,2026-09-07,district,KONKAN & GOA,GOA,NORTH GOA,0.1,13.3,-99.0,LD,1759.0,2856.1,-38.0,D,2026-09-07 11:47:30.282700
2026-09-07,2026-06-01,2026-09-07,district,KONKAN & GOA,GOA,SOUTH GOA,0.1,12.1,-99.0,LD,1943.1,2728.5,-29.0,D,2026-09-07 11:47:30.282700
2026-09-07,2026-06-01,2026-09-07,district,KONKAN & GOA,MAHARASHTRA,MUMBAI CITY,12.8,6.2,106.0,LE,1809.1,1849.1,-2.0,N,2026-09-07 11:47:30.282700
2026-09-07,2026-06-01,2026-09-07,district,KONKAN & GOA,MAHARASHTRA,MUMBAI SUBURBAN,3.2,8.4,-62.0,LD,2256.8,2068.2,9.0,N,2026-09-07 11:47:30.282700
2026-09-07,2026-06-01,2026-09-07,district,KONKAN & GOA,MAHARASHTRA,PALGHAR,2.9,9.1,-68.0,LD,2514.8,2037.9,23.0,E,2026-09-07 11:47:30.282700
2026-09-07,2026-06-01,2026-09-07,district,KONKAN & GOA,MAHARASHTRA,RAIGAD,14.7,16.6,-12.0,N,2825.1,2838.6,0.0,N,2026-09-07 11:47:30.282700
2026-09-07,2026-06-01,2026-09-07,district,KONKAN & GOA,MAHARASHTRA,RATNAGIRI,20.9,14.3,46.0,E,2535.6,2921.6,-13.0,N,2026-09-07 11:47:30.282700
2026-09-07,2026-06-01,2026-09-07,district,KONKAN & GOA,MAHARASHTRA,SINDHUDURG,14.1,11.0,28.0,E,1785.0,2709.1,-34.0,D,2026-09-07 11:47:30.282700
2026-09-07,2026-06-01,2026-09-07,district,KONKAN & GOA,MAHARASHTRA,THANE,10.3,13.3,-23.0,D,2026.0,2205.0,-8.0,N,2026-09-07 11:47:30.282700
2026-09-07,2026-06-01,2026-09-07,district,LAKSHADWEEP,LAKSHADWEEP,LAKSHADWEEP,0.5,5.3,-91.0,LD,643.4,899.1,-28.0,D,2026-09-07 11:47:30.282700
2026-09-07,2026-06-01,2026-09-07,district,MADHYA MAHARASHTRA,MAHARASHTRA,AHMEDNAGAR,0.1,2.7,-98.0,LD,214.6,332.5,-35.0,D,2026-09-07 11:47:30.282700
2026-09-07,2026-06-01,2026-09-07,district,MADHYA MAHARASHTRA,MAHARASHTRA,DHULE,0.0,2.9,-100.0,NR,387.2,455.3,-15.0,N,2026-09-07 11:47:30.282700
2026-09-07,2026-06-01,2026-09-07,district,MADHYA MAHARASHTRA,MAHARASHTRA,JALGAON,0.8,3.9,-81.0,LD,479.3,535.3,-10.0,N,2026-09-07 11:47:30.282700
2026-09-07,2026-06-01,2026-09-07,district,MADHYA MAHARASHTRA,MAHARASHTRA,KOLHAPUR,6.0,7.7,-22.0,D,1427.9,1568.5,-9.0,N,2026-09-07 11:47:30.282700
2026-09-07,2026-06-01,2026-09-07,district,MADHYA MAHARASHTRA,MAHARASHTRA,NANDURBAR,5.5,4.7,17.0,N,428.5,732.5,-42.0,D,2026-09-07 11:47:30.282700
2026-09-07,2026-06-01,2026-09-07,district,MADHYA MAHARASHTRA,MAHARASHTRA,NASHIK,1.8,5.7,-69.0,LD,1125.8,759.3,48.0,E,2026-09-07 11:47:30.282700
2026-09-07,2026-06-01,2026-09-07,district,MADHYA MAHARASHTRA,MAHARASHTRA,PUNE,2.1,4.3,-51.0,D,1014.6,806.1,26.0,E,2026-09-07 11:47:30.282700
2026-09-07,2026-06-01,2026-09-07,district,MADHYA MAHARASHTRA,MAHARASHTRA,SANGLI,0.5,2.8,-84.0,LD,311.7,375.0,-17.0,N,2026-09-07 11:47:30.282700
2026-09-07,2026-06-01,2026-09-07,district,MADHYA MAHARASHTRA,MAHARASHTRA,SATARA,3.6,3.6,1.0,N,936.3,720.7,30.0,E,2026-09-07 11:47:30.282700
2026-09-07,2026-06-01,2026-09-07,district,MADHYA MAHARASHTRA,MAHARASHTRA,SHOLAPUR,0.7,3.2,-77.0,LD,158.6,317.0,-50.0,D,2026-09-07 11:47:30.282700
2026-09-07,2026-06-01,2026-09-07,district,MARATHWADA,MAHARASHTRA,BEED,2.2,3.7,-42.0,D,230.7,425.9,-46.0,D,2026-09-07 11:47:30.282700
2026-09-07,2026-06-01,2026-09-07,district,MARATHWADA,MAHARASHTRA,CHHATRAPATI SAMBHAJINAGAR,0.9,3.5,-75.0,LD,425.4,449.1,-5.0,N,2026-09-07 11:47:30.282700
2026-09-07,2026-06-01,2026-09-07,district,MARATHWADA,MAHARASHTRA,DHARASHIV,0.0,4.9,-100.0,NR,272.1,437.6,-38.0,D,2026-09-07 11:47:30.282700
2026-09-07,2026-06-01,2026-09-07,district,MARATHWADA,MAHARASHTRA,HINGOLI,0.0,2.3,-100.0,NR,338.5,658.5,-49.0,D,2026-09-07 11:47:30.282700
2026-09-07,2026-06-01,2026-09-07,district,MARATHWADA,MAHARASHTRA,JALNA,0.0,3.5,-100.0,NR,276.5,487.5,-43.0,D,2026-09-07 11:47:30.282700
2026-09-07,2026-06-01,2026-09-07,district,MARATHWADA,MAHARASHTRA,LATUR,0.0,5.8,-100.0,NR,364.0,532.0,-32.0,D,2026-09-07 11:47:30.282700
2026-09-07,2026-06-01,2026-09-07,district,MARATHWADA,MAHARASHTRA,NANDED,0.0,6.0,-100.0,NR,449.8,667.5,-33.0,D,2026-09-07 11:47:30.282700
2026-09-07,2026-06-01,2026-09-07,district,MARATHWADA,MAHARASHTRA,PARBHANI,0.0,5.8,-100.0,NR,356.6,580.4,-39.0,D,2026-09-07 11:47:30.282700
2026-09-07,2026-06-01,2026-09-07,district,N. I. KARNATAKA,KARNATAKA,BAGALKOTE,0.0,3.6,-100.0,NR,211.4,242.8,-13.0,N,2026-09-07 11:47:30.282700
2026-09-07,2026-06-01,2026-09-07,district,N. I. KARNATAKA,KARNATAKA,BELAGAVI,0.5,3.4,-84.0,LD,543.8,478.4,14.0,N,2026-09-07 11:47:30.282700
2026-09-07,2026-06-01,2026-09-07,district,N. I. KARNATAKA,KARNATAKA,BIDAR,0.1,5.0,-98.0,LD,411.8,514.7,-20.0,D,2026-09-07 11:47:30.282700
2026-09-07,2026-06-01,2026-09-07,district,N. I. KARNATAKA,KARNATAKA,DHARWAD,0.0,2.8,-100.0,NR,244.6,424.3,-42.0,D,2026-09-07 11:47:30.282700
2026-09-07,2026-06-01,2026-09-07,district,N. I. KARNATAKA,KARNATAKA,GADAG,0.0,2.5,-100.0,NR,209.8,252.2,-17.0,N,2026-09-07 11:47:30.282700
2026-09-07,2026-06-01,2026-09-07,district,N. I. KARNATAKA,KARNATAKA,HAVERI,0.0,2.3,-100.0,NR,274.1,412.1,-33.0,D,2026-09-07 11:47:30.282700
2026-09-07,2026-06-01,2026-09-07,district,N. I. KARNATAKA,KARNATAKA,KALABURAGI,2.4,4.5,-47.0,D,202.8,435.2,-53.0,D,2026-09-07 11:47:30.282700
2026-09-07,2026-06-01,2026-09-07,district,N. I. KARNATAKA,KARNATAKA,KOPPAL,0.0,4.7,-100.0,NR,170.7,270.1,-37.0,D,2026-09-07 11:47:30.282700
2026-09-07,2026-06-01,2026-09-07,district,N. I. KARNATAKA,KARNATAKA,RAICHUR,1.1,4.7,-77.0,LD,200.7,308.0,-35.0,D,2026-09-07 11:47:30.282700
2026-09-07,2026-06-01,2026-09-07,district,N. I. KARNATAKA,KARNATAKA,VIJAYAPURA,0.5,3.1,-84.0,LD,175.2,264.9,-34.0,D,2026-09-07 11:47:30.282700
2026-09-07,2026-06-01,2026-09-07,district,N. I. KARNATAKA,KARNATAKA,YADGIR,2.0,5.5,-64.0,LD,285.4,385.3,-26.0,D,2026-09-07 11:47:30.282700
2026-09-07,2026-06-01,2026-09-07,district,NMMT,MANIPUR,BISHNUPUR,0.0,7.3,-100.0,NR,400.7,974.1,-59.0,D,2026-09-07 11:47:30.282700
2026-09-07,2026-06-01,2026-09-07,district,NMMT,MANIPUR,CHANDEL,0.0,7.3,-100.0,NR,461.9,974.1,-53.0,D,2026-09-07 11:47:30.282700
2026-09-07,2026-06-01,2026-09-07,district,NMMT,MANIPUR,CHURACHANDPUR,0.0,7.3,-100.0,NR,212.5,974.1,-78.0,LD,2026-09-07 11:47:30.282700
2026-09-07,2026-06-01,2026-09-07,district,NMMT,MANIPUR,IMPHAL EAST,0.0,3.5,-100.0,NR,426.4,632.6,-33.0,D,2026-09-07 11:47:30.282700
2026-09-07,2026-06-01,2026-09-07,district,NMMT,MANIPUR,IMPHAL WEST,0.0,17.8,-100.0,NR,664.5,1477.3,-55.0,D,2026-09-07 11:47:30.282700
2026-09-07,2026-06-01,2026-09-07,district,NMMT,MANIPUR,SENAPATI,4.4,3.0,47.0,E,585.0,667.8,-12.0,N,2026-09-07 11:47:30.282700
2026-09-07,2026-06-01,2026-09-07,district,NMMT,MANIPUR,TAMENGLONG,3.0,29.6,-90.0,LD,1516.0,3489.2,-57.0,D,2026-09-07 11:47:30.282700
2026-09-07,2026-06-01,2026-09-07,district,NMMT,MANIPUR,THOUBAL,0.0,3.5,-100.0,NR,310.9,632.6,-51.0,D,2026-09-07 11:47:30.282700
2026-09-07,2026-06-01,2026-09-07,district,NMMT,MANIPUR,UKHRUL,33.6,4.2,700.0,LE,863.0,898.3,-4.0,N,2026-09-07 11:47:30.282700
2026-09-07,2026-06-01,2026-09-07,district,NMMT,MIZORAM,AIZAWL,8.7,12.7,-32.0,D,1147.6,1343.3,-15.0,N,2026-09-07 11:47:30.282700
2026-09-07,2026-06-01,2026-09-07,district,NMMT,MIZORAM,CHAMPHAI,9.7,10.4,-7.0,N,874.8,1097.8,-20.0,D,2026-09-07 11:47:30.282700
2026-09-07,2026-06-01,2026-09-07,district,NMMT,MIZORAM,KOLASIB,8.1,17.1,-53.0,D,1471.7,1469.2,0.0,N,2026-09-07 11:47:30.282700
2026-09-07,2026-06-01,2026-09-07,district,NMMT,MIZORAM,LAWNGTLAI,13.3,12.0,10.0,N,1289.0,1421.9,-9.0,N,2026-09-07 11:47:30.282700
2026-09-07,2026-06-01,2026-09-07,district,NMMT,MIZORAM,LUNGLEI,9.2,11.6,-21.0,D,1177.4,1466.0,-20.0,D,2026-09-07 11:47:30.282700
2026-09-07,2026-06-01,2026-09-07,district,NMMT,MIZORAM,MAMIT,18.6,12.9,44.0,E,854.1,1311.8,-35.0,D,2026-09-07 11:47:30.282700
2026-09-07,2026-06-01,2026-09-07,district,NMMT,MIZORAM,SAIHA,70.4,13.5,421.0,LE,1280.1,1458.6,-12.0,N,2026-09-07 11:47:30.282700
2026-09-07,2026-06-01,2026-09-07,district,NMMT,MIZORAM,SERCHHIP,32.7,13.7,139.0,LE,1293.5,1259.1,3.0,N,2026-09-07 11:47:30.282700
2026-09-07,2026-06-01,2026-09-07,district,NMMT,NAGALAND,DIMAPUR,1.8,3.8,-54.0,D,750.0,705.7,6.0,N,2026-09-07 11:47:30.282700
2026-09-07,2026-06-01,2026-09-07,district,NMMT,NAGALAND,KIPHIRE,0.0,4.8,-100.0,NR,705.3,516.3,37.0,E,2026-09-07 11:47:30.282700
2026-09-07,2026-06-01,2026-09-07,district,NMMT,NAGALAND,KOHIMA,8.4,8.2,2.0,N,1002.1,1043.6,-4.0,N,2026-09-07 11:47:30.282700
2026-09-07,2026-06-01,2026-09-07,district,NMMT,NAGALAND,MOKOKCHUNG,3.5,10.0,-65.0,LD,1426.6,1187.2,20.0,E,2026-09-07 11:47:30.282700
2026-09-07,2026-06-01,2026-09-07,district,NMMT,NAGALAND,MON,8.1,5.5,47.0,E,824.0,923.1,-11.0,N,2026-09-07 11:47:30.282700
2026-09-07,2026-06-01,2026-09-07,district,NMMT,NAGALAND,PEREN,8.5,4.5,89.0,LE,801.6,785.8,2.0,N,2026-09-07 11:47:30.282700
2026-09-07,2026-06-01,2026-09-07,district,NMMT,NAGALAND,PHEK,8.3,7.3,14.0,N,725.5,713.3,2.0,N,2026-09-07 11:47:30.282700
2026-09-07,2026-06-01,2026-09-07,district,NMMT,NAGALAND,WOKHA,10.4,14.3,-28.0,D,1172.3,1060.9,10.0,N,2026-09-07 11:47:30.282700
2026-09-07,2026-06-01,2026-09-07,district,NMMT,NAGALAND,ZUNHEBOTO,27.4,5.2,427.0,LE,1500.7,899.9,67.0,LE,2026-09-07 11:47:30.282700
2026-09-07,2026-06-01,2026-09-07,district,NMMT,TRIPURA,DHALAI,1.8,6.2,-71.0,LD,1051.4,1145.7,-8.0,N,2026-09-07 11:47:30.282700
2026-09-07,2026-06-01,2026-09-07,district,NMMT,TRIPURA,GOMATI,11.0,7.6,45.0,E,964.1,1217.7,-21.0,D,2026-09-07 11:47:30.282700
2026-09-07,2026-06-01,2026-09-07,district,NMMT,TRIPURA,KHOWAI,4.4,7.0,-37.0,D,1155.1,1114.3,4.0,N,2026-09-07 11:47:30.282700
2026-09-07,2026-06-01,2026-09-07,district,NMMT,TRIPURA,NORTH TRIPURA,11.5,8.7,32.0,E,977.7,1198.2,-18.0,N,2026-09-07 11:47:30.282700
2026-09-07,2026-06-01,2026-09-07,district,NMMT,TRIPURA,SIPAHIJALA,8.6,6.8,26.0,E,988.4,1132.7,-13.0,N,2026-09-07 11:47:30.282700
2026-09-07,2026-06-01,2026-09-07,district,NMMT,TRIPURA,SOUTH TRIPURA,13.4,9.0,48.0,E,1002.3,1466.3,-32.0,D,2026-09-07 11:47:30.282700
2026-09-07,2026-06-01,2026-09-07,district,NMMT,TRIPURA,UNAKOTI,4.7,8.7,-46.0,D,1162.6,1209.2,-4.0,N,2026-09-07 11:47:30.282700
2026-09-07,2026-06-01,2026-09-07,district,NMMT,TRIPURA,WEST TRIPURA,3.4,5.8,-42.0,D,1121.6,1021.7,10.0,N,2026-09-07 11:47:30.282700
2026-09-07,2026-06-01,2026-09-07,district,ODISHA,ODISHA,ANGUL,10.5,10.7,-2.0,N,1214.1,971.7,25.0,E,2026-09-07 11:47:30.282700
2026-09-07,2026-06-01,2026-09-07,district,ODISHA,ODISHA,BALANGIR,3.1,11.8,-74.0,LD,1183.1,957.5,24.0,E,2026-09-07 11:47:30.282700
2026-09-07,2026-06-01,2026-09-07,district,ODISHA,ODISHA,BALASORE,5.0,10.9,-54.0,D,1520.9,990.7,54.0,E,2026-09-07 11:47:30.282700
2026-09-07,2026-06-01,2026-09-07,district,ODISHA,ODISHA,BARGARH,4.8,13.0,-63.0,LD,1563.5,1056.3,48.0,E,2026-09-07 11:47:30.282700
2026-09-07,2026-06-01,2026-09-07,district,ODISHA,ODISHA,BHADRAK,0.0,12.5,-100.0,NR,1157.4,902.7,28.0,E,2026-09-07 11:47:30.282700
2026-09-07,2026-06-01,2026-09-07,district,ODISHA,ODISHA,BOUDH,12.8,12.5,2.0,N,1606.8,911.4,76.0,LE,2026-09-07 11:47:30.282700
2026-09-07,2026-06-01,2026-09-07,district,ODISHA,ODISHA,CUTTACK,1.7,8.5,-80.0,LD,1276.6,964.8,32.0,E,2026-09-07 11:47:30.282700
2026-09-07,2026-06-01,2026-09-07,district,ODISHA,ODISHA,DEOGARH,2.7,13.4,-80.0,LD,1425.4,1022.3,39.0,E,2026-09-07 11:47:30.282700
2026-09-07,2026-06-01,2026-09-07,district,ODISHA,ODISHA,DHENKANAL,6.7,8.8,-24.0,D,1354.0,934.5,45.0,E,2026-09-07 11:47:30.282700
2026-09-07,2026-06-01,2026-09-07,district,ODISHA,ODISHA,GAJAPATI,2.0,10.4,-81.0,LD,545.5,737.7,-26.0,D,2026-09-07 11:47:30.282700
2026-09-07,2026-06-01,2026-09-07,district,ODISHA,ODISHA,GANJAM,4.0,7.9,-49.0,D,583.4,720.3,-19.0,N,2026-09-07 11:47:30.282700
2026-09-07,2026-06-01,2026-09-07,district,ODISHA,ODISHA,JAGATSINGHPUR,4.9,12.7,-62.0,LD,1113.3,885.2,26.0,E,2026-09-07 11:47:30.282700
2026-09-07,2026-06-01,2026-09-07,district,ODISHA,ODISHA,JAJPUR,0.0,10.4,-100.0,NR,1153.0,1043.1,11.0,N,2026-09-07 11:47:30.282700
2026-09-07,2026-06-01,2026-09-07,district,ODISHA,ODISHA,JHARSUGUDA,1.0,17.5,-94.0,LD,1116.1,1043.3,7.0,N,2026-09-07 11:47:30.282700
2026-09-07,2026-06-01,2026-09-07,district,ODISHA,ODISHA,KALAHANDI,1.7,11.5,-85.0,LD,1002.3,1204.3,-17.0,N,2026-09-07 11:47:30.282700
2026-09-07,2026-06-01,2026-09-07,district,ODISHA,ODISHA,KANDHAMAL,0.3,10.7,-97.0,LD,1124.4,966.6,16.0,N,2026-09-07 11:47:30.282700
2026-09-07,2026-06-01,2026-09-07,district,ODISHA,ODISHA,KENDRAPARA,1.8,10.5,-83.0,LD,1326.2,927.6,43.0,E,2026-09-07 11:47:30.282700
2026-09-07,2026-06-01,2026-09-07,district,ODISHA,ODISHA,KEONJHARGARH,8.0,10.3,-22.0,D,1450.5,968.2,50.0,E,2026-09-07 11:47:30.282700
2026-09-07,2026-06-01,2026-09-07,district,ODISHA,ODISHA,KHURDA,2.4,9.8,-75.0,LD,1064.0,907.2,17.0,N,2026-09-07 11:47:30.282700
2026-09-07,2026-06-01,2026-09-07,district,ODISHA,ODISHA,KORAPUT,1.9,11.5,-84.0,LD,1023.0,1055.8,-3.0,N,2026-09-07 11:47:30.282700
2026-09-07,2026-06-01,2026-09-07,district,ODISHA,ODISHA,MALKANGIRI,0.0,12.2,-99.0,LD,909.7,1096.8,-17.0,N,2026-09-07 11:47:30.282700
2026-09-07,2026-06-01,2026-09-07,district,ODISHA,ODISHA,MAYURBHANJ,5.6,8.3,-32.0,D,1510.5,1022.2,48.0,E,2026-09-07 11:47:30.282700
2026-09-07,2026-06-01,2026-09-07,district,ODISHA,ODISHA,NAWAPARA,2.6,10.5,-75.0,LD,995.9,875.3,14.0,N,2026-09-07 11:47:30.282700
2026-09-07,2026-06-01,2026-09-07,district,ODISHA,ODISHA,NAWARANGPUR,0.6,13.1,-96.0,LD,943.7,1190.7,-21.0,D,2026-09-07 11:47:30.282700
2026-09-07,2026-06-01,2026-09-07,district,ODISHA,ODISHA,NAYAGARH,14.4,12.6,14.0,N,1051.2,905.9,16.0,N,2026-09-07 11:47:30.282700
2026-09-07,2026-06-01,2026-09-07,district,ODISHA,ODISHA,PURI,3.1,12.3,-75.0,LD,1116.3,856.0,30.0,E,2026-09-07 11:47:30.282700
2026-09-07,2026-06-01,2026-09-07,district,ODISHA,ODISHA,RAYAGADA,2.7,9.1,-70.0,LD,746.8,827.2,-10.0,N,2026-09-07 11:47:30.282700
2026-09-07,2026-06-01,2026-09-07,district,ODISHA,ODISHA,SAMBALPUR,3.7,13.5,-73.0,LD,1463.0,1118.8,31.0,E,2026-09-07 11:47:30.282700
2026-09-07,2026-06-01,2026-09-07,district,ODISHA,ODISHA,SONEPUR,7.9,14.7,-46.0,D,1587.5,1058.3,50.0,E,2026-09-07 11:47:30.282700
2026-09-07,2026-06-01,2026-09-07,district,ODISHA,ODISHA,SUNDARGARH,6.0,10.0,-40.0,D,1319.4,1048.6,26.0,E,2026-09-07 11:47:30.282700
2026-09-07,2026-06-01,2026-09-07,district,PUNJAB,PUNJAB,AMRITSAR,0.1,1.1,-87.0,LD,350.3,410.4,-15.0,N,2026-09-07 11:47:30.282700
2026-09-07,2026-06-01,2026-09-07,district,PUNJAB,PUNJAB,BARNALA,0.0,1.7,-100.0,NR,127.2,317.3,-60.0,LD,2026-09-07 11:47:30.282700
2026-09-07,2026-06-01,2026-09-07,district,PUNJAB,PUNJAB,BHATINDA,0.2,2.3,-91.0,LD,126.5,256.2,-51.0,D,2026-09-07 11:47:30.282700
2026-09-07,2026-06-01,2026-09-07,district,PUNJAB,PUNJAB,FARIDKOT,0.0,2.2,-100.0,NR,224.8,270.8,-17.0,N,2026-09-07 11:47:30.282700
2026-09-07,2026-06-01,2026-09-07,district,PUNJAB,PUNJAB,FATEHGARH SAHIB,0.8,3.0,-75.0,LD,143.5,423.2,-66.0,LD,2026-09-07 11:47:30.282700
2026-09-07,2026-06-01,2026-09-07,district,PUNJAB,PUNJAB,FAZILKA,0.0,1.0,-100.0,NR,106.6,224.8,-53.0,D,2026-09-07 11:47:30.282700
2026-09-07,2026-06-01,2026-09-07,district,PUNJAB,PUNJAB,FEROZEPUR,0.1,2.2,-94.0,LD,135.6,218.7,-38.0,D,2026-09-07 11:47:30.282700
2026-09-07,2026-06-01,2026-09-07,district,PUNJAB,PUNJAB,GURDASPUR,0.6,2.2,-72.0,LD,734.8,540.6,36.0,E,2026-09-07 11:47:30.282700
2026-09-07,2026-06-01,2026-09-07,district,PUNJAB,PUNJAB,HOSHIARPUR,0.8,2.1,-64.0,LD,257.6,539.2,-52.0,D,2026-09-07 11:47:30.282700
2026-09-07,2026-06-01,2026-09-07,district,PUNJAB,PUNJAB,JALANDHAR,0.0,2.9,-100.0,NR,235.1,463.0,-49.0,D,2026-09-07 11:47:30.282700
2026-09-07,2026-06-01,2026-09-07,district,PUNJAB,PUNJAB,KAPURTHALA,0.0,2.7,-100.0,NR,133.1,402.5,-67.0,LD,2026-09-07 11:47:30.282700
2026-09-07,2026-06-01,2026-09-07,district,PUNJAB,PUNJAB,LUDHIANA,0.2,3.5,-96.0,LD,222.9,400.4,-44.0,D,2026-09-07 11:47:30.282700
2026-09-07,2026-06-01,2026-09-07,district,PUNJAB,PUNJAB,MANSA,0.0,2.4,-100.0,NR,71.8,234.2,-69.0,LD,2026-09-07 11:47:30.282700
2026-09-07,2026-06-01,2026-09-07,district,PUNJAB,PUNJAB,MOGA,0.0,1.6,-100.0,NR,164.1,261.6,-37.0,D,2026-09-07 11:47:30.282700
2026-09-07,2026-06-01,2026-09-07,district,PUNJAB,PUNJAB,MUKTSAR,0.0,4.8,-100.0,NR,98.1,285.7,-66.0,LD,2026-09-07 11:47:30.282700
2026-09-07,2026-06-01,2026-09-07,district,PUNJAB,PUNJAB,PATHANKOT,6.3,6.1,3.0,N,1231.6,870.6,41.0,E,2026-09-07 11:47:30.282700
2026-09-07,2026-06-01,2026-09-07,district,PUNJAB,PUNJAB,PATIALA,0.4,5.2,-92.0,LD,272.3,470.8,-42.0,D,2026-09-07 11:47:30.282700
2026-09-07,2026-06-01,2026-09-07,district,PUNJAB,PUNJAB,RUPNAGAR,0.5,3.1,-85.0,LD,520.6,711.9,-27.0,D,2026-09-07 11:47:30.282700
2026-09-07,2026-06-01,2026-09-07,district,PUNJAB,PUNJAB,SANGRUR,0.0,4.0,-100.0,NR,168.8,341.3,-51.0,D,2026-09-07 11:47:30.282700
2026-09-07,2026-06-01,2026-09-07,district,PUNJAB,PUNJAB,SAS NAGAR (MOHALI),0.0,2.3,-100.0,NR,227.8,537.3,-58.0,D,2026-09-07 11:47:30.282700
2026-09-07,2026-06-01,2026-09-07,district,PUNJAB,PUNJAB,SBS NAGAR,0.0,1.9,-100.0,NR,335.8,668.3,-50.0,D,2026-09-07 11:47:30.282700
2026-09-07,2026-06-01,2026-09-07,district,PUNJAB,PUNJAB,TARN TARAN,0.0,0.3,-100.0,NR,120.6,243.7,-51.0,D,2026-09-07 11:47:30.282700
2026-09-07,2026-06-01,2026-09-07,district,RAYALASEEMA,ANDHRA PRADESH,ANANTAPURAMU,0.0,3.5,-100.0,NR,156.9,232.8,-33.0,D,2026-09-07 11:47:30.282700
2026-09-07,2026-06-01,2026-09-07,district,RAYALASEEMA,ANDHRA PRADESH,ANNAMAYYA DISTRICT,0.0,4.8,-100.0,NR,83.9,285.1,-71.0,LD,2026-09-07 11:47:30.282700
2026-09-07,2026-06-01,2026-09-07,district,RAYALASEEMA,ANDHRA PRADESH,CHITTOOR,0.4,6.7,-94.0,LD,146.3,329.8,-56.0,D,2026-09-07 11:47:30.282700
2026-09-07,2026-06-01,2026-09-07,district,RAYALASEEMA,ANDHRA PRADESH,KURNOOL,0.0,3.5,-100.0,NR,203.2,326.2,-38.0,D,2026-09-07 11:47:30.282700
2026-09-07,2026-06-01,2026-09-07,district,RAYALASEEMA,ANDHRA PRADESH,NANDYAL,0.0,5.7,-100.0,NR,203.8,384.2,-47.0,D,2026-09-07 11:47:30.282700
2026-09-07,2026-06-01,2026-09-07,district,RAYALASEEMA,ANDHRA PRADESH,SRI SATHYASAI DISTRICT,0.0,3.5,-100.0,NR,113.3,225.7,-50.0,D,2026-09-07 11:47:30.282700
2026-09-07,2026-06-01,2026-09-07,district,RAYALASEEMA,ANDHRA PRADESH,TIRUPATI,2.8,4.7,-40.0,D,190.8,341.4,-44.0,D,2026-09-07 11:47:30.282700
2026-09-07,2026-06-01,2026-09-07,district,RAYALASEEMA,ANDHRA PRADESH,YSR DISTRICT,0.0,5.5,-100.0,NR,148.5,300.5,-51.0,D,2026-09-07 11:47:30.282700
2026-09-07,2026-06-01,2026-09-07,district,S. I. KARNATAKA,KARNATAKA,BALLARI,0.0,3.8,-100.0,NR,134.2,258.6,-48.0,D,2026-09-07 11:47:30.282700
2026-09-07,2026-06-01,2026-09-07,district,S. I. KARNATAKA,KARNATAKA,BENGALURU URBAN,0.0,5.0,-100.0,NR,136.5,313.2,-56.0,D,2026-09-07 11:47:30.282700
2026-09-07,2026-06-01,2026-09-07,district,S. I. KARNATAKA,KARNATAKA,CHAMARAJANAGAR,0.0,3.7,-100.0,NR,133.5,241.1,-45.0,D,2026-09-07 11:47:30.282700
2026-09-07,2026-06-01,2026-09-07,district,S. I. KARNATAKA,KARNATAKA,CHIKABALLAPURA,0.0,6.4,-100.0,NR,151.0,297.5,-49.0,D,2026-09-07 11:47:30.282700
2026-09-07,2026-06-01,2026-09-07,district,S. I. KARNATAKA,KARNATAKA,CHIKKAMAGALURU,0.0,6.5,-100.0,NR,1230.0,1360.6,-10.0,N,2026-09-07 11:47:30.282700
2026-09-07,2026-06-01,2026-09-07,district,S. I. KARNATAKA,KARNATAKA,CHITRADURGA,0.0,3.2,-100.0,NR,146.5,204.0,-28.0,D,2026-09-07 11:47:30.282700
2026-09-07,2026-06-01,2026-09-07,district,S. I. KARNATAKA,KARNATAKA,DAVANGERE,0.0,3.1,-100.0,NR,267.1,289.6,-8.0,N,2026-09-07 11:47:30.282700
2026-09-07,2026-06-01,2026-09-07,district,S. I. KARNATAKA,KARNATAKA,HASSAN,0.0,4.2,-100.0,NR,216.0,571.7,-62.0,LD,2026-09-07 11:47:30.282700
2026-09-07,2026-06-01,2026-09-07,district,S. I. KARNATAKA,KARNATAKA,KODAGU,0.0,8.6,-100.0,NR,1517.8,2079.0,-27.0,D,2026-09-07 11:47:30.282700
2026-09-07,2026-06-01,2026-09-07,district,S. I. KARNATAKA,KARNATAKA,KOLAR,0.0,4.9,-100.0,NR,129.3,283.9,-54.0,D,2026-09-07 11:47:30.282700
2026-09-07,2026-06-01,2026-09-07,district,S. I. KARNATAKA,KARNATAKA,MANDYA,0.0,2.8,-100.0,NR,106.2,200.8,-47.0,D,2026-09-07 11:47:30.282700
2026-09-07,2026-06-01,2026-09-07,district,S. I. KARNATAKA,KARNATAKA,MYSURU,0.0,2.6,-100.0,NR,153.1,284.8,-46.0,D,2026-09-07 11:47:30.282700
2026-09-07,2026-06-01,2026-09-07,district,S. I. KARNATAKA,KARNATAKA,SHIVAMOGGA,0.0,6.3,-100.0,NR,1435.2,1508.2,-5.0,N,2026-09-07 11:47:30.282700
2026-09-07,2026-06-01,2026-09-07,district,S. I. KARNATAKA,KARNATAKA,TUMAKURU,0.0,4.2,-100.0,NR,128.1,253.6,-49.0,D,2026-09-07 11:47:30.282700
2026-09-07,2026-06-01,2026-09-07,district,S. I. KARNATAKA,KARNATAKA,VIJAYANAGARA,0.0,3.6,-100.0,NR,148.5,280.2,-47.0,D,2026-09-07 11:47:30.282700
2026-09-07,2026-06-01,2026-09-07,district,SAURASHTRA & KUTCH,DADRA & NAGAR HAVELI AND DAMAN & DIU (UT),DIU,0.0,3.1,-100.0,NR,632.8,673.1,-6.0,N,2026-09-07 11:47:30.282700
2026-09-07,2026-06-01,2026-09-07,district,SAURASHTRA & KUTCH,GUJARAT,AMRELI,0.0,2.3,-100.0,NR,494.8,490.9,1.0,N,2026-09-07 11:47:30.282700
2026-09-07,2026-06-01,2026-09-07,district,SAURASHTRA & KUTCH,GUJARAT,BHAVNAGAR,0.1,2.9,-97.0,LD,479.0,487.5,-2.0,N,2026-09-07 11:47:30.282700
2026-09-07,2026-06-01,2026-09-07,district,SAURASHTRA & KUTCH,GUJARAT,BOTAD,0.0,3.2,-100.0,NR,445.8,478.1,-7.0,N,2026-09-07 11:47:30.282700
2026-09-07,2026-06-01,2026-09-07,district,SAURASHTRA & KUTCH,GUJARAT,DEVBHOOMI DWARKA,0.0,2.5,-100.0,NR,57.8,503.4,-89.0,LD,2026-09-07 11:47:30.282700
2026-09-07,2026-06-01,2026-09-07,district,SAURASHTRA & KUTCH,GUJARAT,GIR SOMNATH,0.0,1.8,-100.0,NR,469.9,788.9,-40.0,D,2026-09-07 11:47:30.282700
2026-09-07,2026-06-01,2026-09-07,district,SAURASHTRA & KUTCH,GUJARAT,JAMNAGAR,0.0,3.1,-100.0,NR,216.0,561.1,-62.0,LD,2026-09-07 11:47:30.282700
2026-09-07,2026-06-01,2026-09-07,district,SAURASHTRA & KUTCH,GUJARAT,JUNAGADH,0.0,3.5,-100.0,NR,592.1,779.1,-24.0,D,2026-09-07 11:47:30.282700
2026-09-07,2026-06-01,2026-09-07,district,SAURASHTRA & KUTCH,GUJARAT,KUTCH,0.0,3.9,-100.0,NR,137.5,362.6,-62.0,LD,2026-09-07 11:47:30.282700
2026-09-07,2026-06-01,2026-09-07,district,SAURASHTRA & KUTCH,GUJARAT,MORBI,0.0,3.2,-100.0,NR,473.0,470.7,0.0,N,2026-09-07 11:47:30.282700
2026-09-07,2026-06-01,2026-09-07,district,SAURASHTRA & KUTCH,GUJARAT,PORBANDAR,0.0,3.0,-100.0,NR,161.3,612.3,-74.0,LD,2026-09-07 11:47:30.282700
2026-09-07,2026-06-01,2026-09-07,district,SAURASHTRA & KUTCH,GUJARAT,RAJKOT,0.0,2.4,-100.0,NR,355.6,548.6,-35.0,D,2026-09-07 11:47:30.282700
2026-09-07,2026-06-01,2026-09-07,district,SAURASHTRA & KUTCH,GUJARAT,SURENDRANAGAR,0.0,5.9,-100.0,NR,480.8,453.7,6.0,N,2026-09-07 11:47:30.282700
2026-09-07,2026-06-01,2026-09-07,district,SHWB & SIKKIM,SIKKIM,GANGTOK,7.6,13.6,-44.0,D,1649.6,1865.5,-12.0,N,2026-09-07 11:47:30.282700
2026-09-07,2026-06-01,2026-09-07,district,SHWB & SIKKIM,SIKKIM,GYALSHING,21.7,11.5,89.0,LE,1908.1,1546.0,23.0,E,2026-09-07 11:47:30.282700
2026-09-07,2026-06-01,2026-09-07,district,SHWB & SIKKIM,SIKKIM,MANGAN,4.9,8.4,-41.0,D,1140.1,1314.0,-13.0,N,2026-09-07 11:47:30.282700
2026-09-07,2026-06-01,2026-09-07,district,SHWB & SIKKIM,SIKKIM,NAMCHI,0.0,14.2,-100.0,NR,1560.8,1401.8,11.0,N,2026-09-07 11:47:30.282700
2026-09-07,2026-06-01,2026-09-07,district,SHWB & SIKKIM,SIKKIM,Pakyong,3.6,12.0,-70.0,LD,1334.5,1378.2,-3.0,N,2026-09-07 11:47:30.282700
2026-09-07,2026-06-01,2026-09-07,district,SHWB & SIKKIM,SIKKIM,Soreng,0.5,11.5,-96.0,LD,1843.5,1546.0,19.0,N,2026-09-07 11:47:30.282700
2026-09-07,2026-06-01,2026-09-07,district,SHWB & SIKKIM,WEST BENGAL,ALIPURDUAR,30.2,21.2,43.0,E,2327.8,2619.2,-11.0,N,2026-09-07 11:47:30.282700
2026-09-07,2026-06-01,2026-09-07,district,SHWB & SIKKIM,WEST BENGAL,COOCH BEHAR,23.7,12.6,88.0,LE,1781.5,2000.6,-11.0,N,2026-09-07 11:47:30.282700
2026-09-07,2026-06-01,2026-09-07,district,SHWB & SIKKIM,WEST BENGAL,DARJEELING,17.3,18.4,-6.0,N,1832.2,2337.6,-22.0,D,2026-09-07 11:47:30.282700
2026-09-07,2026-06-01,2026-09-07,district,SHWB & SIKKIM,WEST BENGAL,JALPAIGURI,20.3,23.7,-14.0,N,1872.4,2503.4,-25.0,D,2026-09-07 11:47:30.282700
2026-09-07,2026-06-01,2026-09-07,district,SHWB & SIKKIM,WEST BENGAL,KALIMPONG,9.1,19.3,-53.0,D,1627.5,2080.6,-22.0,D,2026-09-07 11:47:30.282700
2026-09-07,2026-06-01,2026-09-07,district,SHWB & SIKKIM,WEST BENGAL,MALDA,0.0,8.7,-100.0,NR,716.2,943.7,-24.0,D,2026-09-07 11:47:30.282700
2026-09-07,2026-06-01,2026-09-07,district,SHWB & SIKKIM,WEST BENGAL,NORTH DINAJPUR,1.0,8.7,-89.0,LD,865.5,1212.5,-29.0,D,2026-09-07 11:47:30.282700
2026-09-07,2026-06-01,2026-09-07,district,SHWB & SIKKIM,WEST BENGAL,SOUTH DINAJPUR,0.0,7.8,-100.0,NR,726.4,869.2,-16.0,N,2026-09-07 11:47:30.282700
2026-09-07,2026-06-01,2026-09-07,district,TAMIL. PUDU.& KARAIKAL,PUDUCHERRY (UT),KARAIKAL,0.0,3.6,-100.0,NR,234.1,209.7,12.0,N,2026-09-07 11:47:30.282700
2026-09-07,2026-06-01,2026-09-07,district,TAMIL. PUDU.& KARAIKAL,PUDUCHERRY (UT),PUDUCHERRY,0.0,6.6,-100.0,NR,123.0,286.8,-57.0,D,2026-09-07 11:47:30.282700
2026-09-07,2026-06-01,2026-09-07,district,TAMIL. PUDU.& KARAIKAL,TAMILNADU,ARIYALUR,1.2,5.2,-78.0,LD,232.7,219.9,6.0,N,2026-09-07 11:47:30.282700
2026-09-07,2026-06-01,2026-09-07,district,TAMIL. PUDU.& KARAIKAL,TAMILNADU,CHENGALPATTU,16.1,3.7,336.0,LE,162.3,299.4,-46.0,D,2026-09-07 11:47:30.282700
2026-09-07,2026-06-01,2026-09-07,district,TAMIL. PUDU.& KARAIKAL,TAMILNADU,CHENNAI,9.3,2.5,273.0,LE,329.3,331.0,-1.0,N,2026-09-07 11:47:30.282700
2026-09-07,2026-06-01,2026-09-07,district,TAMIL. PUDU.& KARAIKAL,TAMILNADU,COIMBATORE,0.0,4.3,-100.0,NR,629.8,594.6,6.0,N,2026-09-07 11:47:30.282700
2026-09-07,2026-06-01,2026-09-07,district,TAMIL. PUDU.& KARAIKAL,TAMILNADU,CUDDALORE,1.2,5.0,-77.0,LD,224.7,251.9,-11.0,N,2026-09-07 11:47:30.282700
2026-09-07,2026-06-01,2026-09-07,district,TAMIL. PUDU.& KARAIKAL,TAMILNADU,DHARMAPURI,2.8,4.9,-44.0,D,157.3,254.5,-38.0,D,2026-09-07 11:47:30.282700
2026-09-07,2026-06-01,2026-09-07,district,TAMIL. PUDU.& KARAIKAL,TAMILNADU,DINDIGUL,2.3,4.2,-45.0,D,112.2,193.8,-42.0,D,2026-09-07 11:47:30.282700
2026-09-07,2026-06-01,2026-09-07,district,TAMIL. PUDU.& KARAIKAL,TAMILNADU,ERODE,0.9,2.3,-60.0,LD,123.9,174.2,-29.0,D,2026-09-07 11:47:30.282700
2026-09-07,2026-06-01,2026-09-07,district,TAMIL. PUDU.& KARAIKAL,TAMILNADU,KALLAKURICHI,7.1,5.2,37.0,E,188.1,278.9,-33.0,D,2026-09-07 11:47:30.282700
2026-09-07,2026-06-01,2026-09-07,district,TAMIL. PUDU.& KARAIKAL,TAMILNADU,KANCHEEPURAM,14.1,6.5,118.0,LE,259.8,347.8,-25.0,D,2026-09-07 11:47:30.282700
2026-09-07,2026-06-01,2026-09-07,district,TAMIL. PUDU.& KARAIKAL,TAMILNADU,KANYAKUMARI,0.0,4.2,-100.0,NR,400.5,395.2,1.0,N,2026-09-07 11:47:30.282700
2026-09-07,2026-06-01,2026-09-07,district,TAMIL. PUDU.& KARAIKAL,TAMILNADU,KARUR,0.0,3.4,-100.0,NR,39.0,119.9,-67.0,LD,2026-09-07 11:47:30.282700
2026-09-07,2026-06-01,2026-09-07,district,TAMIL. PUDU.& KARAIKAL,TAMILNADU,KRISHNAGIRI,0.0,3.9,-100.0,NR,127.1,234.8,-46.0,D,2026-09-07 11:47:30.282700
2026-09-07,2026-06-01,2026-09-07,district,TAMIL. PUDU.& KARAIKAL,TAMILNADU,MADURAI,2.1,3.6,-43.0,D,143.2,200.0,-28.0,D,2026-09-07 11:47:30.282700
2026-09-07,2026-06-01,2026-09-07,district,TAMIL. PUDU.& KARAIKAL,TAMILNADU,MAYILADUTHURAI,7.7,5.0,54.0,E,166.9,215.5,-23.0,D,2026-09-07 11:47:30.282700
2026-09-07,2026-06-01,2026-09-07,district,TAMIL. PUDU.& KARAIKAL,TAMILNADU,NAGAPATTINAM,1.8,2.6,-32.0,D,74.8,171.6,-56.0,D,2026-09-07 11:47:30.282700
2026-09-07,2026-06-01,2026-09-07,district,TAMIL. PUDU.& KARAIKAL,TAMILNADU,NAMAKKAL,1.0,4.1,-76.0,LD,87.0,222.1,-61.0,LD,2026-09-07 11:47:30.282700
2026-09-07,2026-06-01,2026-09-07,district,TAMIL. PUDU.& KARAIKAL,TAMILNADU,NILGIRIS,3.2,6.0,-47.0,D,492.6,707.4,-30.0,D,2026-09-07 11:47:30.282700
2026-09-07,2026-06-01,2026-09-07,district,TAMIL. PUDU.& KARAIKAL,TAMILNADU,PERAMBALUR,0.7,4.6,-84.0,LD,173.0,180.4,-4.0,N,2026-09-07 11:47:30.282700
2026-09-07,2026-06-01,2026-09-07,district,TAMIL. PUDU.& KARAIKAL,TAMILNADU,PUDUKKOTTAI,9.0,3.4,166.0,LE,187.2,209.7,-11.0,N,2026-09-07 11:47:30.282700
2026-09-07,2026-06-01,2026-09-07,district,TAMIL. PUDU.& KARAIKAL,TAMILNADU,RAMANATHAPURAM,0.6,1.1,-43.0,D,35.8,83.1,-57.0,D,2026-09-07 11:47:30.282700
2026-09-07,2026-06-01,2026-09-07,district,TAMIL. PUDU.& KARAIKAL,TAMILNADU,RANIPET,19.0,3.8,400.0,LE,286.1,332.7,-14.0,N,2026-09-07 11:47:30.282700
2026-09-07,2026-06-01,2026-09-07,district,TAMIL. PUDU.& KARAIKAL,TAMILNADU,SALEM,3.2,6.6,-51.0,D,183.9,283.7,-35.0,D,2026-09-07 11:47:30.282700
2026-09-07,2026-06-01,2026-09-07,district,TAMIL. PUDU.& KARAIKAL,TAMILNADU,SIVAGANGA,0.0,3.5,-100.0,NR,222.1,229.2,-3.0,N,2026-09-07 11:47:30.282700
2026-09-07,2026-06-01,2026-09-07,district,TAMIL. PUDU.& KARAIKAL,TAMILNADU,TENKASI,0.0,0.8,-100.0,NR,179.4,132.4,35.0,E,2026-09-07 11:47:30.282700
2026-09-07,2026-06-01,2026-09-07,district,TAMIL. PUDU.& KARAIKAL,TAMILNADU,THANJAVUR,2.3,3.4,-33.0,D,147.7,210.2,-30.0,D,2026-09-07 11:47:30.282700
2026-09-07,2026-06-01,2026-09-07,district,TAMIL. PUDU.& KARAIKAL,TAMILNADU,THENI,2.3,2.5,-8.0,N,168.2,162.4,4.0,N,2026-09-07 11:47:30.282700
2026-09-07,2026-06-01,2026-09-07,district,TAMIL. PUDU.& KARAIKAL,TAMILNADU,THIRUCHIRAPALLI,3.1,3.7,-17.0,N,99.6,176.7,-44.0,D,2026-09-07 11:47:30.282700
2026-09-07,2026-06-01,2026-09-07,district,TAMIL. PUDU.& KARAIKAL,TAMILNADU,THIRUVALLUR,12.1,4.5,170.0,LE,278.9,345.6,-19.0,N,2026-09-07 11:47:30.282700
2026-09-07,2026-06-01,2026-09-07,district,TAMIL. PUDU.& KARAIKAL,TAMILNADU,THOOTHUKUDI,0.7,1.0,-27.0,D,13.4,38.0,-65.0,LD,2026-09-07 11:47:30.282700
2026-09-07,2026-06-01,2026-09-07,district,TAMIL. PUDU.& KARAIKAL,TAMILNADU,TIRUNELVELI,0.1,0.8,-90.0,LD,367.7,61.6,497.0,LE,2026-09-07 11:47:30.282700
2026-09-07,2026-06-01,2026-09-07,district,TAMIL. PUDU.& KARAIKAL,TAMILNADU,TIRUPATTUR,0.0,6.6,-100.0,NR,98.1,304.3,-68.0,LD,2026-09-07 11:47:30.282700
2026-09-07,2026-06-01,2026-09-07,district,TAMIL. PUDU.& KARAIKAL,TAMILNADU,TIRUPPUR,0.0,2.2,-100.0,NR,36.5,91.0,-60.0,LD,2026-09-07 11:47:30.282700
2026-09-07,2026-06-01,2026-09-07,district,TAMIL. PUDU.& KARAIKAL,TAMILNADU,TIRUVANNAMALAI,8.2,7.3,12.0,N,195.2,319.2,-39.0,D,2026-09-07 11:47:30.282700
2026-09-07,2026-06-01,2026-09-07,district,TAMIL. PUDU.& KARAIKAL,TAMILNADU,TIRUVARUR,0.8,3.3,-75.0,LD,167.2,204.5,-18.0,N,2026-09-07 11:47:30.282700
2026-09-07,2026-06-01,2026-09-07,district,TAMIL. PUDU.& KARAIKAL,TAMILNADU,VELLORE,0.1,6.4,-99.0,LD,155.6,311.1,-50.0,D,2026-09-07 11:47:30.282700
2026-09-07,2026-06-01,2026-09-07,district,TAMIL. PUDU.& KARAIKAL,TAMILNADU,VILLUPURAM,0.0,6.9,-100.0,NR,207.5,292.7,-29.0,D,2026-09-07 11:47:30.282700
2026-09-07,2026-06-01,2026-09-07,district,TAMIL. PUDU.& KARAIKAL,TAMILNADU,VIRUDHUNAGAR,7.6,2.4,217.0,LE,114.4,121.8,-6.0,N,2026-09-07 11:47:30.282700
2026-09-07,2026-06-01,2026-09-07,district,TELANGANA,TELANGANA,ADILABAD,0.0,6.9,-100.0,NR,604.6,831.8,-27.0,D,2026-09-07 11:47:30.282700
2026-09-07,2026-06-01,2026-09-07,district,TELANGANA,TELANGANA,B. KOTHAGUDEM,9.9,5.3,86.0,LE,535.1,816.7,-34.0,D,2026-09-07 11:47:30.282700
2026-09-07,2026-06-01,2026-09-07,district,TELANGANA,TELANGANA,HANUMAKONDA,2.0,3.3,-39.0,D,345.2,574.8,-40.0,D,2026-09-07 11:47:30.282700
2026-09-07,2026-06-01,2026-09-07,district,TELANGANA,TELANGANA,HYDERABAD,5.3,7.5,-30.0,D,328.2,500.3,-34.0,D,2026-09-07 11:47:30.282700
2026-09-07,2026-06-01,2026-09-07,district,TELANGANA,TELANGANA,J. BHUPALPALLY,7.0,9.1,-23.0,D,729.6,858.4,-15.0,N,2026-09-07 11:47:30.282700
2026-09-07,2026-06-01,2026-09-07,district,TELANGANA,TELANGANA,JAGTIAL,0.0,7.6,-99.0,LD,696.6,686.7,1.0,N,2026-09-07 11:47:30.282700
2026-09-07,2026-06-01,2026-09-07,district,TELANGANA,TELANGANA,JANGAON,7.5,5.0,50.0,E,310.7,559.9,-45.0,D,2026-09-07 11:47:30.282700
2026-09-07,2026-06-01,2026-09-07,district,TELANGANA,TELANGANA,JOGULAMBA GADWAL,0.0,3.4,-100.0,NR,192.9,348.7,-45.0,D,2026-09-07 11:47:30.282700
2026-09-07,2026-06-01,2026-09-07,district,TELANGANA,TELANGANA,KAMAREDDY,0.0,7.1,-99.0,LD,741.6,656.9,13.0,N,2026-09-07 11:47:30.282700
2026-09-07,2026-06-01,2026-09-07,district,TELANGANA,TELANGANA,KARIMNAGAR,0.0,6.0,-99.0,LD,493.0,581.4,-15.0,N,2026-09-07 11:47:30.282700
2026-09-07,2026-06-01,2026-09-07,district,TELANGANA,TELANGANA,KHAMMAM,2.3,4.7,-52.0,D,460.5,652.3,-29.0,D,2026-09-07 11:47:30.282700
2026-09-07,2026-06-01,2026-09-07,district,TELANGANA,TELANGANA,KUMARAM BHEEM,1.3,10.8,-88.0,LD,921.8,856.9,8.0,N,2026-09-07 11:47:30.282700
2026-09-07,2026-06-01,2026-09-07,district,TELANGANA,TELANGANA,M. MALKAJGIRI,6.3,5.3,19.0,N,237.8,422.0,-44.0,D,2026-09-07 11:47:30.282700
2026-09-07,2026-06-01,2026-09-07,district,TELANGANA,TELANGANA,MAHABUBABAD,3.4,4.2,-19.0,N,549.4,736.0,-25.0,D,2026-09-07 11:47:30.282700
2026-09-07,2026-06-01,2026-09-07,district,TELANGANA,TELANGANA,MAHABUBNAGAR,0.0,3.3,-99.0,LD,342.1,406.6,-16.0,N,2026-09-07 11:47:30.282700
2026-09-07,2026-06-01,2026-09-07,district,TELANGANA,TELANGANA,MANCHERIAL,2.5,7.3,-66.0,LD,809.6,817.7,-1.0,N,2026-09-07 11:47:30.282700
2026-09-07,2026-06-01,2026-09-07,district,TELANGANA,TELANGANA,MEDAK,0.0,5.6,-100.0,NR,582.9,654.6,-11.0,N,2026-09-07 11:47:30.282700
2026-09-07,2026-06-01,2026-09-07,district,TELANGANA,TELANGANA,MULUGU,15.8,8.2,93.0,LE,818.0,854.3,-4.0,N,2026-09-07 11:47:30.282700
2026-09-07,2026-06-01,2026-09-07,district,TELANGANA,TELANGANA,NAGARKURNOOL,0.1,4.2,-97.0,LD,247.8,375.5,-34.0,D,2026-09-07 11:47:30.282700
2026-09-07,2026-06-01,2026-09-07,district,TELANGANA,TELANGANA,NALGONDA,4.7,3.4,37.0,E,172.3,397.3,-57.0,D,2026-09-07 11:47:30.282700
2026-09-07,2026-06-01,2026-09-07,district,TELANGANA,TELANGANA,NARAYANPET,0.0,4.5,-100.0,NR,336.1,366.5,-8.0,N,2026-09-07 11:47:30.282700
2026-09-07,2026-06-01,2026-09-07,district,TELANGANA,TELANGANA,NIRMAL,0.6,5.5,-89.0,LD,392.3,767.5,-49.0,D,2026-09-07 11:47:30.282700
2026-09-07,2026-06-01,2026-09-07,district,TELANGANA,TELANGANA,NIZAMABAD,0.0,5.2,-100.0,NR,615.1,713.2,-14.0,N,2026-09-07 11:47:30.282700
2026-09-07,2026-06-01,2026-09-07,district,TELANGANA,TELANGANA,PEDDAPALLE,0.1,9.1,-99.0,LD,610.9,744.7,-18.0,N,2026-09-07 11:47:30.282700
2026-09-07,2026-06-01,2026-09-07,district,TELANGANA,TELANGANA,RAJANNA SIRCILLA,0.0,6.3,-100.0,NR,550.8,579.2,-5.0,N,2026-09-07 11:47:30.282700
2026-09-07,2026-06-01,2026-09-07,district,TELANGANA,TELANGANA,RANGAREDDY,3.9,3.9,-1.0,N,339.0,428.3,-21.0,D,2026-09-07 11:47:30.282700
2026-09-07,2026-06-01,2026-09-07,district,TELANGANA,TELANGANA,SANGAREDDY,6.1,2.9,110.0,LE,389.2,572.6,-32.0,D,2026-09-07 11:47:30.282700
2026-09-07,2026-06-01,2026-09-07,district,TELANGANA,TELANGANA,SIDDIPET,0.0,3.4,-100.0,NR,438.4,508.9,-14.0,N,2026-09-07 11:47:30.282700
2026-09-07,2026-06-01,2026-09-07,district,TELANGANA,TELANGANA,SURYAPET,5.7,3.2,79.0,LE,325.2,494.9,-34.0,D,2026-09-07 11:47:30.282700
2026-09-07,2026-06-01,2026-09-07,district,TELANGANA,TELANGANA,VIKARABAD,1.1,3.1,-66.0,LD,415.8,531.1,-22.0,D,2026-09-07 11:47:30.282700
2026-09-07,2026-06-01,2026-09-07,district,TELANGANA,TELANGANA,WANAPARTHY,0.0,3.9,-100.0,NR,266.9,428.5,-38.0,D,2026-09-07 11:47:30.282700
2026-09-07,2026-06-01,2026-09-07,district,TELANGANA,TELANGANA,WARANGAL,0.7,5.8,-87.0,LD,403.7,783.5,-48.0,D,2026-09-07 11:47:30.282700
2026-09-07,2026-06-01,2026-09-07,district,TELANGANA,TELANGANA,Y. BHUVANAGIRI,16.2,4.9,231.0,LE,239.3,421.3,-43.0,D,2026-09-07 11:47:30.282700
2026-09-07,2026-06-01,2026-09-07,district,UTTARAKHAND,UTTARAKHAND,ALMORA,58.8,7.7,663.0,LE,892.6,703.4,27.0,E,2026-09-07 11:47:30.282700
2026-09-07,2026-06-01,2026-09-07,district,UTTARAKHAND,UTTARAKHAND,BAGESHWAR,22.4,7.7,191.0,LE,1874.2,703.4,166.0,LE,2026-09-07 11:47:30.282700
2026-09-07,2026-06-01,2026-09-07,district,UTTARAKHAND,UTTARAKHAND,CHAMOLI,16.7,3.9,327.0,LE,1089.8,651.3,67.0,LE,2026-09-07 11:47:30.282700
2026-09-07,2026-06-01,2026-09-07,district,UTTARAKHAND,UTTARAKHAND,CHAMPAWAT,52.9,6.6,701.0,LE,869.4,1157.7,-25.0,D,2026-09-07 11:47:30.282700
2026-09-07,2026-06-01,2026-09-07,district,UTTARAKHAND,UTTARAKHAND,DEHRADUN,0.4,10.2,-96.0,LD,1303.4,1302.4,0.0,N,2026-09-07 11:47:30.282700
2026-09-07,2026-06-01,2026-09-07,district,UTTARAKHAND,UTTARAKHAND,GARHWAL PAURI,10.9,13.1,-17.0,N,639.4,1154.7,-45.0,D,2026-09-07 11:47:30.282700
2026-09-07,2026-06-01,2026-09-07,district,UTTARAKHAND,UTTARAKHAND,GARHWAL TEHRI,10.0,7.1,41.0,E,1136.4,853.8,33.0,E,2026-09-07 11:47:30.282700
2026-09-07,2026-06-01,2026-09-07,district,UTTARAKHAND,UTTARAKHAND,HARDWAR,1.6,7.3,-78.0,LD,1053.2,896.8,17.0,N,2026-09-07 11:47:30.282700
2026-09-07,2026-06-01,2026-09-07,district,UTTARAKHAND,UTTARAKHAND,NAINITAL,43.9,12.9,240.0,LE,1129.4,1372.9,-18.0,N,2026-09-07 11:47:30.282700
2026-09-07,2026-06-01,2026-09-07,district,UTTARAKHAND,UTTARAKHAND,PITHORAGARH,22.7,12.6,80.0,LE,1384.9,1352.1,2.0,N,2026-09-07 11:47:30.282700
2026-09-07,2026-06-01,2026-09-07,district,UTTARAKHAND,UTTARAKHAND,RUDRAPRAYAG,17.5,9.5,84.0,LE,1308.9,1419.6,-8.0,N,2026-09-07 11:47:30.282700
2026-09-07,2026-06-01,2026-09-07,district,UTTARAKHAND,UTTARAKHAND,UDHAM SINGH NAGAR,51.0,9.4,442.0,LE,1085.8,1001.6,8.0,N,2026-09-07 11:47:30.282700
2026-09-07,2026-06-01,2026-09-07,district,UTTARAKHAND,UTTARAKHAND,UTTARKASHI,1.7,5.5,-69.0,LD,915.1,1043.1,-12.0,N,2026-09-07 11:47:30.282700
2026-09-07,2026-06-01,2026-09-07,district,VIDARBHA,MAHARASHTRA,AKOLA,0.1,4.4,-97.0,LD,361.2,616.3,-41.0,D,2026-09-07 11:47:30.282700
2026-09-07,2026-06-01,2026-09-07,district,VIDARBHA,MAHARASHTRA,AMRAOTI,0.5,5.7,-91.0,LD,414.7,732.0,-43.0,D,2026-09-07 11:47:30.282700
2026-09-07,2026-06-01,2026-09-07,district,VIDARBHA,MAHARASHTRA,BHANDARA,2.7,10.7,-75.0,LD,819.2,976.8,-16.0,N,2026-09-07 11:47:30.282700
2026-09-07,2026-06-01,2026-09-07,district,VIDARBHA,MAHARASHTRA,BULDHANA,0.0,3.9,-99.0,LD,461.6,563.9,-18.0,N,2026-09-07 11:47:30.282700
2026-09-07,2026-06-01,2026-09-07,district,VIDARBHA,MAHARASHTRA,CHANDRAPUR,0.0,11.2,-99.0,LD,613.1,968.8,-37.0,D,2026-09-07 11:47:30.282700
2026-09-07,2026-06-01,2026-09-07,district,VIDARBHA,MAHARASHTRA,GADCHIROLI,0.5,15.6,-97.0,LD,879.3,1168.5,-25.0,D,2026-09-07 11:47:30.282700
2026-09-07,2026-06-01,2026-09-07,district,VIDARBHA,MAHARASHTRA,GONDIA,0.3,10.2,-97.0,LD,1046.7,1094.2,-4.0,N,2026-09-07 11:47:30.282700
2026-09-07,2026-06-01,2026-09-07,district,VIDARBHA,MAHARASHTRA,NAGPUR,0.5,11.6,-96.0,LD,527.0,838.2,-37.0,D,2026-09-07 11:47:30.282700
2026-09-07,2026-06-01,2026-09-07,district,VIDARBHA,MAHARASHTRA,WARDHA,0.5,7.1,-93.0,LD,497.7,749.7,-34.0,D,2026-09-07 11:47:30.282700
2026-09-07,2026-06-01,2026-09-07,district,VIDARBHA,MAHARASHTRA,WASHIM,0.0,5.3,-100.0,NR,439.8,678.5,-35.0,D,2026-09-07 11:47:30.282700
2026-09-07,2026-06-01,2026-09-07,district,VIDARBHA,MAHARASHTRA,YEOTMAL,0.1,5.9,-99.0,LD,542.2,723.2,-25.0,D,2026-09-07 11:47:30.282700
2026-09-07,2026-06-01,2026-09-07,district,WEST MADHYA PRADESH,MADHYA PRADESH,AGAR-MALWA,22.2,4.7,372.0,LE,811.8,803.9,1.0,N,2026-09-07 11:47:30.282700
2026-09-07,2026-06-01,2026-09-07,district,WEST MADHYA PRADESH,MADHYA PRADESH,ALIRAJPUR,0.0,13.0,-100.0,NR,384.8,759.2,-49.0,D,2026-09-07 11:47:30.282700
2026-09-07,2026-06-01,2026-09-07,district,WEST MADHYA PRADESH,MADHYA PRADESH,ASHOKNAGAR,2.5,5.9,-58.0,D,668.3,757.7,-12.0,N,2026-09-07 11:47:30.282700
2026-09-07,2026-06-01,2026-09-07,district,WEST MADHYA PRADESH,MADHYA PRADESH,BARWANI,0.7,5.7,-87.0,LD,480.7,576.4,-17.0,N,2026-09-07 11:47:30.282700
2026-09-07,2026-06-01,2026-09-07,district,WEST MADHYA PRADESH,MADHYA PRADESH,BETUL,2.4,9.7,-76.0,LD,625.8,923.1,-32.0,D,2026-09-07 11:47:30.282700
2026-09-07,2026-06-01,2026-09-07,district,WEST MADHYA PRADESH,MADHYA PRADESH,BHIND,11.2,7.4,51.0,E,724.1,539.2,34.0,E,2026-09-07 11:47:30.282700
2026-09-07,2026-06-01,2026-09-07,district,WEST MADHYA PRADESH,MADHYA PRADESH,BHOPAL,1.7,6.9,-75.0,LD,973.9,856.4,14.0,N,2026-09-07 11:47:30.282700
2026-09-07,2026-06-01,2026-09-07,district,WEST MADHYA PRADESH,MADHYA PRADESH,BURHANPUR,3.5,5.3,-34.0,D,709.0,644.9,10.0,N,2026-09-07 11:47:30.282700
2026-09-07,2026-06-01,2026-09-07,district,WEST MADHYA PRADESH,MADHYA PRADESH,DATIA,19.4,2.4,707.0,LE,722.8,656.5,10.0,N,2026-09-07 11:47:30.282700
2026-09-07,2026-06-01,2026-09-07,district,WEST MADHYA PRADESH,MADHYA PRADESH,DEWAS,0.2,6.5,-97.0,LD,706.8,809.9,-13.0,N,2026-09-07 11:47:30.282700
2026-09-07,2026-06-01,2026-09-07,district,WEST MADHYA PRADESH,MADHYA PRADESH,DHAR,0.1,8.5,-99.0,LD,412.2,703.5,-41.0,D,2026-09-07 11:47:30.282700
2026-09-07,2026-06-01,2026-09-07,district,WEST MADHYA PRADESH,MADHYA PRADESH,GUNA,9.5,6.1,56.0,E,922.9,849.6,9.0,N,2026-09-07 11:47:30.282700
2026-09-07,2026-06-01,2026-09-07,district,WEST MADHYA PRADESH,MADHYA PRADESH,GWALIOR,13.9,4.3,222.0,LE,713.2,629.7,13.0,N,2026-09-07 11:47:30.282700
2026-09-07,2026-06-01,2026-09-07,district,WEST MADHYA PRADESH,MADHYA PRADESH,HARDA,0.8,8.6,-91.0,LD,640.7,983.7,-35.0,D,2026-09-07 11:47:30.282700
2026-09-07,2026-06-01,2026-09-07,district,WEST MADHYA PRADESH,MADHYA PRADESH,INDORE,0.0,11.0,-99.0,LD,550.2,767.8,-28.0,D,2026-09-07 11:47:30.282700
2026-09-07,2026-06-01,2026-09-07,district,WEST MADHYA PRADESH,MADHYA PRADESH,JHABUA,2.6,10.5,-76.0,LD,499.4,782.0,-36.0,D,2026-09-07 11:47:30.282700
2026-09-07,2026-06-01,2026-09-07,district,WEST MADHYA PRADESH,MADHYA PRADESH,KHANDWA,0.0,7.1,-100.0,NR,623.0,691.7,-10.0,N,2026-09-07 11:47:30.282700
2026-09-07,2026-06-01,2026-09-07,district,WEST MADHYA PRADESH,MADHYA PRADESH,KHARGONE,1.1,8.5,-87.0,LD,648.1,630.8,3.0,N,2026-09-07 11:47:30.282700
2026-09-07,2026-06-01,2026-09-07,district,WEST MADHYA PRADESH,MADHYA PRADESH,MANDSAUR,16.7,7.5,123.0,LE,652.9,749.3,-13.0,N,2026-09-07 11:47:30.282700
2026-09-07,2026-06-01,2026-09-07,district,WEST MADHYA PRADESH,MADHYA PRADESH,MORENA,23.4,4.9,377.0,LE,536.3,573.8,-7.0,N,2026-09-07 11:47:30.282700
2026-09-07,2026-06-01,2026-09-07,district,WEST MADHYA PRADESH,MADHYA PRADESH,NARMADAPURAM,0.7,8.3,-91.0,LD,742.6,1131.6,-34.0,D,2026-09-07 11:47:30.282700
2026-09-07,2026-06-01,2026-09-07,district,WEST MADHYA PRADESH,MADHYA PRADESH,NEEMUCH,1.4,8.5,-84.0,LD,618.5,710.4,-13.0,N,2026-09-07 11:47:30.282700
2026-09-07,2026-06-01,2026-09-07,district,WEST MADHYA PRADESH,MADHYA PRADESH,RAISEN,1.8,7.6,-77.0,LD,784.7,963.2,-19.0,N,2026-09-07 11:47:30.282700
2026-09-07,2026-06-01,2026-09-07,district,WEST MADHYA PRADESH,MADHYA PRADESH,RAJGARH,9.3,6.0,55.0,E,939.2,814.7,15.0,N,2026-09-07 11:47:30.282700
2026-09-07,2026-06-01,2026-09-07,district,WEST MADHYA PRADESH,MADHYA PRADESH,RATLAM,0.0,12.8,-100.0,NR,516.9,828.0,-38.0,D,2026-09-07 11:47:30.282700
2026-09-07,2026-06-01,2026-09-07,district,WEST MADHYA PRADESH,MADHYA PRADESH,SEHORE,1.5,7.4,-80.0,LD,824.0,959.0,-14.0,N,2026-09-07 11:47:30.282700
2026-09-07,2026-06-01,2026-09-07,district,WEST MADHYA PRADESH,MADHYA PRADESH,SHAJAPUR,13.4,6.8,97.0,LE,656.1,819.4,-20.0,D,2026-09-07 11:47:30.282700
2026-09-07,2026-06-01,2026-09-07,district,WEST MADHYA PRADESH,MADHYA PRADESH,SHEOPUR,20.8,2.8,644.0,LE,737.8,608.3,21.0,E,2026-09-07 11:47:30.282700
2026-09-07,2026-06-01,2026-09-07,district,WEST MADHYA PRADESH,MADHYA PRADESH,SHIVPURI,33.9,4.3,689.0,LE,909.5,705.6,29.0,E,2026-09-07 11:47:30.282700
2026-09-07,2026-06-01,2026-09-07,district,WEST MADHYA PRADESH,MADHYA PRADESH,UJJAIN,2.0,8.5,-76.0,LD,583.6,800.2,-27.0,D,2026-09-07 11:47:30.282700
2026-09-07,2026-06-01,2026-09-07,district,WEST MADHYA PRADESH,MADHYA PRADESH,VIDISHA,0.0,6.8,-99.0,LD,733.3,925.0,-21.0,D,2026-09-07 11:47:30.282700
2026-09-07,2026-06-01,2026-09-07,district,WEST RAJASTHAN,RAJASTHAN,BARMER,0.0,1.4,-100.0,NR,188.0,248.5,-24.0,D,2026-09-07 11:47:30.282700
2026-09-07,2026-06-01,2026-09-07,district,WEST RAJASTHAN,RAJASTHAN,BIKANER,2.4,1.5,63.0,LE,208.8,228.9,-9.0,N,2026-09-07 11:47:30.282700
2026-09-07,2026-06-01,2026-09-07,district,WEST RAJASTHAN,RAJASTHAN,CHURU,10.3,2.2,369.0,LE,286.8,304.2,-6.0,N,2026-09-07 11:47:30.282700
2026-09-07,2026-06-01,2026-09-07,district,WEST RAJASTHAN,RAJASTHAN,HANUMANGARH,0.0,1.3,-100.0,NR,142.8,228.4,-37.0,D,2026-09-07 11:47:30.282700
2026-09-07,2026-06-01,2026-09-07,district,WEST RAJASTHAN,RAJASTHAN,JAISALMER,0.0,1.2,-100.0,NR,83.3,163.3,-49.0,D,2026-09-07 11:47:30.282700
2026-09-07,2026-06-01,2026-09-07,district,WEST RAJASTHAN,RAJASTHAN,JALORE,0.0,3.7,-100.0,NR,143.1,378.8,-62.0,LD,2026-09-07 11:47:30.282700
2026-09-07,2026-06-01,2026-09-07,district,WEST RAJASTHAN,RAJASTHAN,JODHPUR,0.0,2.4,-100.0,NR,189.2,266.4,-29.0,D,2026-09-07 11:47:30.282700
2026-09-07,2026-06-01,2026-09-07,district,WEST RAJASTHAN,RAJASTHAN,NAGAUR,0.5,2.6,-81.0,LD,298.1,343.0,-13.0,N,2026-09-07 11:47:30.282700
2026-09-07,2026-06-01,2026-09-07,district,WEST RAJASTHAN,RAJASTHAN,PALI,0.0,3.6,-100.0,NR,208.1,450.8,-54.0,D,2026-09-07 11:47:30.282700
2026-09-07,2026-06-01,2026-09-07,district,WEST RAJASTHAN,RAJASTHAN,SRI GANGANAGAR,0.0,0.7,-100.0,NR,174.3,186.4,-7.0,N,2026-09-07 11:47:30.282700
2026-09-07,2026-06-01,2026-09-07,district,WEST UTTAR PRADESH,UTTAR PRADESH,AGRA,10.1,6.1,65.0,LE,496.4,469.4,6.0,N,2026-09-07 11:47:30.282700
2026-09-07,2026-06-01,2026-09-07,district,WEST UTTAR PRADESH,UTTAR PRADESH,ALIGARH,8.7,7.4,18.0,N,311.9,523.0,-40.0,D,2026-09-07 11:47:30.282700
2026-09-07,2026-06-01,2026-09-07,district,WEST UTTAR PRADESH,UTTAR PRADESH,AMROHA,75.3,11.3,567.0,LE,636.6,734.3,-13.0,N,2026-09-07 11:47:30.282700
2026-09-07,2026-06-01,2026-09-07,district,WEST UTTAR PRADESH,UTTAR PRADESH,AURAIYA,1.5,4.7,-68.0,LD,505.4,447.7,13.0,N,2026-09-07 11:47:30.282700
2026-09-07,2026-06-01,2026-09-07,district,WEST UTTAR PRADESH,UTTAR PRADESH,BADAUN,25.0,7.8,221.0,LE,634.8,592.6,7.0,N,2026-09-07 11:47:30.282700
2026-09-07,2026-06-01,2026-09-07,district,WEST UTTAR PRADESH,UTTAR PRADESH,BAGHPAT,33.0,4.5,633.0,LE,488.3,442.1,10.0,N,2026-09-07 11:47:30.282700
2026-09-07,2026-06-01,2026-09-07,district,WEST UTTAR PRADESH,UTTAR PRADESH,BAREILLY,66.0,6.5,915.0,LE,731.7,689.5,6.0,N,2026-09-07 11:47:30.282700
2026-09-07,2026-06-01,2026-09-07,district,WEST UTTAR PRADESH,UTTAR PRADESH,BIJNOR,25.0,10.5,138.0,LE,1065.5,802.5,33.0,E,2026-09-07 11:47:30.282700
2026-09-07,2026-06-01,2026-09-07,district,WEST UTTAR PRADESH,UTTAR PRADESH,BULANDSHAHAR,17.9,7.7,132.0,LE,449.0,474.3,-5.0,N,2026-09-07 11:47:30.282700
2026-09-07,2026-06-01,2026-09-07,district,WEST UTTAR PRADESH,UTTAR PRADESH,ETAH,51.7,7.4,598.0,LE,678.8,442.0,54.0,E,2026-09-07 11:47:30.282700
2026-09-07,2026-06-01,2026-09-07,district,WEST UTTAR PRADESH,UTTAR PRADESH,ETAWAH,6.2,7.7,-20.0,D,602.8,493.3,22.0,E,2026-09-07 11:47:30.282700
2026-09-07,2026-06-01,2026-09-07,district,WEST UTTAR PRADESH,UTTAR PRADESH,FIROZABAD,19.1,7.9,142.0,LE,665.3,504.6,32.0,E,2026-09-07 11:47:30.282700
2026-09-07,2026-06-01,2026-09-07,district,WEST UTTAR PRADESH,UTTAR PRADESH,GAUTAM BUDDHA NAGAR,36.4,5.9,517.0,LE,632.6,411.9,54.0,E,2026-09-07 11:47:30.282700
2026-09-07,2026-06-01,2026-09-07,district,WEST UTTAR PRADESH,UTTAR PRADESH,GHAZIABAD,8.3,5.8,42.0,E,181.0,414.7,-56.0,D,2026-09-07 11:47:30.282700
2026-09-07,2026-06-01,2026-09-07,district,WEST UTTAR PRADESH,UTTAR PRADESH,HAMIRPUR,16.2,9.9,64.0,LE,1025.9,618.4,66.0,LE,2026-09-07 11:47:30.282700
2026-09-07,2026-06-01,2026-09-07,district,WEST UTTAR PRADESH,UTTAR PRADESH,HAPUR,7.5,10.8,-31.0,D,312.5,603.7,-48.0,D,2026-09-07 11:47:30.282700
2026-09-07,2026-06-01,2026-09-07,district,WEST UTTAR PRADESH,UTTAR PRADESH,HATHRAS,26.7,9.6,178.0,LE,455.6,495.1,-8.0,N,2026-09-07 11:47:30.282700
2026-09-07,2026-06-01,2026-09-07,district,WEST UTTAR PRADESH,UTTAR PRADESH,JALAUN,7.1,5.6,26.0,E,677.1,556.4,22.0,E,2026-09-07 11:47:30.282700
2026-09-07,2026-06-01,2026-09-07,district,WEST UTTAR PRADESH,UTTAR PRADESH,JHANSI,7.0,4.7,49.0,E,547.5,630.6,-13.0,N,2026-09-07 11:47:30.282700
2026-09-07,2026-06-01,2026-09-07,district,WEST UTTAR PRADESH,UTTAR PRADESH,KASGANJ,26.3,7.6,246.0,LE,549.7,591.1,-7.0,N,2026-09-07 11:47:30.282700
2026-09-07,2026-06-01,2026-09-07,district,WEST UTTAR PRADESH,UTTAR PRADESH,LALITPUR,1.0,4.4,-77.0,LD,891.9,716.3,25.0,E,2026-09-07 11:47:30.282700
2026-09-07,2026-06-01,2026-09-07,district,WEST UTTAR PRADESH,UTTAR PRADESH,MAHOBA,11.4,4.4,159.0,LE,945.9,530.1,78.0,LE,2026-09-07 11:47:30.282700
2026-09-07,2026-06-01,2026-09-07,district,WEST UTTAR PRADESH,UTTAR PRADESH,MAINPURI,33.8,9.8,244.0,LE,353.3,570.1,-38.0,D,2026-09-07 11:47:30.282700
2026-09-07,2026-06-01,2026-09-07,district,WEST UTTAR PRADESH,UTTAR PRADESH,MATHURA,5.8,5.4,6.0,N,258.6,438.5,-41.0,D,2026-09-07 11:47:30.282700
2026-09-07,2026-06-01,2026-09-07,district,WEST UTTAR PRADESH,UTTAR PRADESH,MEERUT,43.7,10.2,328.0,LE,981.2,579.5,69.0,LE,2026-09-07 11:47:30.282700
2026-09-07,2026-06-01,2026-09-07,district,WEST UTTAR PRADESH,UTTAR PRADESH,MORADABAD,41.3,11.9,247.0,LE,907.1,779.0,16.0,N,2026-09-07 11:47:30.282700
2026-09-07,2026-06-01,2026-09-07,district,WEST UTTAR PRADESH,UTTAR PRADESH,MUZAFFARNAGAR,29.3,7.8,276.0,LE,972.5,578.8,68.0,LE,2026-09-07 11:47:30.282700
2026-09-07,2026-06-01,2026-09-07,district,WEST UTTAR PRADESH,UTTAR PRADESH,PILIBHIT,3.9,5.2,-26.0,D,344.3,718.5,-52.0,D,2026-09-07 11:47:30.282700
2026-09-07,2026-06-01,2026-09-07,district,WEST UTTAR PRADESH,UTTAR PRADESH,RAMPUR,15.4,10.2,51.0,E,605.8,639.9,-5.0,N,2026-09-07 11:47:30.282700
2026-09-07,2026-06-01,2026-09-07,district,WEST UTTAR PRADESH,UTTAR PRADESH,SAHARANPUR,3.7,6.7,-45.0,D,503.4,670.2,-25.0,D,2026-09-07 11:47:30.282700
2026-09-07,2026-06-01,2026-09-07,district,WEST UTTAR PRADESH,UTTAR PRADESH,SAMBHAL,16.3,10.4,57.0,E,1124.0,586.3,92.0,LE,2026-09-07 11:47:30.282700
2026-09-07,2026-06-01,2026-09-07,district,WEST UTTAR PRADESH,UTTAR PRADESH,SHAHJAHANPUR,58.6,7.5,681.0,LE,711.4,655.2,9.0,N,2026-09-07 11:47:30.282700
2026-09-07,2026-06-01,2026-09-07,district,WEST UTTAR PRADESH,UTTAR PRADESH,SHAMLI,0.0,6.6,-100.0,NR,164.3,480.2,-66.0,LD,2026-09-07 11:47:30.282700
2026-09-07,2026-06-01,2026-09-07,state,ASSAM & MEGHALAYA,ASSAM,,3.4,9.8,-65.0,LD,963.7,1266.8,-24.0,D,2026-09-07 11:47:30.282700
2026-09-07,2026-06-01,2026-09-07,state,ASSAM & MEGHALAYA,MEGHALAYA,,2.2,18.8,-88.0,LD,974.7,2334.1,-58.0,D,2026-09-07 11:47:30.282700
2026-09-07,2026-06-01,2026-09-07,state,BIHAR,UTTAR PRADESH,,16.2,7.4,119.0,LE,646.6,641.4,1.0,N,2026-09-07 11:47:30.282700
2026-09-07,2026-06-01,2026-09-07,state,CHHATTISGARH,ANDHRA PRADESH,,2.4,4.5,-47.0,D,222.4,400.9,-45.0,D,2026-09-07 11:47:30.282700
2026-09-07,2026-06-01,2026-09-07,state,COASTAL A. P. & YANAM,ANDHRA PRADESH,,2.4,4.5,-47.0,D,222.4,400.9,-45.0,D,2026-09-07 11:47:30.282700
2026-09-07,2026-06-01,2026-09-07,state,COASTAL A. P. & YANAM,PUDUCHERRY (UT),,0.0,5.6,-100.0,NR,199.3,315.1,-37.0,D,2026-09-07 11:47:30.282700
2026-09-07,2026-06-01,2026-09-07,state,EAST MADHYA PRADESH,GUJARAT,,0.3,6.2,-95.0,LD,517.6,629.4,-18.0,N,2026-09-07 11:47:30.282700
2026-09-07,2026-06-01,2026-09-07,state,GUJARAT REGION,DADRA & NAGAR HAVELI AND DAMAN & DIU (UT),,6.2,10.6,-42.0,D,2767.8,1977.5,40.0,E,2026-09-07 11:47:30.282700
2026-09-07,2026-06-01,2026-09-07,state,GUJARAT REGION,GUJARAT,,0.3,6.2,-95.0,LD,517.6,629.4,-18.0,N,2026-09-07 11:47:30.282700
2026-09-07,2026-06-01,2026-09-07,state,HAR. CHD & DELHI,CHANDIGARH (UT),,0.0,5.6,-100.0,NR,656.9,759.8,-14.0,N,2026-09-07 11:47:30.282700
2026-09-07,2026-06-01,2026-09-07,state,HAR. CHD & DELHI,DELHI,,5.6,5.6,0.0,N,553.5,480.9,15.0,N,2026-09-07 11:47:30.282700
2026-09-07,2026-06-01,2026-09-07,state,HAR. CHD & DELHI,HARYANA,,2.2,4.0,-44.0,D,301.9,377.9,-20.0,D,2026-09-07 11:47:30.282700
2026-09-07,2026-06-01,2026-09-07,state,J & K AND LADAKH,JAMMU & KASHMIR(UT),,0.8,4.0,-80.0,LD,494.4,485.0,2.0,N,2026-09-07 11:47:30.282700
2026-09-07,2026-06-01,2026-09-07,state,J & K AND LADAKH,LADAKH (UT),,0.0,0.1,-100.0,NR,49.4,17.8,177.0,LE,2026-09-07 11:47:30.282700
2026-09-07,2026-06-01,2026-09-07,state,J & K AND LADAKH,RAJASTHAN,,2.4,3.5,-31.0,D,303.7,398.4,-24.0,D,2026-09-07 11:47:30.282700
2026-09-07,2026-06-01,2026-09-07,state,KERALA & MAHE,KERALA,,0.2,12.1,-98.0,LD,1376.8,1818.5,-24.0,D,2026-09-07 11:47:30.282700
2026-09-07,2026-06-01,2026-09-07,state,KERALA & MAHE,PUDUCHERRY (UT),,0.0,5.6,-100.0,NR,199.3,315.1,-37.0,D,2026-09-07 11:47:30.282700
2026-09-07,2026-06-01,2026-09-07,state,KONKAN & GOA,GOA,,0.1,12.7,-99.0,LD,1856.8,2788.4,-33.0,D,2026-09-07 11:47:30.282700
2026-09-07,2026-06-01,2026-09-07,state,KONKAN & GOA,MAHARASHTRA,,2.2,6.5,-66.0,LD,734.7,866.0,-15.0,N,2026-09-07 11:47:30.282700
2026-09-07,2026-06-01,2026-09-07,state,NMMT,MANIPUR,,9.3,6.0,55.0,E,520.8,889.2,-41.0,D,2026-09-07 11:47:30.282700
2026-09-07,2026-06-01,2026-09-07,state,NMMT,MIZORAM,,16.6,12.6,32.0,E,1128.7,1351.1,-16.0,N,2026-09-07 11:47:30.282700
2026-09-07,2026-06-01,2026-09-07,state,NMMT,NAGALAND,,8.5,7.4,15.0,N,1009.7,883.5,14.0,N,2026-09-07 11:47:30.282700
2026-09-07,2026-06-01,2026-09-07,state,NMMT,TRIPURA,,7.4,7.4,0.0,N,1037.6,1198.4,-13.0,N,2026-09-07 11:47:30.282700
2026-09-07,2026-06-01,2026-09-07,state,SAURASHTRA & KUTCH,DADRA & NAGAR HAVELI AND DAMAN & DIU (UT),,6.2,10.6,-42.0,D,2767.8,1977.5,40.0,E,2026-09-07 11:47:30.282700
2026-09-07,2026-06-01,2026-09-07,state,SAURASHTRA & KUTCH,GUJARAT,,0.3,6.2,-95.0,LD,517.6,629.4,-18.0,N,2026-09-07 11:47:30.282700
2026-09-07,2026-06-01,2026-09-07,state,SHWB & SIKKIM,SIKKIM,,6.3,10.0,-37.0,D,1362.1,1422.9,-4.0,N,2026-09-07 11:47:30.282700
2026-09-07,2026-06-01,2026-09-07,state,SHWB & SIKKIM,WEST BENGAL,,3.7,9.4,-60.0,LD,1138.2,1119.9,2.0,N,2026-09-07 11:47:30.282700
2026-09-07,2026-06-01,2026-09-07,state,TAMIL. PUDU.& KARAIKAL,KARNATAKA,,0.4,5.1,-93.0,LD,522.9,707.0,-26.0,D,2026-09-07 11:47:30.282700
2026-09-07,2026-06-01,2026-09-07,state,TAMIL. PUDU.& KARAIKAL,PUDUCHERRY (UT),,0.0,5.6,-100.0,NR,199.3,315.1,-37.0,D,2026-09-07 11:47:30.282700
2026-09-07,2026-06-01,2026-09-07,state,TAMIL. PUDU.& KARAIKAL,TAMILNADU,,3.3,4.0,-18.0,N,181.1,233.8,-23.0,D,2026-09-07 11:47:30.282700
2026-09-07,2026-06-01,2026-09-07,state,WEST RAJASTHAN,MADHYA PRADESH,,4.7,7.8,-40.0,D,790.0,840.6,-6.0,N,2026-09-07 11:47:30.282700
2026-09-07,2026-06-01,2026-09-07,subdivision,A & N ISLAND,,,28.0,16.5,69.0,LE,1325.1,1298.8,2.0,N,2026-09-07 11:47:30.282700
2026-09-07,2026-06-01,2026-09-07,subdivision,ARUNACHAL PRADESH,,,2.4,8.8,-73.0,LD,836.1,1404.0,-40.0,D,2026-09-07 11:47:30.282700
2026-09-07,2026-06-01,2026-09-07,subdivision,ASSAM & MEGHALAYA,,,3.1,11.9,-74.0,LD,966.3,1515.2,-36.0,D,2026-09-07 11:47:30.282700
2026-09-07,2026-06-01,2026-09-07,subdivision,BIHAR,,,6.3,7.8,-19.0,N,536.1,828.7,-35.0,D,2026-09-07 11:47:30.282700
2026-09-07,2026-06-01,2026-09-07,subdivision,CHHATTISGARH,,,1.2,11.4,-89.0,LD,948.9,990.9,-4.0,N,2026-09-07 11:47:30.282700
2026-09-07,2026-06-01,2026-09-07,subdivision,COASTAL A. P. & YANAM,,,3.9,4.2,-7.0,N,272.1,472.1,-42.0,D,2026-09-07 11:47:30.282700
2026-09-07,2026-06-01,2026-09-07,subdivision,COASTAL KARNATAKA,,,0.9,13.7,-94.0,LD,2142.7,2875.6,-25.0,D,2026-09-07 11:47:30.282700
2026-09-07,2026-06-01,2026-09-07,subdivision,EAST MADHYA PRADESH,,,1.5,8.6,-83.0,LD,922.1,915.8,1.0,N,2026-09-07 11:47:30.282700
2026-09-07,2026-06-01,2026-09-07,subdivision,EAST RAJASTHAN,,,4.0,5.7,-30.0,D,454.3,572.5,-21.0,D,2026-09-07 11:47:30.282700
2026-09-07,2026-06-01,2026-09-07,subdivision,EAST UTTAR PRADESH,,,12.0,7.4,62.0,LE,641.0,676.7,-5.0,N,2026-09-07 11:47:30.282700
2026-09-07,2026-06-01,2026-09-07,subdivision,GANGETIC WEST BENGAL,,,0.7,8.2,-92.0,LD,1037.8,966.0,7.0,N,2026-09-07 11:47:30.282700
2026-09-07,2026-06-01,2026-09-07,subdivision,GUJARAT REGION,,,0.7,9.6,-93.0,LD,795.4,826.6,-4.0,N,2026-09-07 11:47:30.282700
2026-09-07,2026-06-01,2026-09-07,subdivision,HAR. CHD & DELHI,,,2.3,4.1,-44.0,D,309.0,382.0,-19.0,N,2026-09-07 11:47:30.282700
2026-09-07,2026-06-01,2026-09-07,subdivision,HIMACHAL PRADESH,,,1.1,4.0,-74.0,LD,597.2,652.1,-8.0,N,2026-09-07 11:47:30.282700
2026-09-07,2026-06-01,2026-09-07,subdivision,J & K AND LADAKH,,,0.8,4.0,-80.0,LD,494.4,485.0,2.0,N,2026-09-07 11:47:30.282700
2026-09-07,2026-06-01,2026-09-07,subdivision,JHARKHAND,,,6.4,9.0,-29.0,D,812.8,859.5,-5.0,N,2026-09-07 11:47:30.282700
2026-09-07,2026-06-01,2026-09-07,subdivision,KERALA & MAHE,,,0.2,12.1,-98.0,LD,1376.8,1818.5,-24.0,D,2026-09-07 11:47:30.282700
2026-09-07,2026-06-01,2026-09-07,subdivision,KONKAN & GOA,,,12.2,13.1,-7.0,N,2334.3,2618.5,-11.0,N,2026-09-07 11:47:30.282700
2026-09-07,2026-06-01,2026-09-07,subdivision,LAKSHADWEEP,,,0.5,5.3,-91.0,LD,643.4,899.1,-28.0,D,2026-09-07 11:47:30.282700
2026-09-07,2026-06-01,2026-09-07,subdivision,MADHYA MAHARASHTRA,,,1.8,4.0,-56.0,D,643.1,623.4,3.0,N,2026-09-07 11:47:30.282700
2026-09-07,2026-06-01,2026-09-07,subdivision,MARATHWADA,,,0.5,4.5,-89.0,LD,342.0,521.2,-34.0,D,2026-09-07 11:47:30.282700
2026-09-07,2026-06-01,2026-09-07,subdivision,N. I. KARNATAKA,,,0.7,3.9,-82.0,LD,280.1,367.5,-24.0,D,2026-09-07 11:47:30.282700
2026-09-07,2026-06-01,2026-09-07,subdivision,NMMT,,,11.3,8.9,26.0,E,914.9,1099.9,-17.0,N,2026-09-07 11:47:30.282700
2026-09-07,2026-06-01,2026-09-07,subdivision,ODISHA,,,4.2,11.0,-61.0,LD,1177.6,984.9,20.0,E,2026-09-07 11:47:30.282700
2026-09-07,2026-06-01,2026-09-07,subdivision,PUNJAB,,,0.3,2.6,-90.0,LD,243.2,388.4,-37.0,D,2026-09-07 11:47:30.282700
2026-09-07,2026-06-01,2026-09-07,subdivision,RAYALASEEMA,,,0.4,4.6,-91.0,LD,157.2,299.7,-48.0,D,2026-09-07 11:47:30.282700
2026-09-07,2026-06-01,2026-09-07,subdivision,S. I. KARNATAKA,,,0.0,4.5,-100.0,NR,407.5,562.4,-28.0,D,2026-09-07 11:47:30.282700
2026-09-07,2026-06-01,2026-09-07,subdivision,SAURASHTRA & KUTCH,,,0.0,3.5,-99.0,LD,298.1,472.0,-37.0,D,2026-09-07 11:47:30.282700
2026-09-07,2026-06-01,2026-09-07,subdivision,SHWB & SIKKIM,,,11.3,12.5,-9.0,N,1422.9,1597.6,-11.0,N,2026-09-07 11:47:30.282700
2026-09-07,2026-06-01,2026-09-07,subdivision,TAMIL. PUDU.& KARAIKAL,,,3.3,3.9,-16.0,N,181.0,233.8,-23.0,D,2026-09-07 11:47:30.282700
2026-09-07,2026-06-01,2026-09-07,subdivision,TELANGANA,,,3.4,5.3,-36.0,D,475.7,613.3,-22.0,D,2026-09-07 11:47:30.282700
2026-09-07,2026-06-01,2026-09-07,subdivision,UTTARAKHAND,,,20.7,8.7,137.0,LE,1099.6,1046.8,5.0,N,2026-09-07 11:47:30.282700
2026-09-07,2026-06-01,2026-09-07,subdivision,VIDARBHA,,,0.4,8.8,-96.0,LD,595.2,838.8,-29.0,D,2026-09-07 11:47:30.282700
2026-09-07,2026-06-01,2026-09-07,subdivision,WEST MADHYA PRADESH,,,7.2,7.2,-1.0,N,688.5,782.9,-12.0,N,2026-09-07 11:47:30.282700
2026-09-07,2026-06-01,2026-09-07,subdivision,WEST RAJASTHAN,,,1.2,1.9,-38.0,D,183.7,259.9,-29.0,D,2026-09-07 11:47:30.282700
2026-09-07,2026-06-01,2026-09-07,subdivision,WEST UTTAR PRADESH,,,22.3,7.5,198.0,LE,654.6,592.0,11.0,N,2026-09-07 11:47:30.282700
