date,period_start,period_end,level,subdivision,state,district,day_actual_mm,day_normal_mm,day_departure_pct,day_category,period_actual_mm,period_normal_mm,period_departure_pct,period_category,scraped_at
2026-09-19,2026-06-01,2026-09-19,district,A & N ISLAND,ANDAMAN & NICOBAR ISLANDS,NICOBAR,14.5,18.0,-19.0,N,618.0,985.9,-37.0,D,2026-09-19 10:27:25.090919
2026-09-19,2026-06-01,2026-09-19,district,A & N ISLAND,ANDAMAN & NICOBAR ISLANDS,NORTH & MIDDLE ANDAMAN,26.7,18.2,46.0,E,2423.1,1745.0,39.0,E,2026-09-19 10:27:25.090919
2026-09-19,2026-06-01,2026-09-19,district,A & N ISLAND,ANDAMAN & NICOBAR ISLANDS,SOUTH ANDAMAN,48.4,19.2,152.0,LE,1267.0,1487.2,-15.0,N,2026-09-19 10:27:25.090919
2026-09-19,2026-06-01,2026-09-19,district,ARUNACHAL PRADESH,ARUNACHAL PRADESH,ANJAW,0.0,9.8,-100.0,NR,173.0,1499.0,-88.0,LD,2026-09-19 10:27:25.090919
2026-09-19,2026-06-01,2026-09-19,district,ARUNACHAL PRADESH,ARUNACHAL PRADESH,CHANGLANG,0.0,4.9,-100.0,NR,1020.5,1254.8,-19.0,N,2026-09-19 10:27:25.090919
2026-09-19,2026-06-01,2026-09-19,district,ARUNACHAL PRADESH,ARUNACHAL PRADESH,EAST KAMENG,2.5,6.8,-63.0,LD,1401.5,1151.4,22.0,E,2026-09-19 10:27:25.090919
2026-09-19,2026-06-01,2026-09-19,district,ARUNACHAL PRADESH,ARUNACHAL PRADESH,EAST SIANG,0.0,22.4,-100.0,NR,2030.3,2978.6,-32.0,D,2026-09-19 10:27:25.090919
2026-09-19,2026-06-01,2026-09-19,district,ARUNACHAL PRADESH,ARUNACHAL PRADESH,KURUNG KUMEY,2.0,14.6,-86.0,LD,613.7,1140.8,-46.0,D,2026-09-19 10:27:25.090919
2026-09-19,2026-06-01,2026-09-19,district,ARUNACHAL PRADESH,ARUNACHAL PRADESH,LOHIT,0.0,9.7,-100.0,NR,890.0,1470.8,-39.0,D,2026-09-19 10:27:25.090919
2026-09-19,2026-06-01,2026-09-19,district,ARUNACHAL PRADESH,ARUNACHAL PRADESH,LOWER SUBANSIRI,0.0,5.8,-100.0,NR,407.3,700.4,-42.0,D,2026-09-19 10:27:25.090919
2026-09-19,2026-06-01,2026-09-19,district,ARUNACHAL PRADESH,ARUNACHAL PRADESH,PAPUMPARA,0.2,10.6,-98.0,LD,1718.4,2038.5,-16.0,N,2026-09-19 10:27:25.090919
2026-09-19,2026-06-01,2026-09-19,district,ARUNACHAL PRADESH,ARUNACHAL PRADESH,TAWANG,0.0,6.4,-100.0,NR,329.3,928.5,-65.0,LD,2026-09-19 10:27:25.090919
2026-09-19,2026-06-01,2026-09-19,district,ARUNACHAL PRADESH,ARUNACHAL PRADESH,TIRAP,0.0,8.7,-100.0,NR,1841.0,1841.3,0.0,N,2026-09-19 10:27:25.090919
2026-09-19,2026-06-01,2026-09-19,district,ARUNACHAL PRADESH,ARUNACHAL PRADESH,UPPER SIANG,0.5,8.2,-94.0,LD,1190.2,1632.6,-27.0,D,2026-09-19 10:27:25.090919
2026-09-19,2026-06-01,2026-09-19,district,ARUNACHAL PRADESH,ARUNACHAL PRADESH,UPPER SUBANSIRI,0.3,6.8,-95.0,LD,347.3,887.7,-61.0,LD,2026-09-19 10:27:25.090919
2026-09-19,2026-06-01,2026-09-19,district,ARUNACHAL PRADESH,ARUNACHAL PRADESH,WEST KAMENG,0.6,9.1,-93.0,LD,520.9,1593.7,-67.0,LD,2026-09-19 10:27:25.090919
2026-09-19,2026-06-01,2026-09-19,district,ARUNACHAL PRADESH,ARUNACHAL PRADESH,WEST SIANG,0.0,11.9,-100.0,NR,613.3,1873.2,-67.0,LD,2026-09-19 10:27:25.090919
2026-09-19,2026-06-01,2026-09-19,district,ASSAM & MEGHALAYA,ASSAM,BAJALI,0.0,14.3,-100.0,NR,1053.0,1987.1,-47.0,D,2026-09-19 10:27:25.090919
2026-09-19,2026-06-01,2026-09-19,district,ASSAM & MEGHALAYA,ASSAM,BAKSA,1.2,6.7,-82.0,LD,1130.6,1447.0,-22.0,D,2026-09-19 10:27:25.090919
2026-09-19,2026-06-01,2026-09-19,district,ASSAM & MEGHALAYA,ASSAM,BARPETA,1.7,14.3,-88.0,LD,1233.5,1987.1,-38.0,D,2026-09-19 10:27:25.090919
2026-09-19,2026-06-01,2026-09-19,district,ASSAM & MEGHALAYA,ASSAM,BONGAIGAON,4.2,13.2,-68.0,LD,922.1,2218.9,-58.0,D,2026-09-19 10:27:25.090919
2026-09-19,2026-06-01,2026-09-19,district,ASSAM & MEGHALAYA,ASSAM,CACHAR,2.6,8.3,-69.0,LD,1599.9,1726.0,-7.0,N,2026-09-19 10:27:25.090919
2026-09-19,2026-06-01,2026-09-19,district,ASSAM & MEGHALAYA,ASSAM,CHARAIDEO,0.0,4.1,-100.0,NR,1191.0,979.5,22.0,E,2026-09-19 10:27:25.090919
2026-09-19,2026-06-01,2026-09-19,district,ASSAM & MEGHALAYA,ASSAM,CHIRANG,5.2,16.3,-68.0,LD,1358.2,2260.8,-40.0,D,2026-09-19 10:27:25.090919
2026-09-19,2026-06-01,2026-09-19,district,ASSAM & MEGHALAYA,ASSAM,DARRANG,5.8,7.2,-20.0,D,689.9,1220.4,-43.0,D,2026-09-19 10:27:25.090919
2026-09-19,2026-06-01,2026-09-19,district,ASSAM & MEGHALAYA,ASSAM,DHEMAJI,0.0,15.3,-100.0,NR,2037.4,1980.8,3.0,N,2026-09-19 10:27:25.090919
2026-09-19,2026-06-01,2026-09-19,district,ASSAM & MEGHALAYA,ASSAM,DHUBRI,0.8,10.0,-92.0,LD,1273.3,1939.4,-34.0,D,2026-09-19 10:27:25.090919
2026-09-19,2026-06-01,2026-09-19,district,ASSAM & MEGHALAYA,ASSAM,DIBRUGARH,0.0,9.3,-100.0,NR,1094.6,1407.3,-22.0,D,2026-09-19 10:27:25.090919
2026-09-19,2026-06-01,2026-09-19,district,ASSAM & MEGHALAYA,ASSAM,DIMA HASAO,0.0,5.6,-100.0,NR,546.4,965.1,-43.0,D,2026-09-19 10:27:25.090919
2026-09-19,2026-06-01,2026-09-19,district,ASSAM & MEGHALAYA,ASSAM,GOALPARA,0.0,13.1,-100.0,NR,999.6,1915.0,-48.0,D,2026-09-19 10:27:25.090919
2026-09-19,2026-06-01,2026-09-19,district,ASSAM & MEGHALAYA,ASSAM,GOLAGHAT,0.0,7.7,-100.0,NR,873.0,990.9,-12.0,N,2026-09-19 10:27:25.090919
2026-09-19,2026-06-01,2026-09-19,district,ASSAM & MEGHALAYA,ASSAM,HAILAKANDI,0.0,8.2,-100.0,NR,1300.9,1421.8,-9.0,N,2026-09-19 10:27:25.090919
2026-09-19,2026-06-01,2026-09-19,district,ASSAM & MEGHALAYA,ASSAM,HOJAI,0.0,2.5,-100.0,NR,442.7,712.9,-38.0,D,2026-09-19 10:27:25.090919
2026-09-19,2026-06-01,2026-09-19,district,ASSAM & MEGHALAYA,ASSAM,JORHAT,0.5,10.1,-95.0,LD,801.6,1193.8,-33.0,D,2026-09-19 10:27:25.090919
2026-09-19,2026-06-01,2026-09-19,district,ASSAM & MEGHALAYA,ASSAM,KAMRUP METROPOLITAN,0.3,3.3,-92.0,LD,779.6,991.9,-21.0,D,2026-09-19 10:27:25.090919
2026-09-19,2026-06-01,2026-09-19,district,ASSAM & MEGHALAYA,ASSAM,KAMRUP RURAL,3.1,4.1,-25.0,D,638.2,1203.5,-47.0,D,2026-09-19 10:27:25.090919
2026-09-19,2026-06-01,2026-09-19,district,ASSAM & MEGHALAYA,ASSAM,KARBI ANGLONG,0.0,5.1,-100.0,NR,646.5,772.9,-16.0,N,2026-09-19 10:27:25.090919
2026-09-19,2026-06-01,2026-09-19,district,ASSAM & MEGHALAYA,ASSAM,KOKRAJHAR,0.0,9.7,-100.0,NR,2260.0,2508.9,-10.0,N,2026-09-19 10:27:25.090919
2026-09-19,2026-06-01,2026-09-19,district,ASSAM & MEGHALAYA,ASSAM,LAKHIMPUR,0.0,15.2,-100.0,NR,2166.8,1913.1,13.0,N,2026-09-19 10:27:25.090919
2026-09-19,2026-06-01,2026-09-19,district,ASSAM & MEGHALAYA,ASSAM,MORIGAON,0.0,6.0,-100.0,NR,619.1,1054.3,-41.0,D,2026-09-19 10:27:25.090919
2026-09-19,2026-06-01,2026-09-19,district,ASSAM & MEGHALAYA,ASSAM,NAGAON,0.0,4.0,-100.0,NR,568.7,965.7,-41.0,D,2026-09-19 10:27:25.090919
2026-09-19,2026-06-01,2026-09-19,district,ASSAM & MEGHALAYA,ASSAM,NALBARI,2.8,9.5,-71.0,LD,615.2,1524.0,-60.0,LD,2026-09-19 10:27:25.090919
2026-09-19,2026-06-01,2026-09-19,district,ASSAM & MEGHALAYA,ASSAM,SIBSAGAR,0.0,5.0,-100.0,NR,842.3,1109.9,-24.0,D,2026-09-19 10:27:25.090919
2026-09-19,2026-06-01,2026-09-19,district,ASSAM & MEGHALAYA,ASSAM,SONITPUR,0.0,6.4,-100.0,NR,1055.7,1117.6,-6.0,N,2026-09-19 10:27:25.090919
2026-09-19,2026-06-01,2026-09-19,district,ASSAM & MEGHALAYA,ASSAM,SRIBHUMI,0.0,13.7,-100.0,NR,1563.8,2021.9,-23.0,D,2026-09-19 10:27:25.090919
2026-09-19,2026-06-01,2026-09-19,district,ASSAM & MEGHALAYA,ASSAM,TAMULPUR,2.6,5.5,-53.0,D,1131.5,1272.3,-11.0,N,2026-09-19 10:27:25.090919
2026-09-19,2026-06-01,2026-09-19,district,ASSAM & MEGHALAYA,ASSAM,TINSUKIA,0.0,9.3,-100.0,NR,1263.4,1370.8,-8.0,N,2026-09-19 10:27:25.090919
2026-09-19,2026-06-01,2026-09-19,district,ASSAM & MEGHALAYA,ASSAM,UDALGURI,0.0,7.6,-100.0,NR,536.1,1335.5,-60.0,LD,2026-09-19 10:27:25.090919
2026-09-19,2026-06-01,2026-09-19,district,ASSAM & MEGHALAYA,ASSAM,WEST KARBI ANGLONG,0.0,4.1,-100.0,NR,583.0,660.9,-12.0,N,2026-09-19 10:27:25.090919
2026-09-19,2026-06-01,2026-09-19,district,ASSAM & MEGHALAYA,MEGHALAYA,EAST GARO HILLS,6.3,11.5,-45.0,D,622.5,1759.2,-65.0,LD,2026-09-19 10:27:25.090919
2026-09-19,2026-06-01,2026-09-19,district,ASSAM & MEGHALAYA,MEGHALAYA,EAST JAINTIA HILLS,0.0,28.8,-99.0,LD,1485.2,4237.2,-65.0,LD,2026-09-19 10:27:25.090919
2026-09-19,2026-06-01,2026-09-19,district,ASSAM & MEGHALAYA,MEGHALAYA,EAST KHASI HILLS,3.9,19.6,-80.0,LD,1952.2,4163.2,-53.0,D,2026-09-19 10:27:25.090919
2026-09-19,2026-06-01,2026-09-19,district,ASSAM & MEGHALAYA,MEGHALAYA,NORTH GARO HILLS,0.1,12.5,-99.0,LD,609.1,1693.1,-64.0,LD,2026-09-19 10:27:25.090919
2026-09-19,2026-06-01,2026-09-19,district,ASSAM & MEGHALAYA,MEGHALAYA,RI BHOI,4.2,12.4,-66.0,LD,779.2,1472.1,-47.0,D,2026-09-19 10:27:25.090919
2026-09-19,2026-06-01,2026-09-19,district,ASSAM & MEGHALAYA,MEGHALAYA,SOUTH GARO HILLS,0.0,12.5,-99.0,LD,869.8,1693.1,-49.0,D,2026-09-19 10:27:25.090919
2026-09-19,2026-06-01,2026-09-19,district,ASSAM & MEGHALAYA,MEGHALAYA,SOUTH WEST GARO HILLS,0.0,12.5,-100.0,NR,531.3,1693.1,-69.0,LD,2026-09-19 10:27:25.090919
2026-09-19,2026-06-01,2026-09-19,district,ASSAM & MEGHALAYA,MEGHALAYA,SOUTH WEST KHASI HILLS,3.5,12.5,-72.0,LD,2639.7,1693.1,56.0,E,2026-09-19 10:27:25.090919
2026-09-19,2026-06-01,2026-09-19,district,ASSAM & MEGHALAYA,MEGHALAYA,WEST GARO HILLS,3.8,9.2,-58.0,D,509.8,1747.2,-71.0,LD,2026-09-19 10:27:25.090919
2026-09-19,2026-06-01,2026-09-19,district,ASSAM & MEGHALAYA,MEGHALAYA,WEST JAINTIA HILLS,1.3,28.8,-95.0,LD,875.6,4237.2,-79.0,LD,2026-09-19 10:27:25.090919
2026-09-19,2026-06-01,2026-09-19,district,ASSAM & MEGHALAYA,MEGHALAYA,WEST KHASI HILLS,0.3,9.5,-97.0,LD,818.7,2480.7,-67.0,LD,2026-09-19 10:27:25.090919
2026-09-19,2026-06-01,2026-09-19,district,BIHAR,BIHAR,ARARIA,0.8,10.8,-93.0,LD,828.3,1282.3,-35.0,D,2026-09-19 10:27:25.090919
2026-09-19,2026-06-01,2026-09-19,district,BIHAR,BIHAR,ARWAL,0.0,4.1,-100.0,NR,470.2,659.8,-29.0,D,2026-09-19 10:27:25.090919
2026-09-19,2026-06-01,2026-09-19,district,BIHAR,BIHAR,AURANGABAD,0.0,5.4,-100.0,NR,830.8,808.4,3.0,N,2026-09-19 10:27:25.090919
2026-09-19,2026-06-01,2026-09-19,district,BIHAR,BIHAR,BANKA,0.0,6.2,-100.0,NR,523.7,787.7,-34.0,D,2026-09-19 10:27:25.090919
2026-09-19,2026-06-01,2026-09-19,district,BIHAR,BIHAR,BEGUSARAI,6.6,3.7,77.0,LE,570.0,923.4,-38.0,D,2026-09-19 10:27:25.090919
2026-09-19,2026-06-01,2026-09-19,district,BIHAR,BIHAR,BHABUA,11.5,4.5,156.0,LE,511.4,834.8,-39.0,D,2026-09-19 10:27:25.090919
2026-09-19,2026-06-01,2026-09-19,district,BIHAR,BIHAR,BHAGALPUR,0.4,8.0,-95.0,LD,416.2,878.9,-53.0,D,2026-09-19 10:27:25.090919
2026-09-19,2026-06-01,2026-09-19,district,BIHAR,BIHAR,BHOJPUR,5.5,6.5,-16.0,N,505.0,834.5,-39.0,D,2026-09-19 10:27:25.090919
2026-09-19,2026-06-01,2026-09-19,district,BIHAR,BIHAR,BUXAR,16.8,4.7,258.0,LE,672.0,743.8,-10.0,N,2026-09-19 10:27:25.090919
2026-09-19,2026-06-01,2026-09-19,district,BIHAR,BIHAR,DARBHANGA,0.4,3.8,-91.0,LD,413.1,826.5,-50.0,D,2026-09-19 10:27:25.090919
2026-09-19,2026-06-01,2026-09-19,district,BIHAR,BIHAR,EAST CHAMPARAN,1.3,3.9,-67.0,LD,531.0,980.8,-46.0,D,2026-09-19 10:27:25.090919
2026-09-19,2026-06-01,2026-09-19,district,BIHAR,BIHAR,GAYA,0.4,4.8,-92.0,LD,603.4,775.2,-22.0,D,2026-09-19 10:27:25.090919
2026-09-19,2026-06-01,2026-09-19,district,BIHAR,BIHAR,GOPALGANJ,0.3,6.1,-96.0,LD,528.7,910.0,-42.0,D,2026-09-19 10:27:25.090919
2026-09-19,2026-06-01,2026-09-19,district,BIHAR,BIHAR,JAHANABAD,0.5,4.1,-87.0,LD,317.7,770.4,-59.0,D,2026-09-19 10:27:25.090919
2026-09-19,2026-06-01,2026-09-19,district,BIHAR,BIHAR,JAMUI,0.0,6.0,-100.0,NR,487.9,844.5,-42.0,D,2026-09-19 10:27:25.090919
2026-09-19,2026-06-01,2026-09-19,district,BIHAR,BIHAR,KATIHAR,1.6,7.1,-78.0,LD,624.4,972.1,-36.0,D,2026-09-19 10:27:25.090919
2026-09-19,2026-06-01,2026-09-19,district,BIHAR,BIHAR,KHAGARIA,7.0,4.7,49.0,E,789.9,885.1,-11.0,N,2026-09-19 10:27:25.090919
2026-09-19,2026-06-01,2026-09-19,district,BIHAR,BIHAR,KISHANGANJ,8.6,11.1,-22.0,D,1124.0,1629.7,-31.0,D,2026-09-19 10:27:25.090919
2026-09-19,2026-06-01,2026-09-19,district,BIHAR,BIHAR,LAKHISARAI,0.0,14.0,-100.0,NR,677.0,773.6,-12.0,N,2026-09-19 10:27:25.090919
2026-09-19,2026-06-01,2026-09-19,district,BIHAR,BIHAR,MADHEPURA,0.4,5.9,-92.0,LD,614.9,962.6,-36.0,D,2026-09-19 10:27:25.090919
2026-09-19,2026-06-01,2026-09-19,district,BIHAR,BIHAR,MADHUBANI,2.0,4.7,-57.0,D,532.4,906.3,-41.0,D,2026-09-19 10:27:25.090919
2026-09-19,2026-06-01,2026-09-19,district,BIHAR,BIHAR,MUNGER,0.0,7.2,-100.0,NR,644.2,932.8,-31.0,D,2026-09-19 10:27:25.090919
2026-09-19,2026-06-01,2026-09-19,district,BIHAR,BIHAR,MUZAFFARPUR,1.4,2.8,-51.0,D,459.0,892.7,-49.0,D,2026-09-19 10:27:25.090919
2026-09-19,2026-06-01,2026-09-19,district,BIHAR,BIHAR,NALANDA,0.0,4.5,-100.0,NR,481.4,793.5,-39.0,D,2026-09-19 10:27:25.090919
2026-09-19,2026-06-01,2026-09-19,district,BIHAR,BIHAR,NAWADA,0.1,5.9,-98.0,LD,576.2,761.6,-24.0,D,2026-09-19 10:27:25.090919
2026-09-19,2026-06-01,2026-09-19,district,BIHAR,BIHAR,PATNA,0.1,5.8,-99.0,LD,447.4,824.9,-46.0,D,2026-09-19 10:27:25.090919
2026-09-19,2026-06-01,2026-09-19,district,BIHAR,BIHAR,PURNEA,4.3,10.6,-59.0,D,746.0,1304.9,-43.0,D,2026-09-19 10:27:25.090919
2026-09-19,2026-06-01,2026-09-19,district,BIHAR,BIHAR,ROHTAS,3.1,4.6,-32.0,D,605.3,797.3,-24.0,D,2026-09-19 10:27:25.090919
2026-09-19,2026-06-01,2026-09-19,district,BIHAR,BIHAR,SAHARSA,2.7,5.8,-53.0,D,512.4,998.5,-49.0,D,2026-09-19 10:27:25.090919
2026-09-19,2026-06-01,2026-09-19,district,BIHAR,BIHAR,SAMASTIPUR,10.3,4.8,114.0,LE,473.2,856.7,-45.0,D,2026-09-19 10:27:25.090919
2026-09-19,2026-06-01,2026-09-19,district,BIHAR,BIHAR,SARAN,0.0,3.4,-100.0,NR,435.5,844.2,-48.0,D,2026-09-19 10:27:25.090919
2026-09-19,2026-06-01,2026-09-19,district,BIHAR,BIHAR,SHEIKHPURA,0.0,4.7,-100.0,NR,493.6,752.6,-34.0,D,2026-09-19 10:27:25.090919
2026-09-19,2026-06-01,2026-09-19,district,BIHAR,BIHAR,SHEOHAR,0.0,6.1,-100.0,NR,344.9,938.2,-63.0,LD,2026-09-19 10:27:25.090919
2026-09-19,2026-06-01,2026-09-19,district,BIHAR,BIHAR,SITAMARHI,0.1,3.8,-98.0,LD,408.6,994.4,-59.0,D,2026-09-19 10:27:25.090919
2026-09-19,2026-06-01,2026-09-19,district,BIHAR,BIHAR,SIWAN,0.6,5.1,-88.0,LD,731.3,847.4,-14.0,N,2026-09-19 10:27:25.090919
2026-09-19,2026-06-01,2026-09-19,district,BIHAR,BIHAR,SUPAUL,0.0,6.9,-100.0,NR,721.6,1004.5,-28.0,D,2026-09-19 10:27:25.090919
2026-09-19,2026-06-01,2026-09-19,district,BIHAR,BIHAR,VAISHALI,0.2,3.6,-94.0,LD,482.2,836.5,-42.0,D,2026-09-19 10:27:25.090919
2026-09-19,2026-06-01,2026-09-19,district,BIHAR,BIHAR,WEST CHAMPARAN,3.0,7.0,-57.0,D,696.9,1161.2,-40.0,D,2026-09-19 10:27:25.090919
2026-09-19,2026-06-01,2026-09-19,district,CHHATTISGARH,CHHATTISGARH,BALOD,5.1,6.1,-17.0,N,1058.0,975.0,9.0,N,2026-09-19 10:27:25.090919
2026-09-19,2026-06-01,2026-09-19,district,CHHATTISGARH,CHHATTISGARH,BALODA BAZAR,1.0,6.6,-85.0,LD,1001.1,884.8,13.0,N,2026-09-19 10:27:25.090919
2026-09-19,2026-06-01,2026-09-19,district,CHHATTISGARH,CHHATTISGARH,BALRAMPUR,0.7,5.7,-88.0,LD,1485.8,946.1,57.0,E,2026-09-19 10:27:25.090919
2026-09-19,2026-06-01,2026-09-19,district,CHHATTISGARH,CHHATTISGARH,BASTAR,0.1,9.1,-99.0,LD,1027.1,1110.9,-8.0,N,2026-09-19 10:27:25.090919
2026-09-19,2026-06-01,2026-09-19,district,CHHATTISGARH,CHHATTISGARH,BEMETARA,1.1,7.5,-85.0,LD,568.9,992.8,-43.0,D,2026-09-19 10:27:25.090919
2026-09-19,2026-06-01,2026-09-19,district,CHHATTISGARH,CHHATTISGARH,BIJAPUR,0.8,6.4,-87.0,LD,1328.7,1313.2,1.0,N,2026-09-19 10:27:25.090919
2026-09-19,2026-06-01,2026-09-19,district,CHHATTISGARH,CHHATTISGARH,BILASPUR,0.4,7.6,-94.0,LD,967.5,1006.2,-4.0,N,2026-09-19 10:27:25.090919
2026-09-19,2026-06-01,2026-09-19,district,CHHATTISGARH,CHHATTISGARH,DANTEWADA,0.0,6.7,-100.0,NR,1056.3,1240.1,-15.0,N,2026-09-19 10:27:25.090919
2026-09-19,2026-06-01,2026-09-19,district,CHHATTISGARH,CHHATTISGARH,DHAMTARI,2.6,7.6,-66.0,LD,1057.1,1011.2,5.0,N,2026-09-19 10:27:25.090919
2026-09-19,2026-06-01,2026-09-19,district,CHHATTISGARH,CHHATTISGARH,DURG,4.8,7.5,-36.0,D,766.5,933.1,-18.0,N,2026-09-19 10:27:25.090919
2026-09-19,2026-06-01,2026-09-19,district,CHHATTISGARH,CHHATTISGARH,GARIABAND,4.8,4.6,5.0,N,1152.4,1010.9,14.0,N,2026-09-19 10:27:25.090919
2026-09-19,2026-06-01,2026-09-19,district,CHHATTISGARH,CHHATTISGARH,GAURELA PENDRA MARWAHI,2.3,8.6,-73.0,LD,913.9,1046.8,-13.0,N,2026-09-19 10:27:25.090919
2026-09-19,2026-06-01,2026-09-19,district,CHHATTISGARH,CHHATTISGARH,JANJGIR,0.0,11.0,-99.0,LD,1113.2,1048.2,6.0,N,2026-09-19 10:27:25.090919
2026-09-19,2026-06-01,2026-09-19,district,CHHATTISGARH,CHHATTISGARH,JASHPUR,5.4,10.3,-48.0,D,805.8,1286.4,-37.0,D,2026-09-19 10:27:25.090919
2026-09-19,2026-06-01,2026-09-19,district,CHHATTISGARH,CHHATTISGARH,KABIRDHAM,4.2,6.6,-37.0,D,643.7,818.7,-21.0,D,2026-09-19 10:27:25.090919
2026-09-19,2026-06-01,2026-09-19,district,CHHATTISGARH,CHHATTISGARH,KANKER,15.4,7.0,119.0,LE,871.0,1268.4,-31.0,D,2026-09-19 10:27:25.090919
2026-09-19,2026-06-01,2026-09-19,district,CHHATTISGARH,CHHATTISGARH,KHAIRAGARH CHH GANDAI,9.4,4.1,129.0,LE,698.6,697.7,0.0,N,2026-09-19 10:27:25.090919
2026-09-19,2026-06-01,2026-09-19,district,CHHATTISGARH,CHHATTISGARH,KONDAGAON,5.7,6.6,-13.0,N,941.7,1121.6,-16.0,N,2026-09-19 10:27:25.090919
2026-09-19,2026-06-01,2026-09-19,district,CHHATTISGARH,CHHATTISGARH,KORBA,0.2,10.9,-98.0,LD,1059.4,1207.9,-12.0,N,2026-09-19 10:27:25.090919
2026-09-19,2026-06-01,2026-09-19,district,CHHATTISGARH,CHHATTISGARH,KORIYA,2.6,3.6,-28.0,D,892.5,1056.8,-16.0,N,2026-09-19 10:27:25.090919
2026-09-19,2026-06-01,2026-09-19,district,CHHATTISGARH,CHHATTISGARH,MAHASAMUND,0.9,5.7,-85.0,LD,1127.2,1014.9,11.0,N,2026-09-19 10:27:25.090919
2026-09-19,2026-06-01,2026-09-19,district,CHHATTISGARH,CHHATTISGARH,MANENDRAGARH BHARATPUR,5.1,3.6,41.0,E,1130.4,1056.7,7.0,N,2026-09-19 10:27:25.090919
2026-09-19,2026-06-01,2026-09-19,district,CHHATTISGARH,CHHATTISGARH,MOHALA MANPUR CHOWKI,17.3,4.2,311.0,LE,861.0,979.0,-12.0,N,2026-09-19 10:27:25.090919
2026-09-19,2026-06-01,2026-09-19,district,CHHATTISGARH,CHHATTISGARH,MUNGELI,12.6,7.8,61.0,LE,1114.8,903.0,23.0,E,2026-09-19 10:27:25.090919
2026-09-19,2026-06-01,2026-09-19,district,CHHATTISGARH,CHHATTISGARH,NARAYANPUR,16.5,6.2,166.0,LE,1371.7,1176.1,17.0,N,2026-09-19 10:27:25.090919
2026-09-19,2026-06-01,2026-09-19,district,CHHATTISGARH,CHHATTISGARH,RAIGARH,1.7,6.2,-72.0,LD,958.8,1138.6,-16.0,N,2026-09-19 10:27:25.090919
2026-09-19,2026-06-01,2026-09-19,district,CHHATTISGARH,CHHATTISGARH,RAIPUR,7.3,8.7,-16.0,N,1113.1,968.3,15.0,N,2026-09-19 10:27:25.090919
2026-09-19,2026-06-01,2026-09-19,district,CHHATTISGARH,CHHATTISGARH,RAJNANDGAON,6.8,7.1,-4.0,N,838.5,982.0,-15.0,N,2026-09-19 10:27:25.090919
2026-09-19,2026-06-01,2026-09-19,district,CHHATTISGARH,CHHATTISGARH,SAKTI,0.1,5.6,-98.0,LD,936.2,1067.4,-12.0,N,2026-09-19 10:27:25.090919
2026-09-19,2026-06-01,2026-09-19,district,CHHATTISGARH,CHHATTISGARH,SARANGARH BILAIGARH,0.2,5.2,-97.0,LD,1124.9,889.7,26.0,E,2026-09-19 10:27:25.090919
2026-09-19,2026-06-01,2026-09-19,district,CHHATTISGARH,CHHATTISGARH,SUKMA,4.6,10.7,-57.0,D,981.2,1146.0,-14.0,N,2026-09-19 10:27:25.090919
2026-09-19,2026-06-01,2026-09-19,district,CHHATTISGARH,CHHATTISGARH,SURAJPUR,0.2,7.3,-98.0,LD,1176.4,1143.3,3.0,N,2026-09-19 10:27:25.090919
2026-09-19,2026-06-01,2026-09-19,district,CHHATTISGARH,CHHATTISGARH,SURGUJA,0.8,7.3,-90.0,LD,653.3,1118.1,-42.0,D,2026-09-19 10:27:25.090919
2026-09-19,2026-06-01,2026-09-19,district,COASTAL A. P. & YANAM,ANDHRA PRADESH,ANAKAPALLI,3.4,7.2,-53.0,D,349.8,570.7,-39.0,D,2026-09-19 10:27:25.090919
2026-09-19,2026-06-01,2026-09-19,district,COASTAL A. P. & YANAM,ANDHRA PRADESH,BAPATLA,11.2,7.4,52.0,E,273.1,491.9,-44.0,D,2026-09-19 10:27:25.090919
2026-09-19,2026-06-01,2026-09-19,district,COASTAL A. P. & YANAM,ANDHRA PRADESH,DR B R AMBEDKAR KONASEEMA,0.0,9.4,-100.0,NR,565.4,704.7,-20.0,D,2026-09-19 10:27:25.090919
2026-09-19,2026-06-01,2026-09-19,district,COASTAL A. P. & YANAM,ANDHRA PRADESH,EAST GODAVARI,0.0,8.2,-100.0,NR,370.6,663.8,-44.0,D,2026-09-19 10:27:25.090919
2026-09-19,2026-06-01,2026-09-19,district,COASTAL A. P. & YANAM,ANDHRA PRADESH,ELURU,0.0,7.1,-100.0,NR,481.9,787.3,-39.0,D,2026-09-19 10:27:25.090919
2026-09-19,2026-06-01,2026-09-19,district,COASTAL A. P. & YANAM,ANDHRA PRADESH,GUNTUR,1.5,7.3,-79.0,LD,442.7,534.1,-17.0,N,2026-09-19 10:27:25.090919
2026-09-19,2026-06-01,2026-09-19,district,COASTAL A. P. & YANAM,ANDHRA PRADESH,KAKINADA,1.5,8.3,-82.0,LD,368.0,592.2,-38.0,D,2026-09-19 10:27:25.090919
2026-09-19,2026-06-01,2026-09-19,district,COASTAL A. P. & YANAM,ANDHRA PRADESH,KRISHNA,0.0,8.6,-100.0,NR,384.1,597.6,-36.0,D,2026-09-19 10:27:25.090919
2026-09-19,2026-06-01,2026-09-19,district,COASTAL A. P. & YANAM,ANDHRA PRADESH,NTR DISTRICT,0.0,7.4,-100.0,NR,403.0,647.4,-38.0,D,2026-09-19 10:27:25.090919
2026-09-19,2026-06-01,2026-09-19,district,COASTAL A. P. & YANAM,ANDHRA PRADESH,PALNADU,0.0,9.2,-99.0,LD,298.3,487.6,-39.0,D,2026-09-19 10:27:25.090919
2026-09-19,2026-06-01,2026-09-19,district,COASTAL A. P. & YANAM,ANDHRA PRADESH,PARVATHIPURAM MANYAM,3.2,10.1,-69.0,LD,445.4,730.9,-39.0,D,2026-09-19 10:27:25.090919
2026-09-19,2026-06-01,2026-09-19,district,COASTAL A. P. & YANAM,ANDHRA PRADESH,PRAKASAM,9.4,4.9,92.0,LE,140.5,318.8,-56.0,D,2026-09-19 10:27:25.090919
2026-09-19,2026-06-01,2026-09-19,district,COASTAL A. P. & YANAM,ANDHRA PRADESH,SPSR NELLORE,10.2,6.1,67.0,LE,184.1,286.9,-36.0,D,2026-09-19 10:27:25.090919
2026-09-19,2026-06-01,2026-09-19,district,COASTAL A. P. & YANAM,ANDHRA PRADESH,SRI ALLURI SITHARAMARAJU DISTRICT,0.8,6.6,-87.0,LD,432.9,841.2,-49.0,D,2026-09-19 10:27:25.090919
2026-09-19,2026-06-01,2026-09-19,district,COASTAL A. P. & YANAM,ANDHRA PRADESH,SRIKAKULAM,4.5,11.7,-62.0,LD,432.2,655.4,-34.0,D,2026-09-19 10:27:25.090919
2026-09-19,2026-06-01,2026-09-19,district,COASTAL A. P. & YANAM,ANDHRA PRADESH,VISHAKHAPATNAM,0.7,8.6,-92.0,LD,298.2,505.7,-41.0,D,2026-09-19 10:27:25.090919
2026-09-19,2026-06-01,2026-09-19,district,COASTAL A. P. & YANAM,ANDHRA PRADESH,VIZIANAGARAM,10.1,9.6,5.0,N,426.6,630.1,-32.0,D,2026-09-19 10:27:25.090919
2026-09-19,2026-06-01,2026-09-19,district,COASTAL A. P. & YANAM,ANDHRA PRADESH,WEST GODAVARI,0.0,7.5,-100.0,NR,407.4,669.3,-39.0,D,2026-09-19 10:27:25.090919
2026-09-19,2026-06-01,2026-09-19,district,COASTAL A. P. & YANAM,PUDUCHERRY (UT),YANAM,0.0,10.1,-100.0,NR,431.2,667.5,-35.0,D,2026-09-19 10:27:25.090919
2026-09-19,2026-06-01,2026-09-19,district,COASTAL KARNATAKA,KARNATAKA,DAKSHINA KANNADA,2.4,10.2,-76.0,LD,2464.1,3222.1,-24.0,D,2026-09-19 10:27:25.090919
2026-09-19,2026-06-01,2026-09-19,district,COASTAL KARNATAKA,KARNATAKA,UDUPI,0.0,9.9,-100.0,NR,2562.9,3644.4,-30.0,D,2026-09-19 10:27:25.090919
2026-09-19,2026-06-01,2026-09-19,district,COASTAL KARNATAKA,KARNATAKA,UTTARA KANNADA,0.1,8.3,-98.0,LD,1865.1,2660.9,-30.0,D,2026-09-19 10:27:25.090919
2026-09-19,2026-06-01,2026-09-19,district,EAST MADHYA PRADESH,MADHYA PRADESH,ANUPPUR,10.9,7.8,39.0,E,1028.2,956.7,7.0,N,2026-09-19 10:27:25.090919
2026-09-19,2026-06-01,2026-09-19,district,EAST MADHYA PRADESH,MADHYA PRADESH,BALAGHAT,2.3,5.5,-59.0,D,1071.3,1191.8,-10.0,N,2026-09-19 10:27:25.090919
2026-09-19,2026-06-01,2026-09-19,district,EAST MADHYA PRADESH,MADHYA PRADESH,CHHATARPUR,0.0,5.0,-100.0,NR,952.5,913.2,4.0,N,2026-09-19 10:27:25.090919
2026-09-19,2026-06-01,2026-09-19,district,EAST MADHYA PRADESH,MADHYA PRADESH,CHHINDWARA,17.0,4.9,246.0,LE,751.1,992.2,-24.0,D,2026-09-19 10:27:25.090919
2026-09-19,2026-06-01,2026-09-19,district,EAST MADHYA PRADESH,MADHYA PRADESH,DAMOH,2.8,7.8,-64.0,LD,949.3,1057.4,-10.0,N,2026-09-19 10:27:25.090919
2026-09-19,2026-06-01,2026-09-19,district,EAST MADHYA PRADESH,MADHYA PRADESH,DINDORI,7.2,3.8,89.0,LE,1038.5,1148.4,-10.0,N,2026-09-19 10:27:25.090919
2026-09-19,2026-06-01,2026-09-19,district,EAST MADHYA PRADESH,MADHYA PRADESH,JABALPUR,6.1,7.4,-17.0,N,908.4,1095.5,-17.0,N,2026-09-19 10:27:25.090919
2026-09-19,2026-06-01,2026-09-19,district,EAST MADHYA PRADESH,MADHYA PRADESH,KATNI,1.8,6.3,-71.0,LD,835.1,915.5,-9.0,N,2026-09-19 10:27:25.090919
2026-09-19,2026-06-01,2026-09-19,district,EAST MADHYA PRADESH,MADHYA PRADESH,MAIHAR,18.1,6.6,174.0,LE,1073.3,940.0,14.0,N,2026-09-19 10:27:25.090919
2026-09-19,2026-06-01,2026-09-19,district,EAST MADHYA PRADESH,MADHYA PRADESH,MANDLA,3.0,8.5,-64.0,LD,1089.5,1162.3,-6.0,N,2026-09-19 10:27:25.090919
2026-09-19,2026-06-01,2026-09-19,district,EAST MADHYA PRADESH,MADHYA PRADESH,MAUGANJ,14.4,6.0,140.0,LE,1414.4,938.0,51.0,E,2026-09-19 10:27:25.090919
2026-09-19,2026-06-01,2026-09-19,district,EAST MADHYA PRADESH,MADHYA PRADESH,NARSINGHPUR,4.6,5.2,-12.0,N,917.2,1014.6,-10.0,N,2026-09-19 10:27:25.090919
2026-09-19,2026-06-01,2026-09-19,district,EAST MADHYA PRADESH,MADHYA PRADESH,NIWARI,0.0,2.3,-100.0,NR,1179.3,757.6,56.0,E,2026-09-19 10:27:25.090919
2026-09-19,2026-06-01,2026-09-19,district,EAST MADHYA PRADESH,MADHYA PRADESH,PANDHURNA,2.1,3.6,-43.0,D,617.1,759.4,-19.0,N,2026-09-19 10:27:25.090919
2026-09-19,2026-06-01,2026-09-19,district,EAST MADHYA PRADESH,MADHYA PRADESH,PANNA,0.0,6.9,-100.0,NR,1078.8,1056.0,2.0,N,2026-09-19 10:27:25.090919
2026-09-19,2026-06-01,2026-09-19,district,EAST MADHYA PRADESH,MADHYA PRADESH,REWA,1.0,5.7,-82.0,LD,800.1,953.3,-16.0,N,2026-09-19 10:27:25.090919
2026-09-19,2026-06-01,2026-09-19,district,EAST MADHYA PRADESH,MADHYA PRADESH,SAGAR,10.4,5.9,77.0,LE,869.2,1030.5,-16.0,N,2026-09-19 10:27:25.090919
2026-09-19,2026-06-01,2026-09-19,district,EAST MADHYA PRADESH,MADHYA PRADESH,SATNA,7.0,3.8,83.0,LE,1310.4,908.0,44.0,E,2026-09-19 10:27:25.090919
2026-09-19,2026-06-01,2026-09-19,district,EAST MADHYA PRADESH,MADHYA PRADESH,SEONI,7.3,5.7,29.0,E,813.3,981.7,-17.0,N,2026-09-19 10:27:25.090919
2026-09-19,2026-06-01,2026-09-19,district,EAST MADHYA PRADESH,MADHYA PRADESH,SHAHDOL,1.6,4.9,-68.0,LD,1114.0,956.3,16.0,N,2026-09-19 10:27:25.090919
2026-09-19,2026-06-01,2026-09-19,district,EAST MADHYA PRADESH,MADHYA PRADESH,SIDHI,2.7,4.5,-40.0,D,1129.4,1003.6,13.0,N,2026-09-19 10:27:25.090919
2026-09-19,2026-06-01,2026-09-19,district,EAST MADHYA PRADESH,MADHYA PRADESH,SINGRAULI,3.6,4.9,-26.0,D,1071.4,992.2,8.0,N,2026-09-19 10:27:25.090919
2026-09-19,2026-06-01,2026-09-19,district,EAST MADHYA PRADESH,MADHYA PRADESH,TIKAMGARH,0.0,3.6,-100.0,NR,917.0,883.8,4.0,N,2026-09-19 10:27:25.090919
2026-09-19,2026-06-01,2026-09-19,district,EAST MADHYA PRADESH,MADHYA PRADESH,UMARIA,7.9,4.4,81.0,LE,1093.8,1041.3,5.0,N,2026-09-19 10:27:25.090919
2026-09-19,2026-06-01,2026-09-19,district,EAST RAJASTHAN,RAJASTHAN,AJMER,0.2,0.7,-79.0,LD,374.3,444.5,-16.0,N,2026-09-19 10:27:25.090919
2026-09-19,2026-06-01,2026-09-19,district,EAST RAJASTHAN,RAJASTHAN,ALWAR,0.2,2.9,-94.0,LD,506.0,530.1,-5.0,N,2026-09-19 10:27:25.090919
2026-09-19,2026-06-01,2026-09-19,district,EAST RAJASTHAN,RAJASTHAN,BANSWARA,75.6,2.7,2702.0,LE,521.3,855.0,-39.0,D,2026-09-19 10:27:25.090919
2026-09-19,2026-06-01,2026-09-19,district,EAST RAJASTHAN,RAJASTHAN,BARAN,11.1,3.0,271.0,LE,672.1,813.8,-17.0,N,2026-09-19 10:27:25.090919
2026-09-19,2026-06-01,2026-09-19,district,EAST RAJASTHAN,RAJASTHAN,BHARATPUR,0.0,2.2,-100.0,NR,675.0,527.9,28.0,E,2026-09-19 10:27:25.090919
2026-09-19,2026-06-01,2026-09-19,district,EAST RAJASTHAN,RAJASTHAN,BHILWARA,1.1,1.0,8.0,N,426.0,587.4,-27.0,D,2026-09-19 10:27:25.090919
2026-09-19,2026-06-01,2026-09-19,district,EAST RAJASTHAN,RAJASTHAN,BUNDI,1.7,1.5,11.0,N,546.9,631.3,-13.0,N,2026-09-19 10:27:25.090919
2026-09-19,2026-06-01,2026-09-19,district,EAST RAJASTHAN,RAJASTHAN,CHITTORGARH,6.5,1.9,244.0,LE,549.4,707.2,-22.0,D,2026-09-19 10:27:25.090919
2026-09-19,2026-06-01,2026-09-19,district,EAST RAJASTHAN,RAJASTHAN,DAUSA,0.0,2.5,-100.0,NR,642.6,581.3,11.0,N,2026-09-19 10:27:25.090919
2026-09-19,2026-06-01,2026-09-19,district,EAST RAJASTHAN,RAJASTHAN,DHOLPUR,0.0,1.5,-100.0,NR,736.3,570.5,29.0,E,2026-09-19 10:27:25.090919
2026-09-19,2026-06-01,2026-09-19,district,EAST RAJASTHAN,RAJASTHAN,DUNGARPUR,23.3,1.8,1196.0,LE,508.3,681.3,-25.0,D,2026-09-19 10:27:25.090919
2026-09-19,2026-06-01,2026-09-19,district,EAST RAJASTHAN,RAJASTHAN,JAIPUR,0.0,1.4,-100.0,NR,406.7,511.6,-20.0,D,2026-09-19 10:27:25.090919
2026-09-19,2026-06-01,2026-09-19,district,EAST RAJASTHAN,RAJASTHAN,JHALAWAR,36.2,2.0,1710.0,LE,805.1,858.9,-6.0,N,2026-09-19 10:27:25.090919
2026-09-19,2026-06-01,2026-09-19,district,EAST RAJASTHAN,RAJASTHAN,JHUNJHUNU,0.8,1.1,-32.0,D,410.0,395.6,4.0,N,2026-09-19 10:27:25.090919
2026-09-19,2026-06-01,2026-09-19,district,EAST RAJASTHAN,RAJASTHAN,KARAULI,0.0,2.3,-100.0,NR,544.2,584.1,-7.0,N,2026-09-19 10:27:25.090919
2026-09-19,2026-06-01,2026-09-19,district,EAST RAJASTHAN,RAJASTHAN,KOTA,4.2,1.3,225.0,LE,557.7,716.5,-22.0,D,2026-09-19 10:27:25.090919
2026-09-19,2026-06-01,2026-09-19,district,EAST RAJASTHAN,RAJASTHAN,PRATAPGARH,87.6,1.8,4767.0,LE,802.7,883.8,-9.0,N,2026-09-19 10:27:25.090919
2026-09-19,2026-06-01,2026-09-19,district,EAST RAJASTHAN,RAJASTHAN,RAJSAMAND,1.3,1.9,-32.0,D,354.4,519.1,-32.0,D,2026-09-19 10:27:25.090919
2026-09-19,2026-06-01,2026-09-19,district,EAST RAJASTHAN,RAJASTHAN,SAWAI MADHOPUR,0.0,1.3,-100.0,NR,560.4,648.3,-14.0,N,2026-09-19 10:27:25.090919
2026-09-19,2026-06-01,2026-09-19,district,EAST RAJASTHAN,RAJASTHAN,SIKAR,1.3,0.6,108.0,LE,368.8,396.1,-7.0,N,2026-09-19 10:27:25.090919
2026-09-19,2026-06-01,2026-09-19,district,EAST RAJASTHAN,RAJASTHAN,SIROHI,1.7,2.7,-38.0,D,463.6,850.9,-46.0,D,2026-09-19 10:27:25.090919
2026-09-19,2026-06-01,2026-09-19,district,EAST RAJASTHAN,RAJASTHAN,TONK,0.0,0.7,-100.0,NR,469.5,554.3,-15.0,N,2026-09-19 10:27:25.090919
2026-09-19,2026-06-01,2026-09-19,district,EAST RAJASTHAN,RAJASTHAN,UDAIPUR,5.3,3.4,55.0,E,446.6,592.1,-25.0,D,2026-09-19 10:27:25.090919
2026-09-19,2026-06-01,2026-09-19,district,EAST UTTAR PRADESH,UTTAR PRADESH,AMBEDKAR NAGAR,0.0,5.4,-100.0,NR,707.9,798.8,-11.0,N,2026-09-19 10:27:25.090919
2026-09-19,2026-06-01,2026-09-19,district,EAST UTTAR PRADESH,UTTAR PRADESH,AMETHI,0.0,6.6,-100.0,NR,369.8,637.1,-42.0,D,2026-09-19 10:27:25.090919
2026-09-19,2026-06-01,2026-09-19,district,EAST UTTAR PRADESH,UTTAR PRADESH,AYODHYA,0.0,8.0,-100.0,NR,673.8,809.6,-17.0,N,2026-09-19 10:27:25.090919
2026-09-19,2026-06-01,2026-09-19,district,EAST UTTAR PRADESH,UTTAR PRADESH,AZAMGARH,8.5,10.6,-20.0,D,620.2,797.0,-22.0,D,2026-09-19 10:27:25.090919
2026-09-19,2026-06-01,2026-09-19,district,EAST UTTAR PRADESH,UTTAR PRADESH,BAHRAICH,0.0,7.7,-100.0,NR,1031.4,933.5,10.0,N,2026-09-19 10:27:25.090919
2026-09-19,2026-06-01,2026-09-19,district,EAST UTTAR PRADESH,UTTAR PRADESH,BALLIA,13.9,5.5,152.0,LE,556.4,669.2,-17.0,N,2026-09-19 10:27:25.090919
2026-09-19,2026-06-01,2026-09-19,district,EAST UTTAR PRADESH,UTTAR PRADESH,BALRAMPUR,0.0,8.3,-100.0,NR,607.4,752.2,-19.0,N,2026-09-19 10:27:25.090919
2026-09-19,2026-06-01,2026-09-19,district,EAST UTTAR PRADESH,UTTAR PRADESH,BANDA,0.0,4.2,-100.0,NR,1138.3,739.3,54.0,E,2026-09-19 10:27:25.090919
2026-09-19,2026-06-01,2026-09-19,district,EAST UTTAR PRADESH,UTTAR PRADESH,BARABANKI,0.0,5.2,-100.0,NR,765.4,772.9,-1.0,N,2026-09-19 10:27:25.090919
2026-09-19,2026-06-01,2026-09-19,district,EAST UTTAR PRADESH,UTTAR PRADESH,BASTI,1.2,8.4,-86.0,LD,625.3,784.1,-20.0,D,2026-09-19 10:27:25.090919
2026-09-19,2026-06-01,2026-09-19,district,EAST UTTAR PRADESH,UTTAR PRADESH,BHADOHI,0.0,13.3,-100.0,NR,294.2,752.7,-61.0,LD,2026-09-19 10:27:25.090919
2026-09-19,2026-06-01,2026-09-19,district,EAST UTTAR PRADESH,UTTAR PRADESH,CHANDAULI,3.5,1.4,150.0,LE,538.0,672.6,-20.0,D,2026-09-19 10:27:25.090919
2026-09-19,2026-06-01,2026-09-19,district,EAST UTTAR PRADESH,UTTAR PRADESH,CHITRAKOOT,0.0,5.2,-100.0,NR,1247.1,748.5,67.0,LE,2026-09-19 10:27:25.090919
2026-09-19,2026-06-01,2026-09-19,district,EAST UTTAR PRADESH,UTTAR PRADESH,DEORIA,0.0,6.0,-100.0,NR,194.0,726.6,-73.0,LD,2026-09-19 10:27:25.090919
2026-09-19,2026-06-01,2026-09-19,district,EAST UTTAR PRADESH,UTTAR PRADESH,FARRUKHABAD,0.0,2.3,-100.0,NR,544.9,705.9,-23.0,D,2026-09-19 10:27:25.090919
2026-09-19,2026-06-01,2026-09-19,district,EAST UTTAR PRADESH,UTTAR PRADESH,FATEHPUR,0.0,3.2,-100.0,NR,636.5,666.9,-5.0,N,2026-09-19 10:27:25.090919
2026-09-19,2026-06-01,2026-09-19,district,EAST UTTAR PRADESH,UTTAR PRADESH,GHAZIPUR,5.5,9.6,-43.0,D,606.2,745.1,-19.0,N,2026-09-19 10:27:25.090919
2026-09-19,2026-06-01,2026-09-19,district,EAST UTTAR PRADESH,UTTAR PRADESH,GONDA,0.0,6.3,-100.0,NR,750.6,818.1,-8.0,N,2026-09-19 10:27:25.090919
2026-09-19,2026-06-01,2026-09-19,district,EAST UTTAR PRADESH,UTTAR PRADESH,GORAKHPUR,6.3,9.7,-35.0,D,763.7,1177.1,-35.0,D,2026-09-19 10:27:25.090919
2026-09-19,2026-06-01,2026-09-19,district,EAST UTTAR PRADESH,UTTAR PRADESH,HARDOI,0.0,2.8,-100.0,NR,579.4,640.4,-10.0,N,2026-09-19 10:27:25.090919
2026-09-19,2026-06-01,2026-09-19,district,EAST UTTAR PRADESH,UTTAR PRADESH,JAUNPUR,0.1,8.2,-99.0,LD,283.1,686.1,-59.0,D,2026-09-19 10:27:25.090919
2026-09-19,2026-06-01,2026-09-19,district,EAST UTTAR PRADESH,UTTAR PRADESH,KANNAUJ,1.3,4.1,-68.0,LD,828.4,645.9,28.0,E,2026-09-19 10:27:25.090919
2026-09-19,2026-06-01,2026-09-19,district,EAST UTTAR PRADESH,UTTAR PRADESH,KANPUR CITY,0.0,4.8,-100.0,NR,882.9,591.4,49.0,E,2026-09-19 10:27:25.090919
2026-09-19,2026-06-01,2026-09-19,district,EAST UTTAR PRADESH,UTTAR PRADESH,KANPUR DEHAT,0.0,3.0,-100.0,NR,199.5,552.0,-64.0,LD,2026-09-19 10:27:25.090919
2026-09-19,2026-06-01,2026-09-19,district,EAST UTTAR PRADESH,UTTAR PRADESH,KAUSHAMBI,0.0,3.3,-100.0,NR,327.7,523.1,-37.0,D,2026-09-19 10:27:25.090919
2026-09-19,2026-06-01,2026-09-19,district,EAST UTTAR PRADESH,UTTAR PRADESH,KHERI,0.0,4.4,-100.0,NR,958.4,866.8,11.0,N,2026-09-19 10:27:25.090919
2026-09-19,2026-06-01,2026-09-19,district,EAST UTTAR PRADESH,UTTAR PRADESH,KUSHI NAGAR,1.0,3.0,-67.0,LD,238.1,700.0,-66.0,LD,2026-09-19 10:27:25.090919
2026-09-19,2026-06-01,2026-09-19,district,EAST UTTAR PRADESH,UTTAR PRADESH,LUCKNOW,0.0,4.1,-100.0,NR,655.6,636.4,3.0,N,2026-09-19 10:27:25.090919
2026-09-19,2026-06-01,2026-09-19,district,EAST UTTAR PRADESH,UTTAR PRADESH,MAHARAJGANJ,0.0,2.0,-100.0,NR,745.2,938.6,-21.0,D,2026-09-19 10:27:25.090919
2026-09-19,2026-06-01,2026-09-19,district,EAST UTTAR PRADESH,UTTAR PRADESH,MAU,0.0,8.3,-100.0,NR,333.5,749.4,-55.0,D,2026-09-19 10:27:25.090919
2026-09-19,2026-06-01,2026-09-19,district,EAST UTTAR PRADESH,UTTAR PRADESH,MIRZAPUR,0.4,5.9,-93.0,LD,840.8,839.2,0.0,N,2026-09-19 10:27:25.090919
2026-09-19,2026-06-01,2026-09-19,district,EAST UTTAR PRADESH,UTTAR PRADESH,PRATAPGARH,0.0,6.4,-100.0,NR,886.8,738.2,20.0,E,2026-09-19 10:27:25.090919
2026-09-19,2026-06-01,2026-09-19,district,EAST UTTAR PRADESH,UTTAR PRADESH,PRAYAGRAJ,0.0,4.6,-100.0,NR,931.0,689.9,35.0,E,2026-09-19 10:27:25.090919
2026-09-19,2026-06-01,2026-09-19,district,EAST UTTAR PRADESH,UTTAR PRADESH,RAE BAREILLY,0.0,1.3,-100.0,NR,330.1,406.6,-19.0,N,2026-09-19 10:27:25.090919
2026-09-19,2026-06-01,2026-09-19,district,EAST UTTAR PRADESH,UTTAR PRADESH,SANT KABIR NAGAR,3.4,5.1,-34.0,D,511.9,941.6,-46.0,D,2026-09-19 10:27:25.090919
2026-09-19,2026-06-01,2026-09-19,district,EAST UTTAR PRADESH,UTTAR PRADESH,SHRAWASTI,0.0,5.5,-100.0,NR,679.9,1012.9,-33.0,D,2026-09-19 10:27:25.090919
2026-09-19,2026-06-01,2026-09-19,district,EAST UTTAR PRADESH,UTTAR PRADESH,SIDDHARTH NAGAR,0.0,6.4,-100.0,NR,624.8,985.6,-37.0,D,2026-09-19 10:27:25.090919
2026-09-19,2026-06-01,2026-09-19,district,EAST UTTAR PRADESH,UTTAR PRADESH,SITAPUR,0.0,3.0,-100.0,NR,563.9,790.8,-29.0,D,2026-09-19 10:27:25.090919
2026-09-19,2026-06-01,2026-09-19,district,EAST UTTAR PRADESH,UTTAR PRADESH,SONBHADRA,1.2,5.8,-79.0,LD,818.3,823.6,-1.0,N,2026-09-19 10:27:25.090919
2026-09-19,2026-06-01,2026-09-19,district,EAST UTTAR PRADESH,UTTAR PRADESH,SULTANPUR,1.9,3.2,-42.0,D,781.0,777.7,0.0,N,2026-09-19 10:27:25.090919
2026-09-19,2026-06-01,2026-09-19,district,EAST UTTAR PRADESH,UTTAR PRADESH,UNNAO,0.0,4.6,-100.0,NR,440.6,621.7,-29.0,D,2026-09-19 10:27:25.090919
2026-09-19,2026-06-01,2026-09-19,district,EAST UTTAR PRADESH,UTTAR PRADESH,VARANASI,11.5,8.6,33.0,E,904.3,768.6,18.0,N,2026-09-19 10:27:25.090919
2026-09-19,2026-06-01,2026-09-19,district,GANGETIC WEST BENGAL,WEST BENGAL,BANKURA,8.7,6.8,28.0,E,1093.1,1071.3,2.0,N,2026-09-19 10:27:25.090919
2026-09-19,2026-06-01,2026-09-19,district,GANGETIC WEST BENGAL,WEST BENGAL,BIRBHUM,0.5,14.0,-97.0,LD,876.7,1027.4,-15.0,N,2026-09-19 10:27:25.090919
2026-09-19,2026-06-01,2026-09-19,district,GANGETIC WEST BENGAL,WEST BENGAL,EAST MIDNAPORE,0.0,8.5,-100.0,NR,1716.3,1164.8,47.0,E,2026-09-19 10:27:25.090919
2026-09-19,2026-06-01,2026-09-19,district,GANGETIC WEST BENGAL,WEST BENGAL,HOOGHLY,5.6,9.2,-39.0,D,971.8,958.8,1.0,N,2026-09-19 10:27:25.090919
2026-09-19,2026-06-01,2026-09-19,district,GANGETIC WEST BENGAL,WEST BENGAL,HOWRAH,0.6,6.5,-91.0,LD,1191.5,1066.1,12.0,N,2026-09-19 10:27:25.090919
2026-09-19,2026-06-01,2026-09-19,district,GANGETIC WEST BENGAL,WEST BENGAL,JHARGRAM,7.5,10.6,-30.0,D,1027.0,1077.2,-5.0,N,2026-09-19 10:27:25.090919
2026-09-19,2026-06-01,2026-09-19,district,GANGETIC WEST BENGAL,WEST BENGAL,KOLKATA,32.6,7.7,323.0,LE,1534.1,1216.9,26.0,E,2026-09-19 10:27:25.090919
2026-09-19,2026-06-01,2026-09-19,district,GANGETIC WEST BENGAL,WEST BENGAL,MURSHIDABAD,12.1,10.8,12.0,N,777.5,906.9,-14.0,N,2026-09-19 10:27:25.090919
2026-09-19,2026-06-01,2026-09-19,district,GANGETIC WEST BENGAL,WEST BENGAL,NADIA,0.0,13.8,-100.0,NR,690.1,864.4,-20.0,D,2026-09-19 10:27:25.090919
2026-09-19,2026-06-01,2026-09-19,district,GANGETIC WEST BENGAL,WEST BENGAL,NORTH 24 PARGANAS,3.3,9.5,-66.0,LD,1340.7,1048.8,28.0,E,2026-09-19 10:27:25.090919
2026-09-19,2026-06-01,2026-09-19,district,GANGETIC WEST BENGAL,WEST BENGAL,PASCHIM BARDHAMAN,1.7,5.2,-68.0,LD,1112.7,1005.8,11.0,N,2026-09-19 10:27:25.090919
2026-09-19,2026-06-01,2026-09-19,district,GANGETIC WEST BENGAL,WEST BENGAL,PURBA BARDHAMAN,0.8,5.9,-86.0,LD,888.0,946.8,-6.0,N,2026-09-19 10:27:25.090919
2026-09-19,2026-06-01,2026-09-19,district,GANGETIC WEST BENGAL,WEST BENGAL,PURULIA,0.1,6.6,-99.0,LD,842.9,1018.1,-17.0,N,2026-09-19 10:27:25.090919
2026-09-19,2026-06-01,2026-09-19,district,GANGETIC WEST BENGAL,WEST BENGAL,SOUTH 24 PARGANAS,0.8,7.0,-89.0,LD,1454.4,1319.6,10.0,N,2026-09-19 10:27:25.090919
2026-09-19,2026-06-01,2026-09-19,district,GANGETIC WEST BENGAL,WEST BENGAL,WEST MIDNAPORE,0.0,10.6,-100.0,NR,1372.0,1077.2,27.0,E,2026-09-19 10:27:25.090919
2026-09-19,2026-06-01,2026-09-19,district,GUJARAT REGION,DADRA & NAGAR HAVELI AND DAMAN & DIU (UT),DADARA & NAGAR HAVELI,5.4,15.0,-64.0,LD,3138.3,2192.7,43.0,E,2026-09-19 10:27:25.090919
2026-09-19,2026-06-01,2026-09-19,district,GUJARAT REGION,DADRA & NAGAR HAVELI AND DAMAN & DIU (UT),DAMAN,9.6,15.0,-36.0,D,2798.3,2192.7,28.0,E,2026-09-19 10:27:25.090919
2026-09-19,2026-06-01,2026-09-19,district,GUJARAT REGION,GUJARAT,AHMEDABAD,16.4,2.6,531.0,LE,662.6,633.5,5.0,N,2026-09-19 10:27:25.090919
2026-09-19,2026-06-01,2026-09-19,district,GUJARAT REGION,GUJARAT,ANAND,21.0,4.7,347.0,LE,884.6,793.5,11.0,N,2026-09-19 10:27:25.090919
2026-09-19,2026-06-01,2026-09-19,district,GUJARAT REGION,GUJARAT,ARAVALLI,13.1,3.9,237.0,LE,535.7,814.4,-34.0,D,2026-09-19 10:27:25.090919
2026-09-19,2026-06-01,2026-09-19,district,GUJARAT REGION,GUJARAT,BANASKANTHA,8.7,1.9,356.0,LE,440.6,580.7,-24.0,D,2026-09-19 10:27:25.090919
2026-09-19,2026-06-01,2026-09-19,district,GUJARAT REGION,GUJARAT,BHARUCH,9.9,4.6,115.0,LE,922.5,687.2,34.0,E,2026-09-19 10:27:25.090919
2026-09-19,2026-06-01,2026-09-19,district,GUJARAT REGION,GUJARAT,CHHOTA UDEPUR,20.8,3.9,434.0,LE,694.0,941.2,-26.0,D,2026-09-19 10:27:25.090919
2026-09-19,2026-06-01,2026-09-19,district,GUJARAT REGION,GUJARAT,DAHOD,18.6,2.3,707.0,LE,454.3,753.8,-40.0,D,2026-09-19 10:27:25.090919
2026-09-19,2026-06-01,2026-09-19,district,GUJARAT REGION,GUJARAT,DANGS,3.3,16.7,-81.0,LD,2533.7,2130.0,19.0,N,2026-09-19 10:27:25.090919
2026-09-19,2026-06-01,2026-09-19,district,GUJARAT REGION,GUJARAT,GANDHINAGAR,16.8,2.5,572.0,LE,603.6,728.4,-17.0,N,2026-09-19 10:27:25.090919
2026-09-19,2026-06-01,2026-09-19,district,GUJARAT REGION,GUJARAT,KHEDA,22.8,4.8,375.0,LE,1024.4,782.9,31.0,E,2026-09-19 10:27:25.090919
2026-09-19,2026-06-01,2026-09-19,district,GUJARAT REGION,GUJARAT,MAHISAGAR,19.4,2.5,677.0,LE,777.9,779.1,0.0,N,2026-09-19 10:27:25.090919
2026-09-19,2026-06-01,2026-09-19,district,GUJARAT REGION,GUJARAT,MEHSANA,10.5,2.2,376.0,LE,573.2,676.4,-15.0,N,2026-09-19 10:27:25.090919
2026-09-19,2026-06-01,2026-09-19,district,GUJARAT REGION,GUJARAT,NARMADA,30.6,5.0,513.0,LE,1018.2,991.1,3.0,N,2026-09-19 10:27:25.090919
2026-09-19,2026-06-01,2026-09-19,district,GUJARAT REGION,GUJARAT,NAVSARI,10.4,10.2,2.0,N,2373.1,1737.3,37.0,E,2026-09-19 10:27:25.090919
2026-09-19,2026-06-01,2026-09-19,district,GUJARAT REGION,GUJARAT,PANCHMAHAL,22.0,2.2,900.0,LE,810.7,896.3,-10.0,N,2026-09-19 10:27:25.090919
2026-09-19,2026-06-01,2026-09-19,district,GUJARAT REGION,GUJARAT,PATAN,10.2,2.4,326.0,LE,491.0,537.0,-9.0,N,2026-09-19 10:27:25.090919
2026-09-19,2026-06-01,2026-09-19,district,GUJARAT REGION,GUJARAT,SABARKANTHA,10.8,3.7,191.0,LE,536.0,801.3,-33.0,D,2026-09-19 10:27:25.090919
2026-09-19,2026-06-01,2026-09-19,district,GUJARAT REGION,GUJARAT,SURAT,12.1,6.9,76.0,LE,1598.9,1223.3,31.0,E,2026-09-19 10:27:25.090919
2026-09-19,2026-06-01,2026-09-19,district,GUJARAT REGION,GUJARAT,TAPI,9.3,8.7,7.0,N,1443.8,1328.8,9.0,N,2026-09-19 10:27:25.090919
2026-09-19,2026-06-01,2026-09-19,district,GUJARAT REGION,GUJARAT,VADODARA,14.5,4.1,253.0,LE,629.2,850.6,-26.0,D,2026-09-19 10:27:25.090919
2026-09-19,2026-06-01,2026-09-19,district,GUJARAT REGION,GUJARAT,VALSAD,12.3,10.3,19.0,N,2858.9,1967.7,45.0,E,2026-09-19 10:27:25.090919
2026-09-19,2026-06-01,2026-09-19,district,HAR. CHD & DELHI,CHANDIGARH (UT),CHANDIGARH,0.0,1.1,-100.0,NR,715.4,820.8,-13.0,N,2026-09-19 10:27:25.090919
2026-09-19,2026-06-01,2026-09-19,district,HAR. CHD & DELHI,DELHI,CENTRAL DELHI,0.0,1.3,-100.0,NR,766.6,640.4,20.0,E,2026-09-19 10:27:25.090919
2026-09-19,2026-06-01,2026-09-19,district,HAR. CHD & DELHI,DELHI,EAST DELHI,0.0,1.3,-100.0,NR,560.3,640.4,-13.0,N,2026-09-19 10:27:25.090919
2026-09-19,2026-06-01,2026-09-19,district,HAR. CHD & DELHI,DELHI,NEW DELHI,0.0,1.4,-100.0,NR,598.8,615.8,-3.0,N,2026-09-19 10:27:25.090919
2026-09-19,2026-06-01,2026-09-19,district,HAR. CHD & DELHI,DELHI,NORTH EAST DELHI,0.0,1.3,-100.0,NR,582.4,640.4,-9.0,N,2026-09-19 10:27:25.090919
2026-09-19,2026-06-01,2026-09-19,district,HAR. CHD & DELHI,DELHI,NORTH WEST DELHI,0.0,0.0,-100.0,NR,410.8,388.8,6.0,N,2026-09-19 10:27:25.090919
2026-09-19,2026-06-01,2026-09-19,district,HAR. CHD & DELHI,DELHI,SOUTH DELHI,0.0,1.3,-100.0,NR,595.9,640.4,-7.0,N,2026-09-19 10:27:25.090919
2026-09-19,2026-06-01,2026-09-19,district,HAR. CHD & DELHI,DELHI,SOUTH EAST DELHI,0.0,1.3,-100.0,NR,694.4,640.4,8.0,N,2026-09-19 10:27:25.090919
2026-09-19,2026-06-01,2026-09-19,district,HAR. CHD & DELHI,DELHI,SOUTH WEST DELHI,0.0,3.3,-100.0,NR,412.5,533.4,-23.0,D,2026-09-19 10:27:25.090919
2026-09-19,2026-06-01,2026-09-19,district,HAR. CHD & DELHI,DELHI,WEST DELHI,0.0,1.5,-100.0,NR,701.0,578.0,21.0,E,2026-09-19 10:27:25.090919
2026-09-19,2026-06-01,2026-09-19,district,HAR. CHD & DELHI,HARYANA,AMBALA,0.0,2.6,-100.0,NR,399.4,780.9,-49.0,D,2026-09-19 10:27:25.090919
2026-09-19,2026-06-01,2026-09-19,district,HAR. CHD & DELHI,HARYANA,BHIWANI,0.0,0.7,-100.0,NR,268.6,283.2,-5.0,N,2026-09-19 10:27:25.090919
2026-09-19,2026-06-01,2026-09-19,district,HAR. CHD & DELHI,HARYANA,CHARKHI DADRI,0.0,1.4,-100.0,NR,346.3,389.6,-11.0,N,2026-09-19 10:27:25.090919
2026-09-19,2026-06-01,2026-09-19,district,HAR. CHD & DELHI,HARYANA,FARIDABAD,0.0,2.3,-100.0,NR,528.5,540.3,-2.0,N,2026-09-19 10:27:25.090919
2026-09-19,2026-06-01,2026-09-19,district,HAR. CHD & DELHI,HARYANA,FATEHABAD,0.0,0.9,-100.0,NR,233.7,248.4,-6.0,N,2026-09-19 10:27:25.090919
2026-09-19,2026-06-01,2026-09-19,district,HAR. CHD & DELHI,HARYANA,GURGAON,0.0,1.9,-100.0,NR,477.6,475.8,0.0,N,2026-09-19 10:27:25.090919
2026-09-19,2026-06-01,2026-09-19,district,HAR. CHD & DELHI,HARYANA,HISAR,0.0,0.5,-100.0,NR,230.2,286.4,-20.0,D,2026-09-19 10:27:25.090919
2026-09-19,2026-06-01,2026-09-19,district,HAR. CHD & DELHI,HARYANA,JHAJJAR,0.0,1.1,-100.0,NR,309.1,368.2,-16.0,N,2026-09-19 10:27:25.090919
2026-09-19,2026-06-01,2026-09-19,district,HAR. CHD & DELHI,HARYANA,JIND,0.0,1.6,-100.0,NR,159.0,370.2,-57.0,D,2026-09-19 10:27:25.090919
2026-09-19,2026-06-01,2026-09-19,district,HAR. CHD & DELHI,HARYANA,KAITHAL,0.0,2.3,-100.0,NR,182.0,350.9,-48.0,D,2026-09-19 10:27:25.090919
2026-09-19,2026-06-01,2026-09-19,district,HAR. CHD & DELHI,HARYANA,KARNAL,0.0,1.8,-100.0,NR,273.4,498.1,-45.0,D,2026-09-19 10:27:25.090919
2026-09-19,2026-06-01,2026-09-19,district,HAR. CHD & DELHI,HARYANA,KURUKSHETRA,0.0,1.9,-100.0,NR,358.5,396.0,-9.0,N,2026-09-19 10:27:25.090919
2026-09-19,2026-06-01,2026-09-19,district,HAR. CHD & DELHI,HARYANA,MAHENDRAGARH,0.0,1.8,-100.0,NR,301.0,384.6,-22.0,D,2026-09-19 10:27:25.090919
2026-09-19,2026-06-01,2026-09-19,district,HAR. CHD & DELHI,HARYANA,NUH,0.0,3.8,-100.0,NR,459.6,466.3,-1.0,N,2026-09-19 10:27:25.090919
2026-09-19,2026-06-01,2026-09-19,district,HAR. CHD & DELHI,HARYANA,PALWAL,0.0,3.1,-100.0,NR,476.6,386.9,23.0,E,2026-09-19 10:27:25.090919
2026-09-19,2026-06-01,2026-09-19,district,HAR. CHD & DELHI,HARYANA,PANCHKULA,0.0,3.8,-100.0,NR,669.9,831.8,-19.0,N,2026-09-19 10:27:25.090919
2026-09-19,2026-06-01,2026-09-19,district,HAR. CHD & DELHI,HARYANA,PANIPAT,0.0,1.8,-100.0,NR,316.6,438.1,-28.0,D,2026-09-19 10:27:25.090919
2026-09-19,2026-06-01,2026-09-19,district,HAR. CHD & DELHI,HARYANA,REWARI,0.0,1.7,-100.0,NR,373.6,416.6,-10.0,N,2026-09-19 10:27:25.090919
2026-09-19,2026-06-01,2026-09-19,district,HAR. CHD & DELHI,HARYANA,ROHTAK,0.0,0.5,-100.0,NR,240.8,450.4,-47.0,D,2026-09-19 10:27:25.090919
2026-09-19,2026-06-01,2026-09-19,district,HAR. CHD & DELHI,HARYANA,SIRSA,0.0,0.1,-100.0,NR,96.0,203.0,-53.0,D,2026-09-19 10:27:25.090919
2026-09-19,2026-06-01,2026-09-19,district,HAR. CHD & DELHI,HARYANA,SONEPAT,0.0,1.1,-100.0,NR,315.9,463.3,-32.0,D,2026-09-19 10:27:25.090919
2026-09-19,2026-06-01,2026-09-19,district,HAR. CHD & DELHI,HARYANA,YAMUNA NAGAR,0.0,2.2,-100.0,NR,740.1,865.1,-14.0,N,2026-09-19 10:27:25.090919
2026-09-19,2026-06-01,2026-09-19,district,HIMACHAL PRADESH,HIMACHAL PRADESH,BILASPUR,0.0,3.8,-100.0,NR,885.0,789.8,12.0,N,2026-09-19 10:27:25.090919
2026-09-19,2026-06-01,2026-09-19,district,HIMACHAL PRADESH,HIMACHAL PRADESH,CHAMBA,0.0,3.1,-100.0,NR,703.5,819.8,-14.0,N,2026-09-19 10:27:25.090919
2026-09-19,2026-06-01,2026-09-19,district,HIMACHAL PRADESH,HIMACHAL PRADESH,HAMIRPUR,0.0,4.9,-100.0,NR,637.5,938.8,-32.0,D,2026-09-19 10:27:25.090919
2026-09-19,2026-06-01,2026-09-19,district,HIMACHAL PRADESH,HIMACHAL PRADESH,KANGRA,0.0,5.8,-100.0,NR,1497.4,1575.7,-5.0,N,2026-09-19 10:27:25.090919
2026-09-19,2026-06-01,2026-09-19,district,HIMACHAL PRADESH,HIMACHAL PRADESH,KINNAUR,0.0,2.0,-100.0,NR,252.1,227.0,11.0,N,2026-09-19 10:27:25.090919
2026-09-19,2026-06-01,2026-09-19,district,HIMACHAL PRADESH,HIMACHAL PRADESH,KULLU,0.0,2.3,-100.0,NR,539.3,514.5,5.0,N,2026-09-19 10:27:25.090919
2026-09-19,2026-06-01,2026-09-19,district,HIMACHAL PRADESH,HIMACHAL PRADESH,LAHAUL & SPITI,0.0,3.1,-100.0,NR,112.6,353.1,-68.0,LD,2026-09-19 10:27:25.090919
2026-09-19,2026-06-01,2026-09-19,district,HIMACHAL PRADESH,HIMACHAL PRADESH,MANDI,0.0,2.3,-100.0,NR,1016.0,1064.7,-5.0,N,2026-09-19 10:27:25.090919
2026-09-19,2026-06-01,2026-09-19,district,HIMACHAL PRADESH,HIMACHAL PRADESH,SHIMLA,0.0,4.2,-100.0,NR,767.0,596.7,29.0,E,2026-09-19 10:27:25.090919
2026-09-19,2026-06-01,2026-09-19,district,HIMACHAL PRADESH,HIMACHAL PRADESH,SIRMAUR,0.0,4.5,-100.0,NR,1274.6,1142.9,12.0,N,2026-09-19 10:27:25.090919
2026-09-19,2026-06-01,2026-09-19,district,HIMACHAL PRADESH,HIMACHAL PRADESH,SOLAN,0.0,5.2,-100.0,NR,824.5,836.2,-1.0,N,2026-09-19 10:27:25.090919
2026-09-19,2026-06-01,2026-09-19,district,HIMACHAL PRADESH,HIMACHAL PRADESH,UNA,0.0,1.7,-100.0,NR,787.0,919.2,-14.0,N,2026-09-19 10:27:25.090919
2026-09-19,2026-06-01,2026-09-19,district,J & K AND LADAKH,JAMMU & KASHMIR(UT),ANANTNAG,3.6,4.1,-12.0,N,323.2,307.2,5.0,N,2026-09-19 10:27:25.090919
2026-09-19,2026-06-01,2026-09-19,district,J & K AND LADAKH,JAMMU & KASHMIR(UT),BADGAM,0.0,1.3,-100.0,NR,143.7,209.2,-31.0,D,2026-09-19 10:27:25.090919
2026-09-19,2026-06-01,2026-09-19,district,J & K AND LADAKH,JAMMU & KASHMIR(UT),BANDIPORA,0.0,1.5,-100.0,NR,205.0,204.8,0.0,N,2026-09-19 10:27:25.090919
2026-09-19,2026-06-01,2026-09-19,district,J & K AND LADAKH,JAMMU & KASHMIR(UT),BARAMULA,1.9,2.1,-8.0,N,313.5,205.8,52.0,E,2026-09-19 10:27:25.090919
2026-09-19,2026-06-01,2026-09-19,district,J & K AND LADAKH,JAMMU & KASHMIR(UT),DODA,0.0,1.6,-100.0,NR,379.6,400.8,-5.0,N,2026-09-19 10:27:25.090919
2026-09-19,2026-06-01,2026-09-19,district,J & K AND LADAKH,JAMMU & KASHMIR(UT),GANDERBAL,0.9,1.2,-29.0,D,341.7,265.5,29.0,E,2026-09-19 10:27:25.090919
2026-09-19,2026-06-01,2026-09-19,district,J & K AND LADAKH,JAMMU & KASHMIR(UT),JAMMU,0.0,4.4,-100.0,NR,795.1,913.7,-13.0,N,2026-09-19 10:27:25.090919
2026-09-19,2026-06-01,2026-09-19,district,J & K AND LADAKH,JAMMU & KASHMIR(UT),KATHUA,0.0,1.5,-100.0,NR,1152.8,1211.4,-5.0,N,2026-09-19 10:27:25.090919
2026-09-19,2026-06-01,2026-09-19,district,J & K AND LADAKH,JAMMU & KASHMIR(UT),KISTWAR,0.0,1.6,-100.0,NR,195.3,400.8,-51.0,D,2026-09-19 10:27:25.090919
2026-09-19,2026-06-01,2026-09-19,district,J & K AND LADAKH,JAMMU & KASHMIR(UT),KULGAM,5.1,2.6,96.0,LE,292.0,315.9,-8.0,N,2026-09-19 10:27:25.090919
2026-09-19,2026-06-01,2026-09-19,district,J & K AND LADAKH,JAMMU & KASHMIR(UT),KUPWARA,0.0,2.9,-100.0,NR,221.2,239.3,-8.0,N,2026-09-19 10:27:25.090919
2026-09-19,2026-06-01,2026-09-19,district,J & K AND LADAKH,JAMMU & KASHMIR(UT),POONCH,0.0,0.6,-100.0,NR,845.3,669.0,26.0,E,2026-09-19 10:27:25.090919
2026-09-19,2026-06-01,2026-09-19,district,J & K AND LADAKH,JAMMU & KASHMIR(UT),PULWAMA,0.0,1.2,-100.0,NR,265.1,183.4,45.0,E,2026-09-19 10:27:25.090919
2026-09-19,2026-06-01,2026-09-19,district,J & K AND LADAKH,JAMMU & KASHMIR(UT),RAJOURI,3.6,2.2,61.0,LE,700.8,688.4,2.0,N,2026-09-19 10:27:25.090919
2026-09-19,2026-06-01,2026-09-19,district,J & K AND LADAKH,JAMMU & KASHMIR(UT),RAMBAN,0.4,1.8,-78.0,LD,473.1,399.1,19.0,N,2026-09-19 10:27:25.090919
2026-09-19,2026-06-01,2026-09-19,district,J & K AND LADAKH,JAMMU & KASHMIR(UT),REASI,0.0,3.4,-100.0,NR,1337.5,1507.0,-11.0,N,2026-09-19 10:27:25.090919
2026-09-19,2026-06-01,2026-09-19,district,J & K AND LADAKH,JAMMU & KASHMIR(UT),SAMBA,0.0,0.0,-100.0,NR,953.5,775.7,23.0,E,2026-09-19 10:27:25.090919
2026-09-19,2026-06-01,2026-09-19,district,J & K AND LADAKH,JAMMU & KASHMIR(UT),SHOPIAN,0.8,1.6,-48.0,D,137.8,270.4,-49.0,D,2026-09-19 10:27:25.090919
2026-09-19,2026-06-01,2026-09-19,district,J & K AND LADAKH,JAMMU & KASHMIR(UT),SRINAGAR,0.0,2.5,-100.0,NR,246.7,228.4,8.0,N,2026-09-19 10:27:25.090919
2026-09-19,2026-06-01,2026-09-19,district,J & K AND LADAKH,JAMMU & KASHMIR(UT),UDHAMPUR,0.0,7.0,-100.0,NR,1553.5,957.6,62.0,LE,2026-09-19 10:27:25.090919
2026-09-19,2026-06-01,2026-09-19,district,J & K AND LADAKH,LADAKH (UT),KARGIL,0.0,0.0,-100.0,NR,21.6,9.9,101.0,LE,2026-09-19 10:27:25.090919
2026-09-19,2026-06-01,2026-09-19,district,J & K AND LADAKH,LADAKH (UT),LADAKH (LEH),0.0,0.0,-100.0,NR,58.1,23.0,148.0,LE,2026-09-19 10:27:25.090919
2026-09-19,2026-06-01,2026-09-19,district,JHARKHAND,JHARKHAND,BOKARO,8.1,3.7,118.0,LE,757.5,845.0,-10.0,N,2026-09-19 10:27:25.090919
2026-09-19,2026-06-01,2026-09-19,district,JHARKHAND,JHARKHAND,CHATRA,0.0,5.1,-100.0,NR,664.3,880.9,-25.0,D,2026-09-19 10:27:25.090919
2026-09-19,2026-06-01,2026-09-19,district,JHARKHAND,JHARKHAND,DEOGHAR,8.6,7.3,18.0,N,598.2,895.0,-33.0,D,2026-09-19 10:27:25.090919
2026-09-19,2026-06-01,2026-09-19,district,JHARKHAND,JHARKHAND,DHANBAD,0.5,5.7,-91.0,LD,929.8,983.8,-5.0,N,2026-09-19 10:27:25.090919
2026-09-19,2026-06-01,2026-09-19,district,JHARKHAND,JHARKHAND,DUMKA,0.0,8.6,-100.0,NR,942.0,951.9,-1.0,N,2026-09-19 10:27:25.090919
2026-09-19,2026-06-01,2026-09-19,district,JHARKHAND,JHARKHAND,EAST SINGHBHUM,3.4,8.3,-60.0,LD,1011.4,1017.1,-1.0,N,2026-09-19 10:27:25.090919
2026-09-19,2026-06-01,2026-09-19,district,JHARKHAND,JHARKHAND,GARHWA,0.0,3.7,-100.0,NR,612.0,859.3,-29.0,D,2026-09-19 10:27:25.090919
2026-09-19,2026-06-01,2026-09-19,district,JHARKHAND,JHARKHAND,GIRIDIH,2.5,6.8,-64.0,LD,648.4,894.0,-27.0,D,2026-09-19 10:27:25.090919
2026-09-19,2026-06-01,2026-09-19,district,JHARKHAND,JHARKHAND,GODDA,7.2,6.0,20.0,E,631.8,828.4,-24.0,D,2026-09-19 10:27:25.090919
2026-09-19,2026-06-01,2026-09-19,district,JHARKHAND,JHARKHAND,GUMLA,1.1,9.5,-89.0,LD,682.2,1000.2,-32.0,D,2026-09-19 10:27:25.090919
2026-09-19,2026-06-01,2026-09-19,district,JHARKHAND,JHARKHAND,HAZARIBAG,0.0,6.4,-100.0,NR,742.9,975.4,-24.0,D,2026-09-19 10:27:25.090919
2026-09-19,2026-06-01,2026-09-19,district,JHARKHAND,JHARKHAND,JAMTARA,6.5,5.8,12.0,N,941.7,967.0,-3.0,N,2026-09-19 10:27:25.090919
2026-09-19,2026-06-01,2026-09-19,district,JHARKHAND,JHARKHAND,KHUNTI,10.4,7.4,40.0,E,955.1,1047.3,-9.0,N,2026-09-19 10:27:25.090919
2026-09-19,2026-06-01,2026-09-19,district,JHARKHAND,JHARKHAND,KODERMA,0.0,4.9,-100.0,NR,582.3,815.1,-29.0,D,2026-09-19 10:27:25.090919
2026-09-19,2026-06-01,2026-09-19,district,JHARKHAND,JHARKHAND,LATEHAR,0.0,6.1,-100.0,NR,1126.5,965.0,17.0,N,2026-09-19 10:27:25.090919
2026-09-19,2026-06-01,2026-09-19,district,JHARKHAND,JHARKHAND,LOHARDAGA,0.0,5.8,-100.0,NR,892.2,922.9,-3.0,N,2026-09-19 10:27:25.090919
2026-09-19,2026-06-01,2026-09-19,district,JHARKHAND,JHARKHAND,PAKUR,0.0,14.5,-100.0,NR,503.3,1082.3,-53.0,D,2026-09-19 10:27:25.090919
2026-09-19,2026-06-01,2026-09-19,district,JHARKHAND,JHARKHAND,PALAMU,1.2,4.1,-72.0,LD,690.8,803.0,-14.0,N,2026-09-19 10:27:25.090919
2026-09-19,2026-06-01,2026-09-19,district,JHARKHAND,JHARKHAND,RAMGARH,2.7,6.3,-56.0,D,888.6,960.3,-7.0,N,2026-09-19 10:27:25.090919
2026-09-19,2026-06-01,2026-09-19,district,JHARKHAND,JHARKHAND,RANCHI,0.0,5.5,-100.0,NR,997.2,971.2,3.0,N,2026-09-19 10:27:25.090919
2026-09-19,2026-06-01,2026-09-19,district,JHARKHAND,JHARKHAND,SERAIKELA-KHARSAWAN,0.0,6.1,-100.0,NR,1089.0,944.1,15.0,N,2026-09-19 10:27:25.090919
2026-09-19,2026-06-01,2026-09-19,district,JHARKHAND,JHARKHAND,SIMDEGA,16.9,7.0,141.0,LE,1172.6,1226.9,-4.0,N,2026-09-19 10:27:25.090919
2026-09-19,2026-06-01,2026-09-19,district,JHARKHAND,JHARKHAND,WEST SINGHBHUM,1.3,5.9,-78.0,LD,1244.1,943.4,32.0,E,2026-09-19 10:27:25.090919
2026-09-19,2026-06-01,2026-09-19,district,KERALA & MAHE,KERALA,ALAPUZHA,9.8,9.0,9.0,N,1034.9,1545.8,-33.0,D,2026-09-19 10:27:25.090919
2026-09-19,2026-06-01,2026-09-19,district,KERALA & MAHE,KERALA,ERNAKULAM,1.5,7.8,-81.0,LD,1460.1,2001.6,-27.0,D,2026-09-19 10:27:25.090919
2026-09-19,2026-06-01,2026-09-19,district,KERALA & MAHE,KERALA,IDUKKI,5.6,10.0,-44.0,D,1305.3,2448.7,-47.0,D,2026-09-19 10:27:25.090919
2026-09-19,2026-06-01,2026-09-19,district,KERALA & MAHE,KERALA,KANNUR,3.1,7.3,-58.0,D,2223.0,2541.9,-13.0,N,2026-09-19 10:27:25.090919
2026-09-19,2026-06-01,2026-09-19,district,KERALA & MAHE,KERALA,KASARGOD,0.0,6.6,-100.0,NR,2296.0,2764.6,-17.0,N,2026-09-19 10:27:25.090919
2026-09-19,2026-06-01,2026-09-19,district,KERALA & MAHE,KERALA,KOLLAM,0.0,7.9,-100.0,NR,742.0,1168.0,-36.0,D,2026-09-19 10:27:25.090919
2026-09-19,2026-06-01,2026-09-19,district,KERALA & MAHE,KERALA,KOTTAYAM,0.5,8.3,-93.0,LD,1523.4,1802.9,-16.0,N,2026-09-19 10:27:25.090919
2026-09-19,2026-06-01,2026-09-19,district,KERALA & MAHE,KERALA,KOZHIKODE,0.8,8.7,-91.0,LD,2029.7,2469.7,-18.0,N,2026-09-19 10:27:25.090919
2026-09-19,2026-06-01,2026-09-19,district,KERALA & MAHE,KERALA,MALAPPURAM,0.7,7.4,-91.0,LD,1373.2,1874.7,-27.0,D,2026-09-19 10:27:25.090919
2026-09-19,2026-06-01,2026-09-19,district,KERALA & MAHE,KERALA,PALAKKAD,0.0,7.1,-100.0,NR,1057.6,1484.8,-29.0,D,2026-09-19 10:27:25.090919
2026-09-19,2026-06-01,2026-09-19,district,KERALA & MAHE,KERALA,PATHANAMTHITTA,0.3,8.6,-96.0,LD,1323.2,1468.7,-10.0,N,2026-09-19 10:27:25.090919
2026-09-19,2026-06-01,2026-09-19,district,KERALA & MAHE,KERALA,THIRUVANANTHAPURAM,0.3,6.5,-96.0,LD,670.0,771.5,-13.0,N,2026-09-19 10:27:25.090919
2026-09-19,2026-06-01,2026-09-19,district,KERALA & MAHE,KERALA,THRISSUR,0.6,9.8,-94.0,LD,1441.6,2038.2,-29.0,D,2026-09-19 10:27:25.090919
2026-09-19,2026-06-01,2026-09-19,district,KERALA & MAHE,KERALA,WYNAD,0.0,8.6,-100.0,NR,1110.4,2391.1,-54.0,D,2026-09-19 10:27:25.090919
2026-09-19,2026-06-01,2026-09-19,district,KONKAN & GOA,GOA,NORTH GOA,1.2,12.6,-90.0,LD,1808.9,2979.0,-39.0,D,2026-09-19 10:27:25.090919
2026-09-19,2026-06-01,2026-09-19,district,KONKAN & GOA,GOA,SOUTH GOA,1.8,9.6,-81.0,LD,1971.4,2841.2,-31.0,D,2026-09-19 10:27:25.090919
2026-09-19,2026-06-01,2026-09-19,district,KONKAN & GOA,MAHARASHTRA,MUMBAI CITY,11.6,7.3,59.0,E,1926.9,1968.1,-2.0,N,2026-09-19 10:27:25.090919
2026-09-19,2026-06-01,2026-09-19,district,KONKAN & GOA,MAHARASHTRA,MUMBAI SUBURBAN,23.8,7.5,217.0,LE,2491.3,2185.9,14.0,N,2026-09-19 10:27:25.090919
2026-09-19,2026-06-01,2026-09-19,district,KONKAN & GOA,MAHARASHTRA,PALGHAR,9.6,10.6,-10.0,N,2653.5,2151.1,23.0,E,2026-09-19 10:27:25.090919
2026-09-19,2026-06-01,2026-09-19,district,KONKAN & GOA,MAHARASHTRA,RAIGAD,7.1,13.5,-48.0,D,2908.2,2991.5,-3.0,N,2026-09-19 10:27:25.090919
2026-09-19,2026-06-01,2026-09-19,district,KONKAN & GOA,MAHARASHTRA,RATNAGIRI,2.8,15.4,-82.0,LD,2598.2,3061.1,-15.0,N,2026-09-19 10:27:25.090919
2026-09-19,2026-06-01,2026-09-19,district,KONKAN & GOA,MAHARASHTRA,SINDHUDURG,1.6,13.5,-88.0,LD,1829.7,2839.4,-36.0,D,2026-09-19 10:27:25.090919
2026-09-19,2026-06-01,2026-09-19,district,KONKAN & GOA,MAHARASHTRA,THANE,19.1,10.8,77.0,LE,2151.5,2325.5,-7.0,N,2026-09-19 10:27:25.090919
2026-09-19,2026-06-01,2026-09-19,district,LAKSHADWEEP,LAKSHADWEEP,LAKSHADWEEP,4.6,5.2,-12.0,N,687.5,974.9,-29.0,D,2026-09-19 10:27:25.090919
2026-09-19,2026-06-01,2026-09-19,district,MADHYA MAHARASHTRA,MAHARASHTRA,AHMEDNAGAR,0.0,5.6,-100.0,NR,220.7,395.1,-44.0,D,2026-09-19 10:27:25.090919
2026-09-19,2026-06-01,2026-09-19,district,MADHYA MAHARASHTRA,MAHARASHTRA,DHULE,0.0,2.7,-100.0,NR,440.6,495.9,-11.0,N,2026-09-19 10:27:25.090919
2026-09-19,2026-06-01,2026-09-19,district,MADHYA MAHARASHTRA,MAHARASHTRA,JALGAON,0.0,3.2,-100.0,NR,546.8,582.2,-6.0,N,2026-09-19 10:27:25.090919
2026-09-19,2026-06-01,2026-09-19,district,MADHYA MAHARASHTRA,MAHARASHTRA,KOLHAPUR,1.2,6.8,-83.0,LD,1438.7,1638.1,-12.0,N,2026-09-19 10:27:25.090919
2026-09-19,2026-06-01,2026-09-19,district,MADHYA MAHARASHTRA,MAHARASHTRA,NANDURBAR,1.3,6.3,-79.0,LD,510.8,787.4,-35.0,D,2026-09-19 10:27:25.090919
2026-09-19,2026-06-01,2026-09-19,district,MADHYA MAHARASHTRA,MAHARASHTRA,NASHIK,3.4,6.9,-50.0,D,1173.3,826.7,42.0,E,2026-09-19 10:27:25.090919
2026-09-19,2026-06-01,2026-09-19,district,MADHYA MAHARASHTRA,MAHARASHTRA,PUNE,1.9,8.7,-78.0,LD,1028.5,873.7,18.0,N,2026-09-19 10:27:25.090919
2026-09-19,2026-06-01,2026-09-19,district,MADHYA MAHARASHTRA,MAHARASHTRA,SANGLI,0.0,6.8,-100.0,NR,312.3,425.7,-27.0,D,2026-09-19 10:27:25.090919
2026-09-19,2026-06-01,2026-09-19,district,MADHYA MAHARASHTRA,MAHARASHTRA,SATARA,0.7,7.3,-90.0,LD,948.1,776.1,22.0,E,2026-09-19 10:27:25.090919
2026-09-19,2026-06-01,2026-09-19,district,MADHYA MAHARASHTRA,MAHARASHTRA,SHOLAPUR,0.0,6.5,-100.0,NR,160.1,385.7,-58.0,D,2026-09-19 10:27:25.090919
2026-09-19,2026-06-01,2026-09-19,district,MARATHWADA,MAHARASHTRA,BEED,0.6,7.8,-92.0,LD,264.9,495.0,-46.0,D,2026-09-19 10:27:25.090919
2026-09-19,2026-06-01,2026-09-19,district,MARATHWADA,MAHARASHTRA,CHHATRAPATI SAMBHAJINAGAR,0.0,4.8,-100.0,NR,450.5,504.6,-11.0,N,2026-09-19 10:27:25.090919
2026-09-19,2026-06-01,2026-09-19,district,MARATHWADA,MAHARASHTRA,DHARASHIV,0.0,6.7,-100.0,NR,275.0,513.8,-46.0,D,2026-09-19 10:27:25.090919
2026-09-19,2026-06-01,2026-09-19,district,MARATHWADA,MAHARASHTRA,HINGOLI,0.7,3.0,-78.0,LD,381.1,706.9,-46.0,D,2026-09-19 10:27:25.090919
2026-09-19,2026-06-01,2026-09-19,district,MARATHWADA,MAHARASHTRA,JALNA,0.0,4.3,-100.0,NR,301.2,540.4,-44.0,D,2026-09-19 10:27:25.090919
2026-09-19,2026-06-01,2026-09-19,district,MARATHWADA,MAHARASHTRA,LATUR,0.6,4.2,-85.0,LD,394.0,607.6,-35.0,D,2026-09-19 10:27:25.090919
2026-09-19,2026-06-01,2026-09-19,district,MARATHWADA,MAHARASHTRA,NANDED,0.3,5.1,-94.0,LD,502.1,728.1,-31.0,D,2026-09-19 10:27:25.090919
2026-09-19,2026-06-01,2026-09-19,district,MARATHWADA,MAHARASHTRA,PARBHANI,1.6,5.7,-73.0,LD,401.4,646.4,-38.0,D,2026-09-19 10:27:25.090919
2026-09-19,2026-06-01,2026-09-19,district,N. I. KARNATAKA,KARNATAKA,BAGALKOTE,0.0,5.4,-100.0,NR,213.7,292.8,-27.0,D,2026-09-19 10:27:25.090919
2026-09-19,2026-06-01,2026-09-19,district,N. I. KARNATAKA,KARNATAKA,BELAGAVI,0.0,4.9,-100.0,NR,547.7,518.8,6.0,N,2026-09-19 10:27:25.090919
2026-09-19,2026-06-01,2026-09-19,district,N. I. KARNATAKA,KARNATAKA,BIDAR,0.0,3.8,-100.0,NR,427.3,584.6,-27.0,D,2026-09-19 10:27:25.090919
2026-09-19,2026-06-01,2026-09-19,district,N. I. KARNATAKA,KARNATAKA,DHARWAD,0.0,4.5,-100.0,NR,248.7,464.9,-47.0,D,2026-09-19 10:27:25.090919
2026-09-19,2026-06-01,2026-09-19,district,N. I. KARNATAKA,KARNATAKA,GADAG,0.0,5.2,-100.0,NR,224.5,298.9,-25.0,D,2026-09-19 10:27:25.090919
2026-09-19,2026-06-01,2026-09-19,district,N. I. KARNATAKA,KARNATAKA,HAVERI,0.0,3.3,-100.0,NR,274.3,446.2,-39.0,D,2026-09-19 10:27:25.090919
2026-09-19,2026-06-01,2026-09-19,district,N. I. KARNATAKA,KARNATAKA,KALABURAGI,3.0,4.4,-31.0,D,207.0,508.7,-59.0,D,2026-09-19 10:27:25.090919
2026-09-19,2026-06-01,2026-09-19,district,N. I. KARNATAKA,KARNATAKA,KOPPAL,0.0,6.4,-100.0,NR,174.0,325.2,-46.0,D,2026-09-19 10:27:25.090919
2026-09-19,2026-06-01,2026-09-19,district,N. I. KARNATAKA,KARNATAKA,RAICHUR,0.8,6.3,-88.0,LD,204.5,364.9,-44.0,D,2026-09-19 10:27:25.090919
2026-09-19,2026-06-01,2026-09-19,district,N. I. KARNATAKA,KARNATAKA,VIJAYAPURA,0.0,4.7,-100.0,NR,179.2,326.2,-45.0,D,2026-09-19 10:27:25.090919
2026-09-19,2026-06-01,2026-09-19,district,N. I. KARNATAKA,KARNATAKA,YADGIR,1.0,5.4,-81.0,LD,288.5,451.1,-36.0,D,2026-09-19 10:27:25.090919
2026-09-19,2026-06-01,2026-09-19,district,NMMT,MANIPUR,BISHNUPUR,0.0,4.7,-100.0,NR,421.9,1080.3,-61.0,LD,2026-09-19 10:27:25.090919
2026-09-19,2026-06-01,2026-09-19,district,NMMT,MANIPUR,CHANDEL,0.0,4.7,-100.0,NR,498.4,1080.3,-54.0,D,2026-09-19 10:27:25.090919
2026-09-19,2026-06-01,2026-09-19,district,NMMT,MANIPUR,CHURACHANDPUR,0.0,4.7,-100.0,NR,232.0,1080.3,-79.0,LD,2026-09-19 10:27:25.090919
2026-09-19,2026-06-01,2026-09-19,district,NMMT,MANIPUR,IMPHAL EAST,2.5,2.9,-14.0,N,440.9,681.4,-35.0,D,2026-09-19 10:27:25.090919
2026-09-19,2026-06-01,2026-09-19,district,NMMT,MANIPUR,IMPHAL WEST,0.0,6.2,-100.0,NR,691.2,1618.4,-57.0,D,2026-09-19 10:27:25.090919
2026-09-19,2026-06-01,2026-09-19,district,NMMT,MANIPUR,SENAPATI,16.0,5.3,202.0,LE,611.9,713.2,-14.0,N,2026-09-19 10:27:25.090919
2026-09-19,2026-06-01,2026-09-19,district,NMMT,MANIPUR,TAMENGLONG,0.0,0.0,-100.0,NR,1551.8,3862.2,-60.0,LD,2026-09-19 10:27:25.090919
2026-09-19,2026-06-01,2026-09-19,district,NMMT,MANIPUR,THOUBAL,0.0,2.9,-100.0,NR,322.5,681.4,-53.0,D,2026-09-19 10:27:25.090919
2026-09-19,2026-06-01,2026-09-19,district,NMMT,MANIPUR,UKHRUL,0.5,3.1,-84.0,LD,909.1,964.7,-6.0,N,2026-09-19 10:27:25.090919
2026-09-19,2026-06-01,2026-09-19,district,NMMT,MIZORAM,AIZAWL,0.0,13.9,-100.0,NR,1303.5,1493.2,-13.0,N,2026-09-19 10:27:25.090919
2026-09-19,2026-06-01,2026-09-19,district,NMMT,MIZORAM,CHAMPHAI,0.1,12.1,-99.0,LD,944.2,1238.6,-24.0,D,2026-09-19 10:27:25.090919
2026-09-19,2026-06-01,2026-09-19,district,NMMT,MIZORAM,KOLASIB,0.2,14.1,-99.0,LD,1630.8,1621.7,1.0,N,2026-09-19 10:27:25.090919
2026-09-19,2026-06-01,2026-09-19,district,NMMT,MIZORAM,LAWNGTLAI,1.0,15.4,-94.0,LD,1350.5,1575.2,-14.0,N,2026-09-19 10:27:25.090919
2026-09-19,2026-06-01,2026-09-19,district,NMMT,MIZORAM,LUNGLEI,4.3,13.5,-68.0,LD,1268.9,1636.1,-22.0,D,2026-09-19 10:27:25.090919
2026-09-19,2026-06-01,2026-09-19,district,NMMT,MIZORAM,MAMIT,0.0,17.5,-100.0,NR,1026.7,1487.0,-31.0,D,2026-09-19 10:27:25.090919
2026-09-19,2026-06-01,2026-09-19,district,NMMT,MIZORAM,SAIHA,3.1,13.3,-76.0,LD,1458.1,1606.4,-9.0,N,2026-09-19 10:27:25.090919
2026-09-19,2026-06-01,2026-09-19,district,NMMT,MIZORAM,SERCHHIP,0.1,10.5,-99.0,LD,1406.2,1387.7,1.0,N,2026-09-19 10:27:25.090919
2026-09-19,2026-06-01,2026-09-19,district,NMMT,NAGALAND,DIMAPUR,0.0,3.6,-100.0,NR,772.1,768.9,0.0,N,2026-09-19 10:27:25.090919
2026-09-19,2026-06-01,2026-09-19,district,NMMT,NAGALAND,KIPHIRE,0.0,4.9,-100.0,NR,750.0,568.7,32.0,E,2026-09-19 10:27:25.090919
2026-09-19,2026-06-01,2026-09-19,district,NMMT,NAGALAND,KOHIMA,0.0,4.9,-100.0,NR,1027.2,1150.9,-11.0,N,2026-09-19 10:27:25.090919
2026-09-19,2026-06-01,2026-09-19,district,NMMT,NAGALAND,MOKOKCHUNG,0.2,6.8,-98.0,LD,1570.4,1298.5,21.0,E,2026-09-19 10:27:25.090919
2026-09-19,2026-06-01,2026-09-19,district,NMMT,NAGALAND,MON,0.3,4.3,-93.0,LD,877.5,993.7,-12.0,N,2026-09-19 10:27:25.090919
2026-09-19,2026-06-01,2026-09-19,district,NMMT,NAGALAND,PEREN,0.0,4.4,-100.0,NR,901.1,861.3,5.0,N,2026-09-19 10:27:25.090919
2026-09-19,2026-06-01,2026-09-19,district,NMMT,NAGALAND,PHEK,0.0,3.4,-100.0,NR,747.4,776.5,-4.0,N,2026-09-19 10:27:25.090919
2026-09-19,2026-06-01,2026-09-19,district,NMMT,NAGALAND,WOKHA,0.1,8.6,-99.0,LD,1249.7,1165.4,7.0,N,2026-09-19 10:27:25.090919
2026-09-19,2026-06-01,2026-09-19,district,NMMT,NAGALAND,ZUNHEBOTO,0.0,8.7,-100.0,NR,1543.8,1002.6,54.0,E,2026-09-19 10:27:25.090919
2026-09-19,2026-06-01,2026-09-19,district,NMMT,TRIPURA,DHALAI,0.0,13.0,-100.0,NR,1127.4,1247.5,-10.0,N,2026-09-19 10:27:25.090919
2026-09-19,2026-06-01,2026-09-19,district,NMMT,TRIPURA,GOMATI,0.0,6.2,-100.0,NR,1025.9,1317.1,-22.0,D,2026-09-19 10:27:25.090919
2026-09-19,2026-06-01,2026-09-19,district,NMMT,TRIPURA,KHOWAI,0.0,9.1,-100.0,NR,1240.6,1207.4,3.0,N,2026-09-19 10:27:25.090919
2026-09-19,2026-06-01,2026-09-19,district,NMMT,TRIPURA,NORTH TRIPURA,0.0,8.4,-100.0,NR,1078.1,1329.8,-19.0,N,2026-09-19 10:27:25.090919
2026-09-19,2026-06-01,2026-09-19,district,NMMT,TRIPURA,SIPAHIJALA,0.0,9.0,-100.0,NR,1029.3,1231.0,-16.0,N,2026-09-19 10:27:25.090919
2026-09-19,2026-06-01,2026-09-19,district,NMMT,TRIPURA,SOUTH TRIPURA,0.4,9.7,-96.0,LD,1048.7,1566.3,-33.0,D,2026-09-19 10:27:25.090919
2026-09-19,2026-06-01,2026-09-19,district,NMMT,TRIPURA,UNAKOTI,0.2,8.8,-98.0,LD,1251.3,1329.9,-6.0,N,2026-09-19 10:27:25.090919
2026-09-19,2026-06-01,2026-09-19,district,NMMT,TRIPURA,WEST TRIPURA,0.0,8.9,-99.0,LD,1198.0,1107.3,8.0,N,2026-09-19 10:27:25.090919
2026-09-19,2026-06-01,2026-09-19,district,ODISHA,ODISHA,ANGUL,4.4,5.3,-18.0,N,1272.6,1062.3,20.0,E,2026-09-19 10:27:25.090919
2026-09-19,2026-06-01,2026-09-19,district,ODISHA,ODISHA,BALANGIR,0.0,6.0,-100.0,NR,1299.6,1048.6,24.0,E,2026-09-19 10:27:25.090919
2026-09-19,2026-06-01,2026-09-19,district,ODISHA,ODISHA,BALASORE,5.2,7.9,-34.0,D,1642.1,1119.2,47.0,E,2026-09-19 10:27:25.090919
2026-09-19,2026-06-01,2026-09-19,district,ODISHA,ODISHA,BARGARH,1.0,7.2,-87.0,LD,1614.3,1152.9,40.0,E,2026-09-19 10:27:25.090919
2026-09-19,2026-06-01,2026-09-19,district,ODISHA,ODISHA,BHADRAK,1.4,7.2,-80.0,LD,1218.9,1007.4,21.0,E,2026-09-19 10:27:25.090919
2026-09-19,2026-06-01,2026-09-19,district,ODISHA,ODISHA,BOUDH,0.3,4.6,-95.0,LD,1681.0,981.8,71.0,LE,2026-09-19 10:27:25.090919
2026-09-19,2026-06-01,2026-09-19,district,ODISHA,ODISHA,CUTTACK,7.3,8.1,-10.0,N,1354.3,1071.7,26.0,E,2026-09-19 10:27:25.090919
2026-09-19,2026-06-01,2026-09-19,district,ODISHA,ODISHA,DEOGARH,0.0,7.3,-100.0,NR,1505.4,1121.0,34.0,E,2026-09-19 10:27:25.090919
2026-09-19,2026-06-01,2026-09-19,district,ODISHA,ODISHA,DHENKANAL,9.7,7.4,31.0,E,1425.5,1026.7,39.0,E,2026-09-19 10:27:25.090919
2026-09-19,2026-06-01,2026-09-19,district,ODISHA,ODISHA,GAJAPATI,6.5,12.0,-46.0,D,652.3,835.9,-22.0,D,2026-09-19 10:27:25.090919
2026-09-19,2026-06-01,2026-09-19,district,ODISHA,ODISHA,GANJAM,5.1,8.2,-38.0,D,683.6,808.4,-15.0,N,2026-09-19 10:27:25.090919
2026-09-19,2026-06-01,2026-09-19,district,ODISHA,ODISHA,JAGATSINGHPUR,8.8,5.3,66.0,LE,1187.2,981.9,21.0,E,2026-09-19 10:27:25.090919
2026-09-19,2026-06-01,2026-09-19,district,ODISHA,ODISHA,JAJPUR,0.4,6.6,-94.0,LD,1222.3,1155.1,6.0,N,2026-09-19 10:27:25.090919
2026-09-19,2026-06-01,2026-09-19,district,ODISHA,ODISHA,JHARSUGUDA,0.0,7.1,-100.0,NR,1159.6,1137.1,2.0,N,2026-09-19 10:27:25.090919
2026-09-19,2026-06-01,2026-09-19,district,ODISHA,ODISHA,KALAHANDI,0.1,6.8,-98.0,LD,1164.7,1321.6,-12.0,N,2026-09-19 10:27:25.090919
2026-09-19,2026-06-01,2026-09-19,district,ODISHA,ODISHA,KANDHAMAL,11.4,10.6,7.0,N,1288.3,1083.8,19.0,N,2026-09-19 10:27:25.090919
2026-09-19,2026-06-01,2026-09-19,district,ODISHA,ODISHA,KENDRAPARA,20.5,6.6,211.0,LE,1421.0,1026.7,38.0,E,2026-09-19 10:27:25.090919
2026-09-19,2026-06-01,2026-09-19,district,ODISHA,ODISHA,KEONJHARGARH,8.6,6.2,39.0,E,1537.8,1064.3,44.0,E,2026-09-19 10:27:25.090919
2026-09-19,2026-06-01,2026-09-19,district,ODISHA,ODISHA,KHURDA,5.4,8.6,-37.0,D,1188.3,1007.0,18.0,N,2026-09-19 10:27:25.090919
2026-09-19,2026-06-01,2026-09-19,district,ODISHA,ODISHA,KORAPUT,7.0,13.2,-47.0,D,1121.6,1175.2,-5.0,N,2026-09-19 10:27:25.090919
2026-09-19,2026-06-01,2026-09-19,district,ODISHA,ODISHA,MALKANGIRI,14.4,9.6,50.0,E,1162.3,1200.4,-3.0,N,2026-09-19 10:27:25.090919
2026-09-19,2026-06-01,2026-09-19,district,ODISHA,ODISHA,MAYURBHANJ,11.6,7.8,48.0,E,1621.6,1124.8,44.0,E,2026-09-19 10:27:25.090919
2026-09-19,2026-06-01,2026-09-19,district,ODISHA,ODISHA,NAWAPARA,0.2,3.9,-95.0,LD,1137.1,962.0,18.0,N,2026-09-19 10:27:25.090919
2026-09-19,2026-06-01,2026-09-19,district,ODISHA,ODISHA,NAWARANGPUR,6.5,8.5,-23.0,D,1082.3,1298.7,-17.0,N,2026-09-19 10:27:25.090919
2026-09-19,2026-06-01,2026-09-19,district,ODISHA,ODISHA,NAYAGARH,2.8,9.1,-70.0,LD,1135.2,1001.1,13.0,N,2026-09-19 10:27:25.090919
2026-09-19,2026-06-01,2026-09-19,district,ODISHA,ODISHA,PURI,4.1,6.1,-33.0,D,1233.6,949.1,30.0,E,2026-09-19 10:27:25.090919
2026-09-19,2026-06-01,2026-09-19,district,ODISHA,ODISHA,RAYAGADA,5.5,6.4,-14.0,N,840.7,917.4,-8.0,N,2026-09-19 10:27:25.090919
2026-09-19,2026-06-01,2026-09-19,district,ODISHA,ODISHA,SAMBALPUR,0.0,6.0,-100.0,NR,1547.7,1211.7,28.0,E,2026-09-19 10:27:25.090919
2026-09-19,2026-06-01,2026-09-19,district,ODISHA,ODISHA,SONEPUR,0.0,5.6,-100.0,NR,1644.8,1147.1,43.0,E,2026-09-19 10:27:25.090919
2026-09-19,2026-06-01,2026-09-19,district,ODISHA,ODISHA,SUNDARGARH,0.0,7.3,-100.0,NR,1357.7,1139.3,19.0,N,2026-09-19 10:27:25.090919
2026-09-19,2026-06-01,2026-09-19,district,PUNJAB,PUNJAB,AMRITSAR,0.0,1.3,-100.0,NR,364.0,436.5,-17.0,N,2026-09-19 10:27:25.090919
2026-09-19,2026-06-01,2026-09-19,district,PUNJAB,PUNJAB,BARNALA,0.0,1.5,-100.0,NR,132.4,341.6,-61.0,LD,2026-09-19 10:27:25.090919
2026-09-19,2026-06-01,2026-09-19,district,PUNJAB,PUNJAB,BHATINDA,0.0,0.6,-100.0,NR,133.9,278.6,-52.0,D,2026-09-19 10:27:25.090919
2026-09-19,2026-06-01,2026-09-19,district,PUNJAB,PUNJAB,FARIDKOT,0.0,0.0,-100.0,NR,232.7,286.3,-19.0,N,2026-09-19 10:27:25.090919
2026-09-19,2026-06-01,2026-09-19,district,PUNJAB,PUNJAB,FATEHGARH SAHIB,0.0,1.1,-100.0,NR,153.3,446.7,-66.0,LD,2026-09-19 10:27:25.090919
2026-09-19,2026-06-01,2026-09-19,district,PUNJAB,PUNJAB,FAZILKA,0.0,0.0,-100.0,NR,115.8,237.5,-51.0,D,2026-09-19 10:27:25.090919
2026-09-19,2026-06-01,2026-09-19,district,PUNJAB,PUNJAB,FEROZEPUR,0.0,0.1,-100.0,NR,135.6,241.7,-44.0,D,2026-09-19 10:27:25.090919
2026-09-19,2026-06-01,2026-09-19,district,PUNJAB,PUNJAB,GURDASPUR,0.0,0.6,-100.0,NR,751.2,568.5,32.0,E,2026-09-19 10:27:25.090919
2026-09-19,2026-06-01,2026-09-19,district,PUNJAB,PUNJAB,HOSHIARPUR,0.0,1.5,-100.0,NR,273.8,577.2,-53.0,D,2026-09-19 10:27:25.090919
2026-09-19,2026-06-01,2026-09-19,district,PUNJAB,PUNJAB,JALANDHAR,0.0,0.8,-100.0,NR,245.2,498.7,-51.0,D,2026-09-19 10:27:25.090919
2026-09-19,2026-06-01,2026-09-19,district,PUNJAB,PUNJAB,KAPURTHALA,0.0,0.9,-100.0,NR,135.3,445.3,-70.0,LD,2026-09-19 10:27:25.090919
2026-09-19,2026-06-01,2026-09-19,district,PUNJAB,PUNJAB,LUDHIANA,0.0,0.9,-100.0,NR,235.1,433.6,-46.0,D,2026-09-19 10:27:25.090919
2026-09-19,2026-06-01,2026-09-19,district,PUNJAB,PUNJAB,MANSA,0.0,0.2,-100.0,NR,75.3,254.3,-70.0,LD,2026-09-19 10:27:25.090919
2026-09-19,2026-06-01,2026-09-19,district,PUNJAB,PUNJAB,MOGA,0.0,0.4,-100.0,NR,167.3,284.1,-41.0,D,2026-09-19 10:27:25.090919
2026-09-19,2026-06-01,2026-09-19,district,PUNJAB,PUNJAB,MUKTSAR,0.0,0.9,-100.0,NR,99.5,307.3,-68.0,LD,2026-09-19 10:27:25.090919
2026-09-19,2026-06-01,2026-09-19,district,PUNJAB,PUNJAB,PATHANKOT,0.0,2.6,-100.0,NR,1278.0,912.3,40.0,E,2026-09-19 10:27:25.090919
2026-09-19,2026-06-01,2026-09-19,district,PUNJAB,PUNJAB,PATIALA,0.0,2.2,-100.0,NR,276.7,510.6,-46.0,D,2026-09-19 10:27:25.090919
2026-09-19,2026-06-01,2026-09-19,district,PUNJAB,PUNJAB,RUPNAGAR,0.0,3.7,-100.0,NR,573.5,767.7,-25.0,D,2026-09-19 10:27:25.090919
2026-09-19,2026-06-01,2026-09-19,district,PUNJAB,PUNJAB,SANGRUR,0.0,1.3,-100.0,NR,183.3,368.4,-50.0,D,2026-09-19 10:27:25.090919
2026-09-19,2026-06-01,2026-09-19,district,PUNJAB,PUNJAB,SAS NAGAR (MOHALI),0.0,1.5,-100.0,NR,235.3,586.5,-60.0,LD,2026-09-19 10:27:25.090919
2026-09-19,2026-06-01,2026-09-19,district,PUNJAB,PUNJAB,SBS NAGAR,0.0,1.5,-100.0,NR,351.8,714.2,-51.0,D,2026-09-19 10:27:25.090919
2026-09-19,2026-06-01,2026-09-19,district,PUNJAB,PUNJAB,TARN TARAN,0.0,0.3,-100.0,NR,123.8,253.7,-51.0,D,2026-09-19 10:27:25.090919
2026-09-19,2026-06-01,2026-09-19,district,RAYALASEEMA,ANDHRA PRADESH,ANANTAPURAMU,0.0,5.5,-100.0,NR,161.4,286.4,-44.0,D,2026-09-19 10:27:25.090919
2026-09-19,2026-06-01,2026-09-19,district,RAYALASEEMA,ANDHRA PRADESH,ANNAMAYYA DISTRICT,3.4,5.1,-34.0,D,112.0,336.8,-67.0,LD,2026-09-19 10:27:25.090919
2026-09-19,2026-06-01,2026-09-19,district,RAYALASEEMA,ANDHRA PRADESH,CHITTOOR,2.6,5.0,-48.0,D,224.9,393.9,-43.0,D,2026-09-19 10:27:25.090919
2026-09-19,2026-06-01,2026-09-19,district,RAYALASEEMA,ANDHRA PRADESH,KURNOOL,0.3,4.8,-93.0,LD,210.9,378.4,-44.0,D,2026-09-19 10:27:25.090919
2026-09-19,2026-06-01,2026-09-19,district,RAYALASEEMA,ANDHRA PRADESH,NANDYAL,2.9,6.4,-55.0,D,219.7,448.6,-51.0,D,2026-09-19 10:27:25.090919
2026-09-19,2026-06-01,2026-09-19,district,RAYALASEEMA,ANDHRA PRADESH,SRI SATHYASAI DISTRICT,0.0,4.3,-100.0,NR,120.7,285.5,-58.0,D,2026-09-19 10:27:25.090919
2026-09-19,2026-06-01,2026-09-19,district,RAYALASEEMA,ANDHRA PRADESH,TIRUPATI,1.9,6.4,-70.0,LD,206.8,390.9,-47.0,D,2026-09-19 10:27:25.090919
2026-09-19,2026-06-01,2026-09-19,district,RAYALASEEMA,ANDHRA PRADESH,YSR DISTRICT,0.7,6.6,-90.0,LD,164.7,356.1,-54.0,D,2026-09-19 10:27:25.090919
2026-09-19,2026-06-01,2026-09-19,district,S. I. KARNATAKA,KARNATAKA,BALLARI,0.0,5.6,-100.0,NR,134.2,312.3,-57.0,D,2026-09-19 10:27:25.090919
2026-09-19,2026-06-01,2026-09-19,district,S. I. KARNATAKA,KARNATAKA,BENGALURU RURAL,0.0,4.8,-100.0,NR,255.0,369.0,-31.0,D,2026-09-19 10:27:25.090919
2026-09-19,2026-06-01,2026-09-19,district,S. I. KARNATAKA,KARNATAKA,BENGALURU URBAN,0.0,5.7,-100.0,NR,183.2,383.9,-52.0,D,2026-09-19 10:27:25.090919
2026-09-19,2026-06-01,2026-09-19,district,S. I. KARNATAKA,KARNATAKA,CHAMARAJANAGAR,0.0,3.8,-100.0,NR,163.9,293.8,-44.0,D,2026-09-19 10:27:25.090919
2026-09-19,2026-06-01,2026-09-19,district,S. I. KARNATAKA,KARNATAKA,CHIKKAMAGALURU,0.0,5.8,-100.0,NR,1234.8,1424.6,-13.0,N,2026-09-19 10:27:25.090919
2026-09-19,2026-06-01,2026-09-19,district,S. I. KARNATAKA,KARNATAKA,CHITRADURGA,0.0,3.9,-100.0,NR,146.5,243.6,-40.0,D,2026-09-19 10:27:25.090919
2026-09-19,2026-06-01,2026-09-19,district,S. I. KARNATAKA,KARNATAKA,DAVANGERE,0.0,3.6,-100.0,NR,268.0,332.8,-19.0,N,2026-09-19 10:27:25.090919
2026-09-19,2026-06-01,2026-09-19,district,S. I. KARNATAKA,KARNATAKA,HASSAN,0.0,5.2,-100.0,NR,216.3,618.2,-65.0,LD,2026-09-19 10:27:25.090919
2026-09-19,2026-06-01,2026-09-19,district,S. I. KARNATAKA,KARNATAKA,KODAGU,0.0,7.7,-100.0,NR,1522.2,2167.0,-30.0,D,2026-09-19 10:27:25.090919
2026-09-19,2026-06-01,2026-09-19,district,S. I. KARNATAKA,KARNATAKA,KOLAR,0.0,5.1,-100.0,NR,156.1,345.8,-55.0,D,2026-09-19 10:27:25.090919
2026-09-19,2026-06-01,2026-09-19,district,S. I. KARNATAKA,KARNATAKA,MANDYA,0.0,3.1,-100.0,NR,137.7,250.3,-45.0,D,2026-09-19 10:27:25.090919
2026-09-19,2026-06-01,2026-09-19,district,S. I. KARNATAKA,KARNATAKA,MYSURU,0.0,2.4,-100.0,NR,179.7,322.1,-44.0,D,2026-09-19 10:27:25.090919
2026-09-19,2026-06-01,2026-09-19,district,S. I. KARNATAKA,KARNATAKA,SHIVAMOGGA,0.0,4.4,-100.0,NR,1441.0,1564.8,-8.0,N,2026-09-19 10:27:25.090919
2026-09-19,2026-06-01,2026-09-19,district,S. I. KARNATAKA,KARNATAKA,TUMAKURU,0.0,4.7,-100.0,NR,146.6,315.2,-54.0,D,2026-09-19 10:27:25.090919
2026-09-19,2026-06-01,2026-09-19,district,S. I. KARNATAKA,KARNATAKA,VIJAYANAGARA,0.0,4.3,-100.0,NR,150.4,327.5,-54.0,D,2026-09-19 10:27:25.090919
2026-09-19,2026-06-01,2026-09-19,district,SAURASHTRA & KUTCH,DADRA & NAGAR HAVELI AND DAMAN & DIU (UT),DIU,25.0,5.6,346.0,LE,828.2,717.8,15.0,N,2026-09-19 10:27:25.090919
2026-09-19,2026-06-01,2026-09-19,district,SAURASHTRA & KUTCH,GUJARAT,AMRELI,12.6,5.2,142.0,LE,559.4,536.2,4.0,N,2026-09-19 10:27:25.090919
2026-09-19,2026-06-01,2026-09-19,district,SAURASHTRA & KUTCH,GUJARAT,BHAVNAGAR,7.6,5.3,43.0,E,597.6,525.9,14.0,N,2026-09-19 10:27:25.090919
2026-09-19,2026-06-01,2026-09-19,district,SAURASHTRA & KUTCH,GUJARAT,BOTAD,2.0,3.0,-33.0,D,567.3,522.1,9.0,N,2026-09-19 10:27:25.090919
2026-09-19,2026-06-01,2026-09-19,district,SAURASHTRA & KUTCH,GUJARAT,DEVBHOOMI DWARKA,0.0,0.9,-100.0,NR,137.3,541.4,-75.0,LD,2026-09-19 10:27:25.090919
2026-09-19,2026-06-01,2026-09-19,district,SAURASHTRA & KUTCH,GUJARAT,GIR SOMNATH,23.0,4.4,423.0,LE,585.1,835.6,-30.0,D,2026-09-19 10:27:25.090919
2026-09-19,2026-06-01,2026-09-19,district,SAURASHTRA & KUTCH,GUJARAT,JAMNAGAR,0.0,1.6,-100.0,NR,304.0,604.1,-50.0,D,2026-09-19 10:27:25.090919
2026-09-19,2026-06-01,2026-09-19,district,SAURASHTRA & KUTCH,GUJARAT,JUNAGADH,6.3,5.3,19.0,N,679.4,841.1,-19.0,N,2026-09-19 10:27:25.090919
2026-09-19,2026-06-01,2026-09-19,district,SAURASHTRA & KUTCH,GUJARAT,KUTCH,0.1,0.8,-91.0,LD,260.5,392.4,-34.0,D,2026-09-19 10:27:25.090919
2026-09-19,2026-06-01,2026-09-19,district,SAURASHTRA & KUTCH,GUJARAT,MORBI,2.0,1.5,33.0,E,583.6,507.7,15.0,N,2026-09-19 10:27:25.090919
2026-09-19,2026-06-01,2026-09-19,district,SAURASHTRA & KUTCH,GUJARAT,PORBANDAR,0.0,1.4,-100.0,NR,235.7,663.1,-64.0,LD,2026-09-19 10:27:25.090919
2026-09-19,2026-06-01,2026-09-19,district,SAURASHTRA & KUTCH,GUJARAT,RAJKOT,4.3,3.4,26.0,E,431.2,600.2,-28.0,D,2026-09-19 10:27:25.090919
2026-09-19,2026-06-01,2026-09-19,district,SAURASHTRA & KUTCH,GUJARAT,SURENDRANAGAR,9.0,1.8,403.0,LE,573.7,493.0,16.0,N,2026-09-19 10:27:25.090919
2026-09-19,2026-06-01,2026-09-19,district,SHWB & SIKKIM,SIKKIM,GANGTOK,8.3,13.7,-39.0,D,1894.0,2032.6,-7.0,N,2026-09-19 10:27:25.090919
2026-09-19,2026-06-01,2026-09-19,district,SHWB & SIKKIM,SIKKIM,GYALSHING,74.2,7.5,889.0,LE,2217.6,1685.5,32.0,E,2026-09-19 10:27:25.090919
2026-09-19,2026-06-01,2026-09-19,district,SHWB & SIKKIM,SIKKIM,MANGAN,34.7,8.7,298.0,LE,1536.8,1443.3,6.0,N,2026-09-19 10:27:25.090919
2026-09-19,2026-06-01,2026-09-19,district,SHWB & SIKKIM,SIKKIM,NAMCHI,10.0,6.7,49.0,E,1764.5,1552.2,14.0,N,2026-09-19 10:27:25.090919
2026-09-19,2026-06-01,2026-09-19,district,SHWB & SIKKIM,SIKKIM,Pakyong,1.0,5.3,-81.0,LD,1484.6,1509.4,-2.0,N,2026-09-19 10:27:25.090919
2026-09-19,2026-06-01,2026-09-19,district,SHWB & SIKKIM,SIKKIM,Soreng,4.0,7.5,-47.0,D,1933.5,1685.5,15.0,N,2026-09-19 10:27:25.090919
2026-09-19,2026-06-01,2026-09-19,district,SHWB & SIKKIM,WEST BENGAL,ALIPURDUAR,0.3,15.4,-98.0,LD,2563.6,2862.0,-10.0,N,2026-09-19 10:27:25.090919
2026-09-19,2026-06-01,2026-09-19,district,SHWB & SIKKIM,WEST BENGAL,COOCH BEHAR,0.0,14.0,-100.0,NR,1951.2,2210.2,-12.0,N,2026-09-19 10:27:25.090919
2026-09-19,2026-06-01,2026-09-19,district,SHWB & SIKKIM,WEST BENGAL,DARJEELING,2.0,15.0,-87.0,LD,2018.4,2565.9,-21.0,D,2026-09-19 10:27:25.090919
2026-09-19,2026-06-01,2026-09-19,district,SHWB & SIKKIM,WEST BENGAL,JALPAIGURI,1.1,18.3,-94.0,LD,2062.0,2731.8,-25.0,D,2026-09-19 10:27:25.090919
2026-09-19,2026-06-01,2026-09-19,district,SHWB & SIKKIM,WEST BENGAL,KALIMPONG,0.3,9.8,-97.0,LD,1788.2,2273.4,-21.0,D,2026-09-19 10:27:25.090919
2026-09-19,2026-06-01,2026-09-19,district,SHWB & SIKKIM,WEST BENGAL,MALDA,0.0,5.3,-100.0,NR,785.4,1031.4,-24.0,D,2026-09-19 10:27:25.090919
2026-09-19,2026-06-01,2026-09-19,district,SHWB & SIKKIM,WEST BENGAL,NORTH DINAJPUR,0.0,9.3,-100.0,NR,931.0,1352.5,-31.0,D,2026-09-19 10:27:25.090919
2026-09-19,2026-06-01,2026-09-19,district,SHWB & SIKKIM,WEST BENGAL,SOUTH DINAJPUR,0.0,5.2,-100.0,NR,762.2,975.9,-22.0,D,2026-09-19 10:27:25.090919
2026-09-19,2026-06-01,2026-09-19,district,TAMIL. PUDU.& KARAIKAL,PUDUCHERRY (UT),KARAIKAL,0.6,2.2,-73.0,LD,234.7,253.1,-7.0,N,2026-09-19 10:27:25.090919
2026-09-19,2026-06-01,2026-09-19,district,TAMIL. PUDU.& KARAIKAL,PUDUCHERRY (UT),PUDUCHERRY,2.3,3.0,-25.0,D,137.1,339.1,-60.0,LD,2026-09-19 10:27:25.090919
2026-09-19,2026-06-01,2026-09-19,district,TAMIL. PUDU.& KARAIKAL,TAMILNADU,ARIYALUR,2.0,2.2,-9.0,N,260.1,272.2,-4.0,N,2026-09-19 10:27:25.090919
2026-09-19,2026-06-01,2026-09-19,district,TAMIL. PUDU.& KARAIKAL,TAMILNADU,CHENGALPATTU,1.3,6.1,-79.0,LD,173.0,350.7,-51.0,D,2026-09-19 10:27:25.090919
2026-09-19,2026-06-01,2026-09-19,district,TAMIL. PUDU.& KARAIKAL,TAMILNADU,CHENNAI,0.0,8.6,-100.0,NR,350.4,386.8,-9.0,N,2026-09-19 10:27:25.090919
2026-09-19,2026-06-01,2026-09-19,district,TAMIL. PUDU.& KARAIKAL,TAMILNADU,COIMBATORE,3.9,3.5,12.0,N,664.6,640.8,4.0,N,2026-09-19 10:27:25.090919
2026-09-19,2026-06-01,2026-09-19,district,TAMIL. PUDU.& KARAIKAL,TAMILNADU,CUDDALORE,7.0,3.4,106.0,LE,253.7,304.3,-17.0,N,2026-09-19 10:27:25.090919
2026-09-19,2026-06-01,2026-09-19,district,TAMIL. PUDU.& KARAIKAL,TAMILNADU,DHARMAPURI,0.3,6.2,-96.0,LD,218.8,319.2,-31.0,D,2026-09-19 10:27:25.090919
2026-09-19,2026-06-01,2026-09-19,district,TAMIL. PUDU.& KARAIKAL,TAMILNADU,DINDIGUL,0.0,3.8,-99.0,LD,174.3,246.2,-29.0,D,2026-09-19 10:27:25.090919
2026-09-19,2026-06-01,2026-09-19,district,TAMIL. PUDU.& KARAIKAL,TAMILNADU,ERODE,0.5,2.7,-80.0,LD,166.1,214.9,-23.0,D,2026-09-19 10:27:25.090919
2026-09-19,2026-06-01,2026-09-19,district,TAMIL. PUDU.& KARAIKAL,TAMILNADU,KALLAKURICHI,3.6,2.9,23.0,E,210.5,345.8,-39.0,D,2026-09-19 10:27:25.090919
2026-09-19,2026-06-01,2026-09-19,district,TAMIL. PUDU.& KARAIKAL,TAMILNADU,KANCHEEPURAM,0.5,5.9,-92.0,LD,277.0,411.6,-33.0,D,2026-09-19 10:27:25.090919
2026-09-19,2026-06-01,2026-09-19,district,TAMIL. PUDU.& KARAIKAL,TAMILNADU,KANYAKUMARI,1.4,4.7,-69.0,LD,403.1,445.1,-9.0,N,2026-09-19 10:27:25.090919
2026-09-19,2026-06-01,2026-09-19,district,TAMIL. PUDU.& KARAIKAL,TAMILNADU,KARUR,0.6,1.7,-66.0,LD,64.6,159.6,-60.0,LD,2026-09-19 10:27:25.090919
2026-09-19,2026-06-01,2026-09-19,district,TAMIL. PUDU.& KARAIKAL,TAMILNADU,KRISHNAGIRI,0.7,4.6,-84.0,LD,182.1,296.0,-38.0,D,2026-09-19 10:27:25.090919
2026-09-19,2026-06-01,2026-09-19,district,TAMIL. PUDU.& KARAIKAL,TAMILNADU,MADURAI,1.3,3.4,-61.0,LD,194.5,249.2,-22.0,D,2026-09-19 10:27:25.090919
2026-09-19,2026-06-01,2026-09-19,district,TAMIL. PUDU.& KARAIKAL,TAMILNADU,MAYILADUTHURAI,1.0,1.9,-47.0,D,184.3,260.5,-29.0,D,2026-09-19 10:27:25.090919
2026-09-19,2026-06-01,2026-09-19,district,TAMIL. PUDU.& KARAIKAL,TAMILNADU,NAGAPATTINAM,0.0,2.0,-100.0,NR,77.8,208.4,-63.0,LD,2026-09-19 10:27:25.090919
2026-09-19,2026-06-01,2026-09-19,district,TAMIL. PUDU.& KARAIKAL,TAMILNADU,NAMAKKAL,0.0,2.9,-100.0,NR,134.2,279.9,-52.0,D,2026-09-19 10:27:25.090919
2026-09-19,2026-06-01,2026-09-19,district,TAMIL. PUDU.& KARAIKAL,TAMILNADU,NILGIRIS,2.8,4.6,-39.0,D,535.7,779.6,-31.0,D,2026-09-19 10:27:25.090919
2026-09-19,2026-06-01,2026-09-19,district,TAMIL. PUDU.& KARAIKAL,TAMILNADU,PERAMBALUR,4.3,3.9,10.0,N,218.6,237.3,-8.0,N,2026-09-19 10:27:25.090919
2026-09-19,2026-06-01,2026-09-19,district,TAMIL. PUDU.& KARAIKAL,TAMILNADU,PUDUKKOTTAI,1.3,2.6,-50.0,D,207.1,254.4,-19.0,N,2026-09-19 10:27:25.090919
2026-09-19,2026-06-01,2026-09-19,district,TAMIL. PUDU.& KARAIKAL,TAMILNADU,RAMANATHAPURAM,0.0,1.7,-100.0,NR,43.3,103.1,-58.0,D,2026-09-19 10:27:25.090919
2026-09-19,2026-06-01,2026-09-19,district,TAMIL. PUDU.& KARAIKAL,TAMILNADU,RANIPET,15.9,4.1,289.0,LE,311.9,387.9,-20.0,D,2026-09-19 10:27:25.090919
2026-09-19,2026-06-01,2026-09-19,district,TAMIL. PUDU.& KARAIKAL,TAMILNADU,SALEM,0.0,4.7,-100.0,NR,228.8,346.9,-34.0,D,2026-09-19 10:27:25.090919
2026-09-19,2026-06-01,2026-09-19,district,TAMIL. PUDU.& KARAIKAL,TAMILNADU,SIVAGANGA,3.8,2.1,82.0,LE,256.0,270.1,-5.0,N,2026-09-19 10:27:25.090919
2026-09-19,2026-06-01,2026-09-19,district,TAMIL. PUDU.& KARAIKAL,TAMILNADU,TENKASI,0.6,1.0,-36.0,D,186.9,147.6,27.0,E,2026-09-19 10:27:25.090919
2026-09-19,2026-06-01,2026-09-19,district,TAMIL. PUDU.& KARAIKAL,TAMILNADU,THANJAVUR,0.0,4.1,-100.0,NR,173.8,258.5,-33.0,D,2026-09-19 10:27:25.090919
2026-09-19,2026-06-01,2026-09-19,district,TAMIL. PUDU.& KARAIKAL,TAMILNADU,THENI,0.1,2.3,-96.0,LD,198.1,194.6,2.0,N,2026-09-19 10:27:25.090919
2026-09-19,2026-06-01,2026-09-19,district,TAMIL. PUDU.& KARAIKAL,TAMILNADU,THIRUCHIRAPALLI,1.1,4.5,-76.0,LD,151.8,230.6,-34.0,D,2026-09-19 10:27:25.090919
2026-09-19,2026-06-01,2026-09-19,district,TAMIL. PUDU.& KARAIKAL,TAMILNADU,THIRUVALLUR,3.3,8.1,-59.0,D,319.2,408.2,-22.0,D,2026-09-19 10:27:25.090919
2026-09-19,2026-06-01,2026-09-19,district,TAMIL. PUDU.& KARAIKAL,TAMILNADU,THOOTHUKUDI,0.5,0.8,-40.0,D,19.3,51.0,-62.0,LD,2026-09-19 10:27:25.090919
2026-09-19,2026-06-01,2026-09-19,district,TAMIL. PUDU.& KARAIKAL,TAMILNADU,TIRUNELVELI,0.6,0.7,-10.0,N,387.1,72.2,436.0,LE,2026-09-19 10:27:25.090919
2026-09-19,2026-06-01,2026-09-19,district,TAMIL. PUDU.& KARAIKAL,TAMILNADU,TIRUPATTUR,17.2,5.1,238.0,LE,174.0,370.9,-53.0,D,2026-09-19 10:27:25.090919
2026-09-19,2026-06-01,2026-09-19,district,TAMIL. PUDU.& KARAIKAL,TAMILNADU,TIRUPPUR,0.0,1.5,-100.0,NR,89.0,118.6,-25.0,D,2026-09-19 10:27:25.090919
2026-09-19,2026-06-01,2026-09-19,district,TAMIL. PUDU.& KARAIKAL,TAMILNADU,TIRUVANNAMALAI,18.8,4.5,318.0,LE,251.4,391.0,-36.0,D,2026-09-19 10:27:25.090919
2026-09-19,2026-06-01,2026-09-19,district,TAMIL. PUDU.& KARAIKAL,TAMILNADU,TIRUVARUR,0.0,4.6,-100.0,NR,177.2,250.9,-29.0,D,2026-09-19 10:27:25.090919
2026-09-19,2026-06-01,2026-09-19,district,TAMIL. PUDU.& KARAIKAL,TAMILNADU,VELLORE,14.9,3.4,338.0,LE,229.7,372.7,-38.0,D,2026-09-19 10:27:25.090919
2026-09-19,2026-06-01,2026-09-19,district,TAMIL. PUDU.& KARAIKAL,TAMILNADU,VILLUPURAM,22.2,3.6,517.0,LE,275.2,349.9,-21.0,D,2026-09-19 10:27:25.090919
2026-09-19,2026-06-01,2026-09-19,district,TAMIL. PUDU.& KARAIKAL,TAMILNADU,VIRUDHUNAGAR,4.2,2.2,89.0,LE,148.8,156.9,-5.0,N,2026-09-19 10:27:25.090919
2026-09-19,2026-06-01,2026-09-19,district,TELANGANA,TELANGANA,ADILABAD,0.0,5.3,-100.0,NR,658.3,892.8,-26.0,D,2026-09-19 10:27:25.090919
2026-09-19,2026-06-01,2026-09-19,district,TELANGANA,TELANGANA,B. KOTHAGUDEM,0.0,7.6,-100.0,NR,630.7,887.2,-29.0,D,2026-09-19 10:27:25.090919
2026-09-19,2026-06-01,2026-09-19,district,TELANGANA,TELANGANA,HANUMAKONDA,0.1,7.6,-99.0,LD,421.9,634.8,-34.0,D,2026-09-19 10:27:25.090919
2026-09-19,2026-06-01,2026-09-19,district,TELANGANA,TELANGANA,HYDERABAD,0.1,5.7,-98.0,LD,389.5,565.5,-31.0,D,2026-09-19 10:27:25.090919
2026-09-19,2026-06-01,2026-09-19,district,TELANGANA,TELANGANA,J. BHUPALPALLY,0.3,10.5,-97.0,LD,785.8,926.2,-15.0,N,2026-09-19 10:27:25.090919
2026-09-19,2026-06-01,2026-09-19,district,TELANGANA,TELANGANA,JAGTIAL,0.0,8.7,-100.0,NR,761.4,759.1,0.0,N,2026-09-19 10:27:25.090919
2026-09-19,2026-06-01,2026-09-19,district,TELANGANA,TELANGANA,JANGAON,1.0,5.5,-81.0,LD,427.1,617.3,-31.0,D,2026-09-19 10:27:25.090919
2026-09-19,2026-06-01,2026-09-19,district,TELANGANA,TELANGANA,JOGULAMBA GADWAL,0.2,4.7,-95.0,LD,196.9,397.7,-50.0,D,2026-09-19 10:27:25.090919
2026-09-19,2026-06-01,2026-09-19,district,TELANGANA,TELANGANA,KAMAREDDY,0.7,4.4,-85.0,LD,799.9,718.8,11.0,N,2026-09-19 10:27:25.090919
2026-09-19,2026-06-01,2026-09-19,district,TELANGANA,TELANGANA,KARIMNAGAR,0.2,6.2,-96.0,LD,572.6,640.5,-11.0,N,2026-09-19 10:27:25.090919
2026-09-19,2026-06-01,2026-09-19,district,TELANGANA,TELANGANA,KHAMMAM,0.0,6.9,-99.0,LD,484.3,718.0,-33.0,D,2026-09-19 10:27:25.090919
2026-09-19,2026-06-01,2026-09-19,district,TELANGANA,TELANGANA,KUMARAM BHEEM,2.9,8.3,-65.0,LD,1026.5,926.0,11.0,N,2026-09-19 10:27:25.090919
2026-09-19,2026-06-01,2026-09-19,district,TELANGANA,TELANGANA,M. MALKAJGIRI,0.0,5.7,-99.0,LD,294.7,481.3,-39.0,D,2026-09-19 10:27:25.090919
2026-09-19,2026-06-01,2026-09-19,district,TELANGANA,TELANGANA,MAHABUBABAD,0.0,7.3,-100.0,NR,628.4,803.7,-22.0,D,2026-09-19 10:27:25.090919
2026-09-19,2026-06-01,2026-09-19,district,TELANGANA,TELANGANA,MAHABUBNAGAR,18.7,5.1,267.0,LE,374.5,459.2,-18.0,N,2026-09-19 10:27:25.090919
2026-09-19,2026-06-01,2026-09-19,district,TELANGANA,TELANGANA,MANCHERIAL,11.4,8.3,38.0,E,958.1,882.6,9.0,N,2026-09-19 10:27:25.090919
2026-09-19,2026-06-01,2026-09-19,district,TELANGANA,TELANGANA,MEDAK,0.7,6.7,-89.0,LD,671.3,715.9,-6.0,N,2026-09-19 10:27:25.090919
2026-09-19,2026-06-01,2026-09-19,district,TELANGANA,TELANGANA,MULUGU,1.1,7.9,-87.0,LD,896.0,927.6,-3.0,N,2026-09-19 10:27:25.090919
2026-09-19,2026-06-01,2026-09-19,district,TELANGANA,TELANGANA,NAGARKURNOOL,5.4,4.6,17.0,N,267.6,431.0,-38.0,D,2026-09-19 10:27:25.090919
2026-09-19,2026-06-01,2026-09-19,district,TELANGANA,TELANGANA,NALGONDA,5.1,5.7,-10.0,N,204.1,461.1,-56.0,D,2026-09-19 10:27:25.090919
2026-09-19,2026-06-01,2026-09-19,district,TELANGANA,TELANGANA,NARAYANPET,5.7,5.0,14.0,N,344.4,419.3,-18.0,N,2026-09-19 10:27:25.090919
2026-09-19,2026-06-01,2026-09-19,district,TELANGANA,TELANGANA,NIRMAL,0.0,5.4,-100.0,NR,418.1,832.2,-50.0,D,2026-09-19 10:27:25.090919
2026-09-19,2026-06-01,2026-09-19,district,TELANGANA,TELANGANA,NIZAMABAD,0.1,3.4,-98.0,LD,681.5,771.0,-12.0,N,2026-09-19 10:27:25.090919
2026-09-19,2026-06-01,2026-09-19,district,TELANGANA,TELANGANA,PEDDAPALLE,0.2,9.5,-98.0,LD,710.2,817.0,-13.0,N,2026-09-19 10:27:25.090919
2026-09-19,2026-06-01,2026-09-19,district,TELANGANA,TELANGANA,RAJANNA SIRCILLA,0.7,4.1,-84.0,LD,622.6,634.5,-2.0,N,2026-09-19 10:27:25.090919
2026-09-19,2026-06-01,2026-09-19,district,TELANGANA,TELANGANA,RANGAREDDY,6.1,6.8,-10.0,N,366.8,488.0,-25.0,D,2026-09-19 10:27:25.090919
2026-09-19,2026-06-01,2026-09-19,district,TELANGANA,TELANGANA,SANGAREDDY,0.0,4.9,-99.0,LD,428.4,642.2,-33.0,D,2026-09-19 10:27:25.090919
2026-09-19,2026-06-01,2026-09-19,district,TELANGANA,TELANGANA,SIDDIPET,0.6,6.7,-91.0,LD,595.3,569.2,5.0,N,2026-09-19 10:27:25.090919
2026-09-19,2026-06-01,2026-09-19,district,TELANGANA,TELANGANA,SURYAPET,0.1,4.8,-97.0,LD,356.3,551.7,-35.0,D,2026-09-19 10:27:25.090919
2026-09-19,2026-06-01,2026-09-19,district,TELANGANA,TELANGANA,VIKARABAD,6.9,4.9,40.0,E,441.6,599.2,-26.0,D,2026-09-19 10:27:25.090919
2026-09-19,2026-06-01,2026-09-19,district,TELANGANA,TELANGANA,WANAPARTHY,0.9,6.2,-85.0,LD,289.1,487.4,-41.0,D,2026-09-19 10:27:25.090919
2026-09-19,2026-06-01,2026-09-19,district,TELANGANA,TELANGANA,WARANGAL,0.0,5.9,-100.0,NR,484.4,853.0,-43.0,D,2026-09-19 10:27:25.090919
2026-09-19,2026-06-01,2026-09-19,district,TELANGANA,TELANGANA,Y. BHUVANAGIRI,10.6,5.2,104.0,LE,321.7,478.1,-33.0,D,2026-09-19 10:27:25.090919
2026-09-19,2026-06-01,2026-09-19,district,UTTARAKHAND,UTTARAKHAND,ALMORA,0.0,4.6,-100.0,NR,961.4,763.5,26.0,E,2026-09-19 10:27:25.090919
2026-09-19,2026-06-01,2026-09-19,district,UTTARAKHAND,UTTARAKHAND,BAGESHWAR,0.6,4.6,-87.0,LD,1982.2,763.5,160.0,LE,2026-09-19 10:27:25.090919
2026-09-19,2026-06-01,2026-09-19,district,UTTARAKHAND,UTTARAKHAND,CHAMOLI,0.0,4.0,-100.0,NR,1168.1,698.0,67.0,LE,2026-09-19 10:27:25.090919
2026-09-19,2026-06-01,2026-09-19,district,UTTARAKHAND,UTTARAKHAND,CHAMPAWAT,1.5,8.6,-83.0,LD,926.9,1255.9,-26.0,D,2026-09-19 10:27:25.090919
2026-09-19,2026-06-01,2026-09-19,district,UTTARAKHAND,UTTARAKHAND,DEHRADUN,0.0,5.7,-100.0,NR,1356.1,1397.0,-3.0,N,2026-09-19 10:27:25.090919
2026-09-19,2026-06-01,2026-09-19,district,UTTARAKHAND,UTTARAKHAND,GARHWAL PAURI,0.0,5.7,-100.0,NR,677.6,1232.3,-45.0,D,2026-09-19 10:27:25.090919
2026-09-19,2026-06-01,2026-09-19,district,UTTARAKHAND,UTTARAKHAND,GARHWAL TEHRI,0.0,4.9,-100.0,NR,1170.4,918.1,27.0,E,2026-09-19 10:27:25.090919
2026-09-19,2026-06-01,2026-09-19,district,UTTARAKHAND,UTTARAKHAND,HARDWAR,0.0,6.7,-100.0,NR,1091.0,961.4,13.0,N,2026-09-19 10:27:25.090919
2026-09-19,2026-06-01,2026-09-19,district,UTTARAKHAND,UTTARAKHAND,NAINITAL,0.0,8.3,-100.0,NR,1170.9,1489.9,-21.0,D,2026-09-19 10:27:25.090919
2026-09-19,2026-06-01,2026-09-19,district,UTTARAKHAND,UTTARAKHAND,PITHORAGARH,0.0,7.4,-100.0,NR,1475.1,1448.1,2.0,N,2026-09-19 10:27:25.090919
2026-09-19,2026-06-01,2026-09-19,district,UTTARAKHAND,UTTARAKHAND,RUDRAPRAYAG,0.0,4.9,-100.0,NR,1393.4,1513.7,-8.0,N,2026-09-19 10:27:25.090919
2026-09-19,2026-06-01,2026-09-19,district,UTTARAKHAND,UTTARAKHAND,UDHAM SINGH NAGAR,0.0,2.3,-100.0,NR,1113.2,1087.2,2.0,N,2026-09-19 10:27:25.090919
2026-09-19,2026-06-01,2026-09-19,district,UTTARAKHAND,UTTARAKHAND,UTTARKASHI,0.0,7.7,-100.0,NR,954.9,1113.4,-14.0,N,2026-09-19 10:27:25.090919
2026-09-19,2026-06-01,2026-09-19,district,VIDARBHA,MAHARASHTRA,AKOLA,6.8,3.2,112.0,LE,399.7,657.9,-39.0,D,2026-09-19 10:27:25.090919
2026-09-19,2026-06-01,2026-09-19,district,VIDARBHA,MAHARASHTRA,AMRAOTI,3.8,3.4,13.0,N,465.1,782.5,-41.0,D,2026-09-19 10:27:25.090919
2026-09-19,2026-06-01,2026-09-19,district,VIDARBHA,MAHARASHTRA,BHANDARA,11.1,3.2,246.0,LE,874.2,1045.1,-16.0,N,2026-09-19 10:27:25.090919
2026-09-19,2026-06-01,2026-09-19,district,VIDARBHA,MAHARASHTRA,BULDHANA,1.5,2.3,-36.0,D,498.7,608.6,-18.0,N,2026-09-19 10:27:25.090919
2026-09-19,2026-06-01,2026-09-19,district,VIDARBHA,MAHARASHTRA,CHANDRAPUR,6.3,3.6,76.0,LE,672.6,1035.3,-35.0,D,2026-09-19 10:27:25.090919
2026-09-19,2026-06-01,2026-09-19,district,VIDARBHA,MAHARASHTRA,GADCHIROLI,24.4,5.0,387.0,LE,976.6,1245.5,-22.0,D,2026-09-19 10:27:25.090919
2026-09-19,2026-06-01,2026-09-19,district,VIDARBHA,MAHARASHTRA,GONDIA,11.4,4.9,134.0,LE,1119.1,1175.1,-5.0,N,2026-09-19 10:27:25.090919
2026-09-19,2026-06-01,2026-09-19,district,VIDARBHA,MAHARASHTRA,NAGPUR,22.8,4.2,444.0,LE,598.6,901.1,-34.0,D,2026-09-19 10:27:25.090919
2026-09-19,2026-06-01,2026-09-19,district,VIDARBHA,MAHARASHTRA,WARDHA,0.7,3.8,-81.0,LD,539.5,799.8,-33.0,D,2026-09-19 10:27:25.090919
2026-09-19,2026-06-01,2026-09-19,district,VIDARBHA,MAHARASHTRA,WASHIM,7.6,4.2,81.0,LE,479.7,736.2,-35.0,D,2026-09-19 10:27:25.090919
2026-09-19,2026-06-01,2026-09-19,district,VIDARBHA,MAHARASHTRA,YEOTMAL,0.5,3.2,-84.0,LD,577.0,772.5,-25.0,D,2026-09-19 10:27:25.090919
2026-09-19,2026-06-01,2026-09-19,district,WEST MADHYA PRADESH,MADHYA PRADESH,AGAR-MALWA,64.1,1.6,3905.0,LE,969.8,862.9,12.0,N,2026-09-19 10:27:25.090919
2026-09-19,2026-06-01,2026-09-19,district,WEST MADHYA PRADESH,MADHYA PRADESH,ALIRAJPUR,14.7,4.4,233.0,LE,474.2,822.5,-42.0,D,2026-09-19 10:27:25.090919
2026-09-19,2026-06-01,2026-09-19,district,WEST MADHYA PRADESH,MADHYA PRADESH,ASHOKNAGAR,9.3,2.6,256.0,LE,731.3,820.5,-11.0,N,2026-09-19 10:27:25.090919
2026-09-19,2026-06-01,2026-09-19,district,WEST MADHYA PRADESH,MADHYA PRADESH,BARWANI,0.8,3.2,-74.0,LD,593.3,621.5,-5.0,N,2026-09-19 10:27:25.090919
2026-09-19,2026-06-01,2026-09-19,district,WEST MADHYA PRADESH,MADHYA PRADESH,BETUL,8.8,3.4,159.0,LE,695.7,1000.0,-30.0,D,2026-09-19 10:27:25.090919
2026-09-19,2026-06-01,2026-09-19,district,WEST MADHYA PRADESH,MADHYA PRADESH,BHIND,0.0,1.7,-100.0,NR,755.9,594.4,27.0,E,2026-09-19 10:27:25.090919
2026-09-19,2026-06-01,2026-09-19,district,WEST MADHYA PRADESH,MADHYA PRADESH,BHOPAL,7.8,4.4,76.0,LE,1035.5,922.8,12.0,N,2026-09-19 10:27:25.090919
2026-09-19,2026-06-01,2026-09-19,district,WEST MADHYA PRADESH,MADHYA PRADESH,BURHANPUR,0.0,3.2,-100.0,NR,775.2,697.7,11.0,N,2026-09-19 10:27:25.090919
2026-09-19,2026-06-01,2026-09-19,district,WEST MADHYA PRADESH,MADHYA PRADESH,DATIA,0.2,3.1,-94.0,LD,771.6,721.2,7.0,N,2026-09-19 10:27:25.090919
2026-09-19,2026-06-01,2026-09-19,district,WEST MADHYA PRADESH,MADHYA PRADESH,DEWAS,6.7,2.6,156.0,LE,785.0,864.0,-9.0,N,2026-09-19 10:27:25.090919
2026-09-19,2026-06-01,2026-09-19,district,WEST MADHYA PRADESH,MADHYA PRADESH,DHAR,1.6,3.5,-54.0,D,488.9,765.0,-36.0,D,2026-09-19 10:27:25.090919
2026-09-19,2026-06-01,2026-09-19,district,WEST MADHYA PRADESH,MADHYA PRADESH,GUNA,51.6,4.4,1072.0,LE,1024.9,910.5,13.0,N,2026-09-19 10:27:25.090919
2026-09-19,2026-06-01,2026-09-19,district,WEST MADHYA PRADESH,MADHYA PRADESH,GWALIOR,0.0,3.6,-100.0,NR,748.7,696.5,7.0,N,2026-09-19 10:27:25.090919
2026-09-19,2026-06-01,2026-09-19,district,WEST MADHYA PRADESH,MADHYA PRADESH,HARDA,15.1,3.5,330.0,LE,698.1,1041.6,-33.0,D,2026-09-19 10:27:25.090919
2026-09-19,2026-06-01,2026-09-19,district,WEST MADHYA PRADESH,MADHYA PRADESH,INDORE,5.5,2.6,113.0,LE,633.0,821.0,-23.0,D,2026-09-19 10:27:25.090919
2026-09-19,2026-06-01,2026-09-19,district,WEST MADHYA PRADESH,MADHYA PRADESH,JHABUA,11.9,2.6,358.0,LE,573.3,839.4,-32.0,D,2026-09-19 10:27:25.090919
2026-09-19,2026-06-01,2026-09-19,district,WEST MADHYA PRADESH,MADHYA PRADESH,KHANDWA,2.2,2.6,-15.0,N,702.6,746.5,-6.0,N,2026-09-19 10:27:25.090919
2026-09-19,2026-06-01,2026-09-19,district,WEST MADHYA PRADESH,MADHYA PRADESH,KHARGONE,0.0,4.1,-100.0,NR,741.2,672.4,10.0,N,2026-09-19 10:27:25.090919
2026-09-19,2026-06-01,2026-09-19,district,WEST MADHYA PRADESH,MADHYA PRADESH,MANDSAUR,22.3,1.5,1387.0,LE,750.0,800.3,-6.0,N,2026-09-19 10:27:25.090919
2026-09-19,2026-06-01,2026-09-19,district,WEST MADHYA PRADESH,MADHYA PRADESH,MORENA,0.0,1.7,-100.0,NR,580.6,630.6,-8.0,N,2026-09-19 10:27:25.090919
2026-09-19,2026-06-01,2026-09-19,district,WEST MADHYA PRADESH,MADHYA PRADESH,NARMADAPURAM,13.3,3.6,269.0,LE,794.8,1218.7,-35.0,D,2026-09-19 10:27:25.090919
2026-09-19,2026-06-01,2026-09-19,district,WEST MADHYA PRADESH,MADHYA PRADESH,NEEMUCH,25.6,1.7,1403.0,LE,685.9,753.2,-9.0,N,2026-09-19 10:27:25.090919
2026-09-19,2026-06-01,2026-09-19,district,WEST MADHYA PRADESH,MADHYA PRADESH,RAISEN,19.8,5.0,295.0,LE,839.3,1048.0,-20.0,D,2026-09-19 10:27:25.090919
2026-09-19,2026-06-01,2026-09-19,district,WEST MADHYA PRADESH,MADHYA PRADESH,RAJGARH,36.4,3.1,1074.0,LE,1051.2,862.2,22.0,E,2026-09-19 10:27:25.090919
2026-09-19,2026-06-01,2026-09-19,district,WEST MADHYA PRADESH,MADHYA PRADESH,RATLAM,15.5,2.0,675.0,LE,591.3,876.4,-33.0,D,2026-09-19 10:27:25.090919
2026-09-19,2026-06-01,2026-09-19,district,WEST MADHYA PRADESH,MADHYA PRADESH,SEHORE,7.2,3.9,86.0,LE,878.9,1029.9,-15.0,N,2026-09-19 10:27:25.090919
2026-09-19,2026-06-01,2026-09-19,district,WEST MADHYA PRADESH,MADHYA PRADESH,SHAJAPUR,16.6,2.0,729.0,LE,705.9,864.0,-18.0,N,2026-09-19 10:27:25.090919
2026-09-19,2026-06-01,2026-09-19,district,WEST MADHYA PRADESH,MADHYA PRADESH,SHEOPUR,1.8,2.8,-36.0,D,775.0,653.5,19.0,N,2026-09-19 10:27:25.090919
2026-09-19,2026-06-01,2026-09-19,district,WEST MADHYA PRADESH,MADHYA PRADESH,SHIVPURI,4.3,3.2,35.0,E,963.3,767.1,26.0,E,2026-09-19 10:27:25.090919
2026-09-19,2026-06-01,2026-09-19,district,WEST MADHYA PRADESH,MADHYA PRADESH,UJJAIN,13.5,2.0,574.0,LE,642.4,849.3,-24.0,D,2026-09-19 10:27:25.090919
2026-09-19,2026-06-01,2026-09-19,district,WEST MADHYA PRADESH,MADHYA PRADESH,VIDISHA,21.8,3.6,506.0,LE,811.7,995.0,-18.0,N,2026-09-19 10:27:25.090919
2026-09-19,2026-06-01,2026-09-19,district,WEST RAJASTHAN,RAJASTHAN,BARMER,8.0,1.1,623.0,LE,199.2,264.8,-25.0,D,2026-09-19 10:27:25.090919
2026-09-19,2026-06-01,2026-09-19,district,WEST RAJASTHAN,RAJASTHAN,BIKANER,11.2,0.4,2689.0,LE,222.7,241.6,-8.0,N,2026-09-19 10:27:25.090919
2026-09-19,2026-06-01,2026-09-19,district,WEST RAJASTHAN,RAJASTHAN,CHURU,0.0,0.7,-100.0,NR,292.0,324.0,-10.0,N,2026-09-19 10:27:25.090919
2026-09-19,2026-06-01,2026-09-19,district,WEST RAJASTHAN,RAJASTHAN,HANUMANGARH,0.0,0.7,-100.0,NR,149.2,241.8,-38.0,D,2026-09-19 10:27:25.090919
2026-09-19,2026-06-01,2026-09-19,district,WEST RAJASTHAN,RAJASTHAN,JAISALMER,1.4,0.6,140.0,LE,89.1,172.0,-48.0,D,2026-09-19 10:27:25.090919
2026-09-19,2026-06-01,2026-09-19,district,WEST RAJASTHAN,RAJASTHAN,JALORE,4.0,0.8,400.0,LE,173.4,407.1,-57.0,D,2026-09-19 10:27:25.090919
2026-09-19,2026-06-01,2026-09-19,district,WEST RAJASTHAN,RAJASTHAN,JODHPUR,1.2,0.2,494.0,LE,194.5,284.4,-32.0,D,2026-09-19 10:27:25.090919
2026-09-19,2026-06-01,2026-09-19,district,WEST RAJASTHAN,RAJASTHAN,NAGAUR,0.0,0.6,-100.0,NR,318.7,360.2,-12.0,N,2026-09-19 10:27:25.090919
2026-09-19,2026-06-01,2026-09-19,district,WEST RAJASTHAN,RAJASTHAN,PALI,3.3,0.8,313.0,LE,225.6,479.6,-53.0,D,2026-09-19 10:27:25.090919
2026-09-19,2026-06-01,2026-09-19,district,WEST RAJASTHAN,RAJASTHAN,SRI GANGANAGAR,0.0,1.0,-100.0,NR,177.4,196.4,-10.0,N,2026-09-19 10:27:25.090919
2026-09-19,2026-06-01,2026-09-19,district,WEST UTTAR PRADESH,UTTAR PRADESH,AGRA,0.0,2.5,-100.0,NR,513.3,515.2,0.0,N,2026-09-19 10:27:25.090919
2026-09-19,2026-06-01,2026-09-19,district,WEST UTTAR PRADESH,UTTAR PRADESH,ALIGARH,0.0,2.6,-100.0,NR,314.6,570.9,-45.0,D,2026-09-19 10:27:25.090919
2026-09-19,2026-06-01,2026-09-19,district,WEST UTTAR PRADESH,UTTAR PRADESH,AMROHA,0.0,5.0,-100.0,NR,647.6,793.4,-18.0,N,2026-09-19 10:27:25.090919
2026-09-19,2026-06-01,2026-09-19,district,WEST UTTAR PRADESH,UTTAR PRADESH,AURAIYA,0.0,1.9,-100.0,NR,516.4,498.3,4.0,N,2026-09-19 10:27:25.090919
2026-09-19,2026-06-01,2026-09-19,district,WEST UTTAR PRADESH,UTTAR PRADESH,BADAUN,0.0,2.7,-100.0,NR,656.8,649.7,1.0,N,2026-09-19 10:27:25.090919
2026-09-19,2026-06-01,2026-09-19,district,WEST UTTAR PRADESH,UTTAR PRADESH,BAGHPAT,0.0,1.1,-100.0,NR,493.0,487.6,1.0,N,2026-09-19 10:27:25.090919
2026-09-19,2026-06-01,2026-09-19,district,WEST UTTAR PRADESH,UTTAR PRADESH,BAREILLY,0.0,4.0,-100.0,NR,752.3,756.8,-1.0,N,2026-09-19 10:27:25.090919
2026-09-19,2026-06-01,2026-09-19,district,WEST UTTAR PRADESH,UTTAR PRADESH,BIJNOR,0.0,4.8,-100.0,NR,1118.6,867.9,29.0,E,2026-09-19 10:27:25.090919
2026-09-19,2026-06-01,2026-09-19,district,WEST UTTAR PRADESH,UTTAR PRADESH,BULANDSHAHAR,0.0,2.4,-100.0,NR,454.0,517.2,-12.0,N,2026-09-19 10:27:25.090919
2026-09-19,2026-06-01,2026-09-19,district,WEST UTTAR PRADESH,UTTAR PRADESH,ETAH,0.0,2.7,-100.0,NR,688.5,493.4,40.0,E,2026-09-19 10:27:25.090919
2026-09-19,2026-06-01,2026-09-19,district,WEST UTTAR PRADESH,UTTAR PRADESH,ETAWAH,0.0,2.2,-100.0,NR,644.6,548.7,17.0,N,2026-09-19 10:27:25.090919
2026-09-19,2026-06-01,2026-09-19,district,WEST UTTAR PRADESH,UTTAR PRADESH,FIROZABAD,0.0,3.4,-100.0,NR,710.8,561.9,27.0,E,2026-09-19 10:27:25.090919
2026-09-19,2026-06-01,2026-09-19,district,WEST UTTAR PRADESH,UTTAR PRADESH,GAUTAM BUDDHA NAGAR,0.0,1.3,-100.0,NR,657.0,446.8,47.0,E,2026-09-19 10:27:25.090919
2026-09-19,2026-06-01,2026-09-19,district,WEST UTTAR PRADESH,UTTAR PRADESH,GHAZIABAD,0.0,1.3,-100.0,NR,182.8,449.7,-59.0,D,2026-09-19 10:27:25.090919
2026-09-19,2026-06-01,2026-09-19,district,WEST UTTAR PRADESH,UTTAR PRADESH,HAMIRPUR,0.8,4.9,-84.0,LD,1053.1,680.8,55.0,E,2026-09-19 10:27:25.090919
2026-09-19,2026-06-01,2026-09-19,district,WEST UTTAR PRADESH,UTTAR PRADESH,HAPUR,0.0,0.8,-100.0,NR,312.5,655.1,-52.0,D,2026-09-19 10:27:25.090919
2026-09-19,2026-06-01,2026-09-19,district,WEST UTTAR PRADESH,UTTAR PRADESH,HATHRAS,0.0,1.4,-100.0,NR,466.0,536.4,-13.0,N,2026-09-19 10:27:25.090919
2026-09-19,2026-06-01,2026-09-19,district,WEST UTTAR PRADESH,UTTAR PRADESH,JALAUN,0.0,4.5,-100.0,NR,696.8,619.5,12.0,N,2026-09-19 10:27:25.090919
2026-09-19,2026-06-01,2026-09-19,district,WEST UTTAR PRADESH,UTTAR PRADESH,JHANSI,0.0,3.7,-100.0,NR,563.2,702.3,-20.0,D,2026-09-19 10:27:25.090919
2026-09-19,2026-06-01,2026-09-19,district,WEST UTTAR PRADESH,UTTAR PRADESH,KASGANJ,0.0,2.7,-100.0,NR,568.3,648.1,-12.0,N,2026-09-19 10:27:25.090919
2026-09-19,2026-06-01,2026-09-19,district,WEST UTTAR PRADESH,UTTAR PRADESH,LALITPUR,0.2,6.7,-97.0,LD,956.3,785.4,22.0,E,2026-09-19 10:27:25.090919
2026-09-19,2026-06-01,2026-09-19,district,WEST UTTAR PRADESH,UTTAR PRADESH,MAHOBA,0.0,2.3,-100.0,NR,965.3,575.1,68.0,LE,2026-09-19 10:27:25.090919
2026-09-19,2026-06-01,2026-09-19,district,WEST UTTAR PRADESH,UTTAR PRADESH,MAINPURI,0.0,3.5,-100.0,NR,388.1,633.7,-39.0,D,2026-09-19 10:27:25.090919
2026-09-19,2026-06-01,2026-09-19,district,WEST UTTAR PRADESH,UTTAR PRADESH,MATHURA,0.0,2.6,-100.0,NR,261.6,477.2,-45.0,D,2026-09-19 10:27:25.090919
2026-09-19,2026-06-01,2026-09-19,district,WEST UTTAR PRADESH,UTTAR PRADESH,MEERUT,0.0,3.4,-100.0,NR,996.3,631.8,58.0,E,2026-09-19 10:27:25.090919
2026-09-19,2026-06-01,2026-09-19,district,WEST UTTAR PRADESH,UTTAR PRADESH,MORADABAD,0.0,4.2,-100.0,NR,914.5,841.0,9.0,N,2026-09-19 10:27:25.090919
2026-09-19,2026-06-01,2026-09-19,district,WEST UTTAR PRADESH,UTTAR PRADESH,MUZAFFARNAGAR,0.0,5.2,-100.0,NR,989.6,633.9,56.0,E,2026-09-19 10:27:25.090919
2026-09-19,2026-06-01,2026-09-19,district,WEST UTTAR PRADESH,UTTAR PRADESH,PILIBHIT,0.0,3.6,-100.0,NR,347.4,810.0,-57.0,D,2026-09-19 10:27:25.090919
2026-09-19,2026-06-01,2026-09-19,district,WEST UTTAR PRADESH,UTTAR PRADESH,RAMPUR,1.7,5.3,-67.0,LD,613.2,705.6,-13.0,N,2026-09-19 10:27:25.090919
2026-09-19,2026-06-01,2026-09-19,district,WEST UTTAR PRADESH,UTTAR PRADESH,SAHARANPUR,0.0,3.0,-100.0,NR,518.3,732.4,-29.0,D,2026-09-19 10:27:25.090919
2026-09-19,2026-06-01,2026-09-19,district,WEST UTTAR PRADESH,UTTAR PRADESH,SAMBHAL,0.0,2.7,-100.0,NR,1151.2,640.0,80.0,LE,2026-09-19 10:27:25.090919
2026-09-19,2026-06-01,2026-09-19,district,WEST UTTAR PRADESH,UTTAR PRADESH,SHAHJAHANPUR,0.0,3.6,-100.0,NR,745.3,735.4,1.0,N,2026-09-19 10:27:25.090919
2026-09-19,2026-06-01,2026-09-19,district,WEST UTTAR PRADESH,UTTAR PRADESH,SHAMLI,0.0,1.9,-100.0,NR,166.8,518.8,-68.0,LD,2026-09-19 10:27:25.090919
2026-09-19,2026-06-01,2026-09-19,state,ASSAM & MEGHALAYA,ASSAM,,0.8,8.4,-90.0,LD,1031.6,1386.6,-26.0,D,2026-09-19 10:27:25.090919
2026-09-19,2026-06-01,2026-09-19,state,ASSAM & MEGHALAYA,MEGHALAYA,,2.1,14.6,-85.0,LD,1028.7,2522.7,-59.0,D,2026-09-19 10:27:25.090919
2026-09-19,2026-06-01,2026-09-19,state,BIHAR,UTTAR PRADESH,,0.7,4.6,-84.0,LD,678.1,711.7,-5.0,N,2026-09-19 10:27:25.090919
2026-09-19,2026-06-01,2026-09-19,state,CHHATTISGARH,ANDHRA PRADESH,,3.1,6.6,-53.0,D,265.0,461.0,-43.0,D,2026-09-19 10:27:25.090919
2026-09-19,2026-06-01,2026-09-19,state,COASTAL A. P. & YANAM,ANDHRA PRADESH,,3.1,6.6,-53.0,D,265.0,461.0,-43.0,D,2026-09-19 10:27:25.090919
2026-09-19,2026-06-01,2026-09-19,state,COASTAL A. P. & YANAM,PUDUCHERRY (UT),,1.6,3.2,-51.0,D,214.7,367.0,-42.0,D,2026-09-19 10:27:25.090919
2026-09-19,2026-06-01,2026-09-19,state,EAST MADHYA PRADESH,GUJARAT,,8.6,3.1,176.0,LE,627.1,677.0,-7.0,N,2026-09-19 10:27:25.090919
2026-09-19,2026-06-01,2026-09-19,state,GUJARAT REGION,DADRA & NAGAR HAVELI AND DAMAN & DIU (UT),,7.2,14.4,-50.0,D,2944.4,2094.8,41.0,E,2026-09-19 10:27:25.090919
2026-09-19,2026-06-01,2026-09-19,state,GUJARAT REGION,GUJARAT,,8.6,3.1,176.0,LE,627.1,677.0,-7.0,N,2026-09-19 10:27:25.090919
2026-09-19,2026-06-01,2026-09-19,state,HAR. CHD & DELHI,CHANDIGARH (UT),,0.0,1.0,-100.0,NR,715.4,820.8,-13.0,N,2026-09-19 10:27:25.090919
2026-09-19,2026-06-01,2026-09-19,state,HAR. CHD & DELHI,DELHI,,0.0,1.6,-100.0,NR,562.7,525.2,7.0,N,2026-09-19 10:27:25.090919
2026-09-19,2026-06-01,2026-09-19,state,HAR. CHD & DELHI,HARYANA,,0.0,1.5,-100.0,NR,317.5,409.7,-22.0,D,2026-09-19 10:27:25.090919
2026-09-19,2026-06-01,2026-09-19,state,J & K AND LADAKH,JAMMU & KASHMIR(UT),,0.8,2.4,-66.0,LD,525.8,522.4,1.0,N,2026-09-19 10:27:25.090919
2026-09-19,2026-06-01,2026-09-19,state,J & K AND LADAKH,LADAKH (UT),,0.0,0.0,-100.0,NR,49.4,19.9,148.0,LE,2026-09-19 10:27:25.090919
2026-09-19,2026-06-01,2026-09-19,state,J & K AND LADAKH,RAJASTHAN,,5.8,1.2,384.0,LE,334.5,423.5,-21.0,D,2026-09-19 10:27:25.090919
2026-09-19,2026-06-01,2026-09-19,state,KERALA & MAHE,KERALA,,1.6,8.2,-81.0,LD,1389.5,1926.2,-28.0,D,2026-09-19 10:27:25.090919
2026-09-19,2026-06-01,2026-09-19,state,KERALA & MAHE,PUDUCHERRY (UT),,1.6,3.2,-51.0,D,214.7,367.0,-42.0,D,2026-09-19 10:27:25.090919
2026-09-19,2026-06-01,2026-09-19,state,KONKAN & GOA,GOA,,1.6,11.0,-86.0,LD,1895.2,2905.8,-35.0,D,2026-09-19 10:27:25.090919
2026-09-19,2026-06-01,2026-09-19,state,KONKAN & GOA,MAHARASHTRA,,4.1,5.9,-31.0,D,777.7,933.8,-17.0,N,2026-09-19 10:27:25.090919
2026-09-19,2026-06-01,2026-09-19,state,NMMT,MANIPUR,,3.1,4.5,-30.0,D,551.4,972.8,-43.0,D,2026-09-19 10:27:25.090919
2026-09-19,2026-06-01,2026-09-19,state,NMMT,MIZORAM,,1.3,14.0,-91.0,LD,1247.3,1506.4,-17.0,N,2026-09-19 10:27:25.090919
2026-09-19,2026-06-01,2026-09-19,state,NMMT,NAGALAND,,0.1,4.9,-99.0,LD,1061.7,967.2,10.0,N,2026-09-19 10:27:25.090919
2026-09-19,2026-06-01,2026-09-19,state,NMMT,TRIPURA,,0.1,9.5,-99.0,LD,1108.8,1302.1,-15.0,N,2026-09-19 10:27:25.090919
2026-09-19,2026-06-01,2026-09-19,state,SAURASHTRA & KUTCH,DADRA & NAGAR HAVELI AND DAMAN & DIU (UT),,7.2,14.4,-50.0,D,2944.4,2094.8,41.0,E,2026-09-19 10:27:25.090919
2026-09-19,2026-06-01,2026-09-19,state,SAURASHTRA & KUTCH,GUJARAT,,8.6,3.1,176.0,LE,627.1,677.0,-7.0,N,2026-09-19 10:27:25.090919
2026-09-19,2026-06-01,2026-09-19,state,SHWB & SIKKIM,SIKKIM,,31.3,8.8,256.0,LE,1688.3,1561.6,8.0,N,2026-09-19 10:27:25.090919
2026-09-19,2026-06-01,2026-09-19,state,SHWB & SIKKIM,WEST BENGAL,,2.4,9.3,-74.0,LD,1233.9,1234.3,0.0,N,2026-09-19 10:27:25.090919
2026-09-19,2026-06-01,2026-09-19,state,TAMIL. PUDU.& KARAIKAL,KARNATAKA,,0.3,5.2,-94.0,LD,532.4,768.3,-31.0,D,2026-09-19 10:27:25.090919
2026-09-19,2026-06-01,2026-09-19,state,TAMIL. PUDU.& KARAIKAL,PUDUCHERRY (UT),,1.6,3.2,-51.0,D,214.7,367.0,-42.0,D,2026-09-19 10:27:25.090919
2026-09-19,2026-06-01,2026-09-19,state,TAMIL. PUDU.& KARAIKAL,TAMILNADU,,3.5,3.5,0.0,N,218.3,281.5,-22.0,D,2026-09-19 10:27:25.090919
2026-09-19,2026-06-01,2026-09-19,state,WEST RAJASTHAN,MADHYA PRADESH,,9.3,4.2,121.0,LE,854.8,914.0,-6.0,N,2026-09-19 10:27:25.090919
2026-09-19,2026-06-01,2026-09-19,subdivision,A & N ISLAND,,,31.9,18.5,73.0,LE,1584.7,1476.7,7.0,N,2026-09-19 10:27:25.090919
2026-09-19,2026-06-01,2026-09-19,subdivision,ARUNACHAL PRADESH,,,0.4,9.7,-96.0,LD,915.2,1554.8,-41.0,D,2026-09-19 10:27:25.090919
2026-09-19,2026-06-01,2026-09-19,subdivision,ASSAM & MEGHALAYA,,,1.1,9.8,-88.0,LD,1030.9,1651.0,-38.0,D,2026-09-19 10:27:25.090919
2026-09-19,2026-06-01,2026-09-19,subdivision,BIHAR,,,2.4,5.8,-59.0,D,584.2,919.9,-36.0,D,2026-09-19 10:27:25.090919
2026-09-19,2026-06-01,2026-09-19,subdivision,CHHATTISGARH,,,4.3,7.2,-40.0,D,1021.9,1080.0,-5.0,N,2026-09-19 10:27:25.090919
2026-09-19,2026-06-01,2026-09-19,subdivision,COASTAL A. P. & YANAM,,,4.4,7.5,-41.0,D,332.4,534.9,-38.0,D,2026-09-19 10:27:25.090919
2026-09-19,2026-06-01,2026-09-19,subdivision,COASTAL KARNATAKA,,,0.7,9.1,-92.0,LD,2154.0,2994.9,-28.0,D,2026-09-19 10:27:25.090919
2026-09-19,2026-06-01,2026-09-19,subdivision,EAST MADHYA PRADESH,,,5.5,5.6,-1.0,N,979.7,1007.3,-3.0,N,2026-09-19 10:27:25.090919
2026-09-19,2026-06-01,2026-09-19,subdivision,EAST RAJASTHAN,,,8.3,1.8,363.0,LE,509.7,609.0,-16.0,N,2026-09-19 10:27:25.090919
2026-09-19,2026-06-01,2026-09-19,subdivision,EAST UTTAR PRADESH,,,1.2,5.4,-78.0,LD,680.0,755.6,-10.0,N,2026-09-19 10:27:25.090919
2026-09-19,2026-06-01,2026-09-19,subdivision,GANGETIC WEST BENGAL,,,3.0,8.9,-66.0,LD,1120.0,1065.6,5.0,N,2026-09-19 10:27:25.090919
2026-09-19,2026-06-01,2026-09-19,subdivision,GUJARAT REGION,,,14.1,4.3,228.0,LE,911.8,885.2,3.0,N,2026-09-19 10:27:25.090919
2026-09-19,2026-06-01,2026-09-19,subdivision,HAR. CHD & DELHI,,,0.0,1.6,-100.0,NR,324.6,414.3,-22.0,D,2026-09-19 10:27:25.090919
2026-09-19,2026-06-01,2026-09-19,subdivision,HIMACHAL PRADESH,,,0.0,3.4,-100.0,NR,636.4,701.7,-9.0,N,2026-09-19 10:27:25.090919
2026-09-19,2026-06-01,2026-09-19,subdivision,J & K AND LADAKH,,,0.8,2.4,-66.0,LD,525.8,522.4,1.0,N,2026-09-19 10:27:25.090919
2026-09-19,2026-06-01,2026-09-19,subdivision,JHARKHAND,,,2.5,6.4,-60.0,LD,869.6,950.9,-9.0,N,2026-09-19 10:27:25.090919
2026-09-19,2026-06-01,2026-09-19,subdivision,KERALA & MAHE,,,1.6,8.1,-81.0,LD,1389.6,1926.2,-28.0,D,2026-09-19 10:27:25.090919
2026-09-19,2026-06-01,2026-09-19,subdivision,KONKAN & GOA,,,6.7,12.8,-48.0,D,2416.7,2750.2,-12.0,N,2026-09-19 10:27:25.090919
2026-09-19,2026-06-01,2026-09-19,subdivision,LAKSHADWEEP,,,4.6,5.2,-12.0,N,687.5,974.9,-29.0,D,2026-09-19 10:27:25.090919
2026-09-19,2026-06-01,2026-09-19,subdivision,MADHYA MAHARASHTRA,,,0.9,6.3,-85.0,LD,668.9,683.7,-2.0,N,2026-09-19 10:27:25.090919
2026-09-19,2026-06-01,2026-09-19,subdivision,MARATHWADA,,,0.4,5.4,-92.0,LD,374.1,584.7,-36.0,D,2026-09-19 10:27:25.090919
2026-09-19,2026-06-01,2026-09-19,subdivision,N. I. KARNATAKA,,,0.5,4.9,-89.0,LD,285.0,422.3,-33.0,D,2026-09-19 10:27:25.090919
2026-09-19,2026-06-01,2026-09-19,subdivision,NMMT,,,1.4,8.7,-84.0,LD,986.2,1211.8,-19.0,N,2026-09-19 10:27:25.090919
2026-09-19,2026-06-01,2026-09-19,subdivision,ODISHA,,,5.1,7.6,-33.0,D,1279.3,1084.2,18.0,N,2026-09-19 10:27:25.090919
2026-09-19,2026-06-01,2026-09-19,subdivision,PUNJAB,,,0.0,1.1,-100.0,NR,254.2,417.0,-39.0,D,2026-09-19 10:27:25.090919
2026-09-19,2026-06-01,2026-09-19,subdivision,RAYALASEEMA,,,1.4,5.6,-76.0,LD,176.6,356.3,-50.0,D,2026-09-19 10:27:25.090919
2026-09-19,2026-06-01,2026-09-19,subdivision,S. I. KARNATAKA,,,0.0,4.6,-100.0,NR,420.4,617.6,-32.0,D,2026-09-19 10:27:25.090919
2026-09-19,2026-06-01,2026-09-19,subdivision,SAURASHTRA & KUTCH,,,3.9,2.3,70.0,LE,402.3,510.8,-21.0,D,2026-09-19 10:27:25.090919
2026-09-19,2026-06-01,2026-09-19,subdivision,SHWB & SIKKIM,,,8.1,10.4,-22.0,D,1606.8,1756.8,-9.0,N,2026-09-19 10:27:25.090919
2026-09-19,2026-06-01,2026-09-19,subdivision,TAMIL. PUDU.& KARAIKAL,,,3.5,3.4,3.0,N,218.1,281.5,-23.0,D,2026-09-19 10:27:25.090919
2026-09-19,2026-06-01,2026-09-19,subdivision,TELANGANA,,,2.7,6.2,-57.0,D,536.7,676.3,-21.0,D,2026-09-19 10:27:25.090919
2026-09-19,2026-06-01,2026-09-19,subdivision,UTTARAKHAND,,,0.1,5.9,-99.0,LD,1157.8,1124.3,3.0,N,2026-09-19 10:27:25.090919
2026-09-19,2026-06-01,2026-09-19,subdivision,VIDARBHA,,,9.3,3.7,151.0,LE,651.9,897.8,-27.0,D,2026-09-19 10:27:25.090919
2026-09-19,2026-06-01,2026-09-19,subdivision,WEST MADHYA PRADESH,,,12.1,3.1,292.0,LE,758.9,842.4,-10.0,N,2026-09-19 10:27:25.090919
2026-09-19,2026-06-01,2026-09-19,subdivision,WEST RAJASTHAN,,,3.8,0.6,532.0,LE,194.9,275.7,-29.0,D,2026-09-19 10:27:25.090919
2026-09-19,2026-06-01,2026-09-19,subdivision,WEST UTTAR PRADESH,,,0.1,3.5,-98.0,LD,675.3,650.3,4.0,N,2026-09-19 10:27:25.090919
