date,period_start,period_end,level,subdivision,state,district,day_actual_mm,day_normal_mm,day_departure_pct,day_category,period_actual_mm,period_normal_mm,period_departure_pct,period_category,scraped_at
2026-09-11,2026-06-01,2026-09-11,district,A & N ISLAND,ANDAMAN & NICOBAR ISLANDS,NICOBAR,0.1,6.0,-99.0,LD,490.1,886.9,-45.0,D,2026-09-11 10:45:29.115180
2026-09-11,2026-06-01,2026-09-11,district,A & N ISLAND,ANDAMAN & NICOBAR ISLANDS,NORTH & MIDDLE ANDAMAN,49.8,14.9,234.0,LE,2338.8,1613.3,45.0,E,2026-09-11 10:45:29.115180
2026-09-11,2026-06-01,2026-09-11,district,A & N ISLAND,ANDAMAN & NICOBAR ISLANDS,SOUTH ANDAMAN,0.0,10.5,-100.0,NR,1119.5,1356.3,-17.0,N,2026-09-11 10:45:29.115180
2026-09-11,2026-06-01,2026-09-11,district,ARUNACHAL PRADESH,ARUNACHAL PRADESH,ANJAW,0.0,14.4,-100.0,NR,165.8,1409.4,-88.0,LD,2026-09-11 10:45:29.115180
2026-09-11,2026-06-01,2026-09-11,district,ARUNACHAL PRADESH,ARUNACHAL PRADESH,CHANGLANG,0.0,5.3,-100.0,NR,1010.3,1192.6,-15.0,N,2026-09-11 10:45:29.115180
2026-09-11,2026-06-01,2026-09-11,district,ARUNACHAL PRADESH,ARUNACHAL PRADESH,EAST KAMENG,2.5,8.8,-72.0,LD,1218.9,1064.8,14.0,N,2026-09-11 10:45:29.115180
2026-09-11,2026-06-01,2026-09-11,district,ARUNACHAL PRADESH,ARUNACHAL PRADESH,EAST SIANG,0.0,20.5,-100.0,NR,1963.2,2797.0,-30.0,D,2026-09-11 10:45:29.115180
2026-09-11,2026-06-01,2026-09-11,district,ARUNACHAL PRADESH,ARUNACHAL PRADESH,KURUNG KUMEY,0.0,9.4,-100.0,NR,530.4,1009.4,-47.0,D,2026-09-11 10:45:29.115180
2026-09-11,2026-06-01,2026-09-11,district,ARUNACHAL PRADESH,ARUNACHAL PRADESH,LOHIT,0.0,10.8,-100.0,NR,870.2,1359.3,-36.0,D,2026-09-11 10:45:29.115180
2026-09-11,2026-06-01,2026-09-11,district,ARUNACHAL PRADESH,ARUNACHAL PRADESH,LOWER SUBANSIRI,5.1,4.6,10.0,N,399.3,661.8,-40.0,D,2026-09-11 10:45:29.115180
2026-09-11,2026-06-01,2026-09-11,district,ARUNACHAL PRADESH,ARUNACHAL PRADESH,PAPUMPARA,0.0,17.0,-100.0,NR,1533.6,1926.9,-20.0,D,2026-09-11 10:45:29.115180
2026-09-11,2026-06-01,2026-09-11,district,ARUNACHAL PRADESH,ARUNACHAL PRADESH,TAWANG,1.8,5.0,-64.0,LD,323.0,872.2,-63.0,LD,2026-09-11 10:45:29.115180
2026-09-11,2026-06-01,2026-09-11,district,ARUNACHAL PRADESH,ARUNACHAL PRADESH,TIRAP,0.0,12.1,-100.0,NR,1729.0,1735.9,0.0,N,2026-09-11 10:45:29.115180
2026-09-11,2026-06-01,2026-09-11,district,ARUNACHAL PRADESH,ARUNACHAL PRADESH,UPPER SIANG,0.2,19.7,-99.0,LD,1025.7,1516.7,-32.0,D,2026-09-11 10:45:29.115180
2026-09-11,2026-06-01,2026-09-11,district,ARUNACHAL PRADESH,ARUNACHAL PRADESH,UPPER SUBANSIRI,0.0,12.0,-100.0,NR,321.1,827.1,-61.0,LD,2026-09-11 10:45:29.115180
2026-09-11,2026-06-01,2026-09-11,district,ARUNACHAL PRADESH,ARUNACHAL PRADESH,WEST KAMENG,0.4,12.0,-97.0,LD,485.8,1495.3,-68.0,LD,2026-09-11 10:45:29.115180
2026-09-11,2026-06-01,2026-09-11,district,ARUNACHAL PRADESH,ARUNACHAL PRADESH,WEST SIANG,0.0,15.0,-100.0,NR,572.5,1739.1,-67.0,LD,2026-09-11 10:45:29.115180
2026-09-11,2026-06-01,2026-09-11,district,ASSAM & MEGHALAYA,ASSAM,BAJALI,0.0,15.4,-100.0,NR,1030.5,1871.0,-45.0,D,2026-09-11 10:45:29.115180
2026-09-11,2026-06-01,2026-09-11,district,ASSAM & MEGHALAYA,ASSAM,BAKSA,0.4,9.5,-96.0,LD,1105.0,1361.0,-19.0,N,2026-09-11 10:45:29.115180
2026-09-11,2026-06-01,2026-09-11,district,ASSAM & MEGHALAYA,ASSAM,BARPETA,0.0,15.4,-100.0,NR,1155.6,1871.0,-38.0,D,2026-09-11 10:45:29.115180
2026-09-11,2026-06-01,2026-09-11,district,ASSAM & MEGHALAYA,ASSAM,BONGAIGAON,0.0,19.5,-100.0,NR,846.2,2117.6,-60.0,LD,2026-09-11 10:45:29.115180
2026-09-11,2026-06-01,2026-09-11,district,ASSAM & MEGHALAYA,ASSAM,CACHAR,3.2,16.3,-81.0,LD,1529.7,1638.9,-7.0,N,2026-09-11 10:45:29.115180
2026-09-11,2026-06-01,2026-09-11,district,ASSAM & MEGHALAYA,ASSAM,CHARAIDEO,0.0,11.4,-100.0,NR,1156.0,922.4,25.0,E,2026-09-11 10:45:29.115180
2026-09-11,2026-06-01,2026-09-11,district,ASSAM & MEGHALAYA,ASSAM,CHIRANG,0.0,18.5,-100.0,NR,1171.3,2137.8,-45.0,D,2026-09-11 10:45:29.115180
2026-09-11,2026-06-01,2026-09-11,district,ASSAM & MEGHALAYA,ASSAM,DARRANG,0.0,8.7,-100.0,NR,675.3,1146.3,-41.0,D,2026-09-11 10:45:29.115180
2026-09-11,2026-06-01,2026-09-11,district,ASSAM & MEGHALAYA,ASSAM,DHEMAJI,0.0,15.9,-100.0,NR,2008.8,1806.9,11.0,N,2026-09-11 10:45:29.115180
2026-09-11,2026-06-01,2026-09-11,district,ASSAM & MEGHALAYA,ASSAM,DHUBRI,3.9,9.0,-57.0,D,1167.6,1840.0,-37.0,D,2026-09-11 10:45:29.115180
2026-09-11,2026-06-01,2026-09-11,district,ASSAM & MEGHALAYA,ASSAM,DIBRUGARH,0.0,11.4,-100.0,NR,1049.2,1324.6,-21.0,D,2026-09-11 10:45:29.115180
2026-09-11,2026-06-01,2026-09-11,district,ASSAM & MEGHALAYA,ASSAM,DIMA HASAO,0.7,9.4,-93.0,LD,538.7,913.1,-41.0,D,2026-09-11 10:45:29.115180
2026-09-11,2026-06-01,2026-09-11,district,ASSAM & MEGHALAYA,ASSAM,GOALPARA,0.2,7.0,-97.0,LD,952.5,1778.5,-46.0,D,2026-09-11 10:45:29.115180
2026-09-11,2026-06-01,2026-09-11,district,ASSAM & MEGHALAYA,ASSAM,GOLAGHAT,4.5,5.8,-22.0,D,837.4,929.1,-10.0,N,2026-09-11 10:45:29.115180
2026-09-11,2026-06-01,2026-09-11,district,ASSAM & MEGHALAYA,ASSAM,HAILAKANDI,0.0,10.7,-100.0,NR,1189.3,1351.3,-12.0,N,2026-09-11 10:45:29.115180
2026-09-11,2026-06-01,2026-09-11,district,ASSAM & MEGHALAYA,ASSAM,HOJAI,0.5,10.8,-95.0,LD,415.8,672.0,-38.0,D,2026-09-11 10:45:29.115180
2026-09-11,2026-06-01,2026-09-11,district,ASSAM & MEGHALAYA,ASSAM,JORHAT,1.2,9.7,-88.0,LD,775.5,1121.2,-31.0,D,2026-09-11 10:45:29.115180
2026-09-11,2026-06-01,2026-09-11,district,ASSAM & MEGHALAYA,ASSAM,KAMRUP METROPOLITAN,0.8,6.9,-88.0,LD,770.1,944.0,-18.0,N,2026-09-11 10:45:29.115180
2026-09-11,2026-06-01,2026-09-11,district,ASSAM & MEGHALAYA,ASSAM,KAMRUP RURAL,1.2,7.0,-83.0,LD,603.6,1152.4,-48.0,D,2026-09-11 10:45:29.115180
2026-09-11,2026-06-01,2026-09-11,district,ASSAM & MEGHALAYA,ASSAM,KARBI ANGLONG,0.0,8.3,-100.0,NR,633.1,727.3,-13.0,N,2026-09-11 10:45:29.115180
2026-09-11,2026-06-01,2026-09-11,district,ASSAM & MEGHALAYA,ASSAM,KOKRAJHAR,1.5,15.0,-90.0,LD,2111.7,2387.6,-12.0,N,2026-09-11 10:45:29.115180
2026-09-11,2026-06-01,2026-09-11,district,ASSAM & MEGHALAYA,ASSAM,LAKHIMPUR,0.0,15.2,-100.0,NR,2076.9,1796.9,16.0,N,2026-09-11 10:45:29.115180
2026-09-11,2026-06-01,2026-09-11,district,ASSAM & MEGHALAYA,ASSAM,MORIGAON,0.0,6.9,-100.0,NR,610.9,999.5,-39.0,D,2026-09-11 10:45:29.115180
2026-09-11,2026-06-01,2026-09-11,district,ASSAM & MEGHALAYA,ASSAM,NAGAON,0.0,8.9,-100.0,NR,503.1,916.1,-45.0,D,2026-09-11 10:45:29.115180
2026-09-11,2026-06-01,2026-09-11,district,ASSAM & MEGHALAYA,ASSAM,NALBARI,1.3,10.7,-88.0,LD,557.9,1416.4,-61.0,LD,2026-09-11 10:45:29.115180
2026-09-11,2026-06-01,2026-09-11,district,ASSAM & MEGHALAYA,ASSAM,SIBSAGAR,0.0,10.1,-100.0,NR,761.9,1053.1,-28.0,D,2026-09-11 10:45:29.115180
2026-09-11,2026-06-01,2026-09-11,district,ASSAM & MEGHALAYA,ASSAM,SONITPUR,0.0,11.9,-100.0,NR,1007.1,1058.2,-5.0,N,2026-09-11 10:45:29.115180
2026-09-11,2026-06-01,2026-09-11,district,ASSAM & MEGHALAYA,ASSAM,TAMULPUR,0.0,9.1,-100.0,NR,1083.3,1198.5,-10.0,N,2026-09-11 10:45:29.115180
2026-09-11,2026-06-01,2026-09-11,district,ASSAM & MEGHALAYA,ASSAM,TINSUKIA,0.0,12.5,-100.0,NR,1160.4,1299.0,-11.0,N,2026-09-11 10:45:29.115180
2026-09-11,2026-06-01,2026-09-11,district,ASSAM & MEGHALAYA,ASSAM,UDALGURI,0.0,6.4,-100.0,NR,525.0,1267.4,-59.0,D,2026-09-11 10:45:29.115180
2026-09-11,2026-06-01,2026-09-11,district,ASSAM & MEGHALAYA,ASSAM,WEST KARBI ANGLONG,0.0,7.5,-100.0,NR,569.4,622.5,-9.0,N,2026-09-11 10:45:29.115180
2026-09-11,2026-06-01,2026-09-11,district,ASSAM & MEGHALAYA,MEGHALAYA,EAST GARO HILLS,1.2,15.2,-92.0,LD,602.1,1650.8,-64.0,LD,2026-09-11 10:45:29.115180
2026-09-11,2026-06-01,2026-09-11,district,ASSAM & MEGHALAYA,MEGHALAYA,EAST JAINTIA HILLS,4.6,21.1,-78.0,LD,1424.2,4040.6,-65.0,LD,2026-09-11 10:45:29.115180
2026-09-11,2026-06-01,2026-09-11,district,ASSAM & MEGHALAYA,MEGHALAYA,EAST KHASI HILLS,1.0,20.8,-95.0,LD,1922.2,3990.8,-52.0,D,2026-09-11 10:45:29.115180
2026-09-11,2026-06-01,2026-09-11,district,ASSAM & MEGHALAYA,MEGHALAYA,NORTH GARO HILLS,0.3,17.2,-99.0,LD,570.2,1614.6,-65.0,LD,2026-09-11 10:45:29.115180
2026-09-11,2026-06-01,2026-09-11,district,ASSAM & MEGHALAYA,MEGHALAYA,RI BHOI,7.1,10.3,-31.0,D,749.2,1373.8,-45.0,D,2026-09-11 10:45:29.115180
2026-09-11,2026-06-01,2026-09-11,district,ASSAM & MEGHALAYA,MEGHALAYA,SOUTH GARO HILLS,1.4,17.2,-92.0,LD,824.9,1614.6,-49.0,D,2026-09-11 10:45:29.115180
2026-09-11,2026-06-01,2026-09-11,district,ASSAM & MEGHALAYA,MEGHALAYA,SOUTH WEST GARO HILLS,0.2,17.2,-99.0,LD,513.9,1614.6,-68.0,LD,2026-09-11 10:45:29.115180
2026-09-11,2026-06-01,2026-09-11,district,ASSAM & MEGHALAYA,MEGHALAYA,SOUTH WEST KHASI HILLS,3.8,17.2,-78.0,LD,2600.3,1614.6,61.0,LE,2026-09-11 10:45:29.115180
2026-09-11,2026-06-01,2026-09-11,district,ASSAM & MEGHALAYA,MEGHALAYA,WEST GARO HILLS,1.3,14.9,-91.0,LD,460.0,1637.0,-72.0,LD,2026-09-11 10:45:29.115180
2026-09-11,2026-06-01,2026-09-11,district,ASSAM & MEGHALAYA,MEGHALAYA,WEST JAINTIA HILLS,0.1,21.1,-99.0,LD,845.0,4040.6,-79.0,LD,2026-09-11 10:45:29.115180
2026-09-11,2026-06-01,2026-09-11,district,ASSAM & MEGHALAYA,MEGHALAYA,WEST KHASI HILLS,11.9,11.7,2.0,N,785.7,2376.2,-67.0,LD,2026-09-11 10:45:29.115180
2026-09-11,2026-06-01,2026-09-11,district,BIHAR,BIHAR,ARARIA,15.4,9.1,69.0,LE,800.3,1200.6,-33.0,D,2026-09-11 10:45:29.115180
2026-09-11,2026-06-01,2026-09-11,district,BIHAR,BIHAR,ARWAL,3.9,6.6,-40.0,D,454.4,610.6,-26.0,D,2026-09-11 10:45:29.115180
2026-09-11,2026-06-01,2026-09-11,district,BIHAR,BIHAR,AURANGABAD,28.0,7.4,278.0,LE,822.0,751.1,9.0,N,2026-09-11 10:45:29.115180
2026-09-11,2026-06-01,2026-09-11,district,BIHAR,BIHAR,BANKA,22.7,5.0,355.0,LE,502.3,735.6,-32.0,D,2026-09-11 10:45:29.115180
2026-09-11,2026-06-01,2026-09-11,district,BIHAR,BIHAR,BEGUSARAI,13.6,10.9,24.0,E,550.6,863.0,-36.0,D,2026-09-11 10:45:29.115180
2026-09-11,2026-06-01,2026-09-11,district,BIHAR,BIHAR,BHABUA,7.6,11.1,-31.0,D,483.4,770.0,-37.0,D,2026-09-11 10:45:29.115180
2026-09-11,2026-06-01,2026-09-11,district,BIHAR,BIHAR,BHAGALPUR,25.8,4.9,426.0,LE,410.4,823.7,-50.0,D,2026-09-11 10:45:29.115180
2026-09-11,2026-06-01,2026-09-11,district,BIHAR,BIHAR,BHOJPUR,2.5,10.8,-76.0,LD,473.6,765.5,-38.0,D,2026-09-11 10:45:29.115180
2026-09-11,2026-06-01,2026-09-11,district,BIHAR,BIHAR,BUXAR,16.4,7.8,110.0,LE,631.2,692.1,-9.0,N,2026-09-11 10:45:29.115180
2026-09-11,2026-06-01,2026-09-11,district,BIHAR,BIHAR,DARBHANGA,12.1,5.6,117.0,LE,374.3,781.0,-52.0,D,2026-09-11 10:45:29.115180
2026-09-11,2026-06-01,2026-09-11,district,BIHAR,BIHAR,EAST CHAMPARAN,9.4,6.8,39.0,E,512.7,925.9,-45.0,D,2026-09-11 10:45:29.115180
2026-09-11,2026-06-01,2026-09-11,district,BIHAR,BIHAR,GAYA,4.5,6.3,-28.0,D,597.3,726.8,-18.0,N,2026-09-11 10:45:29.115180
2026-09-11,2026-06-01,2026-09-11,district,BIHAR,BIHAR,GOPALGANJ,7.4,9.4,-21.0,D,521.7,835.3,-38.0,D,2026-09-11 10:45:29.115180
2026-09-11,2026-06-01,2026-09-11,district,BIHAR,BIHAR,JAHANABAD,1.0,6.6,-85.0,LD,306.1,718.7,-57.0,D,2026-09-11 10:45:29.115180
2026-09-11,2026-06-01,2026-09-11,district,BIHAR,BIHAR,JAMUI,22.7,5.3,329.0,LE,484.3,794.4,-39.0,D,2026-09-11 10:45:29.115180
2026-09-11,2026-06-01,2026-09-11,district,BIHAR,BIHAR,KATIHAR,18.6,7.9,136.0,LE,601.9,903.4,-33.0,D,2026-09-11 10:45:29.115180
2026-09-11,2026-06-01,2026-09-11,district,BIHAR,BIHAR,KHAGARIA,22.4,7.7,191.0,LE,756.5,826.0,-8.0,N,2026-09-11 10:45:29.115180
2026-09-11,2026-06-01,2026-09-11,district,BIHAR,BIHAR,KISHANGANJ,21.1,9.3,127.0,LE,1034.5,1524.8,-32.0,D,2026-09-11 10:45:29.115180
2026-09-11,2026-06-01,2026-09-11,district,BIHAR,BIHAR,LAKHISARAI,8.7,3.0,191.0,LE,666.6,721.3,-8.0,N,2026-09-11 10:45:29.115180
2026-09-11,2026-06-01,2026-09-11,district,BIHAR,BIHAR,MADHEPURA,19.8,8.8,125.0,LE,597.8,891.5,-33.0,D,2026-09-11 10:45:29.115180
2026-09-11,2026-06-01,2026-09-11,district,BIHAR,BIHAR,MADHUBANI,14.9,6.5,129.0,LE,505.5,863.0,-41.0,D,2026-09-11 10:45:29.115180
2026-09-11,2026-06-01,2026-09-11,district,BIHAR,BIHAR,MUNGER,31.9,5.1,525.0,LE,632.9,879.3,-28.0,D,2026-09-11 10:45:29.115180
2026-09-11,2026-06-01,2026-09-11,district,BIHAR,BIHAR,MUZAFFARPUR,9.5,8.0,18.0,N,423.8,831.3,-49.0,D,2026-09-11 10:45:29.115180
2026-09-11,2026-06-01,2026-09-11,district,BIHAR,BIHAR,NALANDA,5.3,7.2,-26.0,D,470.6,730.2,-36.0,D,2026-09-11 10:45:29.115180
2026-09-11,2026-06-01,2026-09-11,district,BIHAR,BIHAR,NAWADA,9.1,6.4,42.0,E,570.1,718.0,-21.0,D,2026-09-11 10:45:29.115180
2026-09-11,2026-06-01,2026-09-11,district,BIHAR,BIHAR,PATNA,2.8,5.8,-53.0,D,435.2,764.8,-43.0,D,2026-09-11 10:45:29.115180
2026-09-11,2026-06-01,2026-09-11,district,BIHAR,BIHAR,PURNEA,16.5,8.9,85.0,LE,716.2,1217.7,-41.0,D,2026-09-11 10:45:29.115180
2026-09-11,2026-06-01,2026-09-11,district,BIHAR,BIHAR,ROHTAS,20.0,8.9,125.0,LE,585.8,735.1,-20.0,D,2026-09-11 10:45:29.115180
2026-09-11,2026-06-01,2026-09-11,district,BIHAR,BIHAR,SAHARSA,6.6,5.9,13.0,N,489.3,933.5,-48.0,D,2026-09-11 10:45:29.115180
2026-09-11,2026-06-01,2026-09-11,district,BIHAR,BIHAR,SAMASTIPUR,13.2,8.1,63.0,LE,438.9,804.8,-45.0,D,2026-09-11 10:45:29.115180
2026-09-11,2026-06-01,2026-09-11,district,BIHAR,BIHAR,SARAN,12.0,8.8,36.0,E,420.3,781.4,-46.0,D,2026-09-11 10:45:29.115180
2026-09-11,2026-06-01,2026-09-11,district,BIHAR,BIHAR,SHEIKHPURA,26.9,6.1,341.0,LE,491.6,705.1,-30.0,D,2026-09-11 10:45:29.115180
2026-09-11,2026-06-01,2026-09-11,district,BIHAR,BIHAR,SHEOHAR,6.6,4.0,64.0,LE,340.7,876.2,-61.0,LD,2026-09-11 10:45:29.115180
2026-09-11,2026-06-01,2026-09-11,district,BIHAR,BIHAR,SITAMARHI,8.0,6.3,26.0,E,393.5,943.4,-58.0,D,2026-09-11 10:45:29.115180
2026-09-11,2026-06-01,2026-09-11,district,BIHAR,BIHAR,SIWAN,16.9,13.0,30.0,E,706.9,770.0,-8.0,N,2026-09-11 10:45:29.115180
2026-09-11,2026-06-01,2026-09-11,district,BIHAR,BIHAR,SUPAUL,15.2,7.9,92.0,LE,690.1,941.0,-27.0,D,2026-09-11 10:45:29.115180
2026-09-11,2026-06-01,2026-09-11,district,BIHAR,BIHAR,VAISHALI,11.6,6.7,74.0,LE,468.6,785.1,-40.0,D,2026-09-11 10:45:29.115180
2026-09-11,2026-06-01,2026-09-11,district,BIHAR,BIHAR,WEST CHAMPARAN,7.7,9.9,-22.0,D,673.4,1088.3,-38.0,D,2026-09-11 10:45:29.115180
2026-09-11,2026-06-01,2026-09-11,district,CHHATTISGARH,CHHATTISGARH,BALOD,37.6,5.9,538.0,LE,969.9,921.9,5.0,N,2026-09-11 10:45:29.115180
2026-09-11,2026-06-01,2026-09-11,district,CHHATTISGARH,CHHATTISGARH,BALODA BAZAR,6.0,5.8,4.0,N,971.9,844.4,15.0,N,2026-09-11 10:45:29.115180
2026-09-11,2026-06-01,2026-09-11,district,CHHATTISGARH,CHHATTISGARH,BALRAMPUR,19.5,12.4,57.0,E,1474.1,889.3,66.0,LE,2026-09-11 10:45:29.115180
2026-09-11,2026-06-01,2026-09-11,district,CHHATTISGARH,CHHATTISGARH,BASTAR,51.3,8.2,526.0,LE,930.9,1054.0,-12.0,N,2026-09-11 10:45:29.115180
2026-09-11,2026-06-01,2026-09-11,district,CHHATTISGARH,CHHATTISGARH,BEMETARA,3.5,5.6,-38.0,D,543.8,941.0,-42.0,D,2026-09-11 10:45:29.115180
2026-09-11,2026-06-01,2026-09-11,district,CHHATTISGARH,CHHATTISGARH,BIJAPUR,2.1,8.6,-75.0,LD,1254.3,1250.4,0.0,N,2026-09-11 10:45:29.115180
2026-09-11,2026-06-01,2026-09-11,district,CHHATTISGARH,CHHATTISGARH,BILASPUR,2.3,5.6,-59.0,D,951.3,949.8,0.0,N,2026-09-11 10:45:29.115180
2026-09-11,2026-06-01,2026-09-11,district,CHHATTISGARH,CHHATTISGARH,DANTEWADA,24.5,7.2,241.0,LE,962.4,1168.1,-18.0,N,2026-09-11 10:45:29.115180
2026-09-11,2026-06-01,2026-09-11,district,CHHATTISGARH,CHHATTISGARH,DHAMTARI,61.2,10.2,500.0,LE,1008.1,957.9,5.0,N,2026-09-11 10:45:29.115180
2026-09-11,2026-06-01,2026-09-11,district,CHHATTISGARH,CHHATTISGARH,DURG,7.3,12.2,-41.0,D,712.6,878.3,-19.0,N,2026-09-11 10:45:29.115180
2026-09-11,2026-06-01,2026-09-11,district,CHHATTISGARH,CHHATTISGARH,GARIABAND,42.5,7.6,459.0,LE,1079.2,952.3,13.0,N,2026-09-11 10:45:29.115180
2026-09-11,2026-06-01,2026-09-11,district,CHHATTISGARH,CHHATTISGARH,GAURELA PENDRA MARWAHI,2.0,6.8,-71.0,LD,873.4,971.9,-10.0,N,2026-09-11 10:45:29.115180
2026-09-11,2026-06-01,2026-09-11,district,CHHATTISGARH,CHHATTISGARH,JANJGIR,4.9,6.6,-26.0,D,1085.3,996.5,9.0,N,2026-09-11 10:45:29.115180
2026-09-11,2026-06-01,2026-09-11,district,CHHATTISGARH,CHHATTISGARH,JASHPUR,16.3,14.1,16.0,N,786.2,1213.7,-35.0,D,2026-09-11 10:45:29.115180
2026-09-11,2026-06-01,2026-09-11,district,CHHATTISGARH,CHHATTISGARH,KABIRDHAM,3.2,5.9,-46.0,D,599.9,776.5,-23.0,D,2026-09-11 10:45:29.115180
2026-09-11,2026-06-01,2026-09-11,district,CHHATTISGARH,CHHATTISGARH,KANKER,36.7,9.0,308.0,LE,776.5,1208.4,-36.0,D,2026-09-11 10:45:29.115180
2026-09-11,2026-06-01,2026-09-11,district,CHHATTISGARH,CHHATTISGARH,KHAIRAGARH CHH GANDAI,4.8,5.5,-13.0,N,624.1,661.0,-6.0,N,2026-09-11 10:45:29.115180
2026-09-11,2026-06-01,2026-09-11,district,CHHATTISGARH,CHHATTISGARH,KONDAGAON,32.8,10.1,225.0,LE,835.0,1055.3,-21.0,D,2026-09-11 10:45:29.115180
2026-09-11,2026-06-01,2026-09-11,district,CHHATTISGARH,CHHATTISGARH,KORBA,5.4,8.8,-39.0,D,1027.6,1145.5,-10.0,N,2026-09-11 10:45:29.115180
2026-09-11,2026-06-01,2026-09-11,district,CHHATTISGARH,CHHATTISGARH,KORIYA,5.7,6.9,-17.0,N,885.1,1002.2,-12.0,N,2026-09-11 10:45:29.115180
2026-09-11,2026-06-01,2026-09-11,district,CHHATTISGARH,CHHATTISGARH,MAHASAMUND,17.3,7.1,143.0,LE,1094.0,960.3,14.0,N,2026-09-11 10:45:29.115180
2026-09-11,2026-06-01,2026-09-11,district,CHHATTISGARH,CHHATTISGARH,MANENDRAGARH BHARATPUR,15.5,6.9,125.0,LE,1111.6,1002.0,11.0,N,2026-09-11 10:45:29.115180
2026-09-11,2026-06-01,2026-09-11,district,CHHATTISGARH,CHHATTISGARH,MOHALA MANPUR CHOWKI,24.9,7.3,241.0,LE,763.7,925.4,-17.0,N,2026-09-11 10:45:29.115180
2026-09-11,2026-06-01,2026-09-11,district,CHHATTISGARH,CHHATTISGARH,MUNGELI,0.0,4.9,-100.0,NR,1061.8,856.0,24.0,E,2026-09-11 10:45:29.115180
2026-09-11,2026-06-01,2026-09-11,district,CHHATTISGARH,CHHATTISGARH,NARAYANPUR,13.0,6.9,88.0,LE,1297.1,1120.4,16.0,N,2026-09-11 10:45:29.115180
2026-09-11,2026-06-01,2026-09-11,district,CHHATTISGARH,CHHATTISGARH,RAIGARH,10.7,13.1,-18.0,N,939.6,1081.3,-13.0,N,2026-09-11 10:45:29.115180
2026-09-11,2026-06-01,2026-09-11,district,CHHATTISGARH,CHHATTISGARH,RAIPUR,18.7,7.2,160.0,LE,1072.2,913.8,17.0,N,2026-09-11 10:45:29.115180
2026-09-11,2026-06-01,2026-09-11,district,CHHATTISGARH,CHHATTISGARH,RAJNANDGAON,20.7,7.0,196.0,LE,777.9,930.6,-16.0,N,2026-09-11 10:45:29.115180
2026-09-11,2026-06-01,2026-09-11,district,CHHATTISGARH,CHHATTISGARH,SAKTI,10.8,9.1,18.0,N,915.9,1025.3,-11.0,N,2026-09-11 10:45:29.115180
2026-09-11,2026-06-01,2026-09-11,district,CHHATTISGARH,CHHATTISGARH,SARANGARH BILAIGARH,5.4,8.5,-36.0,D,1112.6,840.3,32.0,E,2026-09-11 10:45:29.115180
2026-09-11,2026-06-01,2026-09-11,district,CHHATTISGARH,CHHATTISGARH,SUKMA,27.6,9.2,200.0,LE,892.0,1073.4,-17.0,N,2026-09-11 10:45:29.115180
2026-09-11,2026-06-01,2026-09-11,district,CHHATTISGARH,CHHATTISGARH,SURAJPUR,5.8,7.6,-23.0,D,1165.9,1081.6,8.0,N,2026-09-11 10:45:29.115180
2026-09-11,2026-06-01,2026-09-11,district,CHHATTISGARH,CHHATTISGARH,SURGUJA,9.6,8.7,10.0,N,645.6,1060.5,-39.0,D,2026-09-11 10:45:29.115180
2026-09-11,2026-06-01,2026-09-11,district,COASTAL A. P. & YANAM,ANDHRA PRADESH,ANAKAPALLI,17.5,6.5,169.0,LE,307.5,510.7,-40.0,D,2026-09-11 10:45:29.115180
2026-09-11,2026-06-01,2026-09-11,district,COASTAL A. P. & YANAM,ANDHRA PRADESH,BAPATLA,3.8,5.2,-27.0,D,219.1,443.3,-51.0,D,2026-09-11 10:45:29.115180
2026-09-11,2026-06-01,2026-09-11,district,COASTAL A. P. & YANAM,ANDHRA PRADESH,DR B R AMBEDKAR KONASEEMA,0.0,5.3,-100.0,NR,467.4,655.6,-29.0,D,2026-09-11 10:45:29.115180
2026-09-11,2026-06-01,2026-09-11,district,COASTAL A. P. & YANAM,ANDHRA PRADESH,EAST GODAVARI,0.0,5.8,-100.0,NR,356.9,615.2,-42.0,D,2026-09-11 10:45:29.115180
2026-09-11,2026-06-01,2026-09-11,district,COASTAL A. P. & YANAM,ANDHRA PRADESH,ELURU,0.4,6.5,-94.0,LD,425.0,741.2,-43.0,D,2026-09-11 10:45:29.115180
2026-09-11,2026-06-01,2026-09-11,district,COASTAL A. P. & YANAM,ANDHRA PRADESH,GUNTUR,22.5,4.2,436.0,LE,372.2,491.0,-24.0,D,2026-09-11 10:45:29.115180
2026-09-11,2026-06-01,2026-09-11,district,COASTAL A. P. & YANAM,ANDHRA PRADESH,KAKINADA,3.9,6.4,-39.0,D,309.2,548.6,-44.0,D,2026-09-11 10:45:29.115180
2026-09-11,2026-06-01,2026-09-11,district,COASTAL A. P. & YANAM,ANDHRA PRADESH,KRISHNA,0.0,5.5,-100.0,NR,348.0,556.6,-37.0,D,2026-09-11 10:45:29.115180
2026-09-11,2026-06-01,2026-09-11,district,COASTAL A. P. & YANAM,ANDHRA PRADESH,NTR DISTRICT,9.0,7.0,28.0,E,364.6,598.0,-39.0,D,2026-09-11 10:45:29.115180
2026-09-11,2026-06-01,2026-09-11,district,COASTAL A. P. & YANAM,ANDHRA PRADESH,PALNADU,0.8,6.0,-87.0,LD,251.0,445.3,-44.0,D,2026-09-11 10:45:29.115180
2026-09-11,2026-06-01,2026-09-11,district,COASTAL A. P. & YANAM,ANDHRA PRADESH,PARVATHIPURAM MANYAM,32.9,9.1,262.0,LE,405.6,663.3,-39.0,D,2026-09-11 10:45:29.115180
2026-09-11,2026-06-01,2026-09-11,district,COASTAL A. P. & YANAM,ANDHRA PRADESH,PRAKASAM,5.5,3.7,48.0,E,121.2,288.6,-58.0,D,2026-09-11 10:45:29.115180
2026-09-11,2026-06-01,2026-09-11,district,COASTAL A. P. & YANAM,ANDHRA PRADESH,SPSR NELLORE,0.5,2.9,-83.0,LD,150.9,258.8,-42.0,D,2026-09-11 10:45:29.115180
2026-09-11,2026-06-01,2026-09-11,district,COASTAL A. P. & YANAM,ANDHRA PRADESH,SRI ALLURI SITHARAMARAJU DISTRICT,11.4,7.5,52.0,E,374.6,782.0,-52.0,D,2026-09-11 10:45:29.115180
2026-09-11,2026-06-01,2026-09-11,district,COASTAL A. P. & YANAM,ANDHRA PRADESH,SRIKAKULAM,29.9,8.9,236.0,LE,390.0,597.6,-35.0,D,2026-09-11 10:45:29.115180
2026-09-11,2026-06-01,2026-09-11,district,COASTAL A. P. & YANAM,ANDHRA PRADESH,VISHAKHAPATNAM,7.0,4.6,53.0,E,253.4,458.9,-45.0,D,2026-09-11 10:45:29.115180
2026-09-11,2026-06-01,2026-09-11,district,COASTAL A. P. & YANAM,ANDHRA PRADESH,VIZIANAGARAM,18.7,8.4,122.0,LE,382.0,565.4,-32.0,D,2026-09-11 10:45:29.115180
2026-09-11,2026-06-01,2026-09-11,district,COASTAL A. P. & YANAM,ANDHRA PRADESH,WEST GODAVARI,0.0,5.9,-100.0,NR,328.6,625.3,-47.0,D,2026-09-11 10:45:29.115180
2026-09-11,2026-06-01,2026-09-11,district,COASTAL A. P. & YANAM,PUDUCHERRY (UT),YANAM,0.0,6.9,-100.0,NR,319.6,619.0,-48.0,D,2026-09-11 10:45:29.115180
2026-09-11,2026-06-01,2026-09-11,district,COASTAL KARNATAKA,KARNATAKA,DAKSHINA KANNADA,0.0,10.7,-100.0,NR,2455.9,3131.2,-22.0,D,2026-09-11 10:45:29.115180
2026-09-11,2026-06-01,2026-09-11,district,COASTAL KARNATAKA,KARNATAKA,UDUPI,0.0,13.6,-100.0,NR,2555.1,3545.2,-28.0,D,2026-09-11 10:45:29.115180
2026-09-11,2026-06-01,2026-09-11,district,COASTAL KARNATAKA,KARNATAKA,UTTARA KANNADA,0.0,6.4,-100.0,NR,1862.2,2592.5,-28.0,D,2026-09-11 10:45:29.115180
2026-09-11,2026-06-01,2026-09-11,district,EAST MADHYA PRADESH,MADHYA PRADESH,ANUPPUR,3.6,7.6,-53.0,D,988.7,899.2,10.0,N,2026-09-11 10:45:29.115180
2026-09-11,2026-06-01,2026-09-11,district,EAST MADHYA PRADESH,MADHYA PRADESH,BALAGHAT,2.4,7.0,-66.0,LD,1015.4,1133.5,-10.0,N,2026-09-11 10:45:29.115180
2026-09-11,2026-06-01,2026-09-11,district,EAST MADHYA PRADESH,MADHYA PRADESH,CHHATARPUR,14.7,6.3,133.0,LE,925.4,865.2,7.0,N,2026-09-11 10:45:29.115180
2026-09-11,2026-06-01,2026-09-11,district,EAST MADHYA PRADESH,MADHYA PRADESH,CHHINDWARA,2.3,7.6,-69.0,LD,694.3,935.1,-26.0,D,2026-09-11 10:45:29.115180
2026-09-11,2026-06-01,2026-09-11,district,EAST MADHYA PRADESH,MADHYA PRADESH,DAMOH,59.7,8.7,587.0,LE,904.7,999.9,-10.0,N,2026-09-11 10:45:29.115180
2026-09-11,2026-06-01,2026-09-11,district,EAST MADHYA PRADESH,MADHYA PRADESH,DINDORI,1.5,9.7,-85.0,LD,1020.0,1091.0,-7.0,N,2026-09-11 10:45:29.115180
2026-09-11,2026-06-01,2026-09-11,district,EAST MADHYA PRADESH,MADHYA PRADESH,JABALPUR,18.9,8.7,117.0,LE,868.9,1043.2,-17.0,N,2026-09-11 10:45:29.115180
2026-09-11,2026-06-01,2026-09-11,district,EAST MADHYA PRADESH,MADHYA PRADESH,KATNI,17.0,6.0,184.0,LE,808.3,869.4,-7.0,N,2026-09-11 10:45:29.115180
2026-09-11,2026-06-01,2026-09-11,district,EAST MADHYA PRADESH,MADHYA PRADESH,MAIHAR,12.5,4.8,160.0,LE,1028.7,883.6,16.0,N,2026-09-11 10:45:29.115180
2026-09-11,2026-06-01,2026-09-11,district,EAST MADHYA PRADESH,MADHYA PRADESH,MANDLA,4.8,7.3,-34.0,D,1057.0,1102.8,-4.0,N,2026-09-11 10:45:29.115180
2026-09-11,2026-06-01,2026-09-11,district,EAST MADHYA PRADESH,MADHYA PRADESH,MAUGANJ,12.0,6.7,79.0,LE,1377.9,873.7,58.0,E,2026-09-11 10:45:29.115180
2026-09-11,2026-06-01,2026-09-11,district,EAST MADHYA PRADESH,MADHYA PRADESH,NARSINGHPUR,15.6,5.7,174.0,LE,892.0,965.2,-8.0,N,2026-09-11 10:45:29.115180
2026-09-11,2026-06-01,2026-09-11,district,EAST MADHYA PRADESH,MADHYA PRADESH,NIWARI,0.0,11.3,-100.0,NR,1148.7,727.1,58.0,E,2026-09-11 10:45:29.115180
2026-09-11,2026-06-01,2026-09-11,district,EAST MADHYA PRADESH,MADHYA PRADESH,PANDHURNA,0.0,3.3,-100.0,NR,542.6,724.2,-25.0,D,2026-09-11 10:45:29.115180
2026-09-11,2026-06-01,2026-09-11,district,EAST MADHYA PRADESH,MADHYA PRADESH,PANNA,10.5,6.9,52.0,E,1044.0,992.5,5.0,N,2026-09-11 10:45:29.115180
2026-09-11,2026-06-01,2026-09-11,district,EAST MADHYA PRADESH,MADHYA PRADESH,REWA,6.4,9.5,-33.0,D,776.8,900.2,-14.0,N,2026-09-11 10:45:29.115180
2026-09-11,2026-06-01,2026-09-11,district,EAST MADHYA PRADESH,MADHYA PRADESH,SAGAR,13.5,7.7,75.0,LE,803.7,978.5,-18.0,N,2026-09-11 10:45:29.115180
2026-09-11,2026-06-01,2026-09-11,district,EAST MADHYA PRADESH,MADHYA PRADESH,SATNA,15.5,5.5,182.0,LE,1259.8,859.7,47.0,E,2026-09-11 10:45:29.115180
2026-09-11,2026-06-01,2026-09-11,district,EAST MADHYA PRADESH,MADHYA PRADESH,SEONI,0.7,6.4,-90.0,LD,756.1,926.4,-18.0,N,2026-09-11 10:45:29.115180
2026-09-11,2026-06-01,2026-09-11,district,EAST MADHYA PRADESH,MADHYA PRADESH,SHAHDOL,7.1,5.1,40.0,E,1096.4,901.8,22.0,E,2026-09-11 10:45:29.115180
2026-09-11,2026-06-01,2026-09-11,district,EAST MADHYA PRADESH,MADHYA PRADESH,SIDHI,24.4,11.8,107.0,LE,1105.6,944.1,17.0,N,2026-09-11 10:45:29.115180
2026-09-11,2026-06-01,2026-09-11,district,EAST MADHYA PRADESH,MADHYA PRADESH,SINGRAULI,17.5,7.6,130.0,LE,1038.9,935.1,11.0,N,2026-09-11 10:45:29.115180
2026-09-11,2026-06-01,2026-09-11,district,EAST MADHYA PRADESH,MADHYA PRADESH,TIKAMGARH,15.4,6.1,152.0,LE,875.4,844.6,4.0,N,2026-09-11 10:45:29.115180
2026-09-11,2026-06-01,2026-09-11,district,EAST MADHYA PRADESH,MADHYA PRADESH,UMARIA,4.9,8.0,-39.0,D,1048.2,975.5,7.0,N,2026-09-11 10:45:29.115180
2026-09-11,2026-06-01,2026-09-11,district,EAST RAJASTHAN,RAJASTHAN,AJMER,0.0,3.0,-100.0,NR,340.6,431.6,-21.0,D,2026-09-11 10:45:29.115180
2026-09-11,2026-06-01,2026-09-11,district,EAST RAJASTHAN,RAJASTHAN,ALWAR,0.0,5.3,-100.0,NR,490.4,510.5,-4.0,N,2026-09-11 10:45:29.115180
2026-09-11,2026-06-01,2026-09-11,district,EAST RAJASTHAN,RAJASTHAN,BANSWARA,0.0,3.6,-100.0,NR,382.2,818.4,-53.0,D,2026-09-11 10:45:29.115180
2026-09-11,2026-06-01,2026-09-11,district,EAST RAJASTHAN,RAJASTHAN,BARAN,0.0,5.0,-100.0,NR,618.9,786.6,-21.0,D,2026-09-11 10:45:29.115180
2026-09-11,2026-06-01,2026-09-11,district,EAST RAJASTHAN,RAJASTHAN,BHARATPUR,0.0,6.1,-100.0,NR,648.0,505.3,28.0,E,2026-09-11 10:45:29.115180
2026-09-11,2026-06-01,2026-09-11,district,EAST RAJASTHAN,RAJASTHAN,BHILWARA,0.0,2.5,-100.0,NR,379.0,569.4,-33.0,D,2026-09-11 10:45:29.115180
2026-09-11,2026-06-01,2026-09-11,district,EAST RAJASTHAN,RAJASTHAN,BUNDI,0.0,2.6,-100.0,NR,493.9,611.8,-19.0,N,2026-09-11 10:45:29.115180
2026-09-11,2026-06-01,2026-09-11,district,EAST RAJASTHAN,RAJASTHAN,CHITTORGARH,0.0,3.0,-100.0,NR,501.8,683.9,-27.0,D,2026-09-11 10:45:29.115180
2026-09-11,2026-06-01,2026-09-11,district,EAST RAJASTHAN,RAJASTHAN,DAUSA,0.0,3.5,-100.0,NR,617.2,561.3,10.0,N,2026-09-11 10:45:29.115180
2026-09-11,2026-06-01,2026-09-11,district,EAST RAJASTHAN,RAJASTHAN,DHOLPUR,0.0,5.0,-100.0,NR,693.3,539.5,29.0,E,2026-09-11 10:45:29.115180
2026-09-11,2026-06-01,2026-09-11,district,EAST RAJASTHAN,RAJASTHAN,DUNGARPUR,0.0,1.8,-100.0,NR,341.0,656.0,-48.0,D,2026-09-11 10:45:29.115180
2026-09-11,2026-06-01,2026-09-11,district,EAST RAJASTHAN,RAJASTHAN,JAIPUR,0.0,3.3,-100.0,NR,381.5,495.4,-23.0,D,2026-09-11 10:45:29.115180
2026-09-11,2026-06-01,2026-09-11,district,EAST RAJASTHAN,RAJASTHAN,JHALAWAR,0.0,6.0,-100.0,NR,700.5,829.4,-16.0,N,2026-09-11 10:45:29.115180
2026-09-11,2026-06-01,2026-09-11,district,EAST RAJASTHAN,RAJASTHAN,JHUNJHUNU,0.0,2.0,-100.0,NR,402.4,381.4,6.0,N,2026-09-11 10:45:29.115180
2026-09-11,2026-06-01,2026-09-11,district,EAST RAJASTHAN,RAJASTHAN,KARAULI,0.0,4.1,-100.0,NR,530.5,564.4,-6.0,N,2026-09-11 10:45:29.115180
2026-09-11,2026-06-01,2026-09-11,district,EAST RAJASTHAN,RAJASTHAN,KOTA,0.0,3.2,-100.0,NR,500.3,696.4,-28.0,D,2026-09-11 10:45:29.115180
2026-09-11,2026-06-01,2026-09-11,district,EAST RAJASTHAN,RAJASTHAN,PRATAPGARH,0.0,2.6,-100.0,NR,626.9,848.6,-26.0,D,2026-09-11 10:45:29.115180
2026-09-11,2026-06-01,2026-09-11,district,EAST RAJASTHAN,RAJASTHAN,RAJSAMAND,0.0,2.7,-100.0,NR,316.1,502.1,-37.0,D,2026-09-11 10:45:29.115180
2026-09-11,2026-06-01,2026-09-11,district,EAST RAJASTHAN,RAJASTHAN,SAWAI MADHOPUR,0.0,4.6,-100.0,NR,522.9,626.5,-17.0,N,2026-09-11 10:45:29.115180
2026-09-11,2026-06-01,2026-09-11,district,EAST RAJASTHAN,RAJASTHAN,SIKAR,0.0,2.4,-100.0,NR,351.8,384.8,-9.0,N,2026-09-11 10:45:29.115180
2026-09-11,2026-06-01,2026-09-11,district,EAST RAJASTHAN,RAJASTHAN,SIROHI,0.0,6.2,-100.0,NR,415.4,826.1,-50.0,D,2026-09-11 10:45:29.115180
2026-09-11,2026-06-01,2026-09-11,district,EAST RAJASTHAN,RAJASTHAN,TONK,0.0,2.4,-100.0,NR,453.2,538.5,-16.0,N,2026-09-11 10:45:29.115180
2026-09-11,2026-06-01,2026-09-11,district,EAST RAJASTHAN,RAJASTHAN,UDAIPUR,0.0,2.8,-100.0,NR,340.1,570.5,-40.0,D,2026-09-11 10:45:29.115180
2026-09-11,2026-06-01,2026-09-11,district,EAST UTTAR PRADESH,UTTAR PRADESH,AMBEDKAR NAGAR,12.0,5.2,131.0,LE,694.5,758.6,-8.0,N,2026-09-11 10:45:29.115180
2026-09-11,2026-06-01,2026-09-11,district,EAST UTTAR PRADESH,UTTAR PRADESH,AMETHI,3.2,4.4,-27.0,D,369.4,601.4,-39.0,D,2026-09-11 10:45:29.115180
2026-09-11,2026-06-01,2026-09-11,district,EAST UTTAR PRADESH,UTTAR PRADESH,AYODHYA,5.6,4.3,30.0,E,672.5,758.9,-11.0,N,2026-09-11 10:45:29.115180
2026-09-11,2026-06-01,2026-09-11,district,EAST UTTAR PRADESH,UTTAR PRADESH,AZAMGARH,8.1,5.0,61.0,LE,609.3,733.7,-17.0,N,2026-09-11 10:45:29.115180
2026-09-11,2026-06-01,2026-09-11,district,EAST UTTAR PRADESH,UTTAR PRADESH,BAHRAICH,11.0,5.9,86.0,LE,1020.5,865.3,18.0,N,2026-09-11 10:45:29.115180
2026-09-11,2026-06-01,2026-09-11,district,EAST UTTAR PRADESH,UTTAR PRADESH,BALLIA,1.8,6.1,-71.0,LD,531.8,630.4,-16.0,N,2026-09-11 10:45:29.115180
2026-09-11,2026-06-01,2026-09-11,district,EAST UTTAR PRADESH,UTTAR PRADESH,BALRAMPUR,5.3,5.0,7.0,N,606.7,712.4,-15.0,N,2026-09-11 10:45:29.115180
2026-09-11,2026-06-01,2026-09-11,district,EAST UTTAR PRADESH,UTTAR PRADESH,BANDA,7.0,6.8,3.0,N,1122.1,696.1,61.0,LE,2026-09-11 10:45:29.115180
2026-09-11,2026-06-01,2026-09-11,district,EAST UTTAR PRADESH,UTTAR PRADESH,BARABANKI,7.1,5.2,37.0,E,753.9,718.9,5.0,N,2026-09-11 10:45:29.115180
2026-09-11,2026-06-01,2026-09-11,district,EAST UTTAR PRADESH,UTTAR PRADESH,BASTI,4.2,5.3,-21.0,D,620.7,734.3,-15.0,N,2026-09-11 10:45:29.115180
2026-09-11,2026-06-01,2026-09-11,district,EAST UTTAR PRADESH,UTTAR PRADESH,BHADOHI,0.0,3.1,-100.0,NR,294.2,702.3,-58.0,D,2026-09-11 10:45:29.115180
2026-09-11,2026-06-01,2026-09-11,district,EAST UTTAR PRADESH,UTTAR PRADESH,CHANDAULI,0.5,9.8,-95.0,LD,513.0,636.4,-19.0,N,2026-09-11 10:45:29.115180
2026-09-11,2026-06-01,2026-09-11,district,EAST UTTAR PRADESH,UTTAR PRADESH,CHITRAKOOT,6.0,9.2,-35.0,D,1208.0,702.3,72.0,LE,2026-09-11 10:45:29.115180
2026-09-11,2026-06-01,2026-09-11,district,EAST UTTAR PRADESH,UTTAR PRADESH,DEORIA,0.5,6.2,-92.0,LD,187.0,683.9,-73.0,LD,2026-09-11 10:45:29.115180
2026-09-11,2026-06-01,2026-09-11,district,EAST UTTAR PRADESH,UTTAR PRADESH,FARRUKHABAD,20.8,9.1,129.0,LE,542.7,650.3,-17.0,N,2026-09-11 10:45:29.115180
2026-09-11,2026-06-01,2026-09-11,district,EAST UTTAR PRADESH,UTTAR PRADESH,FATEHPUR,0.7,12.2,-95.0,LD,631.4,627.0,1.0,N,2026-09-11 10:45:29.115180
2026-09-11,2026-06-01,2026-09-11,district,EAST UTTAR PRADESH,UTTAR PRADESH,GHAZIPUR,12.6,8.2,53.0,E,563.1,682.6,-18.0,N,2026-09-11 10:45:29.115180
2026-09-11,2026-06-01,2026-09-11,district,EAST UTTAR PRADESH,UTTAR PRADESH,GONDA,8.5,4.2,102.0,LE,745.1,766.6,-3.0,N,2026-09-11 10:45:29.115180
2026-09-11,2026-06-01,2026-09-11,district,EAST UTTAR PRADESH,UTTAR PRADESH,GORAKHPUR,3.8,7.7,-50.0,D,751.2,1092.3,-31.0,D,2026-09-11 10:45:29.115180
2026-09-11,2026-06-01,2026-09-11,district,EAST UTTAR PRADESH,UTTAR PRADESH,HARDOI,9.4,8.3,13.0,N,568.9,588.4,-3.0,N,2026-09-11 10:45:29.115180
2026-09-11,2026-06-01,2026-09-11,district,EAST UTTAR PRADESH,UTTAR PRADESH,JAUNPUR,9.6,7.0,38.0,E,280.8,629.4,-55.0,D,2026-09-11 10:45:29.115180
2026-09-11,2026-06-01,2026-09-11,district,EAST UTTAR PRADESH,UTTAR PRADESH,KANNAUJ,8.5,3.1,173.0,LE,819.8,593.1,38.0,E,2026-09-11 10:45:29.115180
2026-09-11,2026-06-01,2026-09-11,district,EAST UTTAR PRADESH,UTTAR PRADESH,KANPUR CITY,11.7,9.7,21.0,E,860.9,553.8,55.0,E,2026-09-11 10:45:29.115180
2026-09-11,2026-06-01,2026-09-11,district,EAST UTTAR PRADESH,UTTAR PRADESH,KANPUR DEHAT,1.0,6.6,-85.0,LD,198.7,516.1,-62.0,LD,2026-09-11 10:45:29.115180
2026-09-11,2026-06-01,2026-09-11,district,EAST UTTAR PRADESH,UTTAR PRADESH,KAUSHAMBI,5.0,5.7,-12.0,N,318.6,492.5,-35.0,D,2026-09-11 10:45:29.115180
2026-09-11,2026-06-01,2026-09-11,district,EAST UTTAR PRADESH,UTTAR PRADESH,KHERI,5.4,10.9,-50.0,D,935.0,805.8,16.0,N,2026-09-11 10:45:29.115180
2026-09-11,2026-06-01,2026-09-11,district,EAST UTTAR PRADESH,UTTAR PRADESH,KUSHI NAGAR,0.5,9.5,-95.0,LD,227.1,643.4,-65.0,LD,2026-09-11 10:45:29.115180
2026-09-11,2026-06-01,2026-09-11,district,EAST UTTAR PRADESH,UTTAR PRADESH,LUCKNOW,12.9,6.9,86.0,LE,643.4,585.8,10.0,N,2026-09-11 10:45:29.115180
2026-09-11,2026-06-01,2026-09-11,district,EAST UTTAR PRADESH,UTTAR PRADESH,MAHARAJGANJ,17.7,6.9,156.0,LE,736.5,889.4,-17.0,N,2026-09-11 10:45:29.115180
2026-09-11,2026-06-01,2026-09-11,district,EAST UTTAR PRADESH,UTTAR PRADESH,MAU,1.0,7.1,-86.0,LD,318.0,696.8,-54.0,D,2026-09-11 10:45:29.115180
2026-09-11,2026-06-01,2026-09-11,district,EAST UTTAR PRADESH,UTTAR PRADESH,MIRZAPUR,0.8,7.0,-89.0,LD,836.0,776.5,8.0,N,2026-09-11 10:45:29.115180
2026-09-11,2026-06-01,2026-09-11,district,EAST UTTAR PRADESH,UTTAR PRADESH,PRATAPGARH,15.0,6.3,138.0,LE,860.8,679.8,27.0,E,2026-09-11 10:45:29.115180
2026-09-11,2026-06-01,2026-09-11,district,EAST UTTAR PRADESH,UTTAR PRADESH,PRAYAGRAJ,13.9,6.7,108.0,LE,911.1,638.2,43.0,E,2026-09-11 10:45:29.115180
2026-09-11,2026-06-01,2026-09-11,district,EAST UTTAR PRADESH,UTTAR PRADESH,RAE BAREILLY,1.3,2.9,-54.0,D,327.4,381.6,-14.0,N,2026-09-11 10:45:29.115180
2026-09-11,2026-06-01,2026-09-11,district,EAST UTTAR PRADESH,UTTAR PRADESH,SANT KABIR NAGAR,4.1,5.4,-24.0,D,505.3,883.6,-43.0,D,2026-09-11 10:45:29.115180
2026-09-11,2026-06-01,2026-09-11,district,EAST UTTAR PRADESH,UTTAR PRADESH,SHRAWASTI,0.0,7.9,-100.0,NR,675.3,957.6,-29.0,D,2026-09-11 10:45:29.115180
2026-09-11,2026-06-01,2026-09-11,district,EAST UTTAR PRADESH,UTTAR PRADESH,SIDDHARTH NAGAR,6.9,4.4,56.0,E,615.5,930.1,-34.0,D,2026-09-11 10:45:29.115180
2026-09-11,2026-06-01,2026-09-11,district,EAST UTTAR PRADESH,UTTAR PRADESH,SITAPUR,16.8,9.1,84.0,LE,549.1,735.6,-25.0,D,2026-09-11 10:45:29.115180
2026-09-11,2026-06-01,2026-09-11,district,EAST UTTAR PRADESH,UTTAR PRADESH,SONBHADRA,9.3,8.8,5.0,N,795.5,766.1,4.0,N,2026-09-11 10:45:29.115180
2026-09-11,2026-06-01,2026-09-11,district,EAST UTTAR PRADESH,UTTAR PRADESH,SULTANPUR,11.1,4.3,157.0,LE,771.6,726.5,6.0,N,2026-09-11 10:45:29.115180
2026-09-11,2026-06-01,2026-09-11,district,EAST UTTAR PRADESH,UTTAR PRADESH,UNNAO,2.3,14.5,-84.0,LD,436.0,575.2,-24.0,D,2026-09-11 10:45:29.115180
2026-09-11,2026-06-01,2026-09-11,district,EAST UTTAR PRADESH,UTTAR PRADESH,VARANASI,20.8,8.7,139.0,LE,831.7,710.2,17.0,N,2026-09-11 10:45:29.115180
2026-09-11,2026-06-01,2026-09-11,district,GANGETIC WEST BENGAL,WEST BENGAL,BANKURA,5.7,7.8,-27.0,D,1048.8,1013.1,4.0,N,2026-09-11 10:45:29.115180
2026-09-11,2026-06-01,2026-09-11,district,GANGETIC WEST BENGAL,WEST BENGAL,BIRBHUM,22.9,8.1,183.0,LE,845.2,953.4,-11.0,N,2026-09-11 10:45:29.115180
2026-09-11,2026-06-01,2026-09-11,district,GANGETIC WEST BENGAL,WEST BENGAL,EAST MIDNAPORE,18.4,15.4,19.0,N,1662.1,1084.7,53.0,E,2026-09-11 10:45:29.115180
2026-09-11,2026-06-01,2026-09-11,district,GANGETIC WEST BENGAL,WEST BENGAL,HOOGHLY,11.9,5.4,120.0,LE,917.1,902.2,2.0,N,2026-09-11 10:45:29.115180
2026-09-11,2026-06-01,2026-09-11,district,GANGETIC WEST BENGAL,WEST BENGAL,HOWRAH,12.7,12.4,2.0,N,1112.5,1000.4,11.0,N,2026-09-11 10:45:29.115180
2026-09-11,2026-06-01,2026-09-11,district,GANGETIC WEST BENGAL,WEST BENGAL,JHARGRAM,9.7,8.9,9.0,N,1005.9,1008.5,0.0,N,2026-09-11 10:45:29.115180
2026-09-11,2026-06-01,2026-09-11,district,GANGETIC WEST BENGAL,WEST BENGAL,KOLKATA,40.7,9.2,342.0,LE,1468.6,1147.8,28.0,E,2026-09-11 10:45:29.115180
2026-09-11,2026-06-01,2026-09-11,district,GANGETIC WEST BENGAL,WEST BENGAL,MURSHIDABAD,12.1,7.7,57.0,E,741.0,847.1,-13.0,N,2026-09-11 10:45:29.115180
2026-09-11,2026-06-01,2026-09-11,district,GANGETIC WEST BENGAL,WEST BENGAL,NADIA,10.0,4.6,117.0,LE,667.6,801.2,-17.0,N,2026-09-11 10:45:29.115180
2026-09-11,2026-06-01,2026-09-11,district,GANGETIC WEST BENGAL,WEST BENGAL,NORTH 24 PARGANAS,9.3,9.0,3.0,N,1289.6,991.7,30.0,E,2026-09-11 10:45:29.115180
2026-09-11,2026-06-01,2026-09-11,district,GANGETIC WEST BENGAL,WEST BENGAL,PASCHIM BARDHAMAN,7.5,7.9,-6.0,N,1072.1,948.4,13.0,N,2026-09-11 10:45:29.115180
2026-09-11,2026-06-01,2026-09-11,district,GANGETIC WEST BENGAL,WEST BENGAL,PURBA BARDHAMAN,12.8,7.4,73.0,LE,838.6,886.6,-5.0,N,2026-09-11 10:45:29.115180
2026-09-11,2026-06-01,2026-09-11,district,GANGETIC WEST BENGAL,WEST BENGAL,PURULIA,2.4,6.6,-64.0,LD,807.5,952.6,-15.0,N,2026-09-11 10:45:29.115180
2026-09-11,2026-06-01,2026-09-11,district,GANGETIC WEST BENGAL,WEST BENGAL,SOUTH 24 PARGANAS,8.8,15.5,-43.0,D,1410.6,1251.1,13.0,N,2026-09-11 10:45:29.115180
2026-09-11,2026-06-01,2026-09-11,district,GANGETIC WEST BENGAL,WEST BENGAL,WEST MIDNAPORE,12.1,8.9,36.0,E,1350.4,1008.5,34.0,E,2026-09-11 10:45:29.115180
2026-09-11,2026-06-01,2026-09-11,district,GUJARAT REGION,DADRA & NAGAR HAVELI AND DAMAN & DIU (UT),DADARA & NAGAR HAVELI,8.9,8.2,8.0,N,2980.3,2114.5,41.0,E,2026-09-11 10:45:29.115180
2026-09-11,2026-06-01,2026-09-11,district,GUJARAT REGION,DADRA & NAGAR HAVELI AND DAMAN & DIU (UT),DAMAN,0.0,8.2,-100.0,NR,2677.2,2114.5,27.0,E,2026-09-11 10:45:29.115180
2026-09-11,2026-06-01,2026-09-11,district,GUJARAT REGION,GUJARAT,AHMEDABAD,0.0,3.5,-100.0,NR,539.6,608.8,-11.0,N,2026-09-11 10:45:29.115180
2026-09-11,2026-06-01,2026-09-11,district,GUJARAT REGION,GUJARAT,ANAND,0.0,2.6,-100.0,NR,759.8,766.6,-1.0,N,2026-09-11 10:45:29.115180
2026-09-11,2026-06-01,2026-09-11,district,GUJARAT REGION,GUJARAT,ARAVALLI,0.0,3.7,-100.0,NR,386.9,785.2,-51.0,D,2026-09-11 10:45:29.115180
2026-09-11,2026-06-01,2026-09-11,district,GUJARAT REGION,GUJARAT,BANASKANTHA,0.0,3.3,-100.0,NR,379.3,554.9,-32.0,D,2026-09-11 10:45:29.115180
2026-09-11,2026-06-01,2026-09-11,district,GUJARAT REGION,GUJARAT,BHARUCH,0.0,4.3,-100.0,NR,747.6,655.9,14.0,N,2026-09-11 10:45:29.115180
2026-09-11,2026-06-01,2026-09-11,district,GUJARAT REGION,GUJARAT,CHHOTA UDEPUR,0.0,4.0,-100.0,NR,601.2,901.8,-33.0,D,2026-09-11 10:45:29.115180
2026-09-11,2026-06-01,2026-09-11,district,GUJARAT REGION,GUJARAT,DAHOD,0.0,1.9,-100.0,NR,375.3,723.6,-48.0,D,2026-09-11 10:45:29.115180
2026-09-11,2026-06-01,2026-09-11,district,GUJARAT REGION,GUJARAT,DANGS,0.0,9.5,-100.0,NR,2352.3,2042.7,15.0,N,2026-09-11 10:45:29.115180
2026-09-11,2026-06-01,2026-09-11,district,GUJARAT REGION,GUJARAT,GANDHINAGAR,0.0,4.8,-100.0,NR,469.3,699.2,-33.0,D,2026-09-11 10:45:29.115180
2026-09-11,2026-06-01,2026-09-11,district,GUJARAT REGION,GUJARAT,KHEDA,0.0,4.2,-100.0,NR,867.4,755.8,15.0,N,2026-09-11 10:45:29.115180
2026-09-11,2026-06-01,2026-09-11,district,GUJARAT REGION,GUJARAT,MAHISAGAR,0.0,2.7,-100.0,NR,682.6,747.6,-9.0,N,2026-09-11 10:45:29.115180
2026-09-11,2026-06-01,2026-09-11,district,GUJARAT REGION,GUJARAT,MEHSANA,0.0,3.9,-100.0,NR,448.4,644.1,-30.0,D,2026-09-11 10:45:29.115180
2026-09-11,2026-06-01,2026-09-11,district,GUJARAT REGION,GUJARAT,NARMADA,0.0,5.3,-100.0,NR,867.4,951.6,-9.0,N,2026-09-11 10:45:29.115180
2026-09-11,2026-06-01,2026-09-11,district,GUJARAT REGION,GUJARAT,NAVSARI,0.0,7.6,-100.0,NR,2261.7,1674.4,35.0,E,2026-09-11 10:45:29.115180
2026-09-11,2026-06-01,2026-09-11,district,GUJARAT REGION,GUJARAT,PANCHMAHAL,0.0,2.4,-100.0,NR,699.6,863.1,-19.0,N,2026-09-11 10:45:29.115180
2026-09-11,2026-06-01,2026-09-11,district,GUJARAT REGION,GUJARAT,PATAN,0.0,2.2,-100.0,NR,406.7,515.5,-21.0,D,2026-09-11 10:45:29.115180
2026-09-11,2026-06-01,2026-09-11,district,GUJARAT REGION,GUJARAT,SABARKANTHA,0.0,2.1,-100.0,NR,410.2,774.1,-47.0,D,2026-09-11 10:45:29.115180
2026-09-11,2026-06-01,2026-09-11,district,GUJARAT REGION,GUJARAT,SURAT,0.0,5.8,-100.0,NR,1467.1,1177.5,25.0,E,2026-09-11 10:45:29.115180
2026-09-11,2026-06-01,2026-09-11,district,GUJARAT REGION,GUJARAT,TAPI,0.0,6.9,-100.0,NR,1323.9,1274.5,4.0,N,2026-09-11 10:45:29.115180
2026-09-11,2026-06-01,2026-09-11,district,GUJARAT REGION,GUJARAT,VADODARA,0.0,4.5,-100.0,NR,530.0,819.2,-35.0,D,2026-09-11 10:45:29.115180
2026-09-11,2026-06-01,2026-09-11,district,GUJARAT REGION,GUJARAT,VALSAD,1.1,8.9,-87.0,LD,2738.3,1900.2,44.0,E,2026-09-11 10:45:29.115180
2026-09-11,2026-06-01,2026-09-11,district,HAR. CHD & DELHI,CHANDIGARH (UT),CHANDIGARH,0.0,6.3,-100.0,NR,656.9,804.5,-18.0,N,2026-09-11 10:45:29.115180
2026-09-11,2026-06-01,2026-09-11,district,HAR. CHD & DELHI,DELHI,CENTRAL DELHI,0.0,2.4,-100.0,NR,757.3,606.9,25.0,E,2026-09-11 10:45:29.115180
2026-09-11,2026-06-01,2026-09-11,district,HAR. CHD & DELHI,DELHI,EAST DELHI,0.0,2.4,-100.0,NR,551.3,606.9,-9.0,N,2026-09-11 10:45:29.115180
2026-09-11,2026-06-01,2026-09-11,district,HAR. CHD & DELHI,DELHI,NEW DELHI,0.0,1.9,-100.0,NR,593.4,588.8,1.0,N,2026-09-11 10:45:29.115180
2026-09-11,2026-06-01,2026-09-11,district,HAR. CHD & DELHI,DELHI,NORTH EAST DELHI,0.0,2.4,-100.0,NR,579.5,606.9,-5.0,N,2026-09-11 10:45:29.115180
2026-09-11,2026-06-01,2026-09-11,district,HAR. CHD & DELHI,DELHI,NORTH WEST DELHI,0.0,2.6,-100.0,NR,406.3,378.7,7.0,N,2026-09-11 10:45:29.115180
2026-09-11,2026-06-01,2026-09-11,district,HAR. CHD & DELHI,DELHI,SOUTH DELHI,0.0,2.4,-100.0,NR,582.8,606.9,-4.0,N,2026-09-11 10:45:29.115180
2026-09-11,2026-06-01,2026-09-11,district,HAR. CHD & DELHI,DELHI,SOUTH EAST DELHI,0.0,2.4,-100.0,NR,691.0,606.9,14.0,N,2026-09-11 10:45:29.115180
2026-09-11,2026-06-01,2026-09-11,district,HAR. CHD & DELHI,DELHI,SOUTH WEST DELHI,0.0,3.8,-100.0,NR,400.9,498.5,-20.0,D,2026-09-11 10:45:29.115180
2026-09-11,2026-06-01,2026-09-11,district,HAR. CHD & DELHI,DELHI,WEST DELHI,0.0,3.1,-100.0,NR,684.0,554.5,23.0,E,2026-09-11 10:45:29.115180
2026-09-11,2026-06-01,2026-09-11,district,HAR. CHD & DELHI,HARYANA,AMBALA,0.0,4.4,-100.0,NR,391.0,750.1,-48.0,D,2026-09-11 10:45:29.115180
2026-09-11,2026-06-01,2026-09-11,district,HAR. CHD & DELHI,HARYANA,BHIWANI,0.0,2.8,-100.0,NR,261.6,269.4,-3.0,N,2026-09-11 10:45:29.115180
2026-09-11,2026-06-01,2026-09-11,district,HAR. CHD & DELHI,HARYANA,CHARKHI DADRI,0.0,3.0,-100.0,NR,326.7,371.8,-12.0,N,2026-09-11 10:45:29.115180
2026-09-11,2026-06-01,2026-09-11,district,HAR. CHD & DELHI,HARYANA,FARIDABAD,0.0,2.3,-100.0,NR,524.9,515.8,2.0,N,2026-09-11 10:45:29.115180
2026-09-11,2026-06-01,2026-09-11,district,HAR. CHD & DELHI,HARYANA,FATEHABAD,0.0,1.3,-100.0,NR,222.0,235.8,-6.0,N,2026-09-11 10:45:29.115180
2026-09-11,2026-06-01,2026-09-11,district,HAR. CHD & DELHI,HARYANA,GURGAON,0.0,4.4,-100.0,NR,467.4,456.6,2.0,N,2026-09-11 10:45:29.115180
2026-09-11,2026-06-01,2026-09-11,district,HAR. CHD & DELHI,HARYANA,HISAR,0.0,3.0,-100.0,NR,200.0,272.0,-26.0,D,2026-09-11 10:45:29.115180
2026-09-11,2026-06-01,2026-09-11,district,HAR. CHD & DELHI,HARYANA,JHAJJAR,0.0,3.6,-100.0,NR,294.2,351.6,-16.0,N,2026-09-11 10:45:29.115180
2026-09-11,2026-06-01,2026-09-11,district,HAR. CHD & DELHI,HARYANA,JIND,0.0,2.3,-100.0,NR,143.0,351.1,-59.0,D,2026-09-11 10:45:29.115180
2026-09-11,2026-06-01,2026-09-11,district,HAR. CHD & DELHI,HARYANA,KAITHAL,0.0,0.3,-100.0,NR,160.0,337.8,-53.0,D,2026-09-11 10:45:29.115180
2026-09-11,2026-06-01,2026-09-11,district,HAR. CHD & DELHI,HARYANA,KARNAL,0.0,5.8,-100.0,NR,253.6,475.3,-47.0,D,2026-09-11 10:45:29.115180
2026-09-11,2026-06-01,2026-09-11,district,HAR. CHD & DELHI,HARYANA,KURUKSHETRA,0.0,2.0,-100.0,NR,355.4,379.1,-6.0,N,2026-09-11 10:45:29.115180
2026-09-11,2026-06-01,2026-09-11,district,HAR. CHD & DELHI,HARYANA,MAHENDRAGARH,0.0,2.6,-100.0,NR,300.7,371.4,-19.0,N,2026-09-11 10:45:29.115180
2026-09-11,2026-06-01,2026-09-11,district,HAR. CHD & DELHI,HARYANA,NUH,0.0,5.8,-100.0,NR,441.0,447.6,-1.0,N,2026-09-11 10:45:29.115180
2026-09-11,2026-06-01,2026-09-11,district,HAR. CHD & DELHI,HARYANA,PALWAL,0.0,4.3,-100.0,NR,469.0,365.6,28.0,E,2026-09-11 10:45:29.115180
2026-09-11,2026-06-01,2026-09-11,district,HAR. CHD & DELHI,HARYANA,PANCHKULA,0.0,4.4,-100.0,NR,625.5,798.7,-22.0,D,2026-09-11 10:45:29.115180
2026-09-11,2026-06-01,2026-09-11,district,HAR. CHD & DELHI,HARYANA,PANIPAT,0.0,3.7,-100.0,NR,286.7,420.4,-32.0,D,2026-09-11 10:45:29.115180
2026-09-11,2026-06-01,2026-09-11,district,HAR. CHD & DELHI,HARYANA,REWARI,0.0,4.0,-100.0,NR,361.6,399.7,-10.0,N,2026-09-11 10:45:29.115180
2026-09-11,2026-06-01,2026-09-11,district,HAR. CHD & DELHI,HARYANA,ROHTAK,0.0,4.0,-100.0,NR,230.7,431.1,-46.0,D,2026-09-11 10:45:29.115180
2026-09-11,2026-06-01,2026-09-11,district,HAR. CHD & DELHI,HARYANA,SIRSA,0.0,0.9,-100.0,NR,86.0,194.5,-56.0,D,2026-09-11 10:45:29.115180
2026-09-11,2026-06-01,2026-09-11,district,HAR. CHD & DELHI,HARYANA,SONEPAT,0.0,7.4,-100.0,NR,300.6,437.6,-31.0,D,2026-09-11 10:45:29.115180
2026-09-11,2026-06-01,2026-09-11,district,HAR. CHD & DELHI,HARYANA,YAMUNA NAGAR,0.0,4.0,-100.0,NR,712.7,834.2,-15.0,N,2026-09-11 10:45:29.115180
2026-09-11,2026-06-01,2026-09-11,district,HIMACHAL PRADESH,HIMACHAL PRADESH,BILASPUR,0.0,3.9,-99.0,LD,836.0,763.0,10.0,N,2026-09-11 10:45:29.115180
2026-09-11,2026-06-01,2026-09-11,district,HIMACHAL PRADESH,HIMACHAL PRADESH,CHAMBA,0.0,3.8,-100.0,NR,673.6,790.2,-15.0,N,2026-09-11 10:45:29.115180
2026-09-11,2026-06-01,2026-09-11,district,HIMACHAL PRADESH,HIMACHAL PRADESH,HAMIRPUR,0.0,5.3,-100.0,NR,599.7,910.1,-34.0,D,2026-09-11 10:45:29.115180
2026-09-11,2026-06-01,2026-09-11,district,HIMACHAL PRADESH,HIMACHAL PRADESH,KANGRA,2.0,6.0,-67.0,LD,1422.3,1519.7,-6.0,N,2026-09-11 10:45:29.115180
2026-09-11,2026-06-01,2026-09-11,district,HIMACHAL PRADESH,HIMACHAL PRADESH,KINNAUR,0.0,2.5,-100.0,NR,226.3,212.6,6.0,N,2026-09-11 10:45:29.115180
2026-09-11,2026-06-01,2026-09-11,district,HIMACHAL PRADESH,HIMACHAL PRADESH,KULLU,0.0,3.0,-100.0,NR,502.7,493.7,2.0,N,2026-09-11 10:45:29.115180
2026-09-11,2026-06-01,2026-09-11,district,HIMACHAL PRADESH,HIMACHAL PRADESH,LAHAUL & SPITI,0.0,2.4,-100.0,NR,110.5,332.0,-67.0,LD,2026-09-11 10:45:29.115180
2026-09-11,2026-06-01,2026-09-11,district,HIMACHAL PRADESH,HIMACHAL PRADESH,MANDI,0.9,5.4,-84.0,LD,951.6,1034.6,-8.0,N,2026-09-11 10:45:29.115180
2026-09-11,2026-06-01,2026-09-11,district,HIMACHAL PRADESH,HIMACHAL PRADESH,SHIMLA,0.0,5.4,-100.0,NR,712.0,574.9,24.0,E,2026-09-11 10:45:29.115180
2026-09-11,2026-06-01,2026-09-11,district,HIMACHAL PRADESH,HIMACHAL PRADESH,SIRMAUR,0.0,7.1,-100.0,NR,1219.0,1102.7,11.0,N,2026-09-11 10:45:29.115180
2026-09-11,2026-06-01,2026-09-11,district,HIMACHAL PRADESH,HIMACHAL PRADESH,SOLAN,0.0,6.1,-100.0,NR,790.7,806.6,-2.0,N,2026-09-11 10:45:29.115180
2026-09-11,2026-06-01,2026-09-11,district,HIMACHAL PRADESH,HIMACHAL PRADESH,UNA,0.0,3.0,-100.0,NR,723.8,885.8,-18.0,N,2026-09-11 10:45:29.115180
2026-09-11,2026-06-01,2026-09-11,district,J & K AND LADAKH,JAMMU & KASHMIR(UT),ANANTNAG,0.0,2.9,-100.0,NR,302.1,293.7,3.0,N,2026-09-11 10:45:29.115180
2026-09-11,2026-06-01,2026-09-11,district,J & K AND LADAKH,JAMMU & KASHMIR(UT),BADGAM,0.0,3.3,-100.0,NR,131.3,203.3,-35.0,D,2026-09-11 10:45:29.115180
2026-09-11,2026-06-01,2026-09-11,district,J & K AND LADAKH,JAMMU & KASHMIR(UT),BANDIPORA,0.0,2.0,-100.0,NR,201.4,198.6,1.0,N,2026-09-11 10:45:29.115180
2026-09-11,2026-06-01,2026-09-11,district,J & K AND LADAKH,JAMMU & KASHMIR(UT),BARAMULA,0.0,2.0,-100.0,NR,281.9,197.9,42.0,E,2026-09-11 10:45:29.115180
2026-09-11,2026-06-01,2026-09-11,district,J & K AND LADAKH,JAMMU & KASHMIR(UT),DODA,0.0,4.4,-100.0,NR,367.9,385.4,-5.0,N,2026-09-11 10:45:29.115180
2026-09-11,2026-06-01,2026-09-11,district,J & K AND LADAKH,JAMMU & KASHMIR(UT),GANDERBAL,0.0,0.6,-100.0,NR,323.7,246.6,31.0,E,2026-09-11 10:45:29.115180
2026-09-11,2026-06-01,2026-09-11,district,J & K AND LADAKH,JAMMU & KASHMIR(UT),JAMMU,0.0,2.4,-100.0,NR,732.4,883.4,-17.0,N,2026-09-11 10:45:29.115180
2026-09-11,2026-06-01,2026-09-11,district,J & K AND LADAKH,JAMMU & KASHMIR(UT),KATHUA,0.0,5.2,-100.0,NR,1117.9,1184.1,-6.0,N,2026-09-11 10:45:29.115180
2026-09-11,2026-06-01,2026-09-11,district,J & K AND LADAKH,JAMMU & KASHMIR(UT),KISTWAR,0.0,4.4,-100.0,NR,171.8,385.4,-55.0,D,2026-09-11 10:45:29.115180
2026-09-11,2026-06-01,2026-09-11,district,J & K AND LADAKH,JAMMU & KASHMIR(UT),KULGAM,0.0,0.8,-100.0,NR,268.5,303.6,-12.0,N,2026-09-11 10:45:29.115180
2026-09-11,2026-06-01,2026-09-11,district,J & K AND LADAKH,JAMMU & KASHMIR(UT),KUPWARA,0.0,2.1,-100.0,NR,212.8,230.5,-8.0,N,2026-09-11 10:45:29.115180
2026-09-11,2026-06-01,2026-09-11,district,J & K AND LADAKH,JAMMU & KASHMIR(UT),POONCH,0.0,2.2,-100.0,NR,812.3,631.8,29.0,E,2026-09-11 10:45:29.115180
2026-09-11,2026-06-01,2026-09-11,district,J & K AND LADAKH,JAMMU & KASHMIR(UT),PULWAMA,0.0,0.6,-100.0,NR,249.0,176.0,41.0,E,2026-09-11 10:45:29.115180
2026-09-11,2026-06-01,2026-09-11,district,J & K AND LADAKH,JAMMU & KASHMIR(UT),RAJOURI,0.0,1.7,-100.0,NR,670.1,657.8,2.0,N,2026-09-11 10:45:29.115180
2026-09-11,2026-06-01,2026-09-11,district,J & K AND LADAKH,JAMMU & KASHMIR(UT),RAMBAN,0.0,2.9,-100.0,NR,447.1,381.7,17.0,N,2026-09-11 10:45:29.115180
2026-09-11,2026-06-01,2026-09-11,district,J & K AND LADAKH,JAMMU & KASHMIR(UT),REASI,0.0,5.3,-100.0,NR,1275.0,1465.4,-13.0,N,2026-09-11 10:45:29.115180
2026-09-11,2026-06-01,2026-09-11,district,J & K AND LADAKH,JAMMU & KASHMIR(UT),SAMBA,0.0,4.0,-100.0,NR,953.5,743.1,28.0,E,2026-09-11 10:45:29.115180
2026-09-11,2026-06-01,2026-09-11,district,J & K AND LADAKH,JAMMU & KASHMIR(UT),SHOPIAN,0.0,8.7,-100.0,NR,125.0,264.9,-53.0,D,2026-09-11 10:45:29.115180
2026-09-11,2026-06-01,2026-09-11,district,J & K AND LADAKH,JAMMU & KASHMIR(UT),SRINAGAR,0.0,1.5,-100.0,NR,232.9,217.9,7.0,N,2026-09-11 10:45:29.115180
2026-09-11,2026-06-01,2026-09-11,district,J & K AND LADAKH,JAMMU & KASHMIR(UT),UDHAMPUR,0.0,10.0,-100.0,NR,1468.8,919.0,60.0,LE,2026-09-11 10:45:29.115180
2026-09-11,2026-06-01,2026-09-11,district,J & K AND LADAKH,LADAKH (UT),KARGIL,0.0,0.0,-100.0,NR,21.6,9.0,120.0,LE,2026-09-11 10:45:29.115180
2026-09-11,2026-06-01,2026-09-11,district,J & K AND LADAKH,LADAKH (UT),LADAKH (LEH),0.0,0.1,-100.0,NR,58.0,21.8,162.0,LE,2026-09-11 10:45:29.115180
2026-09-11,2026-06-01,2026-09-11,district,JHARKHAND,JHARKHAND,BOKARO,5.4,8.5,-36.0,D,719.0,799.3,-10.0,N,2026-09-11 10:45:29.115180
2026-09-11,2026-06-01,2026-09-11,district,JHARKHAND,JHARKHAND,CHATRA,5.9,5.2,13.0,N,656.5,815.8,-20.0,D,2026-09-11 10:45:29.115180
2026-09-11,2026-06-01,2026-09-11,district,JHARKHAND,JHARKHAND,DEOGHAR,7.5,7.5,0.0,N,573.2,826.2,-31.0,D,2026-09-11 10:45:29.115180
2026-09-11,2026-06-01,2026-09-11,district,JHARKHAND,JHARKHAND,DHANBAD,8.4,11.5,-27.0,D,883.0,922.1,-4.0,N,2026-09-11 10:45:29.115180
2026-09-11,2026-06-01,2026-09-11,district,JHARKHAND,JHARKHAND,DUMKA,7.3,9.4,-22.0,D,836.3,879.9,-5.0,N,2026-09-11 10:45:29.115180
2026-09-11,2026-06-01,2026-09-11,district,JHARKHAND,JHARKHAND,EAST SINGHBHUM,7.3,8.7,-16.0,N,982.1,960.9,2.0,N,2026-09-11 10:45:29.115180
2026-09-11,2026-06-01,2026-09-11,district,JHARKHAND,JHARKHAND,GARHWA,0.4,4.6,-91.0,LD,611.6,804.0,-24.0,D,2026-09-11 10:45:29.115180
2026-09-11,2026-06-01,2026-09-11,district,JHARKHAND,JHARKHAND,GIRIDIH,4.6,9.4,-51.0,D,627.9,836.8,-25.0,D,2026-09-11 10:45:29.115180
2026-09-11,2026-06-01,2026-09-11,district,JHARKHAND,JHARKHAND,GODDA,18.0,7.8,131.0,LE,613.3,764.5,-20.0,D,2026-09-11 10:45:29.115180
2026-09-11,2026-06-01,2026-09-11,district,JHARKHAND,JHARKHAND,GUMLA,6.4,9.6,-33.0,D,673.0,932.4,-28.0,D,2026-09-11 10:45:29.115180
2026-09-11,2026-06-01,2026-09-11,district,JHARKHAND,JHARKHAND,HAZARIBAG,6.3,9.2,-31.0,D,723.7,912.6,-21.0,D,2026-09-11 10:45:29.115180
2026-09-11,2026-06-01,2026-09-11,district,JHARKHAND,JHARKHAND,JAMTARA,10.6,8.3,28.0,E,892.5,908.0,-2.0,N,2026-09-11 10:45:29.115180
2026-09-11,2026-06-01,2026-09-11,district,JHARKHAND,JHARKHAND,KHUNTI,12.2,10.1,21.0,E,920.0,984.2,-7.0,N,2026-09-11 10:45:29.115180
2026-09-11,2026-06-01,2026-09-11,district,JHARKHAND,JHARKHAND,KODERMA,3.5,7.3,-52.0,D,576.7,762.1,-24.0,D,2026-09-11 10:45:29.115180
2026-09-11,2026-06-01,2026-09-11,district,JHARKHAND,JHARKHAND,LATEHAR,4.4,8.9,-50.0,D,1123.9,905.5,24.0,E,2026-09-11 10:45:29.115180
2026-09-11,2026-06-01,2026-09-11,district,JHARKHAND,JHARKHAND,LOHARDAGA,23.1,8.1,185.0,LE,864.4,861.4,0.0,N,2026-09-11 10:45:29.115180
2026-09-11,2026-06-01,2026-09-11,district,JHARKHAND,JHARKHAND,PAKUR,11.2,8.0,41.0,E,490.0,997.7,-51.0,D,2026-09-11 10:45:29.115180
2026-09-11,2026-06-01,2026-09-11,district,JHARKHAND,JHARKHAND,PALAMU,11.9,7.7,55.0,E,677.3,746.5,-9.0,N,2026-09-11 10:45:29.115180
2026-09-11,2026-06-01,2026-09-11,district,JHARKHAND,JHARKHAND,RAMGARH,11.8,9.5,24.0,E,869.0,903.7,-4.0,N,2026-09-11 10:45:29.115180
2026-09-11,2026-06-01,2026-09-11,district,JHARKHAND,JHARKHAND,RANCHI,11.3,8.9,27.0,E,964.3,910.1,6.0,N,2026-09-11 10:45:29.115180
2026-09-11,2026-06-01,2026-09-11,district,JHARKHAND,JHARKHAND,SERAIKELA-KHARSAWAN,5.6,7.5,-25.0,D,1065.4,890.3,20.0,E,2026-09-11 10:45:29.115180
2026-09-11,2026-06-01,2026-09-11,district,JHARKHAND,JHARKHAND,SIMDEGA,19.7,12.3,60.0,LE,1118.8,1157.1,-3.0,N,2026-09-11 10:45:29.115180
2026-09-11,2026-06-01,2026-09-11,district,JHARKHAND,JHARKHAND,WEST SINGHBHUM,2.0,7.3,-73.0,LD,1217.1,894.8,36.0,E,2026-09-11 10:45:29.115180
2026-09-11,2026-06-01,2026-09-11,district,KERALA & MAHE,KERALA,ALAPUZHA,0.0,7.1,-100.0,NR,1022.3,1468.6,-30.0,D,2026-09-11 10:45:29.115180
2026-09-11,2026-06-01,2026-09-11,district,KERALA & MAHE,KERALA,ERNAKULAM,0.1,8.7,-99.0,LD,1451.3,1915.7,-24.0,D,2026-09-11 10:45:29.115180
2026-09-11,2026-06-01,2026-09-11,district,KERALA & MAHE,KERALA,IDUKKI,2.0,10.6,-81.0,LD,1258.8,2360.3,-47.0,D,2026-09-11 10:45:29.115180
2026-09-11,2026-06-01,2026-09-11,district,KERALA & MAHE,KERALA,KANNUR,4.9,6.5,-25.0,D,2219.8,2463.4,-10.0,N,2026-09-11 10:45:29.115180
2026-09-11,2026-06-01,2026-09-11,district,KERALA & MAHE,KERALA,KASARGOD,1.1,8.9,-88.0,LD,2295.4,2694.4,-15.0,N,2026-09-11 10:45:29.115180
2026-09-11,2026-06-01,2026-09-11,district,KERALA & MAHE,KERALA,KOLLAM,1.6,5.3,-70.0,LD,730.3,1106.8,-34.0,D,2026-09-11 10:45:29.115180
2026-09-11,2026-06-01,2026-09-11,district,KERALA & MAHE,KERALA,KOTTAYAM,0.0,7.4,-100.0,NR,1520.6,1721.1,-12.0,N,2026-09-11 10:45:29.115180
2026-09-11,2026-06-01,2026-09-11,district,KERALA & MAHE,KERALA,KOZHIKODE,1.6,10.2,-85.0,LD,2023.0,2389.7,-15.0,N,2026-09-11 10:45:29.115180
2026-09-11,2026-06-01,2026-09-11,district,KERALA & MAHE,KERALA,MALAPPURAM,0.0,8.8,-100.0,NR,1369.4,1805.1,-24.0,D,2026-09-11 10:45:29.115180
2026-09-11,2026-06-01,2026-09-11,district,KERALA & MAHE,KERALA,PALAKKAD,0.0,6.6,-100.0,NR,1049.7,1432.3,-27.0,D,2026-09-11 10:45:29.115180
2026-09-11,2026-06-01,2026-09-11,district,KERALA & MAHE,KERALA,PATHANAMTHITTA,0.0,7.4,-100.0,NR,1313.0,1404.1,-6.0,N,2026-09-11 10:45:29.115180
2026-09-11,2026-06-01,2026-09-11,district,KERALA & MAHE,KERALA,THIRUVANANTHAPURAM,0.0,3.7,-100.0,NR,667.0,727.0,-8.0,N,2026-09-11 10:45:29.115180
2026-09-11,2026-06-01,2026-09-11,district,KERALA & MAHE,KERALA,THRISSUR,0.0,9.2,-100.0,NR,1434.2,1957.4,-27.0,D,2026-09-11 10:45:29.115180
2026-09-11,2026-06-01,2026-09-11,district,KERALA & MAHE,KERALA,WYNAD,0.1,5.3,-99.0,LD,1103.4,2325.3,-53.0,D,2026-09-11 10:45:29.115180
2026-09-11,2026-06-01,2026-09-11,district,KONKAN & GOA,GOA,NORTH GOA,0.2,8.1,-98.0,LD,1781.5,2895.9,-38.0,D,2026-09-11 10:45:29.115180
2026-09-11,2026-06-01,2026-09-11,district,KONKAN & GOA,GOA,SOUTH GOA,0.0,8.5,-100.0,NR,1955.1,2767.0,-29.0,D,2026-09-11 10:45:29.115180
2026-09-11,2026-06-01,2026-09-11,district,KONKAN & GOA,MAHARASHTRA,MUMBAI CITY,0.0,9.5,-100.0,NR,1809.9,1891.9,-4.0,N,2026-09-11 10:45:29.115180
2026-09-11,2026-06-01,2026-09-11,district,KONKAN & GOA,MAHARASHTRA,MUMBAI SUBURBAN,2.9,13.1,-78.0,LD,2260.7,2111.6,7.0,N,2026-09-11 10:45:29.115180
2026-09-11,2026-06-01,2026-09-11,district,KONKAN & GOA,MAHARASHTRA,PALGHAR,6.7,10.7,-37.0,D,2529.5,2082.3,21.0,E,2026-09-11 10:45:29.115180
2026-09-11,2026-06-01,2026-09-11,district,KONKAN & GOA,MAHARASHTRA,RAIGAD,2.5,13.6,-82.0,LD,2838.0,2893.3,-2.0,N,2026-09-11 10:45:29.115180
2026-09-11,2026-06-01,2026-09-11,district,KONKAN & GOA,MAHARASHTRA,RATNAGIRI,1.9,14.5,-87.0,LD,2563.0,2973.1,-14.0,N,2026-09-11 10:45:29.115180
2026-09-11,2026-06-01,2026-09-11,district,KONKAN & GOA,MAHARASHTRA,SINDHUDURG,0.9,11.3,-92.0,LD,1807.3,2751.4,-34.0,D,2026-09-11 10:45:29.115180
2026-09-11,2026-06-01,2026-09-11,district,KONKAN & GOA,MAHARASHTRA,THANE,8.6,9.7,-12.0,N,2047.6,2245.0,-9.0,N,2026-09-11 10:45:29.115180
2026-09-11,2026-06-01,2026-09-11,district,LAKSHADWEEP,LAKSHADWEEP,LAKSHADWEEP,8.7,6.0,45.0,E,652.1,927.7,-30.0,D,2026-09-11 10:45:29.115180
2026-09-11,2026-06-01,2026-09-11,district,MADHYA MAHARASHTRA,MAHARASHTRA,AHMEDNAGAR,0.0,5.0,-100.0,NR,215.1,352.7,-39.0,D,2026-09-11 10:45:29.115180
2026-09-11,2026-06-01,2026-09-11,district,MADHYA MAHARASHTRA,MAHARASHTRA,DHULE,0.0,3.6,-100.0,NR,390.0,468.5,-17.0,N,2026-09-11 10:45:29.115180
2026-09-11,2026-06-01,2026-09-11,district,MADHYA MAHARASHTRA,MAHARASHTRA,JALGAON,0.0,3.5,-100.0,NR,482.5,550.7,-12.0,N,2026-09-11 10:45:29.115180
2026-09-11,2026-06-01,2026-09-11,district,MADHYA MAHARASHTRA,MAHARASHTRA,KOLHAPUR,0.0,6.0,-100.0,NR,1434.5,1593.7,-10.0,N,2026-09-11 10:45:29.115180
2026-09-11,2026-06-01,2026-09-11,district,MADHYA MAHARASHTRA,MAHARASHTRA,NANDURBAR,0.0,4.4,-100.0,NR,439.5,749.0,-41.0,D,2026-09-11 10:45:29.115180
2026-09-11,2026-06-01,2026-09-11,district,MADHYA MAHARASHTRA,MAHARASHTRA,NASHIK,2.0,6.1,-67.0,LD,1136.0,780.6,46.0,E,2026-09-11 10:45:29.115180
2026-09-11,2026-06-01,2026-09-11,district,MADHYA MAHARASHTRA,MAHARASHTRA,PUNE,0.0,5.5,-100.0,NR,1018.1,827.6,23.0,E,2026-09-11 10:45:29.115180
2026-09-11,2026-06-01,2026-09-11,district,MADHYA MAHARASHTRA,MAHARASHTRA,SANGLI,0.0,3.6,-100.0,NR,312.0,389.4,-20.0,D,2026-09-11 10:45:29.115180
2026-09-11,2026-06-01,2026-09-11,district,MADHYA MAHARASHTRA,MAHARASHTRA,SATARA,0.8,5.1,-84.0,LD,940.8,738.2,27.0,E,2026-09-11 10:45:29.115180
2026-09-11,2026-06-01,2026-09-11,district,MADHYA MAHARASHTRA,MAHARASHTRA,SHOLAPUR,0.0,5.9,-100.0,NR,159.1,340.7,-53.0,D,2026-09-11 10:45:29.115180
2026-09-11,2026-06-01,2026-09-11,district,MARATHWADA,MAHARASHTRA,BEED,0.0,5.4,-100.0,NR,234.7,447.6,-48.0,D,2026-09-11 10:45:29.115180
2026-09-11,2026-06-01,2026-09-11,district,MARATHWADA,MAHARASHTRA,CHHATRAPATI SAMBHAJINAGAR,0.9,3.9,-77.0,LD,429.1,465.9,-8.0,N,2026-09-11 10:45:29.115180
2026-09-11,2026-06-01,2026-09-11,district,MARATHWADA,MAHARASHTRA,DHARASHIV,0.0,6.2,-100.0,NR,273.2,463.2,-41.0,D,2026-09-11 10:45:29.115180
2026-09-11,2026-06-01,2026-09-11,district,MARATHWADA,MAHARASHTRA,HINGOLI,0.0,3.0,-100.0,NR,344.3,676.3,-49.0,D,2026-09-11 10:45:29.115180
2026-09-11,2026-06-01,2026-09-11,district,MARATHWADA,MAHARASHTRA,JALNA,0.0,4.2,-100.0,NR,277.6,504.5,-45.0,D,2026-09-11 10:45:29.115180
2026-09-11,2026-06-01,2026-09-11,district,MARATHWADA,MAHARASHTRA,LATUR,0.0,6.6,-100.0,NR,365.2,558.0,-35.0,D,2026-09-11 10:45:29.115180
2026-09-11,2026-06-01,2026-09-11,district,MARATHWADA,MAHARASHTRA,NANDED,0.5,5.8,-91.0,LD,451.9,691.1,-35.0,D,2026-09-11 10:45:29.115180
2026-09-11,2026-06-01,2026-09-11,district,MARATHWADA,MAHARASHTRA,PARBHANI,0.0,5.8,-100.0,NR,357.1,602.7,-41.0,D,2026-09-11 10:45:29.115180
2026-09-11,2026-06-01,2026-09-11,district,N. I. KARNATAKA,KARNATAKA,BAGALKOTE,0.0,2.9,-100.0,NR,211.7,255.8,-17.0,N,2026-09-11 10:45:29.115180
2026-09-11,2026-06-01,2026-09-11,district,N. I. KARNATAKA,KARNATAKA,BELAGAVI,0.0,2.6,-99.0,LD,546.8,489.1,12.0,N,2026-09-11 10:45:29.115180
2026-09-11,2026-06-01,2026-09-11,district,N. I. KARNATAKA,KARNATAKA,BIDAR,0.0,5.8,-100.0,NR,414.7,537.7,-23.0,D,2026-09-11 10:45:29.115180
2026-09-11,2026-06-01,2026-09-11,district,N. I. KARNATAKA,KARNATAKA,DHARWAD,0.0,1.8,-100.0,NR,248.7,433.5,-43.0,D,2026-09-11 10:45:29.115180
2026-09-11,2026-06-01,2026-09-11,district,N. I. KARNATAKA,KARNATAKA,GADAG,0.0,1.8,-100.0,NR,223.3,265.0,-16.0,N,2026-09-11 10:45:29.115180
2026-09-11,2026-06-01,2026-09-11,district,N. I. KARNATAKA,KARNATAKA,HAVERI,0.0,1.8,-100.0,NR,274.3,421.3,-35.0,D,2026-09-11 10:45:29.115180
2026-09-11,2026-06-01,2026-09-11,district,N. I. KARNATAKA,KARNATAKA,KALABURAGI,0.0,5.8,-100.0,NR,203.0,458.2,-56.0,D,2026-09-11 10:45:29.115180
2026-09-11,2026-06-01,2026-09-11,district,N. I. KARNATAKA,KARNATAKA,KOPPAL,0.0,3.4,-100.0,NR,173.8,285.0,-39.0,D,2026-09-11 10:45:29.115180
2026-09-11,2026-06-01,2026-09-11,district,N. I. KARNATAKA,KARNATAKA,RAICHUR,0.0,4.6,-100.0,NR,203.7,325.0,-37.0,D,2026-09-11 10:45:29.115180
2026-09-11,2026-06-01,2026-09-11,district,N. I. KARNATAKA,KARNATAKA,VIJAYAPURA,0.0,5.3,-100.0,NR,179.2,284.4,-37.0,D,2026-09-11 10:45:29.115180
2026-09-11,2026-06-01,2026-09-11,district,N. I. KARNATAKA,KARNATAKA,YADGIR,0.0,7.3,-100.0,NR,287.5,407.3,-29.0,D,2026-09-11 10:45:29.115180
2026-09-11,2026-06-01,2026-09-11,district,NMMT,MANIPUR,BISHNUPUR,15.2,9.7,57.0,E,415.9,1015.5,-59.0,D,2026-09-11 10:45:29.115180
2026-09-11,2026-06-01,2026-09-11,district,NMMT,MANIPUR,CHANDEL,17.7,9.7,82.0,LE,487.3,1015.5,-52.0,D,2026-09-11 10:45:29.115180
2026-09-11,2026-06-01,2026-09-11,district,NMMT,MANIPUR,CHURACHANDPUR,13.0,9.7,34.0,E,225.5,1015.5,-78.0,LD,2026-09-11 10:45:29.115180
2026-09-11,2026-06-01,2026-09-11,district,NMMT,MANIPUR,IMPHAL EAST,1.9,4.4,-56.0,D,436.2,649.0,-33.0,D,2026-09-11 10:45:29.115180
2026-09-11,2026-06-01,2026-09-11,district,NMMT,MANIPUR,IMPHAL WEST,2.3,13.5,-83.0,LD,676.2,1541.0,-56.0,D,2026-09-11 10:45:29.115180
2026-09-11,2026-06-01,2026-09-11,district,NMMT,MANIPUR,SENAPATI,0.0,2.8,-100.0,NR,595.8,684.3,-13.0,N,2026-09-11 10:45:29.115180
2026-09-11,2026-06-01,2026-09-11,district,NMMT,MANIPUR,TAMENGLONG,2.1,94.5,-98.0,LD,1524.3,3700.0,-59.0,D,2026-09-11 10:45:29.115180
2026-09-11,2026-06-01,2026-09-11,district,NMMT,MANIPUR,THOUBAL,5.4,4.4,23.0,E,316.3,649.0,-51.0,D,2026-09-11 10:45:29.115180
2026-09-11,2026-06-01,2026-09-11,district,NMMT,MANIPUR,UKHRUL,0.0,8.5,-100.0,NR,894.4,919.5,-3.0,N,2026-09-11 10:45:29.115180
2026-09-11,2026-06-01,2026-09-11,district,NMMT,MIZORAM,AIZAWL,13.5,9.8,37.0,E,1249.7,1389.6,-10.0,N,2026-09-11 10:45:29.115180
2026-09-11,2026-06-01,2026-09-11,district,NMMT,MIZORAM,CHAMPHAI,1.4,8.4,-84.0,LD,925.2,1140.3,-19.0,N,2026-09-11 10:45:29.115180
2026-09-11,2026-06-01,2026-09-11,district,NMMT,MIZORAM,KOLASIB,0.3,11.5,-98.0,LD,1552.2,1521.4,2.0,N,2026-09-11 10:45:29.115180
2026-09-11,2026-06-01,2026-09-11,district,NMMT,MIZORAM,LAWNGTLAI,0.0,10.5,-100.0,NR,1305.0,1469.1,-11.0,N,2026-09-11 10:45:29.115180
2026-09-11,2026-06-01,2026-09-11,district,NMMT,MIZORAM,LUNGLEI,3.7,14.0,-73.0,LD,1225.9,1526.3,-20.0,D,2026-09-11 10:45:29.115180
2026-09-11,2026-06-01,2026-09-11,district,NMMT,MIZORAM,MAMIT,3.3,15.1,-78.0,LD,974.3,1381.2,-29.0,D,2026-09-11 10:45:29.115180
2026-09-11,2026-06-01,2026-09-11,district,NMMT,MIZORAM,SAIHA,3.9,10.6,-63.0,LD,1410.3,1499.8,-6.0,N,2026-09-11 10:45:29.115180
2026-09-11,2026-06-01,2026-09-11,district,NMMT,MIZORAM,SERCHHIP,0.0,11.2,-100.0,NR,1386.6,1302.1,6.0,N,2026-09-11 10:45:29.115180
2026-09-11,2026-06-01,2026-09-11,district,NMMT,NAGALAND,DIMAPUR,0.0,5.9,-100.0,NR,757.8,736.1,3.0,N,2026-09-11 10:45:29.115180
2026-09-11,2026-06-01,2026-09-11,district,NMMT,NAGALAND,KIPHIRE,0.0,5.6,-100.0,NR,732.2,534.2,37.0,E,2026-09-11 10:45:29.115180
2026-09-11,2026-06-01,2026-09-11,district,NMMT,NAGALAND,KOHIMA,0.0,10.9,-100.0,NR,1012.1,1089.8,-7.0,N,2026-09-11 10:45:29.115180
2026-09-11,2026-06-01,2026-09-11,district,NMMT,NAGALAND,MOKOKCHUNG,0.0,10.8,-100.0,NR,1433.9,1229.3,17.0,N,2026-09-11 10:45:29.115180
2026-09-11,2026-06-01,2026-09-11,district,NMMT,NAGALAND,MON,1.7,7.1,-77.0,LD,831.1,945.1,-12.0,N,2026-09-11 10:45:29.115180
2026-09-11,2026-06-01,2026-09-11,district,NMMT,NAGALAND,PEREN,0.0,8.5,-100.0,NR,823.9,819.6,1.0,N,2026-09-11 10:45:29.115180
2026-09-11,2026-06-01,2026-09-11,district,NMMT,NAGALAND,PHEK,0.2,7.6,-97.0,LD,730.2,733.4,0.0,N,2026-09-11 10:45:29.115180
2026-09-11,2026-06-01,2026-09-11,district,NMMT,NAGALAND,WOKHA,0.0,11.1,-100.0,NR,1209.6,1096.5,10.0,N,2026-09-11 10:45:29.115180
2026-09-11,2026-06-01,2026-09-11,district,NMMT,NAGALAND,ZUNHEBOTO,0.0,8.2,-100.0,NR,1503.4,931.4,61.0,LE,2026-09-11 10:45:29.115180
2026-09-11,2026-06-01,2026-09-11,district,NMMT,TRIPURA,DHALAI,12.3,7.0,76.0,LE,1090.5,1176.7,-7.0,N,2026-09-11 10:45:29.115180
2026-09-11,2026-06-01,2026-09-11,district,NMMT,TRIPURA,GOMATI,3.1,10.7,-71.0,LD,1010.3,1251.7,-19.0,N,2026-09-11 10:45:29.115180
2026-09-11,2026-06-01,2026-09-11,district,NMMT,TRIPURA,KHOWAI,10.8,10.0,8.0,N,1178.9,1145.6,3.0,N,2026-09-11 10:45:29.115180
2026-09-11,2026-06-01,2026-09-11,district,NMMT,TRIPURA,NORTH TRIPURA,6.3,14.7,-57.0,D,1022.1,1248.4,-18.0,N,2026-09-11 10:45:29.115180
2026-09-11,2026-06-01,2026-09-11,district,NMMT,TRIPURA,SIPAHIJALA,3.7,10.0,-63.0,LD,1000.2,1165.8,-14.0,N,2026-09-11 10:45:29.115180
2026-09-11,2026-06-01,2026-09-11,district,NMMT,TRIPURA,SOUTH TRIPURA,3.5,9.4,-63.0,LD,1023.0,1502.7,-32.0,D,2026-09-11 10:45:29.115180
2026-09-11,2026-06-01,2026-09-11,district,NMMT,TRIPURA,UNAKOTI,3.6,8.8,-59.0,D,1184.2,1250.2,-5.0,N,2026-09-11 10:45:29.115180
2026-09-11,2026-06-01,2026-09-11,district,NMMT,TRIPURA,WEST TRIPURA,24.7,7.9,212.0,LE,1170.1,1052.3,11.0,N,2026-09-11 10:45:29.115180
2026-09-11,2026-06-01,2026-09-11,district,ODISHA,ODISHA,ANGUL,13.1,8.5,54.0,E,1240.2,1005.9,23.0,E,2026-09-11 10:45:29.115180
2026-09-11,2026-06-01,2026-09-11,district,ODISHA,ODISHA,BALANGIR,42.3,6.7,532.0,LE,1233.2,984.8,25.0,E,2026-09-11 10:45:29.115180
2026-09-11,2026-06-01,2026-09-11,district,ODISHA,ODISHA,BALASORE,43.5,14.6,198.0,LE,1601.0,1038.1,54.0,E,2026-09-11 10:45:29.115180
2026-09-11,2026-06-01,2026-09-11,district,ODISHA,ODISHA,BARGARH,15.8,8.0,98.0,LE,1581.7,1095.5,44.0,E,2026-09-11 10:45:29.115180
2026-09-11,2026-06-01,2026-09-11,district,ODISHA,ODISHA,BHADRAK,14.0,10.9,28.0,E,1177.8,937.1,26.0,E,2026-09-11 10:45:29.115180
2026-09-11,2026-06-01,2026-09-11,district,ODISHA,ODISHA,BOUDH,23.9,6.9,246.0,LE,1650.6,936.9,76.0,LE,2026-09-11 10:45:29.115180
2026-09-11,2026-06-01,2026-09-11,district,ODISHA,ODISHA,CUTTACK,8.0,9.0,-11.0,N,1305.3,1001.7,30.0,E,2026-09-11 10:45:29.115180
2026-09-11,2026-06-01,2026-09-11,district,ODISHA,ODISHA,DEOGARH,16.0,7.5,113.0,LE,1459.4,1060.3,38.0,E,2026-09-11 10:45:29.115180
2026-09-11,2026-06-01,2026-09-11,district,ODISHA,ODISHA,DHENKANAL,11.2,9.4,19.0,N,1389.2,968.0,44.0,E,2026-09-11 10:45:29.115180
2026-09-11,2026-06-01,2026-09-11,district,ODISHA,ODISHA,GAJAPATI,37.7,8.9,324.0,LE,593.8,763.7,-22.0,D,2026-09-11 10:45:29.115180
2026-09-11,2026-06-01,2026-09-11,district,ODISHA,ODISHA,GANJAM,29.2,8.7,236.0,LE,635.6,748.4,-15.0,N,2026-09-11 10:45:29.115180
2026-09-11,2026-06-01,2026-09-11,district,ODISHA,ODISHA,JAGATSINGHPUR,12.0,10.2,18.0,N,1138.2,920.3,24.0,E,2026-09-11 10:45:29.115180
2026-09-11,2026-06-01,2026-09-11,district,ODISHA,ODISHA,JAJPUR,14.9,10.6,41.0,E,1176.7,1078.5,9.0,N,2026-09-11 10:45:29.115180
2026-09-11,2026-06-01,2026-09-11,district,ODISHA,ODISHA,JHARSUGUDA,30.5,10.2,199.0,LE,1152.1,1079.1,7.0,N,2026-09-11 10:45:29.115180
2026-09-11,2026-06-01,2026-09-11,district,ODISHA,ODISHA,KALAHANDI,89.2,9.6,829.0,LE,1116.4,1241.4,-10.0,N,2026-09-11 10:45:29.115180
2026-09-11,2026-06-01,2026-09-11,district,ODISHA,ODISHA,KANDHAMAL,32.8,8.5,286.0,LE,1184.3,1000.6,18.0,N,2026-09-11 10:45:29.115180
2026-09-11,2026-06-01,2026-09-11,district,ODISHA,ODISHA,KENDRAPARA,42.2,7.9,434.0,LE,1371.7,959.2,43.0,E,2026-09-11 10:45:29.115180
2026-09-11,2026-06-01,2026-09-11,district,ODISHA,ODISHA,KEONJHARGARH,15.8,8.8,80.0,LE,1482.7,998.6,48.0,E,2026-09-11 10:45:29.115180
2026-09-11,2026-06-01,2026-09-11,district,ODISHA,ODISHA,KHURDA,7.9,9.2,-14.0,N,1129.4,942.2,20.0,E,2026-09-11 10:45:29.115180
2026-09-11,2026-06-01,2026-09-11,district,ODISHA,ODISHA,KORAPUT,36.9,9.5,289.0,LE,1073.0,1090.8,-2.0,N,2026-09-11 10:45:29.115180
2026-09-11,2026-06-01,2026-09-11,district,ODISHA,ODISHA,MALKANGIRI,82.4,8.4,880.0,LE,1004.8,1135.2,-11.0,N,2026-09-11 10:45:29.115180
2026-09-11,2026-06-01,2026-09-11,district,ODISHA,ODISHA,MAYURBHANJ,16.4,8.8,86.0,LE,1565.8,1057.4,48.0,E,2026-09-11 10:45:29.115180
2026-09-11,2026-06-01,2026-09-11,district,ODISHA,ODISHA,NAWAPARA,50.2,8.8,471.0,LE,1050.1,903.5,16.0,N,2026-09-11 10:45:29.115180
2026-09-11,2026-06-01,2026-09-11,district,ODISHA,ODISHA,NAWARANGPUR,42.9,6.9,522.0,LE,1012.7,1220.2,-17.0,N,2026-09-11 10:45:29.115180
2026-09-11,2026-06-01,2026-09-11,district,ODISHA,ODISHA,NAYAGARH,15.3,7.7,98.0,LE,1090.5,935.9,17.0,N,2026-09-11 10:45:29.115180
2026-09-11,2026-06-01,2026-09-11,district,ODISHA,ODISHA,PURI,18.0,10.0,80.0,LE,1170.8,889.5,32.0,E,2026-09-11 10:45:29.115180
2026-09-11,2026-06-01,2026-09-11,district,ODISHA,ODISHA,RAYAGADA,34.7,6.4,443.0,LE,793.7,855.9,-7.0,N,2026-09-11 10:45:29.115180
2026-09-11,2026-06-01,2026-09-11,district,ODISHA,ODISHA,SAMBALPUR,28.8,9.5,203.0,LE,1515.0,1157.7,31.0,E,2026-09-11 10:45:29.115180
2026-09-11,2026-06-01,2026-09-11,district,ODISHA,ODISHA,SONEPUR,25.0,7.5,233.0,LE,1616.8,1091.5,48.0,E,2026-09-11 10:45:29.115180
2026-09-11,2026-06-01,2026-09-11,district,ODISHA,ODISHA,SUNDARGARH,17.3,8.9,94.0,LE,1348.4,1081.7,25.0,E,2026-09-11 10:45:29.115180
2026-09-11,2026-06-01,2026-09-11,district,PUNJAB,PUNJAB,AMRITSAR,0.1,3.0,-95.0,LD,350.9,424.9,-17.0,N,2026-09-11 10:45:29.115180
2026-09-11,2026-06-01,2026-09-11,district,PUNJAB,PUNJAB,BARNALA,0.0,0.6,-100.0,NR,127.2,325.6,-61.0,LD,2026-09-11 10:45:29.115180
2026-09-11,2026-06-01,2026-09-11,district,PUNJAB,PUNJAB,BHATINDA,0.0,0.7,-100.0,NR,126.5,267.4,-53.0,D,2026-09-11 10:45:29.115180
2026-09-11,2026-06-01,2026-09-11,district,PUNJAB,PUNJAB,FARIDKOT,0.0,3.0,-100.0,NR,224.8,281.1,-20.0,D,2026-09-11 10:45:29.115180
2026-09-11,2026-06-01,2026-09-11,district,PUNJAB,PUNJAB,FATEHGARH SAHIB,0.0,0.7,-100.0,NR,143.5,436.0,-67.0,LD,2026-09-11 10:45:29.115180
2026-09-11,2026-06-01,2026-09-11,district,PUNJAB,PUNJAB,FAZILKA,0.0,1.0,-100.0,NR,106.6,232.8,-54.0,D,2026-09-11 10:45:29.115180
2026-09-11,2026-06-01,2026-09-11,district,PUNJAB,PUNJAB,FEROZEPUR,0.0,1.5,-100.0,NR,135.6,232.6,-42.0,D,2026-09-11 10:45:29.115180
2026-09-11,2026-06-01,2026-09-11,district,PUNJAB,PUNJAB,GURDASPUR,0.0,1.9,-100.0,NR,734.8,553.4,33.0,E,2026-09-11 10:45:29.115180
2026-09-11,2026-06-01,2026-09-11,district,PUNJAB,PUNJAB,HOSHIARPUR,0.0,2.6,-100.0,NR,257.6,559.8,-54.0,D,2026-09-11 10:45:29.115180
2026-09-11,2026-06-01,2026-09-11,district,PUNJAB,PUNJAB,JALANDHAR,0.0,3.0,-100.0,NR,235.1,481.6,-51.0,D,2026-09-11 10:45:29.115180
2026-09-11,2026-06-01,2026-09-11,district,PUNJAB,PUNJAB,KAPURTHALA,0.0,2.4,-100.0,NR,133.1,420.2,-68.0,LD,2026-09-11 10:45:29.115180
2026-09-11,2026-06-01,2026-09-11,district,PUNJAB,PUNJAB,LUDHIANA,1.1,2.0,-43.0,D,224.2,417.4,-46.0,D,2026-09-11 10:45:29.115180
2026-09-11,2026-06-01,2026-09-11,district,PUNJAB,PUNJAB,MANSA,0.0,0.9,-100.0,NR,71.8,242.3,-70.0,LD,2026-09-11 10:45:29.115180
2026-09-11,2026-06-01,2026-09-11,district,PUNJAB,PUNJAB,MOGA,0.0,1.8,-100.0,NR,164.1,271.3,-40.0,D,2026-09-11 10:45:29.115180
2026-09-11,2026-06-01,2026-09-11,district,PUNJAB,PUNJAB,MUKTSAR,0.0,2.7,-100.0,NR,98.1,294.2,-67.0,LD,2026-09-11 10:45:29.115180
2026-09-11,2026-06-01,2026-09-11,district,PUNJAB,PUNJAB,PATHANKOT,0.0,2.7,-100.0,NR,1239.2,889.0,39.0,E,2026-09-11 10:45:29.115180
2026-09-11,2026-06-01,2026-09-11,district,PUNJAB,PUNJAB,PATIALA,0.0,1.5,-100.0,NR,272.3,490.4,-44.0,D,2026-09-11 10:45:29.115180
2026-09-11,2026-06-01,2026-09-11,district,PUNJAB,PUNJAB,RUPNAGAR,1.1,3.7,-69.0,LD,523.0,743.6,-30.0,D,2026-09-11 10:45:29.115180
2026-09-11,2026-06-01,2026-09-11,district,PUNJAB,PUNJAB,SANGRUR,0.0,0.6,-100.0,NR,168.8,355.9,-53.0,D,2026-09-11 10:45:29.115180
2026-09-11,2026-06-01,2026-09-11,district,PUNJAB,PUNJAB,SAS NAGAR (MOHALI),0.0,3.6,-100.0,NR,227.8,566.3,-60.0,LD,2026-09-11 10:45:29.115180
2026-09-11,2026-06-01,2026-09-11,district,PUNJAB,PUNJAB,SBS NAGAR,0.0,3.2,-100.0,NR,335.8,695.0,-52.0,D,2026-09-11 10:45:29.115180
2026-09-11,2026-06-01,2026-09-11,district,PUNJAB,PUNJAB,TARN TARAN,0.0,0.2,-100.0,NR,120.6,249.0,-52.0,D,2026-09-11 10:45:29.115180
2026-09-11,2026-06-01,2026-09-11,district,RAYALASEEMA,ANDHRA PRADESH,ANANTAPURAMU,0.0,5.6,-100.0,NR,157.2,247.0,-36.0,D,2026-09-11 10:45:29.115180
2026-09-11,2026-06-01,2026-09-11,district,RAYALASEEMA,ANDHRA PRADESH,ANNAMAYYA DISTRICT,0.0,4.5,-100.0,NR,84.5,298.1,-72.0,LD,2026-09-11 10:45:29.115180
2026-09-11,2026-06-01,2026-09-11,district,RAYALASEEMA,ANDHRA PRADESH,CHITTOOR,1.3,4.9,-74.0,LD,154.6,348.9,-56.0,D,2026-09-11 10:45:29.115180
2026-09-11,2026-06-01,2026-09-11,district,RAYALASEEMA,ANDHRA PRADESH,KURNOOL,0.0,5.7,-99.0,LD,210.6,342.1,-38.0,D,2026-09-11 10:45:29.115180
2026-09-11,2026-06-01,2026-09-11,district,RAYALASEEMA,ANDHRA PRADESH,NANDYAL,0.2,6.4,-98.0,LD,208.3,402.0,-48.0,D,2026-09-11 10:45:29.115180
2026-09-11,2026-06-01,2026-09-11,district,RAYALASEEMA,ANDHRA PRADESH,SRI SATHYASAI DISTRICT,0.0,8.1,-100.0,NR,113.3,243.8,-54.0,D,2026-09-11 10:45:29.115180
2026-09-11,2026-06-01,2026-09-11,district,RAYALASEEMA,ANDHRA PRADESH,TIRUPATI,0.9,4.8,-81.0,LD,198.3,356.0,-44.0,D,2026-09-11 10:45:29.115180
2026-09-11,2026-06-01,2026-09-11,district,RAYALASEEMA,ANDHRA PRADESH,YSR DISTRICT,0.1,4.9,-98.0,LD,149.1,316.5,-53.0,D,2026-09-11 10:45:29.115180
2026-09-11,2026-06-01,2026-09-11,district,S. I. KARNATAKA,KARNATAKA,BALLARI,0.0,3.4,-100.0,NR,134.2,272.9,-51.0,D,2026-09-11 10:45:29.115180
2026-09-11,2026-06-01,2026-09-11,district,S. I. KARNATAKA,KARNATAKA,BENGALURU RURAL,0.0,7.2,-100.0,NR,242.1,324.9,-25.0,D,2026-09-11 10:45:29.115180
2026-09-11,2026-06-01,2026-09-11,district,S. I. KARNATAKA,KARNATAKA,BENGALURU URBAN,0.0,6.0,-100.0,NR,138.3,334.3,-59.0,D,2026-09-11 10:45:29.115180
2026-09-11,2026-06-01,2026-09-11,district,S. I. KARNATAKA,KARNATAKA,CHAMARAJANAGAR,4.8,4.0,19.0,N,138.3,254.6,-46.0,D,2026-09-11 10:45:29.115180
2026-09-11,2026-06-01,2026-09-11,district,S. I. KARNATAKA,KARNATAKA,CHIKABALLAPURA,0.0,6.4,-100.0,NR,151.0,317.4,-52.0,D,2026-09-11 10:45:29.115180
2026-09-11,2026-06-01,2026-09-11,district,S. I. KARNATAKA,KARNATAKA,CHIKKAMAGALURU,0.0,3.9,-100.0,NR,1234.0,1382.1,-11.0,N,2026-09-11 10:45:29.115180
2026-09-11,2026-06-01,2026-09-11,district,S. I. KARNATAKA,KARNATAKA,CHITRADURGA,0.0,3.1,-100.0,NR,146.5,214.9,-32.0,D,2026-09-11 10:45:29.115180
2026-09-11,2026-06-01,2026-09-11,district,S. I. KARNATAKA,KARNATAKA,DAVANGERE,0.0,2.7,-100.0,NR,267.5,301.7,-11.0,N,2026-09-11 10:45:29.115180
2026-09-11,2026-06-01,2026-09-11,district,S. I. KARNATAKA,KARNATAKA,HASSAN,0.0,2.5,-100.0,NR,216.0,584.6,-63.0,LD,2026-09-11 10:45:29.115180
2026-09-11,2026-06-01,2026-09-11,district,S. I. KARNATAKA,KARNATAKA,KODAGU,0.0,5.9,-100.0,NR,1520.7,2108.9,-28.0,D,2026-09-11 10:45:29.115180
2026-09-11,2026-06-01,2026-09-11,district,S. I. KARNATAKA,KARNATAKA,KOLAR,0.0,7.5,-100.0,NR,129.3,303.6,-57.0,D,2026-09-11 10:45:29.115180
2026-09-11,2026-06-01,2026-09-11,district,S. I. KARNATAKA,KARNATAKA,MANDYA,0.4,4.3,-91.0,LD,106.6,215.1,-50.0,D,2026-09-11 10:45:29.115180
2026-09-11,2026-06-01,2026-09-11,district,S. I. KARNATAKA,KARNATAKA,MYSURU,5.8,2.7,114.0,LE,159.5,295.2,-46.0,D,2026-09-11 10:45:29.115180
2026-09-11,2026-06-01,2026-09-11,district,S. I. KARNATAKA,KARNATAKA,SHIVAMOGGA,0.0,3.5,-100.0,NR,1440.3,1527.8,-6.0,N,2026-09-11 10:45:29.115180
2026-09-11,2026-06-01,2026-09-11,district,S. I. KARNATAKA,KARNATAKA,TUMAKURU,0.0,5.7,-100.0,NR,128.1,273.0,-53.0,D,2026-09-11 10:45:29.115180
2026-09-11,2026-06-01,2026-09-11,district,S. I. KARNATAKA,KARNATAKA,VIJAYANAGARA,0.0,2.9,-100.0,NR,150.4,292.0,-48.0,D,2026-09-11 10:45:29.115180
2026-09-11,2026-06-01,2026-09-11,district,SAURASHTRA & KUTCH,DADRA & NAGAR HAVELI AND DAMAN & DIU (UT),DIU,0.0,6.2,-100.0,NR,632.8,689.9,-8.0,N,2026-09-11 10:45:29.115180
2026-09-11,2026-06-01,2026-09-11,district,SAURASHTRA & KUTCH,GUJARAT,AMRELI,2.2,3.7,-41.0,D,497.7,503.1,-1.0,N,2026-09-11 10:45:29.115180
2026-09-11,2026-06-01,2026-09-11,district,SAURASHTRA & KUTCH,GUJARAT,BHAVNAGAR,0.3,3.7,-91.0,LD,482.5,500.6,-4.0,N,2026-09-11 10:45:29.115180
2026-09-11,2026-06-01,2026-09-11,district,SAURASHTRA & KUTCH,GUJARAT,BOTAD,0.0,3.3,-100.0,NR,445.8,493.1,-10.0,N,2026-09-11 10:45:29.115180
2026-09-11,2026-06-01,2026-09-11,district,SAURASHTRA & KUTCH,GUJARAT,DEVBHOOMI DWARKA,3.1,3.3,-5.0,N,61.0,516.3,-88.0,LD,2026-09-11 10:45:29.115180
2026-09-11,2026-06-01,2026-09-11,district,SAURASHTRA & KUTCH,GUJARAT,GIR SOMNATH,0.0,5.9,-100.0,NR,470.1,802.1,-41.0,D,2026-09-11 10:45:29.115180
2026-09-11,2026-06-01,2026-09-11,district,SAURASHTRA & KUTCH,GUJARAT,JAMNAGAR,0.5,2.2,-77.0,LD,225.8,572.5,-61.0,LD,2026-09-11 10:45:29.115180
2026-09-11,2026-06-01,2026-09-11,district,SAURASHTRA & KUTCH,GUJARAT,JUNAGADH,0.0,5.9,-99.0,LD,592.5,795.6,-26.0,D,2026-09-11 10:45:29.115180
2026-09-11,2026-06-01,2026-09-11,district,SAURASHTRA & KUTCH,GUJARAT,KUTCH,0.0,1.2,-100.0,NR,140.5,374.0,-62.0,LD,2026-09-11 10:45:29.115180
2026-09-11,2026-06-01,2026-09-11,district,SAURASHTRA & KUTCH,GUJARAT,MORBI,0.0,1.7,-100.0,NR,473.4,481.9,-2.0,N,2026-09-11 10:45:29.115180
2026-09-11,2026-06-01,2026-09-11,district,SAURASHTRA & KUTCH,GUJARAT,PORBANDAR,1.0,6.2,-84.0,LD,162.7,627.6,-74.0,LD,2026-09-11 10:45:29.115180
2026-09-11,2026-06-01,2026-09-11,district,SAURASHTRA & KUTCH,GUJARAT,RAJKOT,0.6,2.9,-80.0,LD,356.5,561.1,-36.0,D,2026-09-11 10:45:29.115180
2026-09-11,2026-06-01,2026-09-11,district,SAURASHTRA & KUTCH,GUJARAT,SURENDRANAGAR,0.0,2.2,-100.0,NR,481.0,465.7,3.0,N,2026-09-11 10:45:29.115180
2026-09-11,2026-06-01,2026-09-11,district,SHWB & SIKKIM,SIKKIM,GANGTOK,1.4,13.4,-90.0,LD,1676.8,1918.9,-13.0,N,2026-09-11 10:45:29.115180
2026-09-11,2026-06-01,2026-09-11,district,SHWB & SIKKIM,SIKKIM,GYALSHING,16.1,10.6,52.0,E,1962.7,1583.1,24.0,E,2026-09-11 10:45:29.115180
2026-09-11,2026-06-01,2026-09-11,district,SHWB & SIKKIM,SIKKIM,MANGAN,4.0,12.0,-67.0,LD,1155.7,1352.4,-15.0,N,2026-09-11 10:45:29.115180
2026-09-11,2026-06-01,2026-09-11,district,SHWB & SIKKIM,SIKKIM,NAMCHI,7.7,18.0,-57.0,D,1581.8,1465.7,8.0,N,2026-09-11 10:45:29.115180
2026-09-11,2026-06-01,2026-09-11,district,SHWB & SIKKIM,SIKKIM,Pakyong,13.4,10.7,25.0,E,1364.4,1432.8,-5.0,N,2026-09-11 10:45:29.115180
2026-09-11,2026-06-01,2026-09-11,district,SHWB & SIKKIM,SIKKIM,Soreng,2.5,10.6,-76.0,LD,1872.5,1583.1,18.0,N,2026-09-11 10:45:29.115180
2026-09-11,2026-06-01,2026-09-11,district,SHWB & SIKKIM,WEST BENGAL,ALIPURDUAR,9.7,19.1,-49.0,D,2364.2,2712.8,-13.0,N,2026-09-11 10:45:29.115180
2026-09-11,2026-06-01,2026-09-11,district,SHWB & SIKKIM,WEST BENGAL,COOCH BEHAR,25.9,16.6,56.0,E,1837.0,2080.0,-12.0,N,2026-09-11 10:45:29.115180
2026-09-11,2026-06-01,2026-09-11,district,SHWB & SIKKIM,WEST BENGAL,DARJEELING,32.1,17.6,82.0,LE,1896.0,2419.5,-22.0,D,2026-09-11 10:45:29.115180
2026-09-11,2026-06-01,2026-09-11,district,SHWB & SIKKIM,WEST BENGAL,JALPAIGURI,18.5,20.1,-8.0,N,1935.7,2584.7,-25.0,D,2026-09-11 10:45:29.115180
2026-09-11,2026-06-01,2026-09-11,district,SHWB & SIKKIM,WEST BENGAL,KALIMPONG,11.5,18.8,-39.0,D,1654.3,2142.2,-23.0,D,2026-09-11 10:45:29.115180
2026-09-11,2026-06-01,2026-09-11,district,SHWB & SIKKIM,WEST BENGAL,MALDA,67.6,8.4,705.0,LE,784.4,980.6,-20.0,D,2026-09-11 10:45:29.115180
2026-09-11,2026-06-01,2026-09-11,district,SHWB & SIKKIM,WEST BENGAL,NORTH DINAJPUR,44.2,13.4,230.0,LE,920.0,1264.9,-27.0,D,2026-09-11 10:45:29.115180
2026-09-11,2026-06-01,2026-09-11,district,SHWB & SIKKIM,WEST BENGAL,SOUTH DINAJPUR,28.3,4.7,502.0,LE,756.7,900.9,-16.0,N,2026-09-11 10:45:29.115180
2026-09-11,2026-06-01,2026-09-11,district,TAMIL. PUDU.& KARAIKAL,PUDUCHERRY (UT),KARAIKAL,0.0,4.6,-100.0,NR,234.1,223.5,5.0,N,2026-09-11 10:45:29.115180
2026-09-11,2026-06-01,2026-09-11,district,TAMIL. PUDU.& KARAIKAL,PUDUCHERRY (UT),PUDUCHERRY,0.0,4.5,-100.0,NR,134.9,302.9,-55.0,D,2026-09-11 10:45:29.115180
2026-09-11,2026-06-01,2026-09-11,district,TAMIL. PUDU.& KARAIKAL,TAMILNADU,ARIYALUR,3.7,5.1,-27.0,D,242.1,239.3,1.0,N,2026-09-11 10:45:29.115180
2026-09-11,2026-06-01,2026-09-11,district,TAMIL. PUDU.& KARAIKAL,TAMILNADU,CHENGALPATTU,4.5,6.2,-27.0,D,167.6,318.4,-47.0,D,2026-09-11 10:45:29.115180
2026-09-11,2026-06-01,2026-09-11,district,TAMIL. PUDU.& KARAIKAL,TAMILNADU,CHENNAI,9.6,7.1,35.0,E,349.7,350.1,0.0,N,2026-09-11 10:45:29.115180
2026-09-11,2026-06-01,2026-09-11,district,TAMIL. PUDU.& KARAIKAL,TAMILNADU,COIMBATORE,0.1,4.2,-99.0,LD,629.9,608.5,4.0,N,2026-09-11 10:45:29.115180
2026-09-11,2026-06-01,2026-09-11,district,TAMIL. PUDU.& KARAIKAL,TAMILNADU,CUDDALORE,1.1,5.1,-78.0,LD,229.8,270.7,-15.0,N,2026-09-11 10:45:29.115180
2026-09-11,2026-06-01,2026-09-11,district,TAMIL. PUDU.& KARAIKAL,TAMILNADU,DHARMAPURI,0.0,6.5,-100.0,NR,157.3,274.5,-43.0,D,2026-09-11 10:45:29.115180
2026-09-11,2026-06-01,2026-09-11,district,TAMIL. PUDU.& KARAIKAL,TAMILNADU,DINDIGUL,0.0,4.9,-100.0,NR,116.1,209.7,-45.0,D,2026-09-11 10:45:29.115180
2026-09-11,2026-06-01,2026-09-11,district,TAMIL. PUDU.& KARAIKAL,TAMILNADU,ERODE,3.5,3.1,12.0,N,127.6,185.4,-31.0,D,2026-09-11 10:45:29.115180
2026-09-11,2026-06-01,2026-09-11,district,TAMIL. PUDU.& KARAIKAL,TAMILNADU,KALLAKURICHI,5.8,4.6,26.0,E,193.9,298.1,-35.0,D,2026-09-11 10:45:29.115180
2026-09-11,2026-06-01,2026-09-11,district,TAMIL. PUDU.& KARAIKAL,TAMILNADU,KANCHEEPURAM,8.0,4.9,64.0,LE,270.8,370.9,-27.0,D,2026-09-11 10:45:29.115180
2026-09-11,2026-06-01,2026-09-11,district,TAMIL. PUDU.& KARAIKAL,TAMILNADU,KANYAKUMARI,0.0,3.0,-100.0,NR,400.5,410.0,-2.0,N,2026-09-11 10:45:29.115180
2026-09-11,2026-06-01,2026-09-11,district,TAMIL. PUDU.& KARAIKAL,TAMILNADU,KARUR,0.4,2.9,-87.0,LD,39.4,130.7,-70.0,LD,2026-09-11 10:45:29.115180
2026-09-11,2026-06-01,2026-09-11,district,TAMIL. PUDU.& KARAIKAL,TAMILNADU,KRISHNAGIRI,0.0,5.1,-100.0,NR,127.1,251.5,-49.0,D,2026-09-11 10:45:29.115180
2026-09-11,2026-06-01,2026-09-11,district,TAMIL. PUDU.& KARAIKAL,TAMILNADU,MADURAI,0.1,3.8,-97.0,LD,146.7,215.0,-32.0,D,2026-09-11 10:45:29.115180
2026-09-11,2026-06-01,2026-09-11,district,TAMIL. PUDU.& KARAIKAL,TAMILNADU,MAYILADUTHURAI,0.0,3.2,-100.0,NR,166.9,231.8,-28.0,D,2026-09-11 10:45:29.115180
2026-09-11,2026-06-01,2026-09-11,district,TAMIL. PUDU.& KARAIKAL,TAMILNADU,NAGAPATTINAM,0.0,4.1,-100.0,NR,77.6,186.7,-58.0,D,2026-09-11 10:45:29.115180
2026-09-11,2026-06-01,2026-09-11,district,TAMIL. PUDU.& KARAIKAL,TAMILNADU,NAMAKKAL,0.2,4.7,-96.0,LD,87.6,240.3,-64.0,LD,2026-09-11 10:45:29.115180
2026-09-11,2026-06-01,2026-09-11,district,TAMIL. PUDU.& KARAIKAL,TAMILNADU,NILGIRIS,1.0,5.9,-83.0,LD,493.6,730.8,-32.0,D,2026-09-11 10:45:29.115180
2026-09-11,2026-06-01,2026-09-11,district,TAMIL. PUDU.& KARAIKAL,TAMILNADU,PERAMBALUR,8.7,3.4,157.0,LE,183.6,199.7,-8.0,N,2026-09-11 10:45:29.115180
2026-09-11,2026-06-01,2026-09-11,district,TAMIL. PUDU.& KARAIKAL,TAMILNADU,PUDUKKOTTAI,6.7,3.5,90.0,LE,193.9,224.4,-14.0,N,2026-09-11 10:45:29.115180
2026-09-11,2026-06-01,2026-09-11,district,TAMIL. PUDU.& KARAIKAL,TAMILNADU,RAMANATHAPURAM,2.0,1.3,51.0,E,37.8,88.6,-57.0,D,2026-09-11 10:45:29.115180
2026-09-11,2026-06-01,2026-09-11,district,TAMIL. PUDU.& KARAIKAL,TAMILNADU,RANIPET,0.2,6.4,-96.0,LD,286.3,349.7,-18.0,N,2026-09-11 10:45:29.115180
2026-09-11,2026-06-01,2026-09-11,district,TAMIL. PUDU.& KARAIKAL,TAMILNADU,SALEM,1.0,5.0,-79.0,LD,186.0,301.6,-38.0,D,2026-09-11 10:45:29.115180
2026-09-11,2026-06-01,2026-09-11,district,TAMIL. PUDU.& KARAIKAL,TAMILNADU,SIVAGANGA,4.1,5.4,-24.0,D,227.4,243.2,-6.0,N,2026-09-11 10:45:29.115180
2026-09-11,2026-06-01,2026-09-11,district,TAMIL. PUDU.& KARAIKAL,TAMILNADU,TENKASI,0.0,0.8,-100.0,NR,179.4,135.3,33.0,E,2026-09-11 10:45:29.115180
2026-09-11,2026-06-01,2026-09-11,district,TAMIL. PUDU.& KARAIKAL,TAMILNADU,THANJAVUR,1.7,4.0,-59.0,D,149.6,227.2,-34.0,D,2026-09-11 10:45:29.115180
2026-09-11,2026-06-01,2026-09-11,district,TAMIL. PUDU.& KARAIKAL,TAMILNADU,THENI,0.0,1.8,-100.0,NR,168.3,171.2,-2.0,N,2026-09-11 10:45:29.115180
2026-09-11,2026-06-01,2026-09-11,district,TAMIL. PUDU.& KARAIKAL,TAMILNADU,THIRUCHIRAPALLI,0.8,4.1,-79.0,LD,101.0,191.2,-47.0,D,2026-09-11 10:45:29.115180
2026-09-11,2026-06-01,2026-09-11,district,TAMIL. PUDU.& KARAIKAL,TAMILNADU,THIRUVALLUR,8.3,7.1,17.0,N,306.8,364.6,-16.0,N,2026-09-11 10:45:29.115180
2026-09-11,2026-06-01,2026-09-11,district,TAMIL. PUDU.& KARAIKAL,TAMILNADU,THOOTHUKUDI,0.0,0.9,-100.0,NR,13.4,41.9,-68.0,LD,2026-09-11 10:45:29.115180
2026-09-11,2026-06-01,2026-09-11,district,TAMIL. PUDU.& KARAIKAL,TAMILNADU,TIRUNELVELI,0.0,0.4,-100.0,NR,367.7,64.2,473.0,LE,2026-09-11 10:45:29.115180
2026-09-11,2026-06-01,2026-09-11,district,TAMIL. PUDU.& KARAIKAL,TAMILNADU,TIRUPATTUR,0.0,7.7,-100.0,NR,98.1,325.5,-70.0,LD,2026-09-11 10:45:29.115180
2026-09-11,2026-06-01,2026-09-11,district,TAMIL. PUDU.& KARAIKAL,TAMILNADU,TIRUPPUR,1.0,1.8,-44.0,D,38.5,98.3,-61.0,LD,2026-09-11 10:45:29.115180
2026-09-11,2026-06-01,2026-09-11,district,TAMIL. PUDU.& KARAIKAL,TAMILNADU,TIRUVANNAMALAI,1.2,7.3,-83.0,LD,196.7,340.7,-42.0,D,2026-09-11 10:45:29.115180
2026-09-11,2026-06-01,2026-09-11,district,TAMIL. PUDU.& KARAIKAL,TAMILNADU,TIRUVARUR,0.2,4.6,-95.0,LD,168.8,221.2,-24.0,D,2026-09-11 10:45:29.115180
2026-09-11,2026-06-01,2026-09-11,district,TAMIL. PUDU.& KARAIKAL,TAMILNADU,VELLORE,0.0,5.4,-100.0,NR,157.2,329.4,-52.0,D,2026-09-11 10:45:29.115180
2026-09-11,2026-06-01,2026-09-11,district,TAMIL. PUDU.& KARAIKAL,TAMILNADU,VILLUPURAM,0.0,5.0,-100.0,NR,210.7,311.3,-32.0,D,2026-09-11 10:45:29.115180
2026-09-11,2026-06-01,2026-09-11,district,TAMIL. PUDU.& KARAIKAL,TAMILNADU,VIRUDHUNAGAR,0.0,3.2,-100.0,NR,114.8,131.0,-12.0,N,2026-09-11 10:45:29.115180
2026-09-11,2026-06-01,2026-09-11,district,TELANGANA,TELANGANA,ADILABAD,0.0,4.1,-100.0,NR,604.6,852.7,-29.0,D,2026-09-11 10:45:29.115180
2026-09-11,2026-06-01,2026-09-11,district,TELANGANA,TELANGANA,B. KOTHAGUDEM,2.4,8.7,-72.0,LD,543.3,841.9,-35.0,D,2026-09-11 10:45:29.115180
2026-09-11,2026-06-01,2026-09-11,district,TELANGANA,TELANGANA,HANUMAKONDA,0.5,4.8,-91.0,LD,345.2,589.5,-41.0,D,2026-09-11 10:45:29.115180
2026-09-11,2026-06-01,2026-09-11,district,TELANGANA,TELANGANA,HYDERABAD,0.0,6.5,-99.0,LD,328.2,521.3,-37.0,D,2026-09-11 10:45:29.115180
2026-09-11,2026-06-01,2026-09-11,district,TELANGANA,TELANGANA,J. BHUPALPALLY,0.4,3.6,-88.0,LD,731.2,879.1,-17.0,N,2026-09-11 10:45:29.115180
2026-09-11,2026-06-01,2026-09-11,district,TELANGANA,TELANGANA,JAGTIAL,1.0,5.2,-81.0,LD,698.3,709.5,-2.0,N,2026-09-11 10:45:29.115180
2026-09-11,2026-06-01,2026-09-11,district,TELANGANA,TELANGANA,JANGAON,2.2,5.4,-60.0,LD,316.4,575.8,-45.0,D,2026-09-11 10:45:29.115180
2026-09-11,2026-06-01,2026-09-11,district,TELANGANA,TELANGANA,JOGULAMBA GADWAL,0.0,2.7,-100.0,NR,196.2,360.6,-46.0,D,2026-09-11 10:45:29.115180
2026-09-11,2026-06-01,2026-09-11,district,TELANGANA,TELANGANA,KAMAREDDY,0.1,5.3,-99.0,LD,747.4,677.5,10.0,N,2026-09-11 10:45:29.115180
2026-09-11,2026-06-01,2026-09-11,district,TELANGANA,TELANGANA,KARIMNAGAR,0.3,5.2,-95.0,LD,493.2,600.6,-18.0,N,2026-09-11 10:45:29.115180
2026-09-11,2026-06-01,2026-09-11,district,TELANGANA,TELANGANA,KHAMMAM,1.1,8.3,-87.0,LD,462.5,674.4,-31.0,D,2026-09-11 10:45:29.115180
2026-09-11,2026-06-01,2026-09-11,district,TELANGANA,TELANGANA,KUMARAM BHEEM,0.0,6.1,-100.0,NR,923.3,874.1,6.0,N,2026-09-11 10:45:29.115180
2026-09-11,2026-06-01,2026-09-11,district,TELANGANA,TELANGANA,M. MALKAJGIRI,0.0,4.9,-100.0,NR,237.8,438.5,-46.0,D,2026-09-11 10:45:29.115180
2026-09-11,2026-06-01,2026-09-11,district,TELANGANA,TELANGANA,MAHABUBABAD,0.0,7.0,-100.0,NR,551.1,756.3,-27.0,D,2026-09-11 10:45:29.115180
2026-09-11,2026-06-01,2026-09-11,district,TELANGANA,TELANGANA,MAHABUBNAGAR,0.0,4.9,-100.0,NR,343.3,422.7,-19.0,N,2026-09-11 10:45:29.115180
2026-09-11,2026-06-01,2026-09-11,district,TELANGANA,TELANGANA,MANCHERIAL,0.2,6.0,-96.0,LD,826.6,838.9,-1.0,N,2026-09-11 10:45:29.115180
2026-09-11,2026-06-01,2026-09-11,district,TELANGANA,TELANGANA,MEDAK,1.4,8.3,-83.0,LD,583.0,674.5,-14.0,N,2026-09-11 10:45:29.115180
2026-09-11,2026-06-01,2026-09-11,district,TELANGANA,TELANGANA,MULUGU,0.8,4.8,-83.0,LD,819.3,873.6,-6.0,N,2026-09-11 10:45:29.115180
2026-09-11,2026-06-01,2026-09-11,district,TELANGANA,TELANGANA,NAGARKURNOOL,0.0,5.2,-100.0,NR,250.2,391.1,-36.0,D,2026-09-11 10:45:29.115180
2026-09-11,2026-06-01,2026-09-11,district,TELANGANA,TELANGANA,NALGONDA,2.5,4.4,-44.0,D,182.4,414.8,-56.0,D,2026-09-11 10:45:29.115180
2026-09-11,2026-06-01,2026-09-11,district,TELANGANA,TELANGANA,NARAYANPET,0.0,3.5,-99.0,LD,336.8,382.1,-12.0,N,2026-09-11 10:45:29.115180
2026-09-11,2026-06-01,2026-09-11,district,TELANGANA,TELANGANA,NIRMAL,0.4,4.5,-92.0,LD,394.4,794.5,-50.0,D,2026-09-11 10:45:29.115180
2026-09-11,2026-06-01,2026-09-11,district,TELANGANA,TELANGANA,NIZAMABAD,5.0,5.1,-2.0,N,623.6,734.9,-15.0,N,2026-09-11 10:45:29.115180
2026-09-11,2026-06-01,2026-09-11,district,TELANGANA,TELANGANA,PEDDAPALLE,1.8,5.0,-64.0,LD,612.7,765.1,-20.0,D,2026-09-11 10:45:29.115180
2026-09-11,2026-06-01,2026-09-11,district,TELANGANA,TELANGANA,RAJANNA SIRCILLA,0.0,5.1,-99.0,LD,550.8,594.4,-7.0,N,2026-09-11 10:45:29.115180
2026-09-11,2026-06-01,2026-09-11,district,TELANGANA,TELANGANA,RANGAREDDY,0.1,6.0,-98.0,LD,340.4,446.5,-24.0,D,2026-09-11 10:45:29.115180
2026-09-11,2026-06-01,2026-09-11,district,TELANGANA,TELANGANA,SANGAREDDY,0.0,7.2,-99.0,LD,395.3,595.9,-34.0,D,2026-09-11 10:45:29.115180
2026-09-11,2026-06-01,2026-09-11,district,TELANGANA,TELANGANA,SIDDIPET,0.0,6.1,-99.0,LD,438.4,529.0,-17.0,N,2026-09-11 10:45:29.115180
2026-09-11,2026-06-01,2026-09-11,district,TELANGANA,TELANGANA,SURYAPET,0.8,6.0,-87.0,LD,326.9,514.1,-36.0,D,2026-09-11 10:45:29.115180
2026-09-11,2026-06-01,2026-09-11,district,TELANGANA,TELANGANA,VIKARABAD,0.1,6.8,-98.0,LD,419.2,552.8,-24.0,D,2026-09-11 10:45:29.115180
2026-09-11,2026-06-01,2026-09-11,district,TELANGANA,TELANGANA,WANAPARTHY,0.1,5.9,-99.0,LD,267.5,446.0,-40.0,D,2026-09-11 10:45:29.115180
2026-09-11,2026-06-01,2026-09-11,district,TELANGANA,TELANGANA,WARANGAL,0.2,6.1,-96.0,LD,404.1,805.2,-50.0,D,2026-09-11 10:45:29.115180
2026-09-11,2026-06-01,2026-09-11,district,TELANGANA,TELANGANA,Y. BHUVANAGIRI,1.5,4.6,-68.0,LD,245.1,436.2,-44.0,D,2026-09-11 10:45:29.115180
2026-09-11,2026-06-01,2026-09-11,district,UTTARAKHAND,UTTARAKHAND,ALMORA,15.3,3.4,351.0,LE,928.1,720.4,29.0,E,2026-09-11 10:45:29.115180
2026-09-11,2026-06-01,2026-09-11,district,UTTARAKHAND,UTTARAKHAND,BAGESHWAR,24.4,3.4,618.0,LE,1917.8,720.4,166.0,LE,2026-09-11 10:45:29.115180
2026-09-11,2026-06-01,2026-09-11,district,UTTARAKHAND,UTTARAKHAND,CHAMOLI,34.7,3.4,919.0,LE,1131.9,670.2,69.0,LE,2026-09-11 10:45:29.115180
2026-09-11,2026-06-01,2026-09-11,district,UTTARAKHAND,UTTARAKHAND,CHAMPAWAT,9.4,11.3,-17.0,N,906.9,1189.5,-24.0,D,2026-09-11 10:45:29.115180
2026-09-11,2026-06-01,2026-09-11,district,UTTARAKHAND,UTTARAKHAND,DEHRADUN,1.7,8.8,-80.0,LD,1310.3,1340.0,-2.0,N,2026-09-11 10:45:29.115180
2026-09-11,2026-06-01,2026-09-11,district,UTTARAKHAND,UTTARAKHAND,GARHWAL PAURI,3.7,5.6,-34.0,D,651.0,1175.4,-45.0,D,2026-09-11 10:45:29.115180
2026-09-11,2026-06-01,2026-09-11,district,UTTARAKHAND,UTTARAKHAND,GARHWAL TEHRI,5.3,5.1,4.0,N,1151.4,878.6,31.0,E,2026-09-11 10:45:29.115180
2026-09-11,2026-06-01,2026-09-11,district,UTTARAKHAND,UTTARAKHAND,HARDWAR,3.8,6.4,-41.0,D,1063.6,919.8,16.0,N,2026-09-11 10:45:29.115180
2026-09-11,2026-06-01,2026-09-11,district,UTTARAKHAND,UTTARAKHAND,NAINITAL,3.2,7.6,-57.0,D,1141.9,1405.0,-19.0,N,2026-09-11 10:45:29.115180
2026-09-11,2026-06-01,2026-09-11,district,UTTARAKHAND,UTTARAKHAND,PITHORAGARH,16.3,10.2,59.0,E,1418.2,1388.7,2.0,N,2026-09-11 10:45:29.115180
2026-09-11,2026-06-01,2026-09-11,district,UTTARAKHAND,UTTARAKHAND,RUDRAPRAYAG,17.4,6.7,160.0,LE,1333.2,1453.1,-8.0,N,2026-09-11 10:45:29.115180
2026-09-11,2026-06-01,2026-09-11,district,UTTARAKHAND,UTTARAKHAND,UDHAM SINGH NAGAR,5.0,3.3,52.0,E,1100.0,1031.9,7.0,N,2026-09-11 10:45:29.115180
2026-09-11,2026-06-01,2026-09-11,district,UTTARAKHAND,UTTARAKHAND,UTTARKASHI,4.7,5.9,-21.0,D,927.0,1067.5,-13.0,N,2026-09-11 10:45:29.115180
2026-09-11,2026-06-01,2026-09-11,district,VIDARBHA,MAHARASHTRA,AKOLA,0.0,4.0,-100.0,NR,364.6,632.9,-42.0,D,2026-09-11 10:45:29.115180
2026-09-11,2026-06-01,2026-09-11,district,VIDARBHA,MAHARASHTRA,AMRAOTI,0.1,4.1,-98.0,LD,415.8,750.0,-45.0,D,2026-09-11 10:45:29.115180
2026-09-11,2026-06-01,2026-09-11,district,VIDARBHA,MAHARASHTRA,BHANDARA,0.8,5.1,-85.0,LD,822.2,1001.0,-18.0,N,2026-09-11 10:45:29.115180
2026-09-11,2026-06-01,2026-09-11,district,VIDARBHA,MAHARASHTRA,BULDHANA,0.0,4.1,-100.0,NR,463.3,579.9,-20.0,D,2026-09-11 10:45:29.115180
2026-09-11,2026-06-01,2026-09-11,district,VIDARBHA,MAHARASHTRA,CHANDRAPUR,0.0,6.8,-99.0,LD,614.9,993.8,-38.0,D,2026-09-11 10:45:29.115180
2026-09-11,2026-06-01,2026-09-11,district,VIDARBHA,MAHARASHTRA,GADCHIROLI,1.8,7.8,-76.0,LD,882.0,1197.8,-26.0,D,2026-09-11 10:45:29.115180
2026-09-11,2026-06-01,2026-09-11,district,VIDARBHA,MAHARASHTRA,GONDIA,1.8,6.2,-71.0,LD,1051.8,1121.5,-6.0,N,2026-09-11 10:45:29.115180
2026-09-11,2026-06-01,2026-09-11,district,VIDARBHA,MAHARASHTRA,NAGPUR,0.0,5.0,-100.0,NR,528.0,860.0,-39.0,D,2026-09-11 10:45:29.115180
2026-09-11,2026-06-01,2026-09-11,district,VIDARBHA,MAHARASHTRA,WARDHA,0.0,3.2,-100.0,NR,498.2,766.1,-35.0,D,2026-09-11 10:45:29.115180
2026-09-11,2026-06-01,2026-09-11,district,VIDARBHA,MAHARASHTRA,WASHIM,0.0,3.5,-100.0,NR,440.2,695.5,-37.0,D,2026-09-11 10:45:29.115180
2026-09-11,2026-06-01,2026-09-11,district,VIDARBHA,MAHARASHTRA,YEOTMAL,0.0,4.3,-100.0,NR,542.9,739.6,-27.0,D,2026-09-11 10:45:29.115180
2026-09-11,2026-06-01,2026-09-11,district,WEST MADHYA PRADESH,MADHYA PRADESH,AGAR-MALWA,0.0,4.9,-100.0,NR,811.8,823.5,-1.0,N,2026-09-11 10:45:29.115180
2026-09-11,2026-06-01,2026-09-11,district,WEST MADHYA PRADESH,MADHYA PRADESH,ALIRAJPUR,0.0,3.9,-100.0,NR,384.8,781.6,-51.0,D,2026-09-11 10:45:29.115180
2026-09-11,2026-06-01,2026-09-11,district,WEST MADHYA PRADESH,MADHYA PRADESH,ASHOKNAGAR,4.8,6.0,-21.0,D,673.0,778.9,-14.0,N,2026-09-11 10:45:29.115180
2026-09-11,2026-06-01,2026-09-11,district,WEST MADHYA PRADESH,MADHYA PRADESH,BARWANI,0.2,3.6,-93.0,LD,493.0,594.0,-17.0,N,2026-09-11 10:45:29.115180
2026-09-11,2026-06-01,2026-09-11,district,WEST MADHYA PRADESH,MADHYA PRADESH,BETUL,0.4,3.7,-89.0,LD,626.5,945.6,-34.0,D,2026-09-11 10:45:29.115180
2026-09-11,2026-06-01,2026-09-11,district,WEST MADHYA PRADESH,MADHYA PRADESH,BHIND,1.7,5.9,-72.0,LD,727.9,560.5,30.0,E,2026-09-11 10:45:29.115180
2026-09-11,2026-06-01,2026-09-11,district,WEST MADHYA PRADESH,MADHYA PRADESH,BHOPAL,0.1,8.8,-99.0,LD,974.1,882.2,10.0,N,2026-09-11 10:45:29.115180
2026-09-11,2026-06-01,2026-09-11,district,WEST MADHYA PRADESH,MADHYA PRADESH,BURHANPUR,0.0,2.3,-100.0,NR,730.7,659.6,11.0,N,2026-09-11 10:45:29.115180
2026-09-11,2026-06-01,2026-09-11,district,WEST MADHYA PRADESH,MADHYA PRADESH,DATIA,0.0,9.0,-100.0,NR,723.3,684.2,6.0,N,2026-09-11 10:45:29.115180
2026-09-11,2026-06-01,2026-09-11,district,WEST MADHYA PRADESH,MADHYA PRADESH,DEWAS,0.0,4.1,-100.0,NR,719.2,826.9,-13.0,N,2026-09-11 10:45:29.115180
2026-09-11,2026-06-01,2026-09-11,district,WEST MADHYA PRADESH,MADHYA PRADESH,DHAR,0.0,3.3,-100.0,NR,415.2,723.2,-43.0,D,2026-09-11 10:45:29.115180
2026-09-11,2026-06-01,2026-09-11,district,WEST MADHYA PRADESH,MADHYA PRADESH,GUNA,0.0,6.1,-100.0,NR,922.9,873.3,6.0,N,2026-09-11 10:45:29.115180
2026-09-11,2026-06-01,2026-09-11,district,WEST MADHYA PRADESH,MADHYA PRADESH,GWALIOR,0.0,8.4,-100.0,NR,713.2,654.8,9.0,N,2026-09-11 10:45:29.115180
2026-09-11,2026-06-01,2026-09-11,district,WEST MADHYA PRADESH,MADHYA PRADESH,HARDA,1.8,5.5,-67.0,LD,642.6,1001.0,-36.0,D,2026-09-11 10:45:29.115180
2026-09-11,2026-06-01,2026-09-11,district,WEST MADHYA PRADESH,MADHYA PRADESH,INDORE,0.0,4.2,-99.0,LD,566.4,783.3,-28.0,D,2026-09-11 10:45:29.115180
2026-09-11,2026-06-01,2026-09-11,district,WEST MADHYA PRADESH,MADHYA PRADESH,JHABUA,0.0,3.5,-100.0,NR,499.4,802.6,-38.0,D,2026-09-11 10:45:29.115180
2026-09-11,2026-06-01,2026-09-11,district,WEST MADHYA PRADESH,MADHYA PRADESH,KHANDWA,0.0,3.2,-100.0,NR,628.6,706.4,-11.0,N,2026-09-11 10:45:29.115180
2026-09-11,2026-06-01,2026-09-11,district,WEST MADHYA PRADESH,MADHYA PRADESH,KHARGONE,0.0,3.2,-100.0,NR,661.9,642.0,3.0,N,2026-09-11 10:45:29.115180
2026-09-11,2026-06-01,2026-09-11,district,WEST MADHYA PRADESH,MADHYA PRADESH,MANDSAUR,0.0,4.4,-100.0,NR,652.9,768.7,-15.0,N,2026-09-11 10:45:29.115180
2026-09-11,2026-06-01,2026-09-11,district,WEST MADHYA PRADESH,MADHYA PRADESH,MORENA,0.0,6.0,-100.0,NR,541.2,595.8,-9.0,N,2026-09-11 10:45:29.115180
2026-09-11,2026-06-01,2026-09-11,district,WEST MADHYA PRADESH,MADHYA PRADESH,NARMADAPURAM,4.4,5.9,-26.0,D,749.1,1166.2,-36.0,D,2026-09-11 10:45:29.115180
2026-09-11,2026-06-01,2026-09-11,district,WEST MADHYA PRADESH,MADHYA PRADESH,NEEMUCH,0.0,5.0,-100.0,NR,618.5,727.2,-15.0,N,2026-09-11 10:45:29.115180
2026-09-11,2026-06-01,2026-09-11,district,WEST MADHYA PRADESH,MADHYA PRADESH,RAISEN,4.2,5.8,-27.0,D,795.4,997.2,-20.0,D,2026-09-11 10:45:29.115180
2026-09-11,2026-06-01,2026-09-11,district,WEST MADHYA PRADESH,MADHYA PRADESH,RAJGARH,0.0,6.1,-100.0,NR,939.2,832.0,13.0,N,2026-09-11 10:45:29.115180
2026-09-11,2026-06-01,2026-09-11,district,WEST MADHYA PRADESH,MADHYA PRADESH,RATLAM,0.0,4.5,-100.0,NR,516.9,843.6,-39.0,D,2026-09-11 10:45:29.115180
2026-09-11,2026-06-01,2026-09-11,district,WEST MADHYA PRADESH,MADHYA PRADESH,SEHORE,0.6,6.0,-90.0,LD,832.9,985.0,-15.0,N,2026-09-11 10:45:29.115180
2026-09-11,2026-06-01,2026-09-11,district,WEST MADHYA PRADESH,MADHYA PRADESH,SHAJAPUR,0.0,3.3,-100.0,NR,663.1,833.5,-20.0,D,2026-09-11 10:45:29.115180
2026-09-11,2026-06-01,2026-09-11,district,WEST MADHYA PRADESH,MADHYA PRADESH,SHEOPUR,0.0,4.0,-100.0,NR,738.4,625.5,18.0,N,2026-09-11 10:45:29.115180
2026-09-11,2026-06-01,2026-09-11,district,WEST MADHYA PRADESH,MADHYA PRADESH,SHIVPURI,0.0,6.2,-100.0,NR,912.4,730.1,25.0,E,2026-09-11 10:45:29.115180
2026-09-11,2026-06-01,2026-09-11,district,WEST MADHYA PRADESH,MADHYA PRADESH,UJJAIN,0.0,5.5,-100.0,NR,583.6,815.0,-28.0,D,2026-09-11 10:45:29.115180
2026-09-11,2026-06-01,2026-09-11,district,WEST MADHYA PRADESH,MADHYA PRADESH,VIDISHA,16.6,6.7,147.0,LE,750.6,951.7,-21.0,D,2026-09-11 10:45:29.115180
2026-09-11,2026-06-01,2026-09-11,district,WEST RAJASTHAN,RAJASTHAN,BARMER,0.0,1.3,-100.0,NR,188.0,258.8,-27.0,D,2026-09-11 10:45:29.115180
2026-09-11,2026-06-01,2026-09-11,district,WEST RAJASTHAN,RAJASTHAN,BIKANER,0.0,0.3,-100.0,NR,208.8,233.8,-11.0,N,2026-09-11 10:45:29.115180
2026-09-11,2026-06-01,2026-09-11,district,WEST RAJASTHAN,RAJASTHAN,CHURU,0.0,1.9,-100.0,NR,289.3,311.6,-7.0,N,2026-09-11 10:45:29.115180
2026-09-11,2026-06-01,2026-09-11,district,WEST RAJASTHAN,RAJASTHAN,HANUMANGARH,0.0,0.9,-100.0,NR,144.4,233.3,-38.0,D,2026-09-11 10:45:29.115180
2026-09-11,2026-06-01,2026-09-11,district,WEST RAJASTHAN,RAJASTHAN,JAISALMER,0.0,1.0,-100.0,NR,83.3,168.6,-51.0,D,2026-09-11 10:45:29.115180
2026-09-11,2026-06-01,2026-09-11,district,WEST RAJASTHAN,RAJASTHAN,JALORE,0.0,2.1,-100.0,NR,143.1,394.4,-64.0,LD,2026-09-11 10:45:29.115180
2026-09-11,2026-06-01,2026-09-11,district,WEST RAJASTHAN,RAJASTHAN,JODHPUR,0.0,1.7,-100.0,NR,189.2,277.1,-32.0,D,2026-09-11 10:45:29.115180
2026-09-11,2026-06-01,2026-09-11,district,WEST RAJASTHAN,RAJASTHAN,NAGAUR,0.0,1.6,-100.0,NR,298.1,351.8,-15.0,N,2026-09-11 10:45:29.115180
2026-09-11,2026-06-01,2026-09-11,district,WEST RAJASTHAN,RAJASTHAN,PALI,0.0,2.3,-100.0,NR,208.1,465.1,-55.0,D,2026-09-11 10:45:29.115180
2026-09-11,2026-06-01,2026-09-11,district,WEST RAJASTHAN,RAJASTHAN,SRI GANGANAGAR,0.0,0.7,-100.0,NR,176.2,191.5,-8.0,N,2026-09-11 10:45:29.115180
2026-09-11,2026-06-01,2026-09-11,district,WEST UTTAR PRADESH,UTTAR PRADESH,AGRA,0.0,4.3,-100.0,NR,496.6,483.1,3.0,N,2026-09-11 10:45:29.115180
2026-09-11,2026-06-01,2026-09-11,district,WEST UTTAR PRADESH,UTTAR PRADESH,ALIGARH,0.0,4.1,-100.0,NR,311.9,537.6,-42.0,D,2026-09-11 10:45:29.115180
2026-09-11,2026-06-01,2026-09-11,district,WEST UTTAR PRADESH,UTTAR PRADESH,AMROHA,0.0,1.3,-100.0,NR,636.6,752.1,-15.0,N,2026-09-11 10:45:29.115180
2026-09-11,2026-06-01,2026-09-11,district,WEST UTTAR PRADESH,UTTAR PRADESH,AURAIYA,0.0,4.8,-100.0,NR,509.0,468.8,9.0,N,2026-09-11 10:45:29.115180
2026-09-11,2026-06-01,2026-09-11,district,WEST UTTAR PRADESH,UTTAR PRADESH,BADAUN,4.8,5.3,-10.0,N,646.0,611.5,6.0,N,2026-09-11 10:45:29.115180
2026-09-11,2026-06-01,2026-09-11,district,WEST UTTAR PRADESH,UTTAR PRADESH,BAGHPAT,0.0,3.3,-100.0,NR,488.3,462.7,6.0,N,2026-09-11 10:45:29.115180
2026-09-11,2026-06-01,2026-09-11,district,WEST UTTAR PRADESH,UTTAR PRADESH,BAREILLY,0.0,4.9,-100.0,NR,737.3,709.3,4.0,N,2026-09-11 10:45:29.115180
2026-09-11,2026-06-01,2026-09-11,district,WEST UTTAR PRADESH,UTTAR PRADESH,BIJNOR,21.8,4.2,419.0,LE,1096.9,820.2,34.0,E,2026-09-11 10:45:29.115180
2026-09-11,2026-06-01,2026-09-11,district,WEST UTTAR PRADESH,UTTAR PRADESH,BULANDSHAHAR,0.0,3.7,-100.0,NR,450.0,489.9,-8.0,N,2026-09-11 10:45:29.115180
2026-09-11,2026-06-01,2026-09-11,district,WEST UTTAR PRADESH,UTTAR PRADESH,ETAH,7.0,8.7,-20.0,D,686.2,458.2,50.0,E,2026-09-11 10:45:29.115180
2026-09-11,2026-06-01,2026-09-11,district,WEST UTTAR PRADESH,UTTAR PRADESH,ETAWAH,19.5,7.7,153.0,LE,623.8,516.3,21.0,E,2026-09-11 10:45:29.115180
2026-09-11,2026-06-01,2026-09-11,district,WEST UTTAR PRADESH,UTTAR PRADESH,FIROZABAD,1.4,5.1,-73.0,LD,666.7,519.8,28.0,E,2026-09-11 10:45:29.115180
2026-09-11,2026-06-01,2026-09-11,district,WEST UTTAR PRADESH,UTTAR PRADESH,GAUTAM BUDDHA NAGAR,15.2,1.9,700.0,LE,657.0,423.2,55.0,E,2026-09-11 10:45:29.115180
2026-09-11,2026-06-01,2026-09-11,district,WEST UTTAR PRADESH,UTTAR PRADESH,GHAZIABAD,0.0,1.8,-100.0,NR,181.0,426.0,-58.0,D,2026-09-11 10:45:29.115180
2026-09-11,2026-06-01,2026-09-11,district,WEST UTTAR PRADESH,UTTAR PRADESH,HAMIRPUR,0.4,6.0,-93.0,LD,1027.0,641.5,60.0,LE,2026-09-11 10:45:29.115180
2026-09-11,2026-06-01,2026-09-11,district,WEST UTTAR PRADESH,UTTAR PRADESH,HAPUR,0.0,3.9,-100.0,NR,312.5,616.6,-49.0,D,2026-09-11 10:45:29.115180
2026-09-11,2026-06-01,2026-09-11,district,WEST UTTAR PRADESH,UTTAR PRADESH,HATHRAS,0.0,3.0,-100.0,NR,455.6,505.5,-10.0,N,2026-09-11 10:45:29.115180
2026-09-11,2026-06-01,2026-09-11,district,WEST UTTAR PRADESH,UTTAR PRADESH,JALAUN,2.6,7.8,-67.0,LD,680.0,581.1,17.0,N,2026-09-11 10:45:29.115180
2026-09-11,2026-06-01,2026-09-11,district,WEST UTTAR PRADESH,UTTAR PRADESH,JHANSI,2.5,9.6,-74.0,LD,549.9,658.1,-16.0,N,2026-09-11 10:45:29.115180
2026-09-11,2026-06-01,2026-09-11,district,WEST UTTAR PRADESH,UTTAR PRADESH,KASGANJ,17.3,6.2,180.0,LE,567.7,605.2,-6.0,N,2026-09-11 10:45:29.115180
2026-09-11,2026-06-01,2026-09-11,district,WEST UTTAR PRADESH,UTTAR PRADESH,LALITPUR,0.2,7.1,-97.0,LD,892.9,739.3,21.0,E,2026-09-11 10:45:29.115180
2026-09-11,2026-06-01,2026-09-11,district,WEST UTTAR PRADESH,UTTAR PRADESH,MAHOBA,0.0,3.4,-100.0,NR,948.2,548.3,73.0,LE,2026-09-11 10:45:29.115180
2026-09-11,2026-06-01,2026-09-11,district,WEST UTTAR PRADESH,UTTAR PRADESH,MAINPURI,20.5,5.0,310.0,LE,374.7,590.8,-37.0,D,2026-09-11 10:45:29.115180
2026-09-11,2026-06-01,2026-09-11,district,WEST UTTAR PRADESH,UTTAR PRADESH,MATHURA,0.0,3.0,-100.0,NR,258.6,449.1,-42.0,D,2026-09-11 10:45:29.115180
2026-09-11,2026-06-01,2026-09-11,district,WEST UTTAR PRADESH,UTTAR PRADESH,MEERUT,0.0,1.7,-100.0,NR,981.2,595.5,65.0,LE,2026-09-11 10:45:29.115180
2026-09-11,2026-06-01,2026-09-11,district,WEST UTTAR PRADESH,UTTAR PRADESH,MORADABAD,0.0,3.3,-100.0,NR,909.4,795.5,14.0,N,2026-09-11 10:45:29.115180
2026-09-11,2026-06-01,2026-09-11,district,WEST UTTAR PRADESH,UTTAR PRADESH,MUZAFFARNAGAR,0.0,3.5,-100.0,NR,972.5,598.9,62.0,LE,2026-09-11 10:45:29.115180
2026-09-11,2026-06-01,2026-09-11,district,WEST UTTAR PRADESH,UTTAR PRADESH,PILIBHIT,0.0,4.2,-100.0,NR,347.4,746.4,-53.0,D,2026-09-11 10:45:29.115180
2026-09-11,2026-06-01,2026-09-11,district,WEST UTTAR PRADESH,UTTAR PRADESH,RAMPUR,0.0,4.7,-100.0,NR,606.4,656.8,-8.0,N,2026-09-11 10:45:29.115180
2026-09-11,2026-06-01,2026-09-11,district,WEST UTTAR PRADESH,UTTAR PRADESH,SAHARANPUR,0.0,8.3,-100.0,NR,503.4,698.5,-28.0,D,2026-09-11 10:45:29.115180
2026-09-11,2026-06-01,2026-09-11,district,WEST UTTAR PRADESH,UTTAR PRADESH,SAMBHAL,5.8,3.0,94.0,LE,1129.9,604.1,87.0,LE,2026-09-11 10:45:29.115180
2026-09-11,2026-06-01,2026-09-11,district,WEST UTTAR PRADESH,UTTAR PRADESH,SHAHJAHANPUR,2.0,6.0,-66.0,LD,723.4,674.7,7.0,N,2026-09-11 10:45:29.115180
2026-09-11,2026-06-01,2026-09-11,district,WEST UTTAR PRADESH,UTTAR PRADESH,SHAMLI,0.0,3.0,-100.0,NR,164.3,494.9,-67.0,LD,2026-09-11 10:45:29.115180
2026-09-11,2026-06-01,2026-09-11,state,ASSAM & MEGHALAYA,ASSAM,,0.7,10.7,-93.0,LD,983.3,1307.7,-25.0,D,2026-09-11 10:45:29.115180
2026-09-11,2026-06-01,2026-09-11,state,ASSAM & MEGHALAYA,MEGHALAYA,,4.4,15.9,-73.0,LD,991.4,2401.4,-59.0,D,2026-09-11 10:45:29.115180
2026-09-11,2026-06-01,2026-09-11,state,BIHAR,UTTAR PRADESH,,5.9,6.4,-8.0,N,664.0,665.2,0.0,N,2026-09-11 10:45:29.115180
2026-09-11,2026-06-01,2026-09-11,state,CHHATTISGARH,ANDHRA PRADESH,,4.9,5.7,-15.0,N,233.3,418.3,-44.0,D,2026-09-11 10:45:29.115180
2026-09-11,2026-06-01,2026-09-11,state,COASTAL A. P. & YANAM,ANDHRA PRADESH,,4.9,5.7,-15.0,N,233.3,418.3,-44.0,D,2026-09-11 10:45:29.115180
2026-09-11,2026-06-01,2026-09-11,state,COASTAL A. P. & YANAM,PUDUCHERRY (UT),,0.0,4.7,-100.0,NR,206.4,331.5,-38.0,D,2026-09-11 10:45:29.115180
2026-09-11,2026-06-01,2026-09-11,state,EAST MADHYA PRADESH,GUJARAT,,0.2,3.3,-93.0,LD,519.5,647.0,-20.0,D,2026-09-11 10:45:29.115180
2026-09-11,2026-06-01,2026-09-11,state,GUJARAT REGION,DADRA & NAGAR HAVELI AND DAMAN & DIU (UT),,7.2,8.1,-11.0,N,2788.4,2019.9,38.0,E,2026-09-11 10:45:29.115180
2026-09-11,2026-06-01,2026-09-11,state,GUJARAT REGION,GUJARAT,,0.2,3.3,-93.0,LD,519.5,647.0,-20.0,D,2026-09-11 10:45:29.115180
2026-09-11,2026-06-01,2026-09-11,state,HAR. CHD & DELHI,CHANDIGARH (UT),,0.0,6.3,-100.0,NR,656.9,804.5,-18.0,N,2026-09-11 10:45:29.115180
2026-09-11,2026-06-01,2026-09-11,state,HAR. CHD & DELHI,DELHI,,0.0,3.0,-100.0,NR,553.5,499.4,11.0,N,2026-09-11 10:45:29.115180
2026-09-11,2026-06-01,2026-09-11,state,HAR. CHD & DELHI,HARYANA,,0.0,3.2,-100.0,NR,302.6,391.6,-23.0,D,2026-09-11 10:45:29.115180
2026-09-11,2026-06-01,2026-09-11,state,J & K AND LADAKH,JAMMU & KASHMIR(UT),,0.0,3.6,-100.0,NR,496.9,503.3,-1.0,N,2026-09-11 10:45:29.115180
2026-09-11,2026-06-01,2026-09-11,state,J & K AND LADAKH,LADAKH (UT),,0.0,0.1,-100.0,NR,49.4,18.8,163.0,LE,2026-09-11 10:45:29.115180
2026-09-11,2026-06-01,2026-09-11,state,J & K AND LADAKH,RAJASTHAN,,0.0,2.3,-100.0,NR,304.9,410.1,-26.0,D,2026-09-11 10:45:29.115180
2026-09-11,2026-06-01,2026-09-11,state,KERALA & MAHE,KERALA,,0.9,7.7,-89.0,LD,1378.4,1854.5,-26.0,D,2026-09-11 10:45:29.115180
2026-09-11,2026-06-01,2026-09-11,state,KERALA & MAHE,PUDUCHERRY (UT),,0.0,4.7,-100.0,NR,206.4,331.5,-38.0,D,2026-09-11 10:45:29.115180
2026-09-11,2026-06-01,2026-09-11,state,KONKAN & GOA,GOA,,0.1,8.2,-99.0,LD,1873.7,2827.4,-34.0,D,2026-09-11 10:45:29.115180
2026-09-11,2026-06-01,2026-09-11,state,KONKAN & GOA,MAHARASHTRA,,0.7,5.9,-89.0,LD,739.2,889.2,-17.0,N,2026-09-11 10:45:29.115180
2026-09-11,2026-06-01,2026-09-11,state,NMMT,MANIPUR,,7.3,7.7,-5.0,N,540.0,920.9,-41.0,D,2026-09-11 10:45:29.115180
2026-09-11,2026-06-01,2026-09-11,state,NMMT,MIZORAM,,4.1,11.6,-65.0,LD,1203.4,1402.8,-14.0,N,2026-09-11 10:45:29.115180
2026-09-11,2026-06-01,2026-09-11,state,NMMT,NAGALAND,,0.2,8.6,-97.0,LD,1022.2,914.6,12.0,N,2026-09-11 10:45:29.115180
2026-09-11,2026-06-01,2026-09-11,state,NMMT,TRIPURA,,8.5,9.7,-13.0,N,1071.5,1234.0,-13.0,N,2026-09-11 10:45:29.115180
2026-09-11,2026-06-01,2026-09-11,state,SAURASHTRA & KUTCH,DADRA & NAGAR HAVELI AND DAMAN & DIU (UT),,7.2,8.1,-11.0,N,2788.4,2019.9,38.0,E,2026-09-11 10:45:29.115180
2026-09-11,2026-06-01,2026-09-11,state,SAURASHTRA & KUTCH,GUJARAT,,0.2,3.3,-93.0,LD,519.5,647.0,-20.0,D,2026-09-11 10:45:29.115180
2026-09-11,2026-06-01,2026-09-11,state,SHWB & SIKKIM,SIKKIM,,5.9,12.5,-52.0,D,1385.2,1466.2,-6.0,N,2026-09-11 10:45:29.115180
2026-09-11,2026-06-01,2026-09-11,state,SHWB & SIKKIM,WEST BENGAL,,16.2,10.4,56.0,E,1183.0,1160.3,2.0,N,2026-09-11 10:45:29.115180
2026-09-11,2026-06-01,2026-09-11,state,TAMIL. PUDU.& KARAIKAL,KARNATAKA,,0.3,4.6,-92.0,LD,525.6,725.6,-28.0,D,2026-09-11 10:45:29.115180
2026-09-11,2026-06-01,2026-09-11,state,TAMIL. PUDU.& KARAIKAL,PUDUCHERRY (UT),,0.0,4.7,-100.0,NR,206.4,331.5,-38.0,D,2026-09-11 10:45:29.115180
2026-09-11,2026-06-01,2026-09-11,state,TAMIL. PUDU.& KARAIKAL,TAMILNADU,,1.6,4.2,-61.0,LD,184.1,248.4,-26.0,D,2026-09-11 10:45:29.115180
2026-09-11,2026-06-01,2026-09-11,state,WEST RAJASTHAN,MADHYA PRADESH,,6.1,6.1,-1.0,N,800.3,868.6,-8.0,N,2026-09-11 10:45:29.115180
2026-09-11,2026-06-01,2026-09-11,subdivision,A & N ISLAND,,,20.1,11.3,78.0,LE,1467.1,1352.8,8.0,N,2026-09-11 10:45:29.115180
2026-09-11,2026-06-01,2026-09-11,subdivision,ARUNACHAL PRADESH,,,0.3,12.9,-97.0,LD,846.7,1447.7,-42.0,D,2026-09-11 10:45:29.115180
2026-09-11,2026-06-01,2026-09-11,subdivision,ASSAM & MEGHALAYA,,,1.6,12.0,-87.0,LD,985.2,1562.3,-37.0,D,2026-09-11 10:45:29.115180
2026-09-11,2026-06-01,2026-09-11,subdivision,BIHAR,,,13.4,7.7,75.0,LE,563.0,858.9,-34.0,D,2026-09-11 10:45:29.115180
2026-09-11,2026-06-01,2026-09-11,subdivision,CHHATTISGARH,,,18.4,8.3,121.0,LE,971.8,1022.7,-5.0,N,2026-09-11 10:45:29.115180
2026-09-11,2026-06-01,2026-09-11,subdivision,COASTAL A. P. & YANAM,,,8.4,5.6,49.0,E,288.8,490.4,-41.0,D,2026-09-11 10:45:29.115180
2026-09-11,2026-06-01,2026-09-11,subdivision,COASTAL KARNATAKA,,,0.0,8.9,-100.0,NR,2148.8,2914.8,-26.0,D,2026-09-11 10:45:29.115180
2026-09-11,2026-06-01,2026-09-11,subdivision,EAST MADHYA PRADESH,,,12.2,7.4,65.0,LE,938.9,952.9,-1.0,N,2026-09-11 10:45:29.115180
2026-09-11,2026-06-01,2026-09-11,subdivision,EAST RAJASTHAN,,,0.0,3.6,-100.0,NR,456.7,588.4,-22.0,D,2026-09-11 10:45:29.115180
2026-09-11,2026-06-01,2026-09-11,subdivision,EAST UTTAR PRADESH,,,7.6,7.3,4.0,N,666.7,703.9,-5.0,N,2026-09-11 10:45:29.115180
2026-09-11,2026-06-01,2026-09-11,subdivision,GANGETIC WEST BENGAL,,,10.8,9.3,16.0,N,1079.9,1000.6,8.0,N,2026-09-11 10:45:29.115180
2026-09-11,2026-06-01,2026-09-11,subdivision,GUJARAT REGION,,,0.1,4.1,-98.0,LD,796.5,850.6,-6.0,N,2026-09-11 10:45:29.115180
2026-09-11,2026-06-01,2026-09-11,subdivision,HAR. CHD & DELHI,,,0.0,3.1,-100.0,NR,309.7,395.9,-22.0,D,2026-09-11 10:45:29.115180
2026-09-11,2026-06-01,2026-09-11,subdivision,HIMACHAL PRADESH,,,0.3,4.0,-93.0,LD,600.8,674.2,-11.0,N,2026-09-11 10:45:29.115180
2026-09-11,2026-06-01,2026-09-11,subdivision,J & K AND LADAKH,,,0.0,3.6,-100.0,NR,496.9,503.3,-1.0,N,2026-09-11 10:45:29.115180
2026-09-11,2026-06-01,2026-09-11,subdivision,JHARKHAND,,,7.9,8.4,-6.0,N,843.4,890.6,-5.0,N,2026-09-11 10:45:29.115180
2026-09-11,2026-06-01,2026-09-11,subdivision,KERALA & MAHE,,,0.9,7.8,-89.0,LD,1378.4,1854.6,-26.0,D,2026-09-11 10:45:29.115180
2026-09-11,2026-06-01,2026-09-11,subdivision,KONKAN & GOA,,,3.2,12.0,-74.0,LD,2353.9,2665.3,-12.0,N,2026-09-11 10:45:29.115180
2026-09-11,2026-06-01,2026-09-11,subdivision,LAKSHADWEEP,,,8.7,6.0,45.0,E,652.1,927.7,-30.0,D,2026-09-11 10:45:29.115180
2026-09-11,2026-06-01,2026-09-11,subdivision,MADHYA MAHARASHTRA,,,0.3,5.0,-93.0,LD,647.1,642.9,1.0,N,2026-09-11 10:45:29.115180
2026-09-11,2026-06-01,2026-09-11,subdivision,MARATHWADA,,,0.2,5.1,-96.0,LD,344.5,542.6,-37.0,D,2026-09-11 10:45:29.115180
2026-09-11,2026-06-01,2026-09-11,subdivision,N. I. KARNATAKA,,,0.0,4.1,-99.0,LD,283.1,383.7,-26.0,D,2026-09-11 10:45:29.115180
2026-09-11,2026-06-01,2026-09-11,subdivision,NMMT,,,4.9,9.6,-49.0,D,953.6,1139.0,-16.0,N,2026-09-11 10:45:29.115180
2026-09-11,2026-06-01,2026-09-11,subdivision,ODISHA,,,30.8,8.7,254.0,LE,1227.3,1018.4,21.0,E,2026-09-11 10:45:29.115180
2026-09-11,2026-06-01,2026-09-11,subdivision,PUNJAB,,,0.1,1.8,-93.0,LD,243.5,402.9,-40.0,D,2026-09-11 10:45:29.115180
2026-09-11,2026-06-01,2026-09-11,subdivision,RAYALASEEMA,,,0.3,5.8,-95.0,LD,160.5,315.9,-49.0,D,2026-09-11 10:45:29.115180
2026-09-11,2026-06-01,2026-09-11,subdivision,S. I. KARNATAKA,,,0.7,4.3,-83.0,LD,409.3,579.1,-29.0,D,2026-09-11 10:45:29.115180
2026-09-11,2026-06-01,2026-09-11,subdivision,SAURASHTRA & KUTCH,,,0.4,2.6,-84.0,LD,300.6,484.4,-38.0,D,2026-09-11 10:45:29.115180
2026-09-11,2026-06-01,2026-09-11,subdivision,SHWB & SIKKIM,,,25.9,13.5,92.0,LE,1468.6,1653.7,-11.0,N,2026-09-11 10:45:29.115180
2026-09-11,2026-06-01,2026-09-11,subdivision,TAMIL. PUDU.& KARAIKAL,,,1.6,4.2,-62.0,LD,184.1,248.5,-26.0,D,2026-09-11 10:45:29.115180
2026-09-11,2026-06-01,2026-09-11,subdivision,TELANGANA,,,0.8,5.7,-85.0,LD,479.5,633.0,-24.0,D,2026-09-11 10:45:29.115180
2026-09-11,2026-06-01,2026-09-11,subdivision,UTTARAKHAND,,,12.1,6.1,98.0,LE,1122.5,1073.2,5.0,N,2026-09-11 10:45:29.115180
2026-09-11,2026-06-01,2026-09-11,subdivision,VIDARBHA,,,0.4,5.1,-92.0,LD,597.0,859.7,-31.0,D,2026-09-11 10:45:29.115180
2026-09-11,2026-06-01,2026-09-11,subdivision,WEST MADHYA PRADESH,,,1.3,5.0,-73.0,LD,693.9,803.8,-14.0,N,2026-09-11 10:45:29.115180
2026-09-11,2026-06-01,2026-09-11,subdivision,WEST RAJASTHAN,,,0.0,1.2,-100.0,NR,184.1,268.1,-31.0,D,2026-09-11 10:45:29.115180
2026-09-11,2026-06-01,2026-09-11,subdivision,WEST UTTAR PRADESH,,,3.4,5.0,-32.0,D,660.1,611.0,8.0,N,2026-09-11 10:45:29.115180
