date,period_start,period_end,level,subdivision,state,district,day_actual_mm,day_normal_mm,day_departure_pct,day_category,period_actual_mm,period_normal_mm,period_departure_pct,period_category,scraped_at
2026-09-02,2026-06-01,2026-09-02,district,A & N ISLAND,ANDAMAN & NICOBAR ISLANDS,NICOBAR,2.0,6.3,-68.0,LD,470.9,806.7,-42.0,D,2026-09-02 10:48:24.936517
2026-09-02,2026-06-01,2026-09-02,district,A & N ISLAND,ANDAMAN & NICOBAR ISLANDS,NORTH & MIDDLE ANDAMAN,0.8,15.9,-95.0,LD,1941.5,1464.0,33.0,E,2026-09-02 10:48:24.936517
2026-09-02,2026-06-01,2026-09-02,district,A & N ISLAND,ANDAMAN & NICOBAR ISLANDS,SOUTH ANDAMAN,5.1,14.0,-63.0,LD,1016.1,1234.7,-18.0,N,2026-09-02 10:48:24.936517
2026-09-02,2026-06-01,2026-09-02,district,ARUNACHAL PRADESH,ARUNACHAL PRADESH,ANJAW,2.1,6.5,-68.0,LD,164.0,1328.9,-88.0,LD,2026-09-02 10:48:24.936517
2026-09-02,2026-06-01,2026-09-02,district,ARUNACHAL PRADESH,ARUNACHAL PRADESH,CHANGLANG,20.0,11.0,81.0,LE,967.1,1107.8,-13.0,N,2026-09-02 10:48:24.936517
2026-09-02,2026-06-01,2026-09-02,district,ARUNACHAL PRADESH,ARUNACHAL PRADESH,EAST KAMENG,14.7,9.0,63.0,LE,1183.4,976.9,21.0,E,2026-09-02 10:48:24.936517
2026-09-02,2026-06-01,2026-09-02,district,ARUNACHAL PRADESH,ARUNACHAL PRADESH,EAST SIANG,5.9,24.8,-76.0,LD,1916.3,2612.1,-27.0,D,2026-09-02 10:48:24.936517
2026-09-02,2026-06-01,2026-09-02,district,ARUNACHAL PRADESH,ARUNACHAL PRADESH,KURUNG KUMEY,8.3,6.6,25.0,E,516.8,919.5,-44.0,D,2026-09-02 10:48:24.936517
2026-09-02,2026-06-01,2026-09-02,district,ARUNACHAL PRADESH,ARUNACHAL PRADESH,LOHIT,6.1,6.3,-3.0,N,808.3,1279.7,-37.0,D,2026-09-02 10:48:24.936517
2026-09-02,2026-06-01,2026-09-02,district,ARUNACHAL PRADESH,ARUNACHAL PRADESH,LOWER SUBANSIRI,5.7,5.8,-1.0,N,390.9,616.7,-37.0,D,2026-09-02 10:48:24.936517
2026-09-02,2026-06-01,2026-09-02,district,ARUNACHAL PRADESH,ARUNACHAL PRADESH,PAPUMPARA,3.8,21.1,-82.0,LD,1488.3,1785.8,-17.0,N,2026-09-02 10:48:24.936517
2026-09-02,2026-06-01,2026-09-02,district,ARUNACHAL PRADESH,ARUNACHAL PRADESH,TAWANG,0.0,9.1,-100.0,NR,305.1,805.8,-62.0,LD,2026-09-02 10:48:24.936517
2026-09-02,2026-06-01,2026-09-02,district,ARUNACHAL PRADESH,ARUNACHAL PRADESH,TIRAP,7.5,11.7,-36.0,D,1642.5,1623.2,1.0,N,2026-09-02 10:48:24.936517
2026-09-02,2026-06-01,2026-09-02,district,ARUNACHAL PRADESH,ARUNACHAL PRADESH,UPPER SIANG,0.0,12.1,-100.0,NR,971.1,1358.6,-29.0,D,2026-09-02 10:48:24.936517
2026-09-02,2026-06-01,2026-09-02,district,ARUNACHAL PRADESH,ARUNACHAL PRADESH,UPPER SUBANSIRI,0.0,6.3,-100.0,NR,308.7,763.0,-60.0,LD,2026-09-02 10:48:24.936517
2026-09-02,2026-06-01,2026-09-02,district,ARUNACHAL PRADESH,ARUNACHAL PRADESH,WEST KAMENG,7.6,10.6,-29.0,D,454.5,1399.8,-68.0,LD,2026-09-02 10:48:24.936517
2026-09-02,2026-06-01,2026-09-02,district,ARUNACHAL PRADESH,ARUNACHAL PRADESH,WEST SIANG,1.9,11.7,-84.0,LD,572.3,1620.3,-65.0,LD,2026-09-02 10:48:24.936517
2026-09-02,2026-06-01,2026-09-02,district,ASSAM & MEGHALAYA,ASSAM,BAJALI,13.0,7.2,81.0,LE,1022.5,1739.9,-41.0,D,2026-09-02 10:48:24.936517
2026-09-02,2026-06-01,2026-09-02,district,ASSAM & MEGHALAYA,ASSAM,BAKSA,23.7,4.5,426.0,LE,1079.8,1269.6,-15.0,N,2026-09-02 10:48:24.936517
2026-09-02,2026-06-01,2026-09-02,district,ASSAM & MEGHALAYA,ASSAM,BARPETA,3.2,7.2,-55.0,D,1150.0,1739.9,-34.0,D,2026-09-02 10:48:24.936517
2026-09-02,2026-06-01,2026-09-02,district,ASSAM & MEGHALAYA,ASSAM,BONGAIGAON,4.3,8.0,-47.0,D,846.2,1967.8,-57.0,D,2026-09-02 10:48:24.936517
2026-09-02,2026-06-01,2026-09-02,district,ASSAM & MEGHALAYA,ASSAM,CACHAR,10.2,10.9,-6.0,N,1436.8,1500.7,-4.0,N,2026-09-02 10:48:24.936517
2026-09-02,2026-06-01,2026-09-02,district,ASSAM & MEGHALAYA,ASSAM,CHARAIDEO,7.5,7.1,6.0,N,1107.5,864.4,28.0,E,2026-09-02 10:48:24.936517
2026-09-02,2026-06-01,2026-09-02,district,ASSAM & MEGHALAYA,ASSAM,CHIRANG,13.5,9.1,48.0,E,1165.6,1972.3,-41.0,D,2026-09-02 10:48:24.936517
2026-09-02,2026-06-01,2026-09-02,district,ASSAM & MEGHALAYA,ASSAM,DARRANG,1.4,4.1,-66.0,LD,644.6,1073.8,-40.0,D,2026-09-02 10:48:24.936517
2026-09-02,2026-06-01,2026-09-02,district,ASSAM & MEGHALAYA,ASSAM,DHEMAJI,28.6,10.0,186.0,LE,1968.6,1678.0,17.0,N,2026-09-02 10:48:24.936517
2026-09-02,2026-06-01,2026-09-02,district,ASSAM & MEGHALAYA,ASSAM,DHUBRI,9.1,10.4,-13.0,N,1152.7,1764.5,-35.0,D,2026-09-02 10:48:24.936517
2026-09-02,2026-06-01,2026-09-02,district,ASSAM & MEGHALAYA,ASSAM,DIBRUGARH,17.8,12.9,38.0,E,1015.6,1223.4,-17.0,N,2026-09-02 10:48:24.936517
2026-09-02,2026-06-01,2026-09-02,district,ASSAM & MEGHALAYA,ASSAM,DIMA HASAO,70.5,4.2,1578.0,LE,509.7,844.7,-40.0,D,2026-09-02 10:48:24.936517
2026-09-02,2026-06-01,2026-09-02,district,ASSAM & MEGHALAYA,ASSAM,GOALPARA,14.5,11.0,32.0,E,908.6,1673.0,-46.0,D,2026-09-02 10:48:24.936517
2026-09-02,2026-06-01,2026-09-02,district,ASSAM & MEGHALAYA,ASSAM,GOLAGHAT,11.3,10.8,4.0,N,785.7,861.8,-9.0,N,2026-09-02 10:48:24.936517
2026-09-02,2026-06-01,2026-09-02,district,ASSAM & MEGHALAYA,ASSAM,HAILAKANDI,5.1,8.2,-37.0,D,1124.9,1258.3,-11.0,N,2026-09-02 10:48:24.936517
2026-09-02,2026-06-01,2026-09-02,district,ASSAM & MEGHALAYA,ASSAM,HOJAI,5.1,3.5,46.0,E,369.8,621.0,-40.0,D,2026-09-02 10:48:24.936517
2026-09-02,2026-06-01,2026-09-02,district,ASSAM & MEGHALAYA,ASSAM,JORHAT,7.5,8.4,-11.0,N,732.0,1028.3,-29.0,D,2026-09-02 10:48:24.936517
2026-09-02,2026-06-01,2026-09-02,district,ASSAM & MEGHALAYA,ASSAM,KAMRUP METROPOLITAN,13.9,7.0,98.0,LE,722.5,874.4,-17.0,N,2026-09-02 10:48:24.936517
2026-09-02,2026-06-01,2026-09-02,district,ASSAM & MEGHALAYA,ASSAM,KAMRUP RURAL,15.2,5.7,167.0,LE,532.6,1076.3,-51.0,D,2026-09-02 10:48:24.936517
2026-09-02,2026-06-01,2026-09-02,district,ASSAM & MEGHALAYA,ASSAM,KARBI ANGLONG,6.0,3.9,55.0,E,535.5,665.0,-19.0,N,2026-09-02 10:48:24.936517
2026-09-02,2026-06-01,2026-09-02,district,ASSAM & MEGHALAYA,ASSAM,KOKRAJHAR,3.8,16.3,-77.0,LD,2069.4,2253.8,-8.0,N,2026-09-02 10:48:24.936517
2026-09-02,2026-06-01,2026-09-02,district,ASSAM & MEGHALAYA,ASSAM,LAKHIMPUR,25.8,16.5,56.0,E,1981.3,1673.5,18.0,N,2026-09-02 10:48:24.936517
2026-09-02,2026-06-01,2026-09-02,district,ASSAM & MEGHALAYA,ASSAM,MORIGAON,6.6,7.3,-10.0,N,601.3,929.8,-35.0,D,2026-09-02 10:48:24.936517
2026-09-02,2026-06-01,2026-09-02,district,ASSAM & MEGHALAYA,ASSAM,NAGAON,40.5,6.0,576.0,LE,456.7,851.1,-46.0,D,2026-09-02 10:48:24.936517
2026-09-02,2026-06-01,2026-09-02,district,ASSAM & MEGHALAYA,ASSAM,NALBARI,11.3,7.5,51.0,E,540.8,1327.6,-59.0,D,2026-09-02 10:48:24.936517
2026-09-02,2026-06-01,2026-09-02,district,ASSAM & MEGHALAYA,ASSAM,SIBSAGAR,4.9,8.1,-40.0,D,701.8,981.6,-29.0,D,2026-09-02 10:48:24.936517
2026-09-02,2026-06-01,2026-09-02,district,ASSAM & MEGHALAYA,ASSAM,SONITPUR,28.0,5.9,374.0,LE,992.3,979.0,1.0,N,2026-09-02 10:48:24.936517
2026-09-02,2026-06-01,2026-09-02,district,ASSAM & MEGHALAYA,ASSAM,SRIBHUMI,5.3,9.5,-44.0,D,1406.1,1799.6,-22.0,D,2026-09-02 10:48:24.936517
2026-09-02,2026-06-01,2026-09-02,district,ASSAM & MEGHALAYA,ASSAM,TAMULPUR,13.9,5.6,148.0,LE,1063.2,1110.3,-4.0,N,2026-09-02 10:48:24.936517
2026-09-02,2026-06-01,2026-09-02,district,ASSAM & MEGHALAYA,ASSAM,TINSUKIA,5.8,11.4,-49.0,D,1136.3,1190.6,-5.0,N,2026-09-02 10:48:24.936517
2026-09-02,2026-06-01,2026-09-02,district,ASSAM & MEGHALAYA,ASSAM,UDALGURI,6.7,9.2,-28.0,D,524.0,1209.8,-57.0,D,2026-09-02 10:48:24.936517
2026-09-02,2026-06-01,2026-09-02,district,ASSAM & MEGHALAYA,ASSAM,WEST KARBI ANGLONG,14.2,3.0,373.0,LE,502.0,570.8,-12.0,N,2026-09-02 10:48:24.936517
2026-09-02,2026-06-01,2026-09-02,district,ASSAM & MEGHALAYA,MEGHALAYA,EAST GARO HILLS,3.9,7.8,-50.0,D,592.8,1538.5,-61.0,LD,2026-09-02 10:48:24.936517
2026-09-02,2026-06-01,2026-09-02,district,ASSAM & MEGHALAYA,MEGHALAYA,EAST JAINTIA HILLS,9.6,33.7,-72.0,LD,1358.2,3769.5,-64.0,LD,2026-09-02 10:48:24.936517
2026-09-02,2026-06-01,2026-09-02,district,ASSAM & MEGHALAYA,MEGHALAYA,EAST KHASI HILLS,12.4,22.3,-45.0,D,1855.7,3779.9,-51.0,D,2026-09-02 10:48:24.936517
2026-09-02,2026-06-01,2026-09-02,district,ASSAM & MEGHALAYA,MEGHALAYA,NORTH GARO HILLS,7.6,14.5,-47.0,D,546.5,1489.4,-63.0,LD,2026-09-02 10:48:24.936517
2026-09-02,2026-06-01,2026-09-02,district,ASSAM & MEGHALAYA,MEGHALAYA,RI BHOI,9.3,16.2,-43.0,D,682.4,1250.4,-45.0,D,2026-09-02 10:48:24.936517
2026-09-02,2026-06-01,2026-09-02,district,ASSAM & MEGHALAYA,MEGHALAYA,SOUTH GARO HILLS,4.1,14.5,-72.0,LD,783.9,1489.4,-47.0,D,2026-09-02 10:48:24.936517
2026-09-02,2026-06-01,2026-09-02,district,ASSAM & MEGHALAYA,MEGHALAYA,SOUTH WEST GARO HILLS,0.2,14.5,-99.0,LD,500.2,1489.4,-66.0,LD,2026-09-02 10:48:24.936517
2026-09-02,2026-06-01,2026-09-02,district,ASSAM & MEGHALAYA,MEGHALAYA,SOUTH WEST KHASI HILLS,14.6,14.5,1.0,N,2526.5,1489.4,70.0,LE,2026-09-02 10:48:24.936517
2026-09-02,2026-06-01,2026-09-02,district,ASSAM & MEGHALAYA,MEGHALAYA,WEST GARO HILLS,3.6,6.4,-43.0,D,424.5,1516.0,-72.0,LD,2026-09-02 10:48:24.936517
2026-09-02,2026-06-01,2026-09-02,district,ASSAM & MEGHALAYA,MEGHALAYA,WEST JAINTIA HILLS,12.8,33.7,-62.0,LD,812.9,3769.5,-78.0,LD,2026-09-02 10:48:24.936517
2026-09-02,2026-06-01,2026-09-02,district,ASSAM & MEGHALAYA,MEGHALAYA,WEST KHASI HILLS,7.4,22.6,-67.0,LD,725.5,2241.4,-68.0,LD,2026-09-02 10:48:24.936517
2026-09-02,2026-06-01,2026-09-02,district,BIHAR,BIHAR,ARARIA,1.8,7.6,-76.0,LD,715.0,1105.4,-35.0,D,2026-09-02 10:48:24.936517
2026-09-02,2026-06-01,2026-09-02,district,BIHAR,BIHAR,ARWAL,17.5,4.6,280.0,LE,416.7,556.8,-25.0,D,2026-09-02 10:48:24.936517
2026-09-02,2026-06-01,2026-09-02,district,BIHAR,BIHAR,AURANGABAD,55.0,7.0,686.0,LE,749.6,685.4,9.0,N,2026-09-02 10:48:24.936517
2026-09-02,2026-06-01,2026-09-02,district,BIHAR,BIHAR,BANKA,27.5,5.8,374.0,LE,404.2,683.5,-41.0,D,2026-09-02 10:48:24.936517
2026-09-02,2026-06-01,2026-09-02,district,BIHAR,BIHAR,BEGUSARAI,9.7,7.0,39.0,E,509.1,784.0,-35.0,D,2026-09-02 10:48:24.936517
2026-09-02,2026-06-01,2026-09-02,district,BIHAR,BIHAR,BHABUA,17.1,11.0,56.0,E,451.8,689.4,-34.0,D,2026-09-02 10:48:24.936517
2026-09-02,2026-06-01,2026-09-02,district,BIHAR,BIHAR,BHAGALPUR,25.3,8.3,204.0,LE,350.8,763.0,-54.0,D,2026-09-02 10:48:24.936517
2026-09-02,2026-06-01,2026-09-02,district,BIHAR,BIHAR,BHOJPUR,15.1,6.2,143.0,LE,397.6,693.9,-43.0,D,2026-09-02 10:48:24.936517
2026-09-02,2026-06-01,2026-09-02,district,BIHAR,BIHAR,BUXAR,21.2,6.7,216.0,LE,539.3,630.2,-14.0,N,2026-09-02 10:48:24.936517
2026-09-02,2026-06-01,2026-09-02,district,BIHAR,BIHAR,DARBHANGA,1.0,6.1,-84.0,LD,340.6,724.5,-53.0,D,2026-09-02 10:48:24.936517
2026-09-02,2026-06-01,2026-09-02,district,BIHAR,BIHAR,EAST CHAMPARAN,0.5,7.3,-94.0,LD,472.2,856.3,-45.0,D,2026-09-02 10:48:24.936517
2026-09-02,2026-06-01,2026-09-02,district,BIHAR,BIHAR,GAYA,37.0,6.4,478.0,LE,529.7,668.0,-21.0,D,2026-09-02 10:48:24.936517
2026-09-02,2026-06-01,2026-09-02,district,BIHAR,BIHAR,GOPALGANJ,2.1,6.9,-70.0,LD,483.3,765.8,-37.0,D,2026-09-02 10:48:24.936517
2026-09-02,2026-06-01,2026-09-02,district,BIHAR,BIHAR,JAHANABAD,8.0,6.9,15.0,N,267.3,662.1,-60.0,LD,2026-09-02 10:48:24.936517
2026-09-02,2026-06-01,2026-09-02,district,BIHAR,BIHAR,JAMUI,26.0,6.0,334.0,LE,405.6,728.6,-44.0,D,2026-09-02 10:48:24.936517
2026-09-02,2026-06-01,2026-09-02,district,BIHAR,BIHAR,KATIHAR,14.9,7.0,112.0,LE,512.2,829.5,-38.0,D,2026-09-02 10:48:24.936517
2026-09-02,2026-06-01,2026-09-02,district,BIHAR,BIHAR,KHAGARIA,14.0,6.5,115.0,LE,714.0,757.1,-6.0,N,2026-09-02 10:48:24.936517
2026-09-02,2026-06-01,2026-09-02,district,BIHAR,BIHAR,KISHANGANJ,5.2,11.7,-55.0,D,950.0,1412.7,-33.0,D,2026-09-02 10:48:24.936517
2026-09-02,2026-06-01,2026-09-02,district,BIHAR,BIHAR,LAKHISARAI,24.5,7.5,226.0,LE,630.6,666.0,-5.0,N,2026-09-02 10:48:24.936517
2026-09-02,2026-06-01,2026-09-02,district,BIHAR,BIHAR,MADHEPURA,12.9,7.1,82.0,LE,518.3,810.6,-36.0,D,2026-09-02 10:48:24.936517
2026-09-02,2026-06-01,2026-09-02,district,BIHAR,BIHAR,MADHUBANI,0.6,6.5,-92.0,LD,457.4,804.6,-43.0,D,2026-09-02 10:48:24.936517
2026-09-02,2026-06-01,2026-09-02,district,BIHAR,BIHAR,MUNGER,23.2,6.5,257.0,LE,547.8,808.2,-32.0,D,2026-09-02 10:48:24.936517
2026-09-02,2026-06-01,2026-09-02,district,BIHAR,BIHAR,MUZAFFARPUR,0.6,6.8,-91.0,LD,364.9,762.3,-52.0,D,2026-09-02 10:48:24.936517
2026-09-02,2026-06-01,2026-09-02,district,BIHAR,BIHAR,NALANDA,27.6,4.7,488.0,LE,426.6,671.6,-36.0,D,2026-09-02 10:48:24.936517
2026-09-02,2026-06-01,2026-09-02,district,BIHAR,BIHAR,NAWADA,31.4,5.4,482.0,LE,489.0,660.2,-26.0,D,2026-09-02 10:48:24.936517
2026-09-02,2026-06-01,2026-09-02,district,BIHAR,BIHAR,PATNA,24.1,5.9,309.0,LE,383.7,697.3,-45.0,D,2026-09-02 10:48:24.936517
2026-09-02,2026-06-01,2026-09-02,district,BIHAR,BIHAR,PURNEA,17.6,10.2,72.0,LE,643.6,1120.4,-43.0,D,2026-09-02 10:48:24.936517
2026-09-02,2026-06-01,2026-09-02,district,BIHAR,BIHAR,ROHTAS,35.2,8.6,309.0,LE,511.4,668.0,-23.0,D,2026-09-02 10:48:24.936517
2026-09-02,2026-06-01,2026-09-02,district,BIHAR,BIHAR,SAHARSA,5.0,6.7,-25.0,D,449.3,860.4,-48.0,D,2026-09-02 10:48:24.936517
2026-09-02,2026-06-01,2026-09-02,district,BIHAR,BIHAR,SAMASTIPUR,3.7,6.7,-45.0,D,400.1,737.1,-46.0,D,2026-09-02 10:48:24.936517
2026-09-02,2026-06-01,2026-09-02,district,BIHAR,BIHAR,SARAN,8.7,6.9,27.0,E,361.3,717.1,-50.0,D,2026-09-02 10:48:24.936517
2026-09-02,2026-06-01,2026-09-02,district,BIHAR,BIHAR,SHEIKHPURA,34.8,4.6,657.0,LE,437.7,646.8,-32.0,D,2026-09-02 10:48:24.936517
2026-09-02,2026-06-01,2026-09-02,district,BIHAR,BIHAR,SHEOHAR,0.0,2.4,-100.0,NR,318.3,815.2,-61.0,LD,2026-09-02 10:48:24.936517
2026-09-02,2026-06-01,2026-09-02,district,BIHAR,BIHAR,SITAMARHI,0.1,4.7,-99.0,LD,358.5,883.1,-59.0,D,2026-09-02 10:48:24.936517
2026-09-02,2026-06-01,2026-09-02,district,BIHAR,BIHAR,SIWAN,7.9,5.2,51.0,E,619.5,699.3,-11.0,N,2026-09-02 10:48:24.936517
2026-09-02,2026-06-01,2026-09-02,district,BIHAR,BIHAR,SUPAUL,4.7,6.3,-26.0,D,633.7,868.9,-27.0,D,2026-09-02 10:48:24.936517
2026-09-02,2026-06-01,2026-09-02,district,BIHAR,BIHAR,VAISHALI,9.7,5.4,80.0,LE,418.2,717.9,-42.0,D,2026-09-02 10:48:24.936517
2026-09-02,2026-06-01,2026-09-02,district,BIHAR,BIHAR,WEST CHAMPARAN,1.7,9.2,-81.0,LD,615.3,1013.2,-39.0,D,2026-09-02 10:48:24.936517
2026-09-02,2026-06-01,2026-09-02,district,CHHATTISGARH,CHHATTISGARH,BALOD,0.5,8.3,-94.0,LD,919.9,843.5,9.0,N,2026-09-02 10:48:24.936517
2026-09-02,2026-06-01,2026-09-02,district,CHHATTISGARH,CHHATTISGARH,BALODA BAZAR,12.5,9.7,29.0,E,940.3,773.5,22.0,E,2026-09-02 10:48:24.936517
2026-09-02,2026-06-01,2026-09-02,district,CHHATTISGARH,CHHATTISGARH,BALRAMPUR,31.5,10.6,197.0,LE,1421.1,805.7,76.0,LE,2026-09-02 10:48:24.936517
2026-09-02,2026-06-01,2026-09-02,district,CHHATTISGARH,CHHATTISGARH,BASTAR,0.0,10.6,-100.0,NR,859.2,969.7,-11.0,N,2026-09-02 10:48:24.936517
2026-09-02,2026-06-01,2026-09-02,district,CHHATTISGARH,CHHATTISGARH,BEMETARA,0.9,9.1,-91.0,LD,516.0,871.6,-41.0,D,2026-09-02 10:48:24.936517
2026-09-02,2026-06-01,2026-09-02,district,CHHATTISGARH,CHHATTISGARH,BIJAPUR,0.3,10.6,-98.0,LD,1233.5,1166.8,6.0,N,2026-09-02 10:48:24.936517
2026-09-02,2026-06-01,2026-09-02,district,CHHATTISGARH,CHHATTISGARH,BILASPUR,19.5,11.4,71.0,LE,929.3,871.8,7.0,N,2026-09-02 10:48:24.936517
2026-09-02,2026-06-01,2026-09-02,district,CHHATTISGARH,CHHATTISGARH,DANTEWADA,0.0,13.2,-100.0,NR,922.1,1090.8,-15.0,N,2026-09-02 10:48:24.936517
2026-09-02,2026-06-01,2026-09-02,district,CHHATTISGARH,CHHATTISGARH,DHAMTARI,0.6,9.8,-94.0,LD,919.0,874.0,5.0,N,2026-09-02 10:48:24.936517
2026-09-02,2026-06-01,2026-09-02,district,CHHATTISGARH,CHHATTISGARH,DURG,1.8,11.1,-84.0,LD,683.4,822.7,-17.0,N,2026-09-02 10:48:24.936517
2026-09-02,2026-06-01,2026-09-02,district,CHHATTISGARH,CHHATTISGARH,GARIABAND,0.8,10.8,-93.0,LD,1012.8,880.4,15.0,N,2026-09-02 10:48:24.936517
2026-09-02,2026-06-01,2026-09-02,district,CHHATTISGARH,CHHATTISGARH,GAURELA PENDRA MARWAHI,3.9,9.5,-59.0,D,844.2,891.3,-5.0,N,2026-09-02 10:48:24.936517
2026-09-02,2026-06-01,2026-09-02,district,CHHATTISGARH,CHHATTISGARH,JANJGIR,8.0,9.8,-19.0,N,1057.9,907.5,17.0,N,2026-09-02 10:48:24.936517
2026-09-02,2026-06-01,2026-09-02,district,CHHATTISGARH,CHHATTISGARH,JASHPUR,4.3,10.1,-57.0,D,758.0,1118.6,-32.0,D,2026-09-02 10:48:24.936517
2026-09-02,2026-06-01,2026-09-02,district,CHHATTISGARH,CHHATTISGARH,KABIRDHAM,6.5,4.7,37.0,E,570.1,717.0,-20.0,D,2026-09-02 10:48:24.936517
2026-09-02,2026-06-01,2026-09-02,district,CHHATTISGARH,CHHATTISGARH,KANKER,0.1,8.8,-99.0,LD,719.8,1123.0,-36.0,D,2026-09-02 10:48:24.936517
2026-09-02,2026-06-01,2026-09-02,district,CHHATTISGARH,CHHATTISGARH,KHAIRAGARH CHH GANDAI,0.5,7.7,-94.0,LD,594.1,611.5,-3.0,N,2026-09-02 10:48:24.936517
2026-09-02,2026-06-01,2026-09-02,district,CHHATTISGARH,CHHATTISGARH,KONDAGAON,0.0,8.5,-100.0,NR,797.1,970.7,-18.0,N,2026-09-02 10:48:24.936517
2026-09-02,2026-06-01,2026-09-02,district,CHHATTISGARH,CHHATTISGARH,KORBA,3.2,14.4,-78.0,LD,992.1,1037.6,-4.0,N,2026-09-02 10:48:24.936517
2026-09-02,2026-06-01,2026-09-02,district,CHHATTISGARH,CHHATTISGARH,KORIYA,49.2,10.7,360.0,LE,794.6,920.4,-14.0,N,2026-09-02 10:48:24.936517
2026-09-02,2026-06-01,2026-09-02,district,CHHATTISGARH,CHHATTISGARH,MAHASAMUND,8.7,10.4,-17.0,N,1067.6,879.2,21.0,E,2026-09-02 10:48:24.936517
2026-09-02,2026-06-01,2026-09-02,district,CHHATTISGARH,CHHATTISGARH,MANENDRAGARH BHARATPUR,23.1,10.7,116.0,LE,1039.5,920.2,13.0,N,2026-09-02 10:48:24.936517
2026-09-02,2026-06-01,2026-09-02,district,CHHATTISGARH,CHHATTISGARH,MOHALA MANPUR CHOWKI,1.8,7.0,-75.0,LD,724.3,853.9,-15.0,N,2026-09-02 10:48:24.936517
2026-09-02,2026-06-01,2026-09-02,district,CHHATTISGARH,CHHATTISGARH,MUNGELI,5.0,9.6,-48.0,D,1022.9,787.1,30.0,E,2026-09-02 10:48:24.936517
2026-09-02,2026-06-01,2026-09-02,district,CHHATTISGARH,CHHATTISGARH,NARAYANPUR,0.0,8.3,-100.0,NR,1281.6,1034.2,24.0,E,2026-09-02 10:48:24.936517
2026-09-02,2026-06-01,2026-09-02,district,CHHATTISGARH,CHHATTISGARH,RAIGARH,0.9,12.6,-93.0,LD,915.7,980.4,-7.0,N,2026-09-02 10:48:24.936517
2026-09-02,2026-06-01,2026-09-02,district,CHHATTISGARH,CHHATTISGARH,RAIPUR,1.1,8.7,-88.0,LD,997.6,838.8,19.0,N,2026-09-02 10:48:24.936517
2026-09-02,2026-06-01,2026-09-02,district,CHHATTISGARH,CHHATTISGARH,RAJNANDGAON,0.6,10.7,-95.0,LD,735.7,865.1,-15.0,N,2026-09-02 10:48:24.936517
2026-09-02,2026-06-01,2026-09-02,district,CHHATTISGARH,CHHATTISGARH,SAKTI,3.1,11.0,-72.0,LD,876.2,929.1,-6.0,N,2026-09-02 10:48:24.936517
2026-09-02,2026-06-01,2026-09-02,district,CHHATTISGARH,CHHATTISGARH,SARANGARH BILAIGARH,3.8,5.2,-27.0,D,1104.0,757.0,46.0,E,2026-09-02 10:48:24.936517
2026-09-02,2026-06-01,2026-09-02,district,CHHATTISGARH,CHHATTISGARH,SUKMA,0.0,8.6,-100.0,NR,854.2,983.4,-13.0,N,2026-09-02 10:48:24.936517
2026-09-02,2026-06-01,2026-09-02,district,CHHATTISGARH,CHHATTISGARH,SURAJPUR,22.9,14.0,64.0,LE,1113.4,992.0,12.0,N,2026-09-02 10:48:24.936517
2026-09-02,2026-06-01,2026-09-02,district,CHHATTISGARH,CHHATTISGARH,SURGUJA,14.7,10.6,39.0,E,611.2,971.8,-37.0,D,2026-09-02 10:48:24.936517
2026-09-02,2026-06-01,2026-09-02,district,COASTAL A. P. & YANAM,ANDHRA PRADESH,ANAKAPALLI,0.0,5.1,-100.0,NR,266.0,460.6,-42.0,D,2026-09-02 10:48:24.936517
2026-09-02,2026-06-01,2026-09-02,district,COASTAL A. P. & YANAM,ANDHRA PRADESH,BAPATLA,0.4,4.1,-89.0,LD,160.0,400.2,-60.0,LD,2026-09-02 10:48:24.936517
2026-09-02,2026-06-01,2026-09-02,district,COASTAL A. P. & YANAM,ANDHRA PRADESH,DR B R AMBEDKAR KONASEEMA,0.0,5.5,-100.0,NR,445.2,601.4,-26.0,D,2026-09-02 10:48:24.936517
2026-09-02,2026-06-01,2026-09-02,district,COASTAL A. P. & YANAM,ANDHRA PRADESH,EAST GODAVARI,0.0,4.6,-100.0,NR,322.3,564.9,-43.0,D,2026-09-02 10:48:24.936517
2026-09-02,2026-06-01,2026-09-02,district,COASTAL A. P. & YANAM,ANDHRA PRADESH,ELURU,1.2,5.8,-79.0,LD,392.6,687.6,-43.0,D,2026-09-02 10:48:24.936517
2026-09-02,2026-06-01,2026-09-02,district,COASTAL A. P. & YANAM,ANDHRA PRADESH,GUNTUR,0.0,5.1,-100.0,NR,313.2,451.5,-31.0,D,2026-09-02 10:48:24.936517
2026-09-02,2026-06-01,2026-09-02,district,COASTAL A. P. & YANAM,ANDHRA PRADESH,KAKINADA,1.3,5.4,-76.0,LD,293.4,499.1,-41.0,D,2026-09-02 10:48:24.936517
2026-09-02,2026-06-01,2026-09-02,district,COASTAL A. P. & YANAM,ANDHRA PRADESH,KRISHNA,0.0,5.3,-100.0,NR,304.6,508.7,-40.0,D,2026-09-02 10:48:24.936517
2026-09-02,2026-06-01,2026-09-02,district,COASTAL A. P. & YANAM,ANDHRA PRADESH,NTR DISTRICT,1.8,6.4,-73.0,LD,344.3,553.5,-38.0,D,2026-09-02 10:48:24.936517
2026-09-02,2026-06-01,2026-09-02,district,COASTAL A. P. & YANAM,ANDHRA PRADESH,PALNADU,1.4,3.9,-65.0,LD,229.8,408.7,-44.0,D,2026-09-02 10:48:24.936517
2026-09-02,2026-06-01,2026-09-02,district,COASTAL A. P. & YANAM,ANDHRA PRADESH,PARVATHIPURAM MANYAM,0.0,8.2,-100.0,NR,355.4,597.2,-40.0,D,2026-09-02 10:48:24.936517
2026-09-02,2026-06-01,2026-09-02,district,COASTAL A. P. & YANAM,ANDHRA PRADESH,PRAKASAM,0.0,5.4,-100.0,NR,104.0,261.2,-60.0,LD,2026-09-02 10:48:24.936517
2026-09-02,2026-06-01,2026-09-02,district,COASTAL A. P. & YANAM,ANDHRA PRADESH,SPSR NELLORE,0.0,2.4,-100.0,NR,136.7,235.9,-42.0,D,2026-09-02 10:48:24.936517
2026-09-02,2026-06-01,2026-09-02,district,COASTAL A. P. & YANAM,ANDHRA PRADESH,SRI ALLURI SITHARAMARAJU DISTRICT,0.0,6.4,-100.0,NR,362.5,718.4,-50.0,D,2026-09-02 10:48:24.936517
2026-09-02,2026-06-01,2026-09-02,district,COASTAL A. P. & YANAM,ANDHRA PRADESH,SRIKAKULAM,0.0,7.5,-100.0,NR,341.5,538.7,-37.0,D,2026-09-02 10:48:24.936517
2026-09-02,2026-06-01,2026-09-02,district,COASTAL A. P. & YANAM,ANDHRA PRADESH,VISHAKHAPATNAM,0.0,5.5,-100.0,NR,241.3,416.6,-42.0,D,2026-09-02 10:48:24.936517
2026-09-02,2026-06-01,2026-09-02,district,COASTAL A. P. & YANAM,ANDHRA PRADESH,VIZIANAGARAM,0.0,6.1,-100.0,NR,346.3,513.4,-33.0,D,2026-09-02 10:48:24.936517
2026-09-02,2026-06-01,2026-09-02,district,COASTAL A. P. & YANAM,ANDHRA PRADESH,WEST GODAVARI,8.2,4.0,106.0,LE,286.4,578.1,-50.0,D,2026-09-02 10:48:24.936517
2026-09-02,2026-06-01,2026-09-02,district,COASTAL A. P. & YANAM,PUDUCHERRY (UT),YANAM,16.2,4.9,231.0,LE,306.4,559.5,-45.0,D,2026-09-02 10:48:24.936517
2026-09-02,2026-06-01,2026-09-02,district,COASTAL KARNATAKA,KARNATAKA,DAKSHINA KANNADA,3.8,15.8,-76.0,LD,2446.0,3007.8,-19.0,N,2026-09-02 10:48:24.936517
2026-09-02,2026-06-01,2026-09-02,district,COASTAL KARNATAKA,KARNATAKA,UDUPI,7.2,17.5,-59.0,D,2534.2,3406.3,-26.0,D,2026-09-02 10:48:24.936517
2026-09-02,2026-06-01,2026-09-02,district,COASTAL KARNATAKA,KARNATAKA,UTTARA KANNADA,8.4,12.3,-32.0,D,1839.7,2498.9,-26.0,D,2026-09-02 10:48:24.936517
2026-09-02,2026-06-01,2026-09-02,district,EAST MADHYA PRADESH,MADHYA PRADESH,ANUPPUR,10.2,7.6,34.0,E,950.0,823.2,15.0,N,2026-09-02 10:48:24.936517
2026-09-02,2026-06-01,2026-09-02,district,EAST MADHYA PRADESH,MADHYA PRADESH,BALAGHAT,7.8,11.1,-29.0,D,943.7,1056.8,-11.0,N,2026-09-02 10:48:24.936517
2026-09-02,2026-06-01,2026-09-02,district,EAST MADHYA PRADESH,MADHYA PRADESH,CHHATARPUR,9.7,12.4,-22.0,D,754.6,783.6,-4.0,N,2026-09-02 10:48:24.936517
2026-09-02,2026-06-01,2026-09-02,district,EAST MADHYA PRADESH,MADHYA PRADESH,CHHINDWARA,0.7,7.2,-90.0,LD,660.6,858.3,-23.0,D,2026-09-02 10:48:24.936517
2026-09-02,2026-06-01,2026-09-02,district,EAST MADHYA PRADESH,MADHYA PRADESH,DAMOH,5.8,7.7,-25.0,D,802.9,923.8,-13.0,N,2026-09-02 10:48:24.936517
2026-09-02,2026-06-01,2026-09-02,district,EAST MADHYA PRADESH,MADHYA PRADESH,DINDORI,16.1,9.4,72.0,LE,983.9,999.6,-2.0,N,2026-09-02 10:48:24.936517
2026-09-02,2026-06-01,2026-09-02,district,EAST MADHYA PRADESH,MADHYA PRADESH,JABALPUR,10.6,10.4,2.0,N,786.2,954.4,-18.0,N,2026-09-02 10:48:24.936517
2026-09-02,2026-06-01,2026-09-02,district,EAST MADHYA PRADESH,MADHYA PRADESH,KATNI,9.7,7.7,27.0,E,743.9,798.1,-7.0,N,2026-09-02 10:48:24.936517
2026-09-02,2026-06-01,2026-09-02,district,EAST MADHYA PRADESH,MADHYA PRADESH,MAIHAR,36.9,5.8,535.0,LE,891.0,805.5,11.0,N,2026-09-02 10:48:24.936517
2026-09-02,2026-06-01,2026-09-02,district,EAST MADHYA PRADESH,MADHYA PRADESH,MANDLA,23.4,9.6,144.0,LE,960.9,1018.6,-6.0,N,2026-09-02 10:48:24.936517
2026-09-02,2026-06-01,2026-09-02,district,EAST MADHYA PRADESH,MADHYA PRADESH,MAUGANJ,100.7,7.2,1299.0,LE,1276.0,776.6,64.0,LE,2026-09-02 10:48:24.936517
2026-09-02,2026-06-01,2026-09-02,district,EAST MADHYA PRADESH,MADHYA PRADESH,NARSINGHPUR,1.8,5.7,-68.0,LD,778.8,878.7,-11.0,N,2026-09-02 10:48:24.936517
2026-09-02,2026-06-01,2026-09-02,district,EAST MADHYA PRADESH,MADHYA PRADESH,NIWARI,1.3,16.5,-92.0,LD,994.7,659.1,51.0,E,2026-09-02 10:48:24.936517
2026-09-02,2026-06-01,2026-09-02,district,EAST MADHYA PRADESH,MADHYA PRADESH,PANDHURNA,0.0,9.0,-100.0,NR,519.7,671.4,-23.0,D,2026-09-02 10:48:24.936517
2026-09-02,2026-06-01,2026-09-02,district,EAST MADHYA PRADESH,MADHYA PRADESH,PANNA,14.0,10.3,36.0,E,881.3,897.7,-2.0,N,2026-09-02 10:48:24.936517
2026-09-02,2026-06-01,2026-09-02,district,EAST MADHYA PRADESH,MADHYA PRADESH,REWA,38.2,8.3,361.0,LE,718.5,804.9,-11.0,N,2026-09-02 10:48:24.936517
2026-09-02,2026-06-01,2026-09-02,district,EAST MADHYA PRADESH,MADHYA PRADESH,SAGAR,2.5,4.7,-46.0,D,697.7,906.3,-23.0,D,2026-09-02 10:48:24.936517
2026-09-02,2026-06-01,2026-09-02,district,EAST MADHYA PRADESH,MADHYA PRADESH,SATNA,42.5,9.9,329.0,LE,1136.6,776.6,46.0,E,2026-09-02 10:48:24.936517
2026-09-02,2026-06-01,2026-09-02,district,EAST MADHYA PRADESH,MADHYA PRADESH,SEONI,6.3,7.5,-16.0,N,700.2,859.2,-19.0,N,2026-09-02 10:48:24.936517
2026-09-02,2026-06-01,2026-09-02,district,EAST MADHYA PRADESH,MADHYA PRADESH,SHAHDOL,22.7,9.4,142.0,LE,1024.3,823.4,24.0,E,2026-09-02 10:48:24.936517
2026-09-02,2026-06-01,2026-09-02,district,EAST MADHYA PRADESH,MADHYA PRADESH,SIDHI,40.5,8.8,360.0,LE,1012.2,844.0,20.0,E,2026-09-02 10:48:24.936517
2026-09-02,2026-06-01,2026-09-02,district,EAST MADHYA PRADESH,MADHYA PRADESH,SINGRAULI,33.4,7.2,364.0,LE,946.7,858.3,10.0,N,2026-09-02 10:48:24.936517
2026-09-02,2026-06-01,2026-09-02,district,EAST MADHYA PRADESH,MADHYA PRADESH,TIKAMGARH,0.0,11.9,-100.0,NR,739.6,780.7,-5.0,N,2026-09-02 10:48:24.936517
2026-09-02,2026-06-01,2026-09-02,district,EAST MADHYA PRADESH,MADHYA PRADESH,UMARIA,24.5,11.0,122.0,LE,998.1,877.3,14.0,N,2026-09-02 10:48:24.936517
2026-09-02,2026-06-01,2026-09-02,district,EAST RAJASTHAN,RAJASTHAN,AJMER,0.0,3.2,-100.0,NR,329.4,400.6,-18.0,N,2026-09-02 10:48:24.936517
2026-09-02,2026-06-01,2026-09-02,district,EAST RAJASTHAN,RAJASTHAN,ALWAR,0.0,5.5,-100.0,NR,431.1,466.6,-8.0,N,2026-09-02 10:48:24.936517
2026-09-02,2026-06-01,2026-09-02,district,EAST RAJASTHAN,RAJASTHAN,BANSWARA,0.0,6.0,-100.0,NR,380.4,758.2,-50.0,D,2026-09-02 10:48:24.936517
2026-09-02,2026-06-01,2026-09-02,district,EAST RAJASTHAN,RAJASTHAN,BARAN,0.3,5.8,-96.0,LD,527.0,732.1,-28.0,D,2026-09-02 10:48:24.936517
2026-09-02,2026-06-01,2026-09-02,district,EAST RAJASTHAN,RAJASTHAN,BHARATPUR,0.0,6.9,-100.0,NR,579.7,459.4,26.0,E,2026-09-02 10:48:24.936517
2026-09-02,2026-06-01,2026-09-02,district,EAST RAJASTHAN,RAJASTHAN,BHILWARA,0.0,5.7,-100.0,NR,362.1,532.9,-32.0,D,2026-09-02 10:48:24.936517
2026-09-02,2026-06-01,2026-09-02,district,EAST RAJASTHAN,RAJASTHAN,BUNDI,0.0,4.8,-100.0,NR,423.8,567.9,-25.0,D,2026-09-02 10:48:24.936517
2026-09-02,2026-06-01,2026-09-02,district,EAST RAJASTHAN,RAJASTHAN,CHITTORGARH,0.0,7.6,-100.0,NR,484.7,637.5,-24.0,D,2026-09-02 10:48:24.936517
2026-09-02,2026-06-01,2026-09-02,district,EAST RAJASTHAN,RAJASTHAN,DAUSA,0.0,6.3,-100.0,NR,483.2,518.6,-7.0,N,2026-09-02 10:48:24.936517
2026-09-02,2026-06-01,2026-09-02,district,EAST RAJASTHAN,RAJASTHAN,DHOLPUR,0.2,4.4,-96.0,LD,532.0,494.6,8.0,N,2026-09-02 10:48:24.936517
2026-09-02,2026-06-01,2026-09-02,district,EAST RAJASTHAN,RAJASTHAN,DUNGARPUR,0.0,5.1,-100.0,NR,340.8,612.2,-44.0,D,2026-09-02 10:48:24.936517
2026-09-02,2026-06-01,2026-09-02,district,EAST RAJASTHAN,RAJASTHAN,JAIPUR,0.0,4.3,-100.0,NR,322.6,458.6,-30.0,D,2026-09-02 10:48:24.936517
2026-09-02,2026-06-01,2026-09-02,district,EAST RAJASTHAN,RAJASTHAN,JHALAWAR,0.0,7.6,-100.0,NR,623.9,768.3,-19.0,N,2026-09-02 10:48:24.936517
2026-09-02,2026-06-01,2026-09-02,district,EAST RAJASTHAN,RAJASTHAN,JHUNJHUNU,0.0,2.6,-100.0,NR,393.2,355.0,11.0,N,2026-09-02 10:48:24.936517
2026-09-02,2026-06-01,2026-09-02,district,EAST RAJASTHAN,RAJASTHAN,KARAULI,0.0,5.9,-100.0,NR,407.2,524.5,-22.0,D,2026-09-02 10:48:24.936517
2026-09-02,2026-06-01,2026-09-02,district,EAST RAJASTHAN,RAJASTHAN,KOTA,0.0,7.1,-100.0,NR,444.7,647.8,-31.0,D,2026-09-02 10:48:24.936517
2026-09-02,2026-06-01,2026-09-02,district,EAST RAJASTHAN,RAJASTHAN,PRATAPGARH,0.0,7.6,-100.0,NR,617.0,792.6,-22.0,D,2026-09-02 10:48:24.936517
2026-09-02,2026-06-01,2026-09-02,district,EAST RAJASTHAN,RAJASTHAN,RAJSAMAND,0.0,5.4,-100.0,NR,309.3,467.7,-34.0,D,2026-09-02 10:48:24.936517
2026-09-02,2026-06-01,2026-09-02,district,EAST RAJASTHAN,RAJASTHAN,SAWAI MADHOPUR,0.0,5.1,-100.0,NR,383.1,583.7,-34.0,D,2026-09-02 10:48:24.936517
2026-09-02,2026-06-01,2026-09-02,district,EAST RAJASTHAN,RAJASTHAN,SIKAR,0.0,2.4,-100.0,NR,330.7,362.4,-9.0,N,2026-09-02 10:48:24.936517
2026-09-02,2026-06-01,2026-09-02,district,EAST RAJASTHAN,RAJASTHAN,SIROHI,0.0,12.5,-100.0,NR,415.4,763.5,-46.0,D,2026-09-02 10:48:24.936517
2026-09-02,2026-06-01,2026-09-02,district,EAST RAJASTHAN,RAJASTHAN,TONK,0.0,5.8,-100.0,NR,398.6,503.4,-21.0,D,2026-09-02 10:48:24.936517
2026-09-02,2026-06-01,2026-09-02,district,EAST RAJASTHAN,RAJASTHAN,UDAIPUR,0.0,6.2,-100.0,NR,339.4,531.5,-36.0,D,2026-09-02 10:48:24.936517
2026-09-02,2026-06-01,2026-09-02,district,EAST UTTAR PRADESH,UTTAR PRADESH,AMBEDKAR NAGAR,28.4,12.0,136.0,LE,645.3,677.7,-5.0,N,2026-09-02 10:48:24.936517
2026-09-02,2026-06-01,2026-09-02,district,EAST UTTAR PRADESH,UTTAR PRADESH,AMETHI,27.3,5.3,415.0,LE,351.7,549.1,-36.0,D,2026-09-02 10:48:24.936517
2026-09-02,2026-06-01,2026-09-02,district,EAST UTTAR PRADESH,UTTAR PRADESH,AYODHYA,40.4,9.1,344.0,LE,615.7,686.7,-10.0,N,2026-09-02 10:48:24.936517
2026-09-02,2026-06-01,2026-09-02,district,EAST UTTAR PRADESH,UTTAR PRADESH,AZAMGARH,16.0,7.1,125.0,LE,565.8,667.4,-15.0,N,2026-09-02 10:48:24.936517
2026-09-02,2026-06-01,2026-09-02,district,EAST UTTAR PRADESH,UTTAR PRADESH,BAHRAICH,38.7,8.9,335.0,LE,876.3,797.7,10.0,N,2026-09-02 10:48:24.936517
2026-09-02,2026-06-01,2026-09-02,district,EAST UTTAR PRADESH,UTTAR PRADESH,BALLIA,4.5,5.7,-22.0,D,488.4,583.3,-16.0,N,2026-09-02 10:48:24.936517
2026-09-02,2026-06-01,2026-09-02,district,EAST UTTAR PRADESH,UTTAR PRADESH,BALRAMPUR,5.3,6.0,-12.0,N,567.3,658.2,-14.0,N,2026-09-02 10:48:24.936517
2026-09-02,2026-06-01,2026-09-02,district,EAST UTTAR PRADESH,UTTAR PRADESH,BANDA,47.5,13.1,263.0,LE,1028.1,632.0,63.0,LE,2026-09-02 10:48:24.936517
2026-09-02,2026-06-01,2026-09-02,district,EAST UTTAR PRADESH,UTTAR PRADESH,BARABANKI,30.0,10.1,197.0,LE,678.8,648.0,5.0,N,2026-09-02 10:48:24.936517
2026-09-02,2026-06-01,2026-09-02,district,EAST UTTAR PRADESH,UTTAR PRADESH,BASTI,41.6,8.7,378.0,LE,553.2,666.4,-17.0,N,2026-09-02 10:48:24.936517
2026-09-02,2026-06-01,2026-09-02,district,EAST UTTAR PRADESH,UTTAR PRADESH,BHADOHI,8.4,4.2,100.0,LE,249.0,650.1,-62.0,LD,2026-09-02 10:48:24.936517
2026-09-02,2026-06-01,2026-09-02,district,EAST UTTAR PRADESH,UTTAR PRADESH,CHANDAULI,22.0,2.7,715.0,LE,494.0,574.7,-14.0,N,2026-09-02 10:48:24.936517
2026-09-02,2026-06-01,2026-09-02,district,EAST UTTAR PRADESH,UTTAR PRADESH,CHITRAKOOT,92.3,8.2,1025.0,LE,1141.7,645.4,77.0,LE,2026-09-02 10:48:24.936517
2026-09-02,2026-06-01,2026-09-02,district,EAST UTTAR PRADESH,UTTAR PRADESH,DEORIA,0.5,4.1,-88.0,LD,172.0,634.5,-73.0,LD,2026-09-02 10:48:24.936517
2026-09-02,2026-06-01,2026-09-02,district,EAST UTTAR PRADESH,UTTAR PRADESH,FARRUKHABAD,2.1,6.4,-67.0,LD,470.0,587.3,-20.0,D,2026-09-02 10:48:24.936517
2026-09-02,2026-06-01,2026-09-02,district,EAST UTTAR PRADESH,UTTAR PRADESH,FATEHPUR,56.2,11.4,393.0,LE,573.9,566.9,1.0,N,2026-09-02 10:48:24.936517
2026-09-02,2026-06-01,2026-09-02,district,EAST UTTAR PRADESH,UTTAR PRADESH,GHAZIPUR,14.2,5.5,158.0,LE,490.0,618.9,-21.0,D,2026-09-02 10:48:24.936517
2026-09-02,2026-06-01,2026-09-02,district,EAST UTTAR PRADESH,UTTAR PRADESH,GONDA,29.9,8.1,269.0,LE,680.7,702.8,-3.0,N,2026-09-02 10:48:24.936517
2026-09-02,2026-06-01,2026-09-02,district,EAST UTTAR PRADESH,UTTAR PRADESH,GORAKHPUR,15.3,11.7,30.0,E,682.4,1009.3,-32.0,D,2026-09-02 10:48:24.936517
2026-09-02,2026-06-01,2026-09-02,district,EAST UTTAR PRADESH,UTTAR PRADESH,HARDOI,19.3,6.9,179.0,LE,504.7,537.2,-6.0,N,2026-09-02 10:48:24.936517
2026-09-02,2026-06-01,2026-09-02,district,EAST UTTAR PRADESH,UTTAR PRADESH,JAUNPUR,10.7,8.8,21.0,E,252.7,563.2,-55.0,D,2026-09-02 10:48:24.936517
2026-09-02,2026-06-01,2026-09-02,district,EAST UTTAR PRADESH,UTTAR PRADESH,KANNAUJ,35.7,6.9,417.0,LE,746.7,538.5,39.0,E,2026-09-02 10:48:24.936517
2026-09-02,2026-06-01,2026-09-02,district,EAST UTTAR PRADESH,UTTAR PRADESH,KANPUR CITY,33.6,5.4,522.0,LE,797.0,503.9,58.0,E,2026-09-02 10:48:24.936517
2026-09-02,2026-06-01,2026-09-02,district,EAST UTTAR PRADESH,UTTAR PRADESH,KANPUR DEHAT,10.2,5.8,76.0,LE,180.7,470.1,-62.0,LD,2026-09-02 10:48:24.936517
2026-09-02,2026-06-01,2026-09-02,district,EAST UTTAR PRADESH,UTTAR PRADESH,KAUSHAMBI,25.3,3.2,692.0,LE,296.4,452.5,-35.0,D,2026-09-02 10:48:24.936517
2026-09-02,2026-06-01,2026-09-02,district,EAST UTTAR PRADESH,UTTAR PRADESH,KHERI,26.6,5.6,374.0,LE,797.6,743.7,7.0,N,2026-09-02 10:48:24.936517
2026-09-02,2026-06-01,2026-09-02,district,EAST UTTAR PRADESH,UTTAR PRADESH,KUSHI NAGAR,0.5,4.4,-89.0,LD,211.6,596.0,-64.0,LD,2026-09-02 10:48:24.936517
2026-09-02,2026-06-01,2026-09-02,district,EAST UTTAR PRADESH,UTTAR PRADESH,LUCKNOW,65.5,6.6,893.0,LE,589.7,532.1,11.0,N,2026-09-02 10:48:24.936517
2026-09-02,2026-06-01,2026-09-02,district,EAST UTTAR PRADESH,UTTAR PRADESH,MAHARAJGANJ,5.1,11.2,-54.0,D,651.6,824.1,-21.0,D,2026-09-02 10:48:24.936517
2026-09-02,2026-06-01,2026-09-02,district,EAST UTTAR PRADESH,UTTAR PRADESH,MAU,0.0,5.6,-100.0,NR,260.5,640.3,-59.0,D,2026-09-02 10:48:24.936517
2026-09-02,2026-06-01,2026-09-02,district,EAST UTTAR PRADESH,UTTAR PRADESH,MIRZAPUR,70.0,9.9,607.0,LE,814.3,704.2,16.0,N,2026-09-02 10:48:24.936517
2026-09-02,2026-06-01,2026-09-02,district,EAST UTTAR PRADESH,UTTAR PRADESH,PRATAPGARH,34.0,10.6,221.0,LE,763.8,615.6,24.0,E,2026-09-02 10:48:24.936517
2026-09-02,2026-06-01,2026-09-02,district,EAST UTTAR PRADESH,UTTAR PRADESH,PRAYAGRAJ,43.0,5.3,712.0,LE,845.8,580.3,46.0,E,2026-09-02 10:48:24.936517
2026-09-02,2026-06-01,2026-09-02,district,EAST UTTAR PRADESH,UTTAR PRADESH,RAE BAREILLY,20.2,4.6,339.0,LE,317.7,346.9,-8.0,N,2026-09-02 10:48:24.936517
2026-09-02,2026-06-01,2026-09-02,district,EAST UTTAR PRADESH,UTTAR PRADESH,SANT KABIR NAGAR,28.4,2.8,913.0,LE,458.7,821.8,-44.0,D,2026-09-02 10:48:24.936517
2026-09-02,2026-06-01,2026-09-02,district,EAST UTTAR PRADESH,UTTAR PRADESH,SHRAWASTI,29.5,4.2,602.0,LE,617.3,891.2,-31.0,D,2026-09-02 10:48:24.936517
2026-09-02,2026-06-01,2026-09-02,district,EAST UTTAR PRADESH,UTTAR PRADESH,SIDDHARTH NAGAR,8.5,7.1,20.0,E,563.6,860.9,-35.0,D,2026-09-02 10:48:24.936517
2026-09-02,2026-06-01,2026-09-02,district,EAST UTTAR PRADESH,UTTAR PRADESH,SITAPUR,54.5,9.8,456.0,LE,479.7,664.4,-28.0,D,2026-09-02 10:48:24.936517
2026-09-02,2026-06-01,2026-09-02,district,EAST UTTAR PRADESH,UTTAR PRADESH,SONBHADRA,44.8,6.4,599.0,LE,774.5,696.6,11.0,N,2026-09-02 10:48:24.936517
2026-09-02,2026-06-01,2026-09-02,district,EAST UTTAR PRADESH,UTTAR PRADESH,SULTANPUR,31.5,9.9,218.0,LE,669.2,656.0,2.0,N,2026-09-02 10:48:24.936517
2026-09-02,2026-06-01,2026-09-02,district,EAST UTTAR PRADESH,UTTAR PRADESH,UNNAO,19.0,5.6,239.0,LE,416.7,507.6,-18.0,N,2026-09-02 10:48:24.936517
2026-09-02,2026-06-01,2026-09-02,district,EAST UTTAR PRADESH,UTTAR PRADESH,VARANASI,27.0,8.5,218.0,LE,690.8,638.9,8.0,N,2026-09-02 10:48:24.936517
2026-09-02,2026-06-01,2026-09-02,district,GANGETIC WEST BENGAL,WEST BENGAL,BANKURA,37.7,10.3,266.0,LE,1024.8,925.8,11.0,N,2026-09-02 10:48:24.936517
2026-09-02,2026-06-01,2026-09-02,district,GANGETIC WEST BENGAL,WEST BENGAL,BIRBHUM,59.9,7.8,668.0,LE,752.6,883.5,-15.0,N,2026-09-02 10:48:24.936517
2026-09-02,2026-06-01,2026-09-02,district,GANGETIC WEST BENGAL,WEST BENGAL,EAST MIDNAPORE,7.2,9.1,-21.0,D,1595.6,981.7,63.0,LE,2026-09-02 10:48:24.936517
2026-09-02,2026-06-01,2026-09-02,district,GANGETIC WEST BENGAL,WEST BENGAL,HOOGHLY,23.9,6.8,252.0,LE,865.8,832.3,4.0,N,2026-09-02 10:48:24.936517
2026-09-02,2026-06-01,2026-09-02,district,GANGETIC WEST BENGAL,WEST BENGAL,HOWRAH,16.3,7.6,114.0,LE,1001.3,916.8,9.0,N,2026-09-02 10:48:24.936517
2026-09-02,2026-06-01,2026-09-02,district,GANGETIC WEST BENGAL,WEST BENGAL,JHARGRAM,21.2,11.5,84.0,LE,970.8,924.5,5.0,N,2026-09-02 10:48:24.936517
2026-09-02,2026-06-01,2026-09-02,district,GANGETIC WEST BENGAL,WEST BENGAL,KOLKATA,127.8,10.6,1106.0,LE,1280.6,1054.4,21.0,E,2026-09-02 10:48:24.936517
2026-09-02,2026-06-01,2026-09-02,district,GANGETIC WEST BENGAL,WEST BENGAL,MURSHIDABAD,11.7,6.4,83.0,LE,610.3,778.2,-22.0,D,2026-09-02 10:48:24.936517
2026-09-02,2026-06-01,2026-09-02,district,GANGETIC WEST BENGAL,WEST BENGAL,NADIA,11.6,6.8,70.0,LE,592.9,744.9,-20.0,D,2026-09-02 10:48:24.936517
2026-09-02,2026-06-01,2026-09-02,district,GANGETIC WEST BENGAL,WEST BENGAL,NORTH 24 PARGANAS,44.5,10.2,336.0,LE,1173.9,914.7,28.0,E,2026-09-02 10:48:24.936517
2026-09-02,2026-06-01,2026-09-02,district,GANGETIC WEST BENGAL,WEST BENGAL,PASCHIM BARDHAMAN,98.9,10.0,889.0,LE,1007.7,870.8,16.0,N,2026-09-02 10:48:24.936517
2026-09-02,2026-06-01,2026-09-02,district,GANGETIC WEST BENGAL,WEST BENGAL,PURBA BARDHAMAN,26.0,7.0,271.0,LE,765.6,821.3,-7.0,N,2026-09-02 10:48:24.936517
2026-09-02,2026-06-01,2026-09-02,district,GANGETIC WEST BENGAL,WEST BENGAL,PURULIA,14.1,8.1,74.0,LE,796.5,868.9,-8.0,N,2026-09-02 10:48:24.936517
2026-09-02,2026-06-01,2026-09-02,district,GANGETIC WEST BENGAL,WEST BENGAL,SOUTH 24 PARGANAS,18.1,11.4,59.0,E,1366.2,1147.1,19.0,N,2026-09-02 10:48:24.936517
2026-09-02,2026-06-01,2026-09-02,district,GANGETIC WEST BENGAL,WEST BENGAL,WEST MIDNAPORE,3.5,11.5,-69.0,LD,1303.4,924.5,41.0,E,2026-09-02 10:48:24.936517
2026-09-02,2026-06-01,2026-09-02,district,GUJARAT REGION,DADRA & NAGAR HAVELI AND DAMAN & DIU (UT),DADARA & NAGAR HAVELI,5.3,17.6,-70.0,LD,2934.3,2001.6,47.0,E,2026-09-02 10:48:24.936517
2026-09-02,2026-06-01,2026-09-02,district,GUJARAT REGION,DADRA & NAGAR HAVELI AND DAMAN & DIU (UT),DAMAN,2.5,17.6,-86.0,LD,2667.0,2001.6,33.0,E,2026-09-02 10:48:24.936517
2026-09-02,2026-06-01,2026-09-02,district,GUJARAT REGION,GUJARAT,AHMEDABAD,0.0,3.1,-99.0,LD,539.6,566.5,-5.0,N,2026-09-02 10:48:24.936517
2026-09-02,2026-06-01,2026-09-02,district,GUJARAT REGION,GUJARAT,ANAND,0.0,4.5,-100.0,NR,759.8,714.4,6.0,N,2026-09-02 10:48:24.936517
2026-09-02,2026-06-01,2026-09-02,district,GUJARAT REGION,GUJARAT,ARAVALLI,0.0,8.3,-100.0,NR,386.9,729.4,-47.0,D,2026-09-02 10:48:24.936517
2026-09-02,2026-06-01,2026-09-02,district,GUJARAT REGION,GUJARAT,BANASKANTHA,0.0,5.6,-100.0,NR,379.3,512.4,-26.0,D,2026-09-02 10:48:24.936517
2026-09-02,2026-06-01,2026-09-02,district,GUJARAT REGION,GUJARAT,BHARUCH,0.3,4.1,-93.0,LD,747.4,611.6,22.0,E,2026-09-02 10:48:24.936517
2026-09-02,2026-06-01,2026-09-02,district,GUJARAT REGION,GUJARAT,CHHOTA UDEPUR,0.2,5.3,-97.0,LD,596.5,837.7,-29.0,D,2026-09-02 10:48:24.936517
2026-09-02,2026-06-01,2026-09-02,district,GUJARAT REGION,GUJARAT,DAHOD,0.0,5.2,-100.0,NR,369.4,669.7,-45.0,D,2026-09-02 10:48:24.936517
2026-09-02,2026-06-01,2026-09-02,district,GUJARAT REGION,GUJARAT,DANGS,3.1,20.2,-85.0,LD,2326.5,1923.7,21.0,E,2026-09-02 10:48:24.936517
2026-09-02,2026-06-01,2026-09-02,district,GUJARAT REGION,GUJARAT,GANDHINAGAR,0.0,4.1,-100.0,NR,469.3,652.1,-28.0,D,2026-09-02 10:48:24.936517
2026-09-02,2026-06-01,2026-09-02,district,GUJARAT REGION,GUJARAT,KHEDA,0.0,4.2,-100.0,NR,867.4,698.0,24.0,E,2026-09-02 10:48:24.936517
2026-09-02,2026-06-01,2026-09-02,district,GUJARAT REGION,GUJARAT,MAHISAGAR,0.0,4.6,-100.0,NR,682.2,692.3,-1.0,N,2026-09-02 10:48:24.936517
2026-09-02,2026-06-01,2026-09-02,district,GUJARAT REGION,GUJARAT,MEHSANA,0.0,4.4,-100.0,NR,448.4,600.9,-25.0,D,2026-09-02 10:48:24.936517
2026-09-02,2026-06-01,2026-09-02,district,GUJARAT REGION,GUJARAT,NARMADA,0.0,5.3,-100.0,NR,866.4,892.8,-3.0,N,2026-09-02 10:48:24.936517
2026-09-02,2026-06-01,2026-09-02,district,GUJARAT REGION,GUJARAT,NAVSARI,2.4,8.4,-72.0,LD,2255.3,1573.1,43.0,E,2026-09-02 10:48:24.936517
2026-09-02,2026-06-01,2026-09-02,district,GUJARAT REGION,GUJARAT,PANCHMAHAL,0.0,4.2,-100.0,NR,698.6,802.0,-13.0,N,2026-09-02 10:48:24.936517
2026-09-02,2026-06-01,2026-09-02,district,GUJARAT REGION,GUJARAT,PATAN,0.0,3.3,-100.0,NR,406.7,482.5,-16.0,N,2026-09-02 10:48:24.936517
2026-09-02,2026-06-01,2026-09-02,district,GUJARAT REGION,GUJARAT,SABARKANTHA,0.0,6.5,-100.0,NR,410.2,721.6,-43.0,D,2026-09-02 10:48:24.936517
2026-09-02,2026-06-01,2026-09-02,district,GUJARAT REGION,GUJARAT,SURAT,0.4,5.8,-94.0,LD,1464.0,1102.5,33.0,E,2026-09-02 10:48:24.936517
2026-09-02,2026-06-01,2026-09-02,district,GUJARAT REGION,GUJARAT,TAPI,0.8,7.3,-89.0,LD,1303.5,1198.3,9.0,N,2026-09-02 10:48:24.936517
2026-09-02,2026-06-01,2026-09-02,district,GUJARAT REGION,GUJARAT,VADODARA,0.0,5.0,-100.0,NR,530.0,761.0,-30.0,D,2026-09-02 10:48:24.936517
2026-09-02,2026-06-01,2026-09-02,district,GUJARAT REGION,GUJARAT,VALSAD,5.1,10.8,-53.0,D,2717.8,1782.9,52.0,E,2026-09-02 10:48:24.936517
2026-09-02,2026-06-01,2026-09-02,district,HAR. CHD & DELHI,CHANDIGARH (UT),CHANDIGARH,0.0,2.0,-100.0,NR,596.3,719.5,-17.0,N,2026-09-02 10:48:24.936517
2026-09-02,2026-06-01,2026-09-02,district,HAR. CHD & DELHI,DELHI,CENTRAL DELHI,0.0,8.5,-100.0,NR,693.2,558.4,24.0,E,2026-09-02 10:48:24.936517
2026-09-02,2026-06-01,2026-09-02,district,HAR. CHD & DELHI,DELHI,EAST DELHI,0.0,8.5,-100.0,NR,534.1,558.4,-4.0,N,2026-09-02 10:48:24.936517
2026-09-02,2026-06-01,2026-09-02,district,HAR. CHD & DELHI,DELHI,NEW DELHI,31.6,9.8,222.0,LE,514.7,535.7,-4.0,N,2026-09-02 10:48:24.936517
2026-09-02,2026-06-01,2026-09-02,district,HAR. CHD & DELHI,DELHI,NORTH EAST DELHI,17.1,8.5,101.0,LE,528.4,558.4,-5.0,N,2026-09-02 10:48:24.936517
2026-09-02,2026-06-01,2026-09-02,district,HAR. CHD & DELHI,DELHI,NORTH WEST DELHI,0.0,4.5,-100.0,NR,395.5,335.0,18.0,N,2026-09-02 10:48:24.936517
2026-09-02,2026-06-01,2026-09-02,district,HAR. CHD & DELHI,DELHI,SOUTH DELHI,6.4,8.5,-25.0,D,527.4,558.4,-6.0,N,2026-09-02 10:48:24.936517
2026-09-02,2026-06-01,2026-09-02,district,HAR. CHD & DELHI,DELHI,SOUTH EAST DELHI,0.0,8.5,-100.0,NR,620.9,558.4,11.0,N,2026-09-02 10:48:24.936517
2026-09-02,2026-06-01,2026-09-02,district,HAR. CHD & DELHI,DELHI,SOUTH WEST DELHI,0.0,3.6,-100.0,NR,382.1,450.8,-15.0,N,2026-09-02 10:48:24.936517
2026-09-02,2026-06-01,2026-09-02,district,HAR. CHD & DELHI,DELHI,WEST DELHI,5.5,6.4,-14.0,N,619.3,502.2,23.0,E,2026-09-02 10:48:24.936517
2026-09-02,2026-06-01,2026-09-02,district,HAR. CHD & DELHI,HARYANA,AMBALA,0.0,6.8,-100.0,NR,332.9,689.5,-52.0,D,2026-09-02 10:48:24.936517
2026-09-02,2026-06-01,2026-09-02,district,HAR. CHD & DELHI,HARYANA,BHIWANI,0.0,2.0,-100.0,NR,260.8,249.0,5.0,N,2026-09-02 10:48:24.936517
2026-09-02,2026-06-01,2026-09-02,district,HAR. CHD & DELHI,HARYANA,CHARKHI DADRI,0.0,1.8,-100.0,NR,325.7,342.4,-5.0,N,2026-09-02 10:48:24.936517
2026-09-02,2026-06-01,2026-09-02,district,HAR. CHD & DELHI,HARYANA,FARIDABAD,3.6,8.6,-58.0,D,495.3,463.8,7.0,N,2026-09-02 10:48:24.936517
2026-09-02,2026-06-01,2026-09-02,district,HAR. CHD & DELHI,HARYANA,FATEHABAD,0.0,3.0,-100.0,NR,211.8,219.2,-3.0,N,2026-09-02 10:48:24.936517
2026-09-02,2026-06-01,2026-09-02,district,HAR. CHD & DELHI,HARYANA,GURGAON,1.4,4.8,-70.0,LD,411.9,415.3,-1.0,N,2026-09-02 10:48:24.936517
2026-09-02,2026-06-01,2026-09-02,district,HAR. CHD & DELHI,HARYANA,HISAR,0.0,2.7,-100.0,NR,199.8,250.4,-20.0,D,2026-09-02 10:48:24.936517
2026-09-02,2026-06-01,2026-09-02,district,HAR. CHD & DELHI,HARYANA,JHAJJAR,0.0,2.2,-100.0,NR,285.1,316.5,-10.0,N,2026-09-02 10:48:24.936517
2026-09-02,2026-06-01,2026-09-02,district,HAR. CHD & DELHI,HARYANA,JIND,0.0,2.1,-100.0,NR,133.9,319.1,-58.0,D,2026-09-02 10:48:24.936517
2026-09-02,2026-06-01,2026-09-02,district,HAR. CHD & DELHI,HARYANA,KAITHAL,0.0,3.9,-100.0,NR,150.7,310.1,-51.0,D,2026-09-02 10:48:24.936517
2026-09-02,2026-06-01,2026-09-02,district,HAR. CHD & DELHI,HARYANA,KARNAL,0.0,3.7,-100.0,NR,249.2,432.2,-42.0,D,2026-09-02 10:48:24.936517
2026-09-02,2026-06-01,2026-09-02,district,HAR. CHD & DELHI,HARYANA,KURUKSHETRA,0.0,3.9,-100.0,NR,346.6,344.1,1.0,N,2026-09-02 10:48:24.936517
2026-09-02,2026-06-01,2026-09-02,district,HAR. CHD & DELHI,HARYANA,MAHENDRAGARH,0.0,2.3,-100.0,NR,286.7,344.1,-17.0,N,2026-09-02 10:48:24.936517
2026-09-02,2026-06-01,2026-09-02,district,HAR. CHD & DELHI,HARYANA,NUH,0.2,6.2,-97.0,LD,388.2,399.2,-3.0,N,2026-09-02 10:48:24.936517
2026-09-02,2026-06-01,2026-09-02,district,HAR. CHD & DELHI,HARYANA,PALWAL,17.9,4.1,337.0,LE,415.6,330.7,26.0,E,2026-09-02 10:48:24.936517
2026-09-02,2026-06-01,2026-09-02,district,HAR. CHD & DELHI,HARYANA,PANCHKULA,10.7,5.2,105.0,LE,493.7,726.4,-32.0,D,2026-09-02 10:48:24.936517
2026-09-02,2026-06-01,2026-09-02,district,HAR. CHD & DELHI,HARYANA,PANIPAT,0.1,4.3,-98.0,LD,281.3,371.4,-24.0,D,2026-09-02 10:48:24.936517
2026-09-02,2026-06-01,2026-09-02,district,HAR. CHD & DELHI,HARYANA,REWARI,0.0,2.9,-100.0,NR,336.5,361.8,-7.0,N,2026-09-02 10:48:24.936517
2026-09-02,2026-06-01,2026-09-02,district,HAR. CHD & DELHI,HARYANA,ROHTAK,0.0,2.3,-100.0,NR,217.5,400.8,-46.0,D,2026-09-02 10:48:24.936517
2026-09-02,2026-06-01,2026-09-02,district,HAR. CHD & DELHI,HARYANA,SIRSA,0.0,1.4,-100.0,NR,86.0,181.3,-53.0,D,2026-09-02 10:48:24.936517
2026-09-02,2026-06-01,2026-09-02,district,HAR. CHD & DELHI,HARYANA,SONEPAT,0.1,3.6,-97.0,LD,284.7,390.8,-27.0,D,2026-09-02 10:48:24.936517
2026-09-02,2026-06-01,2026-09-02,district,HAR. CHD & DELHI,HARYANA,YAMUNA NAGAR,5.5,9.1,-39.0,D,694.3,771.3,-10.0,N,2026-09-02 10:48:24.936517
2026-09-02,2026-06-01,2026-09-02,district,HIMACHAL PRADESH,HIMACHAL PRADESH,BILASPUR,70.6,4.8,1371.0,LE,790.3,700.5,13.0,N,2026-09-02 10:48:24.936517
2026-09-02,2026-06-01,2026-09-02,district,HIMACHAL PRADESH,HIMACHAL PRADESH,CHAMBA,1.1,5.3,-80.0,LD,658.0,729.1,-10.0,N,2026-09-02 10:48:24.936517
2026-09-02,2026-06-01,2026-09-02,district,HIMACHAL PRADESH,HIMACHAL PRADESH,HAMIRPUR,21.8,7.4,194.0,LE,574.3,854.9,-33.0,D,2026-09-02 10:48:24.936517
2026-09-02,2026-06-01,2026-09-02,district,HIMACHAL PRADESH,HIMACHAL PRADESH,KANGRA,37.6,8.7,332.0,LE,1374.5,1422.3,-3.0,N,2026-09-02 10:48:24.936517
2026-09-02,2026-06-01,2026-09-02,district,HIMACHAL PRADESH,HIMACHAL PRADESH,KINNAUR,9.4,2.9,224.0,LE,209.6,190.3,10.0,N,2026-09-02 10:48:24.936517
2026-09-02,2026-06-01,2026-09-02,district,HIMACHAL PRADESH,HIMACHAL PRADESH,KULLU,15.9,3.4,366.0,LE,493.6,458.0,8.0,N,2026-09-02 10:48:24.936517
2026-09-02,2026-06-01,2026-09-02,district,HIMACHAL PRADESH,HIMACHAL PRADESH,LAHAUL & SPITI,0.1,3.6,-97.0,LD,110.5,303.8,-64.0,LD,2026-09-02 10:48:24.936517
2026-09-02,2026-06-01,2026-09-02,district,HIMACHAL PRADESH,HIMACHAL PRADESH,MANDI,31.1,5.3,486.0,LE,917.3,966.1,-5.0,N,2026-09-02 10:48:24.936517
2026-09-02,2026-06-01,2026-09-02,district,HIMACHAL PRADESH,HIMACHAL PRADESH,SHIMLA,21.4,5.2,312.0,LE,687.2,526.4,31.0,E,2026-09-02 10:48:24.936517
2026-09-02,2026-06-01,2026-09-02,district,HIMACHAL PRADESH,HIMACHAL PRADESH,SIRMAUR,28.0,6.8,312.0,LE,1121.5,1022.0,10.0,N,2026-09-02 10:48:24.936517
2026-09-02,2026-06-01,2026-09-02,district,HIMACHAL PRADESH,HIMACHAL PRADESH,SOLAN,35.2,5.9,497.0,LE,756.5,740.3,2.0,N,2026-09-02 10:48:24.936517
2026-09-02,2026-06-01,2026-09-02,district,HIMACHAL PRADESH,HIMACHAL PRADESH,UNA,0.0,7.3,-100.0,NR,684.7,817.8,-16.0,N,2026-09-02 10:48:24.936517
2026-09-02,2026-06-01,2026-09-02,district,J & K AND LADAKH,JAMMU & KASHMIR(UT),ANANTNAG,15.6,2.0,682.0,LE,294.6,265.4,11.0,N,2026-09-02 10:48:24.936517
2026-09-02,2026-06-01,2026-09-02,district,J & K AND LADAKH,JAMMU & KASHMIR(UT),BADGAM,1.0,0.2,400.0,LE,128.9,172.9,-25.0,D,2026-09-02 10:48:24.936517
2026-09-02,2026-06-01,2026-09-02,district,J & K AND LADAKH,JAMMU & KASHMIR(UT),BANDIPORA,0.4,2.3,-84.0,LD,192.7,187.1,3.0,N,2026-09-02 10:48:24.936517
2026-09-02,2026-06-01,2026-09-02,district,J & K AND LADAKH,JAMMU & KASHMIR(UT),BARAMULA,0.9,1.3,-28.0,D,271.1,180.6,50.0,E,2026-09-02 10:48:24.936517
2026-09-02,2026-06-01,2026-09-02,district,J & K AND LADAKH,JAMMU & KASHMIR(UT),DODA,3.6,4.6,-23.0,D,367.9,350.6,5.0,N,2026-09-02 10:48:24.936517
2026-09-02,2026-06-01,2026-09-02,district,J & K AND LADAKH,JAMMU & KASHMIR(UT),GANDERBAL,6.9,2.6,163.0,LE,310.1,225.0,38.0,E,2026-09-02 10:48:24.936517
2026-09-02,2026-06-01,2026-09-02,district,J & K AND LADAKH,JAMMU & KASHMIR(UT),JAMMU,1.5,8.0,-81.0,LD,696.5,833.3,-16.0,N,2026-09-02 10:48:24.936517
2026-09-02,2026-06-01,2026-09-02,district,J & K AND LADAKH,JAMMU & KASHMIR(UT),KATHUA,69.6,4.7,1381.0,LE,1047.5,1090.3,-4.0,N,2026-09-02 10:48:24.936517
2026-09-02,2026-06-01,2026-09-02,district,J & K AND LADAKH,JAMMU & KASHMIR(UT),KISTWAR,0.0,4.6,-100.0,NR,169.3,350.6,-52.0,D,2026-09-02 10:48:24.936517
2026-09-02,2026-06-01,2026-09-02,district,J & K AND LADAKH,JAMMU & KASHMIR(UT),KULGAM,3.1,4.8,-35.0,D,267.0,268.2,0.0,N,2026-09-02 10:48:24.936517
2026-09-02,2026-06-01,2026-09-02,district,J & K AND LADAKH,JAMMU & KASHMIR(UT),KUPWARA,1.1,1.5,-28.0,D,210.8,217.8,-3.0,N,2026-09-02 10:48:24.936517
2026-09-02,2026-06-01,2026-09-02,district,J & K AND LADAKH,JAMMU & KASHMIR(UT),POONCH,10.8,17.9,-40.0,D,805.5,581.6,38.0,E,2026-09-02 10:48:24.936517
2026-09-02,2026-06-01,2026-09-02,district,J & K AND LADAKH,JAMMU & KASHMIR(UT),PULWAMA,10.3,1.1,836.0,LE,248.0,161.4,54.0,E,2026-09-02 10:48:24.936517
2026-09-02,2026-06-01,2026-09-02,district,J & K AND LADAKH,JAMMU & KASHMIR(UT),RAJOURI,51.6,8.4,514.0,LE,655.1,589.2,11.0,N,2026-09-02 10:48:24.936517
2026-09-02,2026-06-01,2026-09-02,district,J & K AND LADAKH,JAMMU & KASHMIR(UT),RAMBAN,1.9,5.6,-65.0,LD,447.1,339.2,32.0,E,2026-09-02 10:48:24.936517
2026-09-02,2026-06-01,2026-09-02,district,J & K AND LADAKH,JAMMU & KASHMIR(UT),REASI,23.1,10.1,129.0,LE,1212.8,1367.1,-11.0,N,2026-09-02 10:48:24.936517
2026-09-02,2026-06-01,2026-09-02,district,J & K AND LADAKH,JAMMU & KASHMIR(UT),SAMBA,0.5,6.9,-93.0,LD,953.5,672.0,42.0,E,2026-09-02 10:48:24.936517
2026-09-02,2026-06-01,2026-09-02,district,J & K AND LADAKH,JAMMU & KASHMIR(UT),SHOPIAN,5.8,1.8,224.0,LE,123.8,248.7,-50.0,D,2026-09-02 10:48:24.936517
2026-09-02,2026-06-01,2026-09-02,district,J & K AND LADAKH,JAMMU & KASHMIR(UT),SRINAGAR,0.1,1.8,-97.0,LD,226.9,200.0,13.0,N,2026-09-02 10:48:24.936517
2026-09-02,2026-06-01,2026-09-02,district,J & K AND LADAKH,JAMMU & KASHMIR(UT),UDHAMPUR,33.4,4.1,715.0,LE,1397.9,842.5,66.0,LE,2026-09-02 10:48:24.936517
2026-09-02,2026-06-01,2026-09-02,district,J & K AND LADAKH,LADAKH (UT),KARGIL,0.0,0.0,-100.0,NR,21.6,7.9,149.0,LE,2026-09-02 10:48:24.936517
2026-09-02,2026-06-01,2026-09-02,district,J & K AND LADAKH,LADAKH (UT),LADAKH (LEH),0.1,0.1,33.0,E,58.0,19.6,191.0,LE,2026-09-02 10:48:24.936517
2026-09-02,2026-06-01,2026-09-02,district,JHARKHAND,JHARKHAND,BOKARO,47.2,6.7,604.0,LE,697.8,728.3,-4.0,N,2026-09-02 10:48:24.936517
2026-09-02,2026-06-01,2026-09-02,district,JHARKHAND,JHARKHAND,CHATRA,18.6,6.5,187.0,LE,567.7,753.7,-25.0,D,2026-09-02 10:48:24.936517
2026-09-02,2026-06-01,2026-09-02,district,JHARKHAND,JHARKHAND,DEOGHAR,36.0,5.8,520.0,LE,494.1,764.5,-35.0,D,2026-09-02 10:48:24.936517
2026-09-02,2026-06-01,2026-09-02,district,JHARKHAND,JHARKHAND,DHANBAD,35.1,8.2,328.0,LE,828.0,841.0,-2.0,N,2026-09-02 10:48:24.936517
2026-09-02,2026-06-01,2026-09-02,district,JHARKHAND,JHARKHAND,DUMKA,30.7,7.8,293.0,LE,762.1,809.2,-6.0,N,2026-09-02 10:48:24.936517
2026-09-02,2026-06-01,2026-09-02,district,JHARKHAND,JHARKHAND,EAST SINGHBHUM,15.3,10.9,41.0,E,959.5,875.6,10.0,N,2026-09-02 10:48:24.936517
2026-09-02,2026-06-01,2026-09-02,district,JHARKHAND,JHARKHAND,GARHWA,36.1,11.1,225.0,LE,625.4,741.8,-16.0,N,2026-09-02 10:48:24.936517
2026-09-02,2026-06-01,2026-09-02,district,JHARKHAND,JHARKHAND,GIRIDIH,54.8,6.4,757.0,LE,577.4,764.7,-24.0,D,2026-09-02 10:48:24.936517
2026-09-02,2026-06-01,2026-09-02,district,JHARKHAND,JHARKHAND,GODDA,37.7,7.0,439.0,LE,514.4,703.2,-27.0,D,2026-09-02 10:48:24.936517
2026-09-02,2026-06-01,2026-09-02,district,JHARKHAND,JHARKHAND,GUMLA,3.5,8.7,-60.0,LD,650.8,849.7,-23.0,D,2026-09-02 10:48:24.936517
2026-09-02,2026-06-01,2026-09-02,district,JHARKHAND,JHARKHAND,HAZARIBAG,42.7,7.9,441.0,LE,681.2,835.9,-19.0,N,2026-09-02 10:48:24.936517
2026-09-02,2026-06-01,2026-09-02,district,JHARKHAND,JHARKHAND,JAMTARA,129.3,5.9,2091.0,LE,842.7,845.4,0.0,N,2026-09-02 10:48:24.936517
2026-09-02,2026-06-01,2026-09-02,district,JHARKHAND,JHARKHAND,KHUNTI,12.9,10.6,22.0,E,895.3,892.4,0.0,N,2026-09-02 10:48:24.936517
2026-09-02,2026-06-01,2026-09-02,district,JHARKHAND,JHARKHAND,KODERMA,77.5,8.0,869.0,LE,509.1,690.5,-26.0,D,2026-09-02 10:48:24.936517
2026-09-02,2026-06-01,2026-09-02,district,JHARKHAND,JHARKHAND,LATEHAR,10.8,9.6,13.0,N,1064.6,831.2,28.0,E,2026-09-02 10:48:24.936517
2026-09-02,2026-06-01,2026-09-02,district,JHARKHAND,JHARKHAND,LOHARDAGA,5.8,7.2,-20.0,D,786.4,793.3,-1.0,N,2026-09-02 10:48:24.936517
2026-09-02,2026-06-01,2026-09-02,district,JHARKHAND,JHARKHAND,PAKUR,18.7,9.1,105.0,LE,426.6,919.2,-54.0,D,2026-09-02 10:48:24.936517
2026-09-02,2026-06-01,2026-09-02,district,JHARKHAND,JHARKHAND,PALAMU,18.6,10.5,77.0,LE,639.5,680.6,-6.0,N,2026-09-02 10:48:24.936517
2026-09-02,2026-06-01,2026-09-02,district,JHARKHAND,JHARKHAND,RAMGARH,38.1,9.2,314.0,LE,798.9,824.0,-3.0,N,2026-09-02 10:48:24.936517
2026-09-02,2026-06-01,2026-09-02,district,JHARKHAND,JHARKHAND,RANCHI,72.8,7.7,845.0,LE,909.2,831.6,9.0,N,2026-09-02 10:48:24.936517
2026-09-02,2026-06-01,2026-09-02,district,JHARKHAND,JHARKHAND,SERAIKELA-KHARSAWAN,45.9,8.1,467.0,LE,1004.6,808.2,24.0,E,2026-09-02 10:48:24.936517
2026-09-02,2026-06-01,2026-09-02,district,JHARKHAND,JHARKHAND,SIMDEGA,0.7,12.7,-95.0,LD,1091.5,1053.8,4.0,N,2026-09-02 10:48:24.936517
2026-09-02,2026-06-01,2026-09-02,district,JHARKHAND,JHARKHAND,WEST SINGHBHUM,4.9,8.1,-39.0,D,1184.2,822.6,44.0,E,2026-09-02 10:48:24.936517
2026-09-02,2026-06-01,2026-09-02,district,KERALA & MAHE,KERALA,ALAPUZHA,0.1,6.5,-99.0,LD,1021.5,1387.7,-26.0,D,2026-09-02 10:48:24.936517
2026-09-02,2026-06-01,2026-09-02,district,KERALA & MAHE,KERALA,ERNAKULAM,0.0,7.8,-99.0,LD,1450.2,1817.3,-20.0,D,2026-09-02 10:48:24.936517
2026-09-02,2026-06-01,2026-09-02,district,KERALA & MAHE,KERALA,IDUKKI,0.0,13.5,-100.0,NR,1241.5,2235.8,-44.0,D,2026-09-02 10:48:24.936517
2026-09-02,2026-06-01,2026-09-02,district,KERALA & MAHE,KERALA,KANNUR,3.8,8.3,-54.0,D,2204.5,2369.7,-7.0,N,2026-09-02 10:48:24.936517
2026-09-02,2026-06-01,2026-09-02,district,KERALA & MAHE,KERALA,KASARGOD,1.0,11.4,-91.0,LD,2288.2,2600.1,-12.0,N,2026-09-02 10:48:24.936517
2026-09-02,2026-06-01,2026-09-02,district,KERALA & MAHE,KERALA,KOLLAM,0.0,4.7,-100.0,NR,728.7,1045.0,-30.0,D,2026-09-02 10:48:24.936517
2026-09-02,2026-06-01,2026-09-02,district,KERALA & MAHE,KERALA,KOTTAYAM,0.2,8.8,-98.0,LD,1519.9,1630.8,-7.0,N,2026-09-02 10:48:24.936517
2026-09-02,2026-06-01,2026-09-02,district,KERALA & MAHE,KERALA,KOZHIKODE,0.3,10.3,-98.0,LD,2021.4,2295.8,-12.0,N,2026-09-02 10:48:24.936517
2026-09-02,2026-06-01,2026-09-02,district,KERALA & MAHE,KERALA,MALAPPURAM,1.1,8.7,-88.0,LD,1368.8,1722.1,-21.0,D,2026-09-02 10:48:24.936517
2026-09-02,2026-06-01,2026-09-02,district,KERALA & MAHE,KERALA,PALAKKAD,0.0,8.6,-100.0,NR,1049.7,1367.6,-23.0,D,2026-09-02 10:48:24.936517
2026-09-02,2026-06-01,2026-09-02,district,KERALA & MAHE,KERALA,PATHANAMTHITTA,0.2,4.7,-95.0,LD,1312.6,1336.4,-2.0,N,2026-09-02 10:48:24.936517
2026-09-02,2026-06-01,2026-09-02,district,KERALA & MAHE,KERALA,THIRUVANANTHAPURAM,0.0,3.9,-100.0,NR,666.8,675.8,-1.0,N,2026-09-02 10:48:24.936517
2026-09-02,2026-06-01,2026-09-02,district,KERALA & MAHE,KERALA,THRISSUR,0.2,8.3,-98.0,LD,1434.2,1861.3,-23.0,D,2026-09-02 10:48:24.936517
2026-09-02,2026-06-01,2026-09-02,district,KERALA & MAHE,KERALA,WYNAD,4.2,16.4,-75.0,LD,1099.9,2231.2,-51.0,D,2026-09-02 10:48:24.936517
2026-09-02,2026-06-01,2026-09-02,district,KERALA & MAHE,PUDUCHERRY (UT),MAHE,0.0,7.7,-100.0,NR,1660.4,2147.8,-23.0,D,2026-09-02 10:48:24.936517
2026-09-02,2026-06-01,2026-09-02,district,KONKAN & GOA,GOA,NORTH GOA,9.7,16.3,-40.0,D,1724.8,2788.2,-38.0,D,2026-09-02 10:48:24.936517
2026-09-02,2026-06-01,2026-09-02,district,KONKAN & GOA,GOA,SOUTH GOA,23.2,14.7,58.0,E,1915.9,2663.5,-28.0,D,2026-09-02 10:48:24.936517
2026-09-02,2026-06-01,2026-09-02,district,KONKAN & GOA,MAHARASHTRA,MUMBAI CITY,0.3,18.6,-98.0,LD,1782.3,1792.7,-1.0,N,2026-09-02 10:48:24.936517
2026-09-02,2026-06-01,2026-09-02,district,KONKAN & GOA,MAHARASHTRA,MUMBAI SUBURBAN,4.5,18.3,-75.0,LD,2231.3,1995.0,12.0,N,2026-09-02 10:48:24.936517
2026-09-02,2026-06-01,2026-09-02,district,KONKAN & GOA,MAHARASHTRA,PALGHAR,13.6,15.7,-13.0,N,2484.4,1969.9,26.0,E,2026-09-02 10:48:24.936517
2026-09-02,2026-06-01,2026-09-02,district,KONKAN & GOA,MAHARASHTRA,RAIGAD,4.9,23.8,-80.0,LD,2763.4,2736.0,1.0,N,2026-09-02 10:48:24.936517
2026-09-02,2026-06-01,2026-09-02,district,KONKAN & GOA,MAHARASHTRA,RATNAGIRI,6.8,25.4,-73.0,LD,2445.4,2830.6,-14.0,N,2026-09-02 10:48:24.936517
2026-09-02,2026-06-01,2026-09-02,district,KONKAN & GOA,MAHARASHTRA,SINDHUDURG,5.2,17.9,-71.0,LD,1739.4,2642.5,-34.0,D,2026-09-02 10:48:24.936517
2026-09-02,2026-06-01,2026-09-02,district,KONKAN & GOA,MAHARASHTRA,THANE,6.9,20.1,-66.0,LD,1993.9,2123.2,-6.0,N,2026-09-02 10:48:24.936517
2026-09-02,2026-06-01,2026-09-02,district,LAKSHADWEEP,LAKSHADWEEP,LAKSHADWEEP,2.3,6.8,-66.0,LD,638.0,870.2,-27.0,D,2026-09-02 10:48:24.936517
2026-09-02,2026-06-01,2026-09-02,district,MADHYA MAHARASHTRA,MAHARASHTRA,AHMEDNAGAR,0.0,3.6,-100.0,NR,214.2,316.8,-32.0,D,2026-09-02 10:48:24.936517
2026-09-02,2026-06-01,2026-09-02,district,MADHYA MAHARASHTRA,MAHARASHTRA,DHULE,1.2,4.7,-74.0,LD,385.9,437.6,-12.0,N,2026-09-02 10:48:24.936517
2026-09-02,2026-06-01,2026-09-02,district,MADHYA MAHARASHTRA,MAHARASHTRA,JALGAON,2.4,5.7,-58.0,D,475.4,511.4,-7.0,N,2026-09-02 10:48:24.936517
2026-09-02,2026-06-01,2026-09-02,district,MADHYA MAHARASHTRA,MAHARASHTRA,KOLHAPUR,3.1,10.8,-71.0,LD,1395.7,1522.2,-8.0,N,2026-09-02 10:48:24.936517
2026-09-02,2026-06-01,2026-09-02,district,MADHYA MAHARASHTRA,MAHARASHTRA,NANDURBAR,0.0,5.9,-100.0,NR,418.5,703.0,-40.0,D,2026-09-02 10:48:24.936517
2026-09-02,2026-06-01,2026-09-02,district,MADHYA MAHARASHTRA,MAHARASHTRA,NASHIK,5.2,5.8,-10.0,N,1110.7,727.6,53.0,E,2026-09-02 10:48:24.936517
2026-09-02,2026-06-01,2026-09-02,district,MADHYA MAHARASHTRA,MAHARASHTRA,PUNE,1.9,5.6,-67.0,LD,1002.7,776.4,29.0,E,2026-09-02 10:48:24.936517
2026-09-02,2026-06-01,2026-09-02,district,MADHYA MAHARASHTRA,MAHARASHTRA,SANGLI,0.7,3.2,-78.0,LD,306.1,359.3,-15.0,N,2026-09-02 10:48:24.936517
2026-09-02,2026-06-01,2026-09-02,district,MADHYA MAHARASHTRA,MAHARASHTRA,SATARA,0.6,5.2,-89.0,LD,919.6,697.4,32.0,E,2026-09-02 10:48:24.936517
2026-09-02,2026-06-01,2026-09-02,district,MADHYA MAHARASHTRA,MAHARASHTRA,SHOLAPUR,1.2,4.9,-76.0,LD,157.5,301.4,-48.0,D,2026-09-02 10:48:24.936517
2026-09-02,2026-06-01,2026-09-02,district,MARATHWADA,MAHARASHTRA,BEED,0.0,8.0,-100.0,NR,214.4,404.8,-47.0,D,2026-09-02 10:48:24.936517
2026-09-02,2026-06-01,2026-09-02,district,MARATHWADA,MAHARASHTRA,CHHATRAPATI SAMBHAJINAGAR,1.0,5.5,-81.0,LD,422.3,425.8,-1.0,N,2026-09-02 10:48:24.936517
2026-09-02,2026-06-01,2026-09-02,district,MARATHWADA,MAHARASHTRA,DHARASHIV,0.0,6.7,-100.0,NR,272.1,412.4,-34.0,D,2026-09-02 10:48:24.936517
2026-09-02,2026-06-01,2026-09-02,district,MARATHWADA,MAHARASHTRA,HINGOLI,2.0,10.4,-81.0,LD,337.3,637.3,-47.0,D,2026-09-02 10:48:24.936517
2026-09-02,2026-06-01,2026-09-02,district,MARATHWADA,MAHARASHTRA,JALNA,1.5,8.2,-82.0,LD,276.1,467.2,-41.0,D,2026-09-02 10:48:24.936517
2026-09-02,2026-06-01,2026-09-02,district,MARATHWADA,MAHARASHTRA,LATUR,1.5,9.0,-83.0,LD,358.8,504.7,-29.0,D,2026-09-02 10:48:24.936517
2026-09-02,2026-06-01,2026-09-02,district,MARATHWADA,MAHARASHTRA,NANDED,0.3,8.7,-97.0,LD,443.7,638.2,-30.0,D,2026-09-02 10:48:24.936517
2026-09-02,2026-06-01,2026-09-02,district,MARATHWADA,MAHARASHTRA,PARBHANI,0.0,10.0,-99.0,LD,355.4,553.2,-36.0,D,2026-09-02 10:48:24.936517
2026-09-02,2026-06-01,2026-09-02,district,N. I. KARNATAKA,KARNATAKA,BAGALKOTE,0.2,2.2,-92.0,LD,204.9,225.1,-9.0,N,2026-09-02 10:48:24.936517
2026-09-02,2026-06-01,2026-09-02,district,N. I. KARNATAKA,KARNATAKA,BELAGAVI,1.0,3.3,-68.0,LD,536.1,463.1,16.0,N,2026-09-02 10:48:24.936517
2026-09-02,2026-06-01,2026-09-02,district,N. I. KARNATAKA,KARNATAKA,BIDAR,0.8,8.0,-90.0,LD,408.0,489.8,-17.0,N,2026-09-02 10:48:24.936517
2026-09-02,2026-06-01,2026-09-02,district,N. I. KARNATAKA,KARNATAKA,DHARWAD,5.1,3.8,34.0,E,241.4,410.7,-41.0,D,2026-09-02 10:48:24.936517
2026-09-02,2026-06-01,2026-09-02,district,N. I. KARNATAKA,KARNATAKA,GADAG,5.8,2.8,105.0,LE,198.0,238.8,-17.0,N,2026-09-02 10:48:24.936517
2026-09-02,2026-06-01,2026-09-02,district,N. I. KARNATAKA,KARNATAKA,HAVERI,0.3,3.2,-90.0,LD,271.2,400.4,-32.0,D,2026-09-02 10:48:24.936517
2026-09-02,2026-06-01,2026-09-02,district,N. I. KARNATAKA,KARNATAKA,KALABURAGI,0.0,5.8,-99.0,LD,199.2,410.9,-52.0,D,2026-09-02 10:48:24.936517
2026-09-02,2026-06-01,2026-09-02,district,N. I. KARNATAKA,KARNATAKA,KOPPAL,0.3,4.5,-92.0,LD,164.7,249.3,-34.0,D,2026-09-02 10:48:24.936517
2026-09-02,2026-06-01,2026-09-02,district,N. I. KARNATAKA,KARNATAKA,RAICHUR,0.6,4.6,-86.0,LD,197.9,286.7,-31.0,D,2026-09-02 10:48:24.936517
2026-09-02,2026-06-01,2026-09-02,district,N. I. KARNATAKA,KARNATAKA,VIJAYAPURA,0.1,2.5,-97.0,LD,173.8,249.1,-30.0,D,2026-09-02 10:48:24.936517
2026-09-02,2026-06-01,2026-09-02,district,N. I. KARNATAKA,KARNATAKA,YADGIR,0.3,3.8,-92.0,LD,275.2,360.7,-24.0,D,2026-09-02 10:48:24.936517
2026-09-02,2026-06-01,2026-09-02,district,NMMT,MANIPUR,BISHNUPUR,8.0,8.1,-1.0,N,393.0,929.9,-58.0,D,2026-09-02 10:48:24.936517
2026-09-02,2026-06-01,2026-09-02,district,NMMT,MANIPUR,CHANDEL,2.1,8.1,-74.0,LD,458.7,929.9,-51.0,D,2026-09-02 10:48:24.936517
2026-09-02,2026-06-01,2026-09-02,district,NMMT,MANIPUR,CHURACHANDPUR,8.0,8.1,-1.0,N,211.0,929.9,-77.0,LD,2026-09-02 10:48:24.936517
2026-09-02,2026-06-01,2026-09-02,district,NMMT,MANIPUR,IMPHAL EAST,2.0,5.8,-66.0,LD,423.9,608.4,-30.0,D,2026-09-02 10:48:24.936517
2026-09-02,2026-06-01,2026-09-02,district,NMMT,MANIPUR,IMPHAL WEST,10.3,14.5,-29.0,D,631.7,1406.5,-55.0,D,2026-09-02 10:48:24.936517
2026-09-02,2026-06-01,2026-09-02,district,NMMT,MANIPUR,SENAPATI,23.0,4.7,389.0,LE,574.8,642.6,-11.0,N,2026-09-02 10:48:24.936517
2026-09-02,2026-06-01,2026-09-02,district,NMMT,MANIPUR,TAMENGLONG,5.3,47.2,-89.0,LD,1492.6,3326.8,-55.0,D,2026-09-02 10:48:24.936517
2026-09-02,2026-06-01,2026-09-02,district,NMMT,MANIPUR,THOUBAL,1.5,5.8,-74.0,LD,309.7,608.4,-49.0,D,2026-09-02 10:48:24.936517
2026-09-02,2026-06-01,2026-09-02,district,NMMT,MANIPUR,UKHRUL,18.0,3.9,362.0,LE,820.4,878.7,-7.0,N,2026-09-02 10:48:24.936517
2026-09-02,2026-06-01,2026-09-02,district,NMMT,MIZORAM,AIZAWL,17.6,11.0,60.0,LE,1096.9,1267.2,-13.0,N,2026-09-02 10:48:24.936517
2026-09-02,2026-06-01,2026-09-02,district,NMMT,MIZORAM,CHAMPHAI,14.6,8.7,68.0,LE,840.8,1044.3,-19.0,N,2026-09-02 10:48:24.936517
2026-09-02,2026-06-01,2026-09-02,district,NMMT,MIZORAM,KOLASIB,33.8,9.1,271.0,LE,1393.7,1385.2,1.0,N,2026-09-02 10:48:24.936517
2026-09-02,2026-06-01,2026-09-02,district,NMMT,MIZORAM,LAWNGTLAI,0.0,12.1,-100.0,NR,1244.8,1366.5,-9.0,N,2026-09-02 10:48:24.936517
2026-09-02,2026-06-01,2026-09-02,district,NMMT,MIZORAM,LUNGLEI,2.6,11.3,-77.0,LD,1112.4,1396.1,-20.0,D,2026-09-02 10:48:24.936517
2026-09-02,2026-06-01,2026-09-02,district,NMMT,MIZORAM,MAMIT,6.6,10.5,-37.0,D,797.9,1243.7,-36.0,D,2026-09-02 10:48:24.936517
2026-09-02,2026-06-01,2026-09-02,district,NMMT,MIZORAM,SAIHA,32.3,12.1,167.0,LE,1041.2,1393.7,-25.0,D,2026-09-02 10:48:24.936517
2026-09-02,2026-06-01,2026-09-02,district,NMMT,MIZORAM,SERCHHIP,28.9,9.9,191.0,LE,1206.4,1200.6,0.0,N,2026-09-02 10:48:24.936517
2026-09-02,2026-06-01,2026-09-02,district,NMMT,NAGALAND,DIMAPUR,6.2,2.3,168.0,LE,669.0,672.0,0.0,N,2026-09-02 10:48:24.936517
2026-09-02,2026-06-01,2026-09-02,district,NMMT,NAGALAND,KIPHIRE,22.3,5.0,345.0,LE,642.5,500.2,28.0,E,2026-09-02 10:48:24.936517
2026-09-02,2026-06-01,2026-09-02,district,NMMT,NAGALAND,KOHIMA,21.8,8.5,157.0,LE,913.6,993.3,-8.0,N,2026-09-02 10:48:24.936517
2026-09-02,2026-06-01,2026-09-02,district,NMMT,NAGALAND,MOKOKCHUNG,13.9,9.4,48.0,E,1326.1,1128.4,18.0,N,2026-09-02 10:48:24.936517
2026-09-02,2026-06-01,2026-09-02,district,NMMT,NAGALAND,MON,23.8,9.2,159.0,LE,702.6,890.2,-21.0,D,2026-09-02 10:48:24.936517
2026-09-02,2026-06-01,2026-09-02,district,NMMT,NAGALAND,PEREN,14.6,2.9,405.0,LE,732.6,753.6,-3.0,N,2026-09-02 10:48:24.936517
2026-09-02,2026-06-01,2026-09-02,district,NMMT,NAGALAND,PHEK,24.4,6.0,307.0,LE,647.1,686.1,-6.0,N,2026-09-02 10:48:24.936517
2026-09-02,2026-06-01,2026-09-02,district,NMMT,NAGALAND,WOKHA,13.7,8.6,60.0,LE,1091.5,1000.9,9.0,N,2026-09-02 10:48:24.936517
2026-09-02,2026-06-01,2026-09-02,district,NMMT,NAGALAND,ZUNHEBOTO,25.7,5.3,385.0,LE,1381.6,870.4,59.0,E,2026-09-02 10:48:24.936517
2026-09-02,2026-06-01,2026-09-02,district,NMMT,TRIPURA,DHALAI,8.0,12.5,-36.0,D,1043.7,1100.1,-5.0,N,2026-09-02 10:48:24.936517
2026-09-02,2026-06-01,2026-09-02,district,NMMT,TRIPURA,GOMATI,2.0,4.9,-60.0,LD,920.9,1177.4,-22.0,D,2026-09-02 10:48:24.936517
2026-09-02,2026-06-01,2026-09-02,district,NMMT,TRIPURA,KHOWAI,2.6,5.3,-51.0,D,1136.8,1072.8,6.0,N,2026-09-02 10:48:24.936517
2026-09-02,2026-06-01,2026-09-02,district,NMMT,TRIPURA,NORTH TRIPURA,3.2,13.2,-76.0,LD,955.1,1138.5,-16.0,N,2026-09-02 10:48:24.936517
2026-09-02,2026-06-01,2026-09-02,district,NMMT,TRIPURA,SIPAHIJALA,1.4,4.1,-65.0,LD,964.8,1097.3,-12.0,N,2026-09-02 10:48:24.936517
2026-09-02,2026-06-01,2026-09-02,district,NMMT,TRIPURA,SOUTH TRIPURA,6.3,4.6,36.0,E,966.9,1423.2,-32.0,D,2026-09-02 10:48:24.936517
2026-09-02,2026-06-01,2026-09-02,district,NMMT,TRIPURA,UNAKOTI,0.6,7.6,-93.0,LD,1139.9,1162.2,-2.0,N,2026-09-02 10:48:24.936517
2026-09-02,2026-06-01,2026-09-02,district,NMMT,TRIPURA,WEST TRIPURA,16.6,6.8,144.0,LE,1105.9,984.7,12.0,N,2026-09-02 10:48:24.936517
2026-09-02,2026-06-01,2026-09-02,district,ODISHA,ODISHA,ANGUL,0.3,11.2,-97.0,LD,1203.6,920.2,31.0,E,2026-09-02 10:48:24.936517
2026-09-02,2026-06-01,2026-09-02,district,ODISHA,ODISHA,BALANGIR,2.2,7.9,-73.0,LD,1178.7,902.7,31.0,E,2026-09-02 10:48:24.936517
2026-09-02,2026-06-01,2026-09-02,district,ODISHA,ODISHA,BALASORE,0.0,10.2,-99.0,LD,1515.3,936.4,62.0,LE,2026-09-02 10:48:24.936517
2026-09-02,2026-06-01,2026-09-02,district,ODISHA,ODISHA,BARGARH,6.8,12.5,-46.0,D,1556.7,996.5,56.0,E,2026-09-02 10:48:24.936517
2026-09-02,2026-06-01,2026-09-02,district,ODISHA,ODISHA,BHADRAK,0.0,7.4,-100.0,NR,1157.2,853.4,36.0,E,2026-09-02 10:48:24.936517
2026-09-02,2026-06-01,2026-09-02,district,ODISHA,ODISHA,BOUDH,4.7,8.9,-47.0,D,1590.3,858.6,85.0,LE,2026-09-02 10:48:24.936517
2026-09-02,2026-06-01,2026-09-02,district,ODISHA,ODISHA,CUTTACK,0.0,7.4,-100.0,NR,1263.0,914.1,38.0,E,2026-09-02 10:48:24.936517
2026-09-02,2026-06-01,2026-09-02,district,ODISHA,ODISHA,DEOGARH,0.0,15.7,-100.0,NR,1419.7,962.8,47.0,E,2026-09-02 10:48:24.936517
2026-09-02,2026-06-01,2026-09-02,district,ODISHA,ODISHA,DHENKANAL,0.1,7.7,-98.0,LD,1346.3,891.7,51.0,E,2026-09-02 10:48:24.936517
2026-09-02,2026-06-01,2026-09-02,district,ODISHA,ODISHA,GAJAPATI,0.0,8.0,-100.0,NR,540.2,696.7,-22.0,D,2026-09-02 10:48:24.936517
2026-09-02,2026-06-01,2026-09-02,district,ODISHA,ODISHA,GANJAM,0.1,6.5,-98.0,LD,576.1,680.3,-15.0,N,2026-09-02 10:48:24.936517
2026-09-02,2026-06-01,2026-09-02,district,ODISHA,ODISHA,JAGATSINGHPUR,0.0,7.3,-100.0,NR,1098.1,832.8,32.0,E,2026-09-02 10:48:24.936517
2026-09-02,2026-06-01,2026-09-02,district,ODISHA,ODISHA,JAJPUR,0.0,8.8,-100.0,NR,1153.0,985.6,17.0,N,2026-09-02 10:48:24.936517
2026-09-02,2026-06-01,2026-09-02,district,ODISHA,ODISHA,JHARSUGUDA,0.0,10.6,-99.0,LD,1113.7,981.9,13.0,N,2026-09-02 10:48:24.936517
2026-09-02,2026-06-01,2026-09-02,district,ODISHA,ODISHA,KALAHANDI,0.2,7.2,-97.0,LD,995.8,1146.1,-13.0,N,2026-09-02 10:48:24.936517
2026-09-02,2026-06-01,2026-09-02,district,ODISHA,ODISHA,KANDHAMAL,0.9,10.6,-92.0,LD,1123.4,913.2,23.0,E,2026-09-02 10:48:24.936517
2026-09-02,2026-06-01,2026-09-02,district,ODISHA,ODISHA,KENDRAPARA,0.0,5.8,-100.0,NR,1319.6,868.6,52.0,E,2026-09-02 10:48:24.936517
2026-09-02,2026-06-01,2026-09-02,district,ODISHA,ODISHA,KEONJHARGARH,0.4,10.7,-96.0,LD,1441.9,917.0,57.0,E,2026-09-02 10:48:24.936517
2026-09-02,2026-06-01,2026-09-02,district,ODISHA,ODISHA,KHURDA,0.0,7.8,-100.0,NR,1057.5,862.9,23.0,E,2026-09-02 10:48:24.936517
2026-09-02,2026-06-01,2026-09-02,district,ODISHA,ODISHA,KORAPUT,0.4,9.4,-96.0,LD,1013.2,997.5,2.0,N,2026-09-02 10:48:24.936517
2026-09-02,2026-06-01,2026-09-02,district,ODISHA,ODISHA,MALKANGIRI,0.0,9.2,-100.0,NR,908.5,1043.4,-13.0,N,2026-09-02 10:48:24.936517
2026-09-02,2026-06-01,2026-09-02,district,ODISHA,ODISHA,MAYURBHANJ,4.4,11.7,-63.0,LD,1493.7,969.6,54.0,E,2026-09-02 10:48:24.936517
2026-09-02,2026-06-01,2026-09-02,district,ODISHA,ODISHA,NAWAPARA,0.5,7.8,-94.0,LD,991.9,832.6,19.0,N,2026-09-02 10:48:24.936517
2026-09-02,2026-06-01,2026-09-02,district,ODISHA,ODISHA,NAWARANGPUR,0.0,9.8,-100.0,NR,939.7,1122.8,-16.0,N,2026-09-02 10:48:24.936517
2026-09-02,2026-06-01,2026-09-02,district,ODISHA,ODISHA,NAYAGARH,0.0,5.7,-99.0,LD,1023.6,854.2,20.0,E,2026-09-02 10:48:24.936517
2026-09-02,2026-06-01,2026-09-02,district,ODISHA,ODISHA,PURI,0.0,8.1,-100.0,NR,1104.8,805.6,37.0,E,2026-09-02 10:48:24.936517
2026-09-02,2026-06-01,2026-09-02,district,ODISHA,ODISHA,RAYAGADA,0.0,7.3,-100.0,NR,738.4,783.9,-6.0,N,2026-09-02 10:48:24.936517
2026-09-02,2026-06-01,2026-09-02,district,ODISHA,ODISHA,SAMBALPUR,0.3,14.0,-98.0,LD,1457.5,1056.0,38.0,E,2026-09-02 10:48:24.936517
2026-09-02,2026-06-01,2026-09-02,district,ODISHA,ODISHA,SONEPUR,7.8,10.4,-25.0,D,1578.2,993.6,59.0,E,2026-09-02 10:48:24.936517
2026-09-02,2026-06-01,2026-09-02,district,ODISHA,ODISHA,SUNDARGARH,0.8,13.2,-94.0,LD,1308.5,995.5,31.0,E,2026-09-02 10:48:24.936517
2026-09-02,2026-06-01,2026-09-02,district,PUNJAB,PUNJAB,AMRITSAR,0.1,4.4,-97.0,LD,347.4,393.4,-12.0,N,2026-09-02 10:48:24.936517
2026-09-02,2026-06-01,2026-09-02,district,PUNJAB,PUNJAB,BARNALA,0.0,2.6,-100.0,NR,124.3,303.7,-59.0,D,2026-09-02 10:48:24.936517
2026-09-02,2026-06-01,2026-09-02,district,PUNJAB,PUNJAB,BHATINDA,0.0,1.6,-100.0,NR,122.6,247.3,-50.0,D,2026-09-02 10:48:24.936517
2026-09-02,2026-06-01,2026-09-02,district,PUNJAB,PUNJAB,FARIDKOT,0.0,4.2,-100.0,NR,223.8,252.3,-11.0,N,2026-09-02 10:48:24.936517
2026-09-02,2026-06-01,2026-09-02,district,PUNJAB,PUNJAB,FATEHGARH SAHIB,0.0,4.9,-100.0,NR,134.7,404.8,-67.0,LD,2026-09-02 10:48:24.936517
2026-09-02,2026-06-01,2026-09-02,district,PUNJAB,PUNJAB,FAZILKA,0.0,2.8,-100.0,NR,106.6,210.7,-49.0,D,2026-09-02 10:48:24.936517
2026-09-02,2026-06-01,2026-09-02,district,PUNJAB,PUNJAB,FEROZEPUR,0.0,2.5,-100.0,NR,134.4,207.0,-35.0,D,2026-09-02 10:48:24.936517
2026-09-02,2026-06-01,2026-09-02,district,PUNJAB,PUNJAB,GURDASPUR,24.3,5.2,368.0,LE,727.5,519.7,40.0,E,2026-09-02 10:48:24.936517
2026-09-02,2026-06-01,2026-09-02,district,PUNJAB,PUNJAB,HOSHIARPUR,7.3,5.1,43.0,E,236.9,518.6,-54.0,D,2026-09-02 10:48:24.936517
2026-09-02,2026-06-01,2026-09-02,district,PUNJAB,PUNJAB,JALANDHAR,0.0,6.3,-100.0,NR,229.9,439.9,-48.0,D,2026-09-02 10:48:24.936517
2026-09-02,2026-06-01,2026-09-02,district,PUNJAB,PUNJAB,KAPURTHALA,0.0,6.3,-100.0,NR,133.1,387.1,-66.0,LD,2026-09-02 10:48:24.936517
2026-09-02,2026-06-01,2026-09-02,district,PUNJAB,PUNJAB,LUDHIANA,0.0,3.4,-100.0,NR,217.7,379.0,-43.0,D,2026-09-02 10:48:24.936517
2026-09-02,2026-06-01,2026-09-02,district,PUNJAB,PUNJAB,MANSA,0.0,1.0,-100.0,NR,71.8,224.6,-68.0,LD,2026-09-02 10:48:24.936517
2026-09-02,2026-06-01,2026-09-02,district,PUNJAB,PUNJAB,MOGA,0.0,2.3,-100.0,NR,164.1,251.2,-35.0,D,2026-09-02 10:48:24.936517
2026-09-02,2026-06-01,2026-09-02,district,PUNJAB,PUNJAB,MUKTSAR,0.0,3.2,-100.0,NR,94.5,265.1,-64.0,LD,2026-09-02 10:48:24.936517
2026-09-02,2026-06-01,2026-09-02,district,PUNJAB,PUNJAB,PATHANKOT,43.4,4.6,843.0,LE,1155.9,834.7,38.0,E,2026-09-02 10:48:24.936517
2026-09-02,2026-06-01,2026-09-02,district,PUNJAB,PUNJAB,PATIALA,0.0,6.2,-100.0,NR,257.6,443.0,-42.0,D,2026-09-02 10:48:24.936517
2026-09-02,2026-06-01,2026-09-02,district,PUNJAB,PUNJAB,RUPNAGAR,10.6,5.5,93.0,LE,463.5,680.3,-32.0,D,2026-09-02 10:48:24.936517
2026-09-02,2026-06-01,2026-09-02,district,PUNJAB,PUNJAB,SANGRUR,0.0,2.5,-100.0,NR,153.4,318.1,-52.0,D,2026-09-02 10:48:24.936517
2026-09-02,2026-06-01,2026-09-02,district,PUNJAB,PUNJAB,SAS NAGAR (MOHALI),0.2,7.2,-98.0,LD,215.1,517.6,-58.0,D,2026-09-02 10:48:24.936517
2026-09-02,2026-06-01,2026-09-02,district,PUNJAB,PUNJAB,SBS NAGAR,3.8,12.9,-71.0,LD,317.8,638.9,-50.0,D,2026-09-02 10:48:24.936517
2026-09-02,2026-06-01,2026-09-02,district,PUNJAB,PUNJAB,TARN TARAN,0.0,3.7,-100.0,NR,120.6,227.4,-47.0,D,2026-09-02 10:48:24.936517
2026-09-02,2026-06-01,2026-09-02,district,RAYALASEEMA,ANDHRA PRADESH,ANANTAPURAMU,0.8,4.7,-82.0,LD,156.9,213.8,-27.0,D,2026-09-02 10:48:24.936517
2026-09-02,2026-06-01,2026-09-02,district,RAYALASEEMA,ANDHRA PRADESH,ANNAMAYYA DISTRICT,0.1,3.6,-97.0,LD,83.9,267.3,-69.0,LD,2026-09-02 10:48:24.936517
2026-09-02,2026-06-01,2026-09-02,district,RAYALASEEMA,ANDHRA PRADESH,CHITTOOR,0.0,3.2,-100.0,NR,133.2,302.8,-56.0,D,2026-09-02 10:48:24.936517
2026-09-02,2026-06-01,2026-09-02,district,RAYALASEEMA,ANDHRA PRADESH,KURNOOL,0.0,6.5,-100.0,NR,202.8,307.5,-34.0,D,2026-09-02 10:48:24.936517
2026-09-02,2026-06-01,2026-09-02,district,RAYALASEEMA,ANDHRA PRADESH,NANDYAL,0.0,6.6,-100.0,NR,203.6,364.0,-44.0,D,2026-09-02 10:48:24.936517
2026-09-02,2026-06-01,2026-09-02,district,RAYALASEEMA,ANDHRA PRADESH,SRI SATHYASAI DISTRICT,0.6,4.0,-85.0,LD,113.0,206.2,-45.0,D,2026-09-02 10:48:24.936517
2026-09-02,2026-06-01,2026-09-02,district,RAYALASEEMA,ANDHRA PRADESH,TIRUPATI,0.2,5.0,-96.0,LD,185.1,321.1,-42.0,D,2026-09-02 10:48:24.936517
2026-09-02,2026-06-01,2026-09-02,district,RAYALASEEMA,ANDHRA PRADESH,YSR DISTRICT,0.1,3.9,-98.0,LD,148.5,282.7,-47.0,D,2026-09-02 10:48:24.936517
2026-09-02,2026-06-01,2026-09-02,district,S. I. KARNATAKA,KARNATAKA,BALLARI,2.0,4.2,-53.0,D,133.8,237.6,-44.0,D,2026-09-02 10:48:24.936517
2026-09-02,2026-06-01,2026-09-02,district,S. I. KARNATAKA,KARNATAKA,BENGALURU RURAL,0.0,3.3,-100.0,NR,226.1,278.7,-19.0,N,2026-09-02 10:48:24.936517
2026-09-02,2026-06-01,2026-09-02,district,S. I. KARNATAKA,KARNATAKA,BENGALURU URBAN,0.2,3.6,-94.0,LD,127.5,287.1,-56.0,D,2026-09-02 10:48:24.936517
2026-09-02,2026-06-01,2026-09-02,district,S. I. KARNATAKA,KARNATAKA,CHAMARAJANAGAR,0.2,1.8,-89.0,LD,133.5,221.9,-40.0,D,2026-09-02 10:48:24.936517
2026-09-02,2026-06-01,2026-09-02,district,S. I. KARNATAKA,KARNATAKA,CHIKABALLAPURA,0.0,4.3,-100.0,NR,151.0,271.0,-44.0,D,2026-09-02 10:48:24.936517
2026-09-02,2026-06-01,2026-09-02,district,S. I. KARNATAKA,KARNATAKA,CHIKKAMAGALURU,2.6,8.5,-70.0,LD,1227.4,1326.8,-7.0,N,2026-09-02 10:48:24.936517
2026-09-02,2026-06-01,2026-09-02,district,S. I. KARNATAKA,KARNATAKA,CHITRADURGA,1.4,3.3,-57.0,D,145.6,191.2,-24.0,D,2026-09-02 10:48:24.936517
2026-09-02,2026-06-01,2026-09-02,district,S. I. KARNATAKA,KARNATAKA,DAVANGERE,6.5,3.0,117.0,LE,261.7,278.1,-6.0,N,2026-09-02 10:48:24.936517
2026-09-02,2026-06-01,2026-09-02,district,S. I. KARNATAKA,KARNATAKA,HASSAN,0.0,4.6,-100.0,NR,201.8,552.5,-63.0,LD,2026-09-02 10:48:24.936517
2026-09-02,2026-06-01,2026-09-02,district,S. I. KARNATAKA,KARNATAKA,KODAGU,0.7,12.2,-94.0,LD,1514.2,2026.2,-25.0,D,2026-09-02 10:48:24.936517
2026-09-02,2026-06-01,2026-09-02,district,S. I. KARNATAKA,KARNATAKA,KOLAR,0.0,3.3,-100.0,NR,129.3,257.0,-50.0,D,2026-09-02 10:48:24.936517
2026-09-02,2026-06-01,2026-09-02,district,S. I. KARNATAKA,KARNATAKA,MANDYA,0.6,2.6,-77.0,LD,98.7,185.7,-47.0,D,2026-09-02 10:48:24.936517
2026-09-02,2026-06-01,2026-09-02,district,S. I. KARNATAKA,KARNATAKA,MYSURU,0.3,2.1,-87.0,LD,153.1,269.8,-43.0,D,2026-09-02 10:48:24.936517
2026-09-02,2026-06-01,2026-09-02,district,S. I. KARNATAKA,KARNATAKA,RAMANAGARA,0.0,3.8,-100.0,NR,19.0,296.1,-94.0,LD,2026-09-02 10:48:24.936517
2026-09-02,2026-06-01,2026-09-02,district,S. I. KARNATAKA,KARNATAKA,SHIVAMOGGA,4.0,8.4,-52.0,D,1430.0,1469.8,-3.0,N,2026-09-02 10:48:24.936517
2026-09-02,2026-06-01,2026-09-02,district,S. I. KARNATAKA,KARNATAKA,TUMAKURU,0.6,3.3,-81.0,LD,127.6,233.7,-45.0,D,2026-09-02 10:48:24.936517
2026-09-02,2026-06-01,2026-09-02,district,S. I. KARNATAKA,KARNATAKA,VIJAYANAGARA,5.2,3.7,42.0,E,146.6,258.8,-43.0,D,2026-09-02 10:48:24.936517
2026-09-02,2026-06-01,2026-09-02,district,SAURASHTRA & KUTCH,DADRA & NAGAR HAVELI AND DAMAN & DIU (UT),DIU,0.4,6.2,-94.0,LD,630.4,652.4,-3.0,N,2026-09-02 10:48:24.936517
2026-09-02,2026-06-01,2026-09-02,district,SAURASHTRA & KUTCH,GUJARAT,AMRELI,0.5,4.2,-89.0,LD,494.3,474.2,4.0,N,2026-09-02 10:48:24.936517
2026-09-02,2026-06-01,2026-09-02,district,SAURASHTRA & KUTCH,GUJARAT,BHAVNAGAR,0.0,5.8,-100.0,NR,477.1,471.7,1.0,N,2026-09-02 10:48:24.936517
2026-09-02,2026-06-01,2026-09-02,district,SAURASHTRA & KUTCH,GUJARAT,BOTAD,0.0,4.3,-100.0,NR,445.8,464.2,-4.0,N,2026-09-02 10:48:24.936517
2026-09-02,2026-06-01,2026-09-02,district,SAURASHTRA & KUTCH,GUJARAT,DEVBHOOMI DWARKA,0.3,3.4,-92.0,LD,57.8,477.7,-88.0,LD,2026-09-02 10:48:24.936517
2026-09-02,2026-06-01,2026-09-02,district,SAURASHTRA & KUTCH,GUJARAT,GIR SOMNATH,0.0,4.7,-100.0,NR,469.7,767.4,-39.0,D,2026-09-02 10:48:24.936517
2026-09-02,2026-06-01,2026-09-02,district,SAURASHTRA & KUTCH,GUJARAT,JAMNAGAR,0.0,4.2,-100.0,NR,216.0,543.6,-60.0,LD,2026-09-02 10:48:24.936517
2026-09-02,2026-06-01,2026-09-02,district,SAURASHTRA & KUTCH,GUJARAT,JUNAGADH,0.0,4.0,-100.0,NR,591.0,754.5,-22.0,D,2026-09-02 10:48:24.936517
2026-09-02,2026-06-01,2026-09-02,district,SAURASHTRA & KUTCH,GUJARAT,KUTCH,0.0,2.1,-100.0,NR,137.5,347.5,-60.0,LD,2026-09-02 10:48:24.936517
2026-09-02,2026-06-01,2026-09-02,district,SAURASHTRA & KUTCH,GUJARAT,MORBI,0.0,1.9,-100.0,NR,473.0,457.7,3.0,N,2026-09-02 10:48:24.936517
2026-09-02,2026-06-01,2026-09-02,district,SAURASHTRA & KUTCH,GUJARAT,PORBANDAR,0.0,4.4,-100.0,NR,161.1,587.8,-73.0,LD,2026-09-02 10:48:24.936517
2026-09-02,2026-06-01,2026-09-02,district,SAURASHTRA & KUTCH,GUJARAT,RAJKOT,0.0,3.6,-100.0,NR,355.6,531.4,-33.0,D,2026-09-02 10:48:24.936517
2026-09-02,2026-06-01,2026-09-02,district,SAURASHTRA & KUTCH,GUJARAT,SURENDRANAGAR,0.0,2.5,-98.0,LD,480.8,435.1,10.0,N,2026-09-02 10:48:24.936517
2026-09-02,2026-06-01,2026-09-02,district,SHWB & SIKKIM,SIKKIM,GANGTOK,20.2,17.7,14.0,N,1596.0,1784.9,-11.0,N,2026-09-02 10:48:24.936517
2026-09-02,2026-06-01,2026-09-02,district,SHWB & SIKKIM,SIKKIM,GYALSHING,37.6,13.8,173.0,LE,1857.2,1466.5,27.0,E,2026-09-02 10:48:24.936517
2026-09-02,2026-06-01,2026-09-02,district,SHWB & SIKKIM,SIKKIM,MANGAN,27.8,11.1,151.0,LE,1109.1,1255.3,-12.0,N,2026-09-02 10:48:24.936517
2026-09-02,2026-06-01,2026-09-02,district,SHWB & SIKKIM,SIKKIM,NAMCHI,28.8,12.4,132.0,LE,1532.0,1330.7,15.0,N,2026-09-02 10:48:24.936517
2026-09-02,2026-06-01,2026-09-02,district,SHWB & SIKKIM,SIKKIM,Pakyong,25.1,9.4,167.0,LE,1306.2,1315.9,-1.0,N,2026-09-02 10:48:24.936517
2026-09-02,2026-06-01,2026-09-02,district,SHWB & SIKKIM,SIKKIM,Soreng,15.5,13.8,12.0,N,1819.0,1466.5,24.0,E,2026-09-02 10:48:24.936517
2026-09-02,2026-06-01,2026-09-02,district,SHWB & SIKKIM,WEST BENGAL,ALIPURDUAR,3.5,23.0,-85.0,LD,2239.8,2515.4,-11.0,N,2026-09-02 10:48:24.936517
2026-09-02,2026-06-01,2026-09-02,district,SHWB & SIKKIM,WEST BENGAL,COOCH BEHAR,9.8,12.3,-20.0,D,1732.3,1917.7,-10.0,N,2026-09-02 10:48:24.936517
2026-09-02,2026-06-01,2026-09-02,district,SHWB & SIKKIM,WEST BENGAL,DARJEELING,8.5,16.9,-50.0,D,1784.2,2235.4,-20.0,D,2026-09-02 10:48:24.936517
2026-09-02,2026-06-01,2026-09-02,district,SHWB & SIKKIM,WEST BENGAL,JALPAIGURI,0.3,18.9,-98.0,LD,1797.8,2394.9,-25.0,D,2026-09-02 10:48:24.936517
2026-09-02,2026-06-01,2026-09-02,district,SHWB & SIKKIM,WEST BENGAL,KALIMPONG,36.2,17.4,108.0,LE,1588.3,1980.4,-20.0,D,2026-09-02 10:48:24.936517
2026-09-02,2026-06-01,2026-09-02,district,SHWB & SIKKIM,WEST BENGAL,MALDA,20.9,9.3,125.0,LE,688.5,901.7,-24.0,D,2026-09-02 10:48:24.936517
2026-09-02,2026-06-01,2026-09-02,district,SHWB & SIKKIM,WEST BENGAL,NORTH DINAJPUR,24.0,9.1,164.0,LE,816.1,1162.2,-30.0,D,2026-09-02 10:48:24.936517
2026-09-02,2026-06-01,2026-09-02,district,SHWB & SIKKIM,WEST BENGAL,SOUTH DINAJPUR,10.0,6.1,64.0,LE,672.7,829.3,-19.0,N,2026-09-02 10:48:24.936517
2026-09-02,2026-06-01,2026-09-02,district,TAMIL. PUDU.& KARAIKAL,PUDUCHERRY (UT),KARAIKAL,0.0,3.3,-100.0,NR,232.6,197.3,18.0,N,2026-09-02 10:48:24.936517
2026-09-02,2026-06-01,2026-09-02,district,TAMIL. PUDU.& KARAIKAL,PUDUCHERRY (UT),PUDUCHERRY,0.0,3.6,-100.0,NR,106.7,265.1,-60.0,LD,2026-09-02 10:48:24.936517
2026-09-02,2026-06-01,2026-09-02,district,TAMIL. PUDU.& KARAIKAL,TAMILNADU,ARIYALUR,0.7,3.8,-82.0,LD,204.0,202.8,1.0,N,2026-09-02 10:48:24.936517
2026-09-02,2026-06-01,2026-09-02,district,TAMIL. PUDU.& KARAIKAL,TAMILNADU,CHENGALPATTU,0.0,2.8,-99.0,LD,123.8,281.3,-56.0,D,2026-09-02 10:48:24.936517
2026-09-02,2026-06-01,2026-09-02,district,TAMIL. PUDU.& KARAIKAL,TAMILNADU,CHENNAI,0.0,2.2,-100.0,NR,303.0,312.8,-3.0,N,2026-09-02 10:48:24.936517
2026-09-02,2026-06-01,2026-09-02,district,TAMIL. PUDU.& KARAIKAL,TAMILNADU,COIMBATORE,1.0,5.6,-82.0,LD,627.7,572.3,10.0,N,2026-09-02 10:48:24.936517
2026-09-02,2026-06-01,2026-09-02,district,TAMIL. PUDU.& KARAIKAL,TAMILNADU,CUDDALORE,0.8,3.7,-79.0,LD,216.2,234.5,-8.0,N,2026-09-02 10:48:24.936517
2026-09-02,2026-06-01,2026-09-02,district,TAMIL. PUDU.& KARAIKAL,TAMILNADU,DHARMAPURI,0.8,4.3,-83.0,LD,152.3,229.5,-34.0,D,2026-09-02 10:48:24.936517
2026-09-02,2026-06-01,2026-09-02,district,TAMIL. PUDU.& KARAIKAL,TAMILNADU,DINDIGUL,0.9,6.0,-85.0,LD,102.1,173.3,-41.0,D,2026-09-02 10:48:24.936517
2026-09-02,2026-06-01,2026-09-02,district,TAMIL. PUDU.& KARAIKAL,TAMILNADU,ERODE,0.3,2.2,-86.0,LD,112.6,160.4,-30.0,D,2026-09-02 10:48:24.936517
2026-09-02,2026-06-01,2026-09-02,district,TAMIL. PUDU.& KARAIKAL,TAMILNADU,KALLAKURICHI,0.3,3.4,-90.0,LD,160.0,256.4,-38.0,D,2026-09-02 10:48:24.936517
2026-09-02,2026-06-01,2026-09-02,district,TAMIL. PUDU.& KARAIKAL,TAMILNADU,KANCHEEPURAM,0.7,3.6,-79.0,LD,220.2,326.0,-32.0,D,2026-09-02 10:48:24.936517
2026-09-02,2026-06-01,2026-09-02,district,TAMIL. PUDU.& KARAIKAL,TAMILNADU,KANYAKUMARI,0.0,3.3,-100.0,NR,399.7,377.1,6.0,N,2026-09-02 10:48:24.936517
2026-09-02,2026-06-01,2026-09-02,district,TAMIL. PUDU.& KARAIKAL,TAMILNADU,KARUR,0.1,4.0,-97.0,LD,37.6,105.3,-64.0,LD,2026-09-02 10:48:24.936517
2026-09-02,2026-06-01,2026-09-02,district,TAMIL. PUDU.& KARAIKAL,TAMILNADU,KRISHNAGIRI,0.0,4.3,-100.0,NR,120.6,214.4,-44.0,D,2026-09-02 10:48:24.936517
2026-09-02,2026-06-01,2026-09-02,district,TAMIL. PUDU.& KARAIKAL,TAMILNADU,MADURAI,0.6,5.5,-89.0,LD,105.4,181.6,-42.0,D,2026-09-02 10:48:24.936517
2026-09-02,2026-06-01,2026-09-02,district,TAMIL. PUDU.& KARAIKAL,TAMILNADU,MAYILADUTHURAI,0.0,4.2,-100.0,NR,153.8,199.4,-23.0,D,2026-09-02 10:48:24.936517
2026-09-02,2026-06-01,2026-09-02,district,TAMIL. PUDU.& KARAIKAL,TAMILNADU,NAGAPATTINAM,0.0,2.5,-100.0,NR,68.6,161.4,-58.0,D,2026-09-02 10:48:24.936517
2026-09-02,2026-06-01,2026-09-02,district,TAMIL. PUDU.& KARAIKAL,TAMILNADU,NAMAKKAL,0.0,2.9,-100.0,NR,84.5,204.3,-59.0,D,2026-09-02 10:48:24.936517
2026-09-02,2026-06-01,2026-09-02,district,TAMIL. PUDU.& KARAIKAL,TAMILNADU,NILGIRIS,2.7,7.1,-62.0,LD,486.9,676.8,-28.0,D,2026-09-02 10:48:24.936517
2026-09-02,2026-06-01,2026-09-02,district,TAMIL. PUDU.& KARAIKAL,TAMILNADU,PERAMBALUR,0.0,3.1,-100.0,NR,157.7,162.4,-3.0,N,2026-09-02 10:48:24.936517
2026-09-02,2026-06-01,2026-09-02,district,TAMIL. PUDU.& KARAIKAL,TAMILNADU,PUDUKKOTTAI,7.2,4.0,81.0,LE,163.9,195.7,-16.0,N,2026-09-02 10:48:24.936517
2026-09-02,2026-06-01,2026-09-02,district,TAMIL. PUDU.& KARAIKAL,TAMILNADU,RAMANATHAPURAM,0.0,1.4,-100.0,NR,34.8,77.0,-55.0,D,2026-09-02 10:48:24.936517
2026-09-02,2026-06-01,2026-09-02,district,TAMIL. PUDU.& KARAIKAL,TAMILNADU,RANIPET,0.4,3.1,-87.0,LD,229.0,311.4,-26.0,D,2026-09-02 10:48:24.936517
2026-09-02,2026-06-01,2026-09-02,district,TAMIL. PUDU.& KARAIKAL,TAMILNADU,SALEM,0.2,3.3,-93.0,LD,173.5,258.8,-33.0,D,2026-09-02 10:48:24.936517
2026-09-02,2026-06-01,2026-09-02,district,TAMIL. PUDU.& KARAIKAL,TAMILNADU,SIVAGANGA,0.0,4.8,-100.0,NR,201.7,215.4,-6.0,N,2026-09-02 10:48:24.936517
2026-09-02,2026-06-01,2026-09-02,district,TAMIL. PUDU.& KARAIKAL,TAMILNADU,TENKASI,0.0,1.4,-100.0,NR,177.4,127.5,39.0,E,2026-09-02 10:48:24.936517
2026-09-02,2026-06-01,2026-09-02,district,TAMIL. PUDU.& KARAIKAL,TAMILNADU,THANJAVUR,0.7,3.1,-78.0,LD,131.4,196.7,-33.0,D,2026-09-02 10:48:24.936517
2026-09-02,2026-06-01,2026-09-02,district,TAMIL. PUDU.& KARAIKAL,TAMILNADU,THENI,0.0,4.4,-100.0,NR,165.5,146.8,13.0,N,2026-09-02 10:48:24.936517
2026-09-02,2026-06-01,2026-09-02,district,TAMIL. PUDU.& KARAIKAL,TAMILNADU,THIRUCHIRAPALLI,0.6,4.2,-86.0,LD,89.4,159.7,-44.0,D,2026-09-02 10:48:24.936517
2026-09-02,2026-06-01,2026-09-02,district,TAMIL. PUDU.& KARAIKAL,TAMILNADU,THIRUVALLUR,0.0,3.8,-99.0,LD,247.4,322.4,-23.0,D,2026-09-02 10:48:24.936517
2026-09-02,2026-06-01,2026-09-02,district,TAMIL. PUDU.& KARAIKAL,TAMILNADU,THOOTHUKUDI,0.0,0.6,-100.0,NR,8.4,33.3,-75.0,LD,2026-09-02 10:48:24.936517
2026-09-02,2026-06-01,2026-09-02,district,TAMIL. PUDU.& KARAIKAL,TAMILNADU,TIRUNELVELI,0.0,0.9,-100.0,NR,363.8,58.3,524.0,LE,2026-09-02 10:48:24.936517
2026-09-02,2026-06-01,2026-09-02,district,TAMIL. PUDU.& KARAIKAL,TAMILNADU,TIRUPATTUR,0.0,3.3,-100.0,NR,94.2,276.9,-66.0,LD,2026-09-02 10:48:24.936517
2026-09-02,2026-06-01,2026-09-02,district,TAMIL. PUDU.& KARAIKAL,TAMILNADU,TIRUPPUR,0.3,2.7,-88.0,LD,36.5,80.2,-54.0,D,2026-09-02 10:48:24.936517
2026-09-02,2026-06-01,2026-09-02,district,TAMIL. PUDU.& KARAIKAL,TAMILNADU,TIRUVANNAMALAI,0.0,3.5,-100.0,NR,148.6,294.6,-50.0,D,2026-09-02 10:48:24.936517
2026-09-02,2026-06-01,2026-09-02,district,TAMIL. PUDU.& KARAIKAL,TAMILNADU,TIRUVARUR,0.0,3.2,-100.0,NR,150.3,191.6,-22.0,D,2026-09-02 10:48:24.936517
2026-09-02,2026-06-01,2026-09-02,district,TAMIL. PUDU.& KARAIKAL,TAMILNADU,VELLORE,0.0,2.5,-100.0,NR,143.1,288.0,-50.0,D,2026-09-02 10:48:24.936517
2026-09-02,2026-06-01,2026-09-02,district,TAMIL. PUDU.& KARAIKAL,TAMILNADU,VILLUPURAM,0.0,2.8,-100.0,NR,180.7,271.2,-33.0,D,2026-09-02 10:48:24.936517
2026-09-02,2026-06-01,2026-09-02,district,TAMIL. PUDU.& KARAIKAL,TAMILNADU,VIRUDHUNAGAR,0.5,2.7,-83.0,LD,81.8,111.3,-27.0,D,2026-09-02 10:48:24.936517
2026-09-02,2026-06-01,2026-09-02,district,TELANGANA,TELANGANA,ADILABAD,0.1,7.3,-99.0,LD,599.9,795.9,-25.0,D,2026-09-02 10:48:24.936517
2026-09-02,2026-06-01,2026-09-02,district,TELANGANA,TELANGANA,B. KOTHAGUDEM,0.8,6.0,-86.0,LD,519.3,782.8,-34.0,D,2026-09-02 10:48:24.936517
2026-09-02,2026-06-01,2026-09-02,district,TELANGANA,TELANGANA,HANUMAKONDA,0.8,7.6,-89.0,LD,336.3,550.2,-39.0,D,2026-09-02 10:48:24.936517
2026-09-02,2026-06-01,2026-09-02,district,TELANGANA,TELANGANA,HYDERABAD,7.7,3.0,158.0,LE,320.7,476.2,-33.0,D,2026-09-02 10:48:24.936517
2026-09-02,2026-06-01,2026-09-02,district,TELANGANA,TELANGANA,J. BHUPALPALLY,0.1,7.2,-98.0,LD,708.7,820.6,-14.0,N,2026-09-02 10:48:24.936517
2026-09-02,2026-06-01,2026-09-02,district,TELANGANA,TELANGANA,JAGTIAL,0.2,7.0,-98.0,LD,692.5,657.3,5.0,N,2026-09-02 10:48:24.936517
2026-09-02,2026-06-01,2026-09-02,district,TELANGANA,TELANGANA,JANGAON,0.2,5.2,-97.0,LD,291.0,535.3,-46.0,D,2026-09-02 10:48:24.936517
2026-09-02,2026-06-01,2026-09-02,district,TELANGANA,TELANGANA,JOGULAMBA GADWAL,0.0,3.8,-100.0,NR,184.7,330.1,-44.0,D,2026-09-02 10:48:24.936517
2026-09-02,2026-06-01,2026-09-02,district,TELANGANA,TELANGANA,KAMAREDDY,0.7,9.5,-92.0,LD,737.1,630.5,17.0,N,2026-09-02 10:48:24.936517
2026-09-02,2026-06-01,2026-09-02,district,TELANGANA,TELANGANA,KARIMNAGAR,0.1,8.3,-98.0,LD,486.5,557.9,-13.0,N,2026-09-02 10:48:24.936517
2026-09-02,2026-06-01,2026-09-02,district,TELANGANA,TELANGANA,KHAMMAM,2.0,4.1,-51.0,D,455.9,624.7,-27.0,D,2026-09-02 10:48:24.936517
2026-09-02,2026-06-01,2026-09-02,district,TELANGANA,TELANGANA,KUMARAM BHEEM,0.0,8.2,-99.0,LD,909.8,822.7,11.0,N,2026-09-02 10:48:24.936517
2026-09-02,2026-06-01,2026-09-02,district,TELANGANA,TELANGANA,M. MALKAJGIRI,4.5,5.2,-14.0,N,226.2,403.6,-44.0,D,2026-09-02 10:48:24.936517
2026-09-02,2026-06-01,2026-09-02,district,TELANGANA,TELANGANA,MAHABUBABAD,1.8,7.7,-77.0,LD,534.7,705.2,-24.0,D,2026-09-02 10:48:24.936517
2026-09-02,2026-06-01,2026-09-02,district,TELANGANA,TELANGANA,MAHABUBNAGAR,0.1,4.4,-99.0,LD,340.4,387.2,-12.0,N,2026-09-02 10:48:24.936517
2026-09-02,2026-06-01,2026-09-02,district,TELANGANA,TELANGANA,MANCHERIAL,0.6,6.4,-90.0,LD,798.0,786.1,2.0,N,2026-09-02 10:48:24.936517
2026-09-02,2026-06-01,2026-09-02,district,TELANGANA,TELANGANA,MEDAK,0.0,5.6,-100.0,NR,576.7,630.6,-9.0,N,2026-09-02 10:48:24.936517
2026-09-02,2026-06-01,2026-09-02,district,TELANGANA,TELANGANA,MULUGU,0.0,7.5,-99.0,LD,794.5,816.6,-3.0,N,2026-09-02 10:48:24.936517
2026-09-02,2026-06-01,2026-09-02,district,TELANGANA,TELANGANA,NAGARKURNOOL,0.0,5.2,-100.0,NR,246.6,356.0,-31.0,D,2026-09-02 10:48:24.936517
2026-09-02,2026-06-01,2026-09-02,district,TELANGANA,TELANGANA,NALGONDA,1.0,2.7,-63.0,LD,171.2,377.6,-55.0,D,2026-09-02 10:48:24.936517
2026-09-02,2026-06-01,2026-09-02,district,TELANGANA,TELANGANA,NARAYANPET,0.0,3.6,-99.0,LD,333.8,347.0,-4.0,N,2026-09-02 10:48:24.936517
2026-09-02,2026-06-01,2026-09-02,district,TELANGANA,TELANGANA,NIRMAL,0.2,6.0,-97.0,LD,386.7,735.5,-47.0,D,2026-09-02 10:48:24.936517
2026-09-02,2026-06-01,2026-09-02,district,TELANGANA,TELANGANA,NIZAMABAD,0.7,6.9,-89.0,LD,607.9,682.9,-11.0,N,2026-09-02 10:48:24.936517
2026-09-02,2026-06-01,2026-09-02,district,TELANGANA,TELANGANA,PEDDAPALLE,0.1,6.7,-99.0,LD,603.3,714.0,-16.0,N,2026-09-02 10:48:24.936517
2026-09-02,2026-06-01,2026-09-02,district,TELANGANA,TELANGANA,RAJANNA SIRCILLA,0.2,6.3,-96.0,LD,545.8,557.0,-2.0,N,2026-09-02 10:48:24.936517
2026-09-02,2026-06-01,2026-09-02,district,TELANGANA,TELANGANA,RANGAREDDY,2.6,5.0,-48.0,D,324.0,409.5,-21.0,D,2026-09-02 10:48:24.936517
2026-09-02,2026-06-01,2026-09-02,district,TELANGANA,TELANGANA,SANGAREDDY,1.1,7.4,-85.0,LD,377.1,553.3,-32.0,D,2026-09-02 10:48:24.936517
2026-09-02,2026-06-01,2026-09-02,district,TELANGANA,TELANGANA,SIDDIPET,0.1,7.1,-98.0,LD,432.0,489.0,-12.0,N,2026-09-02 10:48:24.936517
2026-09-02,2026-06-01,2026-09-02,district,TELANGANA,TELANGANA,SURYAPET,2.2,3.7,-39.0,D,316.4,474.8,-33.0,D,2026-09-02 10:48:24.936517
2026-09-02,2026-06-01,2026-09-02,district,TELANGANA,TELANGANA,VIKARABAD,0.3,6.2,-96.0,LD,409.3,509.8,-20.0,D,2026-09-02 10:48:24.936517
2026-09-02,2026-06-01,2026-09-02,district,TELANGANA,TELANGANA,WANAPARTHY,0.0,5.2,-100.0,NR,263.2,407.6,-35.0,D,2026-09-02 10:48:24.936517
2026-09-02,2026-06-01,2026-09-02,district,TELANGANA,TELANGANA,WARANGAL,1.0,10.5,-91.0,LD,398.9,749.9,-47.0,D,2026-09-02 10:48:24.936517
2026-09-02,2026-06-01,2026-09-02,district,TELANGANA,TELANGANA,Y. BHUVANAGIRI,4.1,4.5,-10.0,N,215.1,402.3,-47.0,D,2026-09-02 10:48:24.936517
2026-09-02,2026-06-01,2026-09-02,district,UTTARAKHAND,UTTARAKHAND,ALMORA,32.4,5.8,459.0,LE,777.0,674.5,15.0,N,2026-09-02 10:48:24.936517
2026-09-02,2026-06-01,2026-09-02,district,UTTARAKHAND,UTTARAKHAND,BAGESHWAR,17.4,5.8,200.0,LE,1786.0,674.5,165.0,LE,2026-09-02 10:48:24.936517
2026-09-02,2026-06-01,2026-09-02,district,UTTARAKHAND,UTTARAKHAND,CHAMOLI,11.3,5.6,103.0,LE,1001.8,627.6,60.0,LE,2026-09-02 10:48:24.936517
2026-09-02,2026-06-01,2026-09-02,district,UTTARAKHAND,UTTARAKHAND,CHAMPAWAT,41.8,11.3,270.0,LE,769.1,1103.8,-30.0,D,2026-09-02 10:48:24.936517
2026-09-02,2026-06-01,2026-09-02,district,UTTARAKHAND,UTTARAKHAND,DEHRADUN,13.7,12.7,8.0,N,1253.5,1249.9,0.0,N,2026-09-02 10:48:24.936517
2026-09-02,2026-06-01,2026-09-02,district,UTTARAKHAND,UTTARAKHAND,GARHWAL PAURI,8.7,9.6,-9.0,N,588.9,1090.6,-46.0,D,2026-09-02 10:48:24.936517
2026-09-02,2026-06-01,2026-09-02,district,UTTARAKHAND,UTTARAKHAND,GARHWAL TEHRI,17.7,9.8,80.0,LE,1063.5,810.4,31.0,E,2026-09-02 10:48:24.936517
2026-09-02,2026-06-01,2026-09-02,district,UTTARAKHAND,UTTARAKHAND,HARDWAR,8.6,12.1,-29.0,D,1001.5,845.5,18.0,N,2026-09-02 10:48:24.936517
2026-09-02,2026-06-01,2026-09-02,district,UTTARAKHAND,UTTARAKHAND,NAINITAL,108.4,16.2,569.0,LE,993.3,1308.7,-24.0,D,2026-09-02 10:48:24.936517
2026-09-02,2026-06-01,2026-09-02,district,UTTARAKHAND,UTTARAKHAND,PITHORAGARH,24.9,12.4,101.0,LE,1301.0,1291.3,1.0,N,2026-09-02 10:48:24.936517
2026-09-02,2026-06-01,2026-09-02,district,UTTARAKHAND,UTTARAKHAND,RUDRAPRAYAG,28.4,9.4,202.0,LE,1240.0,1365.4,-9.0,N,2026-09-02 10:48:24.936517
2026-09-02,2026-06-01,2026-09-02,district,UTTARAKHAND,UTTARAKHAND,UDHAM SINGH NAGAR,33.0,11.1,197.0,LE,939.9,956.3,-2.0,N,2026-09-02 10:48:24.936517
2026-09-02,2026-06-01,2026-09-02,district,UTTARAKHAND,UTTARAKHAND,UTTARKASHI,27.1,11.3,140.0,LE,886.3,1000.8,-11.0,N,2026-09-02 10:48:24.936517
2026-09-02,2026-06-01,2026-09-02,district,VIDARBHA,MAHARASHTRA,AKOLA,0.1,8.0,-98.0,LD,358.3,591.3,-39.0,D,2026-09-02 10:48:24.936517
2026-09-02,2026-06-01,2026-09-02,district,VIDARBHA,MAHARASHTRA,AMRAOTI,0.8,8.3,-90.0,LD,404.4,694.3,-42.0,D,2026-09-02 10:48:24.936517
2026-09-02,2026-06-01,2026-09-02,district,VIDARBHA,MAHARASHTRA,BHANDARA,0.3,8.9,-97.0,LD,766.4,929.7,-18.0,N,2026-09-02 10:48:24.936517
2026-09-02,2026-06-01,2026-09-02,district,VIDARBHA,MAHARASHTRA,BULDHANA,1.8,8.2,-78.0,LD,457.1,540.7,-15.0,N,2026-09-02 10:48:24.936517
2026-09-02,2026-06-01,2026-09-02,district,VIDARBHA,MAHARASHTRA,CHANDRAPUR,0.1,8.4,-99.0,LD,598.5,922.2,-35.0,D,2026-09-02 10:48:24.936517
2026-09-02,2026-06-01,2026-09-02,district,VIDARBHA,MAHARASHTRA,GADCHIROLI,0.0,9.6,-99.0,LD,862.1,1108.7,-22.0,D,2026-09-02 10:48:24.936517
2026-09-02,2026-06-01,2026-09-02,district,VIDARBHA,MAHARASHTRA,GONDIA,0.1,9.6,-98.0,LD,1004.4,1049.8,-4.0,N,2026-09-02 10:48:24.936517
2026-09-02,2026-06-01,2026-09-02,district,VIDARBHA,MAHARASHTRA,NAGPUR,0.0,7.8,-99.0,LD,498.7,793.6,-37.0,D,2026-09-02 10:48:24.936517
2026-09-02,2026-06-01,2026-09-02,district,VIDARBHA,MAHARASHTRA,WARDHA,0.8,9.3,-91.0,LD,490.6,708.2,-31.0,D,2026-09-02 10:48:24.936517
2026-09-02,2026-06-01,2026-09-02,district,VIDARBHA,MAHARASHTRA,WASHIM,0.3,12.8,-97.0,LD,436.5,652.9,-33.0,D,2026-09-02 10:48:24.936517
2026-09-02,2026-06-01,2026-09-02,district,VIDARBHA,MAHARASHTRA,YEOTMAL,0.1,10.3,-99.0,LD,539.1,694.8,-22.0,D,2026-09-02 10:48:24.936517
2026-09-02,2026-06-01,2026-09-02,district,WEST MADHYA PRADESH,MADHYA PRADESH,AGAR-MALWA,0.0,4.7,-100.0,NR,721.0,765.7,-6.0,N,2026-09-02 10:48:24.936517
2026-09-02,2026-06-01,2026-09-02,district,WEST MADHYA PRADESH,MADHYA PRADESH,ALIRAJPUR,0.0,3.2,-100.0,NR,374.8,718.9,-48.0,D,2026-09-02 10:48:24.936517
2026-09-02,2026-06-01,2026-09-02,district,WEST MADHYA PRADESH,MADHYA PRADESH,ASHOKNAGAR,1.3,11.7,-89.0,LD,587.5,723.1,-19.0,N,2026-09-02 10:48:24.936517
2026-09-02,2026-06-01,2026-09-02,district,WEST MADHYA PRADESH,MADHYA PRADESH,BARWANI,0.0,5.9,-100.0,NR,473.3,544.5,-13.0,N,2026-09-02 10:48:24.936517
2026-09-02,2026-06-01,2026-09-02,district,WEST MADHYA PRADESH,MADHYA PRADESH,BETUL,1.2,9.8,-88.0,LD,596.9,870.4,-31.0,D,2026-09-02 10:48:24.936517
2026-09-02,2026-06-01,2026-09-02,district,WEST MADHYA PRADESH,MADHYA PRADESH,BHIND,8.3,5.4,53.0,E,642.1,503.6,28.0,E,2026-09-02 10:48:24.936517
2026-09-02,2026-06-01,2026-09-02,district,WEST MADHYA PRADESH,MADHYA PRADESH,BHOPAL,0.0,7.1,-100.0,NR,889.4,823.8,8.0,N,2026-09-02 10:48:24.936517
2026-09-02,2026-06-01,2026-09-02,district,WEST MADHYA PRADESH,MADHYA PRADESH,BURHANPUR,0.8,10.5,-93.0,LD,698.1,612.8,14.0,N,2026-09-02 10:48:24.936517
2026-09-02,2026-06-01,2026-09-02,district,WEST MADHYA PRADESH,MADHYA PRADESH,DATIA,0.8,8.7,-91.0,LD,605.4,620.8,-2.0,N,2026-09-02 10:48:24.936517
2026-09-02,2026-06-01,2026-09-02,district,WEST MADHYA PRADESH,MADHYA PRADESH,DEWAS,2.4,6.5,-62.0,LD,684.3,767.0,-11.0,N,2026-09-02 10:48:24.936517
2026-09-02,2026-06-01,2026-09-02,district,WEST MADHYA PRADESH,MADHYA PRADESH,DHAR,0.0,6.1,-100.0,NR,401.5,666.1,-40.0,D,2026-09-02 10:48:24.936517
2026-09-02,2026-06-01,2026-09-02,district,WEST MADHYA PRADESH,MADHYA PRADESH,GUNA,0.0,7.7,-100.0,NR,815.0,811.2,0.0,N,2026-09-02 10:48:24.936517
2026-09-02,2026-06-01,2026-09-02,district,WEST MADHYA PRADESH,MADHYA PRADESH,GWALIOR,0.1,6.8,-99.0,LD,601.6,592.4,2.0,N,2026-09-02 10:48:24.936517
2026-09-02,2026-06-01,2026-09-02,district,WEST MADHYA PRADESH,MADHYA PRADESH,HARDA,0.0,11.7,-100.0,NR,615.4,932.0,-34.0,D,2026-09-02 10:48:24.936517
2026-09-02,2026-06-01,2026-09-02,district,WEST MADHYA PRADESH,MADHYA PRADESH,INDORE,0.0,5.1,-100.0,NR,526.3,721.7,-27.0,D,2026-09-02 10:48:24.936517
2026-09-02,2026-06-01,2026-09-02,district,WEST MADHYA PRADESH,MADHYA PRADESH,JHABUA,0.0,5.4,-100.0,NR,482.2,742.7,-35.0,D,2026-09-02 10:48:24.936517
2026-09-02,2026-06-01,2026-09-02,district,WEST MADHYA PRADESH,MADHYA PRADESH,KHANDWA,1.0,7.9,-87.0,LD,604.8,648.9,-7.0,N,2026-09-02 10:48:24.936517
2026-09-02,2026-06-01,2026-09-02,district,WEST MADHYA PRADESH,MADHYA PRADESH,KHARGONE,0.0,7.5,-100.0,NR,638.3,596.6,7.0,N,2026-09-02 10:48:24.936517
2026-09-02,2026-06-01,2026-09-02,district,WEST MADHYA PRADESH,MADHYA PRADESH,MANDSAUR,0.0,6.9,-100.0,NR,588.1,712.4,-17.0,N,2026-09-02 10:48:24.936517
2026-09-02,2026-06-01,2026-09-02,district,WEST MADHYA PRADESH,MADHYA PRADESH,MORENA,0.0,5.4,-100.0,NR,379.1,547.2,-31.0,D,2026-09-02 10:48:24.936517
2026-09-02,2026-06-01,2026-09-02,district,WEST MADHYA PRADESH,MADHYA PRADESH,NARMADAPURAM,0.2,13.6,-98.0,LD,681.4,1078.4,-37.0,D,2026-09-02 10:48:24.936517
2026-09-02,2026-06-01,2026-09-02,district,WEST MADHYA PRADESH,MADHYA PRADESH,NEEMUCH,0.0,6.5,-100.0,NR,573.2,678.4,-16.0,N,2026-09-02 10:48:24.936517
2026-09-02,2026-06-01,2026-09-02,district,WEST MADHYA PRADESH,MADHYA PRADESH,RAISEN,0.2,8.1,-98.0,LD,719.2,924.3,-22.0,D,2026-09-02 10:48:24.936517
2026-09-02,2026-06-01,2026-09-02,district,WEST MADHYA PRADESH,MADHYA PRADESH,RAJGARH,0.0,6.7,-100.0,NR,846.3,781.4,8.0,N,2026-09-02 10:48:24.936517
2026-09-02,2026-06-01,2026-09-02,district,WEST MADHYA PRADESH,MADHYA PRADESH,RATLAM,0.0,7.0,-100.0,NR,496.5,791.0,-37.0,D,2026-09-02 10:48:24.936517
2026-09-02,2026-06-01,2026-09-02,district,WEST MADHYA PRADESH,MADHYA PRADESH,SEHORE,0.0,9.1,-100.0,NR,771.7,918.4,-16.0,N,2026-09-02 10:48:24.936517
2026-09-02,2026-06-01,2026-09-02,district,WEST MADHYA PRADESH,MADHYA PRADESH,SHAJAPUR,0.0,8.3,-100.0,NR,570.4,780.1,-27.0,D,2026-09-02 10:48:24.936517
2026-09-02,2026-06-01,2026-09-02,district,WEST MADHYA PRADESH,MADHYA PRADESH,SHEOPUR,0.0,4.3,-100.0,NR,544.6,586.9,-7.0,N,2026-09-02 10:48:24.936517
2026-09-02,2026-06-01,2026-09-02,district,WEST MADHYA PRADESH,MADHYA PRADESH,SHIVPURI,1.9,9.0,-79.0,LD,698.2,671.7,4.0,N,2026-09-02 10:48:24.936517
2026-09-02,2026-06-01,2026-09-02,district,WEST MADHYA PRADESH,MADHYA PRADESH,UJJAIN,0.6,6.6,-92.0,LD,541.7,760.1,-29.0,D,2026-09-02 10:48:24.936517
2026-09-02,2026-06-01,2026-09-02,district,WEST MADHYA PRADESH,MADHYA PRADESH,VIDISHA,0.0,9.5,-100.0,NR,659.6,890.6,-26.0,D,2026-09-02 10:48:24.936517
2026-09-02,2026-06-01,2026-09-02,district,WEST RAJASTHAN,RAJASTHAN,BARMER,0.0,2.4,-100.0,NR,188.0,236.9,-21.0,D,2026-09-02 10:48:24.936517
2026-09-02,2026-06-01,2026-09-02,district,WEST RAJASTHAN,RAJASTHAN,BIKANER,0.0,2.3,-100.0,NR,203.5,217.6,-6.0,N,2026-09-02 10:48:24.936517
2026-09-02,2026-06-01,2026-09-02,district,WEST RAJASTHAN,RAJASTHAN,CHURU,0.0,2.4,-100.0,NR,264.7,291.1,-9.0,N,2026-09-02 10:48:24.936517
2026-09-02,2026-06-01,2026-09-02,district,WEST RAJASTHAN,RAJASTHAN,HANUMANGARH,0.0,1.5,-100.0,NR,142.8,217.3,-34.0,D,2026-09-02 10:48:24.936517
2026-09-02,2026-06-01,2026-09-02,district,WEST RAJASTHAN,RAJASTHAN,JAISALMER,0.0,2.9,-100.0,NR,83.3,153.6,-46.0,D,2026-09-02 10:48:24.936517
2026-09-02,2026-06-01,2026-09-02,district,WEST RAJASTHAN,RAJASTHAN,JALORE,0.0,4.0,-100.0,NR,143.1,362.6,-61.0,LD,2026-09-02 10:48:24.936517
2026-09-02,2026-06-01,2026-09-02,district,WEST RAJASTHAN,RAJASTHAN,JODHPUR,0.0,2.0,-100.0,NR,189.2,252.6,-25.0,D,2026-09-02 10:48:24.936517
2026-09-02,2026-06-01,2026-09-02,district,WEST RAJASTHAN,RAJASTHAN,NAGAUR,0.0,2.8,-100.0,NR,283.0,329.3,-14.0,N,2026-09-02 10:48:24.936517
2026-09-02,2026-06-01,2026-09-02,district,WEST RAJASTHAN,RAJASTHAN,PALI,0.0,5.8,-100.0,NR,208.0,432.7,-52.0,D,2026-09-02 10:48:24.936517
2026-09-02,2026-06-01,2026-09-02,district,WEST RAJASTHAN,RAJASTHAN,SRI GANGANAGAR,0.0,2.5,-100.0,NR,168.7,174.6,-3.0,N,2026-09-02 10:48:24.936517
2026-09-02,2026-06-01,2026-09-02,district,WEST UTTAR PRADESH,UTTAR PRADESH,AGRA,0.7,5.0,-86.0,LD,416.8,443.4,-6.0,N,2026-09-02 10:48:24.936517
2026-09-02,2026-06-01,2026-09-02,district,WEST UTTAR PRADESH,UTTAR PRADESH,ALIGARH,0.5,5.4,-91.0,LD,280.5,496.5,-43.0,D,2026-09-02 10:48:24.936517
2026-09-02,2026-06-01,2026-09-02,district,WEST UTTAR PRADESH,UTTAR PRADESH,AMROHA,10.0,7.1,41.0,E,424.9,695.2,-39.0,D,2026-09-02 10:48:24.936517
2026-09-02,2026-06-01,2026-09-02,district,WEST UTTAR PRADESH,UTTAR PRADESH,AURAIYA,21.2,4.9,333.0,LE,484.7,421.9,15.0,N,2026-09-02 10:48:24.936517
2026-09-02,2026-06-01,2026-09-02,district,WEST UTTAR PRADESH,UTTAR PRADESH,BADAUN,3.3,7.9,-59.0,D,571.5,559.9,2.0,N,2026-09-02 10:48:24.936517
2026-09-02,2026-06-01,2026-09-02,district,WEST UTTAR PRADESH,UTTAR PRADESH,BAGHPAT,0.0,2.8,-100.0,NR,443.3,418.3,6.0,N,2026-09-02 10:48:24.936517
2026-09-02,2026-06-01,2026-09-02,district,WEST UTTAR PRADESH,UTTAR PRADESH,BAREILLY,20.9,11.0,90.0,LE,627.4,658.7,-5.0,N,2026-09-02 10:48:24.936517
2026-09-02,2026-06-01,2026-09-02,district,WEST UTTAR PRADESH,UTTAR PRADESH,BIJNOR,0.0,8.0,-100.0,NR,918.9,757.6,21.0,E,2026-09-02 10:48:24.936517
2026-09-02,2026-06-01,2026-09-02,district,WEST UTTAR PRADESH,UTTAR PRADESH,BULANDSHAHAR,6.1,6.5,-6.0,N,412.2,447.1,-8.0,N,2026-09-02 10:48:24.936517
2026-09-02,2026-06-01,2026-09-02,district,WEST UTTAR PRADESH,UTTAR PRADESH,ETAH,1.7,4.4,-62.0,LD,567.8,418.2,36.0,E,2026-09-02 10:48:24.936517
2026-09-02,2026-06-01,2026-09-02,district,WEST UTTAR PRADESH,UTTAR PRADESH,ETAWAH,19.1,7.5,154.0,LE,555.6,464.1,20.0,E,2026-09-02 10:48:24.936517
2026-09-02,2026-06-01,2026-09-02,district,WEST UTTAR PRADESH,UTTAR PRADESH,FIROZABAD,18.1,3.8,377.0,LE,596.7,475.5,25.0,E,2026-09-02 10:48:24.936517
2026-09-02,2026-06-01,2026-09-02,district,WEST UTTAR PRADESH,UTTAR PRADESH,GAUTAM BUDDHA NAGAR,37.6,1.9,1879.0,LE,579.8,379.3,53.0,E,2026-09-02 10:48:24.936517
2026-09-02,2026-06-01,2026-09-02,district,WEST UTTAR PRADESH,UTTAR PRADESH,GHAZIABAD,0.0,1.9,-100.0,NR,154.8,382.1,-60.0,LD,2026-09-02 10:48:24.936517
2026-09-02,2026-06-01,2026-09-02,district,WEST UTTAR PRADESH,UTTAR PRADESH,HAMIRPUR,14.2,12.5,14.0,N,921.3,584.7,58.0,E,2026-09-02 10:48:24.936517
2026-09-02,2026-06-01,2026-09-02,district,WEST UTTAR PRADESH,UTTAR PRADESH,HAPUR,7.5,8.7,-14.0,N,284.0,565.0,-50.0,D,2026-09-02 10:48:24.936517
2026-09-02,2026-06-01,2026-09-02,district,WEST UTTAR PRADESH,UTTAR PRADESH,HATHRAS,0.0,3.1,-100.0,NR,407.5,467.2,-13.0,N,2026-09-02 10:48:24.936517
2026-09-02,2026-06-01,2026-09-02,district,WEST UTTAR PRADESH,UTTAR PRADESH,JALAUN,13.4,4.4,205.0,LE,605.8,520.8,16.0,N,2026-09-02 10:48:24.936517
2026-09-02,2026-06-01,2026-09-02,district,WEST UTTAR PRADESH,UTTAR PRADESH,JHANSI,0.1,7.4,-99.0,LD,487.1,592.8,-18.0,N,2026-09-02 10:48:24.936517
2026-09-02,2026-06-01,2026-09-02,district,WEST UTTAR PRADESH,UTTAR PRADESH,KASGANJ,0.3,9.1,-96.0,LD,497.0,556.0,-11.0,N,2026-09-02 10:48:24.936517
2026-09-02,2026-06-01,2026-09-02,district,WEST UTTAR PRADESH,UTTAR PRADESH,LALITPUR,0.0,9.9,-100.0,NR,733.1,681.7,8.0,N,2026-09-02 10:48:24.936517
2026-09-02,2026-06-01,2026-09-02,district,WEST UTTAR PRADESH,UTTAR PRADESH,MAHOBA,17.1,8.9,92.0,LE,842.1,504.0,67.0,LE,2026-09-02 10:48:24.936517
2026-09-02,2026-06-01,2026-09-02,district,WEST UTTAR PRADESH,UTTAR PRADESH,MAINPURI,7.3,6.2,18.0,N,295.0,533.9,-45.0,D,2026-09-02 10:48:24.936517
2026-09-02,2026-06-01,2026-09-02,district,WEST UTTAR PRADESH,UTTAR PRADESH,MATHURA,0.0,3.1,-100.0,NR,232.0,420.1,-45.0,D,2026-09-02 10:48:24.936517
2026-09-02,2026-06-01,2026-09-02,district,WEST UTTAR PRADESH,UTTAR PRADESH,MEERUT,0.6,9.3,-94.0,LD,881.8,541.8,63.0,LE,2026-09-02 10:48:24.936517
2026-09-02,2026-06-01,2026-09-02,district,WEST UTTAR PRADESH,UTTAR PRADESH,MORADABAD,5.1,9.5,-46.0,D,748.5,731.4,2.0,N,2026-09-02 10:48:24.936517
2026-09-02,2026-06-01,2026-09-02,district,WEST UTTAR PRADESH,UTTAR PRADESH,MUZAFFARNAGAR,0.0,7.2,-100.0,NR,930.0,544.0,71.0,LE,2026-09-02 10:48:24.936517
2026-09-02,2026-06-01,2026-09-02,district,WEST UTTAR PRADESH,UTTAR PRADESH,PILIBHIT,15.9,12.1,31.0,E,311.6,688.6,-55.0,D,2026-09-02 10:48:24.936517
2026-09-02,2026-06-01,2026-09-02,district,WEST UTTAR PRADESH,UTTAR PRADESH,RAMPUR,2.4,4.2,-44.0,D,530.6,602.5,-12.0,N,2026-09-02 10:48:24.936517
2026-09-02,2026-06-01,2026-09-02,district,WEST UTTAR PRADESH,UTTAR PRADESH,SAHARANPUR,16.0,6.1,162.0,LE,499.5,638.7,-22.0,D,2026-09-02 10:48:24.936517
2026-09-02,2026-06-01,2026-09-02,district,WEST UTTAR PRADESH,UTTAR PRADESH,SAMBHAL,2.2,8.8,-75.0,LD,1029.0,549.5,87.0,LE,2026-09-02 10:48:24.936517
2026-09-02,2026-06-01,2026-09-02,district,WEST UTTAR PRADESH,UTTAR PRADESH,SHAHJAHANPUR,7.4,5.5,34.0,E,599.4,622.3,-4.0,N,2026-09-02 10:48:24.936517
2026-09-02,2026-06-01,2026-09-02,district,WEST UTTAR PRADESH,UTTAR PRADESH,SHAMLI,2.0,2.8,-29.0,D,162.3,453.3,-64.0,LD,2026-09-02 10:48:24.936517
2026-09-02,2026-06-01,2026-09-02,state,ASSAM & MEGHALAYA,ASSAM,,16.0,8.2,95.0,LE,938.5,1216.2,-23.0,D,2026-09-02 10:48:24.936517
2026-09-02,2026-06-01,2026-09-02,state,ASSAM & MEGHALAYA,MEGHALAYA,,7.8,18.6,-58.0,D,942.0,2243.5,-58.0,D,2026-09-02 10:48:24.936517
2026-09-02,2026-06-01,2026-09-02,state,BIHAR,UTTAR PRADESH,,20.7,7.3,183.0,LE,593.8,607.5,-2.0,N,2026-09-02 10:48:24.936517
2026-09-02,2026-06-01,2026-09-02,state,CHHATTISGARH,ANDHRA PRADESH,,0.4,5.0,-92.0,LD,215.4,378.6,-43.0,D,2026-09-02 10:48:24.936517
2026-09-02,2026-06-01,2026-09-02,state,COASTAL A. P. & YANAM,ANDHRA PRADESH,,0.4,5.0,-92.0,LD,215.4,378.6,-43.0,D,2026-09-02 10:48:24.936517
2026-09-02,2026-06-01,2026-09-02,state,COASTAL A. P. & YANAM,PUDUCHERRY (UT),,1.0,3.6,-73.0,LD,188.3,295.2,-36.0,D,2026-09-02 10:48:24.936517
2026-09-02,2026-06-01,2026-09-02,state,EAST MADHYA PRADESH,GUJARAT,,0.2,4.2,-95.0,LD,516.6,605.1,-15.0,N,2026-09-02 10:48:24.936517
2026-09-02,2026-06-01,2026-09-02,state,GUJARAT REGION,DADRA & NAGAR HAVELI AND DAMAN & DIU (UT),,4.6,16.9,-73.0,LD,2749.6,1912.1,44.0,E,2026-09-02 10:48:24.936517
2026-09-02,2026-06-01,2026-09-02,state,GUJARAT REGION,GUJARAT,,0.2,4.2,-95.0,LD,516.6,605.1,-15.0,N,2026-09-02 10:48:24.936517
2026-09-02,2026-06-01,2026-09-02,state,HAR. CHD & DELHI,CHANDIGARH (UT),,0.0,2.0,-100.0,NR,596.3,719.5,-17.0,N,2026-09-02 10:48:24.936517
2026-09-02,2026-06-01,2026-09-02,state,HAR. CHD & DELHI,DELHI,,6.6,5.5,20.0,E,507.6,452.1,12.0,N,2026-09-02 10:48:24.936517
2026-09-02,2026-06-01,2026-09-02,state,HAR. CHD & DELHI,HARYANA,,1.4,3.7,-63.0,LD,284.9,357.3,-20.0,D,2026-09-02 10:48:24.936517
2026-09-02,2026-06-01,2026-09-02,state,J & K AND LADAKH,JAMMU & KASHMIR(UT),,12.6,4.6,174.0,LE,480.5,461.1,4.0,N,2026-09-02 10:48:24.936517
2026-09-02,2026-06-01,2026-09-02,state,J & K AND LADAKH,LADAKH (UT),,0.1,0.1,2.0,N,49.3,16.8,194.0,LE,2026-09-02 10:48:24.936517
2026-09-02,2026-06-01,2026-09-02,state,J & K AND LADAKH,RAJASTHAN,,0.0,4.0,-99.0,LD,282.6,380.0,-26.0,D,2026-09-02 10:48:24.936517
2026-09-02,2026-06-01,2026-09-02,state,KERALA & MAHE,KERALA,,0.7,8.9,-92.0,LD,1374.2,1767.9,-22.0,D,2026-09-02 10:48:24.936517
2026-09-02,2026-06-01,2026-09-02,state,KERALA & MAHE,PUDUCHERRY (UT),,1.0,3.6,-73.0,LD,188.3,295.2,-36.0,D,2026-09-02 10:48:24.936517
2026-09-02,2026-06-01,2026-09-02,state,KONKAN & GOA,GOA,,16.9,15.3,10.0,N,1826.3,2721.9,-33.0,D,2026-09-02 10:48:24.936517
2026-09-02,2026-06-01,2026-09-02,state,KONKAN & GOA,MAHARASHTRA,,1.6,8.7,-81.0,LD,720.1,830.9,-13.0,N,2026-09-02 10:48:24.936517
2026-09-02,2026-06-01,2026-09-02,state,NMMT,MANIPUR,,11.8,6.7,76.0,LE,505.9,853.5,-41.0,D,2026-09-02 10:48:24.936517
2026-09-02,2026-06-01,2026-09-02,state,NMMT,MIZORAM,,13.0,10.7,22.0,E,1060.4,1284.7,-17.0,N,2026-09-02 10:48:24.936517
2026-09-02,2026-06-01,2026-09-02,state,NMMT,NAGALAND,,19.9,6.4,211.0,LE,918.0,845.5,9.0,N,2026-09-02 10:48:24.936517
2026-09-02,2026-06-01,2026-09-02,state,NMMT,TRIPURA,,5.4,8.0,-33.0,D,1014.5,1154.1,-12.0,N,2026-09-02 10:48:24.936517
2026-09-02,2026-06-01,2026-09-02,state,SAURASHTRA & KUTCH,DADRA & NAGAR HAVELI AND DAMAN & DIU (UT),,4.6,16.9,-73.0,LD,2749.6,1912.1,44.0,E,2026-09-02 10:48:24.936517
2026-09-02,2026-06-01,2026-09-02,state,SAURASHTRA & KUTCH,GUJARAT,,0.2,4.2,-95.0,LD,516.6,605.1,-15.0,N,2026-09-02 10:48:24.936517
2026-09-02,2026-06-01,2026-09-02,state,SHWB & SIKKIM,SIKKIM,,27.7,12.1,129.0,LE,1327.5,1357.9,-2.0,N,2026-09-02 10:48:24.936517
2026-09-02,2026-06-01,2026-09-02,state,SHWB & SIKKIM,WEST BENGAL,,21.6,10.0,116.0,LE,1109.9,1066.8,4.0,N,2026-09-02 10:48:24.936517
2026-09-02,2026-06-01,2026-09-02,state,TAMIL. PUDU.& KARAIKAL,KARNATAKA,,1.9,5.3,-64.0,LD,517.8,680.9,-24.0,D,2026-09-02 10:48:24.936517
2026-09-02,2026-06-01,2026-09-02,state,TAMIL. PUDU.& KARAIKAL,PUDUCHERRY (UT),,1.0,3.6,-73.0,LD,188.3,295.2,-36.0,D,2026-09-02 10:48:24.936517
2026-09-02,2026-06-01,2026-09-02,state,TAMIL. PUDU.& KARAIKAL,TAMILNADU,,0.6,3.5,-83.0,LD,165.6,216.7,-24.0,D,2026-09-02 10:48:24.936517
2026-09-02,2026-06-01,2026-09-02,state,WEST RAJASTHAN,MADHYA PRADESH,,7.1,8.2,-13.0,N,719.5,799.9,-10.0,N,2026-09-02 10:48:24.936517
2026-09-02,2026-06-01,2026-09-02,subdivision,A & N ISLAND,,,2.7,13.0,-80.0,LD,1264.6,1229.5,3.0,N,2026-09-02 10:48:24.936517
2026-09-02,2026-06-01,2026-09-02,subdivision,ARUNACHAL PRADESH,,,5.5,10.2,-46.0,D,815.3,1347.2,-39.0,D,2026-09-02 10:48:24.936517
2026-09-02,2026-06-01,2026-09-02,subdivision,ASSAM & MEGHALAYA,,,14.0,10.6,32.0,E,939.3,1455.3,-35.0,D,2026-09-02 10:48:24.936517
2026-09-02,2026-06-01,2026-09-02,subdivision,BIHAR,,,15.7,7.0,124.0,LE,501.9,789.6,-36.0,D,2026-09-02 10:48:24.936517
2026-09-02,2026-06-01,2026-09-02,subdivision,CHHATTISGARH,,,6.7,10.2,-35.0,D,929.9,940.4,-1.0,N,2026-09-02 10:48:24.936517
2026-09-02,2026-06-01,2026-09-02,subdivision,COASTAL A. P. & YANAM,,,0.5,5.1,-90.0,LD,261.3,448.0,-42.0,D,2026-09-02 10:48:24.936517
2026-09-02,2026-06-01,2026-09-02,subdivision,COASTAL KARNATAKA,,,7.0,14.3,-51.0,D,2129.8,2804.8,-24.0,D,2026-09-02 10:48:24.936517
2026-09-02,2026-06-01,2026-09-02,subdivision,EAST MADHYA PRADESH,,,15.6,8.8,77.0,LE,848.5,871.7,-3.0,N,2026-09-02 10:48:24.936517
2026-09-02,2026-06-01,2026-09-02,subdivision,EAST RAJASTHAN,,,0.0,5.7,-99.0,LD,411.8,546.5,-25.0,D,2026-09-02 10:48:24.936517
2026-09-02,2026-06-01,2026-09-02,subdivision,EAST UTTAR PRADESH,,,30.2,7.5,302.0,LE,605.6,642.0,-6.0,N,2026-09-02 10:48:24.936517
2026-09-02,2026-06-01,2026-09-02,subdivision,GANGETIC WEST BENGAL,,,24.5,9.3,164.0,LE,1018.1,918.3,11.0,N,2026-09-02 10:48:24.936517
2026-09-02,2026-06-01,2026-09-02,subdivision,GUJARAT REGION,,,0.4,5.7,-93.0,LD,793.3,793.5,0.0,N,2026-09-02 10:48:24.936517
2026-09-02,2026-06-01,2026-09-02,subdivision,HAR. CHD & DELHI,,,1.5,3.7,-59.0,D,291.1,361.1,-19.0,N,2026-09-02 10:48:24.936517
2026-09-02,2026-06-01,2026-09-02,subdivision,HIMACHAL PRADESH,,,15.4,5.0,208.0,LE,577.9,623.9,-7.0,N,2026-09-02 10:48:24.936517
2026-09-02,2026-06-01,2026-09-02,subdivision,J & K AND LADAKH,,,12.6,4.6,174.0,LE,480.5,461.1,4.0,N,2026-09-02 10:48:24.936517
2026-09-02,2026-06-01,2026-09-02,subdivision,JHARKHAND,,,31.6,8.5,271.0,LE,797.3,815.6,-2.0,N,2026-09-02 10:48:24.936517
2026-09-02,2026-06-01,2026-09-02,subdivision,KERALA & MAHE,,,0.7,8.8,-92.0,LD,1374.3,1767.9,-22.0,D,2026-09-02 10:48:24.936517
2026-09-02,2026-06-01,2026-09-02,subdivision,KONKAN & GOA,,,8.2,20.6,-60.0,LD,2280.1,2536.5,-10.0,N,2026-09-02 10:48:24.936517
2026-09-02,2026-06-01,2026-09-02,subdivision,LAKSHADWEEP,,,2.3,6.8,-66.0,LD,638.0,870.2,-27.0,D,2026-09-02 10:48:24.936517
2026-09-02,2026-06-01,2026-09-02,subdivision,MADHYA MAHARASHTRA,,,1.7,5.3,-67.0,LD,634.2,599.2,6.0,N,2026-09-02 10:48:24.936517
2026-09-02,2026-06-01,2026-09-02,subdivision,MARATHWADA,,,0.7,8.1,-91.0,LD,337.0,496.8,-32.0,D,2026-09-02 10:48:24.936517
2026-09-02,2026-06-01,2026-09-02,subdivision,N. I. KARNATAKA,,,1.0,4.0,-76.0,LD,274.9,348.8,-21.0,D,2026-09-02 10:48:24.936517
2026-09-02,2026-06-01,2026-09-02,subdivision,NMMT,,,12.9,8.2,57.0,E,864.3,1051.5,-18.0,N,2026-09-02 10:48:24.936517
2026-09-02,2026-06-01,2026-09-02,subdivision,ODISHA,,,1.1,9.6,-89.0,LD,1169.3,931.9,25.0,E,2026-09-02 10:48:24.936517
2026-09-02,2026-06-01,2026-09-02,subdivision,PUNJAB,,,2.7,4.0,-33.0,D,233.8,369.5,-37.0,D,2026-09-02 10:48:24.936517
2026-09-02,2026-06-01,2026-09-02,subdivision,RAYALASEEMA,,,0.3,4.7,-95.0,LD,155.2,280.0,-45.0,D,2026-09-02 10:48:24.936517
2026-09-02,2026-06-01,2026-09-02,subdivision,S. I. KARNATAKA,,,1.7,4.6,-64.0,LD,404.1,539.0,-25.0,D,2026-09-02 10:48:24.936517
2026-09-02,2026-06-01,2026-09-02,subdivision,SAURASHTRA & KUTCH,,,0.0,3.2,-98.0,LD,297.9,454.9,-35.0,D,2026-09-02 10:48:24.936517
2026-09-02,2026-06-01,2026-09-02,subdivision,SHWB & SIKKIM,,,16.4,12.4,32.0,E,1373.5,1527.5,-10.0,N,2026-09-02 10:48:24.936517
2026-09-02,2026-06-01,2026-09-02,subdivision,TAMIL. PUDU.& KARAIKAL,,,0.6,3.5,-83.0,LD,165.6,216.8,-24.0,D,2026-09-02 10:48:24.936517
2026-09-02,2026-06-01,2026-09-02,subdivision,TELANGANA,,,0.8,6.0,-87.0,LD,466.6,587.2,-21.0,D,2026-09-02 10:48:24.936517
2026-09-02,2026-06-01,2026-09-02,subdivision,UTTARAKHAND,,,28.4,10.2,178.0,LE,1020.9,999.8,2.0,N,2026-09-02 10:48:24.936517
2026-09-02,2026-06-01,2026-09-02,subdivision,VIDARBHA,,,0.4,9.1,-96.0,LD,580.6,799.1,-27.0,D,2026-09-02 10:48:24.936517
2026-09-02,2026-06-01,2026-09-02,subdivision,WEST MADHYA PRADESH,,,0.6,7.8,-92.0,LD,620.4,744.8,-17.0,N,2026-09-02 10:48:24.936517
2026-09-02,2026-06-01,2026-09-02,subdivision,WEST RAJASTHAN,,,0.0,2.7,-100.0,NR,179.7,247.5,-27.0,D,2026-09-02 10:48:24.936517
2026-09-02,2026-06-01,2026-09-02,subdivision,WEST UTTAR PRADESH,,,7.0,7.0,0.0,N,576.8,559.2,3.0,N,2026-09-02 10:48:24.936517
