date,period_start,period_end,level,subdivision,state,district,day_actual_mm,day_normal_mm,day_departure_pct,day_category,period_actual_mm,period_normal_mm,period_departure_pct,period_category,scraped_at
2026-08-29,2026-06-01,2026-08-29,district,A & N ISLAND,ANDAMAN & NICOBAR ISLANDS,NICOBAR,6.0,8.3,-28.0,D,462.7,774.0,-40.0,D,2026-08-29 12:26:22.026395
2026-08-29,2026-06-01,2026-08-29,district,A & N ISLAND,ANDAMAN & NICOBAR ISLANDS,NORTH & MIDDLE ANDAMAN,6.3,13.5,-53.0,D,1931.5,1399.1,38.0,E,2026-08-29 12:26:22.026395
2026-08-29,2026-06-01,2026-08-29,district,A & N ISLAND,ANDAMAN & NICOBAR ISLANDS,SOUTH ANDAMAN,7.8,13.8,-44.0,D,997.2,1177.4,-15.0,N,2026-08-29 12:26:22.026395
2026-08-29,2026-06-01,2026-08-29,district,ARUNACHAL PRADESH,ARUNACHAL PRADESH,ANJAW,0.0,6.1,-100.0,NR,139.6,1299.1,-89.0,LD,2026-08-29 12:26:22.026395
2026-08-29,2026-06-01,2026-08-29,district,ARUNACHAL PRADESH,ARUNACHAL PRADESH,CHANGLANG,0.5,8.4,-94.0,LD,939.6,1065.6,-12.0,N,2026-08-29 12:26:22.026395
2026-08-29,2026-06-01,2026-08-29,district,ARUNACHAL PRADESH,ARUNACHAL PRADESH,EAST KAMENG,17.0,8.8,93.0,LE,1094.3,944.5,16.0,N,2026-08-29 12:26:22.026395
2026-08-29,2026-06-01,2026-08-29,district,ARUNACHAL PRADESH,ARUNACHAL PRADESH,EAST SIANG,0.0,24.0,-100.0,NR,1860.7,2522.3,-26.0,D,2026-08-29 12:26:22.026395
2026-08-29,2026-06-01,2026-08-29,district,ARUNACHAL PRADESH,ARUNACHAL PRADESH,KURUNG KUMEY,1.5,8.9,-83.0,LD,456.8,887.1,-49.0,D,2026-08-29 12:26:22.026395
2026-08-29,2026-06-01,2026-08-29,district,ARUNACHAL PRADESH,ARUNACHAL PRADESH,LOHIT,0.0,8.8,-100.0,NR,792.5,1249.0,-37.0,D,2026-08-29 12:26:22.026395
2026-08-29,2026-06-01,2026-08-29,district,ARUNACHAL PRADESH,ARUNACHAL PRADESH,LOWER SUBANSIRI,0.9,5.9,-85.0,LD,355.8,597.0,-40.0,D,2026-08-29 12:26:22.026395
2026-08-29,2026-06-01,2026-08-29,district,ARUNACHAL PRADESH,ARUNACHAL PRADESH,PAPUMPARA,0.5,10.9,-95.0,LD,1374.6,1726.4,-20.0,D,2026-08-29 12:26:22.026395
2026-08-29,2026-06-01,2026-08-29,district,ARUNACHAL PRADESH,ARUNACHAL PRADESH,TAWANG,3.1,4.0,-22.0,D,305.1,773.5,-61.0,LD,2026-08-29 12:26:22.026395
2026-08-29,2026-06-01,2026-08-29,district,ARUNACHAL PRADESH,ARUNACHAL PRADESH,TIRAP,0.0,13.7,-100.0,NR,1624.0,1573.1,3.0,N,2026-08-29 12:26:22.026395
2026-08-29,2026-06-01,2026-08-29,district,ARUNACHAL PRADESH,ARUNACHAL PRADESH,UPPER SIANG,1.1,11.3,-90.0,LD,937.9,1308.6,-28.0,D,2026-08-29 12:26:22.026395
2026-08-29,2026-06-01,2026-08-29,district,ARUNACHAL PRADESH,ARUNACHAL PRADESH,UPPER SUBANSIRI,0.0,8.1,-100.0,NR,277.3,741.1,-63.0,LD,2026-08-29 12:26:22.026395
2026-08-29,2026-06-01,2026-08-29,district,ARUNACHAL PRADESH,ARUNACHAL PRADESH,WEST KAMENG,15.4,10.1,52.0,E,418.7,1352.6,-69.0,LD,2026-08-29 12:26:22.026395
2026-08-29,2026-06-01,2026-08-29,district,ARUNACHAL PRADESH,ARUNACHAL PRADESH,WEST SIANG,0.0,10.1,-100.0,NR,548.3,1569.4,-65.0,LD,2026-08-29 12:26:22.026395
2026-08-29,2026-06-01,2026-08-29,district,ASSAM & MEGHALAYA,ASSAM,BAJALI,0.0,6.6,-100.0,NR,973.5,1696.1,-43.0,D,2026-08-29 12:26:22.026395
2026-08-29,2026-06-01,2026-08-29,district,ASSAM & MEGHALAYA,ASSAM,BAKSA,0.0,6.2,-100.0,NR,999.0,1237.6,-19.0,N,2026-08-29 12:26:22.026395
2026-08-29,2026-06-01,2026-08-29,district,ASSAM & MEGHALAYA,ASSAM,BARPETA,0.0,6.6,-100.0,NR,1102.0,1696.1,-35.0,D,2026-08-29 12:26:22.026395
2026-08-29,2026-06-01,2026-08-29,district,ASSAM & MEGHALAYA,ASSAM,BONGAIGAON,0.0,16.1,-100.0,NR,789.6,1914.4,-59.0,D,2026-08-29 12:26:22.026395
2026-08-29,2026-06-01,2026-08-29,district,ASSAM & MEGHALAYA,ASSAM,CACHAR,22.9,11.2,104.0,LE,1414.7,1443.9,-2.0,N,2026-08-29 12:26:22.026395
2026-08-29,2026-06-01,2026-08-29,district,ASSAM & MEGHALAYA,ASSAM,CHARAIDEO,0.0,10.3,-100.0,NR,1085.5,816.6,33.0,E,2026-08-29 12:26:22.026395
2026-08-29,2026-06-01,2026-08-29,district,ASSAM & MEGHALAYA,ASSAM,CHIRANG,0.0,8.9,-100.0,NR,1087.9,1921.2,-43.0,D,2026-08-29 12:26:22.026395
2026-08-29,2026-06-01,2026-08-29,district,ASSAM & MEGHALAYA,ASSAM,DARRANG,3.5,6.7,-48.0,D,603.4,1043.3,-42.0,D,2026-08-29 12:26:22.026395
2026-08-29,2026-06-01,2026-08-29,district,ASSAM & MEGHALAYA,ASSAM,DHEMAJI,0.0,9.0,-100.0,NR,1857.4,1622.6,14.0,N,2026-08-29 12:26:22.026395
2026-08-29,2026-06-01,2026-08-29,district,ASSAM & MEGHALAYA,ASSAM,DHUBRI,0.5,10.3,-95.0,LD,1066.7,1709.4,-38.0,D,2026-08-29 12:26:22.026395
2026-08-29,2026-06-01,2026-08-29,district,ASSAM & MEGHALAYA,ASSAM,DIBRUGARH,0.0,10.8,-100.0,NR,953.4,1178.5,-19.0,N,2026-08-29 12:26:22.026395
2026-08-29,2026-06-01,2026-08-29,district,ASSAM & MEGHALAYA,ASSAM,DIMA HASAO,39.2,5.0,683.0,LE,422.6,818.9,-48.0,D,2026-08-29 12:26:22.026395
2026-08-29,2026-06-01,2026-08-29,district,ASSAM & MEGHALAYA,ASSAM,GOALPARA,0.4,12.0,-97.0,LD,693.0,1627.3,-57.0,D,2026-08-29 12:26:22.026395
2026-08-29,2026-06-01,2026-08-29,district,ASSAM & MEGHALAYA,ASSAM,GOLAGHAT,11.8,6.8,74.0,LE,741.9,824.5,-10.0,N,2026-08-29 12:26:22.026395
2026-08-29,2026-06-01,2026-08-29,district,ASSAM & MEGHALAYA,ASSAM,HAILAKANDI,36.5,8.7,319.0,LE,1029.4,1218.4,-16.0,N,2026-08-29 12:26:22.026395
2026-08-29,2026-06-01,2026-08-29,district,ASSAM & MEGHALAYA,ASSAM,HOJAI,2.1,5.0,-58.0,D,356.3,595.7,-40.0,D,2026-08-29 12:26:22.026395
2026-08-29,2026-06-01,2026-08-29,district,ASSAM & MEGHALAYA,ASSAM,JORHAT,16.3,8.0,104.0,LE,713.8,982.0,-27.0,D,2026-08-29 12:26:22.026395
2026-08-29,2026-06-01,2026-08-29,district,ASSAM & MEGHALAYA,ASSAM,KAMRUP METROPOLITAN,0.9,4.8,-82.0,LD,672.9,847.2,-21.0,D,2026-08-29 12:26:22.026395
2026-08-29,2026-06-01,2026-08-29,district,ASSAM & MEGHALAYA,ASSAM,KAMRUP RURAL,4.5,7.3,-38.0,D,482.0,1048.0,-54.0,D,2026-08-29 12:26:22.026395
2026-08-29,2026-06-01,2026-08-29,district,ASSAM & MEGHALAYA,ASSAM,KARBI ANGLONG,16.9,6.6,156.0,LE,500.5,638.5,-22.0,D,2026-08-29 12:26:22.026395
2026-08-29,2026-06-01,2026-08-29,district,ASSAM & MEGHALAYA,ASSAM,KOKRAJHAR,12.4,15.8,-22.0,D,2005.4,2190.6,-8.0,N,2026-08-29 12:26:22.026395
2026-08-29,2026-06-01,2026-08-29,district,ASSAM & MEGHALAYA,ASSAM,LAKHIMPUR,3.1,11.8,-74.0,LD,1883.7,1615.7,17.0,N,2026-08-29 12:26:22.026395
2026-08-29,2026-06-01,2026-08-29,district,ASSAM & MEGHALAYA,ASSAM,MORIGAON,5.9,6.6,-11.0,N,557.5,891.7,-37.0,D,2026-08-29 12:26:22.026395
2026-08-29,2026-06-01,2026-08-29,district,ASSAM & MEGHALAYA,ASSAM,NAGAON,1.8,10.0,-82.0,LD,360.8,822.4,-56.0,D,2026-08-29 12:26:22.026395
2026-08-29,2026-06-01,2026-08-29,district,ASSAM & MEGHALAYA,ASSAM,NALBARI,0.7,7.4,-91.0,LD,506.3,1294.6,-61.0,LD,2026-08-29 12:26:22.026395
2026-08-29,2026-06-01,2026-08-29,district,ASSAM & MEGHALAYA,ASSAM,SIBSAGAR,0.0,9.5,-100.0,NR,666.8,946.9,-30.0,D,2026-08-29 12:26:22.026395
2026-08-29,2026-06-01,2026-08-29,district,ASSAM & MEGHALAYA,ASSAM,SONITPUR,10.2,8.4,21.0,E,885.8,943.1,-6.0,N,2026-08-29 12:26:22.026395
2026-08-29,2026-06-01,2026-08-29,district,ASSAM & MEGHALAYA,ASSAM,SRIBHUMI,26.0,12.6,106.0,LE,1368.8,1745.1,-22.0,D,2026-08-29 12:26:22.026395
2026-08-29,2026-06-01,2026-08-29,district,ASSAM & MEGHALAYA,ASSAM,TAMULPUR,0.0,5.9,-100.0,NR,972.3,1087.8,-11.0,N,2026-08-29 12:26:22.026395
2026-08-29,2026-06-01,2026-08-29,district,ASSAM & MEGHALAYA,ASSAM,TINSUKIA,0.0,13.7,-100.0,NR,1124.2,1140.5,-1.0,N,2026-08-29 12:26:22.026395
2026-08-29,2026-06-01,2026-08-29,district,ASSAM & MEGHALAYA,ASSAM,UDALGURI,0.3,7.0,-95.0,LD,497.2,1174.7,-58.0,D,2026-08-29 12:26:22.026395
2026-08-29,2026-06-01,2026-08-29,district,ASSAM & MEGHALAYA,ASSAM,WEST KARBI ANGLONG,8.6,5.6,54.0,E,479.2,550.8,-13.0,N,2026-08-29 12:26:22.026395
2026-08-29,2026-06-01,2026-08-29,district,ASSAM & MEGHALAYA,MEGHALAYA,EAST GARO HILLS,1.2,8.5,-86.0,LD,584.4,1505.7,-61.0,LD,2026-08-29 12:26:22.026395
2026-08-29,2026-06-01,2026-08-29,district,ASSAM & MEGHALAYA,MEGHALAYA,EAST JAINTIA HILLS,11.4,17.2,-34.0,D,1329.6,3663.5,-64.0,LD,2026-08-29 12:26:22.026395
2026-08-29,2026-06-01,2026-08-29,district,ASSAM & MEGHALAYA,MEGHALAYA,EAST KHASI HILLS,13.8,29.9,-54.0,D,1801.4,3663.8,-51.0,D,2026-08-29 12:26:22.026395
2026-08-29,2026-06-01,2026-08-29,district,ASSAM & MEGHALAYA,MEGHALAYA,NORTH GARO HILLS,0.3,16.2,-98.0,LD,480.7,1454.5,-67.0,LD,2026-08-29 12:26:22.026395
2026-08-29,2026-06-01,2026-08-29,district,ASSAM & MEGHALAYA,MEGHALAYA,RI BHOI,7.0,13.7,-49.0,D,633.1,1187.8,-47.0,D,2026-08-29 12:26:22.026395
2026-08-29,2026-06-01,2026-08-29,district,ASSAM & MEGHALAYA,MEGHALAYA,SOUTH GARO HILLS,0.5,16.2,-97.0,LD,766.4,1454.5,-47.0,D,2026-08-29 12:26:22.026395
2026-08-29,2026-06-01,2026-08-29,district,ASSAM & MEGHALAYA,MEGHALAYA,SOUTH WEST GARO HILLS,0.1,16.2,-99.0,LD,499.1,1454.5,-66.0,LD,2026-08-29 12:26:22.026395
2026-08-29,2026-06-01,2026-08-29,district,ASSAM & MEGHALAYA,MEGHALAYA,SOUTH WEST KHASI HILLS,3.2,16.2,-80.0,LD,2458.7,1454.5,69.0,LE,2026-08-29 12:26:22.026395
2026-08-29,2026-06-01,2026-08-29,district,ASSAM & MEGHALAYA,MEGHALAYA,WEST GARO HILLS,2.7,12.1,-77.0,LD,412.5,1470.0,-72.0,LD,2026-08-29 12:26:22.026395
2026-08-29,2026-06-01,2026-08-29,district,ASSAM & MEGHALAYA,MEGHALAYA,WEST JAINTIA HILLS,10.3,17.2,-40.0,D,781.9,3663.5,-79.0,LD,2026-08-29 12:26:22.026395
2026-08-29,2026-06-01,2026-08-29,district,ASSAM & MEGHALAYA,MEGHALAYA,WEST KHASI HILLS,19.2,14.1,36.0,E,702.0,2171.9,-68.0,LD,2026-08-29 12:26:22.026395
2026-08-29,2026-06-01,2026-08-29,district,BIHAR,BIHAR,ARARIA,30.1,6.6,357.0,LE,689.7,1071.8,-36.0,D,2026-08-29 12:26:22.026395
2026-08-29,2026-06-01,2026-08-29,district,BIHAR,BIHAR,ARWAL,22.2,3.0,640.0,LE,309.6,535.9,-42.0,D,2026-08-29 12:26:22.026395
2026-08-29,2026-06-01,2026-08-29,district,BIHAR,BIHAR,AURANGABAD,42.0,7.0,501.0,LE,542.4,659.5,-18.0,N,2026-08-29 12:26:22.026395
2026-08-29,2026-06-01,2026-08-29,district,BIHAR,BIHAR,BANKA,10.0,5.7,75.0,LE,348.1,663.9,-48.0,D,2026-08-29 12:26:22.026395
2026-08-29,2026-06-01,2026-08-29,district,BIHAR,BIHAR,BEGUSARAI,0.8,6.7,-89.0,LD,467.1,754.2,-38.0,D,2026-08-29 12:26:22.026395
2026-08-29,2026-06-01,2026-08-29,district,BIHAR,BIHAR,BHABUA,4.0,6.5,-38.0,D,369.7,657.3,-44.0,D,2026-08-29 12:26:22.026395
2026-08-29,2026-06-01,2026-08-29,district,BIHAR,BIHAR,BHAGALPUR,3.5,7.6,-53.0,D,307.8,737.3,-58.0,D,2026-08-29 12:26:22.026395
2026-08-29,2026-06-01,2026-08-29,district,BIHAR,BIHAR,BHOJPUR,10.6,6.4,66.0,LE,311.8,670.5,-53.0,D,2026-08-29 12:26:22.026395
2026-08-29,2026-06-01,2026-08-29,district,BIHAR,BIHAR,BUXAR,1.1,6.0,-81.0,LD,447.0,602.5,-26.0,D,2026-08-29 12:26:22.026395
2026-08-29,2026-06-01,2026-08-29,district,BIHAR,BIHAR,DARBHANGA,2.7,5.3,-50.0,D,324.3,701.8,-54.0,D,2026-08-29 12:26:22.026395
2026-08-29,2026-06-01,2026-08-29,district,BIHAR,BIHAR,EAST CHAMPARAN,1.6,5.7,-72.0,LD,439.0,832.9,-47.0,D,2026-08-29 12:26:22.026395
2026-08-29,2026-06-01,2026-08-29,district,BIHAR,BIHAR,GAYA,31.8,4.6,591.0,LE,422.3,645.3,-35.0,D,2026-08-29 12:26:22.026395
2026-08-29,2026-06-01,2026-08-29,district,BIHAR,BIHAR,GOPALGANJ,2.4,6.8,-65.0,LD,445.7,738.9,-40.0,D,2026-08-29 12:26:22.026395
2026-08-29,2026-06-01,2026-08-29,district,BIHAR,BIHAR,JAHANABAD,14.7,3.8,286.0,LE,237.9,638.6,-63.0,LD,2026-08-29 12:26:22.026395
2026-08-29,2026-06-01,2026-08-29,district,BIHAR,BIHAR,JAMUI,4.8,6.1,-22.0,D,317.4,703.8,-55.0,D,2026-08-29 12:26:22.026395
2026-08-29,2026-06-01,2026-08-29,district,BIHAR,BIHAR,KATIHAR,2.4,7.0,-66.0,LD,464.5,800.4,-42.0,D,2026-08-29 12:26:22.026395
2026-08-29,2026-06-01,2026-08-29,district,BIHAR,BIHAR,KHAGARIA,2.5,8.1,-69.0,LD,655.3,732.4,-11.0,N,2026-08-29 12:26:22.026395
2026-08-29,2026-06-01,2026-08-29,district,BIHAR,BIHAR,KISHANGANJ,18.7,10.8,73.0,LE,922.2,1356.1,-32.0,D,2026-08-29 12:26:22.026395
2026-08-29,2026-06-01,2026-08-29,district,BIHAR,BIHAR,LAKHISARAI,0.5,3.1,-83.0,LD,546.6,638.8,-14.0,N,2026-08-29 12:26:22.026395
2026-08-29,2026-06-01,2026-08-29,district,BIHAR,BIHAR,MADHEPURA,0.3,5.2,-94.0,LD,461.9,776.9,-41.0,D,2026-08-29 12:26:22.026395
2026-08-29,2026-06-01,2026-08-29,district,BIHAR,BIHAR,MADHUBANI,6.6,5.7,15.0,N,437.5,779.1,-44.0,D,2026-08-29 12:26:22.026395
2026-08-29,2026-06-01,2026-08-29,district,BIHAR,BIHAR,MUNGER,5.7,6.2,-8.0,N,483.8,779.9,-38.0,D,2026-08-29 12:26:22.026395
2026-08-29,2026-06-01,2026-08-29,district,BIHAR,BIHAR,MUZAFFARPUR,8.1,5.4,50.0,E,356.9,738.4,-52.0,D,2026-08-29 12:26:22.026395
2026-08-29,2026-06-01,2026-08-29,district,BIHAR,BIHAR,NALANDA,20.1,5.3,280.0,LE,377.8,649.3,-42.0,D,2026-08-29 12:26:22.026395
2026-08-29,2026-06-01,2026-08-29,district,BIHAR,BIHAR,NAWADA,3.3,6.5,-50.0,D,393.1,641.2,-39.0,D,2026-08-29 12:26:22.026395
2026-08-29,2026-06-01,2026-08-29,district,BIHAR,BIHAR,PATNA,8.5,4.8,78.0,LE,332.8,672.7,-51.0,D,2026-08-29 12:26:22.026395
2026-08-29,2026-06-01,2026-08-29,district,BIHAR,BIHAR,PURNEA,1.7,7.3,-77.0,LD,588.5,1076.2,-45.0,D,2026-08-29 12:26:22.026395
2026-08-29,2026-06-01,2026-08-29,district,BIHAR,BIHAR,ROHTAS,5.8,9.8,-41.0,D,415.1,641.5,-35.0,D,2026-08-29 12:26:22.026395
2026-08-29,2026-06-01,2026-08-29,district,BIHAR,BIHAR,SAHARSA,5.3,8.2,-35.0,D,411.9,831.7,-50.0,D,2026-08-29 12:26:22.026395
2026-08-29,2026-06-01,2026-08-29,district,BIHAR,BIHAR,SAMASTIPUR,0.3,5.9,-95.0,LD,376.3,710.6,-47.0,D,2026-08-29 12:26:22.026395
2026-08-29,2026-06-01,2026-08-29,district,BIHAR,BIHAR,SARAN,3.1,5.9,-48.0,D,338.0,693.5,-51.0,D,2026-08-29 12:26:22.026395
2026-08-29,2026-06-01,2026-08-29,district,BIHAR,BIHAR,SHEIKHPURA,4.4,4.3,3.0,N,365.9,624.4,-41.0,D,2026-08-29 12:26:22.026395
2026-08-29,2026-06-01,2026-08-29,district,BIHAR,BIHAR,SHEOHAR,1.1,5.6,-81.0,LD,314.9,789.6,-60.0,LD,2026-08-29 12:26:22.026395
2026-08-29,2026-06-01,2026-08-29,district,BIHAR,BIHAR,SITAMARHI,1.6,5.9,-74.0,LD,339.3,860.5,-61.0,LD,2026-08-29 12:26:22.026395
2026-08-29,2026-06-01,2026-08-29,district,BIHAR,BIHAR,SIWAN,8.7,3.9,123.0,LE,580.4,678.5,-14.0,N,2026-08-29 12:26:22.026395
2026-08-29,2026-06-01,2026-08-29,district,BIHAR,BIHAR,SUPAUL,3.9,5.3,-26.0,D,593.3,840.6,-29.0,D,2026-08-29 12:26:22.026395
2026-08-29,2026-06-01,2026-08-29,district,BIHAR,BIHAR,VAISHALI,0.6,3.4,-83.0,LD,393.3,695.9,-43.0,D,2026-08-29 12:26:22.026395
2026-08-29,2026-06-01,2026-08-29,district,BIHAR,BIHAR,WEST CHAMPARAN,1.3,4.8,-74.0,LD,594.5,979.9,-39.0,D,2026-08-29 12:26:22.026395
2026-08-29,2026-06-01,2026-08-29,district,CHHATTISGARH,CHHATTISGARH,BALOD,4.6,13.1,-65.0,LD,850.0,806.4,5.0,N,2026-08-29 12:26:22.026395
2026-08-29,2026-06-01,2026-08-29,district,CHHATTISGARH,CHHATTISGARH,BALODA BAZAR,0.0,11.4,-100.0,NR,892.7,746.9,20.0,E,2026-08-29 12:26:22.026395
2026-08-29,2026-06-01,2026-08-29,district,CHHATTISGARH,CHHATTISGARH,BALRAMPUR,9.2,15.0,-39.0,D,1173.2,774.5,51.0,E,2026-08-29 12:26:22.026395
2026-08-29,2026-06-01,2026-08-29,district,CHHATTISGARH,CHHATTISGARH,BASTAR,0.0,14.2,-100.0,NR,817.3,931.9,-12.0,N,2026-08-29 12:26:22.026395
2026-08-29,2026-06-01,2026-08-29,district,CHHATTISGARH,CHHATTISGARH,BEMETARA,0.7,14.2,-95.0,LD,493.6,837.4,-41.0,D,2026-08-29 12:26:22.026395
2026-08-29,2026-06-01,2026-08-29,district,CHHATTISGARH,CHHATTISGARH,BIJAPUR,2.6,10.4,-75.0,LD,1222.7,1112.9,10.0,N,2026-08-29 12:26:22.026395
2026-08-29,2026-06-01,2026-08-29,district,CHHATTISGARH,CHHATTISGARH,BILASPUR,0.0,12.6,-100.0,NR,896.1,836.1,7.0,N,2026-08-29 12:26:22.026395
2026-08-29,2026-06-01,2026-08-29,district,CHHATTISGARH,CHHATTISGARH,DANTEWADA,0.0,11.4,-100.0,NR,910.9,1032.2,-12.0,N,2026-08-29 12:26:22.026395
2026-08-29,2026-06-01,2026-08-29,district,CHHATTISGARH,CHHATTISGARH,DHAMTARI,1.4,10.9,-87.0,LD,831.0,837.8,-1.0,N,2026-08-29 12:26:22.026395
2026-08-29,2026-06-01,2026-08-29,district,CHHATTISGARH,CHHATTISGARH,DURG,3.1,13.8,-78.0,LD,650.8,793.1,-18.0,N,2026-08-29 12:26:22.026395
2026-08-29,2026-06-01,2026-08-29,district,CHHATTISGARH,CHHATTISGARH,GARIABAND,4.5,13.5,-67.0,LD,949.9,841.1,13.0,N,2026-08-29 12:26:22.026395
2026-08-29,2026-06-01,2026-08-29,district,CHHATTISGARH,CHHATTISGARH,GAURELA PENDRA MARWAHI,0.5,10.9,-96.0,LD,834.4,855.9,-3.0,N,2026-08-29 12:26:22.026395
2026-08-29,2026-06-01,2026-08-29,district,CHHATTISGARH,CHHATTISGARH,JANJGIR,0.0,12.4,-100.0,NR,1026.2,871.5,18.0,N,2026-08-29 12:26:22.026395
2026-08-29,2026-06-01,2026-08-29,district,CHHATTISGARH,CHHATTISGARH,JASHPUR,1.3,14.6,-91.0,LD,719.5,1071.5,-33.0,D,2026-08-29 12:26:22.026395
2026-08-29,2026-06-01,2026-08-29,district,CHHATTISGARH,CHHATTISGARH,KABIRDHAM,0.1,11.2,-99.0,LD,550.1,691.6,-20.0,D,2026-08-29 12:26:22.026395
2026-08-29,2026-06-01,2026-08-29,district,CHHATTISGARH,CHHATTISGARH,KANKER,0.9,14.1,-94.0,LD,661.9,1078.0,-39.0,D,2026-08-29 12:26:22.026395
2026-08-29,2026-06-01,2026-08-29,district,CHHATTISGARH,CHHATTISGARH,KHAIRAGARH CHH GANDAI,3.8,11.1,-66.0,LD,586.0,584.5,0.0,N,2026-08-29 12:26:22.026395
2026-08-29,2026-06-01,2026-08-29,district,CHHATTISGARH,CHHATTISGARH,KONDAGAON,0.4,13.6,-97.0,LD,758.6,926.0,-18.0,N,2026-08-29 12:26:22.026395
2026-08-29,2026-06-01,2026-08-29,district,CHHATTISGARH,CHHATTISGARH,KORBA,6.9,10.6,-34.0,D,945.5,997.9,-5.0,N,2026-08-29 12:26:22.026395
2026-08-29,2026-06-01,2026-08-29,district,CHHATTISGARH,CHHATTISGARH,KORIYA,8.8,9.7,-9.0,N,710.8,891.3,-20.0,D,2026-08-29 12:26:22.026395
2026-08-29,2026-06-01,2026-08-29,district,CHHATTISGARH,CHHATTISGARH,MAHASAMUND,3.5,18.5,-81.0,LD,1020.1,843.5,21.0,E,2026-08-29 12:26:22.026395
2026-08-29,2026-06-01,2026-08-29,district,CHHATTISGARH,CHHATTISGARH,MANENDRAGARH BHARATPUR,7.7,9.6,-20.0,D,918.2,891.1,3.0,N,2026-08-29 12:26:22.026395
2026-08-29,2026-06-01,2026-08-29,district,CHHATTISGARH,CHHATTISGARH,MOHALA MANPUR CHOWKI,0.0,15.0,-100.0,NR,687.9,822.4,-16.0,N,2026-08-29 12:26:22.026395
2026-08-29,2026-06-01,2026-08-29,district,CHHATTISGARH,CHHATTISGARH,MUNGELI,0.0,14.1,-100.0,NR,999.5,752.3,33.0,E,2026-08-29 12:26:22.026395
2026-08-29,2026-06-01,2026-08-29,district,CHHATTISGARH,CHHATTISGARH,NARAYANPUR,0.0,13.0,-100.0,NR,1259.3,990.6,27.0,E,2026-08-29 12:26:22.026395
2026-08-29,2026-06-01,2026-08-29,district,CHHATTISGARH,CHHATTISGARH,RAIGARH,2.8,15.1,-81.0,LD,896.5,938.6,-4.0,N,2026-08-29 12:26:22.026395
2026-08-29,2026-06-01,2026-08-29,district,CHHATTISGARH,CHHATTISGARH,RAIPUR,2.9,13.8,-79.0,LD,936.8,804.0,17.0,N,2026-08-29 12:26:22.026395
2026-08-29,2026-06-01,2026-08-29,district,CHHATTISGARH,CHHATTISGARH,RAJNANDGAON,8.2,16.8,-51.0,D,712.3,834.0,-15.0,N,2026-08-29 12:26:22.026395
2026-08-29,2026-06-01,2026-08-29,district,CHHATTISGARH,CHHATTISGARH,SAKTI,0.2,16.0,-99.0,LD,845.4,891.7,-5.0,N,2026-08-29 12:26:22.026395
2026-08-29,2026-06-01,2026-08-29,district,CHHATTISGARH,CHHATTISGARH,SARANGARH BILAIGARH,0.0,12.2,-100.0,NR,1085.6,727.5,49.0,E,2026-08-29 12:26:22.026395
2026-08-29,2026-06-01,2026-08-29,district,CHHATTISGARH,CHHATTISGARH,SUKMA,1.3,12.8,-90.0,LD,846.7,940.5,-10.0,N,2026-08-29 12:26:22.026395
2026-08-29,2026-06-01,2026-08-29,district,CHHATTISGARH,CHHATTISGARH,SURAJPUR,10.2,14.1,-27.0,D,1026.4,949.7,8.0,N,2026-08-29 12:26:22.026395
2026-08-29,2026-06-01,2026-08-29,district,CHHATTISGARH,CHHATTISGARH,SURGUJA,4.0,9.4,-58.0,D,557.5,934.1,-40.0,D,2026-08-29 12:26:22.026395
2026-08-29,2026-06-01,2026-08-29,district,COASTAL A. P. & YANAM,ANDHRA PRADESH,ANAKAPALLI,0.0,5.4,-100.0,NR,265.7,434.7,-39.0,D,2026-08-29 12:26:22.026395
2026-08-29,2026-06-01,2026-08-29,district,COASTAL A. P. & YANAM,ANDHRA PRADESH,BAPATLA,0.0,5.3,-100.0,NR,159.1,380.1,-58.0,D,2026-08-29 12:26:22.026395
2026-08-29,2026-06-01,2026-08-29,district,COASTAL A. P. & YANAM,ANDHRA PRADESH,DR B R AMBEDKAR KONASEEMA,8.8,5.2,69.0,LE,445.2,574.2,-22.0,D,2026-08-29 12:26:22.026395
2026-08-29,2026-06-01,2026-08-29,district,COASTAL A. P. & YANAM,ANDHRA PRADESH,EAST GODAVARI,3.5,5.8,-40.0,D,322.3,537.2,-40.0,D,2026-08-29 12:26:22.026395
2026-08-29,2026-06-01,2026-08-29,district,COASTAL A. P. & YANAM,ANDHRA PRADESH,ELURU,0.0,8.1,-100.0,NR,386.1,656.5,-41.0,D,2026-08-29 12:26:22.026395
2026-08-29,2026-06-01,2026-08-29,district,COASTAL A. P. & YANAM,ANDHRA PRADESH,GUNTUR,0.0,3.1,-100.0,NR,311.6,432.9,-28.0,D,2026-08-29 12:26:22.026395
2026-08-29,2026-06-01,2026-08-29,district,COASTAL A. P. & YANAM,ANDHRA PRADESH,KAKINADA,0.5,4.6,-90.0,LD,292.1,473.7,-38.0,D,2026-08-29 12:26:22.026395
2026-08-29,2026-06-01,2026-08-29,district,COASTAL A. P. & YANAM,ANDHRA PRADESH,KRISHNA,0.0,3.5,-100.0,NR,303.7,487.9,-38.0,D,2026-08-29 12:26:22.026395
2026-08-29,2026-06-01,2026-08-29,district,COASTAL A. P. & YANAM,ANDHRA PRADESH,NTR DISTRICT,0.0,4.8,-100.0,NR,341.9,529.4,-35.0,D,2026-08-29 12:26:22.026395
2026-08-29,2026-06-01,2026-08-29,district,COASTAL A. P. & YANAM,ANDHRA PRADESH,PALNADU,0.0,3.7,-100.0,NR,227.9,393.8,-42.0,D,2026-08-29 12:26:22.026395
2026-08-29,2026-06-01,2026-08-29,district,COASTAL A. P. & YANAM,ANDHRA PRADESH,PARVATHIPURAM MANYAM,0.0,6.1,-100.0,NR,350.8,565.2,-38.0,D,2026-08-29 12:26:22.026395
2026-08-29,2026-06-01,2026-08-29,district,COASTAL A. P. & YANAM,ANDHRA PRADESH,PRAKASAM,0.0,2.8,-100.0,NR,103.6,248.6,-58.0,D,2026-08-29 12:26:22.026395
2026-08-29,2026-06-01,2026-08-29,district,COASTAL A. P. & YANAM,ANDHRA PRADESH,SPSR NELLORE,0.1,2.9,-98.0,LD,136.7,224.5,-39.0,D,2026-08-29 12:26:22.026395
2026-08-29,2026-06-01,2026-08-29,district,COASTAL A. P. & YANAM,ANDHRA PRADESH,SRI ALLURI SITHARAMARAJU DISTRICT,0.5,6.7,-92.0,LD,359.3,688.1,-48.0,D,2026-08-29 12:26:22.026395
2026-08-29,2026-06-01,2026-08-29,district,COASTAL A. P. & YANAM,ANDHRA PRADESH,SRIKAKULAM,0.0,7.1,-100.0,NR,325.1,511.4,-36.0,D,2026-08-29 12:26:22.026395
2026-08-29,2026-06-01,2026-08-29,district,COASTAL A. P. & YANAM,ANDHRA PRADESH,VISHAKHAPATNAM,0.0,5.7,-100.0,NR,241.3,392.4,-39.0,D,2026-08-29 12:26:22.026395
2026-08-29,2026-06-01,2026-08-29,district,COASTAL A. P. & YANAM,ANDHRA PRADESH,VIZIANAGARAM,0.0,6.9,-100.0,NR,342.6,488.3,-30.0,D,2026-08-29 12:26:22.026395
2026-08-29,2026-06-01,2026-08-29,district,COASTAL A. P. & YANAM,ANDHRA PRADESH,WEST GODAVARI,7.3,6.2,17.0,N,274.8,552.4,-50.0,D,2026-08-29 12:26:22.026395
2026-08-29,2026-06-01,2026-08-29,district,COASTAL A. P. & YANAM,PUDUCHERRY (UT),YANAM,4.8,6.9,-30.0,D,290.2,533.0,-46.0,D,2026-08-29 12:26:22.026395
2026-08-29,2026-06-01,2026-08-29,district,COASTAL KARNATAKA,KARNATAKA,DAKSHINA KANNADA,18.7,20.1,-7.0,N,2400.4,2938.3,-18.0,N,2026-08-29 12:26:22.026395
2026-08-29,2026-06-01,2026-08-29,district,COASTAL KARNATAKA,KARNATAKA,UDUPI,20.0,22.1,-9.0,N,2478.5,3320.5,-25.0,D,2026-08-29 12:26:22.026395
2026-08-29,2026-06-01,2026-08-29,district,COASTAL KARNATAKA,KARNATAKA,UTTARA KANNADA,9.8,16.7,-42.0,D,1811.1,2436.4,-26.0,D,2026-08-29 12:26:22.026395
2026-08-29,2026-06-01,2026-08-29,district,EAST MADHYA PRADESH,MADHYA PRADESH,ANUPPUR,1.1,10.9,-90.0,LD,908.3,792.0,15.0,N,2026-08-29 12:26:22.026395
2026-08-29,2026-06-01,2026-08-29,district,EAST MADHYA PRADESH,MADHYA PRADESH,BALAGHAT,4.1,14.3,-71.0,LD,926.1,1013.0,-9.0,N,2026-08-29 12:26:22.026395
2026-08-29,2026-06-01,2026-08-29,district,EAST MADHYA PRADESH,MADHYA PRADESH,CHHATARPUR,2.0,11.8,-83.0,LD,737.1,746.8,-1.0,N,2026-08-29 12:26:22.026395
2026-08-29,2026-06-01,2026-08-29,district,EAST MADHYA PRADESH,MADHYA PRADESH,CHHINDWARA,21.0,12.8,64.0,LE,658.6,820.4,-20.0,D,2026-08-29 12:26:22.026395
2026-08-29,2026-06-01,2026-08-29,district,EAST MADHYA PRADESH,MADHYA PRADESH,DAMOH,27.0,18.8,44.0,E,796.6,890.0,-10.0,N,2026-08-29 12:26:22.026395
2026-08-29,2026-06-01,2026-08-29,district,EAST MADHYA PRADESH,MADHYA PRADESH,DINDORI,6.6,16.0,-59.0,D,951.4,965.8,-1.0,N,2026-08-29 12:26:22.026395
2026-08-29,2026-06-01,2026-08-29,district,EAST MADHYA PRADESH,MADHYA PRADESH,JABALPUR,20.0,19.0,5.0,N,773.3,911.0,-15.0,N,2026-08-29 12:26:22.026395
2026-08-29,2026-06-01,2026-08-29,district,EAST MADHYA PRADESH,MADHYA PRADESH,KATNI,25.4,9.6,165.0,LE,712.0,762.4,-7.0,N,2026-08-29 12:26:22.026395
2026-08-29,2026-06-01,2026-08-29,district,EAST MADHYA PRADESH,MADHYA PRADESH,MAIHAR,2.3,6.6,-66.0,LD,716.5,772.4,-7.0,N,2026-08-29 12:26:22.026395
2026-08-29,2026-06-01,2026-08-29,district,EAST MADHYA PRADESH,MADHYA PRADESH,MANDLA,8.2,19.8,-58.0,D,927.4,981.4,-6.0,N,2026-08-29 12:26:22.026395
2026-08-29,2026-06-01,2026-08-29,district,EAST MADHYA PRADESH,MADHYA PRADESH,MAUGANJ,10.3,6.7,54.0,E,1084.8,730.6,48.0,E,2026-08-29 12:26:22.026395
2026-08-29,2026-06-01,2026-08-29,district,EAST MADHYA PRADESH,MADHYA PRADESH,NARSINGHPUR,55.2,19.7,180.0,LE,776.6,835.6,-7.0,N,2026-08-29 12:26:22.026395
2026-08-29,2026-06-01,2026-08-29,district,EAST MADHYA PRADESH,MADHYA PRADESH,NIWARI,0.7,13.3,-95.0,LD,993.3,622.2,60.0,LE,2026-08-29 12:26:22.026395
2026-08-29,2026-06-01,2026-08-29,district,EAST MADHYA PRADESH,MADHYA PRADESH,PANDHURNA,7.1,11.6,-39.0,D,518.7,635.6,-18.0,N,2026-08-29 12:26:22.026395
2026-08-29,2026-06-01,2026-08-29,district,EAST MADHYA PRADESH,MADHYA PRADESH,PANNA,25.5,13.4,91.0,LE,844.7,856.3,-1.0,N,2026-08-29 12:26:22.026395
2026-08-29,2026-06-01,2026-08-29,district,EAST MADHYA PRADESH,MADHYA PRADESH,REWA,23.4,9.3,152.0,LE,570.3,766.8,-26.0,D,2026-08-29 12:26:22.026395
2026-08-29,2026-06-01,2026-08-29,district,EAST MADHYA PRADESH,MADHYA PRADESH,SAGAR,50.2,14.4,249.0,LE,695.2,875.4,-21.0,D,2026-08-29 12:26:22.026395
2026-08-29,2026-06-01,2026-08-29,district,EAST MADHYA PRADESH,MADHYA PRADESH,SATNA,73.6,6.6,1015.0,LE,988.0,742.7,33.0,E,2026-08-29 12:26:22.026395
2026-08-29,2026-06-01,2026-08-29,district,EAST MADHYA PRADESH,MADHYA PRADESH,SEONI,4.5,12.1,-63.0,LD,692.5,822.4,-16.0,N,2026-08-29 12:26:22.026395
2026-08-29,2026-06-01,2026-08-29,district,EAST MADHYA PRADESH,MADHYA PRADESH,SHAHDOL,12.0,15.7,-24.0,D,902.0,784.9,15.0,N,2026-08-29 12:26:22.026395
2026-08-29,2026-06-01,2026-08-29,district,EAST MADHYA PRADESH,MADHYA PRADESH,SIDHI,7.0,15.0,-54.0,D,902.8,793.0,14.0,N,2026-08-29 12:26:22.026395
2026-08-29,2026-06-01,2026-08-29,district,EAST MADHYA PRADESH,MADHYA PRADESH,SINGRAULI,12.6,12.8,-2.0,N,821.7,820.4,0.0,N,2026-08-29 12:26:22.026395
2026-08-29,2026-06-01,2026-08-29,district,EAST MADHYA PRADESH,MADHYA PRADESH,TIKAMGARH,3.5,7.6,-54.0,D,739.6,751.8,-2.0,N,2026-08-29 12:26:22.026395
2026-08-29,2026-06-01,2026-08-29,district,EAST MADHYA PRADESH,MADHYA PRADESH,UMARIA,6.9,15.7,-56.0,D,927.0,834.2,11.0,N,2026-08-29 12:26:22.026395
2026-08-29,2026-06-01,2026-08-29,district,EAST RAJASTHAN,RAJASTHAN,AJMER,0.0,3.0,-100.0,NR,329.4,386.2,-15.0,N,2026-08-29 12:26:22.026395
2026-08-29,2026-06-01,2026-08-29,district,EAST RAJASTHAN,RAJASTHAN,ALWAR,0.0,4.1,-100.0,NR,431.1,449.4,-4.0,N,2026-08-29 12:26:22.026395
2026-08-29,2026-06-01,2026-08-29,district,EAST RAJASTHAN,RAJASTHAN,BANSWARA,0.0,11.3,-100.0,NR,380.4,719.4,-47.0,D,2026-08-29 12:26:22.026395
2026-08-29,2026-06-01,2026-08-29,district,EAST RAJASTHAN,RAJASTHAN,BARAN,0.0,5.0,-100.0,NR,526.8,700.3,-25.0,D,2026-08-29 12:26:22.026395
2026-08-29,2026-06-01,2026-08-29,district,EAST RAJASTHAN,RAJASTHAN,BHARATPUR,0.0,3.9,-100.0,NR,579.7,439.7,32.0,E,2026-08-29 12:26:22.026395
2026-08-29,2026-06-01,2026-08-29,district,EAST RAJASTHAN,RAJASTHAN,BHILWARA,0.0,3.2,-100.0,NR,362.1,509.4,-29.0,D,2026-08-29 12:26:22.026395
2026-08-29,2026-06-01,2026-08-29,district,EAST RAJASTHAN,RAJASTHAN,BUNDI,0.0,3.9,-100.0,NR,423.8,541.0,-22.0,D,2026-08-29 12:26:22.026395
2026-08-29,2026-06-01,2026-08-29,district,EAST RAJASTHAN,RAJASTHAN,CHITTORGARH,0.0,4.6,-100.0,NR,484.7,605.4,-20.0,D,2026-08-29 12:26:22.026395
2026-08-29,2026-06-01,2026-08-29,district,EAST RAJASTHAN,RAJASTHAN,DAUSA,0.0,5.4,-100.0,NR,483.2,496.9,-3.0,N,2026-08-29 12:26:22.026395
2026-08-29,2026-06-01,2026-08-29,district,EAST RAJASTHAN,RAJASTHAN,DHOLPUR,0.0,4.8,-100.0,NR,531.8,474.7,12.0,N,2026-08-29 12:26:22.026395
2026-08-29,2026-06-01,2026-08-29,district,EAST RAJASTHAN,RAJASTHAN,DUNGARPUR,0.0,6.4,-100.0,NR,340.8,580.0,-41.0,D,2026-08-29 12:26:22.026395
2026-08-29,2026-06-01,2026-08-29,district,EAST RAJASTHAN,RAJASTHAN,JAIPUR,0.0,3.2,-100.0,NR,322.6,444.0,-27.0,D,2026-08-29 12:26:22.026395
2026-08-29,2026-06-01,2026-08-29,district,EAST RAJASTHAN,RAJASTHAN,JHALAWAR,0.0,6.4,-100.0,NR,623.9,726.9,-14.0,N,2026-08-29 12:26:22.026395
2026-08-29,2026-06-01,2026-08-29,district,EAST RAJASTHAN,RAJASTHAN,JHUNJHUNU,0.0,3.6,-100.0,NR,393.2,346.7,13.0,N,2026-08-29 12:26:22.026395
2026-08-29,2026-06-01,2026-08-29,district,EAST RAJASTHAN,RAJASTHAN,KARAULI,0.0,5.1,-100.0,NR,407.2,503.1,-19.0,N,2026-08-29 12:26:22.026395
2026-08-29,2026-06-01,2026-08-29,district,EAST RAJASTHAN,RAJASTHAN,KOTA,0.0,4.1,-100.0,NR,444.7,617.8,-28.0,D,2026-08-29 12:26:22.026395
2026-08-29,2026-06-01,2026-08-29,district,EAST RAJASTHAN,RAJASTHAN,PRATAPGARH,0.0,7.7,-100.0,NR,617.0,751.2,-18.0,N,2026-08-29 12:26:22.026395
2026-08-29,2026-06-01,2026-08-29,district,EAST RAJASTHAN,RAJASTHAN,RAJSAMAND,0.0,5.6,-100.0,NR,309.3,447.4,-31.0,D,2026-08-29 12:26:22.026395
2026-08-29,2026-06-01,2026-08-29,district,EAST RAJASTHAN,RAJASTHAN,SAWAI MADHOPUR,0.0,3.8,-100.0,NR,383.1,564.6,-32.0,D,2026-08-29 12:26:22.026395
2026-08-29,2026-06-01,2026-08-29,district,EAST RAJASTHAN,RAJASTHAN,SIKAR,0.0,2.7,-100.0,NR,330.7,353.4,-6.0,N,2026-08-29 12:26:22.026395
2026-08-29,2026-06-01,2026-08-29,district,EAST RAJASTHAN,RAJASTHAN,SIROHI,0.0,8.3,-100.0,NR,415.4,722.9,-43.0,D,2026-08-29 12:26:22.026395
2026-08-29,2026-06-01,2026-08-29,district,EAST RAJASTHAN,RAJASTHAN,TONK,0.0,2.5,-100.0,NR,398.6,482.8,-17.0,N,2026-08-29 12:26:22.026395
2026-08-29,2026-06-01,2026-08-29,district,EAST RAJASTHAN,RAJASTHAN,UDAIPUR,0.0,4.5,-100.0,NR,339.4,504.2,-33.0,D,2026-08-29 12:26:22.026395
2026-08-29,2026-06-01,2026-08-29,district,EAST UTTAR PRADESH,UTTAR PRADESH,AMBEDKAR NAGAR,5.1,6.4,-21.0,D,535.2,650.7,-18.0,N,2026-08-29 12:26:22.026395
2026-08-29,2026-06-01,2026-08-29,district,EAST UTTAR PRADESH,UTTAR PRADESH,AMETHI,3.1,5.2,-40.0,D,290.8,520.7,-44.0,D,2026-08-29 12:26:22.026395
2026-08-29,2026-06-01,2026-08-29,district,EAST UTTAR PRADESH,UTTAR PRADESH,AYODHYA,1.6,3.3,-52.0,D,526.3,655.5,-20.0,D,2026-08-29 12:26:22.026395
2026-08-29,2026-06-01,2026-08-29,district,EAST UTTAR PRADESH,UTTAR PRADESH,AZAMGARH,5.3,5.3,-1.0,N,477.2,639.5,-25.0,D,2026-08-29 12:26:22.026395
2026-08-29,2026-06-01,2026-08-29,district,EAST UTTAR PRADESH,UTTAR PRADESH,BAHRAICH,0.0,9.6,-100.0,NR,815.1,767.7,6.0,N,2026-08-29 12:26:22.026395
2026-08-29,2026-06-01,2026-08-29,district,EAST UTTAR PRADESH,UTTAR PRADESH,BALLIA,10.0,5.1,96.0,LE,453.7,563.3,-19.0,N,2026-08-29 12:26:22.026395
2026-08-29,2026-06-01,2026-08-29,district,EAST UTTAR PRADESH,UTTAR PRADESH,BALRAMPUR,0.8,8.8,-91.0,LD,524.8,638.1,-18.0,N,2026-08-29 12:26:22.026395
2026-08-29,2026-06-01,2026-08-29,district,EAST UTTAR PRADESH,UTTAR PRADESH,BANDA,17.3,8.4,105.0,LE,807.0,605.1,33.0,E,2026-08-29 12:26:22.026395
2026-08-29,2026-06-01,2026-08-29,district,EAST UTTAR PRADESH,UTTAR PRADESH,BARABANKI,3.6,4.4,-18.0,N,619.3,620.4,0.0,N,2026-08-29 12:26:22.026395
2026-08-29,2026-06-01,2026-08-29,district,EAST UTTAR PRADESH,UTTAR PRADESH,BASTI,1.8,4.3,-57.0,D,466.5,642.0,-27.0,D,2026-08-29 12:26:22.026395
2026-08-29,2026-06-01,2026-08-29,district,EAST UTTAR PRADESH,UTTAR PRADESH,BHADOHI,0.0,2.9,-100.0,NR,213.9,610.9,-65.0,LD,2026-08-29 12:26:22.026395
2026-08-29,2026-06-01,2026-08-29,district,EAST UTTAR PRADESH,UTTAR PRADESH,CHANDAULI,0.0,2.3,-100.0,NR,431.0,552.2,-22.0,D,2026-08-29 12:26:22.026395
2026-08-29,2026-06-01,2026-08-29,district,EAST UTTAR PRADESH,UTTAR PRADESH,CHITRAKOOT,31.0,6.2,400.0,LE,933.6,619.8,51.0,E,2026-08-29 12:26:22.026395
2026-08-29,2026-06-01,2026-08-29,district,EAST UTTAR PRADESH,UTTAR PRADESH,DEORIA,0.0,6.7,-100.0,NR,163.5,618.7,-74.0,LD,2026-08-29 12:26:22.026395
2026-08-29,2026-06-01,2026-08-29,district,EAST UTTAR PRADESH,UTTAR PRADESH,FARRUKHABAD,12.4,5.1,143.0,LE,457.2,570.5,-20.0,D,2026-08-29 12:26:22.026395
2026-08-29,2026-06-01,2026-08-29,district,EAST UTTAR PRADESH,UTTAR PRADESH,FATEHPUR,19.6,3.4,475.0,LE,425.9,540.8,-21.0,D,2026-08-29 12:26:22.026395
2026-08-29,2026-06-01,2026-08-29,district,EAST UTTAR PRADESH,UTTAR PRADESH,GHAZIPUR,0.0,4.5,-100.0,NR,395.3,590.8,-33.0,D,2026-08-29 12:26:22.026395
2026-08-29,2026-06-01,2026-08-29,district,EAST UTTAR PRADESH,UTTAR PRADESH,GONDA,0.0,3.8,-100.0,NR,600.6,677.9,-11.0,N,2026-08-29 12:26:22.026395
2026-08-29,2026-06-01,2026-08-29,district,EAST UTTAR PRADESH,UTTAR PRADESH,GORAKHPUR,0.8,8.7,-91.0,LD,639.7,973.7,-34.0,D,2026-08-29 12:26:22.026395
2026-08-29,2026-06-01,2026-08-29,district,EAST UTTAR PRADESH,UTTAR PRADESH,HARDOI,15.0,4.5,233.0,LE,435.7,513.4,-15.0,N,2026-08-29 12:26:22.026395
2026-08-29,2026-06-01,2026-08-29,district,EAST UTTAR PRADESH,UTTAR PRADESH,JAUNPUR,2.5,4.6,-46.0,D,215.3,534.8,-60.0,LD,2026-08-29 12:26:22.026395
2026-08-29,2026-06-01,2026-08-29,district,EAST UTTAR PRADESH,UTTAR PRADESH,KANNAUJ,4.6,6.1,-25.0,D,657.2,518.5,27.0,E,2026-08-29 12:26:22.026395
2026-08-29,2026-06-01,2026-08-29,district,EAST UTTAR PRADESH,UTTAR PRADESH,KANPUR CITY,15.8,3.4,364.0,LE,688.7,486.7,42.0,E,2026-08-29 12:26:22.026395
2026-08-29,2026-06-01,2026-08-29,district,EAST UTTAR PRADESH,UTTAR PRADESH,KANPUR DEHAT,2.4,5.2,-54.0,D,163.5,449.9,-64.0,LD,2026-08-29 12:26:22.026395
2026-08-29,2026-06-01,2026-08-29,district,EAST UTTAR PRADESH,UTTAR PRADESH,KAUSHAMBI,4.3,4.3,1.0,N,232.4,435.0,-47.0,D,2026-08-29 12:26:22.026395
2026-08-29,2026-06-01,2026-08-29,district,EAST UTTAR PRADESH,UTTAR PRADESH,KHERI,15.7,5.6,181.0,LE,691.9,716.7,-3.0,N,2026-08-29 12:26:22.026395
2026-08-29,2026-06-01,2026-08-29,district,EAST UTTAR PRADESH,UTTAR PRADESH,KUSHI NAGAR,0.0,2.9,-100.0,NR,201.1,581.5,-65.0,LD,2026-08-29 12:26:22.026395
2026-08-29,2026-06-01,2026-08-29,district,EAST UTTAR PRADESH,UTTAR PRADESH,LUCKNOW,11.2,3.8,193.0,LE,500.1,507.2,-1.0,N,2026-08-29 12:26:22.026395
2026-08-29,2026-06-01,2026-08-29,district,EAST UTTAR PRADESH,UTTAR PRADESH,MAHARAJGANJ,7.5,5.8,29.0,E,598.9,792.2,-24.0,D,2026-08-29 12:26:22.026395
2026-08-29,2026-06-01,2026-08-29,district,EAST UTTAR PRADESH,UTTAR PRADESH,MAU,16.0,6.2,158.0,LE,229.5,618.4,-63.0,LD,2026-08-29 12:26:22.026395
2026-08-29,2026-06-01,2026-08-29,district,EAST UTTAR PRADESH,UTTAR PRADESH,MIRZAPUR,6.7,7.7,-13.0,N,713.2,670.8,6.0,N,2026-08-29 12:26:22.026395
2026-08-29,2026-06-01,2026-08-29,district,EAST UTTAR PRADESH,UTTAR PRADESH,PRATAPGARH,11.0,4.8,129.0,LE,645.8,586.5,10.0,N,2026-08-29 12:26:22.026395
2026-08-29,2026-06-01,2026-08-29,district,EAST UTTAR PRADESH,UTTAR PRADESH,PRAYAGRAJ,20.7,4.7,340.0,LE,747.5,550.9,36.0,E,2026-08-29 12:26:22.026395
2026-08-29,2026-06-01,2026-08-29,district,EAST UTTAR PRADESH,UTTAR PRADESH,RAE BAREILLY,2.3,2.7,-16.0,N,268.9,331.5,-19.0,N,2026-08-29 12:26:22.026395
2026-08-29,2026-06-01,2026-08-29,district,EAST UTTAR PRADESH,UTTAR PRADESH,SANT KABIR NAGAR,7.6,8.4,-10.0,N,395.8,798.0,-50.0,D,2026-08-29 12:26:22.026395
2026-08-29,2026-06-01,2026-08-29,district,EAST UTTAR PRADESH,UTTAR PRADESH,SHRAWASTI,13.4,7.5,79.0,LE,565.9,867.2,-35.0,D,2026-08-29 12:26:22.026395
2026-08-29,2026-06-01,2026-08-29,district,EAST UTTAR PRADESH,UTTAR PRADESH,SIDDHARTH NAGAR,0.0,5.9,-100.0,NR,514.7,832.7,-38.0,D,2026-08-29 12:26:22.026395
2026-08-29,2026-06-01,2026-08-29,district,EAST UTTAR PRADESH,UTTAR PRADESH,SITAPUR,14.8,6.4,131.0,LE,381.7,632.8,-40.0,D,2026-08-29 12:26:22.026395
2026-08-29,2026-06-01,2026-08-29,district,EAST UTTAR PRADESH,UTTAR PRADESH,SONBHADRA,0.6,5.8,-89.0,LD,640.1,665.8,-4.0,N,2026-08-29 12:26:22.026395
2026-08-29,2026-06-01,2026-08-29,district,EAST UTTAR PRADESH,UTTAR PRADESH,SULTANPUR,0.1,4.7,-99.0,LD,587.7,622.4,-6.0,N,2026-08-29 12:26:22.026395
2026-08-29,2026-06-01,2026-08-29,district,EAST UTTAR PRADESH,UTTAR PRADESH,UNNAO,11.0,3.3,233.0,LE,352.2,490.3,-28.0,D,2026-08-29 12:26:22.026395
2026-08-29,2026-06-01,2026-08-29,district,EAST UTTAR PRADESH,UTTAR PRADESH,VARANASI,3.1,5.9,-48.0,D,603.2,597.2,1.0,N,2026-08-29 12:26:22.026395
2026-08-29,2026-06-01,2026-08-29,district,GANGETIC WEST BENGAL,WEST BENGAL,BANKURA,3.0,8.4,-64.0,LD,927.9,893.2,4.0,N,2026-08-29 12:26:22.026395
2026-08-29,2026-06-01,2026-08-29,district,GANGETIC WEST BENGAL,WEST BENGAL,BIRBHUM,0.8,7.7,-90.0,LD,670.5,851.8,-21.0,D,2026-08-29 12:26:22.026395
2026-08-29,2026-06-01,2026-08-29,district,GANGETIC WEST BENGAL,WEST BENGAL,EAST MIDNAPORE,35.6,11.0,224.0,LE,1506.7,949.3,59.0,E,2026-08-29 12:26:22.026395
2026-08-29,2026-06-01,2026-08-29,district,GANGETIC WEST BENGAL,WEST BENGAL,HOOGHLY,0.0,8.8,-100.0,NR,824.5,803.6,3.0,N,2026-08-29 12:26:22.026395
2026-08-29,2026-06-01,2026-08-29,district,GANGETIC WEST BENGAL,WEST BENGAL,HOWRAH,0.0,10.2,-100.0,NR,969.0,880.3,10.0,N,2026-08-29 12:26:22.026395
2026-08-29,2026-06-01,2026-08-29,district,GANGETIC WEST BENGAL,WEST BENGAL,JHARGRAM,6.9,10.3,-33.0,D,900.2,893.6,1.0,N,2026-08-29 12:26:22.026395
2026-08-29,2026-06-01,2026-08-29,district,GANGETIC WEST BENGAL,WEST BENGAL,KOLKATA,7.0,10.3,-32.0,D,1115.5,1016.5,10.0,N,2026-08-29 12:26:22.026395
2026-08-29,2026-06-01,2026-08-29,district,GANGETIC WEST BENGAL,WEST BENGAL,MURSHIDABAD,0.0,6.4,-100.0,NR,576.9,749.1,-23.0,D,2026-08-29 12:26:22.026395
2026-08-29,2026-06-01,2026-08-29,district,GANGETIC WEST BENGAL,WEST BENGAL,NADIA,5.2,6.9,-25.0,D,563.3,719.6,-22.0,D,2026-08-29 12:26:22.026395
2026-08-29,2026-06-01,2026-08-29,district,GANGETIC WEST BENGAL,WEST BENGAL,NORTH 24 PARGANAS,0.4,9.1,-95.0,LD,1071.4,882.6,21.0,E,2026-08-29 12:26:22.026395
2026-08-29,2026-06-01,2026-08-29,district,GANGETIC WEST BENGAL,WEST BENGAL,PASCHIM BARDHAMAN,0.1,6.4,-98.0,LD,848.8,838.7,1.0,N,2026-08-29 12:26:22.026395
2026-08-29,2026-06-01,2026-08-29,district,GANGETIC WEST BENGAL,WEST BENGAL,PURBA BARDHAMAN,0.0,6.0,-100.0,NR,726.6,794.6,-9.0,N,2026-08-29 12:26:22.026395
2026-08-29,2026-06-01,2026-08-29,district,GANGETIC WEST BENGAL,WEST BENGAL,PURULIA,27.9,7.8,258.0,LE,742.2,838.4,-11.0,N,2026-08-29 12:26:22.026395
2026-08-29,2026-06-01,2026-08-29,district,GANGETIC WEST BENGAL,WEST BENGAL,SOUTH 24 PARGANAS,7.7,11.7,-34.0,D,1294.8,1109.8,17.0,N,2026-08-29 12:26:22.026395
2026-08-29,2026-06-01,2026-08-29,district,GANGETIC WEST BENGAL,WEST BENGAL,WEST MIDNAPORE,3.8,10.3,-63.0,LD,1267.1,893.6,42.0,E,2026-08-29 12:26:22.026395
2026-08-29,2026-06-01,2026-08-29,district,GUJARAT REGION,DADRA & NAGAR HAVELI AND DAMAN & DIU (UT),DADARA & NAGAR HAVELI,2.9,30.6,-91.0,LD,2913.5,1921.2,52.0,E,2026-08-29 12:26:22.026395
2026-08-29,2026-06-01,2026-08-29,district,GUJARAT REGION,DADRA & NAGAR HAVELI AND DAMAN & DIU (UT),DAMAN,4.4,30.6,-86.0,LD,2659.1,1921.2,38.0,E,2026-08-29 12:26:22.026395
2026-08-29,2026-06-01,2026-08-29,district,GUJARAT REGION,GUJARAT,AHMEDABAD,0.0,7.9,-100.0,NR,539.6,541.8,0.0,N,2026-08-29 12:26:22.026395
2026-08-29,2026-06-01,2026-08-29,district,GUJARAT REGION,GUJARAT,ANAND,0.0,8.5,-100.0,NR,759.8,680.8,12.0,N,2026-08-29 12:26:22.026395
2026-08-29,2026-06-01,2026-08-29,district,GUJARAT REGION,GUJARAT,ARAVALLI,0.0,8.1,-100.0,NR,386.9,686.9,-44.0,D,2026-08-29 12:26:22.026395
2026-08-29,2026-06-01,2026-08-29,district,GUJARAT REGION,GUJARAT,BANASKANTHA,0.0,4.4,-100.0,NR,379.3,491.4,-23.0,D,2026-08-29 12:26:22.026395
2026-08-29,2026-06-01,2026-08-29,district,GUJARAT REGION,GUJARAT,BHARUCH,0.0,9.2,-100.0,NR,747.1,589.1,27.0,E,2026-08-29 12:26:22.026395
2026-08-29,2026-06-01,2026-08-29,district,GUJARAT REGION,GUJARAT,CHHOTA UDEPUR,0.0,11.6,-100.0,NR,596.3,801.8,-26.0,D,2026-08-29 12:26:22.026395
2026-08-29,2026-06-01,2026-08-29,district,GUJARAT REGION,GUJARAT,DAHOD,0.0,6.5,-100.0,NR,369.4,638.1,-42.0,D,2026-08-29 12:26:22.026395
2026-08-29,2026-06-01,2026-08-29,district,GUJARAT REGION,GUJARAT,DANGS,2.4,21.4,-89.0,LD,2315.7,1844.2,26.0,E,2026-08-29 12:26:22.026395
2026-08-29,2026-06-01,2026-08-29,district,GUJARAT REGION,GUJARAT,GANDHINAGAR,0.0,5.8,-100.0,NR,469.3,625.3,-25.0,D,2026-08-29 12:26:22.026395
2026-08-29,2026-06-01,2026-08-29,district,GUJARAT REGION,GUJARAT,KHEDA,0.0,8.6,-100.0,NR,867.4,666.3,30.0,E,2026-08-29 12:26:22.026395
2026-08-29,2026-06-01,2026-08-29,district,GUJARAT REGION,GUJARAT,MAHISAGAR,0.0,8.4,-100.0,NR,682.2,661.6,3.0,N,2026-08-29 12:26:22.026395
2026-08-29,2026-06-01,2026-08-29,district,GUJARAT REGION,GUJARAT,MEHSANA,0.0,7.0,-100.0,NR,448.4,573.0,-22.0,D,2026-08-29 12:26:22.026395
2026-08-29,2026-06-01,2026-08-29,district,GUJARAT REGION,GUJARAT,NARMADA,0.0,13.2,-100.0,NR,866.4,857.5,1.0,N,2026-08-29 12:26:22.026395
2026-08-29,2026-06-01,2026-08-29,district,GUJARAT REGION,GUJARAT,NAVSARI,0.1,19.8,-99.0,LD,2247.2,1519.5,48.0,E,2026-08-29 12:26:22.026395
2026-08-29,2026-06-01,2026-08-29,district,GUJARAT REGION,GUJARAT,PANCHMAHAL,0.0,12.0,-100.0,NR,698.6,763.5,-9.0,N,2026-08-29 12:26:22.026395
2026-08-29,2026-06-01,2026-08-29,district,GUJARAT REGION,GUJARAT,PATAN,0.0,4.7,-100.0,NR,406.7,457.4,-11.0,N,2026-08-29 12:26:22.026395
2026-08-29,2026-06-01,2026-08-29,district,GUJARAT REGION,GUJARAT,SABARKANTHA,0.0,7.5,-100.0,NR,410.2,685.9,-40.0,D,2026-08-29 12:26:22.026395
2026-08-29,2026-06-01,2026-08-29,district,GUJARAT REGION,GUJARAT,SURAT,0.4,13.3,-97.0,LD,1460.8,1064.0,37.0,E,2026-08-29 12:26:22.026395
2026-08-29,2026-06-01,2026-08-29,district,GUJARAT REGION,GUJARAT,TAPI,0.1,14.8,-99.0,LD,1299.5,1159.0,12.0,N,2026-08-29 12:26:22.026395
2026-08-29,2026-06-01,2026-08-29,district,GUJARAT REGION,GUJARAT,VADODARA,0.0,10.8,-100.0,NR,530.0,728.7,-27.0,D,2026-08-29 12:26:22.026395
2026-08-29,2026-06-01,2026-08-29,district,GUJARAT REGION,GUJARAT,VALSAD,3.8,18.7,-80.0,LD,2699.9,1718.6,57.0,E,2026-08-29 12:26:22.026395
2026-08-29,2026-06-01,2026-08-29,district,HAR. CHD & DELHI,CHANDIGARH (UT),CHANDIGARH,0.0,2.9,-99.0,LD,596.3,702.1,-15.0,N,2026-08-29 12:26:22.026395
2026-08-29,2026-06-01,2026-08-29,district,HAR. CHD & DELHI,DELHI,CENTRAL DELHI,0.0,7.9,-100.0,NR,693.2,531.0,31.0,E,2026-08-29 12:26:22.026395
2026-08-29,2026-06-01,2026-08-29,district,HAR. CHD & DELHI,DELHI,EAST DELHI,0.0,7.9,-100.0,NR,534.1,531.0,1.0,N,2026-08-29 12:26:22.026395
2026-08-29,2026-06-01,2026-08-29,district,HAR. CHD & DELHI,DELHI,NEW DELHI,0.0,7.9,-100.0,NR,483.1,506.7,-5.0,N,2026-08-29 12:26:22.026395
2026-08-29,2026-06-01,2026-08-29,district,HAR. CHD & DELHI,DELHI,NORTH EAST DELHI,0.0,7.9,-100.0,NR,511.4,531.0,-4.0,N,2026-08-29 12:26:22.026395
2026-08-29,2026-06-01,2026-08-29,district,HAR. CHD & DELHI,DELHI,NORTH WEST DELHI,0.0,6.3,-100.0,NR,395.5,322.4,23.0,E,2026-08-29 12:26:22.026395
2026-08-29,2026-06-01,2026-08-29,district,HAR. CHD & DELHI,DELHI,SOUTH DELHI,0.0,7.9,-100.0,NR,521.1,531.0,-2.0,N,2026-08-29 12:26:22.026395
2026-08-29,2026-06-01,2026-08-29,district,HAR. CHD & DELHI,DELHI,SOUTH EAST DELHI,0.0,7.9,-100.0,NR,620.9,531.0,17.0,N,2026-08-29 12:26:22.026395
2026-08-29,2026-06-01,2026-08-29,district,HAR. CHD & DELHI,DELHI,SOUTH WEST DELHI,0.0,3.3,-100.0,NR,382.1,431.3,-11.0,N,2026-08-29 12:26:22.026395
2026-08-29,2026-06-01,2026-08-29,district,HAR. CHD & DELHI,DELHI,WEST DELHI,0.0,6.4,-100.0,NR,613.8,482.1,27.0,E,2026-08-29 12:26:22.026395
2026-08-29,2026-06-01,2026-08-29,district,HAR. CHD & DELHI,HARYANA,AMBALA,0.0,5.5,-100.0,NR,332.4,666.0,-50.0,D,2026-08-29 12:26:22.026395
2026-08-29,2026-06-01,2026-08-29,district,HAR. CHD & DELHI,HARYANA,BHIWANI,0.0,1.9,-100.0,NR,260.8,242.9,7.0,N,2026-08-29 12:26:22.026395
2026-08-29,2026-06-01,2026-08-29,district,HAR. CHD & DELHI,HARYANA,CHARKHI DADRI,0.0,3.7,-100.0,NR,325.7,334.4,-3.0,N,2026-08-29 12:26:22.026395
2026-08-29,2026-06-01,2026-08-29,district,HAR. CHD & DELHI,HARYANA,FARIDABAD,0.0,5.9,-100.0,NR,491.7,436.3,13.0,N,2026-08-29 12:26:22.026395
2026-08-29,2026-06-01,2026-08-29,district,HAR. CHD & DELHI,HARYANA,FATEHABAD,0.0,3.3,-100.0,NR,211.8,210.6,1.0,N,2026-08-29 12:26:22.026395
2026-08-29,2026-06-01,2026-08-29,district,HAR. CHD & DELHI,HARYANA,GURGAON,1.4,5.5,-75.0,LD,409.9,402.2,2.0,N,2026-08-29 12:26:22.026395
2026-08-29,2026-06-01,2026-08-29,district,HAR. CHD & DELHI,HARYANA,HISAR,0.0,3.0,-100.0,NR,199.8,243.5,-18.0,N,2026-08-29 12:26:22.026395
2026-08-29,2026-06-01,2026-08-29,district,HAR. CHD & DELHI,HARYANA,JHAJJAR,0.0,3.8,-100.0,NR,285.1,306.4,-7.0,N,2026-08-29 12:26:22.026395
2026-08-29,2026-06-01,2026-08-29,district,HAR. CHD & DELHI,HARYANA,JIND,0.0,1.6,-100.0,NR,133.9,308.1,-57.0,D,2026-08-29 12:26:22.026395
2026-08-29,2026-06-01,2026-08-29,district,HAR. CHD & DELHI,HARYANA,KAITHAL,0.0,3.6,-100.0,NR,150.7,298.1,-49.0,D,2026-08-29 12:26:22.026395
2026-08-29,2026-06-01,2026-08-29,district,HAR. CHD & DELHI,HARYANA,KARNAL,0.0,3.3,-100.0,NR,249.2,418.6,-40.0,D,2026-08-29 12:26:22.026395
2026-08-29,2026-06-01,2026-08-29,district,HAR. CHD & DELHI,HARYANA,KURUKSHETRA,0.0,2.9,-100.0,NR,346.6,329.5,5.0,N,2026-08-29 12:26:22.026395
2026-08-29,2026-06-01,2026-08-29,district,HAR. CHD & DELHI,HARYANA,MAHENDRAGARH,0.0,2.0,-100.0,NR,286.7,335.2,-14.0,N,2026-08-29 12:26:22.026395
2026-08-29,2026-06-01,2026-08-29,district,HAR. CHD & DELHI,HARYANA,NUH,0.0,5.9,-100.0,NR,388.1,380.2,2.0,N,2026-08-29 12:26:22.026395
2026-08-29,2026-06-01,2026-08-29,district,HAR. CHD & DELHI,HARYANA,PALWAL,0.0,3.9,-100.0,NR,397.7,319.4,25.0,E,2026-08-29 12:26:22.026395
2026-08-29,2026-06-01,2026-08-29,district,HAR. CHD & DELHI,HARYANA,PANCHKULA,25.3,5.3,378.0,LE,410.8,698.1,-41.0,D,2026-08-29 12:26:22.026395
2026-08-29,2026-06-01,2026-08-29,district,HAR. CHD & DELHI,HARYANA,PANIPAT,0.0,3.0,-100.0,NR,281.2,360.0,-22.0,D,2026-08-29 12:26:22.026395
2026-08-29,2026-06-01,2026-08-29,district,HAR. CHD & DELHI,HARYANA,REWARI,0.0,4.0,-100.0,NR,336.5,351.5,-4.0,N,2026-08-29 12:26:22.026395
2026-08-29,2026-06-01,2026-08-29,district,HAR. CHD & DELHI,HARYANA,ROHTAK,0.0,5.5,-100.0,NR,217.5,384.1,-43.0,D,2026-08-29 12:26:22.026395
2026-08-29,2026-06-01,2026-08-29,district,HAR. CHD & DELHI,HARYANA,SIRSA,0.0,1.9,-100.0,NR,86.0,176.3,-51.0,D,2026-08-29 12:26:22.026395
2026-08-29,2026-06-01,2026-08-29,district,HAR. CHD & DELHI,HARYANA,SONEPAT,0.0,5.0,-100.0,NR,284.6,378.9,-25.0,D,2026-08-29 12:26:22.026395
2026-08-29,2026-06-01,2026-08-29,district,HAR. CHD & DELHI,HARYANA,YAMUNA NAGAR,0.9,6.3,-85.0,LD,678.9,742.5,-9.0,N,2026-08-29 12:26:22.026395
2026-08-29,2026-06-01,2026-08-29,district,HIMACHAL PRADESH,HIMACHAL PRADESH,BILASPUR,2.1,6.6,-68.0,LD,693.3,677.7,2.0,N,2026-08-29 12:26:22.026395
2026-08-29,2026-06-01,2026-08-29,district,HIMACHAL PRADESH,HIMACHAL PRADESH,CHAMBA,0.0,6.2,-100.0,NR,638.9,709.8,-10.0,N,2026-08-29 12:26:22.026395
2026-08-29,2026-06-01,2026-08-29,district,HIMACHAL PRADESH,HIMACHAL PRADESH,HAMIRPUR,0.0,4.7,-100.0,NR,517.3,824.2,-37.0,D,2026-08-29 12:26:22.026395
2026-08-29,2026-06-01,2026-08-29,district,HIMACHAL PRADESH,HIMACHAL PRADESH,KANGRA,19.5,12.6,55.0,E,1287.3,1379.0,-7.0,N,2026-08-29 12:26:22.026395
2026-08-29,2026-06-01,2026-08-29,district,HIMACHAL PRADESH,HIMACHAL PRADESH,KINNAUR,0.0,1.9,-100.0,NR,199.3,181.8,10.0,N,2026-08-29 12:26:22.026395
2026-08-29,2026-06-01,2026-08-29,district,HIMACHAL PRADESH,HIMACHAL PRADESH,KULLU,0.0,3.3,-100.0,NR,473.6,444.2,7.0,N,2026-08-29 12:26:22.026395
2026-08-29,2026-06-01,2026-08-29,district,HIMACHAL PRADESH,HIMACHAL PRADESH,LAHAUL & SPITI,0.0,4.0,-100.0,NR,110.4,290.6,-62.0,LD,2026-08-29 12:26:22.026395
2026-08-29,2026-06-01,2026-08-29,district,HIMACHAL PRADESH,HIMACHAL PRADESH,MANDI,1.8,7.3,-75.0,LD,839.3,939.5,-11.0,N,2026-08-29 12:26:22.026395
2026-08-29,2026-06-01,2026-08-29,district,HIMACHAL PRADESH,HIMACHAL PRADESH,SHIMLA,0.0,2.9,-100.0,NR,641.6,508.6,26.0,E,2026-08-29 12:26:22.026395
2026-08-29,2026-06-01,2026-08-29,district,HIMACHAL PRADESH,HIMACHAL PRADESH,SIRMAUR,0.5,7.4,-94.0,LD,1066.5,988.8,8.0,N,2026-08-29 12:26:22.026395
2026-08-29,2026-06-01,2026-08-29,district,HIMACHAL PRADESH,HIMACHAL PRADESH,SOLAN,0.7,5.2,-87.0,LD,705.5,717.6,-2.0,N,2026-08-29 12:26:22.026395
2026-08-29,2026-06-01,2026-08-29,district,HIMACHAL PRADESH,HIMACHAL PRADESH,UNA,2.4,5.7,-58.0,D,675.2,790.7,-15.0,N,2026-08-29 12:26:22.026395
2026-08-29,2026-06-01,2026-08-29,district,J & K AND LADAKH,JAMMU & KASHMIR(UT),ANANTNAG,0.0,5.2,-100.0,NR,277.9,256.0,9.0,N,2026-08-29 12:26:22.026395
2026-08-29,2026-06-01,2026-08-29,district,J & K AND LADAKH,JAMMU & KASHMIR(UT),BADGAM,0.0,4.9,-100.0,NR,127.9,168.9,-24.0,D,2026-08-29 12:26:22.026395
2026-08-29,2026-06-01,2026-08-29,district,J & K AND LADAKH,JAMMU & KASHMIR(UT),BANDIPORA,0.0,2.8,-100.0,NR,192.2,181.0,6.0,N,2026-08-29 12:26:22.026395
2026-08-29,2026-06-01,2026-08-29,district,J & K AND LADAKH,JAMMU & KASHMIR(UT),BARAMULA,0.0,2.4,-100.0,NR,270.0,174.5,55.0,E,2026-08-29 12:26:22.026395
2026-08-29,2026-06-01,2026-08-29,district,J & K AND LADAKH,JAMMU & KASHMIR(UT),DODA,0.0,0.9,-100.0,NR,360.3,339.7,6.0,N,2026-08-29 12:26:22.026395
2026-08-29,2026-06-01,2026-08-29,district,J & K AND LADAKH,JAMMU & KASHMIR(UT),GANDERBAL,0.0,3.5,-100.0,NR,302.8,213.8,42.0,E,2026-08-29 12:26:22.026395
2026-08-29,2026-06-01,2026-08-29,district,J & K AND LADAKH,JAMMU & KASHMIR(UT),JAMMU,0.0,6.7,-100.0,NR,693.9,802.1,-13.0,N,2026-08-29 12:26:22.026395
2026-08-29,2026-06-01,2026-08-29,district,J & K AND LADAKH,JAMMU & KASHMIR(UT),KATHUA,12.9,8.2,58.0,E,915.0,1035.2,-12.0,N,2026-08-29 12:26:22.026395
2026-08-29,2026-06-01,2026-08-29,district,J & K AND LADAKH,JAMMU & KASHMIR(UT),KISTWAR,0.0,0.9,-100.0,NR,169.3,339.7,-50.0,D,2026-08-29 12:26:22.026395
2026-08-29,2026-06-01,2026-08-29,district,J & K AND LADAKH,JAMMU & KASHMIR(UT),KULGAM,0.0,2.8,-100.0,NR,260.4,258.5,1.0,N,2026-08-29 12:26:22.026395
2026-08-29,2026-06-01,2026-08-29,district,J & K AND LADAKH,JAMMU & KASHMIR(UT),KUPWARA,0.0,3.5,-100.0,NR,209.7,213.3,-2.0,N,2026-08-29 12:26:22.026395
2026-08-29,2026-06-01,2026-08-29,district,J & K AND LADAKH,JAMMU & KASHMIR(UT),POONCH,0.0,3.5,-100.0,NR,740.8,549.6,35.0,E,2026-08-29 12:26:22.026395
2026-08-29,2026-06-01,2026-08-29,district,J & K AND LADAKH,JAMMU & KASHMIR(UT),PULWAMA,0.0,1.8,-100.0,NR,234.1,157.6,49.0,E,2026-08-29 12:26:22.026395
2026-08-29,2026-06-01,2026-08-29,district,J & K AND LADAKH,JAMMU & KASHMIR(UT),RAJOURI,1.0,2.9,-66.0,LD,584.6,565.9,3.0,N,2026-08-29 12:26:22.026395
2026-08-29,2026-06-01,2026-08-29,district,J & K AND LADAKH,JAMMU & KASHMIR(UT),RAMBAN,0.0,3.7,-100.0,NR,443.9,327.9,35.0,E,2026-08-29 12:26:22.026395
2026-08-29,2026-06-01,2026-08-29,district,J & K AND LADAKH,JAMMU & KASHMIR(UT),REASI,110.4,7.6,1352.0,LE,1130.4,1327.5,-15.0,N,2026-08-29 12:26:22.026395
2026-08-29,2026-06-01,2026-08-29,district,J & K AND LADAKH,JAMMU & KASHMIR(UT),SAMBA,15.5,0.2,7650.0,LE,940.0,651.1,44.0,E,2026-08-29 12:26:22.026395
2026-08-29,2026-06-01,2026-08-29,district,J & K AND LADAKH,JAMMU & KASHMIR(UT),SHOPIAN,0.0,3.5,-100.0,NR,117.0,236.4,-51.0,D,2026-08-29 12:26:22.026395
2026-08-29,2026-06-01,2026-08-29,district,J & K AND LADAKH,JAMMU & KASHMIR(UT),SRINAGAR,0.0,2.9,-100.0,NR,226.3,195.3,16.0,N,2026-08-29 12:26:22.026395
2026-08-29,2026-06-01,2026-08-29,district,J & K AND LADAKH,JAMMU & KASHMIR(UT),UDHAMPUR,45.8,7.4,518.0,LE,1327.5,823.1,61.0,LE,2026-08-29 12:26:22.026395
2026-08-29,2026-06-01,2026-08-29,district,J & K AND LADAKH,LADAKH (UT),KARGIL,0.0,0.4,-100.0,NR,21.6,7.2,172.0,LE,2026-08-29 12:26:22.026395
2026-08-29,2026-06-01,2026-08-29,district,J & K AND LADAKH,LADAKH (UT),LADAKH (LEH),0.0,0.2,-100.0,NR,57.8,19.3,195.0,LE,2026-08-29 12:26:22.026395
2026-08-29,2026-06-01,2026-08-29,district,JHARKHAND,JHARKHAND,BOKARO,7.8,5.6,39.0,E,547.6,703.2,-22.0,D,2026-08-29 12:26:22.026395
2026-08-29,2026-06-01,2026-08-29,district,JHARKHAND,JHARKHAND,CHATRA,0.0,7.5,-100.0,NR,487.3,729.3,-33.0,D,2026-08-29 12:26:22.026395
2026-08-29,2026-06-01,2026-08-29,district,JHARKHAND,JHARKHAND,DEOGHAR,16.3,5.8,182.0,LE,379.0,740.9,-49.0,D,2026-08-29 12:26:22.026395
2026-08-29,2026-06-01,2026-08-29,district,JHARKHAND,JHARKHAND,DHANBAD,6.8,8.4,-19.0,N,731.3,810.4,-10.0,N,2026-08-29 12:26:22.026395
2026-08-29,2026-06-01,2026-08-29,district,JHARKHAND,JHARKHAND,EAST SINGHBHUM,18.8,8.6,118.0,LE,808.8,844.2,-4.0,N,2026-08-29 12:26:22.026395
2026-08-29,2026-06-01,2026-08-29,district,JHARKHAND,JHARKHAND,GARHWA,0.0,8.4,-100.0,NR,467.3,710.7,-34.0,D,2026-08-29 12:26:22.026395
2026-08-29,2026-06-01,2026-08-29,district,JHARKHAND,JHARKHAND,GIRIDIH,6.1,5.7,6.0,N,442.2,739.8,-40.0,D,2026-08-29 12:26:22.026395
2026-08-29,2026-06-01,2026-08-29,district,JHARKHAND,JHARKHAND,GODDA,1.4,6.6,-79.0,LD,459.2,681.0,-33.0,D,2026-08-29 12:26:22.026395
2026-08-29,2026-06-01,2026-08-29,district,JHARKHAND,JHARKHAND,GUMLA,5.6,9.1,-38.0,D,611.5,817.9,-25.0,D,2026-08-29 12:26:22.026395
2026-08-29,2026-06-01,2026-08-29,district,JHARKHAND,JHARKHAND,HAZARIBAG,6.2,7.2,-14.0,N,581.6,805.0,-28.0,D,2026-08-29 12:26:22.026395
2026-08-29,2026-06-01,2026-08-29,district,JHARKHAND,JHARKHAND,JAMTARA,2.1,7.5,-72.0,LD,646.3,818.2,-21.0,D,2026-08-29 12:26:22.026395
2026-08-29,2026-06-01,2026-08-29,district,JHARKHAND,JHARKHAND,KHUNTI,9.7,8.9,9.0,N,861.8,860.3,0.0,N,2026-08-29 12:26:22.026395
2026-08-29,2026-06-01,2026-08-29,district,JHARKHAND,JHARKHAND,KODERMA,8.4,4.1,106.0,LE,362.9,663.9,-45.0,D,2026-08-29 12:26:22.026395
2026-08-29,2026-06-01,2026-08-29,district,JHARKHAND,JHARKHAND,LATEHAR,59.6,8.8,577.0,LE,912.5,799.0,14.0,N,2026-08-29 12:26:22.026395
2026-08-29,2026-06-01,2026-08-29,district,JHARKHAND,JHARKHAND,LOHARDAGA,3.3,7.1,-54.0,D,727.5,769.6,-5.0,N,2026-08-29 12:26:22.026395
2026-08-29,2026-06-01,2026-08-29,district,JHARKHAND,JHARKHAND,PAKUR,0.0,6.6,-100.0,NR,369.5,884.8,-58.0,D,2026-08-29 12:26:22.026395
2026-08-29,2026-06-01,2026-08-29,district,JHARKHAND,JHARKHAND,PALAMU,10.2,7.5,37.0,E,535.5,651.2,-18.0,N,2026-08-29 12:26:22.026395
2026-08-29,2026-06-01,2026-08-29,district,JHARKHAND,JHARKHAND,RAMGARH,11.3,8.0,42.0,E,684.7,792.5,-14.0,N,2026-08-29 12:26:22.026395
2026-08-29,2026-06-01,2026-08-29,district,JHARKHAND,JHARKHAND,RANCHI,30.2,9.6,214.0,LE,785.9,804.4,-2.0,N,2026-08-29 12:26:22.026395
2026-08-29,2026-06-01,2026-08-29,district,JHARKHAND,JHARKHAND,SERAIKELA-KHARSAWAN,44.8,6.8,559.0,LE,859.2,779.6,10.0,N,2026-08-29 12:26:22.026395
2026-08-29,2026-06-01,2026-08-29,district,JHARKHAND,JHARKHAND,SIMDEGA,3.5,13.2,-74.0,LD,1042.4,1013.7,3.0,N,2026-08-29 12:26:22.026395
2026-08-29,2026-06-01,2026-08-29,district,JHARKHAND,JHARKHAND,WEST SINGHBHUM,24.0,9.5,153.0,LE,1063.7,795.9,34.0,E,2026-08-29 12:26:22.026395
2026-08-29,2026-06-01,2026-08-29,district,KERALA & MAHE,KERALA,ALAPUZHA,1.5,10.1,-85.0,LD,1011.4,1352.8,-25.0,D,2026-08-29 12:26:22.026395
2026-08-29,2026-06-01,2026-08-29,district,KERALA & MAHE,KERALA,ERNAKULAM,3.9,11.4,-66.0,LD,1442.1,1771.8,-19.0,N,2026-08-29 12:26:22.026395
2026-08-29,2026-06-01,2026-08-29,district,KERALA & MAHE,KERALA,IDUKKI,5.2,18.7,-72.0,LD,1235.4,2169.7,-43.0,D,2026-08-29 12:26:22.026395
2026-08-29,2026-06-01,2026-08-29,district,KERALA & MAHE,KERALA,KANNUR,7.5,13.6,-45.0,D,2191.9,2322.9,-6.0,N,2026-08-29 12:26:22.026395
2026-08-29,2026-06-01,2026-08-29,district,KERALA & MAHE,KERALA,KASARGOD,6.9,16.4,-58.0,D,2227.6,2546.4,-13.0,N,2026-08-29 12:26:22.026395
2026-08-29,2026-06-01,2026-08-29,district,KERALA & MAHE,KERALA,KOLLAM,0.2,7.4,-97.0,LD,724.7,1015.2,-29.0,D,2026-08-29 12:26:22.026395
2026-08-29,2026-06-01,2026-08-29,district,KERALA & MAHE,KERALA,KOTTAYAM,1.6,9.6,-83.0,LD,1512.9,1586.9,-5.0,N,2026-08-29 12:26:22.026395
2026-08-29,2026-06-01,2026-08-29,district,KERALA & MAHE,KERALA,KOZHIKODE,12.9,10.5,23.0,E,2014.4,2243.9,-10.0,N,2026-08-29 12:26:22.026395
2026-08-29,2026-06-01,2026-08-29,district,KERALA & MAHE,KERALA,MALAPPURAM,5.1,8.9,-43.0,D,1365.2,1680.0,-19.0,N,2026-08-29 12:26:22.026395
2026-08-29,2026-06-01,2026-08-29,district,KERALA & MAHE,KERALA,PALAKKAD,11.4,7.4,54.0,E,1047.1,1330.8,-21.0,D,2026-08-29 12:26:22.026395
2026-08-29,2026-06-01,2026-08-29,district,KERALA & MAHE,KERALA,PATHANAMTHITTA,1.0,11.2,-91.0,LD,1308.2,1303.2,0.0,N,2026-08-29 12:26:22.026395
2026-08-29,2026-06-01,2026-08-29,district,KERALA & MAHE,KERALA,THIRUVANANTHAPURAM,0.0,4.5,-100.0,NR,664.2,653.6,2.0,N,2026-08-29 12:26:22.026395
2026-08-29,2026-06-01,2026-08-29,district,KERALA & MAHE,KERALA,THRISSUR,13.3,9.5,40.0,E,1424.8,1813.6,-21.0,D,2026-08-29 12:26:22.026395
2026-08-29,2026-06-01,2026-08-29,district,KERALA & MAHE,KERALA,WYNAD,6.5,11.8,-45.0,D,1093.0,2172.7,-50.0,D,2026-08-29 12:26:22.026395
2026-08-29,2026-06-01,2026-08-29,district,KONKAN & GOA,GOA,NORTH GOA,3.8,19.0,-80.0,LD,1658.8,2715.5,-39.0,D,2026-08-29 12:26:22.026395
2026-08-29,2026-06-01,2026-08-29,district,KONKAN & GOA,GOA,SOUTH GOA,4.4,18.5,-76.0,LD,1818.0,2593.1,-30.0,D,2026-08-29 12:26:22.026395
2026-08-29,2026-06-01,2026-08-29,district,KONKAN & GOA,MAHARASHTRA,MUMBAI CITY,0.2,20.5,-99.0,LD,1779.0,1721.4,3.0,N,2026-08-29 12:26:22.026395
2026-08-29,2026-06-01,2026-08-29,district,KONKAN & GOA,MAHARASHTRA,MUMBAI SUBURBAN,3.8,21.2,-82.0,LD,2224.1,1917.1,16.0,N,2026-08-29 12:26:22.026395
2026-08-29,2026-06-01,2026-08-29,district,KONKAN & GOA,MAHARASHTRA,PALGHAR,5.5,21.6,-75.0,LD,2464.4,1906.1,29.0,E,2026-08-29 12:26:22.026395
2026-08-29,2026-06-01,2026-08-29,district,KONKAN & GOA,MAHARASHTRA,RAIGAD,13.8,27.4,-50.0,D,2736.2,2639.8,4.0,N,2026-08-29 12:26:22.026395
2026-08-29,2026-06-01,2026-08-29,district,KONKAN & GOA,MAHARASHTRA,RATNAGIRI,30.0,26.0,15.0,N,2398.8,2741.8,-13.0,N,2026-08-29 12:26:22.026395
2026-08-29,2026-06-01,2026-08-29,district,KONKAN & GOA,MAHARASHTRA,SINDHUDURG,8.2,20.7,-61.0,LD,1701.1,2568.5,-34.0,D,2026-08-29 12:26:22.026395
2026-08-29,2026-06-01,2026-08-29,district,KONKAN & GOA,MAHARASHTRA,THANE,2.1,23.7,-91.0,LD,1979.9,2048.1,-3.0,N,2026-08-29 12:26:22.026395
2026-08-29,2026-06-01,2026-08-29,district,LAKSHADWEEP,LAKSHADWEEP,LAKSHADWEEP,0.0,6.0,-100.0,NR,627.9,837.0,-25.0,D,2026-08-29 12:26:22.026395
2026-08-29,2026-06-01,2026-08-29,district,MADHYA MAHARASHTRA,MAHARASHTRA,AHMEDNAGAR,0.1,3.5,-98.0,LD,213.3,299.2,-29.0,D,2026-08-29 12:26:22.026395
2026-08-29,2026-06-01,2026-08-29,district,MADHYA MAHARASHTRA,MAHARASHTRA,DHULE,0.0,5.5,-100.0,NR,384.7,420.4,-8.0,N,2026-08-29 12:26:22.026395
2026-08-29,2026-06-01,2026-08-29,district,MADHYA MAHARASHTRA,MAHARASHTRA,JALGAON,0.1,5.5,-98.0,LD,473.0,487.3,-3.0,N,2026-08-29 12:26:22.026395
2026-08-29,2026-06-01,2026-08-29,district,MADHYA MAHARASHTRA,MAHARASHTRA,KOLHAPUR,4.1,10.1,-59.0,D,1383.4,1480.3,-7.0,N,2026-08-29 12:26:22.026395
2026-08-29,2026-06-01,2026-08-29,district,MADHYA MAHARASHTRA,MAHARASHTRA,NANDURBAR,0.0,6.9,-100.0,NR,418.5,676.2,-38.0,D,2026-08-29 12:26:22.026395
2026-08-29,2026-06-01,2026-08-29,district,MADHYA MAHARASHTRA,MAHARASHTRA,NASHIK,4.5,7.3,-38.0,D,1099.8,702.5,57.0,E,2026-08-29 12:26:22.026395
2026-08-29,2026-06-01,2026-08-29,district,MADHYA MAHARASHTRA,MAHARASHTRA,PUNE,3.6,6.5,-44.0,D,997.0,750.3,33.0,E,2026-08-29 12:26:22.026395
2026-08-29,2026-06-01,2026-08-29,district,MADHYA MAHARASHTRA,MAHARASHTRA,SANGLI,1.1,3.2,-65.0,LD,303.1,346.4,-13.0,N,2026-08-29 12:26:22.026395
2026-08-29,2026-06-01,2026-08-29,district,MADHYA MAHARASHTRA,MAHARASHTRA,SATARA,10.9,4.9,122.0,LE,908.4,676.9,34.0,E,2026-08-29 12:26:22.026395
2026-08-29,2026-06-01,2026-08-29,district,MADHYA MAHARASHTRA,MAHARASHTRA,SHOLAPUR,0.5,3.5,-86.0,LD,155.4,285.9,-46.0,D,2026-08-29 12:26:22.026395
2026-08-29,2026-06-01,2026-08-29,district,MARATHWADA,MAHARASHTRA,BEED,1.6,3.9,-58.0,D,214.2,378.2,-43.0,D,2026-08-29 12:26:22.026395
2026-08-29,2026-06-01,2026-08-29,district,MARATHWADA,MAHARASHTRA,CHHATRAPATI SAMBHAJINAGAR,0.0,4.2,-100.0,NR,420.7,402.8,4.0,N,2026-08-29 12:26:22.026395
2026-08-29,2026-06-01,2026-08-29,district,MARATHWADA,MAHARASHTRA,DHARASHIV,2.3,3.7,-38.0,D,272.1,391.5,-30.0,D,2026-08-29 12:26:22.026395
2026-08-29,2026-06-01,2026-08-29,district,MARATHWADA,MAHARASHTRA,HINGOLI,0.0,4.7,-100.0,NR,335.3,602.2,-44.0,D,2026-08-29 12:26:22.026395
2026-08-29,2026-06-01,2026-08-29,district,MARATHWADA,MAHARASHTRA,JALNA,0.0,5.0,-100.0,NR,274.6,437.6,-37.0,D,2026-08-29 12:26:22.026395
2026-08-29,2026-06-01,2026-08-29,district,MARATHWADA,MAHARASHTRA,LATUR,1.7,5.2,-67.0,LD,349.0,475.8,-27.0,D,2026-08-29 12:26:22.026395
2026-08-29,2026-06-01,2026-08-29,district,MARATHWADA,MAHARASHTRA,NANDED,0.0,4.8,-100.0,NR,442.7,604.0,-27.0,D,2026-08-29 12:26:22.026395
2026-08-29,2026-06-01,2026-08-29,district,MARATHWADA,MAHARASHTRA,PARBHANI,0.0,5.3,-100.0,NR,355.4,519.2,-32.0,D,2026-08-29 12:26:22.026395
2026-08-29,2026-06-01,2026-08-29,district,N. I. KARNATAKA,KARNATAKA,BAGALKOTE,0.0,2.8,-100.0,NR,204.7,216.3,-5.0,N,2026-08-29 12:26:22.026395
2026-08-29,2026-06-01,2026-08-29,district,N. I. KARNATAKA,KARNATAKA,BELAGAVI,0.5,3.1,-83.0,LD,531.1,450.4,18.0,N,2026-08-29 12:26:22.026395
2026-08-29,2026-06-01,2026-08-29,district,N. I. KARNATAKA,KARNATAKA,BIDAR,2.5,4.8,-49.0,D,402.1,465.3,-14.0,N,2026-08-29 12:26:22.026395
2026-08-29,2026-06-01,2026-08-29,district,N. I. KARNATAKA,KARNATAKA,DHARWAD,0.0,3.3,-100.0,NR,231.3,396.1,-42.0,D,2026-08-29 12:26:22.026395
2026-08-29,2026-06-01,2026-08-29,district,N. I. KARNATAKA,KARNATAKA,GADAG,0.0,4.1,-100.0,NR,189.1,228.1,-17.0,N,2026-08-29 12:26:22.026395
2026-08-29,2026-06-01,2026-08-29,district,N. I. KARNATAKA,KARNATAKA,HAVERI,2.9,3.3,-14.0,N,267.4,388.3,-31.0,D,2026-08-29 12:26:22.026395
2026-08-29,2026-06-01,2026-08-29,district,N. I. KARNATAKA,KARNATAKA,KALABURAGI,0.2,5.1,-96.0,LD,197.3,390.6,-49.0,D,2026-08-29 12:26:22.026395
2026-08-29,2026-06-01,2026-08-29,district,N. I. KARNATAKA,KARNATAKA,KOPPAL,0.0,5.2,-100.0,NR,164.4,234.3,-30.0,D,2026-08-29 12:26:22.026395
2026-08-29,2026-06-01,2026-08-29,district,N. I. KARNATAKA,KARNATAKA,RAICHUR,0.0,4.2,-100.0,NR,196.9,270.7,-27.0,D,2026-08-29 12:26:22.026395
2026-08-29,2026-06-01,2026-08-29,district,N. I. KARNATAKA,KARNATAKA,VIJAYAPURA,0.4,3.8,-89.0,LD,173.4,237.7,-27.0,D,2026-08-29 12:26:22.026395
2026-08-29,2026-06-01,2026-08-29,district,N. I. KARNATAKA,KARNATAKA,YADGIR,0.9,5.6,-84.0,LD,273.7,347.0,-21.0,D,2026-08-29 12:26:22.026395
2026-08-29,2026-06-01,2026-08-29,district,NMMT,MANIPUR,BISHNUPUR,0.0,10.8,-100.0,NR,362.5,899.6,-60.0,LD,2026-08-29 12:26:22.026395
2026-08-29,2026-06-01,2026-08-29,district,NMMT,MANIPUR,CHANDEL,0.2,10.8,-99.0,LD,418.9,899.6,-53.0,D,2026-08-29 12:26:22.026395
2026-08-29,2026-06-01,2026-08-29,district,NMMT,MANIPUR,CHURACHANDPUR,0.0,10.8,-100.0,NR,197.5,899.6,-78.0,LD,2026-08-29 12:26:22.026395
2026-08-29,2026-06-01,2026-08-29,district,NMMT,MANIPUR,IMPHAL EAST,0.0,4.3,-100.0,NR,401.7,586.8,-32.0,D,2026-08-29 12:26:22.026395
2026-08-29,2026-06-01,2026-08-29,district,NMMT,MANIPUR,IMPHAL WEST,0.4,11.3,-97.0,LD,597.2,1343.9,-56.0,D,2026-08-29 12:26:22.026395
2026-08-29,2026-06-01,2026-08-29,district,NMMT,MANIPUR,SENAPATI,5.6,5.7,-2.0,N,534.8,614.2,-13.0,N,2026-08-29 12:26:22.026395
2026-08-29,2026-06-01,2026-08-29,district,NMMT,MANIPUR,TAMENGLONG,0.0,8.5,-100.0,NR,1487.2,3214.4,-54.0,D,2026-08-29 12:26:22.026395
2026-08-29,2026-06-01,2026-08-29,district,NMMT,MANIPUR,THOUBAL,0.0,4.3,-100.0,NR,267.7,586.8,-54.0,D,2026-08-29 12:26:22.026395
2026-08-29,2026-06-01,2026-08-29,district,NMMT,MANIPUR,UKHRUL,4.9,4.8,2.0,N,761.1,850.2,-10.0,N,2026-08-29 12:26:22.026395
2026-08-29,2026-06-01,2026-08-29,district,NMMT,MIZORAM,AIZAWL,18.0,10.8,67.0,LE,1025.2,1223.0,-16.0,N,2026-08-29 12:26:22.026395
2026-08-29,2026-06-01,2026-08-29,district,NMMT,MIZORAM,CHAMPHAI,0.7,8.7,-92.0,LD,814.3,1011.9,-20.0,D,2026-08-29 12:26:22.026395
2026-08-29,2026-06-01,2026-08-29,district,NMMT,MIZORAM,KOLASIB,49.4,16.1,207.0,LE,1238.0,1338.5,-8.0,N,2026-08-29 12:26:22.026395
2026-08-29,2026-06-01,2026-08-29,district,NMMT,MIZORAM,LAWNGTLAI,24.3,10.7,127.0,LE,1219.1,1324.2,-8.0,N,2026-08-29 12:26:22.026395
2026-08-29,2026-06-01,2026-08-29,district,NMMT,MIZORAM,LUNGLEI,20.2,14.3,41.0,E,1086.8,1350.1,-20.0,D,2026-08-29 12:26:22.026395
2026-08-29,2026-06-01,2026-08-29,district,NMMT,MIZORAM,MAMIT,31.2,15.4,102.0,LE,707.7,1208.5,-41.0,D,2026-08-29 12:26:22.026395
2026-08-29,2026-06-01,2026-08-29,district,NMMT,MIZORAM,SAIHA,11.8,13.5,-12.0,N,990.2,1356.2,-27.0,D,2026-08-29 12:26:22.026395
2026-08-29,2026-06-01,2026-08-29,district,NMMT,MIZORAM,SERCHHIP,17.4,7.7,126.0,LE,1042.1,1164.5,-11.0,N,2026-08-29 12:26:22.026395
2026-08-29,2026-06-01,2026-08-29,district,NMMT,NAGALAND,DIMAPUR,51.0,6.9,638.0,LE,645.0,646.6,0.0,N,2026-08-29 12:26:22.026395
2026-08-29,2026-06-01,2026-08-29,district,NMMT,NAGALAND,KIPHIRE,0.0,8.4,-100.0,NR,606.9,481.5,26.0,E,2026-08-29 12:26:22.026395
2026-08-29,2026-06-01,2026-08-29,district,NMMT,NAGALAND,KOHIMA,3.2,14.5,-78.0,LD,874.7,950.6,-8.0,N,2026-08-29 12:26:22.026395
2026-08-29,2026-06-01,2026-08-29,district,NMMT,NAGALAND,MOKOKCHUNG,43.2,6.3,585.0,LE,1242.9,1097.3,13.0,N,2026-08-29 12:26:22.026395
2026-08-29,2026-06-01,2026-08-29,district,NMMT,NAGALAND,MON,2.7,6.5,-58.0,D,636.6,866.9,-27.0,D,2026-08-29 12:26:22.026395
2026-08-29,2026-06-01,2026-08-29,district,NMMT,NAGALAND,PEREN,22.7,14.7,54.0,E,703.3,719.4,-2.0,N,2026-08-29 12:26:22.026395
2026-08-29,2026-06-01,2026-08-29,district,NMMT,NAGALAND,PHEK,1.8,11.0,-84.0,LD,593.1,660.6,-10.0,N,2026-08-29 12:26:22.026395
2026-08-29,2026-06-01,2026-08-29,district,NMMT,NAGALAND,WOKHA,11.1,10.4,6.0,N,1053.6,971.3,8.0,N,2026-08-29 12:26:22.026395
2026-08-29,2026-06-01,2026-08-29,district,NMMT,NAGALAND,ZUNHEBOTO,2.7,13.0,-79.0,LD,1323.2,846.9,56.0,E,2026-08-29 12:26:22.026395
2026-08-29,2026-06-01,2026-08-29,district,NMMT,TRIPURA,DHALAI,31.0,11.2,177.0,LE,1013.3,1061.6,-5.0,N,2026-08-29 12:26:22.026395
2026-08-29,2026-06-01,2026-08-29,district,NMMT,TRIPURA,GOMATI,16.5,10.9,52.0,E,911.4,1136.9,-20.0,D,2026-08-29 12:26:22.026395
2026-08-29,2026-06-01,2026-08-29,district,NMMT,TRIPURA,KHOWAI,32.7,11.3,189.0,LE,1124.0,1041.7,8.0,N,2026-08-29 12:26:22.026395
2026-08-29,2026-06-01,2026-08-29,district,NMMT,TRIPURA,NORTH TRIPURA,36.7,10.8,240.0,LE,888.4,1099.2,-19.0,N,2026-08-29 12:26:22.026395
2026-08-29,2026-06-01,2026-08-29,district,NMMT,TRIPURA,SIPAHIJALA,15.1,12.2,24.0,E,943.9,1067.9,-12.0,N,2026-08-29 12:26:22.026395
2026-08-29,2026-06-01,2026-08-29,district,NMMT,TRIPURA,SOUTH TRIPURA,22.3,13.9,61.0,LE,950.1,1391.3,-32.0,D,2026-08-29 12:26:22.026395
2026-08-29,2026-06-01,2026-08-29,district,NMMT,TRIPURA,UNAKOTI,35.0,7.6,361.0,LE,1112.7,1129.6,-1.0,N,2026-08-29 12:26:22.026395
2026-08-29,2026-06-01,2026-08-29,district,NMMT,TRIPURA,WEST TRIPURA,10.1,10.7,-6.0,N,1084.1,958.0,13.0,N,2026-08-29 12:26:22.026395
2026-08-29,2026-06-01,2026-08-29,district,ODISHA,ODISHA,ANGUL,0.7,13.4,-95.0,LD,1155.0,885.7,30.0,E,2026-08-29 12:26:22.026395
2026-08-29,2026-06-01,2026-08-29,district,ODISHA,ODISHA,BALANGIR,0.2,15.3,-99.0,LD,1149.4,869.3,32.0,E,2026-08-29 12:26:22.026395
2026-08-29,2026-06-01,2026-08-29,district,ODISHA,ODISHA,BALASORE,25.3,9.8,158.0,LE,1431.5,899.0,59.0,E,2026-08-29 12:26:22.026395
2026-08-29,2026-06-01,2026-08-29,district,ODISHA,ODISHA,BARGARH,0.0,15.0,-100.0,NR,1505.0,956.2,57.0,E,2026-08-29 12:26:22.026395
2026-08-29,2026-06-01,2026-08-29,district,ODISHA,ODISHA,BHADRAK,9.1,10.7,-15.0,N,1108.2,822.1,35.0,E,2026-08-29 12:26:22.026395
2026-08-29,2026-06-01,2026-08-29,district,ODISHA,ODISHA,BOUDH,0.0,17.4,-100.0,NR,1530.8,825.4,85.0,LE,2026-08-29 12:26:22.026395
2026-08-29,2026-06-01,2026-08-29,district,ODISHA,ODISHA,CUTTACK,0.0,13.1,-100.0,NR,1219.9,882.4,38.0,E,2026-08-29 12:26:22.026395
2026-08-29,2026-06-01,2026-08-29,district,ODISHA,ODISHA,DEOGARH,1.6,12.2,-87.0,LD,1336.0,920.5,45.0,E,2026-08-29 12:26:22.026395
2026-08-29,2026-06-01,2026-08-29,district,ODISHA,ODISHA,DHENKANAL,0.0,10.4,-100.0,NR,1303.5,861.6,51.0,E,2026-08-29 12:26:22.026395
2026-08-29,2026-06-01,2026-08-29,district,ODISHA,ODISHA,GAJAPATI,0.0,8.0,-100.0,NR,535.0,665.5,-20.0,D,2026-08-29 12:26:22.026395
2026-08-29,2026-06-01,2026-08-29,district,ODISHA,ODISHA,GANJAM,0.0,8.4,-100.0,NR,567.1,651.6,-13.0,N,2026-08-29 12:26:22.026395
2026-08-29,2026-06-01,2026-08-29,district,ODISHA,ODISHA,JAGATSINGHPUR,0.0,11.3,-100.0,NR,1043.0,795.5,31.0,E,2026-08-29 12:26:22.026395
2026-08-29,2026-06-01,2026-08-29,district,ODISHA,ODISHA,JAJPUR,0.0,15.4,-100.0,NR,1120.1,951.2,18.0,N,2026-08-29 12:26:22.026395
2026-08-29,2026-06-01,2026-08-29,district,ODISHA,ODISHA,JHARSUGUDA,0.0,10.8,-100.0,NR,1072.3,944.8,14.0,N,2026-08-29 12:26:22.026395
2026-08-29,2026-06-01,2026-08-29,district,ODISHA,ODISHA,KALAHANDI,1.0,14.2,-93.0,LD,945.4,1108.6,-15.0,N,2026-08-29 12:26:22.026395
2026-08-29,2026-06-01,2026-08-29,district,ODISHA,ODISHA,KANDHAMAL,0.6,14.2,-96.0,LD,1073.2,871.2,23.0,E,2026-08-29 12:26:22.026395
2026-08-29,2026-06-01,2026-08-29,district,ODISHA,ODISHA,KENDRAPARA,0.0,12.8,-100.0,NR,1239.9,841.3,47.0,E,2026-08-29 12:26:22.026395
2026-08-29,2026-06-01,2026-08-29,district,ODISHA,ODISHA,KEONJHARGARH,11.3,10.0,13.0,N,1358.2,883.6,54.0,E,2026-08-29 12:26:22.026395
2026-08-29,2026-06-01,2026-08-29,district,ODISHA,ODISHA,KHURDA,1.2,14.3,-91.0,LD,1015.1,828.0,23.0,E,2026-08-29 12:26:22.026395
2026-08-29,2026-06-01,2026-08-29,district,ODISHA,ODISHA,KORAPUT,0.3,9.1,-97.0,LD,963.0,957.8,1.0,N,2026-08-29 12:26:22.026395
2026-08-29,2026-06-01,2026-08-29,district,ODISHA,ODISHA,MALKANGIRI,6.1,12.9,-53.0,D,886.4,1002.8,-12.0,N,2026-08-29 12:26:22.026395
2026-08-29,2026-06-01,2026-08-29,district,ODISHA,ODISHA,MAYURBHANJ,35.6,10.2,249.0,LE,1322.4,935.0,41.0,E,2026-08-29 12:26:22.026395
2026-08-29,2026-06-01,2026-08-29,district,ODISHA,ODISHA,NAWAPARA,0.6,14.6,-96.0,LD,949.6,799.4,19.0,N,2026-08-29 12:26:22.026395
2026-08-29,2026-06-01,2026-08-29,district,ODISHA,ODISHA,NAWARANGPUR,0.1,13.2,-99.0,LD,897.0,1075.6,-17.0,N,2026-08-29 12:26:22.026395
2026-08-29,2026-06-01,2026-08-29,district,ODISHA,ODISHA,NAYAGARH,1.2,9.0,-87.0,LD,997.7,823.1,21.0,E,2026-08-29 12:26:22.026395
2026-08-29,2026-06-01,2026-08-29,district,ODISHA,ODISHA,PURI,0.5,14.6,-97.0,LD,1037.1,766.1,35.0,E,2026-08-29 12:26:22.026395
2026-08-29,2026-06-01,2026-08-29,district,ODISHA,ODISHA,RAYAGADA,0.1,9.4,-99.0,LD,725.2,755.0,-4.0,N,2026-08-29 12:26:22.026395
2026-08-29,2026-06-01,2026-08-29,district,ODISHA,ODISHA,SAMBALPUR,1.2,13.4,-91.0,LD,1424.0,1017.1,40.0,E,2026-08-29 12:26:22.026395
2026-08-29,2026-06-01,2026-08-29,district,ODISHA,ODISHA,SONEPUR,0.0,20.3,-100.0,NR,1547.4,959.8,61.0,LE,2026-08-29 12:26:22.026395
2026-08-29,2026-06-01,2026-08-29,district,ODISHA,ODISHA,SUNDARGARH,2.6,11.5,-78.0,LD,1215.7,957.9,27.0,E,2026-08-29 12:26:22.026395
2026-08-29,2026-06-01,2026-08-29,district,PUNJAB,PUNJAB,AMRITSAR,0.1,4.8,-97.0,LD,346.2,379.8,-9.0,N,2026-08-29 12:26:22.026395
2026-08-29,2026-06-01,2026-08-29,district,PUNJAB,PUNJAB,BARNALA,0.0,3.5,-100.0,NR,124.3,293.6,-58.0,D,2026-08-29 12:26:22.026395
2026-08-29,2026-06-01,2026-08-29,district,PUNJAB,PUNJAB,BHATINDA,0.0,2.0,-100.0,NR,122.6,241.3,-49.0,D,2026-08-29 12:26:22.026395
2026-08-29,2026-06-01,2026-08-29,district,PUNJAB,PUNJAB,FARIDKOT,0.0,2.6,-100.0,NR,223.8,239.3,-6.0,N,2026-08-29 12:26:22.026395
2026-08-29,2026-06-01,2026-08-29,district,PUNJAB,PUNJAB,FATEHGARH SAHIB,0.0,2.3,-100.0,NR,134.7,387.9,-65.0,LD,2026-08-29 12:26:22.026395
2026-08-29,2026-06-01,2026-08-29,district,PUNJAB,PUNJAB,FAZILKA,0.0,2.1,-100.0,NR,106.6,204.7,-48.0,D,2026-08-29 12:26:22.026395
2026-08-29,2026-06-01,2026-08-29,district,PUNJAB,PUNJAB,FEROZEPUR,0.0,2.2,-100.0,NR,134.4,199.8,-33.0,D,2026-08-29 12:26:22.026395
2026-08-29,2026-06-01,2026-08-29,district,PUNJAB,PUNJAB,GURDASPUR,0.0,2.9,-100.0,NR,703.2,503.3,40.0,E,2026-08-29 12:26:22.026395
2026-08-29,2026-06-01,2026-08-29,district,PUNJAB,PUNJAB,HOSHIARPUR,0.1,3.3,-96.0,LD,229.3,501.9,-54.0,D,2026-08-29 12:26:22.026395
2026-08-29,2026-06-01,2026-08-29,district,PUNJAB,PUNJAB,JALANDHAR,0.0,5.1,-100.0,NR,229.9,424.0,-46.0,D,2026-08-29 12:26:22.026395
2026-08-29,2026-06-01,2026-08-29,district,PUNJAB,PUNJAB,KAPURTHALA,0.0,2.6,-100.0,NR,133.1,371.7,-64.0,LD,2026-08-29 12:26:22.026395
2026-08-29,2026-06-01,2026-08-29,district,PUNJAB,PUNJAB,LUDHIANA,0.0,2.5,-100.0,NR,217.7,367.2,-41.0,D,2026-08-29 12:26:22.026395
2026-08-29,2026-06-01,2026-08-29,district,PUNJAB,PUNJAB,MANSA,0.0,2.2,-100.0,NR,71.8,219.3,-67.0,LD,2026-08-29 12:26:22.026395
2026-08-29,2026-06-01,2026-08-29,district,PUNJAB,PUNJAB,MOGA,0.0,2.2,-100.0,NR,164.1,239.9,-32.0,D,2026-08-29 12:26:22.026395
2026-08-29,2026-06-01,2026-08-29,district,PUNJAB,PUNJAB,MUKTSAR,0.0,4.6,-100.0,NR,94.5,256.0,-63.0,LD,2026-08-29 12:26:22.026395
2026-08-29,2026-06-01,2026-08-29,district,PUNJAB,PUNJAB,PATHANKOT,30.3,6.2,389.0,LE,1051.2,815.4,29.0,E,2026-08-29 12:26:22.026395
2026-08-29,2026-06-01,2026-08-29,district,PUNJAB,PUNJAB,PATIALA,0.0,3.7,-100.0,NR,257.6,426.8,-40.0,D,2026-08-29 12:26:22.026395
2026-08-29,2026-06-01,2026-08-29,district,PUNJAB,PUNJAB,RUPNAGAR,3.3,4.0,-18.0,N,451.5,659.0,-31.0,D,2026-08-29 12:26:22.026395
2026-08-29,2026-06-01,2026-08-29,district,PUNJAB,PUNJAB,SANGRUR,0.0,3.2,-100.0,NR,153.4,309.0,-50.0,D,2026-08-29 12:26:22.026395
2026-08-29,2026-06-01,2026-08-29,district,PUNJAB,PUNJAB,SAS NAGAR (MOHALI),0.0,1.0,-100.0,NR,214.9,497.4,-57.0,D,2026-08-29 12:26:22.026395
2026-08-29,2026-06-01,2026-08-29,district,PUNJAB,PUNJAB,SBS NAGAR,0.0,6.5,-100.0,NR,314.0,611.0,-49.0,D,2026-08-29 12:26:22.026395
2026-08-29,2026-06-01,2026-08-29,district,PUNJAB,PUNJAB,TARN TARAN,0.0,1.8,-100.0,NR,120.6,217.8,-45.0,D,2026-08-29 12:26:22.026395
2026-08-29,2026-06-01,2026-08-29,district,RAYALASEEMA,ANDHRA PRADESH,ANANTAPURAMU,0.0,3.4,-100.0,NR,155.7,201.3,-23.0,D,2026-08-29 12:26:22.026395
2026-08-29,2026-06-01,2026-08-29,district,RAYALASEEMA,ANDHRA PRADESH,ANNAMAYYA DISTRICT,0.0,3.1,-100.0,NR,82.7,255.1,-68.0,LD,2026-08-29 12:26:22.026395
2026-08-29,2026-06-01,2026-08-29,district,RAYALASEEMA,ANDHRA PRADESH,CHITTOOR,0.7,2.6,-75.0,LD,133.1,288.2,-54.0,D,2026-08-29 12:26:22.026395
2026-08-29,2026-06-01,2026-08-29,district,RAYALASEEMA,ANDHRA PRADESH,KURNOOL,0.0,4.3,-100.0,NR,202.0,290.3,-30.0,D,2026-08-29 12:26:22.026395
2026-08-29,2026-06-01,2026-08-29,district,RAYALASEEMA,ANDHRA PRADESH,NANDYAL,0.0,4.0,-100.0,NR,202.7,346.5,-41.0,D,2026-08-29 12:26:22.026395
2026-08-29,2026-06-01,2026-08-29,district,RAYALASEEMA,ANDHRA PRADESH,SRI SATHYASAI DISTRICT,0.0,2.0,-100.0,NR,109.7,195.1,-44.0,D,2026-08-29 12:26:22.026395
2026-08-29,2026-06-01,2026-08-29,district,RAYALASEEMA,ANDHRA PRADESH,TIRUPATI,0.0,4.2,-100.0,NR,184.8,305.0,-39.0,D,2026-08-29 12:26:22.026395
2026-08-29,2026-06-01,2026-08-29,district,RAYALASEEMA,ANDHRA PRADESH,YSR DISTRICT,0.1,3.6,-98.0,LD,148.1,269.3,-45.0,D,2026-08-29 12:26:22.026395
2026-08-29,2026-06-01,2026-08-29,district,S. I. KARNATAKA,KARNATAKA,BALLARI,0.0,4.4,-100.0,NR,126.9,226.1,-44.0,D,2026-08-29 12:26:22.026395
2026-08-29,2026-06-01,2026-08-29,district,S. I. KARNATAKA,KARNATAKA,BENGALURU RURAL,0.6,2.5,-76.0,LD,222.0,265.3,-16.0,N,2026-08-29 12:26:22.026395
2026-08-29,2026-06-01,2026-08-29,district,S. I. KARNATAKA,KARNATAKA,BENGALURU URBAN,1.0,3.4,-72.0,LD,125.4,273.4,-54.0,D,2026-08-29 12:26:22.026395
2026-08-29,2026-06-01,2026-08-29,district,S. I. KARNATAKA,KARNATAKA,CHAMARAJANAGAR,4.7,2.3,105.0,LE,133.3,211.5,-37.0,D,2026-08-29 12:26:22.026395
2026-08-29,2026-06-01,2026-08-29,district,S. I. KARNATAKA,KARNATAKA,CHIKABALLAPURA,0.4,3.1,-87.0,LD,150.2,258.3,-42.0,D,2026-08-29 12:26:22.026395
2026-08-29,2026-06-01,2026-08-29,district,S. I. KARNATAKA,KARNATAKA,CHIKKAMAGALURU,4.7,7.8,-40.0,D,1208.8,1293.8,-7.0,N,2026-08-29 12:26:22.026395
2026-08-29,2026-06-01,2026-08-29,district,S. I. KARNATAKA,KARNATAKA,DAVANGERE,0.9,3.2,-73.0,LD,252.7,267.7,-6.0,N,2026-08-29 12:26:22.026395
2026-08-29,2026-06-01,2026-08-29,district,S. I. KARNATAKA,KARNATAKA,HASSAN,4.4,3.3,33.0,E,200.9,536.0,-63.0,LD,2026-08-29 12:26:22.026395
2026-08-29,2026-06-01,2026-08-29,district,S. I. KARNATAKA,KARNATAKA,KODAGU,11.4,12.5,-9.0,N,1496.8,1978.6,-24.0,D,2026-08-29 12:26:22.026395
2026-08-29,2026-06-01,2026-08-29,district,S. I. KARNATAKA,KARNATAKA,KOLAR,5.6,1.7,229.0,LE,129.3,242.5,-47.0,D,2026-08-29 12:26:22.026395
2026-08-29,2026-06-01,2026-08-29,district,S. I. KARNATAKA,KARNATAKA,MANDYA,0.0,1.8,-100.0,NR,98.1,177.4,-45.0,D,2026-08-29 12:26:22.026395
2026-08-29,2026-06-01,2026-08-29,district,S. I. KARNATAKA,KARNATAKA,MYSURU,0.8,1.6,-50.0,D,152.8,260.7,-41.0,D,2026-08-29 12:26:22.026395
2026-08-29,2026-06-01,2026-08-29,district,S. I. KARNATAKA,KARNATAKA,RAMANAGARA,0.0,3.1,-100.0,NR,19.0,279.8,-93.0,LD,2026-08-29 12:26:22.026395
2026-08-29,2026-06-01,2026-08-29,district,S. I. KARNATAKA,KARNATAKA,SHIVAMOGGA,10.2,9.2,11.0,N,1408.8,1433.4,-2.0,N,2026-08-29 12:26:22.026395
2026-08-29,2026-06-01,2026-08-29,district,S. I. KARNATAKA,KARNATAKA,TUMAKURU,0.0,2.8,-100.0,NR,122.8,223.7,-45.0,D,2026-08-29 12:26:22.026395
2026-08-29,2026-06-01,2026-08-29,district,S. I. KARNATAKA,KARNATAKA,VIJAYANAGARA,0.0,3.7,-100.0,NR,139.9,245.6,-43.0,D,2026-08-29 12:26:22.026395
2026-08-29,2026-06-01,2026-08-29,district,SAURASHTRA & KUTCH,DADRA & NAGAR HAVELI AND DAMAN & DIU (UT),DIU,0.0,2.5,-100.0,NR,625.6,619.4,1.0,N,2026-08-29 12:26:22.026395
2026-08-29,2026-06-01,2026-08-29,district,SAURASHTRA & KUTCH,GUJARAT,AMRELI,0.0,5.2,-100.0,NR,493.9,449.8,10.0,N,2026-08-29 12:26:22.026395
2026-08-29,2026-06-01,2026-08-29,district,SAURASHTRA & KUTCH,GUJARAT,BHAVNAGAR,0.0,8.2,-100.0,NR,477.1,450.7,6.0,N,2026-08-29 12:26:22.026395
2026-08-29,2026-06-01,2026-08-29,district,SAURASHTRA & KUTCH,GUJARAT,BOTAD,0.0,6.6,-100.0,NR,445.8,436.4,2.0,N,2026-08-29 12:26:22.026395
2026-08-29,2026-06-01,2026-08-29,district,SAURASHTRA & KUTCH,GUJARAT,DEVBHOOMI DWARKA,0.0,5.6,-100.0,NR,57.4,448.8,-87.0,LD,2026-08-29 12:26:22.026395
2026-08-29,2026-06-01,2026-08-29,district,SAURASHTRA & KUTCH,GUJARAT,GIR SOMNATH,0.0,5.0,-100.0,NR,469.1,732.3,-36.0,D,2026-08-29 12:26:22.026395
2026-08-29,2026-06-01,2026-08-29,district,SAURASHTRA & KUTCH,GUJARAT,JAMNAGAR,0.0,7.0,-100.0,NR,216.0,510.0,-58.0,D,2026-08-29 12:26:22.026395
2026-08-29,2026-06-01,2026-08-29,district,SAURASHTRA & KUTCH,GUJARAT,JUNAGADH,0.0,6.6,-100.0,NR,591.0,721.3,-18.0,N,2026-08-29 12:26:22.026395
2026-08-29,2026-06-01,2026-08-29,district,SAURASHTRA & KUTCH,GUJARAT,KUTCH,0.0,5.8,-100.0,NR,136.7,325.8,-58.0,D,2026-08-29 12:26:22.026395
2026-08-29,2026-06-01,2026-08-29,district,SAURASHTRA & KUTCH,GUJARAT,MORBI,0.0,5.8,-100.0,NR,471.6,438.3,8.0,N,2026-08-29 12:26:22.026395
2026-08-29,2026-06-01,2026-08-29,district,SAURASHTRA & KUTCH,GUJARAT,PORBANDAR,0.0,6.4,-100.0,NR,161.0,552.7,-71.0,LD,2026-08-29 12:26:22.026395
2026-08-29,2026-06-01,2026-08-29,district,SAURASHTRA & KUTCH,GUJARAT,RAJKOT,0.0,7.0,-100.0,NR,355.5,506.8,-30.0,D,2026-08-29 12:26:22.026395
2026-08-29,2026-06-01,2026-08-29,district,SAURASHTRA & KUTCH,GUJARAT,SURENDRANAGAR,0.0,7.9,-100.0,NR,480.7,416.3,15.0,N,2026-08-29 12:26:22.026395
2026-08-29,2026-06-01,2026-08-29,district,SHWB & SIKKIM,SIKKIM,GANGTOK,0.1,13.9,-99.0,LD,1487.6,1721.1,-14.0,N,2026-08-29 12:26:22.026395
2026-08-29,2026-06-01,2026-08-29,district,SHWB & SIKKIM,SIKKIM,GYALSHING,32.2,19.2,68.0,LE,1770.4,1405.3,26.0,E,2026-08-29 12:26:22.026395
2026-08-29,2026-06-01,2026-08-29,district,SHWB & SIKKIM,SIKKIM,MANGAN,11.9,10.5,14.0,N,1048.5,1205.1,-13.0,N,2026-08-29 12:26:22.026395
2026-08-29,2026-06-01,2026-08-29,district,SHWB & SIKKIM,SIKKIM,NAMCHI,22.7,11.0,106.0,LE,1477.5,1278.3,16.0,N,2026-08-29 12:26:22.026395
2026-08-29,2026-06-01,2026-08-29,district,SHWB & SIKKIM,SIKKIM,Pakyong,5.6,13.2,-58.0,D,1237.5,1273.2,-3.0,N,2026-08-29 12:26:22.026395
2026-08-29,2026-06-01,2026-08-29,district,SHWB & SIKKIM,SIKKIM,Soreng,5.0,19.2,-74.0,LD,1785.0,1405.3,27.0,E,2026-08-29 12:26:22.026395
2026-08-29,2026-06-01,2026-08-29,district,SHWB & SIKKIM,WEST BENGAL,ALIPURDUAR,5.8,19.3,-70.0,LD,2206.3,2414.8,-9.0,N,2026-08-29 12:26:22.026395
2026-08-29,2026-06-01,2026-08-29,district,SHWB & SIKKIM,WEST BENGAL,COOCH BEHAR,0.0,16.6,-100.0,NR,1685.0,1856.0,-9.0,N,2026-08-29 12:26:22.026395
2026-08-29,2026-06-01,2026-08-29,district,SHWB & SIKKIM,WEST BENGAL,DARJEELING,11.9,20.5,-42.0,D,1753.0,2157.1,-19.0,N,2026-08-29 12:26:22.026395
2026-08-29,2026-06-01,2026-08-29,district,SHWB & SIKKIM,WEST BENGAL,JALPAIGURI,4.1,18.8,-78.0,LD,1768.8,2308.1,-23.0,D,2026-08-29 12:26:22.026395
2026-08-29,2026-06-01,2026-08-29,district,SHWB & SIKKIM,WEST BENGAL,KALIMPONG,0.7,18.4,-96.0,LD,1469.7,1913.5,-23.0,D,2026-08-29 12:26:22.026395
2026-08-29,2026-06-01,2026-08-29,district,SHWB & SIKKIM,WEST BENGAL,MALDA,4.4,7.1,-38.0,D,645.7,856.4,-25.0,D,2026-08-29 12:26:22.026395
2026-08-29,2026-06-01,2026-08-29,district,SHWB & SIKKIM,WEST BENGAL,NORTH DINAJPUR,0.0,10.9,-100.0,NR,751.1,1111.3,-32.0,D,2026-08-29 12:26:22.026395
2026-08-29,2026-06-01,2026-08-29,district,SHWB & SIKKIM,WEST BENGAL,SOUTH DINAJPUR,7.0,4.6,52.0,E,662.7,801.4,-17.0,N,2026-08-29 12:26:22.026395
2026-08-29,2026-06-01,2026-08-29,district,TAMIL. PUDU.& KARAIKAL,PUDUCHERRY (UT),KARAIKAL,0.0,1.9,-100.0,NR,232.6,181.3,28.0,E,2026-08-29 12:26:22.026395
2026-08-29,2026-06-01,2026-08-29,district,TAMIL. PUDU.& KARAIKAL,PUDUCHERRY (UT),PUDUCHERRY,16.0,4.3,272.0,LE,106.7,251.9,-58.0,D,2026-08-29 12:26:22.026395
2026-08-29,2026-06-01,2026-08-29,district,TAMIL. PUDU.& KARAIKAL,TAMILNADU,ARIYALUR,0.0,4.6,-100.0,NR,203.4,189.0,8.0,N,2026-08-29 12:26:22.026395
2026-08-29,2026-06-01,2026-08-29,district,TAMIL. PUDU.& KARAIKAL,TAMILNADU,CHENGALPATTU,0.4,3.8,-89.0,LD,122.4,265.9,-54.0,D,2026-08-29 12:26:22.026395
2026-08-29,2026-06-01,2026-08-29,district,TAMIL. PUDU.& KARAIKAL,TAMILNADU,CHENNAI,1.5,4.1,-64.0,LD,297.1,294.7,1.0,N,2026-08-29 12:26:22.026395
2026-08-29,2026-06-01,2026-08-29,district,TAMIL. PUDU.& KARAIKAL,TAMILNADU,COIMBATORE,4.0,4.0,-1.0,N,623.9,553.2,13.0,N,2026-08-29 12:26:22.026395
2026-08-29,2026-06-01,2026-08-29,district,TAMIL. PUDU.& KARAIKAL,TAMILNADU,CUDDALORE,2.7,3.0,-10.0,N,215.1,221.1,-3.0,N,2026-08-29 12:26:22.026395
2026-08-29,2026-06-01,2026-08-29,district,TAMIL. PUDU.& KARAIKAL,TAMILNADU,DHARMAPURI,0.0,1.5,-100.0,NR,150.3,215.7,-30.0,D,2026-08-29 12:26:22.026395
2026-08-29,2026-06-01,2026-08-29,district,TAMIL. PUDU.& KARAIKAL,TAMILNADU,DINDIGUL,2.5,3.1,-18.0,N,101.2,160.7,-37.0,D,2026-08-29 12:26:22.026395
2026-08-29,2026-06-01,2026-08-29,district,TAMIL. PUDU.& KARAIKAL,TAMILNADU,ERODE,0.2,1.8,-91.0,LD,112.3,152.4,-26.0,D,2026-08-29 12:26:22.026395
2026-08-29,2026-06-01,2026-08-29,district,TAMIL. PUDU.& KARAIKAL,TAMILNADU,KALLAKURICHI,1.4,2.8,-52.0,D,159.4,242.2,-34.0,D,2026-08-29 12:26:22.026395
2026-08-29,2026-06-01,2026-08-29,district,TAMIL. PUDU.& KARAIKAL,TAMILNADU,KANCHEEPURAM,0.9,4.6,-81.0,LD,219.1,304.9,-28.0,D,2026-08-29 12:26:22.026395
2026-08-29,2026-06-01,2026-08-29,district,TAMIL. PUDU.& KARAIKAL,TAMILNADU,KANYAKUMARI,0.0,2.0,-99.0,LD,399.7,363.8,10.0,N,2026-08-29 12:26:22.026395
2026-08-29,2026-06-01,2026-08-29,district,TAMIL. PUDU.& KARAIKAL,TAMILNADU,KARUR,0.0,2.2,-100.0,NR,37.5,96.5,-61.0,LD,2026-08-29 12:26:22.026395
2026-08-29,2026-06-01,2026-08-29,district,TAMIL. PUDU.& KARAIKAL,TAMILNADU,KRISHNAGIRI,1.6,1.8,-9.0,N,120.5,199.8,-40.0,D,2026-08-29 12:26:22.026395
2026-08-29,2026-06-01,2026-08-29,district,TAMIL. PUDU.& KARAIKAL,TAMILNADU,MADURAI,0.0,2.9,-100.0,NR,104.8,168.6,-38.0,D,2026-08-29 12:26:22.026395
2026-08-29,2026-06-01,2026-08-29,district,TAMIL. PUDU.& KARAIKAL,TAMILNADU,MAYILADUTHURAI,0.1,3.6,-96.0,LD,153.8,182.2,-16.0,N,2026-08-29 12:26:22.026395
2026-08-29,2026-06-01,2026-08-29,district,TAMIL. PUDU.& KARAIKAL,TAMILNADU,NAGAPATTINAM,0.0,2.8,-100.0,NR,68.6,151.6,-55.0,D,2026-08-29 12:26:22.026395
2026-08-29,2026-06-01,2026-08-29,district,TAMIL. PUDU.& KARAIKAL,TAMILNADU,NAMAKKAL,2.4,4.8,-50.0,D,84.5,193.1,-56.0,D,2026-08-29 12:26:22.026395
2026-08-29,2026-06-01,2026-08-29,district,TAMIL. PUDU.& KARAIKAL,TAMILNADU,NILGIRIS,8.3,5.3,56.0,E,481.1,650.4,-26.0,D,2026-08-29 12:26:22.026395
2026-08-29,2026-06-01,2026-08-29,district,TAMIL. PUDU.& KARAIKAL,TAMILNADU,PERAMBALUR,0.2,2.8,-94.0,LD,157.7,150.2,5.0,N,2026-08-29 12:26:22.026395
2026-08-29,2026-06-01,2026-08-29,district,TAMIL. PUDU.& KARAIKAL,TAMILNADU,PUDUKKOTTAI,2.6,2.0,30.0,E,156.6,180.0,-13.0,N,2026-08-29 12:26:22.026395
2026-08-29,2026-06-01,2026-08-29,district,TAMIL. PUDU.& KARAIKAL,TAMILNADU,RAMANATHAPURAM,0.1,0.9,-91.0,LD,34.8,71.5,-51.0,D,2026-08-29 12:26:22.026395
2026-08-29,2026-06-01,2026-08-29,district,TAMIL. PUDU.& KARAIKAL,TAMILNADU,RANIPET,0.7,4.6,-85.0,LD,228.3,294.7,-23.0,D,2026-08-29 12:26:22.026395
2026-08-29,2026-06-01,2026-08-29,district,TAMIL. PUDU.& KARAIKAL,TAMILNADU,SALEM,4.5,4.2,8.0,N,168.9,245.7,-31.0,D,2026-08-29 12:26:22.026395
2026-08-29,2026-06-01,2026-08-29,district,TAMIL. PUDU.& KARAIKAL,TAMILNADU,SIVAGANGA,3.4,3.1,9.0,N,201.7,202.2,0.0,N,2026-08-29 12:26:22.026395
2026-08-29,2026-06-01,2026-08-29,district,TAMIL. PUDU.& KARAIKAL,TAMILNADU,TENKASI,0.1,1.0,-91.0,LD,177.4,122.1,45.0,E,2026-08-29 12:26:22.026395
2026-08-29,2026-06-01,2026-08-29,district,TAMIL. PUDU.& KARAIKAL,TAMILNADU,THANJAVUR,0.3,3.3,-91.0,LD,130.7,183.5,-29.0,D,2026-08-29 12:26:22.026395
2026-08-29,2026-06-01,2026-08-29,district,TAMIL. PUDU.& KARAIKAL,TAMILNADU,THENI,0.0,2.5,-100.0,NR,165.5,135.9,22.0,E,2026-08-29 12:26:22.026395
2026-08-29,2026-06-01,2026-08-29,district,TAMIL. PUDU.& KARAIKAL,TAMILNADU,THIRUCHIRAPALLI,0.0,2.3,-100.0,NR,88.8,147.7,-40.0,D,2026-08-29 12:26:22.026395
2026-08-29,2026-06-01,2026-08-29,district,TAMIL. PUDU.& KARAIKAL,TAMILNADU,THIRUVALLUR,0.0,3.4,-100.0,NR,245.6,305.4,-20.0,D,2026-08-29 12:26:22.026395
2026-08-29,2026-06-01,2026-08-29,district,TAMIL. PUDU.& KARAIKAL,TAMILNADU,THOOTHUKUDI,0.0,0.5,-100.0,NR,8.4,30.9,-73.0,LD,2026-08-29 12:26:22.026395
2026-08-29,2026-06-01,2026-08-29,district,TAMIL. PUDU.& KARAIKAL,TAMILNADU,TIRUNELVELI,0.0,1.0,-100.0,NR,363.8,55.5,555.0,LE,2026-08-29 12:26:22.026395
2026-08-29,2026-06-01,2026-08-29,district,TAMIL. PUDU.& KARAIKAL,TAMILNADU,TIRUPATTUR,1.6,1.9,-18.0,N,94.2,261.1,-64.0,LD,2026-08-29 12:26:22.026395
2026-08-29,2026-06-01,2026-08-29,district,TAMIL. PUDU.& KARAIKAL,TAMILNADU,TIRUPPUR,0.0,0.9,-100.0,NR,36.2,73.8,-51.0,D,2026-08-29 12:26:22.026395
2026-08-29,2026-06-01,2026-08-29,district,TAMIL. PUDU.& KARAIKAL,TAMILNADU,TIRUVANNAMALAI,0.4,3.2,-88.0,LD,148.6,278.8,-47.0,D,2026-08-29 12:26:22.026395
2026-08-29,2026-06-01,2026-08-29,district,TAMIL. PUDU.& KARAIKAL,TAMILNADU,TIRUVARUR,0.0,2.3,-100.0,NR,150.0,177.6,-16.0,N,2026-08-29 12:26:22.026395
2026-08-29,2026-06-01,2026-08-29,district,TAMIL. PUDU.& KARAIKAL,TAMILNADU,VELLORE,0.6,4.8,-87.0,LD,142.8,272.3,-48.0,D,2026-08-29 12:26:22.026395
2026-08-29,2026-06-01,2026-08-29,district,TAMIL. PUDU.& KARAIKAL,TAMILNADU,VILLUPURAM,1.0,3.7,-72.0,LD,180.5,256.4,-30.0,D,2026-08-29 12:26:22.026395
2026-08-29,2026-06-01,2026-08-29,district,TAMIL. PUDU.& KARAIKAL,TAMILNADU,VIRUDHUNAGAR,0.0,1.8,-100.0,NR,81.3,102.5,-21.0,D,2026-08-29 12:26:22.026395
2026-08-29,2026-06-01,2026-08-29,district,TELANGANA,TELANGANA,ADILABAD,0.0,9.0,-99.0,LD,597.7,761.8,-22.0,D,2026-08-29 12:26:22.026395
2026-08-29,2026-06-01,2026-08-29,district,TELANGANA,TELANGANA,B. KOTHAGUDEM,0.4,8.2,-95.0,LD,512.5,753.1,-32.0,D,2026-08-29 12:26:22.026395
2026-08-29,2026-06-01,2026-08-29,district,TELANGANA,TELANGANA,HANUMAKONDA,0.0,4.9,-100.0,NR,321.9,520.9,-38.0,D,2026-08-29 12:26:22.026395
2026-08-29,2026-06-01,2026-08-29,district,TELANGANA,TELANGANA,HYDERABAD,0.1,5.5,-98.0,LD,307.3,456.1,-33.0,D,2026-08-29 12:26:22.026395
2026-08-29,2026-06-01,2026-08-29,district,TELANGANA,TELANGANA,J. BHUPALPALLY,1.7,12.6,-87.0,LD,694.9,786.6,-12.0,N,2026-08-29 12:26:22.026395
2026-08-29,2026-06-01,2026-08-29,district,TELANGANA,TELANGANA,JAGTIAL,0.1,5.6,-97.0,LD,679.4,625.0,9.0,N,2026-08-29 12:26:22.026395
2026-08-29,2026-06-01,2026-08-29,district,TELANGANA,TELANGANA,JANGAON,0.0,6.5,-100.0,NR,290.6,512.5,-43.0,D,2026-08-29 12:26:22.026395
2026-08-29,2026-06-01,2026-08-29,district,TELANGANA,TELANGANA,JOGULAMBA GADWAL,0.0,4.1,-99.0,LD,184.2,314.3,-41.0,D,2026-08-29 12:26:22.026395
2026-08-29,2026-06-01,2026-08-29,district,TELANGANA,TELANGANA,KAMAREDDY,0.0,4.3,-100.0,NR,732.6,598.3,22.0,E,2026-08-29 12:26:22.026395
2026-08-29,2026-06-01,2026-08-29,district,TELANGANA,TELANGANA,KARIMNAGAR,0.1,4.7,-97.0,LD,470.0,533.1,-12.0,N,2026-08-29 12:26:22.026395
2026-08-29,2026-06-01,2026-08-29,district,TELANGANA,TELANGANA,KHAMMAM,1.4,7.6,-81.0,LD,451.7,598.2,-24.0,D,2026-08-29 12:26:22.026395
2026-08-29,2026-06-01,2026-08-29,district,TELANGANA,TELANGANA,KUMARAM BHEEM,0.1,7.1,-99.0,LD,905.4,789.0,15.0,N,2026-08-29 12:26:22.026395
2026-08-29,2026-06-01,2026-08-29,district,TELANGANA,TELANGANA,M. MALKAJGIRI,0.4,4.4,-90.0,LD,217.9,384.5,-43.0,D,2026-08-29 12:26:22.026395
2026-08-29,2026-06-01,2026-08-29,district,TELANGANA,TELANGANA,MAHABUBABAD,0.3,8.9,-97.0,LD,526.0,674.4,-22.0,D,2026-08-29 12:26:22.026395
2026-08-29,2026-06-01,2026-08-29,district,TELANGANA,TELANGANA,MAHABUBNAGAR,0.1,4.2,-99.0,LD,339.6,371.3,-9.0,N,2026-08-29 12:26:22.026395
2026-08-29,2026-06-01,2026-08-29,district,TELANGANA,TELANGANA,MANCHERIAL,0.8,8.7,-90.0,LD,796.0,749.4,6.0,N,2026-08-29 12:26:22.026395
2026-08-29,2026-06-01,2026-08-29,district,TELANGANA,TELANGANA,MEDAK,0.7,6.7,-89.0,LD,573.8,610.2,-6.0,N,2026-08-29 12:26:22.026395
2026-08-29,2026-06-01,2026-08-29,district,TELANGANA,TELANGANA,MULUGU,0.7,7.8,-91.0,LD,790.8,787.8,0.0,N,2026-08-29 12:26:22.026395
2026-08-29,2026-06-01,2026-08-29,district,TELANGANA,TELANGANA,NAGARKURNOOL,0.1,3.7,-96.0,LD,244.4,337.0,-27.0,D,2026-08-29 12:26:22.026395
2026-08-29,2026-06-01,2026-08-29,district,TELANGANA,TELANGANA,NALGONDA,0.7,3.1,-78.0,LD,171.0,358.7,-52.0,D,2026-08-29 12:26:22.026395
2026-08-29,2026-06-01,2026-08-29,district,TELANGANA,TELANGANA,NARAYANPET,0.2,5.5,-95.0,LD,333.0,331.0,1.0,N,2026-08-29 12:26:22.026395
2026-08-29,2026-06-01,2026-08-29,district,TELANGANA,TELANGANA,NIRMAL,0.2,6.5,-98.0,LD,383.9,703.9,-45.0,D,2026-08-29 12:26:22.026395
2026-08-29,2026-06-01,2026-08-29,district,TELANGANA,TELANGANA,NIZAMABAD,0.0,4.3,-99.0,LD,602.0,650.2,-7.0,N,2026-08-29 12:26:22.026395
2026-08-29,2026-06-01,2026-08-29,district,TELANGANA,TELANGANA,PEDDAPALLE,0.1,7.1,-99.0,LD,592.9,686.8,-14.0,N,2026-08-29 12:26:22.026395
2026-08-29,2026-06-01,2026-08-29,district,TELANGANA,TELANGANA,RAJANNA SIRCILLA,0.0,4.4,-100.0,NR,539.9,530.0,2.0,N,2026-08-29 12:26:22.026395
2026-08-29,2026-06-01,2026-08-29,district,TELANGANA,TELANGANA,RANGAREDDY,0.2,3.3,-94.0,LD,315.6,390.7,-19.0,N,2026-08-29 12:26:22.026395
2026-08-29,2026-06-01,2026-08-29,district,TELANGANA,TELANGANA,SANGAREDDY,0.7,6.8,-90.0,LD,370.8,529.6,-30.0,D,2026-08-29 12:26:22.026395
2026-08-29,2026-06-01,2026-08-29,district,TELANGANA,TELANGANA,SIDDIPET,0.3,4.3,-94.0,LD,430.3,470.8,-9.0,N,2026-08-29 12:26:22.026395
2026-08-29,2026-06-01,2026-08-29,district,TELANGANA,TELANGANA,SURYAPET,0.0,3.2,-99.0,LD,312.7,457.5,-32.0,D,2026-08-29 12:26:22.026395
2026-08-29,2026-06-01,2026-08-29,district,TELANGANA,TELANGANA,VIKARABAD,0.6,4.0,-84.0,LD,403.9,485.7,-17.0,N,2026-08-29 12:26:22.026395
2026-08-29,2026-06-01,2026-08-29,district,TELANGANA,TELANGANA,WANAPARTHY,0.4,4.8,-92.0,LD,261.5,389.4,-33.0,D,2026-08-29 12:26:22.026395
2026-08-29,2026-06-01,2026-08-29,district,TELANGANA,TELANGANA,WARANGAL,0.0,9.2,-99.0,LD,390.8,715.8,-45.0,D,2026-08-29 12:26:22.026395
2026-08-29,2026-06-01,2026-08-29,district,TELANGANA,TELANGANA,Y. BHUVANAGIRI,0.0,1.7,-98.0,LD,207.8,387.1,-46.0,D,2026-08-29 12:26:22.026395
2026-08-29,2026-06-01,2026-08-29,district,UTTARAKHAND,UTTARAKHAND,ALMORA,0.6,4.1,-85.0,LD,675.7,653.7,3.0,N,2026-08-29 12:26:22.026395
2026-08-29,2026-06-01,2026-08-29,district,UTTARAKHAND,UTTARAKHAND,BAGESHWAR,20.6,4.1,402.0,LE,1621.0,653.7,148.0,LE,2026-08-29 12:26:22.026395
2026-08-29,2026-06-01,2026-08-29,district,UTTARAKHAND,UTTARAKHAND,CHAMOLI,6.5,5.2,25.0,E,938.0,604.5,55.0,E,2026-08-29 12:26:22.026395
2026-08-29,2026-06-01,2026-08-29,district,UTTARAKHAND,UTTARAKHAND,CHAMPAWAT,0.0,13.9,-100.0,NR,662.5,1064.1,-38.0,D,2026-08-29 12:26:22.026395
2026-08-29,2026-06-01,2026-08-29,district,UTTARAKHAND,UTTARAKHAND,DEHRADUN,16.4,10.6,55.0,E,1132.3,1205.0,-6.0,N,2026-08-29 12:26:22.026395
2026-08-29,2026-06-01,2026-08-29,district,UTTARAKHAND,UTTARAKHAND,GARHWAL PAURI,8.2,13.2,-38.0,D,541.9,1048.8,-48.0,D,2026-08-29 12:26:22.026395
2026-08-29,2026-06-01,2026-08-29,district,UTTARAKHAND,UTTARAKHAND,GARHWAL TEHRI,3.6,7.2,-50.0,D,967.9,781.0,24.0,E,2026-08-29 12:26:22.026395
2026-08-29,2026-06-01,2026-08-29,district,UTTARAKHAND,UTTARAKHAND,HARDWAR,4.6,7.4,-38.0,D,944.9,808.4,17.0,N,2026-08-29 12:26:22.026395
2026-08-29,2026-06-01,2026-08-29,district,UTTARAKHAND,UTTARAKHAND,NAINITAL,6.2,8.1,-23.0,D,819.4,1259.9,-35.0,D,2026-08-29 12:26:22.026395
2026-08-29,2026-06-01,2026-08-29,district,UTTARAKHAND,UTTARAKHAND,PITHORAGARH,11.6,12.5,-7.0,N,1202.7,1244.0,-3.0,N,2026-08-29 12:26:22.026395
2026-08-29,2026-06-01,2026-08-29,district,UTTARAKHAND,UTTARAKHAND,RUDRAPRAYAG,1.3,14.8,-92.0,LD,1139.6,1315.8,-13.0,N,2026-08-29 12:26:22.026395
2026-08-29,2026-06-01,2026-08-29,district,UTTARAKHAND,UTTARAKHAND,UDHAM SINGH NAGAR,1.0,14.9,-93.0,LD,840.9,929.9,-10.0,N,2026-08-29 12:26:22.026395
2026-08-29,2026-06-01,2026-08-29,district,UTTARAKHAND,UTTARAKHAND,UTTARKASHI,2.6,6.9,-62.0,LD,830.9,964.6,-14.0,N,2026-08-29 12:26:22.026395
2026-08-29,2026-06-01,2026-08-29,district,VIDARBHA,MAHARASHTRA,AKOLA,0.0,6.9,-99.0,LD,358.1,563.7,-36.0,D,2026-08-29 12:26:22.026395
2026-08-29,2026-06-01,2026-08-29,district,VIDARBHA,MAHARASHTRA,AMRAOTI,0.3,9.0,-96.0,LD,399.5,661.8,-40.0,D,2026-08-29 12:26:22.026395
2026-08-29,2026-06-01,2026-08-29,district,VIDARBHA,MAHARASHTRA,BHANDARA,7.1,17.1,-58.0,D,742.4,892.3,-17.0,N,2026-08-29 12:26:22.026395
2026-08-29,2026-06-01,2026-08-29,district,VIDARBHA,MAHARASHTRA,BULDHANA,0.3,6.5,-95.0,LD,455.2,512.6,-11.0,N,2026-08-29 12:26:22.026395
2026-08-29,2026-06-01,2026-08-29,district,VIDARBHA,MAHARASHTRA,CHANDRAPUR,0.3,10.6,-97.0,LD,583.7,885.9,-34.0,D,2026-08-29 12:26:22.026395
2026-08-29,2026-06-01,2026-08-29,district,VIDARBHA,MAHARASHTRA,GADCHIROLI,0.3,12.2,-97.0,LD,841.4,1061.0,-21.0,D,2026-08-29 12:26:22.026395
2026-08-29,2026-06-01,2026-08-29,district,VIDARBHA,MAHARASHTRA,GONDIA,12.9,19.5,-34.0,D,986.8,1010.2,-2.0,N,2026-08-29 12:26:22.026395
2026-08-29,2026-06-01,2026-08-29,district,VIDARBHA,MAHARASHTRA,NAGPUR,7.7,11.5,-33.0,D,485.7,757.6,-36.0,D,2026-08-29 12:26:22.026395
2026-08-29,2026-06-01,2026-08-29,district,VIDARBHA,MAHARASHTRA,WARDHA,1.3,9.1,-86.0,LD,470.9,674.2,-30.0,D,2026-08-29 12:26:22.026395
2026-08-29,2026-06-01,2026-08-29,district,VIDARBHA,MAHARASHTRA,WASHIM,0.2,5.7,-97.0,LD,435.9,620.2,-30.0,D,2026-08-29 12:26:22.026395
2026-08-29,2026-06-01,2026-08-29,district,VIDARBHA,MAHARASHTRA,YEOTMAL,0.0,7.8,-99.0,LD,531.5,660.9,-20.0,D,2026-08-29 12:26:22.026395
2026-08-29,2026-06-01,2026-08-29,district,WEST MADHYA PRADESH,MADHYA PRADESH,AGAR-MALWA,0.0,9.6,-100.0,NR,721.0,728.2,-1.0,N,2026-08-29 12:26:22.026395
2026-08-29,2026-06-01,2026-08-29,district,WEST MADHYA PRADESH,MADHYA PRADESH,ALIRAJPUR,0.0,5.3,-100.0,NR,374.8,689.0,-46.0,D,2026-08-29 12:26:22.026395
2026-08-29,2026-06-01,2026-08-29,district,WEST MADHYA PRADESH,MADHYA PRADESH,ASHOKNAGAR,29.5,9.0,228.0,LE,586.0,690.5,-15.0,N,2026-08-29 12:26:22.026395
2026-08-29,2026-06-01,2026-08-29,district,WEST MADHYA PRADESH,MADHYA PRADESH,BARWANI,0.0,6.7,-100.0,NR,473.0,517.9,-9.0,N,2026-08-29 12:26:22.026395
2026-08-29,2026-06-01,2026-08-29,district,WEST MADHYA PRADESH,MADHYA PRADESH,BETUL,1.5,12.3,-88.0,LD,595.5,830.4,-28.0,D,2026-08-29 12:26:22.026395
2026-08-29,2026-06-01,2026-08-29,district,WEST MADHYA PRADESH,MADHYA PRADESH,BHIND,0.6,5.6,-89.0,LD,633.8,478.9,32.0,E,2026-08-29 12:26:22.026395
2026-08-29,2026-06-01,2026-08-29,district,WEST MADHYA PRADESH,MADHYA PRADESH,BHOPAL,1.5,12.6,-88.0,LD,889.4,780.0,14.0,N,2026-08-29 12:26:22.026395
2026-08-29,2026-06-01,2026-08-29,district,WEST MADHYA PRADESH,MADHYA PRADESH,BURHANPUR,0.0,7.0,-100.0,NR,697.3,580.0,20.0,E,2026-08-29 12:26:22.026395
2026-08-29,2026-06-01,2026-08-29,district,WEST MADHYA PRADESH,MADHYA PRADESH,DATIA,0.6,5.1,-89.0,LD,604.6,591.8,2.0,N,2026-08-29 12:26:22.026395
2026-08-29,2026-06-01,2026-08-29,district,WEST MADHYA PRADESH,MADHYA PRADESH,DEWAS,0.0,9.6,-100.0,NR,681.9,726.7,-6.0,N,2026-08-29 12:26:22.026395
2026-08-29,2026-06-01,2026-08-29,district,WEST MADHYA PRADESH,MADHYA PRADESH,DHAR,0.0,7.2,-100.0,NR,401.5,633.5,-37.0,D,2026-08-29 12:26:22.026395
2026-08-29,2026-06-01,2026-08-29,district,WEST MADHYA PRADESH,MADHYA PRADESH,GUNA,1.5,8.5,-83.0,LD,814.9,776.1,5.0,N,2026-08-29 12:26:22.026395
2026-08-29,2026-06-01,2026-08-29,district,WEST MADHYA PRADESH,MADHYA PRADESH,GWALIOR,6.2,5.9,5.0,N,601.5,562.5,7.0,N,2026-08-29 12:26:22.026395
2026-08-29,2026-06-01,2026-08-29,district,WEST MADHYA PRADESH,MADHYA PRADESH,HARDA,0.0,10.5,-100.0,NR,615.4,886.1,-31.0,D,2026-08-29 12:26:22.026395
2026-08-29,2026-06-01,2026-08-29,district,WEST MADHYA PRADESH,MADHYA PRADESH,INDORE,0.0,8.5,-100.0,NR,526.3,679.7,-23.0,D,2026-08-29 12:26:22.026395
2026-08-29,2026-06-01,2026-08-29,district,WEST MADHYA PRADESH,MADHYA PRADESH,JHABUA,0.0,11.5,-100.0,NR,482.2,705.4,-32.0,D,2026-08-29 12:26:22.026395
2026-08-29,2026-06-01,2026-08-29,district,WEST MADHYA PRADESH,MADHYA PRADESH,KHANDWA,0.0,7.2,-100.0,NR,603.8,616.2,-2.0,N,2026-08-29 12:26:22.026395
2026-08-29,2026-06-01,2026-08-29,district,WEST MADHYA PRADESH,MADHYA PRADESH,KHARGONE,0.0,6.7,-100.0,NR,638.3,564.5,13.0,N,2026-08-29 12:26:22.026395
2026-08-29,2026-06-01,2026-08-29,district,WEST MADHYA PRADESH,MADHYA PRADESH,MANDSAUR,0.0,8.3,-100.0,NR,588.1,670.1,-12.0,N,2026-08-29 12:26:22.026395
2026-08-29,2026-06-01,2026-08-29,district,WEST MADHYA PRADESH,MADHYA PRADESH,MORENA,0.0,4.1,-100.0,NR,379.1,525.0,-28.0,D,2026-08-29 12:26:22.026395
2026-08-29,2026-06-01,2026-08-29,district,WEST MADHYA PRADESH,MADHYA PRADESH,NARMADAPURAM,15.2,20.9,-27.0,D,681.0,1018.4,-33.0,D,2026-08-29 12:26:22.026395
2026-08-29,2026-06-01,2026-08-29,district,WEST MADHYA PRADESH,MADHYA PRADESH,NEEMUCH,0.0,3.4,-100.0,NR,573.2,638.7,-10.0,N,2026-08-29 12:26:22.026395
2026-08-29,2026-06-01,2026-08-29,district,WEST MADHYA PRADESH,MADHYA PRADESH,RAISEN,15.8,17.5,-10.0,N,719.1,882.7,-19.0,N,2026-08-29 12:26:22.026395
2026-08-29,2026-06-01,2026-08-29,district,WEST MADHYA PRADESH,MADHYA PRADESH,RAJGARH,0.0,10.3,-100.0,NR,846.3,739.7,14.0,N,2026-08-29 12:26:22.026395
2026-08-29,2026-06-01,2026-08-29,district,WEST MADHYA PRADESH,MADHYA PRADESH,RATLAM,0.0,9.5,-100.0,NR,496.5,748.1,-34.0,D,2026-08-29 12:26:22.026395
2026-08-29,2026-06-01,2026-08-29,district,WEST MADHYA PRADESH,MADHYA PRADESH,SEHORE,1.5,16.5,-91.0,LD,771.6,866.8,-11.0,N,2026-08-29 12:26:22.026395
2026-08-29,2026-06-01,2026-08-29,district,WEST MADHYA PRADESH,MADHYA PRADESH,SHAJAPUR,0.0,8.1,-100.0,NR,570.4,735.8,-22.0,D,2026-08-29 12:26:22.026395
2026-08-29,2026-06-01,2026-08-29,district,WEST MADHYA PRADESH,MADHYA PRADESH,SHEOPUR,2.6,5.9,-56.0,D,544.6,564.0,-3.0,N,2026-08-29 12:26:22.026395
2026-08-29,2026-06-01,2026-08-29,district,WEST MADHYA PRADESH,MADHYA PRADESH,SHIVPURI,16.7,7.8,115.0,LE,695.3,642.2,8.0,N,2026-08-29 12:26:22.026395
2026-08-29,2026-06-01,2026-08-29,district,WEST MADHYA PRADESH,MADHYA PRADESH,UJJAIN,0.0,10.9,-100.0,NR,541.1,711.2,-24.0,D,2026-08-29 12:26:22.026395
2026-08-29,2026-06-01,2026-08-29,district,WEST MADHYA PRADESH,MADHYA PRADESH,VIDISHA,17.3,13.8,25.0,E,659.6,846.9,-22.0,D,2026-08-29 12:26:22.026395
2026-08-29,2026-06-01,2026-08-29,district,WEST RAJASTHAN,RAJASTHAN,BARMER,0.0,1.6,-100.0,NR,188.0,227.5,-17.0,N,2026-08-29 12:26:22.026395
2026-08-29,2026-06-01,2026-08-29,district,WEST RAJASTHAN,RAJASTHAN,BIKANER,0.0,2.2,-100.0,NR,203.5,210.2,-3.0,N,2026-08-29 12:26:22.026395
2026-08-29,2026-06-01,2026-08-29,district,WEST RAJASTHAN,RAJASTHAN,CHURU,0.0,2.0,-100.0,NR,264.7,283.8,-7.0,N,2026-08-29 12:26:22.026395
2026-08-29,2026-06-01,2026-08-29,district,WEST RAJASTHAN,RAJASTHAN,HANUMANGARH,0.0,2.5,-100.0,NR,142.8,211.2,-32.0,D,2026-08-29 12:26:22.026395
2026-08-29,2026-06-01,2026-08-29,district,WEST RAJASTHAN,RAJASTHAN,JAISALMER,0.0,1.3,-100.0,NR,83.3,146.9,-43.0,D,2026-08-29 12:26:22.026395
2026-08-29,2026-06-01,2026-08-29,district,WEST RAJASTHAN,RAJASTHAN,JALORE,0.0,2.4,-100.0,NR,143.1,347.9,-59.0,D,2026-08-29 12:26:22.026395
2026-08-29,2026-06-01,2026-08-29,district,WEST RAJASTHAN,RAJASTHAN,JODHPUR,0.0,3.1,-100.0,NR,189.2,243.6,-22.0,D,2026-08-29 12:26:22.026395
2026-08-29,2026-06-01,2026-08-29,district,WEST RAJASTHAN,RAJASTHAN,NAGAUR,0.0,2.9,-100.0,NR,283.0,320.4,-12.0,N,2026-08-29 12:26:22.026395
2026-08-29,2026-06-01,2026-08-29,district,WEST RAJASTHAN,RAJASTHAN,PALI,0.0,4.0,-100.0,NR,208.0,414.6,-50.0,D,2026-08-29 12:26:22.026395
2026-08-29,2026-06-01,2026-08-29,district,WEST RAJASTHAN,RAJASTHAN,SRI GANGANAGAR,0.0,1.8,-100.0,NR,168.7,166.2,1.0,N,2026-08-29 12:26:22.026395
2026-08-29,2026-06-01,2026-08-29,district,WEST UTTAR PRADESH,UTTAR PRADESH,AGRA,0.0,6.8,-100.0,NR,416.1,426.7,-2.0,N,2026-08-29 12:26:22.026395
2026-08-29,2026-06-01,2026-08-29,district,WEST UTTAR PRADESH,UTTAR PRADESH,ALIGARH,0.0,5.9,-100.0,NR,280.0,479.0,-42.0,D,2026-08-29 12:26:22.026395
2026-08-29,2026-06-01,2026-08-29,district,WEST UTTAR PRADESH,UTTAR PRADESH,AMROHA,0.0,6.8,-100.0,NR,412.2,669.8,-38.0,D,2026-08-29 12:26:22.026395
2026-08-29,2026-06-01,2026-08-29,district,WEST UTTAR PRADESH,UTTAR PRADESH,AURAIYA,2.0,3.6,-44.0,D,460.7,399.5,15.0,N,2026-08-29 12:26:22.026395
2026-08-29,2026-06-01,2026-08-29,district,WEST UTTAR PRADESH,UTTAR PRADESH,BADAUN,0.8,8.7,-91.0,LD,563.8,535.3,5.0,N,2026-08-29 12:26:22.026395
2026-08-29,2026-06-01,2026-08-29,district,WEST UTTAR PRADESH,UTTAR PRADESH,BAGHPAT,0.0,4.6,-100.0,NR,443.3,409.0,8.0,N,2026-08-29 12:26:22.026395
2026-08-29,2026-06-01,2026-08-29,district,WEST UTTAR PRADESH,UTTAR PRADESH,BAREILLY,23.6,8.0,196.0,LE,585.3,631.9,-7.0,N,2026-08-29 12:26:22.026395
2026-08-29,2026-06-01,2026-08-29,district,WEST UTTAR PRADESH,UTTAR PRADESH,BIJNOR,1.6,8.4,-81.0,LD,904.3,733.1,23.0,E,2026-08-29 12:26:22.026395
2026-08-29,2026-06-01,2026-08-29,district,WEST UTTAR PRADESH,UTTAR PRADESH,BULANDSHAHAR,0.8,3.5,-77.0,LD,405.6,430.2,-6.0,N,2026-08-29 12:26:22.026395
2026-08-29,2026-06-01,2026-08-29,district,WEST UTTAR PRADESH,UTTAR PRADESH,ETAH,0.0,6.4,-100.0,NR,566.2,402.0,41.0,E,2026-08-29 12:26:22.026395
2026-08-29,2026-06-01,2026-08-29,district,WEST UTTAR PRADESH,UTTAR PRADESH,ETAWAH,1.7,3.5,-52.0,D,535.1,440.9,21.0,E,2026-08-29 12:26:22.026395
2026-08-29,2026-06-01,2026-08-29,district,WEST UTTAR PRADESH,UTTAR PRADESH,FIROZABAD,0.0,4.9,-100.0,NR,578.5,455.0,27.0,E,2026-08-29 12:26:22.026395
2026-08-29,2026-06-01,2026-08-29,district,WEST UTTAR PRADESH,UTTAR PRADESH,GAUTAM BUDDHA NAGAR,0.0,6.5,-100.0,NR,516.8,368.5,40.0,E,2026-08-29 12:26:22.026395
2026-08-29,2026-06-01,2026-08-29,district,WEST UTTAR PRADESH,UTTAR PRADESH,GHAZIABAD,0.0,6.6,-100.0,NR,154.8,371.3,-58.0,D,2026-08-29 12:26:22.026395
2026-08-29,2026-06-01,2026-08-29,district,WEST UTTAR PRADESH,UTTAR PRADESH,HAMIRPUR,0.0,6.7,-100.0,NR,840.9,551.2,53.0,E,2026-08-29 12:26:22.026395
2026-08-29,2026-06-01,2026-08-29,district,WEST UTTAR PRADESH,UTTAR PRADESH,HAPUR,0.0,7.3,-100.0,NR,276.5,547.1,-49.0,D,2026-08-29 12:26:22.026395
2026-08-29,2026-06-01,2026-08-29,district,WEST UTTAR PRADESH,UTTAR PRADESH,HATHRAS,0.0,5.7,-100.0,NR,407.5,450.3,-10.0,N,2026-08-29 12:26:22.026395
2026-08-29,2026-06-01,2026-08-29,district,WEST UTTAR PRADESH,UTTAR PRADESH,JALAUN,3.8,5.5,-32.0,D,584.9,501.9,17.0,N,2026-08-29 12:26:22.026395
2026-08-29,2026-06-01,2026-08-29,district,WEST UTTAR PRADESH,UTTAR PRADESH,JHANSI,2.0,8.5,-77.0,LD,487.1,568.7,-14.0,N,2026-08-29 12:26:22.026395
2026-08-29,2026-06-01,2026-08-29,district,WEST UTTAR PRADESH,UTTAR PRADESH,KASGANJ,0.0,6.6,-100.0,NR,496.7,524.2,-5.0,N,2026-08-29 12:26:22.026395
2026-08-29,2026-06-01,2026-08-29,district,WEST UTTAR PRADESH,UTTAR PRADESH,LALITPUR,27.2,13.1,108.0,LE,733.1,653.8,12.0,N,2026-08-29 12:26:22.026395
2026-08-29,2026-06-01,2026-08-29,district,WEST UTTAR PRADESH,UTTAR PRADESH,MAHOBA,2.7,5.2,-49.0,D,823.1,481.9,71.0,LE,2026-08-29 12:26:22.026395
2026-08-29,2026-06-01,2026-08-29,district,WEST UTTAR PRADESH,UTTAR PRADESH,MAINPURI,1.0,4.8,-79.0,LD,286.0,510.8,-44.0,D,2026-08-29 12:26:22.026395
2026-08-29,2026-06-01,2026-08-29,district,WEST UTTAR PRADESH,UTTAR PRADESH,MATHURA,0.0,3.9,-100.0,NR,232.0,403.1,-42.0,D,2026-08-29 12:26:22.026395
2026-08-29,2026-06-01,2026-08-29,district,WEST UTTAR PRADESH,UTTAR PRADESH,MEERUT,0.0,7.3,-100.0,NR,881.2,519.9,69.0,LE,2026-08-29 12:26:22.026395
2026-08-29,2026-06-01,2026-08-29,district,WEST UTTAR PRADESH,UTTAR PRADESH,MORADABAD,0.3,7.9,-96.0,LD,688.4,701.4,-2.0,N,2026-08-29 12:26:22.026395
2026-08-29,2026-06-01,2026-08-29,district,WEST UTTAR PRADESH,UTTAR PRADESH,MUZAFFARNAGAR,0.0,4.4,-100.0,NR,930.0,527.3,76.0,LE,2026-08-29 12:26:22.026395
2026-08-29,2026-06-01,2026-08-29,district,WEST UTTAR PRADESH,UTTAR PRADESH,PILIBHIT,1.0,6.6,-85.0,LD,216.9,662.4,-67.0,LD,2026-08-29 12:26:22.026395
2026-08-29,2026-06-01,2026-08-29,district,WEST UTTAR PRADESH,UTTAR PRADESH,RAMPUR,3.2,6.9,-54.0,D,504.5,581.7,-13.0,N,2026-08-29 12:26:22.026395
2026-08-29,2026-06-01,2026-08-29,district,WEST UTTAR PRADESH,UTTAR PRADESH,SAHARANPUR,0.0,7.2,-100.0,NR,483.5,622.1,-22.0,D,2026-08-29 12:26:22.026395
2026-08-29,2026-06-01,2026-08-29,district,WEST UTTAR PRADESH,UTTAR PRADESH,SAMBHAL,0.5,6.2,-92.0,LD,1024.0,524.8,95.0,LE,2026-08-29 12:26:22.026395
2026-08-29,2026-06-01,2026-08-29,district,WEST UTTAR PRADESH,UTTAR PRADESH,SHAHJAHANPUR,7.7,8.3,-8.0,N,551.9,603.2,-9.0,N,2026-08-29 12:26:22.026395
2026-08-29,2026-06-01,2026-08-29,district,WEST UTTAR PRADESH,UTTAR PRADESH,SHAMLI,0.0,5.4,-100.0,NR,160.3,442.2,-64.0,LD,2026-08-29 12:26:22.026395
2026-08-29,2026-06-01,2026-08-29,state,ASSAM & MEGHALAYA,ASSAM,,9.3,8.8,6.0,N,881.2,1176.0,-25.0,D,2026-08-29 12:26:22.026395
2026-08-29,2026-06-01,2026-08-29,state,ASSAM & MEGHALAYA,MEGHALAYA,,8.7,16.1,-46.0,D,911.1,2176.9,-58.0,D,2026-08-29 12:26:22.026395
2026-08-29,2026-06-01,2026-08-29,state,BIHAR,UTTAR PRADESH,,5.9,6.0,-2.0,N,536.8,583.3,-8.0,N,2026-08-29 12:26:22.026395
2026-08-29,2026-06-01,2026-08-29,state,CHHATTISGARH,ANDHRA PRADESH,,0.3,4.3,-92.0,LD,213.3,360.3,-41.0,D,2026-08-29 12:26:22.026395
2026-08-29,2026-06-01,2026-08-29,state,COASTAL A. P. & YANAM,ANDHRA PRADESH,,0.3,4.3,-92.0,LD,213.3,360.3,-41.0,D,2026-08-29 12:26:22.026395
2026-08-29,2026-06-01,2026-08-29,state,COASTAL A. P. & YANAM,PUDUCHERRY (UT),,10.0,3.9,156.0,LE,187.3,279.9,-33.0,D,2026-08-29 12:26:22.026395
2026-08-29,2026-06-01,2026-08-29,state,EAST MADHYA PRADESH,GUJARAT,,0.1,7.7,-99.0,LD,515.7,576.9,-11.0,N,2026-08-29 12:26:22.026395
2026-08-29,2026-06-01,2026-08-29,state,GUJARAT REGION,DADRA & NAGAR HAVELI AND DAMAN & DIU (UT),,2.9,28.8,-90.0,LD,2731.3,1834.8,49.0,E,2026-08-29 12:26:22.026395
2026-08-29,2026-06-01,2026-08-29,state,GUJARAT REGION,GUJARAT,,0.1,7.7,-99.0,LD,515.7,576.9,-11.0,N,2026-08-29 12:26:22.026395
2026-08-29,2026-06-01,2026-08-29,state,HAR. CHD & DELHI,CHANDIGARH (UT),,0.0,2.9,-99.0,LD,596.3,702.1,-15.0,N,2026-08-29 12:26:22.026395
2026-08-29,2026-06-01,2026-08-29,state,HAR. CHD & DELHI,DELHI,,0.0,5.9,-100.0,NR,501.0,432.1,16.0,N,2026-08-29 12:26:22.026395
2026-08-29,2026-06-01,2026-08-29,state,HAR. CHD & DELHI,HARYANA,,0.5,3.6,-86.0,LD,281.8,344.6,-18.0,N,2026-08-29 12:26:22.026395
2026-08-29,2026-06-01,2026-08-29,state,J & K AND LADAKH,JAMMU & KASHMIR(UT),,8.1,3.4,139.0,LE,456.1,445.0,2.0,N,2026-08-29 12:26:22.026395
2026-08-29,2026-06-01,2026-08-29,state,J & K AND LADAKH,LADAKH (UT),,0.0,0.2,-100.0,NR,49.2,16.4,200.0,LE,2026-08-29 12:26:22.026395
2026-08-29,2026-06-01,2026-08-29,state,J & K AND LADAKH,RAJASTHAN,,0.0,3.2,-100.0,NR,282.6,364.5,-22.0,D,2026-08-29 12:26:22.026395
2026-08-29,2026-06-01,2026-08-29,state,KERALA & MAHE,KERALA,,6.0,10.9,-45.0,D,1365.2,1723.2,-21.0,D,2026-08-29 12:26:22.026395
2026-08-29,2026-06-01,2026-08-29,state,KERALA & MAHE,PUDUCHERRY (UT),,10.0,3.9,156.0,LE,187.3,279.9,-33.0,D,2026-08-29 12:26:22.026395
2026-08-29,2026-06-01,2026-08-29,state,KONKAN & GOA,GOA,,4.1,18.7,-78.0,LD,1743.3,2650.4,-34.0,D,2026-08-29 12:26:22.026395
2026-08-29,2026-06-01,2026-08-29,state,KONKAN & GOA,MAHARASHTRA,,3.1,8.6,-64.0,LD,711.2,797.2,-11.0,N,2026-08-29 12:26:22.026395
2026-08-29,2026-06-01,2026-08-29,state,NMMT,MANIPUR,,2.3,8.3,-72.0,LD,468.9,823.2,-43.0,D,2026-08-29 12:26:22.026395
2026-08-29,2026-06-01,2026-08-29,state,NMMT,MIZORAM,,20.1,12.2,65.0,LE,998.0,1244.3,-20.0,D,2026-08-29 12:26:22.026395
2026-08-29,2026-06-01,2026-08-29,state,NMMT,NAGALAND,,11.5,9.5,21.0,E,867.7,818.2,6.0,N,2026-08-29 12:26:22.026395
2026-08-29,2026-06-01,2026-08-29,state,NMMT,TRIPURA,,25.3,11.4,122.0,LE,987.7,1119.2,-12.0,N,2026-08-29 12:26:22.026395
2026-08-29,2026-06-01,2026-08-29,state,SAURASHTRA & KUTCH,DADRA & NAGAR HAVELI AND DAMAN & DIU (UT),,2.9,28.8,-90.0,LD,2731.3,1834.8,49.0,E,2026-08-29 12:26:22.026395
2026-08-29,2026-06-01,2026-08-29,state,SAURASHTRA & KUTCH,GUJARAT,,0.1,7.7,-99.0,LD,515.7,576.9,-11.0,N,2026-08-29 12:26:22.026395
2026-08-29,2026-06-01,2026-08-29,state,SHWB & SIKKIM,SIKKIM,,13.7,12.2,12.0,N,1261.3,1304.1,-3.0,N,2026-08-29 12:26:22.026395
2026-08-29,2026-06-01,2026-08-29,state,SHWB & SIKKIM,WEST BENGAL,,6.6,9.8,-32.0,D,1050.6,1029.0,2.0,N,2026-08-29 12:26:22.026395
2026-08-29,2026-06-01,2026-08-29,state,TAMIL. PUDU.& KARAIKAL,KARNATAKA,,3.1,5.6,-45.0,D,509.6,659.9,-23.0,D,2026-08-29 12:26:22.026395
2026-08-29,2026-06-01,2026-08-29,state,TAMIL. PUDU.& KARAIKAL,PUDUCHERRY (UT),,10.0,3.9,156.0,LE,187.3,279.9,-33.0,D,2026-08-29 12:26:22.026395
2026-08-29,2026-06-01,2026-08-29,state,TAMIL. PUDU.& KARAIKAL,TAMILNADU,,1.2,2.7,-56.0,D,164.5,204.3,-19.0,N,2026-08-29 12:26:22.026395
2026-08-29,2026-06-01,2026-08-29,state,WEST RAJASTHAN,MADHYA PRADESH,,10.6,11.4,-7.0,N,699.7,762.3,-8.0,N,2026-08-29 12:26:22.026395
2026-08-29,2026-06-01,2026-08-29,subdivision,A & N ISLAND,,,6.8,12.4,-45.0,D,1251.7,1174.7,7.0,N,2026-08-29 12:26:22.026395
2026-08-29,2026-06-01,2026-08-29,subdivision,ARUNACHAL PRADESH,,,3.7,9.3,-60.0,LD,777.0,1306.2,-41.0,D,2026-08-29 12:26:22.026395
2026-08-29,2026-06-01,2026-08-29,subdivision,ASSAM & MEGHALAYA,,,9.2,10.5,-13.0,N,888.3,1409.0,-37.0,D,2026-08-29 12:26:22.026395
2026-08-29,2026-06-01,2026-08-29,subdivision,BIHAR,,,8.5,6.0,42.0,E,445.8,762.5,-42.0,D,2026-08-29 12:26:22.026395
2026-08-29,2026-06-01,2026-08-29,subdivision,CHHATTISGARH,,,2.9,13.0,-77.0,LD,878.8,901.8,-3.0,N,2026-08-29 12:26:22.026395
2026-08-29,2026-06-01,2026-08-29,subdivision,COASTAL A. P. & YANAM,,,0.5,4.9,-89.0,LD,258.4,426.9,-39.0,D,2026-08-29 12:26:22.026395
2026-08-29,2026-06-01,2026-08-29,subdivision,COASTAL KARNATAKA,,,14.1,18.6,-24.0,D,2091.7,2736.0,-24.0,D,2026-08-29 12:26:22.026395
2026-08-29,2026-06-01,2026-08-29,subdivision,EAST MADHYA PRADESH,,,18.7,13.7,37.0,E,803.9,834.2,-4.0,N,2026-08-29 12:26:22.026395
2026-08-29,2026-06-01,2026-08-29,subdivision,EAST RAJASTHAN,,,0.0,4.5,-100.0,NR,411.8,522.7,-21.0,D,2026-08-29 12:26:22.026395
2026-08-29,2026-06-01,2026-08-29,subdivision,EAST UTTAR PRADESH,,,7.7,5.4,42.0,E,522.4,615.9,-15.0,N,2026-08-29 12:26:22.026395
2026-08-29,2026-06-01,2026-08-29,subdivision,GANGETIC WEST BENGAL,,,7.5,8.8,-15.0,N,953.3,886.6,8.0,N,2026-08-29 12:26:22.026395
2026-08-29,2026-06-01,2026-08-29,subdivision,GUJARAT REGION,,,0.2,9.5,-98.0,LD,791.7,760.2,4.0,N,2026-08-29 12:26:22.026395
2026-08-29,2026-06-01,2026-08-29,subdivision,HAR. CHD & DELHI,,,0.5,3.7,-86.0,LD,288.0,348.2,-17.0,N,2026-08-29 12:26:22.026395
2026-08-29,2026-06-01,2026-08-29,subdivision,HIMACHAL PRADESH,,,2.3,5.3,-57.0,D,545.7,603.7,-10.0,N,2026-08-29 12:26:22.026395
2026-08-29,2026-06-01,2026-08-29,subdivision,J & K AND LADAKH,,,8.1,3.4,139.0,LE,456.1,445.0,2.0,N,2026-08-29 12:26:22.026395
2026-08-29,2026-06-01,2026-08-29,subdivision,JHARKHAND,,,14.7,8.2,80.0,LE,691.0,786.5,-12.0,N,2026-08-29 12:26:22.026395
2026-08-29,2026-06-01,2026-08-29,subdivision,KERALA & MAHE,,,6.0,11.0,-46.0,D,1365.3,1723.3,-21.0,D,2026-08-29 12:26:22.026395
2026-08-29,2026-06-01,2026-08-29,subdivision,KONKAN & GOA,,,13.1,23.6,-45.0,D,2243.3,2456.0,-9.0,N,2026-08-29 12:26:22.026395
2026-08-29,2026-06-01,2026-08-29,subdivision,LAKSHADWEEP,,,0.0,6.0,-100.0,NR,627.9,837.0,-25.0,D,2026-08-29 12:26:22.026395
2026-08-29,2026-06-01,2026-08-29,subdivision,MADHYA MAHARASHTRA,,,2.5,5.5,-54.0,D,629.1,577.1,9.0,N,2026-08-29 12:26:22.026395
2026-08-29,2026-06-01,2026-08-29,subdivision,MARATHWADA,,,0.7,4.5,-84.0,LD,335.2,468.2,-28.0,D,2026-08-29 12:26:22.026395
2026-08-29,2026-06-01,2026-08-29,subdivision,N. I. KARNATAKA,,,0.6,4.1,-86.0,LD,271.8,334.3,-19.0,N,2026-08-29 12:26:22.026395
2026-08-29,2026-06-01,2026-08-29,subdivision,NMMT,,,14.1,10.5,34.0,E,817.6,1017.7,-20.0,D,2026-08-29 12:26:22.026395
2026-08-29,2026-06-01,2026-08-29,subdivision,ODISHA,,,4.5,12.2,-63.0,LD,1113.7,896.3,24.0,E,2026-08-29 12:26:22.026395
2026-08-29,2026-06-01,2026-08-29,subdivision,PUNJAB,,,0.6,3.3,-81.0,LD,230.0,357.1,-36.0,D,2026-08-29 12:26:22.026395
2026-08-29,2026-06-01,2026-08-29,subdivision,RAYALASEEMA,,,0.1,3.4,-98.0,LD,154.2,265.8,-42.0,D,2026-08-29 12:26:22.026395
2026-08-29,2026-06-01,2026-08-29,subdivision,S. I. KARNATAKA,,,3.0,4.2,-28.0,D,397.5,522.0,-24.0,D,2026-08-29 12:26:22.026395
2026-08-29,2026-06-01,2026-08-29,subdivision,SAURASHTRA & KUTCH,,,0.0,6.3,-100.0,NR,297.4,430.6,-31.0,D,2026-08-29 12:26:22.026395
2026-08-29,2026-06-01,2026-08-29,subdivision,SHWB & SIKKIM,,,6.4,13.0,-50.0,D,1325.0,1469.5,-10.0,N,2026-08-29 12:26:22.026395
2026-08-29,2026-06-01,2026-08-29,subdivision,TAMIL. PUDU.& KARAIKAL,,,1.2,2.7,-55.0,D,164.5,204.4,-20.0,D,2026-08-29 12:26:22.026395
2026-08-29,2026-06-01,2026-08-29,subdivision,TELANGANA,,,0.4,5.9,-94.0,LD,461.6,561.8,-18.0,N,2026-08-29 12:26:22.026395
2026-08-29,2026-06-01,2026-08-29,subdivision,UTTARAKHAND,,,6.6,9.1,-28.0,D,929.4,963.7,-4.0,N,2026-08-29 12:26:22.026395
2026-08-29,2026-06-01,2026-08-29,subdivision,VIDARBHA,,,2.0,10.1,-80.0,LD,569.4,763.4,-25.0,D,2026-08-29 12:26:22.026395
2026-08-29,2026-06-01,2026-08-29,subdivision,WEST MADHYA PRADESH,,,4.4,9.7,-55.0,D,619.6,707.1,-12.0,N,2026-08-29 12:26:22.026395
2026-08-29,2026-06-01,2026-08-29,subdivision,WEST RAJASTHAN,,,0.0,2.2,-100.0,NR,179.7,238.6,-25.0,D,2026-08-29 12:26:22.026395
2026-08-29,2026-06-01,2026-08-29,subdivision,WEST UTTAR PRADESH,,,3.3,6.7,-50.0,D,557.3,537.5,4.0,N,2026-08-29 12:26:22.026395
