date,period_start,period_end,level,subdivision,state,district,day_actual_mm,day_normal_mm,day_departure_pct,day_category,period_actual_mm,period_normal_mm,period_departure_pct,period_category,scraped_at
2026-10-01,2026-10-01,2026-10-01,district,A & N ISLAND,ANDAMAN & NICOBAR ISLANDS,NICOBAR,13.8,9.4,47.0,E,13.8,9.4,47.0,E,2026-10-01 12:36:36.900305
2026-10-01,2026-10-01,2026-10-01,district,A & N ISLAND,ANDAMAN & NICOBAR ISLANDS,NORTH & MIDDLE ANDAMAN,5.3,17.2,-69.0,LD,5.3,17.2,-69.0,LD,2026-10-01 12:36:36.900305
2026-10-01,2026-10-01,2026-10-01,district,A & N ISLAND,ANDAMAN & NICOBAR ISLANDS,SOUTH ANDAMAN,7.1,14.5,-51.0,D,7.1,14.5,-51.0,D,2026-10-01 12:36:36.900305
2026-10-01,2026-10-01,2026-10-01,district,ARUNACHAL PRADESH,ARUNACHAL PRADESH,ANJAW,8.3,5.8,44.0,E,8.3,5.8,44.0,E,2026-10-01 12:36:36.900305
2026-10-01,2026-10-01,2026-10-01,district,ARUNACHAL PRADESH,ARUNACHAL PRADESH,CHANGLANG,0.0,4.0,-100.0,NR,0.0,4.0,-100.0,NR,2026-10-01 12:36:36.900305
2026-10-01,2026-10-01,2026-10-01,district,ARUNACHAL PRADESH,ARUNACHAL PRADESH,EAST KAMENG,0.0,3.3,-100.0,NR,0.0,3.3,-100.0,NR,2026-10-01 12:36:36.900305
2026-10-01,2026-10-01,2026-10-01,district,ARUNACHAL PRADESH,ARUNACHAL PRADESH,EAST SIANG,0.0,9.3,-100.0,NR,0.0,9.3,-100.0,NR,2026-10-01 12:36:36.900305
2026-10-01,2026-10-01,2026-10-01,district,ARUNACHAL PRADESH,ARUNACHAL PRADESH,KURUNG KUMEY,0.0,3.6,-100.0,NR,0.0,3.6,-100.0,NR,2026-10-01 12:36:36.900305
2026-10-01,2026-10-01,2026-10-01,district,ARUNACHAL PRADESH,ARUNACHAL PRADESH,LOHIT,4.6,7.8,-41.0,D,4.6,7.8,-41.0,D,2026-10-01 12:36:36.900305
2026-10-01,2026-10-01,2026-10-01,district,ARUNACHAL PRADESH,ARUNACHAL PRADESH,LOWER SUBANSIRI,0.0,1.2,-100.0,NR,0.0,1.2,-100.0,NR,2026-10-01 12:36:36.900305
2026-10-01,2026-10-01,2026-10-01,district,ARUNACHAL PRADESH,ARUNACHAL PRADESH,PAPUMPARA,9.7,6.0,61.0,LE,9.7,6.0,61.0,LE,2026-10-01 12:36:36.900305
2026-10-01,2026-10-01,2026-10-01,district,ARUNACHAL PRADESH,ARUNACHAL PRADESH,TAWANG,0.1,3.3,-97.0,LD,0.1,3.3,-97.0,LD,2026-10-01 12:36:36.900305
2026-10-01,2026-10-01,2026-10-01,district,ARUNACHAL PRADESH,ARUNACHAL PRADESH,TIRAP,22.0,14.7,50.0,E,22.0,14.7,50.0,E,2026-10-01 12:36:36.900305
2026-10-01,2026-10-01,2026-10-01,district,ARUNACHAL PRADESH,ARUNACHAL PRADESH,UPPER SIANG,7.1,6.8,5.0,N,7.1,6.8,5.0,N,2026-10-01 12:36:36.900305
2026-10-01,2026-10-01,2026-10-01,district,ARUNACHAL PRADESH,ARUNACHAL PRADESH,UPPER SUBANSIRI,0.0,4.6,-100.0,NR,0.0,4.6,-100.0,NR,2026-10-01 12:36:36.900305
2026-10-01,2026-10-01,2026-10-01,district,ARUNACHAL PRADESH,ARUNACHAL PRADESH,WEST KAMENG,3.3,7.3,-55.0,D,3.3,7.3,-55.0,D,2026-10-01 12:36:36.900305
2026-10-01,2026-10-01,2026-10-01,district,ARUNACHAL PRADESH,ARUNACHAL PRADESH,WEST SIANG,2.5,6.6,-62.0,LD,2.5,6.6,-62.0,LD,2026-10-01 12:36:36.900305
2026-10-01,2026-10-01,2026-10-01,district,ASSAM & MEGHALAYA,ASSAM,BAJALI,0.0,5.2,-100.0,NR,0.0,5.2,-100.0,NR,2026-10-01 12:36:36.900305
2026-10-01,2026-10-01,2026-10-01,district,ASSAM & MEGHALAYA,ASSAM,BAKSA,0.0,4.9,-100.0,NR,0.0,4.9,-100.0,NR,2026-10-01 12:36:36.900305
2026-10-01,2026-10-01,2026-10-01,district,ASSAM & MEGHALAYA,ASSAM,BARPETA,0.0,5.2,-100.0,NR,0.0,5.2,-100.0,NR,2026-10-01 12:36:36.900305
2026-10-01,2026-10-01,2026-10-01,district,ASSAM & MEGHALAYA,ASSAM,BONGAIGAON,0.0,10.1,-100.0,NR,0.0,10.1,-100.0,NR,2026-10-01 12:36:36.900305
2026-10-01,2026-10-01,2026-10-01,district,ASSAM & MEGHALAYA,ASSAM,CACHAR,2.1,7.8,-74.0,LD,2.1,7.8,-74.0,LD,2026-10-01 12:36:36.900305
2026-10-01,2026-10-01,2026-10-01,district,ASSAM & MEGHALAYA,ASSAM,CHARAIDEO,22.0,0.9,2344.0,LE,22.0,0.9,2344.0,LE,2026-10-01 12:36:36.900305
2026-10-01,2026-10-01,2026-10-01,district,ASSAM & MEGHALAYA,ASSAM,CHIRANG,0.0,3.6,-100.0,NR,0.0,3.6,-100.0,NR,2026-10-01 12:36:36.900305
2026-10-01,2026-10-01,2026-10-01,district,ASSAM & MEGHALAYA,ASSAM,DARRANG,0.0,7.8,-100.0,NR,0.0,7.8,-100.0,NR,2026-10-01 12:36:36.900305
2026-10-01,2026-10-01,2026-10-01,district,ASSAM & MEGHALAYA,ASSAM,DHUBRI,0.0,8.0,-100.0,NR,0.0,8.0,-100.0,NR,2026-10-01 12:36:36.900305
2026-10-01,2026-10-01,2026-10-01,district,ASSAM & MEGHALAYA,ASSAM,DIBRUGARH,19.3,7.5,157.0,LE,19.3,7.5,157.0,LE,2026-10-01 12:36:36.900305
2026-10-01,2026-10-01,2026-10-01,district,ASSAM & MEGHALAYA,ASSAM,DIMA HASAO,0.7,4.7,-85.0,LD,0.7,4.7,-85.0,LD,2026-10-01 12:36:36.900305
2026-10-01,2026-10-01,2026-10-01,district,ASSAM & MEGHALAYA,ASSAM,GOALPARA,0.0,10.8,-100.0,NR,0.0,10.8,-100.0,NR,2026-10-01 12:36:36.900305
2026-10-01,2026-10-01,2026-10-01,district,ASSAM & MEGHALAYA,ASSAM,GOLAGHAT,1.1,2.6,-56.0,D,1.1,2.6,-56.0,D,2026-10-01 12:36:36.900305
2026-10-01,2026-10-01,2026-10-01,district,ASSAM & MEGHALAYA,ASSAM,HAILAKANDI,25.5,5.4,373.0,LE,25.5,5.4,373.0,LE,2026-10-01 12:36:36.900305
2026-10-01,2026-10-01,2026-10-01,district,ASSAM & MEGHALAYA,ASSAM,HOJAI,0.3,5.8,-96.0,LD,0.3,5.8,-96.0,LD,2026-10-01 12:36:36.900305
2026-10-01,2026-10-01,2026-10-01,district,ASSAM & MEGHALAYA,ASSAM,JORHAT,0.0,3.1,-100.0,NR,0.0,3.1,-100.0,NR,2026-10-01 12:36:36.900305
2026-10-01,2026-10-01,2026-10-01,district,ASSAM & MEGHALAYA,ASSAM,KAMRUP METROPOLITAN,0.1,4.3,-98.0,LD,0.1,4.3,-98.0,LD,2026-10-01 12:36:36.900305
2026-10-01,2026-10-01,2026-10-01,district,ASSAM & MEGHALAYA,ASSAM,KAMRUP RURAL,0.0,4.0,-100.0,NR,0.0,4.0,-100.0,NR,2026-10-01 12:36:36.900305
2026-10-01,2026-10-01,2026-10-01,district,ASSAM & MEGHALAYA,ASSAM,KARBI ANGLONG,24.6,3.8,547.0,LE,24.6,3.8,547.0,LE,2026-10-01 12:36:36.900305
2026-10-01,2026-10-01,2026-10-01,district,ASSAM & MEGHALAYA,ASSAM,KOKRAJHAR,0.0,9.5,-100.0,NR,0.0,9.5,-100.0,NR,2026-10-01 12:36:36.900305
2026-10-01,2026-10-01,2026-10-01,district,ASSAM & MEGHALAYA,ASSAM,LAKHIMPUR,7.7,7.0,10.0,N,7.7,7.0,10.0,N,2026-10-01 12:36:36.900305
2026-10-01,2026-10-01,2026-10-01,district,ASSAM & MEGHALAYA,ASSAM,MORIGAON,0.0,3.2,-100.0,NR,0.0,3.2,-100.0,NR,2026-10-01 12:36:36.900305
2026-10-01,2026-10-01,2026-10-01,district,ASSAM & MEGHALAYA,ASSAM,NAGAON,0.0,4.1,-100.0,NR,0.0,4.1,-100.0,NR,2026-10-01 12:36:36.900305
2026-10-01,2026-10-01,2026-10-01,district,ASSAM & MEGHALAYA,ASSAM,NALBARI,0.0,7.0,-100.0,NR,0.0,7.0,-100.0,NR,2026-10-01 12:36:36.900305
2026-10-01,2026-10-01,2026-10-01,district,ASSAM & MEGHALAYA,ASSAM,SIBSAGAR,2.2,2.7,-19.0,N,2.2,2.7,-19.0,N,2026-10-01 12:36:36.900305
2026-10-01,2026-10-01,2026-10-01,district,ASSAM & MEGHALAYA,ASSAM,SONITPUR,3.4,6.0,-43.0,D,3.4,6.0,-43.0,D,2026-10-01 12:36:36.900305
2026-10-01,2026-10-01,2026-10-01,district,ASSAM & MEGHALAYA,ASSAM,SRIBHUMI,57.7,1.5,3747.0,LE,57.7,1.5,3747.0,LE,2026-10-01 12:36:36.900305
2026-10-01,2026-10-01,2026-10-01,district,ASSAM & MEGHALAYA,ASSAM,TAMULPUR,0.0,2.9,-100.0,NR,0.0,2.9,-100.0,NR,2026-10-01 12:36:36.900305
2026-10-01,2026-10-01,2026-10-01,district,ASSAM & MEGHALAYA,ASSAM,TINSUKIA,9.3,5.8,60.0,LE,9.3,5.8,60.0,LE,2026-10-01 12:36:36.900305
2026-10-01,2026-10-01,2026-10-01,district,ASSAM & MEGHALAYA,ASSAM,UDALGURI,0.0,10.0,-100.0,NR,0.0,10.0,-100.0,NR,2026-10-01 12:36:36.900305
2026-10-01,2026-10-01,2026-10-01,district,ASSAM & MEGHALAYA,ASSAM,WEST KARBI ANGLONG,0.0,3.1,-100.0,NR,0.0,3.1,-100.0,NR,2026-10-01 12:36:36.900305
2026-10-01,2026-10-01,2026-10-01,district,ASSAM & MEGHALAYA,MEGHALAYA,EAST GARO HILLS,0.2,8.4,-98.0,LD,0.2,8.4,-98.0,LD,2026-10-01 12:36:36.900305
2026-10-01,2026-10-01,2026-10-01,district,ASSAM & MEGHALAYA,MEGHALAYA,EAST JAINTIA HILLS,2.7,10.8,-75.0,LD,2.7,10.8,-75.0,LD,2026-10-01 12:36:36.900305
2026-10-01,2026-10-01,2026-10-01,district,ASSAM & MEGHALAYA,MEGHALAYA,EAST KHASI HILLS,4.0,12.6,-68.0,LD,4.0,12.6,-68.0,LD,2026-10-01 12:36:36.900305
2026-10-01,2026-10-01,2026-10-01,district,ASSAM & MEGHALAYA,MEGHALAYA,NORTH GARO HILLS,0.1,5.1,-99.0,LD,0.1,5.1,-99.0,LD,2026-10-01 12:36:36.900305
2026-10-01,2026-10-01,2026-10-01,district,ASSAM & MEGHALAYA,MEGHALAYA,RI BHOI,4.9,12.7,-61.0,LD,4.9,12.7,-61.0,LD,2026-10-01 12:36:36.900305
2026-10-01,2026-10-01,2026-10-01,district,ASSAM & MEGHALAYA,MEGHALAYA,SOUTH GARO HILLS,0.1,5.1,-98.0,LD,0.1,5.1,-98.0,LD,2026-10-01 12:36:36.900305
2026-10-01,2026-10-01,2026-10-01,district,ASSAM & MEGHALAYA,MEGHALAYA,SOUTH WEST GARO HILLS,0.0,5.1,-100.0,NR,0.0,5.1,-100.0,NR,2026-10-01 12:36:36.900305
2026-10-01,2026-10-01,2026-10-01,district,ASSAM & MEGHALAYA,MEGHALAYA,SOUTH WEST KHASI HILLS,6.7,5.1,31.0,E,6.7,5.1,31.0,E,2026-10-01 12:36:36.900305
2026-10-01,2026-10-01,2026-10-01,district,ASSAM & MEGHALAYA,MEGHALAYA,WEST GARO HILLS,0.1,9.4,-98.0,LD,0.1,9.4,-98.0,LD,2026-10-01 12:36:36.900305
2026-10-01,2026-10-01,2026-10-01,district,ASSAM & MEGHALAYA,MEGHALAYA,WEST JAINTIA HILLS,39.0,10.8,261.0,LE,39.0,10.8,261.0,LE,2026-10-01 12:36:36.900305
2026-10-01,2026-10-01,2026-10-01,district,ASSAM & MEGHALAYA,MEGHALAYA,WEST KHASI HILLS,2.4,13.7,-82.0,LD,2.4,13.7,-82.0,LD,2026-10-01 12:36:36.900305
2026-10-01,2026-10-01,2026-10-01,district,BIHAR,BIHAR,ARARIA,0.0,5.0,-100.0,NR,0.0,5.0,-100.0,NR,2026-10-01 12:36:36.900305
2026-10-01,2026-10-01,2026-10-01,district,BIHAR,BIHAR,ARWAL,0.0,2.8,-100.0,NR,0.0,2.8,-100.0,NR,2026-10-01 12:36:36.900305
2026-10-01,2026-10-01,2026-10-01,district,BIHAR,BIHAR,AURANGABAD,0.0,1.4,-100.0,NR,0.0,1.4,-100.0,NR,2026-10-01 12:36:36.900305
2026-10-01,2026-10-01,2026-10-01,district,BIHAR,BIHAR,BANKA,0.0,4.2,-100.0,NR,0.0,4.2,-100.0,NR,2026-10-01 12:36:36.900305
2026-10-01,2026-10-01,2026-10-01,district,BIHAR,BIHAR,BEGUSARAI,0.0,2.6,-100.0,NR,0.0,2.6,-100.0,NR,2026-10-01 12:36:36.900305
2026-10-01,2026-10-01,2026-10-01,district,BIHAR,BIHAR,BHABUA,0.0,1.5,-100.0,NR,0.0,1.5,-100.0,NR,2026-10-01 12:36:36.900305
2026-10-01,2026-10-01,2026-10-01,district,BIHAR,BIHAR,BHAGALPUR,0.0,3.6,-100.0,NR,0.0,3.6,-100.0,NR,2026-10-01 12:36:36.900305
2026-10-01,2026-10-01,2026-10-01,district,BIHAR,BIHAR,BHOJPUR,0.0,3.3,-100.0,NR,0.0,3.3,-100.0,NR,2026-10-01 12:36:36.900305
2026-10-01,2026-10-01,2026-10-01,district,BIHAR,BIHAR,BUXAR,0.0,1.4,-100.0,NR,0.0,1.4,-100.0,NR,2026-10-01 12:36:36.900305
2026-10-01,2026-10-01,2026-10-01,district,BIHAR,BIHAR,DARBHANGA,0.0,5.6,-100.0,NR,0.0,5.6,-100.0,NR,2026-10-01 12:36:36.900305
2026-10-01,2026-10-01,2026-10-01,district,BIHAR,BIHAR,EAST CHAMPARAN,0.0,4.4,-100.0,NR,0.0,4.4,-100.0,NR,2026-10-01 12:36:36.900305
2026-10-01,2026-10-01,2026-10-01,district,BIHAR,BIHAR,GAYA,0.0,2.8,-100.0,NR,0.0,2.8,-100.0,NR,2026-10-01 12:36:36.900305
2026-10-01,2026-10-01,2026-10-01,district,BIHAR,BIHAR,GOPALGANJ,0.0,3.8,-100.0,NR,0.0,3.8,-100.0,NR,2026-10-01 12:36:36.900305
2026-10-01,2026-10-01,2026-10-01,district,BIHAR,BIHAR,JAHANABAD,0.0,1.5,-100.0,NR,0.0,1.5,-100.0,NR,2026-10-01 12:36:36.900305
2026-10-01,2026-10-01,2026-10-01,district,BIHAR,BIHAR,JAMUI,0.0,2.7,-100.0,NR,0.0,2.7,-100.0,NR,2026-10-01 12:36:36.900305
2026-10-01,2026-10-01,2026-10-01,district,BIHAR,BIHAR,KATIHAR,0.0,5.5,-100.0,NR,0.0,5.5,-100.0,NR,2026-10-01 12:36:36.900305
2026-10-01,2026-10-01,2026-10-01,district,BIHAR,BIHAR,KHAGARIA,0.0,2.2,-100.0,NR,0.0,2.2,-100.0,NR,2026-10-01 12:36:36.900305
2026-10-01,2026-10-01,2026-10-01,district,BIHAR,BIHAR,KISHANGANJ,0.0,7.3,-100.0,NR,0.0,7.3,-100.0,NR,2026-10-01 12:36:36.900305
2026-10-01,2026-10-01,2026-10-01,district,BIHAR,BIHAR,LAKHISARAI,0.0,4.3,-100.0,NR,0.0,4.3,-100.0,NR,2026-10-01 12:36:36.900305
2026-10-01,2026-10-01,2026-10-01,district,BIHAR,BIHAR,MADHEPURA,0.0,3.5,-100.0,NR,0.0,3.5,-100.0,NR,2026-10-01 12:36:36.900305
2026-10-01,2026-10-01,2026-10-01,district,BIHAR,BIHAR,MADHUBANI,0.0,3.0,-100.0,NR,0.0,3.0,-100.0,NR,2026-10-01 12:36:36.900305
2026-10-01,2026-10-01,2026-10-01,district,BIHAR,BIHAR,MUNGER,0.0,3.7,-100.0,NR,0.0,3.7,-100.0,NR,2026-10-01 12:36:36.900305
2026-10-01,2026-10-01,2026-10-01,district,BIHAR,BIHAR,MUZAFFARPUR,0.0,3.1,-100.0,NR,0.0,3.1,-100.0,NR,2026-10-01 12:36:36.900305
2026-10-01,2026-10-01,2026-10-01,district,BIHAR,BIHAR,NALANDA,0.0,1.9,-100.0,NR,0.0,1.9,-100.0,NR,2026-10-01 12:36:36.900305
2026-10-01,2026-10-01,2026-10-01,district,BIHAR,BIHAR,NAWADA,0.0,2.4,-100.0,NR,0.0,2.4,-100.0,NR,2026-10-01 12:36:36.900305
2026-10-01,2026-10-01,2026-10-01,district,BIHAR,BIHAR,PATNA,0.0,3.7,-100.0,NR,0.0,3.7,-100.0,NR,2026-10-01 12:36:36.900305
2026-10-01,2026-10-01,2026-10-01,district,BIHAR,BIHAR,PURNEA,0.0,5.6,-100.0,NR,0.0,5.6,-100.0,NR,2026-10-01 12:36:36.900305
2026-10-01,2026-10-01,2026-10-01,district,BIHAR,BIHAR,ROHTAS,0.0,1.9,-100.0,NR,0.0,1.9,-100.0,NR,2026-10-01 12:36:36.900305
2026-10-01,2026-10-01,2026-10-01,district,BIHAR,BIHAR,SAHARSA,0.0,5.4,-100.0,NR,0.0,5.4,-100.0,NR,2026-10-01 12:36:36.900305
2026-10-01,2026-10-01,2026-10-01,district,BIHAR,BIHAR,SAMASTIPUR,0.0,3.4,-100.0,NR,0.0,3.4,-100.0,NR,2026-10-01 12:36:36.900305
2026-10-01,2026-10-01,2026-10-01,district,BIHAR,BIHAR,SARAN,0.0,5.7,-100.0,NR,0.0,5.7,-100.0,NR,2026-10-01 12:36:36.900305
2026-10-01,2026-10-01,2026-10-01,district,BIHAR,BIHAR,SHEIKHPURA,0.0,2.1,-100.0,NR,0.0,2.1,-100.0,NR,2026-10-01 12:36:36.900305
2026-10-01,2026-10-01,2026-10-01,district,BIHAR,BIHAR,SHEOHAR,0.0,1.8,-100.0,NR,0.0,1.8,-100.0,NR,2026-10-01 12:36:36.900305
2026-10-01,2026-10-01,2026-10-01,district,BIHAR,BIHAR,SITAMARHI,0.0,5.0,-100.0,NR,0.0,5.0,-100.0,NR,2026-10-01 12:36:36.900305
2026-10-01,2026-10-01,2026-10-01,district,BIHAR,BIHAR,SIWAN,0.0,3.4,-100.0,NR,0.0,3.4,-100.0,NR,2026-10-01 12:36:36.900305
2026-10-01,2026-10-01,2026-10-01,district,BIHAR,BIHAR,SUPAUL,0.0,3.3,-100.0,NR,0.0,3.3,-100.0,NR,2026-10-01 12:36:36.900305
2026-10-01,2026-10-01,2026-10-01,district,BIHAR,BIHAR,VAISHALI,0.0,4.5,-100.0,NR,0.0,4.5,-100.0,NR,2026-10-01 12:36:36.900305
2026-10-01,2026-10-01,2026-10-01,district,BIHAR,BIHAR,WEST CHAMPARAN,0.0,5.0,-100.0,NR,0.0,5.0,-100.0,NR,2026-10-01 12:36:36.900305
2026-10-01,2026-10-01,2026-10-01,district,CHHATTISGARH,CHHATTISGARH,BALOD,0.0,3.6,-100.0,NR,0.0,3.6,-100.0,NR,2026-10-01 12:36:36.900305
2026-10-01,2026-10-01,2026-10-01,district,CHHATTISGARH,CHHATTISGARH,BALODA BAZAR,0.0,1.6,-100.0,NR,0.0,1.6,-100.0,NR,2026-10-01 12:36:36.900305
2026-10-01,2026-10-01,2026-10-01,district,CHHATTISGARH,CHHATTISGARH,BALRAMPUR,0.0,2.2,-100.0,NR,0.0,2.2,-100.0,NR,2026-10-01 12:36:36.900305
2026-10-01,2026-10-01,2026-10-01,district,CHHATTISGARH,CHHATTISGARH,BASTAR,0.0,6.2,-100.0,NR,0.0,6.2,-100.0,NR,2026-10-01 12:36:36.900305
2026-10-01,2026-10-01,2026-10-01,district,CHHATTISGARH,CHHATTISGARH,BEMETARA,0.0,1.6,-100.0,NR,0.0,1.6,-100.0,NR,2026-10-01 12:36:36.900305
2026-10-01,2026-10-01,2026-10-01,district,CHHATTISGARH,CHHATTISGARH,BIJAPUR,0.0,4.3,-100.0,NR,0.0,4.3,-100.0,NR,2026-10-01 12:36:36.900305
2026-10-01,2026-10-01,2026-10-01,district,CHHATTISGARH,CHHATTISGARH,BILASPUR,0.0,3.8,-100.0,NR,0.0,3.8,-100.0,NR,2026-10-01 12:36:36.900305
2026-10-01,2026-10-01,2026-10-01,district,CHHATTISGARH,CHHATTISGARH,DANTEWADA,0.0,7.2,-100.0,NR,0.0,7.2,-100.0,NR,2026-10-01 12:36:36.900305
2026-10-01,2026-10-01,2026-10-01,district,CHHATTISGARH,CHHATTISGARH,DHAMTARI,0.0,2.0,-100.0,NR,0.0,2.0,-100.0,NR,2026-10-01 12:36:36.900305
2026-10-01,2026-10-01,2026-10-01,district,CHHATTISGARH,CHHATTISGARH,DURG,0.0,1.3,-100.0,NR,0.0,1.3,-100.0,NR,2026-10-01 12:36:36.900305
2026-10-01,2026-10-01,2026-10-01,district,CHHATTISGARH,CHHATTISGARH,GARIABAND,0.8,3.5,-78.0,LD,0.8,3.5,-78.0,LD,2026-10-01 12:36:36.900305
2026-10-01,2026-10-01,2026-10-01,district,CHHATTISGARH,CHHATTISGARH,GAURELA PENDRA MARWAHI,0.0,3.8,-100.0,NR,0.0,3.8,-100.0,NR,2026-10-01 12:36:36.900305
2026-10-01,2026-10-01,2026-10-01,district,CHHATTISGARH,CHHATTISGARH,JANJGIR,0.0,5.7,-100.0,NR,0.0,5.7,-100.0,NR,2026-10-01 12:36:36.900305
2026-10-01,2026-10-01,2026-10-01,district,CHHATTISGARH,CHHATTISGARH,JASHPUR,0.0,3.8,-100.0,NR,0.0,3.8,-100.0,NR,2026-10-01 12:36:36.900305
2026-10-01,2026-10-01,2026-10-01,district,CHHATTISGARH,CHHATTISGARH,KABIRDHAM,0.0,1.6,-100.0,NR,0.0,1.6,-100.0,NR,2026-10-01 12:36:36.900305
2026-10-01,2026-10-01,2026-10-01,district,CHHATTISGARH,CHHATTISGARH,KANKER,0.0,3.9,-100.0,NR,0.0,3.9,-100.0,NR,2026-10-01 12:36:36.900305
2026-10-01,2026-10-01,2026-10-01,district,CHHATTISGARH,CHHATTISGARH,KHAIRAGARH CHH GANDAI,0.0,2.1,-100.0,NR,0.0,2.1,-100.0,NR,2026-10-01 12:36:36.900305
2026-10-01,2026-10-01,2026-10-01,district,CHHATTISGARH,CHHATTISGARH,KONDAGAON,0.0,4.9,-100.0,NR,0.0,4.9,-100.0,NR,2026-10-01 12:36:36.900305
2026-10-01,2026-10-01,2026-10-01,district,CHHATTISGARH,CHHATTISGARH,KORBA,0.0,4.5,-100.0,NR,0.0,4.5,-100.0,NR,2026-10-01 12:36:36.900305
2026-10-01,2026-10-01,2026-10-01,district,CHHATTISGARH,CHHATTISGARH,KORIYA,0.0,0.6,-100.0,NR,0.0,0.6,-100.0,NR,2026-10-01 12:36:36.900305
2026-10-01,2026-10-01,2026-10-01,district,CHHATTISGARH,CHHATTISGARH,MAHASAMUND,0.0,2.1,-100.0,NR,0.0,2.1,-100.0,NR,2026-10-01 12:36:36.900305
2026-10-01,2026-10-01,2026-10-01,district,CHHATTISGARH,CHHATTISGARH,MANENDRAGARH BHARATPUR,0.0,0.6,-100.0,NR,0.0,0.6,-100.0,NR,2026-10-01 12:36:36.900305
2026-10-01,2026-10-01,2026-10-01,district,CHHATTISGARH,CHHATTISGARH,MOHALA MANPUR CHOWKI,0.0,2.9,-100.0,NR,0.0,2.9,-100.0,NR,2026-10-01 12:36:36.900305
2026-10-01,2026-10-01,2026-10-01,district,CHHATTISGARH,CHHATTISGARH,MUNGELI,0.0,2.8,-100.0,NR,0.0,2.8,-100.0,NR,2026-10-01 12:36:36.900305
2026-10-01,2026-10-01,2026-10-01,district,CHHATTISGARH,CHHATTISGARH,NARAYANPUR,0.0,2.6,-100.0,NR,0.0,2.6,-100.0,NR,2026-10-01 12:36:36.900305
2026-10-01,2026-10-01,2026-10-01,district,CHHATTISGARH,CHHATTISGARH,RAIGARH,0.0,2.8,-100.0,NR,0.0,2.8,-100.0,NR,2026-10-01 12:36:36.900305
2026-10-01,2026-10-01,2026-10-01,district,CHHATTISGARH,CHHATTISGARH,RAIPUR,0.0,1.6,-100.0,NR,0.0,1.6,-100.0,NR,2026-10-01 12:36:36.900305
2026-10-01,2026-10-01,2026-10-01,district,CHHATTISGARH,CHHATTISGARH,RAJNANDGAON,0.0,2.8,-100.0,NR,0.0,2.8,-100.0,NR,2026-10-01 12:36:36.900305
2026-10-01,2026-10-01,2026-10-01,district,CHHATTISGARH,CHHATTISGARH,SAKTI,0.0,3.5,-100.0,NR,0.0,3.5,-100.0,NR,2026-10-01 12:36:36.900305
2026-10-01,2026-10-01,2026-10-01,district,CHHATTISGARH,CHHATTISGARH,SARANGARH BILAIGARH,0.0,1.6,-100.0,NR,0.0,1.6,-100.0,NR,2026-10-01 12:36:36.900305
2026-10-01,2026-10-01,2026-10-01,district,CHHATTISGARH,CHHATTISGARH,SUKMA,0.0,5.8,-100.0,NR,0.0,5.8,-100.0,NR,2026-10-01 12:36:36.900305
2026-10-01,2026-10-01,2026-10-01,district,CHHATTISGARH,CHHATTISGARH,SURAJPUR,0.0,6.0,-100.0,NR,0.0,6.0,-100.0,NR,2026-10-01 12:36:36.900305
2026-10-01,2026-10-01,2026-10-01,district,CHHATTISGARH,CHHATTISGARH,SURGUJA,0.0,2.2,-100.0,NR,0.0,2.2,-100.0,NR,2026-10-01 12:36:36.900305
2026-10-01,2026-10-01,2026-10-01,district,COASTAL A. P. & YANAM,ANDHRA PRADESH,ANAKAPALLI,0.0,9.5,-100.0,NR,0.0,9.5,-100.0,NR,2026-10-01 12:36:36.900305
2026-10-01,2026-10-01,2026-10-01,district,COASTAL A. P. & YANAM,ANDHRA PRADESH,BAPATLA,0.0,8.0,-100.0,NR,0.0,8.0,-100.0,NR,2026-10-01 12:36:36.900305
2026-10-01,2026-10-01,2026-10-01,district,COASTAL A. P. & YANAM,ANDHRA PRADESH,DR B R AMBEDKAR KONASEEMA,0.0,13.0,-100.0,NR,0.0,13.0,-100.0,NR,2026-10-01 12:36:36.900305
2026-10-01,2026-10-01,2026-10-01,district,COASTAL A. P. & YANAM,ANDHRA PRADESH,EAST GODAVARI,0.0,9.5,-100.0,NR,0.0,9.5,-100.0,NR,2026-10-01 12:36:36.900305
2026-10-01,2026-10-01,2026-10-01,district,COASTAL A. P. & YANAM,ANDHRA PRADESH,ELURU,0.0,7.8,-100.0,NR,0.0,7.8,-100.0,NR,2026-10-01 12:36:36.900305
2026-10-01,2026-10-01,2026-10-01,district,COASTAL A. P. & YANAM,ANDHRA PRADESH,GUNTUR,0.0,5.6,-100.0,NR,0.0,5.6,-100.0,NR,2026-10-01 12:36:36.900305
2026-10-01,2026-10-01,2026-10-01,district,COASTAL A. P. & YANAM,ANDHRA PRADESH,KAKINADA,16.3,6.1,167.0,LE,16.3,6.1,167.0,LE,2026-10-01 12:36:36.900305
2026-10-01,2026-10-01,2026-10-01,district,COASTAL A. P. & YANAM,ANDHRA PRADESH,KRISHNA,0.0,8.2,-100.0,NR,0.0,8.2,-100.0,NR,2026-10-01 12:36:36.900305
2026-10-01,2026-10-01,2026-10-01,district,COASTAL A. P. & YANAM,ANDHRA PRADESH,NTR DISTRICT,0.0,7.0,-100.0,NR,0.0,7.0,-100.0,NR,2026-10-01 12:36:36.900305
2026-10-01,2026-10-01,2026-10-01,district,COASTAL A. P. & YANAM,ANDHRA PRADESH,PALNADU,0.0,7.3,-100.0,NR,0.0,7.3,-100.0,NR,2026-10-01 12:36:36.900305
2026-10-01,2026-10-01,2026-10-01,district,COASTAL A. P. & YANAM,ANDHRA PRADESH,PARVATHIPURAM MANYAM,0.0,6.8,-100.0,NR,0.0,6.8,-100.0,NR,2026-10-01 12:36:36.900305
2026-10-01,2026-10-01,2026-10-01,district,COASTAL A. P. & YANAM,ANDHRA PRADESH,PRAKASAM,1.2,7.4,-84.0,LD,1.2,7.4,-84.0,LD,2026-10-01 12:36:36.900305
2026-10-01,2026-10-01,2026-10-01,district,COASTAL A. P. & YANAM,ANDHRA PRADESH,SPSR NELLORE,0.0,4.7,-100.0,NR,0.0,4.7,-100.0,NR,2026-10-01 12:36:36.900305
2026-10-01,2026-10-01,2026-10-01,district,COASTAL A. P. & YANAM,ANDHRA PRADESH,SRI ALLURI SITHARAMARAJU DISTRICT,0.0,8.4,-100.0,NR,0.0,8.4,-100.0,NR,2026-10-01 12:36:36.900305
2026-10-01,2026-10-01,2026-10-01,district,COASTAL A. P. & YANAM,ANDHRA PRADESH,SRIKAKULAM,0.0,10.2,-100.0,NR,0.0,10.2,-100.0,NR,2026-10-01 12:36:36.900305
2026-10-01,2026-10-01,2026-10-01,district,COASTAL A. P. & YANAM,ANDHRA PRADESH,VISHAKHAPATNAM,0.0,8.3,-100.0,NR,0.0,8.3,-100.0,NR,2026-10-01 12:36:36.900305
2026-10-01,2026-10-01,2026-10-01,district,COASTAL A. P. & YANAM,ANDHRA PRADESH,VIZIANAGARAM,0.0,8.5,-100.0,NR,0.0,8.5,-100.0,NR,2026-10-01 12:36:36.900305
2026-10-01,2026-10-01,2026-10-01,district,COASTAL A. P. & YANAM,ANDHRA PRADESH,WEST GODAVARI,0.0,8.1,-100.0,NR,0.0,8.1,-100.0,NR,2026-10-01 12:36:36.900305
2026-10-01,2026-10-01,2026-10-01,district,COASTAL A. P. & YANAM,PUDUCHERRY (UT),YANAM,0.0,9.2,-100.0,NR,0.0,9.2,-100.0,NR,2026-10-01 12:36:36.900305
2026-10-01,2026-10-01,2026-10-01,district,COASTAL KARNATAKA,KARNATAKA,DAKSHINA KANNADA,0.0,10.8,-100.0,NR,0.0,10.8,-100.0,NR,2026-10-01 12:36:36.900305
2026-10-01,2026-10-01,2026-10-01,district,COASTAL KARNATAKA,KARNATAKA,UDUPI,0.0,10.2,-100.0,NR,0.0,10.2,-100.0,NR,2026-10-01 12:36:36.900305
2026-10-01,2026-10-01,2026-10-01,district,COASTAL KARNATAKA,KARNATAKA,UTTARA KANNADA,0.1,7.3,-99.0,LD,0.1,7.3,-99.0,LD,2026-10-01 12:36:36.900305
2026-10-01,2026-10-01,2026-10-01,district,EAST MADHYA PRADESH,MADHYA PRADESH,ANUPPUR,0.0,1.3,-100.0,NR,0.0,1.3,-100.0,NR,2026-10-01 12:36:36.900305
2026-10-01,2026-10-01,2026-10-01,district,EAST MADHYA PRADESH,MADHYA PRADESH,BALAGHAT,0.0,2.5,-100.0,NR,0.0,2.5,-100.0,NR,2026-10-01 12:36:36.900305
2026-10-01,2026-10-01,2026-10-01,district,EAST MADHYA PRADESH,MADHYA PRADESH,CHHATARPUR,0.0,0.9,-100.0,NR,0.0,0.9,-100.0,NR,2026-10-01 12:36:36.900305
2026-10-01,2026-10-01,2026-10-01,district,EAST MADHYA PRADESH,MADHYA PRADESH,CHHINDWARA,0.0,1.8,-100.0,NR,0.0,1.8,-100.0,NR,2026-10-01 12:36:36.900305
2026-10-01,2026-10-01,2026-10-01,district,EAST MADHYA PRADESH,MADHYA PRADESH,DAMOH,0.0,0.4,-100.0,NR,0.0,0.4,-100.0,NR,2026-10-01 12:36:36.900305
2026-10-01,2026-10-01,2026-10-01,district,EAST MADHYA PRADESH,MADHYA PRADESH,DINDORI,0.0,1.7,-100.0,NR,0.0,1.7,-100.0,NR,2026-10-01 12:36:36.900305
2026-10-01,2026-10-01,2026-10-01,district,EAST MADHYA PRADESH,MADHYA PRADESH,JABALPUR,0.0,3.2,-100.0,NR,0.0,3.2,-100.0,NR,2026-10-01 12:36:36.900305
2026-10-01,2026-10-01,2026-10-01,district,EAST MADHYA PRADESH,MADHYA PRADESH,KATNI,0.0,1.9,-100.0,NR,0.0,1.9,-100.0,NR,2026-10-01 12:36:36.900305
2026-10-01,2026-10-01,2026-10-01,district,EAST MADHYA PRADESH,MADHYA PRADESH,MAIHAR,0.0,1.8,-100.0,NR,0.0,1.8,-100.0,NR,2026-10-01 12:36:36.900305
2026-10-01,2026-10-01,2026-10-01,district,EAST MADHYA PRADESH,MADHYA PRADESH,MANDLA,0.0,2.5,-100.0,NR,0.0,2.5,-100.0,NR,2026-10-01 12:36:36.900305
2026-10-01,2026-10-01,2026-10-01,district,EAST MADHYA PRADESH,MADHYA PRADESH,MAUGANJ,0.0,2.0,-100.0,NR,0.0,2.0,-100.0,NR,2026-10-01 12:36:36.900305
2026-10-01,2026-10-01,2026-10-01,district,EAST MADHYA PRADESH,MADHYA PRADESH,NARSINGHPUR,1.0,1.0,0.0,N,1.0,1.0,0.0,N,2026-10-01 12:36:36.900305
2026-10-01,2026-10-01,2026-10-01,district,EAST MADHYA PRADESH,MADHYA PRADESH,NIWARI,0.0,0.1,-100.0,NR,0.0,0.1,-100.0,NR,2026-10-01 12:36:36.900305
2026-10-01,2026-10-01,2026-10-01,district,EAST MADHYA PRADESH,MADHYA PRADESH,PANDHURNA,0.0,2.7,-100.0,NR,0.0,2.7,-100.0,NR,2026-10-01 12:36:36.900305
2026-10-01,2026-10-01,2026-10-01,district,EAST MADHYA PRADESH,MADHYA PRADESH,PANNA,0.0,0.6,-100.0,NR,0.0,0.6,-100.0,NR,2026-10-01 12:36:36.900305
2026-10-01,2026-10-01,2026-10-01,district,EAST MADHYA PRADESH,MADHYA PRADESH,REWA,0.0,0.8,-100.0,NR,0.0,0.8,-100.0,NR,2026-10-01 12:36:36.900305
2026-10-01,2026-10-01,2026-10-01,district,EAST MADHYA PRADESH,MADHYA PRADESH,SAGAR,0.2,0.5,-65.0,LD,0.2,0.5,-65.0,LD,2026-10-01 12:36:36.900305
2026-10-01,2026-10-01,2026-10-01,district,EAST MADHYA PRADESH,MADHYA PRADESH,SATNA,0.0,1.7,-100.0,NR,0.0,1.7,-100.0,NR,2026-10-01 12:36:36.900305
2026-10-01,2026-10-01,2026-10-01,district,EAST MADHYA PRADESH,MADHYA PRADESH,SEONI,0.0,2.2,-100.0,NR,0.0,2.2,-100.0,NR,2026-10-01 12:36:36.900305
2026-10-01,2026-10-01,2026-10-01,district,EAST MADHYA PRADESH,MADHYA PRADESH,SHAHDOL,0.0,0.8,-100.0,NR,0.0,0.8,-100.0,NR,2026-10-01 12:36:36.900305
2026-10-01,2026-10-01,2026-10-01,district,EAST MADHYA PRADESH,MADHYA PRADESH,SIDHI,0.0,3.2,-100.0,NR,0.0,3.2,-100.0,NR,2026-10-01 12:36:36.900305
2026-10-01,2026-10-01,2026-10-01,district,EAST MADHYA PRADESH,MADHYA PRADESH,SINGRAULI,0.0,1.8,-100.0,NR,0.0,1.8,-100.0,NR,2026-10-01 12:36:36.900305
2026-10-01,2026-10-01,2026-10-01,district,EAST MADHYA PRADESH,MADHYA PRADESH,TIKAMGARH,0.0,0.0,-100.0,NR,0.0,0.0,-100.0,NR,2026-10-01 12:36:36.900305
2026-10-01,2026-10-01,2026-10-01,district,EAST MADHYA PRADESH,MADHYA PRADESH,UMARIA,0.0,3.1,-100.0,NR,0.0,3.1,-100.0,NR,2026-10-01 12:36:36.900305
2026-10-01,2026-10-01,2026-10-01,district,EAST RAJASTHAN,RAJASTHAN,AJMER,0.0,0.6,-100.0,NR,0.0,0.6,-100.0,NR,2026-10-01 12:36:36.900305
2026-10-01,2026-10-01,2026-10-01,district,EAST RAJASTHAN,RAJASTHAN,ALWAR,0.0,0.6,-100.0,NR,0.0,0.6,-100.0,NR,2026-10-01 12:36:36.900305
2026-10-01,2026-10-01,2026-10-01,district,EAST RAJASTHAN,RAJASTHAN,BANSWARA,0.0,1.7,-100.0,NR,0.0,1.7,-100.0,NR,2026-10-01 12:36:36.900305
2026-10-01,2026-10-01,2026-10-01,district,EAST RAJASTHAN,RAJASTHAN,BARAN,0.0,1.0,-100.0,NR,0.0,1.0,-100.0,NR,2026-10-01 12:36:36.900305
2026-10-01,2026-10-01,2026-10-01,district,EAST RAJASTHAN,RAJASTHAN,BHARATPUR,0.0,0.7,-100.0,NR,0.0,0.7,-100.0,NR,2026-10-01 12:36:36.900305
2026-10-01,2026-10-01,2026-10-01,district,EAST RAJASTHAN,RAJASTHAN,BHILWARA,0.0,0.5,-100.0,NR,0.0,0.5,-100.0,NR,2026-10-01 12:36:36.900305
2026-10-01,2026-10-01,2026-10-01,district,EAST RAJASTHAN,RAJASTHAN,BUNDI,0.0,0.4,-100.0,NR,0.0,0.4,-100.0,NR,2026-10-01 12:36:36.900305
2026-10-01,2026-10-01,2026-10-01,district,EAST RAJASTHAN,RAJASTHAN,CHITTORGARH,0.0,1.1,-100.0,NR,0.0,1.1,-100.0,NR,2026-10-01 12:36:36.900305
2026-10-01,2026-10-01,2026-10-01,district,EAST RAJASTHAN,RAJASTHAN,DAUSA,0.0,0.9,-100.0,NR,0.0,0.9,-100.0,NR,2026-10-01 12:36:36.900305
2026-10-01,2026-10-01,2026-10-01,district,EAST RAJASTHAN,RAJASTHAN,DHOLPUR,0.0,1.2,-100.0,NR,0.0,1.2,-100.0,NR,2026-10-01 12:36:36.900305
2026-10-01,2026-10-01,2026-10-01,district,EAST RAJASTHAN,RAJASTHAN,DUNGARPUR,0.0,2.4,-100.0,NR,0.0,2.4,-100.0,NR,2026-10-01 12:36:36.900305
2026-10-01,2026-10-01,2026-10-01,district,EAST RAJASTHAN,RAJASTHAN,JAIPUR,0.0,0.9,-100.0,NR,0.0,0.9,-100.0,NR,2026-10-01 12:36:36.900305
2026-10-01,2026-10-01,2026-10-01,district,EAST RAJASTHAN,RAJASTHAN,JHALAWAR,0.0,0.6,-100.0,NR,0.0,0.6,-100.0,NR,2026-10-01 12:36:36.900305
2026-10-01,2026-10-01,2026-10-01,district,EAST RAJASTHAN,RAJASTHAN,JHUNJHUNU,0.0,1.1,-100.0,NR,0.0,1.1,-100.0,NR,2026-10-01 12:36:36.900305
2026-10-01,2026-10-01,2026-10-01,district,EAST RAJASTHAN,RAJASTHAN,KARAULI,0.0,0.6,-100.0,NR,0.0,0.6,-100.0,NR,2026-10-01 12:36:36.900305
2026-10-01,2026-10-01,2026-10-01,district,EAST RAJASTHAN,RAJASTHAN,KOTA,0.0,0.8,-100.0,NR,0.0,0.8,-100.0,NR,2026-10-01 12:36:36.900305
2026-10-01,2026-10-01,2026-10-01,district,EAST RAJASTHAN,RAJASTHAN,PRATAPGARH,0.0,1.4,-100.0,NR,0.0,1.4,-100.0,NR,2026-10-01 12:36:36.900305
2026-10-01,2026-10-01,2026-10-01,district,EAST RAJASTHAN,RAJASTHAN,RAJSAMAND,2.3,1.5,52.0,E,2.3,1.5,52.0,E,2026-10-01 12:36:36.900305
2026-10-01,2026-10-01,2026-10-01,district,EAST RAJASTHAN,RAJASTHAN,SAWAI MADHOPUR,0.0,1.6,-100.0,NR,0.0,1.6,-100.0,NR,2026-10-01 12:36:36.900305
2026-10-01,2026-10-01,2026-10-01,district,EAST RAJASTHAN,RAJASTHAN,SIKAR,0.0,0.9,-100.0,NR,0.0,0.9,-100.0,NR,2026-10-01 12:36:36.900305
2026-10-01,2026-10-01,2026-10-01,district,EAST RAJASTHAN,RAJASTHAN,SIROHI,0.0,1.0,-100.0,NR,0.0,1.0,-100.0,NR,2026-10-01 12:36:36.900305
2026-10-01,2026-10-01,2026-10-01,district,EAST RAJASTHAN,RAJASTHAN,TONK,0.0,0.5,-100.0,NR,0.0,0.5,-100.0,NR,2026-10-01 12:36:36.900305
2026-10-01,2026-10-01,2026-10-01,district,EAST RAJASTHAN,RAJASTHAN,UDAIPUR,0.0,1.5,-100.0,NR,0.0,1.5,-100.0,NR,2026-10-01 12:36:36.900305
2026-10-01,2026-10-01,2026-10-01,district,EAST UTTAR PRADESH,UTTAR PRADESH,AMBEDKAR NAGAR,0.0,0.3,-100.0,NR,0.0,0.3,-100.0,NR,2026-10-01 12:36:36.900305
2026-10-01,2026-10-01,2026-10-01,district,EAST UTTAR PRADESH,UTTAR PRADESH,AMETHI,0.0,0.6,-100.0,NR,0.0,0.6,-100.0,NR,2026-10-01 12:36:36.900305
2026-10-01,2026-10-01,2026-10-01,district,EAST UTTAR PRADESH,UTTAR PRADESH,AYODHYA,0.0,1.8,-100.0,NR,0.0,1.8,-100.0,NR,2026-10-01 12:36:36.900305
2026-10-01,2026-10-01,2026-10-01,district,EAST UTTAR PRADESH,UTTAR PRADESH,AZAMGARH,0.0,2.0,-100.0,NR,0.0,2.0,-100.0,NR,2026-10-01 12:36:36.900305
2026-10-01,2026-10-01,2026-10-01,district,EAST UTTAR PRADESH,UTTAR PRADESH,BAHRAICH,0.0,2.2,-100.0,NR,0.0,2.2,-100.0,NR,2026-10-01 12:36:36.900305
2026-10-01,2026-10-01,2026-10-01,district,EAST UTTAR PRADESH,UTTAR PRADESH,BALLIA,0.0,2.5,-100.0,NR,0.0,2.5,-100.0,NR,2026-10-01 12:36:36.900305
2026-10-01,2026-10-01,2026-10-01,district,EAST UTTAR PRADESH,UTTAR PRADESH,BALRAMPUR,0.0,2.2,-100.0,NR,0.0,2.2,-100.0,NR,2026-10-01 12:36:36.900305
2026-10-01,2026-10-01,2026-10-01,district,EAST UTTAR PRADESH,UTTAR PRADESH,BANDA,0.0,1.0,-100.0,NR,0.0,1.0,-100.0,NR,2026-10-01 12:36:36.900305
2026-10-01,2026-10-01,2026-10-01,district,EAST UTTAR PRADESH,UTTAR PRADESH,BARABANKI,0.0,1.9,-100.0,NR,0.0,1.9,-100.0,NR,2026-10-01 12:36:36.900305
2026-10-01,2026-10-01,2026-10-01,district,EAST UTTAR PRADESH,UTTAR PRADESH,BASTI,0.0,2.8,-100.0,NR,0.0,2.8,-100.0,NR,2026-10-01 12:36:36.900305
2026-10-01,2026-10-01,2026-10-01,district,EAST UTTAR PRADESH,UTTAR PRADESH,BHADOHI,0.0,0.0,-100.0,NR,0.0,0.0,-100.0,NR,2026-10-01 12:36:36.900305
2026-10-01,2026-10-01,2026-10-01,district,EAST UTTAR PRADESH,UTTAR PRADESH,CHANDAULI,0.0,0.0,-100.0,NR,0.0,0.0,-100.0,NR,2026-10-01 12:36:36.900305
2026-10-01,2026-10-01,2026-10-01,district,EAST UTTAR PRADESH,UTTAR PRADESH,CHITRAKOOT,0.0,1.0,-100.0,NR,0.0,1.0,-100.0,NR,2026-10-01 12:36:36.900305
2026-10-01,2026-10-01,2026-10-01,district,EAST UTTAR PRADESH,UTTAR PRADESH,DEORIA,0.0,2.2,-100.0,NR,0.0,2.2,-100.0,NR,2026-10-01 12:36:36.900305
2026-10-01,2026-10-01,2026-10-01,district,EAST UTTAR PRADESH,UTTAR PRADESH,FARRUKHABAD,0.0,1.2,-100.0,NR,0.0,1.2,-100.0,NR,2026-10-01 12:36:36.900305
2026-10-01,2026-10-01,2026-10-01,district,EAST UTTAR PRADESH,UTTAR PRADESH,FATEHPUR,0.0,0.5,-100.0,NR,0.0,0.5,-100.0,NR,2026-10-01 12:36:36.900305
2026-10-01,2026-10-01,2026-10-01,district,EAST UTTAR PRADESH,UTTAR PRADESH,GHAZIPUR,0.0,1.6,-100.0,NR,0.0,1.6,-100.0,NR,2026-10-01 12:36:36.900305
2026-10-01,2026-10-01,2026-10-01,district,EAST UTTAR PRADESH,UTTAR PRADESH,GONDA,0.0,2.8,-100.0,NR,0.0,2.8,-100.0,NR,2026-10-01 12:36:36.900305
2026-10-01,2026-10-01,2026-10-01,district,EAST UTTAR PRADESH,UTTAR PRADESH,GORAKHPUR,0.0,3.3,-100.0,NR,0.0,3.3,-100.0,NR,2026-10-01 12:36:36.900305
2026-10-01,2026-10-01,2026-10-01,district,EAST UTTAR PRADESH,UTTAR PRADESH,HARDOI,0.0,1.5,-100.0,NR,0.0,1.5,-100.0,NR,2026-10-01 12:36:36.900305
2026-10-01,2026-10-01,2026-10-01,district,EAST UTTAR PRADESH,UTTAR PRADESH,JAUNPUR,0.0,0.9,-100.0,NR,0.0,0.9,-100.0,NR,2026-10-01 12:36:36.900305
2026-10-01,2026-10-01,2026-10-01,district,EAST UTTAR PRADESH,UTTAR PRADESH,KANNAUJ,0.0,0.4,-100.0,NR,0.0,0.4,-100.0,NR,2026-10-01 12:36:36.900305
2026-10-01,2026-10-01,2026-10-01,district,EAST UTTAR PRADESH,UTTAR PRADESH,KANPUR CITY,0.0,1.2,-100.0,NR,0.0,1.2,-100.0,NR,2026-10-01 12:36:36.900305
2026-10-01,2026-10-01,2026-10-01,district,EAST UTTAR PRADESH,UTTAR PRADESH,KANPUR DEHAT,0.0,1.5,-100.0,NR,0.0,1.5,-100.0,NR,2026-10-01 12:36:36.900305
2026-10-01,2026-10-01,2026-10-01,district,EAST UTTAR PRADESH,UTTAR PRADESH,KAUSHAMBI,0.0,0.1,-100.0,NR,0.0,0.1,-100.0,NR,2026-10-01 12:36:36.900305
2026-10-01,2026-10-01,2026-10-01,district,EAST UTTAR PRADESH,UTTAR PRADESH,KHERI,0.0,1.4,-100.0,NR,0.0,1.4,-100.0,NR,2026-10-01 12:36:36.900305
2026-10-01,2026-10-01,2026-10-01,district,EAST UTTAR PRADESH,UTTAR PRADESH,KUSHI NAGAR,0.0,2.9,-100.0,NR,0.0,2.9,-100.0,NR,2026-10-01 12:36:36.900305
2026-10-01,2026-10-01,2026-10-01,district,EAST UTTAR PRADESH,UTTAR PRADESH,LUCKNOW,0.0,1.8,-100.0,NR,0.0,1.8,-100.0,NR,2026-10-01 12:36:36.900305
2026-10-01,2026-10-01,2026-10-01,district,EAST UTTAR PRADESH,UTTAR PRADESH,MAHARAJGANJ,0.0,3.7,-100.0,NR,0.0,3.7,-100.0,NR,2026-10-01 12:36:36.900305
2026-10-01,2026-10-01,2026-10-01,district,EAST UTTAR PRADESH,UTTAR PRADESH,MAU,0.0,1.2,-100.0,NR,0.0,1.2,-100.0,NR,2026-10-01 12:36:36.900305
2026-10-01,2026-10-01,2026-10-01,district,EAST UTTAR PRADESH,UTTAR PRADESH,MIRZAPUR,0.0,1.2,-100.0,NR,0.0,1.2,-100.0,NR,2026-10-01 12:36:36.900305
2026-10-01,2026-10-01,2026-10-01,district,EAST UTTAR PRADESH,UTTAR PRADESH,PRATAPGARH,0.0,0.6,-100.0,NR,0.0,0.6,-100.0,NR,2026-10-01 12:36:36.900305
2026-10-01,2026-10-01,2026-10-01,district,EAST UTTAR PRADESH,UTTAR PRADESH,PRAYAGRAJ,0.0,0.3,-100.0,NR,0.0,0.3,-100.0,NR,2026-10-01 12:36:36.900305
2026-10-01,2026-10-01,2026-10-01,district,EAST UTTAR PRADESH,UTTAR PRADESH,RAE BAREILLY,0.0,0.6,-100.0,NR,0.0,0.6,-100.0,NR,2026-10-01 12:36:36.900305
2026-10-01,2026-10-01,2026-10-01,district,EAST UTTAR PRADESH,UTTAR PRADESH,SANT KABIR NAGAR,0.0,0.9,-100.0,NR,0.0,0.9,-100.0,NR,2026-10-01 12:36:36.900305
2026-10-01,2026-10-01,2026-10-01,district,EAST UTTAR PRADESH,UTTAR PRADESH,SHRAWASTI,0.0,1.1,-100.0,NR,0.0,1.1,-100.0,NR,2026-10-01 12:36:36.900305
2026-10-01,2026-10-01,2026-10-01,district,EAST UTTAR PRADESH,UTTAR PRADESH,SIDDHARTH NAGAR,0.0,4.2,-100.0,NR,0.0,4.2,-100.0,NR,2026-10-01 12:36:36.900305
2026-10-01,2026-10-01,2026-10-01,district,EAST UTTAR PRADESH,UTTAR PRADESH,SITAPUR,0.0,1.8,-100.0,NR,0.0,1.8,-100.0,NR,2026-10-01 12:36:36.900305
2026-10-01,2026-10-01,2026-10-01,district,EAST UTTAR PRADESH,UTTAR PRADESH,SONBHADRA,0.0,2.1,-100.0,NR,0.0,2.1,-100.0,NR,2026-10-01 12:36:36.900305
2026-10-01,2026-10-01,2026-10-01,district,EAST UTTAR PRADESH,UTTAR PRADESH,SULTANPUR,0.0,1.3,-100.0,NR,0.0,1.3,-100.0,NR,2026-10-01 12:36:36.900305
2026-10-01,2026-10-01,2026-10-01,district,EAST UTTAR PRADESH,UTTAR PRADESH,UNNAO,0.0,1.6,-100.0,NR,0.0,1.6,-100.0,NR,2026-10-01 12:36:36.900305
2026-10-01,2026-10-01,2026-10-01,district,EAST UTTAR PRADESH,UTTAR PRADESH,VARANASI,0.0,0.9,-100.0,NR,0.0,0.9,-100.0,NR,2026-10-01 12:36:36.900305
2026-10-01,2026-10-01,2026-10-01,district,GANGETIC WEST BENGAL,WEST BENGAL,BANKURA,0.0,6.9,-100.0,NR,0.0,6.9,-100.0,NR,2026-10-01 12:36:36.900305
2026-10-01,2026-10-01,2026-10-01,district,GANGETIC WEST BENGAL,WEST BENGAL,BIRBHUM,0.0,4.0,-100.0,NR,0.0,4.0,-100.0,NR,2026-10-01 12:36:36.900305
2026-10-01,2026-10-01,2026-10-01,district,GANGETIC WEST BENGAL,WEST BENGAL,EAST MIDNAPORE,0.0,9.5,-100.0,NR,0.0,9.5,-100.0,NR,2026-10-01 12:36:36.900305
2026-10-01,2026-10-01,2026-10-01,district,GANGETIC WEST BENGAL,WEST BENGAL,HOOGHLY,0.0,5.9,-100.0,NR,0.0,5.9,-100.0,NR,2026-10-01 12:36:36.900305
2026-10-01,2026-10-01,2026-10-01,district,GANGETIC WEST BENGAL,WEST BENGAL,HOWRAH,0.0,6.5,-100.0,NR,0.0,6.5,-100.0,NR,2026-10-01 12:36:36.900305
2026-10-01,2026-10-01,2026-10-01,district,GANGETIC WEST BENGAL,WEST BENGAL,JHARGRAM,0.0,8.4,-100.0,NR,0.0,8.4,-100.0,NR,2026-10-01 12:36:36.900305
2026-10-01,2026-10-01,2026-10-01,district,GANGETIC WEST BENGAL,WEST BENGAL,KOLKATA,0.0,7.4,-100.0,NR,0.0,7.4,-100.0,NR,2026-10-01 12:36:36.900305
2026-10-01,2026-10-01,2026-10-01,district,GANGETIC WEST BENGAL,WEST BENGAL,MURSHIDABAD,0.0,3.3,-100.0,NR,0.0,3.3,-100.0,NR,2026-10-01 12:36:36.900305
2026-10-01,2026-10-01,2026-10-01,district,GANGETIC WEST BENGAL,WEST BENGAL,NADIA,0.0,2.8,-100.0,NR,0.0,2.8,-100.0,NR,2026-10-01 12:36:36.900305
2026-10-01,2026-10-01,2026-10-01,district,GANGETIC WEST BENGAL,WEST BENGAL,NORTH 24 PARGANAS,0.0,5.6,-100.0,NR,0.0,5.6,-100.0,NR,2026-10-01 12:36:36.900305
2026-10-01,2026-10-01,2026-10-01,district,GANGETIC WEST BENGAL,WEST BENGAL,PASCHIM BARDHAMAN,0.0,6.5,-100.0,NR,0.0,6.5,-100.0,NR,2026-10-01 12:36:36.900305
2026-10-01,2026-10-01,2026-10-01,district,GANGETIC WEST BENGAL,WEST BENGAL,PURBA BARDHAMAN,0.0,3.4,-100.0,NR,0.0,3.4,-100.0,NR,2026-10-01 12:36:36.900305
2026-10-01,2026-10-01,2026-10-01,district,GANGETIC WEST BENGAL,WEST BENGAL,PURULIA,0.0,2.9,-100.0,NR,0.0,2.9,-100.0,NR,2026-10-01 12:36:36.900305
2026-10-01,2026-10-01,2026-10-01,district,GANGETIC WEST BENGAL,WEST BENGAL,SOUTH 24 PARGANAS,0.0,6.8,-100.0,NR,0.0,6.8,-100.0,NR,2026-10-01 12:36:36.900305
2026-10-01,2026-10-01,2026-10-01,district,GANGETIC WEST BENGAL,WEST BENGAL,WEST MIDNAPORE,0.0,8.4,-100.0,NR,0.0,8.4,-100.0,NR,2026-10-01 12:36:36.900305
2026-10-01,2026-10-01,2026-10-01,district,GUJARAT REGION,DADRA & NAGAR HAVELI AND DAMAN & DIU (UT),DADARA & NAGAR HAVELI,0.0,3.5,-100.0,NR,0.0,3.5,-100.0,NR,2026-10-01 12:36:36.900305
2026-10-01,2026-10-01,2026-10-01,district,GUJARAT REGION,DADRA & NAGAR HAVELI AND DAMAN & DIU (UT),DAMAN,0.0,3.5,-100.0,NR,0.0,3.5,-100.0,NR,2026-10-01 12:36:36.900305
2026-10-01,2026-10-01,2026-10-01,district,GUJARAT REGION,GUJARAT,AHMEDABAD,0.0,1.4,-100.0,NR,0.0,1.4,-100.0,NR,2026-10-01 12:36:36.900305
2026-10-01,2026-10-01,2026-10-01,district,GUJARAT REGION,GUJARAT,ANAND,0.0,2.8,-100.0,NR,0.0,2.8,-100.0,NR,2026-10-01 12:36:36.900305
2026-10-01,2026-10-01,2026-10-01,district,GUJARAT REGION,GUJARAT,ARAVALLI,0.0,2.4,-100.0,NR,0.0,2.4,-100.0,NR,2026-10-01 12:36:36.900305
2026-10-01,2026-10-01,2026-10-01,district,GUJARAT REGION,GUJARAT,BANASKANTHA,0.0,2.3,-100.0,NR,0.0,2.3,-100.0,NR,2026-10-01 12:36:36.900305
2026-10-01,2026-10-01,2026-10-01,district,GUJARAT REGION,GUJARAT,BHARUCH,0.0,1.4,-100.0,NR,0.0,1.4,-100.0,NR,2026-10-01 12:36:36.900305
2026-10-01,2026-10-01,2026-10-01,district,GUJARAT REGION,GUJARAT,CHHOTA UDEPUR,0.0,2.9,-100.0,NR,0.0,2.9,-100.0,NR,2026-10-01 12:36:36.900305
2026-10-01,2026-10-01,2026-10-01,district,GUJARAT REGION,GUJARAT,DAHOD,0.0,1.5,-100.0,NR,0.0,1.5,-100.0,NR,2026-10-01 12:36:36.900305
2026-10-01,2026-10-01,2026-10-01,district,GUJARAT REGION,GUJARAT,DANGS,0.0,5.7,-100.0,NR,0.0,5.7,-100.0,NR,2026-10-01 12:36:36.900305
2026-10-01,2026-10-01,2026-10-01,district,GUJARAT REGION,GUJARAT,GANDHINAGAR,0.0,1.0,-100.0,NR,0.0,1.0,-100.0,NR,2026-10-01 12:36:36.900305
2026-10-01,2026-10-01,2026-10-01,district,GUJARAT REGION,GUJARAT,KHEDA,0.0,1.6,-100.0,NR,0.0,1.6,-100.0,NR,2026-10-01 12:36:36.900305
2026-10-01,2026-10-01,2026-10-01,district,GUJARAT REGION,GUJARAT,MAHISAGAR,0.0,2.2,-100.0,NR,0.0,2.2,-100.0,NR,2026-10-01 12:36:36.900305
2026-10-01,2026-10-01,2026-10-01,district,GUJARAT REGION,GUJARAT,MEHSANA,0.0,2.3,-100.0,NR,0.0,2.3,-100.0,NR,2026-10-01 12:36:36.900305
2026-10-01,2026-10-01,2026-10-01,district,GUJARAT REGION,GUJARAT,NARMADA,0.0,1.6,-100.0,NR,0.0,1.6,-100.0,NR,2026-10-01 12:36:36.900305
2026-10-01,2026-10-01,2026-10-01,district,GUJARAT REGION,GUJARAT,NAVSARI,0.0,4.5,-100.0,NR,0.0,4.5,-100.0,NR,2026-10-01 12:36:36.900305
2026-10-01,2026-10-01,2026-10-01,district,GUJARAT REGION,GUJARAT,PANCHMAHAL,0.0,2.0,-100.0,NR,0.0,2.0,-100.0,NR,2026-10-01 12:36:36.900305
2026-10-01,2026-10-01,2026-10-01,district,GUJARAT REGION,GUJARAT,PATAN,0.0,2.3,-100.0,NR,0.0,2.3,-100.0,NR,2026-10-01 12:36:36.900305
2026-10-01,2026-10-01,2026-10-01,district,GUJARAT REGION,GUJARAT,SABARKANTHA,0.0,2.4,-100.0,NR,0.0,2.4,-100.0,NR,2026-10-01 12:36:36.900305
2026-10-01,2026-10-01,2026-10-01,district,GUJARAT REGION,GUJARAT,SURAT,0.0,3.2,-100.0,NR,0.0,3.2,-100.0,NR,2026-10-01 12:36:36.900305
2026-10-01,2026-10-01,2026-10-01,district,GUJARAT REGION,GUJARAT,TAPI,0.0,3.2,-100.0,NR,0.0,3.2,-100.0,NR,2026-10-01 12:36:36.900305
2026-10-01,2026-10-01,2026-10-01,district,GUJARAT REGION,GUJARAT,VADODARA,0.0,1.6,-100.0,NR,0.0,1.6,-100.0,NR,2026-10-01 12:36:36.900305
2026-10-01,2026-10-01,2026-10-01,district,GUJARAT REGION,GUJARAT,VALSAD,0.0,3.7,-100.0,NR,0.0,3.7,-100.0,NR,2026-10-01 12:36:36.900305
2026-10-01,2026-10-01,2026-10-01,district,HAR. CHD & DELHI,CHANDIGARH (UT),CHANDIGARH,0.0,1.3,-100.0,NR,0.0,1.3,-100.0,NR,2026-10-01 12:36:36.900305
2026-10-01,2026-10-01,2026-10-01,district,HAR. CHD & DELHI,DELHI,CENTRAL DELHI,0.0,1.4,-100.0,NR,0.0,1.4,-100.0,NR,2026-10-01 12:36:36.900305
2026-10-01,2026-10-01,2026-10-01,district,HAR. CHD & DELHI,DELHI,EAST DELHI,0.0,1.4,-100.0,NR,0.0,1.4,-100.0,NR,2026-10-01 12:36:36.900305
2026-10-01,2026-10-01,2026-10-01,district,HAR. CHD & DELHI,DELHI,NEW DELHI,0.0,1.5,-100.0,NR,0.0,1.5,-100.0,NR,2026-10-01 12:36:36.900305
2026-10-01,2026-10-01,2026-10-01,district,HAR. CHD & DELHI,DELHI,NORTH EAST DELHI,0.0,1.4,-100.0,NR,0.0,1.4,-100.0,NR,2026-10-01 12:36:36.900305
2026-10-01,2026-10-01,2026-10-01,district,HAR. CHD & DELHI,DELHI,NORTH WEST DELHI,0.0,0.3,-100.0,NR,0.0,0.3,-100.0,NR,2026-10-01 12:36:36.900305
2026-10-01,2026-10-01,2026-10-01,district,HAR. CHD & DELHI,DELHI,SOUTH DELHI,0.0,1.4,-100.0,NR,0.0,1.4,-100.0,NR,2026-10-01 12:36:36.900305
2026-10-01,2026-10-01,2026-10-01,district,HAR. CHD & DELHI,DELHI,SOUTH EAST DELHI,0.0,1.4,-100.0,NR,0.0,1.4,-100.0,NR,2026-10-01 12:36:36.900305
2026-10-01,2026-10-01,2026-10-01,district,HAR. CHD & DELHI,DELHI,SOUTH WEST DELHI,0.0,0.5,-100.0,NR,0.0,0.5,-100.0,NR,2026-10-01 12:36:36.900305
2026-10-01,2026-10-01,2026-10-01,district,HAR. CHD & DELHI,DELHI,WEST DELHI,0.0,0.7,-100.0,NR,0.0,0.7,-100.0,NR,2026-10-01 12:36:36.900305
2026-10-01,2026-10-01,2026-10-01,district,HAR. CHD & DELHI,HARYANA,AMBALA,0.0,0.1,-100.0,NR,0.0,0.1,-100.0,NR,2026-10-01 12:36:36.900305
2026-10-01,2026-10-01,2026-10-01,district,HAR. CHD & DELHI,HARYANA,BHIWANI,0.0,0.2,-100.0,NR,0.0,0.2,-100.0,NR,2026-10-01 12:36:36.900305
2026-10-01,2026-10-01,2026-10-01,district,HAR. CHD & DELHI,HARYANA,CHARKHI DADRI,0.0,0.2,-100.0,NR,0.0,0.2,-100.0,NR,2026-10-01 12:36:36.900305
2026-10-01,2026-10-01,2026-10-01,district,HAR. CHD & DELHI,HARYANA,FARIDABAD,0.0,1.5,-100.0,NR,0.0,1.5,-100.0,NR,2026-10-01 12:36:36.900305
2026-10-01,2026-10-01,2026-10-01,district,HAR. CHD & DELHI,HARYANA,FATEHABAD,0.0,0.2,-100.0,NR,0.0,0.2,-100.0,NR,2026-10-01 12:36:36.900305
2026-10-01,2026-10-01,2026-10-01,district,HAR. CHD & DELHI,HARYANA,GURGAON,0.0,0.5,-100.0,NR,0.0,0.5,-100.0,NR,2026-10-01 12:36:36.900305
2026-10-01,2026-10-01,2026-10-01,district,HAR. CHD & DELHI,HARYANA,HISAR,0.0,0.1,-100.0,NR,0.0,0.1,-100.0,NR,2026-10-01 12:36:36.900305
2026-10-01,2026-10-01,2026-10-01,district,HAR. CHD & DELHI,HARYANA,JHAJJAR,0.0,0.2,-100.0,NR,0.0,0.2,-100.0,NR,2026-10-01 12:36:36.900305
2026-10-01,2026-10-01,2026-10-01,district,HAR. CHD & DELHI,HARYANA,JIND,0.0,0.6,-100.0,NR,0.0,0.6,-100.0,NR,2026-10-01 12:36:36.900305
2026-10-01,2026-10-01,2026-10-01,district,HAR. CHD & DELHI,HARYANA,KAITHAL,0.0,0.0,-100.0,NR,0.0,0.0,-100.0,NR,2026-10-01 12:36:36.900305
2026-10-01,2026-10-01,2026-10-01,district,HAR. CHD & DELHI,HARYANA,KARNAL,0.0,0.2,-100.0,NR,0.0,0.2,-100.0,NR,2026-10-01 12:36:36.900305
2026-10-01,2026-10-01,2026-10-01,district,HAR. CHD & DELHI,HARYANA,KURUKSHETRA,0.0,0.0,-100.0,NR,0.0,0.0,-100.0,NR,2026-10-01 12:36:36.900305
2026-10-01,2026-10-01,2026-10-01,district,HAR. CHD & DELHI,HARYANA,MAHENDRAGARH,0.0,0.6,-100.0,NR,0.0,0.6,-100.0,NR,2026-10-01 12:36:36.900305
2026-10-01,2026-10-01,2026-10-01,district,HAR. CHD & DELHI,HARYANA,NUH,0.0,0.6,-100.0,NR,0.0,0.6,-100.0,NR,2026-10-01 12:36:36.900305
2026-10-01,2026-10-01,2026-10-01,district,HAR. CHD & DELHI,HARYANA,PALWAL,0.0,0.2,-100.0,NR,0.0,0.2,-100.0,NR,2026-10-01 12:36:36.900305
2026-10-01,2026-10-01,2026-10-01,district,HAR. CHD & DELHI,HARYANA,PANCHKULA,0.0,0.0,-100.0,NR,0.0,0.0,-100.0,NR,2026-10-01 12:36:36.900305
2026-10-01,2026-10-01,2026-10-01,district,HAR. CHD & DELHI,HARYANA,PANIPAT,0.0,0.2,-100.0,NR,0.0,0.2,-100.0,NR,2026-10-01 12:36:36.900305
2026-10-01,2026-10-01,2026-10-01,district,HAR. CHD & DELHI,HARYANA,REWARI,0.0,0.9,-100.0,NR,0.0,0.9,-100.0,NR,2026-10-01 12:36:36.900305
2026-10-01,2026-10-01,2026-10-01,district,HAR. CHD & DELHI,HARYANA,ROHTAK,0.0,0.0,-100.0,NR,0.0,0.0,-100.0,NR,2026-10-01 12:36:36.900305
2026-10-01,2026-10-01,2026-10-01,district,HAR. CHD & DELHI,HARYANA,SIRSA,0.0,0.0,-100.0,NR,0.0,0.0,-100.0,NR,2026-10-01 12:36:36.900305
2026-10-01,2026-10-01,2026-10-01,district,HAR. CHD & DELHI,HARYANA,SONEPAT,0.0,0.0,-100.0,NR,0.0,0.0,-100.0,NR,2026-10-01 12:36:36.900305
2026-10-01,2026-10-01,2026-10-01,district,HAR. CHD & DELHI,HARYANA,YAMUNA NAGAR,0.0,0.7,-100.0,NR,0.0,0.7,-100.0,NR,2026-10-01 12:36:36.900305
2026-10-01,2026-10-01,2026-10-01,district,HIMACHAL PRADESH,HIMACHAL PRADESH,BILASPUR,0.0,0.8,-100.0,NR,0.0,0.8,-100.0,NR,2026-10-01 12:36:36.900305
2026-10-01,2026-10-01,2026-10-01,district,HIMACHAL PRADESH,HIMACHAL PRADESH,CHAMBA,0.0,0.6,-100.0,NR,0.0,0.6,-100.0,NR,2026-10-01 12:36:36.900305
2026-10-01,2026-10-01,2026-10-01,district,HIMACHAL PRADESH,HIMACHAL PRADESH,HAMIRPUR,0.0,0.3,-100.0,NR,0.0,0.3,-100.0,NR,2026-10-01 12:36:36.900305
2026-10-01,2026-10-01,2026-10-01,district,HIMACHAL PRADESH,HIMACHAL PRADESH,KANGRA,0.0,1.9,-100.0,NR,0.0,1.9,-100.0,NR,2026-10-01 12:36:36.900305
2026-10-01,2026-10-01,2026-10-01,district,HIMACHAL PRADESH,HIMACHAL PRADESH,KINNAUR,0.0,0.3,-100.0,NR,0.0,0.3,-100.0,NR,2026-10-01 12:36:36.900305
2026-10-01,2026-10-01,2026-10-01,district,HIMACHAL PRADESH,HIMACHAL PRADESH,KULLU,0.0,0.6,-100.0,NR,0.0,0.6,-100.0,NR,2026-10-01 12:36:36.900305
2026-10-01,2026-10-01,2026-10-01,district,HIMACHAL PRADESH,HIMACHAL PRADESH,LAHAUL & SPITI,0.0,0.2,-100.0,NR,0.0,0.2,-100.0,NR,2026-10-01 12:36:36.900305
2026-10-01,2026-10-01,2026-10-01,district,HIMACHAL PRADESH,HIMACHAL PRADESH,MANDI,0.0,0.6,-100.0,NR,0.0,0.6,-100.0,NR,2026-10-01 12:36:36.900305
2026-10-01,2026-10-01,2026-10-01,district,HIMACHAL PRADESH,HIMACHAL PRADESH,SHIMLA,0.0,0.7,-100.0,NR,0.0,0.7,-100.0,NR,2026-10-01 12:36:36.900305
2026-10-01,2026-10-01,2026-10-01,district,HIMACHAL PRADESH,HIMACHAL PRADESH,SIRMAUR,0.0,0.8,-100.0,NR,0.0,0.8,-100.0,NR,2026-10-01 12:36:36.900305
2026-10-01,2026-10-01,2026-10-01,district,HIMACHAL PRADESH,HIMACHAL PRADESH,SOLAN,0.0,0.7,-100.0,NR,0.0,0.7,-100.0,NR,2026-10-01 12:36:36.900305
2026-10-01,2026-10-01,2026-10-01,district,HIMACHAL PRADESH,HIMACHAL PRADESH,UNA,0.0,0.5,-100.0,NR,0.0,0.5,-100.0,NR,2026-10-01 12:36:36.900305
2026-10-01,2026-10-01,2026-10-01,district,J & K AND LADAKH,JAMMU & KASHMIR(UT),ANANTNAG,0.0,1.7,-100.0,NR,0.0,1.7,-100.0,NR,2026-10-01 12:36:36.900305
2026-10-01,2026-10-01,2026-10-01,district,J & K AND LADAKH,JAMMU & KASHMIR(UT),BADGAM,0.0,2.3,-100.0,NR,0.0,2.3,-100.0,NR,2026-10-01 12:36:36.900305
2026-10-01,2026-10-01,2026-10-01,district,J & K AND LADAKH,JAMMU & KASHMIR(UT),BANDIPORA,0.0,1.1,-100.0,NR,0.0,1.1,-100.0,NR,2026-10-01 12:36:36.900305
2026-10-01,2026-10-01,2026-10-01,district,J & K AND LADAKH,JAMMU & KASHMIR(UT),BARAMULA,0.0,1.0,-100.0,NR,0.0,1.0,-100.0,NR,2026-10-01 12:36:36.900305
2026-10-01,2026-10-01,2026-10-01,district,J & K AND LADAKH,JAMMU & KASHMIR(UT),DODA,0.0,0.4,-100.0,NR,0.0,0.4,-100.0,NR,2026-10-01 12:36:36.900305
2026-10-01,2026-10-01,2026-10-01,district,J & K AND LADAKH,JAMMU & KASHMIR(UT),GANDERBAL,0.0,0.6,-100.0,NR,0.0,0.6,-100.0,NR,2026-10-01 12:36:36.900305
2026-10-01,2026-10-01,2026-10-01,district,J & K AND LADAKH,JAMMU & KASHMIR(UT),JAMMU,0.0,0.3,-100.0,NR,0.0,0.3,-100.0,NR,2026-10-01 12:36:36.900305
2026-10-01,2026-10-01,2026-10-01,district,J & K AND LADAKH,JAMMU & KASHMIR(UT),KATHUA,0.0,0.1,-100.0,NR,0.0,0.1,-100.0,NR,2026-10-01 12:36:36.900305
2026-10-01,2026-10-01,2026-10-01,district,J & K AND LADAKH,JAMMU & KASHMIR(UT),KISTWAR,0.0,0.4,-100.0,NR,0.0,0.4,-100.0,NR,2026-10-01 12:36:36.900305
2026-10-01,2026-10-01,2026-10-01,district,J & K AND LADAKH,JAMMU & KASHMIR(UT),KULGAM,0.0,0.5,-100.0,NR,0.0,0.5,-100.0,NR,2026-10-01 12:36:36.900305
2026-10-01,2026-10-01,2026-10-01,district,J & K AND LADAKH,JAMMU & KASHMIR(UT),KUPWARA,0.0,1.3,-100.0,NR,0.0,1.3,-100.0,NR,2026-10-01 12:36:36.900305
2026-10-01,2026-10-01,2026-10-01,district,J & K AND LADAKH,JAMMU & KASHMIR(UT),POONCH,0.0,0.6,-100.0,NR,0.0,0.6,-100.0,NR,2026-10-01 12:36:36.900305
2026-10-01,2026-10-01,2026-10-01,district,J & K AND LADAKH,JAMMU & KASHMIR(UT),PULWAMA,0.0,1.0,-100.0,NR,0.0,1.0,-100.0,NR,2026-10-01 12:36:36.900305
2026-10-01,2026-10-01,2026-10-01,district,J & K AND LADAKH,JAMMU & KASHMIR(UT),RAJOURI,0.0,0.0,-100.0,NR,0.0,0.0,-100.0,NR,2026-10-01 12:36:36.900305
2026-10-01,2026-10-01,2026-10-01,district,J & K AND LADAKH,JAMMU & KASHMIR(UT),RAMBAN,0.0,0.6,-100.0,NR,0.0,0.6,-100.0,NR,2026-10-01 12:36:36.900305
2026-10-01,2026-10-01,2026-10-01,district,J & K AND LADAKH,JAMMU & KASHMIR(UT),REASI,0.0,1.3,-100.0,NR,0.0,1.3,-100.0,NR,2026-10-01 12:36:36.900305
2026-10-01,2026-10-01,2026-10-01,district,J & K AND LADAKH,JAMMU & KASHMIR(UT),SAMBA,0.0,0.0,-100.0,NR,0.0,0.0,-100.0,NR,2026-10-01 12:36:36.900305
2026-10-01,2026-10-01,2026-10-01,district,J & K AND LADAKH,JAMMU & KASHMIR(UT),SHOPIAN,0.0,1.2,-100.0,NR,0.0,1.2,-100.0,NR,2026-10-01 12:36:36.900305
2026-10-01,2026-10-01,2026-10-01,district,J & K AND LADAKH,JAMMU & KASHMIR(UT),SRINAGAR,0.0,1.3,-100.0,NR,0.0,1.3,-100.0,NR,2026-10-01 12:36:36.900305
2026-10-01,2026-10-01,2026-10-01,district,J & K AND LADAKH,JAMMU & KASHMIR(UT),UDHAMPUR,0.0,0.4,-100.0,NR,0.0,0.4,-100.0,NR,2026-10-01 12:36:36.900305
2026-10-01,2026-10-01,2026-10-01,district,J & K AND LADAKH,LADAKH (UT),KARGIL,0.0,0.0,-100.0,NR,0.0,0.0,-100.0,NR,2026-10-01 12:36:36.900305
2026-10-01,2026-10-01,2026-10-01,district,J & K AND LADAKH,LADAKH (UT),LADAKH (LEH),0.0,0.1,-100.0,NR,0.0,0.1,-100.0,NR,2026-10-01 12:36:36.900305
2026-10-01,2026-10-01,2026-10-01,district,JHARKHAND,JHARKHAND,BOKARO,0.0,3.7,-100.0,NR,0.0,3.7,-100.0,NR,2026-10-01 12:36:36.900305
2026-10-01,2026-10-01,2026-10-01,district,JHARKHAND,JHARKHAND,CHATRA,0.0,3.8,-100.0,NR,0.0,3.8,-100.0,NR,2026-10-01 12:36:36.900305
2026-10-01,2026-10-01,2026-10-01,district,JHARKHAND,JHARKHAND,DEOGHAR,0.0,4.7,-100.0,NR,0.0,4.7,-100.0,NR,2026-10-01 12:36:36.900305
2026-10-01,2026-10-01,2026-10-01,district,JHARKHAND,JHARKHAND,DHANBAD,0.0,5.0,-100.0,NR,0.0,5.0,-100.0,NR,2026-10-01 12:36:36.900305
2026-10-01,2026-10-01,2026-10-01,district,JHARKHAND,JHARKHAND,DUMKA,0.0,5.6,-100.0,NR,0.0,5.6,-100.0,NR,2026-10-01 12:36:36.900305
2026-10-01,2026-10-01,2026-10-01,district,JHARKHAND,JHARKHAND,EAST SINGHBHUM,0.0,3.7,-100.0,NR,0.0,3.7,-100.0,NR,2026-10-01 12:36:36.900305
2026-10-01,2026-10-01,2026-10-01,district,JHARKHAND,JHARKHAND,GARHWA,0.0,1.5,-100.0,NR,0.0,1.5,-100.0,NR,2026-10-01 12:36:36.900305
2026-10-01,2026-10-01,2026-10-01,district,JHARKHAND,JHARKHAND,GIRIDIH,0.0,4.6,-100.0,NR,0.0,4.6,-100.0,NR,2026-10-01 12:36:36.900305
2026-10-01,2026-10-01,2026-10-01,district,JHARKHAND,JHARKHAND,GODDA,0.0,3.2,-100.0,NR,0.0,3.2,-100.0,NR,2026-10-01 12:36:36.900305
2026-10-01,2026-10-01,2026-10-01,district,JHARKHAND,JHARKHAND,GUMLA,0.0,2.8,-100.0,NR,0.0,2.8,-100.0,NR,2026-10-01 12:36:36.900305
2026-10-01,2026-10-01,2026-10-01,district,JHARKHAND,JHARKHAND,HAZARIBAG,0.0,4.1,-100.0,NR,0.0,4.1,-100.0,NR,2026-10-01 12:36:36.900305
2026-10-01,2026-10-01,2026-10-01,district,JHARKHAND,JHARKHAND,JAMTARA,0.0,5.4,-100.0,NR,0.0,5.4,-100.0,NR,2026-10-01 12:36:36.900305
2026-10-01,2026-10-01,2026-10-01,district,JHARKHAND,JHARKHAND,KHUNTI,0.0,4.6,-100.0,NR,0.0,4.6,-100.0,NR,2026-10-01 12:36:36.900305
2026-10-01,2026-10-01,2026-10-01,district,JHARKHAND,JHARKHAND,KODERMA,0.0,2.8,-100.0,NR,0.0,2.8,-100.0,NR,2026-10-01 12:36:36.900305
2026-10-01,2026-10-01,2026-10-01,district,JHARKHAND,JHARKHAND,LATEHAR,0.0,2.7,-100.0,NR,0.0,2.7,-100.0,NR,2026-10-01 12:36:36.900305
2026-10-01,2026-10-01,2026-10-01,district,JHARKHAND,JHARKHAND,LOHARDAGA,0.0,3.0,-100.0,NR,0.0,3.0,-100.0,NR,2026-10-01 12:36:36.900305
2026-10-01,2026-10-01,2026-10-01,district,JHARKHAND,JHARKHAND,PAKUR,0.0,3.7,-100.0,NR,0.0,3.7,-100.0,NR,2026-10-01 12:36:36.900305
2026-10-01,2026-10-01,2026-10-01,district,JHARKHAND,JHARKHAND,PALAMU,0.0,1.6,-100.0,NR,0.0,1.6,-100.0,NR,2026-10-01 12:36:36.900305
2026-10-01,2026-10-01,2026-10-01,district,JHARKHAND,JHARKHAND,RAMGARH,0.0,4.2,-100.0,NR,0.0,4.2,-100.0,NR,2026-10-01 12:36:36.900305
2026-10-01,2026-10-01,2026-10-01,district,JHARKHAND,JHARKHAND,RANCHI,0.0,2.9,-100.0,NR,0.0,2.9,-100.0,NR,2026-10-01 12:36:36.900305
2026-10-01,2026-10-01,2026-10-01,district,JHARKHAND,JHARKHAND,SAHIBGANJ,0.0,4.5,-100.0,NR,0.0,4.5,-100.0,NR,2026-10-01 12:36:36.900305
2026-10-01,2026-10-01,2026-10-01,district,JHARKHAND,JHARKHAND,SERAIKELA-KHARSAWAN,0.0,1.8,-100.0,NR,0.0,1.8,-100.0,NR,2026-10-01 12:36:36.900305
2026-10-01,2026-10-01,2026-10-01,district,JHARKHAND,JHARKHAND,SIMDEGA,0.0,2.2,-100.0,NR,0.0,2.2,-100.0,NR,2026-10-01 12:36:36.900305
2026-10-01,2026-10-01,2026-10-01,district,JHARKHAND,JHARKHAND,WEST SINGHBHUM,0.0,2.4,-100.0,NR,0.0,2.4,-100.0,NR,2026-10-01 12:36:36.900305
2026-10-01,2026-10-01,2026-10-01,district,KERALA & MAHE,KERALA,ALAPUZHA,0.1,5.7,-99.0,LD,0.1,5.7,-99.0,LD,2026-10-01 12:36:36.900305
2026-10-01,2026-10-01,2026-10-01,district,KERALA & MAHE,KERALA,ERNAKULAM,0.0,7.4,-100.0,NR,0.0,7.4,-100.0,NR,2026-10-01 12:36:36.900305
2026-10-01,2026-10-01,2026-10-01,district,KERALA & MAHE,KERALA,IDUKKI,1.4,13.8,-90.0,LD,1.4,13.8,-90.0,LD,2026-10-01 12:36:36.900305
2026-10-01,2026-10-01,2026-10-01,district,KERALA & MAHE,KERALA,KANNUR,0.0,7.2,-100.0,NR,0.0,7.2,-100.0,NR,2026-10-01 12:36:36.900305
2026-10-01,2026-10-01,2026-10-01,district,KERALA & MAHE,KERALA,KASARGOD,2.3,6.1,-62.0,LD,2.3,6.1,-62.0,LD,2026-10-01 12:36:36.900305
2026-10-01,2026-10-01,2026-10-01,district,KERALA & MAHE,KERALA,KOLLAM,0.0,6.2,-100.0,NR,0.0,6.2,-100.0,NR,2026-10-01 12:36:36.900305
2026-10-01,2026-10-01,2026-10-01,district,KERALA & MAHE,KERALA,KOTTAYAM,0.0,6.8,-100.0,NR,0.0,6.8,-100.0,NR,2026-10-01 12:36:36.900305
2026-10-01,2026-10-01,2026-10-01,district,KERALA & MAHE,KERALA,KOZHIKODE,0.1,11.9,-99.0,LD,0.1,11.9,-99.0,LD,2026-10-01 12:36:36.900305
2026-10-01,2026-10-01,2026-10-01,district,KERALA & MAHE,KERALA,MALAPPURAM,0.0,9.9,-100.0,NR,0.0,9.9,-100.0,NR,2026-10-01 12:36:36.900305
2026-10-01,2026-10-01,2026-10-01,district,KERALA & MAHE,KERALA,PALAKKAD,0.0,7.7,-100.0,NR,0.0,7.7,-100.0,NR,2026-10-01 12:36:36.900305
2026-10-01,2026-10-01,2026-10-01,district,KERALA & MAHE,KERALA,PATHANAMTHITTA,0.0,10.2,-100.0,NR,0.0,10.2,-100.0,NR,2026-10-01 12:36:36.900305
2026-10-01,2026-10-01,2026-10-01,district,KERALA & MAHE,KERALA,THIRUVANANTHAPURAM,0.0,4.3,-100.0,NR,0.0,4.3,-100.0,NR,2026-10-01 12:36:36.900305
2026-10-01,2026-10-01,2026-10-01,district,KERALA & MAHE,KERALA,THRISSUR,0.0,7.6,-100.0,NR,0.0,7.6,-100.0,NR,2026-10-01 12:36:36.900305
2026-10-01,2026-10-01,2026-10-01,district,KERALA & MAHE,KERALA,WYNAD,0.0,6.5,-100.0,NR,0.0,6.5,-100.0,NR,2026-10-01 12:36:36.900305
2026-10-01,2026-10-01,2026-10-01,district,KONKAN & GOA,GOA,NORTH GOA,0.0,8.3,-100.0,NR,0.0,8.3,-100.0,NR,2026-10-01 12:36:36.900305
2026-10-01,2026-10-01,2026-10-01,district,KONKAN & GOA,GOA,SOUTH GOA,0.0,7.1,-100.0,NR,0.0,7.1,-100.0,NR,2026-10-01 12:36:36.900305
2026-10-01,2026-10-01,2026-10-01,district,KONKAN & GOA,MAHARASHTRA,MUMBAI CITY,0.0,4.6,-100.0,NR,0.0,4.6,-100.0,NR,2026-10-01 12:36:36.900305
2026-10-01,2026-10-01,2026-10-01,district,KONKAN & GOA,MAHARASHTRA,MUMBAI SUBURBAN,4.4,3.1,42.0,E,4.4,3.1,42.0,E,2026-10-01 12:36:36.900305
2026-10-01,2026-10-01,2026-10-01,district,KONKAN & GOA,MAHARASHTRA,PALGHAR,2.3,4.1,-45.0,D,2.3,4.1,-45.0,D,2026-10-01 12:36:36.900305
2026-10-01,2026-10-01,2026-10-01,district,KONKAN & GOA,MAHARASHTRA,RAIGAD,3.9,5.4,-27.0,D,3.9,5.4,-27.0,D,2026-10-01 12:36:36.900305
2026-10-01,2026-10-01,2026-10-01,district,KONKAN & GOA,MAHARASHTRA,RATNAGIRI,0.0,6.0,-100.0,NR,0.0,6.0,-100.0,NR,2026-10-01 12:36:36.900305
2026-10-01,2026-10-01,2026-10-01,district,KONKAN & GOA,MAHARASHTRA,SINDHUDURG,0.1,8.9,-99.0,LD,0.1,8.9,-99.0,LD,2026-10-01 12:36:36.900305
2026-10-01,2026-10-01,2026-10-01,district,KONKAN & GOA,MAHARASHTRA,THANE,11.0,2.9,279.0,LE,11.0,2.9,279.0,LE,2026-10-01 12:36:36.900305
2026-10-01,2026-10-01,2026-10-01,district,LAKSHADWEEP,LAKSHADWEEP,LAKSHADWEEP,0.0,4.6,-100.0,NR,0.0,4.6,-100.0,NR,2026-10-01 12:36:36.900305
2026-10-01,2026-10-01,2026-10-01,district,MADHYA MAHARASHTRA,MAHARASHTRA,AHMEDNAGAR,0.5,3.5,-85.0,LD,0.5,3.5,-85.0,LD,2026-10-01 12:36:36.900305
2026-10-01,2026-10-01,2026-10-01,district,MADHYA MAHARASHTRA,MAHARASHTRA,DHULE,0.0,2.9,-100.0,NR,0.0,2.9,-100.0,NR,2026-10-01 12:36:36.900305
2026-10-01,2026-10-01,2026-10-01,district,MADHYA MAHARASHTRA,MAHARASHTRA,JALGAON,0.0,2.7,-100.0,NR,0.0,2.7,-100.0,NR,2026-10-01 12:36:36.900305
2026-10-01,2026-10-01,2026-10-01,district,MADHYA MAHARASHTRA,MAHARASHTRA,KOLHAPUR,6.0,6.6,-9.0,N,6.0,6.6,-9.0,N,2026-10-01 12:36:36.900305
2026-10-01,2026-10-01,2026-10-01,district,MADHYA MAHARASHTRA,MAHARASHTRA,NANDURBAR,0.0,1.8,-100.0,NR,0.0,1.8,-100.0,NR,2026-10-01 12:36:36.900305
2026-10-01,2026-10-01,2026-10-01,district,MADHYA MAHARASHTRA,MAHARASHTRA,NASHIK,1.4,4.3,-67.0,LD,1.4,4.3,-67.0,LD,2026-10-01 12:36:36.900305
2026-10-01,2026-10-01,2026-10-01,district,MADHYA MAHARASHTRA,MAHARASHTRA,PUNE,0.4,4.0,-91.0,LD,0.4,4.0,-91.0,LD,2026-10-01 12:36:36.900305
2026-10-01,2026-10-01,2026-10-01,district,MADHYA MAHARASHTRA,MAHARASHTRA,SANGLI,3.9,6.5,-40.0,D,3.9,6.5,-40.0,D,2026-10-01 12:36:36.900305
2026-10-01,2026-10-01,2026-10-01,district,MADHYA MAHARASHTRA,MAHARASHTRA,SATARA,1.2,4.4,-72.0,LD,1.2,4.4,-72.0,LD,2026-10-01 12:36:36.900305
2026-10-01,2026-10-01,2026-10-01,district,MADHYA MAHARASHTRA,MAHARASHTRA,SHOLAPUR,0.0,4.7,-100.0,NR,0.0,4.7,-100.0,NR,2026-10-01 12:36:36.900305
2026-10-01,2026-10-01,2026-10-01,district,MARATHWADA,MAHARASHTRA,BEED,0.0,3.7,-100.0,NR,0.0,3.7,-100.0,NR,2026-10-01 12:36:36.900305
2026-10-01,2026-10-01,2026-10-01,district,MARATHWADA,MAHARASHTRA,CHHATRAPATI SAMBHAJINAGAR,0.0,2.2,-100.0,NR,0.0,2.2,-100.0,NR,2026-10-01 12:36:36.900305
2026-10-01,2026-10-01,2026-10-01,district,MARATHWADA,MAHARASHTRA,DHARASHIV,0.0,3.4,-100.0,NR,0.0,3.4,-100.0,NR,2026-10-01 12:36:36.900305
2026-10-01,2026-10-01,2026-10-01,district,MARATHWADA,MAHARASHTRA,HINGOLI,0.0,4.9,-100.0,NR,0.0,4.9,-100.0,NR,2026-10-01 12:36:36.900305
2026-10-01,2026-10-01,2026-10-01,district,MARATHWADA,MAHARASHTRA,JALNA,0.0,2.9,-100.0,NR,0.0,2.9,-100.0,NR,2026-10-01 12:36:36.900305
2026-10-01,2026-10-01,2026-10-01,district,MARATHWADA,MAHARASHTRA,LATUR,0.0,5.9,-100.0,NR,0.0,5.9,-100.0,NR,2026-10-01 12:36:36.900305
2026-10-01,2026-10-01,2026-10-01,district,MARATHWADA,MAHARASHTRA,NANDED,0.0,5.5,-100.0,NR,0.0,5.5,-100.0,NR,2026-10-01 12:36:36.900305
2026-10-01,2026-10-01,2026-10-01,district,MARATHWADA,MAHARASHTRA,PARBHANI,0.0,3.9,-100.0,NR,0.0,3.9,-100.0,NR,2026-10-01 12:36:36.900305
2026-10-01,2026-10-01,2026-10-01,district,N. I. KARNATAKA,KARNATAKA,BAGALKOTE,0.0,5.6,-100.0,NR,0.0,5.6,-100.0,NR,2026-10-01 12:36:36.900305
2026-10-01,2026-10-01,2026-10-01,district,N. I. KARNATAKA,KARNATAKA,BELAGAVI,3.3,6.1,-46.0,D,3.3,6.1,-46.0,D,2026-10-01 12:36:36.900305
2026-10-01,2026-10-01,2026-10-01,district,N. I. KARNATAKA,KARNATAKA,BIDAR,0.0,8.1,-100.0,NR,0.0,8.1,-100.0,NR,2026-10-01 12:36:36.900305
2026-10-01,2026-10-01,2026-10-01,district,N. I. KARNATAKA,KARNATAKA,DHARWAD,14.7,6.5,127.0,LE,14.7,6.5,127.0,LE,2026-10-01 12:36:36.900305
2026-10-01,2026-10-01,2026-10-01,district,N. I. KARNATAKA,KARNATAKA,GADAG,4.1,6.6,-38.0,D,4.1,6.6,-38.0,D,2026-10-01 12:36:36.900305
2026-10-01,2026-10-01,2026-10-01,district,N. I. KARNATAKA,KARNATAKA,HAVERI,3.0,6.2,-52.0,D,3.0,6.2,-52.0,D,2026-10-01 12:36:36.900305
2026-10-01,2026-10-01,2026-10-01,district,N. I. KARNATAKA,KARNATAKA,KALABURAGI,0.0,5.3,-100.0,NR,0.0,5.3,-100.0,NR,2026-10-01 12:36:36.900305
2026-10-01,2026-10-01,2026-10-01,district,N. I. KARNATAKA,KARNATAKA,KOPPAL,0.0,8.3,-100.0,NR,0.0,8.3,-100.0,NR,2026-10-01 12:36:36.900305
2026-10-01,2026-10-01,2026-10-01,district,N. I. KARNATAKA,KARNATAKA,RAICHUR,0.0,7.3,-100.0,NR,0.0,7.3,-100.0,NR,2026-10-01 12:36:36.900305
2026-10-01,2026-10-01,2026-10-01,district,N. I. KARNATAKA,KARNATAKA,VIJAYAPURA,0.1,6.9,-99.0,LD,0.1,6.9,-99.0,LD,2026-10-01 12:36:36.900305
2026-10-01,2026-10-01,2026-10-01,district,N. I. KARNATAKA,KARNATAKA,YADGIR,0.0,4.4,-100.0,NR,0.0,4.4,-100.0,NR,2026-10-01 12:36:36.900305
2026-10-01,2026-10-01,2026-10-01,district,NMMT,MANIPUR,BISHNUPUR,0.0,3.6,-100.0,NR,0.0,3.6,-100.0,NR,2026-10-01 12:36:36.900305
2026-10-01,2026-10-01,2026-10-01,district,NMMT,MANIPUR,CHANDEL,1.2,3.6,-68.0,LD,1.2,3.6,-68.0,LD,2026-10-01 12:36:36.900305
2026-10-01,2026-10-01,2026-10-01,district,NMMT,MANIPUR,CHURACHANDPUR,0.0,3.6,-100.0,NR,0.0,3.6,-100.0,NR,2026-10-01 12:36:36.900305
2026-10-01,2026-10-01,2026-10-01,district,NMMT,MANIPUR,IMPHAL EAST,18.8,3.7,409.0,LE,18.8,3.7,409.0,LE,2026-10-01 12:36:36.900305
2026-10-01,2026-10-01,2026-10-01,district,NMMT,MANIPUR,IMPHAL WEST,13.4,12.7,6.0,N,13.4,12.7,6.0,N,2026-10-01 12:36:36.900305
2026-10-01,2026-10-01,2026-10-01,district,NMMT,MANIPUR,SENAPATI,32.4,4.8,575.0,LE,32.4,4.8,575.0,LE,2026-10-01 12:36:36.900305
2026-10-01,2026-10-01,2026-10-01,district,NMMT,MANIPUR,TAMENGLONG,10.2,8.1,26.0,E,10.2,8.1,26.0,E,2026-10-01 12:36:36.900305
2026-10-01,2026-10-01,2026-10-01,district,NMMT,MANIPUR,THOUBAL,0.4,3.7,-89.0,LD,0.4,3.7,-89.0,LD,2026-10-01 12:36:36.900305
2026-10-01,2026-10-01,2026-10-01,district,NMMT,MANIPUR,UKHRUL,25.2,3.6,600.0,LE,25.2,3.6,600.0,LE,2026-10-01 12:36:36.900305
2026-10-01,2026-10-01,2026-10-01,district,NMMT,MIZORAM,AIZAWL,40.8,9.5,330.0,LE,40.8,9.5,330.0,LE,2026-10-01 12:36:36.900305
2026-10-01,2026-10-01,2026-10-01,district,NMMT,MIZORAM,CHAMPHAI,38.9,8.1,381.0,LE,38.9,8.1,381.0,LE,2026-10-01 12:36:36.900305
2026-10-01,2026-10-01,2026-10-01,district,NMMT,MIZORAM,KOLASIB,57.9,16.9,243.0,LE,57.9,16.9,243.0,LE,2026-10-01 12:36:36.900305
2026-10-01,2026-10-01,2026-10-01,district,NMMT,MIZORAM,LAWNGTLAI,30.5,9.7,214.0,LE,30.5,9.7,214.0,LE,2026-10-01 12:36:36.900305
2026-10-01,2026-10-01,2026-10-01,district,NMMT,MIZORAM,LUNGLEI,65.8,8.1,713.0,LE,65.8,8.1,713.0,LE,2026-10-01 12:36:36.900305
2026-10-01,2026-10-01,2026-10-01,district,NMMT,MIZORAM,MAMIT,26.1,9.2,184.0,LE,26.1,9.2,184.0,LE,2026-10-01 12:36:36.900305
2026-10-01,2026-10-01,2026-10-01,district,NMMT,MIZORAM,SAIHA,134.4,12.9,942.0,LE,134.4,12.9,942.0,LE,2026-10-01 12:36:36.900305
2026-10-01,2026-10-01,2026-10-01,district,NMMT,MIZORAM,SERCHHIP,38.5,9.1,323.0,LE,38.5,9.1,323.0,LE,2026-10-01 12:36:36.900305
2026-10-01,2026-10-01,2026-10-01,district,NMMT,NAGALAND,DIMAPUR,5.3,3.2,66.0,LE,5.3,3.2,66.0,LE,2026-10-01 12:36:36.900305
2026-10-01,2026-10-01,2026-10-01,district,NMMT,NAGALAND,KIPHIRE,5.2,2.3,124.0,LE,5.2,2.3,124.0,LE,2026-10-01 12:36:36.900305
2026-10-01,2026-10-01,2026-10-01,district,NMMT,NAGALAND,KOHIMA,18.7,3.0,524.0,LE,18.7,3.0,524.0,LE,2026-10-01 12:36:36.900305
2026-10-01,2026-10-01,2026-10-01,district,NMMT,NAGALAND,MOKOKCHUNG,14.2,5.6,153.0,LE,14.2,5.6,153.0,LE,2026-10-01 12:36:36.900305
2026-10-01,2026-10-01,2026-10-01,district,NMMT,NAGALAND,MON,8.2,4.2,94.0,LE,8.2,4.2,94.0,LE,2026-10-01 12:36:36.900305
2026-10-01,2026-10-01,2026-10-01,district,NMMT,NAGALAND,PEREN,37.2,7.1,423.0,LE,37.2,7.1,423.0,LE,2026-10-01 12:36:36.900305
2026-10-01,2026-10-01,2026-10-01,district,NMMT,NAGALAND,PHEK,5.9,4.1,44.0,E,5.9,4.1,44.0,E,2026-10-01 12:36:36.900305
2026-10-01,2026-10-01,2026-10-01,district,NMMT,NAGALAND,WOKHA,16.5,4.7,252.0,LE,16.5,4.7,252.0,LE,2026-10-01 12:36:36.900305
2026-10-01,2026-10-01,2026-10-01,district,NMMT,NAGALAND,ZUNHEBOTO,0.8,4.3,-81.0,LD,0.8,4.3,-81.0,LD,2026-10-01 12:36:36.900305
2026-10-01,2026-10-01,2026-10-01,district,NMMT,TRIPURA,DHALAI,0.0,4.7,-100.0,NR,0.0,4.7,-100.0,NR,2026-10-01 12:36:36.900305
2026-10-01,2026-10-01,2026-10-01,district,NMMT,TRIPURA,GOMATI,0.0,7.7,-100.0,NR,0.0,7.7,-100.0,NR,2026-10-01 12:36:36.900305
2026-10-01,2026-10-01,2026-10-01,district,NMMT,TRIPURA,KHOWAI,0.0,7.0,-100.0,NR,0.0,7.0,-100.0,NR,2026-10-01 12:36:36.900305
2026-10-01,2026-10-01,2026-10-01,district,NMMT,TRIPURA,NORTH TRIPURA,7.0,5.7,22.0,E,7.0,5.7,22.0,E,2026-10-01 12:36:36.900305
2026-10-01,2026-10-01,2026-10-01,district,NMMT,TRIPURA,SIPAHIJALA,3.6,4.5,-19.0,N,3.6,4.5,-19.0,N,2026-10-01 12:36:36.900305
2026-10-01,2026-10-01,2026-10-01,district,NMMT,TRIPURA,SOUTH TRIPURA,6.4,6.6,-3.0,N,6.4,6.6,-3.0,N,2026-10-01 12:36:36.900305
2026-10-01,2026-10-01,2026-10-01,district,NMMT,TRIPURA,UNAKOTI,0.1,5.4,-98.0,LD,0.1,5.4,-98.0,LD,2026-10-01 12:36:36.900305
2026-10-01,2026-10-01,2026-10-01,district,NMMT,TRIPURA,WEST TRIPURA,0.0,8.4,-100.0,NR,0.0,8.4,-100.0,NR,2026-10-01 12:36:36.900305
2026-10-01,2026-10-01,2026-10-01,district,ODISHA,ODISHA,ANGUL,0.0,5.2,-100.0,NR,0.0,5.2,-100.0,NR,2026-10-01 12:36:36.900305
2026-10-01,2026-10-01,2026-10-01,district,ODISHA,ODISHA,BALANGIR,0.0,3.9,-100.0,NR,0.0,3.9,-100.0,NR,2026-10-01 12:36:36.900305
2026-10-01,2026-10-01,2026-10-01,district,ODISHA,ODISHA,BALASORE,0.3,13.6,-98.0,LD,0.3,13.6,-98.0,LD,2026-10-01 12:36:36.900305
2026-10-01,2026-10-01,2026-10-01,district,ODISHA,ODISHA,BARGARH,0.0,2.0,-100.0,NR,0.0,2.0,-100.0,NR,2026-10-01 12:36:36.900305
2026-10-01,2026-10-01,2026-10-01,district,ODISHA,ODISHA,BHADRAK,1.9,7.4,-75.0,LD,1.9,7.4,-75.0,LD,2026-10-01 12:36:36.900305
2026-10-01,2026-10-01,2026-10-01,district,ODISHA,ODISHA,BOUDH,0.0,4.2,-100.0,NR,0.0,4.2,-100.0,NR,2026-10-01 12:36:36.900305
2026-10-01,2026-10-01,2026-10-01,district,ODISHA,ODISHA,CUTTACK,0.0,6.4,-100.0,NR,0.0,6.4,-100.0,NR,2026-10-01 12:36:36.900305
2026-10-01,2026-10-01,2026-10-01,district,ODISHA,ODISHA,DEOGARH,0.0,5.1,-100.0,NR,0.0,5.1,-100.0,NR,2026-10-01 12:36:36.900305
2026-10-01,2026-10-01,2026-10-01,district,ODISHA,ODISHA,DHENKANAL,0.0,5.0,-100.0,NR,0.0,5.0,-100.0,NR,2026-10-01 12:36:36.900305
2026-10-01,2026-10-01,2026-10-01,district,ODISHA,ODISHA,GAJAPATI,0.0,7.8,-100.0,NR,0.0,7.8,-100.0,NR,2026-10-01 12:36:36.900305
2026-10-01,2026-10-01,2026-10-01,district,ODISHA,ODISHA,GANJAM,0.0,9.2,-100.0,NR,0.0,9.2,-100.0,NR,2026-10-01 12:36:36.900305
2026-10-01,2026-10-01,2026-10-01,district,ODISHA,ODISHA,JAGATSINGHPUR,0.0,5.4,-100.0,NR,0.0,5.4,-100.0,NR,2026-10-01 12:36:36.900305
2026-10-01,2026-10-01,2026-10-01,district,ODISHA,ODISHA,JAJPUR,0.0,6.5,-100.0,NR,0.0,6.5,-100.0,NR,2026-10-01 12:36:36.900305
2026-10-01,2026-10-01,2026-10-01,district,ODISHA,ODISHA,JHARSUGUDA,0.0,3.9,-100.0,NR,0.0,3.9,-100.0,NR,2026-10-01 12:36:36.900305
2026-10-01,2026-10-01,2026-10-01,district,ODISHA,ODISHA,KALAHANDI,0.0,5.6,-100.0,NR,0.0,5.6,-100.0,NR,2026-10-01 12:36:36.900305
2026-10-01,2026-10-01,2026-10-01,district,ODISHA,ODISHA,KANDHAMAL,0.0,7.7,-100.0,NR,0.0,7.7,-100.0,NR,2026-10-01 12:36:36.900305
2026-10-01,2026-10-01,2026-10-01,district,ODISHA,ODISHA,KENDRAPARA,0.0,7.7,-100.0,NR,0.0,7.7,-100.0,NR,2026-10-01 12:36:36.900305
2026-10-01,2026-10-01,2026-10-01,district,ODISHA,ODISHA,KEONJHARGARH,0.0,6.7,-99.0,LD,0.0,6.7,-99.0,LD,2026-10-01 12:36:36.900305
2026-10-01,2026-10-01,2026-10-01,district,ODISHA,ODISHA,KHURDA,0.0,6.6,-100.0,NR,0.0,6.6,-100.0,NR,2026-10-01 12:36:36.900305
2026-10-01,2026-10-01,2026-10-01,district,ODISHA,ODISHA,KORAPUT,0.0,9.0,-100.0,NR,0.0,9.0,-100.0,NR,2026-10-01 12:36:36.900305
2026-10-01,2026-10-01,2026-10-01,district,ODISHA,ODISHA,MALKANGIRI,0.0,6.0,-100.0,NR,0.0,6.0,-100.0,NR,2026-10-01 12:36:36.900305
2026-10-01,2026-10-01,2026-10-01,district,ODISHA,ODISHA,MAYURBHANJ,0.6,7.9,-92.0,LD,0.6,7.9,-92.0,LD,2026-10-01 12:36:36.900305
2026-10-01,2026-10-01,2026-10-01,district,ODISHA,ODISHA,NAWAPARA,0.0,4.3,-100.0,NR,0.0,4.3,-100.0,NR,2026-10-01 12:36:36.900305
2026-10-01,2026-10-01,2026-10-01,district,ODISHA,ODISHA,NAWARANGPUR,0.9,8.1,-89.0,LD,0.9,8.1,-89.0,LD,2026-10-01 12:36:36.900305
2026-10-01,2026-10-01,2026-10-01,district,ODISHA,ODISHA,NAYAGARH,0.0,6.0,-100.0,NR,0.0,6.0,-100.0,NR,2026-10-01 12:36:36.900305
2026-10-01,2026-10-01,2026-10-01,district,ODISHA,ODISHA,PURI,0.0,6.4,-100.0,NR,0.0,6.4,-100.0,NR,2026-10-01 12:36:36.900305
2026-10-01,2026-10-01,2026-10-01,district,ODISHA,ODISHA,RAYAGADA,0.0,6.6,-100.0,NR,0.0,6.6,-100.0,NR,2026-10-01 12:36:36.900305
2026-10-01,2026-10-01,2026-10-01,district,ODISHA,ODISHA,SAMBALPUR,0.0,3.8,-100.0,NR,0.0,3.8,-100.0,NR,2026-10-01 12:36:36.900305
2026-10-01,2026-10-01,2026-10-01,district,ODISHA,ODISHA,SONEPUR,0.0,4.1,-100.0,NR,0.0,4.1,-100.0,NR,2026-10-01 12:36:36.900305
2026-10-01,2026-10-01,2026-10-01,district,ODISHA,ODISHA,SUNDARGARH,0.0,3.3,-100.0,NR,0.0,3.3,-100.0,NR,2026-10-01 12:36:36.900305
2026-10-01,2026-10-01,2026-10-01,district,PUNJAB,PUNJAB,AMRITSAR,0.1,0.3,-52.0,D,0.1,0.3,-52.0,D,2026-10-01 12:36:36.900305
2026-10-01,2026-10-01,2026-10-01,district,PUNJAB,PUNJAB,BARNALA,0.0,0.1,-100.0,NR,0.0,0.1,-100.0,NR,2026-10-01 12:36:36.900305
2026-10-01,2026-10-01,2026-10-01,district,PUNJAB,PUNJAB,BHATINDA,0.0,0.1,-100.0,NR,0.0,0.1,-100.0,NR,2026-10-01 12:36:36.900305
2026-10-01,2026-10-01,2026-10-01,district,PUNJAB,PUNJAB,FARIDKOT,0.0,0.2,-100.0,NR,0.0,0.2,-100.0,NR,2026-10-01 12:36:36.900305
2026-10-01,2026-10-01,2026-10-01,district,PUNJAB,PUNJAB,FATEHGARH SAHIB,0.0,0.8,-100.0,NR,0.0,0.8,-100.0,NR,2026-10-01 12:36:36.900305
2026-10-01,2026-10-01,2026-10-01,district,PUNJAB,PUNJAB,FAZILKA,0.0,0.0,-100.0,NR,0.0,0.0,-100.0,NR,2026-10-01 12:36:36.900305
2026-10-01,2026-10-01,2026-10-01,district,PUNJAB,PUNJAB,FEROZEPUR,0.0,0.2,-100.0,NR,0.0,0.2,-100.0,NR,2026-10-01 12:36:36.900305
2026-10-01,2026-10-01,2026-10-01,district,PUNJAB,PUNJAB,GURDASPUR,0.0,0.5,-100.0,NR,0.0,0.5,-100.0,NR,2026-10-01 12:36:36.900305
2026-10-01,2026-10-01,2026-10-01,district,PUNJAB,PUNJAB,HOSHIARPUR,0.0,0.1,-100.0,NR,0.0,0.1,-100.0,NR,2026-10-01 12:36:36.900305
2026-10-01,2026-10-01,2026-10-01,district,PUNJAB,PUNJAB,JALANDHAR,0.0,0.2,-100.0,NR,0.0,0.2,-100.0,NR,2026-10-01 12:36:36.900305
2026-10-01,2026-10-01,2026-10-01,district,PUNJAB,PUNJAB,KAPURTHALA,0.0,0.0,-100.0,NR,0.0,0.0,-100.0,NR,2026-10-01 12:36:36.900305
2026-10-01,2026-10-01,2026-10-01,district,PUNJAB,PUNJAB,LUDHIANA,0.0,0.1,-100.0,NR,0.0,0.1,-100.0,NR,2026-10-01 12:36:36.900305
2026-10-01,2026-10-01,2026-10-01,district,PUNJAB,PUNJAB,MANSA,0.0,0.3,-100.0,NR,0.0,0.3,-100.0,NR,2026-10-01 12:36:36.900305
2026-10-01,2026-10-01,2026-10-01,district,PUNJAB,PUNJAB,MOGA,0.0,0.0,-100.0,NR,0.0,0.0,-100.0,NR,2026-10-01 12:36:36.900305
2026-10-01,2026-10-01,2026-10-01,district,PUNJAB,PUNJAB,MUKTSAR,0.0,0.3,-100.0,NR,0.0,0.3,-100.0,NR,2026-10-01 12:36:36.900305
2026-10-01,2026-10-01,2026-10-01,district,PUNJAB,PUNJAB,PATHANKOT,0.0,0.2,-100.0,NR,0.0,0.2,-100.0,NR,2026-10-01 12:36:36.900305
2026-10-01,2026-10-01,2026-10-01,district,PUNJAB,PUNJAB,PATIALA,0.0,0.2,-100.0,NR,0.0,0.2,-100.0,NR,2026-10-01 12:36:36.900305
2026-10-01,2026-10-01,2026-10-01,district,PUNJAB,PUNJAB,RUPNAGAR,0.0,0.9,-100.0,NR,0.0,0.9,-100.0,NR,2026-10-01 12:36:36.900305
2026-10-01,2026-10-01,2026-10-01,district,PUNJAB,PUNJAB,SANGRUR,0.0,0.1,-100.0,NR,0.0,0.1,-100.0,NR,2026-10-01 12:36:36.900305
2026-10-01,2026-10-01,2026-10-01,district,PUNJAB,PUNJAB,SAS NAGAR (MOHALI),0.0,0.0,-100.0,NR,0.0,0.0,-100.0,NR,2026-10-01 12:36:36.900305
2026-10-01,2026-10-01,2026-10-01,district,PUNJAB,PUNJAB,SBS NAGAR,0.0,0.0,-100.0,NR,0.0,0.0,-100.0,NR,2026-10-01 12:36:36.900305
2026-10-01,2026-10-01,2026-10-01,district,PUNJAB,PUNJAB,TARN TARAN,0.0,0.1,-100.0,NR,0.0,0.1,-100.0,NR,2026-10-01 12:36:36.900305
2026-10-01,2026-10-01,2026-10-01,district,RAYALASEEMA,ANDHRA PRADESH,ANANTAPURAMU,3.3,5.3,-38.0,D,3.3,5.3,-38.0,D,2026-10-01 12:36:36.900305
2026-10-01,2026-10-01,2026-10-01,district,RAYALASEEMA,ANDHRA PRADESH,ANNAMAYYA DISTRICT,2.8,5.2,-46.0,D,2.8,5.2,-46.0,D,2026-10-01 12:36:36.900305
2026-10-01,2026-10-01,2026-10-01,district,RAYALASEEMA,ANDHRA PRADESH,CHITTOOR,10.2,9.6,6.0,N,10.2,9.6,6.0,N,2026-10-01 12:36:36.900305
2026-10-01,2026-10-01,2026-10-01,district,RAYALASEEMA,ANDHRA PRADESH,KURNOOL,0.0,9.4,-100.0,NR,0.0,9.4,-100.0,NR,2026-10-01 12:36:36.900305
2026-10-01,2026-10-01,2026-10-01,district,RAYALASEEMA,ANDHRA PRADESH,NANDYAL,0.3,8.1,-97.0,LD,0.3,8.1,-97.0,LD,2026-10-01 12:36:36.900305
2026-10-01,2026-10-01,2026-10-01,district,RAYALASEEMA,ANDHRA PRADESH,SRI SATHYASAI DISTRICT,2.3,5.7,-59.0,D,2.3,5.7,-59.0,D,2026-10-01 12:36:36.900305
2026-10-01,2026-10-01,2026-10-01,district,RAYALASEEMA,ANDHRA PRADESH,TIRUPATI,0.0,6.3,-100.0,NR,0.0,6.3,-100.0,NR,2026-10-01 12:36:36.900305
2026-10-01,2026-10-01,2026-10-01,district,RAYALASEEMA,ANDHRA PRADESH,YSR DISTRICT,0.0,6.0,-100.0,NR,0.0,6.0,-100.0,NR,2026-10-01 12:36:36.900305
2026-10-01,2026-10-01,2026-10-01,district,S. I. KARNATAKA,KARNATAKA,BALLARI,0.0,6.8,-100.0,NR,0.0,6.8,-100.0,NR,2026-10-01 12:36:36.900305
2026-10-01,2026-10-01,2026-10-01,district,S. I. KARNATAKA,KARNATAKA,BENGALURU RURAL,21.3,8.0,166.0,LE,21.3,8.0,166.0,LE,2026-10-01 12:36:36.900305
2026-10-01,2026-10-01,2026-10-01,district,S. I. KARNATAKA,KARNATAKA,BENGALURU URBAN,7.6,9.0,-15.0,N,7.6,9.0,-15.0,N,2026-10-01 12:36:36.900305
2026-10-01,2026-10-01,2026-10-01,district,S. I. KARNATAKA,KARNATAKA,CHAMARAJANAGAR,13.8,6.3,119.0,LE,13.8,6.3,119.0,LE,2026-10-01 12:36:36.900305
2026-10-01,2026-10-01,2026-10-01,district,S. I. KARNATAKA,KARNATAKA,CHIKABALLAPURA,0.0,7.2,-100.0,NR,0.0,7.2,-100.0,NR,2026-10-01 12:36:36.900305
2026-10-01,2026-10-01,2026-10-01,district,S. I. KARNATAKA,KARNATAKA,CHIKKAMAGALURU,2.2,6.7,-68.0,LD,2.2,6.7,-68.0,LD,2026-10-01 12:36:36.900305
2026-10-01,2026-10-01,2026-10-01,district,S. I. KARNATAKA,KARNATAKA,CHITRADURGA,0.0,6.1,-100.0,NR,0.0,6.1,-100.0,NR,2026-10-01 12:36:36.900305
2026-10-01,2026-10-01,2026-10-01,district,S. I. KARNATAKA,KARNATAKA,DAVANGERE,1.1,6.0,-81.0,LD,1.1,6.0,-81.0,LD,2026-10-01 12:36:36.900305
2026-10-01,2026-10-01,2026-10-01,district,S. I. KARNATAKA,KARNATAKA,HASSAN,19.2,4.8,300.0,LE,19.2,4.8,300.0,LE,2026-10-01 12:36:36.900305
2026-10-01,2026-10-01,2026-10-01,district,S. I. KARNATAKA,KARNATAKA,KODAGU,0.9,8.1,-89.0,LD,0.9,8.1,-89.0,LD,2026-10-01 12:36:36.900305
2026-10-01,2026-10-01,2026-10-01,district,S. I. KARNATAKA,KARNATAKA,KOLAR,6.5,8.3,-22.0,D,6.5,8.3,-22.0,D,2026-10-01 12:36:36.900305
2026-10-01,2026-10-01,2026-10-01,district,S. I. KARNATAKA,KARNATAKA,MANDYA,5.6,5.9,-5.0,N,5.6,5.9,-5.0,N,2026-10-01 12:36:36.900305
2026-10-01,2026-10-01,2026-10-01,district,S. I. KARNATAKA,KARNATAKA,MYSURU,7.5,4.2,78.0,LE,7.5,4.2,78.0,LE,2026-10-01 12:36:36.900305
2026-10-01,2026-10-01,2026-10-01,district,S. I. KARNATAKA,KARNATAKA,RAMANAGARA,0.0,9.9,-100.0,NR,0.0,9.9,-100.0,NR,2026-10-01 12:36:36.900305
2026-10-01,2026-10-01,2026-10-01,district,S. I. KARNATAKA,KARNATAKA,SHIVAMOGGA,0.2,6.6,-97.0,LD,0.2,6.6,-97.0,LD,2026-10-01 12:36:36.900305
2026-10-01,2026-10-01,2026-10-01,district,S. I. KARNATAKA,KARNATAKA,TUMAKURU,0.0,6.7,-100.0,NR,0.0,6.7,-100.0,NR,2026-10-01 12:36:36.900305
2026-10-01,2026-10-01,2026-10-01,district,S. I. KARNATAKA,KARNATAKA,VIJAYANAGARA,0.9,8.5,-89.0,LD,0.9,8.5,-89.0,LD,2026-10-01 12:36:36.900305
2026-10-01,2026-10-01,2026-10-01,district,SAURASHTRA & KUTCH,DADRA & NAGAR HAVELI AND DAMAN & DIU (UT),DIU,0.0,0.5,-100.0,NR,0.0,0.5,-100.0,NR,2026-10-01 12:36:36.900305
2026-10-01,2026-10-01,2026-10-01,district,SAURASHTRA & KUTCH,GUJARAT,AMRELI,0.2,2.4,-93.0,LD,0.2,2.4,-93.0,LD,2026-10-01 12:36:36.900305
2026-10-01,2026-10-01,2026-10-01,district,SAURASHTRA & KUTCH,GUJARAT,BHAVNAGAR,0.0,1.3,-100.0,NR,0.0,1.3,-100.0,NR,2026-10-01 12:36:36.900305
2026-10-01,2026-10-01,2026-10-01,district,SAURASHTRA & KUTCH,GUJARAT,BOTAD,0.0,2.4,-100.0,NR,0.0,2.4,-100.0,NR,2026-10-01 12:36:36.900305
2026-10-01,2026-10-01,2026-10-01,district,SAURASHTRA & KUTCH,GUJARAT,DEVBHOOMI DWARKA,0.0,0.4,-100.0,NR,0.0,0.4,-100.0,NR,2026-10-01 12:36:36.900305
2026-10-01,2026-10-01,2026-10-01,district,SAURASHTRA & KUTCH,GUJARAT,GIR SOMNATH,4.2,1.3,221.0,LE,4.2,1.3,221.0,LE,2026-10-01 12:36:36.900305
2026-10-01,2026-10-01,2026-10-01,district,SAURASHTRA & KUTCH,GUJARAT,JAMNAGAR,3.2,1.2,164.0,LE,3.2,1.2,164.0,LE,2026-10-01 12:36:36.900305
2026-10-01,2026-10-01,2026-10-01,district,SAURASHTRA & KUTCH,GUJARAT,JUNAGADH,3.4,1.7,103.0,LE,3.4,1.7,103.0,LE,2026-10-01 12:36:36.900305
2026-10-01,2026-10-01,2026-10-01,district,SAURASHTRA & KUTCH,GUJARAT,KUTCH,0.0,0.6,-100.0,NR,0.0,0.6,-100.0,NR,2026-10-01 12:36:36.900305
2026-10-01,2026-10-01,2026-10-01,district,SAURASHTRA & KUTCH,GUJARAT,MORBI,0.0,1.9,-100.0,NR,0.0,1.9,-100.0,NR,2026-10-01 12:36:36.900305
2026-10-01,2026-10-01,2026-10-01,district,SAURASHTRA & KUTCH,GUJARAT,PORBANDAR,0.0,1.7,-100.0,NR,0.0,1.7,-100.0,NR,2026-10-01 12:36:36.900305
2026-10-01,2026-10-01,2026-10-01,district,SAURASHTRA & KUTCH,GUJARAT,RAJKOT,0.0,1.5,-100.0,NR,0.0,1.5,-100.0,NR,2026-10-01 12:36:36.900305
2026-10-01,2026-10-01,2026-10-01,district,SAURASHTRA & KUTCH,GUJARAT,SURENDRANAGAR,0.0,1.6,-100.0,NR,0.0,1.6,-100.0,NR,2026-10-01 12:36:36.900305
2026-10-01,2026-10-01,2026-10-01,district,SHWB & SIKKIM,SIKKIM,GANGTOK,0.0,7.9,-100.0,NR,0.0,7.9,-100.0,NR,2026-10-01 12:36:36.900305
2026-10-01,2026-10-01,2026-10-01,district,SHWB & SIKKIM,SIKKIM,GYALSHING,0.0,10.8,-100.0,NR,0.0,10.8,-100.0,NR,2026-10-01 12:36:36.900305
2026-10-01,2026-10-01,2026-10-01,district,SHWB & SIKKIM,SIKKIM,MANGAN,0.0,8.2,-100.0,NR,0.0,8.2,-100.0,NR,2026-10-01 12:36:36.900305
2026-10-01,2026-10-01,2026-10-01,district,SHWB & SIKKIM,SIKKIM,NAMCHI,0.0,3.9,-100.0,NR,0.0,3.9,-100.0,NR,2026-10-01 12:36:36.900305
2026-10-01,2026-10-01,2026-10-01,district,SHWB & SIKKIM,SIKKIM,Pakyong,0.0,6.3,-100.0,NR,0.0,6.3,-100.0,NR,2026-10-01 12:36:36.900305
2026-10-01,2026-10-01,2026-10-01,district,SHWB & SIKKIM,SIKKIM,Soreng,0.0,10.8,-100.0,NR,0.0,10.8,-100.0,NR,2026-10-01 12:36:36.900305
2026-10-01,2026-10-01,2026-10-01,district,SHWB & SIKKIM,WEST BENGAL,ALIPURDUAR,0.0,10.1,-100.0,NR,0.0,10.1,-100.0,NR,2026-10-01 12:36:36.900305
2026-10-01,2026-10-01,2026-10-01,district,SHWB & SIKKIM,WEST BENGAL,COOCH BEHAR,0.0,7.9,-100.0,NR,0.0,7.9,-100.0,NR,2026-10-01 12:36:36.900305
2026-10-01,2026-10-01,2026-10-01,district,SHWB & SIKKIM,WEST BENGAL,DARJEELING,0.0,10.2,-100.0,NR,0.0,10.2,-100.0,NR,2026-10-01 12:36:36.900305
2026-10-01,2026-10-01,2026-10-01,district,SHWB & SIKKIM,WEST BENGAL,JALPAIGURI,0.0,12.2,-100.0,NR,0.0,12.2,-100.0,NR,2026-10-01 12:36:36.900305
2026-10-01,2026-10-01,2026-10-01,district,SHWB & SIKKIM,WEST BENGAL,KALIMPONG,0.0,8.4,-100.0,NR,0.0,8.4,-100.0,NR,2026-10-01 12:36:36.900305
2026-10-01,2026-10-01,2026-10-01,district,SHWB & SIKKIM,WEST BENGAL,MALDA,0.0,4.9,-100.0,NR,0.0,4.9,-100.0,NR,2026-10-01 12:36:36.900305
2026-10-01,2026-10-01,2026-10-01,district,SHWB & SIKKIM,WEST BENGAL,NORTH DINAJPUR,0.0,16.6,-100.0,NR,0.0,16.6,-100.0,NR,2026-10-01 12:36:36.900305
2026-10-01,2026-10-01,2026-10-01,district,SHWB & SIKKIM,WEST BENGAL,SOUTH DINAJPUR,0.0,4.9,-100.0,NR,0.0,4.9,-100.0,NR,2026-10-01 12:36:36.900305
2026-10-01,2026-10-01,2026-10-01,district,TAMIL. PUDU.& KARAIKAL,PUDUCHERRY (UT),KARAIKAL,26.2,2.4,992.0,LE,26.2,2.4,992.0,LE,2026-10-01 12:36:36.900305
2026-10-01,2026-10-01,2026-10-01,district,TAMIL. PUDU.& KARAIKAL,PUDUCHERRY (UT),PUDUCHERRY,0.0,7.6,-100.0,NR,0.0,7.6,-100.0,NR,2026-10-01 12:36:36.900305
2026-10-01,2026-10-01,2026-10-01,district,TAMIL. PUDU.& KARAIKAL,TAMILNADU,ARIYALUR,6.3,4.2,51.0,E,6.3,4.2,51.0,E,2026-10-01 12:36:36.900305
2026-10-01,2026-10-01,2026-10-01,district,TAMIL. PUDU.& KARAIKAL,TAMILNADU,CHENGALPATTU,0.0,6.6,-100.0,NR,0.0,6.6,-100.0,NR,2026-10-01 12:36:36.900305
2026-10-01,2026-10-01,2026-10-01,district,TAMIL. PUDU.& KARAIKAL,TAMILNADU,CHENNAI,0.0,9.3,-100.0,NR,0.0,9.3,-100.0,NR,2026-10-01 12:36:36.900305
2026-10-01,2026-10-01,2026-10-01,district,TAMIL. PUDU.& KARAIKAL,TAMILNADU,COIMBATORE,2.8,4.8,-42.0,D,2.8,4.8,-42.0,D,2026-10-01 12:36:36.900305
2026-10-01,2026-10-01,2026-10-01,district,TAMIL. PUDU.& KARAIKAL,TAMILNADU,CUDDALORE,5.7,4.2,36.0,E,5.7,4.2,36.0,E,2026-10-01 12:36:36.900305
2026-10-01,2026-10-01,2026-10-01,district,TAMIL. PUDU.& KARAIKAL,TAMILNADU,DHARMAPURI,6.9,8.0,-13.0,N,6.9,8.0,-13.0,N,2026-10-01 12:36:36.900305
2026-10-01,2026-10-01,2026-10-01,district,TAMIL. PUDU.& KARAIKAL,TAMILNADU,DINDIGUL,6.5,4.0,62.0,LE,6.5,4.0,62.0,LE,2026-10-01 12:36:36.900305
2026-10-01,2026-10-01,2026-10-01,district,TAMIL. PUDU.& KARAIKAL,TAMILNADU,ERODE,7.3,4.0,83.0,LE,7.3,4.0,83.0,LE,2026-10-01 12:36:36.900305
2026-10-01,2026-10-01,2026-10-01,district,TAMIL. PUDU.& KARAIKAL,TAMILNADU,KALLAKURICHI,23.6,4.9,383.0,LE,23.6,4.9,383.0,LE,2026-10-01 12:36:36.900305
2026-10-01,2026-10-01,2026-10-01,district,TAMIL. PUDU.& KARAIKAL,TAMILNADU,KANCHEEPURAM,0.0,11.0,-100.0,NR,0.0,11.0,-100.0,NR,2026-10-01 12:36:36.900305
2026-10-01,2026-10-01,2026-10-01,district,TAMIL. PUDU.& KARAIKAL,TAMILNADU,KANYAKUMARI,0.0,4.5,-100.0,NR,0.0,4.5,-100.0,NR,2026-10-01 12:36:36.900305
2026-10-01,2026-10-01,2026-10-01,district,TAMIL. PUDU.& KARAIKAL,TAMILNADU,KARUR,11.0,3.3,232.0,LE,11.0,3.3,232.0,LE,2026-10-01 12:36:36.900305
2026-10-01,2026-10-01,2026-10-01,district,TAMIL. PUDU.& KARAIKAL,TAMILNADU,KRISHNAGIRI,15.5,9.0,72.0,LE,15.5,9.0,72.0,LE,2026-10-01 12:36:36.900305
2026-10-01,2026-10-01,2026-10-01,district,TAMIL. PUDU.& KARAIKAL,TAMILNADU,MADURAI,0.8,4.8,-84.0,LD,0.8,4.8,-84.0,LD,2026-10-01 12:36:36.900305
2026-10-01,2026-10-01,2026-10-01,district,TAMIL. PUDU.& KARAIKAL,TAMILNADU,MAYILADUTHURAI,7.3,3.3,121.0,LE,7.3,3.3,121.0,LE,2026-10-01 12:36:36.900305
2026-10-01,2026-10-01,2026-10-01,district,TAMIL. PUDU.& KARAIKAL,TAMILNADU,NAGAPATTINAM,1.0,2.8,-63.0,LD,1.0,2.8,-63.0,LD,2026-10-01 12:36:36.900305
2026-10-01,2026-10-01,2026-10-01,district,TAMIL. PUDU.& KARAIKAL,TAMILNADU,NAMAKKAL,12.7,4.0,219.0,LE,12.7,4.0,219.0,LE,2026-10-01 12:36:36.900305
2026-10-01,2026-10-01,2026-10-01,district,TAMIL. PUDU.& KARAIKAL,TAMILNADU,NILGIRIS,3.7,5.8,-36.0,D,3.7,5.8,-36.0,D,2026-10-01 12:36:36.900305
2026-10-01,2026-10-01,2026-10-01,district,TAMIL. PUDU.& KARAIKAL,TAMILNADU,PERAMBALUR,18.9,2.8,575.0,LE,18.9,2.8,575.0,LE,2026-10-01 12:36:36.900305
2026-10-01,2026-10-01,2026-10-01,district,TAMIL. PUDU.& KARAIKAL,TAMILNADU,PUDUKKOTTAI,7.9,3.5,125.0,LE,7.9,3.5,125.0,LE,2026-10-01 12:36:36.900305
2026-10-01,2026-10-01,2026-10-01,district,TAMIL. PUDU.& KARAIKAL,TAMILNADU,RAMANATHAPURAM,1.2,3.4,-64.0,LD,1.2,3.4,-64.0,LD,2026-10-01 12:36:36.900305
2026-10-01,2026-10-01,2026-10-01,district,TAMIL. PUDU.& KARAIKAL,TAMILNADU,RANIPET,1.6,7.9,-79.0,LD,1.6,7.9,-79.0,LD,2026-10-01 12:36:36.900305
2026-10-01,2026-10-01,2026-10-01,district,TAMIL. PUDU.& KARAIKAL,TAMILNADU,SALEM,2.0,4.9,-58.0,D,2.0,4.9,-58.0,D,2026-10-01 12:36:36.900305
2026-10-01,2026-10-01,2026-10-01,district,TAMIL. PUDU.& KARAIKAL,TAMILNADU,SIVAGANGA,2.4,3.8,-37.0,D,2.4,3.8,-37.0,D,2026-10-01 12:36:36.900305
2026-10-01,2026-10-01,2026-10-01,district,TAMIL. PUDU.& KARAIKAL,TAMILNADU,TENKASI,0.0,2.3,-100.0,NR,0.0,2.3,-100.0,NR,2026-10-01 12:36:36.900305
2026-10-01,2026-10-01,2026-10-01,district,TAMIL. PUDU.& KARAIKAL,TAMILNADU,THANJAVUR,5.9,3.4,73.0,LE,5.9,3.4,73.0,LE,2026-10-01 12:36:36.900305
2026-10-01,2026-10-01,2026-10-01,district,TAMIL. PUDU.& KARAIKAL,TAMILNADU,THENI,3.5,5.3,-33.0,D,3.5,5.3,-33.0,D,2026-10-01 12:36:36.900305
2026-10-01,2026-10-01,2026-10-01,district,TAMIL. PUDU.& KARAIKAL,TAMILNADU,THIRUCHIRAPALLI,8.4,3.8,120.0,LE,8.4,3.8,120.0,LE,2026-10-01 12:36:36.900305
2026-10-01,2026-10-01,2026-10-01,district,TAMIL. PUDU.& KARAIKAL,TAMILNADU,THIRUVALLUR,0.0,6.7,-100.0,NR,0.0,6.7,-100.0,NR,2026-10-01 12:36:36.900305
2026-10-01,2026-10-01,2026-10-01,district,TAMIL. PUDU.& KARAIKAL,TAMILNADU,THOOTHUKUDI,0.2,0.7,-66.0,LD,0.2,0.7,-66.0,LD,2026-10-01 12:36:36.900305
2026-10-01,2026-10-01,2026-10-01,district,TAMIL. PUDU.& KARAIKAL,TAMILNADU,TIRUNELVELI,0.6,1.0,-42.0,D,0.6,1.0,-42.0,D,2026-10-01 12:36:36.900305
2026-10-01,2026-10-01,2026-10-01,district,TAMIL. PUDU.& KARAIKAL,TAMILNADU,TIRUPATTUR,7.1,7.8,-9.0,N,7.1,7.8,-9.0,N,2026-10-01 12:36:36.900305
2026-10-01,2026-10-01,2026-10-01,district,TAMIL. PUDU.& KARAIKAL,TAMILNADU,TIRUPPUR,5.1,3.9,30.0,E,5.1,3.9,30.0,E,2026-10-01 12:36:36.900305
2026-10-01,2026-10-01,2026-10-01,district,TAMIL. PUDU.& KARAIKAL,TAMILNADU,TIRUVANNAMALAI,18.2,7.6,140.0,LE,18.2,7.6,140.0,LE,2026-10-01 12:36:36.900305
2026-10-01,2026-10-01,2026-10-01,district,TAMIL. PUDU.& KARAIKAL,TAMILNADU,TIRUVARUR,4.6,3.2,45.0,E,4.6,3.2,45.0,E,2026-10-01 12:36:36.900305
2026-10-01,2026-10-01,2026-10-01,district,TAMIL. PUDU.& KARAIKAL,TAMILNADU,VELLORE,6.3,6.5,-4.0,N,6.3,6.5,-4.0,N,2026-10-01 12:36:36.900305
2026-10-01,2026-10-01,2026-10-01,district,TAMIL. PUDU.& KARAIKAL,TAMILNADU,VILLUPURAM,7.2,8.1,-11.0,N,7.2,8.1,-11.0,N,2026-10-01 12:36:36.900305
2026-10-01,2026-10-01,2026-10-01,district,TAMIL. PUDU.& KARAIKAL,TAMILNADU,VIRUDHUNAGAR,7.9,2.7,193.0,LE,7.9,2.7,193.0,LE,2026-10-01 12:36:36.900305
2026-10-01,2026-10-01,2026-10-01,district,TELANGANA,TELANGANA,ADILABAD,0.0,3.3,-100.0,NR,0.0,3.3,-100.0,NR,2026-10-01 12:36:36.900305
2026-10-01,2026-10-01,2026-10-01,district,TELANGANA,TELANGANA,B. KOTHAGUDEM,0.0,5.3,-100.0,NR,0.0,5.3,-100.0,NR,2026-10-01 12:36:36.900305
2026-10-01,2026-10-01,2026-10-01,district,TELANGANA,TELANGANA,HANUMAKONDA,0.0,3.6,-100.0,NR,0.0,3.6,-100.0,NR,2026-10-01 12:36:36.900305
2026-10-01,2026-10-01,2026-10-01,district,TELANGANA,TELANGANA,HYDERABAD,0.0,4.5,-99.0,LD,0.0,4.5,-99.0,LD,2026-10-01 12:36:36.900305
2026-10-01,2026-10-01,2026-10-01,district,TELANGANA,TELANGANA,J. BHUPALPALLY,0.0,2.5,-100.0,NR,0.0,2.5,-100.0,NR,2026-10-01 12:36:36.900305
2026-10-01,2026-10-01,2026-10-01,district,TELANGANA,TELANGANA,JAGTIAL,0.0,4.3,-100.0,NR,0.0,4.3,-100.0,NR,2026-10-01 12:36:36.900305
2026-10-01,2026-10-01,2026-10-01,district,TELANGANA,TELANGANA,JANGAON,0.0,6.0,-99.0,LD,0.0,6.0,-99.0,LD,2026-10-01 12:36:36.900305
2026-10-01,2026-10-01,2026-10-01,district,TELANGANA,TELANGANA,JOGULAMBA GADWAL,0.0,8.5,-100.0,NR,0.0,8.5,-100.0,NR,2026-10-01 12:36:36.900305
2026-10-01,2026-10-01,2026-10-01,district,TELANGANA,TELANGANA,KAMAREDDY,0.0,6.0,-100.0,NR,0.0,6.0,-100.0,NR,2026-10-01 12:36:36.900305
2026-10-01,2026-10-01,2026-10-01,district,TELANGANA,TELANGANA,KARIMNAGAR,0.0,3.7,-100.0,NR,0.0,3.7,-100.0,NR,2026-10-01 12:36:36.900305
2026-10-01,2026-10-01,2026-10-01,district,TELANGANA,TELANGANA,KHAMMAM,0.2,5.7,-96.0,LD,0.2,5.7,-96.0,LD,2026-10-01 12:36:36.900305
2026-10-01,2026-10-01,2026-10-01,district,TELANGANA,TELANGANA,KUMARAM BHEEM,0.0,2.7,-100.0,NR,0.0,2.7,-100.0,NR,2026-10-01 12:36:36.900305
2026-10-01,2026-10-01,2026-10-01,district,TELANGANA,TELANGANA,M. MALKAJGIRI,0.0,7.2,-100.0,NR,0.0,7.2,-100.0,NR,2026-10-01 12:36:36.900305
2026-10-01,2026-10-01,2026-10-01,district,TELANGANA,TELANGANA,MAHABUBABAD,0.0,6.1,-99.0,LD,0.0,6.1,-99.0,LD,2026-10-01 12:36:36.900305
2026-10-01,2026-10-01,2026-10-01,district,TELANGANA,TELANGANA,MAHABUBNAGAR,0.0,8.0,-100.0,NR,0.0,8.0,-100.0,NR,2026-10-01 12:36:36.900305
2026-10-01,2026-10-01,2026-10-01,district,TELANGANA,TELANGANA,MANCHERIAL,0.3,2.7,-91.0,LD,0.3,2.7,-91.0,LD,2026-10-01 12:36:36.900305
2026-10-01,2026-10-01,2026-10-01,district,TELANGANA,TELANGANA,MEDAK,0.1,6.5,-99.0,LD,0.1,6.5,-99.0,LD,2026-10-01 12:36:36.900305
2026-10-01,2026-10-01,2026-10-01,district,TELANGANA,TELANGANA,MULUGU,0.0,5.7,-100.0,NR,0.0,5.7,-100.0,NR,2026-10-01 12:36:36.900305
2026-10-01,2026-10-01,2026-10-01,district,TELANGANA,TELANGANA,NAGARKURNOOL,0.1,10.6,-99.0,LD,0.1,10.6,-99.0,LD,2026-10-01 12:36:36.900305
2026-10-01,2026-10-01,2026-10-01,district,TELANGANA,TELANGANA,NALGONDA,0.1,4.6,-99.0,LD,0.1,4.6,-99.0,LD,2026-10-01 12:36:36.900305
2026-10-01,2026-10-01,2026-10-01,district,TELANGANA,TELANGANA,NARAYANPET,0.0,3.9,-100.0,NR,0.0,3.9,-100.0,NR,2026-10-01 12:36:36.900305
2026-10-01,2026-10-01,2026-10-01,district,TELANGANA,TELANGANA,NIRMAL,0.0,4.3,-99.0,LD,0.0,4.3,-99.0,LD,2026-10-01 12:36:36.900305
2026-10-01,2026-10-01,2026-10-01,district,TELANGANA,TELANGANA,NIZAMABAD,0.0,5.0,-100.0,NR,0.0,5.0,-100.0,NR,2026-10-01 12:36:36.900305
2026-10-01,2026-10-01,2026-10-01,district,TELANGANA,TELANGANA,PEDDAPALLE,0.0,4.6,-100.0,NR,0.0,4.6,-100.0,NR,2026-10-01 12:36:36.900305
2026-10-01,2026-10-01,2026-10-01,district,TELANGANA,TELANGANA,RAJANNA SIRCILLA,15.9,3.2,396.0,LE,15.9,3.2,396.0,LE,2026-10-01 12:36:36.900305
2026-10-01,2026-10-01,2026-10-01,district,TELANGANA,TELANGANA,RANGAREDDY,0.0,6.4,-100.0,NR,0.0,6.4,-100.0,NR,2026-10-01 12:36:36.900305
2026-10-01,2026-10-01,2026-10-01,district,TELANGANA,TELANGANA,SANGAREDDY,0.0,5.9,-100.0,NR,0.0,5.9,-100.0,NR,2026-10-01 12:36:36.900305
2026-10-01,2026-10-01,2026-10-01,district,TELANGANA,TELANGANA,SIDDIPET,0.0,5.0,-99.0,LD,0.0,5.0,-99.0,LD,2026-10-01 12:36:36.900305
2026-10-01,2026-10-01,2026-10-01,district,TELANGANA,TELANGANA,SURYAPET,0.0,3.2,-99.0,LD,0.0,3.2,-99.0,LD,2026-10-01 12:36:36.900305
2026-10-01,2026-10-01,2026-10-01,district,TELANGANA,TELANGANA,VIKARABAD,0.0,7.7,-99.0,LD,0.0,7.7,-99.0,LD,2026-10-01 12:36:36.900305
2026-10-01,2026-10-01,2026-10-01,district,TELANGANA,TELANGANA,WANAPARTHY,0.0,9.8,-100.0,NR,0.0,9.8,-100.0,NR,2026-10-01 12:36:36.900305
2026-10-01,2026-10-01,2026-10-01,district,TELANGANA,TELANGANA,WARANGAL,0.0,4.8,-100.0,NR,0.0,4.8,-100.0,NR,2026-10-01 12:36:36.900305
2026-10-01,2026-10-01,2026-10-01,district,TELANGANA,TELANGANA,Y. BHUVANAGIRI,0.0,4.3,-100.0,NR,0.0,4.3,-100.0,NR,2026-10-01 12:36:36.900305
2026-10-01,2026-10-01,2026-10-01,district,UTTARAKHAND,UTTARAKHAND,ALMORA,1.0,1.3,-23.0,D,1.0,1.3,-23.0,D,2026-10-01 12:36:36.900305
2026-10-01,2026-10-01,2026-10-01,district,UTTARAKHAND,UTTARAKHAND,BAGESHWAR,0.0,1.3,-100.0,NR,0.0,1.3,-100.0,NR,2026-10-01 12:36:36.900305
2026-10-01,2026-10-01,2026-10-01,district,UTTARAKHAND,UTTARAKHAND,CHAMOLI,1.7,0.8,110.0,LE,1.7,0.8,110.0,LE,2026-10-01 12:36:36.900305
2026-10-01,2026-10-01,2026-10-01,district,UTTARAKHAND,UTTARAKHAND,CHAMPAWAT,0.0,1.4,-100.0,NR,0.0,1.4,-100.0,NR,2026-10-01 12:36:36.900305
2026-10-01,2026-10-01,2026-10-01,district,UTTARAKHAND,UTTARAKHAND,DEHRADUN,0.0,1.9,-100.0,NR,0.0,1.9,-100.0,NR,2026-10-01 12:36:36.900305
2026-10-01,2026-10-01,2026-10-01,district,UTTARAKHAND,UTTARAKHAND,GARHWAL PAURI,0.0,1.4,-100.0,NR,0.0,1.4,-100.0,NR,2026-10-01 12:36:36.900305
2026-10-01,2026-10-01,2026-10-01,district,UTTARAKHAND,UTTARAKHAND,GARHWAL TEHRI,0.0,1.7,-100.0,NR,0.0,1.7,-100.0,NR,2026-10-01 12:36:36.900305
2026-10-01,2026-10-01,2026-10-01,district,UTTARAKHAND,UTTARAKHAND,HARDWAR,0.0,0.0,-100.0,NR,0.0,0.0,-100.0,NR,2026-10-01 12:36:36.900305
2026-10-01,2026-10-01,2026-10-01,district,UTTARAKHAND,UTTARAKHAND,NAINITAL,4.8,2.9,67.0,LE,4.8,2.9,67.0,LE,2026-10-01 12:36:36.900305
2026-10-01,2026-10-01,2026-10-01,district,UTTARAKHAND,UTTARAKHAND,PITHORAGARH,0.0,2.7,-100.0,NR,0.0,2.7,-100.0,NR,2026-10-01 12:36:36.900305
2026-10-01,2026-10-01,2026-10-01,district,UTTARAKHAND,UTTARAKHAND,RUDRAPRAYAG,0.8,0.6,33.0,E,0.8,0.6,33.0,E,2026-10-01 12:36:36.900305
2026-10-01,2026-10-01,2026-10-01,district,UTTARAKHAND,UTTARAKHAND,UDHAM SINGH NAGAR,0.0,0.6,-100.0,NR,0.0,0.6,-100.0,NR,2026-10-01 12:36:36.900305
2026-10-01,2026-10-01,2026-10-01,district,UTTARAKHAND,UTTARAKHAND,UTTARKASHI,2.9,5.6,-48.0,D,2.9,5.6,-48.0,D,2026-10-01 12:36:36.900305
2026-10-01,2026-10-01,2026-10-01,district,VIDARBHA,MAHARASHTRA,AKOLA,0.0,4.3,-100.0,NR,0.0,4.3,-100.0,NR,2026-10-01 12:36:36.900305
2026-10-01,2026-10-01,2026-10-01,district,VIDARBHA,MAHARASHTRA,AMRAOTI,0.0,3.7,-100.0,NR,0.0,3.7,-100.0,NR,2026-10-01 12:36:36.900305
2026-10-01,2026-10-01,2026-10-01,district,VIDARBHA,MAHARASHTRA,BHANDARA,0.0,3.8,-100.0,NR,0.0,3.8,-100.0,NR,2026-10-01 12:36:36.900305
2026-10-01,2026-10-01,2026-10-01,district,VIDARBHA,MAHARASHTRA,BULDHANA,0.0,3.4,-100.0,NR,0.0,3.4,-100.0,NR,2026-10-01 12:36:36.900305
2026-10-01,2026-10-01,2026-10-01,district,VIDARBHA,MAHARASHTRA,CHANDRAPUR,0.0,3.2,-100.0,NR,0.0,3.2,-100.0,NR,2026-10-01 12:36:36.900305
2026-10-01,2026-10-01,2026-10-01,district,VIDARBHA,MAHARASHTRA,GADCHIROLI,0.0,3.7,-100.0,NR,0.0,3.7,-100.0,NR,2026-10-01 12:36:36.900305
2026-10-01,2026-10-01,2026-10-01,district,VIDARBHA,MAHARASHTRA,GONDIA,0.0,3.1,-100.0,NR,0.0,3.1,-100.0,NR,2026-10-01 12:36:36.900305
2026-10-01,2026-10-01,2026-10-01,district,VIDARBHA,MAHARASHTRA,NAGPUR,0.0,2.1,-100.0,NR,0.0,2.1,-100.0,NR,2026-10-01 12:36:36.900305
2026-10-01,2026-10-01,2026-10-01,district,VIDARBHA,MAHARASHTRA,WARDHA,0.0,3.0,-100.0,NR,0.0,3.0,-100.0,NR,2026-10-01 12:36:36.900305
2026-10-01,2026-10-01,2026-10-01,district,VIDARBHA,MAHARASHTRA,WASHIM,0.0,4.8,-100.0,NR,0.0,4.8,-100.0,NR,2026-10-01 12:36:36.900305
2026-10-01,2026-10-01,2026-10-01,district,VIDARBHA,MAHARASHTRA,YEOTMAL,0.0,5.2,-100.0,NR,0.0,5.2,-100.0,NR,2026-10-01 12:36:36.900305
2026-10-01,2026-10-01,2026-10-01,district,WEST MADHYA PRADESH,MADHYA PRADESH,AGAR-MALWA,0.0,1.3,-100.0,NR,0.0,1.3,-100.0,NR,2026-10-01 12:36:36.900305
2026-10-01,2026-10-01,2026-10-01,district,WEST MADHYA PRADESH,MADHYA PRADESH,ALIRAJPUR,0.0,2.2,-100.0,NR,0.0,2.2,-100.0,NR,2026-10-01 12:36:36.900305
2026-10-01,2026-10-01,2026-10-01,district,WEST MADHYA PRADESH,MADHYA PRADESH,ASHOKNAGAR,0.0,0.9,-100.0,NR,0.0,0.9,-100.0,NR,2026-10-01 12:36:36.900305
2026-10-01,2026-10-01,2026-10-01,district,WEST MADHYA PRADESH,MADHYA PRADESH,BARWANI,0.0,2.1,-100.0,NR,0.0,2.1,-100.0,NR,2026-10-01 12:36:36.900305
2026-10-01,2026-10-01,2026-10-01,district,WEST MADHYA PRADESH,MADHYA PRADESH,BETUL,0.0,1.1,-100.0,NR,0.0,1.1,-100.0,NR,2026-10-01 12:36:36.900305
2026-10-01,2026-10-01,2026-10-01,district,WEST MADHYA PRADESH,MADHYA PRADESH,BHIND,0.0,0.5,-100.0,NR,0.0,0.5,-100.0,NR,2026-10-01 12:36:36.900305
2026-10-01,2026-10-01,2026-10-01,district,WEST MADHYA PRADESH,MADHYA PRADESH,BHOPAL,0.0,1.6,-100.0,NR,0.0,1.6,-100.0,NR,2026-10-01 12:36:36.900305
2026-10-01,2026-10-01,2026-10-01,district,WEST MADHYA PRADESH,MADHYA PRADESH,BURHANPUR,0.0,1.9,-100.0,NR,0.0,1.9,-100.0,NR,2026-10-01 12:36:36.900305
2026-10-01,2026-10-01,2026-10-01,district,WEST MADHYA PRADESH,MADHYA PRADESH,DATIA,0.0,0.9,-100.0,NR,0.0,0.9,-100.0,NR,2026-10-01 12:36:36.900305
2026-10-01,2026-10-01,2026-10-01,district,WEST MADHYA PRADESH,MADHYA PRADESH,DEWAS,0.0,1.2,-100.0,NR,0.0,1.2,-100.0,NR,2026-10-01 12:36:36.900305
2026-10-01,2026-10-01,2026-10-01,district,WEST MADHYA PRADESH,MADHYA PRADESH,DHAR,0.1,2.5,-94.0,LD,0.1,2.5,-94.0,LD,2026-10-01 12:36:36.900305
2026-10-01,2026-10-01,2026-10-01,district,WEST MADHYA PRADESH,MADHYA PRADESH,GUNA,0.0,1.2,-100.0,NR,0.0,1.2,-100.0,NR,2026-10-01 12:36:36.900305
2026-10-01,2026-10-01,2026-10-01,district,WEST MADHYA PRADESH,MADHYA PRADESH,GWALIOR,1.0,1.3,-22.0,D,1.0,1.3,-22.0,D,2026-10-01 12:36:36.900305
2026-10-01,2026-10-01,2026-10-01,district,WEST MADHYA PRADESH,MADHYA PRADESH,HARDA,0.0,0.1,-100.0,NR,0.0,0.1,-100.0,NR,2026-10-01 12:36:36.900305
2026-10-01,2026-10-01,2026-10-01,district,WEST MADHYA PRADESH,MADHYA PRADESH,INDORE,0.0,1.3,-100.0,NR,0.0,1.3,-100.0,NR,2026-10-01 12:36:36.900305
2026-10-01,2026-10-01,2026-10-01,district,WEST MADHYA PRADESH,MADHYA PRADESH,JHABUA,0.0,3.6,-100.0,NR,0.0,3.6,-100.0,NR,2026-10-01 12:36:36.900305
2026-10-01,2026-10-01,2026-10-01,district,WEST MADHYA PRADESH,MADHYA PRADESH,KHANDWA,0.0,0.4,-100.0,NR,0.0,0.4,-100.0,NR,2026-10-01 12:36:36.900305
2026-10-01,2026-10-01,2026-10-01,district,WEST MADHYA PRADESH,MADHYA PRADESH,KHARGONE,0.0,2.0,-100.0,NR,0.0,2.0,-100.0,NR,2026-10-01 12:36:36.900305
2026-10-01,2026-10-01,2026-10-01,district,WEST MADHYA PRADESH,MADHYA PRADESH,MANDSAUR,0.0,0.9,-100.0,NR,0.0,0.9,-100.0,NR,2026-10-01 12:36:36.900305
2026-10-01,2026-10-01,2026-10-01,district,WEST MADHYA PRADESH,MADHYA PRADESH,MORENA,0.0,1.0,-100.0,NR,0.0,1.0,-100.0,NR,2026-10-01 12:36:36.900305
2026-10-01,2026-10-01,2026-10-01,district,WEST MADHYA PRADESH,MADHYA PRADESH,NARMADAPURAM,0.0,1.1,-100.0,NR,0.0,1.1,-100.0,NR,2026-10-01 12:36:36.900305
2026-10-01,2026-10-01,2026-10-01,district,WEST MADHYA PRADESH,MADHYA PRADESH,NEEMUCH,0.0,0.4,-100.0,NR,0.0,0.4,-100.0,NR,2026-10-01 12:36:36.900305
2026-10-01,2026-10-01,2026-10-01,district,WEST MADHYA PRADESH,MADHYA PRADESH,RAISEN,0.9,1.9,-52.0,D,0.9,1.9,-52.0,D,2026-10-01 12:36:36.900305
2026-10-01,2026-10-01,2026-10-01,district,WEST MADHYA PRADESH,MADHYA PRADESH,RAJGARH,0.0,1.6,-100.0,NR,0.0,1.6,-100.0,NR,2026-10-01 12:36:36.900305
2026-10-01,2026-10-01,2026-10-01,district,WEST MADHYA PRADESH,MADHYA PRADESH,RATLAM,0.0,1.4,-100.0,NR,0.0,1.4,-100.0,NR,2026-10-01 12:36:36.900305
2026-10-01,2026-10-01,2026-10-01,district,WEST MADHYA PRADESH,MADHYA PRADESH,SEHORE,0.0,1.0,-100.0,NR,0.0,1.0,-100.0,NR,2026-10-01 12:36:36.900305
2026-10-01,2026-10-01,2026-10-01,district,WEST MADHYA PRADESH,MADHYA PRADESH,SHAJAPUR,0.0,0.8,-100.0,NR,0.0,0.8,-100.0,NR,2026-10-01 12:36:36.900305
2026-10-01,2026-10-01,2026-10-01,district,WEST MADHYA PRADESH,MADHYA PRADESH,SHEOPUR,2.8,0.2,1300.0,LE,2.8,0.2,1300.0,LE,2026-10-01 12:36:36.900305
2026-10-01,2026-10-01,2026-10-01,district,WEST MADHYA PRADESH,MADHYA PRADESH,SHIVPURI,0.0,0.5,-100.0,NR,0.0,0.5,-100.0,NR,2026-10-01 12:36:36.900305
2026-10-01,2026-10-01,2026-10-01,district,WEST MADHYA PRADESH,MADHYA PRADESH,UJJAIN,0.0,0.8,-100.0,NR,0.0,0.8,-100.0,NR,2026-10-01 12:36:36.900305
2026-10-01,2026-10-01,2026-10-01,district,WEST MADHYA PRADESH,MADHYA PRADESH,VIDISHA,0.0,2.2,-100.0,NR,0.0,2.2,-100.0,NR,2026-10-01 12:36:36.900305
2026-10-01,2026-10-01,2026-10-01,district,WEST RAJASTHAN,RAJASTHAN,BARMER,0.0,1.5,-100.0,NR,0.0,1.5,-100.0,NR,2026-10-01 12:36:36.900305
2026-10-01,2026-10-01,2026-10-01,district,WEST RAJASTHAN,RAJASTHAN,BIKANER,0.0,0.4,-100.0,NR,0.0,0.4,-100.0,NR,2026-10-01 12:36:36.900305
2026-10-01,2026-10-01,2026-10-01,district,WEST RAJASTHAN,RAJASTHAN,CHURU,0.0,0.7,-100.0,NR,0.0,0.7,-100.0,NR,2026-10-01 12:36:36.900305
2026-10-01,2026-10-01,2026-10-01,district,WEST RAJASTHAN,RAJASTHAN,HANUMANGARH,0.0,0.1,-100.0,NR,0.0,0.1,-100.0,NR,2026-10-01 12:36:36.900305
2026-10-01,2026-10-01,2026-10-01,district,WEST RAJASTHAN,RAJASTHAN,JAISALMER,0.0,0.4,-100.0,NR,0.0,0.4,-100.0,NR,2026-10-01 12:36:36.900305
2026-10-01,2026-10-01,2026-10-01,district,WEST RAJASTHAN,RAJASTHAN,JALORE,0.0,0.6,-100.0,NR,0.0,0.6,-100.0,NR,2026-10-01 12:36:36.900305
2026-10-01,2026-10-01,2026-10-01,district,WEST RAJASTHAN,RAJASTHAN,JODHPUR,0.0,0.4,-100.0,NR,0.0,0.4,-100.0,NR,2026-10-01 12:36:36.900305
2026-10-01,2026-10-01,2026-10-01,district,WEST RAJASTHAN,RAJASTHAN,NAGAUR,0.0,1.0,-100.0,NR,0.0,1.0,-100.0,NR,2026-10-01 12:36:36.900305
2026-10-01,2026-10-01,2026-10-01,district,WEST RAJASTHAN,RAJASTHAN,PALI,0.0,1.3,-100.0,NR,0.0,1.3,-100.0,NR,2026-10-01 12:36:36.900305
2026-10-01,2026-10-01,2026-10-01,district,WEST RAJASTHAN,RAJASTHAN,SRI GANGANAGAR,0.0,0.0,-100.0,NR,0.0,0.0,-100.0,NR,2026-10-01 12:36:36.900305
2026-10-01,2026-10-01,2026-10-01,district,WEST UTTAR PRADESH,UTTAR PRADESH,AGRA,0.0,0.6,-100.0,NR,0.0,0.6,-100.0,NR,2026-10-01 12:36:36.900305
2026-10-01,2026-10-01,2026-10-01,district,WEST UTTAR PRADESH,UTTAR PRADESH,ALIGARH,0.0,2.4,-100.0,NR,0.0,2.4,-100.0,NR,2026-10-01 12:36:36.900305
2026-10-01,2026-10-01,2026-10-01,district,WEST UTTAR PRADESH,UTTAR PRADESH,AMROHA,0.0,1.9,-100.0,NR,0.0,1.9,-100.0,NR,2026-10-01 12:36:36.900305
2026-10-01,2026-10-01,2026-10-01,district,WEST UTTAR PRADESH,UTTAR PRADESH,AURAIYA,0.0,0.5,-100.0,NR,0.0,0.5,-100.0,NR,2026-10-01 12:36:36.900305
2026-10-01,2026-10-01,2026-10-01,district,WEST UTTAR PRADESH,UTTAR PRADESH,BADAUN,0.0,0.7,-100.0,NR,0.0,0.7,-100.0,NR,2026-10-01 12:36:36.900305
2026-10-01,2026-10-01,2026-10-01,district,WEST UTTAR PRADESH,UTTAR PRADESH,BAGHPAT,0.0,0.0,-100.0,NR,0.0,0.0,-100.0,NR,2026-10-01 12:36:36.900305
2026-10-01,2026-10-01,2026-10-01,district,WEST UTTAR PRADESH,UTTAR PRADESH,BAREILLY,0.0,0.4,-100.0,NR,0.0,0.4,-100.0,NR,2026-10-01 12:36:36.900305
2026-10-01,2026-10-01,2026-10-01,district,WEST UTTAR PRADESH,UTTAR PRADESH,BIJNOR,0.0,0.3,-100.0,NR,0.0,0.3,-100.0,NR,2026-10-01 12:36:36.900305
2026-10-01,2026-10-01,2026-10-01,district,WEST UTTAR PRADESH,UTTAR PRADESH,BULANDSHAHAR,0.0,0.4,-100.0,NR,0.0,0.4,-100.0,NR,2026-10-01 12:36:36.900305
2026-10-01,2026-10-01,2026-10-01,district,WEST UTTAR PRADESH,UTTAR PRADESH,ETAH,0.0,0.3,-100.0,NR,0.0,0.3,-100.0,NR,2026-10-01 12:36:36.900305
2026-10-01,2026-10-01,2026-10-01,district,WEST UTTAR PRADESH,UTTAR PRADESH,ETAWAH,0.0,0.3,-100.0,NR,0.0,0.3,-100.0,NR,2026-10-01 12:36:36.900305
2026-10-01,2026-10-01,2026-10-01,district,WEST UTTAR PRADESH,UTTAR PRADESH,FIROZABAD,0.0,0.8,-100.0,NR,0.0,0.8,-100.0,NR,2026-10-01 12:36:36.900305
2026-10-01,2026-10-01,2026-10-01,district,WEST UTTAR PRADESH,UTTAR PRADESH,GAUTAM BUDDHA NAGAR,0.0,0.3,-100.0,NR,0.0,0.3,-100.0,NR,2026-10-01 12:36:36.900305
2026-10-01,2026-10-01,2026-10-01,district,WEST UTTAR PRADESH,UTTAR PRADESH,GHAZIABAD,0.0,0.3,-100.0,NR,0.0,0.3,-100.0,NR,2026-10-01 12:36:36.900305
2026-10-01,2026-10-01,2026-10-01,district,WEST UTTAR PRADESH,UTTAR PRADESH,HAMIRPUR,0.0,0.6,-100.0,NR,0.0,0.6,-100.0,NR,2026-10-01 12:36:36.900305
2026-10-01,2026-10-01,2026-10-01,district,WEST UTTAR PRADESH,UTTAR PRADESH,HAPUR,0.0,0.4,-100.0,NR,0.0,0.4,-100.0,NR,2026-10-01 12:36:36.900305
2026-10-01,2026-10-01,2026-10-01,district,WEST UTTAR PRADESH,UTTAR PRADESH,HATHRAS,0.0,1.1,-100.0,NR,0.0,1.1,-100.0,NR,2026-10-01 12:36:36.900305
2026-10-01,2026-10-01,2026-10-01,district,WEST UTTAR PRADESH,UTTAR PRADESH,JALAUN,0.0,2.1,-100.0,NR,0.0,2.1,-100.0,NR,2026-10-01 12:36:36.900305
2026-10-01,2026-10-01,2026-10-01,district,WEST UTTAR PRADESH,UTTAR PRADESH,JHANSI,0.0,1.3,-100.0,NR,0.0,1.3,-100.0,NR,2026-10-01 12:36:36.900305
2026-10-01,2026-10-01,2026-10-01,district,WEST UTTAR PRADESH,UTTAR PRADESH,KASGANJ,0.0,0.0,-100.0,NR,0.0,0.0,-100.0,NR,2026-10-01 12:36:36.900305
2026-10-01,2026-10-01,2026-10-01,district,WEST UTTAR PRADESH,UTTAR PRADESH,LALITPUR,0.0,0.1,-100.0,NR,0.0,0.1,-100.0,NR,2026-10-01 12:36:36.900305
2026-10-01,2026-10-01,2026-10-01,district,WEST UTTAR PRADESH,UTTAR PRADESH,MAHOBA,0.0,0.7,-100.0,NR,0.0,0.7,-100.0,NR,2026-10-01 12:36:36.900305
2026-10-01,2026-10-01,2026-10-01,district,WEST UTTAR PRADESH,UTTAR PRADESH,MAINPURI,0.0,1.6,-100.0,NR,0.0,1.6,-100.0,NR,2026-10-01 12:36:36.900305
2026-10-01,2026-10-01,2026-10-01,district,WEST UTTAR PRADESH,UTTAR PRADESH,MATHURA,0.0,0.7,-100.0,NR,0.0,0.7,-100.0,NR,2026-10-01 12:36:36.900305
2026-10-01,2026-10-01,2026-10-01,district,WEST UTTAR PRADESH,UTTAR PRADESH,MEERUT,0.0,0.8,-100.0,NR,0.0,0.8,-100.0,NR,2026-10-01 12:36:36.900305
2026-10-01,2026-10-01,2026-10-01,district,WEST UTTAR PRADESH,UTTAR PRADESH,MORADABAD,0.0,1.5,-100.0,NR,0.0,1.5,-100.0,NR,2026-10-01 12:36:36.900305
2026-10-01,2026-10-01,2026-10-01,district,WEST UTTAR PRADESH,UTTAR PRADESH,MUZAFFARNAGAR,0.0,0.6,-100.0,NR,0.0,0.6,-100.0,NR,2026-10-01 12:36:36.900305
2026-10-01,2026-10-01,2026-10-01,district,WEST UTTAR PRADESH,UTTAR PRADESH,PILIBHIT,0.0,1.8,-100.0,NR,0.0,1.8,-100.0,NR,2026-10-01 12:36:36.900305
2026-10-01,2026-10-01,2026-10-01,district,WEST UTTAR PRADESH,UTTAR PRADESH,RAMPUR,0.0,2.4,-100.0,NR,0.0,2.4,-100.0,NR,2026-10-01 12:36:36.900305
2026-10-01,2026-10-01,2026-10-01,district,WEST UTTAR PRADESH,UTTAR PRADESH,SAHARANPUR,0.0,0.1,-100.0,NR,0.0,0.1,-100.0,NR,2026-10-01 12:36:36.900305
2026-10-01,2026-10-01,2026-10-01,district,WEST UTTAR PRADESH,UTTAR PRADESH,SAMBHAL,0.0,2.4,-100.0,NR,0.0,2.4,-100.0,NR,2026-10-01 12:36:36.900305
2026-10-01,2026-10-01,2026-10-01,district,WEST UTTAR PRADESH,UTTAR PRADESH,SHAHJAHANPUR,0.0,0.9,-100.0,NR,0.0,0.9,-100.0,NR,2026-10-01 12:36:36.900305
2026-10-01,2026-10-01,2026-10-01,district,WEST UTTAR PRADESH,UTTAR PRADESH,SHAMLI,0.0,0.0,-100.0,NR,0.0,0.0,-100.0,NR,2026-10-01 12:36:36.900305
2026-10-01,2026-10-01,2026-10-01,state,ASSAM & MEGHALAYA,ASSAM,,6.6,5.5,20.0,E,6.6,5.5,20.0,E,2026-10-01 12:36:36.900305
2026-10-01,2026-10-01,2026-10-01,state,ASSAM & MEGHALAYA,MEGHALAYA,,4.8,10.3,-54.0,D,4.8,10.3,-54.0,D,2026-10-01 12:36:36.900305
2026-10-01,2026-10-01,2026-10-01,state,BIHAR,UTTAR PRADESH,,0.0,1.3,-100.0,NR,0.0,1.3,-100.0,NR,2026-10-01 12:36:36.900305
2026-10-01,2026-10-01,2026-10-01,state,CHHATTISGARH,ANDHRA PRADESH,,1.3,7.3,-82.0,LD,1.3,7.3,-82.0,LD,2026-10-01 12:36:36.900305
2026-10-01,2026-10-01,2026-10-01,state,COASTAL A. P. & YANAM,ANDHRA PRADESH,,1.3,7.3,-82.0,LD,1.3,7.3,-82.0,LD,2026-10-01 12:36:36.900305
2026-10-01,2026-10-01,2026-10-01,state,COASTAL A. P. & YANAM,PUDUCHERRY (UT),,8.7,6.0,45.0,E,8.7,6.0,45.0,E,2026-10-01 12:36:36.900305
2026-10-01,2026-10-01,2026-10-01,state,EAST MADHYA PRADESH,GUJARAT,,0.3,1.7,-83.0,LD,0.3,1.7,-83.0,LD,2026-10-01 12:36:36.900305
2026-10-01,2026-10-01,2026-10-01,state,GUJARAT REGION,DADRA & NAGAR HAVELI AND DAMAN & DIU (UT),,0.0,3.3,-100.0,NR,0.0,3.3,-100.0,NR,2026-10-01 12:36:36.900305
2026-10-01,2026-10-01,2026-10-01,state,GUJARAT REGION,GUJARAT,,0.3,1.7,-83.0,LD,0.3,1.7,-83.0,LD,2026-10-01 12:36:36.900305
2026-10-01,2026-10-01,2026-10-01,state,HAR. CHD & DELHI,CHANDIGARH (UT),,0.0,1.3,-100.0,NR,0.0,1.3,-100.0,NR,2026-10-01 12:36:36.900305
2026-10-01,2026-10-01,2026-10-01,state,HAR. CHD & DELHI,DELHI,,0.0,0.8,-100.0,NR,0.0,0.8,-100.0,NR,2026-10-01 12:36:36.900305
2026-10-01,2026-10-01,2026-10-01,state,HAR. CHD & DELHI,HARYANA,,0.0,0.3,-100.0,NR,0.0,0.3,-100.0,NR,2026-10-01 12:36:36.900305
2026-10-01,2026-10-01,2026-10-01,state,J & K AND LADAKH,JAMMU & KASHMIR(UT),,0.0,0.7,-100.0,NR,0.0,0.7,-100.0,NR,2026-10-01 12:36:36.900305
2026-10-01,2026-10-01,2026-10-01,state,J & K AND LADAKH,LADAKH (UT),,0.0,0.1,-100.0,NR,0.0,0.1,-100.0,NR,2026-10-01 12:36:36.900305
2026-10-01,2026-10-01,2026-10-01,state,J & K AND LADAKH,RAJASTHAN,,0.0,0.8,-96.0,LD,0.0,0.8,-96.0,LD,2026-10-01 12:36:36.900305
2026-10-01,2026-10-01,2026-10-01,state,KERALA & MAHE,KERALA,,0.3,8.4,-97.0,LD,0.3,8.4,-97.0,LD,2026-10-01 12:36:36.900305
2026-10-01,2026-10-01,2026-10-01,state,KERALA & MAHE,PUDUCHERRY (UT),,8.7,6.0,45.0,E,8.7,6.0,45.0,E,2026-10-01 12:36:36.900305
2026-10-01,2026-10-01,2026-10-01,state,KONKAN & GOA,GOA,,0.0,7.7,-100.0,NR,0.0,7.7,-100.0,NR,2026-10-01 12:36:36.900305
2026-10-01,2026-10-01,2026-10-01,state,KONKAN & GOA,MAHARASHTRA,,0.7,4.1,-83.0,LD,0.7,4.1,-83.0,LD,2026-10-01 12:36:36.900305
2026-10-01,2026-10-01,2026-10-01,state,NMMT,MANIPUR,,13.6,4.2,225.0,LE,13.6,4.2,225.0,LE,2026-10-01 12:36:36.900305
2026-10-01,2026-10-01,2026-10-01,state,NMMT,MIZORAM,,49.9,9.7,415.0,LE,49.9,9.7,415.0,LE,2026-10-01 12:36:36.900305
2026-10-01,2026-10-01,2026-10-01,state,NMMT,NAGALAND,,10.8,4.7,130.0,LE,10.8,4.7,130.0,LE,2026-10-01 12:36:36.900305
2026-10-01,2026-10-01,2026-10-01,state,NMMT,TRIPURA,,2.3,6.1,-63.0,LD,2.3,6.1,-63.0,LD,2026-10-01 12:36:36.900305
2026-10-01,2026-10-01,2026-10-01,state,SAURASHTRA & KUTCH,DADRA & NAGAR HAVELI AND DAMAN & DIU (UT),,0.0,3.3,-100.0,NR,0.0,3.3,-100.0,NR,2026-10-01 12:36:36.900305
2026-10-01,2026-10-01,2026-10-01,state,SAURASHTRA & KUTCH,GUJARAT,,0.3,1.7,-83.0,LD,0.3,1.7,-83.0,LD,2026-10-01 12:36:36.900305
2026-10-01,2026-10-01,2026-10-01,state,SHWB & SIKKIM,SIKKIM,,0.0,7.7,-100.0,NR,0.0,7.7,-100.0,NR,2026-10-01 12:36:36.900305
2026-10-01,2026-10-01,2026-10-01,state,SHWB & SIKKIM,WEST BENGAL,,0.0,6.6,-100.0,NR,0.0,6.6,-100.0,NR,2026-10-01 12:36:36.900305
2026-10-01,2026-10-01,2026-10-01,state,TAMIL. PUDU.& KARAIKAL,KARNATAKA,,2.8,6.8,-58.0,D,2.8,6.8,-58.0,D,2026-10-01 12:36:36.900305
2026-10-01,2026-10-01,2026-10-01,state,TAMIL. PUDU.& KARAIKAL,PUDUCHERRY (UT),,8.7,6.0,45.0,E,8.7,6.0,45.0,E,2026-10-01 12:36:36.900305
2026-10-01,2026-10-01,2026-10-01,state,TAMIL. PUDU.& KARAIKAL,TAMILNADU,,6.3,4.8,32.0,E,6.3,4.8,32.0,E,2026-10-01 12:36:36.900305
2026-10-01,2026-10-01,2026-10-01,state,WEST RAJASTHAN,MADHYA PRADESH,,0.1,1.4,-91.0,LD,0.1,1.4,-91.0,LD,2026-10-01 12:36:36.900305
2026-10-01,2026-10-01,2026-10-01,subdivision,A & N ISLAND,,,7.9,14.4,-45.0,D,7.9,14.4,-45.0,D,2026-10-01 12:36:36.900305
2026-10-01,2026-10-01,2026-10-01,subdivision,ARUNACHAL PRADESH,,,3.8,7.0,-46.0,D,3.8,7.0,-46.0,D,2026-10-01 12:36:36.900305
2026-10-01,2026-10-01,2026-10-01,subdivision,ASSAM & MEGHALAYA,,,6.2,6.6,-7.0,N,6.2,6.6,-7.0,N,2026-10-01 12:36:36.900305
2026-10-01,2026-10-01,2026-10-01,subdivision,BIHAR,,,0.0,3.6,-100.0,NR,0.0,3.6,-100.0,NR,2026-10-01 12:36:36.900305
2026-10-01,2026-10-01,2026-10-01,subdivision,CHHATTISGARH,,,0.0,3.4,-99.0,LD,0.0,3.4,-99.0,LD,2026-10-01 12:36:36.900305
2026-10-01,2026-10-01,2026-10-01,subdivision,COASTAL A. P. & YANAM,,,0.7,7.6,-91.0,LD,0.7,7.6,-91.0,LD,2026-10-01 12:36:36.900305
2026-10-01,2026-10-01,2026-10-01,subdivision,COASTAL KARNATAKA,,,0.0,8.8,-99.0,LD,0.0,8.8,-99.0,LD,2026-10-01 12:36:36.900305
2026-10-01,2026-10-01,2026-10-01,subdivision,EAST MADHYA PRADESH,,,0.1,1.6,-97.0,LD,0.1,1.6,-97.0,LD,2026-10-01 12:36:36.900305
2026-10-01,2026-10-01,2026-10-01,subdivision,EAST RAJASTHAN,,,0.1,1.0,-93.0,LD,0.1,1.0,-93.0,LD,2026-10-01 12:36:36.900305
2026-10-01,2026-10-01,2026-10-01,subdivision,EAST UTTAR PRADESH,,,0.0,1.6,-100.0,NR,0.0,1.6,-100.0,NR,2026-10-01 12:36:36.900305
2026-10-01,2026-10-01,2026-10-01,subdivision,GANGETIC WEST BENGAL,,,0.0,5.9,-100.0,NR,0.0,5.9,-100.0,NR,2026-10-01 12:36:36.900305
2026-10-01,2026-10-01,2026-10-01,subdivision,GUJARAT REGION,,,0.0,2.3,-100.0,NR,0.0,2.3,-100.0,NR,2026-10-01 12:36:36.900305
2026-10-01,2026-10-01,2026-10-01,subdivision,HAR. CHD & DELHI,,,0.0,0.3,-100.0,NR,0.0,0.3,-100.0,NR,2026-10-01 12:36:36.900305
2026-10-01,2026-10-01,2026-10-01,subdivision,HIMACHAL PRADESH,,,0.0,0.6,-100.0,NR,0.0,0.6,-100.0,NR,2026-10-01 12:36:36.900305
2026-10-01,2026-10-01,2026-10-01,subdivision,J & K AND LADAKH,,,0.0,0.7,-100.0,NR,0.0,0.7,-100.0,NR,2026-10-01 12:36:36.900305
2026-10-01,2026-10-01,2026-10-01,subdivision,JHARKHAND,,,0.0,3.3,-100.0,NR,0.0,3.3,-100.0,NR,2026-10-01 12:36:36.900305
2026-10-01,2026-10-01,2026-10-01,subdivision,KERALA & MAHE,,,0.3,8.4,-97.0,LD,0.3,8.4,-97.0,LD,2026-10-01 12:36:36.900305
2026-10-01,2026-10-01,2026-10-01,subdivision,KONKAN & GOA,,,2.6,5.8,-55.0,D,2.6,5.8,-55.0,D,2026-10-01 12:36:36.900305
2026-10-01,2026-10-01,2026-10-01,subdivision,LAKSHADWEEP,,,0.0,4.6,-100.0,NR,0.0,4.6,-100.0,NR,2026-10-01 12:36:36.900305
2026-10-01,2026-10-01,2026-10-01,subdivision,MADHYA MAHARASHTRA,,,1.1,4.1,-73.0,LD,1.1,4.1,-73.0,LD,2026-10-01 12:36:36.900305
2026-10-01,2026-10-01,2026-10-01,subdivision,MARATHWADA,,,0.0,4.0,-100.0,NR,0.0,4.0,-100.0,NR,2026-10-01 12:36:36.900305
2026-10-01,2026-10-01,2026-10-01,subdivision,N. I. KARNATAKA,,,1.8,6.4,-73.0,LD,1.8,6.4,-73.0,LD,2026-10-01 12:36:36.900305
2026-10-01,2026-10-01,2026-10-01,subdivision,NMMT,,,23.2,6.6,252.0,LE,23.2,6.6,252.0,LE,2026-10-01 12:36:36.900305
2026-10-01,2026-10-01,2026-10-01,subdivision,ODISHA,,,0.1,6.2,-98.0,LD,0.1,6.2,-98.0,LD,2026-10-01 12:36:36.900305
2026-10-01,2026-10-01,2026-10-01,subdivision,PUNJAB,,,0.0,0.2,-94.0,LD,0.0,0.2,-94.0,LD,2026-10-01 12:36:36.900305
2026-10-01,2026-10-01,2026-10-01,subdivision,RAYALASEEMA,,,2.1,6.8,-69.0,LD,2.1,6.8,-69.0,LD,2026-10-01 12:36:36.900305
2026-10-01,2026-10-01,2026-10-01,subdivision,S. I. KARNATAKA,,,4.3,6.6,-35.0,D,4.3,6.6,-35.0,D,2026-10-01 12:36:36.900305
2026-10-01,2026-10-01,2026-10-01,subdivision,SAURASHTRA & KUTCH,,,0.5,1.2,-56.0,D,0.5,1.2,-56.0,D,2026-10-01 12:36:36.900305
2026-10-01,2026-10-01,2026-10-01,subdivision,SHWB & SIKKIM,,,0.0,8.9,-100.0,NR,0.0,8.9,-100.0,NR,2026-10-01 12:36:36.900305
2026-10-01,2026-10-01,2026-10-01,subdivision,TAMIL. PUDU.& KARAIKAL,,,6.3,4.8,32.0,E,6.3,4.8,32.0,E,2026-10-01 12:36:36.900305
2026-10-01,2026-10-01,2026-10-01,subdivision,TELANGANA,,,0.3,5.4,-94.0,LD,0.3,5.4,-94.0,LD,2026-10-01 12:36:36.900305
2026-10-01,2026-10-01,2026-10-01,subdivision,UTTARAKHAND,,,1.2,2.1,-44.0,D,1.2,2.1,-44.0,D,2026-10-01 12:36:36.900305
2026-10-01,2026-10-01,2026-10-01,subdivision,VIDARBHA,,,0.0,3.7,-100.0,NR,0.0,3.7,-100.0,NR,2026-10-01 12:36:36.900305
2026-10-01,2026-10-01,2026-10-01,subdivision,WEST MADHYA PRADESH,,,0.2,1.3,-86.0,LD,0.2,1.3,-86.0,LD,2026-10-01 12:36:36.900305
2026-10-01,2026-10-01,2026-10-01,subdivision,WEST RAJASTHAN,,,0.0,0.7,-100.0,NR,0.0,0.7,-100.0,NR,2026-10-01 12:36:36.900305
2026-10-01,2026-10-01,2026-10-01,subdivision,WEST UTTAR PRADESH,,,0.0,0.9,-100.0,NR,0.0,0.9,-100.0,NR,2026-10-01 12:36:36.900305
