date,period_start,period_end,level,subdivision,state,district,day_actual_mm,day_normal_mm,day_departure_pct,day_category,period_actual_mm,period_normal_mm,period_departure_pct,period_category,scraped_at
2026-08-19,2026-06-01,2026-08-19,district,A & N ISLAND,ANDAMAN & NICOBAR ISLANDS,NICOBAR,0.5,7.4,-94.0,LD,431.7,686.9,-37.0,D,2026-08-20 06:46:36.065270
2026-08-19,2026-06-01,2026-08-19,district,A & N ISLAND,ANDAMAN & NICOBAR ISLANDS,NORTH & MIDDLE ANDAMAN,9.1,16.8,-46.0,D,1582.0,1229.4,29.0,E,2026-08-20 06:46:36.065270
2026-08-19,2026-06-01,2026-08-19,district,A & N ISLAND,ANDAMAN & NICOBAR ISLANDS,SOUTH ANDAMAN,0.9,12.0,-93.0,LD,885.9,1047.9,-15.0,N,2026-08-20 06:46:36.065270
2026-08-19,2026-06-01,2026-08-19,district,ARUNACHAL PRADESH,ARUNACHAL PRADESH,ANJAW,0.0,7.2,-100.0,NR,124.2,1179.6,-89.0,LD,2026-08-20 06:46:36.065270
2026-08-19,2026-06-01,2026-08-19,district,ARUNACHAL PRADESH,ARUNACHAL PRADESH,CHANGLANG,1.9,10.7,-83.0,LD,757.1,962.7,-21.0,D,2026-08-20 06:46:36.065270
2026-08-19,2026-06-01,2026-08-19,district,ARUNACHAL PRADESH,ARUNACHAL PRADESH,EAST KAMENG,0.0,4.6,-100.0,NR,1048.9,851.0,23.0,E,2026-08-20 06:46:36.065270
2026-08-19,2026-06-01,2026-08-19,district,ARUNACHAL PRADESH,ARUNACHAL PRADESH,EAST SIANG,0.4,22.9,-98.0,LD,1748.6,2288.6,-24.0,D,2026-08-20 06:46:36.065270
2026-08-19,2026-06-01,2026-08-19,district,ARUNACHAL PRADESH,ARUNACHAL PRADESH,KURUNG KUMEY,1.0,5.8,-83.0,LD,429.9,821.0,-48.0,D,2026-08-20 06:46:36.065270
2026-08-19,2026-06-01,2026-08-19,district,ARUNACHAL PRADESH,ARUNACHAL PRADESH,LOHIT,4.2,11.4,-63.0,LD,723.0,1146.5,-37.0,D,2026-08-20 06:46:36.065270
2026-08-19,2026-06-01,2026-08-19,district,ARUNACHAL PRADESH,ARUNACHAL PRADESH,LOWER SUBANSIRI,6.5,6.7,-4.0,N,338.8,541.8,-37.0,D,2026-08-20 06:46:36.065270
2026-08-19,2026-06-01,2026-08-19,district,ARUNACHAL PRADESH,ARUNACHAL PRADESH,PAPUMPARA,19.4,6.0,223.0,LE,1338.0,1581.1,-15.0,N,2026-08-20 06:46:36.065270
2026-08-19,2026-06-01,2026-08-19,district,ARUNACHAL PRADESH,ARUNACHAL PRADESH,TAWANG,7.6,11.7,-35.0,D,270.2,698.8,-61.0,LD,2026-08-20 06:46:36.065270
2026-08-19,2026-06-01,2026-08-19,district,ARUNACHAL PRADESH,ARUNACHAL PRADESH,TIRAP,0.0,15.7,-100.0,NR,1569.5,1418.9,11.0,N,2026-08-20 06:46:36.065270
2026-08-19,2026-06-01,2026-08-19,district,ARUNACHAL PRADESH,ARUNACHAL PRADESH,UPPER SIANG,0.2,10.8,-98.0,LD,878.8,1163.5,-24.0,D,2026-08-20 06:46:36.065270
2026-08-19,2026-06-01,2026-08-19,district,ARUNACHAL PRADESH,ARUNACHAL PRADESH,UPPER SUBANSIRI,0.0,7.5,-100.0,NR,269.1,665.1,-60.0,LD,2026-08-20 06:46:36.065270
2026-08-19,2026-06-01,2026-08-19,district,ARUNACHAL PRADESH,ARUNACHAL PRADESH,WEST KAMENG,6.4,14.4,-55.0,D,367.4,1222.8,-70.0,LD,2026-08-20 06:46:36.065270
2026-08-19,2026-06-01,2026-08-19,district,ARUNACHAL PRADESH,ARUNACHAL PRADESH,WEST SIANG,0.0,16.0,-100.0,NR,521.3,1432.3,-64.0,LD,2026-08-20 06:46:36.065270
2026-08-19,2026-06-01,2026-08-19,district,ASSAM & MEGHALAYA,ASSAM,BAJALI,0.0,8.3,-100.0,NR,891.0,1557.1,-43.0,D,2026-08-20 06:46:36.065270
2026-08-19,2026-06-01,2026-08-19,district,ASSAM & MEGHALAYA,ASSAM,BAKSA,1.1,8.9,-88.0,LD,933.8,1139.6,-18.0,N,2026-08-20 06:46:36.065270
2026-08-19,2026-06-01,2026-08-19,district,ASSAM & MEGHALAYA,ASSAM,BARPETA,0.6,8.3,-93.0,LD,1076.1,1557.1,-31.0,D,2026-08-20 06:46:36.065270
2026-08-19,2026-06-01,2026-08-19,district,ASSAM & MEGHALAYA,ASSAM,BONGAIGAON,0.0,11.1,-100.0,NR,774.7,1751.5,-56.0,D,2026-08-20 06:46:36.065270
2026-08-19,2026-06-01,2026-08-19,district,ASSAM & MEGHALAYA,ASSAM,CACHAR,0.6,13.1,-96.0,LD,1245.2,1298.3,-4.0,N,2026-08-20 06:46:36.065270
2026-08-19,2026-06-01,2026-08-19,district,ASSAM & MEGHALAYA,ASSAM,CHARAIDEO,0.0,10.9,-100.0,NR,1015.5,725.3,40.0,E,2026-08-20 06:46:36.065270
2026-08-19,2026-06-01,2026-08-19,district,ASSAM & MEGHALAYA,ASSAM,CHIRANG,0.0,5.5,-100.0,NR,1047.3,1719.8,-39.0,D,2026-08-20 06:46:36.065270
2026-08-19,2026-06-01,2026-08-19,district,ASSAM & MEGHALAYA,ASSAM,DARRANG,23.8,5.1,366.0,LE,537.6,950.0,-43.0,D,2026-08-20 06:46:36.065270
2026-08-19,2026-06-01,2026-08-19,district,ASSAM & MEGHALAYA,ASSAM,DHEMAJI,0.0,22.7,-100.0,NR,1699.7,1470.0,16.0,N,2026-08-20 06:46:36.065270
2026-08-19,2026-06-01,2026-08-19,district,ASSAM & MEGHALAYA,ASSAM,DHUBRI,9.7,7.4,31.0,E,1052.7,1562.6,-33.0,D,2026-08-20 06:46:36.065270
2026-08-19,2026-06-01,2026-08-19,district,ASSAM & MEGHALAYA,ASSAM,DIBRUGARH,0.0,12.8,-100.0,NR,875.4,1060.5,-17.0,N,2026-08-20 06:46:36.065270
2026-08-19,2026-06-01,2026-08-19,district,ASSAM & MEGHALAYA,ASSAM,DIMA HASAO,0.8,5.2,-85.0,LD,334.7,758.0,-56.0,D,2026-08-20 06:46:36.065270
2026-08-19,2026-06-01,2026-08-19,district,ASSAM & MEGHALAYA,ASSAM,GOALPARA,0.5,9.3,-95.0,LD,666.1,1475.9,-55.0,D,2026-08-20 06:46:36.065270
2026-08-19,2026-06-01,2026-08-19,district,ASSAM & MEGHALAYA,ASSAM,GOLAGHAT,7.7,9.5,-19.0,N,667.4,738.2,-10.0,N,2026-08-20 06:46:36.065270
2026-08-19,2026-06-01,2026-08-19,district,ASSAM & MEGHALAYA,ASSAM,HAILAKANDI,0.0,13.9,-100.0,NR,873.0,1109.5,-21.0,D,2026-08-20 06:46:36.065270
2026-08-19,2026-06-01,2026-08-19,district,ASSAM & MEGHALAYA,ASSAM,HOJAI,4.8,6.6,-27.0,D,340.8,526.9,-35.0,D,2026-08-20 06:46:36.065270
2026-08-19,2026-06-01,2026-08-19,district,ASSAM & MEGHALAYA,ASSAM,JORHAT,0.0,12.0,-100.0,NR,665.2,880.8,-24.0,D,2026-08-20 06:46:36.065270
2026-08-19,2026-06-01,2026-08-19,district,ASSAM & MEGHALAYA,ASSAM,KAMRUP METROPOLITAN,22.7,10.9,108.0,LE,615.0,770.9,-20.0,D,2026-08-20 06:46:36.065270
2026-08-19,2026-06-01,2026-08-19,district,ASSAM & MEGHALAYA,ASSAM,KAMRUP RURAL,1.0,9.2,-89.0,LD,387.4,949.5,-59.0,D,2026-08-20 06:46:36.065270
2026-08-19,2026-06-01,2026-08-19,district,ASSAM & MEGHALAYA,ASSAM,KARBI ANGLONG,6.9,7.5,-8.0,N,410.7,570.0,-28.0,D,2026-08-20 06:46:36.065270
2026-08-19,2026-06-01,2026-08-19,district,ASSAM & MEGHALAYA,ASSAM,KOKRAJHAR,0.1,14.5,-99.0,LD,1955.8,2013.3,-3.0,N,2026-08-20 06:46:36.065270
2026-08-19,2026-06-01,2026-08-19,district,ASSAM & MEGHALAYA,ASSAM,LAKHIMPUR,1.9,16.1,-88.0,LD,1723.8,1442.6,19.0,N,2026-08-20 06:46:36.065270
2026-08-19,2026-06-01,2026-08-19,district,ASSAM & MEGHALAYA,ASSAM,MORIGAON,34.6,8.7,297.0,LE,499.9,802.0,-38.0,D,2026-08-20 06:46:36.065270
2026-08-19,2026-06-01,2026-08-19,district,ASSAM & MEGHALAYA,ASSAM,NAGAON,6.8,8.0,-15.0,N,336.3,729.3,-54.0,D,2026-08-20 06:46:36.065270
2026-08-19,2026-06-01,2026-08-19,district,ASSAM & MEGHALAYA,ASSAM,NALBARI,0.1,9.4,-99.0,LD,427.6,1164.7,-63.0,LD,2026-08-20 06:46:36.065270
2026-08-19,2026-06-01,2026-08-19,district,ASSAM & MEGHALAYA,ASSAM,SIBSAGAR,8.3,9.8,-15.0,N,618.2,861.6,-28.0,D,2026-08-20 06:46:36.065270
2026-08-19,2026-06-01,2026-08-19,district,ASSAM & MEGHALAYA,ASSAM,SONITPUR,26.3,6.6,299.0,LE,826.6,856.2,-3.0,N,2026-08-20 06:46:36.065270
2026-08-19,2026-06-01,2026-08-19,district,ASSAM & MEGHALAYA,ASSAM,SRIBHUMI,0.7,23.8,-97.0,LD,1256.8,1607.0,-22.0,D,2026-08-20 06:46:36.065270
2026-08-19,2026-06-01,2026-08-19,district,ASSAM & MEGHALAYA,ASSAM,TAMULPUR,0.0,5.9,-100.0,NR,901.7,1013.7,-11.0,N,2026-08-20 06:46:36.065270
2026-08-19,2026-06-01,2026-08-19,district,ASSAM & MEGHALAYA,ASSAM,TINSUKIA,0.0,13.2,-100.0,NR,1006.4,1033.4,-3.0,N,2026-08-20 06:46:36.065270
2026-08-19,2026-06-01,2026-08-19,district,ASSAM & MEGHALAYA,ASSAM,UDALGURI,19.5,8.2,138.0,LE,488.6,1068.9,-54.0,D,2026-08-20 06:46:36.065270
2026-08-19,2026-06-01,2026-08-19,district,ASSAM & MEGHALAYA,ASSAM,WEST KARBI ANGLONG,0.0,6.0,-100.0,NR,442.6,500.5,-12.0,N,2026-08-20 06:46:36.065270
2026-08-19,2026-06-01,2026-08-19,district,ASSAM & MEGHALAYA,MEGHALAYA,EAST GARO HILLS,1.1,9.7,-89.0,LD,564.3,1380.0,-59.0,D,2026-08-20 06:46:36.065270
2026-08-19,2026-06-01,2026-08-19,district,ASSAM & MEGHALAYA,MEGHALAYA,EAST JAINTIA HILLS,2.8,22.8,-88.0,LD,1224.5,3336.6,-63.0,LD,2026-08-20 06:46:36.065270
2026-08-19,2026-06-01,2026-08-19,district,ASSAM & MEGHALAYA,MEGHALAYA,EAST KHASI HILLS,22.7,31.3,-27.0,D,1696.4,3360.9,-50.0,D,2026-08-20 06:46:36.065270
2026-08-19,2026-06-01,2026-08-19,district,ASSAM & MEGHALAYA,MEGHALAYA,NORTH GARO HILLS,1.3,12.3,-90.0,LD,422.4,1308.5,-68.0,LD,2026-08-20 06:46:36.065270
2026-08-19,2026-06-01,2026-08-19,district,ASSAM & MEGHALAYA,MEGHALAYA,RI BHOI,22.7,12.3,85.0,LE,538.5,1047.0,-49.0,D,2026-08-20 06:46:36.065270
2026-08-19,2026-06-01,2026-08-19,district,ASSAM & MEGHALAYA,MEGHALAYA,SOUTH GARO HILLS,4.1,12.3,-67.0,LD,748.7,1308.5,-43.0,D,2026-08-20 06:46:36.065270
2026-08-19,2026-06-01,2026-08-19,district,ASSAM & MEGHALAYA,MEGHALAYA,SOUTH WEST GARO HILLS,0.3,12.3,-98.0,LD,498.3,1308.5,-62.0,LD,2026-08-20 06:46:36.065270
2026-08-19,2026-06-01,2026-08-19,district,ASSAM & MEGHALAYA,MEGHALAYA,SOUTH WEST KHASI HILLS,21.7,12.3,77.0,LE,2347.7,1308.5,79.0,LE,2026-08-20 06:46:36.065270
2026-08-19,2026-06-01,2026-08-19,district,ASSAM & MEGHALAYA,MEGHALAYA,WEST GARO HILLS,0.8,12.8,-94.0,LD,398.0,1342.0,-70.0,LD,2026-08-20 06:46:36.065270
2026-08-19,2026-06-01,2026-08-19,district,ASSAM & MEGHALAYA,MEGHALAYA,WEST JAINTIA HILLS,6.2,22.8,-73.0,LD,729.6,3336.6,-78.0,LD,2026-08-20 06:46:36.065270
2026-08-19,2026-06-01,2026-08-19,district,ASSAM & MEGHALAYA,MEGHALAYA,WEST KHASI HILLS,10.2,12.6,-19.0,N,582.7,1963.9,-70.0,LD,2026-08-20 06:46:36.065270
2026-08-19,2026-06-01,2026-08-19,district,BIHAR,BIHAR,ARARIA,1.9,7.7,-75.0,LD,643.9,961.7,-33.0,D,2026-08-20 06:46:36.065270
2026-08-19,2026-06-01,2026-08-19,district,BIHAR,BIHAR,ARWAL,9.9,10.1,-2.0,N,265.3,463.5,-43.0,D,2026-08-20 06:46:36.065270
2026-08-19,2026-06-01,2026-08-19,district,BIHAR,BIHAR,AURANGABAD,25.1,9.1,176.0,LE,451.7,580.5,-22.0,D,2026-08-20 06:46:36.065270
2026-08-19,2026-06-01,2026-08-19,district,BIHAR,BIHAR,BANKA,2.5,10.7,-77.0,LD,306.8,597.3,-49.0,D,2026-08-20 06:46:36.065270
2026-08-19,2026-06-01,2026-08-19,district,BIHAR,BIHAR,BEGUSARAI,5.6,5.1,10.0,N,405.2,666.4,-39.0,D,2026-08-20 06:46:36.065270
2026-08-19,2026-06-01,2026-08-19,district,BIHAR,BIHAR,BHABUA,22.7,9.4,141.0,LE,288.3,577.2,-50.0,D,2026-08-20 06:46:36.065270
2026-08-19,2026-06-01,2026-08-19,district,BIHAR,BIHAR,BHAGALPUR,2.2,10.1,-78.0,LD,263.4,656.5,-60.0,LD,2026-08-20 06:46:36.065270
2026-08-19,2026-06-01,2026-08-19,district,BIHAR,BIHAR,BHOJPUR,5.0,9.7,-49.0,D,282.7,588.8,-52.0,D,2026-08-20 06:46:36.065270
2026-08-19,2026-06-01,2026-08-19,district,BIHAR,BIHAR,BUXAR,10.1,9.4,8.0,N,393.6,532.2,-26.0,D,2026-08-20 06:46:36.065270
2026-08-19,2026-06-01,2026-08-19,district,BIHAR,BIHAR,DARBHANGA,4.3,5.6,-23.0,D,307.0,623.0,-51.0,D,2026-08-20 06:46:36.065270
2026-08-19,2026-06-01,2026-08-19,district,BIHAR,BIHAR,EAST CHAMPARAN,1.2,9.8,-88.0,LD,416.1,728.5,-43.0,D,2026-08-20 06:46:36.065270
2026-08-19,2026-06-01,2026-08-19,district,BIHAR,BIHAR,GAYA,12.9,7.4,74.0,LE,362.1,573.8,-37.0,D,2026-08-20 06:46:36.065270
2026-08-19,2026-06-01,2026-08-19,district,BIHAR,BIHAR,GOPALGANJ,0.9,6.5,-86.0,LD,420.5,649.5,-35.0,D,2026-08-20 06:46:36.065270
2026-08-19,2026-06-01,2026-08-19,district,BIHAR,BIHAR,JAHANABAD,7.4,10.3,-28.0,D,209.6,568.8,-63.0,LD,2026-08-20 06:46:36.065270
2026-08-19,2026-06-01,2026-08-19,district,BIHAR,BIHAR,JAMUI,3.1,6.5,-53.0,D,292.1,624.9,-53.0,D,2026-08-20 06:46:36.065270
2026-08-19,2026-06-01,2026-08-19,district,BIHAR,BIHAR,KATIHAR,3.5,7.8,-56.0,D,437.3,716.5,-39.0,D,2026-08-20 06:46:36.065270
2026-08-19,2026-06-01,2026-08-19,district,BIHAR,BIHAR,KHAGARIA,5.5,6.2,-11.0,N,575.6,644.4,-11.0,N,2026-08-20 06:46:36.065270
2026-08-19,2026-06-01,2026-08-19,district,BIHAR,BIHAR,KISHANGANJ,6.4,7.6,-16.0,N,867.0,1206.6,-28.0,D,2026-08-20 06:46:36.065270
2026-08-19,2026-06-01,2026-08-19,district,BIHAR,BIHAR,LAKHISARAI,1.1,6.7,-84.0,LD,489.1,575.9,-15.0,N,2026-08-20 06:46:36.065270
2026-08-19,2026-06-01,2026-08-19,district,BIHAR,BIHAR,MADHEPURA,9.5,7.3,30.0,E,435.3,695.7,-37.0,D,2026-08-20 06:46:36.065270
2026-08-19,2026-06-01,2026-08-19,district,BIHAR,BIHAR,MADHUBANI,0.9,8.7,-90.0,LD,415.1,685.1,-39.0,D,2026-08-20 06:46:36.065270
2026-08-19,2026-06-01,2026-08-19,district,BIHAR,BIHAR,MUNGER,3.3,6.7,-51.0,D,424.3,687.8,-38.0,D,2026-08-20 06:46:36.065270
2026-08-19,2026-06-01,2026-08-19,district,BIHAR,BIHAR,MUZAFFARPUR,3.0,6.8,-55.0,D,338.7,651.2,-48.0,D,2026-08-20 06:46:36.065270
2026-08-19,2026-06-01,2026-08-19,district,BIHAR,BIHAR,NALANDA,8.1,6.8,20.0,E,313.6,575.9,-46.0,D,2026-08-20 06:46:36.065270
2026-08-19,2026-06-01,2026-08-19,district,BIHAR,BIHAR,NAWADA,4.6,6.3,-26.0,D,363.6,572.6,-36.0,D,2026-08-20 06:46:36.065270
2026-08-19,2026-06-01,2026-08-19,district,BIHAR,BIHAR,PATNA,6.0,6.9,-13.0,N,302.1,591.6,-49.0,D,2026-08-20 06:46:36.065270
2026-08-19,2026-06-01,2026-08-19,district,BIHAR,BIHAR,PURNEA,6.0,6.1,-1.0,N,569.9,965.7,-41.0,D,2026-08-20 06:46:36.065270
2026-08-19,2026-06-01,2026-08-19,district,BIHAR,BIHAR,ROHTAS,10.8,6.4,68.0,LE,344.6,564.9,-39.0,D,2026-08-20 06:46:36.065270
2026-08-19,2026-06-01,2026-08-19,district,BIHAR,BIHAR,SAHARSA,3.4,8.7,-61.0,LD,391.5,738.0,-47.0,D,2026-08-20 06:46:36.065270
2026-08-19,2026-06-01,2026-08-19,district,BIHAR,BIHAR,SAMASTIPUR,1.0,6.9,-86.0,LD,343.9,630.6,-45.0,D,2026-08-20 06:46:36.065270
2026-08-19,2026-06-01,2026-08-19,district,BIHAR,BIHAR,SARAN,0.7,9.4,-93.0,LD,328.4,602.7,-46.0,D,2026-08-20 06:46:36.065270
2026-08-19,2026-06-01,2026-08-19,district,BIHAR,BIHAR,SHEIKHPURA,1.1,4.0,-72.0,LD,339.5,558.6,-39.0,D,2026-08-20 06:46:36.065270
2026-08-19,2026-06-01,2026-08-19,district,BIHAR,BIHAR,SHEOHAR,1.8,5.3,-65.0,LD,303.1,686.5,-56.0,D,2026-08-20 06:46:36.065270
2026-08-19,2026-06-01,2026-08-19,district,BIHAR,BIHAR,SITAMARHI,0.9,8.7,-89.0,LD,323.8,753.7,-57.0,D,2026-08-20 06:46:36.065270
2026-08-19,2026-06-01,2026-08-19,district,BIHAR,BIHAR,SIWAN,2.8,9.3,-70.0,LD,557.3,597.7,-7.0,N,2026-08-20 06:46:36.065270
2026-08-19,2026-06-01,2026-08-19,district,BIHAR,BIHAR,SUPAUL,7.0,7.8,-11.0,N,573.2,756.5,-24.0,D,2026-08-20 06:46:36.065270
2026-08-19,2026-06-01,2026-08-19,district,BIHAR,BIHAR,VAISHALI,1.4,7.7,-82.0,LD,375.7,612.1,-39.0,D,2026-08-20 06:46:36.065270
2026-08-19,2026-06-01,2026-08-19,district,BIHAR,BIHAR,WEST CHAMPARAN,0.0,11.5,-99.0,LD,574.1,858.2,-33.0,D,2026-08-20 06:46:36.065270
2026-08-19,2026-06-01,2026-08-19,district,CHHATTISGARH,CHHATTISGARH,BALOD,5.9,11.7,-49.0,D,798.7,703.0,14.0,N,2026-08-20 06:46:36.065270
2026-08-19,2026-06-01,2026-08-19,district,CHHATTISGARH,CHHATTISGARH,BALODA BAZAR,10.0,11.9,-16.0,N,833.2,657.7,27.0,E,2026-08-20 06:46:36.065270
2026-08-19,2026-06-01,2026-08-19,district,CHHATTISGARH,CHHATTISGARH,BALRAMPUR,122.5,11.8,938.0,LE,971.4,675.6,44.0,E,2026-08-20 06:46:36.065270
2026-08-19,2026-06-01,2026-08-19,district,CHHATTISGARH,CHHATTISGARH,BASTAR,1.9,11.3,-83.0,LD,627.4,826.5,-24.0,D,2026-08-20 06:46:36.065270
2026-08-19,2026-06-01,2026-08-19,district,CHHATTISGARH,CHHATTISGARH,BEMETARA,2.8,7.2,-61.0,LD,442.9,736.8,-40.0,D,2026-08-20 06:46:36.065270
2026-08-19,2026-06-01,2026-08-19,district,CHHATTISGARH,CHHATTISGARH,BIJAPUR,11.8,15.0,-21.0,D,923.1,983.3,-6.0,N,2026-08-20 06:46:36.065270
2026-08-19,2026-06-01,2026-08-19,district,CHHATTISGARH,CHHATTISGARH,BILASPUR,13.9,21.0,-34.0,D,790.4,732.6,8.0,N,2026-08-20 06:46:36.065270
2026-08-19,2026-06-01,2026-08-19,district,CHHATTISGARH,CHHATTISGARH,DANTEWADA,2.3,20.6,-89.0,LD,738.1,911.3,-19.0,N,2026-08-20 06:46:36.065270
2026-08-19,2026-06-01,2026-08-19,district,CHHATTISGARH,CHHATTISGARH,DHAMTARI,7.2,13.3,-46.0,D,759.1,734.3,3.0,N,2026-08-20 06:46:36.065270
2026-08-19,2026-06-01,2026-08-19,district,CHHATTISGARH,CHHATTISGARH,DURG,6.3,9.3,-32.0,D,603.5,696.0,-13.0,N,2026-08-20 06:46:36.065270
2026-08-19,2026-06-01,2026-08-19,district,CHHATTISGARH,CHHATTISGARH,GARIABAND,15.5,15.2,2.0,N,844.6,726.0,16.0,N,2026-08-20 06:46:36.065270
2026-08-19,2026-06-01,2026-08-19,district,CHHATTISGARH,CHHATTISGARH,GAURELA PENDRA MARWAHI,28.4,12.0,137.0,LE,720.7,752.0,-4.0,N,2026-08-20 06:46:36.065270
2026-08-19,2026-06-01,2026-08-19,district,CHHATTISGARH,CHHATTISGARH,JANJGIR,11.5,9.7,19.0,N,931.7,763.9,22.0,E,2026-08-20 06:46:36.065270
2026-08-19,2026-06-01,2026-08-19,district,CHHATTISGARH,CHHATTISGARH,JASHPUR,35.9,6.2,478.0,LE,649.4,960.2,-32.0,D,2026-08-20 06:46:36.065270
2026-08-19,2026-06-01,2026-08-19,district,CHHATTISGARH,CHHATTISGARH,KABIRDHAM,2.5,11.0,-78.0,LD,464.5,603.2,-23.0,D,2026-08-20 06:46:36.065270
2026-08-19,2026-06-01,2026-08-19,district,CHHATTISGARH,CHHATTISGARH,KANKER,4.3,18.5,-77.0,LD,586.4,942.1,-38.0,D,2026-08-20 06:46:36.065270
2026-08-19,2026-06-01,2026-08-19,district,CHHATTISGARH,CHHATTISGARH,KHAIRAGARH CHH GANDAI,5.8,8.0,-28.0,D,520.8,505.3,3.0,N,2026-08-20 06:46:36.065270
2026-08-19,2026-06-01,2026-08-19,district,CHHATTISGARH,CHHATTISGARH,KONDAGAON,4.3,15.8,-73.0,LD,643.3,813.6,-21.0,D,2026-08-20 06:46:36.065270
2026-08-19,2026-06-01,2026-08-19,district,CHHATTISGARH,CHHATTISGARH,KORBA,21.2,15.1,41.0,E,804.8,894.2,-10.0,N,2026-08-20 06:46:36.065270
2026-08-19,2026-06-01,2026-08-19,district,CHHATTISGARH,CHHATTISGARH,KORIYA,22.1,9.3,137.0,LE,657.8,779.8,-16.0,N,2026-08-20 06:46:36.065270
2026-08-19,2026-06-01,2026-08-19,district,CHHATTISGARH,CHHATTISGARH,MAHASAMUND,12.3,15.5,-21.0,D,938.5,732.7,28.0,E,2026-08-20 06:46:36.065270
2026-08-19,2026-06-01,2026-08-19,district,CHHATTISGARH,CHHATTISGARH,MANENDRAGARH BHARATPUR,23.1,9.3,149.0,LE,766.9,779.7,-2.0,N,2026-08-20 06:46:36.065270
2026-08-19,2026-06-01,2026-08-19,district,CHHATTISGARH,CHHATTISGARH,MOHALA MANPUR CHOWKI,2.6,10.3,-74.0,LD,613.8,728.8,-16.0,N,2026-08-20 06:46:36.065270
2026-08-19,2026-06-01,2026-08-19,district,CHHATTISGARH,CHHATTISGARH,MUNGELI,7.5,6.5,16.0,N,836.1,669.1,25.0,E,2026-08-20 06:46:36.065270
2026-08-19,2026-06-01,2026-08-19,district,CHHATTISGARH,CHHATTISGARH,NARAYANPUR,2.2,20.1,-89.0,LD,1063.3,868.4,22.0,E,2026-08-20 06:46:36.065270
2026-08-19,2026-06-01,2026-08-19,district,CHHATTISGARH,CHHATTISGARH,RAIGARH,30.9,10.8,186.0,LE,791.3,822.1,-4.0,N,2026-08-20 06:46:36.065270
2026-08-19,2026-06-01,2026-08-19,district,CHHATTISGARH,CHHATTISGARH,RAIPUR,5.5,12.1,-54.0,D,803.7,710.8,13.0,N,2026-08-20 06:46:36.065270
2026-08-19,2026-06-01,2026-08-19,district,CHHATTISGARH,CHHATTISGARH,RAJNANDGAON,10.2,12.9,-21.0,D,638.4,735.1,-13.0,N,2026-08-20 06:46:36.065270
2026-08-19,2026-06-01,2026-08-19,district,CHHATTISGARH,CHHATTISGARH,SAKTI,13.3,7.8,71.0,LE,777.6,772.1,1.0,N,2026-08-20 06:46:36.065270
2026-08-19,2026-06-01,2026-08-19,district,CHHATTISGARH,CHHATTISGARH,SARANGARH BILAIGARH,13.4,8.1,66.0,LE,1004.8,644.4,56.0,E,2026-08-20 06:46:36.065270
2026-08-19,2026-06-01,2026-08-19,district,CHHATTISGARH,CHHATTISGARH,SUKMA,10.1,8.8,15.0,N,696.7,842.2,-17.0,N,2026-08-20 06:46:36.065270
2026-08-19,2026-06-01,2026-08-19,district,CHHATTISGARH,CHHATTISGARH,SURAJPUR,41.6,13.6,206.0,LE,891.0,848.9,5.0,N,2026-08-20 06:46:36.065270
2026-08-19,2026-06-01,2026-08-19,district,CHHATTISGARH,CHHATTISGARH,SURGUJA,29.5,11.5,157.0,LE,488.1,840.7,-42.0,D,2026-08-20 06:46:36.065270
2026-08-19,2026-06-01,2026-08-19,district,COASTAL A. P. & YANAM,ANDHRA PRADESH,ANAKAPALLI,0.0,5.2,-100.0,NR,257.2,381.7,-33.0,D,2026-08-20 06:46:36.065270
2026-08-19,2026-06-01,2026-08-19,district,COASTAL A. P. & YANAM,ANDHRA PRADESH,BAPATLA,3.5,2.6,35.0,E,134.9,322.4,-58.0,D,2026-08-20 06:46:36.065270
2026-08-19,2026-06-01,2026-08-19,district,COASTAL A. P. & YANAM,ANDHRA PRADESH,DR B R AMBEDKAR KONASEEMA,0.0,5.4,-100.0,NR,426.2,507.5,-16.0,N,2026-08-20 06:46:36.065270
2026-08-19,2026-06-01,2026-08-19,district,COASTAL A. P. & YANAM,ANDHRA PRADESH,EAST GODAVARI,5.6,6.5,-14.0,N,309.7,480.3,-36.0,D,2026-08-20 06:46:36.065270
2026-08-19,2026-06-01,2026-08-19,district,COASTAL A. P. & YANAM,ANDHRA PRADESH,ELURU,11.0,9.3,18.0,N,363.9,580.1,-37.0,D,2026-08-20 06:46:36.065270
2026-08-19,2026-06-01,2026-08-19,district,COASTAL A. P. & YANAM,ANDHRA PRADESH,GUNTUR,1.8,5.0,-64.0,LD,286.1,379.5,-25.0,D,2026-08-20 06:46:36.065270
2026-08-19,2026-06-01,2026-08-19,district,COASTAL A. P. & YANAM,ANDHRA PRADESH,KAKINADA,3.3,6.7,-51.0,D,286.3,430.2,-33.0,D,2026-08-20 06:46:36.065270
2026-08-19,2026-06-01,2026-08-19,district,COASTAL A. P. & YANAM,ANDHRA PRADESH,KRISHNA,2.7,5.9,-55.0,D,278.5,435.9,-36.0,D,2026-08-20 06:46:36.065270
2026-08-19,2026-06-01,2026-08-19,district,COASTAL A. P. & YANAM,ANDHRA PRADESH,NTR DISTRICT,4.1,6.3,-35.0,D,311.2,459.3,-32.0,D,2026-08-20 06:46:36.065270
2026-08-19,2026-06-01,2026-08-19,district,COASTAL A. P. & YANAM,ANDHRA PRADESH,PALNADU,0.6,4.2,-85.0,LD,207.1,341.1,-39.0,D,2026-08-20 06:46:36.065270
2026-08-19,2026-06-01,2026-08-19,district,COASTAL A. P. & YANAM,ANDHRA PRADESH,PARVATHIPURAM MANYAM,0.0,7.0,-100.0,NR,278.0,499.2,-44.0,D,2026-08-20 06:46:36.065270
2026-08-19,2026-06-01,2026-08-19,district,COASTAL A. P. & YANAM,ANDHRA PRADESH,PRAKASAM,0.4,2.0,-78.0,LD,96.8,208.9,-54.0,D,2026-08-20 06:46:36.065270
2026-08-19,2026-06-01,2026-08-19,district,COASTAL A. P. & YANAM,ANDHRA PRADESH,SPSR NELLORE,0.0,3.1,-100.0,NR,124.3,189.4,-34.0,D,2026-08-20 06:46:36.065270
2026-08-19,2026-06-01,2026-08-19,district,COASTAL A. P. & YANAM,ANDHRA PRADESH,SRI ALLURI SITHARAMARAJU DISTRICT,4.5,8.0,-44.0,D,314.0,615.9,-49.0,D,2026-08-20 06:46:36.065270
2026-08-19,2026-06-01,2026-08-19,district,COASTAL A. P. & YANAM,ANDHRA PRADESH,SRIKAKULAM,0.2,4.9,-97.0,LD,262.6,447.5,-41.0,D,2026-08-20 06:46:36.065270
2026-08-19,2026-06-01,2026-08-19,district,COASTAL A. P. & YANAM,ANDHRA PRADESH,VISHAKHAPATNAM,0.0,3.6,-100.0,NR,233.3,341.0,-32.0,D,2026-08-20 06:46:36.065270
2026-08-19,2026-06-01,2026-08-19,district,COASTAL A. P. & YANAM,ANDHRA PRADESH,VIZIANAGARAM,0.0,5.5,-100.0,NR,296.9,425.6,-30.0,D,2026-08-20 06:46:36.065270
2026-08-19,2026-06-01,2026-08-19,district,COASTAL A. P. & YANAM,ANDHRA PRADESH,WEST GODAVARI,4.5,7.1,-36.0,D,234.4,487.8,-52.0,D,2026-08-20 06:46:36.065270
2026-08-19,2026-06-01,2026-08-19,district,COASTAL A. P. & YANAM,PUDUCHERRY (UT),YANAM,10.2,6.7,52.0,E,285.4,465.3,-39.0,D,2026-08-20 06:46:36.065270
2026-08-19,2026-06-01,2026-08-19,district,COASTAL KARNATAKA,KARNATAKA,DAKSHINA KANNADA,31.8,24.8,28.0,E,2166.8,2717.3,-20.0,D,2026-08-20 06:46:36.065270
2026-08-19,2026-06-01,2026-08-19,district,COASTAL KARNATAKA,KARNATAKA,UDUPI,45.1,31.8,42.0,E,2297.5,3081.2,-25.0,D,2026-08-20 06:46:36.065270
2026-08-19,2026-06-01,2026-08-19,district,COASTAL KARNATAKA,KARNATAKA,UTTARA KANNADA,13.9,21.0,-34.0,D,1707.2,2277.5,-25.0,D,2026-08-20 06:46:36.065270
2026-08-19,2026-06-01,2026-08-19,district,EAST MADHYA PRADESH,MADHYA PRADESH,ANUPPUR,43.4,9.6,352.0,LE,799.9,699.8,14.0,N,2026-08-20 06:46:36.065270
2026-08-19,2026-06-01,2026-08-19,district,EAST MADHYA PRADESH,MADHYA PRADESH,BALAGHAT,9.5,15.9,-40.0,D,815.2,899.0,-9.0,N,2026-08-20 06:46:36.065270
2026-08-19,2026-06-01,2026-08-19,district,EAST MADHYA PRADESH,MADHYA PRADESH,CHHATARPUR,18.5,14.3,30.0,E,512.6,645.2,-21.0,D,2026-08-20 06:46:36.065270
2026-08-19,2026-06-01,2026-08-19,district,EAST MADHYA PRADESH,MADHYA PRADESH,CHHINDWARA,0.6,15.4,-96.0,LD,580.1,718.5,-19.0,N,2026-08-20 06:46:36.065270
2026-08-19,2026-06-01,2026-08-19,district,EAST MADHYA PRADESH,MADHYA PRADESH,DAMOH,4.9,13.7,-64.0,LD,638.1,773.0,-17.0,N,2026-08-20 06:46:36.065270
2026-08-19,2026-06-01,2026-08-19,district,EAST MADHYA PRADESH,MADHYA PRADESH,DINDORI,32.0,11.3,183.0,LE,764.8,846.9,-10.0,N,2026-08-20 06:46:36.065270
2026-08-19,2026-06-01,2026-08-19,district,EAST MADHYA PRADESH,MADHYA PRADESH,JABALPUR,11.7,15.0,-22.0,D,573.2,793.4,-28.0,D,2026-08-20 06:46:36.065270
2026-08-19,2026-06-01,2026-08-19,district,EAST MADHYA PRADESH,MADHYA PRADESH,KATNI,38.7,12.7,204.0,LE,540.0,660.0,-18.0,N,2026-08-20 06:46:36.065270
2026-08-19,2026-06-01,2026-08-19,district,EAST MADHYA PRADESH,MADHYA PRADESH,MAIHAR,19.1,16.3,17.0,N,552.0,677.2,-18.0,N,2026-08-20 06:46:36.065270
2026-08-19,2026-06-01,2026-08-19,district,EAST MADHYA PRADESH,MADHYA PRADESH,MANDLA,9.4,14.5,-35.0,D,709.0,870.5,-19.0,N,2026-08-20 06:46:36.065270
2026-08-19,2026-06-01,2026-08-19,district,EAST MADHYA PRADESH,MADHYA PRADESH,MAUGANJ,71.0,10.7,564.0,LE,834.1,648.6,29.0,E,2026-08-20 06:46:36.065270
2026-08-19,2026-06-01,2026-08-19,district,EAST MADHYA PRADESH,MADHYA PRADESH,NARSINGHPUR,2.6,14.6,-82.0,LD,616.2,713.6,-14.0,N,2026-08-20 06:46:36.065270
2026-08-19,2026-06-01,2026-08-19,district,EAST MADHYA PRADESH,MADHYA PRADESH,NIWARI,21.7,18.7,16.0,N,484.7,520.2,-7.0,N,2026-08-20 06:46:36.065270
2026-08-19,2026-06-01,2026-08-19,district,EAST MADHYA PRADESH,MADHYA PRADESH,PANDHURNA,0.5,6.6,-92.0,LD,485.1,559.7,-13.0,N,2026-08-20 06:46:36.065270
2026-08-19,2026-06-01,2026-08-19,district,EAST MADHYA PRADESH,MADHYA PRADESH,PANNA,69.8,13.3,425.0,LE,630.9,746.6,-16.0,N,2026-08-20 06:46:36.065270
2026-08-19,2026-06-01,2026-08-19,district,EAST MADHYA PRADESH,MADHYA PRADESH,REWA,27.8,8.5,228.0,LE,357.4,671.2,-47.0,D,2026-08-20 06:46:36.065270
2026-08-19,2026-06-01,2026-08-19,district,EAST MADHYA PRADESH,MADHYA PRADESH,SAGAR,0.1,14.8,-99.0,LD,528.8,760.3,-30.0,D,2026-08-20 06:46:36.065270
2026-08-19,2026-06-01,2026-08-19,district,EAST MADHYA PRADESH,MADHYA PRADESH,SATNA,60.0,14.9,302.0,LE,662.0,659.8,0.0,N,2026-08-20 06:46:36.065270
2026-08-19,2026-06-01,2026-08-19,district,EAST MADHYA PRADESH,MADHYA PRADESH,SEONI,1.4,12.7,-89.0,LD,642.2,733.5,-12.0,N,2026-08-20 06:46:36.065270
2026-08-19,2026-06-01,2026-08-19,district,EAST MADHYA PRADESH,MADHYA PRADESH,SHAHDOL,38.3,8.4,356.0,LE,703.6,675.1,4.0,N,2026-08-20 06:46:36.065270
2026-08-19,2026-06-01,2026-08-19,district,EAST MADHYA PRADESH,MADHYA PRADESH,SIDHI,43.7,11.5,280.0,LE,747.8,681.7,10.0,N,2026-08-20 06:46:36.065270
2026-08-19,2026-06-01,2026-08-19,district,EAST MADHYA PRADESH,MADHYA PRADESH,SINGRAULI,63.4,15.4,311.0,LE,708.3,718.5,-1.0,N,2026-08-20 06:46:36.065270
2026-08-19,2026-06-01,2026-08-19,district,EAST MADHYA PRADESH,MADHYA PRADESH,TIKAMGARH,0.1,9.7,-99.0,LD,450.0,657.4,-32.0,D,2026-08-20 06:46:36.065270
2026-08-19,2026-06-01,2026-08-19,district,EAST MADHYA PRADESH,MADHYA PRADESH,UMARIA,61.6,11.4,440.0,LE,758.1,703.9,8.0,N,2026-08-20 06:46:36.065270
2026-08-19,2026-06-01,2026-08-19,district,EAST RAJASTHAN,RAJASTHAN,AJMER,0.0,3.5,-100.0,NR,309.1,341.7,-10.0,N,2026-08-20 06:46:36.065270
2026-08-19,2026-06-01,2026-08-19,district,EAST RAJASTHAN,RAJASTHAN,ALWAR,0.1,4.7,-98.0,LD,349.0,392.9,-11.0,N,2026-08-20 06:46:36.065270
2026-08-19,2026-06-01,2026-08-19,district,EAST RAJASTHAN,RAJASTHAN,BANSWARA,1.1,9.4,-89.0,LD,367.3,612.9,-40.0,D,2026-08-20 06:46:36.065270
2026-08-19,2026-06-01,2026-08-19,district,EAST RAJASTHAN,RAJASTHAN,BARAN,0.6,12.1,-95.0,LD,474.6,618.1,-23.0,D,2026-08-20 06:46:36.065270
2026-08-19,2026-06-01,2026-08-19,district,EAST RAJASTHAN,RAJASTHAN,BHARATPUR,0.0,4.5,-100.0,NR,481.7,381.8,26.0,E,2026-08-20 06:46:36.065270
2026-08-19,2026-06-01,2026-08-19,district,EAST RAJASTHAN,RAJASTHAN,BHILWARA,0.0,6.1,-100.0,NR,336.5,447.4,-25.0,D,2026-08-20 06:46:36.065270
2026-08-19,2026-06-01,2026-08-19,district,EAST RAJASTHAN,RAJASTHAN,BUNDI,0.0,5.5,-100.0,NR,345.4,478.5,-28.0,D,2026-08-20 06:46:36.065270
2026-08-19,2026-06-01,2026-08-19,district,EAST RAJASTHAN,RAJASTHAN,CHITTORGARH,0.0,8.5,-100.0,NR,449.7,523.5,-14.0,N,2026-08-20 06:46:36.065270
2026-08-19,2026-06-01,2026-08-19,district,EAST RAJASTHAN,RAJASTHAN,DAUSA,0.0,4.6,-100.0,NR,411.2,438.2,-6.0,N,2026-08-20 06:46:36.065270
2026-08-19,2026-06-01,2026-08-19,district,EAST RAJASTHAN,RAJASTHAN,DHOLPUR,0.0,5.6,-100.0,NR,438.5,414.1,6.0,N,2026-08-20 06:46:36.065270
2026-08-19,2026-06-01,2026-08-19,district,EAST RAJASTHAN,RAJASTHAN,DUNGARPUR,0.0,5.9,-100.0,NR,340.4,495.5,-31.0,D,2026-08-20 06:46:36.065270
2026-08-19,2026-06-01,2026-08-19,district,EAST RAJASTHAN,RAJASTHAN,JAIPUR,0.0,5.1,-100.0,NR,298.6,388.6,-23.0,D,2026-08-20 06:46:36.065270
2026-08-19,2026-06-01,2026-08-19,district,EAST RAJASTHAN,RAJASTHAN,JHALAWAR,0.0,12.1,-100.0,NR,531.5,626.4,-15.0,N,2026-08-20 06:46:36.065270
2026-08-19,2026-06-01,2026-08-19,district,EAST RAJASTHAN,RAJASTHAN,JHUNJHUNU,0.0,3.2,-100.0,NR,393.1,304.0,29.0,E,2026-08-20 06:46:36.065270
2026-08-19,2026-06-01,2026-08-19,district,EAST RAJASTHAN,RAJASTHAN,KARAULI,0.0,5.8,-100.0,NR,347.2,440.5,-21.0,D,2026-08-20 06:46:36.065270
2026-08-19,2026-06-01,2026-08-19,district,EAST RAJASTHAN,RAJASTHAN,KOTA,0.0,11.0,-100.0,NR,379.4,543.7,-30.0,D,2026-08-20 06:46:36.065270
2026-08-19,2026-06-01,2026-08-19,district,EAST RAJASTHAN,RAJASTHAN,PRATAPGARH,0.4,10.5,-96.0,LD,583.2,633.7,-8.0,N,2026-08-20 06:46:36.065270
2026-08-19,2026-06-01,2026-08-19,district,EAST RAJASTHAN,RAJASTHAN,RAJSAMAND,0.0,5.3,-100.0,NR,303.9,393.2,-23.0,D,2026-08-20 06:46:36.065270
2026-08-19,2026-06-01,2026-08-19,district,EAST RAJASTHAN,RAJASTHAN,SAWAI MADHOPUR,0.0,5.3,-100.0,NR,311.6,493.7,-37.0,D,2026-08-20 06:46:36.065270
2026-08-19,2026-06-01,2026-08-19,district,EAST RAJASTHAN,RAJASTHAN,SIKAR,0.0,4.5,-100.0,NR,324.7,316.2,3.0,N,2026-08-20 06:46:36.065270
2026-08-19,2026-06-01,2026-08-19,district,EAST RAJASTHAN,RAJASTHAN,SIROHI,0.0,8.8,-100.0,NR,409.6,648.1,-37.0,D,2026-08-20 06:46:36.065270
2026-08-19,2026-06-01,2026-08-19,district,EAST RAJASTHAN,RAJASTHAN,TONK,0.0,5.1,-100.0,NR,331.0,427.5,-23.0,D,2026-08-20 06:46:36.065270
2026-08-19,2026-06-01,2026-08-19,district,EAST RAJASTHAN,RAJASTHAN,UDAIPUR,0.0,5.0,-100.0,NR,339.2,437.9,-23.0,D,2026-08-20 06:46:36.065270
2026-08-19,2026-06-01,2026-08-19,district,EAST UTTAR PRADESH,UTTAR PRADESH,AMBEDKAR NAGAR,29.3,11.0,166.0,LE,394.6,581.8,-32.0,D,2026-08-20 06:46:36.065270
2026-08-19,2026-06-01,2026-08-19,district,EAST UTTAR PRADESH,UTTAR PRADESH,AMETHI,9.2,7.4,25.0,E,227.0,462.3,-51.0,D,2026-08-20 06:46:36.065270
2026-08-19,2026-06-01,2026-08-19,district,EAST UTTAR PRADESH,UTTAR PRADESH,AYODHYA,6.3,11.9,-47.0,D,442.1,590.7,-25.0,D,2026-08-20 06:46:36.065270
2026-08-19,2026-06-01,2026-08-19,district,EAST UTTAR PRADESH,UTTAR PRADESH,AZAMGARH,18.1,6.6,174.0,LE,361.9,563.0,-36.0,D,2026-08-20 06:46:36.065270
2026-08-19,2026-06-01,2026-08-19,district,EAST UTTAR PRADESH,UTTAR PRADESH,BAHRAICH,13.9,12.3,13.0,N,616.7,680.5,-9.0,N,2026-08-20 06:46:36.065270
2026-08-19,2026-06-01,2026-08-19,district,EAST UTTAR PRADESH,UTTAR PRADESH,BALLIA,0.0,8.5,-100.0,NR,400.4,495.8,-19.0,N,2026-08-20 06:46:36.065270
2026-08-19,2026-06-01,2026-08-19,district,EAST UTTAR PRADESH,UTTAR PRADESH,BALRAMPUR,4.1,13.6,-70.0,LD,486.5,562.8,-14.0,N,2026-08-20 06:46:36.065270
2026-08-19,2026-06-01,2026-08-19,district,EAST UTTAR PRADESH,UTTAR PRADESH,BANDA,13.9,10.4,34.0,E,479.8,531.5,-10.0,N,2026-08-20 06:46:36.065270
2026-08-19,2026-06-01,2026-08-19,district,EAST UTTAR PRADESH,UTTAR PRADESH,BARABANKI,8.3,8.2,1.0,N,516.9,550.3,-6.0,N,2026-08-20 06:46:36.065270
2026-08-19,2026-06-01,2026-08-19,district,EAST UTTAR PRADESH,UTTAR PRADESH,BASTI,0.0,14.2,-100.0,NR,380.9,571.1,-33.0,D,2026-08-20 06:46:36.065270
2026-08-19,2026-06-01,2026-08-19,district,EAST UTTAR PRADESH,UTTAR PRADESH,BHADOHI,17.0,14.5,17.0,N,178.5,541.5,-67.0,LD,2026-08-20 06:46:36.065270
2026-08-19,2026-06-01,2026-08-19,district,EAST UTTAR PRADESH,UTTAR PRADESH,CHANDAULI,21.0,13.4,57.0,E,284.0,491.0,-42.0,D,2026-08-20 06:46:36.065270
2026-08-19,2026-06-01,2026-08-19,district,EAST UTTAR PRADESH,UTTAR PRADESH,CHITRAKOOT,49.8,10.3,383.0,LE,715.1,539.3,33.0,E,2026-08-20 06:46:36.065270
2026-08-19,2026-06-01,2026-08-19,district,EAST UTTAR PRADESH,UTTAR PRADESH,DEORIA,0.0,8.5,-100.0,NR,153.5,552.2,-72.0,LD,2026-08-20 06:46:36.065270
2026-08-19,2026-06-01,2026-08-19,district,EAST UTTAR PRADESH,UTTAR PRADESH,FARRUKHABAD,2.3,12.9,-83.0,LD,372.4,505.7,-26.0,D,2026-08-20 06:46:36.065270
2026-08-19,2026-06-01,2026-08-19,district,EAST UTTAR PRADESH,UTTAR PRADESH,FATEHPUR,7.7,8.3,-8.0,N,247.4,469.0,-47.0,D,2026-08-20 06:46:36.065270
2026-08-19,2026-06-01,2026-08-19,district,EAST UTTAR PRADESH,UTTAR PRADESH,GHAZIPUR,10.2,9.9,3.0,N,319.9,520.9,-39.0,D,2026-08-20 06:46:36.065270
2026-08-19,2026-06-01,2026-08-19,district,EAST UTTAR PRADESH,UTTAR PRADESH,GONDA,33.5,9.8,242.0,LE,508.7,601.8,-15.0,N,2026-08-20 06:46:36.065270
2026-08-19,2026-06-01,2026-08-19,district,EAST UTTAR PRADESH,UTTAR PRADESH,GORAKHPUR,0.0,16.3,-100.0,NR,613.2,855.9,-28.0,D,2026-08-20 06:46:36.065270
2026-08-19,2026-06-01,2026-08-19,district,EAST UTTAR PRADESH,UTTAR PRADESH,HARDOI,0.0,6.6,-100.0,NR,337.2,455.2,-26.0,D,2026-08-20 06:46:36.065270
2026-08-19,2026-06-01,2026-08-19,district,EAST UTTAR PRADESH,UTTAR PRADESH,JAUNPUR,9.3,6.5,44.0,E,160.2,471.5,-66.0,LD,2026-08-20 06:46:36.065270
2026-08-19,2026-06-01,2026-08-19,district,EAST UTTAR PRADESH,UTTAR PRADESH,KANNAUJ,0.9,9.1,-90.0,LD,533.5,447.1,19.0,N,2026-08-20 06:46:36.065270
2026-08-19,2026-06-01,2026-08-19,district,EAST UTTAR PRADESH,UTTAR PRADESH,KANPUR CITY,0.0,6.9,-100.0,NR,502.8,436.2,15.0,N,2026-08-20 06:46:36.065270
2026-08-19,2026-06-01,2026-08-19,district,EAST UTTAR PRADESH,UTTAR PRADESH,KANPUR DEHAT,0.0,9.0,-100.0,NR,119.9,393.6,-70.0,LD,2026-08-20 06:46:36.065270
2026-08-19,2026-06-01,2026-08-19,district,EAST UTTAR PRADESH,UTTAR PRADESH,KAUSHAMBI,11.0,6.3,75.0,LE,177.0,381.4,-54.0,D,2026-08-20 06:46:36.065270
2026-08-19,2026-06-01,2026-08-19,district,EAST UTTAR PRADESH,UTTAR PRADESH,KHERI,2.6,10.8,-76.0,LD,641.0,632.9,1.0,N,2026-08-20 06:46:36.065270
2026-08-19,2026-06-01,2026-08-19,district,EAST UTTAR PRADESH,UTTAR PRADESH,KUSHI NAGAR,0.0,5.5,-100.0,NR,191.1,520.8,-63.0,LD,2026-08-20 06:46:36.065270
2026-08-19,2026-06-01,2026-08-19,district,EAST UTTAR PRADESH,UTTAR PRADESH,LUCKNOW,15.5,9.6,61.0,LE,391.3,456.5,-14.0,N,2026-08-20 06:46:36.065270
2026-08-19,2026-06-01,2026-08-19,district,EAST UTTAR PRADESH,UTTAR PRADESH,MAHARAJGANJ,0.0,9.9,-100.0,NR,572.2,705.7,-19.0,N,2026-08-20 06:46:36.065270
2026-08-19,2026-06-01,2026-08-19,district,EAST UTTAR PRADESH,UTTAR PRADESH,MAU,0.0,5.6,-100.0,NR,186.5,534.6,-65.0,LD,2026-08-20 06:46:36.065270
2026-08-19,2026-06-01,2026-08-19,district,EAST UTTAR PRADESH,UTTAR PRADESH,MIRZAPUR,27.6,10.8,155.0,LE,620.9,588.4,6.0,N,2026-08-20 06:46:36.065270
2026-08-19,2026-06-01,2026-08-19,district,EAST UTTAR PRADESH,UTTAR PRADESH,PRATAPGARH,60.0,8.2,632.0,LE,504.8,510.6,-1.0,N,2026-08-20 06:46:36.065270
2026-08-19,2026-06-01,2026-08-19,district,EAST UTTAR PRADESH,UTTAR PRADESH,PRAYAGRAJ,60.2,9.5,534.0,LE,583.7,482.4,21.0,E,2026-08-20 06:46:36.065270
2026-08-19,2026-06-01,2026-08-19,district,EAST UTTAR PRADESH,UTTAR PRADESH,RAE BAREILLY,4.6,3.9,19.0,N,175.9,289.2,-39.0,D,2026-08-20 06:46:36.065270
2026-08-19,2026-06-01,2026-08-19,district,EAST UTTAR PRADESH,UTTAR PRADESH,SANT KABIR NAGAR,0.0,8.2,-100.0,NR,347.7,711.1,-51.0,D,2026-08-20 06:46:36.065270
2026-08-19,2026-06-01,2026-08-19,district,EAST UTTAR PRADESH,UTTAR PRADESH,SHRAWASTI,1.0,7.8,-87.0,LD,476.2,783.2,-39.0,D,2026-08-20 06:46:36.065270
2026-08-19,2026-06-01,2026-08-19,district,EAST UTTAR PRADESH,UTTAR PRADESH,SIDDHARTH NAGAR,0.0,10.9,-100.0,NR,488.4,737.4,-34.0,D,2026-08-20 06:46:36.065270
2026-08-19,2026-06-01,2026-08-19,district,EAST UTTAR PRADESH,UTTAR PRADESH,SITAPUR,2.8,10.9,-75.0,LD,301.1,558.6,-46.0,D,2026-08-20 06:46:36.065270
2026-08-19,2026-06-01,2026-08-19,district,EAST UTTAR PRADESH,UTTAR PRADESH,SONBHADRA,18.5,11.3,63.0,LE,511.5,594.0,-14.0,N,2026-08-20 06:46:36.065270
2026-08-19,2026-06-01,2026-08-19,district,EAST UTTAR PRADESH,UTTAR PRADESH,SULTANPUR,4.9,7.0,-30.0,D,462.9,556.9,-17.0,N,2026-08-20 06:46:36.065270
2026-08-19,2026-06-01,2026-08-19,district,EAST UTTAR PRADESH,UTTAR PRADESH,UNNAO,1.8,9.2,-80.0,LD,259.5,431.6,-40.0,D,2026-08-20 06:46:36.065270
2026-08-19,2026-06-01,2026-08-19,district,EAST UTTAR PRADESH,UTTAR PRADESH,VARANASI,45.0,8.4,436.0,LE,399.6,524.5,-24.0,D,2026-08-20 06:46:36.065270
2026-08-19,2026-06-01,2026-08-19,district,GANGETIC WEST BENGAL,WEST BENGAL,BANKURA,16.6,11.4,45.0,E,844.7,803.1,5.0,N,2026-08-20 06:46:36.065270
2026-08-19,2026-06-01,2026-08-19,district,GANGETIC WEST BENGAL,WEST BENGAL,BIRBHUM,14.2,6.0,136.0,LE,622.9,771.7,-19.0,N,2026-08-20 06:46:36.065270
2026-08-19,2026-06-01,2026-08-19,district,GANGETIC WEST BENGAL,WEST BENGAL,EAST MIDNAPORE,0.0,12.7,-100.0,NR,1422.1,844.7,68.0,LE,2026-08-20 06:46:36.065270
2026-08-19,2026-06-01,2026-08-19,district,GANGETIC WEST BENGAL,WEST BENGAL,HOOGHLY,4.0,8.5,-53.0,D,769.8,722.7,7.0,N,2026-08-20 06:46:36.065270
2026-08-19,2026-06-01,2026-08-19,district,GANGETIC WEST BENGAL,WEST BENGAL,HOWRAH,2.3,10.3,-78.0,LD,905.9,798.3,13.0,N,2026-08-20 06:46:36.065270
2026-08-19,2026-06-01,2026-08-19,district,GANGETIC WEST BENGAL,WEST BENGAL,JHARGRAM,5.2,10.7,-51.0,D,781.0,802.0,-3.0,N,2026-08-20 06:46:36.065270
2026-08-19,2026-06-01,2026-08-19,district,GANGETIC WEST BENGAL,WEST BENGAL,KOLKATA,0.4,11.6,-97.0,LD,1069.5,906.2,18.0,N,2026-08-20 06:46:36.065270
2026-08-19,2026-06-01,2026-08-19,district,GANGETIC WEST BENGAL,WEST BENGAL,MURSHIDABAD,11.2,6.7,66.0,LE,529.1,678.2,-22.0,D,2026-08-20 06:46:36.065270
2026-08-19,2026-06-01,2026-08-19,district,GANGETIC WEST BENGAL,WEST BENGAL,NADIA,13.4,4.1,226.0,LE,527.0,652.0,-19.0,N,2026-08-20 06:46:36.065270
2026-08-19,2026-06-01,2026-08-19,district,GANGETIC WEST BENGAL,WEST BENGAL,NORTH 24 PARGANAS,5.9,8.2,-29.0,D,1040.3,796.2,31.0,E,2026-08-20 06:46:36.065270
2026-08-19,2026-06-01,2026-08-19,district,GANGETIC WEST BENGAL,WEST BENGAL,PASCHIM BARDHAMAN,19.2,7.9,142.0,LE,770.5,753.0,2.0,N,2026-08-20 06:46:36.065270
2026-08-19,2026-06-01,2026-08-19,district,GANGETIC WEST BENGAL,WEST BENGAL,PURBA BARDHAMAN,10.7,7.3,47.0,E,694.1,713.4,-3.0,N,2026-08-20 06:46:36.065270
2026-08-19,2026-06-01,2026-08-19,district,GANGETIC WEST BENGAL,WEST BENGAL,PURULIA,35.0,8.3,322.0,LE,607.6,753.8,-19.0,N,2026-08-20 06:46:36.065270
2026-08-19,2026-06-01,2026-08-19,district,GANGETIC WEST BENGAL,WEST BENGAL,SOUTH 24 PARGANAS,0.0,8.5,-100.0,NR,1237.1,991.6,25.0,E,2026-08-20 06:46:36.065270
2026-08-19,2026-06-01,2026-08-19,district,GANGETIC WEST BENGAL,WEST BENGAL,WEST MIDNAPORE,1.5,10.7,-86.0,LD,1184.3,802.0,48.0,E,2026-08-20 06:46:36.065270
2026-08-19,2026-06-01,2026-08-19,district,GUJARAT REGION,DADRA & NAGAR HAVELI AND DAMAN & DIU (UT),DADARA & NAGAR HAVELI,2.1,7.5,-72.0,LD,2839.1,1742.0,63.0,LE,2026-08-20 06:46:36.065270
2026-08-19,2026-06-01,2026-08-19,district,GUJARAT REGION,DADRA & NAGAR HAVELI AND DAMAN & DIU (UT),DAMAN,1.3,7.5,-83.0,LD,2631.7,1742.0,51.0,E,2026-08-20 06:46:36.065270
2026-08-19,2026-06-01,2026-08-19,district,GUJARAT REGION,GUJARAT,AHMEDABAD,0.0,4.6,-100.0,NR,539.4,486.0,11.0,N,2026-08-20 06:46:36.065270
2026-08-19,2026-06-01,2026-08-19,district,GUJARAT REGION,GUJARAT,ANAND,0.0,6.5,-100.0,NR,758.7,602.4,26.0,E,2026-08-20 06:46:36.065270
2026-08-19,2026-06-01,2026-08-19,district,GUJARAT REGION,GUJARAT,ARAVALLI,0.0,8.3,-100.0,NR,386.9,602.8,-36.0,D,2026-08-20 06:46:36.065270
2026-08-19,2026-06-01,2026-08-19,district,GUJARAT REGION,GUJARAT,BANASKANTHA,0.0,3.0,-100.0,NR,379.3,440.9,-14.0,N,2026-08-20 06:46:36.065270
2026-08-19,2026-06-01,2026-08-19,district,GUJARAT REGION,GUJARAT,BHARUCH,0.0,5.7,-100.0,NR,746.4,534.4,40.0,E,2026-08-20 06:46:36.065270
2026-08-19,2026-06-01,2026-08-19,district,GUJARAT REGION,GUJARAT,CHHOTA UDEPUR,0.5,10.4,-95.0,LD,594.2,708.1,-16.0,N,2026-08-20 06:46:36.065270
2026-08-19,2026-06-01,2026-08-19,district,GUJARAT REGION,GUJARAT,DAHOD,0.0,6.7,-100.0,NR,361.1,554.9,-35.0,D,2026-08-20 06:46:36.065270
2026-08-19,2026-06-01,2026-08-19,district,GUJARAT REGION,GUJARAT,DANGS,6.5,14.1,-54.0,D,2270.9,1667.8,36.0,E,2026-08-20 06:46:36.065270
2026-08-19,2026-06-01,2026-08-19,district,GUJARAT REGION,GUJARAT,GANDHINAGAR,0.0,4.7,-100.0,NR,469.1,556.7,-16.0,N,2026-08-20 06:46:36.065270
2026-08-19,2026-06-01,2026-08-19,district,GUJARAT REGION,GUJARAT,KHEDA,0.0,5.2,-100.0,NR,860.6,587.2,47.0,E,2026-08-20 06:46:36.065270
2026-08-19,2026-06-01,2026-08-19,district,GUJARAT REGION,GUJARAT,MAHISAGAR,0.0,5.8,-100.0,NR,671.5,574.5,17.0,N,2026-08-20 06:46:36.065270
2026-08-19,2026-06-01,2026-08-19,district,GUJARAT REGION,GUJARAT,MEHSANA,0.0,4.7,-100.0,NR,448.3,509.7,-12.0,N,2026-08-20 06:46:36.065270
2026-08-19,2026-06-01,2026-08-19,district,GUJARAT REGION,GUJARAT,NARMADA,0.0,6.0,-100.0,NR,860.9,762.6,13.0,N,2026-08-20 06:46:36.065270
2026-08-19,2026-06-01,2026-08-19,district,GUJARAT REGION,GUJARAT,NAVSARI,0.8,9.4,-92.0,LD,2239.5,1397.4,60.0,LE,2026-08-20 06:46:36.065270
2026-08-19,2026-06-01,2026-08-19,district,GUJARAT REGION,GUJARAT,PANCHMAHAL,0.0,6.8,-100.0,NR,696.1,660.7,5.0,N,2026-08-20 06:46:36.065270
2026-08-19,2026-06-01,2026-08-19,district,GUJARAT REGION,GUJARAT,PATAN,0.0,3.1,-100.0,NR,406.7,405.3,0.0,N,2026-08-20 06:46:36.065270
2026-08-19,2026-06-01,2026-08-19,district,GUJARAT REGION,GUJARAT,SABARKANTHA,0.0,7.5,-100.0,NR,410.2,614.0,-33.0,D,2026-08-20 06:46:36.065270
2026-08-19,2026-06-01,2026-08-19,district,GUJARAT REGION,GUJARAT,SURAT,0.0,6.2,-100.0,NR,1455.2,973.3,50.0,E,2026-08-20 06:46:36.065270
2026-08-19,2026-06-01,2026-08-19,district,GUJARAT REGION,GUJARAT,TAPI,2.6,8.2,-68.0,LD,1285.9,1050.0,22.0,E,2026-08-20 06:46:36.065270
2026-08-19,2026-06-01,2026-08-19,district,GUJARAT REGION,GUJARAT,VADODARA,0.0,7.2,-100.0,NR,528.3,653.1,-19.0,N,2026-08-20 06:46:36.065270
2026-08-19,2026-06-01,2026-08-19,district,GUJARAT REGION,GUJARAT,VALSAD,2.0,10.8,-81.0,LD,2660.5,1571.8,69.0,LE,2026-08-20 06:46:36.065270
2026-08-19,2026-06-01,2026-08-19,district,HAR. CHD & DELHI,CHANDIGARH (UT),CHANDIGARH,59.0,8.1,628.0,LE,532.6,626.9,-15.0,N,2026-08-20 06:46:36.065270
2026-08-19,2026-06-01,2026-08-19,district,HAR. CHD & DELHI,DELHI,CENTRAL DELHI,0.0,8.5,-100.0,NR,567.7,463.3,23.0,E,2026-08-20 06:46:36.065270
2026-08-19,2026-06-01,2026-08-19,district,HAR. CHD & DELHI,DELHI,EAST DELHI,0.0,8.5,-100.0,NR,467.2,463.3,1.0,N,2026-08-20 06:46:36.065270
2026-08-19,2026-06-01,2026-08-19,district,HAR. CHD & DELHI,DELHI,NEW DELHI,0.1,6.1,-98.0,LD,397.6,429.7,-7.0,N,2026-08-20 06:46:36.065270
2026-08-19,2026-06-01,2026-08-19,district,HAR. CHD & DELHI,DELHI,NORTH EAST DELHI,0.0,8.5,-100.0,NR,419.7,463.3,-9.0,N,2026-08-20 06:46:36.065270
2026-08-19,2026-06-01,2026-08-19,district,HAR. CHD & DELHI,DELHI,NORTH WEST DELHI,5.0,5.1,-2.0,N,310.5,278.5,11.0,N,2026-08-20 06:46:36.065270
2026-08-19,2026-06-01,2026-08-19,district,HAR. CHD & DELHI,DELHI,SOUTH DELHI,0.0,8.5,-100.0,NR,447.8,463.3,-3.0,N,2026-08-20 06:46:36.065270
2026-08-19,2026-06-01,2026-08-19,district,HAR. CHD & DELHI,DELHI,SOUTH EAST DELHI,0.0,8.5,-100.0,NR,503.0,463.3,9.0,N,2026-08-20 06:46:36.065270
2026-08-19,2026-06-01,2026-08-19,district,HAR. CHD & DELHI,DELHI,SOUTH WEST DELHI,0.0,3.2,-100.0,NR,336.8,373.6,-10.0,N,2026-08-20 06:46:36.065270
2026-08-19,2026-06-01,2026-08-19,district,HAR. CHD & DELHI,DELHI,WEST DELHI,0.3,5.6,-96.0,LD,471.8,415.5,14.0,N,2026-08-20 06:46:36.065270
2026-08-19,2026-06-01,2026-08-19,district,HAR. CHD & DELHI,HARYANA,AMBALA,12.9,13.5,-4.0,N,297.8,600.0,-50.0,D,2026-08-20 06:46:36.065270
2026-08-19,2026-06-01,2026-08-19,district,HAR. CHD & DELHI,HARYANA,BHIWANI,0.0,2.8,-100.0,NR,260.5,210.2,24.0,E,2026-08-20 06:46:36.065270
2026-08-19,2026-06-01,2026-08-19,district,HAR. CHD & DELHI,HARYANA,CHARKHI DADRI,0.0,4.3,-100.0,NR,325.3,291.1,12.0,N,2026-08-20 06:46:36.065270
2026-08-19,2026-06-01,2026-08-19,district,HAR. CHD & DELHI,HARYANA,FARIDABAD,0.0,4.1,-100.0,NR,430.2,370.3,16.0,N,2026-08-20 06:46:36.065270
2026-08-19,2026-06-01,2026-08-19,district,HAR. CHD & DELHI,HARYANA,FATEHABAD,10.2,3.4,200.0,LE,194.1,186.2,4.0,N,2026-08-20 06:46:36.065270
2026-08-19,2026-06-01,2026-08-19,district,HAR. CHD & DELHI,HARYANA,GURGAON,0.5,5.6,-91.0,LD,338.9,343.5,-1.0,N,2026-08-20 06:46:36.065270
2026-08-19,2026-06-01,2026-08-19,district,HAR. CHD & DELHI,HARYANA,HISAR,1.3,3.4,-62.0,LD,195.3,213.7,-9.0,N,2026-08-20 06:46:36.065270
2026-08-19,2026-06-01,2026-08-19,district,HAR. CHD & DELHI,HARYANA,JHAJJAR,1.3,5.1,-75.0,LD,265.4,266.8,-1.0,N,2026-08-20 06:46:36.065270
2026-08-19,2026-06-01,2026-08-19,district,HAR. CHD & DELHI,HARYANA,JIND,0.0,2.5,-99.0,LD,133.9,272.6,-51.0,D,2026-08-20 06:46:36.065270
2026-08-19,2026-06-01,2026-08-19,district,HAR. CHD & DELHI,HARYANA,KAITHAL,0.0,2.4,-100.0,NR,131.6,257.1,-49.0,D,2026-08-20 06:46:36.065270
2026-08-19,2026-06-01,2026-08-19,district,HAR. CHD & DELHI,HARYANA,KARNAL,2.5,6.5,-62.0,LD,242.3,356.0,-32.0,D,2026-08-20 06:46:36.065270
2026-08-19,2026-06-01,2026-08-19,district,HAR. CHD & DELHI,HARYANA,KURUKSHETRA,5.3,2.4,120.0,LE,330.4,286.3,15.0,N,2026-08-20 06:46:36.065270
2026-08-19,2026-06-01,2026-08-19,district,HAR. CHD & DELHI,HARYANA,MAHENDRAGARH,0.1,5.2,-99.0,LD,284.1,291.0,-2.0,N,2026-08-20 06:46:36.065270
2026-08-19,2026-06-01,2026-08-19,district,HAR. CHD & DELHI,HARYANA,NUH,0.3,3.9,-93.0,LD,329.0,322.8,2.0,N,2026-08-20 06:46:36.065270
2026-08-19,2026-06-01,2026-08-19,district,HAR. CHD & DELHI,HARYANA,PALWAL,0.0,3.6,-100.0,NR,330.8,277.5,19.0,N,2026-08-20 06:46:36.065270
2026-08-19,2026-06-01,2026-08-19,district,HAR. CHD & DELHI,HARYANA,PANCHKULA,74.4,8.6,765.0,LE,337.5,616.8,-45.0,D,2026-08-20 06:46:36.065270
2026-08-19,2026-06-01,2026-08-19,district,HAR. CHD & DELHI,HARYANA,PANIPAT,1.1,8.3,-87.0,LD,260.7,306.5,-15.0,N,2026-08-20 06:46:36.065270
2026-08-19,2026-06-01,2026-08-19,district,HAR. CHD & DELHI,HARYANA,REWARI,0.0,4.7,-100.0,NR,321.9,309.2,4.0,N,2026-08-20 06:46:36.065270
2026-08-19,2026-06-01,2026-08-19,district,HAR. CHD & DELHI,HARYANA,ROHTAK,4.2,4.2,0.0,N,207.9,326.7,-36.0,D,2026-08-20 06:46:36.065270
2026-08-19,2026-06-01,2026-08-19,district,HAR. CHD & DELHI,HARYANA,SIRSA,0.0,1.9,-100.0,NR,83.9,158.4,-47.0,D,2026-08-20 06:46:36.065270
2026-08-19,2026-06-01,2026-08-19,district,HAR. CHD & DELHI,HARYANA,SONEPAT,8.1,4.2,93.0,LE,238.8,326.0,-27.0,D,2026-08-20 06:46:36.065270
2026-08-19,2026-06-01,2026-08-19,district,HAR. CHD & DELHI,HARYANA,YAMUNA NAGAR,13.8,20.0,-31.0,D,601.6,653.0,-8.0,N,2026-08-20 06:46:36.065270
2026-08-19,2026-06-01,2026-08-19,district,HIMACHAL PRADESH,HIMACHAL PRADESH,BILASPUR,70.1,10.2,587.0,LE,611.2,597.6,2.0,N,2026-08-20 06:46:36.065270
2026-08-19,2026-06-01,2026-08-19,district,HIMACHAL PRADESH,HIMACHAL PRADESH,CHAMBA,21.7,7.1,205.0,LE,621.3,639.2,-3.0,N,2026-08-20 06:46:36.065270
2026-08-19,2026-06-01,2026-08-19,district,HIMACHAL PRADESH,HIMACHAL PRADESH,HAMIRPUR,91.5,11.7,682.0,LE,465.3,718.8,-35.0,D,2026-08-20 06:46:36.065270
2026-08-19,2026-06-01,2026-08-19,district,HIMACHAL PRADESH,HIMACHAL PRADESH,KANGRA,88.5,21.2,317.0,LE,1134.7,1204.2,-6.0,N,2026-08-20 06:46:36.065270
2026-08-19,2026-06-01,2026-08-19,district,HIMACHAL PRADESH,HIMACHAL PRADESH,KINNAUR,0.1,3.0,-96.0,LD,194.4,160.0,21.0,E,2026-08-20 06:46:36.065270
2026-08-19,2026-06-01,2026-08-19,district,HIMACHAL PRADESH,HIMACHAL PRADESH,KULLU,10.3,4.0,156.0,LE,455.9,399.1,14.0,N,2026-08-20 06:46:36.065270
2026-08-19,2026-06-01,2026-08-19,district,HIMACHAL PRADESH,HIMACHAL PRADESH,LAHAUL & SPITI,3.5,3.2,9.0,N,109.3,257.3,-58.0,D,2026-08-20 06:46:36.065270
2026-08-19,2026-06-01,2026-08-19,district,HIMACHAL PRADESH,HIMACHAL PRADESH,MANDI,16.5,12.7,30.0,E,718.5,837.1,-14.0,N,2026-08-20 06:46:36.065270
2026-08-19,2026-06-01,2026-08-19,district,HIMACHAL PRADESH,HIMACHAL PRADESH,SHIMLA,14.9,5.4,176.0,LE,610.0,456.4,34.0,E,2026-08-20 06:46:36.065270
2026-08-19,2026-06-01,2026-08-19,district,HIMACHAL PRADESH,HIMACHAL PRADESH,SIRMAUR,45.8,15.2,202.0,LE,979.0,878.9,11.0,N,2026-08-20 06:46:36.065270
2026-08-19,2026-06-01,2026-08-19,district,HIMACHAL PRADESH,HIMACHAL PRADESH,SOLAN,21.4,8.7,146.0,LE,662.3,643.1,3.0,N,2026-08-20 06:46:36.065270
2026-08-19,2026-06-01,2026-08-19,district,HIMACHAL PRADESH,HIMACHAL PRADESH,UNA,78.5,11.1,607.0,LE,620.2,693.5,-11.0,N,2026-08-20 06:46:36.065270
2026-08-19,2026-06-01,2026-08-19,district,J & K AND LADAKH,JAMMU & KASHMIR(UT),ANANTNAG,0.4,1.4,-69.0,LD,255.4,228.8,12.0,N,2026-08-20 06:46:36.065270
2026-08-19,2026-06-01,2026-08-19,district,J & K AND LADAKH,JAMMU & KASHMIR(UT),BADGAM,0.0,2.2,-100.0,NR,120.0,153.0,-22.0,D,2026-08-20 06:46:36.065270
2026-08-19,2026-06-01,2026-08-19,district,J & K AND LADAKH,JAMMU & KASHMIR(UT),BANDIPORA,0.0,2.7,-100.0,NR,169.7,160.8,6.0,N,2026-08-20 06:46:36.065270
2026-08-19,2026-06-01,2026-08-19,district,J & K AND LADAKH,JAMMU & KASHMIR(UT),BARAMULA,3.0,1.7,78.0,LE,244.7,154.7,58.0,E,2026-08-20 06:46:36.065270
2026-08-19,2026-06-01,2026-08-19,district,J & K AND LADAKH,JAMMU & KASHMIR(UT),DODA,5.4,2.0,170.0,LE,341.9,306.7,11.0,N,2026-08-20 06:46:36.065270
2026-08-19,2026-06-01,2026-08-19,district,J & K AND LADAKH,JAMMU & KASHMIR(UT),GANDERBAL,0.9,1.8,-49.0,D,286.7,186.7,54.0,E,2026-08-20 06:46:36.065270
2026-08-19,2026-06-01,2026-08-19,district,J & K AND LADAKH,JAMMU & KASHMIR(UT),JAMMU,42.4,8.9,377.0,LE,635.9,698.8,-9.0,N,2026-08-20 06:46:36.065270
2026-08-19,2026-06-01,2026-08-19,district,J & K AND LADAKH,JAMMU & KASHMIR(UT),KATHUA,45.7,17.5,161.0,LE,838.6,928.9,-10.0,N,2026-08-20 06:46:36.065270
2026-08-19,2026-06-01,2026-08-19,district,J & K AND LADAKH,JAMMU & KASHMIR(UT),KISTWAR,0.0,2.0,-100.0,NR,162.0,306.7,-47.0,D,2026-08-20 06:46:36.065270
2026-08-19,2026-06-01,2026-08-19,district,J & K AND LADAKH,JAMMU & KASHMIR(UT),KULGAM,1.2,1.3,-8.0,N,231.6,230.1,1.0,N,2026-08-20 06:46:36.065270
2026-08-19,2026-06-01,2026-08-19,district,J & K AND LADAKH,JAMMU & KASHMIR(UT),KUPWARA,0.6,2.4,-73.0,LD,192.7,189.9,1.0,N,2026-08-20 06:46:36.065270
2026-08-19,2026-06-01,2026-08-19,district,J & K AND LADAKH,JAMMU & KASHMIR(UT),POONCH,1.8,2.3,-24.0,D,676.3,477.9,42.0,E,2026-08-20 06:46:36.065270
2026-08-19,2026-06-01,2026-08-19,district,J & K AND LADAKH,JAMMU & KASHMIR(UT),PULWAMA,0.0,0.9,-100.0,NR,221.0,138.4,60.0,LE,2026-08-20 06:46:36.065270
2026-08-19,2026-06-01,2026-08-19,district,J & K AND LADAKH,JAMMU & KASHMIR(UT),RAJOURI,0.8,7.7,-90.0,LD,570.6,484.5,18.0,N,2026-08-20 06:46:36.065270
2026-08-19,2026-06-01,2026-08-19,district,J & K AND LADAKH,JAMMU & KASHMIR(UT),RAMBAN,17.7,4.6,284.0,LE,413.3,286.3,44.0,E,2026-08-20 06:46:36.065270
2026-08-19,2026-06-01,2026-08-19,district,J & K AND LADAKH,JAMMU & KASHMIR(UT),REASI,42.4,17.8,138.0,LE,950.4,1153.1,-18.0,N,2026-08-20 06:46:36.065270
2026-08-19,2026-06-01,2026-08-19,district,J & K AND LADAKH,JAMMU & KASHMIR(UT),SAMBA,85.0,1.6,5213.0,LE,844.0,584.4,44.0,E,2026-08-20 06:46:36.065270
2026-08-19,2026-06-01,2026-08-19,district,J & K AND LADAKH,JAMMU & KASHMIR(UT),SHOPIAN,0.0,0.8,-100.0,NR,104.5,209.8,-50.0,D,2026-08-20 06:46:36.065270
2026-08-19,2026-06-01,2026-08-19,district,J & K AND LADAKH,JAMMU & KASHMIR(UT),SRINAGAR,0.0,1.6,-100.0,NR,213.4,173.6,23.0,E,2026-08-20 06:46:36.065270
2026-08-19,2026-06-01,2026-08-19,district,J & K AND LADAKH,JAMMU & KASHMIR(UT),UDHAMPUR,32.2,5.4,496.0,LE,1180.9,730.2,62.0,LE,2026-08-20 06:46:36.065270
2026-08-19,2026-06-01,2026-08-19,district,J & K AND LADAKH,LADAKH (UT),KARGIL,0.0,0.0,-100.0,NR,21.6,6.3,210.0,LE,2026-08-20 06:46:36.065270
2026-08-19,2026-06-01,2026-08-19,district,J & K AND LADAKH,LADAKH (UT),LADAKH (LEH),0.0,0.1,-100.0,NR,55.3,18.6,194.0,LE,2026-08-20 06:46:36.065270
2026-08-19,2026-06-01,2026-08-19,district,JHARKHAND,JHARKHAND,BOKARO,33.9,10.1,236.0,LE,494.3,625.1,-21.0,D,2026-08-20 06:46:36.065270
2026-08-19,2026-06-01,2026-08-19,district,JHARKHAND,JHARKHAND,CHATRA,19.4,10.2,91.0,LE,415.5,647.0,-36.0,D,2026-08-20 06:46:36.065270
2026-08-19,2026-06-01,2026-08-19,district,JHARKHAND,JHARKHAND,DEOGHAR,6.7,6.3,7.0,N,340.9,658.9,-48.0,D,2026-08-20 06:46:36.065270
2026-08-19,2026-06-01,2026-08-19,district,JHARKHAND,JHARKHAND,DHANBAD,22.0,8.2,168.0,LE,649.5,717.3,-9.0,N,2026-08-20 06:46:36.065270
2026-08-19,2026-06-01,2026-08-19,district,JHARKHAND,JHARKHAND,DUMKA,11.6,7.5,55.0,E,654.2,700.2,-7.0,N,2026-08-20 06:46:36.065270
2026-08-19,2026-06-01,2026-08-19,district,JHARKHAND,JHARKHAND,EAST SINGHBHUM,20.0,14.4,39.0,E,729.8,755.2,-3.0,N,2026-08-20 06:46:36.065270
2026-08-19,2026-06-01,2026-08-19,district,JHARKHAND,JHARKHAND,GARHWA,24.8,13.9,78.0,LE,358.5,632.6,-43.0,D,2026-08-20 06:46:36.065270
2026-08-19,2026-06-01,2026-08-19,district,JHARKHAND,JHARKHAND,GIRIDIH,17.8,8.8,102.0,LE,391.4,661.3,-41.0,D,2026-08-20 06:46:36.065270
2026-08-19,2026-06-01,2026-08-19,district,JHARKHAND,JHARKHAND,GODDA,5.6,6.1,-9.0,N,428.7,604.2,-29.0,D,2026-08-20 06:46:36.065270
2026-08-19,2026-06-01,2026-08-19,district,JHARKHAND,JHARKHAND,GUMLA,30.1,11.2,169.0,LE,549.9,736.4,-25.0,D,2026-08-20 06:46:36.065270
2026-08-19,2026-06-01,2026-08-19,district,JHARKHAND,JHARKHAND,HAZARIBAG,20.4,9.9,106.0,LE,519.2,719.2,-28.0,D,2026-08-20 06:46:36.065270
2026-08-19,2026-06-01,2026-08-19,district,JHARKHAND,JHARKHAND,JAMTARA,14.9,8.8,69.0,LE,590.6,735.2,-20.0,D,2026-08-20 06:46:36.065270
2026-08-19,2026-06-01,2026-08-19,district,JHARKHAND,JHARKHAND,KHUNTI,17.0,14.2,20.0,E,812.0,755.2,8.0,N,2026-08-20 06:46:36.065270
2026-08-19,2026-06-01,2026-08-19,district,JHARKHAND,JHARKHAND,KODERMA,10.4,9.4,11.0,N,325.8,596.1,-45.0,D,2026-08-20 06:46:36.065270
2026-08-19,2026-06-01,2026-08-19,district,JHARKHAND,JHARKHAND,LATEHAR,101.0,14.1,616.0,LE,743.2,714.6,4.0,N,2026-08-20 06:46:36.065270
2026-08-19,2026-06-01,2026-08-19,district,JHARKHAND,JHARKHAND,LOHARDAGA,60.1,11.9,405.0,LE,664.0,692.8,-4.0,N,2026-08-20 06:46:36.065270
2026-08-19,2026-06-01,2026-08-19,district,JHARKHAND,JHARKHAND,PAKUR,14.0,8.7,61.0,LE,331.0,787.9,-58.0,D,2026-08-20 06:46:36.065270
2026-08-19,2026-06-01,2026-08-19,district,JHARKHAND,JHARKHAND,PALAMU,38.5,11.8,227.0,LE,410.0,573.8,-29.0,D,2026-08-20 06:46:36.065270
2026-08-19,2026-06-01,2026-08-19,district,JHARKHAND,JHARKHAND,RAMGARH,77.2,10.5,636.0,LE,630.9,704.8,-10.0,N,2026-08-20 06:46:36.065270
2026-08-19,2026-06-01,2026-08-19,district,JHARKHAND,JHARKHAND,RANCHI,46.4,10.4,346.0,LE,695.3,718.1,-3.0,N,2026-08-20 06:46:36.065270
2026-08-19,2026-06-01,2026-08-19,district,JHARKHAND,JHARKHAND,SERAIKELA-KHARSAWAN,4.5,11.1,-59.0,D,764.8,699.2,9.0,N,2026-08-20 06:46:36.065270
2026-08-19,2026-06-01,2026-08-19,district,JHARKHAND,JHARKHAND,SIMDEGA,23.3,14.3,63.0,LE,947.9,906.3,5.0,N,2026-08-20 06:46:36.065270
2026-08-19,2026-06-01,2026-08-19,district,JHARKHAND,JHARKHAND,WEST SINGHBHUM,11.5,11.0,4.0,N,949.3,698.5,36.0,E,2026-08-20 06:46:36.065270
2026-08-19,2026-06-01,2026-08-19,district,KERALA & MAHE,KERALA,ALAPUZHA,1.9,10.0,-81.0,LD,927.4,1254.7,-26.0,D,2026-08-20 06:46:36.065270
2026-08-19,2026-06-01,2026-08-19,district,KERALA & MAHE,KERALA,ERNAKULAM,7.7,12.7,-39.0,D,1274.7,1664.0,-23.0,D,2026-08-20 06:46:36.065270
2026-08-19,2026-06-01,2026-08-19,district,KERALA & MAHE,KERALA,IDUKKI,1.3,15.6,-91.0,LD,1091.8,2018.3,-46.0,D,2026-08-20 06:46:36.065270
2026-08-19,2026-06-01,2026-08-19,district,KERALA & MAHE,KERALA,KANNUR,19.6,17.1,14.0,N,2009.6,2193.1,-8.0,N,2026-08-20 06:46:36.065270
2026-08-19,2026-06-01,2026-08-19,district,KERALA & MAHE,KERALA,KASARGOD,19.9,17.8,12.0,N,2013.6,2386.9,-16.0,N,2026-08-20 06:46:36.065270
2026-08-19,2026-06-01,2026-08-19,district,KERALA & MAHE,KERALA,KOLLAM,0.1,7.8,-99.0,LD,665.6,933.9,-29.0,D,2026-08-20 06:46:36.065270
2026-08-19,2026-06-01,2026-08-19,district,KERALA & MAHE,KERALA,KOTTAYAM,1.8,12.2,-86.0,LD,1386.7,1485.7,-7.0,N,2026-08-20 06:46:36.065270
2026-08-19,2026-06-01,2026-08-19,district,KERALA & MAHE,KERALA,KOZHIKODE,7.3,16.4,-56.0,D,1860.4,2123.3,-12.0,N,2026-08-20 06:46:36.065270
2026-08-19,2026-06-01,2026-08-19,district,KERALA & MAHE,KERALA,MALAPPURAM,5.8,11.7,-51.0,D,1265.7,1591.6,-20.0,D,2026-08-20 06:46:36.065270
2026-08-19,2026-06-01,2026-08-19,district,KERALA & MAHE,KERALA,PALAKKAD,3.1,10.7,-71.0,LD,933.9,1254.6,-26.0,D,2026-08-20 06:46:36.065270
2026-08-19,2026-06-01,2026-08-19,district,KERALA & MAHE,KERALA,PATHANAMTHITTA,2.4,11.6,-79.0,LD,1196.8,1200.0,0.0,N,2026-08-20 06:46:36.065270
2026-08-19,2026-06-01,2026-08-19,district,KERALA & MAHE,KERALA,THIRUVANANTHAPURAM,0.0,4.9,-100.0,NR,608.0,608.7,0.0,N,2026-08-20 06:46:36.065270
2026-08-19,2026-06-01,2026-08-19,district,KERALA & MAHE,KERALA,THRISSUR,4.1,13.3,-69.0,LD,1261.3,1708.7,-26.0,D,2026-08-20 06:46:36.065270
2026-08-19,2026-06-01,2026-08-19,district,KERALA & MAHE,KERALA,WYNAD,2.9,13.2,-78.0,LD,994.5,2047.4,-51.0,D,2026-08-20 06:46:36.065270
2026-08-19,2026-06-01,2026-08-19,district,KERALA & MAHE,PUDUCHERRY (UT),MAHE,12.4,16.4,-24.0,D,1597.0,1997.0,-20.0,D,2026-08-20 06:46:36.065270
2026-08-19,2026-06-01,2026-08-19,district,KONKAN & GOA,GOA,NORTH GOA,23.5,18.1,30.0,E,1530.7,2547.2,-40.0,D,2026-08-20 06:46:36.065270
2026-08-19,2026-06-01,2026-08-19,district,KONKAN & GOA,GOA,SOUTH GOA,8.8,18.2,-52.0,D,1721.4,2440.5,-29.0,D,2026-08-20 06:46:36.065270
2026-08-19,2026-06-01,2026-08-19,district,KONKAN & GOA,MAHARASHTRA,MUMBAI CITY,6.6,8.4,-21.0,D,1754.1,1587.9,10.0,N,2026-08-20 06:46:36.065270
2026-08-19,2026-06-01,2026-08-19,district,KONKAN & GOA,MAHARASHTRA,MUMBAI SUBURBAN,8.9,12.7,-30.0,D,2198.3,1763.6,25.0,E,2026-08-20 06:46:36.065270
2026-08-19,2026-06-01,2026-08-19,district,KONKAN & GOA,MAHARASHTRA,PALGHAR,2.7,12.6,-78.0,LD,2417.9,1752.5,38.0,E,2026-08-20 06:46:36.065270
2026-08-19,2026-06-01,2026-08-19,district,KONKAN & GOA,MAHARASHTRA,RAIGAD,11.0,18.3,-40.0,D,2651.1,2422.0,9.0,N,2026-08-20 06:46:36.065270
2026-08-19,2026-06-01,2026-08-19,district,KONKAN & GOA,MAHARASHTRA,RATNAGIRI,15.3,17.8,-14.0,N,2284.9,2532.7,-10.0,N,2026-08-20 06:46:36.065270
2026-08-19,2026-06-01,2026-08-19,district,KONKAN & GOA,MAHARASHTRA,SINDHUDURG,14.3,17.5,-18.0,N,1588.8,2395.7,-34.0,D,2026-08-20 06:46:36.065270
2026-08-19,2026-06-01,2026-08-19,district,KONKAN & GOA,MAHARASHTRA,THANE,4.8,13.8,-66.0,LD,1944.4,1873.3,4.0,N,2026-08-20 06:46:36.065270
2026-08-19,2026-06-01,2026-08-19,district,LAKSHADWEEP,LAKSHADWEEP,LAKSHADWEEP,12.5,9.8,28.0,E,575.8,757.1,-24.0,D,2026-08-20 06:46:36.065270
2026-08-19,2026-06-01,2026-08-19,district,MADHYA MAHARASHTRA,MAHARASHTRA,AHMEDNAGAR,1.1,1.6,-32.0,D,210.2,257.2,-18.0,N,2026-08-20 06:46:36.065270
2026-08-19,2026-06-01,2026-08-19,district,MADHYA MAHARASHTRA,MAHARASHTRA,DHULE,1.9,3.3,-41.0,D,381.7,376.7,1.0,N,2026-08-20 06:46:36.065270
2026-08-19,2026-06-01,2026-08-19,district,MADHYA MAHARASHTRA,MAHARASHTRA,JALGAON,0.3,6.1,-95.0,LD,468.7,427.9,10.0,N,2026-08-20 06:46:36.065270
2026-08-19,2026-06-01,2026-08-19,district,MADHYA MAHARASHTRA,MAHARASHTRA,KOLHAPUR,11.4,9.9,15.0,N,1313.2,1380.6,-5.0,N,2026-08-20 06:46:36.065270
2026-08-19,2026-06-01,2026-08-19,district,MADHYA MAHARASHTRA,MAHARASHTRA,NANDURBAR,0.5,4.8,-90.0,LD,398.5,606.4,-34.0,D,2026-08-20 06:46:36.065270
2026-08-19,2026-06-01,2026-08-19,district,MADHYA MAHARASHTRA,MAHARASHTRA,NASHIK,2.7,5.4,-49.0,D,1062.9,635.3,67.0,LE,2026-08-20 06:46:36.065270
2026-08-19,2026-06-01,2026-08-19,district,MADHYA MAHARASHTRA,MAHARASHTRA,PUNE,3.5,4.3,-18.0,N,967.6,687.7,41.0,E,2026-08-20 06:46:36.065270
2026-08-19,2026-06-01,2026-08-19,district,MADHYA MAHARASHTRA,MAHARASHTRA,SANGLI,2.4,1.6,49.0,E,289.7,315.9,-8.0,N,2026-08-20 06:46:36.065270
2026-08-19,2026-06-01,2026-08-19,district,MADHYA MAHARASHTRA,MAHARASHTRA,SATARA,7.8,3.8,106.0,LE,864.8,629.6,37.0,E,2026-08-20 06:46:36.065270
2026-08-19,2026-06-01,2026-08-19,district,MADHYA MAHARASHTRA,MAHARASHTRA,SHOLAPUR,0.3,2.2,-88.0,LD,150.3,242.1,-38.0,D,2026-08-20 06:46:36.065270
2026-08-19,2026-06-01,2026-08-19,district,MARATHWADA,MAHARASHTRA,BEED,0.4,3.3,-89.0,LD,203.7,323.9,-37.0,D,2026-08-20 06:46:36.065270
2026-08-19,2026-06-01,2026-08-19,district,MARATHWADA,MAHARASHTRA,CHHATRAPATI SAMBHAJINAGAR,0.4,2.8,-87.0,LD,408.5,350.7,16.0,N,2026-08-20 06:46:36.065270
2026-08-19,2026-06-01,2026-08-19,district,MARATHWADA,MAHARASHTRA,DHARASHIV,0.1,3.2,-98.0,LD,263.0,330.7,-20.0,D,2026-08-20 06:46:36.065270
2026-08-19,2026-06-01,2026-08-19,district,MARATHWADA,MAHARASHTRA,HINGOLI,4.6,2.8,64.0,LE,319.2,531.1,-40.0,D,2026-08-20 06:46:36.065270
2026-08-19,2026-06-01,2026-08-19,district,MARATHWADA,MAHARASHTRA,JALNA,0.0,2.9,-100.0,NR,272.3,379.8,-28.0,D,2026-08-20 06:46:36.065270
2026-08-19,2026-06-01,2026-08-19,district,MARATHWADA,MAHARASHTRA,LATUR,0.0,4.1,-100.0,NR,312.1,407.9,-23.0,D,2026-08-20 06:46:36.065270
2026-08-19,2026-06-01,2026-08-19,district,MARATHWADA,MAHARASHTRA,NANDED,4.7,5.8,-20.0,D,419.5,529.2,-21.0,D,2026-08-20 06:46:36.065270
2026-08-19,2026-06-01,2026-08-19,district,MARATHWADA,MAHARASHTRA,PARBHANI,0.7,4.1,-84.0,LD,342.3,442.5,-23.0,D,2026-08-20 06:46:36.065270
2026-08-19,2026-06-01,2026-08-19,district,N. I. KARNATAKA,KARNATAKA,BAGALKOTE,4.4,1.6,173.0,LE,191.7,188.4,2.0,N,2026-08-20 06:46:36.065270
2026-08-19,2026-06-01,2026-08-19,district,N. I. KARNATAKA,KARNATAKA,BELAGAVI,3.4,2.7,26.0,E,511.6,420.2,22.0,E,2026-08-20 06:46:36.065270
2026-08-19,2026-06-01,2026-08-19,district,N. I. KARNATAKA,KARNATAKA,BIDAR,0.1,4.2,-97.0,LD,350.7,395.0,-11.0,N,2026-08-20 06:46:36.065270
2026-08-19,2026-06-01,2026-08-19,district,N. I. KARNATAKA,KARNATAKA,DHARWAD,5.3,2.7,97.0,LE,219.2,367.7,-40.0,D,2026-08-20 06:46:36.065270
2026-08-19,2026-06-01,2026-08-19,district,N. I. KARNATAKA,KARNATAKA,GADAG,5.8,1.9,207.0,LE,179.0,198.7,-10.0,N,2026-08-20 06:46:36.065270
2026-08-19,2026-06-01,2026-08-19,district,N. I. KARNATAKA,KARNATAKA,HAVERI,1.9,3.2,-42.0,D,243.8,359.4,-32.0,D,2026-08-20 06:46:36.065270
2026-08-19,2026-06-01,2026-08-19,district,N. I. KARNATAKA,KARNATAKA,KALABURAGI,0.0,3.7,-99.0,LD,185.7,338.9,-45.0,D,2026-08-20 06:46:36.065270
2026-08-19,2026-06-01,2026-08-19,district,N. I. KARNATAKA,KARNATAKA,KOPPAL,6.4,2.0,219.0,LE,141.0,193.4,-27.0,D,2026-08-20 06:46:36.065270
2026-08-19,2026-06-01,2026-08-19,district,N. I. KARNATAKA,KARNATAKA,RAICHUR,1.4,2.0,-30.0,D,184.5,229.7,-20.0,D,2026-08-20 06:46:36.065270
2026-08-19,2026-06-01,2026-08-19,district,N. I. KARNATAKA,KARNATAKA,VIJAYAPURA,0.7,1.8,-61.0,LD,156.7,201.8,-22.0,D,2026-08-20 06:46:36.065270
2026-08-19,2026-06-01,2026-08-19,district,N. I. KARNATAKA,KARNATAKA,YADGIR,2.5,3.5,-28.0,D,259.8,299.7,-13.0,N,2026-08-20 06:46:36.065270
2026-08-19,2026-06-01,2026-08-19,district,NMMT,MANIPUR,BISHNUPUR,40.0,9.2,335.0,LE,359.9,816.3,-56.0,D,2026-08-20 06:46:36.065270
2026-08-19,2026-06-01,2026-08-19,district,NMMT,MANIPUR,CHANDEL,6.7,9.2,-28.0,D,405.7,816.3,-50.0,D,2026-08-20 06:46:36.065270
2026-08-19,2026-06-01,2026-08-19,district,NMMT,MANIPUR,CHURACHANDPUR,0.0,9.2,-100.0,NR,192.0,816.3,-76.0,LD,2026-08-20 06:46:36.065270
2026-08-19,2026-06-01,2026-08-19,district,NMMT,MANIPUR,IMPHAL EAST,4.6,5.5,-17.0,N,396.6,536.4,-26.0,D,2026-08-20 06:46:36.065270
2026-08-19,2026-06-01,2026-08-19,district,NMMT,MANIPUR,IMPHAL WEST,1.1,11.5,-90.0,LD,561.3,1228.4,-54.0,D,2026-08-20 06:46:36.065270
2026-08-19,2026-06-01,2026-08-19,district,NMMT,MANIPUR,SENAPATI,0.0,7.8,-100.0,NR,485.0,563.5,-14.0,N,2026-08-20 06:46:36.065270
2026-08-19,2026-06-01,2026-08-19,district,NMMT,MANIPUR,TAMENGLONG,30.6,57.1,-46.0,D,1404.8,3045.3,-54.0,D,2026-08-20 06:46:36.065270
2026-08-19,2026-06-01,2026-08-19,district,NMMT,MANIPUR,THOUBAL,0.0,5.5,-100.0,NR,255.9,536.4,-52.0,D,2026-08-20 06:46:36.065270
2026-08-19,2026-06-01,2026-08-19,district,NMMT,MANIPUR,UKHRUL,0.8,12.1,-93.0,LD,729.8,784.4,-7.0,N,2026-08-20 06:46:36.065270
2026-08-19,2026-06-01,2026-08-19,district,NMMT,MIZORAM,AIZAWL,5.2,15.6,-67.0,LD,872.1,1074.2,-19.0,N,2026-08-20 06:46:36.065270
2026-08-19,2026-06-01,2026-08-19,district,NMMT,MIZORAM,CHAMPHAI,5.3,11.4,-54.0,D,764.2,897.8,-15.0,N,2026-08-20 06:46:36.065270
2026-08-19,2026-06-01,2026-08-19,district,NMMT,MIZORAM,KOLASIB,37.3,19.7,89.0,LE,969.1,1179.6,-18.0,N,2026-08-20 06:46:36.065270
2026-08-19,2026-06-01,2026-08-19,district,NMMT,MIZORAM,LAWNGTLAI,9.0,14.7,-39.0,D,970.3,1195.9,-19.0,N,2026-08-20 06:46:36.065270
2026-08-19,2026-06-01,2026-08-19,district,NMMT,MIZORAM,LUNGLEI,5.5,16.4,-67.0,LD,929.1,1206.9,-23.0,D,2026-08-20 06:46:36.065270
2026-08-19,2026-06-01,2026-08-19,district,NMMT,MIZORAM,MAMIT,0.0,13.4,-99.0,LD,592.3,1055.9,-44.0,D,2026-08-20 06:46:36.065270
2026-08-19,2026-06-01,2026-08-19,district,NMMT,MIZORAM,SAIHA,15.9,10.2,56.0,E,883.2,1206.2,-27.0,D,2026-08-20 06:46:36.065270
2026-08-19,2026-06-01,2026-08-19,district,NMMT,MIZORAM,SERCHHIP,5.3,11.0,-51.0,D,969.8,1053.1,-8.0,N,2026-08-20 06:46:36.065270
2026-08-19,2026-06-01,2026-08-19,district,NMMT,NAGALAND,DIMAPUR,21.9,9.9,121.0,LE,538.0,580.2,-7.0,N,2026-08-20 06:46:36.065270
2026-08-19,2026-06-01,2026-08-19,district,NMMT,NAGALAND,KIPHIRE,8.3,4.0,108.0,LE,552.8,427.4,29.0,E,2026-08-20 06:46:36.065270
2026-08-19,2026-06-01,2026-08-19,district,NMMT,NAGALAND,KOHIMA,14.9,13.7,8.0,N,792.6,828.8,-4.0,N,2026-08-20 06:46:36.065270
2026-08-19,2026-06-01,2026-08-19,district,NMMT,NAGALAND,MOKOKCHUNG,3.2,9.7,-67.0,LD,1130.9,985.8,15.0,N,2026-08-20 06:46:36.065270
2026-08-19,2026-06-01,2026-08-19,district,NMMT,NAGALAND,MON,3.4,9.8,-65.0,LD,538.9,794.5,-32.0,D,2026-08-20 06:46:36.065270
2026-08-19,2026-06-01,2026-08-19,district,NMMT,NAGALAND,PEREN,9.2,10.4,-11.0,N,612.1,617.2,-1.0,N,2026-08-20 06:46:36.065270
2026-08-19,2026-06-01,2026-08-19,district,NMMT,NAGALAND,PHEK,8.0,5.5,45.0,E,522.9,594.9,-12.0,N,2026-08-20 06:46:36.065270
2026-08-19,2026-06-01,2026-08-19,district,NMMT,NAGALAND,WOKHA,8.8,13.0,-33.0,D,892.0,866.2,3.0,N,2026-08-20 06:46:36.065270
2026-08-19,2026-06-01,2026-08-19,district,NMMT,NAGALAND,ZUNHEBOTO,40.7,10.2,299.0,LE,1216.5,765.9,59.0,E,2026-08-20 06:46:36.065270
2026-08-19,2026-06-01,2026-08-19,district,NMMT,TRIPURA,DHALAI,0.5,10.5,-95.0,LD,854.1,962.5,-11.0,N,2026-08-20 06:46:36.065270
2026-08-19,2026-06-01,2026-08-19,district,NMMT,TRIPURA,GOMATI,1.3,10.4,-87.0,LD,780.3,1031.4,-24.0,D,2026-08-20 06:46:36.065270
2026-08-19,2026-06-01,2026-08-19,district,NMMT,TRIPURA,KHOWAI,0.0,11.7,-100.0,NR,878.6,950.0,-8.0,N,2026-08-20 06:46:36.065270
2026-08-19,2026-06-01,2026-08-19,district,NMMT,TRIPURA,NORTH TRIPURA,0.0,13.6,-100.0,NR,772.8,979.8,-21.0,D,2026-08-20 06:46:36.065270
2026-08-19,2026-06-01,2026-08-19,district,NMMT,TRIPURA,SIPAHIJALA,0.2,8.2,-97.0,LD,873.0,969.3,-10.0,N,2026-08-20 06:46:36.065270
2026-08-19,2026-06-01,2026-08-19,district,NMMT,TRIPURA,SOUTH TRIPURA,1.4,13.1,-90.0,LD,882.3,1263.5,-30.0,D,2026-08-20 06:46:36.065270
2026-08-19,2026-06-01,2026-08-19,district,NMMT,TRIPURA,UNAKOTI,0.0,11.7,-100.0,NR,935.6,1018.7,-8.0,N,2026-08-20 06:46:36.065270
2026-08-19,2026-06-01,2026-08-19,district,NMMT,TRIPURA,WEST TRIPURA,1.5,8.2,-82.0,LD,919.7,875.4,5.0,N,2026-08-20 06:46:36.065270
2026-08-19,2026-06-01,2026-08-19,district,ODISHA,ODISHA,ANGUL,3.1,13.7,-78.0,LD,1098.0,774.8,42.0,E,2026-08-20 06:46:36.065270
2026-08-19,2026-06-01,2026-08-19,district,ODISHA,ODISHA,BALANGIR,6.9,15.9,-57.0,D,1099.8,754.4,46.0,E,2026-08-20 06:46:36.065270
2026-08-19,2026-06-01,2026-08-19,district,ODISHA,ODISHA,BALASORE,0.2,15.8,-99.0,LD,1304.5,794.8,64.0,LE,2026-08-20 06:46:36.065270
2026-08-19,2026-06-01,2026-08-19,district,ODISHA,ODISHA,BARGARH,14.3,15.7,-9.0,N,1438.7,835.5,72.0,LE,2026-08-20 06:46:36.065270
2026-08-19,2026-06-01,2026-08-19,district,ODISHA,ODISHA,BHADRAK,0.7,11.0,-94.0,LD,1025.1,719.4,42.0,E,2026-08-20 06:46:36.065270
2026-08-19,2026-06-01,2026-08-19,district,ODISHA,ODISHA,BOUDH,1.4,16.1,-91.0,LD,1466.0,712.9,106.0,LE,2026-08-20 06:46:36.065270
2026-08-19,2026-06-01,2026-08-19,district,ODISHA,ODISHA,CUTTACK,0.0,15.0,-100.0,NR,1145.5,767.9,49.0,E,2026-08-20 06:46:36.065270
2026-08-19,2026-06-01,2026-08-19,district,ODISHA,ODISHA,DEOGARH,17.5,16.1,8.0,N,1193.0,804.7,48.0,E,2026-08-20 06:46:36.065270
2026-08-19,2026-06-01,2026-08-19,district,ODISHA,ODISHA,DHENKANAL,0.5,12.3,-96.0,LD,1265.0,753.9,68.0,LE,2026-08-20 06:46:36.065270
2026-08-19,2026-06-01,2026-08-19,district,ODISHA,ODISHA,GAJAPATI,1.0,6.2,-85.0,LD,413.2,586.1,-29.0,D,2026-08-20 06:46:36.065270
2026-08-19,2026-06-01,2026-08-19,district,ODISHA,ODISHA,GANJAM,2.0,6.8,-70.0,LD,513.3,565.4,-9.0,N,2026-08-20 06:46:36.065270
2026-08-19,2026-06-01,2026-08-19,district,ODISHA,ODISHA,JAGATSINGHPUR,5.4,13.7,-61.0,LD,981.3,689.3,42.0,E,2026-08-20 06:46:36.065270
2026-08-19,2026-06-01,2026-08-19,district,ODISHA,ODISHA,JAJPUR,1.1,14.4,-92.0,LD,1049.0,835.0,26.0,E,2026-08-20 06:46:36.065270
2026-08-19,2026-06-01,2026-08-19,district,ODISHA,ODISHA,JHARSUGUDA,27.9,10.1,176.0,LE,982.3,835.7,18.0,N,2026-08-20 06:46:36.065270
2026-08-19,2026-06-01,2026-08-19,district,ODISHA,ODISHA,KALAHANDI,12.8,19.1,-33.0,D,772.9,976.8,-21.0,D,2026-08-20 06:46:36.065270
2026-08-19,2026-06-01,2026-08-19,district,ODISHA,ODISHA,KANDHAMAL,11.2,11.8,-5.0,N,1017.4,755.0,35.0,E,2026-08-20 06:46:36.065270
2026-08-19,2026-06-01,2026-08-19,district,ODISHA,ODISHA,KENDRAPARA,0.2,11.8,-98.0,LD,1188.9,736.7,61.0,LE,2026-08-20 06:46:36.065270
2026-08-19,2026-06-01,2026-08-19,district,ODISHA,ODISHA,KEONJHARGARH,8.8,11.7,-25.0,D,1246.8,775.8,61.0,LE,2026-08-20 06:46:36.065270
2026-08-19,2026-06-01,2026-08-19,district,ODISHA,ODISHA,KHURDA,3.3,10.1,-68.0,LD,912.9,717.4,27.0,E,2026-08-20 06:46:36.065270
2026-08-19,2026-06-01,2026-08-19,district,ODISHA,ODISHA,KORAPUT,6.4,15.5,-59.0,D,754.1,855.4,-12.0,N,2026-08-20 06:46:36.065270
2026-08-19,2026-06-01,2026-08-19,district,ODISHA,ODISHA,MALKANGIRI,2.8,14.1,-80.0,LD,707.2,893.5,-21.0,D,2026-08-20 06:46:36.065270
2026-08-19,2026-06-01,2026-08-19,district,ODISHA,ODISHA,MAYURBHANJ,5.3,14.3,-63.0,LD,1173.1,824.3,42.0,E,2026-08-20 06:46:36.065270
2026-08-19,2026-06-01,2026-08-19,district,ODISHA,ODISHA,NAWAPARA,19.8,9.7,104.0,LE,917.5,690.0,33.0,E,2026-08-20 06:46:36.065270
2026-08-19,2026-06-01,2026-08-19,district,ODISHA,ODISHA,NAWARANGPUR,5.6,22.1,-75.0,LD,631.5,946.0,-33.0,D,2026-08-20 06:46:36.065270
2026-08-19,2026-06-01,2026-08-19,district,ODISHA,ODISHA,NAYAGARH,0.9,12.9,-93.0,LD,937.6,728.2,29.0,E,2026-08-20 06:46:36.065270
2026-08-19,2026-06-01,2026-08-19,district,ODISHA,ODISHA,PURI,0.7,11.4,-94.0,LD,945.1,662.7,43.0,E,2026-08-20 06:46:36.065270
2026-08-19,2026-06-01,2026-08-19,district,ODISHA,ODISHA,RAYAGADA,4.7,8.5,-45.0,D,560.6,665.0,-16.0,N,2026-08-20 06:46:36.065270
2026-08-19,2026-06-01,2026-08-19,district,ODISHA,ODISHA,SAMBALPUR,18.5,17.1,8.0,N,1324.3,896.6,48.0,E,2026-08-20 06:46:36.065270
2026-08-19,2026-06-01,2026-08-19,district,ODISHA,ODISHA,SONEPUR,5.3,21.2,-75.0,LD,1495.1,830.9,80.0,LE,2026-08-20 06:46:36.065270
2026-08-19,2026-06-01,2026-08-19,district,ODISHA,ODISHA,SUNDARGARH,31.6,13.9,128.0,LE,1112.9,843.2,32.0,E,2026-08-20 06:46:36.065270
2026-08-19,2026-06-01,2026-08-19,district,PUNJAB,PUNJAB,AMRITSAR,0.1,3.7,-96.0,LD,317.6,337.6,-6.0,N,2026-08-20 06:46:36.065270
2026-08-19,2026-06-01,2026-08-19,district,PUNJAB,PUNJAB,BARNALA,0.0,2.9,-100.0,NR,112.5,263.6,-57.0,D,2026-08-20 06:46:36.065270
2026-08-19,2026-06-01,2026-08-19,district,PUNJAB,PUNJAB,BHATINDA,0.0,2.2,-100.0,NR,120.7,213.6,-43.0,D,2026-08-20 06:46:36.065270
2026-08-19,2026-06-01,2026-08-19,district,PUNJAB,PUNJAB,FARIDKOT,0.0,0.9,-100.0,NR,223.8,212.1,6.0,N,2026-08-20 06:46:36.065270
2026-08-19,2026-06-01,2026-08-19,district,PUNJAB,PUNJAB,FATEHGARH SAHIB,8.9,2.2,305.0,LE,129.9,349.2,-63.0,LD,2026-08-20 06:46:36.065270
2026-08-19,2026-06-01,2026-08-19,district,PUNJAB,PUNJAB,FAZILKA,0.0,2.1,-100.0,NR,106.6,185.7,-43.0,D,2026-08-20 06:46:36.065270
2026-08-19,2026-06-01,2026-08-19,district,PUNJAB,PUNJAB,FEROZEPUR,0.0,2.1,-100.0,NR,120.9,175.5,-31.0,D,2026-08-20 06:46:36.065270
2026-08-19,2026-06-01,2026-08-19,district,PUNJAB,PUNJAB,GURDASPUR,103.4,5.6,1746.0,LE,635.5,452.1,41.0,E,2026-08-20 06:46:36.065270
2026-08-19,2026-06-01,2026-08-19,district,PUNJAB,PUNJAB,HOSHIARPUR,52.4,7.0,648.0,LE,214.5,453.6,-53.0,D,2026-08-20 06:46:36.065270
2026-08-19,2026-06-01,2026-08-19,district,PUNJAB,PUNJAB,JALANDHAR,0.8,3.0,-73.0,LD,222.5,376.3,-41.0,D,2026-08-20 06:46:36.065270
2026-08-19,2026-06-01,2026-08-19,district,PUNJAB,PUNJAB,KAPURTHALA,0.0,3.2,-100.0,NR,133.1,331.3,-60.0,LD,2026-08-20 06:46:36.065270
2026-08-19,2026-06-01,2026-08-19,district,PUNJAB,PUNJAB,LUDHIANA,3.7,2.6,43.0,E,203.2,328.0,-38.0,D,2026-08-20 06:46:36.065270
2026-08-19,2026-06-01,2026-08-19,district,PUNJAB,PUNJAB,MANSA,0.0,1.7,-100.0,NR,58.0,195.9,-70.0,LD,2026-08-20 06:46:36.065270
2026-08-19,2026-06-01,2026-08-19,district,PUNJAB,PUNJAB,MOGA,0.0,2.1,-100.0,NR,139.9,206.6,-32.0,D,2026-08-20 06:46:36.065270
2026-08-19,2026-06-01,2026-08-19,district,PUNJAB,PUNJAB,MUKTSAR,0.0,2.6,-100.0,NR,94.2,224.8,-58.0,D,2026-08-20 06:46:36.065270
2026-08-19,2026-06-01,2026-08-19,district,PUNJAB,PUNJAB,PATHANKOT,84.7,11.9,612.0,LE,932.2,717.0,30.0,E,2026-08-20 06:46:36.065270
2026-08-19,2026-06-01,2026-08-19,district,PUNJAB,PUNJAB,PATIALA,4.2,4.6,-9.0,N,248.3,378.8,-34.0,D,2026-08-20 06:46:36.065270
2026-08-19,2026-06-01,2026-08-19,district,PUNJAB,PUNJAB,RUPNAGAR,61.0,9.7,529.0,LE,405.3,586.2,-31.0,D,2026-08-20 06:46:36.065270
2026-08-19,2026-06-01,2026-08-19,district,PUNJAB,PUNJAB,SANGRUR,0.0,3.3,-100.0,NR,129.6,273.9,-53.0,D,2026-08-20 06:46:36.065270
2026-08-19,2026-06-01,2026-08-19,district,PUNJAB,PUNJAB,SAS NAGAR (MOHALI),8.1,9.2,-12.0,N,203.7,453.1,-55.0,D,2026-08-20 06:46:36.065270
2026-08-19,2026-06-01,2026-08-19,district,PUNJAB,PUNJAB,SBS NAGAR,11.0,5.5,100.0,LE,308.4,546.6,-44.0,D,2026-08-20 06:46:36.065270
2026-08-19,2026-06-01,2026-08-19,district,PUNJAB,PUNJAB,TARN TARAN,0.0,0.5,-100.0,NR,117.1,193.2,-39.0,D,2026-08-20 06:46:36.065270
2026-08-19,2026-06-01,2026-08-19,district,RAYALASEEMA,ANDHRA PRADESH,ANANTAPURAMU,0.5,2.0,-74.0,LD,136.1,162.5,-16.0,N,2026-08-20 06:46:36.065270
2026-08-19,2026-06-01,2026-08-19,district,RAYALASEEMA,ANDHRA PRADESH,ANNAMAYYA DISTRICT,0.0,3.0,-100.0,NR,77.1,215.4,-64.0,LD,2026-08-20 06:46:36.065270
2026-08-19,2026-06-01,2026-08-19,district,RAYALASEEMA,ANDHRA PRADESH,CHITTOOR,0.0,3.7,-100.0,NR,110.7,249.7,-56.0,D,2026-08-20 06:46:36.065270
2026-08-19,2026-06-01,2026-08-19,district,RAYALASEEMA,ANDHRA PRADESH,KURNOOL,0.6,2.5,-77.0,LD,192.0,247.5,-22.0,D,2026-08-20 06:46:36.065270
2026-08-19,2026-06-01,2026-08-19,district,RAYALASEEMA,ANDHRA PRADESH,NANDYAL,6.8,2.9,133.0,LE,197.1,295.6,-33.0,D,2026-08-20 06:46:36.065270
2026-08-19,2026-06-01,2026-08-19,district,RAYALASEEMA,ANDHRA PRADESH,SRI SATHYASAI DISTRICT,0.0,2.3,-100.0,NR,98.6,160.0,-38.0,D,2026-08-20 06:46:36.065270
2026-08-19,2026-06-01,2026-08-19,district,RAYALASEEMA,ANDHRA PRADESH,TIRUPATI,0.2,4.0,-96.0,LD,166.0,263.7,-37.0,D,2026-08-20 06:46:36.065270
2026-08-19,2026-06-01,2026-08-19,district,RAYALASEEMA,ANDHRA PRADESH,YSR DISTRICT,0.3,2.3,-89.0,LD,131.9,221.0,-40.0,D,2026-08-20 06:46:36.065270
2026-08-19,2026-06-01,2026-08-19,district,S. I. KARNATAKA,KARNATAKA,BALLARI,6.4,1.9,236.0,LE,116.4,187.0,-38.0,D,2026-08-20 06:46:36.065270
2026-08-19,2026-06-01,2026-08-19,district,S. I. KARNATAKA,KARNATAKA,BENGALURU RURAL,0.0,4.1,-100.0,NR,191.5,221.6,-14.0,N,2026-08-20 06:46:36.065270
2026-08-19,2026-06-01,2026-08-19,district,S. I. KARNATAKA,KARNATAKA,BENGALURU URBAN,0.0,5.1,-100.0,NR,104.2,228.6,-54.0,D,2026-08-20 06:46:36.065270
2026-08-19,2026-06-01,2026-08-19,district,S. I. KARNATAKA,KARNATAKA,CHAMARAJANAGAR,0.0,3.0,-100.0,NR,122.3,180.1,-32.0,D,2026-08-20 06:46:36.065270
2026-08-19,2026-06-01,2026-08-19,district,S. I. KARNATAKA,KARNATAKA,CHIKABALLAPURA,0.1,3.1,-97.0,LD,144.2,213.0,-32.0,D,2026-08-20 06:46:36.065270
2026-08-19,2026-06-01,2026-08-19,district,S. I. KARNATAKA,KARNATAKA,CHIKKAMAGALURU,5.5,11.5,-52.0,D,1134.1,1205.4,-6.0,N,2026-08-20 06:46:36.065270
2026-08-19,2026-06-01,2026-08-19,district,S. I. KARNATAKA,KARNATAKA,CHITRADURGA,0.8,2.4,-69.0,LD,122.8,152.2,-19.0,N,2026-08-20 06:46:36.065270
2026-08-19,2026-06-01,2026-08-19,district,S. I. KARNATAKA,KARNATAKA,DAVANGERE,3.4,3.1,11.0,N,220.6,235.6,-6.0,N,2026-08-20 06:46:36.065270
2026-08-19,2026-06-01,2026-08-19,district,S. I. KARNATAKA,KARNATAKA,HASSAN,0.0,4.9,-100.0,NR,179.5,490.9,-63.0,LD,2026-08-20 06:46:36.065270
2026-08-19,2026-06-01,2026-08-19,district,S. I. KARNATAKA,KARNATAKA,KODAGU,10.0,15.5,-36.0,D,1332.6,1844.5,-28.0,D,2026-08-20 06:46:36.065270
2026-08-19,2026-06-01,2026-08-19,district,S. I. KARNATAKA,KARNATAKA,KOLAR,0.0,3.3,-100.0,NR,105.0,207.6,-49.0,D,2026-08-20 06:46:36.065270
2026-08-19,2026-06-01,2026-08-19,district,S. I. KARNATAKA,KARNATAKA,MANDYA,0.9,3.8,-76.0,LD,85.2,149.4,-43.0,D,2026-08-20 06:46:36.065270
2026-08-19,2026-06-01,2026-08-19,district,S. I. KARNATAKA,KARNATAKA,MYSURU,11.8,3.6,228.0,LE,138.2,234.5,-41.0,D,2026-08-20 06:46:36.065270
2026-08-19,2026-06-01,2026-08-19,district,S. I. KARNATAKA,KARNATAKA,RAMANAGARA,0.0,4.9,-100.0,NR,19.0,232.4,-92.0,LD,2026-08-20 06:46:36.065270
2026-08-19,2026-06-01,2026-08-19,district,S. I. KARNATAKA,KARNATAKA,SHIVAMOGGA,6.9,12.0,-42.0,D,1293.5,1333.6,-3.0,N,2026-08-20 06:46:36.065270
2026-08-19,2026-06-01,2026-08-19,district,S. I. KARNATAKA,KARNATAKA,TUMAKURU,0.0,3.2,-100.0,NR,105.6,185.4,-43.0,D,2026-08-20 06:46:36.065270
2026-08-19,2026-06-01,2026-08-19,district,S. I. KARNATAKA,KARNATAKA,VIJAYANAGARA,3.7,2.9,28.0,E,119.5,207.7,-42.0,D,2026-08-20 06:46:36.065270
2026-08-19,2026-06-01,2026-08-19,district,SAURASHTRA & KUTCH,DADRA & NAGAR HAVELI AND DAMAN & DIU (UT),DIU,1.6,2.6,-38.0,D,624.6,592.3,5.0,N,2026-08-20 06:46:36.065270
2026-08-19,2026-06-01,2026-08-19,district,SAURASHTRA & KUTCH,GUJARAT,AMRELI,0.0,2.6,-100.0,NR,493.1,414.2,19.0,N,2026-08-20 06:46:36.065270
2026-08-19,2026-06-01,2026-08-19,district,SAURASHTRA & KUTCH,GUJARAT,BHAVNAGAR,0.0,2.7,-100.0,NR,476.2,407.8,17.0,N,2026-08-20 06:46:36.065270
2026-08-19,2026-06-01,2026-08-19,district,SAURASHTRA & KUTCH,GUJARAT,BOTAD,0.0,3.3,-100.0,NR,443.2,398.0,11.0,N,2026-08-20 06:46:36.065270
2026-08-19,2026-06-01,2026-08-19,district,SAURASHTRA & KUTCH,GUJARAT,DEVBHOOMI DWARKA,0.0,1.5,-99.0,LD,57.4,420.8,-86.0,LD,2026-08-20 06:46:36.065270
2026-08-19,2026-06-01,2026-08-19,district,SAURASHTRA & KUTCH,GUJARAT,GIR SOMNATH,0.0,3.5,-100.0,NR,468.4,691.9,-32.0,D,2026-08-20 06:46:36.065270
2026-08-19,2026-06-01,2026-08-19,district,SAURASHTRA & KUTCH,GUJARAT,JAMNAGAR,0.0,3.7,-100.0,NR,216.0,476.6,-55.0,D,2026-08-20 06:46:36.065270
2026-08-19,2026-06-01,2026-08-19,district,SAURASHTRA & KUTCH,GUJARAT,JUNAGADH,0.0,3.6,-99.0,LD,589.6,679.9,-13.0,N,2026-08-20 06:46:36.065270
2026-08-19,2026-06-01,2026-08-19,district,SAURASHTRA & KUTCH,GUJARAT,KUTCH,0.0,3.1,-100.0,NR,136.5,295.8,-54.0,D,2026-08-20 06:46:36.065270
2026-08-19,2026-06-01,2026-08-19,district,SAURASHTRA & KUTCH,GUJARAT,MORBI,0.0,2.6,-100.0,NR,471.4,404.1,17.0,N,2026-08-20 06:46:36.065270
2026-08-19,2026-06-01,2026-08-19,district,SAURASHTRA & KUTCH,GUJARAT,PORBANDAR,0.0,1.7,-100.0,NR,159.1,524.6,-70.0,LD,2026-08-20 06:46:36.065270
2026-08-19,2026-06-01,2026-08-19,district,SAURASHTRA & KUTCH,GUJARAT,RAJKOT,0.0,2.4,-100.0,NR,354.4,469.6,-25.0,D,2026-08-20 06:46:36.065270
2026-08-19,2026-06-01,2026-08-19,district,SAURASHTRA & KUTCH,GUJARAT,SURENDRANAGAR,0.0,3.1,-100.0,NR,480.7,372.3,29.0,E,2026-08-20 06:46:36.065270
2026-08-19,2026-06-01,2026-08-19,district,SHWB & SIKKIM,SIKKIM,GANGTOK,13.2,18.8,-30.0,D,1406.4,1558.5,-10.0,N,2026-08-20 06:46:36.065270
2026-08-19,2026-06-01,2026-08-19,district,SHWB & SIKKIM,SIKKIM,GYALSHING,15.1,15.0,0.0,N,1640.9,1238.7,32.0,E,2026-08-20 06:46:36.065270
2026-08-19,2026-06-01,2026-08-19,district,SHWB & SIKKIM,SIKKIM,MANGAN,14.5,10.8,35.0,E,960.2,1082.2,-11.0,N,2026-08-20 06:46:36.065270
2026-08-19,2026-06-01,2026-08-19,district,SHWB & SIKKIM,SIKKIM,NAMCHI,19.8,14.2,39.0,E,1428.0,1146.1,25.0,E,2026-08-20 06:46:36.065270
2026-08-19,2026-06-01,2026-08-19,district,SHWB & SIKKIM,SIKKIM,Pakyong,15.2,13.1,16.0,N,1193.5,1145.9,4.0,N,2026-08-20 06:46:36.065270
2026-08-19,2026-06-01,2026-08-19,district,SHWB & SIKKIM,SIKKIM,Soreng,3.0,15.0,-80.0,LD,1696.5,1238.7,37.0,E,2026-08-20 06:46:36.065270
2026-08-19,2026-06-01,2026-08-19,district,SHWB & SIKKIM,WEST BENGAL,ALIPURDUAR,0.4,15.4,-97.0,LD,2092.0,2168.6,-4.0,N,2026-08-20 06:46:36.065270
2026-08-19,2026-06-01,2026-08-19,district,SHWB & SIKKIM,WEST BENGAL,COOCH BEHAR,12.4,10.5,18.0,N,1617.9,1663.8,-3.0,N,2026-08-20 06:46:36.065270
2026-08-19,2026-06-01,2026-08-19,district,SHWB & SIKKIM,WEST BENGAL,DARJEELING,20.8,20.0,4.0,N,1657.8,1936.7,-14.0,N,2026-08-20 06:46:36.065270
2026-08-19,2026-06-01,2026-08-19,district,SHWB & SIKKIM,WEST BENGAL,JALPAIGURI,11.9,19.3,-39.0,D,1689.5,2086.6,-19.0,N,2026-08-20 06:46:36.065270
2026-08-19,2026-06-01,2026-08-19,district,SHWB & SIKKIM,WEST BENGAL,KALIMPONG,19.3,21.7,-11.0,N,1422.8,1721.5,-17.0,N,2026-08-20 06:46:36.065270
2026-08-19,2026-06-01,2026-08-19,district,SHWB & SIKKIM,WEST BENGAL,MALDA,22.6,7.3,210.0,LE,581.2,764.0,-24.0,D,2026-08-20 06:46:36.065270
2026-08-19,2026-06-01,2026-08-19,district,SHWB & SIKKIM,WEST BENGAL,NORTH DINAJPUR,0.0,8.2,-100.0,NR,741.2,986.1,-25.0,D,2026-08-20 06:46:36.065270
2026-08-19,2026-06-01,2026-08-19,district,SHWB & SIKKIM,WEST BENGAL,SOUTH DINAJPUR,0.5,9.2,-95.0,LD,635.2,715.0,-11.0,N,2026-08-20 06:46:36.065270
2026-08-19,2026-06-01,2026-08-19,district,TAMIL. PUDU.& KARAIKAL,PUDUCHERRY (UT),KARAIKAL,0.0,1.9,-100.0,NR,202.2,146.1,38.0,E,2026-08-20 06:46:36.065270
2026-08-19,2026-06-01,2026-08-19,district,TAMIL. PUDU.& KARAIKAL,PUDUCHERRY (UT),PUDUCHERRY,0.0,3.6,-100.0,NR,82.1,205.2,-60.0,LD,2026-08-20 06:46:36.065270
2026-08-19,2026-06-01,2026-08-19,district,TAMIL. PUDU.& KARAIKAL,TAMILNADU,ARIYALUR,0.0,2.6,-100.0,NR,175.7,146.7,20.0,E,2026-08-20 06:46:36.065270
2026-08-19,2026-06-01,2026-08-19,district,TAMIL. PUDU.& KARAIKAL,TAMILNADU,CHENGALPATTU,0.0,4.8,-100.0,NR,83.0,226.1,-63.0,LD,2026-08-20 06:46:36.065270
2026-08-19,2026-06-01,2026-08-19,district,TAMIL. PUDU.& KARAIKAL,TAMILNADU,CHENNAI,0.0,4.4,-99.0,LD,237.8,256.4,-7.0,N,2026-08-20 06:46:36.065270
2026-08-19,2026-06-01,2026-08-19,district,TAMIL. PUDU.& KARAIKAL,TAMILNADU,COIMBATORE,2.3,5.1,-54.0,D,546.9,509.0,7.0,N,2026-08-20 06:46:36.065270
2026-08-19,2026-06-01,2026-08-19,district,TAMIL. PUDU.& KARAIKAL,TAMILNADU,CUDDALORE,10.6,3.6,196.0,LE,183.9,179.2,3.0,N,2026-08-20 06:46:36.065270
2026-08-19,2026-06-01,2026-08-19,district,TAMIL. PUDU.& KARAIKAL,TAMILNADU,DHARMAPURI,0.0,3.6,-100.0,NR,139.0,175.2,-21.0,D,2026-08-20 06:46:36.065270
2026-08-19,2026-06-01,2026-08-19,district,TAMIL. PUDU.& KARAIKAL,TAMILNADU,DINDIGUL,0.2,3.7,-94.0,LD,89.9,130.1,-31.0,D,2026-08-20 06:46:36.065270
2026-08-19,2026-06-01,2026-08-19,district,TAMIL. PUDU.& KARAIKAL,TAMILNADU,ERODE,0.1,2.8,-96.0,LD,99.4,126.8,-22.0,D,2026-08-20 06:46:36.065270
2026-08-19,2026-06-01,2026-08-19,district,TAMIL. PUDU.& KARAIKAL,TAMILNADU,KALLAKURICHI,4.2,3.3,28.0,E,153.6,195.8,-22.0,D,2026-08-20 06:46:36.065270
2026-08-19,2026-06-01,2026-08-19,district,TAMIL. PUDU.& KARAIKAL,TAMILNADU,KANCHEEPURAM,0.1,4.5,-97.0,LD,175.1,261.6,-33.0,D,2026-08-20 06:46:36.065270
2026-08-19,2026-06-01,2026-08-19,district,TAMIL. PUDU.& KARAIKAL,TAMILNADU,KANYAKUMARI,0.0,3.2,-99.0,LD,368.4,339.4,9.0,N,2026-08-20 06:46:36.065270
2026-08-19,2026-06-01,2026-08-19,district,TAMIL. PUDU.& KARAIKAL,TAMILNADU,KARUR,0.3,1.9,-87.0,LD,36.1,73.0,-51.0,D,2026-08-20 06:46:36.065270
2026-08-19,2026-06-01,2026-08-19,district,TAMIL. PUDU.& KARAIKAL,TAMILNADU,KRISHNAGIRI,0.4,4.4,-91.0,LD,109.8,161.3,-32.0,D,2026-08-20 06:46:36.065270
2026-08-19,2026-06-01,2026-08-19,district,TAMIL. PUDU.& KARAIKAL,TAMILNADU,MADURAI,0.0,3.4,-99.0,LD,102.7,138.0,-26.0,D,2026-08-20 06:46:36.065270
2026-08-19,2026-06-01,2026-08-19,district,TAMIL. PUDU.& KARAIKAL,TAMILNADU,MAYILADUTHURAI,0.7,2.3,-71.0,LD,103.6,150.0,-31.0,D,2026-08-20 06:46:36.065270
2026-08-19,2026-06-01,2026-08-19,district,TAMIL. PUDU.& KARAIKAL,TAMILNADU,NAGAPATTINAM,0.0,2.0,-100.0,NR,61.5,118.6,-48.0,D,2026-08-20 06:46:36.065270
2026-08-19,2026-06-01,2026-08-19,district,TAMIL. PUDU.& KARAIKAL,TAMILNADU,NAMAKKAL,1.5,3.3,-56.0,D,68.6,152.5,-55.0,D,2026-08-20 06:46:36.065270
2026-08-19,2026-06-01,2026-08-19,district,TAMIL. PUDU.& KARAIKAL,TAMILNADU,NILGIRIS,5.6,6.1,-9.0,N,421.5,591.3,-29.0,D,2026-08-20 06:46:36.065270
2026-08-19,2026-06-01,2026-08-19,district,TAMIL. PUDU.& KARAIKAL,TAMILNADU,PERAMBALUR,3.5,6.2,-44.0,D,140.1,116.5,20.0,E,2026-08-20 06:46:36.065270
2026-08-19,2026-06-01,2026-08-19,district,TAMIL. PUDU.& KARAIKAL,TAMILNADU,PUDUKKOTTAI,0.0,3.3,-100.0,NR,141.2,145.3,-3.0,N,2026-08-20 06:46:36.065270
2026-08-19,2026-06-01,2026-08-19,district,TAMIL. PUDU.& KARAIKAL,TAMILNADU,RAMANATHAPURAM,0.0,0.7,-100.0,NR,29.1,58.4,-50.0,D,2026-08-20 06:46:36.065270
2026-08-19,2026-06-01,2026-08-19,district,TAMIL. PUDU.& KARAIKAL,TAMILNADU,RANIPET,0.4,4.7,-92.0,LD,185.9,255.6,-27.0,D,2026-08-20 06:46:36.065270
2026-08-19,2026-06-01,2026-08-19,district,TAMIL. PUDU.& KARAIKAL,TAMILNADU,SALEM,6.7,4.4,52.0,E,157.7,201.5,-22.0,D,2026-08-20 06:46:36.065270
2026-08-19,2026-06-01,2026-08-19,district,TAMIL. PUDU.& KARAIKAL,TAMILNADU,SIVAGANGA,0.0,4.8,-100.0,NR,175.5,169.8,3.0,N,2026-08-20 06:46:36.065270
2026-08-19,2026-06-01,2026-08-19,district,TAMIL. PUDU.& KARAIKAL,TAMILNADU,TENKASI,0.0,1.2,-100.0,NR,166.2,112.6,48.0,E,2026-08-20 06:46:36.065270
2026-08-19,2026-06-01,2026-08-19,district,TAMIL. PUDU.& KARAIKAL,TAMILNADU,THANJAVUR,0.0,3.0,-99.0,LD,112.5,144.6,-22.0,D,2026-08-20 06:46:36.065270
2026-08-19,2026-06-01,2026-08-19,district,TAMIL. PUDU.& KARAIKAL,TAMILNADU,THENI,0.7,2.9,-77.0,LD,151.0,116.3,30.0,E,2026-08-20 06:46:36.065270
2026-08-19,2026-06-01,2026-08-19,district,TAMIL. PUDU.& KARAIKAL,TAMILNADU,THIRUCHIRAPALLI,0.0,3.3,-100.0,NR,80.9,114.8,-30.0,D,2026-08-20 06:46:36.065270
2026-08-19,2026-06-01,2026-08-19,district,TAMIL. PUDU.& KARAIKAL,TAMILNADU,THIRUVALLUR,1.0,4.6,-79.0,LD,208.6,260.8,-20.0,D,2026-08-20 06:46:36.065270
2026-08-19,2026-06-01,2026-08-19,district,TAMIL. PUDU.& KARAIKAL,TAMILNADU,THOOTHUKUDI,0.0,0.3,-100.0,NR,8.4,23.8,-65.0,LD,2026-08-20 06:46:36.065270
2026-08-19,2026-06-01,2026-08-19,district,TAMIL. PUDU.& KARAIKAL,TAMILNADU,TIRUNELVELI,0.0,0.5,-100.0,NR,352.6,49.1,618.0,LE,2026-08-20 06:46:36.065270
2026-08-19,2026-06-01,2026-08-19,district,TAMIL. PUDU.& KARAIKAL,TAMILNADU,TIRUPATTUR,0.5,4.8,-90.0,LD,84.0,219.8,-62.0,LD,2026-08-20 06:46:36.065270
2026-08-19,2026-06-01,2026-08-19,district,TAMIL. PUDU.& KARAIKAL,TAMILNADU,TIRUPPUR,0.0,1.8,-100.0,NR,25.1,59.6,-58.0,D,2026-08-20 06:46:36.065270
2026-08-19,2026-06-01,2026-08-19,district,TAMIL. PUDU.& KARAIKAL,TAMILNADU,TIRUVANNAMALAI,0.3,4.6,-93.0,LD,135.8,236.4,-43.0,D,2026-08-20 06:46:36.065270
2026-08-19,2026-06-01,2026-08-19,district,TAMIL. PUDU.& KARAIKAL,TAMILNADU,TIRUVARUR,0.0,3.1,-100.0,NR,127.6,139.7,-9.0,N,2026-08-20 06:46:36.065270
2026-08-19,2026-06-01,2026-08-19,district,TAMIL. PUDU.& KARAIKAL,TAMILNADU,VELLORE,0.4,5.1,-92.0,LD,132.5,232.0,-43.0,D,2026-08-20 06:46:36.065270
2026-08-19,2026-06-01,2026-08-19,district,TAMIL. PUDU.& KARAIKAL,TAMILNADU,VILLUPURAM,0.6,3.9,-86.0,LD,149.0,208.5,-29.0,D,2026-08-20 06:46:36.065270
2026-08-19,2026-06-01,2026-08-19,district,TAMIL. PUDU.& KARAIKAL,TAMILNADU,VIRUDHUNAGAR,0.0,1.8,-100.0,NR,77.6,82.4,-6.0,N,2026-08-20 06:46:36.065270
2026-08-19,2026-06-01,2026-08-19,district,TELANGANA,TELANGANA,ADILABAD,5.6,6.4,-12.0,N,566.1,677.1,-16.0,N,2026-08-20 06:46:36.065270
2026-08-19,2026-06-01,2026-08-19,district,TELANGANA,TELANGANA,B. KOTHAGUDEM,10.9,9.2,19.0,N,491.9,669.2,-26.0,D,2026-08-20 06:46:36.065270
2026-08-19,2026-06-01,2026-08-19,district,TELANGANA,TELANGANA,HANUMAKONDA,5.8,4.6,26.0,E,282.7,458.9,-38.0,D,2026-08-20 06:46:36.065270
2026-08-19,2026-06-01,2026-08-19,district,TELANGANA,TELANGANA,HYDERABAD,5.7,4.5,26.0,E,275.2,397.4,-31.0,D,2026-08-20 06:46:36.065270
2026-08-19,2026-06-01,2026-08-19,district,TELANGANA,TELANGANA,J. BHUPALPALLY,7.9,11.9,-34.0,D,656.3,676.3,-3.0,N,2026-08-20 06:46:36.065270
2026-08-19,2026-06-01,2026-08-19,district,TELANGANA,TELANGANA,JAGTIAL,16.0,4.8,234.0,LE,637.6,548.7,16.0,N,2026-08-20 06:46:36.065270
2026-08-19,2026-06-01,2026-08-19,district,TELANGANA,TELANGANA,JANGAON,2.1,4.9,-57.0,D,250.5,453.4,-45.0,D,2026-08-20 06:46:36.065270
2026-08-19,2026-06-01,2026-08-19,district,TELANGANA,TELANGANA,JOGULAMBA GADWAL,6.9,2.8,146.0,LE,180.5,269.9,-33.0,D,2026-08-20 06:46:36.065270
2026-08-19,2026-06-01,2026-08-19,district,TELANGANA,TELANGANA,KAMAREDDY,0.5,6.5,-93.0,LD,657.0,522.5,26.0,E,2026-08-20 06:46:36.065270
2026-08-19,2026-06-01,2026-08-19,district,TELANGANA,TELANGANA,KARIMNAGAR,7.4,5.8,28.0,E,450.0,473.7,-5.0,N,2026-08-20 06:46:36.065270
2026-08-19,2026-06-01,2026-08-19,district,TELANGANA,TELANGANA,KHAMMAM,7.3,7.0,4.0,N,393.4,525.3,-25.0,D,2026-08-20 06:46:36.065270
2026-08-19,2026-06-01,2026-08-19,district,TELANGANA,TELANGANA,KUMARAM BHEEM,4.9,12.2,-60.0,LD,829.7,698.3,19.0,N,2026-08-20 06:46:36.065270
2026-08-19,2026-06-01,2026-08-19,district,TELANGANA,TELANGANA,M. MALKAJGIRI,2.7,2.1,29.0,E,184.2,319.2,-42.0,D,2026-08-20 06:46:36.065270
2026-08-19,2026-06-01,2026-08-19,district,TELANGANA,TELANGANA,MAHABUBABAD,9.2,11.0,-17.0,N,472.1,599.1,-21.0,D,2026-08-20 06:46:36.065270
2026-08-19,2026-06-01,2026-08-19,district,TELANGANA,TELANGANA,MAHABUBNAGAR,0.7,4.0,-83.0,LD,296.5,320.1,-7.0,N,2026-08-20 06:46:36.065270
2026-08-19,2026-06-01,2026-08-19,district,TELANGANA,TELANGANA,MANCHERIAL,8.2,7.5,9.0,N,742.0,661.8,12.0,N,2026-08-20 06:46:36.065270
2026-08-19,2026-06-01,2026-08-19,district,TELANGANA,TELANGANA,MEDAK,1.0,5.5,-82.0,LD,519.6,537.3,-3.0,N,2026-08-20 06:46:36.065270
2026-08-19,2026-06-01,2026-08-19,district,TELANGANA,TELANGANA,MULUGU,8.5,10.2,-16.0,N,731.6,699.0,5.0,N,2026-08-20 06:46:36.065270
2026-08-19,2026-06-01,2026-08-19,district,TELANGANA,TELANGANA,NAGARKURNOOL,1.7,3.8,-55.0,D,214.4,290.0,-26.0,D,2026-08-20 06:46:36.065270
2026-08-19,2026-06-01,2026-08-19,district,TELANGANA,TELANGANA,NALGONDA,5.0,4.7,7.0,N,159.5,310.8,-49.0,D,2026-08-20 06:46:36.065270
2026-08-19,2026-06-01,2026-08-19,district,TELANGANA,TELANGANA,NARAYANPET,4.2,3.3,26.0,E,294.2,281.6,4.0,N,2026-08-20 06:46:36.065270
2026-08-19,2026-06-01,2026-08-19,district,TELANGANA,TELANGANA,NIRMAL,9.2,6.8,36.0,E,357.6,620.7,-42.0,D,2026-08-20 06:46:36.065270
2026-08-19,2026-06-01,2026-08-19,district,TELANGANA,TELANGANA,NIZAMABAD,9.3,6.1,53.0,E,549.8,567.9,-3.0,N,2026-08-20 06:46:36.065270
2026-08-19,2026-06-01,2026-08-19,district,TELANGANA,TELANGANA,PEDDAPALLE,8.7,7.1,22.0,E,558.2,612.4,-9.0,N,2026-08-20 06:46:36.065270
2026-08-19,2026-06-01,2026-08-19,district,TELANGANA,TELANGANA,RAJANNA SIRCILLA,3.7,4.9,-24.0,D,498.4,467.0,7.0,N,2026-08-20 06:46:36.065270
2026-08-19,2026-06-01,2026-08-19,district,TELANGANA,TELANGANA,RANGAREDDY,5.1,4.2,21.0,E,292.0,334.8,-13.0,N,2026-08-20 06:46:36.065270
2026-08-19,2026-06-01,2026-08-19,district,TELANGANA,TELANGANA,SANGAREDDY,2.4,6.1,-61.0,LD,335.1,468.2,-28.0,D,2026-08-20 06:46:36.065270
2026-08-19,2026-06-01,2026-08-19,district,TELANGANA,TELANGANA,SIDDIPET,1.7,3.8,-56.0,D,372.5,417.2,-11.0,N,2026-08-20 06:46:36.065270
2026-08-19,2026-06-01,2026-08-19,district,TELANGANA,TELANGANA,SURYAPET,1.1,4.8,-76.0,LD,278.1,401.9,-31.0,D,2026-08-20 06:46:36.065270
2026-08-19,2026-06-01,2026-08-19,district,TELANGANA,TELANGANA,VIKARABAD,0.7,4.6,-84.0,LD,354.1,415.6,-15.0,N,2026-08-20 06:46:36.065270
2026-08-19,2026-06-01,2026-08-19,district,TELANGANA,TELANGANA,WANAPARTHY,9.9,5.8,71.0,LE,234.9,341.2,-31.0,D,2026-08-20 06:46:36.065270
2026-08-19,2026-06-01,2026-08-19,district,TELANGANA,TELANGANA,WARANGAL,8.3,9.6,-14.0,N,354.8,630.8,-44.0,D,2026-08-20 06:46:36.065270
2026-08-19,2026-06-01,2026-08-19,district,TELANGANA,TELANGANA,Y. BHUVANAGIRI,3.7,2.8,32.0,E,190.9,350.1,-45.0,D,2026-08-20 06:46:36.065270
2026-08-19,2026-06-01,2026-08-19,district,UTTARAKHAND,UTTARAKHAND,ALMORA,43.1,10.3,319.0,LE,650.3,591.3,10.0,N,2026-08-20 06:46:36.065270
2026-08-19,2026-06-01,2026-08-19,district,UTTARAKHAND,UTTARAKHAND,BAGESHWAR,19.6,10.3,91.0,LE,1474.1,591.3,149.0,LE,2026-08-20 06:46:36.065270
2026-08-19,2026-06-01,2026-08-19,district,UTTARAKHAND,UTTARAKHAND,CHAMOLI,6.3,9.9,-36.0,D,867.1,543.9,59.0,E,2026-08-20 06:46:36.065270
2026-08-19,2026-06-01,2026-08-19,district,UTTARAKHAND,UTTARAKHAND,CHAMPAWAT,9.2,17.7,-48.0,D,621.4,951.2,-35.0,D,2026-08-20 06:46:36.065270
2026-08-19,2026-06-01,2026-08-19,district,UTTARAKHAND,UTTARAKHAND,DEHRADUN,35.3,23.8,48.0,E,1048.3,1071.0,-2.0,N,2026-08-20 06:46:36.065270
2026-08-19,2026-06-01,2026-08-19,district,UTTARAKHAND,UTTARAKHAND,GARHWAL PAURI,25.5,22.9,11.0,N,484.0,908.5,-47.0,D,2026-08-20 06:46:36.065270
2026-08-19,2026-06-01,2026-08-19,district,UTTARAKHAND,UTTARAKHAND,GARHWAL TEHRI,17.9,11.7,53.0,E,896.6,690.5,30.0,E,2026-08-20 06:46:36.065270
2026-08-19,2026-06-01,2026-08-19,district,UTTARAKHAND,UTTARAKHAND,HARDWAR,10.1,13.9,-28.0,D,817.6,710.6,15.0,N,2026-08-20 06:46:36.065270
2026-08-19,2026-06-01,2026-08-19,district,UTTARAKHAND,UTTARAKHAND,NAINITAL,22.7,21.2,7.0,N,745.2,1144.7,-35.0,D,2026-08-20 06:46:36.065270
2026-08-19,2026-06-01,2026-08-19,district,UTTARAKHAND,UTTARAKHAND,PITHORAGARH,6.4,20.1,-68.0,LD,1093.6,1108.6,-1.0,N,2026-08-20 06:46:36.065270
2026-08-19,2026-06-01,2026-08-19,district,UTTARAKHAND,UTTARAKHAND,RUDRAPRAYAG,2.2,19.1,-89.0,LD,1054.0,1159.1,-9.0,N,2026-08-20 06:46:36.065270
2026-08-19,2026-06-01,2026-08-19,district,UTTARAKHAND,UTTARAKHAND,UDHAM SINGH NAGAR,14.8,12.3,20.0,E,737.6,815.5,-10.0,N,2026-08-20 06:46:36.065270
2026-08-19,2026-06-01,2026-08-19,district,UTTARAKHAND,UTTARAKHAND,UTTARKASHI,5.6,19.6,-72.0,LD,789.3,871.3,-9.0,N,2026-08-20 06:46:36.065270
2026-08-19,2026-06-01,2026-08-19,district,VIDARBHA,MAHARASHTRA,AKOLA,0.5,5.2,-90.0,LD,350.4,498.3,-30.0,D,2026-08-20 06:46:36.065270
2026-08-19,2026-06-01,2026-08-19,district,VIDARBHA,MAHARASHTRA,AMRAOTI,0.4,7.8,-95.0,LD,387.0,587.5,-34.0,D,2026-08-20 06:46:36.065270
2026-08-19,2026-06-01,2026-08-19,district,VIDARBHA,MAHARASHTRA,BHANDARA,0.4,13.1,-97.0,LD,672.8,777.3,-13.0,N,2026-08-20 06:46:36.065270
2026-08-19,2026-06-01,2026-08-19,district,VIDARBHA,MAHARASHTRA,BULDHANA,1.3,4.1,-68.0,LD,449.4,448.3,0.0,N,2026-08-20 06:46:36.065270
2026-08-19,2026-06-01,2026-08-19,district,VIDARBHA,MAHARASHTRA,CHANDRAPUR,0.9,9.4,-90.0,LD,532.8,778.4,-32.0,D,2026-08-20 06:46:36.065270
2026-08-19,2026-06-01,2026-08-19,district,VIDARBHA,MAHARASHTRA,GADCHIROLI,4.2,13.9,-70.0,LD,697.7,934.7,-25.0,D,2026-08-20 06:46:36.065270
2026-08-19,2026-06-01,2026-08-19,district,VIDARBHA,MAHARASHTRA,GONDIA,5.3,15.8,-67.0,LD,917.9,877.3,5.0,N,2026-08-20 06:46:36.065270
2026-08-19,2026-06-01,2026-08-19,district,VIDARBHA,MAHARASHTRA,NAGPUR,0.0,9.6,-99.0,LD,453.4,669.3,-32.0,D,2026-08-20 06:46:36.065270
2026-08-19,2026-06-01,2026-08-19,district,VIDARBHA,MAHARASHTRA,WARDHA,0.1,5.3,-98.0,LD,452.7,605.3,-25.0,D,2026-08-20 06:46:36.065270
2026-08-19,2026-06-01,2026-08-19,district,VIDARBHA,MAHARASHTRA,WASHIM,3.8,5.1,-25.0,D,430.1,553.6,-22.0,D,2026-08-20 06:46:36.065270
2026-08-19,2026-06-01,2026-08-19,district,VIDARBHA,MAHARASHTRA,YEOTMAL,2.1,5.5,-62.0,LD,519.1,588.8,-12.0,N,2026-08-20 06:46:36.065270
2026-08-19,2026-06-01,2026-08-19,district,WEST MADHYA PRADESH,MADHYA PRADESH,AGAR-MALWA,0.0,10.4,-100.0,NR,562.2,633.3,-11.0,N,2026-08-20 06:46:36.065270
2026-08-19,2026-06-01,2026-08-19,district,WEST MADHYA PRADESH,MADHYA PRADESH,ALIRAJPUR,0.0,5.8,-100.0,NR,357.2,605.7,-41.0,D,2026-08-20 06:46:36.065270
2026-08-19,2026-06-01,2026-08-19,district,WEST MADHYA PRADESH,MADHYA PRADESH,ASHOKNAGAR,1.8,12.5,-86.0,LD,476.3,599.8,-21.0,D,2026-08-20 06:46:36.065270
2026-08-19,2026-06-01,2026-08-19,district,WEST MADHYA PRADESH,MADHYA PRADESH,BARWANI,0.2,6.0,-96.0,LD,462.8,449.3,3.0,N,2026-08-20 06:46:36.065270
2026-08-19,2026-06-01,2026-08-19,district,WEST MADHYA PRADESH,MADHYA PRADESH,BETUL,0.7,9.9,-93.0,LD,539.6,725.5,-26.0,D,2026-08-20 06:46:36.065270
2026-08-19,2026-06-01,2026-08-19,district,WEST MADHYA PRADESH,MADHYA PRADESH,BHIND,11.3,7.0,61.0,LE,504.5,425.1,19.0,N,2026-08-20 06:46:36.065270
2026-08-19,2026-06-01,2026-08-19,district,WEST MADHYA PRADESH,MADHYA PRADESH,BHOPAL,0.6,15.7,-96.0,LD,770.9,669.2,15.0,N,2026-08-20 06:46:36.065270
2026-08-19,2026-06-01,2026-08-19,district,WEST MADHYA PRADESH,MADHYA PRADESH,BURHANPUR,4.0,7.9,-50.0,D,688.0,502.0,37.0,E,2026-08-20 06:46:36.065270
2026-08-19,2026-06-01,2026-08-19,district,WEST MADHYA PRADESH,MADHYA PRADESH,DATIA,8.8,11.6,-25.0,D,406.4,525.9,-23.0,D,2026-08-20 06:46:36.065270
2026-08-19,2026-06-01,2026-08-19,district,WEST MADHYA PRADESH,MADHYA PRADESH,DEWAS,0.0,10.2,-100.0,NR,646.6,631.7,2.0,N,2026-08-20 06:46:36.065270
2026-08-19,2026-06-01,2026-08-19,district,WEST MADHYA PRADESH,MADHYA PRADESH,DHAR,0.2,6.7,-96.0,LD,385.9,550.8,-30.0,D,2026-08-20 06:46:36.065270
2026-08-19,2026-06-01,2026-08-19,district,WEST MADHYA PRADESH,MADHYA PRADESH,GUNA,1.3,9.9,-87.0,LD,752.8,666.3,13.0,N,2026-08-20 06:46:36.065270
2026-08-19,2026-06-01,2026-08-19,district,WEST MADHYA PRADESH,MADHYA PRADESH,GWALIOR,0.8,10.3,-92.0,LD,506.2,488.3,4.0,N,2026-08-20 06:46:36.065270
2026-08-19,2026-06-01,2026-08-19,district,WEST MADHYA PRADESH,MADHYA PRADESH,HARDA,3.5,17.9,-81.0,LD,590.7,787.3,-25.0,D,2026-08-20 06:46:36.065270
2026-08-19,2026-06-01,2026-08-19,district,WEST MADHYA PRADESH,MADHYA PRADESH,INDORE,0.0,11.5,-100.0,NR,501.2,588.9,-15.0,N,2026-08-20 06:46:36.065270
2026-08-19,2026-06-01,2026-08-19,district,WEST MADHYA PRADESH,MADHYA PRADESH,JHABUA,0.0,7.1,-100.0,NR,465.2,609.2,-24.0,D,2026-08-20 06:46:36.065270
2026-08-19,2026-06-01,2026-08-19,district,WEST MADHYA PRADESH,MADHYA PRADESH,KHANDWA,0.6,6.2,-90.0,LD,575.6,546.7,5.0,N,2026-08-20 06:46:36.065270
2026-08-19,2026-06-01,2026-08-19,district,WEST MADHYA PRADESH,MADHYA PRADESH,KHARGONE,1.8,6.2,-71.0,LD,618.6,494.8,25.0,E,2026-08-20 06:46:36.065270
2026-08-19,2026-06-01,2026-08-19,district,WEST MADHYA PRADESH,MADHYA PRADESH,MANDSAUR,0.0,11.3,-100.0,NR,517.4,578.0,-10.0,N,2026-08-20 06:46:36.065270
2026-08-19,2026-06-01,2026-08-19,district,WEST MADHYA PRADESH,MADHYA PRADESH,MORENA,0.0,8.2,-100.0,NR,279.6,461.7,-39.0,D,2026-08-20 06:46:36.065270
2026-08-19,2026-06-01,2026-08-19,district,WEST MADHYA PRADESH,MADHYA PRADESH,NARMADAPURAM,3.3,19.7,-83.0,LD,568.7,876.2,-35.0,D,2026-08-20 06:46:36.065270
2026-08-19,2026-06-01,2026-08-19,district,WEST MADHYA PRADESH,MADHYA PRADESH,NEEMUCH,0.0,10.6,-100.0,NR,508.9,552.0,-8.0,N,2026-08-20 06:46:36.065270
2026-08-19,2026-06-01,2026-08-19,district,WEST MADHYA PRADESH,MADHYA PRADESH,RAISEN,0.6,19.2,-97.0,LD,654.7,760.6,-14.0,N,2026-08-20 06:46:36.065270
2026-08-19,2026-06-01,2026-08-19,district,WEST MADHYA PRADESH,MADHYA PRADESH,RAJGARH,0.3,13.8,-98.0,LD,760.3,627.8,21.0,E,2026-08-20 06:46:36.065270
2026-08-19,2026-06-01,2026-08-19,district,WEST MADHYA PRADESH,MADHYA PRADESH,RATLAM,0.1,15.8,-99.0,LD,466.2,635.2,-27.0,D,2026-08-20 06:46:36.065270
2026-08-19,2026-06-01,2026-08-19,district,WEST MADHYA PRADESH,MADHYA PRADESH,SEHORE,1.9,20.7,-91.0,LD,703.8,741.6,-5.0,N,2026-08-20 06:46:36.065270
2026-08-19,2026-06-01,2026-08-19,district,WEST MADHYA PRADESH,MADHYA PRADESH,SHAJAPUR,0.1,14.1,-99.0,LD,512.2,636.5,-20.0,D,2026-08-20 06:46:36.065270
2026-08-19,2026-06-01,2026-08-19,district,WEST MADHYA PRADESH,MADHYA PRADESH,SHEOPUR,0.0,8.7,-100.0,NR,459.1,494.3,-7.0,N,2026-08-20 06:46:36.065270
2026-08-19,2026-06-01,2026-08-19,district,WEST MADHYA PRADESH,MADHYA PRADESH,SHIVPURI,2.4,8.3,-72.0,LD,523.6,565.5,-7.0,N,2026-08-20 06:46:36.065270
2026-08-19,2026-06-01,2026-08-19,district,WEST MADHYA PRADESH,MADHYA PRADESH,UJJAIN,0.0,14.3,-100.0,NR,517.0,615.2,-16.0,N,2026-08-20 06:46:36.065270
2026-08-19,2026-06-01,2026-08-19,district,WEST MADHYA PRADESH,MADHYA PRADESH,VIDISHA,1.7,17.5,-91.0,LD,586.2,727.4,-19.0,N,2026-08-20 06:46:36.065270
2026-08-19,2026-06-01,2026-08-19,district,WEST RAJASTHAN,RAJASTHAN,BARMER,0.0,2.0,-100.0,NR,188.0,203.6,-8.0,N,2026-08-20 06:46:36.065270
2026-08-19,2026-06-01,2026-08-19,district,WEST RAJASTHAN,RAJASTHAN,BIKANER,0.0,2.9,-100.0,NR,203.5,189.8,7.0,N,2026-08-20 06:46:36.065270
2026-08-19,2026-06-01,2026-08-19,district,WEST RAJASTHAN,RAJASTHAN,CHURU,0.0,4.1,-100.0,NR,264.7,251.7,5.0,N,2026-08-20 06:46:36.065270
2026-08-19,2026-06-01,2026-08-19,district,WEST RAJASTHAN,RAJASTHAN,HANUMANGARH,0.0,1.5,-100.0,NR,142.8,187.2,-24.0,D,2026-08-20 06:46:36.065270
2026-08-19,2026-06-01,2026-08-19,district,WEST RAJASTHAN,RAJASTHAN,JAISALMER,0.0,1.6,-100.0,NR,83.3,133.9,-38.0,D,2026-08-20 06:46:36.065270
2026-08-19,2026-06-01,2026-08-19,district,WEST RAJASTHAN,RAJASTHAN,JALORE,0.0,4.0,-100.0,NR,143.1,314.3,-54.0,D,2026-08-20 06:46:36.065270
2026-08-19,2026-06-01,2026-08-19,district,WEST RAJASTHAN,RAJASTHAN,JODHPUR,0.0,2.1,-100.0,NR,189.2,217.1,-13.0,N,2026-08-20 06:46:36.065270
2026-08-19,2026-06-01,2026-08-19,district,WEST RAJASTHAN,RAJASTHAN,NAGAUR,0.0,2.9,-100.0,NR,282.1,283.1,0.0,N,2026-08-20 06:46:36.065270
2026-08-19,2026-06-01,2026-08-19,district,WEST RAJASTHAN,RAJASTHAN,PALI,0.0,5.7,-100.0,NR,206.7,364.8,-43.0,D,2026-08-20 06:46:36.065270
2026-08-19,2026-06-01,2026-08-19,district,WEST RAJASTHAN,RAJASTHAN,SRI GANGANAGAR,0.0,1.7,-100.0,NR,168.7,152.4,11.0,N,2026-08-20 06:46:36.065270
2026-08-19,2026-06-01,2026-08-19,district,WEST UTTAR PRADESH,UTTAR PRADESH,AGRA,0.6,5.4,-89.0,LD,355.5,365.7,-3.0,N,2026-08-20 06:46:36.065270
2026-08-19,2026-06-01,2026-08-19,district,WEST UTTAR PRADESH,UTTAR PRADESH,ALIGARH,0.2,11.0,-98.0,LD,251.3,410.9,-39.0,D,2026-08-20 06:46:36.065270
2026-08-19,2026-06-01,2026-08-19,district,WEST UTTAR PRADESH,UTTAR PRADESH,AMROHA,0.0,12.7,-100.0,NR,310.6,575.8,-46.0,D,2026-08-20 06:46:36.065270
2026-08-19,2026-06-01,2026-08-19,district,WEST UTTAR PRADESH,UTTAR PRADESH,AURAIYA,0.0,7.3,-100.0,NR,344.3,353.8,-3.0,N,2026-08-20 06:46:36.065270
2026-08-19,2026-06-01,2026-08-19,district,WEST UTTAR PRADESH,UTTAR PRADESH,BADAUN,0.0,7.2,-100.0,NR,482.3,469.2,3.0,N,2026-08-20 06:46:36.065270
2026-08-19,2026-06-01,2026-08-19,district,WEST UTTAR PRADESH,UTTAR PRADESH,BAGHPAT,1.3,4.0,-67.0,LD,353.3,351.8,0.0,N,2026-08-20 06:46:36.065270
2026-08-19,2026-06-01,2026-08-19,district,WEST UTTAR PRADESH,UTTAR PRADESH,BAREILLY,9.6,7.6,26.0,E,491.2,559.6,-12.0,N,2026-08-20 06:46:36.065270
2026-08-19,2026-06-01,2026-08-19,district,WEST UTTAR PRADESH,UTTAR PRADESH,BIJNOR,25.2,13.4,88.0,LE,769.4,654.5,18.0,N,2026-08-20 06:46:36.065270
2026-08-19,2026-06-01,2026-08-19,district,WEST UTTAR PRADESH,UTTAR PRADESH,BULANDSHAHAR,1.5,7.5,-80.0,LD,366.0,370.4,-1.0,N,2026-08-20 06:46:36.065270
2026-08-19,2026-06-01,2026-08-19,district,WEST UTTAR PRADESH,UTTAR PRADESH,ETAH,2.0,9.8,-79.0,LD,465.8,346.5,34.0,E,2026-08-20 06:46:36.065270
2026-08-19,2026-06-01,2026-08-19,district,WEST UTTAR PRADESH,UTTAR PRADESH,ETAWAH,0.0,10.6,-100.0,NR,424.6,394.3,8.0,N,2026-08-20 06:46:36.065270
2026-08-19,2026-06-01,2026-08-19,district,WEST UTTAR PRADESH,UTTAR PRADESH,FIROZABAD,6.0,9.2,-35.0,D,485.1,401.4,21.0,E,2026-08-20 06:46:36.065270
2026-08-19,2026-06-01,2026-08-19,district,WEST UTTAR PRADESH,UTTAR PRADESH,GAUTAM BUDDHA NAGAR,5.4,3.1,74.0,LE,436.0,313.3,39.0,E,2026-08-20 06:46:36.065270
2026-08-19,2026-06-01,2026-08-19,district,WEST UTTAR PRADESH,UTTAR PRADESH,GHAZIABAD,0.0,3.3,-100.0,NR,145.0,315.9,-54.0,D,2026-08-20 06:46:36.065270
2026-08-19,2026-06-01,2026-08-19,district,WEST UTTAR PRADESH,UTTAR PRADESH,HAMIRPUR,2.0,9.0,-78.0,LD,588.5,484.3,22.0,E,2026-08-20 06:46:36.065270
2026-08-19,2026-06-01,2026-08-19,district,WEST UTTAR PRADESH,UTTAR PRADESH,HAPUR,2.0,13.5,-85.0,LD,264.0,457.4,-42.0,D,2026-08-20 06:46:36.065270
2026-08-19,2026-06-01,2026-08-19,district,WEST UTTAR PRADESH,UTTAR PRADESH,HATHRAS,0.0,7.6,-100.0,NR,378.0,394.6,-4.0,N,2026-08-20 06:46:36.065270
2026-08-19,2026-06-01,2026-08-19,district,WEST UTTAR PRADESH,UTTAR PRADESH,JALAUN,2.1,7.4,-72.0,LD,359.8,447.3,-20.0,D,2026-08-20 06:46:36.065270
2026-08-19,2026-06-01,2026-08-19,district,WEST UTTAR PRADESH,UTTAR PRADESH,JHANSI,0.9,9.4,-90.0,LD,293.3,502.0,-42.0,D,2026-08-20 06:46:36.065270
2026-08-19,2026-06-01,2026-08-19,district,WEST UTTAR PRADESH,UTTAR PRADESH,KASGANJ,21.7,12.8,69.0,LE,446.3,445.7,0.0,N,2026-08-20 06:46:36.065270
2026-08-19,2026-06-01,2026-08-19,district,WEST UTTAR PRADESH,UTTAR PRADESH,LALITPUR,0.0,9.5,-100.0,NR,491.9,570.9,-14.0,N,2026-08-20 06:46:36.065270
2026-08-19,2026-06-01,2026-08-19,district,WEST UTTAR PRADESH,UTTAR PRADESH,MAHOBA,11.7,6.4,83.0,LE,425.3,411.8,3.0,N,2026-08-20 06:46:36.065270
2026-08-19,2026-06-01,2026-08-19,district,WEST UTTAR PRADESH,UTTAR PRADESH,MAINPURI,0.0,9.7,-100.0,NR,229.6,454.5,-49.0,D,2026-08-20 06:46:36.065270
2026-08-19,2026-06-01,2026-08-19,district,WEST UTTAR PRADESH,UTTAR PRADESH,MATHURA,0.0,6.6,-100.0,NR,201.0,348.4,-42.0,D,2026-08-20 06:46:36.065270
2026-08-19,2026-06-01,2026-08-19,district,WEST UTTAR PRADESH,UTTAR PRADESH,MEERUT,9.7,10.1,-4.0,N,771.5,452.2,71.0,LE,2026-08-20 06:46:36.065270
2026-08-19,2026-06-01,2026-08-19,district,WEST UTTAR PRADESH,UTTAR PRADESH,MORADABAD,1.5,10.2,-85.0,LD,546.3,606.8,-10.0,N,2026-08-20 06:46:36.065270
2026-08-19,2026-06-01,2026-08-19,district,WEST UTTAR PRADESH,UTTAR PRADESH,MUZAFFARNAGAR,20.2,8.7,132.0,LE,837.9,466.0,80.0,LE,2026-08-20 06:46:36.065270
2026-08-19,2026-06-01,2026-08-19,district,WEST UTTAR PRADESH,UTTAR PRADESH,PILIBHIT,2.5,8.3,-70.0,LD,177.4,593.8,-70.0,LD,2026-08-20 06:46:36.065270
2026-08-19,2026-06-01,2026-08-19,district,WEST UTTAR PRADESH,UTTAR PRADESH,RAMPUR,0.0,9.6,-100.0,NR,394.5,507.7,-22.0,D,2026-08-20 06:46:36.065270
2026-08-19,2026-06-01,2026-08-19,district,WEST UTTAR PRADESH,UTTAR PRADESH,SAHARANPUR,56.0,11.8,375.0,LE,444.9,552.5,-19.0,N,2026-08-20 06:46:36.065270
2026-08-19,2026-06-01,2026-08-19,district,WEST UTTAR PRADESH,UTTAR PRADESH,SAMBHAL,8.0,7.1,13.0,N,875.7,454.3,93.0,LE,2026-08-20 06:46:36.065270
2026-08-19,2026-06-01,2026-08-19,district,WEST UTTAR PRADESH,UTTAR PRADESH,SHAHJAHANPUR,5.0,8.2,-39.0,D,482.4,537.2,-10.0,N,2026-08-20 06:46:36.065270
2026-08-19,2026-06-01,2026-08-19,district,WEST UTTAR PRADESH,UTTAR PRADESH,SHAMLI,1.3,9.3,-86.0,LD,153.9,385.5,-60.0,LD,2026-08-20 06:46:36.065270
2026-08-19,2026-06-01,2026-08-19,state,ASSAM & MEGHALAYA,ASSAM,,5.8,10.3,-43.0,D,804.6,1066.3,-25.0,D,2026-08-20 06:46:36.065270
2026-08-19,2026-06-01,2026-08-19,state,ASSAM & MEGHALAYA,MEGHALAYA,,9.4,16.1,-42.0,D,838.6,1976.6,-58.0,D,2026-08-20 06:46:36.065270
2026-08-19,2026-06-01,2026-08-19,state,BIHAR,UTTAR PRADESH,,10.2,9.2,11.0,N,428.2,513.7,-17.0,N,2026-08-20 06:46:36.065270
2026-08-19,2026-06-01,2026-08-19,state,CHHATTISGARH,ANDHRA PRADESH,,1.7,3.9,-56.0,D,192.3,311.2,-38.0,D,2026-08-20 06:46:36.065270
2026-08-19,2026-06-01,2026-08-19,state,COASTAL A. P. & YANAM,ANDHRA PRADESH,,1.7,3.9,-56.0,D,192.3,311.2,-38.0,D,2026-08-20 06:46:36.065270
2026-08-19,2026-06-01,2026-08-19,state,COASTAL A. P. & YANAM,PUDUCHERRY (UT),,0.8,3.5,-76.0,LD,161.3,234.4,-31.0,D,2026-08-20 06:46:36.065270
2026-08-19,2026-06-01,2026-08-19,state,EAST MADHYA PRADESH,GUJARAT,,0.2,4.3,-96.0,LD,513.2,522.3,-2.0,N,2026-08-20 06:46:36.065270
2026-08-19,2026-06-01,2026-08-19,state,GUJARAT REGION,DADRA & NAGAR HAVELI AND DAMAN & DIU (UT),,1.9,7.2,-73.0,LD,2667.5,1665.7,60.0,LE,2026-08-20 06:46:36.065270
2026-08-19,2026-06-01,2026-08-19,state,GUJARAT REGION,GUJARAT,,0.2,4.3,-96.0,LD,513.2,522.3,-2.0,N,2026-08-20 06:46:36.065270
2026-08-19,2026-06-01,2026-08-19,state,HAR. CHD & DELHI,CHANDIGARH (UT),,59.0,8.1,628.0,LE,532.6,626.8,-15.0,N,2026-08-20 06:46:36.065270
2026-08-19,2026-06-01,2026-08-19,state,HAR. CHD & DELHI,DELHI,,0.7,5.5,-88.0,LD,414.3,375.2,10.0,N,2026-08-20 06:46:36.065270
2026-08-19,2026-06-01,2026-08-19,state,HAR. CHD & DELHI,HARYANA,,3.9,4.8,-19.0,N,257.9,299.9,-14.0,N,2026-08-20 06:46:36.065270
2026-08-19,2026-06-01,2026-08-19,state,J & K AND LADAKH,JAMMU & KASHMIR(UT),,11.8,4.4,167.0,LE,417.1,394.1,6.0,N,2026-08-20 06:46:36.065270
2026-08-19,2026-06-01,2026-08-19,state,J & K AND LADAKH,LADAKH (UT),,0.0,0.1,-100.0,NR,47.3,15.7,201.0,LE,2026-08-20 06:46:36.065270
2026-08-19,2026-06-01,2026-08-19,state,J & K AND LADAKH,RAJASTHAN,,0.0,4.3,-99.0,LD,265.2,321.4,-17.0,N,2026-08-20 06:46:36.065270
2026-08-19,2026-06-01,2026-08-19,state,KERALA & MAHE,KERALA,,5.4,12.6,-57.0,D,1236.9,1616.3,-23.0,D,2026-08-20 06:46:36.065270
2026-08-19,2026-06-01,2026-08-19,state,KERALA & MAHE,PUDUCHERRY (UT),,0.8,3.5,-76.0,LD,161.3,234.4,-31.0,D,2026-08-20 06:46:36.065270
2026-08-19,2026-06-01,2026-08-19,state,KONKAN & GOA,GOA,,15.7,18.1,-13.0,N,1631.9,2490.5,-34.0,D,2026-08-20 06:46:36.065270
2026-08-19,2026-06-01,2026-08-19,state,KONKAN & GOA,MAHARASHTRA,,2.9,6.6,-56.0,D,678.1,716.0,-5.0,N,2026-08-20 06:46:36.065270
2026-08-19,2026-06-01,2026-08-19,state,NMMT,MANIPUR,,2.7,9.3,-70.0,LD,446.4,751.1,-41.0,D,2026-08-20 06:46:36.065270
2026-08-19,2026-06-01,2026-08-19,state,NMMT,MIZORAM,,7.8,14.3,-45.0,D,854.3,1105.3,-23.0,D,2026-08-20 06:46:36.065270
2026-08-19,2026-06-01,2026-08-19,state,NMMT,NAGALAND,,12.5,9.1,37.0,E,770.8,733.4,5.0,N,2026-08-20 06:46:36.065270
2026-08-19,2026-06-01,2026-08-19,state,NMMT,TRIPURA,,0.7,11.0,-94.0,LD,851.1,1013.7,-16.0,N,2026-08-20 06:46:36.065270
2026-08-19,2026-06-01,2026-08-19,state,SAURASHTRA & KUTCH,DADRA & NAGAR HAVELI AND DAMAN & DIU (UT),,1.9,7.2,-73.0,LD,2667.5,1665.7,60.0,LE,2026-08-20 06:46:36.065270
2026-08-19,2026-06-01,2026-08-19,state,SAURASHTRA & KUTCH,GUJARAT,,0.2,4.3,-96.0,LD,513.2,522.3,-2.0,N,2026-08-20 06:46:36.065270
2026-08-19,2026-06-01,2026-08-19,state,SHWB & SIKKIM,SIKKIM,,14.5,12.2,19.0,N,1174.9,1169.4,0.0,N,2026-08-20 06:46:36.065270
2026-08-19,2026-06-01,2026-08-19,state,SHWB & SIKKIM,WEST BENGAL,,10.2,9.5,7.0,N,983.2,924.0,6.0,N,2026-08-20 06:46:36.065270
2026-08-19,2026-06-01,2026-08-19,state,TAMIL. PUDU.& KARAIKAL,KARNATAKA,,5.0,6.1,-18.0,N,469.2,600.5,-22.0,D,2026-08-20 06:46:36.065270
2026-08-19,2026-06-01,2026-08-19,state,TAMIL. PUDU.& KARAIKAL,PUDUCHERRY (UT),,0.8,3.5,-76.0,LD,161.3,234.4,-31.0,D,2026-08-20 06:46:36.065270
2026-08-19,2026-06-01,2026-08-19,state,TAMIL. PUDU.& KARAIKAL,TAMILNADU,,1.1,3.4,-68.0,LD,145.9,171.7,-15.0,N,2026-08-20 06:46:36.065270
2026-08-19,2026-06-01,2026-08-19,state,WEST RAJASTHAN,MADHYA PRADESH,,10.9,12.3,-12.0,N,587.4,663.7,-11.0,N,2026-08-20 06:46:36.065270
2026-08-19,2026-06-01,2026-08-19,subdivision,A & N ISLAND,,,4.1,12.9,-68.0,LD,1062.7,1038.7,2.0,N,2026-08-20 06:46:36.065270
2026-08-19,2026-06-01,2026-08-19,subdivision,ARUNACHAL PRADESH,,,2.6,10.5,-75.0,LD,721.5,1189.7,-39.0,D,2026-08-20 06:46:36.065270
2026-08-19,2026-06-01,2026-08-19,subdivision,ASSAM & MEGHALAYA,,,6.7,11.6,-42.0,D,812.7,1278.1,-36.0,D,2026-08-20 06:46:36.065270
2026-08-19,2026-06-01,2026-08-19,subdivision,BIHAR,,,5.7,8.1,-30.0,D,407.6,675.0,-40.0,D,2026-08-20 06:46:36.065270
2026-08-19,2026-06-01,2026-08-19,subdivision,CHHATTISGARH,,,18.5,12.8,45.0,E,757.1,794.9,-5.0,N,2026-08-20 06:46:36.065270
2026-08-19,2026-06-01,2026-08-19,subdivision,COASTAL A. P. & YANAM,,,2.2,4.9,-55.0,D,232.2,373.2,-38.0,D,2026-08-20 06:46:36.065270
2026-08-19,2026-06-01,2026-08-19,subdivision,COASTAL KARNATAKA,,,24.5,24.1,2.0,N,1939.4,2545.6,-24.0,D,2026-08-20 06:46:36.065270
2026-08-19,2026-06-01,2026-08-19,subdivision,EAST MADHYA PRADESH,,,23.3,13.3,75.0,LE,633.9,729.1,-13.0,N,2026-08-20 06:46:36.065270
2026-08-19,2026-06-01,2026-08-19,subdivision,EAST RAJASTHAN,,,0.1,6.4,-99.0,LD,372.9,456.9,-18.0,N,2026-08-20 06:46:36.065270
2026-08-19,2026-06-01,2026-08-19,subdivision,EAST UTTAR PRADESH,,,12.9,9.5,36.0,E,417.2,544.3,-23.0,D,2026-08-20 06:46:36.065270
2026-08-19,2026-06-01,2026-08-19,subdivision,GANGETIC WEST BENGAL,,,10.0,8.7,15.0,N,884.7,796.7,11.0,N,2026-08-20 06:46:36.065270
2026-08-19,2026-06-01,2026-08-19,subdivision,GUJARAT REGION,,,0.4,6.2,-94.0,LD,786.4,681.1,15.0,N,2026-08-20 06:46:36.065270
2026-08-19,2026-06-01,2026-08-19,subdivision,HAR. CHD & DELHI,,,3.9,4.8,-18.0,N,262.4,303.0,-13.0,N,2026-08-20 06:46:36.065270
2026-08-19,2026-06-01,2026-08-19,subdivision,HIMACHAL PRADESH,,,24.7,7.8,216.0,LE,503.6,535.4,-6.0,N,2026-08-20 06:46:36.065270
2026-08-19,2026-06-01,2026-08-19,subdivision,J & K AND LADAKH,,,11.8,4.4,167.0,LE,417.1,394.1,6.0,N,2026-08-20 06:46:36.065270
2026-08-19,2026-06-01,2026-08-19,subdivision,JHARKHAND,,,27.0,10.7,152.0,LE,612.6,700.5,-13.0,N,2026-08-20 06:46:36.065270
2026-08-19,2026-06-01,2026-08-19,subdivision,KERALA & MAHE,,,5.4,12.7,-58.0,D,1237.0,1616.4,-23.0,D,2026-08-20 06:46:36.065270
2026-08-19,2026-06-01,2026-08-19,subdivision,KONKAN & GOA,,,11.1,16.5,-33.0,D,2156.5,2269.7,-5.0,N,2026-08-20 06:46:36.065270
2026-08-19,2026-06-01,2026-08-19,subdivision,LAKSHADWEEP,,,12.5,9.8,28.0,E,575.8,757.1,-24.0,D,2026-08-20 06:46:36.065270
2026-08-19,2026-06-01,2026-08-19,subdivision,MADHYA MAHARASHTRA,,,2.9,4.1,-30.0,D,607.6,521.8,16.0,N,2026-08-20 06:46:36.065270
2026-08-19,2026-06-01,2026-08-19,subdivision,MARATHWADA,,,1.3,3.6,-64.0,LD,319.9,404.8,-21.0,D,2026-08-20 06:46:36.065270
2026-08-19,2026-06-01,2026-08-19,subdivision,N. I. KARNATAKA,,,2.7,2.6,4.0,N,253.2,295.0,-14.0,N,2026-08-20 06:46:36.065270
2026-08-19,2026-06-01,2026-08-19,subdivision,NMMT,,,6.2,11.3,-45.0,D,719.7,913.5,-21.0,D,2026-08-20 06:46:36.065270
2026-08-19,2026-06-01,2026-08-19,subdivision,ODISHA,,,8.3,13.7,-40.0,D,1004.4,786.5,28.0,E,2026-08-20 06:46:36.065270
2026-08-19,2026-06-01,2026-08-19,subdivision,PUNJAB,,,12.3,3.6,243.0,LE,212.7,318.2,-33.0,D,2026-08-20 06:46:36.065270
2026-08-19,2026-06-01,2026-08-19,subdivision,RAYALASEEMA,,,1.1,2.6,-59.0,D,140.2,223.3,-37.0,D,2026-08-20 06:46:36.065270
2026-08-19,2026-06-01,2026-08-19,subdivision,S. I. KARNATAKA,,,3.1,5.3,-42.0,D,360.8,471.6,-23.0,D,2026-08-20 06:46:36.065270
2026-08-19,2026-06-01,2026-08-19,subdivision,SAURASHTRA & KUTCH,,,0.0,2.9,-99.0,LD,296.9,396.0,-25.0,D,2026-08-20 06:46:36.065270
2026-08-19,2026-06-01,2026-08-19,subdivision,SHWB & SIKKIM,,,11.6,12.4,-6.0,N,1255.4,1317.8,-5.0,N,2026-08-20 06:46:36.065270
2026-08-19,2026-06-01,2026-08-19,subdivision,TAMIL. PUDU.& KARAIKAL,,,1.1,3.3,-67.0,LD,145.8,171.7,-15.0,N,2026-08-20 06:46:36.065270
2026-08-19,2026-06-01,2026-08-19,subdivision,TELANGANA,,,5.7,6.4,-11.0,N,422.8,493.4,-14.0,N,2026-08-20 06:46:36.065270
2026-08-19,2026-06-01,2026-08-19,subdivision,UTTARAKHAND,,,15.2,16.8,-10.0,N,853.6,859.3,-1.0,N,2026-08-20 06:46:36.065270
2026-08-19,2026-06-01,2026-08-19,subdivision,VIDARBHA,,,1.7,8.6,-80.0,LD,526.4,673.8,-22.0,D,2026-08-20 06:46:36.065270
2026-08-19,2026-06-01,2026-08-19,subdivision,WEST MADHYA PRADESH,,,1.3,11.5,-89.0,LD,551.7,613.5,-10.0,N,2026-08-20 06:46:36.065270
2026-08-19,2026-06-01,2026-08-19,subdivision,WEST RAJASTHAN,,,0.0,2.6,-100.0,NR,179.5,213.5,-16.0,N,2026-08-20 06:46:36.065270
2026-08-19,2026-06-01,2026-08-19,subdivision,WEST UTTAR PRADESH,,,6.5,8.8,-26.0,D,443.9,470.8,-6.0,N,2026-08-20 06:46:36.065270
