date,period_start,period_end,level,subdivision,state,district,day_actual_mm,day_normal_mm,day_departure_pct,day_category,period_actual_mm,period_normal_mm,period_departure_pct,period_category,scraped_at
2026-09-25,2026-06-01,2026-09-25,district,A & N ISLAND,ANDAMAN & NICOBAR ISLANDS,NICOBAR,1.8,13.8,-87.0,LD,703.8,1055.1,-33.0,D,2026-09-25 11:20:48.503973
2026-09-25,2026-06-01,2026-09-25,district,A & N ISLAND,ANDAMAN & NICOBAR ISLANDS,NORTH & MIDDLE ANDAMAN,2.3,12.5,-82.0,LD,2656.9,1832.3,45.0,E,2026-09-25 11:20:48.503973
2026-09-25,2026-06-01,2026-09-25,district,A & N ISLAND,ANDAMAN & NICOBAR ISLANDS,SOUTH ANDAMAN,10.6,16.5,-36.0,D,1382.2,1564.5,-12.0,N,2026-09-25 11:20:48.503973
2026-09-25,2026-06-01,2026-09-25,district,ARUNACHAL PRADESH,ARUNACHAL PRADESH,ANJAW,0.0,3.3,-100.0,NR,175.1,1531.5,-89.0,LD,2026-09-25 11:20:48.503973
2026-09-25,2026-06-01,2026-09-25,district,ARUNACHAL PRADESH,ARUNACHAL PRADESH,CHANGLANG,0.0,8.9,-100.0,NR,1032.7,1315.4,-21.0,D,2026-09-25 11:20:48.503973
2026-09-25,2026-06-01,2026-09-25,district,ARUNACHAL PRADESH,ARUNACHAL PRADESH,EAST KAMENG,0.0,10.7,-100.0,NR,1437.0,1205.2,19.0,N,2026-09-25 11:20:48.503973
2026-09-25,2026-06-01,2026-09-25,district,ARUNACHAL PRADESH,ARUNACHAL PRADESH,EAST SIANG,0.0,18.2,-100.0,NR,2043.9,3093.0,-34.0,D,2026-09-25 11:20:48.503973
2026-09-25,2026-06-01,2026-09-25,district,ARUNACHAL PRADESH,ARUNACHAL PRADESH,KURUNG KUMEY,0.3,11.1,-98.0,LD,627.7,1193.3,-47.0,D,2026-09-25 11:20:48.503973
2026-09-25,2026-06-01,2026-09-25,district,ARUNACHAL PRADESH,ARUNACHAL PRADESH,LOHIT,0.0,7.8,-100.0,NR,904.9,1522.3,-41.0,D,2026-09-25 11:20:48.503973
2026-09-25,2026-06-01,2026-09-25,district,ARUNACHAL PRADESH,ARUNACHAL PRADESH,LOWER SUBANSIRI,0.0,6.1,-100.0,NR,417.8,733.9,-43.0,D,2026-09-25 11:20:48.503973
2026-09-25,2026-06-01,2026-09-25,district,ARUNACHAL PRADESH,ARUNACHAL PRADESH,PAPUMPARA,0.0,15.6,-100.0,NR,1729.2,2150.1,-20.0,D,2026-09-25 11:20:48.503973
2026-09-25,2026-06-01,2026-09-25,district,ARUNACHAL PRADESH,ARUNACHAL PRADESH,TAWANG,0.0,6.7,-100.0,NR,347.4,967.5,-64.0,LD,2026-09-25 11:20:48.503973
2026-09-25,2026-06-01,2026-09-25,district,ARUNACHAL PRADESH,ARUNACHAL PRADESH,TIRAP,0.0,7.4,-100.0,NR,1863.5,1902.2,-2.0,N,2026-09-25 11:20:48.503973
2026-09-25,2026-06-01,2026-09-25,district,ARUNACHAL PRADESH,ARUNACHAL PRADESH,UPPER SIANG,2.3,29.3,-92.0,LD,1224.1,1753.4,-30.0,D,2026-09-25 11:20:48.503973
2026-09-25,2026-06-01,2026-09-25,district,ARUNACHAL PRADESH,ARUNACHAL PRADESH,UPPER SUBANSIRI,0.3,5.6,-94.0,LD,359.2,935.2,-62.0,LD,2026-09-25 11:20:48.503973
2026-09-25,2026-06-01,2026-09-25,district,ARUNACHAL PRADESH,ARUNACHAL PRADESH,WEST KAMENG,0.1,9.0,-99.0,LD,528.0,1654.6,-68.0,LD,2026-09-25 11:20:48.503973
2026-09-25,2026-06-01,2026-09-25,district,ARUNACHAL PRADESH,ARUNACHAL PRADESH,WEST SIANG,0.0,13.3,-100.0,NR,625.3,1970.1,-68.0,LD,2026-09-25 11:20:48.503973
2026-09-25,2026-06-01,2026-09-25,district,ASSAM & MEGHALAYA,ASSAM,BAJALI,0.0,21.5,-100.0,NR,1062.5,2085.3,-49.0,D,2026-09-25 11:20:48.503973
2026-09-25,2026-06-01,2026-09-25,district,ASSAM & MEGHALAYA,ASSAM,BAKSA,0.0,8.4,-100.0,NR,1154.0,1502.1,-23.0,D,2026-09-25 11:20:48.503973
2026-09-25,2026-06-01,2026-09-25,district,ASSAM & MEGHALAYA,ASSAM,BARPETA,0.0,21.5,-100.0,NR,1278.2,2085.3,-39.0,D,2026-09-25 11:20:48.503973
2026-09-25,2026-06-01,2026-09-25,district,ASSAM & MEGHALAYA,ASSAM,BONGAIGAON,0.0,23.1,-100.0,NR,974.6,2327.0,-58.0,D,2026-09-25 11:20:48.503973
2026-09-25,2026-06-01,2026-09-25,district,ASSAM & MEGHALAYA,ASSAM,CACHAR,1.7,8.4,-80.0,LD,1611.7,1783.8,-10.0,N,2026-09-25 11:20:48.503973
2026-09-25,2026-06-01,2026-09-25,district,ASSAM & MEGHALAYA,ASSAM,CHARAIDEO,0.0,6.8,-100.0,NR,1191.0,1027.0,16.0,N,2026-09-25 11:20:48.503973
2026-09-25,2026-06-01,2026-09-25,district,ASSAM & MEGHALAYA,ASSAM,CHIRANG,0.0,16.1,-100.0,NR,1358.2,2358.7,-42.0,D,2026-09-25 11:20:48.503973
2026-09-25,2026-06-01,2026-09-25,district,ASSAM & MEGHALAYA,ASSAM,DARRANG,0.0,9.2,-100.0,NR,709.8,1273.1,-44.0,D,2026-09-25 11:20:48.503973
2026-09-25,2026-06-01,2026-09-25,district,ASSAM & MEGHALAYA,ASSAM,DHEMAJI,0.0,10.3,-100.0,NR,2039.2,2044.8,0.0,N,2026-09-25 11:20:48.503973
2026-09-25,2026-06-01,2026-09-25,district,ASSAM & MEGHALAYA,ASSAM,DHUBRI,1.9,12.2,-85.0,LD,1280.8,2024.0,-37.0,D,2026-09-25 11:20:48.503973
2026-09-25,2026-06-01,2026-09-25,district,ASSAM & MEGHALAYA,ASSAM,DIBRUGARH,0.0,7.9,-100.0,NR,1105.4,1461.8,-24.0,D,2026-09-25 11:20:48.503973
2026-09-25,2026-06-01,2026-09-25,district,ASSAM & MEGHALAYA,ASSAM,DIMA HASAO,0.0,3.4,-100.0,NR,557.9,988.9,-44.0,D,2026-09-25 11:20:48.503973
2026-09-25,2026-06-01,2026-09-25,district,ASSAM & MEGHALAYA,ASSAM,GOALPARA,0.2,9.0,-98.0,LD,1016.2,1982.6,-49.0,D,2026-09-25 11:20:48.503973
2026-09-25,2026-06-01,2026-09-25,district,ASSAM & MEGHALAYA,ASSAM,GOLAGHAT,0.0,8.4,-100.0,NR,903.2,1035.8,-13.0,N,2026-09-25 11:20:48.503973
2026-09-25,2026-06-01,2026-09-25,district,ASSAM & MEGHALAYA,ASSAM,HAILAKANDI,11.8,7.1,66.0,LE,1316.7,1469.4,-10.0,N,2026-09-25 11:20:48.503973
2026-09-25,2026-06-01,2026-09-25,district,ASSAM & MEGHALAYA,ASSAM,HOJAI,0.0,3.9,-100.0,NR,450.4,743.7,-39.0,D,2026-09-25 11:20:48.503973
2026-09-25,2026-06-01,2026-09-25,district,ASSAM & MEGHALAYA,ASSAM,JORHAT,0.0,9.2,-100.0,NR,811.1,1248.1,-35.0,D,2026-09-25 11:20:48.503973
2026-09-25,2026-06-01,2026-09-25,district,ASSAM & MEGHALAYA,ASSAM,KAMRUP METROPOLITAN,0.1,8.1,-99.0,LD,791.3,1027.6,-23.0,D,2026-09-25 11:20:48.503973
2026-09-25,2026-06-01,2026-09-25,district,ASSAM & MEGHALAYA,ASSAM,KAMRUP RURAL,0.0,10.5,-100.0,NR,650.5,1255.9,-48.0,D,2026-09-25 11:20:48.503973
2026-09-25,2026-06-01,2026-09-25,district,ASSAM & MEGHALAYA,ASSAM,KARBI ANGLONG,0.0,5.6,-100.0,NR,652.4,808.9,-19.0,N,2026-09-25 11:20:48.503973
2026-09-25,2026-06-01,2026-09-25,district,ASSAM & MEGHALAYA,ASSAM,KOKRAJHAR,1.7,10.0,-83.0,LD,2271.8,2596.3,-12.0,N,2026-09-25 11:20:48.503973
2026-09-25,2026-06-01,2026-09-25,district,ASSAM & MEGHALAYA,ASSAM,LAKHIMPUR,0.0,10.5,-100.0,NR,2176.3,1987.6,9.0,N,2026-09-25 11:20:48.503973
2026-09-25,2026-06-01,2026-09-25,district,ASSAM & MEGHALAYA,ASSAM,MAJULI,0.0,9.2,-100.0,NR,966.0,1248.1,-23.0,D,2026-09-25 11:20:48.503973
2026-09-25,2026-06-01,2026-09-25,district,ASSAM & MEGHALAYA,ASSAM,MORIGAON,0.0,11.5,-100.0,NR,663.7,1101.2,-40.0,D,2026-09-25 11:20:48.503973
2026-09-25,2026-06-01,2026-09-25,district,ASSAM & MEGHALAYA,ASSAM,NAGAON,0.3,6.7,-96.0,LD,601.8,1000.3,-40.0,D,2026-09-25 11:20:48.503973
2026-09-25,2026-06-01,2026-09-25,district,ASSAM & MEGHALAYA,ASSAM,NALBARI,0.0,10.4,-100.0,NR,628.9,1576.9,-60.0,LD,2026-09-25 11:20:48.503973
2026-09-25,2026-06-01,2026-09-25,district,ASSAM & MEGHALAYA,ASSAM,SIBSAGAR,0.0,8.1,-100.0,NR,844.6,1159.7,-27.0,D,2026-09-25 11:20:48.503973
2026-09-25,2026-06-01,2026-09-25,district,ASSAM & MEGHALAYA,ASSAM,SONITPUR,0.0,4.5,-100.0,NR,1123.7,1149.9,-2.0,N,2026-09-25 11:20:48.503973
2026-09-25,2026-06-01,2026-09-25,district,ASSAM & MEGHALAYA,ASSAM,SRIBHUMI,0.0,7.1,-100.0,NR,1564.8,2088.2,-25.0,D,2026-09-25 11:20:48.503973
2026-09-25,2026-06-01,2026-09-25,district,ASSAM & MEGHALAYA,ASSAM,TAMULPUR,0.0,7.9,-100.0,NR,1148.6,1315.7,-13.0,N,2026-09-25 11:20:48.503973
2026-09-25,2026-06-01,2026-09-25,district,ASSAM & MEGHALAYA,ASSAM,TINSUKIA,0.0,10.6,-100.0,NR,1277.5,1438.8,-11.0,N,2026-09-25 11:20:48.503973
2026-09-25,2026-06-01,2026-09-25,district,ASSAM & MEGHALAYA,ASSAM,UDALGURI,0.0,7.2,-100.0,NR,564.5,1381.7,-59.0,D,2026-09-25 11:20:48.503973
2026-09-25,2026-06-01,2026-09-25,district,ASSAM & MEGHALAYA,ASSAM,WEST KARBI ANGLONG,0.0,5.6,-100.0,NR,697.4,695.5,0.0,N,2026-09-25 11:20:48.503973
2026-09-25,2026-06-01,2026-09-25,district,ASSAM & MEGHALAYA,MEGHALAYA,EAST GARO HILLS,1.9,5.8,-68.0,LD,663.8,1833.7,-64.0,LD,2026-09-25 11:20:48.503973
2026-09-25,2026-06-01,2026-09-25,district,ASSAM & MEGHALAYA,MEGHALAYA,EAST JAINTIA HILLS,1.6,24.2,-94.0,LD,1507.0,4356.8,-65.0,LD,2026-09-25 11:20:48.503973
2026-09-25,2026-06-01,2026-09-25,district,ASSAM & MEGHALAYA,MEGHALAYA,EAST KHASI HILLS,0.3,20.5,-98.0,LD,2002.5,4304.3,-53.0,D,2026-09-25 11:20:48.503973
2026-09-25,2026-06-01,2026-09-25,district,ASSAM & MEGHALAYA,MEGHALAYA,NORTH GARO HILLS,0.4,12.3,-96.0,LD,615.5,1800.7,-66.0,LD,2026-09-25 11:20:48.503973
2026-09-25,2026-06-01,2026-09-25,district,ASSAM & MEGHALAYA,MEGHALAYA,RI BHOI,8.7,17.0,-49.0,D,826.6,1567.6,-47.0,D,2026-09-25 11:20:48.503973
2026-09-25,2026-06-01,2026-09-25,district,ASSAM & MEGHALAYA,MEGHALAYA,SOUTH GARO HILLS,2.4,12.3,-81.0,LD,906.5,1800.7,-50.0,D,2026-09-25 11:20:48.503973
2026-09-25,2026-06-01,2026-09-25,district,ASSAM & MEGHALAYA,MEGHALAYA,SOUTH WEST GARO HILLS,0.7,12.3,-94.0,LD,553.1,1800.7,-69.0,LD,2026-09-25 11:20:48.503973
2026-09-25,2026-06-01,2026-09-25,district,ASSAM & MEGHALAYA,MEGHALAYA,SOUTH WEST KHASI HILLS,1.2,12.3,-91.0,LD,2725.3,1800.7,51.0,E,2026-09-25 11:20:48.503973
2026-09-25,2026-06-01,2026-09-25,district,ASSAM & MEGHALAYA,MEGHALAYA,WEST GARO HILLS,2.4,8.8,-72.0,LD,527.3,1816.7,-71.0,LD,2026-09-25 11:20:48.503973
2026-09-25,2026-06-01,2026-09-25,district,ASSAM & MEGHALAYA,MEGHALAYA,WEST JAINTIA HILLS,0.1,24.2,-99.0,LD,910.4,4356.8,-79.0,LD,2026-09-25 11:20:48.503973
2026-09-25,2026-06-01,2026-09-25,district,ASSAM & MEGHALAYA,MEGHALAYA,WEST KHASI HILLS,0.6,11.1,-95.0,LD,867.8,2584.6,-66.0,LD,2026-09-25 11:20:48.503973
2026-09-25,2026-06-01,2026-09-25,district,BIHAR,BIHAR,ARARIA,25.8,13.1,97.0,LE,884.3,1328.5,-33.0,D,2026-09-25 11:20:48.503973
2026-09-25,2026-06-01,2026-09-25,district,BIHAR,BIHAR,ARWAL,19.3,6.8,184.0,LE,511.3,687.0,-26.0,D,2026-09-25 11:20:48.503973
2026-09-25,2026-06-01,2026-09-25,district,BIHAR,BIHAR,AURANGABAD,20.7,6.6,213.0,LE,867.6,838.1,4.0,N,2026-09-25 11:20:48.503973
2026-09-25,2026-06-01,2026-09-25,district,BIHAR,BIHAR,BANKA,38.7,11.6,233.0,LE,631.1,837.3,-25.0,D,2026-09-25 11:20:48.503973
2026-09-25,2026-06-01,2026-09-25,district,BIHAR,BIHAR,BEGUSARAI,42.6,13.0,228.0,LE,659.1,977.6,-33.0,D,2026-09-25 11:20:48.503973
2026-09-25,2026-06-01,2026-09-25,district,BIHAR,BIHAR,BHABUA,10.4,11.3,-8.0,N,529.7,871.1,-39.0,D,2026-09-25 11:20:48.503973
2026-09-25,2026-06-01,2026-09-25,district,BIHAR,BIHAR,BHAGALPUR,33.2,11.2,196.0,LE,482.4,927.0,-48.0,D,2026-09-25 11:20:48.503973
2026-09-25,2026-06-01,2026-09-25,district,BIHAR,BIHAR,BHOJPUR,35.7,7.6,370.0,LE,568.8,867.5,-34.0,D,2026-09-25 11:20:48.503973
2026-09-25,2026-06-01,2026-09-25,district,BIHAR,BIHAR,BUXAR,32.9,4.7,600.0,LE,720.2,769.5,-6.0,N,2026-09-25 11:20:48.503973
2026-09-25,2026-06-01,2026-09-25,district,BIHAR,BIHAR,DARBHANGA,51.0,10.9,368.0,LE,486.3,863.3,-44.0,D,2026-09-25 11:20:48.503973
2026-09-25,2026-06-01,2026-09-25,district,BIHAR,BIHAR,EAST CHAMPARAN,36.5,11.9,207.0,LE,579.3,1018.9,-43.0,D,2026-09-25 11:20:48.503973
2026-09-25,2026-06-01,2026-09-25,district,BIHAR,BIHAR,GAYA,19.3,7.3,164.0,LE,644.9,804.7,-20.0,D,2026-09-25 11:20:48.503973
2026-09-25,2026-06-01,2026-09-25,district,BIHAR,BIHAR,GOPALGANJ,36.2,11.4,217.0,LE,569.6,944.2,-40.0,D,2026-09-25 11:20:48.503973
2026-09-25,2026-06-01,2026-09-25,district,BIHAR,BIHAR,JAHANABAD,25.8,10.6,144.0,LE,363.3,805.8,-55.0,D,2026-09-25 11:20:48.503973
2026-09-25,2026-06-01,2026-09-25,district,BIHAR,BIHAR,JAMUI,27.4,9.1,201.0,LE,557.6,898.4,-38.0,D,2026-09-25 11:20:48.503973
2026-09-25,2026-06-01,2026-09-25,district,BIHAR,BIHAR,KATIHAR,27.1,14.7,84.0,LE,681.2,1022.1,-33.0,D,2026-09-25 11:20:48.503973
2026-09-25,2026-06-01,2026-09-25,district,BIHAR,BIHAR,KHAGARIA,64.8,12.9,403.0,LE,909.5,938.1,-3.0,N,2026-09-25 11:20:48.503973
2026-09-25,2026-06-01,2026-09-25,district,BIHAR,BIHAR,KISHANGANJ,46.1,12.3,275.0,LE,1207.2,1688.4,-28.0,D,2026-09-25 11:20:48.503973
2026-09-25,2026-06-01,2026-09-25,district,BIHAR,BIHAR,LAKHISARAI,37.4,12.8,192.0,LE,752.3,823.9,-9.0,N,2026-09-25 11:20:48.503973
2026-09-25,2026-06-01,2026-09-25,district,BIHAR,BIHAR,MADHEPURA,33.1,9.2,260.0,LE,684.6,1002.8,-32.0,D,2026-09-25 11:20:48.503973
2026-09-25,2026-06-01,2026-09-25,district,BIHAR,BIHAR,MADHUBANI,31.8,7.8,307.0,LE,583.1,941.6,-38.0,D,2026-09-25 11:20:48.503973
2026-09-25,2026-06-01,2026-09-25,district,BIHAR,BIHAR,MUNGER,43.8,12.5,250.0,LE,741.4,985.9,-25.0,D,2026-09-25 11:20:48.503973
2026-09-25,2026-06-01,2026-09-25,district,BIHAR,BIHAR,MUZAFFARPUR,40.6,12.0,238.0,LE,521.9,930.3,-44.0,D,2026-09-25 11:20:48.503973
2026-09-25,2026-06-01,2026-09-25,district,BIHAR,BIHAR,NALANDA,47.9,6.9,594.0,LE,561.8,828.1,-32.0,D,2026-09-25 11:20:48.503973
2026-09-25,2026-06-01,2026-09-25,district,BIHAR,BIHAR,NAWADA,41.2,8.3,396.0,LE,643.9,799.5,-19.0,N,2026-09-25 11:20:48.503973
2026-09-25,2026-06-01,2026-09-25,district,BIHAR,BIHAR,PATNA,34.5,9.3,271.0,LE,517.8,859.0,-40.0,D,2026-09-25 11:20:48.503973
2026-09-25,2026-06-01,2026-09-25,district,BIHAR,BIHAR,PURNEA,32.7,10.8,202.0,LE,810.5,1352.9,-40.0,D,2026-09-25 11:20:48.503973
2026-09-25,2026-06-01,2026-09-25,district,BIHAR,BIHAR,ROHTAS,21.0,7.9,166.0,LE,638.1,826.5,-23.0,D,2026-09-25 11:20:48.503973
2026-09-25,2026-06-01,2026-09-25,district,BIHAR,BIHAR,SAHARSA,39.9,12.7,214.0,LE,593.6,1042.2,-43.0,D,2026-09-25 11:20:48.503973
2026-09-25,2026-06-01,2026-09-25,district,BIHAR,BIHAR,SAMASTIPUR,37.9,10.7,254.0,LE,540.5,902.4,-40.0,D,2026-09-25 11:20:48.503973
2026-09-25,2026-06-01,2026-09-25,district,BIHAR,BIHAR,SARAN,25.8,8.1,219.0,LE,478.0,874.6,-45.0,D,2026-09-25 11:20:48.503973
2026-09-25,2026-06-01,2026-09-25,district,BIHAR,BIHAR,SHEIKHPURA,37.2,7.8,376.0,LE,566.8,794.7,-29.0,D,2026-09-25 11:20:48.503973
2026-09-25,2026-06-01,2026-09-25,district,BIHAR,BIHAR,SHEOHAR,42.1,9.6,338.0,LE,393.2,972.0,-60.0,LD,2026-09-25 11:20:48.503973
2026-09-25,2026-06-01,2026-09-25,district,BIHAR,BIHAR,SITAMARHI,46.0,5.8,692.0,LE,472.4,1025.9,-54.0,D,2026-09-25 11:20:48.503973
2026-09-25,2026-06-01,2026-09-25,district,BIHAR,BIHAR,SIWAN,45.5,9.2,394.0,LE,800.9,879.2,-9.0,N,2026-09-25 11:20:48.503973
2026-09-25,2026-06-01,2026-09-25,district,BIHAR,BIHAR,SUPAUL,31.1,10.7,191.0,LE,774.8,1045.7,-26.0,D,2026-09-25 11:20:48.503973
2026-09-25,2026-06-01,2026-09-25,district,BIHAR,BIHAR,VAISHALI,32.9,10.7,207.0,LE,541.7,872.2,-38.0,D,2026-09-25 11:20:48.503973
2026-09-25,2026-06-01,2026-09-25,district,BIHAR,BIHAR,WEST CHAMPARAN,46.8,9.7,383.0,LE,749.4,1201.1,-38.0,D,2026-09-25 11:20:48.503973
2026-09-25,2026-06-01,2026-09-25,district,CHHATTISGARH,CHHATTISGARH,BALOD,104.5,5.3,1873.0,LE,1192.9,1010.6,18.0,N,2026-09-25 11:20:48.503973
2026-09-25,2026-06-01,2026-09-25,district,CHHATTISGARH,CHHATTISGARH,BALODA BAZAR,36.2,5.5,558.0,LE,1048.6,911.4,15.0,N,2026-09-25 11:20:48.503973
2026-09-25,2026-06-01,2026-09-25,district,CHHATTISGARH,CHHATTISGARH,BALRAMPUR,14.7,4.3,243.0,LE,1525.0,980.3,56.0,E,2026-09-25 11:20:48.503973
2026-09-25,2026-06-01,2026-09-25,district,CHHATTISGARH,CHHATTISGARH,BASTAR,191.7,3.8,4945.0,LE,1306.6,1145.2,14.0,N,2026-09-25 11:20:48.503973
2026-09-25,2026-06-01,2026-09-25,district,CHHATTISGARH,CHHATTISGARH,BEMETARA,20.1,5.0,303.0,LE,596.3,1028.7,-42.0,D,2026-09-25 11:20:48.503973
2026-09-25,2026-06-01,2026-09-25,district,CHHATTISGARH,CHHATTISGARH,BIJAPUR,82.6,3.0,2654.0,LE,1471.2,1351.6,9.0,N,2026-09-25 11:20:48.503973
2026-09-25,2026-06-01,2026-09-25,district,CHHATTISGARH,CHHATTISGARH,BILASPUR,10.2,3.5,191.0,LE,997.4,1034.3,-4.0,N,2026-09-25 11:20:48.503973
2026-09-25,2026-06-01,2026-09-25,district,CHHATTISGARH,CHHATTISGARH,DANTEWADA,87.8,5.9,1388.0,LE,1187.8,1272.3,-7.0,N,2026-09-25 11:20:48.503973
2026-09-25,2026-06-01,2026-09-25,district,CHHATTISGARH,CHHATTISGARH,DHAMTARI,90.0,4.6,1856.0,LE,1197.8,1045.8,15.0,N,2026-09-25 11:20:48.503973
2026-09-25,2026-06-01,2026-09-25,district,CHHATTISGARH,CHHATTISGARH,DURG,57.8,5.1,1033.0,LE,842.5,966.6,-13.0,N,2026-09-25 11:20:48.503973
2026-09-25,2026-06-01,2026-09-25,district,CHHATTISGARH,CHHATTISGARH,GARIABAND,119.6,3.0,3887.0,LE,1333.3,1039.7,28.0,E,2026-09-25 11:20:48.503973
2026-09-25,2026-06-01,2026-09-25,district,CHHATTISGARH,CHHATTISGARH,GAURELA PENDRA MARWAHI,16.9,4.5,275.0,LE,959.1,1079.6,-11.0,N,2026-09-25 11:20:48.503973
2026-09-25,2026-06-01,2026-09-25,district,CHHATTISGARH,CHHATTISGARH,JANJGIR,11.3,5.4,110.0,LE,1154.7,1085.0,6.0,N,2026-09-25 11:20:48.503973
2026-09-25,2026-06-01,2026-09-25,district,CHHATTISGARH,CHHATTISGARH,JASHPUR,9.5,9.8,-3.0,N,829.4,1328.1,-38.0,D,2026-09-25 11:20:48.503973
2026-09-25,2026-06-01,2026-09-25,district,CHHATTISGARH,CHHATTISGARH,KABIRDHAM,16.8,5.7,194.0,LE,671.7,850.9,-21.0,D,2026-09-25 11:20:48.503973
2026-09-25,2026-06-01,2026-09-25,district,CHHATTISGARH,CHHATTISGARH,KANKER,107.8,4.1,2530.0,LE,1036.9,1296.9,-20.0,D,2026-09-25 11:20:48.503973
2026-09-25,2026-06-01,2026-09-25,district,CHHATTISGARH,CHHATTISGARH,KHAIRAGARH CHH GANDAI,42.6,2.7,1478.0,LE,754.9,721.5,5.0,N,2026-09-25 11:20:48.503973
2026-09-25,2026-06-01,2026-09-25,district,CHHATTISGARH,CHHATTISGARH,KONDAGAON,161.8,3.8,4158.0,LE,1172.1,1154.8,2.0,N,2026-09-25 11:20:48.503973
2026-09-25,2026-06-01,2026-09-25,district,CHHATTISGARH,CHHATTISGARH,KORBA,11.8,5.1,131.0,LE,1098.9,1242.4,-12.0,N,2026-09-25 11:20:48.503973
2026-09-25,2026-06-01,2026-09-25,district,CHHATTISGARH,CHHATTISGARH,KORIYA,6.3,5.2,20.0,E,902.6,1087.6,-17.0,N,2026-09-25 11:20:48.503973
2026-09-25,2026-06-01,2026-09-25,district,CHHATTISGARH,CHHATTISGARH,MAHASAMUND,30.2,3.1,875.0,LE,1202.5,1050.3,14.0,N,2026-09-25 11:20:48.503973
2026-09-25,2026-06-01,2026-09-25,district,CHHATTISGARH,CHHATTISGARH,MANENDRAGARH BHARATPUR,12.6,5.2,143.0,LE,1160.4,1087.5,7.0,N,2026-09-25 11:20:48.503973
2026-09-25,2026-06-01,2026-09-25,district,CHHATTISGARH,CHHATTISGARH,MOHALA MANPUR CHOWKI,65.9,4.2,1470.0,LE,936.3,1010.5,-7.0,N,2026-09-25 11:20:48.503973
2026-09-25,2026-06-01,2026-09-25,district,CHHATTISGARH,CHHATTISGARH,MUNGELI,14.3,5.3,170.0,LE,1139.8,927.9,23.0,E,2026-09-25 11:20:48.503973
2026-09-25,2026-06-01,2026-09-25,district,CHHATTISGARH,CHHATTISGARH,NARAYANPUR,151.9,4.0,3698.0,LE,1595.5,1212.1,32.0,E,2026-09-25 11:20:48.503973
2026-09-25,2026-06-01,2026-09-25,district,CHHATTISGARH,CHHATTISGARH,RAIGARH,6.4,4.5,42.0,E,981.3,1171.5,-16.0,N,2026-09-25 11:20:48.503973
2026-09-25,2026-06-01,2026-09-25,district,CHHATTISGARH,CHHATTISGARH,RAIPUR,58.9,6.1,865.0,LE,1202.5,1002.0,20.0,E,2026-09-25 11:20:48.503973
2026-09-25,2026-06-01,2026-09-25,district,CHHATTISGARH,CHHATTISGARH,RAJNANDGAON,72.1,4.0,1701.0,LE,914.9,1011.5,-10.0,N,2026-09-25 11:20:48.503973
2026-09-25,2026-06-01,2026-09-25,district,CHHATTISGARH,CHHATTISGARH,SAKTI,6.4,2.7,136.0,LE,971.4,1102.7,-12.0,N,2026-09-25 11:20:48.503973
2026-09-25,2026-06-01,2026-09-25,district,CHHATTISGARH,CHHATTISGARH,SARANGARH BILAIGARH,16.5,2.4,588.0,LE,1158.4,913.9,27.0,E,2026-09-25 11:20:48.503973
2026-09-25,2026-06-01,2026-09-25,district,CHHATTISGARH,CHHATTISGARH,SUKMA,87.9,7.3,1104.0,LE,1204.6,1189.3,1.0,N,2026-09-25 11:20:48.503973
2026-09-25,2026-06-01,2026-09-25,district,CHHATTISGARH,CHHATTISGARH,SURAJPUR,19.6,5.4,263.0,LE,1214.9,1170.7,4.0,N,2026-09-25 11:20:48.503973
2026-09-25,2026-06-01,2026-09-25,district,CHHATTISGARH,CHHATTISGARH,SURGUJA,5.7,3.4,68.0,LE,666.3,1142.5,-42.0,D,2026-09-25 11:20:48.503973
2026-09-25,2026-06-01,2026-09-25,district,COASTAL A. P. & YANAM,ANDHRA PRADESH,ANAKAPALLI,62.3,9.6,549.0,LE,585.4,618.8,-5.0,N,2026-09-25 11:20:48.503973
2026-09-25,2026-06-01,2026-09-25,district,COASTAL A. P. & YANAM,ANDHRA PRADESH,BAPATLA,12.0,5.9,103.0,LE,332.7,536.6,-38.0,D,2026-09-25 11:20:48.503973
2026-09-25,2026-06-01,2026-09-25,district,COASTAL A. P. & YANAM,ANDHRA PRADESH,DR B R AMBEDKAR KONASEEMA,39.8,10.3,286.0,LE,821.4,751.3,9.0,N,2026-09-25 11:20:48.503973
2026-09-25,2026-06-01,2026-09-25,district,COASTAL A. P. & YANAM,ANDHRA PRADESH,EAST GODAVARI,84.3,9.5,787.0,LE,636.3,716.1,-11.0,N,2026-09-25 11:20:48.503973
2026-09-25,2026-06-01,2026-09-25,district,COASTAL A. P. & YANAM,ANDHRA PRADESH,ELURU,90.6,6.5,1293.0,LE,733.5,832.5,-12.0,N,2026-09-25 11:20:48.503973
2026-09-25,2026-06-01,2026-09-25,district,COASTAL A. P. & YANAM,ANDHRA PRADESH,GUNTUR,79.0,5.1,1449.0,LE,632.4,574.5,10.0,N,2026-09-25 11:20:48.503973
2026-09-25,2026-06-01,2026-09-25,district,COASTAL A. P. & YANAM,ANDHRA PRADESH,KAKINADA,69.5,11.3,515.0,LE,610.5,645.8,-5.0,N,2026-09-25 11:20:48.503973
2026-09-25,2026-06-01,2026-09-25,district,COASTAL A. P. & YANAM,ANDHRA PRADESH,KRISHNA,71.9,5.4,1231.0,LE,603.8,645.6,-6.0,N,2026-09-25 11:20:48.503973
2026-09-25,2026-06-01,2026-09-25,district,COASTAL A. P. & YANAM,ANDHRA PRADESH,NTR DISTRICT,67.5,4.9,1278.0,LE,572.7,690.2,-17.0,N,2026-09-25 11:20:48.503973
2026-09-25,2026-06-01,2026-09-25,district,COASTAL A. P. & YANAM,ANDHRA PRADESH,PALNADU,28.9,6.2,366.0,LE,370.6,532.0,-30.0,D,2026-09-25 11:20:48.503973
2026-09-25,2026-06-01,2026-09-25,district,COASTAL A. P. & YANAM,ANDHRA PRADESH,PARVATHIPURAM MANYAM,57.5,5.4,965.0,LE,642.0,771.9,-17.0,N,2026-09-25 11:20:48.503973
2026-09-25,2026-06-01,2026-09-25,district,COASTAL A. P. & YANAM,ANDHRA PRADESH,PRAKASAM,2.4,4.2,-43.0,D,197.6,347.5,-43.0,D,2026-09-25 11:20:48.503973
2026-09-25,2026-06-01,2026-09-25,district,COASTAL A. P. & YANAM,ANDHRA PRADESH,SPSR NELLORE,0.0,4.8,-100.0,NR,211.8,313.2,-32.0,D,2026-09-25 11:20:48.503973
2026-09-25,2026-06-01,2026-09-25,district,COASTAL A. P. & YANAM,ANDHRA PRADESH,SRI ALLURI SITHARAMARAJU DISTRICT,91.0,5.6,1524.0,LE,697.6,889.1,-22.0,D,2026-09-25 11:20:48.503973
2026-09-25,2026-06-01,2026-09-25,district,COASTAL A. P. & YANAM,ANDHRA PRADESH,SRIKAKULAM,50.3,8.1,521.0,LE,721.0,698.7,3.0,N,2026-09-25 11:20:48.503973
2026-09-25,2026-06-01,2026-09-25,district,COASTAL A. P. & YANAM,ANDHRA PRADESH,VISHAKHAPATNAM,21.6,9.3,132.0,LE,631.5,545.9,16.0,N,2026-09-25 11:20:48.503973
2026-09-25,2026-06-01,2026-09-25,district,COASTAL A. P. & YANAM,ANDHRA PRADESH,VIZIANAGARAM,20.2,6.4,215.0,LE,656.9,672.4,-2.0,N,2026-09-25 11:20:48.503973
2026-09-25,2026-06-01,2026-09-25,district,COASTAL A. P. & YANAM,ANDHRA PRADESH,WEST GODAVARI,64.4,9.6,571.0,LE,605.7,714.2,-15.0,N,2026-09-25 11:20:48.503973
2026-09-25,2026-06-01,2026-09-25,district,COASTAL A. P. & YANAM,PUDUCHERRY (UT),YANAM,70.8,12.7,457.0,LE,767.0,723.0,6.0,N,2026-09-25 11:20:48.503973
2026-09-25,2026-06-01,2026-09-25,district,COASTAL KARNATAKA,KARNATAKA,DAKSHINA KANNADA,48.5,8.2,491.0,LE,2527.9,3280.7,-23.0,D,2026-09-25 11:20:48.503973
2026-09-25,2026-06-01,2026-09-25,district,COASTAL KARNATAKA,KARNATAKA,UDUPI,49.2,10.1,388.0,LE,2625.0,3706.2,-29.0,D,2026-09-25 11:20:48.503973
2026-09-25,2026-06-01,2026-09-25,district,COASTAL KARNATAKA,KARNATAKA,UTTARA KANNADA,6.3,6.4,-2.0,N,1906.9,2710.6,-30.0,D,2026-09-25 11:20:48.503973
2026-09-25,2026-06-01,2026-09-25,district,EAST MADHYA PRADESH,MADHYA PRADESH,ANUPPUR,24.2,3.5,591.0,LE,1083.6,979.9,11.0,N,2026-09-25 11:20:48.503973
2026-09-25,2026-06-01,2026-09-25,district,EAST MADHYA PRADESH,MADHYA PRADESH,BALAGHAT,2.8,3.6,-21.0,D,1097.9,1221.0,-10.0,N,2026-09-25 11:20:48.503973
2026-09-25,2026-06-01,2026-09-25,district,EAST MADHYA PRADESH,MADHYA PRADESH,CHHATARPUR,18.2,2.3,693.0,LE,993.5,933.6,6.0,N,2026-09-25 11:20:48.503973
2026-09-25,2026-06-01,2026-09-25,district,EAST MADHYA PRADESH,MADHYA PRADESH,CHHINDWARA,18.2,4.0,354.0,LE,800.5,1018.8,-21.0,D,2026-09-25 11:20:48.503973
2026-09-25,2026-06-01,2026-09-25,district,EAST MADHYA PRADESH,MADHYA PRADESH,DAMOH,14.7,1.5,877.0,LE,1007.6,1077.0,-6.0,N,2026-09-25 11:20:48.503973
2026-09-25,2026-06-01,2026-09-25,district,EAST MADHYA PRADESH,MADHYA PRADESH,DINDORI,14.6,2.4,509.0,LE,1078.3,1167.1,-8.0,N,2026-09-25 11:20:48.503973
2026-09-25,2026-06-01,2026-09-25,district,EAST MADHYA PRADESH,MADHYA PRADESH,JABALPUR,14.1,2.8,404.0,LE,946.1,1117.2,-15.0,N,2026-09-25 11:20:48.503973
2026-09-25,2026-06-01,2026-09-25,district,EAST MADHYA PRADESH,MADHYA PRADESH,KATNI,22.6,0.7,3135.0,LE,871.4,926.4,-6.0,N,2026-09-25 11:20:48.503973
2026-09-25,2026-06-01,2026-09-25,district,EAST MADHYA PRADESH,MADHYA PRADESH,MAIHAR,34.9,4.0,772.0,LE,1126.1,963.6,17.0,N,2026-09-25 11:20:48.503973
2026-09-25,2026-06-01,2026-09-25,district,EAST MADHYA PRADESH,MADHYA PRADESH,MANDLA,8.4,3.5,141.0,LE,1117.6,1183.2,-6.0,N,2026-09-25 11:20:48.503973
2026-09-25,2026-06-01,2026-09-25,district,EAST MADHYA PRADESH,MADHYA PRADESH,MAUGANJ,20.8,8.3,151.0,LE,1469.1,968.8,52.0,E,2026-09-25 11:20:48.503973
2026-09-25,2026-06-01,2026-09-25,district,EAST MADHYA PRADESH,MADHYA PRADESH,NARSINGHPUR,18.2,3.0,507.0,LE,1000.6,1041.5,-4.0,N,2026-09-25 11:20:48.503973
2026-09-25,2026-06-01,2026-09-25,district,EAST MADHYA PRADESH,MADHYA PRADESH,NIWARI,0.0,0.1,-100.0,NR,1183.7,773.2,53.0,E,2026-09-25 11:20:48.503973
2026-09-25,2026-06-01,2026-09-25,district,EAST MADHYA PRADESH,MADHYA PRADESH,PANDHURNA,3.5,2.3,52.0,E,623.5,787.5,-21.0,D,2026-09-25 11:20:48.503973
2026-09-25,2026-06-01,2026-09-25,district,EAST MADHYA PRADESH,MADHYA PRADESH,PANNA,14.0,3.8,267.0,LE,1126.9,1078.4,4.0,N,2026-09-25 11:20:48.503973
2026-09-25,2026-06-01,2026-09-25,district,EAST MADHYA PRADESH,MADHYA PRADESH,REWA,24.7,4.4,460.0,LE,832.5,980.5,-15.0,N,2026-09-25 11:20:48.503973
2026-09-25,2026-06-01,2026-09-25,district,EAST MADHYA PRADESH,MADHYA PRADESH,SAGAR,5.5,3.2,71.0,LE,919.1,1056.0,-13.0,N,2026-09-25 11:20:48.503973
2026-09-25,2026-06-01,2026-09-25,district,EAST MADHYA PRADESH,MADHYA PRADESH,SATNA,29.0,2.3,1159.0,LE,1346.3,928.9,45.0,E,2026-09-25 11:20:48.503973
2026-09-25,2026-06-01,2026-09-25,district,EAST MADHYA PRADESH,MADHYA PRADESH,SEONI,3.7,2.0,86.0,LE,820.9,1002.6,-18.0,N,2026-09-25 11:20:48.503973
2026-09-25,2026-06-01,2026-09-25,district,EAST MADHYA PRADESH,MADHYA PRADESH,SHAHDOL,17.3,3.0,476.0,LE,1169.4,978.0,20.0,E,2026-09-25 11:20:48.503973
2026-09-25,2026-06-01,2026-09-25,district,EAST MADHYA PRADESH,MADHYA PRADESH,SIDHI,19.4,4.9,297.0,LE,1182.8,1029.5,15.0,N,2026-09-25 11:20:48.503973
2026-09-25,2026-06-01,2026-09-25,district,EAST MADHYA PRADESH,MADHYA PRADESH,SINGRAULI,21.1,4.0,428.0,LE,1124.5,1018.8,10.0,N,2026-09-25 11:20:48.503973
2026-09-25,2026-06-01,2026-09-25,district,EAST MADHYA PRADESH,MADHYA PRADESH,TIKAMGARH,6.6,3.1,114.0,LE,928.3,901.0,3.0,N,2026-09-25 11:20:48.503973
2026-09-25,2026-06-01,2026-09-25,district,EAST MADHYA PRADESH,MADHYA PRADESH,UMARIA,37.7,2.8,1245.0,LE,1199.7,1062.0,13.0,N,2026-09-25 11:20:48.503973
2026-09-25,2026-06-01,2026-09-25,district,EAST RAJASTHAN,RAJASTHAN,AJMER,0.0,1.8,-100.0,NR,374.3,454.0,-18.0,N,2026-09-25 11:20:48.503973
2026-09-25,2026-06-01,2026-09-25,district,EAST RAJASTHAN,RAJASTHAN,ALWAR,0.0,2.1,-100.0,NR,506.0,543.6,-7.0,N,2026-09-25 11:20:48.503973
2026-09-25,2026-06-01,2026-09-25,district,EAST RAJASTHAN,RAJASTHAN,BANSWARA,0.0,2.5,-100.0,NR,521.5,874.2,-40.0,D,2026-09-25 11:20:48.503973
2026-09-25,2026-06-01,2026-09-25,district,EAST RAJASTHAN,RAJASTHAN,BARAN,0.0,1.5,-100.0,NR,679.8,828.5,-18.0,N,2026-09-25 11:20:48.503973
2026-09-25,2026-06-01,2026-09-25,district,EAST RAJASTHAN,RAJASTHAN,BHARATPUR,0.0,1.4,-100.0,NR,675.2,539.9,25.0,E,2026-09-25 11:20:48.503973
2026-09-25,2026-06-01,2026-09-25,district,EAST RAJASTHAN,RAJASTHAN,BHILWARA,0.0,2.1,-100.0,NR,426.0,599.9,-29.0,D,2026-09-25 11:20:48.503973
2026-09-25,2026-06-01,2026-09-25,district,EAST RAJASTHAN,RAJASTHAN,BUNDI,0.0,2.1,-100.0,NR,554.6,642.5,-14.0,N,2026-09-25 11:20:48.503973
2026-09-25,2026-06-01,2026-09-25,district,EAST RAJASTHAN,RAJASTHAN,CHITTORGARH,0.0,2.2,-100.0,NR,552.9,721.6,-23.0,D,2026-09-25 11:20:48.503973
2026-09-25,2026-06-01,2026-09-25,district,EAST RAJASTHAN,RAJASTHAN,DAUSA,0.0,2.2,-100.0,NR,642.6,591.2,9.0,N,2026-09-25 11:20:48.503973
2026-09-25,2026-06-01,2026-09-25,district,EAST RAJASTHAN,RAJASTHAN,DHOLPUR,0.0,1.3,-100.0,NR,737.3,581.2,27.0,E,2026-09-25 11:20:48.503973
2026-09-25,2026-06-01,2026-09-25,district,EAST RAJASTHAN,RAJASTHAN,DUNGARPUR,0.0,1.9,-100.0,NR,509.7,696.7,-27.0,D,2026-09-25 11:20:48.503973
2026-09-25,2026-06-01,2026-09-25,district,EAST RAJASTHAN,RAJASTHAN,JAIPUR,0.0,2.5,-100.0,NR,407.3,521.8,-22.0,D,2026-09-25 11:20:48.503973
2026-09-25,2026-06-01,2026-09-25,district,EAST RAJASTHAN,RAJASTHAN,JHALAWAR,0.0,1.5,-100.0,NR,809.5,878.1,-8.0,N,2026-09-25 11:20:48.503973
2026-09-25,2026-06-01,2026-09-25,district,EAST RAJASTHAN,RAJASTHAN,JHUNJHUNU,0.0,1.3,-100.0,NR,410.0,406.1,1.0,N,2026-09-25 11:20:48.503973
2026-09-25,2026-06-01,2026-09-25,district,EAST RAJASTHAN,RAJASTHAN,KARAULI,0.0,1.8,-100.0,NR,545.0,592.0,-8.0,N,2026-09-25 11:20:48.503973
2026-09-25,2026-06-01,2026-09-25,district,EAST RAJASTHAN,RAJASTHAN,KOTA,0.0,1.6,-100.0,NR,558.8,729.7,-23.0,D,2026-09-25 11:20:48.503973
2026-09-25,2026-06-01,2026-09-25,district,EAST RAJASTHAN,RAJASTHAN,PRATAPGARH,0.0,2.3,-100.0,NR,802.7,905.7,-11.0,N,2026-09-25 11:20:48.503973
2026-09-25,2026-06-01,2026-09-25,district,EAST RAJASTHAN,RAJASTHAN,RAJSAMAND,0.0,2.3,-100.0,NR,355.9,532.6,-33.0,D,2026-09-25 11:20:48.503973
2026-09-25,2026-06-01,2026-09-25,district,EAST RAJASTHAN,RAJASTHAN,SAWAI MADHOPUR,0.0,1.5,-100.0,NR,564.1,658.3,-14.0,N,2026-09-25 11:20:48.503973
2026-09-25,2026-06-01,2026-09-25,district,EAST RAJASTHAN,RAJASTHAN,SIKAR,0.0,1.4,-100.0,NR,368.8,404.4,-9.0,N,2026-09-25 11:20:48.503973
2026-09-25,2026-06-01,2026-09-25,district,EAST RAJASTHAN,RAJASTHAN,SIROHI,0.0,2.7,-100.0,NR,471.9,861.7,-45.0,D,2026-09-25 11:20:48.503973
2026-09-25,2026-06-01,2026-09-25,district,EAST RAJASTHAN,RAJASTHAN,TONK,0.0,1.7,-100.0,NR,469.5,563.9,-17.0,N,2026-09-25 11:20:48.503973
2026-09-25,2026-06-01,2026-09-25,district,EAST RAJASTHAN,RAJASTHAN,UDAIPUR,0.0,2.7,-100.0,NR,450.8,608.8,-26.0,D,2026-09-25 11:20:48.503973
2026-09-25,2026-06-01,2026-09-25,district,EAST UTTAR PRADESH,UTTAR PRADESH,AMBEDKAR NAGAR,32.0,10.4,207.0,LE,743.2,837.8,-11.0,N,2026-09-25 11:20:48.503973
2026-09-25,2026-06-01,2026-09-25,district,EAST UTTAR PRADESH,UTTAR PRADESH,AMETHI,14.3,4.0,257.0,LE,388.8,661.4,-41.0,D,2026-09-25 11:20:48.503973
2026-09-25,2026-06-01,2026-09-25,district,EAST UTTAR PRADESH,UTTAR PRADESH,AYODHYA,28.9,6.0,381.0,LE,709.9,837.7,-15.0,N,2026-09-25 11:20:48.503973
2026-09-25,2026-06-01,2026-09-25,district,EAST UTTAR PRADESH,UTTAR PRADESH,AZAMGARH,28.9,8.6,236.0,LE,665.8,830.8,-20.0,D,2026-09-25 11:20:48.503973
2026-09-25,2026-06-01,2026-09-25,district,EAST UTTAR PRADESH,UTTAR PRADESH,BAHRAICH,42.3,5.8,629.0,LE,1092.4,968.2,13.0,N,2026-09-25 11:20:48.503973
2026-09-25,2026-06-01,2026-09-25,district,EAST UTTAR PRADESH,UTTAR PRADESH,BALLIA,31.2,9.3,236.0,LE,595.2,698.0,-15.0,N,2026-09-25 11:20:48.503973
2026-09-25,2026-06-01,2026-09-25,district,EAST UTTAR PRADESH,UTTAR PRADESH,BALRAMPUR,71.6,8.4,752.0,LE,722.5,781.3,-8.0,N,2026-09-25 11:20:48.503973
2026-09-25,2026-06-01,2026-09-25,district,EAST UTTAR PRADESH,UTTAR PRADESH,BANDA,19.6,3.1,533.0,LE,1174.6,757.7,55.0,E,2026-09-25 11:20:48.503973
2026-09-25,2026-06-01,2026-09-25,district,EAST UTTAR PRADESH,UTTAR PRADESH,BARABANKI,28.1,5.0,461.0,LE,800.4,811.7,-1.0,N,2026-09-25 11:20:48.503973
2026-09-25,2026-06-01,2026-09-25,district,EAST UTTAR PRADESH,UTTAR PRADESH,BASTI,47.0,12.7,270.0,LE,679.5,817.6,-17.0,N,2026-09-25 11:20:48.503973
2026-09-25,2026-06-01,2026-09-25,district,EAST UTTAR PRADESH,UTTAR PRADESH,BHADOHI,13.0,9.4,38.0,E,307.2,789.1,-61.0,LD,2026-09-25 11:20:48.503973
2026-09-25,2026-06-01,2026-09-25,district,EAST UTTAR PRADESH,UTTAR PRADESH,CHANDAULI,5.0,10.0,-50.0,D,547.0,694.6,-21.0,D,2026-09-25 11:20:48.503973
2026-09-25,2026-06-01,2026-09-25,district,EAST UTTAR PRADESH,UTTAR PRADESH,CHITRAKOOT,31.3,3.2,877.0,LE,1289.3,778.8,66.0,LE,2026-09-25 11:20:48.503973
2026-09-25,2026-06-01,2026-09-25,district,EAST UTTAR PRADESH,UTTAR PRADESH,DEORIA,6.8,9.4,-28.0,D,201.8,759.4,-73.0,LD,2026-09-25 11:20:48.503973
2026-09-25,2026-06-01,2026-09-25,district,EAST UTTAR PRADESH,UTTAR PRADESH,FARRUKHABAD,4.2,1.3,223.0,LE,549.1,720.0,-24.0,D,2026-09-25 11:20:48.503973
2026-09-25,2026-06-01,2026-09-25,district,EAST UTTAR PRADESH,UTTAR PRADESH,FATEHPUR,5.9,3.6,63.0,LE,655.3,686.5,-5.0,N,2026-09-25 11:20:48.503973
2026-09-25,2026-06-01,2026-09-25,district,EAST UTTAR PRADESH,UTTAR PRADESH,GHAZIPUR,15.7,10.1,55.0,E,647.3,773.3,-16.0,N,2026-09-25 11:20:48.503973
2026-09-25,2026-06-01,2026-09-25,district,EAST UTTAR PRADESH,UTTAR PRADESH,GONDA,43.1,9.4,358.0,LE,803.1,850.4,-6.0,N,2026-09-25 11:20:48.503973
2026-09-25,2026-06-01,2026-09-25,district,EAST UTTAR PRADESH,UTTAR PRADESH,GORAKHPUR,45.8,10.3,345.0,LE,825.1,1217.9,-32.0,D,2026-09-25 11:20:48.503973
2026-09-25,2026-06-01,2026-09-25,district,EAST UTTAR PRADESH,UTTAR PRADESH,HARDOI,6.6,2.3,187.0,LE,588.1,658.7,-11.0,N,2026-09-25 11:20:48.503973
2026-09-25,2026-06-01,2026-09-25,district,EAST UTTAR PRADESH,UTTAR PRADESH,JAUNPUR,8.1,6.4,27.0,E,296.1,713.1,-58.0,D,2026-09-25 11:20:48.503973
2026-09-25,2026-06-01,2026-09-25,district,EAST UTTAR PRADESH,UTTAR PRADESH,KANNAUJ,7.3,1.5,387.0,LE,859.7,658.8,31.0,E,2026-09-25 11:20:48.503973
2026-09-25,2026-06-01,2026-09-25,district,EAST UTTAR PRADESH,UTTAR PRADESH,KANPUR CITY,13.1,3.1,323.0,LE,949.3,612.0,55.0,E,2026-09-25 11:20:48.503973
2026-09-25,2026-06-01,2026-09-25,district,EAST UTTAR PRADESH,UTTAR PRADESH,KANPUR DEHAT,7.6,3.5,117.0,LE,210.9,569.6,-63.0,LD,2026-09-25 11:20:48.503973
2026-09-25,2026-06-01,2026-09-25,district,EAST UTTAR PRADESH,UTTAR PRADESH,KAUSHAMBI,17.0,3.5,386.0,LE,348.1,539.6,-35.0,D,2026-09-25 11:20:48.503973
2026-09-25,2026-06-01,2026-09-25,district,EAST UTTAR PRADESH,UTTAR PRADESH,KHERI,10.1,3.3,205.0,LE,978.1,907.9,8.0,N,2026-09-25 11:20:48.503973
2026-09-25,2026-06-01,2026-09-25,district,EAST UTTAR PRADESH,UTTAR PRADESH,KUSHI NAGAR,15.5,6.2,150.0,LE,255.1,726.0,-65.0,LD,2026-09-25 11:20:48.503973
2026-09-25,2026-06-01,2026-09-25,district,EAST UTTAR PRADESH,UTTAR PRADESH,LUCKNOW,10.5,4.6,128.0,LE,676.9,670.9,1.0,N,2026-09-25 11:20:48.503973
2026-09-25,2026-06-01,2026-09-25,district,EAST UTTAR PRADESH,UTTAR PRADESH,MAHARAJGANJ,40.9,9.0,354.0,LE,793.8,966.3,-18.0,N,2026-09-25 11:20:48.503973
2026-09-25,2026-06-01,2026-09-25,district,EAST UTTAR PRADESH,UTTAR PRADESH,MAU,16.5,6.5,154.0,LE,359.5,776.9,-54.0,D,2026-09-25 11:20:48.503973
2026-09-25,2026-06-01,2026-09-25,district,EAST UTTAR PRADESH,UTTAR PRADESH,MIRZAPUR,9.7,8.3,17.0,N,861.4,868.3,-1.0,N,2026-09-25 11:20:48.503973
2026-09-25,2026-06-01,2026-09-25,district,EAST UTTAR PRADESH,UTTAR PRADESH,PRATAPGARH,22.0,4.5,389.0,LE,916.0,759.3,21.0,E,2026-09-25 11:20:48.503973
2026-09-25,2026-06-01,2026-09-25,district,EAST UTTAR PRADESH,UTTAR PRADESH,PRAYAGRAJ,25.7,4.5,470.0,LE,965.1,714.1,35.0,E,2026-09-25 11:20:48.503973
2026-09-25,2026-06-01,2026-09-25,district,EAST UTTAR PRADESH,UTTAR PRADESH,RAE BAREILLY,7.8,2.8,180.0,LE,340.1,422.0,-19.0,N,2026-09-25 11:20:48.503973
2026-09-25,2026-06-01,2026-09-25,district,EAST UTTAR PRADESH,UTTAR PRADESH,SANT KABIR NAGAR,26.4,14.0,89.0,LE,541.3,983.9,-45.0,D,2026-09-25 11:20:48.503973
2026-09-25,2026-06-01,2026-09-25,district,EAST UTTAR PRADESH,UTTAR PRADESH,SHRAWASTI,62.3,3.6,1630.0,LE,748.0,1055.8,-29.0,D,2026-09-25 11:20:48.503973
2026-09-25,2026-06-01,2026-09-25,district,EAST UTTAR PRADESH,UTTAR PRADESH,SIDDHARTH NAGAR,56.7,9.4,503.0,LE,699.4,1022.0,-32.0,D,2026-09-25 11:20:48.503973
2026-09-25,2026-06-01,2026-09-25,district,EAST UTTAR PRADESH,UTTAR PRADESH,SITAPUR,16.0,3.2,398.0,LE,592.2,826.6,-28.0,D,2026-09-25 11:20:48.503973
2026-09-25,2026-06-01,2026-09-25,district,EAST UTTAR PRADESH,UTTAR PRADESH,SONBHADRA,19.1,11.4,67.0,LE,865.8,856.8,1.0,N,2026-09-25 11:20:48.503973
2026-09-25,2026-06-01,2026-09-25,district,EAST UTTAR PRADESH,UTTAR PRADESH,SULTANPUR,41.3,5.5,650.0,LE,842.1,807.6,4.0,N,2026-09-25 11:20:48.503973
2026-09-25,2026-06-01,2026-09-25,district,EAST UTTAR PRADESH,UTTAR PRADESH,UNNAO,8.2,5.0,64.0,LE,463.7,646.4,-28.0,D,2026-09-25 11:20:48.503973
2026-09-25,2026-06-01,2026-09-25,district,EAST UTTAR PRADESH,UTTAR PRADESH,VARANASI,13.3,7.8,71.0,LE,938.4,795.5,18.0,N,2026-09-25 11:20:48.503973
2026-09-25,2026-06-01,2026-09-25,district,GANGETIC WEST BENGAL,WEST BENGAL,BANKURA,34.6,6.0,477.0,LE,1221.7,1124.0,9.0,N,2026-09-25 11:20:48.503973
2026-09-25,2026-06-01,2026-09-25,district,GANGETIC WEST BENGAL,WEST BENGAL,BIRBHUM,20.1,15.0,34.0,E,958.1,1097.9,-13.0,N,2026-09-25 11:20:48.503973
2026-09-25,2026-06-01,2026-09-25,district,GANGETIC WEST BENGAL,WEST BENGAL,EAST MIDNAPORE,42.8,19.7,117.0,LE,1895.0,1254.3,51.0,E,2026-09-25 11:20:48.503973
2026-09-25,2026-06-01,2026-09-25,district,GANGETIC WEST BENGAL,WEST BENGAL,HOOGHLY,19.2,13.6,41.0,E,1059.6,1020.8,4.0,N,2026-09-25 11:20:48.503973
2026-09-25,2026-06-01,2026-09-25,district,GANGETIC WEST BENGAL,WEST BENGAL,HOWRAH,17.2,16.3,6.0,N,1284.4,1125.0,14.0,N,2026-09-25 11:20:48.503973
2026-09-25,2026-06-01,2026-09-25,district,GANGETIC WEST BENGAL,WEST BENGAL,JHARGRAM,38.2,9.2,315.0,LE,1146.9,1133.9,1.0,N,2026-09-25 11:20:48.503973
2026-09-25,2026-06-01,2026-09-25,district,GANGETIC WEST BENGAL,WEST BENGAL,KOLKATA,36.7,16.9,117.0,LE,1677.7,1286.6,30.0,E,2026-09-25 11:20:48.503973
2026-09-25,2026-06-01,2026-09-25,district,GANGETIC WEST BENGAL,WEST BENGAL,MURSHIDABAD,11.9,16.4,-28.0,D,826.5,959.7,-14.0,N,2026-09-25 11:20:48.503973
2026-09-25,2026-06-01,2026-09-25,district,GANGETIC WEST BENGAL,WEST BENGAL,NADIA,33.3,10.6,214.0,LE,750.6,922.0,-19.0,N,2026-09-25 11:20:48.503973
2026-09-25,2026-06-01,2026-09-25,district,GANGETIC WEST BENGAL,WEST BENGAL,NORTH 24 PARGANAS,33.4,9.1,267.0,LE,1450.6,1116.2,30.0,E,2026-09-25 11:20:48.503973
2026-09-25,2026-06-01,2026-09-25,district,GANGETIC WEST BENGAL,WEST BENGAL,PASCHIM BARDHAMAN,14.0,8.5,65.0,LE,1241.4,1060.5,17.0,N,2026-09-25 11:20:48.503973
2026-09-25,2026-06-01,2026-09-25,district,GANGETIC WEST BENGAL,WEST BENGAL,PURBA BARDHAMAN,22.0,10.0,120.0,LE,971.8,1000.3,-3.0,N,2026-09-25 11:20:48.503973
2026-09-25,2026-06-01,2026-09-25,district,GANGETIC WEST BENGAL,WEST BENGAL,PURULIA,41.2,8.0,415.0,LE,960.7,1075.2,-11.0,N,2026-09-25 11:20:48.503973
2026-09-25,2026-06-01,2026-09-25,district,GANGETIC WEST BENGAL,WEST BENGAL,SOUTH 24 PARGANAS,31.3,13.7,128.0,LE,1571.9,1395.0,13.0,N,2026-09-25 11:20:48.503973
2026-09-25,2026-06-01,2026-09-25,district,GANGETIC WEST BENGAL,WEST BENGAL,WEST MIDNAPORE,73.1,9.2,694.0,LE,1584.3,1133.9,40.0,E,2026-09-25 11:20:48.503973
2026-09-25,2026-06-01,2026-09-25,district,GUJARAT REGION,DADRA & NAGAR HAVELI AND DAMAN & DIU (UT),DADARA & NAGAR HAVELI,0.0,16.9,-100.0,NR,3182.5,2269.7,40.0,E,2026-09-25 11:20:48.503973
2026-09-25,2026-06-01,2026-09-25,district,GUJARAT REGION,DADRA & NAGAR HAVELI AND DAMAN & DIU (UT),DAMAN,0.0,16.9,-100.0,NR,2847.0,2269.7,25.0,E,2026-09-25 11:20:48.503973
2026-09-25,2026-06-01,2026-09-25,district,GUJARAT REGION,GUJARAT,AHMEDABAD,0.0,3.1,-100.0,NR,668.3,651.5,3.0,N,2026-09-25 11:20:48.503973
2026-09-25,2026-06-01,2026-09-25,district,GUJARAT REGION,GUJARAT,ANAND,0.0,3.3,-100.0,NR,901.7,820.1,10.0,N,2026-09-25 11:20:48.503973
2026-09-25,2026-06-01,2026-09-25,district,GUJARAT REGION,GUJARAT,ARAVALLI,0.0,2.1,-100.0,NR,538.7,832.7,-35.0,D,2026-09-25 11:20:48.503973
2026-09-25,2026-06-01,2026-09-25,district,GUJARAT REGION,GUJARAT,BANASKANTHA,0.0,1.4,-100.0,NR,446.1,588.5,-24.0,D,2026-09-25 11:20:48.503973
2026-09-25,2026-06-01,2026-09-25,district,GUJARAT REGION,GUJARAT,BHARUCH,0.0,9.3,-100.0,NR,944.4,725.8,30.0,E,2026-09-25 11:20:48.503973
2026-09-25,2026-06-01,2026-09-25,district,GUJARAT REGION,GUJARAT,CHHOTA UDEPUR,0.0,6.6,-100.0,NR,697.0,982.5,-29.0,D,2026-09-25 11:20:48.503973
2026-09-25,2026-06-01,2026-09-25,district,GUJARAT REGION,GUJARAT,DAHOD,0.0,2.8,-100.0,NR,457.5,773.0,-41.0,D,2026-09-25 11:20:48.503973
2026-09-25,2026-06-01,2026-09-25,district,GUJARAT REGION,GUJARAT,DANGS,0.0,9.4,-100.0,NR,2538.9,2195.6,16.0,N,2026-09-25 11:20:48.503973
2026-09-25,2026-06-01,2026-09-25,district,GUJARAT REGION,GUJARAT,GANDHINAGAR,0.0,2.4,-100.0,NR,607.4,741.5,-18.0,N,2026-09-25 11:20:48.503973
2026-09-25,2026-06-01,2026-09-25,district,GUJARAT REGION,GUJARAT,KHEDA,0.0,3.8,-100.0,NR,1044.7,807.5,29.0,E,2026-09-25 11:20:48.503973
2026-09-25,2026-06-01,2026-09-25,district,GUJARAT REGION,GUJARAT,MAHISAGAR,0.0,1.6,-100.0,NR,778.9,796.9,-2.0,N,2026-09-25 11:20:48.503973
2026-09-25,2026-06-01,2026-09-25,district,GUJARAT REGION,GUJARAT,MEHSANA,0.0,2.6,-100.0,NR,576.3,690.7,-17.0,N,2026-09-25 11:20:48.503973
2026-09-25,2026-06-01,2026-09-25,district,GUJARAT REGION,GUJARAT,NARMADA,0.0,9.6,-100.0,NR,1022.9,1039.7,-2.0,N,2026-09-25 11:20:48.503973
2026-09-25,2026-06-01,2026-09-25,district,GUJARAT REGION,GUJARAT,NAVSARI,0.0,11.7,-100.0,NR,2385.8,1797.4,33.0,E,2026-09-25 11:20:48.503973
2026-09-25,2026-06-01,2026-09-25,district,GUJARAT REGION,GUJARAT,PANCHMAHAL,0.0,4.2,-100.0,NR,825.1,920.8,-10.0,N,2026-09-25 11:20:48.503973
2026-09-25,2026-06-01,2026-09-25,district,GUJARAT REGION,GUJARAT,PATAN,0.0,1.7,-100.0,NR,501.4,545.3,-8.0,N,2026-09-25 11:20:48.503973
2026-09-25,2026-06-01,2026-09-25,district,GUJARAT REGION,GUJARAT,SABARKANTHA,0.0,2.3,-100.0,NR,541.3,818.4,-34.0,D,2026-09-25 11:20:48.503973
2026-09-25,2026-06-01,2026-09-25,district,GUJARAT REGION,GUJARAT,SURAT,0.0,11.5,-100.0,NR,1606.5,1271.2,26.0,E,2026-09-25 11:20:48.503973
2026-09-25,2026-06-01,2026-09-25,district,GUJARAT REGION,GUJARAT,TAPI,0.0,8.4,-100.0,NR,1447.2,1377.5,5.0,N,2026-09-25 11:20:48.503973
2026-09-25,2026-06-01,2026-09-25,district,GUJARAT REGION,GUJARAT,VADODARA,0.0,5.6,-100.0,NR,633.9,882.9,-28.0,D,2026-09-25 11:20:48.503973
2026-09-25,2026-06-01,2026-09-25,district,GUJARAT REGION,GUJARAT,VALSAD,0.0,12.8,-100.0,NR,2875.1,2032.2,41.0,E,2026-09-25 11:20:48.503973
2026-09-25,2026-06-01,2026-09-25,district,HAR. CHD & DELHI,CHANDIGARH (UT),CHANDIGARH,0.0,5.3,-100.0,NR,715.4,842.6,-15.0,N,2026-09-25 11:20:48.503973
2026-09-25,2026-06-01,2026-09-25,district,HAR. CHD & DELHI,DELHI,CENTRAL DELHI,0.0,0.2,-100.0,NR,766.6,659.7,16.0,N,2026-09-25 11:20:48.503973
2026-09-25,2026-06-01,2026-09-25,district,HAR. CHD & DELHI,DELHI,EAST DELHI,0.0,0.2,-100.0,NR,560.3,659.7,-15.0,N,2026-09-25 11:20:48.503973
2026-09-25,2026-06-01,2026-09-25,district,HAR. CHD & DELHI,DELHI,NEW DELHI,0.0,1.4,-100.0,NR,598.8,635.1,-6.0,N,2026-09-25 11:20:48.503973
2026-09-25,2026-06-01,2026-09-25,district,HAR. CHD & DELHI,DELHI,NORTH EAST DELHI,0.0,0.2,-100.0,NR,582.4,659.7,-12.0,N,2026-09-25 11:20:48.503973
2026-09-25,2026-06-01,2026-09-25,district,HAR. CHD & DELHI,DELHI,NORTH WEST DELHI,0.0,0.9,-100.0,NR,410.8,398.1,3.0,N,2026-09-25 11:20:48.503973
2026-09-25,2026-06-01,2026-09-25,district,HAR. CHD & DELHI,DELHI,SOUTH DELHI,0.0,0.2,-100.0,NR,595.9,659.7,-10.0,N,2026-09-25 11:20:48.503973
2026-09-25,2026-06-01,2026-09-25,district,HAR. CHD & DELHI,DELHI,SOUTH EAST DELHI,0.0,0.2,-100.0,NR,694.4,659.7,5.0,N,2026-09-25 11:20:48.503973
2026-09-25,2026-06-01,2026-09-25,district,HAR. CHD & DELHI,DELHI,SOUTH WEST DELHI,0.0,1.8,-100.0,NR,412.5,549.3,-25.0,D,2026-09-25 11:20:48.503973
2026-09-25,2026-06-01,2026-09-25,district,HAR. CHD & DELHI,DELHI,WEST DELHI,0.0,2.2,-100.0,NR,701.0,592.7,18.0,N,2026-09-25 11:20:48.503973
2026-09-25,2026-06-01,2026-09-25,district,HAR. CHD & DELHI,HARYANA,AMBALA,0.0,3.6,-100.0,NR,399.4,811.4,-51.0,D,2026-09-25 11:20:48.503973
2026-09-25,2026-06-01,2026-09-25,district,HAR. CHD & DELHI,HARYANA,BHIWANI,0.0,0.5,-100.0,NR,268.6,291.3,-8.0,N,2026-09-25 11:20:48.503973
2026-09-25,2026-06-01,2026-09-25,district,HAR. CHD & DELHI,HARYANA,CHARKHI DADRI,0.0,1.0,-100.0,NR,346.3,399.3,-13.0,N,2026-09-25 11:20:48.503973
2026-09-25,2026-06-01,2026-09-25,district,HAR. CHD & DELHI,HARYANA,FARIDABAD,0.0,0.5,-100.0,NR,528.5,555.9,-5.0,N,2026-09-25 11:20:48.503973
2026-09-25,2026-06-01,2026-09-25,district,HAR. CHD & DELHI,HARYANA,FATEHABAD,0.0,0.6,-100.0,NR,233.7,260.1,-10.0,N,2026-09-25 11:20:48.503973
2026-09-25,2026-06-01,2026-09-25,district,HAR. CHD & DELHI,HARYANA,GURGAON,0.0,1.3,-100.0,NR,477.6,486.7,-2.0,N,2026-09-25 11:20:48.503973
2026-09-25,2026-06-01,2026-09-25,district,HAR. CHD & DELHI,HARYANA,HISAR,0.0,1.6,-100.0,NR,230.2,297.7,-23.0,D,2026-09-25 11:20:48.503973
2026-09-25,2026-06-01,2026-09-25,district,HAR. CHD & DELHI,HARYANA,JHAJJAR,0.0,1.4,-100.0,NR,309.1,379.5,-19.0,N,2026-09-25 11:20:48.503973
2026-09-25,2026-06-01,2026-09-25,district,HAR. CHD & DELHI,HARYANA,JIND,0.0,0.9,-100.0,NR,159.0,393.2,-60.0,LD,2026-09-25 11:20:48.503973
2026-09-25,2026-06-01,2026-09-25,district,HAR. CHD & DELHI,HARYANA,KAITHAL,0.0,1.6,-100.0,NR,182.0,363.3,-50.0,D,2026-09-25 11:20:48.503973
2026-09-25,2026-06-01,2026-09-25,district,HAR. CHD & DELHI,HARYANA,KARNAL,0.0,1.5,-100.0,NR,273.4,519.0,-47.0,D,2026-09-25 11:20:48.503973
2026-09-25,2026-06-01,2026-09-25,district,HAR. CHD & DELHI,HARYANA,KURUKSHETRA,0.0,0.6,-100.0,NR,358.5,411.6,-13.0,N,2026-09-25 11:20:48.503973
2026-09-25,2026-06-01,2026-09-25,district,HAR. CHD & DELHI,HARYANA,MAHENDRAGARH,0.0,1.3,-100.0,NR,301.0,393.6,-24.0,D,2026-09-25 11:20:48.503973
2026-09-25,2026-06-01,2026-09-25,district,HAR. CHD & DELHI,HARYANA,NUH,0.0,1.0,-100.0,NR,459.6,475.6,-3.0,N,2026-09-25 11:20:48.503973
2026-09-25,2026-06-01,2026-09-25,district,HAR. CHD & DELHI,HARYANA,PALWAL,0.0,1.4,-100.0,NR,476.6,397.6,20.0,E,2026-09-25 11:20:48.503973
2026-09-25,2026-06-01,2026-09-25,district,HAR. CHD & DELHI,HARYANA,PANCHKULA,0.0,4.5,-100.0,NR,669.9,854.1,-22.0,D,2026-09-25 11:20:48.503973
2026-09-25,2026-06-01,2026-09-25,district,HAR. CHD & DELHI,HARYANA,PANIPAT,0.0,2.5,-100.0,NR,316.6,453.1,-30.0,D,2026-09-25 11:20:48.503973
2026-09-25,2026-06-01,2026-09-25,district,HAR. CHD & DELHI,HARYANA,REWARI,0.0,1.5,-100.0,NR,373.6,430.0,-13.0,N,2026-09-25 11:20:48.503973
2026-09-25,2026-06-01,2026-09-25,district,HAR. CHD & DELHI,HARYANA,ROHTAK,0.0,1.3,-100.0,NR,240.8,464.9,-48.0,D,2026-09-25 11:20:48.503973
2026-09-25,2026-06-01,2026-09-25,district,HAR. CHD & DELHI,HARYANA,SIRSA,0.0,0.2,-100.0,NR,96.0,208.0,-54.0,D,2026-09-25 11:20:48.503973
2026-09-25,2026-06-01,2026-09-25,district,HAR. CHD & DELHI,HARYANA,SONEPAT,0.0,3.5,-100.0,NR,315.9,478.1,-34.0,D,2026-09-25 11:20:48.503973
2026-09-25,2026-06-01,2026-09-25,district,HAR. CHD & DELHI,HARYANA,YAMUNA NAGAR,0.3,4.5,-94.0,LD,740.4,889.1,-17.0,N,2026-09-25 11:20:48.503973
2026-09-25,2026-06-01,2026-09-25,district,HIMACHAL PRADESH,HIMACHAL PRADESH,BILASPUR,0.0,3.0,-100.0,NR,885.0,813.4,9.0,N,2026-09-25 11:20:48.503973
2026-09-25,2026-06-01,2026-09-25,district,HIMACHAL PRADESH,HIMACHAL PRADESH,CHAMBA,0.0,3.5,-100.0,NR,703.5,843.8,-17.0,N,2026-09-25 11:20:48.503973
2026-09-25,2026-06-01,2026-09-25,district,HIMACHAL PRADESH,HIMACHAL PRADESH,HAMIRPUR,0.0,4.1,-100.0,NR,637.5,964.4,-34.0,D,2026-09-25 11:20:48.503973
2026-09-25,2026-06-01,2026-09-25,district,HIMACHAL PRADESH,HIMACHAL PRADESH,KANGRA,0.4,5.4,-94.0,LD,1497.8,1610.3,-7.0,N,2026-09-25 11:20:48.503973
2026-09-25,2026-06-01,2026-09-25,district,HIMACHAL PRADESH,HIMACHAL PRADESH,KINNAUR,0.0,4.0,-100.0,NR,252.1,244.1,3.0,N,2026-09-25 11:20:48.503973
2026-09-25,2026-06-01,2026-09-25,district,HIMACHAL PRADESH,HIMACHAL PRADESH,KULLU,0.0,4.6,-100.0,NR,539.3,542.4,-1.0,N,2026-09-25 11:20:48.503973
2026-09-25,2026-06-01,2026-09-25,district,HIMACHAL PRADESH,HIMACHAL PRADESH,LAHAUL & SPITI,0.0,4.0,-100.0,NR,112.6,376.5,-70.0,LD,2026-09-25 11:20:48.503973
2026-09-25,2026-06-01,2026-09-25,district,HIMACHAL PRADESH,HIMACHAL PRADESH,MANDI,0.0,3.2,-100.0,NR,1016.0,1090.5,-7.0,N,2026-09-25 11:20:48.503973
2026-09-25,2026-06-01,2026-09-25,district,HIMACHAL PRADESH,HIMACHAL PRADESH,SHIMLA,0.0,4.2,-100.0,NR,767.0,622.5,23.0,E,2026-09-25 11:20:48.503973
2026-09-25,2026-06-01,2026-09-25,district,HIMACHAL PRADESH,HIMACHAL PRADESH,SIRMAUR,0.3,6.2,-96.0,LD,1274.8,1177.0,8.0,N,2026-09-25 11:20:48.503973
2026-09-25,2026-06-01,2026-09-25,district,HIMACHAL PRADESH,HIMACHAL PRADESH,SOLAN,0.0,4.8,-100.0,NR,824.5,867.0,-5.0,N,2026-09-25 11:20:48.503973
2026-09-25,2026-06-01,2026-09-25,district,HIMACHAL PRADESH,HIMACHAL PRADESH,UNA,0.0,4.1,-100.0,NR,787.0,945.0,-17.0,N,2026-09-25 11:20:48.503973
2026-09-25,2026-06-01,2026-09-25,district,J & K AND LADAKH,JAMMU & KASHMIR(UT),ANANTNAG,0.0,1.5,-100.0,NR,323.3,316.8,2.0,N,2026-09-25 11:20:48.503973
2026-09-25,2026-06-01,2026-09-25,district,J & K AND LADAKH,JAMMU & KASHMIR(UT),BADGAM,0.0,1.1,-100.0,NR,144.2,215.9,-33.0,D,2026-09-25 11:20:48.503973
2026-09-25,2026-06-01,2026-09-25,district,J & K AND LADAKH,JAMMU & KASHMIR(UT),BANDIPORA,0.4,0.4,-6.0,N,208.8,207.4,1.0,N,2026-09-25 11:20:48.503973
2026-09-25,2026-06-01,2026-09-25,district,J & K AND LADAKH,JAMMU & KASHMIR(UT),BARAMULA,0.3,1.7,-85.0,LD,315.8,213.2,48.0,E,2026-09-25 11:20:48.503973
2026-09-25,2026-06-01,2026-09-25,district,J & K AND LADAKH,JAMMU & KASHMIR(UT),DODA,0.0,5.1,-100.0,NR,379.6,423.6,-10.0,N,2026-09-25 11:20:48.503973
2026-09-25,2026-06-01,2026-09-25,district,J & K AND LADAKH,JAMMU & KASHMIR(UT),GANDERBAL,0.0,0.0,-100.0,NR,344.5,271.1,27.0,E,2026-09-25 11:20:48.503973
2026-09-25,2026-06-01,2026-09-25,district,J & K AND LADAKH,JAMMU & KASHMIR(UT),JAMMU,5.2,5.7,-8.0,N,800.3,929.3,-14.0,N,2026-09-25 11:20:48.503973
2026-09-25,2026-06-01,2026-09-25,district,J & K AND LADAKH,JAMMU & KASHMIR(UT),KATHUA,0.0,13.1,-100.0,NR,1152.8,1246.0,-7.0,N,2026-09-25 11:20:48.503973
2026-09-25,2026-06-01,2026-09-25,district,J & K AND LADAKH,JAMMU & KASHMIR(UT),KISTWAR,0.0,5.1,-100.0,NR,195.3,423.6,-54.0,D,2026-09-25 11:20:48.503973
2026-09-25,2026-06-01,2026-09-25,district,J & K AND LADAKH,JAMMU & KASHMIR(UT),KULGAM,0.0,4.6,-100.0,NR,292.1,330.5,-12.0,N,2026-09-25 11:20:48.503973
2026-09-25,2026-06-01,2026-09-25,district,J & K AND LADAKH,JAMMU & KASHMIR(UT),KUPWARA,0.1,1.9,-96.0,LD,224.3,246.8,-9.0,N,2026-09-25 11:20:48.503973
2026-09-25,2026-06-01,2026-09-25,district,J & K AND LADAKH,JAMMU & KASHMIR(UT),POONCH,11.3,1.3,765.0,LE,856.5,679.9,26.0,E,2026-09-25 11:20:48.503973
2026-09-25,2026-06-01,2026-09-25,district,J & K AND LADAKH,JAMMU & KASHMIR(UT),PULWAMA,0.0,0.7,-100.0,NR,266.0,191.1,39.0,E,2026-09-25 11:20:48.503973
2026-09-25,2026-06-01,2026-09-25,district,J & K AND LADAKH,JAMMU & KASHMIR(UT),RAJOURI,0.0,7.0,-100.0,NR,700.8,713.7,-2.0,N,2026-09-25 11:20:48.503973
2026-09-25,2026-06-01,2026-09-25,district,J & K AND LADAKH,JAMMU & KASHMIR(UT),RAMBAN,0.0,3.5,-100.0,NR,473.1,416.4,14.0,N,2026-09-25 11:20:48.503973
2026-09-25,2026-06-01,2026-09-25,district,J & K AND LADAKH,JAMMU & KASHMIR(UT),REASI,0.0,11.2,-100.0,NR,1337.5,1545.4,-13.0,N,2026-09-25 11:20:48.503973
2026-09-25,2026-06-01,2026-09-25,district,J & K AND LADAKH,JAMMU & KASHMIR(UT),SHOPIAN,0.0,1.2,-100.0,NR,138.2,279.3,-51.0,D,2026-09-25 11:20:48.503973
2026-09-25,2026-06-01,2026-09-25,district,J & K AND LADAKH,JAMMU & KASHMIR(UT),SRINAGAR,0.0,1.8,-100.0,NR,247.2,235.3,5.0,N,2026-09-25 11:20:48.503973
2026-09-25,2026-06-01,2026-09-25,district,J & K AND LADAKH,JAMMU & KASHMIR(UT),UDHAMPUR,0.0,11.1,-100.0,NR,1553.5,999.3,55.0,E,2026-09-25 11:20:48.503973
2026-09-25,2026-06-01,2026-09-25,district,J & K AND LADAKH,LADAKH (UT),KARGIL,0.0,0.0,-100.0,NR,21.6,10.1,96.0,LE,2026-09-25 11:20:48.503973
2026-09-25,2026-06-01,2026-09-25,district,J & K AND LADAKH,LADAKH (UT),LADAKH (LEH),0.0,0.0,-100.0,NR,58.1,25.7,122.0,LE,2026-09-25 11:20:48.503973
2026-09-25,2026-06-01,2026-09-25,district,JHARKHAND,JHARKHAND,BOKARO,24.3,4.8,406.0,LE,853.2,876.7,-3.0,N,2026-09-25 11:20:48.503973
2026-09-25,2026-06-01,2026-09-25,district,JHARKHAND,JHARKHAND,CHATRA,14.5,6.6,119.0,LE,688.4,915.3,-25.0,D,2026-09-25 11:20:48.503973
2026-09-25,2026-06-01,2026-09-25,district,JHARKHAND,JHARKHAND,DEOGHAR,14.5,10.3,41.0,E,667.8,952.1,-30.0,D,2026-09-25 11:20:48.503973
2026-09-25,2026-06-01,2026-09-25,district,JHARKHAND,JHARKHAND,DHANBAD,29.1,8.5,242.0,LE,1042.7,1033.6,1.0,N,2026-09-25 11:20:48.503973
2026-09-25,2026-06-01,2026-09-25,district,JHARKHAND,JHARKHAND,DUMKA,15.8,15.4,3.0,N,1028.1,1016.5,1.0,N,2026-09-25 11:20:48.503973
2026-09-25,2026-06-01,2026-09-25,district,JHARKHAND,JHARKHAND,EAST SINGHBHUM,41.4,6.8,509.0,LE,1142.6,1064.7,7.0,N,2026-09-25 11:20:48.503973
2026-09-25,2026-06-01,2026-09-25,district,JHARKHAND,JHARKHAND,GARHWA,14.4,5.2,176.0,LE,635.9,890.1,-29.0,D,2026-09-25 11:20:48.503973
2026-09-25,2026-06-01,2026-09-25,district,JHARKHAND,JHARKHAND,GIRIDIH,16.9,6.4,164.0,LE,748.2,932.2,-20.0,D,2026-09-25 11:20:48.503973
2026-09-25,2026-06-01,2026-09-25,district,JHARKHAND,JHARKHAND,GODDA,38.4,9.9,288.0,LE,729.0,870.3,-16.0,N,2026-09-25 11:20:48.503973
2026-09-25,2026-06-01,2026-09-25,district,JHARKHAND,JHARKHAND,GUMLA,24.7,6.2,298.0,LE,730.4,1035.2,-29.0,D,2026-09-25 11:20:48.503973
2026-09-25,2026-06-01,2026-09-25,district,JHARKHAND,JHARKHAND,HAZARIBAG,24.7,6.9,257.0,LE,815.9,1019.9,-20.0,D,2026-09-25 11:20:48.503973
2026-09-25,2026-06-01,2026-09-25,district,JHARKHAND,JHARKHAND,JAMTARA,16.9,13.1,29.0,E,1005.6,1025.4,-2.0,N,2026-09-25 11:20:48.503973
2026-09-25,2026-06-01,2026-09-25,district,JHARKHAND,JHARKHAND,KHUNTI,47.7,5.8,722.0,LE,1060.2,1085.8,-2.0,N,2026-09-25 11:20:48.503973
2026-09-25,2026-06-01,2026-09-25,district,JHARKHAND,JHARKHAND,KODERMA,21.3,8.7,145.0,LE,662.1,858.9,-23.0,D,2026-09-25 11:20:48.503973
2026-09-25,2026-06-01,2026-09-25,district,JHARKHAND,JHARKHAND,LATEHAR,13.8,5.1,170.0,LE,1189.6,997.8,19.0,N,2026-09-25 11:20:48.503973
2026-09-25,2026-06-01,2026-09-25,district,JHARKHAND,JHARKHAND,LOHARDAGA,26.4,5.4,389.0,LE,961.7,959.4,0.0,N,2026-09-25 11:20:48.503973
2026-09-25,2026-06-01,2026-09-25,district,JHARKHAND,JHARKHAND,PAKUR,12.4,18.3,-32.0,D,538.3,1165.6,-54.0,D,2026-09-25 11:20:48.503973
2026-09-25,2026-06-01,2026-09-25,district,JHARKHAND,JHARKHAND,PALAMU,18.1,4.5,303.0,LE,726.8,828.3,-12.0,N,2026-09-25 11:20:48.503973
2026-09-25,2026-06-01,2026-09-25,district,JHARKHAND,JHARKHAND,RAMGARH,51.6,5.0,932.0,LE,992.4,999.1,-1.0,N,2026-09-25 11:20:48.503973
2026-09-25,2026-06-01,2026-09-25,district,JHARKHAND,JHARKHAND,RANCHI,30.7,5.1,502.0,LE,1084.4,1008.3,8.0,N,2026-09-25 11:20:48.503973
2026-09-25,2026-06-01,2026-09-25,district,JHARKHAND,JHARKHAND,SERAIKELA-KHARSAWAN,45.7,3.9,1071.0,LE,1245.7,981.8,27.0,E,2026-09-25 11:20:48.503973
2026-09-25,2026-06-01,2026-09-25,district,JHARKHAND,JHARKHAND,SIMDEGA,25.9,7.0,270.0,LE,1222.8,1265.9,-3.0,N,2026-09-25 11:20:48.503973
2026-09-25,2026-06-01,2026-09-25,district,JHARKHAND,JHARKHAND,WEST SINGHBHUM,48.0,5.7,743.0,LE,1355.4,979.7,38.0,E,2026-09-25 11:20:48.503973
2026-09-25,2026-06-01,2026-09-25,district,KERALA & MAHE,KERALA,ALAPUZHA,2.8,8.7,-68.0,LD,1093.1,1602.8,-32.0,D,2026-09-25 11:20:48.503973
2026-09-25,2026-06-01,2026-09-25,district,KERALA & MAHE,KERALA,ERNAKULAM,4.2,11.5,-63.0,LD,1522.9,2063.8,-26.0,D,2026-09-25 11:20:48.503973
2026-09-25,2026-06-01,2026-09-25,district,KERALA & MAHE,KERALA,IDUKKI,5.0,12.5,-60.0,LD,1375.7,2518.1,-45.0,D,2026-09-25 11:20:48.503973
2026-09-25,2026-06-01,2026-09-25,district,KERALA & MAHE,KERALA,KANNUR,44.5,8.8,405.0,LE,2291.1,2586.6,-11.0,N,2026-09-25 11:20:48.503973
2026-09-25,2026-06-01,2026-09-25,district,KERALA & MAHE,KERALA,KASARGOD,72.4,4.7,1440.0,LE,2374.5,2805.4,-15.0,N,2026-09-25 11:20:48.503973
2026-09-25,2026-06-01,2026-09-25,district,KERALA & MAHE,KERALA,KOLLAM,1.9,11.6,-84.0,LD,779.4,1222.2,-36.0,D,2026-09-25 11:20:48.503973
2026-09-25,2026-06-01,2026-09-25,district,KERALA & MAHE,KERALA,KOTTAYAM,8.6,9.7,-11.0,N,1588.8,1859.0,-15.0,N,2026-09-25 11:20:48.503973
2026-09-25,2026-06-01,2026-09-25,district,KERALA & MAHE,KERALA,KOZHIKODE,27.4,12.0,128.0,LE,2089.0,2519.9,-17.0,N,2026-09-25 11:20:48.503973
2026-09-25,2026-06-01,2026-09-25,district,KERALA & MAHE,KERALA,MALAPPURAM,5.4,10.7,-49.0,D,1409.8,1917.5,-26.0,D,2026-09-25 11:20:48.503973
2026-09-25,2026-06-01,2026-09-25,district,KERALA & MAHE,KERALA,PALAKKAD,5.2,7.3,-29.0,D,1091.1,1522.3,-28.0,D,2026-09-25 11:20:48.503973
2026-09-25,2026-06-01,2026-09-25,district,KERALA & MAHE,KERALA,PATHANAMTHITTA,3.9,13.3,-71.0,LD,1399.9,1526.5,-8.0,N,2026-09-25 11:20:48.503973
2026-09-25,2026-06-01,2026-09-25,district,KERALA & MAHE,KERALA,THIRUVANANTHAPURAM,0.1,7.8,-98.0,LD,717.2,816.2,-12.0,N,2026-09-25 11:20:48.503973
2026-09-25,2026-06-01,2026-09-25,district,KERALA & MAHE,KERALA,THRISSUR,2.2,11.7,-81.0,LD,1488.4,2087.8,-29.0,D,2026-09-25 11:20:48.503973
2026-09-25,2026-06-01,2026-09-25,district,KERALA & MAHE,KERALA,WYNAD,25.4,4.5,465.0,LE,1136.1,2430.5,-53.0,D,2026-09-25 11:20:48.503973
2026-09-25,2026-06-01,2026-09-25,district,KONKAN & GOA,GOA,NORTH GOA,14.6,9.0,62.0,LE,1856.5,3039.0,-39.0,D,2026-09-25 11:20:48.503973
2026-09-25,2026-06-01,2026-09-25,district,KONKAN & GOA,GOA,SOUTH GOA,14.5,7.5,94.0,LE,2080.3,2893.0,-28.0,D,2026-09-25 11:20:48.503973
2026-09-25,2026-06-01,2026-09-25,district,KONKAN & GOA,MAHARASHTRA,MUMBAI CITY,0.0,10.3,-100.0,NR,1929.3,2046.5,-6.0,N,2026-09-25 11:20:48.503973
2026-09-25,2026-06-01,2026-09-25,district,KONKAN & GOA,MAHARASHTRA,MUMBAI SUBURBAN,0.0,10.3,-100.0,NR,2527.5,2274.9,11.0,N,2026-09-25 11:20:48.503973
2026-09-25,2026-06-01,2026-09-25,district,KONKAN & GOA,MAHARASHTRA,PALGHAR,0.0,9.5,-100.0,NR,2670.2,2224.1,20.0,E,2026-09-25 11:20:48.503973
2026-09-25,2026-06-01,2026-09-25,district,KONKAN & GOA,MAHARASHTRA,RAIGAD,2.2,11.4,-81.0,LD,2939.8,3073.9,-4.0,N,2026-09-25 11:20:48.503973
2026-09-25,2026-06-01,2026-09-25,district,KONKAN & GOA,MAHARASHTRA,RATNAGIRI,3.4,12.3,-72.0,LD,2614.7,3138.6,-17.0,N,2026-09-25 11:20:48.503973
2026-09-25,2026-06-01,2026-09-25,district,KONKAN & GOA,MAHARASHTRA,SINDHUDURG,14.4,10.6,36.0,E,1864.2,2902.7,-36.0,D,2026-09-25 11:20:48.503973
2026-09-25,2026-06-01,2026-09-25,district,KONKAN & GOA,MAHARASHTRA,THANE,0.0,8.8,-100.0,NR,2179.2,2391.9,-9.0,N,2026-09-25 11:20:48.503973
2026-09-25,2026-06-01,2026-09-25,district,LAKSHADWEEP,LAKSHADWEEP,LAKSHADWEEP,0.0,5.9,-100.0,NR,718.7,1004.4,-28.0,D,2026-09-25 11:20:48.503973
2026-09-25,2026-06-01,2026-09-25,district,MADHYA MAHARASHTRA,MAHARASHTRA,AHMEDNAGAR,0.3,5.5,-94.0,LD,241.9,431.2,-44.0,D,2026-09-25 11:20:48.503973
2026-09-25,2026-06-01,2026-09-25,district,MADHYA MAHARASHTRA,MAHARASHTRA,DHULE,0.0,3.8,-100.0,NR,442.8,524.2,-16.0,N,2026-09-25 11:20:48.503973
2026-09-25,2026-06-01,2026-09-25,district,MADHYA MAHARASHTRA,MAHARASHTRA,JALGAON,0.2,3.9,-95.0,LD,554.6,611.1,-9.0,N,2026-09-25 11:20:48.503973
2026-09-25,2026-06-01,2026-09-25,district,MADHYA MAHARASHTRA,MAHARASHTRA,KOLHAPUR,1.5,7.0,-78.0,LD,1448.2,1678.1,-14.0,N,2026-09-25 11:20:48.503973
2026-09-25,2026-06-01,2026-09-25,district,MADHYA MAHARASHTRA,MAHARASHTRA,NANDURBAR,0.0,5.3,-100.0,NR,514.6,821.0,-37.0,D,2026-09-25 11:20:48.503973
2026-09-25,2026-06-01,2026-09-25,district,MADHYA MAHARASHTRA,MAHARASHTRA,NASHIK,0.0,5.9,-100.0,NR,1188.3,866.8,37.0,E,2026-09-25 11:20:48.503973
2026-09-25,2026-06-01,2026-09-25,district,MADHYA MAHARASHTRA,MAHARASHTRA,PUNE,1.4,7.5,-81.0,LD,1070.3,913.3,17.0,N,2026-09-25 11:20:48.503973
2026-09-25,2026-06-01,2026-09-25,district,MADHYA MAHARASHTRA,MAHARASHTRA,SANGLI,0.2,4.0,-96.0,LD,343.3,456.8,-25.0,D,2026-09-25 11:20:48.503973
2026-09-25,2026-06-01,2026-09-25,district,MADHYA MAHARASHTRA,MAHARASHTRA,SATARA,0.2,6.3,-97.0,LD,964.4,812.7,19.0,N,2026-09-25 11:20:48.503973
2026-09-25,2026-06-01,2026-09-25,district,MADHYA MAHARASHTRA,MAHARASHTRA,SHOLAPUR,0.0,7.2,-100.0,NR,184.8,426.2,-57.0,D,2026-09-25 11:20:48.503973
2026-09-25,2026-06-01,2026-09-25,district,MARATHWADA,MAHARASHTRA,BEED,0.0,6.6,-100.0,NR,273.6,534.8,-49.0,D,2026-09-25 11:20:48.503973
2026-09-25,2026-06-01,2026-09-25,district,MARATHWADA,MAHARASHTRA,CHHATRAPATI SAMBHAJINAGAR,0.9,5.7,-84.0,LD,454.5,542.4,-16.0,N,2026-09-25 11:20:48.503973
2026-09-25,2026-06-01,2026-09-25,district,MARATHWADA,MAHARASHTRA,DHARASHIV,0.0,8.0,-100.0,NR,308.3,556.3,-45.0,D,2026-09-25 11:20:48.503973
2026-09-25,2026-06-01,2026-09-25,district,MARATHWADA,MAHARASHTRA,HINGOLI,0.0,5.8,-100.0,NR,384.0,743.1,-48.0,D,2026-09-25 11:20:48.503973
2026-09-25,2026-06-01,2026-09-25,district,MARATHWADA,MAHARASHTRA,JALNA,0.1,7.1,-99.0,LD,310.1,576.2,-46.0,D,2026-09-25 11:20:48.503973
2026-09-25,2026-06-01,2026-09-25,district,MARATHWADA,MAHARASHTRA,LATUR,0.0,6.2,-100.0,NR,408.0,646.7,-37.0,D,2026-09-25 11:20:48.503973
2026-09-25,2026-06-01,2026-09-25,district,MARATHWADA,MAHARASHTRA,NANDED,0.1,4.9,-97.0,LD,511.3,763.2,-33.0,D,2026-09-25 11:20:48.503973
2026-09-25,2026-06-01,2026-09-25,district,MARATHWADA,MAHARASHTRA,PARBHANI,0.0,5.7,-100.0,NR,424.7,688.5,-38.0,D,2026-09-25 11:20:48.503973
2026-09-25,2026-06-01,2026-09-25,district,N. I. KARNATAKA,KARNATAKA,BAGALKOTE,3.4,5.1,-33.0,D,269.5,319.7,-16.0,N,2026-09-25 11:20:48.503973
2026-09-25,2026-06-01,2026-09-25,district,N. I. KARNATAKA,KARNATAKA,BELAGAVI,0.3,4.4,-94.0,LD,569.0,545.8,4.0,N,2026-09-25 11:20:48.503973
2026-09-25,2026-06-01,2026-09-25,district,N. I. KARNATAKA,KARNATAKA,BIDAR,0.5,5.0,-91.0,LD,487.8,623.1,-22.0,D,2026-09-25 11:20:48.503973
2026-09-25,2026-06-01,2026-09-25,district,N. I. KARNATAKA,KARNATAKA,DHARWAD,2.1,5.2,-59.0,D,254.6,493.1,-48.0,D,2026-09-25 11:20:48.503973
2026-09-25,2026-06-01,2026-09-25,district,N. I. KARNATAKA,KARNATAKA,GADAG,3.2,3.9,-18.0,N,261.0,327.4,-20.0,D,2026-09-25 11:20:48.503973
2026-09-25,2026-06-01,2026-09-25,district,N. I. KARNATAKA,KARNATAKA,HAVERI,7.6,3.2,138.0,LE,281.9,468.0,-40.0,D,2026-09-25 11:20:48.503973
2026-09-25,2026-06-01,2026-09-25,district,N. I. KARNATAKA,KARNATAKA,KALABURAGI,0.2,4.5,-95.0,LD,260.2,546.6,-52.0,D,2026-09-25 11:20:48.503973
2026-09-25,2026-06-01,2026-09-25,district,N. I. KARNATAKA,KARNATAKA,KOPPAL,0.1,3.4,-97.0,LD,239.1,352.0,-32.0,D,2026-09-25 11:20:48.503973
2026-09-25,2026-06-01,2026-09-25,district,N. I. KARNATAKA,KARNATAKA,RAICHUR,0.6,3.6,-84.0,LD,246.1,392.4,-37.0,D,2026-09-25 11:20:48.503973
2026-09-25,2026-06-01,2026-09-25,district,N. I. KARNATAKA,KARNATAKA,VIJAYAPURA,0.1,3.9,-98.0,LD,225.2,358.8,-37.0,D,2026-09-25 11:20:48.503973
2026-09-25,2026-06-01,2026-09-25,district,N. I. KARNATAKA,KARNATAKA,YADGIR,1.7,4.8,-65.0,LD,358.5,488.8,-27.0,D,2026-09-25 11:20:48.503973
2026-09-25,2026-06-01,2026-09-25,district,NMMT,MANIPUR,BISHNUPUR,0.0,5.4,-100.0,NR,423.3,1122.4,-62.0,LD,2026-09-25 11:20:48.503973
2026-09-25,2026-06-01,2026-09-25,district,NMMT,MANIPUR,CHANDEL,0.0,5.4,-100.0,NR,521.3,1122.4,-54.0,D,2026-09-25 11:20:48.503973
2026-09-25,2026-06-01,2026-09-25,district,NMMT,MANIPUR,CHURACHANDPUR,0.0,5.4,-100.0,NR,232.0,1122.4,-79.0,LD,2026-09-25 11:20:48.503973
2026-09-25,2026-06-01,2026-09-25,district,NMMT,MANIPUR,IMPHAL EAST,0.0,5.5,-100.0,NR,470.5,709.5,-34.0,D,2026-09-25 11:20:48.503973
2026-09-25,2026-06-01,2026-09-25,district,NMMT,MANIPUR,IMPHAL WEST,0.0,9.8,-100.0,NR,721.9,1682.0,-57.0,D,2026-09-25 11:20:48.503973
2026-09-25,2026-06-01,2026-09-25,district,NMMT,MANIPUR,SENAPATI,0.0,7.0,-100.0,NR,626.9,741.4,-15.0,N,2026-09-25 11:20:48.503973
2026-09-25,2026-06-01,2026-09-25,district,NMMT,MANIPUR,TAMENGLONG,0.0,18.0,-100.0,NR,1551.8,3967.1,-61.0,LD,2026-09-25 11:20:48.503973
2026-09-25,2026-06-01,2026-09-25,district,NMMT,MANIPUR,THOUBAL,0.0,5.5,-100.0,NR,331.3,709.5,-53.0,D,2026-09-25 11:20:48.503973
2026-09-25,2026-06-01,2026-09-25,district,NMMT,MANIPUR,UKHRUL,0.0,4.2,-100.0,NR,926.2,995.3,-7.0,N,2026-09-25 11:20:48.503973
2026-09-25,2026-06-01,2026-09-25,district,NMMT,MIZORAM,AIZAWL,24.4,9.4,159.0,LE,1368.7,1561.8,-12.0,N,2026-09-25 11:20:48.503973
2026-09-25,2026-06-01,2026-09-25,district,NMMT,MIZORAM,CHAMPHAI,0.6,12.8,-95.0,LD,946.4,1307.2,-28.0,D,2026-09-25 11:20:48.503973
2026-09-25,2026-06-01,2026-09-25,district,NMMT,MIZORAM,KOLASIB,14.6,12.2,20.0,E,1684.8,1691.4,0.0,N,2026-09-25 11:20:48.503973
2026-09-25,2026-06-01,2026-09-25,district,NMMT,MIZORAM,LAWNGTLAI,4.0,10.7,-63.0,LD,1382.4,1642.3,-16.0,N,2026-09-25 11:20:48.503973
2026-09-25,2026-06-01,2026-09-25,district,NMMT,MIZORAM,LUNGLEI,5.6,11.1,-50.0,D,1305.6,1714.2,-24.0,D,2026-09-25 11:20:48.503973
2026-09-25,2026-06-01,2026-09-25,district,NMMT,MIZORAM,MAMIT,15.0,6.7,123.0,LE,1097.8,1549.3,-29.0,D,2026-09-25 11:20:48.503973
2026-09-25,2026-06-01,2026-09-25,district,NMMT,MIZORAM,SAIHA,13.2,10.6,25.0,E,1483.6,1691.0,-12.0,N,2026-09-25 11:20:48.503973
2026-09-25,2026-06-01,2026-09-25,district,NMMT,MIZORAM,SERCHHIP,22.3,9.6,133.0,LE,1448.1,1447.5,0.0,N,2026-09-25 11:20:48.503973
2026-09-25,2026-06-01,2026-09-25,district,NMMT,NAGALAND,DIMAPUR,0.1,3.7,-97.0,LD,775.2,804.0,-4.0,N,2026-09-25 11:20:48.503973
2026-09-25,2026-06-01,2026-09-25,district,NMMT,NAGALAND,KIPHIRE,0.0,5.3,-100.0,NR,752.4,592.9,27.0,E,2026-09-25 11:20:48.503973
2026-09-25,2026-06-01,2026-09-25,district,NMMT,NAGALAND,KOHIMA,7.2,7.0,3.0,N,1051.3,1202.8,-13.0,N,2026-09-25 11:20:48.503973
2026-09-25,2026-06-01,2026-09-25,district,NMMT,NAGALAND,MOKOKCHUNG,12.5,8.6,45.0,E,1655.2,1355.6,22.0,E,2026-09-25 11:20:48.503973
2026-09-25,2026-06-01,2026-09-25,district,NMMT,NAGALAND,MON,0.5,6.6,-92.0,LD,900.8,1025.2,-12.0,N,2026-09-25 11:20:48.503973
2026-09-25,2026-06-01,2026-09-25,district,NMMT,NAGALAND,PEREN,0.1,5.7,-98.0,LD,919.1,913.6,1.0,N,2026-09-25 11:20:48.503973
2026-09-25,2026-06-01,2026-09-25,district,NMMT,NAGALAND,PHEK,1.1,5.3,-79.0,LD,758.0,814.8,-7.0,N,2026-09-25 11:20:48.503973
2026-09-25,2026-06-01,2026-09-25,district,NMMT,NAGALAND,WOKHA,0.6,5.2,-89.0,LD,1268.6,1210.9,5.0,N,2026-09-25 11:20:48.503973
2026-09-25,2026-06-01,2026-09-25,district,NMMT,NAGALAND,ZUNHEBOTO,0.0,9.1,-100.0,NR,1568.4,1050.9,49.0,E,2026-09-25 11:20:48.503973
2026-09-25,2026-06-01,2026-09-25,district,NMMT,TRIPURA,DHALAI,0.6,8.9,-93.0,LD,1152.6,1301.8,-11.0,N,2026-09-25 11:20:48.503973
2026-09-25,2026-06-01,2026-09-25,district,NMMT,TRIPURA,GOMATI,0.9,5.9,-84.0,LD,1076.5,1375.1,-22.0,D,2026-09-25 11:20:48.503973
2026-09-25,2026-06-01,2026-09-25,district,NMMT,TRIPURA,KHOWAI,0.6,10.1,-94.0,LD,1249.6,1259.5,-1.0,N,2026-09-25 11:20:48.503973
2026-09-25,2026-06-01,2026-09-25,district,NMMT,TRIPURA,NORTH TRIPURA,4.3,7.7,-44.0,D,1122.7,1380.5,-19.0,N,2026-09-25 11:20:48.503973
2026-09-25,2026-06-01,2026-09-25,district,NMMT,TRIPURA,SIPAHIJALA,2.2,7.0,-69.0,LD,1085.9,1289.9,-16.0,N,2026-09-25 11:20:48.503973
2026-09-25,2026-06-01,2026-09-25,district,NMMT,TRIPURA,SOUTH TRIPURA,1.8,5.0,-64.0,LD,1149.1,1620.4,-29.0,D,2026-09-25 11:20:48.503973
2026-09-25,2026-06-01,2026-09-25,district,NMMT,TRIPURA,UNAKOTI,3.9,8.2,-53.0,D,1307.6,1387.2,-6.0,N,2026-09-25 11:20:48.503973
2026-09-25,2026-06-01,2026-09-25,district,NMMT,TRIPURA,WEST TRIPURA,2.0,9.5,-79.0,LD,1255.0,1160.0,8.0,N,2026-09-25 11:20:48.503973
2026-09-25,2026-06-01,2026-09-25,district,ODISHA,ODISHA,ANGUL,29.5,5.1,479.0,LE,1351.6,1102.4,23.0,E,2026-09-25 11:20:48.503973
2026-09-25,2026-06-01,2026-09-25,district,ODISHA,ODISHA,BALANGIR,19.5,3.4,474.0,LE,1371.9,1079.1,27.0,E,2026-09-25 11:20:48.503973
2026-09-25,2026-06-01,2026-09-25,district,ODISHA,ODISHA,BALASORE,56.8,10.3,451.0,LE,1859.0,1191.3,56.0,E,2026-09-25 11:20:48.503973
2026-09-25,2026-06-01,2026-09-25,district,ODISHA,ODISHA,BARGARH,25.1,2.7,829.0,LE,1681.6,1179.6,43.0,E,2026-09-25 11:20:48.503973
2026-09-25,2026-06-01,2026-09-25,district,ODISHA,ODISHA,BHADRAK,96.9,7.3,1227.0,LE,1468.0,1062.3,38.0,E,2026-09-25 11:20:48.503973
2026-09-25,2026-06-01,2026-09-25,district,ODISHA,ODISHA,BOUDH,27.3,3.9,599.0,LE,1755.0,1019.1,72.0,LE,2026-09-25 11:20:48.503973
2026-09-25,2026-06-01,2026-09-25,district,ODISHA,ODISHA,CUTTACK,54.1,8.6,529.0,LE,1532.4,1122.6,37.0,E,2026-09-25 11:20:48.503973
2026-09-25,2026-06-01,2026-09-25,district,ODISHA,ODISHA,DEOGARH,15.1,4.6,228.0,LE,1567.6,1155.6,36.0,E,2026-09-25 11:20:48.503973
2026-09-25,2026-06-01,2026-09-25,district,ODISHA,ODISHA,DHENKANAL,46.5,6.4,627.0,LE,1573.7,1071.3,47.0,E,2026-09-25 11:20:48.503973
2026-09-25,2026-06-01,2026-09-25,district,ODISHA,ODISHA,GAJAPATI,25.1,6.2,305.0,LE,879.3,873.5,1.0,N,2026-09-25 11:20:48.503973
2026-09-25,2026-06-01,2026-09-25,district,ODISHA,ODISHA,GANJAM,61.5,5.8,960.0,LE,907.4,849.8,7.0,N,2026-09-25 11:20:48.503973
2026-09-25,2026-06-01,2026-09-25,district,ODISHA,ODISHA,JAGATSINGHPUR,62.6,8.5,637.0,LE,1373.3,1029.2,33.0,E,2026-09-25 11:20:48.503973
2026-09-25,2026-06-01,2026-09-25,district,ODISHA,ODISHA,JAJPUR,101.7,8.8,1056.0,LE,1496.4,1212.0,23.0,E,2026-09-25 11:20:48.503973
2026-09-25,2026-06-01,2026-09-25,district,ODISHA,ODISHA,JHARSUGUDA,8.4,5.6,50.0,E,1202.0,1170.0,3.0,N,2026-09-25 11:20:48.503973
2026-09-25,2026-06-01,2026-09-25,district,ODISHA,ODISHA,KALAHANDI,82.8,3.4,2337.0,LE,1317.9,1354.3,-3.0,N,2026-09-25 11:20:48.503973
2026-09-25,2026-06-01,2026-09-25,district,ODISHA,ODISHA,KANDHAMAL,74.2,6.4,1059.0,LE,1469.0,1130.1,30.0,E,2026-09-25 11:20:48.503973
2026-09-25,2026-06-01,2026-09-25,district,ODISHA,ODISHA,KENDRAPARA,101.4,7.6,1234.0,LE,1674.6,1076.6,56.0,E,2026-09-25 11:20:48.503973
2026-09-25,2026-06-01,2026-09-25,district,ODISHA,ODISHA,KEONJHARGARH,79.0,6.0,1217.0,LE,1717.9,1112.2,54.0,E,2026-09-25 11:20:48.503973
2026-09-25,2026-06-01,2026-09-25,district,ODISHA,ODISHA,KHURDA,43.7,8.5,414.0,LE,1381.6,1055.2,31.0,E,2026-09-25 11:20:48.503973
2026-09-25,2026-06-01,2026-09-25,district,ODISHA,ODISHA,KORAPUT,203.7,4.7,4233.0,LE,1541.1,1218.9,26.0,E,2026-09-25 11:20:48.503973
2026-09-25,2026-06-01,2026-09-25,district,ODISHA,ODISHA,MALKANGIRI,146.2,3.2,4470.0,LE,1452.6,1245.5,17.0,N,2026-09-25 11:20:48.503973
2026-09-25,2026-06-01,2026-09-25,district,ODISHA,ODISHA,MAYURBHANJ,70.6,6.4,1003.0,LE,1818.0,1176.9,54.0,E,2026-09-25 11:20:48.503973
2026-09-25,2026-06-01,2026-09-25,district,ODISHA,ODISHA,NAWAPARA,79.2,2.9,2631.0,LE,1293.3,991.7,30.0,E,2026-09-25 11:20:48.503973
2026-09-25,2026-06-01,2026-09-25,district,ODISHA,ODISHA,NAWARANGPUR,231.9,4.2,5421.0,LE,1426.3,1339.4,6.0,N,2026-09-25 11:20:48.503973
2026-09-25,2026-06-01,2026-09-25,district,ODISHA,ODISHA,NAYAGARH,79.5,7.8,919.0,LE,1344.0,1049.8,28.0,E,2026-09-25 11:20:48.503973
2026-09-25,2026-06-01,2026-09-25,district,ODISHA,ODISHA,PURI,37.7,8.7,333.0,LE,1408.9,996.3,41.0,E,2026-09-25 11:20:48.503973
2026-09-25,2026-06-01,2026-09-25,district,ODISHA,ODISHA,RAYAGADA,31.5,4.4,616.0,LE,988.8,949.3,4.0,N,2026-09-25 11:20:48.503973
2026-09-25,2026-06-01,2026-09-25,district,ODISHA,ODISHA,SAMBALPUR,17.6,4.5,292.0,LE,1603.5,1243.5,29.0,E,2026-09-25 11:20:48.503973
2026-09-25,2026-06-01,2026-09-25,district,ODISHA,ODISHA,SONEPUR,21.0,3.9,439.0,LE,1723.2,1178.8,46.0,E,2026-09-25 11:20:48.503973
2026-09-25,2026-06-01,2026-09-25,district,ODISHA,ODISHA,SUNDARGARH,13.9,5.1,173.0,LE,1409.4,1174.6,20.0,E,2026-09-25 11:20:48.503973
2026-09-25,2026-06-01,2026-09-25,district,PUNJAB,PUNJAB,AMRITSAR,6.1,3.4,79.0,LE,370.1,448.7,-18.0,N,2026-09-25 11:20:48.503973
2026-09-25,2026-06-01,2026-09-25,district,PUNJAB,PUNJAB,BARNALA,0.0,3.2,-100.0,NR,132.4,354.7,-63.0,LD,2026-09-25 11:20:48.503973
2026-09-25,2026-06-01,2026-09-25,district,PUNJAB,PUNJAB,BHATINDA,0.0,1.4,-100.0,NR,133.9,290.0,-54.0,D,2026-09-25 11:20:48.503973
2026-09-25,2026-06-01,2026-09-25,district,PUNJAB,PUNJAB,FARIDKOT,0.0,0.0,-100.0,NR,232.7,292.7,-21.0,D,2026-09-25 11:20:48.503973
2026-09-25,2026-06-01,2026-09-25,district,PUNJAB,PUNJAB,FATEHGARH SAHIB,0.0,4.4,-100.0,NR,153.3,473.2,-68.0,LD,2026-09-25 11:20:48.503973
2026-09-25,2026-06-01,2026-09-25,district,PUNJAB,PUNJAB,FAZILKA,0.0,3.1,-100.0,NR,115.8,243.6,-52.0,D,2026-09-25 11:20:48.503973
2026-09-25,2026-06-01,2026-09-25,district,PUNJAB,PUNJAB,FEROZEPUR,0.0,4.2,-100.0,NR,135.6,253.0,-46.0,D,2026-09-25 11:20:48.503973
2026-09-25,2026-06-01,2026-09-25,district,PUNJAB,PUNJAB,GURDASPUR,0.0,2.1,-100.0,NR,751.2,581.9,29.0,E,2026-09-25 11:20:48.503973
2026-09-25,2026-06-01,2026-09-25,district,PUNJAB,PUNJAB,HOSHIARPUR,0.1,5.3,-98.0,LD,273.9,603.2,-55.0,D,2026-09-25 11:20:48.503973
2026-09-25,2026-06-01,2026-09-25,district,PUNJAB,PUNJAB,JALANDHAR,0.0,3.1,-100.0,NR,245.2,519.4,-53.0,D,2026-09-25 11:20:48.503973
2026-09-25,2026-06-01,2026-09-25,district,PUNJAB,PUNJAB,KAPURTHALA,0.0,2.7,-100.0,NR,135.3,461.0,-71.0,LD,2026-09-25 11:20:48.503973
2026-09-25,2026-06-01,2026-09-25,district,PUNJAB,PUNJAB,LUDHIANA,0.0,2.9,-100.0,NR,235.1,454.3,-48.0,D,2026-09-25 11:20:48.503973
2026-09-25,2026-06-01,2026-09-25,district,PUNJAB,PUNJAB,MANSA,0.0,1.4,-100.0,NR,75.3,263.6,-71.0,LD,2026-09-25 11:20:48.503973
2026-09-25,2026-06-01,2026-09-25,district,PUNJAB,PUNJAB,MOGA,0.0,0.1,-100.0,NR,167.3,289.3,-42.0,D,2026-09-25 11:20:48.503973
2026-09-25,2026-06-01,2026-09-25,district,PUNJAB,PUNJAB,MUKTSAR,0.0,0.1,-100.0,NR,99.5,312.6,-68.0,LD,2026-09-25 11:20:48.503973
2026-09-25,2026-06-01,2026-09-25,district,PUNJAB,PUNJAB,PATHANKOT,0.0,3.5,-100.0,NR,1278.0,936.4,36.0,E,2026-09-25 11:20:48.503973
2026-09-25,2026-06-01,2026-09-25,district,PUNJAB,PUNJAB,PATIALA,0.0,5.3,-100.0,NR,276.7,533.2,-48.0,D,2026-09-25 11:20:48.503973
2026-09-25,2026-06-01,2026-09-25,district,PUNJAB,PUNJAB,RUPNAGAR,1.0,5.0,-79.0,LD,574.6,802.7,-28.0,D,2026-09-25 11:20:48.503973
2026-09-25,2026-06-01,2026-09-25,district,PUNJAB,PUNJAB,SANGRUR,0.0,3.7,-100.0,NR,183.3,386.8,-53.0,D,2026-09-25 11:20:48.503973
2026-09-25,2026-06-01,2026-09-25,district,PUNJAB,PUNJAB,SAS NAGAR (MOHALI),0.0,3.1,-100.0,NR,235.3,614.4,-62.0,LD,2026-09-25 11:20:48.503973
2026-09-25,2026-06-01,2026-09-25,district,PUNJAB,PUNJAB,SBS NAGAR,0.0,8.5,-100.0,NR,351.8,750.8,-53.0,D,2026-09-25 11:20:48.503973
2026-09-25,2026-06-01,2026-09-25,district,PUNJAB,PUNJAB,TARN TARAN,0.0,3.0,-100.0,NR,123.8,269.4,-54.0,D,2026-09-25 11:20:48.503973
2026-09-25,2026-06-01,2026-09-25,district,RAYALASEEMA,ANDHRA PRADESH,ANANTAPURAMU,4.7,2.9,62.0,LE,255.5,311.2,-18.0,N,2026-09-25 11:20:48.503973
2026-09-25,2026-06-01,2026-09-25,district,RAYALASEEMA,ANDHRA PRADESH,ANNAMAYYA DISTRICT,0.3,4.0,-92.0,LD,153.3,360.5,-57.0,D,2026-09-25 11:20:48.503973
2026-09-25,2026-06-01,2026-09-25,district,RAYALASEEMA,ANDHRA PRADESH,CHITTOOR,0.0,8.0,-100.0,NR,281.6,425.7,-34.0,D,2026-09-25 11:20:48.503973
2026-09-25,2026-06-01,2026-09-25,district,RAYALASEEMA,ANDHRA PRADESH,KURNOOL,2.2,3.1,-28.0,D,266.8,407.6,-35.0,D,2026-09-25 11:20:48.503973
2026-09-25,2026-06-01,2026-09-25,district,RAYALASEEMA,ANDHRA PRADESH,NANDYAL,2.4,4.1,-41.0,D,318.9,482.7,-34.0,D,2026-09-25 11:20:48.503973
2026-09-25,2026-06-01,2026-09-25,district,RAYALASEEMA,ANDHRA PRADESH,SRI SATHYASAI DISTRICT,0.2,3.6,-93.0,LD,172.0,312.3,-45.0,D,2026-09-25 11:20:48.503973
2026-09-25,2026-06-01,2026-09-25,district,RAYALASEEMA,ANDHRA PRADESH,TIRUPATI,0.3,4.8,-93.0,LD,242.1,415.2,-42.0,D,2026-09-25 11:20:48.503973
2026-09-25,2026-06-01,2026-09-25,district,RAYALASEEMA,ANDHRA PRADESH,YSR DISTRICT,1.6,3.8,-59.0,D,235.5,382.9,-38.0,D,2026-09-25 11:20:48.503973
2026-09-25,2026-06-01,2026-09-25,district,S. I. KARNATAKA,KARNATAKA,BALLARI,1.7,3.0,-43.0,D,219.9,337.9,-35.0,D,2026-09-25 11:20:48.503973
2026-09-25,2026-06-01,2026-09-25,district,S. I. KARNATAKA,KARNATAKA,BENGALURU RURAL,0.0,6.2,-100.0,NR,315.3,403.6,-22.0,D,2026-09-25 11:20:48.503973
2026-09-25,2026-06-01,2026-09-25,district,S. I. KARNATAKA,KARNATAKA,BENGALURU URBAN,0.2,6.4,-97.0,LD,229.3,421.4,-46.0,D,2026-09-25 11:20:48.503973
2026-09-25,2026-06-01,2026-09-25,district,S. I. KARNATAKA,KARNATAKA,CHAMARAJANAGAR,1.9,4.5,-58.0,D,182.5,323.6,-44.0,D,2026-09-25 11:20:48.503973
2026-09-25,2026-06-01,2026-09-25,district,S. I. KARNATAKA,KARNATAKA,CHIKABALLAPURA,3.0,4.5,-33.0,D,210.6,389.0,-46.0,D,2026-09-25 11:20:48.503973
2026-09-25,2026-06-01,2026-09-25,district,S. I. KARNATAKA,KARNATAKA,CHIKKAMAGALURU,25.1,7.1,253.0,LE,1265.3,1464.4,-14.0,N,2026-09-25 11:20:48.503973
2026-09-25,2026-06-01,2026-09-25,district,S. I. KARNATAKA,KARNATAKA,CHITRADURGA,5.6,5.6,0.0,N,165.9,268.4,-38.0,D,2026-09-25 11:20:48.503973
2026-09-25,2026-06-01,2026-09-25,district,S. I. KARNATAKA,KARNATAKA,DAVANGERE,11.9,4.9,143.0,LE,281.8,359.0,-22.0,D,2026-09-25 11:20:48.503973
2026-09-25,2026-06-01,2026-09-25,district,S. I. KARNATAKA,KARNATAKA,HASSAN,2.3,6.3,-63.0,LD,226.7,649.6,-65.0,LD,2026-09-25 11:20:48.503973
2026-09-25,2026-06-01,2026-09-25,district,S. I. KARNATAKA,KARNATAKA,KODAGU,19.7,6.1,222.0,LE,1544.4,2213.8,-30.0,D,2026-09-25 11:20:48.503973
2026-09-25,2026-06-01,2026-09-25,district,S. I. KARNATAKA,KARNATAKA,KOLAR,0.0,6.0,-100.0,NR,179.1,377.2,-53.0,D,2026-09-25 11:20:48.503973
2026-09-25,2026-06-01,2026-09-25,district,S. I. KARNATAKA,KARNATAKA,MANDYA,0.4,6.9,-94.0,LD,159.5,282.6,-44.0,D,2026-09-25 11:20:48.503973
2026-09-25,2026-06-01,2026-09-25,district,S. I. KARNATAKA,KARNATAKA,MYSURU,1.7,4.7,-64.0,LD,188.9,346.7,-46.0,D,2026-09-25 11:20:48.503973
2026-09-25,2026-06-01,2026-09-25,district,S. I. KARNATAKA,KARNATAKA,SHIVAMOGGA,16.6,5.1,226.0,LE,1467.8,1597.3,-8.0,N,2026-09-25 11:20:48.503973
2026-09-25,2026-06-01,2026-09-25,district,S. I. KARNATAKA,KARNATAKA,TUMAKURU,4.4,6.4,-31.0,D,173.1,348.4,-50.0,D,2026-09-25 11:20:48.503973
2026-09-25,2026-06-01,2026-09-25,district,S. I. KARNATAKA,KARNATAKA,VIJAYANAGARA,5.0,3.6,38.0,E,193.1,350.8,-45.0,D,2026-09-25 11:20:48.503973
2026-09-25,2026-06-01,2026-09-25,district,SAURASHTRA & KUTCH,DADRA & NAGAR HAVELI AND DAMAN & DIU (UT),DIU,0.0,11.3,-100.0,NR,906.6,747.6,21.0,E,2026-09-25 11:20:48.503973
2026-09-25,2026-06-01,2026-09-25,district,SAURASHTRA & KUTCH,GUJARAT,AMRELI,0.0,7.7,-100.0,NR,588.4,569.2,3.0,N,2026-09-25 11:20:48.503973
2026-09-25,2026-06-01,2026-09-25,district,SAURASHTRA & KUTCH,GUJARAT,BHAVNAGAR,0.0,7.3,-100.0,NR,627.2,556.7,13.0,N,2026-09-25 11:20:48.503973
2026-09-25,2026-06-01,2026-09-25,district,SAURASHTRA & KUTCH,GUJARAT,BOTAD,0.0,4.2,-100.0,NR,576.5,545.8,6.0,N,2026-09-25 11:20:48.503973
2026-09-25,2026-06-01,2026-09-25,district,SAURASHTRA & KUTCH,GUJARAT,DEVBHOOMI DWARKA,0.0,1.2,-100.0,NR,150.9,548.5,-72.0,LD,2026-09-25 11:20:48.503973
2026-09-25,2026-06-01,2026-09-25,district,SAURASHTRA & KUTCH,GUJARAT,GIR SOMNATH,0.0,5.5,-100.0,NR,633.3,864.0,-27.0,D,2026-09-25 11:20:48.503973
2026-09-25,2026-06-01,2026-09-25,district,SAURASHTRA & KUTCH,GUJARAT,JAMNAGAR,0.0,2.0,-100.0,NR,320.3,615.9,-48.0,D,2026-09-25 11:20:48.503973
2026-09-25,2026-06-01,2026-09-25,district,SAURASHTRA & KUTCH,GUJARAT,JUNAGADH,0.0,4.1,-100.0,NR,709.4,867.0,-18.0,N,2026-09-25 11:20:48.503973
2026-09-25,2026-06-01,2026-09-25,district,SAURASHTRA & KUTCH,GUJARAT,KUTCH,0.0,1.3,-100.0,NR,263.4,398.3,-34.0,D,2026-09-25 11:20:48.503973
2026-09-25,2026-06-01,2026-09-25,district,SAURASHTRA & KUTCH,GUJARAT,MORBI,0.0,2.4,-100.0,NR,589.4,521.6,13.0,N,2026-09-25 11:20:48.503973
2026-09-25,2026-06-01,2026-09-25,district,SAURASHTRA & KUTCH,GUJARAT,PORBANDAR,0.0,1.3,-100.0,NR,267.4,674.0,-60.0,LD,2026-09-25 11:20:48.503973
2026-09-25,2026-06-01,2026-09-25,district,SAURASHTRA & KUTCH,GUJARAT,RAJKOT,0.0,4.5,-100.0,NR,464.1,624.8,-26.0,D,2026-09-25 11:20:48.503973
2026-09-25,2026-06-01,2026-09-25,district,SAURASHTRA & KUTCH,GUJARAT,SURENDRANAGAR,0.0,2.9,-100.0,NR,575.4,510.9,13.0,N,2026-09-25 11:20:48.503973
2026-09-25,2026-06-01,2026-09-25,district,SHWB & SIKKIM,SIKKIM,GANGTOK,45.1,19.6,130.0,LE,2006.8,2119.5,-5.0,N,2026-09-25 11:20:48.503973
2026-09-25,2026-06-01,2026-09-25,district,SHWB & SIKKIM,SIKKIM,GYALSHING,129.1,13.7,843.0,LE,2395.2,1753.4,37.0,E,2026-09-25 11:20:48.503973
2026-09-25,2026-06-01,2026-09-25,district,SHWB & SIKKIM,SIKKIM,MANGAN,43.7,10.3,324.0,LE,1633.1,1503.7,9.0,N,2026-09-25 11:20:48.503973
2026-09-25,2026-06-01,2026-09-25,district,SHWB & SIKKIM,SIKKIM,NAMCHI,76.7,18.6,312.0,LE,1920.7,1636.4,17.0,N,2026-09-25 11:20:48.503973
2026-09-25,2026-06-01,2026-09-25,district,SHWB & SIKKIM,SIKKIM,Pakyong,56.9,8.9,540.0,LE,1582.5,1561.3,1.0,N,2026-09-25 11:20:48.503973
2026-09-25,2026-06-01,2026-09-25,district,SHWB & SIKKIM,SIKKIM,Soreng,84.5,13.7,517.0,LE,2096.0,1753.4,20.0,E,2026-09-25 11:20:48.503973
2026-09-25,2026-06-01,2026-09-25,district,SHWB & SIKKIM,WEST BENGAL,ALIPURDUAR,13.1,17.3,-24.0,D,2600.6,2958.1,-12.0,N,2026-09-25 11:20:48.503973
2026-09-25,2026-06-01,2026-09-25,district,SHWB & SIKKIM,WEST BENGAL,COOCH BEHAR,30.4,14.3,112.0,LE,2007.1,2292.5,-12.0,N,2026-09-25 11:20:48.503973
2026-09-25,2026-06-01,2026-09-25,district,SHWB & SIKKIM,WEST BENGAL,DARJEELING,86.1,17.5,392.0,LE,2135.7,2649.2,-19.0,N,2026-09-25 11:20:48.503973
2026-09-25,2026-06-01,2026-09-25,district,SHWB & SIKKIM,WEST BENGAL,JALPAIGURI,30.0,16.1,86.0,LE,2122.0,2823.6,-25.0,D,2026-09-25 11:20:48.503973
2026-09-25,2026-06-01,2026-09-25,district,SHWB & SIKKIM,WEST BENGAL,KALIMPONG,82.7,15.1,448.0,LE,1939.0,2348.9,-17.0,N,2026-09-25 11:20:48.503973
2026-09-25,2026-06-01,2026-09-25,district,SHWB & SIKKIM,WEST BENGAL,MALDA,23.6,17.5,35.0,E,829.1,1102.6,-25.0,D,2026-09-25 11:20:48.503973
2026-09-25,2026-06-01,2026-09-25,district,SHWB & SIKKIM,WEST BENGAL,NORTH DINAJPUR,27.0,20.8,30.0,E,997.6,1423.4,-30.0,D,2026-09-25 11:20:48.503973
2026-09-25,2026-06-01,2026-09-25,district,SHWB & SIKKIM,WEST BENGAL,SOUTH DINAJPUR,25.1,8.1,210.0,LE,793.9,1024.5,-23.0,D,2026-09-25 11:20:48.503973
2026-09-25,2026-06-01,2026-09-25,district,TAMIL. PUDU.& KARAIKAL,PUDUCHERRY (UT),KARAIKAL,0.0,3.5,-100.0,NR,260.3,273.7,-5.0,N,2026-09-25 11:20:48.503973
2026-09-25,2026-06-01,2026-09-25,district,TAMIL. PUDU.& KARAIKAL,PUDUCHERRY (UT),PUDUCHERRY,0.0,5.3,-100.0,NR,150.3,360.0,-58.0,D,2026-09-25 11:20:48.503973
2026-09-25,2026-06-01,2026-09-25,district,TAMIL. PUDU.& KARAIKAL,TAMILNADU,ARIYALUR,0.0,5.4,-100.0,NR,287.8,291.3,-1.0,N,2026-09-25 11:20:48.503973
2026-09-25,2026-06-01,2026-09-25,district,TAMIL. PUDU.& KARAIKAL,TAMILNADU,CHENGALPATTU,0.0,3.4,-100.0,NR,202.1,371.9,-46.0,D,2026-09-25 11:20:48.503973
2026-09-25,2026-06-01,2026-09-25,district,TAMIL. PUDU.& KARAIKAL,TAMILNADU,CHENNAI,0.0,6.7,-100.0,NR,367.0,413.7,-11.0,N,2026-09-25 11:20:48.503973
2026-09-25,2026-06-01,2026-09-25,district,TAMIL. PUDU.& KARAIKAL,TAMILNADU,COIMBATORE,0.8,4.0,-80.0,LD,703.4,665.2,6.0,N,2026-09-25 11:20:48.503973
2026-09-25,2026-06-01,2026-09-25,district,TAMIL. PUDU.& KARAIKAL,TAMILNADU,CUDDALORE,0.0,4.9,-100.0,NR,323.6,327.7,-1.0,N,2026-09-25 11:20:48.503973
2026-09-25,2026-06-01,2026-09-25,district,TAMIL. PUDU.& KARAIKAL,TAMILNADU,DHARMAPURI,0.0,4.8,-100.0,NR,301.4,347.9,-13.0,N,2026-09-25 11:20:48.503973
2026-09-25,2026-06-01,2026-09-25,district,TAMIL. PUDU.& KARAIKAL,TAMILNADU,DINDIGUL,0.0,4.9,-100.0,NR,235.6,276.1,-15.0,N,2026-09-25 11:20:48.503973
2026-09-25,2026-06-01,2026-09-25,district,TAMIL. PUDU.& KARAIKAL,TAMILNADU,ERODE,0.0,5.4,-100.0,NR,182.7,243.5,-25.0,D,2026-09-25 11:20:48.503973
2026-09-25,2026-06-01,2026-09-25,district,TAMIL. PUDU.& KARAIKAL,TAMILNADU,KALLAKURICHI,0.0,7.7,-100.0,NR,284.0,373.1,-24.0,D,2026-09-25 11:20:48.503973
2026-09-25,2026-06-01,2026-09-25,district,TAMIL. PUDU.& KARAIKAL,TAMILNADU,KANCHEEPURAM,0.0,6.0,-100.0,NR,304.1,440.1,-31.0,D,2026-09-25 11:20:48.503973
2026-09-25,2026-06-01,2026-09-25,district,TAMIL. PUDU.& KARAIKAL,TAMILNADU,KANYAKUMARI,0.6,6.5,-91.0,LD,432.2,475.2,-9.0,N,2026-09-25 11:20:48.503973
2026-09-25,2026-06-01,2026-09-25,district,TAMIL. PUDU.& KARAIKAL,TAMILNADU,KARUR,0.0,4.7,-100.0,NR,86.6,182.3,-53.0,D,2026-09-25 11:20:48.503973
2026-09-25,2026-06-01,2026-09-25,district,TAMIL. PUDU.& KARAIKAL,TAMILNADU,KRISHNAGIRI,0.0,6.0,-100.0,NR,252.7,325.9,-22.0,D,2026-09-25 11:20:48.503973
2026-09-25,2026-06-01,2026-09-25,district,TAMIL. PUDU.& KARAIKAL,TAMILNADU,MADURAI,0.0,4.0,-100.0,NR,231.3,270.9,-15.0,N,2026-09-25 11:20:48.503973
2026-09-25,2026-06-01,2026-09-25,district,TAMIL. PUDU.& KARAIKAL,TAMILNADU,MAYILADUTHURAI,0.0,3.4,-100.0,NR,216.5,280.3,-23.0,D,2026-09-25 11:20:48.503973
2026-09-25,2026-06-01,2026-09-25,district,TAMIL. PUDU.& KARAIKAL,TAMILNADU,NAGAPATTINAM,0.0,3.3,-100.0,NR,114.2,227.7,-50.0,D,2026-09-25 11:20:48.503973
2026-09-25,2026-06-01,2026-09-25,district,TAMIL. PUDU.& KARAIKAL,TAMILNADU,NAMAKKAL,0.0,4.5,-100.0,NR,189.8,305.7,-38.0,D,2026-09-25 11:20:48.503973
2026-09-25,2026-06-01,2026-09-25,district,TAMIL. PUDU.& KARAIKAL,TAMILNADU,NILGIRIS,8.1,6.7,21.0,E,551.9,813.1,-32.0,D,2026-09-25 11:20:48.503973
2026-09-25,2026-06-01,2026-09-25,district,TAMIL. PUDU.& KARAIKAL,TAMILNADU,PERAMBALUR,0.0,3.8,-100.0,NR,260.0,258.1,1.0,N,2026-09-25 11:20:48.503973
2026-09-25,2026-06-01,2026-09-25,district,TAMIL. PUDU.& KARAIKAL,TAMILNADU,PUDUKKOTTAI,0.0,5.6,-100.0,NR,217.2,274.1,-21.0,D,2026-09-25 11:20:48.503973
2026-09-25,2026-06-01,2026-09-25,district,TAMIL. PUDU.& KARAIKAL,TAMILNADU,RAMANATHAPURAM,0.0,3.4,-100.0,NR,72.7,116.7,-38.0,D,2026-09-25 11:20:48.503973
2026-09-25,2026-06-01,2026-09-25,district,TAMIL. PUDU.& KARAIKAL,TAMILNADU,RANIPET,0.0,7.6,-100.0,NR,330.1,417.0,-21.0,D,2026-09-25 11:20:48.503973
2026-09-25,2026-06-01,2026-09-25,district,TAMIL. PUDU.& KARAIKAL,TAMILNADU,SALEM,0.0,5.1,-100.0,NR,290.0,377.5,-23.0,D,2026-09-25 11:20:48.503973
2026-09-25,2026-06-01,2026-09-25,district,TAMIL. PUDU.& KARAIKAL,TAMILNADU,SIVAGANGA,0.0,4.7,-100.0,NR,322.5,292.0,10.0,N,2026-09-25 11:20:48.503973
2026-09-25,2026-06-01,2026-09-25,district,TAMIL. PUDU.& KARAIKAL,TAMILNADU,TENKASI,0.2,2.9,-94.0,LD,191.4,160.9,19.0,N,2026-09-25 11:20:48.503973
2026-09-25,2026-06-01,2026-09-25,district,TAMIL. PUDU.& KARAIKAL,TAMILNADU,THANJAVUR,0.0,4.1,-100.0,NR,191.2,280.5,-32.0,D,2026-09-25 11:20:48.503973
2026-09-25,2026-06-01,2026-09-25,district,TAMIL. PUDU.& KARAIKAL,TAMILNADU,THENI,0.5,3.6,-86.0,LD,212.6,218.1,-3.0,N,2026-09-25 11:20:48.503973
2026-09-25,2026-06-01,2026-09-25,district,TAMIL. PUDU.& KARAIKAL,TAMILNADU,THIRUCHIRAPALLI,0.0,5.3,-100.0,NR,166.0,252.3,-34.0,D,2026-09-25 11:20:48.503973
2026-09-25,2026-06-01,2026-09-25,district,TAMIL. PUDU.& KARAIKAL,TAMILNADU,THIRUVALLUR,0.0,8.0,-100.0,NR,329.8,435.6,-24.0,D,2026-09-25 11:20:48.503973
2026-09-25,2026-06-01,2026-09-25,district,TAMIL. PUDU.& KARAIKAL,TAMILNADU,THOOTHUKUDI,0.0,1.2,-100.0,NR,22.0,57.3,-62.0,LD,2026-09-25 11:20:48.503973
2026-09-25,2026-06-01,2026-09-25,district,TAMIL. PUDU.& KARAIKAL,TAMILNADU,TIRUNELVELI,0.0,2.3,-100.0,NR,404.5,81.1,399.0,LE,2026-09-25 11:20:48.503973
2026-09-25,2026-06-01,2026-09-25,district,TAMIL. PUDU.& KARAIKAL,TAMILNADU,TIRUPATTUR,0.0,5.0,-100.0,NR,238.8,398.7,-40.0,D,2026-09-25 11:20:48.503973
2026-09-25,2026-06-01,2026-09-25,district,TAMIL. PUDU.& KARAIKAL,TAMILNADU,TIRUPPUR,0.0,3.0,-100.0,NR,93.9,137.2,-32.0,D,2026-09-25 11:20:48.503973
2026-09-25,2026-06-01,2026-09-25,district,TAMIL. PUDU.& KARAIKAL,TAMILNADU,TIRUVANNAMALAI,0.0,5.0,-100.0,NR,304.5,420.2,-28.0,D,2026-09-25 11:20:48.503973
2026-09-25,2026-06-01,2026-09-25,district,TAMIL. PUDU.& KARAIKAL,TAMILNADU,TIRUVARUR,0.0,3.8,-100.0,NR,195.6,271.0,-28.0,D,2026-09-25 11:20:48.503973
2026-09-25,2026-06-01,2026-09-25,district,TAMIL. PUDU.& KARAIKAL,TAMILNADU,VELLORE,0.0,5.3,-100.0,NR,269.4,402.3,-33.0,D,2026-09-25 11:20:48.503973
2026-09-25,2026-06-01,2026-09-25,district,TAMIL. PUDU.& KARAIKAL,TAMILNADU,VILLUPURAM,0.0,5.4,-100.0,NR,335.8,373.5,-10.0,N,2026-09-25 11:20:48.503973
2026-09-25,2026-06-01,2026-09-25,district,TAMIL. PUDU.& KARAIKAL,TAMILNADU,VIRUDHUNAGAR,0.0,3.4,-100.0,NR,193.9,175.4,11.0,N,2026-09-25 11:20:48.503973
2026-09-25,2026-06-01,2026-09-25,district,TELANGANA,TELANGANA,ADILABAD,5.6,4.6,22.0,E,685.7,927.5,-26.0,D,2026-09-25 11:20:48.503973
2026-09-25,2026-06-01,2026-09-25,district,TELANGANA,TELANGANA,B. KOTHAGUDEM,26.2,4.0,554.0,LE,753.4,928.7,-19.0,N,2026-09-25 11:20:48.503973
2026-09-25,2026-06-01,2026-09-25,district,TELANGANA,TELANGANA,HANUMAKONDA,11.9,2.6,356.0,LE,518.2,670.0,-23.0,D,2026-09-25 11:20:48.503973
2026-09-25,2026-06-01,2026-09-25,district,TELANGANA,TELANGANA,HYDERABAD,0.0,5.9,-100.0,NR,428.4,600.7,-29.0,D,2026-09-25 11:20:48.503973
2026-09-25,2026-06-01,2026-09-25,district,TELANGANA,TELANGANA,J. BHUPALPALLY,8.0,5.2,53.0,E,849.8,961.5,-12.0,N,2026-09-25 11:20:48.503973
2026-09-25,2026-06-01,2026-09-25,district,TELANGANA,TELANGANA,JAGTIAL,7.1,5.3,34.0,E,874.5,791.8,10.0,N,2026-09-25 11:20:48.503973
2026-09-25,2026-06-01,2026-09-25,district,TELANGANA,TELANGANA,JANGAON,8.7,4.9,78.0,LE,533.7,657.7,-19.0,N,2026-09-25 11:20:48.503973
2026-09-25,2026-06-01,2026-09-25,district,TELANGANA,TELANGANA,JOGULAMBA GADWAL,0.0,3.1,-100.0,NR,243.6,420.6,-42.0,D,2026-09-25 11:20:48.503973
2026-09-25,2026-06-01,2026-09-25,district,TELANGANA,TELANGANA,KAMAREDDY,2.6,5.2,-50.0,D,835.6,756.1,11.0,N,2026-09-25 11:20:48.503973
2026-09-25,2026-06-01,2026-09-25,district,TELANGANA,TELANGANA,KARIMNAGAR,10.2,6.3,62.0,LE,687.7,674.7,2.0,N,2026-09-25 11:20:48.503973
2026-09-25,2026-06-01,2026-09-25,district,TELANGANA,TELANGANA,KHAMMAM,24.7,3.8,549.0,LE,648.4,759.5,-15.0,N,2026-09-25 11:20:48.503973
2026-09-25,2026-06-01,2026-09-25,district,TELANGANA,TELANGANA,KUMARAM BHEEM,7.5,5.3,41.0,E,1095.6,956.1,15.0,N,2026-09-25 11:20:48.503973
2026-09-25,2026-06-01,2026-09-25,district,TELANGANA,TELANGANA,M. MALKAJGIRI,0.1,6.9,-99.0,LD,321.0,521.6,-38.0,D,2026-09-25 11:20:48.503973
2026-09-25,2026-06-01,2026-09-25,district,TELANGANA,TELANGANA,MAHABUBABAD,10.7,2.4,345.0,LE,707.3,846.6,-16.0,N,2026-09-25 11:20:48.503973
2026-09-25,2026-06-01,2026-09-25,district,TELANGANA,TELANGANA,MAHABUBNAGAR,1.3,4.2,-70.0,LD,409.8,489.5,-16.0,N,2026-09-25 11:20:48.503973
2026-09-25,2026-06-01,2026-09-25,district,TELANGANA,TELANGANA,MANCHERIAL,9.4,4.9,93.0,LE,1024.2,915.0,12.0,N,2026-09-25 11:20:48.503973
2026-09-25,2026-06-01,2026-09-25,district,TELANGANA,TELANGANA,MEDAK,1.4,4.2,-67.0,LD,697.4,748.0,-7.0,N,2026-09-25 11:20:48.503973
2026-09-25,2026-06-01,2026-09-25,district,TELANGANA,TELANGANA,MULUGU,10.8,4.4,146.0,LE,966.5,960.5,1.0,N,2026-09-25 11:20:48.503973
2026-09-25,2026-06-01,2026-09-25,district,TELANGANA,TELANGANA,NAGARKURNOOL,1.2,4.6,-73.0,LD,362.1,465.7,-22.0,D,2026-09-25 11:20:48.503973
2026-09-25,2026-06-01,2026-09-25,district,TELANGANA,TELANGANA,NALGONDA,5.7,6.9,-18.0,N,232.2,507.5,-54.0,D,2026-09-25 11:20:48.503973
2026-09-25,2026-06-01,2026-09-25,district,TELANGANA,TELANGANA,NARAYANPET,0.2,4.4,-95.0,LD,400.1,442.5,-10.0,N,2026-09-25 11:20:48.503973
2026-09-25,2026-06-01,2026-09-25,district,TELANGANA,TELANGANA,NIRMAL,1.0,4.4,-77.0,LD,434.6,867.8,-50.0,D,2026-09-25 11:20:48.503973
2026-09-25,2026-06-01,2026-09-25,district,TELANGANA,TELANGANA,NIZAMABAD,0.9,4.3,-79.0,LD,709.7,807.1,-12.0,N,2026-09-25 11:20:48.503973
2026-09-25,2026-06-01,2026-09-25,district,TELANGANA,TELANGANA,PEDDAPALLE,10.6,7.0,52.0,E,786.0,854.5,-8.0,N,2026-09-25 11:20:48.503973
2026-09-25,2026-06-01,2026-09-25,district,TELANGANA,TELANGANA,RAJANNA SIRCILLA,7.3,6.0,22.0,E,716.7,670.2,7.0,N,2026-09-25 11:20:48.503973
2026-09-25,2026-06-01,2026-09-25,district,TELANGANA,TELANGANA,RANGAREDDY,0.6,5.1,-89.0,LD,386.7,526.2,-27.0,D,2026-09-25 11:20:48.503973
2026-09-25,2026-06-01,2026-09-25,district,TELANGANA,TELANGANA,SANGAREDDY,0.3,6.2,-96.0,LD,460.0,678.7,-32.0,D,2026-09-25 11:20:48.503973
2026-09-25,2026-06-01,2026-09-25,district,TELANGANA,TELANGANA,SIDDIPET,3.7,5.0,-27.0,D,661.6,603.6,10.0,N,2026-09-25 11:20:48.503973
2026-09-25,2026-06-01,2026-09-25,district,TELANGANA,TELANGANA,SURYAPET,29.9,4.5,565.0,LE,483.9,593.9,-19.0,N,2026-09-25 11:20:48.503973
2026-09-25,2026-06-01,2026-09-25,district,TELANGANA,TELANGANA,VIKARABAD,1.1,7.3,-84.0,LD,480.5,637.9,-25.0,D,2026-09-25 11:20:48.503973
2026-09-25,2026-06-01,2026-09-25,district,TELANGANA,TELANGANA,WANAPARTHY,0.2,5.0,-96.0,LD,358.0,517.5,-31.0,D,2026-09-25 11:20:48.503973
2026-09-25,2026-06-01,2026-09-25,district,TELANGANA,TELANGANA,WARANGAL,7.9,5.4,46.0,E,564.1,889.3,-37.0,D,2026-09-25 11:20:48.503973
2026-09-25,2026-06-01,2026-09-25,district,TELANGANA,TELANGANA,Y. BHUVANAGIRI,5.3,4.9,8.0,N,347.4,515.5,-33.0,D,2026-09-25 11:20:48.503973
2026-09-25,2026-06-01,2026-09-25,district,UTTARAKHAND,UTTARAKHAND,ALMORA,0.0,3.0,-100.0,NR,963.1,784.5,23.0,E,2026-09-25 11:20:48.503973
2026-09-25,2026-06-01,2026-09-25,district,UTTARAKHAND,UTTARAKHAND,BAGESHWAR,0.0,3.0,-100.0,NR,1985.1,784.5,153.0,LE,2026-09-25 11:20:48.503973
2026-09-25,2026-06-01,2026-09-25,district,UTTARAKHAND,UTTARAKHAND,CHAMOLI,0.0,2.1,-100.0,NR,1168.5,714.4,64.0,LE,2026-09-25 11:20:48.503973
2026-09-25,2026-06-01,2026-09-25,district,UTTARAKHAND,UTTARAKHAND,CHAMPAWAT,0.8,6.1,-88.0,LD,935.6,1300.4,-28.0,D,2026-09-25 11:20:48.503973
2026-09-25,2026-06-01,2026-09-25,district,UTTARAKHAND,UTTARAKHAND,DEHRADUN,3.7,6.0,-38.0,D,1359.9,1428.9,-5.0,N,2026-09-25 11:20:48.503973
2026-09-25,2026-06-01,2026-09-25,district,UTTARAKHAND,UTTARAKHAND,GARHWAL PAURI,0.6,7.8,-93.0,LD,682.1,1260.7,-46.0,D,2026-09-25 11:20:48.503973
2026-09-25,2026-06-01,2026-09-25,district,UTTARAKHAND,UTTARAKHAND,GARHWAL TEHRI,1.7,5.1,-66.0,LD,1172.1,939.1,25.0,E,2026-09-25 11:20:48.503973
2026-09-25,2026-06-01,2026-09-25,district,UTTARAKHAND,UTTARAKHAND,HARDWAR,1.7,3.6,-52.0,D,1092.7,981.3,11.0,N,2026-09-25 11:20:48.503973
2026-09-25,2026-06-01,2026-09-25,district,UTTARAKHAND,UTTARAKHAND,NAINITAL,0.0,5.7,-100.0,NR,1176.5,1526.8,-23.0,D,2026-09-25 11:20:48.503973
2026-09-25,2026-06-01,2026-09-25,district,UTTARAKHAND,UTTARAKHAND,PITHORAGARH,0.0,6.1,-100.0,NR,1478.8,1485.2,0.0,N,2026-09-25 11:20:48.503973
2026-09-25,2026-06-01,2026-09-25,district,UTTARAKHAND,UTTARAKHAND,RUDRAPRAYAG,0.0,4.4,-100.0,NR,1395.2,1540.1,-9.0,N,2026-09-25 11:20:48.503973
2026-09-25,2026-06-01,2026-09-25,district,UTTARAKHAND,UTTARAKHAND,UDHAM SINGH NAGAR,0.5,1.4,-64.0,LD,1117.5,1117.9,0.0,N,2026-09-25 11:20:48.503973
2026-09-25,2026-06-01,2026-09-25,district,UTTARAKHAND,UTTARAKHAND,UTTARKASHI,0.0,4.0,-100.0,NR,955.0,1141.0,-16.0,N,2026-09-25 11:20:48.503973
2026-09-25,2026-06-01,2026-09-25,district,VIDARBHA,MAHARASHTRA,AKOLA,0.7,4.0,-83.0,LD,405.2,682.9,-41.0,D,2026-09-25 11:20:48.503973
2026-09-25,2026-06-01,2026-09-25,district,VIDARBHA,MAHARASHTRA,AMRAOTI,0.2,3.7,-93.0,LD,472.0,809.6,-42.0,D,2026-09-25 11:20:48.503973
2026-09-25,2026-06-01,2026-09-25,district,VIDARBHA,MAHARASHTRA,BHANDARA,1.9,4.5,-57.0,D,892.1,1069.8,-17.0,N,2026-09-25 11:20:48.503973
2026-09-25,2026-06-01,2026-09-25,district,VIDARBHA,MAHARASHTRA,BULDHANA,0.1,3.6,-98.0,LD,511.0,636.9,-20.0,D,2026-09-25 11:20:48.503973
2026-09-25,2026-06-01,2026-09-25,district,VIDARBHA,MAHARASHTRA,CHANDRAPUR,8.4,5.7,48.0,E,710.7,1061.2,-33.0,D,2026-09-25 11:20:48.503973
2026-09-25,2026-06-01,2026-09-25,district,VIDARBHA,MAHARASHTRA,GADCHIROLI,35.8,5.0,615.0,LE,1046.8,1272.7,-18.0,N,2026-09-25 11:20:48.503973
2026-09-25,2026-06-01,2026-09-25,district,VIDARBHA,MAHARASHTRA,GONDIA,15.6,3.8,310.0,LE,1164.6,1199.0,-3.0,N,2026-09-25 11:20:48.503973
2026-09-25,2026-06-01,2026-09-25,district,VIDARBHA,MAHARASHTRA,NAGPUR,4.7,3.1,52.0,E,617.4,924.4,-33.0,D,2026-09-25 11:20:48.503973
2026-09-25,2026-06-01,2026-09-25,district,VIDARBHA,MAHARASHTRA,WARDHA,0.0,4.5,-100.0,NR,549.3,826.9,-34.0,D,2026-09-25 11:20:48.503973
2026-09-25,2026-06-01,2026-09-25,district,VIDARBHA,MAHARASHTRA,WASHIM,0.0,3.7,-99.0,LD,487.6,762.2,-36.0,D,2026-09-25 11:20:48.503973
2026-09-25,2026-06-01,2026-09-25,district,VIDARBHA,MAHARASHTRA,YEOTMAL,0.8,4.4,-82.0,LD,592.3,795.6,-26.0,D,2026-09-25 11:20:48.503973
2026-09-25,2026-06-01,2026-09-25,district,WEST MADHYA PRADESH,MADHYA PRADESH,AGAR-MALWA,0.0,2.4,-100.0,NR,974.8,893.1,9.0,N,2026-09-25 11:20:48.503973
2026-09-25,2026-06-01,2026-09-25,district,WEST MADHYA PRADESH,MADHYA PRADESH,ALIRAJPUR,0.0,3.8,-100.0,NR,475.9,856.0,-44.0,D,2026-09-25 11:20:48.503973
2026-09-25,2026-06-01,2026-09-25,district,WEST MADHYA PRADESH,MADHYA PRADESH,ASHOKNAGAR,0.0,0.9,-100.0,NR,778.3,849.0,-8.0,N,2026-09-25 11:20:48.503973
2026-09-25,2026-06-01,2026-09-25,district,WEST MADHYA PRADESH,MADHYA PRADESH,BARWANI,3.1,4.1,-24.0,D,597.1,653.3,-9.0,N,2026-09-25 11:20:48.503973
2026-09-25,2026-06-01,2026-09-25,district,WEST MADHYA PRADESH,MADHYA PRADESH,BETUL,3.6,2.7,33.0,E,715.8,1026.8,-30.0,D,2026-09-25 11:20:48.503973
2026-09-25,2026-06-01,2026-09-25,district,WEST MADHYA PRADESH,MADHYA PRADESH,BHIND,0.0,1.4,-100.0,NR,762.6,609.0,25.0,E,2026-09-25 11:20:48.503973
2026-09-25,2026-06-01,2026-09-25,district,WEST MADHYA PRADESH,MADHYA PRADESH,BHOPAL,0.0,3.0,-100.0,NR,1046.3,945.0,11.0,N,2026-09-25 11:20:48.503973
2026-09-25,2026-06-01,2026-09-25,district,WEST MADHYA PRADESH,MADHYA PRADESH,BURHANPUR,0.0,3.9,-100.0,NR,776.7,727.3,7.0,N,2026-09-25 11:20:48.503973
2026-09-25,2026-06-01,2026-09-25,district,WEST MADHYA PRADESH,MADHYA PRADESH,DATIA,0.1,0.8,-88.0,LD,772.2,738.7,5.0,N,2026-09-25 11:20:48.503973
2026-09-25,2026-06-01,2026-09-25,district,WEST MADHYA PRADESH,MADHYA PRADESH,DEWAS,0.0,2.1,-100.0,NR,787.0,891.4,-12.0,N,2026-09-25 11:20:48.503973
2026-09-25,2026-06-01,2026-09-25,district,WEST MADHYA PRADESH,MADHYA PRADESH,DHAR,0.0,4.0,-100.0,NR,489.1,801.5,-39.0,D,2026-09-25 11:20:48.503973
2026-09-25,2026-06-01,2026-09-25,district,WEST MADHYA PRADESH,MADHYA PRADESH,GUNA,0.0,0.9,-100.0,NR,1051.7,931.9,13.0,N,2026-09-25 11:20:48.503973
2026-09-25,2026-06-01,2026-09-25,district,WEST MADHYA PRADESH,MADHYA PRADESH,GWALIOR,0.0,0.4,-100.0,NR,748.7,716.6,4.0,N,2026-09-25 11:20:48.503973
2026-09-25,2026-06-01,2026-09-25,district,WEST MADHYA PRADESH,MADHYA PRADESH,HARDA,0.9,2.0,-55.0,D,706.9,1065.4,-34.0,D,2026-09-25 11:20:48.503973
2026-09-25,2026-06-01,2026-09-25,district,WEST MADHYA PRADESH,MADHYA PRADESH,INDORE,0.0,3.2,-100.0,NR,633.1,853.5,-26.0,D,2026-09-25 11:20:48.503973
2026-09-25,2026-06-01,2026-09-25,district,WEST MADHYA PRADESH,MADHYA PRADESH,JHABUA,0.0,3.0,-100.0,NR,576.3,868.3,-34.0,D,2026-09-25 11:20:48.503973
2026-09-25,2026-06-01,2026-09-25,district,WEST MADHYA PRADESH,MADHYA PRADESH,KHANDWA,0.0,2.5,-100.0,NR,708.2,774.6,-9.0,N,2026-09-25 11:20:48.503973
2026-09-25,2026-06-01,2026-09-25,district,WEST MADHYA PRADESH,MADHYA PRADESH,KHARGONE,0.0,4.1,-100.0,NR,745.1,702.7,6.0,N,2026-09-25 11:20:48.503973
2026-09-25,2026-06-01,2026-09-25,district,WEST MADHYA PRADESH,MADHYA PRADESH,MANDSAUR,0.0,2.1,-100.0,NR,750.9,819.2,-8.0,N,2026-09-25 11:20:48.503973
2026-09-25,2026-06-01,2026-09-25,district,WEST MADHYA PRADESH,MADHYA PRADESH,MORENA,0.0,0.8,-100.0,NR,580.6,640.7,-9.0,N,2026-09-25 11:20:48.503973
2026-09-25,2026-06-01,2026-09-25,district,WEST MADHYA PRADESH,MADHYA PRADESH,NARMADAPURAM,5.8,4.3,35.0,E,825.0,1246.2,-34.0,D,2026-09-25 11:20:48.503973
2026-09-25,2026-06-01,2026-09-25,district,WEST MADHYA PRADESH,MADHYA PRADESH,NEEMUCH,0.0,2.8,-100.0,NR,686.4,769.6,-11.0,N,2026-09-25 11:20:48.503973
2026-09-25,2026-06-01,2026-09-25,district,WEST MADHYA PRADESH,MADHYA PRADESH,RAISEN,4.1,2.8,45.0,E,887.1,1074.3,-17.0,N,2026-09-25 11:20:48.503973
2026-09-25,2026-06-01,2026-09-25,district,WEST MADHYA PRADESH,MADHYA PRADESH,RAJGARH,0.0,1.1,-100.0,NR,1052.7,886.0,19.0,N,2026-09-25 11:20:48.503973
2026-09-25,2026-06-01,2026-09-25,district,WEST MADHYA PRADESH,MADHYA PRADESH,RATLAM,0.0,4.2,-100.0,NR,593.5,901.8,-34.0,D,2026-09-25 11:20:48.503973
2026-09-25,2026-06-01,2026-09-25,district,WEST MADHYA PRADESH,MADHYA PRADESH,SEHORE,0.0,2.5,-100.0,NR,883.6,1056.6,-16.0,N,2026-09-25 11:20:48.503973
2026-09-25,2026-06-01,2026-09-25,district,WEST MADHYA PRADESH,MADHYA PRADESH,SHAJAPUR,0.0,1.0,-100.0,NR,712.4,895.4,-20.0,D,2026-09-25 11:20:48.503973
2026-09-25,2026-06-01,2026-09-25,district,WEST MADHYA PRADESH,MADHYA PRADESH,SHEOPUR,0.0,1.2,-100.0,NR,776.0,664.0,17.0,N,2026-09-25 11:20:48.503973
2026-09-25,2026-06-01,2026-09-25,district,WEST MADHYA PRADESH,MADHYA PRADESH,SHIVPURI,0.0,1.2,-100.0,NR,968.5,782.9,24.0,E,2026-09-25 11:20:48.503973
2026-09-25,2026-06-01,2026-09-25,district,WEST MADHYA PRADESH,MADHYA PRADESH,UJJAIN,0.0,2.3,-100.0,NR,644.6,875.3,-26.0,D,2026-09-25 11:20:48.503973
2026-09-25,2026-06-01,2026-09-25,district,WEST MADHYA PRADESH,MADHYA PRADESH,VIDISHA,0.1,2.1,-95.0,LD,835.0,1014.6,-18.0,N,2026-09-25 11:20:48.503973
2026-09-25,2026-06-01,2026-09-25,district,WEST RAJASTHAN,RAJASTHAN,BARMER,0.0,0.4,-100.0,NR,200.4,268.8,-25.0,D,2026-09-25 11:20:48.503973
2026-09-25,2026-06-01,2026-09-25,district,WEST RAJASTHAN,RAJASTHAN,BIKANER,0.0,0.8,-100.0,NR,222.7,245.4,-9.0,N,2026-09-25 11:20:48.503973
2026-09-25,2026-06-01,2026-09-25,district,WEST RAJASTHAN,RAJASTHAN,CHURU,0.0,1.5,-100.0,NR,292.0,330.9,-12.0,N,2026-09-25 11:20:48.503973
2026-09-25,2026-06-01,2026-09-25,district,WEST RAJASTHAN,RAJASTHAN,HANUMANGARH,0.0,0.2,-100.0,NR,149.2,250.3,-40.0,D,2026-09-25 11:20:48.503973
2026-09-25,2026-06-01,2026-09-25,district,WEST RAJASTHAN,RAJASTHAN,JAISALMER,0.0,0.3,-100.0,NR,89.1,176.2,-49.0,D,2026-09-25 11:20:48.503973
2026-09-25,2026-06-01,2026-09-25,district,WEST RAJASTHAN,RAJASTHAN,JALORE,0.0,1.0,-100.0,NR,173.4,412.8,-58.0,D,2026-09-25 11:20:48.503973
2026-09-25,2026-06-01,2026-09-25,district,WEST RAJASTHAN,RAJASTHAN,JODHPUR,0.0,0.9,-100.0,NR,195.5,288.4,-32.0,D,2026-09-25 11:20:48.503973
2026-09-25,2026-06-01,2026-09-25,district,WEST RAJASTHAN,RAJASTHAN,NAGAUR,0.0,1.2,-100.0,NR,318.7,365.7,-13.0,N,2026-09-25 11:20:48.503973
2026-09-25,2026-06-01,2026-09-25,district,WEST RAJASTHAN,RAJASTHAN,PALI,0.0,2.4,-100.0,NR,225.6,487.7,-54.0,D,2026-09-25 11:20:48.503973
2026-09-25,2026-06-01,2026-09-25,district,WEST RAJASTHAN,RAJASTHAN,SRI GANGANAGAR,0.0,0.2,-100.0,NR,177.4,202.8,-13.0,N,2026-09-25 11:20:48.503973
2026-09-25,2026-06-01,2026-09-25,district,WEST UTTAR PRADESH,UTTAR PRADESH,AGRA,0.0,0.9,-100.0,NR,513.9,525.7,-2.0,N,2026-09-25 11:20:48.503973
2026-09-25,2026-06-01,2026-09-25,district,WEST UTTAR PRADESH,UTTAR PRADESH,ALIGARH,0.0,2.7,-100.0,NR,314.6,584.8,-46.0,D,2026-09-25 11:20:48.503973
2026-09-25,2026-06-01,2026-09-25,district,WEST UTTAR PRADESH,UTTAR PRADESH,AMROHA,0.0,2.6,-100.0,NR,647.6,806.8,-20.0,D,2026-09-25 11:20:48.503973
2026-09-25,2026-06-01,2026-09-25,district,WEST UTTAR PRADESH,UTTAR PRADESH,AURAIYA,1.0,2.1,-52.0,D,545.1,511.2,7.0,N,2026-09-25 11:20:48.503973
2026-09-25,2026-06-01,2026-09-25,district,WEST UTTAR PRADESH,UTTAR PRADESH,BADAUN,0.0,4.0,-100.0,NR,656.8,667.7,-2.0,N,2026-09-25 11:20:48.503973
2026-09-25,2026-06-01,2026-09-25,district,WEST UTTAR PRADESH,UTTAR PRADESH,BAGHPAT,0.0,2.4,-100.0,NR,493.0,497.8,-1.0,N,2026-09-25 11:20:48.503973
2026-09-25,2026-06-01,2026-09-25,district,WEST UTTAR PRADESH,UTTAR PRADESH,BAREILLY,0.1,3.5,-96.0,LD,753.5,782.9,-4.0,N,2026-09-25 11:20:48.503973
2026-09-25,2026-06-01,2026-09-25,district,WEST UTTAR PRADESH,UTTAR PRADESH,BIJNOR,0.0,6.5,-100.0,NR,1118.6,895.4,25.0,E,2026-09-25 11:20:48.503973
2026-09-25,2026-06-01,2026-09-25,district,WEST UTTAR PRADESH,UTTAR PRADESH,BULANDSHAHAR,0.4,2.4,-83.0,LD,455.0,529.4,-14.0,N,2026-09-25 11:20:48.503973
2026-09-25,2026-06-01,2026-09-25,district,WEST UTTAR PRADESH,UTTAR PRADESH,ETAH,2.0,0.8,150.0,LE,690.5,502.0,38.0,E,2026-09-25 11:20:48.503973
2026-09-25,2026-06-01,2026-09-25,district,WEST UTTAR PRADESH,UTTAR PRADESH,ETAWAH,1.7,1.0,67.0,LE,650.1,558.4,16.0,N,2026-09-25 11:20:48.503973
2026-09-25,2026-06-01,2026-09-25,district,WEST UTTAR PRADESH,UTTAR PRADESH,FIROZABAD,0.0,2.0,-100.0,NR,715.5,576.5,24.0,E,2026-09-25 11:20:48.503973
2026-09-25,2026-06-01,2026-09-25,district,WEST UTTAR PRADESH,UTTAR PRADESH,GAUTAM BUDDHA NAGAR,24.4,1.6,1425.0,LE,681.4,452.8,50.0,E,2026-09-25 11:20:48.503973
2026-09-25,2026-06-01,2026-09-25,district,WEST UTTAR PRADESH,UTTAR PRADESH,GHAZIABAD,0.0,1.6,-100.0,NR,182.8,455.9,-60.0,LD,2026-09-25 11:20:48.503973
2026-09-25,2026-06-01,2026-09-25,district,WEST UTTAR PRADESH,UTTAR PRADESH,HAMIRPUR,8.8,2.7,227.0,LE,1105.2,699.9,58.0,E,2026-09-25 11:20:48.503973
2026-09-25,2026-06-01,2026-09-25,district,WEST UTTAR PRADESH,UTTAR PRADESH,HAPUR,0.0,5.6,-100.0,NR,312.5,670.9,-53.0,D,2026-09-25 11:20:48.503973
2026-09-25,2026-06-01,2026-09-25,district,WEST UTTAR PRADESH,UTTAR PRADESH,HATHRAS,0.0,1.0,-100.0,NR,466.0,545.0,-15.0,N,2026-09-25 11:20:48.503973
2026-09-25,2026-06-01,2026-09-25,district,WEST UTTAR PRADESH,UTTAR PRADESH,JALAUN,3.8,3.2,17.0,N,730.3,636.3,15.0,N,2026-09-25 11:20:48.503973
2026-09-25,2026-06-01,2026-09-25,district,WEST UTTAR PRADESH,UTTAR PRADESH,JHANSI,4.0,1.5,163.0,LE,570.6,716.0,-20.0,D,2026-09-25 11:20:48.503973
2026-09-25,2026-06-01,2026-09-25,district,WEST UTTAR PRADESH,UTTAR PRADESH,KASGANJ,0.0,1.7,-100.0,NR,568.3,663.0,-14.0,N,2026-09-25 11:20:48.503973
2026-09-25,2026-06-01,2026-09-25,district,WEST UTTAR PRADESH,UTTAR PRADESH,LALITPUR,4.6,1.1,318.0,LE,985.1,798.3,23.0,E,2026-09-25 11:20:48.503973
2026-09-25,2026-06-01,2026-09-25,district,WEST UTTAR PRADESH,UTTAR PRADESH,MAHOBA,10.5,1.9,454.0,LE,981.2,587.5,67.0,LE,2026-09-25 11:20:48.503973
2026-09-25,2026-06-01,2026-09-25,district,WEST UTTAR PRADESH,UTTAR PRADESH,MAINPURI,5.7,2.6,118.0,LE,394.4,647.8,-39.0,D,2026-09-25 11:20:48.503973
2026-09-25,2026-06-01,2026-09-25,district,WEST UTTAR PRADESH,UTTAR PRADESH,MATHURA,0.0,1.5,-100.0,NR,261.6,485.5,-46.0,D,2026-09-25 11:20:48.503973
2026-09-25,2026-06-01,2026-09-25,district,WEST UTTAR PRADESH,UTTAR PRADESH,MEERUT,0.0,3.6,-100.0,NR,996.3,645.2,54.0,E,2026-09-25 11:20:48.503973
2026-09-25,2026-06-01,2026-09-25,district,WEST UTTAR PRADESH,UTTAR PRADESH,MORADABAD,0.0,6.8,-100.0,NR,914.5,869.1,5.0,N,2026-09-25 11:20:48.503973
2026-09-25,2026-06-01,2026-09-25,district,WEST UTTAR PRADESH,UTTAR PRADESH,MUZAFFARNAGAR,0.0,8.2,-100.0,NR,989.6,658.7,50.0,E,2026-09-25 11:20:48.503973
2026-09-25,2026-06-01,2026-09-25,district,WEST UTTAR PRADESH,UTTAR PRADESH,PILIBHIT,0.0,4.0,-100.0,NR,347.9,834.5,-58.0,D,2026-09-25 11:20:48.503973
2026-09-25,2026-06-01,2026-09-25,district,WEST UTTAR PRADESH,UTTAR PRADESH,RAMPUR,0.0,3.8,-100.0,NR,613.2,724.5,-15.0,N,2026-09-25 11:20:48.503973
2026-09-25,2026-06-01,2026-09-25,district,WEST UTTAR PRADESH,UTTAR PRADESH,SAHARANPUR,0.0,4.5,-100.0,NR,518.3,752.3,-31.0,D,2026-09-25 11:20:48.503973
2026-09-25,2026-06-01,2026-09-25,district,WEST UTTAR PRADESH,UTTAR PRADESH,SAMBHAL,0.0,3.5,-100.0,NR,1151.2,655.4,76.0,LE,2026-09-25 11:20:48.503973
2026-09-25,2026-06-01,2026-09-25,district,WEST UTTAR PRADESH,UTTAR PRADESH,SHAHJAHANPUR,13.7,2.3,494.0,LE,759.0,756.6,0.0,N,2026-09-25 11:20:48.503973
2026-09-25,2026-06-01,2026-09-25,district,WEST UTTAR PRADESH,UTTAR PRADESH,SHAMLI,0.0,3.5,-100.0,NR,166.8,533.3,-69.0,LD,2026-09-25 11:20:48.503973
2026-09-25,2026-06-01,2026-09-25,state,ASSAM & MEGHALAYA,ASSAM,,0.4,8.9,-96.0,LD,1053.4,1440.8,-27.0,D,2026-09-25 11:20:48.503973
2026-09-25,2026-06-01,2026-09-25,state,ASSAM & MEGHALAYA,MEGHALAYA,,1.9,14.3,-87.0,LD,1067.4,2626.2,-59.0,D,2026-09-25 11:20:48.503973
2026-09-25,2026-06-01,2026-09-25,state,BIHAR,UTTAR PRADESH,,14.2,4.9,190.0,LE,701.9,735.3,-5.0,N,2026-09-25 11:20:48.503973
2026-09-25,2026-06-01,2026-09-25,state,CHHATTISGARH,ANDHRA PRADESH,,25.7,5.4,376.0,LE,386.9,495.7,-22.0,D,2026-09-25 11:20:48.503973
2026-09-25,2026-06-01,2026-09-25,state,COASTAL A. P. & YANAM,ANDHRA PRADESH,,25.7,5.4,376.0,LE,386.9,495.7,-22.0,D,2026-09-25 11:20:48.503973
2026-09-25,2026-06-01,2026-09-25,state,COASTAL A. P. & YANAM,PUDUCHERRY (UT),,4.4,5.3,-17.0,N,251.3,390.3,-36.0,D,2026-09-25 11:20:48.503973
2026-09-25,2026-06-01,2026-09-25,state,EAST MADHYA PRADESH,GUJARAT,,0.0,3.9,-100.0,NR,638.5,697.7,-8.0,N,2026-09-25 11:20:48.503973
2026-09-25,2026-06-01,2026-09-25,state,GUJARAT REGION,DADRA & NAGAR HAVELI AND DAMAN & DIU (UT),,0.0,16.5,-100.0,NR,2991.5,2168.7,38.0,E,2026-09-25 11:20:48.503973
2026-09-25,2026-06-01,2026-09-25,state,GUJARAT REGION,GUJARAT,,0.0,3.9,-100.0,NR,638.5,697.7,-8.0,N,2026-09-25 11:20:48.503973
2026-09-25,2026-06-01,2026-09-25,state,HAR. CHD & DELHI,CHANDIGARH (UT),,0.0,5.3,-100.0,NR,715.4,842.6,-15.0,N,2026-09-25 11:20:48.503973
2026-09-25,2026-06-01,2026-09-25,state,HAR. CHD & DELHI,DELHI,,0.0,1.1,-100.0,NR,562.7,540.1,4.0,N,2026-09-25 11:20:48.503973
2026-09-25,2026-06-01,2026-09-25,state,HAR. CHD & DELHI,HARYANA,,0.0,1.4,-99.0,LD,317.5,423.3,-25.0,D,2026-09-25 11:20:48.503973
2026-09-25,2026-06-01,2026-09-25,state,J & K AND LADAKH,JAMMU & KASHMIR(UT),,0.6,4.8,-87.0,LD,526.9,541.5,-3.0,N,2026-09-25 11:20:48.503973
2026-09-25,2026-06-01,2026-09-25,state,J & K AND LADAKH,LADAKH (UT),,0.0,0.0,-100.0,NR,49.4,22.0,125.0,LE,2026-09-25 11:20:48.503973
2026-09-25,2026-06-01,2026-09-25,state,J & K AND LADAKH,RAJASTHAN,,0.0,1.3,-100.0,NR,335.5,431.9,-22.0,D,2026-09-25 11:20:48.503973
2026-09-25,2026-06-01,2026-09-25,state,KERALA & MAHE,KERALA,,13.3,9.9,34.0,E,1443.5,1976.9,-27.0,D,2026-09-25 11:20:48.503973
2026-09-25,2026-06-01,2026-09-25,state,KERALA & MAHE,PUDUCHERRY (UT),,4.4,5.3,-17.0,N,251.3,390.3,-36.0,D,2026-09-25 11:20:48.503973
2026-09-25,2026-06-01,2026-09-25,state,KONKAN & GOA,GOA,,14.5,8.1,79.0,LE,1975.3,2961.4,-33.0,D,2026-09-25 11:20:48.503973
2026-09-25,2026-06-01,2026-09-25,state,KONKAN & GOA,MAHARASHTRA,,3.1,5.9,-48.0,D,798.2,970.9,-18.0,N,2026-09-25 11:20:48.503973
2026-09-25,2026-06-01,2026-09-25,state,NMMT,MANIPUR,,0.0,5.7,-100.0,NR,565.0,1009.8,-44.0,D,2026-09-25 11:20:48.503973
2026-09-25,2026-06-01,2026-09-25,state,NMMT,MIZORAM,,11.4,10.3,11.0,N,1288.7,1576.8,-18.0,N,2026-09-25 11:20:48.503973
2026-09-25,2026-06-01,2026-09-25,state,NMMT,NAGALAND,,3.4,6.7,-49.0,D,1086.9,1011.5,7.0,N,2026-09-25 11:20:48.503973
2026-09-25,2026-06-01,2026-09-25,state,NMMT,TRIPURA,,1.8,7.7,-76.0,LD,1157.5,1356.7,-15.0,N,2026-09-25 11:20:48.503973
2026-09-25,2026-06-01,2026-09-25,state,SAURASHTRA & KUTCH,DADRA & NAGAR HAVELI AND DAMAN & DIU (UT),,0.0,16.5,-100.0,NR,2991.5,2168.7,38.0,E,2026-09-25 11:20:48.503973
2026-09-25,2026-06-01,2026-09-25,state,SAURASHTRA & KUTCH,GUJARAT,,0.0,3.9,-100.0,NR,638.5,697.7,-8.0,N,2026-09-25 11:20:48.503973
2026-09-25,2026-06-01,2026-09-25,state,SHWB & SIKKIM,SIKKIM,,59.9,12.6,375.0,LE,1805.1,1629.3,11.0,N,2026-09-25 11:20:48.503973
2026-09-25,2026-06-01,2026-09-25,state,SHWB & SIKKIM,WEST BENGAL,,33.6,12.5,169.0,LE,1336.1,1299.8,3.0,N,2026-09-25 11:20:48.503973
2026-09-25,2026-06-01,2026-09-25,state,TAMIL. PUDU.& KARAIKAL,KARNATAKA,,6.5,5.2,25.0,E,567.9,801.5,-29.0,D,2026-09-25 11:20:48.503973
2026-09-25,2026-06-01,2026-09-25,state,TAMIL. PUDU.& KARAIKAL,PUDUCHERRY (UT),,4.4,5.3,-17.0,N,251.3,390.3,-36.0,D,2026-09-25 11:20:48.503973
2026-09-25,2026-06-01,2026-09-25,state,TAMIL. PUDU.& KARAIKAL,TAMILNADU,,0.2,4.7,-95.0,LD,255.5,304.8,-16.0,N,2026-09-25 11:20:48.503973
2026-09-25,2026-06-01,2026-09-25,state,WEST RAJASTHAN,MADHYA PRADESH,,7.1,2.8,152.0,LE,879.5,937.9,-6.0,N,2026-09-25 11:20:48.503973
2026-09-25,2026-06-01,2026-09-25,subdivision,A & N ISLAND,,,5.2,14.3,-63.0,LD,1741.0,1556.2,12.0,N,2026-09-25 11:20:48.503973
2026-09-25,2026-06-01,2026-09-25,subdivision,ARUNACHAL PRADESH,,,0.3,11.8,-97.0,LD,931.0,1627.8,-43.0,D,2026-09-25 11:20:48.503973
2026-09-25,2026-06-01,2026-09-25,subdivision,ASSAM & MEGHALAYA,,,0.8,10.1,-92.0,LD,1056.7,1716.7,-38.0,D,2026-09-25 11:20:48.503973
2026-09-25,2026-06-01,2026-09-25,subdivision,BIHAR,,,34.2,10.0,242.0,LE,644.4,959.4,-33.0,D,2026-09-25 11:20:48.503973
2026-09-25,2026-06-01,2026-09-25,subdivision,CHHATTISGARH,,,59.6,4.7,1168.0,LE,1119.5,1112.8,1.0,N,2026-09-25 11:20:48.503973
2026-09-25,2026-06-01,2026-09-25,subdivision,COASTAL A. P. & YANAM,,,44.0,6.4,587.0,LE,497.3,574.5,-13.0,N,2026-09-25 11:20:48.503973
2026-09-25,2026-06-01,2026-09-25,subdivision,COASTAL KARNATAKA,,,25.4,7.6,235.0,LE,2205.4,3049.2,-28.0,D,2026-09-25 11:20:48.503973
2026-09-25,2026-06-01,2026-09-25,subdivision,EAST MADHYA PRADESH,,,15.3,3.3,364.0,LE,1023.2,1030.2,-1.0,N,2026-09-25 11:20:48.503973
2026-09-25,2026-06-01,2026-09-25,subdivision,EAST RAJASTHAN,,,0.0,2.0,-100.0,NR,511.8,621.8,-18.0,N,2026-09-25 11:20:48.503973
2026-09-25,2026-06-01,2026-09-25,subdivision,EAST UTTAR PRADESH,,,22.4,6.2,261.0,LE,714.9,784.2,-9.0,N,2026-09-25 11:20:48.503973
2026-09-25,2026-06-01,2026-09-25,subdivision,GANGETIC WEST BENGAL,,,33.5,11.6,189.0,LE,1235.5,1128.2,10.0,N,2026-09-25 11:20:48.503973
2026-09-25,2026-06-01,2026-09-25,subdivision,GUJARAT REGION,,,0.0,5.0,-100.0,NR,920.1,912.6,1.0,N,2026-09-25 11:20:48.503973
2026-09-25,2026-06-01,2026-09-25,subdivision,HAR. CHD & DELHI,,,0.0,1.4,-99.0,LD,324.6,427.9,-24.0,D,2026-09-25 11:20:48.503973
2026-09-25,2026-06-01,2026-09-25,subdivision,HIMACHAL PRADESH,,,0.1,4.3,-99.0,LD,636.4,727.4,-13.0,N,2026-09-25 11:20:48.503973
2026-09-25,2026-06-01,2026-09-25,subdivision,J & K AND LADAKH,,,0.6,4.8,-87.0,LD,526.9,541.5,-3.0,N,2026-09-25 11:20:48.503973
2026-09-25,2026-06-01,2026-09-25,subdivision,JHARKHAND,,,27.6,7.3,278.0,LE,947.3,992.0,-5.0,N,2026-09-25 11:20:48.503973
2026-09-25,2026-06-01,2026-09-25,subdivision,KERALA & MAHE,,,13.3,9.9,34.0,E,1443.6,1976.9,-27.0,D,2026-09-25 11:20:48.503973
2026-09-25,2026-06-01,2026-09-25,subdivision,KONKAN & GOA,,,5.1,10.6,-52.0,D,2447.8,2822.3,-13.0,N,2026-09-25 11:20:48.503973
2026-09-25,2026-06-01,2026-09-25,subdivision,LAKSHADWEEP,,,0.0,5.9,-100.0,NR,718.7,1004.4,-28.0,D,2026-09-25 11:20:48.503973
2026-09-25,2026-06-01,2026-09-25,subdivision,MADHYA MAHARASHTRA,,,0.4,5.8,-93.0,LD,688.6,719.9,-4.0,N,2026-09-25 11:20:48.503973
2026-09-25,2026-06-01,2026-09-25,subdivision,MARATHWADA,,,0.2,6.2,-97.0,LD,386.7,623.1,-38.0,D,2026-09-25 11:20:48.503973
2026-09-25,2026-06-01,2026-09-25,subdivision,N. I. KARNATAKA,,,1.3,4.2,-69.0,LD,327.9,452.9,-28.0,D,2026-09-25 11:20:48.503973
2026-09-25,2026-06-01,2026-09-25,subdivision,NMMT,,,4.8,8.0,-39.0,D,1017.4,1265.3,-20.0,D,2026-09-25 11:20:48.503973
2026-09-25,2026-06-01,2026-09-25,subdivision,ODISHA,,,68.2,5.4,1162.0,LE,1453.1,1125.7,29.0,E,2026-09-25 11:20:48.503973
2026-09-25,2026-06-01,2026-09-25,subdivision,PUNJAB,,,0.6,3.2,-82.0,LD,254.8,433.5,-41.0,D,2026-09-25 11:20:48.503973
2026-09-25,2026-06-01,2026-09-25,subdivision,RAYALASEEMA,,,1.7,4.1,-58.0,D,242.3,383.9,-37.0,D,2026-09-25 11:20:48.503973
2026-09-25,2026-06-01,2026-09-25,subdivision,S. I. KARNATAKA,,,7.2,5.5,31.0,E,446.6,648.8,-31.0,D,2026-09-25 11:20:48.503973
2026-09-25,2026-06-01,2026-09-25,subdivision,SAURASHTRA & KUTCH,,,0.0,3.1,-100.0,NR,416.3,526.2,-21.0,D,2026-09-25 11:20:48.503973
2026-09-25,2026-06-01,2026-09-25,subdivision,SHWB & SIKKIM,,,40.4,15.1,167.0,LE,1682.2,1830.4,-8.0,N,2026-09-25 11:20:48.503973
2026-09-25,2026-06-01,2026-09-25,subdivision,TAMIL. PUDU.& KARAIKAL,,,0.2,4.6,-95.0,LD,255.3,304.8,-16.0,N,2026-09-25 11:20:48.503973
2026-09-25,2026-06-01,2026-09-25,subdivision,TELANGANA,,,7.5,5.0,51.0,E,602.6,712.7,-15.0,N,2026-09-25 11:20:48.503973
2026-09-25,2026-06-01,2026-09-25,subdivision,UTTARAKHAND,,,0.5,4.6,-89.0,LD,1160.5,1152.0,1.0,N,2026-09-25 11:20:48.503973
2026-09-25,2026-06-01,2026-09-25,subdivision,VIDARBHA,,,7.9,4.2,88.0,LE,677.5,923.5,-27.0,D,2026-09-25 11:20:48.503973
2026-09-25,2026-06-01,2026-09-25,subdivision,WEST MADHYA PRADESH,,,0.7,2.4,-70.0,LD,769.1,867.0,-11.0,N,2026-09-25 11:20:48.503973
2026-09-25,2026-06-01,2026-09-25,subdivision,WEST RAJASTHAN,,,0.0,0.8,-100.0,NR,195.2,280.8,-30.0,D,2026-09-25 11:20:48.503973
2026-09-25,2026-06-01,2026-09-25,subdivision,WEST UTTAR PRADESH,,,2.5,3.0,-18.0,N,683.3,666.7,2.0,N,2026-09-25 11:20:48.503973
