date,period_start,period_end,level,subdivision,state,district,day_actual_mm,day_normal_mm,day_departure_pct,day_category,period_actual_mm,period_normal_mm,period_departure_pct,period_category,scraped_at
2026-08-07,2026-06-01,2026-08-07,district,A & N ISLAND,ANDAMAN & NICOBAR ISLANDS,NICOBAR,53.5,7.8,585.0,LE,376.7,601.9,-37.0,D,2026-08-09 21:00:51.033910
2026-08-07,2026-06-01,2026-08-07,district,A & N ISLAND,ANDAMAN & NICOBAR ISLANDS,NORTH & MIDDLE ANDAMAN,49.0,17.6,178.0,LE,1450.9,1050.6,38.0,E,2026-08-09 21:00:51.033910
2026-08-07,2026-06-01,2026-08-07,district,A & N ISLAND,ANDAMAN & NICOBAR ISLANDS,SOUTH ANDAMAN,22.0,15.1,45.0,E,783.2,900.8,-13.0,N,2026-08-09 21:00:51.033910
2026-08-07,2026-06-01,2026-08-07,district,ARUNACHAL PRADESH,ARUNACHAL PRADESH,ANJAW,1.5,7.0,-79.0,LD,120.4,1029.8,-88.0,LD,2026-08-09 21:00:51.033910
2026-08-07,2026-06-01,2026-08-07,district,ARUNACHAL PRADESH,ARUNACHAL PRADESH,CHANGLANG,0.8,7.0,-89.0,LD,684.9,841.0,-19.0,N,2026-08-09 21:00:51.033910
2026-08-07,2026-06-01,2026-08-07,district,ARUNACHAL PRADESH,ARUNACHAL PRADESH,EAST KAMENG,0.0,7.6,-100.0,NR,983.4,756.6,30.0,E,2026-08-09 21:00:51.033910
2026-08-07,2026-06-01,2026-08-07,district,ARUNACHAL PRADESH,ARUNACHAL PRADESH,EAST SIANG,0.2,10.0,-98.0,LD,1656.6,2032.0,-18.0,N,2026-08-09 21:00:51.033910
2026-08-07,2026-06-01,2026-08-07,district,ARUNACHAL PRADESH,ARUNACHAL PRADESH,KURUNG KUMEY,0.0,3.6,-100.0,NR,368.4,713.4,-48.0,D,2026-08-09 21:00:51.033910
2026-08-07,2026-06-01,2026-08-07,district,ARUNACHAL PRADESH,ARUNACHAL PRADESH,LOHIT,0.1,8.0,-99.0,LD,657.5,1004.4,-35.0,D,2026-08-09 21:00:51.033910
2026-08-07,2026-06-01,2026-08-07,district,ARUNACHAL PRADESH,ARUNACHAL PRADESH,LOWER SUBANSIRI,0.0,5.5,-100.0,NR,281.1,463.9,-39.0,D,2026-08-09 21:00:51.033910
2026-08-07,2026-06-01,2026-08-07,district,ARUNACHAL PRADESH,ARUNACHAL PRADESH,PAPUMPARA,2.3,12.1,-81.0,LD,1244.9,1436.8,-13.0,N,2026-08-09 21:00:51.033910
2026-08-07,2026-06-01,2026-08-07,district,ARUNACHAL PRADESH,ARUNACHAL PRADESH,TAWANG,0.0,5.8,-100.0,NR,206.2,590.5,-65.0,LD,2026-08-09 21:00:51.033910
2026-08-07,2026-06-01,2026-08-07,district,ARUNACHAL PRADESH,ARUNACHAL PRADESH,TIRAP,0.0,12.5,-100.0,NR,1381.7,1254.9,10.0,N,2026-08-09 21:00:51.033910
2026-08-07,2026-06-01,2026-08-07,district,ARUNACHAL PRADESH,ARUNACHAL PRADESH,UPPER SIANG,0.0,2.6,-100.0,NR,817.3,1038.2,-21.0,D,2026-08-09 21:00:51.033910
2026-08-07,2026-06-01,2026-08-07,district,ARUNACHAL PRADESH,ARUNACHAL PRADESH,UPPER SUBANSIRI,0.0,9.0,-100.0,NR,264.1,587.0,-55.0,D,2026-08-09 21:00:51.033910
2026-08-07,2026-06-01,2026-08-07,district,ARUNACHAL PRADESH,ARUNACHAL PRADESH,WEST KAMENG,0.0,12.6,-100.0,NR,327.6,1056.2,-69.0,LD,2026-08-09 21:00:51.033910
2026-08-07,2026-06-01,2026-08-07,district,ARUNACHAL PRADESH,ARUNACHAL PRADESH,WEST SIANG,0.0,20.8,-100.0,NR,478.3,1277.2,-63.0,LD,2026-08-09 21:00:51.033910
2026-08-07,2026-06-01,2026-08-07,district,ASSAM & MEGHALAYA,ASSAM,BAJALI,0.0,8.7,-100.0,NR,865.5,1407.5,-39.0,D,2026-08-09 21:00:51.033910
2026-08-07,2026-06-01,2026-08-07,district,ASSAM & MEGHALAYA,ASSAM,BAKSA,6.1,4.4,39.0,E,884.0,1031.6,-14.0,N,2026-08-09 21:00:51.033910
2026-08-07,2026-06-01,2026-08-07,district,ASSAM & MEGHALAYA,ASSAM,BARPETA,0.0,8.7,-100.0,NR,1025.5,1407.5,-27.0,D,2026-08-09 21:00:51.033910
2026-08-07,2026-06-01,2026-08-07,district,ASSAM & MEGHALAYA,ASSAM,BONGAIGAON,0.0,7.5,-100.0,NR,707.6,1566.5,-55.0,D,2026-08-09 21:00:51.033910
2026-08-07,2026-06-01,2026-08-07,district,ASSAM & MEGHALAYA,ASSAM,CACHAR,11.3,14.2,-21.0,D,1117.9,1126.1,-1.0,N,2026-08-09 21:00:51.033910
2026-08-07,2026-06-01,2026-08-07,district,ASSAM & MEGHALAYA,ASSAM,CHARAIDEO,0.0,10.9,-100.0,NR,829.0,588.2,41.0,E,2026-08-09 21:00:51.033910
2026-08-07,2026-06-01,2026-08-07,district,ASSAM & MEGHALAYA,ASSAM,CHIRANG,0.0,4.7,-100.0,NR,957.8,1531.2,-37.0,D,2026-08-09 21:00:51.033910
2026-08-07,2026-06-01,2026-08-07,district,ASSAM & MEGHALAYA,ASSAM,DARRANG,0.0,9.8,-100.0,NR,477.1,839.9,-43.0,D,2026-08-09 21:00:51.033910
2026-08-07,2026-06-01,2026-08-07,district,ASSAM & MEGHALAYA,ASSAM,DHEMAJI,0.0,13.6,-100.0,NR,1475.1,1273.6,16.0,N,2026-08-09 21:00:51.033910
2026-08-07,2026-06-01,2026-08-07,district,ASSAM & MEGHALAYA,ASSAM,DHUBRI,0.0,9.9,-100.0,NR,998.1,1390.3,-28.0,D,2026-08-09 21:00:51.033910
2026-08-07,2026-06-01,2026-08-07,district,ASSAM & MEGHALAYA,ASSAM,DIBRUGARH,0.5,8.3,-94.0,LD,803.9,918.0,-12.0,N,2026-08-09 21:00:51.033910
2026-08-07,2026-06-01,2026-08-07,district,ASSAM & MEGHALAYA,ASSAM,DIMA HASAO,0.9,3.7,-76.0,LD,290.2,685.5,-58.0,D,2026-08-09 21:00:51.033910
2026-08-07,2026-06-01,2026-08-07,district,ASSAM & MEGHALAYA,ASSAM,GOALPARA,0.3,10.5,-97.0,LD,577.0,1304.8,-56.0,D,2026-08-09 21:00:51.033910
2026-08-07,2026-06-01,2026-08-07,district,ASSAM & MEGHALAYA,ASSAM,GOLAGHAT,9.1,12.2,-25.0,D,577.5,629.0,-8.0,N,2026-08-09 21:00:51.033910
2026-08-07,2026-06-01,2026-08-07,district,ASSAM & MEGHALAYA,ASSAM,HAILAKANDI,4.2,14.5,-71.0,LD,720.6,951.8,-24.0,D,2026-08-09 21:00:51.033910
2026-08-07,2026-06-01,2026-08-07,district,ASSAM & MEGHALAYA,ASSAM,HOJAI,0.3,12.1,-98.0,LD,245.6,453.5,-46.0,D,2026-08-09 21:00:51.033910
2026-08-07,2026-06-01,2026-08-07,district,ASSAM & MEGHALAYA,ASSAM,JORHAT,4.1,13.0,-68.0,LD,582.2,747.6,-22.0,D,2026-08-09 21:00:51.033910
2026-08-07,2026-06-01,2026-08-07,district,ASSAM & MEGHALAYA,ASSAM,KAMRUP METROPOLITAN,1.6,12.5,-88.0,LD,548.7,679.8,-19.0,N,2026-08-09 21:00:51.033910
2026-08-07,2026-06-01,2026-08-07,district,ASSAM & MEGHALAYA,ASSAM,KAMRUP RURAL,0.0,6.8,-100.0,NR,351.2,832.8,-58.0,D,2026-08-09 21:00:51.033910
2026-08-07,2026-06-01,2026-08-07,district,ASSAM & MEGHALAYA,ASSAM,KARBI ANGLONG,0.0,8.2,-100.0,NR,315.2,492.6,-36.0,D,2026-08-09 21:00:51.033910
2026-08-07,2026-06-01,2026-08-07,district,ASSAM & MEGHALAYA,ASSAM,KOKRAJHAR,0.0,14.2,-100.0,NR,1732.7,1766.5,-2.0,N,2026-08-09 21:00:51.033910
2026-08-07,2026-06-01,2026-08-07,district,ASSAM & MEGHALAYA,ASSAM,LAKHIMPUR,10.2,10.6,-4.0,N,1543.5,1242.9,24.0,E,2026-08-09 21:00:51.033910
2026-08-07,2026-06-01,2026-08-07,district,ASSAM & MEGHALAYA,ASSAM,MORIGAON,0.0,7.3,-100.0,NR,371.6,680.0,-45.0,D,2026-08-09 21:00:51.033910
2026-08-07,2026-06-01,2026-08-07,district,ASSAM & MEGHALAYA,ASSAM,NAGAON,0.0,7.9,-100.0,NR,298.1,626.4,-52.0,D,2026-08-09 21:00:51.033910
2026-08-07,2026-06-01,2026-08-07,district,ASSAM & MEGHALAYA,ASSAM,NALBARI,0.3,9.3,-97.0,LD,402.1,1041.0,-61.0,LD,2026-08-09 21:00:51.033910
2026-08-07,2026-06-01,2026-08-07,district,ASSAM & MEGHALAYA,ASSAM,SIBSAGAR,14.7,9.1,62.0,LE,514.1,727.3,-29.0,D,2026-08-09 21:00:51.033910
2026-08-07,2026-06-01,2026-08-07,district,ASSAM & MEGHALAYA,ASSAM,SONITPUR,27.8,12.1,130.0,LE,735.6,727.4,1.0,N,2026-08-09 21:00:51.033910
2026-08-07,2026-06-01,2026-08-07,district,ASSAM & MEGHALAYA,ASSAM,SRIBHUMI,15.2,12.4,22.0,E,1162.3,1372.2,-15.0,N,2026-08-09 21:00:51.033910
2026-08-07,2026-06-01,2026-08-07,district,ASSAM & MEGHALAYA,ASSAM,TAMULPUR,0.0,5.8,-100.0,NR,891.6,919.7,-3.0,N,2026-08-09 21:00:51.033910
2026-08-07,2026-06-01,2026-08-07,district,ASSAM & MEGHALAYA,ASSAM,TINSUKIA,0.0,8.8,-100.0,NR,902.8,894.9,1.0,N,2026-08-09 21:00:51.033910
2026-08-07,2026-06-01,2026-08-07,district,ASSAM & MEGHALAYA,ASSAM,UDALGURI,0.0,9.1,-100.0,NR,426.0,942.1,-55.0,D,2026-08-09 21:00:51.033910
2026-08-07,2026-06-01,2026-08-07,district,ASSAM & MEGHALAYA,ASSAM,WEST KARBI ANGLONG,0.0,7.8,-100.0,NR,369.4,438.0,-16.0,N,2026-08-09 21:00:51.033910
2026-08-07,2026-06-01,2026-08-07,district,ASSAM & MEGHALAYA,MEGHALAYA,EAST GARO HILLS,4.1,6.2,-34.0,D,507.1,1201.9,-58.0,D,2026-08-09 21:00:51.033910
2026-08-07,2026-06-01,2026-08-07,district,ASSAM & MEGHALAYA,MEGHALAYA,EAST JAINTIA HILLS,2.3,19.9,-88.0,LD,1152.6,2974.2,-61.0,LD,2026-08-09 21:00:51.033910
2026-08-07,2026-06-01,2026-08-07,district,ASSAM & MEGHALAYA,MEGHALAYA,EAST KHASI HILLS,9.4,23.4,-60.0,LD,1537.0,3002.9,-49.0,D,2026-08-09 21:00:51.033910
2026-08-07,2026-06-01,2026-08-07,district,ASSAM & MEGHALAYA,MEGHALAYA,NORTH GARO HILLS,0.1,12.3,-99.0,LD,392.7,1118.5,-65.0,LD,2026-08-09 21:00:51.033910
2026-08-07,2026-06-01,2026-08-07,district,ASSAM & MEGHALAYA,MEGHALAYA,RI BHOI,1.7,9.3,-81.0,LD,469.5,909.0,-48.0,D,2026-08-09 21:00:51.033910
2026-08-07,2026-06-01,2026-08-07,district,ASSAM & MEGHALAYA,MEGHALAYA,SOUTH GARO HILLS,18.8,12.3,53.0,E,674.5,1118.5,-40.0,D,2026-08-09 21:00:51.033910
2026-08-07,2026-06-01,2026-08-07,district,ASSAM & MEGHALAYA,MEGHALAYA,SOUTH WEST GARO HILLS,0.3,12.3,-98.0,LD,491.2,1118.5,-56.0,D,2026-08-09 21:00:51.033910
2026-08-07,2026-06-01,2026-08-07,district,ASSAM & MEGHALAYA,MEGHALAYA,SOUTH WEST KHASI HILLS,6.2,12.3,-50.0,D,2082.1,1118.5,86.0,LE,2026-08-09 21:00:51.033910
2026-08-07,2026-06-01,2026-08-07,district,ASSAM & MEGHALAYA,MEGHALAYA,WEST GARO HILLS,3.1,7.6,-59.0,D,371.4,1192.0,-69.0,LD,2026-08-09 21:00:51.033910
2026-08-07,2026-06-01,2026-08-07,district,ASSAM & MEGHALAYA,MEGHALAYA,WEST JAINTIA HILLS,0.7,19.9,-96.0,LD,668.5,2974.2,-78.0,LD,2026-08-09 21:00:51.033910
2026-08-07,2026-06-01,2026-08-07,district,ASSAM & MEGHALAYA,MEGHALAYA,WEST KHASI HILLS,5.5,9.6,-42.0,D,510.9,1736.0,-71.0,LD,2026-08-09 21:00:51.033910
2026-08-07,2026-06-01,2026-08-07,district,BIHAR,BIHAR,ARARIA,0.0,6.9,-100.0,NR,624.3,827.6,-25.0,D,2026-08-09 21:00:51.033910
2026-08-07,2026-06-01,2026-08-07,district,BIHAR,BIHAR,ARWAL,7.6,6.1,24.0,E,192.0,375.4,-49.0,D,2026-08-09 21:00:51.033910
2026-08-07,2026-06-01,2026-08-07,district,BIHAR,BIHAR,AURANGABAD,8.6,9.5,-9.0,N,324.2,478.9,-32.0,D,2026-08-09 21:00:51.033910
2026-08-07,2026-06-01,2026-08-07,district,BIHAR,BIHAR,BANKA,5.2,10.6,-51.0,D,266.6,478.9,-44.0,D,2026-08-09 21:00:51.033910
2026-08-07,2026-06-01,2026-08-07,district,BIHAR,BIHAR,BEGUSARAI,2.8,9.2,-70.0,LD,375.6,552.2,-32.0,D,2026-08-09 21:00:51.033910
2026-08-07,2026-06-01,2026-08-07,district,BIHAR,BIHAR,BHABUA,10.9,10.6,3.0,N,234.8,464.6,-49.0,D,2026-08-09 21:00:51.033910
2026-08-07,2026-06-01,2026-08-07,district,BIHAR,BIHAR,BHAGALPUR,2.8,6.8,-59.0,D,247.1,552.5,-55.0,D,2026-08-09 21:00:51.033910
2026-08-07,2026-06-01,2026-08-07,district,BIHAR,BIHAR,BHOJPUR,4.8,8.8,-46.0,D,248.8,472.8,-47.0,D,2026-08-09 21:00:51.033910
2026-08-07,2026-06-01,2026-08-07,district,BIHAR,BIHAR,BUXAR,9.2,8.9,3.0,N,339.4,431.3,-21.0,D,2026-08-09 21:00:51.033910
2026-08-07,2026-06-01,2026-08-07,district,BIHAR,BIHAR,DARBHANGA,0.1,6.7,-99.0,LD,278.4,513.7,-46.0,D,2026-08-09 21:00:51.033910
2026-08-07,2026-06-01,2026-08-07,district,BIHAR,BIHAR,EAST CHAMPARAN,0.7,6.0,-88.0,LD,375.4,599.3,-37.0,D,2026-08-09 21:00:51.033910
2026-08-07,2026-06-01,2026-08-07,district,BIHAR,BIHAR,GAYA,12.6,8.6,47.0,E,266.4,468.3,-43.0,D,2026-08-09 21:00:51.033910
2026-08-07,2026-06-01,2026-08-07,district,BIHAR,BIHAR,GOPALGANJ,0.0,9.5,-100.0,NR,374.7,534.2,-30.0,D,2026-08-09 21:00:51.033910
2026-08-07,2026-06-01,2026-08-07,district,BIHAR,BIHAR,JAHANABAD,4.2,7.7,-45.0,D,170.3,452.9,-62.0,LD,2026-08-09 21:00:51.033910
2026-08-07,2026-06-01,2026-08-07,district,BIHAR,BIHAR,JAMUI,6.9,10.5,-34.0,D,251.7,521.2,-52.0,D,2026-08-09 21:00:51.033910
2026-08-07,2026-06-01,2026-08-07,district,BIHAR,BIHAR,KATIHAR,2.6,5.7,-55.0,D,409.8,618.1,-34.0,D,2026-08-09 21:00:51.033910
2026-08-07,2026-06-01,2026-08-07,district,BIHAR,BIHAR,KHAGARIA,2.5,6.4,-61.0,LD,539.0,544.4,-1.0,N,2026-08-09 21:00:51.033910
2026-08-07,2026-06-01,2026-08-07,district,BIHAR,BIHAR,KISHANGANJ,0.9,7.8,-89.0,LD,835.7,1028.9,-19.0,N,2026-08-09 21:00:51.033910
2026-08-07,2026-06-01,2026-08-07,district,BIHAR,BIHAR,LAKHISARAI,16.0,8.0,100.0,LE,455.4,474.9,-4.0,N,2026-08-09 21:00:51.033910
2026-08-07,2026-06-01,2026-08-07,district,BIHAR,BIHAR,MADHEPURA,1.8,9.0,-80.0,LD,395.9,589.5,-33.0,D,2026-08-09 21:00:51.033910
2026-08-07,2026-06-01,2026-08-07,district,BIHAR,BIHAR,MADHUBANI,0.0,5.5,-100.0,NR,397.4,574.1,-31.0,D,2026-08-09 21:00:51.033910
2026-08-07,2026-06-01,2026-08-07,district,BIHAR,BIHAR,MUNGER,0.6,7.3,-91.0,LD,376.1,579.6,-35.0,D,2026-08-09 21:00:51.033910
2026-08-07,2026-06-01,2026-08-07,district,BIHAR,BIHAR,MUZAFFARPUR,0.0,6.9,-100.0,NR,306.1,536.2,-43.0,D,2026-08-09 21:00:51.033910
2026-08-07,2026-06-01,2026-08-07,district,BIHAR,BIHAR,NALANDA,3.6,8.7,-58.0,D,262.8,469.4,-44.0,D,2026-08-09 21:00:51.033910
2026-08-07,2026-06-01,2026-08-07,district,BIHAR,BIHAR,NAWADA,2.1,7.6,-73.0,LD,307.7,458.1,-33.0,D,2026-08-09 21:00:51.033910
2026-08-07,2026-06-01,2026-08-07,district,BIHAR,BIHAR,PATNA,1.8,7.1,-75.0,LD,243.3,490.9,-50.0,D,2026-08-09 21:00:51.033910
2026-08-07,2026-06-01,2026-08-07,district,BIHAR,BIHAR,PURNEA,2.0,8.3,-76.0,LD,527.5,831.8,-37.0,D,2026-08-09 21:00:51.033910
2026-08-07,2026-06-01,2026-08-07,district,BIHAR,BIHAR,ROHTAS,11.2,9.7,16.0,N,282.8,463.3,-39.0,D,2026-08-09 21:00:51.033910
2026-08-07,2026-06-01,2026-08-07,district,BIHAR,BIHAR,SAHARSA,3.2,6.1,-48.0,D,351.3,621.2,-43.0,D,2026-08-09 21:00:51.033910
2026-08-07,2026-06-01,2026-08-07,district,BIHAR,BIHAR,SAMASTIPUR,0.2,8.7,-97.0,LD,313.6,517.9,-39.0,D,2026-08-09 21:00:51.033910
2026-08-07,2026-06-01,2026-08-07,district,BIHAR,BIHAR,SARAN,0.7,7.6,-91.0,LD,283.6,495.5,-43.0,D,2026-08-09 21:00:51.033910
2026-08-07,2026-06-01,2026-08-07,district,BIHAR,BIHAR,SHEIKHPURA,0.0,6.9,-100.0,NR,302.9,473.8,-36.0,D,2026-08-09 21:00:51.033910
2026-08-07,2026-06-01,2026-08-07,district,BIHAR,BIHAR,SHEOHAR,0.8,8.3,-90.0,LD,288.3,587.4,-51.0,D,2026-08-09 21:00:51.033910
2026-08-07,2026-06-01,2026-08-07,district,BIHAR,BIHAR,SITAMARHI,0.4,4.9,-92.0,LD,305.7,624.8,-51.0,D,2026-08-09 21:00:51.033910
2026-08-07,2026-06-01,2026-08-07,district,BIHAR,BIHAR,SIWAN,1.7,7.6,-78.0,LD,456.9,490.6,-7.0,N,2026-08-09 21:00:51.033910
2026-08-07,2026-06-01,2026-08-07,district,BIHAR,BIHAR,SUPAUL,0.0,5.7,-100.0,NR,551.7,646.0,-15.0,N,2026-08-09 21:00:51.033910
2026-08-07,2026-06-01,2026-08-07,district,BIHAR,BIHAR,VAISHALI,0.9,6.6,-87.0,LD,327.5,506.3,-35.0,D,2026-08-09 21:00:51.033910
2026-08-07,2026-06-01,2026-08-07,district,BIHAR,BIHAR,WEST CHAMPARAN,0.0,7.8,-100.0,NR,530.1,706.0,-25.0,D,2026-08-09 21:00:51.033910
2026-08-07,2026-06-01,2026-08-07,district,CHHATTISGARH,CHHATTISGARH,BALOD,2.4,15.1,-84.0,LD,687.5,583.1,18.0,N,2026-08-09 21:00:51.033910
2026-08-07,2026-06-01,2026-08-07,district,CHHATTISGARH,CHHATTISGARH,BALODA BAZAR,16.5,11.0,50.0,E,696.1,533.3,31.0,E,2026-08-09 21:00:51.033910
2026-08-07,2026-06-01,2026-08-07,district,CHHATTISGARH,CHHATTISGARH,BALRAMPUR,24.9,11.3,121.0,LE,577.2,540.7,7.0,N,2026-08-09 21:00:51.033910
2026-08-07,2026-06-01,2026-08-07,district,CHHATTISGARH,CHHATTISGARH,BASTAR,6.5,21.8,-70.0,LD,545.3,687.1,-21.0,D,2026-08-09 21:00:51.033910
2026-08-07,2026-06-01,2026-08-07,district,CHHATTISGARH,CHHATTISGARH,BEMETARA,2.2,12.7,-83.0,LD,354.5,594.5,-40.0,D,2026-08-09 21:00:51.033910
2026-08-07,2026-06-01,2026-08-07,district,CHHATTISGARH,CHHATTISGARH,BIJAPUR,30.0,20.6,45.0,E,779.1,784.6,-1.0,N,2026-08-09 21:00:51.033910
2026-08-07,2026-06-01,2026-08-07,district,CHHATTISGARH,CHHATTISGARH,BILASPUR,14.4,9.4,53.0,E,645.1,581.1,11.0,N,2026-08-09 21:00:51.033910
2026-08-07,2026-06-01,2026-08-07,district,CHHATTISGARH,CHHATTISGARH,DANTEWADA,8.3,19.7,-58.0,D,650.1,742.5,-12.0,N,2026-08-09 21:00:51.033910
2026-08-07,2026-06-01,2026-08-07,district,CHHATTISGARH,CHHATTISGARH,DHAMTARI,4.9,16.3,-70.0,LD,647.4,607.6,7.0,N,2026-08-09 21:00:51.033910
2026-08-07,2026-06-01,2026-08-07,district,CHHATTISGARH,CHHATTISGARH,DURG,2.2,11.0,-80.0,LD,514.6,569.0,-10.0,N,2026-08-09 21:00:51.033910
2026-08-07,2026-06-01,2026-08-07,district,CHHATTISGARH,CHHATTISGARH,GARIABAND,3.5,14.0,-75.0,LD,722.0,600.1,20.0,E,2026-08-09 21:00:51.033910
2026-08-07,2026-06-01,2026-08-07,district,CHHATTISGARH,CHHATTISGARH,GAURELA PENDRA MARWAHI,19.6,10.5,87.0,LE,579.3,609.7,-5.0,N,2026-08-09 21:00:51.033910
2026-08-07,2026-06-01,2026-08-07,district,CHHATTISGARH,CHHATTISGARH,JANJGIR,11.7,12.9,-10.0,N,809.8,610.9,33.0,E,2026-08-09 21:00:51.033910
2026-08-07,2026-06-01,2026-08-07,district,CHHATTISGARH,CHHATTISGARH,JASHPUR,13.5,11.7,15.0,N,428.1,809.4,-47.0,D,2026-08-09 21:00:51.033910
2026-08-07,2026-06-01,2026-08-07,district,CHHATTISGARH,CHHATTISGARH,KABIRDHAM,2.1,15.9,-87.0,LD,377.4,489.5,-23.0,D,2026-08-09 21:00:51.033910
2026-08-07,2026-06-01,2026-08-07,district,CHHATTISGARH,CHHATTISGARH,KANKER,2.1,21.2,-90.0,LD,531.4,758.0,-30.0,D,2026-08-09 21:00:51.033910
2026-08-07,2026-06-01,2026-08-07,district,CHHATTISGARH,CHHATTISGARH,KHAIRAGARH CHH GANDAI,2.2,8.1,-73.0,LD,417.9,422.6,-1.0,N,2026-08-09 21:00:51.033910
2026-08-07,2026-06-01,2026-08-07,district,CHHATTISGARH,CHHATTISGARH,KONDAGAON,1.6,16.5,-90.0,LD,597.9,665.9,-10.0,N,2026-08-09 21:00:51.033910
2026-08-07,2026-06-01,2026-08-07,district,CHHATTISGARH,CHHATTISGARH,KORBA,18.6,13.3,40.0,E,607.1,732.7,-17.0,N,2026-08-09 21:00:51.033910
2026-08-07,2026-06-01,2026-08-07,district,CHHATTISGARH,CHHATTISGARH,KORIYA,7.8,11.2,-30.0,D,514.8,644.5,-20.0,D,2026-08-09 21:00:51.033910
2026-08-07,2026-06-01,2026-08-07,district,CHHATTISGARH,CHHATTISGARH,MAHASAMUND,16.0,11.3,42.0,E,771.0,598.3,29.0,E,2026-08-09 21:00:51.033910
2026-08-07,2026-06-01,2026-08-07,district,CHHATTISGARH,CHHATTISGARH,MANENDRAGARH BHARATPUR,10.0,11.3,-11.0,N,499.4,644.4,-23.0,D,2026-08-09 21:00:51.033910
2026-08-07,2026-06-01,2026-08-07,district,CHHATTISGARH,CHHATTISGARH,MOHALA MANPUR CHOWKI,1.0,14.6,-93.0,LD,529.5,614.8,-14.0,N,2026-08-09 21:00:51.033910
2026-08-07,2026-06-01,2026-08-07,district,CHHATTISGARH,CHHATTISGARH,MUNGELI,20.8,11.9,75.0,LE,655.0,555.9,18.0,N,2026-08-09 21:00:51.033910
2026-08-07,2026-06-01,2026-08-07,district,CHHATTISGARH,CHHATTISGARH,NARAYANPUR,2.5,21.9,-89.0,LD,1007.2,702.0,43.0,E,2026-08-09 21:00:51.033910
2026-08-07,2026-06-01,2026-08-07,district,CHHATTISGARH,CHHATTISGARH,RAIGARH,23.6,14.2,66.0,LE,604.0,682.3,-11.0,N,2026-08-09 21:00:51.033910
2026-08-07,2026-06-01,2026-08-07,district,CHHATTISGARH,CHHATTISGARH,RAIPUR,3.2,12.6,-75.0,LD,654.2,573.8,14.0,N,2026-08-09 21:00:51.033910
2026-08-07,2026-06-01,2026-08-07,district,CHHATTISGARH,CHHATTISGARH,RAJNANDGAON,0.5,10.6,-96.0,LD,529.9,609.4,-13.0,N,2026-08-09 21:00:51.033910
2026-08-07,2026-06-01,2026-08-07,district,CHHATTISGARH,CHHATTISGARH,SAKTI,18.1,12.2,48.0,E,667.8,638.5,5.0,N,2026-08-09 21:00:51.033910
2026-08-07,2026-06-01,2026-08-07,district,CHHATTISGARH,CHHATTISGARH,SARANGARH BILAIGARH,16.9,13.1,29.0,E,869.9,544.1,60.0,LE,2026-08-09 21:00:51.033910
2026-08-07,2026-06-01,2026-08-07,district,CHHATTISGARH,CHHATTISGARH,SUKMA,18.6,12.7,46.0,E,576.2,694.4,-17.0,N,2026-08-09 21:00:51.033910
2026-08-07,2026-06-01,2026-08-07,district,CHHATTISGARH,CHHATTISGARH,SURAJPUR,25.4,14.3,78.0,LE,621.0,695.7,-11.0,N,2026-08-09 21:00:51.033910
2026-08-07,2026-06-01,2026-08-07,district,CHHATTISGARH,CHHATTISGARH,SURGUJA,10.0,16.5,-39.0,D,332.8,701.0,-53.0,D,2026-08-09 21:00:51.033910
2026-08-07,2026-06-01,2026-08-07,district,COASTAL A. P. & YANAM,ANDHRA PRADESH,ANAKAPALLI,11.4,7.4,54.0,E,232.0,313.7,-26.0,D,2026-08-09 21:00:51.033910
2026-08-07,2026-06-01,2026-08-07,district,COASTAL A. P. & YANAM,ANDHRA PRADESH,BAPATLA,2.0,3.3,-41.0,D,118.8,260.3,-54.0,D,2026-08-09 21:00:51.033910
2026-08-07,2026-06-01,2026-08-07,district,COASTAL A. P. & YANAM,ANDHRA PRADESH,DR B R AMBEDKAR KONASEEMA,0.0,6.5,-100.0,NR,386.8,402.1,-4.0,N,2026-08-09 21:00:51.033910
2026-08-07,2026-06-01,2026-08-07,district,COASTAL A. P. & YANAM,ANDHRA PRADESH,EAST GODAVARI,0.0,7.8,-100.0,NR,259.7,385.1,-33.0,D,2026-08-09 21:00:51.033910
2026-08-07,2026-06-01,2026-08-07,district,COASTAL A. P. & YANAM,ANDHRA PRADESH,ELURU,4.4,8.6,-49.0,D,323.7,472.9,-32.0,D,2026-08-09 21:00:51.033910
2026-08-07,2026-06-01,2026-08-07,district,COASTAL A. P. & YANAM,ANDHRA PRADESH,GUNTUR,1.6,4.1,-61.0,LD,254.2,305.8,-17.0,N,2026-08-09 21:00:51.033910
2026-08-07,2026-06-01,2026-08-07,district,COASTAL A. P. & YANAM,ANDHRA PRADESH,KAKINADA,0.5,6.1,-91.0,LD,261.5,354.7,-26.0,D,2026-08-09 21:00:51.033910
2026-08-07,2026-06-01,2026-08-07,district,COASTAL A. P. & YANAM,ANDHRA PRADESH,KRISHNA,7.9,5.5,43.0,E,252.8,355.0,-29.0,D,2026-08-09 21:00:51.033910
2026-08-07,2026-06-01,2026-08-07,district,COASTAL A. P. & YANAM,ANDHRA PRADESH,NTR DISTRICT,4.4,4.5,-3.0,N,271.4,372.7,-27.0,D,2026-08-09 21:00:51.033910
2026-08-07,2026-06-01,2026-08-07,district,COASTAL A. P. & YANAM,ANDHRA PRADESH,PALNADU,0.7,3.9,-83.0,LD,196.3,280.2,-30.0,D,2026-08-09 21:00:51.033910
2026-08-07,2026-06-01,2026-08-07,district,COASTAL A. P. & YANAM,ANDHRA PRADESH,PARVATHIPURAM MANYAM,25.4,6.5,290.0,LE,236.9,412.8,-43.0,D,2026-08-09 21:00:51.033910
2026-08-07,2026-06-01,2026-08-07,district,COASTAL A. P. & YANAM,ANDHRA PRADESH,PRAKASAM,1.1,1.4,-24.0,D,91.5,177.2,-48.0,D,2026-08-09 21:00:51.033910
2026-08-07,2026-06-01,2026-08-07,district,COASTAL A. P. & YANAM,ANDHRA PRADESH,SPSR NELLORE,7.3,2.1,247.0,LE,114.5,157.7,-27.0,D,2026-08-09 21:00:51.033910
2026-08-07,2026-06-01,2026-08-07,district,COASTAL A. P. & YANAM,ANDHRA PRADESH,SRI ALLURI SITHARAMARAJU DISTRICT,9.0,9.8,-8.0,N,261.2,508.6,-49.0,D,2026-08-09 21:00:51.033910
2026-08-07,2026-06-01,2026-08-07,district,COASTAL A. P. & YANAM,ANDHRA PRADESH,SRIKAKULAM,18.5,6.0,209.0,LE,202.3,374.4,-46.0,D,2026-08-09 21:00:51.033910
2026-08-07,2026-06-01,2026-08-07,district,COASTAL A. P. & YANAM,ANDHRA PRADESH,VISHAKHAPATNAM,53.4,3.1,1623.0,LE,207.6,274.1,-24.0,D,2026-08-09 21:00:51.033910
2026-08-07,2026-06-01,2026-08-07,district,COASTAL A. P. & YANAM,ANDHRA PRADESH,VIZIANAGARAM,20.6,4.4,368.0,LE,252.4,348.6,-28.0,D,2026-08-09 21:00:51.033910
2026-08-07,2026-06-01,2026-08-07,district,COASTAL A. P. & YANAM,ANDHRA PRADESH,WEST GODAVARI,0.2,7.9,-97.0,LD,186.2,388.6,-52.0,D,2026-08-09 21:00:51.033910
2026-08-07,2026-06-01,2026-08-07,district,COASTAL A. P. & YANAM,PUDUCHERRY (UT),YANAM,0.0,5.7,-100.0,NR,220.0,370.2,-41.0,D,2026-08-09 21:00:51.033910
2026-08-07,2026-06-01,2026-08-07,district,COASTAL KARNATAKA,KARNATAKA,DAKSHINA KANNADA,39.5,30.5,30.0,E,1914.9,2334.4,-18.0,N,2026-08-09 21:00:51.033910
2026-08-07,2026-06-01,2026-08-07,district,COASTAL KARNATAKA,KARNATAKA,UDUPI,30.6,32.1,-5.0,N,2010.3,2649.2,-24.0,D,2026-08-09 21:00:51.033910
2026-08-07,2026-06-01,2026-08-07,district,COASTAL KARNATAKA,KARNATAKA,UTTARA KANNADA,28.2,29.3,-4.0,N,1522.1,1950.0,-22.0,D,2026-08-09 21:00:51.033910
2026-08-07,2026-06-01,2026-08-07,district,EAST MADHYA PRADESH,MADHYA PRADESH,ANUPPUR,25.3,10.7,136.0,LE,545.4,574.2,-5.0,N,2026-08-09 21:00:51.033910
2026-08-07,2026-06-01,2026-08-07,district,EAST MADHYA PRADESH,MADHYA PRADESH,BALAGHAT,12.7,15.8,-20.0,D,629.1,720.5,-13.0,N,2026-08-09 21:00:51.033910
2026-08-07,2026-06-01,2026-08-07,district,EAST MADHYA PRADESH,MADHYA PRADESH,CHHATARPUR,9.5,14.9,-36.0,D,376.0,501.4,-25.0,D,2026-08-09 21:00:51.033910
2026-08-07,2026-06-01,2026-08-07,district,EAST MADHYA PRADESH,MADHYA PRADESH,CHHINDWARA,0.4,11.8,-97.0,LD,484.5,589.8,-18.0,N,2026-08-09 21:00:51.033910
2026-08-07,2026-06-01,2026-08-07,district,EAST MADHYA PRADESH,MADHYA PRADESH,DAMOH,3.7,21.6,-83.0,LD,470.1,625.5,-25.0,D,2026-08-09 21:00:51.033910
2026-08-07,2026-06-01,2026-08-07,district,EAST MADHYA PRADESH,MADHYA PRADESH,DINDORI,5.2,19.9,-74.0,LD,536.0,686.2,-22.0,D,2026-08-09 21:00:51.033910
2026-08-07,2026-06-01,2026-08-07,district,EAST MADHYA PRADESH,MADHYA PRADESH,JABALPUR,0.2,19.8,-99.0,LD,415.7,619.7,-33.0,D,2026-08-09 21:00:51.033910
2026-08-07,2026-06-01,2026-08-07,district,EAST MADHYA PRADESH,MADHYA PRADESH,KATNI,0.1,6.5,-99.0,LD,371.6,531.9,-30.0,D,2026-08-09 21:00:51.033910
2026-08-07,2026-06-01,2026-08-07,district,EAST MADHYA PRADESH,MADHYA PRADESH,MAIHAR,27.6,13.8,100.0,LE,364.7,532.0,-31.0,D,2026-08-09 21:00:51.033910
2026-08-07,2026-06-01,2026-08-07,district,EAST MADHYA PRADESH,MADHYA PRADESH,MANDLA,2.7,17.3,-85.0,LD,452.2,687.5,-34.0,D,2026-08-09 21:00:51.033910
2026-08-07,2026-06-01,2026-08-07,district,EAST MADHYA PRADESH,MADHYA PRADESH,MAUGANJ,48.9,13.9,252.0,LE,547.8,522.6,5.0,N,2026-08-09 21:00:51.033910
2026-08-07,2026-06-01,2026-08-07,district,EAST MADHYA PRADESH,MADHYA PRADESH,NARSINGHPUR,0.0,15.9,-100.0,NR,370.8,568.7,-35.0,D,2026-08-09 21:00:51.033910
2026-08-07,2026-06-01,2026-08-07,district,EAST MADHYA PRADESH,MADHYA PRADESH,NIWARI,51.0,11.2,355.0,LE,368.0,398.5,-8.0,N,2026-08-09 21:00:51.033910
2026-08-07,2026-06-01,2026-08-07,district,EAST MADHYA PRADESH,MADHYA PRADESH,PANDHURNA,0.0,8.0,-100.0,NR,444.6,463.6,-4.0,N,2026-08-09 21:00:51.033910
2026-08-07,2026-06-01,2026-08-07,district,EAST MADHYA PRADESH,MADHYA PRADESH,PANNA,5.3,19.5,-73.0,LD,402.4,591.9,-32.0,D,2026-08-09 21:00:51.033910
2026-08-07,2026-06-01,2026-08-07,district,EAST MADHYA PRADESH,MADHYA PRADESH,REWA,14.7,11.7,25.0,E,221.4,538.3,-59.0,D,2026-08-09 21:00:51.033910
2026-08-07,2026-06-01,2026-08-07,district,EAST MADHYA PRADESH,MADHYA PRADESH,SAGAR,4.9,17.5,-72.0,LD,386.1,614.8,-37.0,D,2026-08-09 21:00:51.033910
2026-08-07,2026-06-01,2026-08-07,district,EAST MADHYA PRADESH,MADHYA PRADESH,SATNA,15.3,10.3,49.0,E,441.7,515.2,-14.0,N,2026-08-09 21:00:51.033910
2026-08-07,2026-06-01,2026-08-07,district,EAST MADHYA PRADESH,MADHYA PRADESH,SEONI,0.9,12.0,-92.0,LD,542.6,603.7,-10.0,N,2026-08-09 21:00:51.033910
2026-08-07,2026-06-01,2026-08-07,district,EAST MADHYA PRADESH,MADHYA PRADESH,SHAHDOL,14.7,16.2,-9.0,N,508.0,542.8,-6.0,N,2026-08-09 21:00:51.033910
2026-08-07,2026-06-01,2026-08-07,district,EAST MADHYA PRADESH,MADHYA PRADESH,SIDHI,21.6,14.9,45.0,E,452.4,562.4,-20.0,D,2026-08-09 21:00:51.033910
2026-08-07,2026-06-01,2026-08-07,district,EAST MADHYA PRADESH,MADHYA PRADESH,SINGRAULI,24.2,11.8,105.0,LE,432.7,589.8,-27.0,D,2026-08-09 21:00:51.033910
2026-08-07,2026-06-01,2026-08-07,district,EAST MADHYA PRADESH,MADHYA PRADESH,TIKAMGARH,4.5,15.8,-72.0,LD,332.5,525.8,-37.0,D,2026-08-09 21:00:51.033910
2026-08-07,2026-06-01,2026-08-07,district,EAST MADHYA PRADESH,MADHYA PRADESH,UMARIA,6.9,18.1,-62.0,LD,500.0,562.9,-11.0,N,2026-08-09 21:00:51.033910
2026-08-07,2026-06-01,2026-08-07,district,EAST RAJASTHAN,RAJASTHAN,AJMER,0.0,6.8,-100.0,NR,278.3,263.9,5.0,N,2026-08-09 21:00:51.033910
2026-08-07,2026-06-01,2026-08-07,district,EAST RAJASTHAN,RAJASTHAN,ALWAR,20.5,5.4,279.0,LE,278.1,309.1,-10.0,N,2026-08-09 21:00:51.033910
2026-08-07,2026-06-01,2026-08-07,district,EAST RAJASTHAN,RAJASTHAN,BANSWARA,2.7,9.9,-73.0,LD,272.9,483.1,-44.0,D,2026-08-09 21:00:51.033910
2026-08-07,2026-06-01,2026-08-07,district,EAST RAJASTHAN,RAJASTHAN,BARAN,22.9,13.8,66.0,LE,372.1,481.4,-23.0,D,2026-08-09 21:00:51.033910
2026-08-07,2026-06-01,2026-08-07,district,EAST RAJASTHAN,RAJASTHAN,BHARATPUR,42.0,7.3,475.0,LE,405.6,298.1,36.0,E,2026-08-09 21:00:51.033910
2026-08-07,2026-06-01,2026-08-07,district,EAST RAJASTHAN,RAJASTHAN,BHILWARA,0.2,10.7,-99.0,LD,274.8,342.4,-20.0,D,2026-08-09 21:00:51.033910
2026-08-07,2026-06-01,2026-08-07,district,EAST RAJASTHAN,RAJASTHAN,BUNDI,8.0,11.6,-31.0,D,268.1,374.0,-28.0,D,2026-08-09 21:00:51.033910
2026-08-07,2026-06-01,2026-08-07,district,EAST RAJASTHAN,RAJASTHAN,CHITTORGARH,0.9,13.3,-93.0,LD,304.4,402.4,-24.0,D,2026-08-09 21:00:51.033910
2026-08-07,2026-06-01,2026-08-07,district,EAST RAJASTHAN,RAJASTHAN,DAUSA,30.2,9.4,221.0,LE,336.6,346.7,-3.0,N,2026-08-09 21:00:51.033910
2026-08-07,2026-06-01,2026-08-07,district,EAST RAJASTHAN,RAJASTHAN,DHOLPUR,28.2,10.7,163.0,LE,317.3,318.2,0.0,N,2026-08-09 21:00:51.033910
2026-08-07,2026-06-01,2026-08-07,district,EAST RAJASTHAN,RAJASTHAN,DUNGARPUR,0.0,7.7,-99.0,LD,255.5,393.0,-35.0,D,2026-08-09 21:00:51.033910
2026-08-07,2026-06-01,2026-08-07,district,EAST RAJASTHAN,RAJASTHAN,JAIPUR,18.3,7.0,161.0,LE,229.0,316.9,-28.0,D,2026-08-09 21:00:51.033910
2026-08-07,2026-06-01,2026-08-07,district,EAST RAJASTHAN,RAJASTHAN,JHALAWAR,13.6,13.8,-1.0,N,322.7,489.7,-34.0,D,2026-08-09 21:00:51.033910
2026-08-07,2026-06-01,2026-08-07,district,EAST RAJASTHAN,RAJASTHAN,JHUNJHUNU,27.1,4.7,476.0,LE,323.9,253.0,28.0,E,2026-08-09 21:00:51.033910
2026-08-07,2026-06-01,2026-08-07,district,EAST RAJASTHAN,RAJASTHAN,KARAULI,37.0,10.9,239.0,LE,246.7,337.1,-27.0,D,2026-08-09 21:00:51.033910
2026-08-07,2026-06-01,2026-08-07,district,EAST RAJASTHAN,RAJASTHAN,KOTA,7.9,14.3,-45.0,D,267.0,421.5,-37.0,D,2026-08-09 21:00:51.033910
2026-08-07,2026-06-01,2026-08-07,district,EAST RAJASTHAN,RAJASTHAN,PRATAPGARH,1.6,15.3,-90.0,LD,460.8,500.3,-8.0,N,2026-08-09 21:00:51.033910
2026-08-07,2026-06-01,2026-08-07,district,EAST RAJASTHAN,RAJASTHAN,RAJSAMAND,0.0,7.6,-100.0,NR,277.7,305.2,-9.0,N,2026-08-09 21:00:51.033910
2026-08-07,2026-06-01,2026-08-07,district,EAST RAJASTHAN,RAJASTHAN,SAWAI MADHOPUR,29.6,14.2,108.0,LE,240.9,384.7,-37.0,D,2026-08-09 21:00:51.033910
2026-08-07,2026-06-01,2026-08-07,district,EAST RAJASTHAN,RAJASTHAN,SIKAR,18.6,6.1,205.0,LE,275.1,262.6,5.0,N,2026-08-09 21:00:51.033910
2026-08-07,2026-06-01,2026-08-07,district,EAST RAJASTHAN,RAJASTHAN,SIROHI,0.0,9.6,-100.0,NR,365.1,517.9,-29.0,D,2026-08-09 21:00:51.033910
2026-08-07,2026-06-01,2026-08-07,district,EAST RAJASTHAN,RAJASTHAN,TONK,7.6,10.5,-28.0,D,277.5,328.1,-15.0,N,2026-08-09 21:00:51.033910
2026-08-07,2026-06-01,2026-08-07,district,EAST RAJASTHAN,RAJASTHAN,UDAIPUR,0.0,7.7,-100.0,NR,231.0,354.5,-35.0,D,2026-08-09 21:00:51.033910
2026-08-07,2026-06-01,2026-08-07,district,EAST UTTAR PRADESH,UTTAR PRADESH,AMBEDKAR NAGAR,7.6,7.6,-1.0,N,323.9,470.3,-31.0,D,2026-08-09 21:00:51.033910
2026-08-07,2026-06-01,2026-08-07,district,EAST UTTAR PRADESH,UTTAR PRADESH,AMETHI,4.1,4.9,-16.0,N,173.4,361.4,-52.0,D,2026-08-09 21:00:51.033910
2026-08-07,2026-06-01,2026-08-07,district,EAST UTTAR PRADESH,UTTAR PRADESH,AYODHYA,12.6,5.1,147.0,LE,366.2,466.6,-22.0,D,2026-08-09 21:00:51.033910
2026-08-07,2026-06-01,2026-08-07,district,EAST UTTAR PRADESH,UTTAR PRADESH,AZAMGARH,3.0,8.4,-64.0,LD,301.6,456.5,-34.0,D,2026-08-09 21:00:51.033910
2026-08-07,2026-06-01,2026-08-07,district,EAST UTTAR PRADESH,UTTAR PRADESH,BAHRAICH,9.8,6.3,56.0,E,512.9,558.7,-8.0,N,2026-08-09 21:00:51.033910
2026-08-07,2026-06-01,2026-08-07,district,EAST UTTAR PRADESH,UTTAR PRADESH,BALLIA,1.0,8.4,-89.0,LD,358.8,404.4,-11.0,N,2026-08-09 21:00:51.033910
2026-08-07,2026-06-01,2026-08-07,district,EAST UTTAR PRADESH,UTTAR PRADESH,BALRAMPUR,0.4,5.2,-92.0,LD,416.3,429.9,-3.0,N,2026-08-09 21:00:51.033910
2026-08-07,2026-06-01,2026-08-07,district,EAST UTTAR PRADESH,UTTAR PRADESH,BANDA,14.9,9.0,66.0,LE,374.2,408.7,-8.0,N,2026-08-09 21:00:51.033910
2026-08-07,2026-06-01,2026-08-07,district,EAST UTTAR PRADESH,UTTAR PRADESH,BARABANKI,19.3,5.3,264.0,LE,429.7,447.1,-4.0,N,2026-08-09 21:00:51.033910
2026-08-07,2026-06-01,2026-08-07,district,EAST UTTAR PRADESH,UTTAR PRADESH,BASTI,5.8,6.5,-11.0,N,346.6,464.9,-25.0,D,2026-08-09 21:00:51.033910
2026-08-07,2026-06-01,2026-08-07,district,EAST UTTAR PRADESH,UTTAR PRADESH,BHADOHI,5.0,2.8,79.0,LE,132.5,434.0,-69.0,LD,2026-08-09 21:00:51.033910
2026-08-07,2026-06-01,2026-08-07,district,EAST UTTAR PRADESH,UTTAR PRADESH,CHANDAULI,0.5,7.9,-94.0,LD,254.7,376.3,-32.0,D,2026-08-09 21:00:51.033910
2026-08-07,2026-06-01,2026-08-07,district,EAST UTTAR PRADESH,UTTAR PRADESH,CHITRAKOOT,32.5,10.2,219.0,LE,447.8,421.9,6.0,N,2026-08-09 21:00:51.033910
2026-08-07,2026-06-01,2026-08-07,district,EAST UTTAR PRADESH,UTTAR PRADESH,DEORIA,2.0,8.5,-76.0,LD,131.5,446.3,-71.0,LD,2026-08-09 21:00:51.033910
2026-08-07,2026-06-01,2026-08-07,district,EAST UTTAR PRADESH,UTTAR PRADESH,FARRUKHABAD,41.7,7.8,435.0,LE,252.6,384.4,-34.0,D,2026-08-09 21:00:51.033910
2026-08-07,2026-06-01,2026-08-07,district,EAST UTTAR PRADESH,UTTAR PRADESH,FATEHPUR,14.1,5.2,171.0,LE,171.0,365.0,-53.0,D,2026-08-09 21:00:51.033910
2026-08-07,2026-06-01,2026-08-07,district,EAST UTTAR PRADESH,UTTAR PRADESH,GHAZIPUR,13.4,11.2,19.0,N,260.9,405.7,-36.0,D,2026-08-09 21:00:51.033910
2026-08-07,2026-06-01,2026-08-07,district,EAST UTTAR PRADESH,UTTAR PRADESH,GONDA,9.0,6.4,41.0,E,424.9,494.5,-14.0,N,2026-08-09 21:00:51.033910
2026-08-07,2026-06-01,2026-08-07,district,EAST UTTAR PRADESH,UTTAR PRADESH,GORAKHPUR,2.4,15.6,-85.0,LD,547.6,689.3,-21.0,D,2026-08-09 21:00:51.033910
2026-08-07,2026-06-01,2026-08-07,district,EAST UTTAR PRADESH,UTTAR PRADESH,HARDOI,8.7,6.5,34.0,E,247.7,369.4,-33.0,D,2026-08-09 21:00:51.033910
2026-08-07,2026-06-01,2026-08-07,district,EAST UTTAR PRADESH,UTTAR PRADESH,JAUNPUR,7.9,6.7,18.0,N,129.3,380.0,-66.0,LD,2026-08-09 21:00:51.033910
2026-08-07,2026-06-01,2026-08-07,district,EAST UTTAR PRADESH,UTTAR PRADESH,KANNAUJ,26.5,8.6,208.0,LE,358.3,344.9,4.0,N,2026-08-09 21:00:51.033910
2026-08-07,2026-06-01,2026-08-07,district,EAST UTTAR PRADESH,UTTAR PRADESH,KANPUR CITY,16.5,4.7,250.0,LE,405.2,345.5,17.0,N,2026-08-09 21:00:51.033910
2026-08-07,2026-06-01,2026-08-07,district,EAST UTTAR PRADESH,UTTAR PRADESH,KANPUR DEHAT,2.6,9.9,-74.0,LD,104.9,305.9,-66.0,LD,2026-08-09 21:00:51.033910
2026-08-07,2026-06-01,2026-08-07,district,EAST UTTAR PRADESH,UTTAR PRADESH,KAUSHAMBI,7.7,7.4,4.0,N,102.0,297.9,-66.0,LD,2026-08-09 21:00:51.033910
2026-08-07,2026-06-01,2026-08-07,district,EAST UTTAR PRADESH,UTTAR PRADESH,KHERI,0.0,6.5,-100.0,NR,474.9,518.2,-8.0,N,2026-08-09 21:00:51.033910
2026-08-07,2026-06-01,2026-08-07,district,EAST UTTAR PRADESH,UTTAR PRADESH,KUSHI NAGAR,0.0,6.6,-100.0,NR,168.1,425.1,-60.0,LD,2026-08-09 21:00:51.033910
2026-08-07,2026-06-01,2026-08-07,district,EAST UTTAR PRADESH,UTTAR PRADESH,LUCKNOW,7.1,4.9,44.0,E,269.0,365.7,-26.0,D,2026-08-09 21:00:51.033910
2026-08-07,2026-06-01,2026-08-07,district,EAST UTTAR PRADESH,UTTAR PRADESH,MAHARAJGANJ,0.0,6.9,-100.0,NR,524.9,563.7,-7.0,N,2026-08-09 21:00:51.033910
2026-08-07,2026-06-01,2026-08-07,district,EAST UTTAR PRADESH,UTTAR PRADESH,MAU,0.0,7.2,-100.0,NR,167.0,441.1,-62.0,LD,2026-08-09 21:00:51.033910
2026-08-07,2026-06-01,2026-08-07,district,EAST UTTAR PRADESH,UTTAR PRADESH,MIRZAPUR,21.8,10.7,104.0,LE,496.0,477.9,4.0,N,2026-08-09 21:00:51.033910
2026-08-07,2026-06-01,2026-08-07,district,EAST UTTAR PRADESH,UTTAR PRADESH,PRATAPGARH,15.0,5.0,200.0,LE,353.8,407.5,-13.0,N,2026-08-09 21:00:51.033910
2026-08-07,2026-06-01,2026-08-07,district,EAST UTTAR PRADESH,UTTAR PRADESH,PRAYAGRAJ,27.2,7.9,244.0,LE,324.6,379.4,-14.0,N,2026-08-09 21:00:51.033910
2026-08-07,2026-06-01,2026-08-07,district,EAST UTTAR PRADESH,UTTAR PRADESH,RAE BAREILLY,6.2,2.5,148.0,LE,128.9,230.2,-44.0,D,2026-08-09 21:00:51.033910
2026-08-07,2026-06-01,2026-08-07,district,EAST UTTAR PRADESH,UTTAR PRADESH,SANT KABIR NAGAR,6.7,11.6,-42.0,D,306.4,592.8,-48.0,D,2026-08-09 21:00:51.033910
2026-08-07,2026-06-01,2026-08-07,district,EAST UTTAR PRADESH,UTTAR PRADESH,SHRAWASTI,0.0,5.7,-100.0,NR,389.1,652.8,-40.0,D,2026-08-09 21:00:51.033910
2026-08-07,2026-06-01,2026-08-07,district,EAST UTTAR PRADESH,UTTAR PRADESH,SIDDHARTH NAGAR,0.9,8.1,-90.0,LD,443.0,604.8,-27.0,D,2026-08-09 21:00:51.033910
2026-08-07,2026-06-01,2026-08-07,district,EAST UTTAR PRADESH,UTTAR PRADESH,SITAPUR,8.3,8.9,-7.0,N,225.5,455.1,-50.0,D,2026-08-09 21:00:51.033910
2026-08-07,2026-06-01,2026-08-07,district,EAST UTTAR PRADESH,UTTAR PRADESH,SONBHADRA,26.1,8.2,218.0,LE,371.4,479.1,-22.0,D,2026-08-09 21:00:51.033910
2026-08-07,2026-06-01,2026-08-07,district,EAST UTTAR PRADESH,UTTAR PRADESH,SULTANPUR,12.1,3.9,212.0,LE,427.7,444.0,-4.0,N,2026-08-09 21:00:51.033910
2026-08-07,2026-06-01,2026-08-07,district,EAST UTTAR PRADESH,UTTAR PRADESH,UNNAO,10.0,5.5,82.0,LE,198.7,342.7,-42.0,D,2026-08-09 21:00:51.033910
2026-08-07,2026-06-01,2026-08-07,district,EAST UTTAR PRADESH,UTTAR PRADESH,VARANASI,10.1,6.5,56.0,E,309.3,430.8,-28.0,D,2026-08-09 21:00:51.033910
2026-08-07,2026-06-01,2026-08-07,district,GANGETIC WEST BENGAL,WEST BENGAL,BANKURA,24.2,9.6,152.0,LE,697.3,669.6,4.0,N,2026-08-09 21:00:51.033910
2026-08-07,2026-06-01,2026-08-07,district,GANGETIC WEST BENGAL,WEST BENGAL,BIRBHUM,11.9,10.0,18.0,N,493.7,651.0,-24.0,D,2026-08-09 21:00:51.033910
2026-08-07,2026-06-01,2026-08-07,district,GANGETIC WEST BENGAL,WEST BENGAL,EAST MIDNAPORE,16.0,11.9,34.0,E,959.5,703.2,36.0,E,2026-08-09 21:00:51.033910
2026-08-07,2026-06-01,2026-08-07,district,GANGETIC WEST BENGAL,WEST BENGAL,HOOGHLY,26.5,8.8,202.0,LE,657.5,615.1,7.0,N,2026-08-09 21:00:51.033910
2026-08-07,2026-06-01,2026-08-07,district,GANGETIC WEST BENGAL,WEST BENGAL,HOWRAH,0.3,10.8,-97.0,LD,748.9,677.0,11.0,N,2026-08-09 21:00:51.033910
2026-08-07,2026-06-01,2026-08-07,district,GANGETIC WEST BENGAL,WEST BENGAL,JHARGRAM,0.8,15.4,-95.0,LD,592.0,665.5,-11.0,N,2026-08-09 21:00:51.033910
2026-08-07,2026-06-01,2026-08-07,district,GANGETIC WEST BENGAL,WEST BENGAL,KOLKATA,1.1,12.4,-91.0,LD,879.6,756.6,16.0,N,2026-08-09 21:00:51.033910
2026-08-07,2026-06-01,2026-08-07,district,GANGETIC WEST BENGAL,WEST BENGAL,MURSHIDABAD,10.4,6.1,70.0,LE,452.2,578.3,-22.0,D,2026-08-09 21:00:51.033910
2026-08-07,2026-06-01,2026-08-07,district,GANGETIC WEST BENGAL,WEST BENGAL,NADIA,15.2,6.4,138.0,LE,456.6,559.1,-18.0,N,2026-08-09 21:00:51.033910
2026-08-07,2026-06-01,2026-08-07,district,GANGETIC WEST BENGAL,WEST BENGAL,NORTH 24 PARGANAS,2.6,14.5,-82.0,LD,870.1,669.7,30.0,E,2026-08-09 21:00:51.033910
2026-08-07,2026-06-01,2026-08-07,district,GANGETIC WEST BENGAL,WEST BENGAL,PASCHIM BARDHAMAN,5.8,9.4,-38.0,D,573.5,632.6,-9.0,N,2026-08-09 21:00:51.033910
2026-08-07,2026-06-01,2026-08-07,district,GANGETIC WEST BENGAL,WEST BENGAL,PURBA BARDHAMAN,30.1,9.5,216.0,LE,582.5,599.2,-3.0,N,2026-08-09 21:00:51.033910
2026-08-07,2026-06-01,2026-08-07,district,GANGETIC WEST BENGAL,WEST BENGAL,PURULIA,5.0,13.9,-64.0,LD,439.0,629.3,-30.0,D,2026-08-09 21:00:51.033910
2026-08-07,2026-06-01,2026-08-07,district,GANGETIC WEST BENGAL,WEST BENGAL,SOUTH 24 PARGANAS,30.9,13.6,127.0,LE,917.3,827.5,11.0,N,2026-08-09 21:00:51.033910
2026-08-07,2026-06-01,2026-08-07,district,GANGETIC WEST BENGAL,WEST BENGAL,WEST MIDNAPORE,3.8,15.4,-76.0,LD,968.6,665.5,46.0,E,2026-08-09 21:00:51.033910
2026-08-07,2026-06-01,2026-08-07,district,GUJARAT REGION,DADRA & NAGAR HAVELI AND DAMAN & DIU (UT),DADARA & NAGAR HAVELI,2.2,27.4,-92.0,LD,2666.2,1507.2,77.0,LE,2026-08-09 21:00:51.033910
2026-08-07,2026-06-01,2026-08-07,district,GUJARAT REGION,DADRA & NAGAR HAVELI AND DAMAN & DIU (UT),DAMAN,0.0,27.4,-100.0,NR,2533.8,1507.2,68.0,LE,2026-08-09 21:00:51.033910
2026-08-07,2026-06-01,2026-08-07,district,GUJARAT REGION,GUJARAT,AHMEDABAD,0.0,8.1,-100.0,NR,519.7,397.0,31.0,E,2026-08-09 21:00:51.033910
2026-08-07,2026-06-01,2026-08-07,district,GUJARAT REGION,GUJARAT,ANAND,0.0,7.5,-100.0,NR,717.3,472.8,52.0,E,2026-08-09 21:00:51.033910
2026-08-07,2026-06-01,2026-08-07,district,GUJARAT REGION,GUJARAT,ARAVALLI,0.0,9.9,-100.0,NR,340.0,484.6,-30.0,D,2026-08-09 21:00:51.033910
2026-08-07,2026-06-01,2026-08-07,district,GUJARAT REGION,GUJARAT,BANASKANTHA,0.0,7.1,-100.0,NR,342.6,360.2,-5.0,N,2026-08-09 21:00:51.033910
2026-08-07,2026-06-01,2026-08-07,district,GUJARAT REGION,GUJARAT,BHARUCH,0.0,7.8,-100.0,NR,713.5,447.6,59.0,E,2026-08-09 21:00:51.033910
2026-08-07,2026-06-01,2026-08-07,district,GUJARAT REGION,GUJARAT,CHHOTA UDEPUR,0.0,11.5,-100.0,NR,519.9,554.0,-6.0,N,2026-08-09 21:00:51.033910
2026-08-07,2026-06-01,2026-08-07,district,GUJARAT REGION,GUJARAT,DAHOD,0.1,12.1,-99.0,LD,302.2,437.5,-31.0,D,2026-08-09 21:00:51.033910
2026-08-07,2026-06-01,2026-08-07,district,GUJARAT REGION,GUJARAT,DANGS,4.9,29.0,-83.0,LD,2090.5,1383.4,51.0,E,2026-08-09 21:00:51.033910
2026-08-07,2026-06-01,2026-08-07,district,GUJARAT REGION,GUJARAT,GANDHINAGAR,0.0,10.2,-100.0,NR,425.8,457.8,-7.0,N,2026-08-09 21:00:51.033910
2026-08-07,2026-06-01,2026-08-07,district,GUJARAT REGION,GUJARAT,KHEDA,0.0,7.9,-100.0,NR,809.9,468.0,73.0,LE,2026-08-09 21:00:51.033910
2026-08-07,2026-06-01,2026-08-07,district,GUJARAT REGION,GUJARAT,MAHISAGAR,0.4,10.3,-96.0,LD,546.9,450.8,21.0,E,2026-08-09 21:00:51.033910
2026-08-07,2026-06-01,2026-08-07,district,GUJARAT REGION,GUJARAT,MEHSANA,0.0,7.4,-100.0,NR,409.9,414.3,-1.0,N,2026-08-09 21:00:51.033910
2026-08-07,2026-06-01,2026-08-07,district,GUJARAT REGION,GUJARAT,NARMADA,0.2,12.5,-98.0,LD,775.8,602.0,29.0,E,2026-08-09 21:00:51.033910
2026-08-07,2026-06-01,2026-08-07,district,GUJARAT REGION,GUJARAT,NAVSARI,1.4,21.5,-93.0,LD,2125.7,1203.8,77.0,LE,2026-08-09 21:00:51.033910
2026-08-07,2026-06-01,2026-08-07,district,GUJARAT REGION,GUJARAT,PANCHMAHAL,0.0,12.0,-100.0,NR,611.6,520.5,17.0,N,2026-08-09 21:00:51.033910
2026-08-07,2026-06-01,2026-08-07,district,GUJARAT REGION,GUJARAT,PATAN,0.0,6.5,-100.0,NR,389.5,324.2,20.0,E,2026-08-09 21:00:51.033910
2026-08-07,2026-06-01,2026-08-07,district,GUJARAT REGION,GUJARAT,SABARKANTHA,0.0,7.2,-100.0,NR,349.8,495.3,-29.0,D,2026-08-09 21:00:51.033910
2026-08-07,2026-06-01,2026-08-07,district,GUJARAT REGION,GUJARAT,SURAT,0.6,15.4,-96.0,LD,1411.7,841.4,68.0,LE,2026-08-09 21:00:51.033910
2026-08-07,2026-06-01,2026-08-07,district,GUJARAT REGION,GUJARAT,TAPI,0.3,18.3,-98.0,LD,1204.2,890.0,35.0,E,2026-08-09 21:00:51.033910
2026-08-07,2026-06-01,2026-08-07,district,GUJARAT REGION,GUJARAT,VADODARA,0.2,10.6,-98.0,LD,492.6,515.8,-5.0,N,2026-08-09 21:00:51.033910
2026-08-07,2026-06-01,2026-08-07,district,GUJARAT REGION,GUJARAT,VALSAD,1.0,19.8,-95.0,LD,2519.5,1364.2,85.0,LE,2026-08-09 21:00:51.033910
2026-08-07,2026-06-01,2026-08-07,district,HAR. CHD & DELHI,CHANDIGARH (UT),CHANDIGARH,19.5,5.2,276.0,LE,394.6,497.9,-21.0,D,2026-08-09 21:00:51.033910
2026-08-07,2026-06-01,2026-08-07,district,HAR. CHD & DELHI,DELHI (UT),CENTRAL DELHI,48.1,6.1,689.0,LE,440.4,362.1,22.0,E,2026-08-09 21:00:51.033910
2026-08-07,2026-06-01,2026-08-07,district,HAR. CHD & DELHI,DELHI (UT),NEW DELHI,25.6,5.2,392.0,LE,287.6,340.7,-16.0,N,2026-08-09 21:00:51.033910
2026-08-07,2026-06-01,2026-08-07,district,HAR. CHD & DELHI,DELHI (UT),NORTH EAST DELHI,11.4,6.1,87.0,LE,355.3,362.1,-2.0,N,2026-08-09 21:00:51.033910
2026-08-07,2026-06-01,2026-08-07,district,HAR. CHD & DELHI,DELHI (UT),NORTH WEST DELHI,25.0,2.3,987.0,LE,201.8,230.0,-12.0,N,2026-08-09 21:00:51.033910
2026-08-07,2026-06-01,2026-08-07,district,HAR. CHD & DELHI,DELHI (UT),SOUTH DELHI,27.5,6.1,350.0,LE,319.8,362.1,-12.0,N,2026-08-09 21:00:51.033910
2026-08-07,2026-06-01,2026-08-07,district,HAR. CHD & DELHI,DELHI (UT),SOUTH EAST DELHI,52.4,6.1,758.0,LE,391.1,362.1,8.0,N,2026-08-09 21:00:51.033910
2026-08-07,2026-06-01,2026-08-07,district,HAR. CHD & DELHI,DELHI (UT),SOUTH WEST DELHI,14.7,5.5,167.0,LE,237.2,289.2,-18.0,N,2026-08-09 21:00:51.033910
2026-08-07,2026-06-01,2026-08-07,district,HAR. CHD & DELHI,DELHI (UT),WEST DELHI,24.5,6.4,283.0,LE,337.3,328.3,3.0,N,2026-08-09 21:00:51.033910
2026-08-07,2026-06-01,2026-08-07,district,HAR. CHD & DELHI,HARYANA,AMBALA,0.9,8.4,-90.0,LD,235.9,484.8,-51.0,D,2026-08-09 21:00:51.033910
2026-08-07,2026-06-01,2026-08-07,district,HAR. CHD & DELHI,HARYANA,BHIWANI,11.2,4.4,155.0,LE,150.5,172.2,-13.0,N,2026-08-09 21:00:51.033910
2026-08-07,2026-06-01,2026-08-07,district,HAR. CHD & DELHI,HARYANA,CHARKHI DADRI,2.1,7.9,-73.0,LD,202.7,234.7,-14.0,N,2026-08-09 21:00:51.033910
2026-08-07,2026-06-01,2026-08-07,district,HAR. CHD & DELHI,HARYANA,FARIDABAD,16.1,6.7,141.0,LE,363.1,291.6,25.0,E,2026-08-09 21:00:51.033910
2026-08-07,2026-06-01,2026-08-07,district,HAR. CHD & DELHI,HARYANA,FATEHABAD,0.0,3.0,-100.0,NR,146.4,156.1,-6.0,N,2026-08-09 21:00:51.033910
2026-08-07,2026-06-01,2026-08-07,district,HAR. CHD & DELHI,HARYANA,GURGAON,12.1,5.3,128.0,LE,272.6,268.7,1.0,N,2026-08-09 21:00:51.033910
2026-08-07,2026-06-01,2026-08-07,district,HAR. CHD & DELHI,HARYANA,HISAR,0.5,4.3,-89.0,LD,125.8,180.4,-30.0,D,2026-08-09 21:00:51.033910
2026-08-07,2026-06-01,2026-08-07,district,HAR. CHD & DELHI,HARYANA,JHAJJAR,2.4,4.6,-47.0,D,180.2,211.7,-15.0,N,2026-08-09 21:00:51.033910
2026-08-07,2026-06-01,2026-08-07,district,HAR. CHD & DELHI,HARYANA,JIND,0.7,4.2,-83.0,LD,84.6,228.1,-63.0,LD,2026-08-09 21:00:51.033910
2026-08-07,2026-06-01,2026-08-07,district,HAR. CHD & DELHI,HARYANA,KAITHAL,11.7,4.5,160.0,LE,106.2,214.1,-50.0,D,2026-08-09 21:00:51.033910
2026-08-07,2026-06-01,2026-08-07,district,HAR. CHD & DELHI,HARYANA,KARNAL,0.8,3.7,-77.0,LD,206.4,301.8,-32.0,D,2026-08-09 21:00:51.033910
2026-08-07,2026-06-01,2026-08-07,district,HAR. CHD & DELHI,HARYANA,KURUKSHETRA,0.2,4.5,-96.0,LD,243.2,235.6,3.0,N,2026-08-09 21:00:51.033910
2026-08-07,2026-06-01,2026-08-07,district,HAR. CHD & DELHI,HARYANA,MAHENDRAGARH,4.6,4.2,11.0,N,226.7,234.6,-3.0,N,2026-08-09 21:00:51.033910
2026-08-07,2026-06-01,2026-08-07,district,HAR. CHD & DELHI,HARYANA,NUH,30.5,5.0,510.0,LE,252.4,246.6,2.0,N,2026-08-09 21:00:51.033910
2026-08-07,2026-06-01,2026-08-07,district,HAR. CHD & DELHI,HARYANA,PALWAL,28.8,5.7,405.0,LE,296.3,209.0,42.0,E,2026-08-09 21:00:51.033910
2026-08-07,2026-06-01,2026-08-07,district,HAR. CHD & DELHI,HARYANA,PANCHKULA,1.4,8.7,-84.0,LD,209.8,488.8,-57.0,D,2026-08-09 21:00:51.033910
2026-08-07,2026-06-01,2026-08-07,district,HAR. CHD & DELHI,HARYANA,PANIPAT,10.1,4.4,129.0,LE,179.1,245.1,-27.0,D,2026-08-09 21:00:51.033910
2026-08-07,2026-06-01,2026-08-07,district,HAR. CHD & DELHI,HARYANA,REWARI,10.9,3.7,194.0,LE,274.4,245.3,12.0,N,2026-08-09 21:00:51.033910
2026-08-07,2026-06-01,2026-08-07,district,HAR. CHD & DELHI,HARYANA,ROHTAK,2.2,4.4,-50.0,D,90.7,261.1,-65.0,LD,2026-08-09 21:00:51.033910
2026-08-07,2026-06-01,2026-08-07,district,HAR. CHD & DELHI,HARYANA,SIRSA,0.2,3.6,-94.0,LD,56.2,137.4,-59.0,D,2026-08-09 21:00:51.033910
2026-08-07,2026-06-01,2026-08-07,district,HAR. CHD & DELHI,HARYANA,SONEPAT,7.6,4.0,91.0,LE,157.6,263.0,-40.0,D,2026-08-09 21:00:51.033910
2026-08-07,2026-06-01,2026-08-07,district,HAR. CHD & DELHI,HARYANA,YAMUNA NAGAR,4.2,6.7,-38.0,D,453.5,519.6,-13.0,N,2026-08-09 21:00:51.033910
2026-08-07,2026-06-01,2026-08-07,district,HIMACHAL PRADESH,HIMACHAL PRADESH,BILASPUR,13.0,16.9,-23.0,D,478.9,458.4,4.0,N,2026-08-09 21:00:51.033910
2026-08-07,2026-06-01,2026-08-07,district,HIMACHAL PRADESH,HIMACHAL PRADESH,CHAMBA,11.2,13.6,-18.0,N,535.0,516.2,4.0,N,2026-08-09 21:00:51.033910
2026-08-07,2026-06-01,2026-08-07,district,HIMACHAL PRADESH,HIMACHAL PRADESH,HAMIRPUR,1.2,12.8,-91.0,LD,288.3,526.2,-45.0,D,2026-08-09 21:00:51.033910
2026-08-07,2026-06-01,2026-08-07,district,HIMACHAL PRADESH,HIMACHAL PRADESH,KANGRA,28.5,25.3,13.0,N,799.9,944.1,-15.0,N,2026-08-09 21:00:51.033910
2026-08-07,2026-06-01,2026-08-07,district,HIMACHAL PRADESH,HIMACHAL PRADESH,KINNAUR,6.9,2.4,189.0,LE,181.2,124.4,46.0,E,2026-08-09 21:00:51.033910
2026-08-07,2026-06-01,2026-08-07,district,HIMACHAL PRADESH,HIMACHAL PRADESH,KULLU,27.0,7.4,265.0,LE,358.7,318.8,13.0,N,2026-08-09 21:00:51.033910
2026-08-07,2026-06-01,2026-08-07,district,HIMACHAL PRADESH,HIMACHAL PRADESH,LAHAUL & SPITI,3.6,4.9,-27.0,D,89.9,208.4,-57.0,D,2026-08-09 21:00:51.033910
2026-08-07,2026-06-01,2026-08-07,district,HIMACHAL PRADESH,HIMACHAL PRADESH,MANDI,36.0,15.8,128.0,LE,566.1,666.6,-15.0,N,2026-08-09 21:00:51.033910
2026-08-07,2026-06-01,2026-08-07,district,HIMACHAL PRADESH,HIMACHAL PRADESH,SHIMLA,28.9,6.8,324.0,LE,512.5,374.2,37.0,E,2026-08-09 21:00:51.033910
2026-08-07,2026-06-01,2026-08-07,district,HIMACHAL PRADESH,HIMACHAL PRADESH,SIRMAUR,26.5,14.2,87.0,LE,829.2,703.5,18.0,N,2026-08-09 21:00:51.033910
2026-08-07,2026-06-01,2026-08-07,district,HIMACHAL PRADESH,HIMACHAL PRADESH,SOLAN,27.6,10.4,165.0,LE,583.5,518.7,12.0,N,2026-08-09 21:00:51.033910
2026-08-07,2026-06-01,2026-08-07,district,HIMACHAL PRADESH,HIMACHAL PRADESH,UNA,4.2,11.0,-62.0,LD,478.0,516.7,-7.0,N,2026-08-09 21:00:51.033910
2026-08-07,2026-06-01,2026-08-07,district,J & K AND LADAKH,JAMMU & KASHMIR(UT),ANANTNAG,1.8,5.1,-64.0,LD,237.7,190.6,25.0,E,2026-08-09 21:00:51.033910
2026-08-07,2026-06-01,2026-08-07,district,J & K AND LADAKH,JAMMU & KASHMIR(UT),BADGAM,0.5,3.8,-87.0,LD,116.5,123.2,-5.0,N,2026-08-09 21:00:51.033910
2026-08-07,2026-06-01,2026-08-07,district,J & K AND LADAKH,JAMMU & KASHMIR(UT),BANDIPORA,0.0,3.7,-100.0,NR,169.7,132.8,28.0,E,2026-08-09 21:00:51.033910
2026-08-07,2026-06-01,2026-08-07,district,J & K AND LADAKH,JAMMU & KASHMIR(UT),BARAMULA,0.2,2.6,-91.0,LD,236.7,129.9,82.0,LE,2026-08-09 21:00:51.033910
2026-08-07,2026-06-01,2026-08-07,district,J & K AND LADAKH,JAMMU & KASHMIR(UT),DODA,2.0,6.0,-68.0,LD,244.9,255.3,-4.0,N,2026-08-09 21:00:51.033910
2026-08-07,2026-06-01,2026-08-07,district,J & K AND LADAKH,JAMMU & KASHMIR(UT),GANDERBAL,4.3,1.4,204.0,LE,264.2,154.0,72.0,LE,2026-08-09 21:00:51.033910
2026-08-07,2026-06-01,2026-08-07,district,J & K AND LADAKH,JAMMU & KASHMIR(UT),JAMMU,2.0,19.0,-90.0,LD,518.2,572.2,-9.0,N,2026-08-09 21:00:51.033910
2026-08-07,2026-06-01,2026-08-07,district,J & K AND LADAKH,JAMMU & KASHMIR(UT),KATHUA,0.4,18.2,-98.0,LD,582.6,752.4,-23.0,D,2026-08-09 21:00:51.033910
2026-08-07,2026-06-01,2026-08-07,district,J & K AND LADAKH,JAMMU & KASHMIR(UT),KISTWAR,0.5,6.0,-92.0,LD,152.8,255.3,-40.0,D,2026-08-09 21:00:51.033910
2026-08-07,2026-06-01,2026-08-07,district,J & K AND LADAKH,JAMMU & KASHMIR(UT),KULGAM,0.1,5.9,-99.0,LD,184.2,192.7,-4.0,N,2026-08-09 21:00:51.033910
2026-08-07,2026-06-01,2026-08-07,district,J & K AND LADAKH,JAMMU & KASHMIR(UT),KUPWARA,0.0,1.5,-100.0,NR,187.6,159.5,18.0,N,2026-08-09 21:00:51.033910
2026-08-07,2026-06-01,2026-08-07,district,J & K AND LADAKH,JAMMU & KASHMIR(UT),POONCH,0.0,5.0,-100.0,NR,603.8,413.6,46.0,E,2026-08-09 21:00:51.033910
2026-08-07,2026-06-01,2026-08-07,district,J & K AND LADAKH,JAMMU & KASHMIR(UT),PULWAMA,1.0,3.9,-75.0,LD,167.9,108.9,54.0,E,2026-08-09 21:00:51.033910
2026-08-07,2026-06-01,2026-08-07,district,J & K AND LADAKH,JAMMU & KASHMIR(UT),RAJOURI,11.5,12.4,-8.0,N,534.2,390.3,37.0,E,2026-08-09 21:00:51.033910
2026-08-07,2026-06-01,2026-08-07,district,J & K AND LADAKH,JAMMU & KASHMIR(UT),RAMBAN,3.8,7.4,-49.0,D,375.6,239.9,57.0,E,2026-08-09 21:00:51.033910
2026-08-07,2026-06-01,2026-08-07,district,J & K AND LADAKH,JAMMU & KASHMIR(UT),REASI,0.0,46.0,-99.0,LD,836.9,913.3,-8.0,N,2026-08-09 21:00:51.033910
2026-08-07,2026-06-01,2026-08-07,district,J & K AND LADAKH,JAMMU & KASHMIR(UT),SAMBA,0.0,21.5,-100.0,NR,649.0,435.0,49.0,E,2026-08-09 21:00:51.033910
2026-08-07,2026-06-01,2026-08-07,district,J & K AND LADAKH,JAMMU & KASHMIR(UT),SHOPIAN,3.7,4.8,-24.0,D,80.3,175.3,-54.0,D,2026-08-09 21:00:51.033910
2026-08-07,2026-06-01,2026-08-07,district,J & K AND LADAKH,JAMMU & KASHMIR(UT),SRINAGAR,0.0,3.6,-100.0,NR,208.4,142.1,47.0,E,2026-08-09 21:00:51.033910
2026-08-07,2026-06-01,2026-08-07,district,J & K AND LADAKH,JAMMU & KASHMIR(UT),UDHAMPUR,0.4,22.0,-98.0,LD,1109.7,589.8,88.0,LE,2026-08-09 21:00:51.033910
2026-08-07,2026-06-01,2026-08-07,district,J & K AND LADAKH,LADAKH (UT),KARGIL,0.0,0.0,-100.0,NR,17.2,5.9,166.0,LE,2026-08-09 21:00:51.033910
2026-08-07,2026-06-01,2026-08-07,district,J & K AND LADAKH,LADAKH (UT),LADAKH (LEH),0.0,0.0,-100.0,NR,44.8,15.7,182.0,LE,2026-08-09 21:00:51.033910
2026-08-07,2026-06-01,2026-08-07,district,JHARKHAND,JHARKHAND,BOKARO,4.4,11.4,-61.0,LD,358.5,517.5,-31.0,D,2026-08-09 21:00:51.033910
2026-08-07,2026-06-01,2026-08-07,district,JHARKHAND,JHARKHAND,CHATRA,25.6,10.3,148.0,LE,313.8,525.5,-40.0,D,2026-08-09 21:00:51.033910
2026-08-07,2026-06-01,2026-08-07,district,JHARKHAND,JHARKHAND,DEOGHAR,2.7,9.6,-72.0,LD,262.6,553.7,-53.0,D,2026-08-09 21:00:51.033910
2026-08-07,2026-06-01,2026-08-07,district,JHARKHAND,JHARKHAND,DHANBAD,3.2,9.5,-66.0,LD,485.1,602.0,-19.0,N,2026-08-09 21:00:51.033910
2026-08-07,2026-06-01,2026-08-07,district,JHARKHAND,JHARKHAND,DUMKA,3.8,9.2,-59.0,D,538.5,588.3,-8.0,N,2026-08-09 21:00:51.033910
2026-08-07,2026-06-01,2026-08-07,district,JHARKHAND,JHARKHAND,EAST SINGHBHUM,7.4,13.5,-45.0,D,491.3,629.3,-22.0,D,2026-08-09 21:00:51.033910
2026-08-07,2026-06-01,2026-08-07,district,JHARKHAND,JHARKHAND,GARHWA,23.8,8.9,167.0,LE,259.5,509.6,-49.0,D,2026-08-09 21:00:51.033910
2026-08-07,2026-06-01,2026-08-07,district,JHARKHAND,JHARKHAND,GIRIDIH,3.3,12.4,-73.0,LD,298.2,561.6,-47.0,D,2026-08-09 21:00:51.033910
2026-08-07,2026-06-01,2026-08-07,district,JHARKHAND,JHARKHAND,GODDA,1.9,7.6,-76.0,LD,388.5,508.8,-24.0,D,2026-08-09 21:00:51.033910
2026-08-07,2026-06-01,2026-08-07,district,JHARKHAND,JHARKHAND,GUMLA,13.3,10.2,30.0,E,404.7,614.5,-34.0,D,2026-08-09 21:00:51.033910
2026-08-07,2026-06-01,2026-08-07,district,JHARKHAND,JHARKHAND,HAZARIBAG,18.5,11.9,55.0,E,403.5,598.4,-33.0,D,2026-08-09 21:00:51.033910
2026-08-07,2026-06-01,2026-08-07,district,JHARKHAND,JHARKHAND,JAMTARA,1.1,8.7,-87.0,LD,456.7,616.8,-26.0,D,2026-08-09 21:00:51.033910
2026-08-07,2026-06-01,2026-08-07,district,JHARKHAND,JHARKHAND,KHUNTI,53.0,14.3,271.0,LE,538.0,636.0,-15.0,N,2026-08-09 21:00:51.033910
2026-08-07,2026-06-01,2026-08-07,district,JHARKHAND,JHARKHAND,KODERMA,20.2,6.7,201.0,LE,271.8,487.8,-44.0,D,2026-08-09 21:00:51.033910
2026-08-07,2026-06-01,2026-08-07,district,JHARKHAND,JHARKHAND,LATEHAR,20.5,11.9,72.0,LE,417.5,591.3,-29.0,D,2026-08-09 21:00:51.033910
2026-08-07,2026-06-01,2026-08-07,district,JHARKHAND,JHARKHAND,LOHARDAGA,17.6,12.5,41.0,E,400.9,592.2,-32.0,D,2026-08-09 21:00:51.033910
2026-08-07,2026-06-01,2026-08-07,district,JHARKHAND,JHARKHAND,PAKUR,0.0,10.6,-99.0,LD,272.1,656.6,-59.0,D,2026-08-09 21:00:51.033910
2026-08-07,2026-06-01,2026-08-07,district,JHARKHAND,JHARKHAND,PALAMU,9.6,9.9,-3.0,N,257.5,455.9,-44.0,D,2026-08-09 21:00:51.033910
2026-08-07,2026-06-01,2026-08-07,district,JHARKHAND,JHARKHAND,RAMGARH,8.8,10.3,-14.0,N,438.0,586.7,-25.0,D,2026-08-09 21:00:51.033910
2026-08-07,2026-06-01,2026-08-07,district,JHARKHAND,JHARKHAND,RANCHI,17.4,9.9,76.0,LE,489.0,600.9,-19.0,N,2026-08-09 21:00:51.033910
2026-08-07,2026-06-01,2026-08-07,district,JHARKHAND,JHARKHAND,SAHIBGANJ,0.0,7.1,-100.0,NR,410.8,659.1,-38.0,D,2026-08-09 21:00:51.033910
2026-08-07,2026-06-01,2026-08-07,district,JHARKHAND,JHARKHAND,SERAIKELA-KHARSAWAN,24.1,15.2,59.0,E,569.5,584.9,-3.0,N,2026-08-09 21:00:51.033910
2026-08-07,2026-06-01,2026-08-07,district,JHARKHAND,JHARKHAND,SIMDEGA,11.5,13.5,-15.0,N,660.4,755.1,-13.0,N,2026-08-09 21:00:51.033910
2026-08-07,2026-06-01,2026-08-07,district,JHARKHAND,JHARKHAND,WEST SINGHBHUM,26.6,10.8,147.0,LE,578.3,575.7,0.0,N,2026-08-09 21:00:51.033910
2026-08-07,2026-06-01,2026-08-07,district,KERALA & MAHE,KERALA,ALAPUZHA,24.5,9.7,153.0,LE,862.1,1110.1,-22.0,D,2026-08-09 21:00:51.033910
2026-08-07,2026-06-01,2026-08-07,district,KERALA & MAHE,KERALA,ERNAKULAM,37.2,20.1,85.0,LE,1169.6,1481.2,-21.0,D,2026-08-09 21:00:51.033910
2026-08-07,2026-06-01,2026-08-07,district,KERALA & MAHE,KERALA,IDUKKI,27.3,25.8,6.0,N,973.0,1745.0,-44.0,D,2026-08-09 21:00:51.033910
2026-08-07,2026-06-01,2026-08-07,district,KERALA & MAHE,KERALA,KANNUR,53.5,23.4,128.0,LE,1755.3,1952.1,-10.0,N,2026-08-09 21:00:51.033910
2026-08-07,2026-06-01,2026-08-07,district,KERALA & MAHE,KERALA,KASARGOD,45.0,20.5,120.0,LE,1822.1,2126.9,-14.0,N,2026-08-09 21:00:51.033910
2026-08-07,2026-06-01,2026-08-07,district,KERALA & MAHE,KERALA,KOLLAM,9.0,7.7,17.0,N,610.2,829.6,-26.0,D,2026-08-09 21:00:51.033910
2026-08-07,2026-06-01,2026-08-07,district,KERALA & MAHE,KERALA,KOTTAYAM,103.2,16.7,518.0,LE,1283.6,1308.0,-2.0,N,2026-08-09 21:00:51.033910
2026-08-07,2026-06-01,2026-08-07,district,KERALA & MAHE,KERALA,KOZHIKODE,36.5,23.3,57.0,E,1727.8,1896.4,-9.0,N,2026-08-09 21:00:51.033910
2026-08-07,2026-06-01,2026-08-07,district,KERALA & MAHE,KERALA,MALAPPURAM,15.1,18.1,-17.0,N,1178.8,1404.5,-16.0,N,2026-08-09 21:00:51.033910
2026-08-07,2026-06-01,2026-08-07,district,KERALA & MAHE,KERALA,PALAKKAD,20.2,16.4,23.0,E,856.5,1094.0,-22.0,D,2026-08-09 21:00:51.033910
2026-08-07,2026-06-01,2026-08-07,district,KERALA & MAHE,KERALA,PATHANAMTHITTA,35.4,12.5,184.0,LE,1103.4,1060.7,4.0,N,2026-08-09 21:00:51.033910
2026-08-07,2026-06-01,2026-08-07,district,KERALA & MAHE,KERALA,THIRUVANANTHAPURAM,7.2,4.4,63.0,LE,563.4,546.1,3.0,N,2026-08-09 21:00:51.033910
2026-08-07,2026-06-01,2026-08-07,district,KERALA & MAHE,KERALA,THRISSUR,38.1,20.8,83.0,LE,1146.5,1514.3,-24.0,D,2026-08-09 21:00:51.033910
2026-08-07,2026-06-01,2026-08-07,district,KERALA & MAHE,KERALA,WYNAD,23.8,33.0,-28.0,D,900.4,1799.1,-50.0,D,2026-08-09 21:00:51.033910
2026-08-07,2026-06-01,2026-08-07,district,KERALA & MAHE,PUDUCHERRY (UT),MAHE,40.6,18.8,116.0,LE,1487.4,1795.5,-17.0,N,2026-08-09 21:00:51.033910
2026-08-07,2026-06-01,2026-08-07,district,KONKAN & GOA,GOA,NORTH GOA,28.2,26.3,7.0,N,1306.6,2226.1,-41.0,D,2026-08-09 21:00:51.033910
2026-08-07,2026-06-01,2026-08-07,district,KONKAN & GOA,GOA,SOUTH GOA,36.0,23.9,51.0,E,1515.6,2138.1,-29.0,D,2026-08-09 21:00:51.033910
2026-08-07,2026-06-01,2026-08-07,district,KONKAN & GOA,MAHARASHTRA,MUMBAI CITY,4.8,17.1,-72.0,LD,1654.9,1419.7,17.0,N,2026-08-09 21:00:51.033910
2026-08-07,2026-06-01,2026-08-07,district,KONKAN & GOA,MAHARASHTRA,MUMBAI SUBURBAN,5.0,25.1,-80.0,LD,1988.2,1562.9,27.0,E,2026-08-09 21:00:51.033910
2026-08-07,2026-06-01,2026-08-07,district,KONKAN & GOA,MAHARASHTRA,PALGHAR,5.8,27.6,-79.0,LD,2254.2,1506.8,50.0,E,2026-08-09 21:00:51.033910
2026-08-07,2026-06-01,2026-08-07,district,KONKAN & GOA,MAHARASHTRA,RAIGAD,16.5,31.9,-48.0,D,2397.9,2093.7,15.0,N,2026-08-09 21:00:51.033910
2026-08-07,2026-06-01,2026-08-07,district,KONKAN & GOA,MAHARASHTRA,RATNAGIRI,23.7,27.6,-14.0,N,2028.0,2222.3,-9.0,N,2026-08-09 21:00:51.033910
2026-08-07,2026-06-01,2026-08-07,district,KONKAN & GOA,MAHARASHTRA,SINDHUDURG,27.2,21.8,25.0,E,1363.1,2124.1,-36.0,D,2026-08-09 21:00:51.033910
2026-08-07,2026-06-01,2026-08-07,district,KONKAN & GOA,MAHARASHTRA,THANE,5.8,29.3,-80.0,LD,1766.9,1612.8,10.0,N,2026-08-09 21:00:51.033910
2026-08-07,2026-06-01,2026-08-07,district,LAKSHADWEEP,LAKSHADWEEP,LAKSHADWEEP,21.5,4.9,339.0,LE,512.1,674.4,-24.0,D,2026-08-09 21:00:51.033910
2026-08-07,2026-06-01,2026-08-07,district,MADHYA MAHARASHTRA,MAHARASHTRA,AHMEDNAGAR,0.5,3.9,-86.0,LD,209.5,230.1,-9.0,N,2026-08-09 21:00:51.033910
2026-08-07,2026-06-01,2026-08-07,district,MADHYA MAHARASHTRA,MAHARASHTRA,DHULE,0.3,5.7,-95.0,LD,385.7,326.2,18.0,N,2026-08-09 21:00:51.033910
2026-08-07,2026-06-01,2026-08-07,district,MADHYA MAHARASHTRA,MAHARASHTRA,JALGAON,0.4,9.1,-95.0,LD,509.3,356.2,43.0,E,2026-08-09 21:00:51.033910
2026-08-07,2026-06-01,2026-08-07,district,MADHYA MAHARASHTRA,MAHARASHTRA,KOLHAPUR,22.5,22.1,2.0,N,1182.0,1179.5,0.0,N,2026-08-09 21:00:51.033910
2026-08-07,2026-06-01,2026-08-07,district,MADHYA MAHARASHTRA,MAHARASHTRA,NANDURBAR,0.0,9.8,-100.0,NR,363.0,506.4,-28.0,D,2026-08-09 21:00:51.033910
2026-08-07,2026-06-01,2026-08-07,district,MADHYA MAHARASHTRA,MAHARASHTRA,NASHIK,3.0,10.4,-72.0,LD,1045.5,535.5,95.0,LE,2026-08-09 21:00:51.033910
2026-08-07,2026-06-01,2026-08-07,district,MADHYA MAHARASHTRA,MAHARASHTRA,PUNE,4.6,11.3,-59.0,D,939.9,574.1,64.0,LE,2026-08-09 21:00:51.033910
2026-08-07,2026-06-01,2026-08-07,district,MADHYA MAHARASHTRA,MAHARASHTRA,SANGLI,5.6,4.3,31.0,E,281.3,279.3,1.0,N,2026-08-09 21:00:51.033910
2026-08-07,2026-06-01,2026-08-07,district,MADHYA MAHARASHTRA,MAHARASHTRA,SATARA,8.6,9.3,-8.0,N,824.4,540.5,53.0,E,2026-08-09 21:00:51.033910
2026-08-07,2026-06-01,2026-08-07,district,MADHYA MAHARASHTRA,MAHARASHTRA,SHOLAPUR,2.8,3.4,-18.0,N,145.1,211.4,-31.0,D,2026-08-09 21:00:51.033910
2026-08-07,2026-06-01,2026-08-07,district,MARATHWADA,MAHARASHTRA,BEED,1.4,3.9,-64.0,LD,196.4,278.8,-30.0,D,2026-08-09 21:00:51.033910
2026-08-07,2026-06-01,2026-08-07,district,MARATHWADA,MAHARASHTRA,CHHATRAPATI SAMBHAJINAGAR,0.8,6.5,-87.0,LD,401.9,301.5,33.0,E,2026-08-09 21:00:51.033910
2026-08-07,2026-06-01,2026-08-07,district,MARATHWADA,MAHARASHTRA,DHARASHIV,1.1,4.3,-75.0,LD,259.3,283.7,-9.0,N,2026-08-09 21:00:51.033910
2026-08-07,2026-06-01,2026-08-07,district,MARATHWADA,MAHARASHTRA,HINGOLI,5.6,13.4,-58.0,D,294.5,456.0,-35.0,D,2026-08-09 21:00:51.033910
2026-08-07,2026-06-01,2026-08-07,district,MARATHWADA,MAHARASHTRA,JALNA,0.6,5.9,-89.0,LD,255.6,329.0,-22.0,D,2026-08-09 21:00:51.033910
2026-08-07,2026-06-01,2026-08-07,district,MARATHWADA,MAHARASHTRA,LATUR,1.2,6.8,-83.0,LD,299.9,350.8,-15.0,N,2026-08-09 21:00:51.033910
2026-08-07,2026-06-01,2026-08-07,district,MARATHWADA,MAHARASHTRA,NANDED,8.5,7.4,15.0,N,382.4,442.6,-14.0,N,2026-08-09 21:00:51.033910
2026-08-07,2026-06-01,2026-08-07,district,MARATHWADA,MAHARASHTRA,PARBHANI,3.2,7.9,-59.0,D,317.2,383.0,-17.0,N,2026-08-09 21:00:51.033910
2026-08-07,2026-06-01,2026-08-07,district,N. I. KARNATAKA,KARNATAKA,BAGALKOTE,4.3,1.9,125.0,LE,174.7,164.4,6.0,N,2026-08-09 21:00:51.033910
2026-08-07,2026-06-01,2026-08-07,district,N. I. KARNATAKA,KARNATAKA,BELAGAVI,5.8,6.1,-4.0,N,468.9,365.3,28.0,E,2026-08-09 21:00:51.033910
2026-08-07,2026-06-01,2026-08-07,district,N. I. KARNATAKA,KARNATAKA,BIDAR,5.8,6.3,-8.0,N,334.5,329.3,2.0,N,2026-08-09 21:00:51.033910
2026-08-07,2026-06-01,2026-08-07,district,N. I. KARNATAKA,KARNATAKA,DHARWAD,5.9,4.7,26.0,E,197.2,317.4,-38.0,D,2026-08-09 21:00:51.033910
2026-08-07,2026-06-01,2026-08-07,district,N. I. KARNATAKA,KARNATAKA,GADAG,7.4,2.2,234.0,LE,154.0,170.8,-10.0,N,2026-08-09 21:00:51.033910
2026-08-07,2026-06-01,2026-08-07,district,N. I. KARNATAKA,KARNATAKA,HAVERI,3.8,5.5,-31.0,D,210.7,308.5,-32.0,D,2026-08-09 21:00:51.033910
2026-08-07,2026-06-01,2026-08-07,district,N. I. KARNATAKA,KARNATAKA,KALABURAGI,4.2,3.9,7.0,N,175.5,282.2,-38.0,D,2026-08-09 21:00:51.033910
2026-08-07,2026-06-01,2026-08-07,district,N. I. KARNATAKA,KARNATAKA,KOPPAL,4.3,1.9,126.0,LE,116.7,162.5,-28.0,D,2026-08-09 21:00:51.033910
2026-08-07,2026-06-01,2026-08-07,district,N. I. KARNATAKA,KARNATAKA,RAICHUR,1.9,3.0,-36.0,D,179.4,188.9,-5.0,N,2026-08-09 21:00:51.033910
2026-08-07,2026-06-01,2026-08-07,district,N. I. KARNATAKA,KARNATAKA,VIJAYAPURA,2.9,1.2,142.0,LE,150.5,175.9,-14.0,N,2026-08-09 21:00:51.033910
2026-08-07,2026-06-01,2026-08-07,district,N. I. KARNATAKA,KARNATAKA,YADGIR,3.3,3.9,-16.0,N,231.6,247.8,-7.0,N,2026-08-09 21:00:51.033910
2026-08-07,2026-06-01,2026-08-07,district,NMMT,MANIPUR,BISHNUPUR,0.0,10.7,-100.0,NR,311.4,700.9,-56.0,D,2026-08-09 21:00:51.033910
2026-08-07,2026-06-01,2026-08-07,district,NMMT,MANIPUR,CHANDEL,4.7,10.7,-57.0,D,390.8,700.9,-44.0,D,2026-08-09 21:00:51.033910
2026-08-07,2026-06-01,2026-08-07,district,NMMT,MANIPUR,CHURACHANDPUR,5.0,10.7,-53.0,D,178.5,700.9,-75.0,LD,2026-08-09 21:00:51.033910
2026-08-07,2026-06-01,2026-08-07,district,NMMT,MANIPUR,IMPHAL EAST,0.3,4.8,-93.0,LD,372.1,461.1,-19.0,N,2026-08-09 21:00:51.033910
2026-08-07,2026-06-01,2026-08-07,district,NMMT,MANIPUR,IMPHAL WEST,0.0,18.3,-100.0,NR,507.6,1033.0,-51.0,D,2026-08-09 21:00:51.033910
2026-08-07,2026-06-01,2026-08-07,district,NMMT,MANIPUR,SENAPATI,3.0,8.8,-66.0,LD,464.1,482.2,-4.0,N,2026-08-09 21:00:51.033910
2026-08-07,2026-06-01,2026-08-07,district,NMMT,MANIPUR,TAMENGLONG,0.0,0.3,-100.0,NR,1327.0,2718.7,-51.0,D,2026-08-09 21:00:51.033910
2026-08-07,2026-06-01,2026-08-07,district,NMMT,MANIPUR,THOUBAL,0.0,4.8,-100.0,NR,201.7,461.1,-56.0,D,2026-08-09 21:00:51.033910
2026-08-07,2026-06-01,2026-08-07,district,NMMT,MANIPUR,UKHRUL,0.0,10.8,-100.0,NR,652.4,696.5,-6.0,N,2026-08-09 21:00:51.033910
2026-08-07,2026-06-01,2026-08-07,district,NMMT,MIZORAM,CHAMPHAI,22.5,8.6,162.0,LE,681.8,749.8,-9.0,N,2026-08-09 21:00:51.033910
2026-08-07,2026-06-01,2026-08-07,district,NMMT,MIZORAM,KOLASIB,13.5,18.9,-29.0,D,777.5,986.2,-21.0,D,2026-08-09 21:00:51.033910
2026-08-07,2026-06-01,2026-08-07,district,NMMT,MIZORAM,LAWNGTLAI,24.5,13.0,88.0,LE,895.0,1034.3,-13.0,N,2026-08-09 21:00:51.033910
2026-08-07,2026-06-01,2026-08-07,district,NMMT,MIZORAM,LUNGLEI,19.9,13.7,45.0,E,810.8,1029.7,-21.0,D,2026-08-09 21:00:51.033910
2026-08-07,2026-06-01,2026-08-07,district,NMMT,MIZORAM,MAMIT,10.3,8.9,15.0,N,491.1,897.4,-45.0,D,2026-08-09 21:00:51.033910
2026-08-07,2026-06-01,2026-08-07,district,NMMT,MIZORAM,SAIHA,11.0,13.9,-21.0,D,774.7,1047.9,-26.0,D,2026-08-09 21:00:51.033910
2026-08-07,2026-06-01,2026-08-07,district,NMMT,MIZORAM,SERCHHIP,16.8,8.8,91.0,LE,915.1,908.1,1.0,N,2026-08-09 21:00:51.033910
2026-08-07,2026-06-01,2026-08-07,district,NMMT,NAGALAND,DIMAPUR,7.6,11.7,-35.0,D,377.9,489.2,-23.0,D,2026-08-09 21:00:51.033910
2026-08-07,2026-06-01,2026-08-07,district,NMMT,NAGALAND,KIPHIRE,0.0,8.1,-100.0,NR,517.0,359.1,44.0,E,2026-08-09 21:00:51.033910
2026-08-07,2026-06-01,2026-08-07,district,NMMT,NAGALAND,KOHIMA,0.0,12.7,-100.0,NR,702.4,692.8,1.0,N,2026-08-09 21:00:51.033910
2026-08-07,2026-06-01,2026-08-07,district,NMMT,NAGALAND,MOKOKCHUNG,10.4,12.8,-19.0,N,1009.2,858.7,18.0,N,2026-08-09 21:00:51.033910
2026-08-07,2026-06-01,2026-08-07,district,NMMT,NAGALAND,PEREN,0.0,7.6,-100.0,NR,505.8,526.7,-4.0,N,2026-08-09 21:00:51.033910
2026-08-07,2026-06-01,2026-08-07,district,NMMT,NAGALAND,WOKHA,82.0,8.9,821.0,LE,776.8,732.0,6.0,N,2026-08-09 21:00:51.033910
2026-08-07,2026-06-01,2026-08-07,district,NMMT,TRIPURA,DHALAI,5.2,12.0,-57.0,D,776.4,830.6,-7.0,N,2026-08-09 21:00:51.033910
2026-08-07,2026-06-01,2026-08-07,district,NMMT,TRIPURA,GOMATI,9.7,7.9,23.0,E,668.9,913.1,-27.0,D,2026-08-09 21:00:51.033910
2026-08-07,2026-06-01,2026-08-07,district,NMMT,TRIPURA,KHOWAI,2.0,12.0,-83.0,LD,782.4,826.4,-5.0,N,2026-08-09 21:00:51.033910
2026-08-07,2026-06-01,2026-08-07,district,NMMT,TRIPURA,NORTH TRIPURA,10.1,15.1,-33.0,D,706.3,834.7,-15.0,N,2026-08-09 21:00:51.033910
2026-08-07,2026-06-01,2026-08-07,district,NMMT,TRIPURA,SIPAHIJALA,24.7,5.9,319.0,LE,735.7,848.4,-13.0,N,2026-08-09 21:00:51.033910
2026-08-07,2026-06-01,2026-08-07,district,NMMT,TRIPURA,SOUTH TRIPURA,20.2,10.4,94.0,LE,752.3,1110.5,-32.0,D,2026-08-09 21:00:51.033910
2026-08-07,2026-06-01,2026-08-07,district,NMMT,TRIPURA,UNAKOTI,11.4,10.7,7.0,N,875.0,883.9,-1.0,N,2026-08-09 21:00:51.033910
2026-08-07,2026-06-01,2026-08-07,district,NMMT,TRIPURA,WEST TRIPURA,14.7,7.8,89.0,LE,827.2,771.0,7.0,N,2026-08-09 21:00:51.033910
2026-08-07,2026-06-01,2026-08-07,district,ODISHA,ODISHA,ANGUL,29.1,14.3,103.0,LE,904.6,636.4,42.0,E,2026-08-09 21:00:51.033910
2026-08-07,2026-06-01,2026-08-07,district,ODISHA,ODISHA,BALANGIR,54.6,12.0,355.0,LE,999.0,614.1,63.0,LE,2026-08-09 21:00:51.033910
2026-08-07,2026-06-01,2026-08-07,district,ODISHA,ODISHA,BALASORE,3.4,13.3,-74.0,LD,956.6,649.4,47.0,E,2026-08-09 21:00:51.033910
2026-08-07,2026-06-01,2026-08-07,district,ODISHA,ODISHA,BARGARH,33.9,12.4,173.0,LE,1283.1,686.3,87.0,LE,2026-08-09 21:00:51.033910
2026-08-07,2026-06-01,2026-08-07,district,ODISHA,ODISHA,BHADRAK,30.3,11.0,176.0,LE,863.2,583.6,48.0,E,2026-08-09 21:00:51.033910
2026-08-07,2026-06-01,2026-08-07,district,ODISHA,ODISHA,BOUDH,53.2,12.9,312.0,LE,1352.4,574.8,135.0,LE,2026-08-09 21:00:51.033910
2026-08-07,2026-06-01,2026-08-07,district,ODISHA,ODISHA,CUTTACK,58.1,12.9,350.0,LE,960.6,621.6,55.0,E,2026-08-09 21:00:51.033910
2026-08-07,2026-06-01,2026-08-07,district,ODISHA,ODISHA,DEOGARH,17.1,12.2,40.0,E,799.3,654.2,22.0,E,2026-08-09 21:00:51.033910
2026-08-07,2026-06-01,2026-08-07,district,ODISHA,ODISHA,DHENKANAL,56.4,10.6,432.0,LE,1044.3,616.6,69.0,LE,2026-08-09 21:00:51.033910
2026-08-07,2026-06-01,2026-08-07,district,ODISHA,ODISHA,GAJAPATI,29.6,10.4,185.0,LE,339.5,498.8,-32.0,D,2026-08-09 21:00:51.033910
2026-08-07,2026-06-01,2026-08-07,district,ODISHA,ODISHA,GANJAM,25.0,11.8,112.0,LE,416.6,475.0,-12.0,N,2026-08-09 21:00:51.033910
2026-08-07,2026-06-01,2026-08-07,district,ODISHA,ODISHA,JAGATSINGHPUR,15.9,12.4,28.0,E,847.4,557.6,52.0,E,2026-08-09 21:00:51.033910
2026-08-07,2026-06-01,2026-08-07,district,ODISHA,ODISHA,JAJPUR,35.7,13.7,161.0,LE,890.4,671.4,33.0,E,2026-08-09 21:00:51.033910
2026-08-07,2026-06-01,2026-08-07,district,ODISHA,ODISHA,JHARSUGUDA,21.1,17.1,24.0,E,782.1,667.8,17.0,N,2026-08-09 21:00:51.033910
2026-08-07,2026-06-01,2026-08-07,district,ODISHA,ODISHA,KALAHANDI,43.7,18.6,135.0,LE,671.6,796.8,-16.0,N,2026-08-09 21:00:51.033910
2026-08-07,2026-06-01,2026-08-07,district,ODISHA,ODISHA,KANDHAMAL,33.2,17.8,87.0,LE,885.3,621.2,43.0,E,2026-08-09 21:00:51.033910
2026-08-07,2026-06-01,2026-08-07,district,ODISHA,ODISHA,KENDRAPARA,16.3,12.3,33.0,E,977.1,589.5,66.0,LE,2026-08-09 21:00:51.033910
2026-08-07,2026-06-01,2026-08-07,district,ODISHA,ODISHA,KEONJHARGARH,32.9,12.4,165.0,LE,931.7,644.3,45.0,E,2026-08-09 21:00:51.033910
2026-08-07,2026-06-01,2026-08-07,district,ODISHA,ODISHA,KHURDA,36.7,13.1,180.0,LE,764.0,588.1,30.0,E,2026-08-09 21:00:51.033910
2026-08-07,2026-06-01,2026-08-07,district,ODISHA,ODISHA,KORAPUT,18.5,17.6,5.0,N,632.9,694.6,-9.0,N,2026-08-09 21:00:51.033910
2026-08-07,2026-06-01,2026-08-07,district,ODISHA,ODISHA,MALKANGIRI,45.4,17.3,162.0,LE,561.7,715.9,-22.0,D,2026-08-09 21:00:51.033910
2026-08-07,2026-06-01,2026-08-07,district,ODISHA,ODISHA,MAYURBHANJ,10.3,14.5,-29.0,D,772.0,681.5,13.0,N,2026-08-09 21:00:51.033910
2026-08-07,2026-06-01,2026-08-07,district,ODISHA,ODISHA,NAWAPARA,20.5,10.8,90.0,LE,819.7,575.9,42.0,E,2026-08-09 21:00:51.033910
2026-08-07,2026-06-01,2026-08-07,district,ODISHA,ODISHA,NAWARANGPUR,10.4,16.6,-37.0,D,533.4,772.7,-31.0,D,2026-08-09 21:00:51.033910
2026-08-07,2026-06-01,2026-08-07,district,ODISHA,ODISHA,NAYAGARH,51.5,14.1,265.0,LE,790.1,603.6,31.0,E,2026-08-09 21:00:51.033910
2026-08-07,2026-06-01,2026-08-07,district,ODISHA,ODISHA,PURI,35.1,12.8,174.0,LE,823.4,533.4,54.0,E,2026-08-09 21:00:51.033910
2026-08-07,2026-06-01,2026-08-07,district,ODISHA,ODISHA,RAYAGADA,17.3,14.3,21.0,E,467.9,555.8,-16.0,N,2026-08-09 21:00:51.033910
2026-08-07,2026-06-01,2026-08-07,district,ODISHA,ODISHA,SAMBALPUR,30.2,18.7,61.0,LE,1010.9,724.4,40.0,E,2026-08-09 21:00:51.033910
2026-08-07,2026-06-01,2026-08-07,district,ODISHA,ODISHA,SONEPUR,72.9,12.9,465.0,LE,1402.6,667.6,110.0,LE,2026-08-09 21:00:51.033910
2026-08-07,2026-06-01,2026-08-07,district,ODISHA,ODISHA,SUNDARGARH,26.7,15.1,77.0,LE,763.5,690.2,11.0,N,2026-08-09 21:00:51.033910
2026-08-07,2026-06-01,2026-08-07,district,PUNJAB,PUNJAB,AMRITSAR,0.1,7.3,-98.0,LD,277.4,269.1,3.0,N,2026-08-09 21:00:51.033910
2026-08-07,2026-06-01,2026-08-07,district,PUNJAB,PUNJAB,BARNALA,5.4,6.5,-17.0,N,98.6,225.8,-56.0,D,2026-08-09 21:00:51.033910
2026-08-07,2026-06-01,2026-08-07,district,PUNJAB,PUNJAB,BHATINDA,0.0,4.0,-100.0,NR,80.2,185.7,-57.0,D,2026-08-09 21:00:51.033910
2026-08-07,2026-06-01,2026-08-07,district,PUNJAB,PUNJAB,FARIDKOT,1.2,5.3,-78.0,LD,202.0,183.3,10.0,N,2026-08-09 21:00:51.033910
2026-08-07,2026-06-01,2026-08-07,district,PUNJAB,PUNJAB,FATEHGARH SAHIB,6.0,9.0,-33.0,D,93.7,288.8,-68.0,LD,2026-08-09 21:00:51.033910
2026-08-07,2026-06-01,2026-08-07,district,PUNJAB,PUNJAB,FAZILKA,0.0,2.7,-100.0,NR,92.3,164.8,-44.0,D,2026-08-09 21:00:51.033910
2026-08-07,2026-06-01,2026-08-07,district,PUNJAB,PUNJAB,FEROZEPUR,0.3,3.4,-93.0,LD,113.3,153.8,-26.0,D,2026-08-09 21:00:51.033910
2026-08-07,2026-06-01,2026-08-07,district,PUNJAB,PUNJAB,GURDASPUR,2.1,9.4,-78.0,LD,484.0,363.5,33.0,E,2026-08-09 21:00:51.033910
2026-08-07,2026-06-01,2026-08-07,district,PUNJAB,PUNJAB,HOSHIARPUR,5.5,7.9,-30.0,D,126.0,363.7,-65.0,LD,2026-08-09 21:00:51.033910
2026-08-07,2026-06-01,2026-08-07,district,PUNJAB,PUNJAB,JALANDHAR,25.7,7.1,262.0,LE,215.6,307.5,-30.0,D,2026-08-09 21:00:51.033910
2026-08-07,2026-06-01,2026-08-07,district,PUNJAB,PUNJAB,KAPURTHALA,1.9,5.7,-66.0,LD,125.2,258.4,-52.0,D,2026-08-09 21:00:51.033910
2026-08-07,2026-06-01,2026-08-07,district,PUNJAB,PUNJAB,LUDHIANA,8.0,4.3,85.0,LE,188.2,266.5,-29.0,D,2026-08-09 21:00:51.033910
2026-08-07,2026-06-01,2026-08-07,district,PUNJAB,PUNJAB,MANSA,0.0,3.7,-100.0,NR,42.8,165.3,-74.0,LD,2026-08-09 21:00:51.033910
2026-08-07,2026-06-01,2026-08-07,district,PUNJAB,PUNJAB,MOGA,3.2,3.8,-16.0,N,120.7,166.5,-28.0,D,2026-08-09 21:00:51.033910
2026-08-07,2026-06-01,2026-08-07,district,PUNJAB,PUNJAB,MUKTSAR,0.5,5.6,-91.0,LD,82.5,201.0,-59.0,D,2026-08-09 21:00:51.033910
2026-08-07,2026-06-01,2026-08-07,district,PUNJAB,PUNJAB,PATHANKOT,1.7,14.6,-88.0,LD,672.6,553.8,21.0,E,2026-08-09 21:00:51.033910
2026-08-07,2026-06-01,2026-08-07,district,PUNJAB,PUNJAB,PATIALA,6.9,5.0,37.0,E,186.9,316.8,-41.0,D,2026-08-09 21:00:51.033910
2026-08-07,2026-06-01,2026-08-07,district,PUNJAB,PUNJAB,RUPNAGAR,2.5,11.9,-79.0,LD,313.5,461.7,-32.0,D,2026-08-09 21:00:51.033910
2026-08-07,2026-06-01,2026-08-07,district,PUNJAB,PUNJAB,SANGRUR,0.2,4.2,-96.0,LD,113.1,227.3,-50.0,D,2026-08-09 21:00:51.033910
2026-08-07,2026-06-01,2026-08-07,district,PUNJAB,PUNJAB,SAS NAGAR (MOHALI),2.9,5.0,-41.0,D,174.8,364.2,-52.0,D,2026-08-09 21:00:51.033910
2026-08-07,2026-06-01,2026-08-07,district,PUNJAB,PUNJAB,SBS NAGAR,18.7,8.7,115.0,LE,241.9,456.3,-47.0,D,2026-08-09 21:00:51.033910
2026-08-07,2026-06-01,2026-08-07,district,PUNJAB,PUNJAB,TARN TARAN,0.0,3.4,-100.0,NR,109.6,160.0,-32.0,D,2026-08-09 21:00:51.033910
2026-08-07,2026-06-01,2026-08-07,district,RAYALASEEMA,ANDHRA PRADESH,ANANTAPURAMU,4.1,1.7,143.0,LE,131.8,139.4,-5.0,N,2026-08-09 21:00:51.033910
2026-08-07,2026-06-01,2026-08-07,district,RAYALASEEMA,ANDHRA PRADESH,ANNAMAYYA DISTRICT,1.6,3.7,-58.0,D,72.4,176.4,-59.0,D,2026-08-09 21:00:51.033910
2026-08-07,2026-06-01,2026-08-07,district,RAYALASEEMA,ANDHRA PRADESH,CHITTOOR,3.8,5.1,-25.0,D,102.9,208.0,-51.0,D,2026-08-09 21:00:51.033910
2026-08-07,2026-06-01,2026-08-07,district,RAYALASEEMA,ANDHRA PRADESH,KURNOOL,1.4,2.8,-49.0,D,175.2,207.0,-15.0,N,2026-08-09 21:00:51.033910
2026-08-07,2026-06-01,2026-08-07,district,RAYALASEEMA,ANDHRA PRADESH,NANDYAL,4.8,3.0,60.0,LE,182.5,247.7,-26.0,D,2026-08-09 21:00:51.033910
2026-08-07,2026-06-01,2026-08-07,district,RAYALASEEMA,ANDHRA PRADESH,SRI SATHYASAI DISTRICT,0.4,2.4,-84.0,LD,88.7,136.8,-35.0,D,2026-08-09 21:00:51.033910
2026-08-07,2026-06-01,2026-08-07,district,RAYALASEEMA,ANDHRA PRADESH,TIRUPATI,9.3,5.3,76.0,LE,152.1,215.4,-29.0,D,2026-08-09 21:00:51.033910
2026-08-07,2026-06-01,2026-08-07,district,RAYALASEEMA,ANDHRA PRADESH,YSR DISTRICT,15.2,3.9,289.0,LE,120.1,183.8,-35.0,D,2026-08-09 21:00:51.033910
2026-08-07,2026-06-01,2026-08-07,district,S. I. KARNATAKA,KARNATAKA,BALLARI,4.5,2.3,97.0,LE,93.0,155.5,-40.0,D,2026-08-09 21:00:51.033910
2026-08-07,2026-06-01,2026-08-07,district,S. I. KARNATAKA,KARNATAKA,BENGALURU RURAL,2.2,2.9,-24.0,D,133.2,179.4,-26.0,D,2026-08-09 21:00:51.033910
2026-08-07,2026-06-01,2026-08-07,district,S. I. KARNATAKA,KARNATAKA,BENGALURU URBAN,2.3,2.6,-10.0,N,78.0,183.8,-58.0,D,2026-08-09 21:00:51.033910
2026-08-07,2026-06-01,2026-08-07,district,S. I. KARNATAKA,KARNATAKA,CHAMARAJANAGAR,3.3,2.2,52.0,E,114.5,152.2,-25.0,D,2026-08-09 21:00:51.033910
2026-08-07,2026-06-01,2026-08-07,district,S. I. KARNATAKA,KARNATAKA,CHIKABALLAPURA,1.4,4.1,-67.0,LD,127.4,174.5,-27.0,D,2026-08-09 21:00:51.033910
2026-08-07,2026-06-01,2026-08-07,district,S. I. KARNATAKA,KARNATAKA,CHIKKAMAGALURU,8.6,20.3,-58.0,D,1001.7,1016.2,-1.0,N,2026-08-09 21:00:51.033910
2026-08-07,2026-06-01,2026-08-07,district,S. I. KARNATAKA,KARNATAKA,CHITRADURGA,1.9,2.9,-33.0,D,94.6,130.7,-28.0,D,2026-08-09 21:00:51.033910
2026-08-07,2026-06-01,2026-08-07,district,S. I. KARNATAKA,KARNATAKA,DAVANGERE,5.6,3.8,48.0,E,176.3,199.5,-12.0,N,2026-08-09 21:00:51.033910
2026-08-07,2026-06-01,2026-08-07,district,S. I. KARNATAKA,KARNATAKA,HASSAN,1.4,6.9,-80.0,LD,167.7,422.1,-60.0,LD,2026-08-09 21:00:51.033910
2026-08-07,2026-06-01,2026-08-07,district,S. I. KARNATAKA,KARNATAKA,KODAGU,22.0,25.7,-14.0,N,1204.6,1585.9,-24.0,D,2026-08-09 21:00:51.033910
2026-08-07,2026-06-01,2026-08-07,district,S. I. KARNATAKA,KARNATAKA,KOLAR,7.4,4.6,61.0,LE,76.8,173.8,-56.0,D,2026-08-09 21:00:51.033910
2026-08-07,2026-06-01,2026-08-07,district,S. I. KARNATAKA,KARNATAKA,MANDYA,1.4,1.6,-13.0,N,77.9,123.7,-37.0,D,2026-08-09 21:00:51.033910
2026-08-07,2026-06-01,2026-08-07,district,S. I. KARNATAKA,KARNATAKA,MYSURU,1.3,2.7,-51.0,D,104.6,200.2,-48.0,D,2026-08-09 21:00:51.033910
2026-08-07,2026-06-01,2026-08-07,district,S. I. KARNATAKA,KARNATAKA,SHIVAMOGGA,8.9,21.5,-59.0,D,1150.1,1134.5,1.0,N,2026-08-09 21:00:51.033910
2026-08-07,2026-06-01,2026-08-07,district,S. I. KARNATAKA,KARNATAKA,TUMAKURU,0.6,2.9,-80.0,LD,85.0,155.0,-45.0,D,2026-08-09 21:00:51.033910
2026-08-07,2026-06-01,2026-08-07,district,S. I. KARNATAKA,KARNATAKA,VIJAYANAGARA,5.5,3.1,77.0,LE,91.0,174.2,-48.0,D,2026-08-09 21:00:51.033910
2026-08-07,2026-06-01,2026-08-07,district,SAURASHTRA & KUTCH,DADRA & NAGAR HAVELI AND DAMAN & DIU (UT),DIU,0.0,2.9,-100.0,NR,617.6,527.2,17.0,N,2026-08-09 21:00:51.033910
2026-08-07,2026-06-01,2026-08-07,district,SAURASHTRA & KUTCH,GUJARAT,AMRELI,0.0,4.5,-100.0,NR,485.2,368.1,32.0,E,2026-08-09 21:00:51.033910
2026-08-07,2026-06-01,2026-08-07,district,SAURASHTRA & KUTCH,GUJARAT,BHAVNAGAR,0.0,7.1,-100.0,NR,453.2,353.7,28.0,E,2026-08-09 21:00:51.033910
2026-08-07,2026-06-01,2026-08-07,district,SAURASHTRA & KUTCH,GUJARAT,BOTAD,0.0,7.4,-100.0,NR,417.7,332.1,26.0,E,2026-08-09 21:00:51.033910
2026-08-07,2026-06-01,2026-08-07,district,SAURASHTRA & KUTCH,GUJARAT,DEVBHOOMI DWARKA,0.0,5.9,-100.0,NR,55.4,361.7,-85.0,LD,2026-08-09 21:00:51.033910
2026-08-07,2026-06-01,2026-08-07,district,SAURASHTRA & KUTCH,GUJARAT,GIR SOMNATH,0.0,7.7,-100.0,NR,455.7,613.1,-26.0,D,2026-08-09 21:00:51.033910
2026-08-07,2026-06-01,2026-08-07,district,SAURASHTRA & KUTCH,GUJARAT,JAMNAGAR,0.0,10.2,-100.0,NR,213.2,404.3,-47.0,D,2026-08-09 21:00:51.033910
2026-08-07,2026-06-01,2026-08-07,district,SAURASHTRA & KUTCH,GUJARAT,JUNAGADH,0.0,9.7,-100.0,NR,583.1,605.2,-4.0,N,2026-08-09 21:00:51.033910
2026-08-07,2026-06-01,2026-08-07,district,SAURASHTRA & KUTCH,GUJARAT,KUTCH,0.0,4.4,-100.0,NR,135.5,235.2,-42.0,D,2026-08-09 21:00:51.033910
2026-08-07,2026-06-01,2026-08-07,district,SAURASHTRA & KUTCH,GUJARAT,MORBI,0.0,7.9,-100.0,NR,460.2,337.0,37.0,E,2026-08-09 21:00:51.033910
2026-08-07,2026-06-01,2026-08-07,district,SAURASHTRA & KUTCH,GUJARAT,PORBANDAR,0.0,10.4,-100.0,NR,156.1,465.2,-66.0,LD,2026-08-09 21:00:51.033910
2026-08-07,2026-06-01,2026-08-07,district,SAURASHTRA & KUTCH,GUJARAT,RAJKOT,0.0,10.1,-100.0,NR,349.3,408.4,-14.0,N,2026-08-09 21:00:51.033910
2026-08-07,2026-06-01,2026-08-07,district,SAURASHTRA & KUTCH,GUJARAT,SURENDRANAGAR,0.0,5.0,-100.0,NR,471.7,308.2,53.0,E,2026-08-09 21:00:51.033910
2026-08-07,2026-06-01,2026-08-07,district,SHWB & SIKKIM,SIKKIM,GANGTOK,3.1,24.9,-88.0,LD,1236.1,1334.0,-7.0,N,2026-08-09 21:00:51.033910
2026-08-07,2026-06-01,2026-08-07,district,SHWB & SIKKIM,SIKKIM,GYALSHING,0.8,17.1,-95.0,LD,1511.4,1078.2,40.0,E,2026-08-09 21:00:51.033910
2026-08-07,2026-06-01,2026-08-07,district,SHWB & SIKKIM,SIKKIM,MANGAN,1.3,12.9,-90.0,LD,875.1,938.7,-7.0,N,2026-08-09 21:00:51.033910
2026-08-07,2026-06-01,2026-08-07,district,SHWB & SIKKIM,SIKKIM,NAMCHI,0.0,16.1,-100.0,NR,1303.2,982.3,33.0,E,2026-08-09 21:00:51.033910
2026-08-07,2026-06-01,2026-08-07,district,SHWB & SIKKIM,SIKKIM,Pakyong,4.0,19.3,-80.0,LD,1095.3,977.9,12.0,N,2026-08-09 21:00:51.033910
2026-08-07,2026-06-01,2026-08-07,district,SHWB & SIKKIM,SIKKIM,Soreng,0.0,17.1,-100.0,NR,1582.5,1078.2,47.0,E,2026-08-09 21:00:51.033910
2026-08-07,2026-06-01,2026-08-07,district,SHWB & SIKKIM,WEST BENGAL,ALIPURDUAR,0.0,16.4,-100.0,NR,1996.9,1881.5,6.0,N,2026-08-09 21:00:51.033910
2026-08-07,2026-06-01,2026-08-07,district,SHWB & SIKKIM,WEST BENGAL,COOCH BEHAR,0.0,17.7,-100.0,NR,1557.5,1428.0,9.0,N,2026-08-09 21:00:51.033910
2026-08-07,2026-06-01,2026-08-07,district,SHWB & SIKKIM,WEST BENGAL,DARJEELING,1.4,19.4,-93.0,LD,1528.3,1681.7,-9.0,N,2026-08-09 21:00:51.033910
2026-08-07,2026-06-01,2026-08-07,district,SHWB & SIKKIM,WEST BENGAL,JALPAIGURI,1.1,18.4,-94.0,LD,1572.9,1826.3,-14.0,N,2026-08-09 21:00:51.033910
2026-08-07,2026-06-01,2026-08-07,district,SHWB & SIKKIM,WEST BENGAL,KALIMPONG,16.8,24.7,-32.0,D,1286.2,1485.7,-13.0,N,2026-08-09 21:00:51.033910
2026-08-07,2026-06-01,2026-08-07,district,SHWB & SIKKIM,WEST BENGAL,MALDA,18.2,8.6,112.0,LE,528.9,639.0,-17.0,N,2026-08-09 21:00:51.033910
2026-08-07,2026-06-01,2026-08-07,district,SHWB & SIKKIM,WEST BENGAL,NORTH DINAJPUR,22.4,6.8,229.0,LE,695.8,845.7,-18.0,N,2026-08-09 21:00:51.033910
2026-08-07,2026-06-01,2026-08-07,district,SHWB & SIKKIM,WEST BENGAL,SOUTH DINAJPUR,7.3,6.9,6.0,N,610.6,627.4,-3.0,N,2026-08-09 21:00:51.033910
2026-08-07,2026-06-01,2026-08-07,district,TAMIL. PUDU.& KARAIKAL,PUDUCHERRY (UT),KARAIKAL,0.0,1.3,-100.0,NR,146.4,118.8,23.0,E,2026-08-09 21:00:51.033910
2026-08-07,2026-06-01,2026-08-07,district,TAMIL. PUDU.& KARAIKAL,PUDUCHERRY (UT),PUDUCHERRY,14.5,3.6,301.0,LE,54.3,150.9,-64.0,LD,2026-08-09 21:00:51.033910
2026-08-07,2026-06-01,2026-08-07,district,TAMIL. PUDU.& KARAIKAL,TAMILNADU,ARIYALUR,0.0,2.0,-100.0,NR,101.7,108.0,-6.0,N,2026-08-09 21:00:51.033910
2026-08-07,2026-06-01,2026-08-07,district,TAMIL. PUDU.& KARAIKAL,TAMILNADU,CHENGALPATTU,0.2,2.6,-92.0,LD,59.9,169.7,-65.0,LD,2026-08-09 21:00:51.033910
2026-08-07,2026-06-01,2026-08-07,district,TAMIL. PUDU.& KARAIKAL,TAMILNADU,CHENNAI,0.6,5.4,-89.0,LD,176.5,201.8,-13.0,N,2026-08-09 21:00:51.033910
2026-08-07,2026-06-01,2026-08-07,district,TAMIL. PUDU.& KARAIKAL,TAMILNADU,COIMBATORE,12.4,5.9,110.0,LE,476.7,436.2,9.0,N,2026-08-09 21:00:51.033910
2026-08-07,2026-06-01,2026-08-07,district,TAMIL. PUDU.& KARAIKAL,TAMILNADU,CUDDALORE,3.7,3.0,22.0,E,143.7,136.5,5.0,N,2026-08-09 21:00:51.033910
2026-08-07,2026-06-01,2026-08-07,district,TAMIL. PUDU.& KARAIKAL,TAMILNADU,DHARMAPURI,0.4,2.3,-84.0,LD,110.7,135.7,-18.0,N,2026-08-09 21:00:51.033910
2026-08-07,2026-06-01,2026-08-07,district,TAMIL. PUDU.& KARAIKAL,TAMILNADU,DINDIGUL,0.5,1.7,-72.0,LD,76.4,104.0,-27.0,D,2026-08-09 21:00:51.033910
2026-08-07,2026-06-01,2026-08-07,district,TAMIL. PUDU.& KARAIKAL,TAMILNADU,ERODE,0.0,1.7,-100.0,NR,79.9,102.8,-22.0,D,2026-08-09 21:00:51.033910
2026-08-07,2026-06-01,2026-08-07,district,TAMIL. PUDU.& KARAIKAL,TAMILNADU,KALLAKURICHI,7.2,3.1,131.0,LE,113.1,148.4,-24.0,D,2026-08-09 21:00:51.033910
2026-08-07,2026-06-01,2026-08-07,district,TAMIL. PUDU.& KARAIKAL,TAMILNADU,KANCHEEPURAM,0.6,3.7,-84.0,LD,133.8,200.6,-33.0,D,2026-08-09 21:00:51.033910
2026-08-07,2026-06-01,2026-08-07,district,TAMIL. PUDU.& KARAIKAL,TAMILNADU,KANYAKUMARI,4.5,3.4,32.0,E,350.7,303.5,16.0,N,2026-08-09 21:00:51.033910
2026-08-07,2026-06-01,2026-08-07,district,TAMIL. PUDU.& KARAIKAL,TAMILNADU,KARUR,0.0,0.8,-100.0,NR,35.0,54.4,-36.0,D,2026-08-09 21:00:51.033910
2026-08-07,2026-06-01,2026-08-07,district,TAMIL. PUDU.& KARAIKAL,TAMILNADU,KRISHNAGIRI,0.0,1.8,-100.0,NR,100.4,124.2,-19.0,N,2026-08-09 21:00:51.033910
2026-08-07,2026-06-01,2026-08-07,district,TAMIL. PUDU.& KARAIKAL,TAMILNADU,MADURAI,0.0,2.4,-100.0,NR,72.4,107.7,-33.0,D,2026-08-09 21:00:51.033910
2026-08-07,2026-06-01,2026-08-07,district,TAMIL. PUDU.& KARAIKAL,TAMILNADU,MAYILADUTHURAI,0.0,1.9,-100.0,NR,72.7,111.7,-35.0,D,2026-08-09 21:00:51.033910
2026-08-07,2026-06-01,2026-08-07,district,TAMIL. PUDU.& KARAIKAL,TAMILNADU,NAGAPATTINAM,3.4,1.1,210.0,LE,45.1,93.4,-52.0,D,2026-08-09 21:00:51.033910
2026-08-07,2026-06-01,2026-08-07,district,TAMIL. PUDU.& KARAIKAL,TAMILNADU,NAMAKKAL,1.5,3.1,-50.0,D,47.0,115.9,-59.0,D,2026-08-09 21:00:51.033910
2026-08-07,2026-06-01,2026-08-07,district,TAMIL. PUDU.& KARAIKAL,TAMILNADU,NILGIRIS,3.5,8.3,-57.0,D,360.9,499.2,-28.0,D,2026-08-09 21:00:51.033910
2026-08-07,2026-06-01,2026-08-07,district,TAMIL. PUDU.& KARAIKAL,TAMILNADU,PERAMBALUR,0.3,0.8,-66.0,LD,98.0,80.4,22.0,E,2026-08-09 21:00:51.033910
2026-08-07,2026-06-01,2026-08-07,district,TAMIL. PUDU.& KARAIKAL,TAMILNADU,PUDUKKOTTAI,9.0,2.1,327.0,LE,111.4,108.0,3.0,N,2026-08-09 21:00:51.033910
2026-08-07,2026-06-01,2026-08-07,district,TAMIL. PUDU.& KARAIKAL,TAMILNADU,RAMANATHAPURAM,0.0,0.4,-100.0,NR,10.3,45.7,-78.0,LD,2026-08-09 21:00:51.033910
2026-08-07,2026-06-01,2026-08-07,district,TAMIL. PUDU.& KARAIKAL,TAMILNADU,RANIPET,4.4,6.7,-35.0,D,151.9,204.2,-26.0,D,2026-08-09 21:00:51.033910
2026-08-07,2026-06-01,2026-08-07,district,TAMIL. PUDU.& KARAIKAL,TAMILNADU,SALEM,3.0,2.4,25.0,E,109.3,154.3,-29.0,D,2026-08-09 21:00:51.033910
2026-08-07,2026-06-01,2026-08-07,district,TAMIL. PUDU.& KARAIKAL,TAMILNADU,SIVAGANGA,0.0,2.2,-100.0,NR,102.1,136.5,-25.0,D,2026-08-09 21:00:51.033910
2026-08-07,2026-06-01,2026-08-07,district,TAMIL. PUDU.& KARAIKAL,TAMILNADU,TENKASI,3.5,1.5,135.0,LE,157.8,96.8,63.0,LE,2026-08-09 21:00:51.033910
2026-08-07,2026-06-01,2026-08-07,district,TAMIL. PUDU.& KARAIKAL,TAMILNADU,THANJAVUR,2.4,1.3,87.0,LE,90.0,106.3,-15.0,N,2026-08-09 21:00:51.033910
2026-08-07,2026-06-01,2026-08-07,district,TAMIL. PUDU.& KARAIKAL,TAMILNADU,THENI,2.4,1.9,29.0,E,130.3,93.9,39.0,E,2026-08-09 21:00:51.033910
2026-08-07,2026-06-01,2026-08-07,district,TAMIL. PUDU.& KARAIKAL,TAMILNADU,THIRUCHIRAPALLI,0.0,1.6,-100.0,NR,72.0,86.9,-17.0,N,2026-08-09 21:00:51.033910
2026-08-07,2026-06-01,2026-08-07,district,TAMIL. PUDU.& KARAIKAL,TAMILNADU,THIRUVALLUR,2.0,4.7,-57.0,D,172.2,204.9,-16.0,N,2026-08-09 21:00:51.033910
2026-08-07,2026-06-01,2026-08-07,district,TAMIL. PUDU.& KARAIKAL,TAMILNADU,THOOTHUKUDI,0.0,0.2,-100.0,NR,8.0,18.6,-57.0,D,2026-08-09 21:00:51.033910
2026-08-07,2026-06-01,2026-08-07,district,TAMIL. PUDU.& KARAIKAL,TAMILNADU,TIRUNELVELI,1.7,1.2,40.0,E,344.4,42.8,705.0,LE,2026-08-09 21:00:51.033910
2026-08-07,2026-06-01,2026-08-07,district,TAMIL. PUDU.& KARAIKAL,TAMILNADU,TIRUPATTUR,2.3,3.6,-36.0,D,75.9,171.2,-56.0,D,2026-08-09 21:00:51.033910
2026-08-07,2026-06-01,2026-08-07,district,TAMIL. PUDU.& KARAIKAL,TAMILNADU,TIRUPPUR,0.3,0.8,-58.0,D,24.1,47.7,-50.0,D,2026-08-09 21:00:51.033910
2026-08-07,2026-06-01,2026-08-07,district,TAMIL. PUDU.& KARAIKAL,TAMILNADU,TIRUVANNAMALAI,1.1,3.8,-70.0,LD,116.8,177.6,-34.0,D,2026-08-09 21:00:51.033910
2026-08-07,2026-06-01,2026-08-07,district,TAMIL. PUDU.& KARAIKAL,TAMILNADU,TIRUVARUR,5.2,2.2,135.0,LE,107.6,108.4,-1.0,N,2026-08-09 21:00:51.033910
2026-08-07,2026-06-01,2026-08-07,district,TAMIL. PUDU.& KARAIKAL,TAMILNADU,VELLORE,11.4,5.4,111.0,LE,114.8,185.2,-38.0,D,2026-08-09 21:00:51.033910
2026-08-07,2026-06-01,2026-08-07,district,TAMIL. PUDU.& KARAIKAL,TAMILNADU,VILLUPURAM,0.7,2.7,-75.0,LD,111.3,157.0,-29.0,D,2026-08-09 21:00:51.033910
2026-08-07,2026-06-01,2026-08-07,district,TAMIL. PUDU.& KARAIKAL,TAMILNADU,VIRUDHUNAGAR,0.0,1.9,-100.0,NR,57.2,62.7,-9.0,N,2026-08-09 21:00:51.033910
2026-08-07,2026-06-01,2026-08-07,district,TELANGANA,TELANGANA,ADILABAD,2.4,14.4,-83.0,LD,536.7,563.8,-5.0,N,2026-08-09 21:00:51.033910
2026-08-07,2026-06-01,2026-08-07,district,TELANGANA,TELANGANA,B. KOTHAGUDEM,9.8,8.0,23.0,E,443.7,543.2,-18.0,N,2026-08-09 21:00:51.033910
2026-08-07,2026-06-01,2026-08-07,district,TELANGANA,TELANGANA,HANUMAKONDA,6.5,4.3,50.0,E,228.9,379.8,-40.0,D,2026-08-09 21:00:51.033910
2026-08-07,2026-06-01,2026-08-07,district,TELANGANA,TELANGANA,HYDERABAD,8.8,5.0,75.0,LE,246.6,319.4,-23.0,D,2026-08-09 21:00:51.033910
2026-08-07,2026-06-01,2026-08-07,district,TELANGANA,TELANGANA,J. BHUPALPALLY,6.1,9.7,-37.0,D,614.7,548.9,12.0,N,2026-08-09 21:00:51.033910
2026-08-07,2026-06-01,2026-08-07,district,TELANGANA,TELANGANA,JAGTIAL,5.5,10.7,-48.0,D,595.3,464.6,28.0,E,2026-08-09 21:00:51.033910
2026-08-07,2026-06-01,2026-08-07,district,TELANGANA,TELANGANA,JANGAON,26.1,3.9,570.0,LE,225.7,369.7,-39.0,D,2026-08-09 21:00:51.033910
2026-08-07,2026-06-01,2026-08-07,district,TELANGANA,TELANGANA,JOGULAMBA GADWAL,2.3,2.2,4.0,N,169.5,226.3,-25.0,D,2026-08-09 21:00:51.033910
2026-08-07,2026-06-01,2026-08-07,district,TELANGANA,TELANGANA,KAMAREDDY,9.8,6.9,42.0,E,576.0,425.5,35.0,E,2026-08-09 21:00:51.033910
2026-08-07,2026-06-01,2026-08-07,district,TELANGANA,TELANGANA,KARIMNAGAR,9.4,7.6,24.0,E,391.1,389.6,0.0,N,2026-08-09 21:00:51.033910
2026-08-07,2026-06-01,2026-08-07,district,TELANGANA,TELANGANA,KHAMMAM,6.4,6.0,7.0,N,342.9,423.6,-19.0,N,2026-08-09 21:00:51.033910
2026-08-07,2026-06-01,2026-08-07,district,TELANGANA,TELANGANA,KUMARAM BHEEM,9.6,9.9,-3.0,N,733.8,569.0,29.0,E,2026-08-09 21:00:51.033910
2026-08-07,2026-06-01,2026-08-07,district,TELANGANA,TELANGANA,M. MALKAJGIRI,8.2,2.9,183.0,LE,169.3,258.4,-34.0,D,2026-08-09 21:00:51.033910
2026-08-07,2026-06-01,2026-08-07,district,TELANGANA,TELANGANA,MAHABUBABAD,20.6,8.4,145.0,LE,410.5,481.7,-15.0,N,2026-08-09 21:00:51.033910
2026-08-07,2026-06-01,2026-08-07,district,TELANGANA,TELANGANA,MAHABUBNAGAR,7.9,3.3,139.0,LE,274.0,262.6,4.0,N,2026-08-09 21:00:51.033910
2026-08-07,2026-06-01,2026-08-07,district,TELANGANA,TELANGANA,MANCHERIAL,4.6,14.1,-67.0,LD,680.8,552.2,23.0,E,2026-08-09 21:00:51.033910
2026-08-07,2026-06-01,2026-08-07,district,TELANGANA,TELANGANA,MEDAK,6.6,7.1,-7.0,N,461.7,430.4,7.0,N,2026-08-09 21:00:51.033910
2026-08-07,2026-06-01,2026-08-07,district,TELANGANA,TELANGANA,MULUGU,3.4,8.9,-62.0,LD,684.1,567.9,20.0,E,2026-08-09 21:00:51.033910
2026-08-07,2026-06-01,2026-08-07,district,TELANGANA,TELANGANA,NAGARKURNOOL,9.0,2.2,307.0,LE,204.2,237.4,-14.0,N,2026-08-09 21:00:51.033910
2026-08-07,2026-06-01,2026-08-07,district,TELANGANA,TELANGANA,NALGONDA,4.9,3.1,57.0,E,149.2,247.3,-40.0,D,2026-08-09 21:00:51.033910
2026-08-07,2026-06-01,2026-08-07,district,TELANGANA,TELANGANA,NARAYANPET,6.0,2.4,149.0,LE,277.7,233.5,19.0,N,2026-08-09 21:00:51.033910
2026-08-07,2026-06-01,2026-08-07,district,TELANGANA,TELANGANA,NIRMAL,4.2,13.8,-70.0,LD,324.5,521.0,-38.0,D,2026-08-09 21:00:51.033910
2026-08-07,2026-06-01,2026-08-07,district,TELANGANA,TELANGANA,NIZAMABAD,36.0,8.6,319.0,LE,496.5,470.8,5.0,N,2026-08-09 21:00:51.033910
2026-08-07,2026-06-01,2026-08-07,district,TELANGANA,TELANGANA,PEDDAPALLE,4.0,10.2,-60.0,LD,528.3,509.8,4.0,N,2026-08-09 21:00:51.033910
2026-08-07,2026-06-01,2026-08-07,district,TELANGANA,TELANGANA,RAJANNA SIRCILLA,27.2,5.6,386.0,LE,435.8,382.9,14.0,N,2026-08-09 21:00:51.033910
2026-08-07,2026-06-01,2026-08-07,district,TELANGANA,TELANGANA,RANGAREDDY,8.0,4.0,100.0,LE,270.0,277.7,-3.0,N,2026-08-09 21:00:51.033910
2026-08-07,2026-06-01,2026-08-07,district,TELANGANA,TELANGANA,SANGAREDDY,1.2,6.3,-81.0,LD,317.1,388.5,-18.0,N,2026-08-09 21:00:51.033910
2026-08-07,2026-06-01,2026-08-07,district,TELANGANA,TELANGANA,SIDDIPET,21.1,4.9,332.0,LE,304.6,338.5,-10.0,N,2026-08-09 21:00:51.033910
2026-08-07,2026-06-01,2026-08-07,district,TELANGANA,TELANGANA,SURYAPET,2.1,3.5,-40.0,D,246.5,324.6,-24.0,D,2026-08-09 21:00:51.033910
2026-08-07,2026-06-01,2026-08-07,district,TELANGANA,TELANGANA,VIKARABAD,12.2,5.1,139.0,LE,337.6,342.8,-2.0,N,2026-08-09 21:00:51.033910
2026-08-07,2026-06-01,2026-08-07,district,TELANGANA,TELANGANA,WANAPARTHY,6.3,1.4,348.0,LE,218.9,278.6,-21.0,D,2026-08-09 21:00:51.033910
2026-08-07,2026-06-01,2026-08-07,district,TELANGANA,TELANGANA,WARANGAL,13.1,6.4,105.0,LE,306.9,510.6,-40.0,D,2026-08-09 21:00:51.033910
2026-08-07,2026-06-01,2026-08-07,district,TELANGANA,TELANGANA,Y. BHUVANAGIRI,5.0,2.0,149.0,LE,160.7,289.9,-45.0,D,2026-08-09 21:00:51.033910
2026-08-07,2026-06-01,2026-08-07,district,UTTARAKHAND,UTTARAKHAND,ALMORA,20.1,5.6,259.0,LE,503.4,475.3,6.0,N,2026-08-09 21:00:51.033910
2026-08-07,2026-06-01,2026-08-07,district,UTTARAKHAND,UTTARAKHAND,BAGESHWAR,11.4,5.6,104.0,LE,1136.9,475.3,139.0,LE,2026-08-09 21:00:51.033910
2026-08-07,2026-06-01,2026-08-07,district,UTTARAKHAND,UTTARAKHAND,CHAMOLI,9.1,8.8,3.0,N,699.6,431.3,62.0,LE,2026-08-09 21:00:51.033910
2026-08-07,2026-06-01,2026-08-07,district,UTTARAKHAND,UTTARAKHAND,CHAMPAWAT,4.2,10.5,-60.0,LD,469.7,775.9,-39.0,D,2026-08-09 21:00:51.033910
2026-08-07,2026-06-01,2026-08-07,district,UTTARAKHAND,UTTARAKHAND,DEHRADUN,46.3,15.4,200.0,LE,856.2,857.2,0.0,N,2026-08-09 21:00:51.033910
2026-08-07,2026-06-01,2026-08-07,district,UTTARAKHAND,UTTARAKHAND,GARHWAL PAURI,24.4,15.5,57.0,E,381.2,715.5,-47.0,D,2026-08-09 21:00:51.033910
2026-08-07,2026-06-01,2026-08-07,district,UTTARAKHAND,UTTARAKHAND,GARHWAL TEHRI,53.8,11.2,381.0,LE,744.5,549.0,36.0,E,2026-08-09 21:00:51.033910
2026-08-07,2026-06-01,2026-08-07,district,UTTARAKHAND,UTTARAKHAND,HARDWAR,83.5,7.8,971.0,LE,662.4,556.5,19.0,N,2026-08-09 21:00:51.033910
2026-08-07,2026-06-01,2026-08-07,district,UTTARAKHAND,UTTARAKHAND,NAINITAL,4.1,12.5,-68.0,LD,604.7,932.9,-35.0,D,2026-08-09 21:00:51.033910
2026-08-07,2026-06-01,2026-08-07,district,UTTARAKHAND,UTTARAKHAND,PITHORAGARH,12.5,12.3,2.0,N,806.0,898.6,-10.0,N,2026-08-09 21:00:51.033910
2026-08-07,2026-06-01,2026-08-07,district,UTTARAKHAND,UTTARAKHAND,RUDRAPRAYAG,26.9,23.3,15.0,N,890.4,925.6,-4.0,N,2026-08-09 21:00:51.033910
2026-08-07,2026-06-01,2026-08-07,district,UTTARAKHAND,UTTARAKHAND,UDHAM SINGH NAGAR,6.5,9.6,-32.0,D,568.7,653.1,-13.0,N,2026-08-09 21:00:51.033910
2026-08-07,2026-06-01,2026-08-07,district,UTTARAKHAND,UTTARAKHAND,UTTARKASHI,43.0,12.0,258.0,LE,683.3,701.1,-3.0,N,2026-08-09 21:00:51.033910
2026-08-07,2026-06-01,2026-08-07,district,VIDARBHA,MAHARASHTRA,AKOLA,1.0,10.2,-90.0,LD,343.5,423.3,-19.0,N,2026-08-09 21:00:51.033910
2026-08-07,2026-06-01,2026-08-07,district,VIDARBHA,MAHARASHTRA,AMRAOTI,2.2,9.8,-78.0,LD,377.9,490.7,-23.0,D,2026-08-09 21:00:51.033910
2026-08-07,2026-06-01,2026-08-07,district,VIDARBHA,MAHARASHTRA,BHANDARA,1.6,16.2,-90.0,LD,588.0,646.9,-9.0,N,2026-08-09 21:00:51.033910
2026-08-07,2026-06-01,2026-08-07,district,VIDARBHA,MAHARASHTRA,BULDHANA,1.9,10.3,-82.0,LD,414.9,384.7,8.0,N,2026-08-09 21:00:51.033910
2026-08-07,2026-06-01,2026-08-07,district,VIDARBHA,MAHARASHTRA,CHANDRAPUR,0.4,14.7,-98.0,LD,487.7,643.4,-24.0,D,2026-08-09 21:00:51.033910
2026-08-07,2026-06-01,2026-08-07,district,VIDARBHA,MAHARASHTRA,GADCHIROLI,0.2,20.6,-99.0,LD,621.6,773.8,-20.0,D,2026-08-09 21:00:51.033910
2026-08-07,2026-06-01,2026-08-07,district,VIDARBHA,MAHARASHTRA,GONDIA,3.2,14.3,-77.0,LD,764.5,725.7,5.0,N,2026-08-09 21:00:51.033910
2026-08-07,2026-06-01,2026-08-07,district,VIDARBHA,MAHARASHTRA,NAGPUR,1.0,12.1,-92.0,LD,438.2,571.9,-23.0,D,2026-08-09 21:00:51.033910
2026-08-07,2026-06-01,2026-08-07,district,VIDARBHA,MAHARASHTRA,WARDHA,0.2,8.8,-98.0,LD,445.0,515.1,-14.0,N,2026-08-09 21:00:51.033910
2026-08-07,2026-06-01,2026-08-07,district,VIDARBHA,MAHARASHTRA,WASHIM,6.9,11.6,-41.0,D,392.5,480.6,-18.0,N,2026-08-09 21:00:51.033910
2026-08-07,2026-06-01,2026-08-07,district,VIDARBHA,MAHARASHTRA,YEOTMAL,1.4,11.3,-88.0,LD,495.1,504.5,-2.0,N,2026-08-09 21:00:51.033910
2026-08-07,2026-06-01,2026-08-07,district,WEST MADHYA PRADESH,MADHYA PRADESH,AGAR-MALWA,1.0,8.9,-89.0,LD,389.5,508.6,-23.0,D,2026-08-09 21:00:51.033910
2026-08-07,2026-06-01,2026-08-07,district,WEST MADHYA PRADESH,MADHYA PRADESH,ALIRAJPUR,0.2,10.4,-98.0,LD,319.8,491.9,-35.0,D,2026-08-09 21:00:51.033910
2026-08-07,2026-06-01,2026-08-07,district,WEST MADHYA PRADESH,MADHYA PRADESH,ASHOKNAGAR,0.5,14.9,-97.0,LD,337.5,485.7,-31.0,D,2026-08-09 21:00:51.033910
2026-08-07,2026-06-01,2026-08-07,district,WEST MADHYA PRADESH,MADHYA PRADESH,BARWANI,0.9,13.0,-93.0,LD,369.7,374.0,-1.0,N,2026-08-09 21:00:51.033910
2026-08-07,2026-06-01,2026-08-07,district,WEST MADHYA PRADESH,MADHYA PRADESH,BETUL,0.0,17.0,-100.0,NR,462.4,594.3,-22.0,D,2026-08-09 21:00:51.033910
2026-08-07,2026-06-01,2026-08-07,district,WEST MADHYA PRADESH,MADHYA PRADESH,BHIND,7.2,9.0,-20.0,D,431.2,333.9,29.0,E,2026-08-09 21:00:51.033910
2026-08-07,2026-06-01,2026-08-07,district,WEST MADHYA PRADESH,MADHYA PRADESH,BHOPAL,0.2,15.0,-99.0,LD,485.1,546.0,-11.0,N,2026-08-09 21:00:51.033910
2026-08-07,2026-06-01,2026-08-07,district,WEST MADHYA PRADESH,MADHYA PRADESH,BURHANPUR,0.0,6.9,-100.0,NR,582.4,410.1,42.0,E,2026-08-09 21:00:51.033910
2026-08-07,2026-06-01,2026-08-07,district,WEST MADHYA PRADESH,MADHYA PRADESH,DATIA,24.4,16.0,52.0,E,284.6,412.3,-31.0,D,2026-08-09 21:00:51.033910
2026-08-07,2026-06-01,2026-08-07,district,WEST MADHYA PRADESH,MADHYA PRADESH,DEWAS,2.9,12.3,-77.0,LD,565.2,513.0,10.0,N,2026-08-09 21:00:51.033910
2026-08-07,2026-06-01,2026-08-07,district,WEST MADHYA PRADESH,MADHYA PRADESH,DHAR,1.1,10.9,-90.0,LD,333.7,461.3,-28.0,D,2026-08-09 21:00:51.033910
2026-08-07,2026-06-01,2026-08-07,district,WEST MADHYA PRADESH,MADHYA PRADESH,GUNA,12.1,14.2,-14.0,N,458.2,536.9,-15.0,N,2026-08-09 21:00:51.033910
2026-08-07,2026-06-01,2026-08-07,district,WEST MADHYA PRADESH,MADHYA PRADESH,GWALIOR,21.7,15.1,44.0,E,412.4,373.4,10.0,N,2026-08-09 21:00:51.033910
2026-08-07,2026-06-01,2026-08-07,district,WEST MADHYA PRADESH,MADHYA PRADESH,HARDA,0.4,21.6,-98.0,LD,486.9,621.4,-22.0,D,2026-08-09 21:00:51.033910
2026-08-07,2026-06-01,2026-08-07,district,WEST MADHYA PRADESH,MADHYA PRADESH,INDORE,0.8,9.8,-92.0,LD,451.4,481.0,-6.0,N,2026-08-09 21:00:51.033910
2026-08-07,2026-06-01,2026-08-07,district,WEST MADHYA PRADESH,MADHYA PRADESH,JHABUA,0.6,10.4,-94.0,LD,409.5,499.3,-18.0,N,2026-08-09 21:00:51.033910
2026-08-07,2026-06-01,2026-08-07,district,WEST MADHYA PRADESH,MADHYA PRADESH,KHANDWA,3.6,10.2,-65.0,LD,453.2,454.1,0.0,N,2026-08-09 21:00:51.033910
2026-08-07,2026-06-01,2026-08-07,district,WEST MADHYA PRADESH,MADHYA PRADESH,KHARGONE,5.2,10.0,-48.0,D,464.3,411.0,13.0,N,2026-08-09 21:00:51.033910
2026-08-07,2026-06-01,2026-08-07,district,WEST MADHYA PRADESH,MADHYA PRADESH,MANDSAUR,2.3,13.5,-83.0,LD,395.7,461.9,-14.0,N,2026-08-09 21:00:51.033910
2026-08-07,2026-06-01,2026-08-07,district,WEST MADHYA PRADESH,MADHYA PRADESH,MORENA,19.3,11.4,70.0,LE,220.7,361.2,-39.0,D,2026-08-09 21:00:51.033910
2026-08-07,2026-06-01,2026-08-07,district,WEST MADHYA PRADESH,MADHYA PRADESH,NARMADAPURAM,1.4,18.5,-92.0,LD,392.9,698.6,-44.0,D,2026-08-09 21:00:51.033910
2026-08-07,2026-06-01,2026-08-07,district,WEST MADHYA PRADESH,MADHYA PRADESH,NEEMUCH,0.0,13.3,-100.0,NR,348.7,417.4,-16.0,N,2026-08-09 21:00:51.033910
2026-08-07,2026-06-01,2026-08-07,district,WEST MADHYA PRADESH,MADHYA PRADESH,RAISEN,8.9,16.6,-46.0,D,457.6,606.6,-25.0,D,2026-08-09 21:00:51.033910
2026-08-07,2026-06-01,2026-08-07,district,WEST MADHYA PRADESH,MADHYA PRADESH,RAJGARH,0.9,12.6,-93.0,LD,426.0,501.9,-15.0,N,2026-08-09 21:00:51.033910
2026-08-07,2026-06-01,2026-08-07,district,WEST MADHYA PRADESH,MADHYA PRADESH,RATLAM,17.0,9.8,73.0,LE,385.2,504.9,-24.0,D,2026-08-09 21:00:51.033910
2026-08-07,2026-06-01,2026-08-07,district,WEST MADHYA PRADESH,MADHYA PRADESH,SEHORE,1.8,15.5,-88.0,LD,533.0,594.4,-10.0,N,2026-08-09 21:00:51.033910
2026-08-07,2026-06-01,2026-08-07,district,WEST MADHYA PRADESH,MADHYA PRADESH,SHAJAPUR,0.3,10.5,-97.0,LD,333.8,507.4,-34.0,D,2026-08-09 21:00:51.033910
2026-08-07,2026-06-01,2026-08-07,district,WEST MADHYA PRADESH,MADHYA PRADESH,SHEOPUR,27.2,12.1,125.0,LE,299.7,388.2,-23.0,D,2026-08-09 21:00:51.033910
2026-08-07,2026-06-01,2026-08-07,district,WEST MADHYA PRADESH,MADHYA PRADESH,SHIVPURI,7.5,14.3,-48.0,D,313.9,456.4,-31.0,D,2026-08-09 21:00:51.033910
2026-08-07,2026-06-01,2026-08-07,district,WEST MADHYA PRADESH,MADHYA PRADESH,UJJAIN,4.6,9.1,-50.0,D,414.9,497.7,-17.0,N,2026-08-09 21:00:51.033910
2026-08-07,2026-06-01,2026-08-07,district,WEST MADHYA PRADESH,MADHYA PRADESH,VIDISHA,20.6,12.6,63.0,LE,413.8,583.1,-29.0,D,2026-08-09 21:00:51.033910
2026-08-07,2026-06-01,2026-08-07,district,WEST RAJASTHAN,RAJASTHAN,BARMER,0.0,4.6,-100.0,NR,159.0,162.1,-2.0,N,2026-08-09 21:00:51.033910
2026-08-07,2026-06-01,2026-08-07,district,WEST RAJASTHAN,RAJASTHAN,BIKANER,0.0,2.8,-100.0,NR,162.1,158.3,2.0,N,2026-08-09 21:00:51.033910
2026-08-07,2026-06-01,2026-08-07,district,WEST RAJASTHAN,RAJASTHAN,CHURU,8.2,5.1,61.0,LE,206.4,215.6,-4.0,N,2026-08-09 21:00:51.033910
2026-08-07,2026-06-01,2026-08-07,district,WEST RAJASTHAN,RAJASTHAN,HANUMANGARH,3.3,2.7,22.0,E,126.8,160.7,-21.0,D,2026-08-09 21:00:51.033910
2026-08-07,2026-06-01,2026-08-07,district,WEST RAJASTHAN,RAJASTHAN,JAISALMER,0.0,2.0,-100.0,NR,70.8,104.4,-32.0,D,2026-08-09 21:00:51.033910
2026-08-07,2026-06-01,2026-08-07,district,WEST RAJASTHAN,RAJASTHAN,JALORE,0.0,4.2,-100.0,NR,139.8,252.0,-45.0,D,2026-08-09 21:00:51.033910
2026-08-07,2026-06-01,2026-08-07,district,WEST RAJASTHAN,RAJASTHAN,JODHPUR,0.0,2.9,-100.0,NR,164.5,173.1,-5.0,N,2026-08-09 21:00:51.033910
2026-08-07,2026-06-01,2026-08-07,district,WEST RAJASTHAN,RAJASTHAN,NAGAUR,0.0,5.5,-100.0,NR,200.0,233.4,-14.0,N,2026-08-09 21:00:51.033910
2026-08-07,2026-06-01,2026-08-07,district,WEST RAJASTHAN,RAJASTHAN,PALI,0.0,5.9,-100.0,NR,189.3,283.4,-33.0,D,2026-08-09 21:00:51.033910
2026-08-07,2026-06-01,2026-08-07,district,WEST RAJASTHAN,RAJASTHAN,SRI GANGANAGAR,1.2,2.0,-40.0,D,155.9,126.5,23.0,E,2026-08-09 21:00:51.033910
2026-08-07,2026-06-01,2026-08-07,district,WEST UTTAR PRADESH,UTTAR PRADESH,AGRA,16.1,7.2,124.0,LE,294.2,290.3,1.0,N,2026-08-09 21:00:51.033910
2026-08-07,2026-06-01,2026-08-07,district,WEST UTTAR PRADESH,UTTAR PRADESH,ALIGARH,17.1,6.7,154.0,LE,226.1,318.2,-29.0,D,2026-08-09 21:00:51.033910
2026-08-07,2026-06-01,2026-08-07,district,WEST UTTAR PRADESH,UTTAR PRADESH,AMROHA,30.0,5.0,500.0,LE,204.0,450.4,-55.0,D,2026-08-09 21:00:51.033910
2026-08-07,2026-06-01,2026-08-07,district,WEST UTTAR PRADESH,UTTAR PRADESH,AURAIYA,2.3,5.4,-57.0,D,291.3,275.8,6.0,N,2026-08-09 21:00:51.033910
2026-08-07,2026-06-01,2026-08-07,district,WEST UTTAR PRADESH,UTTAR PRADESH,BADAUN,20.0,5.4,270.0,LE,397.5,369.7,8.0,N,2026-08-09 21:00:51.033910
2026-08-07,2026-06-01,2026-08-07,district,WEST UTTAR PRADESH,UTTAR PRADESH,BAGHPAT,33.7,6.0,461.0,LE,301.0,279.0,8.0,N,2026-08-09 21:00:51.033910
2026-08-07,2026-06-01,2026-08-07,district,WEST UTTAR PRADESH,UTTAR PRADESH,BAREILLY,10.8,5.3,103.0,LE,356.0,449.3,-21.0,D,2026-08-09 21:00:51.033910
2026-08-07,2026-06-01,2026-08-07,district,WEST UTTAR PRADESH,UTTAR PRADESH,BIJNOR,42.5,7.0,507.0,LE,557.3,517.1,8.0,N,2026-08-09 21:00:51.033910
2026-08-07,2026-06-01,2026-08-07,district,WEST UTTAR PRADESH,UTTAR PRADESH,BULANDSHAHAR,48.7,4.0,1117.0,LE,320.8,292.7,10.0,N,2026-08-09 21:00:51.033910
2026-08-07,2026-06-01,2026-08-07,district,WEST UTTAR PRADESH,UTTAR PRADESH,ETAH,23.3,6.6,254.0,LE,381.0,268.4,42.0,E,2026-08-09 21:00:51.033910
2026-08-07,2026-06-01,2026-08-07,district,WEST UTTAR PRADESH,UTTAR PRADESH,ETAWAH,11.2,4.8,134.0,LE,355.7,294.9,21.0,E,2026-08-09 21:00:51.033910
2026-08-07,2026-06-01,2026-08-07,district,WEST UTTAR PRADESH,UTTAR PRADESH,FIROZABAD,32.8,9.6,241.0,LE,439.2,310.1,42.0,E,2026-08-09 21:00:51.033910
2026-08-07,2026-06-01,2026-08-07,district,WEST UTTAR PRADESH,UTTAR PRADESH,GAUTAM BUDDHA NAGAR,13.4,3.9,244.0,LE,289.8,248.5,17.0,N,2026-08-09 21:00:51.033910
2026-08-07,2026-06-01,2026-08-07,district,WEST UTTAR PRADESH,UTTAR PRADESH,GHAZIABAD,5.5,4.0,38.0,E,101.8,250.8,-59.0,D,2026-08-09 21:00:51.033910
2026-08-07,2026-06-01,2026-08-07,district,WEST UTTAR PRADESH,UTTAR PRADESH,HAMIRPUR,39.7,6.3,530.0,LE,455.0,371.0,23.0,E,2026-08-09 21:00:51.033910
2026-08-07,2026-06-01,2026-08-07,district,WEST UTTAR PRADESH,UTTAR PRADESH,HAPUR,13.0,8.9,46.0,E,251.0,365.3,-31.0,D,2026-08-09 21:00:51.033910
2026-08-07,2026-06-01,2026-08-07,district,WEST UTTAR PRADESH,UTTAR PRADESH,HATHRAS,10.5,6.3,67.0,LE,364.3,309.4,18.0,N,2026-08-09 21:00:51.033910
2026-08-07,2026-06-01,2026-08-07,district,WEST UTTAR PRADESH,UTTAR PRADESH,JALAUN,38.5,12.5,208.0,LE,265.5,344.2,-23.0,D,2026-08-09 21:00:51.033910
2026-08-07,2026-06-01,2026-08-07,district,WEST UTTAR PRADESH,UTTAR PRADESH,JHANSI,9.2,8.8,4.0,N,201.1,394.1,-49.0,D,2026-08-09 21:00:51.033910
2026-08-07,2026-06-01,2026-08-07,district,WEST UTTAR PRADESH,UTTAR PRADESH,KASGANJ,34.3,3.5,881.0,LE,348.0,346.8,0.0,N,2026-08-09 21:00:51.033910
2026-08-07,2026-06-01,2026-08-07,district,WEST UTTAR PRADESH,UTTAR PRADESH,LALITPUR,1.8,17.6,-90.0,LD,334.4,456.0,-27.0,D,2026-08-09 21:00:51.033910
2026-08-07,2026-06-01,2026-08-07,district,WEST UTTAR PRADESH,UTTAR PRADESH,MAHOBA,39.0,4.8,712.0,LE,292.7,309.8,-6.0,N,2026-08-09 21:00:51.033910
2026-08-07,2026-06-01,2026-08-07,district,WEST UTTAR PRADESH,UTTAR PRADESH,MAINPURI,21.6,7.5,188.0,LE,197.4,348.2,-43.0,D,2026-08-09 21:00:51.033910
2026-08-07,2026-06-01,2026-08-07,district,WEST UTTAR PRADESH,UTTAR PRADESH,MATHURA,7.3,6.2,17.0,N,186.8,275.3,-32.0,D,2026-08-09 21:00:51.033910
2026-08-07,2026-06-01,2026-08-07,district,WEST UTTAR PRADESH,UTTAR PRADESH,MEERUT,27.2,7.4,268.0,LE,652.0,358.0,82.0,LE,2026-08-09 21:00:51.033910
2026-08-07,2026-06-01,2026-08-07,district,WEST UTTAR PRADESH,UTTAR PRADESH,MORADABAD,28.0,6.3,344.0,LE,381.7,477.6,-20.0,D,2026-08-09 21:00:51.033910
2026-08-07,2026-06-01,2026-08-07,district,WEST UTTAR PRADESH,UTTAR PRADESH,MUZAFFARNAGAR,27.0,5.4,400.0,LE,647.9,368.9,76.0,LE,2026-08-09 21:00:51.033910
2026-08-07,2026-06-01,2026-08-07,district,WEST UTTAR PRADESH,UTTAR PRADESH,PILIBHIT,5.8,5.3,8.0,N,129.0,474.7,-73.0,LD,2026-08-09 21:00:51.033910
2026-08-07,2026-06-01,2026-08-07,district,WEST UTTAR PRADESH,UTTAR PRADESH,RAMPUR,7.8,7.0,11.0,N,270.7,391.5,-31.0,D,2026-08-09 21:00:51.033910
2026-08-07,2026-06-01,2026-08-07,district,WEST UTTAR PRADESH,UTTAR PRADESH,SAHARANPUR,3.2,7.9,-59.0,D,310.8,433.0,-28.0,D,2026-08-09 21:00:51.033910
2026-08-07,2026-06-01,2026-08-07,district,WEST UTTAR PRADESH,UTTAR PRADESH,SAMBHAL,79.3,4.2,1789.0,LE,639.4,363.7,76.0,LE,2026-08-09 21:00:51.033910
2026-08-07,2026-06-01,2026-08-07,district,WEST UTTAR PRADESH,UTTAR PRADESH,SHAHJAHANPUR,7.4,6.2,19.0,N,359.0,439.7,-18.0,N,2026-08-09 21:00:51.033910
2026-08-07,2026-06-01,2026-08-07,district,WEST UTTAR PRADESH,UTTAR PRADESH,SHAMLI,9.0,6.8,33.0,E,120.9,308.3,-61.0,LD,2026-08-09 21:00:51.033910
2026-08-07,2026-06-01,2026-08-07,state,ASSAM & MEGHALAYA,ASSAM,,3.6,9.6,-63.0,LD,712.3,931.4,-24.0,D,2026-08-09 21:00:51.033910
2026-08-07,2026-06-01,2026-08-07,state,ASSAM & MEGHALAYA,MEGHALAYA,,5.2,12.8,-60.0,LD,759.0,1744.8,-57.0,D,2026-08-09 21:00:51.033910
2026-08-07,2026-06-01,2026-08-07,state,BIHAR,UTTAR PRADESH,,15.3,7.1,115.0,LE,332.4,409.0,-19.0,N,2026-08-09 21:00:51.033910
2026-08-07,2026-06-01,2026-08-07,state,CHHATTISGARH,ANDHRA PRADESH,,6.6,4.2,57.0,E,171.5,256.4,-33.0,D,2026-08-09 21:00:51.033910
2026-08-07,2026-06-01,2026-08-07,state,COASTAL A. P. & YANAM,ANDHRA PRADESH,,6.6,4.2,57.0,E,171.5,256.4,-33.0,D,2026-08-09 21:00:51.033910
2026-08-07,2026-06-01,2026-08-07,state,COASTAL A. P. & YANAM,PUDUCHERRY (UT),,9.3,3.3,183.0,LE,120.6,183.8,-34.0,D,2026-08-09 21:00:51.033910
2026-08-07,2026-06-01,2026-08-07,state,EAST MADHYA PRADESH,GUJARAT,,0.1,8.3,-99.0,LD,484.5,433.6,12.0,N,2026-08-09 21:00:51.033910
2026-08-07,2026-06-01,2026-08-07,state,GUJARAT REGION,DADRA & NAGAR HAVELI AND DAMAN & DIU (UT),,1.8,25.8,-93.0,LD,2514.5,1442.2,74.0,LE,2026-08-09 21:00:51.033910
2026-08-07,2026-06-01,2026-08-07,state,GUJARAT REGION,GUJARAT,,0.1,8.3,-99.0,LD,484.5,433.6,12.0,N,2026-08-09 21:00:51.033910
2026-08-07,2026-06-01,2026-08-07,state,HAR. CHD & DELHI,CHANDIGARH (UT),,19.5,5.2,276.0,LE,394.6,497.9,-21.0,D,2026-08-09 21:00:51.033910
2026-08-07,2026-06-01,2026-08-07,state,HAR. CHD & DELHI,DELHI (UT),,26.5,4.7,465.0,LE,303.6,296.4,2.0,N,2026-08-09 21:00:51.033910
2026-08-07,2026-06-01,2026-08-07,state,HAR. CHD & DELHI,HARYANA,,6.8,4.8,42.0,E,188.8,243.0,-22.0,D,2026-08-09 21:00:51.033910
2026-08-07,2026-06-01,2026-08-07,state,J & K AND LADAKH,JAMMU & KASHMIR(UT),,1.6,9.6,-84.0,LD,360.6,322.0,12.0,N,2026-08-09 21:00:51.033910
2026-08-07,2026-06-01,2026-08-07,state,J & K AND LADAKH,LADAKH (UT),,0.0,0.1,-100.0,NR,38.2,13.4,185.0,LE,2026-08-09 21:00:51.033910
2026-08-07,2026-06-01,2026-08-07,state,J & K AND LADAKH,RAJASTHAN,,5.9,6.2,-5.0,N,210.6,255.8,-18.0,N,2026-08-09 21:00:51.033910
2026-08-07,2026-06-01,2026-08-07,state,KERALA & MAHE,KERALA,,32.6,18.5,76.0,LE,1126.5,1426.3,-21.0,D,2026-08-09 21:00:51.033910
2026-08-07,2026-06-01,2026-08-07,state,KERALA & MAHE,PUDUCHERRY (UT),,9.3,3.3,183.0,LE,120.6,183.8,-34.0,D,2026-08-09 21:00:51.033910
2026-08-07,2026-06-01,2026-08-07,state,KONKAN & GOA,GOA,,32.3,25.1,29.0,E,1417.6,2179.4,-35.0,D,2026-08-09 21:00:51.033910
2026-08-07,2026-06-01,2026-08-07,state,KONKAN & GOA,MAHARASHTRA,,4.3,11.4,-62.0,LD,633.5,612.5,3.0,N,2026-08-09 21:00:51.033910
2026-08-07,2026-06-01,2026-08-07,state,NMMT,MANIPUR,,2.7,10.1,-73.0,LD,411.4,647.3,-36.0,D,2026-08-09 21:00:51.033910
2026-08-07,2026-06-01,2026-08-07,state,NMMT,MIZORAM,,17.9,12.2,47.0,E,747.9,941.7,-21.0,D,2026-08-09 21:00:51.033910
2026-08-07,2026-06-01,2026-08-07,state,NMMT,NAGALAND,,18.4,10.3,79.0,LE,670.1,626.4,7.0,N,2026-08-09 21:00:51.033910
2026-08-07,2026-06-01,2026-08-07,state,NMMT,TRIPURA,,11.6,10.5,10.0,N,754.3,883.1,-15.0,N,2026-08-09 21:00:51.033910
2026-08-07,2026-06-01,2026-08-07,state,SAURASHTRA & KUTCH,DADRA & NAGAR HAVELI AND DAMAN & DIU (UT),,1.8,25.8,-93.0,LD,2514.5,1442.2,74.0,LE,2026-08-09 21:00:51.033910
2026-08-07,2026-06-01,2026-08-07,state,SAURASHTRA & KUTCH,GUJARAT,,0.1,8.3,-99.0,LD,484.5,433.6,12.0,N,2026-08-09 21:00:51.033910
2026-08-07,2026-06-01,2026-08-07,state,SHWB & SIKKIM,SIKKIM,,1.3,15.4,-91.0,LD,1071.1,1012.6,6.0,N,2026-08-09 21:00:51.033910
2026-08-07,2026-06-01,2026-08-07,state,SHWB & SIKKIM,WEST BENGAL,,13.7,11.9,15.0,N,820.5,782.2,5.0,N,2026-08-09 21:00:51.033910
2026-08-07,2026-06-01,2026-08-07,state,TAMIL. PUDU.& KARAIKAL,KARNATAKA,,7.2,8.0,-10.0,N,416.1,511.9,-19.0,N,2026-08-09 21:00:51.033910
2026-08-07,2026-06-01,2026-08-07,state,TAMIL. PUDU.& KARAIKAL,PUDUCHERRY (UT),,9.3,3.3,183.0,LE,120.6,183.8,-34.0,D,2026-08-09 21:00:51.033910
2026-08-07,2026-06-01,2026-08-07,state,TAMIL. PUDU.& KARAIKAL,TAMILNADU,,2.2,2.5,-11.0,N,119.5,135.6,-12.0,N,2026-08-09 21:00:51.033910
2026-08-07,2026-06-01,2026-08-07,state,WEST RAJASTHAN,MADHYA PRADESH,,7.5,13.8,-45.0,D,427.3,533.6,-20.0,D,2026-08-09 21:00:51.033910
2026-08-07,2026-06-01,2026-08-07,subdivision,A & N ISLAND,,,40.0,14.5,176.0,LE,959.5,893.0,7.0,N,2026-08-09 21:00:51.033910
2026-08-07,2026-06-01,2026-08-07,subdivision,ARUNACHAL PRADESH,,,0.3,9.8,-97.0,LD,665.5,1053.6,-37.0,D,2026-08-09 21:00:51.033910
2026-08-07,2026-06-01,2026-08-07,subdivision,ASSAM & MEGHALAYA,,,4.0,10.3,-62.0,LD,723.4,1120.7,-35.0,D,2026-08-09 21:00:51.033910
2026-08-07,2026-06-01,2026-08-07,subdivision,BIHAR,,,3.6,7.8,-54.0,D,361.2,560.4,-36.0,D,2026-08-09 21:00:51.033910
2026-08-07,2026-06-01,2026-08-07,subdivision,CHHATTISGARH,,,11.7,14.7,-20.0,D,610.1,651.2,-6.0,N,2026-08-09 21:00:51.033910
2026-08-07,2026-06-01,2026-08-07,subdivision,COASTAL A. P. & YANAM,,,7.4,4.9,50.0,E,203.2,305.6,-33.0,D,2026-08-09 21:00:51.033910
2026-08-07,2026-06-01,2026-08-07,subdivision,COASTAL KARNATAKA,,,31.6,30.2,5.0,N,1717.4,2183.7,-21.0,D,2026-08-09 21:00:51.033910
2026-08-07,2026-06-01,2026-08-07,subdivision,EAST MADHYA PRADESH,,,9.0,15.0,-40.0,D,450.0,584.9,-23.0,D,2026-08-09 21:00:51.033910
2026-08-07,2026-06-01,2026-08-07,subdivision,EAST RAJASTHAN,,,12.3,9.6,28.0,E,288.1,359.9,-20.0,D,2026-08-09 21:00:51.033910
2026-08-07,2026-06-01,2026-08-07,subdivision,EAST UTTAR PRADESH,,,10.7,7.3,47.0,E,325.9,436.7,-25.0,D,2026-08-09 21:00:51.033910
2026-08-07,2026-06-01,2026-08-07,subdivision,GANGETIC WEST BENGAL,,,15.6,11.5,35.0,E,693.9,668.1,4.0,N,2026-08-09 21:00:51.033910
2026-08-07,2026-06-01,2026-08-07,subdivision,GUJARAT REGION,,,0.3,10.7,-97.0,LD,729.9,559.3,30.0,E,2026-08-09 21:00:51.033910
2026-08-07,2026-06-01,2026-08-07,subdivision,HAR. CHD & DELHI,,,7.3,4.7,56.0,E,192.1,245.2,-22.0,D,2026-08-09 21:00:51.033910
2026-08-07,2026-06-01,2026-08-07,subdivision,HIMACHAL PRADESH,,,16.5,10.1,64.0,LE,402.6,425.4,-5.0,N,2026-08-09 21:00:51.033910
2026-08-07,2026-06-01,2026-08-07,subdivision,J & K AND LADAKH,,,1.6,9.6,-84.0,LD,360.6,322.0,12.0,N,2026-08-09 21:00:51.033910
2026-08-07,2026-06-01,2026-08-07,subdivision,JHARKHAND,,,15.2,10.8,40.0,E,430.0,581.9,-26.0,D,2026-08-09 21:00:51.033910
2026-08-07,2026-06-01,2026-08-07,subdivision,KERALA & MAHE,,,32.6,18.6,75.0,LE,1126.6,1426.4,-21.0,D,2026-08-09 21:00:51.033910
2026-08-07,2026-06-01,2026-08-07,subdivision,KONKAN & GOA,,,18.6,27.4,-32.0,D,1933.9,1979.3,-2.0,N,2026-08-09 21:00:51.033910
2026-08-07,2026-06-01,2026-08-07,subdivision,LAKSHADWEEP,,,21.5,4.9,339.0,LE,512.1,674.4,-24.0,D,2026-08-09 21:00:51.033910
2026-08-07,2026-06-01,2026-08-07,subdivision,MADHYA MAHARASHTRA,,,4.2,8.4,-49.0,D,590.2,444.8,33.0,E,2026-08-09 21:00:51.033910
2026-08-07,2026-06-01,2026-08-07,subdivision,MARATHWADA,,,2.8,6.6,-58.0,D,303.6,346.6,-12.0,N,2026-08-09 21:00:51.033910
2026-08-07,2026-06-01,2026-08-07,subdivision,N. I. KARNATAKA,,,4.5,3.7,20.0,E,232.0,251.3,-8.0,N,2026-08-09 21:00:51.033910
2026-08-07,2026-06-01,2026-08-07,subdivision,NMMT,,,11.7,11.0,7.0,N,636.4,783.6,-19.0,N,2026-08-09 21:00:51.033910
2026-08-07,2026-06-01,2026-08-07,subdivision,ODISHA,,,31.1,14.3,118.0,LE,812.0,643.6,26.0,E,2026-08-09 21:00:51.033910
2026-08-07,2026-06-01,2026-08-07,subdivision,PUNJAB,,,3.9,5.9,-34.0,D,173.3,262.0,-34.0,D,2026-08-09 21:00:51.033910
2026-08-07,2026-06-01,2026-08-07,subdivision,RAYALASEEMA,,,5.6,3.3,69.0,LE,129.9,186.6,-30.0,D,2026-08-09 21:00:51.033910
2026-08-07,2026-06-01,2026-08-07,subdivision,S. I. KARNATAKA,,,4.6,7.3,-36.0,D,314.1,399.5,-21.0,D,2026-08-09 21:00:51.033910
2026-08-07,2026-06-01,2026-08-07,subdivision,SAURASHTRA & KUTCH,,,0.0,6.3,-100.0,NR,290.8,334.2,-13.0,N,2026-08-09 21:00:51.033910
2026-08-07,2026-06-01,2026-08-07,subdivision,SHWB & SIKKIM,,,6.5,14.0,-54.0,D,1171.8,1138.1,3.0,N,2026-08-09 21:00:51.033910
2026-08-07,2026-06-01,2026-08-07,subdivision,TAMIL. PUDU.& KARAIKAL,,,2.2,2.5,-10.0,N,119.4,135.6,-12.0,N,2026-08-09 21:00:51.033910
2026-08-07,2026-06-01,2026-08-07,subdivision,TELANGANA,,,9.3,6.6,40.0,E,383.6,404.2,-5.0,N,2026-08-09 21:00:51.033910
2026-08-07,2026-06-01,2026-08-07,subdivision,UTTARAKHAND,,,25.3,11.5,120.0,LE,682.9,689.3,-1.0,N,2026-08-09 21:00:51.033910
2026-08-07,2026-06-01,2026-08-07,subdivision,VIDARBHA,,,1.5,13.1,-89.0,LD,485.7,566.6,-14.0,N,2026-08-09 21:00:51.033910
2026-08-07,2026-06-01,2026-08-07,subdivision,WEST MADHYA PRADESH,,,6.4,12.9,-50.0,D,409.8,494.2,-17.0,N,2026-08-09 21:00:51.033910
2026-08-07,2026-06-01,2026-08-07,subdivision,WEST RAJASTHAN,,,0.8,3.6,-78.0,LD,148.9,173.0,-14.0,N,2026-08-09 21:00:51.033910
2026-08-07,2026-06-01,2026-08-07,subdivision,WEST UTTAR PRADESH,,,21.7,7.0,210.0,LE,341.7,370.3,-8.0,N,2026-08-09 21:00:51.033910
