date,period_start,period_end,level,subdivision,state,district,day_actual_mm,day_normal_mm,day_departure_pct,day_category,period_actual_mm,period_normal_mm,period_departure_pct,period_category,scraped_at
2026-08-01,2026-06-01,2026-08-01,district,A & N ISLAND,ANDAMAN & NICOBAR ISLANDS,NICOBAR,0.3,9.9,-97.0,LD,246.0,555.3,-56.0,D,2026-08-09 21:00:32.451444
2026-08-01,2026-06-01,2026-08-01,district,A & N ISLAND,ANDAMAN & NICOBAR ISLANDS,NORTH & MIDDLE ANDAMAN,14.8,15.3,-3.0,N,1322.1,954.9,38.0,E,2026-08-09 21:00:32.451444
2026-08-01,2026-06-01,2026-08-01,district,A & N ISLAND,ANDAMAN & NICOBAR ISLANDS,SOUTH ANDAMAN,16.6,14.0,19.0,N,672.0,831.5,-19.0,N,2026-08-09 21:00:32.451444
2026-08-01,2026-06-01,2026-08-01,district,ARUNACHAL PRADESH,ARUNACHAL PRADESH,ANJAW,3.7,6.5,-44.0,D,114.8,962.8,-88.0,LD,2026-08-09 21:00:32.451444
2026-08-01,2026-06-01,2026-08-01,district,ARUNACHAL PRADESH,ARUNACHAL PRADESH,CHANGLANG,13.3,10.9,22.0,E,640.5,790.1,-19.0,N,2026-08-09 21:00:32.451444
2026-08-01,2026-06-01,2026-08-01,district,ARUNACHAL PRADESH,ARUNACHAL PRADESH,EAST KAMENG,28.5,9.3,206.0,LE,875.6,717.3,22.0,E,2026-08-09 21:00:32.451444
2026-08-01,2026-06-01,2026-08-01,district,ARUNACHAL PRADESH,ARUNACHAL PRADESH,EAST SIANG,40.5,18.4,120.0,LE,1511.6,1925.0,-21.0,D,2026-08-09 21:00:32.451444
2026-08-01,2026-06-01,2026-08-01,district,ARUNACHAL PRADESH,ARUNACHAL PRADESH,KURUNG KUMEY,1.5,13.7,-89.0,LD,300.2,678.9,-56.0,D,2026-08-09 21:00:32.451444
2026-08-01,2026-06-01,2026-08-01,district,ARUNACHAL PRADESH,ARUNACHAL PRADESH,LOHIT,11.9,7.4,61.0,LE,598.9,938.3,-36.0,D,2026-08-09 21:00:32.451444
2026-08-01,2026-06-01,2026-08-01,district,ARUNACHAL PRADESH,ARUNACHAL PRADESH,LOWER SUBANSIRI,0.7,14.4,-95.0,LD,232.1,410.6,-43.0,D,2026-08-09 21:00:32.451444
2026-08-01,2026-06-01,2026-08-01,district,ARUNACHAL PRADESH,ARUNACHAL PRADESH,PAPUMPARA,21.3,12.2,75.0,LE,1098.0,1329.4,-17.0,N,2026-08-09 21:00:32.451444
2026-08-01,2026-06-01,2026-08-01,district,ARUNACHAL PRADESH,ARUNACHAL PRADESH,TAWANG,0.8,12.7,-94.0,LD,176.4,551.1,-68.0,LD,2026-08-09 21:00:32.451444
2026-08-01,2026-06-01,2026-08-01,district,ARUNACHAL PRADESH,ARUNACHAL PRADESH,TIRAP,8.5,15.4,-45.0,D,1300.5,1183.3,10.0,N,2026-08-09 21:00:32.451444
2026-08-01,2026-06-01,2026-08-01,district,ARUNACHAL PRADESH,ARUNACHAL PRADESH,UPPER SIANG,20.1,8.7,131.0,LE,767.2,1014.2,-24.0,D,2026-08-09 21:00:32.451444
2026-08-01,2026-06-01,2026-08-01,district,ARUNACHAL PRADESH,ARUNACHAL PRADESH,UPPER SUBANSIRI,11.7,5.2,124.0,LE,228.3,553.7,-59.0,D,2026-08-09 21:00:32.451444
2026-08-01,2026-06-01,2026-08-01,district,ARUNACHAL PRADESH,ARUNACHAL PRADESH,WEST KAMENG,6.4,13.7,-53.0,D,273.0,975.6,-72.0,LD,2026-08-09 21:00:32.451444
2026-08-01,2026-06-01,2026-08-01,district,ARUNACHAL PRADESH,ARUNACHAL PRADESH,WEST SIANG,31.3,12.4,152.0,LE,412.3,1197.0,-66.0,LD,2026-08-09 21:00:32.451444
2026-08-01,2026-06-01,2026-08-01,district,ASSAM & MEGHALAYA,ASSAM,BAJALI,13.5,11.5,17.0,N,800.0,1348.3,-41.0,D,2026-08-09 21:00:32.451444
2026-08-01,2026-06-01,2026-08-01,district,ASSAM & MEGHALAYA,ASSAM,BAKSA,8.7,8.8,-1.0,N,826.9,987.4,-16.0,N,2026-08-09 21:00:32.451444
2026-08-01,2026-06-01,2026-08-01,district,ASSAM & MEGHALAYA,ASSAM,BARPETA,29.4,11.5,155.0,LE,965.0,1348.3,-28.0,D,2026-08-09 21:00:32.451444
2026-08-01,2026-06-01,2026-08-01,district,ASSAM & MEGHALAYA,ASSAM,BONGAIGAON,27.4,13.8,99.0,LE,675.6,1505.1,-55.0,D,2026-08-09 21:00:32.451444
2026-08-01,2026-06-01,2026-08-01,district,ASSAM & MEGHALAYA,ASSAM,CACHAR,24.8,13.1,90.0,LE,995.4,1038.2,-4.0,N,2026-08-09 21:00:32.451444
2026-08-01,2026-06-01,2026-08-01,district,ASSAM & MEGHALAYA,ASSAM,CHARAIDEO,11.5,4.7,145.0,LE,797.0,531.4,50.0,E,2026-08-09 21:00:32.451444
2026-08-01,2026-06-01,2026-08-01,district,ASSAM & MEGHALAYA,ASSAM,CHIRANG,15.0,10.0,50.0,E,837.8,1464.4,-43.0,D,2026-08-09 21:00:32.451444
2026-08-01,2026-06-01,2026-08-01,district,ASSAM & MEGHALAYA,ASSAM,DARRANG,1.7,7.7,-78.0,LD,398.9,791.1,-50.0,D,2026-08-09 21:00:32.451444
2026-08-01,2026-06-01,2026-08-01,district,ASSAM & MEGHALAYA,ASSAM,DHEMAJI,58.4,13.6,329.0,LE,1380.7,1204.2,15.0,N,2026-08-09 21:00:32.451444
2026-08-01,2026-06-01,2026-08-01,district,ASSAM & MEGHALAYA,ASSAM,DHUBRI,20.3,13.9,46.0,E,850.1,1314.5,-35.0,D,2026-08-09 21:00:32.451444
2026-08-01,2026-06-01,2026-08-01,district,ASSAM & MEGHALAYA,ASSAM,DIBRUGARH,23.8,7.8,205.0,LE,749.0,852.3,-12.0,N,2026-08-09 21:00:32.451444
2026-08-01,2026-06-01,2026-08-01,district,ASSAM & MEGHALAYA,ASSAM,DIMA HASAO,0.0,8.5,-100.0,NR,260.2,639.3,-59.0,D,2026-08-09 21:00:32.451444
2026-08-01,2026-06-01,2026-08-01,district,ASSAM & MEGHALAYA,ASSAM,GOALPARA,15.8,13.8,14.0,N,533.5,1240.0,-57.0,D,2026-08-09 21:00:32.451444
2026-08-01,2026-06-01,2026-08-01,district,ASSAM & MEGHALAYA,ASSAM,GOLAGHAT,17.9,7.1,152.0,LE,480.4,580.2,-17.0,N,2026-08-09 21:00:32.451444
2026-08-01,2026-06-01,2026-08-01,district,ASSAM & MEGHALAYA,ASSAM,HAILAKANDI,1.6,12.1,-87.0,LD,700.7,874.7,-20.0,D,2026-08-09 21:00:32.451444
2026-08-01,2026-06-01,2026-08-01,district,ASSAM & MEGHALAYA,ASSAM,HOJAI,0.0,7.4,-100.0,NR,237.6,403.2,-41.0,D,2026-08-09 21:00:32.451444
2026-08-01,2026-06-01,2026-08-01,district,ASSAM & MEGHALAYA,ASSAM,JORHAT,29.2,9.5,208.0,LE,507.0,688.6,-26.0,D,2026-08-09 21:00:32.451444
2026-08-01,2026-06-01,2026-08-01,district,ASSAM & MEGHALAYA,ASSAM,KAMRUP METROPOLITAN,2.3,7.2,-68.0,LD,481.5,632.1,-24.0,D,2026-08-09 21:00:32.451444
2026-08-01,2026-06-01,2026-08-01,district,ASSAM & MEGHALAYA,ASSAM,KAMRUP RURAL,4.6,9.7,-52.0,D,277.5,774.2,-64.0,LD,2026-08-09 21:00:32.451444
2026-08-01,2026-06-01,2026-08-01,district,ASSAM & MEGHALAYA,ASSAM,KARBI ANGLONG,1.1,6.7,-84.0,LD,284.5,448.2,-37.0,D,2026-08-09 21:00:32.451444
2026-08-01,2026-06-01,2026-08-01,district,ASSAM & MEGHALAYA,ASSAM,KOKRAJHAR,21.3,28.2,-25.0,D,1505.7,1662.5,-9.0,N,2026-08-09 21:00:32.451444
2026-08-01,2026-06-01,2026-08-01,district,ASSAM & MEGHALAYA,ASSAM,LAKHIMPUR,65.9,14.0,371.0,LE,1403.0,1168.7,20.0,E,2026-08-09 21:00:32.451444
2026-08-01,2026-06-01,2026-08-01,district,ASSAM & MEGHALAYA,ASSAM,MAJULI,56.0,9.5,489.0,LE,949.0,688.6,38.0,E,2026-08-09 21:00:32.451444
2026-08-01,2026-06-01,2026-08-01,district,ASSAM & MEGHALAYA,ASSAM,MORIGAON,1.2,11.6,-90.0,LD,325.9,626.0,-48.0,D,2026-08-09 21:00:32.451444
2026-08-01,2026-06-01,2026-08-01,district,ASSAM & MEGHALAYA,ASSAM,NAGAON,0.5,9.0,-95.0,LD,248.1,572.0,-57.0,D,2026-08-09 21:00:32.451444
2026-08-01,2026-06-01,2026-08-01,district,ASSAM & MEGHALAYA,ASSAM,NALBARI,4.1,10.1,-60.0,LD,388.5,983.1,-60.0,LD,2026-08-09 21:00:32.451444
2026-08-01,2026-06-01,2026-08-01,district,ASSAM & MEGHALAYA,ASSAM,SIBSAGAR,8.3,8.3,0.0,N,458.5,669.0,-31.0,D,2026-08-09 21:00:32.451444
2026-08-01,2026-06-01,2026-08-01,district,ASSAM & MEGHALAYA,ASSAM,SONITPUR,11.7,4.9,140.0,LE,595.7,680.6,-12.0,N,2026-08-09 21:00:32.451444
2026-08-01,2026-06-01,2026-08-01,district,ASSAM & MEGHALAYA,ASSAM,SRIBHUMI,28.6,17.3,65.0,LE,1053.7,1264.3,-17.0,N,2026-08-09 21:00:32.451444
2026-08-01,2026-06-01,2026-08-01,district,ASSAM & MEGHALAYA,ASSAM,TAMULPUR,17.1,11.4,50.0,E,857.8,876.4,-2.0,N,2026-08-09 21:00:32.451444
2026-08-01,2026-06-01,2026-08-01,district,ASSAM & MEGHALAYA,ASSAM,TINSUKIA,14.6,9.1,60.0,LE,821.3,829.7,-1.0,N,2026-08-09 21:00:32.451444
2026-08-01,2026-06-01,2026-08-01,district,ASSAM & MEGHALAYA,ASSAM,UDALGURI,1.1,9.9,-89.0,LD,339.6,889.5,-62.0,LD,2026-08-09 21:00:32.451444
2026-08-01,2026-06-01,2026-08-01,district,ASSAM & MEGHALAYA,MEGHALAYA,EAST GARO HILLS,23.0,11.4,102.0,LE,483.9,1126.0,-57.0,D,2026-08-09 21:00:32.451444
2026-08-01,2026-06-01,2026-08-01,district,ASSAM & MEGHALAYA,MEGHALAYA,EAST JAINTIA HILLS,69.6,39.2,78.0,LE,982.8,2815.6,-65.0,LD,2026-08-09 21:00:32.451444
2026-08-01,2026-06-01,2026-08-01,district,ASSAM & MEGHALAYA,MEGHALAYA,EAST KHASI HILLS,16.0,27.9,-43.0,D,1419.2,2823.9,-50.0,D,2026-08-09 21:00:32.451444
2026-08-01,2026-06-01,2026-08-01,district,ASSAM & MEGHALAYA,MEGHALAYA,NORTH GARO HILLS,0.3,14.5,-98.0,LD,383.3,1064.0,-64.0,LD,2026-08-09 21:00:32.451444
2026-08-01,2026-06-01,2026-08-01,district,ASSAM & MEGHALAYA,MEGHALAYA,RI BHOI,1.0,17.9,-94.0,LD,443.1,839.2,-47.0,D,2026-08-09 21:00:32.451444
2026-08-01,2026-06-01,2026-08-01,district,ASSAM & MEGHALAYA,MEGHALAYA,SOUTH GARO HILLS,2.1,14.5,-86.0,LD,530.9,1064.0,-50.0,D,2026-08-09 21:00:32.451444
2026-08-01,2026-06-01,2026-08-01,district,ASSAM & MEGHALAYA,MEGHALAYA,SOUTH WEST GARO HILLS,0.5,14.5,-97.0,LD,486.6,1064.0,-54.0,D,2026-08-09 21:00:32.451444
2026-08-01,2026-06-01,2026-08-01,district,ASSAM & MEGHALAYA,MEGHALAYA,SOUTH WEST KHASI HILLS,21.6,14.5,49.0,E,1939.4,1064.0,82.0,LE,2026-08-09 21:00:32.451444
2026-08-01,2026-06-01,2026-08-01,district,ASSAM & MEGHALAYA,MEGHALAYA,WEST GARO HILLS,0.3,13.3,-98.0,LD,339.7,1105.7,-69.0,LD,2026-08-09 21:00:32.451444
2026-08-01,2026-06-01,2026-08-01,district,ASSAM & MEGHALAYA,MEGHALAYA,WEST JAINTIA HILLS,2.3,39.2,-94.0,LD,618.7,2815.6,-78.0,LD,2026-08-09 21:00:32.451444
2026-08-01,2026-06-01,2026-08-01,district,ASSAM & MEGHALAYA,MEGHALAYA,WEST KHASI HILLS,12.7,15.8,-20.0,D,490.4,1651.7,-70.0,LD,2026-08-09 21:00:32.451444
2026-08-01,2026-06-01,2026-08-01,district,BIHAR,BIHAR,ARARIA,3.7,9.8,-63.0,LD,548.7,759.5,-28.0,D,2026-08-09 21:00:32.451444
2026-08-01,2026-06-01,2026-08-01,district,BIHAR,BIHAR,ARWAL,0.0,3.1,-100.0,NR,170.0,344.0,-51.0,D,2026-08-09 21:00:32.451444
2026-08-01,2026-06-01,2026-08-01,district,BIHAR,BIHAR,AURANGABAD,0.3,7.1,-95.0,LD,237.4,427.4,-44.0,D,2026-08-09 21:00:32.451444
2026-08-01,2026-06-01,2026-08-01,district,BIHAR,BIHAR,BANKA,0.0,10.4,-100.0,NR,173.1,434.6,-60.0,LD,2026-08-09 21:00:32.451444
2026-08-01,2026-06-01,2026-08-01,district,BIHAR,BIHAR,BEGUSARAI,0.0,11.1,-100.0,NR,316.4,505.8,-37.0,D,2026-08-09 21:00:32.451444
2026-08-01,2026-06-01,2026-08-01,district,BIHAR,BIHAR,BHABUA,1.8,6.0,-71.0,LD,172.7,403.7,-57.0,D,2026-08-09 21:00:32.451444
2026-08-01,2026-06-01,2026-08-01,district,BIHAR,BIHAR,BHAGALPUR,0.3,12.3,-98.0,LD,196.3,502.5,-61.0,LD,2026-08-09 21:00:32.451444
2026-08-01,2026-06-01,2026-08-01,district,BIHAR,BIHAR,BHOJPUR,0.9,6.7,-86.0,LD,208.6,429.9,-51.0,D,2026-08-09 21:00:32.451444
2026-08-01,2026-06-01,2026-08-01,district,BIHAR,BIHAR,BUXAR,3.1,8.1,-62.0,LD,296.6,389.3,-24.0,D,2026-08-09 21:00:32.451444
2026-08-01,2026-06-01,2026-08-01,district,BIHAR,BIHAR,DARBHANGA,7.5,11.8,-36.0,D,224.5,470.1,-52.0,D,2026-08-09 21:00:32.451444
2026-08-01,2026-06-01,2026-08-01,district,BIHAR,BIHAR,EAST CHAMPARAN,5.2,9.8,-47.0,D,317.7,551.9,-42.0,D,2026-08-09 21:00:32.451444
2026-08-01,2026-06-01,2026-08-01,district,BIHAR,BIHAR,GAYA,0.0,6.9,-99.0,LD,204.1,418.9,-51.0,D,2026-08-09 21:00:32.451444
2026-08-01,2026-06-01,2026-08-01,district,BIHAR,BIHAR,GOPALGANJ,1.3,7.5,-83.0,LD,336.3,486.6,-31.0,D,2026-08-09 21:00:32.451444
2026-08-01,2026-06-01,2026-08-01,district,BIHAR,BIHAR,JAHANABAD,0.4,5.7,-94.0,LD,147.8,415.3,-64.0,LD,2026-08-09 21:00:32.451444
2026-08-01,2026-06-01,2026-08-01,district,BIHAR,BIHAR,JAMUI,0.6,8.1,-92.0,LD,206.2,474.9,-57.0,D,2026-08-09 21:00:32.451444
2026-08-01,2026-06-01,2026-08-01,district,BIHAR,BIHAR,KATIHAR,1.9,10.4,-81.0,LD,342.2,571.5,-40.0,D,2026-08-09 21:00:32.451444
2026-08-01,2026-06-01,2026-08-01,district,BIHAR,BIHAR,KHAGARIA,0.0,8.7,-100.0,NR,386.4,502.2,-23.0,D,2026-08-09 21:00:32.451444
2026-08-01,2026-06-01,2026-08-01,district,BIHAR,BIHAR,KISHANGANJ,26.1,11.9,120.0,LE,767.3,951.9,-19.0,N,2026-08-09 21:00:32.451444
2026-08-01,2026-06-01,2026-08-01,district,BIHAR,BIHAR,LAKHISARAI,2.0,7.0,-71.0,LD,392.4,434.0,-10.0,N,2026-08-09 21:00:32.451444
2026-08-01,2026-06-01,2026-08-01,district,BIHAR,BIHAR,MADHEPURA,2.6,11.0,-77.0,LD,319.5,541.3,-41.0,D,2026-08-09 21:00:32.451444
2026-08-01,2026-06-01,2026-08-01,district,BIHAR,BIHAR,MADHUBANI,0.5,11.6,-96.0,LD,313.8,534.3,-41.0,D,2026-08-09 21:00:32.451444
2026-08-01,2026-06-01,2026-08-01,district,BIHAR,BIHAR,MUNGER,0.0,11.4,-100.0,NR,294.0,529.3,-44.0,D,2026-08-09 21:00:32.451444
2026-08-01,2026-06-01,2026-08-01,district,BIHAR,BIHAR,MUZAFFARPUR,8.5,7.6,11.0,N,235.0,496.8,-53.0,D,2026-08-09 21:00:32.451444
2026-08-01,2026-06-01,2026-08-01,district,BIHAR,BIHAR,NALANDA,0.1,6.6,-98.0,LD,217.2,430.1,-50.0,D,2026-08-09 21:00:32.451444
2026-08-01,2026-06-01,2026-08-01,district,BIHAR,BIHAR,NAWADA,0.2,5.9,-97.0,LD,227.2,411.6,-45.0,D,2026-08-09 21:00:32.451444
2026-08-01,2026-06-01,2026-08-01,district,BIHAR,BIHAR,PATNA,1.2,7.7,-84.0,LD,220.1,453.5,-51.0,D,2026-08-09 21:00:32.451444
2026-08-01,2026-06-01,2026-08-01,district,BIHAR,BIHAR,PURNEA,7.1,12.8,-44.0,D,414.0,768.8,-46.0,D,2026-08-09 21:00:32.451444
2026-08-01,2026-06-01,2026-08-01,district,BIHAR,BIHAR,ROHTAS,2.1,6.9,-69.0,LD,216.1,411.1,-47.0,D,2026-08-09 21:00:32.451444
2026-08-01,2026-06-01,2026-08-01,district,BIHAR,BIHAR,SAHARSA,0.0,7.4,-100.0,NR,267.7,578.3,-54.0,D,2026-08-09 21:00:32.451444
2026-08-01,2026-06-01,2026-08-01,district,BIHAR,BIHAR,SAMASTIPUR,4.5,8.3,-46.0,D,228.3,476.2,-52.0,D,2026-08-09 21:00:32.451444
2026-08-01,2026-06-01,2026-08-01,district,BIHAR,BIHAR,SARAN,1.1,6.3,-83.0,LD,237.2,451.9,-48.0,D,2026-08-09 21:00:32.451444
2026-08-01,2026-06-01,2026-08-01,district,BIHAR,BIHAR,SHEIKHPURA,0.8,6.3,-87.0,LD,240.9,433.0,-44.0,D,2026-08-09 21:00:32.451444
2026-08-01,2026-06-01,2026-08-01,district,BIHAR,BIHAR,SHEOHAR,3.1,9.7,-68.0,LD,254.9,545.5,-53.0,D,2026-08-09 21:00:32.451444
2026-08-01,2026-06-01,2026-08-01,district,BIHAR,BIHAR,SITAMARHI,0.7,14.0,-95.0,LD,203.0,578.4,-65.0,LD,2026-08-09 21:00:32.451444
2026-08-01,2026-06-01,2026-08-01,district,BIHAR,BIHAR,SIWAN,2.7,6.4,-58.0,D,423.3,445.5,-5.0,N,2026-08-09 21:00:32.451444
2026-08-01,2026-06-01,2026-08-01,district,BIHAR,BIHAR,SUPAUL,0.5,7.9,-94.0,LD,479.5,602.6,-20.0,D,2026-08-09 21:00:32.451444
2026-08-01,2026-06-01,2026-08-01,district,BIHAR,BIHAR,VAISHALI,2.4,7.2,-66.0,LD,282.3,468.9,-40.0,D,2026-08-09 21:00:32.451444
2026-08-01,2026-06-01,2026-08-01,district,BIHAR,BIHAR,WEST CHAMPARAN,4.1,16.0,-74.0,LD,427.7,655.3,-35.0,D,2026-08-09 21:00:32.451444
2026-08-01,2026-06-01,2026-08-01,district,CHHATTISGARH,CHHATTISGARH,BALOD,0.4,10.7,-96.0,LD,668.1,510.6,31.0,E,2026-08-09 21:00:32.451444
2026-08-01,2026-06-01,2026-08-01,district,CHHATTISGARH,CHHATTISGARH,BALODA BAZAR,0.7,6.8,-90.0,LD,620.8,479.2,30.0,E,2026-08-09 21:00:32.451444
2026-08-01,2026-06-01,2026-08-01,district,CHHATTISGARH,CHHATTISGARH,BALRAMPUR,0.3,11.2,-97.0,LD,477.2,470.3,1.0,N,2026-08-09 21:00:32.451444
2026-08-01,2026-06-01,2026-08-01,district,CHHATTISGARH,CHHATTISGARH,BASTAR,3.0,9.7,-69.0,LD,519.3,600.1,-13.0,N,2026-08-09 21:00:32.451444
2026-08-01,2026-06-01,2026-08-01,district,CHHATTISGARH,CHHATTISGARH,BEMETARA,0.2,8.0,-97.0,LD,323.3,528.9,-39.0,D,2026-08-09 21:00:32.451444
2026-08-01,2026-06-01,2026-08-01,district,CHHATTISGARH,CHHATTISGARH,BIJAPUR,7.6,15.6,-51.0,D,697.2,669.4,4.0,N,2026-08-09 21:00:32.451444
2026-08-01,2026-06-01,2026-08-01,district,CHHATTISGARH,CHHATTISGARH,BILASPUR,7.0,9.8,-29.0,D,582.0,512.5,14.0,N,2026-08-09 21:00:32.451444
2026-08-01,2026-06-01,2026-08-01,district,CHHATTISGARH,CHHATTISGARH,DANTEWADA,5.3,16.4,-68.0,LD,612.6,628.6,-3.0,N,2026-08-09 21:00:32.451444
2026-08-01,2026-06-01,2026-08-01,district,CHHATTISGARH,CHHATTISGARH,DHAMTARI,0.4,10.8,-97.0,LD,636.4,541.0,18.0,N,2026-08-09 21:00:32.451444
2026-08-01,2026-06-01,2026-08-01,district,CHHATTISGARH,CHHATTISGARH,DURG,0.0,12.5,-100.0,NR,493.3,504.6,-2.0,N,2026-08-09 21:00:32.451444
2026-08-01,2026-06-01,2026-08-01,district,CHHATTISGARH,CHHATTISGARH,GARIABAND,0.0,12.4,-100.0,NR,696.6,527.8,32.0,E,2026-08-09 21:00:32.451444
2026-08-01,2026-06-01,2026-08-01,district,CHHATTISGARH,CHHATTISGARH,GAURELA PENDRA MARWAHI,6.1,10.7,-43.0,D,490.6,531.7,-8.0,N,2026-08-09 21:00:32.451444
2026-08-01,2026-06-01,2026-08-01,district,CHHATTISGARH,CHHATTISGARH,JANJGIR,9.4,7.2,30.0,E,740.2,523.9,41.0,E,2026-08-09 21:00:32.451444
2026-08-01,2026-06-01,2026-08-01,district,CHHATTISGARH,CHHATTISGARH,JASHPUR,1.0,11.6,-91.0,LD,386.3,728.4,-47.0,D,2026-08-09 21:00:32.451444
2026-08-01,2026-06-01,2026-08-01,district,CHHATTISGARH,CHHATTISGARH,KABIRDHAM,4.3,8.0,-47.0,D,356.4,422.0,-16.0,N,2026-08-09 21:00:32.451444
2026-08-01,2026-06-01,2026-08-01,district,CHHATTISGARH,CHHATTISGARH,KANKER,1.3,12.4,-90.0,LD,504.9,646.1,-22.0,D,2026-08-09 21:00:32.451444
2026-08-01,2026-06-01,2026-08-01,district,CHHATTISGARH,CHHATTISGARH,KHAIRAGARH CHH GANDAI,1.2,7.3,-83.0,LD,380.6,370.4,3.0,N,2026-08-09 21:00:32.451444
2026-08-01,2026-06-01,2026-08-01,district,CHHATTISGARH,CHHATTISGARH,KONDAGAON,4.8,12.3,-61.0,LD,561.4,580.8,-3.0,N,2026-08-09 21:00:32.451444
2026-08-01,2026-06-01,2026-08-01,district,CHHATTISGARH,CHHATTISGARH,KORBA,9.6,12.5,-23.0,D,550.5,629.4,-13.0,N,2026-08-09 21:00:32.451444
2026-08-01,2026-06-01,2026-08-01,district,CHHATTISGARH,CHHATTISGARH,KORIYA,4.3,11.5,-63.0,LD,474.6,565.0,-16.0,N,2026-08-09 21:00:32.451444
2026-08-01,2026-06-01,2026-08-01,district,CHHATTISGARH,CHHATTISGARH,MAHASAMUND,0.3,8.6,-97.0,LD,724.2,521.0,39.0,E,2026-08-09 21:00:32.451444
2026-08-01,2026-06-01,2026-08-01,district,CHHATTISGARH,CHHATTISGARH,MANENDRAGARH BHARATPUR,1.9,11.5,-83.0,LD,433.4,564.9,-23.0,D,2026-08-09 21:00:32.451444
2026-08-01,2026-06-01,2026-08-01,district,CHHATTISGARH,CHHATTISGARH,MOHALA MANPUR CHOWKI,0.9,11.6,-92.0,LD,492.6,541.0,-9.0,N,2026-08-09 21:00:32.451444
2026-08-01,2026-06-01,2026-08-01,district,CHHATTISGARH,CHHATTISGARH,MUNGELI,14.5,7.7,88.0,LE,594.4,493.0,21.0,E,2026-08-09 21:00:32.451444
2026-08-01,2026-06-01,2026-08-01,district,CHHATTISGARH,CHHATTISGARH,NARAYANPUR,16.0,11.4,41.0,E,995.3,606.1,64.0,LE,2026-08-09 21:00:32.451444
2026-08-01,2026-06-01,2026-08-01,district,CHHATTISGARH,CHHATTISGARH,RAIGARH,0.4,11.7,-96.0,LD,539.8,587.8,-8.0,N,2026-08-09 21:00:32.451444
2026-08-01,2026-06-01,2026-08-01,district,CHHATTISGARH,CHHATTISGARH,RAIPUR,0.7,9.9,-93.0,LD,625.7,504.8,24.0,E,2026-08-09 21:00:32.451444
2026-08-01,2026-06-01,2026-08-01,district,CHHATTISGARH,CHHATTISGARH,RAJNANDGAON,0.6,7.6,-92.0,LD,521.5,536.1,-3.0,N,2026-08-09 21:00:32.451444
2026-08-01,2026-06-01,2026-08-01,district,CHHATTISGARH,CHHATTISGARH,SAKTI,2.1,12.5,-83.0,LD,564.7,560.1,1.0,N,2026-08-09 21:00:32.451444
2026-08-01,2026-06-01,2026-08-01,district,CHHATTISGARH,CHHATTISGARH,SARANGARH BILAIGARH,0.1,11.0,-99.0,LD,785.3,473.6,66.0,LE,2026-08-09 21:00:32.451444
2026-08-01,2026-06-01,2026-08-01,district,CHHATTISGARH,CHHATTISGARH,SUKMA,2.3,15.5,-85.0,LD,502.3,598.4,-16.0,N,2026-08-09 21:00:32.451444
2026-08-01,2026-06-01,2026-08-01,district,CHHATTISGARH,CHHATTISGARH,SURAJPUR,4.0,13.5,-70.0,LD,564.9,619.3,-9.0,N,2026-08-09 21:00:32.451444
2026-08-01,2026-06-01,2026-08-01,district,CHHATTISGARH,CHHATTISGARH,SURGUJA,1.2,13.1,-91.0,LD,299.5,618.9,-52.0,D,2026-08-09 21:00:32.451444
2026-08-01,2026-06-01,2026-08-01,district,COASTAL A. P. & YANAM,ANDHRA PRADESH,ANAKAPALLI,3.9,4.4,-11.0,N,176.7,287.8,-39.0,D,2026-08-09 21:00:32.451444
2026-08-01,2026-06-01,2026-08-01,district,COASTAL A. P. & YANAM,ANDHRA PRADESH,BAPATLA,3.6,4.3,-15.0,N,113.7,234.3,-51.0,D,2026-08-09 21:00:32.451444
2026-08-01,2026-06-01,2026-08-01,district,COASTAL A. P. & YANAM,ANDHRA PRADESH,DR B R AMBEDKAR KONASEEMA,27.2,5.4,404.0,LE,365.0,358.6,2.0,N,2026-08-09 21:00:32.451444
2026-08-01,2026-06-01,2026-08-01,district,COASTAL A. P. & YANAM,ANDHRA PRADESH,EAST GODAVARI,44.4,4.5,887.0,LE,250.2,340.0,-26.0,D,2026-08-09 21:00:32.451444
2026-08-01,2026-06-01,2026-08-01,district,COASTAL A. P. & YANAM,ANDHRA PRADESH,ELURU,19.9,6.2,221.0,LE,296.5,415.5,-29.0,D,2026-08-09 21:00:32.451444
2026-08-01,2026-06-01,2026-08-01,district,COASTAL A. P. & YANAM,ANDHRA PRADESH,GUNTUR,14.2,4.5,216.0,LE,238.0,275.5,-14.0,N,2026-08-09 21:00:32.451444
2026-08-01,2026-06-01,2026-08-01,district,COASTAL A. P. & YANAM,ANDHRA PRADESH,KAKINADA,7.6,5.1,50.0,E,242.8,315.7,-23.0,D,2026-08-09 21:00:32.451444
2026-08-01,2026-06-01,2026-08-01,district,COASTAL A. P. & YANAM,ANDHRA PRADESH,KRISHNA,9.9,5.3,87.0,LE,231.8,319.6,-27.0,D,2026-08-09 21:00:32.451444
2026-08-01,2026-06-01,2026-08-01,district,COASTAL A. P. & YANAM,ANDHRA PRADESH,NTR DISTRICT,8.0,6.0,33.0,E,221.4,333.4,-34.0,D,2026-08-09 21:00:32.451444
2026-08-01,2026-06-01,2026-08-01,district,COASTAL A. P. & YANAM,ANDHRA PRADESH,PALNADU,8.0,4.3,87.0,LE,188.9,248.4,-24.0,D,2026-08-09 21:00:32.451444
2026-08-01,2026-06-01,2026-08-01,district,COASTAL A. P. & YANAM,ANDHRA PRADESH,PARVATHIPURAM MANYAM,2.7,5.3,-49.0,D,200.2,366.7,-45.0,D,2026-08-09 21:00:32.451444
2026-08-01,2026-06-01,2026-08-01,district,COASTAL A. P. & YANAM,ANDHRA PRADESH,PRAKASAM,1.9,3.7,-48.0,D,84.2,161.8,-48.0,D,2026-08-09 21:00:32.451444
2026-08-01,2026-06-01,2026-08-01,district,COASTAL A. P. & YANAM,ANDHRA PRADESH,SPSR NELLORE,1.6,2.9,-44.0,D,102.8,142.4,-28.0,D,2026-08-09 21:00:32.451444
2026-08-01,2026-06-01,2026-08-01,district,COASTAL A. P. & YANAM,ANDHRA PRADESH,SRI ALLURI SITHARAMARAJU DISTRICT,2.3,5.8,-61.0,LD,246.8,437.7,-44.0,D,2026-08-09 21:00:32.451444
2026-08-01,2026-06-01,2026-08-01,district,COASTAL A. P. & YANAM,ANDHRA PRADESH,SRIKAKULAM,0.0,5.5,-100.0,NR,165.8,328.9,-50.0,D,2026-08-09 21:00:32.451444
2026-08-01,2026-06-01,2026-08-01,district,COASTAL A. P. & YANAM,ANDHRA PRADESH,VISHAKHAPATNAM,0.7,3.6,-81.0,LD,144.1,249.8,-42.0,D,2026-08-09 21:00:32.451444
2026-08-01,2026-06-01,2026-08-01,district,COASTAL A. P. & YANAM,ANDHRA PRADESH,VIZIANAGARAM,0.2,4.2,-95.0,LD,204.7,311.2,-34.0,D,2026-08-09 21:00:32.451444
2026-08-01,2026-06-01,2026-08-01,district,COASTAL A. P. & YANAM,ANDHRA PRADESH,WEST GODAVARI,11.3,6.0,88.0,LE,167.2,346.8,-52.0,D,2026-08-09 21:00:32.451444
2026-08-01,2026-06-01,2026-08-01,district,COASTAL A. P. & YANAM,PUDUCHERRY (UT),YANAM,11.6,4.0,190.0,LE,217.6,333.7,-35.0,D,2026-08-09 21:00:32.451444
2026-08-01,2026-06-01,2026-08-01,district,COASTAL KARNATAKA,KARNATAKA,DAKSHINA KANNADA,63.6,34.3,85.0,LE,1562.8,2126.9,-27.0,D,2026-08-09 21:00:32.451444
2026-08-01,2026-06-01,2026-08-01,district,COASTAL KARNATAKA,KARNATAKA,UDUPI,51.3,40.1,28.0,E,1665.9,2431.9,-31.0,D,2026-08-09 21:00:32.451444
2026-08-01,2026-06-01,2026-08-01,district,COASTAL KARNATAKA,KARNATAKA,UTTARA KANNADA,31.3,30.1,4.0,N,1331.4,1763.1,-24.0,D,2026-08-09 21:00:32.451444
2026-08-01,2026-06-01,2026-08-01,district,EAST MADHYA PRADESH,MADHYA PRADESH,ANUPPUR,6.2,10.1,-39.0,D,471.0,495.6,-5.0,N,2026-08-09 21:00:32.451444
2026-08-01,2026-06-01,2026-08-01,district,EAST MADHYA PRADESH,MADHYA PRADESH,BALAGHAT,1.9,15.6,-88.0,LD,597.9,637.1,-6.0,N,2026-08-09 21:00:32.451444
2026-08-01,2026-06-01,2026-08-01,district,EAST MADHYA PRADESH,MADHYA PRADESH,CHHATARPUR,0.8,10.2,-92.0,LD,327.2,418.6,-22.0,D,2026-08-09 21:00:32.451444
2026-08-01,2026-06-01,2026-08-01,district,EAST MADHYA PRADESH,MADHYA PRADESH,CHHINDWARA,6.2,11.0,-44.0,D,479.0,512.7,-7.0,N,2026-08-09 21:00:32.451444
2026-08-01,2026-06-01,2026-08-01,district,EAST MADHYA PRADESH,MADHYA PRADESH,DAMOH,3.0,17.8,-83.0,LD,464.1,519.2,-11.0,N,2026-08-09 21:00:32.451444
2026-08-01,2026-06-01,2026-08-01,district,EAST MADHYA PRADESH,MADHYA PRADESH,DINDORI,1.9,17.0,-89.0,LD,516.2,586.7,-12.0,N,2026-08-09 21:00:32.451444
2026-08-01,2026-06-01,2026-08-01,district,EAST MADHYA PRADESH,MADHYA PRADESH,JABALPUR,1.9,16.3,-89.0,LD,414.4,523.5,-21.0,D,2026-08-09 21:00:32.451444
2026-08-01,2026-06-01,2026-08-01,district,EAST MADHYA PRADESH,MADHYA PRADESH,KATNI,1.6,14.8,-89.0,LD,367.7,461.1,-20.0,D,2026-08-09 21:00:32.451444
2026-08-01,2026-06-01,2026-08-01,district,EAST MADHYA PRADESH,MADHYA PRADESH,MAIHAR,0.0,9.6,-100.0,NR,268.6,459.1,-41.0,D,2026-08-09 21:00:32.451444
2026-08-01,2026-06-01,2026-08-01,district,EAST MADHYA PRADESH,MADHYA PRADESH,MANDLA,1.7,14.2,-88.0,LD,428.6,598.4,-28.0,D,2026-08-09 21:00:32.451444
2026-08-01,2026-06-01,2026-08-01,district,EAST MADHYA PRADESH,MADHYA PRADESH,MAUGANJ,0.0,9.8,-100.0,NR,455.4,446.0,2.0,N,2026-08-09 21:00:32.451444
2026-08-01,2026-06-01,2026-08-01,district,EAST MADHYA PRADESH,MADHYA PRADESH,NARSINGHPUR,0.4,14.0,-97.0,LD,367.0,492.4,-25.0,D,2026-08-09 21:00:32.451444
2026-08-01,2026-06-01,2026-08-01,district,EAST MADHYA PRADESH,MADHYA PRADESH,NIWARI,0.0,6.4,-100.0,NR,297.0,348.8,-15.0,N,2026-08-09 21:00:32.451444
2026-08-01,2026-06-01,2026-08-01,district,EAST MADHYA PRADESH,MADHYA PRADESH,PANDHURNA,3.8,8.0,-53.0,D,437.8,407.6,7.0,N,2026-08-09 21:00:32.451444
2026-08-01,2026-06-01,2026-08-01,district,EAST MADHYA PRADESH,MADHYA PRADESH,PANNA,0.6,12.3,-95.0,LD,385.0,501.5,-23.0,D,2026-08-09 21:00:32.451444
2026-08-01,2026-06-01,2026-08-01,district,EAST MADHYA PRADESH,MADHYA PRADESH,REWA,0.2,12.4,-98.0,LD,170.6,464.9,-63.0,LD,2026-08-09 21:00:32.451444
2026-08-01,2026-06-01,2026-08-01,district,EAST MADHYA PRADESH,MADHYA PRADESH,SAGAR,2.5,17.2,-86.0,LD,378.7,529.3,-28.0,D,2026-08-09 21:00:32.451444
2026-08-01,2026-06-01,2026-08-01,district,EAST MADHYA PRADESH,MADHYA PRADESH,SATNA,0.0,14.6,-100.0,NR,379.7,449.9,-16.0,N,2026-08-09 21:00:32.451444
2026-08-01,2026-06-01,2026-08-01,district,EAST MADHYA PRADESH,MADHYA PRADESH,SEONI,7.0,9.1,-23.0,D,524.7,540.2,-3.0,N,2026-08-09 21:00:32.451444
2026-08-01,2026-06-01,2026-08-01,district,EAST MADHYA PRADESH,MADHYA PRADESH,SHAHDOL,0.4,11.3,-96.0,LD,451.0,451.0,0.0,N,2026-08-09 21:00:32.451444
2026-08-01,2026-06-01,2026-08-01,district,EAST MADHYA PRADESH,MADHYA PRADESH,SIDHI,0.2,9.4,-98.0,LD,339.2,496.8,-32.0,D,2026-08-09 21:00:32.451444
2026-08-01,2026-06-01,2026-08-01,district,EAST MADHYA PRADESH,MADHYA PRADESH,SINGRAULI,0.0,11.0,-100.0,NR,296.2,512.7,-42.0,D,2026-08-09 21:00:32.451444
2026-08-01,2026-06-01,2026-08-01,district,EAST MADHYA PRADESH,MADHYA PRADESH,TIKAMGARH,0.1,10.0,-99.0,LD,312.3,451.3,-31.0,D,2026-08-09 21:00:32.451444
2026-08-01,2026-06-01,2026-08-01,district,EAST MADHYA PRADESH,MADHYA PRADESH,UMARIA,1.2,13.3,-91.0,LD,487.9,474.6,3.0,N,2026-08-09 21:00:32.451444
2026-08-01,2026-06-01,2026-08-01,district,EAST RAJASTHAN,RAJASTHAN,AJMER,0.7,4.1,-83.0,LD,226.7,229.8,-1.0,N,2026-08-09 21:00:32.451444
2026-08-01,2026-06-01,2026-08-01,district,EAST RAJASTHAN,RAJASTHAN,ALWAR,1.0,5.5,-82.0,LD,205.9,264.0,-22.0,D,2026-08-09 21:00:32.451444
2026-08-01,2026-06-01,2026-08-01,district,EAST RAJASTHAN,RAJASTHAN,BANSWARA,12.6,12.3,2.0,N,244.6,412.9,-41.0,D,2026-08-09 21:00:32.451444
2026-08-01,2026-06-01,2026-08-01,district,EAST RAJASTHAN,RAJASTHAN,BARAN,1.4,9.2,-85.0,LD,318.1,416.8,-24.0,D,2026-08-09 21:00:32.451444
2026-08-01,2026-06-01,2026-08-01,district,EAST RAJASTHAN,RAJASTHAN,BHARATPUR,0.3,4.7,-94.0,LD,241.6,253.8,-5.0,N,2026-08-09 21:00:32.451444
2026-08-01,2026-06-01,2026-08-01,district,EAST RAJASTHAN,RAJASTHAN,BHILWARA,1.6,4.7,-66.0,LD,253.9,294.6,-14.0,N,2026-08-09 21:00:32.451444
2026-08-01,2026-06-01,2026-08-01,district,EAST RAJASTHAN,RAJASTHAN,BUNDI,1.0,5.1,-80.0,LD,228.6,322.8,-29.0,D,2026-08-09 21:00:32.451444
2026-08-01,2026-06-01,2026-08-01,district,EAST RAJASTHAN,RAJASTHAN,CHITTORGARH,0.9,8.6,-89.0,LD,292.2,347.3,-16.0,N,2026-08-09 21:00:32.451444
2026-08-01,2026-06-01,2026-08-01,district,EAST RAJASTHAN,RAJASTHAN,DAUSA,1.4,4.8,-71.0,LD,234.4,293.8,-20.0,D,2026-08-09 21:00:32.451444
2026-08-01,2026-06-01,2026-08-01,district,EAST RAJASTHAN,RAJASTHAN,DHOLPUR,0.0,4.1,-100.0,NR,222.2,271.5,-18.0,N,2026-08-09 21:00:32.451444
2026-08-01,2026-06-01,2026-08-01,district,EAST RAJASTHAN,RAJASTHAN,DUNGARPUR,22.3,10.0,123.0,LE,239.2,342.5,-30.0,D,2026-08-09 21:00:32.451444
2026-08-01,2026-06-01,2026-08-01,district,EAST RAJASTHAN,RAJASTHAN,JAIPUR,0.2,4.6,-95.0,LD,186.1,273.6,-32.0,D,2026-08-09 21:00:32.451444
2026-08-01,2026-06-01,2026-08-01,district,EAST RAJASTHAN,RAJASTHAN,JHALAWAR,0.0,10.7,-100.0,NR,297.3,418.3,-29.0,D,2026-08-09 21:00:32.451444
2026-08-01,2026-06-01,2026-08-01,district,EAST RAJASTHAN,RAJASTHAN,JHUNJHUNU,0.1,4.2,-97.0,LD,252.2,219.4,15.0,N,2026-08-09 21:00:32.451444
2026-08-01,2026-06-01,2026-08-01,district,EAST RAJASTHAN,RAJASTHAN,KARAULI,0.0,4.0,-100.0,NR,165.2,283.0,-42.0,D,2026-08-09 21:00:32.451444
2026-08-01,2026-06-01,2026-08-01,district,EAST RAJASTHAN,RAJASTHAN,KOTA,10.3,7.0,47.0,E,242.5,364.4,-33.0,D,2026-08-09 21:00:32.451444
2026-08-01,2026-06-01,2026-08-01,district,EAST RAJASTHAN,RAJASTHAN,PRATAPGARH,19.8,13.1,51.0,E,435.0,433.3,0.0,N,2026-08-09 21:00:32.451444
2026-08-01,2026-06-01,2026-08-01,district,EAST RAJASTHAN,RAJASTHAN,RAJSAMAND,5.4,4.9,11.0,N,261.4,266.1,-2.0,N,2026-08-09 21:00:32.451444
2026-08-01,2026-06-01,2026-08-01,district,EAST RAJASTHAN,RAJASTHAN,SAWAI MADHOPUR,3.1,4.1,-23.0,D,195.7,327.1,-40.0,D,2026-08-09 21:00:32.451444
2026-08-01,2026-06-01,2026-08-01,district,EAST RAJASTHAN,RAJASTHAN,SIKAR,0.1,4.3,-97.0,LD,236.4,232.9,2.0,N,2026-08-09 21:00:32.451444
2026-08-01,2026-06-01,2026-08-01,district,EAST RAJASTHAN,RAJASTHAN,SIROHI,5.7,13.4,-57.0,D,314.3,443.7,-29.0,D,2026-08-09 21:00:32.451444
2026-08-01,2026-06-01,2026-08-01,district,EAST RAJASTHAN,RAJASTHAN,TONK,0.5,3.8,-87.0,LD,259.9,279.3,-7.0,N,2026-08-09 21:00:32.451444
2026-08-01,2026-06-01,2026-08-01,district,EAST RAJASTHAN,RAJASTHAN,UDAIPUR,5.7,10.9,-48.0,D,213.2,308.8,-31.0,D,2026-08-09 21:00:32.451444
2026-08-01,2026-06-01,2026-08-01,district,EAST UTTAR PRADESH,UTTAR PRADESH,AMBEDKAR NAGAR,12.5,11.8,6.0,N,272.5,431.6,-37.0,D,2026-08-09 21:00:32.451444
2026-08-01,2026-06-01,2026-08-01,district,EAST UTTAR PRADESH,UTTAR PRADESH,AMETHI,0.5,7.7,-94.0,LD,122.5,324.8,-62.0,LD,2026-08-09 21:00:32.451444
2026-08-01,2026-06-01,2026-08-01,district,EAST UTTAR PRADESH,UTTAR PRADESH,AYODHYA,0.0,13.3,-100.0,NR,279.4,419.3,-33.0,D,2026-08-09 21:00:32.451444
2026-08-01,2026-06-01,2026-08-01,district,EAST UTTAR PRADESH,UTTAR PRADESH,AZAMGARH,7.7,8.8,-13.0,N,267.3,417.9,-36.0,D,2026-08-09 21:00:32.451444
2026-08-01,2026-06-01,2026-08-01,district,EAST UTTAR PRADESH,UTTAR PRADESH,BAHRAICH,1.8,15.2,-88.0,LD,421.1,514.4,-18.0,N,2026-08-09 21:00:32.451444
2026-08-01,2026-06-01,2026-08-01,district,EAST UTTAR PRADESH,UTTAR PRADESH,BALLIA,0.0,6.9,-100.0,NR,346.7,370.9,-7.0,N,2026-08-09 21:00:32.451444
2026-08-01,2026-06-01,2026-08-01,district,EAST UTTAR PRADESH,UTTAR PRADESH,BALRAMPUR,0.0,10.0,-100.0,NR,346.2,405.9,-15.0,N,2026-08-09 21:00:32.451444
2026-08-01,2026-06-01,2026-08-01,district,EAST UTTAR PRADESH,UTTAR PRADESH,BANDA,0.0,10.2,-100.0,NR,264.1,356.4,-26.0,D,2026-08-09 21:00:32.451444
2026-08-01,2026-06-01,2026-08-01,district,EAST UTTAR PRADESH,UTTAR PRADESH,BARABANKI,0.6,14.7,-96.0,LD,343.7,406.4,-15.0,N,2026-08-09 21:00:32.451444
2026-08-01,2026-06-01,2026-08-01,district,EAST UTTAR PRADESH,UTTAR PRADESH,BASTI,3.6,6.0,-41.0,D,301.5,428.1,-30.0,D,2026-08-09 21:00:32.451444
2026-08-01,2026-06-01,2026-08-01,district,EAST UTTAR PRADESH,UTTAR PRADESH,CHANDAULI,0.0,7.3,-100.0,NR,221.7,333.9,-34.0,D,2026-08-09 21:00:32.451444
2026-08-01,2026-06-01,2026-08-01,district,EAST UTTAR PRADESH,UTTAR PRADESH,CHITRAKOOT,0.5,8.4,-94.0,LD,360.1,374.3,-4.0,N,2026-08-09 21:00:32.451444
2026-08-01,2026-06-01,2026-08-01,district,EAST UTTAR PRADESH,UTTAR PRADESH,DEORIA,0.5,5.8,-91.0,LD,119.0,408.8,-71.0,LD,2026-08-09 21:00:32.451444
2026-08-01,2026-06-01,2026-08-01,district,EAST UTTAR PRADESH,UTTAR PRADESH,FARRUKHABAD,0.0,9.6,-100.0,NR,180.9,347.2,-48.0,D,2026-08-09 21:00:32.451444
2026-08-01,2026-06-01,2026-08-01,district,EAST UTTAR PRADESH,UTTAR PRADESH,FATEHPUR,0.0,8.5,-100.0,NR,116.3,324.4,-64.0,LD,2026-08-09 21:00:32.451444
2026-08-01,2026-06-01,2026-08-01,district,EAST UTTAR PRADESH,UTTAR PRADESH,GHAZIPUR,6.0,7.0,-15.0,N,194.5,357.6,-46.0,D,2026-08-09 21:00:32.451444
2026-08-01,2026-06-01,2026-08-01,district,EAST UTTAR PRADESH,UTTAR PRADESH,GONDA,1.0,15.2,-93.0,LD,371.4,450.6,-18.0,N,2026-08-09 21:00:32.451444
2026-08-01,2026-06-01,2026-08-01,district,EAST UTTAR PRADESH,UTTAR PRADESH,GORAKHPUR,0.0,15.0,-99.0,LD,496.3,621.5,-20.0,D,2026-08-09 21:00:32.451444
2026-08-01,2026-06-01,2026-08-01,district,EAST UTTAR PRADESH,UTTAR PRADESH,HARDOI,0.0,5.8,-100.0,NR,193.5,334.1,-42.0,D,2026-08-09 21:00:32.451444
2026-08-01,2026-06-01,2026-08-01,district,EAST UTTAR PRADESH,UTTAR PRADESH,JAUNPUR,6.2,6.4,-2.0,N,95.8,344.2,-72.0,LD,2026-08-09 21:00:32.451444
2026-08-01,2026-06-01,2026-08-01,district,EAST UTTAR PRADESH,UTTAR PRADESH,KANNAUJ,0.0,9.7,-100.0,NR,234.9,300.4,-22.0,D,2026-08-09 21:00:32.451444
2026-08-01,2026-06-01,2026-08-01,district,EAST UTTAR PRADESH,UTTAR PRADESH,KANPUR CITY,0.0,6.7,-100.0,NR,296.5,311.3,-5.0,N,2026-08-09 21:00:32.451444
2026-08-01,2026-06-01,2026-08-01,district,EAST UTTAR PRADESH,UTTAR PRADESH,KANPUR DEHAT,0.0,5.0,-100.0,NR,63.5,255.5,-75.0,LD,2026-08-09 21:00:32.451444
2026-08-01,2026-06-01,2026-08-01,district,EAST UTTAR PRADESH,UTTAR PRADESH,KAUSHAMBI,1.2,7.9,-85.0,LD,67.2,270.5,-75.0,LD,2026-08-09 21:00:32.451444
2026-08-01,2026-06-01,2026-08-01,district,EAST UTTAR PRADESH,UTTAR PRADESH,KHERI,0.0,13.3,-100.0,NR,402.6,474.5,-15.0,N,2026-08-09 21:00:32.451444
2026-08-01,2026-06-01,2026-08-01,district,EAST UTTAR PRADESH,UTTAR PRADESH,KUSHI NAGAR,2.0,5.2,-62.0,LD,154.1,386.7,-60.0,LD,2026-08-09 21:00:32.451444
2026-08-01,2026-06-01,2026-08-01,district,EAST UTTAR PRADESH,UTTAR PRADESH,LUCKNOW,0.0,5.1,-99.0,LD,176.9,322.4,-45.0,D,2026-08-09 21:00:32.451444
2026-08-01,2026-06-01,2026-08-01,district,EAST UTTAR PRADESH,UTTAR PRADESH,MAHARAJGANJ,0.0,7.2,-100.0,NR,470.5,518.8,-9.0,N,2026-08-09 21:00:32.451444
2026-08-01,2026-06-01,2026-08-01,district,EAST UTTAR PRADESH,UTTAR PRADESH,MAU,0.0,10.0,-100.0,NR,142.5,409.1,-65.0,LD,2026-08-09 21:00:32.451444
2026-08-01,2026-06-01,2026-08-01,district,EAST UTTAR PRADESH,UTTAR PRADESH,MIRZAPUR,13.0,8.9,46.0,E,359.3,421.5,-15.0,N,2026-08-09 21:00:32.451444
2026-08-01,2026-06-01,2026-08-01,district,EAST UTTAR PRADESH,UTTAR PRADESH,PRATAPGARH,10.0,9.2,9.0,N,255.8,369.7,-31.0,D,2026-08-09 21:00:32.451444
2026-08-01,2026-06-01,2026-08-01,district,EAST UTTAR PRADESH,UTTAR PRADESH,PRAYAGRAJ,4.2,6.8,-38.0,D,195.1,335.5,-42.0,D,2026-08-09 21:00:32.451444
2026-08-01,2026-06-01,2026-08-01,district,EAST UTTAR PRADESH,UTTAR PRADESH,RAE BAREILLY,0.9,5.5,-84.0,LD,95.4,209.2,-54.0,D,2026-08-09 21:00:32.451444
2026-08-01,2026-06-01,2026-08-01,district,EAST UTTAR PRADESH,UTTAR PRADESH,SANT KABIR NAGAR,2.8,5.8,-52.0,D,258.2,546.5,-53.0,D,2026-08-09 21:00:32.451444
2026-08-01,2026-06-01,2026-08-01,district,EAST UTTAR PRADESH,UTTAR PRADESH,SHRAWASTI,0.0,9.8,-100.0,NR,358.7,607.5,-41.0,D,2026-08-09 21:00:32.451444
2026-08-01,2026-06-01,2026-08-01,district,EAST UTTAR PRADESH,UTTAR PRADESH,SIDDHARTH NAGAR,3.4,9.9,-66.0,LD,349.5,567.3,-38.0,D,2026-08-09 21:00:32.451444
2026-08-01,2026-06-01,2026-08-01,district,EAST UTTAR PRADESH,UTTAR PRADESH,SITAPUR,0.0,9.3,-100.0,NR,174.4,416.0,-58.0,D,2026-08-09 21:00:32.451444
2026-08-01,2026-06-01,2026-08-01,district,EAST UTTAR PRADESH,UTTAR PRADESH,SONBHADRA,6.1,9.7,-37.0,D,298.1,422.5,-29.0,D,2026-08-09 21:00:32.451444
2026-08-01,2026-06-01,2026-08-01,district,EAST UTTAR PRADESH,UTTAR PRADESH,SULTANPUR,0.6,12.2,-95.0,LD,300.4,400.4,-25.0,D,2026-08-09 21:00:32.451444
2026-08-01,2026-06-01,2026-08-01,district,EAST UTTAR PRADESH,UTTAR PRADESH,UNNAO,0.0,8.3,-100.0,NR,149.5,302.6,-51.0,D,2026-08-09 21:00:32.451444
2026-08-01,2026-06-01,2026-08-01,district,EAST UTTAR PRADESH,UTTAR PRADESH,VARANASI,10.7,8.6,24.0,E,196.0,378.6,-48.0,D,2026-08-09 21:00:32.451444
2026-08-01,2026-06-01,2026-08-01,district,GANGETIC WEST BENGAL,WEST BENGAL,BANKURA,4.1,9.9,-58.0,D,625.3,604.0,4.0,N,2026-08-09 21:00:32.451444
2026-08-01,2026-06-01,2026-08-01,district,GANGETIC WEST BENGAL,WEST BENGAL,BIRBHUM,6.3,13.4,-53.0,D,392.7,591.5,-34.0,D,2026-08-09 21:00:32.451444
2026-08-01,2026-06-01,2026-08-01,district,GANGETIC WEST BENGAL,WEST BENGAL,EAST MIDNAPORE,2.4,10.2,-76.0,LD,873.8,625.4,40.0,E,2026-08-09 21:00:32.451444
2026-08-01,2026-06-01,2026-08-01,district,GANGETIC WEST BENGAL,WEST BENGAL,HOOGHLY,1.6,10.4,-85.0,LD,564.7,558.0,1.0,N,2026-08-09 21:00:32.451444
2026-08-01,2026-06-01,2026-08-01,district,GANGETIC WEST BENGAL,WEST BENGAL,HOWRAH,0.0,11.8,-100.0,NR,697.1,599.5,16.0,N,2026-08-09 21:00:32.451444
2026-08-01,2026-06-01,2026-08-01,district,GANGETIC WEST BENGAL,WEST BENGAL,JHARGRAM,0.5,10.4,-95.0,LD,500.5,600.8,-17.0,N,2026-08-09 21:00:32.451444
2026-08-01,2026-06-01,2026-08-01,district,GANGETIC WEST BENGAL,WEST BENGAL,KOLKATA,0.0,13.8,-100.0,NR,705.4,684.1,3.0,N,2026-08-09 21:00:32.451444
2026-08-01,2026-06-01,2026-08-01,district,GANGETIC WEST BENGAL,WEST BENGAL,MURSHIDABAD,3.8,8.5,-55.0,D,363.1,531.5,-32.0,D,2026-08-09 21:00:32.451444
2026-08-01,2026-06-01,2026-08-01,district,GANGETIC WEST BENGAL,WEST BENGAL,NADIA,5.2,8.3,-37.0,D,404.1,514.7,-21.0,D,2026-08-09 21:00:32.451444
2026-08-01,2026-06-01,2026-08-01,district,GANGETIC WEST BENGAL,WEST BENGAL,NORTH 24 PARGANAS,1.4,14.9,-90.0,LD,761.6,610.0,25.0,E,2026-08-09 21:00:32.451444
2026-08-01,2026-06-01,2026-08-01,district,GANGETIC WEST BENGAL,WEST BENGAL,PASCHIM BARDHAMAN,5.3,13.1,-60.0,LD,485.1,571.4,-15.0,N,2026-08-09 21:00:32.451444
2026-08-01,2026-06-01,2026-08-01,district,GANGETIC WEST BENGAL,WEST BENGAL,PURBA BARDHAMAN,0.0,13.5,-100.0,NR,513.1,539.1,-5.0,N,2026-08-09 21:00:32.451444
2026-08-01,2026-06-01,2026-08-01,district,GANGETIC WEST BENGAL,WEST BENGAL,PURULIA,1.3,11.0,-88.0,LD,375.9,564.1,-33.0,D,2026-08-09 21:00:32.451444
2026-08-01,2026-06-01,2026-08-01,district,GANGETIC WEST BENGAL,WEST BENGAL,SOUTH 24 PARGANAS,1.2,10.9,-89.0,LD,820.8,746.2,10.0,N,2026-08-09 21:00:32.451444
2026-08-01,2026-06-01,2026-08-01,district,GANGETIC WEST BENGAL,WEST BENGAL,WEST MIDNAPORE,7.7,10.4,-26.0,D,870.3,600.8,45.0,E,2026-08-09 21:00:32.451444
2026-08-01,2026-06-01,2026-08-01,district,GUJARAT REGION,DADRA & NAGAR HAVELI AND DAMAN & DIU (UT),DADARA & NAGAR HAVELI,44.7,27.7,61.0,LE,2566.0,1349.7,90.0,LE,2026-08-09 21:00:32.451444
2026-08-01,2026-06-01,2026-08-01,district,GUJARAT REGION,DADRA & NAGAR HAVELI AND DAMAN & DIU (UT),DAMAN,86.2,27.7,211.0,LE,2454.9,1349.7,82.0,LE,2026-08-09 21:00:32.451444
2026-08-01,2026-06-01,2026-08-01,district,GUJARAT REGION,GUJARAT,AHMEDABAD,72.5,9.5,663.0,LE,514.8,345.0,49.0,E,2026-08-09 21:00:32.451444
2026-08-01,2026-06-01,2026-08-01,district,GUJARAT REGION,GUJARAT,ANAND,182.7,11.7,1462.0,LE,673.3,414.4,62.0,LE,2026-08-09 21:00:32.451444
2026-08-01,2026-06-01,2026-08-01,district,GUJARAT REGION,GUJARAT,ARAVALLI,48.2,18.6,159.0,LE,309.6,420.3,-26.0,D,2026-08-09 21:00:32.451444
2026-08-01,2026-06-01,2026-08-01,district,GUJARAT REGION,GUJARAT,BANASKANTHA,9.4,9.5,-2.0,N,299.5,311.6,-4.0,N,2026-08-09 21:00:32.451444
2026-08-01,2026-06-01,2026-08-01,district,GUJARAT REGION,GUJARAT,BHARUCH,149.4,9.8,1424.0,LE,642.5,401.4,60.0,LE,2026-08-09 21:00:32.451444
2026-08-01,2026-06-01,2026-08-01,district,GUJARAT REGION,GUJARAT,CHHOTA UDEPUR,103.1,14.8,597.0,LE,459.3,483.0,-5.0,N,2026-08-09 21:00:32.451444
2026-08-01,2026-06-01,2026-08-01,district,GUJARAT REGION,GUJARAT,DAHOD,38.4,12.6,205.0,LE,263.0,368.3,-29.0,D,2026-08-09 21:00:32.451444
2026-08-01,2026-06-01,2026-08-01,district,GUJARAT REGION,GUJARAT,DANGS,242.7,46.6,421.0,LE,1975.8,1201.1,64.0,LE,2026-08-09 21:00:32.451444
2026-08-01,2026-06-01,2026-08-01,district,GUJARAT REGION,GUJARAT,GANDHINAGAR,67.8,13.5,402.0,LE,413.8,397.9,4.0,N,2026-08-09 21:00:32.451444
2026-08-01,2026-06-01,2026-08-01,district,GUJARAT REGION,GUJARAT,KHEDA,175.7,12.9,1262.0,LE,760.5,407.7,87.0,LE,2026-08-09 21:00:32.451444
2026-08-01,2026-06-01,2026-08-01,district,GUJARAT REGION,GUJARAT,MAHISAGAR,76.5,9.6,696.0,LE,529.7,387.3,37.0,E,2026-08-09 21:00:32.451444
2026-08-01,2026-06-01,2026-08-01,district,GUJARAT REGION,GUJARAT,MEHSANA,43.0,12.4,247.0,LE,387.8,357.6,8.0,N,2026-08-09 21:00:32.451444
2026-08-01,2026-06-01,2026-08-01,district,GUJARAT REGION,GUJARAT,NARMADA,134.5,15.8,751.0,LE,695.2,526.6,32.0,E,2026-08-09 21:00:32.451444
2026-08-01,2026-06-01,2026-08-01,district,GUJARAT REGION,GUJARAT,NAVSARI,208.6,29.2,614.0,LE,2042.4,1066.9,91.0,LE,2026-08-09 21:00:32.451444
2026-08-01,2026-06-01,2026-08-01,district,GUJARAT REGION,GUJARAT,PANCHMAHAL,71.6,16.9,323.0,LE,564.1,444.5,27.0,E,2026-08-09 21:00:32.451444
2026-08-01,2026-06-01,2026-08-01,district,GUJARAT REGION,GUJARAT,PATAN,15.6,7.3,113.0,LE,342.3,277.3,23.0,E,2026-08-09 21:00:32.451444
2026-08-01,2026-06-01,2026-08-01,district,GUJARAT REGION,GUJARAT,SABARKANTHA,47.3,21.9,116.0,LE,317.1,425.7,-26.0,D,2026-08-09 21:00:32.451444
2026-08-01,2026-06-01,2026-08-01,district,GUJARAT REGION,GUJARAT,SURAT,187.5,14.7,1176.0,LE,1338.5,745.5,80.0,LE,2026-08-09 21:00:32.451444
2026-08-01,2026-06-01,2026-08-01,district,GUJARAT REGION,GUJARAT,TAPI,151.4,20.0,657.0,LE,1147.9,773.7,48.0,E,2026-08-09 21:00:32.451444
2026-08-01,2026-06-01,2026-08-01,district,GUJARAT REGION,GUJARAT,VADODARA,70.6,16.4,330.0,LE,451.3,458.3,-2.0,N,2026-08-09 21:00:32.451444
2026-08-01,2026-06-01,2026-08-01,district,GUJARAT REGION,GUJARAT,VALSAD,131.0,30.5,329.0,LE,2418.7,1215.4,99.0,LE,2026-08-09 21:00:32.451444
2026-08-01,2026-06-01,2026-08-01,district,HAR. CHD & DELHI,CHANDIGARH (UT),CHANDIGARH,0.0,5.3,-99.0,LD,347.1,434.0,-20.0,D,2026-08-09 21:00:32.451444
2026-08-01,2026-06-01,2026-08-01,district,HAR. CHD & DELHI,DELHI (UT),CENTRAL DELHI,0.0,9.1,-100.0,NR,348.5,310.9,12.0,N,2026-08-09 21:00:32.451444
2026-08-01,2026-06-01,2026-08-01,district,HAR. CHD & DELHI,DELHI (UT),EAST DELHI,0.0,9.1,-100.0,NR,369.5,310.9,19.0,N,2026-08-09 21:00:32.451444
2026-08-01,2026-06-01,2026-08-01,district,HAR. CHD & DELHI,DELHI (UT),NEW DELHI,0.0,5.7,-100.0,NR,221.0,289.5,-24.0,D,2026-08-09 21:00:32.451444
2026-08-01,2026-06-01,2026-08-01,district,HAR. CHD & DELHI,DELHI (UT),NORTH EAST DELHI,1.8,9.1,-80.0,LD,301.2,310.9,-3.0,N,2026-08-09 21:00:32.451444
2026-08-01,2026-06-01,2026-08-01,district,HAR. CHD & DELHI,DELHI (UT),NORTH WEST DELHI,0.0,5.2,-100.0,NR,144.3,201.6,-28.0,D,2026-08-09 21:00:32.451444
2026-08-01,2026-06-01,2026-08-01,district,HAR. CHD & DELHI,DELHI (UT),SOUTH DELHI,0.0,9.1,-100.0,NR,225.3,310.9,-28.0,D,2026-08-09 21:00:32.451444
2026-08-01,2026-06-01,2026-08-01,district,HAR. CHD & DELHI,DELHI (UT),SOUTH EAST DELHI,0.0,9.1,-100.0,NR,302.4,310.9,-3.0,N,2026-08-09 21:00:32.451444
2026-08-01,2026-06-01,2026-08-01,district,HAR. CHD & DELHI,DELHI (UT),SOUTH WEST DELHI,0.0,8.2,-100.0,NR,176.7,260.3,-32.0,D,2026-08-09 21:00:32.451444
2026-08-01,2026-06-01,2026-08-01,district,HAR. CHD & DELHI,DELHI (UT),WEST DELHI,0.0,5.2,-100.0,NR,291.3,279.7,4.0,N,2026-08-09 21:00:32.451444
2026-08-01,2026-06-01,2026-08-01,district,HAR. CHD & DELHI,HARYANA,AMBALA,0.0,14.7,-100.0,NR,163.0,425.6,-62.0,LD,2026-08-09 21:00:32.451444
2026-08-01,2026-06-01,2026-08-01,district,HAR. CHD & DELHI,HARYANA,BHIWANI,0.0,2.5,-100.0,NR,122.0,148.9,-18.0,N,2026-08-09 21:00:32.451444
2026-08-01,2026-06-01,2026-08-01,district,HAR. CHD & DELHI,HARYANA,CHARKHI DADRI,0.0,6.0,-100.0,NR,181.2,198.2,-9.0,N,2026-08-09 21:00:32.451444
2026-08-01,2026-06-01,2026-08-01,district,HAR. CHD & DELHI,HARYANA,FARIDABAD,0.0,6.9,-100.0,NR,297.9,241.2,24.0,E,2026-08-09 21:00:32.451444
2026-08-01,2026-06-01,2026-08-01,district,HAR. CHD & DELHI,HARYANA,FATEHABAD,0.0,5.7,-100.0,NR,106.9,133.8,-20.0,D,2026-08-09 21:00:32.451444
2026-08-01,2026-06-01,2026-08-01,district,HAR. CHD & DELHI,HARYANA,GURGAON,0.0,4.7,-100.0,NR,193.1,227.2,-15.0,N,2026-08-09 21:00:32.451444
2026-08-01,2026-06-01,2026-08-01,district,HAR. CHD & DELHI,HARYANA,HISAR,0.0,3.9,-100.0,NR,99.7,153.8,-35.0,D,2026-08-09 21:00:32.451444
2026-08-01,2026-06-01,2026-08-01,district,HAR. CHD & DELHI,HARYANA,JHAJJAR,0.0,4.6,-100.0,NR,140.0,178.6,-22.0,D,2026-08-09 21:00:32.451444
2026-08-01,2026-06-01,2026-08-01,district,HAR. CHD & DELHI,HARYANA,JIND,0.0,4.3,-100.0,NR,73.0,193.9,-62.0,LD,2026-08-09 21:00:32.451444
2026-08-01,2026-06-01,2026-08-01,district,HAR. CHD & DELHI,HARYANA,KAITHAL,0.0,3.2,-100.0,NR,88.0,183.0,-52.0,D,2026-08-09 21:00:32.451444
2026-08-01,2026-06-01,2026-08-01,district,HAR. CHD & DELHI,HARYANA,KARNAL,0.0,6.4,-100.0,NR,196.9,269.0,-27.0,D,2026-08-09 21:00:32.451444
2026-08-01,2026-06-01,2026-08-01,district,HAR. CHD & DELHI,HARYANA,KURUKSHETRA,0.0,4.3,-100.0,NR,201.9,204.5,-1.0,N,2026-08-09 21:00:32.451444
2026-08-01,2026-06-01,2026-08-01,district,HAR. CHD & DELHI,HARYANA,MAHENDRAGARH,0.1,3.5,-98.0,LD,187.0,205.3,-9.0,N,2026-08-09 21:00:32.451444
2026-08-01,2026-06-01,2026-08-01,district,HAR. CHD & DELHI,HARYANA,NUH,0.0,3.6,-100.0,NR,154.7,204.5,-24.0,D,2026-08-09 21:00:32.451444
2026-08-01,2026-06-01,2026-08-01,district,HAR. CHD & DELHI,HARYANA,PALWAL,0.0,4.1,-100.0,NR,202.9,172.9,17.0,N,2026-08-09 21:00:32.451444
2026-08-01,2026-06-01,2026-08-01,district,HAR. CHD & DELHI,HARYANA,PANCHKULA,0.3,12.8,-98.0,LD,192.8,419.1,-54.0,D,2026-08-09 21:00:32.451444
2026-08-01,2026-06-01,2026-08-01,district,HAR. CHD & DELHI,HARYANA,PANIPAT,0.0,4.5,-100.0,NR,133.2,210.1,-37.0,D,2026-08-09 21:00:32.451444
2026-08-01,2026-06-01,2026-08-01,district,HAR. CHD & DELHI,HARYANA,REWARI,0.0,7.1,-100.0,NR,176.7,205.5,-14.0,N,2026-08-09 21:00:32.451444
2026-08-01,2026-06-01,2026-08-01,district,HAR. CHD & DELHI,HARYANA,ROHTAK,0.0,4.7,-100.0,NR,75.7,222.5,-66.0,LD,2026-08-09 21:00:32.451444
2026-08-01,2026-06-01,2026-08-01,district,HAR. CHD & DELHI,HARYANA,SIRSA,0.0,1.6,-100.0,NR,44.1,125.0,-65.0,LD,2026-08-09 21:00:32.451444
2026-08-01,2026-06-01,2026-08-01,district,HAR. CHD & DELHI,HARYANA,SONEPAT,0.0,3.8,-100.0,NR,123.5,224.6,-45.0,D,2026-08-09 21:00:32.451444
2026-08-01,2026-06-01,2026-08-01,district,HAR. CHD & DELHI,HARYANA,YAMUNA NAGAR,0.0,11.7,-100.0,NR,378.7,459.9,-18.0,N,2026-08-09 21:00:32.451444
2026-08-01,2026-06-01,2026-08-01,district,HIMACHAL PRADESH,HIMACHAL PRADESH,BILASPUR,0.0,10.6,-99.0,LD,355.7,384.9,-8.0,N,2026-08-09 21:00:32.451444
2026-08-01,2026-06-01,2026-08-01,district,HIMACHAL PRADESH,HIMACHAL PRADESH,CHAMBA,24.7,13.0,90.0,LE,515.6,440.5,17.0,N,2026-08-09 21:00:32.451444
2026-08-01,2026-06-01,2026-08-01,district,HIMACHAL PRADESH,HIMACHAL PRADESH,HAMIRPUR,0.4,8.1,-95.0,LD,262.1,450.7,-42.0,D,2026-08-09 21:00:32.451444
2026-08-01,2026-06-01,2026-08-01,district,HIMACHAL PRADESH,HIMACHAL PRADESH,KANGRA,7.5,28.1,-73.0,LD,656.3,798.8,-18.0,N,2026-08-09 21:00:32.451444
2026-08-01,2026-06-01,2026-08-01,district,HIMACHAL PRADESH,HIMACHAL PRADESH,KINNAUR,2.8,2.5,10.0,N,166.1,110.2,51.0,E,2026-08-09 21:00:32.451444
2026-08-01,2026-06-01,2026-08-01,district,HIMACHAL PRADESH,HIMACHAL PRADESH,KULLU,2.6,5.4,-53.0,D,300.5,276.3,9.0,N,2026-08-09 21:00:32.451444
2026-08-01,2026-06-01,2026-08-01,district,HIMACHAL PRADESH,HIMACHAL PRADESH,LAHAUL & SPITI,0.0,2.8,-100.0,NR,85.7,182.1,-53.0,D,2026-08-09 21:00:32.451444
2026-08-01,2026-06-01,2026-08-01,district,HIMACHAL PRADESH,HIMACHAL PRADESH,MANDI,16.1,13.9,16.0,N,502.5,571.9,-12.0,N,2026-08-09 21:00:32.451444
2026-08-01,2026-06-01,2026-08-01,district,HIMACHAL PRADESH,HIMACHAL PRADESH,SHIMLA,17.3,8.1,113.0,LE,456.5,328.7,39.0,E,2026-08-09 21:00:32.451444
2026-08-01,2026-06-01,2026-08-01,district,HIMACHAL PRADESH,HIMACHAL PRADESH,SIRMAUR,1.9,13.5,-86.0,LD,614.2,616.3,0.0,N,2026-08-09 21:00:32.451444
2026-08-01,2026-06-01,2026-08-01,district,HIMACHAL PRADESH,HIMACHAL PRADESH,SOLAN,0.3,10.3,-97.0,LD,516.5,450.9,15.0,N,2026-08-09 21:00:32.451444
2026-08-01,2026-06-01,2026-08-01,district,HIMACHAL PRADESH,HIMACHAL PRADESH,UNA,1.0,7.6,-87.0,LD,393.1,440.4,-11.0,N,2026-08-09 21:00:32.451444
2026-08-01,2026-06-01,2026-08-01,district,J & K AND LADAKH,JAMMU & KASHMIR(UT),ANANTNAG,6.6,6.4,2.0,N,223.3,165.9,35.0,E,2026-08-09 21:00:32.451444
2026-08-01,2026-06-01,2026-08-01,district,J & K AND LADAKH,JAMMU & KASHMIR(UT),BADGAM,8.3,2.6,221.0,LE,100.5,103.3,-3.0,N,2026-08-09 21:00:32.451444
2026-08-01,2026-06-01,2026-08-01,district,J & K AND LADAKH,JAMMU & KASHMIR(UT),BANDIPORA,0.3,2.7,-88.0,LD,120.8,111.8,8.0,N,2026-08-09 21:00:32.451444
2026-08-01,2026-06-01,2026-08-01,district,J & K AND LADAKH,JAMMU & KASHMIR(UT),BARAMULA,3.4,2.7,25.0,E,230.2,115.9,99.0,LE,2026-08-09 21:00:32.451444
2026-08-01,2026-06-01,2026-08-01,district,J & K AND LADAKH,JAMMU & KASHMIR(UT),DODA,6.8,4.4,53.0,E,236.8,223.1,6.0,N,2026-08-09 21:00:32.451444
2026-08-01,2026-06-01,2026-08-01,district,J & K AND LADAKH,JAMMU & KASHMIR(UT),GANDERBAL,1.2,0.5,133.0,LE,232.2,141.2,64.0,LE,2026-08-09 21:00:32.451444
2026-08-01,2026-06-01,2026-08-01,district,J & K AND LADAKH,JAMMU & KASHMIR(UT),JAMMU,9.8,19.5,-50.0,D,485.3,485.8,0.0,N,2026-08-09 21:00:32.451444
2026-08-01,2026-06-01,2026-08-01,district,J & K AND LADAKH,JAMMU & KASHMIR(UT),KATHUA,30.2,17.2,76.0,LE,477.9,637.5,-25.0,D,2026-08-09 21:00:32.451444
2026-08-01,2026-06-01,2026-08-01,district,J & K AND LADAKH,JAMMU & KASHMIR(UT),KISTWAR,7.8,4.4,76.0,LE,149.3,223.1,-33.0,D,2026-08-09 21:00:32.451444
2026-08-01,2026-06-01,2026-08-01,district,J & K AND LADAKH,JAMMU & KASHMIR(UT),KULGAM,0.1,3.4,-97.0,LD,180.0,172.2,5.0,N,2026-08-09 21:00:32.451444
2026-08-01,2026-06-01,2026-08-01,district,J & K AND LADAKH,JAMMU & KASHMIR(UT),KUPWARA,3.0,1.7,75.0,LE,164.0,140.4,17.0,N,2026-08-09 21:00:32.451444
2026-08-01,2026-06-01,2026-08-01,district,J & K AND LADAKH,JAMMU & KASHMIR(UT),POONCH,26.3,9.0,192.0,LE,539.8,365.8,48.0,E,2026-08-09 21:00:32.451444
2026-08-01,2026-06-01,2026-08-01,district,J & K AND LADAKH,JAMMU & KASHMIR(UT),PULWAMA,15.0,4.0,274.0,LE,159.1,90.2,76.0,LE,2026-08-09 21:00:32.451444
2026-08-01,2026-06-01,2026-08-01,district,J & K AND LADAKH,JAMMU & KASHMIR(UT),RAJOURI,1.0,10.9,-91.0,LD,481.6,331.9,45.0,E,2026-08-09 21:00:32.451444
2026-08-01,2026-06-01,2026-08-01,district,J & K AND LADAKH,JAMMU & KASHMIR(UT),RAMBAN,2.7,3.8,-29.0,D,359.8,212.5,69.0,LE,2026-08-09 21:00:32.451444
2026-08-01,2026-06-01,2026-08-01,district,J & K AND LADAKH,JAMMU & KASHMIR(UT),REASI,5.7,28.7,-80.0,LD,748.5,752.9,-1.0,N,2026-08-09 21:00:32.451444
2026-08-01,2026-06-01,2026-08-01,district,J & K AND LADAKH,JAMMU & KASHMIR(UT),SAMBA,0.5,16.8,-97.0,LD,593.5,357.6,66.0,LE,2026-08-09 21:00:32.451444
2026-08-01,2026-06-01,2026-08-01,district,J & K AND LADAKH,JAMMU & KASHMIR(UT),SHOPIAN,4.5,8.2,-45.0,D,76.7,147.0,-48.0,D,2026-08-09 21:00:32.451444
2026-08-01,2026-06-01,2026-08-01,district,J & K AND LADAKH,JAMMU & KASHMIR(UT),SRINAGAR,22.5,2.5,802.0,LE,182.7,123.0,49.0,E,2026-08-09 21:00:32.451444
2026-08-01,2026-06-01,2026-08-01,district,J & K AND LADAKH,JAMMU & KASHMIR(UT),UDHAMPUR,5.0,16.3,-69.0,LD,935.1,504.5,85.0,LE,2026-08-09 21:00:32.451444
2026-08-01,2026-06-01,2026-08-01,district,J & K AND LADAKH,LADAKH (UT),KARGIL,0.0,0.0,-100.0,NR,11.3,5.9,76.0,LE,2026-08-09 21:00:32.451444
2026-08-01,2026-06-01,2026-08-01,district,JHARKHAND,JHARKHAND,BOKARO,1.9,8.1,-77.0,LD,304.0,455.7,-33.0,D,2026-08-09 21:00:32.451444
2026-08-01,2026-06-01,2026-08-01,district,JHARKHAND,JHARKHAND,CHATRA,0.0,6.9,-100.0,NR,257.4,465.0,-45.0,D,2026-08-09 21:00:32.451444
2026-08-01,2026-06-01,2026-08-01,district,JHARKHAND,JHARKHAND,DEOGHAR,4.5,8.5,-47.0,D,205.0,500.1,-59.0,D,2026-08-09 21:00:32.451444
2026-08-01,2026-06-01,2026-08-01,district,JHARKHAND,JHARKHAND,DHANBAD,0.3,8.8,-96.0,LD,401.6,539.3,-26.0,D,2026-08-09 21:00:32.451444
2026-08-01,2026-06-01,2026-08-01,district,JHARKHAND,JHARKHAND,DUMKA,20.7,9.0,130.0,LE,495.8,535.7,-7.0,N,2026-08-09 21:00:32.451444
2026-08-01,2026-06-01,2026-08-01,district,JHARKHAND,JHARKHAND,EAST SINGHBHUM,0.0,10.1,-100.0,NR,437.1,553.3,-21.0,D,2026-08-09 21:00:32.451444
2026-08-01,2026-06-01,2026-08-01,district,JHARKHAND,JHARKHAND,GARHWA,1.3,9.5,-86.0,LD,193.9,442.1,-56.0,D,2026-08-09 21:00:32.451444
2026-08-01,2026-06-01,2026-08-01,district,JHARKHAND,JHARKHAND,GIRIDIH,1.0,6.7,-85.0,LD,249.4,506.4,-51.0,D,2026-08-09 21:00:32.451444
2026-08-01,2026-06-01,2026-08-01,district,JHARKHAND,JHARKHAND,GODDA,0.0,10.4,-100.0,NR,231.0,469.8,-51.0,D,2026-08-09 21:00:32.451444
2026-08-01,2026-06-01,2026-08-01,district,JHARKHAND,JHARKHAND,GUMLA,1.4,9.8,-86.0,LD,354.2,549.9,-36.0,D,2026-08-09 21:00:32.451444
2026-08-01,2026-06-01,2026-08-01,district,JHARKHAND,JHARKHAND,HAZARIBAG,1.8,8.5,-79.0,LD,340.7,531.5,-36.0,D,2026-08-09 21:00:32.451444
2026-08-01,2026-06-01,2026-08-01,district,JHARKHAND,JHARKHAND,JAMTARA,3.2,12.6,-75.0,LD,396.4,558.9,-29.0,D,2026-08-09 21:00:32.451444
2026-08-01,2026-06-01,2026-08-01,district,JHARKHAND,JHARKHAND,KHUNTI,0.0,11.0,-100.0,NR,443.0,555.8,-20.0,D,2026-08-09 21:00:32.451444
2026-08-01,2026-06-01,2026-08-01,district,JHARKHAND,JHARKHAND,KODERMA,0.0,5.8,-100.0,NR,215.2,442.3,-51.0,D,2026-08-09 21:00:32.451444
2026-08-01,2026-06-01,2026-08-01,district,JHARKHAND,JHARKHAND,LATEHAR,0.0,9.2,-100.0,NR,348.5,520.8,-33.0,D,2026-08-09 21:00:32.451444
2026-08-01,2026-06-01,2026-08-01,district,JHARKHAND,JHARKHAND,LOHARDAGA,1.4,9.7,-86.0,LD,327.9,522.7,-37.0,D,2026-08-09 21:00:32.451444
2026-08-01,2026-06-01,2026-08-01,district,JHARKHAND,JHARKHAND,PAKUR,3.3,10.3,-68.0,LD,231.2,601.3,-62.0,LD,2026-08-09 21:00:32.451444
2026-08-01,2026-06-01,2026-08-01,district,JHARKHAND,JHARKHAND,PALAMU,0.0,6.3,-100.0,NR,211.8,398.9,-47.0,D,2026-08-09 21:00:32.451444
2026-08-01,2026-06-01,2026-08-01,district,JHARKHAND,JHARKHAND,RAMGARH,3.1,8.3,-63.0,LD,348.4,517.7,-33.0,D,2026-08-09 21:00:32.451444
2026-08-01,2026-06-01,2026-08-01,district,JHARKHAND,JHARKHAND,RANCHI,1.5,9.5,-84.0,LD,385.5,531.2,-27.0,D,2026-08-09 21:00:32.451444
2026-08-01,2026-06-01,2026-08-01,district,JHARKHAND,JHARKHAND,SERAIKELA-KHARSAWAN,0.0,7.9,-100.0,NR,465.2,510.9,-9.0,N,2026-08-09 21:00:32.451444
2026-08-01,2026-06-01,2026-08-01,district,JHARKHAND,JHARKHAND,SIMDEGA,1.1,9.1,-88.0,LD,605.0,676.3,-11.0,N,2026-08-09 21:00:32.451444
2026-08-01,2026-06-01,2026-08-01,district,JHARKHAND,JHARKHAND,WEST SINGHBHUM,0.0,8.3,-100.0,NR,509.7,501.9,2.0,N,2026-08-09 21:00:32.451444
2026-08-01,2026-06-01,2026-08-01,district,KERALA & MAHE,KERALA,ALAPUZHA,57.3,18.4,211.0,LE,726.2,1045.2,-31.0,D,2026-08-09 21:00:32.451444
2026-08-01,2026-06-01,2026-08-01,district,KERALA & MAHE,KERALA,ERNAKULAM,66.8,21.8,206.0,LE,966.0,1382.8,-30.0,D,2026-08-09 21:00:32.451444
2026-08-01,2026-06-01,2026-08-01,district,KERALA & MAHE,KERALA,IDUKKI,114.2,32.3,254.0,LE,798.2,1593.9,-50.0,D,2026-08-09 21:00:32.451444
2026-08-01,2026-06-01,2026-08-01,district,KERALA & MAHE,KERALA,KANNUR,37.9,25.3,50.0,E,1419.4,1812.6,-22.0,D,2026-08-09 21:00:32.451444
2026-08-01,2026-06-01,2026-08-01,district,KERALA & MAHE,KERALA,KASARGOD,33.4,28.7,16.0,N,1538.8,1976.8,-22.0,D,2026-08-09 21:00:32.451444
2026-08-01,2026-06-01,2026-08-01,district,KERALA & MAHE,KERALA,KOLLAM,61.7,12.8,382.0,LE,520.8,779.6,-33.0,D,2026-08-09 21:00:32.451444
2026-08-01,2026-06-01,2026-08-01,district,KERALA & MAHE,KERALA,KOTTAYAM,82.7,20.7,300.0,LE,1005.0,1220.0,-18.0,N,2026-08-09 21:00:32.451444
2026-08-01,2026-06-01,2026-08-01,district,KERALA & MAHE,KERALA,KOZHIKODE,76.1,21.0,262.0,LE,1440.8,1778.2,-19.0,N,2026-08-09 21:00:32.451444
2026-08-01,2026-06-01,2026-08-01,district,KERALA & MAHE,KERALA,MALAPPURAM,81.0,18.0,350.0,LE,999.4,1302.2,-23.0,D,2026-08-09 21:00:32.451444
2026-08-01,2026-06-01,2026-08-01,district,KERALA & MAHE,KERALA,PALAKKAD,58.7,16.7,251.0,LE,707.2,1008.3,-30.0,D,2026-08-09 21:00:32.451444
2026-08-01,2026-06-01,2026-08-01,district,KERALA & MAHE,KERALA,PATHANAMTHITTA,150.5,20.5,634.0,LE,901.0,998.5,-10.0,N,2026-08-09 21:00:32.451444
2026-08-01,2026-06-01,2026-08-01,district,KERALA & MAHE,KERALA,THIRUVANANTHAPURAM,90.6,11.3,702.0,LE,511.1,519.1,-2.0,N,2026-08-09 21:00:32.451444
2026-08-01,2026-06-01,2026-08-01,district,KERALA & MAHE,KERALA,THRISSUR,45.4,21.6,110.0,LE,938.9,1409.6,-33.0,D,2026-08-09 21:00:32.451444
2026-08-01,2026-06-01,2026-08-01,district,KERALA & MAHE,KERALA,WYNAD,52.8,28.2,87.0,LE,754.7,1631.5,-54.0,D,2026-08-09 21:00:32.451444
2026-08-01,2026-06-01,2026-08-01,district,KERALA & MAHE,PUDUCHERRY (UT),MAHE,20.0,17.3,16.0,N,1241.8,1675.2,-26.0,D,2026-08-09 21:00:32.451444
2026-08-01,2026-06-01,2026-08-01,district,KONKAN & GOA,GOA,NORTH GOA,23.7,32.8,-28.0,D,1114.7,2033.5,-45.0,D,2026-08-09 21:00:32.451444
2026-08-01,2026-06-01,2026-08-01,district,KONKAN & GOA,GOA,SOUTH GOA,17.9,30.7,-42.0,D,1354.8,1956.7,-31.0,D,2026-08-09 21:00:32.451444
2026-08-01,2026-06-01,2026-08-01,district,KONKAN & GOA,MAHARASHTRA,MUMBAI CITY,6.4,23.4,-73.0,LD,1620.8,1299.8,25.0,E,2026-08-09 21:00:32.451444
2026-08-01,2026-06-01,2026-08-01,district,KONKAN & GOA,MAHARASHTRA,MUMBAI SUBURBAN,4.7,26.1,-82.0,LD,1906.5,1418.9,34.0,E,2026-08-09 21:00:32.451444
2026-08-01,2026-06-01,2026-08-01,district,KONKAN & GOA,MAHARASHTRA,PALGHAR,26.1,30.3,-14.0,N,2155.4,1325.9,63.0,LE,2026-08-09 21:00:32.451444
2026-08-01,2026-06-01,2026-08-01,district,KONKAN & GOA,MAHARASHTRA,RAIGAD,34.9,38.7,-10.0,N,2233.5,1871.8,19.0,N,2026-08-09 21:00:32.451444
2026-08-01,2026-06-01,2026-08-01,district,KONKAN & GOA,MAHARASHTRA,RATNAGIRI,26.7,38.6,-31.0,D,1864.6,2023.9,-8.0,N,2026-08-09 21:00:32.451444
2026-08-01,2026-06-01,2026-08-01,district,KONKAN & GOA,MAHARASHTRA,SINDHUDURG,14.2,30.2,-53.0,D,1240.1,1961.5,-37.0,D,2026-08-09 21:00:32.451444
2026-08-01,2026-06-01,2026-08-01,district,KONKAN & GOA,MAHARASHTRA,THANE,15.3,31.9,-52.0,D,1579.5,1437.7,10.0,N,2026-08-09 21:00:32.451444
2026-08-01,2026-06-01,2026-08-01,district,LAKSHADWEEP,LAKSHADWEEP,LAKSHADWEEP,41.4,8.3,399.0,LE,430.4,633.2,-32.0,D,2026-08-09 21:00:32.451444
2026-08-01,2026-06-01,2026-08-01,district,MADHYA MAHARASHTRA,MAHARASHTRA,AHMEDNAGAR,7.9,3.3,141.0,LE,204.8,210.8,-3.0,N,2026-08-09 21:00:32.451444
2026-08-01,2026-06-01,2026-08-01,district,MADHYA MAHARASHTRA,MAHARASHTRA,DHULE,41.3,6.2,566.0,LE,374.4,296.8,26.0,E,2026-08-09 21:00:32.451444
2026-08-01,2026-06-01,2026-08-01,district,MADHYA MAHARASHTRA,MAHARASHTRA,JALGAON,80.8,6.1,1224.0,LE,500.4,313.4,60.0,LE,2026-08-09 21:00:32.451444
2026-08-01,2026-06-01,2026-08-01,district,MADHYA MAHARASHTRA,MAHARASHTRA,KOLHAPUR,32.9,20.0,64.0,LE,1033.0,1041.1,-1.0,N,2026-08-09 21:00:32.451444
2026-08-01,2026-06-01,2026-08-01,district,MADHYA MAHARASHTRA,MAHARASHTRA,NANDURBAR,58.5,12.1,383.0,LE,340.6,448.9,-24.0,D,2026-08-09 21:00:32.451444
2026-08-01,2026-06-01,2026-08-01,district,MADHYA MAHARASHTRA,MAHARASHTRA,NASHIK,74.3,11.6,541.0,LE,979.9,472.1,108.0,LE,2026-08-09 21:00:32.451444
2026-08-01,2026-06-01,2026-08-01,district,MADHYA MAHARASHTRA,MAHARASHTRA,PUNE,35.5,11.0,223.0,LE,866.1,508.0,70.0,LE,2026-08-09 21:00:32.451444
2026-08-01,2026-06-01,2026-08-01,district,MADHYA MAHARASHTRA,MAHARASHTRA,SANGLI,13.8,4.1,237.0,LE,263.1,249.4,5.0,N,2026-08-09 21:00:32.451444
2026-08-01,2026-06-01,2026-08-01,district,MADHYA MAHARASHTRA,MAHARASHTRA,SATARA,46.3,9.9,368.0,LE,747.7,479.4,56.0,E,2026-08-09 21:00:32.451444
2026-08-01,2026-06-01,2026-08-01,district,MADHYA MAHARASHTRA,MAHARASHTRA,SHOLAPUR,1.2,2.7,-55.0,D,136.7,190.6,-28.0,D,2026-08-09 21:00:32.451444
2026-08-01,2026-06-01,2026-08-01,district,MARATHWADA,MAHARASHTRA,BEED,0.7,3.5,-79.0,LD,191.7,256.0,-25.0,D,2026-08-09 21:00:32.451444
2026-08-01,2026-06-01,2026-08-01,district,MARATHWADA,MAHARASHTRA,CHHATRAPATI SAMBHAJINAGAR,21.9,4.5,387.0,LE,388.1,270.0,44.0,E,2026-08-09 21:00:32.451444
2026-08-01,2026-06-01,2026-08-01,district,MARATHWADA,MAHARASHTRA,DHARASHIV,1.3,3.5,-62.0,LD,238.0,255.9,-7.0,N,2026-08-09 21:00:32.451444
2026-08-01,2026-06-01,2026-08-01,district,MARATHWADA,MAHARASHTRA,HINGOLI,1.8,7.7,-77.0,LD,275.1,401.8,-32.0,D,2026-08-09 21:00:32.451444
2026-08-01,2026-06-01,2026-08-01,district,MARATHWADA,MAHARASHTRA,JALNA,5.2,3.7,42.0,E,247.1,293.9,-16.0,N,2026-08-09 21:00:32.451444
2026-08-01,2026-06-01,2026-08-01,district,MARATHWADA,MAHARASHTRA,LATUR,1.7,5.0,-65.0,LD,269.4,313.0,-14.0,N,2026-08-09 21:00:32.451444
2026-08-01,2026-06-01,2026-08-01,district,MARATHWADA,MAHARASHTRA,NANDED,2.8,7.4,-62.0,LD,351.0,392.0,-10.0,N,2026-08-09 21:00:32.451444
2026-08-01,2026-06-01,2026-08-01,district,MARATHWADA,MAHARASHTRA,PARBHANI,0.9,5.5,-84.0,LD,288.5,341.5,-16.0,N,2026-08-09 21:00:32.451444
2026-08-01,2026-06-01,2026-08-01,district,N. I. KARNATAKA,KARNATAKA,BAGALKOTE,0.0,2.7,-100.0,NR,164.4,149.3,10.0,N,2026-08-09 21:00:32.451444
2026-08-01,2026-06-01,2026-08-01,district,N. I. KARNATAKA,KARNATAKA,BELAGAVI,8.6,5.3,63.0,LE,416.2,326.2,28.0,E,2026-08-09 21:00:32.451444
2026-08-01,2026-06-01,2026-08-01,district,N. I. KARNATAKA,KARNATAKA,BIDAR,7.4,4.6,62.0,LE,301.9,291.9,3.0,N,2026-08-09 21:00:32.451444
2026-08-01,2026-06-01,2026-08-01,district,N. I. KARNATAKA,KARNATAKA,DHARWAD,3.9,5.1,-23.0,D,172.6,283.4,-39.0,D,2026-08-09 21:00:32.451444
2026-08-01,2026-06-01,2026-08-01,district,N. I. KARNATAKA,KARNATAKA,GADAG,1.2,2.9,-57.0,D,134.1,153.0,-12.0,N,2026-08-09 21:00:32.451444
2026-08-01,2026-06-01,2026-08-01,district,N. I. KARNATAKA,KARNATAKA,HAVERI,7.5,5.5,35.0,E,171.4,275.9,-38.0,D,2026-08-09 21:00:32.451444
2026-08-01,2026-06-01,2026-08-01,district,N. I. KARNATAKA,KARNATAKA,KALABURAGI,0.6,6.1,-91.0,LD,144.3,253.9,-43.0,D,2026-08-09 21:00:32.451444
2026-08-01,2026-06-01,2026-08-01,district,N. I. KARNATAKA,KARNATAKA,KOPPAL,0.5,2.8,-84.0,LD,95.3,148.2,-36.0,D,2026-08-09 21:00:32.451444
2026-08-01,2026-06-01,2026-08-01,district,N. I. KARNATAKA,KARNATAKA,RAICHUR,1.2,3.5,-67.0,LD,150.0,171.3,-12.0,N,2026-08-09 21:00:32.451444
2026-08-01,2026-06-01,2026-08-01,district,N. I. KARNATAKA,KARNATAKA,VIJAYAPURA,1.3,2.6,-49.0,D,139.6,162.5,-14.0,N,2026-08-09 21:00:32.451444
2026-08-01,2026-06-01,2026-08-01,district,N. I. KARNATAKA,KARNATAKA,YADGIR,2.3,5.7,-59.0,D,206.7,222.7,-7.0,N,2026-08-09 21:00:32.451444
2026-08-01,2026-06-01,2026-08-01,district,NMMT,MANIPUR,BISHNUPUR,13.2,6.3,110.0,LE,299.1,643.6,-54.0,D,2026-08-09 21:00:32.451444
2026-08-01,2026-06-01,2026-08-01,district,NMMT,MANIPUR,CHANDEL,1.6,6.3,-75.0,LD,361.3,643.6,-44.0,D,2026-08-09 21:00:32.451444
2026-08-01,2026-06-01,2026-08-01,district,NMMT,MANIPUR,CHURACHANDPUR,0.5,6.3,-92.0,LD,142.0,643.6,-78.0,LD,2026-08-09 21:00:32.451444
2026-08-01,2026-06-01,2026-08-01,district,NMMT,MANIPUR,IMPHAL EAST,0.3,4.3,-94.0,LD,350.0,427.6,-18.0,N,2026-08-09 21:00:32.451444
2026-08-01,2026-06-01,2026-08-01,district,NMMT,MANIPUR,IMPHAL WEST,14.2,11.2,27.0,E,478.8,952.7,-50.0,D,2026-08-09 21:00:32.451444
2026-08-01,2026-06-01,2026-08-01,district,NMMT,MANIPUR,SENAPATI,5.8,9.4,-38.0,D,438.9,435.7,1.0,N,2026-08-09 21:00:32.451444
2026-08-01,2026-06-01,2026-08-01,district,NMMT,MANIPUR,TAMENGLONG,20.5,13.3,54.0,E,1155.0,2569.6,-55.0,D,2026-08-09 21:00:32.451444
2026-08-01,2026-06-01,2026-08-01,district,NMMT,MANIPUR,THOUBAL,0.5,4.3,-88.0,LD,167.1,427.6,-61.0,LD,2026-08-09 21:00:32.451444
2026-08-01,2026-06-01,2026-08-01,district,NMMT,MANIPUR,UKHRUL,0.8,11.5,-93.0,LD,511.1,636.1,-20.0,D,2026-08-09 21:00:32.451444
2026-08-01,2026-06-01,2026-08-01,district,NMMT,MIZORAM,AIZAWL,11.1,12.9,-14.0,N,683.9,826.3,-17.0,N,2026-08-09 21:00:32.451444
2026-08-01,2026-06-01,2026-08-01,district,NMMT,MIZORAM,CHAMPHAI,29.5,12.1,144.0,LE,600.6,687.3,-13.0,N,2026-08-09 21:00:32.451444
2026-08-01,2026-06-01,2026-08-01,district,NMMT,MIZORAM,KOLASIB,9.4,16.3,-43.0,D,689.5,888.2,-22.0,D,2026-08-09 21:00:32.451444
2026-08-01,2026-06-01,2026-08-01,district,NMMT,MIZORAM,LAWNGTLAI,7.8,13.8,-43.0,D,776.4,954.1,-19.0,N,2026-08-09 21:00:32.451444
2026-08-01,2026-06-01,2026-08-01,district,NMMT,MIZORAM,LUNGLEI,20.4,12.0,70.0,LE,724.7,935.8,-23.0,D,2026-08-09 21:00:32.451444
2026-08-01,2026-06-01,2026-08-01,district,NMMT,MIZORAM,MAMIT,13.9,14.5,-4.0,N,433.2,801.4,-46.0,D,2026-08-09 21:00:32.451444
2026-08-01,2026-06-01,2026-08-01,district,NMMT,MIZORAM,SAIHA,14.0,12.2,15.0,N,630.1,970.4,-35.0,D,2026-08-09 21:00:32.451444
2026-08-01,2026-06-01,2026-08-01,district,NMMT,MIZORAM,SERCHHIP,32.2,13.2,144.0,LE,828.3,843.5,-2.0,N,2026-08-09 21:00:32.451444
2026-08-01,2026-06-01,2026-08-01,district,NMMT,NAGALAND,DIMAPUR,8.3,8.3,0.0,N,287.5,443.0,-35.0,D,2026-08-09 21:00:32.451444
2026-08-01,2026-06-01,2026-08-01,district,NMMT,NAGALAND,KIPHIRE,29.1,4.9,494.0,LE,458.9,330.5,39.0,E,2026-08-09 21:00:32.451444
2026-08-01,2026-06-01,2026-08-01,district,NMMT,NAGALAND,KOHIMA,5.0,10.5,-53.0,D,597.6,626.9,-5.0,N,2026-08-09 21:00:32.451444
2026-08-01,2026-06-01,2026-08-01,district,NMMT,NAGALAND,MOKOKCHUNG,22.5,9.5,137.0,LE,909.0,782.8,16.0,N,2026-08-09 21:00:32.451444
2026-08-01,2026-06-01,2026-08-01,district,NMMT,NAGALAND,MON,40.2,5.3,658.0,LE,339.3,636.9,-47.0,D,2026-08-09 21:00:32.451444
2026-08-01,2026-06-01,2026-08-01,district,NMMT,NAGALAND,PEREN,4.0,7.2,-44.0,D,397.7,485.9,-18.0,N,2026-08-09 21:00:32.451444
2026-08-01,2026-06-01,2026-08-01,district,NMMT,NAGALAND,PHEK,30.1,7.8,286.0,LE,381.0,463.1,-18.0,N,2026-08-09 21:00:32.451444
2026-08-01,2026-06-01,2026-08-01,district,NMMT,NAGALAND,WOKHA,8.8,11.9,-26.0,D,605.0,669.7,-10.0,N,2026-08-09 21:00:32.451444
2026-08-01,2026-06-01,2026-08-01,district,NMMT,NAGALAND,ZUNHEBOTO,5.5,11.0,-50.0,D,964.4,602.0,60.0,LE,2026-08-09 21:00:32.451444
2026-08-01,2026-06-01,2026-08-01,district,NMMT,TRIPURA,DHALAI,0.7,9.0,-92.0,LD,735.9,761.8,-3.0,N,2026-08-09 21:00:32.451444
2026-08-01,2026-06-01,2026-08-01,district,NMMT,TRIPURA,GOMATI,6.2,13.7,-54.0,D,619.4,840.8,-26.0,D,2026-08-09 21:00:32.451444
2026-08-01,2026-06-01,2026-08-01,district,NMMT,TRIPURA,KHOWAI,0.0,11.3,-100.0,NR,769.7,766.7,0.0,N,2026-08-09 21:00:32.451444
2026-08-01,2026-06-01,2026-08-01,district,NMMT,TRIPURA,NORTH TRIPURA,3.6,8.6,-58.0,D,666.0,755.6,-12.0,N,2026-08-09 21:00:32.451444
2026-08-01,2026-06-01,2026-08-01,district,NMMT,TRIPURA,SIPAHIJALA,4.8,9.1,-47.0,D,651.1,796.0,-18.0,N,2026-08-09 21:00:32.451444
2026-08-01,2026-06-01,2026-08-01,district,NMMT,TRIPURA,SOUTH TRIPURA,0.1,11.5,-99.0,LD,702.6,1039.9,-32.0,D,2026-08-09 21:00:32.451444
2026-08-01,2026-06-01,2026-08-01,district,NMMT,TRIPURA,UNAKOTI,8.6,8.4,3.0,N,855.0,813.2,5.0,N,2026-08-09 21:00:32.451444
2026-08-01,2026-06-01,2026-08-01,district,NMMT,TRIPURA,WEST TRIPURA,12.5,9.7,28.0,E,750.5,718.6,4.0,N,2026-08-09 21:00:32.451444
2026-08-01,2026-06-01,2026-08-01,district,ODISHA,ODISHA,ANGUL,7.5,9.0,-17.0,N,832.9,550.5,51.0,E,2026-08-09 21:00:32.451444
2026-08-01,2026-06-01,2026-08-01,district,ODISHA,ODISHA,BALANGIR,0.0,10.6,-100.0,NR,916.0,544.6,68.0,LE,2026-08-09 21:00:32.451444
2026-08-01,2026-06-01,2026-08-01,district,ODISHA,ODISHA,BALASORE,13.1,8.6,52.0,E,867.4,570.9,52.0,E,2026-08-09 21:00:32.451444
2026-08-01,2026-06-01,2026-08-01,district,ODISHA,ODISHA,BARGARH,0.0,7.8,-100.0,NR,1187.8,602.1,97.0,LE,2026-08-09 21:00:32.451444
2026-08-01,2026-06-01,2026-08-01,district,ODISHA,ODISHA,BHADRAK,4.3,9.3,-54.0,D,751.0,506.2,48.0,E,2026-08-09 21:00:32.451444
2026-08-01,2026-06-01,2026-08-01,district,ODISHA,ODISHA,BOUDH,0.5,9.6,-95.0,LD,1258.7,500.8,151.0,LE,2026-08-09 21:00:32.451444
2026-08-01,2026-06-01,2026-08-01,district,ODISHA,ODISHA,CUTTACK,0.0,12.4,-100.0,NR,854.2,538.6,59.0,E,2026-08-09 21:00:32.451444
2026-08-01,2026-06-01,2026-08-01,district,ODISHA,ODISHA,DEOGARH,3.3,10.5,-68.0,LD,701.8,567.5,24.0,E,2026-08-09 21:00:32.451444
2026-08-01,2026-06-01,2026-08-01,district,ODISHA,ODISHA,DHENKANAL,0.0,8.6,-100.0,NR,918.5,539.0,70.0,LE,2026-08-09 21:00:32.451444
2026-08-01,2026-06-01,2026-08-01,district,ODISHA,ODISHA,GAJAPATI,0.3,7.1,-96.0,LD,296.8,437.7,-32.0,D,2026-08-09 21:00:32.451444
2026-08-01,2026-06-01,2026-08-01,district,ODISHA,ODISHA,GANJAM,4.0,7.1,-43.0,D,349.1,417.6,-16.0,N,2026-08-09 21:00:32.451444
2026-08-01,2026-06-01,2026-08-01,district,ODISHA,ODISHA,JAGATSINGHPUR,0.0,12.3,-100.0,NR,791.8,466.6,70.0,LE,2026-08-09 21:00:32.451444
2026-08-01,2026-06-01,2026-08-01,district,ODISHA,ODISHA,JAJPUR,1.1,12.2,-91.0,LD,769.7,583.1,32.0,E,2026-08-09 21:00:32.451444
2026-08-01,2026-06-01,2026-08-01,district,ODISHA,ODISHA,JHARSUGUDA,1.1,10.9,-90.0,LD,695.6,579.1,20.0,E,2026-08-09 21:00:32.451444
2026-08-01,2026-06-01,2026-08-01,district,ODISHA,ODISHA,KALAHANDI,0.0,13.0,-100.0,NR,607.4,691.9,-12.0,N,2026-08-09 21:00:32.451444
2026-08-01,2026-06-01,2026-08-01,district,ODISHA,ODISHA,KANDHAMAL,2.8,8.4,-66.0,LD,832.9,540.1,54.0,E,2026-08-09 21:00:32.451444
2026-08-01,2026-06-01,2026-08-01,district,ODISHA,ODISHA,KENDRAPARA,2.2,10.9,-80.0,LD,899.9,503.5,79.0,LE,2026-08-09 21:00:32.451444
2026-08-01,2026-06-01,2026-08-01,district,ODISHA,ODISHA,KEONJHARGARH,1.1,8.6,-88.0,LD,853.2,561.3,52.0,E,2026-08-09 21:00:32.451444
2026-08-01,2026-06-01,2026-08-01,district,ODISHA,ODISHA,KHURDA,0.0,14.5,-100.0,NR,659.5,515.5,28.0,E,2026-08-09 21:00:32.451444
2026-08-01,2026-06-01,2026-08-01,district,ODISHA,ODISHA,KORAPUT,2.2,13.0,-83.0,LD,595.8,591.5,1.0,N,2026-08-09 21:00:32.451444
2026-08-01,2026-06-01,2026-08-01,district,ODISHA,ODISHA,MALKANGIRI,0.8,10.6,-93.0,LD,485.3,610.2,-20.0,D,2026-08-09 21:00:32.451444
2026-08-01,2026-06-01,2026-08-01,district,ODISHA,ODISHA,MAYURBHANJ,4.6,9.0,-49.0,D,703.4,602.9,17.0,N,2026-08-09 21:00:32.451444
2026-08-01,2026-06-01,2026-08-01,district,ODISHA,ODISHA,NAWAPARA,1.0,8.1,-88.0,LD,764.5,513.8,49.0,E,2026-08-09 21:00:32.451444
2026-08-01,2026-06-01,2026-08-01,district,ODISHA,ODISHA,NAWARANGPUR,0.2,9.2,-98.0,LD,490.1,673.3,-27.0,D,2026-08-09 21:00:32.451444
2026-08-01,2026-06-01,2026-08-01,district,ODISHA,ODISHA,NAYAGARH,2.3,13.4,-83.0,LD,697.8,540.9,29.0,E,2026-08-09 21:00:32.451444
2026-08-01,2026-06-01,2026-08-01,district,ODISHA,ODISHA,PURI,0.6,13.0,-96.0,LD,751.7,456.6,65.0,LE,2026-08-09 21:00:32.451444
2026-08-01,2026-06-01,2026-08-01,district,ODISHA,ODISHA,RAYAGADA,2.8,7.1,-60.0,LD,430.8,490.5,-12.0,N,2026-08-09 21:00:32.451444
2026-08-01,2026-06-01,2026-08-01,district,ODISHA,ODISHA,SAMBALPUR,3.9,10.1,-62.0,LD,929.5,621.2,50.0,E,2026-08-09 21:00:32.451444
2026-08-01,2026-06-01,2026-08-01,district,ODISHA,ODISHA,SONEPUR,1.7,8.9,-81.0,LD,1300.8,581.0,124.0,LE,2026-08-09 21:00:32.451444
2026-08-01,2026-06-01,2026-08-01,district,ODISHA,ODISHA,SUNDARGARH,1.5,10.7,-86.0,LD,693.0,602.6,15.0,N,2026-08-09 21:00:32.451444
2026-08-01,2026-06-01,2026-08-01,district,PUNJAB,PUNJAB,AMRITSAR,5.2,12.6,-59.0,D,257.1,234.6,10.0,N,2026-08-09 21:00:32.451444
2026-08-01,2026-06-01,2026-08-01,district,PUNJAB,PUNJAB,BARNALA,0.0,10.3,-100.0,NR,56.2,183.7,-69.0,LD,2026-08-09 21:00:32.451444
2026-08-01,2026-06-01,2026-08-01,district,PUNJAB,PUNJAB,BHATINDA,0.0,5.1,-100.0,NR,69.8,154.8,-55.0,D,2026-08-09 21:00:32.451444
2026-08-01,2026-06-01,2026-08-01,district,PUNJAB,PUNJAB,FARIDKOT,0.0,3.5,-100.0,NR,186.4,160.6,16.0,N,2026-08-09 21:00:32.451444
2026-08-01,2026-06-01,2026-08-01,district,PUNJAB,PUNJAB,FATEHGARH SAHIB,0.1,6.4,-99.0,LD,65.0,251.5,-74.0,LD,2026-08-09 21:00:32.451444
2026-08-01,2026-06-01,2026-08-01,district,PUNJAB,PUNJAB,FAZILKA,0.0,2.8,-100.0,NR,77.0,141.3,-46.0,D,2026-08-09 21:00:32.451444
2026-08-01,2026-06-01,2026-08-01,district,PUNJAB,PUNJAB,FEROZEPUR,0.0,4.3,-100.0,NR,107.1,132.3,-19.0,N,2026-08-09 21:00:32.451444
2026-08-01,2026-06-01,2026-08-01,district,PUNJAB,PUNJAB,GURDASPUR,18.6,9.8,90.0,LE,462.5,314.9,47.0,E,2026-08-09 21:00:32.451444
2026-08-01,2026-06-01,2026-08-01,district,PUNJAB,PUNJAB,HOSHIARPUR,0.3,6.6,-96.0,LD,89.6,307.9,-71.0,LD,2026-08-09 21:00:32.451444
2026-08-01,2026-06-01,2026-08-01,district,PUNJAB,PUNJAB,JALANDHAR,0.0,9.2,-99.0,LD,167.2,266.4,-37.0,D,2026-08-09 21:00:32.451444
2026-08-01,2026-06-01,2026-08-01,district,PUNJAB,PUNJAB,KAPURTHALA,0.0,8.5,-100.0,NR,108.2,225.6,-52.0,D,2026-08-09 21:00:32.451444
2026-08-01,2026-06-01,2026-08-01,district,PUNJAB,PUNJAB,LUDHIANA,0.0,6.4,-99.0,LD,165.5,231.3,-28.0,D,2026-08-09 21:00:32.451444
2026-08-01,2026-06-01,2026-08-01,district,PUNJAB,PUNJAB,MANSA,0.0,7.9,-100.0,NR,34.2,138.6,-75.0,LD,2026-08-09 21:00:32.451444
2026-08-01,2026-06-01,2026-08-01,district,PUNJAB,PUNJAB,MOGA,0.0,3.3,-100.0,NR,103.3,142.5,-28.0,D,2026-08-09 21:00:32.451444
2026-08-01,2026-06-01,2026-08-01,district,PUNJAB,PUNJAB,MUKTSAR,0.0,2.1,-100.0,NR,69.2,171.4,-60.0,LD,2026-08-09 21:00:32.451444
2026-08-01,2026-06-01,2026-08-01,district,PUNJAB,PUNJAB,PATHANKOT,27.3,15.3,78.0,LE,603.4,465.6,30.0,E,2026-08-09 21:00:32.451444
2026-08-01,2026-06-01,2026-08-01,district,PUNJAB,PUNJAB,PATIALA,0.3,10.8,-98.0,LD,115.1,267.2,-57.0,D,2026-08-09 21:00:32.451444
2026-08-01,2026-06-01,2026-08-01,district,PUNJAB,PUNJAB,RUPNAGAR,0.0,7.3,-100.0,NR,221.1,392.8,-44.0,D,2026-08-09 21:00:32.451444
2026-08-01,2026-06-01,2026-08-01,district,PUNJAB,PUNJAB,SANGRUR,0.0,11.0,-100.0,NR,82.6,192.2,-57.0,D,2026-08-09 21:00:32.451444
2026-08-01,2026-06-01,2026-08-01,district,PUNJAB,PUNJAB,SAS NAGAR (MOHALI),0.0,5.9,-100.0,NR,142.7,307.8,-54.0,D,2026-08-09 21:00:32.451444
2026-08-01,2026-06-01,2026-08-01,district,PUNJAB,PUNJAB,SBS NAGAR,0.0,13.9,-99.0,LD,197.5,402.5,-51.0,D,2026-08-09 21:00:32.451444
2026-08-01,2026-06-01,2026-08-01,district,PUNJAB,PUNJAB,TARN TARAN,0.3,8.3,-96.0,LD,107.4,143.2,-25.0,D,2026-08-09 21:00:32.451444
2026-08-01,2026-06-01,2026-08-01,district,RAYALASEEMA,ANDHRA PRADESH,ANANTAPURAMU,0.1,2.1,-93.0,LD,115.2,128.7,-10.0,N,2026-08-09 21:00:32.451444
2026-08-01,2026-06-01,2026-08-01,district,RAYALASEEMA,ANDHRA PRADESH,ANNAMAYYA DISTRICT,0.6,3.3,-82.0,LD,54.9,158.8,-65.0,LD,2026-08-09 21:00:32.451444
2026-08-01,2026-06-01,2026-08-01,district,RAYALASEEMA,ANDHRA PRADESH,CHITTOOR,0.0,3.0,-100.0,NR,90.7,188.8,-52.0,D,2026-08-09 21:00:32.451444
2026-08-01,2026-06-01,2026-08-01,district,RAYALASEEMA,ANDHRA PRADESH,KURNOOL,0.5,4.1,-87.0,LD,151.6,186.2,-19.0,N,2026-08-09 21:00:32.451444
2026-08-01,2026-06-01,2026-08-01,district,RAYALASEEMA,ANDHRA PRADESH,NANDYAL,0.5,5.5,-91.0,LD,154.6,221.7,-30.0,D,2026-08-09 21:00:32.451444
2026-08-01,2026-06-01,2026-08-01,district,RAYALASEEMA,ANDHRA PRADESH,SRI SATHYASAI DISTRICT,0.0,2.8,-100.0,NR,85.3,124.4,-31.0,D,2026-08-09 21:00:32.451444
2026-08-01,2026-06-01,2026-08-01,district,RAYALASEEMA,ANDHRA PRADESH,TIRUPATI,3.1,4.3,-29.0,D,117.0,190.7,-39.0,D,2026-08-09 21:00:32.451444
2026-08-01,2026-06-01,2026-08-01,district,RAYALASEEMA,ANDHRA PRADESH,YSR DISTRICT,0.0,3.1,-100.0,NR,81.7,163.5,-50.0,D,2026-08-09 21:00:32.451444
2026-08-01,2026-06-01,2026-08-01,district,S. I. KARNATAKA,KARNATAKA,BALLARI,1.0,3.0,-67.0,LD,80.7,140.2,-42.0,D,2026-08-09 21:00:32.451444
2026-08-01,2026-06-01,2026-08-01,district,S. I. KARNATAKA,KARNATAKA,BENGALURU RURAL,0.0,2.9,-100.0,NR,114.6,162.0,-29.0,D,2026-08-09 21:00:32.451444
2026-08-01,2026-06-01,2026-08-01,district,S. I. KARNATAKA,KARNATAKA,BENGALURU URBAN,0.1,3.2,-98.0,LD,68.7,164.5,-58.0,D,2026-08-09 21:00:32.451444
2026-08-01,2026-06-01,2026-08-01,district,S. I. KARNATAKA,KARNATAKA,CHAMARAJANAGAR,2.3,2.5,-7.0,N,109.0,136.7,-20.0,D,2026-08-09 21:00:32.451444
2026-08-01,2026-06-01,2026-08-01,district,S. I. KARNATAKA,KARNATAKA,CHIKABALLAPURA,0.7,5.1,-87.0,LD,121.0,156.4,-23.0,D,2026-08-09 21:00:32.451444
2026-08-01,2026-06-01,2026-08-01,district,S. I. KARNATAKA,KARNATAKA,CHIKKAMAGALURU,85.3,18.2,368.0,LE,891.4,903.5,-1.0,N,2026-08-09 21:00:32.451444
2026-08-01,2026-06-01,2026-08-01,district,S. I. KARNATAKA,KARNATAKA,CHITRADURGA,1.2,2.4,-52.0,D,78.4,116.0,-32.0,D,2026-08-09 21:00:32.451444
2026-08-01,2026-06-01,2026-08-01,district,S. I. KARNATAKA,KARNATAKA,DAVANGERE,4.4,3.6,23.0,E,131.9,177.8,-26.0,D,2026-08-09 21:00:32.451444
2026-08-01,2026-06-01,2026-08-01,district,S. I. KARNATAKA,KARNATAKA,HASSAN,9.1,6.7,35.0,E,158.5,379.5,-58.0,D,2026-08-09 21:00:32.451444
2026-08-01,2026-06-01,2026-08-01,district,S. I. KARNATAKA,KARNATAKA,KODAGU,65.8,25.3,160.0,LE,1022.2,1436.1,-29.0,D,2026-08-09 21:00:32.451444
2026-08-01,2026-06-01,2026-08-01,district,S. I. KARNATAKA,KARNATAKA,KOLAR,0.2,3.1,-94.0,LD,69.0,156.4,-56.0,D,2026-08-09 21:00:32.451444
2026-08-01,2026-06-01,2026-08-01,district,S. I. KARNATAKA,KARNATAKA,MANDYA,1.8,2.1,-14.0,N,71.4,111.8,-36.0,D,2026-08-09 21:00:32.451444
2026-08-01,2026-06-01,2026-08-01,district,S. I. KARNATAKA,KARNATAKA,MYSURU,2.0,2.9,-31.0,D,99.2,184.1,-46.0,D,2026-08-09 21:00:32.451444
2026-08-01,2026-06-01,2026-08-01,district,S. I. KARNATAKA,KARNATAKA,RAMANAGARA,0.0,3.1,-100.0,NR,19.0,165.1,-88.0,LD,2026-08-09 21:00:32.451444
2026-08-01,2026-06-01,2026-08-01,district,S. I. KARNATAKA,KARNATAKA,SHIVAMOGGA,75.8,21.1,259.0,LE,951.9,1006.9,-5.0,N,2026-08-09 21:00:32.451444
2026-08-01,2026-06-01,2026-08-01,district,S. I. KARNATAKA,KARNATAKA,TUMAKURU,0.6,3.6,-84.0,LD,76.8,138.6,-45.0,D,2026-08-09 21:00:32.451444
2026-08-01,2026-06-01,2026-08-01,district,S. I. KARNATAKA,KARNATAKA,VIJAYANAGARA,2.0,2.6,-23.0,D,78.5,153.2,-49.0,D,2026-08-09 21:00:32.451444
2026-08-01,2026-06-01,2026-08-01,district,SAURASHTRA & KUTCH,DADRA & NAGAR HAVELI AND DAMAN & DIU (UT),DIU,12.8,11.3,13.0,N,617.0,494.6,25.0,E,2026-08-09 21:00:32.451444
2026-08-01,2026-06-01,2026-08-01,district,SAURASHTRA & KUTCH,GUJARAT,AMRELI,48.9,8.0,511.0,LE,467.9,336.2,39.0,E,2026-08-09 21:00:32.451444
2026-08-01,2026-06-01,2026-08-01,district,SAURASHTRA & KUTCH,GUJARAT,BHAVNAGAR,76.9,6.4,1102.0,LE,422.0,318.0,33.0,E,2026-08-09 21:00:32.451444
2026-08-01,2026-06-01,2026-08-01,district,SAURASHTRA & KUTCH,GUJARAT,BOTAD,86.9,9.1,855.0,LE,405.8,294.5,38.0,E,2026-08-09 21:00:32.451444
2026-08-01,2026-06-01,2026-08-01,district,SAURASHTRA & KUTCH,GUJARAT,DEVBHOOMI DWARKA,7.5,7.5,1.0,N,43.8,319.5,-86.0,LD,2026-08-09 21:00:32.451444
2026-08-01,2026-06-01,2026-08-01,district,SAURASHTRA & KUTCH,GUJARAT,GIR SOMNATH,11.3,12.4,-9.0,N,453.0,554.2,-18.0,N,2026-08-09 21:00:32.451444
2026-08-01,2026-06-01,2026-08-01,district,SAURASHTRA & KUTCH,GUJARAT,JAMNAGAR,24.3,8.0,204.0,LE,182.8,351.5,-48.0,D,2026-08-09 21:00:32.451444
2026-08-01,2026-06-01,2026-08-01,district,SAURASHTRA & KUTCH,GUJARAT,JUNAGADH,20.6,16.0,29.0,E,570.4,540.7,5.0,N,2026-08-09 21:00:32.451444
2026-08-01,2026-06-01,2026-08-01,district,SAURASHTRA & KUTCH,GUJARAT,KUTCH,12.6,2.9,333.0,LE,102.0,205.5,-50.0,D,2026-08-09 21:00:32.451444
2026-08-01,2026-06-01,2026-08-01,district,SAURASHTRA & KUTCH,GUJARAT,MORBI,43.8,4.9,794.0,LE,311.2,299.5,4.0,N,2026-08-09 21:00:32.451444
2026-08-01,2026-06-01,2026-08-01,district,SAURASHTRA & KUTCH,GUJARAT,PORBANDAR,5.0,8.9,-44.0,D,146.7,411.6,-64.0,LD,2026-08-09 21:00:32.451444
2026-08-01,2026-06-01,2026-08-01,district,SAURASHTRA & KUTCH,GUJARAT,RAJKOT,31.9,9.2,247.0,LE,309.3,360.3,-14.0,N,2026-08-09 21:00:32.451444
2026-08-01,2026-06-01,2026-08-01,district,SAURASHTRA & KUTCH,GUJARAT,SURENDRANAGAR,94.3,6.8,1287.0,LE,400.2,274.7,46.0,E,2026-08-09 21:00:32.451444
2026-08-01,2026-06-01,2026-08-01,district,SHWB & SIKKIM,SIKKIM,GANGTOK,0.1,16.9,-99.0,LD,1116.9,1231.8,-9.0,N,2026-08-09 21:00:32.451444
2026-08-01,2026-06-01,2026-08-01,district,SHWB & SIKKIM,SIKKIM,GYALSHING,27.9,17.2,62.0,LE,1248.1,993.5,26.0,E,2026-08-09 21:00:32.451444
2026-08-01,2026-06-01,2026-08-01,district,SHWB & SIKKIM,SIKKIM,MANGAN,14.5,17.9,-19.0,N,788.2,860.8,-8.0,N,2026-08-09 21:00:32.451444
2026-08-01,2026-06-01,2026-08-01,district,SHWB & SIKKIM,SIKKIM,NAMCHI,0.0,13.2,-100.0,NR,1131.1,907.3,25.0,E,2026-08-09 21:00:32.451444
2026-08-01,2026-06-01,2026-08-01,district,SHWB & SIKKIM,SIKKIM,Pakyong,2.3,12.5,-82.0,LD,985.7,889.6,11.0,N,2026-08-09 21:00:32.451444
2026-08-01,2026-06-01,2026-08-01,district,SHWB & SIKKIM,SIKKIM,Soreng,12.0,17.2,-30.0,D,1232.5,993.5,24.0,E,2026-08-09 21:00:32.451444
2026-08-01,2026-06-01,2026-08-01,district,SHWB & SIKKIM,WEST BENGAL,ALIPURDUAR,40.0,20.7,93.0,LE,1753.4,1781.1,-2.0,N,2026-08-09 21:00:32.451444
2026-08-01,2026-06-01,2026-08-01,district,SHWB & SIKKIM,WEST BENGAL,COOCH BEHAR,24.0,12.2,97.0,LE,1303.6,1334.1,-2.0,N,2026-08-09 21:00:32.451444
2026-08-01,2026-06-01,2026-08-01,district,SHWB & SIKKIM,WEST BENGAL,DARJEELING,18.9,21.2,-11.0,N,1396.9,1570.6,-11.0,N,2026-08-09 21:00:32.451444
2026-08-01,2026-06-01,2026-08-01,district,SHWB & SIKKIM,WEST BENGAL,JALPAIGURI,35.9,22.2,61.0,LE,1426.8,1708.4,-16.0,N,2026-08-09 21:00:32.451444
2026-08-01,2026-06-01,2026-08-01,district,SHWB & SIKKIM,WEST BENGAL,KALIMPONG,1.7,19.6,-91.0,LD,1164.2,1365.6,-15.0,N,2026-08-09 21:00:32.451444
2026-08-01,2026-06-01,2026-08-01,district,SHWB & SIKKIM,WEST BENGAL,MALDA,5.1,11.3,-55.0,D,498.6,587.9,-15.0,N,2026-08-09 21:00:32.451444
2026-08-01,2026-06-01,2026-08-01,district,SHWB & SIKKIM,WEST BENGAL,NORTH DINAJPUR,0.0,6.6,-100.0,NR,573.2,784.9,-27.0,D,2026-08-09 21:00:32.451444
2026-08-01,2026-06-01,2026-08-01,district,SHWB & SIKKIM,WEST BENGAL,SOUTH DINAJPUR,2.5,4.3,-42.0,D,588.0,585.9,0.0,N,2026-08-09 21:00:32.451444
2026-08-01,2026-06-01,2026-08-01,district,TAMIL. PUDU.& KARAIKAL,PUDUCHERRY (UT),KARAIKAL,0.0,2.4,-100.0,NR,84.4,106.3,-21.0,D,2026-08-09 21:00:32.451444
2026-08-01,2026-06-01,2026-08-01,district,TAMIL. PUDU.& KARAIKAL,PUDUCHERRY (UT),PUDUCHERRY,0.0,3.3,-100.0,NR,14.3,131.0,-89.0,LD,2026-08-09 21:00:32.451444
2026-08-01,2026-06-01,2026-08-01,district,TAMIL. PUDU.& KARAIKAL,TAMILNADU,ARIYALUR,0.0,2.4,-100.0,NR,89.2,95.6,-7.0,N,2026-08-09 21:00:32.451444
2026-08-01,2026-06-01,2026-08-01,district,TAMIL. PUDU.& KARAIKAL,TAMILNADU,CHENGALPATTU,0.1,3.6,-98.0,LD,42.3,150.5,-72.0,LD,2026-08-09 21:00:32.451444
2026-08-01,2026-06-01,2026-08-01,district,TAMIL. PUDU.& KARAIKAL,TAMILNADU,CHENNAI,0.0,5.1,-100.0,NR,114.6,177.0,-35.0,D,2026-08-09 21:00:32.451444
2026-08-01,2026-06-01,2026-08-01,district,TAMIL. PUDU.& KARAIKAL,TAMILNADU,COIMBATORE,20.0,7.4,170.0,LE,407.6,400.2,2.0,N,2026-08-09 21:00:32.451444
2026-08-01,2026-06-01,2026-08-01,district,TAMIL. PUDU.& KARAIKAL,TAMILNADU,CUDDALORE,2.8,2.2,26.0,E,121.0,117.9,3.0,N,2026-08-09 21:00:32.451444
2026-08-01,2026-06-01,2026-08-01,district,TAMIL. PUDU.& KARAIKAL,TAMILNADU,DHARMAPURI,0.0,2.6,-100.0,NR,106.8,124.2,-14.0,N,2026-08-09 21:00:32.451444
2026-08-01,2026-06-01,2026-08-01,district,TAMIL. PUDU.& KARAIKAL,TAMILNADU,DINDIGUL,0.4,3.0,-87.0,LD,73.5,94.5,-22.0,D,2026-08-09 21:00:32.451444
2026-08-01,2026-06-01,2026-08-01,district,TAMIL. PUDU.& KARAIKAL,TAMILNADU,ERODE,0.0,1.7,-98.0,LD,74.8,94.0,-20.0,D,2026-08-09 21:00:32.451444
2026-08-01,2026-06-01,2026-08-01,district,TAMIL. PUDU.& KARAIKAL,TAMILNADU,KALLAKURICHI,0.4,2.2,-80.0,LD,89.0,131.1,-32.0,D,2026-08-09 21:00:32.451444
2026-08-01,2026-06-01,2026-08-01,district,TAMIL. PUDU.& KARAIKAL,TAMILNADU,KANCHEEPURAM,0.0,3.1,-100.0,NR,88.5,178.7,-50.0,D,2026-08-09 21:00:32.451444
2026-08-01,2026-06-01,2026-08-01,district,TAMIL. PUDU.& KARAIKAL,TAMILNADU,KANYAKUMARI,63.1,4.4,1335.0,LE,336.7,287.4,17.0,N,2026-08-09 21:00:32.451444
2026-08-01,2026-06-01,2026-08-01,district,TAMIL. PUDU.& KARAIKAL,TAMILNADU,KARUR,0.0,1.5,-100.0,NR,33.0,51.6,-36.0,D,2026-08-09 21:00:32.451444
2026-08-01,2026-06-01,2026-08-01,district,TAMIL. PUDU.& KARAIKAL,TAMILNADU,KRISHNAGIRI,0.1,3.1,-96.0,LD,92.2,113.3,-19.0,N,2026-08-09 21:00:32.451444
2026-08-01,2026-06-01,2026-08-01,district,TAMIL. PUDU.& KARAIKAL,TAMILNADU,MADURAI,0.5,2.8,-83.0,LD,72.4,98.2,-26.0,D,2026-08-09 21:00:32.451444
2026-08-01,2026-06-01,2026-08-01,district,TAMIL. PUDU.& KARAIKAL,TAMILNADU,MAYILADUTHURAI,0.0,4.6,-100.0,NR,61.3,96.7,-37.0,D,2026-08-09 21:00:32.451444
2026-08-01,2026-06-01,2026-08-01,district,TAMIL. PUDU.& KARAIKAL,TAMILNADU,NAGAPATTINAM,0.0,3.1,-100.0,NR,39.7,84.6,-53.0,D,2026-08-09 21:00:32.451444
2026-08-01,2026-06-01,2026-08-01,district,TAMIL. PUDU.& KARAIKAL,TAMILNADU,NAMAKKAL,0.0,3.1,-100.0,NR,42.7,103.6,-59.0,D,2026-08-09 21:00:32.451444
2026-08-01,2026-06-01,2026-08-01,district,TAMIL. PUDU.& KARAIKAL,TAMILNADU,NILGIRIS,4.7,8.7,-46.0,D,316.6,450.0,-30.0,D,2026-08-09 21:00:32.451444
2026-08-01,2026-06-01,2026-08-01,district,TAMIL. PUDU.& KARAIKAL,TAMILNADU,PERAMBALUR,1.8,1.6,14.0,N,80.9,74.6,9.0,N,2026-08-09 21:00:32.451444
2026-08-01,2026-06-01,2026-08-01,district,TAMIL. PUDU.& KARAIKAL,TAMILNADU,PUDUKKOTTAI,6.7,2.1,221.0,LE,101.0,98.5,3.0,N,2026-08-09 21:00:32.451444
2026-08-01,2026-06-01,2026-08-01,district,TAMIL. PUDU.& KARAIKAL,TAMILNADU,RAMANATHAPURAM,0.0,1.4,-100.0,NR,10.3,41.8,-75.0,LD,2026-08-09 21:00:32.451444
2026-08-01,2026-06-01,2026-08-01,district,TAMIL. PUDU.& KARAIKAL,TAMILNADU,RANIPET,0.0,4.1,-100.0,NR,83.7,182.4,-54.0,D,2026-08-09 21:00:32.451444
2026-08-01,2026-06-01,2026-08-01,district,TAMIL. PUDU.& KARAIKAL,TAMILNADU,SALEM,0.5,3.9,-86.0,LD,100.5,141.4,-29.0,D,2026-08-09 21:00:32.451444
2026-08-01,2026-06-01,2026-08-01,district,TAMIL. PUDU.& KARAIKAL,TAMILNADU,SIVAGANGA,3.6,3.0,20.0,E,97.7,122.6,-20.0,D,2026-08-09 21:00:32.451444
2026-08-01,2026-06-01,2026-08-01,district,TAMIL. PUDU.& KARAIKAL,TAMILNADU,TENKASI,38.7,1.5,2482.0,LE,127.1,90.0,41.0,E,2026-08-09 21:00:32.451444
2026-08-01,2026-06-01,2026-08-01,district,TAMIL. PUDU.& KARAIKAL,TAMILNADU,THANJAVUR,4.5,3.4,32.0,E,82.0,95.7,-14.0,N,2026-08-09 21:00:32.451444
2026-08-01,2026-06-01,2026-08-01,district,TAMIL. PUDU.& KARAIKAL,TAMILNADU,THENI,22.0,2.4,818.0,LE,109.1,83.9,30.0,E,2026-08-09 21:00:32.451444
2026-08-01,2026-06-01,2026-08-01,district,TAMIL. PUDU.& KARAIKAL,TAMILNADU,THIRUCHIRAPALLI,0.1,3.5,-97.0,LD,68.6,78.1,-12.0,N,2026-08-09 21:00:32.451444
2026-08-01,2026-06-01,2026-08-01,district,TAMIL. PUDU.& KARAIKAL,TAMILNADU,THIRUVALLUR,0.0,5.2,-100.0,NR,130.9,183.7,-29.0,D,2026-08-09 21:00:32.451444
2026-08-01,2026-06-01,2026-08-01,district,TAMIL. PUDU.& KARAIKAL,TAMILNADU,THOOTHUKUDI,0.8,0.6,27.0,E,7.9,17.4,-55.0,D,2026-08-09 21:00:32.451444
2026-08-01,2026-06-01,2026-08-01,district,TAMIL. PUDU.& KARAIKAL,TAMILNADU,TIRUNELVELI,64.3,0.6,10611.0,LE,322.2,40.0,705.0,LE,2026-08-09 21:00:32.451444
2026-08-01,2026-06-01,2026-08-01,district,TAMIL. PUDU.& KARAIKAL,TAMILNADU,TIRUPATTUR,0.1,3.9,-98.0,LD,62.7,154.0,-59.0,D,2026-08-09 21:00:32.451444
2026-08-01,2026-06-01,2026-08-01,district,TAMIL. PUDU.& KARAIKAL,TAMILNADU,TIRUPPUR,0.0,1.6,-100.0,NR,20.6,43.9,-53.0,D,2026-08-09 21:00:32.451444
2026-08-01,2026-06-01,2026-08-01,district,TAMIL. PUDU.& KARAIKAL,TAMILNADU,TIRUVANNAMALAI,0.0,3.5,-100.0,NR,80.4,158.0,-49.0,D,2026-08-09 21:00:32.451444
2026-08-01,2026-06-01,2026-08-01,district,TAMIL. PUDU.& KARAIKAL,TAMILNADU,TIRUVARUR,1.9,4.0,-52.0,D,71.6,97.4,-27.0,D,2026-08-09 21:00:32.451444
2026-08-01,2026-06-01,2026-08-01,district,TAMIL. PUDU.& KARAIKAL,TAMILNADU,VELLORE,0.0,2.7,-100.0,NR,71.1,165.0,-57.0,D,2026-08-09 21:00:32.451444
2026-08-01,2026-06-01,2026-08-01,district,TAMIL. PUDU.& KARAIKAL,TAMILNADU,VILLUPURAM,0.2,2.0,-91.0,LD,71.3,138.8,-49.0,D,2026-08-09 21:00:32.451444
2026-08-01,2026-06-01,2026-08-01,district,TAMIL. PUDU.& KARAIKAL,TAMILNADU,VIRUDHUNAGAR,1.8,1.5,17.0,N,53.9,57.3,-6.0,N,2026-08-09 21:00:32.451444
2026-08-01,2026-06-01,2026-08-01,district,TELANGANA,TELANGANA,ADILABAD,3.4,10.2,-67.0,LD,525.2,496.6,6.0,N,2026-08-09 21:00:32.451444
2026-08-01,2026-06-01,2026-08-01,district,TELANGANA,TELANGANA,B. KOTHAGUDEM,5.0,7.8,-35.0,D,374.7,470.7,-20.0,D,2026-08-09 21:00:32.451444
2026-08-01,2026-06-01,2026-08-01,district,TELANGANA,TELANGANA,HANUMAKONDA,2.1,3.5,-41.0,D,209.5,338.3,-38.0,D,2026-08-09 21:00:32.451444
2026-08-01,2026-06-01,2026-08-01,district,TELANGANA,TELANGANA,HYDERABAD,1.4,4.0,-65.0,LD,205.5,283.1,-27.0,D,2026-08-09 21:00:32.451444
2026-08-01,2026-06-01,2026-08-01,district,TELANGANA,TELANGANA,J. BHUPALPALLY,5.5,7.0,-22.0,D,553.0,479.5,15.0,N,2026-08-09 21:00:32.451444
2026-08-01,2026-06-01,2026-08-01,district,TELANGANA,TELANGANA,JAGTIAL,1.9,8.4,-78.0,LD,578.5,410.4,41.0,E,2026-08-09 21:00:32.451444
2026-08-01,2026-06-01,2026-08-01,district,TELANGANA,TELANGANA,JANGAON,0.7,5.5,-87.0,LD,193.4,332.1,-42.0,D,2026-08-09 21:00:32.451444
2026-08-01,2026-06-01,2026-08-01,district,TELANGANA,TELANGANA,JOGULAMBA GADWAL,3.4,4.0,-14.0,N,138.9,207.5,-33.0,D,2026-08-09 21:00:32.451444
2026-08-01,2026-06-01,2026-08-01,district,TELANGANA,TELANGANA,KAMAREDDY,8.6,8.3,4.0,N,464.3,370.3,25.0,E,2026-08-09 21:00:32.451444
2026-08-01,2026-06-01,2026-08-01,district,TELANGANA,TELANGANA,KARIMNAGAR,5.6,6.8,-18.0,N,348.7,347.6,0.0,N,2026-08-09 21:00:32.451444
2026-08-01,2026-06-01,2026-08-01,district,TELANGANA,TELANGANA,KHAMMAM,3.4,7.1,-53.0,D,280.2,372.9,-25.0,D,2026-08-09 21:00:32.451444
2026-08-01,2026-06-01,2026-08-01,district,TELANGANA,TELANGANA,KUMARAM BHEEM,8.3,8.2,1.0,N,700.8,510.9,37.0,E,2026-08-09 21:00:32.451444
2026-08-01,2026-06-01,2026-08-01,district,TELANGANA,TELANGANA,M. MALKAJGIRI,2.6,3.3,-22.0,D,134.0,232.0,-42.0,D,2026-08-09 21:00:32.451444
2026-08-01,2026-06-01,2026-08-01,district,TELANGANA,TELANGANA,MAHABUBABAD,1.8,6.2,-71.0,LD,344.4,411.2,-16.0,N,2026-08-09 21:00:32.451444
2026-08-01,2026-06-01,2026-08-01,district,TELANGANA,TELANGANA,MAHABUBNAGAR,2.6,3.7,-30.0,D,232.5,232.8,0.0,N,2026-08-09 21:00:32.451444
2026-08-01,2026-06-01,2026-08-01,district,TELANGANA,TELANGANA,MANCHERIAL,7.3,7.8,-6.0,N,652.2,485.7,34.0,E,2026-08-09 21:00:32.451444
2026-08-01,2026-06-01,2026-08-01,district,TELANGANA,TELANGANA,MEDAK,3.4,8.5,-60.0,LD,373.9,375.3,0.0,N,2026-08-09 21:00:32.451444
2026-08-01,2026-06-01,2026-08-01,district,TELANGANA,TELANGANA,MULUGU,1.3,9.1,-86.0,LD,657.7,493.0,33.0,E,2026-08-09 21:00:32.451444
2026-08-01,2026-06-01,2026-08-01,district,TELANGANA,TELANGANA,NAGARKURNOOL,3.9,4.3,-10.0,N,182.1,212.5,-14.0,N,2026-08-09 21:00:32.451444
2026-08-01,2026-06-01,2026-08-01,district,TELANGANA,TELANGANA,NALGONDA,2.1,4.1,-48.0,D,137.7,221.6,-38.0,D,2026-08-09 21:00:32.451444
2026-08-01,2026-06-01,2026-08-01,district,TELANGANA,TELANGANA,NARAYANPET,4.2,4.0,6.0,N,242.7,211.7,15.0,N,2026-08-09 21:00:32.451444
2026-08-01,2026-06-01,2026-08-01,district,TELANGANA,TELANGANA,NIRMAL,3.6,10.5,-65.0,LD,288.2,457.2,-37.0,D,2026-08-09 21:00:32.451444
2026-08-01,2026-06-01,2026-08-01,district,TELANGANA,TELANGANA,NIZAMABAD,2.1,11.5,-82.0,LD,427.7,415.6,3.0,N,2026-08-09 21:00:32.451444
2026-08-01,2026-06-01,2026-08-01,district,TELANGANA,TELANGANA,PEDDAPALLE,2.7,8.2,-67.0,LD,505.5,450.1,12.0,N,2026-08-09 21:00:32.451444
2026-08-01,2026-06-01,2026-08-01,district,TELANGANA,TELANGANA,RAJANNA SIRCILLA,7.1,6.8,4.0,N,336.7,335.3,0.0,N,2026-08-09 21:00:32.451444
2026-08-01,2026-06-01,2026-08-01,district,TELANGANA,TELANGANA,RANGAREDDY,1.5,4.6,-68.0,LD,221.7,246.9,-10.0,N,2026-08-09 21:00:32.451444
2026-08-01,2026-06-01,2026-08-01,district,TELANGANA,TELANGANA,SANGAREDDY,3.0,5.7,-47.0,D,289.0,341.0,-15.0,N,2026-08-09 21:00:32.451444
2026-08-01,2026-06-01,2026-08-01,district,TELANGANA,TELANGANA,SIDDIPET,4.5,6.9,-35.0,D,263.6,297.0,-11.0,N,2026-08-09 21:00:32.451444
2026-08-01,2026-06-01,2026-08-01,district,TELANGANA,TELANGANA,SURYAPET,2.3,5.3,-56.0,D,195.9,292.1,-33.0,D,2026-08-09 21:00:32.451444
2026-08-01,2026-06-01,2026-08-01,district,TELANGANA,TELANGANA,VIKARABAD,2.2,6.1,-64.0,LD,277.6,305.5,-9.0,N,2026-08-09 21:00:32.451444
2026-08-01,2026-06-01,2026-08-01,district,TELANGANA,TELANGANA,WANAPARTHY,5.7,4.1,39.0,E,168.4,250.0,-33.0,D,2026-08-09 21:00:32.451444
2026-08-01,2026-06-01,2026-08-01,district,TELANGANA,TELANGANA,WARANGAL,2.0,5.2,-62.0,LD,271.1,448.2,-40.0,D,2026-08-09 21:00:32.451444
2026-08-01,2026-06-01,2026-08-01,district,TELANGANA,TELANGANA,Y. BHUVANAGIRI,0.6,5.8,-89.0,LD,141.9,260.6,-46.0,D,2026-08-09 21:00:32.451444
2026-08-01,2026-06-01,2026-08-01,district,UTTARAKHAND,UTTARAKHAND,ALMORA,9.9,7.9,25.0,E,445.1,428.4,4.0,N,2026-08-09 21:00:32.451444
2026-08-01,2026-06-01,2026-08-01,district,UTTARAKHAND,UTTARAKHAND,BAGESHWAR,14.6,7.9,85.0,LE,995.8,428.4,132.0,LE,2026-08-09 21:00:32.451444
2026-08-01,2026-06-01,2026-08-01,district,UTTARAKHAND,UTTARAKHAND,CHAMOLI,8.6,12.1,-29.0,D,557.8,380.3,47.0,E,2026-08-09 21:00:32.451444
2026-08-01,2026-06-01,2026-08-01,district,UTTARAKHAND,UTTARAKHAND,CHAMPAWAT,5.3,14.2,-63.0,LD,447.7,699.9,-36.0,D,2026-08-09 21:00:32.451444
2026-08-01,2026-06-01,2026-08-01,district,UTTARAKHAND,UTTARAKHAND,DEHRADUN,6.9,21.3,-67.0,LD,664.4,748.3,-11.0,N,2026-08-09 21:00:32.451444
2026-08-01,2026-06-01,2026-08-01,district,UTTARAKHAND,UTTARAKHAND,GARHWAL PAURI,7.6,20.6,-63.0,LD,315.2,616.8,-49.0,D,2026-08-09 21:00:32.451444
2026-08-01,2026-06-01,2026-08-01,district,UTTARAKHAND,UTTARAKHAND,GARHWAL TEHRI,11.4,14.2,-20.0,D,627.1,476.3,32.0,E,2026-08-09 21:00:32.451444
2026-08-01,2026-06-01,2026-08-01,district,UTTARAKHAND,UTTARAKHAND,HARDWAR,2.4,14.3,-83.0,LD,497.9,482.2,3.0,N,2026-08-09 21:00:32.451444
2026-08-01,2026-06-01,2026-08-01,district,UTTARAKHAND,UTTARAKHAND,NAINITAL,4.7,18.7,-75.0,LD,533.9,850.6,-37.0,D,2026-08-09 21:00:32.451444
2026-08-01,2026-06-01,2026-08-01,district,UTTARAKHAND,UTTARAKHAND,PITHORAGARH,9.5,16.5,-42.0,D,698.6,807.6,-14.0,N,2026-08-09 21:00:32.451444
2026-08-01,2026-06-01,2026-08-01,district,UTTARAKHAND,UTTARAKHAND,RUDRAPRAYAG,0.6,21.2,-97.0,LD,713.9,793.9,-10.0,N,2026-08-09 21:00:32.451444
2026-08-01,2026-06-01,2026-08-01,district,UTTARAKHAND,UTTARAKHAND,UDHAM SINGH NAGAR,4.3,21.5,-80.0,LD,534.9,586.2,-9.0,N,2026-08-09 21:00:32.451444
2026-08-01,2026-06-01,2026-08-01,district,UTTARAKHAND,UTTARAKHAND,UTTARKASHI,6.5,12.5,-48.0,D,564.6,614.5,-8.0,N,2026-08-09 21:00:32.451444
2026-08-01,2026-06-01,2026-08-01,district,VIDARBHA,MAHARASHTRA,AKOLA,8.0,5.7,40.0,E,336.7,371.6,-9.0,N,2026-08-09 21:00:32.451444
2026-08-01,2026-06-01,2026-08-01,district,VIDARBHA,MAHARASHTRA,AMRAOTI,5.3,9.6,-45.0,D,369.5,427.2,-14.0,N,2026-08-09 21:00:32.451444
2026-08-01,2026-06-01,2026-08-01,district,VIDARBHA,MAHARASHTRA,BHANDARA,3.8,11.8,-67.0,LD,564.2,562.2,0.0,N,2026-08-09 21:00:32.451444
2026-08-01,2026-06-01,2026-08-01,district,VIDARBHA,MAHARASHTRA,BULDHANA,19.5,5.5,254.0,LE,404.3,334.2,21.0,E,2026-08-09 21:00:32.451444
2026-08-01,2026-06-01,2026-08-01,district,VIDARBHA,MAHARASHTRA,CHANDRAPUR,11.0,8.9,24.0,E,479.8,560.6,-14.0,N,2026-08-09 21:00:32.451444
2026-08-01,2026-06-01,2026-08-01,district,VIDARBHA,MAHARASHTRA,GADCHIROLI,10.8,12.8,-16.0,N,585.8,668.1,-12.0,N,2026-08-09 21:00:32.451444
2026-08-01,2026-06-01,2026-08-01,district,VIDARBHA,MAHARASHTRA,GONDIA,5.9,14.5,-59.0,D,722.1,639.6,13.0,N,2026-08-09 21:00:32.451444
2026-08-01,2026-06-01,2026-08-01,district,VIDARBHA,MAHARASHTRA,NAGPUR,6.5,10.2,-37.0,D,429.4,501.4,-14.0,N,2026-08-09 21:00:32.451444
2026-08-01,2026-06-01,2026-08-01,district,VIDARBHA,MAHARASHTRA,WARDHA,5.4,9.2,-41.0,D,440.2,453.5,-3.0,N,2026-08-09 21:00:32.451444
2026-08-01,2026-06-01,2026-08-01,district,VIDARBHA,MAHARASHTRA,WASHIM,0.2,7.9,-98.0,LD,373.7,423.9,-12.0,N,2026-08-09 21:00:32.451444
2026-08-01,2026-06-01,2026-08-01,district,VIDARBHA,MAHARASHTRA,YEOTMAL,1.5,8.5,-82.0,LD,487.6,441.1,11.0,N,2026-08-09 21:00:32.451444
2026-08-01,2026-06-01,2026-08-01,district,WEST MADHYA PRADESH,MADHYA PRADESH,AGAR-MALWA,4.6,9.9,-54.0,D,370.2,439.7,-16.0,N,2026-08-09 21:00:32.451444
2026-08-01,2026-06-01,2026-08-01,district,WEST MADHYA PRADESH,MADHYA PRADESH,ALIRAJPUR,41.9,10.7,292.0,LE,281.6,419.1,-33.0,D,2026-08-09 21:00:32.451444
2026-08-01,2026-06-01,2026-08-01,district,WEST MADHYA PRADESH,MADHYA PRADESH,ASHOKNAGAR,3.0,10.2,-71.0,LD,332.5,424.5,-22.0,D,2026-08-09 21:00:32.451444
2026-08-01,2026-06-01,2026-08-01,district,WEST MADHYA PRADESH,MADHYA PRADESH,BARWANI,31.1,7.9,293.0,LE,357.5,325.0,10.0,N,2026-08-09 21:00:32.451444
2026-08-01,2026-06-01,2026-08-01,district,WEST MADHYA PRADESH,MADHYA PRADESH,BETUL,4.7,14.3,-67.0,LD,458.1,516.7,-11.0,N,2026-08-09 21:00:32.451444
2026-08-01,2026-06-01,2026-08-01,district,WEST MADHYA PRADESH,MADHYA PRADESH,BHIND,0.0,6.2,-100.0,NR,300.8,289.0,4.0,N,2026-08-09 21:00:32.451444
2026-08-01,2026-06-01,2026-08-01,district,WEST MADHYA PRADESH,MADHYA PRADESH,BHOPAL,16.8,11.4,48.0,E,480.6,479.0,0.0,N,2026-08-09 21:00:32.451444
2026-08-01,2026-06-01,2026-08-01,district,WEST MADHYA PRADESH,MADHYA PRADESH,BURHANPUR,53.9,5.6,862.0,LE,567.4,363.2,56.0,E,2026-08-09 21:00:32.451444
2026-08-01,2026-06-01,2026-08-01,district,WEST MADHYA PRADESH,MADHYA PRADESH,DATIA,2.0,10.5,-81.0,LD,187.9,346.1,-46.0,D,2026-08-09 21:00:32.451444
2026-08-01,2026-06-01,2026-08-01,district,WEST MADHYA PRADESH,MADHYA PRADESH,DEWAS,21.2,11.8,80.0,LE,554.4,440.7,26.0,E,2026-08-09 21:00:32.451444
2026-08-01,2026-06-01,2026-08-01,district,WEST MADHYA PRADESH,MADHYA PRADESH,DHAR,33.8,8.7,288.0,LE,320.5,399.2,-20.0,D,2026-08-09 21:00:32.451444
2026-08-01,2026-06-01,2026-08-01,district,WEST MADHYA PRADESH,MADHYA PRADESH,GUNA,4.4,12.2,-64.0,LD,431.8,463.1,-7.0,N,2026-08-09 21:00:32.451444
2026-08-01,2026-06-01,2026-08-01,district,WEST MADHYA PRADESH,MADHYA PRADESH,GWALIOR,2.2,6.6,-66.0,LD,298.0,315.2,-5.0,N,2026-08-09 21:00:32.451444
2026-08-01,2026-06-01,2026-08-01,district,WEST MADHYA PRADESH,MADHYA PRADESH,HARDA,17.9,12.8,40.0,E,482.2,527.3,-9.0,N,2026-08-09 21:00:32.451444
2026-08-01,2026-06-01,2026-08-01,district,WEST MADHYA PRADESH,MADHYA PRADESH,INDORE,20.6,9.2,124.0,LE,445.8,419.2,6.0,N,2026-08-09 21:00:32.451444
2026-08-01,2026-06-01,2026-08-01,district,WEST MADHYA PRADESH,MADHYA PRADESH,JHABUA,36.5,13.0,181.0,LE,386.2,426.5,-9.0,N,2026-08-09 21:00:32.451444
2026-08-01,2026-06-01,2026-08-01,district,WEST MADHYA PRADESH,MADHYA PRADESH,KHANDWA,30.6,12.3,149.0,LE,446.0,401.0,11.0,N,2026-08-09 21:00:32.451444
2026-08-01,2026-06-01,2026-08-01,district,WEST MADHYA PRADESH,MADHYA PRADESH,KHARGONE,57.7,8.9,548.0,LE,454.6,358.3,27.0,E,2026-08-09 21:00:32.451444
2026-08-01,2026-06-01,2026-08-01,district,WEST MADHYA PRADESH,MADHYA PRADESH,MANDSAUR,11.8,12.1,-2.0,N,386.7,396.8,-3.0,N,2026-08-09 21:00:32.451444
2026-08-01,2026-06-01,2026-08-01,district,WEST MADHYA PRADESH,MADHYA PRADESH,MORENA,2.3,6.6,-65.0,LD,159.9,303.2,-47.0,D,2026-08-09 21:00:32.451444
2026-08-01,2026-06-01,2026-08-01,district,WEST MADHYA PRADESH,MADHYA PRADESH,NARMADAPURAM,5.3,18.3,-71.0,LD,386.7,595.6,-35.0,D,2026-08-09 21:00:32.451444
2026-08-01,2026-06-01,2026-08-01,district,WEST MADHYA PRADESH,MADHYA PRADESH,NEEMUCH,7.9,9.2,-15.0,N,340.2,363.3,-6.0,N,2026-08-09 21:00:32.451444
2026-08-01,2026-06-01,2026-08-01,district,WEST MADHYA PRADESH,MADHYA PRADESH,RAISEN,3.0,14.3,-79.0,LD,441.7,523.6,-16.0,N,2026-08-09 21:00:32.451444
2026-08-01,2026-06-01,2026-08-01,district,WEST MADHYA PRADESH,MADHYA PRADESH,RAJGARH,3.3,9.8,-67.0,LD,422.6,429.8,-2.0,N,2026-08-09 21:00:32.451444
2026-08-01,2026-06-01,2026-08-01,district,WEST MADHYA PRADESH,MADHYA PRADESH,RATLAM,16.0,18.6,-14.0,N,353.3,434.4,-19.0,N,2026-08-09 21:00:32.451444
2026-08-01,2026-06-01,2026-08-01,district,WEST MADHYA PRADESH,MADHYA PRADESH,SEHORE,15.5,12.5,24.0,E,522.2,510.3,2.0,N,2026-08-09 21:00:32.451444
2026-08-01,2026-06-01,2026-08-01,district,WEST MADHYA PRADESH,MADHYA PRADESH,SHAJAPUR,6.0,15.1,-60.0,LD,329.2,439.1,-25.0,D,2026-08-09 21:00:32.451444
2026-08-01,2026-06-01,2026-08-01,district,WEST MADHYA PRADESH,MADHYA PRADESH,SHEOPUR,4.6,9.2,-50.0,D,249.4,336.3,-26.0,D,2026-08-09 21:00:32.451444
2026-08-01,2026-06-01,2026-08-01,district,WEST MADHYA PRADESH,MADHYA PRADESH,SHIVPURI,4.0,8.7,-54.0,D,288.7,396.5,-27.0,D,2026-08-09 21:00:32.451444
2026-08-01,2026-06-01,2026-08-01,district,WEST MADHYA PRADESH,MADHYA PRADESH,UJJAIN,20.3,12.7,60.0,LE,399.4,432.1,-8.0,N,2026-08-09 21:00:32.451444
2026-08-01,2026-06-01,2026-08-01,district,WEST MADHYA PRADESH,MADHYA PRADESH,VIDISHA,3.4,14.5,-76.0,LD,389.7,506.9,-23.0,D,2026-08-09 21:00:32.451444
2026-08-01,2026-06-01,2026-08-01,district,WEST RAJASTHAN,RAJASTHAN,BARMER,4.9,3.9,27.0,E,149.4,136.7,9.0,N,2026-08-09 21:00:32.451444
2026-08-01,2026-06-01,2026-08-01,district,WEST RAJASTHAN,RAJASTHAN,BIKANER,0.7,4.1,-84.0,LD,144.2,142.2,1.0,N,2026-08-09 21:00:32.451444
2026-08-01,2026-06-01,2026-08-01,district,WEST RAJASTHAN,RAJASTHAN,CHURU,0.0,4.7,-100.0,NR,181.2,190.2,-5.0,N,2026-08-09 21:00:32.451444
2026-08-01,2026-06-01,2026-08-01,district,WEST RAJASTHAN,RAJASTHAN,HANUMANGARH,0.0,2.8,-100.0,NR,102.2,143.7,-29.0,D,2026-08-09 21:00:32.451444
2026-08-01,2026-06-01,2026-08-01,district,WEST RAJASTHAN,RAJASTHAN,JAISALMER,6.7,2.1,217.0,LE,66.8,88.5,-24.0,D,2026-08-09 21:00:32.451444
2026-08-01,2026-06-01,2026-08-01,district,WEST RAJASTHAN,RAJASTHAN,JALORE,2.9,6.7,-57.0,D,127.8,217.6,-41.0,D,2026-08-09 21:00:32.451444
2026-08-01,2026-06-01,2026-08-01,district,WEST RAJASTHAN,RAJASTHAN,JODHPUR,0.8,3.3,-76.0,LD,145.3,151.5,-4.0,N,2026-08-09 21:00:32.451444
2026-08-01,2026-06-01,2026-08-01,district,WEST RAJASTHAN,RAJASTHAN,NAGAUR,0.0,3.8,-100.0,NR,179.0,206.6,-13.0,N,2026-08-09 21:00:32.451444
2026-08-01,2026-06-01,2026-08-01,district,WEST RAJASTHAN,RAJASTHAN,PALI,1.1,6.3,-83.0,LD,147.5,247.4,-40.0,D,2026-08-09 21:00:32.451444
2026-08-01,2026-06-01,2026-08-01,district,WEST RAJASTHAN,RAJASTHAN,SRI GANGANAGAR,0.0,2.8,-100.0,NR,126.3,112.1,13.0,N,2026-08-09 21:00:32.451444
2026-08-01,2026-06-01,2026-08-01,district,WEST UTTAR PRADESH,UTTAR PRADESH,AGRA,0.0,3.0,-99.0,LD,230.5,243.1,-5.0,N,2026-08-09 21:00:32.451444
2026-08-01,2026-06-01,2026-08-01,district,WEST UTTAR PRADESH,UTTAR PRADESH,ALIGARH,0.5,5.7,-91.0,LD,159.8,276.0,-42.0,D,2026-08-09 21:00:32.451444
2026-08-01,2026-06-01,2026-08-01,district,WEST UTTAR PRADESH,UTTAR PRADESH,AMROHA,1.7,7.7,-78.0,LD,153.6,409.7,-63.0,LD,2026-08-09 21:00:32.451444
2026-08-01,2026-06-01,2026-08-01,district,WEST UTTAR PRADESH,UTTAR PRADESH,AURAIYA,0.0,3.4,-100.0,NR,246.2,239.1,3.0,N,2026-08-09 21:00:32.451444
2026-08-01,2026-06-01,2026-08-01,district,WEST UTTAR PRADESH,UTTAR PRADESH,BADAUN,0.0,7.4,-100.0,NR,332.5,332.0,0.0,N,2026-08-09 21:00:32.451444
2026-08-01,2026-06-01,2026-08-01,district,WEST UTTAR PRADESH,UTTAR PRADESH,BAGHPAT,0.0,2.4,-100.0,NR,251.0,242.4,4.0,N,2026-08-09 21:00:32.451444
2026-08-01,2026-06-01,2026-08-01,district,WEST UTTAR PRADESH,UTTAR PRADESH,BAREILLY,3.1,10.9,-72.0,LD,310.8,401.4,-23.0,D,2026-08-09 21:00:32.451444
2026-08-01,2026-06-01,2026-08-01,district,WEST UTTAR PRADESH,UTTAR PRADESH,BIJNOR,0.0,15.2,-100.0,NR,471.5,460.4,2.0,N,2026-08-09 21:00:32.451444
2026-08-01,2026-06-01,2026-08-01,district,WEST UTTAR PRADESH,UTTAR PRADESH,BULANDSHAHAR,0.0,5.4,-100.0,NR,226.7,261.9,-13.0,N,2026-08-09 21:00:32.451444
2026-08-01,2026-06-01,2026-08-01,district,WEST UTTAR PRADESH,UTTAR PRADESH,ETAH,0.0,7.3,-100.0,NR,316.2,233.9,35.0,E,2026-08-09 21:00:32.451444
2026-08-01,2026-06-01,2026-08-01,district,WEST UTTAR PRADESH,UTTAR PRADESH,ETAWAH,0.0,3.3,-100.0,NR,241.3,258.6,-7.0,N,2026-08-09 21:00:32.451444
2026-08-01,2026-06-01,2026-08-01,district,WEST UTTAR PRADESH,UTTAR PRADESH,FIROZABAD,0.0,2.9,-100.0,NR,303.9,266.7,14.0,N,2026-08-09 21:00:32.451444
2026-08-01,2026-06-01,2026-08-01,district,WEST UTTAR PRADESH,UTTAR PRADESH,GAUTAM BUDDHA NAGAR,0.0,4.4,-100.0,NR,209.8,219.4,-4.0,N,2026-08-09 21:00:32.451444
2026-08-01,2026-06-01,2026-08-01,district,WEST UTTAR PRADESH,UTTAR PRADESH,GHAZIABAD,0.0,4.4,-100.0,NR,80.5,220.9,-64.0,LD,2026-08-09 21:00:32.451444
2026-08-01,2026-06-01,2026-08-01,district,WEST UTTAR PRADESH,UTTAR PRADESH,HAMIRPUR,0.0,5.1,-100.0,NR,314.5,324.0,-3.0,N,2026-08-09 21:00:32.451444
2026-08-01,2026-06-01,2026-08-01,district,WEST UTTAR PRADESH,UTTAR PRADESH,HAPUR,0.0,6.8,-100.0,NR,218.5,308.5,-29.0,D,2026-08-09 21:00:32.451444
2026-08-01,2026-06-01,2026-08-01,district,WEST UTTAR PRADESH,UTTAR PRADESH,HATHRAS,0.0,5.1,-100.0,NR,316.2,264.5,20.0,E,2026-08-09 21:00:32.451444
2026-08-01,2026-06-01,2026-08-01,district,WEST UTTAR PRADESH,UTTAR PRADESH,JALAUN,0.0,4.2,-100.0,NR,181.9,294.1,-38.0,D,2026-08-09 21:00:32.451444
2026-08-01,2026-06-01,2026-08-01,district,WEST UTTAR PRADESH,UTTAR PRADESH,JHANSI,0.5,4.5,-88.0,LD,146.6,340.0,-57.0,D,2026-08-09 21:00:32.451444
2026-08-01,2026-06-01,2026-08-01,district,WEST UTTAR PRADESH,UTTAR PRADESH,KASGANJ,0.0,9.0,-100.0,NR,238.7,314.3,-24.0,D,2026-08-09 21:00:32.451444
2026-08-01,2026-06-01,2026-08-01,district,WEST UTTAR PRADESH,UTTAR PRADESH,LALITPUR,1.2,8.9,-87.0,LD,321.6,388.3,-17.0,N,2026-08-09 21:00:32.451444
2026-08-01,2026-06-01,2026-08-01,district,WEST UTTAR PRADESH,UTTAR PRADESH,MAHOBA,0.0,6.9,-100.0,NR,152.1,270.8,-44.0,D,2026-08-09 21:00:32.451444
2026-08-01,2026-06-01,2026-08-01,district,WEST UTTAR PRADESH,UTTAR PRADESH,MAINPURI,0.0,6.7,-100.0,NR,130.9,306.2,-57.0,D,2026-08-09 21:00:32.451444
2026-08-01,2026-06-01,2026-08-01,district,WEST UTTAR PRADESH,UTTAR PRADESH,MATHURA,0.0,2.5,-100.0,NR,147.5,234.7,-37.0,D,2026-08-09 21:00:32.451444
2026-08-01,2026-06-01,2026-08-01,district,WEST UTTAR PRADESH,UTTAR PRADESH,MEERUT,0.0,7.2,-100.0,NR,573.4,312.8,83.0,LE,2026-08-09 21:00:32.451444
2026-08-01,2026-06-01,2026-08-01,district,WEST UTTAR PRADESH,UTTAR PRADESH,MORADABAD,0.0,9.9,-100.0,NR,330.5,429.4,-23.0,D,2026-08-09 21:00:32.451444
2026-08-01,2026-06-01,2026-08-01,district,WEST UTTAR PRADESH,UTTAR PRADESH,MUZAFFARNAGAR,0.0,7.2,-100.0,NR,578.7,326.0,78.0,LE,2026-08-09 21:00:32.451444
2026-08-01,2026-06-01,2026-08-01,district,WEST UTTAR PRADESH,UTTAR PRADESH,PILIBHIT,0.0,11.0,-100.0,NR,105.7,431.6,-76.0,LD,2026-08-09 21:00:32.451444
2026-08-01,2026-06-01,2026-08-01,district,WEST UTTAR PRADESH,UTTAR PRADESH,RAMPUR,1.7,10.1,-83.0,LD,246.7,344.8,-28.0,D,2026-08-09 21:00:32.451444
2026-08-01,2026-06-01,2026-08-01,district,WEST UTTAR PRADESH,UTTAR PRADESH,SAHARANPUR,0.0,11.3,-100.0,NR,269.8,383.9,-30.0,D,2026-08-09 21:00:32.451444
2026-08-01,2026-06-01,2026-08-01,district,WEST UTTAR PRADESH,UTTAR PRADESH,SAMBHAL,0.0,7.5,-100.0,NR,472.5,330.6,43.0,E,2026-08-09 21:00:32.451444
2026-08-01,2026-06-01,2026-08-01,district,WEST UTTAR PRADESH,UTTAR PRADESH,SHAHJAHANPUR,0.0,7.5,-100.0,NR,313.2,397.0,-21.0,D,2026-08-09 21:00:32.451444
2026-08-01,2026-06-01,2026-08-01,district,WEST UTTAR PRADESH,UTTAR PRADESH,SHAMLI,0.0,5.1,-100.0,NR,90.0,272.8,-67.0,LD,2026-08-09 21:00:32.451444
2026-08-01,2026-06-01,2026-08-01,state,ASSAM & MEGHALAYA,ASSAM,,15.8,10.3,53.0,E,640.9,871.0,-26.0,D,2026-08-09 21:00:32.451444
2026-08-01,2026-06-01,2026-08-01,state,ASSAM & MEGHALAYA,MEGHALAYA,,13.6,20.0,-32.0,D,695.1,1646.2,-58.0,D,2026-08-09 21:00:32.451444
2026-08-01,2026-06-01,2026-08-01,state,BIHAR,UTTAR PRADESH,,1.5,8.3,-82.0,LD,264.2,365.9,-28.0,D,2026-08-09 21:00:32.451444
2026-08-01,2026-06-01,2026-08-01,state,CHHATTISGARH,ANDHRA PRADESH,,3.9,4.2,-6.0,N,149.9,229.4,-35.0,D,2026-08-09 21:00:32.451444
2026-08-01,2026-06-01,2026-08-01,state,COASTAL A. P. & YANAM,ANDHRA PRADESH,,3.9,4.2,-6.0,N,149.9,229.4,-35.0,D,2026-08-09 21:00:32.451444
2026-08-01,2026-06-01,2026-08-01,state,COASTAL A. P. & YANAM,PUDUCHERRY (UT),,1.1,3.3,-68.0,LD,72.0,163.4,-56.0,D,2026-08-09 21:00:32.451444
2026-08-01,2026-06-01,2026-08-01,state,EAST MADHYA PRADESH,GUJARAT,,58.5,10.1,480.0,LE,442.6,380.9,16.0,N,2026-08-09 21:00:32.451444
2026-08-01,2026-06-01,2026-08-01,state,GUJARAT REGION,DADRA & NAGAR HAVELI AND DAMAN & DIU (UT),,47.6,26.5,79.0,LE,2423.4,1292.9,87.0,LE,2026-08-09 21:00:32.451444
2026-08-01,2026-06-01,2026-08-01,state,GUJARAT REGION,GUJARAT,,58.5,10.1,480.0,LE,442.6,380.9,16.0,N,2026-08-09 21:00:32.451444
2026-08-01,2026-06-01,2026-08-01,state,HAR. CHD & DELHI,CHANDIGARH (UT),,0.0,5.3,-99.0,LD,347.1,434.0,-20.0,D,2026-08-09 21:00:32.451444
2026-08-01,2026-06-01,2026-08-01,state,HAR. CHD & DELHI,DELHI (UT),,0.1,7.2,-99.0,LD,236.1,258.8,-9.0,N,2026-08-09 21:00:32.451444
2026-08-01,2026-06-01,2026-08-01,state,HAR. CHD & DELHI,HARYANA,,0.0,5.0,-99.0,LD,148.0,208.8,-29.0,D,2026-08-09 21:00:32.451444
2026-08-01,2026-06-01,2026-08-01,state,J & K AND LADAKH,JAMMU & KASHMIR(UT),,8.0,7.9,1.0,N,325.6,276.4,18.0,N,2026-08-09 21:00:32.451444
2026-08-01,2026-06-01,2026-08-01,state,J & K AND LADAKH,LADAKH (UT),,0.0,0.8,-100.0,NR,32.6,12.7,157.0,LE,2026-08-09 21:00:32.451444
2026-08-01,2026-06-01,2026-08-01,state,J & K AND LADAKH,RAJASTHAN,,2.8,5.0,-43.0,D,181.8,221.4,-18.0,N,2026-08-09 21:00:32.451444
2026-08-01,2026-06-01,2026-08-01,state,KERALA & MAHE,KERALA,,74.1,21.5,244.0,LE,932.8,1323.2,-30.0,D,2026-08-09 21:00:32.451444
2026-08-01,2026-06-01,2026-08-01,state,KERALA & MAHE,PUDUCHERRY (UT),,1.1,3.3,-68.0,LD,72.0,163.4,-56.0,D,2026-08-09 21:00:32.451444
2026-08-01,2026-06-01,2026-08-01,state,KONKAN & GOA,GOA,,20.6,31.7,-35.0,D,1242.2,1992.7,-38.0,D,2026-08-09 21:00:32.451444
2026-08-01,2026-06-01,2026-08-01,state,KONKAN & GOA,MAHARASHTRA,,20.0,10.5,90.0,LE,594.5,544.5,9.0,N,2026-08-09 21:00:32.451444
2026-08-01,2026-06-01,2026-08-01,state,NMMT,MANIPUR,,2.5,7.9,-69.0,LD,353.2,592.6,-40.0,D,2026-08-09 21:00:32.451444
2026-08-01,2026-06-01,2026-08-01,state,NMMT,MIZORAM,,17.4,13.1,33.0,E,662.5,858.4,-23.0,D,2026-08-09 21:00:32.451444
2026-08-01,2026-06-01,2026-08-01,state,NMMT,NAGALAND,,18.4,9.0,104.0,LE,569.2,575.3,-1.0,N,2026-08-09 21:00:32.451444
2026-08-01,2026-06-01,2026-08-01,state,NMMT,TRIPURA,,3.7,10.3,-64.0,LD,707.3,816.0,-13.0,N,2026-08-09 21:00:32.451444
2026-08-01,2026-06-01,2026-08-01,state,SAURASHTRA & KUTCH,DADRA & NAGAR HAVELI AND DAMAN & DIU (UT),,47.6,26.5,79.0,LE,2423.4,1292.9,87.0,LE,2026-08-09 21:00:32.451444
2026-08-01,2026-06-01,2026-08-01,state,SAURASHTRA & KUTCH,GUJARAT,,58.5,10.1,480.0,LE,442.6,380.9,16.0,N,2026-08-09 21:00:32.451444
2026-08-01,2026-06-01,2026-08-01,state,SHWB & SIKKIM,SIKKIM,,12.6,17.4,-28.0,D,937.6,930.2,1.0,N,2026-08-09 21:00:32.451444
2026-08-01,2026-06-01,2026-08-01,state,SHWB & SIKKIM,WEST BENGAL,,6.6,11.5,-43.0,D,723.0,714.1,1.0,N,2026-08-09 21:00:32.451444
2026-08-01,2026-06-01,2026-08-01,state,TAMIL. PUDU.& KARAIKAL,KARNATAKA,,14.2,8.5,67.0,LE,357.7,461.6,-23.0,D,2026-08-09 21:00:32.451444
2026-08-01,2026-06-01,2026-08-01,state,TAMIL. PUDU.& KARAIKAL,PUDUCHERRY (UT),,1.1,3.3,-68.0,LD,72.0,163.4,-56.0,D,2026-08-09 21:00:32.451444
2026-08-01,2026-06-01,2026-08-01,state,TAMIL. PUDU.& KARAIKAL,TAMILNADU,,5.7,2.9,98.0,LE,102.1,122.6,-17.0,N,2026-08-09 21:00:32.451444
2026-08-01,2026-06-01,2026-08-01,state,WEST RAJASTHAN,MADHYA PRADESH,,9.6,12.1,-21.0,D,399.4,460.5,-13.0,N,2026-08-09 21:00:32.451444
2026-08-01,2026-06-01,2026-08-01,subdivision,A & N ISLAND,,,12.2,13.6,-11.0,N,836.8,818.2,2.0,N,2026-08-09 21:00:32.451444
2026-08-01,2026-06-01,2026-08-01,subdivision,ARUNACHAL PRADESH,,,17.9,10.5,70.0,LE,600.1,994.4,-40.0,D,2026-08-09 21:00:32.451444
2026-08-01,2026-06-01,2026-08-01,subdivision,ASSAM & MEGHALAYA,,,15.2,12.5,22.0,E,653.8,1051.4,-38.0,D,2026-08-09 21:00:32.451444
2026-08-01,2026-06-01,2026-08-01,subdivision,BIHAR,,,2.6,9.1,-71.0,LD,293.3,512.9,-43.0,D,2026-08-09 21:00:32.451444
2026-08-01,2026-06-01,2026-08-01,subdivision,CHHATTISGARH,,,3.6,11.3,-68.0,LD,563.2,568.3,-1.0,N,2026-08-09 21:00:32.451444
2026-08-01,2026-06-01,2026-08-01,subdivision,COASTAL A. P. & YANAM,,,6.5,4.6,41.0,E,182.5,272.7,-33.0,D,2026-08-09 21:00:32.451444
2026-08-01,2026-06-01,2026-08-01,subdivision,COASTAL KARNATAKA,,,43.5,33.1,31.0,E,1455.5,1985.6,-27.0,D,2026-08-09 21:00:32.451444
2026-08-01,2026-06-01,2026-08-01,subdivision,EAST MADHYA PRADESH,,,2.1,13.0,-84.0,LD,415.8,504.1,-18.0,N,2026-08-09 21:00:32.451444
2026-08-01,2026-06-01,2026-08-01,subdivision,EAST RAJASTHAN,,,3.2,6.8,-52.0,D,244.4,310.1,-21.0,D,2026-08-09 21:00:32.451444
2026-08-01,2026-06-01,2026-08-01,subdivision,EAST UTTAR PRADESH,,,2.4,9.2,-74.0,LD,257.3,394.4,-35.0,D,2026-08-09 21:00:32.451444
2026-08-01,2026-06-01,2026-08-01,subdivision,GANGETIC WEST BENGAL,,,3.0,11.0,-73.0,LD,609.3,603.7,1.0,N,2026-08-09 21:00:32.451444
2026-08-01,2026-06-01,2026-08-01,subdivision,GUJARAT REGION,,,89.2,14.8,502.0,LE,682.4,488.4,40.0,E,2026-08-09 21:00:32.451444
2026-08-01,2026-06-01,2026-08-01,subdivision,HAR. CHD & DELHI,,,0.0,5.1,-99.0,LD,150.7,210.9,-29.0,D,2026-08-09 21:00:32.451444
2026-08-01,2026-06-01,2026-08-01,subdivision,HIMACHAL PRADESH,,,7.1,9.3,-23.0,D,348.6,366.3,-5.0,N,2026-08-09 21:00:32.451444
2026-08-01,2026-06-01,2026-08-01,subdivision,J & K AND LADAKH,,,8.0,7.9,1.0,N,325.6,276.4,18.0,N,2026-08-09 21:00:32.451444
2026-08-01,2026-06-01,2026-08-01,subdivision,JHARKHAND,,,1.9,8.8,-79.0,LD,361.9,517.0,-30.0,D,2026-08-09 21:00:32.451444
2026-08-01,2026-06-01,2026-08-01,subdivision,KERALA & MAHE,,,74.0,21.5,244.0,LE,932.8,1323.3,-30.0,D,2026-08-09 21:00:32.451444
2026-08-01,2026-06-01,2026-08-01,subdivision,KONKAN & GOA,,,24.0,34.2,-30.0,D,1782.5,1789.2,0.0,N,2026-08-09 21:00:32.451444
2026-08-01,2026-06-01,2026-08-01,subdivision,LAKSHADWEEP,,,41.4,8.3,399.0,LE,430.4,633.2,-32.0,D,2026-08-09 21:00:32.451444
2026-08-01,2026-06-01,2026-08-01,subdivision,MADHYA MAHARASHTRA,,,37.6,8.1,364.0,LE,548.3,395.3,39.0,E,2026-08-09 21:00:32.451444
2026-08-01,2026-06-01,2026-08-01,subdivision,MARATHWADA,,,5.2,4.9,6.0,N,284.5,310.0,-8.0,N,2026-08-09 21:00:32.451444
2026-08-01,2026-06-01,2026-08-01,subdivision,N. I. KARNATAKA,,,3.2,4.3,-25.0,D,203.5,226.1,-10.0,N,2026-08-09 21:00:32.451444
2026-08-01,2026-06-01,2026-08-01,subdivision,NMMT,,,11.1,10.4,7.0,N,561.8,717.8,-22.0,D,2026-08-09 21:00:32.451444
2026-08-01,2026-06-01,2026-08-01,subdivision,ODISHA,,,2.2,9.9,-78.0,LD,737.8,560.6,32.0,E,2026-08-09 21:00:32.451444
2026-08-01,2026-06-01,2026-08-01,subdivision,PUNJAB,,,1.8,8.0,-78.0,LD,143.7,223.9,-36.0,D,2026-08-09 21:00:32.451444
2026-08-01,2026-06-01,2026-08-01,subdivision,RAYALASEEMA,,,0.6,3.5,-83.0,LD,107.1,167.9,-36.0,D,2026-08-09 21:00:32.451444
2026-08-01,2026-06-01,2026-08-01,subdivision,S. I. KARNATAKA,,,17.7,7.1,150.0,LE,270.8,357.4,-24.0,D,2026-08-09 21:00:32.451444
2026-08-01,2026-06-01,2026-08-01,subdivision,SAURASHTRA & KUTCH,,,32.8,6.3,420.0,LE,253.2,296.2,-15.0,N,2026-08-09 21:00:32.451444
2026-08-01,2026-06-01,2026-08-01,subdivision,SHWB & SIKKIM,,,16.3,14.4,13.0,N,1035.7,1056.6,-2.0,N,2026-08-09 21:00:32.451444
2026-08-01,2026-06-01,2026-08-01,subdivision,TAMIL. PUDU.& KARAIKAL,,,5.7,2.9,97.0,LE,101.9,122.6,-17.0,N,2026-08-09 21:00:32.451444
2026-08-01,2026-06-01,2026-08-01,subdivision,TELANGANA,,,3.6,6.6,-45.0,D,340.0,356.5,-5.0,N,2026-08-09 21:00:32.451444
2026-08-01,2026-06-01,2026-08-01,subdivision,UTTARAKHAND,,,7.5,15.4,-51.0,D,573.6,610.0,-6.0,N,2026-08-09 21:00:32.451444
2026-08-01,2026-06-01,2026-08-01,subdivision,VIDARBHA,,,7.7,9.5,-19.0,N,470.5,494.2,-5.0,N,2026-08-09 21:00:32.451444
2026-08-01,2026-06-01,2026-08-01,subdivision,WEST MADHYA PRADESH,,,15.4,11.4,35.0,E,386.9,426.9,-9.0,N,2026-08-09 21:00:32.451444
2026-08-01,2026-06-01,2026-08-01,subdivision,WEST RAJASTHAN,,,2.5,3.7,-33.0,D,132.0,150.9,-13.0,N,2026-08-09 21:00:32.451444
2026-08-01,2026-06-01,2026-08-01,subdivision,WEST UTTAR PRADESH,,,0.3,7.0,-96.0,LD,274.1,325.9,-16.0,N,2026-08-09 21:00:32.451444
