date,period_start,period_end,level,subdivision,state,district,day_actual_mm,day_normal_mm,day_departure_pct,day_category,period_actual_mm,period_normal_mm,period_departure_pct,period_category,scraped_at
2026-09-03,2026-06-01,2026-09-03,district,A & N ISLAND,ANDAMAN & NICOBAR ISLANDS,NICOBAR,3.4,5.4,-36.0,D,474.3,812.1,-42.0,D,2026-09-03 10:48:25.738872
2026-09-03,2026-06-01,2026-09-03,district,A & N ISLAND,ANDAMAN & NICOBAR ISLANDS,NORTH & MIDDLE ANDAMAN,0.0,18.8,-100.0,NR,1941.5,1482.8,31.0,E,2026-09-03 10:48:25.738872
2026-09-03,2026-06-01,2026-09-03,district,A & N ISLAND,ANDAMAN & NICOBAR ISLANDS,SOUTH ANDAMAN,1.1,11.3,-91.0,LD,1017.2,1246.0,-18.0,N,2026-09-03 10:48:25.738872
2026-09-03,2026-06-01,2026-09-03,district,ARUNACHAL PRADESH,ARUNACHAL PRADESH,ANJAW,0.0,8.1,-100.0,NR,164.0,1337.0,-88.0,LD,2026-09-03 10:48:25.738872
2026-09-03,2026-06-01,2026-09-03,district,ARUNACHAL PRADESH,ARUNACHAL PRADESH,CHANGLANG,0.0,9.1,-100.0,NR,967.1,1116.9,-13.0,N,2026-09-03 10:48:25.738872
2026-09-03,2026-06-01,2026-09-03,district,ARUNACHAL PRADESH,ARUNACHAL PRADESH,EAST KAMENG,12.0,15.1,-21.0,D,1195.4,992.0,21.0,E,2026-09-03 10:48:25.738872
2026-09-03,2026-06-01,2026-09-03,district,ARUNACHAL PRADESH,ARUNACHAL PRADESH,EAST SIANG,0.1,24.1,-99.0,LD,1916.4,2636.2,-27.0,D,2026-09-03 10:48:25.738872
2026-09-03,2026-06-01,2026-09-03,district,ARUNACHAL PRADESH,ARUNACHAL PRADESH,KURUNG KUMEY,6.3,7.4,-16.0,N,523.0,926.9,-44.0,D,2026-09-03 10:48:25.738872
2026-09-03,2026-06-01,2026-09-03,district,ARUNACHAL PRADESH,ARUNACHAL PRADESH,LOHIT,0.0,11.3,-100.0,NR,808.3,1291.0,-37.0,D,2026-09-03 10:48:25.738872
2026-09-03,2026-06-01,2026-09-03,district,ARUNACHAL PRADESH,ARUNACHAL PRADESH,LOWER SUBANSIRI,1.0,6.0,-83.0,LD,391.9,622.7,-37.0,D,2026-09-03 10:48:25.738872
2026-09-03,2026-06-01,2026-09-03,district,ARUNACHAL PRADESH,ARUNACHAL PRADESH,PAPUMPARA,0.0,8.9,-100.0,NR,1488.3,1794.7,-17.0,N,2026-09-03 10:48:25.738872
2026-09-03,2026-06-01,2026-09-03,district,ARUNACHAL PRADESH,ARUNACHAL PRADESH,TAWANG,0.0,8.4,-100.0,NR,305.1,814.2,-63.0,LD,2026-09-03 10:48:25.738872
2026-09-03,2026-06-01,2026-09-03,district,ARUNACHAL PRADESH,ARUNACHAL PRADESH,TIRAP,0.0,9.2,-100.0,NR,1642.5,1632.4,1.0,N,2026-09-03 10:48:25.738872
2026-09-03,2026-06-01,2026-09-03,district,ARUNACHAL PRADESH,ARUNACHAL PRADESH,UPPER SIANG,0.0,18.8,-100.0,NR,971.1,1377.4,-30.0,D,2026-09-03 10:48:25.738872
2026-09-03,2026-06-01,2026-09-03,district,ARUNACHAL PRADESH,ARUNACHAL PRADESH,UPPER SUBANSIRI,0.0,7.9,-100.0,NR,308.7,770.9,-60.0,LD,2026-09-03 10:48:25.738872
2026-09-03,2026-06-01,2026-09-03,district,ARUNACHAL PRADESH,ARUNACHAL PRADESH,WEST KAMENG,18.4,13.3,38.0,E,472.9,1413.1,-67.0,LD,2026-09-03 10:48:25.738872
2026-09-03,2026-06-01,2026-09-03,district,ARUNACHAL PRADESH,ARUNACHAL PRADESH,WEST SIANG,0.0,13.7,-100.0,NR,572.3,1634.0,-65.0,LD,2026-09-03 10:48:25.738872
2026-09-03,2026-06-01,2026-09-03,district,ASSAM & MEGHALAYA,ASSAM,BAJALI,0.0,9.8,-100.0,NR,1022.5,1749.7,-42.0,D,2026-09-03 10:48:25.738872
2026-09-03,2026-06-01,2026-09-03,district,ASSAM & MEGHALAYA,ASSAM,BAKSA,0.0,8.8,-100.0,NR,1079.8,1278.4,-16.0,N,2026-09-03 10:48:25.738872
2026-09-03,2026-06-01,2026-09-03,district,ASSAM & MEGHALAYA,ASSAM,BARPETA,0.0,9.8,-100.0,NR,1150.0,1749.7,-34.0,D,2026-09-03 10:48:25.738872
2026-09-03,2026-06-01,2026-09-03,district,ASSAM & MEGHALAYA,ASSAM,BONGAIGAON,0.0,11.0,-100.0,NR,846.2,1978.8,-57.0,D,2026-09-03 10:48:25.738872
2026-09-03,2026-06-01,2026-09-03,district,ASSAM & MEGHALAYA,ASSAM,CACHAR,24.3,12.6,93.0,LE,1461.1,1513.3,-3.0,N,2026-09-03 10:48:25.738872
2026-09-03,2026-06-01,2026-09-03,district,ASSAM & MEGHALAYA,ASSAM,CHARAIDEO,0.0,4.1,-100.0,NR,1107.5,868.5,28.0,E,2026-09-03 10:48:25.738872
2026-09-03,2026-06-01,2026-09-03,district,ASSAM & MEGHALAYA,ASSAM,CHIRANG,0.0,16.7,-100.0,NR,1165.6,1989.0,-41.0,D,2026-09-03 10:48:25.738872
2026-09-03,2026-06-01,2026-09-03,district,ASSAM & MEGHALAYA,ASSAM,DARRANG,0.8,10.9,-93.0,LD,645.3,1084.7,-41.0,D,2026-09-03 10:48:25.738872
2026-09-03,2026-06-01,2026-09-03,district,ASSAM & MEGHALAYA,ASSAM,DHEMAJI,0.0,20.7,-100.0,NR,1968.6,1698.7,16.0,N,2026-09-03 10:48:25.738872
2026-09-03,2026-06-01,2026-09-03,district,ASSAM & MEGHALAYA,ASSAM,DHUBRI,0.9,10.4,-92.0,LD,1153.5,1774.9,-35.0,D,2026-09-03 10:48:25.738872
2026-09-03,2026-06-01,2026-09-03,district,ASSAM & MEGHALAYA,ASSAM,DIBRUGARH,0.4,10.8,-96.0,LD,1016.0,1234.2,-18.0,N,2026-09-03 10:48:25.738872
2026-09-03,2026-06-01,2026-09-03,district,ASSAM & MEGHALAYA,ASSAM,DIMA HASAO,4.8,3.0,61.0,LE,514.5,847.7,-39.0,D,2026-09-03 10:48:25.738872
2026-09-03,2026-06-01,2026-09-03,district,ASSAM & MEGHALAYA,ASSAM,GOALPARA,5.9,12.4,-52.0,D,914.5,1685.4,-46.0,D,2026-09-03 10:48:25.738872
2026-09-03,2026-06-01,2026-09-03,district,ASSAM & MEGHALAYA,ASSAM,GOLAGHAT,0.0,6.8,-100.0,NR,785.7,868.6,-10.0,N,2026-09-03 10:48:25.738872
2026-09-03,2026-06-01,2026-09-03,district,ASSAM & MEGHALAYA,ASSAM,HAILAKANDI,11.7,7.2,62.0,LE,1136.5,1265.5,-10.0,N,2026-09-03 10:48:25.738872
2026-09-03,2026-06-01,2026-09-03,district,ASSAM & MEGHALAYA,ASSAM,HOJAI,0.3,4.8,-95.0,LD,370.1,625.8,-41.0,D,2026-09-03 10:48:25.738872
2026-09-03,2026-06-01,2026-09-03,district,ASSAM & MEGHALAYA,ASSAM,JORHAT,0.5,9.0,-94.0,LD,732.5,1037.3,-29.0,D,2026-09-03 10:48:25.738872
2026-09-03,2026-06-01,2026-09-03,district,ASSAM & MEGHALAYA,ASSAM,KAMRUP METROPOLITAN,3.8,10.5,-63.0,LD,726.3,884.9,-18.0,N,2026-09-03 10:48:25.738872
2026-09-03,2026-06-01,2026-09-03,district,ASSAM & MEGHALAYA,ASSAM,KAMRUP RURAL,0.3,10.9,-97.0,LD,532.9,1087.2,-51.0,D,2026-09-03 10:48:25.738872
2026-09-03,2026-06-01,2026-09-03,district,ASSAM & MEGHALAYA,ASSAM,KARBI ANGLONG,0.2,5.3,-97.0,LD,535.7,670.3,-20.0,D,2026-09-03 10:48:25.738872
2026-09-03,2026-06-01,2026-09-03,district,ASSAM & MEGHALAYA,ASSAM,KOKRAJHAR,0.3,15.3,-98.0,LD,2069.7,2269.1,-9.0,N,2026-09-03 10:48:25.738872
2026-09-03,2026-06-01,2026-09-03,district,ASSAM & MEGHALAYA,ASSAM,LAKHIMPUR,0.0,13.0,-100.0,NR,1981.3,1686.5,17.0,N,2026-09-03 10:48:25.738872
2026-09-03,2026-06-01,2026-09-03,district,ASSAM & MEGHALAYA,ASSAM,MORIGAON,2.2,8.2,-74.0,LD,603.5,938.0,-36.0,D,2026-09-03 10:48:25.738872
2026-09-03,2026-06-01,2026-09-03,district,ASSAM & MEGHALAYA,ASSAM,NAGAON,0.0,8.2,-100.0,NR,456.7,859.3,-47.0,D,2026-09-03 10:48:25.738872
2026-09-03,2026-06-01,2026-09-03,district,ASSAM & MEGHALAYA,ASSAM,NALBARI,0.0,8.5,-100.0,NR,540.8,1336.1,-60.0,LD,2026-09-03 10:48:25.738872
2026-09-03,2026-06-01,2026-09-03,district,ASSAM & MEGHALAYA,ASSAM,SIBSAGAR,0.0,8.6,-100.0,NR,701.8,990.2,-29.0,D,2026-09-03 10:48:25.738872
2026-09-03,2026-06-01,2026-09-03,district,ASSAM & MEGHALAYA,ASSAM,SONITPUR,0.0,7.0,-100.0,NR,992.3,986.0,1.0,N,2026-09-03 10:48:25.738872
2026-09-03,2026-06-01,2026-09-03,district,ASSAM & MEGHALAYA,ASSAM,SRIBHUMI,15.3,12.4,23.0,E,1421.4,1812.0,-22.0,D,2026-09-03 10:48:25.738872
2026-09-03,2026-06-01,2026-09-03,district,ASSAM & MEGHALAYA,ASSAM,TAMULPUR,0.0,9.9,-100.0,NR,1063.2,1120.2,-5.0,N,2026-09-03 10:48:25.738872
2026-09-03,2026-06-01,2026-09-03,district,ASSAM & MEGHALAYA,ASSAM,TINSUKIA,0.0,15.2,-100.0,NR,1136.3,1205.8,-6.0,N,2026-09-03 10:48:25.738872
2026-09-03,2026-06-01,2026-09-03,district,ASSAM & MEGHALAYA,ASSAM,UDALGURI,0.0,7.1,-100.0,NR,524.0,1216.9,-57.0,D,2026-09-03 10:48:25.738872
2026-09-03,2026-06-01,2026-09-03,district,ASSAM & MEGHALAYA,MEGHALAYA,EAST GARO HILLS,2.8,12.4,-77.0,LD,595.6,1550.9,-62.0,LD,2026-09-03 10:48:25.738872
2026-09-03,2026-06-01,2026-09-03,district,ASSAM & MEGHALAYA,MEGHALAYA,EAST JAINTIA HILLS,17.6,31.1,-44.0,D,1375.7,3800.6,-64.0,LD,2026-09-03 10:48:25.738872
2026-09-03,2026-06-01,2026-09-03,district,ASSAM & MEGHALAYA,MEGHALAYA,EAST KHASI HILLS,12.3,27.3,-55.0,D,1867.9,3807.2,-51.0,D,2026-09-03 10:48:25.738872
2026-09-03,2026-06-01,2026-09-03,district,ASSAM & MEGHALAYA,MEGHALAYA,NORTH GARO HILLS,4.7,7.2,-34.0,D,551.2,1496.6,-63.0,LD,2026-09-03 10:48:25.738872
2026-09-03,2026-06-01,2026-09-03,district,ASSAM & MEGHALAYA,MEGHALAYA,RI BHOI,5.8,15.0,-61.0,LD,688.1,1265.4,-46.0,D,2026-09-03 10:48:25.738872
2026-09-03,2026-06-01,2026-09-03,district,ASSAM & MEGHALAYA,MEGHALAYA,SOUTH GARO HILLS,2.8,7.2,-61.0,LD,786.7,1496.6,-47.0,D,2026-09-03 10:48:25.738872
2026-09-03,2026-06-01,2026-09-03,district,ASSAM & MEGHALAYA,MEGHALAYA,SOUTH WEST GARO HILLS,0.1,7.2,-99.0,LD,500.3,1496.6,-67.0,LD,2026-09-03 10:48:25.738872
2026-09-03,2026-06-01,2026-09-03,district,ASSAM & MEGHALAYA,MEGHALAYA,SOUTH WEST KHASI HILLS,5.5,7.2,-24.0,D,2532.0,1496.6,69.0,LE,2026-09-03 10:48:25.738872
2026-09-03,2026-06-01,2026-09-03,district,ASSAM & MEGHALAYA,MEGHALAYA,WEST GARO HILLS,2.6,10.1,-74.0,LD,427.1,1526.1,-72.0,LD,2026-09-03 10:48:25.738872
2026-09-03,2026-06-01,2026-09-03,district,ASSAM & MEGHALAYA,MEGHALAYA,WEST JAINTIA HILLS,11.1,31.1,-64.0,LD,824.1,3800.6,-78.0,LD,2026-09-03 10:48:25.738872
2026-09-03,2026-06-01,2026-09-03,district,ASSAM & MEGHALAYA,MEGHALAYA,WEST KHASI HILLS,10.6,16.3,-35.0,D,736.1,2257.7,-67.0,LD,2026-09-03 10:48:25.738872
2026-09-03,2026-06-01,2026-09-03,district,BIHAR,BIHAR,ARARIA,5.9,7.9,-25.0,D,720.9,1113.3,-35.0,D,2026-09-03 10:48:25.738872
2026-09-03,2026-06-01,2026-09-03,district,BIHAR,BIHAR,ARWAL,17.4,3.4,411.0,LE,434.0,560.2,-23.0,D,2026-09-03 10:48:25.738872
2026-09-03,2026-06-01,2026-09-03,district,BIHAR,BIHAR,AURANGABAD,14.3,7.4,93.0,LE,763.9,692.8,10.0,N,2026-09-03 10:48:25.738872
2026-09-03,2026-06-01,2026-09-03,district,BIHAR,BIHAR,BANKA,34.7,6.4,441.0,LE,438.9,689.9,-36.0,D,2026-09-03 10:48:25.738872
2026-09-03,2026-06-01,2026-09-03,district,BIHAR,BIHAR,BEGUSARAI,8.6,6.2,39.0,E,517.7,790.2,-34.0,D,2026-09-03 10:48:25.738872
2026-09-03,2026-06-01,2026-09-03,district,BIHAR,BIHAR,BHABUA,1.0,8.8,-88.0,LD,452.8,698.2,-35.0,D,2026-09-03 10:48:25.738872
2026-09-03,2026-06-01,2026-09-03,district,BIHAR,BIHAR,BHAGALPUR,11.9,4.3,177.0,LE,362.7,767.3,-53.0,D,2026-09-03 10:48:25.738872
2026-09-03,2026-06-01,2026-09-03,district,BIHAR,BIHAR,BHOJPUR,31.9,5.1,526.0,LE,429.5,699.0,-39.0,D,2026-09-03 10:48:25.738872
2026-09-03,2026-06-01,2026-09-03,district,BIHAR,BIHAR,BUXAR,20.2,6.3,221.0,LE,559.6,636.5,-12.0,N,2026-09-03 10:48:25.738872
2026-09-03,2026-06-01,2026-09-03,district,BIHAR,BIHAR,DARBHANGA,7.9,5.0,58.0,E,348.5,729.5,-52.0,D,2026-09-03 10:48:25.738872
2026-09-03,2026-06-01,2026-09-03,district,BIHAR,BIHAR,EAST CHAMPARAN,2.7,7.6,-65.0,LD,474.9,863.9,-45.0,D,2026-09-03 10:48:25.738872
2026-09-03,2026-06-01,2026-09-03,district,BIHAR,BIHAR,GAYA,18.3,5.5,234.0,LE,548.0,673.5,-19.0,N,2026-09-03 10:48:25.738872
2026-09-03,2026-06-01,2026-09-03,district,BIHAR,BIHAR,GOPALGANJ,0.0,5.5,-100.0,NR,483.3,771.3,-37.0,D,2026-09-03 10:48:25.738872
2026-09-03,2026-06-01,2026-09-03,district,BIHAR,BIHAR,JAHANABAD,15.9,3.8,319.0,LE,283.3,665.9,-57.0,D,2026-09-03 10:48:25.738872
2026-09-03,2026-06-01,2026-09-03,district,BIHAR,BIHAR,JAMUI,12.7,6.1,108.0,LE,418.3,734.7,-43.0,D,2026-09-03 10:48:25.738872
2026-09-03,2026-06-01,2026-09-03,district,BIHAR,BIHAR,KATIHAR,10.4,6.5,60.0,LE,522.6,836.0,-37.0,D,2026-09-03 10:48:25.738872
2026-09-03,2026-06-01,2026-09-03,district,BIHAR,BIHAR,KHAGARIA,12.1,5.7,112.0,LE,726.1,762.8,-5.0,N,2026-09-03 10:48:25.738872
2026-09-03,2026-06-01,2026-09-03,district,BIHAR,BIHAR,KISHANGANJ,4.0,11.2,-64.0,LD,954.0,1423.9,-33.0,D,2026-09-03 10:48:25.738872
2026-09-03,2026-06-01,2026-09-03,district,BIHAR,BIHAR,LAKHISARAI,3.3,2.7,22.0,E,633.9,668.7,-5.0,N,2026-09-03 10:48:25.738872
2026-09-03,2026-06-01,2026-09-03,district,BIHAR,BIHAR,MADHEPURA,15.2,5.7,167.0,LE,533.6,816.3,-35.0,D,2026-09-03 10:48:25.738872
2026-09-03,2026-06-01,2026-09-03,district,BIHAR,BIHAR,MADHUBANI,4.0,6.8,-41.0,D,461.4,811.4,-43.0,D,2026-09-03 10:48:25.738872
2026-09-03,2026-06-01,2026-09-03,district,BIHAR,BIHAR,MUNGER,18.6,5.4,244.0,LE,566.4,813.6,-30.0,D,2026-09-03 10:48:25.738872
2026-09-03,2026-06-01,2026-09-03,district,BIHAR,BIHAR,MUZAFFARPUR,1.8,6.3,-71.0,LD,366.7,768.6,-52.0,D,2026-09-03 10:48:25.738872
2026-09-03,2026-06-01,2026-09-03,district,BIHAR,BIHAR,NALANDA,9.8,4.2,135.0,LE,436.5,675.8,-35.0,D,2026-09-03 10:48:25.738872
2026-09-03,2026-06-01,2026-09-03,district,BIHAR,BIHAR,NAWADA,15.7,4.9,221.0,LE,504.7,665.1,-24.0,D,2026-09-03 10:48:25.738872
2026-09-03,2026-06-01,2026-09-03,district,BIHAR,BIHAR,PATNA,7.1,5.5,29.0,E,390.7,702.8,-44.0,D,2026-09-03 10:48:25.738872
2026-09-03,2026-06-01,2026-09-03,district,BIHAR,BIHAR,PURNEA,19.1,6.8,181.0,LE,662.7,1127.2,-41.0,D,2026-09-03 10:48:25.738872
2026-09-03,2026-06-01,2026-09-03,district,BIHAR,BIHAR,ROHTAS,19.8,6.4,209.0,LE,531.2,674.4,-21.0,D,2026-09-03 10:48:25.738872
2026-09-03,2026-06-01,2026-09-03,district,BIHAR,BIHAR,SAHARSA,15.8,6.1,160.0,LE,465.1,866.5,-46.0,D,2026-09-03 10:48:25.738872
2026-09-03,2026-06-01,2026-09-03,district,BIHAR,BIHAR,SAMASTIPUR,4.4,6.8,-36.0,D,404.5,743.9,-46.0,D,2026-09-03 10:48:25.738872
2026-09-03,2026-06-01,2026-09-03,district,BIHAR,BIHAR,SARAN,1.4,5.2,-72.0,LD,362.8,722.3,-50.0,D,2026-09-03 10:48:25.738872
2026-09-03,2026-06-01,2026-09-03,district,BIHAR,BIHAR,SHEIKHPURA,10.7,3.0,256.0,LE,448.4,649.8,-31.0,D,2026-09-03 10:48:25.738872
2026-09-03,2026-06-01,2026-09-03,district,BIHAR,BIHAR,SHEOHAR,2.5,7.0,-64.0,LD,320.8,822.2,-61.0,LD,2026-09-03 10:48:25.738872
2026-09-03,2026-06-01,2026-09-03,district,BIHAR,BIHAR,SITAMARHI,2.7,5.7,-52.0,D,361.3,888.8,-59.0,D,2026-09-03 10:48:25.738872
2026-09-03,2026-06-01,2026-09-03,district,BIHAR,BIHAR,SIWAN,0.3,5.9,-95.0,LD,619.7,705.2,-12.0,N,2026-09-03 10:48:25.738872
2026-09-03,2026-06-01,2026-09-03,district,BIHAR,BIHAR,SUPAUL,4.9,6.0,-18.0,N,638.6,874.9,-27.0,D,2026-09-03 10:48:25.738872
2026-09-03,2026-06-01,2026-09-03,district,BIHAR,BIHAR,VAISHALI,1.7,5.7,-70.0,LD,419.9,723.6,-42.0,D,2026-09-03 10:48:25.738872
2026-09-03,2026-06-01,2026-09-03,district,BIHAR,BIHAR,WEST CHAMPARAN,0.4,9.0,-95.0,LD,615.7,1022.2,-40.0,D,2026-09-03 10:48:25.738872
2026-09-03,2026-06-01,2026-09-03,district,CHHATTISGARH,CHHATTISGARH,BALOD,5.0,8.7,-43.0,D,924.9,852.2,9.0,N,2026-09-03 10:48:25.738872
2026-09-03,2026-06-01,2026-09-03,district,CHHATTISGARH,CHHATTISGARH,BALODA BAZAR,23.3,10.1,131.0,LE,963.6,783.6,23.0,E,2026-09-03 10:48:25.738872
2026-09-03,2026-06-01,2026-09-03,district,CHHATTISGARH,CHHATTISGARH,BALRAMPUR,12.0,14.3,-16.0,N,1433.1,820.0,75.0,LE,2026-09-03 10:48:25.738872
2026-09-03,2026-06-01,2026-09-03,district,CHHATTISGARH,CHHATTISGARH,BASTAR,4.1,11.3,-63.0,LD,863.4,981.0,-12.0,N,2026-09-03 10:48:25.738872
2026-09-03,2026-06-01,2026-09-03,district,CHHATTISGARH,CHHATTISGARH,BEMETARA,20.7,9.7,114.0,LE,536.7,881.3,-39.0,D,2026-09-03 10:48:25.738872
2026-09-03,2026-06-01,2026-09-03,district,CHHATTISGARH,CHHATTISGARH,BIJAPUR,7.5,11.0,-32.0,D,1241.0,1177.8,5.0,N,2026-09-03 10:48:25.738872
2026-09-03,2026-06-01,2026-09-03,district,CHHATTISGARH,CHHATTISGARH,BILASPUR,11.0,11.6,-5.0,N,940.3,883.4,6.0,N,2026-09-03 10:48:25.738872
2026-09-03,2026-06-01,2026-09-03,district,CHHATTISGARH,CHHATTISGARH,DANTEWADA,4.9,5.3,-8.0,N,927.0,1096.1,-15.0,N,2026-09-03 10:48:25.738872
2026-09-03,2026-06-01,2026-09-03,district,CHHATTISGARH,CHHATTISGARH,DHAMTARI,4.5,12.6,-64.0,LD,923.5,886.6,4.0,N,2026-09-03 10:48:25.738872
2026-09-03,2026-06-01,2026-09-03,district,CHHATTISGARH,CHHATTISGARH,DURG,12.0,8.5,41.0,E,695.4,831.2,-16.0,N,2026-09-03 10:48:25.738872
2026-09-03,2026-06-01,2026-09-03,district,CHHATTISGARH,CHHATTISGARH,GARIABAND,3.0,9.8,-70.0,LD,1015.8,890.2,14.0,N,2026-09-03 10:48:25.738872
2026-09-03,2026-06-01,2026-09-03,district,CHHATTISGARH,CHHATTISGARH,GAURELA PENDRA MARWAHI,11.0,11.0,0.0,N,855.2,902.3,-5.0,N,2026-09-03 10:48:25.738872
2026-09-03,2026-06-01,2026-09-03,district,CHHATTISGARH,CHHATTISGARH,JANJGIR,15.7,11.8,33.0,E,1073.6,919.3,17.0,N,2026-09-03 10:48:25.738872
2026-09-03,2026-06-01,2026-09-03,district,CHHATTISGARH,CHHATTISGARH,JASHPUR,4.5,11.1,-60.0,LD,762.5,1129.7,-33.0,D,2026-09-03 10:48:25.738872
2026-09-03,2026-06-01,2026-09-03,district,CHHATTISGARH,CHHATTISGARH,KABIRDHAM,21.9,10.0,119.0,LE,592.1,727.0,-19.0,N,2026-09-03 10:48:25.738872
2026-09-03,2026-06-01,2026-09-03,district,CHHATTISGARH,CHHATTISGARH,KANKER,5.2,8.2,-36.0,D,725.0,1131.2,-36.0,D,2026-09-03 10:48:25.738872
2026-09-03,2026-06-01,2026-09-03,district,CHHATTISGARH,CHHATTISGARH,KHAIRAGARH CHH GANDAI,18.8,6.9,173.0,LE,612.9,618.4,-1.0,N,2026-09-03 10:48:25.738872
2026-09-03,2026-06-01,2026-09-03,district,CHHATTISGARH,CHHATTISGARH,KONDAGAON,2.1,10.5,-80.0,LD,799.2,981.2,-19.0,N,2026-09-03 10:48:25.738872
2026-09-03,2026-06-01,2026-09-03,district,CHHATTISGARH,CHHATTISGARH,KORBA,13.8,13.1,5.0,N,1005.8,1050.7,-4.0,N,2026-09-03 10:48:25.738872
2026-09-03,2026-06-01,2026-09-03,district,CHHATTISGARH,CHHATTISGARH,KORIYA,66.0,13.8,378.0,LE,860.6,934.2,-8.0,N,2026-09-03 10:48:25.738872
2026-09-03,2026-06-01,2026-09-03,district,CHHATTISGARH,CHHATTISGARH,MAHASAMUND,0.5,14.5,-96.0,LD,1068.2,893.7,20.0,E,2026-09-03 10:48:25.738872
2026-09-03,2026-06-01,2026-09-03,district,CHHATTISGARH,CHHATTISGARH,MANENDRAGARH BHARATPUR,43.9,13.8,218.0,LE,1083.5,934.0,16.0,N,2026-09-03 10:48:25.738872
2026-09-03,2026-06-01,2026-09-03,district,CHHATTISGARH,CHHATTISGARH,MOHALA MANPUR CHOWKI,7.4,6.0,23.0,E,731.7,859.9,-15.0,N,2026-09-03 10:48:25.738872
2026-09-03,2026-06-01,2026-09-03,district,CHHATTISGARH,CHHATTISGARH,MUNGELI,24.8,7.9,214.0,LE,1047.7,795.0,32.0,E,2026-09-03 10:48:25.738872
2026-09-03,2026-06-01,2026-09-03,district,CHHATTISGARH,CHHATTISGARH,NARAYANPUR,1.3,5.7,-78.0,LD,1282.8,1039.9,23.0,E,2026-09-03 10:48:25.738872
2026-09-03,2026-06-01,2026-09-03,district,CHHATTISGARH,CHHATTISGARH,RAIGARH,3.5,11.6,-70.0,LD,919.2,992.0,-7.0,N,2026-09-03 10:48:25.738872
2026-09-03,2026-06-01,2026-09-03,district,CHHATTISGARH,CHHATTISGARH,RAIPUR,29.9,13.2,126.0,LE,1027.5,852.0,21.0,E,2026-09-03 10:48:25.738872
2026-09-03,2026-06-01,2026-09-03,district,CHHATTISGARH,CHHATTISGARH,RAJNANDGAON,12.9,6.7,92.0,LE,748.6,871.8,-14.0,N,2026-09-03 10:48:25.738872
2026-09-03,2026-06-01,2026-09-03,district,CHHATTISGARH,CHHATTISGARH,SAKTI,13.3,13.3,0.0,N,889.5,942.4,-6.0,N,2026-09-03 10:48:25.738872
2026-09-03,2026-06-01,2026-09-03,district,CHHATTISGARH,CHHATTISGARH,SARANGARH BILAIGARH,0.8,8.1,-91.0,LD,1104.7,765.1,44.0,E,2026-09-03 10:48:25.738872
2026-09-03,2026-06-01,2026-09-03,district,CHHATTISGARH,CHHATTISGARH,SUKMA,1.1,11.1,-90.0,LD,855.4,994.5,-14.0,N,2026-09-03 10:48:25.738872
2026-09-03,2026-06-01,2026-09-03,district,CHHATTISGARH,CHHATTISGARH,SURAJPUR,29.9,13.1,128.0,LE,1143.3,1005.1,14.0,N,2026-09-03 10:48:25.738872
2026-09-03,2026-06-01,2026-09-03,district,CHHATTISGARH,CHHATTISGARH,SURGUJA,10.4,11.9,-13.0,N,621.5,983.7,-37.0,D,2026-09-03 10:48:25.738872
2026-09-03,2026-06-01,2026-09-03,district,COASTAL A. P. & YANAM,ANDHRA PRADESH,ANAKAPALLI,0.0,7.3,-100.0,NR,266.0,467.9,-43.0,D,2026-09-03 10:48:25.738872
2026-09-03,2026-06-01,2026-09-03,district,COASTAL A. P. & YANAM,ANDHRA PRADESH,BAPATLA,15.4,7.3,112.0,LE,175.5,407.5,-57.0,D,2026-09-03 10:48:25.738872
2026-09-03,2026-06-01,2026-09-03,district,COASTAL A. P. & YANAM,ANDHRA PRADESH,DR B R AMBEDKAR KONASEEMA,19.4,5.8,234.0,LE,464.6,607.2,-23.0,D,2026-09-03 10:48:25.738872
2026-09-03,2026-06-01,2026-09-03,district,COASTAL A. P. & YANAM,ANDHRA PRADESH,EAST GODAVARI,10.0,4.1,144.0,LE,332.3,569.0,-42.0,D,2026-09-03 10:48:25.738872
2026-09-03,2026-06-01,2026-09-03,district,COASTAL A. P. & YANAM,ANDHRA PRADESH,ELURU,4.6,5.4,-16.0,N,397.2,693.0,-43.0,D,2026-09-03 10:48:25.738872
2026-09-03,2026-06-01,2026-09-03,district,COASTAL A. P. & YANAM,ANDHRA PRADESH,GUNTUR,0.0,6.1,-100.0,NR,313.2,457.6,-32.0,D,2026-09-03 10:48:25.738872
2026-09-03,2026-06-01,2026-09-03,district,COASTAL A. P. & YANAM,ANDHRA PRADESH,KAKINADA,0.5,5.0,-91.0,LD,293.9,504.1,-42.0,D,2026-09-03 10:48:25.738872
2026-09-03,2026-06-01,2026-09-03,district,COASTAL A. P. & YANAM,ANDHRA PRADESH,KRISHNA,0.1,5.1,-97.0,LD,304.8,513.8,-41.0,D,2026-09-03 10:48:25.738872
2026-09-03,2026-06-01,2026-09-03,district,COASTAL A. P. & YANAM,ANDHRA PRADESH,NTR DISTRICT,0.0,5.8,-100.0,NR,344.3,559.3,-38.0,D,2026-09-03 10:48:25.738872
2026-09-03,2026-06-01,2026-09-03,district,COASTAL A. P. & YANAM,ANDHRA PRADESH,PALNADU,0.7,5.7,-88.0,LD,230.5,414.4,-44.0,D,2026-09-03 10:48:25.738872
2026-09-03,2026-06-01,2026-09-03,district,COASTAL A. P. & YANAM,ANDHRA PRADESH,PARVATHIPURAM MANYAM,0.0,6.7,-100.0,NR,355.4,603.9,-41.0,D,2026-09-03 10:48:25.738872
2026-09-03,2026-06-01,2026-09-03,district,COASTAL A. P. & YANAM,ANDHRA PRADESH,PRAKASAM,0.4,4.2,-91.0,LD,104.4,265.4,-61.0,LD,2026-09-03 10:48:25.738872
2026-09-03,2026-06-01,2026-09-03,district,COASTAL A. P. & YANAM,ANDHRA PRADESH,SPSR NELLORE,0.3,2.8,-88.0,LD,137.0,238.7,-43.0,D,2026-09-03 10:48:25.738872
2026-09-03,2026-06-01,2026-09-03,district,COASTAL A. P. & YANAM,ANDHRA PRADESH,SRI ALLURI SITHARAMARAJU DISTRICT,0.0,6.9,-100.0,NR,362.5,725.3,-50.0,D,2026-09-03 10:48:25.738872
2026-09-03,2026-06-01,2026-09-03,district,COASTAL A. P. & YANAM,ANDHRA PRADESH,SRIKAKULAM,1.0,5.8,-83.0,LD,342.5,544.5,-37.0,D,2026-09-03 10:48:25.738872
2026-09-03,2026-06-01,2026-09-03,district,COASTAL A. P. & YANAM,ANDHRA PRADESH,VISHAKHAPATNAM,0.0,4.8,-100.0,NR,241.3,421.4,-43.0,D,2026-09-03 10:48:25.738872
2026-09-03,2026-06-01,2026-09-03,district,COASTAL A. P. & YANAM,ANDHRA PRADESH,VIZIANAGARAM,0.0,5.8,-100.0,NR,346.3,519.2,-33.0,D,2026-09-03 10:48:25.738872
2026-09-03,2026-06-01,2026-09-03,district,COASTAL A. P. & YANAM,ANDHRA PRADESH,WEST GODAVARI,11.0,5.5,99.0,LE,297.3,583.6,-49.0,D,2026-09-03 10:48:25.738872
2026-09-03,2026-06-01,2026-09-03,district,COASTAL A. P. & YANAM,PUDUCHERRY (UT),YANAM,0.0,4.2,-100.0,NR,306.4,563.7,-46.0,D,2026-09-03 10:48:25.738872
2026-09-03,2026-06-01,2026-09-03,district,COASTAL KARNATAKA,KARNATAKA,DAKSHINA KANNADA,0.3,15.4,-98.0,LD,2446.4,3023.2,-19.0,N,2026-09-03 10:48:25.738872
2026-09-03,2026-06-01,2026-09-03,district,COASTAL KARNATAKA,KARNATAKA,UDUPI,9.0,19.3,-54.0,D,2543.2,3425.6,-26.0,D,2026-09-03 10:48:25.738872
2026-09-03,2026-06-01,2026-09-03,district,COASTAL KARNATAKA,KARNATAKA,UTTARA KANNADA,8.2,14.6,-44.0,D,1847.8,2513.5,-26.0,D,2026-09-03 10:48:25.738872
2026-09-03,2026-06-01,2026-09-03,district,EAST MADHYA PRADESH,MADHYA PRADESH,ANUPPUR,23.0,11.2,105.0,LE,972.9,834.4,17.0,N,2026-09-03 10:48:25.738872
2026-09-03,2026-06-01,2026-09-03,district,EAST MADHYA PRADESH,MADHYA PRADESH,BALAGHAT,38.4,9.2,317.0,LE,982.1,1066.0,-8.0,N,2026-09-03 10:48:25.738872
2026-09-03,2026-06-01,2026-09-03,district,EAST MADHYA PRADESH,MADHYA PRADESH,CHHATARPUR,84.8,12.3,590.0,LE,839.4,795.9,5.0,N,2026-09-03 10:48:25.738872
2026-09-03,2026-06-01,2026-09-03,district,EAST MADHYA PRADESH,MADHYA PRADESH,CHHINDWARA,10.0,7.3,37.0,E,670.6,865.6,-23.0,D,2026-09-03 10:48:25.738872
2026-09-03,2026-06-01,2026-09-03,district,EAST MADHYA PRADESH,MADHYA PRADESH,DAMOH,16.7,6.9,142.0,LE,819.6,930.7,-12.0,N,2026-09-03 10:48:25.738872
2026-09-03,2026-06-01,2026-09-03,district,EAST MADHYA PRADESH,MADHYA PRADESH,DINDORI,19.2,8.9,116.0,LE,1003.1,1008.5,-1.0,N,2026-09-03 10:48:25.738872
2026-09-03,2026-06-01,2026-09-03,district,EAST MADHYA PRADESH,MADHYA PRADESH,JABALPUR,36.3,9.6,278.0,LE,822.5,964.0,-15.0,N,2026-09-03 10:48:25.738872
2026-09-03,2026-06-01,2026-09-03,district,EAST MADHYA PRADESH,MADHYA PRADESH,KATNI,15.0,8.5,76.0,LE,758.9,806.6,-6.0,N,2026-09-03 10:48:25.738872
2026-09-03,2026-06-01,2026-09-03,district,EAST MADHYA PRADESH,MADHYA PRADESH,MAIHAR,101.2,7.3,1286.0,LE,992.2,812.8,22.0,E,2026-09-03 10:48:25.738872
2026-09-03,2026-06-01,2026-09-03,district,EAST MADHYA PRADESH,MADHYA PRADESH,MANDLA,56.1,8.9,530.0,LE,1017.0,1027.5,-1.0,N,2026-09-03 10:48:25.738872
2026-09-03,2026-06-01,2026-09-03,district,EAST MADHYA PRADESH,MADHYA PRADESH,MAUGANJ,60.8,16.8,262.0,LE,1336.8,793.4,68.0,LE,2026-09-03 10:48:25.738872
2026-09-03,2026-06-01,2026-09-03,district,EAST MADHYA PRADESH,MADHYA PRADESH,NARSINGHPUR,35.6,6.5,448.0,LE,814.4,885.2,-8.0,N,2026-09-03 10:48:25.738872
2026-09-03,2026-06-01,2026-09-03,district,EAST MADHYA PRADESH,MADHYA PRADESH,NIWARI,5.3,9.0,-41.0,D,1000.0,668.1,50.0,E,2026-09-03 10:48:25.738872
2026-09-03,2026-06-01,2026-09-03,district,EAST MADHYA PRADESH,MADHYA PRADESH,PANDHURNA,5.0,7.4,-33.0,D,524.6,678.8,-23.0,D,2026-09-03 10:48:25.738872
2026-09-03,2026-06-01,2026-09-03,district,EAST MADHYA PRADESH,MADHYA PRADESH,PANNA,71.2,8.5,738.0,LE,952.5,906.2,5.0,N,2026-09-03 10:48:25.738872
2026-09-03,2026-06-01,2026-09-03,district,EAST MADHYA PRADESH,MADHYA PRADESH,REWA,42.0,10.9,285.0,LE,760.5,815.8,-7.0,N,2026-09-03 10:48:25.738872
2026-09-03,2026-06-01,2026-09-03,district,EAST MADHYA PRADESH,MADHYA PRADESH,SAGAR,42.8,5.2,724.0,LE,740.6,911.5,-19.0,N,2026-09-03 10:48:25.738872
2026-09-03,2026-06-01,2026-09-03,district,EAST MADHYA PRADESH,MADHYA PRADESH,SATNA,96.1,7.9,1116.0,LE,1232.7,784.5,57.0,E,2026-09-03 10:48:25.738872
2026-09-03,2026-06-01,2026-09-03,district,EAST MADHYA PRADESH,MADHYA PRADESH,SEONI,26.8,5.0,435.0,LE,726.9,864.2,-16.0,N,2026-09-03 10:48:25.738872
2026-09-03,2026-06-01,2026-09-03,district,EAST MADHYA PRADESH,MADHYA PRADESH,SHAHDOL,54.3,7.6,614.0,LE,1078.6,831.0,30.0,E,2026-09-03 10:48:25.738872
2026-09-03,2026-06-01,2026-09-03,district,EAST MADHYA PRADESH,MADHYA PRADESH,SIDHI,56.0,12.4,351.0,LE,1068.1,856.4,25.0,E,2026-09-03 10:48:25.738872
2026-09-03,2026-06-01,2026-09-03,district,EAST MADHYA PRADESH,MADHYA PRADESH,SINGRAULI,47.4,7.3,549.0,LE,994.0,865.6,15.0,N,2026-09-03 10:48:25.738872
2026-09-03,2026-06-01,2026-09-03,district,EAST MADHYA PRADESH,MADHYA PRADESH,TIKAMGARH,25.9,7.8,232.0,LE,765.5,788.5,-3.0,N,2026-09-03 10:48:25.738872
2026-09-03,2026-06-01,2026-09-03,district,EAST MADHYA PRADESH,MADHYA PRADESH,UMARIA,34.9,10.5,233.0,LE,1033.0,887.8,16.0,N,2026-09-03 10:48:25.738872
2026-09-03,2026-06-01,2026-09-03,district,EAST RAJASTHAN,RAJASTHAN,AJMER,0.0,3.6,-100.0,NR,329.4,404.2,-19.0,N,2026-09-03 10:48:25.738872
2026-09-03,2026-06-01,2026-09-03,district,EAST RAJASTHAN,RAJASTHAN,ALWAR,0.1,5.1,-98.0,LD,431.2,471.7,-9.0,N,2026-09-03 10:48:25.738872
2026-09-03,2026-06-01,2026-09-03,district,EAST RAJASTHAN,RAJASTHAN,BANSWARA,0.0,6.1,-100.0,NR,380.4,764.3,-50.0,D,2026-09-03 10:48:25.738872
2026-09-03,2026-06-01,2026-09-03,district,EAST RAJASTHAN,RAJASTHAN,BARAN,0.0,5.0,-100.0,NR,527.0,737.1,-29.0,D,2026-09-03 10:48:25.738872
2026-09-03,2026-06-01,2026-09-03,district,EAST RAJASTHAN,RAJASTHAN,BHARATPUR,2.7,3.6,-25.0,D,582.4,463.0,26.0,E,2026-09-03 10:48:25.738872
2026-09-03,2026-06-01,2026-09-03,district,EAST RAJASTHAN,RAJASTHAN,BHILWARA,0.2,5.4,-96.0,LD,362.3,538.3,-33.0,D,2026-09-03 10:48:25.738872
2026-09-03,2026-06-01,2026-09-03,district,EAST RAJASTHAN,RAJASTHAN,BUNDI,0.7,5.8,-89.0,LD,424.4,573.7,-26.0,D,2026-09-03 10:48:25.738872
2026-09-03,2026-06-01,2026-09-03,district,EAST RAJASTHAN,RAJASTHAN,CHITTORGARH,0.0,8.4,-100.0,NR,484.7,645.9,-25.0,D,2026-09-03 10:48:25.738872
2026-09-03,2026-06-01,2026-09-03,district,EAST RAJASTHAN,RAJASTHAN,DAUSA,2.2,5.9,-63.0,LD,485.4,524.5,-7.0,N,2026-09-03 10:48:25.738872
2026-09-03,2026-06-01,2026-09-03,district,EAST RAJASTHAN,RAJASTHAN,DHOLPUR,4.0,4.4,-9.0,N,536.0,499.0,7.0,N,2026-09-03 10:48:25.738872
2026-09-03,2026-06-01,2026-09-03,district,EAST RAJASTHAN,RAJASTHAN,DUNGARPUR,0.0,5.2,-100.0,NR,340.8,617.4,-45.0,D,2026-09-03 10:48:25.738872
2026-09-03,2026-06-01,2026-09-03,district,EAST RAJASTHAN,RAJASTHAN,JAIPUR,0.8,5.8,-86.0,LD,323.4,464.4,-30.0,D,2026-09-03 10:48:25.738872
2026-09-03,2026-06-01,2026-09-03,district,EAST RAJASTHAN,RAJASTHAN,JHALAWAR,0.0,8.7,-100.0,NR,623.9,777.0,-20.0,D,2026-09-03 10:48:25.738872
2026-09-03,2026-06-01,2026-09-03,district,EAST RAJASTHAN,RAJASTHAN,JHUNJHUNU,0.0,3.2,-100.0,NR,393.2,358.2,10.0,N,2026-09-03 10:48:25.738872
2026-09-03,2026-06-01,2026-09-03,district,EAST RAJASTHAN,RAJASTHAN,KARAULI,1.0,5.6,-82.0,LD,408.2,530.1,-23.0,D,2026-09-03 10:48:25.738872
2026-09-03,2026-06-01,2026-09-03,district,EAST RAJASTHAN,RAJASTHAN,KOTA,1.2,6.3,-80.0,LD,446.0,654.1,-32.0,D,2026-09-03 10:48:25.738872
2026-09-03,2026-06-01,2026-09-03,district,EAST RAJASTHAN,RAJASTHAN,PRATAPGARH,0.0,8.9,-100.0,NR,617.0,801.5,-23.0,D,2026-09-03 10:48:25.738872
2026-09-03,2026-06-01,2026-09-03,district,EAST RAJASTHAN,RAJASTHAN,RAJSAMAND,0.0,5.4,-100.0,NR,309.3,473.1,-35.0,D,2026-09-03 10:48:25.738872
2026-09-03,2026-06-01,2026-09-03,district,EAST RAJASTHAN,RAJASTHAN,SAWAI MADHOPUR,1.1,8.0,-86.0,LD,384.3,591.7,-35.0,D,2026-09-03 10:48:25.738872
2026-09-03,2026-06-01,2026-09-03,district,EAST RAJASTHAN,RAJASTHAN,SIKAR,0.0,3.2,-100.0,NR,330.7,365.6,-10.0,N,2026-09-03 10:48:25.738872
2026-09-03,2026-06-01,2026-09-03,district,EAST RAJASTHAN,RAJASTHAN,SIROHI,0.0,7.0,-100.0,NR,415.4,770.5,-46.0,D,2026-09-03 10:48:25.738872
2026-09-03,2026-06-01,2026-09-03,district,EAST RAJASTHAN,RAJASTHAN,TONK,0.4,6.4,-93.0,LD,399.1,509.8,-22.0,D,2026-09-03 10:48:25.738872
2026-09-03,2026-06-01,2026-09-03,district,EAST RAJASTHAN,RAJASTHAN,UDAIPUR,0.0,5.4,-100.0,NR,339.4,536.9,-37.0,D,2026-09-03 10:48:25.738872
2026-09-03,2026-06-01,2026-09-03,district,EAST UTTAR PRADESH,UTTAR PRADESH,AMBEDKAR NAGAR,5.5,7.2,-24.0,D,650.7,684.9,-5.0,N,2026-09-03 10:48:25.738872
2026-09-03,2026-06-01,2026-09-03,district,EAST UTTAR PRADESH,UTTAR PRADESH,AMETHI,3.5,5.5,-36.0,D,355.2,554.6,-36.0,D,2026-09-03 10:48:25.738872
2026-09-03,2026-06-01,2026-09-03,district,EAST UTTAR PRADESH,UTTAR PRADESH,AYODHYA,0.7,7.6,-91.0,LD,616.4,694.3,-11.0,N,2026-09-03 10:48:25.738872
2026-09-03,2026-06-01,2026-09-03,district,EAST UTTAR PRADESH,UTTAR PRADESH,AZAMGARH,12.3,7.9,55.0,E,578.0,675.3,-14.0,N,2026-09-03 10:48:25.738872
2026-09-03,2026-06-01,2026-09-03,district,EAST UTTAR PRADESH,UTTAR PRADESH,BAHRAICH,5.7,9.6,-40.0,D,882.0,807.3,9.0,N,2026-09-03 10:48:25.738872
2026-09-03,2026-06-01,2026-09-03,district,EAST UTTAR PRADESH,UTTAR PRADESH,BALLIA,16.4,4.5,263.0,LE,504.8,587.8,-14.0,N,2026-09-03 10:48:25.738872
2026-09-03,2026-06-01,2026-09-03,district,EAST UTTAR PRADESH,UTTAR PRADESH,BALRAMPUR,3.5,11.6,-70.0,LD,570.8,669.8,-15.0,N,2026-09-03 10:48:25.738872
2026-09-03,2026-06-01,2026-09-03,district,EAST UTTAR PRADESH,UTTAR PRADESH,BANDA,70.0,5.1,1273.0,LE,1098.1,637.1,72.0,LE,2026-09-03 10:48:25.738872
2026-09-03,2026-06-01,2026-09-03,district,EAST UTTAR PRADESH,UTTAR PRADESH,BARABANKI,5.9,9.6,-38.0,D,684.7,657.6,4.0,N,2026-09-03 10:48:25.738872
2026-09-03,2026-06-01,2026-09-03,district,EAST UTTAR PRADESH,UTTAR PRADESH,BASTI,0.0,4.1,-100.0,NR,553.2,670.5,-17.0,N,2026-09-03 10:48:25.738872
2026-09-03,2026-06-01,2026-09-03,district,EAST UTTAR PRADESH,UTTAR PRADESH,BHADOHI,3.2,8.6,-63.0,LD,252.2,658.7,-62.0,LD,2026-09-03 10:48:25.738872
2026-09-03,2026-06-01,2026-09-03,district,EAST UTTAR PRADESH,UTTAR PRADESH,CHANDAULI,3.5,5.1,-31.0,D,497.5,579.8,-14.0,N,2026-09-03 10:48:25.738872
2026-09-03,2026-06-01,2026-09-03,district,EAST UTTAR PRADESH,UTTAR PRADESH,CHITRAKOOT,50.3,7.8,544.0,LE,1192.0,653.2,82.0,LE,2026-09-03 10:48:25.738872
2026-09-03,2026-06-01,2026-09-03,district,EAST UTTAR PRADESH,UTTAR PRADESH,DEORIA,0.0,4.7,-100.0,NR,172.0,639.2,-73.0,LD,2026-09-03 10:48:25.738872
2026-09-03,2026-06-01,2026-09-03,district,EAST UTTAR PRADESH,UTTAR PRADESH,FARRUKHABAD,1.3,4.4,-70.0,LD,471.3,591.7,-20.0,D,2026-09-03 10:48:25.738872
2026-09-03,2026-06-01,2026-09-03,district,EAST UTTAR PRADESH,UTTAR PRADESH,FATEHPUR,42.7,4.0,967.0,LE,616.6,570.9,8.0,N,2026-09-03 10:48:25.738872
2026-09-03,2026-06-01,2026-09-03,district,EAST UTTAR PRADESH,UTTAR PRADESH,GHAZIPUR,10.4,5.3,96.0,LE,500.4,624.2,-20.0,D,2026-09-03 10:48:25.738872
2026-09-03,2026-06-01,2026-09-03,district,EAST UTTAR PRADESH,UTTAR PRADESH,GONDA,4.8,6.9,-31.0,D,685.4,709.7,-3.0,N,2026-09-03 10:48:25.738872
2026-09-03,2026-06-01,2026-09-03,district,EAST UTTAR PRADESH,UTTAR PRADESH,GORAKHPUR,0.0,8.6,-100.0,NR,682.4,1017.9,-33.0,D,2026-09-03 10:48:25.738872
2026-09-03,2026-06-01,2026-09-03,district,EAST UTTAR PRADESH,UTTAR PRADESH,HARDOI,9.4,3.9,141.0,LE,514.1,541.1,-5.0,N,2026-09-03 10:48:25.738872
2026-09-03,2026-06-01,2026-09-03,district,EAST UTTAR PRADESH,UTTAR PRADESH,JAUNPUR,8.0,8.4,-5.0,N,260.7,571.6,-54.0,D,2026-09-03 10:48:25.738872
2026-09-03,2026-06-01,2026-09-03,district,EAST UTTAR PRADESH,UTTAR PRADESH,KANNAUJ,18.2,6.2,194.0,LE,764.9,544.7,40.0,E,2026-09-03 10:48:25.738872
2026-09-03,2026-06-01,2026-09-03,district,EAST UTTAR PRADESH,UTTAR PRADESH,KANPUR CITY,34.3,4.4,678.0,LE,831.2,508.3,64.0,LE,2026-09-03 10:48:25.738872
2026-09-03,2026-06-01,2026-09-03,district,EAST UTTAR PRADESH,UTTAR PRADESH,KANPUR DEHAT,10.2,3.1,229.0,LE,190.9,473.2,-60.0,LD,2026-09-03 10:48:25.738872
2026-09-03,2026-06-01,2026-09-03,district,EAST UTTAR PRADESH,UTTAR PRADESH,KAUSHAMBI,14.2,3.9,263.0,LE,310.6,456.4,-32.0,D,2026-09-03 10:48:25.738872
2026-09-03,2026-06-01,2026-09-03,district,EAST UTTAR PRADESH,UTTAR PRADESH,KHERI,1.9,8.9,-78.0,LD,799.5,752.6,6.0,N,2026-09-03 10:48:25.738872
2026-09-03,2026-06-01,2026-09-03,district,EAST UTTAR PRADESH,UTTAR PRADESH,KUSHI NAGAR,0.0,5.9,-100.0,NR,211.6,601.9,-65.0,LD,2026-09-03 10:48:25.738872
2026-09-03,2026-06-01,2026-09-03,district,EAST UTTAR PRADESH,UTTAR PRADESH,LUCKNOW,8.7,7.2,21.0,E,598.4,539.3,11.0,N,2026-09-03 10:48:25.738872
2026-09-03,2026-06-01,2026-09-03,district,EAST UTTAR PRADESH,UTTAR PRADESH,MAHARAJGANJ,1.6,12.0,-87.0,LD,653.2,836.1,-22.0,D,2026-09-03 10:48:25.738872
2026-09-03,2026-06-01,2026-09-03,district,EAST UTTAR PRADESH,UTTAR PRADESH,MAU,11.5,5.6,105.0,LE,272.0,645.9,-58.0,D,2026-09-03 10:48:25.738872
2026-09-03,2026-06-01,2026-09-03,district,EAST UTTAR PRADESH,UTTAR PRADESH,MIRZAPUR,7.4,9.6,-22.0,D,821.7,713.8,15.0,N,2026-09-03 10:48:25.738872
2026-09-03,2026-06-01,2026-09-03,district,EAST UTTAR PRADESH,UTTAR PRADESH,PRATAPGARH,27.0,5.8,366.0,LE,790.8,621.4,27.0,E,2026-09-03 10:48:25.738872
2026-09-03,2026-06-01,2026-09-03,district,EAST UTTAR PRADESH,UTTAR PRADESH,PRAYAGRAJ,6.6,6.6,-1.0,N,852.4,586.9,45.0,E,2026-09-03 10:48:25.738872
2026-09-03,2026-06-01,2026-09-03,district,EAST UTTAR PRADESH,UTTAR PRADESH,RAE BAREILLY,1.8,4.2,-57.0,D,319.5,351.1,-9.0,N,2026-09-03 10:48:25.738872
2026-09-03,2026-06-01,2026-09-03,district,EAST UTTAR PRADESH,UTTAR PRADESH,SANT KABIR NAGAR,0.0,2.6,-100.0,NR,458.7,824.4,-44.0,D,2026-09-03 10:48:25.738872
2026-09-03,2026-06-01,2026-09-03,district,EAST UTTAR PRADESH,UTTAR PRADESH,SHRAWASTI,1.3,6.6,-80.0,LD,618.7,897.8,-31.0,D,2026-09-03 10:48:25.738872
2026-09-03,2026-06-01,2026-09-03,district,EAST UTTAR PRADESH,UTTAR PRADESH,SIDDHARTH NAGAR,0.9,7.4,-88.0,LD,564.5,868.3,-35.0,D,2026-09-03 10:48:25.738872
2026-09-03,2026-06-01,2026-09-03,district,EAST UTTAR PRADESH,UTTAR PRADESH,SITAPUR,8.9,9.1,-2.0,N,488.6,673.5,-27.0,D,2026-09-03 10:48:25.738872
2026-09-03,2026-06-01,2026-09-03,district,EAST UTTAR PRADESH,UTTAR PRADESH,SONBHADRA,1.7,12.1,-86.0,LD,776.2,708.7,10.0,N,2026-09-03 10:48:25.738872
2026-09-03,2026-06-01,2026-09-03,district,EAST UTTAR PRADESH,UTTAR PRADESH,SULTANPUR,11.1,10.8,3.0,N,680.3,666.8,2.0,N,2026-09-03 10:48:25.738872
2026-09-03,2026-06-01,2026-09-03,district,EAST UTTAR PRADESH,UTTAR PRADESH,UNNAO,8.5,5.1,67.0,LE,425.2,512.7,-17.0,N,2026-09-03 10:48:25.738872
2026-09-03,2026-06-01,2026-09-03,district,EAST UTTAR PRADESH,UTTAR PRADESH,VARANASI,23.3,8.8,165.0,LE,714.1,647.7,10.0,N,2026-09-03 10:48:25.738872
2026-09-03,2026-06-01,2026-09-03,district,GANGETIC WEST BENGAL,WEST BENGAL,BANKURA,0.3,7.6,-96.0,LD,1025.0,933.4,10.0,N,2026-09-03 10:48:25.738872
2026-09-03,2026-06-01,2026-09-03,district,GANGETIC WEST BENGAL,WEST BENGAL,BIRBHUM,32.9,5.6,488.0,LE,785.6,889.1,-12.0,N,2026-09-03 10:48:25.738872
2026-09-03,2026-06-01,2026-09-03,district,GANGETIC WEST BENGAL,WEST BENGAL,EAST MIDNAPORE,0.0,11.3,-100.0,NR,1595.6,993.0,61.0,LE,2026-09-03 10:48:25.738872
2026-09-03,2026-06-01,2026-09-03,district,GANGETIC WEST BENGAL,WEST BENGAL,HOOGHLY,10.3,10.0,3.0,N,876.2,842.3,4.0,N,2026-09-03 10:48:25.738872
2026-09-03,2026-06-01,2026-09-03,district,GANGETIC WEST BENGAL,WEST BENGAL,HOWRAH,8.4,10.4,-19.0,N,1009.7,927.2,9.0,N,2026-09-03 10:48:25.738872
2026-09-03,2026-06-01,2026-09-03,district,GANGETIC WEST BENGAL,WEST BENGAL,JHARGRAM,5.1,8.9,-43.0,D,975.9,933.4,5.0,N,2026-09-03 10:48:25.738872
2026-09-03,2026-06-01,2026-09-03,district,GANGETIC WEST BENGAL,WEST BENGAL,KOLKATA,79.7,9.3,757.0,LE,1360.3,1063.7,28.0,E,2026-09-03 10:48:25.738872
2026-09-03,2026-06-01,2026-09-03,district,GANGETIC WEST BENGAL,WEST BENGAL,MURSHIDABAD,31.2,7.2,333.0,LE,641.5,785.4,-18.0,N,2026-09-03 10:48:25.738872
2026-09-03,2026-06-01,2026-09-03,district,GANGETIC WEST BENGAL,WEST BENGAL,NADIA,23.9,6.5,268.0,LE,616.8,751.4,-18.0,N,2026-09-03 10:48:25.738872
2026-09-03,2026-06-01,2026-09-03,district,GANGETIC WEST BENGAL,WEST BENGAL,NORTH 24 PARGANAS,43.6,7.1,514.0,LE,1217.5,921.8,32.0,E,2026-09-03 10:48:25.738872
2026-09-03,2026-06-01,2026-09-03,district,GANGETIC WEST BENGAL,WEST BENGAL,PASCHIM BARDHAMAN,6.4,10.4,-38.0,D,1014.1,881.2,15.0,N,2026-09-03 10:48:25.738872
2026-09-03,2026-06-01,2026-09-03,district,GANGETIC WEST BENGAL,WEST BENGAL,PURBA BARDHAMAN,35.4,6.1,481.0,LE,801.0,827.4,-3.0,N,2026-09-03 10:48:25.738872
2026-09-03,2026-06-01,2026-09-03,district,GANGETIC WEST BENGAL,WEST BENGAL,PURULIA,0.2,7.1,-97.0,LD,796.7,876.0,-9.0,N,2026-09-03 10:48:25.738872
2026-09-03,2026-06-01,2026-09-03,district,GANGETIC WEST BENGAL,WEST BENGAL,SOUTH 24 PARGANAS,3.8,13.5,-72.0,LD,1370.0,1160.6,18.0,N,2026-09-03 10:48:25.738872
2026-09-03,2026-06-01,2026-09-03,district,GANGETIC WEST BENGAL,WEST BENGAL,WEST MIDNAPORE,1.8,8.9,-80.0,LD,1305.2,933.4,40.0,E,2026-09-03 10:48:25.738872
2026-09-03,2026-06-01,2026-09-03,district,GUJARAT REGION,DADRA & NAGAR HAVELI AND DAMAN & DIU (UT),DADARA & NAGAR HAVELI,0.9,20.1,-95.0,LD,2935.3,2021.7,45.0,E,2026-09-03 10:48:25.738872
2026-09-03,2026-06-01,2026-09-03,district,GUJARAT REGION,DADRA & NAGAR HAVELI AND DAMAN & DIU (UT),DAMAN,1.9,20.1,-90.0,LD,2668.9,2021.7,32.0,E,2026-09-03 10:48:25.738872
2026-09-03,2026-06-01,2026-09-03,district,GUJARAT REGION,GUJARAT,AHMEDABAD,0.0,4.5,-100.0,NR,539.6,571.0,-5.0,N,2026-09-03 10:48:25.738872
2026-09-03,2026-06-01,2026-09-03,district,GUJARAT REGION,GUJARAT,ANAND,0.0,8.1,-100.0,NR,759.8,722.5,5.0,N,2026-09-03 10:48:25.738872
2026-09-03,2026-06-01,2026-09-03,district,GUJARAT REGION,GUJARAT,ARAVALLI,0.0,4.7,-100.0,NR,386.9,734.1,-47.0,D,2026-09-03 10:48:25.738872
2026-09-03,2026-06-01,2026-09-03,district,GUJARAT REGION,GUJARAT,BANASKANTHA,0.0,4.4,-100.0,NR,379.3,516.8,-27.0,D,2026-09-03 10:48:25.738872
2026-09-03,2026-06-01,2026-09-03,district,GUJARAT REGION,GUJARAT,BHARUCH,0.2,7.1,-97.0,LD,747.6,618.7,21.0,E,2026-09-03 10:48:25.738872
2026-09-03,2026-06-01,2026-09-03,district,GUJARAT REGION,GUJARAT,CHHOTA UDEPUR,0.0,8.8,-100.0,NR,596.5,846.5,-30.0,D,2026-09-03 10:48:25.738872
2026-09-03,2026-06-01,2026-09-03,district,GUJARAT REGION,GUJARAT,DAHOD,0.0,5.7,-100.0,NR,369.4,675.4,-45.0,D,2026-09-03 10:48:25.738872
2026-09-03,2026-06-01,2026-09-03,district,GUJARAT REGION,GUJARAT,DANGS,0.5,17.1,-97.0,LD,2327.0,1940.8,20.0,E,2026-09-03 10:48:25.738872
2026-09-03,2026-06-01,2026-09-03,district,GUJARAT REGION,GUJARAT,GANDHINAGAR,0.0,3.9,-100.0,NR,469.3,656.0,-28.0,D,2026-09-03 10:48:25.738872
2026-09-03,2026-06-01,2026-09-03,district,GUJARAT REGION,GUJARAT,KHEDA,0.0,6.3,-100.0,NR,867.4,704.3,23.0,E,2026-09-03 10:48:25.738872
2026-09-03,2026-06-01,2026-09-03,district,GUJARAT REGION,GUJARAT,MAHISAGAR,0.0,4.5,-100.0,NR,682.2,696.8,-2.0,N,2026-09-03 10:48:25.738872
2026-09-03,2026-06-01,2026-09-03,district,GUJARAT REGION,GUJARAT,MEHSANA,0.0,5.5,-100.0,NR,448.4,606.4,-26.0,D,2026-09-03 10:48:25.738872
2026-09-03,2026-06-01,2026-09-03,district,GUJARAT REGION,GUJARAT,NARMADA,1.0,8.0,-88.0,LD,867.4,900.8,-4.0,N,2026-09-03 10:48:25.738872
2026-09-03,2026-06-01,2026-09-03,district,GUJARAT REGION,GUJARAT,NAVSARI,0.9,15.7,-94.0,LD,2256.2,1588.8,42.0,E,2026-09-03 10:48:25.738872
2026-09-03,2026-06-01,2026-09-03,district,GUJARAT REGION,GUJARAT,PANCHMAHAL,0.0,7.1,-100.0,NR,698.6,809.1,-14.0,N,2026-09-03 10:48:25.738872
2026-09-03,2026-06-01,2026-09-03,district,GUJARAT REGION,GUJARAT,PATAN,0.0,3.7,-100.0,NR,406.7,486.2,-16.0,N,2026-09-03 10:48:25.738872
2026-09-03,2026-06-01,2026-09-03,district,GUJARAT REGION,GUJARAT,SABARKANTHA,0.0,5.0,-100.0,NR,410.2,726.6,-44.0,D,2026-09-03 10:48:25.738872
2026-09-03,2026-06-01,2026-09-03,district,GUJARAT REGION,GUJARAT,SURAT,2.4,12.8,-81.0,LD,1466.4,1115.3,31.0,E,2026-09-03 10:48:25.738872
2026-09-03,2026-06-01,2026-09-03,district,GUJARAT REGION,GUJARAT,TAPI,0.6,11.6,-95.0,LD,1304.0,1209.9,8.0,N,2026-09-03 10:48:25.738872
2026-09-03,2026-06-01,2026-09-03,district,GUJARAT REGION,GUJARAT,VADODARA,0.0,7.1,-100.0,NR,530.0,768.1,-31.0,D,2026-09-03 10:48:25.738872
2026-09-03,2026-06-01,2026-09-03,district,GUJARAT REGION,GUJARAT,VALSAD,0.9,13.3,-93.0,LD,2718.7,1796.2,51.0,E,2026-09-03 10:48:25.738872
2026-09-03,2026-06-01,2026-09-03,district,HAR. CHD & DELHI,CHANDIGARH (UT),CHANDIGARH,1.7,5.1,-67.0,LD,598.0,724.6,-17.0,N,2026-09-03 10:48:25.738872
2026-09-03,2026-06-01,2026-09-03,district,HAR. CHD & DELHI,DELHI,CENTRAL DELHI,0.0,7.2,-100.0,NR,693.2,565.6,23.0,E,2026-09-03 10:48:25.738872
2026-09-03,2026-06-01,2026-09-03,district,HAR. CHD & DELHI,DELHI,EAST DELHI,0.0,7.2,-100.0,NR,534.1,565.6,-6.0,N,2026-09-03 10:48:25.738872
2026-09-03,2026-06-01,2026-09-03,district,HAR. CHD & DELHI,DELHI,NEW DELHI,0.8,5.8,-87.0,LD,515.5,541.5,-5.0,N,2026-09-03 10:48:25.738872
2026-09-03,2026-06-01,2026-09-03,district,HAR. CHD & DELHI,DELHI,NORTH EAST DELHI,0.0,7.2,-100.0,NR,528.4,565.6,-7.0,N,2026-09-03 10:48:25.738872
2026-09-03,2026-06-01,2026-09-03,district,HAR. CHD & DELHI,DELHI,NORTH WEST DELHI,0.0,2.2,-100.0,NR,395.5,337.2,17.0,N,2026-09-03 10:48:25.738872
2026-09-03,2026-06-01,2026-09-03,district,HAR. CHD & DELHI,DELHI,SOUTH DELHI,13.4,7.2,85.0,LE,540.8,565.6,-4.0,N,2026-09-03 10:48:25.738872
2026-09-03,2026-06-01,2026-09-03,district,HAR. CHD & DELHI,DELHI,SOUTH EAST DELHI,0.4,7.2,-94.0,LD,621.3,565.6,10.0,N,2026-09-03 10:48:25.738872
2026-09-03,2026-06-01,2026-09-03,district,HAR. CHD & DELHI,DELHI,SOUTH WEST DELHI,0.6,6.7,-91.0,LD,382.7,457.5,-16.0,N,2026-09-03 10:48:25.738872
2026-09-03,2026-06-01,2026-09-03,district,HAR. CHD & DELHI,DELHI,WEST DELHI,1.0,5.9,-83.0,LD,620.3,508.1,22.0,E,2026-09-03 10:48:25.738872
2026-09-03,2026-06-01,2026-09-03,district,HAR. CHD & DELHI,HARYANA,AMBALA,14.1,5.5,155.0,LE,347.0,695.0,-50.0,D,2026-09-03 10:48:25.738872
2026-09-03,2026-06-01,2026-09-03,district,HAR. CHD & DELHI,HARYANA,BHIWANI,0.0,2.2,-100.0,NR,260.8,251.2,4.0,N,2026-09-03 10:48:25.738872
2026-09-03,2026-06-01,2026-09-03,district,HAR. CHD & DELHI,HARYANA,CHARKHI DADRI,0.0,2.1,-99.0,LD,325.7,344.5,-5.0,N,2026-09-03 10:48:25.738872
2026-09-03,2026-06-01,2026-09-03,district,HAR. CHD & DELHI,HARYANA,FARIDABAD,6.3,5.6,12.0,N,501.6,469.4,7.0,N,2026-09-03 10:48:25.738872
2026-09-03,2026-06-01,2026-09-03,district,HAR. CHD & DELHI,HARYANA,FATEHABAD,0.0,2.1,-100.0,NR,211.8,221.3,-4.0,N,2026-09-03 10:48:25.738872
2026-09-03,2026-06-01,2026-09-03,district,HAR. CHD & DELHI,HARYANA,GURGAON,0.6,4.7,-88.0,LD,412.4,420.0,-2.0,N,2026-09-03 10:48:25.738872
2026-09-03,2026-06-01,2026-09-03,district,HAR. CHD & DELHI,HARYANA,HISAR,0.0,2.5,-100.0,NR,199.8,252.9,-21.0,D,2026-09-03 10:48:25.738872
2026-09-03,2026-06-01,2026-09-03,district,HAR. CHD & DELHI,HARYANA,JHAJJAR,0.0,2.7,-100.0,NR,285.1,319.2,-11.0,N,2026-09-03 10:48:25.738872
2026-09-03,2026-06-01,2026-09-03,district,HAR. CHD & DELHI,HARYANA,JIND,8.2,2.7,205.0,LE,142.1,321.8,-56.0,D,2026-09-03 10:48:25.738872
2026-09-03,2026-06-01,2026-09-03,district,HAR. CHD & DELHI,HARYANA,KAITHAL,5.8,3.4,71.0,LE,156.5,313.5,-50.0,D,2026-09-03 10:48:25.738872
2026-09-03,2026-06-01,2026-09-03,district,HAR. CHD & DELHI,HARYANA,KARNAL,0.1,3.5,-97.0,LD,249.3,435.7,-43.0,D,2026-09-03 10:48:25.738872
2026-09-03,2026-06-01,2026-09-03,district,HAR. CHD & DELHI,HARYANA,KURUKSHETRA,5.7,5.8,-2.0,N,352.3,349.9,1.0,N,2026-09-03 10:48:25.738872
2026-09-03,2026-06-01,2026-09-03,district,HAR. CHD & DELHI,HARYANA,MAHENDRAGARH,0.0,2.8,-99.0,LD,286.7,346.9,-17.0,N,2026-09-03 10:48:25.738872
2026-09-03,2026-06-01,2026-09-03,district,HAR. CHD & DELHI,HARYANA,NUH,0.0,3.6,-100.0,NR,388.2,402.8,-4.0,N,2026-09-03 10:48:25.738872
2026-09-03,2026-06-01,2026-09-03,district,HAR. CHD & DELHI,HARYANA,PALWAL,8.8,1.6,450.0,LE,424.4,332.3,28.0,E,2026-09-03 10:48:25.738872
2026-09-03,2026-06-01,2026-09-03,district,HAR. CHD & DELHI,HARYANA,PANCHKULA,19.4,7.0,177.0,LE,513.1,733.4,-30.0,D,2026-09-03 10:48:25.738872
2026-09-03,2026-06-01,2026-09-03,district,HAR. CHD & DELHI,HARYANA,PANIPAT,0.8,3.6,-77.0,LD,282.1,375.0,-25.0,D,2026-09-03 10:48:25.738872
2026-09-03,2026-06-01,2026-09-03,district,HAR. CHD & DELHI,HARYANA,REWARI,0.0,3.3,-100.0,NR,336.5,365.1,-8.0,N,2026-09-03 10:48:25.738872
2026-09-03,2026-06-01,2026-09-03,district,HAR. CHD & DELHI,HARYANA,ROHTAK,2.4,2.5,-3.0,N,219.9,403.3,-45.0,D,2026-09-03 10:48:25.738872
2026-09-03,2026-06-01,2026-09-03,district,HAR. CHD & DELHI,HARYANA,SIRSA,0.0,0.7,-100.0,NR,86.0,182.0,-53.0,D,2026-09-03 10:48:25.738872
2026-09-03,2026-06-01,2026-09-03,district,HAR. CHD & DELHI,HARYANA,SONEPAT,0.0,5.1,-100.0,NR,284.7,395.9,-28.0,D,2026-09-03 10:48:25.738872
2026-09-03,2026-06-01,2026-09-03,district,HAR. CHD & DELHI,HARYANA,YAMUNA NAGAR,1.0,8.4,-88.0,LD,695.3,779.7,-11.0,N,2026-09-03 10:48:25.738872
2026-09-03,2026-06-01,2026-09-03,district,HIMACHAL PRADESH,HIMACHAL PRADESH,BILASPUR,25.0,7.5,233.0,LE,815.3,708.0,15.0,N,2026-09-03 10:48:25.738872
2026-09-03,2026-06-01,2026-09-03,district,HIMACHAL PRADESH,HIMACHAL PRADESH,CHAMBA,6.9,9.5,-27.0,D,664.9,738.6,-10.0,N,2026-09-03 10:48:25.738872
2026-09-03,2026-06-01,2026-09-03,district,HIMACHAL PRADESH,HIMACHAL PRADESH,HAMIRPUR,3.8,7.4,-49.0,D,578.1,862.3,-33.0,D,2026-09-03 10:48:25.738872
2026-09-03,2026-06-01,2026-09-03,district,HIMACHAL PRADESH,HIMACHAL PRADESH,KANGRA,12.0,11.8,2.0,N,1386.4,1434.1,-3.0,N,2026-09-03 10:48:25.738872
2026-09-03,2026-06-01,2026-09-03,district,HIMACHAL PRADESH,HIMACHAL PRADESH,KINNAUR,1.1,3.6,-69.0,LD,210.8,193.9,9.0,N,2026-09-03 10:48:25.738872
2026-09-03,2026-06-01,2026-09-03,district,HIMACHAL PRADESH,HIMACHAL PRADESH,KULLU,4.6,4.3,7.0,N,498.2,462.3,8.0,N,2026-09-03 10:48:25.738872
2026-09-03,2026-06-01,2026-09-03,district,HIMACHAL PRADESH,HIMACHAL PRADESH,LAHAUL & SPITI,0.0,3.8,-100.0,NR,110.5,307.6,-64.0,LD,2026-09-03 10:48:25.738872
2026-09-03,2026-06-01,2026-09-03,district,HIMACHAL PRADESH,HIMACHAL PRADESH,MANDI,7.2,6.5,10.0,N,924.4,972.6,-5.0,N,2026-09-03 10:48:25.738872
2026-09-03,2026-06-01,2026-09-03,district,HIMACHAL PRADESH,HIMACHAL PRADESH,SHIMLA,6.1,6.2,-1.0,N,693.3,532.6,30.0,E,2026-09-03 10:48:25.738872
2026-09-03,2026-06-01,2026-09-03,district,HIMACHAL PRADESH,HIMACHAL PRADESH,SIRMAUR,26.7,9.0,197.0,LE,1148.2,1031.0,11.0,N,2026-09-03 10:48:25.738872
2026-09-03,2026-06-01,2026-09-03,district,HIMACHAL PRADESH,HIMACHAL PRADESH,SOLAN,22.9,6.5,252.0,LE,779.4,746.8,4.0,N,2026-09-03 10:48:25.738872
2026-09-03,2026-06-01,2026-09-03,district,HIMACHAL PRADESH,HIMACHAL PRADESH,UNA,4.7,6.6,-28.0,D,689.4,824.4,-16.0,N,2026-09-03 10:48:25.738872
2026-09-03,2026-06-01,2026-09-03,district,J & K AND LADAKH,JAMMU & KASHMIR(UT),ANANTNAG,0.2,4.1,-95.0,LD,294.8,269.5,9.0,N,2026-09-03 10:48:25.738872
2026-09-03,2026-06-01,2026-09-03,district,J & K AND LADAKH,JAMMU & KASHMIR(UT),BADGAM,0.0,2.0,-100.0,NR,128.9,174.9,-26.0,D,2026-09-03 10:48:25.738872
2026-09-03,2026-06-01,2026-09-03,district,J & K AND LADAKH,JAMMU & KASHMIR(UT),BANDIPORA,0.0,0.5,-100.0,NR,192.7,187.6,3.0,N,2026-09-03 10:48:25.738872
2026-09-03,2026-06-01,2026-09-03,district,J & K AND LADAKH,JAMMU & KASHMIR(UT),BARAMULA,0.0,1.7,-100.0,NR,271.1,182.3,49.0,E,2026-09-03 10:48:25.738872
2026-09-03,2026-06-01,2026-09-03,district,J & K AND LADAKH,JAMMU & KASHMIR(UT),DODA,0.0,4.6,-100.0,NR,367.9,355.2,4.0,N,2026-09-03 10:48:25.738872
2026-09-03,2026-06-01,2026-09-03,district,J & K AND LADAKH,JAMMU & KASHMIR(UT),GANDERBAL,0.7,3.3,-80.0,LD,310.8,228.3,36.0,E,2026-09-03 10:48:25.738872
2026-09-03,2026-06-01,2026-09-03,district,J & K AND LADAKH,JAMMU & KASHMIR(UT),JAMMU,10.1,5.7,78.0,LE,706.6,839.0,-16.0,N,2026-09-03 10:48:25.738872
2026-09-03,2026-06-01,2026-09-03,district,J & K AND LADAKH,JAMMU & KASHMIR(UT),KATHUA,7.2,6.0,20.0,E,1054.7,1096.3,-4.0,N,2026-09-03 10:48:25.738872
2026-09-03,2026-06-01,2026-09-03,district,J & K AND LADAKH,JAMMU & KASHMIR(UT),KISTWAR,1.0,4.6,-78.0,LD,170.3,355.2,-52.0,D,2026-09-03 10:48:25.738872
2026-09-03,2026-06-01,2026-09-03,district,J & K AND LADAKH,JAMMU & KASHMIR(UT),KULGAM,0.0,4.1,-100.0,NR,267.0,272.3,-2.0,N,2026-09-03 10:48:25.738872
2026-09-03,2026-06-01,2026-09-03,district,J & K AND LADAKH,JAMMU & KASHMIR(UT),KUPWARA,0.0,2.0,-100.0,NR,210.8,219.8,-4.0,N,2026-09-03 10:48:25.738872
2026-09-03,2026-06-01,2026-09-03,district,J & K AND LADAKH,JAMMU & KASHMIR(UT),POONCH,1.3,3.2,-61.0,LD,806.8,584.8,38.0,E,2026-09-03 10:48:25.738872
2026-09-03,2026-06-01,2026-09-03,district,J & K AND LADAKH,JAMMU & KASHMIR(UT),PULWAMA,0.0,1.6,-100.0,NR,248.0,163.0,52.0,E,2026-09-03 10:48:25.738872
2026-09-03,2026-06-01,2026-09-03,district,J & K AND LADAKH,JAMMU & KASHMIR(UT),RAJOURI,0.0,3.7,-100.0,NR,655.1,592.9,10.0,N,2026-09-03 10:48:25.738872
2026-09-03,2026-06-01,2026-09-03,district,J & K AND LADAKH,JAMMU & KASHMIR(UT),RAMBAN,0.0,5.7,-100.0,NR,447.1,344.9,30.0,E,2026-09-03 10:48:25.738872
2026-09-03,2026-06-01,2026-09-03,district,J & K AND LADAKH,JAMMU & KASHMIR(UT),REASI,16.9,21.6,-22.0,D,1229.8,1388.7,-11.0,N,2026-09-03 10:48:25.738872
2026-09-03,2026-06-01,2026-09-03,district,J & K AND LADAKH,JAMMU & KASHMIR(UT),SAMBA,0.0,9.8,-100.0,NR,953.5,681.8,40.0,E,2026-09-03 10:48:25.738872
2026-09-03,2026-06-01,2026-09-03,district,J & K AND LADAKH,JAMMU & KASHMIR(UT),SHOPIAN,0.0,2.4,-100.0,NR,123.8,251.1,-51.0,D,2026-09-03 10:48:25.738872
2026-09-03,2026-06-01,2026-09-03,district,J & K AND LADAKH,JAMMU & KASHMIR(UT),SRINAGAR,0.0,2.4,-100.0,NR,226.9,202.4,12.0,N,2026-09-03 10:48:25.738872
2026-09-03,2026-06-01,2026-09-03,district,J & K AND LADAKH,JAMMU & KASHMIR(UT),UDHAMPUR,1.5,6.4,-77.0,LD,1399.4,848.9,65.0,LE,2026-09-03 10:48:25.738872
2026-09-03,2026-06-01,2026-09-03,district,J & K AND LADAKH,LADAKH (UT),KARGIL,0.0,0.0,-100.0,NR,21.6,7.9,149.0,LE,2026-09-03 10:48:25.738872
2026-09-03,2026-06-01,2026-09-03,district,J & K AND LADAKH,LADAKH (UT),LADAKH (LEH),0.1,0.4,-88.0,LD,58.0,20.0,186.0,LE,2026-09-03 10:48:25.738872
2026-09-03,2026-06-01,2026-09-03,district,JHARKHAND,JHARKHAND,BOKARO,0.9,7.7,-88.0,LD,698.7,736.0,-5.0,N,2026-09-03 10:48:25.738872
2026-09-03,2026-06-01,2026-09-03,district,JHARKHAND,JHARKHAND,CHATRA,16.0,7.5,113.0,LE,583.7,761.2,-23.0,D,2026-09-03 10:48:25.738872
2026-09-03,2026-06-01,2026-09-03,district,JHARKHAND,JHARKHAND,DEOGHAR,3.9,5.7,-32.0,D,498.0,770.2,-35.0,D,2026-09-03 10:48:25.738872
2026-09-03,2026-06-01,2026-09-03,district,JHARKHAND,JHARKHAND,DHANBAD,8.6,8.4,3.0,N,836.6,849.4,-2.0,N,2026-09-03 10:48:25.738872
2026-09-03,2026-06-01,2026-09-03,district,JHARKHAND,JHARKHAND,DUMKA,25.7,6.2,315.0,LE,787.8,815.4,-3.0,N,2026-09-03 10:48:25.738872
2026-09-03,2026-06-01,2026-09-03,district,JHARKHAND,JHARKHAND,EAST SINGHBHUM,1.2,7.9,-85.0,LD,960.6,883.5,9.0,N,2026-09-03 10:48:25.738872
2026-09-03,2026-06-01,2026-09-03,district,JHARKHAND,JHARKHAND,GARHWA,1.3,7.5,-83.0,LD,626.6,749.3,-16.0,N,2026-09-03 10:48:25.738872
2026-09-03,2026-06-01,2026-09-03,district,JHARKHAND,JHARKHAND,GIRIDIH,3.0,6.5,-54.0,D,580.4,771.2,-25.0,D,2026-09-03 10:48:25.738872
2026-09-03,2026-06-01,2026-09-03,district,JHARKHAND,JHARKHAND,GODDA,28.7,5.8,394.0,LE,543.1,709.0,-23.0,D,2026-09-03 10:48:25.738872
2026-09-03,2026-06-01,2026-09-03,district,JHARKHAND,JHARKHAND,GUMLA,0.9,9.5,-91.0,LD,651.7,859.2,-24.0,D,2026-09-03 10:48:25.738872
2026-09-03,2026-06-01,2026-09-03,district,JHARKHAND,JHARKHAND,HAZARIBAG,4.3,8.2,-48.0,D,685.4,844.1,-19.0,N,2026-09-03 10:48:25.738872
2026-09-03,2026-06-01,2026-09-03,district,JHARKHAND,JHARKHAND,JAMTARA,4.8,6.5,-26.0,D,847.5,851.9,-1.0,N,2026-09-03 10:48:25.738872
2026-09-03,2026-06-01,2026-09-03,district,JHARKHAND,JHARKHAND,KHUNTI,2.3,10.0,-77.0,LD,897.6,902.4,-1.0,N,2026-09-03 10:48:25.738872
2026-09-03,2026-06-01,2026-09-03,district,JHARKHAND,JHARKHAND,KODERMA,6.2,5.9,6.0,N,515.3,696.4,-26.0,D,2026-09-03 10:48:25.738872
2026-09-03,2026-06-01,2026-09-03,district,JHARKHAND,JHARKHAND,LATEHAR,0.0,8.7,-100.0,NR,1064.6,839.9,27.0,E,2026-09-03 10:48:25.738872
2026-09-03,2026-06-01,2026-09-03,district,JHARKHAND,JHARKHAND,LOHARDAGA,0.0,9.0,-100.0,NR,786.4,802.3,-2.0,N,2026-09-03 10:48:25.738872
2026-09-03,2026-06-01,2026-09-03,district,JHARKHAND,JHARKHAND,PAKUR,33.5,6.9,385.0,LE,460.1,926.1,-50.0,D,2026-09-03 10:48:25.738872
2026-09-03,2026-06-01,2026-09-03,district,JHARKHAND,JHARKHAND,PALAMU,0.5,6.6,-92.0,LD,640.0,687.2,-7.0,N,2026-09-03 10:48:25.738872
2026-09-03,2026-06-01,2026-09-03,district,JHARKHAND,JHARKHAND,RAMGARH,1.3,7.2,-83.0,LD,800.2,831.2,-4.0,N,2026-09-03 10:48:25.738872
2026-09-03,2026-06-01,2026-09-03,district,JHARKHAND,JHARKHAND,RANCHI,3.2,9.5,-67.0,LD,912.4,841.1,8.0,N,2026-09-03 10:48:25.738872
2026-09-03,2026-06-01,2026-09-03,district,JHARKHAND,JHARKHAND,SAHIBGANJ,19.2,7.7,149.0,LE,438.5,913.6,-52.0,D,2026-09-03 10:48:25.738872
2026-09-03,2026-06-01,2026-09-03,district,JHARKHAND,JHARKHAND,SERAIKELA-KHARSAWAN,0.0,8.5,-100.0,NR,1004.6,816.7,23.0,E,2026-09-03 10:48:25.738872
2026-09-03,2026-06-01,2026-09-03,district,JHARKHAND,JHARKHAND,SIMDEGA,3.1,13.7,-77.0,LD,1094.6,1067.5,3.0,N,2026-09-03 10:48:25.738872
2026-09-03,2026-06-01,2026-09-03,district,JHARKHAND,JHARKHAND,WEST SINGHBHUM,0.2,7.8,-97.0,LD,1184.4,830.4,43.0,E,2026-09-03 10:48:25.738872
2026-09-03,2026-06-01,2026-09-03,district,KERALA & MAHE,KERALA,ALAPUZHA,0.1,9.2,-99.0,LD,1021.6,1396.9,-27.0,D,2026-09-03 10:48:25.738872
2026-09-03,2026-06-01,2026-09-03,district,KERALA & MAHE,KERALA,ERNAKULAM,0.0,9.4,-100.0,NR,1450.2,1826.7,-21.0,D,2026-09-03 10:48:25.738872
2026-09-03,2026-06-01,2026-09-03,district,KERALA & MAHE,KERALA,IDUKKI,0.5,14.2,-96.0,LD,1242.0,2250.0,-45.0,D,2026-09-03 10:48:25.738872
2026-09-03,2026-06-01,2026-09-03,district,KERALA & MAHE,KERALA,KANNUR,2.4,10.4,-77.0,LD,2206.9,2380.1,-7.0,N,2026-09-03 10:48:25.738872
2026-09-03,2026-06-01,2026-09-03,district,KERALA & MAHE,KERALA,KASARGOD,1.3,13.7,-91.0,LD,2289.5,2613.8,-12.0,N,2026-09-03 10:48:25.738872
2026-09-03,2026-06-01,2026-09-03,district,KERALA & MAHE,KERALA,KOLLAM,0.0,8.2,-100.0,NR,728.7,1053.2,-31.0,D,2026-09-03 10:48:25.738872
2026-09-03,2026-06-01,2026-09-03,district,KERALA & MAHE,KERALA,KOTTAYAM,0.0,10.3,-100.0,NR,1519.9,1641.1,-7.0,N,2026-09-03 10:48:25.738872
2026-09-03,2026-06-01,2026-09-03,district,KERALA & MAHE,KERALA,KOZHIKODE,0.0,7.9,-100.0,NR,2021.4,2303.7,-12.0,N,2026-09-03 10:48:25.738872
2026-09-03,2026-06-01,2026-09-03,district,KERALA & MAHE,KERALA,MALAPPURAM,0.5,8.4,-94.0,LD,1369.3,1730.5,-21.0,D,2026-09-03 10:48:25.738872
2026-09-03,2026-06-01,2026-09-03,district,KERALA & MAHE,KERALA,PALAKKAD,0.0,7.3,-100.0,NR,1049.7,1374.9,-24.0,D,2026-09-03 10:48:25.738872
2026-09-03,2026-06-01,2026-09-03,district,KERALA & MAHE,KERALA,PATHANAMTHITTA,0.0,7.4,-100.0,NR,1312.6,1343.8,-2.0,N,2026-09-03 10:48:25.738872
2026-09-03,2026-06-01,2026-09-03,district,KERALA & MAHE,KERALA,THIRUVANANTHAPURAM,0.0,5.3,-100.0,NR,666.8,681.1,-2.0,N,2026-09-03 10:48:25.738872
2026-09-03,2026-06-01,2026-09-03,district,KERALA & MAHE,KERALA,THRISSUR,0.0,9.3,-100.0,NR,1434.2,1870.6,-23.0,D,2026-09-03 10:48:25.738872
2026-09-03,2026-06-01,2026-09-03,district,KERALA & MAHE,KERALA,WYNAD,0.4,14.3,-97.0,LD,1100.2,2245.5,-51.0,D,2026-09-03 10:48:25.738872
2026-09-03,2026-06-01,2026-09-03,district,KERALA & MAHE,PUDUCHERRY (UT),MAHE,0.0,9.7,-100.0,NR,1660.4,2157.5,-23.0,D,2026-09-03 10:48:25.738872
2026-09-03,2026-06-01,2026-09-03,district,KONKAN & GOA,GOA,NORTH GOA,15.2,14.6,4.0,N,1739.9,2802.8,-38.0,D,2026-09-03 10:48:25.738872
2026-09-03,2026-06-01,2026-09-03,district,KONKAN & GOA,GOA,SOUTH GOA,13.0,12.7,3.0,N,1929.0,2676.2,-28.0,D,2026-09-03 10:48:25.738872
2026-09-03,2026-06-01,2026-09-03,district,KONKAN & GOA,MAHARASHTRA,MUMBAI CITY,1.7,15.5,-89.0,LD,1784.0,1808.2,-1.0,N,2026-09-03 10:48:25.738872
2026-09-03,2026-06-01,2026-09-03,district,KONKAN & GOA,MAHARASHTRA,MUMBAI SUBURBAN,2.5,19.3,-87.0,LD,2233.8,2014.3,11.0,N,2026-09-03 10:48:25.738872
2026-09-03,2026-06-01,2026-09-03,district,KONKAN & GOA,MAHARASHTRA,PALGHAR,4.6,15.8,-71.0,LD,2489.0,1985.7,25.0,E,2026-09-03 10:48:25.738872
2026-09-03,2026-06-01,2026-09-03,district,KONKAN & GOA,MAHARASHTRA,RAIGAD,18.1,23.0,-21.0,D,2781.5,2759.0,1.0,N,2026-09-03 10:48:25.738872
2026-09-03,2026-06-01,2026-09-03,district,KONKAN & GOA,MAHARASHTRA,RATNAGIRI,30.8,20.5,50.0,E,2476.2,2851.1,-13.0,N,2026-09-03 10:48:25.738872
2026-09-03,2026-06-01,2026-09-03,district,KONKAN & GOA,MAHARASHTRA,SINDHUDURG,9.1,14.5,-37.0,D,1748.6,2657.0,-34.0,D,2026-09-03 10:48:25.738872
2026-09-03,2026-06-01,2026-09-03,district,KONKAN & GOA,MAHARASHTRA,THANE,12.9,17.5,-26.0,D,2006.8,2140.7,-6.0,N,2026-09-03 10:48:25.738872
2026-09-03,2026-06-01,2026-09-03,district,LAKSHADWEEP,LAKSHADWEEP,LAKSHADWEEP,3.8,6.4,-41.0,D,641.8,876.6,-27.0,D,2026-09-03 10:48:25.738872
2026-09-03,2026-06-01,2026-09-03,district,MADHYA MAHARASHTRA,MAHARASHTRA,AHMEDNAGAR,0.1,3.6,-97.0,LD,214.4,320.4,-33.0,D,2026-09-03 10:48:25.738872
2026-09-03,2026-06-01,2026-09-03,district,MADHYA MAHARASHTRA,MAHARASHTRA,DHULE,0.1,3.4,-96.0,LD,386.1,441.0,-12.0,N,2026-09-03 10:48:25.738872
2026-09-03,2026-06-01,2026-09-03,district,MADHYA MAHARASHTRA,MAHARASHTRA,JALGAON,2.4,6.2,-62.0,LD,477.8,517.6,-8.0,N,2026-09-03 10:48:25.738872
2026-09-03,2026-06-01,2026-09-03,district,MADHYA MAHARASHTRA,MAHARASHTRA,KOLHAPUR,12.8,10.5,22.0,E,1408.5,1532.7,-8.0,N,2026-09-03 10:48:25.738872
2026-09-03,2026-06-01,2026-09-03,district,MADHYA MAHARASHTRA,MAHARASHTRA,NANDURBAR,0.5,6.3,-92.0,LD,419.0,709.3,-41.0,D,2026-09-03 10:48:25.738872
2026-09-03,2026-06-01,2026-09-03,district,MADHYA MAHARASHTRA,MAHARASHTRA,NASHIK,1.8,7.1,-75.0,LD,1112.5,734.7,51.0,E,2026-09-03 10:48:25.738872
2026-09-03,2026-06-01,2026-09-03,district,MADHYA MAHARASHTRA,MAHARASHTRA,PUNE,4.0,7.4,-46.0,D,1006.6,783.8,28.0,E,2026-09-03 10:48:25.738872
2026-09-03,2026-06-01,2026-09-03,district,MADHYA MAHARASHTRA,MAHARASHTRA,SANGLI,2.2,3.5,-37.0,D,308.4,362.8,-15.0,N,2026-09-03 10:48:25.738872
2026-09-03,2026-06-01,2026-09-03,district,MADHYA MAHARASHTRA,MAHARASHTRA,SATARA,5.2,4.8,8.0,N,924.8,702.2,32.0,E,2026-09-03 10:48:25.738872
2026-09-03,2026-06-01,2026-09-03,district,MADHYA MAHARASHTRA,MAHARASHTRA,SHOLAPUR,0.0,3.5,-99.0,LD,157.6,304.9,-48.0,D,2026-09-03 10:48:25.738872
2026-09-03,2026-06-01,2026-09-03,district,MARATHWADA,MAHARASHTRA,BEED,4.0,4.7,-14.0,N,218.5,409.5,-47.0,D,2026-09-03 10:48:25.738872
2026-09-03,2026-06-01,2026-09-03,district,MARATHWADA,MAHARASHTRA,CHHATRAPATI SAMBHAJINAGAR,0.2,6.6,-97.0,LD,422.5,432.4,-2.0,N,2026-09-03 10:48:25.738872
2026-09-03,2026-06-01,2026-09-03,district,MARATHWADA,MAHARASHTRA,DHARASHIV,0.0,5.6,-100.0,NR,272.1,418.0,-35.0,D,2026-09-03 10:48:25.738872
2026-09-03,2026-06-01,2026-09-03,district,MARATHWADA,MAHARASHTRA,HINGOLI,1.3,5.7,-78.0,LD,338.5,643.0,-47.0,D,2026-09-03 10:48:25.738872
2026-09-03,2026-06-01,2026-09-03,district,MARATHWADA,MAHARASHTRA,JALNA,0.4,5.3,-93.0,LD,276.5,472.5,-41.0,D,2026-09-03 10:48:25.738872
2026-09-03,2026-06-01,2026-09-03,district,MARATHWADA,MAHARASHTRA,LATUR,1.6,6.5,-75.0,LD,360.5,511.2,-29.0,D,2026-09-03 10:48:25.738872
2026-09-03,2026-06-01,2026-09-03,district,MARATHWADA,MAHARASHTRA,NANDED,4.5,9.1,-51.0,D,448.2,647.3,-31.0,D,2026-09-03 10:48:25.738872
2026-09-03,2026-06-01,2026-09-03,district,MARATHWADA,MAHARASHTRA,PARBHANI,0.8,6.3,-88.0,LD,356.2,559.5,-36.0,D,2026-09-03 10:48:25.738872
2026-09-03,2026-06-01,2026-09-03,district,N. I. KARNATAKA,KARNATAKA,BAGALKOTE,2.2,2.7,-20.0,D,207.1,227.8,-9.0,N,2026-09-03 10:48:25.738872
2026-09-03,2026-06-01,2026-09-03,district,N. I. KARNATAKA,KARNATAKA,BELAGAVI,3.7,2.6,43.0,E,539.8,465.7,16.0,N,2026-09-03 10:48:25.738872
2026-09-03,2026-06-01,2026-09-03,district,N. I. KARNATAKA,KARNATAKA,BIDAR,1.9,7.1,-73.0,LD,409.9,496.9,-18.0,N,2026-09-03 10:48:25.738872
2026-09-03,2026-06-01,2026-09-03,district,N. I. KARNATAKA,KARNATAKA,DHARWAD,1.6,2.4,-35.0,D,243.0,413.1,-41.0,D,2026-09-03 10:48:25.738872
2026-09-03,2026-06-01,2026-09-03,district,N. I. KARNATAKA,KARNATAKA,GADAG,6.4,1.7,279.0,LE,204.5,240.5,-15.0,N,2026-09-03 10:48:25.738872
2026-09-03,2026-06-01,2026-09-03,district,N. I. KARNATAKA,KARNATAKA,HAVERI,1.6,2.5,-35.0,D,272.8,402.9,-32.0,D,2026-09-03 10:48:25.738872
2026-09-03,2026-06-01,2026-09-03,district,N. I. KARNATAKA,KARNATAKA,KALABURAGI,0.2,4.9,-95.0,LD,199.4,415.8,-52.0,D,2026-09-03 10:48:25.738872
2026-09-03,2026-06-01,2026-09-03,district,N. I. KARNATAKA,KARNATAKA,KOPPAL,5.0,3.3,51.0,E,169.7,252.6,-33.0,D,2026-09-03 10:48:25.738872
2026-09-03,2026-06-01,2026-09-03,district,N. I. KARNATAKA,KARNATAKA,RAICHUR,1.2,3.9,-68.0,LD,199.2,290.6,-31.0,D,2026-09-03 10:48:25.738872
2026-09-03,2026-06-01,2026-09-03,district,N. I. KARNATAKA,KARNATAKA,VIJAYAPURA,0.7,2.6,-74.0,LD,174.5,251.7,-31.0,D,2026-09-03 10:48:25.738872
2026-09-03,2026-06-01,2026-09-03,district,N. I. KARNATAKA,KARNATAKA,YADGIR,0.0,4.4,-100.0,NR,275.2,365.1,-25.0,D,2026-09-03 10:48:25.738872
2026-09-03,2026-06-01,2026-09-03,district,NMMT,MANIPUR,BISHNUPUR,0.2,12.5,-98.0,LD,393.2,942.4,-58.0,D,2026-09-03 10:48:25.738872
2026-09-03,2026-06-01,2026-09-03,district,NMMT,MANIPUR,CHANDEL,0.2,12.5,-99.0,LD,458.8,942.4,-51.0,D,2026-09-03 10:48:25.738872
2026-09-03,2026-06-01,2026-09-03,district,NMMT,MANIPUR,CHURACHANDPUR,0.0,12.5,-100.0,NR,211.0,942.4,-78.0,LD,2026-09-03 10:48:25.738872
2026-09-03,2026-06-01,2026-09-03,district,NMMT,MANIPUR,IMPHAL EAST,0.0,4.8,-100.0,NR,423.9,613.2,-31.0,D,2026-09-03 10:48:25.738872
2026-09-03,2026-06-01,2026-09-03,district,NMMT,MANIPUR,IMPHAL WEST,4.9,7.7,-36.0,D,636.7,1414.2,-55.0,D,2026-09-03 10:48:25.738872
2026-09-03,2026-06-01,2026-09-03,district,NMMT,MANIPUR,SENAPATI,0.0,4.0,-100.0,NR,574.8,646.6,-11.0,N,2026-09-03 10:48:25.738872
2026-09-03,2026-06-01,2026-09-03,district,NMMT,MANIPUR,TAMENGLONG,0.0,15.4,-100.0,NR,1492.6,3342.2,-55.0,D,2026-09-03 10:48:25.738872
2026-09-03,2026-06-01,2026-09-03,district,NMMT,MANIPUR,THOUBAL,0.0,4.8,-100.0,NR,309.7,613.2,-49.0,D,2026-09-03 10:48:25.738872
2026-09-03,2026-06-01,2026-09-03,district,NMMT,MANIPUR,UKHRUL,0.6,1.3,-54.0,D,821.0,880.0,-7.0,N,2026-09-03 10:48:25.738872
2026-09-03,2026-06-01,2026-09-03,district,NMMT,MIZORAM,AIZAWL,12.2,12.9,-6.0,N,1109.1,1280.1,-13.0,N,2026-09-03 10:48:25.738872
2026-09-03,2026-06-01,2026-09-03,district,NMMT,MIZORAM,CHAMPHAI,7.4,7.9,-6.0,N,848.2,1052.2,-19.0,N,2026-09-03 10:48:25.738872
2026-09-03,2026-06-01,2026-09-03,district,NMMT,MIZORAM,KOLASIB,40.8,15.1,170.0,LE,1434.5,1400.3,2.0,N,2026-09-03 10:48:25.738872
2026-09-03,2026-06-01,2026-09-03,district,NMMT,MIZORAM,LAWNGTLAI,12.7,10.7,19.0,N,1257.5,1377.2,-9.0,N,2026-09-03 10:48:25.738872
2026-09-03,2026-06-01,2026-09-03,district,NMMT,MIZORAM,LUNGLEI,22.8,13.5,69.0,LE,1135.1,1409.6,-19.0,N,2026-09-03 10:48:25.738872
2026-09-03,2026-06-01,2026-09-03,district,NMMT,MIZORAM,MAMIT,8.2,13.2,-38.0,D,806.1,1256.9,-36.0,D,2026-09-03 10:48:25.738872
2026-09-03,2026-06-01,2026-09-03,district,NMMT,MIZORAM,SAIHA,70.1,10.6,561.0,LE,1111.2,1404.3,-21.0,D,2026-09-03 10:48:25.738872
2026-09-03,2026-06-01,2026-09-03,district,NMMT,MIZORAM,SERCHHIP,16.0,9.7,65.0,LE,1222.4,1210.3,1.0,N,2026-09-03 10:48:25.738872
2026-09-03,2026-06-01,2026-09-03,district,NMMT,NAGALAND,DIMAPUR,2.2,4.3,-50.0,D,671.2,676.3,-1.0,N,2026-09-03 10:48:25.738872
2026-09-03,2026-06-01,2026-09-03,district,NMMT,NAGALAND,KIPHIRE,12.5,5.6,122.0,LE,654.9,505.8,29.0,E,2026-09-03 10:48:25.738872
2026-09-03,2026-06-01,2026-09-03,district,NMMT,NAGALAND,KOHIMA,9.8,8.8,11.0,N,923.4,1002.1,-8.0,N,2026-09-03 10:48:25.738872
2026-09-03,2026-06-01,2026-09-03,district,NMMT,NAGALAND,MOKOKCHUNG,5.5,10.1,-46.0,D,1331.6,1138.5,17.0,N,2026-09-03 10:48:25.738872
2026-09-03,2026-06-01,2026-09-03,district,NMMT,NAGALAND,MON,6.2,9.2,-33.0,D,708.8,899.4,-21.0,D,2026-09-03 10:48:25.738872
2026-09-03,2026-06-01,2026-09-03,district,NMMT,NAGALAND,PEREN,5.7,4.8,19.0,N,738.3,758.4,-3.0,N,2026-09-03 10:48:25.738872
2026-09-03,2026-06-01,2026-09-03,district,NMMT,NAGALAND,PHEK,7.6,5.0,52.0,E,654.7,691.1,-5.0,N,2026-09-03 10:48:25.738872
2026-09-03,2026-06-01,2026-09-03,district,NMMT,NAGALAND,WOKHA,15.1,11.9,27.0,E,1106.6,1012.8,9.0,N,2026-09-03 10:48:25.738872
2026-09-03,2026-06-01,2026-09-03,district,NMMT,NAGALAND,ZUNHEBOTO,14.5,9.1,59.0,E,1396.1,879.5,59.0,E,2026-09-03 10:48:25.738872
2026-09-03,2026-06-01,2026-09-03,district,NMMT,TRIPURA,DHALAI,2.4,7.6,-69.0,LD,1046.0,1107.7,-6.0,N,2026-09-03 10:48:25.738872
2026-09-03,2026-06-01,2026-09-03,district,NMMT,TRIPURA,GOMATI,12.7,5.5,131.0,LE,933.6,1182.9,-21.0,D,2026-09-03 10:48:25.738872
2026-09-03,2026-06-01,2026-09-03,district,NMMT,TRIPURA,KHOWAI,10.8,9.8,10.0,N,1147.6,1082.6,6.0,N,2026-09-03 10:48:25.738872
2026-09-03,2026-06-01,2026-09-03,district,NMMT,TRIPURA,NORTH TRIPURA,7.7,9.3,-17.0,N,962.9,1147.8,-16.0,N,2026-09-03 10:48:25.738872
2026-09-03,2026-06-01,2026-09-03,district,NMMT,TRIPURA,SIPAHIJALA,9.0,8.5,6.0,N,973.8,1105.8,-12.0,N,2026-09-03 10:48:25.738872
2026-09-03,2026-06-01,2026-09-03,district,NMMT,TRIPURA,SOUTH TRIPURA,7.6,7.5,1.0,N,974.5,1430.7,-32.0,D,2026-09-03 10:48:25.738872
2026-09-03,2026-06-01,2026-09-03,district,NMMT,TRIPURA,UNAKOTI,0.9,7.3,-87.0,LD,1140.8,1169.5,-2.0,N,2026-09-03 10:48:25.738872
2026-09-03,2026-06-01,2026-09-03,district,NMMT,TRIPURA,WEST TRIPURA,7.4,5.1,44.0,E,1113.3,989.8,12.0,N,2026-09-03 10:48:25.738872
2026-09-03,2026-06-01,2026-09-03,district,ODISHA,ODISHA,ANGUL,0.0,9.6,-100.0,NR,1203.6,929.8,29.0,E,2026-09-03 10:48:25.738872
2026-09-03,2026-06-01,2026-09-03,district,ODISHA,ODISHA,BALANGIR,1.1,7.6,-85.0,LD,1179.8,910.3,30.0,E,2026-09-03 10:48:25.738872
2026-09-03,2026-06-01,2026-09-03,district,ODISHA,ODISHA,BALASORE,0.0,11.1,-100.0,NR,1515.3,947.5,60.0,LE,2026-09-03 10:48:25.738872
2026-09-03,2026-06-01,2026-09-03,district,ODISHA,ODISHA,BARGARH,1.2,9.7,-87.0,LD,1558.0,1006.2,55.0,E,2026-09-03 10:48:25.738872
2026-09-03,2026-06-01,2026-09-03,district,ODISHA,ODISHA,BHADRAK,0.0,8.1,-100.0,NR,1157.2,861.5,34.0,E,2026-09-03 10:48:25.738872
2026-09-03,2026-06-01,2026-09-03,district,ODISHA,ODISHA,BOUDH,3.3,8.0,-59.0,D,1593.5,866.6,84.0,LE,2026-09-03 10:48:25.738872
2026-09-03,2026-06-01,2026-09-03,district,ODISHA,ODISHA,CUTTACK,0.0,6.8,-100.0,NR,1263.0,920.9,37.0,E,2026-09-03 10:48:25.738872
2026-09-03,2026-06-01,2026-09-03,district,ODISHA,ODISHA,DEOGARH,2.2,15.9,-86.0,LD,1421.9,978.7,45.0,E,2026-09-03 10:48:25.738872
2026-09-03,2026-06-01,2026-09-03,district,ODISHA,ODISHA,DHENKANAL,0.0,5.7,-100.0,NR,1346.3,897.4,50.0,E,2026-09-03 10:48:25.738872
2026-09-03,2026-06-01,2026-09-03,district,ODISHA,ODISHA,GAJAPATI,0.1,5.5,-98.0,LD,540.3,702.2,-23.0,D,2026-09-03 10:48:25.738872
2026-09-03,2026-06-01,2026-09-03,district,ODISHA,ODISHA,GANJAM,0.0,5.8,-99.0,LD,576.1,686.1,-16.0,N,2026-09-03 10:48:25.738872
2026-09-03,2026-06-01,2026-09-03,district,ODISHA,ODISHA,JAGATSINGHPUR,2.5,5.5,-54.0,D,1100.6,838.3,31.0,E,2026-09-03 10:48:25.738872
2026-09-03,2026-06-01,2026-09-03,district,ODISHA,ODISHA,JAJPUR,0.0,6.5,-100.0,NR,1153.0,992.1,16.0,N,2026-09-03 10:48:25.738872
2026-09-03,2026-06-01,2026-09-03,district,ODISHA,ODISHA,JHARSUGUDA,0.3,13.5,-98.0,LD,1114.0,995.4,12.0,N,2026-09-03 10:48:25.738872
2026-09-03,2026-06-01,2026-09-03,district,ODISHA,ODISHA,KALAHANDI,1.1,10.1,-89.0,LD,996.9,1156.2,-14.0,N,2026-09-03 10:48:25.738872
2026-09-03,2026-06-01,2026-09-03,district,ODISHA,ODISHA,KANDHAMAL,0.4,8.4,-95.0,LD,1123.8,921.6,22.0,E,2026-09-03 10:48:25.738872
2026-09-03,2026-06-01,2026-09-03,district,ODISHA,ODISHA,KENDRAPARA,0.0,8.0,-100.0,NR,1319.6,876.6,51.0,E,2026-09-03 10:48:25.738872
2026-09-03,2026-06-01,2026-09-03,district,ODISHA,ODISHA,KEONJHARGARH,0.2,9.0,-98.0,LD,1442.0,926.0,56.0,E,2026-09-03 10:48:25.738872
2026-09-03,2026-06-01,2026-09-03,district,ODISHA,ODISHA,KHURDA,3.2,6.0,-47.0,D,1060.7,868.9,22.0,E,2026-09-03 10:48:25.738872
2026-09-03,2026-06-01,2026-09-03,district,ODISHA,ODISHA,KORAPUT,6.0,11.8,-49.0,D,1019.2,1009.3,1.0,N,2026-09-03 10:48:25.738872
2026-09-03,2026-06-01,2026-09-03,district,ODISHA,ODISHA,MALKANGIRI,0.5,11.7,-96.0,LD,909.0,1055.1,-14.0,N,2026-09-03 10:48:25.738872
2026-09-03,2026-06-01,2026-09-03,district,ODISHA,ODISHA,MAYURBHANJ,2.6,9.8,-73.0,LD,1496.3,979.4,53.0,E,2026-09-03 10:48:25.738872
2026-09-03,2026-06-01,2026-09-03,district,ODISHA,ODISHA,NAWAPARA,0.4,8.9,-96.0,LD,992.3,841.5,18.0,N,2026-09-03 10:48:25.738872
2026-09-03,2026-06-01,2026-09-03,district,ODISHA,ODISHA,NAWARANGPUR,1.0,10.8,-91.0,LD,940.7,1133.6,-17.0,N,2026-09-03 10:48:25.738872
2026-09-03,2026-06-01,2026-09-03,district,ODISHA,ODISHA,NAYAGARH,2.8,8.5,-67.0,LD,1026.3,862.7,19.0,N,2026-09-03 10:48:25.738872
2026-09-03,2026-06-01,2026-09-03,district,ODISHA,ODISHA,PURI,0.9,8.7,-90.0,LD,1105.7,814.3,36.0,E,2026-09-03 10:48:25.738872
2026-09-03,2026-06-01,2026-09-03,district,ODISHA,ODISHA,RAYAGADA,2.1,5.9,-64.0,LD,740.5,789.8,-6.0,N,2026-09-03 10:48:25.738872
2026-09-03,2026-06-01,2026-09-03,district,ODISHA,ODISHA,SAMBALPUR,0.8,12.6,-93.0,LD,1458.4,1068.6,36.0,E,2026-09-03 10:48:25.738872
2026-09-03,2026-06-01,2026-09-03,district,ODISHA,ODISHA,SONEPUR,1.0,9.1,-89.0,LD,1579.2,1002.7,57.0,E,2026-09-03 10:48:25.738872
2026-09-03,2026-06-01,2026-09-03,district,ODISHA,ODISHA,SUNDARGARH,2.4,12.0,-80.0,LD,1310.8,1007.5,30.0,E,2026-09-03 10:48:25.738872
2026-09-03,2026-06-01,2026-09-03,district,PUNJAB,PUNJAB,AMRITSAR,0.1,4.7,-97.0,LD,347.6,398.1,-13.0,N,2026-09-03 10:48:25.738872
2026-09-03,2026-06-01,2026-09-03,district,PUNJAB,PUNJAB,BARNALA,0.0,4.7,-100.0,NR,124.3,308.4,-60.0,LD,2026-09-03 10:48:25.738872
2026-09-03,2026-06-01,2026-09-03,district,PUNJAB,PUNJAB,BHATINDA,0.0,2.4,-100.0,NR,122.6,249.7,-51.0,D,2026-09-03 10:48:25.738872
2026-09-03,2026-06-01,2026-09-03,district,PUNJAB,PUNJAB,FARIDKOT,0.0,3.3,-100.0,NR,223.8,255.6,-12.0,N,2026-09-03 10:48:25.738872
2026-09-03,2026-06-01,2026-09-03,district,PUNJAB,PUNJAB,FATEHGARH SAHIB,0.0,2.6,-100.0,NR,134.7,407.4,-67.0,LD,2026-09-03 10:48:25.738872
2026-09-03,2026-06-01,2026-09-03,district,PUNJAB,PUNJAB,FAZILKA,0.0,5.4,-100.0,NR,106.6,216.1,-51.0,D,2026-09-03 10:48:25.738872
2026-09-03,2026-06-01,2026-09-03,district,PUNJAB,PUNJAB,FEROZEPUR,0.0,3.4,-100.0,NR,134.4,210.4,-36.0,D,2026-09-03 10:48:25.738872
2026-09-03,2026-06-01,2026-09-03,district,PUNJAB,PUNJAB,GURDASPUR,1.1,4.5,-75.0,LD,728.6,524.2,39.0,E,2026-09-03 10:48:25.738872
2026-09-03,2026-06-01,2026-09-03,district,PUNJAB,PUNJAB,HOSHIARPUR,1.5,4.2,-64.0,LD,238.4,522.8,-54.0,D,2026-09-03 10:48:25.738872
2026-09-03,2026-06-01,2026-09-03,district,PUNJAB,PUNJAB,JALANDHAR,0.0,7.6,-100.0,NR,229.9,447.5,-49.0,D,2026-09-03 10:48:25.738872
2026-09-03,2026-06-01,2026-09-03,district,PUNJAB,PUNJAB,KAPURTHALA,0.0,4.7,-100.0,NR,133.1,391.8,-66.0,LD,2026-09-03 10:48:25.738872
2026-09-03,2026-06-01,2026-09-03,district,PUNJAB,PUNJAB,LUDHIANA,1.0,6.1,-83.0,LD,218.7,385.1,-43.0,D,2026-09-03 10:48:25.738872
2026-09-03,2026-06-01,2026-09-03,district,PUNJAB,PUNJAB,MANSA,0.0,2.1,-100.0,NR,71.8,226.7,-68.0,LD,2026-09-03 10:48:25.738872
2026-09-03,2026-06-01,2026-09-03,district,PUNJAB,PUNJAB,MOGA,0.0,2.8,-100.0,NR,164.1,254.0,-35.0,D,2026-09-03 10:48:25.738872
2026-09-03,2026-06-01,2026-09-03,district,PUNJAB,PUNJAB,MUKTSAR,0.0,3.0,-100.0,NR,94.5,268.1,-65.0,LD,2026-09-03 10:48:25.738872
2026-09-03,2026-06-01,2026-09-03,district,PUNJAB,PUNJAB,PATHANKOT,13.1,5.6,133.0,LE,1169.0,840.3,39.0,E,2026-09-03 10:48:25.738872
2026-09-03,2026-06-01,2026-09-03,district,PUNJAB,PUNJAB,PATIALA,0.3,6.1,-96.0,LD,257.9,449.1,-43.0,D,2026-09-03 10:48:25.738872
2026-09-03,2026-06-01,2026-09-03,district,PUNJAB,PUNJAB,RUPNAGAR,26.4,7.7,243.0,LE,489.9,688.0,-29.0,D,2026-09-03 10:48:25.738872
2026-09-03,2026-06-01,2026-09-03,district,PUNJAB,PUNJAB,SANGRUR,0.0,3.3,-100.0,NR,153.4,321.4,-52.0,D,2026-09-03 10:48:25.738872
2026-09-03,2026-06-01,2026-09-03,district,PUNJAB,PUNJAB,SAS NAGAR (MOHALI),1.3,4.8,-72.0,LD,216.4,522.4,-59.0,D,2026-09-03 10:48:25.738872
2026-09-03,2026-06-01,2026-09-03,district,PUNJAB,PUNJAB,SBS NAGAR,0.0,3.7,-100.0,NR,317.8,642.6,-51.0,D,2026-09-03 10:48:25.738872
2026-09-03,2026-06-01,2026-09-03,district,PUNJAB,PUNJAB,TARN TARAN,0.0,7.0,-100.0,NR,120.6,234.4,-49.0,D,2026-09-03 10:48:25.738872
2026-09-03,2026-06-01,2026-09-03,district,RAYALASEEMA,ANDHRA PRADESH,ANANTAPURAMU,0.1,4.7,-98.0,LD,156.9,218.5,-28.0,D,2026-09-03 10:48:25.738872
2026-09-03,2026-06-01,2026-09-03,district,RAYALASEEMA,ANDHRA PRADESH,ANNAMAYYA DISTRICT,0.0,2.3,-100.0,NR,83.9,269.6,-69.0,LD,2026-09-03 10:48:25.738872
2026-09-03,2026-06-01,2026-09-03,district,RAYALASEEMA,ANDHRA PRADESH,CHITTOOR,0.0,4.7,-100.0,NR,133.2,307.5,-57.0,D,2026-09-03 10:48:25.738872
2026-09-03,2026-06-01,2026-09-03,district,RAYALASEEMA,ANDHRA PRADESH,KURNOOL,0.0,4.8,-100.0,NR,202.8,312.3,-35.0,D,2026-09-03 10:48:25.738872
2026-09-03,2026-06-01,2026-09-03,district,RAYALASEEMA,ANDHRA PRADESH,NANDYAL,0.1,4.9,-97.0,LD,203.8,368.9,-45.0,D,2026-09-03 10:48:25.738872
2026-09-03,2026-06-01,2026-09-03,district,RAYALASEEMA,ANDHRA PRADESH,SRI SATHYASAI DISTRICT,0.3,3.5,-91.0,LD,113.3,209.7,-46.0,D,2026-09-03 10:48:25.738872
2026-09-03,2026-06-01,2026-09-03,district,RAYALASEEMA,ANDHRA PRADESH,TIRUPATI,0.0,3.7,-100.0,NR,185.1,324.8,-43.0,D,2026-09-03 10:48:25.738872
2026-09-03,2026-06-01,2026-09-03,district,RAYALASEEMA,ANDHRA PRADESH,YSR DISTRICT,0.0,3.0,-100.0,NR,148.5,285.7,-48.0,D,2026-09-03 10:48:25.738872
2026-09-03,2026-06-01,2026-09-03,district,S. I. KARNATAKA,KARNATAKA,BALLARI,0.0,3.0,-100.0,NR,133.8,240.6,-44.0,D,2026-09-03 10:48:25.738872
2026-09-03,2026-06-01,2026-09-03,district,S. I. KARNATAKA,KARNATAKA,BENGALURU RURAL,3.2,3.5,-9.0,N,229.3,282.2,-19.0,N,2026-09-03 10:48:25.738872
2026-09-03,2026-06-01,2026-09-03,district,S. I. KARNATAKA,KARNATAKA,BENGALURU URBAN,1.0,4.3,-76.0,LD,128.5,291.4,-56.0,D,2026-09-03 10:48:25.738872
2026-09-03,2026-06-01,2026-09-03,district,S. I. KARNATAKA,KARNATAKA,CHAMARAJANAGAR,0.0,4.6,-100.0,NR,133.5,226.5,-41.0,D,2026-09-03 10:48:25.738872
2026-09-03,2026-06-01,2026-09-03,district,S. I. KARNATAKA,KARNATAKA,CHIKABALLAPURA,0.1,3.5,-98.0,LD,151.0,274.5,-45.0,D,2026-09-03 10:48:25.738872
2026-09-03,2026-06-01,2026-09-03,district,S. I. KARNATAKA,KARNATAKA,CHIKKAMAGALURU,0.8,7.8,-90.0,LD,1228.2,1334.6,-8.0,N,2026-09-03 10:48:25.738872
2026-09-03,2026-06-01,2026-09-03,district,S. I. KARNATAKA,KARNATAKA,CHITRADURGA,0.9,2.6,-64.0,LD,146.5,193.8,-24.0,D,2026-09-03 10:48:25.738872
2026-09-03,2026-06-01,2026-09-03,district,S. I. KARNATAKA,KARNATAKA,DAVANGERE,0.3,1.8,-82.0,LD,262.0,279.9,-6.0,N,2026-09-03 10:48:25.738872
2026-09-03,2026-06-01,2026-09-03,district,S. I. KARNATAKA,KARNATAKA,HASSAN,0.0,4.4,-100.0,NR,201.8,556.9,-64.0,LD,2026-09-03 10:48:25.738872
2026-09-03,2026-06-01,2026-09-03,district,S. I. KARNATAKA,KARNATAKA,KODAGU,0.7,12.7,-94.0,LD,1514.9,2038.9,-26.0,D,2026-09-03 10:48:25.738872
2026-09-03,2026-06-01,2026-09-03,district,S. I. KARNATAKA,KARNATAKA,KOLAR,0.0,5.0,-100.0,NR,129.3,262.0,-51.0,D,2026-09-03 10:48:25.738872
2026-09-03,2026-06-01,2026-09-03,district,S. I. KARNATAKA,KARNATAKA,MANDYA,1.5,2.6,-41.0,D,100.2,188.3,-47.0,D,2026-09-03 10:48:25.738872
2026-09-03,2026-06-01,2026-09-03,district,S. I. KARNATAKA,KARNATAKA,MYSURU,0.0,3.7,-100.0,NR,153.1,273.5,-44.0,D,2026-09-03 10:48:25.738872
2026-09-03,2026-06-01,2026-09-03,district,S. I. KARNATAKA,KARNATAKA,SHIVAMOGGA,2.4,9.3,-74.0,LD,1432.4,1479.1,-3.0,N,2026-09-03 10:48:25.738872
2026-09-03,2026-06-01,2026-09-03,district,S. I. KARNATAKA,KARNATAKA,TUMAKURU,0.0,3.0,-100.0,NR,127.6,236.7,-46.0,D,2026-09-03 10:48:25.738872
2026-09-03,2026-06-01,2026-09-03,district,S. I. KARNATAKA,KARNATAKA,VIJAYANAGARA,1.3,2.4,-44.0,D,148.0,261.2,-43.0,D,2026-09-03 10:48:25.738872
2026-09-03,2026-06-01,2026-09-03,district,SAURASHTRA & KUTCH,DADRA & NAGAR HAVELI AND DAMAN & DIU (UT),DIU,0.0,1.2,-100.0,NR,630.4,653.6,-4.0,N,2026-09-03 10:48:25.738872
2026-09-03,2026-06-01,2026-09-03,district,SAURASHTRA & KUTCH,GUJARAT,AMRELI,0.4,4.3,-90.0,LD,494.7,478.5,3.0,N,2026-09-03 10:48:25.738872
2026-09-03,2026-06-01,2026-09-03,district,SAURASHTRA & KUTCH,GUJARAT,BHAVNAGAR,0.3,3.8,-93.0,LD,477.3,475.5,0.0,N,2026-09-03 10:48:25.738872
2026-09-03,2026-06-01,2026-09-03,district,SAURASHTRA & KUTCH,GUJARAT,BOTAD,0.0,3.5,-100.0,NR,445.8,467.7,-5.0,N,2026-09-03 10:48:25.738872
2026-09-03,2026-06-01,2026-09-03,district,SAURASHTRA & KUTCH,GUJARAT,DEVBHOOMI DWARKA,0.0,3.5,-100.0,NR,57.8,481.2,-88.0,LD,2026-09-03 10:48:25.738872
2026-09-03,2026-06-01,2026-09-03,district,SAURASHTRA & KUTCH,GUJARAT,GIR SOMNATH,0.2,2.9,-94.0,LD,469.9,770.3,-39.0,D,2026-09-03 10:48:25.738872
2026-09-03,2026-06-01,2026-09-03,district,SAURASHTRA & KUTCH,GUJARAT,JAMNAGAR,0.0,2.7,-100.0,NR,216.0,546.3,-60.0,LD,2026-09-03 10:48:25.738872
2026-09-03,2026-06-01,2026-09-03,district,SAURASHTRA & KUTCH,GUJARAT,JUNAGADH,0.0,3.7,-100.0,NR,591.0,758.2,-22.0,D,2026-09-03 10:48:25.738872
2026-09-03,2026-06-01,2026-09-03,district,SAURASHTRA & KUTCH,GUJARAT,KUTCH,0.0,2.3,-99.0,LD,137.5,349.8,-61.0,LD,2026-09-03 10:48:25.738872
2026-09-03,2026-06-01,2026-09-03,district,SAURASHTRA & KUTCH,GUJARAT,MORBI,0.0,3.0,-100.0,NR,473.0,460.7,3.0,N,2026-09-03 10:48:25.738872
2026-09-03,2026-06-01,2026-09-03,district,SAURASHTRA & KUTCH,GUJARAT,PORBANDAR,0.2,7.9,-97.0,LD,161.3,595.7,-73.0,LD,2026-09-03 10:48:25.738872
2026-09-03,2026-06-01,2026-09-03,district,SAURASHTRA & KUTCH,GUJARAT,RAJKOT,0.0,3.4,-100.0,NR,355.6,534.8,-34.0,D,2026-09-03 10:48:25.738872
2026-09-03,2026-06-01,2026-09-03,district,SAURASHTRA & KUTCH,GUJARAT,SURENDRANAGAR,0.0,2.6,-100.0,NR,480.8,437.7,10.0,N,2026-09-03 10:48:25.738872
2026-09-03,2026-06-01,2026-09-03,district,SHWB & SIKKIM,SIKKIM,GANGTOK,20.7,21.6,-4.0,N,1616.7,1806.5,-11.0,N,2026-09-03 10:48:25.738872
2026-09-03,2026-06-01,2026-09-03,district,SHWB & SIKKIM,SIKKIM,GYALSHING,10.3,17.7,-42.0,D,1867.4,1484.2,26.0,E,2026-09-03 10:48:25.738872
2026-09-03,2026-06-01,2026-09-03,district,SHWB & SIKKIM,SIKKIM,MANGAN,5.3,11.8,-55.0,D,1114.4,1267.1,-12.0,N,2026-09-03 10:48:25.738872
2026-09-03,2026-06-01,2026-09-03,district,SHWB & SIKKIM,SIKKIM,NAMCHI,8.4,9.8,-14.0,N,1540.4,1340.5,15.0,N,2026-09-03 10:48:25.738872
2026-09-03,2026-06-01,2026-09-03,district,SHWB & SIKKIM,SIKKIM,Pakyong,1.4,16.4,-91.0,LD,1307.6,1332.3,-2.0,N,2026-09-03 10:48:25.738872
2026-09-03,2026-06-01,2026-09-03,district,SHWB & SIKKIM,SIKKIM,Soreng,9.0,17.7,-49.0,D,1828.0,1484.2,23.0,E,2026-09-03 10:48:25.738872
2026-09-03,2026-06-01,2026-09-03,district,SHWB & SIKKIM,WEST BENGAL,ALIPURDUAR,0.0,25.0,-100.0,NR,2239.8,2540.4,-12.0,N,2026-09-03 10:48:25.738872
2026-09-03,2026-06-01,2026-09-03,district,SHWB & SIKKIM,WEST BENGAL,COOCH BEHAR,7.9,19.5,-59.0,D,1740.2,1937.2,-10.0,N,2026-09-03 10:48:25.738872
2026-09-03,2026-06-01,2026-09-03,district,SHWB & SIKKIM,WEST BENGAL,DARJEELING,2.4,19.5,-88.0,LD,1786.7,2254.9,-21.0,D,2026-09-03 10:48:25.738872
2026-09-03,2026-06-01,2026-09-03,district,SHWB & SIKKIM,WEST BENGAL,JALPAIGURI,0.3,22.8,-99.0,LD,1798.1,2417.7,-26.0,D,2026-09-03 10:48:25.738872
2026-09-03,2026-06-01,2026-09-03,district,SHWB & SIKKIM,WEST BENGAL,KALIMPONG,2.9,18.2,-84.0,LD,1591.3,1998.6,-20.0,D,2026-09-03 10:48:25.738872
2026-09-03,2026-06-01,2026-09-03,district,SHWB & SIKKIM,WEST BENGAL,MALDA,9.0,8.3,8.0,N,697.5,910.0,-23.0,D,2026-09-03 10:48:25.738872
2026-09-03,2026-06-01,2026-09-03,district,SHWB & SIKKIM,WEST BENGAL,NORTH DINAJPUR,19.0,11.1,71.0,LE,835.1,1173.3,-29.0,D,2026-09-03 10:48:25.738872
2026-09-03,2026-06-01,2026-09-03,district,SHWB & SIKKIM,WEST BENGAL,SOUTH DINAJPUR,2.6,5.1,-49.0,D,675.3,834.4,-19.0,N,2026-09-03 10:48:25.738872
2026-09-03,2026-06-01,2026-09-03,district,TAMIL. PUDU.& KARAIKAL,PUDUCHERRY (UT),KARAIKAL,0.0,2.0,-100.0,NR,232.6,199.3,17.0,N,2026-09-03 10:48:25.738872
2026-09-03,2026-06-01,2026-09-03,district,TAMIL. PUDU.& KARAIKAL,PUDUCHERRY (UT),PUDUCHERRY,0.0,4.1,-100.0,NR,106.7,269.2,-60.0,LD,2026-09-03 10:48:25.738872
2026-09-03,2026-06-01,2026-09-03,district,TAMIL. PUDU.& KARAIKAL,TAMILNADU,ARIYALUR,0.5,2.5,-80.0,LD,204.5,205.3,0.0,N,2026-09-03 10:48:25.738872
2026-09-03,2026-06-01,2026-09-03,district,TAMIL. PUDU.& KARAIKAL,TAMILNADU,CHENGALPATTU,13.4,2.5,436.0,LE,137.2,283.8,-52.0,D,2026-09-03 10:48:25.738872
2026-09-03,2026-06-01,2026-09-03,district,TAMIL. PUDU.& KARAIKAL,TAMILNADU,CHENNAI,0.3,3.1,-90.0,LD,303.3,315.9,-4.0,N,2026-09-03 10:48:25.738872
2026-09-03,2026-06-01,2026-09-03,district,TAMIL. PUDU.& KARAIKAL,TAMILNADU,COIMBATORE,0.2,5.7,-97.0,LD,627.9,578.0,9.0,N,2026-09-03 10:48:25.738872
2026-09-03,2026-06-01,2026-09-03,district,TAMIL. PUDU.& KARAIKAL,TAMILNADU,CUDDALORE,0.1,3.3,-97.0,LD,216.3,237.8,-9.0,N,2026-09-03 10:48:25.738872
2026-09-03,2026-06-01,2026-09-03,district,TAMIL. PUDU.& KARAIKAL,TAMILNADU,DHARMAPURI,0.0,6.4,-100.0,NR,152.3,235.9,-35.0,D,2026-09-03 10:48:25.738872
2026-09-03,2026-06-01,2026-09-03,district,TAMIL. PUDU.& KARAIKAL,TAMILNADU,DINDIGUL,0.0,4.0,-100.0,NR,102.1,177.3,-42.0,D,2026-09-03 10:48:25.738872
2026-09-03,2026-06-01,2026-09-03,district,TAMIL. PUDU.& KARAIKAL,TAMILNADU,ERODE,1.0,3.7,-74.0,LD,113.5,164.1,-31.0,D,2026-09-03 10:48:25.738872
2026-09-03,2026-06-01,2026-09-03,district,TAMIL. PUDU.& KARAIKAL,TAMILNADU,KALLAKURICHI,0.0,3.8,-100.0,NR,160.0,260.2,-39.0,D,2026-09-03 10:48:25.738872
2026-09-03,2026-06-01,2026-09-03,district,TAMIL. PUDU.& KARAIKAL,TAMILNADU,KANCHEEPURAM,10.3,3.6,185.0,LE,230.4,329.6,-30.0,D,2026-09-03 10:48:25.738872
2026-09-03,2026-06-01,2026-09-03,district,TAMIL. PUDU.& KARAIKAL,TAMILNADU,KANYAKUMARI,0.0,3.9,-100.0,NR,399.7,381.0,5.0,N,2026-09-03 10:48:25.738872
2026-09-03,2026-06-01,2026-09-03,district,TAMIL. PUDU.& KARAIKAL,TAMILNADU,KARUR,0.0,4.4,-100.0,NR,37.6,109.7,-66.0,LD,2026-09-03 10:48:25.738872
2026-09-03,2026-06-01,2026-09-03,district,TAMIL. PUDU.& KARAIKAL,TAMILNADU,KRISHNAGIRI,1.4,4.4,-68.0,LD,122.1,218.8,-44.0,D,2026-09-03 10:48:25.738872
2026-09-03,2026-06-01,2026-09-03,district,TAMIL. PUDU.& KARAIKAL,TAMILNADU,MADURAI,3.4,3.5,-2.0,N,108.8,185.1,-41.0,D,2026-09-03 10:48:25.738872
2026-09-03,2026-06-01,2026-09-03,district,TAMIL. PUDU.& KARAIKAL,TAMILNADU,MAYILADUTHURAI,0.0,3.1,-100.0,NR,153.8,202.5,-24.0,D,2026-09-03 10:48:25.738872
2026-09-03,2026-06-01,2026-09-03,district,TAMIL. PUDU.& KARAIKAL,TAMILNADU,NAGAPATTINAM,0.0,2.1,-100.0,NR,68.6,163.5,-58.0,D,2026-09-03 10:48:25.738872
2026-09-03,2026-06-01,2026-09-03,district,TAMIL. PUDU.& KARAIKAL,TAMILNADU,NAMAKKAL,0.9,3.5,-74.0,LD,85.4,207.8,-59.0,D,2026-09-03 10:48:25.738872
2026-09-03,2026-06-01,2026-09-03,district,TAMIL. PUDU.& KARAIKAL,TAMILNADU,NILGIRIS,0.3,7.4,-95.0,LD,487.3,684.2,-29.0,D,2026-09-03 10:48:25.738872
2026-09-03,2026-06-01,2026-09-03,district,TAMIL. PUDU.& KARAIKAL,TAMILNADU,PERAMBALUR,0.0,4.0,-100.0,NR,157.7,166.4,-5.0,N,2026-09-03 10:48:25.738872
2026-09-03,2026-06-01,2026-09-03,district,TAMIL. PUDU.& KARAIKAL,TAMILNADU,PUDUKKOTTAI,0.0,3.7,-99.0,LD,164.0,199.4,-18.0,N,2026-09-03 10:48:25.738872
2026-09-03,2026-06-01,2026-09-03,district,TAMIL. PUDU.& KARAIKAL,TAMILNADU,RAMANATHAPURAM,0.1,1.3,-91.0,LD,34.9,78.3,-55.0,D,2026-09-03 10:48:25.738872
2026-09-03,2026-06-01,2026-09-03,district,TAMIL. PUDU.& KARAIKAL,TAMILNADU,RANIPET,18.3,3.8,382.0,LE,247.3,315.2,-22.0,D,2026-09-03 10:48:25.738872
2026-09-03,2026-06-01,2026-09-03,district,TAMIL. PUDU.& KARAIKAL,TAMILNADU,SALEM,3.1,7.1,-56.0,D,176.6,265.9,-34.0,D,2026-09-03 10:48:25.738872
2026-09-03,2026-06-01,2026-09-03,district,TAMIL. PUDU.& KARAIKAL,TAMILNADU,SIVAGANGA,3.0,2.1,42.0,E,204.7,217.5,-6.0,N,2026-09-03 10:48:25.738872
2026-09-03,2026-06-01,2026-09-03,district,TAMIL. PUDU.& KARAIKAL,TAMILNADU,TENKASI,0.0,1.4,-100.0,NR,177.4,128.9,38.0,E,2026-09-03 10:48:25.738872
2026-09-03,2026-06-01,2026-09-03,district,TAMIL. PUDU.& KARAIKAL,TAMILNADU,THANJAVUR,0.9,2.6,-65.0,LD,132.3,199.3,-34.0,D,2026-09-03 10:48:25.738872
2026-09-03,2026-06-01,2026-09-03,district,TAMIL. PUDU.& KARAIKAL,TAMILNADU,THENI,0.0,3.2,-100.0,NR,165.5,150.0,10.0,N,2026-09-03 10:48:25.738872
2026-09-03,2026-06-01,2026-09-03,district,TAMIL. PUDU.& KARAIKAL,TAMILNADU,THIRUCHIRAPALLI,0.0,3.5,-100.0,NR,89.4,163.2,-45.0,D,2026-09-03 10:48:25.738872
2026-09-03,2026-06-01,2026-09-03,district,TAMIL. PUDU.& KARAIKAL,TAMILNADU,THIRUVALLUR,1.7,4.7,-64.0,LD,249.1,327.1,-24.0,D,2026-09-03 10:48:25.738872
2026-09-03,2026-06-01,2026-09-03,district,TAMIL. PUDU.& KARAIKAL,TAMILNADU,THOOTHUKUDI,0.0,1.1,-100.0,NR,8.4,34.4,-76.0,LD,2026-09-03 10:48:25.738872
2026-09-03,2026-06-01,2026-09-03,district,TAMIL. PUDU.& KARAIKAL,TAMILNADU,TIRUNELVELI,0.0,0.7,-100.0,NR,363.8,59.0,517.0,LE,2026-09-03 10:48:25.738872
2026-09-03,2026-06-01,2026-09-03,district,TAMIL. PUDU.& KARAIKAL,TAMILNADU,TIRUPATTUR,0.0,5.3,-100.0,NR,94.2,282.2,-67.0,LD,2026-09-03 10:48:25.738872
2026-09-03,2026-06-01,2026-09-03,district,TAMIL. PUDU.& KARAIKAL,TAMILNADU,TIRUPPUR,0.0,2.6,-100.0,NR,36.5,82.8,-56.0,D,2026-09-03 10:48:25.738872
2026-09-03,2026-06-01,2026-09-03,district,TAMIL. PUDU.& KARAIKAL,TAMILNADU,TIRUVANNAMALAI,8.9,4.7,89.0,LE,157.5,299.3,-47.0,D,2026-09-03 10:48:25.738872
2026-09-03,2026-06-01,2026-09-03,district,TAMIL. PUDU.& KARAIKAL,TAMILNADU,TIRUVARUR,0.0,2.8,-100.0,NR,150.3,194.4,-23.0,D,2026-09-03 10:48:25.738872
2026-09-03,2026-06-01,2026-09-03,district,TAMIL. PUDU.& KARAIKAL,TAMILNADU,VELLORE,0.2,4.6,-96.0,LD,143.3,292.6,-51.0,D,2026-09-03 10:48:25.738872
2026-09-03,2026-06-01,2026-09-03,district,TAMIL. PUDU.& KARAIKAL,TAMILNADU,VILLUPURAM,0.1,3.6,-98.0,LD,180.8,274.8,-34.0,D,2026-09-03 10:48:25.738872
2026-09-03,2026-06-01,2026-09-03,district,TAMIL. PUDU.& KARAIKAL,TAMILNADU,VIRUDHUNAGAR,0.0,1.6,-100.0,NR,81.8,112.9,-28.0,D,2026-09-03 10:48:25.738872
2026-09-03,2026-06-01,2026-09-03,district,TELANGANA,TELANGANA,ADILABAD,5.3,8.8,-40.0,D,603.9,804.7,-25.0,D,2026-09-03 10:48:25.738872
2026-09-03,2026-06-01,2026-09-03,district,TELANGANA,TELANGANA,B. KOTHAGUDEM,0.4,6.0,-93.0,LD,519.7,788.8,-34.0,D,2026-09-03 10:48:25.738872
2026-09-03,2026-06-01,2026-09-03,district,TELANGANA,TELANGANA,HANUMAKONDA,2.6,4.2,-39.0,D,338.8,554.4,-39.0,D,2026-09-03 10:48:25.738872
2026-09-03,2026-06-01,2026-09-03,district,TELANGANA,TELANGANA,HYDERABAD,2.5,4.0,-38.0,D,322.5,480.2,-33.0,D,2026-09-03 10:48:25.738872
2026-09-03,2026-06-01,2026-09-03,district,TELANGANA,TELANGANA,J. BHUPALPALLY,1.4,4.8,-71.0,LD,710.0,825.4,-14.0,N,2026-09-03 10:48:25.738872
2026-09-03,2026-06-01,2026-09-03,district,TELANGANA,TELANGANA,JAGTIAL,1.1,5.8,-82.0,LD,694.4,663.1,5.0,N,2026-09-03 10:48:25.738872
2026-09-03,2026-06-01,2026-09-03,district,TELANGANA,TELANGANA,JANGAON,0.7,5.6,-87.0,LD,291.5,540.9,-46.0,D,2026-09-03 10:48:25.738872
2026-09-03,2026-06-01,2026-09-03,district,TELANGANA,TELANGANA,JOGULAMBA GADWAL,5.5,6.2,-12.0,N,192.5,336.3,-43.0,D,2026-09-03 10:48:25.738872
2026-09-03,2026-06-01,2026-09-03,district,TELANGANA,TELANGANA,KAMAREDDY,2.7,6.4,-58.0,D,740.4,636.9,16.0,N,2026-09-03 10:48:25.738872
2026-09-03,2026-06-01,2026-09-03,district,TELANGANA,TELANGANA,KARIMNAGAR,1.0,4.1,-75.0,LD,488.0,562.0,-13.0,N,2026-09-03 10:48:25.738872
2026-09-03,2026-06-01,2026-09-03,district,TELANGANA,TELANGANA,KHAMMAM,1.4,5.7,-76.0,LD,457.6,630.4,-27.0,D,2026-09-03 10:48:25.738872
2026-09-03,2026-06-01,2026-09-03,district,TELANGANA,TELANGANA,KUMARAM BHEEM,3.7,6.8,-45.0,D,913.8,829.5,10.0,N,2026-09-03 10:48:25.738872
2026-09-03,2026-06-01,2026-09-03,district,TELANGANA,TELANGANA,M. MALKAJGIRI,0.5,3.3,-85.0,LD,226.7,406.9,-44.0,D,2026-09-03 10:48:25.738872
2026-09-03,2026-06-01,2026-09-03,district,TELANGANA,TELANGANA,MAHABUBABAD,0.2,4.1,-95.0,LD,535.1,709.3,-25.0,D,2026-09-03 10:48:25.738872
2026-09-03,2026-06-01,2026-09-03,district,TELANGANA,TELANGANA,MAHABUBNAGAR,1.2,5.1,-77.0,LD,341.4,392.3,-13.0,N,2026-09-03 10:48:25.738872
2026-09-03,2026-06-01,2026-09-03,district,TELANGANA,TELANGANA,MANCHERIAL,2.8,7.1,-61.0,LD,800.7,793.2,1.0,N,2026-09-03 10:48:25.738872
2026-09-03,2026-06-01,2026-09-03,district,TELANGANA,TELANGANA,MEDAK,2.9,5.8,-50.0,D,582.8,636.4,-8.0,N,2026-09-03 10:48:25.738872
2026-09-03,2026-06-01,2026-09-03,district,TELANGANA,TELANGANA,MULUGU,0.2,6.1,-97.0,LD,794.5,822.7,-3.0,N,2026-09-03 10:48:25.738872
2026-09-03,2026-06-01,2026-09-03,district,TELANGANA,TELANGANA,NAGARKURNOOL,0.2,5.4,-96.0,LD,246.6,361.4,-32.0,D,2026-09-03 10:48:25.738872
2026-09-03,2026-06-01,2026-09-03,district,TELANGANA,TELANGANA,NALGONDA,0.4,3.7,-88.0,LD,171.2,381.3,-55.0,D,2026-09-03 10:48:25.738872
2026-09-03,2026-06-01,2026-09-03,district,TELANGANA,TELANGANA,NARAYANPET,0.2,5.6,-97.0,LD,334.0,352.6,-5.0,N,2026-09-03 10:48:25.738872
2026-09-03,2026-06-01,2026-09-03,district,TELANGANA,TELANGANA,NIRMAL,1.9,6.8,-72.0,LD,388.3,742.3,-48.0,D,2026-09-03 10:48:25.738872
2026-09-03,2026-06-01,2026-09-03,district,TELANGANA,TELANGANA,NIZAMABAD,1.5,7.0,-79.0,LD,609.3,689.9,-12.0,N,2026-09-03 10:48:25.738872
2026-09-03,2026-06-01,2026-09-03,district,TELANGANA,TELANGANA,PEDDAPALLE,0.2,5.1,-97.0,LD,603.5,719.1,-16.0,N,2026-09-03 10:48:25.738872
2026-09-03,2026-06-01,2026-09-03,district,TELANGANA,TELANGANA,RAJANNA SIRCILLA,0.5,4.6,-89.0,LD,546.3,561.6,-3.0,N,2026-09-03 10:48:25.738872
2026-09-03,2026-06-01,2026-09-03,district,TELANGANA,TELANGANA,RANGAREDDY,7.7,5.1,51.0,E,334.0,414.6,-19.0,N,2026-09-03 10:48:25.738872
2026-09-03,2026-06-01,2026-09-03,district,TELANGANA,TELANGANA,SANGAREDDY,2.6,6.6,-61.0,LD,380.7,559.9,-32.0,D,2026-09-03 10:48:25.738872
2026-09-03,2026-06-01,2026-09-03,district,TELANGANA,TELANGANA,SIDDIPET,6.1,5.2,18.0,N,438.3,494.2,-11.0,N,2026-09-03 10:48:25.738872
2026-09-03,2026-06-01,2026-09-03,district,TELANGANA,TELANGANA,SURYAPET,0.6,3.4,-81.0,LD,317.5,478.2,-34.0,D,2026-09-03 10:48:25.738872
2026-09-03,2026-06-01,2026-09-03,district,TELANGANA,TELANGANA,VIKARABAD,3.5,6.7,-48.0,D,414.4,516.5,-20.0,D,2026-09-03 10:48:25.738872
2026-09-03,2026-06-01,2026-09-03,district,TELANGANA,TELANGANA,WANAPARTHY,0.2,8.2,-97.0,LD,263.5,415.8,-37.0,D,2026-09-03 10:48:25.738872
2026-09-03,2026-06-01,2026-09-03,district,TELANGANA,TELANGANA,WARANGAL,2.8,6.3,-55.0,D,402.9,756.2,-47.0,D,2026-09-03 10:48:25.738872
2026-09-03,2026-06-01,2026-09-03,district,TELANGANA,TELANGANA,Y. BHUVANAGIRI,0.8,3.8,-78.0,LD,215.2,406.1,-47.0,D,2026-09-03 10:48:25.738872
2026-09-03,2026-06-01,2026-09-03,district,UTTARAKHAND,UTTARAKHAND,ALMORA,12.9,4.7,174.0,LE,789.8,679.2,16.0,N,2026-09-03 10:48:25.738872
2026-09-03,2026-06-01,2026-09-03,district,UTTARAKHAND,UTTARAKHAND,BAGESHWAR,9.4,4.7,100.0,LE,1795.4,679.2,164.0,LE,2026-09-03 10:48:25.738872
2026-09-03,2026-06-01,2026-09-03,district,UTTARAKHAND,UTTARAKHAND,CHAMOLI,10.2,6.1,67.0,LE,1012.0,633.7,60.0,LE,2026-09-03 10:48:25.738872
2026-09-03,2026-06-01,2026-09-03,district,UTTARAKHAND,UTTARAKHAND,CHAMPAWAT,18.4,9.9,85.0,LE,787.4,1113.7,-29.0,D,2026-09-03 10:48:25.738872
2026-09-03,2026-06-01,2026-09-03,district,UTTARAKHAND,UTTARAKHAND,DEHRADUN,13.7,11.9,15.0,N,1267.2,1261.8,0.0,N,2026-09-03 10:48:25.738872
2026-09-03,2026-06-01,2026-09-03,district,UTTARAKHAND,UTTARAKHAND,GARHWAL PAURI,13.9,10.9,27.0,E,602.8,1101.5,-45.0,D,2026-09-03 10:48:25.738872
2026-09-03,2026-06-01,2026-09-03,district,UTTARAKHAND,UTTARAKHAND,GARHWAL TEHRI,12.6,9.5,32.0,E,1076.1,819.9,31.0,E,2026-09-03 10:48:25.738872
2026-09-03,2026-06-01,2026-09-03,district,UTTARAKHAND,UTTARAKHAND,HARDWAR,12.7,11.7,9.0,N,1014.2,857.2,18.0,N,2026-09-03 10:48:25.738872
2026-09-03,2026-06-01,2026-09-03,district,UTTARAKHAND,UTTARAKHAND,NAINITAL,35.7,10.9,228.0,LE,1029.0,1319.6,-22.0,D,2026-09-03 10:48:25.738872
2026-09-03,2026-06-01,2026-09-03,district,UTTARAKHAND,UTTARAKHAND,PITHORAGARH,8.8,11.7,-25.0,D,1309.7,1303.0,1.0,N,2026-09-03 10:48:25.738872
2026-09-03,2026-06-01,2026-09-03,district,UTTARAKHAND,UTTARAKHAND,RUDRAPRAYAG,9.8,11.8,-17.0,N,1249.8,1377.2,-9.0,N,2026-09-03 10:48:25.738872
2026-09-03,2026-06-01,2026-09-03,district,UTTARAKHAND,UTTARAKHAND,UDHAM SINGH NAGAR,38.5,6.8,465.0,LE,978.4,963.1,2.0,N,2026-09-03 10:48:25.738872
2026-09-03,2026-06-01,2026-09-03,district,UTTARAKHAND,UTTARAKHAND,UTTARKASHI,17.7,11.8,50.0,E,904.0,1012.6,-11.0,N,2026-09-03 10:48:25.738872
2026-09-03,2026-06-01,2026-09-03,district,VIDARBHA,MAHARASHTRA,AKOLA,0.5,7.3,-93.0,LD,358.8,598.6,-40.0,D,2026-09-03 10:48:25.738872
2026-09-03,2026-06-01,2026-09-03,district,VIDARBHA,MAHARASHTRA,AMRAOTI,1.3,9.5,-86.0,LD,405.8,703.8,-42.0,D,2026-09-03 10:48:25.738872
2026-09-03,2026-06-01,2026-09-03,district,VIDARBHA,MAHARASHTRA,BHANDARA,26.9,7.5,259.0,LE,793.3,937.2,-15.0,N,2026-09-03 10:48:25.738872
2026-09-03,2026-06-01,2026-09-03,district,VIDARBHA,MAHARASHTRA,BULDHANA,1.2,5.1,-76.0,LD,458.3,545.8,-16.0,N,2026-09-03 10:48:25.738872
2026-09-03,2026-06-01,2026-09-03,district,VIDARBHA,MAHARASHTRA,CHANDRAPUR,8.0,8.7,-9.0,N,606.5,930.9,-35.0,D,2026-09-03 10:48:25.738872
2026-09-03,2026-06-01,2026-09-03,district,VIDARBHA,MAHARASHTRA,GADCHIROLI,4.7,9.8,-52.0,D,866.8,1118.5,-23.0,D,2026-09-03 10:48:25.738872
2026-09-03,2026-06-01,2026-09-03,district,VIDARBHA,MAHARASHTRA,GONDIA,28.0,6.0,366.0,LE,1032.4,1055.8,-2.0,N,2026-09-03 10:48:25.738872
2026-09-03,2026-06-01,2026-09-03,district,VIDARBHA,MAHARASHTRA,NAGPUR,10.2,6.2,65.0,LE,508.9,799.8,-36.0,D,2026-09-03 10:48:25.738872
2026-09-03,2026-06-01,2026-09-03,district,VIDARBHA,MAHARASHTRA,WARDHA,2.7,6.3,-58.0,D,493.3,714.5,-31.0,D,2026-09-03 10:48:25.738872
2026-09-03,2026-06-01,2026-09-03,district,VIDARBHA,MAHARASHTRA,WASHIM,0.5,6.7,-93.0,LD,437.0,659.6,-34.0,D,2026-09-03 10:48:25.738872
2026-09-03,2026-06-01,2026-09-03,district,VIDARBHA,MAHARASHTRA,YEOTMAL,2.2,5.9,-63.0,LD,541.3,700.7,-23.0,D,2026-09-03 10:48:25.738872
2026-09-03,2026-06-01,2026-09-03,district,WEST MADHYA PRADESH,MADHYA PRADESH,AGAR-MALWA,0.0,11.0,-100.0,NR,721.0,776.7,-7.0,N,2026-09-03 10:48:25.738872
2026-09-03,2026-06-01,2026-09-03,district,WEST MADHYA PRADESH,MADHYA PRADESH,ALIRAJPUR,0.7,5.8,-89.0,LD,375.5,724.7,-48.0,D,2026-09-03 10:48:25.738872
2026-09-03,2026-06-01,2026-09-03,district,WEST MADHYA PRADESH,MADHYA PRADESH,ASHOKNAGAR,8.0,7.1,13.0,N,595.5,730.2,-18.0,N,2026-09-03 10:48:25.738872
2026-09-03,2026-06-01,2026-09-03,district,WEST MADHYA PRADESH,MADHYA PRADESH,BARWANI,0.2,9.0,-98.0,LD,473.5,553.5,-14.0,N,2026-09-03 10:48:25.738872
2026-09-03,2026-06-01,2026-09-03,district,WEST MADHYA PRADESH,MADHYA PRADESH,BETUL,2.0,8.3,-76.0,LD,599.0,878.7,-32.0,D,2026-09-03 10:48:25.738872
2026-09-03,2026-06-01,2026-09-03,district,WEST MADHYA PRADESH,MADHYA PRADESH,BHIND,24.2,6.6,267.0,LE,666.4,510.2,31.0,E,2026-09-03 10:48:25.738872
2026-09-03,2026-06-01,2026-09-03,district,WEST MADHYA PRADESH,MADHYA PRADESH,BHOPAL,0.3,5.5,-94.0,LD,889.7,829.3,7.0,N,2026-09-03 10:48:25.738872
2026-09-03,2026-06-01,2026-09-03,district,WEST MADHYA PRADESH,MADHYA PRADESH,BURHANPUR,5.5,10.4,-48.0,D,703.5,623.2,13.0,N,2026-09-03 10:48:25.738872
2026-09-03,2026-06-01,2026-09-03,district,WEST MADHYA PRADESH,MADHYA PRADESH,DATIA,28.6,7.2,297.0,LE,633.9,628.0,1.0,N,2026-09-03 10:48:25.738872
2026-09-03,2026-06-01,2026-09-03,district,WEST MADHYA PRADESH,MADHYA PRADESH,DEWAS,0.0,9.7,-100.0,NR,684.3,776.7,-12.0,N,2026-09-03 10:48:25.738872
2026-09-03,2026-06-01,2026-09-03,district,WEST MADHYA PRADESH,MADHYA PRADESH,DHAR,0.2,6.3,-97.0,LD,401.6,672.4,-40.0,D,2026-09-03 10:48:25.738872
2026-09-03,2026-06-01,2026-09-03,district,WEST MADHYA PRADESH,MADHYA PRADESH,GUNA,1.6,7.4,-78.0,LD,816.6,818.6,0.0,N,2026-09-03 10:48:25.738872
2026-09-03,2026-06-01,2026-09-03,district,WEST MADHYA PRADESH,MADHYA PRADESH,GWALIOR,8.4,7.6,11.0,N,610.0,600.0,2.0,N,2026-09-03 10:48:25.738872
2026-09-03,2026-06-01,2026-09-03,district,WEST MADHYA PRADESH,MADHYA PRADESH,HARDA,2.7,13.1,-79.0,LD,618.2,945.1,-35.0,D,2026-09-03 10:48:25.738872
2026-09-03,2026-06-01,2026-09-03,district,WEST MADHYA PRADESH,MADHYA PRADESH,INDORE,0.0,9.5,-100.0,NR,526.3,731.2,-28.0,D,2026-09-03 10:48:25.738872
2026-09-03,2026-06-01,2026-09-03,district,WEST MADHYA PRADESH,MADHYA PRADESH,JHABUA,0.3,5.9,-94.0,LD,482.5,748.6,-36.0,D,2026-09-03 10:48:25.738872
2026-09-03,2026-06-01,2026-09-03,district,WEST MADHYA PRADESH,MADHYA PRADESH,KHANDWA,0.0,9.8,-100.0,NR,604.8,658.7,-8.0,N,2026-09-03 10:48:25.738872
2026-09-03,2026-06-01,2026-09-03,district,WEST MADHYA PRADESH,MADHYA PRADESH,KHARGONE,0.0,9.5,-100.0,NR,638.3,606.1,5.0,N,2026-09-03 10:48:25.738872
2026-09-03,2026-06-01,2026-09-03,district,WEST MADHYA PRADESH,MADHYA PRADESH,MANDSAUR,0.0,10.4,-100.0,NR,588.1,722.8,-19.0,N,2026-09-03 10:48:25.738872
2026-09-03,2026-06-01,2026-09-03,district,WEST MADHYA PRADESH,MADHYA PRADESH,MORENA,7.7,4.4,74.0,LE,386.7,551.6,-30.0,D,2026-09-03 10:48:25.738872
2026-09-03,2026-06-01,2026-09-03,district,WEST MADHYA PRADESH,MADHYA PRADESH,NARMADAPURAM,6.3,12.0,-47.0,D,687.8,1090.4,-37.0,D,2026-09-03 10:48:25.738872
2026-09-03,2026-06-01,2026-09-03,district,WEST MADHYA PRADESH,MADHYA PRADESH,NEEMUCH,0.0,10.6,-100.0,NR,573.2,689.0,-17.0,N,2026-09-03 10:48:25.738872
2026-09-03,2026-06-01,2026-09-03,district,WEST MADHYA PRADESH,MADHYA PRADESH,RAISEN,12.2,6.4,91.0,LE,731.5,930.7,-21.0,D,2026-09-03 10:48:25.738872
2026-09-03,2026-06-01,2026-09-03,district,WEST MADHYA PRADESH,MADHYA PRADESH,RAJGARH,0.0,7.2,-100.0,NR,846.3,788.6,7.0,N,2026-09-03 10:48:25.738872
2026-09-03,2026-06-01,2026-09-03,district,WEST MADHYA PRADESH,MADHYA PRADESH,RATLAM,0.0,4.3,-100.0,NR,496.5,795.3,-38.0,D,2026-09-03 10:48:25.738872
2026-09-03,2026-06-01,2026-09-03,district,WEST MADHYA PRADESH,MADHYA PRADESH,SEHORE,0.2,7.3,-97.0,LD,771.9,925.7,-17.0,N,2026-09-03 10:48:25.738872
2026-09-03,2026-06-01,2026-09-03,district,WEST MADHYA PRADESH,MADHYA PRADESH,SHAJAPUR,0.0,12.1,-100.0,NR,570.4,792.2,-28.0,D,2026-09-03 10:48:25.738872
2026-09-03,2026-06-01,2026-09-03,district,WEST MADHYA PRADESH,MADHYA PRADESH,SHEOPUR,9.4,3.3,185.0,LE,554.0,590.2,-6.0,N,2026-09-03 10:48:25.738872
2026-09-03,2026-06-01,2026-09-03,district,WEST MADHYA PRADESH,MADHYA PRADESH,SHIVPURI,8.3,6.1,37.0,E,706.6,677.8,4.0,N,2026-09-03 10:48:25.738872
2026-09-03,2026-06-01,2026-09-03,district,WEST MADHYA PRADESH,MADHYA PRADESH,UJJAIN,0.0,8.5,-100.0,NR,541.7,768.6,-30.0,D,2026-09-03 10:48:25.738872
2026-09-03,2026-06-01,2026-09-03,district,WEST MADHYA PRADESH,MADHYA PRADESH,VIDISHA,17.7,8.4,110.0,LE,677.3,899.0,-25.0,D,2026-09-03 10:48:25.738872
2026-09-03,2026-06-01,2026-09-03,district,WEST RAJASTHAN,RAJASTHAN,BARMER,0.0,2.4,-100.0,NR,188.0,239.3,-21.0,D,2026-09-03 10:48:25.738872
2026-09-03,2026-06-01,2026-09-03,district,WEST RAJASTHAN,RAJASTHAN,BIKANER,0.0,2.6,-100.0,NR,203.5,220.2,-8.0,N,2026-09-03 10:48:25.738872
2026-09-03,2026-06-01,2026-09-03,district,WEST RAJASTHAN,RAJASTHAN,CHURU,0.0,2.3,-100.0,NR,264.7,293.4,-10.0,N,2026-09-03 10:48:25.738872
2026-09-03,2026-06-01,2026-09-03,district,WEST RAJASTHAN,RAJASTHAN,HANUMANGARH,0.0,1.8,-100.0,NR,142.8,219.1,-35.0,D,2026-09-03 10:48:25.738872
2026-09-03,2026-06-01,2026-09-03,district,WEST RAJASTHAN,RAJASTHAN,JAISALMER,0.0,3.3,-100.0,NR,83.3,156.9,-47.0,D,2026-09-03 10:48:25.738872
2026-09-03,2026-06-01,2026-09-03,district,WEST RAJASTHAN,RAJASTHAN,JALORE,0.0,3.8,-100.0,NR,143.1,366.4,-61.0,LD,2026-09-03 10:48:25.738872
2026-09-03,2026-06-01,2026-09-03,district,WEST RAJASTHAN,RAJASTHAN,JODHPUR,0.0,2.1,-100.0,NR,189.2,254.7,-26.0,D,2026-09-03 10:48:25.738872
2026-09-03,2026-06-01,2026-09-03,district,WEST RAJASTHAN,RAJASTHAN,NAGAUR,0.0,2.9,-100.0,NR,283.0,332.2,-15.0,N,2026-09-03 10:48:25.738872
2026-09-03,2026-06-01,2026-09-03,district,WEST RAJASTHAN,RAJASTHAN,PALI,0.0,3.6,-100.0,NR,208.0,436.3,-52.0,D,2026-09-03 10:48:25.738872
2026-09-03,2026-06-01,2026-09-03,district,WEST RAJASTHAN,RAJASTHAN,SRI GANGANAGAR,0.0,1.4,-100.0,NR,168.7,176.0,-4.0,N,2026-09-03 10:48:25.738872
2026-09-03,2026-06-01,2026-09-03,district,WEST UTTAR PRADESH,UTTAR PRADESH,AGRA,11.2,6.0,86.0,LE,428.0,449.4,-5.0,N,2026-09-03 10:48:25.738872
2026-09-03,2026-06-01,2026-09-03,district,WEST UTTAR PRADESH,UTTAR PRADESH,ALIGARH,2.0,3.1,-35.0,D,282.5,499.6,-43.0,D,2026-09-03 10:48:25.738872
2026-09-03,2026-06-01,2026-09-03,district,WEST UTTAR PRADESH,UTTAR PRADESH,AMROHA,31.0,7.0,343.0,LE,455.9,702.2,-35.0,D,2026-09-03 10:48:25.738872
2026-09-03,2026-06-01,2026-09-03,district,WEST UTTAR PRADESH,UTTAR PRADESH,AURAIYA,12.0,4.8,150.0,LE,496.7,426.7,16.0,N,2026-09-03 10:48:25.738872
2026-09-03,2026-06-01,2026-09-03,district,WEST UTTAR PRADESH,UTTAR PRADESH,BADAUN,0.8,4.1,-82.0,LD,572.3,564.0,1.0,N,2026-09-03 10:48:25.738872
2026-09-03,2026-06-01,2026-09-03,district,WEST UTTAR PRADESH,UTTAR PRADESH,BAGHPAT,0.0,5.8,-100.0,NR,443.3,424.1,5.0,N,2026-09-03 10:48:25.738872
2026-09-03,2026-06-01,2026-09-03,district,WEST UTTAR PRADESH,UTTAR PRADESH,BAREILLY,12.3,5.4,129.0,LE,639.7,664.1,-4.0,N,2026-09-03 10:48:25.738872
2026-09-03,2026-06-01,2026-09-03,district,WEST UTTAR PRADESH,UTTAR PRADESH,BIJNOR,10.6,7.7,38.0,E,929.5,765.3,21.0,E,2026-09-03 10:48:25.738872
2026-09-03,2026-06-01,2026-09-03,district,WEST UTTAR PRADESH,UTTAR PRADESH,BULANDSHAHAR,8.7,2.9,199.0,LE,420.9,450.0,-6.0,N,2026-09-03 10:48:25.738872
2026-09-03,2026-06-01,2026-09-03,district,WEST UTTAR PRADESH,UTTAR PRADESH,ETAH,5.3,3.0,78.0,LE,573.2,421.2,36.0,E,2026-09-03 10:48:25.738872
2026-09-03,2026-06-01,2026-09-03,district,WEST UTTAR PRADESH,UTTAR PRADESH,ETAWAH,4.9,6.1,-20.0,D,560.5,470.2,19.0,N,2026-09-03 10:48:25.738872
2026-09-03,2026-06-01,2026-09-03,district,WEST UTTAR PRADESH,UTTAR PRADESH,FIROZABAD,15.1,7.0,115.0,LE,611.7,482.5,27.0,E,2026-09-03 10:48:25.738872
2026-09-03,2026-06-01,2026-09-03,district,WEST UTTAR PRADESH,UTTAR PRADESH,GAUTAM BUDDHA NAGAR,0.0,3.4,-100.0,NR,579.8,382.7,51.0,E,2026-09-03 10:48:25.738872
2026-09-03,2026-06-01,2026-09-03,district,WEST UTTAR PRADESH,UTTAR PRADESH,GHAZIABAD,0.0,3.5,-100.0,NR,154.8,385.6,-60.0,LD,2026-09-03 10:48:25.738872
2026-09-03,2026-06-01,2026-09-03,district,WEST UTTAR PRADESH,UTTAR PRADESH,HAMIRPUR,54.9,5.1,976.0,LE,976.2,589.8,66.0,LE,2026-09-03 10:48:25.738872
2026-09-03,2026-06-01,2026-09-03,district,WEST UTTAR PRADESH,UTTAR PRADESH,HAPUR,7.5,6.4,17.0,N,291.5,571.4,-49.0,D,2026-09-03 10:48:25.738872
2026-09-03,2026-06-01,2026-09-03,district,WEST UTTAR PRADESH,UTTAR PRADESH,HATHRAS,1.0,1.8,-44.0,D,408.5,469.0,-13.0,N,2026-09-03 10:48:25.738872
2026-09-03,2026-06-01,2026-09-03,district,WEST UTTAR PRADESH,UTTAR PRADESH,JALAUN,22.0,6.1,261.0,LE,627.8,526.9,19.0,N,2026-09-03 10:48:25.738872
2026-09-03,2026-06-01,2026-09-03,district,WEST UTTAR PRADESH,UTTAR PRADESH,JHANSI,16.4,8.1,102.0,LE,503.5,600.9,-16.0,N,2026-09-03 10:48:25.738872
2026-09-03,2026-06-01,2026-09-03,district,WEST UTTAR PRADESH,UTTAR PRADESH,KASGANJ,4.0,6.8,-41.0,D,501.0,562.8,-11.0,N,2026-09-03 10:48:25.738872
2026-09-03,2026-06-01,2026-09-03,district,WEST UTTAR PRADESH,UTTAR PRADESH,LALITPUR,79.2,6.6,1100.0,LE,812.3,688.3,18.0,N,2026-09-03 10:48:25.738872
2026-09-03,2026-06-01,2026-09-03,district,WEST UTTAR PRADESH,UTTAR PRADESH,MAHOBA,48.5,6.2,683.0,LE,890.7,510.2,75.0,LE,2026-09-03 10:48:25.738872
2026-09-03,2026-06-01,2026-09-03,district,WEST UTTAR PRADESH,UTTAR PRADESH,MAINPURI,6.0,4.6,30.0,E,301.0,538.5,-44.0,D,2026-09-03 10:48:25.738872
2026-09-03,2026-06-01,2026-09-03,district,WEST UTTAR PRADESH,UTTAR PRADESH,MATHURA,7.3,2.7,172.0,LE,239.3,422.8,-43.0,D,2026-09-03 10:48:25.738872
2026-09-03,2026-06-01,2026-09-03,district,WEST UTTAR PRADESH,UTTAR PRADESH,MEERUT,13.7,8.0,71.0,LE,895.4,549.8,63.0,LE,2026-09-03 10:48:25.738872
2026-09-03,2026-06-01,2026-09-03,district,WEST UTTAR PRADESH,UTTAR PRADESH,MORADABAD,34.5,6.2,456.0,LE,783.0,737.6,6.0,N,2026-09-03 10:48:25.738872
2026-09-03,2026-06-01,2026-09-03,district,WEST UTTAR PRADESH,UTTAR PRADESH,MUZAFFARNAGAR,0.8,7.6,-89.0,LD,930.8,551.6,69.0,LE,2026-09-03 10:48:25.738872
2026-09-03,2026-06-01,2026-09-03,district,WEST UTTAR PRADESH,UTTAR PRADESH,PILIBHIT,2.5,6.2,-60.0,LD,314.1,694.8,-55.0,D,2026-09-03 10:48:25.738872
2026-09-03,2026-06-01,2026-09-03,district,WEST UTTAR PRADESH,UTTAR PRADESH,RAMPUR,19.3,4.7,311.0,LE,549.9,607.2,-9.0,N,2026-09-03 10:48:25.738872
2026-09-03,2026-06-01,2026-09-03,district,WEST UTTAR PRADESH,UTTAR PRADESH,SAHARANPUR,0.0,7.4,-100.0,NR,499.5,646.1,-23.0,D,2026-09-03 10:48:25.738872
2026-09-03,2026-06-01,2026-09-03,district,WEST UTTAR PRADESH,UTTAR PRADESH,SAMBHAL,13.7,3.7,269.0,LE,1042.7,553.2,88.0,LE,2026-09-03 10:48:25.738872
2026-09-03,2026-06-01,2026-09-03,district,WEST UTTAR PRADESH,UTTAR PRADESH,SHAHJAHANPUR,0.4,4.8,-92.0,LD,599.8,627.1,-4.0,N,2026-09-03 10:48:25.738872
2026-09-03,2026-06-01,2026-09-03,district,WEST UTTAR PRADESH,UTTAR PRADESH,SHAMLI,0.0,4.3,-100.0,NR,162.3,457.6,-65.0,LD,2026-09-03 10:48:25.738872
2026-09-03,2026-06-01,2026-09-03,state,ASSAM & MEGHALAYA,ASSAM,,2.5,9.6,-74.0,LD,940.9,1225.8,-23.0,D,2026-09-03 10:48:25.738872
2026-09-03,2026-06-01,2026-09-03,state,ASSAM & MEGHALAYA,MEGHALAYA,,7.8,16.6,-53.0,D,949.8,2260.1,-58.0,D,2026-09-03 10:48:25.738872
2026-09-03,2026-06-01,2026-09-03,state,BIHAR,UTTAR PRADESH,,13.0,6.5,101.0,LE,606.8,614.0,-1.0,N,2026-09-03 10:48:25.738872
2026-09-03,2026-06-01,2026-09-03,state,CHHATTISGARH,ANDHRA PRADESH,,1.2,4.6,-74.0,LD,216.6,383.2,-43.0,D,2026-09-03 10:48:25.738872
2026-09-03,2026-06-01,2026-09-03,state,COASTAL A. P. & YANAM,ANDHRA PRADESH,,1.2,4.6,-74.0,LD,216.6,383.2,-43.0,D,2026-09-03 10:48:25.738872
2026-09-03,2026-06-01,2026-09-03,state,COASTAL A. P. & YANAM,PUDUCHERRY (UT),,0.0,3.6,-100.0,NR,188.3,298.8,-37.0,D,2026-09-03 10:48:25.738872
2026-09-03,2026-06-01,2026-09-03,state,EAST MADHYA PRADESH,GUJARAT,,0.2,4.9,-97.0,LD,516.8,610.0,-15.0,N,2026-09-03 10:48:25.738872
2026-09-03,2026-06-01,2026-09-03,state,GUJARAT REGION,DADRA & NAGAR HAVELI AND DAMAN & DIU (UT),,1.0,18.8,-95.0,LD,2750.6,1930.9,42.0,E,2026-09-03 10:48:25.738872
2026-09-03,2026-06-01,2026-09-03,state,GUJARAT REGION,GUJARAT,,0.2,4.9,-97.0,LD,516.8,610.0,-15.0,N,2026-09-03 10:48:25.738872
2026-09-03,2026-06-01,2026-09-03,state,HAR. CHD & DELHI,CHANDIGARH (UT),,1.7,5.1,-67.0,LD,598.0,724.6,-17.0,N,2026-09-03 10:48:25.738872
2026-09-03,2026-06-01,2026-09-03,state,HAR. CHD & DELHI,DELHI,,2.2,5.4,-60.0,LD,509.8,457.5,11.0,N,2026-09-03 10:48:25.738872
2026-09-03,2026-06-01,2026-09-03,state,HAR. CHD & DELHI,HARYANA,,2.7,3.4,-21.0,D,287.6,360.7,-20.0,D,2026-09-03 10:48:25.738872
2026-09-03,2026-06-01,2026-09-03,state,J & K AND LADAKH,JAMMU & KASHMIR(UT),,1.9,4.8,-60.0,LD,482.4,465.9,4.0,N,2026-09-03 10:48:25.738872
2026-09-03,2026-06-01,2026-09-03,state,J & K AND LADAKH,LADAKH (UT),,0.0,0.3,-87.0,LD,49.4,17.1,189.0,LE,2026-09-03 10:48:25.738872
2026-09-03,2026-06-01,2026-09-03,state,J & K AND LADAKH,RAJASTHAN,,0.2,4.1,-95.0,LD,282.8,384.1,-26.0,D,2026-09-03 10:48:25.738872
2026-09-03,2026-06-01,2026-09-03,state,KERALA & MAHE,KERALA,,0.4,9.7,-96.0,LD,1374.6,1777.6,-23.0,D,2026-09-03 10:48:25.738872
2026-09-03,2026-06-01,2026-09-03,state,KERALA & MAHE,PUDUCHERRY (UT),,0.0,3.6,-100.0,NR,188.3,298.8,-37.0,D,2026-09-03 10:48:25.738872
2026-09-03,2026-06-01,2026-09-03,state,KONKAN & GOA,GOA,,14.0,13.7,2.0,N,1840.3,2735.6,-33.0,D,2026-09-03 10:48:25.738872
2026-09-03,2026-06-01,2026-09-03,state,KONKAN & GOA,MAHARASHTRA,,4.9,7.6,-35.0,D,725.0,838.5,-14.0,N,2026-09-03 10:48:25.738872
2026-09-03,2026-06-01,2026-09-03,state,NMMT,MANIPUR,,0.3,8.1,-96.0,LD,506.2,861.6,-41.0,D,2026-09-03 10:48:25.738872
2026-09-03,2026-06-01,2026-09-03,state,NMMT,MIZORAM,,19.3,11.8,63.0,LE,1079.7,1296.5,-17.0,N,2026-09-03 10:48:25.738872
2026-09-03,2026-06-01,2026-09-03,state,NMMT,NAGALAND,,9.3,7.9,17.0,N,927.3,853.4,9.0,N,2026-09-03 10:48:25.738872
2026-09-03,2026-06-01,2026-09-03,state,NMMT,TRIPURA,,7.2,7.6,-5.0,N,1021.7,1161.7,-12.0,N,2026-09-03 10:48:25.738872
2026-09-03,2026-06-01,2026-09-03,state,SAURASHTRA & KUTCH,DADRA & NAGAR HAVELI AND DAMAN & DIU (UT),,1.0,18.8,-95.0,LD,2750.6,1930.9,42.0,E,2026-09-03 10:48:25.738872
2026-09-03,2026-06-01,2026-09-03,state,SAURASHTRA & KUTCH,GUJARAT,,0.2,4.9,-97.0,LD,516.8,610.0,-15.0,N,2026-09-03 10:48:25.738872
2026-09-03,2026-06-01,2026-09-03,state,SHWB & SIKKIM,SIKKIM,,7.5,13.3,-43.0,D,1335.0,1371.2,-3.0,N,2026-09-03 10:48:25.738872
2026-09-03,2026-06-01,2026-09-03,state,SHWB & SIKKIM,WEST BENGAL,,11.9,10.2,17.0,N,1121.9,1077.0,4.0,N,2026-09-03 10:48:25.738872
2026-09-03,2026-06-01,2026-09-03,state,TAMIL. PUDU.& KARAIKAL,KARNATAKA,,1.9,5.3,-64.0,LD,519.6,686.2,-24.0,D,2026-09-03 10:48:25.738872
2026-09-03,2026-06-01,2026-09-03,state,TAMIL. PUDU.& KARAIKAL,PUDUCHERRY (UT),,0.0,3.6,-100.0,NR,188.3,298.8,-37.0,D,2026-09-03 10:48:25.738872
2026-09-03,2026-06-01,2026-09-03,state,TAMIL. PUDU.& KARAIKAL,TAMILNADU,,1.7,3.6,-53.0,D,167.3,220.3,-24.0,D,2026-09-03 10:48:25.738872
2026-09-03,2026-06-01,2026-09-03,state,WEST RAJASTHAN,MADHYA PRADESH,,21.1,8.3,154.0,LE,740.6,808.2,-8.0,N,2026-09-03 10:48:25.738872
2026-09-03,2026-06-01,2026-09-03,subdivision,A & N ISLAND,,,1.2,13.0,-91.0,LD,1265.7,1242.5,2.0,N,2026-09-03 10:48:25.738872
2026-09-03,2026-06-01,2026-09-03,subdivision,ARUNACHAL PRADESH,,,3.4,11.7,-71.0,LD,818.7,1358.9,-40.0,D,2026-09-03 10:48:25.738872
2026-09-03,2026-06-01,2026-09-03,subdivision,ASSAM & MEGHALAYA,,,3.8,11.3,-66.0,LD,943.0,1466.6,-36.0,D,2026-09-03 10:48:25.738872
2026-09-03,2026-06-01,2026-09-03,subdivision,BIHAR,,,10.1,6.3,60.0,LE,512.0,795.9,-36.0,D,2026-09-03 10:48:25.738872
2026-09-03,2026-06-01,2026-09-03,subdivision,CHHATTISGARH,,,11.8,10.6,11.0,N,941.8,951.0,-1.0,N,2026-09-03 10:48:25.738872
2026-09-03,2026-06-01,2026-09-03,subdivision,COASTAL A. P. & YANAM,,,2.1,5.1,-59.0,D,263.4,453.1,-42.0,D,2026-09-03 10:48:25.738872
2026-09-03,2026-06-01,2026-09-03,subdivision,COASTAL KARNATAKA,,,6.3,15.7,-60.0,LD,2136.1,2820.5,-24.0,D,2026-09-03 10:48:25.738872
2026-09-03,2026-06-01,2026-09-03,subdivision,EAST MADHYA PRADESH,,,42.6,8.6,396.0,LE,891.2,880.3,1.0,N,2026-09-03 10:48:25.738872
2026-09-03,2026-06-01,2026-09-03,subdivision,EAST RAJASTHAN,,,0.5,5.7,-92.0,LD,412.3,552.2,-25.0,D,2026-09-03 10:48:25.738872
2026-09-03,2026-06-01,2026-09-03,subdivision,EAST UTTAR PRADESH,,,11.2,7.1,57.0,E,616.8,649.1,-5.0,N,2026-09-03 10:48:25.738872
2026-09-03,2026-06-01,2026-09-03,subdivision,GANGETIC WEST BENGAL,,,13.8,8.8,57.0,E,1031.9,927.1,11.0,N,2026-09-03 10:48:25.738872
2026-09-03,2026-06-01,2026-09-03,subdivision,GUJARAT REGION,,,0.3,7.1,-96.0,LD,793.6,800.6,-1.0,N,2026-09-03 10:48:25.738872
2026-09-03,2026-06-01,2026-09-03,subdivision,HAR. CHD & DELHI,,,2.7,3.5,-24.0,D,293.8,364.6,-19.0,N,2026-09-03 10:48:25.738872
2026-09-03,2026-06-01,2026-09-03,subdivision,HIMACHAL PRADESH,,,6.6,6.3,4.0,N,584.5,630.2,-7.0,N,2026-09-03 10:48:25.738872
2026-09-03,2026-06-01,2026-09-03,subdivision,J & K AND LADAKH,,,1.9,4.8,-60.0,LD,482.4,465.9,4.0,N,2026-09-03 10:48:25.738872
2026-09-03,2026-06-01,2026-09-03,subdivision,JHARKHAND,,,5.3,8.1,-34.0,D,802.7,823.7,-3.0,N,2026-09-03 10:48:25.738872
2026-09-03,2026-06-01,2026-09-03,subdivision,KERALA & MAHE,,,0.4,9.7,-96.0,LD,1374.7,1777.6,-23.0,D,2026-09-03 10:48:25.738872
2026-09-03,2026-06-01,2026-09-03,subdivision,KONKAN & GOA,,,16.6,18.2,-9.0,N,2296.8,2554.7,-10.0,N,2026-09-03 10:48:25.738872
2026-09-03,2026-06-01,2026-09-03,subdivision,LAKSHADWEEP,,,3.8,6.4,-41.0,D,641.8,876.6,-27.0,D,2026-09-03 10:48:25.738872
2026-09-03,2026-06-01,2026-09-03,subdivision,MADHYA MAHARASHTRA,,,2.6,5.6,-54.0,D,636.7,604.8,5.0,N,2026-09-03 10:48:25.738872
2026-09-03,2026-06-01,2026-09-03,subdivision,MARATHWADA,,,1.8,6.3,-71.0,LD,338.9,503.1,-33.0,D,2026-09-03 10:48:25.738872
2026-09-03,2026-06-01,2026-09-03,subdivision,N. I. KARNATAKA,,,2.2,3.5,-36.0,D,277.1,352.3,-21.0,D,2026-09-03 10:48:25.738872
2026-09-03,2026-06-01,2026-09-03,subdivision,NMMT,,,9.7,9.3,5.0,N,874.0,1060.8,-18.0,N,2026-09-03 10:48:25.738872
2026-09-03,2026-06-01,2026-09-03,subdivision,ODISHA,,,1.4,9.2,-85.0,LD,1170.7,941.1,24.0,E,2026-09-03 10:48:25.738872
2026-09-03,2026-06-01,2026-09-03,subdivision,PUNJAB,,,1.4,4.6,-69.0,LD,235.3,374.1,-37.0,D,2026-09-03 10:48:25.738872
2026-09-03,2026-06-01,2026-09-03,subdivision,RAYALASEEMA,,,0.1,4.0,-98.0,LD,155.2,284.0,-45.0,D,2026-09-03 10:48:25.738872
2026-09-03,2026-06-01,2026-09-03,subdivision,S. I. KARNATAKA,,,0.7,4.7,-85.0,LD,404.7,543.7,-26.0,D,2026-09-03 10:48:25.738872
2026-09-03,2026-06-01,2026-09-03,subdivision,SAURASHTRA & KUTCH,,,0.1,3.0,-98.0,LD,297.9,457.9,-35.0,D,2026-09-03 10:48:25.738872
2026-09-03,2026-06-01,2026-09-03,subdivision,SHWB & SIKKIM,,,6.5,14.4,-55.0,D,1380.0,1541.9,-10.0,N,2026-09-03 10:48:25.738872
2026-09-03,2026-06-01,2026-09-03,subdivision,TAMIL. PUDU.& KARAIKAL,,,1.7,3.6,-53.0,D,167.3,220.4,-24.0,D,2026-09-03 10:48:25.738872
2026-09-03,2026-06-01,2026-09-03,subdivision,TELANGANA,,,2.0,5.7,-65.0,LD,469.0,592.9,-21.0,D,2026-09-03 10:48:25.738872
2026-09-03,2026-06-01,2026-09-03,subdivision,UTTARAKHAND,,,16.0,9.7,65.0,LE,1036.9,1009.5,3.0,N,2026-09-03 10:48:25.738872
2026-09-03,2026-06-01,2026-09-03,subdivision,VIDARBHA,,,6.1,7.5,-19.0,N,586.7,806.6,-27.0,D,2026-09-03 10:48:25.738872
2026-09-03,2026-06-01,2026-09-03,subdivision,WEST MADHYA PRADESH,,,4.5,8.0,-44.0,D,624.9,752.8,-17.0,N,2026-09-03 10:48:25.738872
2026-09-03,2026-06-01,2026-09-03,subdivision,WEST RAJASTHAN,,,0.0,2.7,-100.0,NR,179.7,250.2,-28.0,D,2026-09-03 10:48:25.738872
2026-09-03,2026-06-01,2026-09-03,subdivision,WEST UTTAR PRADESH,,,15.7,5.6,181.0,LE,592.6,564.8,5.0,N,2026-09-03 10:48:25.738872
