date,period_start,period_end,level,subdivision,state,district,day_actual_mm,day_normal_mm,day_departure_pct,day_category,period_actual_mm,period_normal_mm,period_departure_pct,period_category,scraped_at
2026-07-27,2026-06-01,2026-07-27,district,ANDAMAN & NICOBAR ISLANDS,ANDAMAN & NICOBAR ISLANDS,NICOBAR,0.0,7.2,-100.0,NR,235.6,512.1,-54.0,D,2026-07-27 09:53:42.475277
2026-07-27,2026-06-01,2026-07-27,district,ANDAMAN & NICOBAR ISLANDS,ANDAMAN & NICOBAR ISLANDS,NORTH & MIDDLE ANDAMAN,39.6,14.4,175.0,LE,1266.6,876.9,44.0,E,2026-07-27 09:53:42.475277
2026-07-27,2026-06-01,2026-07-27,district,ANDAMAN & NICOBAR ISLANDS,ANDAMAN & NICOBAR ISLANDS,SOUTH ANDAMAN,1.3,9.9,-87.0,LD,638.6,760.0,-16.0,N,2026-07-27 09:53:42.475277
2026-07-27,2026-06-01,2026-07-27,district,ANDHRA PRADESH,ANDHRA PRADESH,ANAKAPALLI,0.7,5.1,-86.0,LD,161.4,264.3,-39.0,D,2026-07-27 09:53:42.475277
2026-07-27,2026-06-01,2026-07-27,district,ANDHRA PRADESH,ANDHRA PRADESH,BAPATLA,9.4,3.0,212.0,LE,106.8,206.1,-48.0,D,2026-07-27 09:53:42.475277
2026-07-27,2026-06-01,2026-07-27,district,ANDHRA PRADESH,ANDHRA PRADESH,DR B R AMBEDKAR KONASEEMA,35.2,6.0,487.0,LE,236.4,326.1,-28.0,D,2026-07-27 09:53:42.475277
2026-07-27,2026-06-01,2026-07-27,district,ANDHRA PRADESH,ANDHRA PRADESH,EAST GODAVARI,2.4,4.0,-40.0,D,174.3,312.5,-44.0,D,2026-07-27 09:53:42.475277
2026-07-27,2026-06-01,2026-07-27,district,ANDHRA PRADESH,ANDHRA PRADESH,ELURU,16.6,5.1,226.0,LE,241.7,376.7,-36.0,D,2026-07-27 09:53:42.475277
2026-07-27,2026-06-01,2026-07-27,district,ANDHRA PRADESH,ANDHRA PRADESH,GUNTUR,14.6,3.2,356.0,LE,193.2,246.1,-22.0,D,2026-07-27 09:53:42.475277
2026-07-27,2026-06-01,2026-07-27,district,ANDHRA PRADESH,ANDHRA PRADESH,KAKINADA,3.1,4.8,-35.0,D,205.2,290.7,-29.0,D,2026-07-27 09:53:42.475277
2026-07-27,2026-06-01,2026-07-27,district,ANDHRA PRADESH,ANDHRA PRADESH,KRISHNA,16.4,4.0,311.0,LE,190.9,286.2,-33.0,D,2026-07-27 09:53:42.475277
2026-07-27,2026-06-01,2026-07-27,district,ANDHRA PRADESH,ANDHRA PRADESH,NTR DISTRICT,10.5,3.3,217.0,LE,190.1,299.1,-36.0,D,2026-07-27 09:53:42.475277
2026-07-27,2026-06-01,2026-07-27,district,ANDHRA PRADESH,ANDHRA PRADESH,PALNADU,7.3,3.5,109.0,LE,169.1,223.1,-24.0,D,2026-07-27 09:53:42.475277
2026-07-27,2026-06-01,2026-07-27,district,ANDHRA PRADESH,ANDHRA PRADESH,PARVATHIPURAM MANYAM,1.0,6.4,-84.0,LD,161.3,332.4,-51.0,D,2026-07-27 09:53:42.475277
2026-07-27,2026-06-01,2026-07-27,district,ANDHRA PRADESH,ANDHRA PRADESH,PRAKASAM,0.1,3.4,-96.0,LD,75.4,145.1,-48.0,D,2026-07-27 09:53:42.475277
2026-07-27,2026-06-01,2026-07-27,district,ANDHRA PRADESH,ANDHRA PRADESH,SPSR NELLORE,0.2,2.5,-93.0,LD,95.3,129.8,-27.0,D,2026-07-27 09:53:42.475277
2026-07-27,2026-06-01,2026-07-27,district,ANDHRA PRADESH,ANDHRA PRADESH,SRI ALLURI SITHARAMARAJU DISTRICT,2.7,8.8,-69.0,LD,173.6,396.4,-56.0,D,2026-07-27 09:53:42.475277
2026-07-27,2026-06-01,2026-07-27,district,ANDHRA PRADESH,ANDHRA PRADESH,SRIKAKULAM,3.0,6.0,-50.0,D,163.3,299.0,-45.0,D,2026-07-27 09:53:42.475277
2026-07-27,2026-06-01,2026-07-27,district,ANDHRA PRADESH,ANDHRA PRADESH,VISHAKHAPATNAM,0.0,3.4,-99.0,LD,139.8,230.2,-39.0,D,2026-07-27 09:53:42.475277
2026-07-27,2026-06-01,2026-07-27,district,ANDHRA PRADESH,ANDHRA PRADESH,VIZIANAGARAM,2.1,6.8,-69.0,LD,198.4,285.9,-31.0,D,2026-07-27 09:53:42.475277
2026-07-27,2026-06-01,2026-07-27,district,ANDHRA PRADESH,ANDHRA PRADESH,WEST GODAVARI,18.2,5.6,225.0,LE,101.4,313.7,-68.0,LD,2026-07-27 09:53:42.475277
2026-07-27,2026-06-01,2026-07-27,district,ARUNACHAL PRADESH,ARUNACHAL PRADESH,ANJAW,1.3,19.1,-93.0,LD,104.6,894.8,-88.0,LD,2026-07-27 09:53:42.475277
2026-07-27,2026-06-01,2026-07-27,district,ARUNACHAL PRADESH,ARUNACHAL PRADESH,CHANGLANG,0.0,10.0,-100.0,NR,603.1,739.2,-18.0,N,2026-07-27 09:53:42.475277
2026-07-27,2026-06-01,2026-07-27,district,ARUNACHAL PRADESH,ARUNACHAL PRADESH,EAST KAMENG,0.0,10.6,-100.0,NR,836.0,662.4,26.0,E,2026-07-27 09:53:42.475277
2026-07-27,2026-06-01,2026-07-27,district,ARUNACHAL PRADESH,ARUNACHAL PRADESH,EAST SIANG,0.0,34.5,-100.0,NR,1466.1,1793.5,-18.0,N,2026-07-27 09:53:42.475277
2026-07-27,2026-06-01,2026-07-27,district,ARUNACHAL PRADESH,ARUNACHAL PRADESH,KURUNG KUMEY,1.5,12.1,-88.0,LD,271.4,602.8,-55.0,D,2026-07-27 09:53:42.475277
2026-07-27,2026-06-01,2026-07-27,district,ARUNACHAL PRADESH,ARUNACHAL PRADESH,LOHIT,5.5,17.5,-69.0,LD,558.0,884.8,-37.0,D,2026-07-27 09:53:42.475277
2026-07-27,2026-06-01,2026-07-27,district,ARUNACHAL PRADESH,ARUNACHAL PRADESH,LOWER SUBANSIRI,0.0,10.3,-100.0,NR,215.8,360.8,-40.0,D,2026-07-27 09:53:42.475277
2026-07-27,2026-06-01,2026-07-27,district,ARUNACHAL PRADESH,ARUNACHAL PRADESH,PAPUMPARA,0.4,11.1,-97.0,LD,941.1,1248.5,-25.0,D,2026-07-27 09:53:42.475277
2026-07-27,2026-06-01,2026-07-27,district,ARUNACHAL PRADESH,ARUNACHAL PRADESH,TAWANG,9.1,12.3,-26.0,D,157.8,508.9,-69.0,LD,2026-07-27 09:53:42.475277
2026-07-27,2026-06-01,2026-07-27,district,ARUNACHAL PRADESH,ARUNACHAL PRADESH,TIRAP,17.0,18.0,-6.0,N,1204.4,1100.5,9.0,N,2026-07-27 09:53:42.475277
2026-07-27,2026-06-01,2026-07-27,district,ARUNACHAL PRADESH,ARUNACHAL PRADESH,UPPER SIANG,0.0,10.2,-100.0,NR,720.1,967.4,-26.0,D,2026-07-27 09:53:42.475277
2026-07-27,2026-06-01,2026-07-27,district,ARUNACHAL PRADESH,ARUNACHAL PRADESH,UPPER SUBANSIRI,0.0,8.6,-100.0,NR,214.4,521.3,-59.0,D,2026-07-27 09:53:42.475277
2026-07-27,2026-06-01,2026-07-27,district,ARUNACHAL PRADESH,ARUNACHAL PRADESH,WEST KAMENG,0.1,19.3,-99.0,LD,243.5,909.2,-73.0,LD,2026-07-27 09:53:42.475277
2026-07-27,2026-06-01,2026-07-27,district,ARUNACHAL PRADESH,ARUNACHAL PRADESH,WEST SIANG,0.0,24.8,-100.0,NR,370.2,1096.9,-66.0,LD,2026-07-27 09:53:42.475277
2026-07-27,2026-06-01,2026-07-27,district,ASSAM,ASSAM,BAJALI,0.0,15.0,-100.0,NR,668.5,1281.2,-48.0,D,2026-07-27 09:53:42.475277
2026-07-27,2026-06-01,2026-07-27,district,ASSAM,ASSAM,BAKSA,0.0,11.7,-100.0,NR,716.4,931.0,-23.0,D,2026-07-27 09:53:42.475277
2026-07-27,2026-06-01,2026-07-27,district,ASSAM,ASSAM,BARPETA,1.6,15.0,-90.0,LD,800.6,1281.2,-38.0,D,2026-07-27 09:53:42.475277
2026-07-27,2026-06-01,2026-07-27,district,ASSAM,ASSAM,BONGAIGAON,0.0,16.7,-100.0,NR,618.2,1415.4,-56.0,D,2026-07-27 09:53:42.475277
2026-07-27,2026-06-01,2026-07-27,district,ASSAM,ASSAM,CACHAR,0.3,13.7,-98.0,LD,878.3,961.5,-9.0,N,2026-07-27 09:53:42.475277
2026-07-27,2026-06-01,2026-07-27,district,ASSAM,ASSAM,CHARAIDEO,0.0,3.6,-100.0,NR,683.0,493.3,38.0,E,2026-07-27 09:53:42.475277
2026-07-27,2026-06-01,2026-07-27,district,ASSAM,ASSAM,CHIRANG,0.0,19.5,-100.0,NR,798.0,1395.7,-43.0,D,2026-07-27 09:53:42.475277
2026-07-27,2026-06-01,2026-07-27,district,ASSAM,ASSAM,DARRANG,0.0,9.2,-100.0,NR,385.6,755.0,-49.0,D,2026-07-27 09:53:42.475277
2026-07-27,2026-06-01,2026-07-27,district,ASSAM,ASSAM,DHEMAJI,0.0,20.9,-100.0,NR,1269.7,1135.3,12.0,N,2026-07-27 09:53:42.475277
2026-07-27,2026-06-01,2026-07-27,district,ASSAM,ASSAM,DHUBRI,0.5,22.8,-98.0,LD,817.3,1249.6,-35.0,D,2026-07-27 09:53:42.475277
2026-07-27,2026-06-01,2026-07-27,district,ASSAM,ASSAM,DIBRUGARH,3.7,9.5,-61.0,LD,694.1,789.4,-12.0,N,2026-07-27 09:53:42.475277
2026-07-27,2026-06-01,2026-07-27,district,ASSAM,ASSAM,DIMA HASAO,1.7,8.7,-81.0,LD,213.0,602.1,-65.0,LD,2026-07-27 09:53:42.475277
2026-07-27,2026-06-01,2026-07-27,district,ASSAM,ASSAM,GOALPARA,1.4,16.1,-91.0,LD,469.2,1161.9,-60.0,LD,2026-07-27 09:53:42.475277
2026-07-27,2026-06-01,2026-07-27,district,ASSAM,ASSAM,GOLAGHAT,0.3,9.6,-97.0,LD,421.5,538.6,-22.0,D,2026-07-27 09:53:42.475277
2026-07-27,2026-06-01,2026-07-27,district,ASSAM,ASSAM,HAILAKANDI,4.4,11.9,-63.0,LD,659.6,813.5,-19.0,N,2026-07-27 09:53:42.475277
2026-07-27,2026-06-01,2026-07-27,district,ASSAM,ASSAM,HOJAI,0.0,8.3,-100.0,NR,209.7,372.2,-44.0,D,2026-07-27 09:53:42.475277
2026-07-27,2026-06-01,2026-07-27,district,ASSAM,ASSAM,JORHAT,0.3,8.1,-96.0,LD,443.3,632.9,-30.0,D,2026-07-27 09:53:42.475277
2026-07-27,2026-06-01,2026-07-27,district,ASSAM,ASSAM,KAMRUP METROPOLITAN,3.8,11.5,-67.0,LD,449.3,593.0,-24.0,D,2026-07-27 09:53:42.475277
2026-07-27,2026-06-01,2026-07-27,district,ASSAM,ASSAM,KAMRUP RURAL,0.0,9.2,-100.0,NR,241.3,730.5,-67.0,LD,2026-07-27 09:53:42.475277
2026-07-27,2026-06-01,2026-07-27,district,ASSAM,ASSAM,KARBI ANGLONG,0.0,7.3,-100.0,NR,269.6,410.2,-34.0,D,2026-07-27 09:53:42.475277
2026-07-27,2026-06-01,2026-07-27,district,ASSAM,ASSAM,KOKRAJHAR,1.7,20.2,-91.0,LD,1447.8,1531.9,-5.0,N,2026-07-27 09:53:42.475277
2026-07-27,2026-06-01,2026-07-27,district,ASSAM,ASSAM,LAKHIMPUR,0.0,18.2,-100.0,NR,1189.9,1085.4,10.0,N,2026-07-27 09:53:42.475277
2026-07-27,2026-06-01,2026-07-27,district,ASSAM,ASSAM,MAJULI,0.0,8.1,-100.0,NR,545.0,632.9,-14.0,N,2026-07-27 09:53:42.475277
2026-07-27,2026-06-01,2026-07-27,district,ASSAM,ASSAM,MORIGAON,0.0,7.1,-100.0,NR,309.5,577.1,-46.0,D,2026-07-27 09:53:42.475277
2026-07-27,2026-06-01,2026-07-27,district,ASSAM,ASSAM,NAGAON,3.8,10.3,-64.0,LD,212.0,529.7,-60.0,LD,2026-07-27 09:53:42.475277
2026-07-27,2026-06-01,2026-07-27,district,ASSAM,ASSAM,NALBARI,0.0,19.5,-100.0,NR,355.2,932.0,-62.0,LD,2026-07-27 09:53:42.475277
2026-07-27,2026-06-01,2026-07-27,district,ASSAM,ASSAM,SIBSAGAR,0.3,6.9,-95.0,LD,410.6,620.2,-34.0,D,2026-07-27 09:53:42.475277
2026-07-27,2026-06-01,2026-07-27,district,ASSAM,ASSAM,SONITPUR,0.0,16.5,-100.0,NR,512.8,637.9,-20.0,D,2026-07-27 09:53:42.475277
2026-07-27,2026-06-01,2026-07-27,district,ASSAM,ASSAM,SRIBHUMI,5.3,13.1,-60.0,LD,1001.9,1192.9,-16.0,N,2026-07-27 09:53:42.475277
2026-07-27,2026-06-01,2026-07-27,district,ASSAM,ASSAM,TAMULPUR,0.0,8.6,-100.0,NR,726.8,830.9,-13.0,N,2026-07-27 09:53:42.475277
2026-07-27,2026-06-01,2026-07-27,district,ASSAM,ASSAM,TINSUKIA,7.6,11.8,-36.0,D,765.1,767.4,0.0,N,2026-07-27 09:53:42.475277
2026-07-27,2026-06-01,2026-07-27,district,ASSAM,ASSAM,UDALGURI,0.0,10.0,-100.0,NR,326.6,835.9,-61.0,LD,2026-07-27 09:53:42.475277
2026-07-27,2026-06-01,2026-07-27,district,ASSAM,ASSAM,WEST KARBI ANGLONG,2.2,6.9,-68.0,LD,275.6,358.2,-23.0,D,2026-07-27 09:53:42.475277
2026-07-27,2026-06-01,2026-07-27,district,BIHAR,BIHAR,ARARIA,13.8,18.5,-26.0,D,530.4,698.1,-24.0,D,2026-07-27 09:53:42.475277
2026-07-27,2026-06-01,2026-07-27,district,BIHAR,BIHAR,ARWAL,0.0,11.3,-100.0,NR,143.2,313.9,-54.0,D,2026-07-27 09:53:42.475277
2026-07-27,2026-06-01,2026-07-27,district,BIHAR,BIHAR,AURANGABAD,0.0,7.7,-100.0,NR,216.9,381.5,-43.0,D,2026-07-27 09:53:42.475277
2026-07-27,2026-06-01,2026-07-27,district,BIHAR,BIHAR,BANKA,0.0,9.3,-100.0,NR,160.2,394.9,-59.0,D,2026-07-27 09:53:42.475277
2026-07-27,2026-06-01,2026-07-27,district,BIHAR,BIHAR,BEGUSARAI,1.5,11.2,-86.0,LD,297.4,444.6,-33.0,D,2026-07-27 09:53:42.475277
2026-07-27,2026-06-01,2026-07-27,district,BIHAR,BIHAR,BHABUA,0.0,12.0,-100.0,NR,154.2,359.4,-57.0,D,2026-07-27 09:53:42.475277
2026-07-27,2026-06-01,2026-07-27,district,BIHAR,BIHAR,BHAGALPUR,0.0,13.9,-100.0,NR,185.8,456.5,-59.0,D,2026-07-27 09:53:42.475277
2026-07-27,2026-06-01,2026-07-27,district,BIHAR,BIHAR,BHOJPUR,0.0,8.5,-100.0,NR,197.2,384.0,-49.0,D,2026-07-27 09:53:42.475277
2026-07-27,2026-06-01,2026-07-27,district,BIHAR,BIHAR,BUXAR,0.2,9.9,-98.0,LD,286.9,347.6,-17.0,N,2026-07-27 09:53:42.475277
2026-07-27,2026-06-01,2026-07-27,district,BIHAR,BIHAR,DARBHANGA,0.0,11.8,-100.0,NR,209.0,417.7,-50.0,D,2026-07-27 09:53:42.475277
2026-07-27,2026-06-01,2026-07-27,district,BIHAR,BIHAR,EAST CHAMPARAN,5.1,12.7,-60.0,LD,308.8,495.1,-38.0,D,2026-07-27 09:53:42.475277
2026-07-27,2026-06-01,2026-07-27,district,BIHAR,BIHAR,GAYA,0.0,9.1,-100.0,NR,192.1,379.9,-49.0,D,2026-07-27 09:53:42.475277
2026-07-27,2026-06-01,2026-07-27,district,BIHAR,BIHAR,GOPALGANJ,0.0,9.3,-100.0,NR,332.9,442.6,-25.0,D,2026-07-27 09:53:42.475277
2026-07-27,2026-06-01,2026-07-27,district,BIHAR,BIHAR,JAHANABAD,0.0,7.8,-100.0,NR,133.9,377.3,-65.0,LD,2026-07-27 09:53:42.475277
2026-07-27,2026-06-01,2026-07-27,district,BIHAR,BIHAR,JAMUI,0.0,10.8,-100.0,NR,192.9,433.1,-55.0,D,2026-07-27 09:53:42.475277
2026-07-27,2026-06-01,2026-07-27,district,BIHAR,BIHAR,KATIHAR,1.6,10.4,-85.0,LD,316.8,526.9,-40.0,D,2026-07-27 09:53:42.475277
2026-07-27,2026-06-01,2026-07-27,district,BIHAR,BIHAR,KHAGARIA,5.6,9.9,-43.0,D,352.9,455.2,-22.0,D,2026-07-27 09:53:42.475277
2026-07-27,2026-06-01,2026-07-27,district,BIHAR,BIHAR,KISHANGANJ,2.2,14.3,-85.0,LD,716.8,885.7,-19.0,N,2026-07-27 09:53:42.475277
2026-07-27,2026-06-01,2026-07-27,district,BIHAR,BIHAR,LAKHISARAI,0.0,8.6,-100.0,NR,363.0,399.6,-9.0,N,2026-07-27 09:53:42.475277
2026-07-27,2026-06-01,2026-07-27,district,BIHAR,BIHAR,MADHEPURA,9.5,9.2,3.0,N,309.2,491.1,-37.0,D,2026-07-27 09:53:42.475277
2026-07-27,2026-06-01,2026-07-27,district,BIHAR,BIHAR,MADHUBANI,0.0,14.0,-100.0,NR,310.5,478.4,-35.0,D,2026-07-27 09:53:42.475277
2026-07-27,2026-06-01,2026-07-27,district,BIHAR,BIHAR,MUNGER,1.7,16.5,-90.0,LD,276.5,471.6,-41.0,D,2026-07-27 09:53:42.475277
2026-07-27,2026-06-01,2026-07-27,district,BIHAR,BIHAR,MUZAFFARPUR,0.0,8.2,-100.0,NR,219.0,446.4,-51.0,D,2026-07-27 09:53:42.475277
2026-07-27,2026-06-01,2026-07-27,district,BIHAR,BIHAR,NALANDA,0.0,8.9,-100.0,NR,201.0,384.9,-48.0,D,2026-07-27 09:53:42.475277
2026-07-27,2026-06-01,2026-07-27,district,BIHAR,BIHAR,NAWADA,0.0,8.7,-100.0,NR,210.3,374.0,-44.0,D,2026-07-27 09:53:42.475277
2026-07-27,2026-06-01,2026-07-27,district,BIHAR,BIHAR,PATNA,0.0,8.2,-99.0,LD,210.8,405.1,-48.0,D,2026-07-27 09:53:42.475277
2026-07-27,2026-06-01,2026-07-27,district,BIHAR,BIHAR,PURNEA,0.4,14.1,-97.0,LD,400.7,705.2,-43.0,D,2026-07-27 09:53:42.475277
2026-07-27,2026-06-01,2026-07-27,district,BIHAR,BIHAR,ROHTAS,0.0,10.7,-100.0,NR,189.5,367.0,-48.0,D,2026-07-27 09:53:42.475277
2026-07-27,2026-06-01,2026-07-27,district,BIHAR,BIHAR,SAHARSA,24.1,15.1,59.0,E,254.6,528.0,-52.0,D,2026-07-27 09:53:42.475277
2026-07-27,2026-06-01,2026-07-27,district,BIHAR,BIHAR,SAMASTIPUR,2.0,9.5,-79.0,LD,216.9,427.4,-49.0,D,2026-07-27 09:53:42.475277
2026-07-27,2026-06-01,2026-07-27,district,BIHAR,BIHAR,SARAN,0.8,7.4,-90.0,LD,229.3,404.1,-43.0,D,2026-07-27 09:53:42.475277
2026-07-27,2026-06-01,2026-07-27,district,BIHAR,BIHAR,SHEIKHPURA,0.0,12.2,-100.0,NR,222.0,390.0,-43.0,D,2026-07-27 09:53:42.475277
2026-07-27,2026-06-01,2026-07-27,district,BIHAR,BIHAR,SHEOHAR,0.0,10.0,-100.0,NR,251.2,500.1,-50.0,D,2026-07-27 09:53:42.475277
2026-07-27,2026-06-01,2026-07-27,district,BIHAR,BIHAR,SITAMARHI,1.4,13.5,-90.0,LD,199.8,511.0,-61.0,LD,2026-07-27 09:53:42.475277
2026-07-27,2026-06-01,2026-07-27,district,BIHAR,BIHAR,SIWAN,4.1,8.1,-50.0,D,414.2,402.5,3.0,N,2026-07-27 09:53:42.475277
2026-07-27,2026-06-01,2026-07-27,district,BIHAR,BIHAR,SUPAUL,9.4,13.0,-27.0,D,467.7,551.4,-15.0,N,2026-07-27 09:53:42.475277
2026-07-27,2026-06-01,2026-07-27,district,BIHAR,BIHAR,VAISHALI,0.0,10.0,-100.0,NR,270.1,416.0,-35.0,D,2026-07-27 09:53:42.475277
2026-07-27,2026-06-01,2026-07-27,district,BIHAR,BIHAR,WEST CHAMPARAN,3.1,16.8,-82.0,LD,419.1,581.9,-28.0,D,2026-07-27 09:53:42.475277
2026-07-27,2026-06-01,2026-07-27,district,CHANDIGARH (UT),CHANDIGARH (UT),CHANDIGARH,24.4,4.5,442.0,LE,272.2,379.7,-28.0,D,2026-07-27 09:53:42.475277
2026-07-27,2026-06-01,2026-07-27,district,CHHATTISGARH,CHHATTISGARH,BALOD,14.3,11.4,26.0,E,451.8,465.6,-3.0,N,2026-07-27 09:53:42.475277
2026-07-27,2026-06-01,2026-07-27,district,CHHATTISGARH,CHHATTISGARH,BALODA BAZAR,21.7,13.3,63.0,LE,533.2,436.4,22.0,E,2026-07-27 09:53:42.475277
2026-07-27,2026-06-01,2026-07-27,district,CHHATTISGARH,CHHATTISGARH,BALRAMPUR,0.0,12.9,-100.0,NR,427.3,420.2,2.0,N,2026-07-27 09:53:42.475277
2026-07-27,2026-06-01,2026-07-27,district,CHHATTISGARH,CHHATTISGARH,BASTAR,0.0,12.4,-100.0,NR,316.9,547.3,-42.0,D,2026-07-27 09:53:42.475277
2026-07-27,2026-06-01,2026-07-27,district,CHHATTISGARH,CHHATTISGARH,BEMETARA,2.5,10.8,-77.0,LD,272.0,480.9,-43.0,D,2026-07-27 09:53:42.475277
2026-07-27,2026-06-01,2026-07-27,district,CHHATTISGARH,CHHATTISGARH,BIJAPUR,0.4,13.4,-97.0,LD,387.5,598.5,-35.0,D,2026-07-27 09:53:42.475277
2026-07-27,2026-06-01,2026-07-27,district,CHHATTISGARH,CHHATTISGARH,BILASPUR,2.1,10.6,-80.0,LD,502.5,465.9,8.0,N,2026-07-27 09:53:42.475277
2026-07-27,2026-06-01,2026-07-27,district,CHHATTISGARH,CHHATTISGARH,DANTEWADA,0.0,10.9,-100.0,NR,401.1,573.9,-30.0,D,2026-07-27 09:53:42.475277
2026-07-27,2026-06-01,2026-07-27,district,CHHATTISGARH,CHHATTISGARH,DHAMTARI,19.1,9.3,105.0,LE,423.5,482.6,-12.0,N,2026-07-27 09:53:42.475277
2026-07-27,2026-06-01,2026-07-27,district,CHHATTISGARH,CHHATTISGARH,DURG,7.5,10.9,-31.0,D,424.0,462.2,-8.0,N,2026-07-27 09:53:42.475277
2026-07-27,2026-06-01,2026-07-27,district,CHHATTISGARH,CHHATTISGARH,GARIABAND,11.2,10.4,7.0,N,470.4,472.2,0.0,N,2026-07-27 09:53:42.475277
2026-07-27,2026-06-01,2026-07-27,district,CHHATTISGARH,CHHATTISGARH,GAURELA PENDRA MARWAHI,0.7,13.2,-95.0,LD,418.3,487.7,-14.0,N,2026-07-27 09:53:42.475277
2026-07-27,2026-06-01,2026-07-27,district,CHHATTISGARH,CHHATTISGARH,JANJGIR,34.4,12.6,173.0,LE,625.6,471.2,33.0,E,2026-07-27 09:53:42.475277
2026-07-27,2026-06-01,2026-07-27,district,CHHATTISGARH,CHHATTISGARH,JASHPUR,5.3,18.1,-71.0,LD,351.4,658.6,-47.0,D,2026-07-27 09:53:42.475277
2026-07-27,2026-06-01,2026-07-27,district,CHHATTISGARH,CHHATTISGARH,KABIRDHAM,1.8,10.7,-83.0,LD,285.2,382.0,-25.0,D,2026-07-27 09:53:42.475277
2026-07-27,2026-06-01,2026-07-27,district,CHHATTISGARH,CHHATTISGARH,KANKER,2.4,11.9,-80.0,LD,298.4,579.1,-48.0,D,2026-07-27 09:53:42.475277
2026-07-27,2026-06-01,2026-07-27,district,CHHATTISGARH,CHHATTISGARH,KHAIRAGARH CHH GANDAI,3.2,9.1,-65.0,LD,306.1,331.9,-8.0,N,2026-07-27 09:53:42.475277
2026-07-27,2026-06-01,2026-07-27,district,CHHATTISGARH,CHHATTISGARH,KONDAGAON,0.0,12.6,-100.0,NR,302.5,514.0,-41.0,D,2026-07-27 09:53:42.475277
2026-07-27,2026-06-01,2026-07-27,district,CHHATTISGARH,CHHATTISGARH,KORBA,6.3,17.7,-64.0,LD,487.2,569.3,-14.0,N,2026-07-27 09:53:42.475277
2026-07-27,2026-06-01,2026-07-27,district,CHHATTISGARH,CHHATTISGARH,KORIYA,0.0,16.6,-100.0,NR,424.7,518.7,-18.0,N,2026-07-27 09:53:42.475277
2026-07-27,2026-06-01,2026-07-27,district,CHHATTISGARH,CHHATTISGARH,MAHASAMUND,37.4,9.0,315.0,LE,564.2,469.2,20.0,E,2026-07-27 09:53:42.475277
2026-07-27,2026-06-01,2026-07-27,district,CHHATTISGARH,CHHATTISGARH,MANENDRAGARH BHARATPUR,3.1,16.6,-81.0,LD,390.3,518.7,-25.0,D,2026-07-27 09:53:42.475277
2026-07-27,2026-06-01,2026-07-27,district,CHHATTISGARH,CHHATTISGARH,MOHALA MANPUR CHOWKI,0.0,10.9,-100.0,NR,306.2,489.7,-37.0,D,2026-07-27 09:53:42.475277
2026-07-27,2026-06-01,2026-07-27,district,CHHATTISGARH,CHHATTISGARH,MUNGELI,2.4,13.6,-83.0,LD,534.6,455.7,17.0,N,2026-07-27 09:53:42.475277
2026-07-27,2026-06-01,2026-07-27,district,CHHATTISGARH,CHHATTISGARH,NARAYANPUR,0.0,10.8,-100.0,NR,423.9,541.7,-22.0,D,2026-07-27 09:53:42.475277
2026-07-27,2026-06-01,2026-07-27,district,CHHATTISGARH,CHHATTISGARH,RAIGARH,10.1,12.9,-22.0,D,462.7,529.7,-13.0,N,2026-07-27 09:53:42.475277
2026-07-27,2026-06-01,2026-07-27,district,CHHATTISGARH,CHHATTISGARH,RAIPUR,3.3,10.6,-69.0,LD,472.5,450.6,5.0,N,2026-07-27 09:53:42.475277
2026-07-27,2026-06-01,2026-07-27,district,CHHATTISGARH,CHHATTISGARH,RAJNANDGAON,18.4,12.8,44.0,E,414.1,483.6,-14.0,N,2026-07-27 09:53:42.475277
2026-07-27,2026-06-01,2026-07-27,district,CHHATTISGARH,CHHATTISGARH,SAKTI,8.2,13.1,-37.0,D,496.7,491.8,1.0,N,2026-07-27 09:53:42.475277
2026-07-27,2026-06-01,2026-07-27,district,CHHATTISGARH,CHHATTISGARH,SARANGARH BILAIGARH,33.4,12.6,165.0,LE,691.3,420.8,64.0,LE,2026-07-27 09:53:42.475277
2026-07-27,2026-06-01,2026-07-27,district,CHHATTISGARH,CHHATTISGARH,SUKMA,3.3,10.2,-68.0,LD,315.0,533.5,-41.0,D,2026-07-27 09:53:42.475277
2026-07-27,2026-06-01,2026-07-27,district,CHHATTISGARH,CHHATTISGARH,SURAJPUR,8.8,21.1,-58.0,D,471.9,561.0,-16.0,N,2026-07-27 09:53:42.475277
2026-07-27,2026-06-01,2026-07-27,district,CHHATTISGARH,CHHATTISGARH,SURGUJA,2.7,15.0,-82.0,LD,277.0,562.1,-51.0,D,2026-07-27 09:53:42.475277
2026-07-27,2026-06-01,2026-07-27,district,COASTAL KARNATAKA,KARNATAKA,DAKSHINA KANNADA,26.3,37.8,-30.0,D,1389.8,1958.9,-29.0,D,2026-07-27 09:53:42.475277
2026-07-27,2026-06-01,2026-07-27,district,COASTAL KARNATAKA,KARNATAKA,UDUPI,24.1,38.7,-38.0,D,1506.9,2248.7,-33.0,D,2026-07-27 09:53:42.475277
2026-07-27,2026-06-01,2026-07-27,district,COASTAL KARNATAKA,KARNATAKA,UTTARA KANNADA,13.7,30.2,-54.0,D,1219.7,1617.8,-25.0,D,2026-07-27 09:53:42.475277
2026-07-27,2026-06-01,2026-07-27,district,DADRA & NAGAR HAVELI AND DAMAN & DIU (UT),DADRA & NAGAR HAVELI AND DAMAN & DIU (UT),DADARA & NAGAR HAVELI,38.9,18.3,112.0,LE,2433.4,1176.6,107.0,LE,2026-07-27 09:53:42.475277
2026-07-27,2026-06-01,2026-07-27,district,DADRA & NAGAR HAVELI AND DAMAN & DIU (UT),DADRA & NAGAR HAVELI AND DAMAN & DIU (UT),DAMAN,8.0,18.3,-56.0,D,2363.7,1176.6,101.0,LE,2026-07-27 09:53:42.475277
2026-07-27,2026-06-01,2026-07-27,district,DADRA & NAGAR HAVELI AND DAMAN & DIU (UT),DADRA & NAGAR HAVELI AND DAMAN & DIU (UT),DIU,0.0,7.8,-100.0,NR,604.2,452.8,33.0,E,2026-07-27 09:53:42.475277
2026-07-27,2026-06-01,2026-07-27,district,DELHI (UT),DELHI (UT),CENTRAL DELHI,0.1,11.4,-99.0,LD,263.6,276.6,-5.0,N,2026-07-27 09:53:42.475277
2026-07-27,2026-06-01,2026-07-27,district,DELHI (UT),DELHI (UT),EAST DELHI,1.0,11.4,-91.0,LD,284.5,276.6,3.0,N,2026-07-27 09:53:42.475277
2026-07-27,2026-06-01,2026-07-27,district,DELHI (UT),DELHI (UT),NEW DELHI,0.0,9.6,-100.0,NR,170.1,257.4,-34.0,D,2026-07-27 09:53:42.475277
2026-07-27,2026-06-01,2026-07-27,district,DELHI (UT),DELHI (UT),NORTH EAST DELHI,0.0,11.4,-100.0,NR,276.8,276.6,0.0,N,2026-07-27 09:53:42.475277
2026-07-27,2026-06-01,2026-07-27,district,DELHI (UT),DELHI (UT),NORTH WEST DELHI,0.0,4.6,-100.0,NR,101.5,177.3,-43.0,D,2026-07-27 09:53:42.475277
2026-07-27,2026-06-01,2026-07-27,district,DELHI (UT),DELHI (UT),SOUTH DELHI,0.0,11.4,-100.0,NR,193.8,276.6,-30.0,D,2026-07-27 09:53:42.475277
2026-07-27,2026-06-01,2026-07-27,district,DELHI (UT),DELHI (UT),SOUTH EAST DELHI,0.0,11.4,-100.0,NR,204.3,276.6,-26.0,D,2026-07-27 09:53:42.475277
2026-07-27,2026-06-01,2026-07-27,district,DELHI (UT),DELHI (UT),SOUTH WEST DELHI,0.3,7.1,-96.0,LD,141.1,224.0,-37.0,D,2026-07-27 09:53:42.475277
2026-07-27,2026-06-01,2026-07-27,district,DELHI (UT),DELHI (UT),WEST DELHI,0.3,6.3,-96.0,LD,229.0,250.7,-9.0,N,2026-07-27 09:53:42.475277
2026-07-27,2026-06-01,2026-07-27,district,EAST MADHYA PRADESH,MADHYA PRADESH,ANUPPUR,2.3,10.3,-77.0,LD,394.0,455.9,-14.0,N,2026-07-27 09:53:42.475277
2026-07-27,2026-06-01,2026-07-27,district,EAST MADHYA PRADESH,MADHYA PRADESH,BALAGHAT,0.8,16.9,-95.0,LD,455.0,570.2,-20.0,D,2026-07-27 09:53:42.475277
2026-07-27,2026-06-01,2026-07-27,district,EAST MADHYA PRADESH,MADHYA PRADESH,CHHATARPUR,0.9,12.5,-93.0,LD,314.4,368.7,-15.0,N,2026-07-27 09:53:42.475277
2026-07-27,2026-06-01,2026-07-27,district,EAST MADHYA PRADESH,MADHYA PRADESH,CHHINDWARA,0.5,10.5,-95.0,LD,399.1,459.4,-13.0,N,2026-07-27 09:53:42.475277
2026-07-27,2026-06-01,2026-07-27,district,EAST MADHYA PRADESH,MADHYA PRADESH,DAMOH,0.0,13.5,-100.0,NR,425.7,458.6,-7.0,N,2026-07-27 09:53:42.475277
2026-07-27,2026-06-01,2026-07-27,district,EAST MADHYA PRADESH,MADHYA PRADESH,DINDORI,1.5,10.4,-86.0,LD,447.3,527.8,-15.0,N,2026-07-27 09:53:42.475277
2026-07-27,2026-06-01,2026-07-27,district,EAST MADHYA PRADESH,MADHYA PRADESH,JABALPUR,2.2,12.4,-82.0,LD,348.6,462.6,-25.0,D,2026-07-27 09:53:42.475277
2026-07-27,2026-06-01,2026-07-27,district,EAST MADHYA PRADESH,MADHYA PRADESH,KATNI,0.2,12.2,-99.0,LD,322.0,399.9,-19.0,N,2026-07-27 09:53:42.475277
2026-07-27,2026-06-01,2026-07-27,district,EAST MADHYA PRADESH,MADHYA PRADESH,MAIHAR,5.9,13.1,-55.0,D,253.4,409.4,-38.0,D,2026-07-27 09:53:42.475277
2026-07-27,2026-06-01,2026-07-27,district,EAST MADHYA PRADESH,MADHYA PRADESH,MANDLA,0.2,18.3,-99.0,LD,349.8,538.6,-35.0,D,2026-07-27 09:53:42.475277
2026-07-27,2026-06-01,2026-07-27,district,EAST MADHYA PRADESH,MADHYA PRADESH,MAUGANJ,0.0,12.3,-100.0,NR,384.5,388.1,-1.0,N,2026-07-27 09:53:42.475277
2026-07-27,2026-06-01,2026-07-27,district,EAST MADHYA PRADESH,MADHYA PRADESH,NARSINGHPUR,1.2,11.9,-90.0,LD,312.0,438.9,-29.0,D,2026-07-27 09:53:42.475277
2026-07-27,2026-06-01,2026-07-27,district,EAST MADHYA PRADESH,MADHYA PRADESH,NIWARI,0.0,8.7,-100.0,NR,294.0,316.8,-7.0,N,2026-07-27 09:53:42.475277
2026-07-27,2026-06-01,2026-07-27,district,EAST MADHYA PRADESH,MADHYA PRADESH,PANDHURNA,0.0,7.2,-100.0,NR,412.5,369.3,12.0,N,2026-07-27 09:53:42.475277
2026-07-27,2026-06-01,2026-07-27,district,EAST MADHYA PRADESH,MADHYA PRADESH,PANNA,9.5,14.5,-34.0,D,357.7,439.8,-19.0,N,2026-07-27 09:53:42.475277
2026-07-27,2026-06-01,2026-07-27,district,EAST MADHYA PRADESH,MADHYA PRADESH,REWA,1.7,14.7,-89.0,LD,155.4,401.6,-61.0,LD,2026-07-27 09:53:42.475277
2026-07-27,2026-06-01,2026-07-27,district,EAST MADHYA PRADESH,MADHYA PRADESH,SAGAR,0.0,11.7,-100.0,NR,332.2,470.9,-29.0,D,2026-07-27 09:53:42.475277
2026-07-27,2026-06-01,2026-07-27,district,EAST MADHYA PRADESH,MADHYA PRADESH,SATNA,23.9,7.6,215.0,LE,358.6,392.7,-9.0,N,2026-07-27 09:53:42.475277
2026-07-27,2026-06-01,2026-07-27,district,EAST MADHYA PRADESH,MADHYA PRADESH,SEONI,0.0,11.2,-100.0,NR,477.5,488.5,-2.0,N,2026-07-27 09:53:42.475277
2026-07-27,2026-06-01,2026-07-27,district,EAST MADHYA PRADESH,MADHYA PRADESH,SHAHDOL,2.9,11.6,-75.0,LD,351.1,407.7,-14.0,N,2026-07-27 09:53:42.475277
2026-07-27,2026-06-01,2026-07-27,district,EAST MADHYA PRADESH,MADHYA PRADESH,SIDHI,4.8,10.4,-54.0,D,312.1,436.3,-28.0,D,2026-07-27 09:53:42.475277
2026-07-27,2026-06-01,2026-07-27,district,EAST MADHYA PRADESH,MADHYA PRADESH,SINGRAULI,0.4,10.5,-96.0,LD,254.8,459.4,-45.0,D,2026-07-27 09:53:42.475277
2026-07-27,2026-06-01,2026-07-27,district,EAST MADHYA PRADESH,MADHYA PRADESH,TIKAMGARH,0.0,14.5,-100.0,NR,308.5,408.3,-24.0,D,2026-07-27 09:53:42.475277
2026-07-27,2026-06-01,2026-07-27,district,EAST MADHYA PRADESH,MADHYA PRADESH,UMARIA,3.9,9.0,-57.0,D,388.0,420.2,-8.0,N,2026-07-27 09:53:42.475277
2026-07-27,2026-06-01,2026-07-27,district,EAST RAJASTHAN,RAJASTHAN,AJMER,3.0,7.8,-62.0,LD,199.0,203.8,-2.0,N,2026-07-27 09:53:42.475277
2026-07-27,2026-06-01,2026-07-27,district,EAST RAJASTHAN,RAJASTHAN,ALWAR,0.1,8.2,-99.0,LD,188.5,237.3,-21.0,D,2026-07-27 09:53:42.475277
2026-07-27,2026-06-01,2026-07-27,district,EAST RAJASTHAN,RAJASTHAN,BANSWARA,2.4,15.2,-84.0,LD,191.9,355.1,-46.0,D,2026-07-27 09:53:42.475277
2026-07-27,2026-06-01,2026-07-27,district,EAST RAJASTHAN,RAJASTHAN,BARAN,0.4,13.4,-97.0,LD,295.4,372.4,-21.0,D,2026-07-27 09:53:42.475277
2026-07-27,2026-06-01,2026-07-27,district,EAST RAJASTHAN,RAJASTHAN,BHARATPUR,0.6,8.2,-93.0,LD,223.1,231.4,-4.0,N,2026-07-27 09:53:42.475277
2026-07-27,2026-06-01,2026-07-27,district,EAST RAJASTHAN,RAJASTHAN,BHILWARA,0.2,10.8,-98.0,LD,221.1,259.8,-15.0,N,2026-07-27 09:53:42.475277
2026-07-27,2026-06-01,2026-07-27,district,EAST RAJASTHAN,RAJASTHAN,BUNDI,0.0,10.3,-100.0,NR,201.4,287.2,-30.0,D,2026-07-27 09:53:42.475277
2026-07-27,2026-06-01,2026-07-27,district,EAST RAJASTHAN,RAJASTHAN,CHITTORGARH,0.4,13.5,-97.0,LD,254.7,295.3,-14.0,N,2026-07-27 09:53:42.475277
2026-07-27,2026-06-01,2026-07-27,district,EAST RAJASTHAN,RAJASTHAN,DAUSA,0.0,7.5,-100.0,NR,216.4,266.5,-19.0,N,2026-07-27 09:53:42.475277
2026-07-27,2026-06-01,2026-07-27,district,EAST RAJASTHAN,RAJASTHAN,DHOLPUR,0.3,8.4,-96.0,LD,203.0,245.8,-17.0,N,2026-07-27 09:53:42.475277
2026-07-27,2026-06-01,2026-07-27,district,EAST RAJASTHAN,RAJASTHAN,DUNGARPUR,1.0,12.9,-92.0,LD,211.5,295.7,-28.0,D,2026-07-27 09:53:42.475277
2026-07-27,2026-06-01,2026-07-27,district,EAST RAJASTHAN,RAJASTHAN,JAIPUR,0.3,8.7,-96.0,LD,171.1,247.0,-31.0,D,2026-07-27 09:53:42.475277
2026-07-27,2026-06-01,2026-07-27,district,EAST RAJASTHAN,RAJASTHAN,JHALAWAR,1.2,12.0,-90.0,LD,271.5,366.2,-26.0,D,2026-07-27 09:53:42.475277
2026-07-27,2026-06-01,2026-07-27,district,EAST RAJASTHAN,RAJASTHAN,JHUNJHUNU,0.0,4.2,-100.0,NR,240.8,198.9,21.0,E,2026-07-27 09:53:42.475277
2026-07-27,2026-06-01,2026-07-27,district,EAST RAJASTHAN,RAJASTHAN,KARAULI,0.0,8.6,-100.0,NR,150.7,258.5,-42.0,D,2026-07-27 09:53:42.475277
2026-07-27,2026-06-01,2026-07-27,district,EAST RAJASTHAN,RAJASTHAN,KOTA,0.3,11.9,-98.0,LD,213.1,323.5,-34.0,D,2026-07-27 09:53:42.475277
2026-07-27,2026-06-01,2026-07-27,district,EAST RAJASTHAN,RAJASTHAN,PRATAPGARH,1.2,15.3,-92.0,LD,357.0,359.9,-1.0,N,2026-07-27 09:53:42.475277
2026-07-27,2026-06-01,2026-07-27,district,EAST RAJASTHAN,RAJASTHAN,RAJSAMAND,5.6,8.7,-36.0,D,239.6,234.2,2.0,N,2026-07-27 09:53:42.475277
2026-07-27,2026-06-01,2026-07-27,district,EAST RAJASTHAN,RAJASTHAN,SAWAI MADHOPUR,0.0,10.8,-100.0,NR,153.3,295.0,-48.0,D,2026-07-27 09:53:42.475277
2026-07-27,2026-06-01,2026-07-27,district,EAST RAJASTHAN,RAJASTHAN,SIKAR,1.3,4.6,-73.0,LD,218.1,209.0,4.0,N,2026-07-27 09:53:42.475277
2026-07-27,2026-06-01,2026-07-27,district,EAST RAJASTHAN,RAJASTHAN,SIROHI,25.8,14.3,80.0,LE,277.6,361.4,-23.0,D,2026-07-27 09:53:42.475277
2026-07-27,2026-06-01,2026-07-27,district,EAST RAJASTHAN,RAJASTHAN,TONK,0.0,7.3,-100.0,NR,217.2,249.8,-13.0,N,2026-07-27 09:53:42.475277
2026-07-27,2026-06-01,2026-07-27,district,EAST RAJASTHAN,RAJASTHAN,UDAIPUR,2.1,9.8,-79.0,LD,201.7,258.6,-22.0,D,2026-07-27 09:53:42.475277
2026-07-27,2026-06-01,2026-07-27,district,EAST UTTAR PRADESH,UTTAR PRADESH,AMBEDKAR NAGAR,0.0,7.9,-100.0,NR,248.8,381.1,-35.0,D,2026-07-27 09:53:42.475277
2026-07-27,2026-06-01,2026-07-27,district,EAST UTTAR PRADESH,UTTAR PRADESH,AMETHI,0.0,11.6,-100.0,NR,117.3,291.6,-60.0,LD,2026-07-27 09:53:42.475277
2026-07-27,2026-06-01,2026-07-27,district,EAST UTTAR PRADESH,UTTAR PRADESH,AYODHYA,0.0,5.5,-100.0,NR,262.5,371.3,-29.0,D,2026-07-27 09:53:42.475277
2026-07-27,2026-06-01,2026-07-27,district,EAST UTTAR PRADESH,UTTAR PRADESH,AZAMGARH,0.0,8.9,-100.0,NR,237.3,371.0,-36.0,D,2026-07-27 09:53:42.475277
2026-07-27,2026-06-01,2026-07-27,district,EAST UTTAR PRADESH,UTTAR PRADESH,BAHRAICH,0.0,11.8,-100.0,NR,402.1,461.8,-13.0,N,2026-07-27 09:53:42.475277
2026-07-27,2026-06-01,2026-07-27,district,EAST UTTAR PRADESH,UTTAR PRADESH,BALLIA,0.0,7.5,-100.0,NR,339.6,334.0,2.0,N,2026-07-27 09:53:42.475277
2026-07-27,2026-06-01,2026-07-27,district,EAST UTTAR PRADESH,UTTAR PRADESH,BALRAMPUR,0.0,8.7,-100.0,NR,335.0,364.7,-8.0,N,2026-07-27 09:53:42.475277
2026-07-27,2026-06-01,2026-07-27,district,EAST UTTAR PRADESH,UTTAR PRADESH,BANDA,4.6,8.7,-47.0,D,256.3,307.5,-17.0,N,2026-07-27 09:53:42.475277
2026-07-27,2026-06-01,2026-07-27,district,EAST UTTAR PRADESH,UTTAR PRADESH,BARABANKI,0.0,9.8,-100.0,NR,331.4,354.3,-6.0,N,2026-07-27 09:53:42.475277
2026-07-27,2026-06-01,2026-07-27,district,EAST UTTAR PRADESH,UTTAR PRADESH,BASTI,6.6,7.5,-13.0,N,277.8,390.4,-29.0,D,2026-07-27 09:53:42.475277
2026-07-27,2026-06-01,2026-07-27,district,EAST UTTAR PRADESH,UTTAR PRADESH,BHADOHI,0.0,10.6,-100.0,NR,67.0,353.9,-81.0,LD,2026-07-27 09:53:42.475277
2026-07-27,2026-06-01,2026-07-27,district,EAST UTTAR PRADESH,UTTAR PRADESH,CHANDAULI,0.0,10.3,-100.0,NR,220.3,291.8,-25.0,D,2026-07-27 09:53:42.475277
2026-07-27,2026-06-01,2026-07-27,district,EAST UTTAR PRADESH,UTTAR PRADESH,CHITRAKOOT,1.0,11.3,-91.0,LD,343.4,329.3,4.0,N,2026-07-27 09:53:42.475277
2026-07-27,2026-06-01,2026-07-27,district,EAST UTTAR PRADESH,UTTAR PRADESH,DEORIA,0.0,5.6,-100.0,NR,115.0,371.4,-69.0,LD,2026-07-27 09:53:42.475277
2026-07-27,2026-06-01,2026-07-27,district,EAST UTTAR PRADESH,UTTAR PRADESH,FARRUKHABAD,0.0,16.2,-100.0,NR,175.2,305.1,-43.0,D,2026-07-27 09:53:42.475277
2026-07-27,2026-06-01,2026-07-27,district,EAST UTTAR PRADESH,UTTAR PRADESH,FATEHPUR,8.9,8.5,4.0,N,116.3,271.9,-57.0,D,2026-07-27 09:53:42.475277
2026-07-27,2026-06-01,2026-07-27,district,EAST UTTAR PRADESH,UTTAR PRADESH,GHAZIPUR,0.0,7.5,-100.0,NR,185.4,319.6,-42.0,D,2026-07-27 09:53:42.475277
2026-07-27,2026-06-01,2026-07-27,district,EAST UTTAR PRADESH,UTTAR PRADESH,GONDA,0.0,10.6,-100.0,NR,349.6,409.1,-15.0,N,2026-07-27 09:53:42.475277
2026-07-27,2026-06-01,2026-07-27,district,EAST UTTAR PRADESH,UTTAR PRADESH,GORAKHPUR,0.0,9.6,-100.0,NR,489.6,555.9,-12.0,N,2026-07-27 09:53:42.475277
2026-07-27,2026-06-01,2026-07-27,district,EAST UTTAR PRADESH,UTTAR PRADESH,HARDOI,0.0,13.2,-100.0,NR,168.1,296.3,-43.0,D,2026-07-27 09:53:42.475277
2026-07-27,2026-06-01,2026-07-27,district,EAST UTTAR PRADESH,UTTAR PRADESH,JAUNPUR,0.0,10.1,-100.0,NR,86.1,304.2,-72.0,LD,2026-07-27 09:53:42.475277
2026-07-27,2026-06-01,2026-07-27,district,EAST UTTAR PRADESH,UTTAR PRADESH,KANNAUJ,0.0,9.3,-100.0,NR,200.2,259.0,-23.0,D,2026-07-27 09:53:42.475277
2026-07-27,2026-06-01,2026-07-27,district,EAST UTTAR PRADESH,UTTAR PRADESH,KANPUR CITY,3.4,11.8,-71.0,LD,267.9,268.9,0.0,N,2026-07-27 09:53:42.475277
2026-07-27,2026-06-01,2026-07-27,district,EAST UTTAR PRADESH,UTTAR PRADESH,KANPUR DEHAT,0.0,7.4,-100.0,NR,60.0,219.2,-73.0,LD,2026-07-27 09:53:42.475277
2026-07-27,2026-06-01,2026-07-27,district,EAST UTTAR PRADESH,UTTAR PRADESH,KAUSHAMBI,0.0,4.2,-100.0,NR,63.5,228.8,-72.0,LD,2026-07-27 09:53:42.475277
2026-07-27,2026-06-01,2026-07-27,district,EAST UTTAR PRADESH,UTTAR PRADESH,KHERI,0.0,8.8,-100.0,NR,381.1,424.7,-10.0,N,2026-07-27 09:53:42.475277
2026-07-27,2026-06-01,2026-07-27,district,EAST UTTAR PRADESH,UTTAR PRADESH,KUSHI NAGAR,5.0,6.1,-18.0,N,151.1,350.3,-57.0,D,2026-07-27 09:53:42.475277
2026-07-27,2026-06-01,2026-07-27,district,EAST UTTAR PRADESH,UTTAR PRADESH,LUCKNOW,1.6,10.6,-85.0,LD,175.4,284.1,-38.0,D,2026-07-27 09:53:42.475277
2026-07-27,2026-06-01,2026-07-27,district,EAST UTTAR PRADESH,UTTAR PRADESH,MAHARAJGANJ,3.2,9.8,-67.0,LD,462.7,459.5,1.0,N,2026-07-27 09:53:42.475277
2026-07-27,2026-06-01,2026-07-27,district,EAST UTTAR PRADESH,UTTAR PRADESH,MAU,0.0,8.6,-100.0,NR,142.5,363.5,-61.0,LD,2026-07-27 09:53:42.475277
2026-07-27,2026-06-01,2026-07-27,district,EAST UTTAR PRADESH,UTTAR PRADESH,MIRZAPUR,0.0,11.7,-100.0,NR,321.4,371.6,-14.0,N,2026-07-27 09:53:42.475277
2026-07-27,2026-06-01,2026-07-27,district,EAST UTTAR PRADESH,UTTAR PRADESH,PRATAPGARH,1.0,10.5,-90.0,LD,237.0,315.3,-25.0,D,2026-07-27 09:53:42.475277
2026-07-27,2026-06-01,2026-07-27,district,EAST UTTAR PRADESH,UTTAR PRADESH,PRAYAGRAJ,0.2,7.3,-98.0,LD,180.0,289.7,-38.0,D,2026-07-27 09:53:42.475277
2026-07-27,2026-06-01,2026-07-27,district,EAST UTTAR PRADESH,UTTAR PRADESH,RAE BAREILLY,0.0,4.5,-100.0,NR,90.7,174.5,-48.0,D,2026-07-27 09:53:42.475277
2026-07-27,2026-06-01,2026-07-27,district,EAST UTTAR PRADESH,UTTAR PRADESH,SANT KABIR NAGAR,1.0,6.1,-84.0,LD,253.6,503.2,-50.0,D,2026-07-27 09:53:42.475277
2026-07-27,2026-06-01,2026-07-27,district,EAST UTTAR PRADESH,UTTAR PRADESH,SHRAWASTI,0.0,14.1,-100.0,NR,321.0,544.6,-41.0,D,2026-07-27 09:53:42.475277
2026-07-27,2026-06-01,2026-07-27,district,EAST UTTAR PRADESH,UTTAR PRADESH,SIDDHARTH NAGAR,13.9,10.9,27.0,E,343.9,512.8,-33.0,D,2026-07-27 09:53:42.475277
2026-07-27,2026-06-01,2026-07-27,district,EAST UTTAR PRADESH,UTTAR PRADESH,SITAPUR,0.0,10.8,-100.0,NR,171.3,372.3,-54.0,D,2026-07-27 09:53:42.475277
2026-07-27,2026-06-01,2026-07-27,district,EAST UTTAR PRADESH,UTTAR PRADESH,SONBHADRA,1.2,11.6,-90.0,LD,264.5,381.5,-31.0,D,2026-07-27 09:53:42.475277
2026-07-27,2026-06-01,2026-07-27,district,EAST UTTAR PRADESH,UTTAR PRADESH,SULTANPUR,0.0,10.6,-100.0,NR,283.9,354.0,-20.0,D,2026-07-27 09:53:42.475277
2026-07-27,2026-06-01,2026-07-27,district,EAST UTTAR PRADESH,UTTAR PRADESH,UNNAO,2.3,9.8,-76.0,LD,144.9,263.5,-45.0,D,2026-07-27 09:53:42.475277
2026-07-27,2026-06-01,2026-07-27,district,EAST UTTAR PRADESH,UTTAR PRADESH,VARANASI,0.0,9.1,-100.0,NR,150.9,332.4,-55.0,D,2026-07-27 09:53:42.475277
2026-07-27,2026-06-01,2026-07-27,district,GANGETIC WEST BENGAL,WEST BENGAL,BANKURA,5.7,10.1,-43.0,D,532.4,547.6,-3.0,N,2026-07-27 09:53:42.475277
2026-07-27,2026-06-01,2026-07-27,district,GANGETIC WEST BENGAL,WEST BENGAL,BIRBHUM,8.9,9.7,-8.0,N,359.3,540.6,-34.0,D,2026-07-27 09:53:42.475277
2026-07-27,2026-06-01,2026-07-27,district,GANGETIC WEST BENGAL,WEST BENGAL,EAST MIDNAPORE,33.6,11.0,205.0,LE,754.6,564.6,34.0,E,2026-07-27 09:53:42.475277
2026-07-27,2026-06-01,2026-07-27,district,GANGETIC WEST BENGAL,WEST BENGAL,HOOGHLY,17.9,8.3,116.0,LE,516.5,502.4,3.0,N,2026-07-27 09:53:42.475277
2026-07-27,2026-06-01,2026-07-27,district,GANGETIC WEST BENGAL,WEST BENGAL,HOWRAH,3.5,8.7,-60.0,LD,641.9,530.4,21.0,E,2026-07-27 09:53:42.475277
2026-07-27,2026-06-01,2026-07-27,district,GANGETIC WEST BENGAL,WEST BENGAL,JHARGRAM,3.9,11.0,-65.0,LD,440.9,537.7,-18.0,N,2026-07-27 09:53:42.475277
2026-07-27,2026-06-01,2026-07-27,district,GANGETIC WEST BENGAL,WEST BENGAL,KOLKATA,4.4,12.2,-64.0,LD,681.6,612.3,11.0,N,2026-07-27 09:53:42.475277
2026-07-27,2026-06-01,2026-07-27,district,GANGETIC WEST BENGAL,WEST BENGAL,MURSHIDABAD,0.0,9.7,-100.0,NR,344.5,493.0,-30.0,D,2026-07-27 09:53:42.475277
2026-07-27,2026-06-01,2026-07-27,district,GANGETIC WEST BENGAL,WEST BENGAL,NADIA,2.3,6.4,-64.0,LD,381.1,474.9,-20.0,D,2026-07-27 09:53:42.475277
2026-07-27,2026-06-01,2026-07-27,district,GANGETIC WEST BENGAL,WEST BENGAL,NORTH 24 PARGANAS,6.4,8.6,-26.0,D,718.7,553.1,30.0,E,2026-07-27 09:53:42.475277
2026-07-27,2026-06-01,2026-07-27,district,GANGETIC WEST BENGAL,WEST BENGAL,PASCHIM BARDHAMAN,7.1,12.6,-44.0,D,446.7,514.7,-13.0,N,2026-07-27 09:53:42.475277
2026-07-27,2026-06-01,2026-07-27,district,GANGETIC WEST BENGAL,WEST BENGAL,PURBA BARDHAMAN,0.7,8.7,-93.0,LD,484.5,486.2,0.0,N,2026-07-27 09:53:42.475277
2026-07-27,2026-06-01,2026-07-27,district,GANGETIC WEST BENGAL,WEST BENGAL,PURULIA,11.2,9.7,15.0,N,335.6,509.7,-34.0,D,2026-07-27 09:53:42.475277
2026-07-27,2026-06-01,2026-07-27,district,GANGETIC WEST BENGAL,WEST BENGAL,SOUTH 24 PARGANAS,30.2,12.5,141.0,LE,752.7,677.3,11.0,N,2026-07-27 09:53:42.475277
2026-07-27,2026-06-01,2026-07-27,district,GANGETIC WEST BENGAL,WEST BENGAL,WEST MIDNAPORE,5.9,11.0,-47.0,D,751.0,537.7,40.0,E,2026-07-27 09:53:42.475277
2026-07-27,2026-06-01,2026-07-27,district,GOA,GOA,NORTH GOA,60.0,30.8,95.0,LE,1065.4,1871.1,-43.0,D,2026-07-27 09:53:42.475277
2026-07-27,2026-06-01,2026-07-27,district,GOA,GOA,SOUTH GOA,47.3,30.7,54.0,E,1312.4,1805.7,-27.0,D,2026-07-27 09:53:42.475277
2026-07-27,2026-06-01,2026-07-27,district,GUJARAT,GUJARAT,AHMEDABAD,17.3,9.7,79.0,LE,435.6,297.2,47.0,E,2026-07-27 09:53:42.475277
2026-07-27,2026-06-01,2026-07-27,district,GUJARAT,GUJARAT,AMRELI,0.0,7.3,-100.0,NR,419.0,304.7,38.0,E,2026-07-27 09:53:42.475277
2026-07-27,2026-06-01,2026-07-27,district,GUJARAT,GUJARAT,ANAND,3.9,8.0,-51.0,D,456.1,357.7,28.0,E,2026-07-27 09:53:42.475277
2026-07-27,2026-06-01,2026-07-27,district,GUJARAT,GUJARAT,ARAVALLI,4.5,15.6,-71.0,LD,250.7,354.9,-29.0,D,2026-07-27 09:53:42.475277
2026-07-27,2026-06-01,2026-07-27,district,GUJARAT,GUJARAT,BANASKANTHA,28.9,9.4,207.0,LE,282.6,257.3,10.0,N,2026-07-27 09:53:42.475277
2026-07-27,2026-06-01,2026-07-27,district,GUJARAT,GUJARAT,BHARUCH,1.1,9.4,-88.0,LD,471.3,352.3,34.0,E,2026-07-27 09:53:42.475277
2026-07-27,2026-06-01,2026-07-27,district,GUJARAT,GUJARAT,BHAVNAGAR,1.4,6.7,-79.0,LD,340.9,285.4,19.0,N,2026-07-27 09:53:42.475277
2026-07-27,2026-06-01,2026-07-27,district,GUJARAT,GUJARAT,BOTAD,8.5,6.0,42.0,E,315.5,257.0,23.0,E,2026-07-27 09:53:42.475277
2026-07-27,2026-06-01,2026-07-27,district,GUJARAT,GUJARAT,CHHOTA UDEPUR,3.0,15.9,-81.0,LD,259.5,424.2,-39.0,D,2026-07-27 09:53:42.475277
2026-07-27,2026-06-01,2026-07-27,district,GUJARAT,GUJARAT,DAHOD,3.8,13.4,-72.0,LD,174.8,319.0,-45.0,D,2026-07-27 09:53:42.475277
2026-07-27,2026-06-01,2026-07-27,district,GUJARAT,GUJARAT,DANGS,14.3,32.5,-56.0,D,1663.2,1041.0,60.0,LE,2026-07-27 09:53:42.475277
2026-07-27,2026-06-01,2026-07-27,district,GUJARAT,GUJARAT,DEVBHOOMI DWARKA,0.0,6.3,-100.0,NR,36.3,287.2,-87.0,LD,2026-07-27 09:53:42.475277
2026-07-27,2026-06-01,2026-07-27,district,GUJARAT,GUJARAT,GANDHINAGAR,7.7,17.1,-55.0,D,344.8,334.5,3.0,N,2026-07-27 09:53:42.475277
2026-07-27,2026-06-01,2026-07-27,district,GUJARAT,GUJARAT,GIR SOMNATH,0.0,6.8,-100.0,NR,441.6,501.3,-12.0,N,2026-07-27 09:53:42.475277
2026-07-27,2026-06-01,2026-07-27,district,GUJARAT,GUJARAT,JAMNAGAR,0.0,9.5,-100.0,NR,158.5,311.9,-49.0,D,2026-07-27 09:53:42.475277
2026-07-27,2026-06-01,2026-07-27,district,GUJARAT,GUJARAT,JUNAGADH,0.2,12.6,-99.0,LD,549.2,483.5,14.0,N,2026-07-27 09:53:42.475277
2026-07-27,2026-06-01,2026-07-27,district,GUJARAT,GUJARAT,KHEDA,7.9,11.3,-30.0,D,556.9,348.5,60.0,LE,2026-07-27 09:53:42.475277
2026-07-27,2026-06-01,2026-07-27,district,GUJARAT,GUJARAT,KUTCH,0.6,6.4,-91.0,LD,88.6,176.6,-50.0,D,2026-07-27 09:53:42.475277
2026-07-27,2026-06-01,2026-07-27,district,GUJARAT,GUJARAT,MAHISAGAR,9.2,13.6,-32.0,D,402.3,330.3,22.0,E,2026-07-27 09:53:42.475277
2026-07-27,2026-06-01,2026-07-27,district,GUJARAT,GUJARAT,MEHSANA,9.6,11.2,-14.0,N,337.6,300.2,12.0,N,2026-07-27 09:53:42.475277
2026-07-27,2026-06-01,2026-07-27,district,GUJARAT,GUJARAT,MORBI,9.2,7.9,16.0,N,267.4,264.3,1.0,N,2026-07-27 09:53:42.475277
2026-07-27,2026-06-01,2026-07-27,district,GUJARAT,GUJARAT,NARMADA,4.7,13.1,-64.0,LD,437.4,455.5,-4.0,N,2026-07-27 09:53:42.475277
2026-07-27,2026-06-01,2026-07-27,district,GUJARAT,GUJARAT,NAVSARI,2.8,26.9,-89.0,LD,1811.8,942.0,92.0,LE,2026-07-27 09:53:42.475277
2026-07-27,2026-06-01,2026-07-27,district,GUJARAT,GUJARAT,PANCHMAHAL,1.6,14.7,-89.0,LD,436.7,380.7,15.0,N,2026-07-27 09:53:42.475277
2026-07-27,2026-06-01,2026-07-27,district,GUJARAT,GUJARAT,PATAN,5.3,10.6,-50.0,D,326.2,232.6,40.0,E,2026-07-27 09:53:42.475277
2026-07-27,2026-06-01,2026-07-27,district,GUJARAT,GUJARAT,PORBANDAR,0.0,7.5,-100.0,NR,141.7,373.8,-62.0,LD,2026-07-27 09:53:42.475277
2026-07-27,2026-06-01,2026-07-27,district,GUJARAT,GUJARAT,RAJKOT,0.3,10.0,-97.0,LD,277.4,317.7,-13.0,N,2026-07-27 09:53:42.475277
2026-07-27,2026-06-01,2026-07-27,district,GUJARAT,GUJARAT,SABARKANTHA,7.3,9.8,-25.0,D,257.4,356.3,-28.0,D,2026-07-27 09:53:42.475277
2026-07-27,2026-06-01,2026-07-27,district,GUJARAT,GUJARAT,SURAT,5.6,15.5,-64.0,LD,1130.6,665.5,70.0,LE,2026-07-27 09:53:42.475277
2026-07-27,2026-06-01,2026-07-27,district,GUJARAT,GUJARAT,SURENDRANAGAR,9.9,4.4,124.0,LE,304.6,242.1,26.0,E,2026-07-27 09:53:42.475277
2026-07-27,2026-06-01,2026-07-27,district,GUJARAT,GUJARAT,TAPI,1.5,18.9,-92.0,LD,958.4,677.8,41.0,E,2026-07-27 09:53:42.475277
2026-07-27,2026-06-01,2026-07-27,district,GUJARAT,GUJARAT,VADODARA,1.1,12.7,-92.0,LD,340.4,396.7,-14.0,N,2026-07-27 09:53:42.475277
2026-07-27,2026-06-01,2026-07-27,district,GUJARAT,GUJARAT,VALSAD,29.2,23.5,24.0,E,2259.5,1065.9,112.0,LE,2026-07-27 09:53:42.475277
2026-07-27,2026-06-01,2026-07-27,district,HARYANA,HARYANA,AMBALA,0.9,7.0,-88.0,LD,143.0,374.2,-62.0,LD,2026-07-27 09:53:42.475277
2026-07-27,2026-06-01,2026-07-27,district,HARYANA,HARYANA,BHIWANI,0.0,2.9,-100.0,NR,108.8,132.7,-18.0,N,2026-07-27 09:53:42.475277
2026-07-27,2026-06-01,2026-07-27,district,HARYANA,HARYANA,CHARKHI DADRI,0.0,4.2,-100.0,NR,175.2,170.7,3.0,N,2026-07-27 09:53:42.475277
2026-07-27,2026-06-01,2026-07-27,district,HARYANA,HARYANA,FARIDABAD,0.0,13.3,-100.0,NR,271.0,211.1,28.0,E,2026-07-27 09:53:42.475277
2026-07-27,2026-06-01,2026-07-27,district,HARYANA,HARYANA,FATEHABAD,0.0,2.4,-100.0,NR,101.1,118.7,-15.0,N,2026-07-27 09:53:42.475277
2026-07-27,2026-06-01,2026-07-27,district,HARYANA,HARYANA,GURGAON,0.0,7.1,-100.0,NR,162.6,204.4,-20.0,D,2026-07-27 09:53:42.475277
2026-07-27,2026-06-01,2026-07-27,district,HARYANA,HARYANA,HISAR,0.0,1.9,-100.0,NR,90.1,137.9,-35.0,D,2026-07-27 09:53:42.475277
2026-07-27,2026-06-01,2026-07-27,district,HARYANA,HARYANA,JHAJJAR,0.0,4.5,-99.0,LD,117.4,158.6,-26.0,D,2026-07-27 09:53:42.475277
2026-07-27,2026-06-01,2026-07-27,district,HARYANA,HARYANA,JIND,0.0,4.3,-100.0,NR,65.2,177.6,-63.0,LD,2026-07-27 09:53:42.475277
2026-07-27,2026-06-01,2026-07-27,district,HARYANA,HARYANA,KAITHAL,0.0,3.5,-100.0,NR,83.6,160.8,-48.0,D,2026-07-27 09:53:42.475277
2026-07-27,2026-06-01,2026-07-27,district,HARYANA,HARYANA,KARNAL,0.0,5.2,-100.0,NR,194.9,238.2,-18.0,N,2026-07-27 09:53:42.475277
2026-07-27,2026-06-01,2026-07-27,district,HARYANA,HARYANA,KURUKSHETRA,0.0,1.2,-100.0,NR,185.9,179.4,4.0,N,2026-07-27 09:53:42.475277
2026-07-27,2026-06-01,2026-07-27,district,HARYANA,HARYANA,MAHENDRAGARH,0.2,4.8,-96.0,LD,185.9,185.5,0.0,N,2026-07-27 09:53:42.475277
2026-07-27,2026-06-01,2026-07-27,district,HARYANA,HARYANA,NUH,0.0,7.4,-100.0,NR,118.4,182.4,-35.0,D,2026-07-27 09:53:42.475277
2026-07-27,2026-06-01,2026-07-27,district,HARYANA,HARYANA,PALWAL,0.0,6.9,-100.0,NR,168.6,153.0,10.0,N,2026-07-27 09:53:42.475277
2026-07-27,2026-06-01,2026-07-27,district,HARYANA,HARYANA,PANCHKULA,3.6,9.5,-62.0,LD,176.2,359.5,-51.0,D,2026-07-27 09:53:42.475277
2026-07-27,2026-06-01,2026-07-27,district,HARYANA,HARYANA,PANIPAT,0.0,7.2,-100.0,NR,128.0,188.2,-32.0,D,2026-07-27 09:53:42.475277
2026-07-27,2026-06-01,2026-07-27,district,HARYANA,HARYANA,REWARI,0.0,4.0,-100.0,NR,174.0,182.8,-5.0,N,2026-07-27 09:53:42.475277
2026-07-27,2026-06-01,2026-07-27,district,HARYANA,HARYANA,ROHTAK,0.0,5.2,-100.0,NR,72.1,196.6,-63.0,LD,2026-07-27 09:53:42.475277
2026-07-27,2026-06-01,2026-07-27,district,HARYANA,HARYANA,SIRSA,0.0,2.6,-100.0,NR,42.9,114.7,-63.0,LD,2026-07-27 09:53:42.475277
2026-07-27,2026-06-01,2026-07-27,district,HARYANA,HARYANA,SONEPAT,1.8,5.1,-64.0,LD,120.0,194.8,-38.0,D,2026-07-27 09:53:42.475277
2026-07-27,2026-06-01,2026-07-27,district,HARYANA,HARYANA,YAMUNA NAGAR,0.3,10.5,-97.0,LD,331.4,397.8,-17.0,N,2026-07-27 09:53:42.475277
2026-07-27,2026-06-01,2026-07-27,district,HIMACHAL PRADESH,HIMACHAL PRADESH,BILASPUR,6.7,10.4,-36.0,D,318.7,332.9,-4.0,N,2026-07-27 09:53:42.475277
2026-07-27,2026-06-01,2026-07-27,district,HIMACHAL PRADESH,HIMACHAL PRADESH,CHAMBA,2.6,8.3,-68.0,LD,403.4,385.0,5.0,N,2026-07-27 09:53:42.475277
2026-07-27,2026-06-01,2026-07-27,district,HIMACHAL PRADESH,HIMACHAL PRADESH,HAMIRPUR,1.0,15.0,-93.0,LD,223.0,383.4,-42.0,D,2026-07-27 09:53:42.475277
2026-07-27,2026-06-01,2026-07-27,district,HIMACHAL PRADESH,HIMACHAL PRADESH,KANGRA,0.4,22.0,-98.0,LD,522.1,680.0,-23.0,D,2026-07-27 09:53:42.475277
2026-07-27,2026-06-01,2026-07-27,district,HIMACHAL PRADESH,HIMACHAL PRADESH,KINNAUR,0.0,2.2,-100.0,NR,132.1,100.3,32.0,E,2026-07-27 09:53:42.475277
2026-07-27,2026-06-01,2026-07-27,district,HIMACHAL PRADESH,HIMACHAL PRADESH,KULLU,8.8,8.4,5.0,N,249.3,246.7,1.0,N,2026-07-27 09:53:42.475277
2026-07-27,2026-06-01,2026-07-27,district,HIMACHAL PRADESH,HIMACHAL PRADESH,LAHAUL & SPITI,0.0,5.0,-100.0,NR,83.6,162.7,-49.0,D,2026-07-27 09:53:42.475277
2026-07-27,2026-06-01,2026-07-27,district,HIMACHAL PRADESH,HIMACHAL PRADESH,MANDI,4.7,14.7,-68.0,LD,409.0,502.0,-19.0,N,2026-07-27 09:53:42.475277
2026-07-27,2026-06-01,2026-07-27,district,HIMACHAL PRADESH,HIMACHAL PRADESH,SHIMLA,6.4,8.0,-20.0,D,406.2,294.5,38.0,E,2026-07-27 09:53:42.475277
2026-07-27,2026-06-01,2026-07-27,district,HIMACHAL PRADESH,HIMACHAL PRADESH,SIRMAUR,20.8,14.2,46.0,E,582.5,546.4,7.0,N,2026-07-27 09:53:42.475277
2026-07-27,2026-06-01,2026-07-27,district,HIMACHAL PRADESH,HIMACHAL PRADESH,SOLAN,35.3,9.6,268.0,LE,494.8,401.6,23.0,E,2026-07-27 09:53:42.475277
2026-07-27,2026-06-01,2026-07-27,district,HIMACHAL PRADESH,HIMACHAL PRADESH,UNA,0.5,8.9,-94.0,LD,358.9,376.7,-5.0,N,2026-07-27 09:53:42.475277
2026-07-27,2026-06-01,2026-07-27,district,JAMMU & KASHMIR (UT),JAMMU & KASHMIR(UT),ANANTNAG,0.4,2.8,-84.0,LD,205.2,151.2,36.0,E,2026-07-27 09:53:42.475277
2026-07-27,2026-06-01,2026-07-27,district,JAMMU & KASHMIR (UT),JAMMU & KASHMIR(UT),BADGAM,0.3,1.9,-82.0,LD,71.3,94.4,-24.0,D,2026-07-27 09:53:42.475277
2026-07-27,2026-06-01,2026-07-27,district,JAMMU & KASHMIR (UT),JAMMU & KASHMIR(UT),BANDIPORA,0.0,2.4,-100.0,NR,103.6,105.7,-2.0,N,2026-07-27 09:53:42.475277
2026-07-27,2026-06-01,2026-07-27,district,JAMMU & KASHMIR (UT),JAMMU & KASHMIR(UT),BARAMULA,0.2,1.8,-88.0,LD,211.6,106.4,99.0,LE,2026-07-27 09:53:42.475277
2026-07-27,2026-06-01,2026-07-27,district,JAMMU & KASHMIR (UT),JAMMU & KASHMIR(UT),DODA,3.6,6.5,-45.0,D,213.4,195.9,9.0,N,2026-07-27 09:53:42.475277
2026-07-27,2026-06-01,2026-07-27,district,JAMMU & KASHMIR (UT),JAMMU & KASHMIR(UT),GANDERBAL,0.0,2.4,-100.0,NR,219.6,131.9,67.0,LE,2026-07-27 09:53:42.475277
2026-07-27,2026-06-01,2026-07-27,district,JAMMU & KASHMIR (UT),JAMMU & KASHMIR(UT),JAMMU,0.1,17.5,-99.0,LD,412.7,380.0,9.0,N,2026-07-27 09:53:42.475277
2026-07-27,2026-06-01,2026-07-27,district,JAMMU & KASHMIR (UT),JAMMU & KASHMIR(UT),KATHUA,0.1,17.4,-99.0,LD,418.8,520.1,-19.0,N,2026-07-27 09:53:42.475277
2026-07-27,2026-06-01,2026-07-27,district,JAMMU & KASHMIR (UT),JAMMU & KASHMIR(UT),KISTWAR,0.5,6.5,-92.0,LD,139.5,195.9,-29.0,D,2026-07-27 09:53:42.475277
2026-07-27,2026-06-01,2026-07-27,district,JAMMU & KASHMIR (UT),JAMMU & KASHMIR(UT),KULGAM,0.0,4.8,-100.0,NR,178.4,155.2,15.0,N,2026-07-27 09:53:42.475277
2026-07-27,2026-06-01,2026-07-27,district,JAMMU & KASHMIR (UT),JAMMU & KASHMIR(UT),KUPWARA,0.0,5.2,-100.0,NR,157.8,127.2,24.0,E,2026-07-27 09:53:42.475277
2026-07-27,2026-06-01,2026-07-27,district,JAMMU & KASHMIR (UT),JAMMU & KASHMIR(UT),POONCH,0.0,9.4,-100.0,NR,506.8,318.4,59.0,E,2026-07-27 09:53:42.475277
2026-07-27,2026-06-01,2026-07-27,district,JAMMU & KASHMIR (UT),JAMMU & KASHMIR(UT),PULWAMA,0.0,1.9,-100.0,NR,132.5,81.7,62.0,LE,2026-07-27 09:53:42.475277
2026-07-27,2026-06-01,2026-07-27,district,JAMMU & KASHMIR (UT),JAMMU & KASHMIR(UT),RAJOURI,0.0,9.7,-100.0,NR,461.4,281.0,64.0,LE,2026-07-27 09:53:42.475277
2026-07-27,2026-06-01,2026-07-27,district,JAMMU & KASHMIR (UT),JAMMU & KASHMIR(UT),RAMBAN,0.0,4.3,-100.0,NR,355.3,190.8,86.0,LE,2026-07-27 09:53:42.475277
2026-07-27,2026-06-01,2026-07-27,district,JAMMU & KASHMIR (UT),JAMMU & KASHMIR(UT),REASI,0.0,26.0,-100.0,NR,658.3,587.2,12.0,N,2026-07-27 09:53:42.475277
2026-07-27,2026-06-01,2026-07-27,district,JAMMU & KASHMIR (UT),JAMMU & KASHMIR(UT),SHOPIAN,0.0,8.5,-100.0,NR,72.2,122.3,-41.0,D,2026-07-27 09:53:42.475277
2026-07-27,2026-06-01,2026-07-27,district,JAMMU & KASHMIR (UT),JAMMU & KASHMIR(UT),SRINAGAR,0.2,2.7,-91.0,LD,140.8,111.3,27.0,E,2026-07-27 09:53:42.475277
2026-07-27,2026-06-01,2026-07-27,district,JAMMU & KASHMIR (UT),JAMMU & KASHMIR(UT),UDHAMPUR,0.0,14.7,-100.0,NR,822.5,409.5,101.0,LE,2026-07-27 09:53:42.475277
2026-07-27,2026-06-01,2026-07-27,district,JHARKHAND,JHARKHAND,BOKARO,0.9,9.1,-90.0,LD,275.1,409.2,-33.0,D,2026-07-27 09:53:42.475277
2026-07-27,2026-06-01,2026-07-27,district,JHARKHAND,JHARKHAND,CHATRA,0.0,12.8,-100.0,NR,232.8,423.9,-45.0,D,2026-07-27 09:53:42.475277
2026-07-27,2026-06-01,2026-07-27,district,JHARKHAND,JHARKHAND,DEOGHAR,0.0,8.6,-100.0,NR,177.1,453.9,-61.0,LD,2026-07-27 09:53:42.475277
2026-07-27,2026-06-01,2026-07-27,district,JHARKHAND,JHARKHAND,DHANBAD,2.9,14.7,-80.0,LD,356.0,482.3,-26.0,D,2026-07-27 09:53:42.475277
2026-07-27,2026-06-01,2026-07-27,district,JHARKHAND,JHARKHAND,DUMKA,0.0,9.5,-100.0,NR,434.1,484.1,-10.0,N,2026-07-27 09:53:42.475277
2026-07-27,2026-06-01,2026-07-27,district,JHARKHAND,JHARKHAND,EAST SINGHBHUM,18.4,10.4,76.0,LE,347.1,495.5,-30.0,D,2026-07-27 09:53:42.475277
2026-07-27,2026-06-01,2026-07-27,district,JHARKHAND,JHARKHAND,GARHWA,0.0,7.7,-100.0,NR,173.0,396.8,-56.0,D,2026-07-27 09:53:42.475277
2026-07-27,2026-06-01,2026-07-27,district,JHARKHAND,JHARKHAND,GIRIDIH,0.0,11.5,-99.0,LD,221.9,456.0,-51.0,D,2026-07-27 09:53:42.475277
2026-07-27,2026-06-01,2026-07-27,district,JHARKHAND,JHARKHAND,GODDA,0.0,10.7,-100.0,NR,209.7,426.7,-51.0,D,2026-07-27 09:53:42.475277
2026-07-27,2026-06-01,2026-07-27,district,JHARKHAND,JHARKHAND,GUMLA,5.3,14.2,-63.0,LD,332.0,497.3,-33.0,D,2026-07-27 09:53:42.475277
2026-07-27,2026-06-01,2026-07-27,district,JHARKHAND,JHARKHAND,HAZARIBAG,0.0,11.4,-100.0,NR,294.3,481.8,-39.0,D,2026-07-27 09:53:42.475277
2026-07-27,2026-06-01,2026-07-27,district,JHARKHAND,JHARKHAND,JAMTARA,3.9,13.2,-71.0,LD,362.5,502.4,-28.0,D,2026-07-27 09:53:42.475277
2026-07-27,2026-06-01,2026-07-27,district,JHARKHAND,JHARKHAND,KHUNTI,0.0,10.3,-100.0,NR,379.6,501.5,-24.0,D,2026-07-27 09:53:42.475277
2026-07-27,2026-06-01,2026-07-27,district,JHARKHAND,JHARKHAND,KODERMA,0.0,8.6,-100.0,NR,182.6,404.6,-55.0,D,2026-07-27 09:53:42.475277
2026-07-27,2026-06-01,2026-07-27,district,JHARKHAND,JHARKHAND,LATEHAR,8.3,13.4,-38.0,D,326.7,469.7,-30.0,D,2026-07-27 09:53:42.475277
2026-07-27,2026-06-01,2026-07-27,district,JHARKHAND,JHARKHAND,LOHARDAGA,0.0,18.0,-100.0,NR,296.5,472.0,-37.0,D,2026-07-27 09:53:42.475277
2026-07-27,2026-06-01,2026-07-27,district,JHARKHAND,JHARKHAND,PAKUR,4.5,9.6,-53.0,D,202.6,551.5,-63.0,LD,2026-07-27 09:53:42.475277
2026-07-27,2026-06-01,2026-07-27,district,JHARKHAND,JHARKHAND,PALAMU,2.4,8.8,-73.0,LD,186.4,357.4,-48.0,D,2026-07-27 09:53:42.475277
2026-07-27,2026-06-01,2026-07-27,district,JHARKHAND,JHARKHAND,RAMGARH,0.4,12.0,-97.0,LD,292.6,476.3,-39.0,D,2026-07-27 09:53:42.475277
2026-07-27,2026-06-01,2026-07-27,district,JHARKHAND,JHARKHAND,RANCHI,0.0,12.4,-99.0,LD,336.5,482.8,-30.0,D,2026-07-27 09:53:42.475277
2026-07-27,2026-06-01,2026-07-27,district,JHARKHAND,JHARKHAND,SERAIKELA-KHARSAWAN,9.9,10.0,-1.0,N,436.2,460.7,-5.0,N,2026-07-27 09:53:42.475277
2026-07-27,2026-06-01,2026-07-27,district,JHARKHAND,JHARKHAND,SIMDEGA,2.3,17.8,-87.0,LD,530.2,615.7,-14.0,N,2026-07-27 09:53:42.475277
2026-07-27,2026-06-01,2026-07-27,district,JHARKHAND,JHARKHAND,WEST SINGHBHUM,21.8,11.3,93.0,LE,385.0,452.1,-15.0,N,2026-07-27 09:53:42.475277
2026-07-27,2026-06-01,2026-07-27,district,KERALA,KERALA,ALAPUZHA,1.5,11.7,-88.0,LD,629.2,975.3,-35.0,D,2026-07-27 09:53:42.475277
2026-07-27,2026-06-01,2026-07-27,district,KERALA,KERALA,ERNAKULAM,7.6,21.6,-65.0,LD,826.8,1287.6,-36.0,D,2026-07-27 09:53:42.475277
2026-07-27,2026-06-01,2026-07-27,district,KERALA,KERALA,IDUKKI,7.1,29.5,-76.0,LD,546.6,1445.1,-62.0,LD,2026-07-27 09:53:42.475277
2026-07-27,2026-06-01,2026-07-27,district,KERALA,KERALA,KANNUR,14.3,23.1,-38.0,D,1248.6,1684.4,-26.0,D,2026-07-27 09:53:42.475277
2026-07-27,2026-06-01,2026-07-27,district,KERALA,KERALA,KASARGOD,27.6,27.9,-1.0,N,1385.5,1837.8,-25.0,D,2026-07-27 09:53:42.475277
2026-07-27,2026-06-01,2026-07-27,district,KERALA,KERALA,KOLLAM,0.1,9.5,-99.0,LD,420.4,728.1,-42.0,D,2026-07-27 09:53:42.475277
2026-07-27,2026-06-01,2026-07-27,district,KERALA,KERALA,KOTTAYAM,4.6,16.1,-72.0,LD,854.0,1135.9,-25.0,D,2026-07-27 09:53:42.475277
2026-07-27,2026-06-01,2026-07-27,district,KERALA,KERALA,KOZHIKODE,9.4,24.5,-61.0,LD,1254.4,1659.1,-24.0,D,2026-07-27 09:53:42.475277
2026-07-27,2026-06-01,2026-07-27,district,KERALA,KERALA,MALAPPURAM,9.0,20.7,-56.0,D,841.4,1208.7,-30.0,D,2026-07-27 09:53:42.475277
2026-07-27,2026-06-01,2026-07-27,district,KERALA,KERALA,PALAKKAD,3.7,17.5,-79.0,LD,562.2,924.6,-39.0,D,2026-07-27 09:53:42.475277
2026-07-27,2026-06-01,2026-07-27,district,KERALA,KERALA,PATHANAMTHITTA,4.2,12.7,-67.0,LD,663.8,926.7,-28.0,D,2026-07-27 09:53:42.475277
2026-07-27,2026-06-01,2026-07-27,district,KERALA,KERALA,THIRUVANANTHAPURAM,0.0,5.4,-100.0,NR,410.2,485.7,-16.0,N,2026-07-27 09:53:42.475277
2026-07-27,2026-06-01,2026-07-27,district,KERALA,KERALA,THRISSUR,12.4,23.5,-47.0,D,825.7,1310.7,-37.0,D,2026-07-27 09:53:42.475277
2026-07-27,2026-06-01,2026-07-27,district,KERALA,KERALA,WYNAD,8.4,32.6,-74.0,LD,596.6,1496.9,-60.0,LD,2026-07-27 09:53:42.475277
2026-07-27,2026-06-01,2026-07-27,district,LADAKH (UT),LADAKH (UT),KARGIL,0.0,0.0,-100.0,NR,11.3,5.9,78.0,LE,2026-07-27 09:53:42.475277
2026-07-27,2026-06-01,2026-07-27,district,LADAKH (UT),LADAKH (UT),LADAKH (LEH),0.0,0.1,-100.0,NR,37.7,12.1,207.0,LE,2026-07-27 09:53:42.475277
2026-07-27,2026-06-01,2026-07-27,district,LAKSHADWEEP,LAKSHADWEEP,LAKSHADWEEP,1.0,7.3,-86.0,LD,383.0,599.8,-36.0,D,2026-07-27 09:53:42.475277
2026-07-27,2026-06-01,2026-07-27,district,MADHYA MAHARASHTRA,MAHARASHTRA,AHMEDNAGAR,3.6,3.1,16.0,N,179.5,194.9,-8.0,N,2026-07-27 09:53:42.475277
2026-07-27,2026-06-01,2026-07-27,district,MADHYA MAHARASHTRA,MAHARASHTRA,DHULE,1.6,5.9,-73.0,LD,233.7,268.1,-13.0,N,2026-07-27 09:53:42.475277
2026-07-27,2026-06-01,2026-07-27,district,MADHYA MAHARASHTRA,MAHARASHTRA,JALGAON,6.6,5.7,15.0,N,237.6,281.1,-15.0,N,2026-07-27 09:53:42.475277
2026-07-27,2026-06-01,2026-07-27,district,MADHYA MAHARASHTRA,MAHARASHTRA,KOLHAPUR,20.8,21.9,-5.0,N,878.6,941.5,-7.0,N,2026-07-27 09:53:42.475277
2026-07-27,2026-06-01,2026-07-27,district,MADHYA MAHARASHTRA,MAHARASHTRA,NANDURBAR,6.7,10.0,-33.0,D,175.1,398.4,-56.0,D,2026-07-27 09:53:42.475277
2026-07-27,2026-06-01,2026-07-27,district,MADHYA MAHARASHTRA,MAHARASHTRA,NASHIK,32.8,10.2,221.0,LE,815.6,413.0,97.0,LE,2026-07-27 09:53:42.475277
2026-07-27,2026-06-01,2026-07-27,district,MADHYA MAHARASHTRA,MAHARASHTRA,PUNE,11.9,11.2,7.0,N,751.6,454.3,65.0,LE,2026-07-27 09:53:42.475277
2026-07-27,2026-06-01,2026-07-27,district,MADHYA MAHARASHTRA,MAHARASHTRA,SANGLI,1.8,4.4,-59.0,D,221.5,228.5,-3.0,N,2026-07-27 09:53:42.475277
2026-07-27,2026-06-01,2026-07-27,district,MADHYA MAHARASHTRA,MAHARASHTRA,SATARA,10.6,10.6,0.0,N,587.7,430.3,37.0,E,2026-07-27 09:53:42.475277
2026-07-27,2026-06-01,2026-07-27,district,MADHYA MAHARASHTRA,MAHARASHTRA,SHOLAPUR,0.8,2.5,-67.0,LD,119.2,175.4,-32.0,D,2026-07-27 09:53:42.475277
2026-07-27,2026-06-01,2026-07-27,district,MAHARASHTRA,MAHARASHTRA,MUMBAI CITY,9.6,20.0,-52.0,D,1600.0,1178.0,36.0,E,2026-07-27 09:53:42.475277
2026-07-27,2026-06-01,2026-07-27,district,MAHARASHTRA,MAHARASHTRA,MUMBAI SUBURBAN,12.0,42.0,-71.0,LD,1896.7,1290.4,47.0,E,2026-07-27 09:53:42.475277
2026-07-27,2026-06-01,2026-07-27,district,MAHARASHTRA,MAHARASHTRA,PALGHAR,31.5,24.8,27.0,E,2088.0,1175.5,78.0,LE,2026-07-27 09:53:42.475277
2026-07-27,2026-06-01,2026-07-27,district,MAHARASHTRA,MAHARASHTRA,RAIGAD,24.5,43.8,-44.0,D,2048.4,1667.2,23.0,E,2026-07-27 09:53:42.475277
2026-07-27,2026-06-01,2026-07-27,district,MAHARASHTRA,MAHARASHTRA,RATNAGIRI,34.0,35.5,-4.0,N,1710.6,1834.1,-7.0,N,2026-07-27 09:53:42.475277
2026-07-27,2026-06-01,2026-07-27,district,MAHARASHTRA,MAHARASHTRA,SINDHUDURG,35.1,32.3,9.0,N,1139.3,1800.7,-37.0,D,2026-07-27 09:53:42.475277
2026-07-27,2026-06-01,2026-07-27,district,MAHARASHTRA,MAHARASHTRA,THANE,28.0,39.5,-29.0,D,1519.1,1283.0,18.0,N,2026-07-27 09:53:42.475277
2026-07-27,2026-06-01,2026-07-27,district,MANIPUR,MANIPUR,BISHNUPUR,0.0,7.3,-100.0,NR,263.2,603.1,-56.0,D,2026-07-27 09:53:42.475277
2026-07-27,2026-06-01,2026-07-27,district,MANIPUR,MANIPUR,CHANDEL,8.4,7.3,15.0,N,328.6,603.1,-46.0,D,2026-07-27 09:53:42.475277
2026-07-27,2026-06-01,2026-07-27,district,MANIPUR,MANIPUR,CHURACHANDPUR,0.5,7.3,-93.0,LD,112.0,603.1,-81.0,LD,2026-07-27 09:53:42.475277
2026-07-27,2026-06-01,2026-07-27,district,MANIPUR,MANIPUR,IMPHAL EAST,0.5,5.3,-90.0,LD,342.0,398.0,-14.0,N,2026-07-27 09:53:42.475277
2026-07-27,2026-06-01,2026-07-27,district,MANIPUR,MANIPUR,IMPHAL WEST,0.8,9.8,-91.0,LD,423.8,886.1,-52.0,D,2026-07-27 09:53:42.475277
2026-07-27,2026-06-01,2026-07-27,district,MANIPUR,MANIPUR,SENAPATI,0.6,10.7,-94.0,LD,419.0,381.9,10.0,N,2026-07-27 09:53:42.475277
2026-07-27,2026-06-01,2026-07-27,district,MANIPUR,MANIPUR,TAMENGLONG,0.0,27.3,-100.0,NR,1117.5,2458.5,-55.0,D,2026-07-27 09:53:42.475277
2026-07-27,2026-06-01,2026-07-27,district,MANIPUR,MANIPUR,THOUBAL,0.3,5.3,-94.0,LD,158.4,398.0,-60.0,LD,2026-07-27 09:53:42.475277
2026-07-27,2026-06-01,2026-07-27,district,MANIPUR,MANIPUR,UKHRUL,0.6,9.1,-93.0,LD,477.9,578.7,-17.0,N,2026-07-27 09:53:42.475277
2026-07-27,2026-06-01,2026-07-27,district,MARATHWADA,MAHARASHTRA,BEED,4.4,5.0,-13.0,N,133.2,236.3,-44.0,D,2026-07-27 09:53:42.475277
2026-07-27,2026-06-01,2026-07-27,district,MARATHWADA,MAHARASHTRA,CHHATRAPATI SAMBHAJINAGAR,10.1,5.6,81.0,LE,277.2,244.9,13.0,N,2026-07-27 09:53:42.475277
2026-07-27,2026-06-01,2026-07-27,district,MARATHWADA,MAHARASHTRA,DHARASHIV,0.6,3.7,-83.0,LD,179.7,231.9,-23.0,D,2026-07-27 09:53:42.475277
2026-07-27,2026-06-01,2026-07-27,district,MARATHWADA,MAHARASHTRA,HINGOLI,4.4,4.9,-10.0,N,166.5,366.0,-55.0,D,2026-07-27 09:53:42.475277
2026-07-27,2026-06-01,2026-07-27,district,MARATHWADA,MAHARASHTRA,JALNA,3.9,7.1,-45.0,D,156.5,269.4,-42.0,D,2026-07-27 09:53:42.475277
2026-07-27,2026-06-01,2026-07-27,district,MARATHWADA,MAHARASHTRA,LATUR,6.2,4.6,34.0,E,162.8,281.1,-42.0,D,2026-07-27 09:53:42.475277
2026-07-27,2026-06-01,2026-07-27,district,MARATHWADA,MAHARASHTRA,NANDED,14.5,9.0,61.0,LE,210.6,350.5,-40.0,D,2026-07-27 09:53:42.475277
2026-07-27,2026-06-01,2026-07-27,district,MARATHWADA,MAHARASHTRA,PARBHANI,14.1,9.5,48.0,E,193.5,305.0,-37.0,D,2026-07-27 09:53:42.475277
2026-07-27,2026-06-01,2026-07-27,district,MEGHALAYA,MEGHALAYA,EAST GARO HILLS,2.3,20.2,-89.0,LD,444.0,1046.4,-58.0,D,2026-07-27 09:53:42.475277
2026-07-27,2026-06-01,2026-07-27,district,MEGHALAYA,MEGHALAYA,EAST JAINTIA HILLS,10.9,54.0,-80.0,LD,901.2,2599.5,-65.0,LD,2026-07-27 09:53:42.475277
2026-07-27,2026-06-01,2026-07-27,district,MEGHALAYA,MEGHALAYA,EAST KHASI HILLS,1.8,53.1,-97.0,LD,1359.7,2623.8,-48.0,D,2026-07-27 09:53:42.475277
2026-07-27,2026-06-01,2026-07-27,district,MEGHALAYA,MEGHALAYA,NORTH GARO HILLS,1.3,12.8,-90.0,LD,370.0,1002.2,-63.0,LD,2026-07-27 09:53:42.475277
2026-07-27,2026-06-01,2026-07-27,district,MEGHALAYA,MEGHALAYA,RI BHOI,1.3,13.4,-90.0,LD,426.1,759.5,-44.0,D,2026-07-27 09:53:42.475277
2026-07-27,2026-06-01,2026-07-27,district,MEGHALAYA,MEGHALAYA,SOUTH GARO HILLS,1.2,12.8,-91.0,LD,511.2,1002.2,-49.0,D,2026-07-27 09:53:42.475277
2026-07-27,2026-06-01,2026-07-27,district,MEGHALAYA,MEGHALAYA,SOUTH WEST GARO HILLS,0.0,12.8,-100.0,NR,485.4,1002.2,-52.0,D,2026-07-27 09:53:42.475277
2026-07-27,2026-06-01,2026-07-27,district,MEGHALAYA,MEGHALAYA,SOUTH WEST KHASI HILLS,2.0,12.8,-85.0,LD,1867.5,1002.2,86.0,LE,2026-07-27 09:53:42.475277
2026-07-27,2026-06-01,2026-07-27,district,MEGHALAYA,MEGHALAYA,WEST GARO HILLS,0.8,24.7,-97.0,LD,335.2,1013.5,-67.0,LD,2026-07-27 09:53:42.475277
2026-07-27,2026-06-01,2026-07-27,district,MEGHALAYA,MEGHALAYA,WEST JAINTIA HILLS,1.7,54.0,-97.0,LD,596.9,2599.5,-77.0,LD,2026-07-27 09:53:42.475277
2026-07-27,2026-06-01,2026-07-27,district,MEGHALAYA,MEGHALAYA,WEST KHASI HILLS,0.7,35.8,-98.0,LD,471.6,1529.0,-69.0,LD,2026-07-27 09:53:42.475277
2026-07-27,2026-06-01,2026-07-27,district,MIZORAM,MIZORAM,AIZAWL,9.4,16.1,-41.0,D,628.5,755.1,-17.0,N,2026-07-27 09:53:42.475277
2026-07-27,2026-06-01,2026-07-27,district,MIZORAM,MIZORAM,CHAMPHAI,7.4,10.3,-28.0,D,505.8,629.0,-20.0,D,2026-07-27 09:53:42.475277
2026-07-27,2026-06-01,2026-07-27,district,MIZORAM,MIZORAM,KOLASIB,3.7,16.3,-77.0,LD,603.5,812.5,-26.0,D,2026-07-27 09:53:42.475277
2026-07-27,2026-06-01,2026-07-27,district,MIZORAM,MIZORAM,LAWNGTLAI,3.7,11.4,-68.0,LD,750.6,882.4,-15.0,N,2026-07-27 09:53:42.475277
2026-07-27,2026-06-01,2026-07-27,district,MIZORAM,MIZORAM,LUNGLEI,6.6,15.5,-57.0,D,678.5,865.6,-22.0,D,2026-07-27 09:53:42.475277
2026-07-27,2026-06-01,2026-07-27,district,MIZORAM,MIZORAM,MAMIT,7.5,10.4,-28.0,D,406.7,726.7,-44.0,D,2026-07-27 09:53:42.475277
2026-07-27,2026-06-01,2026-07-27,district,MIZORAM,MIZORAM,SAIHA,21.6,18.3,18.0,N,600.4,903.7,-34.0,D,2026-07-27 09:53:42.475277
2026-07-27,2026-06-01,2026-07-27,district,MIZORAM,MIZORAM,SERCHHIP,7.2,13.4,-46.0,D,782.4,777.9,1.0,N,2026-07-27 09:53:42.475277
2026-07-27,2026-06-01,2026-07-27,district,NAGALAND,NAGALAND,DIMAPUR,0.8,14.9,-94.0,LD,244.0,399.6,-39.0,D,2026-07-27 09:53:42.475277
2026-07-27,2026-06-01,2026-07-27,district,NAGALAND,NAGALAND,KIPHIRE,0.0,4.8,-100.0,NR,353.6,304.6,16.0,N,2026-07-27 09:53:42.475277
2026-07-27,2026-06-01,2026-07-27,district,NAGALAND,NAGALAND,KOHIMA,8.6,9.8,-12.0,N,542.3,578.2,-6.0,N,2026-07-27 09:53:42.475277
2026-07-27,2026-06-01,2026-07-27,district,NAGALAND,NAGALAND,MOKOKCHUNG,9.8,19.0,-49.0,D,812.1,708.3,15.0,N,2026-07-27 09:53:42.475277
2026-07-27,2026-06-01,2026-07-27,district,NAGALAND,NAGALAND,PEREN,1.5,8.2,-82.0,LD,346.5,434.2,-20.0,D,2026-07-27 09:53:42.475277
2026-07-27,2026-06-01,2026-07-27,district,NAGALAND,NAGALAND,WOKHA,3.8,9.5,-61.0,LD,511.9,618.3,-17.0,N,2026-07-27 09:53:42.475277
2026-07-27,2026-06-01,2026-07-27,district,NORTHERN INTERIOR KARNATAKA,KARNATAKA,BAGALKOTE,0.3,2.3,-87.0,LD,159.6,139.0,15.0,N,2026-07-27 09:53:42.475277
2026-07-27,2026-06-01,2026-07-27,district,NORTHERN INTERIOR KARNATAKA,KARNATAKA,BELAGAVI,4.4,6.0,-27.0,D,378.0,299.0,26.0,E,2026-07-27 09:53:42.475277
2026-07-27,2026-06-01,2026-07-27,district,NORTHERN INTERIOR KARNATAKA,KARNATAKA,BIDAR,8.4,4.0,109.0,LE,214.9,264.8,-19.0,N,2026-07-27 09:53:42.475277
2026-07-27,2026-06-01,2026-07-27,district,NORTHERN INTERIOR KARNATAKA,KARNATAKA,DHARWAD,0.4,4.4,-92.0,LD,161.0,259.7,-38.0,D,2026-07-27 09:53:42.475277
2026-07-27,2026-06-01,2026-07-27,district,NORTHERN INTERIOR KARNATAKA,KARNATAKA,GADAG,2.8,2.1,32.0,E,127.1,141.5,-10.0,N,2026-07-27 09:53:42.475277
2026-07-27,2026-06-01,2026-07-27,district,NORTHERN INTERIOR KARNATAKA,KARNATAKA,HAVERI,0.7,4.8,-85.0,LD,153.2,252.0,-39.0,D,2026-07-27 09:53:42.475277
2026-07-27,2026-06-01,2026-07-27,district,NORTHERN INTERIOR KARNATAKA,KARNATAKA,KALABURAGI,1.3,4.2,-69.0,LD,104.9,227.3,-54.0,D,2026-07-27 09:53:42.475277
2026-07-27,2026-06-01,2026-07-27,district,NORTHERN INTERIOR KARNATAKA,KARNATAKA,KOPPAL,0.4,1.8,-77.0,LD,91.2,136.3,-33.0,D,2026-07-27 09:53:42.475277
2026-07-27,2026-06-01,2026-07-27,district,NORTHERN INTERIOR KARNATAKA,KARNATAKA,RAICHUR,0.0,3.2,-100.0,NR,139.5,155.6,-10.0,N,2026-07-27 09:53:42.475277
2026-07-27,2026-06-01,2026-07-27,district,NORTHERN INTERIOR KARNATAKA,KARNATAKA,VIJAYAPURA,0.1,1.7,-96.0,LD,131.5,150.4,-13.0,N,2026-07-27 09:53:42.475277
2026-07-27,2026-06-01,2026-07-27,district,NORTHERN INTERIOR KARNATAKA,KARNATAKA,YADGIR,0.9,4.9,-82.0,LD,184.7,200.6,-8.0,N,2026-07-27 09:53:42.475277
2026-07-27,2026-06-01,2026-07-27,district,ODISHA,ODISHA,ANGUL,19.9,13.1,52.0,E,675.2,491.0,38.0,E,2026-07-27 09:53:42.475277
2026-07-27,2026-06-01,2026-07-27,district,ODISHA,ODISHA,BALANGIR,40.2,12.4,224.0,LE,717.7,485.9,48.0,E,2026-07-27 09:53:42.475277
2026-07-27,2026-06-01,2026-07-27,district,ODISHA,ODISHA,BALASORE,31.1,11.4,173.0,LE,622.8,518.9,20.0,E,2026-07-27 09:53:42.475277
2026-07-27,2026-06-01,2026-07-27,district,ODISHA,ODISHA,BARGARH,30.7,18.0,71.0,LE,889.8,531.6,67.0,LE,2026-07-27 09:53:42.475277
2026-07-27,2026-06-01,2026-07-27,district,ODISHA,ODISHA,BHADRAK,24.6,8.6,185.0,LE,626.9,456.0,37.0,E,2026-07-27 09:53:42.475277
2026-07-27,2026-06-01,2026-07-27,district,ODISHA,ODISHA,BOUDH,69.0,12.4,456.0,LE,1058.0,442.4,139.0,LE,2026-07-27 09:53:42.475277
2026-07-27,2026-06-01,2026-07-27,district,ODISHA,ODISHA,CUTTACK,53.1,15.2,249.0,LE,801.9,482.2,66.0,LE,2026-07-27 09:53:42.475277
2026-07-27,2026-06-01,2026-07-27,district,ODISHA,ODISHA,DEOGARH,7.2,15.2,-53.0,D,496.8,518.1,-4.0,N,2026-07-27 09:53:42.475277
2026-07-27,2026-06-01,2026-07-27,district,ODISHA,ODISHA,DHENKANAL,27.3,13.4,104.0,LE,820.8,482.8,70.0,LE,2026-07-27 09:53:42.475277
2026-07-27,2026-06-01,2026-07-27,district,ODISHA,ODISHA,GAJAPATI,9.4,9.6,-2.0,N,283.6,395.8,-28.0,D,2026-07-27 09:53:42.475277
2026-07-27,2026-06-01,2026-07-27,district,ODISHA,ODISHA,GANJAM,2.2,7.7,-72.0,LD,339.4,372.8,-9.0,N,2026-07-27 09:53:42.475277
2026-07-27,2026-06-01,2026-07-27,district,ODISHA,ODISHA,JAGATSINGHPUR,19.3,15.5,24.0,E,752.6,414.7,81.0,LE,2026-07-27 09:53:42.475277
2026-07-27,2026-06-01,2026-07-27,district,ODISHA,ODISHA,JAJPUR,30.2,12.3,146.0,LE,686.6,520.9,32.0,E,2026-07-27 09:53:42.475277
2026-07-27,2026-06-01,2026-07-27,district,ODISHA,ODISHA,JHARSUGUDA,4.7,13.1,-64.0,LD,556.2,524.4,6.0,N,2026-07-27 09:53:42.475277
2026-07-27,2026-06-01,2026-07-27,district,ODISHA,ODISHA,KALAHANDI,12.5,14.0,-11.0,N,454.6,614.1,-26.0,D,2026-07-27 09:53:42.475277
2026-07-27,2026-06-01,2026-07-27,district,ODISHA,ODISHA,KANDHAMAL,22.8,11.3,101.0,LE,750.7,477.1,57.0,E,2026-07-27 09:53:42.475277
2026-07-27,2026-06-01,2026-07-27,district,ODISHA,ODISHA,KENDRAPARA,58.6,13.2,344.0,LE,809.6,442.5,83.0,LE,2026-07-27 09:53:42.475277
2026-07-27,2026-06-01,2026-07-27,district,ODISHA,ODISHA,KEONJHARGARH,11.6,11.2,4.0,N,663.7,509.7,30.0,E,2026-07-27 09:53:42.475277
2026-07-27,2026-06-01,2026-07-27,district,ODISHA,ODISHA,KHURDA,37.2,11.8,215.0,LE,635.3,459.2,38.0,E,2026-07-27 09:53:42.475277
2026-07-27,2026-06-01,2026-07-27,district,ODISHA,ODISHA,KORAPUT,4.7,11.4,-59.0,D,466.1,519.7,-10.0,N,2026-07-27 09:53:42.475277
2026-07-27,2026-06-01,2026-07-27,district,ODISHA,ODISHA,MALKANGIRI,9.7,14.5,-33.0,D,361.5,537.7,-33.0,D,2026-07-27 09:53:42.475277
2026-07-27,2026-06-01,2026-07-27,district,ODISHA,ODISHA,MAYURBHANJ,27.4,10.8,153.0,LE,540.8,543.5,0.0,N,2026-07-27 09:53:42.475277
2026-07-27,2026-06-01,2026-07-27,district,ODISHA,ODISHA,NAWAPARA,21.8,12.1,80.0,LE,478.1,467.1,2.0,N,2026-07-27 09:53:42.475277
2026-07-27,2026-06-01,2026-07-27,district,ODISHA,ODISHA,NAWARANGPUR,2.1,14.7,-86.0,LD,349.2,605.3,-42.0,D,2026-07-27 09:53:42.475277
2026-07-27,2026-06-01,2026-07-27,district,ODISHA,ODISHA,NAYAGARH,10.5,9.8,7.0,N,652.1,482.1,35.0,E,2026-07-27 09:53:42.475277
2026-07-27,2026-06-01,2026-07-27,district,ODISHA,ODISHA,PURI,38.5,12.8,201.0,LE,716.3,402.9,78.0,LE,2026-07-27 09:53:42.475277
2026-07-27,2026-06-01,2026-07-27,district,ODISHA,ODISHA,RAYAGADA,14.0,10.5,33.0,E,344.4,441.7,-22.0,D,2026-07-27 09:53:42.475277
2026-07-27,2026-06-01,2026-07-27,district,ODISHA,ODISHA,SAMBALPUR,8.8,16.4,-46.0,D,704.1,558.9,26.0,E,2026-07-27 09:53:42.475277
2026-07-27,2026-06-01,2026-07-27,district,ODISHA,ODISHA,SONEPUR,72.0,10.0,620.0,LE,1088.1,507.0,115.0,LE,2026-07-27 09:53:42.475277
2026-07-27,2026-06-01,2026-07-27,district,ODISHA,ODISHA,SUNDARGARH,6.8,15.3,-56.0,D,550.9,549.3,0.0,N,2026-07-27 09:53:42.475277
2026-07-27,2026-06-01,2026-07-27,district,PUDUCHERRY (UT),PUDUCHERRY (UT),KARAIKAL,0.0,1.6,-100.0,NR,84.4,95.5,-12.0,N,2026-07-27 09:53:42.475277
2026-07-27,2026-06-01,2026-07-27,district,PUDUCHERRY (UT),PUDUCHERRY (UT),MAHE,4.2,21.5,-80.0,LD,1148.2,1565.5,-27.0,D,2026-07-27 09:53:42.475277
2026-07-27,2026-06-01,2026-07-27,district,PUDUCHERRY (UT),PUDUCHERRY (UT),PUDUCHERRY,0.0,2.9,-100.0,NR,11.9,111.2,-89.0,LD,2026-07-27 09:53:42.475277
2026-07-27,2026-06-01,2026-07-27,district,PUDUCHERRY (UT),PUDUCHERRY (UT),YANAM,6.8,5.2,31.0,E,158.0,310.1,-49.0,D,2026-07-27 09:53:42.475277
2026-07-27,2026-06-01,2026-07-27,district,PUNJAB,PUNJAB,AMRITSAR,0.3,6.5,-96.0,LD,239.1,193.9,23.0,E,2026-07-27 09:53:42.475277
2026-07-27,2026-06-01,2026-07-27,district,PUNJAB,PUNJAB,BARNALA,0.0,2.6,-100.0,NR,51.2,160.3,-68.0,LD,2026-07-27 09:53:42.475277
2026-07-27,2026-06-01,2026-07-27,district,PUNJAB,PUNJAB,BHATINDA,0.0,3.4,-100.0,NR,51.4,137.0,-63.0,LD,2026-07-27 09:53:42.475277
2026-07-27,2026-06-01,2026-07-27,district,PUNJAB,PUNJAB,FARIDKOT,0.0,3.1,-100.0,NR,163.4,143.3,14.0,N,2026-07-27 09:53:42.475277
2026-07-27,2026-06-01,2026-07-27,district,PUNJAB,PUNJAB,FATEHGARH SAHIB,0.0,4.3,-99.0,LD,63.3,215.9,-71.0,LD,2026-07-27 09:53:42.475277
2026-07-27,2026-06-01,2026-07-27,district,PUNJAB,PUNJAB,FAZILKA,0.0,7.2,-100.0,NR,77.0,124.9,-38.0,D,2026-07-27 09:53:42.475277
2026-07-27,2026-06-01,2026-07-27,district,PUNJAB,PUNJAB,FEROZEPUR,0.0,3.0,-100.0,NR,107.1,118.2,-9.0,N,2026-07-27 09:53:42.475277
2026-07-27,2026-06-01,2026-07-27,district,PUNJAB,PUNJAB,GURDASPUR,0.0,8.4,-100.0,NR,405.4,271.6,49.0,E,2026-07-27 09:53:42.475277
2026-07-27,2026-06-01,2026-07-27,district,PUNJAB,PUNJAB,HOSHIARPUR,0.0,5.0,-100.0,NR,81.6,263.2,-69.0,LD,2026-07-27 09:53:42.475277
2026-07-27,2026-06-01,2026-07-27,district,PUNJAB,PUNJAB,JALANDHAR,0.2,7.1,-98.0,LD,161.3,229.8,-30.0,D,2026-07-27 09:53:42.475277
2026-07-27,2026-06-01,2026-07-27,district,PUNJAB,PUNJAB,KAPURTHALA,0.0,5.4,-100.0,NR,103.6,196.0,-47.0,D,2026-07-27 09:53:42.475277
2026-07-27,2026-06-01,2026-07-27,district,PUNJAB,PUNJAB,LUDHIANA,2.9,3.9,-27.0,D,144.9,201.3,-28.0,D,2026-07-27 09:53:42.475277
2026-07-27,2026-06-01,2026-07-27,district,PUNJAB,PUNJAB,MOGA,0.0,1.2,-100.0,NR,97.9,126.3,-22.0,D,2026-07-27 09:53:42.475277
2026-07-27,2026-06-01,2026-07-27,district,PUNJAB,PUNJAB,MUKTSAR,0.0,2.6,-100.0,NR,68.9,160.3,-57.0,D,2026-07-27 09:53:42.475277
2026-07-27,2026-06-01,2026-07-27,district,PUNJAB,PUNJAB,PATHANKOT,0.0,15.1,-100.0,NR,510.4,396.1,29.0,E,2026-07-27 09:53:42.475277
2026-07-27,2026-06-01,2026-07-27,district,PUNJAB,PUNJAB,PATIALA,0.0,5.4,-100.0,NR,108.0,229.5,-53.0,D,2026-07-27 09:53:42.475277
2026-07-27,2026-06-01,2026-07-27,district,PUNJAB,PUNJAB,RUPNAGAR,11.2,7.8,44.0,E,165.4,341.2,-52.0,D,2026-07-27 09:53:42.475277
2026-07-27,2026-06-01,2026-07-27,district,PUNJAB,PUNJAB,SANGRUR,0.0,2.8,-100.0,NR,77.0,164.1,-53.0,D,2026-07-27 09:53:42.475277
2026-07-27,2026-06-01,2026-07-27,district,PUNJAB,PUNJAB,SAS NAGAR (MOHALI),8.5,3.0,184.0,LE,126.8,275.3,-54.0,D,2026-07-27 09:53:42.475277
2026-07-27,2026-06-01,2026-07-27,district,PUNJAB,PUNJAB,SBS NAGAR,0.0,6.9,-100.0,NR,164.2,349.2,-53.0,D,2026-07-27 09:53:42.475277
2026-07-27,2026-06-01,2026-07-27,district,PUNJAB,PUNJAB,TARN TARAN,0.0,3.3,-100.0,NR,100.3,120.0,-16.0,N,2026-07-27 09:53:42.475277
2026-07-27,2026-06-01,2026-07-27,district,RAYALASEEMA,ANDHRA PRADESH,ANANTAPURAMU,0.2,2.5,-93.0,LD,113.8,119.0,-4.0,N,2026-07-27 09:53:42.475277
2026-07-27,2026-06-01,2026-07-27,district,RAYALASEEMA,ANDHRA PRADESH,ANNAMAYYA DISTRICT,0.0,2.6,-100.0,NR,53.8,142.5,-62.0,LD,2026-07-27 09:53:42.475277
2026-07-27,2026-06-01,2026-07-27,district,RAYALASEEMA,ANDHRA PRADESH,CHITTOOR,0.0,2.8,-100.0,NR,89.0,172.0,-48.0,D,2026-07-27 09:53:42.475277
2026-07-27,2026-06-01,2026-07-27,district,RAYALASEEMA,ANDHRA PRADESH,KURNOOL,2.1,5.6,-63.0,LD,139.4,168.2,-17.0,N,2026-07-27 09:53:42.475277
2026-07-27,2026-06-01,2026-07-27,district,RAYALASEEMA,ANDHRA PRADESH,NANDYAL,1.3,5.7,-78.0,LD,148.9,198.8,-25.0,D,2026-07-27 09:53:42.475277
2026-07-27,2026-06-01,2026-07-27,district,RAYALASEEMA,ANDHRA PRADESH,SRI SATHYASAI DISTRICT,0.0,2.6,-100.0,NR,84.7,113.7,-26.0,D,2026-07-27 09:53:42.475277
2026-07-27,2026-06-01,2026-07-27,district,RAYALASEEMA,ANDHRA PRADESH,TIRUPATI,0.0,3.4,-100.0,NR,113.1,172.3,-34.0,D,2026-07-27 09:53:42.475277
2026-07-27,2026-06-01,2026-07-27,district,RAYALASEEMA,ANDHRA PRADESH,YSR DISTRICT,0.7,3.5,-81.0,LD,80.9,147.5,-45.0,D,2026-07-27 09:53:42.475277
2026-07-27,2026-06-01,2026-07-27,district,SIKKIM,SIKKIM,GANGTOK,8.4,24.2,-65.0,LD,1071.4,1140.5,-6.0,N,2026-07-27 09:53:42.475277
2026-07-27,2026-06-01,2026-07-27,district,SIKKIM,SIKKIM,GYALSHING,1.5,17.1,-91.0,LD,1178.5,897.1,31.0,E,2026-07-27 09:53:42.475277
2026-07-27,2026-06-01,2026-07-27,district,SIKKIM,SIKKIM,MANGAN,1.7,14.7,-88.0,LD,747.0,792.4,-6.0,N,2026-07-27 09:53:42.475277
2026-07-27,2026-06-01,2026-07-27,district,SIKKIM,SIKKIM,NAMCHI,7.5,17.3,-57.0,D,1082.6,846.2,28.0,E,2026-07-27 09:53:42.475277
2026-07-27,2026-06-01,2026-07-27,district,SIKKIM,SIKKIM,Pakyong,5.5,12.4,-56.0,D,954.4,813.1,17.0,N,2026-07-27 09:53:42.475277
2026-07-27,2026-06-01,2026-07-27,district,SIKKIM,SIKKIM,Soreng,0.0,17.1,-100.0,NR,1158.5,897.1,29.0,E,2026-07-27 09:53:42.475277
2026-07-27,2026-06-01,2026-07-27,district,SOUTHERN INTERIOR KARNATAKA,KARNATAKA,BALLARI,0.8,1.9,-56.0,D,76.6,127.8,-40.0,D,2026-07-27 09:53:42.475277
2026-07-27,2026-06-01,2026-07-27,district,SOUTHERN INTERIOR KARNATAKA,KARNATAKA,BENGALURU RURAL,0.2,2.0,-90.0,LD,114.6,145.2,-21.0,D,2026-07-27 09:53:42.475277
2026-07-27,2026-06-01,2026-07-27,district,SOUTHERN INTERIOR KARNATAKA,KARNATAKA,BENGALURU URBAN,0.0,2.3,-99.0,LD,68.4,148.2,-54.0,D,2026-07-27 09:53:42.475277
2026-07-27,2026-06-01,2026-07-27,district,SOUTHERN INTERIOR KARNATAKA,KARNATAKA,CHAMARAJANAGAR,0.0,2.1,-100.0,NR,103.2,124.5,-17.0,N,2026-07-27 09:53:42.475277
2026-07-27,2026-06-01,2026-07-27,district,SOUTHERN INTERIOR KARNATAKA,KARNATAKA,CHIKABALLAPURA,4.5,2.5,79.0,LE,119.2,137.9,-14.0,N,2026-07-27 09:53:42.475277
2026-07-27,2026-06-01,2026-07-27,district,SOUTHERN INTERIOR KARNATAKA,KARNATAKA,CHIKKAMAGALURU,8.6,17.0,-49.0,D,729.6,818.6,-11.0,N,2026-07-27 09:53:42.475277
2026-07-27,2026-06-01,2026-07-27,district,SOUTHERN INTERIOR KARNATAKA,KARNATAKA,CHITRADURGA,2.9,1.6,80.0,LE,76.0,106.5,-29.0,D,2026-07-27 09:53:42.475277
2026-07-27,2026-06-01,2026-07-27,district,SOUTHERN INTERIOR KARNATAKA,KARNATAKA,DAVANGERE,3.3,3.3,0.0,N,123.0,161.5,-24.0,D,2026-07-27 09:53:42.475277
2026-07-27,2026-06-01,2026-07-27,district,SOUTHERN INTERIOR KARNATAKA,KARNATAKA,HASSAN,0.3,7.2,-97.0,LD,140.1,344.9,-59.0,D,2026-07-27 09:53:42.475277
2026-07-27,2026-06-01,2026-07-27,district,SOUTHERN INTERIOR KARNATAKA,KARNATAKA,KODAGU,11.8,28.7,-59.0,D,838.9,1312.5,-36.0,D,2026-07-27 09:53:42.475277
2026-07-27,2026-06-01,2026-07-27,district,SOUTHERN INTERIOR KARNATAKA,KARNATAKA,KOLAR,0.0,1.9,-100.0,NR,68.8,139.2,-51.0,D,2026-07-27 09:53:42.475277
2026-07-27,2026-06-01,2026-07-27,district,SOUTHERN INTERIOR KARNATAKA,KARNATAKA,MANDYA,0.8,1.9,-58.0,D,68.8,100.9,-32.0,D,2026-07-27 09:53:42.475277
2026-07-27,2026-06-01,2026-07-27,district,SOUTHERN INTERIOR KARNATAKA,KARNATAKA,MYSURU,0.7,2.9,-78.0,LD,86.0,169.4,-49.0,D,2026-07-27 09:53:42.475277
2026-07-27,2026-06-01,2026-07-27,district,SOUTHERN INTERIOR KARNATAKA,KARNATAKA,SHIVAMOGGA,16.6,19.8,-16.0,N,796.6,909.2,-12.0,N,2026-07-27 09:53:42.475277
2026-07-27,2026-06-01,2026-07-27,district,SOUTHERN INTERIOR KARNATAKA,KARNATAKA,TUMAKURU,1.2,2.4,-52.0,D,76.2,125.4,-39.0,D,2026-07-27 09:53:42.475277
2026-07-27,2026-06-01,2026-07-27,district,SOUTHERN INTERIOR KARNATAKA,KARNATAKA,VIJAYANAGARA,2.9,2.3,26.0,E,66.2,141.6,-53.0,D,2026-07-27 09:53:42.475277
2026-07-27,2026-06-01,2026-07-27,district,TAMILNADU,TAMILNADU,ARIYALUR,0.0,0.9,-100.0,NR,89.2,85.3,5.0,N,2026-07-27 09:53:42.475277
2026-07-27,2026-06-01,2026-07-27,district,TAMILNADU,TAMILNADU,CHENGALPATTU,0.0,3.2,-100.0,NR,39.0,133.7,-71.0,LD,2026-07-27 09:53:42.475277
2026-07-27,2026-06-01,2026-07-27,district,TAMILNADU,TAMILNADU,CHENNAI,0.0,3.4,-99.0,LD,97.2,155.7,-38.0,D,2026-07-27 09:53:42.475277
2026-07-27,2026-06-01,2026-07-27,district,TAMILNADU,TAMILNADU,COIMBATORE,2.5,7.6,-67.0,LD,331.6,365.2,-9.0,N,2026-07-27 09:53:42.475277
2026-07-27,2026-06-01,2026-07-27,district,TAMILNADU,TAMILNADU,CUDDALORE,2.1,2.2,-7.0,N,115.6,105.3,10.0,N,2026-07-27 09:53:42.475277
2026-07-27,2026-06-01,2026-07-27,district,TAMILNADU,TAMILNADU,DHARMAPURI,0.0,2.3,-100.0,NR,106.1,112.1,-5.0,N,2026-07-27 09:53:42.475277
2026-07-27,2026-06-01,2026-07-27,district,TAMILNADU,TAMILNADU,DINDIGUL,0.0,1.3,-100.0,NR,70.5,86.6,-19.0,N,2026-07-27 09:53:42.475277
2026-07-27,2026-06-01,2026-07-27,district,TAMILNADU,TAMILNADU,ERODE,0.0,1.2,-100.0,NR,74.4,88.5,-16.0,N,2026-07-27 09:53:42.475277
2026-07-27,2026-06-01,2026-07-27,district,TAMILNADU,TAMILNADU,KALLAKURICHI,0.4,2.8,-84.0,LD,86.3,117.1,-26.0,D,2026-07-27 09:53:42.475277
2026-07-27,2026-06-01,2026-07-27,district,TAMILNADU,TAMILNADU,KANCHEEPURAM,0.0,5.0,-100.0,NR,79.0,160.2,-51.0,D,2026-07-27 09:53:42.475277
2026-07-27,2026-06-01,2026-07-27,district,TAMILNADU,TAMILNADU,KANYAKUMARI,0.0,3.3,-100.0,NR,270.9,269.4,1.0,N,2026-07-27 09:53:42.475277
2026-07-27,2026-06-01,2026-07-27,district,TAMILNADU,TAMILNADU,KARUR,0.0,1.0,-100.0,NR,33.0,47.6,-31.0,D,2026-07-27 09:53:42.475277
2026-07-27,2026-06-01,2026-07-27,district,TAMILNADU,TAMILNADU,KRISHNAGIRI,0.0,1.7,-100.0,NR,92.1,100.6,-8.0,N,2026-07-27 09:53:42.475277
2026-07-27,2026-06-01,2026-07-27,district,TAMILNADU,TAMILNADU,MADURAI,0.0,1.8,-100.0,NR,71.9,88.5,-19.0,N,2026-07-27 09:53:42.475277
2026-07-27,2026-06-01,2026-07-27,district,TAMILNADU,TAMILNADU,MAYILADUTHURAI,0.0,2.3,-100.0,NR,61.3,83.0,-26.0,D,2026-07-27 09:53:42.475277
2026-07-27,2026-06-01,2026-07-27,district,TAMILNADU,TAMILNADU,NAGAPATTINAM,0.0,1.5,-100.0,NR,39.7,74.7,-47.0,D,2026-07-27 09:53:42.475277
2026-07-27,2026-06-01,2026-07-27,district,TAMILNADU,TAMILNADU,NAMAKKAL,0.0,1.9,-100.0,NR,42.7,93.4,-54.0,D,2026-07-27 09:53:42.475277
2026-07-27,2026-06-01,2026-07-27,district,TAMILNADU,TAMILNADU,NILGIRIS,1.1,8.5,-87.0,LD,279.8,408.3,-31.0,D,2026-07-27 09:53:42.475277
2026-07-27,2026-06-01,2026-07-27,district,TAMILNADU,TAMILNADU,PERAMBALUR,0.0,1.9,-100.0,NR,73.4,66.6,10.0,N,2026-07-27 09:53:42.475277
2026-07-27,2026-06-01,2026-07-27,district,TAMILNADU,TAMILNADU,PUDUKKOTTAI,2.2,1.7,30.0,E,90.6,90.3,0.0,N,2026-07-27 09:53:42.475277
2026-07-27,2026-06-01,2026-07-27,district,TAMILNADU,TAMILNADU,RAMANATHAPURAM,0.0,1.0,-100.0,NR,10.3,37.0,-72.0,LD,2026-07-27 09:53:42.475277
2026-07-27,2026-06-01,2026-07-27,district,TAMILNADU,TAMILNADU,RANIPET,0.5,3.9,-86.0,LD,77.2,160.4,-52.0,D,2026-07-27 09:53:42.475277
2026-07-27,2026-06-01,2026-07-27,district,TAMILNADU,TAMILNADU,SALEM,0.0,2.5,-99.0,LD,98.3,127.3,-23.0,D,2026-07-27 09:53:42.475277
2026-07-27,2026-06-01,2026-07-27,district,TAMILNADU,TAMILNADU,SIVAGANGA,0.0,3.0,-100.0,NR,90.3,112.3,-20.0,D,2026-07-27 09:53:42.475277
2026-07-27,2026-06-01,2026-07-27,district,TAMILNADU,TAMILNADU,TENKASI,0.0,1.9,-100.0,NR,79.1,84.0,-6.0,N,2026-07-27 09:53:42.475277
2026-07-27,2026-06-01,2026-07-27,district,TAMILNADU,TAMILNADU,THANJAVUR,0.0,1.7,-100.0,NR,76.3,85.6,-11.0,N,2026-07-27 09:53:42.475277
2026-07-27,2026-06-01,2026-07-27,district,TAMILNADU,TAMILNADU,THENI,0.3,2.0,-86.0,LD,77.3,75.7,2.0,N,2026-07-27 09:53:42.475277
2026-07-27,2026-06-01,2026-07-27,district,TAMILNADU,TAMILNADU,THIRUCHIRAPALLI,0.0,1.0,-100.0,NR,66.0,69.5,-5.0,N,2026-07-27 09:53:42.475277
2026-07-27,2026-06-01,2026-07-27,district,TAMILNADU,TAMILNADU,THIRUVALLUR,0.6,3.5,-83.0,LD,128.7,163.8,-21.0,D,2026-07-27 09:53:42.475277
2026-07-27,2026-06-01,2026-07-27,district,TAMILNADU,TAMILNADU,THOOTHUKUDI,0.0,0.2,-100.0,NR,7.1,15.4,-54.0,D,2026-07-27 09:53:42.475277
2026-07-27,2026-06-01,2026-07-27,district,TAMILNADU,TAMILNADU,TIRUNELVELI,0.0,0.3,-100.0,NR,247.9,37.7,558.0,LE,2026-07-27 09:53:42.475277
2026-07-27,2026-06-01,2026-07-27,district,TAMILNADU,TAMILNADU,TIRUPATTUR,0.1,1.8,-97.0,LD,62.6,135.5,-54.0,D,2026-07-27 09:53:42.475277
2026-07-27,2026-06-01,2026-07-27,district,TAMILNADU,TAMILNADU,TIRUPPUR,0.0,0.7,-100.0,NR,20.6,40.9,-50.0,D,2026-07-27 09:53:42.475277
2026-07-27,2026-06-01,2026-07-27,district,TAMILNADU,TAMILNADU,TIRUVANNAMALAI,0.0,2.4,-100.0,NR,80.4,141.6,-43.0,D,2026-07-27 09:53:42.475277
2026-07-27,2026-06-01,2026-07-27,district,TAMILNADU,TAMILNADU,TIRUVARUR,0.0,2.1,-100.0,NR,69.7,84.9,-18.0,N,2026-07-27 09:53:42.475277
2026-07-27,2026-06-01,2026-07-27,district,TAMILNADU,TAMILNADU,VELLORE,0.0,1.9,-100.0,NR,69.8,147.5,-53.0,D,2026-07-27 09:53:42.475277
2026-07-27,2026-06-01,2026-07-27,district,TAMILNADU,TAMILNADU,VILLUPURAM,0.3,1.7,-81.0,LD,70.9,123.5,-43.0,D,2026-07-27 09:53:42.475277
2026-07-27,2026-06-01,2026-07-27,district,TAMILNADU,TAMILNADU,VIRUDHUNAGAR,0.0,1.3,-100.0,NR,52.1,52.6,-1.0,N,2026-07-27 09:53:42.475277
2026-07-27,2026-06-01,2026-07-27,district,TELANGANA,TELANGANA,ADILABAD,3.9,8.6,-54.0,D,300.3,441.9,-32.0,D,2026-07-27 09:53:42.475277
2026-07-27,2026-06-01,2026-07-27,district,TELANGANA,TELANGANA,B. KOTHAGUDEM,4.1,9.0,-54.0,D,304.9,423.1,-28.0,D,2026-07-27 09:53:42.475277
2026-07-27,2026-06-01,2026-07-27,district,TELANGANA,TELANGANA,HANUMAKONDA,2.7,5.9,-54.0,D,147.3,307.8,-52.0,D,2026-07-27 09:53:42.475277
2026-07-27,2026-06-01,2026-07-27,district,TELANGANA,TELANGANA,HYDERABAD,15.6,7.5,107.0,LE,156.6,263.8,-41.0,D,2026-07-27 09:53:42.475277
2026-07-27,2026-06-01,2026-07-27,district,TELANGANA,TELANGANA,J. BHUPALPALLY,1.9,15.5,-88.0,LD,308.9,434.1,-29.0,D,2026-07-27 09:53:42.475277
2026-07-27,2026-06-01,2026-07-27,district,TELANGANA,TELANGANA,JAGTIAL,14.2,9.9,43.0,E,298.3,373.8,-20.0,D,2026-07-27 09:53:42.475277
2026-07-27,2026-06-01,2026-07-27,district,TELANGANA,TELANGANA,JANGAON,2.7,4.1,-35.0,D,157.1,299.0,-47.0,D,2026-07-27 09:53:42.475277
2026-07-27,2026-06-01,2026-07-27,district,TELANGANA,TELANGANA,JOGULAMBA GADWAL,0.2,5.4,-95.0,LD,121.5,189.1,-36.0,D,2026-07-27 09:53:42.475277
2026-07-27,2026-06-01,2026-07-27,district,TELANGANA,TELANGANA,KAMAREDDY,21.4,5.1,320.0,LE,317.2,332.3,-5.0,N,2026-07-27 09:53:42.475277
2026-07-27,2026-06-01,2026-07-27,district,TELANGANA,TELANGANA,KARIMNAGAR,2.8,5.8,-52.0,D,194.0,311.5,-38.0,D,2026-07-27 09:53:42.475277
2026-07-27,2026-06-01,2026-07-27,district,TELANGANA,TELANGANA,KHAMMAM,5.5,7.0,-22.0,D,251.8,334.6,-25.0,D,2026-07-27 09:53:42.475277
2026-07-27,2026-06-01,2026-07-27,district,TELANGANA,TELANGANA,KUMARAM BHEEM,2.1,8.2,-75.0,LD,360.5,458.2,-21.0,D,2026-07-27 09:53:42.475277
2026-07-27,2026-06-01,2026-07-27,district,TELANGANA,TELANGANA,M. MALKAJGIRI,15.2,3.7,312.0,LE,98.8,215.8,-54.0,D,2026-07-27 09:53:42.475277
2026-07-27,2026-06-01,2026-07-27,district,TELANGANA,TELANGANA,MAHABUBABAD,10.1,8.2,24.0,E,292.6,374.0,-22.0,D,2026-07-27 09:53:42.475277
2026-07-27,2026-06-01,2026-07-27,district,TELANGANA,TELANGANA,MAHABUBNAGAR,10.0,5.3,89.0,LE,159.4,209.4,-24.0,D,2026-07-27 09:53:42.475277
2026-07-27,2026-06-01,2026-07-27,district,TELANGANA,TELANGANA,MANCHERIAL,7.8,10.1,-23.0,D,331.5,443.0,-25.0,D,2026-07-27 09:53:42.475277
2026-07-27,2026-06-01,2026-07-27,district,TELANGANA,TELANGANA,MEDAK,21.3,5.8,267.0,LE,273.2,335.4,-19.0,N,2026-07-27 09:53:42.475277
2026-07-27,2026-06-01,2026-07-27,district,TELANGANA,TELANGANA,MULUGU,2.1,10.7,-81.0,LD,437.0,436.6,0.0,N,2026-07-27 09:53:42.475277
2026-07-27,2026-06-01,2026-07-27,district,TELANGANA,TELANGANA,NAGARKURNOOL,8.8,6.0,46.0,E,139.5,192.9,-28.0,D,2026-07-27 09:53:42.475277
2026-07-27,2026-06-01,2026-07-27,district,TELANGANA,TELANGANA,NALGONDA,3.4,4.7,-28.0,D,131.1,201.5,-35.0,D,2026-07-27 09:53:42.475277
2026-07-27,2026-06-01,2026-07-27,district,TELANGANA,TELANGANA,NARAYANPET,3.7,6.3,-42.0,D,164.7,191.6,-14.0,N,2026-07-27 09:53:42.475277
2026-07-27,2026-06-01,2026-07-27,district,TELANGANA,TELANGANA,NIRMAL,5.9,10.7,-45.0,D,176.8,408.3,-57.0,D,2026-07-27 09:53:42.475277
2026-07-27,2026-06-01,2026-07-27,district,TELANGANA,TELANGANA,NIZAMABAD,16.9,7.9,114.0,LE,278.9,368.3,-24.0,D,2026-07-27 09:53:42.475277
2026-07-27,2026-06-01,2026-07-27,district,TELANGANA,TELANGANA,PEDDAPALLE,2.3,9.2,-75.0,LD,256.1,408.3,-37.0,D,2026-07-27 09:53:42.475277
2026-07-27,2026-06-01,2026-07-27,district,TELANGANA,TELANGANA,RAJANNA SIRCILLA,4.8,5.9,-19.0,N,207.0,299.3,-31.0,D,2026-07-27 09:53:42.475277
2026-07-27,2026-06-01,2026-07-27,district,TELANGANA,TELANGANA,RANGAREDDY,22.6,6.2,264.0,LE,173.8,226.8,-23.0,D,2026-07-27 09:53:42.475277
2026-07-27,2026-06-01,2026-07-27,district,TELANGANA,TELANGANA,SANGAREDDY,23.9,6.9,247.0,LE,243.7,307.4,-21.0,D,2026-07-27 09:53:42.475277
2026-07-27,2026-06-01,2026-07-27,district,TELANGANA,TELANGANA,SIDDIPET,4.3,5.8,-27.0,D,180.2,266.4,-32.0,D,2026-07-27 09:53:42.475277
2026-07-27,2026-06-01,2026-07-27,district,TELANGANA,TELANGANA,SURYAPET,3.7,5.2,-29.0,D,181.3,262.1,-31.0,D,2026-07-27 09:53:42.475277
2026-07-27,2026-06-01,2026-07-27,district,TELANGANA,TELANGANA,VIKARABAD,24.4,4.3,467.0,LE,195.6,275.0,-29.0,D,2026-07-27 09:53:42.475277
2026-07-27,2026-06-01,2026-07-27,district,TELANGANA,TELANGANA,WANAPARTHY,2.1,7.4,-72.0,LD,113.6,225.1,-50.0,D,2026-07-27 09:53:42.475277
2026-07-27,2026-06-01,2026-07-27,district,TELANGANA,TELANGANA,WARANGAL,7.8,8.6,-10.0,N,183.7,408.2,-55.0,D,2026-07-27 09:53:42.475277
2026-07-27,2026-06-01,2026-07-27,district,TELANGANA,TELANGANA,Y. BHUVANAGIRI,6.2,2.8,122.0,LE,87.1,233.8,-63.0,LD,2026-07-27 09:53:42.475277
2026-07-27,2026-06-01,2026-07-27,district,TRIPURA,TRIPURA,DHALAI,6.6,10.2,-36.0,D,722.0,694.4,4.0,N,2026-07-27 09:53:42.475277
2026-07-27,2026-06-01,2026-07-27,district,TRIPURA,TRIPURA,GOMATI,5.4,10.7,-50.0,D,598.2,772.2,-23.0,D,2026-07-27 09:53:42.475277
2026-07-27,2026-06-01,2026-07-27,district,TRIPURA,TRIPURA,KHOWAI,1.9,9.0,-79.0,LD,748.5,710.0,5.0,N,2026-07-27 09:53:42.475277
2026-07-27,2026-06-01,2026-07-27,district,TRIPURA,TRIPURA,NORTH TRIPURA,4.1,9.4,-56.0,D,640.0,704.0,-9.0,N,2026-07-27 09:53:42.475277
2026-07-27,2026-06-01,2026-07-27,district,TRIPURA,TRIPURA,SIPAHIJALA,3.9,12.4,-69.0,LD,612.4,735.0,-17.0,N,2026-07-27 09:53:42.475277
2026-07-27,2026-06-01,2026-07-27,district,TRIPURA,TRIPURA,SOUTH TRIPURA,0.2,14.3,-99.0,LD,678.3,961.6,-29.0,D,2026-07-27 09:53:42.475277
2026-07-27,2026-06-01,2026-07-27,district,TRIPURA,TRIPURA,UNAKOTI,2.0,13.0,-84.0,LD,809.0,756.4,7.0,N,2026-07-27 09:53:42.475277
2026-07-27,2026-06-01,2026-07-27,district,TRIPURA,TRIPURA,WEST TRIPURA,3.8,10.2,-63.0,LD,728.9,662.4,10.0,N,2026-07-27 09:53:42.475277
2026-07-27,2026-06-01,2026-07-27,district,UTTARAKHAND,UTTARAKHAND,ALMORA,0.6,9.3,-93.0,LD,396.8,389.4,2.0,N,2026-07-27 09:53:42.475277
2026-07-27,2026-06-01,2026-07-27,district,UTTARAKHAND,UTTARAKHAND,BAGESHWAR,5.6,9.3,-40.0,D,831.8,389.4,114.0,LE,2026-07-27 09:53:42.475277
2026-07-27,2026-06-01,2026-07-27,district,UTTARAKHAND,UTTARAKHAND,CHAMOLI,3.6,9.0,-60.0,LD,443.4,332.5,33.0,E,2026-07-27 09:53:42.475277
2026-07-27,2026-06-01,2026-07-27,district,UTTARAKHAND,UTTARAKHAND,CHAMPAWAT,1.5,16.5,-91.0,LD,407.6,638.5,-36.0,D,2026-07-27 09:53:42.475277
2026-07-27,2026-06-01,2026-07-27,district,UTTARAKHAND,UTTARAKHAND,DEHRADUN,3.6,18.7,-81.0,LD,558.8,653.4,-14.0,N,2026-07-27 09:53:42.475277
2026-07-27,2026-06-01,2026-07-27,district,UTTARAKHAND,UTTARAKHAND,GARHWAL PAURI,0.5,17.1,-97.0,LD,273.0,518.9,-47.0,D,2026-07-27 09:53:42.475277
2026-07-27,2026-06-01,2026-07-27,district,UTTARAKHAND,UTTARAKHAND,GARHWAL TEHRI,1.1,14.2,-93.0,LD,521.3,408.5,28.0,E,2026-07-27 09:53:42.475277
2026-07-27,2026-06-01,2026-07-27,district,UTTARAKHAND,UTTARAKHAND,HARDWAR,0.0,12.6,-100.0,NR,415.0,419.5,-1.0,N,2026-07-27 09:53:42.475277
2026-07-27,2026-06-01,2026-07-27,district,UTTARAKHAND,UTTARAKHAND,NAINITAL,0.2,14.7,-99.0,LD,498.4,773.3,-36.0,D,2026-07-27 09:53:42.475277
2026-07-27,2026-06-01,2026-07-27,district,UTTARAKHAND,UTTARAKHAND,PITHORAGARH,3.0,19.3,-85.0,LD,584.1,716.2,-18.0,N,2026-07-27 09:53:42.475277
2026-07-27,2026-06-01,2026-07-27,district,UTTARAKHAND,UTTARAKHAND,RUDRAPRAYAG,8.2,13.4,-39.0,D,542.4,685.0,-21.0,D,2026-07-27 09:53:42.475277
2026-07-27,2026-06-01,2026-07-27,district,UTTARAKHAND,UTTARAKHAND,UDHAM SINGH NAGAR,0.0,13.3,-100.0,NR,480.7,505.4,-5.0,N,2026-07-27 09:53:42.475277
2026-07-27,2026-06-01,2026-07-27,district,UTTARAKHAND,UTTARAKHAND,UTTARKASHI,5.8,13.3,-56.0,D,496.6,537.3,-8.0,N,2026-07-27 09:53:42.475277
2026-07-27,2026-06-01,2026-07-27,district,VIDARBHA,MAHARASHTRA,AKOLA,2.4,5.8,-59.0,D,223.7,339.2,-34.0,D,2026-07-27 09:53:42.475277
2026-07-27,2026-06-01,2026-07-27,district,VIDARBHA,MAHARASHTRA,AMRAOTI,0.4,6.9,-94.0,LD,254.0,381.7,-33.0,D,2026-07-27 09:53:42.475277
2026-07-27,2026-06-01,2026-07-27,district,VIDARBHA,MAHARASHTRA,BHANDARA,0.4,15.1,-98.0,LD,413.8,505.0,-18.0,N,2026-07-27 09:53:42.475277
2026-07-27,2026-06-01,2026-07-27,district,VIDARBHA,MAHARASHTRA,BULDHANA,5.8,5.5,6.0,N,243.4,303.2,-20.0,D,2026-07-27 09:53:42.475277
2026-07-27,2026-06-01,2026-07-27,district,VIDARBHA,MAHARASHTRA,CHANDRAPUR,0.0,12.2,-99.0,LD,339.4,507.6,-33.0,D,2026-07-27 09:53:42.475277
2026-07-27,2026-06-01,2026-07-27,district,VIDARBHA,MAHARASHTRA,GADCHIROLI,2.8,15.2,-81.0,LD,363.6,599.9,-39.0,D,2026-07-27 09:53:42.475277
2026-07-27,2026-06-01,2026-07-27,district,VIDARBHA,MAHARASHTRA,GONDIA,7.1,18.4,-62.0,LD,577.3,574.3,1.0,N,2026-07-27 09:53:42.475277
2026-07-27,2026-06-01,2026-07-27,district,VIDARBHA,MAHARASHTRA,NAGPUR,0.3,12.6,-97.0,LD,330.2,453.6,-27.0,D,2026-07-27 09:53:42.475277
2026-07-27,2026-06-01,2026-07-27,district,VIDARBHA,MAHARASHTRA,WARDHA,0.1,7.2,-99.0,LD,331.0,406.0,-18.0,N,2026-07-27 09:53:42.475277
2026-07-27,2026-06-01,2026-07-27,district,VIDARBHA,MAHARASHTRA,WASHIM,3.8,6.5,-41.0,D,235.8,385.9,-39.0,D,2026-07-27 09:53:42.475277
2026-07-27,2026-06-01,2026-07-27,district,VIDARBHA,MAHARASHTRA,YEOTMAL,2.0,7.7,-74.0,LD,303.6,401.9,-24.0,D,2026-07-27 09:53:42.475277
2026-07-27,2026-06-01,2026-07-27,district,WEST BENGAL,WEST BENGAL,ALIPURDUAR,20.7,25.2,-18.0,N,1687.5,1668.4,1.0,N,2026-07-27 09:53:42.475277
2026-07-27,2026-06-01,2026-07-27,district,WEST BENGAL,WEST BENGAL,COOCH BEHAR,8.7,18.7,-54.0,D,1261.7,1256.5,0.0,N,2026-07-27 09:53:42.475277
2026-07-27,2026-06-01,2026-07-27,district,WEST BENGAL,WEST BENGAL,DARJEELING,0.0,30.8,-100.0,NR,1339.3,1440.6,-7.0,N,2026-07-27 09:53:42.475277
2026-07-27,2026-06-01,2026-07-27,district,WEST BENGAL,WEST BENGAL,JALPAIGURI,3.4,29.6,-89.0,LD,1340.4,1577.3,-15.0,N,2026-07-27 09:53:42.475277
2026-07-27,2026-06-01,2026-07-27,district,WEST BENGAL,WEST BENGAL,KALIMPONG,8.6,28.1,-69.0,LD,1102.2,1253.9,-12.0,N,2026-07-27 09:53:42.475277
2026-07-27,2026-06-01,2026-07-27,district,WEST BENGAL,WEST BENGAL,MALDA,5.2,11.3,-54.0,D,491.1,538.2,-9.0,N,2026-07-27 09:53:42.475277
2026-07-27,2026-06-01,2026-07-27,district,WEST BENGAL,WEST BENGAL,NORTH DINAJPUR,0.0,9.1,-100.0,NR,550.6,738.4,-25.0,D,2026-07-27 09:53:42.475277
2026-07-27,2026-06-01,2026-07-27,district,WEST BENGAL,WEST BENGAL,SOUTH DINAJPUR,4.0,11.2,-64.0,LD,553.2,555.5,0.0,N,2026-07-27 09:53:42.475277
2026-07-27,2026-06-01,2026-07-27,district,WEST MADHYA PRADESH,MADHYA PRADESH,AGAR-MALWA,0.8,15.1,-95.0,LD,364.0,381.3,-5.0,N,2026-07-27 09:53:42.475277
2026-07-27,2026-06-01,2026-07-27,district,WEST MADHYA PRADESH,MADHYA PRADESH,ALIRAJPUR,3.1,13.3,-77.0,LD,138.0,364.0,-62.0,LD,2026-07-27 09:53:42.475277
2026-07-27,2026-06-01,2026-07-27,district,WEST MADHYA PRADESH,MADHYA PRADESH,ASHOKNAGAR,0.0,9.2,-100.0,NR,305.8,376.5,-19.0,N,2026-07-27 09:53:42.475277
2026-07-27,2026-06-01,2026-07-27,district,WEST MADHYA PRADESH,MADHYA PRADESH,BARWANI,2.0,7.8,-74.0,LD,241.9,291.4,-17.0,N,2026-07-27 09:53:42.475277
2026-07-27,2026-06-01,2026-07-27,district,WEST MADHYA PRADESH,MADHYA PRADESH,BETUL,0.6,12.6,-95.0,LD,346.0,456.8,-24.0,D,2026-07-27 09:53:42.475277
2026-07-27,2026-06-01,2026-07-27,district,WEST MADHYA PRADESH,MADHYA PRADESH,BHIND,7.8,7.7,1.0,N,288.1,253.4,14.0,N,2026-07-27 09:53:42.475277
2026-07-27,2026-06-01,2026-07-27,district,WEST MADHYA PRADESH,MADHYA PRADESH,BHOPAL,1.0,12.1,-92.0,LD,449.4,426.1,5.0,N,2026-07-27 09:53:42.475277
2026-07-27,2026-06-01,2026-07-27,district,WEST MADHYA PRADESH,MADHYA PRADESH,BURHANPUR,3.4,7.6,-55.0,D,353.0,324.1,9.0,N,2026-07-27 09:53:42.475277
2026-07-27,2026-06-01,2026-07-27,district,WEST MADHYA PRADESH,MADHYA PRADESH,DATIA,0.0,9.3,-100.0,NR,162.6,300.5,-46.0,D,2026-07-27 09:53:42.475277
2026-07-27,2026-06-01,2026-07-27,district,WEST MADHYA PRADESH,MADHYA PRADESH,DEWAS,0.4,12.2,-96.0,LD,496.6,386.4,29.0,E,2026-07-27 09:53:42.475277
2026-07-27,2026-06-01,2026-07-27,district,WEST MADHYA PRADESH,MADHYA PRADESH,DHAR,0.7,13.3,-95.0,LD,218.3,347.3,-37.0,D,2026-07-27 09:53:42.475277
2026-07-27,2026-06-01,2026-07-27,district,WEST MADHYA PRADESH,MADHYA PRADESH,GUNA,0.9,11.1,-92.0,LD,394.3,410.6,-4.0,N,2026-07-27 09:53:42.475277
2026-07-27,2026-06-01,2026-07-27,district,WEST MADHYA PRADESH,MADHYA PRADESH,GWALIOR,0.0,9.3,-100.0,NR,250.2,277.0,-10.0,N,2026-07-27 09:53:42.475277
2026-07-27,2026-06-01,2026-07-27,district,WEST MADHYA PRADESH,MADHYA PRADESH,HARDA,0.0,10.6,-100.0,NR,382.7,465.6,-18.0,N,2026-07-27 09:53:42.475277
2026-07-27,2026-06-01,2026-07-27,district,WEST MADHYA PRADESH,MADHYA PRADESH,INDORE,0.5,13.4,-96.0,LD,386.3,366.1,6.0,N,2026-07-27 09:53:42.475277
2026-07-27,2026-06-01,2026-07-27,district,WEST MADHYA PRADESH,MADHYA PRADESH,JHABUA,0.9,11.3,-92.0,LD,220.5,365.3,-40.0,D,2026-07-27 09:53:42.475277
2026-07-27,2026-06-01,2026-07-27,district,WEST MADHYA PRADESH,MADHYA PRADESH,KHANDWA,5.0,8.2,-39.0,D,313.8,347.8,-10.0,N,2026-07-27 09:53:42.475277
2026-07-27,2026-06-01,2026-07-27,district,WEST MADHYA PRADESH,MADHYA PRADESH,KHARGONE,0.3,9.1,-97.0,LD,282.3,315.2,-10.0,N,2026-07-27 09:53:42.475277
2026-07-27,2026-06-01,2026-07-27,district,WEST MADHYA PRADESH,MADHYA PRADESH,MANDSAUR,0.0,14.7,-100.0,NR,340.5,337.8,1.0,N,2026-07-27 09:53:42.475277
2026-07-27,2026-06-01,2026-07-27,district,WEST MADHYA PRADESH,MADHYA PRADESH,MORENA,1.2,8.8,-87.0,LD,144.5,270.3,-47.0,D,2026-07-27 09:53:42.475277
2026-07-27,2026-06-01,2026-07-27,district,WEST MADHYA PRADESH,MADHYA PRADESH,NARMADAPURAM,0.5,11.6,-95.0,LD,313.0,529.8,-41.0,D,2026-07-27 09:53:42.475277
2026-07-27,2026-06-01,2026-07-27,district,WEST MADHYA PRADESH,MADHYA PRADESH,NEEMUCH,0.0,17.2,-100.0,NR,284.7,312.8,-9.0,N,2026-07-27 09:53:42.475277
2026-07-27,2026-06-01,2026-07-27,district,WEST MADHYA PRADESH,MADHYA PRADESH,RAISEN,0.0,12.6,-99.0,LD,411.8,466.5,-12.0,N,2026-07-27 09:53:42.475277
2026-07-27,2026-06-01,2026-07-27,district,WEST MADHYA PRADESH,MADHYA PRADESH,RAJGARH,1.0,11.0,-91.0,LD,403.4,378.8,7.0,N,2026-07-27 09:53:42.475277
2026-07-27,2026-06-01,2026-07-27,district,WEST MADHYA PRADESH,MADHYA PRADESH,RATLAM,1.9,13.4,-86.0,LD,293.0,366.0,-20.0,D,2026-07-27 09:53:42.475277
2026-07-27,2026-06-01,2026-07-27,district,WEST MADHYA PRADESH,MADHYA PRADESH,SEHORE,1.3,13.7,-90.0,LD,470.7,449.2,5.0,N,2026-07-27 09:53:42.475277
2026-07-27,2026-06-01,2026-07-27,district,WEST MADHYA PRADESH,MADHYA PRADESH,SHAJAPUR,10.6,9.6,10.0,N,313.6,379.6,-17.0,N,2026-07-27 09:53:42.475277
2026-07-27,2026-06-01,2026-07-27,district,WEST MADHYA PRADESH,MADHYA PRADESH,SHEOPUR,0.0,13.0,-100.0,NR,234.8,298.9,-21.0,D,2026-07-27 09:53:42.475277
2026-07-27,2026-06-01,2026-07-27,district,WEST MADHYA PRADESH,MADHYA PRADESH,SHIVPURI,0.0,12.0,-100.0,NR,228.6,353.4,-35.0,D,2026-07-27 09:53:42.475277
2026-07-27,2026-06-01,2026-07-27,district,WEST MADHYA PRADESH,MADHYA PRADESH,UJJAIN,0.3,12.6,-97.0,LD,331.8,375.9,-12.0,N,2026-07-27 09:53:42.475277
2026-07-27,2026-06-01,2026-07-27,district,WEST MADHYA PRADESH,MADHYA PRADESH,VIDISHA,0.0,9.4,-100.0,NR,361.4,448.3,-19.0,N,2026-07-27 09:53:42.475277
2026-07-27,2026-06-01,2026-07-27,district,WEST RAJASTHAN,RAJASTHAN,BARMER,13.3,3.8,251.0,LE,143.5,117.5,22.0,E,2026-07-27 09:53:42.475277
2026-07-27,2026-06-01,2026-07-27,district,WEST RAJASTHAN,RAJASTHAN,BIKANER,4.1,2.8,47.0,E,132.1,125.4,5.0,N,2026-07-27 09:53:42.475277
2026-07-27,2026-06-01,2026-07-27,district,WEST RAJASTHAN,RAJASTHAN,CHURU,0.2,4.5,-95.0,LD,163.5,171.0,-4.0,N,2026-07-27 09:53:42.475277
2026-07-27,2026-06-01,2026-07-27,district,WEST RAJASTHAN,RAJASTHAN,HANUMANGARH,0.0,3.6,-100.0,NR,87.7,132.1,-34.0,D,2026-07-27 09:53:42.475277
2026-07-27,2026-06-01,2026-07-27,district,WEST RAJASTHAN,RAJASTHAN,JAISALMER,2.5,2.4,4.0,N,60.2,77.1,-22.0,D,2026-07-27 09:53:42.475277
2026-07-27,2026-06-01,2026-07-27,district,WEST RAJASTHAN,RAJASTHAN,JALORE,13.6,5.3,157.0,LE,124.9,178.5,-30.0,D,2026-07-27 09:53:42.475277
2026-07-27,2026-06-01,2026-07-27,district,WEST RAJASTHAN,RAJASTHAN,JODHPUR,0.7,6.7,-90.0,LD,137.7,133.1,3.0,N,2026-07-27 09:53:42.475277
2026-07-27,2026-06-01,2026-07-27,district,WEST RAJASTHAN,RAJASTHAN,NAGAUR,0.0,4.5,-100.0,NR,149.5,186.3,-20.0,D,2026-07-27 09:53:42.475277
2026-07-27,2026-06-01,2026-07-27,district,WEST RAJASTHAN,RAJASTHAN,PALI,3.2,8.0,-60.0,LD,144.1,212.6,-32.0,D,2026-07-27 09:53:42.475277
2026-07-27,2026-06-01,2026-07-27,district,WEST RAJASTHAN,RAJASTHAN,SRI GANGANAGAR,0.0,1.9,-100.0,NR,108.1,99.7,8.0,N,2026-07-27 09:53:42.475277
2026-07-27,2026-06-01,2026-07-27,district,WEST UTTAR PRADESH,UTTAR PRADESH,AGRA,0.3,8.3,-97.0,LD,209.5,216.5,-3.0,N,2026-07-27 09:53:42.475277
2026-07-27,2026-06-01,2026-07-27,district,WEST UTTAR PRADESH,UTTAR PRADESH,ALIGARH,0.0,8.5,-100.0,NR,128.9,239.7,-46.0,D,2026-07-27 09:53:42.475277
2026-07-27,2026-06-01,2026-07-27,district,WEST UTTAR PRADESH,UTTAR PRADESH,AMROHA,0.0,7.1,-100.0,NR,128.0,359.8,-64.0,LD,2026-07-27 09:53:42.475277
2026-07-27,2026-06-01,2026-07-27,district,WEST UTTAR PRADESH,UTTAR PRADESH,AURAIYA,0.0,7.8,-100.0,NR,238.7,208.6,14.0,N,2026-07-27 09:53:42.475277
2026-07-27,2026-06-01,2026-07-27,district,WEST UTTAR PRADESH,UTTAR PRADESH,BADAUN,0.0,9.7,-100.0,NR,311.0,286.5,9.0,N,2026-07-27 09:53:42.475277
2026-07-27,2026-06-01,2026-07-27,district,WEST UTTAR PRADESH,UTTAR PRADESH,BAGHPAT,0.0,8.8,-100.0,NR,225.7,214.8,5.0,N,2026-07-27 09:53:42.475277
2026-07-27,2026-06-01,2026-07-27,district,WEST UTTAR PRADESH,UTTAR PRADESH,BAREILLY,1.4,13.6,-90.0,LD,288.4,351.1,-18.0,N,2026-07-27 09:53:42.475277
2026-07-27,2026-06-01,2026-07-27,district,WEST UTTAR PRADESH,UTTAR PRADESH,BIJNOR,0.0,13.0,-100.0,NR,341.5,402.3,-15.0,N,2026-07-27 09:53:42.475277
2026-07-27,2026-06-01,2026-07-27,district,WEST UTTAR PRADESH,UTTAR PRADESH,BULANDSHAHAR,0.0,6.4,-100.0,NR,211.6,226.4,-7.0,N,2026-07-27 09:53:42.475277
2026-07-27,2026-06-01,2026-07-27,district,WEST UTTAR PRADESH,UTTAR PRADESH,ETAH,3.3,11.1,-70.0,LD,311.5,204.1,53.0,E,2026-07-27 09:53:42.475277
2026-07-27,2026-06-01,2026-07-27,district,WEST UTTAR PRADESH,UTTAR PRADESH,ETAWAH,7.2,8.9,-19.0,N,230.2,220.1,5.0,N,2026-07-27 09:53:42.475277
2026-07-27,2026-06-01,2026-07-27,district,WEST UTTAR PRADESH,UTTAR PRADESH,FIROZABAD,0.0,9.2,-100.0,NR,300.9,235.2,28.0,E,2026-07-27 09:53:42.475277
2026-07-27,2026-06-01,2026-07-27,district,WEST UTTAR PRADESH,UTTAR PRADESH,GAUTAM BUDDHA NAGAR,0.0,5.9,-100.0,NR,209.8,191.0,10.0,N,2026-07-27 09:53:42.475277
2026-07-27,2026-06-01,2026-07-27,district,WEST UTTAR PRADESH,UTTAR PRADESH,GHAZIABAD,0.0,6.4,-100.0,NR,70.5,192.4,-63.0,LD,2026-07-27 09:53:42.475277
2026-07-27,2026-06-01,2026-07-27,district,WEST UTTAR PRADESH,UTTAR PRADESH,HAMIRPUR,5.6,10.4,-46.0,D,313.4,282.6,11.0,N,2026-07-27 09:53:42.475277
2026-07-27,2026-06-01,2026-07-27,district,WEST UTTAR PRADESH,UTTAR PRADESH,HAPUR,0.0,7.7,-100.0,NR,178.5,273.5,-35.0,D,2026-07-27 09:53:42.475277
2026-07-27,2026-06-01,2026-07-27,district,WEST UTTAR PRADESH,UTTAR PRADESH,HATHRAS,0.0,11.2,-100.0,NR,272.7,230.3,18.0,N,2026-07-27 09:53:42.475277
2026-07-27,2026-06-01,2026-07-27,district,WEST UTTAR PRADESH,UTTAR PRADESH,JALAUN,3.8,10.2,-63.0,LD,170.7,255.3,-33.0,D,2026-07-27 09:53:42.475277
2026-07-27,2026-06-01,2026-07-27,district,WEST UTTAR PRADESH,UTTAR PRADESH,JHANSI,0.0,7.9,-100.0,NR,140.6,303.7,-54.0,D,2026-07-27 09:53:42.475277
2026-07-27,2026-06-01,2026-07-27,district,WEST UTTAR PRADESH,UTTAR PRADESH,KASGANJ,0.0,19.0,-100.0,NR,199.7,274.3,-27.0,D,2026-07-27 09:53:42.475277
2026-07-27,2026-06-01,2026-07-27,district,WEST UTTAR PRADESH,UTTAR PRADESH,LALITPUR,0.0,13.2,-100.0,NR,313.6,345.2,-9.0,N,2026-07-27 09:53:42.475277
2026-07-27,2026-06-01,2026-07-27,district,WEST UTTAR PRADESH,UTTAR PRADESH,MAHOBA,0.7,9.7,-93.0,LD,149.4,233.7,-36.0,D,2026-07-27 09:53:42.475277
2026-07-27,2026-06-01,2026-07-27,district,WEST UTTAR PRADESH,UTTAR PRADESH,MAINPURI,0.0,11.3,-100.0,NR,112.6,274.1,-59.0,D,2026-07-27 09:53:42.475277
2026-07-27,2026-06-01,2026-07-27,district,WEST UTTAR PRADESH,UTTAR PRADESH,MATHURA,0.0,7.0,-100.0,NR,145.0,209.0,-31.0,D,2026-07-27 09:53:42.475277
2026-07-27,2026-06-01,2026-07-27,district,WEST UTTAR PRADESH,UTTAR PRADESH,MEERUT,0.0,6.7,-100.0,NR,501.4,268.0,87.0,LE,2026-07-27 09:53:42.475277
2026-07-27,2026-06-01,2026-07-27,district,WEST UTTAR PRADESH,UTTAR PRADESH,MORADABAD,0.4,9.3,-96.0,LD,266.9,372.9,-28.0,D,2026-07-27 09:53:42.475277
2026-07-27,2026-06-01,2026-07-27,district,WEST UTTAR PRADESH,UTTAR PRADESH,MUZAFFARNAGAR,0.0,8.5,-100.0,NR,515.4,284.0,81.0,LE,2026-07-27 09:53:42.475277
2026-07-27,2026-06-01,2026-07-27,district,WEST UTTAR PRADESH,UTTAR PRADESH,PILIBHIT,0.6,9.4,-94.0,LD,103.1,388.3,-73.0,LD,2026-07-27 09:53:42.475277
2026-07-27,2026-06-01,2026-07-27,district,WEST UTTAR PRADESH,UTTAR PRADESH,RAMPUR,0.4,10.8,-97.0,LD,225.5,292.0,-23.0,D,2026-07-27 09:53:42.475277
2026-07-27,2026-06-01,2026-07-27,district,WEST UTTAR PRADESH,UTTAR PRADESH,SAHARANPUR,0.0,7.2,-100.0,NR,228.4,335.2,-32.0,D,2026-07-27 09:53:42.475277
2026-07-27,2026-06-01,2026-07-27,district,WEST UTTAR PRADESH,UTTAR PRADESH,SAMBHAL,0.0,10.2,-100.0,NR,442.2,287.4,54.0,E,2026-07-27 09:53:42.475277
2026-07-27,2026-06-01,2026-07-27,district,WEST UTTAR PRADESH,UTTAR PRADESH,SHAHJAHANPUR,2.9,14.2,-80.0,LD,303.4,352.0,-14.0,N,2026-07-27 09:53:42.475277
2026-07-27,2026-06-01,2026-07-27,district,WEST UTTAR PRADESH,UTTAR PRADESH,SHAMLI,0.0,7.9,-100.0,NR,82.4,240.1,-66.0,LD,2026-07-27 09:53:42.475277
2026-07-27,2026-06-01,2026-07-27,state,ANDAMAN & NICOBAR ISLANDS,ANDAMAN & NICOBAR ISLANDS,,16.4,11.0,49.0,E,799.7,750.5,7.0,N,2026-07-27 09:53:42.475277
2026-07-27,2026-06-01,2026-07-27,state,ANDHRA PRADESH,ANDHRA PRADESH,,3.4,4.0,-16.0,N,130.7,207.7,-37.0,D,2026-07-27 09:53:42.475277
2026-07-27,2026-06-01,2026-07-27,state,ANDHRA PRADESH,ANDHRA PRADESH,,3.4,4.0,-16.0,N,130.7,207.7,-37.0,D,2026-07-27 09:53:42.475277
2026-07-27,2026-06-01,2026-07-27,state,ARUNACHAL PRADESH,ARUNACHAL PRADESH,,1.4,15.7,-91.0,LD,557.6,929.0,-40.0,D,2026-07-27 09:53:42.475277
2026-07-27,2026-06-01,2026-07-27,state,ASSAM,ASSAM,,1.3,12.5,-90.0,LD,573.8,814.2,-30.0,D,2026-07-27 09:53:42.475277
2026-07-27,2026-06-01,2026-07-27,state,ASSAM & MEGHALAYA,ASSAM & MEGHALAYA,,1.5,16.8,-91.0,LD,595.5,979.6,-39.0,D,2026-07-27 09:53:42.475277
2026-07-27,2026-06-01,2026-07-27,state,BIHAR,BIHAR,,2.1,11.2,-81.0,LD,278.6,462.9,-40.0,D,2026-07-27 09:53:42.475277
2026-07-27,2026-06-01,2026-07-27,state,CHANDIGARH (UT),CHANDIGARH (UT),,24.4,4.5,442.0,LE,272.2,379.7,-28.0,D,2026-07-27 09:53:42.475277
2026-07-27,2026-06-01,2026-07-27,state,CHHATTISGARH,CHHATTISGARH,,7.2,12.9,-45.0,D,411.7,512.7,-20.0,D,2026-07-27 09:53:42.475277
2026-07-27,2026-06-01,2026-07-27,state,COASTAL ANDHRA PRADESH & YANAM,ANDHRA PRADESH,,5.5,4.4,25.0,E,151.3,247.0,-39.0,D,2026-07-27 09:53:42.475277
2026-07-27,2026-06-01,2026-07-27,state,COASTAL KARNATAKA,KARNATAKA,,19.0,33.8,-44.0,D,1318.8,1827.2,-28.0,D,2026-07-27 09:53:42.475277
2026-07-27,2026-06-01,2026-07-27,state,DADRA & NAGAR HAVELI AND DAMAN & DIU (UT),DADRA & NAGAR HAVELI AND DAMAN & DIU (UT),,32.6,17.7,84.0,LE,2303.8,1128.6,104.0,LE,2026-07-27 09:53:42.475277
2026-07-27,2026-06-01,2026-07-27,state,DADRA & NAGAR HAVELI AND DAMAN & DIU (UT),DADRA & NAGAR HAVELI AND DAMAN & DIU (UT),,32.6,17.7,84.0,LE,2303.8,1128.6,104.0,LE,2026-07-27 09:53:42.475277
2026-07-27,2026-06-01,2026-07-27,state,DELHI (UT),DELHI (UT),,0.1,7.7,-98.0,LD,184.8,227.7,-19.0,N,2026-07-27 09:53:42.475277
2026-07-27,2026-06-01,2026-07-27,state,DELHI AND HARYANA AND CHANDIGARH,DELHI AND HARYANA AND CHANDIGARH,,0.3,5.1,-95.0,LD,136.3,186.7,-27.0,D,2026-07-27 09:53:42.475277
2026-07-27,2026-06-01,2026-07-27,state,EAST MADHYA PRADESH,MADHYA PRADESH,,2.4,12.4,-81.0,LD,359.9,448.7,-20.0,D,2026-07-27 09:53:42.475277
2026-07-27,2026-06-01,2026-07-27,state,EAST RAJASTHAN,RAJASTHAN,,1.8,9.9,-82.0,LD,218.2,272.3,-20.0,D,2026-07-27 09:53:42.475277
2026-07-27,2026-06-01,2026-07-27,state,EAST UTTAR PRADESH,UTTAR PRADESH,,1.2,9.6,-87.0,LD,242.3,349.6,-31.0,D,2026-07-27 09:53:42.475277
2026-07-27,2026-06-01,2026-07-27,state,GANGETIC WEST BENGAL,WEST BENGAL,,11.4,10.1,13.0,N,549.3,546.9,0.0,N,2026-07-27 09:53:42.475277
2026-07-27,2026-06-01,2026-07-27,state,GOA,GOA,,53.3,30.7,73.0,LE,1196.6,1836.3,-35.0,D,2026-07-27 09:53:42.475277
2026-07-27,2026-06-01,2026-07-27,state,GUJARAT,GUJARAT,,5.6,10.0,-44.0,D,370.7,331.8,12.0,N,2026-07-27 09:53:42.475277
2026-07-27,2026-06-01,2026-07-27,state,GUJARAT,GUJARAT,,5.6,10.0,-44.0,D,370.7,331.8,12.0,N,2026-07-27 09:53:42.475277
2026-07-27,2026-06-01,2026-07-27,state,GUJARAT,GUJARAT,,5.6,10.0,-44.0,D,370.7,331.8,12.0,N,2026-07-27 09:53:42.475277
2026-07-27,2026-06-01,2026-07-27,state,GUJARAT REGION,GUJARAT,,10.1,13.3,-24.0,D,564.5,421.3,34.0,E,2026-07-27 09:53:42.475277
2026-07-27,2026-06-01,2026-07-27,state,HARYANA,HARYANA,,0.2,5.0,-96.0,LD,134.8,184.9,-27.0,D,2026-07-27 09:53:42.475277
2026-07-27,2026-06-01,2026-07-27,state,HIMACHAL PRADESH,HIMACHAL PRADESH,,4.6,9.2,-50.0,D,296.0,321.2,-8.0,N,2026-07-27 09:53:42.475277
2026-07-27,2026-06-01,2026-07-27,state,JAMMU & KASHMIR (UT),JAMMU & KASHMIR(UT),,0.6,7.9,-93.0,LD,293.4,234.1,25.0,E,2026-07-27 09:53:42.475277
2026-07-27,2026-06-01,2026-07-27,state,JAMMU & KASHMIR AND LADAKH,JAMMU & KASHMIR(UT),,0.6,7.9,-93.0,LD,293.4,234.1,25.0,E,2026-07-27 09:53:42.475277
2026-07-27,2026-06-01,2026-07-27,state,JHARKHAND,JHARKHAND,,4.9,11.5,-57.0,D,306.9,467.4,-34.0,D,2026-07-27 09:53:42.475277
2026-07-27,2026-06-01,2026-07-27,state,KARNATAKA,KARNATAKA,,4.5,8.0,-43.0,D,315.6,421.8,-25.0,D,2026-07-27 09:53:42.475277
2026-07-27,2026-06-01,2026-07-27,state,KERALA,KERALA,,7.7,20.3,-62.0,LD,772.2,1224.2,-37.0,D,2026-07-27 09:53:42.475277
2026-07-27,2026-06-01,2026-07-27,state,KERALA & MAHE,KERALA & MAHE,,7.7,20.4,-62.0,LD,772.3,1224.3,-37.0,D,2026-07-27 09:53:42.475277
2026-07-27,2026-06-01,2026-07-27,state,KONKAN & GOA,MAHARASHTRA,,32.8,35.0,-6.0,N,1668.2,1615.8,3.0,N,2026-07-27 09:53:42.475277
2026-07-27,2026-06-01,2026-07-27,state,LADAKH (UT),LADAKH (UT),,0.0,0.1,-100.0,NR,31.4,10.6,196.0,LE,2026-07-27 09:53:42.475277
2026-07-27,2026-06-01,2026-07-27,state,LAKSHADWEEP,LAKSHADWEEP,,1.0,7.3,-86.0,LD,383.0,599.8,-36.0,D,2026-07-27 09:53:42.475277
2026-07-27,2026-06-01,2026-07-27,state,MADHYA MAHARASHTRA,MAHARASHTRA,,10.3,7.9,31.0,E,432.1,355.2,22.0,E,2026-07-27 09:53:42.475277
2026-07-27,2026-06-01,2026-07-27,state,MADHYA PRADESH,MADHYA PRADESH,,1.8,11.8,-85.0,LD,336.3,407.0,-17.0,N,2026-07-27 09:53:42.475277
2026-07-27,2026-06-01,2026-07-27,state,MAHARASHTRA,MAHARASHTRA,,9.1,11.0,-18.0,N,471.0,490.6,-4.0,N,2026-07-27 09:53:42.475277
2026-07-27,2026-06-01,2026-07-27,state,MANIPUR,MANIPUR,,2.0,8.4,-76.0,LD,324.3,546.1,-41.0,D,2026-07-27 09:53:42.475277
2026-07-27,2026-06-01,2026-07-27,state,MARATHWADA,MAHARASHTRA,,7.6,6.2,22.0,E,188.1,280.7,-33.0,D,2026-07-27 09:53:42.475277
2026-07-27,2026-06-01,2026-07-27,state,MEGHALAYA,MEGHALAYA,,2.1,30.9,-93.0,LD,665.1,1524.6,-56.0,D,2026-07-27 09:53:42.475277
2026-07-27,2026-06-01,2026-07-27,state,MIZORAM,MIZORAM,,7.8,13.8,-43.0,D,611.1,789.3,-23.0,D,2026-07-27 09:53:42.475277
2026-07-27,2026-06-01,2026-07-27,state,NAGALAND,NAGALAND,,5.8,9.0,-36.0,D,482.7,524.2,-8.0,N,2026-07-27 09:53:42.475277
2026-07-27,2026-06-01,2026-07-27,state,NMMT,NAGALAND,,5.0,10.8,-54.0,D,513.8,659.3,-22.0,D,2026-07-27 09:53:42.475277
2026-07-27,2026-06-01,2026-07-27,state,NORTHERN INTERIOR KARNATAKA,KARNATAKA,,1.8,3.7,-50.0,D,179.6,206.4,-13.0,N,2026-07-27 09:53:42.475277
2026-07-27,2026-06-01,2026-07-27,state,ODISHA,ODISHA,,20.8,12.6,65.0,LE,599.0,501.6,19.0,N,2026-07-27 09:53:42.475277
2026-07-27,2026-06-01,2026-07-27,state,PUDUCHERRY (UT),PUDUCHERRY (UT),,0.5,3.0,-84.0,LD,65.2,144.7,-55.0,D,2026-07-27 09:53:42.475277
2026-07-27,2026-06-01,2026-07-27,state,PUDUCHERRY (UT),PUDUCHERRY (UT),,0.5,3.0,-84.0,LD,65.2,144.7,-55.0,D,2026-07-27 09:53:42.475277
2026-07-27,2026-06-01,2026-07-27,state,PUDUCHERRY (UT),PUDUCHERRY (UT),,0.5,3.0,-84.0,LD,65.2,144.7,-55.0,D,2026-07-27 09:53:42.475277
2026-07-27,2026-06-01,2026-07-27,state,PUNJAB,PUNJAB,,0.8,4.7,-83.0,LD,129.3,193.7,-33.0,D,2026-07-27 09:53:42.475277
2026-07-27,2026-06-01,2026-07-27,state,RAJASTHAN,RAJASTHAN,,3.1,6.7,-54.0,D,164.2,194.3,-16.0,N,2026-07-27 09:53:42.475277
2026-07-27,2026-06-01,2026-07-27,state,RAYALASEEMA,ANDHRA PRADESH,,0.5,3.6,-86.0,LD,103.9,152.0,-32.0,D,2026-07-27 09:53:42.475277
2026-07-27,2026-06-01,2026-07-27,state,SAURASHTRA & KUTCH,GUJARAT,,1.9,7.2,-73.0,LD,219.6,261.6,-16.0,N,2026-07-27 09:53:42.475277
2026-07-27,2026-06-01,2026-07-27,state,SHWB & SIKKIM,SIKKIM,,5.4,17.8,-70.0,LD,990.1,979.5,1.0,N,2026-07-27 09:53:42.475277
2026-07-27,2026-06-01,2026-07-27,state,SIKKIM,SIKKIM,,3.0,16.0,-82.0,LD,890.7,856.0,4.0,N,2026-07-27 09:53:42.475277
2026-07-27,2026-06-01,2026-07-27,state,SOUTHERN INTERIOR KARNATAKA,KARNATAKA,,3.9,6.5,-40.0,D,232.1,324.2,-28.0,D,2026-07-27 09:53:42.475277
2026-07-27,2026-06-01,2026-07-27,state,TAMILNADU,TAMILNADU,,0.3,2.2,-86.0,LD,91.7,110.8,-17.0,N,2026-07-27 09:53:42.475277
2026-07-27,2026-06-01,2026-07-27,state,TAMILNADU & PUDUCHERRY & KARAIKAL,TAMILNADU & PUDUCHERRY & KARAIKAL,,0.3,2.2,-86.0,LD,91.6,110.8,-17.0,N,2026-07-27 09:53:42.475277
2026-07-27,2026-06-01,2026-07-27,state,TELANGANA,TELANGANA,,8.7,7.2,21.0,E,228.7,321.1,-29.0,D,2026-07-27 09:53:42.475277
2026-07-27,2026-06-01,2026-07-27,state,TRIPURA,TRIPURA,,3.9,11.1,-65.0,LD,683.5,752.3,-9.0,N,2026-07-27 09:53:42.475277
2026-07-27,2026-06-01,2026-07-27,state,UTTAR PRADESH,UTTAR PRADESH,,1.1,9.7,-89.0,LD,244.8,322.9,-24.0,D,2026-07-27 09:53:42.475277
2026-07-27,2026-06-01,2026-07-27,state,UTTARAKHAND,UTTARAKHAND,,2.7,14.0,-80.0,LD,487.3,536.1,-9.0,N,2026-07-27 09:53:42.475277
2026-07-27,2026-06-01,2026-07-27,state,VIDARBHA,MAHARASHTRA,,2.1,10.2,-79.0,LD,320.1,446.0,-28.0,D,2026-07-27 09:53:42.475277
2026-07-27,2026-06-01,2026-07-27,state,WEST BENGAL,WEST BENGAL,,10.1,12.0,-16.0,N,666.7,652.6,2.0,N,2026-07-27 09:53:42.475277
2026-07-27,2026-06-01,2026-07-27,state,WEST MADHYA PRADESH,MADHYA PRADESH,,1.3,11.4,-88.0,LD,318.1,375.0,-15.0,N,2026-07-27 09:53:42.475277
2026-07-27,2026-06-01,2026-07-27,state,WEST RAJASTHAN,RAJASTHAN,,4.2,4.0,4.0,N,121.1,132.2,-8.0,N,2026-07-27 09:53:42.475277
2026-07-27,2026-06-01,2026-07-27,state,WEST UTTAR PRADESH,UTTAR PRADESH,,0.9,9.8,-91.0,LD,248.2,285.5,-13.0,N,2026-07-27 09:53:42.475277
