date,period_start,period_end,level,subdivision,state,district,day_actual_mm,day_normal_mm,day_departure_pct,day_category,period_actual_mm,period_normal_mm,period_departure_pct,period_category,scraped_at
2026-10-08,2026-10-01,2026-10-08,district,A & N ISLAND,ANDAMAN & NICOBAR ISLANDS,NICOBAR,0.0,9.7,-100.0,NR,16.2,86.9,-81.0,LD,2026-10-08 12:57:39.617428
2026-10-08,2026-10-01,2026-10-08,district,A & N ISLAND,ANDAMAN & NICOBAR ISLANDS,NORTH & MIDDLE ANDAMAN,0.0,13.9,-100.0,NR,38.3,100.6,-62.0,LD,2026-10-08 12:57:39.617428
2026-10-08,2026-10-01,2026-10-08,district,A & N ISLAND,ANDAMAN & NICOBAR ISLANDS,SOUTH ANDAMAN,0.2,14.3,-99.0,LD,42.2,103.4,-59.0,D,2026-10-08 12:57:39.617428
2026-10-08,2026-10-01,2026-10-08,district,ARUNACHAL PRADESH,ARUNACHAL PRADESH,ANJAW,0.0,5.9,-100.0,NR,36.9,81.5,-55.0,D,2026-10-08 12:57:39.617428
2026-10-08,2026-10-01,2026-10-08,district,ARUNACHAL PRADESH,ARUNACHAL PRADESH,CHANGLANG,0.0,6.3,-100.0,NR,17.2,46.6,-63.0,LD,2026-10-08 12:57:39.617428
2026-10-08,2026-10-01,2026-10-08,district,ARUNACHAL PRADESH,ARUNACHAL PRADESH,EAST KAMENG,0.0,6.7,-100.0,NR,25.7,40.7,-37.0,D,2026-10-08 12:57:39.617428
2026-10-08,2026-10-01,2026-10-08,district,ARUNACHAL PRADESH,ARUNACHAL PRADESH,EAST SIANG,0.0,7.6,-100.0,NR,88.9,113.4,-22.0,D,2026-10-08 12:57:39.617428
2026-10-08,2026-10-01,2026-10-08,district,ARUNACHAL PRADESH,ARUNACHAL PRADESH,KURUNG KUMEY,0.0,3.1,-100.0,NR,27.7,34.3,-19.0,N,2026-10-08 12:57:39.617428
2026-10-08,2026-10-01,2026-10-08,district,ARUNACHAL PRADESH,ARUNACHAL PRADESH,LOHIT,0.0,7.4,-100.0,NR,29.7,85.2,-65.0,LD,2026-10-08 12:57:39.617428
2026-10-08,2026-10-01,2026-10-08,district,ARUNACHAL PRADESH,ARUNACHAL PRADESH,LOWER SUBANSIRI,0.0,7.9,-100.0,NR,25.2,24.7,2.0,N,2026-10-08 12:57:39.617428
2026-10-08,2026-10-01,2026-10-08,district,ARUNACHAL PRADESH,ARUNACHAL PRADESH,PAPUMPARA,0.0,5.1,-100.0,NR,80.9,69.8,16.0,N,2026-10-08 12:57:39.617428
2026-10-08,2026-10-01,2026-10-08,district,ARUNACHAL PRADESH,ARUNACHAL PRADESH,TAWANG,0.0,9.4,-100.0,NR,4.7,38.9,-88.0,LD,2026-10-08 12:57:39.617428
2026-10-08,2026-10-01,2026-10-08,district,ARUNACHAL PRADESH,ARUNACHAL PRADESH,TIRAP,0.0,8.3,-100.0,NR,78.5,78.4,0.0,N,2026-10-08 12:57:39.617428
2026-10-08,2026-10-01,2026-10-08,district,ARUNACHAL PRADESH,ARUNACHAL PRADESH,UPPER SIANG,0.0,7.4,-100.0,NR,35.5,79.7,-55.0,D,2026-10-08 12:57:39.617428
2026-10-08,2026-10-01,2026-10-08,district,ARUNACHAL PRADESH,ARUNACHAL PRADESH,UPPER SUBANSIRI,0.2,7.5,-98.0,LD,25.6,36.0,-29.0,D,2026-10-08 12:57:39.617428
2026-10-08,2026-10-01,2026-10-08,district,ARUNACHAL PRADESH,ARUNACHAL PRADESH,WEST KAMENG,0.5,9.0,-94.0,LD,21.0,65.2,-68.0,LD,2026-10-08 12:57:39.617428
2026-10-08,2026-10-01,2026-10-08,district,ARUNACHAL PRADESH,ARUNACHAL PRADESH,WEST SIANG,0.0,5.5,-100.0,NR,20.3,87.7,-77.0,LD,2026-10-08 12:57:39.617428
2026-10-08,2026-10-01,2026-10-08,district,ASSAM & MEGHALAYA,ASSAM,BAJALI,0.0,11.5,-100.0,NR,102.5,59.0,74.0,LE,2026-10-08 12:57:39.617428
2026-10-08,2026-10-01,2026-10-08,district,ASSAM & MEGHALAYA,ASSAM,BAKSA,0.0,8.2,-100.0,NR,42.1,39.4,7.0,N,2026-10-08 12:57:39.617428
2026-10-08,2026-10-01,2026-10-08,district,ASSAM & MEGHALAYA,ASSAM,BARPETA,0.0,11.5,-100.0,NR,26.0,59.0,-56.0,D,2026-10-08 12:57:39.617428
2026-10-08,2026-10-01,2026-10-08,district,ASSAM & MEGHALAYA,ASSAM,BONGAIGAON,0.0,9.2,-100.0,NR,44.1,71.7,-39.0,D,2026-10-08 12:57:39.617428
2026-10-08,2026-10-01,2026-10-08,district,ASSAM & MEGHALAYA,ASSAM,CACHAR,5.8,9.9,-41.0,D,46.9,70.7,-34.0,D,2026-10-08 12:57:39.617428
2026-10-08,2026-10-01,2026-10-08,district,ASSAM & MEGHALAYA,ASSAM,CHARAIDEO,0.0,23.4,-100.0,NR,43.5,45.4,-4.0,N,2026-10-08 12:57:39.617428
2026-10-08,2026-10-01,2026-10-08,district,ASSAM & MEGHALAYA,ASSAM,CHIRANG,0.0,10.6,-100.0,NR,90.8,59.1,54.0,E,2026-10-08 12:57:39.617428
2026-10-08,2026-10-01,2026-10-08,district,ASSAM & MEGHALAYA,ASSAM,DARRANG,0.0,5.4,-100.0,NR,3.5,34.9,-90.0,LD,2026-10-08 12:57:39.617428
2026-10-08,2026-10-01,2026-10-08,district,ASSAM & MEGHALAYA,ASSAM,DHEMAJI,0.0,5.0,-100.0,NR,47.0,58.4,-20.0,D,2026-10-08 12:57:39.617428
2026-10-08,2026-10-01,2026-10-08,district,ASSAM & MEGHALAYA,ASSAM,DHUBRI,0.0,8.4,-100.0,NR,28.7,59.8,-52.0,D,2026-10-08 12:57:39.617428
2026-10-08,2026-10-01,2026-10-08,district,ASSAM & MEGHALAYA,ASSAM,DIBRUGARH,0.0,5.8,-100.0,NR,47.7,47.9,-1.0,N,2026-10-08 12:57:39.617428
2026-10-08,2026-10-01,2026-10-08,district,ASSAM & MEGHALAYA,ASSAM,DIMA HASAO,1.4,11.9,-88.0,LD,4.7,57.9,-92.0,LD,2026-10-08 12:57:39.617428
2026-10-08,2026-10-01,2026-10-08,district,ASSAM & MEGHALAYA,ASSAM,GOALPARA,0.0,13.2,-100.0,NR,11.3,83.6,-86.0,LD,2026-10-08 12:57:39.617428
2026-10-08,2026-10-01,2026-10-08,district,ASSAM & MEGHALAYA,ASSAM,GOLAGHAT,0.0,4.5,-100.0,NR,16.4,37.2,-56.0,D,2026-10-08 12:57:39.617428
2026-10-08,2026-10-01,2026-10-08,district,ASSAM & MEGHALAYA,ASSAM,HAILAKANDI,20.5,9.6,114.0,LE,69.4,65.7,6.0,N,2026-10-08 12:57:39.617428
2026-10-08,2026-10-01,2026-10-08,district,ASSAM & MEGHALAYA,ASSAM,HOJAI,2.1,6.5,-68.0,LD,2.4,48.8,-95.0,LD,2026-10-08 12:57:39.617428
2026-10-08,2026-10-01,2026-10-08,district,ASSAM & MEGHALAYA,ASSAM,JORHAT,3.4,3.0,13.0,N,38.9,38.4,1.0,N,2026-10-08 12:57:39.617428
2026-10-08,2026-10-01,2026-10-08,district,ASSAM & MEGHALAYA,ASSAM,KAMRUP METROPOLITAN,0.1,11.1,-99.0,LD,0.8,47.0,-98.0,LD,2026-10-08 12:57:39.617428
2026-10-08,2026-10-01,2026-10-08,district,ASSAM & MEGHALAYA,ASSAM,KAMRUP RURAL,0.0,9.9,-100.0,NR,3.8,50.0,-92.0,LD,2026-10-08 12:57:39.617428
2026-10-08,2026-10-01,2026-10-08,district,ASSAM & MEGHALAYA,ASSAM,KARBI ANGLONG,0.0,5.5,-100.0,NR,30.0,38.8,-23.0,D,2026-10-08 12:57:39.617428
2026-10-08,2026-10-01,2026-10-08,district,ASSAM & MEGHALAYA,ASSAM,KOKRAJHAR,0.0,12.3,-100.0,NR,13.3,65.0,-80.0,LD,2026-10-08 12:57:39.617428
2026-10-08,2026-10-01,2026-10-08,district,ASSAM & MEGHALAYA,ASSAM,LAKHIMPUR,0.0,7.2,-100.0,NR,37.2,58.0,-36.0,D,2026-10-08 12:57:39.617428
2026-10-08,2026-10-01,2026-10-08,district,ASSAM & MEGHALAYA,ASSAM,MORIGAON,0.0,6.1,-100.0,NR,0.1,32.0,-99.0,LD,2026-10-08 12:57:39.617428
2026-10-08,2026-10-01,2026-10-08,district,ASSAM & MEGHALAYA,ASSAM,NAGAON,0.0,3.2,-100.0,NR,4.6,34.3,-86.0,LD,2026-10-08 12:57:39.617428
2026-10-08,2026-10-01,2026-10-08,district,ASSAM & MEGHALAYA,ASSAM,NALBARI,0.0,7.9,-100.0,NR,2.0,51.4,-96.0,LD,2026-10-08 12:57:39.617428
2026-10-08,2026-10-01,2026-10-08,district,ASSAM & MEGHALAYA,ASSAM,SIBSAGAR,0.0,5.9,-100.0,NR,17.5,38.2,-54.0,D,2026-10-08 12:57:39.617428
2026-10-08,2026-10-01,2026-10-08,district,ASSAM & MEGHALAYA,ASSAM,SONITPUR,0.0,3.0,-100.0,NR,30.3,28.4,7.0,N,2026-10-08 12:57:39.617428
2026-10-08,2026-10-01,2026-10-08,district,ASSAM & MEGHALAYA,ASSAM,SRIBHUMI,20.5,16.9,21.0,E,168.4,76.1,121.0,LE,2026-10-08 12:57:39.617428
2026-10-08,2026-10-01,2026-10-08,district,ASSAM & MEGHALAYA,ASSAM,TAMULPUR,0.0,6.6,-100.0,NR,56.9,32.9,73.0,LE,2026-10-08 12:57:39.617428
2026-10-08,2026-10-01,2026-10-08,district,ASSAM & MEGHALAYA,ASSAM,TINSUKIA,0.0,5.5,-100.0,NR,57.8,47.3,22.0,E,2026-10-08 12:57:39.617428
2026-10-08,2026-10-01,2026-10-08,district,ASSAM & MEGHALAYA,ASSAM,UDALGURI,0.1,3.8,-98.0,LD,20.6,41.2,-50.0,D,2026-10-08 12:57:39.617428
2026-10-08,2026-10-01,2026-10-08,district,ASSAM & MEGHALAYA,ASSAM,WEST KARBI ANGLONG,0.0,4.6,-100.0,NR,0.0,37.5,-100.0,NR,2026-10-08 12:57:39.617428
2026-10-08,2026-10-01,2026-10-08,district,ASSAM & MEGHALAYA,MEGHALAYA,EAST GARO HILLS,0.0,11.1,-100.0,NR,6.0,82.3,-93.0,LD,2026-10-08 12:57:39.617428
2026-10-08,2026-10-01,2026-10-08,district,ASSAM & MEGHALAYA,MEGHALAYA,EAST JAINTIA HILLS,0.2,35.7,-99.0,LD,18.5,249.9,-93.0,LD,2026-10-08 12:57:39.617428
2026-10-08,2026-10-01,2026-10-08,district,ASSAM & MEGHALAYA,MEGHALAYA,EAST KHASI HILLS,2.8,24.7,-89.0,LD,11.9,129.3,-91.0,LD,2026-10-08 12:57:39.617428
2026-10-08,2026-10-01,2026-10-08,district,ASSAM & MEGHALAYA,MEGHALAYA,NORTH GARO HILLS,0.1,18.4,-99.0,LD,7.8,83.7,-91.0,LD,2026-10-08 12:57:39.617428
2026-10-08,2026-10-01,2026-10-08,district,ASSAM & MEGHALAYA,MEGHALAYA,RI BHOI,0.6,19.9,-97.0,LD,28.0,115.4,-76.0,LD,2026-10-08 12:57:39.617428
2026-10-08,2026-10-01,2026-10-08,district,ASSAM & MEGHALAYA,MEGHALAYA,SOUTH GARO HILLS,0.6,18.4,-97.0,LD,9.9,83.7,-88.0,LD,2026-10-08 12:57:39.617428
2026-10-08,2026-10-01,2026-10-08,district,ASSAM & MEGHALAYA,MEGHALAYA,SOUTH WEST GARO HILLS,0.0,18.4,-100.0,NR,1.5,83.7,-98.0,LD,2026-10-08 12:57:39.617428
2026-10-08,2026-10-01,2026-10-08,district,ASSAM & MEGHALAYA,MEGHALAYA,SOUTH WEST KHASI HILLS,0.0,18.4,-100.0,NR,10.0,83.7,-88.0,LD,2026-10-08 12:57:39.617428
2026-10-08,2026-10-01,2026-10-08,district,ASSAM & MEGHALAYA,MEGHALAYA,WEST GARO HILLS,0.2,15.4,-99.0,LD,7.8,87.6,-91.0,LD,2026-10-08 12:57:39.617428
2026-10-08,2026-10-01,2026-10-08,district,ASSAM & MEGHALAYA,MEGHALAYA,WEST JAINTIA HILLS,0.6,35.7,-98.0,LD,88.5,249.9,-65.0,LD,2026-10-08 12:57:39.617428
2026-10-08,2026-10-01,2026-10-08,district,ASSAM & MEGHALAYA,MEGHALAYA,WEST KHASI HILLS,0.8,12.5,-94.0,LD,7.7,87.3,-91.0,LD,2026-10-08 12:57:39.617428
2026-10-08,2026-10-01,2026-10-08,district,BIHAR,BIHAR,ARARIA,15.0,4.3,250.0,LE,15.5,39.3,-61.0,LD,2026-10-08 12:57:39.617428
2026-10-08,2026-10-01,2026-10-08,district,BIHAR,BIHAR,ARWAL,11.9,3.3,262.0,LE,43.1,14.0,208.0,LE,2026-10-08 12:57:39.617428
2026-10-08,2026-10-01,2026-10-08,district,BIHAR,BIHAR,AURANGABAD,0.2,2.4,-90.0,LD,11.2,18.2,-39.0,D,2026-10-08 12:57:39.617428
2026-10-08,2026-10-01,2026-10-08,district,BIHAR,BIHAR,BANKA,5.9,5.0,18.0,N,9.4,37.7,-75.0,LD,2026-10-08 12:57:39.617428
2026-10-08,2026-10-01,2026-10-08,district,BIHAR,BIHAR,BEGUSARAI,20.5,1.7,1103.0,LE,24.0,23.2,4.0,N,2026-10-08 12:57:39.617428
2026-10-08,2026-10-01,2026-10-08,district,BIHAR,BIHAR,BHABUA,1.5,2.0,-27.0,D,3.4,16.2,-79.0,LD,2026-10-08 12:57:39.617428
2026-10-08,2026-10-01,2026-10-08,district,BIHAR,BIHAR,BHAGALPUR,0.5,7.6,-93.0,LD,0.5,41.1,-99.0,LD,2026-10-08 12:57:39.617428
2026-10-08,2026-10-01,2026-10-08,district,BIHAR,BIHAR,BHOJPUR,13.4,2.3,484.0,LE,28.6,30.7,-7.0,N,2026-10-08 12:57:39.617428
2026-10-08,2026-10-01,2026-10-08,district,BIHAR,BIHAR,BUXAR,11.6,2.4,384.0,LE,12.9,21.7,-40.0,D,2026-10-08 12:57:39.617428
2026-10-08,2026-10-01,2026-10-08,district,BIHAR,BIHAR,DARBHANGA,35.2,1.5,2247.0,LE,36.1,29.4,23.0,E,2026-10-08 12:57:39.617428
2026-10-08,2026-10-01,2026-10-08,district,BIHAR,BIHAR,EAST CHAMPARAN,2.7,0.8,233.0,LE,13.3,32.0,-58.0,D,2026-10-08 12:57:39.617428
2026-10-08,2026-10-01,2026-10-08,district,BIHAR,BIHAR,GAYA,4.8,2.6,85.0,LE,8.5,23.0,-63.0,LD,2026-10-08 12:57:39.617428
2026-10-08,2026-10-01,2026-10-08,district,BIHAR,BIHAR,GOPALGANJ,5.3,2.1,150.0,LE,7.3,21.5,-66.0,LD,2026-10-08 12:57:39.617428
2026-10-08,2026-10-01,2026-10-08,district,BIHAR,BIHAR,JAHANABAD,24.5,1.5,1536.0,LE,46.0,13.0,254.0,LE,2026-10-08 12:57:39.617428
2026-10-08,2026-10-01,2026-10-08,district,BIHAR,BIHAR,JAMUI,0.5,3.0,-85.0,LD,0.5,27.3,-98.0,LD,2026-10-08 12:57:39.617428
2026-10-08,2026-10-01,2026-10-08,district,BIHAR,BIHAR,KATIHAR,2.0,9.0,-78.0,LD,2.4,48.9,-95.0,LD,2026-10-08 12:57:39.617428
2026-10-08,2026-10-01,2026-10-08,district,BIHAR,BIHAR,KHAGARIA,0.8,6.0,-87.0,LD,0.8,31.9,-97.0,LD,2026-10-08 12:57:39.617428
2026-10-08,2026-10-01,2026-10-08,district,BIHAR,BIHAR,KISHANGANJ,43.5,6.1,614.0,LE,53.7,49.3,9.0,N,2026-10-08 12:57:39.617428
2026-10-08,2026-10-01,2026-10-08,district,BIHAR,BIHAR,LAKHISARAI,9.6,5.5,75.0,LE,9.6,21.5,-55.0,D,2026-10-08 12:57:39.617428
2026-10-08,2026-10-01,2026-10-08,district,BIHAR,BIHAR,MADHEPURA,11.2,4.0,181.0,LE,11.2,35.0,-68.0,LD,2026-10-08 12:57:39.617428
2026-10-08,2026-10-01,2026-10-08,district,BIHAR,BIHAR,MADHUBANI,10.1,1.6,528.0,LE,17.2,28.3,-39.0,D,2026-10-08 12:57:39.617428
2026-10-08,2026-10-01,2026-10-08,district,BIHAR,BIHAR,MUNGER,6.2,3.7,68.0,LE,8.6,34.2,-75.0,LD,2026-10-08 12:57:39.617428
2026-10-08,2026-10-01,2026-10-08,district,BIHAR,BIHAR,MUZAFFARPUR,13.1,1.2,989.0,LE,13.1,26.4,-50.0,D,2026-10-08 12:57:39.617428
2026-10-08,2026-10-01,2026-10-08,district,BIHAR,BIHAR,NALANDA,14.6,1.9,671.0,LE,15.8,19.1,-17.0,N,2026-10-08 12:57:39.617428
2026-10-08,2026-10-01,2026-10-08,district,BIHAR,BIHAR,NAWADA,1.0,3.5,-71.0,LD,7.3,31.0,-76.0,LD,2026-10-08 12:57:39.617428
2026-10-08,2026-10-01,2026-10-08,district,BIHAR,BIHAR,PATNA,26.3,2.9,808.0,LE,29.6,28.1,5.0,N,2026-10-08 12:57:39.617428
2026-10-08,2026-10-01,2026-10-08,district,BIHAR,BIHAR,PURNEA,4.9,7.0,-31.0,D,4.9,50.5,-90.0,LD,2026-10-08 12:57:39.617428
2026-10-08,2026-10-01,2026-10-08,district,BIHAR,BIHAR,ROHTAS,1.0,1.8,-45.0,D,10.6,18.5,-43.0,D,2026-10-08 12:57:39.617428
2026-10-08,2026-10-01,2026-10-08,district,BIHAR,BIHAR,SAHARSA,19.8,1.7,1065.0,LE,23.1,33.0,-30.0,D,2026-10-08 12:57:39.617428
2026-10-08,2026-10-01,2026-10-08,district,BIHAR,BIHAR,SAMASTIPUR,41.9,2.8,1395.0,LE,45.3,27.6,64.0,LE,2026-10-08 12:57:39.617428
2026-10-08,2026-10-01,2026-10-08,district,BIHAR,BIHAR,SARAN,17.3,1.6,981.0,LE,19.7,31.2,-37.0,D,2026-10-08 12:57:39.617428
2026-10-08,2026-10-01,2026-10-08,district,BIHAR,BIHAR,SHEIKHPURA,0.3,2.4,-88.0,LD,3.0,22.5,-87.0,LD,2026-10-08 12:57:39.617428
2026-10-08,2026-10-01,2026-10-08,district,BIHAR,BIHAR,SHEOHAR,0.0,1.3,-100.0,NR,8.6,23.7,-64.0,LD,2026-10-08 12:57:39.617428
2026-10-08,2026-10-01,2026-10-08,district,BIHAR,BIHAR,SITAMARHI,0.4,0.5,-24.0,D,3.5,28.3,-88.0,LD,2026-10-08 12:57:39.617428
2026-10-08,2026-10-01,2026-10-08,district,BIHAR,BIHAR,SIWAN,11.0,2.3,378.0,LE,13.8,24.6,-44.0,D,2026-10-08 12:57:39.617428
2026-10-08,2026-10-01,2026-10-08,district,BIHAR,BIHAR,SUPAUL,4.8,3.2,50.0,E,4.8,33.0,-85.0,LD,2026-10-08 12:57:39.617428
2026-10-08,2026-10-01,2026-10-08,district,BIHAR,BIHAR,VAISHALI,33.4,1.7,1862.0,LE,33.3,29.0,15.0,N,2026-10-08 12:57:39.617428
2026-10-08,2026-10-01,2026-10-08,district,BIHAR,BIHAR,WEST CHAMPARAN,6.3,1.5,319.0,LE,11.9,26.6,-55.0,D,2026-10-08 12:57:39.617428
2026-10-08,2026-10-01,2026-10-08,district,CHHATTISGARH,CHHATTISGARH,BALOD,0.4,4.9,-91.0,LD,0.4,19.5,-98.0,LD,2026-10-08 12:57:39.617428
2026-10-08,2026-10-01,2026-10-08,district,CHHATTISGARH,CHHATTISGARH,BALODA BAZAR,0.1,2.7,-96.0,LD,0.1,18.7,-99.0,LD,2026-10-08 12:57:39.617428
2026-10-08,2026-10-01,2026-10-08,district,CHHATTISGARH,CHHATTISGARH,BALRAMPUR,9.2,1.4,558.0,LE,15.6,26.7,-42.0,D,2026-10-08 12:57:39.617428
2026-10-08,2026-10-01,2026-10-08,district,CHHATTISGARH,CHHATTISGARH,BASTAR,0.8,5.6,-87.0,LD,1.0,39.9,-97.0,LD,2026-10-08 12:57:39.617428
2026-10-08,2026-10-01,2026-10-08,district,CHHATTISGARH,CHHATTISGARH,BEMETARA,0.0,3.0,-100.0,NR,0.3,21.9,-99.0,LD,2026-10-08 12:57:39.617428
2026-10-08,2026-10-01,2026-10-08,district,CHHATTISGARH,CHHATTISGARH,BIJAPUR,0.0,3.8,-100.0,NR,0.4,41.9,-99.0,LD,2026-10-08 12:57:39.617428
2026-10-08,2026-10-01,2026-10-08,district,CHHATTISGARH,CHHATTISGARH,BILASPUR,2.2,4.8,-54.0,D,4.8,24.2,-80.0,LD,2026-10-08 12:57:39.617428
2026-10-08,2026-10-01,2026-10-08,district,CHHATTISGARH,CHHATTISGARH,DANTEWADA,0.0,2.8,-100.0,NR,0.0,50.6,-100.0,NR,2026-10-08 12:57:39.617428
2026-10-08,2026-10-01,2026-10-08,district,CHHATTISGARH,CHHATTISGARH,DHAMTARI,0.0,2.8,-100.0,NR,0.0,27.3,-100.0,NR,2026-10-08 12:57:39.617428
2026-10-08,2026-10-01,2026-10-08,district,CHHATTISGARH,CHHATTISGARH,DURG,4.4,3.3,33.0,E,4.4,24.3,-82.0,LD,2026-10-08 12:57:39.617428
2026-10-08,2026-10-01,2026-10-08,district,CHHATTISGARH,CHHATTISGARH,GARIABAND,0.9,2.3,-59.0,D,2.0,31.2,-94.0,LD,2026-10-08 12:57:39.617428
2026-10-08,2026-10-01,2026-10-08,district,CHHATTISGARH,CHHATTISGARH,GAURELA PENDRA MARWAHI,0.1,8.9,-99.0,LD,0.4,37.3,-99.0,LD,2026-10-08 12:57:39.617428
2026-10-08,2026-10-01,2026-10-08,district,CHHATTISGARH,CHHATTISGARH,JANJGIR,0.6,5.0,-89.0,LD,1.2,25.4,-95.0,LD,2026-10-08 12:57:39.617428
2026-10-08,2026-10-01,2026-10-08,district,CHHATTISGARH,CHHATTISGARH,JASHPUR,0.7,3.0,-76.0,LD,3.3,29.4,-89.0,LD,2026-10-08 12:57:39.617428
2026-10-08,2026-10-01,2026-10-08,district,CHHATTISGARH,CHHATTISGARH,KABIRDHAM,2.4,6.3,-62.0,LD,7.6,27.2,-72.0,LD,2026-10-08 12:57:39.617428
2026-10-08,2026-10-01,2026-10-08,district,CHHATTISGARH,CHHATTISGARH,KANKER,0.0,4.6,-100.0,NR,0.1,27.1,-99.0,LD,2026-10-08 12:57:39.617428
2026-10-08,2026-10-01,2026-10-08,district,CHHATTISGARH,CHHATTISGARH,KHAIRAGARH CHH GANDAI,1.2,4.8,-76.0,LD,1.2,22.8,-95.0,LD,2026-10-08 12:57:39.617428
2026-10-08,2026-10-01,2026-10-08,district,CHHATTISGARH,CHHATTISGARH,KONDAGAON,2.0,6.2,-68.0,LD,2.0,34.0,-94.0,LD,2026-10-08 12:57:39.617428
2026-10-08,2026-10-01,2026-10-08,district,CHHATTISGARH,CHHATTISGARH,KORBA,0.0,5.3,-100.0,NR,1.4,27.0,-95.0,LD,2026-10-08 12:57:39.617428
2026-10-08,2026-10-01,2026-10-08,district,CHHATTISGARH,CHHATTISGARH,KORIYA,0.0,2.0,-100.0,NR,0.0,18.7,-100.0,NR,2026-10-08 12:57:39.617428
2026-10-08,2026-10-01,2026-10-08,district,CHHATTISGARH,CHHATTISGARH,MAHASAMUND,0.0,3.2,-100.0,NR,0.0,22.1,-100.0,NR,2026-10-08 12:57:39.617428
2026-10-08,2026-10-01,2026-10-08,district,CHHATTISGARH,CHHATTISGARH,MANENDRAGARH BHARATPUR,0.0,2.1,-100.0,NR,0.0,18.8,-100.0,NR,2026-10-08 12:57:39.617428
2026-10-08,2026-10-01,2026-10-08,district,CHHATTISGARH,CHHATTISGARH,MOHALA MANPUR CHOWKI,0.0,3.1,-100.0,NR,0.0,19.5,-100.0,NR,2026-10-08 12:57:39.617428
2026-10-08,2026-10-01,2026-10-08,district,CHHATTISGARH,CHHATTISGARH,MUNGELI,0.5,3.2,-84.0,LD,13.2,19.1,-31.0,D,2026-10-08 12:57:39.617428
2026-10-08,2026-10-01,2026-10-08,district,CHHATTISGARH,CHHATTISGARH,NARAYANPUR,0.0,2.9,-100.0,NR,0.0,30.6,-100.0,NR,2026-10-08 12:57:39.617428
2026-10-08,2026-10-01,2026-10-08,district,CHHATTISGARH,CHHATTISGARH,RAIGARH,0.0,3.2,-100.0,NR,2.9,20.6,-86.0,LD,2026-10-08 12:57:39.617428
2026-10-08,2026-10-01,2026-10-08,district,CHHATTISGARH,CHHATTISGARH,RAIPUR,3.0,3.3,-9.0,N,3.2,21.2,-85.0,LD,2026-10-08 12:57:39.617428
2026-10-08,2026-10-01,2026-10-08,district,CHHATTISGARH,CHHATTISGARH,RAJNANDGAON,0.0,4.8,-100.0,NR,0.0,29.0,-100.0,NR,2026-10-08 12:57:39.617428
2026-10-08,2026-10-01,2026-10-08,district,CHHATTISGARH,CHHATTISGARH,SAKTI,0.0,2.0,-100.0,NR,0.8,18.8,-96.0,LD,2026-10-08 12:57:39.617428
2026-10-08,2026-10-01,2026-10-08,district,CHHATTISGARH,CHHATTISGARH,SARANGARH BILAIGARH,0.0,3.6,-100.0,NR,0.0,21.6,-100.0,NR,2026-10-08 12:57:39.617428
2026-10-08,2026-10-01,2026-10-08,district,CHHATTISGARH,CHHATTISGARH,SUKMA,0.0,3.2,-100.0,NR,0.0,36.6,-100.0,NR,2026-10-08 12:57:39.617428
2026-10-08,2026-10-01,2026-10-08,district,CHHATTISGARH,CHHATTISGARH,SURAJPUR,0.0,2.2,-100.0,NR,0.0,29.5,-100.0,NR,2026-10-08 12:57:39.617428
2026-10-08,2026-10-01,2026-10-08,district,CHHATTISGARH,CHHATTISGARH,SURGUJA,1.5,3.9,-63.0,LD,2.0,32.4,-94.0,LD,2026-10-08 12:57:39.617428
2026-10-08,2026-10-01,2026-10-08,district,COASTAL A. P. & YANAM,ANDHRA PRADESH,ANAKAPALLI,0.0,6.1,-100.0,NR,26.2,77.1,-66.0,LD,2026-10-08 12:57:39.617428
2026-10-08,2026-10-01,2026-10-08,district,COASTAL A. P. & YANAM,ANDHRA PRADESH,BAPATLA,1.2,3.3,-62.0,LD,8.7,52.9,-84.0,LD,2026-10-08 12:57:39.617428
2026-10-08,2026-10-01,2026-10-08,district,COASTAL A. P. & YANAM,ANDHRA PRADESH,DR B R AMBEDKAR KONASEEMA,0.0,5.4,-100.0,NR,19.0,82.5,-77.0,LD,2026-10-08 12:57:39.617428
2026-10-08,2026-10-01,2026-10-08,district,COASTAL A. P. & YANAM,ANDHRA PRADESH,EAST GODAVARI,0.0,6.6,-100.0,NR,2.5,68.5,-96.0,LD,2026-10-08 12:57:39.617428
2026-10-08,2026-10-01,2026-10-08,district,COASTAL A. P. & YANAM,ANDHRA PRADESH,ELURU,0.0,3.4,-100.0,NR,6.5,47.0,-86.0,LD,2026-10-08 12:57:39.617428
2026-10-08,2026-10-01,2026-10-08,district,COASTAL A. P. & YANAM,ANDHRA PRADESH,GUNTUR,0.0,2.2,-100.0,NR,5.4,40.5,-87.0,LD,2026-10-08 12:57:39.617428
2026-10-08,2026-10-01,2026-10-08,district,COASTAL A. P. & YANAM,ANDHRA PRADESH,KAKINADA,0.0,5.4,-100.0,NR,22.4,58.5,-62.0,LD,2026-10-08 12:57:39.617428
2026-10-08,2026-10-01,2026-10-08,district,COASTAL A. P. & YANAM,ANDHRA PRADESH,KRISHNA,0.0,4.9,-100.0,NR,1.1,53.2,-98.0,LD,2026-10-08 12:57:39.617428
2026-10-08,2026-10-01,2026-10-08,district,COASTAL A. P. & YANAM,ANDHRA PRADESH,NTR DISTRICT,0.0,3.4,-100.0,NR,7.4,48.7,-85.0,LD,2026-10-08 12:57:39.617428
2026-10-08,2026-10-01,2026-10-08,district,COASTAL A. P. & YANAM,ANDHRA PRADESH,PALNADU,1.2,2.9,-59.0,D,2.9,41.6,-93.0,LD,2026-10-08 12:57:39.617428
2026-10-08,2026-10-01,2026-10-08,district,COASTAL A. P. & YANAM,ANDHRA PRADESH,PARVATHIPURAM MANYAM,0.1,4.7,-98.0,LD,3.8,52.8,-93.0,LD,2026-10-08 12:57:39.617428
2026-10-08,2026-10-01,2026-10-08,district,COASTAL A. P. & YANAM,ANDHRA PRADESH,PRAKASAM,0.7,3.8,-83.0,LD,6.3,44.4,-86.0,LD,2026-10-08 12:57:39.617428
2026-10-08,2026-10-01,2026-10-08,district,COASTAL A. P. & YANAM,ANDHRA PRADESH,SPSR NELLORE,0.5,2.6,-82.0,LD,4.4,42.8,-90.0,LD,2026-10-08 12:57:39.617428
2026-10-08,2026-10-01,2026-10-08,district,COASTAL A. P. & YANAM,ANDHRA PRADESH,SRI ALLURI SITHARAMARAJU DISTRICT,0.0,4.2,-100.0,NR,2.5,58.1,-96.0,LD,2026-10-08 12:57:39.617428
2026-10-08,2026-10-01,2026-10-08,district,COASTAL A. P. & YANAM,ANDHRA PRADESH,SRIKAKULAM,0.0,7.9,-100.0,NR,4.4,73.2,-94.0,LD,2026-10-08 12:57:39.617428
2026-10-08,2026-10-01,2026-10-08,district,COASTAL A. P. & YANAM,ANDHRA PRADESH,VISHAKHAPATNAM,0.0,6.2,-100.0,NR,2.3,74.9,-97.0,LD,2026-10-08 12:57:39.617428
2026-10-08,2026-10-01,2026-10-08,district,COASTAL A. P. & YANAM,ANDHRA PRADESH,VIZIANAGARAM,0.0,6.6,-100.0,NR,1.0,60.1,-98.0,LD,2026-10-08 12:57:39.617428
2026-10-08,2026-10-01,2026-10-08,district,COASTAL A. P. & YANAM,ANDHRA PRADESH,WEST GODAVARI,0.0,5.7,-100.0,NR,16.0,64.4,-75.0,LD,2026-10-08 12:57:39.617428
2026-10-08,2026-10-01,2026-10-08,district,COASTAL A. P. & YANAM,PUDUCHERRY (UT),YANAM,0.0,8.7,-100.0,NR,6.6,67.7,-90.0,LD,2026-10-08 12:57:39.617428
2026-10-08,2026-10-01,2026-10-08,district,COASTAL KARNATAKA,KARNATAKA,DAKSHINA KANNADA,8.9,7.1,25.0,E,93.3,88.6,5.0,N,2026-10-08 12:57:39.617428
2026-10-08,2026-10-01,2026-10-08,district,COASTAL KARNATAKA,KARNATAKA,UDUPI,0.0,6.1,-100.0,NR,31.3,86.9,-64.0,LD,2026-10-08 12:57:39.617428
2026-10-08,2026-10-01,2026-10-08,district,COASTAL KARNATAKA,KARNATAKA,UTTARA KANNADA,0.0,3.9,-100.0,NR,7.3,60.9,-88.0,LD,2026-10-08 12:57:39.617428
2026-10-08,2026-10-01,2026-10-08,district,EAST MADHYA PRADESH,MADHYA PRADESH,ANUPPUR,4.3,4.8,-10.0,N,6.1,23.3,-74.0,LD,2026-10-08 12:57:39.617428
2026-10-08,2026-10-01,2026-10-08,district,EAST MADHYA PRADESH,MADHYA PRADESH,BALAGHAT,0.0,3.5,-100.0,NR,0.0,23.9,-100.0,NR,2026-10-08 12:57:39.617428
2026-10-08,2026-10-01,2026-10-08,district,EAST MADHYA PRADESH,MADHYA PRADESH,CHHATARPUR,0.0,1.8,-100.0,NR,0.0,20.2,-100.0,NR,2026-10-08 12:57:39.617428
2026-10-08,2026-10-01,2026-10-08,district,EAST MADHYA PRADESH,MADHYA PRADESH,CHHINDWARA,0.5,2.1,-74.0,LD,0.9,22.4,-96.0,LD,2026-10-08 12:57:39.617428
2026-10-08,2026-10-01,2026-10-08,district,EAST MADHYA PRADESH,MADHYA PRADESH,DAMOH,0.0,1.3,-100.0,NR,0.0,17.4,-100.0,NR,2026-10-08 12:57:39.617428
2026-10-08,2026-10-01,2026-10-08,district,EAST MADHYA PRADESH,MADHYA PRADESH,DINDORI,0.0,1.2,-100.0,NR,0.3,15.3,-98.0,LD,2026-10-08 12:57:39.617428
2026-10-08,2026-10-01,2026-10-08,district,EAST MADHYA PRADESH,MADHYA PRADESH,JABALPUR,0.0,1.5,-100.0,NR,0.0,15.9,-100.0,NR,2026-10-08 12:57:39.617428
2026-10-08,2026-10-01,2026-10-08,district,EAST MADHYA PRADESH,MADHYA PRADESH,KATNI,0.2,2.1,-92.0,LD,0.2,18.0,-99.0,LD,2026-10-08 12:57:39.617428
2026-10-08,2026-10-01,2026-10-08,district,EAST MADHYA PRADESH,MADHYA PRADESH,MAIHAR,0.0,3.7,-100.0,NR,0.0,25.8,-100.0,NR,2026-10-08 12:57:39.617428
2026-10-08,2026-10-01,2026-10-08,district,EAST MADHYA PRADESH,MADHYA PRADESH,MANDLA,0.0,1.9,-100.0,NR,0.0,18.4,-100.0,NR,2026-10-08 12:57:39.617428
2026-10-08,2026-10-01,2026-10-08,district,EAST MADHYA PRADESH,MADHYA PRADESH,MAUGANJ,0.0,2.0,-100.0,NR,0.0,20.3,-100.0,NR,2026-10-08 12:57:39.617428
2026-10-08,2026-10-01,2026-10-08,district,EAST MADHYA PRADESH,MADHYA PRADESH,NARSINGHPUR,1.6,1.6,0.0,N,2.6,13.1,-80.0,LD,2026-10-08 12:57:39.617428
2026-10-08,2026-10-01,2026-10-08,district,EAST MADHYA PRADESH,MADHYA PRADESH,NIWARI,0.0,0.0,-100.0,NR,0.0,20.4,-100.0,NR,2026-10-08 12:57:39.617428
2026-10-08,2026-10-01,2026-10-08,district,EAST MADHYA PRADESH,MADHYA PRADESH,PANDHURNA,0.0,4.0,-100.0,NR,0.0,19.3,-100.0,NR,2026-10-08 12:57:39.617428
2026-10-08,2026-10-01,2026-10-08,district,EAST MADHYA PRADESH,MADHYA PRADESH,PANNA,0.0,2.2,-100.0,NR,0.0,20.7,-100.0,NR,2026-10-08 12:57:39.617428
2026-10-08,2026-10-01,2026-10-08,district,EAST MADHYA PRADESH,MADHYA PRADESH,REWA,0.0,1.7,-100.0,NR,0.1,24.2,-99.0,LD,2026-10-08 12:57:39.617428
2026-10-08,2026-10-01,2026-10-08,district,EAST MADHYA PRADESH,MADHYA PRADESH,SAGAR,0.0,0.9,-100.0,NR,0.2,13.6,-99.0,LD,2026-10-08 12:57:39.617428
2026-10-08,2026-10-01,2026-10-08,district,EAST MADHYA PRADESH,MADHYA PRADESH,SATNA,0.0,2.4,-100.0,NR,0.1,21.0,-99.0,LD,2026-10-08 12:57:39.617428
2026-10-08,2026-10-01,2026-10-08,district,EAST MADHYA PRADESH,MADHYA PRADESH,SEONI,0.0,2.9,-100.0,NR,2.3,22.2,-90.0,LD,2026-10-08 12:57:39.617428
2026-10-08,2026-10-01,2026-10-08,district,EAST MADHYA PRADESH,MADHYA PRADESH,SHAHDOL,0.0,5.0,-100.0,NR,0.0,19.3,-100.0,NR,2026-10-08 12:57:39.617428
2026-10-08,2026-10-01,2026-10-08,district,EAST MADHYA PRADESH,MADHYA PRADESH,SIDHI,0.2,2.4,-93.0,LD,2.0,24.3,-92.0,LD,2026-10-08 12:57:39.617428
2026-10-08,2026-10-01,2026-10-08,district,EAST MADHYA PRADESH,MADHYA PRADESH,SINGRAULI,0.0,2.1,-100.0,NR,5.4,22.4,-76.0,LD,2026-10-08 12:57:39.617428
2026-10-08,2026-10-01,2026-10-08,district,EAST MADHYA PRADESH,MADHYA PRADESH,TIKAMGARH,0.0,1.5,-100.0,NR,0.0,13.7,-100.0,NR,2026-10-08 12:57:39.617428
2026-10-08,2026-10-01,2026-10-08,district,EAST MADHYA PRADESH,MADHYA PRADESH,UMARIA,0.0,6.1,-100.0,NR,0.0,28.0,-100.0,NR,2026-10-08 12:57:39.617428
2026-10-08,2026-10-01,2026-10-08,district,EAST RAJASTHAN,RAJASTHAN,AJMER,0.0,0.1,-100.0,NR,0.0,4.0,-100.0,NR,2026-10-08 12:57:39.617428
2026-10-08,2026-10-01,2026-10-08,district,EAST RAJASTHAN,RAJASTHAN,ALWAR,0.0,0.8,-100.0,NR,0.0,6.9,-100.0,NR,2026-10-08 12:57:39.617428
2026-10-08,2026-10-01,2026-10-08,district,EAST RAJASTHAN,RAJASTHAN,BANSWARA,0.0,2.4,-100.0,NR,0.0,10.0,-100.0,NR,2026-10-08 12:57:39.617428
2026-10-08,2026-10-01,2026-10-08,district,EAST RAJASTHAN,RAJASTHAN,BARAN,0.0,1.3,-100.0,NR,0.0,10.2,-100.0,NR,2026-10-08 12:57:39.617428
2026-10-08,2026-10-01,2026-10-08,district,EAST RAJASTHAN,RAJASTHAN,BHARATPUR,0.0,0.7,-100.0,NR,0.0,6.9,-100.0,NR,2026-10-08 12:57:39.617428
2026-10-08,2026-10-01,2026-10-08,district,EAST RAJASTHAN,RAJASTHAN,BHILWARA,0.0,0.4,-100.0,NR,0.0,4.1,-100.0,NR,2026-10-08 12:57:39.617428
2026-10-08,2026-10-01,2026-10-08,district,EAST RAJASTHAN,RAJASTHAN,BUNDI,0.0,0.2,-100.0,NR,0.0,4.0,-100.0,NR,2026-10-08 12:57:39.617428
2026-10-08,2026-10-01,2026-10-08,district,EAST RAJASTHAN,RAJASTHAN,CHITTORGARH,0.0,0.7,-100.0,NR,0.0,7.1,-100.0,NR,2026-10-08 12:57:39.617428
2026-10-08,2026-10-01,2026-10-08,district,EAST RAJASTHAN,RAJASTHAN,DAUSA,0.0,0.5,-100.0,NR,0.0,6.4,-100.0,NR,2026-10-08 12:57:39.617428
2026-10-08,2026-10-01,2026-10-08,district,EAST RAJASTHAN,RAJASTHAN,DHOLPUR,0.0,0.1,-100.0,NR,0.0,9.6,-100.0,NR,2026-10-08 12:57:39.617428
2026-10-08,2026-10-01,2026-10-08,district,EAST RAJASTHAN,RAJASTHAN,DUNGARPUR,0.0,1.4,-100.0,NR,0.0,8.7,-100.0,NR,2026-10-08 12:57:39.617428
2026-10-08,2026-10-01,2026-10-08,district,EAST RAJASTHAN,RAJASTHAN,JAIPUR,0.0,0.3,-100.0,NR,0.0,6.8,-100.0,NR,2026-10-08 12:57:39.617428
2026-10-08,2026-10-01,2026-10-08,district,EAST RAJASTHAN,RAJASTHAN,JHALAWAR,0.0,0.8,-100.0,NR,0.0,10.0,-100.0,NR,2026-10-08 12:57:39.617428
2026-10-08,2026-10-01,2026-10-08,district,EAST RAJASTHAN,RAJASTHAN,JHUNJHUNU,0.0,0.2,-100.0,NR,0.0,4.9,-100.0,NR,2026-10-08 12:57:39.617428
2026-10-08,2026-10-01,2026-10-08,district,EAST RAJASTHAN,RAJASTHAN,KARAULI,0.0,0.1,-100.0,NR,0.0,6.5,-100.0,NR,2026-10-08 12:57:39.617428
2026-10-08,2026-10-01,2026-10-08,district,EAST RAJASTHAN,RAJASTHAN,KOTA,0.0,1.0,-100.0,NR,0.0,8.1,-100.0,NR,2026-10-08 12:57:39.617428
2026-10-08,2026-10-01,2026-10-08,district,EAST RAJASTHAN,RAJASTHAN,PRATAPGARH,0.0,1.6,-100.0,NR,0.0,12.3,-100.0,NR,2026-10-08 12:57:39.617428
2026-10-08,2026-10-01,2026-10-08,district,EAST RAJASTHAN,RAJASTHAN,RAJSAMAND,0.0,0.6,-100.0,NR,2.3,6.2,-63.0,LD,2026-10-08 12:57:39.617428
2026-10-08,2026-10-01,2026-10-08,district,EAST RAJASTHAN,RAJASTHAN,SAWAI MADHOPUR,0.0,0.8,-100.0,NR,0.0,11.8,-100.0,NR,2026-10-08 12:57:39.617428
2026-10-08,2026-10-01,2026-10-08,district,EAST RAJASTHAN,RAJASTHAN,SIKAR,0.0,0.2,-100.0,NR,0.0,5.3,-100.0,NR,2026-10-08 12:57:39.617428
2026-10-08,2026-10-01,2026-10-08,district,EAST RAJASTHAN,RAJASTHAN,SIROHI,0.0,0.5,-100.0,NR,0.0,6.5,-100.0,NR,2026-10-08 12:57:39.617428
2026-10-08,2026-10-01,2026-10-08,district,EAST RAJASTHAN,RAJASTHAN,TONK,0.0,0.4,-100.0,NR,0.0,4.8,-100.0,NR,2026-10-08 12:57:39.617428
2026-10-08,2026-10-01,2026-10-08,district,EAST RAJASTHAN,RAJASTHAN,UDAIPUR,0.0,0.6,-100.0,NR,0.0,7.3,-100.0,NR,2026-10-08 12:57:39.617428
2026-10-08,2026-10-01,2026-10-08,district,EAST UTTAR PRADESH,UTTAR PRADESH,AMBEDKAR NAGAR,3.3,0.9,261.0,LE,40.4,12.2,231.0,LE,2026-10-08 12:57:39.617428
2026-10-08,2026-10-01,2026-10-08,district,EAST UTTAR PRADESH,UTTAR PRADESH,AMETHI,1.9,0.3,540.0,LE,2.5,13.7,-82.0,LD,2026-10-08 12:57:39.617428
2026-10-08,2026-10-01,2026-10-08,district,EAST UTTAR PRADESH,UTTAR PRADESH,AYODHYA,27.3,1.4,1848.0,LE,40.9,21.9,87.0,LE,2026-10-08 12:57:39.617428
2026-10-08,2026-10-01,2026-10-08,district,EAST UTTAR PRADESH,UTTAR PRADESH,AZAMGARH,12.9,1.8,615.0,LE,23.0,19.8,16.0,N,2026-10-08 12:57:39.617428
2026-10-08,2026-10-01,2026-10-08,district,EAST UTTAR PRADESH,UTTAR PRADESH,BAHRAICH,10.5,1.3,706.0,LE,26.0,19.8,31.0,E,2026-10-08 12:57:39.617428
2026-10-08,2026-10-01,2026-10-08,district,EAST UTTAR PRADESH,UTTAR PRADESH,BALLIA,1.3,1.0,25.0,E,7.0,19.3,-64.0,LD,2026-10-08 12:57:39.617428
2026-10-08,2026-10-01,2026-10-08,district,EAST UTTAR PRADESH,UTTAR PRADESH,BALRAMPUR,42.7,1.6,2571.0,LE,43.6,14.1,209.0,LE,2026-10-08 12:57:39.617428
2026-10-08,2026-10-01,2026-10-08,district,EAST UTTAR PRADESH,UTTAR PRADESH,BANDA,0.0,1.4,-100.0,NR,2.3,13.1,-83.0,LD,2026-10-08 12:57:39.617428
2026-10-08,2026-10-01,2026-10-08,district,EAST UTTAR PRADESH,UTTAR PRADESH,BARABANKI,2.8,0.4,588.0,LE,9.4,18.9,-50.0,D,2026-10-08 12:57:39.617428
2026-10-08,2026-10-01,2026-10-08,district,EAST UTTAR PRADESH,UTTAR PRADESH,BASTI,15.1,1.6,846.0,LE,30.3,17.2,76.0,LE,2026-10-08 12:57:39.617428
2026-10-08,2026-10-01,2026-10-08,district,EAST UTTAR PRADESH,UTTAR PRADESH,BHADOHI,0.0,0.1,-100.0,NR,4.0,20.3,-80.0,LD,2026-10-08 12:57:39.617428
2026-10-08,2026-10-01,2026-10-08,district,EAST UTTAR PRADESH,UTTAR PRADESH,CHANDAULI,1.0,0.1,900.0,LE,1.0,11.2,-91.0,LD,2026-10-08 12:57:39.617428
2026-10-08,2026-10-01,2026-10-08,district,EAST UTTAR PRADESH,UTTAR PRADESH,CHITRAKOOT,0.0,0.9,-100.0,NR,0.3,22.1,-99.0,LD,2026-10-08 12:57:39.617428
2026-10-08,2026-10-01,2026-10-08,district,EAST UTTAR PRADESH,UTTAR PRADESH,DEORIA,0.0,0.5,-100.0,NR,7.0,19.1,-63.0,LD,2026-10-08 12:57:39.617428
2026-10-08,2026-10-01,2026-10-08,district,EAST UTTAR PRADESH,UTTAR PRADESH,FARRUKHABAD,6.5,0.4,1525.0,LE,6.5,14.4,-55.0,D,2026-10-08 12:57:39.617428
2026-10-08,2026-10-01,2026-10-08,district,EAST UTTAR PRADESH,UTTAR PRADESH,FATEHPUR,2.3,0.3,678.0,LE,4.3,10.3,-58.0,D,2026-10-08 12:57:39.617428
2026-10-08,2026-10-01,2026-10-08,district,EAST UTTAR PRADESH,UTTAR PRADESH,GHAZIPUR,0.7,0.8,-8.0,N,0.7,19.6,-96.0,LD,2026-10-08 12:57:39.617428
2026-10-08,2026-10-01,2026-10-08,district,EAST UTTAR PRADESH,UTTAR PRADESH,GONDA,8.2,2.6,214.0,LE,23.5,25.3,-7.0,N,2026-10-08 12:57:39.617428
2026-10-08,2026-10-01,2026-10-08,district,EAST UTTAR PRADESH,UTTAR PRADESH,GORAKHPUR,9.8,2.4,307.0,LE,16.1,31.4,-49.0,D,2026-10-08 12:57:39.617428
2026-10-08,2026-10-01,2026-10-08,district,EAST UTTAR PRADESH,UTTAR PRADESH,HARDOI,10.8,0.4,2587.0,LE,10.8,12.7,-15.0,N,2026-10-08 12:57:39.617428
2026-10-08,2026-10-01,2026-10-08,district,EAST UTTAR PRADESH,UTTAR PRADESH,JAUNPUR,0.5,0.5,7.0,N,17.4,16.3,7.0,N,2026-10-08 12:57:39.617428
2026-10-08,2026-10-01,2026-10-08,district,EAST UTTAR PRADESH,UTTAR PRADESH,KANNAUJ,2.9,0.7,314.0,LE,2.9,18.0,-84.0,LD,2026-10-08 12:57:39.617428
2026-10-08,2026-10-01,2026-10-08,district,EAST UTTAR PRADESH,UTTAR PRADESH,KANPUR CITY,10.1,1.2,739.0,LE,10.6,16.8,-37.0,D,2026-10-08 12:57:39.617428
2026-10-08,2026-10-01,2026-10-08,district,EAST UTTAR PRADESH,UTTAR PRADESH,KANPUR DEHAT,0.0,0.7,-100.0,NR,0.0,16.7,-100.0,NR,2026-10-08 12:57:39.617428
2026-10-08,2026-10-01,2026-10-08,district,EAST UTTAR PRADESH,UTTAR PRADESH,KAUSHAMBI,0.0,0.6,-100.0,NR,1.2,10.4,-89.0,LD,2026-10-08 12:57:39.617428
2026-10-08,2026-10-01,2026-10-08,district,EAST UTTAR PRADESH,UTTAR PRADESH,KHERI,40.4,1.6,2423.0,LE,62.9,21.2,197.0,LE,2026-10-08 12:57:39.617428
2026-10-08,2026-10-01,2026-10-08,district,EAST UTTAR PRADESH,UTTAR PRADESH,KUSHI NAGAR,0.5,0.7,-29.0,D,7.0,15.4,-55.0,D,2026-10-08 12:57:39.617428
2026-10-08,2026-10-01,2026-10-08,district,EAST UTTAR PRADESH,UTTAR PRADESH,LUCKNOW,0.2,0.3,-22.0,D,0.2,13.5,-98.0,LD,2026-10-08 12:57:39.617428
2026-10-08,2026-10-01,2026-10-08,district,EAST UTTAR PRADESH,UTTAR PRADESH,MAHARAJGANJ,0.8,1.3,-35.0,D,13.9,23.8,-42.0,D,2026-10-08 12:57:39.617428
2026-10-08,2026-10-01,2026-10-08,district,EAST UTTAR PRADESH,UTTAR PRADESH,MAU,0.0,2.6,-100.0,NR,2.5,20.7,-88.0,LD,2026-10-08 12:57:39.617428
2026-10-08,2026-10-01,2026-10-08,district,EAST UTTAR PRADESH,UTTAR PRADESH,MIRZAPUR,0.0,1.6,-100.0,NR,0.0,17.7,-100.0,NR,2026-10-08 12:57:39.617428
2026-10-08,2026-10-01,2026-10-08,district,EAST UTTAR PRADESH,UTTAR PRADESH,PRATAPGARH,6.0,0.7,757.0,LE,24.0,17.4,38.0,E,2026-10-08 12:57:39.617428
2026-10-08,2026-10-01,2026-10-08,district,EAST UTTAR PRADESH,UTTAR PRADESH,PRAYAGRAJ,1.3,1.5,-15.0,N,1.3,18.4,-93.0,LD,2026-10-08 12:57:39.617428
2026-10-08,2026-10-01,2026-10-08,district,EAST UTTAR PRADESH,UTTAR PRADESH,RAE BAREILLY,0.0,1.4,-100.0,NR,0.0,12.6,-100.0,NR,2026-10-08 12:57:39.617428
2026-10-08,2026-10-01,2026-10-08,district,EAST UTTAR PRADESH,UTTAR PRADESH,SANT KABIR NAGAR,3.0,1.1,173.0,LE,12.4,9.8,27.0,E,2026-10-08 12:57:39.617428
2026-10-08,2026-10-01,2026-10-08,district,EAST UTTAR PRADESH,UTTAR PRADESH,SHRAWASTI,41.5,3.4,1122.0,LE,60.4,19.7,207.0,LE,2026-10-08 12:57:39.617428
2026-10-08,2026-10-01,2026-10-08,district,EAST UTTAR PRADESH,UTTAR PRADESH,SIDDHARTH NAGAR,10.0,0.6,1558.0,LE,13.5,15.1,-10.0,N,2026-10-08 12:57:39.617428
2026-10-08,2026-10-01,2026-10-08,district,EAST UTTAR PRADESH,UTTAR PRADESH,SITAPUR,6.4,0.5,1180.0,LE,7.4,16.3,-55.0,D,2026-10-08 12:57:39.617428
2026-10-08,2026-10-01,2026-10-08,district,EAST UTTAR PRADESH,UTTAR PRADESH,SONBHADRA,0.8,3.1,-74.0,LD,4.9,18.4,-73.0,LD,2026-10-08 12:57:39.617428
2026-10-08,2026-10-01,2026-10-08,district,EAST UTTAR PRADESH,UTTAR PRADESH,SULTANPUR,8.5,1.3,551.0,LE,10.4,22.1,-53.0,D,2026-10-08 12:57:39.617428
2026-10-08,2026-10-01,2026-10-08,district,EAST UTTAR PRADESH,UTTAR PRADESH,UNNAO,4.2,0.8,421.0,LE,4.8,14.2,-66.0,LD,2026-10-08 12:57:39.617428
2026-10-08,2026-10-01,2026-10-08,district,EAST UTTAR PRADESH,UTTAR PRADESH,VARANASI,23.1,0.5,4510.0,LE,23.9,18.4,30.0,E,2026-10-08 12:57:39.617428
2026-10-08,2026-10-01,2026-10-08,district,GANGETIC WEST BENGAL,WEST BENGAL,BANKURA,10.5,4.6,129.0,LE,12.0,47.9,-75.0,LD,2026-10-08 12:57:39.617428
2026-10-08,2026-10-01,2026-10-08,district,GANGETIC WEST BENGAL,WEST BENGAL,BIRBHUM,12.4,4.6,169.0,LE,12.4,48.1,-74.0,LD,2026-10-08 12:57:39.617428
2026-10-08,2026-10-01,2026-10-08,district,GANGETIC WEST BENGAL,WEST BENGAL,EAST MIDNAPORE,0.2,11.0,-98.0,LD,0.3,78.6,-99.0,LD,2026-10-08 12:57:39.617428
2026-10-08,2026-10-01,2026-10-08,district,GANGETIC WEST BENGAL,WEST BENGAL,HOOGHLY,2.0,7.6,-74.0,LD,2.0,41.4,-95.0,LD,2026-10-08 12:57:39.617428
2026-10-08,2026-10-01,2026-10-08,district,GANGETIC WEST BENGAL,WEST BENGAL,HOWRAH,4.0,7.6,-47.0,D,4.8,46.6,-90.0,LD,2026-10-08 12:57:39.617428
2026-10-08,2026-10-01,2026-10-08,district,GANGETIC WEST BENGAL,WEST BENGAL,JHARGRAM,1.6,6.6,-76.0,LD,2.7,53.0,-95.0,LD,2026-10-08 12:57:39.617428
2026-10-08,2026-10-01,2026-10-08,district,GANGETIC WEST BENGAL,WEST BENGAL,KOLKATA,47.2,9.6,392.0,LE,56.5,64.0,-12.0,N,2026-10-08 12:57:39.617428
2026-10-08,2026-10-01,2026-10-08,district,GANGETIC WEST BENGAL,WEST BENGAL,MURSHIDABAD,3.0,7.7,-61.0,LD,17.7,45.7,-61.0,LD,2026-10-08 12:57:39.617428
2026-10-08,2026-10-01,2026-10-08,district,GANGETIC WEST BENGAL,WEST BENGAL,NADIA,2.2,6.3,-65.0,LD,4.4,45.8,-90.0,LD,2026-10-08 12:57:39.617428
2026-10-08,2026-10-01,2026-10-08,district,GANGETIC WEST BENGAL,WEST BENGAL,NORTH 24 PARGANAS,2.9,9.8,-71.0,LD,62.9,53.5,18.0,N,2026-10-08 12:57:39.617428
2026-10-08,2026-10-01,2026-10-08,district,GANGETIC WEST BENGAL,WEST BENGAL,PASCHIM BARDHAMAN,1.0,3.6,-73.0,LD,5.4,47.9,-89.0,LD,2026-10-08 12:57:39.617428
2026-10-08,2026-10-01,2026-10-08,district,GANGETIC WEST BENGAL,WEST BENGAL,PURBA BARDHAMAN,0.0,5.6,-100.0,NR,0.0,39.3,-100.0,NR,2026-10-08 12:57:39.617428
2026-10-08,2026-10-01,2026-10-08,district,GANGETIC WEST BENGAL,WEST BENGAL,PURULIA,2.4,3.9,-38.0,D,9.8,39.6,-75.0,LD,2026-10-08 12:57:39.617428
2026-10-08,2026-10-01,2026-10-08,district,GANGETIC WEST BENGAL,WEST BENGAL,SOUTH 24 PARGANAS,2.3,13.5,-83.0,LD,9.2,72.6,-87.0,LD,2026-10-08 12:57:39.617428
2026-10-08,2026-10-01,2026-10-08,district,GANGETIC WEST BENGAL,WEST BENGAL,WEST MIDNAPORE,0.0,6.6,-100.0,NR,2.1,53.0,-96.0,LD,2026-10-08 12:57:39.617428
2026-10-08,2026-10-01,2026-10-08,district,GUJARAT REGION,DADRA & NAGAR HAVELI AND DAMAN & DIU (UT),DADARA & NAGAR HAVELI,0.0,2.9,-100.0,NR,0.0,18.1,-100.0,NR,2026-10-08 12:57:39.617428
2026-10-08,2026-10-01,2026-10-08,district,GUJARAT REGION,DADRA & NAGAR HAVELI AND DAMAN & DIU (UT),DAMAN,0.0,2.9,-100.0,NR,0.0,18.1,-100.0,NR,2026-10-08 12:57:39.617428
2026-10-08,2026-10-01,2026-10-08,district,GUJARAT REGION,GUJARAT,AHMEDABAD,0.0,2.1,-100.0,NR,0.0,9.1,-100.0,NR,2026-10-08 12:57:39.617428
2026-10-08,2026-10-01,2026-10-08,district,GUJARAT REGION,GUJARAT,ANAND,0.0,0.2,-100.0,NR,0.0,8.7,-100.0,NR,2026-10-08 12:57:39.617428
2026-10-08,2026-10-01,2026-10-08,district,GUJARAT REGION,GUJARAT,ARAVALLI,0.0,1.2,-100.0,NR,0.0,9.5,-100.0,NR,2026-10-08 12:57:39.617428
2026-10-08,2026-10-01,2026-10-08,district,GUJARAT REGION,GUJARAT,BANASKANTHA,0.0,0.5,-100.0,NR,0.0,7.3,-100.0,NR,2026-10-08 12:57:39.617428
2026-10-08,2026-10-01,2026-10-08,district,GUJARAT REGION,GUJARAT,BHARUCH,0.0,2.1,-100.0,NR,0.0,10.2,-100.0,NR,2026-10-08 12:57:39.617428
2026-10-08,2026-10-01,2026-10-08,district,GUJARAT REGION,GUJARAT,CHHOTA UDEPUR,0.0,1.8,-100.0,NR,0.0,13.0,-100.0,NR,2026-10-08 12:57:39.617428
2026-10-08,2026-10-01,2026-10-08,district,GUJARAT REGION,GUJARAT,DAHOD,0.0,3.6,-100.0,NR,0.0,11.3,-100.0,NR,2026-10-08 12:57:39.617428
2026-10-08,2026-10-01,2026-10-08,district,GUJARAT REGION,GUJARAT,DANGS,0.0,3.8,-100.0,NR,0.0,39.0,-100.0,NR,2026-10-08 12:57:39.617428
2026-10-08,2026-10-01,2026-10-08,district,GUJARAT REGION,GUJARAT,GANDHINAGAR,0.0,1.4,-100.0,NR,0.0,8.5,-100.0,NR,2026-10-08 12:57:39.617428
2026-10-08,2026-10-01,2026-10-08,district,GUJARAT REGION,GUJARAT,KHEDA,0.0,0.6,-100.0,NR,0.0,8.6,-100.0,NR,2026-10-08 12:57:39.617428
2026-10-08,2026-10-01,2026-10-08,district,GUJARAT REGION,GUJARAT,MAHISAGAR,0.0,2.2,-100.0,NR,0.0,9.9,-100.0,NR,2026-10-08 12:57:39.617428
2026-10-08,2026-10-01,2026-10-08,district,GUJARAT REGION,GUJARAT,MEHSANA,0.0,0.9,-100.0,NR,0.0,8.6,-100.0,NR,2026-10-08 12:57:39.617428
2026-10-08,2026-10-01,2026-10-08,district,GUJARAT REGION,GUJARAT,NARMADA,0.0,2.3,-100.0,NR,0.0,14.0,-100.0,NR,2026-10-08 12:57:39.617428
2026-10-08,2026-10-01,2026-10-08,district,GUJARAT REGION,GUJARAT,NAVSARI,0.0,1.2,-100.0,NR,0.0,15.5,-100.0,NR,2026-10-08 12:57:39.617428
2026-10-08,2026-10-01,2026-10-08,district,GUJARAT REGION,GUJARAT,PANCHMAHAL,0.0,1.9,-100.0,NR,0.0,9.1,-100.0,NR,2026-10-08 12:57:39.617428
2026-10-08,2026-10-01,2026-10-08,district,GUJARAT REGION,GUJARAT,PATAN,0.0,0.6,-100.0,NR,0.0,6.1,-100.0,NR,2026-10-08 12:57:39.617428
2026-10-08,2026-10-01,2026-10-08,district,GUJARAT REGION,GUJARAT,SABARKANTHA,0.0,1.0,-100.0,NR,0.0,9.3,-100.0,NR,2026-10-08 12:57:39.617428
2026-10-08,2026-10-01,2026-10-08,district,GUJARAT REGION,GUJARAT,SURAT,0.0,1.5,-100.0,NR,0.0,16.6,-100.0,NR,2026-10-08 12:57:39.617428
2026-10-08,2026-10-01,2026-10-08,district,GUJARAT REGION,GUJARAT,TAPI,0.0,0.8,-100.0,NR,0.0,14.1,-100.0,NR,2026-10-08 12:57:39.617428
2026-10-08,2026-10-01,2026-10-08,district,GUJARAT REGION,GUJARAT,VADODARA,0.0,3.6,-100.0,NR,0.0,11.8,-100.0,NR,2026-10-08 12:57:39.617428
2026-10-08,2026-10-01,2026-10-08,district,GUJARAT REGION,GUJARAT,VALSAD,0.0,1.6,-100.0,NR,0.0,22.5,-100.0,NR,2026-10-08 12:57:39.617428
2026-10-08,2026-10-01,2026-10-08,district,HAR. CHD & DELHI,CHANDIGARH (UT),CHANDIGARH,6.3,0.0,62400.0,LE,6.3,11.0,-43.0,D,2026-10-08 12:57:39.617428
2026-10-08,2026-10-01,2026-10-08,district,HAR. CHD & DELHI,DELHI,CENTRAL DELHI,0.0,0.5,-100.0,NR,0.0,9.2,-100.0,NR,2026-10-08 12:57:39.617428
2026-10-08,2026-10-01,2026-10-08,district,HAR. CHD & DELHI,DELHI,EAST DELHI,0.0,0.5,-100.0,NR,0.0,9.2,-100.0,NR,2026-10-08 12:57:39.617428
2026-10-08,2026-10-01,2026-10-08,district,HAR. CHD & DELHI,DELHI,NEW DELHI,0.0,0.1,-100.0,NR,0.0,7.8,-100.0,NR,2026-10-08 12:57:39.617428
2026-10-08,2026-10-01,2026-10-08,district,HAR. CHD & DELHI,DELHI,NORTH EAST DELHI,0.0,0.5,-100.0,NR,0.0,9.2,-100.0,NR,2026-10-08 12:57:39.617428
2026-10-08,2026-10-01,2026-10-08,district,HAR. CHD & DELHI,DELHI,SOUTH DELHI,0.0,0.5,-100.0,NR,0.0,9.2,-100.0,NR,2026-10-08 12:57:39.617428
2026-10-08,2026-10-01,2026-10-08,district,HAR. CHD & DELHI,DELHI,SOUTH EAST DELHI,0.0,0.5,-100.0,NR,0.0,9.2,-100.0,NR,2026-10-08 12:57:39.617428
2026-10-08,2026-10-01,2026-10-08,district,HAR. CHD & DELHI,DELHI,SOUTH WEST DELHI,0.0,0.0,-100.0,NR,0.0,9.0,-100.0,NR,2026-10-08 12:57:39.617428
2026-10-08,2026-10-01,2026-10-08,district,HAR. CHD & DELHI,DELHI,WEST DELHI,0.0,0.3,-100.0,NR,0.0,6.4,-100.0,NR,2026-10-08 12:57:39.617428
2026-10-08,2026-10-01,2026-10-08,district,HAR. CHD & DELHI,HARYANA,AMBALA,0.0,0.0,-100.0,NR,2.8,6.1,-55.0,D,2026-10-08 12:57:39.617428
2026-10-08,2026-10-01,2026-10-08,district,HAR. CHD & DELHI,HARYANA,BHIWANI,0.0,0.1,-100.0,NR,0.0,3.0,-100.0,NR,2026-10-08 12:57:39.617428
2026-10-08,2026-10-01,2026-10-08,district,HAR. CHD & DELHI,HARYANA,CHARKHI DADRI,0.0,0.0,-100.0,NR,0.0,2.3,-100.0,NR,2026-10-08 12:57:39.617428
2026-10-08,2026-10-01,2026-10-08,district,HAR. CHD & DELHI,HARYANA,FARIDABAD,0.0,0.0,-100.0,NR,0.0,6.5,-100.0,NR,2026-10-08 12:57:39.617428
2026-10-08,2026-10-01,2026-10-08,district,HAR. CHD & DELHI,HARYANA,FATEHABAD,0.0,0.3,-100.0,NR,0.0,3.0,-100.0,NR,2026-10-08 12:57:39.617428
2026-10-08,2026-10-01,2026-10-08,district,HAR. CHD & DELHI,HARYANA,GURGAON,0.0,0.1,-100.0,NR,0.0,4.2,-100.0,NR,2026-10-08 12:57:39.617428
2026-10-08,2026-10-01,2026-10-08,district,HAR. CHD & DELHI,HARYANA,HISAR,0.0,0.2,-100.0,NR,0.0,3.7,-100.0,NR,2026-10-08 12:57:39.617428
2026-10-08,2026-10-01,2026-10-08,district,HAR. CHD & DELHI,HARYANA,JHAJJAR,0.0,0.1,-100.0,NR,0.0,1.6,-100.0,NR,2026-10-08 12:57:39.617428
2026-10-08,2026-10-01,2026-10-08,district,HAR. CHD & DELHI,HARYANA,JIND,0.0,0.1,-100.0,NR,0.0,3.7,-100.0,NR,2026-10-08 12:57:39.617428
2026-10-08,2026-10-01,2026-10-08,district,HAR. CHD & DELHI,HARYANA,KAITHAL,0.0,0.1,-100.0,NR,0.0,2.8,-100.0,NR,2026-10-08 12:57:39.617428
2026-10-08,2026-10-01,2026-10-08,district,HAR. CHD & DELHI,HARYANA,KARNAL,0.0,0.1,-100.0,NR,0.0,4.1,-100.0,NR,2026-10-08 12:57:39.617428
2026-10-08,2026-10-01,2026-10-08,district,HAR. CHD & DELHI,HARYANA,KURUKSHETRA,0.0,0.0,-100.0,NR,0.0,4.1,-100.0,NR,2026-10-08 12:57:39.617428
2026-10-08,2026-10-01,2026-10-08,district,HAR. CHD & DELHI,HARYANA,MAHENDRAGARH,0.0,0.3,-100.0,NR,0.0,3.3,-100.0,NR,2026-10-08 12:57:39.617428
2026-10-08,2026-10-01,2026-10-08,district,HAR. CHD & DELHI,HARYANA,NUH,0.0,0.4,-100.0,NR,0.0,4.9,-100.0,NR,2026-10-08 12:57:39.617428
2026-10-08,2026-10-01,2026-10-08,district,HAR. CHD & DELHI,HARYANA,PALWAL,0.0,0.0,-100.0,NR,0.0,3.2,-100.0,NR,2026-10-08 12:57:39.617428
2026-10-08,2026-10-01,2026-10-08,district,HAR. CHD & DELHI,HARYANA,PANCHKULA,5.5,0.2,2650.0,LE,9.4,2.8,235.0,LE,2026-10-08 12:57:39.617428
2026-10-08,2026-10-01,2026-10-08,district,HAR. CHD & DELHI,HARYANA,PANIPAT,0.0,0.3,-100.0,NR,0.0,2.6,-100.0,NR,2026-10-08 12:57:39.617428
2026-10-08,2026-10-01,2026-10-08,district,HAR. CHD & DELHI,HARYANA,REWARI,0.0,0.3,-100.0,NR,0.0,4.5,-100.0,NR,2026-10-08 12:57:39.617428
2026-10-08,2026-10-01,2026-10-08,district,HAR. CHD & DELHI,HARYANA,ROHTAK,0.0,0.4,-100.0,NR,0.0,4.0,-100.0,NR,2026-10-08 12:57:39.617428
2026-10-08,2026-10-01,2026-10-08,district,HAR. CHD & DELHI,HARYANA,SIRSA,0.0,0.0,-100.0,NR,0.0,2.4,-100.0,NR,2026-10-08 12:57:39.617428
2026-10-08,2026-10-01,2026-10-08,district,HAR. CHD & DELHI,HARYANA,SONEPAT,0.0,0.0,-100.0,NR,0.0,3.8,-100.0,NR,2026-10-08 12:57:39.617428
2026-10-08,2026-10-01,2026-10-08,district,HAR. CHD & DELHI,HARYANA,YAMUNA NAGAR,0.0,0.3,-100.0,NR,2.7,4.5,-41.0,D,2026-10-08 12:57:39.617428
2026-10-08,2026-10-01,2026-10-08,district,HIMACHAL PRADESH,HIMACHAL PRADESH,BILASPUR,5.8,0.8,623.0,LE,5.8,3.9,48.0,E,2026-10-08 12:57:39.617428
2026-10-08,2026-10-01,2026-10-08,district,HIMACHAL PRADESH,HIMACHAL PRADESH,CHAMBA,0.0,0.9,-100.0,NR,8.2,7.7,6.0,N,2026-10-08 12:57:39.617428
2026-10-08,2026-10-01,2026-10-08,district,HIMACHAL PRADESH,HIMACHAL PRADESH,HAMIRPUR,0.4,0.4,10.0,N,2.5,6.2,-59.0,D,2026-10-08 12:57:39.617428
2026-10-08,2026-10-01,2026-10-08,district,HIMACHAL PRADESH,HIMACHAL PRADESH,KANGRA,1.6,1.2,36.0,E,19.4,12.6,54.0,E,2026-10-08 12:57:39.617428
2026-10-08,2026-10-01,2026-10-08,district,HIMACHAL PRADESH,HIMACHAL PRADESH,KINNAUR,0.0,0.1,-100.0,NR,0.7,4.1,-83.0,LD,2026-10-08 12:57:39.617428
2026-10-08,2026-10-01,2026-10-08,district,HIMACHAL PRADESH,HIMACHAL PRADESH,KULLU,0.0,0.5,-100.0,NR,7.1,5.9,21.0,E,2026-10-08 12:57:39.617428
2026-10-08,2026-10-01,2026-10-08,district,HIMACHAL PRADESH,HIMACHAL PRADESH,LAHAUL & SPITI,0.0,0.6,-100.0,NR,0.0,6.0,-100.0,NR,2026-10-08 12:57:39.617428
2026-10-08,2026-10-01,2026-10-08,district,HIMACHAL PRADESH,HIMACHAL PRADESH,MANDI,0.2,0.9,-81.0,LD,4.9,5.8,-16.0,N,2026-10-08 12:57:39.617428
2026-10-08,2026-10-01,2026-10-08,district,HIMACHAL PRADESH,HIMACHAL PRADESH,SHIMLA,4.9,1.5,228.0,LE,10.3,6.4,60.0,LE,2026-10-08 12:57:39.617428
2026-10-08,2026-10-01,2026-10-08,district,HIMACHAL PRADESH,HIMACHAL PRADESH,SIRMAUR,3.3,0.6,444.0,LE,4.9,8.8,-44.0,D,2026-10-08 12:57:39.617428
2026-10-08,2026-10-01,2026-10-08,district,HIMACHAL PRADESH,HIMACHAL PRADESH,SOLAN,4.7,0.3,1483.0,LE,8.6,5.2,65.0,LE,2026-10-08 12:57:39.617428
2026-10-08,2026-10-01,2026-10-08,district,HIMACHAL PRADESH,HIMACHAL PRADESH,UNA,1.8,1.2,50.0,E,2.8,7.8,-64.0,LD,2026-10-08 12:57:39.617428
2026-10-08,2026-10-01,2026-10-08,district,J & K AND LADAKH,JAMMU & KASHMIR(UT),ANANTNAG,0.1,1.0,-90.0,LD,0.3,6.0,-94.0,LD,2026-10-08 12:57:39.617428
2026-10-08,2026-10-01,2026-10-08,district,J & K AND LADAKH,JAMMU & KASHMIR(UT),BADGAM,0.0,0.0,-100.0,NR,0.0,4.4,-100.0,NR,2026-10-08 12:57:39.617428
2026-10-08,2026-10-01,2026-10-08,district,J & K AND LADAKH,JAMMU & KASHMIR(UT),BANDIPORA,0.0,0.0,-100.0,NR,0.0,2.8,-100.0,NR,2026-10-08 12:57:39.617428
2026-10-08,2026-10-01,2026-10-08,district,J & K AND LADAKH,JAMMU & KASHMIR(UT),BARAMULA,0.2,0.6,-67.0,LD,0.3,8.0,-96.0,LD,2026-10-08 12:57:39.617428
2026-10-08,2026-10-01,2026-10-08,district,J & K AND LADAKH,JAMMU & KASHMIR(UT),DODA,0.0,0.8,-100.0,NR,3.3,5.2,-38.0,D,2026-10-08 12:57:39.617428
2026-10-08,2026-10-01,2026-10-08,district,J & K AND LADAKH,JAMMU & KASHMIR(UT),GANDERBAL,0.0,2.2,-100.0,NR,0.0,7.3,-100.0,NR,2026-10-08 12:57:39.617428
2026-10-08,2026-10-01,2026-10-08,district,J & K AND LADAKH,JAMMU & KASHMIR(UT),JAMMU,0.8,0.1,650.0,LE,12.2,6.2,97.0,LE,2026-10-08 12:57:39.617428
2026-10-08,2026-10-01,2026-10-08,district,J & K AND LADAKH,JAMMU & KASHMIR(UT),KATHUA,1.4,1.3,5.0,N,2.9,5.4,-47.0,D,2026-10-08 12:57:39.617428
2026-10-08,2026-10-01,2026-10-08,district,J & K AND LADAKH,JAMMU & KASHMIR(UT),KISTWAR,0.0,0.8,-100.0,NR,1.3,5.2,-76.0,LD,2026-10-08 12:57:39.617428
2026-10-08,2026-10-01,2026-10-08,district,J & K AND LADAKH,JAMMU & KASHMIR(UT),KULGAM,0.0,1.9,-100.0,NR,0.0,6.7,-100.0,NR,2026-10-08 12:57:39.617428
2026-10-08,2026-10-01,2026-10-08,district,J & K AND LADAKH,JAMMU & KASHMIR(UT),KUPWARA,0.0,0.6,-100.0,NR,0.0,7.4,-100.0,NR,2026-10-08 12:57:39.617428
2026-10-08,2026-10-01,2026-10-08,district,J & K AND LADAKH,JAMMU & KASHMIR(UT),POONCH,3.0,0.0,29900.0,LE,3.0,4.4,-32.0,D,2026-10-08 12:57:39.617428
2026-10-08,2026-10-01,2026-10-08,district,J & K AND LADAKH,JAMMU & KASHMIR(UT),PULWAMA,0.5,1.9,-74.0,LD,0.5,4.4,-89.0,LD,2026-10-08 12:57:39.617428
2026-10-08,2026-10-01,2026-10-08,district,J & K AND LADAKH,JAMMU & KASHMIR(UT),RAJOURI,10.7,0.0,106900.0,LE,10.7,1.9,452.0,LE,2026-10-08 12:57:39.617428
2026-10-08,2026-10-01,2026-10-08,district,J & K AND LADAKH,JAMMU & KASHMIR(UT),RAMBAN,0.0,1.0,-100.0,NR,0.0,5.6,-100.0,NR,2026-10-08 12:57:39.617428
2026-10-08,2026-10-01,2026-10-08,district,J & K AND LADAKH,JAMMU & KASHMIR(UT),REASI,0.2,1.3,-82.0,LD,6.9,11.0,-37.0,D,2026-10-08 12:57:39.617428
2026-10-08,2026-10-01,2026-10-08,district,J & K AND LADAKH,JAMMU & KASHMIR(UT),SAMBA,1.5,0.0,14900.0,LE,25.0,1.2,1900.0,LE,2026-10-08 12:57:39.617428
2026-10-08,2026-10-01,2026-10-08,district,J & K AND LADAKH,JAMMU & KASHMIR(UT),SHOPIAN,0.0,0.8,-100.0,NR,0.0,4.0,-100.0,NR,2026-10-08 12:57:39.617428
2026-10-08,2026-10-01,2026-10-08,district,J & K AND LADAKH,JAMMU & KASHMIR(UT),SRINAGAR,0.0,0.8,-100.0,NR,0.0,4.3,-100.0,NR,2026-10-08 12:57:39.617428
2026-10-08,2026-10-01,2026-10-08,district,J & K AND LADAKH,JAMMU & KASHMIR(UT),UDHAMPUR,0.0,0.9,-100.0,NR,1.1,10.7,-90.0,LD,2026-10-08 12:57:39.617428
2026-10-08,2026-10-01,2026-10-08,district,J & K AND LADAKH,LADAKH (UT),KARGIL,0.0,0.3,-100.0,NR,0.0,0.3,-100.0,NR,2026-10-08 12:57:39.617428
2026-10-08,2026-10-01,2026-10-08,district,J & K AND LADAKH,LADAKH (UT),LADAKH (LEH),0.0,0.0,-100.0,NR,0.0,0.3,-100.0,NR,2026-10-08 12:57:39.617428
2026-10-08,2026-10-01,2026-10-08,district,JHARKHAND,JHARKHAND,BOKARO,21.6,2.9,643.0,LE,41.2,30.0,37.0,E,2026-10-08 12:57:39.617428
2026-10-08,2026-10-01,2026-10-08,district,JHARKHAND,JHARKHAND,CHATRA,39.8,3.6,1004.0,LE,54.4,28.7,89.0,LE,2026-10-08 12:57:39.617428
2026-10-08,2026-10-01,2026-10-08,district,JHARKHAND,JHARKHAND,DEOGHAR,23.7,3.2,640.0,LE,23.7,38.2,-38.0,D,2026-10-08 12:57:39.617428
2026-10-08,2026-10-01,2026-10-08,district,JHARKHAND,JHARKHAND,DHANBAD,11.9,4.3,176.0,LE,37.0,40.9,-9.0,N,2026-10-08 12:57:39.617428
2026-10-08,2026-10-01,2026-10-08,district,JHARKHAND,JHARKHAND,DUMKA,21.6,6.5,233.0,LE,21.6,57.6,-62.0,LD,2026-10-08 12:57:39.617428
2026-10-08,2026-10-01,2026-10-08,district,JHARKHAND,JHARKHAND,EAST SINGHBHUM,2.7,3.8,-28.0,D,7.9,30.8,-74.0,LD,2026-10-08 12:57:39.617428
2026-10-08,2026-10-01,2026-10-08,district,JHARKHAND,JHARKHAND,GARHWA,13.5,4.3,214.0,LE,13.5,21.3,-37.0,D,2026-10-08 12:57:39.617428
2026-10-08,2026-10-01,2026-10-08,district,JHARKHAND,JHARKHAND,GIRIDIH,12.0,5.0,140.0,LE,27.0,39.1,-31.0,D,2026-10-08 12:57:39.617428
2026-10-08,2026-10-01,2026-10-08,district,JHARKHAND,JHARKHAND,GODDA,7.4,6.8,9.0,N,10.8,45.7,-76.0,LD,2026-10-08 12:57:39.617428
2026-10-08,2026-10-01,2026-10-08,district,JHARKHAND,JHARKHAND,GUMLA,0.8,3.1,-75.0,LD,5.3,31.4,-83.0,LD,2026-10-08 12:57:39.617428
2026-10-08,2026-10-01,2026-10-08,district,JHARKHAND,JHARKHAND,HAZARIBAG,20.6,4.9,320.0,LE,37.3,37.4,0.0,N,2026-10-08 12:57:39.617428
2026-10-08,2026-10-01,2026-10-08,district,JHARKHAND,JHARKHAND,JAMTARA,11.7,5.4,117.0,LE,11.8,49.6,-76.0,LD,2026-10-08 12:57:39.617428
2026-10-08,2026-10-01,2026-10-08,district,JHARKHAND,JHARKHAND,KHUNTI,0.3,4.7,-95.0,LD,2.4,35.4,-93.0,LD,2026-10-08 12:57:39.617428
2026-10-08,2026-10-01,2026-10-08,district,JHARKHAND,JHARKHAND,KODERMA,12.8,3.1,314.0,LE,36.6,32.8,12.0,N,2026-10-08 12:57:39.617428
2026-10-08,2026-10-01,2026-10-08,district,JHARKHAND,JHARKHAND,LATEHAR,11.9,3.7,221.0,LE,23.9,27.0,-11.0,N,2026-10-08 12:57:39.617428
2026-10-08,2026-10-01,2026-10-08,district,JHARKHAND,JHARKHAND,LOHARDAGA,26.6,3.2,730.0,LE,36.2,31.4,15.0,N,2026-10-08 12:57:39.617428
2026-10-08,2026-10-01,2026-10-08,district,JHARKHAND,JHARKHAND,PAKUR,0.3,8.6,-96.0,LD,0.3,63.4,-99.0,LD,2026-10-08 12:57:39.617428
2026-10-08,2026-10-01,2026-10-08,district,JHARKHAND,JHARKHAND,PALAMU,14.5,3.4,326.0,LE,17.4,19.5,-11.0,N,2026-10-08 12:57:39.617428
2026-10-08,2026-10-01,2026-10-08,district,JHARKHAND,JHARKHAND,RAMGARH,11.2,2.5,347.0,LE,15.1,30.7,-51.0,D,2026-10-08 12:57:39.617428
2026-10-08,2026-10-01,2026-10-08,district,JHARKHAND,JHARKHAND,RANCHI,6.1,2.6,135.0,LE,9.9,27.7,-64.0,LD,2026-10-08 12:57:39.617428
2026-10-08,2026-10-01,2026-10-08,district,JHARKHAND,JHARKHAND,SAHIBGANJ,0.0,12.0,-100.0,NR,0.0,54.4,-100.0,NR,2026-10-08 12:57:39.617428
2026-10-08,2026-10-01,2026-10-08,district,JHARKHAND,JHARKHAND,SERAIKELA-KHARSAWAN,0.0,3.8,-100.0,NR,39.8,22.2,79.0,LE,2026-10-08 12:57:39.617428
2026-10-08,2026-10-01,2026-10-08,district,JHARKHAND,JHARKHAND,SIMDEGA,3.2,3.6,-11.0,N,13.1,31.8,-59.0,D,2026-10-08 12:57:39.617428
2026-10-08,2026-10-01,2026-10-08,district,JHARKHAND,JHARKHAND,WEST SINGHBHUM,8.1,3.6,124.0,LE,9.1,28.4,-68.0,LD,2026-10-08 12:57:39.617428
2026-10-08,2026-10-01,2026-10-08,district,KERALA & MAHE,KERALA,ALAPUZHA,2.2,11.7,-81.0,LD,57.0,85.3,-33.0,D,2026-10-08 12:57:39.617428
2026-10-08,2026-10-01,2026-10-08,district,KERALA & MAHE,KERALA,ERNAKULAM,4.4,16.6,-73.0,LD,54.0,92.5,-42.0,D,2026-10-08 12:57:39.617428
2026-10-08,2026-10-01,2026-10-08,district,KERALA & MAHE,KERALA,IDUKKI,0.1,16.5,-99.0,LD,77.2,102.7,-25.0,D,2026-10-08 12:57:39.617428
2026-10-08,2026-10-01,2026-10-08,district,KERALA & MAHE,KERALA,KANNUR,6.4,6.8,-7.0,N,26.1,69.2,-62.0,LD,2026-10-08 12:57:39.617428
2026-10-08,2026-10-01,2026-10-08,district,KERALA & MAHE,KERALA,KASARGOD,3.9,6.3,-38.0,D,39.7,69.6,-43.0,D,2026-10-08 12:57:39.617428
2026-10-08,2026-10-01,2026-10-08,district,KERALA & MAHE,KERALA,KOLLAM,0.0,10.8,-100.0,NR,60.1,87.3,-31.0,D,2026-10-08 12:57:39.617428
2026-10-08,2026-10-01,2026-10-08,district,KERALA & MAHE,KERALA,KOTTAYAM,16.3,12.1,35.0,E,74.7,79.7,-6.0,N,2026-10-08 12:57:39.617428
2026-10-08,2026-10-01,2026-10-08,district,KERALA & MAHE,KERALA,KOZHIKODE,0.1,11.9,-99.0,LD,45.8,82.5,-45.0,D,2026-10-08 12:57:39.617428
2026-10-08,2026-10-01,2026-10-08,district,KERALA & MAHE,KERALA,MALAPPURAM,0.0,11.3,-100.0,NR,33.9,77.1,-56.0,D,2026-10-08 12:57:39.617428
2026-10-08,2026-10-01,2026-10-08,district,KERALA & MAHE,KERALA,PALAKKAD,0.0,7.4,-100.0,NR,55.1,53.6,3.0,N,2026-10-08 12:57:39.617428
2026-10-08,2026-10-01,2026-10-08,district,KERALA & MAHE,KERALA,PATHANAMTHITTA,2.9,9.2,-68.0,LD,147.6,84.7,74.0,LE,2026-10-08 12:57:39.617428
2026-10-08,2026-10-01,2026-10-08,district,KERALA & MAHE,KERALA,THIRUVANANTHAPURAM,0.0,10.9,-100.0,NR,44.3,63.4,-30.0,D,2026-10-08 12:57:39.617428
2026-10-08,2026-10-01,2026-10-08,district,KERALA & MAHE,KERALA,THRISSUR,2.2,12.7,-83.0,LD,62.4,91.9,-32.0,D,2026-10-08 12:57:39.617428
2026-10-08,2026-10-01,2026-10-08,district,KERALA & MAHE,KERALA,WYNAD,8.3,8.6,-3.0,N,46.1,58.7,-22.0,D,2026-10-08 12:57:39.617428
2026-10-08,2026-10-01,2026-10-08,district,KONKAN & GOA,GOA,NORTH GOA,0.0,6.6,-100.0,NR,1.9,67.6,-97.0,LD,2026-10-08 12:57:39.617428
2026-10-08,2026-10-01,2026-10-08,district,KONKAN & GOA,GOA,SOUTH GOA,0.0,5.7,-100.0,NR,1.3,65.8,-98.0,LD,2026-10-08 12:57:39.617428
2026-10-08,2026-10-01,2026-10-08,district,KONKAN & GOA,MAHARASHTRA,MUMBAI CITY,0.0,2.4,-100.0,NR,0.0,43.3,-100.0,NR,2026-10-08 12:57:39.617428
2026-10-08,2026-10-01,2026-10-08,district,KONKAN & GOA,MAHARASHTRA,MUMBAI SUBURBAN,0.0,7.7,-100.0,NR,4.4,48.7,-91.0,LD,2026-10-08 12:57:39.617428
2026-10-08,2026-10-01,2026-10-08,district,KONKAN & GOA,MAHARASHTRA,PALGHAR,0.0,3.5,-100.0,NR,2.3,31.0,-93.0,LD,2026-10-08 12:57:39.617428
2026-10-08,2026-10-01,2026-10-08,district,KONKAN & GOA,MAHARASHTRA,RAIGAD,0.0,6.6,-100.0,NR,3.9,57.3,-93.0,LD,2026-10-08 12:57:39.617428
2026-10-08,2026-10-01,2026-10-08,district,KONKAN & GOA,MAHARASHTRA,RATNAGIRI,0.0,4.6,-100.0,NR,0.4,64.0,-99.0,LD,2026-10-08 12:57:39.617428
2026-10-08,2026-10-01,2026-10-08,district,KONKAN & GOA,MAHARASHTRA,SINDHUDURG,0.0,5.1,-99.0,LD,3.5,70.3,-95.0,LD,2026-10-08 12:57:39.617428
2026-10-08,2026-10-01,2026-10-08,district,KONKAN & GOA,MAHARASHTRA,THANE,0.0,4.7,-100.0,NR,11.0,36.8,-70.0,LD,2026-10-08 12:57:39.617428
2026-10-08,2026-10-01,2026-10-08,district,LAKSHADWEEP,LAKSHADWEEP,LAKSHADWEEP,0.5,4.2,-89.0,LD,28.7,38.9,-26.0,D,2026-10-08 12:57:39.617428
2026-10-08,2026-10-01,2026-10-08,district,MADHYA MAHARASHTRA,MAHARASHTRA,AHMEDNAGAR,0.0,3.5,-100.0,NR,0.5,31.1,-98.0,LD,2026-10-08 12:57:39.617428
2026-10-08,2026-10-01,2026-10-08,district,MADHYA MAHARASHTRA,MAHARASHTRA,DHULE,0.0,1.4,-100.0,NR,0.0,17.6,-100.0,NR,2026-10-08 12:57:39.617428
2026-10-08,2026-10-01,2026-10-08,district,MADHYA MAHARASHTRA,MAHARASHTRA,JALGAON,0.0,1.4,-100.0,NR,0.0,19.0,-100.0,NR,2026-10-08 12:57:39.617428
2026-10-08,2026-10-01,2026-10-08,district,MADHYA MAHARASHTRA,MAHARASHTRA,KOLHAPUR,0.0,4.1,-100.0,NR,8.7,49.4,-82.0,LD,2026-10-08 12:57:39.617428
2026-10-08,2026-10-01,2026-10-08,district,MADHYA MAHARASHTRA,MAHARASHTRA,NANDURBAR,0.0,1.7,-100.0,NR,0.0,14.9,-100.0,NR,2026-10-08 12:57:39.617428
2026-10-08,2026-10-01,2026-10-08,district,MADHYA MAHARASHTRA,MAHARASHTRA,NASHIK,0.0,2.7,-100.0,NR,1.4,28.3,-95.0,LD,2026-10-08 12:57:39.617428
2026-10-08,2026-10-01,2026-10-08,district,MADHYA MAHARASHTRA,MAHARASHTRA,PUNE,0.0,4.4,-100.0,NR,1.5,36.6,-96.0,LD,2026-10-08 12:57:39.617428
2026-10-08,2026-10-01,2026-10-08,district,MADHYA MAHARASHTRA,MAHARASHTRA,SANGLI,0.0,5.0,-100.0,NR,3.9,45.4,-91.0,LD,2026-10-08 12:57:39.617428
2026-10-08,2026-10-01,2026-10-08,district,MADHYA MAHARASHTRA,MAHARASHTRA,SATARA,0.0,4.2,-100.0,NR,1.4,42.1,-97.0,LD,2026-10-08 12:57:39.617428
2026-10-08,2026-10-01,2026-10-08,district,MADHYA MAHARASHTRA,MAHARASHTRA,SHOLAPUR,0.0,4.5,-100.0,NR,0.0,39.7,-100.0,NR,2026-10-08 12:57:39.617428
2026-10-08,2026-10-01,2026-10-08,district,MARATHWADA,MAHARASHTRA,BEED,0.0,4.6,-100.0,NR,0.0,30.4,-100.0,NR,2026-10-08 12:57:39.617428
2026-10-08,2026-10-01,2026-10-08,district,MARATHWADA,MAHARASHTRA,CHHATRAPATI SAMBHAJINAGAR,0.0,2.0,-100.0,NR,0.0,22.1,-100.0,NR,2026-10-08 12:57:39.617428
2026-10-08,2026-10-01,2026-10-08,district,MARATHWADA,MAHARASHTRA,DHARASHIV,0.0,4.3,-100.0,NR,0.0,35.4,-100.0,NR,2026-10-08 12:57:39.617428
2026-10-08,2026-10-01,2026-10-08,district,MARATHWADA,MAHARASHTRA,HINGOLI,0.0,1.8,-100.0,NR,0.0,27.2,-100.0,NR,2026-10-08 12:57:39.617428
2026-10-08,2026-10-01,2026-10-08,district,MARATHWADA,MAHARASHTRA,JALNA,0.0,2.5,-100.0,NR,0.0,24.9,-100.0,NR,2026-10-08 12:57:39.617428
2026-10-08,2026-10-01,2026-10-08,district,MARATHWADA,MAHARASHTRA,LATUR,0.0,2.6,-100.0,NR,0.0,39.4,-100.0,NR,2026-10-08 12:57:39.617428
2026-10-08,2026-10-01,2026-10-08,district,MARATHWADA,MAHARASHTRA,NANDED,0.0,2.1,-100.0,NR,0.0,32.8,-100.0,NR,2026-10-08 12:57:39.617428
2026-10-08,2026-10-01,2026-10-08,district,MARATHWADA,MAHARASHTRA,PARBHANI,0.0,3.2,-100.0,NR,0.0,33.2,-100.0,NR,2026-10-08 12:57:39.617428
2026-10-08,2026-10-01,2026-10-08,district,N. I. KARNATAKA,KARNATAKA,BAGALKOTE,0.0,3.0,-100.0,NR,0.0,44.5,-100.0,NR,2026-10-08 12:57:39.617428
2026-10-08,2026-10-01,2026-10-08,district,N. I. KARNATAKA,KARNATAKA,BELAGAVI,0.0,3.4,-100.0,NR,4.2,42.3,-90.0,LD,2026-10-08 12:57:39.617428
2026-10-08,2026-10-01,2026-10-08,district,N. I. KARNATAKA,KARNATAKA,BIDAR,0.0,2.4,-100.0,NR,0.0,39.2,-100.0,NR,2026-10-08 12:57:39.617428
2026-10-08,2026-10-01,2026-10-08,district,N. I. KARNATAKA,KARNATAKA,DHARWAD,0.0,2.6,-100.0,NR,20.0,41.1,-51.0,D,2026-10-08 12:57:39.617428
2026-10-08,2026-10-01,2026-10-08,district,N. I. KARNATAKA,KARNATAKA,GADAG,0.0,4.3,-100.0,NR,7.8,41.6,-81.0,LD,2026-10-08 12:57:39.617428
2026-10-08,2026-10-01,2026-10-08,district,N. I. KARNATAKA,KARNATAKA,HAVERI,0.0,2.8,-100.0,NR,17.0,40.7,-58.0,D,2026-10-08 12:57:39.617428
2026-10-08,2026-10-01,2026-10-08,district,N. I. KARNATAKA,KARNATAKA,KALABURAGI,0.0,3.0,-100.0,NR,0.0,41.7,-100.0,NR,2026-10-08 12:57:39.617428
2026-10-08,2026-10-01,2026-10-08,district,N. I. KARNATAKA,KARNATAKA,KOPPAL,0.0,2.5,-100.0,NR,5.9,42.5,-86.0,LD,2026-10-08 12:57:39.617428
2026-10-08,2026-10-01,2026-10-08,district,N. I. KARNATAKA,KARNATAKA,RAICHUR,0.0,2.4,-100.0,NR,0.0,44.6,-100.0,NR,2026-10-08 12:57:39.617428
2026-10-08,2026-10-01,2026-10-08,district,N. I. KARNATAKA,KARNATAKA,VIJAYAPURA,0.0,3.4,-100.0,NR,0.3,45.7,-99.0,LD,2026-10-08 12:57:39.617428
2026-10-08,2026-10-01,2026-10-08,district,N. I. KARNATAKA,KARNATAKA,YADGIR,0.0,2.1,-100.0,NR,0.0,39.3,-100.0,NR,2026-10-08 12:57:39.617428
2026-10-08,2026-10-01,2026-10-08,district,NMMT,MANIPUR,BISHNUPUR,4.0,5.6,-29.0,D,11.2,43.2,-74.0,LD,2026-10-08 12:57:39.617428
2026-10-08,2026-10-01,2026-10-08,district,NMMT,MANIPUR,CHANDEL,1.1,5.6,-80.0,LD,29.2,43.2,-33.0,D,2026-10-08 12:57:39.617428
2026-10-08,2026-10-01,2026-10-08,district,NMMT,MANIPUR,CHURACHANDPUR,0.0,5.6,-100.0,NR,12.5,43.2,-71.0,LD,2026-10-08 12:57:39.617428
2026-10-08,2026-10-01,2026-10-08,district,NMMT,MANIPUR,IMPHAL EAST,2.0,5.2,-62.0,LD,43.3,39.1,11.0,N,2026-10-08 12:57:39.617428
2026-10-08,2026-10-01,2026-10-08,district,NMMT,MANIPUR,IMPHAL WEST,1.0,10.6,-91.0,LD,50.4,68.2,-26.0,D,2026-10-08 12:57:39.617428
2026-10-08,2026-10-01,2026-10-08,district,NMMT,MANIPUR,SENAPATI,5.4,10.2,-47.0,D,55.4,48.7,14.0,N,2026-10-08 12:57:39.617428
2026-10-08,2026-10-01,2026-10-08,district,NMMT,MANIPUR,TAMENGLONG,3.2,12.1,-74.0,LD,69.3,108.3,-36.0,D,2026-10-08 12:57:39.617428
2026-10-08,2026-10-01,2026-10-08,district,NMMT,MANIPUR,THOUBAL,0.2,5.2,-96.0,LD,35.4,39.1,-9.0,N,2026-10-08 12:57:39.617428
2026-10-08,2026-10-01,2026-10-08,district,NMMT,MANIPUR,UKHRUL,0.0,3.8,-100.0,NR,49.3,24.6,100.0,LE,2026-10-08 12:57:39.617428
2026-10-08,2026-10-01,2026-10-08,district,NMMT,MIZORAM,AIZAWL,0.0,9.4,-100.0,NR,59.7,75.6,-21.0,D,2026-10-08 12:57:39.617428
2026-10-08,2026-10-01,2026-10-08,district,NMMT,MIZORAM,CHAMPHAI,0.1,9.3,-99.0,LD,59.3,65.8,-10.0,N,2026-10-08 12:57:39.617428
2026-10-08,2026-10-01,2026-10-08,district,NMMT,MIZORAM,KOLASIB,1.4,11.1,-88.0,LD,80.1,94.0,-15.0,N,2026-10-08 12:57:39.617428
2026-10-08,2026-10-01,2026-10-08,district,NMMT,MIZORAM,LAWNGTLAI,53.0,12.6,321.0,LE,187.4,82.1,128.0,LE,2026-10-08 12:57:39.617428
2026-10-08,2026-10-01,2026-10-08,district,NMMT,MIZORAM,LUNGLEI,2.5,14.3,-82.0,LD,71.6,85.6,-16.0,N,2026-10-08 12:57:39.617428
2026-10-08,2026-10-01,2026-10-08,district,NMMT,MIZORAM,MAMIT,0.8,16.7,-95.0,LD,51.6,94.4,-45.0,D,2026-10-08 12:57:39.617428
2026-10-08,2026-10-01,2026-10-08,district,NMMT,MIZORAM,SAIHA,0.0,8.4,-100.0,NR,155.4,98.2,58.0,E,2026-10-08 12:57:39.617428
2026-10-08,2026-10-01,2026-10-08,district,NMMT,MIZORAM,SERCHHIP,0.0,10.0,-100.0,NR,43.9,66.1,-34.0,D,2026-10-08 12:57:39.617428
2026-10-08,2026-10-01,2026-10-08,district,NMMT,NAGALAND,DIMAPUR,0.0,8.5,-100.0,NR,16.1,42.4,-62.0,LD,2026-10-08 12:57:39.617428
2026-10-08,2026-10-01,2026-10-08,district,NMMT,NAGALAND,KIPHIRE,6.0,4.2,44.0,E,50.4,27.5,83.0,LE,2026-10-08 12:57:39.617428
2026-10-08,2026-10-01,2026-10-08,district,NMMT,NAGALAND,KOHIMA,1.1,5.6,-80.0,LD,41.8,50.7,-18.0,N,2026-10-08 12:57:39.617428
2026-10-08,2026-10-01,2026-10-08,district,NMMT,NAGALAND,LONGLENG,0.0,8.6,-100.0,NR,0.0,36.3,-100.0,NR,2026-10-08 12:57:39.617428
2026-10-08,2026-10-01,2026-10-08,district,NMMT,NAGALAND,MOKOKCHUNG,0.0,8.6,-100.0,NR,71.3,45.7,56.0,E,2026-10-08 12:57:39.617428
2026-10-08,2026-10-01,2026-10-08,district,NMMT,NAGALAND,MON,0.4,5.5,-93.0,LD,64.8,38.5,68.0,LE,2026-10-08 12:57:39.617428
2026-10-08,2026-10-01,2026-10-08,district,NMMT,NAGALAND,PEREN,0.5,6.6,-92.0,LD,52.1,41.8,25.0,E,2026-10-08 12:57:39.617428
2026-10-08,2026-10-01,2026-10-08,district,NMMT,NAGALAND,PHEK,0.4,4.7,-91.0,LD,34.4,38.8,-11.0,N,2026-10-08 12:57:39.617428
2026-10-08,2026-10-01,2026-10-08,district,NMMT,NAGALAND,TUENSANG,0.0,8.6,-100.0,NR,0.6,36.3,-98.0,LD,2026-10-08 12:57:39.617428
2026-10-08,2026-10-01,2026-10-08,district,NMMT,NAGALAND,WOKHA,0.0,6.7,-100.0,NR,29.9,47.9,-38.0,D,2026-10-08 12:57:39.617428
2026-10-08,2026-10-01,2026-10-08,district,NMMT,NAGALAND,ZUNHEBOTO,0.0,4.3,-100.0,NR,82.8,29.9,177.0,LE,2026-10-08 12:57:39.617428
2026-10-08,2026-10-01,2026-10-08,district,NMMT,TRIPURA,DHALAI,8.2,11.2,-27.0,D,17.1,59.1,-71.0,LD,2026-10-08 12:57:39.617428
2026-10-08,2026-10-01,2026-10-08,district,NMMT,TRIPURA,GOMATI,0.6,10.7,-95.0,LD,12.5,62.5,-80.0,LD,2026-10-08 12:57:39.617428
2026-10-08,2026-10-01,2026-10-08,district,NMMT,TRIPURA,KHOWAI,0.4,8.8,-95.0,LD,15.5,64.0,-76.0,LD,2026-10-08 12:57:39.617428
2026-10-08,2026-10-01,2026-10-08,district,NMMT,TRIPURA,NORTH TRIPURA,1.9,8.8,-79.0,LD,37.3,59.3,-37.0,D,2026-10-08 12:57:39.617428
2026-10-08,2026-10-01,2026-10-08,district,NMMT,TRIPURA,SIPAHIJALA,0.2,12.3,-98.0,LD,19.1,69.5,-73.0,LD,2026-10-08 12:57:39.617428
2026-10-08,2026-10-01,2026-10-08,district,NMMT,TRIPURA,SOUTH TRIPURA,0.0,12.4,-100.0,NR,25.1,58.5,-57.0,D,2026-10-08 12:57:39.617428
2026-10-08,2026-10-01,2026-10-08,district,NMMT,TRIPURA,UNAKOTI,14.3,8.8,63.0,LE,82.6,60.9,36.0,E,2026-10-08 12:57:39.617428
2026-10-08,2026-10-01,2026-10-08,district,NMMT,TRIPURA,WEST TRIPURA,3.5,10.2,-66.0,LD,16.6,65.0,-75.0,LD,2026-10-08 12:57:39.617428
2026-10-08,2026-10-01,2026-10-08,district,ODISHA,ODISHA,ANGUL,0.7,4.8,-85.0,LD,0.7,36.5,-98.0,LD,2026-10-08 12:57:39.617428
2026-10-08,2026-10-01,2026-10-08,district,ODISHA,ODISHA,BALANGIR,8.2,2.7,204.0,LE,8.2,24.1,-66.0,LD,2026-10-08 12:57:39.617428
2026-10-08,2026-10-01,2026-10-08,district,ODISHA,ODISHA,BALASORE,4.6,9.5,-52.0,D,5.8,76.7,-92.0,LD,2026-10-08 12:57:39.617428
2026-10-08,2026-10-01,2026-10-08,district,ODISHA,ODISHA,BARGARH,0.0,3.9,-100.0,NR,0.0,23.6,-100.0,NR,2026-10-08 12:57:39.617428
2026-10-08,2026-10-01,2026-10-08,district,ODISHA,ODISHA,BHADRAK,0.3,11.1,-98.0,LD,3.7,66.1,-94.0,LD,2026-10-08 12:57:39.617428
2026-10-08,2026-10-01,2026-10-08,district,ODISHA,ODISHA,BOUDH,4.1,2.9,41.0,E,6.4,24.6,-74.0,LD,2026-10-08 12:57:39.617428
2026-10-08,2026-10-01,2026-10-08,district,ODISHA,ODISHA,CUTTACK,0.0,8.2,-100.0,NR,0.0,57.2,-100.0,NR,2026-10-08 12:57:39.617428
2026-10-08,2026-10-01,2026-10-08,district,ODISHA,ODISHA,DEOGARH,0.0,4.0,-100.0,NR,1.1,26.7,-96.0,LD,2026-10-08 12:57:39.617428
2026-10-08,2026-10-01,2026-10-08,district,ODISHA,ODISHA,DHENKANAL,0.0,5.5,-100.0,NR,8.2,44.9,-82.0,LD,2026-10-08 12:57:39.617428
2026-10-08,2026-10-01,2026-10-08,district,ODISHA,ODISHA,GAJAPATI,0.1,5.1,-99.0,LD,5.7,59.0,-90.0,LD,2026-10-08 12:57:39.617428
2026-10-08,2026-10-01,2026-10-08,district,ODISHA,ODISHA,GANJAM,6.0,7.6,-21.0,D,6.4,67.2,-90.0,LD,2026-10-08 12:57:39.617428
2026-10-08,2026-10-01,2026-10-08,district,ODISHA,ODISHA,JAGATSINGHPUR,1.6,11.2,-86.0,LD,1.6,67.8,-98.0,LD,2026-10-08 12:57:39.617428
2026-10-08,2026-10-01,2026-10-08,district,ODISHA,ODISHA,JAJPUR,0.0,7.2,-100.0,NR,4.3,57.3,-92.0,LD,2026-10-08 12:57:39.617428
2026-10-08,2026-10-01,2026-10-08,district,ODISHA,ODISHA,JHARSUGUDA,0.0,2.8,-100.0,NR,2.4,26.1,-91.0,LD,2026-10-08 12:57:39.617428
2026-10-08,2026-10-01,2026-10-08,district,ODISHA,ODISHA,KALAHANDI,3.2,2.6,22.0,E,3.2,35.5,-91.0,LD,2026-10-08 12:57:39.617428
2026-10-08,2026-10-01,2026-10-08,district,ODISHA,ODISHA,KANDHAMAL,5.8,6.6,-13.0,N,6.9,50.3,-86.0,LD,2026-10-08 12:57:39.617428
2026-10-08,2026-10-01,2026-10-08,district,ODISHA,ODISHA,KENDRAPARA,0.0,12.9,-100.0,NR,0.0,74.4,-100.0,NR,2026-10-08 12:57:39.617428
2026-10-08,2026-10-01,2026-10-08,district,ODISHA,ODISHA,KEONJHARGARH,0.4,6.3,-94.0,LD,1.0,41.8,-98.0,LD,2026-10-08 12:57:39.617428
2026-10-08,2026-10-01,2026-10-08,district,ODISHA,ODISHA,KHURDA,0.0,7.3,-100.0,NR,0.0,61.7,-100.0,NR,2026-10-08 12:57:39.617428
2026-10-08,2026-10-01,2026-10-08,district,ODISHA,ODISHA,KORAPUT,9.1,4.8,90.0,LE,10.4,51.8,-80.0,LD,2026-10-08 12:57:39.617428
2026-10-08,2026-10-01,2026-10-08,district,ODISHA,ODISHA,MALKANGIRI,0.0,4.3,-100.0,NR,0.0,48.5,-100.0,NR,2026-10-08 12:57:39.617428
2026-10-08,2026-10-01,2026-10-08,district,ODISHA,ODISHA,MAYURBHANJ,5.7,5.2,10.0,N,6.7,46.1,-85.0,LD,2026-10-08 12:57:39.617428
2026-10-08,2026-10-01,2026-10-08,district,ODISHA,ODISHA,NAWAPARA,0.6,3.4,-82.0,LD,1.0,30.2,-97.0,LD,2026-10-08 12:57:39.617428
2026-10-08,2026-10-01,2026-10-08,district,ODISHA,ODISHA,NAWARANGPUR,0.8,3.2,-76.0,LD,1.7,42.5,-96.0,LD,2026-10-08 12:57:39.617428
2026-10-08,2026-10-01,2026-10-08,district,ODISHA,ODISHA,NAYAGARH,8.5,7.2,18.0,N,8.5,58.0,-85.0,LD,2026-10-08 12:57:39.617428
2026-10-08,2026-10-01,2026-10-08,district,ODISHA,ODISHA,PURI,1.2,9.8,-88.0,LD,1.2,66.9,-98.0,LD,2026-10-08 12:57:39.617428
2026-10-08,2026-10-01,2026-10-08,district,ODISHA,ODISHA,RAYAGADA,0.2,4.3,-95.0,LD,0.2,44.0,-99.0,LD,2026-10-08 12:57:39.617428
2026-10-08,2026-10-01,2026-10-08,district,ODISHA,ODISHA,SAMBALPUR,1.7,3.5,-50.0,D,1.9,24.9,-92.0,LD,2026-10-08 12:57:39.617428
2026-10-08,2026-10-01,2026-10-08,district,ODISHA,ODISHA,SONEPUR,3.8,4.2,-10.0,N,3.8,20.8,-82.0,LD,2026-10-08 12:57:39.617428
2026-10-08,2026-10-01,2026-10-08,district,ODISHA,ODISHA,SUNDARGARH,0.7,3.3,-78.0,LD,6.8,25.5,-73.0,LD,2026-10-08 12:57:39.617428
2026-10-08,2026-10-01,2026-10-08,district,PUNJAB,PUNJAB,AMRITSAR,0.0,0.0,-100.0,NR,0.4,2.8,-85.0,LD,2026-10-08 12:57:39.617428
2026-10-08,2026-10-01,2026-10-08,district,PUNJAB,PUNJAB,BARNALA,0.0,0.0,-100.0,NR,0.0,2.2,-100.0,NR,2026-10-08 12:57:39.617428
2026-10-08,2026-10-01,2026-10-08,district,PUNJAB,PUNJAB,BHATINDA,0.0,0.0,-100.0,NR,0.0,4.0,-100.0,NR,2026-10-08 12:57:39.617428
2026-10-08,2026-10-01,2026-10-08,district,PUNJAB,PUNJAB,FARIDKOT,0.0,0.0,-100.0,NR,0.0,1.2,-100.0,NR,2026-10-08 12:57:39.617428
2026-10-08,2026-10-01,2026-10-08,district,PUNJAB,PUNJAB,FATEHGARH SAHIB,0.0,0.1,-100.0,NR,0.0,1.8,-100.0,NR,2026-10-08 12:57:39.617428
2026-10-08,2026-10-01,2026-10-08,district,PUNJAB,PUNJAB,FAZILKA,0.0,0.0,-100.0,NR,0.0,0.9,-100.0,NR,2026-10-08 12:57:39.617428
2026-10-08,2026-10-01,2026-10-08,district,PUNJAB,PUNJAB,FEROZEPUR,0.0,0.0,-100.0,NR,0.0,1.9,-100.0,NR,2026-10-08 12:57:39.617428
2026-10-08,2026-10-01,2026-10-08,district,PUNJAB,PUNJAB,GURDASPUR,0.0,0.7,-100.0,NR,0.5,3.6,-87.0,LD,2026-10-08 12:57:39.617428
2026-10-08,2026-10-01,2026-10-08,district,PUNJAB,PUNJAB,HOSHIARPUR,12.4,0.0,123650.0,LE,12.4,3.5,253.0,LE,2026-10-08 12:57:39.617428
2026-10-08,2026-10-01,2026-10-08,district,PUNJAB,PUNJAB,JALANDHAR,0.0,0.0,-80.0,LD,0.0,1.7,-99.0,LD,2026-10-08 12:57:39.617428
2026-10-08,2026-10-01,2026-10-08,district,PUNJAB,PUNJAB,KAPURTHALA,0.0,0.2,-100.0,NR,0.0,2.5,-100.0,NR,2026-10-08 12:57:39.617428
2026-10-08,2026-10-01,2026-10-08,district,PUNJAB,PUNJAB,LUDHIANA,0.0,0.0,-100.0,NR,0.0,2.2,-100.0,NR,2026-10-08 12:57:39.617428
2026-10-08,2026-10-01,2026-10-08,district,PUNJAB,PUNJAB,MANSA,0.0,0.0,-100.0,NR,0.0,2.4,-100.0,NR,2026-10-08 12:57:39.617428
2026-10-08,2026-10-01,2026-10-08,district,PUNJAB,PUNJAB,MOGA,0.0,0.0,-100.0,NR,0.0,2.0,-100.0,NR,2026-10-08 12:57:39.617428
2026-10-08,2026-10-01,2026-10-08,district,PUNJAB,PUNJAB,MUKTSAR,0.0,0.0,-100.0,NR,0.0,1.7,-100.0,NR,2026-10-08 12:57:39.617428
2026-10-08,2026-10-01,2026-10-08,district,PUNJAB,PUNJAB,PATHANKOT,8.8,1.3,579.0,LE,9.5,4.1,131.0,LE,2026-10-08 12:57:39.617428
2026-10-08,2026-10-01,2026-10-08,district,PUNJAB,PUNJAB,PATIALA,0.0,0.3,-100.0,NR,0.0,3.4,-100.0,NR,2026-10-08 12:57:39.617428
2026-10-08,2026-10-01,2026-10-08,district,PUNJAB,PUNJAB,RUPNAGAR,2.0,0.5,300.0,LE,4.0,5.7,-30.0,D,2026-10-08 12:57:39.617428
2026-10-08,2026-10-01,2026-10-08,district,PUNJAB,PUNJAB,SANGRUR,0.0,0.1,-100.0,NR,0.0,3.4,-100.0,NR,2026-10-08 12:57:39.617428
2026-10-08,2026-10-01,2026-10-08,district,PUNJAB,PUNJAB,SAS NAGAR (MOHALI),0.0,0.0,-100.0,NR,0.0,2.8,-100.0,NR,2026-10-08 12:57:39.617428
2026-10-08,2026-10-01,2026-10-08,district,PUNJAB,PUNJAB,SBS NAGAR,0.0,0.0,-67.0,LD,0.0,3.4,-99.0,LD,2026-10-08 12:57:39.617428
2026-10-08,2026-10-01,2026-10-08,district,PUNJAB,PUNJAB,TARN TARAN,0.0,0.0,-100.0,NR,0.0,0.7,-100.0,NR,2026-10-08 12:57:39.617428
2026-10-08,2026-10-01,2026-10-08,district,RAYALASEEMA,ANDHRA PRADESH,ANANTAPURAMU,0.0,3.2,-100.0,NR,4.4,38.0,-88.0,LD,2026-10-08 12:57:39.617428
2026-10-08,2026-10-01,2026-10-08,district,RAYALASEEMA,ANDHRA PRADESH,ANNAMAYYA DISTRICT,0.0,3.6,-100.0,NR,43.2,40.6,6.0,N,2026-10-08 12:57:39.617428
2026-10-08,2026-10-01,2026-10-08,district,RAYALASEEMA,ANDHRA PRADESH,CHITTOOR,0.0,4.7,-100.0,NR,34.0,50.1,-32.0,D,2026-10-08 12:57:39.617428
2026-10-08,2026-10-01,2026-10-08,district,RAYALASEEMA,ANDHRA PRADESH,KURNOOL,0.0,3.0,-100.0,NR,0.0,44.2,-100.0,NR,2026-10-08 12:57:39.617428
2026-10-08,2026-10-01,2026-10-08,district,RAYALASEEMA,ANDHRA PRADESH,NANDYAL,0.0,3.4,-100.0,NR,0.7,43.7,-98.0,LD,2026-10-08 12:57:39.617428
2026-10-08,2026-10-01,2026-10-08,district,RAYALASEEMA,ANDHRA PRADESH,SRI SATHYASAI DISTRICT,0.9,3.3,-74.0,LD,20.0,44.2,-55.0,D,2026-10-08 12:57:39.617428
2026-10-08,2026-10-01,2026-10-08,district,RAYALASEEMA,ANDHRA PRADESH,TIRUPATI,0.2,2.9,-93.0,LD,7.4,40.5,-82.0,LD,2026-10-08 12:57:39.617428
2026-10-08,2026-10-01,2026-10-08,district,RAYALASEEMA,ANDHRA PRADESH,YSR DISTRICT,1.6,3.2,-51.0,D,3.8,40.6,-91.0,LD,2026-10-08 12:57:39.617428
2026-10-08,2026-10-01,2026-10-08,district,S. I. KARNATAKA,KARNATAKA,BALLARI,3.3,2.3,45.0,E,3.7,42.1,-91.0,LD,2026-10-08 12:57:39.617428
2026-10-08,2026-10-01,2026-10-08,district,S. I. KARNATAKA,KARNATAKA,BENGALURU RURAL,0.0,4.5,-100.0,NR,43.1,50.5,-15.0,N,2026-10-08 12:57:39.617428
2026-10-08,2026-10-01,2026-10-08,district,S. I. KARNATAKA,KARNATAKA,BENGALURU URBAN,0.0,4.4,-100.0,NR,43.2,48.6,-11.0,N,2026-10-08 12:57:39.617428
2026-10-08,2026-10-01,2026-10-08,district,S. I. KARNATAKA,KARNATAKA,CHAMARAJANAGAR,1.1,6.6,-84.0,LD,43.1,49.9,-14.0,N,2026-10-08 12:57:39.617428
2026-10-08,2026-10-01,2026-10-08,district,S. I. KARNATAKA,KARNATAKA,CHIKABALLAPURA,4.7,3.3,41.0,E,29.0,49.0,-41.0,D,2026-10-08 12:57:39.617428
2026-10-08,2026-10-01,2026-10-08,district,S. I. KARNATAKA,KARNATAKA,CHIKKAMAGALURU,0.7,3.5,-81.0,LD,41.2,51.6,-20.0,D,2026-10-08 12:57:39.617428
2026-10-08,2026-10-01,2026-10-08,district,S. I. KARNATAKA,KARNATAKA,CHITRADURGA,0.0,3.1,-100.0,NR,11.5,40.0,-71.0,LD,2026-10-08 12:57:39.617428
2026-10-08,2026-10-01,2026-10-08,district,S. I. KARNATAKA,KARNATAKA,DAVANGERE,0.0,2.7,-100.0,NR,7.4,41.6,-82.0,LD,2026-10-08 12:57:39.617428
2026-10-08,2026-10-01,2026-10-08,district,S. I. KARNATAKA,KARNATAKA,HASSAN,0.0,4.7,-100.0,NR,33.8,42.9,-21.0,D,2026-10-08 12:57:39.617428
2026-10-08,2026-10-01,2026-10-08,district,S. I. KARNATAKA,KARNATAKA,KODAGU,1.2,5.6,-79.0,LD,35.6,59.7,-40.0,D,2026-10-08 12:57:39.617428
2026-10-08,2026-10-01,2026-10-08,district,S. I. KARNATAKA,KARNATAKA,KOLAR,0.0,3.9,-100.0,NR,11.9,47.4,-75.0,LD,2026-10-08 12:57:39.617428
2026-10-08,2026-10-01,2026-10-08,district,S. I. KARNATAKA,KARNATAKA,MANDYA,0.0,5.8,-100.0,NR,10.9,44.2,-75.0,LD,2026-10-08 12:57:39.617428
2026-10-08,2026-10-01,2026-10-08,district,S. I. KARNATAKA,KARNATAKA,MYSURU,0.0,4.4,-100.0,NR,20.2,35.1,-42.0,D,2026-10-08 12:57:39.617428
2026-10-08,2026-10-01,2026-10-08,district,S. I. KARNATAKA,KARNATAKA,RAMANAGARA,0.0,4.7,-100.0,NR,10.0,52.3,-81.0,LD,2026-10-08 12:57:39.617428
2026-10-08,2026-10-01,2026-10-08,district,S. I. KARNATAKA,KARNATAKA,SHIVAMOGGA,0.0,3.3,-100.0,NR,8.7,48.7,-82.0,LD,2026-10-08 12:57:39.617428
2026-10-08,2026-10-01,2026-10-08,district,S. I. KARNATAKA,KARNATAKA,TUMAKURU,3.2,5.0,-36.0,D,13.3,48.5,-73.0,LD,2026-10-08 12:57:39.617428
2026-10-08,2026-10-01,2026-10-08,district,S. I. KARNATAKA,KARNATAKA,VIJAYANAGARA,0.0,2.9,-100.0,NR,13.0,39.5,-67.0,LD,2026-10-08 12:57:39.617428
2026-10-08,2026-10-01,2026-10-08,district,SAURASHTRA & KUTCH,DADRA & NAGAR HAVELI AND DAMAN & DIU (UT),DIU,0.0,0.4,-100.0,NR,0.0,7.5,-100.0,NR,2026-10-08 12:57:39.617428
2026-10-08,2026-10-01,2026-10-08,district,SAURASHTRA & KUTCH,GUJARAT,AMRELI,0.0,1.1,-100.0,NR,0.2,12.6,-99.0,LD,2026-10-08 12:57:39.617428
2026-10-08,2026-10-01,2026-10-08,district,SAURASHTRA & KUTCH,GUJARAT,BHAVNAGAR,0.0,0.9,-100.0,NR,0.0,10.9,-100.0,NR,2026-10-08 12:57:39.617428
2026-10-08,2026-10-01,2026-10-08,district,SAURASHTRA & KUTCH,GUJARAT,BOTAD,0.0,2.0,-100.0,NR,0.0,14.4,-100.0,NR,2026-10-08 12:57:39.617428
2026-10-08,2026-10-01,2026-10-08,district,SAURASHTRA & KUTCH,GUJARAT,DEVBHOOMI DWARKA,0.0,0.1,-100.0,NR,0.0,6.4,-100.0,NR,2026-10-08 12:57:39.617428
2026-10-08,2026-10-01,2026-10-08,district,SAURASHTRA & KUTCH,GUJARAT,GIR SOMNATH,0.0,1.7,-100.0,NR,5.8,9.8,-40.0,D,2026-10-08 12:57:39.617428
2026-10-08,2026-10-01,2026-10-08,district,SAURASHTRA & KUTCH,GUJARAT,JAMNAGAR,0.0,0.4,-100.0,NR,3.2,9.0,-65.0,LD,2026-10-08 12:57:39.617428
2026-10-08,2026-10-01,2026-10-08,district,SAURASHTRA & KUTCH,GUJARAT,JUNAGADH,0.0,1.4,-100.0,NR,3.4,13.3,-74.0,LD,2026-10-08 12:57:39.617428
2026-10-08,2026-10-01,2026-10-08,district,SAURASHTRA & KUTCH,GUJARAT,KUTCH,0.0,0.1,-100.0,NR,0.0,4.5,-100.0,NR,2026-10-08 12:57:39.617428
2026-10-08,2026-10-01,2026-10-08,district,SAURASHTRA & KUTCH,GUJARAT,MORBI,0.0,0.3,-100.0,NR,0.0,6.4,-100.0,NR,2026-10-08 12:57:39.617428
2026-10-08,2026-10-01,2026-10-08,district,SAURASHTRA & KUTCH,GUJARAT,PORBANDAR,0.0,0.4,-100.0,NR,0.0,9.2,-100.0,NR,2026-10-08 12:57:39.617428
2026-10-08,2026-10-01,2026-10-08,district,SAURASHTRA & KUTCH,GUJARAT,RAJKOT,0.0,0.9,-100.0,NR,0.0,10.4,-100.0,NR,2026-10-08 12:57:39.617428
2026-10-08,2026-10-01,2026-10-08,district,SAURASHTRA & KUTCH,GUJARAT,SURENDRANAGAR,0.0,0.6,-100.0,NR,0.0,8.6,-100.0,NR,2026-10-08 12:57:39.617428
2026-10-08,2026-10-01,2026-10-08,district,SHWB & SIKKIM,SIKKIM,GANGTOK,0.1,7.9,-99.0,LD,30.6,63.5,-52.0,D,2026-10-08 12:57:39.617428
2026-10-08,2026-10-01,2026-10-08,district,SHWB & SIKKIM,SIKKIM,GYALSHING,0.0,5.8,-100.0,NR,66.2,57.1,16.0,N,2026-10-08 12:57:39.617428
2026-10-08,2026-10-01,2026-10-08,district,SHWB & SIKKIM,SIKKIM,MANGAN,0.5,8.3,-94.0,LD,11.3,62.4,-82.0,LD,2026-10-08 12:57:39.617428
2026-10-08,2026-10-01,2026-10-08,district,SHWB & SIKKIM,SIKKIM,NAMCHI,4.1,6.1,-33.0,D,39.5,32.2,23.0,E,2026-10-08 12:57:39.617428
2026-10-08,2026-10-01,2026-10-08,district,SHWB & SIKKIM,SIKKIM,Pakyong,1.6,2.8,-44.0,D,11.0,33.1,-67.0,LD,2026-10-08 12:57:39.617428
2026-10-08,2026-10-01,2026-10-08,district,SHWB & SIKKIM,SIKKIM,Soreng,0.5,5.8,-91.0,LD,17.5,57.1,-69.0,LD,2026-10-08 12:57:39.617428
2026-10-08,2026-10-01,2026-10-08,district,SHWB & SIKKIM,WEST BENGAL,ALIPURDUAR,0.0,13.4,-100.0,NR,46.9,76.7,-39.0,D,2026-10-08 12:57:39.617428
2026-10-08,2026-10-01,2026-10-08,district,SHWB & SIKKIM,WEST BENGAL,COOCH BEHAR,0.0,14.8,-100.0,NR,28.8,90.7,-68.0,LD,2026-10-08 12:57:39.617428
2026-10-08,2026-10-01,2026-10-08,district,SHWB & SIKKIM,WEST BENGAL,DARJEELING,6.1,11.1,-45.0,D,63.0,76.1,-17.0,N,2026-10-08 12:57:39.617428
2026-10-08,2026-10-01,2026-10-08,district,SHWB & SIKKIM,WEST BENGAL,JALPAIGURI,0.5,11.9,-96.0,LD,109.8,86.4,27.0,E,2026-10-08 12:57:39.617428
2026-10-08,2026-10-01,2026-10-08,district,SHWB & SIKKIM,WEST BENGAL,KALIMPONG,0.8,11.8,-93.0,LD,30.7,65.3,-53.0,D,2026-10-08 12:57:39.617428
2026-10-08,2026-10-01,2026-10-08,district,SHWB & SIKKIM,WEST BENGAL,MALDA,0.0,11.9,-100.0,NR,0.2,68.0,-99.0,LD,2026-10-08 12:57:39.617428
2026-10-08,2026-10-01,2026-10-08,district,SHWB & SIKKIM,WEST BENGAL,NORTH DINAJPUR,0.0,8.7,-100.0,NR,0.0,74.3,-100.0,NR,2026-10-08 12:57:39.617428
2026-10-08,2026-10-01,2026-10-08,district,SHWB & SIKKIM,WEST BENGAL,SOUTH DINAJPUR,2.5,7.2,-65.0,LD,2.5,64.3,-96.0,LD,2026-10-08 12:57:39.617428
2026-10-08,2026-10-01,2026-10-08,district,TAMIL. PUDU.& KARAIKAL,PUDUCHERRY (UT),KARAIKAL,0.0,4.2,-100.0,NR,26.2,31.4,-17.0,N,2026-10-08 12:57:39.617428
2026-10-08,2026-10-01,2026-10-08,district,TAMIL. PUDU.& KARAIKAL,PUDUCHERRY (UT),PUDUCHERRY,0.0,4.2,-100.0,NR,0.0,56.2,-100.0,NR,2026-10-08 12:57:39.617428
2026-10-08,2026-10-01,2026-10-08,district,TAMIL. PUDU.& KARAIKAL,TAMILNADU,ARIYALUR,0.0,8.8,-100.0,NR,7.9,36.8,-79.0,LD,2026-10-08 12:57:39.617428
2026-10-08,2026-10-01,2026-10-08,district,TAMIL. PUDU.& KARAIKAL,TAMILNADU,CHENGALPATTU,0.0,4.0,-100.0,NR,1.2,39.0,-97.0,LD,2026-10-08 12:57:39.617428
2026-10-08,2026-10-01,2026-10-08,district,TAMIL. PUDU.& KARAIKAL,TAMILNADU,CHENNAI,0.0,3.3,-100.0,NR,0.4,46.4,-99.0,LD,2026-10-08 12:57:39.617428
2026-10-08,2026-10-01,2026-10-08,district,TAMIL. PUDU.& KARAIKAL,TAMILNADU,COIMBATORE,0.9,4.8,-82.0,LD,63.9,31.3,104.0,LE,2026-10-08 12:57:39.617428
2026-10-08,2026-10-01,2026-10-08,district,TAMIL. PUDU.& KARAIKAL,TAMILNADU,CUDDALORE,2.2,5.9,-63.0,LD,11.7,36.7,-68.0,LD,2026-10-08 12:57:39.617428
2026-10-08,2026-10-01,2026-10-08,district,TAMIL. PUDU.& KARAIKAL,TAMILNADU,DHARMAPURI,0.0,8.3,-100.0,NR,30.2,48.5,-38.0,D,2026-10-08 12:57:39.617428
2026-10-08,2026-10-01,2026-10-08,district,TAMIL. PUDU.& KARAIKAL,TAMILNADU,DINDIGUL,3.1,5.4,-42.0,D,25.7,37.0,-30.0,D,2026-10-08 12:57:39.617428
2026-10-08,2026-10-01,2026-10-08,district,TAMIL. PUDU.& KARAIKAL,TAMILNADU,ERODE,0.1,5.0,-97.0,LD,11.2,33.3,-66.0,LD,2026-10-08 12:57:39.617428
2026-10-08,2026-10-01,2026-10-08,district,TAMIL. PUDU.& KARAIKAL,TAMILNADU,KALLAKURICHI,3.0,7.1,-57.0,D,26.9,39.5,-32.0,D,2026-10-08 12:57:39.617428
2026-10-08,2026-10-01,2026-10-08,district,TAMIL. PUDU.& KARAIKAL,TAMILNADU,KANCHEEPURAM,0.1,6.2,-98.0,LD,2.6,44.7,-94.0,LD,2026-10-08 12:57:39.617428
2026-10-08,2026-10-01,2026-10-08,district,TAMIL. PUDU.& KARAIKAL,TAMILNADU,KANYAKUMARI,0.4,8.4,-96.0,LD,41.2,50.5,-18.0,N,2026-10-08 12:57:39.617428
2026-10-08,2026-10-01,2026-10-08,district,TAMIL. PUDU.& KARAIKAL,TAMILNADU,KARUR,0.0,4.6,-100.0,NR,21.4,25.4,-16.0,N,2026-10-08 12:57:39.617428
2026-10-08,2026-10-01,2026-10-08,district,TAMIL. PUDU.& KARAIKAL,TAMILNADU,KRISHNAGIRI,0.0,7.6,-100.0,NR,39.5,49.7,-20.0,D,2026-10-08 12:57:39.617428
2026-10-08,2026-10-01,2026-10-08,district,TAMIL. PUDU.& KARAIKAL,TAMILNADU,MADURAI,0.1,7.1,-99.0,LD,12.0,36.0,-67.0,LD,2026-10-08 12:57:39.617428
2026-10-08,2026-10-01,2026-10-08,district,TAMIL. PUDU.& KARAIKAL,TAMILNADU,MAYILADUTHURAI,0.0,6.2,-100.0,NR,7.3,35.4,-79.0,LD,2026-10-08 12:57:39.617428
2026-10-08,2026-10-01,2026-10-08,district,TAMIL. PUDU.& KARAIKAL,TAMILNADU,NAGAPATTINAM,0.0,3.7,-100.0,NR,2.6,28.8,-91.0,LD,2026-10-08 12:57:39.617428
2026-10-08,2026-10-01,2026-10-08,district,TAMIL. PUDU.& KARAIKAL,TAMILNADU,NAMAKKAL,0.3,6.3,-95.0,LD,24.5,31.9,-23.0,D,2026-10-08 12:57:39.617428
2026-10-08,2026-10-01,2026-10-08,district,TAMIL. PUDU.& KARAIKAL,TAMILNADU,NILGIRIS,13.3,6.8,95.0,LE,81.3,46.0,77.0,LE,2026-10-08 12:57:39.617428
2026-10-08,2026-10-01,2026-10-08,district,TAMIL. PUDU.& KARAIKAL,TAMILNADU,PERAMBALUR,10.1,6.1,65.0,LE,31.0,31.4,-1.0,N,2026-10-08 12:57:39.617428
2026-10-08,2026-10-01,2026-10-08,district,TAMIL. PUDU.& KARAIKAL,TAMILNADU,PUDUKKOTTAI,0.2,4.1,-95.0,LD,9.0,30.0,-70.0,LD,2026-10-08 12:57:39.617428
2026-10-08,2026-10-01,2026-10-08,district,TAMIL. PUDU.& KARAIKAL,TAMILNADU,RAMANATHAPURAM,1.6,3.2,-51.0,D,10.3,23.5,-56.0,D,2026-10-08 12:57:39.617428
2026-10-08,2026-10-01,2026-10-08,district,TAMIL. PUDU.& KARAIKAL,TAMILNADU,RANIPET,0.0,4.6,-99.0,LD,2.3,37.2,-94.0,LD,2026-10-08 12:57:39.617428
2026-10-08,2026-10-01,2026-10-08,district,TAMIL. PUDU.& KARAIKAL,TAMILNADU,SALEM,0.0,6.1,-100.0,NR,9.8,40.9,-76.0,LD,2026-10-08 12:57:39.617428
2026-10-08,2026-10-01,2026-10-08,district,TAMIL. PUDU.& KARAIKAL,TAMILNADU,SIVAGANGA,0.0,8.6,-100.0,NR,4.5,37.6,-88.0,LD,2026-10-08 12:57:39.617428
2026-10-08,2026-10-01,2026-10-08,district,TAMIL. PUDU.& KARAIKAL,TAMILNADU,TENKASI,1.2,2.5,-53.0,D,27.7,20.1,38.0,E,2026-10-08 12:57:39.617428
2026-10-08,2026-10-01,2026-10-08,district,TAMIL. PUDU.& KARAIKAL,TAMILNADU,THANJAVUR,0.1,4.8,-97.0,LD,6.5,33.3,-80.0,LD,2026-10-08 12:57:39.617428
2026-10-08,2026-10-01,2026-10-08,district,TAMIL. PUDU.& KARAIKAL,TAMILNADU,THENI,0.4,4.2,-90.0,LD,43.7,29.2,50.0,E,2026-10-08 12:57:39.617428
2026-10-08,2026-10-01,2026-10-08,district,TAMIL. PUDU.& KARAIKAL,TAMILNADU,THIRUCHIRAPALLI,0.1,5.9,-99.0,LD,13.7,34.0,-60.0,LD,2026-10-08 12:57:39.617428
2026-10-08,2026-10-01,2026-10-08,district,TAMIL. PUDU.& KARAIKAL,TAMILNADU,THIRUVALLUR,1.0,4.1,-76.0,LD,5.5,39.5,-86.0,LD,2026-10-08 12:57:39.617428
2026-10-08,2026-10-01,2026-10-08,district,TAMIL. PUDU.& KARAIKAL,TAMILNADU,THOOTHUKUDI,2.7,1.4,93.0,LE,14.5,14.0,3.0,N,2026-10-08 12:57:39.617428
2026-10-08,2026-10-01,2026-10-08,district,TAMIL. PUDU.& KARAIKAL,TAMILNADU,TIRUNELVELI,3.2,1.2,168.0,LE,27.6,14.7,88.0,LE,2026-10-08 12:57:39.617428
2026-10-08,2026-10-01,2026-10-08,district,TAMIL. PUDU.& KARAIKAL,TAMILNADU,TIRUPATTUR,0.0,4.2,-100.0,NR,25.1,40.1,-37.0,D,2026-10-08 12:57:39.617428
2026-10-08,2026-10-01,2026-10-08,district,TAMIL. PUDU.& KARAIKAL,TAMILNADU,TIRUPPUR,0.0,2.6,-100.0,NR,26.0,26.4,-1.0,N,2026-10-08 12:57:39.617428
2026-10-08,2026-10-01,2026-10-08,district,TAMIL. PUDU.& KARAIKAL,TAMILNADU,TIRUVANNAMALAI,0.0,5.8,-100.0,NR,19.4,45.2,-57.0,D,2026-10-08 12:57:39.617428
2026-10-08,2026-10-01,2026-10-08,district,TAMIL. PUDU.& KARAIKAL,TAMILNADU,TIRUVARUR,2.5,4.4,-44.0,D,17.6,32.7,-46.0,D,2026-10-08 12:57:39.617428
2026-10-08,2026-10-01,2026-10-08,district,TAMIL. PUDU.& KARAIKAL,TAMILNADU,VELLORE,0.0,5.4,-100.0,NR,17.3,40.1,-57.0,D,2026-10-08 12:57:39.617428
2026-10-08,2026-10-01,2026-10-08,district,TAMIL. PUDU.& KARAIKAL,TAMILNADU,VILLUPURAM,3.1,3.6,-14.0,N,10.8,39.9,-73.0,LD,2026-10-08 12:57:39.617428
2026-10-08,2026-10-01,2026-10-08,district,TAMIL. PUDU.& KARAIKAL,TAMILNADU,VIRUDHUNAGAR,1.8,4.3,-58.0,D,28.5,25.8,10.0,N,2026-10-08 12:57:39.617428
2026-10-08,2026-10-01,2026-10-08,district,TELANGANA,TELANGANA,ADILABAD,0.6,2.0,-72.0,LD,0.6,29.9,-98.0,LD,2026-10-08 12:57:39.617428
2026-10-08,2026-10-01,2026-10-08,district,TELANGANA,TELANGANA,B. KOTHAGUDEM,0.0,2.8,-100.0,NR,2.0,39.3,-95.0,LD,2026-10-08 12:57:39.617428
2026-10-08,2026-10-01,2026-10-08,district,TELANGANA,TELANGANA,HANUMAKONDA,0.0,3.2,-100.0,NR,0.0,27.8,-99.0,LD,2026-10-08 12:57:39.617428
2026-10-08,2026-10-01,2026-10-08,district,TELANGANA,TELANGANA,HYDERABAD,0.0,6.7,-100.0,NR,0.1,40.7,-99.0,LD,2026-10-08 12:57:39.617428
2026-10-08,2026-10-01,2026-10-08,district,TELANGANA,TELANGANA,J. BHUPALPALLY,0.0,5.2,-100.0,NR,0.1,30.5,-99.0,LD,2026-10-08 12:57:39.617428
2026-10-08,2026-10-01,2026-10-08,district,TELANGANA,TELANGANA,JAGTIAL,0.0,3.3,-99.0,LD,0.0,32.0,-99.0,LD,2026-10-08 12:57:39.617428
2026-10-08,2026-10-01,2026-10-08,district,TELANGANA,TELANGANA,JANGAON,0.0,3.9,-100.0,NR,0.1,35.7,-99.0,LD,2026-10-08 12:57:39.617428
2026-10-08,2026-10-01,2026-10-08,district,TELANGANA,TELANGANA,JOGULAMBA GADWAL,0.0,2.4,-100.0,NR,0.0,37.2,-100.0,NR,2026-10-08 12:57:39.617428
2026-10-08,2026-10-01,2026-10-08,district,TELANGANA,TELANGANA,KAMAREDDY,0.0,2.4,-100.0,NR,0.0,33.3,-99.0,LD,2026-10-08 12:57:39.617428
2026-10-08,2026-10-01,2026-10-08,district,TELANGANA,TELANGANA,KARIMNAGAR,0.0,2.4,-100.0,NR,0.0,33.4,-100.0,NR,2026-10-08 12:57:39.617428
2026-10-08,2026-10-01,2026-10-08,district,TELANGANA,TELANGANA,KHAMMAM,0.2,3.4,-94.0,LD,1.8,44.4,-96.0,LD,2026-10-08 12:57:39.617428
2026-10-08,2026-10-01,2026-10-08,district,TELANGANA,TELANGANA,KUMARAM BHEEM,0.0,2.9,-100.0,NR,0.1,31.9,-99.0,LD,2026-10-08 12:57:39.617428
2026-10-08,2026-10-01,2026-10-08,district,TELANGANA,TELANGANA,M. MALKAJGIRI,0.0,4.2,-99.0,LD,0.5,35.3,-99.0,LD,2026-10-08 12:57:39.617428
2026-10-08,2026-10-01,2026-10-08,district,TELANGANA,TELANGANA,MAHABUBABAD,0.0,3.8,-100.0,NR,0.5,36.9,-99.0,LD,2026-10-08 12:57:39.617428
2026-10-08,2026-10-01,2026-10-08,district,TELANGANA,TELANGANA,MAHABUBNAGAR,0.0,2.8,-100.0,NR,0.0,39.8,-99.0,LD,2026-10-08 12:57:39.617428
2026-10-08,2026-10-01,2026-10-08,district,TELANGANA,TELANGANA,MANCHERIAL,0.1,4.7,-98.0,LD,1.2,35.5,-97.0,LD,2026-10-08 12:57:39.617428
2026-10-08,2026-10-01,2026-10-08,district,TELANGANA,TELANGANA,MEDAK,0.0,1.9,-100.0,NR,0.1,35.2,-99.0,LD,2026-10-08 12:57:39.617428
2026-10-08,2026-10-01,2026-10-08,district,TELANGANA,TELANGANA,MULUGU,0.0,4.5,-100.0,NR,3.3,37.1,-91.0,LD,2026-10-08 12:57:39.617428
2026-10-08,2026-10-01,2026-10-08,district,TELANGANA,TELANGANA,NAGARKURNOOL,0.1,3.7,-99.0,LD,0.2,39.9,-99.0,LD,2026-10-08 12:57:39.617428
2026-10-08,2026-10-01,2026-10-08,district,TELANGANA,TELANGANA,NALGONDA,0.0,2.1,-99.0,LD,1.0,42.8,-98.0,LD,2026-10-08 12:57:39.617428
2026-10-08,2026-10-01,2026-10-08,district,TELANGANA,TELANGANA,NARAYANPET,0.0,2.5,-100.0,NR,0.1,30.4,-99.0,LD,2026-10-08 12:57:39.617428
2026-10-08,2026-10-01,2026-10-08,district,TELANGANA,TELANGANA,NIRMAL,0.1,1.6,-92.0,LD,0.9,29.3,-97.0,LD,2026-10-08 12:57:39.617428
2026-10-08,2026-10-01,2026-10-08,district,TELANGANA,TELANGANA,NIZAMABAD,0.0,2.2,-100.0,NR,0.0,29.9,-100.0,NR,2026-10-08 12:57:39.617428
2026-10-08,2026-10-01,2026-10-08,district,TELANGANA,TELANGANA,PEDDAPALLE,0.0,4.2,-100.0,NR,0.5,34.1,-99.0,LD,2026-10-08 12:57:39.617428
2026-10-08,2026-10-01,2026-10-08,district,TELANGANA,TELANGANA,RAJANNA SIRCILLA,3.3,2.3,43.0,E,37.9,29.9,27.0,E,2026-10-08 12:57:39.617428
2026-10-08,2026-10-01,2026-10-08,district,TELANGANA,TELANGANA,RANGAREDDY,0.0,4.4,-99.0,LD,0.9,38.0,-98.0,LD,2026-10-08 12:57:39.617428
2026-10-08,2026-10-01,2026-10-08,district,TELANGANA,TELANGANA,SANGAREDDY,0.0,2.3,-100.0,NR,0.4,37.7,-99.0,LD,2026-10-08 12:57:39.617428
2026-10-08,2026-10-01,2026-10-08,district,TELANGANA,TELANGANA,SIDDIPET,0.0,2.3,-99.0,LD,0.1,32.3,-99.0,LD,2026-10-08 12:57:39.617428
2026-10-08,2026-10-01,2026-10-08,district,TELANGANA,TELANGANA,SURYAPET,0.0,2.7,-100.0,NR,0.1,40.6,-99.0,LD,2026-10-08 12:57:39.617428
2026-10-08,2026-10-01,2026-10-08,district,TELANGANA,TELANGANA,VIKARABAD,0.0,3.8,-100.0,NR,0.1,38.4,-99.0,LD,2026-10-08 12:57:39.617428
2026-10-08,2026-10-01,2026-10-08,district,TELANGANA,TELANGANA,WANAPARTHY,0.0,2.9,-100.0,NR,0.0,47.7,-99.0,LD,2026-10-08 12:57:39.617428
2026-10-08,2026-10-01,2026-10-08,district,TELANGANA,TELANGANA,WARANGAL,0.1,3.2,-98.0,LD,0.4,28.0,-99.0,LD,2026-10-08 12:57:39.617428
2026-10-08,2026-10-01,2026-10-08,district,TELANGANA,TELANGANA,Y. BHUVANAGIRI,0.0,3.6,-100.0,NR,0.0,40.4,-100.0,NR,2026-10-08 12:57:39.617428
2026-10-08,2026-10-01,2026-10-08,district,UTTARAKHAND,UTTARAKHAND,ALMORA,0.7,0.2,230.0,LE,7.3,6.9,6.0,N,2026-10-08 12:57:39.617428
2026-10-08,2026-10-01,2026-10-08,district,UTTARAKHAND,UTTARAKHAND,BAGESHWAR,11.4,0.2,5600.0,LE,19.0,6.9,175.0,LE,2026-10-08 12:57:39.617428
2026-10-08,2026-10-01,2026-10-08,district,UTTARAKHAND,UTTARAKHAND,CHAMOLI,5.0,0.9,460.0,LE,17.9,6.9,160.0,LE,2026-10-08 12:57:39.617428
2026-10-08,2026-10-01,2026-10-08,district,UTTARAKHAND,UTTARAKHAND,CHAMPAWAT,6.5,0.8,716.0,LE,11.0,16.0,-31.0,D,2026-10-08 12:57:39.617428
2026-10-08,2026-10-01,2026-10-08,district,UTTARAKHAND,UTTARAKHAND,DEHRADUN,6.8,1.0,580.0,LE,18.3,14.6,25.0,E,2026-10-08 12:57:39.617428
2026-10-08,2026-10-01,2026-10-08,district,UTTARAKHAND,UTTARAKHAND,GARHWAL PAURI,1.7,0.6,186.0,LE,1.8,9.4,-81.0,LD,2026-10-08 12:57:39.617428
2026-10-08,2026-10-01,2026-10-08,district,UTTARAKHAND,UTTARAKHAND,GARHWAL TEHRI,2.1,0.5,311.0,LE,8.4,8.4,-1.0,N,2026-10-08 12:57:39.617428
2026-10-08,2026-10-01,2026-10-08,district,UTTARAKHAND,UTTARAKHAND,HARDWAR,1.1,1.1,2.0,N,1.4,6.0,-77.0,LD,2026-10-08 12:57:39.617428
2026-10-08,2026-10-01,2026-10-08,district,UTTARAKHAND,UTTARAKHAND,NAINITAL,18.6,0.7,2554.0,LE,28.2,12.8,120.0,LE,2026-10-08 12:57:39.617428
2026-10-08,2026-10-01,2026-10-08,district,UTTARAKHAND,UTTARAKHAND,PITHORAGARH,24.8,2.1,1080.0,LE,33.6,21.3,58.0,E,2026-10-08 12:57:39.617428
2026-10-08,2026-10-01,2026-10-08,district,UTTARAKHAND,UTTARAKHAND,RUDRAPRAYAG,2.4,0.4,512.0,LE,9.3,7.8,19.0,N,2026-10-08 12:57:39.617428
2026-10-08,2026-10-01,2026-10-08,district,UTTARAKHAND,UTTARAKHAND,UDHAM SINGH NAGAR,18.1,0.2,8938.0,LE,18.1,9.9,83.0,LE,2026-10-08 12:57:39.617428
2026-10-08,2026-10-01,2026-10-08,district,UTTARAKHAND,UTTARAKHAND,UTTARKASHI,1.5,1.6,-4.0,N,20.2,19.9,2.0,N,2026-10-08 12:57:39.617428
2026-10-08,2026-10-01,2026-10-08,district,VIDARBHA,MAHARASHTRA,AKOLA,0.0,2.3,-100.0,NR,0.0,25.1,-99.0,LD,2026-10-08 12:57:39.617428
2026-10-08,2026-10-01,2026-10-08,district,VIDARBHA,MAHARASHTRA,AMRAOTI,0.2,2.4,-93.0,LD,0.6,22.3,-97.0,LD,2026-10-08 12:57:39.617428
2026-10-08,2026-10-01,2026-10-08,district,VIDARBHA,MAHARASHTRA,BHANDARA,0.0,4.1,-100.0,NR,0.1,24.6,-99.0,LD,2026-10-08 12:57:39.617428
2026-10-08,2026-10-01,2026-10-08,district,VIDARBHA,MAHARASHTRA,BULDHANA,0.0,2.1,-100.0,NR,0.0,26.6,-99.0,LD,2026-10-08 12:57:39.617428
2026-10-08,2026-10-01,2026-10-08,district,VIDARBHA,MAHARASHTRA,CHANDRAPUR,0.0,3.5,-100.0,NR,0.0,28.0,-100.0,NR,2026-10-08 12:57:39.617428
2026-10-08,2026-10-01,2026-10-08,district,VIDARBHA,MAHARASHTRA,GADCHIROLI,0.0,3.8,-100.0,NR,0.0,29.5,-99.0,LD,2026-10-08 12:57:39.617428
2026-10-08,2026-10-01,2026-10-08,district,VIDARBHA,MAHARASHTRA,GONDIA,0.0,3.5,-99.0,LD,0.1,22.2,-99.0,LD,2026-10-08 12:57:39.617428
2026-10-08,2026-10-01,2026-10-08,district,VIDARBHA,MAHARASHTRA,NAGPUR,0.0,4.2,-99.0,LD,0.1,23.3,-99.0,LD,2026-10-08 12:57:39.617428
2026-10-08,2026-10-01,2026-10-08,district,VIDARBHA,MAHARASHTRA,WARDHA,0.0,2.5,-100.0,NR,0.2,26.2,-99.0,LD,2026-10-08 12:57:39.617428
2026-10-08,2026-10-01,2026-10-08,district,VIDARBHA,MAHARASHTRA,WASHIM,0.0,2.8,-99.0,LD,0.2,28.0,-99.0,LD,2026-10-08 12:57:39.617428
2026-10-08,2026-10-01,2026-10-08,district,VIDARBHA,MAHARASHTRA,YEOTMAL,0.0,2.2,-99.0,LD,0.0,27.8,-99.0,LD,2026-10-08 12:57:39.617428
2026-10-08,2026-10-01,2026-10-08,district,WEST MADHYA PRADESH,MADHYA PRADESH,AGAR-MALWA,0.0,0.6,-100.0,NR,0.0,11.9,-100.0,NR,2026-10-08 12:57:39.617428
2026-10-08,2026-10-01,2026-10-08,district,WEST MADHYA PRADESH,MADHYA PRADESH,ALIRAJPUR,0.0,1.4,-100.0,NR,0.0,13.9,-100.0,NR,2026-10-08 12:57:39.617428
2026-10-08,2026-10-01,2026-10-08,district,WEST MADHYA PRADESH,MADHYA PRADESH,ASHOKNAGAR,0.0,1.2,-100.0,NR,0.0,13.2,-100.0,NR,2026-10-08 12:57:39.617428
2026-10-08,2026-10-01,2026-10-08,district,WEST MADHYA PRADESH,MADHYA PRADESH,BARWANI,0.0,1.2,-100.0,NR,0.0,12.9,-100.0,NR,2026-10-08 12:57:39.617428
2026-10-08,2026-10-01,2026-10-08,district,WEST MADHYA PRADESH,MADHYA PRADESH,BETUL,0.2,1.6,-86.0,LD,0.2,17.0,-99.0,LD,2026-10-08 12:57:39.617428
2026-10-08,2026-10-01,2026-10-08,district,WEST MADHYA PRADESH,MADHYA PRADESH,BHIND,0.0,0.3,-100.0,NR,0.0,14.1,-100.0,NR,2026-10-08 12:57:39.617428
2026-10-08,2026-10-01,2026-10-08,district,WEST MADHYA PRADESH,MADHYA PRADESH,BHOPAL,0.0,1.8,-100.0,NR,0.0,17.2,-100.0,NR,2026-10-08 12:57:39.617428
2026-10-08,2026-10-01,2026-10-08,district,WEST MADHYA PRADESH,MADHYA PRADESH,BURHANPUR,0.0,2.5,-100.0,NR,0.0,19.5,-100.0,NR,2026-10-08 12:57:39.617428
2026-10-08,2026-10-01,2026-10-08,district,WEST MADHYA PRADESH,MADHYA PRADESH,DATIA,0.0,1.6,-100.0,NR,0.0,15.5,-100.0,NR,2026-10-08 12:57:39.617428
2026-10-08,2026-10-01,2026-10-08,district,WEST MADHYA PRADESH,MADHYA PRADESH,DEWAS,0.0,1.0,-100.0,NR,0.0,12.4,-100.0,NR,2026-10-08 12:57:39.617428
2026-10-08,2026-10-01,2026-10-08,district,WEST MADHYA PRADESH,MADHYA PRADESH,DHAR,0.0,2.0,-100.0,NR,0.1,17.1,-99.0,LD,2026-10-08 12:57:39.617428
2026-10-08,2026-10-01,2026-10-08,district,WEST MADHYA PRADESH,MADHYA PRADESH,GUNA,0.0,1.4,-100.0,NR,0.0,11.3,-100.0,NR,2026-10-08 12:57:39.617428
2026-10-08,2026-10-01,2026-10-08,district,WEST MADHYA PRADESH,MADHYA PRADESH,GWALIOR,0.0,2.0,-100.0,NR,1.0,16.4,-94.0,LD,2026-10-08 12:57:39.617428
2026-10-08,2026-10-01,2026-10-08,district,WEST MADHYA PRADESH,MADHYA PRADESH,HARDA,0.0,0.3,-100.0,NR,0.0,19.9,-100.0,NR,2026-10-08 12:57:39.617428
2026-10-08,2026-10-01,2026-10-08,district,WEST MADHYA PRADESH,MADHYA PRADESH,INDORE,0.0,1.3,-100.0,NR,0.0,15.5,-100.0,NR,2026-10-08 12:57:39.617428
2026-10-08,2026-10-01,2026-10-08,district,WEST MADHYA PRADESH,MADHYA PRADESH,JHABUA,0.0,0.9,-100.0,NR,0.0,17.8,-100.0,NR,2026-10-08 12:57:39.617428
2026-10-08,2026-10-01,2026-10-08,district,WEST MADHYA PRADESH,MADHYA PRADESH,KHANDWA,0.0,1.6,-100.0,NR,0.0,17.2,-100.0,NR,2026-10-08 12:57:39.617428
2026-10-08,2026-10-01,2026-10-08,district,WEST MADHYA PRADESH,MADHYA PRADESH,KHARGONE,0.0,1.0,-100.0,NR,0.0,14.5,-100.0,NR,2026-10-08 12:57:39.617428
2026-10-08,2026-10-01,2026-10-08,district,WEST MADHYA PRADESH,MADHYA PRADESH,MANDSAUR,0.0,1.4,-100.0,NR,0.0,11.3,-100.0,NR,2026-10-08 12:57:39.617428
2026-10-08,2026-10-01,2026-10-08,district,WEST MADHYA PRADESH,MADHYA PRADESH,MORENA,0.0,0.5,-100.0,NR,0.0,12.5,-100.0,NR,2026-10-08 12:57:39.617428
2026-10-08,2026-10-01,2026-10-08,district,WEST MADHYA PRADESH,MADHYA PRADESH,NARMADAPURAM,0.0,0.9,-100.0,NR,0.0,13.9,-100.0,NR,2026-10-08 12:57:39.617428
2026-10-08,2026-10-01,2026-10-08,district,WEST MADHYA PRADESH,MADHYA PRADESH,NEEMUCH,0.0,0.8,-100.0,NR,0.0,7.4,-100.0,NR,2026-10-08 12:57:39.617428
2026-10-08,2026-10-01,2026-10-08,district,WEST MADHYA PRADESH,MADHYA PRADESH,RAISEN,0.0,1.4,-100.0,NR,0.9,15.5,-94.0,LD,2026-10-08 12:57:39.617428
2026-10-08,2026-10-01,2026-10-08,district,WEST MADHYA PRADESH,MADHYA PRADESH,RAJGARH,0.0,0.8,-100.0,NR,0.0,12.0,-100.0,NR,2026-10-08 12:57:39.617428
2026-10-08,2026-10-01,2026-10-08,district,WEST MADHYA PRADESH,MADHYA PRADESH,RATLAM,0.0,1.9,-100.0,NR,0.0,16.6,-100.0,NR,2026-10-08 12:57:39.617428
2026-10-08,2026-10-01,2026-10-08,district,WEST MADHYA PRADESH,MADHYA PRADESH,SEHORE,0.0,1.3,-100.0,NR,0.0,12.0,-100.0,NR,2026-10-08 12:57:39.617428
2026-10-08,2026-10-01,2026-10-08,district,WEST MADHYA PRADESH,MADHYA PRADESH,SHAJAPUR,0.0,0.7,-100.0,NR,0.0,10.6,-100.0,NR,2026-10-08 12:57:39.617428
2026-10-08,2026-10-01,2026-10-08,district,WEST MADHYA PRADESH,MADHYA PRADESH,SHEOPUR,0.0,0.7,-100.0,NR,2.8,7.5,-63.0,LD,2026-10-08 12:57:39.617428
2026-10-08,2026-10-01,2026-10-08,district,WEST MADHYA PRADESH,MADHYA PRADESH,SHIVPURI,0.0,1.2,-100.0,NR,0.0,14.3,-100.0,NR,2026-10-08 12:57:39.617428
2026-10-08,2026-10-01,2026-10-08,district,WEST MADHYA PRADESH,MADHYA PRADESH,UJJAIN,0.0,1.1,-100.0,NR,0.0,12.0,-100.0,NR,2026-10-08 12:57:39.617428
2026-10-08,2026-10-01,2026-10-08,district,WEST MADHYA PRADESH,MADHYA PRADESH,VIDISHA,0.0,0.5,-100.0,NR,0.1,13.4,-99.0,LD,2026-10-08 12:57:39.617428
2026-10-08,2026-10-01,2026-10-08,district,WEST RAJASTHAN,RAJASTHAN,BARMER,0.0,0.2,-100.0,NR,0.0,4.2,-100.0,NR,2026-10-08 12:57:39.617428
2026-10-08,2026-10-01,2026-10-08,district,WEST RAJASTHAN,RAJASTHAN,BIKANER,0.0,0.0,-100.0,NR,0.0,3.6,-100.0,NR,2026-10-08 12:57:39.617428
2026-10-08,2026-10-01,2026-10-08,district,WEST RAJASTHAN,RAJASTHAN,CHURU,0.0,0.1,-100.0,NR,0.0,4.3,-100.0,NR,2026-10-08 12:57:39.617428
2026-10-08,2026-10-01,2026-10-08,district,WEST RAJASTHAN,RAJASTHAN,HANUMANGARH,0.0,0.0,-100.0,NR,0.0,2.2,-100.0,NR,2026-10-08 12:57:39.617428
2026-10-08,2026-10-01,2026-10-08,district,WEST RAJASTHAN,RAJASTHAN,JAISALMER,0.0,0.0,-100.0,NR,0.0,1.8,-100.0,NR,2026-10-08 12:57:39.617428
2026-10-08,2026-10-01,2026-10-08,district,WEST RAJASTHAN,RAJASTHAN,JALORE,0.0,0.0,-100.0,NR,0.0,3.8,-100.0,NR,2026-10-08 12:57:39.617428
2026-10-08,2026-10-01,2026-10-08,district,WEST RAJASTHAN,RAJASTHAN,JODHPUR,0.0,0.0,-100.0,NR,0.0,2.0,-100.0,NR,2026-10-08 12:57:39.617428
2026-10-08,2026-10-01,2026-10-08,district,WEST RAJASTHAN,RAJASTHAN,NAGAUR,0.0,0.0,-100.0,NR,0.0,4.1,-100.0,NR,2026-10-08 12:57:39.617428
2026-10-08,2026-10-01,2026-10-08,district,WEST RAJASTHAN,RAJASTHAN,PALI,0.0,0.1,-100.0,NR,0.0,4.7,-100.0,NR,2026-10-08 12:57:39.617428
2026-10-08,2026-10-01,2026-10-08,district,WEST RAJASTHAN,RAJASTHAN,SRI GANGANAGAR,0.0,0.0,-100.0,NR,0.0,1.5,-100.0,NR,2026-10-08 12:57:39.617428
2026-10-08,2026-10-01,2026-10-08,district,WEST UTTAR PRADESH,UTTAR PRADESH,AGRA,0.0,0.9,-100.0,NR,0.0,8.4,-100.0,NR,2026-10-08 12:57:39.617428
2026-10-08,2026-10-01,2026-10-08,district,WEST UTTAR PRADESH,UTTAR PRADESH,ALIGARH,0.0,0.5,-100.0,NR,0.0,10.0,-100.0,NR,2026-10-08 12:57:39.617428
2026-10-08,2026-10-01,2026-10-08,district,WEST UTTAR PRADESH,UTTAR PRADESH,AMROHA,0.0,0.3,-100.0,NR,0.0,10.6,-100.0,NR,2026-10-08 12:57:39.617428
2026-10-08,2026-10-01,2026-10-08,district,WEST UTTAR PRADESH,UTTAR PRADESH,AURAIYA,0.0,0.2,-100.0,NR,0.0,9.4,-100.0,NR,2026-10-08 12:57:39.617428
2026-10-08,2026-10-01,2026-10-08,district,WEST UTTAR PRADESH,UTTAR PRADESH,BADAUN,2.8,0.1,2650.0,LE,2.8,7.5,-63.0,LD,2026-10-08 12:57:39.617428
2026-10-08,2026-10-01,2026-10-08,district,WEST UTTAR PRADESH,UTTAR PRADESH,BAGHPAT,0.0,0.0,-100.0,NR,0.0,3.5,-100.0,NR,2026-10-08 12:57:39.617428
2026-10-08,2026-10-01,2026-10-08,district,WEST UTTAR PRADESH,UTTAR PRADESH,BAREILLY,21.9,0.2,10836.0,LE,21.9,9.5,130.0,LE,2026-10-08 12:57:39.617428
2026-10-08,2026-10-01,2026-10-08,district,WEST UTTAR PRADESH,UTTAR PRADESH,BIJNOR,0.0,0.4,-100.0,NR,0.0,6.1,-100.0,NR,2026-10-08 12:57:39.617428
2026-10-08,2026-10-01,2026-10-08,district,WEST UTTAR PRADESH,UTTAR PRADESH,BULANDSHAHAR,0.0,0.1,-100.0,NR,0.0,6.4,-100.0,NR,2026-10-08 12:57:39.617428
2026-10-08,2026-10-01,2026-10-08,district,WEST UTTAR PRADESH,UTTAR PRADESH,ETAH,0.0,0.4,-100.0,NR,0.0,7.2,-100.0,NR,2026-10-08 12:57:39.617428
2026-10-08,2026-10-01,2026-10-08,district,WEST UTTAR PRADESH,UTTAR PRADESH,ETAWAH,0.0,0.3,-100.0,NR,0.0,8.3,-100.0,NR,2026-10-08 12:57:39.617428
2026-10-08,2026-10-01,2026-10-08,district,WEST UTTAR PRADESH,UTTAR PRADESH,FIROZABAD,0.0,1.3,-100.0,NR,0.0,12.4,-100.0,NR,2026-10-08 12:57:39.617428
2026-10-08,2026-10-01,2026-10-08,district,WEST UTTAR PRADESH,UTTAR PRADESH,GAUTAM BUDDHA NAGAR,19.2,0.0,191900.0,LE,19.2,3.3,478.0,LE,2026-10-08 12:57:39.617428
2026-10-08,2026-10-01,2026-10-08,district,WEST UTTAR PRADESH,UTTAR PRADESH,GHAZIABAD,0.0,0.0,-100.0,NR,0.0,3.4,-100.0,NR,2026-10-08 12:57:39.617428
2026-10-08,2026-10-01,2026-10-08,district,WEST UTTAR PRADESH,UTTAR PRADESH,HAMIRPUR,0.2,0.4,-50.0,D,0.2,16.1,-99.0,LD,2026-10-08 12:57:39.617428
2026-10-08,2026-10-01,2026-10-08,district,WEST UTTAR PRADESH,UTTAR PRADESH,HAPUR,0.0,1.1,-100.0,NR,0.0,4.1,-100.0,NR,2026-10-08 12:57:39.617428
2026-10-08,2026-10-01,2026-10-08,district,WEST UTTAR PRADESH,UTTAR PRADESH,HATHRAS,0.0,1.0,-100.0,NR,0.0,6.8,-100.0,NR,2026-10-08 12:57:39.617428
2026-10-08,2026-10-01,2026-10-08,district,WEST UTTAR PRADESH,UTTAR PRADESH,JALAUN,0.0,0.3,-100.0,NR,0.0,19.5,-100.0,NR,2026-10-08 12:57:39.617428
2026-10-08,2026-10-01,2026-10-08,district,WEST UTTAR PRADESH,UTTAR PRADESH,JHANSI,0.0,0.7,-100.0,NR,0.0,17.3,-100.0,NR,2026-10-08 12:57:39.617428
2026-10-08,2026-10-01,2026-10-08,district,WEST UTTAR PRADESH,UTTAR PRADESH,KASGANJ,0.0,0.5,-100.0,NR,0.0,9.7,-100.0,NR,2026-10-08 12:57:39.617428
2026-10-08,2026-10-01,2026-10-08,district,WEST UTTAR PRADESH,UTTAR PRADESH,LALITPUR,0.0,1.6,-100.0,NR,0.0,10.8,-100.0,NR,2026-10-08 12:57:39.617428
2026-10-08,2026-10-01,2026-10-08,district,WEST UTTAR PRADESH,UTTAR PRADESH,MAHOBA,0.0,0.8,-100.0,NR,0.0,12.4,-100.0,NR,2026-10-08 12:57:39.617428
2026-10-08,2026-10-01,2026-10-08,district,WEST UTTAR PRADESH,UTTAR PRADESH,MAINPURI,0.0,0.5,-100.0,NR,0.0,10.9,-100.0,NR,2026-10-08 12:57:39.617428
2026-10-08,2026-10-01,2026-10-08,district,WEST UTTAR PRADESH,UTTAR PRADESH,MATHURA,0.0,1.3,-100.0,NR,0.0,6.2,-100.0,NR,2026-10-08 12:57:39.617428
2026-10-08,2026-10-01,2026-10-08,district,WEST UTTAR PRADESH,UTTAR PRADESH,MEERUT,0.0,0.2,-100.0,NR,0.0,4.3,-100.0,NR,2026-10-08 12:57:39.617428
2026-10-08,2026-10-01,2026-10-08,district,WEST UTTAR PRADESH,UTTAR PRADESH,MORADABAD,4.7,0.2,2233.0,LE,4.7,10.2,-54.0,D,2026-10-08 12:57:39.617428
2026-10-08,2026-10-01,2026-10-08,district,WEST UTTAR PRADESH,UTTAR PRADESH,MUZAFFARNAGAR,0.0,0.1,-100.0,NR,0.0,4.7,-100.0,NR,2026-10-08 12:57:39.617428
2026-10-08,2026-10-01,2026-10-08,district,WEST UTTAR PRADESH,UTTAR PRADESH,PILIBHIT,15.8,1.0,1475.0,LE,15.8,19.0,-17.0,N,2026-10-08 12:57:39.617428
2026-10-08,2026-10-01,2026-10-08,district,WEST UTTAR PRADESH,UTTAR PRADESH,RAMPUR,25.1,0.2,12433.0,LE,25.1,11.4,120.0,LE,2026-10-08 12:57:39.617428
2026-10-08,2026-10-01,2026-10-08,district,WEST UTTAR PRADESH,UTTAR PRADESH,SAHARANPUR,0.0,0.1,-100.0,NR,0.0,7.6,-100.0,NR,2026-10-08 12:57:39.617428
2026-10-08,2026-10-01,2026-10-08,district,WEST UTTAR PRADESH,UTTAR PRADESH,SAMBHAL,0.0,0.2,-100.0,NR,0.0,14.5,-100.0,NR,2026-10-08 12:57:39.617428
2026-10-08,2026-10-01,2026-10-08,district,WEST UTTAR PRADESH,UTTAR PRADESH,SHAHJAHANPUR,32.1,0.2,15950.0,LE,32.1,15.9,102.0,LE,2026-10-08 12:57:39.617428
2026-10-08,2026-10-01,2026-10-08,district,WEST UTTAR PRADESH,UTTAR PRADESH,SHAMLI,0.0,0.2,-100.0,NR,0.0,3.4,-100.0,NR,2026-10-08 12:57:39.617428
2026-10-08,2026-10-01,2026-10-08,state,ASSAM & MEGHALAYA,ASSAM,,1.3,7.4,-82.0,LD,28.9,48.9,-41.0,D,2026-10-08 12:57:39.617428
2026-10-08,2026-10-01,2026-10-08,state,ASSAM & MEGHALAYA,MEGHALAYA,,0.7,19.7,-97.0,LD,16.6,118.9,-86.0,LD,2026-10-08 12:57:39.617428
2026-10-08,2026-10-01,2026-10-08,state,BIHAR,UTTAR PRADESH,,6.2,0.9,592.0,LE,10.0,14.5,-31.0,D,2026-10-08 12:57:39.617428
2026-10-08,2026-10-01,2026-10-08,state,CHHATTISGARH,ANDHRA PRADESH,,0.3,4.0,-92.0,LD,9.1,49.4,-82.0,LD,2026-10-08 12:57:39.617428
2026-10-08,2026-10-01,2026-10-08,state,COASTAL A. P. & YANAM,ANDHRA PRADESH,,0.3,4.0,-92.0,LD,9.1,49.4,-82.0,LD,2026-10-08 12:57:39.617428
2026-10-08,2026-10-01,2026-10-08,state,COASTAL A. P. & YANAM,PUDUCHERRY (UT),,0.0,4.5,-100.0,NR,9.1,49.0,-81.0,LD,2026-10-08 12:57:39.617428
2026-10-08,2026-10-01,2026-10-08,state,EAST MADHYA PRADESH,GUJARAT,,0.0,1.0,-100.0,NR,0.3,9.3,-97.0,LD,2026-10-08 12:57:39.617428
2026-10-08,2026-10-01,2026-10-08,state,GUJARAT REGION,DADRA & NAGAR HAVELI AND DAMAN & DIU (UT),,0.0,2.7,-100.0,NR,0.0,17.4,-100.0,NR,2026-10-08 12:57:39.617428
2026-10-08,2026-10-01,2026-10-08,state,GUJARAT REGION,GUJARAT,,0.0,1.0,-100.0,NR,0.3,9.3,-97.0,LD,2026-10-08 12:57:39.617428
2026-10-08,2026-10-01,2026-10-08,state,HAR. CHD & DELHI,CHANDIGARH (UT),,6.3,0.0,62400.0,LE,6.3,11.0,-43.0,D,2026-10-08 12:57:39.617428
2026-10-08,2026-10-01,2026-10-08,state,HAR. CHD & DELHI,DELHI,,0.0,0.2,-100.0,NR,0.0,6.5,-100.0,NR,2026-10-08 12:57:39.617428
2026-10-08,2026-10-01,2026-10-08,state,HAR. CHD & DELHI,HARYANA,,0.1,0.1,-4.0,N,0.4,3.6,-90.0,LD,2026-10-08 12:57:39.617428
2026-10-08,2026-10-01,2026-10-08,state,J & K AND LADAKH,JAMMU & KASHMIR(UT),,0.9,0.8,16.0,N,3.0,5.9,-49.0,D,2026-10-08 12:57:39.617428
2026-10-08,2026-10-01,2026-10-08,state,J & K AND LADAKH,LADAKH (UT),,0.0,0.1,-100.0,NR,0.0,0.3,-100.0,NR,2026-10-08 12:57:39.617428
2026-10-08,2026-10-01,2026-10-08,state,J & K AND LADAKH,RAJASTHAN,,0.0,0.3,-100.0,NR,0.0,4.8,-99.0,LD,2026-10-08 12:57:39.617428
2026-10-08,2026-10-01,2026-10-08,state,KERALA & MAHE,KERALA,,2.9,11.0,-74.0,LD,59.3,78.8,-25.0,D,2026-10-08 12:57:39.617428
2026-10-08,2026-10-01,2026-10-08,state,KERALA & MAHE,PUDUCHERRY (UT),,0.0,4.5,-100.0,NR,9.1,49.0,-81.0,LD,2026-10-08 12:57:39.617428
2026-10-08,2026-10-01,2026-10-08,state,KONKAN & GOA,GOA,,0.0,6.2,-100.0,NR,1.6,66.7,-98.0,LD,2026-10-08 12:57:39.617428
2026-10-08,2026-10-01,2026-10-08,state,KONKAN & GOA,MAHARASHTRA,,0.0,3.3,-99.0,LD,0.9,32.3,-97.0,LD,2026-10-08 12:57:39.617428
2026-10-08,2026-10-01,2026-10-08,state,NMMT,MANIPUR,,1.4,6.5,-78.0,LD,35.7,42.2,-16.0,N,2026-10-08 12:57:39.617428
2026-10-08,2026-10-01,2026-10-08,state,NMMT,MIZORAM,,7.1,11.9,-40.0,D,83.1,82.3,1.0,N,2026-10-08 12:57:39.617428
2026-10-08,2026-10-01,2026-10-08,state,NMMT,NAGALAND,,0.7,6.4,-89.0,LD,37.2,40.0,-7.0,N,2026-10-08 12:57:39.617428
2026-10-08,2026-10-01,2026-10-08,state,NMMT,TRIPURA,,3.4,10.6,-68.0,LD,24.1,61.6,-61.0,LD,2026-10-08 12:57:39.617428
2026-10-08,2026-10-01,2026-10-08,state,SAURASHTRA & KUTCH,DADRA & NAGAR HAVELI AND DAMAN & DIU (UT),,0.0,2.7,-100.0,NR,0.0,17.4,-100.0,NR,2026-10-08 12:57:39.617428
2026-10-08,2026-10-01,2026-10-08,state,SAURASHTRA & KUTCH,GUJARAT,,0.0,1.0,-100.0,NR,0.3,9.3,-97.0,LD,2026-10-08 12:57:39.617428
2026-10-08,2026-10-01,2026-10-08,state,SHWB & SIKKIM,SIKKIM,,0.8,7.6,-89.0,LD,22.6,58.1,-61.0,LD,2026-10-08 12:57:39.617428
2026-10-08,2026-10-01,2026-10-08,state,SHWB & SIKKIM,WEST BENGAL,,2.9,8.3,-66.0,LD,16.9,58.0,-71.0,LD,2026-10-08 12:57:39.617428
2026-10-08,2026-10-01,2026-10-08,state,TAMIL. PUDU.& KARAIKAL,KARNATAKA,,0.7,3.8,-83.0,LD,15.0,47.2,-68.0,LD,2026-10-08 12:57:39.617428
2026-10-08,2026-10-01,2026-10-08,state,TAMIL. PUDU.& KARAIKAL,PUDUCHERRY (UT),,0.0,4.5,-100.0,NR,9.1,49.0,-81.0,LD,2026-10-08 12:57:39.617428
2026-10-08,2026-10-01,2026-10-08,state,TAMIL. PUDU.& KARAIKAL,TAMILNADU,,1.3,5.2,-76.0,LD,21.1,34.5,-39.0,D,2026-10-08 12:57:39.617428
2026-10-08,2026-10-01,2026-10-08,state,WEST RAJASTHAN,MADHYA PRADESH,,0.1,1.7,-94.0,LD,0.5,16.6,-97.0,LD,2026-10-08 12:57:39.617428
2026-10-08,2026-10-01,2026-10-08,subdivision,A & N ISLAND,,,0.1,13.1,-99.0,LD,34.7,98.5,-65.0,LD,2026-10-08 12:57:39.617428
2026-10-08,2026-10-01,2026-10-08,subdivision,ARUNACHAL PRADESH,,,0.1,7.0,-99.0,LD,34.4,72.2,-52.0,D,2026-10-08 12:57:39.617428
2026-10-08,2026-10-01,2026-10-08,subdivision,ASSAM & MEGHALAYA,,,1.2,10.2,-89.0,LD,26.0,65.2,-60.0,LD,2026-10-08 12:57:39.617428
2026-10-08,2026-10-01,2026-10-08,subdivision,BIHAR,,,10.6,3.0,255.0,LE,14.9,29.2,-49.0,D,2026-10-08 12:57:39.617428
2026-10-08,2026-10-01,2026-10-08,subdivision,CHHATTISGARH,,,0.9,3.7,-75.0,LD,2.1,28.3,-92.0,LD,2026-10-08 12:57:39.617428
2026-10-08,2026-10-01,2026-10-08,subdivision,COASTAL A. P. & YANAM,,,0.3,4.4,-93.0,LD,6.5,54.3,-88.0,LD,2026-10-08 12:57:39.617428
2026-10-08,2026-10-01,2026-10-08,subdivision,COASTAL KARNATAKA,,,2.3,5.2,-56.0,D,34.2,73.1,-53.0,D,2026-10-08 12:57:39.617428
2026-10-08,2026-10-01,2026-10-08,subdivision,EAST MADHYA PRADESH,,,0.2,2.4,-90.0,LD,0.8,20.1,-96.0,LD,2026-10-08 12:57:39.617428
2026-10-08,2026-10-01,2026-10-08,subdivision,EAST RAJASTHAN,,,0.0,0.6,-100.0,NR,0.1,7.0,-99.0,LD,2026-10-08 12:57:39.617428
2026-10-08,2026-10-01,2026-10-08,subdivision,EAST UTTAR PRADESH,,,7.8,1.2,549.0,LE,14.2,17.5,-19.0,N,2026-10-08 12:57:39.617428
2026-10-08,2026-10-01,2026-10-08,subdivision,GANGETIC WEST BENGAL,,,3.5,7.4,-53.0,D,10.8,52.8,-80.0,LD,2026-10-08 12:57:39.617428
2026-10-08,2026-10-01,2026-10-08,subdivision,GUJARAT REGION,,,0.0,1.6,-100.0,NR,0.0,11.2,-100.0,NR,2026-10-08 12:57:39.617428
2026-10-08,2026-10-01,2026-10-08,subdivision,HAR. CHD & DELHI,,,0.1,0.2,-46.0,D,0.4,3.8,-90.0,LD,2026-10-08 12:57:39.617428
2026-10-08,2026-10-01,2026-10-08,subdivision,HIMACHAL PRADESH,,,1.1,0.7,63.0,LE,5.8,6.8,-14.0,N,2026-10-08 12:57:39.617428
2026-10-08,2026-10-01,2026-10-08,subdivision,J & K AND LADAKH,,,0.9,0.8,16.0,N,3.0,5.9,-49.0,D,2026-10-08 12:57:39.617428
2026-10-08,2026-10-01,2026-10-08,subdivision,JHARKHAND,,,11.6,4.2,175.0,LE,19.6,33.3,-41.0,D,2026-10-08 12:57:39.617428
2026-10-08,2026-10-01,2026-10-08,subdivision,KERALA & MAHE,,,2.9,11.1,-74.0,LD,59.3,78.8,-25.0,D,2026-10-08 12:57:39.617428
2026-10-08,2026-10-01,2026-10-08,subdivision,KONKAN & GOA,,,0.0,5.1,-99.0,LD,3.4,55.1,-94.0,LD,2026-10-08 12:57:39.617428
2026-10-08,2026-10-01,2026-10-08,subdivision,LAKSHADWEEP,,,0.5,4.2,-89.0,LD,28.7,38.9,-26.0,D,2026-10-08 12:57:39.617428
2026-10-08,2026-10-01,2026-10-08,subdivision,MADHYA MAHARASHTRA,,,0.0,3.5,-100.0,NR,1.5,33.0,-96.0,LD,2026-10-08 12:57:39.617428
2026-10-08,2026-10-01,2026-10-08,subdivision,MARATHWADA,,,0.0,3.0,-100.0,NR,0.0,30.5,-100.0,NR,2026-10-08 12:57:39.617428
2026-10-08,2026-10-01,2026-10-08,subdivision,N. I. KARNATAKA,,,0.0,2.9,-100.0,NR,3.9,42.4,-91.0,LD,2026-10-08 12:57:39.617428
2026-10-08,2026-10-01,2026-10-08,subdivision,NMMT,,,3.3,9.0,-63.0,LD,49.1,58.8,-17.0,N,2026-10-08 12:57:39.617428
2026-10-08,2026-10-01,2026-10-08,subdivision,ODISHA,,,2.7,5.3,-49.0,D,4.0,43.9,-91.0,LD,2026-10-08 12:57:39.617428
2026-10-08,2026-10-01,2026-10-08,subdivision,PUNJAB,,,0.9,0.2,360.0,LE,1.1,2.7,-61.0,LD,2026-10-08 12:57:39.617428
2026-10-08,2026-10-01,2026-10-08,subdivision,RAYALASEEMA,,,0.4,3.4,-90.0,LD,12.4,42.3,-71.0,LD,2026-10-08 12:57:39.617428
2026-10-08,2026-10-01,2026-10-08,subdivision,S. I. KARNATAKA,,,0.9,4.1,-79.0,LD,20.5,46.1,-55.0,D,2026-10-08 12:57:39.617428
2026-10-08,2026-10-01,2026-10-08,subdivision,SAURASHTRA & KUTCH,,,0.0,0.5,-100.0,NR,0.6,7.8,-93.0,LD,2026-10-08 12:57:39.617428
2026-10-08,2026-10-01,2026-10-08,subdivision,SHWB & SIKKIM,,,0.9,10.3,-91.0,LD,32.3,71.3,-55.0,D,2026-10-08 12:57:39.617428
2026-10-08,2026-10-01,2026-10-08,subdivision,TAMIL. PUDU.& KARAIKAL,,,1.2,5.1,-76.0,LD,21.1,34.5,-39.0,D,2026-10-08 12:57:39.617428
2026-10-08,2026-10-01,2026-10-08,subdivision,TELANGANA,,,0.1,3.1,-97.0,LD,1.2,36.2,-97.0,LD,2026-10-08 12:57:39.617428
2026-10-08,2026-10-01,2026-10-08,subdivision,UTTARAKHAND,,,8.3,1.0,734.0,LE,17.1,12.5,37.0,E,2026-10-08 12:57:39.617428
2026-10-08,2026-10-01,2026-10-08,subdivision,VIDARBHA,,,0.0,3.0,-99.0,LD,0.1,26.1,-99.0,LD,2026-10-08 12:57:39.617428
2026-10-08,2026-10-01,2026-10-08,subdivision,WEST MADHYA PRADESH,,,0.0,1.2,-99.0,LD,0.2,14.0,-99.0,LD,2026-10-08 12:57:39.617428
2026-10-08,2026-10-01,2026-10-08,subdivision,WEST RAJASTHAN,,,0.0,0.0,-100.0,NR,0.0,3.1,-100.0,NR,2026-10-08 12:57:39.617428
2026-10-08,2026-10-01,2026-10-08,subdivision,WEST UTTAR PRADESH,,,4.0,0.5,698.0,LE,4.0,10.2,-61.0,LD,2026-10-08 12:57:39.617428
