date,period_start,period_end,level,subdivision,state,district,day_actual_mm,day_normal_mm,day_departure_pct,day_category,period_actual_mm,period_normal_mm,period_departure_pct,period_category,scraped_at
2026-08-20,2026-06-01,2026-08-20,district,A & N ISLAND,ANDAMAN & NICOBAR ISLANDS,NICOBAR,0.5,9.4,-94.0,LD,432.3,696.3,-38.0,D,2026-08-21 06:48:34.134914
2026-08-20,2026-06-01,2026-08-20,district,A & N ISLAND,ANDAMAN & NICOBAR ISLANDS,NORTH & MIDDLE ANDAMAN,49.7,14.4,245.0,LE,1631.7,1243.8,31.0,E,2026-08-21 06:48:34.134914
2026-08-20,2026-06-01,2026-08-20,district,A & N ISLAND,ANDAMAN & NICOBAR ISLANDS,SOUTH ANDAMAN,9.0,10.9,-17.0,N,894.9,1058.8,-15.0,N,2026-08-21 06:48:34.134914
2026-08-20,2026-06-01,2026-08-20,district,ARUNACHAL PRADESH,ARUNACHAL PRADESH,ANJAW,0.0,9.2,-100.0,NR,124.2,1188.8,-90.0,LD,2026-08-21 06:48:34.134914
2026-08-20,2026-06-01,2026-08-20,district,ARUNACHAL PRADESH,ARUNACHAL PRADESH,CHANGLANG,95.0,11.1,755.0,LE,852.1,973.8,-13.0,N,2026-08-21 06:48:34.134914
2026-08-20,2026-06-01,2026-08-20,district,ARUNACHAL PRADESH,ARUNACHAL PRADESH,EAST KAMENG,0.0,10.7,-100.0,NR,1048.9,861.7,22.0,E,2026-08-21 06:48:34.134914
2026-08-20,2026-06-01,2026-08-20,district,ARUNACHAL PRADESH,ARUNACHAL PRADESH,EAST SIANG,66.8,17.9,273.0,LE,1815.3,2306.5,-21.0,D,2026-08-21 06:48:34.134914
2026-08-20,2026-06-01,2026-08-20,district,ARUNACHAL PRADESH,ARUNACHAL PRADESH,KURUNG KUMEY,3.7,6.6,-44.0,D,433.6,827.6,-48.0,D,2026-08-21 06:48:34.134914
2026-08-20,2026-06-01,2026-08-20,district,ARUNACHAL PRADESH,ARUNACHAL PRADESH,LOHIT,15.1,6.5,132.0,LE,738.1,1153.0,-36.0,D,2026-08-21 06:48:34.134914
2026-08-20,2026-06-01,2026-08-20,district,ARUNACHAL PRADESH,ARUNACHAL PRADESH,LOWER SUBANSIRI,0.2,9.1,-98.0,LD,339.0,550.9,-38.0,D,2026-08-21 06:48:34.134914
2026-08-20,2026-06-01,2026-08-20,district,ARUNACHAL PRADESH,ARUNACHAL PRADESH,PAPUMPARA,0.6,12.2,-95.0,LD,1338.6,1593.3,-16.0,N,2026-08-21 06:48:34.134914
2026-08-20,2026-06-01,2026-08-20,district,ARUNACHAL PRADESH,ARUNACHAL PRADESH,TAWANG,0.0,13.4,-100.0,NR,270.2,712.2,-62.0,LD,2026-08-21 06:48:34.134914
2026-08-20,2026-06-01,2026-08-20,district,ARUNACHAL PRADESH,ARUNACHAL PRADESH,TIRAP,5.3,13.8,-62.0,LD,1574.8,1432.7,10.0,N,2026-08-21 06:48:34.134914
2026-08-20,2026-06-01,2026-08-20,district,ARUNACHAL PRADESH,ARUNACHAL PRADESH,UPPER SIANG,17.0,14.2,20.0,E,895.8,1177.7,-24.0,D,2026-08-21 06:48:34.134914
2026-08-20,2026-06-01,2026-08-20,district,ARUNACHAL PRADESH,ARUNACHAL PRADESH,UPPER SUBANSIRI,4.6,6.0,-23.0,D,273.7,671.1,-59.0,D,2026-08-21 06:48:34.134914
2026-08-20,2026-06-01,2026-08-20,district,ARUNACHAL PRADESH,ARUNACHAL PRADESH,WEST KAMENG,5.3,16.6,-68.0,LD,372.8,1239.4,-70.0,LD,2026-08-21 06:48:34.134914
2026-08-20,2026-06-01,2026-08-20,district,ARUNACHAL PRADESH,ARUNACHAL PRADESH,WEST SIANG,0.0,16.6,-100.0,NR,521.3,1448.9,-64.0,LD,2026-08-21 06:48:34.134914
2026-08-20,2026-06-01,2026-08-20,district,ASSAM & MEGHALAYA,ASSAM,BAJALI,0.0,14.3,-100.0,NR,891.0,1571.4,-43.0,D,2026-08-21 06:48:34.134914
2026-08-20,2026-06-01,2026-08-20,district,ASSAM & MEGHALAYA,ASSAM,BAKSA,3.3,8.9,-63.0,LD,937.0,1148.5,-18.0,N,2026-08-21 06:48:34.134914
2026-08-20,2026-06-01,2026-08-20,district,ASSAM & MEGHALAYA,ASSAM,BARPETA,0.0,14.3,-100.0,NR,1076.1,1571.4,-32.0,D,2026-08-21 06:48:34.134914
2026-08-20,2026-06-01,2026-08-20,district,ASSAM & MEGHALAYA,ASSAM,BONGAIGAON,0.0,28.8,-100.0,NR,774.7,1780.3,-56.0,D,2026-08-21 06:48:34.134914
2026-08-20,2026-06-01,2026-08-20,district,ASSAM & MEGHALAYA,ASSAM,CACHAR,25.3,12.3,106.0,LE,1270.5,1310.6,-3.0,N,2026-08-21 06:48:34.134914
2026-08-20,2026-06-01,2026-08-20,district,ASSAM & MEGHALAYA,ASSAM,CHARAIDEO,0.0,3.9,-100.0,NR,1015.5,729.2,39.0,E,2026-08-21 06:48:34.134914
2026-08-20,2026-06-01,2026-08-20,district,ASSAM & MEGHALAYA,ASSAM,CHIRANG,0.0,22.0,-100.0,NR,1047.3,1741.8,-40.0,D,2026-08-21 06:48:34.134914
2026-08-20,2026-06-01,2026-08-20,district,ASSAM & MEGHALAYA,ASSAM,DARRANG,16.7,10.3,62.0,LE,554.3,960.3,-42.0,D,2026-08-21 06:48:34.134914
2026-08-20,2026-06-01,2026-08-20,district,ASSAM & MEGHALAYA,ASSAM,DHEMAJI,96.4,13.1,636.0,LE,1796.1,1483.1,21.0,E,2026-08-21 06:48:34.134914
2026-08-20,2026-06-01,2026-08-20,district,ASSAM & MEGHALAYA,ASSAM,DHUBRI,0.9,12.5,-93.0,LD,1053.5,1575.1,-33.0,D,2026-08-21 06:48:34.134914
2026-08-20,2026-06-01,2026-08-20,district,ASSAM & MEGHALAYA,ASSAM,DIBRUGARH,12.2,10.7,14.0,N,887.6,1071.2,-17.0,N,2026-08-21 06:48:34.134914
2026-08-20,2026-06-01,2026-08-20,district,ASSAM & MEGHALAYA,ASSAM,DIMA HASAO,0.3,5.3,-95.0,LD,335.0,763.3,-56.0,D,2026-08-21 06:48:34.134914
2026-08-20,2026-06-01,2026-08-20,district,ASSAM & MEGHALAYA,ASSAM,GOALPARA,10.6,16.9,-37.0,D,676.7,1492.8,-55.0,D,2026-08-21 06:48:34.134914
2026-08-20,2026-06-01,2026-08-20,district,ASSAM & MEGHALAYA,ASSAM,GOLAGHAT,0.2,9.1,-98.0,LD,667.6,747.3,-11.0,N,2026-08-21 06:48:34.134914
2026-08-20,2026-06-01,2026-08-20,district,ASSAM & MEGHALAYA,ASSAM,HAILAKANDI,37.2,10.8,245.0,LE,910.3,1120.3,-19.0,N,2026-08-21 06:48:34.134914
2026-08-20,2026-06-01,2026-08-20,district,ASSAM & MEGHALAYA,ASSAM,HOJAI,0.0,4.5,-100.0,NR,340.8,531.4,-36.0,D,2026-08-21 06:48:34.134914
2026-08-20,2026-06-01,2026-08-20,district,ASSAM & MEGHALAYA,ASSAM,JORHAT,0.2,8.8,-98.0,LD,665.3,889.6,-25.0,D,2026-08-21 06:48:34.134914
2026-08-20,2026-06-01,2026-08-20,district,ASSAM & MEGHALAYA,ASSAM,KAMRUP METROPOLITAN,2.4,10.4,-77.0,LD,617.4,781.3,-21.0,D,2026-08-21 06:48:34.134914
2026-08-20,2026-06-01,2026-08-20,district,ASSAM & MEGHALAYA,ASSAM,KAMRUP RURAL,0.0,8.5,-100.0,NR,387.4,958.0,-60.0,LD,2026-08-21 06:48:34.134914
2026-08-20,2026-06-01,2026-08-20,district,ASSAM & MEGHALAYA,ASSAM,KARBI ANGLONG,0.0,7.1,-100.0,NR,410.7,577.1,-29.0,D,2026-08-21 06:48:34.134914
2026-08-20,2026-06-01,2026-08-20,district,ASSAM & MEGHALAYA,ASSAM,KOKRAJHAR,0.0,16.8,-100.0,NR,1955.8,2030.1,-4.0,N,2026-08-21 06:48:34.134914
2026-08-20,2026-06-01,2026-08-20,district,ASSAM & MEGHALAYA,ASSAM,LAKHIMPUR,42.9,17.4,147.0,LE,1766.8,1460.0,21.0,E,2026-08-21 06:48:34.134914
2026-08-20,2026-06-01,2026-08-20,district,ASSAM & MEGHALAYA,ASSAM,MAJULI,0.0,8.8,-100.0,NR,949.0,889.6,7.0,N,2026-08-21 06:48:34.134914
2026-08-20,2026-06-01,2026-08-20,district,ASSAM & MEGHALAYA,ASSAM,MORIGAON,0.5,11.2,-96.0,LD,500.4,813.2,-38.0,D,2026-08-21 06:48:34.134914
2026-08-20,2026-06-01,2026-08-20,district,ASSAM & MEGHALAYA,ASSAM,NAGAON,0.0,6.8,-100.0,NR,336.3,736.1,-54.0,D,2026-08-21 06:48:34.134914
2026-08-20,2026-06-01,2026-08-20,district,ASSAM & MEGHALAYA,ASSAM,NALBARI,0.0,7.9,-100.0,NR,427.6,1172.6,-64.0,LD,2026-08-21 06:48:34.134914
2026-08-20,2026-06-01,2026-08-20,district,ASSAM & MEGHALAYA,ASSAM,SIBSAGAR,0.0,6.0,-100.0,NR,618.2,867.6,-29.0,D,2026-08-21 06:48:34.134914
2026-08-20,2026-06-01,2026-08-20,district,ASSAM & MEGHALAYA,ASSAM,SONITPUR,2.5,5.6,-55.0,D,829.1,861.8,-4.0,N,2026-08-21 06:48:34.134914
2026-08-20,2026-06-01,2026-08-20,district,ASSAM & MEGHALAYA,ASSAM,SRIBHUMI,37.5,18.3,105.0,LE,1294.3,1625.3,-20.0,D,2026-08-21 06:48:34.134914
2026-08-20,2026-06-01,2026-08-20,district,ASSAM & MEGHALAYA,ASSAM,TAMULPUR,0.0,11.9,-100.0,NR,901.7,1025.6,-12.0,N,2026-08-21 06:48:34.134914
2026-08-20,2026-06-01,2026-08-20,district,ASSAM & MEGHALAYA,ASSAM,TINSUKIA,8.7,7.9,9.0,N,1015.0,1041.3,-3.0,N,2026-08-21 06:48:34.134914
2026-08-20,2026-06-01,2026-08-20,district,ASSAM & MEGHALAYA,ASSAM,UDALGURI,5.7,8.4,-33.0,D,494.2,1077.3,-54.0,D,2026-08-21 06:48:34.134914
2026-08-20,2026-06-01,2026-08-20,district,ASSAM & MEGHALAYA,ASSAM,WEST KARBI ANGLONG,13.8,4.0,245.0,LE,456.4,504.5,-10.0,N,2026-08-21 06:48:34.134914
2026-08-20,2026-06-01,2026-08-20,district,ASSAM & MEGHALAYA,MEGHALAYA,EAST GARO HILLS,0.8,16.3,-95.0,LD,565.1,1396.3,-60.0,LD,2026-08-21 06:48:34.134914
2026-08-20,2026-06-01,2026-08-20,district,ASSAM & MEGHALAYA,MEGHALAYA,EAST JAINTIA HILLS,16.7,23.4,-29.0,D,1241.2,3360.0,-63.0,LD,2026-08-21 06:48:34.134914
2026-08-20,2026-06-01,2026-08-20,district,ASSAM & MEGHALAYA,MEGHALAYA,EAST KHASI HILLS,0.7,29.0,-98.0,LD,1697.1,3389.9,-50.0,D,2026-08-21 06:48:34.134914
2026-08-20,2026-06-01,2026-08-20,district,ASSAM & MEGHALAYA,MEGHALAYA,NORTH GARO HILLS,0.2,13.6,-99.0,LD,422.6,1322.1,-68.0,LD,2026-08-21 06:48:34.134914
2026-08-20,2026-06-01,2026-08-20,district,ASSAM & MEGHALAYA,MEGHALAYA,RI BHOI,6.8,15.1,-55.0,D,545.3,1062.1,-49.0,D,2026-08-21 06:48:34.134914
2026-08-20,2026-06-01,2026-08-20,district,ASSAM & MEGHALAYA,MEGHALAYA,SOUTH GARO HILLS,1.0,13.6,-93.0,LD,749.7,1322.1,-43.0,D,2026-08-21 06:48:34.134914
2026-08-20,2026-06-01,2026-08-20,district,ASSAM & MEGHALAYA,MEGHALAYA,SOUTH WEST GARO HILLS,0.1,13.6,-99.0,LD,498.4,1322.1,-62.0,LD,2026-08-21 06:48:34.134914
2026-08-20,2026-06-01,2026-08-20,district,ASSAM & MEGHALAYA,MEGHALAYA,SOUTH WEST KHASI HILLS,3.2,13.6,-77.0,LD,2350.8,1322.1,78.0,LE,2026-08-21 06:48:34.134914
2026-08-20,2026-06-01,2026-08-20,district,ASSAM & MEGHALAYA,MEGHALAYA,WEST GARO HILLS,0.1,11.8,-99.0,LD,398.1,1353.8,-71.0,LD,2026-08-21 06:48:34.134914
2026-08-20,2026-06-01,2026-08-20,district,ASSAM & MEGHALAYA,MEGHALAYA,WEST JAINTIA HILLS,0.1,23.4,-99.0,LD,729.7,3360.0,-78.0,LD,2026-08-21 06:48:34.134914
2026-08-20,2026-06-01,2026-08-20,district,ASSAM & MEGHALAYA,MEGHALAYA,WEST KHASI HILLS,1.7,20.8,-92.0,LD,584.4,1984.7,-71.0,LD,2026-08-21 06:48:34.134914
2026-08-20,2026-06-01,2026-08-20,district,BIHAR,BIHAR,ARARIA,0.1,9.4,-99.0,LD,644.0,971.1,-34.0,D,2026-08-21 06:48:34.134914
2026-08-20,2026-06-01,2026-08-20,district,BIHAR,BIHAR,ARWAL,0.0,3.7,-100.0,NR,265.3,467.2,-43.0,D,2026-08-21 06:48:34.134914
2026-08-20,2026-06-01,2026-08-20,district,BIHAR,BIHAR,AURANGABAD,3.6,7.3,-51.0,D,455.3,587.8,-23.0,D,2026-08-21 06:48:34.134914
2026-08-20,2026-06-01,2026-08-20,district,BIHAR,BIHAR,BANKA,0.0,6.7,-100.0,NR,306.8,604.0,-49.0,D,2026-08-21 06:48:34.134914
2026-08-20,2026-06-01,2026-08-20,district,BIHAR,BIHAR,BEGUSARAI,1.7,10.5,-83.0,LD,406.9,676.9,-40.0,D,2026-08-21 06:48:34.134914
2026-08-20,2026-06-01,2026-08-20,district,BIHAR,BIHAR,BHABUA,2.2,7.9,-72.0,LD,290.5,585.1,-50.0,D,2026-08-21 06:48:34.134914
2026-08-20,2026-06-01,2026-08-20,district,BIHAR,BIHAR,BHAGALPUR,0.3,8.9,-97.0,LD,263.7,665.4,-60.0,LD,2026-08-21 06:48:34.134914
2026-08-20,2026-06-01,2026-08-20,district,BIHAR,BIHAR,BHOJPUR,0.0,4.8,-100.0,NR,282.7,593.6,-52.0,D,2026-08-21 06:48:34.134914
2026-08-20,2026-06-01,2026-08-20,district,BIHAR,BIHAR,BUXAR,0.3,7.0,-96.0,LD,393.9,539.2,-27.0,D,2026-08-21 06:48:34.134914
2026-08-20,2026-06-01,2026-08-20,district,BIHAR,BIHAR,DARBHANGA,1.6,10.2,-85.0,LD,308.6,633.2,-51.0,D,2026-08-21 06:48:34.134914
2026-08-20,2026-06-01,2026-08-20,district,BIHAR,BIHAR,EAST CHAMPARAN,1.1,7.4,-85.0,LD,417.1,735.9,-43.0,D,2026-08-21 06:48:34.134914
2026-08-20,2026-06-01,2026-08-20,district,BIHAR,BIHAR,GAYA,1.1,7.2,-85.0,LD,363.2,581.0,-37.0,D,2026-08-21 06:48:34.134914
2026-08-20,2026-06-01,2026-08-20,district,BIHAR,BIHAR,GOPALGANJ,0.2,4.5,-96.0,LD,420.7,654.0,-36.0,D,2026-08-21 06:48:34.134914
2026-08-20,2026-06-01,2026-08-20,district,BIHAR,BIHAR,JAHANABAD,0.0,6.3,-100.0,NR,209.6,575.1,-64.0,LD,2026-08-21 06:48:34.134914
2026-08-20,2026-06-01,2026-08-20,district,BIHAR,BIHAR,JAMUI,0.0,6.2,-100.0,NR,292.1,631.1,-54.0,D,2026-08-21 06:48:34.134914
2026-08-20,2026-06-01,2026-08-20,district,BIHAR,BIHAR,KATIHAR,2.7,6.1,-55.0,D,440.0,722.6,-39.0,D,2026-08-21 06:48:34.134914
2026-08-20,2026-06-01,2026-08-20,district,BIHAR,BIHAR,KHAGARIA,0.5,10.4,-95.0,LD,576.1,654.8,-12.0,N,2026-08-21 06:48:34.134914
2026-08-20,2026-06-01,2026-08-20,district,BIHAR,BIHAR,KISHANGANJ,0.2,14.1,-99.0,LD,867.2,1220.7,-29.0,D,2026-08-21 06:48:34.134914
2026-08-20,2026-06-01,2026-08-20,district,BIHAR,BIHAR,LAKHISARAI,0.0,7.9,-100.0,NR,489.1,583.8,-16.0,N,2026-08-21 06:48:34.134914
2026-08-20,2026-06-01,2026-08-20,district,BIHAR,BIHAR,MADHEPURA,1.5,7.5,-80.0,LD,436.8,703.2,-38.0,D,2026-08-21 06:48:34.134914
2026-08-20,2026-06-01,2026-08-20,district,BIHAR,BIHAR,MADHUBANI,4.9,10.4,-53.0,D,420.0,695.5,-40.0,D,2026-08-21 06:48:34.134914
2026-08-20,2026-06-01,2026-08-20,district,BIHAR,BIHAR,MUNGER,0.0,12.7,-100.0,NR,424.3,700.5,-39.0,D,2026-08-21 06:48:34.134914
2026-08-20,2026-06-01,2026-08-20,district,BIHAR,BIHAR,MUZAFFARPUR,0.8,7.7,-90.0,LD,339.5,658.9,-48.0,D,2026-08-21 06:48:34.134914
2026-08-20,2026-06-01,2026-08-20,district,BIHAR,BIHAR,NALANDA,0.0,4.3,-100.0,NR,313.6,580.2,-46.0,D,2026-08-21 06:48:34.134914
2026-08-20,2026-06-01,2026-08-20,district,BIHAR,BIHAR,NAWADA,0.1,7.0,-98.0,LD,363.8,579.6,-37.0,D,2026-08-21 06:48:34.134914
2026-08-20,2026-06-01,2026-08-20,district,BIHAR,BIHAR,PATNA,0.0,5.9,-100.0,NR,302.1,597.5,-49.0,D,2026-08-21 06:48:34.134914
2026-08-20,2026-06-01,2026-08-20,district,BIHAR,BIHAR,PURNEA,2.0,9.2,-79.0,LD,571.9,974.9,-41.0,D,2026-08-21 06:48:34.134914
2026-08-20,2026-06-01,2026-08-20,district,BIHAR,BIHAR,ROHTAS,2.4,6.6,-64.0,LD,346.9,571.5,-39.0,D,2026-08-21 06:48:34.134914
2026-08-20,2026-06-01,2026-08-20,district,BIHAR,BIHAR,SAHARSA,2.3,8.2,-72.0,LD,393.7,746.2,-47.0,D,2026-08-21 06:48:34.134914
2026-08-20,2026-06-01,2026-08-20,district,BIHAR,BIHAR,SAMASTIPUR,2.8,10.9,-74.0,LD,346.7,641.5,-46.0,D,2026-08-21 06:48:34.134914
2026-08-20,2026-06-01,2026-08-20,district,BIHAR,BIHAR,SARAN,0.8,7.3,-89.0,LD,329.2,610.0,-46.0,D,2026-08-21 06:48:34.134914
2026-08-20,2026-06-01,2026-08-20,district,BIHAR,BIHAR,SHEIKHPURA,0.3,4.7,-94.0,LD,339.8,563.3,-40.0,D,2026-08-21 06:48:34.134914
2026-08-20,2026-06-01,2026-08-20,district,BIHAR,BIHAR,SHEOHAR,0.0,7.2,-100.0,NR,303.1,693.7,-56.0,D,2026-08-21 06:48:34.134914
2026-08-20,2026-06-01,2026-08-20,district,BIHAR,BIHAR,SITAMARHI,0.8,9.5,-92.0,LD,324.6,763.2,-57.0,D,2026-08-21 06:48:34.134914
2026-08-20,2026-06-01,2026-08-20,district,BIHAR,BIHAR,SIWAN,0.1,5.4,-97.0,LD,557.4,603.1,-8.0,N,2026-08-21 06:48:34.134914
2026-08-20,2026-06-01,2026-08-20,district,BIHAR,BIHAR,SUPAUL,3.9,5.8,-32.0,D,577.1,762.3,-24.0,D,2026-08-21 06:48:34.134914
2026-08-20,2026-06-01,2026-08-20,district,BIHAR,BIHAR,VAISHALI,1.4,6.5,-78.0,LD,377.1,618.6,-39.0,D,2026-08-21 06:48:34.134914
2026-08-20,2026-06-01,2026-08-20,district,BIHAR,BIHAR,WEST CHAMPARAN,0.4,8.7,-95.0,LD,574.5,866.9,-34.0,D,2026-08-21 06:48:34.134914
2026-08-20,2026-06-01,2026-08-20,district,CHHATTISGARH,CHHATTISGARH,BALOD,0.0,14.7,-100.0,NR,798.7,717.7,11.0,N,2026-08-21 06:48:34.134914
2026-08-20,2026-06-01,2026-08-20,district,CHHATTISGARH,CHHATTISGARH,BALODA BAZAR,3.4,11.2,-70.0,LD,836.6,668.9,25.0,E,2026-08-21 06:48:34.134914
2026-08-20,2026-06-01,2026-08-20,district,CHHATTISGARH,CHHATTISGARH,BALRAMPUR,23.0,11.1,107.0,LE,994.4,686.7,45.0,E,2026-08-21 06:48:34.134914
2026-08-20,2026-06-01,2026-08-20,district,CHHATTISGARH,CHHATTISGARH,BASTAR,2.5,13.8,-82.0,LD,629.9,840.3,-25.0,D,2026-08-21 06:48:34.134914
2026-08-20,2026-06-01,2026-08-20,district,CHHATTISGARH,CHHATTISGARH,BEMETARA,12.4,12.9,-4.0,N,455.3,749.7,-39.0,D,2026-08-21 06:48:34.134914
2026-08-20,2026-06-01,2026-08-20,district,CHHATTISGARH,CHHATTISGARH,BIJAPUR,16.3,18.8,-13.0,N,939.4,1002.1,-6.0,N,2026-08-21 06:48:34.134914
2026-08-20,2026-06-01,2026-08-20,district,CHHATTISGARH,CHHATTISGARH,BILASPUR,39.4,10.2,287.0,LE,829.9,742.8,12.0,N,2026-08-21 06:48:34.134914
2026-08-20,2026-06-01,2026-08-20,district,CHHATTISGARH,CHHATTISGARH,DANTEWADA,5.9,13.6,-57.0,D,744.0,924.9,-20.0,D,2026-08-21 06:48:34.134914
2026-08-20,2026-06-01,2026-08-20,district,CHHATTISGARH,CHHATTISGARH,DHAMTARI,0.1,11.1,-99.0,LD,759.2,745.4,2.0,N,2026-08-21 06:48:34.134914
2026-08-20,2026-06-01,2026-08-20,district,CHHATTISGARH,CHHATTISGARH,DURG,2.9,11.4,-75.0,LD,606.3,707.4,-14.0,N,2026-08-21 06:48:34.134914
2026-08-20,2026-06-01,2026-08-20,district,CHHATTISGARH,CHHATTISGARH,GARIABAND,0.8,14.6,-94.0,LD,845.4,740.6,14.0,N,2026-08-21 06:48:34.134914
2026-08-20,2026-06-01,2026-08-20,district,CHHATTISGARH,CHHATTISGARH,GAURELA PENDRA MARWAHI,44.1,11.4,287.0,LE,764.8,763.4,0.0,N,2026-08-21 06:48:34.134914
2026-08-20,2026-06-01,2026-08-20,district,CHHATTISGARH,CHHATTISGARH,JANJGIR,9.6,13.9,-31.0,D,941.3,777.8,21.0,E,2026-08-21 06:48:34.134914
2026-08-20,2026-06-01,2026-08-20,district,CHHATTISGARH,CHHATTISGARH,JASHPUR,6.2,12.7,-51.0,D,655.5,972.9,-33.0,D,2026-08-21 06:48:34.134914
2026-08-20,2026-06-01,2026-08-20,district,CHHATTISGARH,CHHATTISGARH,KABIRDHAM,42.9,7.6,464.0,LE,507.4,610.8,-17.0,N,2026-08-21 06:48:34.134914
2026-08-20,2026-06-01,2026-08-20,district,CHHATTISGARH,CHHATTISGARH,KANKER,1.7,18.0,-91.0,LD,588.1,960.1,-39.0,D,2026-08-21 06:48:34.134914
2026-08-20,2026-06-01,2026-08-20,district,CHHATTISGARH,CHHATTISGARH,KHAIRAGARH CHH GANDAI,12.6,11.0,14.0,N,533.4,516.3,3.0,N,2026-08-21 06:48:34.134914
2026-08-20,2026-06-01,2026-08-20,district,CHHATTISGARH,CHHATTISGARH,KONDAGAON,4.0,11.6,-66.0,LD,647.2,825.2,-22.0,D,2026-08-21 06:48:34.134914
2026-08-20,2026-06-01,2026-08-20,district,CHHATTISGARH,CHHATTISGARH,KORBA,20.2,17.3,17.0,N,825.1,911.5,-9.0,N,2026-08-21 06:48:34.134914
2026-08-20,2026-06-01,2026-08-20,district,CHHATTISGARH,CHHATTISGARH,KORIYA,6.7,11.2,-40.0,D,664.5,791.0,-16.0,N,2026-08-21 06:48:34.134914
2026-08-20,2026-06-01,2026-08-20,district,CHHATTISGARH,CHHATTISGARH,MAHASAMUND,1.0,13.0,-93.0,LD,939.4,745.7,26.0,E,2026-08-21 06:48:34.134914
2026-08-20,2026-06-01,2026-08-20,district,CHHATTISGARH,CHHATTISGARH,MANENDRAGARH BHARATPUR,46.1,11.2,312.0,LE,813.0,790.9,3.0,N,2026-08-21 06:48:34.134914
2026-08-20,2026-06-01,2026-08-20,district,CHHATTISGARH,CHHATTISGARH,MOHALA MANPUR CHOWKI,1.6,12.9,-88.0,LD,615.4,741.7,-17.0,N,2026-08-21 06:48:34.134914
2026-08-20,2026-06-01,2026-08-20,district,CHHATTISGARH,CHHATTISGARH,MUNGELI,78.6,6.0,1209.0,LE,914.7,675.1,35.0,E,2026-08-21 06:48:34.134914
2026-08-20,2026-06-01,2026-08-20,district,CHHATTISGARH,CHHATTISGARH,NARAYANPUR,5.3,13.7,-62.0,LD,1068.5,882.1,21.0,E,2026-08-21 06:48:34.134914
2026-08-20,2026-06-01,2026-08-20,district,CHHATTISGARH,CHHATTISGARH,RAIGARH,8.8,14.1,-38.0,D,800.1,836.2,-4.0,N,2026-08-21 06:48:34.134914
2026-08-20,2026-06-01,2026-08-20,district,CHHATTISGARH,CHHATTISGARH,RAIPUR,1.8,11.4,-84.0,LD,805.5,722.2,12.0,N,2026-08-21 06:48:34.134914
2026-08-20,2026-06-01,2026-08-20,district,CHHATTISGARH,CHHATTISGARH,RAJNANDGAON,2.1,10.2,-80.0,LD,640.4,745.3,-14.0,N,2026-08-21 06:48:34.134914
2026-08-20,2026-06-01,2026-08-20,district,CHHATTISGARH,CHHATTISGARH,SAKTI,6.9,15.5,-55.0,D,784.6,787.6,0.0,N,2026-08-21 06:48:34.134914
2026-08-20,2026-06-01,2026-08-20,district,CHHATTISGARH,CHHATTISGARH,SARANGARH BILAIGARH,9.8,8.6,13.0,N,1014.6,653.0,55.0,E,2026-08-21 06:48:34.134914
2026-08-20,2026-06-01,2026-08-20,district,CHHATTISGARH,CHHATTISGARH,SUKMA,2.2,9.9,-77.0,LD,698.9,852.1,-18.0,N,2026-08-21 06:48:34.134914
2026-08-20,2026-06-01,2026-08-20,district,CHHATTISGARH,CHHATTISGARH,SURAJPUR,18.2,10.4,75.0,LE,909.2,859.3,6.0,N,2026-08-21 06:48:34.134914
2026-08-20,2026-06-01,2026-08-20,district,CHHATTISGARH,CHHATTISGARH,SURGUJA,11.6,10.9,7.0,N,499.7,851.6,-41.0,D,2026-08-21 06:48:34.134914
2026-08-20,2026-06-01,2026-08-20,district,COASTAL A. P. & YANAM,ANDHRA PRADESH,ANAKAPALLI,0.0,4.3,-100.0,NR,257.2,386.0,-33.0,D,2026-08-21 06:48:34.134914
2026-08-20,2026-06-01,2026-08-20,district,COASTAL A. P. & YANAM,ANDHRA PRADESH,BAPATLA,0.6,4.9,-88.0,LD,135.5,327.3,-59.0,D,2026-08-21 06:48:34.134914
2026-08-20,2026-06-01,2026-08-20,district,COASTAL A. P. & YANAM,ANDHRA PRADESH,DR B R AMBEDKAR KONASEEMA,0.4,6.2,-94.0,LD,426.6,513.7,-17.0,N,2026-08-21 06:48:34.134914
2026-08-20,2026-06-01,2026-08-20,district,COASTAL A. P. & YANAM,ANDHRA PRADESH,EAST GODAVARI,0.8,5.2,-85.0,LD,310.5,485.5,-36.0,D,2026-08-21 06:48:34.134914
2026-08-20,2026-06-01,2026-08-20,district,COASTAL A. P. & YANAM,ANDHRA PRADESH,ELURU,3.5,13.3,-74.0,LD,367.3,593.4,-38.0,D,2026-08-21 06:48:34.134914
2026-08-20,2026-06-01,2026-08-20,district,COASTAL A. P. & YANAM,ANDHRA PRADESH,GUNTUR,6.3,5.8,9.0,N,292.4,385.3,-24.0,D,2026-08-21 06:48:34.134914
2026-08-20,2026-06-01,2026-08-20,district,COASTAL A. P. & YANAM,ANDHRA PRADESH,KAKINADA,0.1,4.5,-98.0,LD,286.4,434.7,-34.0,D,2026-08-21 06:48:34.134914
2026-08-20,2026-06-01,2026-08-20,district,COASTAL A. P. & YANAM,ANDHRA PRADESH,KRISHNA,0.3,5.0,-93.0,LD,278.8,440.9,-37.0,D,2026-08-21 06:48:34.134914
2026-08-20,2026-06-01,2026-08-20,district,COASTAL A. P. & YANAM,ANDHRA PRADESH,NTR DISTRICT,11.5,8.5,35.0,E,322.7,467.8,-31.0,D,2026-08-21 06:48:34.134914
2026-08-20,2026-06-01,2026-08-20,district,COASTAL A. P. & YANAM,ANDHRA PRADESH,PALNADU,2.1,6.0,-65.0,LD,209.2,347.1,-40.0,D,2026-08-21 06:48:34.134914
2026-08-20,2026-06-01,2026-08-20,district,COASTAL A. P. & YANAM,ANDHRA PRADESH,PARVATHIPURAM MANYAM,0.3,5.7,-94.0,LD,278.3,504.9,-45.0,D,2026-08-21 06:48:34.134914
2026-08-20,2026-06-01,2026-08-20,district,COASTAL A. P. & YANAM,ANDHRA PRADESH,PRAKASAM,0.0,2.4,-100.0,NR,96.8,211.3,-54.0,D,2026-08-21 06:48:34.134914
2026-08-20,2026-06-01,2026-08-20,district,COASTAL A. P. & YANAM,ANDHRA PRADESH,SPSR NELLORE,0.5,2.5,-78.0,LD,124.8,191.9,-35.0,D,2026-08-21 06:48:34.134914
2026-08-20,2026-06-01,2026-08-20,district,COASTAL A. P. & YANAM,ANDHRA PRADESH,SRI ALLURI SITHARAMARAJU DISTRICT,0.9,7.7,-89.0,LD,314.8,623.6,-50.0,D,2026-08-21 06:48:34.134914
2026-08-20,2026-06-01,2026-08-20,district,COASTAL A. P. & YANAM,ANDHRA PRADESH,SRIKAKULAM,0.0,3.8,-100.0,NR,262.6,451.3,-42.0,D,2026-08-21 06:48:34.134914
2026-08-20,2026-06-01,2026-08-20,district,COASTAL A. P. & YANAM,ANDHRA PRADESH,VISHAKHAPATNAM,0.0,4.8,-100.0,NR,233.3,345.8,-33.0,D,2026-08-21 06:48:34.134914
2026-08-20,2026-06-01,2026-08-20,district,COASTAL A. P. & YANAM,ANDHRA PRADESH,VIZIANAGARAM,0.2,5.3,-96.0,LD,297.0,430.9,-31.0,D,2026-08-21 06:48:34.134914
2026-08-20,2026-06-01,2026-08-20,district,COASTAL A. P. & YANAM,ANDHRA PRADESH,WEST GODAVARI,1.7,5.6,-70.0,LD,236.0,493.4,-52.0,D,2026-08-21 06:48:34.134914
2026-08-20,2026-06-01,2026-08-20,district,COASTAL A. P. & YANAM,PUDUCHERRY (UT),YANAM,0.0,5.9,-100.0,NR,285.4,471.2,-39.0,D,2026-08-21 06:48:34.134914
2026-08-20,2026-06-01,2026-08-20,district,COASTAL KARNATAKA,KARNATAKA,DAKSHINA KANNADA,25.8,24.0,8.0,N,2192.6,2741.3,-20.0,D,2026-08-21 06:48:34.134914
2026-08-20,2026-06-01,2026-08-20,district,COASTAL KARNATAKA,KARNATAKA,UDUPI,37.2,25.4,47.0,E,2334.8,3106.6,-25.0,D,2026-08-21 06:48:34.134914
2026-08-20,2026-06-01,2026-08-20,district,COASTAL KARNATAKA,KARNATAKA,UTTARA KANNADA,10.8,15.9,-32.0,D,1718.1,2293.4,-25.0,D,2026-08-21 06:48:34.134914
2026-08-20,2026-06-01,2026-08-20,district,EAST MADHYA PRADESH,MADHYA PRADESH,ANUPPUR,22.5,9.5,137.0,LE,822.5,709.3,16.0,N,2026-08-21 06:48:34.134914
2026-08-20,2026-06-01,2026-08-20,district,EAST MADHYA PRADESH,MADHYA PRADESH,BALAGHAT,14.2,14.8,-4.0,N,829.4,913.8,-9.0,N,2026-08-21 06:48:34.134914
2026-08-20,2026-06-01,2026-08-20,district,EAST MADHYA PRADESH,MADHYA PRADESH,CHHATARPUR,66.3,12.2,443.0,LE,578.8,657.4,-12.0,N,2026-08-21 06:48:34.134914
2026-08-20,2026-06-01,2026-08-20,district,EAST MADHYA PRADESH,MADHYA PRADESH,CHHINDWARA,5.6,12.5,-55.0,D,585.7,731.0,-20.0,D,2026-08-21 06:48:34.134914
2026-08-20,2026-06-01,2026-08-20,district,EAST MADHYA PRADESH,MADHYA PRADESH,DAMOH,23.3,9.9,135.0,LE,661.4,782.9,-16.0,N,2026-08-21 06:48:34.134914
2026-08-20,2026-06-01,2026-08-20,district,EAST MADHYA PRADESH,MADHYA PRADESH,DINDORI,83.2,11.3,636.0,LE,848.0,858.2,-1.0,N,2026-08-21 06:48:34.134914
2026-08-20,2026-06-01,2026-08-20,district,EAST MADHYA PRADESH,MADHYA PRADESH,JABALPUR,32.3,9.8,229.0,LE,605.4,803.2,-25.0,D,2026-08-21 06:48:34.134914
2026-08-20,2026-06-01,2026-08-20,district,EAST MADHYA PRADESH,MADHYA PRADESH,KATNI,45.0,6.2,626.0,LE,585.1,666.2,-12.0,N,2026-08-21 06:48:34.134914
2026-08-20,2026-06-01,2026-08-20,district,EAST MADHYA PRADESH,MADHYA PRADESH,MAIHAR,49.9,7.8,540.0,LE,601.9,685.0,-12.0,N,2026-08-21 06:48:34.134914
2026-08-20,2026-06-01,2026-08-20,district,EAST MADHYA PRADESH,MADHYA PRADESH,MANDLA,70.0,9.1,669.0,LE,779.0,879.6,-11.0,N,2026-08-21 06:48:34.134914
2026-08-20,2026-06-01,2026-08-20,district,EAST MADHYA PRADESH,MADHYA PRADESH,MAUGANJ,71.2,9.1,682.0,LE,905.2,657.7,38.0,E,2026-08-21 06:48:34.134914
2026-08-20,2026-06-01,2026-08-20,district,EAST MADHYA PRADESH,MADHYA PRADESH,NARSINGHPUR,6.8,14.9,-54.0,D,623.0,728.5,-14.0,N,2026-08-21 06:48:34.134914
2026-08-20,2026-06-01,2026-08-20,district,EAST MADHYA PRADESH,MADHYA PRADESH,NIWARI,14.0,10.6,32.0,E,498.7,530.8,-6.0,N,2026-08-21 06:48:34.134914
2026-08-20,2026-06-01,2026-08-20,district,EAST MADHYA PRADESH,MADHYA PRADESH,PANDHURNA,3.1,7.9,-61.0,LD,488.2,567.6,-14.0,N,2026-08-21 06:48:34.134914
2026-08-20,2026-06-01,2026-08-20,district,EAST MADHYA PRADESH,MADHYA PRADESH,PANNA,46.2,10.3,349.0,LE,677.1,756.9,-11.0,N,2026-08-21 06:48:34.134914
2026-08-20,2026-06-01,2026-08-20,district,EAST MADHYA PRADESH,MADHYA PRADESH,REWA,106.9,12.1,784.0,LE,464.3,683.3,-32.0,D,2026-08-21 06:48:34.134914
2026-08-20,2026-06-01,2026-08-20,district,EAST MADHYA PRADESH,MADHYA PRADESH,SAGAR,10.5,15.8,-34.0,D,539.3,776.1,-31.0,D,2026-08-21 06:48:34.134914
2026-08-20,2026-06-01,2026-08-20,district,EAST MADHYA PRADESH,MADHYA PRADESH,SATNA,57.2,9.5,502.0,LE,719.2,669.3,7.0,N,2026-08-21 06:48:34.134914
2026-08-20,2026-06-01,2026-08-20,district,EAST MADHYA PRADESH,MADHYA PRADESH,SEONI,14.2,8.7,63.0,LE,656.4,742.2,-12.0,N,2026-08-21 06:48:34.134914
2026-08-20,2026-06-01,2026-08-20,district,EAST MADHYA PRADESH,MADHYA PRADESH,SHAHDOL,35.4,11.8,200.0,LE,739.0,686.9,8.0,N,2026-08-21 06:48:34.134914
2026-08-20,2026-06-01,2026-08-20,district,EAST MADHYA PRADESH,MADHYA PRADESH,SIDHI,66.3,11.8,462.0,LE,814.1,693.5,17.0,N,2026-08-21 06:48:34.134914
2026-08-20,2026-06-01,2026-08-20,district,EAST MADHYA PRADESH,MADHYA PRADESH,SINGRAULI,15.1,12.5,21.0,E,723.4,731.0,-1.0,N,2026-08-21 06:48:34.134914
2026-08-20,2026-06-01,2026-08-20,district,EAST MADHYA PRADESH,MADHYA PRADESH,TIKAMGARH,28.6,7.3,292.0,LE,478.6,664.7,-28.0,D,2026-08-21 06:48:34.134914
2026-08-20,2026-06-01,2026-08-20,district,EAST MADHYA PRADESH,MADHYA PRADESH,UMARIA,54.1,12.1,347.0,LE,812.3,716.0,13.0,N,2026-08-21 06:48:34.134914
2026-08-20,2026-06-01,2026-08-20,district,EAST RAJASTHAN,RAJASTHAN,AJMER,0.0,5.2,-100.0,NR,309.1,346.9,-11.0,N,2026-08-21 06:48:34.134914
2026-08-20,2026-06-01,2026-08-20,district,EAST RAJASTHAN,RAJASTHAN,ALWAR,0.6,7.4,-92.0,LD,349.6,400.3,-13.0,N,2026-08-21 06:48:34.134914
2026-08-20,2026-06-01,2026-08-20,district,EAST RAJASTHAN,RAJASTHAN,BANSWARA,0.0,12.2,-100.0,NR,367.3,625.1,-41.0,D,2026-08-21 06:48:34.134914
2026-08-20,2026-06-01,2026-08-20,district,EAST RAJASTHAN,RAJASTHAN,BARAN,0.0,11.8,-100.0,NR,474.6,629.9,-25.0,D,2026-08-21 06:48:34.134914
2026-08-20,2026-06-01,2026-08-20,district,EAST RAJASTHAN,RAJASTHAN,BHARATPUR,0.2,6.1,-97.0,LD,481.9,387.9,24.0,E,2026-08-21 06:48:34.134914
2026-08-20,2026-06-01,2026-08-20,district,EAST RAJASTHAN,RAJASTHAN,BHILWARA,0.0,8.2,-100.0,NR,336.5,455.6,-26.0,D,2026-08-21 06:48:34.134914
2026-08-20,2026-06-01,2026-08-20,district,EAST RAJASTHAN,RAJASTHAN,BUNDI,0.0,8.7,-100.0,NR,345.4,487.2,-29.0,D,2026-08-21 06:48:34.134914
2026-08-20,2026-06-01,2026-08-20,district,EAST RAJASTHAN,RAJASTHAN,CHITTORGARH,0.0,11.4,-100.0,NR,449.7,534.9,-16.0,N,2026-08-21 06:48:34.134914
2026-08-20,2026-06-01,2026-08-20,district,EAST RAJASTHAN,RAJASTHAN,DAUSA,0.0,6.8,-100.0,NR,411.2,445.0,-8.0,N,2026-08-21 06:48:34.134914
2026-08-20,2026-06-01,2026-08-20,district,EAST RAJASTHAN,RAJASTHAN,DHOLPUR,0.3,6.5,-95.0,LD,438.8,420.6,4.0,N,2026-08-21 06:48:34.134914
2026-08-20,2026-06-01,2026-08-20,district,EAST RAJASTHAN,RAJASTHAN,DUNGARPUR,0.0,11.2,-100.0,NR,340.4,506.7,-33.0,D,2026-08-21 06:48:34.134914
2026-08-20,2026-06-01,2026-08-20,district,EAST RAJASTHAN,RAJASTHAN,JAIPUR,0.0,6.3,-100.0,NR,298.6,394.9,-24.0,D,2026-08-21 06:48:34.134914
2026-08-20,2026-06-01,2026-08-20,district,EAST RAJASTHAN,RAJASTHAN,JHALAWAR,0.0,15.9,-100.0,NR,531.5,642.3,-17.0,N,2026-08-21 06:48:34.134914
2026-08-20,2026-06-01,2026-08-20,district,EAST RAJASTHAN,RAJASTHAN,JHUNJHUNU,0.0,3.0,-100.0,NR,393.1,307.0,28.0,E,2026-08-21 06:48:34.134914
2026-08-20,2026-06-01,2026-08-20,district,EAST RAJASTHAN,RAJASTHAN,KARAULI,0.0,10.4,-100.0,NR,347.2,450.9,-23.0,D,2026-08-21 06:48:34.134914
2026-08-20,2026-06-01,2026-08-20,district,EAST RAJASTHAN,RAJASTHAN,KOTA,0.0,10.2,-100.0,NR,379.4,553.9,-32.0,D,2026-08-21 06:48:34.134914
2026-08-20,2026-06-01,2026-08-20,district,EAST RAJASTHAN,RAJASTHAN,PRATAPGARH,0.0,16.6,-100.0,NR,583.2,650.3,-10.0,N,2026-08-21 06:48:34.134914
2026-08-20,2026-06-01,2026-08-20,district,EAST RAJASTHAN,RAJASTHAN,RAJSAMAND,0.0,7.6,-100.0,NR,303.9,400.8,-24.0,D,2026-08-21 06:48:34.134914
2026-08-20,2026-06-01,2026-08-20,district,EAST RAJASTHAN,RAJASTHAN,SAWAI MADHOPUR,0.0,8.7,-100.0,NR,311.6,502.4,-38.0,D,2026-08-21 06:48:34.134914
2026-08-20,2026-06-01,2026-08-20,district,EAST RAJASTHAN,RAJASTHAN,SIKAR,0.0,3.7,-100.0,NR,324.7,319.9,1.0,N,2026-08-21 06:48:34.134914
2026-08-20,2026-06-01,2026-08-20,district,EAST RAJASTHAN,RAJASTHAN,SIROHI,0.0,11.7,-100.0,NR,409.6,659.8,-38.0,D,2026-08-21 06:48:34.134914
2026-08-20,2026-06-01,2026-08-20,district,EAST RAJASTHAN,RAJASTHAN,TONK,0.0,7.8,-100.0,NR,331.0,435.3,-24.0,D,2026-08-21 06:48:34.134914
2026-08-20,2026-06-01,2026-08-20,district,EAST RAJASTHAN,RAJASTHAN,UDAIPUR,0.0,10.5,-100.0,NR,339.2,448.4,-24.0,D,2026-08-21 06:48:34.134914
2026-08-20,2026-06-01,2026-08-20,district,EAST UTTAR PRADESH,UTTAR PRADESH,AMBEDKAR NAGAR,3.1,8.4,-64.0,LD,397.7,590.2,-33.0,D,2026-08-21 06:48:34.134914
2026-08-20,2026-06-01,2026-08-20,district,EAST UTTAR PRADESH,UTTAR PRADESH,AMETHI,14.0,5.5,154.0,LE,240.9,467.8,-48.0,D,2026-08-21 06:48:34.134914
2026-08-20,2026-06-01,2026-08-20,district,EAST UTTAR PRADESH,UTTAR PRADESH,AYODHYA,11.5,6.6,75.0,LE,453.6,597.3,-24.0,D,2026-08-21 06:48:34.134914
2026-08-20,2026-06-01,2026-08-20,district,EAST UTTAR PRADESH,UTTAR PRADESH,AZAMGARH,1.5,6.3,-77.0,LD,363.4,569.3,-36.0,D,2026-08-21 06:48:34.134914
2026-08-20,2026-06-01,2026-08-20,district,EAST UTTAR PRADESH,UTTAR PRADESH,BAHRAICH,13.7,7.0,95.0,LE,630.4,687.5,-8.0,N,2026-08-21 06:48:34.134914
2026-08-20,2026-06-01,2026-08-20,district,EAST UTTAR PRADESH,UTTAR PRADESH,BALLIA,0.0,5.4,-100.0,NR,400.4,501.2,-20.0,D,2026-08-21 06:48:34.134914
2026-08-20,2026-06-01,2026-08-20,district,EAST UTTAR PRADESH,UTTAR PRADESH,BALRAMPUR,0.3,4.1,-92.0,LD,486.9,566.9,-14.0,N,2026-08-21 06:48:34.134914
2026-08-20,2026-06-01,2026-08-20,district,EAST UTTAR PRADESH,UTTAR PRADESH,BANDA,27.5,5.7,382.0,LE,507.3,537.2,-6.0,N,2026-08-21 06:48:34.134914
2026-08-20,2026-06-01,2026-08-20,district,EAST UTTAR PRADESH,UTTAR PRADESH,BARABANKI,18.6,10.5,77.0,LE,535.5,560.8,-5.0,N,2026-08-21 06:48:34.134914
2026-08-20,2026-06-01,2026-08-20,district,EAST UTTAR PRADESH,UTTAR PRADESH,BASTI,0.0,8.2,-100.0,NR,380.9,579.3,-34.0,D,2026-08-21 06:48:34.134914
2026-08-20,2026-06-01,2026-08-20,district,EAST UTTAR PRADESH,UTTAR PRADESH,BHADOHI,3.5,9.7,-64.0,LD,182.0,551.2,-67.0,LD,2026-08-21 06:48:34.134914
2026-08-20,2026-06-01,2026-08-20,district,EAST UTTAR PRADESH,UTTAR PRADESH,CHANDAULI,0.5,11.0,-95.0,LD,284.5,502.0,-43.0,D,2026-08-21 06:48:34.134914
2026-08-20,2026-06-01,2026-08-20,district,EAST UTTAR PRADESH,UTTAR PRADESH,CHITRAKOOT,78.8,7.7,923.0,LE,793.9,547.0,45.0,E,2026-08-21 06:48:34.134914
2026-08-20,2026-06-01,2026-08-20,district,EAST UTTAR PRADESH,UTTAR PRADESH,DEORIA,0.0,4.9,-100.0,NR,153.5,557.1,-72.0,LD,2026-08-21 06:48:34.134914
2026-08-20,2026-06-01,2026-08-20,district,EAST UTTAR PRADESH,UTTAR PRADESH,FARRUKHABAD,3.9,5.6,-31.0,D,376.3,511.3,-26.0,D,2026-08-21 06:48:34.134914
2026-08-20,2026-06-01,2026-08-20,district,EAST UTTAR PRADESH,UTTAR PRADESH,FATEHPUR,47.7,8.3,474.0,LE,295.1,477.3,-38.0,D,2026-08-21 06:48:34.134914
2026-08-20,2026-06-01,2026-08-20,district,EAST UTTAR PRADESH,UTTAR PRADESH,GHAZIPUR,0.3,8.3,-97.0,LD,320.1,529.2,-40.0,D,2026-08-21 06:48:34.134914
2026-08-20,2026-06-01,2026-08-20,district,EAST UTTAR PRADESH,UTTAR PRADESH,GONDA,0.0,7.5,-100.0,NR,508.7,609.3,-17.0,N,2026-08-21 06:48:34.134914
2026-08-20,2026-06-01,2026-08-20,district,EAST UTTAR PRADESH,UTTAR PRADESH,GORAKHPUR,0.2,11.2,-98.0,LD,613.4,867.1,-29.0,D,2026-08-21 06:48:34.134914
2026-08-20,2026-06-01,2026-08-20,district,EAST UTTAR PRADESH,UTTAR PRADESH,HARDOI,35.2,4.8,634.0,LE,372.4,460.0,-19.0,N,2026-08-21 06:48:34.134914
2026-08-20,2026-06-01,2026-08-20,district,EAST UTTAR PRADESH,UTTAR PRADESH,JAUNPUR,0.0,8.3,-100.0,NR,160.2,479.8,-67.0,LD,2026-08-21 06:48:34.134914
2026-08-20,2026-06-01,2026-08-20,district,EAST UTTAR PRADESH,UTTAR PRADESH,KANNAUJ,4.6,4.1,12.0,N,538.1,451.2,19.0,N,2026-08-21 06:48:34.134914
2026-08-20,2026-06-01,2026-08-20,district,EAST UTTAR PRADESH,UTTAR PRADESH,KANPUR CITY,40.1,3.2,1153.0,LE,542.9,439.4,24.0,E,2026-08-21 06:48:34.134914
2026-08-20,2026-06-01,2026-08-20,district,EAST UTTAR PRADESH,UTTAR PRADESH,KANPUR DEHAT,9.4,3.8,147.0,LE,129.3,397.4,-67.0,LD,2026-08-21 06:48:34.134914
2026-08-20,2026-06-01,2026-08-20,district,EAST UTTAR PRADESH,UTTAR PRADESH,KAUSHAMBI,9.8,3.1,217.0,LE,186.9,384.5,-51.0,D,2026-08-21 06:48:34.134914
2026-08-20,2026-06-01,2026-08-20,district,EAST UTTAR PRADESH,UTTAR PRADESH,KHERI,8.1,7.1,15.0,N,649.1,640.0,1.0,N,2026-08-21 06:48:34.134914
2026-08-20,2026-06-01,2026-08-20,district,EAST UTTAR PRADESH,UTTAR PRADESH,KUSHI NAGAR,0.0,4.8,-100.0,NR,191.1,525.6,-64.0,LD,2026-08-21 06:48:34.134914
2026-08-20,2026-06-01,2026-08-20,district,EAST UTTAR PRADESH,UTTAR PRADESH,LUCKNOW,18.5,4.0,362.0,LE,409.7,460.5,-11.0,N,2026-08-21 06:48:34.134914
2026-08-20,2026-06-01,2026-08-20,district,EAST UTTAR PRADESH,UTTAR PRADESH,MAHARAJGANJ,2.0,8.1,-75.0,LD,574.2,713.8,-20.0,D,2026-08-21 06:48:34.134914
2026-08-20,2026-06-01,2026-08-20,district,EAST UTTAR PRADESH,UTTAR PRADESH,MAU,0.0,6.4,-100.0,NR,186.5,541.0,-66.0,LD,2026-08-21 06:48:34.134914
2026-08-20,2026-06-01,2026-08-20,district,EAST UTTAR PRADESH,UTTAR PRADESH,MIRZAPUR,16.6,12.0,38.0,E,637.5,600.4,6.0,N,2026-08-21 06:48:34.134914
2026-08-20,2026-06-01,2026-08-20,district,EAST UTTAR PRADESH,UTTAR PRADESH,PRATAPGARH,16.0,7.2,122.0,LE,520.8,517.8,1.0,N,2026-08-21 06:48:34.134914
2026-08-20,2026-06-01,2026-08-20,district,EAST UTTAR PRADESH,UTTAR PRADESH,PRAYAGRAJ,27.8,7.7,262.0,LE,611.5,490.1,25.0,E,2026-08-21 06:48:34.134914
2026-08-20,2026-06-01,2026-08-20,district,EAST UTTAR PRADESH,UTTAR PRADESH,RAE BAREILLY,20.0,3.4,489.0,LE,195.9,292.6,-33.0,D,2026-08-21 06:48:34.134914
2026-08-20,2026-06-01,2026-08-20,district,EAST UTTAR PRADESH,UTTAR PRADESH,SANT KABIR NAGAR,0.0,8.1,-100.0,NR,347.7,719.2,-52.0,D,2026-08-21 06:48:34.134914
2026-08-20,2026-06-01,2026-08-20,district,EAST UTTAR PRADESH,UTTAR PRADESH,SHRAWASTI,12.3,6.4,92.0,LE,488.5,789.6,-38.0,D,2026-08-21 06:48:34.134914
2026-08-20,2026-06-01,2026-08-20,district,EAST UTTAR PRADESH,UTTAR PRADESH,SIDDHARTH NAGAR,2.1,5.5,-62.0,LD,490.5,742.9,-34.0,D,2026-08-21 06:48:34.134914
2026-08-20,2026-06-01,2026-08-20,district,EAST UTTAR PRADESH,UTTAR PRADESH,SITAPUR,4.4,11.4,-61.0,LD,305.5,570.0,-46.0,D,2026-08-21 06:48:34.134914
2026-08-20,2026-06-01,2026-08-20,district,EAST UTTAR PRADESH,UTTAR PRADESH,SONBHADRA,8.5,6.9,24.0,E,520.0,600.9,-13.0,N,2026-08-21 06:48:34.134914
2026-08-20,2026-06-01,2026-08-20,district,EAST UTTAR PRADESH,UTTAR PRADESH,SULTANPUR,5.6,6.7,-16.0,N,468.5,563.6,-17.0,N,2026-08-21 06:48:34.134914
2026-08-20,2026-06-01,2026-08-20,district,EAST UTTAR PRADESH,UTTAR PRADESH,UNNAO,23.2,4.6,404.0,LE,282.7,436.2,-35.0,D,2026-08-21 06:48:34.134914
2026-08-20,2026-06-01,2026-08-20,district,EAST UTTAR PRADESH,UTTAR PRADESH,VARANASI,0.8,11.1,-92.0,LD,400.5,535.6,-25.0,D,2026-08-21 06:48:34.134914
2026-08-20,2026-06-01,2026-08-20,district,GANGETIC WEST BENGAL,WEST BENGAL,BANKURA,3.8,11.8,-68.0,LD,848.5,814.9,4.0,N,2026-08-21 06:48:34.134914
2026-08-20,2026-06-01,2026-08-20,district,GANGETIC WEST BENGAL,WEST BENGAL,BIRBHUM,4.7,8.7,-46.0,D,627.6,780.4,-20.0,D,2026-08-21 06:48:34.134914
2026-08-20,2026-06-01,2026-08-20,district,GANGETIC WEST BENGAL,WEST BENGAL,EAST MIDNAPORE,0.8,14.2,-94.0,LD,1422.9,858.9,66.0,LE,2026-08-21 06:48:34.134914
2026-08-20,2026-06-01,2026-08-20,district,GANGETIC WEST BENGAL,WEST BENGAL,HOOGHLY,0.0,10.2,-100.0,NR,769.8,732.9,5.0,N,2026-08-21 06:48:34.134914
2026-08-20,2026-06-01,2026-08-20,district,GANGETIC WEST BENGAL,WEST BENGAL,HOWRAH,0.0,12.5,-100.0,NR,905.9,810.8,12.0,N,2026-08-21 06:48:34.134914
2026-08-20,2026-06-01,2026-08-20,district,GANGETIC WEST BENGAL,WEST BENGAL,JHARGRAM,30.7,11.0,179.0,LE,811.6,813.0,0.0,N,2026-08-21 06:48:34.134914
2026-08-20,2026-06-01,2026-08-20,district,GANGETIC WEST BENGAL,WEST BENGAL,KOLKATA,0.0,15.3,-100.0,NR,1069.5,921.5,16.0,N,2026-08-21 06:48:34.134914
2026-08-20,2026-06-01,2026-08-20,district,GANGETIC WEST BENGAL,WEST BENGAL,MURSHIDABAD,7.4,7.3,1.0,N,536.5,685.5,-22.0,D,2026-08-21 06:48:34.134914
2026-08-20,2026-06-01,2026-08-20,district,GANGETIC WEST BENGAL,WEST BENGAL,NADIA,2.4,6.4,-63.0,LD,529.4,658.4,-20.0,D,2026-08-21 06:48:34.134914
2026-08-20,2026-06-01,2026-08-20,district,GANGETIC WEST BENGAL,WEST BENGAL,NORTH 24 PARGANAS,0.0,11.9,-100.0,NR,1040.3,808.1,29.0,E,2026-08-21 06:48:34.134914
2026-08-20,2026-06-01,2026-08-20,district,GANGETIC WEST BENGAL,WEST BENGAL,PASCHIM BARDHAMAN,0.9,6.5,-86.0,LD,771.4,759.5,2.0,N,2026-08-21 06:48:34.134914
2026-08-20,2026-06-01,2026-08-20,district,GANGETIC WEST BENGAL,WEST BENGAL,PURBA BARDHAMAN,0.5,8.6,-94.0,LD,694.6,722.0,-4.0,N,2026-08-21 06:48:34.134914
2026-08-20,2026-06-01,2026-08-20,district,GANGETIC WEST BENGAL,WEST BENGAL,PURULIA,0.0,10.7,-100.0,NR,607.6,764.5,-21.0,D,2026-08-21 06:48:34.134914
2026-08-20,2026-06-01,2026-08-20,district,GANGETIC WEST BENGAL,WEST BENGAL,SOUTH 24 PARGANAS,0.0,13.0,-100.0,NR,1237.1,1004.6,23.0,E,2026-08-21 06:48:34.134914
2026-08-20,2026-06-01,2026-08-20,district,GANGETIC WEST BENGAL,WEST BENGAL,WEST MIDNAPORE,12.9,11.0,17.0,N,1197.1,813.0,47.0,E,2026-08-21 06:48:34.134914
2026-08-20,2026-06-01,2026-08-20,district,GUJARAT REGION,DADRA & NAGAR HAVELI AND DAMAN & DIU (UT),DADARA & NAGAR HAVELI,5.3,8.6,-38.0,D,2844.5,1750.6,62.0,LE,2026-08-21 06:48:34.134914
2026-08-20,2026-06-01,2026-08-20,district,GUJARAT REGION,DADRA & NAGAR HAVELI AND DAMAN & DIU (UT),DAMAN,0.0,8.6,-100.0,NR,2631.7,1750.6,50.0,E,2026-08-21 06:48:34.134914
2026-08-20,2026-06-01,2026-08-20,district,GUJARAT REGION,GUJARAT,AHMEDABAD,0.0,4.1,-100.0,NR,539.4,490.1,10.0,N,2026-08-21 06:48:34.134914
2026-08-20,2026-06-01,2026-08-20,district,GUJARAT REGION,GUJARAT,ANAND,0.0,6.5,-100.0,NR,758.7,608.9,25.0,E,2026-08-21 06:48:34.134914
2026-08-20,2026-06-01,2026-08-20,district,GUJARAT REGION,GUJARAT,ARAVALLI,0.0,8.0,-100.0,NR,386.9,610.8,-37.0,D,2026-08-21 06:48:34.134914
2026-08-20,2026-06-01,2026-08-20,district,GUJARAT REGION,GUJARAT,BANASKANTHA,0.0,8.2,-100.0,NR,379.3,449.1,-16.0,N,2026-08-21 06:48:34.134914
2026-08-20,2026-06-01,2026-08-20,district,GUJARAT REGION,GUJARAT,BHARUCH,0.0,4.8,-100.0,NR,746.4,539.2,38.0,E,2026-08-21 06:48:34.134914
2026-08-20,2026-06-01,2026-08-20,district,GUJARAT REGION,GUJARAT,CHHOTA UDEPUR,0.0,5.5,-100.0,NR,594.2,713.6,-17.0,N,2026-08-21 06:48:34.134914
2026-08-20,2026-06-01,2026-08-20,district,GUJARAT REGION,GUJARAT,DAHOD,0.0,9.4,-100.0,NR,361.1,564.3,-36.0,D,2026-08-21 06:48:34.134914
2026-08-20,2026-06-01,2026-08-20,district,GUJARAT REGION,GUJARAT,DANGS,4.3,12.3,-65.0,LD,2275.2,1680.1,35.0,E,2026-08-21 06:48:34.134914
2026-08-20,2026-06-01,2026-08-20,district,GUJARAT REGION,GUJARAT,GANDHINAGAR,0.0,4.5,-100.0,NR,469.1,561.2,-16.0,N,2026-08-21 06:48:34.134914
2026-08-20,2026-06-01,2026-08-20,district,GUJARAT REGION,GUJARAT,KHEDA,0.0,4.8,-100.0,NR,860.6,592.0,45.0,E,2026-08-21 06:48:34.134914
2026-08-20,2026-06-01,2026-08-20,district,GUJARAT REGION,GUJARAT,MAHISAGAR,0.0,9.3,-100.0,NR,671.5,583.8,15.0,N,2026-08-21 06:48:34.134914
2026-08-20,2026-06-01,2026-08-20,district,GUJARAT REGION,GUJARAT,MEHSANA,0.0,7.3,-100.0,NR,448.3,517.0,-13.0,N,2026-08-21 06:48:34.134914
2026-08-20,2026-06-01,2026-08-20,district,GUJARAT REGION,GUJARAT,NARMADA,0.0,8.3,-100.0,NR,860.9,770.9,12.0,N,2026-08-21 06:48:34.134914
2026-08-20,2026-06-01,2026-08-20,district,GUJARAT REGION,GUJARAT,NAVSARI,0.5,8.6,-94.0,LD,2240.0,1406.0,59.0,E,2026-08-21 06:48:34.134914
2026-08-20,2026-06-01,2026-08-20,district,GUJARAT REGION,GUJARAT,PANCHMAHAL,0.0,9.8,-100.0,NR,696.1,670.5,4.0,N,2026-08-21 06:48:34.134914
2026-08-20,2026-06-01,2026-08-20,district,GUJARAT REGION,GUJARAT,PATAN,0.0,6.7,-100.0,NR,406.7,412.0,-1.0,N,2026-08-21 06:48:34.134914
2026-08-20,2026-06-01,2026-08-20,district,GUJARAT REGION,GUJARAT,SABARKANTHA,0.0,6.4,-100.0,NR,410.2,620.4,-34.0,D,2026-08-21 06:48:34.134914
2026-08-20,2026-06-01,2026-08-20,district,GUJARAT REGION,GUJARAT,SURAT,0.0,5.6,-100.0,NR,1455.2,978.9,49.0,E,2026-08-21 06:48:34.134914
2026-08-20,2026-06-01,2026-08-20,district,GUJARAT REGION,GUJARAT,TAPI,0.4,6.1,-94.0,LD,1286.3,1056.1,22.0,E,2026-08-21 06:48:34.134914
2026-08-20,2026-06-01,2026-08-20,district,GUJARAT REGION,GUJARAT,VADODARA,0.0,4.9,-100.0,NR,528.3,658.0,-20.0,D,2026-08-21 06:48:34.134914
2026-08-20,2026-06-01,2026-08-20,district,GUJARAT REGION,GUJARAT,VALSAD,0.9,10.2,-91.0,LD,2661.4,1582.0,68.0,LE,2026-08-21 06:48:34.134914
2026-08-20,2026-06-01,2026-08-20,district,HAR. CHD & DELHI,CHANDIGARH (UT),CHANDIGARH,16.3,5.6,192.0,LE,549.0,632.5,-13.0,N,2026-08-21 06:48:34.134914
2026-08-20,2026-06-01,2026-08-20,district,HAR. CHD & DELHI,DELHI,CENTRAL DELHI,0.5,8.7,-94.0,LD,568.2,472.0,20.0,E,2026-08-21 06:48:34.134914
2026-08-20,2026-06-01,2026-08-20,district,HAR. CHD & DELHI,DELHI,NEW DELHI,17.5,12.6,38.0,E,415.1,442.3,-6.0,N,2026-08-21 06:48:34.134914
2026-08-20,2026-06-01,2026-08-20,district,HAR. CHD & DELHI,DELHI,NORTH EAST DELHI,0.2,8.7,-98.0,LD,419.9,472.0,-11.0,N,2026-08-21 06:48:34.134914
2026-08-20,2026-06-01,2026-08-20,district,HAR. CHD & DELHI,DELHI,NORTH WEST DELHI,12.0,6.4,87.0,LE,322.5,284.9,13.0,N,2026-08-21 06:48:34.134914
2026-08-20,2026-06-01,2026-08-20,district,HAR. CHD & DELHI,DELHI,SOUTH DELHI,1.2,8.7,-86.0,LD,449.0,472.0,-5.0,N,2026-08-21 06:48:34.134914
2026-08-20,2026-06-01,2026-08-20,district,HAR. CHD & DELHI,DELHI,SOUTH EAST DELHI,5.3,8.7,-40.0,D,508.2,472.0,8.0,N,2026-08-21 06:48:34.134914
2026-08-20,2026-06-01,2026-08-20,district,HAR. CHD & DELHI,DELHI,SOUTH WEST DELHI,6.4,13.3,-52.0,D,343.2,386.9,-11.0,N,2026-08-21 06:48:34.134914
2026-08-20,2026-06-01,2026-08-20,district,HAR. CHD & DELHI,DELHI,WEST DELHI,14.8,9.6,54.0,E,486.5,425.1,14.0,N,2026-08-21 06:48:34.134914
2026-08-20,2026-06-01,2026-08-20,district,HAR. CHD & DELHI,HARYANA,AMBALA,0.7,6.1,-89.0,LD,298.5,606.1,-51.0,D,2026-08-21 06:48:34.134914
2026-08-20,2026-06-01,2026-08-20,district,HAR. CHD & DELHI,HARYANA,BHIWANI,0.0,3.7,-100.0,NR,260.5,213.9,22.0,E,2026-08-21 06:48:34.134914
2026-08-20,2026-06-01,2026-08-20,district,HAR. CHD & DELHI,HARYANA,CHARKHI DADRI,0.0,2.8,-100.0,NR,325.3,293.9,11.0,N,2026-08-21 06:48:34.134914
2026-08-20,2026-06-01,2026-08-20,district,HAR. CHD & DELHI,HARYANA,FARIDABAD,5.1,8.6,-40.0,D,435.3,378.9,15.0,N,2026-08-21 06:48:34.134914
2026-08-20,2026-06-01,2026-08-20,district,HAR. CHD & DELHI,HARYANA,FATEHABAD,0.0,3.0,-100.0,NR,194.1,189.2,3.0,N,2026-08-21 06:48:34.134914
2026-08-20,2026-06-01,2026-08-20,district,HAR. CHD & DELHI,HARYANA,GURGAON,2.8,5.2,-46.0,D,341.7,348.7,-2.0,N,2026-08-21 06:48:34.134914
2026-08-20,2026-06-01,2026-08-20,district,HAR. CHD & DELHI,HARYANA,HISAR,0.3,3.9,-93.0,LD,195.5,217.6,-10.0,N,2026-08-21 06:48:34.134914
2026-08-20,2026-06-01,2026-08-20,district,HAR. CHD & DELHI,HARYANA,JHAJJAR,1.6,4.1,-60.0,LD,267.0,270.9,-1.0,N,2026-08-21 06:48:34.134914
2026-08-20,2026-06-01,2026-08-20,district,HAR. CHD & DELHI,HARYANA,JIND,0.0,3.8,-100.0,NR,133.9,276.4,-52.0,D,2026-08-21 06:48:34.134914
2026-08-20,2026-06-01,2026-08-20,district,HAR. CHD & DELHI,HARYANA,KAITHAL,2.8,3.9,-29.0,D,134.3,261.0,-49.0,D,2026-08-21 06:48:34.134914
2026-08-20,2026-06-01,2026-08-20,district,HAR. CHD & DELHI,HARYANA,KARNAL,0.0,4.7,-100.0,NR,242.3,360.7,-33.0,D,2026-08-21 06:48:34.134914
2026-08-20,2026-06-01,2026-08-20,district,HAR. CHD & DELHI,HARYANA,KURUKSHETRA,12.5,2.3,443.0,LE,342.9,288.6,19.0,N,2026-08-21 06:48:34.134914
2026-08-20,2026-06-01,2026-08-20,district,HAR. CHD & DELHI,HARYANA,MAHENDRAGARH,0.1,5.5,-99.0,LD,284.2,296.5,-4.0,N,2026-08-21 06:48:34.134914
2026-08-20,2026-06-01,2026-08-20,district,HAR. CHD & DELHI,HARYANA,NUH,1.1,6.2,-82.0,LD,330.1,329.0,0.0,N,2026-08-21 06:48:34.134914
2026-08-20,2026-06-01,2026-08-20,district,HAR. CHD & DELHI,HARYANA,PALWAL,0.0,5.1,-100.0,NR,330.8,282.6,17.0,N,2026-08-21 06:48:34.134914
2026-08-20,2026-06-01,2026-08-20,district,HAR. CHD & DELHI,HARYANA,PANCHKULA,14.3,12.4,16.0,N,351.8,629.2,-44.0,D,2026-08-21 06:48:34.134914
2026-08-20,2026-06-01,2026-08-20,district,HAR. CHD & DELHI,HARYANA,PANIPAT,0.0,2.7,-100.0,NR,260.7,309.2,-16.0,N,2026-08-21 06:48:34.134914
2026-08-20,2026-06-01,2026-08-20,district,HAR. CHD & DELHI,HARYANA,REWARI,1.0,4.2,-76.0,LD,322.9,313.4,3.0,N,2026-08-21 06:48:34.134914
2026-08-20,2026-06-01,2026-08-20,district,HAR. CHD & DELHI,HARYANA,ROHTAK,0.3,3.6,-91.0,LD,208.3,330.3,-37.0,D,2026-08-21 06:48:34.134914
2026-08-20,2026-06-01,2026-08-20,district,HAR. CHD & DELHI,HARYANA,SIRSA,0.6,1.7,-65.0,LD,84.5,160.1,-47.0,D,2026-08-21 06:48:34.134914
2026-08-20,2026-06-01,2026-08-20,district,HAR. CHD & DELHI,HARYANA,SONEPAT,2.1,3.5,-41.0,D,240.8,329.5,-27.0,D,2026-08-21 06:48:34.134914
2026-08-20,2026-06-01,2026-08-20,district,HAR. CHD & DELHI,HARYANA,YAMUNA NAGAR,7.4,7.7,-4.0,N,608.9,660.7,-8.0,N,2026-08-21 06:48:34.134914
2026-08-20,2026-06-01,2026-08-20,district,HIMACHAL PRADESH,HIMACHAL PRADESH,BILASPUR,11.3,5.6,102.0,LE,622.6,603.2,3.0,N,2026-08-21 06:48:34.134914
2026-08-20,2026-06-01,2026-08-20,district,HIMACHAL PRADESH,HIMACHAL PRADESH,CHAMBA,0.7,8.4,-92.0,LD,621.9,647.6,-4.0,N,2026-08-21 06:48:34.134914
2026-08-20,2026-06-01,2026-08-20,district,HIMACHAL PRADESH,HIMACHAL PRADESH,HAMIRPUR,6.2,12.3,-49.0,D,471.5,731.1,-36.0,D,2026-08-21 06:48:34.134914
2026-08-20,2026-06-01,2026-08-20,district,HIMACHAL PRADESH,HIMACHAL PRADESH,KANGRA,6.9,25.3,-73.0,LD,1141.6,1229.5,-7.0,N,2026-08-21 06:48:34.134914
2026-08-20,2026-06-01,2026-08-20,district,HIMACHAL PRADESH,HIMACHAL PRADESH,KINNAUR,1.3,2.9,-54.0,D,195.7,162.9,20.0,E,2026-08-21 06:48:34.134914
2026-08-20,2026-06-01,2026-08-20,district,HIMACHAL PRADESH,HIMACHAL PRADESH,KULLU,9.4,5.2,80.0,LE,465.2,404.3,15.0,N,2026-08-21 06:48:34.134914
2026-08-20,2026-06-01,2026-08-20,district,HIMACHAL PRADESH,HIMACHAL PRADESH,LAHAUL & SPITI,0.7,1.7,-57.0,D,110.0,259.0,-58.0,D,2026-08-21 06:48:34.134914
2026-08-20,2026-06-01,2026-08-20,district,HIMACHAL PRADESH,HIMACHAL PRADESH,MANDI,9.6,14.1,-32.0,D,728.0,851.2,-14.0,N,2026-08-21 06:48:34.134914
2026-08-20,2026-06-01,2026-08-20,district,HIMACHAL PRADESH,HIMACHAL PRADESH,SHIMLA,5.4,6.7,-19.0,N,615.4,463.1,33.0,E,2026-08-21 06:48:34.134914
2026-08-20,2026-06-01,2026-08-20,district,HIMACHAL PRADESH,HIMACHAL PRADESH,SIRMAUR,6.5,13.2,-51.0,D,985.5,892.1,10.0,N,2026-08-21 06:48:34.134914
2026-08-20,2026-06-01,2026-08-20,district,HIMACHAL PRADESH,HIMACHAL PRADESH,SOLAN,9.7,9.2,5.0,N,672.0,652.3,3.0,N,2026-08-21 06:48:34.134914
2026-08-20,2026-06-01,2026-08-20,district,HIMACHAL PRADESH,HIMACHAL PRADESH,UNA,3.4,10.7,-68.0,LD,623.6,704.2,-11.0,N,2026-08-21 06:48:34.134914
2026-08-20,2026-06-01,2026-08-20,district,J & K AND LADAKH,JAMMU & KASHMIR(UT),ANANTNAG,4.8,2.1,129.0,LE,260.2,230.9,13.0,N,2026-08-21 06:48:34.134914
2026-08-20,2026-06-01,2026-08-20,district,J & K AND LADAKH,JAMMU & KASHMIR(UT),BADGAM,0.0,1.9,-100.0,NR,120.0,154.9,-23.0,D,2026-08-21 06:48:34.134914
2026-08-20,2026-06-01,2026-08-20,district,J & K AND LADAKH,JAMMU & KASHMIR(UT),BANDIPORA,10.5,2.5,320.0,LE,180.2,163.3,10.0,N,2026-08-21 06:48:34.134914
2026-08-20,2026-06-01,2026-08-20,district,J & K AND LADAKH,JAMMU & KASHMIR(UT),BARAMULA,4.0,1.6,153.0,LE,248.8,156.3,59.0,E,2026-08-21 06:48:34.134914
2026-08-20,2026-06-01,2026-08-20,district,J & K AND LADAKH,JAMMU & KASHMIR(UT),DODA,0.8,2.4,-67.0,LD,342.7,309.1,11.0,N,2026-08-21 06:48:34.134914
2026-08-20,2026-06-01,2026-08-20,district,J & K AND LADAKH,JAMMU & KASHMIR(UT),GANDERBAL,2.0,2.1,-5.0,N,288.7,188.8,53.0,E,2026-08-21 06:48:34.134914
2026-08-20,2026-06-01,2026-08-20,district,J & K AND LADAKH,JAMMU & KASHMIR(UT),JAMMU,1.9,12.1,-84.0,LD,637.8,710.9,-10.0,N,2026-08-21 06:48:34.134914
2026-08-20,2026-06-01,2026-08-20,district,J & K AND LADAKH,JAMMU & KASHMIR(UT),KATHUA,11.0,8.1,35.0,E,849.6,937.0,-9.0,N,2026-08-21 06:48:34.134914
2026-08-20,2026-06-01,2026-08-20,district,J & K AND LADAKH,JAMMU & KASHMIR(UT),KISTWAR,2.8,2.4,15.0,N,164.8,309.1,-47.0,D,2026-08-21 06:48:34.134914
2026-08-20,2026-06-01,2026-08-20,district,J & K AND LADAKH,JAMMU & KASHMIR(UT),KULGAM,0.0,0.8,-100.0,NR,231.6,230.9,0.0,N,2026-08-21 06:48:34.134914
2026-08-20,2026-06-01,2026-08-20,district,J & K AND LADAKH,JAMMU & KASHMIR(UT),KUPWARA,3.8,4.0,-6.0,N,196.5,193.9,1.0,N,2026-08-21 06:48:34.134914
2026-08-20,2026-06-01,2026-08-20,district,J & K AND LADAKH,JAMMU & KASHMIR(UT),POONCH,20.5,12.5,64.0,LE,696.8,490.4,42.0,E,2026-08-21 06:48:34.134914
2026-08-20,2026-06-01,2026-08-20,district,J & K AND LADAKH,JAMMU & KASHMIR(UT),PULWAMA,0.0,0.4,-100.0,NR,221.0,138.8,59.0,E,2026-08-21 06:48:34.134914
2026-08-20,2026-06-01,2026-08-20,district,J & K AND LADAKH,JAMMU & KASHMIR(UT),RAJOURI,2.0,5.4,-63.0,LD,572.6,489.9,17.0,N,2026-08-21 06:48:34.134914
2026-08-20,2026-06-01,2026-08-20,district,J & K AND LADAKH,JAMMU & KASHMIR(UT),RAMBAN,10.6,2.2,383.0,LE,423.9,288.5,47.0,E,2026-08-21 06:48:34.134914
2026-08-20,2026-06-01,2026-08-20,district,J & K AND LADAKH,JAMMU & KASHMIR(UT),REASI,29.2,17.0,72.0,LE,979.6,1170.1,-16.0,N,2026-08-21 06:48:34.134914
2026-08-20,2026-06-01,2026-08-20,district,J & K AND LADAKH,JAMMU & KASHMIR(UT),SAMBA,11.5,16.9,-32.0,D,855.5,601.3,42.0,E,2026-08-21 06:48:34.134914
2026-08-20,2026-06-01,2026-08-20,district,J & K AND LADAKH,JAMMU & KASHMIR(UT),SHOPIAN,2.3,5.7,-59.0,D,106.8,215.5,-50.0,D,2026-08-21 06:48:34.134914
2026-08-20,2026-06-01,2026-08-20,district,J & K AND LADAKH,JAMMU & KASHMIR(UT),SRINAGAR,4.1,1.7,142.0,LE,217.5,175.3,24.0,E,2026-08-21 06:48:34.134914
2026-08-20,2026-06-01,2026-08-20,district,J & K AND LADAKH,JAMMU & KASHMIR(UT),UDHAMPUR,18.8,7.6,147.0,LE,1199.7,737.8,63.0,LE,2026-08-21 06:48:34.134914
2026-08-20,2026-06-01,2026-08-20,district,J & K AND LADAKH,LADAKH (UT),KARGIL,0.0,0.1,-100.0,NR,21.6,6.4,206.0,LE,2026-08-21 06:48:34.134914
2026-08-20,2026-06-01,2026-08-20,district,J & K AND LADAKH,LADAKH (UT),LADAKH (LEH),0.8,0.2,300.0,LE,56.1,18.8,195.0,LE,2026-08-21 06:48:34.134914
2026-08-20,2026-06-01,2026-08-20,district,JHARKHAND,JHARKHAND,BOKARO,0.5,10.4,-95.0,LD,494.9,635.5,-22.0,D,2026-08-21 06:48:34.134914
2026-08-20,2026-06-01,2026-08-20,district,JHARKHAND,JHARKHAND,CHATRA,29.4,9.0,227.0,LE,444.9,656.0,-32.0,D,2026-08-21 06:48:34.134914
2026-08-20,2026-06-01,2026-08-20,district,JHARKHAND,JHARKHAND,DEOGHAR,0.1,8.7,-98.0,LD,341.0,667.6,-49.0,D,2026-08-21 06:48:34.134914
2026-08-20,2026-06-01,2026-08-20,district,JHARKHAND,JHARKHAND,DHANBAD,1.6,8.7,-82.0,LD,651.0,726.0,-10.0,N,2026-08-21 06:48:34.134914
2026-08-20,2026-06-01,2026-08-20,district,JHARKHAND,JHARKHAND,DUMKA,0.0,8.2,-100.0,NR,654.2,708.4,-8.0,N,2026-08-21 06:48:34.134914
2026-08-20,2026-06-01,2026-08-20,district,JHARKHAND,JHARKHAND,EAST SINGHBHUM,1.2,12.2,-90.0,LD,731.0,767.4,-5.0,N,2026-08-21 06:48:34.134914
2026-08-20,2026-06-01,2026-08-20,district,JHARKHAND,JHARKHAND,GIRIDIH,0.4,7.3,-95.0,LD,391.7,668.6,-41.0,D,2026-08-21 06:48:34.134914
2026-08-20,2026-06-01,2026-08-20,district,JHARKHAND,JHARKHAND,GODDA,0.0,8.2,-100.0,NR,428.7,612.4,-30.0,D,2026-08-21 06:48:34.134914
2026-08-20,2026-06-01,2026-08-20,district,JHARKHAND,JHARKHAND,GUMLA,3.2,11.7,-73.0,LD,553.0,748.1,-26.0,D,2026-08-21 06:48:34.134914
2026-08-20,2026-06-01,2026-08-20,district,JHARKHAND,JHARKHAND,HAZARIBAG,0.4,8.4,-95.0,LD,519.7,727.6,-29.0,D,2026-08-21 06:48:34.134914
2026-08-20,2026-06-01,2026-08-20,district,JHARKHAND,JHARKHAND,JAMTARA,0.0,10.5,-100.0,NR,590.6,745.7,-21.0,D,2026-08-21 06:48:34.134914
2026-08-20,2026-06-01,2026-08-20,district,JHARKHAND,JHARKHAND,KHUNTI,3.5,13.4,-74.0,LD,815.6,768.6,6.0,N,2026-08-21 06:48:34.134914
2026-08-20,2026-06-01,2026-08-20,district,JHARKHAND,JHARKHAND,KODERMA,1.2,6.5,-82.0,LD,327.0,602.6,-46.0,D,2026-08-21 06:48:34.134914
2026-08-20,2026-06-01,2026-08-20,district,JHARKHAND,JHARKHAND,LATEHAR,4.0,12.5,-68.0,LD,747.2,727.1,3.0,N,2026-08-21 06:48:34.134914
2026-08-20,2026-06-01,2026-08-20,district,JHARKHAND,JHARKHAND,LOHARDAGA,6.2,10.0,-38.0,D,670.2,702.8,-5.0,N,2026-08-21 06:48:34.134914
2026-08-20,2026-06-01,2026-08-20,district,JHARKHAND,JHARKHAND,PAKUR,1.4,10.1,-86.0,LD,332.4,798.0,-58.0,D,2026-08-21 06:48:34.134914
2026-08-20,2026-06-01,2026-08-20,district,JHARKHAND,JHARKHAND,PALAMU,3.8,9.5,-60.0,LD,413.8,583.3,-29.0,D,2026-08-21 06:48:34.134914
2026-08-20,2026-06-01,2026-08-20,district,JHARKHAND,JHARKHAND,RAMGARH,0.7,10.8,-94.0,LD,631.6,715.6,-12.0,N,2026-08-21 06:48:34.134914
2026-08-20,2026-06-01,2026-08-20,district,JHARKHAND,JHARKHAND,RANCHI,3.1,11.5,-73.0,LD,698.4,729.6,-4.0,N,2026-08-21 06:48:34.134914
2026-08-20,2026-06-01,2026-08-20,district,JHARKHAND,JHARKHAND,SIMDEGA,5.1,17.8,-71.0,LD,953.0,924.1,3.0,N,2026-08-21 06:48:34.134914
2026-08-20,2026-06-01,2026-08-20,district,JHARKHAND,JHARKHAND,WEST SINGHBHUM,1.2,15.8,-93.0,LD,950.5,714.3,33.0,E,2026-08-21 06:48:34.134914
2026-08-20,2026-06-01,2026-08-20,district,KERALA & MAHE,KERALA,ALAPUZHA,8.4,9.0,-7.0,N,935.8,1263.7,-26.0,D,2026-08-21 06:48:34.134914
2026-08-20,2026-06-01,2026-08-20,district,KERALA & MAHE,KERALA,ERNAKULAM,2.8,11.2,-75.0,LD,1277.5,1675.2,-24.0,D,2026-08-21 06:48:34.134914
2026-08-20,2026-06-01,2026-08-20,district,KERALA & MAHE,KERALA,IDUKKI,5.1,14.2,-64.0,LD,1097.0,2032.5,-46.0,D,2026-08-21 06:48:34.134914
2026-08-20,2026-06-01,2026-08-20,district,KERALA & MAHE,KERALA,KANNUR,5.3,11.2,-52.0,D,2014.9,2204.3,-9.0,N,2026-08-21 06:48:34.134914
2026-08-20,2026-06-01,2026-08-20,district,KERALA & MAHE,KERALA,KASARGOD,23.0,19.1,21.0,E,2036.6,2406.0,-15.0,N,2026-08-21 06:48:34.134914
2026-08-20,2026-06-01,2026-08-20,district,KERALA & MAHE,KERALA,KOLLAM,2.4,7.7,-69.0,LD,668.0,941.6,-29.0,D,2026-08-21 06:48:34.134914
2026-08-20,2026-06-01,2026-08-20,district,KERALA & MAHE,KERALA,KOTTAYAM,8.7,9.8,-11.0,N,1395.4,1495.5,-7.0,N,2026-08-21 06:48:34.134914
2026-08-20,2026-06-01,2026-08-20,district,KERALA & MAHE,KERALA,KOZHIKODE,3.0,12.9,-77.0,LD,1863.5,2136.2,-13.0,N,2026-08-21 06:48:34.134914
2026-08-20,2026-06-01,2026-08-20,district,KERALA & MAHE,KERALA,MALAPPURAM,3.4,7.9,-57.0,D,1269.1,1599.5,-21.0,D,2026-08-21 06:48:34.134914
2026-08-20,2026-06-01,2026-08-20,district,KERALA & MAHE,KERALA,PALAKKAD,1.1,7.4,-85.0,LD,935.1,1262.0,-26.0,D,2026-08-21 06:48:34.134914
2026-08-20,2026-06-01,2026-08-20,district,KERALA & MAHE,KERALA,PATHANAMTHITTA,8.7,10.5,-18.0,N,1205.4,1210.5,0.0,N,2026-08-21 06:48:34.134914
2026-08-20,2026-06-01,2026-08-20,district,KERALA & MAHE,KERALA,THIRUVANANTHAPURAM,0.4,4.8,-91.0,LD,608.4,613.5,-1.0,N,2026-08-21 06:48:34.134914
2026-08-20,2026-06-01,2026-08-20,district,KERALA & MAHE,KERALA,THRISSUR,0.2,9.6,-98.0,LD,1261.5,1718.3,-27.0,D,2026-08-21 06:48:34.134914
2026-08-20,2026-06-01,2026-08-20,district,KERALA & MAHE,KERALA,WYNAD,3.4,11.2,-69.0,LD,997.9,2058.6,-52.0,D,2026-08-21 06:48:34.134914
2026-08-20,2026-06-01,2026-08-20,district,KERALA & MAHE,PUDUCHERRY (UT),MAHE,1.2,10.2,-88.0,LD,1598.2,2007.2,-20.0,D,2026-08-21 06:48:34.134914
2026-08-20,2026-06-01,2026-08-20,district,KONKAN & GOA,GOA,NORTH GOA,15.0,13.9,8.0,N,1545.6,2561.1,-40.0,D,2026-08-21 06:48:34.134914
2026-08-20,2026-06-01,2026-08-20,district,KONKAN & GOA,GOA,SOUTH GOA,26.7,13.6,96.0,LE,1748.0,2454.1,-29.0,D,2026-08-21 06:48:34.134914
2026-08-20,2026-06-01,2026-08-20,district,KONKAN & GOA,MAHARASHTRA,MUMBAI CITY,0.0,8.2,-100.0,NR,1754.1,1596.1,10.0,N,2026-08-21 06:48:34.134914
2026-08-20,2026-06-01,2026-08-20,district,KONKAN & GOA,MAHARASHTRA,MUMBAI SUBURBAN,0.3,11.5,-97.0,LD,2198.6,1775.1,24.0,E,2026-08-21 06:48:34.134914
2026-08-20,2026-06-01,2026-08-20,district,KONKAN & GOA,MAHARASHTRA,PALGHAR,1.3,14.5,-91.0,LD,2419.3,1767.0,37.0,E,2026-08-21 06:48:34.134914
2026-08-20,2026-06-01,2026-08-20,district,KONKAN & GOA,MAHARASHTRA,RAIGAD,4.0,19.8,-80.0,LD,2655.1,2441.8,9.0,N,2026-08-21 06:48:34.134914
2026-08-20,2026-06-01,2026-08-20,district,KONKAN & GOA,MAHARASHTRA,RATNAGIRI,9.6,20.5,-53.0,D,2294.6,2553.2,-10.0,N,2026-08-21 06:48:34.134914
2026-08-20,2026-06-01,2026-08-20,district,KONKAN & GOA,MAHARASHTRA,SINDHUDURG,3.9,13.4,-71.0,LD,1592.6,2409.1,-34.0,D,2026-08-21 06:48:34.134914
2026-08-20,2026-06-01,2026-08-20,district,KONKAN & GOA,MAHARASHTRA,THANE,5.4,16.2,-67.0,LD,1949.8,1889.5,3.0,N,2026-08-21 06:48:34.134914
2026-08-20,2026-06-01,2026-08-20,district,LAKSHADWEEP,LAKSHADWEEP,LAKSHADWEEP,9.4,9.3,1.0,N,585.3,766.4,-24.0,D,2026-08-21 06:48:34.134914
2026-08-20,2026-06-01,2026-08-20,district,MADHYA MAHARASHTRA,MAHARASHTRA,AHMEDNAGAR,0.1,3.1,-98.0,LD,210.3,260.3,-19.0,N,2026-08-21 06:48:34.134914
2026-08-20,2026-06-01,2026-08-20,district,MADHYA MAHARASHTRA,MAHARASHTRA,DHULE,0.0,2.5,-100.0,NR,381.7,379.2,1.0,N,2026-08-21 06:48:34.134914
2026-08-20,2026-06-01,2026-08-20,district,MADHYA MAHARASHTRA,MAHARASHTRA,JALGAON,0.0,5.2,-100.0,NR,468.7,433.1,8.0,N,2026-08-21 06:48:34.134914
2026-08-20,2026-06-01,2026-08-20,district,MADHYA MAHARASHTRA,MAHARASHTRA,KOLHAPUR,6.0,9.2,-35.0,D,1319.2,1389.8,-5.0,N,2026-08-21 06:48:34.134914
2026-08-20,2026-06-01,2026-08-20,district,MADHYA MAHARASHTRA,MAHARASHTRA,NANDURBAR,0.0,6.1,-100.0,NR,398.5,612.5,-35.0,D,2026-08-21 06:48:34.134914
2026-08-20,2026-06-01,2026-08-20,district,MADHYA MAHARASHTRA,MAHARASHTRA,NASHIK,2.3,5.8,-61.0,LD,1065.2,641.1,66.0,LE,2026-08-21 06:48:34.134914
2026-08-20,2026-06-01,2026-08-20,district,MADHYA MAHARASHTRA,MAHARASHTRA,PUNE,3.1,5.9,-48.0,D,970.7,693.6,40.0,E,2026-08-21 06:48:34.134914
2026-08-20,2026-06-01,2026-08-20,district,MADHYA MAHARASHTRA,MAHARASHTRA,SANGLI,1.9,2.0,-4.0,N,291.6,317.9,-8.0,N,2026-08-21 06:48:34.134914
2026-08-20,2026-06-01,2026-08-20,district,MADHYA MAHARASHTRA,MAHARASHTRA,SATARA,2.3,4.0,-42.0,D,867.1,633.6,37.0,E,2026-08-21 06:48:34.134914
2026-08-20,2026-06-01,2026-08-20,district,MADHYA MAHARASHTRA,MAHARASHTRA,SHOLAPUR,0.0,3.9,-99.0,LD,150.3,246.0,-39.0,D,2026-08-21 06:48:34.134914
2026-08-20,2026-06-01,2026-08-20,district,MARATHWADA,MAHARASHTRA,BEED,0.0,4.9,-100.0,NR,203.7,328.8,-38.0,D,2026-08-21 06:48:34.134914
2026-08-20,2026-06-01,2026-08-20,district,MARATHWADA,MAHARASHTRA,CHHATRAPATI SAMBHAJINAGAR,1.1,4.5,-76.0,LD,409.6,355.2,15.0,N,2026-08-21 06:48:34.134914
2026-08-20,2026-06-01,2026-08-20,district,MARATHWADA,MAHARASHTRA,DHARASHIV,0.0,6.4,-100.0,NR,263.0,337.1,-22.0,D,2026-08-21 06:48:34.134914
2026-08-20,2026-06-01,2026-08-20,district,MARATHWADA,MAHARASHTRA,HINGOLI,0.0,5.8,-100.0,NR,319.2,536.9,-41.0,D,2026-08-21 06:48:34.134914
2026-08-20,2026-06-01,2026-08-20,district,MARATHWADA,MAHARASHTRA,JALNA,0.0,5.6,-100.0,NR,272.3,385.4,-29.0,D,2026-08-21 06:48:34.134914
2026-08-20,2026-06-01,2026-08-20,district,MARATHWADA,MAHARASHTRA,LATUR,1.0,7.3,-86.0,LD,313.1,415.2,-25.0,D,2026-08-21 06:48:34.134914
2026-08-20,2026-06-01,2026-08-20,district,MARATHWADA,MAHARASHTRA,NANDED,0.7,9.4,-93.0,LD,420.1,538.6,-22.0,D,2026-08-21 06:48:34.134914
2026-08-20,2026-06-01,2026-08-20,district,MARATHWADA,MAHARASHTRA,PARBHANI,0.0,6.9,-100.0,NR,342.3,449.4,-24.0,D,2026-08-21 06:48:34.134914
2026-08-20,2026-06-01,2026-08-20,district,N. I. KARNATAKA,KARNATAKA,BAGALKOTE,1.6,3.0,-48.0,D,193.3,191.4,1.0,N,2026-08-21 06:48:34.134914
2026-08-20,2026-06-01,2026-08-20,district,N. I. KARNATAKA,KARNATAKA,BELAGAVI,1.7,2.7,-36.0,D,513.4,422.9,21.0,E,2026-08-21 06:48:34.134914
2026-08-20,2026-06-01,2026-08-20,district,N. I. KARNATAKA,KARNATAKA,BIDAR,4.0,9.1,-56.0,D,354.7,404.1,-12.0,N,2026-08-21 06:48:34.134914
2026-08-20,2026-06-01,2026-08-20,district,N. I. KARNATAKA,KARNATAKA,DHARWAD,1.6,2.1,-24.0,D,220.8,369.8,-40.0,D,2026-08-21 06:48:34.134914
2026-08-20,2026-06-01,2026-08-20,district,N. I. KARNATAKA,KARNATAKA,GADAG,0.8,2.4,-69.0,LD,179.7,201.1,-11.0,N,2026-08-21 06:48:34.134914
2026-08-20,2026-06-01,2026-08-20,district,N. I. KARNATAKA,KARNATAKA,HAVERI,8.7,2.2,295.0,LE,252.5,361.6,-30.0,D,2026-08-21 06:48:34.134914
2026-08-20,2026-06-01,2026-08-20,district,N. I. KARNATAKA,KARNATAKA,KALABURAGI,0.0,5.7,-100.0,NR,185.7,344.6,-46.0,D,2026-08-21 06:48:34.134914
2026-08-20,2026-06-01,2026-08-20,district,N. I. KARNATAKA,KARNATAKA,KOPPAL,9.2,5.0,84.0,LE,150.2,198.4,-24.0,D,2026-08-21 06:48:34.134914
2026-08-20,2026-06-01,2026-08-20,district,N. I. KARNATAKA,KARNATAKA,RAICHUR,0.0,4.2,-100.0,NR,184.5,233.9,-21.0,D,2026-08-21 06:48:34.134914
2026-08-20,2026-06-01,2026-08-20,district,N. I. KARNATAKA,KARNATAKA,VIJAYAPURA,0.3,2.9,-91.0,LD,157.0,204.7,-23.0,D,2026-08-21 06:48:34.134914
2026-08-20,2026-06-01,2026-08-20,district,N. I. KARNATAKA,KARNATAKA,YADGIR,0.0,4.6,-100.0,NR,259.8,304.3,-15.0,N,2026-08-21 06:48:34.134914
2026-08-20,2026-06-01,2026-08-20,district,NMMT,MANIPUR,BISHNUPUR,0.0,5.4,-100.0,NR,359.9,821.7,-56.0,D,2026-08-21 06:48:34.134914
2026-08-20,2026-06-01,2026-08-20,district,NMMT,MANIPUR,CHANDEL,0.0,5.4,-100.0,NR,405.7,821.7,-51.0,D,2026-08-21 06:48:34.134914
2026-08-20,2026-06-01,2026-08-20,district,NMMT,MANIPUR,CHURACHANDPUR,0.0,5.4,-100.0,NR,192.0,821.7,-77.0,LD,2026-08-21 06:48:34.134914
2026-08-20,2026-06-01,2026-08-20,district,NMMT,MANIPUR,IMPHAL EAST,0.0,4.9,-100.0,NR,396.6,541.3,-27.0,D,2026-08-21 06:48:34.134914
2026-08-20,2026-06-01,2026-08-20,district,NMMT,MANIPUR,IMPHAL WEST,0.5,11.1,-96.0,LD,561.8,1239.5,-55.0,D,2026-08-21 06:48:34.134914
2026-08-20,2026-06-01,2026-08-20,district,NMMT,MANIPUR,SENAPATI,8.2,4.0,105.0,LE,493.2,567.5,-13.0,N,2026-08-21 06:48:34.134914
2026-08-20,2026-06-01,2026-08-20,district,NMMT,MANIPUR,TAMENGLONG,20.5,12.8,60.0,LE,1425.3,3058.1,-53.0,D,2026-08-21 06:48:34.134914
2026-08-20,2026-06-01,2026-08-20,district,NMMT,MANIPUR,THOUBAL,0.0,4.9,-100.0,NR,255.9,541.3,-53.0,D,2026-08-21 06:48:34.134914
2026-08-20,2026-06-01,2026-08-20,district,NMMT,MANIPUR,UKHRUL,0.9,6.0,-85.0,LD,730.7,790.4,-8.0,N,2026-08-21 06:48:34.134914
2026-08-20,2026-06-01,2026-08-20,district,NMMT,MIZORAM,AIZAWL,6.5,19.1,-66.0,LD,878.6,1093.3,-20.0,D,2026-08-21 06:48:34.134914
2026-08-20,2026-06-01,2026-08-20,district,NMMT,MIZORAM,CHAMPHAI,6.2,11.8,-48.0,D,770.3,909.6,-15.0,N,2026-08-21 06:48:34.134914
2026-08-20,2026-06-01,2026-08-20,district,NMMT,MIZORAM,KOLASIB,30.5,18.4,66.0,LE,999.6,1198.0,-17.0,N,2026-08-21 06:48:34.134914
2026-08-20,2026-06-01,2026-08-20,district,NMMT,MIZORAM,LAWNGTLAI,13.7,13.7,0.0,N,984.0,1209.6,-19.0,N,2026-08-21 06:48:34.134914
2026-08-20,2026-06-01,2026-08-20,district,NMMT,MIZORAM,LUNGLEI,6.0,14.5,-59.0,D,935.1,1221.4,-23.0,D,2026-08-21 06:48:34.134914
2026-08-20,2026-06-01,2026-08-20,district,NMMT,MIZORAM,MAMIT,0.4,22.7,-98.0,LD,592.6,1078.6,-45.0,D,2026-08-21 06:48:34.134914
2026-08-20,2026-06-01,2026-08-20,district,NMMT,MIZORAM,SAIHA,18.3,17.1,7.0,N,901.5,1223.3,-26.0,D,2026-08-21 06:48:34.134914
2026-08-20,2026-06-01,2026-08-20,district,NMMT,MIZORAM,SERCHHIP,7.6,13.8,-45.0,D,977.4,1066.9,-8.0,N,2026-08-21 06:48:34.134914
2026-08-20,2026-06-01,2026-08-20,district,NMMT,NAGALAND,DIMAPUR,1.7,4.9,-65.0,LD,539.7,585.1,-8.0,N,2026-08-21 06:48:34.134914
2026-08-20,2026-06-01,2026-08-20,district,NMMT,NAGALAND,KIPHIRE,25.1,2.2,1039.0,LE,577.9,429.6,35.0,E,2026-08-21 06:48:34.134914
2026-08-20,2026-06-01,2026-08-20,district,NMMT,NAGALAND,KOHIMA,8.9,8.8,1.0,N,801.5,837.6,-4.0,N,2026-08-21 06:48:34.134914
2026-08-20,2026-06-01,2026-08-20,district,NMMT,NAGALAND,MOKOKCHUNG,3.6,15.8,-77.0,LD,1134.5,1001.6,13.0,N,2026-08-21 06:48:34.134914
2026-08-20,2026-06-01,2026-08-20,district,NMMT,NAGALAND,MON,6.3,6.2,1.0,N,545.1,800.7,-32.0,D,2026-08-21 06:48:34.134914
2026-08-20,2026-06-01,2026-08-20,district,NMMT,NAGALAND,PEREN,10.8,9.8,11.0,N,622.9,627.0,-1.0,N,2026-08-21 06:48:34.134914
2026-08-20,2026-06-01,2026-08-20,district,NMMT,NAGALAND,PHEK,12.8,4.2,205.0,LE,535.7,599.1,-11.0,N,2026-08-21 06:48:34.134914
2026-08-20,2026-06-01,2026-08-20,district,NMMT,NAGALAND,WOKHA,2.0,12.8,-85.0,LD,894.0,879.0,2.0,N,2026-08-21 06:48:34.134914
2026-08-20,2026-06-01,2026-08-20,district,NMMT,NAGALAND,ZUNHEBOTO,9.7,8.4,15.0,N,1226.2,774.3,58.0,E,2026-08-21 06:48:34.134914
2026-08-20,2026-06-01,2026-08-20,district,NMMT,TRIPURA,DHALAI,1.5,9.9,-85.0,LD,855.6,972.4,-12.0,N,2026-08-21 06:48:34.134914
2026-08-20,2026-06-01,2026-08-20,district,NMMT,TRIPURA,GOMATI,1.6,16.0,-90.0,LD,781.9,1047.4,-25.0,D,2026-08-21 06:48:34.134914
2026-08-20,2026-06-01,2026-08-20,district,NMMT,TRIPURA,KHOWAI,0.3,10.1,-97.0,LD,878.9,960.1,-8.0,N,2026-08-21 06:48:34.134914
2026-08-20,2026-06-01,2026-08-20,district,NMMT,TRIPURA,NORTH TRIPURA,1.2,12.4,-91.0,LD,774.0,992.2,-22.0,D,2026-08-21 06:48:34.134914
2026-08-20,2026-06-01,2026-08-20,district,NMMT,TRIPURA,SIPAHIJALA,1.0,9.8,-90.0,LD,874.0,979.1,-11.0,N,2026-08-21 06:48:34.134914
2026-08-20,2026-06-01,2026-08-20,district,NMMT,TRIPURA,SOUTH TRIPURA,0.0,15.4,-100.0,NR,882.3,1278.9,-31.0,D,2026-08-21 06:48:34.134914
2026-08-20,2026-06-01,2026-08-20,district,NMMT,TRIPURA,UNAKOTI,1.3,14.1,-90.0,LD,936.9,1032.8,-9.0,N,2026-08-21 06:48:34.134914
2026-08-20,2026-06-01,2026-08-20,district,NMMT,TRIPURA,WEST TRIPURA,0.4,9.7,-96.0,LD,920.1,885.1,4.0,N,2026-08-21 06:48:34.134914
2026-08-20,2026-06-01,2026-08-20,district,ODISHA,ODISHA,ANGUL,3.8,16.0,-76.0,LD,1101.8,790.8,39.0,E,2026-08-21 06:48:34.134914
2026-08-20,2026-06-01,2026-08-20,district,ODISHA,ODISHA,BALANGIR,1.3,14.5,-91.0,LD,1101.1,768.9,43.0,E,2026-08-21 06:48:34.134914
2026-08-20,2026-06-01,2026-08-20,district,ODISHA,ODISHA,BALASORE,6.4,14.2,-55.0,D,1310.9,809.0,62.0,LE,2026-08-21 06:48:34.134914
2026-08-20,2026-06-01,2026-08-20,district,ODISHA,ODISHA,BARGARH,1.4,15.7,-91.0,LD,1440.1,851.2,69.0,LE,2026-08-21 06:48:34.134914
2026-08-20,2026-06-01,2026-08-20,district,ODISHA,ODISHA,BHADRAK,15.4,14.2,8.0,N,1040.5,733.6,42.0,E,2026-08-21 06:48:34.134914
2026-08-20,2026-06-01,2026-08-20,district,ODISHA,ODISHA,BOUDH,0.3,9.9,-97.0,LD,1466.2,722.8,103.0,LE,2026-08-21 06:48:34.134914
2026-08-20,2026-06-01,2026-08-20,district,ODISHA,ODISHA,CUTTACK,1.6,17.6,-91.0,LD,1147.1,785.5,46.0,E,2026-08-21 06:48:34.134914
2026-08-20,2026-06-01,2026-08-20,district,ODISHA,ODISHA,DEOGARH,1.9,18.5,-90.0,LD,1194.9,823.2,45.0,E,2026-08-21 06:48:34.134914
2026-08-20,2026-06-01,2026-08-20,district,ODISHA,ODISHA,DHENKANAL,5.0,17.9,-72.0,LD,1270.0,771.8,65.0,LE,2026-08-21 06:48:34.134914
2026-08-20,2026-06-01,2026-08-20,district,ODISHA,ODISHA,GAJAPATI,0.7,6.4,-90.0,LD,413.9,592.5,-30.0,D,2026-08-21 06:48:34.134914
2026-08-20,2026-06-01,2026-08-20,district,ODISHA,ODISHA,GANJAM,1.5,8.7,-83.0,LD,514.8,574.1,-10.0,N,2026-08-21 06:48:34.134914
2026-08-20,2026-06-01,2026-08-20,district,ODISHA,ODISHA,JAGATSINGHPUR,1.0,13.6,-93.0,LD,982.3,702.9,40.0,E,2026-08-21 06:48:34.134914
2026-08-20,2026-06-01,2026-08-20,district,ODISHA,ODISHA,JAJPUR,5.8,19.4,-70.0,LD,1054.7,854.4,23.0,E,2026-08-21 06:48:34.134914
2026-08-20,2026-06-01,2026-08-20,district,ODISHA,ODISHA,JHARSUGUDA,5.7,20.4,-72.0,LD,988.1,856.1,15.0,N,2026-08-21 06:48:34.134914
2026-08-20,2026-06-01,2026-08-20,district,ODISHA,ODISHA,KALAHANDI,1.8,16.7,-89.0,LD,774.7,993.5,-22.0,D,2026-08-21 06:48:34.134914
2026-08-20,2026-06-01,2026-08-20,district,ODISHA,ODISHA,KANDHAMAL,1.2,13.0,-91.0,LD,1018.6,768.0,33.0,E,2026-08-21 06:48:34.134914
2026-08-20,2026-06-01,2026-08-20,district,ODISHA,ODISHA,KENDRAPARA,4.7,14.6,-68.0,LD,1193.6,751.3,59.0,E,2026-08-21 06:48:34.134914
2026-08-20,2026-06-01,2026-08-20,district,ODISHA,ODISHA,KEONJHARGARH,2.9,16.2,-82.0,LD,1249.7,792.0,58.0,E,2026-08-21 06:48:34.134914
2026-08-20,2026-06-01,2026-08-20,district,ODISHA,ODISHA,KHURDA,7.7,14.4,-47.0,D,920.6,731.8,26.0,E,2026-08-21 06:48:34.134914
2026-08-20,2026-06-01,2026-08-20,district,ODISHA,ODISHA,KORAPUT,7.7,14.6,-47.0,D,761.9,870.0,-12.0,N,2026-08-21 06:48:34.134914
2026-08-20,2026-06-01,2026-08-20,district,ODISHA,ODISHA,MALKANGIRI,4.0,11.9,-66.0,LD,711.2,905.4,-21.0,D,2026-08-21 06:48:34.134914
2026-08-20,2026-06-01,2026-08-20,district,ODISHA,ODISHA,MAYURBHANJ,1.5,16.7,-91.0,LD,1174.6,841.0,40.0,E,2026-08-21 06:48:34.134914
2026-08-20,2026-06-01,2026-08-20,district,ODISHA,ODISHA,NAWAPARA,1.4,12.3,-89.0,LD,918.9,702.3,31.0,E,2026-08-21 06:48:34.134914
2026-08-20,2026-06-01,2026-08-20,district,ODISHA,ODISHA,NAWARANGPUR,6.5,17.3,-62.0,LD,638.0,963.3,-34.0,D,2026-08-21 06:48:34.134914
2026-08-20,2026-06-01,2026-08-20,district,ODISHA,ODISHA,NAYAGARH,3.0,10.5,-71.0,LD,940.6,738.7,27.0,E,2026-08-21 06:48:34.134914
2026-08-20,2026-06-01,2026-08-20,district,ODISHA,ODISHA,PURI,0.0,14.3,-100.0,NR,945.1,677.0,40.0,E,2026-08-21 06:48:34.134914
2026-08-20,2026-06-01,2026-08-20,district,ODISHA,ODISHA,RAYAGADA,1.2,9.4,-87.0,LD,561.8,674.4,-17.0,N,2026-08-21 06:48:34.134914
2026-08-20,2026-06-01,2026-08-20,district,ODISHA,ODISHA,SAMBALPUR,2.6,17.7,-85.0,LD,1327.0,914.3,45.0,E,2026-08-21 06:48:34.134914
2026-08-20,2026-06-01,2026-08-20,district,ODISHA,ODISHA,SONEPUR,1.0,18.9,-95.0,LD,1496.1,849.8,76.0,LE,2026-08-21 06:48:34.134914
2026-08-20,2026-06-01,2026-08-20,district,ODISHA,ODISHA,SUNDARGARH,5.0,21.9,-77.0,LD,1118.0,865.1,29.0,E,2026-08-21 06:48:34.134914
2026-08-20,2026-06-01,2026-08-20,district,PUNJAB,PUNJAB,AMRITSAR,10.4,4.4,137.0,LE,328.1,342.0,-4.0,N,2026-08-21 06:48:34.134914
2026-08-20,2026-06-01,2026-08-20,district,PUNJAB,PUNJAB,BARNALA,0.7,1.9,-64.0,LD,113.2,265.5,-57.0,D,2026-08-21 06:48:34.134914
2026-08-20,2026-06-01,2026-08-20,district,PUNJAB,PUNJAB,BHATINDA,0.5,2.2,-77.0,LD,121.2,215.8,-44.0,D,2026-08-21 06:48:34.134914
2026-08-20,2026-06-01,2026-08-20,district,PUNJAB,PUNJAB,FARIDKOT,0.0,2.6,-100.0,NR,223.8,214.7,4.0,N,2026-08-21 06:48:34.134914
2026-08-20,2026-06-01,2026-08-20,district,PUNJAB,PUNJAB,FATEHGARH SAHIB,0.1,6.7,-99.0,LD,130.0,355.9,-63.0,LD,2026-08-21 06:48:34.134914
2026-08-20,2026-06-01,2026-08-20,district,PUNJAB,PUNJAB,FAZILKA,0.0,2.1,-100.0,NR,106.6,187.8,-43.0,D,2026-08-21 06:48:34.134914
2026-08-20,2026-06-01,2026-08-20,district,PUNJAB,PUNJAB,FEROZEPUR,0.0,1.4,-100.0,NR,120.9,176.9,-32.0,D,2026-08-21 06:48:34.134914
2026-08-20,2026-06-01,2026-08-20,district,PUNJAB,PUNJAB,GURDASPUR,2.2,6.5,-66.0,LD,637.7,458.6,39.0,E,2026-08-21 06:48:34.134914
2026-08-20,2026-06-01,2026-08-20,district,PUNJAB,PUNJAB,HOSHIARPUR,0.0,4.1,-100.0,NR,214.5,457.7,-53.0,D,2026-08-21 06:48:34.134914
2026-08-20,2026-06-01,2026-08-20,district,PUNJAB,PUNJAB,JALANDHAR,0.1,4.6,-98.0,LD,222.6,380.9,-42.0,D,2026-08-21 06:48:34.134914
2026-08-20,2026-06-01,2026-08-20,district,PUNJAB,PUNJAB,KAPURTHALA,0.0,4.6,-100.0,NR,133.1,335.9,-60.0,LD,2026-08-21 06:48:34.134914
2026-08-20,2026-06-01,2026-08-20,district,PUNJAB,PUNJAB,LUDHIANA,0.3,4.7,-93.0,LD,203.5,332.7,-39.0,D,2026-08-21 06:48:34.134914
2026-08-20,2026-06-01,2026-08-20,district,PUNJAB,PUNJAB,MANSA,0.0,1.7,-100.0,NR,58.0,197.6,-71.0,LD,2026-08-21 06:48:34.134914
2026-08-20,2026-06-01,2026-08-20,district,PUNJAB,PUNJAB,MOGA,0.0,0.7,-100.0,NR,139.9,207.3,-33.0,D,2026-08-21 06:48:34.134914
2026-08-20,2026-06-01,2026-08-20,district,PUNJAB,PUNJAB,MUKTSAR,0.0,3.7,-100.0,NR,94.2,228.5,-59.0,D,2026-08-21 06:48:34.134914
2026-08-20,2026-06-01,2026-08-20,district,PUNJAB,PUNJAB,PATHANKOT,4.7,11.8,-60.0,LD,936.9,728.8,29.0,E,2026-08-21 06:48:34.134914
2026-08-20,2026-06-01,2026-08-20,district,PUNJAB,PUNJAB,PATIALA,0.0,4.1,-100.0,NR,248.3,382.9,-35.0,D,2026-08-21 06:48:34.134914
2026-08-20,2026-06-01,2026-08-20,district,PUNJAB,PUNJAB,RUPNAGAR,9.4,7.7,23.0,E,414.8,593.9,-30.0,D,2026-08-21 06:48:34.134914
2026-08-20,2026-06-01,2026-08-20,district,PUNJAB,PUNJAB,SANGRUR,4.4,2.9,52.0,E,134.0,276.8,-52.0,D,2026-08-21 06:48:34.134914
2026-08-20,2026-06-01,2026-08-20,district,PUNJAB,PUNJAB,SAS NAGAR (MOHALI),0.0,3.9,-100.0,NR,203.7,457.0,-55.0,D,2026-08-21 06:48:34.134914
2026-08-20,2026-06-01,2026-08-20,district,PUNJAB,PUNJAB,SBS NAGAR,1.5,4.1,-65.0,LD,309.9,550.7,-44.0,D,2026-08-21 06:48:34.134914
2026-08-20,2026-06-01,2026-08-20,district,PUNJAB,PUNJAB,TARN TARAN,0.0,3.5,-100.0,NR,117.1,196.7,-40.0,D,2026-08-21 06:48:34.134914
2026-08-20,2026-06-01,2026-08-20,district,RAYALASEEMA,ANDHRA PRADESH,ANANTAPURAMU,0.2,3.6,-95.0,LD,136.3,166.1,-18.0,N,2026-08-21 06:48:34.134914
2026-08-20,2026-06-01,2026-08-20,district,RAYALASEEMA,ANDHRA PRADESH,ANNAMAYYA DISTRICT,1.5,4.5,-66.0,LD,78.6,219.9,-64.0,LD,2026-08-21 06:48:34.134914
2026-08-20,2026-06-01,2026-08-20,district,RAYALASEEMA,ANDHRA PRADESH,CHITTOOR,0.5,5.6,-91.0,LD,111.2,255.3,-56.0,D,2026-08-21 06:48:34.134914
2026-08-20,2026-06-01,2026-08-20,district,RAYALASEEMA,ANDHRA PRADESH,KURNOOL,2.3,4.4,-48.0,D,194.3,251.9,-23.0,D,2026-08-21 06:48:34.134914
2026-08-20,2026-06-01,2026-08-20,district,RAYALASEEMA,ANDHRA PRADESH,NANDYAL,0.4,4.2,-90.0,LD,197.5,299.8,-34.0,D,2026-08-21 06:48:34.134914
2026-08-20,2026-06-01,2026-08-20,district,RAYALASEEMA,ANDHRA PRADESH,SRI SATHYASAI DISTRICT,0.0,2.9,-100.0,NR,98.6,162.9,-39.0,D,2026-08-21 06:48:34.134914
2026-08-20,2026-06-01,2026-08-20,district,RAYALASEEMA,ANDHRA PRADESH,TIRUPATI,0.7,5.8,-87.0,LD,166.7,269.5,-38.0,D,2026-08-21 06:48:34.134914
2026-08-20,2026-06-01,2026-08-20,district,RAYALASEEMA,ANDHRA PRADESH,YSR DISTRICT,0.2,3.7,-94.0,LD,132.1,224.7,-41.0,D,2026-08-21 06:48:34.134914
2026-08-20,2026-06-01,2026-08-20,district,S. I. KARNATAKA,KARNATAKA,BALLARI,1.5,4.2,-64.0,LD,117.9,191.2,-38.0,D,2026-08-21 06:48:34.134914
2026-08-20,2026-06-01,2026-08-20,district,S. I. KARNATAKA,KARNATAKA,BENGALURU RURAL,0.0,3.1,-100.0,NR,191.5,224.7,-15.0,N,2026-08-21 06:48:34.134914
2026-08-20,2026-06-01,2026-08-20,district,S. I. KARNATAKA,KARNATAKA,BENGALURU URBAN,2.9,4.1,-30.0,D,107.0,232.7,-54.0,D,2026-08-21 06:48:34.134914
2026-08-20,2026-06-01,2026-08-20,district,S. I. KARNATAKA,KARNATAKA,CHAMARAJANAGAR,0.2,2.1,-90.0,LD,122.5,182.2,-33.0,D,2026-08-21 06:48:34.134914
2026-08-20,2026-06-01,2026-08-20,district,S. I. KARNATAKA,KARNATAKA,CHIKABALLAPURA,0.0,3.6,-100.0,NR,144.2,216.6,-33.0,D,2026-08-21 06:48:34.134914
2026-08-20,2026-06-01,2026-08-20,district,S. I. KARNATAKA,KARNATAKA,CHIKKAMAGALURU,8.4,9.3,-9.0,N,1142.5,1214.7,-6.0,N,2026-08-21 06:48:34.134914
2026-08-20,2026-06-01,2026-08-20,district,S. I. KARNATAKA,KARNATAKA,CHITRADURGA,1.9,2.3,-17.0,N,124.7,154.5,-19.0,N,2026-08-21 06:48:34.134914
2026-08-20,2026-06-01,2026-08-20,district,S. I. KARNATAKA,KARNATAKA,DAVANGERE,10.4,2.7,285.0,LE,231.0,238.3,-3.0,N,2026-08-21 06:48:34.134914
2026-08-20,2026-06-01,2026-08-20,district,S. I. KARNATAKA,KARNATAKA,HASSAN,0.4,4.6,-92.0,LD,179.8,495.5,-64.0,LD,2026-08-21 06:48:34.134914
2026-08-20,2026-06-01,2026-08-20,district,S. I. KARNATAKA,KARNATAKA,KODAGU,11.0,15.9,-31.0,D,1343.6,1860.4,-28.0,D,2026-08-21 06:48:34.134914
2026-08-20,2026-06-01,2026-08-20,district,S. I. KARNATAKA,KARNATAKA,KOLAR,0.0,3.5,-100.0,NR,105.0,211.1,-50.0,D,2026-08-21 06:48:34.134914
2026-08-20,2026-06-01,2026-08-20,district,S. I. KARNATAKA,KARNATAKA,MANDYA,2.6,2.5,3.0,N,87.7,151.9,-42.0,D,2026-08-21 06:48:34.134914
2026-08-20,2026-06-01,2026-08-20,district,S. I. KARNATAKA,KARNATAKA,MYSURU,0.1,2.7,-98.0,LD,138.3,237.2,-42.0,D,2026-08-21 06:48:34.134914
2026-08-20,2026-06-01,2026-08-20,district,S. I. KARNATAKA,KARNATAKA,SHIVAMOGGA,9.1,10.0,-9.0,N,1302.7,1343.6,-3.0,N,2026-08-21 06:48:34.134914
2026-08-20,2026-06-01,2026-08-20,district,S. I. KARNATAKA,KARNATAKA,TUMAKURU,2.9,2.5,14.0,N,108.4,187.9,-42.0,D,2026-08-21 06:48:34.134914
2026-08-20,2026-06-01,2026-08-20,district,S. I. KARNATAKA,KARNATAKA,VIJAYANAGARA,7.8,3.7,111.0,LE,127.3,211.4,-40.0,D,2026-08-21 06:48:34.134914
2026-08-20,2026-06-01,2026-08-20,district,SAURASHTRA & KUTCH,DADRA & NAGAR HAVELI AND DAMAN & DIU (UT),DIU,0.6,2.4,-75.0,LD,625.2,594.7,5.0,N,2026-08-21 06:48:34.134914
2026-08-20,2026-06-01,2026-08-20,district,SAURASHTRA & KUTCH,GUJARAT,AMRELI,0.0,3.1,-100.0,NR,493.1,417.3,18.0,N,2026-08-21 06:48:34.134914
2026-08-20,2026-06-01,2026-08-20,district,SAURASHTRA & KUTCH,GUJARAT,BHAVNAGAR,0.0,2.6,-100.0,NR,476.2,410.4,16.0,N,2026-08-21 06:48:34.134914
2026-08-20,2026-06-01,2026-08-20,district,SAURASHTRA & KUTCH,GUJARAT,BOTAD,1.0,1.5,-33.0,D,444.2,399.5,11.0,N,2026-08-21 06:48:34.134914
2026-08-20,2026-06-01,2026-08-20,district,SAURASHTRA & KUTCH,GUJARAT,DEVBHOOMI DWARKA,0.0,1.5,-100.0,NR,57.4,422.3,-86.0,LD,2026-08-21 06:48:34.134914
2026-08-20,2026-06-01,2026-08-20,district,SAURASHTRA & KUTCH,GUJARAT,GIR SOMNATH,0.0,3.3,-100.0,NR,468.4,695.2,-33.0,D,2026-08-21 06:48:34.134914
2026-08-20,2026-06-01,2026-08-20,district,SAURASHTRA & KUTCH,GUJARAT,JAMNAGAR,0.0,1.8,-100.0,NR,216.0,478.4,-55.0,D,2026-08-21 06:48:34.134914
2026-08-20,2026-06-01,2026-08-20,district,SAURASHTRA & KUTCH,GUJARAT,JUNAGADH,0.0,3.4,-100.0,NR,589.6,683.3,-14.0,N,2026-08-21 06:48:34.134914
2026-08-20,2026-06-01,2026-08-20,district,SAURASHTRA & KUTCH,GUJARAT,KUTCH,0.0,1.4,-100.0,NR,136.5,297.2,-54.0,D,2026-08-21 06:48:34.134914
2026-08-20,2026-06-01,2026-08-20,district,SAURASHTRA & KUTCH,GUJARAT,MORBI,0.0,1.8,-100.0,NR,471.4,405.9,16.0,N,2026-08-21 06:48:34.134914
2026-08-20,2026-06-01,2026-08-20,district,SAURASHTRA & KUTCH,GUJARAT,PORBANDAR,0.0,1.7,-100.0,NR,159.1,526.3,-70.0,LD,2026-08-21 06:48:34.134914
2026-08-20,2026-06-01,2026-08-20,district,SAURASHTRA & KUTCH,GUJARAT,RAJKOT,0.2,2.9,-94.0,LD,354.6,472.5,-25.0,D,2026-08-21 06:48:34.134914
2026-08-20,2026-06-01,2026-08-20,district,SAURASHTRA & KUTCH,GUJARAT,SURENDRANAGAR,0.0,3.1,-100.0,NR,480.7,375.4,28.0,E,2026-08-21 06:48:34.134914
2026-08-20,2026-06-01,2026-08-20,district,SHWB & SIKKIM,SIKKIM,GANGTOK,1.2,16.0,-93.0,LD,1407.6,1574.5,-11.0,N,2026-08-21 06:48:34.134914
2026-08-20,2026-06-01,2026-08-20,district,SHWB & SIKKIM,SIKKIM,GYALSHING,0.0,18.1,-100.0,NR,1640.9,1256.8,31.0,E,2026-08-21 06:48:34.134914
2026-08-20,2026-06-01,2026-08-20,district,SHWB & SIKKIM,SIKKIM,MANGAN,6.7,10.4,-36.0,D,966.9,1092.6,-12.0,N,2026-08-21 06:48:34.134914
2026-08-20,2026-06-01,2026-08-20,district,SHWB & SIKKIM,SIKKIM,NAMCHI,0.0,15.2,-100.0,NR,1428.0,1161.3,23.0,E,2026-08-21 06:48:34.134914
2026-08-20,2026-06-01,2026-08-20,district,SHWB & SIKKIM,SIKKIM,Pakyong,0.3,13.9,-98.0,LD,1193.8,1159.8,3.0,N,2026-08-21 06:48:34.134914
2026-08-20,2026-06-01,2026-08-20,district,SHWB & SIKKIM,SIKKIM,Soreng,1.5,18.1,-92.0,LD,1698.0,1256.8,35.0,E,2026-08-21 06:48:34.134914
2026-08-20,2026-06-01,2026-08-20,district,SHWB & SIKKIM,WEST BENGAL,ALIPURDUAR,3.8,22.1,-83.0,LD,2095.8,2190.7,-4.0,N,2026-08-21 06:48:34.134914
2026-08-20,2026-06-01,2026-08-20,district,SHWB & SIKKIM,WEST BENGAL,COOCH BEHAR,0.2,11.8,-99.0,LD,1618.1,1675.6,-3.0,N,2026-08-21 06:48:34.134914
2026-08-20,2026-06-01,2026-08-20,district,SHWB & SIKKIM,WEST BENGAL,DARJEELING,8.0,25.0,-68.0,LD,1665.8,1961.7,-15.0,N,2026-08-21 06:48:34.134914
2026-08-20,2026-06-01,2026-08-20,district,SHWB & SIKKIM,WEST BENGAL,JALPAIGURI,7.3,20.5,-64.0,LD,1696.8,2107.1,-19.0,N,2026-08-21 06:48:34.134914
2026-08-20,2026-06-01,2026-08-20,district,SHWB & SIKKIM,WEST BENGAL,KALIMPONG,8.7,22.4,-61.0,LD,1431.4,1743.9,-18.0,N,2026-08-21 06:48:34.134914
2026-08-20,2026-06-01,2026-08-20,district,SHWB & SIKKIM,WEST BENGAL,MALDA,30.9,8.0,286.0,LE,612.1,772.0,-21.0,D,2026-08-21 06:48:34.134914
2026-08-20,2026-06-01,2026-08-20,district,SHWB & SIKKIM,WEST BENGAL,NORTH DINAJPUR,8.5,5.0,70.0,LE,749.7,991.1,-24.0,D,2026-08-21 06:48:34.134914
2026-08-20,2026-06-01,2026-08-20,district,SHWB & SIKKIM,WEST BENGAL,SOUTH DINAJPUR,3.6,11.0,-67.0,LD,638.8,726.0,-12.0,N,2026-08-21 06:48:34.134914
2026-08-20,2026-06-01,2026-08-20,district,TAMIL. PUDU.& KARAIKAL,PUDUCHERRY (UT),KARAIKAL,10.0,1.8,456.0,LE,212.2,147.9,43.0,E,2026-08-21 06:48:34.134914
2026-08-20,2026-06-01,2026-08-20,district,TAMIL. PUDU.& KARAIKAL,PUDUCHERRY (UT),PUDUCHERRY,1.7,3.3,-48.0,D,83.8,208.5,-60.0,LD,2026-08-21 06:48:34.134914
2026-08-20,2026-06-01,2026-08-20,district,TAMIL. PUDU.& KARAIKAL,TAMILNADU,ARIYALUR,13.5,4.9,176.0,LE,189.2,151.6,25.0,E,2026-08-21 06:48:34.134914
2026-08-20,2026-06-01,2026-08-20,district,TAMIL. PUDU.& KARAIKAL,TAMILNADU,CHENGALPATTU,2.6,5.1,-49.0,D,85.6,231.2,-63.0,LD,2026-08-21 06:48:34.134914
2026-08-20,2026-06-01,2026-08-20,district,TAMIL. PUDU.& KARAIKAL,TAMILNADU,CHENNAI,1.7,5.4,-69.0,LD,239.5,261.8,-9.0,N,2026-08-21 06:48:34.134914
2026-08-20,2026-06-01,2026-08-20,district,TAMIL. PUDU.& KARAIKAL,TAMILNADU,COIMBATORE,1.6,4.4,-64.0,LD,548.5,513.4,7.0,N,2026-08-21 06:48:34.134914
2026-08-20,2026-06-01,2026-08-20,district,TAMIL. PUDU.& KARAIKAL,TAMILNADU,CUDDALORE,5.5,2.6,113.0,LE,189.5,181.8,4.0,N,2026-08-21 06:48:34.134914
2026-08-20,2026-06-01,2026-08-20,district,TAMIL. PUDU.& KARAIKAL,TAMILNADU,DHARMAPURI,1.4,3.3,-58.0,D,140.4,178.5,-21.0,D,2026-08-21 06:48:34.134914
2026-08-20,2026-06-01,2026-08-20,district,TAMIL. PUDU.& KARAIKAL,TAMILNADU,DINDIGUL,0.4,2.5,-82.0,LD,90.4,132.6,-32.0,D,2026-08-21 06:48:34.134914
2026-08-20,2026-06-01,2026-08-20,district,TAMIL. PUDU.& KARAIKAL,TAMILNADU,ERODE,3.1,2.2,39.0,E,102.5,129.0,-21.0,D,2026-08-21 06:48:34.134914
2026-08-20,2026-06-01,2026-08-20,district,TAMIL. PUDU.& KARAIKAL,TAMILNADU,KALLAKURICHI,0.2,3.1,-92.0,LD,153.8,198.9,-23.0,D,2026-08-21 06:48:34.134914
2026-08-20,2026-06-01,2026-08-20,district,TAMIL. PUDU.& KARAIKAL,TAMILNADU,KANCHEEPURAM,5.1,4.8,7.0,N,180.2,266.4,-32.0,D,2026-08-21 06:48:34.134914
2026-08-20,2026-06-01,2026-08-20,district,TAMIL. PUDU.& KARAIKAL,TAMILNADU,KANYAKUMARI,0.0,2.5,-100.0,NR,368.4,341.9,8.0,N,2026-08-21 06:48:34.134914
2026-08-20,2026-06-01,2026-08-20,district,TAMIL. PUDU.& KARAIKAL,TAMILNADU,KARUR,1.1,1.2,-5.0,N,37.2,74.2,-50.0,D,2026-08-21 06:48:34.134914
2026-08-20,2026-06-01,2026-08-20,district,TAMIL. PUDU.& KARAIKAL,TAMILNADU,KRISHNAGIRI,1.1,3.5,-68.0,LD,110.9,164.8,-33.0,D,2026-08-21 06:48:34.134914
2026-08-20,2026-06-01,2026-08-20,district,TAMIL. PUDU.& KARAIKAL,TAMILNADU,MADURAI,1.3,2.2,-40.0,D,104.0,140.2,-26.0,D,2026-08-21 06:48:34.134914
2026-08-20,2026-06-01,2026-08-20,district,TAMIL. PUDU.& KARAIKAL,TAMILNADU,MAYILADUTHURAI,3.5,2.7,30.0,E,107.1,152.7,-30.0,D,2026-08-21 06:48:34.134914
2026-08-20,2026-06-01,2026-08-20,district,TAMIL. PUDU.& KARAIKAL,TAMILNADU,NAGAPATTINAM,3.9,1.6,144.0,LE,65.4,120.2,-46.0,D,2026-08-21 06:48:34.134914
2026-08-20,2026-06-01,2026-08-20,district,TAMIL. PUDU.& KARAIKAL,TAMILNADU,NAMAKKAL,0.6,2.7,-79.0,LD,69.2,155.2,-55.0,D,2026-08-21 06:48:34.134914
2026-08-20,2026-06-01,2026-08-20,district,TAMIL. PUDU.& KARAIKAL,TAMILNADU,NILGIRIS,1.6,6.0,-73.0,LD,423.1,597.3,-29.0,D,2026-08-21 06:48:34.134914
2026-08-20,2026-06-01,2026-08-20,district,TAMIL. PUDU.& KARAIKAL,TAMILNADU,PERAMBALUR,12.7,4.3,196.0,LE,152.9,120.8,27.0,E,2026-08-21 06:48:34.134914
2026-08-20,2026-06-01,2026-08-20,district,TAMIL. PUDU.& KARAIKAL,TAMILNADU,PUDUKKOTTAI,2.0,2.0,1.0,N,143.2,147.3,-3.0,N,2026-08-21 06:48:34.134914
2026-08-20,2026-06-01,2026-08-20,district,TAMIL. PUDU.& KARAIKAL,TAMILNADU,RAMANATHAPURAM,0.9,1.1,-21.0,D,30.0,59.5,-50.0,D,2026-08-21 06:48:34.134914
2026-08-20,2026-06-01,2026-08-20,district,TAMIL. PUDU.& KARAIKAL,TAMILNADU,RANIPET,5.1,6.0,-16.0,N,190.9,261.6,-27.0,D,2026-08-21 06:48:34.134914
2026-08-20,2026-06-01,2026-08-20,district,TAMIL. PUDU.& KARAIKAL,TAMILNADU,SALEM,0.5,3.1,-84.0,LD,158.2,204.6,-23.0,D,2026-08-21 06:48:34.134914
2026-08-20,2026-06-01,2026-08-20,district,TAMIL. PUDU.& KARAIKAL,TAMILNADU,SIVAGANGA,6.9,2.5,175.0,LE,182.4,172.3,6.0,N,2026-08-21 06:48:34.134914
2026-08-20,2026-06-01,2026-08-20,district,TAMIL. PUDU.& KARAIKAL,TAMILNADU,TENKASI,0.0,1.1,-100.0,NR,166.2,113.7,46.0,E,2026-08-21 06:48:34.134914
2026-08-20,2026-06-01,2026-08-20,district,TAMIL. PUDU.& KARAIKAL,TAMILNADU,THANJAVUR,10.4,3.4,205.0,LE,122.9,148.0,-17.0,N,2026-08-21 06:48:34.134914
2026-08-20,2026-06-01,2026-08-20,district,TAMIL. PUDU.& KARAIKAL,TAMILNADU,THENI,0.2,1.0,-78.0,LD,151.2,117.3,29.0,E,2026-08-21 06:48:34.134914
2026-08-20,2026-06-01,2026-08-20,district,TAMIL. PUDU.& KARAIKAL,TAMILNADU,THIRUCHIRAPALLI,7.0,2.8,149.0,LE,87.8,117.6,-25.0,D,2026-08-21 06:48:34.134914
2026-08-20,2026-06-01,2026-08-20,district,TAMIL. PUDU.& KARAIKAL,TAMILNADU,THIRUVALLUR,1.9,6.0,-68.0,LD,210.5,266.8,-21.0,D,2026-08-21 06:48:34.134914
2026-08-20,2026-06-01,2026-08-20,district,TAMIL. PUDU.& KARAIKAL,TAMILNADU,THOOTHUKUDI,0.0,0.6,-100.0,NR,8.4,24.4,-66.0,LD,2026-08-21 06:48:34.134914
2026-08-20,2026-06-01,2026-08-20,district,TAMIL. PUDU.& KARAIKAL,TAMILNADU,TIRUNELVELI,0.0,0.5,-100.0,NR,352.6,49.6,611.0,LE,2026-08-21 06:48:34.134914
2026-08-20,2026-06-01,2026-08-20,district,TAMIL. PUDU.& KARAIKAL,TAMILNADU,TIRUPATTUR,0.6,4.9,-88.0,LD,84.6,224.7,-62.0,LD,2026-08-21 06:48:34.134914
2026-08-20,2026-06-01,2026-08-20,district,TAMIL. PUDU.& KARAIKAL,TAMILNADU,TIRUPPUR,1.1,1.6,-32.0,D,26.2,61.2,-57.0,D,2026-08-21 06:48:34.134914
2026-08-20,2026-06-01,2026-08-20,district,TAMIL. PUDU.& KARAIKAL,TAMILNADU,TIRUVANNAMALAI,2.3,5.8,-60.0,LD,138.1,242.2,-43.0,D,2026-08-21 06:48:34.134914
2026-08-20,2026-06-01,2026-08-20,district,TAMIL. PUDU.& KARAIKAL,TAMILNADU,TIRUVARUR,18.8,3.0,528.0,LE,146.4,142.7,3.0,N,2026-08-21 06:48:34.134914
2026-08-20,2026-06-01,2026-08-20,district,TAMIL. PUDU.& KARAIKAL,TAMILNADU,VELLORE,0.5,5.6,-90.0,LD,133.1,237.6,-44.0,D,2026-08-21 06:48:34.134914
2026-08-20,2026-06-01,2026-08-20,district,TAMIL. PUDU.& KARAIKAL,TAMILNADU,VILLUPURAM,5.8,5.2,12.0,N,154.8,213.7,-28.0,D,2026-08-21 06:48:34.134914
2026-08-20,2026-06-01,2026-08-20,district,TAMIL. PUDU.& KARAIKAL,TAMILNADU,VIRUDHUNAGAR,3.8,1.8,109.0,LE,81.3,84.2,-3.0,N,2026-08-21 06:48:34.134914
2026-08-20,2026-06-01,2026-08-20,district,TELANGANA,TELANGANA,ADILABAD,0.3,10.2,-97.0,LD,566.4,687.3,-18.0,N,2026-08-21 06:48:34.134914
2026-08-20,2026-06-01,2026-08-20,district,TELANGANA,TELANGANA,B. KOTHAGUDEM,4.7,12.3,-61.0,LD,496.1,681.5,-27.0,D,2026-08-21 06:48:34.134914
2026-08-20,2026-06-01,2026-08-20,district,TELANGANA,TELANGANA,HANUMAKONDA,1.0,10.6,-90.0,LD,283.8,469.5,-40.0,D,2026-08-21 06:48:34.134914
2026-08-20,2026-06-01,2026-08-20,district,TELANGANA,TELANGANA,HYDERABAD,2.4,7.3,-67.0,LD,276.5,404.7,-32.0,D,2026-08-21 06:48:34.134914
2026-08-20,2026-06-01,2026-08-20,district,TELANGANA,TELANGANA,J. BHUPALPALLY,0.4,15.2,-97.0,LD,656.5,691.5,-5.0,N,2026-08-21 06:48:34.134914
2026-08-20,2026-06-01,2026-08-20,district,TELANGANA,TELANGANA,JAGTIAL,1.4,10.6,-87.0,LD,638.4,559.3,14.0,N,2026-08-21 06:48:34.134914
2026-08-20,2026-06-01,2026-08-20,district,TELANGANA,TELANGANA,JANGAON,1.8,7.3,-76.0,LD,252.4,460.7,-45.0,D,2026-08-21 06:48:34.134914
2026-08-20,2026-06-01,2026-08-20,district,TELANGANA,TELANGANA,JOGULAMBA GADWAL,1.9,5.3,-63.0,LD,181.4,275.2,-34.0,D,2026-08-21 06:48:34.134914
2026-08-20,2026-06-01,2026-08-20,district,TELANGANA,TELANGANA,KAMAREDDY,0.5,12.5,-96.0,LD,657.6,535.0,23.0,E,2026-08-21 06:48:34.134914
2026-08-20,2026-06-01,2026-08-20,district,TELANGANA,TELANGANA,KARIMNAGAR,0.5,7.5,-93.0,LD,450.7,481.2,-6.0,N,2026-08-21 06:48:34.134914
2026-08-20,2026-06-01,2026-08-20,district,TELANGANA,TELANGANA,KHAMMAM,7.4,7.8,-5.0,N,404.0,533.1,-24.0,D,2026-08-21 06:48:34.134914
2026-08-20,2026-06-01,2026-08-20,district,TELANGANA,TELANGANA,KUMARAM BHEEM,2.0,13.5,-86.0,LD,831.3,711.8,17.0,N,2026-08-21 06:48:34.134914
2026-08-20,2026-06-01,2026-08-20,district,TELANGANA,TELANGANA,M. MALKAJGIRI,0.5,10.8,-95.0,LD,184.7,330.0,-44.0,D,2026-08-21 06:48:34.134914
2026-08-20,2026-06-01,2026-08-20,district,TELANGANA,TELANGANA,MAHABUBABAD,2.2,7.2,-69.0,LD,474.6,606.3,-22.0,D,2026-08-21 06:48:34.134914
2026-08-20,2026-06-01,2026-08-20,district,TELANGANA,TELANGANA,MAHABUBNAGAR,0.7,5.7,-88.0,LD,297.5,325.8,-9.0,N,2026-08-21 06:48:34.134914
2026-08-20,2026-06-01,2026-08-20,district,TELANGANA,TELANGANA,MANCHERIAL,1.3,12.8,-90.0,LD,743.1,674.6,10.0,N,2026-08-21 06:48:34.134914
2026-08-20,2026-06-01,2026-08-20,district,TELANGANA,TELANGANA,MEDAK,1.3,12.7,-90.0,LD,521.2,550.0,-5.0,N,2026-08-21 06:48:34.134914
2026-08-20,2026-06-01,2026-08-20,district,TELANGANA,TELANGANA,MULUGU,1.6,13.3,-88.0,LD,733.7,712.3,3.0,N,2026-08-21 06:48:34.134914
2026-08-20,2026-06-01,2026-08-20,district,TELANGANA,TELANGANA,NAGARKURNOOL,0.1,5.7,-98.0,LD,214.4,295.7,-28.0,D,2026-08-21 06:48:34.134914
2026-08-20,2026-06-01,2026-08-20,district,TELANGANA,TELANGANA,NALGONDA,1.5,5.9,-75.0,LD,159.9,316.7,-50.0,D,2026-08-21 06:48:34.134914
2026-08-20,2026-06-01,2026-08-20,district,TELANGANA,TELANGANA,NARAYANPET,0.8,6.3,-88.0,LD,295.2,287.9,3.0,N,2026-08-21 06:48:34.134914
2026-08-20,2026-06-01,2026-08-20,district,TELANGANA,TELANGANA,NIRMAL,1.2,11.5,-90.0,LD,358.2,632.2,-43.0,D,2026-08-21 06:48:34.134914
2026-08-20,2026-06-01,2026-08-20,district,TELANGANA,TELANGANA,NIZAMABAD,1.0,12.9,-92.0,LD,550.5,580.8,-5.0,N,2026-08-21 06:48:34.134914
2026-08-20,2026-06-01,2026-08-20,district,TELANGANA,TELANGANA,PEDDAPALLE,0.1,11.2,-99.0,LD,558.3,623.6,-10.0,N,2026-08-21 06:48:34.134914
2026-08-20,2026-06-01,2026-08-20,district,TELANGANA,TELANGANA,RAJANNA SIRCILLA,1.8,9.6,-81.0,LD,499.9,476.6,5.0,N,2026-08-21 06:48:34.134914
2026-08-20,2026-06-01,2026-08-20,district,TELANGANA,TELANGANA,RANGAREDDY,3.2,8.1,-61.0,LD,293.9,342.9,-14.0,N,2026-08-21 06:48:34.134914
2026-08-20,2026-06-01,2026-08-20,district,TELANGANA,TELANGANA,SANGAREDDY,1.0,8.6,-88.0,LD,335.2,476.8,-30.0,D,2026-08-21 06:48:34.134914
2026-08-20,2026-06-01,2026-08-20,district,TELANGANA,TELANGANA,SIDDIPET,1.0,5.8,-84.0,LD,373.6,423.0,-12.0,N,2026-08-21 06:48:34.134914
2026-08-20,2026-06-01,2026-08-20,district,TELANGANA,TELANGANA,SURYAPET,4.0,6.5,-38.0,D,285.1,408.4,-30.0,D,2026-08-21 06:48:34.134914
2026-08-20,2026-06-01,2026-08-20,district,TELANGANA,TELANGANA,VIKARABAD,3.0,8.3,-64.0,LD,357.9,423.9,-16.0,N,2026-08-21 06:48:34.134914
2026-08-20,2026-06-01,2026-08-20,district,TELANGANA,TELANGANA,WANAPARTHY,1.0,6.0,-83.0,LD,235.5,347.2,-32.0,D,2026-08-21 06:48:34.134914
2026-08-20,2026-06-01,2026-08-20,district,TELANGANA,TELANGANA,WARANGAL,1.4,13.6,-90.0,LD,356.2,644.4,-45.0,D,2026-08-21 06:48:34.134914
2026-08-20,2026-06-01,2026-08-20,district,TELANGANA,TELANGANA,Y. BHUVANAGIRI,1.2,4.0,-71.0,LD,191.0,354.1,-46.0,D,2026-08-21 06:48:34.134914
2026-08-20,2026-06-01,2026-08-20,district,UTTARAKHAND,UTTARAKHAND,ALMORA,7.3,6.8,7.0,N,657.6,598.1,10.0,N,2026-08-21 06:48:34.134914
2026-08-20,2026-06-01,2026-08-20,district,UTTARAKHAND,UTTARAKHAND,BAGESHWAR,16.6,6.8,144.0,LE,1490.7,598.1,149.0,LE,2026-08-21 06:48:34.134914
2026-08-20,2026-06-01,2026-08-20,district,UTTARAKHAND,UTTARAKHAND,CHAMOLI,9.6,7.7,25.0,E,876.8,551.6,59.0,E,2026-08-21 06:48:34.134914
2026-08-20,2026-06-01,2026-08-20,district,UTTARAKHAND,UTTARAKHAND,CHAMPAWAT,2.0,14.3,-86.0,LD,623.4,965.5,-35.0,D,2026-08-21 06:48:34.134914
2026-08-20,2026-06-01,2026-08-20,district,UTTARAKHAND,UTTARAKHAND,DEHRADUN,21.4,15.1,42.0,E,1069.7,1086.1,-2.0,N,2026-08-21 06:48:34.134914
2026-08-20,2026-06-01,2026-08-20,district,UTTARAKHAND,UTTARAKHAND,GARHWAL PAURI,12.9,13.1,-1.0,N,496.9,921.6,-46.0,D,2026-08-21 06:48:34.134914
2026-08-20,2026-06-01,2026-08-20,district,UTTARAKHAND,UTTARAKHAND,GARHWAL TEHRI,23.2,12.8,81.0,LE,919.8,703.3,31.0,E,2026-08-21 06:48:34.134914
2026-08-20,2026-06-01,2026-08-20,district,UTTARAKHAND,UTTARAKHAND,HARDWAR,29.7,8.4,254.0,LE,847.4,719.0,18.0,N,2026-08-21 06:48:34.134914
2026-08-20,2026-06-01,2026-08-20,district,UTTARAKHAND,UTTARAKHAND,NAINITAL,21.0,11.9,77.0,LE,766.2,1156.6,-34.0,D,2026-08-21 06:48:34.134914
2026-08-20,2026-06-01,2026-08-20,district,UTTARAKHAND,UTTARAKHAND,PITHORAGARH,10.3,16.7,-39.0,D,1103.9,1125.3,-2.0,N,2026-08-21 06:48:34.134914
2026-08-20,2026-06-01,2026-08-20,district,UTTARAKHAND,UTTARAKHAND,RUDRAPRAYAG,1.5,17.5,-91.0,LD,1055.5,1176.6,-10.0,N,2026-08-21 06:48:34.134914
2026-08-20,2026-06-01,2026-08-20,district,UTTARAKHAND,UTTARAKHAND,UDHAM SINGH NAGAR,8.4,8.7,-4.0,N,746.0,824.2,-9.0,N,2026-08-21 06:48:34.134914
2026-08-20,2026-06-01,2026-08-20,district,UTTARAKHAND,UTTARAKHAND,UTTARKASHI,5.1,13.9,-63.0,LD,794.4,885.2,-10.0,N,2026-08-21 06:48:34.134914
2026-08-20,2026-06-01,2026-08-20,district,VIDARBHA,MAHARASHTRA,AKOLA,0.0,5.6,-100.0,NR,350.4,503.9,-30.0,D,2026-08-21 06:48:34.134914
2026-08-20,2026-06-01,2026-08-20,district,VIDARBHA,MAHARASHTRA,AMRAOTI,0.0,7.6,-100.0,NR,387.0,595.1,-35.0,D,2026-08-21 06:48:34.134914
2026-08-20,2026-06-01,2026-08-20,district,VIDARBHA,MAHARASHTRA,BHANDARA,0.0,14.5,-99.0,LD,672.8,791.8,-15.0,N,2026-08-21 06:48:34.134914
2026-08-20,2026-06-01,2026-08-20,district,VIDARBHA,MAHARASHTRA,BULDHANA,0.0,5.1,-100.0,NR,449.4,453.4,-1.0,N,2026-08-21 06:48:34.134914
2026-08-20,2026-06-01,2026-08-20,district,VIDARBHA,MAHARASHTRA,CHANDRAPUR,0.2,14.2,-99.0,LD,533.0,792.6,-33.0,D,2026-08-21 06:48:34.134914
2026-08-20,2026-06-01,2026-08-20,district,VIDARBHA,MAHARASHTRA,GADCHIROLI,4.7,16.4,-71.0,LD,702.4,951.1,-26.0,D,2026-08-21 06:48:34.134914
2026-08-20,2026-06-01,2026-08-20,district,VIDARBHA,MAHARASHTRA,GONDIA,2.9,15.7,-82.0,LD,920.8,893.0,3.0,N,2026-08-21 06:48:34.134914
2026-08-20,2026-06-01,2026-08-20,district,VIDARBHA,MAHARASHTRA,NAGPUR,0.2,9.2,-98.0,LD,453.6,678.5,-33.0,D,2026-08-21 06:48:34.134914
2026-08-20,2026-06-01,2026-08-20,district,VIDARBHA,MAHARASHTRA,WARDHA,0.0,6.2,-100.0,NR,452.7,611.5,-26.0,D,2026-08-21 06:48:34.134914
2026-08-20,2026-06-01,2026-08-20,district,VIDARBHA,MAHARASHTRA,WASHIM,0.0,6.2,-100.0,NR,430.1,559.8,-23.0,D,2026-08-21 06:48:34.134914
2026-08-20,2026-06-01,2026-08-20,district,VIDARBHA,MAHARASHTRA,YEOTMAL,0.0,8.5,-99.0,LD,519.1,597.3,-13.0,N,2026-08-21 06:48:34.134914
2026-08-20,2026-06-01,2026-08-20,district,WEST MADHYA PRADESH,MADHYA PRADESH,AGAR-MALWA,0.0,14.1,-100.0,NR,562.2,647.4,-13.0,N,2026-08-21 06:48:34.134914
2026-08-20,2026-06-01,2026-08-20,district,WEST MADHYA PRADESH,MADHYA PRADESH,ALIRAJPUR,1.0,4.8,-79.0,LD,358.2,610.5,-41.0,D,2026-08-21 06:48:34.134914
2026-08-20,2026-06-01,2026-08-20,district,WEST MADHYA PRADESH,MADHYA PRADESH,ASHOKNAGAR,0.3,15.4,-98.0,LD,476.5,615.2,-23.0,D,2026-08-21 06:48:34.134914
2026-08-20,2026-06-01,2026-08-20,district,WEST MADHYA PRADESH,MADHYA PRADESH,BARWANI,0.0,4.8,-100.0,NR,462.8,454.1,2.0,N,2026-08-21 06:48:34.134914
2026-08-20,2026-06-01,2026-08-20,district,WEST MADHYA PRADESH,MADHYA PRADESH,BETUL,2.3,12.5,-82.0,LD,541.9,738.0,-27.0,D,2026-08-21 06:48:34.134914
2026-08-20,2026-06-01,2026-08-20,district,WEST MADHYA PRADESH,MADHYA PRADESH,BHIND,20.2,5.9,242.0,LE,524.7,431.0,22.0,E,2026-08-21 06:48:34.134914
2026-08-20,2026-06-01,2026-08-20,district,WEST MADHYA PRADESH,MADHYA PRADESH,BHOPAL,0.1,18.0,-99.0,LD,771.0,687.2,12.0,N,2026-08-21 06:48:34.134914
2026-08-20,2026-06-01,2026-08-20,district,WEST MADHYA PRADESH,MADHYA PRADESH,BURHANPUR,0.7,6.0,-89.0,LD,688.7,508.0,36.0,E,2026-08-21 06:48:34.134914
2026-08-20,2026-06-01,2026-08-20,district,WEST MADHYA PRADESH,MADHYA PRADESH,DATIA,2.0,10.7,-81.0,LD,408.4,536.6,-24.0,D,2026-08-21 06:48:34.134914
2026-08-20,2026-06-01,2026-08-20,district,WEST MADHYA PRADESH,MADHYA PRADESH,DEWAS,0.3,11.1,-97.0,LD,646.9,642.8,1.0,N,2026-08-21 06:48:34.134914
2026-08-20,2026-06-01,2026-08-20,district,WEST MADHYA PRADESH,MADHYA PRADESH,DHAR,0.4,7.1,-94.0,LD,386.3,557.9,-31.0,D,2026-08-21 06:48:34.134914
2026-08-20,2026-06-01,2026-08-20,district,WEST MADHYA PRADESH,MADHYA PRADESH,GUNA,0.0,11.3,-100.0,NR,752.8,677.6,11.0,N,2026-08-21 06:48:34.134914
2026-08-20,2026-06-01,2026-08-20,district,WEST MADHYA PRADESH,MADHYA PRADESH,GWALIOR,2.2,9.0,-76.0,LD,508.4,497.3,2.0,N,2026-08-21 06:48:34.134914
2026-08-20,2026-06-01,2026-08-20,district,WEST MADHYA PRADESH,MADHYA PRADESH,HARDA,0.0,14.9,-100.0,NR,590.7,802.2,-26.0,D,2026-08-21 06:48:34.134914
2026-08-20,2026-06-01,2026-08-20,district,WEST MADHYA PRADESH,MADHYA PRADESH,INDORE,0.8,9.7,-92.0,LD,501.9,598.6,-16.0,N,2026-08-21 06:48:34.134914
2026-08-20,2026-06-01,2026-08-20,district,WEST MADHYA PRADESH,MADHYA PRADESH,JHABUA,0.9,5.1,-83.0,LD,466.0,614.3,-24.0,D,2026-08-21 06:48:34.134914
2026-08-20,2026-06-01,2026-08-20,district,WEST MADHYA PRADESH,MADHYA PRADESH,KHANDWA,0.2,6.7,-97.0,LD,575.8,553.4,4.0,N,2026-08-21 06:48:34.134914
2026-08-20,2026-06-01,2026-08-20,district,WEST MADHYA PRADESH,MADHYA PRADESH,KHARGONE,0.0,6.3,-100.0,NR,618.6,501.1,23.0,E,2026-08-21 06:48:34.134914
2026-08-20,2026-06-01,2026-08-20,district,WEST MADHYA PRADESH,MADHYA PRADESH,MANDSAUR,0.0,15.6,-100.0,NR,517.4,593.6,-13.0,N,2026-08-21 06:48:34.134914
2026-08-20,2026-06-01,2026-08-20,district,WEST MADHYA PRADESH,MADHYA PRADESH,MORENA,0.0,7.4,-100.0,NR,279.6,469.1,-40.0,D,2026-08-21 06:48:34.134914
2026-08-20,2026-06-01,2026-08-20,district,WEST MADHYA PRADESH,MADHYA PRADESH,NARMADAPURAM,0.8,17.3,-96.0,LD,569.4,893.5,-36.0,D,2026-08-21 06:48:34.134914
2026-08-20,2026-06-01,2026-08-20,district,WEST MADHYA PRADESH,MADHYA PRADESH,NEEMUCH,0.0,12.9,-100.0,NR,508.9,564.9,-10.0,N,2026-08-21 06:48:34.134914
2026-08-20,2026-06-01,2026-08-20,district,WEST MADHYA PRADESH,MADHYA PRADESH,RAISEN,1.3,15.9,-92.0,LD,656.0,776.5,-16.0,N,2026-08-21 06:48:34.134914
2026-08-20,2026-06-01,2026-08-20,district,WEST MADHYA PRADESH,MADHYA PRADESH,RAJGARH,0.0,20.3,-100.0,NR,760.3,648.1,17.0,N,2026-08-21 06:48:34.134914
2026-08-20,2026-06-01,2026-08-20,district,WEST MADHYA PRADESH,MADHYA PRADESH,RATLAM,0.3,17.9,-99.0,LD,466.4,653.1,-29.0,D,2026-08-21 06:48:34.134914
2026-08-20,2026-06-01,2026-08-20,district,WEST MADHYA PRADESH,MADHYA PRADESH,SEHORE,0.3,15.4,-98.0,LD,704.1,757.0,-7.0,N,2026-08-21 06:48:34.134914
2026-08-20,2026-06-01,2026-08-20,district,WEST MADHYA PRADESH,MADHYA PRADESH,SHAJAPUR,0.0,13.7,-100.0,NR,512.2,650.2,-21.0,D,2026-08-21 06:48:34.134914
2026-08-20,2026-06-01,2026-08-20,district,WEST MADHYA PRADESH,MADHYA PRADESH,SHEOPUR,0.0,8.2,-100.0,NR,459.1,502.5,-9.0,N,2026-08-21 06:48:34.134914
2026-08-20,2026-06-01,2026-08-20,district,WEST MADHYA PRADESH,MADHYA PRADESH,SHIVPURI,5.0,6.1,-18.0,N,528.6,571.6,-8.0,N,2026-08-21 06:48:34.134914
2026-08-20,2026-06-01,2026-08-20,district,WEST MADHYA PRADESH,MADHYA PRADESH,UJJAIN,0.0,13.4,-100.0,NR,517.0,628.6,-18.0,N,2026-08-21 06:48:34.134914
2026-08-20,2026-06-01,2026-08-20,district,WEST MADHYA PRADESH,MADHYA PRADESH,VIDISHA,0.4,16.9,-98.0,LD,586.6,744.3,-21.0,D,2026-08-21 06:48:34.134914
2026-08-20,2026-06-01,2026-08-20,district,WEST RAJASTHAN,RAJASTHAN,BARMER,0.0,3.2,-100.0,NR,188.0,206.8,-9.0,N,2026-08-21 06:48:34.134914
2026-08-20,2026-06-01,2026-08-20,district,WEST RAJASTHAN,RAJASTHAN,BIKANER,0.0,1.7,-100.0,NR,203.5,191.5,6.0,N,2026-08-21 06:48:34.134914
2026-08-20,2026-06-01,2026-08-20,district,WEST RAJASTHAN,RAJASTHAN,CHURU,0.0,2.6,-100.0,NR,264.7,254.3,4.0,N,2026-08-21 06:48:34.134914
2026-08-20,2026-06-01,2026-08-20,district,WEST RAJASTHAN,RAJASTHAN,HANUMANGARH,0.0,2.3,-100.0,NR,142.8,189.5,-25.0,D,2026-08-21 06:48:34.134914
2026-08-20,2026-06-01,2026-08-20,district,WEST RAJASTHAN,RAJASTHAN,JAISALMER,0.0,0.7,-100.0,NR,83.3,134.6,-38.0,D,2026-08-21 06:48:34.134914
2026-08-20,2026-06-01,2026-08-20,district,WEST RAJASTHAN,RAJASTHAN,JALORE,0.0,4.4,-100.0,NR,143.1,318.7,-55.0,D,2026-08-21 06:48:34.134914
2026-08-20,2026-06-01,2026-08-20,district,WEST RAJASTHAN,RAJASTHAN,JODHPUR,0.0,2.2,-100.0,NR,189.2,219.3,-14.0,N,2026-08-21 06:48:34.134914
2026-08-20,2026-06-01,2026-08-20,district,WEST RAJASTHAN,RAJASTHAN,NAGAUR,0.0,3.3,-100.0,NR,282.1,286.4,-2.0,N,2026-08-21 06:48:34.134914
2026-08-20,2026-06-01,2026-08-20,district,WEST RAJASTHAN,RAJASTHAN,PALI,0.0,7.7,-100.0,NR,206.7,372.5,-45.0,D,2026-08-21 06:48:34.134914
2026-08-20,2026-06-01,2026-08-20,district,WEST RAJASTHAN,RAJASTHAN,SRI GANGANAGAR,0.0,0.8,-100.0,NR,168.7,153.2,10.0,N,2026-08-21 06:48:34.134914
2026-08-20,2026-06-01,2026-08-20,district,WEST UTTAR PRADESH,UTTAR PRADESH,AGRA,3.2,5.0,-37.0,D,358.6,370.7,-3.0,N,2026-08-21 06:48:34.134914
2026-08-20,2026-06-01,2026-08-20,district,WEST UTTAR PRADESH,UTTAR PRADESH,ALIGARH,1.0,4.7,-79.0,LD,252.3,415.6,-39.0,D,2026-08-21 06:48:34.134914
2026-08-20,2026-06-01,2026-08-20,district,WEST UTTAR PRADESH,UTTAR PRADESH,AMROHA,5.7,5.9,-4.0,N,316.2,581.7,-46.0,D,2026-08-21 06:48:34.134914
2026-08-20,2026-06-01,2026-08-20,district,WEST UTTAR PRADESH,UTTAR PRADESH,AURAIYA,9.4,4.4,114.0,LE,353.7,358.2,-1.0,N,2026-08-21 06:48:34.134914
2026-08-20,2026-06-01,2026-08-20,district,WEST UTTAR PRADESH,UTTAR PRADESH,BADAUN,3.3,4.1,-21.0,D,485.5,473.3,3.0,N,2026-08-21 06:48:34.134914
2026-08-20,2026-06-01,2026-08-20,district,WEST UTTAR PRADESH,UTTAR PRADESH,BAGHPAT,0.0,3.6,-100.0,NR,353.3,355.4,-1.0,N,2026-08-21 06:48:34.134914
2026-08-20,2026-06-01,2026-08-20,district,WEST UTTAR PRADESH,UTTAR PRADESH,BAREILLY,0.6,4.8,-88.0,LD,491.8,564.4,-13.0,N,2026-08-21 06:48:34.134914
2026-08-20,2026-06-01,2026-08-20,district,WEST UTTAR PRADESH,UTTAR PRADESH,BIJNOR,12.4,6.8,82.0,LE,781.8,661.3,18.0,N,2026-08-21 06:48:34.134914
2026-08-20,2026-06-01,2026-08-20,district,WEST UTTAR PRADESH,UTTAR PRADESH,BULANDSHAHAR,0.3,5.4,-94.0,LD,366.4,375.8,-3.0,N,2026-08-21 06:48:34.134914
2026-08-20,2026-06-01,2026-08-20,district,WEST UTTAR PRADESH,UTTAR PRADESH,ETAH,42.0,3.0,1300.0,LE,507.8,349.5,45.0,E,2026-08-21 06:48:34.134914
2026-08-20,2026-06-01,2026-08-20,district,WEST UTTAR PRADESH,UTTAR PRADESH,ETAWAH,8.6,6.1,42.0,E,433.3,400.4,8.0,N,2026-08-21 06:48:34.134914
2026-08-20,2026-06-01,2026-08-20,district,WEST UTTAR PRADESH,UTTAR PRADESH,FIROZABAD,7.1,4.8,48.0,E,492.2,406.2,21.0,E,2026-08-21 06:48:34.134914
2026-08-20,2026-06-01,2026-08-20,district,WEST UTTAR PRADESH,UTTAR PRADESH,GAUTAM BUDDHA NAGAR,0.0,5.7,-100.0,NR,436.0,319.0,37.0,E,2026-08-21 06:48:34.134914
2026-08-20,2026-06-01,2026-08-20,district,WEST UTTAR PRADESH,UTTAR PRADESH,GHAZIABAD,0.0,5.7,-100.0,NR,145.0,321.6,-55.0,D,2026-08-21 06:48:34.134914
2026-08-20,2026-06-01,2026-08-20,district,WEST UTTAR PRADESH,UTTAR PRADESH,HAMIRPUR,40.5,5.7,611.0,LE,629.1,490.0,28.0,E,2026-08-21 06:48:34.134914
2026-08-20,2026-06-01,2026-08-20,district,WEST UTTAR PRADESH,UTTAR PRADESH,HAPUR,0.0,12.9,-100.0,NR,264.0,470.3,-44.0,D,2026-08-21 06:48:34.134914
2026-08-20,2026-06-01,2026-08-20,district,WEST UTTAR PRADESH,UTTAR PRADESH,HATHRAS,3.7,4.6,-20.0,D,381.6,399.2,-4.0,N,2026-08-21 06:48:34.134914
2026-08-20,2026-06-01,2026-08-20,district,WEST UTTAR PRADESH,UTTAR PRADESH,JALAUN,46.8,5.6,737.0,LE,406.7,452.9,-10.0,N,2026-08-21 06:48:34.134914
2026-08-20,2026-06-01,2026-08-20,district,WEST UTTAR PRADESH,UTTAR PRADESH,JHANSI,10.6,5.6,89.0,LE,303.9,507.6,-40.0,D,2026-08-21 06:48:34.134914
2026-08-20,2026-06-01,2026-08-20,district,WEST UTTAR PRADESH,UTTAR PRADESH,KASGANJ,2.3,4.1,-43.0,D,448.7,449.8,0.0,N,2026-08-21 06:48:34.134914
2026-08-20,2026-06-01,2026-08-20,district,WEST UTTAR PRADESH,UTTAR PRADESH,LALITPUR,13.4,7.6,76.0,LE,505.3,578.5,-13.0,N,2026-08-21 06:48:34.134914
2026-08-20,2026-06-01,2026-08-20,district,WEST UTTAR PRADESH,UTTAR PRADESH,MAHOBA,14.5,6.6,120.0,LE,439.8,418.4,5.0,N,2026-08-21 06:48:34.134914
2026-08-20,2026-06-01,2026-08-20,district,WEST UTTAR PRADESH,UTTAR PRADESH,MAINPURI,9.8,5.6,76.0,LE,239.4,460.1,-48.0,D,2026-08-21 06:48:34.134914
2026-08-20,2026-06-01,2026-08-20,district,WEST UTTAR PRADESH,UTTAR PRADESH,MATHURA,0.0,4.2,-100.0,NR,201.0,352.6,-43.0,D,2026-08-21 06:48:34.134914
2026-08-20,2026-06-01,2026-08-20,district,WEST UTTAR PRADESH,UTTAR PRADESH,MEERUT,0.0,6.5,-100.0,NR,771.5,458.7,68.0,LE,2026-08-21 06:48:34.134914
2026-08-20,2026-06-01,2026-08-20,district,WEST UTTAR PRADESH,UTTAR PRADESH,MORADABAD,7.9,5.8,36.0,E,554.1,612.6,-10.0,N,2026-08-21 06:48:34.134914
2026-08-20,2026-06-01,2026-08-20,district,WEST UTTAR PRADESH,UTTAR PRADESH,MUZAFFARNAGAR,7.1,5.0,41.0,E,845.0,471.0,79.0,LE,2026-08-21 06:48:34.134914
2026-08-20,2026-06-01,2026-08-20,district,WEST UTTAR PRADESH,UTTAR PRADESH,PILIBHIT,0.0,7.9,-100.0,NR,177.4,601.7,-71.0,LD,2026-08-21 06:48:34.134914
2026-08-20,2026-06-01,2026-08-20,district,WEST UTTAR PRADESH,UTTAR PRADESH,RAMPUR,12.4,6.1,103.0,LE,406.8,513.8,-21.0,D,2026-08-21 06:48:34.134914
2026-08-20,2026-06-01,2026-08-20,district,WEST UTTAR PRADESH,UTTAR PRADESH,SAHARANPUR,0.0,5.7,-100.0,NR,444.9,558.2,-20.0,D,2026-08-21 06:48:34.134914
2026-08-20,2026-06-01,2026-08-20,district,WEST UTTAR PRADESH,UTTAR PRADESH,SAMBHAL,11.5,3.5,229.0,LE,887.2,457.8,94.0,LE,2026-08-21 06:48:34.134914
2026-08-20,2026-06-01,2026-08-20,district,WEST UTTAR PRADESH,UTTAR PRADESH,SHAHJAHANPUR,6.8,6.6,2.0,N,489.1,543.8,-10.0,N,2026-08-21 06:48:34.134914
2026-08-20,2026-06-01,2026-08-20,district,WEST UTTAR PRADESH,UTTAR PRADESH,SHAMLI,0.0,5.2,-100.0,NR,153.9,390.7,-61.0,LD,2026-08-21 06:48:34.134914
2026-08-20,2026-06-01,2026-08-20,state,ASSAM & MEGHALAYA,ASSAM,,10.8,10.2,6.0,N,815.4,1076.5,-24.0,D,2026-08-21 06:48:34.134914
2026-08-20,2026-06-01,2026-08-20,state,ASSAM & MEGHALAYA,MEGHALAYA,,2.9,18.4,-84.0,LD,841.4,1995.0,-58.0,D,2026-08-21 06:48:34.134914
2026-08-20,2026-06-01,2026-08-20,state,BIHAR,UTTAR PRADESH,,11.8,6.4,85.0,LE,440.0,520.1,-15.0,N,2026-08-21 06:48:34.134914
2026-08-20,2026-06-01,2026-08-20,state,CHHATTISGARH,ANDHRA PRADESH,,1.0,4.8,-79.0,LD,193.4,316.0,-39.0,D,2026-08-21 06:48:34.134914
2026-08-20,2026-06-01,2026-08-20,state,COASTAL A. P. & YANAM,ANDHRA PRADESH,,1.0,4.8,-79.0,LD,193.4,316.0,-39.0,D,2026-08-21 06:48:34.134914
2026-08-20,2026-06-01,2026-08-20,state,COASTAL A. P. & YANAM,PUDUCHERRY (UT),,4.3,3.1,39.0,E,165.6,237.5,-30.0,D,2026-08-21 06:48:34.134914
2026-08-20,2026-06-01,2026-08-20,state,EAST MADHYA PRADESH,GUJARAT,,0.1,4.4,-98.0,LD,513.3,526.7,-3.0,N,2026-08-21 06:48:34.134914
2026-08-20,2026-06-01,2026-08-20,state,GUJARAT REGION,DADRA & NAGAR HAVELI AND DAMAN & DIU (UT),,4.4,8.2,-47.0,D,2671.8,1673.9,60.0,LE,2026-08-21 06:48:34.134914
2026-08-20,2026-06-01,2026-08-20,state,GUJARAT REGION,GUJARAT,,0.1,4.4,-98.0,LD,513.3,526.7,-3.0,N,2026-08-21 06:48:34.134914
2026-08-20,2026-06-01,2026-08-20,state,HAR. CHD & DELHI,CHANDIGARH (UT),,16.3,5.7,187.0,LE,549.0,632.5,-13.0,N,2026-08-21 06:48:34.134914
2026-08-20,2026-06-01,2026-08-20,state,HAR. CHD & DELHI,DELHI,,7.8,9.4,-17.0,N,421.9,384.6,10.0,N,2026-08-21 06:48:34.134914
2026-08-20,2026-06-01,2026-08-20,state,HAR. CHD & DELHI,HARYANA,,1.9,4.4,-58.0,D,259.8,304.3,-15.0,N,2026-08-21 06:48:34.134914
2026-08-20,2026-06-01,2026-08-20,state,J & K AND LADAKH,JAMMU & KASHMIR(UT),,6.0,4.8,25.0,E,423.1,398.9,6.0,N,2026-08-21 06:48:34.134914
2026-08-20,2026-06-01,2026-08-20,state,J & K AND LADAKH,LADAKH (UT),,0.6,0.2,205.0,LE,47.9,15.9,201.0,LE,2026-08-21 06:48:34.134914
2026-08-20,2026-06-01,2026-08-20,state,J & K AND LADAKH,RAJASTHAN,,0.0,5.3,-99.0,LD,265.2,326.7,-19.0,N,2026-08-21 06:48:34.134914
2026-08-20,2026-06-01,2026-08-20,state,KERALA & MAHE,KERALA,,4.8,10.4,-54.0,D,1241.7,1626.7,-24.0,D,2026-08-21 06:48:34.134914
2026-08-20,2026-06-01,2026-08-20,state,KERALA & MAHE,PUDUCHERRY (UT),,4.3,3.1,39.0,E,165.6,237.5,-30.0,D,2026-08-21 06:48:34.134914
2026-08-20,2026-06-01,2026-08-20,state,KONKAN & GOA,GOA,,21.2,13.8,53.0,E,1653.1,2504.3,-34.0,D,2026-08-21 06:48:34.134914
2026-08-20,2026-06-01,2026-08-20,state,KONKAN & GOA,MAHARASHTRA,,1.4,8.1,-82.0,LD,679.6,724.1,-6.0,N,2026-08-21 06:48:34.134914
2026-08-20,2026-06-01,2026-08-20,state,NMMT,MANIPUR,,1.7,5.3,-67.0,LD,448.1,756.4,-41.0,D,2026-08-21 06:48:34.134914
2026-08-20,2026-06-01,2026-08-20,state,NMMT,MIZORAM,,8.8,16.4,-46.0,D,863.0,1121.7,-23.0,D,2026-08-21 06:48:34.134914
2026-08-20,2026-06-01,2026-08-20,state,NMMT,NAGALAND,,8.7,7.7,14.0,N,779.6,741.1,5.0,N,2026-08-21 06:48:34.134914
2026-08-20,2026-06-01,2026-08-20,state,NMMT,TRIPURA,,1.0,12.2,-92.0,LD,852.0,1025.9,-17.0,N,2026-08-21 06:48:34.134914
2026-08-20,2026-06-01,2026-08-20,state,SAURASHTRA & KUTCH,DADRA & NAGAR HAVELI AND DAMAN & DIU (UT),,4.4,8.2,-47.0,D,2671.8,1673.9,60.0,LE,2026-08-21 06:48:34.134914
2026-08-20,2026-06-01,2026-08-20,state,SAURASHTRA & KUTCH,GUJARAT,,0.1,4.4,-98.0,LD,513.3,526.7,-3.0,N,2026-08-21 06:48:34.134914
2026-08-20,2026-06-01,2026-08-20,state,SHWB & SIKKIM,SIKKIM,,4.2,12.5,-67.0,LD,1179.1,1181.9,0.0,N,2026-08-21 06:48:34.134914
2026-08-20,2026-06-01,2026-08-20,state,SHWB & SIKKIM,WEST BENGAL,,5.6,11.2,-50.0,D,988.7,935.2,6.0,N,2026-08-21 06:48:34.134914
2026-08-20,2026-06-01,2026-08-20,state,TAMIL. PUDU.& KARAIKAL,KARNATAKA,,4.9,5.9,-17.0,N,474.0,606.4,-22.0,D,2026-08-21 06:48:34.134914
2026-08-20,2026-06-01,2026-08-20,state,TAMIL. PUDU.& KARAIKAL,PUDUCHERRY (UT),,4.3,3.1,39.0,E,165.6,237.5,-30.0,D,2026-08-21 06:48:34.134914
2026-08-20,2026-06-01,2026-08-20,state,TAMIL. PUDU.& KARAIKAL,TAMILNADU,,2.9,3.0,-2.0,N,148.8,174.7,-15.0,N,2026-08-21 06:48:34.134914
2026-08-20,2026-06-01,2026-08-20,state,WEST RAJASTHAN,MADHYA PRADESH,,16.8,11.4,47.0,E,604.2,675.1,-11.0,N,2026-08-21 06:48:34.134914
2026-08-20,2026-06-01,2026-08-20,subdivision,A & N ISLAND,,,23.5,11.9,97.0,LE,1086.2,1050.6,3.0,N,2026-08-21 06:48:34.134914
2026-08-20,2026-06-01,2026-08-20,subdivision,ARUNACHAL PRADESH,,,17.1,11.9,44.0,E,738.6,1201.6,-39.0,D,2026-08-21 06:48:34.134914
2026-08-20,2026-06-01,2026-08-20,subdivision,ASSAM & MEGHALAYA,,,8.9,12.2,-27.0,D,821.6,1290.3,-36.0,D,2026-08-21 06:48:34.134914
2026-08-20,2026-06-01,2026-08-20,subdivision,BIHAR,,,1.2,7.7,-84.0,LD,408.9,682.7,-40.0,D,2026-08-21 06:48:34.134914
2026-08-20,2026-06-01,2026-08-20,subdivision,CHHATTISGARH,,,12.7,12.8,-1.0,N,769.8,807.7,-5.0,N,2026-08-21 06:48:34.134914
2026-08-20,2026-06-01,2026-08-20,subdivision,COASTAL A. P. & YANAM,,,1.3,5.1,-75.0,LD,233.5,378.3,-38.0,D,2026-08-21 06:48:34.134914
2026-08-20,2026-06-01,2026-08-20,subdivision,COASTAL KARNATAKA,,,19.8,19.8,0.0,N,1959.2,2565.4,-24.0,D,2026-08-21 06:48:34.134914
2026-08-20,2026-06-01,2026-08-20,subdivision,EAST MADHYA PRADESH,,,37.0,11.2,230.0,LE,670.9,740.3,-9.0,N,2026-08-21 06:48:34.134914
2026-08-20,2026-06-01,2026-08-20,subdivision,EAST RAJASTHAN,,,0.0,8.8,-99.0,LD,372.9,465.7,-20.0,D,2026-08-21 06:48:34.134914
2026-08-20,2026-06-01,2026-08-20,subdivision,EAST UTTAR PRADESH,,,13.3,7.1,88.0,LE,430.5,551.4,-22.0,D,2026-08-21 06:48:34.134914
2026-08-20,2026-06-01,2026-08-20,subdivision,GANGETIC WEST BENGAL,,,4.2,10.6,-60.0,LD,888.9,807.3,10.0,N,2026-08-21 06:48:34.134914
2026-08-20,2026-06-01,2026-08-20,subdivision,GUJARAT REGION,,,0.2,6.9,-97.0,LD,786.6,688.0,14.0,N,2026-08-21 06:48:34.134914
2026-08-20,2026-06-01,2026-08-20,subdivision,HAR. CHD & DELHI,,,2.0,4.6,-56.0,D,264.5,307.6,-14.0,N,2026-08-21 06:48:34.134914
2026-08-20,2026-06-01,2026-08-20,subdivision,HIMACHAL PRADESH,,,4.3,8.2,-47.0,D,507.9,543.6,-7.0,N,2026-08-21 06:48:34.134914
2026-08-20,2026-06-01,2026-08-20,subdivision,J & K AND LADAKH,,,6.0,4.8,25.0,E,423.1,398.9,6.0,N,2026-08-21 06:48:34.134914
2026-08-20,2026-06-01,2026-08-20,subdivision,JHARKHAND,,,3.3,11.2,-71.0,LD,615.6,711.7,-14.0,N,2026-08-21 06:48:34.134914
2026-08-20,2026-06-01,2026-08-20,subdivision,KERALA & MAHE,,,4.8,10.3,-54.0,D,1241.8,1626.7,-24.0,D,2026-08-21 06:48:34.134914
2026-08-20,2026-06-01,2026-08-20,subdivision,KONKAN & GOA,,,7.0,17.0,-59.0,D,2163.6,2286.7,-5.0,N,2026-08-21 06:48:34.134914
2026-08-20,2026-06-01,2026-08-20,subdivision,LAKSHADWEEP,,,9.4,9.3,1.0,N,585.3,766.4,-24.0,D,2026-08-21 06:48:34.134914
2026-08-20,2026-06-01,2026-08-20,subdivision,MADHYA MAHARASHTRA,,,1.5,4.7,-68.0,LD,609.1,526.5,16.0,N,2026-08-21 06:48:34.134914
2026-08-20,2026-06-01,2026-08-20,subdivision,MARATHWADA,,,0.4,6.4,-94.0,LD,320.3,411.2,-22.0,D,2026-08-21 06:48:34.134914
2026-08-20,2026-06-01,2026-08-20,subdivision,N. I. KARNATAKA,,,2.4,4.0,-41.0,D,255.6,299.0,-15.0,N,2026-08-21 06:48:34.134914
2026-08-20,2026-06-01,2026-08-20,subdivision,NMMT,,,5.5,10.9,-50.0,D,725.1,924.4,-22.0,D,2026-08-21 06:48:34.134914
2026-08-20,2026-06-01,2026-08-20,subdivision,ODISHA,,,3.3,15.0,-78.0,LD,1007.7,801.5,26.0,E,2026-08-21 06:48:34.134914
2026-08-20,2026-06-01,2026-08-20,subdivision,PUNJAB,,,2.0,3.8,-49.0,D,214.7,322.0,-33.0,D,2026-08-21 06:48:34.134914
2026-08-20,2026-06-01,2026-08-20,subdivision,RAYALASEEMA,,,0.7,4.2,-84.0,LD,140.8,227.5,-38.0,D,2026-08-21 06:48:34.134914
2026-08-20,2026-06-01,2026-08-20,subdivision,S. I. KARNATAKA,,,4.0,4.7,-15.0,N,364.6,476.3,-23.0,D,2026-08-21 06:48:34.134914
2026-08-20,2026-06-01,2026-08-20,subdivision,SAURASHTRA & KUTCH,,,0.0,2.2,-98.0,LD,296.9,398.2,-25.0,D,2026-08-21 06:48:34.134914
2026-08-20,2026-06-01,2026-08-20,subdivision,SHWB & SIKKIM,,,8.3,13.2,-37.0,D,1263.7,1331.0,-5.0,N,2026-08-21 06:48:34.134914
2026-08-20,2026-06-01,2026-08-20,subdivision,TAMIL. PUDU.& KARAIKAL,,,2.9,3.0,-2.0,N,148.8,174.7,-15.0,N,2026-08-21 06:48:34.134914
2026-08-20,2026-06-01,2026-08-20,subdivision,TELANGANA,,,1.8,9.3,-80.0,LD,424.5,502.7,-16.0,N,2026-08-21 06:48:34.134914
2026-08-20,2026-06-01,2026-08-20,subdivision,UTTARAKHAND,,,12.4,12.1,3.0,N,866.0,871.4,-1.0,N,2026-08-21 06:48:34.134914
2026-08-20,2026-06-01,2026-08-20,subdivision,VIDARBHA,,,0.9,10.2,-91.0,LD,527.3,684.0,-23.0,D,2026-08-21 06:48:34.134914
2026-08-20,2026-06-01,2026-08-20,subdivision,WEST MADHYA PRADESH,,,1.3,11.4,-89.0,LD,553.0,624.9,-12.0,N,2026-08-21 06:48:34.134914
2026-08-20,2026-06-01,2026-08-20,subdivision,WEST RAJASTHAN,,,0.0,2.5,-100.0,NR,179.5,216.0,-17.0,N,2026-08-21 06:48:34.134914
2026-08-20,2026-06-01,2026-08-20,subdivision,WEST UTTAR PRADESH,,,9.7,5.6,73.0,LE,453.6,476.4,-5.0,N,2026-08-21 06:48:34.134914
