date,period_start,period_end,level,subdivision,state,district,day_actual_mm,day_normal_mm,day_departure_pct,day_category,period_actual_mm,period_normal_mm,period_departure_pct,period_category,scraped_at
2026-10-09,2026-10-01,2026-10-09,district,A & N ISLAND,ANDAMAN & NICOBAR ISLANDS,NICOBAR,1.5,13.4,-89.0,LD,17.8,100.3,-82.0,LD,2026-10-09 12:43:43.707294
2026-10-09,2026-10-01,2026-10-09,district,A & N ISLAND,ANDAMAN & NICOBAR ISLANDS,NORTH & MIDDLE ANDAMAN,0.0,15.5,-100.0,NR,38.3,116.1,-67.0,LD,2026-10-09 12:43:43.707294
2026-10-09,2026-10-01,2026-10-09,district,A & N ISLAND,ANDAMAN & NICOBAR ISLANDS,SOUTH ANDAMAN,0.0,8.4,-100.0,NR,42.2,111.8,-62.0,LD,2026-10-09 12:43:43.707294
2026-10-09,2026-10-01,2026-10-09,district,ARUNACHAL PRADESH,ARUNACHAL PRADESH,ANJAW,0.0,3.1,-100.0,NR,36.9,84.6,-56.0,D,2026-10-09 12:43:43.707294
2026-10-09,2026-10-01,2026-10-09,district,ARUNACHAL PRADESH,ARUNACHAL PRADESH,CHANGLANG,0.0,5.8,-100.0,NR,17.2,52.4,-67.0,LD,2026-10-09 12:43:43.707294
2026-10-09,2026-10-01,2026-10-09,district,ARUNACHAL PRADESH,ARUNACHAL PRADESH,EAST KAMENG,4.7,6.8,-31.0,D,30.4,47.5,-36.0,D,2026-10-09 12:43:43.707294
2026-10-09,2026-10-01,2026-10-09,district,ARUNACHAL PRADESH,ARUNACHAL PRADESH,EAST SIANG,0.0,13.0,-100.0,NR,88.9,126.4,-30.0,D,2026-10-09 12:43:43.707294
2026-10-09,2026-10-01,2026-10-09,district,ARUNACHAL PRADESH,ARUNACHAL PRADESH,KURUNG KUMEY,4.3,7.2,-41.0,D,31.9,41.5,-23.0,D,2026-10-09 12:43:43.707294
2026-10-09,2026-10-01,2026-10-09,district,ARUNACHAL PRADESH,ARUNACHAL PRADESH,LOHIT,0.0,3.8,-100.0,NR,29.7,89.0,-67.0,LD,2026-10-09 12:43:43.707294
2026-10-09,2026-10-01,2026-10-09,district,ARUNACHAL PRADESH,ARUNACHAL PRADESH,LOWER SUBANSIRI,0.0,3.3,-100.0,NR,25.2,28.0,-10.0,N,2026-10-09 12:43:43.707294
2026-10-09,2026-10-01,2026-10-09,district,ARUNACHAL PRADESH,ARUNACHAL PRADESH,PAPUMPARA,29.2,12.5,133.0,LE,110.1,82.3,34.0,E,2026-10-09 12:43:43.707294
2026-10-09,2026-10-01,2026-10-09,district,ARUNACHAL PRADESH,ARUNACHAL PRADESH,TAWANG,3.9,7.3,-47.0,D,8.6,46.2,-81.0,LD,2026-10-09 12:43:43.707294
2026-10-09,2026-10-01,2026-10-09,district,ARUNACHAL PRADESH,ARUNACHAL PRADESH,TIRAP,0.0,8.9,-100.0,NR,78.5,87.3,-10.0,N,2026-10-09 12:43:43.707294
2026-10-09,2026-10-01,2026-10-09,district,ARUNACHAL PRADESH,ARUNACHAL PRADESH,UPPER SIANG,0.0,10.6,-100.0,NR,35.5,90.3,-61.0,LD,2026-10-09 12:43:43.707294
2026-10-09,2026-10-01,2026-10-09,district,ARUNACHAL PRADESH,ARUNACHAL PRADESH,UPPER SUBANSIRI,0.0,6.9,-100.0,NR,25.6,42.9,-40.0,D,2026-10-09 12:43:43.707294
2026-10-09,2026-10-01,2026-10-09,district,ARUNACHAL PRADESH,ARUNACHAL PRADESH,WEST KAMENG,3.7,9.1,-59.0,D,24.8,74.3,-67.0,LD,2026-10-09 12:43:43.707294
2026-10-09,2026-10-01,2026-10-09,district,ARUNACHAL PRADESH,ARUNACHAL PRADESH,WEST SIANG,0.0,5.4,-100.0,NR,20.3,93.1,-78.0,LD,2026-10-09 12:43:43.707294
2026-10-09,2026-10-01,2026-10-09,district,ASSAM & MEGHALAYA,ASSAM,BAJALI,20.0,4.8,317.0,LE,122.5,63.8,92.0,LE,2026-10-09 12:43:43.707294
2026-10-09,2026-10-01,2026-10-09,district,ASSAM & MEGHALAYA,ASSAM,BAKSA,23.7,6.2,282.0,LE,65.8,45.6,44.0,E,2026-10-09 12:43:43.707294
2026-10-09,2026-10-01,2026-10-09,district,ASSAM & MEGHALAYA,ASSAM,BARPETA,1.5,4.8,-69.0,LD,27.5,63.8,-57.0,D,2026-10-09 12:43:43.707294
2026-10-09,2026-10-01,2026-10-09,district,ASSAM & MEGHALAYA,ASSAM,BONGAIGAON,0.0,5.8,-100.0,NR,44.1,77.5,-43.0,D,2026-10-09 12:43:43.707294
2026-10-09,2026-10-01,2026-10-09,district,ASSAM & MEGHALAYA,ASSAM,CACHAR,5.9,9.8,-40.0,D,52.8,80.5,-34.0,D,2026-10-09 12:43:43.707294
2026-10-09,2026-10-01,2026-10-09,district,ASSAM & MEGHALAYA,ASSAM,CHARAIDEO,0.0,4.0,-100.0,NR,43.5,49.4,-12.0,N,2026-10-09 12:43:43.707294
2026-10-09,2026-10-01,2026-10-09,district,ASSAM & MEGHALAYA,ASSAM,CHIRANG,1.2,8.1,-85.0,LD,92.0,67.2,37.0,E,2026-10-09 12:43:43.707294
2026-10-09,2026-10-01,2026-10-09,district,ASSAM & MEGHALAYA,ASSAM,DARRANG,3.9,4.4,-11.0,N,7.4,39.3,-81.0,LD,2026-10-09 12:43:43.707294
2026-10-09,2026-10-01,2026-10-09,district,ASSAM & MEGHALAYA,ASSAM,DHEMAJI,0.0,4.7,-100.0,NR,47.0,63.1,-26.0,D,2026-10-09 12:43:43.707294
2026-10-09,2026-10-01,2026-10-09,district,ASSAM & MEGHALAYA,ASSAM,DHUBRI,32.6,5.6,482.0,LE,61.3,65.4,-6.0,N,2026-10-09 12:43:43.707294
2026-10-09,2026-10-01,2026-10-09,district,ASSAM & MEGHALAYA,ASSAM,DIBRUGARH,0.0,5.4,-100.0,NR,47.7,53.3,-11.0,N,2026-10-09 12:43:43.707294
2026-10-09,2026-10-01,2026-10-09,district,ASSAM & MEGHALAYA,ASSAM,DIMA HASAO,3.5,7.3,-52.0,D,8.2,65.2,-87.0,LD,2026-10-09 12:43:43.707294
2026-10-09,2026-10-01,2026-10-09,district,ASSAM & MEGHALAYA,ASSAM,GOALPARA,2.7,6.5,-59.0,D,14.0,90.1,-84.0,LD,2026-10-09 12:43:43.707294
2026-10-09,2026-10-01,2026-10-09,district,ASSAM & MEGHALAYA,ASSAM,GOLAGHAT,5.8,4.7,23.0,E,22.2,41.9,-47.0,D,2026-10-09 12:43:43.707294
2026-10-09,2026-10-01,2026-10-09,district,ASSAM & MEGHALAYA,ASSAM,HAILAKANDI,7.8,7.6,3.0,N,77.2,73.3,5.0,N,2026-10-09 12:43:43.707294
2026-10-09,2026-10-01,2026-10-09,district,ASSAM & MEGHALAYA,ASSAM,HOJAI,0.0,8.4,-100.0,NR,2.4,57.2,-96.0,LD,2026-10-09 12:43:43.707294
2026-10-09,2026-10-01,2026-10-09,district,ASSAM & MEGHALAYA,ASSAM,JORHAT,0.3,4.2,-92.0,LD,39.3,42.6,-8.0,N,2026-10-09 12:43:43.707294
2026-10-09,2026-10-01,2026-10-09,district,ASSAM & MEGHALAYA,ASSAM,KAMRUP METROPOLITAN,21.6,5.3,308.0,LE,22.4,52.3,-57.0,D,2026-10-09 12:43:43.707294
2026-10-09,2026-10-01,2026-10-09,district,ASSAM & MEGHALAYA,ASSAM,KAMRUP RURAL,22.7,4.8,373.0,LE,26.5,54.8,-52.0,D,2026-10-09 12:43:43.707294
2026-10-09,2026-10-01,2026-10-09,district,ASSAM & MEGHALAYA,ASSAM,KARBI ANGLONG,0.0,6.3,-100.0,NR,30.0,45.1,-33.0,D,2026-10-09 12:43:43.707294
2026-10-09,2026-10-01,2026-10-09,district,ASSAM & MEGHALAYA,ASSAM,KOKRAJHAR,1.6,6.5,-75.0,LD,14.9,71.5,-79.0,LD,2026-10-09 12:43:43.707294
2026-10-09,2026-10-01,2026-10-09,district,ASSAM & MEGHALAYA,ASSAM,LAKHIMPUR,3.4,5.5,-37.0,D,40.6,63.5,-36.0,D,2026-10-09 12:43:43.707294
2026-10-09,2026-10-01,2026-10-09,district,ASSAM & MEGHALAYA,ASSAM,MORIGAON,1.0,7.7,-87.0,LD,1.1,39.7,-97.0,LD,2026-10-09 12:43:43.707294
2026-10-09,2026-10-01,2026-10-09,district,ASSAM & MEGHALAYA,ASSAM,NAGAON,0.0,4.8,-100.0,NR,4.6,39.1,-88.0,LD,2026-10-09 12:43:43.707294
2026-10-09,2026-10-01,2026-10-09,district,ASSAM & MEGHALAYA,ASSAM,NALBARI,36.9,4.8,669.0,LE,38.9,56.2,-31.0,D,2026-10-09 12:43:43.707294
2026-10-09,2026-10-01,2026-10-09,district,ASSAM & MEGHALAYA,ASSAM,SIBSAGAR,0.1,5.7,-99.0,LD,17.5,43.9,-60.0,LD,2026-10-09 12:43:43.707294
2026-10-09,2026-10-01,2026-10-09,district,ASSAM & MEGHALAYA,ASSAM,SONITPUR,6.5,5.0,31.0,E,36.8,33.4,10.0,N,2026-10-09 12:43:43.707294
2026-10-09,2026-10-01,2026-10-09,district,ASSAM & MEGHALAYA,ASSAM,SRIBHUMI,0.4,8.2,-95.0,LD,168.8,84.3,100.0,LE,2026-10-09 12:43:43.707294
2026-10-09,2026-10-01,2026-10-09,district,ASSAM & MEGHALAYA,ASSAM,TAMULPUR,7.7,4.7,65.0,LE,64.6,37.6,72.0,LE,2026-10-09 12:43:43.707294
2026-10-09,2026-10-01,2026-10-09,district,ASSAM & MEGHALAYA,ASSAM,TINSUKIA,0.0,4.7,-100.0,NR,57.8,52.0,11.0,N,2026-10-09 12:43:43.707294
2026-10-09,2026-10-01,2026-10-09,district,ASSAM & MEGHALAYA,ASSAM,UDALGURI,1.7,3.0,-42.0,D,22.3,44.2,-50.0,D,2026-10-09 12:43:43.707294
2026-10-09,2026-10-01,2026-10-09,district,ASSAM & MEGHALAYA,ASSAM,WEST KARBI ANGLONG,0.0,5.7,-100.0,NR,0.0,43.2,-100.0,NR,2026-10-09 12:43:43.707294
2026-10-09,2026-10-01,2026-10-09,district,ASSAM & MEGHALAYA,MEGHALAYA,EAST GARO HILLS,14.6,5.6,161.0,LE,20.7,87.9,-76.0,LD,2026-10-09 12:43:43.707294
2026-10-09,2026-10-01,2026-10-09,district,ASSAM & MEGHALAYA,MEGHALAYA,EAST JAINTIA HILLS,0.0,17.6,-100.0,NR,18.5,267.5,-93.0,LD,2026-10-09 12:43:43.707294
2026-10-09,2026-10-01,2026-10-09,district,ASSAM & MEGHALAYA,MEGHALAYA,EAST KHASI HILLS,0.9,25.5,-96.0,LD,12.8,154.8,-92.0,LD,2026-10-09 12:43:43.707294
2026-10-09,2026-10-01,2026-10-09,district,ASSAM & MEGHALAYA,MEGHALAYA,NORTH GARO HILLS,2.9,12.7,-77.0,LD,10.7,96.4,-89.0,LD,2026-10-09 12:43:43.707294
2026-10-09,2026-10-01,2026-10-09,district,ASSAM & MEGHALAYA,MEGHALAYA,RI BHOI,9.6,12.7,-25.0,D,37.6,128.1,-71.0,LD,2026-10-09 12:43:43.707294
2026-10-09,2026-10-01,2026-10-09,district,ASSAM & MEGHALAYA,MEGHALAYA,SOUTH GARO HILLS,10.8,12.7,-15.0,N,20.7,96.4,-79.0,LD,2026-10-09 12:43:43.707294
2026-10-09,2026-10-01,2026-10-09,district,ASSAM & MEGHALAYA,MEGHALAYA,SOUTH WEST GARO HILLS,4.7,12.7,-63.0,LD,6.2,96.4,-94.0,LD,2026-10-09 12:43:43.707294
2026-10-09,2026-10-01,2026-10-09,district,ASSAM & MEGHALAYA,MEGHALAYA,SOUTH WEST KHASI HILLS,7.5,12.7,-41.0,D,17.5,96.4,-82.0,LD,2026-10-09 12:43:43.707294
2026-10-09,2026-10-01,2026-10-09,district,ASSAM & MEGHALAYA,MEGHALAYA,WEST GARO HILLS,5.6,8.1,-31.0,D,13.3,95.7,-86.0,LD,2026-10-09 12:43:43.707294
2026-10-09,2026-10-01,2026-10-09,district,ASSAM & MEGHALAYA,MEGHALAYA,WEST JAINTIA HILLS,1.0,17.6,-95.0,LD,89.4,267.5,-67.0,LD,2026-10-09 12:43:43.707294
2026-10-09,2026-10-01,2026-10-09,district,ASSAM & MEGHALAYA,MEGHALAYA,WEST KHASI HILLS,9.1,24.1,-62.0,LD,16.8,111.4,-85.0,LD,2026-10-09 12:43:43.707294
2026-10-09,2026-10-01,2026-10-09,district,BIHAR,BIHAR,ARARIA,1.9,1.6,19.0,N,17.4,40.9,-57.0,D,2026-10-09 12:43:43.707294
2026-10-09,2026-10-01,2026-10-09,district,BIHAR,BIHAR,ARWAL,0.0,3.4,-100.0,NR,43.1,17.4,148.0,LE,2026-10-09 12:43:43.707294
2026-10-09,2026-10-01,2026-10-09,district,BIHAR,BIHAR,AURANGABAD,0.0,4.9,-100.0,NR,11.2,23.1,-52.0,D,2026-10-09 12:43:43.707294
2026-10-09,2026-10-01,2026-10-09,district,BIHAR,BIHAR,BANKA,5.0,4.1,21.0,E,14.3,41.8,-66.0,LD,2026-10-09 12:43:43.707294
2026-10-09,2026-10-01,2026-10-09,district,BIHAR,BIHAR,BEGUSARAI,5.9,3.6,64.0,LE,29.9,26.8,12.0,N,2026-10-09 12:43:43.707294
2026-10-09,2026-10-01,2026-10-09,district,BIHAR,BIHAR,BHABUA,0.0,2.5,-100.0,NR,3.4,18.7,-82.0,LD,2026-10-09 12:43:43.707294
2026-10-09,2026-10-01,2026-10-09,district,BIHAR,BIHAR,BHAGALPUR,3.8,2.7,40.0,E,4.3,43.8,-90.0,LD,2026-10-09 12:43:43.707294
2026-10-09,2026-10-01,2026-10-09,district,BIHAR,BIHAR,BHOJPUR,1.2,1.1,6.0,N,29.8,31.8,-6.0,N,2026-10-09 12:43:43.707294
2026-10-09,2026-10-01,2026-10-09,district,BIHAR,BIHAR,BUXAR,0.0,3.1,-100.0,NR,12.9,24.8,-48.0,D,2026-10-09 12:43:43.707294
2026-10-09,2026-10-01,2026-10-09,district,BIHAR,BIHAR,DARBHANGA,3.2,3.1,2.0,N,39.3,32.5,21.0,E,2026-10-09 12:43:43.707294
2026-10-09,2026-10-01,2026-10-09,district,BIHAR,BIHAR,EAST CHAMPARAN,0.0,2.3,-100.0,NR,13.3,34.3,-61.0,LD,2026-10-09 12:43:43.707294
2026-10-09,2026-10-01,2026-10-09,district,BIHAR,BIHAR,GAYA,0.0,3.0,-98.0,LD,8.5,26.0,-67.0,LD,2026-10-09 12:43:43.707294
2026-10-09,2026-10-01,2026-10-09,district,BIHAR,BIHAR,GOPALGANJ,2.3,1.7,37.0,E,9.6,23.2,-59.0,D,2026-10-09 12:43:43.707294
2026-10-09,2026-10-01,2026-10-09,district,BIHAR,BIHAR,JAHANABAD,0.7,4.6,-84.0,LD,46.7,17.6,166.0,LE,2026-10-09 12:43:43.707294
2026-10-09,2026-10-01,2026-10-09,district,BIHAR,BIHAR,JAMUI,0.0,4.8,-100.0,NR,0.5,32.1,-99.0,LD,2026-10-09 12:43:43.707294
2026-10-09,2026-10-01,2026-10-09,district,BIHAR,BIHAR,KATIHAR,0.2,3.3,-94.0,LD,2.6,52.2,-95.0,LD,2026-10-09 12:43:43.707294
2026-10-09,2026-10-01,2026-10-09,district,BIHAR,BIHAR,KHAGARIA,10.0,3.0,233.0,LE,10.8,34.9,-69.0,LD,2026-10-09 12:43:43.707294
2026-10-09,2026-10-01,2026-10-09,district,BIHAR,BIHAR,KISHANGANJ,10.5,2.3,358.0,LE,64.3,51.6,25.0,E,2026-10-09 12:43:43.707294
2026-10-09,2026-10-01,2026-10-09,district,BIHAR,BIHAR,LAKHISARAI,12.4,3.0,313.0,LE,22.0,24.5,-10.0,N,2026-10-09 12:43:43.707294
2026-10-09,2026-10-01,2026-10-09,district,BIHAR,BIHAR,MADHEPURA,5.1,2.8,83.0,LE,16.4,37.8,-57.0,D,2026-10-09 12:43:43.707294
2026-10-09,2026-10-01,2026-10-09,district,BIHAR,BIHAR,MADHUBANI,9.9,1.7,483.0,LE,27.1,30.0,-10.0,N,2026-10-09 12:43:43.707294
2026-10-09,2026-10-01,2026-10-09,district,BIHAR,BIHAR,MUNGER,5.7,1.1,415.0,LE,14.3,35.3,-60.0,LD,2026-10-09 12:43:43.707294
2026-10-09,2026-10-01,2026-10-09,district,BIHAR,BIHAR,MUZAFFARPUR,0.2,3.4,-93.0,LD,13.3,29.8,-55.0,D,2026-10-09 12:43:43.707294
2026-10-09,2026-10-01,2026-10-09,district,BIHAR,BIHAR,NALANDA,1.6,3.4,-54.0,D,17.4,22.5,-23.0,D,2026-10-09 12:43:43.707294
2026-10-09,2026-10-01,2026-10-09,district,BIHAR,BIHAR,NAWADA,0.1,3.1,-98.0,LD,7.4,34.1,-78.0,LD,2026-10-09 12:43:43.707294
2026-10-09,2026-10-01,2026-10-09,district,BIHAR,BIHAR,PATNA,0.0,2.7,-100.0,NR,29.6,30.8,-4.0,N,2026-10-09 12:43:43.707294
2026-10-09,2026-10-01,2026-10-09,district,BIHAR,BIHAR,PURNEA,1.4,3.8,-64.0,LD,6.3,54.3,-88.0,LD,2026-10-09 12:43:43.707294
2026-10-09,2026-10-01,2026-10-09,district,BIHAR,BIHAR,ROHTAS,0.0,2.2,-100.0,NR,10.6,20.7,-49.0,D,2026-10-09 12:43:43.707294
2026-10-09,2026-10-01,2026-10-09,district,BIHAR,BIHAR,SAHARSA,0.0,3.4,-100.0,NR,23.1,36.4,-37.0,D,2026-10-09 12:43:43.707294
2026-10-09,2026-10-01,2026-10-09,district,BIHAR,BIHAR,SAMASTIPUR,1.5,6.7,-78.0,LD,46.8,34.3,37.0,E,2026-10-09 12:43:43.707294
2026-10-09,2026-10-01,2026-10-09,district,BIHAR,BIHAR,SARAN,0.0,2.6,-100.0,NR,19.7,33.8,-42.0,D,2026-10-09 12:43:43.707294
2026-10-09,2026-10-01,2026-10-09,district,BIHAR,BIHAR,SHEIKHPURA,1.4,4.1,-65.0,LD,4.5,26.6,-83.0,LD,2026-10-09 12:43:43.707294
2026-10-09,2026-10-01,2026-10-09,district,BIHAR,BIHAR,SHEOHAR,0.9,2.0,-56.0,D,9.5,25.7,-63.0,LD,2026-10-09 12:43:43.707294
2026-10-09,2026-10-01,2026-10-09,district,BIHAR,BIHAR,SITAMARHI,3.6,1.8,98.0,LE,7.1,30.1,-76.0,LD,2026-10-09 12:43:43.707294
2026-10-09,2026-10-01,2026-10-09,district,BIHAR,BIHAR,SIWAN,1.3,2.4,-44.0,D,15.1,27.0,-44.0,D,2026-10-09 12:43:43.707294
2026-10-09,2026-10-01,2026-10-09,district,BIHAR,BIHAR,SUPAUL,0.9,2.3,-63.0,LD,5.7,35.3,-84.0,LD,2026-10-09 12:43:43.707294
2026-10-09,2026-10-01,2026-10-09,district,BIHAR,BIHAR,VAISHALI,0.5,2.3,-80.0,LD,33.8,31.3,8.0,N,2026-10-09 12:43:43.707294
2026-10-09,2026-10-01,2026-10-09,district,BIHAR,BIHAR,WEST CHAMPARAN,4.9,2.0,147.0,LE,16.8,28.6,-41.0,D,2026-10-09 12:43:43.707294
2026-10-09,2026-10-01,2026-10-09,district,CHHATTISGARH,CHHATTISGARH,BALOD,0.0,5.2,-100.0,NR,0.4,24.7,-98.0,LD,2026-10-09 12:43:43.707294
2026-10-09,2026-10-01,2026-10-09,district,CHHATTISGARH,CHHATTISGARH,BALODA BAZAR,0.0,1.7,-100.0,NR,0.1,20.4,-99.0,LD,2026-10-09 12:43:43.707294
2026-10-09,2026-10-01,2026-10-09,district,CHHATTISGARH,CHHATTISGARH,BALRAMPUR,0.3,4.4,-93.0,LD,15.9,31.1,-49.0,D,2026-10-09 12:43:43.707294
2026-10-09,2026-10-01,2026-10-09,district,CHHATTISGARH,CHHATTISGARH,BASTAR,0.2,2.2,-93.0,LD,1.2,42.1,-97.0,LD,2026-10-09 12:43:43.707294
2026-10-09,2026-10-01,2026-10-09,district,CHHATTISGARH,CHHATTISGARH,BEMETARA,0.0,2.2,-100.0,NR,0.3,24.1,-99.0,LD,2026-10-09 12:43:43.707294
2026-10-09,2026-10-01,2026-10-09,district,CHHATTISGARH,CHHATTISGARH,BIJAPUR,1.4,3.6,-61.0,LD,1.8,45.5,-96.0,LD,2026-10-09 12:43:43.707294
2026-10-09,2026-10-01,2026-10-09,district,CHHATTISGARH,CHHATTISGARH,BILASPUR,0.0,2.3,-100.0,NR,4.8,26.5,-82.0,LD,2026-10-09 12:43:43.707294
2026-10-09,2026-10-01,2026-10-09,district,CHHATTISGARH,CHHATTISGARH,DANTEWADA,0.0,3.2,-100.0,NR,0.0,53.8,-100.0,NR,2026-10-09 12:43:43.707294
2026-10-09,2026-10-01,2026-10-09,district,CHHATTISGARH,CHHATTISGARH,DHAMTARI,0.0,2.5,-100.0,NR,0.0,29.8,-100.0,NR,2026-10-09 12:43:43.707294
2026-10-09,2026-10-01,2026-10-09,district,CHHATTISGARH,CHHATTISGARH,DURG,0.0,1.8,-100.0,NR,4.4,26.1,-83.0,LD,2026-10-09 12:43:43.707294
2026-10-09,2026-10-01,2026-10-09,district,CHHATTISGARH,CHHATTISGARH,GARIABAND,0.0,2.9,-100.0,NR,2.0,34.1,-94.0,LD,2026-10-09 12:43:43.707294
2026-10-09,2026-10-01,2026-10-09,district,CHHATTISGARH,CHHATTISGARH,GAURELA PENDRA MARWAHI,0.0,5.4,-100.0,NR,0.4,42.7,-99.0,LD,2026-10-09 12:43:43.707294
2026-10-09,2026-10-01,2026-10-09,district,CHHATTISGARH,CHHATTISGARH,JANJGIR,0.1,1.7,-97.0,LD,1.3,27.1,-95.0,LD,2026-10-09 12:43:43.707294
2026-10-09,2026-10-01,2026-10-09,district,CHHATTISGARH,CHHATTISGARH,JASHPUR,0.3,6.1,-95.0,LD,3.6,35.5,-90.0,LD,2026-10-09 12:43:43.707294
2026-10-09,2026-10-01,2026-10-09,district,CHHATTISGARH,CHHATTISGARH,KABIRDHAM,0.0,3.3,-100.0,NR,7.6,30.5,-75.0,LD,2026-10-09 12:43:43.707294
2026-10-09,2026-10-01,2026-10-09,district,CHHATTISGARH,CHHATTISGARH,KANKER,0.0,3.5,-100.0,NR,0.1,30.6,-99.0,LD,2026-10-09 12:43:43.707294
2026-10-09,2026-10-01,2026-10-09,district,CHHATTISGARH,CHHATTISGARH,KHAIRAGARH CHH GANDAI,0.0,2.0,-100.0,NR,1.2,24.8,-95.0,LD,2026-10-09 12:43:43.707294
2026-10-09,2026-10-01,2026-10-09,district,CHHATTISGARH,CHHATTISGARH,KONDAGAON,0.0,4.3,-100.0,NR,2.0,38.3,-95.0,LD,2026-10-09 12:43:43.707294
2026-10-09,2026-10-01,2026-10-09,district,CHHATTISGARH,CHHATTISGARH,KORBA,0.0,1.4,-100.0,NR,1.4,28.4,-95.0,LD,2026-10-09 12:43:43.707294
2026-10-09,2026-10-01,2026-10-09,district,CHHATTISGARH,CHHATTISGARH,KORIYA,0.0,1.1,-100.0,NR,0.0,19.8,-100.0,NR,2026-10-09 12:43:43.707294
2026-10-09,2026-10-01,2026-10-09,district,CHHATTISGARH,CHHATTISGARH,MAHASAMUND,0.0,2.8,-100.0,NR,0.0,24.9,-100.0,NR,2026-10-09 12:43:43.707294
2026-10-09,2026-10-01,2026-10-09,district,CHHATTISGARH,CHHATTISGARH,MANENDRAGARH BHARATPUR,0.0,1.1,-100.0,NR,0.0,19.9,-100.0,NR,2026-10-09 12:43:43.707294
2026-10-09,2026-10-01,2026-10-09,district,CHHATTISGARH,CHHATTISGARH,MOHALA MANPUR CHOWKI,0.0,5.2,-100.0,NR,0.0,24.7,-100.0,NR,2026-10-09 12:43:43.707294
2026-10-09,2026-10-01,2026-10-09,district,CHHATTISGARH,CHHATTISGARH,MUNGELI,0.0,2.0,-100.0,NR,13.2,21.1,-37.0,D,2026-10-09 12:43:43.707294
2026-10-09,2026-10-01,2026-10-09,district,CHHATTISGARH,CHHATTISGARH,NARAYANPUR,0.0,1.8,-100.0,NR,0.0,32.4,-100.0,NR,2026-10-09 12:43:43.707294
2026-10-09,2026-10-01,2026-10-09,district,CHHATTISGARH,CHHATTISGARH,RAIGARH,0.7,3.3,-80.0,LD,3.6,23.9,-85.0,LD,2026-10-09 12:43:43.707294
2026-10-09,2026-10-01,2026-10-09,district,CHHATTISGARH,CHHATTISGARH,RAIPUR,0.0,1.5,-100.0,NR,3.2,22.7,-86.0,LD,2026-10-09 12:43:43.707294
2026-10-09,2026-10-01,2026-10-09,district,CHHATTISGARH,CHHATTISGARH,RAJNANDGAON,0.0,1.9,-100.0,NR,0.0,30.9,-100.0,NR,2026-10-09 12:43:43.707294
2026-10-09,2026-10-01,2026-10-09,district,CHHATTISGARH,CHHATTISGARH,SAKTI,0.0,0.9,-100.0,NR,0.8,19.7,-96.0,LD,2026-10-09 12:43:43.707294
2026-10-09,2026-10-01,2026-10-09,district,CHHATTISGARH,CHHATTISGARH,SARANGARH BILAIGARH,0.0,1.6,-100.0,NR,0.0,23.2,-100.0,NR,2026-10-09 12:43:43.707294
2026-10-09,2026-10-01,2026-10-09,district,CHHATTISGARH,CHHATTISGARH,SUKMA,0.7,4.9,-85.0,LD,0.7,41.5,-98.0,LD,2026-10-09 12:43:43.707294
2026-10-09,2026-10-01,2026-10-09,district,CHHATTISGARH,CHHATTISGARH,SURAJPUR,0.0,4.3,-99.0,LD,0.0,33.8,-99.0,LD,2026-10-09 12:43:43.707294
2026-10-09,2026-10-01,2026-10-09,district,CHHATTISGARH,CHHATTISGARH,SURGUJA,0.2,3.8,-94.0,LD,2.2,36.2,-94.0,LD,2026-10-09 12:43:43.707294
2026-10-09,2026-10-01,2026-10-09,district,COASTAL A. P. & YANAM,ANDHRA PRADESH,ANAKAPALLI,6.2,7.4,-17.0,N,32.4,84.5,-62.0,LD,2026-10-09 12:43:43.707294
2026-10-09,2026-10-01,2026-10-09,district,COASTAL A. P. & YANAM,ANDHRA PRADESH,BAPATLA,0.0,6.2,-100.0,NR,8.7,59.1,-85.0,LD,2026-10-09 12:43:43.707294
2026-10-09,2026-10-01,2026-10-09,district,COASTAL A. P. & YANAM,ANDHRA PRADESH,DR B R AMBEDKAR KONASEEMA,0.0,9.8,-100.0,NR,19.0,92.3,-79.0,LD,2026-10-09 12:43:43.707294
2026-10-09,2026-10-01,2026-10-09,district,COASTAL A. P. & YANAM,ANDHRA PRADESH,EAST GODAVARI,0.0,9.0,-100.0,NR,2.5,77.5,-97.0,LD,2026-10-09 12:43:43.707294
2026-10-09,2026-10-01,2026-10-09,district,COASTAL A. P. & YANAM,ANDHRA PRADESH,ELURU,0.0,4.6,-100.0,NR,6.5,51.6,-87.0,LD,2026-10-09 12:43:43.707294
2026-10-09,2026-10-01,2026-10-09,district,COASTAL A. P. & YANAM,ANDHRA PRADESH,GUNTUR,0.0,6.2,-100.0,NR,5.4,46.7,-88.0,LD,2026-10-09 12:43:43.707294
2026-10-09,2026-10-01,2026-10-09,district,COASTAL A. P. & YANAM,ANDHRA PRADESH,KAKINADA,0.1,8.1,-99.0,LD,22.5,66.6,-66.0,LD,2026-10-09 12:43:43.707294
2026-10-09,2026-10-01,2026-10-09,district,COASTAL A. P. & YANAM,ANDHRA PRADESH,KRISHNA,0.0,7.7,-100.0,NR,1.1,60.9,-98.0,LD,2026-10-09 12:43:43.707294
2026-10-09,2026-10-01,2026-10-09,district,COASTAL A. P. & YANAM,ANDHRA PRADESH,NTR DISTRICT,0.0,4.8,-100.0,NR,7.4,53.5,-86.0,LD,2026-10-09 12:43:43.707294
2026-10-09,2026-10-01,2026-10-09,district,COASTAL A. P. & YANAM,ANDHRA PRADESH,PALNADU,0.0,5.1,-100.0,NR,2.9,46.7,-94.0,LD,2026-10-09 12:43:43.707294
2026-10-09,2026-10-01,2026-10-09,district,COASTAL A. P. & YANAM,ANDHRA PRADESH,PARVATHIPURAM MANYAM,1.2,4.9,-76.0,LD,4.9,57.7,-91.0,LD,2026-10-09 12:43:43.707294
2026-10-09,2026-10-01,2026-10-09,district,COASTAL A. P. & YANAM,ANDHRA PRADESH,PRAKASAM,0.9,6.3,-85.0,LD,7.2,50.7,-86.0,LD,2026-10-09 12:43:43.707294
2026-10-09,2026-10-01,2026-10-09,district,COASTAL A. P. & YANAM,ANDHRA PRADESH,SPSR NELLORE,1.7,6.2,-72.0,LD,6.1,49.0,-88.0,LD,2026-10-09 12:43:43.707294
2026-10-09,2026-10-01,2026-10-09,district,COASTAL A. P. & YANAM,ANDHRA PRADESH,SRI ALLURI SITHARAMARAJU DISTRICT,0.0,5.6,-100.0,NR,2.5,63.7,-96.0,LD,2026-10-09 12:43:43.707294
2026-10-09,2026-10-01,2026-10-09,district,COASTAL A. P. & YANAM,ANDHRA PRADESH,SRIKAKULAM,1.4,7.7,-82.0,LD,5.7,80.9,-93.0,LD,2026-10-09 12:43:43.707294
2026-10-09,2026-10-01,2026-10-09,district,COASTAL A. P. & YANAM,ANDHRA PRADESH,VISHAKHAPATNAM,1.1,8.4,-87.0,LD,3.3,83.3,-96.0,LD,2026-10-09 12:43:43.707294
2026-10-09,2026-10-01,2026-10-09,district,COASTAL A. P. & YANAM,ANDHRA PRADESH,VIZIANAGARAM,0.0,6.9,-100.0,NR,1.0,67.0,-98.0,LD,2026-10-09 12:43:43.707294
2026-10-09,2026-10-01,2026-10-09,district,COASTAL A. P. & YANAM,ANDHRA PRADESH,WEST GODAVARI,0.0,7.9,-100.0,NR,16.0,72.3,-78.0,LD,2026-10-09 12:43:43.707294
2026-10-09,2026-10-01,2026-10-09,district,COASTAL A. P. & YANAM,PUDUCHERRY (UT),YANAM,0.0,22.8,-100.0,NR,6.6,90.5,-93.0,LD,2026-10-09 12:43:43.707294
2026-10-09,2026-10-01,2026-10-09,district,COASTAL KARNATAKA,KARNATAKA,DAKSHINA KANNADA,3.1,9.9,-69.0,LD,96.4,98.5,-2.0,N,2026-10-09 12:43:43.707294
2026-10-09,2026-10-01,2026-10-09,district,COASTAL KARNATAKA,KARNATAKA,UDUPI,0.0,5.5,-99.0,LD,31.3,92.4,-66.0,LD,2026-10-09 12:43:43.707294
2026-10-09,2026-10-01,2026-10-09,district,COASTAL KARNATAKA,KARNATAKA,UTTARA KANNADA,0.0,5.8,-100.0,NR,7.3,66.7,-89.0,LD,2026-10-09 12:43:43.707294
2026-10-09,2026-10-01,2026-10-09,district,EAST MADHYA PRADESH,MADHYA PRADESH,ANUPPUR,0.3,1.8,-86.0,LD,6.3,25.1,-75.0,LD,2026-10-09 12:43:43.707294
2026-10-09,2026-10-01,2026-10-09,district,EAST MADHYA PRADESH,MADHYA PRADESH,BALAGHAT,0.0,1.2,-100.0,NR,0.0,25.1,-100.0,NR,2026-10-09 12:43:43.707294
2026-10-09,2026-10-01,2026-10-09,district,EAST MADHYA PRADESH,MADHYA PRADESH,CHHATARPUR,0.0,3.0,-100.0,NR,0.0,23.2,-100.0,NR,2026-10-09 12:43:43.707294
2026-10-09,2026-10-01,2026-10-09,district,EAST MADHYA PRADESH,MADHYA PRADESH,CHHINDWARA,0.0,1.4,-100.0,NR,0.9,23.8,-96.0,LD,2026-10-09 12:43:43.707294
2026-10-09,2026-10-01,2026-10-09,district,EAST MADHYA PRADESH,MADHYA PRADESH,DAMOH,0.0,0.9,-100.0,NR,0.0,18.3,-100.0,NR,2026-10-09 12:43:43.707294
2026-10-09,2026-10-01,2026-10-09,district,EAST MADHYA PRADESH,MADHYA PRADESH,DINDORI,0.0,1.0,-100.0,NR,0.3,16.3,-98.0,LD,2026-10-09 12:43:43.707294
2026-10-09,2026-10-01,2026-10-09,district,EAST MADHYA PRADESH,MADHYA PRADESH,JABALPUR,0.0,1.2,-100.0,NR,0.0,17.1,-100.0,NR,2026-10-09 12:43:43.707294
2026-10-09,2026-10-01,2026-10-09,district,EAST MADHYA PRADESH,MADHYA PRADESH,KATNI,0.0,0.9,-100.0,NR,0.2,18.9,-99.0,LD,2026-10-09 12:43:43.707294
2026-10-09,2026-10-01,2026-10-09,district,EAST MADHYA PRADESH,MADHYA PRADESH,MAIHAR,0.0,2.1,-100.0,NR,0.0,27.9,-100.0,NR,2026-10-09 12:43:43.707294
2026-10-09,2026-10-01,2026-10-09,district,EAST MADHYA PRADESH,MADHYA PRADESH,MANDLA,0.0,2.5,-100.0,NR,0.0,20.9,-100.0,NR,2026-10-09 12:43:43.707294
2026-10-09,2026-10-01,2026-10-09,district,EAST MADHYA PRADESH,MADHYA PRADESH,MAUGANJ,0.0,1.1,-100.0,NR,0.0,21.4,-100.0,NR,2026-10-09 12:43:43.707294
2026-10-09,2026-10-01,2026-10-09,district,EAST MADHYA PRADESH,MADHYA PRADESH,NARSINGHPUR,0.0,2.0,-100.0,NR,2.6,15.1,-83.0,LD,2026-10-09 12:43:43.707294
2026-10-09,2026-10-01,2026-10-09,district,EAST MADHYA PRADESH,MADHYA PRADESH,NIWARI,0.0,1.1,-100.0,NR,0.0,21.5,-100.0,NR,2026-10-09 12:43:43.707294
2026-10-09,2026-10-01,2026-10-09,district,EAST MADHYA PRADESH,MADHYA PRADESH,PANDHURNA,0.0,1.8,-100.0,NR,0.0,21.1,-100.0,NR,2026-10-09 12:43:43.707294
2026-10-09,2026-10-01,2026-10-09,district,EAST MADHYA PRADESH,MADHYA PRADESH,PANNA,0.0,0.7,-100.0,NR,0.0,21.4,-100.0,NR,2026-10-09 12:43:43.707294
2026-10-09,2026-10-01,2026-10-09,district,EAST MADHYA PRADESH,MADHYA PRADESH,REWA,0.2,2.3,-90.0,LD,0.3,26.5,-99.0,LD,2026-10-09 12:43:43.707294
2026-10-09,2026-10-01,2026-10-09,district,EAST MADHYA PRADESH,MADHYA PRADESH,SAGAR,0.0,1.9,-100.0,NR,0.2,15.5,-99.0,LD,2026-10-09 12:43:43.707294
2026-10-09,2026-10-01,2026-10-09,district,EAST MADHYA PRADESH,MADHYA PRADESH,SATNA,0.0,0.9,-100.0,NR,0.1,21.9,-99.0,LD,2026-10-09 12:43:43.707294
2026-10-09,2026-10-01,2026-10-09,district,EAST MADHYA PRADESH,MADHYA PRADESH,SEONI,0.0,2.2,-100.0,NR,2.3,24.4,-91.0,LD,2026-10-09 12:43:43.707294
2026-10-09,2026-10-01,2026-10-09,district,EAST MADHYA PRADESH,MADHYA PRADESH,SHAHDOL,0.0,0.9,-100.0,NR,0.0,20.2,-100.0,NR,2026-10-09 12:43:43.707294
2026-10-09,2026-10-01,2026-10-09,district,EAST MADHYA PRADESH,MADHYA PRADESH,SIDHI,0.0,1.0,-100.0,NR,2.0,25.3,-92.0,LD,2026-10-09 12:43:43.707294
2026-10-09,2026-10-01,2026-10-09,district,EAST MADHYA PRADESH,MADHYA PRADESH,SINGRAULI,0.9,1.4,-37.0,D,6.3,23.8,-74.0,LD,2026-10-09 12:43:43.707294
2026-10-09,2026-10-01,2026-10-09,district,EAST MADHYA PRADESH,MADHYA PRADESH,TIKAMGARH,0.0,1.5,-100.0,NR,0.0,15.2,-100.0,NR,2026-10-09 12:43:43.707294
2026-10-09,2026-10-01,2026-10-09,district,EAST MADHYA PRADESH,MADHYA PRADESH,UMARIA,0.0,2.7,-100.0,NR,0.0,30.7,-100.0,NR,2026-10-09 12:43:43.707294
2026-10-09,2026-10-01,2026-10-09,district,EAST RAJASTHAN,RAJASTHAN,AJMER,0.0,0.1,-100.0,NR,0.0,4.1,-100.0,NR,2026-10-09 12:43:43.707294
2026-10-09,2026-10-01,2026-10-09,district,EAST RAJASTHAN,RAJASTHAN,ALWAR,0.0,0.3,-100.0,NR,0.0,7.2,-100.0,NR,2026-10-09 12:43:43.707294
2026-10-09,2026-10-01,2026-10-09,district,EAST RAJASTHAN,RAJASTHAN,BANSWARA,0.0,1.8,-100.0,NR,0.0,11.8,-100.0,NR,2026-10-09 12:43:43.707294
2026-10-09,2026-10-01,2026-10-09,district,EAST RAJASTHAN,RAJASTHAN,BARAN,0.0,1.4,-100.0,NR,0.0,11.6,-100.0,NR,2026-10-09 12:43:43.707294
2026-10-09,2026-10-01,2026-10-09,district,EAST RAJASTHAN,RAJASTHAN,BHARATPUR,0.0,0.3,-100.0,NR,0.0,7.2,-100.0,NR,2026-10-09 12:43:43.707294
2026-10-09,2026-10-01,2026-10-09,district,EAST RAJASTHAN,RAJASTHAN,BHILWARA,0.0,0.6,-100.0,NR,0.0,4.7,-100.0,NR,2026-10-09 12:43:43.707294
2026-10-09,2026-10-01,2026-10-09,district,EAST RAJASTHAN,RAJASTHAN,BUNDI,0.0,0.4,-100.0,NR,0.0,4.4,-100.0,NR,2026-10-09 12:43:43.707294
2026-10-09,2026-10-01,2026-10-09,district,EAST RAJASTHAN,RAJASTHAN,CHITTORGARH,0.0,0.5,-100.0,NR,0.0,7.6,-100.0,NR,2026-10-09 12:43:43.707294
2026-10-09,2026-10-01,2026-10-09,district,EAST RAJASTHAN,RAJASTHAN,DAUSA,0.0,0.2,-100.0,NR,0.0,6.6,-100.0,NR,2026-10-09 12:43:43.707294
2026-10-09,2026-10-01,2026-10-09,district,EAST RAJASTHAN,RAJASTHAN,DHOLPUR,0.0,0.5,-100.0,NR,0.0,10.1,-100.0,NR,2026-10-09 12:43:43.707294
2026-10-09,2026-10-01,2026-10-09,district,EAST RAJASTHAN,RAJASTHAN,DUNGARPUR,0.0,1.9,-100.0,NR,0.0,10.6,-100.0,NR,2026-10-09 12:43:43.707294
2026-10-09,2026-10-01,2026-10-09,district,EAST RAJASTHAN,RAJASTHAN,JAIPUR,0.0,0.1,-100.0,NR,0.0,6.9,-100.0,NR,2026-10-09 12:43:43.707294
2026-10-09,2026-10-01,2026-10-09,district,EAST RAJASTHAN,RAJASTHAN,JHALAWAR,0.0,2.2,-100.0,NR,0.0,12.2,-100.0,NR,2026-10-09 12:43:43.707294
2026-10-09,2026-10-01,2026-10-09,district,EAST RAJASTHAN,RAJASTHAN,JHUNJHUNU,0.0,0.2,-100.0,NR,0.0,5.1,-100.0,NR,2026-10-09 12:43:43.707294
2026-10-09,2026-10-01,2026-10-09,district,EAST RAJASTHAN,RAJASTHAN,KARAULI,0.0,0.3,-100.0,NR,0.0,6.8,-100.0,NR,2026-10-09 12:43:43.707294
2026-10-09,2026-10-01,2026-10-09,district,EAST RAJASTHAN,RAJASTHAN,KOTA,0.0,2.0,-100.0,NR,0.0,10.1,-100.0,NR,2026-10-09 12:43:43.707294
2026-10-09,2026-10-01,2026-10-09,district,EAST RAJASTHAN,RAJASTHAN,PRATAPGARH,0.0,1.9,-100.0,NR,0.0,14.2,-100.0,NR,2026-10-09 12:43:43.707294
2026-10-09,2026-10-01,2026-10-09,district,EAST RAJASTHAN,RAJASTHAN,RAJSAMAND,0.0,0.5,-100.0,NR,2.3,6.7,-66.0,LD,2026-10-09 12:43:43.707294
2026-10-09,2026-10-01,2026-10-09,district,EAST RAJASTHAN,RAJASTHAN,SAWAI MADHOPUR,0.0,0.5,-100.0,NR,0.0,12.3,-100.0,NR,2026-10-09 12:43:43.707294
2026-10-09,2026-10-01,2026-10-09,district,EAST RAJASTHAN,RAJASTHAN,SIKAR,0.0,0.2,-100.0,NR,0.0,5.5,-100.0,NR,2026-10-09 12:43:43.707294
2026-10-09,2026-10-01,2026-10-09,district,EAST RAJASTHAN,RAJASTHAN,SIROHI,0.0,1.8,-100.0,NR,0.0,8.3,-100.0,NR,2026-10-09 12:43:43.707294
2026-10-09,2026-10-01,2026-10-09,district,EAST RAJASTHAN,RAJASTHAN,TONK,0.0,0.3,-100.0,NR,0.0,5.1,-100.0,NR,2026-10-09 12:43:43.707294
2026-10-09,2026-10-01,2026-10-09,district,EAST RAJASTHAN,RAJASTHAN,UDAIPUR,0.0,0.5,-100.0,NR,0.0,7.8,-100.0,NR,2026-10-09 12:43:43.707294
2026-10-09,2026-10-01,2026-10-09,district,EAST UTTAR PRADESH,UTTAR PRADESH,AMBEDKAR NAGAR,0.0,1.3,-100.0,NR,40.4,13.5,199.0,LE,2026-10-09 12:43:43.707294
2026-10-09,2026-10-01,2026-10-09,district,EAST UTTAR PRADESH,UTTAR PRADESH,AMETHI,0.0,0.6,-100.0,NR,2.5,14.3,-82.0,LD,2026-10-09 12:43:43.707294
2026-10-09,2026-10-01,2026-10-09,district,EAST UTTAR PRADESH,UTTAR PRADESH,AYODHYA,0.0,0.3,-100.0,NR,40.9,22.2,84.0,LE,2026-10-09 12:43:43.707294
2026-10-09,2026-10-01,2026-10-09,district,EAST UTTAR PRADESH,UTTAR PRADESH,AZAMGARH,0.0,1.2,-100.0,NR,23.0,21.0,10.0,N,2026-10-09 12:43:43.707294
2026-10-09,2026-10-01,2026-10-09,district,EAST UTTAR PRADESH,UTTAR PRADESH,BAHRAICH,0.0,1.3,-100.0,NR,26.0,21.1,23.0,E,2026-10-09 12:43:43.707294
2026-10-09,2026-10-01,2026-10-09,district,EAST UTTAR PRADESH,UTTAR PRADESH,BALLIA,0.0,1.5,-100.0,NR,7.0,20.8,-66.0,LD,2026-10-09 12:43:43.707294
2026-10-09,2026-10-01,2026-10-09,district,EAST UTTAR PRADESH,UTTAR PRADESH,BALRAMPUR,0.0,0.2,-100.0,NR,43.6,14.3,205.0,LE,2026-10-09 12:43:43.707294
2026-10-09,2026-10-01,2026-10-09,district,EAST UTTAR PRADESH,UTTAR PRADESH,BANDA,0.0,1.3,-100.0,NR,2.3,14.4,-84.0,LD,2026-10-09 12:43:43.707294
2026-10-09,2026-10-01,2026-10-09,district,EAST UTTAR PRADESH,UTTAR PRADESH,BARABANKI,0.0,0.5,-100.0,NR,9.4,19.4,-51.0,D,2026-10-09 12:43:43.707294
2026-10-09,2026-10-01,2026-10-09,district,EAST UTTAR PRADESH,UTTAR PRADESH,BASTI,0.0,0.8,-100.0,NR,30.3,18.0,68.0,LE,2026-10-09 12:43:43.707294
2026-10-09,2026-10-01,2026-10-09,district,EAST UTTAR PRADESH,UTTAR PRADESH,BHADOHI,0.0,0.1,-100.0,NR,4.0,20.4,-80.0,LD,2026-10-09 12:43:43.707294
2026-10-09,2026-10-01,2026-10-09,district,EAST UTTAR PRADESH,UTTAR PRADESH,CHANDAULI,0.0,0.2,-100.0,NR,1.0,11.4,-91.0,LD,2026-10-09 12:43:43.707294
2026-10-09,2026-10-01,2026-10-09,district,EAST UTTAR PRADESH,UTTAR PRADESH,CHITRAKOOT,0.0,1.0,-100.0,NR,0.3,23.1,-99.0,LD,2026-10-09 12:43:43.707294
2026-10-09,2026-10-01,2026-10-09,district,EAST UTTAR PRADESH,UTTAR PRADESH,DEORIA,0.0,1.9,-100.0,NR,7.0,21.0,-67.0,LD,2026-10-09 12:43:43.707294
2026-10-09,2026-10-01,2026-10-09,district,EAST UTTAR PRADESH,UTTAR PRADESH,FARRUKHABAD,0.0,0.4,-100.0,NR,6.5,14.8,-56.0,D,2026-10-09 12:43:43.707294
2026-10-09,2026-10-01,2026-10-09,district,EAST UTTAR PRADESH,UTTAR PRADESH,FATEHPUR,0.0,0.2,-100.0,NR,4.3,10.5,-59.0,D,2026-10-09 12:43:43.707294
2026-10-09,2026-10-01,2026-10-09,district,EAST UTTAR PRADESH,UTTAR PRADESH,GHAZIPUR,0.0,1.5,-100.0,NR,0.7,21.1,-97.0,LD,2026-10-09 12:43:43.707294
2026-10-09,2026-10-01,2026-10-09,district,EAST UTTAR PRADESH,UTTAR PRADESH,GONDA,0.0,1.0,-100.0,NR,23.5,26.3,-11.0,N,2026-10-09 12:43:43.707294
2026-10-09,2026-10-01,2026-10-09,district,EAST UTTAR PRADESH,UTTAR PRADESH,GORAKHPUR,0.0,3.2,-100.0,NR,16.1,34.6,-53.0,D,2026-10-09 12:43:43.707294
2026-10-09,2026-10-01,2026-10-09,district,EAST UTTAR PRADESH,UTTAR PRADESH,HARDOI,0.6,0.7,-14.0,N,11.4,13.4,-15.0,N,2026-10-09 12:43:43.707294
2026-10-09,2026-10-01,2026-10-09,district,EAST UTTAR PRADESH,UTTAR PRADESH,JAUNPUR,0.5,2.2,-76.0,LD,17.9,18.5,-3.0,N,2026-10-09 12:43:43.707294
2026-10-09,2026-10-01,2026-10-09,district,EAST UTTAR PRADESH,UTTAR PRADESH,KANNAUJ,0.0,0.9,-100.0,NR,2.9,18.9,-85.0,LD,2026-10-09 12:43:43.707294
2026-10-09,2026-10-01,2026-10-09,district,EAST UTTAR PRADESH,UTTAR PRADESH,KANPUR CITY,0.0,1.7,-100.0,NR,10.6,18.5,-43.0,D,2026-10-09 12:43:43.707294
2026-10-09,2026-10-01,2026-10-09,district,EAST UTTAR PRADESH,UTTAR PRADESH,KANPUR DEHAT,0.0,0.5,-100.0,NR,0.0,17.2,-100.0,NR,2026-10-09 12:43:43.707294
2026-10-09,2026-10-01,2026-10-09,district,EAST UTTAR PRADESH,UTTAR PRADESH,KAUSHAMBI,0.0,1.4,-100.0,NR,1.2,11.8,-90.0,LD,2026-10-09 12:43:43.707294
2026-10-09,2026-10-01,2026-10-09,district,EAST UTTAR PRADESH,UTTAR PRADESH,KHERI,0.0,1.3,-100.0,NR,62.9,22.5,180.0,LE,2026-10-09 12:43:43.707294
2026-10-09,2026-10-01,2026-10-09,district,EAST UTTAR PRADESH,UTTAR PRADESH,KUSHI NAGAR,0.0,0.5,-100.0,NR,7.0,15.9,-56.0,D,2026-10-09 12:43:43.707294
2026-10-09,2026-10-01,2026-10-09,district,EAST UTTAR PRADESH,UTTAR PRADESH,LUCKNOW,0.3,0.9,-63.0,LD,0.6,14.4,-96.0,LD,2026-10-09 12:43:43.707294
2026-10-09,2026-10-01,2026-10-09,district,EAST UTTAR PRADESH,UTTAR PRADESH,MAHARAJGANJ,0.0,3.0,-100.0,NR,13.9,26.8,-48.0,D,2026-10-09 12:43:43.707294
2026-10-09,2026-10-01,2026-10-09,district,EAST UTTAR PRADESH,UTTAR PRADESH,MAU,0.0,1.4,-100.0,NR,2.5,22.1,-89.0,LD,2026-10-09 12:43:43.707294
2026-10-09,2026-10-01,2026-10-09,district,EAST UTTAR PRADESH,UTTAR PRADESH,MIRZAPUR,0.0,0.7,-100.0,NR,0.0,18.4,-100.0,NR,2026-10-09 12:43:43.707294
2026-10-09,2026-10-01,2026-10-09,district,EAST UTTAR PRADESH,UTTAR PRADESH,PRATAPGARH,0.0,2.0,-100.0,NR,24.0,19.4,24.0,E,2026-10-09 12:43:43.707294
2026-10-09,2026-10-01,2026-10-09,district,EAST UTTAR PRADESH,UTTAR PRADESH,PRAYAGRAJ,0.0,1.1,-100.0,NR,1.3,19.5,-93.0,LD,2026-10-09 12:43:43.707294
2026-10-09,2026-10-01,2026-10-09,district,EAST UTTAR PRADESH,UTTAR PRADESH,RAE BAREILLY,0.0,0.8,-100.0,NR,0.0,13.4,-100.0,NR,2026-10-09 12:43:43.707294
2026-10-09,2026-10-01,2026-10-09,district,EAST UTTAR PRADESH,UTTAR PRADESH,SANT KABIR NAGAR,0.8,2.0,-60.0,LD,13.2,11.8,12.0,N,2026-10-09 12:43:43.707294
2026-10-09,2026-10-01,2026-10-09,district,EAST UTTAR PRADESH,UTTAR PRADESH,SHRAWASTI,0.0,0.3,-100.0,NR,60.4,20.0,202.0,LE,2026-10-09 12:43:43.707294
2026-10-09,2026-10-01,2026-10-09,district,EAST UTTAR PRADESH,UTTAR PRADESH,SIDDHARTH NAGAR,0.0,1.1,-100.0,NR,13.5,16.2,-16.0,N,2026-10-09 12:43:43.707294
2026-10-09,2026-10-01,2026-10-09,district,EAST UTTAR PRADESH,UTTAR PRADESH,SITAPUR,0.6,1.5,-63.0,LD,8.0,17.8,-55.0,D,2026-10-09 12:43:43.707294
2026-10-09,2026-10-01,2026-10-09,district,EAST UTTAR PRADESH,UTTAR PRADESH,SONBHADRA,0.0,2.1,-100.0,NR,4.9,20.5,-76.0,LD,2026-10-09 12:43:43.707294
2026-10-09,2026-10-01,2026-10-09,district,EAST UTTAR PRADESH,UTTAR PRADESH,SULTANPUR,1.0,0.9,11.0,N,11.4,23.0,-50.0,D,2026-10-09 12:43:43.707294
2026-10-09,2026-10-01,2026-10-09,district,EAST UTTAR PRADESH,UTTAR PRADESH,UNNAO,0.0,1.3,-100.0,NR,4.8,15.5,-69.0,LD,2026-10-09 12:43:43.707294
2026-10-09,2026-10-01,2026-10-09,district,EAST UTTAR PRADESH,UTTAR PRADESH,VARANASI,0.0,0.6,-100.0,NR,23.9,19.0,26.0,E,2026-10-09 12:43:43.707294
2026-10-09,2026-10-01,2026-10-09,district,GANGETIC WEST BENGAL,WEST BENGAL,BANKURA,0.0,4.4,-100.0,NR,12.0,52.3,-77.0,LD,2026-10-09 12:43:43.707294
2026-10-09,2026-10-01,2026-10-09,district,GANGETIC WEST BENGAL,WEST BENGAL,BIRBHUM,0.8,7.7,-90.0,LD,13.1,55.8,-76.0,LD,2026-10-09 12:43:43.707294
2026-10-09,2026-10-01,2026-10-09,district,GANGETIC WEST BENGAL,WEST BENGAL,EAST MIDNAPORE,0.1,8.5,-98.0,LD,0.5,87.1,-99.0,LD,2026-10-09 12:43:43.707294
2026-10-09,2026-10-01,2026-10-09,district,GANGETIC WEST BENGAL,WEST BENGAL,HOOGHLY,20.9,5.5,281.0,LE,22.9,46.9,-51.0,D,2026-10-09 12:43:43.707294
2026-10-09,2026-10-01,2026-10-09,district,GANGETIC WEST BENGAL,WEST BENGAL,HOWRAH,31.9,9.0,254.0,LE,36.7,55.6,-34.0,D,2026-10-09 12:43:43.707294
2026-10-09,2026-10-01,2026-10-09,district,GANGETIC WEST BENGAL,WEST BENGAL,JHARGRAM,3.3,4.7,-30.0,D,5.9,57.7,-90.0,LD,2026-10-09 12:43:43.707294
2026-10-09,2026-10-01,2026-10-09,district,GANGETIC WEST BENGAL,WEST BENGAL,KOLKATA,2.6,9.6,-73.0,LD,59.1,73.6,-20.0,D,2026-10-09 12:43:43.707294
2026-10-09,2026-10-01,2026-10-09,district,GANGETIC WEST BENGAL,WEST BENGAL,MURSHIDABAD,1.2,3.2,-64.0,LD,18.8,48.9,-62.0,LD,2026-10-09 12:43:43.707294
2026-10-09,2026-10-01,2026-10-09,district,GANGETIC WEST BENGAL,WEST BENGAL,NADIA,2.7,3.6,-26.0,D,7.1,49.4,-86.0,LD,2026-10-09 12:43:43.707294
2026-10-09,2026-10-01,2026-10-09,district,GANGETIC WEST BENGAL,WEST BENGAL,NORTH 24 PARGANAS,20.5,7.6,169.0,LE,83.4,61.1,36.0,E,2026-10-09 12:43:43.707294
2026-10-09,2026-10-01,2026-10-09,district,GANGETIC WEST BENGAL,WEST BENGAL,PASCHIM BARDHAMAN,2.4,4.2,-42.0,D,7.8,52.1,-85.0,LD,2026-10-09 12:43:43.707294
2026-10-09,2026-10-01,2026-10-09,district,GANGETIC WEST BENGAL,WEST BENGAL,PURBA BARDHAMAN,0.0,5.2,-100.0,NR,0.0,44.5,-100.0,NR,2026-10-09 12:43:43.707294
2026-10-09,2026-10-01,2026-10-09,district,GANGETIC WEST BENGAL,WEST BENGAL,PURULIA,0.1,5.2,-99.0,LD,9.9,44.8,-78.0,LD,2026-10-09 12:43:43.707294
2026-10-09,2026-10-01,2026-10-09,district,GANGETIC WEST BENGAL,WEST BENGAL,SOUTH 24 PARGANAS,3.0,11.2,-73.0,LD,12.2,83.8,-85.0,LD,2026-10-09 12:43:43.707294
2026-10-09,2026-10-01,2026-10-09,district,GANGETIC WEST BENGAL,WEST BENGAL,WEST MIDNAPORE,2.2,4.7,-52.0,D,4.4,57.7,-92.0,LD,2026-10-09 12:43:43.707294
2026-10-09,2026-10-01,2026-10-09,district,GUJARAT REGION,DADRA & NAGAR HAVELI AND DAMAN & DIU (UT),DADARA & NAGAR HAVELI,0.0,1.4,-100.0,NR,0.0,19.5,-100.0,NR,2026-10-09 12:43:43.707294
2026-10-09,2026-10-01,2026-10-09,district,GUJARAT REGION,DADRA & NAGAR HAVELI AND DAMAN & DIU (UT),DAMAN,0.0,1.4,-100.0,NR,0.0,19.5,-100.0,NR,2026-10-09 12:43:43.707294
2026-10-09,2026-10-01,2026-10-09,district,GUJARAT REGION,GUJARAT,AHMEDABAD,0.0,1.6,-100.0,NR,0.0,10.7,-100.0,NR,2026-10-09 12:43:43.707294
2026-10-09,2026-10-01,2026-10-09,district,GUJARAT REGION,GUJARAT,ANAND,0.0,0.2,-100.0,NR,0.0,8.9,-100.0,NR,2026-10-09 12:43:43.707294
2026-10-09,2026-10-01,2026-10-09,district,GUJARAT REGION,GUJARAT,ARAVALLI,0.0,1.1,-100.0,NR,0.0,10.6,-100.0,NR,2026-10-09 12:43:43.707294
2026-10-09,2026-10-01,2026-10-09,district,GUJARAT REGION,GUJARAT,BANASKANTHA,0.0,1.5,-100.0,NR,0.0,8.8,-100.0,NR,2026-10-09 12:43:43.707294
2026-10-09,2026-10-01,2026-10-09,district,GUJARAT REGION,GUJARAT,BHARUCH,0.0,0.8,-100.0,NR,0.0,11.0,-100.0,NR,2026-10-09 12:43:43.707294
2026-10-09,2026-10-01,2026-10-09,district,GUJARAT REGION,GUJARAT,CHHOTA UDEPUR,0.0,1.2,-100.0,NR,0.0,14.2,-100.0,NR,2026-10-09 12:43:43.707294
2026-10-09,2026-10-01,2026-10-09,district,GUJARAT REGION,GUJARAT,DAHOD,0.0,1.1,-100.0,NR,0.0,12.4,-100.0,NR,2026-10-09 12:43:43.707294
2026-10-09,2026-10-01,2026-10-09,district,GUJARAT REGION,GUJARAT,DANGS,0.0,2.1,-100.0,NR,0.0,41.1,-100.0,NR,2026-10-09 12:43:43.707294
2026-10-09,2026-10-01,2026-10-09,district,GUJARAT REGION,GUJARAT,GANDHINAGAR,0.0,1.7,-100.0,NR,0.0,10.2,-100.0,NR,2026-10-09 12:43:43.707294
2026-10-09,2026-10-01,2026-10-09,district,GUJARAT REGION,GUJARAT,KHEDA,0.0,0.8,-100.0,NR,0.0,9.4,-100.0,NR,2026-10-09 12:43:43.707294
2026-10-09,2026-10-01,2026-10-09,district,GUJARAT REGION,GUJARAT,MAHISAGAR,0.0,0.7,-100.0,NR,0.0,10.6,-100.0,NR,2026-10-09 12:43:43.707294
2026-10-09,2026-10-01,2026-10-09,district,GUJARAT REGION,GUJARAT,MEHSANA,0.0,1.9,-100.0,NR,0.0,10.5,-100.0,NR,2026-10-09 12:43:43.707294
2026-10-09,2026-10-01,2026-10-09,district,GUJARAT REGION,GUJARAT,NARMADA,0.0,0.7,-100.0,NR,0.0,14.7,-100.0,NR,2026-10-09 12:43:43.707294
2026-10-09,2026-10-01,2026-10-09,district,GUJARAT REGION,GUJARAT,NAVSARI,0.0,1.0,-100.0,NR,0.0,16.5,-100.0,NR,2026-10-09 12:43:43.707294
2026-10-09,2026-10-01,2026-10-09,district,GUJARAT REGION,GUJARAT,PANCHMAHAL,0.0,0.5,-100.0,NR,0.0,9.6,-100.0,NR,2026-10-09 12:43:43.707294
2026-10-09,2026-10-01,2026-10-09,district,GUJARAT REGION,GUJARAT,PATAN,0.0,1.3,-100.0,NR,0.0,7.4,-100.0,NR,2026-10-09 12:43:43.707294
2026-10-09,2026-10-01,2026-10-09,district,GUJARAT REGION,GUJARAT,SABARKANTHA,0.0,2.5,-100.0,NR,0.0,11.8,-100.0,NR,2026-10-09 12:43:43.707294
2026-10-09,2026-10-01,2026-10-09,district,GUJARAT REGION,GUJARAT,SURAT,0.0,1.6,-100.0,NR,0.0,18.2,-100.0,NR,2026-10-09 12:43:43.707294
2026-10-09,2026-10-01,2026-10-09,district,GUJARAT REGION,GUJARAT,TAPI,0.0,1.1,-100.0,NR,0.0,15.2,-100.0,NR,2026-10-09 12:43:43.707294
2026-10-09,2026-10-01,2026-10-09,district,GUJARAT REGION,GUJARAT,VADODARA,0.0,1.2,-100.0,NR,0.0,13.0,-100.0,NR,2026-10-09 12:43:43.707294
2026-10-09,2026-10-01,2026-10-09,district,GUJARAT REGION,GUJARAT,VALSAD,0.0,1.8,-100.0,NR,0.0,24.3,-100.0,NR,2026-10-09 12:43:43.707294
2026-10-09,2026-10-01,2026-10-09,district,HAR. CHD & DELHI,CHANDIGARH (UT),CHANDIGARH,0.0,0.0,-100.0,NR,6.3,11.0,-43.0,D,2026-10-09 12:43:43.707294
2026-10-09,2026-10-01,2026-10-09,district,HAR. CHD & DELHI,DELHI,CENTRAL DELHI,0.0,2.0,-100.0,NR,0.0,11.2,-100.0,NR,2026-10-09 12:43:43.707294
2026-10-09,2026-10-01,2026-10-09,district,HAR. CHD & DELHI,DELHI,EAST DELHI,0.0,2.0,-100.0,NR,0.0,11.2,-100.0,NR,2026-10-09 12:43:43.707294
2026-10-09,2026-10-01,2026-10-09,district,HAR. CHD & DELHI,DELHI,NEW DELHI,0.0,0.1,-100.0,NR,0.0,7.9,-100.0,NR,2026-10-09 12:43:43.707294
2026-10-09,2026-10-01,2026-10-09,district,HAR. CHD & DELHI,DELHI,NORTH EAST DELHI,0.0,2.0,-100.0,NR,0.0,11.2,-100.0,NR,2026-10-09 12:43:43.707294
2026-10-09,2026-10-01,2026-10-09,district,HAR. CHD & DELHI,DELHI,NORTH WEST DELHI,0.0,0.4,-100.0,NR,0.0,1.9,-100.0,NR,2026-10-09 12:43:43.707294
2026-10-09,2026-10-01,2026-10-09,district,HAR. CHD & DELHI,DELHI,SOUTH DELHI,0.0,2.0,-100.0,NR,0.0,11.2,-100.0,NR,2026-10-09 12:43:43.707294
2026-10-09,2026-10-01,2026-10-09,district,HAR. CHD & DELHI,DELHI,SOUTH EAST DELHI,0.0,2.0,-100.0,NR,0.0,11.2,-100.0,NR,2026-10-09 12:43:43.707294
2026-10-09,2026-10-01,2026-10-09,district,HAR. CHD & DELHI,DELHI,SOUTH WEST DELHI,0.0,0.0,-100.0,NR,0.0,9.0,-100.0,NR,2026-10-09 12:43:43.707294
2026-10-09,2026-10-01,2026-10-09,district,HAR. CHD & DELHI,DELHI,WEST DELHI,0.0,0.3,-100.0,NR,0.0,6.7,-100.0,NR,2026-10-09 12:43:43.707294
2026-10-09,2026-10-01,2026-10-09,district,HAR. CHD & DELHI,HARYANA,AMBALA,0.0,0.9,-100.0,NR,2.8,7.0,-61.0,LD,2026-10-09 12:43:43.707294
2026-10-09,2026-10-01,2026-10-09,district,HAR. CHD & DELHI,HARYANA,BHIWANI,0.0,0.2,-100.0,NR,0.0,3.2,-100.0,NR,2026-10-09 12:43:43.707294
2026-10-09,2026-10-01,2026-10-09,district,HAR. CHD & DELHI,HARYANA,CHARKHI DADRI,0.0,0.7,-100.0,NR,0.0,3.0,-100.0,NR,2026-10-09 12:43:43.707294
2026-10-09,2026-10-01,2026-10-09,district,HAR. CHD & DELHI,HARYANA,FARIDABAD,0.0,0.3,-100.0,NR,0.0,6.8,-100.0,NR,2026-10-09 12:43:43.707294
2026-10-09,2026-10-01,2026-10-09,district,HAR. CHD & DELHI,HARYANA,FATEHABAD,0.0,0.2,-100.0,NR,0.0,3.2,-100.0,NR,2026-10-09 12:43:43.707294
2026-10-09,2026-10-01,2026-10-09,district,HAR. CHD & DELHI,HARYANA,GURGAON,0.0,0.1,-100.0,NR,0.0,4.3,-100.0,NR,2026-10-09 12:43:43.707294
2026-10-09,2026-10-01,2026-10-09,district,HAR. CHD & DELHI,HARYANA,HISAR,0.0,0.0,-100.0,NR,0.0,3.7,-100.0,NR,2026-10-09 12:43:43.707294
2026-10-09,2026-10-01,2026-10-09,district,HAR. CHD & DELHI,HARYANA,JHAJJAR,0.0,0.0,-100.0,NR,0.0,1.6,-100.0,NR,2026-10-09 12:43:43.707294
2026-10-09,2026-10-01,2026-10-09,district,HAR. CHD & DELHI,HARYANA,JIND,0.0,0.1,-100.0,NR,0.0,3.8,-100.0,NR,2026-10-09 12:43:43.707294
2026-10-09,2026-10-01,2026-10-09,district,HAR. CHD & DELHI,HARYANA,KAITHAL,0.0,0.2,-100.0,NR,0.0,3.0,-100.0,NR,2026-10-09 12:43:43.707294
2026-10-09,2026-10-01,2026-10-09,district,HAR. CHD & DELHI,HARYANA,KARNAL,0.0,0.4,-100.0,NR,0.0,4.5,-100.0,NR,2026-10-09 12:43:43.707294
2026-10-09,2026-10-01,2026-10-09,district,HAR. CHD & DELHI,HARYANA,KURUKSHETRA,0.0,0.5,-100.0,NR,0.0,4.6,-100.0,NR,2026-10-09 12:43:43.707294
2026-10-09,2026-10-01,2026-10-09,district,HAR. CHD & DELHI,HARYANA,MAHENDRAGARH,0.0,0.2,-100.0,NR,0.0,3.5,-100.0,NR,2026-10-09 12:43:43.707294
2026-10-09,2026-10-01,2026-10-09,district,HAR. CHD & DELHI,HARYANA,NUH,0.0,0.3,-100.0,NR,0.0,5.2,-100.0,NR,2026-10-09 12:43:43.707294
2026-10-09,2026-10-01,2026-10-09,district,HAR. CHD & DELHI,HARYANA,PALWAL,0.0,0.0,-100.0,NR,0.0,3.2,-100.0,NR,2026-10-09 12:43:43.707294
2026-10-09,2026-10-01,2026-10-09,district,HAR. CHD & DELHI,HARYANA,PANCHKULA,0.0,0.5,-100.0,NR,9.4,3.3,184.0,LE,2026-10-09 12:43:43.707294
2026-10-09,2026-10-01,2026-10-09,district,HAR. CHD & DELHI,HARYANA,PANIPAT,0.0,0.4,-100.0,NR,0.0,3.0,-100.0,NR,2026-10-09 12:43:43.707294
2026-10-09,2026-10-01,2026-10-09,district,HAR. CHD & DELHI,HARYANA,REWARI,0.0,0.1,-100.0,NR,0.0,4.6,-100.0,NR,2026-10-09 12:43:43.707294
2026-10-09,2026-10-01,2026-10-09,district,HAR. CHD & DELHI,HARYANA,ROHTAK,0.0,0.0,-100.0,NR,0.0,4.0,-100.0,NR,2026-10-09 12:43:43.707294
2026-10-09,2026-10-01,2026-10-09,district,HAR. CHD & DELHI,HARYANA,SIRSA,0.0,0.0,-100.0,NR,0.0,2.4,-100.0,NR,2026-10-09 12:43:43.707294
2026-10-09,2026-10-01,2026-10-09,district,HAR. CHD & DELHI,HARYANA,SONEPAT,0.0,0.4,-100.0,NR,0.0,4.2,-100.0,NR,2026-10-09 12:43:43.707294
2026-10-09,2026-10-01,2026-10-09,district,HAR. CHD & DELHI,HARYANA,YAMUNA NAGAR,0.3,1.2,-79.0,LD,2.9,5.7,-49.0,D,2026-10-09 12:43:43.707294
2026-10-09,2026-10-01,2026-10-09,district,HIMACHAL PRADESH,HIMACHAL PRADESH,BILASPUR,0.1,0.1,33.0,E,5.9,4.0,48.0,E,2026-10-09 12:43:43.707294
2026-10-09,2026-10-01,2026-10-09,district,HIMACHAL PRADESH,HIMACHAL PRADESH,CHAMBA,3.5,1.7,106.0,LE,11.7,9.4,24.0,E,2026-10-09 12:43:43.707294
2026-10-09,2026-10-01,2026-10-09,district,HIMACHAL PRADESH,HIMACHAL PRADESH,HAMIRPUR,0.0,0.3,-100.0,NR,2.5,6.5,-61.0,LD,2026-10-09 12:43:43.707294
2026-10-09,2026-10-01,2026-10-09,district,HIMACHAL PRADESH,HIMACHAL PRADESH,KANGRA,5.1,1.0,412.0,LE,24.5,13.6,80.0,LE,2026-10-09 12:43:43.707294
2026-10-09,2026-10-01,2026-10-09,district,HIMACHAL PRADESH,HIMACHAL PRADESH,KINNAUR,3.8,0.7,449.0,LE,4.5,4.8,-5.0,N,2026-10-09 12:43:43.707294
2026-10-09,2026-10-01,2026-10-09,district,HIMACHAL PRADESH,HIMACHAL PRADESH,KULLU,7.7,0.8,863.0,LE,14.8,6.7,121.0,LE,2026-10-09 12:43:43.707294
2026-10-09,2026-10-01,2026-10-09,district,HIMACHAL PRADESH,HIMACHAL PRADESH,LAHAUL & SPITI,2.1,3.4,-39.0,D,2.1,9.4,-78.0,LD,2026-10-09 12:43:43.707294
2026-10-09,2026-10-01,2026-10-09,district,HIMACHAL PRADESH,HIMACHAL PRADESH,MANDI,3.8,1.3,189.0,LE,8.6,7.1,22.0,E,2026-10-09 12:43:43.707294
2026-10-09,2026-10-01,2026-10-09,district,HIMACHAL PRADESH,HIMACHAL PRADESH,SHIMLA,3.0,1.3,128.0,LE,13.2,7.7,72.0,LE,2026-10-09 12:43:43.707294
2026-10-09,2026-10-01,2026-10-09,district,HIMACHAL PRADESH,HIMACHAL PRADESH,SIRMAUR,1.0,1.0,0.0,N,5.9,9.8,-40.0,D,2026-10-09 12:43:43.707294
2026-10-09,2026-10-01,2026-10-09,district,HIMACHAL PRADESH,HIMACHAL PRADESH,SOLAN,0.0,0.8,-100.0,NR,8.6,6.0,43.0,E,2026-10-09 12:43:43.707294
2026-10-09,2026-10-01,2026-10-09,district,HIMACHAL PRADESH,HIMACHAL PRADESH,UNA,0.0,1.5,-100.0,NR,2.8,9.3,-70.0,LD,2026-10-09 12:43:43.707294
2026-10-09,2026-10-01,2026-10-09,district,J & K AND LADAKH,JAMMU & KASHMIR(UT),ANANTNAG,2.3,0.9,157.0,LE,2.7,6.9,-62.0,LD,2026-10-09 12:43:43.707294
2026-10-09,2026-10-01,2026-10-09,district,J & K AND LADAKH,JAMMU & KASHMIR(UT),BADGAM,0.0,0.3,-100.0,NR,0.0,4.7,-100.0,NR,2026-10-09 12:43:43.707294
2026-10-09,2026-10-01,2026-10-09,district,J & K AND LADAKH,JAMMU & KASHMIR(UT),BANDIPORA,3.4,1.4,141.0,LE,3.4,4.2,-20.0,D,2026-10-09 12:43:43.707294
2026-10-09,2026-10-01,2026-10-09,district,J & K AND LADAKH,JAMMU & KASHMIR(UT),BARAMULA,1.0,1.2,-19.0,N,1.3,9.2,-86.0,LD,2026-10-09 12:43:43.707294
2026-10-09,2026-10-01,2026-10-09,district,J & K AND LADAKH,JAMMU & KASHMIR(UT),DODA,0.4,2.3,-85.0,LD,3.6,7.5,-52.0,D,2026-10-09 12:43:43.707294
2026-10-09,2026-10-01,2026-10-09,district,J & K AND LADAKH,JAMMU & KASHMIR(UT),GANDERBAL,3.5,2.0,75.0,LE,3.5,9.3,-62.0,LD,2026-10-09 12:43:43.707294
2026-10-09,2026-10-01,2026-10-09,district,J & K AND LADAKH,JAMMU & KASHMIR(UT),JAMMU,9.5,7.2,32.0,E,21.7,13.4,62.0,LE,2026-10-09 12:43:43.707294
2026-10-09,2026-10-01,2026-10-09,district,J & K AND LADAKH,JAMMU & KASHMIR(UT),KATHUA,3.3,0.8,317.0,LE,6.2,6.2,0.0,N,2026-10-09 12:43:43.707294
2026-10-09,2026-10-01,2026-10-09,district,J & K AND LADAKH,JAMMU & KASHMIR(UT),KISTWAR,1.8,2.3,-24.0,D,3.0,7.5,-60.0,LD,2026-10-09 12:43:43.707294
2026-10-09,2026-10-01,2026-10-09,district,J & K AND LADAKH,JAMMU & KASHMIR(UT),KULGAM,0.2,1.5,-87.0,LD,0.2,8.2,-98.0,LD,2026-10-09 12:43:43.707294
2026-10-09,2026-10-01,2026-10-09,district,J & K AND LADAKH,JAMMU & KASHMIR(UT),KUPWARA,5.8,0.5,1052.0,LE,5.8,7.9,-27.0,D,2026-10-09 12:43:43.707294
2026-10-09,2026-10-01,2026-10-09,district,J & K AND LADAKH,JAMMU & KASHMIR(UT),POONCH,2.0,0.2,900.0,LE,5.0,4.6,8.0,N,2026-10-09 12:43:43.707294
2026-10-09,2026-10-01,2026-10-09,district,J & K AND LADAKH,JAMMU & KASHMIR(UT),PULWAMA,1.3,0.6,117.0,LE,1.8,5.0,-64.0,LD,2026-10-09 12:43:43.707294
2026-10-09,2026-10-01,2026-10-09,district,J & K AND LADAKH,JAMMU & KASHMIR(UT),RAJOURI,1.1,0.2,425.0,LE,11.8,2.1,449.0,LE,2026-10-09 12:43:43.707294
2026-10-09,2026-10-01,2026-10-09,district,J & K AND LADAKH,JAMMU & KASHMIR(UT),RAMBAN,7.3,1.8,304.0,LE,7.3,7.4,-2.0,N,2026-10-09 12:43:43.707294
2026-10-09,2026-10-01,2026-10-09,district,J & K AND LADAKH,JAMMU & KASHMIR(UT),REASI,24.7,2.3,972.0,LE,31.6,13.3,137.0,LE,2026-10-09 12:43:43.707294
2026-10-09,2026-10-01,2026-10-09,district,J & K AND LADAKH,JAMMU & KASHMIR(UT),SAMBA,4.5,0.1,4400.0,LE,29.5,1.3,2085.0,LE,2026-10-09 12:43:43.707294
2026-10-09,2026-10-01,2026-10-09,district,J & K AND LADAKH,JAMMU & KASHMIR(UT),SHOPIAN,0.2,0.0,1567.0,LE,0.2,4.0,-96.0,LD,2026-10-09 12:43:43.707294
2026-10-09,2026-10-01,2026-10-09,district,J & K AND LADAKH,JAMMU & KASHMIR(UT),SRINAGAR,2.0,0.7,180.0,LE,2.0,5.0,-61.0,LD,2026-10-09 12:43:43.707294
2026-10-09,2026-10-01,2026-10-09,district,J & K AND LADAKH,JAMMU & KASHMIR(UT),UDHAMPUR,8.0,5.9,35.0,E,9.0,16.6,-46.0,D,2026-10-09 12:43:43.707294
2026-10-09,2026-10-01,2026-10-09,district,J & K AND LADAKH,LADAKH (UT),LADAKH (LEH),0.8,0.2,283.0,LE,0.8,0.5,39.0,E,2026-10-09 12:43:43.707294
2026-10-09,2026-10-01,2026-10-09,district,JHARKHAND,JHARKHAND,BOKARO,0.0,4.9,-100.0,NR,41.2,34.9,18.0,N,2026-10-09 12:43:43.707294
2026-10-09,2026-10-01,2026-10-09,district,JHARKHAND,JHARKHAND,CHATRA,0.0,4.3,-100.0,NR,54.4,33.0,65.0,LE,2026-10-09 12:43:43.707294
2026-10-09,2026-10-01,2026-10-09,district,JHARKHAND,JHARKHAND,DEOGHAR,3.7,4.9,-26.0,D,27.3,43.1,-37.0,D,2026-10-09 12:43:43.707294
2026-10-09,2026-10-01,2026-10-09,district,JHARKHAND,JHARKHAND,DHANBAD,1.0,5.3,-81.0,LD,38.0,46.2,-18.0,N,2026-10-09 12:43:43.707294
2026-10-09,2026-10-01,2026-10-09,district,JHARKHAND,JHARKHAND,DUMKA,0.2,7.1,-97.0,LD,21.8,64.7,-66.0,LD,2026-10-09 12:43:43.707294
2026-10-09,2026-10-01,2026-10-09,district,JHARKHAND,JHARKHAND,EAST SINGHBHUM,0.0,2.8,-100.0,NR,7.9,33.6,-76.0,LD,2026-10-09 12:43:43.707294
2026-10-09,2026-10-01,2026-10-09,district,JHARKHAND,JHARKHAND,GARHWA,0.0,2.6,-100.0,NR,13.5,23.9,-44.0,D,2026-10-09 12:43:43.707294
2026-10-09,2026-10-01,2026-10-09,district,JHARKHAND,JHARKHAND,GIRIDIH,0.0,7.5,-99.0,LD,27.0,46.6,-42.0,D,2026-10-09 12:43:43.707294
2026-10-09,2026-10-01,2026-10-09,district,JHARKHAND,JHARKHAND,GODDA,0.0,5.0,-100.0,NR,10.8,50.7,-79.0,LD,2026-10-09 12:43:43.707294
2026-10-09,2026-10-01,2026-10-09,district,JHARKHAND,JHARKHAND,GUMLA,0.0,5.3,-100.0,NR,5.3,36.7,-86.0,LD,2026-10-09 12:43:43.707294
2026-10-09,2026-10-01,2026-10-09,district,JHARKHAND,JHARKHAND,HAZARIBAG,0.0,6.2,-100.0,NR,37.3,43.6,-14.0,N,2026-10-09 12:43:43.707294
2026-10-09,2026-10-01,2026-10-09,district,JHARKHAND,JHARKHAND,JAMTARA,0.0,6.2,-100.0,NR,11.8,55.8,-79.0,LD,2026-10-09 12:43:43.707294
2026-10-09,2026-10-01,2026-10-09,district,JHARKHAND,JHARKHAND,KHUNTI,0.0,5.3,-100.0,NR,2.4,40.7,-94.0,LD,2026-10-09 12:43:43.707294
2026-10-09,2026-10-01,2026-10-09,district,JHARKHAND,JHARKHAND,KODERMA,0.0,5.5,-100.0,NR,36.6,38.3,-4.0,N,2026-10-09 12:43:43.707294
2026-10-09,2026-10-01,2026-10-09,district,JHARKHAND,JHARKHAND,LATEHAR,0.0,5.1,-100.0,NR,23.9,32.1,-26.0,D,2026-10-09 12:43:43.707294
2026-10-09,2026-10-01,2026-10-09,district,JHARKHAND,JHARKHAND,LOHARDAGA,0.0,3.9,-100.0,NR,36.2,35.3,2.0,N,2026-10-09 12:43:43.707294
2026-10-09,2026-10-01,2026-10-09,district,JHARKHAND,JHARKHAND,PAKUR,0.0,5.9,-100.0,NR,0.3,69.3,-99.0,LD,2026-10-09 12:43:43.707294
2026-10-09,2026-10-01,2026-10-09,district,JHARKHAND,JHARKHAND,PALAMU,0.2,3.6,-95.0,LD,17.6,23.1,-24.0,D,2026-10-09 12:43:43.707294
2026-10-09,2026-10-01,2026-10-09,district,JHARKHAND,JHARKHAND,RAMGARH,0.0,7.3,-100.0,NR,15.1,38.0,-60.0,LD,2026-10-09 12:43:43.707294
2026-10-09,2026-10-01,2026-10-09,district,JHARKHAND,JHARKHAND,RANCHI,0.0,3.5,-100.0,NR,9.9,31.2,-68.0,LD,2026-10-09 12:43:43.707294
2026-10-09,2026-10-01,2026-10-09,district,JHARKHAND,JHARKHAND,SAHIBGANJ,0.0,6.6,-100.0,NR,0.0,61.0,-100.0,NR,2026-10-09 12:43:43.707294
2026-10-09,2026-10-01,2026-10-09,district,JHARKHAND,JHARKHAND,SERAIKELA-KHARSAWAN,0.8,3.0,-73.0,LD,40.6,25.2,61.0,LE,2026-10-09 12:43:43.707294
2026-10-09,2026-10-01,2026-10-09,district,JHARKHAND,JHARKHAND,SIMDEGA,5.0,4.0,25.0,E,18.1,35.8,-49.0,D,2026-10-09 12:43:43.707294
2026-10-09,2026-10-01,2026-10-09,district,JHARKHAND,JHARKHAND,WEST SINGHBHUM,5.9,3.9,51.0,E,15.0,32.3,-54.0,D,2026-10-09 12:43:43.707294
2026-10-09,2026-10-01,2026-10-09,district,KERALA & MAHE,KERALA,ALAPUZHA,13.9,15.3,-9.0,N,70.8,100.6,-30.0,D,2026-10-09 12:43:43.707294
2026-10-09,2026-10-01,2026-10-09,district,KERALA & MAHE,KERALA,ERNAKULAM,2.4,12.8,-81.0,LD,56.4,105.3,-46.0,D,2026-10-09 12:43:43.707294
2026-10-09,2026-10-01,2026-10-09,district,KERALA & MAHE,KERALA,IDUKKI,3.7,14.1,-74.0,LD,81.0,116.8,-31.0,D,2026-10-09 12:43:43.707294
2026-10-09,2026-10-01,2026-10-09,district,KERALA & MAHE,KERALA,KANNUR,0.0,12.8,-100.0,NR,26.1,82.0,-68.0,LD,2026-10-09 12:43:43.707294
2026-10-09,2026-10-01,2026-10-09,district,KERALA & MAHE,KERALA,KASARGOD,2.3,9.2,-75.0,LD,42.0,78.8,-47.0,D,2026-10-09 12:43:43.707294
2026-10-09,2026-10-01,2026-10-09,district,KERALA & MAHE,KERALA,KOLLAM,2.0,13.6,-85.0,LD,62.1,100.9,-38.0,D,2026-10-09 12:43:43.707294
2026-10-09,2026-10-01,2026-10-09,district,KERALA & MAHE,KERALA,KOTTAYAM,19.8,13.6,45.0,E,94.4,93.3,1.0,N,2026-10-09 12:43:43.707294
2026-10-09,2026-10-01,2026-10-09,district,KERALA & MAHE,KERALA,KOZHIKODE,5.3,12.6,-58.0,D,51.1,95.1,-46.0,D,2026-10-09 12:43:43.707294
2026-10-09,2026-10-01,2026-10-09,district,KERALA & MAHE,KERALA,MALAPPURAM,0.0,8.9,-99.0,LD,33.9,86.0,-61.0,LD,2026-10-09 12:43:43.707294
2026-10-09,2026-10-01,2026-10-09,district,KERALA & MAHE,KERALA,PALAKKAD,0.3,7.2,-95.0,LD,55.4,60.8,-9.0,N,2026-10-09 12:43:43.707294
2026-10-09,2026-10-01,2026-10-09,district,KERALA & MAHE,KERALA,PATHANAMTHITTA,15.8,9.9,59.0,E,163.3,94.6,73.0,LE,2026-10-09 12:43:43.707294
2026-10-09,2026-10-01,2026-10-09,district,KERALA & MAHE,KERALA,THIRUVANANTHAPURAM,12.0,14.8,-19.0,N,56.3,78.2,-28.0,D,2026-10-09 12:43:43.707294
2026-10-09,2026-10-01,2026-10-09,district,KERALA & MAHE,KERALA,THRISSUR,5.9,12.8,-54.0,D,68.4,104.7,-35.0,D,2026-10-09 12:43:43.707294
2026-10-09,2026-10-01,2026-10-09,district,KERALA & MAHE,KERALA,WYNAD,3.1,6.8,-55.0,D,49.1,65.5,-25.0,D,2026-10-09 12:43:43.707294
2026-10-09,2026-10-01,2026-10-09,district,KONKAN & GOA,GOA,NORTH GOA,0.0,8.5,-100.0,NR,1.9,76.1,-98.0,LD,2026-10-09 12:43:43.707294
2026-10-09,2026-10-01,2026-10-09,district,KONKAN & GOA,GOA,SOUTH GOA,0.0,7.2,-100.0,NR,1.3,73.0,-98.0,LD,2026-10-09 12:43:43.707294
2026-10-09,2026-10-01,2026-10-09,district,KONKAN & GOA,MAHARASHTRA,MUMBAI CITY,0.0,2.2,-100.0,NR,0.0,45.5,-100.0,NR,2026-10-09 12:43:43.707294
2026-10-09,2026-10-01,2026-10-09,district,KONKAN & GOA,MAHARASHTRA,MUMBAI SUBURBAN,0.0,2.2,-100.0,NR,4.4,50.9,-91.0,LD,2026-10-09 12:43:43.707294
2026-10-09,2026-10-01,2026-10-09,district,KONKAN & GOA,MAHARASHTRA,PALGHAR,0.0,3.2,-100.0,NR,2.3,34.2,-93.0,LD,2026-10-09 12:43:43.707294
2026-10-09,2026-10-01,2026-10-09,district,KONKAN & GOA,MAHARASHTRA,RAIGAD,0.0,5.2,-100.0,NR,3.9,62.5,-94.0,LD,2026-10-09 12:43:43.707294
2026-10-09,2026-10-01,2026-10-09,district,KONKAN & GOA,MAHARASHTRA,RATNAGIRI,0.0,4.9,-100.0,NR,0.4,68.9,-99.0,LD,2026-10-09 12:43:43.707294
2026-10-09,2026-10-01,2026-10-09,district,KONKAN & GOA,MAHARASHTRA,SINDHUDURG,0.0,6.3,-100.0,NR,3.5,76.6,-95.0,LD,2026-10-09 12:43:43.707294
2026-10-09,2026-10-01,2026-10-09,district,KONKAN & GOA,MAHARASHTRA,THANE,0.0,6.5,-100.0,NR,11.0,43.3,-75.0,LD,2026-10-09 12:43:43.707294
2026-10-09,2026-10-01,2026-10-09,district,LAKSHADWEEP,LAKSHADWEEP,LAKSHADWEEP,0.0,4.2,-100.0,NR,28.7,43.1,-33.0,D,2026-10-09 12:43:43.707294
2026-10-09,2026-10-01,2026-10-09,district,MADHYA MAHARASHTRA,MAHARASHTRA,AHMEDNAGAR,0.0,1.9,-100.0,NR,0.5,33.0,-98.0,LD,2026-10-09 12:43:43.707294
2026-10-09,2026-10-01,2026-10-09,district,MADHYA MAHARASHTRA,MAHARASHTRA,DHULE,0.0,1.9,-100.0,NR,0.0,19.5,-100.0,NR,2026-10-09 12:43:43.707294
2026-10-09,2026-10-01,2026-10-09,district,MADHYA MAHARASHTRA,MAHARASHTRA,JALGAON,0.0,1.7,-100.0,NR,0.0,20.7,-100.0,NR,2026-10-09 12:43:43.707294
2026-10-09,2026-10-01,2026-10-09,district,MADHYA MAHARASHTRA,MAHARASHTRA,KOLHAPUR,0.0,4.8,-100.0,NR,8.7,54.2,-84.0,LD,2026-10-09 12:43:43.707294
2026-10-09,2026-10-01,2026-10-09,district,MADHYA MAHARASHTRA,MAHARASHTRA,NANDURBAR,0.0,1.5,-100.0,NR,0.0,16.4,-100.0,NR,2026-10-09 12:43:43.707294
2026-10-09,2026-10-01,2026-10-09,district,MADHYA MAHARASHTRA,MAHARASHTRA,NASHIK,0.0,3.2,-100.0,NR,1.4,31.5,-96.0,LD,2026-10-09 12:43:43.707294
2026-10-09,2026-10-01,2026-10-09,district,MADHYA MAHARASHTRA,MAHARASHTRA,PUNE,0.0,2.8,-100.0,NR,1.5,39.4,-96.0,LD,2026-10-09 12:43:43.707294
2026-10-09,2026-10-01,2026-10-09,district,MADHYA MAHARASHTRA,MAHARASHTRA,SANGLI,0.0,3.5,-100.0,NR,3.9,48.9,-92.0,LD,2026-10-09 12:43:43.707294
2026-10-09,2026-10-01,2026-10-09,district,MADHYA MAHARASHTRA,MAHARASHTRA,SATARA,0.0,3.4,-100.0,NR,1.4,45.5,-97.0,LD,2026-10-09 12:43:43.707294
2026-10-09,2026-10-01,2026-10-09,district,MADHYA MAHARASHTRA,MAHARASHTRA,SHOLAPUR,0.0,4.2,-100.0,NR,0.0,43.9,-100.0,NR,2026-10-09 12:43:43.707294
2026-10-09,2026-10-01,2026-10-09,district,MARATHWADA,MAHARASHTRA,BEED,0.0,2.1,-100.0,NR,0.0,32.5,-100.0,NR,2026-10-09 12:43:43.707294
2026-10-09,2026-10-01,2026-10-09,district,MARATHWADA,MAHARASHTRA,CHHATRAPATI SAMBHAJINAGAR,0.0,1.8,-100.0,NR,0.0,23.9,-100.0,NR,2026-10-09 12:43:43.707294
2026-10-09,2026-10-01,2026-10-09,district,MARATHWADA,MAHARASHTRA,DHARASHIV,0.0,3.0,-100.0,NR,0.0,38.4,-100.0,NR,2026-10-09 12:43:43.707294
2026-10-09,2026-10-01,2026-10-09,district,MARATHWADA,MAHARASHTRA,HINGOLI,0.0,3.2,-100.0,NR,0.0,30.4,-100.0,NR,2026-10-09 12:43:43.707294
2026-10-09,2026-10-01,2026-10-09,district,MARATHWADA,MAHARASHTRA,JALNA,0.0,2.4,-100.0,NR,0.0,27.3,-100.0,NR,2026-10-09 12:43:43.707294
2026-10-09,2026-10-01,2026-10-09,district,MARATHWADA,MAHARASHTRA,LATUR,0.0,3.4,-100.0,NR,0.0,42.8,-100.0,NR,2026-10-09 12:43:43.707294
2026-10-09,2026-10-01,2026-10-09,district,MARATHWADA,MAHARASHTRA,NANDED,0.0,3.2,-100.0,NR,0.0,36.0,-100.0,NR,2026-10-09 12:43:43.707294
2026-10-09,2026-10-01,2026-10-09,district,MARATHWADA,MAHARASHTRA,PARBHANI,0.0,2.2,-100.0,NR,0.0,35.4,-100.0,NR,2026-10-09 12:43:43.707294
2026-10-09,2026-10-01,2026-10-09,district,N. I. KARNATAKA,KARNATAKA,BAGALKOTE,0.0,3.6,-100.0,NR,0.0,48.1,-100.0,NR,2026-10-09 12:43:43.707294
2026-10-09,2026-10-01,2026-10-09,district,N. I. KARNATAKA,KARNATAKA,BELAGAVI,0.0,3.9,-100.0,NR,4.2,46.2,-91.0,LD,2026-10-09 12:43:43.707294
2026-10-09,2026-10-01,2026-10-09,district,N. I. KARNATAKA,KARNATAKA,BIDAR,0.0,4.0,-100.0,NR,0.0,43.2,-100.0,NR,2026-10-09 12:43:43.707294
2026-10-09,2026-10-01,2026-10-09,district,N. I. KARNATAKA,KARNATAKA,DHARWAD,0.0,4.0,-100.0,NR,20.0,45.1,-56.0,D,2026-10-09 12:43:43.707294
2026-10-09,2026-10-01,2026-10-09,district,N. I. KARNATAKA,KARNATAKA,GADAG,0.0,7.1,-100.0,NR,7.8,48.7,-84.0,LD,2026-10-09 12:43:43.707294
2026-10-09,2026-10-01,2026-10-09,district,N. I. KARNATAKA,KARNATAKA,HAVERI,0.0,5.0,-100.0,NR,17.0,45.7,-63.0,LD,2026-10-09 12:43:43.707294
2026-10-09,2026-10-01,2026-10-09,district,N. I. KARNATAKA,KARNATAKA,KALABURAGI,0.0,4.2,-100.0,NR,0.0,45.9,-100.0,NR,2026-10-09 12:43:43.707294
2026-10-09,2026-10-01,2026-10-09,district,N. I. KARNATAKA,KARNATAKA,KOPPAL,0.0,5.2,-100.0,NR,5.9,47.7,-88.0,LD,2026-10-09 12:43:43.707294
2026-10-09,2026-10-01,2026-10-09,district,N. I. KARNATAKA,KARNATAKA,RAICHUR,0.0,3.9,-100.0,NR,0.0,48.5,-100.0,NR,2026-10-09 12:43:43.707294
2026-10-09,2026-10-01,2026-10-09,district,N. I. KARNATAKA,KARNATAKA,VIJAYAPURA,0.0,3.5,-100.0,NR,0.3,49.2,-99.0,LD,2026-10-09 12:43:43.707294
2026-10-09,2026-10-01,2026-10-09,district,N. I. KARNATAKA,KARNATAKA,YADGIR,0.0,3.1,-100.0,NR,0.0,42.4,-100.0,NR,2026-10-09 12:43:43.707294
2026-10-09,2026-10-01,2026-10-09,district,NMMT,MANIPUR,BISHNUPUR,4.0,5.5,-27.0,D,15.2,48.7,-69.0,LD,2026-10-09 12:43:43.707294
2026-10-09,2026-10-01,2026-10-09,district,NMMT,MANIPUR,CHANDEL,1.6,5.5,-72.0,LD,30.7,48.7,-37.0,D,2026-10-09 12:43:43.707294
2026-10-09,2026-10-01,2026-10-09,district,NMMT,MANIPUR,CHURACHANDPUR,0.0,5.5,-100.0,NR,12.5,48.7,-74.0,LD,2026-10-09 12:43:43.707294
2026-10-09,2026-10-01,2026-10-09,district,NMMT,MANIPUR,IMPHAL EAST,7.0,6.3,12.0,N,50.3,45.4,11.0,N,2026-10-09 12:43:43.707294
2026-10-09,2026-10-01,2026-10-09,district,NMMT,MANIPUR,IMPHAL WEST,5.3,7.6,-30.0,D,55.7,75.8,-26.0,D,2026-10-09 12:43:43.707294
2026-10-09,2026-10-01,2026-10-09,district,NMMT,MANIPUR,SENAPATI,2.2,3.2,-31.0,D,57.6,51.9,11.0,N,2026-10-09 12:43:43.707294
2026-10-09,2026-10-01,2026-10-09,district,NMMT,MANIPUR,TAMENGLONG,2.1,11.8,-82.0,LD,71.4,120.1,-41.0,D,2026-10-09 12:43:43.707294
2026-10-09,2026-10-01,2026-10-09,district,NMMT,MANIPUR,THOUBAL,0.2,6.3,-97.0,LD,35.6,45.4,-22.0,D,2026-10-09 12:43:43.707294
2026-10-09,2026-10-01,2026-10-09,district,NMMT,MANIPUR,UKHRUL,0.0,6.1,-100.0,NR,49.3,30.7,61.0,LE,2026-10-09 12:43:43.707294
2026-10-09,2026-10-01,2026-10-09,district,NMMT,MIZORAM,AIZAWL,0.0,8.5,-100.0,NR,59.7,84.1,-29.0,D,2026-10-09 12:43:43.707294
2026-10-09,2026-10-01,2026-10-09,district,NMMT,MIZORAM,CHAMPHAI,0.9,6.9,-87.0,LD,60.2,72.7,-17.0,N,2026-10-09 12:43:43.707294
2026-10-09,2026-10-01,2026-10-09,district,NMMT,MIZORAM,KOLASIB,7.0,8.3,-16.0,N,87.1,102.3,-15.0,N,2026-10-09 12:43:43.707294
2026-10-09,2026-10-01,2026-10-09,district,NMMT,MIZORAM,LAWNGTLAI,14.7,12.5,17.0,N,202.0,94.6,114.0,LE,2026-10-09 12:43:43.707294
2026-10-09,2026-10-01,2026-10-09,district,NMMT,MIZORAM,LUNGLEI,1.4,9.6,-85.0,LD,73.0,95.2,-23.0,D,2026-10-09 12:43:43.707294
2026-10-09,2026-10-01,2026-10-09,district,NMMT,MIZORAM,MAMIT,19.3,9.1,112.0,LE,70.9,103.5,-32.0,D,2026-10-09 12:43:43.707294
2026-10-09,2026-10-01,2026-10-09,district,NMMT,MIZORAM,SAIHA,0.0,10.4,-100.0,NR,155.4,108.6,43.0,E,2026-10-09 12:43:43.707294
2026-10-09,2026-10-01,2026-10-09,district,NMMT,MIZORAM,SERCHHIP,0.0,5.8,-100.0,NR,43.9,71.9,-39.0,D,2026-10-09 12:43:43.707294
2026-10-09,2026-10-01,2026-10-09,district,NMMT,NAGALAND,DIMAPUR,1.7,7.7,-78.0,LD,17.8,50.1,-64.0,LD,2026-10-09 12:43:43.707294
2026-10-09,2026-10-01,2026-10-09,district,NMMT,NAGALAND,KIPHIRE,1.8,3.9,-55.0,D,52.2,31.4,66.0,LE,2026-10-09 12:43:43.707294
2026-10-09,2026-10-01,2026-10-09,district,NMMT,NAGALAND,KOHIMA,16.5,3.8,335.0,LE,58.3,54.5,7.0,N,2026-10-09 12:43:43.707294
2026-10-09,2026-10-01,2026-10-09,district,NMMT,NAGALAND,LONGLENG,1.4,7.0,-80.0,LD,1.4,43.3,-97.0,LD,2026-10-09 12:43:43.707294
2026-10-09,2026-10-01,2026-10-09,district,NMMT,NAGALAND,MOKOKCHUNG,29.7,9.4,216.0,LE,101.0,55.1,83.0,LE,2026-10-09 12:43:43.707294
2026-10-09,2026-10-01,2026-10-09,district,NMMT,NAGALAND,MON,0.3,6.1,-95.0,LD,65.1,44.6,46.0,E,2026-10-09 12:43:43.707294
2026-10-09,2026-10-01,2026-10-09,district,NMMT,NAGALAND,PEREN,3.6,6.3,-43.0,D,55.6,48.1,16.0,N,2026-10-09 12:43:43.707294
2026-10-09,2026-10-01,2026-10-09,district,NMMT,NAGALAND,PHEK,7.2,7.3,-1.0,N,41.6,46.1,-10.0,N,2026-10-09 12:43:43.707294
2026-10-09,2026-10-01,2026-10-09,district,NMMT,NAGALAND,TUENSANG,3.6,7.0,-49.0,D,4.2,43.3,-90.0,LD,2026-10-09 12:43:43.707294
2026-10-09,2026-10-01,2026-10-09,district,NMMT,NAGALAND,WOKHA,7.5,6.2,20.0,E,37.4,54.1,-31.0,D,2026-10-09 12:43:43.707294
2026-10-09,2026-10-01,2026-10-09,district,NMMT,NAGALAND,ZUNHEBOTO,0.0,6.0,-100.0,NR,82.8,35.9,131.0,LE,2026-10-09 12:43:43.707294
2026-10-09,2026-10-01,2026-10-09,district,NMMT,TRIPURA,DHALAI,0.3,14.8,-98.0,LD,17.4,73.9,-76.0,LD,2026-10-09 12:43:43.707294
2026-10-09,2026-10-01,2026-10-09,district,NMMT,TRIPURA,GOMATI,0.0,10.9,-100.0,NR,12.5,73.4,-83.0,LD,2026-10-09 12:43:43.707294
2026-10-09,2026-10-01,2026-10-09,district,NMMT,TRIPURA,KHOWAI,1.2,14.4,-91.0,LD,16.7,78.4,-79.0,LD,2026-10-09 12:43:43.707294
2026-10-09,2026-10-01,2026-10-09,district,NMMT,TRIPURA,NORTH TRIPURA,13.8,12.2,13.0,N,51.0,71.5,-29.0,D,2026-10-09 12:43:43.707294
2026-10-09,2026-10-01,2026-10-09,district,NMMT,TRIPURA,SIPAHIJALA,9.1,12.9,-29.0,D,28.2,82.4,-66.0,LD,2026-10-09 12:43:43.707294
2026-10-09,2026-10-01,2026-10-09,district,NMMT,TRIPURA,SOUTH TRIPURA,0.0,21.7,-100.0,NR,25.1,80.2,-69.0,LD,2026-10-09 12:43:43.707294
2026-10-09,2026-10-01,2026-10-09,district,NMMT,TRIPURA,UNAKOTI,1.5,13.8,-89.0,LD,84.1,74.7,13.0,N,2026-10-09 12:43:43.707294
2026-10-09,2026-10-01,2026-10-09,district,NMMT,TRIPURA,WEST TRIPURA,17.6,14.0,26.0,E,34.2,79.0,-57.0,D,2026-10-09 12:43:43.707294
2026-10-09,2026-10-01,2026-10-09,district,ODISHA,ODISHA,ANGUL,0.0,3.1,-100.0,NR,0.7,39.6,-98.0,LD,2026-10-09 12:43:43.707294
2026-10-09,2026-10-01,2026-10-09,district,ODISHA,ODISHA,BALANGIR,0.0,3.4,-100.0,NR,8.2,27.5,-70.0,LD,2026-10-09 12:43:43.707294
2026-10-09,2026-10-01,2026-10-09,district,ODISHA,ODISHA,BALASORE,10.2,6.1,67.0,LE,16.0,82.8,-81.0,LD,2026-10-09 12:43:43.707294
2026-10-09,2026-10-01,2026-10-09,district,ODISHA,ODISHA,BARGARH,0.0,2.5,-100.0,NR,0.0,26.1,-100.0,NR,2026-10-09 12:43:43.707294
2026-10-09,2026-10-01,2026-10-09,district,ODISHA,ODISHA,BHADRAK,1.1,7.7,-86.0,LD,4.8,73.8,-93.0,LD,2026-10-09 12:43:43.707294
2026-10-09,2026-10-01,2026-10-09,district,ODISHA,ODISHA,BOUDH,0.0,3.0,-100.0,NR,6.4,27.6,-77.0,LD,2026-10-09 12:43:43.707294
2026-10-09,2026-10-01,2026-10-09,district,ODISHA,ODISHA,CUTTACK,0.0,5.3,-100.0,NR,0.0,62.5,-100.0,NR,2026-10-09 12:43:43.707294
2026-10-09,2026-10-01,2026-10-09,district,ODISHA,ODISHA,DEOGARH,1.3,5.2,-74.0,LD,2.4,31.9,-92.0,LD,2026-10-09 12:43:43.707294
2026-10-09,2026-10-01,2026-10-09,district,ODISHA,ODISHA,DHENKANAL,0.0,4.8,-100.0,NR,8.2,49.7,-84.0,LD,2026-10-09 12:43:43.707294
2026-10-09,2026-10-01,2026-10-09,district,ODISHA,ODISHA,GAJAPATI,3.9,5.9,-35.0,D,9.5,64.9,-85.0,LD,2026-10-09 12:43:43.707294
2026-10-09,2026-10-01,2026-10-09,district,ODISHA,ODISHA,GANJAM,2.9,6.7,-57.0,D,9.3,73.9,-87.0,LD,2026-10-09 12:43:43.707294
2026-10-09,2026-10-01,2026-10-09,district,ODISHA,ODISHA,JAGATSINGHPUR,0.2,7.5,-97.0,LD,1.8,75.3,-98.0,LD,2026-10-09 12:43:43.707294
2026-10-09,2026-10-01,2026-10-09,district,ODISHA,ODISHA,JAJPUR,0.0,7.9,-100.0,NR,4.3,65.2,-93.0,LD,2026-10-09 12:43:43.707294
2026-10-09,2026-10-01,2026-10-09,district,ODISHA,ODISHA,JHARSUGUDA,0.0,4.8,-100.0,NR,2.4,30.9,-92.0,LD,2026-10-09 12:43:43.707294
2026-10-09,2026-10-01,2026-10-09,district,ODISHA,ODISHA,KALAHANDI,0.0,2.1,-100.0,NR,3.2,37.6,-92.0,LD,2026-10-09 12:43:43.707294
2026-10-09,2026-10-01,2026-10-09,district,ODISHA,ODISHA,KANDHAMAL,0.0,4.9,-100.0,NR,6.9,55.2,-88.0,LD,2026-10-09 12:43:43.707294
2026-10-09,2026-10-01,2026-10-09,district,ODISHA,ODISHA,KENDRAPARA,0.0,9.8,-100.0,NR,0.0,84.2,-100.0,NR,2026-10-09 12:43:43.707294
2026-10-09,2026-10-01,2026-10-09,district,ODISHA,ODISHA,KEONJHARGARH,3.3,4.7,-31.0,D,4.3,46.5,-91.0,LD,2026-10-09 12:43:43.707294
2026-10-09,2026-10-01,2026-10-09,district,ODISHA,ODISHA,KHURDA,3.7,5.1,-28.0,D,3.7,66.8,-95.0,LD,2026-10-09 12:43:43.707294
2026-10-09,2026-10-01,2026-10-09,district,ODISHA,ODISHA,KORAPUT,0.0,3.8,-100.0,NR,10.4,55.6,-81.0,LD,2026-10-09 12:43:43.707294
2026-10-09,2026-10-01,2026-10-09,district,ODISHA,ODISHA,MALKANGIRI,0.0,1.7,-100.0,NR,0.0,50.2,-100.0,NR,2026-10-09 12:43:43.707294
2026-10-09,2026-10-01,2026-10-09,district,ODISHA,ODISHA,MAYURBHANJ,9.6,4.1,135.0,LE,16.4,50.2,-67.0,LD,2026-10-09 12:43:43.707294
2026-10-09,2026-10-01,2026-10-09,district,ODISHA,ODISHA,NAWAPARA,0.0,2.5,-100.0,NR,1.0,32.7,-97.0,LD,2026-10-09 12:43:43.707294
2026-10-09,2026-10-01,2026-10-09,district,ODISHA,ODISHA,NAWARANGPUR,0.0,2.3,-100.0,NR,1.7,44.8,-96.0,LD,2026-10-09 12:43:43.707294
2026-10-09,2026-10-01,2026-10-09,district,ODISHA,ODISHA,NAYAGARH,0.5,4.5,-89.0,LD,9.0,62.5,-86.0,LD,2026-10-09 12:43:43.707294
2026-10-09,2026-10-01,2026-10-09,district,ODISHA,ODISHA,PURI,0.8,4.4,-81.0,LD,2.0,71.3,-97.0,LD,2026-10-09 12:43:43.707294
2026-10-09,2026-10-01,2026-10-09,district,ODISHA,ODISHA,RAYAGADA,0.1,4.4,-97.0,LD,0.3,48.4,-99.0,LD,2026-10-09 12:43:43.707294
2026-10-09,2026-10-01,2026-10-09,district,ODISHA,ODISHA,SAMBALPUR,0.1,3.2,-97.0,LD,2.0,28.1,-93.0,LD,2026-10-09 12:43:43.707294
2026-10-09,2026-10-01,2026-10-09,district,ODISHA,ODISHA,SONEPUR,0.0,1.9,-100.0,NR,3.8,22.7,-83.0,LD,2026-10-09 12:43:43.707294
2026-10-09,2026-10-01,2026-10-09,district,ODISHA,ODISHA,SUNDARGARH,0.3,3.6,-92.0,LD,7.1,29.1,-76.0,LD,2026-10-09 12:43:43.707294
2026-10-09,2026-10-01,2026-10-09,district,PUNJAB,PUNJAB,AMRITSAR,2.4,1.9,29.0,E,2.9,4.7,-39.0,D,2026-10-09 12:43:43.707294
2026-10-09,2026-10-01,2026-10-09,district,PUNJAB,PUNJAB,BARNALA,0.0,0.2,-100.0,NR,0.0,2.4,-100.0,NR,2026-10-09 12:43:43.707294
2026-10-09,2026-10-01,2026-10-09,district,PUNJAB,PUNJAB,BHATINDA,0.0,0.6,-100.0,NR,0.0,4.6,-100.0,NR,2026-10-09 12:43:43.707294
2026-10-09,2026-10-01,2026-10-09,district,PUNJAB,PUNJAB,FARIDKOT,0.0,0.9,-100.0,NR,0.0,2.1,-100.0,NR,2026-10-09 12:43:43.707294
2026-10-09,2026-10-01,2026-10-09,district,PUNJAB,PUNJAB,FATEHGARH SAHIB,0.0,0.4,-100.0,NR,0.0,2.2,-100.0,NR,2026-10-09 12:43:43.707294
2026-10-09,2026-10-01,2026-10-09,district,PUNJAB,PUNJAB,FAZILKA,0.0,1.4,-100.0,NR,0.0,2.3,-100.0,NR,2026-10-09 12:43:43.707294
2026-10-09,2026-10-01,2026-10-09,district,PUNJAB,PUNJAB,FEROZEPUR,0.0,0.3,-100.0,NR,0.0,2.2,-100.0,NR,2026-10-09 12:43:43.707294
2026-10-09,2026-10-01,2026-10-09,district,PUNJAB,PUNJAB,GURDASPUR,1.1,3.6,-70.0,LD,1.6,7.2,-78.0,LD,2026-10-09 12:43:43.707294
2026-10-09,2026-10-01,2026-10-09,district,PUNJAB,PUNJAB,HOSHIARPUR,0.0,1.4,-100.0,NR,12.4,4.9,152.0,LE,2026-10-09 12:43:43.707294
2026-10-09,2026-10-01,2026-10-09,district,PUNJAB,PUNJAB,JALANDHAR,0.0,1.2,-100.0,NR,0.0,2.9,-99.0,LD,2026-10-09 12:43:43.707294
2026-10-09,2026-10-01,2026-10-09,district,PUNJAB,PUNJAB,KAPURTHALA,0.0,0.7,-100.0,NR,0.0,3.2,-100.0,NR,2026-10-09 12:43:43.707294
2026-10-09,2026-10-01,2026-10-09,district,PUNJAB,PUNJAB,LUDHIANA,0.0,0.3,-100.0,NR,0.0,2.5,-100.0,NR,2026-10-09 12:43:43.707294
2026-10-09,2026-10-01,2026-10-09,district,PUNJAB,PUNJAB,MANSA,0.0,0.3,-100.0,NR,0.0,2.7,-100.0,NR,2026-10-09 12:43:43.707294
2026-10-09,2026-10-01,2026-10-09,district,PUNJAB,PUNJAB,MOGA,0.0,0.3,-100.0,NR,0.0,2.3,-100.0,NR,2026-10-09 12:43:43.707294
2026-10-09,2026-10-01,2026-10-09,district,PUNJAB,PUNJAB,MUKTSAR,0.0,0.4,-100.0,NR,0.0,2.1,-100.0,NR,2026-10-09 12:43:43.707294
2026-10-09,2026-10-01,2026-10-09,district,PUNJAB,PUNJAB,PATHANKOT,0.0,2.5,-100.0,NR,9.5,6.6,44.0,E,2026-10-09 12:43:43.707294
2026-10-09,2026-10-01,2026-10-09,district,PUNJAB,PUNJAB,PATIALA,0.0,1.3,-100.0,NR,0.0,4.7,-100.0,NR,2026-10-09 12:43:43.707294
2026-10-09,2026-10-01,2026-10-09,district,PUNJAB,PUNJAB,RUPNAGAR,0.0,0.4,-100.0,NR,4.0,6.1,-35.0,D,2026-10-09 12:43:43.707294
2026-10-09,2026-10-01,2026-10-09,district,PUNJAB,PUNJAB,SANGRUR,0.0,0.7,-100.0,NR,0.0,4.1,-100.0,NR,2026-10-09 12:43:43.707294
2026-10-09,2026-10-01,2026-10-09,district,PUNJAB,PUNJAB,SAS NAGAR (MOHALI),0.0,0.7,-100.0,NR,0.0,3.5,-100.0,NR,2026-10-09 12:43:43.707294
2026-10-09,2026-10-01,2026-10-09,district,PUNJAB,PUNJAB,SBS NAGAR,0.0,0.8,-100.0,NR,0.0,4.2,-99.0,LD,2026-10-09 12:43:43.707294
2026-10-09,2026-10-01,2026-10-09,district,PUNJAB,PUNJAB,TARN TARAN,0.7,1.8,-60.0,LD,0.7,2.5,-72.0,LD,2026-10-09 12:43:43.707294
2026-10-09,2026-10-01,2026-10-09,district,RAYALASEEMA,ANDHRA PRADESH,ANANTAPURAMU,0.0,4.2,-100.0,NR,4.4,42.2,-90.0,LD,2026-10-09 12:43:43.707294
2026-10-09,2026-10-01,2026-10-09,district,RAYALASEEMA,ANDHRA PRADESH,ANNAMAYYA DISTRICT,0.0,5.5,-100.0,NR,43.2,46.1,-6.0,N,2026-10-09 12:43:43.707294
2026-10-09,2026-10-01,2026-10-09,district,RAYALASEEMA,ANDHRA PRADESH,CHITTOOR,0.0,6.2,-100.0,NR,34.0,56.3,-40.0,D,2026-10-09 12:43:43.707294
2026-10-09,2026-10-01,2026-10-09,district,RAYALASEEMA,ANDHRA PRADESH,KURNOOL,0.0,2.9,-100.0,NR,0.0,47.1,-100.0,NR,2026-10-09 12:43:43.707294
2026-10-09,2026-10-01,2026-10-09,district,RAYALASEEMA,ANDHRA PRADESH,NANDYAL,0.0,4.2,-100.0,NR,0.7,47.9,-99.0,LD,2026-10-09 12:43:43.707294
2026-10-09,2026-10-01,2026-10-09,district,RAYALASEEMA,ANDHRA PRADESH,SRI SATHYASAI DISTRICT,0.5,4.7,-89.0,LD,20.6,48.9,-58.0,D,2026-10-09 12:43:43.707294
2026-10-09,2026-10-01,2026-10-09,district,RAYALASEEMA,ANDHRA PRADESH,TIRUPATI,0.0,6.3,-100.0,NR,7.4,46.8,-84.0,LD,2026-10-09 12:43:43.707294
2026-10-09,2026-10-01,2026-10-09,district,RAYALASEEMA,ANDHRA PRADESH,YSR DISTRICT,0.0,5.3,-100.0,NR,3.8,45.9,-92.0,LD,2026-10-09 12:43:43.707294
2026-10-09,2026-10-01,2026-10-09,district,S. I. KARNATAKA,KARNATAKA,BALLARI,0.0,4.2,-100.0,NR,3.7,46.3,-92.0,LD,2026-10-09 12:43:43.707294
2026-10-09,2026-10-01,2026-10-09,district,S. I. KARNATAKA,KARNATAKA,BENGALURU RURAL,0.0,7.2,-100.0,NR,43.1,57.7,-25.0,D,2026-10-09 12:43:43.707294
2026-10-09,2026-10-01,2026-10-09,district,S. I. KARNATAKA,KARNATAKA,BENGALURU URBAN,0.0,7.7,-100.0,NR,43.2,56.3,-23.0,D,2026-10-09 12:43:43.707294
2026-10-09,2026-10-01,2026-10-09,district,S. I. KARNATAKA,KARNATAKA,CHAMARAJANAGAR,0.0,5.9,-100.0,NR,43.1,55.8,-23.0,D,2026-10-09 12:43:43.707294
2026-10-09,2026-10-01,2026-10-09,district,S. I. KARNATAKA,KARNATAKA,CHIKABALLAPURA,0.0,5.7,-100.0,NR,29.0,54.7,-47.0,D,2026-10-09 12:43:43.707294
2026-10-09,2026-10-01,2026-10-09,district,S. I. KARNATAKA,KARNATAKA,CHIKKAMAGALURU,1.7,4.7,-65.0,LD,42.8,56.3,-24.0,D,2026-10-09 12:43:43.707294
2026-10-09,2026-10-01,2026-10-09,district,S. I. KARNATAKA,KARNATAKA,CHITRADURGA,0.0,4.5,-100.0,NR,11.5,44.5,-74.0,LD,2026-10-09 12:43:43.707294
2026-10-09,2026-10-01,2026-10-09,district,S. I. KARNATAKA,KARNATAKA,DAVANGERE,0.0,5.8,-100.0,NR,7.4,47.4,-84.0,LD,2026-10-09 12:43:43.707294
2026-10-09,2026-10-01,2026-10-09,district,S. I. KARNATAKA,KARNATAKA,HASSAN,7.2,4.6,56.0,E,41.0,47.5,-14.0,N,2026-10-09 12:43:43.707294
2026-10-09,2026-10-01,2026-10-09,district,S. I. KARNATAKA,KARNATAKA,KODAGU,0.0,7.0,-100.0,NR,35.6,66.7,-47.0,D,2026-10-09 12:43:43.707294
2026-10-09,2026-10-01,2026-10-09,district,S. I. KARNATAKA,KARNATAKA,KOLAR,0.0,6.6,-100.0,NR,11.9,54.0,-78.0,LD,2026-10-09 12:43:43.707294
2026-10-09,2026-10-01,2026-10-09,district,S. I. KARNATAKA,KARNATAKA,MANDYA,0.0,6.5,-100.0,NR,10.9,50.7,-78.0,LD,2026-10-09 12:43:43.707294
2026-10-09,2026-10-01,2026-10-09,district,S. I. KARNATAKA,KARNATAKA,MYSURU,0.0,4.5,-100.0,NR,20.2,39.6,-49.0,D,2026-10-09 12:43:43.707294
2026-10-09,2026-10-01,2026-10-09,district,S. I. KARNATAKA,KARNATAKA,RAMANAGARA,0.0,6.7,-100.0,NR,10.0,59.0,-83.0,LD,2026-10-09 12:43:43.707294
2026-10-09,2026-10-01,2026-10-09,district,S. I. KARNATAKA,KARNATAKA,SHIVAMOGGA,0.6,4.4,-87.0,LD,9.2,53.1,-83.0,LD,2026-10-09 12:43:43.707294
2026-10-09,2026-10-01,2026-10-09,district,S. I. KARNATAKA,KARNATAKA,TUMAKURU,0.3,5.8,-95.0,LD,13.6,54.3,-75.0,LD,2026-10-09 12:43:43.707294
2026-10-09,2026-10-01,2026-10-09,district,S. I. KARNATAKA,KARNATAKA,VIJAYANAGARA,0.0,6.2,-100.0,NR,13.0,45.7,-71.0,LD,2026-10-09 12:43:43.707294
2026-10-09,2026-10-01,2026-10-09,district,SAURASHTRA & KUTCH,DADRA & NAGAR HAVELI AND DAMAN & DIU (UT),DIU,0.0,0.1,-100.0,NR,0.0,7.6,-100.0,NR,2026-10-09 12:43:43.707294
2026-10-09,2026-10-01,2026-10-09,district,SAURASHTRA & KUTCH,GUJARAT,AMRELI,0.0,0.8,-100.0,NR,0.2,13.4,-99.0,LD,2026-10-09 12:43:43.707294
2026-10-09,2026-10-01,2026-10-09,district,SAURASHTRA & KUTCH,GUJARAT,BHAVNAGAR,0.0,0.5,-100.0,NR,0.0,11.4,-100.0,NR,2026-10-09 12:43:43.707294
2026-10-09,2026-10-01,2026-10-09,district,SAURASHTRA & KUTCH,GUJARAT,BOTAD,0.0,0.4,-100.0,NR,0.0,14.8,-100.0,NR,2026-10-09 12:43:43.707294
2026-10-09,2026-10-01,2026-10-09,district,SAURASHTRA & KUTCH,GUJARAT,DEVBHOOMI DWARKA,0.0,0.1,-100.0,NR,0.0,6.5,-100.0,NR,2026-10-09 12:43:43.707294
2026-10-09,2026-10-01,2026-10-09,district,SAURASHTRA & KUTCH,GUJARAT,GIR SOMNATH,0.0,0.3,-100.0,NR,5.8,10.1,-42.0,D,2026-10-09 12:43:43.707294
2026-10-09,2026-10-01,2026-10-09,district,SAURASHTRA & KUTCH,GUJARAT,JAMNAGAR,0.0,0.0,-100.0,NR,3.2,9.0,-65.0,LD,2026-10-09 12:43:43.707294
2026-10-09,2026-10-01,2026-10-09,district,SAURASHTRA & KUTCH,GUJARAT,JUNAGADH,0.0,0.5,-100.0,NR,3.4,13.8,-75.0,LD,2026-10-09 12:43:43.707294
2026-10-09,2026-10-01,2026-10-09,district,SAURASHTRA & KUTCH,GUJARAT,KUTCH,0.0,0.1,-100.0,NR,0.0,4.6,-100.0,NR,2026-10-09 12:43:43.707294
2026-10-09,2026-10-01,2026-10-09,district,SAURASHTRA & KUTCH,GUJARAT,MORBI,0.0,0.4,-100.0,NR,0.0,6.8,-100.0,NR,2026-10-09 12:43:43.707294
2026-10-09,2026-10-01,2026-10-09,district,SAURASHTRA & KUTCH,GUJARAT,PORBANDAR,0.0,0.8,-100.0,NR,0.0,10.0,-100.0,NR,2026-10-09 12:43:43.707294
2026-10-09,2026-10-01,2026-10-09,district,SAURASHTRA & KUTCH,GUJARAT,RAJKOT,0.0,1.2,-100.0,NR,0.0,11.6,-100.0,NR,2026-10-09 12:43:43.707294
2026-10-09,2026-10-01,2026-10-09,district,SAURASHTRA & KUTCH,GUJARAT,SURENDRANAGAR,0.0,0.4,-100.0,NR,0.0,9.0,-100.0,NR,2026-10-09 12:43:43.707294
2026-10-09,2026-10-01,2026-10-09,district,SHWB & SIKKIM,SIKKIM,GANGTOK,0.6,10.5,-95.0,LD,31.2,74.0,-58.0,D,2026-10-09 12:43:43.707294
2026-10-09,2026-10-01,2026-10-09,district,SHWB & SIKKIM,SIKKIM,GYALSHING,0.1,7.2,-98.0,LD,66.3,64.3,3.0,N,2026-10-09 12:43:43.707294
2026-10-09,2026-10-01,2026-10-09,district,SHWB & SIKKIM,SIKKIM,MANGAN,1.6,5.1,-69.0,LD,12.9,67.5,-81.0,LD,2026-10-09 12:43:43.707294
2026-10-09,2026-10-01,2026-10-09,district,SHWB & SIKKIM,SIKKIM,NAMCHI,2.7,5.7,-53.0,D,42.2,37.9,11.0,N,2026-10-09 12:43:43.707294
2026-10-09,2026-10-01,2026-10-09,district,SHWB & SIKKIM,SIKKIM,Pakyong,0.0,5.9,-100.0,NR,11.0,39.0,-72.0,LD,2026-10-09 12:43:43.707294
2026-10-09,2026-10-01,2026-10-09,district,SHWB & SIKKIM,SIKKIM,Soreng,0.0,7.2,-100.0,NR,17.5,64.3,-73.0,LD,2026-10-09 12:43:43.707294
2026-10-09,2026-10-01,2026-10-09,district,SHWB & SIKKIM,WEST BENGAL,ALIPURDUAR,1.0,5.4,-81.0,LD,47.9,82.1,-42.0,D,2026-10-09 12:43:43.707294
2026-10-09,2026-10-01,2026-10-09,district,SHWB & SIKKIM,WEST BENGAL,COOCH BEHAR,5.3,5.4,-1.0,N,34.1,96.1,-65.0,LD,2026-10-09 12:43:43.707294
2026-10-09,2026-10-01,2026-10-09,district,SHWB & SIKKIM,WEST BENGAL,DARJEELING,5.0,6.5,-23.0,D,68.0,82.6,-18.0,N,2026-10-09 12:43:43.707294
2026-10-09,2026-10-01,2026-10-09,district,SHWB & SIKKIM,WEST BENGAL,JALPAIGURI,7.9,5.4,47.0,E,117.7,91.8,28.0,E,2026-10-09 12:43:43.707294
2026-10-09,2026-10-01,2026-10-09,district,SHWB & SIKKIM,WEST BENGAL,KALIMPONG,0.0,8.0,-100.0,NR,30.7,73.3,-58.0,D,2026-10-09 12:43:43.707294
2026-10-09,2026-10-01,2026-10-09,district,SHWB & SIKKIM,WEST BENGAL,MALDA,0.0,4.9,-100.0,NR,0.2,72.9,-99.0,LD,2026-10-09 12:43:43.707294
2026-10-09,2026-10-01,2026-10-09,district,SHWB & SIKKIM,WEST BENGAL,NORTH DINAJPUR,6.5,4.1,59.0,E,6.5,78.4,-92.0,LD,2026-10-09 12:43:43.707294
2026-10-09,2026-10-01,2026-10-09,district,SHWB & SIKKIM,WEST BENGAL,SOUTH DINAJPUR,21.8,4.3,407.0,LE,24.3,68.6,-65.0,LD,2026-10-09 12:43:43.707294
2026-10-09,2026-10-01,2026-10-09,district,TAMIL. PUDU.& KARAIKAL,PUDUCHERRY (UT),KARAIKAL,0.3,5.5,-95.0,LD,26.5,36.9,-28.0,D,2026-10-09 12:43:43.707294
2026-10-09,2026-10-01,2026-10-09,district,TAMIL. PUDU.& KARAIKAL,PUDUCHERRY (UT),PUDUCHERRY,0.0,4.8,-100.0,NR,0.0,61.0,-100.0,NR,2026-10-09 12:43:43.707294
2026-10-09,2026-10-01,2026-10-09,district,TAMIL. PUDU.& KARAIKAL,TAMILNADU,ARIYALUR,0.2,4.7,-96.0,LD,8.1,41.5,-80.0,LD,2026-10-09 12:43:43.707294
2026-10-09,2026-10-01,2026-10-09,district,TAMIL. PUDU.& KARAIKAL,TAMILNADU,CHENGALPATTU,0.2,4.2,-96.0,LD,1.3,43.2,-97.0,LD,2026-10-09 12:43:43.707294
2026-10-09,2026-10-01,2026-10-09,district,TAMIL. PUDU.& KARAIKAL,TAMILNADU,CHENNAI,0.0,5.7,-100.0,NR,0.4,52.1,-99.0,LD,2026-10-09 12:43:43.707294
2026-10-09,2026-10-01,2026-10-09,district,TAMIL. PUDU.& KARAIKAL,TAMILNADU,COIMBATORE,7.5,3.8,99.0,LE,71.4,35.1,104.0,LE,2026-10-09 12:43:43.707294
2026-10-09,2026-10-01,2026-10-09,district,TAMIL. PUDU.& KARAIKAL,TAMILNADU,CUDDALORE,1.6,5.9,-73.0,LD,13.3,42.6,-69.0,LD,2026-10-09 12:43:43.707294
2026-10-09,2026-10-01,2026-10-09,district,TAMIL. PUDU.& KARAIKAL,TAMILNADU,DHARMAPURI,0.0,9.9,-100.0,NR,30.2,58.4,-48.0,D,2026-10-09 12:43:43.707294
2026-10-09,2026-10-01,2026-10-09,district,TAMIL. PUDU.& KARAIKAL,TAMILNADU,DINDIGUL,2.8,5.3,-46.0,D,28.6,42.3,-32.0,D,2026-10-09 12:43:43.707294
2026-10-09,2026-10-01,2026-10-09,district,TAMIL. PUDU.& KARAIKAL,TAMILNADU,ERODE,0.0,4.2,-100.0,NR,11.2,37.5,-70.0,LD,2026-10-09 12:43:43.707294
2026-10-09,2026-10-01,2026-10-09,district,TAMIL. PUDU.& KARAIKAL,TAMILNADU,KALLAKURICHI,0.4,5.7,-93.0,LD,27.3,45.2,-40.0,D,2026-10-09 12:43:43.707294
2026-10-09,2026-10-01,2026-10-09,district,TAMIL. PUDU.& KARAIKAL,TAMILNADU,KANCHEEPURAM,4.6,4.5,2.0,N,7.2,49.2,-85.0,LD,2026-10-09 12:43:43.707294
2026-10-09,2026-10-01,2026-10-09,district,TAMIL. PUDU.& KARAIKAL,TAMILNADU,KANYAKUMARI,3.7,8.1,-54.0,D,45.0,58.6,-23.0,D,2026-10-09 12:43:43.707294
2026-10-09,2026-10-01,2026-10-09,district,TAMIL. PUDU.& KARAIKAL,TAMILNADU,KARUR,3.3,4.7,-31.0,D,24.7,30.1,-18.0,N,2026-10-09 12:43:43.707294
2026-10-09,2026-10-01,2026-10-09,district,TAMIL. PUDU.& KARAIKAL,TAMILNADU,KRISHNAGIRI,0.0,8.3,-100.0,NR,39.5,58.0,-32.0,D,2026-10-09 12:43:43.707294
2026-10-09,2026-10-01,2026-10-09,district,TAMIL. PUDU.& KARAIKAL,TAMILNADU,MADURAI,2.5,5.5,-55.0,D,14.5,41.5,-65.0,LD,2026-10-09 12:43:43.707294
2026-10-09,2026-10-01,2026-10-09,district,TAMIL. PUDU.& KARAIKAL,TAMILNADU,MAYILADUTHURAI,0.2,4.2,-95.0,LD,7.5,39.6,-81.0,LD,2026-10-09 12:43:43.707294
2026-10-09,2026-10-01,2026-10-09,district,TAMIL. PUDU.& KARAIKAL,TAMILNADU,NAGAPATTINAM,0.0,3.6,-100.0,NR,2.6,32.4,-92.0,LD,2026-10-09 12:43:43.707294
2026-10-09,2026-10-01,2026-10-09,district,TAMIL. PUDU.& KARAIKAL,TAMILNADU,NAMAKKAL,5.9,7.5,-21.0,D,30.4,39.4,-23.0,D,2026-10-09 12:43:43.707294
2026-10-09,2026-10-01,2026-10-09,district,TAMIL. PUDU.& KARAIKAL,TAMILNADU,NILGIRIS,16.1,7.1,126.0,LE,97.4,53.1,83.0,LE,2026-10-09 12:43:43.707294
2026-10-09,2026-10-01,2026-10-09,district,TAMIL. PUDU.& KARAIKAL,TAMILNADU,PERAMBALUR,1.7,6.8,-75.0,LD,32.7,38.2,-14.0,N,2026-10-09 12:43:43.707294
2026-10-09,2026-10-01,2026-10-09,district,TAMIL. PUDU.& KARAIKAL,TAMILNADU,PUDUKKOTTAI,4.5,3.6,24.0,E,13.4,33.6,-60.0,LD,2026-10-09 12:43:43.707294
2026-10-09,2026-10-01,2026-10-09,district,TAMIL. PUDU.& KARAIKAL,TAMILNADU,RAMANATHAPURAM,8.5,2.8,205.0,LE,18.9,26.3,-28.0,D,2026-10-09 12:43:43.707294
2026-10-09,2026-10-01,2026-10-09,district,TAMIL. PUDU.& KARAIKAL,TAMILNADU,RANIPET,0.0,3.6,-100.0,NR,2.3,40.8,-94.0,LD,2026-10-09 12:43:43.707294
2026-10-09,2026-10-01,2026-10-09,district,TAMIL. PUDU.& KARAIKAL,TAMILNADU,SALEM,3.5,8.5,-59.0,D,13.2,49.4,-73.0,LD,2026-10-09 12:43:43.707294
2026-10-09,2026-10-01,2026-10-09,district,TAMIL. PUDU.& KARAIKAL,TAMILNADU,SIVAGANGA,5.7,3.8,51.0,E,10.2,41.4,-75.0,LD,2026-10-09 12:43:43.707294
2026-10-09,2026-10-01,2026-10-09,district,TAMIL. PUDU.& KARAIKAL,TAMILNADU,TENKASI,7.8,2.9,170.0,LE,35.6,23.0,55.0,E,2026-10-09 12:43:43.707294
2026-10-09,2026-10-01,2026-10-09,district,TAMIL. PUDU.& KARAIKAL,TAMILNADU,THANJAVUR,1.6,4.5,-64.0,LD,8.2,37.8,-78.0,LD,2026-10-09 12:43:43.707294
2026-10-09,2026-10-01,2026-10-09,district,TAMIL. PUDU.& KARAIKAL,TAMILNADU,THENI,1.4,4.7,-69.0,LD,45.1,33.9,33.0,E,2026-10-09 12:43:43.707294
2026-10-09,2026-10-01,2026-10-09,district,TAMIL. PUDU.& KARAIKAL,TAMILNADU,THIRUCHIRAPALLI,2.6,6.2,-58.0,D,16.3,40.2,-60.0,LD,2026-10-09 12:43:43.707294
2026-10-09,2026-10-01,2026-10-09,district,TAMIL. PUDU.& KARAIKAL,TAMILNADU,THIRUVALLUR,0.0,4.5,-100.0,NR,5.5,44.0,-88.0,LD,2026-10-09 12:43:43.707294
2026-10-09,2026-10-01,2026-10-09,district,TAMIL. PUDU.& KARAIKAL,TAMILNADU,THOOTHUKUDI,4.8,2.7,76.0,LE,19.2,16.7,15.0,N,2026-10-09 12:43:43.707294
2026-10-09,2026-10-01,2026-10-09,district,TAMIL. PUDU.& KARAIKAL,TAMILNADU,TIRUNELVELI,6.1,2.2,178.0,LE,33.7,16.9,100.0,LE,2026-10-09 12:43:43.707294
2026-10-09,2026-10-01,2026-10-09,district,TAMIL. PUDU.& KARAIKAL,TAMILNADU,TIRUPATTUR,0.0,3.6,-100.0,NR,25.1,43.7,-43.0,D,2026-10-09 12:43:43.707294
2026-10-09,2026-10-01,2026-10-09,district,TAMIL. PUDU.& KARAIKAL,TAMILNADU,TIRUPPUR,1.6,4.3,-62.0,LD,27.6,30.7,-10.0,N,2026-10-09 12:43:43.707294
2026-10-09,2026-10-01,2026-10-09,district,TAMIL. PUDU.& KARAIKAL,TAMILNADU,TIRUVANNAMALAI,2.9,5.6,-49.0,D,22.3,50.8,-56.0,D,2026-10-09 12:43:43.707294
2026-10-09,2026-10-01,2026-10-09,district,TAMIL. PUDU.& KARAIKAL,TAMILNADU,TIRUVARUR,0.0,2.8,-100.0,NR,17.6,35.5,-51.0,D,2026-10-09 12:43:43.707294
2026-10-09,2026-10-01,2026-10-09,district,TAMIL. PUDU.& KARAIKAL,TAMILNADU,VELLORE,0.0,4.3,-100.0,NR,17.3,44.4,-61.0,LD,2026-10-09 12:43:43.707294
2026-10-09,2026-10-01,2026-10-09,district,TAMIL. PUDU.& KARAIKAL,TAMILNADU,VILLUPURAM,3.2,3.4,-7.0,N,13.9,43.3,-68.0,LD,2026-10-09 12:43:43.707294
2026-10-09,2026-10-01,2026-10-09,district,TAMIL. PUDU.& KARAIKAL,TAMILNADU,VIRUDHUNAGAR,3.1,3.8,-19.0,N,31.5,29.6,7.0,N,2026-10-09 12:43:43.707294
2026-10-09,2026-10-01,2026-10-09,district,TELANGANA,TELANGANA,ADILABAD,0.0,4.5,-100.0,NR,0.6,34.4,-98.0,LD,2026-10-09 12:43:43.707294
2026-10-09,2026-10-01,2026-10-09,district,TELANGANA,TELANGANA,B. KOTHAGUDEM,0.0,5.3,-100.0,NR,2.0,44.6,-96.0,LD,2026-10-09 12:43:43.707294
2026-10-09,2026-10-01,2026-10-09,district,TELANGANA,TELANGANA,HANUMAKONDA,0.0,3.1,-100.0,NR,0.0,30.9,-99.0,LD,2026-10-09 12:43:43.707294
2026-10-09,2026-10-01,2026-10-09,district,TELANGANA,TELANGANA,HYDERABAD,0.1,4.3,-97.0,LD,0.2,45.0,-99.0,LD,2026-10-09 12:43:43.707294
2026-10-09,2026-10-01,2026-10-09,district,TELANGANA,TELANGANA,J. BHUPALPALLY,0.0,2.3,-100.0,NR,0.1,32.8,-99.0,LD,2026-10-09 12:43:43.707294
2026-10-09,2026-10-01,2026-10-09,district,TELANGANA,TELANGANA,JAGTIAL,0.0,3.2,-99.0,LD,0.0,35.2,-99.0,LD,2026-10-09 12:43:43.707294
2026-10-09,2026-10-01,2026-10-09,district,TELANGANA,TELANGANA,JANGAON,0.0,2.3,-100.0,NR,0.1,38.0,-99.0,LD,2026-10-09 12:43:43.707294
2026-10-09,2026-10-01,2026-10-09,district,TELANGANA,TELANGANA,JOGULAMBA GADWAL,0.0,1.6,-100.0,NR,0.0,38.8,-100.0,NR,2026-10-09 12:43:43.707294
2026-10-09,2026-10-01,2026-10-09,district,TELANGANA,TELANGANA,KAMAREDDY,0.1,2.9,-96.0,LD,0.2,36.2,-99.0,LD,2026-10-09 12:43:43.707294
2026-10-09,2026-10-01,2026-10-09,district,TELANGANA,TELANGANA,KARIMNAGAR,0.0,3.3,-100.0,NR,0.0,36.7,-100.0,NR,2026-10-09 12:43:43.707294
2026-10-09,2026-10-01,2026-10-09,district,TELANGANA,TELANGANA,KHAMMAM,0.1,6.5,-99.0,LD,1.9,50.9,-96.0,LD,2026-10-09 12:43:43.707294
2026-10-09,2026-10-01,2026-10-09,district,TELANGANA,TELANGANA,KUMARAM BHEEM,0.0,4.4,-100.0,NR,0.1,36.3,-99.0,LD,2026-10-09 12:43:43.707294
2026-10-09,2026-10-01,2026-10-09,district,TELANGANA,TELANGANA,M. MALKAJGIRI,0.0,1.6,-100.0,NR,0.5,36.9,-99.0,LD,2026-10-09 12:43:43.707294
2026-10-09,2026-10-01,2026-10-09,district,TELANGANA,TELANGANA,MAHABUBABAD,0.0,5.2,-100.0,NR,0.5,42.1,-99.0,LD,2026-10-09 12:43:43.707294
2026-10-09,2026-10-01,2026-10-09,district,TELANGANA,TELANGANA,MAHABUBNAGAR,0.0,3.5,-100.0,NR,0.0,43.3,-99.0,LD,2026-10-09 12:43:43.707294
2026-10-09,2026-10-01,2026-10-09,district,TELANGANA,TELANGANA,MANCHERIAL,0.5,2.4,-79.0,LD,1.7,37.9,-96.0,LD,2026-10-09 12:43:43.707294
2026-10-09,2026-10-01,2026-10-09,district,TELANGANA,TELANGANA,MEDAK,0.0,2.9,-100.0,NR,0.1,38.1,-99.0,LD,2026-10-09 12:43:43.707294
2026-10-09,2026-10-01,2026-10-09,district,TELANGANA,TELANGANA,MULUGU,0.2,2.2,-93.0,LD,3.4,39.3,-91.0,LD,2026-10-09 12:43:43.707294
2026-10-09,2026-10-01,2026-10-09,district,TELANGANA,TELANGANA,NAGARKURNOOL,0.0,3.7,-100.0,NR,0.2,43.6,-99.0,LD,2026-10-09 12:43:43.707294
2026-10-09,2026-10-01,2026-10-09,district,TELANGANA,TELANGANA,NALGONDA,0.0,3.3,-100.0,NR,1.0,46.1,-98.0,LD,2026-10-09 12:43:43.707294
2026-10-09,2026-10-01,2026-10-09,district,TELANGANA,TELANGANA,NARAYANPET,0.0,2.1,-100.0,NR,0.1,32.5,-99.0,LD,2026-10-09 12:43:43.707294
2026-10-09,2026-10-01,2026-10-09,district,TELANGANA,TELANGANA,NIRMAL,0.0,1.9,-100.0,NR,0.9,31.2,-97.0,LD,2026-10-09 12:43:43.707294
2026-10-09,2026-10-01,2026-10-09,district,TELANGANA,TELANGANA,NIZAMABAD,0.0,2.0,-100.0,NR,0.0,31.9,-100.0,NR,2026-10-09 12:43:43.707294
2026-10-09,2026-10-01,2026-10-09,district,TELANGANA,TELANGANA,PEDDAPALLE,0.0,3.1,-99.0,LD,0.5,37.2,-99.0,LD,2026-10-09 12:43:43.707294
2026-10-09,2026-10-01,2026-10-09,district,TELANGANA,TELANGANA,RAJANNA SIRCILLA,10.2,2.7,279.0,LE,48.2,32.6,48.0,E,2026-10-09 12:43:43.707294
2026-10-09,2026-10-01,2026-10-09,district,TELANGANA,TELANGANA,RANGAREDDY,0.3,4.1,-93.0,LD,1.2,42.1,-97.0,LD,2026-10-09 12:43:43.707294
2026-10-09,2026-10-01,2026-10-09,district,TELANGANA,TELANGANA,SANGAREDDY,0.0,1.7,-100.0,NR,0.4,39.4,-99.0,LD,2026-10-09 12:43:43.707294
2026-10-09,2026-10-01,2026-10-09,district,TELANGANA,TELANGANA,SIDDIPET,0.0,1.8,-100.0,NR,0.1,34.1,-99.0,LD,2026-10-09 12:43:43.707294
2026-10-09,2026-10-01,2026-10-09,district,TELANGANA,TELANGANA,SURYAPET,0.0,4.7,-100.0,NR,0.1,45.3,-99.0,LD,2026-10-09 12:43:43.707294
2026-10-09,2026-10-01,2026-10-09,district,TELANGANA,TELANGANA,VIKARABAD,0.0,3.9,-100.0,NR,0.1,42.3,-99.0,LD,2026-10-09 12:43:43.707294
2026-10-09,2026-10-01,2026-10-09,district,TELANGANA,TELANGANA,WANAPARTHY,0.0,2.6,-100.0,NR,0.0,50.3,-99.0,LD,2026-10-09 12:43:43.707294
2026-10-09,2026-10-01,2026-10-09,district,TELANGANA,TELANGANA,WARANGAL,0.0,2.2,-100.0,NR,0.4,30.2,-99.0,LD,2026-10-09 12:43:43.707294
2026-10-09,2026-10-01,2026-10-09,district,TELANGANA,TELANGANA,Y. BHUVANAGIRI,0.0,3.0,-100.0,NR,0.0,43.4,-100.0,NR,2026-10-09 12:43:43.707294
2026-10-09,2026-10-01,2026-10-09,district,UTTARAKHAND,UTTARAKHAND,ALMORA,0.2,1.3,-85.0,LD,7.5,8.2,-9.0,N,2026-10-09 12:43:43.707294
2026-10-09,2026-10-01,2026-10-09,district,UTTARAKHAND,UTTARAKHAND,BAGESHWAR,1.0,1.3,-23.0,D,20.0,8.2,144.0,LE,2026-10-09 12:43:43.707294
2026-10-09,2026-10-01,2026-10-09,district,UTTARAKHAND,UTTARAKHAND,CHAMOLI,2.9,0.7,317.0,LE,20.8,7.6,174.0,LE,2026-10-09 12:43:43.707294
2026-10-09,2026-10-01,2026-10-09,district,UTTARAKHAND,UTTARAKHAND,CHAMPAWAT,0.0,1.9,-100.0,NR,11.0,17.9,-39.0,D,2026-10-09 12:43:43.707294
2026-10-09,2026-10-01,2026-10-09,district,UTTARAKHAND,UTTARAKHAND,DEHRADUN,0.1,1.1,-95.0,LD,18.4,15.7,17.0,N,2026-10-09 12:43:43.707294
2026-10-09,2026-10-01,2026-10-09,district,UTTARAKHAND,UTTARAKHAND,GARHWAL PAURI,0.6,0.9,-37.0,D,2.4,10.3,-77.0,LD,2026-10-09 12:43:43.707294
2026-10-09,2026-10-01,2026-10-09,district,UTTARAKHAND,UTTARAKHAND,GARHWAL TEHRI,0.0,0.9,-100.0,NR,8.4,9.3,-10.0,N,2026-10-09 12:43:43.707294
2026-10-09,2026-10-01,2026-10-09,district,UTTARAKHAND,UTTARAKHAND,HARDWAR,0.0,1.0,-100.0,NR,1.4,7.0,-81.0,LD,2026-10-09 12:43:43.707294
2026-10-09,2026-10-01,2026-10-09,district,UTTARAKHAND,UTTARAKHAND,NAINITAL,0.2,2.0,-90.0,LD,28.4,14.8,92.0,LE,2026-10-09 12:43:43.707294
2026-10-09,2026-10-01,2026-10-09,district,UTTARAKHAND,UTTARAKHAND,PITHORAGARH,2.7,1.6,69.0,LE,36.3,22.9,58.0,E,2026-10-09 12:43:43.707294
2026-10-09,2026-10-01,2026-10-09,district,UTTARAKHAND,UTTARAKHAND,RUDRAPRAYAG,0.0,1.4,-100.0,NR,9.3,9.2,1.0,N,2026-10-09 12:43:43.707294
2026-10-09,2026-10-01,2026-10-09,district,UTTARAKHAND,UTTARAKHAND,UDHAM SINGH NAGAR,0.4,1.0,-60.0,LD,18.5,10.9,69.0,LE,2026-10-09 12:43:43.707294
2026-10-09,2026-10-01,2026-10-09,district,UTTARAKHAND,UTTARAKHAND,UTTARKASHI,0.0,1.2,-100.0,NR,20.2,21.1,-4.0,N,2026-10-09 12:43:43.707294
2026-10-09,2026-10-01,2026-10-09,district,VIDARBHA,MAHARASHTRA,AKOLA,0.0,2.2,-100.0,NR,0.0,27.3,-99.0,LD,2026-10-09 12:43:43.707294
2026-10-09,2026-10-01,2026-10-09,district,VIDARBHA,MAHARASHTRA,AMRAOTI,0.0,2.5,-100.0,NR,0.7,24.8,-97.0,LD,2026-10-09 12:43:43.707294
2026-10-09,2026-10-01,2026-10-09,district,VIDARBHA,MAHARASHTRA,BHANDARA,0.0,1.5,-100.0,NR,0.1,26.1,-99.0,LD,2026-10-09 12:43:43.707294
2026-10-09,2026-10-01,2026-10-09,district,VIDARBHA,MAHARASHTRA,BULDHANA,0.0,2.8,-100.0,NR,0.0,29.4,-99.0,LD,2026-10-09 12:43:43.707294
2026-10-09,2026-10-01,2026-10-09,district,VIDARBHA,MAHARASHTRA,CHANDRAPUR,0.0,2.6,-100.0,NR,0.0,30.6,-100.0,NR,2026-10-09 12:43:43.707294
2026-10-09,2026-10-01,2026-10-09,district,VIDARBHA,MAHARASHTRA,GADCHIROLI,0.0,2.7,-100.0,NR,0.0,32.2,-99.0,LD,2026-10-09 12:43:43.707294
2026-10-09,2026-10-01,2026-10-09,district,VIDARBHA,MAHARASHTRA,GONDIA,0.0,1.7,-100.0,NR,0.1,23.9,-99.0,LD,2026-10-09 12:43:43.707294
2026-10-09,2026-10-01,2026-10-09,district,VIDARBHA,MAHARASHTRA,NAGPUR,0.0,1.6,-100.0,NR,0.1,24.9,-99.0,LD,2026-10-09 12:43:43.707294
2026-10-09,2026-10-01,2026-10-09,district,VIDARBHA,MAHARASHTRA,WARDHA,0.0,1.5,-100.0,NR,0.2,27.7,-99.0,LD,2026-10-09 12:43:43.707294
2026-10-09,2026-10-01,2026-10-09,district,VIDARBHA,MAHARASHTRA,WASHIM,0.0,2.6,-100.0,NR,0.2,30.6,-99.0,LD,2026-10-09 12:43:43.707294
2026-10-09,2026-10-01,2026-10-09,district,VIDARBHA,MAHARASHTRA,YEOTMAL,0.0,2.4,-100.0,NR,0.0,30.2,-99.0,LD,2026-10-09 12:43:43.707294
2026-10-09,2026-10-01,2026-10-09,district,WEST MADHYA PRADESH,MADHYA PRADESH,AGAR-MALWA,0.0,2.5,-100.0,NR,0.0,14.4,-100.0,NR,2026-10-09 12:43:43.707294
2026-10-09,2026-10-01,2026-10-09,district,WEST MADHYA PRADESH,MADHYA PRADESH,ALIRAJPUR,0.0,2.0,-100.0,NR,0.0,15.9,-100.0,NR,2026-10-09 12:43:43.707294
2026-10-09,2026-10-01,2026-10-09,district,WEST MADHYA PRADESH,MADHYA PRADESH,ASHOKNAGAR,0.0,1.9,-100.0,NR,0.0,15.1,-100.0,NR,2026-10-09 12:43:43.707294
2026-10-09,2026-10-01,2026-10-09,district,WEST MADHYA PRADESH,MADHYA PRADESH,BARWANI,0.0,1.6,-100.0,NR,0.0,14.5,-100.0,NR,2026-10-09 12:43:43.707294
2026-10-09,2026-10-01,2026-10-09,district,WEST MADHYA PRADESH,MADHYA PRADESH,BETUL,0.0,1.5,-100.0,NR,0.2,18.5,-99.0,LD,2026-10-09 12:43:43.707294
2026-10-09,2026-10-01,2026-10-09,district,WEST MADHYA PRADESH,MADHYA PRADESH,BHIND,0.0,0.5,-100.0,NR,0.0,14.6,-100.0,NR,2026-10-09 12:43:43.707294
2026-10-09,2026-10-01,2026-10-09,district,WEST MADHYA PRADESH,MADHYA PRADESH,BHOPAL,0.0,1.9,-100.0,NR,0.0,19.1,-100.0,NR,2026-10-09 12:43:43.707294
2026-10-09,2026-10-01,2026-10-09,district,WEST MADHYA PRADESH,MADHYA PRADESH,BURHANPUR,0.0,2.8,-100.0,NR,0.0,22.3,-100.0,NR,2026-10-09 12:43:43.707294
2026-10-09,2026-10-01,2026-10-09,district,WEST MADHYA PRADESH,MADHYA PRADESH,DATIA,0.0,1.3,-100.0,NR,0.0,16.8,-100.0,NR,2026-10-09 12:43:43.707294
2026-10-09,2026-10-01,2026-10-09,district,WEST MADHYA PRADESH,MADHYA PRADESH,DEWAS,0.0,1.7,-100.0,NR,0.0,14.1,-100.0,NR,2026-10-09 12:43:43.707294
2026-10-09,2026-10-01,2026-10-09,district,WEST MADHYA PRADESH,MADHYA PRADESH,DHAR,0.0,1.7,-100.0,NR,0.1,18.8,-99.0,LD,2026-10-09 12:43:43.707294
2026-10-09,2026-10-01,2026-10-09,district,WEST MADHYA PRADESH,MADHYA PRADESH,GUNA,0.0,6.8,-100.0,NR,0.0,18.1,-100.0,NR,2026-10-09 12:43:43.707294
2026-10-09,2026-10-01,2026-10-09,district,WEST MADHYA PRADESH,MADHYA PRADESH,GWALIOR,0.0,0.6,-100.0,NR,1.0,17.0,-94.0,LD,2026-10-09 12:43:43.707294
2026-10-09,2026-10-01,2026-10-09,district,WEST MADHYA PRADESH,MADHYA PRADESH,HARDA,0.0,1.1,-100.0,NR,0.0,21.0,-100.0,NR,2026-10-09 12:43:43.707294
2026-10-09,2026-10-01,2026-10-09,district,WEST MADHYA PRADESH,MADHYA PRADESH,INDORE,0.0,4.1,-100.0,NR,0.0,19.6,-100.0,NR,2026-10-09 12:43:43.707294
2026-10-09,2026-10-01,2026-10-09,district,WEST MADHYA PRADESH,MADHYA PRADESH,JHABUA,0.0,1.5,-100.0,NR,0.0,19.3,-100.0,NR,2026-10-09 12:43:43.707294
2026-10-09,2026-10-01,2026-10-09,district,WEST MADHYA PRADESH,MADHYA PRADESH,KHANDWA,0.0,1.2,-100.0,NR,0.0,18.4,-100.0,NR,2026-10-09 12:43:43.707294
2026-10-09,2026-10-01,2026-10-09,district,WEST MADHYA PRADESH,MADHYA PRADESH,KHARGONE,0.0,2.8,-100.0,NR,0.0,17.3,-100.0,NR,2026-10-09 12:43:43.707294
2026-10-09,2026-10-01,2026-10-09,district,WEST MADHYA PRADESH,MADHYA PRADESH,MANDSAUR,0.0,1.8,-100.0,NR,0.0,13.1,-100.0,NR,2026-10-09 12:43:43.707294
2026-10-09,2026-10-01,2026-10-09,district,WEST MADHYA PRADESH,MADHYA PRADESH,MORENA,0.0,0.8,-100.0,NR,0.0,13.3,-100.0,NR,2026-10-09 12:43:43.707294
2026-10-09,2026-10-01,2026-10-09,district,WEST MADHYA PRADESH,MADHYA PRADESH,NARMADAPURAM,0.0,0.6,-100.0,NR,0.0,14.5,-100.0,NR,2026-10-09 12:43:43.707294
2026-10-09,2026-10-01,2026-10-09,district,WEST MADHYA PRADESH,MADHYA PRADESH,NEEMUCH,0.0,1.3,-100.0,NR,0.0,8.7,-100.0,NR,2026-10-09 12:43:43.707294
2026-10-09,2026-10-01,2026-10-09,district,WEST MADHYA PRADESH,MADHYA PRADESH,RAISEN,0.0,1.4,-100.0,NR,0.9,16.9,-95.0,LD,2026-10-09 12:43:43.707294
2026-10-09,2026-10-01,2026-10-09,district,WEST MADHYA PRADESH,MADHYA PRADESH,RAJGARH,0.0,4.0,-100.0,NR,0.0,16.0,-100.0,NR,2026-10-09 12:43:43.707294
2026-10-09,2026-10-01,2026-10-09,district,WEST MADHYA PRADESH,MADHYA PRADESH,RATLAM,0.0,4.4,-100.0,NR,0.0,21.0,-100.0,NR,2026-10-09 12:43:43.707294
2026-10-09,2026-10-01,2026-10-09,district,WEST MADHYA PRADESH,MADHYA PRADESH,SEHORE,0.0,1.4,-100.0,NR,0.0,13.4,-100.0,NR,2026-10-09 12:43:43.707294
2026-10-09,2026-10-01,2026-10-09,district,WEST MADHYA PRADESH,MADHYA PRADESH,SHAJAPUR,0.0,1.7,-100.0,NR,0.0,12.3,-100.0,NR,2026-10-09 12:43:43.707294
2026-10-09,2026-10-01,2026-10-09,district,WEST MADHYA PRADESH,MADHYA PRADESH,SHEOPUR,0.0,1.0,-100.0,NR,2.8,8.5,-67.0,LD,2026-10-09 12:43:43.707294
2026-10-09,2026-10-01,2026-10-09,district,WEST MADHYA PRADESH,MADHYA PRADESH,SHIVPURI,0.0,2.1,-100.0,NR,0.0,16.4,-100.0,NR,2026-10-09 12:43:43.707294
2026-10-09,2026-10-01,2026-10-09,district,WEST MADHYA PRADESH,MADHYA PRADESH,UJJAIN,0.0,2.1,-100.0,NR,0.0,14.1,-100.0,NR,2026-10-09 12:43:43.707294
2026-10-09,2026-10-01,2026-10-09,district,WEST MADHYA PRADESH,MADHYA PRADESH,VIDISHA,0.0,1.1,-100.0,NR,0.1,14.5,-99.0,LD,2026-10-09 12:43:43.707294
2026-10-09,2026-10-01,2026-10-09,district,WEST RAJASTHAN,RAJASTHAN,BARMER,0.0,0.3,-100.0,NR,0.0,4.5,-100.0,NR,2026-10-09 12:43:43.707294
2026-10-09,2026-10-01,2026-10-09,district,WEST RAJASTHAN,RAJASTHAN,BIKANER,0.0,0.0,-100.0,NR,0.0,3.6,-100.0,NR,2026-10-09 12:43:43.707294
2026-10-09,2026-10-01,2026-10-09,district,WEST RAJASTHAN,RAJASTHAN,CHURU,0.0,0.1,-100.0,NR,0.0,4.4,-100.0,NR,2026-10-09 12:43:43.707294
2026-10-09,2026-10-01,2026-10-09,district,WEST RAJASTHAN,RAJASTHAN,HANUMANGARH,0.0,0.3,-100.0,NR,0.0,2.5,-100.0,NR,2026-10-09 12:43:43.707294
2026-10-09,2026-10-01,2026-10-09,district,WEST RAJASTHAN,RAJASTHAN,JAISALMER,0.0,0.0,-100.0,NR,0.0,1.8,-100.0,NR,2026-10-09 12:43:43.707294
2026-10-09,2026-10-01,2026-10-09,district,WEST RAJASTHAN,RAJASTHAN,JALORE,0.0,0.7,-100.0,NR,0.0,4.5,-100.0,NR,2026-10-09 12:43:43.707294
2026-10-09,2026-10-01,2026-10-09,district,WEST RAJASTHAN,RAJASTHAN,JODHPUR,0.0,0.2,-100.0,NR,0.0,2.2,-100.0,NR,2026-10-09 12:43:43.707294
2026-10-09,2026-10-01,2026-10-09,district,WEST RAJASTHAN,RAJASTHAN,NAGAUR,0.0,0.1,-100.0,NR,0.0,4.2,-100.0,NR,2026-10-09 12:43:43.707294
2026-10-09,2026-10-01,2026-10-09,district,WEST RAJASTHAN,RAJASTHAN,PALI,0.0,0.3,-100.0,NR,0.0,5.0,-100.0,NR,2026-10-09 12:43:43.707294
2026-10-09,2026-10-01,2026-10-09,district,WEST RAJASTHAN,RAJASTHAN,SRI GANGANAGAR,0.0,0.8,-100.0,NR,0.0,2.3,-100.0,NR,2026-10-09 12:43:43.707294
2026-10-09,2026-10-01,2026-10-09,district,WEST UTTAR PRADESH,UTTAR PRADESH,AGRA,0.0,0.8,-100.0,NR,0.0,9.2,-100.0,NR,2026-10-09 12:43:43.707294
2026-10-09,2026-10-01,2026-10-09,district,WEST UTTAR PRADESH,UTTAR PRADESH,ALIGARH,0.0,0.3,-100.0,NR,0.0,10.3,-100.0,NR,2026-10-09 12:43:43.707294
2026-10-09,2026-10-01,2026-10-09,district,WEST UTTAR PRADESH,UTTAR PRADESH,AMROHA,0.0,0.1,-100.0,NR,0.0,10.7,-100.0,NR,2026-10-09 12:43:43.707294
2026-10-09,2026-10-01,2026-10-09,district,WEST UTTAR PRADESH,UTTAR PRADESH,AURAIYA,0.0,0.7,-100.0,NR,0.0,10.1,-100.0,NR,2026-10-09 12:43:43.707294
2026-10-09,2026-10-01,2026-10-09,district,WEST UTTAR PRADESH,UTTAR PRADESH,BADAUN,0.0,0.5,-100.0,NR,2.8,8.0,-66.0,LD,2026-10-09 12:43:43.707294
2026-10-09,2026-10-01,2026-10-09,district,WEST UTTAR PRADESH,UTTAR PRADESH,BAGHPAT,0.0,0.2,-100.0,NR,0.0,3.7,-100.0,NR,2026-10-09 12:43:43.707294
2026-10-09,2026-10-01,2026-10-09,district,WEST UTTAR PRADESH,UTTAR PRADESH,BAREILLY,0.0,0.4,-100.0,NR,21.9,9.9,121.0,LE,2026-10-09 12:43:43.707294
2026-10-09,2026-10-01,2026-10-09,district,WEST UTTAR PRADESH,UTTAR PRADESH,BIJNOR,0.0,0.7,-100.0,NR,0.0,6.8,-100.0,NR,2026-10-09 12:43:43.707294
2026-10-09,2026-10-01,2026-10-09,district,WEST UTTAR PRADESH,UTTAR PRADESH,BULANDSHAHAR,0.0,0.4,-100.0,NR,0.0,6.8,-100.0,NR,2026-10-09 12:43:43.707294
2026-10-09,2026-10-01,2026-10-09,district,WEST UTTAR PRADESH,UTTAR PRADESH,ETAH,0.0,0.4,-100.0,NR,0.0,7.6,-100.0,NR,2026-10-09 12:43:43.707294
2026-10-09,2026-10-01,2026-10-09,district,WEST UTTAR PRADESH,UTTAR PRADESH,ETAWAH,0.0,0.3,-100.0,NR,0.0,8.6,-100.0,NR,2026-10-09 12:43:43.707294
2026-10-09,2026-10-01,2026-10-09,district,WEST UTTAR PRADESH,UTTAR PRADESH,FIROZABAD,0.0,1.1,-100.0,NR,0.0,13.5,-100.0,NR,2026-10-09 12:43:43.707294
2026-10-09,2026-10-01,2026-10-09,district,WEST UTTAR PRADESH,UTTAR PRADESH,GAUTAM BUDDHA NAGAR,0.0,0.0,-100.0,NR,19.2,3.3,477.0,LE,2026-10-09 12:43:43.707294
2026-10-09,2026-10-01,2026-10-09,district,WEST UTTAR PRADESH,UTTAR PRADESH,GHAZIABAD,0.0,0.0,-100.0,NR,0.0,3.4,-100.0,NR,2026-10-09 12:43:43.707294
2026-10-09,2026-10-01,2026-10-09,district,WEST UTTAR PRADESH,UTTAR PRADESH,HAMIRPUR,0.0,0.8,-100.0,NR,0.2,16.9,-99.0,LD,2026-10-09 12:43:43.707294
2026-10-09,2026-10-01,2026-10-09,district,WEST UTTAR PRADESH,UTTAR PRADESH,HAPUR,0.0,0.2,-100.0,NR,0.0,4.3,-100.0,NR,2026-10-09 12:43:43.707294
2026-10-09,2026-10-01,2026-10-09,district,WEST UTTAR PRADESH,UTTAR PRADESH,HATHRAS,0.0,0.5,-100.0,NR,0.0,7.3,-100.0,NR,2026-10-09 12:43:43.707294
2026-10-09,2026-10-01,2026-10-09,district,WEST UTTAR PRADESH,UTTAR PRADESH,JALAUN,0.0,0.8,-100.0,NR,0.0,20.3,-100.0,NR,2026-10-09 12:43:43.707294
2026-10-09,2026-10-01,2026-10-09,district,WEST UTTAR PRADESH,UTTAR PRADESH,JHANSI,0.0,1.9,-100.0,NR,0.0,19.2,-100.0,NR,2026-10-09 12:43:43.707294
2026-10-09,2026-10-01,2026-10-09,district,WEST UTTAR PRADESH,UTTAR PRADESH,KASGANJ,0.0,0.4,-100.0,NR,0.0,10.1,-100.0,NR,2026-10-09 12:43:43.707294
2026-10-09,2026-10-01,2026-10-09,district,WEST UTTAR PRADESH,UTTAR PRADESH,LALITPUR,0.0,2.0,-100.0,NR,0.0,12.8,-100.0,NR,2026-10-09 12:43:43.707294
2026-10-09,2026-10-01,2026-10-09,district,WEST UTTAR PRADESH,UTTAR PRADESH,MAHOBA,0.0,0.6,-100.0,NR,0.0,13.0,-100.0,NR,2026-10-09 12:43:43.707294
2026-10-09,2026-10-01,2026-10-09,district,WEST UTTAR PRADESH,UTTAR PRADESH,MAINPURI,0.0,0.8,-100.0,NR,0.0,11.7,-100.0,NR,2026-10-09 12:43:43.707294
2026-10-09,2026-10-01,2026-10-09,district,WEST UTTAR PRADESH,UTTAR PRADESH,MATHURA,0.0,0.5,-100.0,NR,0.0,6.7,-100.0,NR,2026-10-09 12:43:43.707294
2026-10-09,2026-10-01,2026-10-09,district,WEST UTTAR PRADESH,UTTAR PRADESH,MEERUT,0.0,0.2,-100.0,NR,0.0,4.5,-100.0,NR,2026-10-09 12:43:43.707294
2026-10-09,2026-10-01,2026-10-09,district,WEST UTTAR PRADESH,UTTAR PRADESH,MORADABAD,0.0,0.7,-100.0,NR,4.7,10.9,-57.0,D,2026-10-09 12:43:43.707294
2026-10-09,2026-10-01,2026-10-09,district,WEST UTTAR PRADESH,UTTAR PRADESH,MUZAFFARNAGAR,0.0,0.5,-100.0,NR,0.0,5.2,-100.0,NR,2026-10-09 12:43:43.707294
2026-10-09,2026-10-01,2026-10-09,district,WEST UTTAR PRADESH,UTTAR PRADESH,PILIBHIT,0.0,0.6,-100.0,NR,15.8,19.6,-20.0,D,2026-10-09 12:43:43.707294
2026-10-09,2026-10-01,2026-10-09,district,WEST UTTAR PRADESH,UTTAR PRADESH,RAMPUR,0.0,0.3,-100.0,NR,25.1,11.7,114.0,LE,2026-10-09 12:43:43.707294
2026-10-09,2026-10-01,2026-10-09,district,WEST UTTAR PRADESH,UTTAR PRADESH,SAHARANPUR,0.5,0.9,-44.0,D,0.5,8.5,-94.0,LD,2026-10-09 12:43:43.707294
2026-10-09,2026-10-01,2026-10-09,district,WEST UTTAR PRADESH,UTTAR PRADESH,SAMBHAL,0.0,0.1,-100.0,NR,0.0,14.6,-100.0,NR,2026-10-09 12:43:43.707294
2026-10-09,2026-10-01,2026-10-09,district,WEST UTTAR PRADESH,UTTAR PRADESH,SHAHJAHANPUR,10.0,0.6,1567.0,LE,42.1,16.5,155.0,LE,2026-10-09 12:43:43.707294
2026-10-09,2026-10-01,2026-10-09,district,WEST UTTAR PRADESH,UTTAR PRADESH,SHAMLI,0.0,0.5,-100.0,NR,0.0,3.9,-100.0,NR,2026-10-09 12:43:43.707294
2026-10-09,2026-10-01,2026-10-09,state,ASSAM & MEGHALAYA,ASSAM,,5.4,5.8,-7.0,N,34.3,54.7,-37.0,D,2026-10-09 12:43:43.707294
2026-10-09,2026-10-01,2026-10-09,state,ASSAM & MEGHALAYA,MEGHALAYA,,6.3,16.2,-61.0,LD,22.9,135.1,-83.0,LD,2026-10-09 12:43:43.707294
2026-10-09,2026-10-01,2026-10-09,state,BIHAR,UTTAR PRADESH,,0.3,0.9,-72.0,LD,10.3,15.4,-33.0,D,2026-10-09 12:43:43.707294
2026-10-09,2026-10-01,2026-10-09,state,CHHATTISGARH,ANDHRA PRADESH,,0.5,5.8,-92.0,LD,9.6,55.2,-83.0,LD,2026-10-09 12:43:43.707294
2026-10-09,2026-10-01,2026-10-09,state,COASTAL A. P. & YANAM,ANDHRA PRADESH,,0.5,5.8,-92.0,LD,9.6,55.2,-83.0,LD,2026-10-09 12:43:43.707294
2026-10-09,2026-10-01,2026-10-09,state,COASTAL A. P. & YANAM,PUDUCHERRY (UT),,0.1,6.3,-98.0,LD,9.2,55.3,-83.0,LD,2026-10-09 12:43:43.707294
2026-10-09,2026-10-01,2026-10-09,state,EAST MADHYA PRADESH,GUJARAT,,0.0,0.8,-100.0,NR,0.3,10.1,-97.0,LD,2026-10-09 12:43:43.707294
2026-10-09,2026-10-01,2026-10-09,state,GUJARAT REGION,DADRA & NAGAR HAVELI AND DAMAN & DIU (UT),,0.0,1.3,-100.0,NR,0.0,18.7,-100.0,NR,2026-10-09 12:43:43.707294
2026-10-09,2026-10-01,2026-10-09,state,GUJARAT REGION,GUJARAT,,0.0,0.8,-100.0,NR,0.3,10.1,-97.0,LD,2026-10-09 12:43:43.707294
2026-10-09,2026-10-01,2026-10-09,state,HAR. CHD & DELHI,CHANDIGARH (UT),,0.0,0.0,-100.0,NR,6.3,11.0,-43.0,D,2026-10-09 12:43:43.707294
2026-10-09,2026-10-01,2026-10-09,state,HAR. CHD & DELHI,DELHI,,0.0,0.7,-100.0,NR,0.0,7.2,-100.0,NR,2026-10-09 12:43:43.707294
2026-10-09,2026-10-01,2026-10-09,state,HAR. CHD & DELHI,HARYANA,,0.0,0.3,-97.0,LD,0.4,3.9,-91.0,LD,2026-10-09 12:43:43.707294
2026-10-09,2026-10-01,2026-10-09,state,J & K AND LADAKH,JAMMU & KASHMIR(UT),,3.7,1.9,93.0,LE,6.7,7.8,-14.0,N,2026-10-09 12:43:43.707294
2026-10-09,2026-10-01,2026-10-09,state,J & K AND LADAKH,LADAKH (UT),,0.8,0.1,667.0,LE,0.6,0.4,46.0,E,2026-10-09 12:43:43.707294
2026-10-09,2026-10-01,2026-10-09,state,J & K AND LADAKH,RAJASTHAN,,0.0,0.5,-100.0,NR,0.0,5.3,-99.0,LD,2026-10-09 12:43:43.707294
2026-10-09,2026-10-01,2026-10-09,state,KERALA & MAHE,KERALA,,5.2,11.6,-55.0,D,64.5,90.4,-29.0,D,2026-10-09 12:43:43.707294
2026-10-09,2026-10-01,2026-10-09,state,KERALA & MAHE,PUDUCHERRY (UT),,0.1,6.3,-98.0,LD,9.2,55.3,-83.0,LD,2026-10-09 12:43:43.707294
2026-10-09,2026-10-01,2026-10-09,state,KONKAN & GOA,GOA,,0.0,7.8,-100.0,NR,1.6,74.5,-98.0,LD,2026-10-09 12:43:43.707294
2026-10-09,2026-10-01,2026-10-09,state,KONKAN & GOA,MAHARASHTRA,,0.0,2.9,-100.0,NR,0.9,35.2,-97.0,LD,2026-10-09 12:43:43.707294
2026-10-09,2026-10-01,2026-10-09,state,NMMT,MANIPUR,,1.2,5.2,-76.0,LD,36.9,47.4,-22.0,D,2026-10-09 12:43:43.707294
2026-10-09,2026-10-01,2026-10-09,state,NMMT,MIZORAM,,5.4,9.0,-40.0,D,88.5,91.3,-3.0,N,2026-10-09 12:43:43.707294
2026-10-09,2026-10-01,2026-10-09,state,NMMT,NAGALAND,,8.2,6.5,26.0,E,45.4,46.5,-2.0,N,2026-10-09 12:43:43.707294
2026-10-09,2026-10-01,2026-10-09,state,NMMT,TRIPURA,,4.7,14.6,-68.0,LD,28.7,76.2,-62.0,LD,2026-10-09 12:43:43.707294
2026-10-09,2026-10-01,2026-10-09,state,SAURASHTRA & KUTCH,DADRA & NAGAR HAVELI AND DAMAN & DIU (UT),,0.0,1.3,-100.0,NR,0.0,18.7,-100.0,NR,2026-10-09 12:43:43.707294
2026-10-09,2026-10-01,2026-10-09,state,SAURASHTRA & KUTCH,GUJARAT,,0.0,0.8,-100.0,NR,0.3,10.1,-97.0,LD,2026-10-09 12:43:43.707294
2026-10-09,2026-10-01,2026-10-09,state,SHWB & SIKKIM,SIKKIM,,1.3,6.0,-79.0,LD,23.8,64.1,-63.0,LD,2026-10-09 12:43:43.707294
2026-10-09,2026-10-01,2026-10-09,state,SHWB & SIKKIM,WEST BENGAL,,4.6,6.1,-25.0,D,21.5,64.1,-67.0,LD,2026-10-09 12:43:43.707294
2026-10-09,2026-10-01,2026-10-09,state,TAMIL. PUDU.& KARAIKAL,KARNATAKA,,0.4,5.1,-91.0,LD,15.4,52.3,-71.0,LD,2026-10-09 12:43:43.707294
2026-10-09,2026-10-01,2026-10-09,state,TAMIL. PUDU.& KARAIKAL,PUDUCHERRY (UT),,0.1,6.3,-98.0,LD,9.2,55.3,-83.0,LD,2026-10-09 12:43:43.707294
2026-10-09,2026-10-01,2026-10-09,state,TAMIL. PUDU.& KARAIKAL,TAMILNADU,,3.0,5.0,-39.0,D,24.1,39.5,-39.0,D,2026-10-09 12:43:43.707294
2026-10-09,2026-10-01,2026-10-09,state,WEST RAJASTHAN,MADHYA PRADESH,,0.0,1.9,-99.0,LD,0.5,18.5,-97.0,LD,2026-10-09 12:43:43.707294
2026-10-09,2026-10-01,2026-10-09,subdivision,A & N ISLAND,,,0.3,12.4,-97.0,LD,35.1,110.9,-68.0,LD,2026-10-09 12:43:43.707294
2026-10-09,2026-10-01,2026-10-09,subdivision,ARUNACHAL PRADESH,,,2.5,7.3,-65.0,LD,36.9,79.5,-54.0,D,2026-10-09 12:43:43.707294
2026-10-09,2026-10-01,2026-10-09,subdivision,ASSAM & MEGHALAYA,,,5.6,8.2,-32.0,D,31.6,73.4,-57.0,D,2026-10-09 12:43:43.707294
2026-10-09,2026-10-01,2026-10-09,subdivision,BIHAR,,,2.3,2.9,-21.0,D,17.1,32.1,-47.0,D,2026-10-09 12:43:43.707294
2026-10-09,2026-10-01,2026-10-09,subdivision,CHHATTISGARH,,,0.2,3.0,-94.0,LD,2.3,31.3,-93.0,LD,2026-10-09 12:43:43.707294
2026-10-09,2026-10-01,2026-10-09,subdivision,COASTAL A. P. & YANAM,,,0.8,6.6,-88.0,LD,7.3,60.9,-88.0,LD,2026-10-09 12:43:43.707294
2026-10-09,2026-10-01,2026-10-09,subdivision,COASTAL KARNATAKA,,,0.8,6.7,-88.0,LD,35.0,79.8,-56.0,D,2026-10-09 12:43:43.707294
2026-10-09,2026-10-01,2026-10-09,subdivision,EAST MADHYA PRADESH,,,0.1,1.6,-97.0,LD,0.9,21.7,-96.0,LD,2026-10-09 12:43:43.707294
2026-10-09,2026-10-01,2026-10-09,subdivision,EAST RAJASTHAN,,,0.0,0.7,-100.0,NR,0.1,7.7,-99.0,LD,2026-10-09 12:43:43.707294
2026-10-09,2026-10-01,2026-10-09,subdivision,EAST UTTAR PRADESH,,,0.1,1.2,-91.0,LD,14.3,18.7,-23.0,D,2026-10-09 12:43:43.707294
2026-10-09,2026-10-01,2026-10-09,subdivision,GANGETIC WEST BENGAL,,,4.1,6.3,-34.0,D,14.9,59.1,-75.0,LD,2026-10-09 12:43:43.707294
2026-10-09,2026-10-01,2026-10-09,subdivision,GUJARAT REGION,,,0.0,1.3,-100.0,NR,0.0,12.5,-100.0,NR,2026-10-09 12:43:43.707294
2026-10-09,2026-10-01,2026-10-09,subdivision,HAR. CHD & DELHI,,,0.0,0.2,-95.0,LD,0.4,4.0,-91.0,LD,2026-10-09 12:43:43.707294
2026-10-09,2026-10-01,2026-10-09,subdivision,HIMACHAL PRADESH,,,3.2,1.6,103.0,LE,9.1,8.4,8.0,N,2026-10-09 12:43:43.707294
2026-10-09,2026-10-01,2026-10-09,subdivision,J & K AND LADAKH,,,3.7,1.9,93.0,LE,6.7,7.8,-14.0,N,2026-10-09 12:43:43.707294
2026-10-09,2026-10-01,2026-10-09,subdivision,JHARKHAND,,,1.1,4.7,-77.0,LD,20.7,38.0,-46.0,D,2026-10-09 12:43:43.707294
2026-10-09,2026-10-01,2026-10-09,subdivision,KERALA & MAHE,,,5.2,11.6,-55.0,D,64.5,90.4,-29.0,D,2026-10-09 12:43:43.707294
2026-10-09,2026-10-01,2026-10-09,subdivision,KONKAN & GOA,,,0.0,5.4,-100.0,NR,3.4,60.5,-94.0,LD,2026-10-09 12:43:43.707294
2026-10-09,2026-10-01,2026-10-09,subdivision,LAKSHADWEEP,,,0.0,4.2,-100.0,NR,28.7,43.1,-33.0,D,2026-10-09 12:43:43.707294
2026-10-09,2026-10-01,2026-10-09,subdivision,MADHYA MAHARASHTRA,,,0.0,2.9,-100.0,NR,1.5,35.9,-96.0,LD,2026-10-09 12:43:43.707294
2026-10-09,2026-10-01,2026-10-09,subdivision,MARATHWADA,,,0.0,2.6,-100.0,NR,0.0,33.1,-100.0,NR,2026-10-09 12:43:43.707294
2026-10-09,2026-10-01,2026-10-09,subdivision,N. I. KARNATAKA,,,0.0,4.2,-100.0,NR,3.9,46.6,-92.0,LD,2026-10-09 12:43:43.707294
2026-10-09,2026-10-01,2026-10-09,subdivision,NMMT,,,4.9,8.4,-42.0,D,54.0,67.2,-20.0,D,2026-10-09 12:43:43.707294
2026-10-09,2026-10-01,2026-10-09,subdivision,ODISHA,,,1.5,4.2,-65.0,LD,5.5,48.1,-89.0,LD,2026-10-09 12:43:43.707294
2026-10-09,2026-10-01,2026-10-09,subdivision,PUNJAB,,,0.3,1.0,-71.0,LD,1.4,3.7,-63.0,LD,2026-10-09 12:43:43.707294
2026-10-09,2026-10-01,2026-10-09,subdivision,RAYALASEEMA,,,0.1,4.8,-99.0,LD,12.5,47.1,-74.0,LD,2026-10-09 12:43:43.707294
2026-10-09,2026-10-01,2026-10-09,subdivision,S. I. KARNATAKA,,,0.7,5.5,-87.0,LD,21.2,51.6,-59.0,D,2026-10-09 12:43:43.707294
2026-10-09,2026-10-01,2026-10-09,subdivision,SAURASHTRA & KUTCH,,,0.0,0.4,-100.0,NR,0.6,8.2,-93.0,LD,2026-10-09 12:43:43.707294
2026-10-09,2026-10-01,2026-10-09,subdivision,SHWB & SIKKIM,,,4.7,5.5,-15.0,N,37.0,76.8,-52.0,D,2026-10-09 12:43:43.707294
2026-10-09,2026-10-01,2026-10-09,subdivision,TAMIL. PUDU.& KARAIKAL,,,3.0,5.0,-39.0,D,24.1,39.5,-39.0,D,2026-10-09 12:43:43.707294
2026-10-09,2026-10-01,2026-10-09,subdivision,TELANGANA,,,0.2,3.3,-93.0,LD,1.4,39.5,-96.0,LD,2026-10-09 12:43:43.707294
2026-10-09,2026-10-01,2026-10-09,subdivision,UTTARAKHAND,,,0.9,1.2,-24.0,D,18.0,13.7,31.0,E,2026-10-09 12:43:43.707294
2026-10-09,2026-10-01,2026-10-09,subdivision,VIDARBHA,,,0.0,2.3,-100.0,NR,0.1,28.4,-99.0,LD,2026-10-09 12:43:43.707294
2026-10-09,2026-10-01,2026-10-09,subdivision,WEST MADHYA PRADESH,,,0.0,1.9,-100.0,NR,0.2,15.9,-99.0,LD,2026-10-09 12:43:43.707294
2026-10-09,2026-10-01,2026-10-09,subdivision,WEST RAJASTHAN,,,0.0,0.2,-100.0,NR,0.0,3.3,-100.0,NR,2026-10-09 12:43:43.707294
2026-10-09,2026-10-01,2026-10-09,subdivision,WEST UTTAR PRADESH,,,0.5,0.7,-34.0,D,4.5,10.9,-59.0,D,2026-10-09 12:43:43.707294
