date,period_start,period_end,level,subdivision,state,district,day_actual_mm,day_normal_mm,day_departure_pct,day_category,period_actual_mm,period_normal_mm,period_departure_pct,period_category,scraped_at
2026-08-17,2026-06-01,2026-08-17,district,A & N ISLAND,ANDAMAN & NICOBAR ISLANDS,NICOBAR,9.9,5.1,95.0,LE,431.3,672.6,-36.0,D,2026-08-18 06:43:06.691355
2026-08-17,2026-06-01,2026-08-17,district,A & N ISLAND,ANDAMAN & NICOBAR ISLANDS,NORTH & MIDDLE ANDAMAN,18.3,12.1,51.0,E,1571.0,1198.6,31.0,E,2026-08-18 06:43:06.691355
2026-08-17,2026-06-01,2026-08-17,district,A & N ISLAND,ANDAMAN & NICOBAR ISLANDS,SOUTH ANDAMAN,6.7,10.0,-33.0,D,872.2,1026.1,-15.0,N,2026-08-18 06:43:06.691355
2026-08-17,2026-06-01,2026-08-17,district,ARUNACHAL PRADESH,ARUNACHAL PRADESH,ANJAW,0.0,18.8,-100.0,NR,124.2,1157.3,-89.0,LD,2026-08-18 06:43:06.691355
2026-08-17,2026-06-01,2026-08-17,district,ARUNACHAL PRADESH,ARUNACHAL PRADESH,CHANGLANG,0.5,9.9,-95.0,LD,740.5,942.0,-21.0,D,2026-08-18 06:43:06.691355
2026-08-17,2026-06-01,2026-08-17,district,ARUNACHAL PRADESH,ARUNACHAL PRADESH,EAST KAMENG,26.7,5.3,403.0,LE,1039.1,842.2,23.0,E,2026-08-18 06:43:06.691355
2026-08-17,2026-06-01,2026-08-17,district,ARUNACHAL PRADESH,ARUNACHAL PRADESH,EAST SIANG,0.1,27.2,-99.0,LD,1745.1,2242.7,-22.0,D,2026-08-18 06:43:06.691355
2026-08-17,2026-06-01,2026-08-17,district,ARUNACHAL PRADESH,ARUNACHAL PRADESH,KURUNG KUMEY,3.8,9.3,-59.0,D,422.8,809.8,-48.0,D,2026-08-18 06:43:06.691355
2026-08-17,2026-06-01,2026-08-17,district,ARUNACHAL PRADESH,ARUNACHAL PRADESH,LOHIT,0.0,9.8,-100.0,NR,698.1,1123.8,-38.0,D,2026-08-18 06:43:06.691355
2026-08-17,2026-06-01,2026-08-17,district,ARUNACHAL PRADESH,ARUNACHAL PRADESH,LOWER SUBANSIRI,2.2,12.0,-82.0,LD,304.0,529.7,-43.0,D,2026-08-18 06:43:06.691355
2026-08-17,2026-06-01,2026-08-17,district,ARUNACHAL PRADESH,ARUNACHAL PRADESH,PAPUMPARA,5.0,8.9,-44.0,D,1317.4,1568.1,-16.0,N,2026-08-18 06:43:06.691355
2026-08-17,2026-06-01,2026-08-17,district,ARUNACHAL PRADESH,ARUNACHAL PRADESH,TAWANG,0.0,11.5,-100.0,NR,260.8,676.6,-61.0,LD,2026-08-18 06:43:06.691355
2026-08-17,2026-06-01,2026-08-17,district,ARUNACHAL PRADESH,ARUNACHAL PRADESH,TIRAP,13.9,13.1,6.0,N,1556.5,1390.2,12.0,N,2026-08-18 06:43:06.691355
2026-08-17,2026-06-01,2026-08-17,district,ARUNACHAL PRADESH,ARUNACHAL PRADESH,UPPER SIANG,14.3,14.4,-1.0,N,877.5,1138.3,-23.0,D,2026-08-18 06:43:06.691355
2026-08-17,2026-06-01,2026-08-17,district,ARUNACHAL PRADESH,ARUNACHAL PRADESH,UPPER SUBANSIRI,0.0,9.6,-100.0,NR,269.1,649.4,-59.0,D,2026-08-18 06:43:06.691355
2026-08-17,2026-06-01,2026-08-17,district,ARUNACHAL PRADESH,ARUNACHAL PRADESH,WEST KAMENG,3.7,11.5,-68.0,LD,355.1,1192.7,-70.0,LD,2026-08-18 06:43:06.691355
2026-08-17,2026-06-01,2026-08-17,district,ARUNACHAL PRADESH,ARUNACHAL PRADESH,WEST SIANG,23.8,20.7,15.0,N,519.5,1403.4,-63.0,LD,2026-08-18 06:43:06.691355
2026-08-17,2026-06-01,2026-08-17,district,ASSAM & MEGHALAYA,ASSAM,BAJALI,11.5,13.0,-12.0,N,891.0,1536.1,-42.0,D,2026-08-18 06:43:06.691355
2026-08-17,2026-06-01,2026-08-17,district,ASSAM & MEGHALAYA,ASSAM,BAKSA,29.6,11.4,159.0,LE,932.7,1123.4,-17.0,N,2026-08-18 06:43:06.691355
2026-08-17,2026-06-01,2026-08-17,district,ASSAM & MEGHALAYA,ASSAM,BARPETA,14.1,13.0,8.0,N,1072.5,1536.1,-30.0,D,2026-08-18 06:43:06.691355
2026-08-17,2026-06-01,2026-08-17,district,ASSAM & MEGHALAYA,ASSAM,BONGAIGAON,23.5,23.0,2.0,N,755.4,1723.2,-56.0,D,2026-08-18 06:43:06.691355
2026-08-17,2026-06-01,2026-08-17,district,ASSAM & MEGHALAYA,ASSAM,CACHAR,8.9,13.0,-31.0,D,1231.2,1271.9,-3.0,N,2026-08-18 06:43:06.691355
2026-08-17,2026-06-01,2026-08-17,district,ASSAM & MEGHALAYA,ASSAM,CHARAIDEO,28.0,8.1,246.0,LE,984.0,706.7,39.0,E,2026-08-18 06:43:06.691355
2026-08-17,2026-06-01,2026-08-17,district,ASSAM & MEGHALAYA,ASSAM,CHIRANG,11.2,17.6,-36.0,D,1047.3,1702.1,-38.0,D,2026-08-18 06:43:06.691355
2026-08-17,2026-06-01,2026-08-17,district,ASSAM & MEGHALAYA,ASSAM,DARRANG,20.2,10.0,102.0,LE,513.8,940.5,-45.0,D,2026-08-18 06:43:06.691355
2026-08-17,2026-06-01,2026-08-17,district,ASSAM & MEGHALAYA,ASSAM,DHEMAJI,32.8,9.5,245.0,LE,1626.9,1437.6,13.0,N,2026-08-18 06:43:06.691355
2026-08-17,2026-06-01,2026-08-17,district,ASSAM & MEGHALAYA,ASSAM,DHUBRI,14.1,13.3,6.0,N,1022.9,1544.6,-34.0,D,2026-08-18 06:43:06.691355
2026-08-17,2026-06-01,2026-08-17,district,ASSAM & MEGHALAYA,ASSAM,DIBRUGARH,6.2,11.4,-46.0,D,863.7,1038.8,-17.0,N,2026-08-18 06:43:06.691355
2026-08-17,2026-06-01,2026-08-17,district,ASSAM & MEGHALAYA,ASSAM,DIMA HASAO,17.1,5.6,206.0,LE,326.5,746.8,-56.0,D,2026-08-18 06:43:06.691355
2026-08-17,2026-06-01,2026-08-17,district,ASSAM & MEGHALAYA,ASSAM,GOALPARA,24.8,16.0,55.0,E,621.9,1453.0,-57.0,D,2026-08-18 06:43:06.691355
2026-08-17,2026-06-01,2026-08-17,district,ASSAM & MEGHALAYA,ASSAM,GOLAGHAT,42.8,6.9,520.0,LE,655.8,722.0,-9.0,N,2026-08-18 06:43:06.691355
2026-08-17,2026-06-01,2026-08-17,district,ASSAM & MEGHALAYA,ASSAM,HAILAKANDI,3.5,8.3,-58.0,D,863.5,1082.3,-20.0,D,2026-08-18 06:43:06.691355
2026-08-17,2026-06-01,2026-08-17,district,ASSAM & MEGHALAYA,ASSAM,HOJAI,41.5,6.6,529.0,LE,331.5,517.8,-36.0,D,2026-08-18 06:43:06.691355
2026-08-17,2026-06-01,2026-08-17,district,ASSAM & MEGHALAYA,ASSAM,JORHAT,22.8,11.1,106.0,LE,638.5,861.0,-26.0,D,2026-08-18 06:43:06.691355
2026-08-17,2026-06-01,2026-08-17,district,ASSAM & MEGHALAYA,ASSAM,KAMRUP METROPOLITAN,1.9,7.2,-74.0,LD,591.8,755.5,-22.0,D,2026-08-18 06:43:06.691355
2026-08-17,2026-06-01,2026-08-17,district,ASSAM & MEGHALAYA,ASSAM,KAMRUP RURAL,2.4,9.7,-75.0,LD,386.3,931.1,-59.0,D,2026-08-18 06:43:06.691355
2026-08-17,2026-06-01,2026-08-17,district,ASSAM & MEGHALAYA,ASSAM,KARBI ANGLONG,9.1,8.0,13.0,N,403.8,557.1,-28.0,D,2026-08-18 06:43:06.691355
2026-08-17,2026-06-01,2026-08-17,district,ASSAM & MEGHALAYA,ASSAM,KOKRAJHAR,59.0,11.1,431.0,LE,1859.8,1984.2,-6.0,N,2026-08-18 06:43:06.691355
2026-08-17,2026-06-01,2026-08-17,district,ASSAM & MEGHALAYA,ASSAM,LAKHIMPUR,29.2,19.0,53.0,E,1715.5,1413.7,21.0,E,2026-08-18 06:43:06.691355
2026-08-17,2026-06-01,2026-08-17,district,ASSAM & MEGHALAYA,ASSAM,MORIGAON,48.5,8.8,451.0,LE,465.3,780.6,-40.0,D,2026-08-18 06:43:06.691355
2026-08-17,2026-06-01,2026-08-17,district,ASSAM & MEGHALAYA,ASSAM,NAGAON,1.7,7.5,-78.0,LD,323.6,712.0,-55.0,D,2026-08-18 06:43:06.691355
2026-08-17,2026-06-01,2026-08-17,district,ASSAM & MEGHALAYA,ASSAM,NALBARI,22.5,12.1,86.0,LE,427.5,1147.3,-63.0,LD,2026-08-18 06:43:06.691355
2026-08-17,2026-06-01,2026-08-17,district,ASSAM & MEGHALAYA,ASSAM,SIBSAGAR,7.1,8.7,-18.0,N,591.8,843.5,-30.0,D,2026-08-18 06:43:06.691355
2026-08-17,2026-06-01,2026-08-17,district,ASSAM & MEGHALAYA,ASSAM,SONITPUR,6.8,9.1,-25.0,D,788.9,842.0,-6.0,N,2026-08-18 06:43:06.691355
2026-08-17,2026-06-01,2026-08-17,district,ASSAM & MEGHALAYA,ASSAM,SRIBHUMI,2.5,20.1,-88.0,LD,1233.8,1558.5,-21.0,D,2026-08-18 06:43:06.691355
2026-08-17,2026-06-01,2026-08-17,district,ASSAM & MEGHALAYA,ASSAM,TAMULPUR,3.9,11.6,-66.0,LD,901.7,1000.9,-10.0,N,2026-08-18 06:43:06.691355
2026-08-17,2026-06-01,2026-08-17,district,ASSAM & MEGHALAYA,ASSAM,TINSUKIA,0.5,10.7,-96.0,LD,1004.9,1009.3,0.0,N,2026-08-18 06:43:06.691355
2026-08-17,2026-06-01,2026-08-17,district,ASSAM & MEGHALAYA,ASSAM,UDALGURI,26.1,15.8,65.0,LE,468.9,1052.9,-55.0,D,2026-08-18 06:43:06.691355
2026-08-17,2026-06-01,2026-08-17,district,ASSAM & MEGHALAYA,ASSAM,WEST KARBI ANGLONG,26.6,7.0,280.0,LE,403.0,491.3,-18.0,N,2026-08-18 06:43:06.691355
2026-08-17,2026-06-01,2026-08-17,district,ASSAM & MEGHALAYA,MEGHALAYA,EAST GARO HILLS,2.8,15.7,-82.0,LD,555.1,1353.3,-59.0,D,2026-08-18 06:43:06.691355
2026-08-17,2026-06-01,2026-08-17,district,ASSAM & MEGHALAYA,MEGHALAYA,EAST JAINTIA HILLS,12.8,30.1,-57.0,D,1216.5,3286.4,-63.0,LD,2026-08-18 06:43:06.691355
2026-08-17,2026-06-01,2026-08-17,district,ASSAM & MEGHALAYA,MEGHALAYA,EAST KHASI HILLS,23.4,36.2,-35.0,D,1630.9,3297.2,-51.0,D,2026-08-18 06:43:06.691355
2026-08-17,2026-06-01,2026-08-17,district,ASSAM & MEGHALAYA,MEGHALAYA,NORTH GARO HILLS,5.6,5.8,-3.0,N,413.2,1282.1,-68.0,LD,2026-08-18 06:43:06.691355
2026-08-17,2026-06-01,2026-08-17,district,ASSAM & MEGHALAYA,MEGHALAYA,RI BHOI,8.6,10.3,-17.0,N,512.2,1024.6,-50.0,D,2026-08-18 06:43:06.691355
2026-08-17,2026-06-01,2026-08-17,district,ASSAM & MEGHALAYA,MEGHALAYA,SOUTH GARO HILLS,8.6,5.8,48.0,E,730.2,1282.1,-43.0,D,2026-08-18 06:43:06.691355
2026-08-17,2026-06-01,2026-08-17,district,ASSAM & MEGHALAYA,MEGHALAYA,SOUTH WEST GARO HILLS,1.2,5.8,-79.0,LD,493.9,1282.1,-61.0,LD,2026-08-18 06:43:06.691355
2026-08-17,2026-06-01,2026-08-17,district,ASSAM & MEGHALAYA,MEGHALAYA,SOUTH WEST KHASI HILLS,29.3,5.8,405.0,LE,2269.5,1282.1,77.0,LE,2026-08-18 06:43:06.691355
2026-08-17,2026-06-01,2026-08-17,district,ASSAM & MEGHALAYA,MEGHALAYA,WEST GARO HILLS,5.1,14.2,-64.0,LD,393.5,1315.1,-70.0,LD,2026-08-18 06:43:06.691355
2026-08-17,2026-06-01,2026-08-17,district,ASSAM & MEGHALAYA,MEGHALAYA,WEST JAINTIA HILLS,10.0,30.1,-67.0,LD,711.9,3286.4,-78.0,LD,2026-08-18 06:43:06.691355
2026-08-17,2026-06-01,2026-08-17,district,ASSAM & MEGHALAYA,MEGHALAYA,WEST KHASI HILLS,4.0,13.1,-69.0,LD,560.6,1940.0,-71.0,LD,2026-08-18 06:43:06.691355
2026-08-17,2026-06-01,2026-08-17,district,BIHAR,BIHAR,ARARIA,1.1,12.4,-91.0,LD,636.6,941.8,-32.0,D,2026-08-18 06:43:06.691355
2026-08-17,2026-06-01,2026-08-17,district,BIHAR,BIHAR,ARWAL,0.0,7.0,-100.0,NR,214.1,445.1,-52.0,D,2026-08-18 06:43:06.691355
2026-08-17,2026-06-01,2026-08-17,district,BIHAR,BIHAR,AURANGABAD,0.3,7.4,-96.0,LD,384.4,562.9,-32.0,D,2026-08-18 06:43:06.691355
2026-08-17,2026-06-01,2026-08-17,district,BIHAR,BIHAR,BANKA,0.0,10.5,-100.0,NR,284.9,579.8,-51.0,D,2026-08-18 06:43:06.691355
2026-08-17,2026-06-01,2026-08-17,district,BIHAR,BIHAR,BEGUSARAI,0.0,8.9,-100.0,NR,385.0,652.1,-41.0,D,2026-08-18 06:43:06.691355
2026-08-17,2026-06-01,2026-08-17,district,BIHAR,BIHAR,BHABUA,9.3,9.6,-3.0,N,258.7,557.1,-54.0,D,2026-08-18 06:43:06.691355
2026-08-17,2026-06-01,2026-08-17,district,BIHAR,BIHAR,BHAGALPUR,0.1,9.6,-99.0,LD,252.8,638.8,-60.0,LD,2026-08-18 06:43:06.691355
2026-08-17,2026-06-01,2026-08-17,district,BIHAR,BIHAR,BHOJPUR,1.6,9.4,-83.0,LD,262.2,568.4,-54.0,D,2026-08-18 06:43:06.691355
2026-08-17,2026-06-01,2026-08-17,district,BIHAR,BIHAR,BUXAR,10.1,9.3,9.0,N,370.8,515.7,-28.0,D,2026-08-18 06:43:06.691355
2026-08-17,2026-06-01,2026-08-17,district,BIHAR,BIHAR,DARBHANGA,0.0,9.2,-100.0,NR,293.8,609.8,-52.0,D,2026-08-18 06:43:06.691355
2026-08-17,2026-06-01,2026-08-17,district,BIHAR,BIHAR,EAST CHAMPARAN,8.3,10.8,-23.0,D,411.8,708.2,-42.0,D,2026-08-18 06:43:06.691355
2026-08-17,2026-06-01,2026-08-17,district,BIHAR,BIHAR,GAYA,0.0,10.5,-100.0,NR,300.7,555.0,-46.0,D,2026-08-18 06:43:06.691355
2026-08-17,2026-06-01,2026-08-17,district,BIHAR,BIHAR,GOPALGANJ,21.4,7.8,174.0,LE,417.9,633.1,-34.0,D,2026-08-18 06:43:06.691355
2026-08-17,2026-06-01,2026-08-17,district,BIHAR,BIHAR,JAHANABAD,0.0,10.2,-100.0,NR,183.7,548.5,-67.0,LD,2026-08-18 06:43:06.691355
2026-08-17,2026-06-01,2026-08-17,district,BIHAR,BIHAR,JAMUI,0.0,10.3,-100.0,NR,272.5,610.0,-55.0,D,2026-08-18 06:43:06.691355
2026-08-17,2026-06-01,2026-08-17,district,BIHAR,BIHAR,KATIHAR,0.0,7.8,-100.0,NR,420.7,701.1,-40.0,D,2026-08-18 06:43:06.691355
2026-08-17,2026-06-01,2026-08-17,district,BIHAR,BIHAR,KHAGARIA,0.0,10.0,-100.0,NR,550.9,630.1,-13.0,N,2026-08-18 06:43:06.691355
2026-08-17,2026-06-01,2026-08-17,district,BIHAR,BIHAR,KISHANGANJ,0.5,14.5,-96.0,LD,855.6,1186.9,-28.0,D,2026-08-18 06:43:06.691355
2026-08-17,2026-06-01,2026-08-17,district,BIHAR,BIHAR,LAKHISARAI,0.0,10.3,-100.0,NR,471.5,562.6,-16.0,N,2026-08-18 06:43:06.691355
2026-08-17,2026-06-01,2026-08-17,district,BIHAR,BIHAR,MADHEPURA,0.0,6.5,-100.0,NR,414.8,679.2,-39.0,D,2026-08-18 06:43:06.691355
2026-08-17,2026-06-01,2026-08-17,district,BIHAR,BIHAR,MADHUBANI,0.0,7.3,-100.0,NR,413.8,668.2,-38.0,D,2026-08-18 06:43:06.691355
2026-08-17,2026-06-01,2026-08-17,district,BIHAR,BIHAR,MUNGER,0.0,12.0,-100.0,NR,398.1,672.7,-41.0,D,2026-08-18 06:43:06.691355
2026-08-17,2026-06-01,2026-08-17,district,BIHAR,BIHAR,MUZAFFARPUR,0.0,8.4,-99.0,LD,321.5,634.8,-49.0,D,2026-08-18 06:43:06.691355
2026-08-17,2026-06-01,2026-08-17,district,BIHAR,BIHAR,NALANDA,0.0,10.4,-100.0,NR,287.9,559.4,-49.0,D,2026-08-18 06:43:06.691355
2026-08-17,2026-06-01,2026-08-17,district,BIHAR,BIHAR,NAWADA,0.0,13.6,-100.0,NR,330.0,553.9,-40.0,D,2026-08-18 06:43:06.691355
2026-08-17,2026-06-01,2026-08-17,district,BIHAR,BIHAR,PATNA,0.0,7.8,-100.0,NR,272.4,576.0,-53.0,D,2026-08-18 06:43:06.691355
2026-08-17,2026-06-01,2026-08-17,district,BIHAR,BIHAR,PURNEA,0.0,10.9,-100.0,NR,546.8,948.7,-42.0,D,2026-08-18 06:43:06.691355
2026-08-17,2026-06-01,2026-08-17,district,BIHAR,BIHAR,ROHTAS,5.0,8.5,-41.0,D,322.6,550.2,-41.0,D,2026-08-18 06:43:06.691355
2026-08-17,2026-06-01,2026-08-17,district,BIHAR,BIHAR,SAHARSA,0.0,9.6,-100.0,NR,365.1,721.7,-49.0,D,2026-08-18 06:43:06.691355
2026-08-17,2026-06-01,2026-08-17,district,BIHAR,BIHAR,SAMASTIPUR,0.0,5.5,-100.0,NR,324.3,614.9,-47.0,D,2026-08-18 06:43:06.691355
2026-08-17,2026-06-01,2026-08-17,district,BIHAR,BIHAR,SARAN,1.0,6.7,-85.0,LD,318.7,584.5,-45.0,D,2026-08-18 06:43:06.691355
2026-08-17,2026-06-01,2026-08-17,district,BIHAR,BIHAR,SHEIKHPURA,0.4,8.5,-95.0,LD,323.8,548.4,-41.0,D,2026-08-18 06:43:06.691355
2026-08-17,2026-06-01,2026-08-17,district,BIHAR,BIHAR,SHEOHAR,0.0,8.3,-100.0,NR,294.3,672.2,-56.0,D,2026-08-18 06:43:06.691355
2026-08-17,2026-06-01,2026-08-17,district,BIHAR,BIHAR,SITAMARHI,1.0,7.1,-86.0,LD,315.0,735.7,-57.0,D,2026-08-18 06:43:06.691355
2026-08-17,2026-06-01,2026-08-17,district,BIHAR,BIHAR,SIWAN,35.7,8.2,335.0,LE,549.3,579.2,-5.0,N,2026-08-18 06:43:06.691355
2026-08-17,2026-06-01,2026-08-17,district,BIHAR,BIHAR,SUPAUL,0.0,6.7,-100.0,NR,563.8,741.7,-24.0,D,2026-08-18 06:43:06.691355
2026-08-17,2026-06-01,2026-08-17,district,BIHAR,BIHAR,VAISHALI,0.0,6.6,-100.0,NR,351.8,596.2,-41.0,D,2026-08-18 06:43:06.691355
2026-08-17,2026-06-01,2026-08-17,district,BIHAR,BIHAR,WEST CHAMPARAN,9.9,10.6,-6.0,N,566.1,834.5,-32.0,D,2026-08-18 06:43:06.691355
2026-08-17,2026-06-01,2026-08-17,district,CHHATTISGARH,CHHATTISGARH,BALOD,27.9,10.4,168.0,LE,779.9,683.8,14.0,N,2026-08-18 06:43:06.691355
2026-08-17,2026-06-01,2026-08-17,district,CHHATTISGARH,CHHATTISGARH,BALODA BAZAR,7.0,12.5,-44.0,D,807.5,638.6,26.0,E,2026-08-18 06:43:06.691355
2026-08-17,2026-06-01,2026-08-17,district,CHHATTISGARH,CHHATTISGARH,BALRAMPUR,3.4,8.3,-59.0,D,821.8,653.8,26.0,E,2026-08-18 06:43:06.691355
2026-08-17,2026-06-01,2026-08-17,district,CHHATTISGARH,CHHATTISGARH,BASTAR,0.5,9.8,-94.0,LD,619.1,804.7,-23.0,D,2026-08-18 06:43:06.691355
2026-08-17,2026-06-01,2026-08-17,district,CHHATTISGARH,CHHATTISGARH,BEMETARA,2.8,16.3,-83.0,LD,431.1,723.0,-40.0,D,2026-08-18 06:43:06.691355
2026-08-17,2026-06-01,2026-08-17,district,CHHATTISGARH,CHHATTISGARH,BIJAPUR,1.6,11.5,-86.0,LD,890.0,957.9,-7.0,N,2026-08-18 06:43:06.691355
2026-08-17,2026-06-01,2026-08-17,district,CHHATTISGARH,CHHATTISGARH,BILASPUR,2.9,13.1,-78.0,LD,773.9,698.9,11.0,N,2026-08-18 06:43:06.691355
2026-08-17,2026-06-01,2026-08-17,district,CHHATTISGARH,CHHATTISGARH,DANTEWADA,0.1,7.1,-98.0,LD,725.9,879.8,-17.0,N,2026-08-18 06:43:06.691355
2026-08-17,2026-06-01,2026-08-17,district,CHHATTISGARH,CHHATTISGARH,DHAMTARI,15.2,15.4,-1.0,N,702.6,712.9,-1.0,N,2026-08-18 06:43:06.691355
2026-08-17,2026-06-01,2026-08-17,district,CHHATTISGARH,CHHATTISGARH,DURG,4.9,10.8,-55.0,D,574.3,679.5,-15.0,N,2026-08-18 06:43:06.691355
2026-08-17,2026-06-01,2026-08-17,district,CHHATTISGARH,CHHATTISGARH,GARIABAND,16.4,12.9,27.0,E,774.5,700.5,11.0,N,2026-08-18 06:43:06.691355
2026-08-17,2026-06-01,2026-08-17,district,CHHATTISGARH,CHHATTISGARH,GAURELA PENDRA MARWAHI,3.0,14.2,-79.0,LD,691.9,730.3,-5.0,N,2026-08-18 06:43:06.691355
2026-08-17,2026-06-01,2026-08-17,district,CHHATTISGARH,CHHATTISGARH,JANJGIR,3.5,10.5,-67.0,LD,898.0,741.9,21.0,E,2026-08-18 06:43:06.691355
2026-08-17,2026-06-01,2026-08-17,district,CHHATTISGARH,CHHATTISGARH,JASHPUR,9.4,15.1,-38.0,D,572.2,940.9,-39.0,D,2026-08-18 06:43:06.691355
2026-08-17,2026-06-01,2026-08-17,district,CHHATTISGARH,CHHATTISGARH,KABIRDHAM,3.9,10.6,-63.0,LD,453.6,586.1,-23.0,D,2026-08-18 06:43:06.691355
2026-08-17,2026-06-01,2026-08-17,district,CHHATTISGARH,CHHATTISGARH,KANKER,8.7,13.9,-38.0,D,571.6,909.1,-37.0,D,2026-08-18 06:43:06.691355
2026-08-17,2026-06-01,2026-08-17,district,CHHATTISGARH,CHHATTISGARH,KHAIRAGARH CHH GANDAI,9.4,8.6,9.0,N,502.2,494.0,2.0,N,2026-08-18 06:43:06.691355
2026-08-17,2026-06-01,2026-08-17,district,CHHATTISGARH,CHHATTISGARH,KONDAGAON,5.0,12.0,-58.0,D,635.1,784.3,-19.0,N,2026-08-18 06:43:06.691355
2026-08-17,2026-06-01,2026-08-17,district,CHHATTISGARH,CHHATTISGARH,KORBA,38.9,10.4,274.0,LE,767.1,867.2,-12.0,N,2026-08-18 06:43:06.691355
2026-08-17,2026-06-01,2026-08-17,district,CHHATTISGARH,CHHATTISGARH,KORIYA,3.8,10.1,-62.0,LD,625.4,755.7,-17.0,N,2026-08-18 06:43:06.691355
2026-08-17,2026-06-01,2026-08-17,district,CHHATTISGARH,CHHATTISGARH,MAHASAMUND,8.3,12.2,-32.0,D,852.0,706.4,21.0,E,2026-08-18 06:43:06.691355
2026-08-17,2026-06-01,2026-08-17,district,CHHATTISGARH,CHHATTISGARH,MANENDRAGARH BHARATPUR,32.5,10.2,219.0,LE,734.7,755.7,-3.0,N,2026-08-18 06:43:06.691355
2026-08-17,2026-06-01,2026-08-17,district,CHHATTISGARH,CHHATTISGARH,MOHALA MANPUR CHOWKI,16.8,7.0,139.0,LE,602.3,710.9,-15.0,N,2026-08-18 06:43:06.691355
2026-08-17,2026-06-01,2026-08-17,district,CHHATTISGARH,CHHATTISGARH,MUNGELI,0.3,10.7,-98.0,LD,823.9,653.0,26.0,E,2026-08-18 06:43:06.691355
2026-08-17,2026-06-01,2026-08-17,district,CHHATTISGARH,CHHATTISGARH,NARAYANPUR,1.2,10.3,-89.0,LD,1057.7,839.6,26.0,E,2026-08-18 06:43:06.691355
2026-08-17,2026-06-01,2026-08-17,district,CHHATTISGARH,CHHATTISGARH,RAIGARH,21.0,9.9,112.0,LE,720.4,798.5,-10.0,N,2026-08-18 06:43:06.691355
2026-08-17,2026-06-01,2026-08-17,district,CHHATTISGARH,CHHATTISGARH,RAIPUR,18.6,12.6,48.0,E,756.6,689.9,10.0,N,2026-08-18 06:43:06.691355
2026-08-17,2026-06-01,2026-08-17,district,CHHATTISGARH,CHHATTISGARH,RAJNANDGAON,22.7,9.6,137.0,LE,622.4,714.4,-13.0,N,2026-08-18 06:43:06.691355
2026-08-17,2026-06-01,2026-08-17,district,CHHATTISGARH,CHHATTISGARH,SAKTI,0.8,10.2,-92.0,LD,735.1,751.8,-2.0,N,2026-08-18 06:43:06.691355
2026-08-17,2026-06-01,2026-08-17,district,CHHATTISGARH,CHHATTISGARH,SARANGARH BILAIGARH,0.8,7.9,-90.0,LD,972.2,630.1,54.0,E,2026-08-18 06:43:06.691355
2026-08-17,2026-06-01,2026-08-17,district,CHHATTISGARH,CHHATTISGARH,SUKMA,1.6,13.3,-88.0,LD,674.6,823.3,-18.0,N,2026-08-18 06:43:06.691355
2026-08-17,2026-06-01,2026-08-17,district,CHHATTISGARH,CHHATTISGARH,SURAJPUR,25.9,10.2,154.0,LE,798.5,821.8,-3.0,N,2026-08-18 06:43:06.691355
2026-08-17,2026-06-01,2026-08-17,district,CHHATTISGARH,CHHATTISGARH,SURGUJA,21.1,10.9,93.0,LE,428.7,816.8,-48.0,D,2026-08-18 06:43:06.691355
2026-08-17,2026-06-01,2026-08-17,district,COASTAL A. P. & YANAM,ANDHRA PRADESH,ANAKAPALLI,0.3,4.8,-95.0,LD,254.5,371.4,-31.0,D,2026-08-18 06:43:06.691355
2026-08-17,2026-06-01,2026-08-17,district,COASTAL A. P. & YANAM,ANDHRA PRADESH,BAPATLA,0.0,3.5,-100.0,NR,131.4,314.0,-58.0,D,2026-08-18 06:43:06.691355
2026-08-17,2026-06-01,2026-08-17,district,COASTAL A. P. & YANAM,ANDHRA PRADESH,DR B R AMBEDKAR KONASEEMA,1.4,7.6,-82.0,LD,425.4,495.2,-14.0,N,2026-08-18 06:43:06.691355
2026-08-17,2026-06-01,2026-08-17,district,COASTAL A. P. & YANAM,ANDHRA PRADESH,EAST GODAVARI,0.0,6.8,-100.0,NR,304.1,467.7,-35.0,D,2026-08-18 06:43:06.691355
2026-08-17,2026-06-01,2026-08-17,district,COASTAL A. P. & YANAM,ANDHRA PRADESH,ELURU,2.4,8.7,-73.0,LD,352.5,564.3,-38.0,D,2026-08-18 06:43:06.691355
2026-08-17,2026-06-01,2026-08-17,district,COASTAL A. P. & YANAM,ANDHRA PRADESH,GUNTUR,0.3,4.9,-93.0,LD,284.3,368.7,-23.0,D,2026-08-18 06:43:06.691355
2026-08-17,2026-06-01,2026-08-17,district,COASTAL A. P. & YANAM,ANDHRA PRADESH,KAKINADA,4.9,5.7,-14.0,N,281.7,420.5,-33.0,D,2026-08-18 06:43:06.691355
2026-08-17,2026-06-01,2026-08-17,district,COASTAL A. P. & YANAM,ANDHRA PRADESH,KRISHNA,1.4,5.1,-73.0,LD,275.8,422.6,-35.0,D,2026-08-18 06:43:06.691355
2026-08-17,2026-06-01,2026-08-17,district,COASTAL A. P. & YANAM,ANDHRA PRADESH,NTR DISTRICT,0.3,5.5,-95.0,LD,305.0,447.8,-32.0,D,2026-08-18 06:43:06.691355
2026-08-17,2026-06-01,2026-08-17,district,COASTAL A. P. & YANAM,ANDHRA PRADESH,PALNADU,0.0,3.6,-100.0,NR,206.5,331.2,-38.0,D,2026-08-18 06:43:06.691355
2026-08-17,2026-06-01,2026-08-17,district,COASTAL A. P. & YANAM,ANDHRA PRADESH,PARVATHIPURAM MANYAM,1.1,6.5,-83.0,LD,276.4,483.5,-43.0,D,2026-08-18 06:43:06.691355
2026-08-17,2026-06-01,2026-08-17,district,COASTAL A. P. & YANAM,ANDHRA PRADESH,PRAKASAM,0.0,3.0,-100.0,NR,96.3,203.2,-53.0,D,2026-08-18 06:43:06.691355
2026-08-17,2026-06-01,2026-08-17,district,COASTAL A. P. & YANAM,ANDHRA PRADESH,SPSR NELLORE,0.0,2.5,-100.0,NR,124.3,183.1,-32.0,D,2026-08-18 06:43:06.691355
2026-08-17,2026-06-01,2026-08-17,district,COASTAL A. P. & YANAM,ANDHRA PRADESH,SRI ALLURI SITHARAMARAJU DISTRICT,1.9,10.1,-82.0,LD,308.7,601.9,-49.0,D,2026-08-18 06:43:06.691355
2026-08-17,2026-06-01,2026-08-17,district,COASTAL A. P. & YANAM,ANDHRA PRADESH,SRIKAKULAM,3.7,5.1,-27.0,D,259.8,436.8,-41.0,D,2026-08-18 06:43:06.691355
2026-08-17,2026-06-01,2026-08-17,district,COASTAL A. P. & YANAM,ANDHRA PRADESH,VISHAKHAPATNAM,0.0,5.0,-100.0,NR,233.3,331.5,-30.0,D,2026-08-18 06:43:06.691355
2026-08-17,2026-06-01,2026-08-17,district,COASTAL A. P. & YANAM,ANDHRA PRADESH,VIZIANAGARAM,1.1,5.9,-81.0,LD,296.2,412.3,-28.0,D,2026-08-18 06:43:06.691355
2026-08-17,2026-06-01,2026-08-17,district,COASTAL A. P. & YANAM,ANDHRA PRADESH,WEST GODAVARI,0.0,7.2,-100.0,NR,226.7,475.8,-52.0,D,2026-08-18 06:43:06.691355
2026-08-17,2026-06-01,2026-08-17,district,COASTAL A. P. & YANAM,PUDUCHERRY (UT),YANAM,0.0,7.9,-100.0,NR,272.0,451.8,-40.0,D,2026-08-18 06:43:06.691355
2026-08-17,2026-06-01,2026-08-17,district,COASTAL KARNATAKA,KARNATAKA,DAKSHINA KANNADA,18.7,32.1,-42.0,D,2118.9,2661.8,-20.0,D,2026-08-18 06:43:06.691355
2026-08-17,2026-06-01,2026-08-17,district,COASTAL KARNATAKA,KARNATAKA,UDUPI,20.0,33.7,-41.0,D,2229.7,3014.9,-26.0,D,2026-08-18 06:43:06.691355
2026-08-17,2026-06-01,2026-08-17,district,COASTAL KARNATAKA,KARNATAKA,UTTARA KANNADA,13.2,25.9,-49.0,D,1683.7,2234.0,-25.0,D,2026-08-18 06:43:06.691355
2026-08-17,2026-06-01,2026-08-17,district,EAST MADHYA PRADESH,MADHYA PRADESH,ANUPPUR,27.6,10.3,168.0,LE,747.8,681.7,10.0,N,2026-08-18 06:43:06.691355
2026-08-17,2026-06-01,2026-08-17,district,EAST MADHYA PRADESH,MADHYA PRADESH,BALAGHAT,16.2,15.7,3.0,N,783.5,870.2,-10.0,N,2026-08-18 06:43:06.691355
2026-08-17,2026-06-01,2026-08-17,district,EAST MADHYA PRADESH,MADHYA PRADESH,CHHATARPUR,16.2,11.6,40.0,E,471.8,620.4,-24.0,D,2026-08-18 06:43:06.691355
2026-08-17,2026-06-01,2026-08-17,district,EAST MADHYA PRADESH,MADHYA PRADESH,CHHINDWARA,4.1,10.0,-59.0,D,576.2,692.5,-17.0,N,2026-08-18 06:43:06.691355
2026-08-17,2026-06-01,2026-08-17,district,EAST MADHYA PRADESH,MADHYA PRADESH,DAMOH,14.7,11.1,33.0,E,631.0,745.0,-15.0,N,2026-08-18 06:43:06.691355
2026-08-17,2026-06-01,2026-08-17,district,EAST MADHYA PRADESH,MADHYA PRADESH,DINDORI,21.6,12.6,71.0,LE,719.0,822.1,-13.0,N,2026-08-18 06:43:06.691355
2026-08-17,2026-06-01,2026-08-17,district,EAST MADHYA PRADESH,MADHYA PRADESH,JABALPUR,39.1,19.3,102.0,LE,561.1,760.8,-26.0,D,2026-08-18 06:43:06.691355
2026-08-17,2026-06-01,2026-08-17,district,EAST MADHYA PRADESH,MADHYA PRADESH,KATNI,19.6,7.9,149.0,LE,497.1,632.5,-21.0,D,2026-08-18 06:43:06.691355
2026-08-17,2026-06-01,2026-08-17,district,EAST MADHYA PRADESH,MADHYA PRADESH,MAIHAR,13.3,16.2,-18.0,N,529.0,653.3,-19.0,N,2026-08-18 06:43:06.691355
2026-08-17,2026-06-01,2026-08-17,district,EAST MADHYA PRADESH,MADHYA PRADESH,MANDLA,14.4,16.4,-12.0,N,699.3,837.0,-16.0,N,2026-08-18 06:43:06.691355
2026-08-17,2026-06-01,2026-08-17,district,EAST MADHYA PRADESH,MADHYA PRADESH,MAUGANJ,74.5,6.0,1142.0,LE,731.3,624.9,17.0,N,2026-08-18 06:43:06.691355
2026-08-17,2026-06-01,2026-08-17,district,EAST MADHYA PRADESH,MADHYA PRADESH,NARSINGHPUR,6.0,13.0,-54.0,D,610.4,682.9,-11.0,N,2026-08-18 06:43:06.691355
2026-08-17,2026-06-01,2026-08-17,district,EAST MADHYA PRADESH,MADHYA PRADESH,NIWARI,21.3,11.9,79.0,LE,463.0,489.8,-5.0,N,2026-08-18 06:43:06.691355
2026-08-17,2026-06-01,2026-08-17,district,EAST MADHYA PRADESH,MADHYA PRADESH,PANDHURNA,0.0,5.8,-100.0,NR,484.6,542.7,-11.0,N,2026-08-18 06:43:06.691355
2026-08-17,2026-06-01,2026-08-17,district,EAST MADHYA PRADESH,MADHYA PRADESH,PANNA,12.6,11.7,8.0,N,546.5,720.9,-24.0,D,2026-08-18 06:43:06.691355
2026-08-17,2026-06-01,2026-08-17,district,EAST MADHYA PRADESH,MADHYA PRADESH,REWA,7.0,11.9,-41.0,D,322.2,652.0,-51.0,D,2026-08-18 06:43:06.691355
2026-08-17,2026-06-01,2026-08-17,district,EAST MADHYA PRADESH,MADHYA PRADESH,SAGAR,14.0,10.8,30.0,E,527.7,733.0,-28.0,D,2026-08-18 06:43:06.691355
2026-08-17,2026-06-01,2026-08-17,district,EAST MADHYA PRADESH,MADHYA PRADESH,SATNA,17.5,15.0,17.0,N,588.2,631.2,-7.0,N,2026-08-18 06:43:06.691355
2026-08-17,2026-06-01,2026-08-17,district,EAST MADHYA PRADESH,MADHYA PRADESH,SEONI,1.5,10.2,-86.0,LD,636.2,706.1,-10.0,N,2026-08-18 06:43:06.691355
2026-08-17,2026-06-01,2026-08-17,district,EAST MADHYA PRADESH,MADHYA PRADESH,SHAHDOL,19.9,10.7,86.0,LE,662.1,654.2,1.0,N,2026-08-18 06:43:06.691355
2026-08-17,2026-06-01,2026-08-17,district,EAST MADHYA PRADESH,MADHYA PRADESH,SIDHI,43.3,9.3,365.0,LE,685.7,656.5,4.0,N,2026-08-18 06:43:06.691355
2026-08-17,2026-06-01,2026-08-17,district,EAST MADHYA PRADESH,MADHYA PRADESH,SINGRAULI,51.0,10.0,410.0,LE,603.1,692.5,-13.0,N,2026-08-18 06:43:06.691355
2026-08-17,2026-06-01,2026-08-17,district,EAST MADHYA PRADESH,MADHYA PRADESH,TIKAMGARH,13.6,11.5,18.0,N,445.5,641.4,-31.0,D,2026-08-18 06:43:06.691355
2026-08-17,2026-06-01,2026-08-17,district,EAST MADHYA PRADESH,MADHYA PRADESH,UMARIA,33.6,9.4,257.0,LE,690.8,679.1,2.0,N,2026-08-18 06:43:06.691355
2026-08-17,2026-06-01,2026-08-17,district,EAST RAJASTHAN,RAJASTHAN,AJMER,0.0,7.4,-100.0,NR,309.1,334.2,-7.0,N,2026-08-18 06:43:06.691355
2026-08-17,2026-06-01,2026-08-17,district,EAST RAJASTHAN,RAJASTHAN,ALWAR,0.3,7.0,-95.0,LD,348.9,382.0,-9.0,N,2026-08-18 06:43:06.691355
2026-08-17,2026-06-01,2026-08-17,district,EAST RAJASTHAN,RAJASTHAN,BANSWARA,0.9,12.2,-93.0,LD,360.4,598.0,-40.0,D,2026-08-18 06:43:06.691355
2026-08-17,2026-06-01,2026-08-17,district,EAST RAJASTHAN,RAJASTHAN,BARAN,1.4,8.0,-83.0,LD,471.9,596.1,-21.0,D,2026-08-18 06:43:06.691355
2026-08-17,2026-06-01,2026-08-17,district,EAST RAJASTHAN,RAJASTHAN,BHARATPUR,0.6,7.6,-92.0,LD,481.7,371.1,30.0,E,2026-08-18 06:43:06.691355
2026-08-17,2026-06-01,2026-08-17,district,EAST RAJASTHAN,RAJASTHAN,BHILWARA,0.0,7.6,-100.0,NR,336.5,435.9,-23.0,D,2026-08-18 06:43:06.691355
2026-08-17,2026-06-01,2026-08-17,district,EAST RAJASTHAN,RAJASTHAN,BUNDI,0.0,8.2,-100.0,NR,345.4,467.6,-26.0,D,2026-08-18 06:43:06.691355
2026-08-17,2026-06-01,2026-08-17,district,EAST RAJASTHAN,RAJASTHAN,CHITTORGARH,0.1,9.9,-99.0,LD,449.5,508.3,-12.0,N,2026-08-18 06:43:06.691355
2026-08-17,2026-06-01,2026-08-17,district,EAST RAJASTHAN,RAJASTHAN,DAUSA,0.0,5.1,-100.0,NR,411.2,428.1,-4.0,N,2026-08-18 06:43:06.691355
2026-08-17,2026-06-01,2026-08-17,district,EAST RAJASTHAN,RAJASTHAN,DHOLPUR,14.5,10.3,41.0,E,438.5,401.9,9.0,N,2026-08-18 06:43:06.691355
2026-08-17,2026-06-01,2026-08-17,district,EAST RAJASTHAN,RAJASTHAN,DUNGARPUR,1.1,8.4,-87.0,LD,338.7,484.5,-30.0,D,2026-08-18 06:43:06.691355
2026-08-17,2026-06-01,2026-08-17,district,EAST RAJASTHAN,RAJASTHAN,JAIPUR,0.0,6.4,-100.0,NR,298.6,379.7,-21.0,D,2026-08-18 06:43:06.691355
2026-08-17,2026-06-01,2026-08-17,district,EAST RAJASTHAN,RAJASTHAN,JHALAWAR,2.5,9.9,-75.0,LD,531.0,606.2,-12.0,N,2026-08-18 06:43:06.691355
2026-08-17,2026-06-01,2026-08-17,district,EAST RAJASTHAN,RAJASTHAN,JHUNJHUNU,0.0,3.9,-100.0,NR,393.2,296.1,33.0,E,2026-08-18 06:43:06.691355
2026-08-17,2026-06-01,2026-08-17,district,EAST RAJASTHAN,RAJASTHAN,KARAULI,8.2,7.6,7.0,N,347.2,428.5,-19.0,N,2026-08-18 06:43:06.691355
2026-08-17,2026-06-01,2026-08-17,district,EAST RAJASTHAN,RAJASTHAN,KOTA,4.3,9.9,-57.0,D,379.4,526.4,-28.0,D,2026-08-18 06:43:06.691355
2026-08-17,2026-06-01,2026-08-17,district,EAST RAJASTHAN,RAJASTHAN,PRATAPGARH,0.0,10.4,-100.0,NR,575.4,618.0,-7.0,N,2026-08-18 06:43:06.691355
2026-08-17,2026-06-01,2026-08-17,district,EAST RAJASTHAN,RAJASTHAN,RAJSAMAND,0.0,9.3,-100.0,NR,303.9,380.1,-20.0,D,2026-08-18 06:43:06.691355
2026-08-17,2026-06-01,2026-08-17,district,EAST RAJASTHAN,RAJASTHAN,SAWAI MADHOPUR,0.0,8.4,-100.0,NR,311.6,481.0,-35.0,D,2026-08-18 06:43:06.691355
2026-08-17,2026-06-01,2026-08-17,district,EAST RAJASTHAN,RAJASTHAN,SIKAR,0.0,3.2,-100.0,NR,324.7,307.0,6.0,N,2026-08-18 06:43:06.691355
2026-08-17,2026-06-01,2026-08-17,district,EAST RAJASTHAN,RAJASTHAN,SIROHI,1.1,11.9,-91.0,LD,409.4,631.5,-35.0,D,2026-08-18 06:43:06.691355
2026-08-17,2026-06-01,2026-08-17,district,EAST RAJASTHAN,RAJASTHAN,TONK,0.8,7.2,-89.0,LD,331.0,418.5,-21.0,D,2026-08-18 06:43:06.691355
2026-08-17,2026-06-01,2026-08-17,district,EAST RAJASTHAN,RAJASTHAN,UDAIPUR,0.2,7.5,-97.0,LD,339.1,429.1,-21.0,D,2026-08-18 06:43:06.691355
2026-08-17,2026-06-01,2026-08-17,district,EAST UTTAR PRADESH,UTTAR PRADESH,AMBEDKAR NAGAR,13.7,9.9,38.0,E,347.4,562.5,-38.0,D,2026-08-18 06:43:06.691355
2026-08-17,2026-06-01,2026-08-17,district,EAST UTTAR PRADESH,UTTAR PRADESH,AMETHI,14.3,8.7,65.0,LE,198.9,443.3,-55.0,D,2026-08-18 06:43:06.691355
2026-08-17,2026-06-01,2026-08-17,district,EAST UTTAR PRADESH,UTTAR PRADESH,AYODHYA,34.3,9.6,257.0,LE,419.0,567.7,-26.0,D,2026-08-18 06:43:06.691355
2026-08-17,2026-06-01,2026-08-17,district,EAST UTTAR PRADESH,UTTAR PRADESH,AZAMGARH,9.4,6.0,57.0,E,335.4,549.1,-39.0,D,2026-08-18 06:43:06.691355
2026-08-17,2026-06-01,2026-08-17,district,EAST UTTAR PRADESH,UTTAR PRADESH,BAHRAICH,6.5,8.1,-20.0,D,591.3,657.8,-10.0,N,2026-08-18 06:43:06.691355
2026-08-17,2026-06-01,2026-08-17,district,EAST UTTAR PRADESH,UTTAR PRADESH,BALLIA,2.1,6.2,-66.0,LD,399.1,481.3,-17.0,N,2026-08-18 06:43:06.691355
2026-08-17,2026-06-01,2026-08-17,district,EAST UTTAR PRADESH,UTTAR PRADESH,BALRAMPUR,5.3,3.5,52.0,E,469.0,536.7,-13.0,N,2026-08-18 06:43:06.691355
2026-08-17,2026-06-01,2026-08-17,district,EAST UTTAR PRADESH,UTTAR PRADESH,BANDA,26.8,8.0,235.0,LE,449.7,513.7,-12.0,N,2026-08-18 06:43:06.691355
2026-08-17,2026-06-01,2026-08-17,district,EAST UTTAR PRADESH,UTTAR PRADESH,BARABANKI,34.7,7.2,383.0,LE,493.8,532.5,-7.0,N,2026-08-18 06:43:06.691355
2026-08-17,2026-06-01,2026-08-17,district,EAST UTTAR PRADESH,UTTAR PRADESH,BASTI,14.7,4.6,219.0,LE,367.4,547.5,-33.0,D,2026-08-18 06:43:06.691355
2026-08-17,2026-06-01,2026-08-17,district,EAST UTTAR PRADESH,UTTAR PRADESH,BHADOHI,2.0,7.8,-74.0,LD,147.0,516.2,-72.0,LD,2026-08-18 06:43:06.691355
2026-08-17,2026-06-01,2026-08-17,district,EAST UTTAR PRADESH,UTTAR PRADESH,CHANDAULI,8.0,6.8,18.0,N,263.0,468.3,-44.0,D,2026-08-18 06:43:06.691355
2026-08-17,2026-06-01,2026-08-17,district,EAST UTTAR PRADESH,UTTAR PRADESH,CHITRAKOOT,22.3,6.6,237.0,LE,612.1,520.2,18.0,N,2026-08-18 06:43:06.691355
2026-08-17,2026-06-01,2026-08-17,district,EAST UTTAR PRADESH,UTTAR PRADESH,DEORIA,7.0,5.2,35.0,E,153.5,535.1,-71.0,LD,2026-08-18 06:43:06.691355
2026-08-17,2026-06-01,2026-08-17,district,EAST UTTAR PRADESH,UTTAR PRADESH,FARRUKHABAD,10.2,9.0,13.0,N,343.6,483.2,-29.0,D,2026-08-18 06:43:06.691355
2026-08-17,2026-06-01,2026-08-17,district,EAST UTTAR PRADESH,UTTAR PRADESH,FATEHPUR,10.4,6.7,56.0,E,206.7,454.0,-54.0,D,2026-08-18 06:43:06.691355
2026-08-17,2026-06-01,2026-08-17,district,EAST UTTAR PRADESH,UTTAR PRADESH,GHAZIPUR,30.6,9.3,228.0,LE,309.1,503.5,-39.0,D,2026-08-18 06:43:06.691355
2026-08-17,2026-06-01,2026-08-17,district,EAST UTTAR PRADESH,UTTAR PRADESH,GONDA,21.0,7.0,200.0,LE,468.3,581.4,-19.0,N,2026-08-18 06:43:06.691355
2026-08-17,2026-06-01,2026-08-17,district,EAST UTTAR PRADESH,UTTAR PRADESH,GORAKHPUR,12.7,8.3,53.0,E,609.7,822.2,-26.0,D,2026-08-18 06:43:06.691355
2026-08-17,2026-06-01,2026-08-17,district,EAST UTTAR PRADESH,UTTAR PRADESH,HARDOI,19.9,6.2,221.0,LE,320.2,443.3,-28.0,D,2026-08-18 06:43:06.691355
2026-08-17,2026-06-01,2026-08-17,district,EAST UTTAR PRADESH,UTTAR PRADESH,JAUNPUR,6.2,5.7,9.0,N,146.7,459.0,-68.0,LD,2026-08-18 06:43:06.691355
2026-08-17,2026-06-01,2026-08-17,district,EAST UTTAR PRADESH,UTTAR PRADESH,KANNAUJ,29.6,5.9,401.0,LE,484.0,433.5,12.0,N,2026-08-18 06:43:06.691355
2026-08-17,2026-06-01,2026-08-17,district,EAST UTTAR PRADESH,UTTAR PRADESH,KANPUR CITY,19.0,7.6,150.0,LE,482.3,423.7,14.0,N,2026-08-18 06:43:06.691355
2026-08-17,2026-06-01,2026-08-17,district,EAST UTTAR PRADESH,UTTAR PRADESH,KANPUR DEHAT,2.0,6.2,-68.0,LD,110.1,378.5,-71.0,LD,2026-08-18 06:43:06.691355
2026-08-17,2026-06-01,2026-08-17,district,EAST UTTAR PRADESH,UTTAR PRADESH,KAUSHAMBI,9.5,5.5,73.0,LE,158.2,371.9,-57.0,D,2026-08-18 06:43:06.691355
2026-08-17,2026-06-01,2026-08-17,district,EAST UTTAR PRADESH,UTTAR PRADESH,KHERI,22.9,9.5,141.0,LE,624.2,608.8,3.0,N,2026-08-18 06:43:06.691355
2026-08-17,2026-06-01,2026-08-17,district,EAST UTTAR PRADESH,UTTAR PRADESH,KUSHI NAGAR,10.5,3.2,228.0,LE,191.1,506.6,-62.0,LD,2026-08-18 06:43:06.691355
2026-08-17,2026-06-01,2026-08-17,district,EAST UTTAR PRADESH,UTTAR PRADESH,LUCKNOW,8.8,5.0,76.0,LE,349.9,438.5,-20.0,D,2026-08-18 06:43:06.691355
2026-08-17,2026-06-01,2026-08-17,district,EAST UTTAR PRADESH,UTTAR PRADESH,MAHARAJGANJ,9.9,10.2,-3.0,N,572.2,681.5,-16.0,N,2026-08-18 06:43:06.691355
2026-08-17,2026-06-01,2026-08-17,district,EAST UTTAR PRADESH,UTTAR PRADESH,MAU,3.0,5.8,-48.0,D,185.0,525.2,-65.0,LD,2026-08-18 06:43:06.691355
2026-08-17,2026-06-01,2026-08-17,district,EAST UTTAR PRADESH,UTTAR PRADESH,MIRZAPUR,12.9,5.9,118.0,LE,582.6,569.5,2.0,N,2026-08-18 06:43:06.691355
2026-08-17,2026-06-01,2026-08-17,district,EAST UTTAR PRADESH,UTTAR PRADESH,PRATAPGARH,19.0,5.7,233.0,LE,413.8,494.7,-16.0,N,2026-08-18 06:43:06.691355
2026-08-17,2026-06-01,2026-08-17,district,EAST UTTAR PRADESH,UTTAR PRADESH,PRAYAGRAJ,47.2,5.1,825.0,LE,450.1,466.4,-3.0,N,2026-08-18 06:43:06.691355
2026-08-17,2026-06-01,2026-08-17,district,EAST UTTAR PRADESH,UTTAR PRADESH,RAE BAREILLY,23.8,2.5,852.0,LE,165.3,280.4,-41.0,D,2026-08-18 06:43:06.691355
2026-08-17,2026-06-01,2026-08-17,district,EAST UTTAR PRADESH,UTTAR PRADESH,SANT KABIR NAGAR,7.5,15.2,-51.0,D,343.7,692.5,-50.0,D,2026-08-18 06:43:06.691355
2026-08-17,2026-06-01,2026-08-17,district,EAST UTTAR PRADESH,UTTAR PRADESH,SHRAWASTI,0.0,9.0,-100.0,NR,428.7,762.2,-44.0,D,2026-08-18 06:43:06.691355
2026-08-17,2026-06-01,2026-08-17,district,EAST UTTAR PRADESH,UTTAR PRADESH,SIDDHARTH NAGAR,12.8,6.6,94.0,LE,483.8,711.9,-32.0,D,2026-08-18 06:43:06.691355
2026-08-17,2026-06-01,2026-08-17,district,EAST UTTAR PRADESH,UTTAR PRADESH,SITAPUR,12.5,6.1,105.0,LE,292.6,537.6,-46.0,D,2026-08-18 06:43:06.691355
2026-08-17,2026-06-01,2026-08-17,district,EAST UTTAR PRADESH,UTTAR PRADESH,SONBHADRA,65.7,6.2,960.0,LE,455.7,575.5,-21.0,D,2026-08-18 06:43:06.691355
2026-08-17,2026-06-01,2026-08-17,district,EAST UTTAR PRADESH,UTTAR PRADESH,SULTANPUR,5.4,6.9,-22.0,D,447.4,539.8,-17.0,N,2026-08-18 06:43:06.691355
2026-08-17,2026-06-01,2026-08-17,district,EAST UTTAR PRADESH,UTTAR PRADESH,UNNAO,21.7,8.3,161.0,LE,245.3,417.5,-41.0,D,2026-08-18 06:43:06.691355
2026-08-17,2026-06-01,2026-08-17,district,EAST UTTAR PRADESH,UTTAR PRADESH,VARANASI,7.3,3.7,96.0,LE,338.5,507.7,-33.0,D,2026-08-18 06:43:06.691355
2026-08-17,2026-06-01,2026-08-17,district,GANGETIC WEST BENGAL,WEST BENGAL,BANKURA,8.8,8.6,2.0,N,768.1,779.2,-1.0,N,2026-08-18 06:43:06.691355
2026-08-17,2026-06-01,2026-08-17,district,GANGETIC WEST BENGAL,WEST BENGAL,BIRBHUM,11.4,8.6,32.0,E,541.6,756.9,-28.0,D,2026-08-18 06:43:06.691355
2026-08-17,2026-06-01,2026-08-17,district,GANGETIC WEST BENGAL,WEST BENGAL,EAST MIDNAPORE,109.3,11.3,867.0,LE,1399.4,818.1,71.0,LE,2026-08-18 06:43:06.691355
2026-08-17,2026-06-01,2026-08-17,district,GANGETIC WEST BENGAL,WEST BENGAL,HOOGHLY,6.7,7.9,-16.0,N,746.1,706.4,6.0,N,2026-08-18 06:43:06.691355
2026-08-17,2026-06-01,2026-08-17,district,GANGETIC WEST BENGAL,WEST BENGAL,HOWRAH,23.5,11.9,97.0,LE,858.0,781.7,10.0,N,2026-08-18 06:43:06.691355
2026-08-17,2026-06-01,2026-08-17,district,GANGETIC WEST BENGAL,WEST BENGAL,JHARGRAM,32.0,9.3,244.0,LE,732.8,778.1,-6.0,N,2026-08-18 06:43:06.691355
2026-08-17,2026-06-01,2026-08-17,district,GANGETIC WEST BENGAL,WEST BENGAL,KOLKATA,15.5,12.3,26.0,E,1009.5,884.9,14.0,N,2026-08-18 06:43:06.691355
2026-08-17,2026-06-01,2026-08-17,district,GANGETIC WEST BENGAL,WEST BENGAL,MURSHIDABAD,10.5,8.7,21.0,E,497.7,662.3,-25.0,D,2026-08-18 06:43:06.691355
2026-08-17,2026-06-01,2026-08-17,district,GANGETIC WEST BENGAL,WEST BENGAL,NADIA,8.5,10.1,-16.0,N,487.0,642.5,-24.0,D,2026-08-18 06:43:06.691355
2026-08-17,2026-06-01,2026-08-17,district,GANGETIC WEST BENGAL,WEST BENGAL,NORTH 24 PARGANAS,17.1,9.8,74.0,LE,995.3,779.8,28.0,E,2026-08-18 06:43:06.691355
2026-08-17,2026-06-01,2026-08-17,district,GANGETIC WEST BENGAL,WEST BENGAL,PASCHIM BARDHAMAN,5.9,9.8,-40.0,D,617.9,734.0,-16.0,N,2026-08-18 06:43:06.691355
2026-08-17,2026-06-01,2026-08-17,district,GANGETIC WEST BENGAL,WEST BENGAL,PURBA BARDHAMAN,14.2,7.9,80.0,LE,636.1,699.6,-9.0,N,2026-08-18 06:43:06.691355
2026-08-17,2026-06-01,2026-08-17,district,GANGETIC WEST BENGAL,WEST BENGAL,PURULIA,4.3,9.5,-54.0,D,517.0,727.9,-29.0,D,2026-08-18 06:43:06.691355
2026-08-17,2026-06-01,2026-08-17,district,GANGETIC WEST BENGAL,WEST BENGAL,SOUTH 24 PARGANAS,76.8,12.7,505.0,LE,1208.7,972.0,24.0,E,2026-08-18 06:43:06.691355
2026-08-17,2026-06-01,2026-08-17,district,GANGETIC WEST BENGAL,WEST BENGAL,WEST MIDNAPORE,12.7,9.3,37.0,E,1083.5,778.1,39.0,E,2026-08-18 06:43:06.691355
2026-08-17,2026-06-01,2026-08-17,district,GUJARAT REGION,DADRA & NAGAR HAVELI AND DAMAN & DIU (UT),DADARA & NAGAR HAVELI,9.2,9.6,-4.0,N,2821.9,1722.7,64.0,LE,2026-08-18 06:43:06.691355
2026-08-17,2026-06-01,2026-08-17,district,GUJARAT REGION,DADRA & NAGAR HAVELI AND DAMAN & DIU (UT),DAMAN,10.4,9.6,8.0,N,2624.9,1722.7,52.0,E,2026-08-18 06:43:06.691355
2026-08-17,2026-06-01,2026-08-17,district,GUJARAT REGION,GUJARAT,AHMEDABAD,0.9,6.8,-87.0,LD,538.8,474.8,13.0,N,2026-08-18 06:43:06.691355
2026-08-17,2026-06-01,2026-08-17,district,GUJARAT REGION,GUJARAT,ANAND,1.7,17.4,-90.0,LD,757.4,589.0,29.0,E,2026-08-18 06:43:06.691355
2026-08-17,2026-06-01,2026-08-17,district,GUJARAT REGION,GUJARAT,ARAVALLI,3.0,10.2,-71.0,LD,385.4,587.6,-34.0,D,2026-08-18 06:43:06.691355
2026-08-17,2026-06-01,2026-08-17,district,GUJARAT REGION,GUJARAT,BANASKANTHA,0.0,7.1,-100.0,NR,379.3,432.4,-12.0,N,2026-08-18 06:43:06.691355
2026-08-17,2026-06-01,2026-08-17,district,GUJARAT REGION,GUJARAT,BHARUCH,11.0,9.6,14.0,N,745.0,523.0,42.0,E,2026-08-18 06:43:06.691355
2026-08-17,2026-06-01,2026-08-17,district,GUJARAT REGION,GUJARAT,CHHOTA UDEPUR,1.0,19.1,-95.0,LD,588.0,691.4,-15.0,N,2026-08-18 06:43:06.691355
2026-08-17,2026-06-01,2026-08-17,district,GUJARAT REGION,GUJARAT,DAHOD,0.7,12.2,-95.0,LD,360.1,543.6,-34.0,D,2026-08-18 06:43:06.691355
2026-08-17,2026-06-01,2026-08-17,district,GUJARAT REGION,GUJARAT,DANGS,21.1,16.0,32.0,E,2246.9,1638.1,37.0,E,2026-08-18 06:43:06.691355
2026-08-17,2026-06-01,2026-08-17,district,GUJARAT REGION,GUJARAT,GANDHINAGAR,0.4,4.0,-90.0,LD,468.2,543.9,-14.0,N,2026-08-18 06:43:06.691355
2026-08-17,2026-06-01,2026-08-17,district,GUJARAT REGION,GUJARAT,KHEDA,0.3,11.7,-97.0,LD,859.0,574.1,50.0,E,2026-08-18 06:43:06.691355
2026-08-17,2026-06-01,2026-08-17,district,GUJARAT REGION,GUJARAT,MAHISAGAR,6.4,10.4,-38.0,D,671.2,562.7,19.0,N,2026-08-18 06:43:06.691355
2026-08-17,2026-06-01,2026-08-17,district,GUJARAT REGION,GUJARAT,MEHSANA,0.7,8.5,-91.0,LD,447.2,499.1,-10.0,N,2026-08-18 06:43:06.691355
2026-08-17,2026-06-01,2026-08-17,district,GUJARAT REGION,GUJARAT,NARMADA,6.5,18.1,-64.0,LD,854.7,746.9,14.0,N,2026-08-18 06:43:06.691355
2026-08-17,2026-06-01,2026-08-17,district,GUJARAT REGION,GUJARAT,NAVSARI,17.4,12.0,45.0,E,2227.9,1376.8,62.0,LE,2026-08-18 06:43:06.691355
2026-08-17,2026-06-01,2026-08-17,district,GUJARAT REGION,GUJARAT,PANCHMAHAL,2.9,18.5,-85.0,LD,694.3,646.7,7.0,N,2026-08-18 06:43:06.691355
2026-08-17,2026-06-01,2026-08-17,district,GUJARAT REGION,GUJARAT,PATAN,0.0,7.1,-100.0,NR,406.7,398.1,2.0,N,2026-08-18 06:43:06.691355
2026-08-17,2026-06-01,2026-08-17,district,GUJARAT REGION,GUJARAT,SABARKANTHA,1.3,8.1,-85.0,LD,409.0,601.1,-32.0,D,2026-08-18 06:43:06.691355
2026-08-17,2026-06-01,2026-08-17,district,GUJARAT REGION,GUJARAT,SURAT,8.3,10.5,-21.0,D,1449.2,960.1,51.0,E,2026-08-18 06:43:06.691355
2026-08-17,2026-06-01,2026-08-17,district,GUJARAT REGION,GUJARAT,TAPI,12.9,13.4,-4.0,N,1270.4,1033.5,23.0,E,2026-08-18 06:43:06.691355
2026-08-17,2026-06-01,2026-08-17,district,GUJARAT REGION,GUJARAT,VADODARA,2.2,16.4,-87.0,LD,525.9,638.7,-18.0,N,2026-08-18 06:43:06.691355
2026-08-17,2026-06-01,2026-08-17,district,GUJARAT REGION,GUJARAT,VALSAD,12.7,10.5,21.0,E,2642.3,1550.0,70.0,LE,2026-08-18 06:43:06.691355
2026-08-17,2026-06-01,2026-08-17,district,HAR. CHD & DELHI,CHANDIGARH (UT),CHANDIGARH,2.7,11.5,-77.0,LD,444.6,615.0,-28.0,D,2026-08-18 06:43:06.691355
2026-08-17,2026-06-01,2026-08-17,district,HAR. CHD & DELHI,DELHI,CENTRAL DELHI,0.0,3.7,-100.0,NR,567.7,446.4,27.0,E,2026-08-18 06:43:06.691355
2026-08-17,2026-06-01,2026-08-17,district,HAR. CHD & DELHI,DELHI,EAST DELHI,0.0,3.7,-100.0,NR,467.2,446.4,5.0,N,2026-08-18 06:43:06.691355
2026-08-17,2026-06-01,2026-08-17,district,HAR. CHD & DELHI,DELHI,NEW DELHI,0.0,6.5,-100.0,NR,397.6,415.7,-4.0,N,2026-08-18 06:43:06.691355
2026-08-17,2026-06-01,2026-08-17,district,HAR. CHD & DELHI,DELHI,NORTH EAST DELHI,0.0,3.7,-100.0,NR,419.8,446.4,-6.0,N,2026-08-18 06:43:06.691355
2026-08-17,2026-06-01,2026-08-17,district,HAR. CHD & DELHI,DELHI,NORTH WEST DELHI,0.0,4.0,-100.0,NR,305.5,270.2,13.0,N,2026-08-18 06:43:06.691355
2026-08-17,2026-06-01,2026-08-17,district,HAR. CHD & DELHI,DELHI,SOUTH DELHI,0.0,3.7,-100.0,NR,447.8,446.4,0.0,N,2026-08-18 06:43:06.691355
2026-08-17,2026-06-01,2026-08-17,district,HAR. CHD & DELHI,DELHI,SOUTH EAST DELHI,0.0,3.7,-100.0,NR,503.0,446.4,13.0,N,2026-08-18 06:43:06.691355
2026-08-17,2026-06-01,2026-08-17,district,HAR. CHD & DELHI,DELHI,SOUTH WEST DELHI,0.0,6.4,-100.0,NR,336.8,366.6,-8.0,N,2026-08-18 06:43:06.691355
2026-08-17,2026-06-01,2026-08-17,district,HAR. CHD & DELHI,DELHI,WEST DELHI,0.0,7.8,-100.0,NR,471.5,403.5,17.0,N,2026-08-18 06:43:06.691355
2026-08-17,2026-06-01,2026-08-17,district,HAR. CHD & DELHI,HARYANA,AMBALA,3.9,3.9,1.0,N,276.2,576.6,-52.0,D,2026-08-18 06:43:06.691355
2026-08-17,2026-06-01,2026-08-17,district,HAR. CHD & DELHI,HARYANA,BHIWANI,0.0,3.4,-100.0,NR,260.5,204.2,28.0,E,2026-08-18 06:43:06.691355
2026-08-17,2026-06-01,2026-08-17,district,HAR. CHD & DELHI,HARYANA,CHARKHI DADRI,0.0,3.7,-100.0,NR,325.3,283.0,15.0,N,2026-08-18 06:43:06.691355
2026-08-17,2026-06-01,2026-08-17,district,HAR. CHD & DELHI,HARYANA,FARIDABAD,0.0,8.1,-100.0,NR,430.2,362.1,19.0,N,2026-08-18 06:43:06.691355
2026-08-17,2026-06-01,2026-08-17,district,HAR. CHD & DELHI,HARYANA,FATEHABAD,0.0,2.3,-100.0,NR,183.9,179.4,3.0,N,2026-08-18 06:43:06.691355
2026-08-17,2026-06-01,2026-08-17,district,HAR. CHD & DELHI,HARYANA,GURGAON,0.0,7.5,-100.0,NR,338.4,333.5,1.0,N,2026-08-18 06:43:06.691355
2026-08-17,2026-06-01,2026-08-17,district,HAR. CHD & DELHI,HARYANA,HISAR,0.0,1.9,-100.0,NR,194.0,207.9,-7.0,N,2026-08-18 06:43:06.691355
2026-08-17,2026-06-01,2026-08-17,district,HAR. CHD & DELHI,HARYANA,JHAJJAR,0.0,3.6,-100.0,NR,264.1,258.5,2.0,N,2026-08-18 06:43:06.691355
2026-08-17,2026-06-01,2026-08-17,district,HAR. CHD & DELHI,HARYANA,JIND,0.0,4.9,-100.0,NR,133.9,264.9,-49.0,D,2026-08-18 06:43:06.691355
2026-08-17,2026-06-01,2026-08-17,district,HAR. CHD & DELHI,HARYANA,KAITHAL,0.0,2.2,-100.0,NR,131.6,252.5,-48.0,D,2026-08-18 06:43:06.691355
2026-08-17,2026-06-01,2026-08-17,district,HAR. CHD & DELHI,HARYANA,KARNAL,10.0,3.8,163.0,LE,239.8,346.0,-31.0,D,2026-08-18 06:43:06.691355
2026-08-17,2026-06-01,2026-08-17,district,HAR. CHD & DELHI,HARYANA,KURUKSHETRA,12.4,4.1,203.0,LE,323.3,278.2,16.0,N,2026-08-18 06:43:06.691355
2026-08-17,2026-06-01,2026-08-17,district,HAR. CHD & DELHI,HARYANA,MAHENDRAGARH,0.1,2.9,-98.0,LD,284.0,280.1,1.0,N,2026-08-18 06:43:06.691355
2026-08-17,2026-06-01,2026-08-17,district,HAR. CHD & DELHI,HARYANA,NUH,0.2,5.3,-96.0,LD,328.3,315.0,4.0,N,2026-08-18 06:43:06.691355
2026-08-17,2026-06-01,2026-08-17,district,HAR. CHD & DELHI,HARYANA,PALWAL,0.2,7.1,-97.0,LD,330.8,269.8,23.0,E,2026-08-18 06:43:06.691355
2026-08-17,2026-06-01,2026-08-17,district,HAR. CHD & DELHI,HARYANA,PANCHKULA,2.6,5.1,-49.0,D,238.6,597.8,-60.0,LD,2026-08-18 06:43:06.691355
2026-08-17,2026-06-01,2026-08-17,district,HAR. CHD & DELHI,HARYANA,PANIPAT,0.0,3.7,-100.0,NR,259.6,292.3,-11.0,N,2026-08-18 06:43:06.691355
2026-08-17,2026-06-01,2026-08-17,district,HAR. CHD & DELHI,HARYANA,REWARI,0.0,4.5,-100.0,NR,321.9,300.4,7.0,N,2026-08-18 06:43:06.691355
2026-08-17,2026-06-01,2026-08-17,district,HAR. CHD & DELHI,HARYANA,ROHTAK,0.0,2.7,-100.0,NR,203.7,320.1,-36.0,D,2026-08-18 06:43:06.691355
2026-08-17,2026-06-01,2026-08-17,district,HAR. CHD & DELHI,HARYANA,SIRSA,0.0,1.4,-100.0,NR,83.9,155.3,-46.0,D,2026-08-18 06:43:06.691355
2026-08-17,2026-06-01,2026-08-17,district,HAR. CHD & DELHI,HARYANA,SONEPAT,0.0,4.1,-100.0,NR,230.6,317.9,-27.0,D,2026-08-18 06:43:06.691355
2026-08-17,2026-06-01,2026-08-17,district,HAR. CHD & DELHI,HARYANA,YAMUNA NAGAR,12.6,9.2,37.0,E,560.0,621.5,-10.0,N,2026-08-18 06:43:06.691355
2026-08-17,2026-06-01,2026-08-17,district,HIMACHAL PRADESH,HIMACHAL PRADESH,BILASPUR,3.8,6.3,-40.0,D,531.0,573.9,-7.0,N,2026-08-18 06:43:06.691355
2026-08-17,2026-06-01,2026-08-17,district,HIMACHAL PRADESH,HIMACHAL PRADESH,CHAMBA,1.0,6.3,-84.0,LD,589.9,624.5,-6.0,N,2026-08-18 06:43:06.691355
2026-08-17,2026-06-01,2026-08-17,district,HIMACHAL PRADESH,HIMACHAL PRADESH,HAMIRPUR,2.1,9.9,-78.0,LD,370.6,693.7,-47.0,D,2026-08-18 06:43:06.691355
2026-08-17,2026-06-01,2026-08-17,district,HIMACHAL PRADESH,HIMACHAL PRADESH,KANGRA,16.4,13.1,25.0,E,1028.1,1161.5,-11.0,N,2026-08-18 06:43:06.691355
2026-08-17,2026-06-01,2026-08-17,district,HIMACHAL PRADESH,HIMACHAL PRADESH,KINNAUR,0.0,3.6,-100.0,NR,194.3,155.2,25.0,E,2026-08-18 06:43:06.691355
2026-08-17,2026-06-01,2026-08-17,district,HIMACHAL PRADESH,HIMACHAL PRADESH,KULLU,0.9,4.3,-78.0,LD,435.4,388.9,12.0,N,2026-08-18 06:43:06.691355
2026-08-17,2026-06-01,2026-08-17,district,HIMACHAL PRADESH,HIMACHAL PRADESH,LAHAUL & SPITI,0.0,2.3,-100.0,NR,105.8,248.9,-57.0,D,2026-08-18 06:43:06.691355
2026-08-17,2026-06-01,2026-08-17,district,HIMACHAL PRADESH,HIMACHAL PRADESH,MANDI,13.3,10.0,33.0,E,690.6,813.4,-15.0,N,2026-08-18 06:43:06.691355
2026-08-17,2026-06-01,2026-08-17,district,HIMACHAL PRADESH,HIMACHAL PRADESH,SHIMLA,2.4,5.3,-55.0,D,591.9,446.2,33.0,E,2026-08-18 06:43:06.691355
2026-08-17,2026-06-01,2026-08-17,district,HIMACHAL PRADESH,HIMACHAL PRADESH,SIRMAUR,1.6,9.5,-84.0,LD,913.3,852.4,7.0,N,2026-08-18 06:43:06.691355
2026-08-17,2026-06-01,2026-08-17,district,HIMACHAL PRADESH,HIMACHAL PRADESH,SOLAN,4.7,6.1,-23.0,D,629.5,625.5,1.0,N,2026-08-18 06:43:06.691355
2026-08-17,2026-06-01,2026-08-17,district,HIMACHAL PRADESH,HIMACHAL PRADESH,UNA,12.6,8.5,48.0,E,537.7,671.2,-20.0,D,2026-08-18 06:43:06.691355
2026-08-17,2026-06-01,2026-08-17,district,J & K AND LADAKH,JAMMU & KASHMIR(UT),ANANTNAG,0.7,3.5,-79.0,LD,254.3,225.4,13.0,N,2026-08-18 06:43:06.691355
2026-08-17,2026-06-01,2026-08-17,district,J & K AND LADAKH,JAMMU & KASHMIR(UT),BADGAM,0.0,3.5,-100.0,NR,120.0,149.6,-20.0,D,2026-08-18 06:43:06.691355
2026-08-17,2026-06-01,2026-08-17,district,J & K AND LADAKH,JAMMU & KASHMIR(UT),BANDIPORA,0.0,1.0,-100.0,NR,169.7,156.3,9.0,N,2026-08-18 06:43:06.691355
2026-08-17,2026-06-01,2026-08-17,district,J & K AND LADAKH,JAMMU & KASHMIR(UT),BARAMULA,0.5,2.0,-75.0,LD,241.3,151.6,59.0,E,2026-08-18 06:43:06.691355
2026-08-17,2026-06-01,2026-08-17,district,J & K AND LADAKH,JAMMU & KASHMIR(UT),DODA,10.4,4.5,131.0,LE,329.8,301.5,9.0,N,2026-08-18 06:43:06.691355
2026-08-17,2026-06-01,2026-08-17,district,J & K AND LADAKH,JAMMU & KASHMIR(UT),GANDERBAL,0.3,1.9,-82.0,LD,283.6,182.2,56.0,E,2026-08-18 06:43:06.691355
2026-08-17,2026-06-01,2026-08-17,district,J & K AND LADAKH,JAMMU & KASHMIR(UT),JAMMU,1.8,9.8,-81.0,LD,593.1,678.4,-13.0,N,2026-08-18 06:43:06.691355
2026-08-17,2026-06-01,2026-08-17,district,J & K AND LADAKH,JAMMU & KASHMIR(UT),KATHUA,8.4,15.0,-44.0,D,792.6,898.6,-12.0,N,2026-08-18 06:43:06.691355
2026-08-17,2026-06-01,2026-08-17,district,J & K AND LADAKH,JAMMU & KASHMIR(UT),KISTWAR,0.0,4.5,-100.0,NR,162.0,301.5,-46.0,D,2026-08-18 06:43:06.691355
2026-08-17,2026-06-01,2026-08-17,district,J & K AND LADAKH,JAMMU & KASHMIR(UT),KULGAM,0.0,3.2,-100.0,NR,230.4,226.3,2.0,N,2026-08-18 06:43:06.691355
2026-08-17,2026-06-01,2026-08-17,district,J & K AND LADAKH,JAMMU & KASHMIR(UT),KUPWARA,1.7,3.0,-44.0,D,192.1,186.0,3.0,N,2026-08-18 06:43:06.691355
2026-08-17,2026-06-01,2026-08-17,district,J & K AND LADAKH,JAMMU & KASHMIR(UT),POONCH,16.8,3.8,341.0,LE,670.3,472.7,42.0,E,2026-08-18 06:43:06.691355
2026-08-17,2026-06-01,2026-08-17,district,J & K AND LADAKH,JAMMU & KASHMIR(UT),PULWAMA,1.8,2.8,-37.0,D,221.0,136.0,63.0,LE,2026-08-18 06:43:06.691355
2026-08-17,2026-06-01,2026-08-17,district,J & K AND LADAKH,JAMMU & KASHMIR(UT),RAJOURI,10.1,12.1,-17.0,N,569.6,474.2,20.0,E,2026-08-18 06:43:06.691355
2026-08-17,2026-06-01,2026-08-17,district,J & K AND LADAKH,JAMMU & KASHMIR(UT),RAMBAN,0.2,3.2,-93.0,LD,395.6,278.5,42.0,E,2026-08-18 06:43:06.691355
2026-08-17,2026-06-01,2026-08-17,district,J & K AND LADAKH,JAMMU & KASHMIR(UT),REASI,0.3,9.9,-97.0,LD,904.8,1122.4,-19.0,N,2026-08-18 06:43:06.691355
2026-08-17,2026-06-01,2026-08-17,district,J & K AND LADAKH,JAMMU & KASHMIR(UT),SAMBA,0.0,0.4,-100.0,NR,759.0,581.4,31.0,E,2026-08-18 06:43:06.691355
2026-08-17,2026-06-01,2026-08-17,district,J & K AND LADAKH,JAMMU & KASHMIR(UT),SHOPIAN,0.0,1.3,-100.0,NR,104.5,206.0,-49.0,D,2026-08-18 06:43:06.691355
2026-08-17,2026-06-01,2026-08-17,district,J & K AND LADAKH,JAMMU & KASHMIR(UT),SRINAGAR,0.0,2.8,-100.0,NR,213.4,169.0,26.0,E,2026-08-18 06:43:06.691355
2026-08-17,2026-06-01,2026-08-17,district,J & K AND LADAKH,JAMMU & KASHMIR(UT),UDHAMPUR,0.0,16.2,-100.0,NR,1148.7,710.3,62.0,LE,2026-08-18 06:43:06.691355
2026-08-17,2026-06-01,2026-08-17,district,J & K AND LADAKH,LADAKH (UT),KARGIL,0.0,0.0,-100.0,NR,18.8,6.3,171.0,LE,2026-08-18 06:43:06.691355
2026-08-17,2026-06-01,2026-08-17,district,J & K AND LADAKH,LADAKH (UT),LADAKH (LEH),0.8,0.0,7900.0,LE,53.9,18.5,188.0,LE,2026-08-18 06:43:06.691355
2026-08-17,2026-06-01,2026-08-17,district,JHARKHAND,JHARKHAND,BOKARO,5.0,7.6,-34.0,D,420.4,605.0,-31.0,D,2026-08-18 06:43:06.691355
2026-08-17,2026-06-01,2026-08-17,district,JHARKHAND,JHARKHAND,CHATRA,0.0,11.3,-100.0,NR,360.8,624.9,-42.0,D,2026-08-18 06:43:06.691355
2026-08-17,2026-06-01,2026-08-17,district,JHARKHAND,JHARKHAND,DEOGHAR,1.7,9.5,-82.0,LD,299.1,643.7,-54.0,D,2026-08-18 06:43:06.691355
2026-08-17,2026-06-01,2026-08-17,district,JHARKHAND,JHARKHAND,DHANBAD,5.1,9.3,-45.0,D,536.8,697.2,-23.0,D,2026-08-18 06:43:06.691355
2026-08-17,2026-06-01,2026-08-17,district,JHARKHAND,JHARKHAND,DUMKA,4.0,8.6,-53.0,D,578.6,684.7,-15.0,N,2026-08-18 06:43:06.691355
2026-08-17,2026-06-01,2026-08-17,district,JHARKHAND,JHARKHAND,EAST SINGHBHUM,39.8,10.7,271.0,LE,658.6,726.2,-9.0,N,2026-08-18 06:43:06.691355
2026-08-17,2026-06-01,2026-08-17,district,JHARKHAND,JHARKHAND,GARHWA,31.5,9.6,228.0,LE,326.3,608.2,-46.0,D,2026-08-18 06:43:06.691355
2026-08-17,2026-06-01,2026-08-17,district,JHARKHAND,JHARKHAND,GIRIDIH,0.8,8.4,-91.0,LD,338.4,643.5,-47.0,D,2026-08-18 06:43:06.691355
2026-08-17,2026-06-01,2026-08-17,district,JHARKHAND,JHARKHAND,GODDA,4.1,8.8,-53.0,D,411.7,591.7,-30.0,D,2026-08-18 06:43:06.691355
2026-08-17,2026-06-01,2026-08-17,district,JHARKHAND,JHARKHAND,GUMLA,1.6,10.3,-85.0,LD,493.0,715.2,-31.0,D,2026-08-18 06:43:06.691355
2026-08-17,2026-06-01,2026-08-17,district,JHARKHAND,JHARKHAND,HAZARIBAG,0.0,10.6,-100.0,NR,468.1,699.2,-33.0,D,2026-08-18 06:43:06.691355
2026-08-17,2026-06-01,2026-08-17,district,JHARKHAND,JHARKHAND,JAMTARA,8.9,10.9,-18.0,N,506.5,714.2,-29.0,D,2026-08-18 06:43:06.691355
2026-08-17,2026-06-01,2026-08-17,district,JHARKHAND,JHARKHAND,KHUNTI,0.0,9.3,-100.0,NR,708.4,730.1,-3.0,N,2026-08-18 06:43:06.691355
2026-08-17,2026-06-01,2026-08-17,district,JHARKHAND,JHARKHAND,KODERMA,0.0,12.2,-100.0,NR,288.9,575.7,-50.0,D,2026-08-18 06:43:06.691355
2026-08-17,2026-06-01,2026-08-17,district,JHARKHAND,JHARKHAND,LATEHAR,0.0,7.7,-100.0,NR,594.4,687.6,-14.0,N,2026-08-18 06:43:06.691355
2026-08-17,2026-06-01,2026-08-17,district,JHARKHAND,JHARKHAND,LOHARDAGA,1.3,8.5,-84.0,LD,571.0,673.0,-15.0,N,2026-08-18 06:43:06.691355
2026-08-17,2026-06-01,2026-08-17,district,JHARKHAND,JHARKHAND,PAKUR,5.4,11.7,-54.0,D,301.4,766.5,-61.0,LD,2026-08-18 06:43:06.691355
2026-08-17,2026-06-01,2026-08-17,district,JHARKHAND,JHARKHAND,PALAMU,2.2,9.5,-76.0,LD,349.5,549.9,-36.0,D,2026-08-18 06:43:06.691355
2026-08-17,2026-06-01,2026-08-17,district,JHARKHAND,JHARKHAND,RAMGARH,0.0,8.2,-100.0,NR,509.4,683.6,-25.0,D,2026-08-18 06:43:06.691355
2026-08-17,2026-06-01,2026-08-17,district,JHARKHAND,JHARKHAND,RANCHI,0.0,9.4,-100.0,NR,602.8,696.3,-13.0,N,2026-08-18 06:43:06.691355
2026-08-17,2026-06-01,2026-08-17,district,JHARKHAND,JHARKHAND,SERAIKELA-KHARSAWAN,6.3,10.6,-41.0,D,709.5,676.2,5.0,N,2026-08-18 06:43:06.691355
2026-08-17,2026-06-01,2026-08-17,district,JHARKHAND,JHARKHAND,SIMDEGA,3.3,11.1,-71.0,LD,857.6,875.3,-2.0,N,2026-08-18 06:43:06.691355
2026-08-17,2026-06-01,2026-08-17,district,JHARKHAND,JHARKHAND,WEST SINGHBHUM,29.4,9.3,217.0,LE,821.3,672.3,22.0,E,2026-08-18 06:43:06.691355
2026-08-17,2026-06-01,2026-08-17,district,KERALA & MAHE,KERALA,ALAPUZHA,3.1,13.6,-77.0,LD,923.6,1232.6,-25.0,D,2026-08-18 06:43:06.691355
2026-08-17,2026-06-01,2026-08-17,district,KERALA & MAHE,KERALA,ERNAKULAM,2.7,16.8,-84.0,LD,1264.3,1636.7,-23.0,D,2026-08-18 06:43:06.691355
2026-08-17,2026-06-01,2026-08-17,district,KERALA & MAHE,KERALA,IDUKKI,3.9,25.6,-85.0,LD,1086.1,1982.1,-45.0,D,2026-08-18 06:43:06.691355
2026-08-17,2026-06-01,2026-08-17,district,KERALA & MAHE,KERALA,KANNUR,12.4,17.0,-27.0,D,1978.3,2160.5,-8.0,N,2026-08-18 06:43:06.691355
2026-08-17,2026-06-01,2026-08-17,district,KERALA & MAHE,KERALA,KASARGOD,15.5,21.0,-26.0,D,1977.4,2346.9,-16.0,N,2026-08-18 06:43:06.691355
2026-08-17,2026-06-01,2026-08-17,district,KERALA & MAHE,KERALA,KOLLAM,3.5,10.9,-68.0,LD,663.9,916.2,-28.0,D,2026-08-18 06:43:06.691355
2026-08-17,2026-06-01,2026-08-17,district,KERALA & MAHE,KERALA,KOTTAYAM,0.5,17.7,-97.0,LD,1384.9,1458.5,-5.0,N,2026-08-18 06:43:06.691355
2026-08-17,2026-06-01,2026-08-17,district,KERALA & MAHE,KERALA,KOZHIKODE,11.4,15.9,-28.0,D,1845.6,2088.2,-12.0,N,2026-08-18 06:43:06.691355
2026-08-17,2026-06-01,2026-08-17,district,KERALA & MAHE,KERALA,MALAPPURAM,1.9,14.6,-87.0,LD,1258.6,1565.3,-20.0,D,2026-08-18 06:43:06.691355
2026-08-17,2026-06-01,2026-08-17,district,KERALA & MAHE,KERALA,PALAKKAD,1.1,13.6,-92.0,LD,929.6,1230.6,-24.0,D,2026-08-18 06:43:06.691355
2026-08-17,2026-06-01,2026-08-17,district,KERALA & MAHE,KERALA,PATHANAMTHITTA,0.0,14.6,-100.0,NR,1191.2,1175.5,1.0,N,2026-08-18 06:43:06.691355
2026-08-17,2026-06-01,2026-08-17,district,KERALA & MAHE,KERALA,THIRUVANANTHAPURAM,6.9,5.4,28.0,E,607.0,597.3,2.0,N,2026-08-18 06:43:06.691355
2026-08-17,2026-06-01,2026-08-17,district,KERALA & MAHE,KERALA,THRISSUR,0.8,18.3,-96.0,LD,1253.2,1679.8,-25.0,D,2026-08-18 06:43:06.691355
2026-08-17,2026-06-01,2026-08-17,district,KERALA & MAHE,KERALA,WYNAD,1.0,17.6,-94.0,LD,988.5,2014.4,-51.0,D,2026-08-18 06:43:06.691355
2026-08-17,2026-06-01,2026-08-17,district,KERALA & MAHE,PUDUCHERRY (UT),MAHE,20.6,13.4,54.0,E,1580.4,1967.6,-20.0,D,2026-08-18 06:43:06.691355
2026-08-17,2026-06-01,2026-08-17,district,KONKAN & GOA,GOA,NORTH GOA,9.4,24.8,-62.0,LD,1500.5,2506.9,-40.0,D,2026-08-18 06:43:06.691355
2026-08-17,2026-06-01,2026-08-17,district,KONKAN & GOA,GOA,SOUTH GOA,3.3,23.1,-86.0,LD,1702.5,2403.1,-29.0,D,2026-08-18 06:43:06.691355
2026-08-17,2026-06-01,2026-08-17,district,KONKAN & GOA,MAHARASHTRA,MUMBAI CITY,1.6,11.0,-85.0,LD,1746.2,1568.1,11.0,N,2026-08-18 06:43:06.691355
2026-08-17,2026-06-01,2026-08-17,district,KONKAN & GOA,MAHARASHTRA,MUMBAI SUBURBAN,5.8,15.2,-62.0,LD,2161.7,1737.5,24.0,E,2026-08-18 06:43:06.691355
2026-08-17,2026-06-01,2026-08-17,district,KONKAN & GOA,MAHARASHTRA,PALGHAR,13.7,14.3,-4.0,N,2396.6,1725.6,39.0,E,2026-08-18 06:43:06.691355
2026-08-17,2026-06-01,2026-08-17,district,KONKAN & GOA,MAHARASHTRA,RAIGAD,15.0,23.9,-37.0,D,2626.1,2382.8,10.0,N,2026-08-18 06:43:06.691355
2026-08-17,2026-06-01,2026-08-17,district,KONKAN & GOA,MAHARASHTRA,RATNAGIRI,17.7,23.1,-23.0,D,2248.2,2494.3,-10.0,N,2026-08-18 06:43:06.691355
2026-08-17,2026-06-01,2026-08-17,district,KONKAN & GOA,MAHARASHTRA,SINDHUDURG,12.7,18.8,-33.0,D,1549.4,2359.3,-34.0,D,2026-08-18 06:43:06.691355
2026-08-17,2026-06-01,2026-08-17,district,KONKAN & GOA,MAHARASHTRA,THANE,5.8,16.1,-64.0,LD,1915.6,1844.2,4.0,N,2026-08-18 06:43:06.691355
2026-08-17,2026-06-01,2026-08-17,district,LAKSHADWEEP,LAKSHADWEEP,LAKSHADWEEP,8.5,6.3,35.0,E,560.6,740.8,-24.0,D,2026-08-18 06:43:06.691355
2026-08-17,2026-06-01,2026-08-17,district,MADHYA MAHARASHTRA,MAHARASHTRA,AHMEDNAGAR,0.5,2.6,-83.0,LD,208.1,254.0,-18.0,N,2026-08-18 06:43:06.691355
2026-08-17,2026-06-01,2026-08-17,district,MADHYA MAHARASHTRA,MAHARASHTRA,DHULE,0.6,6.2,-91.0,LD,376.5,370.1,2.0,N,2026-08-18 06:43:06.691355
2026-08-17,2026-06-01,2026-08-17,district,MADHYA MAHARASHTRA,MAHARASHTRA,JALGAON,1.7,9.1,-81.0,LD,466.4,417.8,12.0,N,2026-08-18 06:43:06.691355
2026-08-17,2026-06-01,2026-08-17,district,MADHYA MAHARASHTRA,MAHARASHTRA,KOLHAPUR,7.1,15.7,-55.0,D,1286.8,1359.0,-5.0,N,2026-08-18 06:43:06.691355
2026-08-17,2026-06-01,2026-08-17,district,MADHYA MAHARASHTRA,MAHARASHTRA,NANDURBAR,4.5,9.3,-52.0,D,389.6,597.6,-35.0,D,2026-08-18 06:43:06.691355
2026-08-17,2026-06-01,2026-08-17,district,MADHYA MAHARASHTRA,MAHARASHTRA,NASHIK,6.1,8.9,-32.0,D,1051.2,623.5,69.0,LE,2026-08-18 06:43:06.691355
2026-08-17,2026-06-01,2026-08-17,district,MADHYA MAHARASHTRA,MAHARASHTRA,PUNE,3.6,9.3,-62.0,LD,959.7,676.4,42.0,E,2026-08-18 06:43:06.691355
2026-08-17,2026-06-01,2026-08-17,district,MADHYA MAHARASHTRA,MAHARASHTRA,SANGLI,0.4,3.1,-86.0,LD,284.5,312.1,-9.0,N,2026-08-18 06:43:06.691355
2026-08-17,2026-06-01,2026-08-17,district,MADHYA MAHARASHTRA,MAHARASHTRA,SATARA,6.7,5.8,16.0,N,853.6,620.3,38.0,E,2026-08-18 06:43:06.691355
2026-08-17,2026-06-01,2026-08-17,district,MADHYA MAHARASHTRA,MAHARASHTRA,SHOLAPUR,0.0,2.7,-100.0,NR,150.0,238.0,-37.0,D,2026-08-18 06:43:06.691355
2026-08-17,2026-06-01,2026-08-17,district,MARATHWADA,MAHARASHTRA,BEED,0.0,3.8,-100.0,NR,203.3,318.0,-36.0,D,2026-08-18 06:43:06.691355
2026-08-17,2026-06-01,2026-08-17,district,MARATHWADA,MAHARASHTRA,CHHATRAPATI SAMBHAJINAGAR,3.7,7.1,-48.0,D,407.4,345.7,18.0,N,2026-08-18 06:43:06.691355
2026-08-17,2026-06-01,2026-08-17,district,MARATHWADA,MAHARASHTRA,DHARASHIV,0.0,4.4,-100.0,NR,262.8,324.3,-19.0,N,2026-08-18 06:43:06.691355
2026-08-17,2026-06-01,2026-08-17,district,MARATHWADA,MAHARASHTRA,HINGOLI,0.0,7.5,-100.0,NR,314.1,521.8,-40.0,D,2026-08-18 06:43:06.691355
2026-08-17,2026-06-01,2026-08-17,district,MARATHWADA,MAHARASHTRA,JALNA,0.0,7.0,-100.0,NR,272.3,374.7,-27.0,D,2026-08-18 06:43:06.691355
2026-08-17,2026-06-01,2026-08-17,district,MARATHWADA,MAHARASHTRA,LATUR,0.0,4.2,-100.0,NR,310.3,399.5,-22.0,D,2026-08-18 06:43:06.691355
2026-08-17,2026-06-01,2026-08-17,district,MARATHWADA,MAHARASHTRA,NANDED,0.1,7.5,-98.0,LD,413.1,517.9,-20.0,D,2026-08-18 06:43:06.691355
2026-08-17,2026-06-01,2026-08-17,district,MARATHWADA,MAHARASHTRA,PARBHANI,0.0,5.9,-100.0,NR,341.6,435.0,-21.0,D,2026-08-18 06:43:06.691355
2026-08-17,2026-06-01,2026-08-17,district,N. I. KARNATAKA,KARNATAKA,BAGALKOTE,0.6,3.1,-80.0,LD,187.3,185.4,1.0,N,2026-08-18 06:43:06.691355
2026-08-17,2026-06-01,2026-08-17,district,N. I. KARNATAKA,KARNATAKA,BELAGAVI,1.1,5.4,-79.0,LD,506.2,414.6,22.0,E,2026-08-18 06:43:06.691355
2026-08-17,2026-06-01,2026-08-17,district,N. I. KARNATAKA,KARNATAKA,BIDAR,0.0,4.2,-100.0,NR,350.1,386.0,-9.0,N,2026-08-18 06:43:06.691355
2026-08-17,2026-06-01,2026-08-17,district,N. I. KARNATAKA,KARNATAKA,DHARWAD,0.5,4.7,-90.0,LD,213.8,362.2,-41.0,D,2026-08-18 06:43:06.691355
2026-08-17,2026-06-01,2026-08-17,district,N. I. KARNATAKA,KARNATAKA,GADAG,0.9,2.9,-71.0,LD,173.1,195.0,-11.0,N,2026-08-18 06:43:06.691355
2026-08-17,2026-06-01,2026-08-17,district,N. I. KARNATAKA,KARNATAKA,HAVERI,2.2,5.0,-56.0,D,241.5,353.1,-32.0,D,2026-08-18 06:43:06.691355
2026-08-17,2026-06-01,2026-08-17,district,N. I. KARNATAKA,KARNATAKA,KALABURAGI,0.4,3.5,-89.0,LD,185.7,332.0,-44.0,D,2026-08-18 06:43:06.691355
2026-08-17,2026-06-01,2026-08-17,district,N. I. KARNATAKA,KARNATAKA,KOPPAL,0.1,3.2,-96.0,LD,134.6,189.1,-29.0,D,2026-08-18 06:43:06.691355
2026-08-17,2026-06-01,2026-08-17,district,N. I. KARNATAKA,KARNATAKA,RAICHUR,0.1,2.6,-96.0,LD,183.1,224.9,-19.0,N,2026-08-18 06:43:06.691355
2026-08-17,2026-06-01,2026-08-17,district,N. I. KARNATAKA,KARNATAKA,VIJAYAPURA,0.0,2.5,-100.0,NR,156.0,197.9,-21.0,D,2026-08-18 06:43:06.691355
2026-08-17,2026-06-01,2026-08-17,district,N. I. KARNATAKA,KARNATAKA,YADGIR,0.0,3.7,-100.0,NR,257.3,292.5,-12.0,N,2026-08-18 06:43:06.691355
2026-08-17,2026-06-01,2026-08-17,district,NMMT,MANIPUR,BISHNUPUR,2.0,5.2,-62.0,LD,317.9,796.5,-60.0,LD,2026-08-18 06:43:06.691355
2026-08-17,2026-06-01,2026-08-17,district,NMMT,MANIPUR,CHANDEL,0.0,5.2,-100.0,NR,398.4,796.5,-50.0,D,2026-08-18 06:43:06.691355
2026-08-17,2026-06-01,2026-08-17,district,NMMT,MANIPUR,CHURACHANDPUR,5.5,5.2,6.0,N,189.0,796.5,-76.0,LD,2026-08-18 06:43:06.691355
2026-08-17,2026-06-01,2026-08-17,district,NMMT,MANIPUR,IMPHAL EAST,0.6,4.0,-84.0,LD,390.7,526.1,-26.0,D,2026-08-18 06:43:06.691355
2026-08-17,2026-06-01,2026-08-17,district,NMMT,MANIPUR,IMPHAL WEST,2.5,15.1,-84.0,LD,545.1,1204.0,-55.0,D,2026-08-18 06:43:06.691355
2026-08-17,2026-06-01,2026-08-17,district,NMMT,MANIPUR,SENAPATI,1.0,8.6,-88.0,LD,478.2,549.4,-13.0,N,2026-08-18 06:43:06.691355
2026-08-17,2026-06-01,2026-08-17,district,NMMT,MANIPUR,TAMENGLONG,4.2,34.7,-88.0,LD,1364.1,2961.1,-54.0,D,2026-08-18 06:43:06.691355
2026-08-17,2026-06-01,2026-08-17,district,NMMT,MANIPUR,THOUBAL,0.0,4.0,-100.0,NR,255.9,526.1,-51.0,D,2026-08-18 06:43:06.691355
2026-08-17,2026-06-01,2026-08-17,district,NMMT,MANIPUR,UKHRUL,4.4,6.6,-33.0,D,720.4,761.2,-5.0,N,2026-08-18 06:43:06.691355
2026-08-17,2026-06-01,2026-08-17,district,NMMT,MIZORAM,AIZAWL,19.2,14.3,34.0,E,865.5,1045.4,-17.0,N,2026-08-18 06:43:06.691355
2026-08-17,2026-06-01,2026-08-17,district,NMMT,MIZORAM,CHAMPHAI,12.0,9.1,32.0,E,756.1,876.5,-14.0,N,2026-08-18 06:43:06.691355
2026-08-17,2026-06-01,2026-08-17,district,NMMT,MIZORAM,KOLASIB,8.8,13.8,-37.0,D,929.9,1140.3,-18.0,N,2026-08-18 06:43:06.691355
2026-08-17,2026-06-01,2026-08-17,district,NMMT,MIZORAM,LAWNGTLAI,24.0,16.3,47.0,E,953.9,1170.4,-19.0,N,2026-08-18 06:43:06.691355
2026-08-17,2026-06-01,2026-08-17,district,NMMT,MIZORAM,LUNGLEI,6.5,15.4,-58.0,D,920.9,1174.7,-22.0,D,2026-08-18 06:43:06.691355
2026-08-17,2026-06-01,2026-08-17,district,NMMT,MIZORAM,MAMIT,1.2,9.7,-88.0,LD,591.8,1021.3,-42.0,D,2026-08-18 06:43:06.691355
2026-08-17,2026-06-01,2026-08-17,district,NMMT,MIZORAM,SAIHA,13.0,13.1,-1.0,N,860.2,1184.2,-27.0,D,2026-08-18 06:43:06.691355
2026-08-17,2026-06-01,2026-08-17,district,NMMT,MIZORAM,SERCHHIP,2.7,8.9,-70.0,LD,963.0,1028.1,-6.0,N,2026-08-18 06:43:06.691355
2026-08-17,2026-06-01,2026-08-17,district,NMMT,NAGALAND,DIMAPUR,9.3,3.9,139.0,LE,511.4,564.8,-9.0,N,2026-08-18 06:43:06.691355
2026-08-17,2026-06-01,2026-08-17,district,NMMT,NAGALAND,KIPHIRE,3.0,3.4,-12.0,N,540.2,415.6,30.0,E,2026-08-18 06:43:06.691355
2026-08-17,2026-06-01,2026-08-17,district,NMMT,NAGALAND,KOHIMA,7.8,7.6,3.0,N,756.2,805.5,-6.0,N,2026-08-18 06:43:06.691355
2026-08-17,2026-06-01,2026-08-17,district,NMMT,NAGALAND,MOKOKCHUNG,22.0,9.2,139.0,LE,1122.4,966.5,16.0,N,2026-08-18 06:43:06.691355
2026-08-17,2026-06-01,2026-08-17,district,NMMT,NAGALAND,MON,17.4,11.2,55.0,E,519.3,778.0,-33.0,D,2026-08-18 06:43:06.691355
2026-08-17,2026-06-01,2026-08-17,district,NMMT,NAGALAND,PEREN,15.9,6.3,152.0,LE,589.3,599.2,-2.0,N,2026-08-18 06:43:06.691355
2026-08-17,2026-06-01,2026-08-17,district,NMMT,NAGALAND,PHEK,6.3,6.5,-4.0,N,503.0,580.6,-13.0,N,2026-08-18 06:43:06.691355
2026-08-17,2026-06-01,2026-08-17,district,NMMT,NAGALAND,WOKHA,30.9,11.4,171.0,LE,861.7,842.5,2.0,N,2026-08-18 06:43:06.691355
2026-08-17,2026-06-01,2026-08-17,district,NMMT,NAGALAND,ZUNHEBOTO,9.9,9.8,1.0,N,1166.4,746.9,56.0,E,2026-08-18 06:43:06.691355
2026-08-17,2026-06-01,2026-08-17,district,NMMT,TRIPURA,DHALAI,6.0,16.4,-63.0,LD,852.9,944.1,-10.0,N,2026-08-18 06:43:06.691355
2026-08-17,2026-06-01,2026-08-17,district,NMMT,TRIPURA,GOMATI,6.9,11.0,-37.0,D,763.5,1011.5,-25.0,D,2026-08-18 06:43:06.691355
2026-08-17,2026-06-01,2026-08-17,district,NMMT,TRIPURA,KHOWAI,2.4,9.7,-75.0,LD,869.2,930.2,-7.0,N,2026-08-18 06:43:06.691355
2026-08-17,2026-06-01,2026-08-17,district,NMMT,TRIPURA,NORTH TRIPURA,11.3,13.5,-16.0,N,770.6,952.0,-19.0,N,2026-08-18 06:43:06.691355
2026-08-17,2026-06-01,2026-08-17,district,NMMT,TRIPURA,SIPAHIJALA,12.1,11.8,2.0,N,854.1,953.9,-10.0,N,2026-08-18 06:43:06.691355
2026-08-17,2026-06-01,2026-08-17,district,NMMT,TRIPURA,SOUTH TRIPURA,27.6,10.7,158.0,LE,856.3,1239.7,-31.0,D,2026-08-18 06:43:06.691355
2026-08-17,2026-06-01,2026-08-17,district,NMMT,TRIPURA,UNAKOTI,4.4,11.5,-61.0,LD,935.5,994.1,-6.0,N,2026-08-18 06:43:06.691355
2026-08-17,2026-06-01,2026-08-17,district,NMMT,TRIPURA,WEST TRIPURA,2.2,11.4,-81.0,LD,909.7,862.1,6.0,N,2026-08-18 06:43:06.691355
2026-08-17,2026-06-01,2026-08-17,district,ODISHA,ODISHA,ANGUL,14.7,11.2,31.0,E,1076.4,750.2,43.0,E,2026-08-18 06:43:06.691355
2026-08-17,2026-06-01,2026-08-17,district,ODISHA,ODISHA,BALANGIR,24.4,9.5,157.0,LE,1078.1,729.6,48.0,E,2026-08-18 06:43:06.691355
2026-08-17,2026-06-01,2026-08-17,district,ODISHA,ODISHA,BALASORE,99.7,12.0,731.0,LE,1294.5,764.0,69.0,LE,2026-08-18 06:43:06.691355
2026-08-17,2026-06-01,2026-08-17,district,ODISHA,ODISHA,BARGARH,7.9,9.3,-15.0,N,1368.2,807.5,69.0,LE,2026-08-18 06:43:06.691355
2026-08-17,2026-06-01,2026-08-17,district,ODISHA,ODISHA,BHADRAK,38.7,12.0,222.0,LE,1017.8,698.3,46.0,E,2026-08-18 06:43:06.691355
2026-08-17,2026-06-01,2026-08-17,district,ODISHA,ODISHA,BOUDH,17.1,10.9,56.0,E,1449.0,686.8,111.0,LE,2026-08-18 06:43:06.691355
2026-08-17,2026-06-01,2026-08-17,district,ODISHA,ODISHA,CUTTACK,21.7,13.7,58.0,E,1144.2,736.4,55.0,E,2026-08-18 06:43:06.691355
2026-08-17,2026-06-01,2026-08-17,district,ODISHA,ODISHA,DEOGARH,13.3,9.5,40.0,E,1142.7,771.0,48.0,E,2026-08-18 06:43:06.691355
2026-08-17,2026-06-01,2026-08-17,district,ODISHA,ODISHA,DHENKANAL,17.8,11.1,60.0,LE,1250.8,727.7,72.0,LE,2026-08-18 06:43:06.691355
2026-08-17,2026-06-01,2026-08-17,district,ODISHA,ODISHA,GAJAPATI,3.0,7.6,-61.0,LD,412.2,570.9,-28.0,D,2026-08-18 06:43:06.691355
2026-08-17,2026-06-01,2026-08-17,district,ODISHA,ODISHA,GANJAM,10.3,6.1,69.0,LE,510.9,547.4,-7.0,N,2026-08-18 06:43:06.691355
2026-08-17,2026-06-01,2026-08-17,district,ODISHA,ODISHA,JAGATSINGHPUR,17.7,14.3,24.0,E,975.9,665.1,47.0,E,2026-08-18 06:43:06.691355
2026-08-17,2026-06-01,2026-08-17,district,ODISHA,ODISHA,JAJPUR,28.4,13.9,104.0,LE,1037.6,805.2,29.0,E,2026-08-18 06:43:06.691355
2026-08-17,2026-06-01,2026-08-17,district,ODISHA,ODISHA,JHARSUGUDA,12.0,11.1,8.0,N,901.9,812.8,11.0,N,2026-08-18 06:43:06.691355
2026-08-17,2026-06-01,2026-08-17,district,ODISHA,ODISHA,KALAHANDI,15.2,13.3,15.0,N,743.5,945.7,-21.0,D,2026-08-18 06:43:06.691355
2026-08-17,2026-06-01,2026-08-17,district,ODISHA,ODISHA,KANDHAMAL,15.1,8.3,82.0,LE,994.3,728.6,36.0,E,2026-08-18 06:43:06.691355
2026-08-17,2026-06-01,2026-08-17,district,ODISHA,ODISHA,KENDRAPARA,27.6,18.2,52.0,E,1188.1,710.7,67.0,LE,2026-08-18 06:43:06.691355
2026-08-17,2026-06-01,2026-08-17,district,ODISHA,ODISHA,KEONJHARGARH,45.6,9.7,370.0,LE,1214.9,751.5,62.0,LE,2026-08-18 06:43:06.691355
2026-08-17,2026-06-01,2026-08-17,district,ODISHA,ODISHA,KHURDA,10.4,10.7,-3.0,N,909.5,690.8,32.0,E,2026-08-18 06:43:06.691355
2026-08-17,2026-06-01,2026-08-17,district,ODISHA,ODISHA,KORAPUT,2.7,12.3,-78.0,LD,731.4,828.5,-12.0,N,2026-08-18 06:43:06.691355
2026-08-17,2026-06-01,2026-08-17,district,ODISHA,ODISHA,MALKANGIRI,3.2,13.6,-77.0,LD,686.6,859.7,-20.0,D,2026-08-18 06:43:06.691355
2026-08-17,2026-06-01,2026-08-17,district,ODISHA,ODISHA,MAYURBHANJ,86.3,11.2,671.0,LE,1106.4,794.2,39.0,E,2026-08-18 06:43:06.691355
2026-08-17,2026-06-01,2026-08-17,district,ODISHA,ODISHA,NAWAPARA,9.6,9.8,-2.0,N,864.5,670.8,29.0,E,2026-08-18 06:43:06.691355
2026-08-17,2026-06-01,2026-08-17,district,ODISHA,ODISHA,NAWARANGPUR,3.4,13.0,-74.0,LD,621.9,913.9,-32.0,D,2026-08-18 06:43:06.691355
2026-08-17,2026-06-01,2026-08-17,district,ODISHA,ODISHA,NAYAGARH,21.0,9.2,128.0,LE,934.0,698.0,34.0,E,2026-08-18 06:43:06.691355
2026-08-17,2026-06-01,2026-08-17,district,ODISHA,ODISHA,PURI,8.2,12.9,-36.0,D,944.3,639.1,48.0,E,2026-08-18 06:43:06.691355
2026-08-17,2026-06-01,2026-08-17,district,ODISHA,ODISHA,RAYAGADA,5.6,8.6,-35.0,D,552.9,649.0,-15.0,N,2026-08-18 06:43:06.691355
2026-08-17,2026-06-01,2026-08-17,district,ODISHA,ODISHA,SAMBALPUR,14.6,12.1,21.0,E,1247.8,864.9,44.0,E,2026-08-18 06:43:06.691355
2026-08-17,2026-06-01,2026-08-17,district,ODISHA,ODISHA,SONEPUR,8.4,7.9,6.0,N,1464.0,798.2,83.0,LE,2026-08-18 06:43:06.691355
2026-08-17,2026-06-01,2026-08-17,district,ODISHA,ODISHA,SUNDARGARH,9.0,12.5,-28.0,D,1011.6,816.5,24.0,E,2026-08-18 06:43:06.691355
2026-08-17,2026-06-01,2026-08-17,district,PUNJAB,PUNJAB,AMRITSAR,0.6,5.6,-90.0,LD,317.3,331.2,-4.0,N,2026-08-18 06:43:06.691355
2026-08-17,2026-06-01,2026-08-17,district,PUNJAB,PUNJAB,BARNALA,0.0,4.2,-100.0,NR,112.5,257.6,-56.0,D,2026-08-18 06:43:06.691355
2026-08-17,2026-06-01,2026-08-17,district,PUNJAB,PUNJAB,BHATINDA,0.0,1.6,-100.0,NR,120.7,209.4,-42.0,D,2026-08-18 06:43:06.691355
2026-08-17,2026-06-01,2026-08-17,district,PUNJAB,PUNJAB,FARIDKOT,0.0,2.2,-100.0,NR,223.8,209.7,7.0,N,2026-08-18 06:43:06.691355
2026-08-17,2026-06-01,2026-08-17,district,PUNJAB,PUNJAB,FATEHGARH SAHIB,18.8,2.2,756.0,LE,120.9,339.4,-64.0,LD,2026-08-18 06:43:06.691355
2026-08-17,2026-06-01,2026-08-17,district,PUNJAB,PUNJAB,FAZILKA,0.0,0.8,-100.0,NR,106.6,181.8,-41.0,D,2026-08-18 06:43:06.691355
2026-08-17,2026-06-01,2026-08-17,district,PUNJAB,PUNJAB,FEROZEPUR,0.0,0.4,-100.0,NR,120.9,172.4,-30.0,D,2026-08-18 06:43:06.691355
2026-08-17,2026-06-01,2026-08-17,district,PUNJAB,PUNJAB,GURDASPUR,0.3,6.8,-95.0,LD,512.6,442.4,16.0,N,2026-08-18 06:43:06.691355
2026-08-17,2026-06-01,2026-08-17,district,PUNJAB,PUNJAB,HOSHIARPUR,1.1,5.6,-80.0,LD,139.6,439.7,-68.0,LD,2026-08-18 06:43:06.691355
2026-08-17,2026-06-01,2026-08-17,district,PUNJAB,PUNJAB,JALANDHAR,0.0,3.4,-100.0,NR,221.7,367.8,-40.0,D,2026-08-18 06:43:06.691355
2026-08-17,2026-06-01,2026-08-17,district,PUNJAB,PUNJAB,KAPURTHALA,0.0,5.5,-100.0,NR,130.1,321.2,-60.0,LD,2026-08-18 06:43:06.691355
2026-08-17,2026-06-01,2026-08-17,district,PUNJAB,PUNJAB,LUDHIANA,0.7,2.7,-72.0,LD,199.4,321.4,-38.0,D,2026-08-18 06:43:06.691355
2026-08-17,2026-06-01,2026-08-17,district,PUNJAB,PUNJAB,MANSA,0.0,0.6,-100.0,NR,58.0,191.1,-70.0,LD,2026-08-18 06:43:06.691355
2026-08-17,2026-06-01,2026-08-17,district,PUNJAB,PUNJAB,MOGA,0.0,1.5,-100.0,NR,139.9,198.5,-30.0,D,2026-08-18 06:43:06.691355
2026-08-17,2026-06-01,2026-08-17,district,PUNJAB,PUNJAB,MUKTSAR,0.0,0.9,-100.0,NR,94.2,220.3,-57.0,D,2026-08-18 06:43:06.691355
2026-08-17,2026-06-01,2026-08-17,district,PUNJAB,PUNJAB,PATHANKOT,1.4,12.5,-89.0,LD,838.3,692.8,21.0,E,2026-08-18 06:43:06.691355
2026-08-17,2026-06-01,2026-08-17,district,PUNJAB,PUNJAB,PATIALA,15.8,2.5,531.0,LE,243.8,369.1,-34.0,D,2026-08-18 06:43:06.691355
2026-08-17,2026-06-01,2026-08-17,district,PUNJAB,PUNJAB,RUPNAGAR,0.3,5.8,-95.0,LD,341.3,566.8,-40.0,D,2026-08-18 06:43:06.691355
2026-08-17,2026-06-01,2026-08-17,district,PUNJAB,PUNJAB,SANGRUR,0.0,2.4,-100.0,NR,129.6,267.4,-52.0,D,2026-08-18 06:43:06.691355
2026-08-17,2026-06-01,2026-08-17,district,PUNJAB,PUNJAB,SAS NAGAR (MOHALI),7.1,3.5,102.0,LE,189.1,438.0,-57.0,D,2026-08-18 06:43:06.691355
2026-08-17,2026-06-01,2026-08-17,district,PUNJAB,PUNJAB,SBS NAGAR,11.4,3.0,280.0,LE,269.6,533.5,-49.0,D,2026-08-18 06:43:06.691355
2026-08-17,2026-06-01,2026-08-17,district,PUNJAB,PUNJAB,TARN TARAN,0.0,2.4,-100.0,NR,117.1,191.3,-39.0,D,2026-08-18 06:43:06.691355
2026-08-17,2026-06-01,2026-08-17,district,RAYALASEEMA,ANDHRA PRADESH,ANANTAPURAMU,0.1,1.6,-93.0,LD,135.6,159.0,-15.0,N,2026-08-18 06:43:06.691355
2026-08-17,2026-06-01,2026-08-17,district,RAYALASEEMA,ANDHRA PRADESH,ANNAMAYYA DISTRICT,0.0,3.0,-100.0,NR,77.1,208.9,-63.0,LD,2026-08-18 06:43:06.691355
2026-08-17,2026-06-01,2026-08-17,district,RAYALASEEMA,ANDHRA PRADESH,CHITTOOR,0.0,4.4,-100.0,NR,110.7,241.0,-54.0,D,2026-08-18 06:43:06.691355
2026-08-17,2026-06-01,2026-08-17,district,RAYALASEEMA,ANDHRA PRADESH,KURNOOL,0.0,1.8,-100.0,NR,191.3,242.0,-21.0,D,2026-08-18 06:43:06.691355
2026-08-17,2026-06-01,2026-08-17,district,RAYALASEEMA,ANDHRA PRADESH,NANDYAL,0.5,3.3,-86.0,LD,190.3,289.1,-34.0,D,2026-08-18 06:43:06.691355
2026-08-17,2026-06-01,2026-08-17,district,RAYALASEEMA,ANDHRA PRADESH,SRI SATHYASAI DISTRICT,0.0,2.2,-100.0,NR,98.6,155.2,-36.0,D,2026-08-18 06:43:06.691355
2026-08-17,2026-06-01,2026-08-17,district,RAYALASEEMA,ANDHRA PRADESH,TIRUPATI,0.0,3.8,-99.0,LD,165.8,255.7,-35.0,D,2026-08-18 06:43:06.691355
2026-08-17,2026-06-01,2026-08-17,district,RAYALASEEMA,ANDHRA PRADESH,YSR DISTRICT,0.0,2.9,-100.0,NR,131.6,215.8,-39.0,D,2026-08-18 06:43:06.691355
2026-08-17,2026-06-01,2026-08-17,district,S. I. KARNATAKA,KARNATAKA,BALLARI,0.0,2.4,-100.0,NR,110.0,183.2,-40.0,D,2026-08-18 06:43:06.691355
2026-08-17,2026-06-01,2026-08-17,district,S. I. KARNATAKA,KARNATAKA,BENGALURU RURAL,0.8,4.0,-80.0,LD,189.9,213.6,-11.0,N,2026-08-18 06:43:06.691355
2026-08-17,2026-06-01,2026-08-17,district,S. I. KARNATAKA,KARNATAKA,BENGALURU URBAN,0.0,5.3,-99.0,LD,103.7,219.6,-53.0,D,2026-08-18 06:43:06.691355
2026-08-17,2026-06-01,2026-08-17,district,S. I. KARNATAKA,KARNATAKA,CHAMARAJANAGAR,0.3,3.6,-91.0,LD,122.3,173.4,-29.0,D,2026-08-18 06:43:06.691355
2026-08-17,2026-06-01,2026-08-17,district,S. I. KARNATAKA,KARNATAKA,CHIKABALLAPURA,0.0,3.5,-100.0,NR,143.9,205.9,-30.0,D,2026-08-18 06:43:06.691355
2026-08-17,2026-06-01,2026-08-17,district,S. I. KARNATAKA,KARNATAKA,CHIKKAMAGALURU,7.1,16.2,-56.0,D,1123.0,1181.7,-5.0,N,2026-08-18 06:43:06.691355
2026-08-17,2026-06-01,2026-08-17,district,S. I. KARNATAKA,KARNATAKA,CHITRADURGA,0.1,2.2,-96.0,LD,121.9,147.9,-18.0,N,2026-08-18 06:43:06.691355
2026-08-17,2026-06-01,2026-08-17,district,S. I. KARNATAKA,KARNATAKA,DAVANGERE,0.4,4.3,-91.0,LD,216.7,229.8,-6.0,N,2026-08-18 06:43:06.691355
2026-08-17,2026-06-01,2026-08-17,district,S. I. KARNATAKA,KARNATAKA,HASSAN,0.3,7.2,-97.0,LD,179.5,480.3,-63.0,LD,2026-08-18 06:43:06.691355
2026-08-17,2026-06-01,2026-08-17,district,S. I. KARNATAKA,KARNATAKA,KODAGU,4.7,24.1,-80.0,LD,1316.8,1808.3,-27.0,D,2026-08-18 06:43:06.691355
2026-08-17,2026-06-01,2026-08-17,district,S. I. KARNATAKA,KARNATAKA,KOLAR,0.0,2.8,-100.0,NR,105.0,201.1,-48.0,D,2026-08-18 06:43:06.691355
2026-08-17,2026-06-01,2026-08-17,district,S. I. KARNATAKA,KARNATAKA,MANDYA,0.0,3.6,-100.0,NR,83.3,142.5,-42.0,D,2026-08-18 06:43:06.691355
2026-08-17,2026-06-01,2026-08-17,district,S. I. KARNATAKA,KARNATAKA,MYSURU,0.0,4.9,-100.0,NR,123.1,227.2,-46.0,D,2026-08-18 06:43:06.691355
2026-08-17,2026-06-01,2026-08-17,district,S. I. KARNATAKA,KARNATAKA,SHIVAMOGGA,12.0,15.8,-24.0,D,1280.5,1307.7,-2.0,N,2026-08-18 06:43:06.691355
2026-08-17,2026-06-01,2026-08-17,district,S. I. KARNATAKA,KARNATAKA,TUMAKURU,0.0,3.1,-100.0,NR,105.6,179.4,-41.0,D,2026-08-18 06:43:06.691355
2026-08-17,2026-06-01,2026-08-17,district,S. I. KARNATAKA,KARNATAKA,VIJAYANAGARA,0.0,3.4,-100.0,NR,115.8,202.7,-43.0,D,2026-08-18 06:43:06.691355
2026-08-17,2026-06-01,2026-08-17,district,SAURASHTRA & KUTCH,DADRA & NAGAR HAVELI AND DAMAN & DIU (UT),DIU,0.2,2.6,-92.0,LD,622.4,583.7,7.0,N,2026-08-18 06:43:06.691355
2026-08-17,2026-06-01,2026-08-17,district,SAURASHTRA & KUTCH,GUJARAT,AMRELI,2.3,4.0,-42.0,D,492.6,408.2,21.0,E,2026-08-18 06:43:06.691355
2026-08-17,2026-06-01,2026-08-17,district,SAURASHTRA & KUTCH,GUJARAT,BHAVNAGAR,4.9,5.3,-8.0,N,475.4,400.0,19.0,N,2026-08-18 06:43:06.691355
2026-08-17,2026-06-01,2026-08-17,district,SAURASHTRA & KUTCH,GUJARAT,BOTAD,1.1,5.9,-81.0,LD,443.2,391.2,13.0,N,2026-08-18 06:43:06.691355
2026-08-17,2026-06-01,2026-08-17,district,SAURASHTRA & KUTCH,GUJARAT,DEVBHOOMI DWARKA,0.0,3.1,-100.0,NR,57.3,416.2,-86.0,LD,2026-08-18 06:43:06.691355
2026-08-17,2026-06-01,2026-08-17,district,SAURASHTRA & KUTCH,GUJARAT,GIR SOMNATH,2.9,4.3,-33.0,D,467.0,680.2,-31.0,D,2026-08-18 06:43:06.691355
2026-08-17,2026-06-01,2026-08-17,district,SAURASHTRA & KUTCH,GUJARAT,JAMNAGAR,1.0,2.8,-64.0,LD,216.0,469.7,-54.0,D,2026-08-18 06:43:06.691355
2026-08-17,2026-06-01,2026-08-17,district,SAURASHTRA & KUTCH,GUJARAT,JUNAGADH,1.1,4.4,-75.0,LD,589.5,669.6,-12.0,N,2026-08-18 06:43:06.691355
2026-08-17,2026-06-01,2026-08-17,district,SAURASHTRA & KUTCH,GUJARAT,KUTCH,0.0,3.6,-99.0,LD,136.5,289.5,-53.0,D,2026-08-18 06:43:06.691355
2026-08-17,2026-06-01,2026-08-17,district,SAURASHTRA & KUTCH,GUJARAT,MORBI,1.2,3.4,-65.0,LD,470.8,397.8,18.0,N,2026-08-18 06:43:06.691355
2026-08-17,2026-06-01,2026-08-17,district,SAURASHTRA & KUTCH,GUJARAT,PORBANDAR,0.0,2.4,-100.0,NR,159.1,519.4,-69.0,LD,2026-08-18 06:43:06.691355
2026-08-17,2026-06-01,2026-08-17,district,SAURASHTRA & KUTCH,GUJARAT,RAJKOT,1.5,5.4,-73.0,LD,354.2,464.2,-24.0,D,2026-08-18 06:43:06.691355
2026-08-17,2026-06-01,2026-08-17,district,SAURASHTRA & KUTCH,GUJARAT,SURENDRANAGAR,1.0,3.1,-69.0,LD,480.6,364.2,32.0,E,2026-08-18 06:43:06.691355
2026-08-17,2026-06-01,2026-08-17,district,SHWB & SIKKIM,SIKKIM,GANGTOK,1.5,19.2,-92.0,LD,1373.1,1517.8,-10.0,N,2026-08-18 06:43:06.691355
2026-08-17,2026-06-01,2026-08-17,district,SHWB & SIKKIM,SIKKIM,GYALSHING,14.2,16.3,-13.0,N,1587.0,1209.7,31.0,E,2026-08-18 06:43:06.691355
2026-08-17,2026-06-01,2026-08-17,district,SHWB & SIKKIM,SIKKIM,MANGAN,2.6,11.9,-78.0,LD,929.6,1059.0,-12.0,N,2026-08-18 06:43:06.691355
2026-08-17,2026-06-01,2026-08-17,district,SHWB & SIKKIM,SIKKIM,NAMCHI,3.4,13.2,-74.0,LD,1386.5,1118.3,24.0,E,2026-08-18 06:43:06.691355
2026-08-17,2026-06-01,2026-08-17,district,SHWB & SIKKIM,SIKKIM,Pakyong,7.6,16.1,-53.0,D,1156.4,1118.2,3.0,N,2026-08-18 06:43:06.691355
2026-08-17,2026-06-01,2026-08-17,district,SHWB & SIKKIM,SIKKIM,Soreng,0.5,16.3,-97.0,LD,1641.5,1209.7,36.0,E,2026-08-18 06:43:06.691355
2026-08-17,2026-06-01,2026-08-17,district,SHWB & SIKKIM,WEST BENGAL,ALIPURDUAR,23.1,19.6,18.0,N,2062.0,2128.3,-3.0,N,2026-08-18 06:43:06.691355
2026-08-17,2026-06-01,2026-08-17,district,SHWB & SIKKIM,WEST BENGAL,COOCH BEHAR,6.8,19.3,-65.0,LD,1603.5,1637.0,-2.0,N,2026-08-18 06:43:06.691355
2026-08-17,2026-06-01,2026-08-17,district,SHWB & SIKKIM,WEST BENGAL,DARJEELING,10.7,19.5,-45.0,D,1624.9,1894.6,-14.0,N,2026-08-18 06:43:06.691355
2026-08-17,2026-06-01,2026-08-17,district,SHWB & SIKKIM,WEST BENGAL,JALPAIGURI,10.5,21.5,-51.0,D,1667.9,2044.8,-18.0,N,2026-08-18 06:43:06.691355
2026-08-17,2026-06-01,2026-08-17,district,SHWB & SIKKIM,WEST BENGAL,KALIMPONG,6.0,19.1,-69.0,LD,1368.7,1683.6,-19.0,N,2026-08-18 06:43:06.691355
2026-08-17,2026-06-01,2026-08-17,district,SHWB & SIKKIM,WEST BENGAL,MALDA,3.8,10.4,-63.0,LD,555.2,746.6,-26.0,D,2026-08-18 06:43:06.691355
2026-08-17,2026-06-01,2026-08-17,district,SHWB & SIKKIM,WEST BENGAL,NORTH DINAJPUR,0.0,17.9,-100.0,NR,737.2,967.4,-24.0,D,2026-08-18 06:43:06.691355
2026-08-17,2026-06-01,2026-08-17,district,SHWB & SIKKIM,WEST BENGAL,SOUTH DINAJPUR,0.0,10.8,-100.0,NR,632.7,699.0,-9.0,N,2026-08-18 06:43:06.691355
2026-08-17,2026-06-01,2026-08-17,district,TAMIL. PUDU.& KARAIKAL,PUDUCHERRY (UT),KARAIKAL,0.0,3.9,-100.0,NR,202.2,141.4,43.0,E,2026-08-18 06:43:06.691355
2026-08-17,2026-06-01,2026-08-17,district,TAMIL. PUDU.& KARAIKAL,PUDUCHERRY (UT),PUDUCHERRY,0.0,8.0,-100.0,NR,82.1,196.3,-58.0,D,2026-08-18 06:43:06.691355
2026-08-17,2026-06-01,2026-08-17,district,TAMIL. PUDU.& KARAIKAL,TAMILNADU,ARIYALUR,0.0,7.8,-100.0,NR,175.7,141.1,25.0,E,2026-08-18 06:43:06.691355
2026-08-17,2026-06-01,2026-08-17,district,TAMIL. PUDU.& KARAIKAL,TAMILNADU,CHENGALPATTU,0.0,5.0,-100.0,NR,83.0,215.7,-62.0,LD,2026-08-18 06:43:06.691355
2026-08-17,2026-06-01,2026-08-17,district,TAMIL. PUDU.& KARAIKAL,TAMILNADU,CHENNAI,0.0,8.5,-100.0,NR,236.7,247.2,-4.0,N,2026-08-18 06:43:06.691355
2026-08-17,2026-06-01,2026-08-17,district,TAMIL. PUDU.& KARAIKAL,TAMILNADU,COIMBATORE,0.4,7.1,-94.0,LD,541.4,498.1,9.0,N,2026-08-18 06:43:06.691355
2026-08-17,2026-06-01,2026-08-17,district,TAMIL. PUDU.& KARAIKAL,TAMILNADU,CUDDALORE,0.0,6.0,-100.0,NR,173.3,171.8,1.0,N,2026-08-18 06:43:06.691355
2026-08-17,2026-06-01,2026-08-17,district,TAMIL. PUDU.& KARAIKAL,TAMILNADU,DHARMAPURI,0.0,7.8,-100.0,NR,139.0,165.8,-16.0,N,2026-08-18 06:43:06.691355
2026-08-17,2026-06-01,2026-08-17,district,TAMIL. PUDU.& KARAIKAL,TAMILNADU,DINDIGUL,0.0,3.5,-100.0,NR,87.0,123.6,-30.0,D,2026-08-18 06:43:06.691355
2026-08-17,2026-06-01,2026-08-17,district,TAMIL. PUDU.& KARAIKAL,TAMILNADU,ERODE,0.1,3.2,-96.0,LD,99.3,120.8,-18.0,N,2026-08-18 06:43:06.691355
2026-08-17,2026-06-01,2026-08-17,district,TAMIL. PUDU.& KARAIKAL,TAMILNADU,KALLAKURICHI,0.0,8.4,-100.0,NR,149.4,189.2,-21.0,D,2026-08-18 06:43:06.691355
2026-08-17,2026-06-01,2026-08-17,district,TAMIL. PUDU.& KARAIKAL,TAMILNADU,KANCHEEPURAM,0.1,6.5,-99.0,LD,175.0,250.9,-30.0,D,2026-08-18 06:43:06.691355
2026-08-17,2026-06-01,2026-08-17,district,TAMIL. PUDU.& KARAIKAL,TAMILNADU,KANYAKUMARI,6.0,2.8,115.0,LE,365.1,332.7,10.0,N,2026-08-18 06:43:06.691355
2026-08-17,2026-06-01,2026-08-17,district,TAMIL. PUDU.& KARAIKAL,TAMILNADU,KARUR,0.0,3.4,-100.0,NR,35.8,68.9,-48.0,D,2026-08-18 06:43:06.691355
2026-08-17,2026-06-01,2026-08-17,district,TAMIL. PUDU.& KARAIKAL,TAMILNADU,KRISHNAGIRI,0.0,5.7,-100.0,NR,109.3,150.8,-27.0,D,2026-08-18 06:43:06.691355
2026-08-17,2026-06-01,2026-08-17,district,TAMIL. PUDU.& KARAIKAL,TAMILNADU,MADURAI,0.0,3.6,-100.0,NR,97.6,130.0,-25.0,D,2026-08-18 06:43:06.691355
2026-08-17,2026-06-01,2026-08-17,district,TAMIL. PUDU.& KARAIKAL,TAMILNADU,MAYILADUTHURAI,0.0,4.4,-100.0,NR,102.9,145.2,-29.0,D,2026-08-18 06:43:06.691355
2026-08-17,2026-06-01,2026-08-17,district,TAMIL. PUDU.& KARAIKAL,TAMILNADU,NAGAPATTINAM,0.0,4.4,-100.0,NR,61.5,114.0,-46.0,D,2026-08-18 06:43:06.691355
2026-08-17,2026-06-01,2026-08-17,district,TAMIL. PUDU.& KARAIKAL,TAMILNADU,NAMAKKAL,0.0,4.1,-100.0,NR,67.2,143.5,-53.0,D,2026-08-18 06:43:06.691355
2026-08-17,2026-06-01,2026-08-17,district,TAMIL. PUDU.& KARAIKAL,TAMILNADU,NILGIRIS,0.7,8.4,-92.0,LD,413.5,576.7,-28.0,D,2026-08-18 06:43:06.691355
2026-08-17,2026-06-01,2026-08-17,district,TAMIL. PUDU.& KARAIKAL,TAMILNADU,PERAMBALUR,0.0,5.4,-100.0,NR,135.3,107.7,26.0,E,2026-08-18 06:43:06.691355
2026-08-17,2026-06-01,2026-08-17,district,TAMIL. PUDU.& KARAIKAL,TAMILNADU,PUDUKKOTTAI,0.0,5.4,-100.0,NR,141.2,136.9,3.0,N,2026-08-18 06:43:06.691355
2026-08-17,2026-06-01,2026-08-17,district,TAMIL. PUDU.& KARAIKAL,TAMILNADU,RAMANATHAPURAM,0.0,2.5,-100.0,NR,27.0,56.0,-52.0,D,2026-08-18 06:43:06.691355
2026-08-17,2026-06-01,2026-08-17,district,TAMIL. PUDU.& KARAIKAL,TAMILNADU,RANIPET,0.0,5.8,-100.0,NR,185.5,244.9,-24.0,D,2026-08-18 06:43:06.691355
2026-08-17,2026-06-01,2026-08-17,district,TAMIL. PUDU.& KARAIKAL,TAMILNADU,SALEM,0.3,6.6,-95.0,LD,150.6,191.4,-21.0,D,2026-08-18 06:43:06.691355
2026-08-17,2026-06-01,2026-08-17,district,TAMIL. PUDU.& KARAIKAL,TAMILNADU,SIVAGANGA,0.0,3.2,-100.0,NR,168.6,161.6,4.0,N,2026-08-18 06:43:06.691355
2026-08-17,2026-06-01,2026-08-17,district,TAMIL. PUDU.& KARAIKAL,TAMILNADU,TENKASI,0.0,1.2,-97.0,LD,166.2,110.3,51.0,E,2026-08-18 06:43:06.691355
2026-08-17,2026-06-01,2026-08-17,district,TAMIL. PUDU.& KARAIKAL,TAMILNADU,THANJAVUR,0.0,7.0,-100.0,NR,112.5,138.4,-19.0,N,2026-08-18 06:43:06.691355
2026-08-17,2026-06-01,2026-08-17,district,TAMIL. PUDU.& KARAIKAL,TAMILNADU,THENI,0.0,2.2,-100.0,NR,150.2,111.6,35.0,E,2026-08-18 06:43:06.691355
2026-08-17,2026-06-01,2026-08-17,district,TAMIL. PUDU.& KARAIKAL,TAMILNADU,THIRUCHIRAPALLI,0.0,4.4,-100.0,NR,80.9,108.1,-25.0,D,2026-08-18 06:43:06.691355
2026-08-17,2026-06-01,2026-08-17,district,TAMIL. PUDU.& KARAIKAL,TAMILNADU,THIRUVALLUR,0.0,5.7,-100.0,NR,205.7,250.5,-18.0,N,2026-08-18 06:43:06.691355
2026-08-17,2026-06-01,2026-08-17,district,TAMIL. PUDU.& KARAIKAL,TAMILNADU,THOOTHUKUDI,0.0,0.6,-100.0,NR,10.2,23.0,-56.0,D,2026-08-18 06:43:06.691355
2026-08-17,2026-06-01,2026-08-17,district,TAMIL. PUDU.& KARAIKAL,TAMILNADU,TIRUNELVELI,1.8,0.2,795.0,LE,352.6,48.0,635.0,LE,2026-08-18 06:43:06.691355
2026-08-17,2026-06-01,2026-08-17,district,TAMIL. PUDU.& KARAIKAL,TAMILNADU,TIRUPATTUR,0.0,6.3,-100.0,NR,83.5,207.1,-60.0,LD,2026-08-18 06:43:06.691355
2026-08-17,2026-06-01,2026-08-17,district,TAMIL. PUDU.& KARAIKAL,TAMILNADU,TIRUPPUR,0.0,1.4,-100.0,NR,25.1,56.0,-55.0,D,2026-08-18 06:43:06.691355
2026-08-17,2026-06-01,2026-08-17,district,TAMIL. PUDU.& KARAIKAL,TAMILNADU,TIRUVANNAMALAI,0.0,8.7,-100.0,NR,135.2,224.8,-40.0,D,2026-08-18 06:43:06.691355
2026-08-17,2026-06-01,2026-08-17,district,TAMIL. PUDU.& KARAIKAL,TAMILNADU,TIRUVARUR,0.0,5.9,-100.0,NR,127.6,134.5,-5.0,N,2026-08-18 06:43:06.691355
2026-08-17,2026-06-01,2026-08-17,district,TAMIL. PUDU.& KARAIKAL,TAMILNADU,VELLORE,0.0,6.0,-100.0,NR,132.1,221.6,-40.0,D,2026-08-18 06:43:06.691355
2026-08-17,2026-06-01,2026-08-17,district,TAMIL. PUDU.& KARAIKAL,TAMILNADU,VILLUPURAM,0.0,6.1,-100.0,NR,148.4,199.6,-26.0,D,2026-08-18 06:43:06.691355
2026-08-17,2026-06-01,2026-08-17,district,TAMIL. PUDU.& KARAIKAL,TAMILNADU,VIRUDHUNAGAR,0.0,2.3,-100.0,NR,77.6,77.9,0.0,N,2026-08-18 06:43:06.691355
2026-08-17,2026-06-01,2026-08-17,district,TELANGANA,TELANGANA,ADILABAD,0.2,9.9,-98.0,LD,558.1,662.5,-16.0,N,2026-08-18 06:43:06.691355
2026-08-17,2026-06-01,2026-08-17,district,TELANGANA,TELANGANA,B. KOTHAGUDEM,0.5,7.5,-93.0,LD,477.9,654.1,-27.0,D,2026-08-18 06:43:06.691355
2026-08-17,2026-06-01,2026-08-17,district,TELANGANA,TELANGANA,HANUMAKONDA,0.0,6.4,-99.0,LD,270.7,448.8,-40.0,D,2026-08-18 06:43:06.691355
2026-08-17,2026-06-01,2026-08-17,district,TELANGANA,TELANGANA,HYDERABAD,0.7,6.9,-91.0,LD,269.7,381.9,-29.0,D,2026-08-18 06:43:06.691355
2026-08-17,2026-06-01,2026-08-17,district,TELANGANA,TELANGANA,J. BHUPALPALLY,2.9,6.6,-56.0,D,646.6,657.5,-2.0,N,2026-08-18 06:43:06.691355
2026-08-17,2026-06-01,2026-08-17,district,TELANGANA,TELANGANA,JAGTIAL,3.2,4.2,-24.0,D,618.9,538.5,15.0,N,2026-08-18 06:43:06.691355
2026-08-17,2026-06-01,2026-08-17,district,TELANGANA,TELANGANA,JANGAON,0.0,6.5,-100.0,NR,246.5,439.8,-44.0,D,2026-08-18 06:43:06.691355
2026-08-17,2026-06-01,2026-08-17,district,TELANGANA,TELANGANA,JOGULAMBA GADWAL,0.1,3.3,-96.0,LD,174.1,263.5,-34.0,D,2026-08-18 06:43:06.691355
2026-08-17,2026-06-01,2026-08-17,district,TELANGANA,TELANGANA,KAMAREDDY,0.0,6.7,-100.0,NR,650.1,508.3,28.0,E,2026-08-18 06:43:06.691355
2026-08-17,2026-06-01,2026-08-17,district,TELANGANA,TELANGANA,KARIMNAGAR,2.2,5.3,-58.0,D,436.1,460.9,-5.0,N,2026-08-18 06:43:06.691355
2026-08-17,2026-06-01,2026-08-17,district,TELANGANA,TELANGANA,KHAMMAM,0.3,6.3,-96.0,LD,376.8,512.9,-27.0,D,2026-08-18 06:43:06.691355
2026-08-17,2026-06-01,2026-08-17,district,TELANGANA,TELANGANA,KUMARAM BHEEM,3.5,9.7,-64.0,LD,817.6,676.5,21.0,E,2026-08-18 06:43:06.691355
2026-08-17,2026-06-01,2026-08-17,district,TELANGANA,TELANGANA,M. MALKAJGIRI,0.6,5.0,-89.0,LD,183.1,309.0,-41.0,D,2026-08-18 06:43:06.691355
2026-08-17,2026-06-01,2026-08-17,district,TELANGANA,TELANGANA,MAHABUBABAD,0.0,6.8,-100.0,NR,449.3,581.0,-23.0,D,2026-08-18 06:43:06.691355
2026-08-17,2026-06-01,2026-08-17,district,TELANGANA,TELANGANA,MAHABUBNAGAR,0.5,4.7,-89.0,LD,295.3,313.0,-6.0,N,2026-08-18 06:43:06.691355
2026-08-17,2026-06-01,2026-08-17,district,TELANGANA,TELANGANA,MANCHERIAL,5.9,6.1,-4.0,N,723.5,648.5,12.0,N,2026-08-18 06:43:06.691355
2026-08-17,2026-06-01,2026-08-17,district,TELANGANA,TELANGANA,MEDAK,0.1,7.6,-99.0,LD,513.9,522.3,-2.0,N,2026-08-18 06:43:06.691355
2026-08-17,2026-06-01,2026-08-17,district,TELANGANA,TELANGANA,MULUGU,4.3,8.1,-47.0,D,719.7,679.2,6.0,N,2026-08-18 06:43:06.691355
2026-08-17,2026-06-01,2026-08-17,district,TELANGANA,TELANGANA,NAGARKURNOOL,0.1,3.7,-98.0,LD,210.4,282.0,-25.0,D,2026-08-18 06:43:06.691355
2026-08-17,2026-06-01,2026-08-17,district,TELANGANA,TELANGANA,NALGONDA,1.2,5.8,-79.0,LD,156.4,300.1,-48.0,D,2026-08-18 06:43:06.691355
2026-08-17,2026-06-01,2026-08-17,district,TELANGANA,TELANGANA,NARAYANPET,0.6,4.1,-85.0,LD,291.7,274.2,6.0,N,2026-08-18 06:43:06.691355
2026-08-17,2026-06-01,2026-08-17,district,TELANGANA,TELANGANA,NIRMAL,2.8,6.1,-54.0,D,343.4,607.3,-43.0,D,2026-08-18 06:43:06.691355
2026-08-17,2026-06-01,2026-08-17,district,TELANGANA,TELANGANA,NIZAMABAD,0.4,7.3,-95.0,LD,534.4,555.6,-4.0,N,2026-08-18 06:43:06.691355
2026-08-17,2026-06-01,2026-08-17,district,TELANGANA,TELANGANA,PEDDAPALLE,4.0,6.0,-33.0,D,549.4,599.7,-8.0,N,2026-08-18 06:43:06.691355
2026-08-17,2026-06-01,2026-08-17,district,TELANGANA,TELANGANA,RAJANNA SIRCILLA,0.5,5.7,-91.0,LD,473.9,455.1,4.0,N,2026-08-18 06:43:06.691355
2026-08-17,2026-06-01,2026-08-17,district,TELANGANA,TELANGANA,RANGAREDDY,0.3,4.1,-93.0,LD,286.0,326.1,-12.0,N,2026-08-18 06:43:06.691355
2026-08-17,2026-06-01,2026-08-17,district,TELANGANA,TELANGANA,SANGAREDDY,0.6,6.7,-91.0,LD,334.1,456.3,-27.0,D,2026-08-18 06:43:06.691355
2026-08-17,2026-06-01,2026-08-17,district,TELANGANA,TELANGANA,SIDDIPET,0.0,5.8,-100.0,NR,360.3,405.3,-11.0,N,2026-08-18 06:43:06.691355
2026-08-17,2026-06-01,2026-08-17,district,TELANGANA,TELANGANA,SURYAPET,2.5,8.1,-69.0,LD,277.0,391.9,-29.0,D,2026-08-18 06:43:06.691355
2026-08-17,2026-06-01,2026-08-17,district,TELANGANA,TELANGANA,VIKARABAD,0.5,4.6,-89.0,LD,353.3,405.7,-13.0,N,2026-08-18 06:43:06.691355
2026-08-17,2026-06-01,2026-08-17,district,TELANGANA,TELANGANA,WANAPARTHY,0.1,5.5,-97.0,LD,223.8,331.0,-32.0,D,2026-08-18 06:43:06.691355
2026-08-17,2026-06-01,2026-08-17,district,TELANGANA,TELANGANA,WARANGAL,0.2,7.3,-98.0,LD,340.7,613.6,-44.0,D,2026-08-18 06:43:06.691355
2026-08-17,2026-06-01,2026-08-17,district,TELANGANA,TELANGANA,Y. BHUVANAGIRI,0.7,4.0,-81.0,LD,185.0,341.1,-46.0,D,2026-08-18 06:43:06.691355
2026-08-17,2026-06-01,2026-08-17,district,UTTARAKHAND,UTTARAKHAND,ALMORA,9.8,8.8,11.0,N,594.0,569.7,4.0,N,2026-08-18 06:43:06.691355
2026-08-17,2026-06-01,2026-08-17,district,UTTARAKHAND,UTTARAKHAND,BAGESHWAR,59.0,8.8,570.0,LE,1424.9,569.7,150.0,LE,2026-08-18 06:43:06.691355
2026-08-17,2026-06-01,2026-08-17,district,UTTARAKHAND,UTTARAKHAND,CHAMOLI,23.6,10.0,136.0,LE,838.8,525.6,60.0,LE,2026-08-18 06:43:06.691355
2026-08-17,2026-06-01,2026-08-17,district,UTTARAKHAND,UTTARAKHAND,CHAMPAWAT,9.0,14.2,-37.0,D,603.5,916.8,-34.0,D,2026-08-18 06:43:06.691355
2026-08-17,2026-06-01,2026-08-17,district,UTTARAKHAND,UTTARAKHAND,DEHRADUN,7.8,14.3,-45.0,D,943.4,1031.6,-9.0,N,2026-08-18 06:43:06.691355
2026-08-17,2026-06-01,2026-08-17,district,UTTARAKHAND,UTTARAKHAND,GARHWAL PAURI,12.7,11.2,14.0,N,411.1,871.8,-53.0,D,2026-08-18 06:43:06.691355
2026-08-17,2026-06-01,2026-08-17,district,UTTARAKHAND,UTTARAKHAND,GARHWAL TEHRI,6.7,7.1,-5.0,N,819.9,668.6,23.0,E,2026-08-18 06:43:06.691355
2026-08-17,2026-06-01,2026-08-17,district,UTTARAKHAND,UTTARAKHAND,HARDWAR,18.8,12.1,56.0,E,762.2,687.5,11.0,N,2026-08-18 06:43:06.691355
2026-08-17,2026-06-01,2026-08-17,district,UTTARAKHAND,UTTARAKHAND,NAINITAL,12.7,18.9,-33.0,D,695.8,1111.4,-37.0,D,2026-08-18 06:43:06.691355
2026-08-17,2026-06-01,2026-08-17,district,UTTARAKHAND,UTTARAKHAND,PITHORAGARH,38.1,16.6,130.0,LE,1059.2,1071.5,-1.0,N,2026-08-18 06:43:06.691355
2026-08-17,2026-06-01,2026-08-17,district,UTTARAKHAND,UTTARAKHAND,RUDRAPRAYAG,13.2,19.4,-32.0,D,1028.9,1125.9,-9.0,N,2026-08-18 06:43:06.691355
2026-08-17,2026-06-01,2026-08-17,district,UTTARAKHAND,UTTARAKHAND,UDHAM SINGH NAGAR,24.3,20.2,20.0,E,645.1,793.4,-19.0,N,2026-08-18 06:43:06.691355
2026-08-17,2026-06-01,2026-08-17,district,UTTARAKHAND,UTTARAKHAND,UTTARKASHI,1.0,10.3,-90.0,LD,765.3,839.7,-9.0,N,2026-08-18 06:43:06.691355
2026-08-17,2026-06-01,2026-08-17,district,VIDARBHA,MAHARASHTRA,AKOLA,0.0,6.9,-100.0,NR,347.6,489.2,-29.0,D,2026-08-18 06:43:06.691355
2026-08-17,2026-06-01,2026-08-17,district,VIDARBHA,MAHARASHTRA,AMRAOTI,0.0,8.7,-99.0,LD,386.4,574.1,-33.0,D,2026-08-18 06:43:06.691355
2026-08-17,2026-06-01,2026-08-17,district,VIDARBHA,MAHARASHTRA,BHANDARA,7.0,7.7,-9.0,N,671.9,754.5,-11.0,N,2026-08-18 06:43:06.691355
2026-08-17,2026-06-01,2026-08-17,district,VIDARBHA,MAHARASHTRA,BULDHANA,0.5,8.2,-94.0,LD,445.3,440.1,1.0,N,2026-08-18 06:43:06.691355
2026-08-17,2026-06-01,2026-08-17,district,VIDARBHA,MAHARASHTRA,CHANDRAPUR,1.8,9.0,-80.0,LD,529.8,762.3,-31.0,D,2026-08-18 06:43:06.691355
2026-08-17,2026-06-01,2026-08-17,district,VIDARBHA,MAHARASHTRA,GADCHIROLI,5.8,11.7,-51.0,D,687.0,911.2,-25.0,D,2026-08-18 06:43:06.691355
2026-08-17,2026-06-01,2026-08-17,district,VIDARBHA,MAHARASHTRA,GONDIA,23.7,11.3,109.0,LE,909.3,851.1,7.0,N,2026-08-18 06:43:06.691355
2026-08-17,2026-06-01,2026-08-17,district,VIDARBHA,MAHARASHTRA,NAGPUR,1.0,6.5,-85.0,LD,453.2,652.5,-31.0,D,2026-08-18 06:43:06.691355
2026-08-17,2026-06-01,2026-08-17,district,VIDARBHA,MAHARASHTRA,WARDHA,0.3,6.8,-96.0,LD,452.4,596.3,-24.0,D,2026-08-18 06:43:06.691355
2026-08-17,2026-06-01,2026-08-17,district,VIDARBHA,MAHARASHTRA,WASHIM,0.3,8.4,-96.0,LD,423.6,545.5,-22.0,D,2026-08-18 06:43:06.691355
2026-08-17,2026-06-01,2026-08-17,district,VIDARBHA,MAHARASHTRA,YEOTMAL,0.3,8.5,-96.0,LD,515.5,579.4,-11.0,N,2026-08-18 06:43:06.691355
2026-08-17,2026-06-01,2026-08-17,district,WEST MADHYA PRADESH,MADHYA PRADESH,AGAR-MALWA,3.4,9.1,-63.0,LD,562.2,612.8,-8.0,N,2026-08-18 06:43:06.691355
2026-08-17,2026-06-01,2026-08-17,district,WEST MADHYA PRADESH,MADHYA PRADESH,ALIRAJPUR,1.7,11.7,-85.0,LD,341.4,595.0,-43.0,D,2026-08-18 06:43:06.691355
2026-08-17,2026-06-01,2026-08-17,district,WEST MADHYA PRADESH,MADHYA PRADESH,ASHOKNAGAR,0.0,9.2,-100.0,NR,474.0,582.3,-19.0,N,2026-08-18 06:43:06.691355
2026-08-17,2026-06-01,2026-08-17,district,WEST MADHYA PRADESH,MADHYA PRADESH,BARWANI,0.3,6.7,-96.0,LD,461.7,439.4,5.0,N,2026-08-18 06:43:06.691355
2026-08-17,2026-06-01,2026-08-17,district,WEST MADHYA PRADESH,MADHYA PRADESH,BETUL,0.1,12.7,-99.0,LD,539.0,702.4,-23.0,D,2026-08-18 06:43:06.691355
2026-08-17,2026-06-01,2026-08-17,district,WEST MADHYA PRADESH,MADHYA PRADESH,BHIND,16.6,6.5,156.0,LE,493.2,412.2,20.0,E,2026-08-18 06:43:06.691355
2026-08-17,2026-06-01,2026-08-17,district,WEST MADHYA PRADESH,MADHYA PRADESH,BHOPAL,1.3,10.4,-87.0,LD,768.8,644.5,19.0,N,2026-08-18 06:43:06.691355
2026-08-17,2026-06-01,2026-08-17,district,WEST MADHYA PRADESH,MADHYA PRADESH,BURHANPUR,0.1,12.0,-99.0,LD,683.9,488.0,40.0,E,2026-08-18 06:43:06.691355
2026-08-17,2026-06-01,2026-08-17,district,WEST MADHYA PRADESH,MADHYA PRADESH,DATIA,28.1,9.8,186.0,LE,397.7,506.0,-21.0,D,2026-08-18 06:43:06.691355
2026-08-17,2026-06-01,2026-08-17,district,WEST MADHYA PRADESH,MADHYA PRADESH,DEWAS,0.0,10.2,-100.0,NR,646.1,609.7,6.0,N,2026-08-18 06:43:06.691355
2026-08-17,2026-06-01,2026-08-17,district,WEST MADHYA PRADESH,MADHYA PRADESH,DHAR,0.0,6.4,-99.0,LD,383.4,539.7,-29.0,D,2026-08-18 06:43:06.691355
2026-08-17,2026-06-01,2026-08-17,district,WEST MADHYA PRADESH,MADHYA PRADESH,GUNA,4.5,7.8,-42.0,D,749.2,644.9,16.0,N,2026-08-18 06:43:06.691355
2026-08-17,2026-06-01,2026-08-17,district,WEST MADHYA PRADESH,MADHYA PRADESH,GWALIOR,1.7,10.0,-83.0,LD,505.4,470.2,7.0,N,2026-08-18 06:43:06.691355
2026-08-17,2026-06-01,2026-08-17,district,WEST MADHYA PRADESH,MADHYA PRADESH,HARDA,0.0,13.9,-100.0,NR,587.1,753.8,-22.0,D,2026-08-18 06:43:06.691355
2026-08-17,2026-06-01,2026-08-17,district,WEST MADHYA PRADESH,MADHYA PRADESH,INDORE,0.0,8.3,-99.0,LD,499.5,570.5,-12.0,N,2026-08-18 06:43:06.691355
2026-08-17,2026-06-01,2026-08-17,district,WEST MADHYA PRADESH,MADHYA PRADESH,JHABUA,0.0,8.3,-100.0,NR,463.2,598.1,-23.0,D,2026-08-18 06:43:06.691355
2026-08-17,2026-06-01,2026-08-17,district,WEST MADHYA PRADESH,MADHYA PRADESH,KHANDWA,0.0,5.9,-100.0,NR,575.0,533.1,8.0,N,2026-08-18 06:43:06.691355
2026-08-17,2026-06-01,2026-08-17,district,WEST MADHYA PRADESH,MADHYA PRADESH,KHARGONE,0.0,7.1,-100.0,NR,616.6,483.1,28.0,E,2026-08-18 06:43:06.691355
2026-08-17,2026-06-01,2026-08-17,district,WEST MADHYA PRADESH,MADHYA PRADESH,MANDSAUR,0.0,7.0,-100.0,NR,516.5,561.7,-8.0,N,2026-08-18 06:43:06.691355
2026-08-17,2026-06-01,2026-08-17,district,WEST MADHYA PRADESH,MADHYA PRADESH,MORENA,1.2,7.1,-83.0,LD,279.6,444.9,-37.0,D,2026-08-18 06:43:06.691355
2026-08-17,2026-06-01,2026-08-17,district,WEST MADHYA PRADESH,MADHYA PRADESH,NARMADAPURAM,8.0,15.8,-50.0,D,561.5,839.8,-33.0,D,2026-08-18 06:43:06.691355
2026-08-17,2026-06-01,2026-08-17,district,WEST MADHYA PRADESH,MADHYA PRADESH,NEEMUCH,0.3,10.5,-98.0,LD,508.7,535.0,-5.0,N,2026-08-18 06:43:06.691355
2026-08-17,2026-06-01,2026-08-17,district,WEST MADHYA PRADESH,MADHYA PRADESH,RAISEN,2.5,10.6,-77.0,LD,653.9,726.5,-10.0,N,2026-08-18 06:43:06.691355
2026-08-17,2026-06-01,2026-08-17,district,WEST MADHYA PRADESH,MADHYA PRADESH,RAJGARH,1.3,12.2,-89.0,LD,759.9,605.4,26.0,E,2026-08-18 06:43:06.691355
2026-08-17,2026-06-01,2026-08-17,district,WEST MADHYA PRADESH,MADHYA PRADESH,RATLAM,0.8,8.9,-92.0,LD,462.4,612.5,-25.0,D,2026-08-18 06:43:06.691355
2026-08-17,2026-06-01,2026-08-17,district,WEST MADHYA PRADESH,MADHYA PRADESH,SEHORE,3.1,9.3,-67.0,LD,700.6,708.2,-1.0,N,2026-08-18 06:43:06.691355
2026-08-17,2026-06-01,2026-08-17,district,WEST MADHYA PRADESH,MADHYA PRADESH,SHAJAPUR,0.1,11.5,-99.0,LD,511.5,612.4,-16.0,N,2026-08-18 06:43:06.691355
2026-08-17,2026-06-01,2026-08-17,district,WEST MADHYA PRADESH,MADHYA PRADESH,SHEOPUR,10.2,8.6,19.0,N,459.1,480.0,-4.0,N,2026-08-18 06:43:06.691355
2026-08-17,2026-06-01,2026-08-17,district,WEST MADHYA PRADESH,MADHYA PRADESH,SHIVPURI,3.2,8.0,-60.0,LD,521.2,552.2,-6.0,N,2026-08-18 06:43:06.691355
2026-08-17,2026-06-01,2026-08-17,district,WEST MADHYA PRADESH,MADHYA PRADESH,UJJAIN,0.0,9.0,-100.0,NR,516.8,593.8,-13.0,N,2026-08-18 06:43:06.691355
2026-08-17,2026-06-01,2026-08-17,district,WEST MADHYA PRADESH,MADHYA PRADESH,VIDISHA,3.8,9.0,-57.0,D,584.0,697.3,-16.0,N,2026-08-18 06:43:06.691355
2026-08-17,2026-06-01,2026-08-17,district,WEST RAJASTHAN,RAJASTHAN,BARMER,0.0,3.5,-100.0,NR,188.0,196.4,-4.0,N,2026-08-18 06:43:06.691355
2026-08-17,2026-06-01,2026-08-17,district,WEST RAJASTHAN,RAJASTHAN,BIKANER,0.0,2.2,-100.0,NR,203.5,184.0,11.0,N,2026-08-18 06:43:06.691355
2026-08-17,2026-06-01,2026-08-17,district,WEST RAJASTHAN,RAJASTHAN,CHURU,0.0,2.6,-100.0,NR,264.7,245.0,8.0,N,2026-08-18 06:43:06.691355
2026-08-17,2026-06-01,2026-08-17,district,WEST RAJASTHAN,RAJASTHAN,HANUMANGARH,0.0,2.0,-100.0,NR,142.8,183.5,-22.0,D,2026-08-18 06:43:06.691355
2026-08-17,2026-06-01,2026-08-17,district,WEST RAJASTHAN,RAJASTHAN,JAISALMER,0.0,3.0,-100.0,NR,83.3,130.1,-36.0,D,2026-08-18 06:43:06.691355
2026-08-17,2026-06-01,2026-08-17,district,WEST RAJASTHAN,RAJASTHAN,JALORE,0.1,5.4,-98.0,LD,143.1,306.0,-53.0,D,2026-08-18 06:43:06.691355
2026-08-17,2026-06-01,2026-08-17,district,WEST RAJASTHAN,RAJASTHAN,JODHPUR,0.0,4.2,-100.0,NR,189.2,212.4,-11.0,N,2026-08-18 06:43:06.691355
2026-08-17,2026-06-01,2026-08-17,district,WEST RAJASTHAN,RAJASTHAN,NAGAUR,0.0,5.9,-100.0,NR,282.1,275.3,2.0,N,2026-08-18 06:43:06.691355
2026-08-17,2026-06-01,2026-08-17,district,WEST RAJASTHAN,RAJASTHAN,PALI,0.0,6.9,-100.0,NR,206.7,355.2,-42.0,D,2026-08-18 06:43:06.691355
2026-08-17,2026-06-01,2026-08-17,district,WEST RAJASTHAN,RAJASTHAN,SRI GANGANAGAR,0.0,3.0,-100.0,NR,168.7,148.8,13.0,N,2026-08-18 06:43:06.691355
2026-08-17,2026-06-01,2026-08-17,district,WEST UTTAR PRADESH,UTTAR PRADESH,AGRA,5.5,6.2,-12.0,N,354.9,356.0,0.0,N,2026-08-18 06:43:06.691355
2026-08-17,2026-06-01,2026-08-17,district,WEST UTTAR PRADESH,UTTAR PRADESH,ALIGARH,0.0,5.6,-100.0,NR,246.2,394.6,-38.0,D,2026-08-18 06:43:06.691355
2026-08-17,2026-06-01,2026-08-17,district,WEST UTTAR PRADESH,UTTAR PRADESH,AMROHA,32.3,13.6,137.0,LE,264.6,553.0,-52.0,D,2026-08-18 06:43:06.691355
2026-08-17,2026-06-01,2026-08-17,district,WEST UTTAR PRADESH,UTTAR PRADESH,AURAIYA,17.1,5.9,190.0,LE,344.3,341.6,1.0,N,2026-08-18 06:43:06.691355
2026-08-17,2026-06-01,2026-08-17,district,WEST UTTAR PRADESH,UTTAR PRADESH,BADAUN,0.5,9.2,-95.0,LD,431.5,454.1,-5.0,N,2026-08-18 06:43:06.691355
2026-08-17,2026-06-01,2026-08-17,district,WEST UTTAR PRADESH,UTTAR PRADESH,BAGHPAT,0.0,4.5,-100.0,NR,352.0,342.1,3.0,N,2026-08-18 06:43:06.691355
2026-08-17,2026-06-01,2026-08-17,district,WEST UTTAR PRADESH,UTTAR PRADESH,BAREILLY,44.2,10.4,325.0,LE,456.7,541.2,-16.0,N,2026-08-18 06:43:06.691355
2026-08-17,2026-06-01,2026-08-17,district,WEST UTTAR PRADESH,UTTAR PRADESH,BIJNOR,25.0,9.9,153.0,LE,625.5,632.2,-1.0,N,2026-08-18 06:43:06.691355
2026-08-17,2026-06-01,2026-08-17,district,WEST UTTAR PRADESH,UTTAR PRADESH,BULANDSHAHAR,0.0,6.2,-100.0,NR,347.5,358.4,-3.0,N,2026-08-18 06:43:06.691355
2026-08-17,2026-06-01,2026-08-17,district,WEST UTTAR PRADESH,UTTAR PRADESH,ETAH,0.7,2.8,-76.0,LD,421.1,332.6,27.0,E,2026-08-18 06:43:06.691355
2026-08-17,2026-06-01,2026-08-17,district,WEST UTTAR PRADESH,UTTAR PRADESH,ETAWAH,25.0,9.6,160.0,LE,414.0,376.0,10.0,N,2026-08-18 06:43:06.691355
2026-08-17,2026-06-01,2026-08-17,district,WEST UTTAR PRADESH,UTTAR PRADESH,FIROZABAD,0.0,5.4,-100.0,NR,479.1,385.8,24.0,E,2026-08-18 06:43:06.691355
2026-08-17,2026-06-01,2026-08-17,district,WEST UTTAR PRADESH,UTTAR PRADESH,GAUTAM BUDDHA NAGAR,22.0,5.1,331.0,LE,413.2,302.5,37.0,E,2026-08-18 06:43:06.691355
2026-08-17,2026-06-01,2026-08-17,district,WEST UTTAR PRADESH,UTTAR PRADESH,GHAZIABAD,0.0,5.2,-100.0,NR,145.0,304.9,-52.0,D,2026-08-18 06:43:06.691355
2026-08-17,2026-06-01,2026-08-17,district,WEST UTTAR PRADESH,UTTAR PRADESH,HAMIRPUR,27.4,9.9,177.0,LE,574.1,468.6,23.0,E,2026-08-18 06:43:06.691355
2026-08-17,2026-06-01,2026-08-17,district,WEST UTTAR PRADESH,UTTAR PRADESH,HAPUR,2.0,7.4,-73.0,LD,262.0,437.6,-40.0,D,2026-08-18 06:43:06.691355
2026-08-17,2026-06-01,2026-08-17,district,WEST UTTAR PRADESH,UTTAR PRADESH,HATHRAS,0.0,6.0,-100.0,NR,378.0,385.6,-2.0,N,2026-08-18 06:43:06.691355
2026-08-17,2026-06-01,2026-08-17,district,WEST UTTAR PRADESH,UTTAR PRADESH,JALAUN,19.3,11.1,74.0,LE,352.9,435.8,-19.0,N,2026-08-18 06:43:06.691355
2026-08-17,2026-06-01,2026-08-17,district,WEST UTTAR PRADESH,UTTAR PRADESH,JHANSI,28.2,8.4,235.0,LE,292.4,487.3,-40.0,D,2026-08-18 06:43:06.691355
2026-08-17,2026-06-01,2026-08-17,district,WEST UTTAR PRADESH,UTTAR PRADESH,KASGANJ,0.0,3.8,-100.0,NR,368.0,429.2,-14.0,N,2026-08-18 06:43:06.691355
2026-08-17,2026-06-01,2026-08-17,district,WEST UTTAR PRADESH,UTTAR PRADESH,LALITPUR,3.6,8.2,-56.0,D,491.9,554.0,-11.0,N,2026-08-18 06:43:06.691355
2026-08-17,2026-06-01,2026-08-17,district,WEST UTTAR PRADESH,UTTAR PRADESH,MAHOBA,22.5,8.5,164.0,LE,413.6,400.2,3.0,N,2026-08-18 06:43:06.691355
2026-08-17,2026-06-01,2026-08-17,district,WEST UTTAR PRADESH,UTTAR PRADESH,MAINPURI,6.7,7.8,-15.0,N,216.9,437.6,-50.0,D,2026-08-18 06:43:06.691355
2026-08-17,2026-06-01,2026-08-17,district,WEST UTTAR PRADESH,UTTAR PRADESH,MATHURA,0.0,5.2,-100.0,NR,192.5,335.4,-43.0,D,2026-08-18 06:43:06.691355
2026-08-17,2026-06-01,2026-08-17,district,WEST UTTAR PRADESH,UTTAR PRADESH,MEERUT,3.4,4.7,-28.0,D,759.8,436.5,74.0,LE,2026-08-18 06:43:06.691355
2026-08-17,2026-06-01,2026-08-17,district,WEST UTTAR PRADESH,UTTAR PRADESH,MORADABAD,33.8,12.0,182.0,LE,478.2,583.7,-18.0,N,2026-08-18 06:43:06.691355
2026-08-17,2026-06-01,2026-08-17,district,WEST UTTAR PRADESH,UTTAR PRADESH,MUZAFFARNAGAR,41.9,7.7,444.0,LE,789.5,449.5,76.0,LE,2026-08-18 06:43:06.691355
2026-08-17,2026-06-01,2026-08-17,district,WEST UTTAR PRADESH,UTTAR PRADESH,PILIBHIT,30.1,11.4,164.0,LE,169.9,569.5,-70.0,LD,2026-08-18 06:43:06.691355
2026-08-17,2026-06-01,2026-08-17,district,WEST UTTAR PRADESH,UTTAR PRADESH,RAMPUR,26.8,11.3,137.0,LE,344.6,486.6,-29.0,D,2026-08-18 06:43:06.691355
2026-08-17,2026-06-01,2026-08-17,district,WEST UTTAR PRADESH,UTTAR PRADESH,SAHARANPUR,8.3,8.1,3.0,N,369.7,529.0,-30.0,D,2026-08-18 06:43:06.691355
2026-08-17,2026-06-01,2026-08-17,district,WEST UTTAR PRADESH,UTTAR PRADESH,SAMBHAL,12.7,7.7,65.0,LE,765.5,439.5,74.0,LE,2026-08-18 06:43:06.691355
2026-08-17,2026-06-01,2026-08-17,district,WEST UTTAR PRADESH,UTTAR PRADESH,SHAHJAHANPUR,39.9,9.3,329.0,LE,456.9,520.3,-12.0,N,2026-08-18 06:43:06.691355
2026-08-17,2026-06-01,2026-08-17,district,WEST UTTAR PRADESH,UTTAR PRADESH,SHAMLI,0.7,4.3,-84.0,LD,152.5,369.3,-59.0,D,2026-08-18 06:43:06.691355
2026-08-17,2026-06-01,2026-08-17,state,ASSAM & MEGHALAYA,ASSAM,,18.6,10.7,74.0,LE,783.5,1046.6,-25.0,D,2026-08-18 06:43:06.691355
2026-08-17,2026-06-01,2026-08-17,state,ASSAM & MEGHALAYA,MEGHALAYA,,9.6,16.8,-43.0,D,814.5,1943.1,-58.0,D,2026-08-18 06:43:06.691355
2026-08-17,2026-06-01,2026-08-17,state,BIHAR,UTTAR PRADESH,,17.7,7.4,139.0,LE,398.4,496.3,-20.0,D,2026-08-18 06:43:06.691355
2026-08-17,2026-06-01,2026-08-17,state,CHHATTISGARH,ANDHRA PRADESH,,0.6,4.1,-86.0,LD,190.2,302.9,-37.0,D,2026-08-18 06:43:06.691355
2026-08-17,2026-06-01,2026-08-17,state,COASTAL A. P. & YANAM,ANDHRA PRADESH,,0.6,4.1,-86.0,LD,190.2,302.9,-37.0,D,2026-08-18 06:43:06.691355
2026-08-17,2026-06-01,2026-08-17,state,COASTAL A. P. & YANAM,PUDUCHERRY (UT),,0.4,6.8,-94.0,LD,160.2,226.3,-29.0,D,2026-08-18 06:43:06.691355
2026-08-17,2026-06-01,2026-08-17,state,EAST MADHYA PRADESH,GUJARAT,,2.4,7.0,-66.0,LD,511.5,512.7,0.0,N,2026-08-18 06:43:06.691355
2026-08-17,2026-06-01,2026-08-17,state,GUJARAT REGION,DADRA & NAGAR HAVELI AND DAMAN & DIU (UT),,8.7,9.2,-5.0,N,2652.4,1647.1,61.0,LE,2026-08-18 06:43:06.691355
2026-08-17,2026-06-01,2026-08-17,state,GUJARAT REGION,GUJARAT,,2.4,7.0,-66.0,LD,511.5,512.7,0.0,N,2026-08-18 06:43:06.691355
2026-08-17,2026-06-01,2026-08-17,state,HAR. CHD & DELHI,CHANDIGARH (UT),,2.7,11.4,-77.0,LD,444.6,614.9,-28.0,D,2026-08-18 06:43:06.691355
2026-08-17,2026-06-01,2026-08-17,state,HAR. CHD & DELHI,DELHI,,0.0,5.1,-100.0,NR,413.6,364.5,13.0,N,2026-08-18 06:43:06.691355
2026-08-17,2026-06-01,2026-08-17,state,HAR. CHD & DELHI,HARYANA,,1.5,4.0,-62.0,LD,252.2,290.9,-13.0,N,2026-08-18 06:43:06.691355
2026-08-17,2026-06-01,2026-08-17,state,J & K AND LADAKH,JAMMU & KASHMIR(UT),,3.0,5.9,-49.0,D,404.2,385.2,5.0,N,2026-08-18 06:43:06.691355
2026-08-17,2026-06-01,2026-08-17,state,J & K AND LADAKH,LADAKH (UT),,0.6,0.0,6001.0,LE,45.6,15.6,192.0,LE,2026-08-18 06:43:06.691355
2026-08-17,2026-06-01,2026-08-17,state,J & K AND LADAKH,RAJASTHAN,,0.5,5.5,-91.0,LD,264.9,312.7,-15.0,N,2026-08-18 06:43:06.691355
2026-08-17,2026-06-01,2026-08-17,state,KERALA & MAHE,KERALA,,4.3,16.3,-74.0,LD,1227.5,1588.4,-23.0,D,2026-08-18 06:43:06.691355
2026-08-17,2026-06-01,2026-08-17,state,KERALA & MAHE,PUDUCHERRY (UT),,0.4,6.8,-94.0,LD,160.2,226.3,-29.0,D,2026-08-18 06:43:06.691355
2026-08-17,2026-06-01,2026-08-17,state,KONKAN & GOA,GOA,,6.1,23.9,-74.0,LD,1607.8,2451.8,-34.0,D,2026-08-18 06:43:06.691355
2026-08-17,2026-06-01,2026-08-17,state,KONKAN & GOA,MAHARASHTRA,,3.5,8.6,-60.0,LD,670.8,703.2,-5.0,N,2026-08-18 06:43:06.691355
2026-08-17,2026-06-01,2026-08-17,state,NMMT,MANIPUR,,2.8,6.6,-57.0,D,438.8,732.5,-40.0,D,2026-08-18 06:43:06.691355
2026-08-17,2026-06-01,2026-08-17,state,NMMT,MIZORAM,,11.2,12.8,-13.0,N,843.5,1076.6,-22.0,D,2026-08-18 06:43:06.691355
2026-08-17,2026-06-01,2026-08-17,state,NMMT,NAGALAND,,13.1,8.4,56.0,E,744.7,715.7,4.0,N,2026-08-18 06:43:06.691355
2026-08-17,2026-06-01,2026-08-17,state,NMMT,TRIPURA,,9.9,12.6,-22.0,D,840.5,993.3,-15.0,N,2026-08-18 06:43:06.691355
2026-08-17,2026-06-01,2026-08-17,state,SAURASHTRA & KUTCH,DADRA & NAGAR HAVELI AND DAMAN & DIU (UT),,8.7,9.2,-5.0,N,2652.4,1647.1,61.0,LE,2026-08-18 06:43:06.691355
2026-08-17,2026-06-01,2026-08-17,state,SAURASHTRA & KUTCH,GUJARAT,,2.4,7.0,-66.0,LD,511.5,512.7,0.0,N,2026-08-18 06:43:06.691355
2026-08-17,2026-06-01,2026-08-17,state,SHWB & SIKKIM,SIKKIM,,4.1,13.7,-70.0,LD,1138.7,1143.4,0.0,N,2026-08-18 06:43:06.691355
2026-08-17,2026-06-01,2026-08-17,state,SHWB & SIKKIM,WEST BENGAL,,22.9,11.3,102.0,LE,934.5,902.6,4.0,N,2026-08-18 06:43:06.691355
2026-08-17,2026-06-01,2026-08-17,state,TAMIL. PUDU.& KARAIKAL,KARNATAKA,,2.7,7.7,-64.0,LD,461.9,587.9,-21.0,D,2026-08-18 06:43:06.691355
2026-08-17,2026-06-01,2026-08-17,state,TAMIL. PUDU.& KARAIKAL,PUDUCHERRY (UT),,0.4,6.8,-94.0,LD,160.2,226.3,-29.0,D,2026-08-18 06:43:06.691355
2026-08-17,2026-06-01,2026-08-17,state,TAMIL. PUDU.& KARAIKAL,TAMILNADU,,0.2,4.7,-96.0,LD,144.0,164.3,-12.0,N,2026-08-18 06:43:06.691355
2026-08-17,2026-06-01,2026-08-17,state,WEST RAJASTHAN,MADHYA PRADESH,,9.5,10.4,-9.0,N,571.8,640.9,-11.0,N,2026-08-18 06:43:06.691355
2026-08-17,2026-06-01,2026-08-17,subdivision,A & N ISLAND,,,12.1,9.8,23.0,E,1053.2,1015.0,4.0,N,2026-08-18 06:43:06.691355
2026-08-17,2026-06-01,2026-08-17,subdivision,ARUNACHAL PRADESH,,,8.7,13.2,-34.0,D,713.9,1167.5,-39.0,D,2026-08-18 06:43:06.691355
2026-08-17,2026-06-01,2026-08-17,subdivision,ASSAM & MEGHALAYA,,,16.4,12.1,36.0,E,790.9,1255.2,-37.0,D,2026-08-18 06:43:06.691355
2026-08-17,2026-06-01,2026-08-17,subdivision,BIHAR,,,3.1,9.3,-67.0,LD,386.4,657.6,-41.0,D,2026-08-18 06:43:06.691355
2026-08-17,2026-06-01,2026-08-17,subdivision,CHHATTISGARH,,,11.3,11.4,-1.0,N,716.2,771.6,-7.0,N,2026-08-18 06:43:06.691355
2026-08-17,2026-06-01,2026-08-17,subdivision,COASTAL A. P. & YANAM,,,1.0,5.1,-81.0,LD,229.3,363.1,-37.0,D,2026-08-18 06:43:06.691355
2026-08-17,2026-06-01,2026-08-17,subdivision,COASTAL KARNATAKA,,,15.9,29.0,-45.0,D,1901.1,2494.6,-24.0,D,2026-08-18 06:43:06.691355
2026-08-17,2026-06-01,2026-08-17,subdivision,EAST MADHYA PRADESH,,,18.4,11.7,57.0,E,601.0,702.8,-14.0,N,2026-08-18 06:43:06.691355
2026-08-17,2026-06-01,2026-08-17,subdivision,EAST RAJASTHAN,,,1.1,7.8,-86.0,LD,372.2,444.9,-16.0,N,2026-08-18 06:43:06.691355
2026-08-17,2026-06-01,2026-08-17,subdivision,EAST UTTAR PRADESH,,,18.5,6.8,173.0,LE,387.5,526.0,-26.0,D,2026-08-18 06:43:06.691355
2026-08-17,2026-06-01,2026-08-17,subdivision,GANGETIC WEST BENGAL,,,27.9,9.8,185.0,LE,826.8,777.0,6.0,N,2026-08-18 06:43:06.691355
2026-08-17,2026-06-01,2026-08-17,subdivision,GUJARAT REGION,,,4.1,10.9,-63.0,LD,782.8,668.1,17.0,N,2026-08-18 06:43:06.691355
2026-08-17,2026-06-01,2026-08-17,subdivision,HAR. CHD & DELHI,,,1.5,4.1,-63.0,LD,256.6,294.0,-13.0,N,2026-08-18 06:43:06.691355
2026-08-17,2026-06-01,2026-08-17,subdivision,HIMACHAL PRADESH,,,3.8,6.0,-37.0,D,472.0,519.5,-9.0,N,2026-08-18 06:43:06.691355
2026-08-17,2026-06-01,2026-08-17,subdivision,J & K AND LADAKH,,,3.0,5.9,-49.0,D,404.2,385.2,5.0,N,2026-08-18 06:43:06.691355
2026-08-17,2026-06-01,2026-08-17,subdivision,JHARKHAND,,,8.2,9.7,-15.0,N,537.1,678.3,-21.0,D,2026-08-18 06:43:06.691355
2026-08-17,2026-06-01,2026-08-17,subdivision,KERALA & MAHE,,,4.3,16.4,-74.0,LD,1227.5,1588.5,-23.0,D,2026-08-18 06:43:06.691355
2026-08-17,2026-06-01,2026-08-17,subdivision,KONKAN & GOA,,,12.8,20.3,-37.0,D,2126.5,2234.5,-5.0,N,2026-08-18 06:43:06.691355
2026-08-17,2026-06-01,2026-08-17,subdivision,LAKSHADWEEP,,,8.5,6.3,35.0,E,560.6,740.8,-24.0,D,2026-08-18 06:43:06.691355
2026-08-17,2026-06-01,2026-08-17,subdivision,MADHYA MAHARASHTRA,,,2.9,6.8,-57.0,D,600.4,513.2,17.0,N,2026-08-18 06:43:06.691355
2026-08-17,2026-06-01,2026-08-17,subdivision,MARATHWADA,,,0.6,5.9,-90.0,LD,317.9,397.6,-20.0,D,2026-08-18 06:43:06.691355
2026-08-17,2026-06-01,2026-08-17,subdivision,N. I. KARNATAKA,,,0.5,3.7,-86.0,LD,250.1,289.6,-14.0,N,2026-08-18 06:43:06.691355
2026-08-17,2026-06-01,2026-08-17,subdivision,NMMT,,,9.0,10.2,-12.0,N,706.5,891.3,-21.0,D,2026-08-18 06:43:06.691355
2026-08-17,2026-06-01,2026-08-17,subdivision,ODISHA,,,21.6,11.0,97.0,LE,972.9,760.0,28.0,E,2026-08-18 06:43:06.691355
2026-08-17,2026-06-01,2026-08-17,subdivision,PUNJAB,,,2.0,3.3,-41.0,D,197.1,310.5,-37.0,D,2026-08-18 06:43:06.691355
2026-08-17,2026-06-01,2026-08-17,subdivision,RAYALASEEMA,,,0.1,2.7,-97.0,LD,139.1,217.5,-36.0,D,2026-08-18 06:43:06.691355
2026-08-17,2026-06-01,2026-08-17,subdivision,S. I. KARNATAKA,,,2.0,6.8,-71.0,LD,356.1,460.6,-23.0,D,2026-08-18 06:43:06.691355
2026-08-17,2026-06-01,2026-08-17,subdivision,SAURASHTRA & KUTCH,,,1.0,3.9,-74.0,LD,296.7,389.2,-24.0,D,2026-08-18 06:43:06.691355
2026-08-17,2026-06-01,2026-08-17,subdivision,SHWB & SIKKIM,,,6.7,15.9,-58.0,D,1230.9,1290.9,-5.0,N,2026-08-18 06:43:06.691355
2026-08-17,2026-06-01,2026-08-17,subdivision,TAMIL. PUDU.& KARAIKAL,,,0.2,4.8,-96.0,LD,143.9,164.4,-12.0,N,2026-08-18 06:43:06.691355
2026-08-17,2026-06-01,2026-08-17,subdivision,TELANGANA,,,1.2,6.2,-80.0,LD,413.3,480.7,-14.0,N,2026-08-18 06:43:06.691355
2026-08-17,2026-06-01,2026-08-17,subdivision,UTTARAKHAND,,,17.7,12.8,38.0,E,804.5,830.1,-3.0,N,2026-08-18 06:43:06.691355
2026-08-17,2026-06-01,2026-08-17,subdivision,VIDARBHA,,,2.9,8.7,-67.0,LD,522.4,659.0,-21.0,D,2026-08-18 06:43:06.691355
2026-08-17,2026-06-01,2026-08-17,subdivision,WEST MADHYA PRADESH,,,2.6,9.4,-72.0,LD,549.4,593.3,-7.0,N,2026-08-18 06:43:06.691355
2026-08-17,2026-06-01,2026-08-17,subdivision,WEST RAJASTHAN,,,0.0,3.7,-99.0,LD,179.5,207.6,-14.0,N,2026-08-18 06:43:06.691355
2026-08-17,2026-06-01,2026-08-17,subdivision,WEST UTTAR PRADESH,,,16.4,8.1,102.0,LE,414.1,454.6,-9.0,N,2026-08-18 06:43:06.691355
