date,period_start,period_end,level,subdivision,state,district,day_actual_mm,day_normal_mm,day_departure_pct,day_category,period_actual_mm,period_normal_mm,period_departure_pct,period_category,scraped_at
2026-08-16,2026-06-01,2026-08-16,district,A & N ISLAND,ANDAMAN & NICOBAR ISLANDS,NICOBAR,5.1,6.4,-21.0,D,421.3,667.5,-37.0,D,2026-08-17 06:56:12.763605
2026-08-16,2026-06-01,2026-08-16,district,A & N ISLAND,ANDAMAN & NICOBAR ISLANDS,NORTH & MIDDLE ANDAMAN,1.2,13.5,-91.0,LD,1552.8,1186.5,31.0,E,2026-08-17 06:56:12.763605
2026-08-16,2026-06-01,2026-08-16,district,A & N ISLAND,ANDAMAN & NICOBAR ISLANDS,SOUTH ANDAMAN,0.8,10.0,-92.0,LD,865.5,1016.1,-15.0,N,2026-08-17 06:56:12.763605
2026-08-16,2026-06-01,2026-08-16,district,ARUNACHAL PRADESH,ARUNACHAL PRADESH,ANJAW,0.0,11.9,-100.0,NR,124.2,1138.5,-89.0,LD,2026-08-17 06:56:12.763605
2026-08-16,2026-06-01,2026-08-16,district,ARUNACHAL PRADESH,ARUNACHAL PRADESH,CHANGLANG,9.1,9.1,0.0,N,740.0,932.1,-21.0,D,2026-08-17 06:56:12.763605
2026-08-16,2026-06-01,2026-08-16,district,ARUNACHAL PRADESH,ARUNACHAL PRADESH,EAST KAMENG,3.2,8.1,-61.0,LD,1012.4,836.9,21.0,E,2026-08-17 06:56:12.763605
2026-08-16,2026-06-01,2026-08-16,district,ARUNACHAL PRADESH,ARUNACHAL PRADESH,EAST SIANG,46.8,23.3,101.0,LE,1745.0,2215.5,-21.0,D,2026-08-17 06:56:12.763605
2026-08-16,2026-06-01,2026-08-16,district,ARUNACHAL PRADESH,ARUNACHAL PRADESH,KURUNG KUMEY,0.7,11.4,-94.0,LD,418.9,800.5,-48.0,D,2026-08-17 06:56:12.763605
2026-08-16,2026-06-01,2026-08-16,district,ARUNACHAL PRADESH,ARUNACHAL PRADESH,LOHIT,1.2,18.4,-93.0,LD,698.1,1114.0,-37.0,D,2026-08-17 06:56:12.763605
2026-08-16,2026-06-01,2026-08-16,district,ARUNACHAL PRADESH,ARUNACHAL PRADESH,LOWER SUBANSIRI,0.1,7.5,-99.0,LD,301.8,517.7,-42.0,D,2026-08-17 06:56:12.763605
2026-08-16,2026-06-01,2026-08-16,district,ARUNACHAL PRADESH,ARUNACHAL PRADESH,PAPUMPARA,46.2,22.8,102.0,LE,1312.5,1559.2,-16.0,N,2026-08-17 06:56:12.763605
2026-08-16,2026-06-01,2026-08-16,district,ARUNACHAL PRADESH,ARUNACHAL PRADESH,TAWANG,0.0,6.9,-100.0,NR,260.8,665.1,-61.0,LD,2026-08-17 06:56:12.763605
2026-08-16,2026-06-01,2026-08-16,district,ARUNACHAL PRADESH,ARUNACHAL PRADESH,TIRAP,9.0,13.3,-32.0,D,1542.7,1377.1,12.0,N,2026-08-17 06:56:12.763605
2026-08-16,2026-06-01,2026-08-16,district,ARUNACHAL PRADESH,ARUNACHAL PRADESH,UPPER SIANG,23.9,8.1,195.0,LE,863.2,1123.9,-23.0,D,2026-08-17 06:56:12.763605
2026-08-16,2026-06-01,2026-08-16,district,ARUNACHAL PRADESH,ARUNACHAL PRADESH,UPPER SUBANSIRI,0.0,10.2,-100.0,NR,269.1,639.8,-58.0,D,2026-08-17 06:56:12.763605
2026-08-16,2026-06-01,2026-08-16,district,ARUNACHAL PRADESH,ARUNACHAL PRADESH,WEST KAMENG,0.2,11.0,-98.0,LD,351.4,1181.2,-70.0,LD,2026-08-17 06:56:12.763605
2026-08-16,2026-06-01,2026-08-16,district,ARUNACHAL PRADESH,ARUNACHAL PRADESH,WEST SIANG,10.2,19.0,-46.0,D,495.7,1382.7,-64.0,LD,2026-08-17 06:56:12.763605
2026-08-16,2026-06-01,2026-08-16,district,ASSAM & MEGHALAYA,ASSAM,BAJALI,0.0,15.0,-100.0,NR,879.5,1523.1,-42.0,D,2026-08-17 06:56:12.763605
2026-08-16,2026-06-01,2026-08-16,district,ASSAM & MEGHALAYA,ASSAM,BAKSA,0.0,5.9,-100.0,NR,903.1,1112.0,-19.0,N,2026-08-17 06:56:12.763605
2026-08-16,2026-06-01,2026-08-16,district,ASSAM & MEGHALAYA,ASSAM,BARPETA,0.0,15.0,-100.0,NR,1058.4,1523.1,-31.0,D,2026-08-17 06:56:12.763605
2026-08-16,2026-06-01,2026-08-16,district,ASSAM & MEGHALAYA,ASSAM,BONGAIGAON,0.0,20.6,-100.0,NR,732.0,1700.2,-57.0,D,2026-08-17 06:56:12.763605
2026-08-16,2026-06-01,2026-08-16,district,ASSAM & MEGHALAYA,ASSAM,CACHAR,28.1,16.6,69.0,LE,1222.2,1258.9,-3.0,N,2026-08-17 06:56:12.763605
2026-08-16,2026-06-01,2026-08-16,district,ASSAM & MEGHALAYA,ASSAM,CHARAIDEO,81.0,16.8,382.0,LE,956.0,698.6,37.0,E,2026-08-17 06:56:12.763605
2026-08-16,2026-06-01,2026-08-16,district,ASSAM & MEGHALAYA,ASSAM,CHIRANG,0.0,18.0,-100.0,NR,1036.1,1684.5,-38.0,D,2026-08-17 06:56:12.763605
2026-08-16,2026-06-01,2026-08-16,district,ASSAM & MEGHALAYA,ASSAM,DARRANG,0.0,7.3,-100.0,NR,493.6,930.5,-47.0,D,2026-08-17 06:56:12.763605
2026-08-16,2026-06-01,2026-08-16,district,ASSAM & MEGHALAYA,ASSAM,DHEMAJI,0.0,8.5,-100.0,NR,1594.1,1428.1,12.0,N,2026-08-17 06:56:12.763605
2026-08-16,2026-06-01,2026-08-16,district,ASSAM & MEGHALAYA,ASSAM,DHUBRI,0.6,12.1,-95.0,LD,1008.8,1531.3,-34.0,D,2026-08-17 06:56:12.763605
2026-08-16,2026-06-01,2026-08-16,district,ASSAM & MEGHALAYA,ASSAM,DIBRUGARH,10.9,10.9,0.0,N,857.5,1027.4,-17.0,N,2026-08-17 06:56:12.763605
2026-08-16,2026-06-01,2026-08-16,district,ASSAM & MEGHALAYA,ASSAM,DIMA HASAO,3.5,7.4,-53.0,D,309.3,741.2,-58.0,D,2026-08-17 06:56:12.763605
2026-08-16,2026-06-01,2026-08-16,district,ASSAM & MEGHALAYA,ASSAM,GOALPARA,0.0,13.9,-100.0,NR,597.1,1437.0,-58.0,D,2026-08-17 06:56:12.763605
2026-08-16,2026-06-01,2026-08-16,district,ASSAM & MEGHALAYA,ASSAM,GOLAGHAT,3.9,9.4,-58.0,D,613.1,715.1,-14.0,N,2026-08-17 06:56:12.763605
2026-08-16,2026-06-01,2026-08-16,district,ASSAM & MEGHALAYA,ASSAM,HAILAKANDI,2.4,14.0,-83.0,LD,860.0,1074.0,-20.0,D,2026-08-17 06:56:12.763605
2026-08-16,2026-06-01,2026-08-16,district,ASSAM & MEGHALAYA,ASSAM,HOJAI,0.5,3.2,-84.0,LD,290.0,511.2,-43.0,D,2026-08-17 06:56:12.763605
2026-08-16,2026-06-01,2026-08-16,district,ASSAM & MEGHALAYA,ASSAM,JORHAT,5.5,8.6,-36.0,D,615.7,849.9,-28.0,D,2026-08-17 06:56:12.763605
2026-08-16,2026-06-01,2026-08-16,district,ASSAM & MEGHALAYA,ASSAM,KAMRUP METROPOLITAN,5.0,7.0,-29.0,D,590.0,748.3,-21.0,D,2026-08-17 06:56:12.763605
2026-08-16,2026-06-01,2026-08-16,district,ASSAM & MEGHALAYA,ASSAM,KAMRUP RURAL,0.0,12.5,-100.0,NR,383.9,921.4,-58.0,D,2026-08-17 06:56:12.763605
2026-08-16,2026-06-01,2026-08-16,district,ASSAM & MEGHALAYA,ASSAM,KARBI ANGLONG,21.3,6.2,244.0,LE,394.8,549.1,-28.0,D,2026-08-17 06:56:12.763605
2026-08-16,2026-06-01,2026-08-16,district,ASSAM & MEGHALAYA,ASSAM,KOKRAJHAR,0.0,16.1,-100.0,NR,1800.8,1973.1,-9.0,N,2026-08-17 06:56:12.763605
2026-08-16,2026-06-01,2026-08-16,district,ASSAM & MEGHALAYA,ASSAM,LAKHIMPUR,47.9,14.8,223.0,LE,1686.3,1394.7,21.0,E,2026-08-17 06:56:12.763605
2026-08-16,2026-06-01,2026-08-16,district,ASSAM & MEGHALAYA,ASSAM,MORIGAON,0.0,6.2,-100.0,NR,416.8,771.8,-46.0,D,2026-08-17 06:56:12.763605
2026-08-16,2026-06-01,2026-08-16,district,ASSAM & MEGHALAYA,ASSAM,NAGAON,0.0,6.2,-100.0,NR,321.9,704.5,-54.0,D,2026-08-17 06:56:12.763605
2026-08-16,2026-06-01,2026-08-16,district,ASSAM & MEGHALAYA,ASSAM,NALBARI,0.0,8.6,-100.0,NR,405.1,1135.2,-64.0,LD,2026-08-17 06:56:12.763605
2026-08-16,2026-06-01,2026-08-16,district,ASSAM & MEGHALAYA,ASSAM,SIBSAGAR,15.7,10.9,44.0,E,584.7,834.8,-30.0,D,2026-08-17 06:56:12.763605
2026-08-16,2026-06-01,2026-08-16,district,ASSAM & MEGHALAYA,ASSAM,SONITPUR,1.9,8.5,-77.0,LD,782.1,832.9,-6.0,N,2026-08-17 06:56:12.763605
2026-08-16,2026-06-01,2026-08-16,district,ASSAM & MEGHALAYA,ASSAM,SRIBHUMI,4.2,18.4,-77.0,LD,1231.3,1538.4,-20.0,D,2026-08-17 06:56:12.763605
2026-08-16,2026-06-01,2026-08-16,district,ASSAM & MEGHALAYA,ASSAM,TAMULPUR,0.0,5.5,-100.0,NR,897.8,989.3,-9.0,N,2026-08-17 06:56:12.763605
2026-08-16,2026-06-01,2026-08-16,district,ASSAM & MEGHALAYA,ASSAM,TINSUKIA,24.0,11.8,104.0,LE,1004.4,998.6,1.0,N,2026-08-17 06:56:12.763605
2026-08-16,2026-06-01,2026-08-16,district,ASSAM & MEGHALAYA,ASSAM,UDALGURI,0.1,8.4,-99.0,LD,442.8,1037.1,-57.0,D,2026-08-17 06:56:12.763605
2026-08-16,2026-06-01,2026-08-16,district,ASSAM & MEGHALAYA,ASSAM,WEST KARBI ANGLONG,2.2,2.4,-8.0,N,376.4,484.3,-22.0,D,2026-08-17 06:56:12.763605
2026-08-16,2026-06-01,2026-08-16,district,ASSAM & MEGHALAYA,MEGHALAYA,EAST GARO HILLS,0.9,21.8,-96.0,LD,552.3,1337.6,-59.0,D,2026-08-17 06:56:12.763605
2026-08-16,2026-06-01,2026-08-16,district,ASSAM & MEGHALAYA,MEGHALAYA,EAST JAINTIA HILLS,24.7,15.4,61.0,LE,1203.7,3256.3,-63.0,LD,2026-08-17 06:56:12.763605
2026-08-16,2026-06-01,2026-08-16,district,ASSAM & MEGHALAYA,MEGHALAYA,EAST KHASI HILLS,13.4,35.6,-62.0,LD,1607.4,3261.0,-51.0,D,2026-08-17 06:56:12.763605
2026-08-16,2026-06-01,2026-08-16,district,ASSAM & MEGHALAYA,MEGHALAYA,NORTH GARO HILLS,0.6,14.4,-96.0,LD,407.6,1276.3,-68.0,LD,2026-08-17 06:56:12.763605
2026-08-16,2026-06-01,2026-08-16,district,ASSAM & MEGHALAYA,MEGHALAYA,RI BHOI,11.4,10.6,8.0,N,503.6,1014.3,-50.0,D,2026-08-17 06:56:12.763605
2026-08-16,2026-06-01,2026-08-16,district,ASSAM & MEGHALAYA,MEGHALAYA,SOUTH GARO HILLS,9.1,14.4,-37.0,D,721.7,1276.3,-43.0,D,2026-08-17 06:56:12.763605
2026-08-16,2026-06-01,2026-08-16,district,ASSAM & MEGHALAYA,MEGHALAYA,SOUTH WEST GARO HILLS,0.0,14.4,-100.0,NR,492.7,1276.3,-61.0,LD,2026-08-17 06:56:12.763605
2026-08-16,2026-06-01,2026-08-16,district,ASSAM & MEGHALAYA,MEGHALAYA,SOUTH WEST KHASI HILLS,33.1,14.4,130.0,LE,2240.3,1276.3,76.0,LE,2026-08-17 06:56:12.763605
2026-08-16,2026-06-01,2026-08-16,district,ASSAM & MEGHALAYA,MEGHALAYA,WEST GARO HILLS,0.1,12.1,-99.0,LD,388.4,1300.9,-70.0,LD,2026-08-17 06:56:12.763605
2026-08-16,2026-06-01,2026-08-16,district,ASSAM & MEGHALAYA,MEGHALAYA,WEST JAINTIA HILLS,16.0,15.4,4.0,N,702.0,3256.3,-78.0,LD,2026-08-17 06:56:12.763605
2026-08-16,2026-06-01,2026-08-16,district,ASSAM & MEGHALAYA,MEGHALAYA,WEST KHASI HILLS,5.5,25.5,-78.0,LD,556.6,1926.9,-71.0,LD,2026-08-17 06:56:12.763605
2026-08-16,2026-06-01,2026-08-16,district,BIHAR,BIHAR,ARARIA,0.0,11.5,-100.0,NR,635.5,929.4,-32.0,D,2026-08-17 06:56:12.763605
2026-08-16,2026-06-01,2026-08-16,district,BIHAR,BIHAR,ARWAL,0.0,8.2,-100.0,NR,214.1,438.1,-51.0,D,2026-08-17 06:56:12.763605
2026-08-16,2026-06-01,2026-08-16,district,BIHAR,BIHAR,AURANGABAD,0.0,10.6,-100.0,NR,384.1,555.5,-31.0,D,2026-08-17 06:56:12.763605
2026-08-16,2026-06-01,2026-08-16,district,BIHAR,BIHAR,BANKA,0.0,11.5,-100.0,NR,284.9,569.3,-50.0,D,2026-08-17 06:56:12.763605
2026-08-16,2026-06-01,2026-08-16,district,BIHAR,BIHAR,BEGUSARAI,0.0,12.0,-100.0,NR,385.0,643.2,-40.0,D,2026-08-17 06:56:12.763605
2026-08-16,2026-06-01,2026-08-16,district,BIHAR,BIHAR,BHABUA,0.0,7.5,-100.0,NR,249.4,547.5,-54.0,D,2026-08-17 06:56:12.763605
2026-08-16,2026-06-01,2026-08-16,district,BIHAR,BIHAR,BHAGALPUR,0.0,9.1,-100.0,NR,252.7,629.2,-60.0,LD,2026-08-17 06:56:12.763605
2026-08-16,2026-06-01,2026-08-16,district,BIHAR,BIHAR,BHOJPUR,0.0,10.4,-100.0,NR,260.6,559.0,-53.0,D,2026-08-17 06:56:12.763605
2026-08-16,2026-06-01,2026-08-16,district,BIHAR,BIHAR,BUXAR,0.0,8.0,-100.0,NR,360.8,506.4,-29.0,D,2026-08-17 06:56:12.763605
2026-08-16,2026-06-01,2026-08-16,district,BIHAR,BIHAR,DARBHANGA,0.0,11.4,-100.0,NR,293.8,600.6,-51.0,D,2026-08-17 06:56:12.763605
2026-08-16,2026-06-01,2026-08-16,district,BIHAR,BIHAR,EAST CHAMPARAN,0.1,12.0,-99.0,LD,403.5,697.4,-42.0,D,2026-08-17 06:56:12.763605
2026-08-16,2026-06-01,2026-08-16,district,BIHAR,BIHAR,GAYA,0.0,11.8,-100.0,NR,300.7,544.5,-45.0,D,2026-08-17 06:56:12.763605
2026-08-16,2026-06-01,2026-08-16,district,BIHAR,BIHAR,GOPALGANJ,0.7,9.3,-92.0,LD,396.5,625.3,-37.0,D,2026-08-17 06:56:12.763605
2026-08-16,2026-06-01,2026-08-16,district,BIHAR,BIHAR,JAHANABAD,0.1,11.1,-99.0,LD,183.7,538.3,-66.0,LD,2026-08-17 06:56:12.763605
2026-08-16,2026-06-01,2026-08-16,district,BIHAR,BIHAR,JAMUI,0.2,7.8,-97.0,LD,272.5,599.7,-55.0,D,2026-08-17 06:56:12.763605
2026-08-16,2026-06-01,2026-08-16,district,BIHAR,BIHAR,KATIHAR,0.0,8.0,-100.0,NR,420.7,693.3,-39.0,D,2026-08-17 06:56:12.763605
2026-08-16,2026-06-01,2026-08-16,district,BIHAR,BIHAR,KHAGARIA,0.3,10.5,-98.0,LD,550.9,620.1,-11.0,N,2026-08-17 06:56:12.763605
2026-08-16,2026-06-01,2026-08-16,district,BIHAR,BIHAR,KISHANGANJ,0.0,13.5,-100.0,NR,855.1,1172.4,-27.0,D,2026-08-17 06:56:12.763605
2026-08-16,2026-06-01,2026-08-16,district,BIHAR,BIHAR,LAKHISARAI,0.0,11.6,-100.0,NR,471.5,552.3,-15.0,N,2026-08-17 06:56:12.763605
2026-08-16,2026-06-01,2026-08-16,district,BIHAR,BIHAR,MADHEPURA,0.0,8.1,-100.0,NR,414.8,672.7,-38.0,D,2026-08-17 06:56:12.763605
2026-08-16,2026-06-01,2026-08-16,district,BIHAR,BIHAR,MADHUBANI,0.0,7.6,-100.0,NR,413.8,660.9,-37.0,D,2026-08-17 06:56:12.763605
2026-08-16,2026-06-01,2026-08-16,district,BIHAR,BIHAR,MUNGER,0.0,12.4,-100.0,NR,398.1,660.7,-40.0,D,2026-08-17 06:56:12.763605
2026-08-16,2026-06-01,2026-08-16,district,BIHAR,BIHAR,MUZAFFARPUR,0.0,12.2,-100.0,NR,321.5,626.4,-49.0,D,2026-08-17 06:56:12.763605
2026-08-16,2026-06-01,2026-08-16,district,BIHAR,BIHAR,NALANDA,0.0,11.8,-100.0,NR,287.9,549.0,-48.0,D,2026-08-17 06:56:12.763605
2026-08-16,2026-06-01,2026-08-16,district,BIHAR,BIHAR,NAWADA,0.1,8.3,-99.0,LD,330.0,540.3,-39.0,D,2026-08-17 06:56:12.763605
2026-08-16,2026-06-01,2026-08-16,district,BIHAR,BIHAR,PATNA,0.0,9.0,-100.0,NR,272.4,568.2,-52.0,D,2026-08-17 06:56:12.763605
2026-08-16,2026-06-01,2026-08-16,district,BIHAR,BIHAR,PURNEA,0.3,11.5,-97.0,LD,546.8,937.8,-42.0,D,2026-08-17 06:56:12.763605
2026-08-16,2026-06-01,2026-08-16,district,BIHAR,BIHAR,ROHTAS,0.3,8.6,-97.0,LD,317.6,541.7,-41.0,D,2026-08-17 06:56:12.763605
2026-08-16,2026-06-01,2026-08-16,district,BIHAR,BIHAR,SAHARSA,0.0,10.4,-100.0,NR,365.1,712.1,-49.0,D,2026-08-17 06:56:12.763605
2026-08-16,2026-06-01,2026-08-16,district,BIHAR,BIHAR,SAMASTIPUR,0.0,13.9,-100.0,NR,324.3,609.4,-47.0,D,2026-08-17 06:56:12.763605
2026-08-16,2026-06-01,2026-08-16,district,BIHAR,BIHAR,SARAN,0.1,12.1,-99.0,LD,317.7,577.8,-45.0,D,2026-08-17 06:56:12.763605
2026-08-16,2026-06-01,2026-08-16,district,BIHAR,BIHAR,SHEIKHPURA,0.1,12.3,-99.0,LD,323.4,539.9,-40.0,D,2026-08-17 06:56:12.763605
2026-08-16,2026-06-01,2026-08-16,district,BIHAR,BIHAR,SHEOHAR,0.0,7.1,-100.0,NR,294.3,663.9,-56.0,D,2026-08-17 06:56:12.763605
2026-08-16,2026-06-01,2026-08-16,district,BIHAR,BIHAR,SITAMARHI,0.0,9.1,-100.0,NR,314.0,728.6,-57.0,D,2026-08-17 06:56:12.763605
2026-08-16,2026-06-01,2026-08-16,district,BIHAR,BIHAR,SIWAN,0.5,11.8,-96.0,LD,513.7,571.0,-10.0,N,2026-08-17 06:56:12.763605
2026-08-16,2026-06-01,2026-08-16,district,BIHAR,BIHAR,SUPAUL,0.0,7.2,-100.0,NR,563.8,735.0,-23.0,D,2026-08-17 06:56:12.763605
2026-08-16,2026-06-01,2026-08-16,district,BIHAR,BIHAR,VAISHALI,0.0,14.0,-99.0,LD,351.8,589.6,-40.0,D,2026-08-17 06:56:12.763605
2026-08-16,2026-06-01,2026-08-16,district,BIHAR,BIHAR,WEST CHAMPARAN,1.4,15.9,-91.0,LD,556.2,823.9,-32.0,D,2026-08-17 06:56:12.763605
2026-08-16,2026-06-01,2026-08-16,district,CHHATTISGARH,CHHATTISGARH,BALOD,1.2,13.2,-91.0,LD,752.0,673.4,12.0,N,2026-08-17 06:56:12.763605
2026-08-16,2026-06-01,2026-08-16,district,CHHATTISGARH,CHHATTISGARH,BALODA BAZAR,32.9,12.9,155.0,LE,800.6,626.1,28.0,E,2026-08-17 06:56:12.763605
2026-08-16,2026-06-01,2026-08-16,district,CHHATTISGARH,CHHATTISGARH,BALRAMPUR,5.5,9.3,-41.0,D,818.4,645.5,27.0,E,2026-08-17 06:56:12.763605
2026-08-16,2026-06-01,2026-08-16,district,CHHATTISGARH,CHHATTISGARH,BASTAR,3.1,11.8,-74.0,LD,618.5,794.9,-22.0,D,2026-08-17 06:56:12.763605
2026-08-16,2026-06-01,2026-08-16,district,CHHATTISGARH,CHHATTISGARH,BEMETARA,25.4,19.9,28.0,E,428.3,706.7,-39.0,D,2026-08-17 06:56:12.763605
2026-08-16,2026-06-01,2026-08-16,district,CHHATTISGARH,CHHATTISGARH,BIJAPUR,4.4,24.0,-82.0,LD,888.4,946.4,-6.0,N,2026-08-17 06:56:12.763605
2026-08-16,2026-06-01,2026-08-16,district,CHHATTISGARH,CHHATTISGARH,BILASPUR,6.9,10.2,-32.0,D,771.0,685.8,12.0,N,2026-08-17 06:56:12.763605
2026-08-16,2026-06-01,2026-08-16,district,CHHATTISGARH,CHHATTISGARH,DANTEWADA,3.4,12.4,-72.0,LD,725.7,872.7,-17.0,N,2026-08-17 06:56:12.763605
2026-08-16,2026-06-01,2026-08-16,district,CHHATTISGARH,CHHATTISGARH,DHAMTARI,0.1,11.9,-99.0,LD,687.4,697.5,-1.0,N,2026-08-17 06:56:12.763605
2026-08-16,2026-06-01,2026-08-16,district,CHHATTISGARH,CHHATTISGARH,DURG,7.6,9.9,-23.0,D,569.4,668.7,-15.0,N,2026-08-17 06:56:12.763605
2026-08-16,2026-06-01,2026-08-16,district,CHHATTISGARH,CHHATTISGARH,GARIABAND,0.4,10.6,-96.0,LD,758.0,687.6,10.0,N,2026-08-17 06:56:12.763605
2026-08-16,2026-06-01,2026-08-16,district,CHHATTISGARH,CHHATTISGARH,GAURELA PENDRA MARWAHI,17.5,11.4,53.0,E,688.9,716.1,-4.0,N,2026-08-17 06:56:12.763605
2026-08-16,2026-06-01,2026-08-16,district,CHHATTISGARH,CHHATTISGARH,JANJGIR,12.6,17.8,-29.0,D,894.5,731.4,22.0,E,2026-08-17 06:56:12.763605
2026-08-16,2026-06-01,2026-08-16,district,CHHATTISGARH,CHHATTISGARH,JASHPUR,10.1,13.8,-27.0,D,562.8,925.8,-39.0,D,2026-08-17 06:56:12.763605
2026-08-16,2026-06-01,2026-08-16,district,CHHATTISGARH,CHHATTISGARH,KABIRDHAM,16.0,15.9,0.0,N,449.7,575.5,-22.0,D,2026-08-17 06:56:12.763605
2026-08-16,2026-06-01,2026-08-16,district,CHHATTISGARH,CHHATTISGARH,KANKER,4.4,17.9,-76.0,LD,562.9,895.2,-37.0,D,2026-08-17 06:56:12.763605
2026-08-16,2026-06-01,2026-08-16,district,CHHATTISGARH,CHHATTISGARH,KHAIRAGARH CHH GANDAI,20.5,10.3,99.0,LE,492.8,485.4,2.0,N,2026-08-17 06:56:12.763605
2026-08-16,2026-06-01,2026-08-16,district,CHHATTISGARH,CHHATTISGARH,KONDAGAON,3.5,11.2,-68.0,LD,630.1,772.3,-18.0,N,2026-08-17 06:56:12.763605
2026-08-16,2026-06-01,2026-08-16,district,CHHATTISGARH,CHHATTISGARH,KORBA,22.7,11.4,99.0,LE,728.2,856.8,-15.0,N,2026-08-17 06:56:12.763605
2026-08-16,2026-06-01,2026-08-16,district,CHHATTISGARH,CHHATTISGARH,KORIYA,4.5,6.1,-27.0,D,621.6,745.6,-17.0,N,2026-08-17 06:56:12.763605
2026-08-16,2026-06-01,2026-08-16,district,CHHATTISGARH,CHHATTISGARH,MAHASAMUND,4.5,12.2,-63.0,LD,843.8,694.2,22.0,E,2026-08-17 06:56:12.763605
2026-08-16,2026-06-01,2026-08-16,district,CHHATTISGARH,CHHATTISGARH,MANENDRAGARH BHARATPUR,27.8,6.1,356.0,LE,702.2,745.5,-6.0,N,2026-08-17 06:56:12.763605
2026-08-16,2026-06-01,2026-08-16,district,CHHATTISGARH,CHHATTISGARH,MOHALA MANPUR CHOWKI,6.1,11.5,-47.0,D,585.6,703.9,-17.0,N,2026-08-17 06:56:12.763605
2026-08-16,2026-06-01,2026-08-16,district,CHHATTISGARH,CHHATTISGARH,MUNGELI,4.1,9.0,-55.0,D,823.7,642.3,28.0,E,2026-08-17 06:56:12.763605
2026-08-16,2026-06-01,2026-08-16,district,CHHATTISGARH,CHHATTISGARH,NARAYANPUR,3.3,12.5,-74.0,LD,1056.5,829.3,27.0,E,2026-08-17 06:56:12.763605
2026-08-16,2026-06-01,2026-08-16,district,CHHATTISGARH,CHHATTISGARH,RAIGARH,15.9,10.2,56.0,E,699.5,788.6,-11.0,N,2026-08-17 06:56:12.763605
2026-08-16,2026-06-01,2026-08-16,district,CHHATTISGARH,CHHATTISGARH,RAIPUR,5.8,12.4,-53.0,D,737.9,677.3,9.0,N,2026-08-17 06:56:12.763605
2026-08-16,2026-06-01,2026-08-16,district,CHHATTISGARH,CHHATTISGARH,RAJNANDGAON,3.1,12.1,-75.0,LD,599.7,704.8,-15.0,N,2026-08-17 06:56:12.763605
2026-08-16,2026-06-01,2026-08-16,district,CHHATTISGARH,CHHATTISGARH,SAKTI,13.2,9.1,45.0,E,734.3,741.6,-1.0,N,2026-08-17 06:56:12.763605
2026-08-16,2026-06-01,2026-08-16,district,CHHATTISGARH,CHHATTISGARH,SARANGARH BILAIGARH,17.3,8.3,109.0,LE,971.4,622.2,56.0,E,2026-08-17 06:56:12.763605
2026-08-16,2026-06-01,2026-08-16,district,CHHATTISGARH,CHHATTISGARH,SUKMA,12.4,14.5,-15.0,N,673.0,810.0,-17.0,N,2026-08-17 06:56:12.763605
2026-08-16,2026-06-01,2026-08-16,district,CHHATTISGARH,CHHATTISGARH,SURAJPUR,17.3,10.7,62.0,LE,772.6,811.6,-5.0,N,2026-08-17 06:56:12.763605
2026-08-16,2026-06-01,2026-08-16,district,CHHATTISGARH,CHHATTISGARH,SURGUJA,8.1,11.7,-31.0,D,407.7,805.9,-49.0,D,2026-08-17 06:56:12.763605
2026-08-16,2026-06-01,2026-08-16,district,COASTAL A. P. & YANAM,ANDHRA PRADESH,ANAKAPALLI,1.9,5.8,-67.0,LD,254.3,366.6,-31.0,D,2026-08-17 06:56:12.763605
2026-08-16,2026-06-01,2026-08-16,district,COASTAL A. P. & YANAM,ANDHRA PRADESH,BAPATLA,0.0,6.4,-100.0,NR,131.4,310.5,-58.0,D,2026-08-17 06:56:12.763605
2026-08-16,2026-06-01,2026-08-16,district,COASTAL A. P. & YANAM,ANDHRA PRADESH,DR B R AMBEDKAR KONASEEMA,1.2,6.5,-82.0,LD,424.0,487.6,-13.0,N,2026-08-17 06:56:12.763605
2026-08-16,2026-06-01,2026-08-16,district,COASTAL A. P. & YANAM,ANDHRA PRADESH,ELURU,4.8,6.4,-26.0,D,350.2,555.6,-37.0,D,2026-08-17 06:56:12.763605
2026-08-16,2026-06-01,2026-08-16,district,COASTAL A. P. & YANAM,ANDHRA PRADESH,GUNTUR,3.6,8.5,-57.0,D,284.0,363.8,-22.0,D,2026-08-17 06:56:12.763605
2026-08-16,2026-06-01,2026-08-16,district,COASTAL A. P. & YANAM,ANDHRA PRADESH,KAKINADA,4.4,3.9,12.0,N,276.8,414.8,-33.0,D,2026-08-17 06:56:12.763605
2026-08-16,2026-06-01,2026-08-16,district,COASTAL A. P. & YANAM,ANDHRA PRADESH,KRISHNA,2.1,5.3,-60.0,LD,274.5,417.5,-34.0,D,2026-08-17 06:56:12.763605
2026-08-16,2026-06-01,2026-08-16,district,COASTAL A. P. & YANAM,ANDHRA PRADESH,NTR DISTRICT,2.4,6.2,-61.0,LD,305.4,442.3,-31.0,D,2026-08-17 06:56:12.763605
2026-08-16,2026-06-01,2026-08-16,district,COASTAL A. P. & YANAM,ANDHRA PRADESH,PALNADU,0.0,5.1,-100.0,NR,206.5,327.6,-37.0,D,2026-08-17 06:56:12.763605
2026-08-16,2026-06-01,2026-08-16,district,COASTAL A. P. & YANAM,ANDHRA PRADESH,PARVATHIPURAM MANYAM,0.2,6.7,-97.0,LD,275.2,477.0,-42.0,D,2026-08-17 06:56:12.763605
2026-08-16,2026-06-01,2026-08-16,district,COASTAL A. P. & YANAM,ANDHRA PRADESH,PRAKASAM,0.0,2.7,-100.0,NR,96.3,200.2,-52.0,D,2026-08-17 06:56:12.763605
2026-08-16,2026-06-01,2026-08-16,district,COASTAL A. P. & YANAM,ANDHRA PRADESH,SPSR NELLORE,0.0,4.0,-100.0,NR,124.3,180.6,-31.0,D,2026-08-17 06:56:12.763605
2026-08-16,2026-06-01,2026-08-16,district,COASTAL A. P. & YANAM,ANDHRA PRADESH,SRI ALLURI SITHARAMARAJU DISTRICT,12.3,10.0,23.0,E,306.8,591.8,-48.0,D,2026-08-17 06:56:12.763605
2026-08-16,2026-06-01,2026-08-16,district,COASTAL A. P. & YANAM,ANDHRA PRADESH,SRIKAKULAM,0.7,5.7,-89.0,LD,256.1,431.7,-41.0,D,2026-08-17 06:56:12.763605
2026-08-16,2026-06-01,2026-08-16,district,COASTAL A. P. & YANAM,ANDHRA PRADESH,VISHAKHAPATNAM,0.3,5.7,-94.0,LD,233.3,326.5,-29.0,D,2026-08-17 06:56:12.763605
2026-08-16,2026-06-01,2026-08-16,district,COASTAL A. P. & YANAM,ANDHRA PRADESH,VIZIANAGARAM,4.2,7.3,-42.0,D,295.1,406.4,-27.0,D,2026-08-17 06:56:12.763605
2026-08-16,2026-06-01,2026-08-16,district,COASTAL A. P. & YANAM,ANDHRA PRADESH,WEST GODAVARI,3.6,5.8,-37.0,D,226.7,468.6,-52.0,D,2026-08-17 06:56:12.763605
2026-08-16,2026-06-01,2026-08-16,district,COASTAL A. P. & YANAM,PUDUCHERRY (UT),YANAM,9.8,1.9,416.0,LE,272.0,443.9,-39.0,D,2026-08-17 06:56:12.763605
2026-08-16,2026-06-01,2026-08-16,district,COASTAL KARNATAKA,KARNATAKA,DAKSHINA KANNADA,6.6,28.8,-77.0,LD,2100.2,2629.7,-20.0,D,2026-08-17 06:56:12.763605
2026-08-16,2026-06-01,2026-08-16,district,COASTAL KARNATAKA,KARNATAKA,UDUPI,18.1,30.5,-41.0,D,2209.8,2981.2,-26.0,D,2026-08-17 06:56:12.763605
2026-08-16,2026-06-01,2026-08-16,district,COASTAL KARNATAKA,KARNATAKA,UTTARA KANNADA,17.1,23.3,-27.0,D,1670.5,2208.1,-24.0,D,2026-08-17 06:56:12.763605
2026-08-16,2026-06-01,2026-08-16,district,EAST MADHYA PRADESH,MADHYA PRADESH,ANUPPUR,38.9,7.8,398.0,LE,720.2,671.4,7.0,N,2026-08-17 06:56:12.763605
2026-08-16,2026-06-01,2026-08-16,district,EAST MADHYA PRADESH,MADHYA PRADESH,BALAGHAT,27.6,19.0,45.0,E,767.3,854.5,-10.0,N,2026-08-17 06:56:12.763605
2026-08-16,2026-06-01,2026-08-16,district,EAST MADHYA PRADESH,MADHYA PRADESH,CHHATARPUR,16.5,9.9,67.0,LE,455.6,608.8,-25.0,D,2026-08-17 06:56:12.763605
2026-08-16,2026-06-01,2026-08-16,district,EAST MADHYA PRADESH,MADHYA PRADESH,CHHINDWARA,3.5,12.7,-72.0,LD,572.1,682.5,-16.0,N,2026-08-17 06:56:12.763605
2026-08-16,2026-06-01,2026-08-16,district,EAST MADHYA PRADESH,MADHYA PRADESH,DAMOH,40.8,9.8,317.0,LE,616.3,733.9,-16.0,N,2026-08-17 06:56:12.763605
2026-08-16,2026-06-01,2026-08-16,district,EAST MADHYA PRADESH,MADHYA PRADESH,DINDORI,17.6,13.4,31.0,E,697.5,809.5,-14.0,N,2026-08-17 06:56:12.763605
2026-08-16,2026-06-01,2026-08-16,district,EAST MADHYA PRADESH,MADHYA PRADESH,JABALPUR,30.5,14.7,107.0,LE,522.0,741.5,-30.0,D,2026-08-17 06:56:12.763605
2026-08-16,2026-06-01,2026-08-16,district,EAST MADHYA PRADESH,MADHYA PRADESH,KATNI,33.3,10.4,220.0,LE,477.5,624.6,-24.0,D,2026-08-17 06:56:12.763605
2026-08-16,2026-06-01,2026-08-16,district,EAST MADHYA PRADESH,MADHYA PRADESH,MAIHAR,6.1,12.5,-52.0,D,515.7,637.1,-19.0,N,2026-08-17 06:56:12.763605
2026-08-16,2026-06-01,2026-08-16,district,EAST MADHYA PRADESH,MADHYA PRADESH,MANDLA,34.6,16.8,106.0,LE,684.9,820.6,-17.0,N,2026-08-17 06:56:12.763605
2026-08-16,2026-06-01,2026-08-16,district,EAST MADHYA PRADESH,MADHYA PRADESH,MAUGANJ,10.1,8.1,24.0,E,656.8,618.9,6.0,N,2026-08-17 06:56:12.763605
2026-08-16,2026-06-01,2026-08-16,district,EAST MADHYA PRADESH,MADHYA PRADESH,NARSINGHPUR,26.8,15.1,77.0,LE,604.4,669.9,-10.0,N,2026-08-17 06:56:12.763605
2026-08-16,2026-06-01,2026-08-16,district,EAST MADHYA PRADESH,MADHYA PRADESH,NIWARI,1.7,18.0,-91.0,LD,441.7,477.9,-8.0,N,2026-08-17 06:56:12.763605
2026-08-16,2026-06-01,2026-08-16,district,EAST MADHYA PRADESH,MADHYA PRADESH,PANDHURNA,2.0,7.8,-74.0,LD,484.6,536.9,-10.0,N,2026-08-17 06:56:12.763605
2026-08-16,2026-06-01,2026-08-16,district,EAST MADHYA PRADESH,MADHYA PRADESH,PANNA,11.7,10.6,10.0,N,533.9,709.2,-25.0,D,2026-08-17 06:56:12.763605
2026-08-16,2026-06-01,2026-08-16,district,EAST MADHYA PRADESH,MADHYA PRADESH,REWA,10.4,9.2,13.0,N,315.2,640.1,-51.0,D,2026-08-17 06:56:12.763605
2026-08-16,2026-06-01,2026-08-16,district,EAST MADHYA PRADESH,MADHYA PRADESH,SAGAR,17.8,10.8,65.0,LE,513.7,722.2,-29.0,D,2026-08-17 06:56:12.763605
2026-08-16,2026-06-01,2026-08-16,district,EAST MADHYA PRADESH,MADHYA PRADESH,SATNA,4.8,10.2,-53.0,D,570.7,616.2,-7.0,N,2026-08-17 06:56:12.763605
2026-08-16,2026-06-01,2026-08-16,district,EAST MADHYA PRADESH,MADHYA PRADESH,SEONI,5.3,12.5,-57.0,D,634.7,695.9,-9.0,N,2026-08-17 06:56:12.763605
2026-08-16,2026-06-01,2026-08-16,district,EAST MADHYA PRADESH,MADHYA PRADESH,SHAHDOL,34.0,11.6,193.0,LE,642.3,643.5,0.0,N,2026-08-17 06:56:12.763605
2026-08-16,2026-06-01,2026-08-16,district,EAST MADHYA PRADESH,MADHYA PRADESH,SIDHI,8.4,9.0,-7.0,N,642.5,647.2,-1.0,N,2026-08-17 06:56:12.763605
2026-08-16,2026-06-01,2026-08-16,district,EAST MADHYA PRADESH,MADHYA PRADESH,SINGRAULI,1.0,12.7,-92.0,LD,552.2,682.5,-19.0,N,2026-08-17 06:56:12.763605
2026-08-16,2026-06-01,2026-08-16,district,EAST MADHYA PRADESH,MADHYA PRADESH,TIKAMGARH,34.8,9.8,255.0,LE,431.9,629.9,-31.0,D,2026-08-17 06:56:12.763605
2026-08-16,2026-06-01,2026-08-16,district,EAST MADHYA PRADESH,MADHYA PRADESH,UMARIA,88.8,15.4,477.0,LE,657.2,669.7,-2.0,N,2026-08-17 06:56:12.763605
2026-08-16,2026-06-01,2026-08-16,district,EAST RAJASTHAN,RAJASTHAN,AJMER,0.0,8.4,-100.0,NR,309.1,326.8,-5.0,N,2026-08-17 06:56:12.763605
2026-08-16,2026-06-01,2026-08-16,district,EAST RAJASTHAN,RAJASTHAN,ALWAR,6.6,7.8,-16.0,N,348.5,375.0,-7.0,N,2026-08-17 06:56:12.763605
2026-08-16,2026-06-01,2026-08-16,district,EAST RAJASTHAN,RAJASTHAN,BANSWARA,0.0,10.5,-100.0,NR,359.5,585.8,-39.0,D,2026-08-17 06:56:12.763605
2026-08-16,2026-06-01,2026-08-16,district,EAST RAJASTHAN,RAJASTHAN,BARAN,6.5,14.1,-54.0,D,470.5,588.1,-20.0,D,2026-08-17 06:56:12.763605
2026-08-16,2026-06-01,2026-08-16,district,EAST RAJASTHAN,RAJASTHAN,BHARATPUR,33.3,7.5,344.0,LE,481.1,363.5,32.0,E,2026-08-17 06:56:12.763605
2026-08-16,2026-06-01,2026-08-16,district,EAST RAJASTHAN,RAJASTHAN,BHILWARA,1.4,14.0,-90.0,LD,336.5,428.3,-21.0,D,2026-08-17 06:56:12.763605
2026-08-16,2026-06-01,2026-08-16,district,EAST RAJASTHAN,RAJASTHAN,BUNDI,2.2,10.5,-79.0,LD,345.4,459.4,-25.0,D,2026-08-17 06:56:12.763605
2026-08-16,2026-06-01,2026-08-16,district,EAST RAJASTHAN,RAJASTHAN,CHITTORGARH,9.1,12.8,-29.0,D,449.4,498.4,-10.0,N,2026-08-17 06:56:12.763605
2026-08-16,2026-06-01,2026-08-16,district,EAST RAJASTHAN,RAJASTHAN,DAUSA,23.4,8.9,163.0,LE,411.2,423.0,-3.0,N,2026-08-17 06:56:12.763605
2026-08-16,2026-06-01,2026-08-16,district,EAST RAJASTHAN,RAJASTHAN,DHOLPUR,16.3,6.3,159.0,LE,424.0,391.6,8.0,N,2026-08-17 06:56:12.763605
2026-08-16,2026-06-01,2026-08-16,district,EAST RAJASTHAN,RAJASTHAN,DUNGARPUR,0.0,10.5,-100.0,NR,337.6,476.1,-29.0,D,2026-08-17 06:56:12.763605
2026-08-16,2026-06-01,2026-08-16,district,EAST RAJASTHAN,RAJASTHAN,JAIPUR,0.8,7.3,-89.0,LD,298.6,373.3,-20.0,D,2026-08-17 06:56:12.763605
2026-08-16,2026-06-01,2026-08-16,district,EAST RAJASTHAN,RAJASTHAN,JHALAWAR,24.2,13.7,77.0,LE,528.5,596.3,-11.0,N,2026-08-17 06:56:12.763605
2026-08-16,2026-06-01,2026-08-16,district,EAST RAJASTHAN,RAJASTHAN,JHUNJHUNU,0.0,5.3,-100.0,NR,393.2,292.2,35.0,E,2026-08-17 06:56:12.763605
2026-08-16,2026-06-01,2026-08-16,district,EAST RAJASTHAN,RAJASTHAN,KARAULI,20.8,7.4,182.0,LE,339.0,420.9,-19.0,N,2026-08-17 06:56:12.763605
2026-08-16,2026-06-01,2026-08-16,district,EAST RAJASTHAN,RAJASTHAN,KOTA,8.0,13.2,-39.0,D,375.1,516.5,-27.0,D,2026-08-17 06:56:12.763605
2026-08-16,2026-06-01,2026-08-16,district,EAST RAJASTHAN,RAJASTHAN,PRATAPGARH,0.0,14.1,-100.0,NR,575.4,607.6,-5.0,N,2026-08-17 06:56:12.763605
2026-08-16,2026-06-01,2026-08-16,district,EAST RAJASTHAN,RAJASTHAN,RAJSAMAND,0.0,8.0,-100.0,NR,303.9,370.8,-18.0,N,2026-08-17 06:56:12.763605
2026-08-16,2026-06-01,2026-08-16,district,EAST RAJASTHAN,RAJASTHAN,SAWAI MADHOPUR,11.1,11.1,0.0,N,311.6,472.6,-34.0,D,2026-08-17 06:56:12.763605
2026-08-16,2026-06-01,2026-08-16,district,EAST RAJASTHAN,RAJASTHAN,SIKAR,0.0,7.4,-100.0,NR,324.7,303.8,7.0,N,2026-08-17 06:56:12.763605
2026-08-16,2026-06-01,2026-08-16,district,EAST RAJASTHAN,RAJASTHAN,SIROHI,2.3,11.8,-81.0,LD,408.3,619.6,-34.0,D,2026-08-17 06:56:12.763605
2026-08-16,2026-06-01,2026-08-16,district,EAST RAJASTHAN,RAJASTHAN,TONK,1.0,10.6,-91.0,LD,330.2,411.3,-20.0,D,2026-08-17 06:56:12.763605
2026-08-16,2026-06-01,2026-08-16,district,EAST RAJASTHAN,RAJASTHAN,UDAIPUR,0.3,7.3,-96.0,LD,338.9,421.6,-20.0,D,2026-08-17 06:56:12.763605
2026-08-16,2026-06-01,2026-08-16,district,EAST UTTAR PRADESH,UTTAR PRADESH,AMBEDKAR NAGAR,0.0,10.0,-100.0,NR,333.7,552.6,-40.0,D,2026-08-17 06:56:12.763605
2026-08-16,2026-06-01,2026-08-16,district,EAST UTTAR PRADESH,UTTAR PRADESH,AMETHI,0.9,7.7,-89.0,LD,184.6,434.6,-58.0,D,2026-08-17 06:56:12.763605
2026-08-16,2026-06-01,2026-08-16,district,EAST UTTAR PRADESH,UTTAR PRADESH,AYODHYA,6.7,12.2,-45.0,D,384.7,558.1,-31.0,D,2026-08-17 06:56:12.763605
2026-08-16,2026-06-01,2026-08-16,district,EAST UTTAR PRADESH,UTTAR PRADESH,AZAMGARH,0.0,10.6,-100.0,NR,326.0,543.1,-40.0,D,2026-08-17 06:56:12.763605
2026-08-16,2026-06-01,2026-08-16,district,EAST UTTAR PRADESH,UTTAR PRADESH,BAHRAICH,62.5,9.3,572.0,LE,584.8,649.7,-10.0,N,2026-08-17 06:56:12.763605
2026-08-16,2026-06-01,2026-08-16,district,EAST UTTAR PRADESH,UTTAR PRADESH,BALLIA,3.4,9.0,-63.0,LD,397.0,475.1,-16.0,N,2026-08-17 06:56:12.763605
2026-08-16,2026-06-01,2026-08-16,district,EAST UTTAR PRADESH,UTTAR PRADESH,BALRAMPUR,28.8,8.1,256.0,LE,463.7,533.2,-13.0,N,2026-08-17 06:56:12.763605
2026-08-16,2026-06-01,2026-08-16,district,EAST UTTAR PRADESH,UTTAR PRADESH,BANDA,9.3,10.5,-12.0,N,422.9,505.7,-16.0,N,2026-08-17 06:56:12.763605
2026-08-16,2026-06-01,2026-08-16,district,EAST UTTAR PRADESH,UTTAR PRADESH,BARABANKI,3.6,7.5,-52.0,D,459.0,525.3,-13.0,N,2026-08-17 06:56:12.763605
2026-08-16,2026-06-01,2026-08-16,district,EAST UTTAR PRADESH,UTTAR PRADESH,BASTI,1.6,7.2,-78.0,LD,352.7,542.9,-35.0,D,2026-08-17 06:56:12.763605
2026-08-16,2026-06-01,2026-08-16,district,EAST UTTAR PRADESH,UTTAR PRADESH,BHADOHI,0.0,6.5,-100.0,NR,145.0,508.4,-71.0,LD,2026-08-17 06:56:12.763605
2026-08-16,2026-06-01,2026-08-16,district,EAST UTTAR PRADESH,UTTAR PRADESH,CHANDAULI,0.0,10.1,-100.0,NR,255.0,461.5,-45.0,D,2026-08-17 06:56:12.763605
2026-08-16,2026-06-01,2026-08-16,district,EAST UTTAR PRADESH,UTTAR PRADESH,CHITRAKOOT,41.5,6.6,529.0,LE,589.9,513.6,15.0,N,2026-08-17 06:56:12.763605
2026-08-16,2026-06-01,2026-08-16,district,EAST UTTAR PRADESH,UTTAR PRADESH,DEORIA,0.5,8.6,-94.0,LD,146.5,529.9,-72.0,LD,2026-08-17 06:56:12.763605
2026-08-16,2026-06-01,2026-08-16,district,EAST UTTAR PRADESH,UTTAR PRADESH,FARRUKHABAD,18.3,6.7,174.0,LE,333.4,474.2,-30.0,D,2026-08-17 06:56:12.763605
2026-08-16,2026-06-01,2026-08-16,district,EAST UTTAR PRADESH,UTTAR PRADESH,FATEHPUR,0.0,6.5,-100.0,NR,196.2,447.3,-56.0,D,2026-08-17 06:56:12.763605
2026-08-16,2026-06-01,2026-08-16,district,EAST UTTAR PRADESH,UTTAR PRADESH,GHAZIPUR,0.0,9.1,-100.0,NR,278.6,494.2,-44.0,D,2026-08-17 06:56:12.763605
2026-08-16,2026-06-01,2026-08-16,district,EAST UTTAR PRADESH,UTTAR PRADESH,GONDA,0.0,8.4,-100.0,NR,447.3,574.4,-22.0,D,2026-08-17 06:56:12.763605
2026-08-16,2026-06-01,2026-08-16,district,EAST UTTAR PRADESH,UTTAR PRADESH,GORAKHPUR,9.8,10.6,-7.0,N,597.0,813.9,-27.0,D,2026-08-17 06:56:12.763605
2026-08-16,2026-06-01,2026-08-16,district,EAST UTTAR PRADESH,UTTAR PRADESH,HARDOI,19.2,9.3,107.0,LE,300.3,437.1,-31.0,D,2026-08-17 06:56:12.763605
2026-08-16,2026-06-01,2026-08-16,district,EAST UTTAR PRADESH,UTTAR PRADESH,JAUNPUR,0.0,7.8,-100.0,NR,140.5,453.3,-69.0,LD,2026-08-17 06:56:12.763605
2026-08-16,2026-06-01,2026-08-16,district,EAST UTTAR PRADESH,UTTAR PRADESH,KANNAUJ,12.9,5.6,129.0,LE,454.5,427.6,6.0,N,2026-08-17 06:56:12.763605
2026-08-16,2026-06-01,2026-08-16,district,EAST UTTAR PRADESH,UTTAR PRADESH,KANPUR CITY,6.0,6.5,-8.0,N,463.3,416.1,11.0,N,2026-08-17 06:56:12.763605
2026-08-16,2026-06-01,2026-08-16,district,EAST UTTAR PRADESH,UTTAR PRADESH,KANPUR DEHAT,0.0,7.2,-100.0,NR,108.1,372.3,-71.0,LD,2026-08-17 06:56:12.763605
2026-08-16,2026-06-01,2026-08-16,district,EAST UTTAR PRADESH,UTTAR PRADESH,KAUSHAMBI,4.5,4.4,2.0,N,148.7,366.4,-59.0,D,2026-08-17 06:56:12.763605
2026-08-16,2026-06-01,2026-08-16,district,EAST UTTAR PRADESH,UTTAR PRADESH,KHERI,92.5,9.3,895.0,LE,601.3,599.3,0.0,N,2026-08-17 06:56:12.763605
2026-08-16,2026-06-01,2026-08-16,district,EAST UTTAR PRADESH,UTTAR PRADESH,KUSHI NAGAR,0.0,7.0,-100.0,NR,180.6,503.4,-64.0,LD,2026-08-17 06:56:12.763605
2026-08-16,2026-06-01,2026-08-16,district,EAST UTTAR PRADESH,UTTAR PRADESH,LUCKNOW,40.9,6.2,560.0,LE,341.1,433.5,-21.0,D,2026-08-17 06:56:12.763605
2026-08-16,2026-06-01,2026-08-16,district,EAST UTTAR PRADESH,UTTAR PRADESH,MAHARAJGANJ,19.3,11.0,75.0,LE,562.4,671.3,-16.0,N,2026-08-17 06:56:12.763605
2026-08-16,2026-06-01,2026-08-16,district,EAST UTTAR PRADESH,UTTAR PRADESH,MAU,6.5,7.7,-16.0,N,182.0,519.4,-65.0,LD,2026-08-17 06:56:12.763605
2026-08-16,2026-06-01,2026-08-16,district,EAST UTTAR PRADESH,UTTAR PRADESH,MIRZAPUR,1.4,7.6,-81.0,LD,569.7,563.6,1.0,N,2026-08-17 06:56:12.763605
2026-08-16,2026-06-01,2026-08-16,district,EAST UTTAR PRADESH,UTTAR PRADESH,PRATAPGARH,6.0,7.2,-17.0,N,394.8,489.0,-19.0,N,2026-08-17 06:56:12.763605
2026-08-16,2026-06-01,2026-08-16,district,EAST UTTAR PRADESH,UTTAR PRADESH,PRAYAGRAJ,8.1,6.7,20.0,E,402.9,461.3,-13.0,N,2026-08-17 06:56:12.763605
2026-08-16,2026-06-01,2026-08-16,district,EAST UTTAR PRADESH,UTTAR PRADESH,RAE BAREILLY,0.7,3.9,-82.0,LD,141.5,277.9,-49.0,D,2026-08-17 06:56:12.763605
2026-08-16,2026-06-01,2026-08-16,district,EAST UTTAR PRADESH,UTTAR PRADESH,SANT KABIR NAGAR,1.1,12.0,-91.0,LD,336.2,677.3,-50.0,D,2026-08-17 06:56:12.763605
2026-08-16,2026-06-01,2026-08-16,district,EAST UTTAR PRADESH,UTTAR PRADESH,SHRAWASTI,29.9,11.1,169.0,LE,428.7,753.2,-43.0,D,2026-08-17 06:56:12.763605
2026-08-16,2026-06-01,2026-08-16,district,EAST UTTAR PRADESH,UTTAR PRADESH,SIDDHARTH NAGAR,3.5,11.8,-70.0,LD,471.0,705.3,-33.0,D,2026-08-17 06:56:12.763605
2026-08-16,2026-06-01,2026-08-16,district,EAST UTTAR PRADESH,UTTAR PRADESH,SITAPUR,16.4,8.9,84.0,LE,280.1,531.5,-47.0,D,2026-08-17 06:56:12.763605
2026-08-16,2026-06-01,2026-08-16,district,EAST UTTAR PRADESH,UTTAR PRADESH,SONBHADRA,0.0,10.9,-100.0,NR,390.0,569.3,-31.0,D,2026-08-17 06:56:12.763605
2026-08-16,2026-06-01,2026-08-16,district,EAST UTTAR PRADESH,UTTAR PRADESH,SULTANPUR,1.3,11.2,-88.0,LD,442.0,532.9,-17.0,N,2026-08-17 06:56:12.763605
2026-08-16,2026-06-01,2026-08-16,district,EAST UTTAR PRADESH,UTTAR PRADESH,UNNAO,8.0,3.0,167.0,LE,223.6,409.2,-45.0,D,2026-08-17 06:56:12.763605
2026-08-16,2026-06-01,2026-08-16,district,EAST UTTAR PRADESH,UTTAR PRADESH,VARANASI,0.0,6.2,-100.0,NR,331.2,504.0,-34.0,D,2026-08-17 06:56:12.763605
2026-08-16,2026-06-01,2026-08-16,district,GANGETIC WEST BENGAL,WEST BENGAL,BANKURA,3.0,11.9,-75.0,LD,759.3,770.6,-1.0,N,2026-08-17 06:56:12.763605
2026-08-16,2026-06-01,2026-08-16,district,GANGETIC WEST BENGAL,WEST BENGAL,BIRBHUM,3.4,10.9,-69.0,LD,530.2,748.3,-29.0,D,2026-08-17 06:56:12.763605
2026-08-16,2026-06-01,2026-08-16,district,GANGETIC WEST BENGAL,WEST BENGAL,EAST MIDNAPORE,15.5,8.8,76.0,LE,1290.2,806.8,60.0,LE,2026-08-17 06:56:12.763605
2026-08-16,2026-06-01,2026-08-16,district,GANGETIC WEST BENGAL,WEST BENGAL,HOOGHLY,6.9,8.8,-21.0,D,739.5,698.5,6.0,N,2026-08-17 06:56:12.763605
2026-08-16,2026-06-01,2026-08-16,district,GANGETIC WEST BENGAL,WEST BENGAL,HOWRAH,2.2,9.7,-78.0,LD,834.6,769.8,8.0,N,2026-08-17 06:56:12.763605
2026-08-16,2026-06-01,2026-08-16,district,GANGETIC WEST BENGAL,WEST BENGAL,JHARGRAM,3.8,13.2,-71.0,LD,700.8,768.8,-9.0,N,2026-08-17 06:56:12.763605
2026-08-16,2026-06-01,2026-08-16,district,GANGETIC WEST BENGAL,WEST BENGAL,KOLKATA,4.7,12.8,-63.0,LD,994.0,872.6,14.0,N,2026-08-17 06:56:12.763605
2026-08-16,2026-06-01,2026-08-16,district,GANGETIC WEST BENGAL,WEST BENGAL,MURSHIDABAD,0.0,5.9,-100.0,NR,487.2,653.6,-25.0,D,2026-08-17 06:56:12.763605
2026-08-16,2026-06-01,2026-08-16,district,GANGETIC WEST BENGAL,WEST BENGAL,NADIA,0.0,8.1,-100.0,NR,478.5,632.4,-24.0,D,2026-08-17 06:56:12.763605
2026-08-16,2026-06-01,2026-08-16,district,GANGETIC WEST BENGAL,WEST BENGAL,NORTH 24 PARGANAS,0.3,9.6,-97.0,LD,978.3,770.0,27.0,E,2026-08-17 06:56:12.763605
2026-08-16,2026-06-01,2026-08-16,district,GANGETIC WEST BENGAL,WEST BENGAL,PASCHIM BARDHAMAN,4.3,10.4,-59.0,D,612.0,724.2,-15.0,N,2026-08-17 06:56:12.763605
2026-08-16,2026-06-01,2026-08-16,district,GANGETIC WEST BENGAL,WEST BENGAL,PURBA BARDHAMAN,2.8,10.1,-73.0,LD,621.9,691.7,-10.0,N,2026-08-17 06:56:12.763605
2026-08-16,2026-06-01,2026-08-16,district,GANGETIC WEST BENGAL,WEST BENGAL,PURULIA,9.1,10.6,-14.0,N,512.7,718.4,-29.0,D,2026-08-17 06:56:12.763605
2026-08-16,2026-06-01,2026-08-16,district,GANGETIC WEST BENGAL,WEST BENGAL,SOUTH 24 PARGANAS,15.5,13.2,17.0,N,1131.9,959.3,18.0,N,2026-08-17 06:56:12.763605
2026-08-16,2026-06-01,2026-08-16,district,GANGETIC WEST BENGAL,WEST BENGAL,WEST MIDNAPORE,1.2,13.2,-91.0,LD,1070.8,768.8,39.0,E,2026-08-17 06:56:12.763605
2026-08-16,2026-06-01,2026-08-16,district,GUJARAT REGION,DADRA & NAGAR HAVELI AND DAMAN & DIU (UT),DADARA & NAGAR HAVELI,12.2,11.4,7.0,N,2812.7,1713.1,64.0,LE,2026-08-17 06:56:12.763605
2026-08-16,2026-06-01,2026-08-16,district,GUJARAT REGION,DADRA & NAGAR HAVELI AND DAMAN & DIU (UT),DAMAN,2.0,11.4,-82.0,LD,2614.5,1713.1,53.0,E,2026-08-17 06:56:12.763605
2026-08-16,2026-06-01,2026-08-16,district,GUJARAT REGION,GUJARAT,AHMEDABAD,0.8,4.9,-84.0,LD,537.9,468.0,15.0,N,2026-08-17 06:56:12.763605
2026-08-16,2026-06-01,2026-08-16,district,GUJARAT REGION,GUJARAT,ANAND,0.6,6.4,-91.0,LD,755.7,571.6,32.0,E,2026-08-17 06:56:12.763605
2026-08-16,2026-06-01,2026-08-16,district,GUJARAT REGION,GUJARAT,ARAVALLI,1.4,8.6,-83.0,LD,382.4,577.4,-34.0,D,2026-08-17 06:56:12.763605
2026-08-16,2026-06-01,2026-08-16,district,GUJARAT REGION,GUJARAT,BANASKANTHA,0.4,9.6,-95.0,LD,379.3,425.3,-11.0,N,2026-08-17 06:56:12.763605
2026-08-16,2026-06-01,2026-08-16,district,GUJARAT REGION,GUJARAT,BHARUCH,3.8,5.3,-28.0,D,734.1,513.4,43.0,E,2026-08-17 06:56:12.763605
2026-08-16,2026-06-01,2026-08-16,district,GUJARAT REGION,GUJARAT,CHHOTA UDEPUR,3.2,10.7,-70.0,LD,587.0,672.3,-13.0,N,2026-08-17 06:56:12.763605
2026-08-16,2026-06-01,2026-08-16,district,GUJARAT REGION,GUJARAT,DAHOD,1.2,6.6,-81.0,LD,359.4,531.4,-32.0,D,2026-08-17 06:56:12.763605
2026-08-16,2026-06-01,2026-08-16,district,GUJARAT REGION,GUJARAT,DANGS,8.6,22.8,-62.0,LD,2225.8,1622.1,37.0,E,2026-08-17 06:56:12.763605
2026-08-16,2026-06-01,2026-08-16,district,GUJARAT REGION,GUJARAT,GANDHINAGAR,1.7,4.9,-65.0,LD,467.8,539.9,-13.0,N,2026-08-17 06:56:12.763605
2026-08-16,2026-06-01,2026-08-16,district,GUJARAT REGION,GUJARAT,KHEDA,11.6,7.9,47.0,E,858.7,562.4,53.0,E,2026-08-17 06:56:12.763605
2026-08-16,2026-06-01,2026-08-16,district,GUJARAT REGION,GUJARAT,MAHISAGAR,1.3,9.3,-86.0,LD,664.8,552.3,20.0,E,2026-08-17 06:56:12.763605
2026-08-16,2026-06-01,2026-08-16,district,GUJARAT REGION,GUJARAT,MEHSANA,1.0,10.4,-90.0,LD,446.5,490.6,-9.0,N,2026-08-17 06:56:12.763605
2026-08-16,2026-06-01,2026-08-16,district,GUJARAT REGION,GUJARAT,NARMADA,1.0,11.5,-91.0,LD,848.2,728.8,16.0,N,2026-08-17 06:56:12.763605
2026-08-16,2026-06-01,2026-08-16,district,GUJARAT REGION,GUJARAT,NAVSARI,8.6,13.5,-36.0,D,2210.5,1364.8,62.0,LE,2026-08-17 06:56:12.763605
2026-08-16,2026-06-01,2026-08-16,district,GUJARAT REGION,GUJARAT,PANCHMAHAL,1.1,8.7,-87.0,LD,691.4,628.2,10.0,N,2026-08-17 06:56:12.763605
2026-08-16,2026-06-01,2026-08-16,district,GUJARAT REGION,GUJARAT,PATAN,0.1,8.2,-99.0,LD,406.7,391.0,4.0,N,2026-08-17 06:56:12.763605
2026-08-16,2026-06-01,2026-08-16,district,GUJARAT REGION,GUJARAT,SABARKANTHA,1.0,12.5,-92.0,LD,407.8,593.0,-31.0,D,2026-08-17 06:56:12.763605
2026-08-16,2026-06-01,2026-08-16,district,GUJARAT REGION,GUJARAT,SURAT,1.4,8.9,-84.0,LD,1440.9,949.6,52.0,E,2026-08-17 06:56:12.763605
2026-08-16,2026-06-01,2026-08-16,district,GUJARAT REGION,GUJARAT,TAPI,1.9,10.4,-82.0,LD,1257.6,1020.1,23.0,E,2026-08-17 06:56:12.763605
2026-08-16,2026-06-01,2026-08-16,district,GUJARAT REGION,GUJARAT,VADODARA,1.6,8.5,-81.0,LD,523.7,622.3,-16.0,N,2026-08-17 06:56:12.763605
2026-08-16,2026-06-01,2026-08-16,district,GUJARAT REGION,GUJARAT,VALSAD,7.6,11.9,-36.0,D,2629.6,1539.5,71.0,LE,2026-08-17 06:56:12.763605
2026-08-16,2026-06-01,2026-08-16,district,HAR. CHD & DELHI,CHANDIGARH (UT),CHANDIGARH,0.7,8.9,-93.0,LD,442.0,603.5,-27.0,D,2026-08-17 06:56:12.763605
2026-08-16,2026-06-01,2026-08-16,district,HAR. CHD & DELHI,DELHI,CENTRAL DELHI,0.0,4.5,-100.0,NR,567.7,442.7,28.0,E,2026-08-17 06:56:12.763605
2026-08-16,2026-06-01,2026-08-16,district,HAR. CHD & DELHI,DELHI,EAST DELHI,0.0,4.5,-100.0,NR,467.2,442.7,6.0,N,2026-08-17 06:56:12.763605
2026-08-16,2026-06-01,2026-08-16,district,HAR. CHD & DELHI,DELHI,NEW DELHI,0.0,5.2,-100.0,NR,397.6,409.2,-3.0,N,2026-08-17 06:56:12.763605
2026-08-16,2026-06-01,2026-08-16,district,HAR. CHD & DELHI,DELHI,NORTH EAST DELHI,0.0,4.5,-100.0,NR,419.8,442.7,-5.0,N,2026-08-17 06:56:12.763605
2026-08-16,2026-06-01,2026-08-16,district,HAR. CHD & DELHI,DELHI,NORTH WEST DELHI,0.0,5.9,-100.0,NR,305.5,266.2,15.0,N,2026-08-17 06:56:12.763605
2026-08-16,2026-06-01,2026-08-16,district,HAR. CHD & DELHI,DELHI,SOUTH DELHI,0.0,4.5,-100.0,NR,447.8,442.7,1.0,N,2026-08-17 06:56:12.763605
2026-08-16,2026-06-01,2026-08-16,district,HAR. CHD & DELHI,DELHI,SOUTH EAST DELHI,0.0,4.5,-100.0,NR,503.0,442.7,14.0,N,2026-08-17 06:56:12.763605
2026-08-16,2026-06-01,2026-08-16,district,HAR. CHD & DELHI,DELHI,SOUTH WEST DELHI,0.0,5.4,-100.0,NR,336.8,360.2,-7.0,N,2026-08-17 06:56:12.763605
2026-08-16,2026-06-01,2026-08-16,district,HAR. CHD & DELHI,DELHI,WEST DELHI,0.0,5.0,-100.0,NR,471.5,395.7,19.0,N,2026-08-17 06:56:12.763605
2026-08-16,2026-06-01,2026-08-16,district,HAR. CHD & DELHI,HARYANA,AMBALA,15.0,8.5,76.0,LE,272.3,572.7,-52.0,D,2026-08-17 06:56:12.763605
2026-08-16,2026-06-01,2026-08-16,district,HAR. CHD & DELHI,HARYANA,BHIWANI,0.0,2.9,-100.0,NR,260.5,200.8,30.0,E,2026-08-17 06:56:12.763605
2026-08-16,2026-06-01,2026-08-16,district,HAR. CHD & DELHI,HARYANA,CHARKHI DADRI,2.3,4.4,-49.0,D,325.3,279.3,16.0,N,2026-08-17 06:56:12.763605
2026-08-16,2026-06-01,2026-08-16,district,HAR. CHD & DELHI,HARYANA,FARIDABAD,0.0,7.6,-100.0,NR,430.2,354.0,22.0,E,2026-08-17 06:56:12.763605
2026-08-16,2026-06-01,2026-08-16,district,HAR. CHD & DELHI,HARYANA,FATEHABAD,0.0,2.1,-100.0,NR,183.9,177.1,4.0,N,2026-08-17 06:56:12.763605
2026-08-16,2026-06-01,2026-08-16,district,HAR. CHD & DELHI,HARYANA,GURGAON,0.0,5.8,-100.0,NR,338.4,326.0,4.0,N,2026-08-17 06:56:12.763605
2026-08-16,2026-06-01,2026-08-16,district,HAR. CHD & DELHI,HARYANA,HISAR,0.0,3.3,-100.0,NR,194.0,206.0,-6.0,N,2026-08-17 06:56:12.763605
2026-08-16,2026-06-01,2026-08-16,district,HAR. CHD & DELHI,HARYANA,JHAJJAR,0.0,6.0,-100.0,NR,264.1,254.9,4.0,N,2026-08-17 06:56:12.763605
2026-08-16,2026-06-01,2026-08-16,district,HAR. CHD & DELHI,HARYANA,JIND,0.0,2.3,-100.0,NR,133.9,260.0,-48.0,D,2026-08-17 06:56:12.763605
2026-08-16,2026-06-01,2026-08-16,district,HAR. CHD & DELHI,HARYANA,KAITHAL,0.1,4.8,-98.0,LD,131.6,250.3,-47.0,D,2026-08-17 06:56:12.763605
2026-08-16,2026-06-01,2026-08-16,district,HAR. CHD & DELHI,HARYANA,KARNAL,0.6,5.9,-90.0,LD,229.8,342.2,-33.0,D,2026-08-17 06:56:12.763605
2026-08-16,2026-06-01,2026-08-16,district,HAR. CHD & DELHI,HARYANA,KURUKSHETRA,24.8,3.6,587.0,LE,310.9,274.1,13.0,N,2026-08-17 06:56:12.763605
2026-08-16,2026-06-01,2026-08-16,district,HAR. CHD & DELHI,HARYANA,MAHENDRAGARH,0.1,6.6,-99.0,LD,284.0,277.2,2.0,N,2026-08-17 06:56:12.763605
2026-08-16,2026-06-01,2026-08-16,district,HAR. CHD & DELHI,HARYANA,NUH,4.7,7.5,-37.0,D,328.1,309.7,6.0,N,2026-08-17 06:56:12.763605
2026-08-16,2026-06-01,2026-08-16,district,HAR. CHD & DELHI,HARYANA,PALWAL,0.0,6.8,-100.0,NR,330.6,262.7,26.0,E,2026-08-17 06:56:12.763605
2026-08-16,2026-06-01,2026-08-16,district,HAR. CHD & DELHI,HARYANA,PANCHKULA,0.7,12.5,-95.0,LD,236.0,592.7,-60.0,LD,2026-08-17 06:56:12.763605
2026-08-16,2026-06-01,2026-08-16,district,HAR. CHD & DELHI,HARYANA,PANIPAT,0.8,6.5,-87.0,LD,259.6,288.6,-10.0,N,2026-08-17 06:56:12.763605
2026-08-16,2026-06-01,2026-08-16,district,HAR. CHD & DELHI,HARYANA,REWARI,0.3,7.7,-97.0,LD,321.9,295.9,9.0,N,2026-08-17 06:56:12.763605
2026-08-16,2026-06-01,2026-08-16,district,HAR. CHD & DELHI,HARYANA,ROHTAK,0.4,7.1,-94.0,LD,203.7,317.4,-36.0,D,2026-08-17 06:56:12.763605
2026-08-16,2026-06-01,2026-08-16,district,HAR. CHD & DELHI,HARYANA,SIRSA,0.0,2.6,-100.0,NR,83.9,153.9,-46.0,D,2026-08-17 06:56:12.763605
2026-08-16,2026-06-01,2026-08-16,district,HAR. CHD & DELHI,HARYANA,SONEPAT,1.9,7.7,-75.0,LD,230.6,313.8,-27.0,D,2026-08-17 06:56:12.763605
2026-08-16,2026-06-01,2026-08-16,district,HAR. CHD & DELHI,HARYANA,YAMUNA NAGAR,5.0,12.8,-61.0,LD,547.4,612.3,-11.0,N,2026-08-17 06:56:12.763605
2026-08-16,2026-06-01,2026-08-16,district,HIMACHAL PRADESH,HIMACHAL PRADESH,BILASPUR,6.0,10.2,-42.0,D,527.2,567.6,-7.0,N,2026-08-17 06:56:12.763605
2026-08-16,2026-06-01,2026-08-16,district,HIMACHAL PRADESH,HIMACHAL PRADESH,CHAMBA,5.5,6.0,-9.0,N,588.9,618.2,-5.0,N,2026-08-17 06:56:12.763605
2026-08-16,2026-06-01,2026-08-16,district,HIMACHAL PRADESH,HIMACHAL PRADESH,HAMIRPUR,6.8,12.7,-47.0,D,368.5,683.8,-46.0,D,2026-08-17 06:56:12.763605
2026-08-16,2026-06-01,2026-08-16,district,HIMACHAL PRADESH,HIMACHAL PRADESH,KANGRA,40.4,16.9,139.0,LE,1011.7,1148.4,-12.0,N,2026-08-17 06:56:12.763605
2026-08-16,2026-06-01,2026-08-16,district,HIMACHAL PRADESH,HIMACHAL PRADESH,KINNAUR,0.8,4.3,-81.0,LD,194.3,151.6,28.0,E,2026-08-17 06:56:12.763605
2026-08-16,2026-06-01,2026-08-16,district,HIMACHAL PRADESH,HIMACHAL PRADESH,KULLU,2.3,6.6,-65.0,LD,434.4,384.6,13.0,N,2026-08-17 06:56:12.763605
2026-08-16,2026-06-01,2026-08-16,district,HIMACHAL PRADESH,HIMACHAL PRADESH,LAHAUL & SPITI,0.0,4.4,-100.0,NR,105.8,246.6,-57.0,D,2026-08-17 06:56:12.763605
2026-08-16,2026-06-01,2026-08-16,district,HIMACHAL PRADESH,HIMACHAL PRADESH,MANDI,11.5,13.7,-16.0,N,677.3,803.4,-16.0,N,2026-08-17 06:56:12.763605
2026-08-16,2026-06-01,2026-08-16,district,HIMACHAL PRADESH,HIMACHAL PRADESH,SHIMLA,0.7,8.3,-91.0,LD,589.5,440.9,34.0,E,2026-08-17 06:56:12.763605
2026-08-16,2026-06-01,2026-08-16,district,HIMACHAL PRADESH,HIMACHAL PRADESH,SIRMAUR,0.7,17.3,-96.0,LD,911.7,842.9,8.0,N,2026-08-17 06:56:12.763605
2026-08-16,2026-06-01,2026-08-16,district,HIMACHAL PRADESH,HIMACHAL PRADESH,SOLAN,0.0,11.4,-100.0,NR,624.9,619.4,1.0,N,2026-08-17 06:56:12.763605
2026-08-16,2026-06-01,2026-08-16,district,HIMACHAL PRADESH,HIMACHAL PRADESH,UNA,9.0,16.5,-45.0,D,525.1,662.7,-21.0,D,2026-08-17 06:56:12.763605
2026-08-16,2026-06-01,2026-08-16,district,J & K AND LADAKH,JAMMU & KASHMIR(UT),ANANTNAG,0.0,3.4,-100.0,NR,253.5,221.9,14.0,N,2026-08-17 06:56:12.763605
2026-08-16,2026-06-01,2026-08-16,district,J & K AND LADAKH,JAMMU & KASHMIR(UT),BADGAM,0.0,3.2,-100.0,NR,120.0,146.1,-18.0,N,2026-08-17 06:56:12.763605
2026-08-16,2026-06-01,2026-08-16,district,J & K AND LADAKH,JAMMU & KASHMIR(UT),BANDIPORA,0.0,0.3,-100.0,NR,169.7,155.3,9.0,N,2026-08-17 06:56:12.763605
2026-08-16,2026-06-01,2026-08-16,district,J & K AND LADAKH,JAMMU & KASHMIR(UT),BARAMULA,0.0,1.9,-100.0,NR,240.8,149.6,61.0,LE,2026-08-17 06:56:12.763605
2026-08-16,2026-06-01,2026-08-16,district,J & K AND LADAKH,JAMMU & KASHMIR(UT),DODA,0.0,5.1,-100.0,NR,319.4,297.0,8.0,N,2026-08-17 06:56:12.763605
2026-08-16,2026-06-01,2026-08-16,district,J & K AND LADAKH,JAMMU & KASHMIR(UT),GANDERBAL,0.3,5.5,-95.0,LD,283.2,180.3,57.0,E,2026-08-17 06:56:12.763605
2026-08-16,2026-06-01,2026-08-16,district,J & K AND LADAKH,JAMMU & KASHMIR(UT),JAMMU,2.8,10.6,-74.0,LD,591.3,668.6,-12.0,N,2026-08-17 06:56:12.763605
2026-08-16,2026-06-01,2026-08-16,district,J & K AND LADAKH,JAMMU & KASHMIR(UT),KATHUA,1.9,17.4,-89.0,LD,784.3,883.6,-11.0,N,2026-08-17 06:56:12.763605
2026-08-16,2026-06-01,2026-08-16,district,J & K AND LADAKH,JAMMU & KASHMIR(UT),KISTWAR,0.0,5.1,-100.0,NR,162.0,297.0,-45.0,D,2026-08-17 06:56:12.763605
2026-08-16,2026-06-01,2026-08-16,district,J & K AND LADAKH,JAMMU & KASHMIR(UT),KULGAM,0.0,4.1,-100.0,NR,230.4,223.1,3.0,N,2026-08-17 06:56:12.763605
2026-08-16,2026-06-01,2026-08-16,district,J & K AND LADAKH,JAMMU & KASHMIR(UT),KUPWARA,0.0,3.2,-100.0,NR,190.4,183.0,4.0,N,2026-08-17 06:56:12.763605
2026-08-16,2026-06-01,2026-08-16,district,J & K AND LADAKH,JAMMU & KASHMIR(UT),POONCH,0.0,1.9,-100.0,NR,653.5,468.9,39.0,E,2026-08-17 06:56:12.763605
2026-08-16,2026-06-01,2026-08-16,district,J & K AND LADAKH,JAMMU & KASHMIR(UT),PULWAMA,0.1,3.2,-96.0,LD,219.3,133.2,65.0,LE,2026-08-17 06:56:12.763605
2026-08-16,2026-06-01,2026-08-16,district,J & K AND LADAKH,JAMMU & KASHMIR(UT),RAJOURI,0.0,9.2,-100.0,NR,559.5,462.1,21.0,E,2026-08-17 06:56:12.763605
2026-08-16,2026-06-01,2026-08-16,district,J & K AND LADAKH,JAMMU & KASHMIR(UT),RAMBAN,0.0,3.6,-100.0,NR,395.4,275.3,44.0,E,2026-08-17 06:56:12.763605
2026-08-16,2026-06-01,2026-08-16,district,J & K AND LADAKH,JAMMU & KASHMIR(UT),REASI,0.7,17.8,-96.0,LD,904.5,1112.5,-19.0,N,2026-08-17 06:56:12.763605
2026-08-16,2026-06-01,2026-08-16,district,J & K AND LADAKH,JAMMU & KASHMIR(UT),SAMBA,4.0,21.1,-81.0,LD,759.0,581.0,31.0,E,2026-08-17 06:56:12.763605
2026-08-16,2026-06-01,2026-08-16,district,J & K AND LADAKH,JAMMU & KASHMIR(UT),SHOPIAN,0.0,1.7,-100.0,NR,104.5,204.7,-49.0,D,2026-08-17 06:56:12.763605
2026-08-16,2026-06-01,2026-08-16,district,J & K AND LADAKH,JAMMU & KASHMIR(UT),SRINAGAR,0.0,2.4,-100.0,NR,213.4,166.2,28.0,E,2026-08-17 06:56:12.763605
2026-08-16,2026-06-01,2026-08-16,district,J & K AND LADAKH,JAMMU & KASHMIR(UT),UDHAMPUR,0.0,10.4,-100.0,NR,1148.7,694.1,65.0,LE,2026-08-17 06:56:12.763605
2026-08-16,2026-06-01,2026-08-16,district,J & K AND LADAKH,LADAKH (UT),KARGIL,0.0,0.0,-100.0,NR,18.8,6.3,171.0,LE,2026-08-17 06:56:12.763605
2026-08-16,2026-06-01,2026-08-16,district,J & K AND LADAKH,LADAKH (UT),LADAKH (LEH),0.0,0.3,-100.0,NR,53.1,18.5,184.0,LE,2026-08-17 06:56:12.763605
2026-08-16,2026-06-01,2026-08-16,district,JHARKHAND,JHARKHAND,BOKARO,3.6,11.2,-68.0,LD,415.4,597.4,-30.0,D,2026-08-17 06:56:12.763605
2026-08-16,2026-06-01,2026-08-16,district,JHARKHAND,JHARKHAND,CHATRA,0.0,9.2,-100.0,NR,360.8,613.6,-41.0,D,2026-08-17 06:56:12.763605
2026-08-16,2026-06-01,2026-08-16,district,JHARKHAND,JHARKHAND,DEOGHAR,0.0,7.7,-100.0,NR,297.4,634.2,-53.0,D,2026-08-17 06:56:12.763605
2026-08-16,2026-06-01,2026-08-16,district,JHARKHAND,JHARKHAND,DHANBAD,3.3,9.0,-63.0,LD,531.7,687.9,-23.0,D,2026-08-17 06:56:12.763605
2026-08-16,2026-06-01,2026-08-16,district,JHARKHAND,JHARKHAND,DUMKA,0.0,10.0,-100.0,NR,574.6,676.1,-15.0,N,2026-08-17 06:56:12.763605
2026-08-16,2026-06-01,2026-08-16,district,JHARKHAND,JHARKHAND,EAST SINGHBHUM,5.7,10.3,-45.0,D,618.8,715.5,-14.0,N,2026-08-17 06:56:12.763605
2026-08-16,2026-06-01,2026-08-16,district,JHARKHAND,JHARKHAND,GARHWA,2.5,8.5,-71.0,LD,294.8,598.6,-51.0,D,2026-08-17 06:56:12.763605
2026-08-16,2026-06-01,2026-08-16,district,JHARKHAND,JHARKHAND,GIRIDIH,4.8,7.5,-37.0,D,337.6,635.1,-47.0,D,2026-08-17 06:56:12.763605
2026-08-16,2026-06-01,2026-08-16,district,JHARKHAND,JHARKHAND,GODDA,0.0,8.4,-100.0,NR,407.6,582.9,-30.0,D,2026-08-17 06:56:12.763605
2026-08-16,2026-06-01,2026-08-16,district,JHARKHAND,JHARKHAND,GUMLA,18.4,10.3,78.0,LE,491.4,704.9,-30.0,D,2026-08-17 06:56:12.763605
2026-08-16,2026-06-01,2026-08-16,district,JHARKHAND,JHARKHAND,HAZARIBAG,0.9,7.9,-89.0,LD,468.1,688.6,-32.0,D,2026-08-17 06:56:12.763605
2026-08-16,2026-06-01,2026-08-16,district,JHARKHAND,JHARKHAND,JAMTARA,3.0,10.1,-70.0,LD,497.6,703.3,-29.0,D,2026-08-17 06:56:12.763605
2026-08-16,2026-06-01,2026-08-16,district,JHARKHAND,JHARKHAND,KHUNTI,0.0,11.6,-100.0,NR,708.4,720.8,-2.0,N,2026-08-17 06:56:12.763605
2026-08-16,2026-06-01,2026-08-16,district,JHARKHAND,JHARKHAND,KODERMA,0.4,7.3,-95.0,LD,288.9,563.5,-49.0,D,2026-08-17 06:56:12.763605
2026-08-16,2026-06-01,2026-08-16,district,JHARKHAND,JHARKHAND,LATEHAR,0.0,9.7,-100.0,NR,594.4,679.9,-13.0,N,2026-08-17 06:56:12.763605
2026-08-16,2026-06-01,2026-08-16,district,JHARKHAND,JHARKHAND,LOHARDAGA,0.0,8.0,-100.0,NR,569.7,664.5,-14.0,N,2026-08-17 06:56:12.763605
2026-08-16,2026-06-01,2026-08-16,district,JHARKHAND,JHARKHAND,PAKUR,0.0,12.8,-100.0,NR,295.9,754.8,-61.0,LD,2026-08-17 06:56:12.763605
2026-08-16,2026-06-01,2026-08-16,district,JHARKHAND,JHARKHAND,PALAMU,0.0,8.2,-100.0,NR,347.3,540.4,-36.0,D,2026-08-17 06:56:12.763605
2026-08-16,2026-06-01,2026-08-16,district,JHARKHAND,JHARKHAND,RAMGARH,2.8,9.3,-70.0,LD,509.4,675.4,-25.0,D,2026-08-17 06:56:12.763605
2026-08-16,2026-06-01,2026-08-16,district,JHARKHAND,JHARKHAND,RANCHI,0.0,8.2,-100.0,NR,602.8,686.9,-12.0,N,2026-08-17 06:56:12.763605
2026-08-16,2026-06-01,2026-08-16,district,JHARKHAND,JHARKHAND,SERAIKELA-KHARSAWAN,9.6,11.3,-15.0,N,703.2,665.6,6.0,N,2026-08-17 06:56:12.763605
2026-08-16,2026-06-01,2026-08-16,district,JHARKHAND,JHARKHAND,SIMDEGA,3.2,14.1,-77.0,LD,854.4,864.2,-1.0,N,2026-08-17 06:56:12.763605
2026-08-16,2026-06-01,2026-08-16,district,JHARKHAND,JHARKHAND,WEST SINGHBHUM,9.1,11.6,-22.0,D,791.9,663.0,19.0,N,2026-08-17 06:56:12.763605
2026-08-16,2026-06-01,2026-08-16,district,KERALA & MAHE,KERALA,ALAPUZHA,0.3,14.2,-98.0,LD,920.4,1219.0,-24.0,D,2026-08-17 06:56:12.763605
2026-08-16,2026-06-01,2026-08-16,district,KERALA & MAHE,KERALA,ERNAKULAM,8.4,15.6,-46.0,D,1261.6,1619.9,-22.0,D,2026-08-17 06:56:12.763605
2026-08-16,2026-06-01,2026-08-16,district,KERALA & MAHE,KERALA,IDUKKI,2.3,27.1,-92.0,LD,1082.2,1956.5,-45.0,D,2026-08-17 06:56:12.763605
2026-08-16,2026-06-01,2026-08-16,district,KERALA & MAHE,KERALA,KANNUR,7.7,15.3,-50.0,D,1965.9,2143.5,-8.0,N,2026-08-17 06:56:12.763605
2026-08-16,2026-06-01,2026-08-16,district,KERALA & MAHE,KERALA,KASARGOD,4.3,15.1,-72.0,LD,1961.9,2325.9,-16.0,N,2026-08-17 06:56:12.763605
2026-08-16,2026-06-01,2026-08-16,district,KERALA & MAHE,KERALA,KOLLAM,0.1,10.6,-99.0,LD,660.5,905.3,-27.0,D,2026-08-17 06:56:12.763605
2026-08-16,2026-06-01,2026-08-16,district,KERALA & MAHE,KERALA,KOTTAYAM,9.2,14.4,-36.0,D,1384.5,1440.8,-4.0,N,2026-08-17 06:56:12.763605
2026-08-16,2026-06-01,2026-08-16,district,KERALA & MAHE,KERALA,KOZHIKODE,10.5,16.4,-36.0,D,1834.2,2072.3,-11.0,N,2026-08-17 06:56:12.763605
2026-08-16,2026-06-01,2026-08-16,district,KERALA & MAHE,KERALA,MALAPPURAM,7.9,17.1,-54.0,D,1256.8,1550.7,-19.0,N,2026-08-17 06:56:12.763605
2026-08-16,2026-06-01,2026-08-16,district,KERALA & MAHE,KERALA,PALAKKAD,5.2,14.1,-63.0,LD,928.4,1217.0,-24.0,D,2026-08-17 06:56:12.763605
2026-08-16,2026-06-01,2026-08-16,district,KERALA & MAHE,KERALA,PATHANAMTHITTA,3.6,14.2,-75.0,LD,1191.2,1160.9,3.0,N,2026-08-17 06:56:12.763605
2026-08-16,2026-06-01,2026-08-16,district,KERALA & MAHE,KERALA,THIRUVANANTHAPURAM,0.0,5.2,-100.0,NR,600.0,591.9,1.0,N,2026-08-17 06:56:12.763605
2026-08-16,2026-06-01,2026-08-16,district,KERALA & MAHE,KERALA,THRISSUR,13.7,17.2,-21.0,D,1252.4,1661.5,-25.0,D,2026-08-17 06:56:12.763605
2026-08-16,2026-06-01,2026-08-16,district,KERALA & MAHE,KERALA,WYNAD,3.4,14.4,-77.0,LD,987.5,1996.8,-51.0,D,2026-08-17 06:56:12.763605
2026-08-16,2026-06-01,2026-08-16,district,KERALA & MAHE,PUDUCHERRY (UT),MAHE,12.4,12.0,3.0,N,1559.8,1954.2,-20.0,D,2026-08-17 06:56:12.763605
2026-08-16,2026-06-01,2026-08-16,district,KONKAN & GOA,GOA,NORTH GOA,23.6,21.1,12.0,N,1491.1,2482.1,-40.0,D,2026-08-17 06:56:12.763605
2026-08-16,2026-06-01,2026-08-16,district,KONKAN & GOA,GOA,SOUTH GOA,24.6,20.7,19.0,N,1699.3,2380.0,-29.0,D,2026-08-17 06:56:12.763605
2026-08-16,2026-06-01,2026-08-16,district,KONKAN & GOA,MAHARASHTRA,MUMBAI CITY,4.6,7.9,-42.0,D,1744.6,1557.1,12.0,N,2026-08-17 06:56:12.763605
2026-08-16,2026-06-01,2026-08-16,district,KONKAN & GOA,MAHARASHTRA,MUMBAI SUBURBAN,7.9,9.2,-14.0,N,2155.9,1722.3,25.0,E,2026-08-17 06:56:12.763605
2026-08-16,2026-06-01,2026-08-16,district,KONKAN & GOA,MAHARASHTRA,PALGHAR,16.9,15.0,12.0,N,2382.9,1711.3,39.0,E,2026-08-17 06:56:12.763605
2026-08-16,2026-06-01,2026-08-16,district,KONKAN & GOA,MAHARASHTRA,RAIGAD,30.1,25.1,20.0,E,2611.1,2358.9,11.0,N,2026-08-17 06:56:12.763605
2026-08-16,2026-06-01,2026-08-16,district,KONKAN & GOA,MAHARASHTRA,RATNAGIRI,21.5,23.2,-7.0,N,2230.5,2471.2,-10.0,N,2026-08-17 06:56:12.763605
2026-08-16,2026-06-01,2026-08-16,district,KONKAN & GOA,MAHARASHTRA,SINDHUDURG,31.2,21.6,44.0,E,1536.7,2340.5,-34.0,D,2026-08-17 06:56:12.763605
2026-08-16,2026-06-01,2026-08-16,district,KONKAN & GOA,MAHARASHTRA,THANE,18.2,20.4,-11.0,N,1909.8,1828.1,4.0,N,2026-08-17 06:56:12.763605
2026-08-16,2026-06-01,2026-08-16,district,LAKSHADWEEP,LAKSHADWEEP,LAKSHADWEEP,4.8,5.8,-17.0,N,552.1,734.5,-25.0,D,2026-08-17 06:56:12.763605
2026-08-16,2026-06-01,2026-08-16,district,MADHYA MAHARASHTRA,MAHARASHTRA,AHMEDNAGAR,0.3,2.3,-88.0,LD,207.7,251.4,-17.0,N,2026-08-17 06:56:12.763605
2026-08-16,2026-06-01,2026-08-16,district,MADHYA MAHARASHTRA,MAHARASHTRA,DHULE,0.0,3.6,-100.0,NR,375.9,363.9,3.0,N,2026-08-17 06:56:12.763605
2026-08-16,2026-06-01,2026-08-16,district,MADHYA MAHARASHTRA,MAHARASHTRA,JALGAON,0.1,5.7,-98.0,LD,464.7,408.7,14.0,N,2026-08-17 06:56:12.763605
2026-08-16,2026-06-01,2026-08-16,district,MADHYA MAHARASHTRA,MAHARASHTRA,KOLHAPUR,15.7,14.8,6.0,N,1279.7,1343.3,-5.0,N,2026-08-17 06:56:12.763605
2026-08-16,2026-06-01,2026-08-16,district,MADHYA MAHARASHTRA,MAHARASHTRA,NANDURBAR,1.3,6.0,-78.0,LD,385.1,588.3,-35.0,D,2026-08-17 06:56:12.763605
2026-08-16,2026-06-01,2026-08-16,district,MADHYA MAHARASHTRA,MAHARASHTRA,NASHIK,5.2,7.7,-32.0,D,1045.2,614.6,70.0,LE,2026-08-17 06:56:12.763605
2026-08-16,2026-06-01,2026-08-16,district,MADHYA MAHARASHTRA,MAHARASHTRA,PUNE,3.6,9.6,-62.0,LD,956.1,667.1,43.0,E,2026-08-17 06:56:12.763605
2026-08-16,2026-06-01,2026-08-16,district,MADHYA MAHARASHTRA,MAHARASHTRA,SANGLI,1.6,2.9,-44.0,D,284.0,309.0,-8.0,N,2026-08-17 06:56:12.763605
2026-08-16,2026-06-01,2026-08-16,district,MADHYA MAHARASHTRA,MAHARASHTRA,SATARA,6.6,6.3,5.0,N,846.9,614.5,38.0,E,2026-08-17 06:56:12.763605
2026-08-16,2026-06-01,2026-08-16,district,MADHYA MAHARASHTRA,MAHARASHTRA,SHOLAPUR,0.0,3.1,-100.0,NR,150.0,235.3,-36.0,D,2026-08-17 06:56:12.763605
2026-08-16,2026-06-01,2026-08-16,district,MARATHWADA,MAHARASHTRA,BEED,1.2,3.4,-65.0,LD,203.3,314.2,-35.0,D,2026-08-17 06:56:12.763605
2026-08-16,2026-06-01,2026-08-16,district,MARATHWADA,MAHARASHTRA,CHHATRAPATI SAMBHAJINAGAR,0.4,3.9,-89.0,LD,403.7,338.6,19.0,N,2026-08-17 06:56:12.763605
2026-08-16,2026-06-01,2026-08-16,district,MARATHWADA,MAHARASHTRA,DHARASHIV,0.0,5.0,-100.0,NR,262.8,319.9,-18.0,N,2026-08-17 06:56:12.763605
2026-08-16,2026-06-01,2026-08-16,district,MARATHWADA,MAHARASHTRA,HINGOLI,3.6,7.4,-52.0,D,314.1,514.3,-39.0,D,2026-08-17 06:56:12.763605
2026-08-16,2026-06-01,2026-08-16,district,MARATHWADA,MAHARASHTRA,JALNA,1.5,4.8,-69.0,LD,272.3,367.7,-26.0,D,2026-08-17 06:56:12.763605
2026-08-16,2026-06-01,2026-08-16,district,MARATHWADA,MAHARASHTRA,LATUR,0.0,6.3,-100.0,NR,310.3,395.3,-22.0,D,2026-08-17 06:56:12.763605
2026-08-16,2026-06-01,2026-08-16,district,MARATHWADA,MAHARASHTRA,NANDED,2.9,7.2,-60.0,LD,413.0,510.4,-19.0,N,2026-08-17 06:56:12.763605
2026-08-16,2026-06-01,2026-08-16,district,MARATHWADA,MAHARASHTRA,PARBHANI,0.6,6.5,-91.0,LD,341.6,429.1,-20.0,D,2026-08-17 06:56:12.763605
2026-08-16,2026-06-01,2026-08-16,district,N. I. KARNATAKA,KARNATAKA,BAGALKOTE,1.1,2.2,-51.0,D,186.7,182.3,2.0,N,2026-08-17 06:56:12.763605
2026-08-16,2026-06-01,2026-08-16,district,N. I. KARNATAKA,KARNATAKA,BELAGAVI,6.5,4.8,34.0,E,505.0,409.2,23.0,E,2026-08-17 06:56:12.763605
2026-08-16,2026-06-01,2026-08-16,district,N. I. KARNATAKA,KARNATAKA,BIDAR,0.0,6.8,-100.0,NR,350.1,381.8,-8.0,N,2026-08-17 06:56:12.763605
2026-08-16,2026-06-01,2026-08-16,district,N. I. KARNATAKA,KARNATAKA,DHARWAD,2.0,3.6,-46.0,D,213.3,357.5,-40.0,D,2026-08-17 06:56:12.763605
2026-08-16,2026-06-01,2026-08-16,district,N. I. KARNATAKA,KARNATAKA,GADAG,0.8,2.7,-69.0,LD,172.3,192.1,-10.0,N,2026-08-17 06:56:12.763605
2026-08-16,2026-06-01,2026-08-16,district,N. I. KARNATAKA,KARNATAKA,HAVERI,3.0,3.5,-14.0,N,239.3,348.1,-31.0,D,2026-08-17 06:56:12.763605
2026-08-16,2026-06-01,2026-08-16,district,N. I. KARNATAKA,KARNATAKA,KALABURAGI,0.9,5.2,-82.0,LD,185.3,328.5,-44.0,D,2026-08-17 06:56:12.763605
2026-08-16,2026-06-01,2026-08-16,district,N. I. KARNATAKA,KARNATAKA,KOPPAL,0.7,2.3,-68.0,LD,134.4,185.9,-28.0,D,2026-08-17 06:56:12.763605
2026-08-16,2026-06-01,2026-08-16,district,N. I. KARNATAKA,KARNATAKA,RAICHUR,0.2,3.5,-93.0,LD,183.0,222.3,-18.0,N,2026-08-17 06:56:12.763605
2026-08-16,2026-06-01,2026-08-16,district,N. I. KARNATAKA,KARNATAKA,VIJAYAPURA,0.2,1.6,-87.0,LD,156.0,195.4,-20.0,D,2026-08-17 06:56:12.763605
2026-08-16,2026-06-01,2026-08-16,district,N. I. KARNATAKA,KARNATAKA,YADGIR,0.6,3.7,-84.0,LD,257.3,288.8,-11.0,N,2026-08-17 06:56:12.763605
2026-08-16,2026-06-01,2026-08-16,district,NMMT,MANIPUR,BISHNUPUR,0.0,12.1,-100.0,NR,315.9,791.3,-60.0,LD,2026-08-17 06:56:12.763605
2026-08-16,2026-06-01,2026-08-16,district,NMMT,MANIPUR,CHANDEL,0.2,12.1,-99.0,LD,398.4,791.3,-50.0,D,2026-08-17 06:56:12.763605
2026-08-16,2026-06-01,2026-08-16,district,NMMT,MANIPUR,CHURACHANDPUR,0.0,12.1,-100.0,NR,183.5,791.3,-77.0,LD,2026-08-17 06:56:12.763605
2026-08-16,2026-06-01,2026-08-16,district,NMMT,MANIPUR,IMPHAL EAST,0.0,5.6,-100.0,NR,390.0,522.1,-25.0,D,2026-08-17 06:56:12.763605
2026-08-16,2026-06-01,2026-08-16,district,NMMT,MANIPUR,IMPHAL WEST,4.0,15.9,-75.0,LD,542.6,1188.9,-54.0,D,2026-08-17 06:56:12.763605
2026-08-16,2026-06-01,2026-08-16,district,NMMT,MANIPUR,SENAPATI,0.0,6.1,-100.0,NR,477.2,540.8,-12.0,N,2026-08-17 06:56:12.763605
2026-08-16,2026-06-01,2026-08-16,district,NMMT,MANIPUR,TAMENGLONG,2.0,34.0,-94.0,LD,1359.9,2926.4,-54.0,D,2026-08-17 06:56:12.763605
2026-08-16,2026-06-01,2026-08-16,district,NMMT,MANIPUR,THOUBAL,0.0,5.6,-100.0,NR,255.9,522.1,-51.0,D,2026-08-17 06:56:12.763605
2026-08-16,2026-06-01,2026-08-16,district,NMMT,MANIPUR,UKHRUL,0.0,5.9,-100.0,NR,716.0,754.6,-5.0,N,2026-08-17 06:56:12.763605
2026-08-16,2026-06-01,2026-08-16,district,NMMT,MIZORAM,AIZAWL,9.1,12.8,-29.0,D,846.3,1031.1,-18.0,N,2026-08-17 06:56:12.763605
2026-08-16,2026-06-01,2026-08-16,district,NMMT,MIZORAM,CHAMPHAI,3.2,14.6,-78.0,LD,744.1,867.4,-14.0,N,2026-08-17 06:56:12.763605
2026-08-16,2026-06-01,2026-08-16,district,NMMT,MIZORAM,KOLASIB,4.3,13.8,-69.0,LD,921.1,1126.5,-18.0,N,2026-08-17 06:56:12.763605
2026-08-16,2026-06-01,2026-08-16,district,NMMT,MIZORAM,LAWNGTLAI,3.0,12.3,-76.0,LD,929.9,1154.1,-19.0,N,2026-08-17 06:56:12.763605
2026-08-16,2026-06-01,2026-08-16,district,NMMT,MIZORAM,LUNGLEI,11.4,13.7,-17.0,N,914.4,1159.3,-21.0,D,2026-08-17 06:56:12.763605
2026-08-16,2026-06-01,2026-08-16,district,NMMT,MIZORAM,MAMIT,11.8,12.0,-1.0,N,590.6,1011.6,-42.0,D,2026-08-17 06:56:12.763605
2026-08-16,2026-06-01,2026-08-16,district,NMMT,MIZORAM,SAIHA,10.3,12.1,-15.0,N,847.2,1171.1,-28.0,D,2026-08-17 06:56:12.763605
2026-08-16,2026-06-01,2026-08-16,district,NMMT,MIZORAM,SERCHHIP,8.8,11.1,-20.0,D,960.3,1019.2,-6.0,N,2026-08-17 06:56:12.763605
2026-08-16,2026-06-01,2026-08-16,district,NMMT,NAGALAND,DIMAPUR,15.5,7.9,96.0,LE,502.0,560.9,-10.0,N,2026-08-17 06:56:12.763605
2026-08-16,2026-06-01,2026-08-16,district,NMMT,NAGALAND,KIPHIRE,0.0,9.0,-100.0,NR,537.2,412.2,30.0,E,2026-08-17 06:56:12.763605
2026-08-16,2026-06-01,2026-08-16,district,NMMT,NAGALAND,KOHIMA,0.7,10.7,-94.0,LD,748.4,797.9,-6.0,N,2026-08-17 06:56:12.763605
2026-08-16,2026-06-01,2026-08-16,district,NMMT,NAGALAND,MOKOKCHUNG,10.6,11.5,-8.0,N,1100.4,957.3,15.0,N,2026-08-17 06:56:12.763605
2026-08-16,2026-06-01,2026-08-16,district,NMMT,NAGALAND,MON,19.7,11.9,66.0,LE,502.0,766.8,-35.0,D,2026-08-17 06:56:12.763605
2026-08-16,2026-06-01,2026-08-16,district,NMMT,NAGALAND,PEREN,10.3,6.9,50.0,E,573.4,592.9,-3.0,N,2026-08-17 06:56:12.763605
2026-08-16,2026-06-01,2026-08-16,district,NMMT,NAGALAND,PHEK,4.7,9.2,-49.0,D,496.8,574.1,-13.0,N,2026-08-17 06:56:12.763605
2026-08-16,2026-06-01,2026-08-16,district,NMMT,NAGALAND,WOKHA,9.3,9.5,-2.0,N,830.8,831.1,0.0,N,2026-08-17 06:56:12.763605
2026-08-16,2026-06-01,2026-08-16,district,NMMT,NAGALAND,ZUNHEBOTO,3.4,8.3,-59.0,D,1156.5,737.1,57.0,E,2026-08-17 06:56:12.763605
2026-08-16,2026-06-01,2026-08-16,district,NMMT,TRIPURA,DHALAI,0.1,9.2,-99.0,LD,846.9,927.7,-9.0,N,2026-08-17 06:56:12.763605
2026-08-16,2026-06-01,2026-08-16,district,NMMT,TRIPURA,GOMATI,1.2,13.7,-91.0,LD,756.6,1000.5,-24.0,D,2026-08-17 06:56:12.763605
2026-08-16,2026-06-01,2026-08-16,district,NMMT,TRIPURA,KHOWAI,0.1,8.7,-99.0,LD,866.8,920.5,-6.0,N,2026-08-17 06:56:12.763605
2026-08-16,2026-06-01,2026-08-16,district,NMMT,TRIPURA,NORTH TRIPURA,0.9,7.2,-87.0,LD,759.3,938.5,-19.0,N,2026-08-17 06:56:12.763605
2026-08-16,2026-06-01,2026-08-16,district,NMMT,TRIPURA,SIPAHIJALA,0.6,12.8,-95.0,LD,842.0,942.1,-11.0,N,2026-08-17 06:56:12.763605
2026-08-16,2026-06-01,2026-08-16,district,NMMT,TRIPURA,SOUTH TRIPURA,1.3,12.1,-89.0,LD,828.7,1229.0,-33.0,D,2026-08-17 06:56:12.763605
2026-08-16,2026-06-01,2026-08-16,district,NMMT,TRIPURA,UNAKOTI,0.0,10.3,-99.0,LD,931.0,982.6,-5.0,N,2026-08-17 06:56:12.763605
2026-08-16,2026-06-01,2026-08-16,district,NMMT,TRIPURA,WEST TRIPURA,0.0,7.0,-100.0,NR,907.5,850.7,7.0,N,2026-08-17 06:56:12.763605
2026-08-16,2026-06-01,2026-08-16,district,ODISHA,ODISHA,ANGUL,23.2,13.1,77.0,LE,1061.8,739.0,44.0,E,2026-08-17 06:56:12.763605
2026-08-16,2026-06-01,2026-08-16,district,ODISHA,ODISHA,BALANGIR,0.9,10.8,-92.0,LD,1053.6,720.1,46.0,E,2026-08-17 06:56:12.763605
2026-08-16,2026-06-01,2026-08-16,district,ODISHA,ODISHA,BALASORE,15.3,12.9,19.0,N,1194.8,752.0,59.0,E,2026-08-17 06:56:12.763605
2026-08-16,2026-06-01,2026-08-16,district,ODISHA,ODISHA,BARGARH,7.3,14.2,-49.0,D,1360.3,798.2,70.0,LE,2026-08-17 06:56:12.763605
2026-08-16,2026-06-01,2026-08-16,district,ODISHA,ODISHA,BHADRAK,21.2,12.6,68.0,LE,979.2,686.3,43.0,E,2026-08-17 06:56:12.763605
2026-08-16,2026-06-01,2026-08-16,district,ODISHA,ODISHA,BOUDH,13.1,12.3,6.0,N,1432.0,675.9,112.0,LE,2026-08-17 06:56:12.763605
2026-08-16,2026-06-01,2026-08-16,district,ODISHA,ODISHA,CUTTACK,33.7,13.9,142.0,LE,1122.5,722.7,55.0,E,2026-08-17 06:56:12.763605
2026-08-16,2026-06-01,2026-08-16,district,ODISHA,ODISHA,DEOGARH,79.3,10.7,641.0,LE,1129.4,761.5,48.0,E,2026-08-17 06:56:12.763605
2026-08-16,2026-06-01,2026-08-16,district,ODISHA,ODISHA,DHENKANAL,41.7,10.2,309.0,LE,1233.0,716.6,72.0,LE,2026-08-17 06:56:12.763605
2026-08-16,2026-06-01,2026-08-16,district,ODISHA,ODISHA,GAJAPATI,1.6,6.7,-77.0,LD,409.2,563.3,-27.0,D,2026-08-17 06:56:12.763605
2026-08-16,2026-06-01,2026-08-16,district,ODISHA,ODISHA,GANJAM,1.1,7.9,-86.0,LD,500.6,541.3,-8.0,N,2026-08-17 06:56:12.763605
2026-08-16,2026-06-01,2026-08-16,district,ODISHA,ODISHA,JAGATSINGHPUR,38.9,13.6,186.0,LE,958.1,650.8,47.0,E,2026-08-17 06:56:12.763605
2026-08-16,2026-06-01,2026-08-16,district,ODISHA,ODISHA,JAJPUR,7.6,12.1,-37.0,D,1009.2,791.3,28.0,E,2026-08-17 06:56:12.763605
2026-08-16,2026-06-01,2026-08-16,district,ODISHA,ODISHA,JHARSUGUDA,11.7,19.3,-39.0,D,889.9,801.7,11.0,N,2026-08-17 06:56:12.763605
2026-08-16,2026-06-01,2026-08-16,district,ODISHA,ODISHA,KALAHANDI,2.1,10.6,-80.0,LD,728.3,932.4,-22.0,D,2026-08-17 06:56:12.763605
2026-08-16,2026-06-01,2026-08-16,district,ODISHA,ODISHA,KANDHAMAL,4.9,10.1,-51.0,D,979.2,720.3,36.0,E,2026-08-17 06:56:12.763605
2026-08-16,2026-06-01,2026-08-16,district,ODISHA,ODISHA,KENDRAPARA,51.3,11.7,338.0,LE,1160.5,692.5,68.0,LE,2026-08-17 06:56:12.763605
2026-08-16,2026-06-01,2026-08-16,district,ODISHA,ODISHA,KEONJHARGARH,37.7,10.6,255.0,LE,1169.4,741.8,58.0,E,2026-08-17 06:56:12.763605
2026-08-16,2026-06-01,2026-08-16,district,ODISHA,ODISHA,KHURDA,17.3,12.2,42.0,E,899.1,680.1,32.0,E,2026-08-17 06:56:12.763605
2026-08-16,2026-06-01,2026-08-16,district,ODISHA,ODISHA,KORAPUT,4.9,12.8,-61.0,LD,728.7,816.2,-11.0,N,2026-08-17 06:56:12.763605
2026-08-16,2026-06-01,2026-08-16,district,ODISHA,ODISHA,MALKANGIRI,11.8,15.5,-24.0,D,683.4,846.1,-19.0,N,2026-08-17 06:56:12.763605
2026-08-16,2026-06-01,2026-08-16,district,ODISHA,ODISHA,MAYURBHANJ,16.5,11.5,43.0,E,1020.0,783.0,30.0,E,2026-08-17 06:56:12.763605
2026-08-16,2026-06-01,2026-08-16,district,ODISHA,ODISHA,NAWAPARA,0.0,6.9,-100.0,NR,854.9,661.0,29.0,E,2026-08-17 06:56:12.763605
2026-08-16,2026-06-01,2026-08-16,district,ODISHA,ODISHA,NAWARANGPUR,2.3,14.7,-85.0,LD,618.5,900.9,-31.0,D,2026-08-17 06:56:12.763605
2026-08-16,2026-06-01,2026-08-16,district,ODISHA,ODISHA,NAYAGARH,16.8,10.3,64.0,LE,913.0,688.8,33.0,E,2026-08-17 06:56:12.763605
2026-08-16,2026-06-01,2026-08-16,district,ODISHA,ODISHA,PURI,12.6,11.0,15.0,N,936.1,626.2,49.0,E,2026-08-17 06:56:12.763605
2026-08-16,2026-06-01,2026-08-16,district,ODISHA,ODISHA,RAYAGADA,1.2,9.7,-87.0,LD,547.3,640.4,-15.0,N,2026-08-17 06:56:12.763605
2026-08-16,2026-06-01,2026-08-16,district,ODISHA,ODISHA,SAMBALPUR,35.5,16.1,121.0,LE,1233.2,852.8,45.0,E,2026-08-17 06:56:12.763605
2026-08-16,2026-06-01,2026-08-16,district,ODISHA,ODISHA,SONEPUR,8.1,16.8,-52.0,D,1455.6,790.3,84.0,LE,2026-08-17 06:56:12.763605
2026-08-16,2026-06-01,2026-08-16,district,ODISHA,ODISHA,SUNDARGARH,41.2,12.4,232.0,LE,1002.6,804.0,25.0,E,2026-08-17 06:56:12.763605
2026-08-16,2026-06-01,2026-08-16,district,PUNJAB,PUNJAB,AMRITSAR,15.9,5.8,174.0,LE,316.8,325.6,-3.0,N,2026-08-17 06:56:12.763605
2026-08-16,2026-06-01,2026-08-16,district,PUNJAB,PUNJAB,BARNALA,0.0,1.5,-100.0,NR,112.5,253.4,-56.0,D,2026-08-17 06:56:12.763605
2026-08-16,2026-06-01,2026-08-16,district,PUNJAB,PUNJAB,BHATINDA,0.0,1.8,-100.0,NR,120.7,207.8,-42.0,D,2026-08-17 06:56:12.763605
2026-08-16,2026-06-01,2026-08-16,district,PUNJAB,PUNJAB,FARIDKOT,0.0,3.4,-100.0,NR,223.8,207.5,8.0,N,2026-08-17 06:56:12.763605
2026-08-16,2026-06-01,2026-08-16,district,PUNJAB,PUNJAB,FATEHGARH SAHIB,0.1,7.0,-99.0,LD,102.0,337.2,-70.0,LD,2026-08-17 06:56:12.763605
2026-08-16,2026-06-01,2026-08-16,district,PUNJAB,PUNJAB,FAZILKA,0.0,1.0,-100.0,NR,106.6,181.0,-41.0,D,2026-08-17 06:56:12.763605
2026-08-16,2026-06-01,2026-08-16,district,PUNJAB,PUNJAB,FEROZEPUR,0.0,2.1,-100.0,NR,120.9,172.0,-30.0,D,2026-08-17 06:56:12.763605
2026-08-16,2026-06-01,2026-08-16,district,PUNJAB,PUNJAB,GURDASPUR,7.7,4.4,76.0,LE,512.2,435.6,18.0,N,2026-08-17 06:56:12.763605
2026-08-16,2026-06-01,2026-08-16,district,PUNJAB,PUNJAB,HOSHIARPUR,4.3,7.4,-43.0,D,138.5,434.1,-68.0,LD,2026-08-17 06:56:12.763605
2026-08-16,2026-06-01,2026-08-16,district,PUNJAB,PUNJAB,JALANDHAR,3.9,6.3,-38.0,D,221.7,364.4,-39.0,D,2026-08-17 06:56:12.763605
2026-08-16,2026-06-01,2026-08-16,district,PUNJAB,PUNJAB,KAPURTHALA,3.0,4.9,-39.0,D,130.1,315.7,-59.0,D,2026-08-17 06:56:12.763605
2026-08-16,2026-06-01,2026-08-16,district,PUNJAB,PUNJAB,LUDHIANA,3.7,4.6,-20.0,D,198.6,318.7,-38.0,D,2026-08-17 06:56:12.763605
2026-08-16,2026-06-01,2026-08-16,district,PUNJAB,PUNJAB,MANSA,0.0,2.2,-100.0,NR,58.0,190.5,-70.0,LD,2026-08-17 06:56:12.763605
2026-08-16,2026-06-01,2026-08-16,district,PUNJAB,PUNJAB,MOGA,0.0,1.6,-100.0,NR,139.9,197.0,-29.0,D,2026-08-17 06:56:12.763605
2026-08-16,2026-06-01,2026-08-16,district,PUNJAB,PUNJAB,MUKTSAR,0.0,0.9,-100.0,NR,94.2,219.4,-57.0,D,2026-08-17 06:56:12.763605
2026-08-16,2026-06-01,2026-08-16,district,PUNJAB,PUNJAB,PATHANKOT,1.6,12.3,-87.0,LD,836.9,680.3,23.0,E,2026-08-17 06:56:12.763605
2026-08-16,2026-06-01,2026-08-16,district,PUNJAB,PUNJAB,PATIALA,9.9,6.5,53.0,E,228.0,366.6,-38.0,D,2026-08-17 06:56:12.763605
2026-08-16,2026-06-01,2026-08-16,district,PUNJAB,PUNJAB,RUPNAGAR,2.5,16.4,-85.0,LD,341.0,561.0,-39.0,D,2026-08-17 06:56:12.763605
2026-08-16,2026-06-01,2026-08-16,district,PUNJAB,PUNJAB,SANGRUR,0.0,5.3,-100.0,NR,129.6,265.0,-51.0,D,2026-08-17 06:56:12.763605
2026-08-16,2026-06-01,2026-08-16,district,PUNJAB,PUNJAB,SAS NAGAR (MOHALI),2.0,5.4,-62.0,LD,182.0,434.5,-58.0,D,2026-08-17 06:56:12.763605
2026-08-16,2026-06-01,2026-08-16,district,PUNJAB,PUNJAB,SBS NAGAR,2.6,7.5,-65.0,LD,258.2,530.5,-51.0,D,2026-08-17 06:56:12.763605
2026-08-16,2026-06-01,2026-08-16,district,PUNJAB,PUNJAB,TARN TARAN,2.9,4.8,-39.0,D,117.1,188.9,-38.0,D,2026-08-17 06:56:12.763605
2026-08-16,2026-06-01,2026-08-16,district,RAYALASEEMA,ANDHRA PRADESH,ANANTAPURAMU,0.1,1.7,-92.0,LD,135.5,157.4,-14.0,N,2026-08-17 06:56:12.763605
2026-08-16,2026-06-01,2026-08-16,district,RAYALASEEMA,ANDHRA PRADESH,ANNAMAYYA DISTRICT,0.0,3.9,-100.0,NR,77.1,205.9,-63.0,LD,2026-08-17 06:56:12.763605
2026-08-16,2026-06-01,2026-08-16,district,RAYALASEEMA,ANDHRA PRADESH,CHITTOOR,0.0,5.0,-100.0,NR,110.7,236.6,-53.0,D,2026-08-17 06:56:12.763605
2026-08-16,2026-06-01,2026-08-16,district,RAYALASEEMA,ANDHRA PRADESH,KURNOOL,0.0,2.8,-100.0,NR,191.3,240.2,-20.0,D,2026-08-17 06:56:12.763605
2026-08-16,2026-06-01,2026-08-16,district,RAYALASEEMA,ANDHRA PRADESH,NANDYAL,0.0,4.1,-100.0,NR,189.8,285.8,-34.0,D,2026-08-17 06:56:12.763605
2026-08-16,2026-06-01,2026-08-16,district,RAYALASEEMA,ANDHRA PRADESH,SRI SATHYASAI DISTRICT,0.3,2.5,-88.0,LD,98.6,153.0,-36.0,D,2026-08-17 06:56:12.763605
2026-08-16,2026-06-01,2026-08-16,district,RAYALASEEMA,ANDHRA PRADESH,TIRUPATI,0.0,4.6,-100.0,NR,165.7,251.9,-34.0,D,2026-08-17 06:56:12.763605
2026-08-16,2026-06-01,2026-08-16,district,RAYALASEEMA,ANDHRA PRADESH,YSR DISTRICT,0.0,5.5,-100.0,NR,131.6,212.9,-38.0,D,2026-08-17 06:56:12.763605
2026-08-16,2026-06-01,2026-08-16,district,S. I. KARNATAKA,KARNATAKA,BALLARI,0.4,2.7,-85.0,LD,110.0,180.8,-39.0,D,2026-08-17 06:56:12.763605
2026-08-16,2026-06-01,2026-08-16,district,S. I. KARNATAKA,KARNATAKA,BENGALURU RURAL,0.0,4.3,-100.0,NR,189.1,209.6,-10.0,N,2026-08-17 06:56:12.763605
2026-08-16,2026-06-01,2026-08-16,district,S. I. KARNATAKA,KARNATAKA,BENGALURU URBAN,0.0,4.0,-100.0,NR,103.7,214.3,-52.0,D,2026-08-17 06:56:12.763605
2026-08-16,2026-06-01,2026-08-16,district,S. I. KARNATAKA,KARNATAKA,CHAMARAJANAGAR,0.0,2.3,-100.0,NR,122.0,169.8,-28.0,D,2026-08-17 06:56:12.763605
2026-08-16,2026-06-01,2026-08-16,district,S. I. KARNATAKA,KARNATAKA,CHIKABALLAPURA,0.1,3.3,-97.0,LD,143.9,202.4,-29.0,D,2026-08-17 06:56:12.763605
2026-08-16,2026-06-01,2026-08-16,district,S. I. KARNATAKA,KARNATAKA,CHIKKAMAGALURU,4.3,13.2,-67.0,LD,1115.9,1165.5,-4.0,N,2026-08-17 06:56:12.763605
2026-08-16,2026-06-01,2026-08-16,district,S. I. KARNATAKA,KARNATAKA,CHITRADURGA,0.1,1.7,-95.0,LD,121.8,145.7,-16.0,N,2026-08-17 06:56:12.763605
2026-08-16,2026-06-01,2026-08-16,district,S. I. KARNATAKA,KARNATAKA,DAVANGERE,0.9,2.4,-61.0,LD,216.3,225.5,-4.0,N,2026-08-17 06:56:12.763605
2026-08-16,2026-06-01,2026-08-16,district,S. I. KARNATAKA,KARNATAKA,HASSAN,1.1,5.4,-80.0,LD,179.2,473.1,-62.0,LD,2026-08-17 06:56:12.763605
2026-08-16,2026-06-01,2026-08-16,district,S. I. KARNATAKA,KARNATAKA,KODAGU,2.6,22.4,-88.0,LD,1312.1,1784.2,-26.0,D,2026-08-17 06:56:12.763605
2026-08-16,2026-06-01,2026-08-16,district,S. I. KARNATAKA,KARNATAKA,KOLAR,0.0,2.9,-100.0,NR,105.0,198.3,-47.0,D,2026-08-17 06:56:12.763605
2026-08-16,2026-06-01,2026-08-16,district,S. I. KARNATAKA,KARNATAKA,MANDYA,0.0,2.8,-100.0,NR,83.3,138.9,-40.0,D,2026-08-17 06:56:12.763605
2026-08-16,2026-06-01,2026-08-16,district,S. I. KARNATAKA,KARNATAKA,MYSURU,0.5,3.0,-85.0,LD,123.1,222.3,-45.0,D,2026-08-17 06:56:12.763605
2026-08-16,2026-06-01,2026-08-16,district,S. I. KARNATAKA,KARNATAKA,SHIVAMOGGA,9.8,14.2,-31.0,D,1268.5,1291.9,-2.0,N,2026-08-17 06:56:12.763605
2026-08-16,2026-06-01,2026-08-16,district,S. I. KARNATAKA,KARNATAKA,TUMAKURU,0.0,2.8,-100.0,NR,105.6,176.3,-40.0,D,2026-08-17 06:56:12.763605
2026-08-16,2026-06-01,2026-08-16,district,S. I. KARNATAKA,KARNATAKA,VIJAYANAGARA,0.0,2.2,-100.0,NR,115.8,199.3,-42.0,D,2026-08-17 06:56:12.763605
2026-08-16,2026-06-01,2026-08-16,district,SAURASHTRA & KUTCH,DADRA & NAGAR HAVELI AND DAMAN & DIU (UT),DIU,0.2,2.3,-91.0,LD,622.2,581.1,7.0,N,2026-08-17 06:56:12.763605
2026-08-16,2026-06-01,2026-08-16,district,SAURASHTRA & KUTCH,GUJARAT,AMRELI,0.1,4.2,-98.0,LD,490.2,404.2,21.0,E,2026-08-17 06:56:12.763605
2026-08-16,2026-06-01,2026-08-16,district,SAURASHTRA & KUTCH,GUJARAT,BHAVNAGAR,3.0,4.1,-28.0,D,470.5,394.7,19.0,N,2026-08-17 06:56:12.763605
2026-08-16,2026-06-01,2026-08-16,district,SAURASHTRA & KUTCH,GUJARAT,BOTAD,0.2,4.5,-96.0,LD,442.1,385.3,15.0,N,2026-08-17 06:56:12.763605
2026-08-16,2026-06-01,2026-08-16,district,SAURASHTRA & KUTCH,GUJARAT,DEVBHOOMI DWARKA,0.6,1.5,-60.0,LD,57.3,413.1,-86.0,LD,2026-08-17 06:56:12.763605
2026-08-16,2026-06-01,2026-08-16,district,SAURASHTRA & KUTCH,GUJARAT,GIR SOMNATH,2.6,3.4,-24.0,D,464.1,675.9,-31.0,D,2026-08-17 06:56:12.763605
2026-08-16,2026-06-01,2026-08-16,district,SAURASHTRA & KUTCH,GUJARAT,JAMNAGAR,0.3,3.2,-90.0,LD,215.0,466.9,-54.0,D,2026-08-17 06:56:12.763605
2026-08-16,2026-06-01,2026-08-16,district,SAURASHTRA & KUTCH,GUJARAT,JUNAGADH,3.1,3.7,-16.0,N,588.4,665.2,-12.0,N,2026-08-17 06:56:12.763605
2026-08-16,2026-06-01,2026-08-16,district,SAURASHTRA & KUTCH,GUJARAT,KUTCH,0.6,1.7,-68.0,LD,136.4,285.9,-52.0,D,2026-08-17 06:56:12.763605
2026-08-16,2026-06-01,2026-08-16,district,SAURASHTRA & KUTCH,GUJARAT,MORBI,0.0,5.9,-100.0,NR,469.6,394.4,19.0,N,2026-08-17 06:56:12.763605
2026-08-16,2026-06-01,2026-08-16,district,SAURASHTRA & KUTCH,GUJARAT,PORBANDAR,3.0,1.9,58.0,E,159.1,517.0,-69.0,LD,2026-08-17 06:56:12.763605
2026-08-16,2026-06-01,2026-08-16,district,SAURASHTRA & KUTCH,GUJARAT,RAJKOT,0.2,4.4,-96.0,LD,352.8,458.8,-23.0,D,2026-08-17 06:56:12.763605
2026-08-16,2026-06-01,2026-08-16,district,SAURASHTRA & KUTCH,GUJARAT,SURENDRANAGAR,0.7,8.0,-91.0,LD,479.6,361.1,33.0,E,2026-08-17 06:56:12.763605
2026-08-16,2026-06-01,2026-08-16,district,SHWB & SIKKIM,SIKKIM,GANGTOK,0.0,19.0,-100.0,NR,1371.6,1498.6,-8.0,N,2026-08-17 06:56:12.763605
2026-08-16,2026-06-01,2026-08-16,district,SHWB & SIKKIM,SIKKIM,GYALSHING,8.3,10.7,-22.0,D,1572.8,1193.4,32.0,E,2026-08-17 06:56:12.763605
2026-08-16,2026-06-01,2026-08-16,district,SHWB & SIKKIM,SIKKIM,MANGAN,0.8,10.2,-92.0,LD,927.1,1047.1,-11.0,N,2026-08-17 06:56:12.763605
2026-08-16,2026-06-01,2026-08-16,district,SHWB & SIKKIM,SIKKIM,NAMCHI,0.0,17.6,-100.0,NR,1383.1,1105.1,25.0,E,2026-08-17 06:56:12.763605
2026-08-16,2026-06-01,2026-08-16,district,SHWB & SIKKIM,SIKKIM,Pakyong,0.3,10.7,-97.0,LD,1148.8,1102.1,4.0,N,2026-08-17 06:56:12.763605
2026-08-16,2026-06-01,2026-08-16,district,SHWB & SIKKIM,SIKKIM,Soreng,0.0,10.7,-100.0,NR,1641.0,1193.4,38.0,E,2026-08-17 06:56:12.763605
2026-08-16,2026-06-01,2026-08-16,district,SHWB & SIKKIM,WEST BENGAL,ALIPURDUAR,5.7,23.3,-76.0,LD,2038.9,2108.7,-3.0,N,2026-08-17 06:56:12.763605
2026-08-16,2026-06-01,2026-08-16,district,SHWB & SIKKIM,WEST BENGAL,COOCH BEHAR,0.0,18.5,-100.0,NR,1596.8,1617.7,-1.0,N,2026-08-17 06:56:12.763605
2026-08-16,2026-06-01,2026-08-16,district,SHWB & SIKKIM,WEST BENGAL,DARJEELING,0.0,20.4,-100.0,NR,1614.1,1875.1,-14.0,N,2026-08-17 06:56:12.763605
2026-08-16,2026-06-01,2026-08-16,district,SHWB & SIKKIM,WEST BENGAL,JALPAIGURI,4.6,24.0,-81.0,LD,1657.4,2023.3,-18.0,N,2026-08-17 06:56:12.763605
2026-08-16,2026-06-01,2026-08-16,district,SHWB & SIKKIM,WEST BENGAL,KALIMPONG,0.0,22.5,-100.0,NR,1362.7,1664.5,-18.0,N,2026-08-17 06:56:12.763605
2026-08-16,2026-06-01,2026-08-16,district,SHWB & SIKKIM,WEST BENGAL,MALDA,0.0,10.9,-100.0,NR,551.4,736.2,-25.0,D,2026-08-17 06:56:12.763605
2026-08-16,2026-06-01,2026-08-16,district,SHWB & SIKKIM,WEST BENGAL,NORTH DINAJPUR,0.0,8.9,-100.0,NR,737.2,949.5,-22.0,D,2026-08-17 06:56:12.763605
2026-08-16,2026-06-01,2026-08-16,district,SHWB & SIKKIM,WEST BENGAL,SOUTH DINAJPUR,0.0,10.8,-100.0,NR,632.7,688.2,-8.0,N,2026-08-17 06:56:12.763605
2026-08-16,2026-06-01,2026-08-16,district,TAMIL. PUDU.& KARAIKAL,PUDUCHERRY (UT),KARAIKAL,0.0,1.3,-100.0,NR,202.2,137.5,47.0,E,2026-08-17 06:56:12.763605
2026-08-16,2026-06-01,2026-08-16,district,TAMIL. PUDU.& KARAIKAL,PUDUCHERRY (UT),PUDUCHERRY,0.0,5.8,-100.0,NR,82.1,188.3,-56.0,D,2026-08-17 06:56:12.763605
2026-08-16,2026-06-01,2026-08-16,district,TAMIL. PUDU.& KARAIKAL,TAMILNADU,ARIYALUR,0.0,3.1,-100.0,NR,175.7,133.3,32.0,E,2026-08-17 06:56:12.763605
2026-08-16,2026-06-01,2026-08-16,district,TAMIL. PUDU.& KARAIKAL,TAMILNADU,CHENGALPATTU,0.4,5.4,-92.0,LD,83.0,210.7,-61.0,LD,2026-08-17 06:56:12.763605
2026-08-16,2026-06-01,2026-08-16,district,TAMIL. PUDU.& KARAIKAL,TAMILNADU,CHENNAI,0.0,4.7,-100.0,NR,236.7,238.7,-1.0,N,2026-08-17 06:56:12.763605
2026-08-16,2026-06-01,2026-08-16,district,TAMIL. PUDU.& KARAIKAL,TAMILNADU,COIMBATORE,1.6,6.4,-75.0,LD,540.9,491.0,10.0,N,2026-08-17 06:56:12.763605
2026-08-16,2026-06-01,2026-08-16,district,TAMIL. PUDU.& KARAIKAL,TAMILNADU,CUDDALORE,0.0,3.6,-100.0,NR,173.3,165.8,5.0,N,2026-08-17 06:56:12.763605
2026-08-16,2026-06-01,2026-08-16,district,TAMIL. PUDU.& KARAIKAL,TAMILNADU,DHARMAPURI,0.0,4.2,-100.0,NR,139.0,158.0,-12.0,N,2026-08-17 06:56:12.763605
2026-08-16,2026-06-01,2026-08-16,district,TAMIL. PUDU.& KARAIKAL,TAMILNADU,DINDIGUL,0.0,3.7,-100.0,NR,87.0,120.1,-28.0,D,2026-08-17 06:56:12.763605
2026-08-16,2026-06-01,2026-08-16,district,TAMIL. PUDU.& KARAIKAL,TAMILNADU,ERODE,0.0,2.2,-100.0,NR,99.1,117.6,-16.0,N,2026-08-17 06:56:12.763605
2026-08-16,2026-06-01,2026-08-16,district,TAMIL. PUDU.& KARAIKAL,TAMILNADU,KALLAKURICHI,0.0,4.0,-100.0,NR,149.4,180.8,-17.0,N,2026-08-17 06:56:12.763605
2026-08-16,2026-06-01,2026-08-16,district,TAMIL. PUDU.& KARAIKAL,TAMILNADU,KANCHEEPURAM,0.1,5.7,-99.0,LD,174.9,244.4,-28.0,D,2026-08-17 06:56:12.763605
2026-08-16,2026-06-01,2026-08-16,district,TAMIL. PUDU.& KARAIKAL,TAMILNADU,KANYAKUMARI,0.0,2.6,-100.0,NR,359.1,329.9,9.0,N,2026-08-17 06:56:12.763605
2026-08-16,2026-06-01,2026-08-16,district,TAMIL. PUDU.& KARAIKAL,TAMILNADU,KARUR,0.0,1.8,-100.0,NR,35.8,65.5,-45.0,D,2026-08-17 06:56:12.763605
2026-08-16,2026-06-01,2026-08-16,district,TAMIL. PUDU.& KARAIKAL,TAMILNADU,KRISHNAGIRI,0.0,3.6,-100.0,NR,109.3,145.1,-25.0,D,2026-08-17 06:56:12.763605
2026-08-16,2026-06-01,2026-08-16,district,TAMIL. PUDU.& KARAIKAL,TAMILNADU,MADURAI,0.0,2.6,-100.0,NR,97.6,126.4,-23.0,D,2026-08-17 06:56:12.763605
2026-08-16,2026-06-01,2026-08-16,district,TAMIL. PUDU.& KARAIKAL,TAMILNADU,MAYILADUTHURAI,0.0,2.8,-100.0,NR,102.9,140.8,-27.0,D,2026-08-17 06:56:12.763605
2026-08-16,2026-06-01,2026-08-16,district,TAMIL. PUDU.& KARAIKAL,TAMILNADU,NAGAPATTINAM,0.0,1.9,-100.0,NR,61.5,109.6,-44.0,D,2026-08-17 06:56:12.763605
2026-08-16,2026-06-01,2026-08-16,district,TAMIL. PUDU.& KARAIKAL,TAMILNADU,NAMAKKAL,0.0,3.7,-100.0,NR,67.2,139.4,-52.0,D,2026-08-17 06:56:12.763605
2026-08-16,2026-06-01,2026-08-16,district,TAMIL. PUDU.& KARAIKAL,TAMILNADU,NILGIRIS,4.7,7.0,-33.0,D,412.8,568.3,-27.0,D,2026-08-17 06:56:12.763605
2026-08-16,2026-06-01,2026-08-16,district,TAMIL. PUDU.& KARAIKAL,TAMILNADU,PERAMBALUR,0.0,4.7,-100.0,NR,135.3,102.3,32.0,E,2026-08-17 06:56:12.763605
2026-08-16,2026-06-01,2026-08-16,district,TAMIL. PUDU.& KARAIKAL,TAMILNADU,PUDUKKOTTAI,3.7,3.0,24.0,E,141.2,131.5,7.0,N,2026-08-17 06:56:12.763605
2026-08-16,2026-06-01,2026-08-16,district,TAMIL. PUDU.& KARAIKAL,TAMILNADU,RAMANATHAPURAM,0.0,0.9,-100.0,NR,27.0,53.5,-50.0,D,2026-08-17 06:56:12.763605
2026-08-16,2026-06-01,2026-08-16,district,TAMIL. PUDU.& KARAIKAL,TAMILNADU,RANIPET,0.0,3.7,-100.0,NR,185.5,239.1,-22.0,D,2026-08-17 06:56:12.763605
2026-08-16,2026-06-01,2026-08-16,district,TAMIL. PUDU.& KARAIKAL,TAMILNADU,SALEM,0.7,3.9,-83.0,LD,150.2,184.8,-19.0,N,2026-08-17 06:56:12.763605
2026-08-16,2026-06-01,2026-08-16,district,TAMIL. PUDU.& KARAIKAL,TAMILNADU,SIVAGANGA,4.4,2.9,52.0,E,168.6,158.4,6.0,N,2026-08-17 06:56:12.763605
2026-08-16,2026-06-01,2026-08-16,district,TAMIL. PUDU.& KARAIKAL,TAMILNADU,TENKASI,0.0,1.8,-97.0,LD,166.1,109.1,52.0,E,2026-08-17 06:56:12.763605
2026-08-16,2026-06-01,2026-08-16,district,TAMIL. PUDU.& KARAIKAL,TAMILNADU,THANJAVUR,0.0,3.1,-100.0,NR,112.5,131.4,-14.0,N,2026-08-17 06:56:12.763605
2026-08-16,2026-06-01,2026-08-16,district,TAMIL. PUDU.& KARAIKAL,TAMILNADU,THENI,0.1,2.6,-95.0,LD,150.2,109.4,37.0,E,2026-08-17 06:56:12.763605
2026-08-16,2026-06-01,2026-08-16,district,TAMIL. PUDU.& KARAIKAL,TAMILNADU,THIRUCHIRAPALLI,0.0,3.6,-100.0,NR,80.9,103.7,-22.0,D,2026-08-17 06:56:12.763605
2026-08-16,2026-06-01,2026-08-16,district,TAMIL. PUDU.& KARAIKAL,TAMILNADU,THIRUVALLUR,0.1,4.5,-98.0,LD,205.7,244.8,-16.0,N,2026-08-17 06:56:12.763605
2026-08-16,2026-06-01,2026-08-16,district,TAMIL. PUDU.& KARAIKAL,TAMILNADU,THOOTHUKUDI,0.0,1.0,-100.0,NR,10.2,22.4,-55.0,D,2026-08-17 06:56:12.763605
2026-08-16,2026-06-01,2026-08-16,district,TAMIL. PUDU.& KARAIKAL,TAMILNADU,TIRUNELVELI,0.0,0.7,-100.0,NR,350.8,47.8,634.0,LE,2026-08-17 06:56:12.763605
2026-08-16,2026-06-01,2026-08-16,district,TAMIL. PUDU.& KARAIKAL,TAMILNADU,TIRUPATTUR,0.0,7.3,-100.0,NR,83.5,200.8,-58.0,D,2026-08-17 06:56:12.763605
2026-08-16,2026-06-01,2026-08-16,district,TAMIL. PUDU.& KARAIKAL,TAMILNADU,TIRUPPUR,0.0,1.2,-100.0,NR,25.1,54.6,-54.0,D,2026-08-17 06:56:12.763605
2026-08-16,2026-06-01,2026-08-16,district,TAMIL. PUDU.& KARAIKAL,TAMILNADU,TIRUVANNAMALAI,0.0,6.7,-100.0,NR,135.2,216.1,-37.0,D,2026-08-17 06:56:12.763605
2026-08-16,2026-06-01,2026-08-16,district,TAMIL. PUDU.& KARAIKAL,TAMILNADU,TIRUVARUR,0.0,2.7,-100.0,NR,127.6,128.6,-1.0,N,2026-08-17 06:56:12.763605
2026-08-16,2026-06-01,2026-08-16,district,TAMIL. PUDU.& KARAIKAL,TAMILNADU,VELLORE,0.0,4.2,-100.0,NR,132.1,215.6,-39.0,D,2026-08-17 06:56:12.763605
2026-08-16,2026-06-01,2026-08-16,district,TAMIL. PUDU.& KARAIKAL,TAMILNADU,VILLUPURAM,0.0,4.5,-100.0,NR,148.4,193.5,-23.0,D,2026-08-17 06:56:12.763605
2026-08-16,2026-06-01,2026-08-16,district,TAMIL. PUDU.& KARAIKAL,TAMILNADU,VIRUDHUNAGAR,0.0,1.7,-100.0,NR,77.6,75.6,3.0,N,2026-08-17 06:56:12.763605
2026-08-16,2026-06-01,2026-08-16,district,TELANGANA,TELANGANA,ADILABAD,0.3,9.5,-97.0,LD,558.0,652.6,-15.0,N,2026-08-17 06:56:12.763605
2026-08-16,2026-06-01,2026-08-16,district,TELANGANA,TELANGANA,B. KOTHAGUDEM,10.9,8.2,33.0,E,477.5,646.6,-26.0,D,2026-08-17 06:56:12.763605
2026-08-16,2026-06-01,2026-08-16,district,TELANGANA,TELANGANA,HANUMAKONDA,10.7,5.7,87.0,LE,270.7,442.4,-39.0,D,2026-08-17 06:56:12.763605
2026-08-16,2026-06-01,2026-08-16,district,TELANGANA,TELANGANA,HYDERABAD,0.7,7.2,-90.0,LD,269.5,375.0,-28.0,D,2026-08-17 06:56:12.763605
2026-08-16,2026-06-01,2026-08-16,district,TELANGANA,TELANGANA,J. BHUPALPALLY,1.7,13.2,-87.0,LD,644.8,650.9,-1.0,N,2026-08-17 06:56:12.763605
2026-08-16,2026-06-01,2026-08-16,district,TELANGANA,TELANGANA,JAGTIAL,0.5,8.9,-94.0,LD,614.4,534.3,15.0,N,2026-08-17 06:56:12.763605
2026-08-16,2026-06-01,2026-08-16,district,TELANGANA,TELANGANA,JANGAON,0.1,6.0,-98.0,LD,246.5,433.3,-43.0,D,2026-08-17 06:56:12.763605
2026-08-16,2026-06-01,2026-08-16,district,TELANGANA,TELANGANA,JOGULAMBA GADWAL,0.5,5.1,-91.0,LD,174.0,260.2,-33.0,D,2026-08-17 06:56:12.763605
2026-08-16,2026-06-01,2026-08-16,district,TELANGANA,TELANGANA,KAMAREDDY,4.7,6.5,-27.0,D,650.1,501.6,30.0,E,2026-08-17 06:56:12.763605
2026-08-16,2026-06-01,2026-08-16,district,TELANGANA,TELANGANA,KARIMNAGAR,3.3,8.0,-59.0,D,433.4,455.6,-5.0,N,2026-08-17 06:56:12.763605
2026-08-16,2026-06-01,2026-08-16,district,TELANGANA,TELANGANA,KHAMMAM,2.4,5.1,-52.0,D,376.7,506.6,-26.0,D,2026-08-17 06:56:12.763605
2026-08-16,2026-06-01,2026-08-16,district,TELANGANA,TELANGANA,KUMARAM BHEEM,0.0,15.4,-99.0,LD,813.7,666.8,22.0,E,2026-08-17 06:56:12.763605
2026-08-16,2026-06-01,2026-08-16,district,TELANGANA,TELANGANA,M. MALKAJGIRI,0.1,6.2,-99.0,LD,182.4,304.0,-40.0,D,2026-08-17 06:56:12.763605
2026-08-16,2026-06-01,2026-08-16,district,TELANGANA,TELANGANA,MAHABUBABAD,3.5,7.1,-50.0,D,449.3,574.2,-22.0,D,2026-08-17 06:56:12.763605
2026-08-16,2026-06-01,2026-08-16,district,TELANGANA,TELANGANA,MAHABUBNAGAR,2.3,4.7,-51.0,D,294.3,308.3,-5.0,N,2026-08-17 06:56:12.763605
2026-08-16,2026-06-01,2026-08-16,district,TELANGANA,TELANGANA,MANCHERIAL,0.8,11.3,-93.0,LD,716.7,642.4,12.0,N,2026-08-17 06:56:12.763605
2026-08-16,2026-06-01,2026-08-16,district,TELANGANA,TELANGANA,MEDAK,0.8,6.6,-88.0,LD,513.9,514.7,0.0,N,2026-08-17 06:56:12.763605
2026-08-16,2026-06-01,2026-08-16,district,TELANGANA,TELANGANA,MULUGU,2.5,11.8,-79.0,LD,714.9,671.1,7.0,N,2026-08-17 06:56:12.763605
2026-08-16,2026-06-01,2026-08-16,district,TELANGANA,TELANGANA,NAGARKURNOOL,1.3,4.1,-67.0,LD,210.3,278.3,-24.0,D,2026-08-17 06:56:12.763605
2026-08-16,2026-06-01,2026-08-16,district,TELANGANA,TELANGANA,NALGONDA,0.2,5.1,-96.0,LD,155.7,294.3,-47.0,D,2026-08-17 06:56:12.763605
2026-08-16,2026-06-01,2026-08-16,district,TELANGANA,TELANGANA,NARAYANPET,1.1,4.2,-74.0,LD,290.7,270.1,8.0,N,2026-08-17 06:56:12.763605
2026-08-16,2026-06-01,2026-08-16,district,TELANGANA,TELANGANA,NIRMAL,2.0,10.1,-80.0,LD,338.6,601.2,-44.0,D,2026-08-17 06:56:12.763605
2026-08-16,2026-06-01,2026-08-16,district,TELANGANA,TELANGANA,NIZAMABAD,2.9,7.6,-62.0,LD,534.1,548.3,-3.0,N,2026-08-17 06:56:12.763605
2026-08-16,2026-06-01,2026-08-16,district,TELANGANA,TELANGANA,PEDDAPALLE,0.3,9.5,-97.0,LD,545.1,593.7,-8.0,N,2026-08-17 06:56:12.763605
2026-08-16,2026-06-01,2026-08-16,district,TELANGANA,TELANGANA,RAJANNA SIRCILLA,5.8,6.2,-7.0,N,473.8,449.4,5.0,N,2026-08-17 06:56:12.763605
2026-08-16,2026-06-01,2026-08-16,district,TELANGANA,TELANGANA,RANGAREDDY,0.2,4.5,-95.0,LD,285.8,322.0,-11.0,N,2026-08-17 06:56:12.763605
2026-08-16,2026-06-01,2026-08-16,district,TELANGANA,TELANGANA,SANGAREDDY,0.9,7.8,-89.0,LD,334.0,449.6,-26.0,D,2026-08-17 06:56:12.763605
2026-08-16,2026-06-01,2026-08-16,district,TELANGANA,TELANGANA,SIDDIPET,2.5,6.3,-60.0,LD,360.3,399.5,-10.0,N,2026-08-17 06:56:12.763605
2026-08-16,2026-06-01,2026-08-16,district,TELANGANA,TELANGANA,SURYAPET,0.6,4.3,-86.0,LD,274.6,383.8,-28.0,D,2026-08-17 06:56:12.763605
2026-08-16,2026-06-01,2026-08-16,district,TELANGANA,TELANGANA,VIKARABAD,0.9,7.4,-87.0,LD,353.3,401.1,-12.0,N,2026-08-17 06:56:12.763605
2026-08-16,2026-06-01,2026-08-16,district,TELANGANA,TELANGANA,WANAPARTHY,0.6,5.8,-90.0,LD,223.6,325.5,-31.0,D,2026-08-17 06:56:12.763605
2026-08-16,2026-06-01,2026-08-16,district,TELANGANA,TELANGANA,WARANGAL,12.2,8.3,47.0,E,340.3,606.3,-44.0,D,2026-08-17 06:56:12.763605
2026-08-16,2026-06-01,2026-08-16,district,TELANGANA,TELANGANA,Y. BHUVANAGIRI,0.0,4.3,-99.0,LD,184.5,337.1,-45.0,D,2026-08-17 06:56:12.763605
2026-08-16,2026-06-01,2026-08-16,district,UTTARAKHAND,UTTARAKHAND,ALMORA,8.0,14.3,-44.0,D,584.2,560.9,4.0,N,2026-08-17 06:56:12.763605
2026-08-16,2026-06-01,2026-08-16,district,UTTARAKHAND,UTTARAKHAND,BAGESHWAR,15.8,14.3,10.0,N,1365.9,560.9,144.0,LE,2026-08-17 06:56:12.763605
2026-08-16,2026-06-01,2026-08-16,district,UTTARAKHAND,UTTARAKHAND,CHAMOLI,29.7,13.3,123.0,LE,815.2,515.6,58.0,E,2026-08-17 06:56:12.763605
2026-08-16,2026-06-01,2026-08-16,district,UTTARAKHAND,UTTARAKHAND,CHAMPAWAT,6.8,16.5,-59.0,D,594.5,902.6,-34.0,D,2026-08-17 06:56:12.763605
2026-08-16,2026-06-01,2026-08-16,district,UTTARAKHAND,UTTARAKHAND,DEHRADUN,3.0,19.7,-85.0,LD,935.6,1017.3,-8.0,N,2026-08-17 06:56:12.763605
2026-08-16,2026-06-01,2026-08-16,district,UTTARAKHAND,UTTARAKHAND,GARHWAL PAURI,0.6,21.6,-97.0,LD,398.4,860.6,-54.0,D,2026-08-17 06:56:12.763605
2026-08-16,2026-06-01,2026-08-16,district,UTTARAKHAND,UTTARAKHAND,GARHWAL TEHRI,0.0,17.0,-100.0,NR,813.2,661.5,23.0,E,2026-08-17 06:56:12.763605
2026-08-16,2026-06-01,2026-08-16,district,UTTARAKHAND,UTTARAKHAND,HARDWAR,10.2,19.1,-46.0,D,743.4,675.4,10.0,N,2026-08-17 06:56:12.763605
2026-08-16,2026-06-01,2026-08-16,district,UTTARAKHAND,UTTARAKHAND,NAINITAL,11.5,26.6,-57.0,D,683.1,1092.5,-37.0,D,2026-08-17 06:56:12.763605
2026-08-16,2026-06-01,2026-08-16,district,UTTARAKHAND,UTTARAKHAND,PITHORAGARH,30.8,16.8,83.0,LE,1021.0,1054.9,-3.0,N,2026-08-17 06:56:12.763605
2026-08-16,2026-06-01,2026-08-16,district,UTTARAKHAND,UTTARAKHAND,RUDRAPRAYAG,34.5,26.1,32.0,E,1015.6,1106.5,-8.0,N,2026-08-17 06:56:12.763605
2026-08-16,2026-06-01,2026-08-16,district,UTTARAKHAND,UTTARAKHAND,UDHAM SINGH NAGAR,21.8,17.0,28.0,E,620.8,773.2,-20.0,D,2026-08-17 06:56:12.763605
2026-08-16,2026-06-01,2026-08-16,district,UTTARAKHAND,UTTARAKHAND,UTTARKASHI,6.6,21.5,-69.0,LD,764.3,829.4,-8.0,N,2026-08-17 06:56:12.763605
2026-08-16,2026-06-01,2026-08-16,district,VIDARBHA,MAHARASHTRA,AKOLA,0.3,7.7,-96.0,LD,347.6,482.3,-28.0,D,2026-08-17 06:56:12.763605
2026-08-16,2026-06-01,2026-08-16,district,VIDARBHA,MAHARASHTRA,AMRAOTI,1.0,9.6,-89.0,LD,386.3,565.4,-32.0,D,2026-08-17 06:56:12.763605
2026-08-16,2026-06-01,2026-08-16,district,VIDARBHA,MAHARASHTRA,BHANDARA,5.9,16.7,-65.0,LD,664.9,746.8,-11.0,N,2026-08-17 06:56:12.763605
2026-08-16,2026-06-01,2026-08-16,district,VIDARBHA,MAHARASHTRA,BULDHANA,0.7,5.4,-87.0,LD,444.8,431.9,3.0,N,2026-08-17 06:56:12.763605
2026-08-16,2026-06-01,2026-08-16,district,VIDARBHA,MAHARASHTRA,CHANDRAPUR,1.4,17.1,-92.0,LD,527.9,753.3,-30.0,D,2026-08-17 06:56:12.763605
2026-08-16,2026-06-01,2026-08-16,district,VIDARBHA,MAHARASHTRA,GADCHIROLI,1.5,21.0,-93.0,LD,681.2,899.5,-24.0,D,2026-08-17 06:56:12.763605
2026-08-16,2026-06-01,2026-08-16,district,VIDARBHA,MAHARASHTRA,GONDIA,22.8,15.5,47.0,E,885.6,839.8,5.0,N,2026-08-17 06:56:12.763605
2026-08-16,2026-06-01,2026-08-16,district,VIDARBHA,MAHARASHTRA,NAGPUR,0.7,11.4,-94.0,LD,452.3,646.0,-30.0,D,2026-08-17 06:56:12.763605
2026-08-16,2026-06-01,2026-08-16,district,VIDARBHA,MAHARASHTRA,WARDHA,2.5,11.2,-78.0,LD,452.1,589.5,-23.0,D,2026-08-17 06:56:12.763605
2026-08-16,2026-06-01,2026-08-16,district,VIDARBHA,MAHARASHTRA,WASHIM,0.9,7.0,-88.0,LD,423.3,537.1,-21.0,D,2026-08-17 06:56:12.763605
2026-08-16,2026-06-01,2026-08-16,district,VIDARBHA,MAHARASHTRA,YEOTMAL,0.5,10.4,-95.0,LD,515.2,570.9,-10.0,N,2026-08-17 06:56:12.763605
2026-08-16,2026-06-01,2026-08-16,district,WEST MADHYA PRADESH,MADHYA PRADESH,AGAR-MALWA,14.6,16.7,-13.0,N,558.8,603.7,-7.0,N,2026-08-17 06:56:12.763605
2026-08-16,2026-06-01,2026-08-16,district,WEST MADHYA PRADESH,MADHYA PRADESH,ALIRAJPUR,0.3,7.6,-96.0,LD,339.7,583.3,-42.0,D,2026-08-17 06:56:12.763605
2026-08-16,2026-06-01,2026-08-16,district,WEST MADHYA PRADESH,MADHYA PRADESH,ASHOKNAGAR,15.8,10.3,53.0,E,474.0,573.1,-17.0,N,2026-08-17 06:56:12.763605
2026-08-16,2026-06-01,2026-08-16,district,WEST MADHYA PRADESH,MADHYA PRADESH,BARWANI,1.7,7.1,-76.0,LD,461.4,432.7,7.0,N,2026-08-17 06:56:12.763605
2026-08-16,2026-06-01,2026-08-16,district,WEST MADHYA PRADESH,MADHYA PRADESH,BETUL,12.3,13.2,-7.0,N,538.9,689.7,-22.0,D,2026-08-17 06:56:12.763605
2026-08-16,2026-06-01,2026-08-16,district,WEST MADHYA PRADESH,MADHYA PRADESH,BHIND,6.3,5.9,7.0,N,476.6,405.7,17.0,N,2026-08-17 06:56:12.763605
2026-08-16,2026-06-01,2026-08-16,district,WEST MADHYA PRADESH,MADHYA PRADESH,BHOPAL,9.4,9.3,2.0,N,767.5,634.1,21.0,E,2026-08-17 06:56:12.763605
2026-08-16,2026-06-01,2026-08-16,district,WEST MADHYA PRADESH,MADHYA PRADESH,BURHANPUR,1.8,8.7,-80.0,LD,683.7,476.0,44.0,E,2026-08-17 06:56:12.763605
2026-08-16,2026-06-01,2026-08-16,district,WEST MADHYA PRADESH,MADHYA PRADESH,DATIA,2.0,12.0,-84.0,LD,369.6,496.2,-26.0,D,2026-08-17 06:56:12.763605
2026-08-16,2026-06-01,2026-08-16,district,WEST MADHYA PRADESH,MADHYA PRADESH,DEWAS,0.3,8.3,-96.0,LD,646.1,599.5,8.0,N,2026-08-17 06:56:12.763605
2026-08-16,2026-06-01,2026-08-16,district,WEST MADHYA PRADESH,MADHYA PRADESH,DHAR,1.0,7.7,-87.0,LD,383.3,533.3,-28.0,D,2026-08-17 06:56:12.763605
2026-08-16,2026-06-01,2026-08-16,district,WEST MADHYA PRADESH,MADHYA PRADESH,GUNA,30.0,12.4,142.0,LE,744.7,637.1,17.0,N,2026-08-17 06:56:12.763605
2026-08-16,2026-06-01,2026-08-16,district,WEST MADHYA PRADESH,MADHYA PRADESH,GWALIOR,7.1,9.3,-24.0,D,503.6,460.2,9.0,N,2026-08-17 06:56:12.763605
2026-08-16,2026-06-01,2026-08-16,district,WEST MADHYA PRADESH,MADHYA PRADESH,HARDA,4.4,15.6,-72.0,LD,587.1,739.9,-21.0,D,2026-08-17 06:56:12.763605
2026-08-16,2026-06-01,2026-08-16,district,WEST MADHYA PRADESH,MADHYA PRADESH,INDORE,1.0,9.9,-90.0,LD,499.5,562.2,-11.0,N,2026-08-17 06:56:12.763605
2026-08-16,2026-06-01,2026-08-16,district,WEST MADHYA PRADESH,MADHYA PRADESH,JHABUA,1.9,7.5,-74.0,LD,463.2,589.8,-21.0,D,2026-08-17 06:56:12.763605
2026-08-16,2026-06-01,2026-08-16,district,WEST MADHYA PRADESH,MADHYA PRADESH,KHANDWA,0.0,8.3,-100.0,NR,575.0,527.2,9.0,N,2026-08-17 06:56:12.763605
2026-08-16,2026-06-01,2026-08-16,district,WEST MADHYA PRADESH,MADHYA PRADESH,KHARGONE,0.4,9.0,-96.0,LD,616.6,476.0,30.0,E,2026-08-17 06:56:12.763605
2026-08-16,2026-06-01,2026-08-16,district,WEST MADHYA PRADESH,MADHYA PRADESH,MANDSAUR,13.1,13.9,-6.0,N,516.5,554.7,-7.0,N,2026-08-17 06:56:12.763605
2026-08-16,2026-06-01,2026-08-16,district,WEST MADHYA PRADESH,MADHYA PRADESH,MORENA,11.7,8.7,34.0,E,278.4,437.8,-36.0,D,2026-08-17 06:56:12.763605
2026-08-16,2026-06-01,2026-08-16,district,WEST MADHYA PRADESH,MADHYA PRADESH,NARMADAPURAM,3.3,20.1,-84.0,LD,553.5,824.0,-33.0,D,2026-08-17 06:56:12.763605
2026-08-16,2026-06-01,2026-08-16,district,WEST MADHYA PRADESH,MADHYA PRADESH,NEEMUCH,6.0,14.4,-58.0,D,508.4,524.5,-3.0,N,2026-08-17 06:56:12.763605
2026-08-16,2026-06-01,2026-08-16,district,WEST MADHYA PRADESH,MADHYA PRADESH,RAISEN,13.8,14.8,-6.0,N,651.4,715.9,-9.0,N,2026-08-17 06:56:12.763605
2026-08-16,2026-06-01,2026-08-16,district,WEST MADHYA PRADESH,MADHYA PRADESH,RAJGARH,42.1,11.1,280.0,LE,758.5,593.2,28.0,E,2026-08-17 06:56:12.763605
2026-08-16,2026-06-01,2026-08-16,district,WEST MADHYA PRADESH,MADHYA PRADESH,RATLAM,0.1,12.5,-99.0,LD,461.7,603.6,-24.0,D,2026-08-17 06:56:12.763605
2026-08-16,2026-06-01,2026-08-16,district,WEST MADHYA PRADESH,MADHYA PRADESH,SEHORE,1.6,12.5,-88.0,LD,697.4,698.9,0.0,N,2026-08-17 06:56:12.763605
2026-08-16,2026-06-01,2026-08-16,district,WEST MADHYA PRADESH,MADHYA PRADESH,SHAJAPUR,4.3,11.8,-64.0,LD,511.4,600.9,-15.0,N,2026-08-17 06:56:12.763605
2026-08-16,2026-06-01,2026-08-16,district,WEST MADHYA PRADESH,MADHYA PRADESH,SHEOPUR,34.7,9.1,282.0,LE,448.9,471.4,-5.0,N,2026-08-17 06:56:12.763605
2026-08-16,2026-06-01,2026-08-16,district,WEST MADHYA PRADESH,MADHYA PRADESH,SHIVPURI,27.8,13.1,112.0,LE,518.1,544.2,-5.0,N,2026-08-17 06:56:12.763605
2026-08-16,2026-06-01,2026-08-16,district,WEST MADHYA PRADESH,MADHYA PRADESH,UJJAIN,2.4,12.6,-81.0,LD,516.8,584.8,-12.0,N,2026-08-17 06:56:12.763605
2026-08-16,2026-06-01,2026-08-16,district,WEST MADHYA PRADESH,MADHYA PRADESH,VIDISHA,14.4,14.6,-1.0,N,580.1,688.3,-16.0,N,2026-08-17 06:56:12.763605
2026-08-16,2026-06-01,2026-08-16,district,WEST RAJASTHAN,RAJASTHAN,BARMER,0.0,3.6,-100.0,NR,188.0,192.9,-3.0,N,2026-08-17 06:56:12.763605
2026-08-16,2026-06-01,2026-08-16,district,WEST RAJASTHAN,RAJASTHAN,BIKANER,0.0,5.9,-100.0,NR,203.5,181.8,12.0,N,2026-08-17 06:56:12.763605
2026-08-16,2026-06-01,2026-08-16,district,WEST RAJASTHAN,RAJASTHAN,CHURU,0.0,3.4,-100.0,NR,264.7,242.4,9.0,N,2026-08-17 06:56:12.763605
2026-08-16,2026-06-01,2026-08-16,district,WEST RAJASTHAN,RAJASTHAN,HANUMANGARH,0.7,3.4,-79.0,LD,142.8,181.5,-21.0,D,2026-08-17 06:56:12.763605
2026-08-16,2026-06-01,2026-08-16,district,WEST RAJASTHAN,RAJASTHAN,JAISALMER,0.0,5.4,-100.0,NR,83.3,127.1,-34.0,D,2026-08-17 06:56:12.763605
2026-08-16,2026-06-01,2026-08-16,district,WEST RAJASTHAN,RAJASTHAN,JALORE,0.1,8.1,-98.0,LD,143.0,300.6,-52.0,D,2026-08-17 06:56:12.763605
2026-08-16,2026-06-01,2026-08-16,district,WEST RAJASTHAN,RAJASTHAN,JODHPUR,0.0,4.3,-100.0,NR,189.2,208.2,-9.0,N,2026-08-17 06:56:12.763605
2026-08-16,2026-06-01,2026-08-16,district,WEST RAJASTHAN,RAJASTHAN,NAGAUR,0.0,6.8,-100.0,NR,282.1,269.4,5.0,N,2026-08-17 06:56:12.763605
2026-08-16,2026-06-01,2026-08-16,district,WEST RAJASTHAN,RAJASTHAN,PALI,0.0,8.4,-100.0,NR,206.7,348.3,-41.0,D,2026-08-17 06:56:12.763605
2026-08-16,2026-06-01,2026-08-16,district,WEST RAJASTHAN,RAJASTHAN,SRI GANGANAGAR,0.0,2.7,-100.0,NR,168.7,145.8,16.0,N,2026-08-17 06:56:12.763605
2026-08-16,2026-06-01,2026-08-16,district,WEST UTTAR PRADESH,UTTAR PRADESH,AGRA,5.4,5.4,1.0,N,349.4,349.8,0.0,N,2026-08-17 06:56:12.763605
2026-08-16,2026-06-01,2026-08-16,district,WEST UTTAR PRADESH,UTTAR PRADESH,ALIGARH,2.2,6.5,-66.0,LD,246.2,389.0,-37.0,D,2026-08-17 06:56:12.763605
2026-08-16,2026-06-01,2026-08-16,district,WEST UTTAR PRADESH,UTTAR PRADESH,AMROHA,11.0,13.0,-15.0,N,232.3,539.4,-57.0,D,2026-08-17 06:56:12.763605
2026-08-16,2026-06-01,2026-08-16,district,WEST UTTAR PRADESH,UTTAR PRADESH,AURAIYA,10.9,5.2,110.0,LE,327.2,335.7,-3.0,N,2026-08-17 06:56:12.763605
2026-08-16,2026-06-01,2026-08-16,district,WEST UTTAR PRADESH,UTTAR PRADESH,BADAUN,9.5,10.4,-9.0,N,431.0,444.9,-3.0,N,2026-08-17 06:56:12.763605
2026-08-16,2026-06-01,2026-08-16,district,WEST UTTAR PRADESH,UTTAR PRADESH,BAGHPAT,0.0,5.4,-100.0,NR,352.0,337.6,4.0,N,2026-08-17 06:56:12.763605
2026-08-16,2026-06-01,2026-08-16,district,WEST UTTAR PRADESH,UTTAR PRADESH,BAREILLY,19.1,10.9,75.0,LE,412.5,530.8,-22.0,D,2026-08-17 06:56:12.763605
2026-08-16,2026-06-01,2026-08-16,district,WEST UTTAR PRADESH,UTTAR PRADESH,BIJNOR,33.6,14.3,135.0,LE,600.5,622.3,-3.0,N,2026-08-17 06:56:12.763605
2026-08-16,2026-06-01,2026-08-16,district,WEST UTTAR PRADESH,UTTAR PRADESH,BULANDSHAHAR,0.0,7.0,-100.0,NR,347.5,352.2,-1.0,N,2026-08-17 06:56:12.763605
2026-08-16,2026-06-01,2026-08-16,district,WEST UTTAR PRADESH,UTTAR PRADESH,ETAH,0.0,7.7,-100.0,NR,420.5,329.8,27.0,E,2026-08-17 06:56:12.763605
2026-08-16,2026-06-01,2026-08-16,district,WEST UTTAR PRADESH,UTTAR PRADESH,ETAWAH,0.0,7.6,-100.0,NR,389.0,366.4,6.0,N,2026-08-17 06:56:12.763605
2026-08-16,2026-06-01,2026-08-16,district,WEST UTTAR PRADESH,UTTAR PRADESH,FIROZABAD,4.7,7.9,-40.0,D,479.1,380.4,26.0,E,2026-08-17 06:56:12.763605
2026-08-16,2026-06-01,2026-08-16,district,WEST UTTAR PRADESH,UTTAR PRADESH,GAUTAM BUDDHA NAGAR,46.8,4.4,964.0,LE,391.2,297.4,32.0,E,2026-08-17 06:56:12.763605
2026-08-16,2026-06-01,2026-08-16,district,WEST UTTAR PRADESH,UTTAR PRADESH,GHAZIABAD,0.0,4.3,-100.0,NR,145.0,299.7,-52.0,D,2026-08-17 06:56:12.763605
2026-08-16,2026-06-01,2026-08-16,district,WEST UTTAR PRADESH,UTTAR PRADESH,HAMIRPUR,31.6,11.2,182.0,LE,546.6,458.7,19.0,N,2026-08-17 06:56:12.763605
2026-08-16,2026-06-01,2026-08-16,district,WEST UTTAR PRADESH,UTTAR PRADESH,HAPUR,0.0,6.5,-100.0,NR,260.0,430.2,-40.0,D,2026-08-17 06:56:12.763605
2026-08-16,2026-06-01,2026-08-16,district,WEST UTTAR PRADESH,UTTAR PRADESH,HATHRAS,0.0,4.6,-100.0,NR,378.0,379.6,0.0,N,2026-08-17 06:56:12.763605
2026-08-16,2026-06-01,2026-08-16,district,WEST UTTAR PRADESH,UTTAR PRADESH,JALAUN,23.0,8.6,167.0,LE,333.6,424.7,-21.0,D,2026-08-17 06:56:12.763605
2026-08-16,2026-06-01,2026-08-16,district,WEST UTTAR PRADESH,UTTAR PRADESH,JHANSI,10.4,10.2,2.0,N,264.2,478.9,-45.0,D,2026-08-17 06:56:12.763605
2026-08-16,2026-06-01,2026-08-16,district,WEST UTTAR PRADESH,UTTAR PRADESH,KASGANJ,0.0,8.2,-100.0,NR,368.0,425.4,-13.0,N,2026-08-17 06:56:12.763605
2026-08-16,2026-06-01,2026-08-16,district,WEST UTTAR PRADESH,UTTAR PRADESH,LALITPUR,14.6,12.1,21.0,E,488.3,545.8,-11.0,N,2026-08-17 06:56:12.763605
2026-08-16,2026-06-01,2026-08-16,district,WEST UTTAR PRADESH,UTTAR PRADESH,MAHOBA,39.4,7.5,425.0,LE,391.1,391.7,0.0,N,2026-08-17 06:56:12.763605
2026-08-16,2026-06-01,2026-08-16,district,WEST UTTAR PRADESH,UTTAR PRADESH,MAINPURI,0.8,9.6,-91.0,LD,210.2,429.8,-51.0,D,2026-08-17 06:56:12.763605
2026-08-16,2026-06-01,2026-08-16,district,WEST UTTAR PRADESH,UTTAR PRADESH,MATHURA,0.0,8.6,-100.0,NR,192.5,330.2,-42.0,D,2026-08-17 06:56:12.763605
2026-08-16,2026-06-01,2026-08-16,district,WEST UTTAR PRADESH,UTTAR PRADESH,MEERUT,0.8,10.7,-93.0,LD,756.4,431.8,75.0,LE,2026-08-17 06:56:12.763605
2026-08-16,2026-06-01,2026-08-16,district,WEST UTTAR PRADESH,UTTAR PRADESH,MORADABAD,11.3,9.2,22.0,E,444.4,571.7,-22.0,D,2026-08-17 06:56:12.763605
2026-08-16,2026-06-01,2026-08-16,district,WEST UTTAR PRADESH,UTTAR PRADESH,MUZAFFARNAGAR,18.5,13.6,36.0,E,747.6,441.8,69.0,LE,2026-08-17 06:56:12.763605
2026-08-16,2026-06-01,2026-08-16,district,WEST UTTAR PRADESH,UTTAR PRADESH,PILIBHIT,3.3,8.1,-60.0,LD,139.8,558.1,-75.0,LD,2026-08-17 06:56:12.763605
2026-08-16,2026-06-01,2026-08-16,district,WEST UTTAR PRADESH,UTTAR PRADESH,RAMPUR,11.8,8.7,36.0,E,317.8,475.3,-33.0,D,2026-08-17 06:56:12.763605
2026-08-16,2026-06-01,2026-08-16,district,WEST UTTAR PRADESH,UTTAR PRADESH,SAHARANPUR,13.8,10.6,31.0,E,361.4,520.9,-31.0,D,2026-08-17 06:56:12.763605
2026-08-16,2026-06-01,2026-08-16,district,WEST UTTAR PRADESH,UTTAR PRADESH,SAMBHAL,41.8,7.8,436.0,LE,752.9,431.8,74.0,LE,2026-08-17 06:56:12.763605
2026-08-16,2026-06-01,2026-08-16,district,WEST UTTAR PRADESH,UTTAR PRADESH,SHAHJAHANPUR,45.1,11.7,286.0,LE,416.9,511.0,-18.0,N,2026-08-17 06:56:12.763605
2026-08-16,2026-06-01,2026-08-16,district,WEST UTTAR PRADESH,UTTAR PRADESH,SHAMLI,1.0,14.2,-93.0,LD,151.9,365.0,-58.0,D,2026-08-17 06:56:12.763605
2026-08-16,2026-06-01,2026-08-16,state,ASSAM & MEGHALAYA,ASSAM,,8.9,10.4,-15.0,N,765.2,1035.9,-26.0,D,2026-08-17 06:56:12.763605
2026-08-16,2026-06-01,2026-08-16,state,ASSAM & MEGHALAYA,MEGHALAYA,,9.6,19.1,-50.0,D,804.9,1926.3,-58.0,D,2026-08-17 06:56:12.763605
2026-08-16,2026-06-01,2026-08-16,state,BIHAR,UTTAR PRADESH,,14.0,8.8,59.0,E,380.8,488.9,-22.0,D,2026-08-17 06:56:12.763605
2026-08-16,2026-06-01,2026-08-16,state,CHHATTISGARH,ANDHRA PRADESH,,1.6,4.7,-66.0,LD,189.6,298.8,-37.0,D,2026-08-17 06:56:12.763605
2026-08-16,2026-06-01,2026-08-16,state,COASTAL A. P. & YANAM,ANDHRA PRADESH,,1.6,4.7,-66.0,LD,189.6,298.8,-37.0,D,2026-08-17 06:56:12.763605
2026-08-16,2026-06-01,2026-08-16,state,COASTAL A. P. & YANAM,PUDUCHERRY (UT),,0.8,4.2,-80.0,LD,159.9,219.5,-27.0,D,2026-08-17 06:56:12.763605
2026-08-16,2026-06-01,2026-08-16,state,EAST MADHYA PRADESH,GUJARAT,,1.5,6.0,-75.0,LD,509.1,505.7,1.0,N,2026-08-17 06:56:12.763605
2026-08-16,2026-06-01,2026-08-16,state,GUJARAT REGION,DADRA & NAGAR HAVELI AND DAMAN & DIU (UT),,10.2,10.8,-6.0,N,2643.7,1637.9,61.0,LE,2026-08-17 06:56:12.763605
2026-08-16,2026-06-01,2026-08-16,state,GUJARAT REGION,GUJARAT,,1.5,6.0,-75.0,LD,509.1,505.7,1.0,N,2026-08-17 06:56:12.763605
2026-08-16,2026-06-01,2026-08-16,state,HAR. CHD & DELHI,CHANDIGARH (UT),,0.7,8.9,-93.0,LD,442.0,603.5,-27.0,D,2026-08-17 06:56:12.763605
2026-08-16,2026-06-01,2026-08-16,state,HAR. CHD & DELHI,DELHI,,0.0,5.3,-100.0,NR,413.6,359.4,15.0,N,2026-08-17 06:56:12.763605
2026-08-16,2026-06-01,2026-08-16,state,HAR. CHD & DELHI,HARYANA,,2.0,5.4,-62.0,LD,250.6,286.9,-13.0,N,2026-08-17 06:56:12.763605
2026-08-16,2026-06-01,2026-08-16,state,J & K AND LADAKH,JAMMU & KASHMIR(UT),,0.4,6.6,-94.0,LD,401.2,379.3,6.0,N,2026-08-17 06:56:12.763605
2026-08-16,2026-06-01,2026-08-16,state,J & K AND LADAKH,LADAKH (UT),,0.0,0.3,-100.0,NR,45.0,15.6,188.0,LE,2026-08-17 06:56:12.763605
2026-08-16,2026-06-01,2026-08-16,state,J & K AND LADAKH,RAJASTHAN,,2.6,7.2,-64.0,LD,264.5,307.2,-14.0,N,2026-08-17 06:56:12.763605
2026-08-16,2026-06-01,2026-08-16,state,KERALA & MAHE,KERALA,,5.7,15.8,-64.0,LD,1223.2,1572.1,-22.0,D,2026-08-17 06:56:12.763605
2026-08-16,2026-06-01,2026-08-16,state,KERALA & MAHE,PUDUCHERRY (UT),,0.8,4.2,-80.0,LD,159.9,219.5,-27.0,D,2026-08-17 06:56:12.763605
2026-08-16,2026-06-01,2026-08-16,state,KONKAN & GOA,GOA,,24.1,20.9,15.0,N,1601.6,2427.9,-34.0,D,2026-08-17 06:56:12.763605
2026-08-16,2026-06-01,2026-08-16,state,KONKAN & GOA,MAHARASHTRA,,4.5,9.4,-52.0,D,667.3,694.6,-4.0,N,2026-08-17 06:56:12.763605
2026-08-16,2026-06-01,2026-08-16,state,NMMT,MANIPUR,,0.1,9.5,-98.0,LD,435.9,725.9,-40.0,D,2026-08-17 06:56:12.763605
2026-08-16,2026-06-01,2026-08-16,state,NMMT,MIZORAM,,8.1,13.1,-38.0,D,832.4,1063.8,-22.0,D,2026-08-17 06:56:12.763605
2026-08-16,2026-06-01,2026-08-16,state,NMMT,NAGALAND,,7.2,9.8,-27.0,D,731.6,707.3,3.0,N,2026-08-17 06:56:12.763605
2026-08-16,2026-06-01,2026-08-16,state,NMMT,TRIPURA,,0.6,10.2,-94.0,LD,830.7,980.7,-15.0,N,2026-08-17 06:56:12.763605
2026-08-16,2026-06-01,2026-08-16,state,SAURASHTRA & KUTCH,DADRA & NAGAR HAVELI AND DAMAN & DIU (UT),,10.2,10.8,-6.0,N,2643.7,1637.9,61.0,LE,2026-08-17 06:56:12.763605
2026-08-16,2026-06-01,2026-08-16,state,SAURASHTRA & KUTCH,GUJARAT,,1.5,6.0,-75.0,LD,509.1,505.7,1.0,N,2026-08-17 06:56:12.763605
2026-08-16,2026-06-01,2026-08-16,state,SHWB & SIKKIM,SIKKIM,,1.5,11.8,-88.0,LD,1134.6,1129.7,0.0,N,2026-08-17 06:56:12.763605
2026-08-16,2026-06-01,2026-08-16,state,SHWB & SIKKIM,WEST BENGAL,,4.7,11.8,-60.0,LD,911.6,891.3,2.0,N,2026-08-17 06:56:12.763605
2026-08-16,2026-06-01,2026-08-16,state,TAMIL. PUDU.& KARAIKAL,KARNATAKA,,3.0,6.8,-57.0,D,459.2,580.2,-21.0,D,2026-08-17 06:56:12.763605
2026-08-16,2026-06-01,2026-08-16,state,TAMIL. PUDU.& KARAIKAL,PUDUCHERRY (UT),,0.8,4.2,-80.0,LD,159.9,219.5,-27.0,D,2026-08-17 06:56:12.763605
2026-08-16,2026-06-01,2026-08-16,state,TAMIL. PUDU.& KARAIKAL,TAMILNADU,,0.5,3.4,-86.0,LD,143.8,159.6,-10.0,N,2026-08-17 06:56:12.763605
2026-08-16,2026-06-01,2026-08-16,state,WEST RAJASTHAN,MADHYA PRADESH,,15.2,11.7,30.0,E,562.3,630.5,-11.0,N,2026-08-17 06:56:12.763605
2026-08-16,2026-06-01,2026-08-16,subdivision,A & N ISLAND,,,1.9,10.6,-82.0,LD,1041.1,1005.2,4.0,N,2026-08-17 06:56:12.763605
2026-08-16,2026-06-01,2026-08-16,subdivision,ARUNACHAL PRADESH,,,11.6,13.4,-14.0,N,705.2,1154.3,-39.0,D,2026-08-17 06:56:12.763605
2026-08-16,2026-06-01,2026-08-16,subdivision,ASSAM & MEGHALAYA,,,9.0,12.4,-27.0,D,774.6,1243.1,-38.0,D,2026-08-17 06:56:12.763605
2026-08-16,2026-06-01,2026-08-16,subdivision,BIHAR,,,0.1,10.6,-99.0,LD,383.4,648.3,-41.0,D,2026-08-17 06:56:12.763605
2026-08-16,2026-06-01,2026-08-16,subdivision,CHHATTISGARH,,,10.0,12.7,-21.0,D,705.0,760.2,-7.0,N,2026-08-17 06:56:12.763605
2026-08-16,2026-06-01,2026-08-16,subdivision,COASTAL A. P. & YANAM,,,2.8,5.3,-47.0,D,228.2,358.0,-36.0,D,2026-08-17 06:56:12.763605
2026-08-16,2026-06-01,2026-08-16,subdivision,COASTAL KARNATAKA,,,14.6,26.1,-44.0,D,1885.2,2465.6,-24.0,D,2026-08-17 06:56:12.763605
2026-08-16,2026-06-01,2026-08-16,subdivision,EAST MADHYA PRADESH,,,21.5,12.0,79.0,LE,582.6,691.1,-16.0,N,2026-08-17 06:56:12.763605
2026-08-16,2026-06-01,2026-08-16,subdivision,EAST RAJASTHAN,,,5.8,9.8,-41.0,D,371.1,437.1,-15.0,N,2026-08-17 06:56:12.763605
2026-08-16,2026-06-01,2026-08-16,subdivision,EAST UTTAR PRADESH,,,14.0,8.4,67.0,LE,368.9,519.2,-29.0,D,2026-08-17 06:56:12.763605
2026-08-16,2026-06-01,2026-08-16,subdivision,GANGETIC WEST BENGAL,,,5.7,10.7,-46.0,D,798.9,767.2,4.0,N,2026-08-17 06:56:12.763605
2026-08-16,2026-06-01,2026-08-16,subdivision,GUJARAT REGION,,,2.3,9.1,-74.0,LD,778.7,657.2,18.0,N,2026-08-17 06:56:12.763605
2026-08-16,2026-06-01,2026-08-16,subdivision,HAR. CHD & DELHI,,,2.0,5.5,-64.0,LD,255.1,289.9,-12.0,N,2026-08-17 06:56:12.763605
2026-08-16,2026-06-01,2026-08-16,subdivision,HIMACHAL PRADESH,,,6.6,8.6,-24.0,D,468.3,513.5,-9.0,N,2026-08-17 06:56:12.763605
2026-08-16,2026-06-01,2026-08-16,subdivision,J & K AND LADAKH,,,0.4,6.6,-94.0,LD,401.2,379.3,6.0,N,2026-08-17 06:56:12.763605
2026-08-16,2026-06-01,2026-08-16,subdivision,JHARKHAND,,,3.7,9.7,-62.0,LD,529.0,668.6,-21.0,D,2026-08-17 06:56:12.763605
2026-08-16,2026-06-01,2026-08-16,subdivision,KERALA & MAHE,,,5.7,15.8,-64.0,LD,1223.3,1572.1,-22.0,D,2026-08-17 06:56:12.763605
2026-08-16,2026-06-01,2026-08-16,subdivision,KONKAN & GOA,,,23.8,21.2,12.0,N,2113.6,2214.2,-5.0,N,2026-08-17 06:56:12.763605
2026-08-16,2026-06-01,2026-08-16,subdivision,LAKSHADWEEP,,,4.8,5.8,-17.0,N,552.1,734.5,-25.0,D,2026-08-17 06:56:12.763605
2026-08-16,2026-06-01,2026-08-16,subdivision,MADHYA MAHARASHTRA,,,3.1,6.1,-49.0,D,597.5,506.4,18.0,N,2026-08-17 06:56:12.763605
2026-08-16,2026-06-01,2026-08-16,subdivision,MARATHWADA,,,1.2,5.4,-77.0,LD,317.3,391.7,-19.0,N,2026-08-17 06:56:12.763605
2026-08-16,2026-06-01,2026-08-16,subdivision,N. I. KARNATAKA,,,1.8,3.7,-51.0,D,249.6,285.9,-13.0,N,2026-08-17 06:56:12.763605
2026-08-16,2026-06-01,2026-08-16,subdivision,NMMT,,,4.4,10.9,-60.0,LD,697.5,881.1,-21.0,D,2026-08-17 06:56:12.763605
2026-08-16,2026-06-01,2026-08-16,subdivision,ODISHA,,,17.3,11.9,45.0,E,951.3,749.0,27.0,E,2026-08-17 06:56:12.763605
2026-08-16,2026-06-01,2026-08-16,subdivision,PUNJAB,,,3.4,4.7,-27.0,D,195.2,307.2,-36.0,D,2026-08-17 06:56:12.763605
2026-08-16,2026-06-01,2026-08-16,subdivision,RAYALASEEMA,,,0.1,3.7,-98.0,LD,139.0,214.8,-35.0,D,2026-08-17 06:56:12.763605
2026-08-16,2026-06-01,2026-08-16,subdivision,S. I. KARNATAKA,,,1.6,5.6,-72.0,LD,354.2,453.8,-22.0,D,2026-08-17 06:56:12.763605
2026-08-16,2026-06-01,2026-08-16,subdivision,SAURASHTRA & KUTCH,,,0.9,3.3,-73.0,LD,295.6,385.3,-23.0,D,2026-08-17 06:56:12.763605
2026-08-16,2026-06-01,2026-08-16,subdivision,SHWB & SIKKIM,,,1.4,14.8,-90.0,LD,1224.2,1275.0,-4.0,N,2026-08-17 06:56:12.763605
2026-08-16,2026-06-01,2026-08-16,subdivision,TAMIL. PUDU.& KARAIKAL,,,0.5,3.4,-86.0,LD,143.7,159.6,-10.0,N,2026-08-17 06:56:12.763605
2026-08-16,2026-06-01,2026-08-16,subdivision,TELANGANA,,,2.3,7.4,-69.0,LD,412.0,474.5,-13.0,N,2026-08-17 06:56:12.763605
2026-08-16,2026-06-01,2026-08-16,subdivision,UTTARAKHAND,,,14.7,18.8,-22.0,D,786.8,817.3,-4.0,N,2026-08-17 06:56:12.763605
2026-08-16,2026-06-01,2026-08-16,subdivision,VIDARBHA,,,2.4,12.5,-81.0,LD,519.6,650.3,-20.0,D,2026-08-17 06:56:12.763605
2026-08-16,2026-06-01,2026-08-16,subdivision,WEST MADHYA PRADESH,,,10.3,11.4,-10.0,N,546.8,583.9,-6.0,N,2026-08-17 06:56:12.763605
2026-08-16,2026-06-01,2026-08-16,subdivision,WEST RAJASTHAN,,,0.0,5.2,-99.0,LD,179.5,203.9,-12.0,N,2026-08-17 06:56:12.763605
2026-08-16,2026-06-01,2026-08-16,subdivision,WEST UTTAR PRADESH,,,13.9,9.3,50.0,E,397.7,446.5,-11.0,N,2026-08-17 06:56:12.763605
