date,period_start,period_end,level,subdivision,state,district,day_actual_mm,day_normal_mm,day_departure_pct,day_category,period_actual_mm,period_normal_mm,period_departure_pct,period_category,scraped_at
2026-08-31,2026-06-01,2026-08-31,district,A & N ISLAND,ANDAMAN & NICOBAR ISLANDS,NICOBAR,0.1,8.7,-98.0,LD,465.9,791.3,-41.0,D,2026-08-31 12:56:08.379116
2026-08-31,2026-06-01,2026-08-31,district,A & N ISLAND,ANDAMAN & NICOBAR ISLANDS,NORTH & MIDDLE ANDAMAN,3.3,15.9,-79.0,LD,1940.5,1430.8,36.0,E,2026-08-31 12:56:08.379116
2026-08-31,2026-06-01,2026-08-31,district,A & N ISLAND,ANDAMAN & NICOBAR ISLANDS,SOUTH ANDAMAN,3.4,16.3,-79.0,LD,1009.2,1206.5,-16.0,N,2026-08-31 12:56:08.379116
2026-08-31,2026-06-01,2026-08-31,district,ARUNACHAL PRADESH,ARUNACHAL PRADESH,ANJAW,15.1,6.3,140.0,LE,154.7,1317.9,-88.0,LD,2026-08-31 12:56:08.379116
2026-08-31,2026-06-01,2026-08-31,district,ARUNACHAL PRADESH,ARUNACHAL PRADESH,CHANGLANG,0.0,11.5,-100.0,NR,939.6,1088.9,-14.0,N,2026-08-31 12:56:08.379116
2026-08-31,2026-06-01,2026-08-31,district,ARUNACHAL PRADESH,ARUNACHAL PRADESH,EAST KAMENG,26.2,7.5,249.0,LE,1125.4,960.8,17.0,N,2026-08-31 12:56:08.379116
2026-08-31,2026-06-01,2026-08-31,district,ARUNACHAL PRADESH,ARUNACHAL PRADESH,EAST SIANG,0.0,20.3,-100.0,NR,1860.7,2565.8,-27.0,D,2026-08-31 12:56:08.379116
2026-08-31,2026-06-01,2026-08-31,district,ARUNACHAL PRADESH,ARUNACHAL PRADESH,KURUNG KUMEY,15.3,8.3,84.0,LE,472.0,910.2,-48.0,D,2026-08-31 12:56:08.379116
2026-08-31,2026-06-01,2026-08-31,district,ARUNACHAL PRADESH,ARUNACHAL PRADESH,LOHIT,2.1,9.1,-77.0,LD,794.6,1266.8,-37.0,D,2026-08-31 12:56:08.379116
2026-08-31,2026-06-01,2026-08-31,district,ARUNACHAL PRADESH,ARUNACHAL PRADESH,LOWER SUBANSIRI,1.5,5.2,-71.0,LD,358.0,606.9,-41.0,D,2026-08-31 12:56:08.379116
2026-08-31,2026-06-01,2026-08-31,district,ARUNACHAL PRADESH,ARUNACHAL PRADESH,PAPUMPARA,55.1,11.4,383.0,LE,1433.5,1753.4,-18.0,N,2026-08-31 12:56:08.379116
2026-08-31,2026-06-01,2026-08-31,district,ARUNACHAL PRADESH,ARUNACHAL PRADESH,TAWANG,0.0,9.1,-100.0,NR,305.1,788.2,-61.0,LD,2026-08-31 12:56:08.379116
2026-08-31,2026-06-01,2026-08-31,district,ARUNACHAL PRADESH,ARUNACHAL PRADESH,TIRAP,5.5,10.5,-48.0,D,1629.5,1600.6,2.0,N,2026-08-31 12:56:08.379116
2026-08-31,2026-06-01,2026-08-31,district,ARUNACHAL PRADESH,ARUNACHAL PRADESH,UPPER SIANG,5.1,12.4,-59.0,D,948.8,1328.4,-29.0,D,2026-08-31 12:56:08.379116
2026-08-31,2026-06-01,2026-08-31,district,ARUNACHAL PRADESH,ARUNACHAL PRADESH,UPPER SUBANSIRI,11.2,4.1,173.0,LE,288.5,750.3,-62.0,LD,2026-08-31 12:56:08.379116
2026-08-31,2026-06-01,2026-08-31,district,ARUNACHAL PRADESH,ARUNACHAL PRADESH,WEST KAMENG,10.4,12.3,-15.0,N,430.0,1378.5,-69.0,LD,2026-08-31 12:56:08.379116
2026-08-31,2026-06-01,2026-08-31,district,ARUNACHAL PRADESH,ARUNACHAL PRADESH,WEST SIANG,7.5,11.8,-37.0,D,555.8,1597.2,-65.0,LD,2026-08-31 12:56:08.379116
2026-08-31,2026-06-01,2026-08-31,district,ASSAM & MEGHALAYA,ASSAM,BAJALI,28.0,18.1,55.0,E,1001.5,1724.3,-42.0,D,2026-08-31 12:56:08.379116
2026-08-31,2026-06-01,2026-08-31,district,ASSAM & MEGHALAYA,ASSAM,BAKSA,42.2,10.1,318.0,LE,1041.2,1258.4,-17.0,N,2026-08-31 12:56:08.379116
2026-08-31,2026-06-01,2026-08-31,district,ASSAM & MEGHALAYA,ASSAM,BARPETA,39.2,18.1,117.0,LE,1141.2,1724.3,-34.0,D,2026-08-31 12:56:08.379116
2026-08-31,2026-06-01,2026-08-31,district,ASSAM & MEGHALAYA,ASSAM,BONGAIGAON,42.6,24.8,72.0,LE,832.2,1950.2,-57.0,D,2026-08-31 12:56:08.379116
2026-08-31,2026-06-01,2026-08-31,district,ASSAM & MEGHALAYA,ASSAM,CACHAR,10.3,14.9,-31.0,D,1425.8,1474.2,-3.0,N,2026-08-31 12:56:08.379116
2026-08-31,2026-06-01,2026-08-31,district,ASSAM & MEGHALAYA,ASSAM,CHARAIDEO,1.5,7.2,-79.0,LD,1087.0,844.1,29.0,E,2026-08-31 12:56:08.379116
2026-08-31,2026-06-01,2026-08-31,district,ASSAM & MEGHALAYA,ASSAM,CHIRANG,56.5,19.7,187.0,LE,1144.4,1955.3,-41.0,D,2026-08-31 12:56:08.379116
2026-08-31,2026-06-01,2026-08-31,district,ASSAM & MEGHALAYA,ASSAM,DARRANG,37.6,9.7,288.0,LE,641.2,1062.2,-40.0,D,2026-08-31 12:56:08.379116
2026-08-31,2026-06-01,2026-08-31,district,ASSAM & MEGHALAYA,ASSAM,DHEMAJI,0.0,15.4,-100.0,NR,1857.4,1657.7,12.0,N,2026-08-31 12:56:08.379116
2026-08-31,2026-06-01,2026-08-31,district,ASSAM & MEGHALAYA,ASSAM,DHUBRI,21.1,17.2,22.0,E,1089.6,1740.7,-37.0,D,2026-08-31 12:56:08.379116
2026-08-31,2026-06-01,2026-08-31,district,ASSAM & MEGHALAYA,ASSAM,DIBRUGARH,19.9,11.1,80.0,LE,973.3,1202.8,-19.0,N,2026-08-31 12:56:08.379116
2026-08-31,2026-06-01,2026-08-31,district,ASSAM & MEGHALAYA,ASSAM,DIMA HASAO,2.6,5.7,-54.0,D,425.2,833.3,-49.0,D,2026-08-31 12:56:08.379116
2026-08-31,2026-06-01,2026-08-31,district,ASSAM & MEGHALAYA,ASSAM,GOALPARA,112.5,14.2,692.0,LE,805.8,1652.5,-51.0,D,2026-08-31 12:56:08.379116
2026-08-31,2026-06-01,2026-08-31,district,ASSAM & MEGHALAYA,ASSAM,GOLAGHAT,12.6,6.3,101.0,LE,759.6,843.6,-10.0,N,2026-08-31 12:56:08.379116
2026-08-31,2026-06-01,2026-08-31,district,ASSAM & MEGHALAYA,ASSAM,HAILAKANDI,40.7,7.3,458.0,LE,1077.0,1238.3,-13.0,N,2026-08-31 12:56:08.379116
2026-08-31,2026-06-01,2026-08-31,district,ASSAM & MEGHALAYA,ASSAM,HOJAI,3.8,4.6,-18.0,N,360.6,608.2,-41.0,D,2026-08-31 12:56:08.379116
2026-08-31,2026-06-01,2026-08-31,district,ASSAM & MEGHALAYA,ASSAM,JORHAT,5.3,10.2,-48.0,D,719.1,1010.1,-29.0,D,2026-08-31 12:56:08.379116
2026-08-31,2026-06-01,2026-08-31,district,ASSAM & MEGHALAYA,ASSAM,KAMRUP METROPOLITAN,8.2,5.9,40.0,E,681.2,861.5,-21.0,D,2026-08-31 12:56:08.379116
2026-08-31,2026-06-01,2026-08-31,district,ASSAM & MEGHALAYA,ASSAM,KAMRUP RURAL,15.9,8.5,87.0,LE,497.9,1064.4,-53.0,D,2026-08-31 12:56:08.379116
2026-08-31,2026-06-01,2026-08-31,district,ASSAM & MEGHALAYA,ASSAM,KARBI ANGLONG,6.8,5.2,31.0,E,509.0,652.5,-22.0,D,2026-08-31 12:56:08.379116
2026-08-31,2026-06-01,2026-08-31,district,ASSAM & MEGHALAYA,ASSAM,KOKRAJHAR,39.7,13.8,187.0,LE,2047.3,2225.6,-8.0,N,2026-08-31 12:56:08.379116
2026-08-31,2026-06-01,2026-08-31,district,ASSAM & MEGHALAYA,ASSAM,LAKHIMPUR,35.6,12.8,178.0,LE,1920.4,1643.0,17.0,N,2026-08-31 12:56:08.379116
2026-08-31,2026-06-01,2026-08-31,district,ASSAM & MEGHALAYA,ASSAM,MORIGAON,19.5,9.5,105.0,LE,580.7,911.9,-36.0,D,2026-08-31 12:56:08.379116
2026-08-31,2026-06-01,2026-08-31,district,ASSAM & MEGHALAYA,ASSAM,NAGAON,2.8,7.3,-61.0,LD,364.0,836.7,-56.0,D,2026-08-31 12:56:08.379116
2026-08-31,2026-06-01,2026-08-31,district,ASSAM & MEGHALAYA,ASSAM,NALBARI,14.7,10.7,37.0,E,520.9,1314.2,-60.0,LD,2026-08-31 12:56:08.379116
2026-08-31,2026-06-01,2026-08-31,district,ASSAM & MEGHALAYA,ASSAM,SIBSAGAR,12.3,5.6,120.0,LE,684.0,965.0,-29.0,D,2026-08-31 12:56:08.379116
2026-08-31,2026-06-01,2026-08-31,district,ASSAM & MEGHALAYA,ASSAM,SONITPUR,42.4,8.4,405.0,LE,945.5,967.1,-2.0,N,2026-08-31 12:56:08.379116
2026-08-31,2026-06-01,2026-08-31,district,ASSAM & MEGHALAYA,ASSAM,SRIBHUMI,31.0,15.1,105.0,LE,1399.8,1776.8,-21.0,D,2026-08-31 12:56:08.379116
2026-08-31,2026-06-01,2026-08-31,district,ASSAM & MEGHALAYA,ASSAM,TAMULPUR,60.2,3.2,1781.0,LE,1032.5,1098.4,-6.0,N,2026-08-31 12:56:08.379116
2026-08-31,2026-06-01,2026-08-31,district,ASSAM & MEGHALAYA,ASSAM,TINSUKIA,1.6,10.2,-85.0,LD,1125.8,1166.8,-4.0,N,2026-08-31 12:56:08.379116
2026-08-31,2026-06-01,2026-08-31,district,ASSAM & MEGHALAYA,ASSAM,UDALGURI,10.7,9.6,12.0,N,508.6,1192.6,-57.0,D,2026-08-31 12:56:08.379116
2026-08-31,2026-06-01,2026-08-31,district,ASSAM & MEGHALAYA,ASSAM,WEST KARBI ANGLONG,0.0,3.3,-100.0,NR,479.2,564.0,-15.0,N,2026-08-31 12:56:08.379116
2026-08-31,2026-06-01,2026-08-31,district,ASSAM & MEGHALAYA,MEGHALAYA,EAST GARO HILLS,2.2,11.7,-81.0,LD,586.9,1523.1,-61.0,LD,2026-08-31 12:56:08.379116
2026-08-31,2026-06-01,2026-08-31,district,ASSAM & MEGHALAYA,MEGHALAYA,EAST JAINTIA HILLS,14.6,22.1,-34.0,D,1347.7,3711.0,-64.0,LD,2026-08-31 12:56:08.379116
2026-08-31,2026-06-01,2026-08-31,district,ASSAM & MEGHALAYA,MEGHALAYA,EAST KHASI HILLS,13.5,39.8,-66.0,LD,1824.8,3733.2,-51.0,D,2026-08-31 12:56:08.379116
2026-08-31,2026-06-01,2026-08-31,district,ASSAM & MEGHALAYA,MEGHALAYA,NORTH GARO HILLS,17.5,8.5,106.0,LE,498.5,1467.4,-66.0,LD,2026-08-31 12:56:08.379116
2026-08-31,2026-06-01,2026-08-31,district,ASSAM & MEGHALAYA,MEGHALAYA,RI BHOI,11.5,18.2,-37.0,D,660.4,1218.0,-46.0,D,2026-08-31 12:56:08.379116
2026-08-31,2026-06-01,2026-08-31,district,ASSAM & MEGHALAYA,MEGHALAYA,SOUTH GARO HILLS,1.4,8.5,-84.0,LD,774.2,1467.4,-47.0,D,2026-08-31 12:56:08.379116
2026-08-31,2026-06-01,2026-08-31,district,ASSAM & MEGHALAYA,MEGHALAYA,SOUTH WEST GARO HILLS,0.0,8.5,-100.0,NR,499.1,1467.4,-66.0,LD,2026-08-31 12:56:08.379116
2026-08-31,2026-06-01,2026-08-31,district,ASSAM & MEGHALAYA,MEGHALAYA,SOUTH WEST KHASI HILLS,14.0,8.5,65.0,LE,2479.6,1467.4,69.0,LE,2026-08-31 12:56:08.379116
2026-08-31,2026-06-01,2026-08-31,district,ASSAM & MEGHALAYA,MEGHALAYA,WEST GARO HILLS,1.5,12.0,-88.0,LD,414.0,1500.2,-72.0,LD,2026-08-31 12:56:08.379116
2026-08-31,2026-06-01,2026-08-31,district,ASSAM & MEGHALAYA,MEGHALAYA,WEST JAINTIA HILLS,7.1,22.1,-68.0,LD,795.2,3711.0,-79.0,LD,2026-08-31 12:56:08.379116
2026-08-31,2026-06-01,2026-08-31,district,ASSAM & MEGHALAYA,MEGHALAYA,WEST KHASI HILLS,5.7,10.8,-48.0,D,711.5,2193.2,-68.0,LD,2026-08-31 12:56:08.379116
2026-08-31,2026-06-01,2026-08-31,district,BIHAR,BIHAR,ARARIA,19.9,8.1,145.0,LE,713.2,1090.6,-35.0,D,2026-08-31 12:56:08.379116
2026-08-31,2026-06-01,2026-08-31,district,BIHAR,BIHAR,ARWAL,26.4,6.8,288.0,LE,363.9,545.4,-33.0,D,2026-08-31 12:56:08.379116
2026-08-31,2026-06-01,2026-08-31,district,BIHAR,BIHAR,AURANGABAD,69.0,5.3,1202.0,LE,643.0,671.3,-4.0,N,2026-08-31 12:56:08.379116
2026-08-31,2026-06-01,2026-08-31,district,BIHAR,BIHAR,BANKA,5.3,4.5,17.0,N,355.1,671.9,-47.0,D,2026-08-31 12:56:08.379116
2026-08-31,2026-06-01,2026-08-31,district,BIHAR,BIHAR,BEGUSARAI,0.0,7.0,-100.0,NR,484.8,768.5,-37.0,D,2026-08-31 12:56:08.379116
2026-08-31,2026-06-01,2026-08-31,district,BIHAR,BIHAR,BHABUA,6.7,6.3,6.0,N,389.2,668.9,-42.0,D,2026-08-31 12:56:08.379116
2026-08-31,2026-06-01,2026-08-31,district,BIHAR,BIHAR,BHAGALPUR,1.6,6.7,-76.0,LD,319.4,750.5,-57.0,D,2026-08-31 12:56:08.379116
2026-08-31,2026-06-01,2026-08-31,district,BIHAR,BIHAR,BHOJPUR,25.1,7.3,244.0,LE,344.6,682.1,-49.0,D,2026-08-31 12:56:08.379116
2026-08-31,2026-06-01,2026-08-31,district,BIHAR,BIHAR,BUXAR,20.4,7.1,188.0,LE,481.0,613.2,-22.0,D,2026-08-31 12:56:08.379116
2026-08-31,2026-06-01,2026-08-31,district,BIHAR,BIHAR,DARBHANGA,2.3,6.3,-63.0,LD,339.2,713.0,-52.0,D,2026-08-31 12:56:08.379116
2026-08-31,2026-06-01,2026-08-31,district,BIHAR,BIHAR,EAST CHAMPARAN,12.4,6.7,86.0,LE,468.0,844.1,-45.0,D,2026-08-31 12:56:08.379116
2026-08-31,2026-06-01,2026-08-31,district,BIHAR,BIHAR,GAYA,17.6,4.5,291.0,LE,452.9,653.6,-31.0,D,2026-08-31 12:56:08.379116
2026-08-31,2026-06-01,2026-08-31,district,BIHAR,BIHAR,GOPALGANJ,0.2,6.9,-98.0,LD,459.5,751.8,-39.0,D,2026-08-31 12:56:08.379116
2026-08-31,2026-06-01,2026-08-31,district,BIHAR,BIHAR,JAHANABAD,1.9,5.5,-66.0,LD,250.7,647.8,-61.0,LD,2026-08-31 12:56:08.379116
2026-08-31,2026-06-01,2026-08-31,district,BIHAR,BIHAR,JAMUI,17.1,8.4,104.0,LE,350.1,717.7,-51.0,D,2026-08-31 12:56:08.379116
2026-08-31,2026-06-01,2026-08-31,district,BIHAR,BIHAR,KATIHAR,1.3,7.2,-82.0,LD,480.9,816.9,-41.0,D,2026-08-31 12:56:08.379116
2026-08-31,2026-06-01,2026-08-31,district,BIHAR,BIHAR,KHAGARIA,0.8,6.8,-88.0,LD,687.0,745.6,-8.0,N,2026-08-31 12:56:08.379116
2026-08-31,2026-06-01,2026-08-31,district,BIHAR,BIHAR,KISHANGANJ,15.8,13.4,18.0,N,942.2,1391.7,-32.0,D,2026-08-31 12:56:08.379116
2026-08-31,2026-06-01,2026-08-31,district,BIHAR,BIHAR,LAKHISARAI,8.5,7.7,10.0,N,570.1,649.7,-12.0,N,2026-08-31 12:56:08.379116
2026-08-31,2026-06-01,2026-08-31,district,BIHAR,BIHAR,MADHEPURA,8.5,11.0,-22.0,D,494.4,796.2,-38.0,D,2026-08-31 12:56:08.379116
2026-08-31,2026-06-01,2026-08-31,district,BIHAR,BIHAR,MADHUBANI,10.2,5.1,100.0,LE,455.8,791.2,-42.0,D,2026-08-31 12:56:08.379116
2026-08-31,2026-06-01,2026-08-31,district,BIHAR,BIHAR,MUNGER,4.4,6.4,-31.0,D,499.4,794.0,-37.0,D,2026-08-31 12:56:08.379116
2026-08-31,2026-06-01,2026-08-31,district,BIHAR,BIHAR,MUZAFFARPUR,0.1,7.8,-98.0,LD,363.0,751.1,-52.0,D,2026-08-31 12:56:08.379116
2026-08-31,2026-06-01,2026-08-31,district,BIHAR,BIHAR,NALANDA,0.0,7.1,-100.0,NR,382.8,661.2,-42.0,D,2026-08-31 12:56:08.379116
2026-08-31,2026-06-01,2026-08-31,district,BIHAR,BIHAR,NAWADA,7.7,3.7,107.0,LE,411.0,648.1,-37.0,D,2026-08-31 12:56:08.379116
2026-08-31,2026-06-01,2026-08-31,district,BIHAR,BIHAR,PATNA,4.0,5.3,-24.0,D,345.1,683.6,-50.0,D,2026-08-31 12:56:08.379116
2026-08-31,2026-06-01,2026-08-31,district,BIHAR,BIHAR,PURNEA,5.0,12.9,-61.0,LD,603.7,1102.9,-45.0,D,2026-08-31 12:56:08.379116
2026-08-31,2026-06-01,2026-08-31,district,BIHAR,BIHAR,ROHTAS,20.2,4.7,330.0,LE,440.1,652.2,-33.0,D,2026-08-31 12:56:08.379116
2026-08-31,2026-06-01,2026-08-31,district,BIHAR,BIHAR,SAHARSA,3.2,8.9,-64.0,LD,428.8,846.9,-49.0,D,2026-08-31 12:56:08.379116
2026-08-31,2026-06-01,2026-08-31,district,BIHAR,BIHAR,SAMASTIPUR,0.0,7.1,-100.0,NR,390.0,722.7,-46.0,D,2026-08-31 12:56:08.379116
2026-08-31,2026-06-01,2026-08-31,district,BIHAR,BIHAR,SARAN,0.5,4.7,-88.0,LD,343.6,703.6,-51.0,D,2026-08-31 12:56:08.379116
2026-08-31,2026-06-01,2026-08-31,district,BIHAR,BIHAR,SHEIKHPURA,0.9,8.2,-89.0,LD,371.5,636.3,-42.0,D,2026-08-31 12:56:08.379116
2026-08-31,2026-06-01,2026-08-31,district,BIHAR,BIHAR,SHEOHAR,1.5,7.5,-80.0,LD,318.3,802.7,-60.0,LD,2026-08-31 12:56:08.379116
2026-08-31,2026-06-01,2026-08-31,district,BIHAR,BIHAR,SITAMARHI,6.0,6.0,1.0,N,358.3,871.7,-59.0,D,2026-08-31 12:56:08.379116
2026-08-31,2026-06-01,2026-08-31,district,BIHAR,BIHAR,SIWAN,0.3,4.6,-94.0,LD,601.5,688.1,-13.0,N,2026-08-31 12:56:08.379116
2026-08-31,2026-06-01,2026-08-31,district,BIHAR,BIHAR,SUPAUL,14.7,8.9,65.0,LE,624.7,857.2,-27.0,D,2026-08-31 12:56:08.379116
2026-08-31,2026-06-01,2026-08-31,district,BIHAR,BIHAR,VAISHALI,0.1,6.0,-99.0,LD,402.4,706.0,-43.0,D,2026-08-31 12:56:08.379116
2026-08-31,2026-06-01,2026-08-31,district,BIHAR,BIHAR,WEST CHAMPARAN,0.4,8.6,-95.0,LD,608.6,995.1,-39.0,D,2026-08-31 12:56:08.379116
2026-08-31,2026-06-01,2026-08-31,district,CHHATTISGARH,CHHATTISGARH,BALOD,29.3,10.1,190.0,LE,917.3,823.2,11.0,N,2026-08-31 12:56:08.379116
2026-08-31,2026-06-01,2026-08-31,district,CHHATTISGARH,CHHATTISGARH,BALODA BAZAR,1.9,5.4,-66.0,LD,900.3,759.9,18.0,N,2026-08-31 12:56:08.379116
2026-08-31,2026-06-01,2026-08-31,district,CHHATTISGARH,CHHATTISGARH,BALRAMPUR,76.4,7.2,962.0,LE,1309.7,786.3,67.0,LE,2026-08-31 12:56:08.379116
2026-08-31,2026-06-01,2026-08-31,district,CHHATTISGARH,CHHATTISGARH,BASTAR,20.1,10.1,99.0,LE,856.7,952.8,-10.0,N,2026-08-31 12:56:08.379116
2026-08-31,2026-06-01,2026-08-31,district,CHHATTISGARH,CHHATTISGARH,BEMETARA,7.8,7.8,0.0,N,510.0,858.2,-41.0,D,2026-08-31 12:56:08.379116
2026-08-31,2026-06-01,2026-08-31,district,CHHATTISGARH,CHHATTISGARH,BIJAPUR,4.1,14.1,-71.0,LD,1233.3,1142.3,8.0,N,2026-08-31 12:56:08.379116
2026-08-31,2026-06-01,2026-08-31,district,CHHATTISGARH,CHHATTISGARH,BILASPUR,0.1,10.4,-99.0,LD,907.9,853.7,6.0,N,2026-08-31 12:56:08.379116
2026-08-31,2026-06-01,2026-08-31,district,CHHATTISGARH,CHHATTISGARH,DANTEWADA,5.2,19.6,-73.0,LD,919.9,1067.1,-14.0,N,2026-08-31 12:56:08.379116
2026-08-31,2026-06-01,2026-08-31,district,CHHATTISGARH,CHHATTISGARH,DHAMTARI,53.7,6.2,767.0,LE,916.4,853.2,7.0,N,2026-08-31 12:56:08.379116
2026-08-31,2026-06-01,2026-08-31,district,CHHATTISGARH,CHHATTISGARH,DURG,14.6,5.6,160.0,LE,678.8,806.5,-16.0,N,2026-08-31 12:56:08.379116
2026-08-31,2026-06-01,2026-08-31,district,CHHATTISGARH,CHHATTISGARH,GARIABAND,28.0,6.2,352.0,LE,1002.0,860.0,17.0,N,2026-08-31 12:56:08.379116
2026-08-31,2026-06-01,2026-08-31,district,CHHATTISGARH,CHHATTISGARH,GAURELA PENDRA MARWAHI,2.2,6.9,-68.0,LD,839.6,873.8,-4.0,N,2026-08-31 12:56:08.379116
2026-08-31,2026-06-01,2026-08-31,district,CHHATTISGARH,CHHATTISGARH,JANJGIR,4.6,8.9,-48.0,D,1045.1,889.7,17.0,N,2026-08-31 12:56:08.379116
2026-08-31,2026-06-01,2026-08-31,district,CHHATTISGARH,CHHATTISGARH,JASHPUR,17.1,13.9,23.0,E,748.0,1097.8,-32.0,D,2026-08-31 12:56:08.379116
2026-08-31,2026-06-01,2026-08-31,district,CHHATTISGARH,CHHATTISGARH,KABIRDHAM,0.6,7.6,-92.0,LD,561.8,707.1,-21.0,D,2026-08-31 12:56:08.379116
2026-08-31,2026-06-01,2026-08-31,district,CHHATTISGARH,CHHATTISGARH,KANKER,28.4,11.2,153.0,LE,719.4,1102.8,-35.0,D,2026-08-31 12:56:08.379116
2026-08-31,2026-06-01,2026-08-31,district,CHHATTISGARH,CHHATTISGARH,KHAIRAGARH CHH GANDAI,1.6,8.1,-80.0,LD,593.3,600.2,-1.0,N,2026-08-31 12:56:08.379116
2026-08-31,2026-06-01,2026-08-31,district,CHHATTISGARH,CHHATTISGARH,KONDAGAON,23.9,10.5,127.0,LE,797.1,952.0,-16.0,N,2026-08-31 12:56:08.379116
2026-08-31,2026-06-01,2026-08-31,district,CHHATTISGARH,CHHATTISGARH,KORBA,4.4,8.5,-48.0,D,980.9,1014.5,-3.0,N,2026-08-31 12:56:08.379116
2026-08-31,2026-06-01,2026-08-31,district,CHHATTISGARH,CHHATTISGARH,KORIYA,25.5,3.2,696.0,LE,741.5,901.2,-18.0,N,2026-08-31 12:56:08.379116
2026-08-31,2026-06-01,2026-08-31,district,CHHATTISGARH,CHHATTISGARH,MAHASAMUND,13.6,5.5,148.0,LE,1041.9,860.7,21.0,E,2026-08-31 12:56:08.379116
2026-08-31,2026-06-01,2026-08-31,district,CHHATTISGARH,CHHATTISGARH,MANENDRAGARH BHARATPUR,57.7,3.1,1762.0,LE,1001.7,901.0,11.0,N,2026-08-31 12:56:08.379116
2026-08-31,2026-06-01,2026-08-31,district,CHHATTISGARH,CHHATTISGARH,MOHALA MANPUR CHOWKI,11.8,10.4,13.0,N,722.5,840.3,-14.0,N,2026-08-31 12:56:08.379116
2026-08-31,2026-06-01,2026-08-31,district,CHHATTISGARH,CHHATTISGARH,MUNGELI,2.5,7.6,-67.0,LD,1008.9,770.4,31.0,E,2026-08-31 12:56:08.379116
2026-08-31,2026-06-01,2026-08-31,district,CHHATTISGARH,CHHATTISGARH,NARAYANPUR,4.4,11.6,-62.0,LD,1281.3,1015.5,26.0,E,2026-08-31 12:56:08.379116
2026-08-31,2026-06-01,2026-08-31,district,CHHATTISGARH,CHHATTISGARH,RAIGARH,5.9,11.2,-47.0,D,908.1,958.5,-5.0,N,2026-08-31 12:56:08.379116
2026-08-31,2026-06-01,2026-08-31,district,CHHATTISGARH,CHHATTISGARH,RAIPUR,40.0,6.9,479.0,LE,991.4,820.4,21.0,E,2026-08-31 12:56:08.379116
2026-08-31,2026-06-01,2026-08-31,district,CHHATTISGARH,CHHATTISGARH,RAJNANDGAON,7.8,7.9,-2.0,N,734.9,849.1,-13.0,N,2026-08-31 12:56:08.379116
2026-08-31,2026-06-01,2026-08-31,district,CHHATTISGARH,CHHATTISGARH,SAKTI,4.6,10.1,-54.0,D,870.2,911.8,-5.0,N,2026-08-31 12:56:08.379116
2026-08-31,2026-06-01,2026-08-31,district,CHHATTISGARH,CHHATTISGARH,SARANGARH BILAIGARH,4.0,8.8,-54.0,D,1098.0,745.5,47.0,E,2026-08-31 12:56:08.379116
2026-08-31,2026-06-01,2026-08-31,district,CHHATTISGARH,CHHATTISGARH,SUKMA,1.1,9.2,-88.0,LD,852.5,962.6,-11.0,N,2026-08-31 12:56:08.379116
2026-08-31,2026-06-01,2026-08-31,district,CHHATTISGARH,CHHATTISGARH,SURAJPUR,43.8,10.5,317.0,LE,1079.2,966.6,12.0,N,2026-08-31 12:56:08.379116
2026-08-31,2026-06-01,2026-08-31,district,CHHATTISGARH,CHHATTISGARH,SURGUJA,14.1,7.7,83.0,LE,588.1,950.7,-38.0,D,2026-08-31 12:56:08.379116
2026-08-31,2026-06-01,2026-08-31,district,COASTAL A. P. & YANAM,ANDHRA PRADESH,ANAKAPALLI,0.3,6.5,-96.0,LD,266.0,448.6,-41.0,D,2026-08-31 12:56:08.379116
2026-08-31,2026-06-01,2026-08-31,district,COASTAL A. P. & YANAM,ANDHRA PRADESH,BAPATLA,0.5,5.3,-91.0,LD,159.6,393.1,-59.0,D,2026-08-31 12:56:08.379116
2026-08-31,2026-06-01,2026-08-31,district,COASTAL A. P. & YANAM,ANDHRA PRADESH,DR B R AMBEDKAR KONASEEMA,0.0,8.4,-100.0,NR,445.2,591.3,-25.0,D,2026-08-31 12:56:08.379116
2026-08-31,2026-06-01,2026-08-31,district,COASTAL A. P. & YANAM,ANDHRA PRADESH,EAST GODAVARI,0.0,7.9,-100.0,NR,322.3,554.3,-42.0,D,2026-08-31 12:56:08.379116
2026-08-31,2026-06-01,2026-08-31,district,COASTAL A. P. & YANAM,ANDHRA PRADESH,ELURU,2.4,8.5,-72.0,LD,390.3,676.2,-42.0,D,2026-08-31 12:56:08.379116
2026-08-31,2026-06-01,2026-08-31,district,COASTAL A. P. & YANAM,ANDHRA PRADESH,GUNTUR,0.7,4.2,-83.0,LD,313.2,443.5,-29.0,D,2026-08-31 12:56:08.379116
2026-08-31,2026-06-01,2026-08-31,district,COASTAL A. P. & YANAM,ANDHRA PRADESH,KAKINADA,0.0,6.9,-100.0,NR,292.1,488.4,-40.0,D,2026-08-31 12:56:08.379116
2026-08-31,2026-06-01,2026-08-31,district,COASTAL A. P. & YANAM,ANDHRA PRADESH,KRISHNA,0.6,6.2,-90.0,LD,304.6,499.7,-39.0,D,2026-08-31 12:56:08.379116
2026-08-31,2026-06-01,2026-08-31,district,COASTAL A. P. & YANAM,ANDHRA PRADESH,NTR DISTRICT,0.6,5.1,-88.0,LD,342.5,542.2,-37.0,D,2026-08-31 12:56:08.379116
2026-08-31,2026-06-01,2026-08-31,district,COASTAL A. P. & YANAM,ANDHRA PRADESH,PALNADU,0.6,3.2,-83.0,LD,228.5,402.2,-43.0,D,2026-08-31 12:56:08.379116
2026-08-31,2026-06-01,2026-08-31,district,COASTAL A. P. & YANAM,ANDHRA PRADESH,PARVATHIPURAM MANYAM,0.6,7.8,-92.0,LD,355.3,580.4,-39.0,D,2026-08-31 12:56:08.379116
2026-08-31,2026-06-01,2026-08-31,district,COASTAL A. P. & YANAM,ANDHRA PRADESH,PRAKASAM,0.1,3.0,-97.0,LD,104.0,253.7,-59.0,D,2026-08-31 12:56:08.379116
2026-08-31,2026-06-01,2026-08-31,district,COASTAL A. P. & YANAM,ANDHRA PRADESH,SPSR NELLORE,0.0,3.1,-100.0,NR,136.7,230.4,-41.0,D,2026-08-31 12:56:08.379116
2026-08-31,2026-06-01,2026-08-31,district,COASTAL A. P. & YANAM,ANDHRA PRADESH,SRI ALLURI SITHARAMARAJU DISTRICT,2.5,9.5,-74.0,LD,362.2,705.8,-49.0,D,2026-08-31 12:56:08.379116
2026-08-31,2026-06-01,2026-08-31,district,COASTAL A. P. & YANAM,ANDHRA PRADESH,SRIKAKULAM,9.0,7.0,29.0,E,340.0,524.1,-35.0,D,2026-08-31 12:56:08.379116
2026-08-31,2026-06-01,2026-08-31,district,COASTAL A. P. & YANAM,ANDHRA PRADESH,VISHAKHAPATNAM,0.0,9.0,-100.0,NR,241.3,405.6,-41.0,D,2026-08-31 12:56:08.379116
2026-08-31,2026-06-01,2026-08-31,district,COASTAL A. P. & YANAM,ANDHRA PRADESH,VIZIANAGARAM,0.6,6.5,-91.0,LD,346.3,500.7,-31.0,D,2026-08-31 12:56:08.379116
2026-08-31,2026-06-01,2026-08-31,district,COASTAL A. P. & YANAM,ANDHRA PRADESH,WEST GODAVARI,3.3,7.4,-55.0,D,278.1,568.8,-51.0,D,2026-08-31 12:56:08.379116
2026-08-31,2026-06-01,2026-08-31,district,COASTAL A. P. & YANAM,PUDUCHERRY (UT),YANAM,0.0,7.8,-100.0,NR,290.2,551.0,-47.0,D,2026-08-31 12:56:08.379116
2026-08-31,2026-06-01,2026-08-31,district,COASTAL KARNATAKA,KARNATAKA,DAKSHINA KANNADA,17.3,21.1,-18.0,N,2426.2,2976.5,-18.0,N,2026-08-31 12:56:08.379116
2026-08-31,2026-06-01,2026-08-31,district,COASTAL KARNATAKA,KARNATAKA,UDUPI,16.7,24.5,-32.0,D,2508.9,3368.1,-26.0,D,2026-08-31 12:56:08.379116
2026-08-31,2026-06-01,2026-08-31,district,COASTAL KARNATAKA,KARNATAKA,UTTARA KANNADA,4.6,17.8,-74.0,LD,1825.5,2470.7,-26.0,D,2026-08-31 12:56:08.379116
2026-08-31,2026-06-01,2026-08-31,district,EAST MADHYA PRADESH,MADHYA PRADESH,ANUPPUR,15.2,5.4,182.0,LE,933.8,806.2,16.0,N,2026-08-31 12:56:08.379116
2026-08-31,2026-06-01,2026-08-31,district,EAST MADHYA PRADESH,MADHYA PRADESH,BALAGHAT,2.2,12.0,-82.0,LD,935.8,1036.9,-10.0,N,2026-08-31 12:56:08.379116
2026-08-31,2026-06-01,2026-08-31,district,EAST MADHYA PRADESH,MADHYA PRADESH,CHHATARPUR,1.2,6.9,-83.0,LD,740.0,762.1,-3.0,N,2026-08-31 12:56:08.379116
2026-08-31,2026-06-01,2026-08-31,district,EAST MADHYA PRADESH,MADHYA PRADESH,CHHINDWARA,0.0,12.1,-100.0,NR,659.9,843.4,-22.0,D,2026-08-31 12:56:08.379116
2026-08-31,2026-06-01,2026-08-31,district,EAST MADHYA PRADESH,MADHYA PRADESH,DAMOH,0.0,7.0,-100.0,NR,796.9,908.6,-12.0,N,2026-08-31 12:56:08.379116
2026-08-31,2026-06-01,2026-08-31,district,EAST MADHYA PRADESH,MADHYA PRADESH,DINDORI,2.1,8.8,-77.0,LD,965.2,983.2,-2.0,N,2026-08-31 12:56:08.379116
2026-08-31,2026-06-01,2026-08-31,district,EAST MADHYA PRADESH,MADHYA PRADESH,JABALPUR,0.1,10.3,-99.0,LD,775.6,933.5,-17.0,N,2026-08-31 12:56:08.379116
2026-08-31,2026-06-01,2026-08-31,district,EAST MADHYA PRADESH,MADHYA PRADESH,KATNI,1.0,5.7,-82.0,LD,730.6,778.5,-6.0,N,2026-08-31 12:56:08.379116
2026-08-31,2026-06-01,2026-08-31,district,EAST MADHYA PRADESH,MADHYA PRADESH,MAIHAR,25.2,7.3,245.0,LE,791.4,787.5,0.0,N,2026-08-31 12:56:08.379116
2026-08-31,2026-06-01,2026-08-31,district,EAST MADHYA PRADESH,MADHYA PRADESH,MANDLA,2.5,7.2,-65.0,LD,937.5,1000.4,-6.0,N,2026-08-31 12:56:08.379116
2026-08-31,2026-06-01,2026-08-31,district,EAST MADHYA PRADESH,MADHYA PRADESH,MAUGANJ,42.4,10.3,312.0,LE,1146.0,747.7,53.0,E,2026-08-31 12:56:08.379116
2026-08-31,2026-06-01,2026-08-31,district,EAST MADHYA PRADESH,MADHYA PRADESH,NARSINGHPUR,0.4,14.4,-97.0,LD,777.0,865.9,-10.0,N,2026-08-31 12:56:08.379116
2026-08-31,2026-06-01,2026-08-31,district,EAST MADHYA PRADESH,MADHYA PRADESH,NIWARI,0.0,3.1,-100.0,NR,993.3,631.3,57.0,E,2026-08-31 12:56:08.379116
2026-08-31,2026-06-01,2026-08-31,district,EAST MADHYA PRADESH,MADHYA PRADESH,PANDHURNA,0.0,8.1,-100.0,NR,519.7,653.5,-20.0,D,2026-08-31 12:56:08.379116
2026-08-31,2026-06-01,2026-08-31,district,EAST MADHYA PRADESH,MADHYA PRADESH,PANNA,2.4,8.9,-73.0,LD,862.1,877.2,-2.0,N,2026-08-31 12:56:08.379116
2026-08-31,2026-06-01,2026-08-31,district,EAST MADHYA PRADESH,MADHYA PRADESH,REWA,27.7,5.5,404.0,LE,641.0,777.7,-18.0,N,2026-08-31 12:56:08.379116
2026-08-31,2026-06-01,2026-08-31,district,EAST MADHYA PRADESH,MADHYA PRADESH,SAGAR,0.0,7.2,-100.0,NR,695.2,895.7,-22.0,D,2026-08-31 12:56:08.379116
2026-08-31,2026-06-01,2026-08-31,district,EAST MADHYA PRADESH,MADHYA PRADESH,SATNA,23.8,5.9,304.0,LE,1033.8,755.6,37.0,E,2026-08-31 12:56:08.379116
2026-08-31,2026-06-01,2026-08-31,district,EAST MADHYA PRADESH,MADHYA PRADESH,SEONI,0.3,10.8,-98.0,LD,693.9,844.0,-18.0,N,2026-08-31 12:56:08.379116
2026-08-31,2026-06-01,2026-08-31,district,EAST MADHYA PRADESH,MADHYA PRADESH,SHAHDOL,20.6,7.4,178.0,LE,966.9,803.9,20.0,E,2026-08-31 12:56:08.379116
2026-08-31,2026-06-01,2026-08-31,district,EAST MADHYA PRADESH,MADHYA PRADESH,SIDHI,31.5,13.2,138.0,LE,948.5,815.0,16.0,N,2026-08-31 12:56:08.379116
2026-08-31,2026-06-01,2026-08-31,district,EAST MADHYA PRADESH,MADHYA PRADESH,SINGRAULI,53.6,12.1,343.0,LE,882.1,843.4,5.0,N,2026-08-31 12:56:08.379116
2026-08-31,2026-06-01,2026-08-31,district,EAST MADHYA PRADESH,MADHYA PRADESH,TIKAMGARH,0.0,5.4,-100.0,NR,739.6,765.2,-3.0,N,2026-08-31 12:56:08.379116
2026-08-31,2026-06-01,2026-08-31,district,EAST MADHYA PRADESH,MADHYA PRADESH,UMARIA,5.1,12.0,-57.0,D,967.3,856.9,13.0,N,2026-08-31 12:56:08.379116
2026-08-31,2026-06-01,2026-08-31,district,EAST RAJASTHAN,RAJASTHAN,AJMER,0.0,4.3,-100.0,NR,329.4,394.2,-16.0,N,2026-08-31 12:56:08.379116
2026-08-31,2026-06-01,2026-08-31,district,EAST RAJASTHAN,RAJASTHAN,ALWAR,0.0,2.6,-100.0,NR,431.1,455.8,-5.0,N,2026-08-31 12:56:08.379116
2026-08-31,2026-06-01,2026-08-31,district,EAST RAJASTHAN,RAJASTHAN,BANSWARA,0.0,11.4,-100.0,NR,380.4,741.8,-49.0,D,2026-08-31 12:56:08.379116
2026-08-31,2026-06-01,2026-08-31,district,EAST RAJASTHAN,RAJASTHAN,BARAN,0.0,7.9,-100.0,NR,526.8,718.2,-27.0,D,2026-08-31 12:56:08.379116
2026-08-31,2026-06-01,2026-08-31,district,EAST RAJASTHAN,RAJASTHAN,BHARATPUR,0.0,3.3,-100.0,NR,579.7,447.7,29.0,E,2026-08-31 12:56:08.379116
2026-08-31,2026-06-01,2026-08-31,district,EAST RAJASTHAN,RAJASTHAN,BHILWARA,0.0,7.1,-100.0,NR,362.1,522.5,-31.0,D,2026-08-31 12:56:08.379116
2026-08-31,2026-06-01,2026-08-31,district,EAST RAJASTHAN,RAJASTHAN,BUNDI,0.0,9.5,-100.0,NR,423.8,556.0,-24.0,D,2026-08-31 12:56:08.379116
2026-08-31,2026-06-01,2026-08-31,district,EAST RAJASTHAN,RAJASTHAN,CHITTORGARH,0.0,9.0,-100.0,NR,484.7,622.0,-22.0,D,2026-08-31 12:56:08.379116
2026-08-31,2026-06-01,2026-08-31,district,EAST RAJASTHAN,RAJASTHAN,DAUSA,0.0,4.1,-100.0,NR,483.2,505.1,-4.0,N,2026-08-31 12:56:08.379116
2026-08-31,2026-06-01,2026-08-31,district,EAST RAJASTHAN,RAJASTHAN,DHOLPUR,0.0,3.3,-100.0,NR,531.8,485.2,10.0,N,2026-08-31 12:56:08.379116
2026-08-31,2026-06-01,2026-08-31,district,EAST RAJASTHAN,RAJASTHAN,DUNGARPUR,0.0,9.9,-100.0,NR,340.8,599.4,-43.0,D,2026-08-31 12:56:08.379116
2026-08-31,2026-06-01,2026-08-31,district,EAST RAJASTHAN,RAJASTHAN,JAIPUR,0.0,2.9,-100.0,NR,322.6,450.0,-28.0,D,2026-08-31 12:56:08.379116
2026-08-31,2026-06-01,2026-08-31,district,EAST RAJASTHAN,RAJASTHAN,JHALAWAR,0.0,9.9,-100.0,NR,623.9,748.6,-17.0,N,2026-08-31 12:56:08.379116
2026-08-31,2026-06-01,2026-08-31,district,EAST RAJASTHAN,RAJASTHAN,JHUNJHUNU,0.0,1.3,-100.0,NR,393.2,350.7,12.0,N,2026-08-31 12:56:08.379116
2026-08-31,2026-06-01,2026-08-31,district,EAST RAJASTHAN,RAJASTHAN,KARAULI,0.0,4.2,-100.0,NR,407.2,512.8,-21.0,D,2026-08-31 12:56:08.379116
2026-08-31,2026-06-01,2026-08-31,district,EAST RAJASTHAN,RAJASTHAN,KOTA,0.0,8.0,-100.0,NR,444.7,632.8,-30.0,D,2026-08-31 12:56:08.379116
2026-08-31,2026-06-01,2026-08-31,district,EAST RAJASTHAN,RAJASTHAN,PRATAPGARH,0.0,12.5,-100.0,NR,617.0,775.6,-20.0,D,2026-08-31 12:56:08.379116
2026-08-31,2026-06-01,2026-08-31,district,EAST RAJASTHAN,RAJASTHAN,RAJSAMAND,0.0,5.2,-100.0,NR,309.3,457.7,-32.0,D,2026-08-31 12:56:08.379116
2026-08-31,2026-06-01,2026-08-31,district,EAST RAJASTHAN,RAJASTHAN,SAWAI MADHOPUR,0.0,4.1,-100.0,NR,383.1,574.2,-33.0,D,2026-08-31 12:56:08.379116
2026-08-31,2026-06-01,2026-08-31,district,EAST RAJASTHAN,RAJASTHAN,SIKAR,0.0,1.8,-100.0,NR,330.7,357.3,-7.0,N,2026-08-31 12:56:08.379116
2026-08-31,2026-06-01,2026-08-31,district,EAST RAJASTHAN,RAJASTHAN,SIROHI,0.0,8.7,-100.0,NR,415.4,739.0,-44.0,D,2026-08-31 12:56:08.379116
2026-08-31,2026-06-01,2026-08-31,district,EAST RAJASTHAN,RAJASTHAN,TONK,0.0,5.0,-100.0,NR,398.6,492.6,-19.0,N,2026-08-31 12:56:08.379116
2026-08-31,2026-06-01,2026-08-31,district,EAST RAJASTHAN,RAJASTHAN,UDAIPUR,0.0,7.2,-100.0,NR,339.4,519.0,-35.0,D,2026-08-31 12:56:08.379116
2026-08-31,2026-06-01,2026-08-31,district,EAST UTTAR PRADESH,UTTAR PRADESH,AMBEDKAR NAGAR,37.6,2.7,1293.0,LE,577.0,655.3,-12.0,N,2026-08-31 12:56:08.379116
2026-08-31,2026-06-01,2026-08-31,district,EAST UTTAR PRADESH,UTTAR PRADESH,AMETHI,8.3,5.7,45.0,E,302.0,531.6,-43.0,D,2026-08-31 12:56:08.379116
2026-08-31,2026-06-01,2026-08-31,district,EAST UTTAR PRADESH,UTTAR PRADESH,AYODHYA,11.7,3.6,224.0,LE,550.5,663.0,-17.0,N,2026-08-31 12:56:08.379116
2026-08-31,2026-06-01,2026-08-31,district,EAST UTTAR PRADESH,UTTAR PRADESH,AZAMGARH,17.3,6.1,184.0,LE,499.2,648.5,-23.0,D,2026-08-31 12:56:08.379116
2026-08-31,2026-06-01,2026-08-31,district,EAST UTTAR PRADESH,UTTAR PRADESH,BAHRAICH,3.2,7.0,-54.0,D,830.9,779.7,7.0,N,2026-08-31 12:56:08.379116
2026-08-31,2026-06-01,2026-08-31,district,EAST UTTAR PRADESH,UTTAR PRADESH,BALLIA,7.2,4.1,74.0,LE,468.2,570.5,-18.0,N,2026-08-31 12:56:08.379116
2026-08-31,2026-06-01,2026-08-31,district,EAST UTTAR PRADESH,UTTAR PRADESH,BALRAMPUR,0.0,4.1,-99.0,LD,553.8,646.6,-14.0,N,2026-08-31 12:56:08.379116
2026-08-31,2026-06-01,2026-08-31,district,EAST UTTAR PRADESH,UTTAR PRADESH,BANDA,29.1,3.3,783.0,LE,923.0,613.0,51.0,E,2026-08-31 12:56:08.379116
2026-08-31,2026-06-01,2026-08-31,district,EAST UTTAR PRADESH,UTTAR PRADESH,BARABANKI,0.6,5.5,-90.0,LD,632.8,628.7,1.0,N,2026-08-31 12:56:08.379116
2026-08-31,2026-06-01,2026-08-31,district,EAST UTTAR PRADESH,UTTAR PRADESH,BASTI,4.3,3.2,35.0,E,492.7,649.5,-24.0,D,2026-08-31 12:56:08.379116
2026-08-31,2026-06-01,2026-08-31,district,EAST UTTAR PRADESH,UTTAR PRADESH,BHADOHI,17.7,3.6,392.0,LE,231.6,623.4,-63.0,LD,2026-08-31 12:56:08.379116
2026-08-31,2026-06-01,2026-08-31,district,EAST UTTAR PRADESH,UTTAR PRADESH,CHANDAULI,1.5,4.8,-69.0,LD,436.0,565.7,-23.0,D,2026-08-31 12:56:08.379116
2026-08-31,2026-06-01,2026-08-31,district,EAST UTTAR PRADESH,UTTAR PRADESH,CHITRAKOOT,47.8,5.7,738.0,LE,995.1,629.1,58.0,E,2026-08-31 12:56:08.379116
2026-08-31,2026-06-01,2026-08-31,district,EAST UTTAR PRADESH,UTTAR PRADESH,DEORIA,0.0,4.7,-100.0,NR,168.0,625.3,-73.0,LD,2026-08-31 12:56:08.379116
2026-08-31,2026-06-01,2026-08-31,district,EAST UTTAR PRADESH,UTTAR PRADESH,FARRUKHABAD,1.8,3.9,-54.0,D,459.0,578.5,-21.0,D,2026-08-31 12:56:08.379116
2026-08-31,2026-06-01,2026-08-31,district,EAST UTTAR PRADESH,UTTAR PRADESH,FATEHPUR,23.1,4.2,450.0,LE,467.5,548.1,-15.0,N,2026-08-31 12:56:08.379116
2026-08-31,2026-06-01,2026-08-31,district,EAST UTTAR PRADESH,UTTAR PRADESH,GHAZIPUR,9.5,5.6,70.0,LE,416.3,603.6,-31.0,D,2026-08-31 12:56:08.379116
2026-08-31,2026-06-01,2026-08-31,district,EAST UTTAR PRADESH,UTTAR PRADESH,GONDA,0.0,4.6,-100.0,NR,636.2,685.8,-7.0,N,2026-08-31 12:56:08.379116
2026-08-31,2026-06-01,2026-08-31,district,EAST UTTAR PRADESH,UTTAR PRADESH,GORAKHPUR,5.4,6.8,-21.0,D,648.7,985.1,-34.0,D,2026-08-31 12:56:08.379116
2026-08-31,2026-06-01,2026-08-31,district,EAST UTTAR PRADESH,UTTAR PRADESH,HARDOI,0.7,6.2,-89.0,LD,445.6,524.2,-15.0,N,2026-08-31 12:56:08.379116
2026-08-31,2026-06-01,2026-08-31,district,EAST UTTAR PRADESH,UTTAR PRADESH,JAUNPUR,5.5,3.8,44.0,E,229.5,541.7,-58.0,D,2026-08-31 12:56:08.379116
2026-08-31,2026-06-01,2026-08-31,district,EAST UTTAR PRADESH,UTTAR PRADESH,KANNAUJ,0.5,3.8,-87.0,LD,657.7,525.7,25.0,E,2026-08-31 12:56:08.379116
2026-08-31,2026-06-01,2026-08-31,district,EAST UTTAR PRADESH,UTTAR PRADESH,KANPUR CITY,3.5,3.8,-8.0,N,702.3,494.0,42.0,E,2026-08-31 12:56:08.379116
2026-08-31,2026-06-01,2026-08-31,district,EAST UTTAR PRADESH,UTTAR PRADESH,KANPUR DEHAT,0.4,4.8,-92.0,LD,163.9,459.8,-64.0,LD,2026-08-31 12:56:08.379116
2026-08-31,2026-06-01,2026-08-31,district,EAST UTTAR PRADESH,UTTAR PRADESH,KAUSHAMBI,16.7,4.2,297.0,LE,264.7,441.4,-40.0,D,2026-08-31 12:56:08.379116
2026-08-31,2026-06-01,2026-08-31,district,EAST UTTAR PRADESH,UTTAR PRADESH,KHERI,1.7,10.9,-84.0,LD,725.5,734.8,-1.0,N,2026-08-31 12:56:08.379116
2026-08-31,2026-06-01,2026-08-31,district,EAST UTTAR PRADESH,UTTAR PRADESH,KUSHI NAGAR,0.0,3.4,-100.0,NR,205.6,586.7,-65.0,LD,2026-08-31 12:56:08.379116
2026-08-31,2026-06-01,2026-08-31,district,EAST UTTAR PRADESH,UTTAR PRADESH,LUCKNOW,0.2,5.7,-96.0,LD,507.4,519.3,-2.0,N,2026-08-31 12:56:08.379116
2026-08-31,2026-06-01,2026-08-31,district,EAST UTTAR PRADESH,UTTAR PRADESH,MAHARAJGANJ,6.8,4.2,63.0,LE,608.8,799.6,-24.0,D,2026-08-31 12:56:08.379116
2026-08-31,2026-06-01,2026-08-31,district,EAST UTTAR PRADESH,UTTAR PRADESH,MAU,2.5,3.3,-24.0,D,232.0,624.9,-63.0,LD,2026-08-31 12:56:08.379116
2026-08-31,2026-06-01,2026-08-31,district,EAST UTTAR PRADESH,UTTAR PRADESH,MIRZAPUR,6.2,7.2,-13.0,N,725.0,683.2,6.0,N,2026-08-31 12:56:08.379116
2026-08-31,2026-06-01,2026-08-31,district,EAST UTTAR PRADESH,UTTAR PRADESH,PRATAPGARH,32.0,2.8,1043.0,LE,684.8,592.7,16.0,N,2026-08-31 12:56:08.379116
2026-08-31,2026-06-01,2026-08-31,district,EAST UTTAR PRADESH,UTTAR PRADESH,PRAYAGRAJ,38.8,5.5,605.0,LE,792.3,560.0,41.0,E,2026-08-31 12:56:08.379116
2026-08-31,2026-06-01,2026-08-31,district,EAST UTTAR PRADESH,UTTAR PRADESH,RAE BAREILLY,7.7,2.6,197.0,LE,278.0,336.8,-17.0,N,2026-08-31 12:56:08.379116
2026-08-31,2026-06-01,2026-08-31,district,EAST UTTAR PRADESH,UTTAR PRADESH,SANT KABIR NAGAR,9.1,5.0,81.0,LE,412.3,810.8,-49.0,D,2026-08-31 12:56:08.379116
2026-08-31,2026-06-01,2026-08-31,district,EAST UTTAR PRADESH,UTTAR PRADESH,SHRAWASTI,0.0,6.8,-100.0,NR,585.1,880.8,-34.0,D,2026-08-31 12:56:08.379116
2026-08-31,2026-06-01,2026-08-31,district,EAST UTTAR PRADESH,UTTAR PRADESH,SIDDHARTH NAGAR,2.1,5.2,-59.0,D,522.6,841.5,-38.0,D,2026-08-31 12:56:08.379116
2026-08-31,2026-06-01,2026-08-31,district,EAST UTTAR PRADESH,UTTAR PRADESH,SITAPUR,0.9,9.7,-91.0,LD,408.1,647.5,-37.0,D,2026-08-31 12:56:08.379116
2026-08-31,2026-06-01,2026-08-31,district,EAST UTTAR PRADESH,UTTAR PRADESH,SONBHADRA,26.2,8.9,194.0,LE,669.3,679.3,-1.0,N,2026-08-31 12:56:08.379116
2026-08-31,2026-06-01,2026-08-31,district,EAST UTTAR PRADESH,UTTAR PRADESH,SULTANPUR,27.6,5.3,421.0,LE,616.4,632.5,-3.0,N,2026-08-31 12:56:08.379116
2026-08-31,2026-06-01,2026-08-31,district,EAST UTTAR PRADESH,UTTAR PRADESH,UNNAO,9.8,3.5,181.0,LE,365.2,497.7,-27.0,D,2026-08-31 12:56:08.379116
2026-08-31,2026-06-01,2026-08-31,district,EAST UTTAR PRADESH,UTTAR PRADESH,VARANASI,19.1,10.0,91.0,LE,633.3,615.1,3.0,N,2026-08-31 12:56:08.379116
2026-08-31,2026-06-01,2026-08-31,district,GANGETIC WEST BENGAL,WEST BENGAL,BANKURA,9.2,9.1,1.0,N,971.4,907.9,7.0,N,2026-08-31 12:56:08.379116
2026-08-31,2026-06-01,2026-08-31,district,GANGETIC WEST BENGAL,WEST BENGAL,BIRBHUM,7.0,7.8,-10.0,N,681.5,868.4,-22.0,D,2026-08-31 12:56:08.379116
2026-08-31,2026-06-01,2026-08-31,district,GANGETIC WEST BENGAL,WEST BENGAL,EAST MIDNAPORE,53.6,6.2,765.0,LE,1571.0,963.4,63.0,LE,2026-08-31 12:56:08.379116
2026-08-31,2026-06-01,2026-08-31,district,GANGETIC WEST BENGAL,WEST BENGAL,HOOGHLY,4.7,6.6,-28.0,D,834.6,816.6,2.0,N,2026-08-31 12:56:08.379116
2026-08-31,2026-06-01,2026-08-31,district,GANGETIC WEST BENGAL,WEST BENGAL,HOWRAH,4.3,5.3,-19.0,N,976.4,898.4,9.0,N,2026-08-31 12:56:08.379116
2026-08-31,2026-06-01,2026-08-31,district,GANGETIC WEST BENGAL,WEST BENGAL,JHARGRAM,19.3,4.7,311.0,LE,931.2,905.4,3.0,N,2026-08-31 12:56:08.379116
2026-08-31,2026-06-01,2026-08-31,district,GANGETIC WEST BENGAL,WEST BENGAL,KOLKATA,1.1,6.9,-84.0,LD,1129.8,1034.3,9.0,N,2026-08-31 12:56:08.379116
2026-08-31,2026-06-01,2026-08-31,district,GANGETIC WEST BENGAL,WEST BENGAL,MURSHIDABAD,5.7,6.2,-9.0,N,582.5,763.4,-24.0,D,2026-08-31 12:56:08.379116
2026-08-31,2026-06-01,2026-08-31,district,GANGETIC WEST BENGAL,WEST BENGAL,NADIA,7.3,6.5,13.0,N,573.4,731.9,-22.0,D,2026-08-31 12:56:08.379116
2026-08-31,2026-06-01,2026-08-31,district,GANGETIC WEST BENGAL,WEST BENGAL,NORTH 24 PARGANAS,6.7,6.6,1.0,N,1098.5,895.2,23.0,E,2026-08-31 12:56:08.379116
2026-08-31,2026-06-01,2026-08-31,district,GANGETIC WEST BENGAL,WEST BENGAL,PASCHIM BARDHAMAN,7.8,8.1,-4.0,N,876.0,851.5,3.0,N,2026-08-31 12:56:08.379116
2026-08-31,2026-06-01,2026-08-31,district,GANGETIC WEST BENGAL,WEST BENGAL,PURBA BARDHAMAN,2.2,6.9,-68.0,LD,731.1,807.0,-9.0,N,2026-08-31 12:56:08.379116
2026-08-31,2026-06-01,2026-08-31,district,GANGETIC WEST BENGAL,WEST BENGAL,PURULIA,18.9,8.2,131.0,LE,771.0,853.5,-10.0,N,2026-08-31 12:56:08.379116
2026-08-31,2026-06-01,2026-08-31,district,GANGETIC WEST BENGAL,WEST BENGAL,SOUTH 24 PARGANAS,20.9,7.4,183.0,LE,1327.8,1127.3,18.0,N,2026-08-31 12:56:08.379116
2026-08-31,2026-06-01,2026-08-31,district,GANGETIC WEST BENGAL,WEST BENGAL,WEST MIDNAPORE,3.3,4.7,-29.0,D,1278.6,905.4,41.0,E,2026-08-31 12:56:08.379116
2026-08-31,2026-06-01,2026-08-31,district,GUJARAT REGION,DADRA & NAGAR HAVELI AND DAMAN & DIU (UT),DADARA & NAGAR HAVELI,4.0,19.5,-79.0,LD,2918.1,1968.6,48.0,E,2026-08-31 12:56:08.379116
2026-08-31,2026-06-01,2026-08-31,district,GUJARAT REGION,DADRA & NAGAR HAVELI AND DAMAN & DIU (UT),DAMAN,0.0,19.5,-100.0,NR,2659.7,1968.6,35.0,E,2026-08-31 12:56:08.379116
2026-08-31,2026-06-01,2026-08-31,district,GUJARAT REGION,GUJARAT,AHMEDABAD,0.0,6.8,-100.0,NR,539.6,558.5,-3.0,N,2026-08-31 12:56:08.379116
2026-08-31,2026-06-01,2026-08-31,district,GUJARAT REGION,GUJARAT,ANAND,0.0,8.8,-100.0,NR,759.8,704.3,8.0,N,2026-08-31 12:56:08.379116
2026-08-31,2026-06-01,2026-08-31,district,GUJARAT REGION,GUJARAT,ARAVALLI,0.0,12.8,-100.0,NR,386.9,712.9,-46.0,D,2026-08-31 12:56:08.379116
2026-08-31,2026-06-01,2026-08-31,district,GUJARAT REGION,GUJARAT,BANASKANTHA,0.0,5.5,-100.0,NR,379.3,501.4,-24.0,D,2026-08-31 12:56:08.379116
2026-08-31,2026-06-01,2026-08-31,district,GUJARAT REGION,GUJARAT,BHARUCH,0.0,6.1,-100.0,NR,747.1,603.7,24.0,E,2026-08-31 12:56:08.379116
2026-08-31,2026-06-01,2026-08-31,district,GUJARAT REGION,GUJARAT,CHHOTA UDEPUR,0.0,10.7,-100.0,NR,596.3,823.4,-28.0,D,2026-08-31 12:56:08.379116
2026-08-31,2026-06-01,2026-08-31,district,GUJARAT REGION,GUJARAT,DAHOD,0.0,10.2,-100.0,NR,369.4,657.9,-44.0,D,2026-08-31 12:56:08.379116
2026-08-31,2026-06-01,2026-08-31,district,GUJARAT REGION,GUJARAT,DANGS,1.0,14.1,-93.0,LD,2318.3,1878.3,23.0,E,2026-08-31 12:56:08.379116
2026-08-31,2026-06-01,2026-08-31,district,GUJARAT REGION,GUJARAT,GANDHINAGAR,0.0,6.7,-100.0,NR,469.3,643.9,-27.0,D,2026-08-31 12:56:08.379116
2026-08-31,2026-06-01,2026-08-31,district,GUJARAT REGION,GUJARAT,KHEDA,0.0,10.1,-100.0,NR,867.4,686.7,26.0,E,2026-08-31 12:56:08.379116
2026-08-31,2026-06-01,2026-08-31,district,GUJARAT REGION,GUJARAT,MAHISAGAR,0.0,9.9,-100.0,NR,682.2,681.8,0.0,N,2026-08-31 12:56:08.379116
2026-08-31,2026-06-01,2026-08-31,district,GUJARAT REGION,GUJARAT,MEHSANA,0.0,8.7,-100.0,NR,448.4,591.6,-24.0,D,2026-08-31 12:56:08.379116
2026-08-31,2026-06-01,2026-08-31,district,GUJARAT REGION,GUJARAT,NARMADA,0.0,11.1,-100.0,NR,866.4,879.3,-1.0,N,2026-08-31 12:56:08.379116
2026-08-31,2026-06-01,2026-08-31,district,GUJARAT REGION,GUJARAT,NAVSARI,1.9,16.6,-88.0,LD,2249.3,1551.0,45.0,E,2026-08-31 12:56:08.379116
2026-08-31,2026-06-01,2026-08-31,district,GUJARAT REGION,GUJARAT,PANCHMAHAL,0.0,13.6,-100.0,NR,698.6,789.8,-12.0,N,2026-08-31 12:56:08.379116
2026-08-31,2026-06-01,2026-08-31,district,GUJARAT REGION,GUJARAT,PATAN,0.0,7.0,-100.0,NR,406.7,475.4,-14.0,N,2026-08-31 12:56:08.379116
2026-08-31,2026-06-01,2026-08-31,district,GUJARAT REGION,GUJARAT,SABARKANTHA,0.0,8.1,-100.0,NR,410.2,706.0,-42.0,D,2026-08-31 12:56:08.379116
2026-08-31,2026-06-01,2026-08-31,district,GUJARAT REGION,GUJARAT,SURAT,0.0,11.7,-100.0,NR,1461.0,1088.7,34.0,E,2026-08-31 12:56:08.379116
2026-08-31,2026-06-01,2026-08-31,district,GUJARAT REGION,GUJARAT,TAPI,0.6,11.2,-94.0,LD,1300.4,1182.5,10.0,N,2026-08-31 12:56:08.379116
2026-08-31,2026-06-01,2026-08-31,district,GUJARAT REGION,GUJARAT,VADODARA,0.0,9.8,-100.0,NR,530.0,749.1,-29.0,D,2026-08-31 12:56:08.379116
2026-08-31,2026-06-01,2026-08-31,district,GUJARAT REGION,GUJARAT,VALSAD,1.9,20.4,-91.0,LD,2704.6,1758.4,54.0,E,2026-08-31 12:56:08.379116
2026-08-31,2026-06-01,2026-08-31,district,HAR. CHD & DELHI,CHANDIGARH (UT),CHANDIGARH,0.0,4.3,-100.0,NR,596.3,713.5,-16.0,N,2026-08-31 12:56:08.379116
2026-08-31,2026-06-01,2026-08-31,district,HAR. CHD & DELHI,DELHI,CENTRAL DELHI,0.0,4.4,-100.0,NR,693.2,540.0,28.0,E,2026-08-31 12:56:08.379116
2026-08-31,2026-06-01,2026-08-31,district,HAR. CHD & DELHI,DELHI,EAST DELHI,0.0,4.4,-100.0,NR,534.1,540.0,-1.0,N,2026-08-31 12:56:08.379116
2026-08-31,2026-06-01,2026-08-31,district,HAR. CHD & DELHI,DELHI,NEW DELHI,0.0,3.5,-100.0,NR,483.1,516.9,-7.0,N,2026-08-31 12:56:08.379116
2026-08-31,2026-06-01,2026-08-31,district,HAR. CHD & DELHI,DELHI,NORTH EAST DELHI,0.0,4.4,-100.0,NR,511.4,540.0,-5.0,N,2026-08-31 12:56:08.379116
2026-08-31,2026-06-01,2026-08-31,district,HAR. CHD & DELHI,DELHI,NORTH WEST DELHI,0.0,1.6,-100.0,NR,395.5,325.6,21.0,E,2026-08-31 12:56:08.379116
2026-08-31,2026-06-01,2026-08-31,district,HAR. CHD & DELHI,DELHI,SOUTH DELHI,0.0,4.4,-100.0,NR,521.1,540.0,-4.0,N,2026-08-31 12:56:08.379116
2026-08-31,2026-06-01,2026-08-31,district,HAR. CHD & DELHI,DELHI,SOUTH EAST DELHI,0.0,4.4,-100.0,NR,620.9,540.0,15.0,N,2026-08-31 12:56:08.379116
2026-08-31,2026-06-01,2026-08-31,district,HAR. CHD & DELHI,DELHI,SOUTH WEST DELHI,0.0,5.0,-100.0,NR,382.1,440.5,-13.0,N,2026-08-31 12:56:08.379116
2026-08-31,2026-06-01,2026-08-31,district,HAR. CHD & DELHI,DELHI,WEST DELHI,0.0,1.4,-100.0,NR,613.8,488.7,26.0,E,2026-08-31 12:56:08.379116
2026-08-31,2026-06-01,2026-08-31,district,HAR. CHD & DELHI,HARYANA,AMBALA,0.5,4.9,-90.0,LD,332.9,679.1,-51.0,D,2026-08-31 12:56:08.379116
2026-08-31,2026-06-01,2026-08-31,district,HAR. CHD & DELHI,HARYANA,BHIWANI,0.0,0.7,-100.0,NR,260.8,245.0,6.0,N,2026-08-31 12:56:08.379116
2026-08-31,2026-06-01,2026-08-31,district,HAR. CHD & DELHI,HARYANA,CHARKHI DADRI,0.0,1.0,-100.0,NR,325.7,338.0,-4.0,N,2026-08-31 12:56:08.379116
2026-08-31,2026-06-01,2026-08-31,district,HAR. CHD & DELHI,HARYANA,FARIDABAD,0.0,2.0,-100.0,NR,491.7,444.7,11.0,N,2026-08-31 12:56:08.379116
2026-08-31,2026-06-01,2026-08-31,district,HAR. CHD & DELHI,HARYANA,FATEHABAD,0.0,0.4,-100.0,NR,211.8,212.9,-1.0,N,2026-08-31 12:56:08.379116
2026-08-31,2026-06-01,2026-08-31,district,HAR. CHD & DELHI,HARYANA,GURGAON,0.1,2.7,-98.0,LD,410.4,407.6,1.0,N,2026-08-31 12:56:08.379116
2026-08-31,2026-06-01,2026-08-31,district,HAR. CHD & DELHI,HARYANA,HISAR,0.0,0.6,-100.0,NR,199.8,245.2,-19.0,N,2026-08-31 12:56:08.379116
2026-08-31,2026-06-01,2026-08-31,district,HAR. CHD & DELHI,HARYANA,JHAJJAR,0.0,2.1,-100.0,NR,285.1,311.1,-8.0,N,2026-08-31 12:56:08.379116
2026-08-31,2026-06-01,2026-08-31,district,HAR. CHD & DELHI,HARYANA,JIND,0.0,3.3,-100.0,NR,133.9,313.0,-57.0,D,2026-08-31 12:56:08.379116
2026-08-31,2026-06-01,2026-08-31,district,HAR. CHD & DELHI,HARYANA,KAITHAL,0.0,2.0,-100.0,NR,150.7,302.6,-50.0,D,2026-08-31 12:56:08.379116
2026-08-31,2026-06-01,2026-08-31,district,HAR. CHD & DELHI,HARYANA,KARNAL,0.0,3.7,-100.0,NR,249.2,424.8,-41.0,D,2026-08-31 12:56:08.379116
2026-08-31,2026-06-01,2026-08-31,district,HAR. CHD & DELHI,HARYANA,KURUKSHETRA,0.0,4.2,-100.0,NR,346.6,337.9,3.0,N,2026-08-31 12:56:08.379116
2026-08-31,2026-06-01,2026-08-31,district,HAR. CHD & DELHI,HARYANA,MAHENDRAGARH,0.0,2.0,-100.0,NR,286.7,338.9,-15.0,N,2026-08-31 12:56:08.379116
2026-08-31,2026-06-01,2026-08-31,district,HAR. CHD & DELHI,HARYANA,NUH,0.0,2.8,-100.0,NR,388.1,387.2,0.0,N,2026-08-31 12:56:08.379116
2026-08-31,2026-06-01,2026-08-31,district,HAR. CHD & DELHI,HARYANA,PALWAL,0.0,1.0,-100.0,NR,397.7,323.9,23.0,E,2026-08-31 12:56:08.379116
2026-08-31,2026-06-01,2026-08-31,district,HAR. CHD & DELHI,HARYANA,PANCHKULA,40.3,4.6,777.0,LE,479.0,709.5,-32.0,D,2026-08-31 12:56:08.379116
2026-08-31,2026-06-01,2026-08-31,district,HAR. CHD & DELHI,HARYANA,PANIPAT,0.0,1.5,-100.0,NR,281.2,363.9,-23.0,D,2026-08-31 12:56:08.379116
2026-08-31,2026-06-01,2026-08-31,district,HAR. CHD & DELHI,HARYANA,REWARI,0.0,1.5,-100.0,NR,336.5,356.2,-6.0,N,2026-08-31 12:56:08.379116
2026-08-31,2026-06-01,2026-08-31,district,HAR. CHD & DELHI,HARYANA,ROHTAK,0.0,4.9,-100.0,NR,217.5,393.1,-45.0,D,2026-08-31 12:56:08.379116
2026-08-31,2026-06-01,2026-08-31,district,HAR. CHD & DELHI,HARYANA,SIRSA,0.0,1.4,-100.0,NR,86.0,178.5,-52.0,D,2026-08-31 12:56:08.379116
2026-08-31,2026-06-01,2026-08-31,district,HAR. CHD & DELHI,HARYANA,SONEPAT,0.0,1.8,-100.0,NR,284.6,383.3,-26.0,D,2026-08-31 12:56:08.379116
2026-08-31,2026-06-01,2026-08-31,district,HAR. CHD & DELHI,HARYANA,YAMUNA NAGAR,6.0,5.4,11.0,N,688.8,756.4,-9.0,N,2026-08-31 12:56:08.379116
2026-08-31,2026-06-01,2026-08-31,district,HIMACHAL PRADESH,HIMACHAL PRADESH,BILASPUR,20.2,7.0,188.0,LE,715.7,691.1,4.0,N,2026-08-31 12:56:08.379116
2026-08-31,2026-06-01,2026-08-31,district,HIMACHAL PRADESH,HIMACHAL PRADESH,CHAMBA,15.4,4.1,276.0,LE,655.8,719.2,-9.0,N,2026-08-31 12:56:08.379116
2026-08-31,2026-06-01,2026-08-31,district,HIMACHAL PRADESH,HIMACHAL PRADESH,HAMIRPUR,26.0,8.7,199.0,LE,543.3,843.2,-36.0,D,2026-08-31 12:56:08.379116
2026-08-31,2026-06-01,2026-08-31,district,HIMACHAL PRADESH,HIMACHAL PRADESH,KANGRA,18.0,11.0,63.0,LE,1309.8,1402.2,-7.0,N,2026-08-31 12:56:08.379116
2026-08-31,2026-06-01,2026-08-31,district,HIMACHAL PRADESH,HIMACHAL PRADESH,KINNAUR,0.0,1.6,-100.0,NR,199.3,185.3,8.0,N,2026-08-31 12:56:08.379116
2026-08-31,2026-06-01,2026-08-31,district,HIMACHAL PRADESH,HIMACHAL PRADESH,KULLU,1.3,3.9,-68.0,LD,474.9,451.1,5.0,N,2026-08-31 12:56:08.379116
2026-08-31,2026-06-01,2026-08-31,district,HIMACHAL PRADESH,HIMACHAL PRADESH,LAHAUL & SPITI,0.0,3.2,-100.0,NR,110.4,296.9,-63.0,LD,2026-08-31 12:56:08.379116
2026-08-31,2026-06-01,2026-08-31,district,HIMACHAL PRADESH,HIMACHAL PRADESH,MANDI,30.4,6.9,340.0,LE,874.6,953.3,-8.0,N,2026-08-31 12:56:08.379116
2026-08-31,2026-06-01,2026-08-31,district,HIMACHAL PRADESH,HIMACHAL PRADESH,SHIMLA,20.2,4.4,359.0,LE,661.7,517.0,28.0,E,2026-08-31 12:56:08.379116
2026-08-31,2026-06-01,2026-08-31,district,HIMACHAL PRADESH,HIMACHAL PRADESH,SIRMAUR,20.1,9.0,123.0,LE,1087.8,1004.9,8.0,N,2026-08-31 12:56:08.379116
2026-08-31,2026-06-01,2026-08-31,district,HIMACHAL PRADESH,HIMACHAL PRADESH,SOLAN,8.9,5.1,74.0,LE,715.1,728.5,-2.0,N,2026-08-31 12:56:08.379116
2026-08-31,2026-06-01,2026-08-31,district,HIMACHAL PRADESH,HIMACHAL PRADESH,UNA,7.5,10.1,-26.0,D,682.7,805.0,-15.0,N,2026-08-31 12:56:08.379116
2026-08-31,2026-06-01,2026-08-31,district,J & K AND LADAKH,JAMMU & KASHMIR(UT),ANANTNAG,0.1,2.6,-98.0,LD,278.0,260.6,7.0,N,2026-08-31 12:56:08.379116
2026-08-31,2026-06-01,2026-08-31,district,J & K AND LADAKH,JAMMU & KASHMIR(UT),BADGAM,0.0,1.3,-100.0,NR,127.9,171.7,-26.0,D,2026-08-31 12:56:08.379116
2026-08-31,2026-06-01,2026-08-31,district,J & K AND LADAKH,JAMMU & KASHMIR(UT),BANDIPORA,0.0,0.6,-100.0,NR,192.2,183.3,5.0,N,2026-08-31 12:56:08.379116
2026-08-31,2026-06-01,2026-08-31,district,J & K AND LADAKH,JAMMU & KASHMIR(UT),BARAMULA,0.0,1.7,-100.0,NR,270.0,177.6,52.0,E,2026-08-31 12:56:08.379116
2026-08-31,2026-06-01,2026-08-31,district,J & K AND LADAKH,JAMMU & KASHMIR(UT),DODA,0.1,1.8,-94.0,LD,360.4,343.8,5.0,N,2026-08-31 12:56:08.379116
2026-08-31,2026-06-01,2026-08-31,district,J & K AND LADAKH,JAMMU & KASHMIR(UT),GANDERBAL,0.0,3.7,-100.0,NR,302.8,219.8,38.0,E,2026-08-31 12:56:08.379116
2026-08-31,2026-06-01,2026-08-31,district,J & K AND LADAKH,JAMMU & KASHMIR(UT),JAMMU,0.0,12.5,-100.0,NR,694.4,822.1,-16.0,N,2026-08-31 12:56:08.379116
2026-08-31,2026-06-01,2026-08-31,district,J & K AND LADAKH,JAMMU & KASHMIR(UT),KATHUA,0.0,30.5,-100.0,NR,924.5,1077.6,-14.0,N,2026-08-31 12:56:08.379116
2026-08-31,2026-06-01,2026-08-31,district,J & K AND LADAKH,JAMMU & KASHMIR(UT),KISTWAR,0.0,1.8,-100.0,NR,169.3,343.8,-51.0,D,2026-08-31 12:56:08.379116
2026-08-31,2026-06-01,2026-08-31,district,J & K AND LADAKH,JAMMU & KASHMIR(UT),KULGAM,0.0,1.6,-100.0,NR,260.4,262.0,-1.0,N,2026-08-31 12:56:08.379116
2026-08-31,2026-06-01,2026-08-31,district,J & K AND LADAKH,JAMMU & KASHMIR(UT),KUPWARA,0.0,1.3,-100.0,NR,209.7,215.2,-3.0,N,2026-08-31 12:56:08.379116
2026-08-31,2026-06-01,2026-08-31,district,J & K AND LADAKH,JAMMU & KASHMIR(UT),POONCH,10.8,2.3,367.0,LE,756.3,558.1,36.0,E,2026-08-31 12:56:08.379116
2026-08-31,2026-06-01,2026-08-31,district,J & K AND LADAKH,JAMMU & KASHMIR(UT),PULWAMA,0.0,0.8,-100.0,NR,234.1,158.9,47.0,E,2026-08-31 12:56:08.379116
2026-08-31,2026-06-01,2026-08-31,district,J & K AND LADAKH,JAMMU & KASHMIR(UT),RAJOURI,8.4,4.9,71.0,LE,593.0,571.5,4.0,N,2026-08-31 12:56:08.379116
2026-08-31,2026-06-01,2026-08-31,district,J & K AND LADAKH,JAMMU & KASHMIR(UT),RAMBAN,0.0,1.4,-100.0,NR,444.9,331.4,34.0,E,2026-08-31 12:56:08.379116
2026-08-31,2026-06-01,2026-08-31,district,J & K AND LADAKH,JAMMU & KASHMIR(UT),REASI,2.1,8.6,-75.0,LD,1145.2,1350.5,-15.0,N,2026-08-31 12:56:08.379116
2026-08-31,2026-06-01,2026-08-31,district,J & K AND LADAKH,JAMMU & KASHMIR(UT),SAMBA,0.0,2.8,-100.0,NR,942.0,660.3,43.0,E,2026-08-31 12:56:08.379116
2026-08-31,2026-06-01,2026-08-31,district,J & K AND LADAKH,JAMMU & KASHMIR(UT),SHOPIAN,0.7,7.7,-91.0,LD,117.7,245.3,-52.0,D,2026-08-31 12:56:08.379116
2026-08-31,2026-06-01,2026-08-31,district,J & K AND LADAKH,JAMMU & KASHMIR(UT),SRINAGAR,0.5,1.1,-58.0,D,226.8,197.3,15.0,N,2026-08-31 12:56:08.379116
2026-08-31,2026-06-01,2026-08-31,district,J & K AND LADAKH,JAMMU & KASHMIR(UT),UDHAMPUR,4.0,5.9,-32.0,D,1334.5,835.3,60.0,LE,2026-08-31 12:56:08.379116
2026-08-31,2026-06-01,2026-08-31,district,J & K AND LADAKH,LADAKH (UT),KARGIL,0.0,0.0,-100.0,NR,21.6,7.9,150.0,LE,2026-08-31 12:56:08.379116
2026-08-31,2026-06-01,2026-08-31,district,J & K AND LADAKH,LADAKH (UT),LADAKH (LEH),0.0,0.0,-100.0,NR,57.8,19.4,193.0,LE,2026-08-31 12:56:08.379116
2026-08-31,2026-06-01,2026-08-31,district,JHARKHAND,JHARKHAND,BOKARO,17.5,3.3,431.0,LE,572.7,712.2,-20.0,D,2026-08-31 12:56:08.379116
2026-08-31,2026-06-01,2026-08-31,district,JHARKHAND,JHARKHAND,CHATRA,4.8,5.8,-17.0,N,549.1,740.1,-26.0,D,2026-08-31 12:56:08.379116
2026-08-31,2026-06-01,2026-08-31,district,JHARKHAND,JHARKHAND,DEOGHAR,23.0,5.4,327.0,LE,426.9,751.6,-43.0,D,2026-08-31 12:56:08.379116
2026-08-31,2026-06-01,2026-08-31,district,JHARKHAND,JHARKHAND,DHANBAD,13.2,6.3,110.0,LE,764.3,823.0,-7.0,N,2026-08-31 12:56:08.379116
2026-08-31,2026-06-01,2026-08-31,district,JHARKHAND,JHARKHAND,DUMKA,17.8,7.6,134.0,LE,722.4,792.5,-9.0,N,2026-08-31 12:56:08.379116
2026-08-31,2026-06-01,2026-08-31,district,JHARKHAND,JHARKHAND,EAST SINGHBHUM,55.5,7.5,640.0,LE,876.5,858.1,2.0,N,2026-08-31 12:56:08.379116
2026-08-31,2026-06-01,2026-08-31,district,JHARKHAND,JHARKHAND,GIRIDIH,10.2,6.7,53.0,E,458.9,750.7,-39.0,D,2026-08-31 12:56:08.379116
2026-08-31,2026-06-01,2026-08-31,district,JHARKHAND,JHARKHAND,GODDA,12.1,5.5,121.0,LE,471.4,692.0,-32.0,D,2026-08-31 12:56:08.379116
2026-08-31,2026-06-01,2026-08-31,district,JHARKHAND,JHARKHAND,GUMLA,8.0,7.1,13.0,N,631.9,831.1,-24.0,D,2026-08-31 12:56:08.379116
2026-08-31,2026-06-01,2026-08-31,district,JHARKHAND,JHARKHAND,HAZARIBAG,7.8,6.9,13.0,N,594.9,819.0,-27.0,D,2026-08-31 12:56:08.379116
2026-08-31,2026-06-01,2026-08-31,district,JHARKHAND,JHARKHAND,JAMTARA,9.5,6.7,41.0,E,687.2,830.3,-17.0,N,2026-08-31 12:56:08.379116
2026-08-31,2026-06-01,2026-08-31,district,JHARKHAND,JHARKHAND,KHUNTI,13.6,6.2,119.0,LE,878.2,874.8,0.0,N,2026-08-31 12:56:08.379116
2026-08-31,2026-06-01,2026-08-31,district,JHARKHAND,JHARKHAND,KODERMA,22.9,6.3,264.0,LE,390.4,674.1,-42.0,D,2026-08-31 12:56:08.379116
2026-08-31,2026-06-01,2026-08-31,district,JHARKHAND,JHARKHAND,LATEHAR,35.7,7.4,383.0,LE,1024.1,813.1,26.0,E,2026-08-31 12:56:08.379116
2026-08-31,2026-06-01,2026-08-31,district,JHARKHAND,JHARKHAND,LOHARDAGA,25.3,6.0,321.0,LE,764.3,778.6,-2.0,N,2026-08-31 12:56:08.379116
2026-08-31,2026-06-01,2026-08-31,district,JHARKHAND,JHARKHAND,PAKUR,14.0,8.9,57.0,E,394.3,901.6,-56.0,D,2026-08-31 12:56:08.379116
2026-08-31,2026-06-01,2026-08-31,district,JHARKHAND,JHARKHAND,PALAMU,29.5,6.4,360.0,LE,573.5,662.8,-13.0,N,2026-08-31 12:56:08.379116
2026-08-31,2026-06-01,2026-08-31,district,JHARKHAND,JHARKHAND,RAMGARH,14.5,6.7,116.0,LE,700.6,806.2,-13.0,N,2026-08-31 12:56:08.379116
2026-08-31,2026-06-01,2026-08-31,district,JHARKHAND,JHARKHAND,RANCHI,11.0,5.4,104.0,LE,811.3,815.4,0.0,N,2026-08-31 12:56:08.379116
2026-08-31,2026-06-01,2026-08-31,district,JHARKHAND,JHARKHAND,SERAIKELA-KHARSAWAN,57.0,5.7,900.0,LE,925.4,790.8,17.0,N,2026-08-31 12:56:08.379116
2026-08-31,2026-06-01,2026-08-31,district,JHARKHAND,JHARKHAND,SIMDEGA,9.1,9.7,-6.0,N,1055.0,1030.7,2.0,N,2026-08-31 12:56:08.379116
2026-08-31,2026-06-01,2026-08-31,district,JHARKHAND,JHARKHAND,WEST SINGHBHUM,45.5,5.2,775.0,LE,1151.8,807.3,43.0,E,2026-08-31 12:56:08.379116
2026-08-31,2026-06-01,2026-08-31,district,KERALA & MAHE,KERALA,ALAPUZHA,1.8,8.0,-77.0,LD,1021.4,1370.7,-25.0,D,2026-08-31 12:56:08.379116
2026-08-31,2026-06-01,2026-08-31,district,KERALA & MAHE,KERALA,ERNAKULAM,0.8,10.7,-93.0,LD,1449.9,1796.1,-19.0,N,2026-08-31 12:56:08.379116
2026-08-31,2026-06-01,2026-08-31,district,KERALA & MAHE,KERALA,IDUKKI,0.3,17.4,-98.0,LD,1241.5,2203.3,-44.0,D,2026-08-31 12:56:08.379116
2026-08-31,2026-06-01,2026-08-31,district,KERALA & MAHE,KERALA,KANNUR,2.8,12.4,-77.0,LD,2198.3,2349.7,-6.0,N,2026-08-31 12:56:08.379116
2026-08-31,2026-06-01,2026-08-31,district,KERALA & MAHE,KERALA,KASARGOD,15.8,17.7,-11.0,N,2264.1,2576.8,-12.0,N,2026-08-31 12:56:08.379116
2026-08-31,2026-06-01,2026-08-31,district,KERALA & MAHE,KERALA,KOLLAM,1.1,7.4,-85.0,LD,728.7,1031.0,-29.0,D,2026-08-31 12:56:08.379116
2026-08-31,2026-06-01,2026-08-31,district,KERALA & MAHE,KERALA,KOTTAYAM,0.4,10.0,-96.0,LD,1519.7,1610.4,-6.0,N,2026-08-31 12:56:08.379116
2026-08-31,2026-06-01,2026-08-31,district,KERALA & MAHE,KERALA,KOZHIKODE,0.8,14.8,-95.0,LD,2021.1,2273.2,-11.0,N,2026-08-31 12:56:08.379116
2026-08-31,2026-06-01,2026-08-31,district,KERALA & MAHE,KERALA,MALAPPURAM,0.9,11.1,-92.0,LD,1367.7,1702.3,-20.0,D,2026-08-31 12:56:08.379116
2026-08-31,2026-06-01,2026-08-31,district,KERALA & MAHE,KERALA,PALAKKAD,0.0,9.2,-100.0,NR,1049.7,1349.2,-22.0,D,2026-08-31 12:56:08.379116
2026-08-31,2026-06-01,2026-08-31,district,KERALA & MAHE,KERALA,PATHANAMTHITTA,0.1,8.7,-98.0,LD,1312.4,1321.5,-1.0,N,2026-08-31 12:56:08.379116
2026-08-31,2026-06-01,2026-08-31,district,KERALA & MAHE,KERALA,THIRUVANANTHAPURAM,2.6,6.6,-60.0,LD,666.8,666.3,0.0,N,2026-08-31 12:56:08.379116
2026-08-31,2026-06-01,2026-08-31,district,KERALA & MAHE,KERALA,THRISSUR,1.2,11.7,-90.0,LD,1434.0,1838.3,-22.0,D,2026-08-31 12:56:08.379116
2026-08-31,2026-06-01,2026-08-31,district,KERALA & MAHE,KERALA,WYNAD,0.8,15.0,-95.0,LD,1095.3,2200.9,-50.0,D,2026-08-31 12:56:08.379116
2026-08-31,2026-06-01,2026-08-31,district,KONKAN & GOA,GOA,NORTH GOA,5.3,17.9,-70.0,LD,1701.9,2752.9,-38.0,D,2026-08-31 12:56:08.379116
2026-08-31,2026-06-01,2026-08-31,district,KONKAN & GOA,GOA,SOUTH GOA,4.2,18.4,-77.0,LD,1871.7,2633.1,-29.0,D,2026-08-31 12:56:08.379116
2026-08-31,2026-06-01,2026-08-31,district,KONKAN & GOA,MAHARASHTRA,MUMBAI CITY,0.0,18.8,-100.0,NR,1782.0,1758.5,1.0,N,2026-08-31 12:56:08.379116
2026-08-31,2026-06-01,2026-08-31,district,KONKAN & GOA,MAHARASHTRA,MUMBAI SUBURBAN,0.3,17.3,-98.0,LD,2224.7,1959.2,14.0,N,2026-08-31 12:56:08.379116
2026-08-31,2026-06-01,2026-08-31,district,KONKAN & GOA,MAHARASHTRA,PALGHAR,1.7,15.8,-89.0,LD,2468.1,1938.3,27.0,E,2026-08-31 12:56:08.379116
2026-08-31,2026-06-01,2026-08-31,district,KONKAN & GOA,MAHARASHTRA,RAIGAD,4.1,21.4,-81.0,LD,2754.3,2689.7,2.0,N,2026-08-31 12:56:08.379116
2026-08-31,2026-06-01,2026-08-31,district,KONKAN & GOA,MAHARASHTRA,RATNAGIRI,9.3,18.6,-50.0,D,2428.4,2783.4,-13.0,N,2026-08-31 12:56:08.379116
2026-08-31,2026-06-01,2026-08-31,district,KONKAN & GOA,MAHARASHTRA,SINDHUDURG,4.8,17.4,-73.0,LD,1718.7,2606.7,-34.0,D,2026-08-31 12:56:08.379116
2026-08-31,2026-06-01,2026-08-31,district,KONKAN & GOA,MAHARASHTRA,THANE,2.6,18.6,-86.0,LD,1983.4,2087.1,-5.0,N,2026-08-31 12:56:08.379116
2026-08-31,2026-06-01,2026-08-31,district,LAKSHADWEEP,LAKSHADWEEP,LAKSHADWEEP,3.5,10.7,-68.0,LD,635.2,856.9,-26.0,D,2026-08-31 12:56:08.379116
2026-08-31,2026-06-01,2026-08-31,district,MADHYA MAHARASHTRA,MAHARASHTRA,AHMEDNAGAR,0.0,5.1,-100.0,NR,214.2,308.7,-31.0,D,2026-08-31 12:56:08.379116
2026-08-31,2026-06-01,2026-08-31,district,MADHYA MAHARASHTRA,MAHARASHTRA,DHULE,0.0,3.8,-100.0,NR,384.7,428.3,-10.0,N,2026-08-31 12:56:08.379116
2026-08-31,2026-06-01,2026-08-31,district,MADHYA MAHARASHTRA,MAHARASHTRA,JALGAON,0.0,5.5,-100.0,NR,473.0,499.0,-5.0,N,2026-08-31 12:56:08.379116
2026-08-31,2026-06-01,2026-08-31,district,MADHYA MAHARASHTRA,MAHARASHTRA,KOLHAPUR,2.1,9.9,-79.0,LD,1389.0,1500.9,-7.0,N,2026-08-31 12:56:08.379116
2026-08-31,2026-06-01,2026-08-31,district,MADHYA MAHARASHTRA,MAHARASHTRA,NANDURBAR,0.0,7.8,-100.0,NR,418.5,691.3,-39.0,D,2026-08-31 12:56:08.379116
2026-08-31,2026-06-01,2026-08-31,district,MADHYA MAHARASHTRA,MAHARASHTRA,NASHIK,1.0,6.8,-85.0,LD,1103.3,715.7,54.0,E,2026-08-31 12:56:08.379116
2026-08-31,2026-06-01,2026-08-31,district,MADHYA MAHARASHTRA,MAHARASHTRA,PUNE,0.6,5.7,-89.0,LD,1000.6,764.8,31.0,E,2026-08-31 12:56:08.379116
2026-08-31,2026-06-01,2026-08-31,district,MADHYA MAHARASHTRA,MAHARASHTRA,SANGLI,0.3,3.3,-91.0,LD,304.7,352.8,-14.0,N,2026-08-31 12:56:08.379116
2026-08-31,2026-06-01,2026-08-31,district,MADHYA MAHARASHTRA,MAHARASHTRA,SATARA,2.5,4.1,-40.0,D,916.8,687.0,33.0,E,2026-08-31 12:56:08.379116
2026-08-31,2026-06-01,2026-08-31,district,MADHYA MAHARASHTRA,MAHARASHTRA,SHOLAPUR,0.0,3.5,-100.0,NR,156.4,292.4,-47.0,D,2026-08-31 12:56:08.379116
2026-08-31,2026-06-01,2026-08-31,district,MARATHWADA,MAHARASHTRA,BEED,0.2,7.1,-97.0,LD,214.4,391.6,-45.0,D,2026-08-31 12:56:08.379116
2026-08-31,2026-06-01,2026-08-31,district,MARATHWADA,MAHARASHTRA,CHHATRAPATI SAMBHAJINAGAR,0.0,6.6,-100.0,NR,421.0,413.6,2.0,N,2026-08-31 12:56:08.379116
2026-08-31,2026-06-01,2026-08-31,district,MARATHWADA,MAHARASHTRA,DHARASHIV,0.0,5.2,-100.0,NR,272.1,400.4,-32.0,D,2026-08-31 12:56:08.379116
2026-08-31,2026-06-01,2026-08-31,district,MARATHWADA,MAHARASHTRA,HINGOLI,0.0,7.4,-100.0,NR,335.3,616.1,-46.0,D,2026-08-31 12:56:08.379116
2026-08-31,2026-06-01,2026-08-31,district,MARATHWADA,MAHARASHTRA,JALNA,0.0,7.9,-100.0,NR,274.6,450.6,-39.0,D,2026-08-31 12:56:08.379116
2026-08-31,2026-06-01,2026-08-31,district,MARATHWADA,MAHARASHTRA,LATUR,0.0,6.6,-100.0,NR,357.1,490.3,-27.0,D,2026-08-31 12:56:08.379116
2026-08-31,2026-06-01,2026-08-31,district,MARATHWADA,MAHARASHTRA,NANDED,0.0,9.5,-100.0,NR,443.4,622.0,-29.0,D,2026-08-31 12:56:08.379116
2026-08-31,2026-06-01,2026-08-31,district,MARATHWADA,MAHARASHTRA,PARBHANI,0.0,9.2,-100.0,NR,355.4,536.3,-34.0,D,2026-08-31 12:56:08.379116
2026-08-31,2026-06-01,2026-08-31,district,N. I. KARNATAKA,KARNATAKA,BAGALKOTE,0.1,1.9,-97.0,LD,204.8,220.4,-7.0,N,2026-08-31 12:56:08.379116
2026-08-31,2026-06-01,2026-08-31,district,N. I. KARNATAKA,KARNATAKA,BELAGAVI,0.6,3.1,-81.0,LD,534.6,456.4,17.0,N,2026-08-31 12:56:08.379116
2026-08-31,2026-06-01,2026-08-31,district,N. I. KARNATAKA,KARNATAKA,BIDAR,1.4,5.7,-75.0,LD,407.1,477.6,-15.0,N,2026-08-31 12:56:08.379116
2026-08-31,2026-06-01,2026-08-31,district,N. I. KARNATAKA,KARNATAKA,DHARWAD,0.0,4.6,-99.0,LD,235.1,403.0,-42.0,D,2026-08-31 12:56:08.379116
2026-08-31,2026-06-01,2026-08-31,district,N. I. KARNATAKA,KARNATAKA,GADAG,0.1,3.2,-96.0,LD,190.5,233.5,-18.0,N,2026-08-31 12:56:08.379116
2026-08-31,2026-06-01,2026-08-31,district,N. I. KARNATAKA,KARNATAKA,HAVERI,0.7,3.4,-80.0,LD,269.2,394.0,-32.0,D,2026-08-31 12:56:08.379116
2026-08-31,2026-06-01,2026-08-31,district,N. I. KARNATAKA,KARNATAKA,KALABURAGI,0.1,4.4,-99.0,LD,199.2,399.6,-50.0,D,2026-08-31 12:56:08.379116
2026-08-31,2026-06-01,2026-08-31,district,N. I. KARNATAKA,KARNATAKA,KOPPAL,0.0,4.3,-100.0,NR,164.4,241.7,-32.0,D,2026-08-31 12:56:08.379116
2026-08-31,2026-06-01,2026-08-31,district,N. I. KARNATAKA,KARNATAKA,RAICHUR,0.2,5.1,-97.0,LD,197.1,278.4,-29.0,D,2026-08-31 12:56:08.379116
2026-08-31,2026-06-01,2026-08-31,district,N. I. KARNATAKA,KARNATAKA,VIJAYAPURA,0.2,2.3,-91.0,LD,173.8,243.1,-29.0,D,2026-08-31 12:56:08.379116
2026-08-31,2026-06-01,2026-08-31,district,N. I. KARNATAKA,KARNATAKA,YADGIR,0.5,3.7,-86.0,LD,274.4,353.8,-22.0,D,2026-08-31 12:56:08.379116
2026-08-31,2026-06-01,2026-08-31,district,NMMT,MANIPUR,BISHNUPUR,7.3,3.8,92.0,LE,371.4,908.9,-59.0,D,2026-08-31 12:56:08.379116
2026-08-31,2026-06-01,2026-08-31,district,NMMT,MANIPUR,CHANDEL,22.2,3.8,484.0,LE,443.2,908.9,-51.0,D,2026-08-31 12:56:08.379116
2026-08-31,2026-06-01,2026-08-31,district,NMMT,MANIPUR,CHURACHANDPUR,2.0,3.8,-47.0,D,199.5,908.9,-78.0,LD,2026-08-31 12:56:08.379116
2026-08-31,2026-06-01,2026-08-31,district,NMMT,MANIPUR,IMPHAL EAST,7.3,5.1,43.0,E,409.2,595.5,-31.0,D,2026-08-31 12:56:08.379116
2026-08-31,2026-06-01,2026-08-31,district,NMMT,MANIPUR,IMPHAL WEST,14.4,7.4,95.0,LE,611.6,1367.5,-55.0,D,2026-08-31 12:56:08.379116
2026-08-31,2026-06-01,2026-08-31,district,NMMT,MANIPUR,SENAPATI,1.6,10.8,-85.0,LD,536.4,629.7,-15.0,N,2026-08-31 12:56:08.379116
2026-08-31,2026-06-01,2026-08-31,district,NMMT,MANIPUR,TAMENGLONG,0.0,15.9,-100.0,NR,1487.2,3248.8,-54.0,D,2026-08-31 12:56:08.379116
2026-08-31,2026-06-01,2026-08-31,district,NMMT,MANIPUR,THOUBAL,20.2,5.1,296.0,LE,288.0,595.5,-52.0,D,2026-08-31 12:56:08.379116
2026-08-31,2026-06-01,2026-08-31,district,NMMT,MANIPUR,UKHRUL,9.2,9.3,-1.0,N,785.2,861.5,-9.0,N,2026-08-31 12:56:08.379116
2026-08-31,2026-06-01,2026-08-31,district,NMMT,MIZORAM,AIZAWL,12.0,11.6,3.0,N,1058.9,1244.6,-15.0,N,2026-08-31 12:56:08.379116
2026-08-31,2026-06-01,2026-08-31,district,NMMT,MIZORAM,CHAMPHAI,8.7,8.7,0.0,N,823.3,1028.1,-20.0,D,2026-08-31 12:56:08.379116
2026-08-31,2026-06-01,2026-08-31,district,NMMT,MIZORAM,KOLASIB,38.8,13.2,194.0,LE,1298.3,1362.9,-5.0,N,2026-08-31 12:56:08.379116
2026-08-31,2026-06-01,2026-08-31,district,NMMT,MIZORAM,LAWNGTLAI,3.2,10.4,-69.0,LD,1242.4,1344.2,-8.0,N,2026-08-31 12:56:08.379116
2026-08-31,2026-06-01,2026-08-31,district,NMMT,MIZORAM,LUNGLEI,1.6,11.9,-87.0,LD,1102.1,1374.8,-20.0,D,2026-08-31 12:56:08.379116
2026-08-31,2026-06-01,2026-08-31,district,NMMT,MIZORAM,MAMIT,15.2,4.1,270.0,LE,749.8,1223.2,-39.0,D,2026-08-31 12:56:08.379116
2026-08-31,2026-06-01,2026-08-31,district,NMMT,MIZORAM,SAIHA,3.0,9.8,-69.0,LD,1003.9,1373.4,-27.0,D,2026-08-31 12:56:08.379116
2026-08-31,2026-06-01,2026-08-31,district,NMMT,MIZORAM,SERCHHIP,39.3,9.9,296.0,LE,1117.2,1183.6,-6.0,N,2026-08-31 12:56:08.379116
2026-08-31,2026-06-01,2026-08-31,district,NMMT,NAGALAND,DIMAPUR,6.1,6.3,-4.0,N,652.0,660.5,-1.0,N,2026-08-31 12:56:08.379116
2026-08-31,2026-06-01,2026-08-31,district,NMMT,NAGALAND,KIPHIRE,3.5,2.5,39.0,E,610.8,489.4,25.0,E,2026-08-31 12:56:08.379116
2026-08-31,2026-06-01,2026-08-31,district,NMMT,NAGALAND,KOHIMA,5.8,11.5,-50.0,D,881.9,972.0,-9.0,N,2026-08-31 12:56:08.379116
2026-08-31,2026-06-01,2026-08-31,district,NMMT,NAGALAND,MOKOKCHUNG,14.3,6.1,134.0,LE,1278.9,1112.8,15.0,N,2026-08-31 12:56:08.379116
2026-08-31,2026-06-01,2026-08-31,district,NMMT,NAGALAND,MON,15.0,4.3,249.0,LE,654.5,874.5,-25.0,D,2026-08-31 12:56:08.379116
2026-08-31,2026-06-01,2026-08-31,district,NMMT,NAGALAND,PEREN,4.3,6.3,-32.0,D,709.0,738.2,-4.0,N,2026-08-31 12:56:08.379116
2026-08-31,2026-06-01,2026-08-31,district,NMMT,NAGALAND,PHEK,7.4,4.0,85.0,LE,602.2,668.2,-10.0,N,2026-08-31 12:56:08.379116
2026-08-31,2026-06-01,2026-08-31,district,NMMT,NAGALAND,WOKHA,8.4,7.2,17.0,N,1063.8,984.2,8.0,N,2026-08-31 12:56:08.379116
2026-08-31,2026-06-01,2026-08-31,district,NMMT,NAGALAND,ZUNHEBOTO,15.3,6.9,122.0,LE,1338.5,860.4,56.0,E,2026-08-31 12:56:08.379116
2026-08-31,2026-06-01,2026-08-31,district,NMMT,TRIPURA,DHALAI,12.1,7.9,53.0,E,1030.0,1076.3,-4.0,N,2026-08-31 12:56:08.379116
2026-08-31,2026-06-01,2026-08-31,district,NMMT,TRIPURA,GOMATI,0.2,14.1,-98.0,LD,911.9,1160.1,-21.0,D,2026-08-31 12:56:08.379116
2026-08-31,2026-06-01,2026-08-31,district,NMMT,TRIPURA,KHOWAI,2.3,10.0,-77.0,LD,1130.4,1057.8,7.0,N,2026-08-31 12:56:08.379116
2026-08-31,2026-06-01,2026-08-31,district,NMMT,TRIPURA,NORTH TRIPURA,15.8,6.8,132.0,LE,913.7,1116.0,-18.0,N,2026-08-31 12:56:08.379116
2026-08-31,2026-06-01,2026-08-31,district,NMMT,TRIPURA,SIPAHIJALA,2.5,10.0,-75.0,LD,948.3,1084.5,-13.0,N,2026-08-31 12:56:08.379116
2026-08-31,2026-06-01,2026-08-31,district,NMMT,TRIPURA,SOUTH TRIPURA,1.4,8.1,-83.0,LD,958.5,1407.5,-32.0,D,2026-08-31 12:56:08.379116
2026-08-31,2026-06-01,2026-08-31,district,NMMT,TRIPURA,UNAKOTI,1.8,8.1,-78.0,LD,1121.3,1144.2,-2.0,N,2026-08-31 12:56:08.379116
2026-08-31,2026-06-01,2026-08-31,district,NMMT,TRIPURA,WEST TRIPURA,0.8,8.2,-91.0,LD,1088.2,972.9,12.0,N,2026-08-31 12:56:08.379116
2026-08-31,2026-06-01,2026-08-31,district,ODISHA,ODISHA,ANGUL,39.1,7.3,436.0,LE,1197.6,902.8,33.0,E,2026-08-31 12:56:08.379116
2026-08-31,2026-06-01,2026-08-31,district,ODISHA,ODISHA,BALANGIR,5.4,6.7,-19.0,N,1170.8,888.5,32.0,E,2026-08-31 12:56:08.379116
2026-08-31,2026-06-01,2026-08-31,district,ODISHA,ODISHA,BALASORE,35.3,7.6,365.0,LE,1498.8,917.1,63.0,LE,2026-08-31 12:56:08.379116
2026-08-31,2026-06-01,2026-08-31,district,ODISHA,ODISHA,BARGARH,16.8,9.1,84.0,LE,1537.7,979.0,57.0,E,2026-08-31 12:56:08.379116
2026-08-31,2026-06-01,2026-08-31,district,ODISHA,ODISHA,BHADRAK,32.7,6.7,388.0,LE,1156.8,836.2,38.0,E,2026-08-31 12:56:08.379116
2026-08-31,2026-06-01,2026-08-31,district,ODISHA,ODISHA,BOUDH,8.9,6.4,39.0,E,1558.6,840.0,86.0,LE,2026-08-31 12:56:08.379116
2026-08-31,2026-06-01,2026-08-31,district,ODISHA,ODISHA,CUTTACK,27.5,6.3,336.0,LE,1262.9,899.4,40.0,E,2026-08-31 12:56:08.379116
2026-08-31,2026-06-01,2026-08-31,district,ODISHA,ODISHA,DEOGARH,63.1,7.0,802.0,LE,1407.5,937.7,50.0,E,2026-08-31 12:56:08.379116
2026-08-31,2026-06-01,2026-08-31,district,ODISHA,ODISHA,DHENKANAL,32.2,6.6,387.0,LE,1345.6,876.7,53.0,E,2026-08-31 12:56:08.379116
2026-08-31,2026-06-01,2026-08-31,district,ODISHA,ODISHA,GAJAPATI,2.0,8.8,-78.0,LD,539.3,681.5,-21.0,D,2026-08-31 12:56:08.379116
2026-08-31,2026-06-01,2026-08-31,district,ODISHA,ODISHA,GANJAM,2.6,6.3,-59.0,D,575.5,667.2,-14.0,N,2026-08-31 12:56:08.379116
2026-08-31,2026-06-01,2026-08-31,district,ODISHA,ODISHA,JAGATSINGHPUR,22.0,4.5,390.0,LE,1096.6,814.5,35.0,E,2026-08-31 12:56:08.379116
2026-08-31,2026-06-01,2026-08-31,district,ODISHA,ODISHA,JAJPUR,23.4,6.3,272.0,LE,1153.0,965.5,19.0,N,2026-08-31 12:56:08.379116
2026-08-31,2026-06-01,2026-08-31,district,ODISHA,ODISHA,JHARSUGUDA,26.1,9.9,163.0,LE,1110.0,962.0,15.0,N,2026-08-31 12:56:08.379116
2026-08-31,2026-06-01,2026-08-31,district,ODISHA,ODISHA,KALAHANDI,25.9,7.4,249.0,LE,988.5,1129.3,-12.0,N,2026-08-31 12:56:08.379116
2026-08-31,2026-06-01,2026-08-31,district,ODISHA,ODISHA,KANDHAMAL,14.9,9.3,60.0,LE,1113.4,893.9,25.0,E,2026-08-31 12:56:08.379116
2026-08-31,2026-06-01,2026-08-31,district,ODISHA,ODISHA,KENDRAPARA,28.0,6.4,338.0,LE,1319.6,854.6,54.0,E,2026-08-31 12:56:08.379116
2026-08-31,2026-06-01,2026-08-31,district,ODISHA,ODISHA,KEONJHARGARH,51.9,5.5,843.0,LE,1426.7,898.6,59.0,E,2026-08-31 12:56:08.379116
2026-08-31,2026-06-01,2026-08-31,district,ODISHA,ODISHA,KHURDA,28.0,5.7,391.0,LE,1055.9,846.1,25.0,E,2026-08-31 12:56:08.379116
2026-08-31,2026-06-01,2026-08-31,district,ODISHA,ODISHA,KORAPUT,25.9,13.4,93.0,LE,1005.9,980.4,3.0,N,2026-08-31 12:56:08.379116
2026-08-31,2026-06-01,2026-08-31,district,ODISHA,ODISHA,MALKANGIRI,5.4,11.7,-54.0,D,902.8,1024.5,-12.0,N,2026-08-31 12:56:08.379116
2026-08-31,2026-06-01,2026-08-31,district,ODISHA,ODISHA,MAYURBHANJ,52.0,7.6,584.0,LE,1397.4,950.9,47.0,E,2026-08-31 12:56:08.379116
2026-08-31,2026-06-01,2026-08-31,district,ODISHA,ODISHA,NAWAPARA,35.4,5.6,532.0,LE,990.0,818.2,21.0,E,2026-08-31 12:56:08.379116
2026-08-31,2026-06-01,2026-08-31,district,ODISHA,ODISHA,NAWARANGPUR,13.9,11.1,25.0,E,937.8,1103.4,-15.0,N,2026-08-31 12:56:08.379116
2026-08-31,2026-06-01,2026-08-31,district,ODISHA,ODISHA,NAYAGARH,22.7,8.9,155.0,LE,1022.3,841.4,22.0,E,2026-08-31 12:56:08.379116
2026-08-31,2026-06-01,2026-08-31,district,ODISHA,ODISHA,PURI,36.8,7.4,398.0,LE,1103.7,787.6,40.0,E,2026-08-31 12:56:08.379116
2026-08-31,2026-06-01,2026-08-31,district,ODISHA,ODISHA,RAYAGADA,8.0,7.8,3.0,N,737.3,771.1,-4.0,N,2026-08-31 12:56:08.379116
2026-08-31,2026-06-01,2026-08-31,district,ODISHA,ODISHA,SAMBALPUR,18.3,7.8,135.0,LE,1451.2,1033.6,40.0,E,2026-08-31 12:56:08.379116
2026-08-31,2026-06-01,2026-08-31,district,ODISHA,ODISHA,SONEPUR,2.4,6.6,-64.0,LD,1553.8,979.0,59.0,E,2026-08-31 12:56:08.379116
2026-08-31,2026-06-01,2026-08-31,district,ODISHA,ODISHA,SUNDARGARH,32.0,8.5,277.0,LE,1270.8,974.1,30.0,E,2026-08-31 12:56:08.379116
2026-08-31,2026-06-01,2026-08-31,district,PUNJAB,PUNJAB,AMRITSAR,0.1,2.9,-95.0,LD,347.2,384.4,-10.0,N,2026-08-31 12:56:08.379116
2026-08-31,2026-06-01,2026-08-31,district,PUNJAB,PUNJAB,BARNALA,0.0,2.4,-100.0,NR,124.3,298.0,-58.0,D,2026-08-31 12:56:08.379116
2026-08-31,2026-06-01,2026-08-31,district,PUNJAB,PUNJAB,BHATINDA,0.0,0.9,-100.0,NR,122.6,244.4,-50.0,D,2026-08-31 12:56:08.379116
2026-08-31,2026-06-01,2026-08-31,district,PUNJAB,PUNJAB,FARIDKOT,0.0,2.4,-100.0,NR,223.8,244.8,-9.0,N,2026-08-31 12:56:08.379116
2026-08-31,2026-06-01,2026-08-31,district,PUNJAB,PUNJAB,FATEHGARH SAHIB,0.0,0.5,-100.0,NR,134.7,396.8,-66.0,LD,2026-08-31 12:56:08.379116
2026-08-31,2026-06-01,2026-08-31,district,PUNJAB,PUNJAB,FAZILKA,0.0,0.8,-100.0,NR,106.6,206.6,-48.0,D,2026-08-31 12:56:08.379116
2026-08-31,2026-06-01,2026-08-31,district,PUNJAB,PUNJAB,FEROZEPUR,0.0,1.0,-100.0,NR,134.4,202.5,-34.0,D,2026-08-31 12:56:08.379116
2026-08-31,2026-06-01,2026-08-31,district,PUNJAB,PUNJAB,GURDASPUR,0.0,3.7,-100.0,NR,703.2,510.4,38.0,E,2026-08-31 12:56:08.379116
2026-08-31,2026-06-01,2026-08-31,district,PUNJAB,PUNJAB,HOSHIARPUR,0.1,3.8,-97.0,LD,229.6,508.9,-55.0,D,2026-08-31 12:56:08.379116
2026-08-31,2026-06-01,2026-08-31,district,PUNJAB,PUNJAB,JALANDHAR,0.0,2.9,-100.0,NR,229.9,430.0,-47.0,D,2026-08-31 12:56:08.379116
2026-08-31,2026-06-01,2026-08-31,district,PUNJAB,PUNJAB,KAPURTHALA,0.0,1.5,-100.0,NR,133.1,376.2,-65.0,LD,2026-08-31 12:56:08.379116
2026-08-31,2026-06-01,2026-08-31,district,PUNJAB,PUNJAB,LUDHIANA,0.0,3.6,-100.0,NR,217.7,373.0,-42.0,D,2026-08-31 12:56:08.379116
2026-08-31,2026-06-01,2026-08-31,district,PUNJAB,PUNJAB,MANSA,0.0,0.1,-100.0,NR,71.8,221.9,-68.0,LD,2026-08-31 12:56:08.379116
2026-08-31,2026-06-01,2026-08-31,district,PUNJAB,PUNJAB,MOGA,0.0,1.8,-100.0,NR,164.1,243.6,-33.0,D,2026-08-31 12:56:08.379116
2026-08-31,2026-06-01,2026-08-31,district,PUNJAB,PUNJAB,MUKTSAR,0.0,3.0,-100.0,NR,94.5,260.0,-64.0,LD,2026-08-31 12:56:08.379116
2026-08-31,2026-06-01,2026-08-31,district,PUNJAB,PUNJAB,PATHANKOT,15.4,4.3,259.0,LE,1076.2,825.5,30.0,E,2026-08-31 12:56:08.379116
2026-08-31,2026-06-01,2026-08-31,district,PUNJAB,PUNJAB,PATIALA,0.0,2.8,-100.0,NR,257.6,433.2,-41.0,D,2026-08-31 12:56:08.379116
2026-08-31,2026-06-01,2026-08-31,district,PUNJAB,PUNJAB,RUPNAGAR,1.2,4.8,-75.0,LD,452.9,667.8,-32.0,D,2026-08-31 12:56:08.379116
2026-08-31,2026-06-01,2026-08-31,district,PUNJAB,PUNJAB,SANGRUR,0.0,1.1,-100.0,NR,153.4,313.1,-51.0,D,2026-08-31 12:56:08.379116
2026-08-31,2026-06-01,2026-08-31,district,PUNJAB,PUNJAB,SAS NAGAR (MOHALI),0.0,1.7,-100.0,NR,214.9,503.6,-57.0,D,2026-08-31 12:56:08.379116
2026-08-31,2026-06-01,2026-08-31,district,PUNJAB,PUNJAB,SBS NAGAR,0.0,3.3,-100.0,NR,314.0,620.9,-49.0,D,2026-08-31 12:56:08.379116
2026-08-31,2026-06-01,2026-08-31,district,PUNJAB,PUNJAB,TARN TARAN,0.0,3.3,-100.0,NR,120.6,222.0,-46.0,D,2026-08-31 12:56:08.379116
2026-08-31,2026-06-01,2026-08-31,district,RAYALASEEMA,ANDHRA PRADESH,ANANTAPURAMU,0.0,2.5,-100.0,NR,155.7,206.4,-25.0,D,2026-08-31 12:56:08.379116
2026-08-31,2026-06-01,2026-08-31,district,RAYALASEEMA,ANDHRA PRADESH,ANNAMAYYA DISTRICT,1.2,3.3,-65.0,LD,83.8,261.2,-68.0,LD,2026-08-31 12:56:08.379116
2026-08-31,2026-06-01,2026-08-31,district,RAYALASEEMA,ANDHRA PRADESH,CHITTOOR,0.2,4.9,-97.0,LD,133.2,295.3,-55.0,D,2026-08-31 12:56:08.379116
2026-08-31,2026-06-01,2026-08-31,district,RAYALASEEMA,ANDHRA PRADESH,KURNOOL,0.0,3.6,-99.0,LD,202.8,296.7,-32.0,D,2026-08-31 12:56:08.379116
2026-08-31,2026-06-01,2026-08-31,district,RAYALASEEMA,ANDHRA PRADESH,NANDYAL,0.2,3.6,-95.0,LD,203.5,353.5,-42.0,D,2026-08-31 12:56:08.379116
2026-08-31,2026-06-01,2026-08-31,district,RAYALASEEMA,ANDHRA PRADESH,SRI SATHYASAI DISTRICT,2.7,1.4,90.0,LE,112.3,198.7,-43.0,D,2026-08-31 12:56:08.379116
2026-08-31,2026-06-01,2026-08-31,district,RAYALASEEMA,ANDHRA PRADESH,TIRUPATI,0.1,3.7,-97.0,LD,184.9,311.7,-41.0,D,2026-08-31 12:56:08.379116
2026-08-31,2026-06-01,2026-08-31,district,RAYALASEEMA,ANDHRA PRADESH,YSR DISTRICT,0.3,2.8,-89.0,LD,148.4,275.4,-46.0,D,2026-08-31 12:56:08.379116
2026-08-31,2026-06-01,2026-08-31,district,S. I. KARNATAKA,KARNATAKA,BALLARI,0.0,2.1,-100.0,NR,126.9,231.0,-45.0,D,2026-08-31 12:56:08.379116
2026-08-31,2026-06-01,2026-08-31,district,S. I. KARNATAKA,KARNATAKA,BENGALURU RURAL,0.4,2.3,-83.0,LD,226.1,270.3,-16.0,N,2026-08-31 12:56:08.379116
2026-08-31,2026-06-01,2026-08-31,district,S. I. KARNATAKA,KARNATAKA,BENGALURU URBAN,0.7,2.3,-70.0,LD,127.3,278.1,-54.0,D,2026-08-31 12:56:08.379116
2026-08-31,2026-06-01,2026-08-31,district,S. I. KARNATAKA,KARNATAKA,CHAMARAJANAGAR,0.0,3.8,-100.0,NR,133.3,216.7,-38.0,D,2026-08-31 12:56:08.379116
2026-08-31,2026-06-01,2026-08-31,district,S. I. KARNATAKA,KARNATAKA,CHIKABALLAPURA,0.0,2.5,-99.0,LD,151.0,262.9,-43.0,D,2026-08-31 12:56:08.379116
2026-08-31,2026-06-01,2026-08-31,district,S. I. KARNATAKA,KARNATAKA,CHIKKAMAGALURU,8.9,8.5,5.0,N,1222.3,1310.1,-7.0,N,2026-08-31 12:56:08.379116
2026-08-31,2026-06-01,2026-08-31,district,S. I. KARNATAKA,KARNATAKA,CHITRADURGA,1.7,1.4,20.0,E,142.9,185.8,-23.0,D,2026-08-31 12:56:08.379116
2026-08-31,2026-06-01,2026-08-31,district,S. I. KARNATAKA,KARNATAKA,DAVANGERE,2.5,2.2,12.0,N,255.1,272.0,-6.0,N,2026-08-31 12:56:08.379116
2026-08-31,2026-06-01,2026-08-31,district,S. I. KARNATAKA,KARNATAKA,HASSAN,0.9,3.5,-73.0,LD,201.8,543.7,-63.0,LD,2026-08-31 12:56:08.379116
2026-08-31,2026-06-01,2026-08-31,district,S. I. KARNATAKA,KARNATAKA,KODAGU,6.9,12.3,-44.0,D,1510.1,2002.1,-25.0,D,2026-08-31 12:56:08.379116
2026-08-31,2026-06-01,2026-08-31,district,S. I. KARNATAKA,KARNATAKA,KOLAR,0.0,3.1,-100.0,NR,129.3,248.4,-48.0,D,2026-08-31 12:56:08.379116
2026-08-31,2026-06-01,2026-08-31,district,S. I. KARNATAKA,KARNATAKA,MANDYA,0.0,1.6,-100.0,NR,98.1,180.5,-46.0,D,2026-08-31 12:56:08.379116
2026-08-31,2026-06-01,2026-08-31,district,S. I. KARNATAKA,KARNATAKA,MYSURU,0.0,2.4,-100.0,NR,152.8,264.7,-42.0,D,2026-08-31 12:56:08.379116
2026-08-31,2026-06-01,2026-08-31,district,S. I. KARNATAKA,KARNATAKA,RAMANAGARA,0.0,3.0,-100.0,NR,19.0,286.5,-93.0,LD,2026-08-31 12:56:08.379116
2026-08-31,2026-06-01,2026-08-31,district,S. I. KARNATAKA,KARNATAKA,SHIVAMOGGA,9.6,9.8,-2.0,N,1423.7,1452.4,-2.0,N,2026-08-31 12:56:08.379116
2026-08-31,2026-06-01,2026-08-31,district,S. I. KARNATAKA,KARNATAKA,TUMAKURU,4.0,1.7,133.0,LE,127.0,227.7,-44.0,D,2026-08-31 12:56:08.379116
2026-08-31,2026-06-01,2026-08-31,district,S. I. KARNATAKA,KARNATAKA,VIJAYANAGARA,0.0,3.5,-100.0,NR,141.4,251.5,-44.0,D,2026-08-31 12:56:08.379116
2026-08-31,2026-06-01,2026-08-31,district,SAURASHTRA & KUTCH,DADRA & NAGAR HAVELI AND DAMAN & DIU (UT),DIU,1.0,13.8,-93.0,LD,626.6,643.2,-3.0,N,2026-08-31 12:56:08.379116
2026-08-31,2026-06-01,2026-08-31,district,SAURASHTRA & KUTCH,GUJARAT,AMRELI,0.0,7.5,-100.0,NR,493.9,464.6,6.0,N,2026-08-31 12:56:08.379116
2026-08-31,2026-06-01,2026-08-31,district,SAURASHTRA & KUTCH,GUJARAT,BHAVNAGAR,0.0,5.5,-100.0,NR,477.1,462.4,3.0,N,2026-08-31 12:56:08.379116
2026-08-31,2026-06-01,2026-08-31,district,SAURASHTRA & KUTCH,GUJARAT,BOTAD,0.0,9.5,-100.0,NR,445.8,455.5,-2.0,N,2026-08-31 12:56:08.379116
2026-08-31,2026-06-01,2026-08-31,district,SAURASHTRA & KUTCH,GUJARAT,DEVBHOOMI DWARKA,0.0,10.1,-100.0,NR,57.4,467.5,-88.0,LD,2026-08-31 12:56:08.379116
2026-08-31,2026-06-01,2026-08-31,district,SAURASHTRA & KUTCH,GUJARAT,GIR SOMNATH,0.0,12.4,-100.0,NR,469.1,754.3,-38.0,D,2026-08-31 12:56:08.379116
2026-08-31,2026-06-01,2026-08-31,district,SAURASHTRA & KUTCH,GUJARAT,JAMNAGAR,0.0,13.7,-100.0,NR,216.0,532.7,-59.0,D,2026-08-31 12:56:08.379116
2026-08-31,2026-06-01,2026-08-31,district,SAURASHTRA & KUTCH,GUJARAT,JUNAGADH,0.0,9.4,-100.0,NR,591.0,741.1,-20.0,D,2026-08-31 12:56:08.379116
2026-08-31,2026-06-01,2026-08-31,district,SAURASHTRA & KUTCH,GUJARAT,KUTCH,0.6,6.9,-91.0,LD,137.3,341.1,-60.0,LD,2026-08-31 12:56:08.379116
2026-08-31,2026-06-01,2026-08-31,district,SAURASHTRA & KUTCH,GUJARAT,MORBI,1.2,7.8,-85.0,LD,472.8,453.0,4.0,N,2026-08-31 12:56:08.379116
2026-08-31,2026-06-01,2026-08-31,district,SAURASHTRA & KUTCH,GUJARAT,PORBANDAR,0.0,11.6,-99.0,LD,161.1,573.4,-72.0,LD,2026-08-31 12:56:08.379116
2026-08-31,2026-06-01,2026-08-31,district,SAURASHTRA & KUTCH,GUJARAT,RAJKOT,0.0,8.8,-99.0,LD,355.6,522.5,-32.0,D,2026-08-31 12:56:08.379116
2026-08-31,2026-06-01,2026-08-31,district,SAURASHTRA & KUTCH,GUJARAT,SURENDRANAGAR,0.0,5.6,-100.0,NR,480.7,428.6,12.0,N,2026-08-31 12:56:08.379116
2026-08-31,2026-06-01,2026-08-31,district,SHWB & SIKKIM,SIKKIM,GANGTOK,16.0,17.4,-8.0,N,1531.1,1751.6,-13.0,N,2026-08-31 12:56:08.379116
2026-08-31,2026-06-01,2026-08-31,district,SHWB & SIKKIM,SIKKIM,GYALSHING,23.9,17.1,40.0,E,1804.5,1435.8,26.0,E,2026-08-31 12:56:08.379116
2026-08-31,2026-06-01,2026-08-31,district,SHWB & SIKKIM,SIKKIM,MANGAN,4.1,11.4,-64.0,LD,1055.5,1230.8,-14.0,N,2026-08-31 12:56:08.379116
2026-08-31,2026-06-01,2026-08-31,district,SHWB & SIKKIM,SIKKIM,NAMCHI,6.1,13.6,-55.0,D,1485.1,1304.7,14.0,N,2026-08-31 12:56:08.379116
2026-08-31,2026-06-01,2026-08-31,district,SHWB & SIKKIM,SIKKIM,Pakyong,8.2,10.1,-19.0,N,1256.4,1291.6,-3.0,N,2026-08-31 12:56:08.379116
2026-08-31,2026-06-01,2026-08-31,district,SHWB & SIKKIM,SIKKIM,Soreng,3.0,17.1,-82.0,LD,1788.0,1435.8,25.0,E,2026-08-31 12:56:08.379116
2026-08-31,2026-06-01,2026-08-31,district,SHWB & SIKKIM,WEST BENGAL,ALIPURDUAR,22.8,24.1,-5.0,N,2231.8,2473.7,-10.0,N,2026-08-31 12:56:08.379116
2026-08-31,2026-06-01,2026-08-31,district,SHWB & SIKKIM,WEST BENGAL,COOCH BEHAR,29.3,18.6,57.0,E,1715.1,1891.6,-9.0,N,2026-08-31 12:56:08.379116
2026-08-31,2026-06-01,2026-08-31,district,SHWB & SIKKIM,WEST BENGAL,DARJEELING,12.9,20.5,-37.0,D,1769.2,2197.4,-19.0,N,2026-08-31 12:56:08.379116
2026-08-31,2026-06-01,2026-08-31,district,SHWB & SIKKIM,WEST BENGAL,JALPAIGURI,20.3,24.9,-18.0,N,1794.8,2356.6,-24.0,D,2026-08-31 12:56:08.379116
2026-08-31,2026-06-01,2026-08-31,district,SHWB & SIKKIM,WEST BENGAL,KALIMPONG,33.6,16.6,102.0,LE,1513.5,1945.0,-22.0,D,2026-08-31 12:56:08.379116
2026-08-31,2026-06-01,2026-08-31,district,SHWB & SIKKIM,WEST BENGAL,MALDA,18.0,13.3,35.0,E,667.4,882.9,-24.0,D,2026-08-31 12:56:08.379116
2026-08-31,2026-06-01,2026-08-31,district,SHWB & SIKKIM,WEST BENGAL,NORTH DINAJPUR,0.0,15.5,-100.0,NR,751.1,1144.9,-34.0,D,2026-08-31 12:56:08.379116
2026-08-31,2026-06-01,2026-08-31,district,SHWB & SIKKIM,WEST BENGAL,SOUTH DINAJPUR,0.0,5.6,-100.0,NR,662.7,813.6,-19.0,N,2026-08-31 12:56:08.379116
2026-08-31,2026-06-01,2026-08-31,district,TAMIL. PUDU.& KARAIKAL,PUDUCHERRY (UT),KARAIKAL,0.0,4.0,-100.0,NR,232.6,189.5,23.0,E,2026-08-31 12:56:08.379116
2026-08-31,2026-06-01,2026-08-31,district,TAMIL. PUDU.& KARAIKAL,PUDUCHERRY (UT),PUDUCHERRY,0.0,4.5,-100.0,NR,106.7,258.1,-59.0,D,2026-08-31 12:56:08.379116
2026-08-31,2026-06-01,2026-08-31,district,TAMIL. PUDU.& KARAIKAL,TAMILNADU,ARIYALUR,0.0,3.5,-100.0,NR,203.4,196.0,4.0,N,2026-08-31 12:56:08.379116
2026-08-31,2026-06-01,2026-08-31,district,TAMIL. PUDU.& KARAIKAL,TAMILNADU,CHENGALPATTU,0.0,5.0,-100.0,NR,123.7,274.5,-55.0,D,2026-08-31 12:56:08.379116
2026-08-31,2026-06-01,2026-08-31,district,TAMIL. PUDU.& KARAIKAL,TAMILNADU,CHENNAI,5.0,3.8,32.0,E,303.0,305.5,-1.0,N,2026-08-31 12:56:08.379116
2026-08-31,2026-06-01,2026-08-31,district,TAMIL. PUDU.& KARAIKAL,TAMILNADU,COIMBATORE,0.2,4.2,-96.0,LD,626.7,561.9,12.0,N,2026-08-31 12:56:08.379116
2026-08-31,2026-06-01,2026-08-31,district,TAMIL. PUDU.& KARAIKAL,TAMILNADU,CUDDALORE,0.0,3.8,-100.0,NR,215.4,227.2,-5.0,N,2026-08-31 12:56:08.379116
2026-08-31,2026-06-01,2026-08-31,district,TAMIL. PUDU.& KARAIKAL,TAMILNADU,DHARMAPURI,0.0,3.3,-100.0,NR,151.6,220.9,-31.0,D,2026-08-31 12:56:08.379116
2026-08-31,2026-06-01,2026-08-31,district,TAMIL. PUDU.& KARAIKAL,TAMILNADU,DINDIGUL,0.0,1.9,-100.0,NR,101.2,164.2,-38.0,D,2026-08-31 12:56:08.379116
2026-08-31,2026-06-01,2026-08-31,district,TAMIL. PUDU.& KARAIKAL,TAMILNADU,ERODE,0.0,2.1,-100.0,NR,112.3,155.9,-28.0,D,2026-08-31 12:56:08.379116
2026-08-31,2026-06-01,2026-08-31,district,TAMIL. PUDU.& KARAIKAL,TAMILNADU,KALLAKURICHI,0.0,3.8,-100.0,NR,159.7,249.2,-36.0,D,2026-08-31 12:56:08.379116
2026-08-31,2026-06-01,2026-08-31,district,TAMIL. PUDU.& KARAIKAL,TAMILNADU,KANCHEEPURAM,0.0,9.1,-100.0,NR,219.4,317.4,-31.0,D,2026-08-31 12:56:08.379116
2026-08-31,2026-06-01,2026-08-31,district,TAMIL. PUDU.& KARAIKAL,TAMILNADU,KANYAKUMARI,0.0,3.9,-100.0,NR,399.7,370.7,8.0,N,2026-08-31 12:56:08.379116
2026-08-31,2026-06-01,2026-08-31,district,TAMIL. PUDU.& KARAIKAL,TAMILNADU,KARUR,0.0,1.4,-100.0,NR,37.5,98.5,-62.0,LD,2026-08-31 12:56:08.379116
2026-08-31,2026-06-01,2026-08-31,district,TAMIL. PUDU.& KARAIKAL,TAMILNADU,KRISHNAGIRI,0.1,3.1,-95.0,LD,120.6,204.7,-41.0,D,2026-08-31 12:56:08.379116
2026-08-31,2026-06-01,2026-08-31,district,TAMIL. PUDU.& KARAIKAL,TAMILNADU,MADURAI,0.0,1.8,-100.0,NR,104.8,172.4,-39.0,D,2026-08-31 12:56:08.379116
2026-08-31,2026-06-01,2026-08-31,district,TAMIL. PUDU.& KARAIKAL,TAMILNADU,MAYILADUTHURAI,0.0,4.0,-100.0,NR,153.8,191.2,-20.0,D,2026-08-31 12:56:08.379116
2026-08-31,2026-06-01,2026-08-31,district,TAMIL. PUDU.& KARAIKAL,TAMILNADU,NAGAPATTINAM,0.0,2.5,-100.0,NR,68.6,156.3,-56.0,D,2026-08-31 12:56:08.379116
2026-08-31,2026-06-01,2026-08-31,district,TAMIL. PUDU.& KARAIKAL,TAMILNADU,NAMAKKAL,0.0,2.0,-100.0,NR,84.5,197.2,-57.0,D,2026-08-31 12:56:08.379116
2026-08-31,2026-06-01,2026-08-31,district,TAMIL. PUDU.& KARAIKAL,TAMILNADU,NILGIRIS,0.0,6.1,-99.0,LD,484.2,661.9,-27.0,D,2026-08-31 12:56:08.379116
2026-08-31,2026-06-01,2026-08-31,district,TAMIL. PUDU.& KARAIKAL,TAMILNADU,PERAMBALUR,0.0,3.9,-100.0,NR,157.7,156.4,1.0,N,2026-08-31 12:56:08.379116
2026-08-31,2026-06-01,2026-08-31,district,TAMIL. PUDU.& KARAIKAL,TAMILNADU,PUDUKKOTTAI,0.0,2.7,-100.0,NR,156.7,186.1,-16.0,N,2026-08-31 12:56:08.379116
2026-08-31,2026-06-01,2026-08-31,district,TAMIL. PUDU.& KARAIKAL,TAMILNADU,RAMANATHAPURAM,0.0,1.2,-100.0,NR,34.8,73.8,-53.0,D,2026-08-31 12:56:08.379116
2026-08-31,2026-06-01,2026-08-31,district,TAMIL. PUDU.& KARAIKAL,TAMILNADU,RANIPET,0.0,5.5,-100.0,NR,228.6,304.2,-25.0,D,2026-08-31 12:56:08.379116
2026-08-31,2026-06-01,2026-08-31,district,TAMIL. PUDU.& KARAIKAL,TAMILNADU,SALEM,0.0,4.2,-100.0,NR,173.2,252.5,-31.0,D,2026-08-31 12:56:08.379116
2026-08-31,2026-06-01,2026-08-31,district,TAMIL. PUDU.& KARAIKAL,TAMILNADU,SIVAGANGA,0.0,2.2,-100.0,NR,201.7,207.3,-3.0,N,2026-08-31 12:56:08.379116
2026-08-31,2026-06-01,2026-08-31,district,TAMIL. PUDU.& KARAIKAL,TAMILNADU,TENKASI,0.0,1.3,-100.0,NR,177.4,124.2,43.0,E,2026-08-31 12:56:08.379116
2026-08-31,2026-06-01,2026-08-31,district,TAMIL. PUDU.& KARAIKAL,TAMILNADU,THANJAVUR,0.0,3.3,-100.0,NR,130.7,190.1,-31.0,D,2026-08-31 12:56:08.379116
2026-08-31,2026-06-01,2026-08-31,district,TAMIL. PUDU.& KARAIKAL,TAMILNADU,THENI,0.0,2.4,-100.0,NR,165.5,140.4,18.0,N,2026-08-31 12:56:08.379116
2026-08-31,2026-06-01,2026-08-31,district,TAMIL. PUDU.& KARAIKAL,TAMILNADU,THIRUCHIRAPALLI,0.0,1.8,-100.0,NR,88.8,151.4,-41.0,D,2026-08-31 12:56:08.379116
2026-08-31,2026-06-01,2026-08-31,district,TAMIL. PUDU.& KARAIKAL,TAMILNADU,THIRUVALLUR,1.4,4.5,-70.0,LD,247.4,314.7,-21.0,D,2026-08-31 12:56:08.379116
2026-08-31,2026-06-01,2026-08-31,district,TAMIL. PUDU.& KARAIKAL,TAMILNADU,THOOTHUKUDI,0.0,0.5,-100.0,NR,8.4,32.1,-74.0,LD,2026-08-31 12:56:08.379116
2026-08-31,2026-06-01,2026-08-31,district,TAMIL. PUDU.& KARAIKAL,TAMILNADU,TIRUNELVELI,0.0,1.0,-100.0,NR,363.8,56.7,542.0,LE,2026-08-31 12:56:08.379116
2026-08-31,2026-06-01,2026-08-31,district,TAMIL. PUDU.& KARAIKAL,TAMILNADU,TIRUPATTUR,0.0,4.3,-100.0,NR,94.2,267.7,-65.0,LD,2026-08-31 12:56:08.379116
2026-08-31,2026-06-01,2026-08-31,district,TAMIL. PUDU.& KARAIKAL,TAMILNADU,TIRUPPUR,0.0,1.0,-100.0,NR,36.2,75.7,-52.0,D,2026-08-31 12:56:08.379116
2026-08-31,2026-06-01,2026-08-31,district,TAMIL. PUDU.& KARAIKAL,TAMILNADU,TIRUVANNAMALAI,0.0,4.3,-100.0,NR,148.6,285.8,-48.0,D,2026-08-31 12:56:08.379116
2026-08-31,2026-06-01,2026-08-31,district,TAMIL. PUDU.& KARAIKAL,TAMILNADU,TIRUVARUR,0.0,4.0,-100.0,NR,150.0,184.6,-19.0,N,2026-08-31 12:56:08.379116
2026-08-31,2026-06-01,2026-08-31,district,TAMIL. PUDU.& KARAIKAL,TAMILNADU,VELLORE,0.0,4.0,-100.0,NR,143.1,279.7,-49.0,D,2026-08-31 12:56:08.379116
2026-08-31,2026-06-01,2026-08-31,district,TAMIL. PUDU.& KARAIKAL,TAMILNADU,VILLUPURAM,0.0,5.2,-100.0,NR,180.7,264.6,-32.0,D,2026-08-31 12:56:08.379116
2026-08-31,2026-06-01,2026-08-31,district,TAMIL. PUDU.& KARAIKAL,TAMILNADU,VIRUDHUNAGAR,0.0,1.7,-100.0,NR,81.3,106.3,-23.0,D,2026-08-31 12:56:08.379116
2026-08-31,2026-06-01,2026-08-31,district,TELANGANA,TELANGANA,ADILABAD,0.4,12.3,-97.0,LD,599.9,781.2,-23.0,D,2026-08-31 12:56:08.379116
2026-08-31,2026-06-01,2026-08-31,district,TELANGANA,TELANGANA,B. KOTHAGUDEM,1.4,7.5,-81.0,LD,517.9,770.4,-33.0,D,2026-08-31 12:56:08.379116
2026-08-31,2026-06-01,2026-08-31,district,TELANGANA,TELANGANA,HANUMAKONDA,1.4,7.2,-80.0,LD,335.1,534.6,-37.0,D,2026-08-31 12:56:08.379116
2026-08-31,2026-06-01,2026-08-31,district,TELANGANA,TELANGANA,HYDERABAD,2.8,7.0,-59.0,D,312.1,468.4,-33.0,D,2026-08-31 12:56:08.379116
2026-08-31,2026-06-01,2026-08-31,district,TELANGANA,TELANGANA,J. BHUPALPALLY,1.9,9.8,-81.0,LD,708.4,804.2,-12.0,N,2026-08-31 12:56:08.379116
2026-08-31,2026-06-01,2026-08-31,district,TELANGANA,TELANGANA,JAGTIAL,2.5,10.4,-76.0,LD,692.4,644.9,7.0,N,2026-08-31 12:56:08.379116
2026-08-31,2026-06-01,2026-08-31,district,TELANGANA,TELANGANA,JANGAON,0.5,7.5,-94.0,LD,291.0,524.8,-45.0,D,2026-08-31 12:56:08.379116
2026-08-31,2026-06-01,2026-08-31,district,TELANGANA,TELANGANA,JOGULAMBA GADWAL,0.0,3.8,-100.0,NR,184.7,322.4,-43.0,D,2026-08-31 12:56:08.379116
2026-08-31,2026-06-01,2026-08-31,district,TELANGANA,TELANGANA,KAMAREDDY,0.0,10.0,-99.0,LD,736.1,615.6,20.0,E,2026-08-31 12:56:08.379116
2026-08-31,2026-06-01,2026-08-31,district,TELANGANA,TELANGANA,KARIMNAGAR,2.4,5.6,-57.0,D,486.4,544.7,-11.0,N,2026-08-31 12:56:08.379116
2026-08-31,2026-06-01,2026-08-31,district,TELANGANA,TELANGANA,KHAMMAM,1.3,8.8,-85.0,LD,453.5,616.4,-26.0,D,2026-08-31 12:56:08.379116
2026-08-31,2026-06-01,2026-08-31,district,TELANGANA,TELANGANA,KUMARAM BHEEM,2.3,11.1,-80.0,LD,909.8,806.2,13.0,N,2026-08-31 12:56:08.379116
2026-08-31,2026-06-01,2026-08-31,district,TELANGANA,TELANGANA,M. MALKAJGIRI,5.1,4.9,4.0,N,222.5,394.5,-44.0,D,2026-08-31 12:56:08.379116
2026-08-31,2026-06-01,2026-08-31,district,TELANGANA,TELANGANA,MAHABUBABAD,1.3,7.8,-83.0,LD,532.9,691.3,-23.0,D,2026-08-31 12:56:08.379116
2026-08-31,2026-06-01,2026-08-31,district,TELANGANA,TELANGANA,MAHABUBNAGAR,0.0,4.1,-99.0,LD,340.4,378.4,-10.0,N,2026-08-31 12:56:08.379116
2026-08-31,2026-06-01,2026-08-31,district,TELANGANA,TELANGANA,MANCHERIAL,2.1,11.8,-82.0,LD,798.0,770.9,4.0,N,2026-08-31 12:56:08.379116
2026-08-31,2026-06-01,2026-08-31,district,TELANGANA,TELANGANA,MEDAK,0.7,6.2,-88.0,LD,576.7,620.5,-7.0,N,2026-08-31 12:56:08.379116
2026-08-31,2026-06-01,2026-08-31,district,TELANGANA,TELANGANA,MULUGU,1.2,7.3,-84.0,LD,794.5,803.6,-1.0,N,2026-08-31 12:56:08.379116
2026-08-31,2026-06-01,2026-08-31,district,TELANGANA,TELANGANA,NAGARKURNOOL,0.1,3.8,-99.0,LD,246.6,346.7,-29.0,D,2026-08-31 12:56:08.379116
2026-08-31,2026-06-01,2026-08-31,district,TELANGANA,TELANGANA,NALGONDA,0.8,7.9,-89.0,LD,171.2,370.9,-54.0,D,2026-08-31 12:56:08.379116
2026-08-31,2026-06-01,2026-08-31,district,TELANGANA,TELANGANA,NARAYANPET,0.0,4.4,-100.0,NR,333.8,339.8,-2.0,N,2026-08-31 12:56:08.379116
2026-08-31,2026-06-01,2026-08-31,district,TELANGANA,TELANGANA,NIRMAL,2.0,10.2,-81.0,LD,386.5,723.4,-47.0,D,2026-08-31 12:56:08.379116
2026-08-31,2026-06-01,2026-08-31,district,TELANGANA,TELANGANA,NIZAMABAD,0.4,10.8,-96.0,LD,607.8,670.4,-9.0,N,2026-08-31 12:56:08.379116
2026-08-31,2026-06-01,2026-08-31,district,TELANGANA,TELANGANA,PEDDAPALLE,1.1,7.9,-86.0,LD,603.1,702.0,-14.0,N,2026-08-31 12:56:08.379116
2026-08-31,2026-06-01,2026-08-31,district,TELANGANA,TELANGANA,RAJANNA SIRCILLA,0.7,9.0,-92.0,LD,545.8,545.0,0.0,N,2026-08-31 12:56:08.379116
2026-08-31,2026-06-01,2026-08-31,district,TELANGANA,TELANGANA,RANGAREDDY,1.2,5.0,-76.0,LD,320.6,400.8,-20.0,D,2026-08-31 12:56:08.379116
2026-08-31,2026-06-01,2026-08-31,district,TELANGANA,TELANGANA,SANGAREDDY,1.0,7.0,-86.0,LD,376.1,541.9,-31.0,D,2026-08-31 12:56:08.379116
2026-08-31,2026-06-01,2026-08-31,district,TELANGANA,TELANGANA,SIDDIPET,1.0,5.1,-81.0,LD,432.0,478.5,-10.0,N,2026-08-31 12:56:08.379116
2026-08-31,2026-06-01,2026-08-31,district,TELANGANA,TELANGANA,SURYAPET,0.4,5.3,-92.0,LD,313.3,468.3,-33.0,D,2026-08-31 12:56:08.379116
2026-08-31,2026-06-01,2026-08-31,district,TELANGANA,TELANGANA,VIKARABAD,0.2,7.6,-97.0,LD,408.9,498.1,-18.0,N,2026-08-31 12:56:08.379116
2026-08-31,2026-06-01,2026-08-31,district,TELANGANA,TELANGANA,WANAPARTHY,0.2,3.7,-95.0,LD,263.2,397.5,-34.0,D,2026-08-31 12:56:08.379116
2026-08-31,2026-06-01,2026-08-31,district,TELANGANA,TELANGANA,WARANGAL,2.8,10.0,-72.0,LD,398.4,733.4,-46.0,D,2026-08-31 12:56:08.379116
2026-08-31,2026-06-01,2026-08-31,district,TELANGANA,TELANGANA,Y. BHUVANAGIRI,3.0,4.8,-37.0,D,211.4,396.2,-47.0,D,2026-08-31 12:56:08.379116
2026-08-31,2026-06-01,2026-08-31,district,UTTARAKHAND,UTTARAKHAND,ALMORA,34.1,3.0,1037.0,LE,719.6,662.3,9.0,N,2026-08-31 12:56:08.379116
2026-08-31,2026-06-01,2026-08-31,district,UTTARAKHAND,UTTARAKHAND,BAGESHWAR,45.4,3.0,1413.0,LE,1706.8,662.3,158.0,LE,2026-08-31 12:56:08.379116
2026-08-31,2026-06-01,2026-08-31,district,UTTARAKHAND,UTTARAKHAND,CHAMOLI,17.4,6.3,176.0,LE,975.8,616.4,58.0,E,2026-08-31 12:56:08.379116
2026-08-31,2026-06-01,2026-08-31,district,UTTARAKHAND,UTTARAKHAND,CHAMPAWAT,3.8,9.1,-58.0,D,676.2,1083.3,-38.0,D,2026-08-31 12:56:08.379116
2026-08-31,2026-06-01,2026-08-31,district,UTTARAKHAND,UTTARAKHAND,DEHRADUN,23.1,13.1,76.0,LE,1180.5,1225.4,-4.0,N,2026-08-31 12:56:08.379116
2026-08-31,2026-06-01,2026-08-31,district,UTTARAKHAND,UTTARAKHAND,GARHWAL PAURI,12.7,10.7,18.0,N,557.4,1068.3,-48.0,D,2026-08-31 12:56:08.379116
2026-08-31,2026-06-01,2026-08-31,district,UTTARAKHAND,UTTARAKHAND,GARHWAL TEHRI,23.3,5.6,316.0,LE,1017.8,795.2,28.0,E,2026-08-31 12:56:08.379116
2026-08-31,2026-06-01,2026-08-31,district,UTTARAKHAND,UTTARAKHAND,HARDWAR,28.6,10.7,168.0,LE,977.8,823.6,19.0,N,2026-08-31 12:56:08.379116
2026-08-31,2026-06-01,2026-08-31,district,UTTARAKHAND,UTTARAKHAND,NAINITAL,10.6,8.7,22.0,E,850.9,1276.2,-33.0,D,2026-08-31 12:56:08.379116
2026-08-31,2026-06-01,2026-08-31,district,UTTARAKHAND,UTTARAKHAND,PITHORAGARH,19.1,11.7,64.0,LE,1242.1,1266.8,-2.0,N,2026-08-31 12:56:08.379116
2026-08-31,2026-06-01,2026-08-31,district,UTTARAKHAND,UTTARAKHAND,RUDRAPRAYAG,18.3,15.7,16.0,N,1182.1,1341.5,-12.0,N,2026-08-31 12:56:08.379116
2026-08-31,2026-06-01,2026-08-31,district,UTTARAKHAND,UTTARAKHAND,UDHAM SINGH NAGAR,20.9,6.1,243.0,LE,883.5,940.2,-6.0,N,2026-08-31 12:56:08.379116
2026-08-31,2026-06-01,2026-08-31,district,UTTARAKHAND,UTTARAKHAND,UTTARKASHI,15.7,12.4,26.0,E,851.0,982.9,-13.0,N,2026-08-31 12:56:08.379116
2026-08-31,2026-06-01,2026-08-31,district,VIDARBHA,MAHARASHTRA,AKOLA,0.0,9.0,-99.0,LD,358.1,578.3,-38.0,D,2026-08-31 12:56:08.379116
2026-08-31,2026-06-01,2026-08-31,district,VIDARBHA,MAHARASHTRA,AMRAOTI,0.0,9.5,-100.0,NR,403.6,678.9,-41.0,D,2026-08-31 12:56:08.379116
2026-08-31,2026-06-01,2026-08-31,district,VIDARBHA,MAHARASHTRA,BHANDARA,1.1,9.7,-89.0,LD,766.1,911.6,-16.0,N,2026-08-31 12:56:08.379116
2026-08-31,2026-06-01,2026-08-31,district,VIDARBHA,MAHARASHTRA,BULDHANA,0.0,6.4,-99.0,LD,455.2,524.3,-13.0,N,2026-08-31 12:56:08.379116
2026-08-31,2026-06-01,2026-08-31,district,VIDARBHA,MAHARASHTRA,CHANDRAPUR,1.1,11.1,-90.0,LD,598.4,905.3,-34.0,D,2026-08-31 12:56:08.379116
2026-08-31,2026-06-01,2026-08-31,district,VIDARBHA,MAHARASHTRA,GADCHIROLI,5.3,14.7,-64.0,LD,862.1,1088.0,-21.0,D,2026-08-31 12:56:08.379116
2026-08-31,2026-06-01,2026-08-31,district,VIDARBHA,MAHARASHTRA,GONDIA,0.6,10.1,-94.0,LD,1004.2,1032.8,-3.0,N,2026-08-31 12:56:08.379116
2026-08-31,2026-06-01,2026-08-31,district,VIDARBHA,MAHARASHTRA,NAGPUR,0.1,9.6,-99.0,LD,498.6,777.6,-36.0,D,2026-08-31 12:56:08.379116
2026-08-31,2026-06-01,2026-08-31,district,VIDARBHA,MAHARASHTRA,WARDHA,0.0,10.6,-99.0,LD,489.8,690.8,-29.0,D,2026-08-31 12:56:08.379116
2026-08-31,2026-06-01,2026-08-31,district,VIDARBHA,MAHARASHTRA,WASHIM,0.2,6.4,-97.0,LD,436.1,632.6,-31.0,D,2026-08-31 12:56:08.379116
2026-08-31,2026-06-01,2026-08-31,district,VIDARBHA,MAHARASHTRA,YEOTMAL,0.1,9.4,-99.0,LD,539.0,676.6,-20.0,D,2026-08-31 12:56:08.379116
2026-08-31,2026-06-01,2026-08-31,district,WEST MADHYA PRADESH,MADHYA PRADESH,AGAR-MALWA,0.0,10.3,-100.0,NR,721.0,750.4,-4.0,N,2026-08-31 12:56:08.379116
2026-08-31,2026-06-01,2026-08-31,district,WEST MADHYA PRADESH,MADHYA PRADESH,ALIRAJPUR,0.0,10.0,-100.0,NR,374.8,708.2,-47.0,D,2026-08-31 12:56:08.379116
2026-08-31,2026-06-01,2026-08-31,district,WEST MADHYA PRADESH,MADHYA PRADESH,ASHOKNAGAR,0.0,5.0,-100.0,NR,586.3,703.3,-17.0,N,2026-08-31 12:56:08.379116
2026-08-31,2026-06-01,2026-08-31,district,WEST MADHYA PRADESH,MADHYA PRADESH,BARWANI,0.0,6.9,-100.0,NR,473.0,532.5,-11.0,N,2026-08-31 12:56:08.379116
2026-08-31,2026-06-01,2026-08-31,district,WEST MADHYA PRADESH,MADHYA PRADESH,BETUL,0.0,10.1,-100.0,NR,595.8,852.0,-30.0,D,2026-08-31 12:56:08.379116
2026-08-31,2026-06-01,2026-08-31,district,WEST MADHYA PRADESH,MADHYA PRADESH,BHIND,0.0,6.5,-100.0,NR,633.8,490.4,29.0,E,2026-08-31 12:56:08.379116
2026-08-31,2026-06-01,2026-08-31,district,WEST MADHYA PRADESH,MADHYA PRADESH,BHOPAL,0.0,8.5,-100.0,NR,889.4,803.3,11.0,N,2026-08-31 12:56:08.379116
2026-08-31,2026-06-01,2026-08-31,district,WEST MADHYA PRADESH,MADHYA PRADESH,BURHANPUR,0.0,8.5,-100.0,NR,697.3,595.4,17.0,N,2026-08-31 12:56:08.379116
2026-08-31,2026-06-01,2026-08-31,district,WEST MADHYA PRADESH,MADHYA PRADESH,DATIA,0.0,5.7,-100.0,NR,604.6,605.6,0.0,N,2026-08-31 12:56:08.379116
2026-08-31,2026-06-01,2026-08-31,district,WEST MADHYA PRADESH,MADHYA PRADESH,DEWAS,0.0,11.5,-100.0,NR,681.9,751.8,-9.0,N,2026-08-31 12:56:08.379116
2026-08-31,2026-06-01,2026-08-31,district,WEST MADHYA PRADESH,MADHYA PRADESH,DHAR,0.0,8.8,-100.0,NR,401.5,654.4,-39.0,D,2026-08-31 12:56:08.379116
2026-08-31,2026-06-01,2026-08-31,district,WEST MADHYA PRADESH,MADHYA PRADESH,GUNA,0.0,7.3,-100.0,NR,814.9,794.5,3.0,N,2026-08-31 12:56:08.379116
2026-08-31,2026-06-01,2026-08-31,district,WEST MADHYA PRADESH,MADHYA PRADESH,GWALIOR,0.0,6.5,-100.0,NR,601.5,577.5,4.0,N,2026-08-31 12:56:08.379116
2026-08-31,2026-06-01,2026-08-31,district,WEST MADHYA PRADESH,MADHYA PRADESH,HARDA,0.0,8.7,-100.0,NR,615.4,910.1,-32.0,D,2026-08-31 12:56:08.379116
2026-08-31,2026-06-01,2026-08-31,district,WEST MADHYA PRADESH,MADHYA PRADESH,INDORE,0.0,11.9,-100.0,NR,526.3,708.9,-26.0,D,2026-08-31 12:56:08.379116
2026-08-31,2026-06-01,2026-08-31,district,WEST MADHYA PRADESH,MADHYA PRADESH,JHABUA,0.0,11.1,-100.0,NR,482.2,729.0,-34.0,D,2026-08-31 12:56:08.379116
2026-08-31,2026-06-01,2026-08-31,district,WEST MADHYA PRADESH,MADHYA PRADESH,KHANDWA,0.0,9.3,-100.0,NR,603.8,634.8,-5.0,N,2026-08-31 12:56:08.379116
2026-08-31,2026-06-01,2026-08-31,district,WEST MADHYA PRADESH,MADHYA PRADESH,KHARGONE,0.0,9.8,-100.0,NR,638.3,582.5,10.0,N,2026-08-31 12:56:08.379116
2026-08-31,2026-06-01,2026-08-31,district,WEST MADHYA PRADESH,MADHYA PRADESH,MANDSAUR,0.0,12.2,-100.0,NR,588.1,694.9,-15.0,N,2026-08-31 12:56:08.379116
2026-08-31,2026-06-01,2026-08-31,district,WEST MADHYA PRADESH,MADHYA PRADESH,MORENA,0.0,4.6,-100.0,NR,379.1,537.5,-29.0,D,2026-08-31 12:56:08.379116
2026-08-31,2026-06-01,2026-08-31,district,WEST MADHYA PRADESH,MADHYA PRADESH,NARMADAPURAM,0.0,11.7,-100.0,NR,681.2,1052.3,-35.0,D,2026-08-31 12:56:08.379116
2026-08-31,2026-06-01,2026-08-31,district,WEST MADHYA PRADESH,MADHYA PRADESH,NEEMUCH,0.0,9.5,-100.0,NR,573.2,660.5,-13.0,N,2026-08-31 12:56:08.379116
2026-08-31,2026-06-01,2026-08-31,district,WEST MADHYA PRADESH,MADHYA PRADESH,RAISEN,0.0,8.8,-100.0,NR,719.1,905.9,-21.0,D,2026-08-31 12:56:08.379116
2026-08-31,2026-06-01,2026-08-31,district,WEST MADHYA PRADESH,MADHYA PRADESH,RAJGARH,0.0,10.2,-100.0,NR,846.3,763.7,11.0,N,2026-08-31 12:56:08.379116
2026-08-31,2026-06-01,2026-08-31,district,WEST MADHYA PRADESH,MADHYA PRADESH,RATLAM,0.0,14.1,-100.0,NR,496.5,774.3,-36.0,D,2026-08-31 12:56:08.379116
2026-08-31,2026-06-01,2026-08-31,district,WEST MADHYA PRADESH,MADHYA PRADESH,SEHORE,0.0,11.3,-100.0,NR,771.7,895.9,-14.0,N,2026-08-31 12:56:08.379116
2026-08-31,2026-06-01,2026-08-31,district,WEST MADHYA PRADESH,MADHYA PRADESH,SHAJAPUR,0.0,10.8,-100.0,NR,570.4,760.8,-25.0,D,2026-08-31 12:56:08.379116
2026-08-31,2026-06-01,2026-08-31,district,WEST MADHYA PRADESH,MADHYA PRADESH,SHEOPUR,0.0,5.3,-100.0,NR,544.6,575.5,-5.0,N,2026-08-31 12:56:08.379116
2026-08-31,2026-06-01,2026-08-31,district,WEST MADHYA PRADESH,MADHYA PRADESH,SHIVPURI,0.0,6.5,-100.0,NR,695.3,657.1,6.0,N,2026-08-31 12:56:08.379116
2026-08-31,2026-06-01,2026-08-31,district,WEST MADHYA PRADESH,MADHYA PRADESH,UJJAIN,0.1,12.7,-99.0,LD,541.1,743.4,-27.0,D,2026-08-31 12:56:08.379116
2026-08-31,2026-06-01,2026-08-31,district,WEST MADHYA PRADESH,MADHYA PRADESH,VIDISHA,0.0,8.0,-100.0,NR,659.6,869.7,-24.0,D,2026-08-31 12:56:08.379116
2026-08-31,2026-06-01,2026-08-31,district,WEST RAJASTHAN,RAJASTHAN,BARMER,0.0,2.8,-100.0,NR,188.0,232.0,-19.0,N,2026-08-31 12:56:08.379116
2026-08-31,2026-06-01,2026-08-31,district,WEST RAJASTHAN,RAJASTHAN,BIKANER,0.0,1.6,-100.0,NR,203.5,214.1,-5.0,N,2026-08-31 12:56:08.379116
2026-08-31,2026-06-01,2026-08-31,district,WEST RAJASTHAN,RAJASTHAN,CHURU,0.0,1.2,-100.0,NR,264.7,286.6,-8.0,N,2026-08-31 12:56:08.379116
2026-08-31,2026-06-01,2026-08-31,district,WEST RAJASTHAN,RAJASTHAN,HANUMANGARH,0.0,1.0,-100.0,NR,142.8,214.3,-33.0,D,2026-08-31 12:56:08.379116
2026-08-31,2026-06-01,2026-08-31,district,WEST RAJASTHAN,RAJASTHAN,JAISALMER,0.0,1.0,-100.0,NR,83.3,149.1,-44.0,D,2026-08-31 12:56:08.379116
2026-08-31,2026-06-01,2026-08-31,district,WEST RAJASTHAN,RAJASTHAN,JALORE,0.0,4.1,-100.0,NR,143.1,355.1,-60.0,LD,2026-08-31 12:56:08.379116
2026-08-31,2026-06-01,2026-08-31,district,WEST RAJASTHAN,RAJASTHAN,JODHPUR,0.0,2.9,-100.0,NR,189.2,248.9,-24.0,D,2026-08-31 12:56:08.379116
2026-08-31,2026-06-01,2026-08-31,district,WEST RAJASTHAN,RAJASTHAN,NAGAUR,0.0,2.3,-100.0,NR,283.0,324.2,-13.0,N,2026-08-31 12:56:08.379116
2026-08-31,2026-06-01,2026-08-31,district,WEST RAJASTHAN,RAJASTHAN,PALI,0.0,3.9,-100.0,NR,208.0,422.3,-51.0,D,2026-08-31 12:56:08.379116
2026-08-31,2026-06-01,2026-08-31,district,WEST RAJASTHAN,RAJASTHAN,SRI GANGANAGAR,0.0,2.3,-100.0,NR,168.7,169.5,0.0,N,2026-08-31 12:56:08.379116
2026-08-31,2026-06-01,2026-08-31,district,WEST UTTAR PRADESH,UTTAR PRADESH,AGRA,0.0,3.3,-100.0,NR,416.1,434.6,-4.0,N,2026-08-31 12:56:08.379116
2026-08-31,2026-06-01,2026-08-31,district,WEST UTTAR PRADESH,UTTAR PRADESH,ALIGARH,0.0,2.2,-100.0,NR,280.0,486.9,-42.0,D,2026-08-31 12:56:08.379116
2026-08-31,2026-06-01,2026-08-31,district,WEST UTTAR PRADESH,UTTAR PRADESH,AMROHA,2.7,3.4,-22.0,D,414.9,681.3,-39.0,D,2026-08-31 12:56:08.379116
2026-08-31,2026-06-01,2026-08-31,district,WEST UTTAR PRADESH,UTTAR PRADESH,AURAIYA,0.0,3.7,-100.0,NR,460.7,410.0,12.0,N,2026-08-31 12:56:08.379116
2026-08-31,2026-06-01,2026-08-31,district,WEST UTTAR PRADESH,UTTAR PRADESH,BADAUN,4.5,3.8,18.0,N,568.3,546.8,4.0,N,2026-08-31 12:56:08.379116
2026-08-31,2026-06-01,2026-08-31,district,WEST UTTAR PRADESH,UTTAR PRADESH,BAGHPAT,0.0,2.3,-100.0,NR,443.3,412.8,7.0,N,2026-08-31 12:56:08.379116
2026-08-31,2026-06-01,2026-08-31,district,WEST UTTAR PRADESH,UTTAR PRADESH,BAREILLY,2.0,6.3,-68.0,LD,587.4,641.7,-8.0,N,2026-08-31 12:56:08.379116
2026-08-31,2026-06-01,2026-08-31,district,WEST UTTAR PRADESH,UTTAR PRADESH,BIJNOR,14.6,5.4,170.0,LE,918.9,743.5,24.0,E,2026-08-31 12:56:08.379116
2026-08-31,2026-06-01,2026-08-31,district,WEST UTTAR PRADESH,UTTAR PRADESH,BULANDSHAHAR,0.0,2.8,-100.0,NR,405.6,436.6,-7.0,N,2026-08-31 12:56:08.379116
2026-08-31,2026-06-01,2026-08-31,district,WEST UTTAR PRADESH,UTTAR PRADESH,ETAH,0.0,4.3,-100.0,NR,566.2,409.0,38.0,E,2026-08-31 12:56:08.379116
2026-08-31,2026-06-01,2026-08-31,district,WEST UTTAR PRADESH,UTTAR PRADESH,ETAWAH,0.0,3.2,-100.0,NR,535.1,451.9,18.0,N,2026-08-31 12:56:08.379116
2026-08-31,2026-06-01,2026-08-31,district,WEST UTTAR PRADESH,UTTAR PRADESH,FIROZABAD,0.0,4.2,-100.0,NR,578.5,468.1,24.0,E,2026-08-31 12:56:08.379116
2026-08-31,2026-06-01,2026-08-31,district,WEST UTTAR PRADESH,UTTAR PRADESH,GAUTAM BUDDHA NAGAR,0.0,3.5,-100.0,NR,516.8,375.9,37.0,E,2026-08-31 12:56:08.379116
2026-08-31,2026-06-01,2026-08-31,district,WEST UTTAR PRADESH,UTTAR PRADESH,GHAZIABAD,0.0,3.6,-100.0,NR,154.8,378.7,-59.0,D,2026-08-31 12:56:08.379116
2026-08-31,2026-06-01,2026-08-31,district,WEST UTTAR PRADESH,UTTAR PRADESH,HAMIRPUR,17.5,5.6,213.0,LE,883.2,564.4,56.0,E,2026-08-31 12:56:08.379116
2026-08-31,2026-06-01,2026-08-31,district,WEST UTTAR PRADESH,UTTAR PRADESH,HAPUR,0.0,3.0,-100.0,NR,276.5,551.1,-50.0,D,2026-08-31 12:56:08.379116
2026-08-31,2026-06-01,2026-08-31,district,WEST UTTAR PRADESH,UTTAR PRADESH,HATHRAS,0.0,3.0,-100.0,NR,407.5,457.8,-11.0,N,2026-08-31 12:56:08.379116
2026-08-31,2026-06-01,2026-08-31,district,WEST UTTAR PRADESH,UTTAR PRADESH,JALAUN,4.8,4.1,17.0,N,589.7,511.9,15.0,N,2026-08-31 12:56:08.379116
2026-08-31,2026-06-01,2026-08-31,district,WEST UTTAR PRADESH,UTTAR PRADESH,JHANSI,0.0,5.5,-100.0,NR,487.1,579.7,-16.0,N,2026-08-31 12:56:08.379116
2026-08-31,2026-06-01,2026-08-31,district,WEST UTTAR PRADESH,UTTAR PRADESH,KASGANJ,0.0,7.1,-100.0,NR,496.7,538.7,-8.0,N,2026-08-31 12:56:08.379116
2026-08-31,2026-06-01,2026-08-31,district,WEST UTTAR PRADESH,UTTAR PRADESH,LALITPUR,0.0,4.5,-100.0,NR,733.1,667.7,10.0,N,2026-08-31 12:56:08.379116
2026-08-31,2026-06-01,2026-08-31,district,WEST UTTAR PRADESH,UTTAR PRADESH,MAHOBA,0.3,2.3,-86.0,LD,824.6,489.5,68.0,LE,2026-08-31 12:56:08.379116
2026-08-31,2026-06-01,2026-08-31,district,WEST UTTAR PRADESH,UTTAR PRADESH,MAINPURI,0.0,4.9,-100.0,NR,286.0,521.0,-45.0,D,2026-08-31 12:56:08.379116
2026-08-31,2026-06-01,2026-08-31,district,WEST UTTAR PRADESH,UTTAR PRADESH,MATHURA,0.0,4.8,-100.0,NR,232.0,412.1,-44.0,D,2026-08-31 12:56:08.379116
2026-08-31,2026-06-01,2026-08-31,district,WEST UTTAR PRADESH,UTTAR PRADESH,MEERUT,0.0,4.6,-100.0,NR,881.2,528.4,67.0,LE,2026-08-31 12:56:08.379116
2026-08-31,2026-06-01,2026-08-31,district,WEST UTTAR PRADESH,UTTAR PRADESH,MORADABAD,49.2,4.5,993.0,LE,737.6,713.8,3.0,N,2026-08-31 12:56:08.379116
2026-08-31,2026-06-01,2026-08-31,district,WEST UTTAR PRADESH,UTTAR PRADESH,MUZAFFARNAGAR,0.0,2.5,-100.0,NR,930.0,532.1,75.0,LE,2026-08-31 12:56:08.379116
2026-08-31,2026-06-01,2026-08-31,district,WEST UTTAR PRADESH,UTTAR PRADESH,PILIBHIT,0.0,6.6,-100.0,NR,254.4,673.3,-62.0,LD,2026-08-31 12:56:08.379116
2026-08-31,2026-06-01,2026-08-31,district,WEST UTTAR PRADESH,UTTAR PRADESH,RAMPUR,15.5,3.3,369.0,LE,520.6,594.0,-12.0,N,2026-08-31 12:56:08.379116
2026-08-31,2026-06-01,2026-08-31,district,WEST UTTAR PRADESH,UTTAR PRADESH,SAHARANPUR,0.0,3.0,-100.0,NR,483.5,629.5,-23.0,D,2026-08-31 12:56:08.379116
2026-08-31,2026-06-01,2026-08-31,district,WEST UTTAR PRADESH,UTTAR PRADESH,SAMBHAL,2.8,4.7,-40.0,D,1026.9,535.4,92.0,LE,2026-08-31 12:56:08.379116
2026-08-31,2026-06-01,2026-08-31,district,WEST UTTAR PRADESH,UTTAR PRADESH,SHAHJAHANPUR,1.5,4.9,-70.0,LD,572.0,612.5,-7.0,N,2026-08-31 12:56:08.379116
2026-08-31,2026-06-01,2026-08-31,district,WEST UTTAR PRADESH,UTTAR PRADESH,SHAMLI,0.0,2.8,-100.0,NR,160.3,448.4,-64.0,LD,2026-08-31 12:56:08.379116
2026-08-31,2026-06-01,2026-08-31,state,ASSAM & MEGHALAYA,ASSAM,,19.9,10.4,91.0,LE,902.5,1198.8,-25.0,D,2026-08-31 12:56:08.379116
2026-08-31,2026-06-01,2026-08-31,state,ASSAM & MEGHALAYA,MEGHALAYA,,7.6,16.2,-53.0,D,923.8,2207.8,-58.0,D,2026-08-31 12:56:08.379116
2026-08-31,2026-06-01,2026-08-31,state,BIHAR,UTTAR PRADESH,,8.3,5.0,66.0,LE,553.9,593.1,-7.0,N,2026-08-31 12:56:08.379116
2026-08-31,2026-06-01,2026-08-31,state,CHHATTISGARH,ANDHRA PRADESH,,1.0,4.6,-79.0,LD,214.8,369.5,-42.0,D,2026-08-31 12:56:08.379116
2026-08-31,2026-06-01,2026-08-31,state,COASTAL A. P. & YANAM,ANDHRA PRADESH,,1.0,4.6,-79.0,LD,214.8,369.5,-42.0,D,2026-08-31 12:56:08.379116
2026-08-31,2026-06-01,2026-08-31,state,COASTAL A. P. & YANAM,PUDUCHERRY (UT),,0.0,4.7,-100.0,NR,187.3,287.7,-35.0,D,2026-08-31 12:56:08.379116
2026-08-31,2026-06-01,2026-08-31,state,EAST MADHYA PRADESH,GUJARAT,,0.3,8.6,-97.0,LD,516.0,594.8,-13.0,N,2026-08-31 12:56:08.379116
2026-08-31,2026-06-01,2026-08-31,state,GUJARAT REGION,DADRA & NAGAR HAVELI AND DAMAN & DIU (UT),,3.3,19.1,-83.0,LD,2735.3,1880.6,45.0,E,2026-08-31 12:56:08.379116
2026-08-31,2026-06-01,2026-08-31,state,GUJARAT REGION,GUJARAT,,0.3,8.6,-97.0,LD,516.0,594.8,-13.0,N,2026-08-31 12:56:08.379116
2026-08-31,2026-06-01,2026-08-31,state,HAR. CHD & DELHI,CHANDIGARH (UT),,0.0,4.3,-100.0,NR,596.3,713.5,-16.0,N,2026-08-31 12:56:08.379116
2026-08-31,2026-06-01,2026-08-31,state,HAR. CHD & DELHI,DELHI,,0.0,3.3,-100.0,NR,501.0,439.2,14.0,N,2026-08-31 12:56:08.379116
2026-08-31,2026-06-01,2026-08-31,state,HAR. CHD & DELHI,HARYANA,,0.9,2.2,-57.0,D,283.4,349.9,-19.0,N,2026-08-31 12:56:08.379116
2026-08-31,2026-06-01,2026-08-31,state,J & K AND LADAKH,JAMMU & KASHMIR(UT),,1.1,4.8,-76.0,LD,458.7,453.4,1.0,N,2026-08-31 12:56:08.379116
2026-08-31,2026-06-01,2026-08-31,state,J & K AND LADAKH,LADAKH (UT),,0.0,0.0,-100.0,NR,49.2,16.7,195.0,LE,2026-08-31 12:56:08.379116
2026-08-31,2026-06-01,2026-08-31,state,J & K AND LADAKH,RAJASTHAN,,0.0,3.8,-100.0,NR,282.6,372.1,-24.0,D,2026-08-31 12:56:08.379116
2026-08-31,2026-06-01,2026-08-31,state,KERALA & MAHE,KERALA,,1.7,11.7,-85.0,LD,1372.1,1746.9,-21.0,D,2026-08-31 12:56:08.379116
2026-08-31,2026-06-01,2026-08-31,state,KERALA & MAHE,PUDUCHERRY (UT),,0.0,4.7,-100.0,NR,187.3,287.7,-35.0,D,2026-08-31 12:56:08.379116
2026-08-31,2026-06-01,2026-08-31,state,KONKAN & GOA,GOA,,4.7,18.2,-74.0,LD,1792.0,2689.3,-33.0,D,2026-08-31 12:56:08.379116
2026-08-31,2026-06-01,2026-08-31,state,KONKAN & GOA,MAHARASHTRA,,1.1,8.6,-88.0,LD,717.4,814.2,-12.0,N,2026-08-31 12:56:08.379116
2026-08-31,2026-06-01,2026-08-31,state,NMMT,MANIPUR,,8.7,6.5,34.0,E,481.8,834.8,-42.0,D,2026-08-31 12:56:08.379116
2026-08-31,2026-06-01,2026-08-31,state,NMMT,MIZORAM,,11.6,9.9,17.0,N,1027.2,1264.2,-19.0,N,2026-08-31 12:56:08.379116
2026-08-31,2026-06-01,2026-08-31,state,NMMT,NAGALAND,,9.2,5.6,65.0,LE,880.8,830.9,6.0,N,2026-08-31 12:56:08.379116
2026-08-31,2026-06-01,2026-08-31,state,NMMT,TRIPURA,,5.8,9.1,-36.0,D,998.2,1135.9,-12.0,N,2026-08-31 12:56:08.379116
2026-08-31,2026-06-01,2026-08-31,state,SAURASHTRA & KUTCH,DADRA & NAGAR HAVELI AND DAMAN & DIU (UT),,3.3,19.1,-83.0,LD,2735.3,1880.6,45.0,E,2026-08-31 12:56:08.379116
2026-08-31,2026-06-01,2026-08-31,state,SAURASHTRA & KUTCH,GUJARAT,,0.3,8.6,-97.0,LD,516.0,594.8,-13.0,N,2026-08-31 12:56:08.379116
2026-08-31,2026-06-01,2026-08-31,state,SHWB & SIKKIM,SIKKIM,,7.8,13.0,-40.0,D,1275.0,1331.3,-4.0,N,2026-08-31 12:56:08.379116
2026-08-31,2026-06-01,2026-08-31,state,SHWB & SIKKIM,WEST BENGAL,,13.9,9.1,53.0,E,1073.5,1047.6,2.0,N,2026-08-31 12:56:08.379116
2026-08-31,2026-06-01,2026-08-31,state,TAMIL. PUDU.& KARAIKAL,KARNATAKA,,2.4,5.4,-55.0,D,514.2,670.2,-23.0,D,2026-08-31 12:56:08.379116
2026-08-31,2026-06-01,2026-08-31,state,TAMIL. PUDU.& KARAIKAL,PUDUCHERRY (UT),,0.0,4.7,-100.0,NR,187.3,287.7,-35.0,D,2026-08-31 12:56:08.379116
2026-08-31,2026-06-01,2026-08-31,state,TAMIL. PUDU.& KARAIKAL,TAMILNADU,,0.1,3.0,-98.0,LD,165.0,209.7,-21.0,D,2026-08-31 12:56:08.379116
2026-08-31,2026-06-01,2026-08-31,state,WEST RAJASTHAN,MADHYA PRADESH,,3.6,8.9,-59.0,D,708.0,782.6,-10.0,N,2026-08-31 12:56:08.379116
2026-08-31,2026-06-01,2026-08-31,subdivision,A & N ISLAND,,,2.6,14.4,-82.0,LD,1260.4,1202.2,5.0,N,2026-08-31 12:56:08.379116
2026-08-31,2026-06-01,2026-08-31,subdivision,ARUNACHAL PRADESH,,,10.6,9.6,11.0,N,789.0,1327.1,-41.0,D,2026-08-31 12:56:08.379116
2026-08-31,2026-06-01,2026-08-31,subdivision,ASSAM & MEGHALAYA,,,16.9,11.7,45.0,E,907.6,1433.6,-37.0,D,2026-08-31 12:56:08.379116
2026-08-31,2026-06-01,2026-08-31,subdivision,BIHAR,,,9.8,6.9,43.0,E,467.9,775.7,-40.0,D,2026-08-31 12:56:08.379116
2026-08-31,2026-06-01,2026-08-31,subdivision,CHHATTISGARH,,,18.4,9.2,101.0,LE,914.5,921.2,-1.0,N,2026-08-31 12:56:08.379116
2026-08-31,2026-06-01,2026-08-31,subdivision,COASTAL A. P. & YANAM,,,1.3,5.6,-77.0,LD,260.6,438.4,-41.0,D,2026-08-31 12:56:08.379116
2026-08-31,2026-06-01,2026-08-31,subdivision,COASTAL KARNATAKA,,,10.2,19.9,-49.0,D,2112.1,2773.8,-24.0,D,2026-08-31 12:56:08.379116
2026-08-31,2026-06-01,2026-08-31,subdivision,EAST MADHYA PRADESH,,,8.3,8.7,-4.0,N,823.1,853.4,-4.0,N,2026-08-31 12:56:08.379116
2026-08-31,2026-06-01,2026-08-31,subdivision,EAST RAJASTHAN,,,0.0,6.0,-100.0,NR,411.8,534.8,-23.0,D,2026-08-31 12:56:08.379116
2026-08-31,2026-06-01,2026-08-31,subdivision,EAST UTTAR PRADESH,,,11.2,5.5,103.0,LE,546.3,625.8,-13.0,N,2026-08-31 12:56:08.379116
2026-08-31,2026-06-01,2026-08-31,subdivision,GANGETIC WEST BENGAL,,,13.0,7.0,86.0,LE,977.3,901.0,8.0,N,2026-08-31 12:56:08.379116
2026-08-31,2026-06-01,2026-08-31,subdivision,GUJARAT REGION,,,0.2,9.5,-98.0,LD,792.1,780.6,1.0,N,2026-08-31 12:56:08.379116
2026-08-31,2026-06-01,2026-08-31,subdivision,HAR. CHD & DELHI,,,0.9,2.2,-58.0,D,289.6,353.5,-18.0,N,2026-08-31 12:56:08.379116
2026-08-31,2026-06-01,2026-08-31,subdivision,HIMACHAL PRADESH,,,10.3,5.1,102.0,LE,557.1,613.8,-9.0,N,2026-08-31 12:56:08.379116
2026-08-31,2026-06-01,2026-08-31,subdivision,J & K AND LADAKH,,,1.1,4.8,-76.0,LD,458.7,453.4,1.0,N,2026-08-31 12:56:08.379116
2026-08-31,2026-06-01,2026-08-31,subdivision,JHARKHAND,,,21.9,6.4,241.0,LE,730.4,798.9,-9.0,N,2026-08-31 12:56:08.379116
2026-08-31,2026-06-01,2026-08-31,subdivision,KERALA & MAHE,,,1.7,11.6,-85.0,LD,1372.1,1746.9,-21.0,D,2026-08-31 12:56:08.379116
2026-08-31,2026-06-01,2026-08-31,subdivision,KONKAN & GOA,,,5.0,18.5,-73.0,LD,2263.4,2496.7,-9.0,N,2026-08-31 12:56:08.379116
2026-08-31,2026-06-01,2026-08-31,subdivision,LAKSHADWEEP,,,3.5,10.7,-68.0,LD,635.2,856.9,-26.0,D,2026-08-31 12:56:08.379116
2026-08-31,2026-06-01,2026-08-31,subdivision,MADHYA MAHARASHTRA,,,0.6,5.5,-89.0,LD,631.6,588.4,7.0,N,2026-08-31 12:56:08.379116
2026-08-31,2026-06-01,2026-08-31,subdivision,MARATHWADA,,,0.0,7.4,-99.0,LD,336.3,481.9,-30.0,D,2026-08-31 12:56:08.379116
2026-08-31,2026-06-01,2026-08-31,subdivision,N. I. KARNATAKA,,,0.3,3.6,-91.0,LD,273.5,341.2,-20.0,D,2026-08-31 12:56:08.379116
2026-08-31,2026-06-01,2026-08-31,subdivision,NMMT,,,9.3,8.0,16.0,N,835.6,1033.4,-19.0,N,2026-08-31 12:56:08.379116
2026-08-31,2026-06-01,2026-08-31,subdivision,ODISHA,,,25.0,8.0,212.0,LE,1154.3,914.5,26.0,E,2026-08-31 12:56:08.379116
2026-08-31,2026-06-01,2026-08-31,subdivision,PUNJAB,,,0.3,2.3,-87.0,LD,230.5,362.1,-36.0,D,2026-08-31 12:56:08.379116
2026-08-31,2026-06-01,2026-08-31,subdivision,RAYALASEEMA,,,0.5,3.0,-83.0,LD,154.8,271.7,-43.0,D,2026-08-31 12:56:08.379116
2026-08-31,2026-06-01,2026-08-31,subdivision,S. I. KARNATAKA,,,2.7,4.0,-33.0,D,401.5,529.8,-24.0,D,2026-08-31 12:56:08.379116
2026-08-31,2026-06-01,2026-08-31,subdivision,SAURASHTRA & KUTCH,,,0.3,8.0,-96.0,LD,297.7,446.7,-33.0,D,2026-08-31 12:56:08.379116
2026-08-31,2026-06-01,2026-08-31,subdivision,SHWB & SIKKIM,,,14.4,15.6,-8.0,N,1343.0,1501.3,-11.0,N,2026-08-31 12:56:08.379116
2026-08-31,2026-06-01,2026-08-31,subdivision,TAMIL. PUDU.& KARAIKAL,,,0.1,3.0,-98.0,LD,165.0,209.8,-21.0,D,2026-08-31 12:56:08.379116
2026-08-31,2026-06-01,2026-08-31,subdivision,TELANGANA,,,1.1,7.6,-85.0,LD,465.8,576.0,-19.0,N,2026-08-31 12:56:08.379116
2026-08-31,2026-06-01,2026-08-31,subdivision,UTTARAKHAND,,,19.5,9.2,112.0,LE,965.4,980.3,-2.0,N,2026-08-31 12:56:08.379116
2026-08-31,2026-06-01,2026-08-31,subdivision,VIDARBHA,,,1.0,10.1,-90.0,LD,580.2,781.8,-26.0,D,2026-08-31 12:56:08.379116
2026-08-31,2026-06-01,2026-08-31,subdivision,WEST MADHYA PRADESH,,,0.0,9.2,-99.0,LD,619.7,728.3,-15.0,N,2026-08-31 12:56:08.379116
2026-08-31,2026-06-01,2026-08-31,subdivision,WEST RAJASTHAN,,,0.0,2.2,-100.0,NR,179.7,242.7,-26.0,D,2026-08-31 12:56:08.379116
2026-08-31,2026-06-01,2026-08-31,subdivision,WEST UTTAR PRADESH,,,4.2,4.2,0.0,N,564.7,547.2,3.0,N,2026-08-31 12:56:08.379116
