date,period_start,period_end,level,subdivision,state,district,day_actual_mm,day_normal_mm,day_departure_pct,day_category,period_actual_mm,period_normal_mm,period_departure_pct,period_category,scraped_at
2026-08-25,2026-06-01,2026-08-25,district,A & N ISLAND,ANDAMAN & NICOBAR ISLANDS,NICOBAR,0.0,8.4,-100.0,NR,445.9,737.6,-40.0,D,2026-08-26 06:51:02.242509
2026-08-25,2026-06-01,2026-08-25,district,A & N ISLAND,ANDAMAN & NICOBAR ISLANDS,NORTH & MIDDLE ANDAMAN,11.0,16.3,-33.0,D,1824.8,1324.9,38.0,E,2026-08-26 06:51:02.242509
2026-08-25,2026-06-01,2026-08-25,district,A & N ISLAND,ANDAMAN & NICOBAR ISLANDS,SOUTH ANDAMAN,8.4,10.4,-19.0,N,957.4,1118.3,-14.0,N,2026-08-26 06:51:02.242509
2026-08-25,2026-06-01,2026-08-25,district,ARUNACHAL PRADESH,ARUNACHAL PRADESH,ANJAW,0.0,9.3,-100.0,NR,136.3,1255.3,-89.0,LD,2026-08-26 06:51:02.242509
2026-08-25,2026-06-01,2026-08-25,district,ARUNACHAL PRADESH,ARUNACHAL PRADESH,CHANGLANG,0.5,10.1,-95.0,LD,868.0,1027.4,-16.0,N,2026-08-26 06:51:02.242509
2026-08-25,2026-06-01,2026-08-25,district,ARUNACHAL PRADESH,ARUNACHAL PRADESH,EAST KAMENG,11.5,10.3,12.0,N,1067.6,905.1,18.0,N,2026-08-26 06:51:02.242509
2026-08-25,2026-06-01,2026-08-25,district,ARUNACHAL PRADESH,ARUNACHAL PRADESH,EAST SIANG,6.1,26.0,-77.0,LD,1826.6,2445.1,-25.0,D,2026-08-26 06:51:02.242509
2026-08-25,2026-06-01,2026-08-25,district,ARUNACHAL PRADESH,ARUNACHAL PRADESH,KURUNG KUMEY,0.0,6.7,-100.0,NR,449.8,857.7,-48.0,D,2026-08-26 06:51:02.242509
2026-08-25,2026-06-01,2026-08-25,district,ARUNACHAL PRADESH,ARUNACHAL PRADESH,LOHIT,7.7,10.7,-28.0,D,777.1,1202.5,-35.0,D,2026-08-26 06:51:02.242509
2026-08-25,2026-06-01,2026-08-25,district,ARUNACHAL PRADESH,ARUNACHAL PRADESH,LOWER SUBANSIRI,0.0,5.8,-100.0,NR,352.4,571.7,-38.0,D,2026-08-26 06:51:02.242509
2026-08-25,2026-06-01,2026-08-25,district,ARUNACHAL PRADESH,ARUNACHAL PRADESH,PAPUMPARA,25.5,17.1,49.0,E,1373.8,1672.8,-18.0,N,2026-08-26 06:51:02.242509
2026-08-25,2026-06-01,2026-08-25,district,ARUNACHAL PRADESH,ARUNACHAL PRADESH,TAWANG,0.0,5.5,-100.0,NR,289.0,746.7,-61.0,LD,2026-08-26 06:51:02.242509
2026-08-25,2026-06-01,2026-08-25,district,ARUNACHAL PRADESH,ARUNACHAL PRADESH,TIRAP,3.5,14.6,-76.0,LD,1609.0,1513.5,6.0,N,2026-08-26 06:51:02.242509
2026-08-25,2026-06-01,2026-08-25,district,ARUNACHAL PRADESH,ARUNACHAL PRADESH,WEST KAMENG,0.8,16.1,-95.0,LD,383.1,1310.7,-71.0,LD,2026-08-26 06:51:02.242509
2026-08-25,2026-06-01,2026-08-25,district,ARUNACHAL PRADESH,ARUNACHAL PRADESH,WEST SIANG,21.3,12.2,74.0,LE,542.6,1530.8,-65.0,LD,2026-08-26 06:51:02.242509
2026-08-25,2026-06-01,2026-08-25,district,ASSAM & MEGHALAYA,ASSAM,BAJALI,0.0,20.0,-100.0,NR,973.0,1655.1,-41.0,D,2026-08-26 06:51:02.242509
2026-08-25,2026-06-01,2026-08-25,district,ASSAM & MEGHALAYA,ASSAM,BAKSA,1.0,13.5,-93.0,LD,993.2,1201.4,-17.0,N,2026-08-26 06:51:02.242509
2026-08-25,2026-06-01,2026-08-25,district,ASSAM & MEGHALAYA,ASSAM,BARPETA,0.2,20.0,-99.0,LD,1095.1,1655.1,-34.0,D,2026-08-26 06:51:02.242509
2026-08-25,2026-06-01,2026-08-25,district,ASSAM & MEGHALAYA,ASSAM,BONGAIGAON,2.3,28.7,-92.0,LD,789.6,1856.1,-57.0,D,2026-08-26 06:51:02.242509
2026-08-25,2026-06-01,2026-08-25,district,ASSAM & MEGHALAYA,ASSAM,CACHAR,1.7,15.9,-89.0,LD,1346.9,1390.0,-3.0,N,2026-08-26 06:51:02.242509
2026-08-25,2026-06-01,2026-08-25,district,ASSAM & MEGHALAYA,ASSAM,CHARAIDEO,0.0,10.9,-100.0,NR,1042.5,778.6,34.0,E,2026-08-26 06:51:02.242509
2026-08-25,2026-06-01,2026-08-25,district,ASSAM & MEGHALAYA,ASSAM,CHIRANG,0.0,25.5,-100.0,NR,1087.4,1864.6,-42.0,D,2026-08-26 06:51:02.242509
2026-08-25,2026-06-01,2026-08-25,district,ASSAM & MEGHALAYA,ASSAM,DARRANG,0.0,11.8,-100.0,NR,588.0,1016.8,-42.0,D,2026-08-26 06:51:02.242509
2026-08-25,2026-06-01,2026-08-25,district,ASSAM & MEGHALAYA,ASSAM,DHEMAJI,42.4,20.4,108.0,LE,1850.0,1585.0,17.0,N,2026-08-26 06:51:02.242509
2026-08-25,2026-06-01,2026-08-25,district,ASSAM & MEGHALAYA,ASSAM,DHUBRI,0.8,18.2,-96.0,LD,1064.2,1661.7,-36.0,D,2026-08-26 06:51:02.242509
2026-08-25,2026-06-01,2026-08-25,district,ASSAM & MEGHALAYA,ASSAM,DIBRUGARH,8.6,12.5,-32.0,D,933.5,1132.9,-18.0,N,2026-08-26 06:51:02.242509
2026-08-25,2026-06-01,2026-08-25,district,ASSAM & MEGHALAYA,ASSAM,DIMA HASAO,0.0,3.7,-100.0,NR,382.6,794.4,-52.0,D,2026-08-26 06:51:02.242509
2026-08-25,2026-06-01,2026-08-25,district,ASSAM & MEGHALAYA,ASSAM,GOALPARA,1.0,13.6,-93.0,LD,687.1,1574.7,-56.0,D,2026-08-26 06:51:02.242509
2026-08-25,2026-06-01,2026-08-25,district,ASSAM & MEGHALAYA,ASSAM,GOLAGHAT,0.0,12.7,-100.0,NR,708.2,794.0,-11.0,N,2026-08-26 06:51:02.242509
2026-08-25,2026-06-01,2026-08-25,district,ASSAM & MEGHALAYA,ASSAM,HAILAKANDI,1.1,8.9,-88.0,LD,986.6,1176.3,-16.0,N,2026-08-26 06:51:02.242509
2026-08-25,2026-06-01,2026-08-25,district,ASSAM & MEGHALAYA,ASSAM,HOJAI,0.0,7.9,-100.0,NR,352.3,564.5,-38.0,D,2026-08-26 06:51:02.242509
2026-08-25,2026-06-01,2026-08-25,district,ASSAM & MEGHALAYA,ASSAM,JORHAT,2.2,16.7,-87.0,LD,688.0,947.9,-27.0,D,2026-08-26 06:51:02.242509
2026-08-25,2026-06-01,2026-08-25,district,ASSAM & MEGHALAYA,ASSAM,KAMRUP METROPOLITAN,3.7,6.5,-44.0,D,648.2,817.2,-21.0,D,2026-08-26 06:51:02.242509
2026-08-25,2026-06-01,2026-08-25,district,ASSAM & MEGHALAYA,ASSAM,KAMRUP RURAL,10.3,8.0,28.0,E,475.8,1012.3,-53.0,D,2026-08-26 06:51:02.242509
2026-08-25,2026-06-01,2026-08-25,district,ASSAM & MEGHALAYA,ASSAM,KARBI ANGLONG,0.0,6.4,-100.0,NR,475.7,609.6,-22.0,D,2026-08-26 06:51:02.242509
2026-08-25,2026-06-01,2026-08-25,district,ASSAM & MEGHALAYA,ASSAM,KOKRAJHAR,0.0,16.9,-100.0,NR,1990.6,2112.7,-6.0,N,2026-08-26 06:51:02.242509
2026-08-25,2026-06-01,2026-08-25,district,ASSAM & MEGHALAYA,ASSAM,LAKHIMPUR,21.1,19.5,8.0,N,1828.2,1557.3,17.0,N,2026-08-26 06:51:02.242509
2026-08-25,2026-06-01,2026-08-25,district,ASSAM & MEGHALAYA,ASSAM,MORIGAON,0.0,6.3,-100.0,NR,513.6,859.6,-40.0,D,2026-08-26 06:51:02.242509
2026-08-25,2026-06-01,2026-08-25,district,ASSAM & MEGHALAYA,ASSAM,NAGAON,0.0,12.5,-100.0,NR,354.8,784.7,-55.0,D,2026-08-26 06:51:02.242509
2026-08-25,2026-06-01,2026-08-25,district,ASSAM & MEGHALAYA,ASSAM,NALBARI,7.7,12.2,-37.0,D,503.5,1247.6,-60.0,LD,2026-08-26 06:51:02.242509
2026-08-25,2026-06-01,2026-08-25,district,ASSAM & MEGHALAYA,ASSAM,SIBSAGAR,0.0,10.8,-100.0,NR,666.7,915.2,-27.0,D,2026-08-26 06:51:02.242509
2026-08-25,2026-06-01,2026-08-25,district,ASSAM & MEGHALAYA,ASSAM,SONITPUR,4.8,7.8,-38.0,D,850.9,906.0,-6.0,N,2026-08-26 06:51:02.242509
2026-08-25,2026-06-01,2026-08-25,district,ASSAM & MEGHALAYA,ASSAM,SRIBHUMI,0.7,12.0,-94.0,LD,1317.7,1689.5,-22.0,D,2026-08-26 06:51:02.242509
2026-08-25,2026-06-01,2026-08-25,district,ASSAM & MEGHALAYA,ASSAM,TAMULPUR,0.4,8.7,-95.0,LD,967.4,1057.4,-9.0,N,2026-08-26 06:51:02.242509
2026-08-25,2026-06-01,2026-08-25,district,ASSAM & MEGHALAYA,ASSAM,TINSUKIA,1.1,11.0,-90.0,LD,1114.7,1100.7,1.0,N,2026-08-26 06:51:02.242509
2026-08-25,2026-06-01,2026-08-25,district,ASSAM & MEGHALAYA,ASSAM,UDALGURI,0.1,17.2,-99.0,LD,495.1,1142.4,-57.0,D,2026-08-26 06:51:02.242509
2026-08-25,2026-06-01,2026-08-25,district,ASSAM & MEGHALAYA,MEGHALAYA,EAST GARO HILLS,4.3,14.5,-71.0,LD,576.4,1466.3,-61.0,LD,2026-08-26 06:51:02.242509
2026-08-25,2026-06-01,2026-08-25,district,ASSAM & MEGHALAYA,MEGHALAYA,EAST JAINTIA HILLS,5.2,62.5,-92.0,LD,1272.7,3568.4,-64.0,LD,2026-08-26 06:51:02.242509
2026-08-25,2026-06-01,2026-08-25,district,ASSAM & MEGHALAYA,MEGHALAYA,EAST KHASI HILLS,39.4,30.1,31.0,E,1764.8,3554.8,-50.0,D,2026-08-26 06:51:02.242509
2026-08-25,2026-06-01,2026-08-25,district,ASSAM & MEGHALAYA,MEGHALAYA,NORTH GARO HILLS,7.3,10.2,-29.0,D,468.6,1394.0,-66.0,LD,2026-08-26 06:51:02.242509
2026-08-25,2026-06-01,2026-08-25,district,ASSAM & MEGHALAYA,MEGHALAYA,RI BHOI,10.8,14.6,-26.0,D,585.5,1126.2,-48.0,D,2026-08-26 06:51:02.242509
2026-08-25,2026-06-01,2026-08-25,district,ASSAM & MEGHALAYA,MEGHALAYA,SOUTH GARO HILLS,3.3,10.2,-68.0,LD,758.7,1394.0,-46.0,D,2026-08-26 06:51:02.242509
2026-08-25,2026-06-01,2026-08-25,district,ASSAM & MEGHALAYA,MEGHALAYA,SOUTH WEST GARO HILLS,0.0,10.2,-100.0,NR,498.9,1394.0,-64.0,LD,2026-08-26 06:51:02.242509
2026-08-25,2026-06-01,2026-08-25,district,ASSAM & MEGHALAYA,MEGHALAYA,SOUTH WEST KHASI HILLS,67.1,10.2,558.0,LE,2440.9,1394.0,75.0,LE,2026-08-26 06:51:02.242509
2026-08-25,2026-06-01,2026-08-25,district,ASSAM & MEGHALAYA,MEGHALAYA,WEST GARO HILLS,1.0,11.8,-92.0,LD,407.3,1422.3,-71.0,LD,2026-08-26 06:51:02.242509
2026-08-25,2026-06-01,2026-08-25,district,ASSAM & MEGHALAYA,MEGHALAYA,WEST JAINTIA HILLS,18.0,62.5,-71.0,LD,767.6,3568.4,-78.0,LD,2026-08-26 06:51:02.242509
2026-08-25,2026-06-01,2026-08-25,district,ASSAM & MEGHALAYA,MEGHALAYA,WEST KHASI HILLS,21.2,17.7,20.0,E,666.2,2108.4,-68.0,LD,2026-08-26 06:51:02.242509
2026-08-25,2026-06-01,2026-08-25,district,BIHAR,BIHAR,ARARIA,0.0,13.0,-100.0,NR,658.4,1033.6,-36.0,D,2026-08-26 06:51:02.242509
2026-08-25,2026-06-01,2026-08-25,district,BIHAR,BIHAR,ARWAL,4.5,6.3,-29.0,D,279.8,512.9,-45.0,D,2026-08-26 06:51:02.242509
2026-08-25,2026-06-01,2026-08-25,district,BIHAR,BIHAR,AURANGABAD,8.7,6.6,32.0,E,471.6,629.5,-25.0,D,2026-08-26 06:51:02.242509
2026-08-25,2026-06-01,2026-08-25,district,BIHAR,BIHAR,BANKA,5.6,7.3,-23.0,D,323.7,639.2,-49.0,D,2026-08-26 06:51:02.242509
2026-08-25,2026-06-01,2026-08-25,district,BIHAR,BIHAR,BEGUSARAI,30.6,11.2,173.0,LE,443.3,725.2,-39.0,D,2026-08-26 06:51:02.242509
2026-08-25,2026-06-01,2026-08-25,district,BIHAR,BIHAR,BHABUA,36.2,8.6,321.0,LE,337.3,632.7,-47.0,D,2026-08-26 06:51:02.242509
2026-08-25,2026-06-01,2026-08-25,district,BIHAR,BIHAR,BHAGALPUR,11.0,5.8,89.0,LE,280.9,706.6,-60.0,LD,2026-08-26 06:51:02.242509
2026-08-25,2026-06-01,2026-08-25,district,BIHAR,BIHAR,BHOJPUR,2.7,9.8,-72.0,LD,288.2,640.3,-55.0,D,2026-08-26 06:51:02.242509
2026-08-25,2026-06-01,2026-08-25,district,BIHAR,BIHAR,BUXAR,8.2,6.9,18.0,N,410.6,576.7,-29.0,D,2026-08-26 06:51:02.242509
2026-08-25,2026-06-01,2026-08-25,district,BIHAR,BIHAR,DARBHANGA,4.5,11.5,-61.0,LD,315.6,678.0,-53.0,D,2026-08-26 06:51:02.242509
2026-08-25,2026-06-01,2026-08-25,district,BIHAR,BIHAR,EAST CHAMPARAN,0.0,18.2,-99.0,LD,432.4,799.9,-46.0,D,2026-08-26 06:51:02.242509
2026-08-25,2026-06-01,2026-08-25,district,BIHAR,BIHAR,GAYA,9.0,5.1,76.0,LE,375.8,619.4,-39.0,D,2026-08-26 06:51:02.242509
2026-08-25,2026-06-01,2026-08-25,district,BIHAR,BIHAR,GOPALGANJ,0.7,12.8,-94.0,LD,439.3,710.7,-38.0,D,2026-08-26 06:51:02.242509
2026-08-25,2026-06-01,2026-08-25,district,BIHAR,BIHAR,JAHANABAD,2.7,7.3,-63.0,LD,217.6,611.2,-64.0,LD,2026-08-26 06:51:02.242509
2026-08-25,2026-06-01,2026-08-25,district,BIHAR,BIHAR,JAMUI,1.9,9.5,-80.0,LD,311.1,670.4,-54.0,D,2026-08-26 06:51:02.242509
2026-08-25,2026-06-01,2026-08-25,district,BIHAR,BIHAR,KATIHAR,5.9,9.2,-36.0,D,446.7,771.9,-42.0,D,2026-08-26 06:51:02.242509
2026-08-25,2026-06-01,2026-08-25,district,BIHAR,BIHAR,KHAGARIA,23.7,10.5,126.0,LE,616.0,701.0,-12.0,N,2026-08-26 06:51:02.242509
2026-08-25,2026-06-01,2026-08-25,district,BIHAR,BIHAR,KISHANGANJ,4.2,13.7,-69.0,LD,879.7,1297.2,-32.0,D,2026-08-26 06:51:02.242509
2026-08-25,2026-06-01,2026-08-25,district,BIHAR,BIHAR,LAKHISARAI,1.2,5.1,-77.0,LD,505.4,618.2,-18.0,N,2026-08-26 06:51:02.242509
2026-08-25,2026-06-01,2026-08-25,district,BIHAR,BIHAR,MADHEPURA,3.9,11.0,-64.0,LD,453.5,750.8,-40.0,D,2026-08-26 06:51:02.242509
2026-08-25,2026-06-01,2026-08-25,district,BIHAR,BIHAR,MADHUBANI,1.2,13.6,-91.0,LD,428.8,749.3,-43.0,D,2026-08-26 06:51:02.242509
2026-08-25,2026-06-01,2026-08-25,district,BIHAR,BIHAR,MUNGER,15.0,8.6,74.0,LE,447.9,746.2,-40.0,D,2026-08-26 06:51:02.242509
2026-08-25,2026-06-01,2026-08-25,district,BIHAR,BIHAR,MUZAFFARPUR,0.8,15.0,-95.0,LD,348.1,709.8,-51.0,D,2026-08-26 06:51:02.242509
2026-08-25,2026-06-01,2026-08-25,district,BIHAR,BIHAR,NALANDA,5.1,7.8,-35.0,D,330.5,623.7,-47.0,D,2026-08-26 06:51:02.242509
2026-08-25,2026-06-01,2026-08-25,district,BIHAR,BIHAR,NAWADA,6.7,5.8,16.0,N,377.7,615.8,-39.0,D,2026-08-26 06:51:02.242509
2026-08-25,2026-06-01,2026-08-25,district,BIHAR,BIHAR,PATNA,5.1,11.3,-54.0,D,308.6,647.0,-52.0,D,2026-08-26 06:51:02.242509
2026-08-25,2026-06-01,2026-08-25,district,BIHAR,BIHAR,PURNEA,2.0,14.9,-87.0,LD,579.3,1039.3,-44.0,D,2026-08-26 06:51:02.242509
2026-08-25,2026-06-01,2026-08-25,district,BIHAR,BIHAR,ROHTAS,19.6,7.4,165.0,LE,382.6,612.8,-38.0,D,2026-08-26 06:51:02.242509
2026-08-25,2026-06-01,2026-08-25,district,BIHAR,BIHAR,SAHARSA,4.6,12.7,-64.0,LD,403.1,795.5,-49.0,D,2026-08-26 06:51:02.242509
2026-08-25,2026-06-01,2026-08-25,district,BIHAR,BIHAR,SAMASTIPUR,12.3,10.2,21.0,E,368.8,685.6,-46.0,D,2026-08-26 06:51:02.242509
2026-08-25,2026-06-01,2026-08-25,district,BIHAR,BIHAR,SARAN,1.7,13.7,-88.0,LD,334.0,666.1,-50.0,D,2026-08-26 06:51:02.242509
2026-08-25,2026-06-01,2026-08-25,district,BIHAR,BIHAR,SHEIKHPURA,0.0,8.3,-100.0,NR,345.2,600.8,-43.0,D,2026-08-26 06:51:02.242509
2026-08-25,2026-06-01,2026-08-25,district,BIHAR,BIHAR,SHEOHAR,0.0,19.4,-100.0,NR,309.8,749.3,-59.0,D,2026-08-26 06:51:02.242509
2026-08-25,2026-06-01,2026-08-25,district,BIHAR,BIHAR,SITAMARHI,0.2,17.1,-99.0,LD,330.8,819.7,-60.0,LD,2026-08-26 06:51:02.242509
2026-08-25,2026-06-01,2026-08-25,district,BIHAR,BIHAR,SIWAN,2.2,10.2,-79.0,LD,570.7,652.8,-13.0,N,2026-08-26 06:51:02.242509
2026-08-25,2026-06-01,2026-08-25,district,BIHAR,BIHAR,SUPAUL,0.4,12.4,-97.0,LD,586.6,812.2,-28.0,D,2026-08-26 06:51:02.242509
2026-08-25,2026-06-01,2026-08-25,district,BIHAR,BIHAR,VAISHALI,2.5,11.8,-78.0,LD,387.3,668.8,-42.0,D,2026-08-26 06:51:02.242509
2026-08-25,2026-06-01,2026-08-25,district,BIHAR,BIHAR,WEST CHAMPARAN,0.7,20.4,-97.0,LD,580.3,933.5,-38.0,D,2026-08-26 06:51:02.242509
2026-08-25,2026-06-01,2026-08-25,district,CHHATTISGARH,CHHATTISGARH,BALOD,1.8,3.3,-44.0,D,843.9,759.8,11.0,N,2026-08-26 06:51:02.242509
2026-08-25,2026-06-01,2026-08-25,district,CHHATTISGARH,CHHATTISGARH,BALODA BAZAR,26.7,4.3,521.0,LE,891.0,709.0,26.0,E,2026-08-26 06:51:02.242509
2026-08-25,2026-06-01,2026-08-25,district,CHHATTISGARH,CHHATTISGARH,BALRAMPUR,33.7,6.7,403.0,LE,1125.6,728.8,54.0,E,2026-08-26 06:51:02.242509
2026-08-25,2026-06-01,2026-08-25,district,CHHATTISGARH,CHHATTISGARH,BASTAR,8.9,6.8,31.0,E,766.9,884.2,-13.0,N,2026-08-26 06:51:02.242509
2026-08-25,2026-06-01,2026-08-25,district,CHHATTISGARH,CHHATTISGARH,BEMETARA,13.3,4.8,177.0,LE,490.0,795.3,-38.0,D,2026-08-26 06:51:02.242509
2026-08-25,2026-06-01,2026-08-25,district,CHHATTISGARH,CHHATTISGARH,BIJAPUR,86.7,8.9,874.0,LE,1147.4,1066.4,8.0,N,2026-08-26 06:51:02.242509
2026-08-25,2026-06-01,2026-08-25,district,CHHATTISGARH,CHHATTISGARH,BILASPUR,33.8,5.3,538.0,LE,886.3,796.4,11.0,N,2026-08-26 06:51:02.242509
2026-08-25,2026-06-01,2026-08-25,district,CHHATTISGARH,CHHATTISGARH,DANTEWADA,39.3,7.5,424.0,LE,863.6,982.2,-12.0,N,2026-08-26 06:51:02.242509
2026-08-25,2026-06-01,2026-08-25,district,CHHATTISGARH,CHHATTISGARH,DHAMTARI,26.5,3.7,615.0,LE,829.1,791.7,5.0,N,2026-08-26 06:51:02.242509
2026-08-25,2026-06-01,2026-08-25,district,CHHATTISGARH,CHHATTISGARH,DURG,10.7,7.0,53.0,E,646.7,743.6,-13.0,N,2026-08-26 06:51:02.242509
2026-08-25,2026-06-01,2026-08-25,district,CHHATTISGARH,CHHATTISGARH,GARIABAND,31.0,3.7,736.0,LE,944.4,788.3,20.0,E,2026-08-26 06:51:02.242509
2026-08-25,2026-06-01,2026-08-25,district,CHHATTISGARH,CHHATTISGARH,GAURELA PENDRA MARWAHI,6.2,5.5,12.0,N,821.6,821.2,0.0,N,2026-08-26 06:51:02.242509
2026-08-25,2026-06-01,2026-08-25,district,CHHATTISGARH,CHHATTISGARH,JANJGIR,41.3,6.0,588.0,LE,1016.4,827.6,23.0,E,2026-08-26 06:51:02.242509
2026-08-25,2026-06-01,2026-08-25,district,CHHATTISGARH,CHHATTISGARH,JASHPUR,19.2,5.6,242.0,LE,696.4,1022.3,-32.0,D,2026-08-26 06:51:02.242509
2026-08-25,2026-06-01,2026-08-25,district,CHHATTISGARH,CHHATTISGARH,KABIRDHAM,4.9,3.5,41.0,E,547.0,650.2,-16.0,N,2026-08-26 06:51:02.242509
2026-08-25,2026-06-01,2026-08-25,district,CHHATTISGARH,CHHATTISGARH,KANKER,6.9,7.9,-13.0,N,651.7,1024.1,-36.0,D,2026-08-26 06:51:02.242509
2026-08-25,2026-06-01,2026-08-25,district,CHHATTISGARH,CHHATTISGARH,KHAIRAGARH CHH GANDAI,8.1,2.4,239.0,LE,575.8,551.9,4.0,N,2026-08-26 06:51:02.242509
2026-08-25,2026-06-01,2026-08-25,district,CHHATTISGARH,CHHATTISGARH,KONDAGAON,8.8,8.8,0.0,N,741.9,879.0,-16.0,N,2026-08-26 06:51:02.242509
2026-08-25,2026-06-01,2026-08-25,district,CHHATTISGARH,CHHATTISGARH,KORBA,37.7,5.8,550.0,LE,891.2,962.9,-7.0,N,2026-08-26 06:51:02.242509
2026-08-25,2026-06-01,2026-08-25,district,CHHATTISGARH,CHHATTISGARH,KORIYA,10.4,6.3,65.0,LE,697.5,851.6,-18.0,N,2026-08-26 06:51:02.242509
2026-08-25,2026-06-01,2026-08-25,district,CHHATTISGARH,CHHATTISGARH,MAHASAMUND,39.0,6.3,519.0,LE,1015.4,788.4,29.0,E,2026-08-26 06:51:02.242509
2026-08-25,2026-06-01,2026-08-25,district,CHHATTISGARH,CHHATTISGARH,MANENDRAGARH BHARATPUR,25.6,6.3,306.0,LE,896.9,851.4,5.0,N,2026-08-26 06:51:02.242509
2026-08-25,2026-06-01,2026-08-25,district,CHHATTISGARH,CHHATTISGARH,MOHALA MANPUR CHOWKI,22.5,3.4,562.0,LE,671.0,781.0,-14.0,N,2026-08-26 06:51:02.242509
2026-08-25,2026-06-01,2026-08-25,district,CHHATTISGARH,CHHATTISGARH,MUNGELI,11.2,3.9,187.0,LE,986.9,716.6,38.0,E,2026-08-26 06:51:02.242509
2026-08-25,2026-06-01,2026-08-25,district,CHHATTISGARH,CHHATTISGARH,NARAYANPUR,8.5,8.7,-2.0,N,1228.5,941.5,30.0,E,2026-08-26 06:51:02.242509
2026-08-25,2026-06-01,2026-08-25,district,CHHATTISGARH,CHHATTISGARH,RAIGARH,37.6,6.8,453.0,LE,880.2,886.2,-1.0,N,2026-08-26 06:51:02.242509
2026-08-25,2026-06-01,2026-08-25,district,CHHATTISGARH,CHHATTISGARH,RAIPUR,59.5,4.5,1221.0,LE,931.7,761.3,22.0,E,2026-08-26 06:51:02.242509
2026-08-25,2026-06-01,2026-08-25,district,CHHATTISGARH,CHHATTISGARH,RAJNANDGAON,17.1,4.8,256.0,LE,700.5,793.6,-12.0,N,2026-08-26 06:51:02.242509
2026-08-25,2026-06-01,2026-08-25,district,CHHATTISGARH,CHHATTISGARH,SAKTI,13.3,4.1,225.0,LE,833.2,839.9,-1.0,N,2026-08-26 06:51:02.242509
2026-08-25,2026-06-01,2026-08-25,district,CHHATTISGARH,CHHATTISGARH,SARANGARH BILAIGARH,21.9,1.9,1052.0,LE,1085.3,690.4,57.0,E,2026-08-26 06:51:02.242509
2026-08-25,2026-06-01,2026-08-25,district,CHHATTISGARH,CHHATTISGARH,SUKMA,35.4,6.3,462.0,LE,822.1,894.8,-8.0,N,2026-08-26 06:51:02.242509
2026-08-25,2026-06-01,2026-08-25,district,CHHATTISGARH,CHHATTISGARH,SURAJPUR,44.2,6.7,560.0,LE,997.5,907.8,10.0,N,2026-08-26 06:51:02.242509
2026-08-25,2026-06-01,2026-08-25,district,CHHATTISGARH,CHHATTISGARH,SURGUJA,9.4,4.7,99.0,LE,537.1,895.0,-40.0,D,2026-08-26 06:51:02.242509
2026-08-25,2026-06-01,2026-08-25,district,COASTAL A. P. & YANAM,ANDHRA PRADESH,ANAKAPALLI,1.0,5.2,-81.0,LD,262.6,411.2,-36.0,D,2026-08-26 06:51:02.242509
2026-08-25,2026-06-01,2026-08-25,district,COASTAL A. P. & YANAM,ANDHRA PRADESH,BAPATLA,0.0,5.8,-100.0,NR,153.8,359.1,-57.0,D,2026-08-26 06:51:02.242509
2026-08-25,2026-06-01,2026-08-25,district,COASTAL A. P. & YANAM,ANDHRA PRADESH,DR B R AMBEDKAR KONASEEMA,1.8,6.7,-73.0,LD,436.4,552.4,-21.0,D,2026-08-26 06:51:02.242509
2026-08-25,2026-06-01,2026-08-25,district,COASTAL A. P. & YANAM,ANDHRA PRADESH,EAST GODAVARI,0.0,5.6,-100.0,NR,314.8,516.4,-39.0,D,2026-08-26 06:51:02.242509
2026-08-25,2026-06-01,2026-08-25,district,COASTAL A. P. & YANAM,ANDHRA PRADESH,ELURU,1.4,7.3,-81.0,LD,377.1,628.7,-40.0,D,2026-08-26 06:51:02.242509
2026-08-25,2026-06-01,2026-08-25,district,COASTAL A. P. & YANAM,ANDHRA PRADESH,GUNTUR,4.1,5.5,-26.0,D,307.5,415.5,-26.0,D,2026-08-26 06:51:02.242509
2026-08-25,2026-06-01,2026-08-25,district,COASTAL A. P. & YANAM,ANDHRA PRADESH,KAKINADA,0.1,4.5,-98.0,LD,286.7,457.5,-37.0,D,2026-08-26 06:51:02.242509
2026-08-25,2026-06-01,2026-08-25,district,COASTAL A. P. & YANAM,ANDHRA PRADESH,KRISHNA,0.7,3.9,-81.0,LD,300.3,470.3,-36.0,D,2026-08-26 06:51:02.242509
2026-08-25,2026-06-01,2026-08-25,district,COASTAL A. P. & YANAM,ANDHRA PRADESH,NTR DISTRICT,5.8,5.8,0.0,N,336.1,497.8,-32.0,D,2026-08-26 06:51:02.242509
2026-08-25,2026-06-01,2026-08-25,district,COASTAL A. P. & YANAM,ANDHRA PRADESH,PALNADU,3.2,6.7,-52.0,D,224.4,374.6,-40.0,D,2026-08-26 06:51:02.242509
2026-08-25,2026-06-01,2026-08-25,district,COASTAL A. P. & YANAM,ANDHRA PRADESH,PARVATHIPURAM MANYAM,0.1,7.2,-98.0,LD,345.3,535.8,-36.0,D,2026-08-26 06:51:02.242509
2026-08-25,2026-06-01,2026-08-25,district,COASTAL A. P. & YANAM,ANDHRA PRADESH,PRAKASAM,0.3,4.7,-93.0,LD,102.8,234.3,-56.0,D,2026-08-26 06:51:02.242509
2026-08-25,2026-06-01,2026-08-25,district,COASTAL A. P. & YANAM,ANDHRA PRADESH,SPSR NELLORE,2.7,2.8,-4.0,N,136.6,213.1,-36.0,D,2026-08-26 06:51:02.242509
2026-08-25,2026-06-01,2026-08-25,district,COASTAL A. P. & YANAM,ANDHRA PRADESH,SRI ALLURI SITHARAMARAJU DISTRICT,10.1,6.7,50.0,E,356.4,657.4,-46.0,D,2026-08-26 06:51:02.242509
2026-08-25,2026-06-01,2026-08-25,district,COASTAL A. P. & YANAM,ANDHRA PRADESH,SRIKAKULAM,2.3,5.5,-58.0,D,324.2,478.5,-32.0,D,2026-08-26 06:51:02.242509
2026-08-25,2026-06-01,2026-08-25,district,COASTAL A. P. & YANAM,ANDHRA PRADESH,VISHAKHAPATNAM,0.3,4.9,-95.0,LD,241.0,371.5,-35.0,D,2026-08-26 06:51:02.242509
2026-08-25,2026-06-01,2026-08-25,district,COASTAL A. P. & YANAM,ANDHRA PRADESH,VIZIANAGARAM,6.9,8.1,-15.0,N,341.3,459.7,-26.0,D,2026-08-26 06:51:02.242509
2026-08-25,2026-06-01,2026-08-25,district,COASTAL A. P. & YANAM,ANDHRA PRADESH,WEST GODAVARI,0.0,6.2,-100.0,NR,261.7,527.6,-50.0,D,2026-08-26 06:51:02.242509
2026-08-25,2026-06-01,2026-08-25,district,COASTAL A. P. & YANAM,PUDUCHERRY (UT),YANAM,0.0,8.0,-100.0,NR,285.4,507.9,-44.0,D,2026-08-26 06:51:02.242509
2026-08-25,2026-06-01,2026-08-25,district,COASTAL KARNATAKA,KARNATAKA,DAKSHINA KANNADA,46.3,26.1,77.0,LE,2317.9,2856.3,-19.0,N,2026-08-26 06:51:02.242509
2026-08-25,2026-06-01,2026-08-25,district,COASTAL KARNATAKA,KARNATAKA,UDUPI,19.5,28.7,-32.0,D,2426.3,3229.6,-25.0,D,2026-08-26 06:51:02.242509
2026-08-25,2026-06-01,2026-08-25,district,COASTAL KARNATAKA,KARNATAKA,UTTARA KANNADA,10.0,17.1,-42.0,D,1771.0,2373.9,-25.0,D,2026-08-26 06:51:02.242509
2026-08-25,2026-06-01,2026-08-25,district,EAST MADHYA PRADESH,MADHYA PRADESH,ANUPPUR,8.7,6.4,36.0,E,898.2,760.8,18.0,N,2026-08-26 06:51:02.242509
2026-08-25,2026-06-01,2026-08-25,district,EAST MADHYA PRADESH,MADHYA PRADESH,BALAGHAT,8.7,8.5,3.0,N,895.8,969.8,-8.0,N,2026-08-26 06:51:02.242509
2026-08-25,2026-06-01,2026-08-25,district,EAST MADHYA PRADESH,MADHYA PRADESH,CHHATARPUR,15.8,7.9,100.0,LE,653.4,706.0,-7.0,N,2026-08-26 06:51:02.242509
2026-08-25,2026-06-01,2026-08-25,district,EAST MADHYA PRADESH,MADHYA PRADESH,CHHINDWARA,4.6,6.3,-28.0,D,623.2,783.4,-20.0,D,2026-08-26 06:51:02.242509
2026-08-25,2026-06-01,2026-08-25,district,EAST MADHYA PRADESH,MADHYA PRADESH,DAMOH,7.6,11.0,-31.0,D,731.0,851.2,-14.0,N,2026-08-26 06:51:02.242509
2026-08-25,2026-06-01,2026-08-25,district,EAST MADHYA PRADESH,MADHYA PRADESH,DINDORI,15.8,5.6,183.0,LE,937.0,926.2,1.0,N,2026-08-26 06:51:02.242509
2026-08-25,2026-06-01,2026-08-25,district,EAST MADHYA PRADESH,MADHYA PRADESH,JABALPUR,26.3,8.0,229.0,LE,726.8,864.5,-16.0,N,2026-08-26 06:51:02.242509
2026-08-25,2026-06-01,2026-08-25,district,EAST MADHYA PRADESH,MADHYA PRADESH,KATNI,19.6,8.3,136.0,LE,660.7,728.1,-9.0,N,2026-08-26 06:51:02.242509
2026-08-25,2026-06-01,2026-08-25,district,EAST MADHYA PRADESH,MADHYA PRADESH,MAIHAR,12.5,8.0,56.0,E,702.8,741.8,-5.0,N,2026-08-26 06:51:02.242509
2026-08-25,2026-06-01,2026-08-25,district,EAST MADHYA PRADESH,MADHYA PRADESH,MANDLA,28.4,6.3,350.0,LE,891.2,936.1,-5.0,N,2026-08-26 06:51:02.242509
2026-08-25,2026-06-01,2026-08-25,district,EAST MADHYA PRADESH,MADHYA PRADESH,MAUGANJ,29.0,5.9,392.0,LE,1022.1,703.0,45.0,E,2026-08-26 06:51:02.242509
2026-08-25,2026-06-01,2026-08-25,district,EAST MADHYA PRADESH,MADHYA PRADESH,NARSINGHPUR,13.4,7.8,72.0,LE,696.0,781.1,-11.0,N,2026-08-26 06:51:02.242509
2026-08-25,2026-06-01,2026-08-25,district,EAST MADHYA PRADESH,MADHYA PRADESH,NIWARI,49.0,8.8,457.0,LE,651.0,598.1,9.0,N,2026-08-26 06:51:02.242509
2026-08-25,2026-06-01,2026-08-25,district,EAST MADHYA PRADESH,MADHYA PRADESH,PANDHURNA,1.0,7.0,-86.0,LD,504.1,602.6,-16.0,N,2026-08-26 06:51:02.242509
2026-08-25,2026-06-01,2026-08-25,district,EAST MADHYA PRADESH,MADHYA PRADESH,PANNA,18.0,8.6,109.0,LE,776.5,817.2,-5.0,N,2026-08-26 06:51:02.242509
2026-08-25,2026-06-01,2026-08-25,district,EAST MADHYA PRADESH,MADHYA PRADESH,REWA,17.7,8.3,114.0,LE,526.2,734.8,-28.0,D,2026-08-26 06:51:02.242509
2026-08-25,2026-06-01,2026-08-25,district,EAST MADHYA PRADESH,MADHYA PRADESH,SAGAR,5.0,10.8,-54.0,D,608.7,834.7,-27.0,D,2026-08-26 06:51:02.242509
2026-08-25,2026-06-01,2026-08-25,district,EAST MADHYA PRADESH,MADHYA PRADESH,SATNA,42.1,8.6,389.0,LE,880.7,716.4,23.0,E,2026-08-26 06:51:02.242509
2026-08-25,2026-06-01,2026-08-25,district,EAST MADHYA PRADESH,MADHYA PRADESH,SEONI,2.6,5.1,-50.0,D,685.1,787.9,-13.0,N,2026-08-26 06:51:02.242509
2026-08-25,2026-06-01,2026-08-25,district,EAST MADHYA PRADESH,MADHYA PRADESH,SHAHDOL,7.0,8.1,-14.0,N,882.7,744.3,19.0,N,2026-08-26 06:51:02.242509
2026-08-25,2026-06-01,2026-08-25,district,EAST MADHYA PRADESH,MADHYA PRADESH,SIDHI,26.9,6.1,341.0,LE,882.9,751.5,17.0,N,2026-08-26 06:51:02.242509
2026-08-25,2026-06-01,2026-08-25,district,EAST MADHYA PRADESH,MADHYA PRADESH,SINGRAULI,48.5,6.3,670.0,LE,805.2,783.4,3.0,N,2026-08-26 06:51:02.242509
2026-08-25,2026-06-01,2026-08-25,district,EAST MADHYA PRADESH,MADHYA PRADESH,TIKAMGARH,5.4,7.2,-25.0,D,591.6,710.6,-17.0,N,2026-08-26 06:51:02.242509
2026-08-25,2026-06-01,2026-08-25,district,EAST MADHYA PRADESH,MADHYA PRADESH,UMARIA,11.7,9.5,23.0,E,909.3,791.8,15.0,N,2026-08-26 06:51:02.242509
2026-08-25,2026-06-01,2026-08-25,district,EAST RAJASTHAN,RAJASTHAN,AJMER,0.0,4.5,-100.0,NR,309.1,371.0,-17.0,N,2026-08-26 06:51:02.242509
2026-08-25,2026-06-01,2026-08-25,district,EAST RAJASTHAN,RAJASTHAN,ALWAR,30.5,5.5,455.0,LE,412.7,430.4,-4.0,N,2026-08-26 06:51:02.242509
2026-08-25,2026-06-01,2026-08-25,district,EAST RAJASTHAN,RAJASTHAN,BANSWARA,0.2,9.0,-98.0,LD,367.5,680.1,-46.0,D,2026-08-26 06:51:02.242509
2026-08-25,2026-06-01,2026-08-25,district,EAST RAJASTHAN,RAJASTHAN,BARAN,2.4,10.2,-77.0,LD,489.1,677.2,-28.0,D,2026-08-26 06:51:02.242509
2026-08-25,2026-06-01,2026-08-25,district,EAST RAJASTHAN,RAJASTHAN,BHARATPUR,31.6,8.7,263.0,LE,571.9,420.7,36.0,E,2026-08-26 06:51:02.242509
2026-08-25,2026-06-01,2026-08-25,district,EAST RAJASTHAN,RAJASTHAN,BHILWARA,1.8,6.3,-71.0,LD,338.4,491.2,-31.0,D,2026-08-26 06:51:02.242509
2026-08-25,2026-06-01,2026-08-25,district,EAST RAJASTHAN,RAJASTHAN,BUNDI,38.0,9.0,322.0,LE,383.4,525.0,-27.0,D,2026-08-26 06:51:02.242509
2026-08-25,2026-06-01,2026-08-25,district,EAST RAJASTHAN,RAJASTHAN,CHITTORGARH,1.6,8.2,-80.0,LD,451.4,580.1,-22.0,D,2026-08-26 06:51:02.242509
2026-08-25,2026-06-01,2026-08-25,district,EAST RAJASTHAN,RAJASTHAN,DAUSA,50.6,6.6,667.0,LE,478.2,478.5,0.0,N,2026-08-26 06:51:02.242509
2026-08-25,2026-06-01,2026-08-25,district,EAST RAJASTHAN,RAJASTHAN,DHOLPUR,4.7,7.1,-34.0,D,506.5,455.7,11.0,N,2026-08-26 06:51:02.242509
2026-08-25,2026-06-01,2026-08-25,district,EAST RAJASTHAN,RAJASTHAN,DUNGARPUR,0.0,6.8,-100.0,NR,340.6,549.7,-38.0,D,2026-08-26 06:51:02.242509
2026-08-25,2026-06-01,2026-08-25,district,EAST RAJASTHAN,RAJASTHAN,JAIPUR,13.2,5.4,144.0,LE,312.4,426.6,-27.0,D,2026-08-26 06:51:02.242509
2026-08-25,2026-06-01,2026-08-25,district,EAST RAJASTHAN,RAJASTHAN,JHALAWAR,14.8,13.7,8.0,N,548.8,699.4,-22.0,D,2026-08-26 06:51:02.242509
2026-08-25,2026-06-01,2026-08-25,district,EAST RAJASTHAN,RAJASTHAN,JHUNJHUNU,0.0,3.7,-100.0,NR,393.2,332.7,18.0,N,2026-08-26 06:51:02.242509
2026-08-25,2026-06-01,2026-08-25,district,EAST RAJASTHAN,RAJASTHAN,KARAULI,25.2,6.1,313.0,LE,381.7,486.4,-22.0,D,2026-08-26 06:51:02.242509
2026-08-25,2026-06-01,2026-08-25,district,EAST RAJASTHAN,RAJASTHAN,KOTA,19.2,9.6,100.0,LE,399.2,597.5,-33.0,D,2026-08-26 06:51:02.242509
2026-08-25,2026-06-01,2026-08-25,district,EAST RAJASTHAN,RAJASTHAN,PRATAPGARH,0.0,12.7,-100.0,NR,583.4,713.4,-18.0,N,2026-08-26 06:51:02.242509
2026-08-25,2026-06-01,2026-08-25,district,EAST RAJASTHAN,RAJASTHAN,RAJSAMAND,0.0,5.5,-100.0,NR,303.9,426.0,-29.0,D,2026-08-26 06:51:02.242509
2026-08-25,2026-06-01,2026-08-25,district,EAST RAJASTHAN,RAJASTHAN,SAWAI MADHOPUR,36.6,10.1,262.0,LE,359.7,547.2,-34.0,D,2026-08-26 06:51:02.242509
2026-08-25,2026-06-01,2026-08-25,district,EAST RAJASTHAN,RAJASTHAN,SIKAR,0.0,3.8,-100.0,NR,324.8,342.8,-5.0,N,2026-08-26 06:51:02.242509
2026-08-25,2026-06-01,2026-08-25,district,EAST RAJASTHAN,RAJASTHAN,SIROHI,0.0,7.1,-99.0,LD,412.2,693.6,-41.0,D,2026-08-26 06:51:02.242509
2026-08-25,2026-06-01,2026-08-25,district,EAST RAJASTHAN,RAJASTHAN,TONK,44.6,7.5,495.0,LE,377.2,470.5,-20.0,D,2026-08-26 06:51:02.242509
2026-08-25,2026-06-01,2026-08-25,district,EAST RAJASTHAN,RAJASTHAN,UDAIPUR,0.0,7.0,-100.0,NR,339.3,482.6,-30.0,D,2026-08-26 06:51:02.242509
2026-08-25,2026-06-01,2026-08-25,district,EAST UTTAR PRADESH,UTTAR PRADESH,AMBEDKAR NAGAR,46.9,6.0,682.0,LE,506.4,624.6,-19.0,N,2026-08-26 06:51:02.242509
2026-08-25,2026-06-01,2026-08-25,district,EAST UTTAR PRADESH,UTTAR PRADESH,AMETHI,4.3,6.8,-37.0,D,253.3,500.6,-49.0,D,2026-08-26 06:51:02.242509
2026-08-25,2026-06-01,2026-08-25,district,EAST UTTAR PRADESH,UTTAR PRADESH,AYODHYA,28.3,7.6,272.0,LE,495.2,634.0,-22.0,D,2026-08-26 06:51:02.242509
2026-08-25,2026-06-01,2026-08-25,district,EAST UTTAR PRADESH,UTTAR PRADESH,AZAMGARH,81.4,8.8,825.0,LE,461.6,614.7,-25.0,D,2026-08-26 06:51:02.242509
2026-08-25,2026-06-01,2026-08-25,district,EAST UTTAR PRADESH,UTTAR PRADESH,BAHRAICH,22.2,9.5,134.0,LE,762.4,728.3,5.0,N,2026-08-26 06:51:02.242509
2026-08-25,2026-06-01,2026-08-25,district,EAST UTTAR PRADESH,UTTAR PRADESH,BALLIA,6.5,8.2,-20.0,D,410.2,539.9,-24.0,D,2026-08-26 06:51:02.242509
2026-08-25,2026-06-01,2026-08-25,district,EAST UTTAR PRADESH,UTTAR PRADESH,BALRAMPUR,0.0,9.9,-100.0,NR,501.3,604.5,-17.0,N,2026-08-26 06:51:02.242509
2026-08-25,2026-06-01,2026-08-25,district,EAST UTTAR PRADESH,UTTAR PRADESH,BANDA,1.4,8.2,-83.0,LD,544.4,576.7,-6.0,N,2026-08-26 06:51:02.242509
2026-08-25,2026-06-01,2026-08-25,district,EAST UTTAR PRADESH,UTTAR PRADESH,BARABANKI,2.3,8.6,-74.0,LD,585.8,596.4,-2.0,N,2026-08-26 06:51:02.242509
2026-08-25,2026-06-01,2026-08-25,district,EAST UTTAR PRADESH,UTTAR PRADESH,BASTI,60.6,9.4,544.0,LE,453.2,622.9,-27.0,D,2026-08-26 06:51:02.242509
2026-08-25,2026-06-01,2026-08-25,district,EAST UTTAR PRADESH,UTTAR PRADESH,BHADOHI,19.2,2.9,562.0,LE,201.9,584.8,-65.0,LD,2026-08-26 06:51:02.242509
2026-08-25,2026-06-01,2026-08-25,district,EAST UTTAR PRADESH,UTTAR PRADESH,CHANDAULI,59.0,3.3,1688.0,LE,344.0,531.9,-35.0,D,2026-08-26 06:51:02.242509
2026-08-25,2026-06-01,2026-08-25,district,EAST UTTAR PRADESH,UTTAR PRADESH,CHITRAKOOT,9.5,6.3,51.0,E,840.1,589.2,43.0,E,2026-08-26 06:51:02.242509
2026-08-25,2026-06-01,2026-08-25,district,EAST UTTAR PRADESH,UTTAR PRADESH,DEORIA,0.5,11.2,-96.0,LD,160.0,590.5,-73.0,LD,2026-08-26 06:51:02.242509
2026-08-25,2026-06-01,2026-08-25,district,EAST UTTAR PRADESH,UTTAR PRADESH,FARRUKHABAD,27.3,7.8,250.0,LE,423.2,537.5,-21.0,D,2026-08-26 06:51:02.242509
2026-08-25,2026-06-01,2026-08-25,district,EAST UTTAR PRADESH,UTTAR PRADESH,FATEHPUR,4.8,9.4,-49.0,D,306.3,521.6,-41.0,D,2026-08-26 06:51:02.242509
2026-08-25,2026-06-01,2026-08-25,district,EAST UTTAR PRADESH,UTTAR PRADESH,GHAZIPUR,39.7,6.9,475.0,LE,369.0,568.8,-35.0,D,2026-08-26 06:51:02.242509
2026-08-25,2026-06-01,2026-08-25,district,EAST UTTAR PRADESH,UTTAR PRADESH,GONDA,16.6,8.0,108.0,LE,538.8,649.7,-17.0,N,2026-08-26 06:51:02.242509
2026-08-25,2026-06-01,2026-08-25,district,EAST UTTAR PRADESH,UTTAR PRADESH,GORAKHPUR,2.2,16.3,-87.0,LD,630.1,930.1,-32.0,D,2026-08-26 06:51:02.242509
2026-08-25,2026-06-01,2026-08-25,district,EAST UTTAR PRADESH,UTTAR PRADESH,HARDOI,2.7,6.1,-56.0,D,384.5,489.2,-21.0,D,2026-08-26 06:51:02.242509
2026-08-25,2026-06-01,2026-08-25,district,EAST UTTAR PRADESH,UTTAR PRADESH,JAUNPUR,24.4,8.0,205.0,LE,196.4,515.6,-62.0,LD,2026-08-26 06:51:02.242509
2026-08-25,2026-06-01,2026-08-25,district,EAST UTTAR PRADESH,UTTAR PRADESH,KANNAUJ,14.8,10.5,41.0,E,601.5,484.0,24.0,E,2026-08-26 06:51:02.242509
2026-08-25,2026-06-01,2026-08-25,district,EAST UTTAR PRADESH,UTTAR PRADESH,KANPUR CITY,1.6,7.4,-79.0,LD,553.9,469.2,18.0,N,2026-08-26 06:51:02.242509
2026-08-25,2026-06-01,2026-08-25,district,EAST UTTAR PRADESH,UTTAR PRADESH,KANPUR DEHAT,1.4,6.1,-77.0,LD,131.3,427.2,-69.0,LD,2026-08-26 06:51:02.242509
2026-08-25,2026-06-01,2026-08-25,district,EAST UTTAR PRADESH,UTTAR PRADESH,KAUSHAMBI,5.8,7.5,-22.0,D,204.9,415.9,-51.0,D,2026-08-26 06:51:02.242509
2026-08-25,2026-06-01,2026-08-25,district,EAST UTTAR PRADESH,UTTAR PRADESH,KHERI,0.5,6.3,-92.0,LD,670.6,686.7,-2.0,N,2026-08-26 06:51:02.242509
2026-08-25,2026-06-01,2026-08-25,district,EAST UTTAR PRADESH,UTTAR PRADESH,KUSHI NAGAR,0.0,11.4,-100.0,NR,200.1,560.2,-64.0,LD,2026-08-26 06:51:02.242509
2026-08-25,2026-06-01,2026-08-25,district,EAST UTTAR PRADESH,UTTAR PRADESH,LUCKNOW,6.5,7.8,-17.0,N,456.6,485.9,-6.0,N,2026-08-26 06:51:02.242509
2026-08-25,2026-06-01,2026-08-25,district,EAST UTTAR PRADESH,UTTAR PRADESH,MAHARAJGANJ,0.0,9.5,-100.0,NR,586.9,754.2,-22.0,D,2026-08-26 06:51:02.242509
2026-08-25,2026-06-01,2026-08-25,district,EAST UTTAR PRADESH,UTTAR PRADESH,MAU,19.0,10.0,90.0,LE,212.5,590.4,-64.0,LD,2026-08-26 06:51:02.242509
2026-08-25,2026-06-01,2026-08-25,district,EAST UTTAR PRADESH,UTTAR PRADESH,MIRZAPUR,34.3,5.4,536.0,LE,694.3,641.5,8.0,N,2026-08-26 06:51:02.242509
2026-08-25,2026-06-01,2026-08-25,district,EAST UTTAR PRADESH,UTTAR PRADESH,PRATAPGARH,40.0,13.3,201.0,LE,589.8,562.3,5.0,N,2026-08-26 06:51:02.242509
2026-08-25,2026-06-01,2026-08-25,district,EAST UTTAR PRADESH,UTTAR PRADESH,PRAYAGRAJ,17.0,8.2,107.0,LE,687.1,528.9,30.0,E,2026-08-26 06:51:02.242509
2026-08-25,2026-06-01,2026-08-25,district,EAST UTTAR PRADESH,UTTAR PRADESH,RAE BAREILLY,11.7,4.3,173.0,LE,216.9,315.5,-31.0,D,2026-08-26 06:51:02.242509
2026-08-25,2026-06-01,2026-08-25,district,EAST UTTAR PRADESH,UTTAR PRADESH,SANT KABIR NAGAR,19.7,8.9,121.0,LE,382.6,764.6,-50.0,D,2026-08-26 06:51:02.242509
2026-08-25,2026-06-01,2026-08-25,district,EAST UTTAR PRADESH,UTTAR PRADESH,SHRAWASTI,34.5,9.8,252.0,LE,527.7,831.1,-37.0,D,2026-08-26 06:51:02.242509
2026-08-25,2026-06-01,2026-08-25,district,EAST UTTAR PRADESH,UTTAR PRADESH,SIDDHARTH NAGAR,6.1,12.3,-51.0,D,513.5,793.0,-35.0,D,2026-08-26 06:51:02.242509
2026-08-25,2026-06-01,2026-08-25,district,EAST UTTAR PRADESH,UTTAR PRADESH,SITAPUR,3.0,6.7,-55.0,D,336.2,607.7,-45.0,D,2026-08-26 06:51:02.242509
2026-08-25,2026-06-01,2026-08-25,district,EAST UTTAR PRADESH,UTTAR PRADESH,SONBHADRA,69.5,5.9,1077.0,LE,609.3,639.3,-5.0,N,2026-08-26 06:51:02.242509
2026-08-25,2026-06-01,2026-08-25,district,EAST UTTAR PRADESH,UTTAR PRADESH,SULTANPUR,77.1,8.4,817.0,LE,550.8,598.6,-8.0,N,2026-08-26 06:51:02.242509
2026-08-25,2026-06-01,2026-08-25,district,EAST UTTAR PRADESH,UTTAR PRADESH,UNNAO,3.8,6.5,-41.0,D,297.7,468.4,-36.0,D,2026-08-26 06:51:02.242509
2026-08-25,2026-06-01,2026-08-25,district,EAST UTTAR PRADESH,UTTAR PRADESH,VARANASI,123.9,5.8,2036.0,LE,555.6,573.5,-3.0,N,2026-08-26 06:51:02.242509
2026-08-25,2026-06-01,2026-08-25,district,GANGETIC WEST BENGAL,WEST BENGAL,BANKURA,15.3,6.7,129.0,LE,874.9,854.7,2.0,N,2026-08-26 06:51:02.242509
2026-08-25,2026-06-01,2026-08-25,district,GANGETIC WEST BENGAL,WEST BENGAL,BIRBHUM,14.2,7.7,85.0,LE,643.8,821.1,-22.0,D,2026-08-26 06:51:02.242509
2026-08-25,2026-06-01,2026-08-25,district,GANGETIC WEST BENGAL,WEST BENGAL,EAST MIDNAPORE,11.9,6.3,88.0,LE,1442.6,900.2,60.0,LE,2026-08-26 06:51:02.242509
2026-08-25,2026-06-01,2026-08-25,district,GANGETIC WEST BENGAL,WEST BENGAL,HOOGHLY,7.7,5.5,40.0,E,811.0,772.3,5.0,N,2026-08-26 06:51:02.242509
2026-08-25,2026-06-01,2026-08-25,district,GANGETIC WEST BENGAL,WEST BENGAL,HOWRAH,7.6,4.0,90.0,LE,929.6,841.0,11.0,N,2026-08-26 06:51:02.242509
2026-08-25,2026-06-01,2026-08-25,district,GANGETIC WEST BENGAL,WEST BENGAL,JHARGRAM,9.7,6.7,45.0,E,831.0,854.2,-3.0,N,2026-08-26 06:51:02.242509
2026-08-25,2026-06-01,2026-08-25,district,GANGETIC WEST BENGAL,WEST BENGAL,KOLKATA,4.2,8.5,-51.0,D,1086.6,968.2,12.0,N,2026-08-26 06:51:02.242509
2026-08-25,2026-06-01,2026-08-25,district,GANGETIC WEST BENGAL,WEST BENGAL,MURSHIDABAD,11.6,6.5,78.0,LE,554.8,718.8,-23.0,D,2026-08-26 06:51:02.242509
2026-08-25,2026-06-01,2026-08-25,district,GANGETIC WEST BENGAL,WEST BENGAL,NADIA,5.1,3.9,30.0,E,544.6,689.3,-21.0,D,2026-08-26 06:51:02.242509
2026-08-25,2026-06-01,2026-08-25,district,GANGETIC WEST BENGAL,WEST BENGAL,NORTH 24 PARGANAS,14.4,6.7,115.0,LE,1065.5,849.0,26.0,E,2026-08-26 06:51:02.242509
2026-08-25,2026-06-01,2026-08-25,district,GANGETIC WEST BENGAL,WEST BENGAL,PASCHIM BARDHAMAN,21.1,6.3,235.0,LE,808.8,803.1,1.0,N,2026-08-26 06:51:02.242509
2026-08-25,2026-06-01,2026-08-25,district,GANGETIC WEST BENGAL,WEST BENGAL,PURBA BARDHAMAN,10.1,4.9,106.0,LE,707.8,761.7,-7.0,N,2026-08-26 06:51:02.242509
2026-08-25,2026-06-01,2026-08-25,district,GANGETIC WEST BENGAL,WEST BENGAL,PURULIA,24.8,9.7,155.0,LE,645.7,809.5,-20.0,D,2026-08-26 06:51:02.242509
2026-08-25,2026-06-01,2026-08-25,district,GANGETIC WEST BENGAL,WEST BENGAL,SOUTH 24 PARGANAS,15.3,8.4,82.0,LE,1261.3,1062.6,19.0,N,2026-08-26 06:51:02.242509
2026-08-25,2026-06-01,2026-08-25,district,GANGETIC WEST BENGAL,WEST BENGAL,WEST MIDNAPORE,3.7,6.7,-44.0,D,1229.0,854.2,44.0,E,2026-08-26 06:51:02.242509
2026-08-25,2026-06-01,2026-08-25,district,GUJARAT REGION,DADRA & NAGAR HAVELI AND DAMAN & DIU (UT),DADARA & NAGAR HAVELI,12.5,20.4,-39.0,D,2893.7,1823.5,59.0,E,2026-08-26 06:51:02.242509
2026-08-25,2026-06-01,2026-08-25,district,GUJARAT REGION,DADRA & NAGAR HAVELI AND DAMAN & DIU (UT),DAMAN,0.2,20.4,-99.0,LD,2653.2,1823.5,45.0,E,2026-08-26 06:51:02.242509
2026-08-25,2026-06-01,2026-08-25,district,GUJARAT REGION,GUJARAT,AHMEDABAD,0.0,7.0,-100.0,NR,539.6,519.6,4.0,N,2026-08-26 06:51:02.242509
2026-08-25,2026-06-01,2026-08-25,district,GUJARAT REGION,GUJARAT,ANAND,0.1,7.2,-98.0,LD,759.8,651.3,17.0,N,2026-08-26 06:51:02.242509
2026-08-25,2026-06-01,2026-08-25,district,GUJARAT REGION,GUJARAT,ARAVALLI,0.0,5.9,-100.0,NR,386.9,653.0,-41.0,D,2026-08-26 06:51:02.242509
2026-08-25,2026-06-01,2026-08-25,district,GUJARAT REGION,GUJARAT,BANASKANTHA,0.0,5.1,-100.0,NR,379.3,472.1,-20.0,D,2026-08-26 06:51:02.242509
2026-08-25,2026-06-01,2026-08-25,district,GUJARAT REGION,GUJARAT,BHARUCH,0.0,4.7,-100.0,NR,747.1,562.9,33.0,E,2026-08-26 06:51:02.242509
2026-08-25,2026-06-01,2026-08-25,district,GUJARAT REGION,GUJARAT,CHHOTA UDEPUR,0.2,7.7,-98.0,LD,595.8,760.1,-22.0,D,2026-08-26 06:51:02.242509
2026-08-25,2026-06-01,2026-08-25,district,GUJARAT REGION,GUJARAT,DAHOD,1.0,7.4,-86.0,LD,369.3,607.2,-39.0,D,2026-08-26 06:51:02.242509
2026-08-25,2026-06-01,2026-08-25,district,GUJARAT REGION,GUJARAT,DANGS,0.9,22.8,-96.0,LD,2306.9,1767.9,30.0,E,2026-08-26 06:51:02.242509
2026-08-25,2026-06-01,2026-08-25,district,GUJARAT REGION,GUJARAT,GANDHINAGAR,0.0,8.8,-100.0,NR,469.3,595.9,-21.0,D,2026-08-26 06:51:02.242509
2026-08-25,2026-06-01,2026-08-25,district,GUJARAT REGION,GUJARAT,KHEDA,0.0,7.5,-100.0,NR,866.9,636.4,36.0,E,2026-08-26 06:51:02.242509
2026-08-25,2026-06-01,2026-08-25,district,GUJARAT REGION,GUJARAT,MAHISAGAR,0.0,8.1,-100.0,NR,682.2,631.0,8.0,N,2026-08-26 06:51:02.242509
2026-08-25,2026-06-01,2026-08-25,district,GUJARAT REGION,GUJARAT,MEHSANA,0.0,2.9,-100.0,NR,448.4,544.8,-18.0,N,2026-08-26 06:51:02.242509
2026-08-25,2026-06-01,2026-08-25,district,GUJARAT REGION,GUJARAT,NARMADA,0.0,9.7,-100.0,NR,866.4,814.8,6.0,N,2026-08-26 06:51:02.242509
2026-08-25,2026-06-01,2026-08-25,district,GUJARAT REGION,GUJARAT,NAVSARI,0.2,12.8,-98.0,LD,2246.7,1459.6,54.0,E,2026-08-26 06:51:02.242509
2026-08-25,2026-06-01,2026-08-25,district,GUJARAT REGION,GUJARAT,PANCHMAHAL,0.0,9.3,-100.0,NR,698.3,722.5,-3.0,N,2026-08-26 06:51:02.242509
2026-08-25,2026-06-01,2026-08-25,district,GUJARAT REGION,GUJARAT,PATAN,0.0,8.3,-100.0,NR,406.7,442.6,-8.0,N,2026-08-26 06:51:02.242509
2026-08-25,2026-06-01,2026-08-25,district,GUJARAT REGION,GUJARAT,SABARKANTHA,0.0,6.4,-100.0,NR,410.2,652.7,-37.0,D,2026-08-26 06:51:02.242509
2026-08-25,2026-06-01,2026-08-25,district,GUJARAT REGION,GUJARAT,SURAT,0.2,10.5,-98.0,LD,1460.2,1022.4,43.0,E,2026-08-26 06:51:02.242509
2026-08-25,2026-06-01,2026-08-25,district,GUJARAT REGION,GUJARAT,TAPI,2.1,13.1,-84.0,LD,1299.2,1109.8,17.0,N,2026-08-26 06:51:02.242509
2026-08-25,2026-06-01,2026-08-25,district,GUJARAT REGION,GUJARAT,VADODARA,0.0,6.9,-100.0,NR,528.8,692.9,-24.0,D,2026-08-26 06:51:02.242509
2026-08-25,2026-06-01,2026-08-25,district,GUJARAT REGION,GUJARAT,VALSAD,4.8,15.4,-69.0,LD,2685.8,1655.7,62.0,LE,2026-08-26 06:51:02.242509
2026-08-25,2026-06-01,2026-08-25,district,HAR. CHD & DELHI,CHANDIGARH (UT),CHANDIGARH,0.0,1.9,-100.0,NR,555.4,667.0,-17.0,N,2026-08-26 06:51:02.242509
2026-08-25,2026-06-01,2026-08-25,district,HAR. CHD & DELHI,DELHI,CENTRAL DELHI,102.2,2.4,4158.0,LE,677.9,503.2,35.0,E,2026-08-26 06:51:02.242509
2026-08-25,2026-06-01,2026-08-25,district,HAR. CHD & DELHI,DELHI,EAST DELHI,28.4,2.4,1083.0,LE,522.1,503.2,4.0,N,2026-08-26 06:51:02.242509
2026-08-25,2026-06-01,2026-08-25,district,HAR. CHD & DELHI,DELHI,NEW DELHI,49.5,2.5,1878.0,LE,477.2,477.4,0.0,N,2026-08-26 06:51:02.242509
2026-08-25,2026-06-01,2026-08-25,district,HAR. CHD & DELHI,DELHI,NORTH EAST DELHI,55.0,2.4,2192.0,LE,491.6,503.2,-2.0,N,2026-08-26 06:51:02.242509
2026-08-25,2026-06-01,2026-08-25,district,HAR. CHD & DELHI,DELHI,NORTH WEST DELHI,23.5,2.3,922.0,LE,362.8,303.4,20.0,E,2026-08-26 06:51:02.242509
2026-08-25,2026-06-01,2026-08-25,district,HAR. CHD & DELHI,DELHI,SOUTH DELHI,61.8,2.4,2475.0,LE,513.9,503.2,2.0,N,2026-08-26 06:51:02.242509
2026-08-25,2026-06-01,2026-08-25,district,HAR. CHD & DELHI,DELHI,SOUTH EAST DELHI,98.7,2.4,4012.0,LE,616.2,503.2,22.0,E,2026-08-26 06:51:02.242509
2026-08-25,2026-06-01,2026-08-25,district,HAR. CHD & DELHI,DELHI,SOUTH WEST DELHI,21.2,4.2,404.0,LE,380.7,416.3,-9.0,N,2026-08-26 06:51:02.242509
2026-08-25,2026-06-01,2026-08-25,district,HAR. CHD & DELHI,DELHI,WEST DELHI,69.0,4.3,1505.0,LE,587.3,455.9,29.0,E,2026-08-26 06:51:02.242509
2026-08-25,2026-06-01,2026-08-25,district,HAR. CHD & DELHI,HARYANA,AMBALA,0.0,4.1,-100.0,NR,327.2,636.5,-49.0,D,2026-08-26 06:51:02.242509
2026-08-25,2026-06-01,2026-08-25,district,HAR. CHD & DELHI,HARYANA,BHIWANI,0.0,2.3,-100.0,NR,260.5,231.0,13.0,N,2026-08-26 06:51:02.242509
2026-08-25,2026-06-01,2026-08-25,district,HAR. CHD & DELHI,HARYANA,CHARKHI DADRI,0.0,1.5,-100.0,NR,325.3,315.1,3.0,N,2026-08-26 06:51:02.242509
2026-08-25,2026-06-01,2026-08-25,district,HAR. CHD & DELHI,HARYANA,FARIDABAD,37.9,4.7,705.0,LE,486.2,412.5,18.0,N,2026-08-26 06:51:02.242509
2026-08-25,2026-06-01,2026-08-25,district,HAR. CHD & DELHI,HARYANA,FATEHABAD,0.0,1.2,-100.0,NR,206.2,199.7,3.0,N,2026-08-26 06:51:02.242509
2026-08-25,2026-06-01,2026-08-25,district,HAR. CHD & DELHI,HARYANA,GURGAON,29.8,5.4,451.0,LE,393.5,379.2,4.0,N,2026-08-26 06:51:02.242509
2026-08-25,2026-06-01,2026-08-25,district,HAR. CHD & DELHI,HARYANA,HISAR,0.0,4.4,-100.0,NR,197.9,232.0,-15.0,N,2026-08-26 06:51:02.242509
2026-08-25,2026-06-01,2026-08-25,district,HAR. CHD & DELHI,HARYANA,JHAJJAR,2.0,2.4,-17.0,N,284.7,288.3,-1.0,N,2026-08-26 06:51:02.242509
2026-08-25,2026-06-01,2026-08-25,district,HAR. CHD & DELHI,HARYANA,JIND,0.0,3.1,-100.0,NR,133.9,292.6,-54.0,D,2026-08-26 06:51:02.242509
2026-08-25,2026-06-01,2026-08-25,district,HAR. CHD & DELHI,HARYANA,KAITHAL,0.0,2.2,-100.0,NR,150.0,278.2,-46.0,D,2026-08-26 06:51:02.242509
2026-08-25,2026-06-01,2026-08-25,district,HAR. CHD & DELHI,HARYANA,KARNAL,3.9,4.6,-14.0,N,248.5,394.7,-37.0,D,2026-08-26 06:51:02.242509
2026-08-25,2026-06-01,2026-08-25,district,HAR. CHD & DELHI,HARYANA,KURUKSHETRA,0.0,2.1,-100.0,NR,346.6,307.3,13.0,N,2026-08-26 06:51:02.242509
2026-08-25,2026-06-01,2026-08-25,district,HAR. CHD & DELHI,HARYANA,MAHENDRAGARH,0.0,2.6,-100.0,NR,286.0,318.7,-10.0,N,2026-08-26 06:51:02.242509
2026-08-25,2026-06-01,2026-08-25,district,HAR. CHD & DELHI,HARYANA,NUH,15.8,4.9,222.0,LE,378.1,357.3,6.0,N,2026-08-26 06:51:02.242509
2026-08-25,2026-06-01,2026-08-25,district,HAR. CHD & DELHI,HARYANA,PALWAL,54.1,3.3,1539.0,LE,394.8,302.7,30.0,E,2026-08-26 06:51:02.242509
2026-08-25,2026-06-01,2026-08-25,district,HAR. CHD & DELHI,HARYANA,PANCHKULA,2.7,7.6,-65.0,LD,383.0,666.3,-43.0,D,2026-08-26 06:51:02.242509
2026-08-25,2026-06-01,2026-08-25,district,HAR. CHD & DELHI,HARYANA,PANIPAT,5.2,3.8,36.0,E,278.7,335.9,-17.0,N,2026-08-26 06:51:02.242509
2026-08-25,2026-06-01,2026-08-25,district,HAR. CHD & DELHI,HARYANA,REWARI,2.9,4.0,-28.0,D,331.1,334.7,-1.0,N,2026-08-26 06:51:02.242509
2026-08-25,2026-06-01,2026-08-25,district,HAR. CHD & DELHI,HARYANA,ROHTAK,0.2,5.1,-97.0,LD,217.5,360.0,-40.0,D,2026-08-26 06:51:02.242509
2026-08-25,2026-06-01,2026-08-25,district,HAR. CHD & DELHI,HARYANA,SIRSA,0.0,1.2,-100.0,NR,86.0,168.1,-49.0,D,2026-08-26 06:51:02.242509
2026-08-25,2026-06-01,2026-08-25,district,HAR. CHD & DELHI,HARYANA,SONEPAT,28.3,3.1,813.0,LE,283.1,354.9,-20.0,D,2026-08-26 06:51:02.242509
2026-08-25,2026-06-01,2026-08-25,district,HAR. CHD & DELHI,HARYANA,YAMUNA NAGAR,11.3,7.1,60.0,LE,663.0,709.6,-7.0,N,2026-08-26 06:51:02.242509
2026-08-25,2026-06-01,2026-08-25,district,HIMACHAL PRADESH,HIMACHAL PRADESH,BILASPUR,0.0,7.3,-100.0,NR,646.8,637.9,1.0,N,2026-08-26 06:51:02.242509
2026-08-25,2026-06-01,2026-08-25,district,HIMACHAL PRADESH,HIMACHAL PRADESH,CHAMBA,0.0,6.4,-100.0,NR,635.1,682.2,-7.0,N,2026-08-26 06:51:02.242509
2026-08-25,2026-06-01,2026-08-25,district,HIMACHAL PRADESH,HIMACHAL PRADESH,HAMIRPUR,0.0,9.5,-100.0,NR,505.3,785.5,-36.0,D,2026-08-26 06:51:02.242509
2026-08-25,2026-06-01,2026-08-25,district,HIMACHAL PRADESH,HIMACHAL PRADESH,KANGRA,0.0,18.8,-100.0,NR,1229.6,1320.2,-7.0,N,2026-08-26 06:51:02.242509
2026-08-25,2026-06-01,2026-08-25,district,HIMACHAL PRADESH,HIMACHAL PRADESH,KINNAUR,0.1,1.4,-93.0,LD,198.3,173.2,14.0,N,2026-08-26 06:51:02.242509
2026-08-25,2026-06-01,2026-08-25,district,HIMACHAL PRADESH,HIMACHAL PRADESH,KULLU,0.0,5.2,-100.0,NR,473.5,427.5,11.0,N,2026-08-26 06:51:02.242509
2026-08-25,2026-06-01,2026-08-25,district,HIMACHAL PRADESH,HIMACHAL PRADESH,LAHAUL & SPITI,0.0,3.3,-100.0,NR,110.4,276.4,-60.0,LD,2026-08-26 06:51:02.242509
2026-08-25,2026-06-01,2026-08-25,district,HIMACHAL PRADESH,HIMACHAL PRADESH,MANDI,1.4,10.4,-87.0,LD,814.8,903.8,-10.0,N,2026-08-26 06:51:02.242509
2026-08-25,2026-06-01,2026-08-25,district,HIMACHAL PRADESH,HIMACHAL PRADESH,SHIMLA,0.1,3.6,-97.0,LD,629.4,489.6,29.0,E,2026-08-26 06:51:02.242509
2026-08-25,2026-06-01,2026-08-25,district,HIMACHAL PRADESH,HIMACHAL PRADESH,SIRMAUR,8.8,8.7,1.0,N,1031.3,944.1,9.0,N,2026-08-26 06:51:02.242509
2026-08-25,2026-06-01,2026-08-25,district,HIMACHAL PRADESH,HIMACHAL PRADESH,SOLAN,0.0,5.0,-100.0,NR,683.7,686.0,0.0,N,2026-08-26 06:51:02.242509
2026-08-25,2026-06-01,2026-08-25,district,HIMACHAL PRADESH,HIMACHAL PRADESH,UNA,0.0,9.2,-100.0,NR,635.6,751.8,-15.0,N,2026-08-26 06:51:02.242509
2026-08-25,2026-06-01,2026-08-25,district,J & K AND LADAKH,JAMMU & KASHMIR(UT),ANANTNAG,0.0,1.2,-100.0,NR,277.9,241.9,15.0,N,2026-08-26 06:51:02.242509
2026-08-25,2026-06-01,2026-08-25,district,J & K AND LADAKH,JAMMU & KASHMIR(UT),BADGAM,0.0,0.9,-100.0,NR,127.9,159.9,-20.0,D,2026-08-26 06:51:02.242509
2026-08-25,2026-06-01,2026-08-25,district,J & K AND LADAKH,JAMMU & KASHMIR(UT),BANDIPORA,0.0,0.3,-100.0,NR,192.2,167.5,15.0,N,2026-08-26 06:51:02.242509
2026-08-25,2026-06-01,2026-08-25,district,J & K AND LADAKH,JAMMU & KASHMIR(UT),BARAMULA,0.0,0.6,-100.0,NR,269.7,162.9,66.0,LE,2026-08-26 06:51:02.242509
2026-08-25,2026-06-01,2026-08-25,district,J & K AND LADAKH,JAMMU & KASHMIR(UT),DODA,0.0,2.8,-100.0,NR,349.2,325.3,7.0,N,2026-08-26 06:51:02.242509
2026-08-25,2026-06-01,2026-08-25,district,J & K AND LADAKH,JAMMU & KASHMIR(UT),GANDERBAL,0.0,0.8,-100.0,NR,302.8,197.6,53.0,E,2026-08-26 06:51:02.242509
2026-08-25,2026-06-01,2026-08-25,district,J & K AND LADAKH,JAMMU & KASHMIR(UT),JAMMU,0.0,10.5,-100.0,NR,693.9,772.5,-10.0,N,2026-08-26 06:51:02.242509
2026-08-25,2026-06-01,2026-08-25,district,J & K AND LADAKH,JAMMU & KASHMIR(UT),KATHUA,0.0,11.3,-100.0,NR,888.1,999.9,-11.0,N,2026-08-26 06:51:02.242509
2026-08-25,2026-06-01,2026-08-25,district,J & K AND LADAKH,JAMMU & KASHMIR(UT),KISTWAR,0.0,2.8,-100.0,NR,169.3,325.3,-48.0,D,2026-08-26 06:51:02.242509
2026-08-25,2026-06-01,2026-08-25,district,J & K AND LADAKH,JAMMU & KASHMIR(UT),KULGAM,0.0,1.1,-100.0,NR,260.4,242.6,7.0,N,2026-08-26 06:51:02.242509
2026-08-25,2026-06-01,2026-08-25,district,J & K AND LADAKH,JAMMU & KASHMIR(UT),KUPWARA,0.0,1.0,-100.0,NR,209.7,202.4,4.0,N,2026-08-26 06:51:02.242509
2026-08-25,2026-06-01,2026-08-25,district,J & K AND LADAKH,JAMMU & KASHMIR(UT),POONCH,3.0,4.0,-25.0,D,735.8,524.9,40.0,E,2026-08-26 06:51:02.242509
2026-08-25,2026-06-01,2026-08-25,district,J & K AND LADAKH,JAMMU & KASHMIR(UT),PULWAMA,0.0,1.6,-100.0,NR,234.1,147.4,59.0,E,2026-08-26 06:51:02.242509
2026-08-25,2026-06-01,2026-08-25,district,J & K AND LADAKH,JAMMU & KASHMIR(UT),RAJOURI,1.3,14.2,-91.0,LD,583.6,536.7,9.0,N,2026-08-26 06:51:02.242509
2026-08-25,2026-06-01,2026-08-25,district,J & K AND LADAKH,JAMMU & KASHMIR(UT),RAMBAN,0.0,2.0,-100.0,NR,442.6,307.6,44.0,E,2026-08-26 06:51:02.242509
2026-08-25,2026-06-01,2026-08-25,district,J & K AND LADAKH,JAMMU & KASHMIR(UT),REASI,1.0,20.8,-95.0,LD,1014.8,1275.2,-20.0,D,2026-08-26 06:51:02.242509
2026-08-25,2026-06-01,2026-08-25,district,J & K AND LADAKH,JAMMU & KASHMIR(UT),SAMBA,0.0,12.4,-100.0,NR,924.0,640.0,44.0,E,2026-08-26 06:51:02.242509
2026-08-25,2026-06-01,2026-08-25,district,J & K AND LADAKH,JAMMU & KASHMIR(UT),SHOPIAN,0.0,0.8,-100.0,NR,117.0,224.1,-48.0,D,2026-08-26 06:51:02.242509
2026-08-25,2026-06-01,2026-08-25,district,J & K AND LADAKH,JAMMU & KASHMIR(UT),SRINAGAR,0.0,1.5,-100.0,NR,226.3,184.3,23.0,E,2026-08-26 06:51:02.242509
2026-08-25,2026-06-01,2026-08-25,district,J & K AND LADAKH,JAMMU & KASHMIR(UT),UDHAMPUR,0.0,4.5,-100.0,NR,1256.2,779.8,61.0,LE,2026-08-26 06:51:02.242509
2026-08-25,2026-06-01,2026-08-25,district,J & K AND LADAKH,LADAKH (UT),KARGIL,0.0,0.0,-100.0,NR,21.6,6.4,203.0,LE,2026-08-26 06:51:02.242509
2026-08-25,2026-06-01,2026-08-25,district,J & K AND LADAKH,LADAKH (UT),LADAKH (LEH),0.0,0.0,-100.0,NR,57.8,18.9,202.0,LE,2026-08-26 06:51:02.242509
2026-08-25,2026-06-01,2026-08-25,district,JHARKHAND,JHARKHAND,BOKARO,7.8,5.2,49.0,E,520.1,669.6,-22.0,D,2026-08-26 06:51:02.242509
2026-08-25,2026-06-01,2026-08-25,district,JHARKHAND,JHARKHAND,CHATRA,7.8,8.0,-2.0,N,453.7,697.0,-35.0,D,2026-08-26 06:51:02.242509
2026-08-25,2026-06-01,2026-08-25,district,JHARKHAND,JHARKHAND,DEOGHAR,7.7,8.1,-5.0,N,350.9,709.7,-51.0,D,2026-08-26 06:51:02.242509
2026-08-25,2026-06-01,2026-08-25,district,JHARKHAND,JHARKHAND,DHANBAD,15.3,8.3,84.0,LE,689.6,769.4,-10.0,N,2026-08-26 06:51:02.242509
2026-08-25,2026-06-01,2026-08-25,district,JHARKHAND,JHARKHAND,DUMKA,13.0,9.2,41.0,E,667.2,750.1,-11.0,N,2026-08-26 06:51:02.242509
2026-08-25,2026-06-01,2026-08-25,district,JHARKHAND,JHARKHAND,EAST SINGHBHUM,3.9,6.5,-40.0,D,744.3,803.4,-7.0,N,2026-08-26 06:51:02.242509
2026-08-25,2026-06-01,2026-08-25,district,JHARKHAND,JHARKHAND,GARHWA,80.5,4.2,1817.0,LE,454.7,678.7,-33.0,D,2026-08-26 06:51:02.242509
2026-08-25,2026-06-01,2026-08-25,district,JHARKHAND,JHARKHAND,GIRIDIH,13.4,7.2,85.0,LE,417.5,707.4,-41.0,D,2026-08-26 06:51:02.242509
2026-08-25,2026-06-01,2026-08-25,district,JHARKHAND,JHARKHAND,GODDA,7.5,5.9,27.0,E,442.6,652.3,-32.0,D,2026-08-26 06:51:02.242509
2026-08-25,2026-06-01,2026-08-25,district,JHARKHAND,JHARKHAND,GUMLA,5.0,6.6,-24.0,D,583.9,786.1,-26.0,D,2026-08-26 06:51:02.242509
2026-08-25,2026-06-01,2026-08-25,district,JHARKHAND,JHARKHAND,HAZARIBAG,6.8,7.4,-8.0,N,537.9,770.4,-30.0,D,2026-08-26 06:51:02.242509
2026-08-25,2026-06-01,2026-08-25,district,JHARKHAND,JHARKHAND,JAMTARA,38.2,7.6,402.0,LE,629.8,786.2,-20.0,D,2026-08-26 06:51:02.242509
2026-08-25,2026-06-01,2026-08-25,district,JHARKHAND,JHARKHAND,KHUNTI,8.8,9.5,-8.0,N,837.7,815.8,3.0,N,2026-08-26 06:51:02.242509
2026-08-25,2026-06-01,2026-08-25,district,JHARKHAND,JHARKHAND,KODERMA,11.2,6.9,62.0,LE,345.6,641.5,-46.0,D,2026-08-26 06:51:02.242509
2026-08-25,2026-06-01,2026-08-25,district,JHARKHAND,JHARKHAND,LATEHAR,38.5,5.2,641.0,LE,828.9,761.8,9.0,N,2026-08-26 06:51:02.242509
2026-08-25,2026-06-01,2026-08-25,district,JHARKHAND,JHARKHAND,LOHARDAGA,6.5,5.0,30.0,E,702.8,738.3,-5.0,N,2026-08-26 06:51:02.242509
2026-08-25,2026-06-01,2026-08-25,district,JHARKHAND,JHARKHAND,PAKUR,19.9,9.4,111.0,LE,357.6,848.6,-58.0,D,2026-08-26 06:51:02.242509
2026-08-25,2026-06-01,2026-08-25,district,JHARKHAND,JHARKHAND,PALAMU,22.8,7.0,225.0,LE,461.5,618.6,-25.0,D,2026-08-26 06:51:02.242509
2026-08-25,2026-06-01,2026-08-25,district,JHARKHAND,JHARKHAND,RAMGARH,12.3,7.6,62.0,LE,661.6,755.7,-12.0,N,2026-08-26 06:51:02.242509
2026-08-25,2026-06-01,2026-08-25,district,JHARKHAND,JHARKHAND,RANCHI,15.1,6.1,147.0,LE,732.1,767.6,-5.0,N,2026-08-26 06:51:02.242509
2026-08-25,2026-06-01,2026-08-25,district,JHARKHAND,JHARKHAND,SERAIKELA-KHARSAWAN,13.3,5.7,133.0,LE,813.2,745.8,9.0,N,2026-08-26 06:51:02.242509
2026-08-25,2026-06-01,2026-08-25,district,JHARKHAND,JHARKHAND,SIMDEGA,13.0,7.6,71.0,LE,1016.9,970.8,5.0,N,2026-08-26 06:51:02.242509
2026-08-25,2026-06-01,2026-08-25,district,JHARKHAND,JHARKHAND,WEST SINGHBHUM,11.9,6.6,81.0,LE,1020.5,756.3,35.0,E,2026-08-26 06:51:02.242509
2026-08-25,2026-06-01,2026-08-25,district,KERALA & MAHE,KERALA,ALAPUZHA,17.9,11.6,55.0,E,990.3,1317.7,-25.0,D,2026-08-26 06:51:02.242509
2026-08-25,2026-06-01,2026-08-25,district,KERALA & MAHE,KERALA,ERNAKULAM,63.3,9.1,596.0,LE,1402.2,1729.6,-19.0,N,2026-08-26 06:51:02.242509
2026-08-25,2026-06-01,2026-08-25,district,KERALA & MAHE,KERALA,IDUKKI,39.8,16.2,146.0,LE,1189.5,2108.7,-44.0,D,2026-08-26 06:51:02.242509
2026-08-25,2026-06-01,2026-08-25,district,KERALA & MAHE,KERALA,KANNUR,55.1,11.6,375.0,LE,2140.5,2267.7,-6.0,N,2026-08-26 06:51:02.242509
2026-08-25,2026-06-01,2026-08-25,district,KERALA & MAHE,KERALA,KASARGOD,64.6,15.0,331.0,LE,2166.6,2482.2,-13.0,N,2026-08-26 06:51:02.242509
2026-08-25,2026-06-01,2026-08-25,district,KERALA & MAHE,KERALA,KOLLAM,10.4,9.2,13.0,N,703.9,983.8,-28.0,D,2026-08-26 06:51:02.242509
2026-08-25,2026-06-01,2026-08-25,district,KERALA & MAHE,KERALA,KOTTAYAM,41.7,10.0,317.0,LE,1470.1,1548.8,-5.0,N,2026-08-26 06:51:02.242509
2026-08-25,2026-06-01,2026-08-25,district,KERALA & MAHE,KERALA,KOZHIKODE,59.6,9.4,534.0,LE,1969.9,2197.7,-10.0,N,2026-08-26 06:51:02.242509
2026-08-25,2026-06-01,2026-08-25,district,KERALA & MAHE,KERALA,MALAPPURAM,58.5,7.6,670.0,LE,1345.9,1646.2,-18.0,N,2026-08-26 06:51:02.242509
2026-08-25,2026-06-01,2026-08-25,district,KERALA & MAHE,KERALA,PALAKKAD,50.8,7.2,606.0,LE,1017.7,1302.1,-22.0,D,2026-08-26 06:51:02.242509
2026-08-25,2026-06-01,2026-08-25,district,KERALA & MAHE,KERALA,PATHANAMTHITTA,31.5,11.8,167.0,LE,1266.6,1262.0,0.0,N,2026-08-26 06:51:02.242509
2026-08-25,2026-06-01,2026-08-25,district,KERALA & MAHE,KERALA,THIRUVANANTHAPURAM,6.5,4.0,62.0,LE,637.2,636.5,0.0,N,2026-08-26 06:51:02.242509
2026-08-25,2026-06-01,2026-08-25,district,KERALA & MAHE,KERALA,THRISSUR,55.7,9.3,499.0,LE,1360.0,1776.6,-23.0,D,2026-08-26 06:51:02.242509
2026-08-25,2026-06-01,2026-08-25,district,KERALA & MAHE,KERALA,WYNAD,22.8,11.5,99.0,LE,1067.9,2126.2,-50.0,D,2026-08-26 06:51:02.242509
2026-08-25,2026-06-01,2026-08-25,district,KERALA & MAHE,PUDUCHERRY (UT),MAHE,37.2,9.0,313.0,LE,1656.6,2061.0,-20.0,D,2026-08-26 06:51:02.242509
2026-08-25,2026-06-01,2026-08-25,district,KONKAN & GOA,GOA,NORTH GOA,9.8,19.5,-50.0,D,1628.8,2643.5,-38.0,D,2026-08-26 06:51:02.242509
2026-08-25,2026-06-01,2026-08-25,district,KONKAN & GOA,GOA,SOUTH GOA,5.2,17.7,-71.0,LD,1801.6,2525.4,-29.0,D,2026-08-26 06:51:02.242509
2026-08-25,2026-06-01,2026-08-25,district,KONKAN & GOA,MAHARASHTRA,MUMBAI CITY,0.2,13.7,-99.0,LD,1766.6,1661.8,6.0,N,2026-08-26 06:51:02.242509
2026-08-25,2026-06-01,2026-08-25,district,KONKAN & GOA,MAHARASHTRA,MUMBAI SUBURBAN,1.9,13.3,-86.0,LD,2216.1,1848.1,20.0,E,2026-08-26 06:51:02.242509
2026-08-25,2026-06-01,2026-08-25,district,KONKAN & GOA,MAHARASHTRA,PALGHAR,3.1,17.4,-82.0,LD,2445.8,1841.1,33.0,E,2026-08-26 06:51:02.242509
2026-08-25,2026-06-01,2026-08-25,district,KONKAN & GOA,MAHARASHTRA,RAIGAD,8.8,19.6,-55.0,D,2697.6,2544.7,6.0,N,2026-08-26 06:51:02.242509
2026-08-25,2026-06-01,2026-08-25,district,KONKAN & GOA,MAHARASHTRA,RATNAGIRI,7.3,20.4,-64.0,LD,2344.3,2642.6,-11.0,N,2026-08-26 06:51:02.242509
2026-08-25,2026-06-01,2026-08-25,district,KONKAN & GOA,MAHARASHTRA,SINDHUDURG,10.8,19.6,-45.0,D,1673.5,2487.3,-33.0,D,2026-08-26 06:51:02.242509
2026-08-25,2026-06-01,2026-08-25,district,KONKAN & GOA,MAHARASHTRA,THANE,4.4,14.2,-69.0,LD,1972.0,1972.9,0.0,N,2026-08-26 06:51:02.242509
2026-08-25,2026-06-01,2026-08-25,district,LAKSHADWEEP,LAKSHADWEEP,LAKSHADWEEP,13.2,6.5,104.0,LE,602.6,809.5,-26.0,D,2026-08-26 06:51:02.242509
2026-08-25,2026-06-01,2026-08-25,district,MADHYA MAHARASHTRA,MAHARASHTRA,AHMEDNAGAR,0.0,6.7,-100.0,NR,212.9,283.7,-25.0,D,2026-08-26 06:51:02.242509
2026-08-25,2026-06-01,2026-08-25,district,MADHYA MAHARASHTRA,MAHARASHTRA,DHULE,0.0,6.8,-100.0,NR,384.1,400.1,-4.0,N,2026-08-26 06:51:02.242509
2026-08-25,2026-06-01,2026-08-25,district,MADHYA MAHARASHTRA,MAHARASHTRA,JALGAON,0.3,6.1,-95.0,LD,469.2,461.9,2.0,N,2026-08-26 06:51:02.242509
2026-08-25,2026-06-01,2026-08-25,district,MADHYA MAHARASHTRA,MAHARASHTRA,KOLHAPUR,6.6,10.1,-35.0,D,1366.7,1436.9,-5.0,N,2026-08-26 06:51:02.242509
2026-08-25,2026-06-01,2026-08-25,district,MADHYA MAHARASHTRA,MAHARASHTRA,NANDURBAR,0.3,9.4,-96.0,LD,418.5,647.1,-35.0,D,2026-08-26 06:51:02.242509
2026-08-25,2026-06-01,2026-08-25,district,MADHYA MAHARASHTRA,MAHARASHTRA,NASHIK,2.8,8.5,-68.0,LD,1085.8,673.2,61.0,LE,2026-08-26 06:51:02.242509
2026-08-25,2026-06-01,2026-08-25,district,MADHYA MAHARASHTRA,MAHARASHTRA,PUNE,3.1,7.4,-58.0,D,985.7,727.6,35.0,E,2026-08-26 06:51:02.242509
2026-08-25,2026-06-01,2026-08-25,district,MADHYA MAHARASHTRA,MAHARASHTRA,SANGLI,1.4,4.2,-66.0,LD,298.6,333.5,-10.0,N,2026-08-26 06:51:02.242509
2026-08-25,2026-06-01,2026-08-25,district,MADHYA MAHARASHTRA,MAHARASHTRA,SATARA,5.5,5.6,-2.0,N,888.4,658.1,35.0,E,2026-08-26 06:51:02.242509
2026-08-25,2026-06-01,2026-08-25,district,MADHYA MAHARASHTRA,MAHARASHTRA,SHOLAPUR,0.2,4.9,-96.0,LD,154.3,268.6,-43.0,D,2026-08-26 06:51:02.242509
2026-08-25,2026-06-01,2026-08-25,district,MARATHWADA,MAHARASHTRA,BEED,0.6,8.1,-92.0,LD,204.7,357.3,-43.0,D,2026-08-26 06:51:02.242509
2026-08-25,2026-06-01,2026-08-25,district,MARATHWADA,MAHARASHTRA,CHHATRAPATI SAMBHAJINAGAR,0.6,6.9,-92.0,LD,415.8,382.6,9.0,N,2026-08-26 06:51:02.242509
2026-08-25,2026-06-01,2026-08-25,district,MARATHWADA,MAHARASHTRA,DHARASHIV,0.1,7.1,-98.0,LD,265.3,369.3,-28.0,D,2026-08-26 06:51:02.242509
2026-08-25,2026-06-01,2026-08-25,district,MARATHWADA,MAHARASHTRA,HINGOLI,1.2,6.4,-82.0,LD,330.7,578.6,-43.0,D,2026-08-26 06:51:02.242509
2026-08-25,2026-06-01,2026-08-25,district,MARATHWADA,MAHARASHTRA,JALNA,0.8,8.9,-92.0,LD,273.4,417.2,-34.0,D,2026-08-26 06:51:02.242509
2026-08-25,2026-06-01,2026-08-25,district,MARATHWADA,MAHARASHTRA,LATUR,0.4,8.4,-96.0,LD,338.3,452.6,-25.0,D,2026-08-26 06:51:02.242509
2026-08-25,2026-06-01,2026-08-25,district,MARATHWADA,MAHARASHTRA,NANDED,3.4,7.4,-54.0,D,440.4,579.6,-24.0,D,2026-08-26 06:51:02.242509
2026-08-25,2026-06-01,2026-08-25,district,MARATHWADA,MAHARASHTRA,PARBHANI,5.7,13.2,-57.0,D,352.2,492.2,-28.0,D,2026-08-26 06:51:02.242509
2026-08-25,2026-06-01,2026-08-25,district,N. I. KARNATAKA,KARNATAKA,BAGALKOTE,3.9,3.0,31.0,E,204.4,205.9,-1.0,N,2026-08-26 06:51:02.242509
2026-08-25,2026-06-01,2026-08-25,district,N. I. KARNATAKA,KARNATAKA,BELAGAVI,2.3,2.5,-8.0,N,526.8,438.2,20.0,E,2026-08-26 06:51:02.242509
2026-08-25,2026-06-01,2026-08-25,district,N. I. KARNATAKA,KARNATAKA,BIDAR,1.6,7.3,-78.0,LD,390.4,440.7,-11.0,N,2026-08-26 06:51:02.242509
2026-08-25,2026-06-01,2026-08-25,district,N. I. KARNATAKA,KARNATAKA,DHARWAD,1.6,2.7,-40.0,D,230.2,384.2,-40.0,D,2026-08-26 06:51:02.242509
2026-08-25,2026-06-01,2026-08-25,district,N. I. KARNATAKA,KARNATAKA,GADAG,0.2,2.2,-92.0,LD,188.6,214.6,-12.0,N,2026-08-26 06:51:02.242509
2026-08-25,2026-06-01,2026-08-25,district,N. I. KARNATAKA,KARNATAKA,HAVERI,3.1,2.6,20.0,E,261.1,377.8,-31.0,D,2026-08-26 06:51:02.242509
2026-08-25,2026-06-01,2026-08-25,district,N. I. KARNATAKA,KARNATAKA,KALABURAGI,0.0,5.5,-100.0,NR,197.0,368.7,-47.0,D,2026-08-26 06:51:02.242509
2026-08-25,2026-06-01,2026-08-25,district,N. I. KARNATAKA,KARNATAKA,KOPPAL,1.1,3.7,-71.0,LD,163.3,218.0,-25.0,D,2026-08-26 06:51:02.242509
2026-08-25,2026-06-01,2026-08-25,district,N. I. KARNATAKA,KARNATAKA,RAICHUR,0.2,5.4,-95.0,LD,196.8,254.6,-23.0,D,2026-08-26 06:51:02.242509
2026-08-25,2026-06-01,2026-08-25,district,N. I. KARNATAKA,KARNATAKA,VIJAYAPURA,0.0,3.6,-100.0,NR,173.0,220.0,-21.0,D,2026-08-26 06:51:02.242509
2026-08-25,2026-06-01,2026-08-25,district,N. I. KARNATAKA,KARNATAKA,YADGIR,0.0,4.6,-100.0,NR,272.8,326.4,-16.0,N,2026-08-26 06:51:02.242509
2026-08-25,2026-06-01,2026-08-25,district,NMMT,MANIPUR,BISHNUPUR,2.6,11.8,-78.0,LD,362.5,869.3,-58.0,D,2026-08-26 06:51:02.242509
2026-08-25,2026-06-01,2026-08-25,district,NMMT,MANIPUR,CHANDEL,1.6,11.8,-86.0,LD,413.5,869.3,-52.0,D,2026-08-26 06:51:02.242509
2026-08-25,2026-06-01,2026-08-25,district,NMMT,MANIPUR,CHURACHANDPUR,0.0,11.8,-100.0,NR,192.0,869.3,-78.0,LD,2026-08-26 06:51:02.242509
2026-08-25,2026-06-01,2026-08-25,district,NMMT,MANIPUR,IMPHAL EAST,0.0,3.4,-100.0,NR,397.6,563.4,-29.0,D,2026-08-26 06:51:02.242509
2026-08-25,2026-06-01,2026-08-25,district,NMMT,MANIPUR,IMPHAL WEST,0.0,14.7,-100.0,NR,576.5,1295.1,-55.0,D,2026-08-26 06:51:02.242509
2026-08-25,2026-06-01,2026-08-25,district,NMMT,MANIPUR,SENAPATI,3.2,2.6,23.0,E,498.9,592.0,-16.0,N,2026-08-26 06:51:02.242509
2026-08-25,2026-06-01,2026-08-25,district,NMMT,MANIPUR,TAMENGLONG,7.1,62.0,-89.0,LD,1459.5,3177.6,-54.0,D,2026-08-26 06:51:02.242509
2026-08-25,2026-06-01,2026-08-25,district,NMMT,MANIPUR,THOUBAL,10.2,3.4,200.0,LE,266.1,563.4,-53.0,D,2026-08-26 06:51:02.242509
2026-08-25,2026-06-01,2026-08-25,district,NMMT,MANIPUR,UKHRUL,10.0,5.8,72.0,LE,753.2,826.2,-9.0,N,2026-08-26 06:51:02.242509
2026-08-25,2026-06-01,2026-08-25,district,NMMT,MIZORAM,AIZAWL,5.7,18.3,-69.0,LD,936.6,1171.1,-20.0,D,2026-08-26 06:51:02.242509
2026-08-25,2026-06-01,2026-08-25,district,NMMT,MIZORAM,CHAMPHAI,2.3,12.5,-82.0,LD,794.5,968.3,-18.0,N,2026-08-26 06:51:02.242509
2026-08-25,2026-06-01,2026-08-25,district,NMMT,MIZORAM,KOLASIB,9.9,14.5,-32.0,D,1115.2,1275.8,-13.0,N,2026-08-26 06:51:02.242509
2026-08-25,2026-06-01,2026-08-25,district,NMMT,MIZORAM,LAWNGTLAI,3.3,16.0,-80.0,LD,1142.1,1278.0,-11.0,N,2026-08-26 06:51:02.242509
2026-08-25,2026-06-01,2026-08-25,district,NMMT,MIZORAM,LUNGLEI,13.8,17.9,-23.0,D,1009.2,1290.4,-22.0,D,2026-08-26 06:51:02.242509
2026-08-25,2026-06-01,2026-08-25,district,NMMT,MIZORAM,MAMIT,1.0,17.3,-94.0,LD,642.2,1148.5,-44.0,D,2026-08-26 06:51:02.242509
2026-08-25,2026-06-01,2026-08-25,district,NMMT,MIZORAM,SAIHA,6.1,14.8,-59.0,D,936.6,1302.7,-28.0,D,2026-08-26 06:51:02.242509
2026-08-25,2026-06-01,2026-08-25,district,NMMT,MIZORAM,SERCHHIP,3.3,13.2,-75.0,LD,991.6,1126.1,-12.0,N,2026-08-26 06:51:02.242509
2026-08-25,2026-06-01,2026-08-25,district,NMMT,NAGALAND,DIMAPUR,0.3,1.6,-81.0,LD,563.7,613.7,-8.0,N,2026-08-26 06:51:02.242509
2026-08-25,2026-06-01,2026-08-25,district,NMMT,NAGALAND,KIPHIRE,1.8,4.1,-57.0,D,581.7,456.6,27.0,E,2026-08-26 06:51:02.242509
2026-08-25,2026-06-01,2026-08-25,district,NMMT,NAGALAND,KOHIMA,16.5,10.6,56.0,E,841.1,901.2,-7.0,N,2026-08-26 06:51:02.242509
2026-08-25,2026-06-01,2026-08-25,district,NMMT,NAGALAND,MOKOKCHUNG,0.9,16.8,-95.0,LD,1168.5,1064.2,10.0,N,2026-08-26 06:51:02.242509
2026-08-25,2026-06-01,2026-08-25,district,NMMT,NAGALAND,MON,5.7,4.7,21.0,E,611.9,844.3,-28.0,D,2026-08-26 06:51:02.242509
2026-08-25,2026-06-01,2026-08-25,district,NMMT,NAGALAND,PEREN,6.2,5.5,13.0,N,666.2,667.0,0.0,N,2026-08-26 06:51:02.242509
2026-08-25,2026-06-01,2026-08-25,district,NMMT,NAGALAND,PHEK,21.6,2.2,882.0,LE,577.6,632.0,-9.0,N,2026-08-26 06:51:02.242509
2026-08-25,2026-06-01,2026-08-25,district,NMMT,NAGALAND,WOKHA,2.4,9.8,-76.0,LD,977.5,930.6,5.0,N,2026-08-26 06:51:02.242509
2026-08-25,2026-06-01,2026-08-25,district,NMMT,NAGALAND,ZUNHEBOTO,12.2,8.8,39.0,E,1271.9,818.5,55.0,E,2026-08-26 06:51:02.242509
2026-08-25,2026-06-01,2026-08-25,district,NMMT,TRIPURA,DHALAI,0.4,9.0,-96.0,LD,925.8,1014.0,-9.0,N,2026-08-26 06:51:02.242509
2026-08-25,2026-06-01,2026-08-25,district,NMMT,TRIPURA,GOMATI,8.6,12.3,-30.0,D,849.9,1094.8,-22.0,D,2026-08-26 06:51:02.242509
2026-08-25,2026-06-01,2026-08-25,district,NMMT,TRIPURA,KHOWAI,7.7,11.1,-31.0,D,1017.7,1000.5,2.0,N,2026-08-26 06:51:02.242509
2026-08-25,2026-06-01,2026-08-25,district,NMMT,TRIPURA,NORTH TRIPURA,0.2,13.8,-99.0,LD,830.8,1051.8,-21.0,D,2026-08-26 06:51:02.242509
2026-08-25,2026-06-01,2026-08-25,district,NMMT,TRIPURA,SIPAHIJALA,7.3,8.7,-16.0,N,907.5,1026.5,-12.0,N,2026-08-26 06:51:02.242509
2026-08-25,2026-06-01,2026-08-25,district,NMMT,TRIPURA,SOUTH TRIPURA,14.3,10.6,35.0,E,906.5,1339.1,-32.0,D,2026-08-26 06:51:02.242509
2026-08-25,2026-06-01,2026-08-25,district,NMMT,TRIPURA,UNAKOTI,0.0,6.7,-100.0,NR,1040.2,1084.4,-4.0,N,2026-08-26 06:51:02.242509
2026-08-25,2026-06-01,2026-08-25,district,NMMT,TRIPURA,WEST TRIPURA,5.7,9.5,-40.0,D,1049.3,923.4,14.0,N,2026-08-26 06:51:02.242509
2026-08-25,2026-06-01,2026-08-25,district,ODISHA,ODISHA,ANGUL,12.2,6.0,103.0,LE,1148.8,831.8,38.0,E,2026-08-26 06:51:02.242509
2026-08-25,2026-06-01,2026-08-25,district,ODISHA,ODISHA,BALANGIR,23.1,6.4,261.0,LE,1147.3,812.6,41.0,E,2026-08-26 06:51:02.242509
2026-08-25,2026-06-01,2026-08-25,district,ODISHA,ODISHA,BALASORE,3.6,6.3,-43.0,D,1386.6,849.2,63.0,LE,2026-08-26 06:51:02.242509
2026-08-25,2026-06-01,2026-08-25,district,ODISHA,ODISHA,BARGARH,19.2,5.1,277.0,LE,1504.2,899.8,67.0,LE,2026-08-26 06:51:02.242509
2026-08-25,2026-06-01,2026-08-25,district,ODISHA,ODISHA,BHADRAK,7.1,7.3,-3.0,N,1081.8,772.7,40.0,E,2026-08-26 06:51:02.242509
2026-08-25,2026-06-01,2026-08-25,district,ODISHA,ODISHA,BOUDH,41.3,7.0,489.0,LE,1526.6,764.7,100.0,LE,2026-08-26 06:51:02.242509
2026-08-25,2026-06-01,2026-08-25,district,ODISHA,ODISHA,CUTTACK,6.6,6.7,-1.0,N,1207.1,830.5,45.0,E,2026-08-26 06:51:02.242509
2026-08-25,2026-06-01,2026-08-25,district,ODISHA,ODISHA,DEOGARH,78.1,6.5,1101.0,LE,1328.4,869.5,53.0,E,2026-08-26 06:51:02.242509
2026-08-25,2026-06-01,2026-08-25,district,ODISHA,ODISHA,DHENKANAL,2.6,6.1,-57.0,D,1300.5,811.9,60.0,LE,2026-08-26 06:51:02.242509
2026-08-25,2026-06-01,2026-08-25,district,ODISHA,ODISHA,GAJAPATI,3.5,6.5,-46.0,D,531.0,629.1,-16.0,N,2026-08-26 06:51:02.242509
2026-08-25,2026-06-01,2026-08-25,district,ODISHA,ODISHA,GANJAM,6.1,5.0,23.0,E,564.8,610.2,-7.0,N,2026-08-26 06:51:02.242509
2026-08-25,2026-06-01,2026-08-25,district,ODISHA,ODISHA,JAGATSINGHPUR,5.9,6.3,-7.0,N,1036.5,742.9,40.0,E,2026-08-26 06:51:02.242509
2026-08-25,2026-06-01,2026-08-25,district,ODISHA,ODISHA,JAJPUR,11.9,5.8,106.0,LE,1107.4,893.1,24.0,E,2026-08-26 06:51:02.242509
2026-08-25,2026-06-01,2026-08-25,district,ODISHA,ODISHA,JHARSUGUDA,22.4,9.0,149.0,LE,1057.1,898.3,18.0,N,2026-08-26 06:51:02.242509
2026-08-25,2026-06-01,2026-08-25,district,ODISHA,ODISHA,KALAHANDI,28.2,8.6,228.0,LE,925.3,1050.7,-12.0,N,2026-08-26 06:51:02.242509
2026-08-25,2026-06-01,2026-08-25,district,ODISHA,ODISHA,KANDHAMAL,18.7,5.2,260.0,LE,1071.7,814.8,32.0,E,2026-08-26 06:51:02.242509
2026-08-25,2026-06-01,2026-08-25,district,ODISHA,ODISHA,KENDRAPARA,3.8,8.4,-55.0,D,1235.3,788.6,57.0,E,2026-08-26 06:51:02.242509
2026-08-25,2026-06-01,2026-08-25,district,ODISHA,ODISHA,KEONJHARGARH,6.3,7.1,-11.0,N,1336.8,835.4,60.0,LE,2026-08-26 06:51:02.242509
2026-08-25,2026-06-01,2026-08-25,district,ODISHA,ODISHA,KHURDA,12.5,6.3,98.0,LE,992.6,775.0,28.0,E,2026-08-26 06:51:02.242509
2026-08-25,2026-06-01,2026-08-25,district,ODISHA,ODISHA,KORAPUT,13.2,7.9,67.0,LE,928.5,910.2,2.0,N,2026-08-26 06:51:02.242509
2026-08-25,2026-06-01,2026-08-25,district,ODISHA,ODISHA,MALKANGIRI,21.7,7.6,186.0,LE,844.8,957.4,-12.0,N,2026-08-26 06:51:02.242509
2026-08-25,2026-06-01,2026-08-25,district,ODISHA,ODISHA,MAYURBHANJ,7.6,7.3,5.0,N,1252.0,886.9,41.0,E,2026-08-26 06:51:02.242509
2026-08-25,2026-06-01,2026-08-25,district,ODISHA,ODISHA,NAWAPARA,12.6,6.1,107.0,LE,948.9,753.1,26.0,E,2026-08-26 06:51:02.242509
2026-08-25,2026-06-01,2026-08-25,district,ODISHA,ODISHA,NAWARANGPUR,4.9,11.5,-57.0,D,857.5,1013.7,-15.0,N,2026-08-26 06:51:02.242509
2026-08-25,2026-06-01,2026-08-25,district,ODISHA,ODISHA,NAYAGARH,6.7,7.6,-12.0,N,983.5,780.8,26.0,E,2026-08-26 06:51:02.242509
2026-08-25,2026-06-01,2026-08-25,district,ODISHA,ODISHA,PURI,10.0,5.7,76.0,LE,1021.3,715.3,43.0,E,2026-08-26 06:51:02.242509
2026-08-25,2026-06-01,2026-08-25,district,ODISHA,ODISHA,RAYAGADA,20.7,5.6,270.0,LE,714.7,717.0,0.0,N,2026-08-26 06:51:02.242509
2026-08-25,2026-06-01,2026-08-25,district,ODISHA,ODISHA,SAMBALPUR,29.1,8.9,226.0,LE,1412.1,962.2,47.0,E,2026-08-26 06:51:02.242509
2026-08-25,2026-06-01,2026-08-25,district,ODISHA,ODISHA,SONEPUR,35.4,7.5,372.0,LE,1545.7,895.0,73.0,LE,2026-08-26 06:51:02.242509
2026-08-25,2026-06-01,2026-08-25,district,ODISHA,ODISHA,SUNDARGARH,21.9,7.5,192.0,LE,1192.8,910.6,31.0,E,2026-08-26 06:51:02.242509
2026-08-25,2026-06-01,2026-08-25,district,PUNJAB,PUNJAB,AMRITSAR,0.1,4.3,-97.0,LD,345.6,361.7,-4.0,N,2026-08-26 06:51:02.242509
2026-08-25,2026-06-01,2026-08-25,district,PUNJAB,PUNJAB,BARNALA,0.0,3.4,-100.0,NR,120.3,280.5,-57.0,D,2026-08-26 06:51:02.242509
2026-08-25,2026-06-01,2026-08-25,district,PUNJAB,PUNJAB,BHATINDA,0.0,1.2,-100.0,NR,122.6,229.2,-47.0,D,2026-08-26 06:51:02.242509
2026-08-25,2026-06-01,2026-08-25,district,PUNJAB,PUNJAB,FARIDKOT,0.0,2.8,-100.0,NR,223.8,229.7,-3.0,N,2026-08-26 06:51:02.242509
2026-08-25,2026-06-01,2026-08-25,district,PUNJAB,PUNJAB,FATEHGARH SAHIB,0.0,2.7,-100.0,NR,131.0,375.6,-65.0,LD,2026-08-26 06:51:02.242509
2026-08-25,2026-06-01,2026-08-25,district,PUNJAB,PUNJAB,FAZILKA,0.0,1.3,-100.0,NR,106.6,198.8,-46.0,D,2026-08-26 06:51:02.242509
2026-08-25,2026-06-01,2026-08-25,district,PUNJAB,PUNJAB,FEROZEPUR,0.0,2.5,-100.0,NR,134.4,189.0,-29.0,D,2026-08-26 06:51:02.242509
2026-08-25,2026-06-01,2026-08-25,district,PUNJAB,PUNJAB,GURDASPUR,0.2,6.4,-97.0,LD,703.2,484.4,45.0,E,2026-08-26 06:51:02.242509
2026-08-25,2026-06-01,2026-08-25,district,PUNJAB,PUNJAB,HOSHIARPUR,0.0,4.2,-100.0,NR,228.9,482.6,-53.0,D,2026-08-26 06:51:02.242509
2026-08-25,2026-06-01,2026-08-25,district,PUNJAB,PUNJAB,JALANDHAR,0.0,4.0,-100.0,NR,229.9,405.2,-43.0,D,2026-08-26 06:51:02.242509
2026-08-25,2026-06-01,2026-08-25,district,PUNJAB,PUNJAB,KAPURTHALA,0.0,4.8,-100.0,NR,133.1,356.6,-63.0,LD,2026-08-26 06:51:02.242509
2026-08-25,2026-06-01,2026-08-25,district,PUNJAB,PUNJAB,LUDHIANA,0.1,2.7,-95.0,LD,215.6,352.3,-39.0,D,2026-08-26 06:51:02.242509
2026-08-25,2026-06-01,2026-08-25,district,PUNJAB,PUNJAB,MANSA,0.0,1.9,-100.0,NR,71.8,210.8,-66.0,LD,2026-08-26 06:51:02.242509
2026-08-25,2026-06-01,2026-08-25,district,PUNJAB,PUNJAB,MOGA,0.0,8.2,-100.0,NR,164.1,228.9,-28.0,D,2026-08-26 06:51:02.242509
2026-08-25,2026-06-01,2026-08-25,district,PUNJAB,PUNJAB,MUKTSAR,0.0,2.3,-100.0,NR,94.5,244.3,-61.0,LD,2026-08-26 06:51:02.242509
2026-08-25,2026-06-01,2026-08-25,district,PUNJAB,PUNJAB,PATHANKOT,0.0,10.5,-100.0,NR,989.4,782.2,26.0,E,2026-08-26 06:51:02.242509
2026-08-25,2026-06-01,2026-08-25,district,PUNJAB,PUNJAB,PATIALA,0.4,3.1,-88.0,LD,257.4,405.8,-37.0,D,2026-08-26 06:51:02.242509
2026-08-25,2026-06-01,2026-08-25,district,PUNJAB,PUNJAB,RUPNAGAR,0.1,3.3,-97.0,LD,433.6,631.1,-31.0,D,2026-08-26 06:51:02.242509
2026-08-25,2026-06-01,2026-08-25,district,PUNJAB,PUNJAB,SANGRUR,0.0,2.4,-100.0,NR,145.1,293.2,-51.0,D,2026-08-26 06:51:02.242509
2026-08-25,2026-06-01,2026-08-25,district,PUNJAB,PUNJAB,SAS NAGAR (MOHALI),0.0,1.7,-100.0,NR,213.9,481.2,-56.0,D,2026-08-26 06:51:02.242509
2026-08-25,2026-06-01,2026-08-25,district,PUNJAB,PUNJAB,SBS NAGAR,0.0,6.3,-100.0,NR,313.7,586.4,-46.0,D,2026-08-26 06:51:02.242509
2026-08-25,2026-06-01,2026-08-25,district,PUNJAB,PUNJAB,TARN TARAN,0.0,4.9,-100.0,NR,120.6,208.6,-42.0,D,2026-08-26 06:51:02.242509
2026-08-25,2026-06-01,2026-08-25,district,RAYALASEEMA,ANDHRA PRADESH,ANANTAPURAMU,10.2,3.2,218.0,LE,155.5,184.9,-16.0,N,2026-08-26 06:51:02.242509
2026-08-25,2026-06-01,2026-08-25,district,RAYALASEEMA,ANDHRA PRADESH,ANNAMAYYA DISTRICT,2.1,2.6,-20.0,D,81.3,241.8,-66.0,LD,2026-08-26 06:51:02.242509
2026-08-25,2026-06-01,2026-08-25,district,RAYALASEEMA,ANDHRA PRADESH,CHITTOOR,3.5,1.8,96.0,LE,123.7,275.4,-55.0,D,2026-08-26 06:51:02.242509
2026-08-25,2026-06-01,2026-08-25,district,RAYALASEEMA,ANDHRA PRADESH,KURNOOL,1.2,4.6,-73.0,LD,201.5,272.1,-26.0,D,2026-08-26 06:51:02.242509
2026-08-25,2026-06-01,2026-08-25,district,RAYALASEEMA,ANDHRA PRADESH,NANDYAL,1.2,5.0,-75.0,LD,202.3,328.3,-38.0,D,2026-08-26 06:51:02.242509
2026-08-25,2026-06-01,2026-08-25,district,RAYALASEEMA,ANDHRA PRADESH,SRI SATHYASAI DISTRICT,8.2,2.2,274.0,LE,107.1,181.9,-41.0,D,2026-08-26 06:51:02.242509
2026-08-25,2026-06-01,2026-08-25,district,RAYALASEEMA,ANDHRA PRADESH,TIRUPATI,8.9,3.5,155.0,LE,184.8,290.4,-36.0,D,2026-08-26 06:51:02.242509
2026-08-25,2026-06-01,2026-08-25,district,RAYALASEEMA,ANDHRA PRADESH,YSR DISTRICT,5.8,5.1,13.0,N,148.0,253.2,-42.0,D,2026-08-26 06:51:02.242509
2026-08-25,2026-06-01,2026-08-25,district,S. I. KARNATAKA,KARNATAKA,BALLARI,5.5,2.9,89.0,LE,126.9,209.0,-39.0,D,2026-08-26 06:51:02.242509
2026-08-25,2026-06-01,2026-08-25,district,S. I. KARNATAKA,KARNATAKA,BENGALURU RURAL,2.9,3.4,-15.0,N,221.4,246.8,-10.0,N,2026-08-26 06:51:02.242509
2026-08-25,2026-06-01,2026-08-25,district,S. I. KARNATAKA,KARNATAKA,BENGALURU URBAN,3.4,2.6,29.0,E,122.6,255.7,-52.0,D,2026-08-26 06:51:02.242509
2026-08-25,2026-06-01,2026-08-25,district,S. I. KARNATAKA,KARNATAKA,CHAMARAJANAGAR,0.5,3.1,-85.0,LD,127.5,199.9,-36.0,D,2026-08-26 06:51:02.242509
2026-08-25,2026-06-01,2026-08-25,district,S. I. KARNATAKA,KARNATAKA,CHIKABALLAPURA,2.9,2.9,0.0,N,149.6,240.8,-38.0,D,2026-08-26 06:51:02.242509
2026-08-25,2026-06-01,2026-08-25,district,S. I. KARNATAKA,KARNATAKA,CHIKKAMAGALURU,9.2,8.7,5.0,N,1187.6,1261.2,-6.0,N,2026-08-26 06:51:02.242509
2026-08-25,2026-06-01,2026-08-25,district,S. I. KARNATAKA,KARNATAKA,CHITRADURGA,9.2,2.2,319.0,LE,139.0,169.9,-18.0,N,2026-08-26 06:51:02.242509
2026-08-25,2026-06-01,2026-08-25,district,S. I. KARNATAKA,KARNATAKA,DAVANGERE,4.5,3.1,45.0,E,243.7,255.2,-5.0,N,2026-08-26 06:51:02.242509
2026-08-25,2026-06-01,2026-08-25,district,S. I. KARNATAKA,KARNATAKA,HASSAN,4.1,3.4,21.0,E,189.6,519.2,-63.0,LD,2026-08-26 06:51:02.242509
2026-08-25,2026-06-01,2026-08-25,district,S. I. KARNATAKA,KARNATAKA,KODAGU,50.2,12.8,292.0,LE,1434.6,1929.8,-26.0,D,2026-08-26 06:51:02.242509
2026-08-25,2026-06-01,2026-08-25,district,S. I. KARNATAKA,KARNATAKA,KOLAR,11.2,2.8,300.0,LE,123.7,228.9,-46.0,D,2026-08-26 06:51:02.242509
2026-08-25,2026-06-01,2026-08-25,district,S. I. KARNATAKA,KARNATAKA,MANDYA,6.7,1.9,254.0,LE,95.3,167.3,-43.0,D,2026-08-26 06:51:02.242509
2026-08-25,2026-06-01,2026-08-25,district,S. I. KARNATAKA,KARNATAKA,MYSURU,3.9,2.0,94.0,LE,147.2,251.0,-41.0,D,2026-08-26 06:51:02.242509
2026-08-25,2026-06-01,2026-08-25,district,S. I. KARNATAKA,KARNATAKA,RAMANAGARA,0.0,3.7,-100.0,NR,19.0,261.3,-93.0,LD,2026-08-26 06:51:02.242509
2026-08-25,2026-06-01,2026-08-25,district,S. I. KARNATAKA,KARNATAKA,SHIVAMOGGA,13.4,10.7,25.0,E,1363.7,1397.6,-2.0,N,2026-08-26 06:51:02.242509
2026-08-25,2026-06-01,2026-08-25,district,S. I. KARNATAKA,KARNATAKA,TUMAKURU,5.1,2.7,89.0,LE,119.9,206.8,-42.0,D,2026-08-26 06:51:02.242509
2026-08-25,2026-06-01,2026-08-25,district,S. I. KARNATAKA,KARNATAKA,VIJAYANAGARA,2.9,2.3,28.0,E,138.4,230.1,-40.0,D,2026-08-26 06:51:02.242509
2026-08-25,2026-06-01,2026-08-25,district,SAURASHTRA & KUTCH,DADRA & NAGAR HAVELI AND DAMAN & DIU (UT),DIU,0.4,2.4,-83.0,LD,625.6,607.7,3.0,N,2026-08-26 06:51:02.242509
2026-08-25,2026-06-01,2026-08-25,district,SAURASHTRA & KUTCH,GUJARAT,AMRELI,0.0,4.5,-100.0,NR,493.9,433.2,14.0,N,2026-08-26 06:51:02.242509
2026-08-25,2026-06-01,2026-08-25,district,SAURASHTRA & KUTCH,GUJARAT,BHAVNAGAR,0.2,5.2,-96.0,LD,477.1,430.1,11.0,N,2026-08-26 06:51:02.242509
2026-08-25,2026-06-01,2026-08-25,district,SAURASHTRA & KUTCH,GUJARAT,BOTAD,0.0,4.5,-100.0,NR,444.2,418.0,6.0,N,2026-08-26 06:51:02.242509
2026-08-25,2026-06-01,2026-08-25,district,SAURASHTRA & KUTCH,GUJARAT,DEVBHOOMI DWARKA,0.0,4.1,-100.0,NR,57.4,434.0,-87.0,LD,2026-08-26 06:51:02.242509
2026-08-25,2026-06-01,2026-08-25,district,SAURASHTRA & KUTCH,GUJARAT,GIR SOMNATH,0.0,3.8,-100.0,NR,469.1,711.6,-34.0,D,2026-08-26 06:51:02.242509
2026-08-25,2026-06-01,2026-08-25,district,SAURASHTRA & KUTCH,GUJARAT,JAMNAGAR,0.0,5.6,-100.0,NR,216.0,494.3,-56.0,D,2026-08-26 06:51:02.242509
2026-08-25,2026-06-01,2026-08-25,district,SAURASHTRA & KUTCH,GUJARAT,JUNAGADH,0.0,4.3,-100.0,NR,591.0,701.0,-16.0,N,2026-08-26 06:51:02.242509
2026-08-25,2026-06-01,2026-08-25,district,SAURASHTRA & KUTCH,GUJARAT,KUTCH,0.0,6.2,-100.0,NR,136.7,312.0,-56.0,D,2026-08-26 06:51:02.242509
2026-08-25,2026-06-01,2026-08-25,district,SAURASHTRA & KUTCH,GUJARAT,MORBI,0.2,5.2,-96.0,LD,471.6,424.4,11.0,N,2026-08-26 06:51:02.242509
2026-08-25,2026-06-01,2026-08-25,district,SAURASHTRA & KUTCH,GUJARAT,PORBANDAR,0.0,2.9,-100.0,NR,161.0,537.8,-70.0,LD,2026-08-26 06:51:02.242509
2026-08-25,2026-06-01,2026-08-25,district,SAURASHTRA & KUTCH,GUJARAT,RAJKOT,0.0,5.2,-99.0,LD,355.5,490.4,-28.0,D,2026-08-26 06:51:02.242509
2026-08-25,2026-06-01,2026-08-25,district,SAURASHTRA & KUTCH,GUJARAT,SURENDRANAGAR,0.0,6.7,-100.0,NR,480.7,399.5,20.0,E,2026-08-26 06:51:02.242509
2026-08-25,2026-06-01,2026-08-25,district,SHWB & SIKKIM,SIKKIM,GANGTOK,4.2,14.9,-72.0,LD,1466.1,1647.1,-11.0,N,2026-08-26 06:51:02.242509
2026-08-25,2026-06-01,2026-08-25,district,SHWB & SIKKIM,SIKKIM,GYALSHING,0.0,19.2,-100.0,NR,1689.2,1339.0,26.0,E,2026-08-26 06:51:02.242509
2026-08-25,2026-06-01,2026-08-25,district,SHWB & SIKKIM,SIKKIM,MANGAN,12.7,12.8,-1.0,N,1009.0,1158.6,-13.0,N,2026-08-26 06:51:02.242509
2026-08-25,2026-06-01,2026-08-25,district,SHWB & SIKKIM,SIKKIM,NAMCHI,0.0,10.8,-100.0,NR,1439.5,1218.3,18.0,N,2026-08-26 06:51:02.242509
2026-08-25,2026-06-01,2026-08-25,district,SHWB & SIKKIM,SIKKIM,Pakyong,1.2,15.9,-93.0,LD,1222.2,1228.2,0.0,N,2026-08-26 06:51:02.242509
2026-08-25,2026-06-01,2026-08-25,district,SHWB & SIKKIM,SIKKIM,Soreng,0.0,19.2,-100.0,NR,1758.0,1339.0,31.0,E,2026-08-26 06:51:02.242509
2026-08-25,2026-06-01,2026-08-25,district,SHWB & SIKKIM,WEST BENGAL,ALIPURDUAR,1.6,35.0,-96.0,LD,2160.1,2323.6,-7.0,N,2026-08-26 06:51:02.242509
2026-08-25,2026-06-01,2026-08-25,district,SHWB & SIKKIM,WEST BENGAL,COOCH BEHAR,11.6,21.1,-45.0,D,1670.5,1782.3,-6.0,N,2026-08-26 06:51:02.242509
2026-08-25,2026-06-01,2026-08-25,district,SHWB & SIKKIM,WEST BENGAL,DARJEELING,3.7,22.5,-83.0,LD,1679.4,2071.1,-19.0,N,2026-08-26 06:51:02.242509
2026-08-25,2026-06-01,2026-08-25,district,SHWB & SIKKIM,WEST BENGAL,JALPAIGURI,3.7,20.6,-82.0,LD,1717.7,2214.9,-22.0,D,2026-08-26 06:51:02.242509
2026-08-25,2026-06-01,2026-08-25,district,SHWB & SIKKIM,WEST BENGAL,KALIMPONG,1.8,17.6,-90.0,LD,1449.7,1844.1,-21.0,D,2026-08-26 06:51:02.242509
2026-08-25,2026-06-01,2026-08-25,district,SHWB & SIKKIM,WEST BENGAL,MALDA,1.2,5.1,-76.0,LD,634.9,818.6,-22.0,D,2026-08-26 06:51:02.242509
2026-08-25,2026-06-01,2026-08-25,district,SHWB & SIKKIM,WEST BENGAL,NORTH DINAJPUR,1.4,8.0,-83.0,LD,751.1,1070.4,-30.0,D,2026-08-26 06:51:02.242509
2026-08-25,2026-06-01,2026-08-25,district,SHWB & SIKKIM,WEST BENGAL,SOUTH DINAJPUR,3.4,9.2,-63.0,LD,655.7,779.8,-16.0,N,2026-08-26 06:51:02.242509
2026-08-25,2026-06-01,2026-08-25,district,TAMIL. PUDU.& KARAIKAL,PUDUCHERRY (UT),KARAIKAL,0.0,3.7,-100.0,NR,232.6,168.3,38.0,E,2026-08-26 06:51:02.242509
2026-08-25,2026-06-01,2026-08-25,district,TAMIL. PUDU.& KARAIKAL,PUDUCHERRY (UT),PUDUCHERRY,0.3,4.7,-95.0,LD,90.6,234.4,-61.0,LD,2026-08-26 06:51:02.242509
2026-08-25,2026-06-01,2026-08-25,district,TAMIL. PUDU.& KARAIKAL,TAMILNADU,ARIYALUR,0.0,4.4,-100.0,NR,202.3,175.3,15.0,N,2026-08-26 06:51:02.242509
2026-08-25,2026-06-01,2026-08-25,district,TAMIL. PUDU.& KARAIKAL,TAMILNADU,CHENGALPATTU,20.5,3.9,425.0,LE,120.7,252.4,-52.0,D,2026-08-26 06:51:02.242509
2026-08-25,2026-06-01,2026-08-25,district,TAMIL. PUDU.& KARAIKAL,TAMILNADU,CHENNAI,22.0,5.8,279.0,LE,294.1,282.2,4.0,N,2026-08-26 06:51:02.242509
2026-08-25,2026-06-01,2026-08-25,district,TAMIL. PUDU.& KARAIKAL,TAMILNADU,COIMBATORE,26.2,4.1,538.0,LE,592.4,536.4,10.0,N,2026-08-26 06:51:02.242509
2026-08-25,2026-06-01,2026-08-25,district,TAMIL. PUDU.& KARAIKAL,TAMILNADU,CUDDALORE,1.7,4.4,-60.0,LD,211.7,206.9,2.0,N,2026-08-26 06:51:02.242509
2026-08-25,2026-06-01,2026-08-25,district,TAMIL. PUDU.& KARAIKAL,TAMILNADU,DHARMAPURI,0.0,3.1,-100.0,NR,150.3,202.8,-26.0,D,2026-08-26 06:51:02.242509
2026-08-25,2026-06-01,2026-08-25,district,TAMIL. PUDU.& KARAIKAL,TAMILNADU,DINDIGUL,0.1,3.5,-96.0,LD,93.6,148.8,-37.0,D,2026-08-26 06:51:02.242509
2026-08-25,2026-06-01,2026-08-25,district,TAMIL. PUDU.& KARAIKAL,TAMILNADU,ERODE,3.3,2.5,31.0,E,112.0,143.6,-22.0,D,2026-08-26 06:51:02.242509
2026-08-25,2026-06-01,2026-08-25,district,TAMIL. PUDU.& KARAIKAL,TAMILNADU,KALLAKURICHI,0.3,6.6,-96.0,LD,157.5,228.7,-31.0,D,2026-08-26 06:51:02.242509
2026-08-25,2026-06-01,2026-08-25,district,TAMIL. PUDU.& KARAIKAL,TAMILNADU,KANCHEEPURAM,14.1,4.4,220.0,LE,216.9,291.2,-26.0,D,2026-08-26 06:51:02.242509
2026-08-25,2026-06-01,2026-08-25,district,TAMIL. PUDU.& KARAIKAL,TAMILNADU,KANYAKUMARI,1.7,3.1,-44.0,D,376.0,355.3,6.0,N,2026-08-26 06:51:02.242509
2026-08-25,2026-06-01,2026-08-25,district,TAMIL. PUDU.& KARAIKAL,TAMILNADU,KARUR,0.0,3.9,-100.0,NR,37.5,86.1,-56.0,D,2026-08-26 06:51:02.242509
2026-08-25,2026-06-01,2026-08-25,district,TAMIL. PUDU.& KARAIKAL,TAMILNADU,KRISHNAGIRI,0.3,3.1,-91.0,LD,117.7,186.7,-37.0,D,2026-08-26 06:51:02.242509
2026-08-25,2026-06-01,2026-08-25,district,TAMIL. PUDU.& KARAIKAL,TAMILNADU,MADURAI,0.0,3.0,-100.0,NR,104.2,154.3,-32.0,D,2026-08-26 06:51:02.242509
2026-08-25,2026-06-01,2026-08-25,district,TAMIL. PUDU.& KARAIKAL,TAMILNADU,MAYILADUTHURAI,0.0,3.3,-100.0,NR,152.7,169.9,-10.0,N,2026-08-26 06:51:02.242509
2026-08-25,2026-06-01,2026-08-25,district,TAMIL. PUDU.& KARAIKAL,TAMILNADU,NAGAPATTINAM,0.0,3.1,-100.0,NR,68.6,140.4,-51.0,D,2026-08-26 06:51:02.242509
2026-08-25,2026-06-01,2026-08-25,district,TAMIL. PUDU.& KARAIKAL,TAMILNADU,NAMAKKAL,0.7,3.5,-80.0,LD,81.8,176.6,-54.0,D,2026-08-26 06:51:02.242509
2026-08-25,2026-06-01,2026-08-25,district,TAMIL. PUDU.& KARAIKAL,TAMILNADU,NILGIRIS,24.0,5.5,337.0,LE,460.9,627.3,-27.0,D,2026-08-26 06:51:02.242509
2026-08-25,2026-06-01,2026-08-25,district,TAMIL. PUDU.& KARAIKAL,TAMILNADU,PERAMBALUR,0.1,5.3,-98.0,LD,157.3,140.8,12.0,N,2026-08-26 06:51:02.242509
2026-08-25,2026-06-01,2026-08-25,district,TAMIL. PUDU.& KARAIKAL,TAMILNADU,PUDUKKOTTAI,0.0,4.2,-99.0,LD,152.4,166.8,-9.0,N,2026-08-26 06:51:02.242509
2026-08-25,2026-06-01,2026-08-25,district,TAMIL. PUDU.& KARAIKAL,TAMILNADU,RAMANATHAPURAM,0.4,0.8,-52.0,D,30.4,67.1,-55.0,D,2026-08-26 06:51:02.242509
2026-08-25,2026-06-01,2026-08-25,district,TAMIL. PUDU.& KARAIKAL,TAMILNADU,RANIPET,3.1,2.3,36.0,E,223.1,280.5,-20.0,D,2026-08-26 06:51:02.242509
2026-08-25,2026-06-01,2026-08-25,district,TAMIL. PUDU.& KARAIKAL,TAMILNADU,SALEM,1.6,4.3,-62.0,LD,163.2,229.2,-29.0,D,2026-08-26 06:51:02.242509
2026-08-25,2026-06-01,2026-08-25,district,TAMIL. PUDU.& KARAIKAL,TAMILNADU,SIVAGANGA,0.0,3.1,-100.0,NR,188.7,187.3,1.0,N,2026-08-26 06:51:02.242509
2026-08-25,2026-06-01,2026-08-25,district,TAMIL. PUDU.& KARAIKAL,TAMILNADU,TENKASI,2.3,1.1,107.0,LE,171.1,118.3,45.0,E,2026-08-26 06:51:02.242509
2026-08-25,2026-06-01,2026-08-25,district,TAMIL. PUDU.& KARAIKAL,TAMILNADU,THANJAVUR,0.7,3.2,-79.0,LD,129.8,168.5,-23.0,D,2026-08-26 06:51:02.242509
2026-08-25,2026-06-01,2026-08-25,district,TAMIL. PUDU.& KARAIKAL,TAMILNADU,THENI,6.0,2.3,159.0,LE,160.2,126.6,27.0,E,2026-08-26 06:51:02.242509
2026-08-25,2026-06-01,2026-08-25,district,TAMIL. PUDU.& KARAIKAL,TAMILNADU,THIRUCHIRAPALLI,0.3,4.0,-93.0,LD,88.8,136.1,-35.0,D,2026-08-26 06:51:02.242509
2026-08-25,2026-06-01,2026-08-25,district,TAMIL. PUDU.& KARAIKAL,TAMILNADU,THIRUVALLUR,11.1,5.1,117.0,LE,240.4,291.2,-17.0,N,2026-08-26 06:51:02.242509
2026-08-25,2026-06-01,2026-08-25,district,TAMIL. PUDU.& KARAIKAL,TAMILNADU,THOOTHUKUDI,0.0,0.7,-100.0,NR,8.4,27.5,-69.0,LD,2026-08-26 06:51:02.242509
2026-08-25,2026-06-01,2026-08-25,district,TAMIL. PUDU.& KARAIKAL,TAMILNADU,TIRUNELVELI,4.3,0.5,763.0,LE,359.8,51.8,595.0,LE,2026-08-26 06:51:02.242509
2026-08-25,2026-06-01,2026-08-25,district,TAMIL. PUDU.& KARAIKAL,TAMILNADU,TIRUPATTUR,0.2,3.9,-94.0,LD,92.4,251.5,-63.0,LD,2026-08-26 06:51:02.242509
2026-08-25,2026-06-01,2026-08-25,district,TAMIL. PUDU.& KARAIKAL,TAMILNADU,TIRUPPUR,2.2,1.2,83.0,LE,36.2,69.0,-48.0,D,2026-08-26 06:51:02.242509
2026-08-25,2026-06-01,2026-08-25,district,TAMIL. PUDU.& KARAIKAL,TAMILNADU,TIRUVANNAMALAI,5.7,4.0,42.0,E,147.8,266.1,-44.0,D,2026-08-26 06:51:02.242509
2026-08-25,2026-06-01,2026-08-25,district,TAMIL. PUDU.& KARAIKAL,TAMILNADU,TIRUVARUR,0.0,3.9,-100.0,NR,150.0,163.9,-8.0,N,2026-08-26 06:51:02.242509
2026-08-25,2026-06-01,2026-08-25,district,TAMIL. PUDU.& KARAIKAL,TAMILNADU,VELLORE,0.6,2.4,-74.0,LD,141.6,258.2,-45.0,D,2026-08-26 06:51:02.242509
2026-08-25,2026-06-01,2026-08-25,district,TAMIL. PUDU.& KARAIKAL,TAMILNADU,VILLUPURAM,2.1,5.9,-64.0,LD,179.5,242.8,-26.0,D,2026-08-26 06:51:02.242509
2026-08-25,2026-06-01,2026-08-25,district,TAMIL. PUDU.& KARAIKAL,TAMILNADU,VIRUDHUNAGAR,0.0,2.6,-100.0,NR,81.3,95.1,-14.0,N,2026-08-26 06:51:02.242509
2026-08-25,2026-06-01,2026-08-25,district,TELANGANA,TELANGANA,ADILABAD,2.7,9.6,-72.0,LD,590.6,733.5,-19.0,N,2026-08-26 06:51:02.242509
2026-08-25,2026-06-01,2026-08-25,district,TELANGANA,TELANGANA,B. KOTHAGUDEM,3.4,8.0,-57.0,D,508.7,724.1,-30.0,D,2026-08-26 06:51:02.242509
2026-08-25,2026-06-01,2026-08-25,district,TELANGANA,TELANGANA,HANUMAKONDA,0.6,5.9,-89.0,LD,310.2,500.8,-38.0,D,2026-08-26 06:51:02.242509
2026-08-25,2026-06-01,2026-08-25,district,TELANGANA,TELANGANA,HYDERABAD,3.0,6.7,-56.0,D,302.1,429.3,-30.0,D,2026-08-26 06:51:02.242509
2026-08-25,2026-06-01,2026-08-25,district,TELANGANA,TELANGANA,J. BHUPALPALLY,9.2,8.1,14.0,N,690.7,743.2,-7.0,N,2026-08-26 06:51:02.242509
2026-08-25,2026-06-01,2026-08-25,district,TELANGANA,TELANGANA,JAGTIAL,3.7,6.2,-40.0,D,671.0,600.4,12.0,N,2026-08-26 06:51:02.242509
2026-08-25,2026-06-01,2026-08-25,district,TELANGANA,TELANGANA,JANGAON,13.2,4.4,200.0,LE,287.2,490.3,-41.0,D,2026-08-26 06:51:02.242509
2026-08-25,2026-06-01,2026-08-25,district,TELANGANA,TELANGANA,JOGULAMBA GADWAL,0.0,5.8,-100.0,NR,182.9,294.7,-38.0,D,2026-08-26 06:51:02.242509
2026-08-25,2026-06-01,2026-08-25,district,TELANGANA,TELANGANA,KAMAREDDY,1.8,6.7,-73.0,LD,721.6,570.2,27.0,E,2026-08-26 06:51:02.242509
2026-08-25,2026-06-01,2026-08-25,district,TELANGANA,TELANGANA,KARIMNAGAR,1.9,6.4,-71.0,LD,465.8,514.6,-9.0,N,2026-08-26 06:51:02.242509
2026-08-25,2026-06-01,2026-08-25,district,TELANGANA,TELANGANA,KHAMMAM,9.0,7.6,19.0,N,426.6,567.4,-25.0,D,2026-08-26 06:51:02.242509
2026-08-25,2026-06-01,2026-08-25,district,TELANGANA,TELANGANA,KUMARAM BHEEM,5.2,8.6,-39.0,D,886.5,762.3,16.0,N,2026-08-26 06:51:02.242509
2026-08-25,2026-06-01,2026-08-25,district,TELANGANA,TELANGANA,M. MALKAJGIRI,5.3,5.0,6.0,N,215.6,356.0,-39.0,D,2026-08-26 06:51:02.242509
2026-08-25,2026-06-01,2026-08-25,district,TELANGANA,TELANGANA,MAHABUBABAD,14.3,6.6,117.0,LE,507.3,642.7,-21.0,D,2026-08-26 06:51:02.242509
2026-08-25,2026-06-01,2026-08-25,district,TELANGANA,TELANGANA,MAHABUBNAGAR,1.1,4.6,-76.0,LD,339.0,349.4,-3.0,N,2026-08-26 06:51:02.242509
2026-08-25,2026-06-01,2026-08-25,district,TELANGANA,TELANGANA,MANCHERIAL,6.0,7.5,-20.0,D,776.8,722.2,8.0,N,2026-08-26 06:51:02.242509
2026-08-25,2026-06-01,2026-08-25,district,TELANGANA,TELANGANA,MEDAK,8.5,8.4,2.0,N,567.6,582.5,-3.0,N,2026-08-26 06:51:02.242509
2026-08-25,2026-06-01,2026-08-25,district,TELANGANA,TELANGANA,MULUGU,12.4,7.3,70.0,LE,784.2,755.6,4.0,N,2026-08-26 06:51:02.242509
2026-08-25,2026-06-01,2026-08-25,district,TELANGANA,TELANGANA,NAGARKURNOOL,1.2,4.7,-74.0,LD,241.8,317.9,-24.0,D,2026-08-26 06:51:02.242509
2026-08-25,2026-06-01,2026-08-25,district,TELANGANA,TELANGANA,NALGONDA,1.6,4.4,-65.0,LD,170.0,341.1,-50.0,D,2026-08-26 06:51:02.242509
2026-08-25,2026-06-01,2026-08-25,district,TELANGANA,TELANGANA,NARAYANPET,1.8,4.4,-60.0,LD,332.3,308.2,8.0,N,2026-08-26 06:51:02.242509
2026-08-25,2026-06-01,2026-08-25,district,TELANGANA,TELANGANA,NIRMAL,4.8,8.7,-45.0,D,379.0,677.7,-44.0,D,2026-08-26 06:51:02.242509
2026-08-25,2026-06-01,2026-08-25,district,TELANGANA,TELANGANA,NIZAMABAD,6.8,7.1,-4.0,N,597.2,625.7,-5.0,N,2026-08-26 06:51:02.242509
2026-08-25,2026-06-01,2026-08-25,district,TELANGANA,TELANGANA,PEDDAPALLE,4.3,5.2,-17.0,N,588.0,663.0,-11.0,N,2026-08-26 06:51:02.242509
2026-08-25,2026-06-01,2026-08-25,district,TELANGANA,TELANGANA,RAJANNA SIRCILLA,5.8,5.4,7.0,N,539.6,507.9,6.0,N,2026-08-26 06:51:02.242509
2026-08-25,2026-06-01,2026-08-25,district,TELANGANA,TELANGANA,RANGAREDDY,1.6,4.6,-66.0,LD,311.4,368.4,-15.0,N,2026-08-26 06:51:02.242509
2026-08-25,2026-06-01,2026-08-25,district,TELANGANA,TELANGANA,SANGAREDDY,4.8,5.8,-18.0,N,366.8,501.2,-27.0,D,2026-08-26 06:51:02.242509
2026-08-25,2026-06-01,2026-08-25,district,TELANGANA,TELANGANA,SIDDIPET,9.6,5.2,85.0,LE,425.5,450.1,-5.0,N,2026-08-26 06:51:02.242509
2026-08-25,2026-06-01,2026-08-25,district,TELANGANA,TELANGANA,SURYAPET,1.1,4.5,-75.0,LD,308.2,437.6,-30.0,D,2026-08-26 06:51:02.242509
2026-08-25,2026-06-01,2026-08-25,district,TELANGANA,TELANGANA,VIKARABAD,0.9,5.6,-84.0,LD,397.4,459.3,-13.0,N,2026-08-26 06:51:02.242509
2026-08-25,2026-06-01,2026-08-25,district,TELANGANA,TELANGANA,WANAPARTHY,0.3,3.3,-91.0,LD,258.4,367.5,-30.0,D,2026-08-26 06:51:02.242509
2026-08-25,2026-06-01,2026-08-25,district,TELANGANA,TELANGANA,WARANGAL,2.7,6.7,-59.0,D,381.7,686.9,-44.0,D,2026-08-26 06:51:02.242509
2026-08-25,2026-06-01,2026-08-25,district,TELANGANA,TELANGANA,Y. BHUVANAGIRI,8.9,3.9,127.0,LE,207.8,373.8,-44.0,D,2026-08-26 06:51:02.242509
2026-08-25,2026-06-01,2026-08-25,district,UTTARAKHAND,UTTARAKHAND,ALMORA,6.0,6.0,0.0,N,670.4,628.5,7.0,N,2026-08-26 06:51:02.242509
2026-08-25,2026-06-01,2026-08-25,district,UTTARAKHAND,UTTARAKHAND,BAGESHWAR,5.4,6.0,-10.0,N,1559.7,628.5,148.0,LE,2026-08-26 06:51:02.242509
2026-08-25,2026-06-01,2026-08-25,district,UTTARAKHAND,UTTARAKHAND,CHAMOLI,5.4,6.2,-12.0,N,917.5,581.4,58.0,E,2026-08-26 06:51:02.242509
2026-08-25,2026-06-01,2026-08-25,district,UTTARAKHAND,UTTARAKHAND,CHAMPAWAT,6.3,11.2,-44.0,D,634.1,1015.5,-38.0,D,2026-08-26 06:51:02.242509
2026-08-25,2026-06-01,2026-08-25,district,UTTARAKHAND,UTTARAKHAND,DEHRADUN,4.0,13.5,-70.0,LD,1101.1,1153.4,-5.0,N,2026-08-26 06:51:02.242509
2026-08-25,2026-06-01,2026-08-25,district,UTTARAKHAND,UTTARAKHAND,GARHWAL PAURI,9.8,13.8,-29.0,D,518.8,990.4,-48.0,D,2026-08-26 06:51:02.242509
2026-08-25,2026-06-01,2026-08-25,district,UTTARAKHAND,UTTARAKHAND,GARHWAL TEHRI,9.5,9.3,2.0,N,955.9,746.4,28.0,E,2026-08-26 06:51:02.242509
2026-08-25,2026-06-01,2026-08-25,district,UTTARAKHAND,UTTARAKHAND,HARDWAR,0.0,7.2,-100.0,NR,908.1,771.8,18.0,N,2026-08-26 06:51:02.242509
2026-08-25,2026-06-01,2026-08-25,district,UTTARAKHAND,UTTARAKHAND,NAINITAL,6.2,8.8,-30.0,D,803.4,1207.3,-33.0,D,2026-08-26 06:51:02.242509
2026-08-25,2026-06-01,2026-08-25,district,UTTARAKHAND,UTTARAKHAND,PITHORAGARH,19.0,13.9,36.0,E,1158.4,1191.1,-3.0,N,2026-08-26 06:51:02.242509
2026-08-25,2026-06-01,2026-08-25,district,UTTARAKHAND,UTTARAKHAND,RUDRAPRAYAG,4.4,20.5,-79.0,LD,1126.8,1263.0,-11.0,N,2026-08-26 06:51:02.242509
2026-08-25,2026-06-01,2026-08-25,district,UTTARAKHAND,UTTARAKHAND,UDHAM SINGH NAGAR,15.8,9.3,70.0,LE,786.8,871.2,-10.0,N,2026-08-26 06:51:02.242509
2026-08-25,2026-06-01,2026-08-25,district,UTTARAKHAND,UTTARAKHAND,UTTARKASHI,1.2,9.9,-88.0,LD,819.6,931.6,-12.0,N,2026-08-26 06:51:02.242509
2026-08-25,2026-06-01,2026-08-25,district,VIDARBHA,MAHARASHTRA,AKOLA,0.5,5.7,-92.0,LD,354.1,536.8,-34.0,D,2026-08-26 06:51:02.242509
2026-08-25,2026-06-01,2026-08-25,district,VIDARBHA,MAHARASHTRA,AMRAOTI,3.0,6.1,-51.0,D,392.5,632.3,-38.0,D,2026-08-26 06:51:02.242509
2026-08-25,2026-06-01,2026-08-25,district,VIDARBHA,MAHARASHTRA,BHANDARA,12.6,7.0,80.0,LE,718.4,848.6,-15.0,N,2026-08-26 06:51:02.242509
2026-08-25,2026-06-01,2026-08-25,district,VIDARBHA,MAHARASHTRA,BULDHANA,0.7,9.2,-92.0,LD,451.3,488.2,-8.0,N,2026-08-26 06:51:02.242509
2026-08-25,2026-06-01,2026-08-25,district,VIDARBHA,MAHARASHTRA,CHANDRAPUR,5.1,6.8,-25.0,D,572.6,849.8,-33.0,D,2026-08-26 06:51:02.242509
2026-08-25,2026-06-01,2026-08-25,district,VIDARBHA,MAHARASHTRA,GADCHIROLI,28.8,6.5,344.0,LE,814.1,1016.7,-20.0,D,2026-08-26 06:51:02.242509
2026-08-25,2026-06-01,2026-08-25,district,VIDARBHA,MAHARASHTRA,GONDIA,14.1,6.3,124.0,LE,962.4,955.1,1.0,N,2026-08-26 06:51:02.242509
2026-08-25,2026-06-01,2026-08-25,district,VIDARBHA,MAHARASHTRA,NAGPUR,5.2,5.6,-7.0,N,472.4,722.1,-35.0,D,2026-08-26 06:51:02.242509
2026-08-25,2026-06-01,2026-08-25,district,VIDARBHA,MAHARASHTRA,WARDHA,1.2,5.7,-80.0,LD,464.0,649.2,-29.0,D,2026-08-26 06:51:02.242509
2026-08-25,2026-06-01,2026-08-25,district,VIDARBHA,MAHARASHTRA,WASHIM,0.2,9.0,-97.0,LD,433.7,599.6,-28.0,D,2026-08-26 06:51:02.242509
2026-08-25,2026-06-01,2026-08-25,district,VIDARBHA,MAHARASHTRA,YEOTMAL,0.5,6.4,-93.0,LD,530.1,635.9,-17.0,N,2026-08-26 06:51:02.242509
2026-08-25,2026-06-01,2026-08-25,district,WEST MADHYA PRADESH,MADHYA PRADESH,AGAR-MALWA,6.8,9.1,-25.0,D,570.0,701.3,-19.0,N,2026-08-26 06:51:02.242509
2026-08-25,2026-06-01,2026-08-25,district,WEST MADHYA PRADESH,MADHYA PRADESH,ALIRAJPUR,5.1,9.0,-43.0,D,372.9,657.1,-43.0,D,2026-08-26 06:51:02.242509
2026-08-25,2026-06-01,2026-08-25,district,WEST MADHYA PRADESH,MADHYA PRADESH,ASHOKNAGAR,6.0,7.9,-24.0,D,528.0,661.7,-20.0,D,2026-08-26 06:51:02.242509
2026-08-25,2026-06-01,2026-08-25,district,WEST MADHYA PRADESH,MADHYA PRADESH,BARWANI,0.7,6.8,-89.0,LD,468.1,490.5,-5.0,N,2026-08-26 06:51:02.242509
2026-08-25,2026-06-01,2026-08-25,district,WEST MADHYA PRADESH,MADHYA PRADESH,BETUL,13.7,5.8,136.0,LE,568.3,796.2,-29.0,D,2026-08-26 06:51:02.242509
2026-08-25,2026-06-01,2026-08-25,district,WEST MADHYA PRADESH,MADHYA PRADESH,BHIND,0.3,5.5,-95.0,LD,565.7,460.5,23.0,E,2026-08-26 06:51:02.242509
2026-08-25,2026-06-01,2026-08-25,district,WEST MADHYA PRADESH,MADHYA PRADESH,BHOPAL,18.7,9.2,103.0,LE,846.7,744.2,14.0,N,2026-08-26 06:51:02.242509
2026-08-25,2026-06-01,2026-08-25,district,WEST MADHYA PRADESH,MADHYA PRADESH,BURHANPUR,1.0,6.7,-85.0,LD,692.6,548.1,26.0,E,2026-08-26 06:51:02.242509
2026-08-25,2026-06-01,2026-08-25,district,WEST MADHYA PRADESH,MADHYA PRADESH,DATIA,0.6,3.5,-83.0,LD,470.8,569.9,-17.0,N,2026-08-26 06:51:02.242509
2026-08-25,2026-06-01,2026-08-25,district,WEST MADHYA PRADESH,MADHYA PRADESH,DEWAS,15.8,7.6,108.0,LE,663.9,692.6,-4.0,N,2026-08-26 06:51:02.242509
2026-08-25,2026-06-01,2026-08-25,district,WEST MADHYA PRADESH,MADHYA PRADESH,DHAR,2.5,6.0,-58.0,D,389.3,600.1,-35.0,D,2026-08-26 06:51:02.242509
2026-08-25,2026-06-01,2026-08-25,district,WEST MADHYA PRADESH,MADHYA PRADESH,GUNA,0.0,14.5,-100.0,NR,768.1,742.1,4.0,N,2026-08-26 06:51:02.242509
2026-08-25,2026-06-01,2026-08-25,district,WEST MADHYA PRADESH,MADHYA PRADESH,GWALIOR,0.1,6.4,-99.0,LD,539.8,534.0,1.0,N,2026-08-26 06:51:02.242509
2026-08-25,2026-06-01,2026-08-25,district,WEST MADHYA PRADESH,MADHYA PRADESH,HARDA,6.0,7.0,-15.0,N,599.2,851.0,-30.0,D,2026-08-26 06:51:02.242509
2026-08-25,2026-06-01,2026-08-25,district,WEST MADHYA PRADESH,MADHYA PRADESH,INDORE,2.1,7.4,-72.0,LD,504.1,649.2,-22.0,D,2026-08-26 06:51:02.242509
2026-08-25,2026-06-01,2026-08-25,district,WEST MADHYA PRADESH,MADHYA PRADESH,JHABUA,4.2,6.7,-37.0,D,474.4,663.8,-29.0,D,2026-08-26 06:51:02.242509
2026-08-25,2026-06-01,2026-08-25,district,WEST MADHYA PRADESH,MADHYA PRADESH,KHANDWA,0.0,5.6,-100.0,NR,576.0,588.6,-2.0,N,2026-08-26 06:51:02.242509
2026-08-25,2026-06-01,2026-08-25,district,WEST MADHYA PRADESH,MADHYA PRADESH,KHARGONE,0.0,5.5,-100.0,NR,621.0,538.9,15.0,N,2026-08-26 06:51:02.242509
2026-08-25,2026-06-01,2026-08-25,district,WEST MADHYA PRADESH,MADHYA PRADESH,MANDSAUR,18.4,9.7,90.0,LE,535.9,644.6,-17.0,N,2026-08-26 06:51:02.242509
2026-08-25,2026-06-01,2026-08-25,district,WEST MADHYA PRADESH,MADHYA PRADESH,MORENA,6.8,7.9,-15.0,N,346.8,508.0,-32.0,D,2026-08-26 06:51:02.242509
2026-08-25,2026-06-01,2026-08-25,district,WEST MADHYA PRADESH,MADHYA PRADESH,NARMADAPURAM,15.1,11.6,30.0,E,635.2,959.2,-34.0,D,2026-08-26 06:51:02.242509
2026-08-25,2026-06-01,2026-08-25,district,WEST MADHYA PRADESH,MADHYA PRADESH,NEEMUCH,3.2,11.7,-73.0,LD,512.1,615.9,-17.0,N,2026-08-26 06:51:02.242509
2026-08-25,2026-06-01,2026-08-25,district,WEST MADHYA PRADESH,MADHYA PRADESH,RAISEN,10.6,11.4,-7.0,N,695.8,837.7,-17.0,N,2026-08-26 06:51:02.242509
2026-08-25,2026-06-01,2026-08-25,district,WEST MADHYA PRADESH,MADHYA PRADESH,RAJGARH,6.6,11.2,-41.0,D,775.0,708.1,9.0,N,2026-08-26 06:51:02.242509
2026-08-25,2026-06-01,2026-08-25,district,WEST MADHYA PRADESH,MADHYA PRADESH,RATLAM,1.0,12.8,-92.0,LD,467.4,707.6,-34.0,D,2026-08-26 06:51:02.242509
2026-08-25,2026-06-01,2026-08-25,district,WEST MADHYA PRADESH,MADHYA PRADESH,SEHORE,13.2,8.8,50.0,E,734.9,819.0,-10.0,N,2026-08-26 06:51:02.242509
2026-08-25,2026-06-01,2026-08-25,district,WEST MADHYA PRADESH,MADHYA PRADESH,SHAJAPUR,1.9,8.2,-77.0,LD,514.8,705.2,-27.0,D,2026-08-26 06:51:02.242509
2026-08-25,2026-06-01,2026-08-25,district,WEST MADHYA PRADESH,MADHYA PRADESH,SHEOPUR,8.4,6.8,24.0,E,482.0,544.3,-11.0,N,2026-08-26 06:51:02.242509
2026-08-25,2026-06-01,2026-08-25,district,WEST MADHYA PRADESH,MADHYA PRADESH,SHIVPURI,0.8,11.3,-93.0,LD,592.7,616.8,-4.0,N,2026-08-26 06:51:02.242509
2026-08-25,2026-06-01,2026-08-25,district,WEST MADHYA PRADESH,MADHYA PRADESH,UJJAIN,4.2,10.2,-59.0,D,521.2,677.5,-23.0,D,2026-08-26 06:51:02.242509
2026-08-25,2026-06-01,2026-08-25,district,WEST MADHYA PRADESH,MADHYA PRADESH,VIDISHA,11.7,12.1,-3.0,N,623.6,805.9,-23.0,D,2026-08-26 06:51:02.242509
2026-08-25,2026-06-01,2026-08-25,district,WEST RAJASTHAN,RAJASTHAN,BARMER,0.0,2.9,-100.0,NR,188.0,219.8,-14.0,N,2026-08-26 06:51:02.242509
2026-08-25,2026-06-01,2026-08-25,district,WEST RAJASTHAN,RAJASTHAN,BIKANER,0.0,1.7,-100.0,NR,203.5,201.8,1.0,N,2026-08-26 06:51:02.242509
2026-08-25,2026-06-01,2026-08-25,district,WEST RAJASTHAN,RAJASTHAN,CHURU,0.0,2.8,-100.0,NR,264.7,273.7,-3.0,N,2026-08-26 06:51:02.242509
2026-08-25,2026-06-01,2026-08-25,district,WEST RAJASTHAN,RAJASTHAN,HANUMANGARH,0.0,1.6,-100.0,NR,142.8,200.7,-29.0,D,2026-08-26 06:51:02.242509
2026-08-25,2026-06-01,2026-08-25,district,WEST RAJASTHAN,RAJASTHAN,JAISALMER,0.0,0.7,-100.0,NR,83.3,141.2,-41.0,D,2026-08-26 06:51:02.242509
2026-08-25,2026-06-01,2026-08-25,district,WEST RAJASTHAN,RAJASTHAN,JALORE,0.0,4.0,-100.0,NR,143.1,334.9,-57.0,D,2026-08-26 06:51:02.242509
2026-08-25,2026-06-01,2026-08-25,district,WEST RAJASTHAN,RAJASTHAN,JODHPUR,0.0,2.2,-100.0,NR,189.2,231.8,-18.0,N,2026-08-26 06:51:02.242509
2026-08-25,2026-06-01,2026-08-25,district,WEST RAJASTHAN,RAJASTHAN,NAGAUR,0.0,3.1,-100.0,NR,282.1,306.1,-8.0,N,2026-08-26 06:51:02.242509
2026-08-25,2026-06-01,2026-08-25,district,WEST RAJASTHAN,RAJASTHAN,PALI,0.0,4.2,-100.0,NR,206.7,395.6,-48.0,D,2026-08-26 06:51:02.242509
2026-08-25,2026-06-01,2026-08-25,district,WEST RAJASTHAN,RAJASTHAN,SRI GANGANAGAR,0.0,1.0,-100.0,NR,168.7,160.0,5.0,N,2026-08-26 06:51:02.242509
2026-08-25,2026-06-01,2026-08-25,district,WEST UTTAR PRADESH,UTTAR PRADESH,AGRA,2.1,9.2,-78.0,LD,390.5,404.4,-3.0,N,2026-08-26 06:51:02.242509
2026-08-25,2026-06-01,2026-08-25,district,WEST UTTAR PRADESH,UTTAR PRADESH,ALIGARH,4.7,8.4,-45.0,D,270.9,447.2,-39.0,D,2026-08-26 06:51:02.242509
2026-08-25,2026-06-01,2026-08-25,district,WEST UTTAR PRADESH,UTTAR PRADESH,AMROHA,14.0,6.4,119.0,LE,363.9,625.7,-42.0,D,2026-08-26 06:51:02.242509
2026-08-25,2026-06-01,2026-08-25,district,WEST UTTAR PRADESH,UTTAR PRADESH,AURAIYA,12.1,4.2,188.0,LE,405.5,383.1,6.0,N,2026-08-26 06:51:02.242509
2026-08-25,2026-06-01,2026-08-25,district,WEST UTTAR PRADESH,UTTAR PRADESH,BADAUN,9.5,7.8,22.0,E,504.0,504.0,0.0,N,2026-08-26 06:51:02.242509
2026-08-25,2026-06-01,2026-08-25,district,WEST UTTAR PRADESH,UTTAR PRADESH,BAGHPAT,24.7,2.8,781.0,LE,425.0,382.6,11.0,N,2026-08-26 06:51:02.242509
2026-08-25,2026-06-01,2026-08-25,district,WEST UTTAR PRADESH,UTTAR PRADESH,BAREILLY,20.3,10.0,103.0,LE,538.1,599.2,-10.0,N,2026-08-26 06:51:02.242509
2026-08-25,2026-06-01,2026-08-25,district,WEST UTTAR PRADESH,UTTAR PRADESH,BIJNOR,19.8,7.3,172.0,LE,851.6,695.8,22.0,E,2026-08-26 06:51:02.242509
2026-08-25,2026-06-01,2026-08-25,district,WEST UTTAR PRADESH,UTTAR PRADESH,BULANDSHAHAR,8.9,6.4,39.0,E,399.0,404.6,-1.0,N,2026-08-26 06:51:02.242509
2026-08-25,2026-06-01,2026-08-25,district,WEST UTTAR PRADESH,UTTAR PRADESH,ETAH,10.7,7.4,44.0,E,544.2,380.1,43.0,E,2026-08-26 06:51:02.242509
2026-08-25,2026-06-01,2026-08-25,district,WEST UTTAR PRADESH,UTTAR PRADESH,ETAWAH,13.7,8.4,63.0,LE,480.3,428.3,12.0,N,2026-08-26 06:51:02.242509
2026-08-25,2026-06-01,2026-08-25,district,WEST UTTAR PRADESH,UTTAR PRADESH,FIROZABAD,24.0,5.8,314.0,LE,557.5,433.7,29.0,E,2026-08-26 06:51:02.242509
2026-08-25,2026-06-01,2026-08-25,district,WEST UTTAR PRADESH,UTTAR PRADESH,GAUTAM BUDDHA NAGAR,10.4,2.2,373.0,LE,495.2,342.2,45.0,E,2026-08-26 06:51:02.242509
2026-08-25,2026-06-01,2026-08-25,district,WEST UTTAR PRADESH,UTTAR PRADESH,GHAZIABAD,4.3,2.3,85.0,LE,150.8,344.8,-56.0,D,2026-08-26 06:51:02.242509
2026-08-25,2026-06-01,2026-08-25,district,WEST UTTAR PRADESH,UTTAR PRADESH,HAMIRPUR,17.6,8.0,120.0,LE,678.1,523.3,30.0,E,2026-08-26 06:51:02.242509
2026-08-25,2026-06-01,2026-08-25,district,WEST UTTAR PRADESH,UTTAR PRADESH,HAPUR,0.0,6.7,-100.0,NR,272.0,507.9,-46.0,D,2026-08-26 06:51:02.242509
2026-08-25,2026-06-01,2026-08-25,district,WEST UTTAR PRADESH,UTTAR PRADESH,HATHRAS,8.3,9.1,-8.0,N,395.0,426.6,-7.0,N,2026-08-26 06:51:02.242509
2026-08-25,2026-06-01,2026-08-25,district,WEST UTTAR PRADESH,UTTAR PRADESH,JALAUN,7.4,5.2,41.0,E,448.7,479.0,-6.0,N,2026-08-26 06:51:02.242509
2026-08-25,2026-06-01,2026-08-25,district,WEST UTTAR PRADESH,UTTAR PRADESH,JHANSI,7.4,6.2,19.0,N,344.8,540.8,-36.0,D,2026-08-26 06:51:02.242509
2026-08-25,2026-06-01,2026-08-25,district,WEST UTTAR PRADESH,UTTAR PRADESH,KASGANJ,13.0,12.7,2.0,N,466.0,496.8,-6.0,N,2026-08-26 06:51:02.242509
2026-08-25,2026-06-01,2026-08-25,district,WEST UTTAR PRADESH,UTTAR PRADESH,LALITPUR,8.6,11.2,-23.0,D,620.9,622.7,0.0,N,2026-08-26 06:51:02.242509
2026-08-25,2026-06-01,2026-08-25,district,WEST UTTAR PRADESH,UTTAR PRADESH,MAHOBA,14.5,8.4,72.0,LE,484.5,449.7,8.0,N,2026-08-26 06:51:02.242509
2026-08-25,2026-06-01,2026-08-25,district,WEST UTTAR PRADESH,UTTAR PRADESH,MAINPURI,6.7,8.5,-22.0,D,266.3,491.5,-46.0,D,2026-08-26 06:51:02.242509
2026-08-25,2026-06-01,2026-08-25,district,WEST UTTAR PRADESH,UTTAR PRADESH,MATHURA,0.8,7.0,-89.0,LD,231.8,381.6,-39.0,D,2026-08-26 06:51:02.242509
2026-08-25,2026-06-01,2026-08-25,district,WEST UTTAR PRADESH,UTTAR PRADESH,MEERUT,0.0,3.5,-100.0,NR,879.5,492.9,78.0,LE,2026-08-26 06:51:02.242509
2026-08-25,2026-06-01,2026-08-25,district,WEST UTTAR PRADESH,UTTAR PRADESH,MORADABAD,6.6,12.6,-48.0,D,595.3,658.1,-10.0,N,2026-08-26 06:51:02.242509
2026-08-25,2026-06-01,2026-08-25,district,WEST UTTAR PRADESH,UTTAR PRADESH,MUZAFFARNAGAR,0.0,5.2,-100.0,NR,928.5,500.0,86.0,LE,2026-08-26 06:51:02.242509
2026-08-25,2026-06-01,2026-08-25,district,WEST UTTAR PRADESH,UTTAR PRADESH,PILIBHIT,10.3,5.4,90.0,LE,192.9,631.9,-69.0,LD,2026-08-26 06:51:02.242509
2026-08-25,2026-06-01,2026-08-25,district,WEST UTTAR PRADESH,UTTAR PRADESH,RAMPUR,4.8,8.5,-44.0,D,443.2,551.6,-20.0,D,2026-08-26 06:51:02.242509
2026-08-25,2026-06-01,2026-08-25,district,WEST UTTAR PRADESH,UTTAR PRADESH,SAHARANPUR,4.7,5.9,-21.0,D,476.5,596.5,-20.0,D,2026-08-26 06:51:02.242509
2026-08-25,2026-06-01,2026-08-25,district,WEST UTTAR PRADESH,UTTAR PRADESH,SAMBHAL,8.5,9.4,-10.0,N,917.5,492.1,86.0,LE,2026-08-26 06:51:02.242509
2026-08-25,2026-06-01,2026-08-25,district,WEST UTTAR PRADESH,UTTAR PRADESH,SHAHJAHANPUR,13.5,9.3,45.0,E,535.9,578.1,-7.0,N,2026-08-26 06:51:02.242509
2026-08-25,2026-06-01,2026-08-25,district,WEST UTTAR PRADESH,UTTAR PRADESH,SHAMLI,0.8,6.0,-87.0,LD,157.3,416.3,-62.0,LD,2026-08-26 06:51:02.242509
2026-08-25,2026-06-01,2026-08-25,state,ASSAM & MEGHALAYA,ASSAM,,4.2,12.3,-66.0,LD,859.7,1136.2,-24.0,D,2026-08-26 06:51:02.242509
2026-08-25,2026-06-01,2026-08-25,state,ASSAM & MEGHALAYA,MEGHALAYA,,16.3,23.1,-29.0,D,885.5,2108.1,-58.0,D,2026-08-26 06:51:02.242509
2026-08-25,2026-06-01,2026-08-25,state,BIHAR,UTTAR PRADESH,,16.7,7.8,113.0,LE,484.6,556.2,-13.0,N,2026-08-26 06:51:02.242509
2026-08-25,2026-06-01,2026-08-25,state,CHHATTISGARH,ANDHRA PRADESH,,4.0,4.6,-12.0,N,210.7,341.5,-38.0,D,2026-08-26 06:51:02.242509
2026-08-25,2026-06-01,2026-08-25,state,COASTAL A. P. & YANAM,ANDHRA PRADESH,,4.0,4.6,-12.0,N,210.7,341.5,-38.0,D,2026-08-26 06:51:02.242509
2026-08-25,2026-06-01,2026-08-25,state,COASTAL A. P. & YANAM,PUDUCHERRY (UT),,0.8,4.6,-82.0,LD,177.4,262.8,-32.0,D,2026-08-26 06:51:02.242509
2026-08-25,2026-06-01,2026-08-25,state,EAST MADHYA PRADESH,GUJARAT,,0.2,6.6,-97.0,LD,515.3,553.3,-7.0,N,2026-08-26 06:51:02.242509
2026-08-25,2026-06-01,2026-08-25,state,GUJARAT REGION,DADRA & NAGAR HAVELI AND DAMAN & DIU (UT),,10.3,19.2,-47.0,D,2714.5,1742.8,56.0,E,2026-08-26 06:51:02.242509
2026-08-25,2026-06-01,2026-08-25,state,GUJARAT REGION,GUJARAT,,0.2,6.6,-97.0,LD,515.3,553.3,-7.0,N,2026-08-26 06:51:02.242509
2026-08-25,2026-06-01,2026-08-25,state,HAR. CHD & DELHI,CHANDIGARH (UT),,0.0,2.0,-100.0,NR,555.4,667.0,-17.0,N,2026-08-26 06:51:02.242509
2026-08-25,2026-06-01,2026-08-25,state,HAR. CHD & DELHI,DELHI,,51.9,3.0,1631.0,LE,488.6,411.0,19.0,N,2026-08-26 06:51:02.242509
2026-08-25,2026-06-01,2026-08-25,state,HAR. CHD & DELHI,HARYANA,,8.2,3.5,134.0,LE,278.3,326.2,-15.0,N,2026-08-26 06:51:02.242509
2026-08-25,2026-06-01,2026-08-25,state,J & K AND LADAKH,JAMMU & KASHMIR(UT),,0.2,4.7,-96.0,LD,444.1,425.0,4.0,N,2026-08-26 06:51:02.242509
2026-08-25,2026-06-01,2026-08-25,state,J & K AND LADAKH,LADAKH (UT),,0.0,0.0,-100.0,NR,49.2,15.9,210.0,LE,2026-08-26 06:51:02.242509
2026-08-25,2026-06-01,2026-08-25,state,J & K AND LADAKH,RAJASTHAN,,5.4,4.4,23.0,E,273.7,350.0,-22.0,D,2026-08-26 06:51:02.242509
2026-08-25,2026-06-01,2026-08-25,state,KERALA & MAHE,KERALA,,43.4,10.3,321.0,LE,1326.7,1681.7,-21.0,D,2026-08-26 06:51:02.242509
2026-08-25,2026-06-01,2026-08-25,state,KERALA & MAHE,PUDUCHERRY (UT),,0.8,4.6,-82.0,LD,177.4,262.8,-32.0,D,2026-08-26 06:51:02.242509
2026-08-25,2026-06-01,2026-08-25,state,KONKAN & GOA,GOA,,7.4,18.6,-60.0,LD,1720.6,2580.8,-33.0,D,2026-08-26 06:51:02.242509
2026-08-25,2026-06-01,2026-08-25,state,KONKAN & GOA,MAHARASHTRA,,4.1,8.2,-51.0,D,700.5,765.1,-8.0,N,2026-08-26 06:51:02.242509
2026-08-25,2026-06-01,2026-08-25,state,NMMT,MANIPUR,,3.8,8.4,-55.0,D,457.1,795.6,-43.0,D,2026-08-26 06:51:02.242509
2026-08-25,2026-06-01,2026-08-25,state,NMMT,MIZORAM,,6.1,16.0,-62.0,LD,929.5,1191.5,-22.0,D,2026-08-26 06:51:02.242509
2026-08-25,2026-06-01,2026-08-25,state,NMMT,NAGALAND,,9.4,7.1,33.0,E,823.9,785.2,5.0,N,2026-08-26 06:51:02.242509
2026-08-25,2026-06-01,2026-08-25,state,NMMT,TRIPURA,,5.4,10.4,-48.0,D,923.4,1074.2,-14.0,N,2026-08-26 06:51:02.242509
2026-08-25,2026-06-01,2026-08-25,state,SAURASHTRA & KUTCH,DADRA & NAGAR HAVELI AND DAMAN & DIU (UT),,10.3,19.2,-47.0,D,2714.5,1742.8,56.0,E,2026-08-26 06:51:02.242509
2026-08-25,2026-06-01,2026-08-25,state,SAURASHTRA & KUTCH,GUJARAT,,0.2,6.6,-97.0,LD,515.3,553.3,-7.0,N,2026-08-26 06:51:02.242509
2026-08-25,2026-06-01,2026-08-25,state,SHWB & SIKKIM,SIKKIM,,7.9,13.9,-43.0,D,1220.4,1250.9,-2.0,N,2026-08-26 06:51:02.242509
2026-08-25,2026-06-01,2026-08-25,state,SHWB & SIKKIM,WEST BENGAL,,10.5,8.6,22.0,E,1014.1,987.0,3.0,N,2026-08-26 06:51:02.242509
2026-08-25,2026-06-01,2026-08-25,state,TAMIL. PUDU.& KARAIKAL,KARNATAKA,,6.4,5.8,10.0,N,497.8,636.6,-22.0,D,2026-08-26 06:51:02.242509
2026-08-25,2026-06-01,2026-08-25,state,TAMIL. PUDU.& KARAIKAL,PUDUCHERRY (UT),,0.8,4.6,-82.0,LD,177.4,262.8,-32.0,D,2026-08-26 06:51:02.242509
2026-08-25,2026-06-01,2026-08-25,state,TAMIL. PUDU.& KARAIKAL,TAMILNADU,,3.5,3.4,4.0,N,160.2,192.7,-17.0,N,2026-08-26 06:51:02.242509
2026-08-25,2026-06-01,2026-08-25,state,WEST RAJASTHAN,MADHYA PRADESH,,10.4,8.2,27.0,E,653.9,727.1,-10.0,N,2026-08-26 06:51:02.242509
2026-08-25,2026-06-01,2026-08-25,subdivision,A & N ISLAND,,,7.5,12.3,-39.0,D,1190.2,1114.7,7.0,N,2026-08-26 06:51:02.242509
2026-08-25,2026-06-01,2026-08-25,subdivision,ARUNACHAL PRADESH,,,8.6,12.2,-30.0,D,757.3,1266.8,-40.0,D,2026-08-26 06:51:02.242509
2026-08-25,2026-06-01,2026-08-25,subdivision,ASSAM & MEGHALAYA,,,7.2,14.8,-51.0,D,865.8,1362.4,-36.0,D,2026-08-26 06:51:02.242509
2026-08-25,2026-06-01,2026-08-25,subdivision,BIHAR,,,6.7,11.1,-40.0,D,424.0,732.0,-42.0,D,2026-08-26 06:51:02.242509
2026-08-25,2026-06-01,2026-08-25,subdivision,CHHATTISGARH,,,26.2,5.9,343.0,LE,856.2,856.8,0.0,N,2026-08-26 06:51:02.242509
2026-08-25,2026-06-01,2026-08-25,subdivision,COASTAL A. P. & YANAM,,,2.9,5.4,-46.0,D,255.1,405.9,-37.0,D,2026-08-26 06:51:02.242509
2026-08-25,2026-06-01,2026-08-25,subdivision,COASTAL KARNATAKA,,,21.2,21.7,-2.0,N,2038.2,2663.0,-23.0,D,2026-08-26 06:51:02.242509
2026-08-25,2026-06-01,2026-08-25,subdivision,EAST MADHYA PRADESH,,,15.7,7.6,106.0,LE,753.3,795.5,-5.0,N,2026-08-26 06:51:02.242509
2026-08-25,2026-06-01,2026-08-25,subdivision,EAST RAJASTHAN,,,12.2,7.3,67.0,LE,392.0,502.4,-22.0,D,2026-08-26 06:51:02.242509
2026-08-25,2026-06-01,2026-08-25,subdivision,EAST UTTAR PRADESH,,,21.7,8.0,171.0,LE,475.0,589.6,-19.0,N,2026-08-26 06:51:02.242509
2026-08-25,2026-06-01,2026-08-25,subdivision,GANGETIC WEST BENGAL,,,12.7,6.8,87.0,LE,913.6,849.6,8.0,N,2026-08-26 06:51:02.242509
2026-08-25,2026-06-01,2026-08-25,subdivision,GUJARAT REGION,,,0.4,8.0,-95.0,LD,790.8,726.9,9.0,N,2026-08-26 06:51:02.242509
2026-08-25,2026-06-01,2026-08-25,subdivision,HAR. CHD & DELHI,,,9.3,3.4,172.0,LE,284.2,329.6,-14.0,N,2026-08-26 06:51:02.242509
2026-08-25,2026-06-01,2026-08-25,subdivision,HIMACHAL PRADESH,,,0.6,6.5,-91.0,LD,531.5,577.9,-8.0,N,2026-08-26 06:51:02.242509
2026-08-25,2026-06-01,2026-08-25,subdivision,J & K AND LADAKH,,,0.2,4.7,-96.0,LD,444.1,425.0,4.0,N,2026-08-26 06:51:02.242509
2026-08-25,2026-06-01,2026-08-25,subdivision,JHARKHAND,,,16.5,6.9,139.0,LE,653.8,751.4,-13.0,N,2026-08-26 06:51:02.242509
2026-08-25,2026-06-01,2026-08-25,subdivision,KERALA & MAHE,,,43.4,10.2,326.0,LE,1326.8,1681.7,-21.0,D,2026-08-26 06:51:02.242509
2026-08-25,2026-06-01,2026-08-25,subdivision,KONKAN & GOA,,,7.1,18.6,-62.0,LD,2211.3,2372.3,-7.0,N,2026-08-26 06:51:02.242509
2026-08-25,2026-06-01,2026-08-25,subdivision,LAKSHADWEEP,,,13.2,6.5,104.0,LE,602.6,809.5,-26.0,D,2026-08-26 06:51:02.242509
2026-08-25,2026-06-01,2026-08-25,subdivision,MADHYA MAHARASHTRA,,,1.9,6.8,-72.0,LD,621.8,554.5,12.0,N,2026-08-26 06:51:02.242509
2026-08-25,2026-06-01,2026-08-25,subdivision,MARATHWADA,,,1.5,8.1,-81.0,LD,329.7,445.7,-26.0,D,2026-08-26 06:51:02.242509
2026-08-25,2026-06-01,2026-08-25,subdivision,N. I. KARNATAKA,,,1.2,3.9,-68.0,LD,269.5,318.1,-15.0,N,2026-08-26 06:51:02.242509
2026-08-25,2026-06-01,2026-08-25,subdivision,NMMT,,,6.1,11.0,-45.0,D,771.3,977.0,-21.0,D,2026-08-26 06:51:02.242509
2026-08-25,2026-06-01,2026-08-25,subdivision,ODISHA,,,16.3,7.0,132.0,LE,1094.7,845.8,29.0,E,2026-08-26 06:51:02.242509
2026-08-25,2026-06-01,2026-08-25,subdivision,PUNJAB,,,0.1,3.5,-98.0,LD,227.0,341.7,-34.0,D,2026-08-26 06:51:02.242509
2026-08-25,2026-06-01,2026-08-25,subdivision,RAYALASEEMA,,,5.5,3.6,53.0,E,152.7,250.2,-39.0,D,2026-08-26 06:51:02.242509
2026-08-25,2026-06-01,2026-08-25,subdivision,S. I. KARNATAKA,,,7.8,4.3,82.0,LE,385.9,502.6,-23.0,D,2026-08-26 06:51:02.242509
2026-08-25,2026-06-01,2026-08-25,subdivision,SAURASHTRA & KUTCH,,,0.0,5.5,-99.0,LD,297.3,414.8,-28.0,D,2026-08-26 06:51:02.242509
2026-08-25,2026-06-01,2026-08-25,subdivision,SHWB & SIKKIM,,,4.8,14.4,-67.0,LD,1294.7,1411.7,-8.0,N,2026-08-26 06:51:02.242509
2026-08-25,2026-06-01,2026-08-25,subdivision,TAMIL. PUDU.& KARAIKAL,,,3.5,3.3,7.0,N,160.1,192.7,-17.0,N,2026-08-26 06:51:02.242509
2026-08-25,2026-06-01,2026-08-25,subdivision,TELANGANA,,,4.8,6.3,-25.0,D,454.9,536.8,-15.0,N,2026-08-26 06:51:02.242509
2026-08-25,2026-06-01,2026-08-25,subdivision,UTTARAKHAND,,,7.6,10.3,-26.0,D,904.1,922.0,-2.0,N,2026-08-26 06:51:02.242509
2026-08-25,2026-06-01,2026-08-25,subdivision,VIDARBHA,,,7.3,6.7,9.0,N,558.1,730.4,-24.0,D,2026-08-26 06:51:02.242509
2026-08-25,2026-06-01,2026-08-25,subdivision,WEST MADHYA PRADESH,,,6.3,8.7,-28.0,D,577.6,674.6,-14.0,N,2026-08-26 06:51:02.242509
2026-08-25,2026-06-01,2026-08-25,subdivision,WEST RAJASTHAN,,,0.0,2.2,-100.0,NR,179.5,228.8,-22.0,D,2026-08-26 06:51:02.242509
2026-08-25,2026-06-01,2026-08-25,subdivision,WEST UTTAR PRADESH,,,9.5,7.5,26.0,E,498.2,509.4,-2.0,N,2026-08-26 06:51:02.242509
