date,period_start,period_end,level,subdivision,state,district,day_actual_mm,day_normal_mm,day_departure_pct,day_category,period_actual_mm,period_normal_mm,period_departure_pct,period_category,scraped_at
2026-09-13,2026-06-01,2026-09-13,district,A & N ISLAND,ANDAMAN & NICOBAR ISLANDS,NICOBAR,14.1,10.5,35.0,E,511.8,907.2,-44.0,D,2026-09-13 11:14:45.359600
2026-09-13,2026-06-01,2026-09-13,district,A & N ISLAND,ANDAMAN & NICOBAR ISLANDS,NORTH & MIDDLE ANDAMAN,0.0,17.0,-100.0,NR,2357.5,1645.3,43.0,E,2026-09-13 11:14:45.359600
2026-09-13,2026-06-01,2026-09-13,district,A & N ISLAND,ANDAMAN & NICOBAR ISLANDS,SOUTH ANDAMAN,9.6,15.8,-39.0,D,1129.1,1384.4,-18.0,N,2026-09-13 11:14:45.359600
2026-09-13,2026-06-01,2026-09-13,district,ARUNACHAL PRADESH,ARUNACHAL PRADESH,ANJAW,0.0,16.1,-100.0,NR,171.9,1442.6,-88.0,LD,2026-09-13 11:14:45.359600
2026-09-13,2026-06-01,2026-09-13,district,ARUNACHAL PRADESH,ARUNACHAL PRADESH,CHANGLANG,0.0,11.5,-100.0,NR,1010.3,1214.2,-17.0,N,2026-09-13 11:14:45.359600
2026-09-13,2026-06-01,2026-09-13,district,ARUNACHAL PRADESH,ARUNACHAL PRADESH,EAST KAMENG,1.6,13.2,-88.0,LD,1239.3,1094.4,13.0,N,2026-09-13 11:14:45.359600
2026-09-13,2026-06-01,2026-09-13,district,ARUNACHAL PRADESH,ARUNACHAL PRADESH,EAST SIANG,14.1,26.1,-46.0,D,1977.3,2845.9,-31.0,D,2026-09-13 11:14:45.359600
2026-09-13,2026-06-01,2026-09-13,district,ARUNACHAL PRADESH,ARUNACHAL PRADESH,KURUNG KUMEY,28.8,22.4,28.0,E,561.9,1043.7,-46.0,D,2026-09-13 11:14:45.359600
2026-09-13,2026-06-01,2026-09-13,district,ARUNACHAL PRADESH,ARUNACHAL PRADESH,LOHIT,0.4,18.7,-98.0,LD,875.7,1394.1,-37.0,D,2026-09-13 11:14:45.359600
2026-09-13,2026-06-01,2026-09-13,district,ARUNACHAL PRADESH,ARUNACHAL PRADESH,LOWER SUBANSIRI,0.0,2.5,-100.0,NR,400.1,672.0,-40.0,D,2026-09-13 11:14:45.359600
2026-09-13,2026-06-01,2026-09-13,district,ARUNACHAL PRADESH,ARUNACHAL PRADESH,PAPUMPARA,11.3,16.5,-32.0,D,1626.7,1958.2,-17.0,N,2026-09-13 11:14:45.359600
2026-09-13,2026-06-01,2026-09-13,district,ARUNACHAL PRADESH,ARUNACHAL PRADESH,TAWANG,0.0,4.5,-100.0,NR,323.2,885.0,-63.0,LD,2026-09-13 11:14:45.359600
2026-09-13,2026-06-01,2026-09-13,district,ARUNACHAL PRADESH,ARUNACHAL PRADESH,TIRAP,10.5,19.6,-46.0,D,1739.5,1775.3,-2.0,N,2026-09-13 11:14:45.359600
2026-09-13,2026-06-01,2026-09-13,district,ARUNACHAL PRADESH,ARUNACHAL PRADESH,UPPER SIANG,7.4,9.0,-18.0,N,1043.6,1540.2,-32.0,D,2026-09-13 11:14:45.359600
2026-09-13,2026-06-01,2026-09-13,district,ARUNACHAL PRADESH,ARUNACHAL PRADESH,UPPER SUBANSIRI,0.0,5.3,-100.0,NR,321.7,839.6,-62.0,LD,2026-09-13 11:14:45.359600
2026-09-13,2026-06-01,2026-09-13,district,ARUNACHAL PRADESH,ARUNACHAL PRADESH,WEST KAMENG,11.6,13.0,-10.0,N,500.4,1519.9,-67.0,LD,2026-09-13 11:14:45.359600
2026-09-13,2026-06-01,2026-09-13,district,ARUNACHAL PRADESH,ARUNACHAL PRADESH,WEST SIANG,2.3,23.0,-90.0,LD,574.8,1772.8,-68.0,LD,2026-09-13 11:14:45.359600
2026-09-13,2026-06-01,2026-09-13,district,ASSAM & MEGHALAYA,ASSAM,BAJALI,2.5,10.0,-75.0,LD,1033.0,1897.1,-46.0,D,2026-09-13 11:14:45.359600
2026-09-13,2026-06-01,2026-09-13,district,ASSAM & MEGHALAYA,ASSAM,BAKSA,0.4,9.3,-96.0,LD,1116.3,1381.7,-19.0,N,2026-09-13 11:14:45.359600
2026-09-13,2026-06-01,2026-09-13,district,ASSAM & MEGHALAYA,ASSAM,BARPETA,0.0,10.0,-100.0,NR,1169.6,1897.1,-38.0,D,2026-09-13 11:14:45.359600
2026-09-13,2026-06-01,2026-09-13,district,ASSAM & MEGHALAYA,ASSAM,BONGAIGAON,10.0,6.5,54.0,E,856.2,2138.2,-60.0,LD,2026-09-13 11:14:45.359600
2026-09-13,2026-06-01,2026-09-13,district,ASSAM & MEGHALAYA,ASSAM,CACHAR,0.2,10.5,-98.0,LD,1562.3,1660.2,-6.0,N,2026-09-13 11:14:45.359600
2026-09-13,2026-06-01,2026-09-13,district,ASSAM & MEGHALAYA,ASSAM,CHARAIDEO,7.5,4.3,74.0,LE,1163.5,934.6,24.0,E,2026-09-13 11:14:45.359600
2026-09-13,2026-06-01,2026-09-13,district,ASSAM & MEGHALAYA,ASSAM,CHIRANG,79.5,17.2,362.0,LE,1273.8,2171.1,-41.0,D,2026-09-13 11:14:45.359600
2026-09-13,2026-06-01,2026-09-13,district,ASSAM & MEGHALAYA,ASSAM,DARRANG,2.8,4.7,-41.0,D,679.3,1157.3,-41.0,D,2026-09-13 11:14:45.359600
2026-09-13,2026-06-01,2026-09-13,district,ASSAM & MEGHALAYA,ASSAM,DHEMAJI,0.0,23.4,-100.0,NR,2008.8,1855.4,8.0,N,2026-09-13 11:14:45.359600
2026-09-13,2026-06-01,2026-09-13,district,ASSAM & MEGHALAYA,ASSAM,DHUBRI,6.7,10.5,-36.0,D,1174.3,1861.6,-37.0,D,2026-09-13 11:14:45.359600
2026-09-13,2026-06-01,2026-09-13,district,ASSAM & MEGHALAYA,ASSAM,DIBRUGARH,0.5,9.7,-95.0,LD,1055.8,1344.1,-21.0,D,2026-09-13 11:14:45.359600
2026-09-13,2026-06-01,2026-09-13,district,ASSAM & MEGHALAYA,ASSAM,DIMA HASAO,0.0,1.9,-100.0,NR,539.2,925.6,-42.0,D,2026-09-13 11:14:45.359600
2026-09-13,2026-06-01,2026-09-13,district,ASSAM & MEGHALAYA,ASSAM,GOALPARA,6.8,15.8,-57.0,D,959.6,1809.2,-47.0,D,2026-09-13 11:14:45.359600
2026-09-13,2026-06-01,2026-09-13,district,ASSAM & MEGHALAYA,ASSAM,GOLAGHAT,5.3,5.3,0.0,N,854.4,942.8,-9.0,N,2026-09-13 11:14:45.359600
2026-09-13,2026-06-01,2026-09-13,district,ASSAM & MEGHALAYA,ASSAM,HAILAKANDI,2.1,13.0,-84.0,LD,1268.6,1374.6,-8.0,N,2026-09-13 11:14:45.359600
2026-09-13,2026-06-01,2026-09-13,district,ASSAM & MEGHALAYA,ASSAM,HOJAI,15.0,7.0,114.0,LE,438.3,682.8,-36.0,D,2026-09-13 11:14:45.359600
2026-09-13,2026-06-01,2026-09-13,district,ASSAM & MEGHALAYA,ASSAM,JORHAT,1.8,7.0,-74.0,LD,779.3,1137.4,-31.0,D,2026-09-13 11:14:45.359600
2026-09-13,2026-06-01,2026-09-13,district,ASSAM & MEGHALAYA,ASSAM,KAMRUP METROPOLITAN,0.3,7.4,-96.0,LD,778.1,958.0,-19.0,N,2026-09-13 11:14:45.359600
2026-09-13,2026-06-01,2026-09-13,district,ASSAM & MEGHALAYA,ASSAM,KAMRUP RURAL,0.1,8.6,-99.0,LD,616.5,1166.2,-47.0,D,2026-09-13 11:14:45.359600
2026-09-13,2026-06-01,2026-09-13,district,ASSAM & MEGHALAYA,ASSAM,KARBI ANGLONG,2.1,5.6,-63.0,LD,645.0,739.7,-13.0,N,2026-09-13 11:14:45.359600
2026-09-13,2026-06-01,2026-09-13,district,ASSAM & MEGHALAYA,ASSAM,KOKRAJHAR,46.5,13.9,235.0,LE,2158.2,2414.6,-11.0,N,2026-09-13 11:14:45.359600
2026-09-13,2026-06-01,2026-09-13,district,ASSAM & MEGHALAYA,ASSAM,LAKHIMPUR,0.0,12.8,-100.0,NR,2097.0,1828.9,15.0,N,2026-09-13 11:14:45.359600
2026-09-13,2026-06-01,2026-09-13,district,ASSAM & MEGHALAYA,ASSAM,MORIGAON,2.4,10.3,-77.0,LD,617.1,1015.1,-39.0,D,2026-09-13 11:14:45.359600
2026-09-13,2026-06-01,2026-09-13,district,ASSAM & MEGHALAYA,ASSAM,NAGAON,5.3,6.3,-16.0,N,555.7,927.6,-40.0,D,2026-09-13 11:14:45.359600
2026-09-13,2026-06-01,2026-09-13,district,ASSAM & MEGHALAYA,ASSAM,NALBARI,3.8,11.9,-68.0,LD,561.7,1441.1,-61.0,LD,2026-09-13 11:14:45.359600
2026-09-13,2026-06-01,2026-09-13,district,ASSAM & MEGHALAYA,ASSAM,SIBSAGAR,25.3,6.5,290.0,LE,797.8,1068.0,-25.0,D,2026-09-13 11:14:45.359600
2026-09-13,2026-06-01,2026-09-13,district,ASSAM & MEGHALAYA,ASSAM,SONITPUR,2.2,7.0,-69.0,LD,1026.3,1071.2,-4.0,N,2026-09-13 11:14:45.359600
2026-09-13,2026-06-01,2026-09-13,district,ASSAM & MEGHALAYA,ASSAM,SRIBHUMI,1.0,14.3,-93.0,LD,1495.7,1946.9,-23.0,D,2026-09-13 11:14:45.359600
2026-09-13,2026-06-01,2026-09-13,district,ASSAM & MEGHALAYA,ASSAM,TAMULPUR,24.5,8.1,203.0,LE,1115.6,1213.3,-8.0,N,2026-09-13 11:14:45.359600
2026-09-13,2026-06-01,2026-09-13,district,ASSAM & MEGHALAYA,ASSAM,TINSUKIA,21.1,8.3,154.0,LE,1203.5,1316.9,-9.0,N,2026-09-13 11:14:45.359600
2026-09-13,2026-06-01,2026-09-13,district,ASSAM & MEGHALAYA,ASSAM,UDALGURI,0.1,6.1,-98.0,LD,535.3,1278.3,-58.0,D,2026-09-13 11:14:45.359600
2026-09-13,2026-06-01,2026-09-13,district,ASSAM & MEGHALAYA,MEGHALAYA,EAST GARO HILLS,0.1,12.1,-99.0,LD,604.1,1677.6,-64.0,LD,2026-09-13 11:14:45.359600
2026-09-13,2026-06-01,2026-09-13,district,ASSAM & MEGHALAYA,MEGHALAYA,EAST JAINTIA HILLS,0.3,35.0,-99.0,LD,1460.8,4098.5,-64.0,LD,2026-09-13 11:14:45.359600
2026-09-13,2026-06-01,2026-09-13,district,ASSAM & MEGHALAYA,MEGHALAYA,EAST KHASI HILLS,0.4,31.3,-99.0,LD,1930.8,4048.8,-52.0,D,2026-09-13 11:14:45.359600
2026-09-13,2026-06-01,2026-09-13,district,ASSAM & MEGHALAYA,MEGHALAYA,NORTH GARO HILLS,0.0,12.5,-99.0,LD,570.3,1639.8,-65.0,LD,2026-09-13 11:14:45.359600
2026-09-13,2026-06-01,2026-09-13,district,ASSAM & MEGHALAYA,MEGHALAYA,RI BHOI,1.9,16.2,-89.0,LD,755.5,1402.2,-46.0,D,2026-09-13 11:14:45.359600
2026-09-13,2026-06-01,2026-09-13,district,ASSAM & MEGHALAYA,MEGHALAYA,SOUTH GARO HILLS,1.0,12.5,-92.0,LD,843.0,1639.8,-49.0,D,2026-09-13 11:14:45.359600
2026-09-13,2026-06-01,2026-09-13,district,ASSAM & MEGHALAYA,MEGHALAYA,SOUTH WEST GARO HILLS,0.4,12.5,-97.0,LD,514.9,1639.8,-69.0,LD,2026-09-13 11:14:45.359600
2026-09-13,2026-06-01,2026-09-13,district,ASSAM & MEGHALAYA,MEGHALAYA,SOUTH WEST KHASI HILLS,0.9,12.5,-93.0,LD,2617.8,1639.8,60.0,LE,2026-09-13 11:14:45.359600
2026-09-13,2026-06-01,2026-09-13,district,ASSAM & MEGHALAYA,MEGHALAYA,WEST GARO HILLS,5.8,12.5,-53.0,D,473.6,1661.5,-71.0,LD,2026-09-13 11:14:45.359600
2026-09-13,2026-06-01,2026-09-13,district,ASSAM & MEGHALAYA,MEGHALAYA,WEST JAINTIA HILLS,4.6,35.0,-87.0,LD,854.9,4098.5,-79.0,LD,2026-09-13 11:14:45.359600
2026-09-13,2026-06-01,2026-09-13,district,ASSAM & MEGHALAYA,MEGHALAYA,WEST KHASI HILLS,0.5,18.0,-97.0,LD,798.6,2413.3,-67.0,LD,2026-09-13 11:14:45.359600
2026-09-13,2026-06-01,2026-09-13,district,BIHAR,BIHAR,ARARIA,19.4,9.3,108.0,LE,819.7,1221.2,-33.0,D,2026-09-13 11:14:45.359600
2026-09-13,2026-06-01,2026-09-13,district,BIHAR,BIHAR,ARWAL,0.7,5.2,-86.0,LD,461.9,623.0,-26.0,D,2026-09-13 11:14:45.359600
2026-09-13,2026-06-01,2026-09-13,district,BIHAR,BIHAR,AURANGABAD,0.0,7.6,-100.0,NR,829.3,767.4,8.0,N,2026-09-13 11:14:45.359600
2026-09-13,2026-06-01,2026-09-13,district,BIHAR,BIHAR,BANKA,0.7,6.2,-88.0,LD,503.5,746.7,-33.0,D,2026-09-13 11:14:45.359600
2026-09-13,2026-06-01,2026-09-13,district,BIHAR,BIHAR,BEGUSARAI,1.3,6.8,-80.0,LD,555.2,881.0,-37.0,D,2026-09-13 11:14:45.359600
2026-09-13,2026-06-01,2026-09-13,district,BIHAR,BIHAR,BHABUA,0.0,10.2,-100.0,NR,487.4,790.9,-38.0,D,2026-09-13 11:14:45.359600
2026-09-13,2026-06-01,2026-09-13,district,BIHAR,BIHAR,BHAGALPUR,0.0,8.3,-100.0,NR,412.4,838.3,-51.0,D,2026-09-13 11:14:45.359600
2026-09-13,2026-06-01,2026-09-13,district,BIHAR,BIHAR,BHOJPUR,0.0,11.3,-100.0,NR,479.9,789.5,-39.0,D,2026-09-13 11:14:45.359600
2026-09-13,2026-06-01,2026-09-13,district,BIHAR,BIHAR,BUXAR,0.0,7.2,-100.0,NR,635.6,704.9,-10.0,N,2026-09-13 11:14:45.359600
2026-09-13,2026-06-01,2026-09-13,district,BIHAR,BIHAR,DARBHANGA,3.6,5.9,-40.0,D,384.6,793.7,-52.0,D,2026-09-13 11:14:45.359600
2026-09-13,2026-06-01,2026-09-13,district,BIHAR,BIHAR,EAST CHAMPARAN,0.4,6.9,-94.0,LD,519.9,941.9,-45.0,D,2026-09-13 11:14:45.359600
2026-09-13,2026-06-01,2026-09-13,district,BIHAR,BIHAR,GAYA,0.2,4.6,-96.0,LD,599.8,737.6,-19.0,N,2026-09-13 11:14:45.359600
2026-09-13,2026-06-01,2026-09-13,district,BIHAR,BIHAR,GOPALGANJ,1.4,7.5,-82.0,LD,525.6,851.7,-38.0,D,2026-09-13 11:14:45.359600
2026-09-13,2026-06-01,2026-09-13,district,BIHAR,BIHAR,JAHANABAD,0.0,3.1,-100.0,NR,310.9,727.1,-57.0,D,2026-09-13 11:14:45.359600
2026-09-13,2026-06-01,2026-09-13,district,BIHAR,BIHAR,JAMUI,0.3,8.5,-97.0,LD,484.6,807.7,-40.0,D,2026-09-13 11:14:45.359600
2026-09-13,2026-06-01,2026-09-13,district,BIHAR,BIHAR,KATIHAR,0.0,7.8,-100.0,NR,604.6,923.5,-35.0,D,2026-09-13 11:14:45.359600
2026-09-13,2026-06-01,2026-09-13,district,BIHAR,BIHAR,KHAGARIA,2.8,9.0,-69.0,LD,762.9,843.6,-10.0,N,2026-09-13 11:14:45.359600
2026-09-13,2026-06-01,2026-09-13,district,BIHAR,BIHAR,KISHANGANJ,27.4,13.7,100.0,LE,1063.4,1551.4,-31.0,D,2026-09-13 11:14:45.359600
2026-09-13,2026-06-01,2026-09-13,district,BIHAR,BIHAR,LAKHISARAI,1.2,3.7,-68.0,LD,669.8,728.7,-8.0,N,2026-09-13 11:14:45.359600
2026-09-13,2026-06-01,2026-09-13,district,BIHAR,BIHAR,MADHEPURA,0.0,10.7,-100.0,NR,598.8,914.8,-35.0,D,2026-09-13 11:14:45.359600
2026-09-13,2026-06-01,2026-09-13,district,BIHAR,BIHAR,MADHUBANI,5.6,6.7,-16.0,N,511.4,876.9,-42.0,D,2026-09-13 11:14:45.359600
2026-09-13,2026-06-01,2026-09-13,district,BIHAR,BIHAR,MUNGER,2.6,6.9,-62.0,LD,636.7,894.0,-29.0,D,2026-09-13 11:14:45.359600
2026-09-13,2026-06-01,2026-09-13,district,BIHAR,BIHAR,MUZAFFARPUR,0.3,7.9,-97.0,LD,444.5,850.3,-48.0,D,2026-09-13 11:14:45.359600
2026-09-13,2026-06-01,2026-09-13,district,BIHAR,BIHAR,NALANDA,2.5,9.4,-73.0,LD,479.8,747.2,-36.0,D,2026-09-13 11:14:45.359600
2026-09-13,2026-06-01,2026-09-13,district,BIHAR,BIHAR,NAWADA,0.7,5.2,-87.0,LD,572.5,727.9,-21.0,D,2026-09-13 11:14:45.359600
2026-09-13,2026-06-01,2026-09-13,district,BIHAR,BIHAR,PATNA,0.7,5.2,-87.0,LD,438.6,781.1,-44.0,D,2026-09-13 11:14:45.359600
2026-09-13,2026-06-01,2026-09-13,district,BIHAR,BIHAR,PURNEA,0.1,10.8,-99.0,LD,716.5,1242.5,-42.0,D,2026-09-13 11:14:45.359600
2026-09-13,2026-06-01,2026-09-13,district,BIHAR,BIHAR,ROHTAS,0.1,10.2,-99.0,LD,591.4,755.2,-22.0,D,2026-09-13 11:14:45.359600
2026-09-13,2026-06-01,2026-09-13,district,BIHAR,BIHAR,SAHARSA,0.0,7.6,-100.0,NR,494.8,952.1,-48.0,D,2026-09-13 11:14:45.359600
2026-09-13,2026-06-01,2026-09-13,district,BIHAR,BIHAR,SAMASTIPUR,0.0,5.2,-100.0,NR,443.6,817.9,-46.0,D,2026-09-13 11:14:45.359600
2026-09-13,2026-06-01,2026-09-13,district,BIHAR,BIHAR,SARAN,0.2,9.1,-98.0,LD,433.2,801.1,-46.0,D,2026-09-13 11:14:45.359600
2026-09-13,2026-06-01,2026-09-13,district,BIHAR,BIHAR,SHEIKHPURA,2.1,7.4,-72.0,LD,493.6,718.1,-31.0,D,2026-09-13 11:14:45.359600
2026-09-13,2026-06-01,2026-09-13,district,BIHAR,BIHAR,SHEOHAR,0.0,7.4,-100.0,NR,344.2,894.6,-62.0,LD,2026-09-13 11:14:45.359600
2026-09-13,2026-06-01,2026-09-13,district,BIHAR,BIHAR,SITAMARHI,2.2,5.9,-62.0,LD,398.5,957.6,-58.0,D,2026-09-13 11:14:45.359600
2026-09-13,2026-06-01,2026-09-13,district,BIHAR,BIHAR,SIWAN,0.0,8.4,-100.0,NR,719.0,789.4,-9.0,N,2026-09-13 11:14:45.359600
2026-09-13,2026-06-01,2026-09-13,district,BIHAR,BIHAR,SUPAUL,7.9,8.3,-4.0,N,698.0,958.3,-27.0,D,2026-09-13 11:14:45.359600
2026-09-13,2026-06-01,2026-09-13,district,BIHAR,BIHAR,VAISHALI,0.8,6.3,-87.0,LD,476.4,800.5,-40.0,D,2026-09-13 11:14:45.359600
2026-09-13,2026-06-01,2026-09-13,district,BIHAR,BIHAR,WEST CHAMPARAN,0.0,7.9,-100.0,NR,675.8,1102.2,-39.0,D,2026-09-13 11:14:45.359600
2026-09-13,2026-06-01,2026-09-13,district,CHHATTISGARH,CHHATTISGARH,BALOD,20.1,7.0,188.0,LE,1048.9,937.2,12.0,N,2026-09-13 11:14:45.359600
2026-09-13,2026-06-01,2026-09-13,district,CHHATTISGARH,CHHATTISGARH,BALODA BAZAR,10.1,6.0,68.0,LE,993.8,855.1,16.0,N,2026-09-13 11:14:45.359600
2026-09-13,2026-06-01,2026-09-13,district,CHHATTISGARH,CHHATTISGARH,BALRAMPUR,0.1,7.9,-99.0,LD,1480.0,905.1,64.0,LE,2026-09-13 11:14:45.359600
2026-09-13,2026-06-01,2026-09-13,district,CHHATTISGARH,CHHATTISGARH,BASTAR,13.8,7.6,81.0,LE,1011.2,1069.8,-5.0,N,2026-09-13 11:14:45.359600
2026-09-13,2026-06-01,2026-09-13,district,CHHATTISGARH,CHHATTISGARH,BEMETARA,13.3,5.7,134.0,LE,563.0,956.9,-41.0,D,2026-09-13 11:14:45.359600
2026-09-13,2026-06-01,2026-09-13,district,CHHATTISGARH,CHHATTISGARH,BIJAPUR,27.8,8.9,212.0,LE,1319.2,1268.2,4.0,N,2026-09-13 11:14:45.359600
2026-09-13,2026-06-01,2026-09-13,district,CHHATTISGARH,CHHATTISGARH,BILASPUR,4.7,8.9,-47.0,D,962.4,969.6,-1.0,N,2026-09-13 11:14:45.359600
2026-09-13,2026-06-01,2026-09-13,district,CHHATTISGARH,CHHATTISGARH,DANTEWADA,39.7,9.8,305.0,LE,1041.9,1191.4,-13.0,N,2026-09-13 11:14:45.359600
2026-09-13,2026-06-01,2026-09-13,district,CHHATTISGARH,CHHATTISGARH,DHAMTARI,13.3,8.5,57.0,E,1051.5,976.7,8.0,N,2026-09-13 11:14:45.359600
2026-09-13,2026-06-01,2026-09-13,district,CHHATTISGARH,CHHATTISGARH,DURG,7.0,9.0,-22.0,D,759.7,900.2,-16.0,N,2026-09-13 11:14:45.359600
2026-09-13,2026-06-01,2026-09-13,district,CHHATTISGARH,CHHATTISGARH,GARIABAND,14.2,5.9,141.0,LE,1141.2,965.6,18.0,N,2026-09-13 11:14:45.359600
2026-09-13,2026-06-01,2026-09-13,district,CHHATTISGARH,CHHATTISGARH,GAURELA PENDRA MARWAHI,7.9,10.5,-25.0,D,898.5,997.3,-10.0,N,2026-09-13 11:14:45.359600
2026-09-13,2026-06-01,2026-09-13,district,CHHATTISGARH,CHHATTISGARH,JANJGIR,8.8,6.7,32.0,E,1100.4,1010.9,9.0,N,2026-09-13 11:14:45.359600
2026-09-13,2026-06-01,2026-09-13,district,CHHATTISGARH,CHHATTISGARH,JASHPUR,2.1,8.7,-76.0,LD,791.0,1236.1,-36.0,D,2026-09-13 11:14:45.359600
2026-09-13,2026-06-01,2026-09-13,district,CHHATTISGARH,CHHATTISGARH,KABIRDHAM,12.8,3.5,267.0,LE,626.7,783.8,-20.0,D,2026-09-13 11:14:45.359600
2026-09-13,2026-06-01,2026-09-13,district,CHHATTISGARH,CHHATTISGARH,KANKER,13.9,7.8,78.0,LE,850.4,1225.9,-31.0,D,2026-09-13 11:14:45.359600
2026-09-13,2026-06-01,2026-09-13,district,CHHATTISGARH,CHHATTISGARH,KHAIRAGARH CHH GANDAI,32.0,4.0,699.0,LE,679.1,671.7,1.0,N,2026-09-13 11:14:45.359600
2026-09-13,2026-06-01,2026-09-13,district,CHHATTISGARH,CHHATTISGARH,KONDAGAON,24.1,8.4,187.0,LE,934.5,1073.9,-13.0,N,2026-09-13 11:14:45.359600
2026-09-13,2026-06-01,2026-09-13,district,CHHATTISGARH,CHHATTISGARH,KORBA,8.0,6.8,18.0,N,1044.9,1164.5,-10.0,N,2026-09-13 11:14:45.359600
2026-09-13,2026-06-01,2026-09-13,district,CHHATTISGARH,CHHATTISGARH,KORIYA,0.0,8.2,-100.0,NR,889.4,1019.2,-13.0,N,2026-09-13 11:14:45.359600
2026-09-13,2026-06-01,2026-09-13,district,CHHATTISGARH,CHHATTISGARH,MAHASAMUND,8.5,5.7,49.0,E,1120.1,975.2,15.0,N,2026-09-13 11:14:45.359600
2026-09-13,2026-06-01,2026-09-13,district,CHHATTISGARH,CHHATTISGARH,MANENDRAGARH BHARATPUR,1.9,8.2,-77.0,LD,1116.1,1019.0,10.0,N,2026-09-13 11:14:45.359600
2026-09-13,2026-06-01,2026-09-13,district,CHHATTISGARH,CHHATTISGARH,MOHALA MANPUR CHOWKI,25.1,6.3,299.0,LE,843.5,939.9,-10.0,N,2026-09-13 11:14:45.359600
2026-09-13,2026-06-01,2026-09-13,district,CHHATTISGARH,CHHATTISGARH,MUNGELI,9.9,8.1,22.0,E,1083.2,872.9,24.0,E,2026-09-13 11:14:45.359600
2026-09-13,2026-06-01,2026-09-13,district,CHHATTISGARH,CHHATTISGARH,NARAYANPUR,16.4,7.7,113.0,LE,1351.1,1134.4,19.0,N,2026-09-13 11:14:45.359600
2026-09-13,2026-06-01,2026-09-13,district,CHHATTISGARH,CHHATTISGARH,RAIGARH,4.5,8.6,-48.0,D,944.8,1098.3,-14.0,N,2026-09-13 11:14:45.359600
2026-09-13,2026-06-01,2026-09-13,district,CHHATTISGARH,CHHATTISGARH,RAIPUR,14.3,7.3,95.0,LE,1103.8,931.2,19.0,N,2026-09-13 11:14:45.359600
2026-09-13,2026-06-01,2026-09-13,district,CHHATTISGARH,CHHATTISGARH,RAJNANDGAON,17.6,7.9,123.0,LE,825.6,947.9,-13.0,N,2026-09-13 11:14:45.359600
2026-09-13,2026-06-01,2026-09-13,district,CHHATTISGARH,CHHATTISGARH,SAKTI,7.9,4.3,84.0,LE,926.8,1035.9,-11.0,N,2026-09-13 11:14:45.359600
2026-09-13,2026-06-01,2026-09-13,district,CHHATTISGARH,CHHATTISGARH,SARANGARH BILAIGARH,6.0,4.4,36.0,E,1122.7,850.1,32.0,E,2026-09-13 11:14:45.359600
2026-09-13,2026-06-01,2026-09-13,district,CHHATTISGARH,CHHATTISGARH,SUKMA,28.9,7.7,275.0,LE,974.1,1094.7,-11.0,N,2026-09-13 11:14:45.359600
2026-09-13,2026-06-01,2026-09-13,district,CHHATTISGARH,CHHATTISGARH,SURAJPUR,0.7,8.0,-92.0,LD,1172.2,1098.8,7.0,N,2026-09-13 11:14:45.359600
2026-09-13,2026-06-01,2026-09-13,district,CHHATTISGARH,CHHATTISGARH,SURGUJA,1.1,10.5,-90.0,LD,647.7,1078.9,-40.0,D,2026-09-13 11:14:45.359600
2026-09-13,2026-06-01,2026-09-13,district,COASTAL A. P. & YANAM,ANDHRA PRADESH,ANAKAPALLI,4.2,7.5,-44.0,D,322.2,527.9,-39.0,D,2026-09-13 11:14:45.359600
2026-09-13,2026-06-01,2026-09-13,district,COASTAL A. P. & YANAM,ANDHRA PRADESH,BAPATLA,30.2,4.3,602.0,LE,249.3,453.0,-45.0,D,2026-09-13 11:14:45.359600
2026-09-13,2026-06-01,2026-09-13,district,COASTAL A. P. & YANAM,ANDHRA PRADESH,DR B R AMBEDKAR KONASEEMA,63.2,6.6,858.0,LE,565.4,669.7,-16.0,N,2026-09-13 11:14:45.359600
2026-09-13,2026-06-01,2026-09-13,district,COASTAL A. P. & YANAM,ANDHRA PRADESH,EAST GODAVARI,12.7,5.5,131.0,LE,370.1,627.0,-41.0,D,2026-09-13 11:14:45.359600
2026-09-13,2026-06-01,2026-09-13,district,COASTAL A. P. & YANAM,ANDHRA PRADESH,ELURU,20.0,6.0,233.0,LE,454.6,753.4,-40.0,D,2026-09-13 11:14:45.359600
2026-09-13,2026-06-01,2026-09-13,district,COASTAL A. P. & YANAM,ANDHRA PRADESH,GUNTUR,38.9,3.6,979.0,LE,418.0,499.4,-16.0,N,2026-09-13 11:14:45.359600
2026-09-13,2026-06-01,2026-09-13,district,COASTAL A. P. & YANAM,ANDHRA PRADESH,KAKINADA,13.7,5.1,168.0,LE,331.0,559.8,-41.0,D,2026-09-13 11:14:45.359600
2026-09-13,2026-06-01,2026-09-13,district,COASTAL A. P. & YANAM,ANDHRA PRADESH,KRISHNA,26.7,4.3,521.0,LE,374.8,566.0,-34.0,D,2026-09-13 11:14:45.359600
2026-09-13,2026-06-01,2026-09-13,district,COASTAL A. P. & YANAM,ANDHRA PRADESH,NTR DISTRICT,17.1,7.6,125.0,LE,397.2,611.2,-35.0,D,2026-09-13 11:14:45.359600
2026-09-13,2026-06-01,2026-09-13,district,COASTAL A. P. & YANAM,ANDHRA PRADESH,PALNADU,7.5,4.2,78.0,LE,260.7,454.0,-43.0,D,2026-09-13 11:14:45.359600
2026-09-13,2026-06-01,2026-09-13,district,COASTAL A. P. & YANAM,ANDHRA PRADESH,PARVATHIPURAM MANYAM,0.8,6.0,-86.0,LD,420.8,681.0,-38.0,D,2026-09-13 11:14:45.359600
2026-09-13,2026-06-01,2026-09-13,district,COASTAL A. P. & YANAM,ANDHRA PRADESH,PRAKASAM,2.0,3.1,-34.0,D,123.3,294.0,-58.0,D,2026-09-13 11:14:45.359600
2026-09-13,2026-06-01,2026-09-13,district,COASTAL A. P. & YANAM,ANDHRA PRADESH,SPSR NELLORE,0.0,2.5,-100.0,NR,151.4,262.8,-42.0,D,2026-09-13 11:14:45.359600
2026-09-13,2026-06-01,2026-09-13,district,COASTAL A. P. & YANAM,ANDHRA PRADESH,SRI ALLURI SITHARAMARAJU DISTRICT,26.0,7.2,261.0,LE,411.8,798.8,-48.0,D,2026-09-13 11:14:45.359600
2026-09-13,2026-06-01,2026-09-13,district,COASTAL A. P. & YANAM,ANDHRA PRADESH,SRIKAKULAM,5.8,5.2,11.0,N,412.4,609.8,-32.0,D,2026-09-13 11:14:45.359600
2026-09-13,2026-06-01,2026-09-13,district,COASTAL A. P. & YANAM,ANDHRA PRADESH,VISHAKHAPATNAM,12.4,3.7,234.0,LE,275.6,469.2,-41.0,D,2026-09-13 11:14:45.359600
2026-09-13,2026-06-01,2026-09-13,district,COASTAL A. P. & YANAM,ANDHRA PRADESH,VIZIANAGARAM,2.2,7.6,-71.0,LD,394.0,582.0,-32.0,D,2026-09-13 11:14:45.359600
2026-09-13,2026-06-01,2026-09-13,district,COASTAL A. P. & YANAM,ANDHRA PRADESH,WEST GODAVARI,48.7,6.7,627.0,LE,403.7,638.2,-37.0,D,2026-09-13 11:14:45.359600
2026-09-13,2026-06-01,2026-09-13,district,COASTAL A. P. & YANAM,PUDUCHERRY (UT),YANAM,51.4,5.5,835.0,LE,389.4,631.5,-38.0,D,2026-09-13 11:14:45.359600
2026-09-13,2026-06-01,2026-09-13,district,COASTAL KARNATAKA,KARNATAKA,DAKSHINA KANNADA,0.0,13.4,-100.0,NR,2455.9,3156.5,-22.0,D,2026-09-13 11:14:45.359600
2026-09-13,2026-06-01,2026-09-13,district,COASTAL KARNATAKA,KARNATAKA,UDUPI,0.0,13.2,-100.0,NR,2555.1,3572.2,-28.0,D,2026-09-13 11:14:45.359600
2026-09-13,2026-06-01,2026-09-13,district,COASTAL KARNATAKA,KARNATAKA,UTTARA KANNADA,0.0,8.0,-100.0,NR,1862.3,2608.1,-29.0,D,2026-09-13 11:14:45.359600
2026-09-13,2026-06-01,2026-09-13,district,EAST MADHYA PRADESH,MADHYA PRADESH,ANUPPUR,8.2,4.5,83.0,LE,1005.0,913.9,10.0,N,2026-09-13 11:14:45.359600
2026-09-13,2026-06-01,2026-09-13,district,EAST MADHYA PRADESH,MADHYA PRADESH,BALAGHAT,21.6,10.1,113.0,LE,1052.9,1150.2,-8.0,N,2026-09-13 11:14:45.359600
2026-09-13,2026-06-01,2026-09-13,district,EAST MADHYA PRADESH,MADHYA PRADESH,CHHATARPUR,7.0,6.5,8.0,N,945.0,877.6,8.0,N,2026-09-13 11:14:45.359600
2026-09-13,2026-06-01,2026-09-13,district,EAST MADHYA PRADESH,MADHYA PRADESH,CHHINDWARA,8.8,7.3,21.0,E,707.3,947.9,-25.0,D,2026-09-13 11:14:45.359600
2026-09-13,2026-06-01,2026-09-13,district,EAST MADHYA PRADESH,MADHYA PRADESH,DAMOH,13.2,5.6,136.0,LE,932.8,1015.0,-8.0,N,2026-09-13 11:14:45.359600
2026-09-13,2026-06-01,2026-09-13,district,EAST MADHYA PRADESH,MADHYA PRADESH,DINDORI,0.0,5.0,-100.0,NR,1025.7,1107.7,-7.0,N,2026-09-13 11:14:45.359600
2026-09-13,2026-06-01,2026-09-13,district,EAST MADHYA PRADESH,MADHYA PRADESH,JABALPUR,1.1,4.9,-77.0,LD,879.7,1053.5,-17.0,N,2026-09-13 11:14:45.359600
2026-09-13,2026-06-01,2026-09-13,district,EAST MADHYA PRADESH,MADHYA PRADESH,KATNI,6.6,3.4,94.0,LE,827.4,876.2,-6.0,N,2026-09-13 11:14:45.359600
2026-09-13,2026-06-01,2026-09-13,district,EAST MADHYA PRADESH,MADHYA PRADESH,MAIHAR,5.6,7.0,-20.0,D,1042.8,900.0,16.0,N,2026-09-13 11:14:45.359600
2026-09-13,2026-06-01,2026-09-13,district,EAST MADHYA PRADESH,MADHYA PRADESH,MANDLA,2.9,5.1,-43.0,D,1072.8,1114.3,-4.0,N,2026-09-13 11:14:45.359600
2026-09-13,2026-06-01,2026-09-13,district,EAST MADHYA PRADESH,MADHYA PRADESH,MAUGANJ,0.0,6.6,-100.0,NR,1390.7,887.9,57.0,E,2026-09-13 11:14:45.359600
2026-09-13,2026-06-01,2026-09-13,district,EAST MADHYA PRADESH,MADHYA PRADESH,NARSINGHPUR,7.6,3.9,95.0,LE,909.0,974.6,-7.0,N,2026-09-13 11:14:45.359600
2026-09-13,2026-06-01,2026-09-13,district,EAST MADHYA PRADESH,MADHYA PRADESH,NIWARI,0.0,7.5,-100.0,NR,1157.0,738.5,57.0,E,2026-09-13 11:14:45.359600
2026-09-13,2026-06-01,2026-09-13,district,EAST MADHYA PRADESH,MADHYA PRADESH,PANDHURNA,26.5,4.5,489.0,LE,570.4,730.6,-22.0,D,2026-09-13 11:14:45.359600
2026-09-13,2026-06-01,2026-09-13,district,EAST MADHYA PRADESH,MADHYA PRADESH,PANNA,3.2,12.6,-75.0,LD,1071.4,1016.4,5.0,N,2026-09-13 11:14:45.359600
2026-09-13,2026-06-01,2026-09-13,district,EAST MADHYA PRADESH,MADHYA PRADESH,REWA,3.0,10.1,-70.0,LD,789.0,918.6,-14.0,N,2026-09-13 11:14:45.359600
2026-09-13,2026-06-01,2026-09-13,district,EAST MADHYA PRADESH,MADHYA PRADESH,SAGAR,5.9,7.6,-22.0,D,832.3,992.4,-16.0,N,2026-09-13 11:14:45.359600
2026-09-13,2026-06-01,2026-09-13,district,EAST MADHYA PRADESH,MADHYA PRADESH,SATNA,6.0,7.7,-23.0,D,1286.7,875.3,47.0,E,2026-09-13 11:14:45.359600
2026-09-13,2026-06-01,2026-09-13,district,EAST MADHYA PRADESH,MADHYA PRADESH,SEONI,7.4,6.2,19.0,N,783.6,938.4,-16.0,N,2026-09-13 11:14:45.359600
2026-09-13,2026-06-01,2026-09-13,district,EAST MADHYA PRADESH,MADHYA PRADESH,SHAHDOL,2.4,6.9,-65.0,LD,1102.7,916.8,20.0,E,2026-09-13 11:14:45.359600
2026-09-13,2026-06-01,2026-09-13,district,EAST MADHYA PRADESH,MADHYA PRADESH,SIDHI,4.0,5.5,-27.0,D,1118.3,956.9,17.0,N,2026-09-13 11:14:45.359600
2026-09-13,2026-06-01,2026-09-13,district,EAST MADHYA PRADESH,MADHYA PRADESH,SINGRAULI,2.7,7.3,-63.0,LD,1051.6,947.9,11.0,N,2026-09-13 11:14:45.359600
2026-09-13,2026-06-01,2026-09-13,district,EAST MADHYA PRADESH,MADHYA PRADESH,TIKAMGARH,0.6,5.9,-89.0,LD,898.1,855.1,5.0,N,2026-09-13 11:14:45.359600
2026-09-13,2026-06-01,2026-09-13,district,EAST MADHYA PRADESH,MADHYA PRADESH,UMARIA,4.3,7.9,-46.0,D,1081.5,996.2,9.0,N,2026-09-13 11:14:45.359600
2026-09-13,2026-06-01,2026-09-13,district,EAST RAJASTHAN,RAJASTHAN,AJMER,1.3,1.7,-23.0,D,342.2,435.9,-21.0,D,2026-09-13 11:14:45.359600
2026-09-13,2026-06-01,2026-09-13,district,EAST RAJASTHAN,RAJASTHAN,ALWAR,0.8,1.9,-59.0,D,502.3,516.8,-3.0,N,2026-09-13 11:14:45.359600
2026-09-13,2026-06-01,2026-09-13,district,EAST RAJASTHAN,RAJASTHAN,BANSWARA,14.8,5.1,190.0,LE,400.5,831.0,-52.0,D,2026-09-13 11:14:45.359600
2026-09-13,2026-06-01,2026-09-13,district,EAST RAJASTHAN,RAJASTHAN,BARAN,1.5,3.5,-57.0,D,634.1,794.5,-20.0,D,2026-09-13 11:14:45.359600
2026-09-13,2026-06-01,2026-09-13,district,EAST RAJASTHAN,RAJASTHAN,BHARATPUR,0.0,2.7,-100.0,NR,655.2,511.6,28.0,E,2026-09-13 11:14:45.359600
2026-09-13,2026-06-01,2026-09-13,district,EAST RAJASTHAN,RAJASTHAN,BHILWARA,4.5,2.6,75.0,LE,383.6,575.0,-33.0,D,2026-09-13 11:14:45.359600
2026-09-13,2026-06-01,2026-09-13,district,EAST RAJASTHAN,RAJASTHAN,BUNDI,4.8,3.5,38.0,E,499.8,618.8,-19.0,N,2026-09-13 11:14:45.359600
2026-09-13,2026-06-01,2026-09-13,district,EAST RAJASTHAN,RAJASTHAN,CHITTORGARH,10.9,3.7,195.0,LE,512.9,690.8,-26.0,D,2026-09-13 11:14:45.359600
2026-09-13,2026-06-01,2026-09-13,district,EAST RAJASTHAN,RAJASTHAN,DAUSA,0.0,1.9,-100.0,NR,620.8,565.8,10.0,N,2026-09-13 11:14:45.359600
2026-09-13,2026-06-01,2026-09-13,district,EAST RAJASTHAN,RAJASTHAN,DHOLPUR,0.0,4.1,-100.0,NR,700.7,549.7,27.0,E,2026-09-13 11:14:45.359600
2026-09-13,2026-06-01,2026-09-13,district,EAST RAJASTHAN,RAJASTHAN,DUNGARPUR,7.9,3.1,155.0,LE,348.9,665.2,-48.0,D,2026-09-13 11:14:45.359600
2026-09-13,2026-06-01,2026-09-13,district,EAST RAJASTHAN,RAJASTHAN,JAIPUR,0.3,2.0,-87.0,LD,382.5,500.0,-24.0,D,2026-09-13 11:14:45.359600
2026-09-13,2026-06-01,2026-09-13,district,EAST RAJASTHAN,RAJASTHAN,JHALAWAR,13.2,4.3,207.0,LE,725.5,838.2,-13.0,N,2026-09-13 11:14:45.359600
2026-09-13,2026-06-01,2026-09-13,district,EAST RAJASTHAN,RAJASTHAN,JHUNJHUNU,0.3,1.8,-86.0,LD,403.0,384.9,5.0,N,2026-09-13 11:14:45.359600
2026-09-13,2026-06-01,2026-09-13,district,EAST RAJASTHAN,RAJASTHAN,KARAULI,0.0,2.5,-100.0,NR,535.3,569.6,-6.0,N,2026-09-13 11:14:45.359600
2026-09-13,2026-06-01,2026-09-13,district,EAST RAJASTHAN,RAJASTHAN,KOTA,5.7,3.6,60.0,LE,514.4,703.2,-27.0,D,2026-09-13 11:14:45.359600
2026-09-13,2026-06-01,2026-09-13,district,EAST RAJASTHAN,RAJASTHAN,PRATAPGARH,24.8,5.6,343.0,LE,652.5,859.6,-24.0,D,2026-09-13 11:14:45.359600
2026-09-13,2026-06-01,2026-09-13,district,EAST RAJASTHAN,RAJASTHAN,RAJSAMAND,6.4,2.5,157.0,LE,322.6,508.2,-37.0,D,2026-09-13 11:14:45.359600
2026-09-13,2026-06-01,2026-09-13,district,EAST RAJASTHAN,RAJASTHAN,SAWAI MADHOPUR,0.0,2.1,-100.0,NR,527.1,631.6,-17.0,N,2026-09-13 11:14:45.359600
2026-09-13,2026-06-01,2026-09-13,district,EAST RAJASTHAN,RAJASTHAN,SIKAR,1.3,1.4,-11.0,N,353.1,388.0,-9.0,N,2026-09-13 11:14:45.359600
2026-09-13,2026-06-01,2026-09-13,district,EAST RAJASTHAN,RAJASTHAN,SIROHI,7.2,2.4,199.0,LE,422.5,834.7,-49.0,D,2026-09-13 11:14:45.359600
2026-09-13,2026-06-01,2026-09-13,district,EAST RAJASTHAN,RAJASTHAN,TONK,0.0,2.6,-100.0,NR,453.2,543.5,-17.0,N,2026-09-13 11:14:45.359600
2026-09-13,2026-06-01,2026-09-13,district,EAST RAJASTHAN,RAJASTHAN,UDAIPUR,5.8,2.6,121.0,LE,345.9,577.6,-40.0,D,2026-09-13 11:14:45.359600
2026-09-13,2026-06-01,2026-09-13,district,EAST UTTAR PRADESH,UTTAR PRADESH,AMBEDKAR NAGAR,0.0,4.9,-100.0,NR,694.5,771.5,-10.0,N,2026-09-13 11:14:45.359600
2026-09-13,2026-06-01,2026-09-13,district,EAST UTTAR PRADESH,UTTAR PRADESH,AMETHI,0.0,4.8,-100.0,NR,369.4,611.1,-40.0,D,2026-09-13 11:14:45.359600
2026-09-13,2026-06-01,2026-09-13,district,EAST UTTAR PRADESH,UTTAR PRADESH,AYODHYA,0.0,8.1,-100.0,NR,672.5,773.3,-13.0,N,2026-09-13 11:14:45.359600
2026-09-13,2026-06-01,2026-09-13,district,EAST UTTAR PRADESH,UTTAR PRADESH,AZAMGARH,0.0,9.1,-100.0,NR,611.7,746.8,-18.0,N,2026-09-13 11:14:45.359600
2026-09-13,2026-06-01,2026-09-13,district,EAST UTTAR PRADESH,UTTAR PRADESH,BAHRAICH,0.0,11.9,-100.0,NR,1022.6,891.0,15.0,N,2026-09-13 11:14:45.359600
2026-09-13,2026-06-01,2026-09-13,district,EAST UTTAR PRADESH,UTTAR PRADESH,BALLIA,0.0,5.7,-100.0,NR,535.9,641.0,-16.0,N,2026-09-13 11:14:45.359600
2026-09-13,2026-06-01,2026-09-13,district,EAST UTTAR PRADESH,UTTAR PRADESH,BALRAMPUR,0.0,8.0,-100.0,NR,606.7,728.9,-17.0,N,2026-09-13 11:14:45.359600
2026-09-13,2026-06-01,2026-09-13,district,EAST UTTAR PRADESH,UTTAR PRADESH,BANDA,0.0,5.5,-100.0,NR,1126.7,708.6,59.0,E,2026-09-13 11:14:45.359600
2026-09-13,2026-06-01,2026-09-13,district,EAST UTTAR PRADESH,UTTAR PRADESH,BARABANKI,0.0,8.1,-100.0,NR,764.4,739.6,3.0,N,2026-09-13 11:14:45.359600
2026-09-13,2026-06-01,2026-09-13,district,EAST UTTAR PRADESH,UTTAR PRADESH,BASTI,0.0,9.4,-100.0,NR,620.7,747.9,-17.0,N,2026-09-13 11:14:45.359600
2026-09-13,2026-06-01,2026-09-13,district,EAST UTTAR PRADESH,UTTAR PRADESH,BHADOHI,0.0,2.3,-100.0,NR,294.2,712.3,-59.0,D,2026-09-13 11:14:45.359600
2026-09-13,2026-06-01,2026-09-13,district,EAST UTTAR PRADESH,UTTAR PRADESH,CHANDAULI,0.0,8.3,-100.0,NR,518.5,651.0,-20.0,D,2026-09-13 11:14:45.359600
2026-09-13,2026-06-01,2026-09-13,district,EAST UTTAR PRADESH,UTTAR PRADESH,CHITRAKOOT,1.8,6.3,-72.0,LD,1216.0,713.6,70.0,LE,2026-09-13 11:14:45.359600
2026-09-13,2026-06-01,2026-09-13,district,EAST UTTAR PRADESH,UTTAR PRADESH,DEORIA,0.0,7.4,-100.0,NR,188.0,696.9,-73.0,LD,2026-09-13 11:14:45.359600
2026-09-13,2026-06-01,2026-09-13,district,EAST UTTAR PRADESH,UTTAR PRADESH,FARRUKHABAD,0.0,5.2,-100.0,NR,544.9,664.8,-18.0,N,2026-09-13 11:14:45.359600
2026-09-13,2026-06-01,2026-09-13,district,EAST UTTAR PRADESH,UTTAR PRADESH,FATEHPUR,0.0,5.3,-100.0,NR,631.4,640.3,-1.0,N,2026-09-13 11:14:45.359600
2026-09-13,2026-06-01,2026-09-13,district,EAST UTTAR PRADESH,UTTAR PRADESH,GHAZIPUR,0.0,12.6,-100.0,NR,563.5,702.4,-20.0,D,2026-09-13 11:14:45.359600
2026-09-13,2026-06-01,2026-09-13,district,EAST UTTAR PRADESH,UTTAR PRADESH,GONDA,0.0,8.2,-100.0,NR,745.1,784.3,-5.0,N,2026-09-13 11:14:45.359600
2026-09-13,2026-06-01,2026-09-13,district,EAST UTTAR PRADESH,UTTAR PRADESH,GORAKHPUR,0.0,10.2,-100.0,NR,753.2,1106.4,-32.0,D,2026-09-13 11:14:45.359600
2026-09-13,2026-06-01,2026-09-13,district,EAST UTTAR PRADESH,UTTAR PRADESH,HARDOI,0.5,9.0,-94.0,LD,575.8,605.5,-5.0,N,2026-09-13 11:14:45.359600
2026-09-13,2026-06-01,2026-09-13,district,EAST UTTAR PRADESH,UTTAR PRADESH,JAUNPUR,0.0,10.6,-100.0,NR,280.8,645.2,-56.0,D,2026-09-13 11:14:45.359600
2026-09-13,2026-06-01,2026-09-13,district,EAST UTTAR PRADESH,UTTAR PRADESH,KANNAUJ,0.0,11.1,-100.0,NR,820.1,614.2,34.0,E,2026-09-13 11:14:45.359600
2026-09-13,2026-06-01,2026-09-13,district,EAST UTTAR PRADESH,UTTAR PRADESH,KANPUR CITY,0.0,6.6,-100.0,NR,865.3,568.3,52.0,E,2026-09-13 11:14:45.359600
2026-09-13,2026-06-01,2026-09-13,district,EAST UTTAR PRADESH,UTTAR PRADESH,KANPUR DEHAT,0.0,5.0,-100.0,NR,198.9,532.0,-63.0,LD,2026-09-13 11:14:45.359600
2026-09-13,2026-06-01,2026-09-13,district,EAST UTTAR PRADESH,UTTAR PRADESH,KAUSHAMBI,0.0,5.4,-100.0,NR,318.9,501.3,-36.0,D,2026-09-13 11:14:45.359600
2026-09-13,2026-06-01,2026-09-13,district,EAST UTTAR PRADESH,UTTAR PRADESH,KHERI,0.0,8.6,-100.0,NR,935.0,826.0,13.0,N,2026-09-13 11:14:45.359600
2026-09-13,2026-06-01,2026-09-13,district,EAST UTTAR PRADESH,UTTAR PRADESH,KUSHI NAGAR,0.0,7.0,-100.0,NR,227.1,654.9,-65.0,LD,2026-09-13 11:14:45.359600
2026-09-13,2026-06-01,2026-09-13,district,EAST UTTAR PRADESH,UTTAR PRADESH,LUCKNOW,0.2,4.9,-95.0,LD,647.6,598.8,8.0,N,2026-09-13 11:14:45.359600
2026-09-13,2026-06-01,2026-09-13,district,EAST UTTAR PRADESH,UTTAR PRADESH,MAHARAJGANJ,0.0,9.0,-100.0,NR,736.5,902.2,-18.0,N,2026-09-13 11:14:45.359600
2026-09-13,2026-06-01,2026-09-13,district,EAST UTTAR PRADESH,UTTAR PRADESH,MAU,0.0,8.4,-100.0,NR,321.0,709.6,-55.0,D,2026-09-13 11:14:45.359600
2026-09-13,2026-06-01,2026-09-13,district,EAST UTTAR PRADESH,UTTAR PRADESH,MIRZAPUR,0.8,9.6,-92.0,LD,839.8,793.8,6.0,N,2026-09-13 11:14:45.359600
2026-09-13,2026-06-01,2026-09-13,district,EAST UTTAR PRADESH,UTTAR PRADESH,PRATAPGARH,0.0,6.0,-100.0,NR,862.8,692.8,25.0,E,2026-09-13 11:14:45.359600
2026-09-13,2026-06-01,2026-09-13,district,EAST UTTAR PRADESH,UTTAR PRADESH,PRAYAGRAJ,1.2,8.2,-85.0,LD,915.8,651.8,41.0,E,2026-09-13 11:14:45.359600
2026-09-13,2026-06-01,2026-09-13,district,EAST UTTAR PRADESH,UTTAR PRADESH,RAE BAREILLY,0.0,3.7,-100.0,NR,329.0,389.0,-15.0,N,2026-09-13 11:14:45.359600
2026-09-13,2026-06-01,2026-09-13,district,EAST UTTAR PRADESH,UTTAR PRADESH,SANT KABIR NAGAR,0.0,5.6,-100.0,NR,505.3,894.6,-44.0,D,2026-09-13 11:14:45.359600
2026-09-13,2026-06-01,2026-09-13,district,EAST UTTAR PRADESH,UTTAR PRADESH,SHRAWASTI,0.0,10.9,-100.0,NR,675.3,981.8,-31.0,D,2026-09-13 11:14:45.359600
2026-09-13,2026-06-01,2026-09-13,district,EAST UTTAR PRADESH,UTTAR PRADESH,SIDDHARTH NAGAR,0.0,10.0,-100.0,NR,616.0,949.0,-35.0,D,2026-09-13 11:14:45.359600
2026-09-13,2026-06-01,2026-09-13,district,EAST UTTAR PRADESH,UTTAR PRADESH,SITAPUR,0.0,8.1,-100.0,NR,554.1,754.8,-27.0,D,2026-09-13 11:14:45.359600
2026-09-13,2026-06-01,2026-09-13,district,EAST UTTAR PRADESH,UTTAR PRADESH,SONBHADRA,0.0,9.0,-100.0,NR,806.0,783.4,3.0,N,2026-09-13 11:14:45.359600
2026-09-13,2026-06-01,2026-09-13,district,EAST UTTAR PRADESH,UTTAR PRADESH,SULTANPUR,0.0,7.1,-100.0,NR,771.6,741.0,4.0,N,2026-09-13 11:14:45.359600
2026-09-13,2026-06-01,2026-09-13,district,EAST UTTAR PRADESH,UTTAR PRADESH,UNNAO,0.0,9.2,-100.0,NR,440.3,591.7,-26.0,D,2026-09-13 11:14:45.359600
2026-09-13,2026-06-01,2026-09-13,district,EAST UTTAR PRADESH,UTTAR PRADESH,VARANASI,0.0,9.8,-100.0,NR,848.6,726.1,17.0,N,2026-09-13 11:14:45.359600
2026-09-13,2026-06-01,2026-09-13,district,GANGETIC WEST BENGAL,WEST BENGAL,BANKURA,3.7,4.8,-22.0,D,1073.6,1025.8,5.0,N,2026-09-13 11:14:45.359600
2026-09-13,2026-06-01,2026-09-13,district,GANGETIC WEST BENGAL,WEST BENGAL,BIRBHUM,2.3,5.7,-60.0,LD,853.4,965.5,-12.0,N,2026-09-13 11:14:45.359600
2026-09-13,2026-06-01,2026-09-13,district,GANGETIC WEST BENGAL,WEST BENGAL,EAST MIDNAPORE,18.2,10.5,74.0,LE,1695.0,1107.5,53.0,E,2026-09-13 11:14:45.359600
2026-09-13,2026-06-01,2026-09-13,district,GANGETIC WEST BENGAL,WEST BENGAL,HOOGHLY,16.7,7.7,117.0,LE,936.9,917.7,2.0,N,2026-09-13 11:14:45.359600
2026-09-13,2026-06-01,2026-09-13,district,GANGETIC WEST BENGAL,WEST BENGAL,HOWRAH,3.8,14.9,-74.0,LD,1120.1,1022.7,10.0,N,2026-09-13 11:14:45.359600
2026-09-13,2026-06-01,2026-09-13,district,GANGETIC WEST BENGAL,WEST BENGAL,JHARGRAM,3.1,10.6,-71.0,LD,1018.2,1028.4,-1.0,N,2026-09-13 11:14:45.359600
2026-09-13,2026-06-01,2026-09-13,district,GANGETIC WEST BENGAL,WEST BENGAL,KOLKATA,5.3,11.5,-54.0,D,1479.4,1168.8,27.0,E,2026-09-13 11:14:45.359600
2026-09-13,2026-06-01,2026-09-13,district,GANGETIC WEST BENGAL,WEST BENGAL,MURSHIDABAD,0.0,7.5,-100.0,NR,745.0,859.9,-13.0,N,2026-09-13 11:14:45.359600
2026-09-13,2026-06-01,2026-09-13,district,GANGETIC WEST BENGAL,WEST BENGAL,NADIA,1.3,5.6,-77.0,LD,672.7,814.0,-17.0,N,2026-09-13 11:14:45.359600
2026-09-13,2026-06-01,2026-09-13,district,GANGETIC WEST BENGAL,WEST BENGAL,NORTH 24 PARGANAS,2.0,8.3,-76.0,LD,1293.9,1008.3,28.0,E,2026-09-13 11:14:45.359600
2026-09-13,2026-06-01,2026-09-13,district,GANGETIC WEST BENGAL,WEST BENGAL,PASCHIM BARDHAMAN,5.8,4.8,22.0,E,1085.1,962.5,13.0,N,2026-09-13 11:14:45.359600
2026-09-13,2026-06-01,2026-09-13,district,GANGETIC WEST BENGAL,WEST BENGAL,PURBA BARDHAMAN,3.8,9.3,-60.0,LD,845.9,903.8,-6.0,N,2026-09-13 11:14:45.359600
2026-09-13,2026-06-01,2026-09-13,district,GANGETIC WEST BENGAL,WEST BENGAL,PURULIA,0.7,5.6,-88.0,LD,822.2,966.2,-15.0,N,2026-09-13 11:14:45.359600
2026-09-13,2026-06-01,2026-09-13,district,GANGETIC WEST BENGAL,WEST BENGAL,SOUTH 24 PARGANAS,6.0,9.8,-39.0,D,1422.1,1271.4,12.0,N,2026-09-13 11:14:45.359600
2026-09-13,2026-06-01,2026-09-13,district,GANGETIC WEST BENGAL,WEST BENGAL,WEST MIDNAPORE,4.5,10.6,-58.0,D,1368.9,1028.4,33.0,E,2026-09-13 11:14:45.359600
2026-09-13,2026-06-01,2026-09-13,district,GUJARAT REGION,DADRA & NAGAR HAVELI AND DAMAN & DIU (UT),DADARA & NAGAR HAVELI,15.5,7.0,121.0,LE,2995.7,2128.4,41.0,E,2026-09-13 11:14:45.359600
2026-09-13,2026-06-01,2026-09-13,district,GUJARAT REGION,DADRA & NAGAR HAVELI AND DAMAN & DIU (UT),DAMAN,7.2,7.0,3.0,N,2684.4,2128.4,26.0,E,2026-09-13 11:14:45.359600
2026-09-13,2026-06-01,2026-09-13,district,GUJARAT REGION,GUJARAT,AHMEDABAD,4.8,3.3,44.0,E,544.4,615.2,-12.0,N,2026-09-13 11:14:45.359600
2026-09-13,2026-06-01,2026-09-13,district,GUJARAT REGION,GUJARAT,ANAND,28.6,3.5,716.0,LE,788.4,772.9,2.0,N,2026-09-13 11:14:45.359600
2026-09-13,2026-06-01,2026-09-13,district,GUJARAT REGION,GUJARAT,ARAVALLI,8.4,4.9,71.0,LE,395.3,796.4,-50.0,D,2026-09-13 11:14:45.359600
2026-09-13,2026-06-01,2026-09-13,district,GUJARAT REGION,GUJARAT,BANASKANTHA,0.7,5.3,-87.0,LD,380.0,563.8,-33.0,D,2026-09-13 11:14:45.359600
2026-09-13,2026-06-01,2026-09-13,district,GUJARAT REGION,GUJARAT,BHARUCH,67.5,3.5,1827.0,LE,815.8,661.9,23.0,E,2026-09-13 11:14:45.359600
2026-09-13,2026-06-01,2026-09-13,district,GUJARAT REGION,GUJARAT,CHHOTA UDEPUR,27.8,3.0,828.0,LE,634.4,907.9,-30.0,D,2026-09-13 11:14:45.359600
2026-09-13,2026-06-01,2026-09-13,district,GUJARAT REGION,GUJARAT,DAHOD,19.2,3.1,520.0,LE,396.4,729.6,-46.0,D,2026-09-13 11:14:45.359600
2026-09-13,2026-06-01,2026-09-13,district,GUJARAT REGION,GUJARAT,DANGS,141.3,10.3,1271.0,LE,2493.5,2062.2,21.0,E,2026-09-13 11:14:45.359600
2026-09-13,2026-06-01,2026-09-13,district,GUJARAT REGION,GUJARAT,GANDHINAGAR,2.1,6.7,-69.0,LD,471.5,709.5,-34.0,D,2026-09-13 11:14:45.359600
2026-09-13,2026-06-01,2026-09-13,district,GUJARAT REGION,GUJARAT,KHEDA,19.1,2.8,582.0,LE,886.5,761.7,16.0,N,2026-09-13 11:14:45.359600
2026-09-13,2026-06-01,2026-09-13,district,GUJARAT REGION,GUJARAT,MAHISAGAR,10.0,4.0,150.0,LE,692.9,755.4,-8.0,N,2026-09-13 11:14:45.359600
2026-09-13,2026-06-01,2026-09-13,district,GUJARAT REGION,GUJARAT,MEHSANA,5.9,4.4,34.0,E,454.3,656.5,-31.0,D,2026-09-13 11:14:45.359600
2026-09-13,2026-06-01,2026-09-13,district,GUJARAT REGION,GUJARAT,NARMADA,80.4,4.4,1728.0,LE,957.6,959.8,0.0,N,2026-09-13 11:14:45.359600
2026-09-13,2026-06-01,2026-09-13,district,GUJARAT REGION,GUJARAT,NAVSARI,28.9,10.4,178.0,LE,2290.6,1692.3,35.0,E,2026-09-13 11:14:45.359600
2026-09-13,2026-06-01,2026-09-13,district,GUJARAT REGION,GUJARAT,PANCHMAHAL,26.0,2.8,829.0,LE,726.4,870.6,-17.0,N,2026-09-13 11:14:45.359600
2026-09-13,2026-06-01,2026-09-13,district,GUJARAT REGION,GUJARAT,PATAN,0.2,3.7,-94.0,LD,406.9,522.1,-22.0,D,2026-09-13 11:14:45.359600
2026-09-13,2026-06-01,2026-09-13,district,GUJARAT REGION,GUJARAT,SABARKANTHA,5.6,3.6,56.0,E,415.9,783.1,-47.0,D,2026-09-13 11:14:45.359600
2026-09-13,2026-06-01,2026-09-13,district,GUJARAT REGION,GUJARAT,SURAT,78.5,6.6,1090.0,LE,1545.6,1189.3,30.0,E,2026-09-13 11:14:45.359600
2026-09-13,2026-06-01,2026-09-13,district,GUJARAT REGION,GUJARAT,TAPI,89.3,6.9,1194.0,LE,1416.9,1285.8,10.0,N,2026-09-13 11:14:45.359600
2026-09-13,2026-06-01,2026-09-13,district,GUJARAT REGION,GUJARAT,VADODARA,24.0,2.7,789.0,LE,554.6,825.5,-33.0,D,2026-09-13 11:14:45.359600
2026-09-13,2026-06-01,2026-09-13,district,GUJARAT REGION,GUJARAT,VALSAD,12.7,9.4,35.0,E,2751.0,1920.5,43.0,E,2026-09-13 11:14:45.359600
2026-09-13,2026-06-01,2026-09-13,district,HAR. CHD & DELHI,CHANDIGARH (UT),CHANDIGARH,0.0,2.4,-100.0,NR,657.4,810.3,-19.0,N,2026-09-13 11:14:45.359600
2026-09-13,2026-06-01,2026-09-13,district,HAR. CHD & DELHI,DELHI,CENTRAL DELHI,0.0,4.1,-100.0,NR,766.6,620.2,24.0,E,2026-09-13 11:14:45.359600
2026-09-13,2026-06-01,2026-09-13,district,HAR. CHD & DELHI,DELHI,EAST DELHI,0.0,4.1,-100.0,NR,560.3,620.2,-10.0,N,2026-09-13 11:14:45.359600
2026-09-13,2026-06-01,2026-09-13,district,HAR. CHD & DELHI,DELHI,NEW DELHI,1.2,5.2,-78.0,LD,598.8,598.0,0.0,N,2026-09-13 11:14:45.359600
2026-09-13,2026-06-01,2026-09-13,district,HAR. CHD & DELHI,DELHI,NORTH WEST DELHI,0.0,1.6,-100.0,NR,410.8,382.1,7.0,N,2026-09-13 11:14:45.359600
2026-09-13,2026-06-01,2026-09-13,district,HAR. CHD & DELHI,DELHI,SOUTH DELHI,1.9,4.1,-54.0,D,595.4,620.2,-4.0,N,2026-09-13 11:14:45.359600
2026-09-13,2026-06-01,2026-09-13,district,HAR. CHD & DELHI,DELHI,SOUTH EAST DELHI,1.3,4.1,-68.0,LD,694.4,620.2,12.0,N,2026-09-13 11:14:45.359600
2026-09-13,2026-06-01,2026-09-13,district,HAR. CHD & DELHI,DELHI,SOUTH WEST DELHI,4.6,13.6,-66.0,LD,412.4,515.5,-20.0,D,2026-09-13 11:14:45.359600
2026-09-13,2026-06-01,2026-09-13,district,HAR. CHD & DELHI,DELHI,WEST DELHI,5.3,3.9,35.0,E,701.0,560.4,25.0,E,2026-09-13 11:14:45.359600
2026-09-13,2026-06-01,2026-09-13,district,HAR. CHD & DELHI,HARYANA,AMBALA,0.0,6.0,-100.0,NR,391.0,764.0,-49.0,D,2026-09-13 11:14:45.359600
2026-09-13,2026-06-01,2026-09-13,district,HAR. CHD & DELHI,HARYANA,BHIWANI,0.0,2.4,-100.0,NR,263.0,274.4,-4.0,N,2026-09-13 11:14:45.359600
2026-09-13,2026-06-01,2026-09-13,district,HAR. CHD & DELHI,HARYANA,CHARKHI DADRI,2.8,3.7,-26.0,D,345.3,379.5,-9.0,N,2026-09-13 11:14:45.359600
2026-09-13,2026-06-01,2026-09-13,district,HAR. CHD & DELHI,HARYANA,FARIDABAD,0.7,4.4,-84.0,LD,528.5,525.3,1.0,N,2026-09-13 11:14:45.359600
2026-09-13,2026-06-01,2026-09-13,district,HAR. CHD & DELHI,HARYANA,FATEHABAD,0.0,1.6,-100.0,NR,222.7,239.2,-7.0,N,2026-09-13 11:14:45.359600
2026-09-13,2026-06-01,2026-09-13,district,HAR. CHD & DELHI,HARYANA,GURGAON,1.4,4.8,-72.0,LD,476.5,464.5,3.0,N,2026-09-13 11:14:45.359600
2026-09-13,2026-06-01,2026-09-13,district,HAR. CHD & DELHI,HARYANA,HISAR,0.0,3.7,-100.0,NR,201.0,278.3,-28.0,D,2026-09-13 11:14:45.359600
2026-09-13,2026-06-01,2026-09-13,district,HAR. CHD & DELHI,HARYANA,JHAJJAR,2.1,2.3,-7.0,N,307.9,357.3,-14.0,N,2026-09-13 11:14:45.359600
2026-09-13,2026-06-01,2026-09-13,district,HAR. CHD & DELHI,HARYANA,JIND,0.0,5.0,-100.0,NR,143.6,361.1,-60.0,LD,2026-09-13 11:14:45.359600
2026-09-13,2026-06-01,2026-09-13,district,HAR. CHD & DELHI,HARYANA,KAITHAL,0.0,3.6,-100.0,NR,163.9,343.3,-52.0,D,2026-09-13 11:14:45.359600
2026-09-13,2026-06-01,2026-09-13,district,HAR. CHD & DELHI,HARYANA,KARNAL,0.0,3.4,-100.0,NR,253.7,484.3,-48.0,D,2026-09-13 11:14:45.359600
2026-09-13,2026-06-01,2026-09-13,district,HAR. CHD & DELHI,HARYANA,KURUKSHETRA,0.0,3.7,-100.0,NR,355.4,386.7,-8.0,N,2026-09-13 11:14:45.359600
2026-09-13,2026-06-01,2026-09-13,district,HAR. CHD & DELHI,HARYANA,MAHENDRAGARH,0.0,1.7,-100.0,NR,301.0,375.4,-20.0,D,2026-09-13 11:14:45.359600
2026-09-13,2026-06-01,2026-09-13,district,HAR. CHD & DELHI,HARYANA,NUH,0.6,2.5,-74.0,LD,455.8,453.9,0.0,N,2026-09-13 11:14:45.359600
2026-09-13,2026-06-01,2026-09-13,district,HAR. CHD & DELHI,HARYANA,PALWAL,0.0,2.0,-100.0,NR,473.4,374.9,26.0,E,2026-09-13 11:14:45.359600
2026-09-13,2026-06-01,2026-09-13,district,HAR. CHD & DELHI,HARYANA,PANCHKULA,1.8,5.9,-69.0,LD,637.7,810.5,-21.0,D,2026-09-13 11:14:45.359600
2026-09-13,2026-06-01,2026-09-13,district,HAR. CHD & DELHI,HARYANA,PANIPAT,0.3,3.8,-93.0,LD,302.0,426.9,-29.0,D,2026-09-13 11:14:45.359600
2026-09-13,2026-06-01,2026-09-13,district,HAR. CHD & DELHI,HARYANA,REWARI,0.2,2.1,-93.0,LD,373.1,404.5,-8.0,N,2026-09-13 11:14:45.359600
2026-09-13,2026-06-01,2026-09-13,district,HAR. CHD & DELHI,HARYANA,ROHTAK,1.1,3.4,-67.0,LD,237.6,438.1,-46.0,D,2026-09-13 11:14:45.359600
2026-09-13,2026-06-01,2026-09-13,district,HAR. CHD & DELHI,HARYANA,SIRSA,0.0,2.3,-100.0,NR,86.0,198.5,-57.0,D,2026-09-13 11:14:45.359600
2026-09-13,2026-06-01,2026-09-13,district,HAR. CHD & DELHI,HARYANA,SONEPAT,4.1,4.0,3.0,N,308.0,446.4,-31.0,D,2026-09-13 11:14:45.359600
2026-09-13,2026-06-01,2026-09-13,district,HAR. CHD & DELHI,HARYANA,YAMUNA NAGAR,0.1,6.5,-99.0,LD,712.8,846.9,-16.0,N,2026-09-13 11:14:45.359600
2026-09-13,2026-06-01,2026-09-13,district,HIMACHAL PRADESH,HIMACHAL PRADESH,BILASPUR,0.0,3.8,-100.0,NR,844.0,770.5,10.0,N,2026-09-13 11:14:45.359600
2026-09-13,2026-06-01,2026-09-13,district,HIMACHAL PRADESH,HIMACHAL PRADESH,CHAMBA,0.0,5.5,-100.0,NR,675.7,799.4,-15.0,N,2026-09-13 11:14:45.359600
2026-09-13,2026-06-01,2026-09-13,district,HIMACHAL PRADESH,HIMACHAL PRADESH,HAMIRPUR,0.5,5.3,-91.0,LD,605.0,919.0,-34.0,D,2026-09-13 11:14:45.359600
2026-09-13,2026-06-01,2026-09-13,district,HIMACHAL PRADESH,HIMACHAL PRADESH,KANGRA,2.9,7.3,-61.0,LD,1459.5,1532.5,-5.0,N,2026-09-13 11:14:45.359600
2026-09-13,2026-06-01,2026-09-13,district,HIMACHAL PRADESH,HIMACHAL PRADESH,KINNAUR,8.8,2.0,340.0,LE,236.7,217.0,9.0,N,2026-09-13 11:14:45.359600
2026-09-13,2026-06-01,2026-09-13,district,HIMACHAL PRADESH,HIMACHAL PRADESH,KULLU,0.0,3.4,-100.0,NR,505.7,500.6,1.0,N,2026-09-13 11:14:45.359600
2026-09-13,2026-06-01,2026-09-13,district,HIMACHAL PRADESH,HIMACHAL PRADESH,LAHAUL & SPITI,0.0,1.9,-100.0,NR,110.5,337.5,-67.0,LD,2026-09-13 11:14:45.359600
2026-09-13,2026-06-01,2026-09-13,district,HIMACHAL PRADESH,HIMACHAL PRADESH,MANDI,0.0,4.5,-100.0,NR,963.5,1044.0,-8.0,N,2026-09-13 11:14:45.359600
2026-09-13,2026-06-01,2026-09-13,district,HIMACHAL PRADESH,HIMACHAL PRADESH,SHIMLA,1.4,3.5,-61.0,LD,737.6,582.5,27.0,E,2026-09-13 11:14:45.359600
2026-09-13,2026-06-01,2026-09-13,district,HIMACHAL PRADESH,HIMACHAL PRADESH,SIRMAUR,0.7,8.2,-92.0,LD,1226.7,1120.2,10.0,N,2026-09-13 11:14:45.359600
2026-09-13,2026-06-01,2026-09-13,district,HIMACHAL PRADESH,HIMACHAL PRADESH,SOLAN,2.3,4.9,-52.0,D,795.5,817.4,-3.0,N,2026-09-13 11:14:45.359600
2026-09-13,2026-06-01,2026-09-13,district,HIMACHAL PRADESH,HIMACHAL PRADESH,UNA,15.4,5.1,202.0,LE,739.2,896.0,-17.0,N,2026-09-13 11:14:45.359600
2026-09-13,2026-06-01,2026-09-13,district,J & K AND LADAKH,JAMMU & KASHMIR(UT),ANANTNAG,0.0,0.7,-100.0,NR,304.4,295.9,3.0,N,2026-09-13 11:14:45.359600
2026-09-13,2026-06-01,2026-09-13,district,J & K AND LADAKH,JAMMU & KASHMIR(UT),BADGAM,1.3,0.2,567.0,LE,137.0,204.1,-33.0,D,2026-09-13 11:14:45.359600
2026-09-13,2026-06-01,2026-09-13,district,J & K AND LADAKH,JAMMU & KASHMIR(UT),BANDIPORA,0.0,1.4,-100.0,NR,202.5,200.4,1.0,N,2026-09-13 11:14:45.359600
2026-09-13,2026-06-01,2026-09-13,district,J & K AND LADAKH,JAMMU & KASHMIR(UT),BARAMULA,0.0,0.6,-100.0,NR,292.9,199.6,47.0,E,2026-09-13 11:14:45.359600
2026-09-13,2026-06-01,2026-09-13,district,J & K AND LADAKH,JAMMU & KASHMIR(UT),DODA,0.0,1.5,-100.0,NR,367.9,388.8,-5.0,N,2026-09-13 11:14:45.359600
2026-09-13,2026-06-01,2026-09-13,district,J & K AND LADAKH,JAMMU & KASHMIR(UT),GANDERBAL,0.0,0.6,-100.0,NR,329.5,247.2,33.0,E,2026-09-13 11:14:45.359600
2026-09-13,2026-06-01,2026-09-13,district,J & K AND LADAKH,JAMMU & KASHMIR(UT),JAMMU,0.0,1.9,-100.0,NR,732.4,888.3,-18.0,N,2026-09-13 11:14:45.359600
2026-09-13,2026-06-01,2026-09-13,district,J & K AND LADAKH,JAMMU & KASHMIR(UT),KATHUA,0.0,6.3,-100.0,NR,1117.9,1193.5,-6.0,N,2026-09-13 11:14:45.359600
2026-09-13,2026-06-01,2026-09-13,district,J & K AND LADAKH,JAMMU & KASHMIR(UT),KISTWAR,0.0,1.5,-100.0,NR,171.8,388.8,-56.0,D,2026-09-13 11:14:45.359600
2026-09-13,2026-06-01,2026-09-13,district,J & K AND LADAKH,JAMMU & KASHMIR(UT),KULGAM,0.0,0.8,-100.0,NR,268.8,305.3,-12.0,N,2026-09-13 11:14:45.359600
2026-09-13,2026-06-01,2026-09-13,district,J & K AND LADAKH,JAMMU & KASHMIR(UT),KUPWARA,0.0,0.3,-100.0,NR,217.2,232.1,-6.0,N,2026-09-13 11:14:45.359600
2026-09-13,2026-06-01,2026-09-13,district,J & K AND LADAKH,JAMMU & KASHMIR(UT),POONCH,0.0,1.6,-100.0,NR,834.8,635.0,31.0,E,2026-09-13 11:14:45.359600
2026-09-13,2026-06-01,2026-09-13,district,J & K AND LADAKH,JAMMU & KASHMIR(UT),PULWAMA,0.0,0.5,-100.0,NR,255.1,177.0,44.0,E,2026-09-13 11:14:45.359600
2026-09-13,2026-06-01,2026-09-13,district,J & K AND LADAKH,JAMMU & KASHMIR(UT),RAJOURI,6.0,4.2,43.0,E,686.8,665.3,3.0,N,2026-09-13 11:14:45.359600
2026-09-13,2026-06-01,2026-09-13,district,J & K AND LADAKH,JAMMU & KASHMIR(UT),RAMBAN,0.0,1.6,-100.0,NR,447.1,385.0,16.0,N,2026-09-13 11:14:45.359600
2026-09-13,2026-06-01,2026-09-13,district,J & K AND LADAKH,JAMMU & KASHMIR(UT),REASI,0.0,5.4,-100.0,NR,1275.0,1477.7,-14.0,N,2026-09-13 11:14:45.359600
2026-09-13,2026-06-01,2026-09-13,district,J & K AND LADAKH,JAMMU & KASHMIR(UT),SAMBA,0.0,1.2,-100.0,NR,953.5,747.4,28.0,E,2026-09-13 11:14:45.359600
2026-09-13,2026-06-01,2026-09-13,district,J & K AND LADAKH,JAMMU & KASHMIR(UT),SHOPIAN,0.0,0.0,-100.0,NR,129.6,266.5,-51.0,D,2026-09-13 11:14:45.359600
2026-09-13,2026-06-01,2026-09-13,district,J & K AND LADAKH,JAMMU & KASHMIR(UT),SRINAGAR,0.0,0.3,-100.0,NR,236.6,218.5,8.0,N,2026-09-13 11:14:45.359600
2026-09-13,2026-06-01,2026-09-13,district,J & K AND LADAKH,JAMMU & KASHMIR(UT),UDHAMPUR,0.0,8.0,-100.0,NR,1469.1,932.8,57.0,E,2026-09-13 11:14:45.359600
2026-09-13,2026-06-01,2026-09-13,district,J & K AND LADAKH,LADAKH (UT),KARGIL,0.0,0.1,-100.0,NR,21.6,9.1,117.0,LE,2026-09-13 11:14:45.359600
2026-09-13,2026-06-01,2026-09-13,district,J & K AND LADAKH,LADAKH (UT),LADAKH (LEH),0.0,0.2,-100.0,NR,58.0,22.0,160.0,LE,2026-09-13 11:14:45.359600
2026-09-13,2026-06-01,2026-09-13,district,JHARKHAND,JHARKHAND,BOKARO,1.0,5.7,-82.0,LD,735.3,811.9,-9.0,N,2026-09-13 11:14:45.359600
2026-09-13,2026-06-01,2026-09-13,district,JHARKHAND,JHARKHAND,CHATRA,0.0,7.3,-100.0,NR,656.5,830.1,-21.0,D,2026-09-13 11:14:45.359600
2026-09-13,2026-06-01,2026-09-13,district,JHARKHAND,JHARKHAND,DEOGHAR,2.5,11.4,-78.0,LD,580.2,845.2,-31.0,D,2026-09-13 11:14:45.359600
2026-09-13,2026-06-01,2026-09-13,district,JHARKHAND,JHARKHAND,DHANBAD,3.8,8.4,-55.0,D,902.8,940.0,-4.0,N,2026-09-13 11:14:45.359600
2026-09-13,2026-06-01,2026-09-13,district,JHARKHAND,JHARKHAND,DUMKA,12.7,10.0,27.0,E,859.1,897.7,-4.0,N,2026-09-13 11:14:45.359600
2026-09-13,2026-06-01,2026-09-13,district,JHARKHAND,JHARKHAND,EAST SINGHBHUM,10.6,5.9,80.0,LE,1005.8,975.3,3.0,N,2026-09-13 11:14:45.359600
2026-09-13,2026-06-01,2026-09-13,district,JHARKHAND,JHARKHAND,GARHWA,0.0,6.7,-100.0,NR,611.6,816.3,-25.0,D,2026-09-13 11:14:45.359600
2026-09-13,2026-06-01,2026-09-13,district,JHARKHAND,JHARKHAND,GIRIDIH,2.2,7.3,-70.0,LD,639.3,853.1,-25.0,D,2026-09-13 11:14:45.359600
2026-09-13,2026-06-01,2026-09-13,district,JHARKHAND,JHARKHAND,GODDA,0.0,8.4,-100.0,NR,613.3,783.8,-22.0,D,2026-09-13 11:14:45.359600
2026-09-13,2026-06-01,2026-09-13,district,JHARKHAND,JHARKHAND,GUMLA,0.0,8.2,-100.0,NR,675.6,953.7,-29.0,D,2026-09-13 11:14:45.359600
2026-09-13,2026-06-01,2026-09-13,district,JHARKHAND,JHARKHAND,HAZARIBAG,0.7,7.0,-90.0,LD,732.7,929.6,-21.0,D,2026-09-13 11:14:45.359600
2026-09-13,2026-06-01,2026-09-13,district,JHARKHAND,JHARKHAND,JAMTARA,12.6,8.6,46.0,E,915.9,925.3,-1.0,N,2026-09-13 11:14:45.359600
2026-09-13,2026-06-01,2026-09-13,district,JHARKHAND,JHARKHAND,KHUNTI,0.5,6.7,-93.0,LD,928.0,1003.4,-8.0,N,2026-09-13 11:14:45.359600
2026-09-13,2026-06-01,2026-09-13,district,JHARKHAND,JHARKHAND,KODERMA,0.0,8.0,-100.0,NR,578.9,777.0,-25.0,D,2026-09-13 11:14:45.359600
2026-09-13,2026-06-01,2026-09-13,district,JHARKHAND,JHARKHAND,LATEHAR,0.0,6.5,-100.0,NR,1123.9,920.7,22.0,E,2026-09-13 11:14:45.359600
2026-09-13,2026-06-01,2026-09-13,district,JHARKHAND,JHARKHAND,LOHARDAGA,0.0,5.7,-100.0,NR,864.9,876.5,-1.0,N,2026-09-13 11:14:45.359600
2026-09-13,2026-06-01,2026-09-13,district,JHARKHAND,JHARKHAND,PAKUR,1.7,8.1,-79.0,LD,496.9,1015.3,-51.0,D,2026-09-13 11:14:45.359600
2026-09-13,2026-06-01,2026-09-13,district,JHARKHAND,JHARKHAND,PALAMU,4.1,7.2,-43.0,D,683.8,761.1,-10.0,N,2026-09-13 11:14:45.359600
2026-09-13,2026-06-01,2026-09-13,district,JHARKHAND,JHARKHAND,RAMGARH,2.2,5.9,-62.0,LD,876.2,919.6,-5.0,N,2026-09-13 11:14:45.359600
2026-09-13,2026-06-01,2026-09-13,district,JHARKHAND,JHARKHAND,RANCHI,0.0,6.7,-100.0,NR,970.0,925.3,5.0,N,2026-09-13 11:14:45.359600
2026-09-13,2026-06-01,2026-09-13,district,JHARKHAND,JHARKHAND,SIMDEGA,2.8,11.1,-75.0,LD,1127.3,1183.7,-5.0,N,2026-09-13 11:14:45.359600
2026-09-13,2026-06-01,2026-09-13,district,JHARKHAND,JHARKHAND,WEST SINGHBHUM,8.7,4.8,82.0,LE,1232.4,907.8,36.0,E,2026-09-13 11:14:45.359600
2026-09-13,2026-06-01,2026-09-13,district,KERALA & MAHE,KERALA,ALAPUZHA,0.0,6.7,-100.0,NR,1022.3,1484.5,-31.0,D,2026-09-13 11:14:45.359600
2026-09-13,2026-06-01,2026-09-13,district,KERALA & MAHE,KERALA,ERNAKULAM,0.0,9.4,-100.0,NR,1451.3,1937.8,-25.0,D,2026-09-13 11:14:45.359600
2026-09-13,2026-06-01,2026-09-13,district,KERALA & MAHE,KERALA,IDUKKI,1.9,9.0,-79.0,LD,1262.5,2381.1,-47.0,D,2026-09-13 11:14:45.359600
2026-09-13,2026-06-01,2026-09-13,district,KERALA & MAHE,KERALA,KANNUR,0.0,11.0,-100.0,NR,2219.8,2486.2,-11.0,N,2026-09-13 11:14:45.359600
2026-09-13,2026-06-01,2026-09-13,district,KERALA & MAHE,KERALA,KASARGOD,0.0,11.3,-100.0,NR,2295.4,2714.9,-15.0,N,2026-09-13 11:14:45.359600
2026-09-13,2026-06-01,2026-09-13,district,KERALA & MAHE,KERALA,KOLLAM,0.0,6.3,-100.0,NR,730.3,1118.9,-35.0,D,2026-09-13 11:14:45.359600
2026-09-13,2026-06-01,2026-09-13,district,KERALA & MAHE,KERALA,KOTTAYAM,0.0,8.1,-100.0,NR,1520.6,1739.5,-13.0,N,2026-09-13 11:14:45.359600
2026-09-13,2026-06-01,2026-09-13,district,KERALA & MAHE,KERALA,KOZHIKODE,0.0,11.9,-100.0,NR,2023.0,2413.9,-16.0,N,2026-09-13 11:14:45.359600
2026-09-13,2026-06-01,2026-09-13,district,KERALA & MAHE,KERALA,MALAPPURAM,0.0,7.7,-100.0,NR,1369.4,1821.5,-25.0,D,2026-09-13 11:14:45.359600
2026-09-13,2026-06-01,2026-09-13,district,KERALA & MAHE,KERALA,PALAKKAD,0.0,5.0,-100.0,NR,1049.7,1444.9,-27.0,D,2026-09-13 11:14:45.359600
2026-09-13,2026-06-01,2026-09-13,district,KERALA & MAHE,KERALA,PATHANAMTHITTA,0.0,5.1,-100.0,NR,1313.0,1417.0,-7.0,N,2026-09-13 11:14:45.359600
2026-09-13,2026-06-01,2026-09-13,district,KERALA & MAHE,KERALA,THIRUVANANTHAPURAM,0.0,3.5,-100.0,NR,667.0,736.2,-9.0,N,2026-09-13 11:14:45.359600
2026-09-13,2026-06-01,2026-09-13,district,KERALA & MAHE,KERALA,THRISSUR,0.0,8.5,-100.0,NR,1434.2,1978.1,-27.0,D,2026-09-13 11:14:45.359600
2026-09-13,2026-06-01,2026-09-13,district,KERALA & MAHE,KERALA,WYNAD,0.0,6.7,-100.0,NR,1103.7,2338.7,-53.0,D,2026-09-13 11:14:45.359600
2026-09-13,2026-06-01,2026-09-13,district,KONKAN & GOA,GOA,NORTH GOA,0.0,10.1,-100.0,NR,1781.5,2914.0,-39.0,D,2026-09-13 11:14:45.359600
2026-09-13,2026-06-01,2026-09-13,district,KONKAN & GOA,GOA,SOUTH GOA,0.0,8.7,-100.0,NR,1955.1,2782.8,-30.0,D,2026-09-13 11:14:45.359600
2026-09-13,2026-06-01,2026-09-13,district,KONKAN & GOA,MAHARASHTRA,MUMBAI CITY,40.8,10.8,278.0,LE,1851.9,1912.7,-3.0,N,2026-09-13 11:14:45.359600
2026-09-13,2026-06-01,2026-09-13,district,KONKAN & GOA,MAHARASHTRA,MUMBAI SUBURBAN,78.7,11.3,596.0,LE,2354.4,2130.7,10.0,N,2026-09-13 11:14:45.359600
2026-09-13,2026-06-01,2026-09-13,district,KONKAN & GOA,MAHARASHTRA,PALGHAR,56.4,6.6,755.0,LE,2585.9,2098.4,23.0,E,2026-09-13 11:14:45.359600
2026-09-13,2026-06-01,2026-09-13,district,KONKAN & GOA,MAHARASHTRA,RAIGAD,17.6,12.4,42.0,E,2856.7,2919.2,-2.0,N,2026-09-13 11:14:45.359600
2026-09-13,2026-06-01,2026-09-13,district,KONKAN & GOA,MAHARASHTRA,RATNAGIRI,1.4,8.8,-84.0,LD,2564.5,2993.9,-14.0,N,2026-09-13 11:14:45.359600
2026-09-13,2026-06-01,2026-09-13,district,KONKAN & GOA,MAHARASHTRA,SINDHUDURG,0.0,9.3,-100.0,NR,1808.5,2768.7,-35.0,D,2026-09-13 11:14:45.359600
2026-09-13,2026-06-01,2026-09-13,district,KONKAN & GOA,MAHARASHTRA,THANE,26.8,10.5,155.0,LE,2074.5,2266.5,-8.0,N,2026-09-13 11:14:45.359600
2026-09-13,2026-06-01,2026-09-13,district,LAKSHADWEEP,LAKSHADWEEP,LAKSHADWEEP,0.0,6.9,-100.0,NR,652.6,940.1,-31.0,D,2026-09-13 11:14:45.359600
2026-09-13,2026-06-01,2026-09-13,district,MADHYA MAHARASHTRA,MAHARASHTRA,AHMEDNAGAR,4.9,5.9,-17.0,N,220.0,365.3,-40.0,D,2026-09-13 11:14:45.359600
2026-09-13,2026-06-01,2026-09-13,district,MADHYA MAHARASHTRA,MAHARASHTRA,DHULE,14.0,3.8,268.0,LE,411.9,475.5,-13.0,N,2026-09-13 11:14:45.359600
2026-09-13,2026-06-01,2026-09-13,district,MADHYA MAHARASHTRA,MAHARASHTRA,JALGAON,18.4,4.0,359.0,LE,522.8,558.2,-6.0,N,2026-09-13 11:14:45.359600
2026-09-13,2026-06-01,2026-09-13,district,MADHYA MAHARASHTRA,MAHARASHTRA,KOLHAPUR,0.0,5.3,-100.0,NR,1434.5,1604.4,-11.0,N,2026-09-13 11:14:45.359600
2026-09-13,2026-06-01,2026-09-13,district,MADHYA MAHARASHTRA,MAHARASHTRA,NANDURBAR,38.8,4.0,871.0,LE,488.5,755.9,-35.0,D,2026-09-13 11:14:45.359600
2026-09-13,2026-06-01,2026-09-13,district,MADHYA MAHARASHTRA,MAHARASHTRA,NASHIK,13.8,6.7,105.0,LE,1149.7,792.8,45.0,E,2026-09-13 11:14:45.359600
2026-09-13,2026-06-01,2026-09-13,district,MADHYA MAHARASHTRA,MAHARASHTRA,PUNE,2.3,5.0,-55.0,D,1020.3,838.6,22.0,E,2026-09-13 11:14:45.359600
2026-09-13,2026-06-01,2026-09-13,district,MADHYA MAHARASHTRA,MAHARASHTRA,SANGLI,0.0,3.2,-100.0,NR,312.0,397.0,-21.0,D,2026-09-13 11:14:45.359600
2026-09-13,2026-06-01,2026-09-13,district,MADHYA MAHARASHTRA,MAHARASHTRA,SATARA,0.7,4.3,-84.0,LD,941.5,746.5,26.0,E,2026-09-13 11:14:45.359600
2026-09-13,2026-06-01,2026-09-13,district,MADHYA MAHARASHTRA,MAHARASHTRA,SHOLAPUR,0.4,3.7,-90.0,LD,159.5,350.8,-55.0,D,2026-09-13 11:14:45.359600
2026-09-13,2026-06-01,2026-09-13,district,MARATHWADA,MAHARASHTRA,BEED,6.7,5.4,24.0,E,241.3,460.1,-48.0,D,2026-09-13 11:14:45.359600
2026-09-13,2026-06-01,2026-09-13,district,MARATHWADA,MAHARASHTRA,CHHATRAPATI SAMBHAJINAGAR,7.0,5.5,28.0,E,441.4,476.6,-7.0,N,2026-09-13 11:14:45.359600
2026-09-13,2026-06-01,2026-09-13,district,MARATHWADA,MAHARASHTRA,DHARASHIV,0.0,7.1,-100.0,NR,273.2,476.2,-43.0,D,2026-09-13 11:14:45.359600
2026-09-13,2026-06-01,2026-09-13,district,MARATHWADA,MAHARASHTRA,HINGOLI,7.8,2.9,167.0,LE,353.8,682.0,-48.0,D,2026-09-13 11:14:45.359600
2026-09-13,2026-06-01,2026-09-13,district,MARATHWADA,MAHARASHTRA,JALNA,1.0,4.3,-77.0,LD,279.3,512.2,-45.0,D,2026-09-13 11:14:45.359600
2026-09-13,2026-06-01,2026-09-13,district,MARATHWADA,MAHARASHTRA,LATUR,1.5,6.2,-75.0,LD,366.9,568.9,-36.0,D,2026-09-13 11:14:45.359600
2026-09-13,2026-06-01,2026-09-13,district,MARATHWADA,MAHARASHTRA,NANDED,16.7,3.9,328.0,LE,469.4,700.3,-33.0,D,2026-09-13 11:14:45.359600
2026-09-13,2026-06-01,2026-09-13,district,MARATHWADA,MAHARASHTRA,PARBHANI,6.3,5.7,10.0,N,363.6,613.9,-41.0,D,2026-09-13 11:14:45.359600
2026-09-13,2026-06-01,2026-09-13,district,N. I. KARNATAKA,KARNATAKA,BAGALKOTE,0.0,4.7,-100.0,NR,211.7,264.7,-20.0,D,2026-09-13 11:14:45.359600
2026-09-13,2026-06-01,2026-09-13,district,N. I. KARNATAKA,KARNATAKA,BELAGAVI,0.0,3.3,-100.0,NR,547.0,495.0,11.0,N,2026-09-13 11:14:45.359600
2026-09-13,2026-06-01,2026-09-13,district,N. I. KARNATAKA,KARNATAKA,BIDAR,2.7,4.8,-43.0,D,417.5,549.4,-24.0,D,2026-09-13 11:14:45.359600
2026-09-13,2026-06-01,2026-09-13,district,N. I. KARNATAKA,KARNATAKA,DHARWAD,0.0,3.7,-100.0,NR,248.7,439.1,-43.0,D,2026-09-13 11:14:45.359600
2026-09-13,2026-06-01,2026-09-13,district,N. I. KARNATAKA,KARNATAKA,GADAG,0.0,3.4,-100.0,NR,223.3,271.7,-18.0,N,2026-09-13 11:14:45.359600
2026-09-13,2026-06-01,2026-09-13,district,N. I. KARNATAKA,KARNATAKA,HAVERI,0.0,2.6,-100.0,NR,274.3,425.8,-36.0,D,2026-09-13 11:14:45.359600
2026-09-13,2026-06-01,2026-09-13,district,N. I. KARNATAKA,KARNATAKA,KALABURAGI,0.8,2.8,-71.0,LD,203.9,467.6,-56.0,D,2026-09-13 11:14:45.359600
2026-09-13,2026-06-01,2026-09-13,district,N. I. KARNATAKA,KARNATAKA,KOPPAL,0.0,2.2,-100.0,NR,173.8,292.2,-41.0,D,2026-09-13 11:14:45.359600
2026-09-13,2026-06-01,2026-09-13,district,N. I. KARNATAKA,KARNATAKA,RAICHUR,0.0,1.7,-100.0,NR,203.7,330.6,-38.0,D,2026-09-13 11:14:45.359600
2026-09-13,2026-06-01,2026-09-13,district,N. I. KARNATAKA,KARNATAKA,VIJAYAPURA,0.0,3.3,-100.0,NR,179.2,293.8,-39.0,D,2026-09-13 11:14:45.359600
2026-09-13,2026-06-01,2026-09-13,district,N. I. KARNATAKA,KARNATAKA,YADGIR,0.0,2.6,-100.0,NR,287.5,416.6,-31.0,D,2026-09-13 11:14:45.359600
2026-09-13,2026-06-01,2026-09-13,district,NMMT,MANIPUR,BISHNUPUR,0.0,10.6,-100.0,NR,421.9,1035.2,-59.0,D,2026-09-13 11:14:45.359600
2026-09-13,2026-06-01,2026-09-13,district,NMMT,MANIPUR,CHANDEL,2.6,10.6,-75.0,LD,495.0,1035.2,-52.0,D,2026-09-13 11:14:45.359600
2026-09-13,2026-06-01,2026-09-13,district,NMMT,MANIPUR,CHURACHANDPUR,0.0,10.6,-100.0,NR,225.5,1035.2,-78.0,LD,2026-09-13 11:14:45.359600
2026-09-13,2026-06-01,2026-09-13,district,NMMT,MANIPUR,IMPHAL EAST,0.2,3.9,-95.0,LD,438.1,656.8,-33.0,D,2026-09-13 11:14:45.359600
2026-09-13,2026-06-01,2026-09-13,district,NMMT,MANIPUR,IMPHAL WEST,0.0,8.3,-100.0,NR,677.4,1563.2,-57.0,D,2026-09-13 11:14:45.359600
2026-09-13,2026-06-01,2026-09-13,district,NMMT,MANIPUR,SENAPATI,0.1,4.5,-98.0,LD,595.9,691.1,-14.0,N,2026-09-13 11:14:45.359600
2026-09-13,2026-06-01,2026-09-13,district,NMMT,MANIPUR,TAMENGLONG,2.1,44.3,-95.0,LD,1529.5,3778.7,-60.0,LD,2026-09-13 11:14:45.359600
2026-09-13,2026-06-01,2026-09-13,district,NMMT,MANIPUR,THOUBAL,0.0,3.9,-100.0,NR,322.5,656.8,-51.0,D,2026-09-13 11:14:45.359600
2026-09-13,2026-06-01,2026-09-13,district,NMMT,MANIPUR,UKHRUL,0.0,7.0,-100.0,NR,902.0,933.8,-3.0,N,2026-09-13 11:14:45.359600
2026-09-13,2026-06-01,2026-09-13,district,NMMT,MIZORAM,AIZAWL,14.0,10.8,30.0,E,1279.4,1411.6,-9.0,N,2026-09-13 11:14:45.359600
2026-09-13,2026-06-01,2026-09-13,district,NMMT,MIZORAM,CHAMPHAI,2.8,6.3,-56.0,D,928.9,1155.3,-20.0,D,2026-09-13 11:14:45.359600
2026-09-13,2026-06-01,2026-09-13,district,NMMT,MIZORAM,KOLASIB,11.1,10.9,2.0,N,1613.7,1544.9,4.0,N,2026-09-13 11:14:45.359600
2026-09-13,2026-06-01,2026-09-13,district,NMMT,MIZORAM,LAWNGTLAI,0.3,11.7,-98.0,LD,1305.2,1496.0,-13.0,N,2026-09-13 11:14:45.359600
2026-09-13,2026-06-01,2026-09-13,district,NMMT,MIZORAM,LUNGLEI,1.7,13.5,-87.0,LD,1241.7,1550.7,-20.0,D,2026-09-13 11:14:45.359600
2026-09-13,2026-06-01,2026-09-13,district,NMMT,MIZORAM,MAMIT,0.9,12.1,-92.0,LD,987.1,1402.7,-30.0,D,2026-09-13 11:14:45.359600
2026-09-13,2026-06-01,2026-09-13,district,NMMT,MIZORAM,SAIHA,23.2,16.3,42.0,E,1443.3,1530.3,-6.0,N,2026-09-13 11:14:45.359600
2026-09-13,2026-06-01,2026-09-13,district,NMMT,MIZORAM,SERCHHIP,2.1,8.8,-76.0,LD,1388.7,1322.9,5.0,N,2026-09-13 11:14:45.359600
2026-09-13,2026-06-01,2026-09-13,district,NMMT,NAGALAND,DIMAPUR,1.5,4.7,-68.0,LD,763.6,744.8,3.0,N,2026-09-13 11:14:45.359600
2026-09-13,2026-06-01,2026-09-13,district,NMMT,NAGALAND,KIPHIRE,0.0,3.5,-100.0,NR,732.5,543.2,35.0,E,2026-09-13 11:14:45.359600
2026-09-13,2026-06-01,2026-09-13,district,NMMT,NAGALAND,KOHIMA,0.0,7.2,-100.0,NR,1012.1,1105.6,-8.0,N,2026-09-13 11:14:45.359600
2026-09-13,2026-06-01,2026-09-13,district,NMMT,NAGALAND,MOKOKCHUNG,19.0,11.0,73.0,LE,1504.9,1250.0,20.0,E,2026-09-13 11:14:45.359600
2026-09-13,2026-06-01,2026-09-13,district,NMMT,NAGALAND,MON,4.3,7.8,-46.0,D,835.3,961.3,-13.0,N,2026-09-13 11:14:45.359600
2026-09-13,2026-06-01,2026-09-13,district,NMMT,NAGALAND,PEREN,37.5,4.0,838.0,LE,861.4,831.6,4.0,N,2026-09-13 11:14:45.359600
2026-09-13,2026-06-01,2026-09-13,district,NMMT,NAGALAND,PHEK,0.8,4.9,-84.0,LD,731.0,743.4,-2.0,N,2026-09-13 11:14:45.359600
2026-09-13,2026-06-01,2026-09-13,district,NMMT,NAGALAND,WOKHA,1.4,7.5,-81.0,LD,1223.5,1113.0,10.0,N,2026-09-13 11:14:45.359600
2026-09-13,2026-06-01,2026-09-13,district,NMMT,NAGALAND,ZUNHEBOTO,9.6,5.9,63.0,LE,1513.0,946.9,60.0,LE,2026-09-13 11:14:45.359600
2026-09-13,2026-06-01,2026-09-13,district,NMMT,TRIPURA,DHALAI,2.2,6.9,-69.0,LD,1109.2,1191.4,-7.0,N,2026-09-13 11:14:45.359600
2026-09-13,2026-06-01,2026-09-13,district,NMMT,TRIPURA,GOMATI,4.3,8.5,-49.0,D,1017.0,1270.5,-20.0,D,2026-09-13 11:14:45.359600
2026-09-13,2026-06-01,2026-09-13,district,NMMT,TRIPURA,KHOWAI,0.0,6.3,-100.0,NR,1199.9,1157.6,4.0,N,2026-09-13 11:14:45.359600
2026-09-13,2026-06-01,2026-09-13,district,NMMT,TRIPURA,NORTH TRIPURA,2.5,11.7,-79.0,LD,1060.9,1272.7,-17.0,N,2026-09-13 11:14:45.359600
2026-09-13,2026-06-01,2026-09-13,district,NMMT,TRIPURA,SIPAHIJALA,10.6,9.1,16.0,N,1022.8,1181.8,-13.0,N,2026-09-13 11:14:45.359600
2026-09-13,2026-06-01,2026-09-13,district,NMMT,TRIPURA,SOUTH TRIPURA,0.9,8.0,-89.0,LD,1023.9,1519.3,-33.0,D,2026-09-13 11:14:45.359600
2026-09-13,2026-06-01,2026-09-13,district,NMMT,TRIPURA,UNAKOTI,0.8,11.4,-93.0,LD,1216.4,1275.4,-5.0,N,2026-09-13 11:14:45.359600
2026-09-13,2026-06-01,2026-09-13,district,NMMT,TRIPURA,WEST TRIPURA,0.1,7.9,-99.0,LD,1180.4,1068.5,10.0,N,2026-09-13 11:14:45.359600
2026-09-13,2026-06-01,2026-09-13,district,ODISHA,ODISHA,ANGUL,3.3,7.9,-58.0,D,1261.0,1021.7,23.0,E,2026-09-13 11:14:45.359600
2026-09-13,2026-06-01,2026-09-13,district,ODISHA,ODISHA,BALANGIR,17.8,8.8,103.0,LE,1281.3,1003.5,28.0,E,2026-09-13 11:14:45.359600
2026-09-13,2026-06-01,2026-09-13,district,ODISHA,ODISHA,BALASORE,3.2,12.7,-75.0,LD,1631.5,1061.6,54.0,E,2026-09-13 11:14:45.359600
2026-09-13,2026-06-01,2026-09-13,district,ODISHA,ODISHA,BARGARH,6.9,8.3,-17.0,N,1600.0,1112.9,44.0,E,2026-09-13 11:14:45.359600
2026-09-13,2026-06-01,2026-09-13,district,ODISHA,ODISHA,BHADRAK,0.8,10.0,-92.0,LD,1185.8,955.4,24.0,E,2026-09-13 11:14:45.359600
2026-09-13,2026-06-01,2026-09-13,district,ODISHA,ODISHA,BOUDH,8.6,6.7,28.0,E,1669.7,948.0,76.0,LE,2026-09-13 11:14:45.359600
2026-09-13,2026-06-01,2026-09-13,district,ODISHA,ODISHA,CUTTACK,5.3,10.1,-47.0,D,1340.8,1021.3,31.0,E,2026-09-13 11:14:45.359600
2026-09-13,2026-06-01,2026-09-13,district,ODISHA,ODISHA,DEOGARH,1.6,9.3,-83.0,LD,1471.5,1082.3,36.0,E,2026-09-13 11:14:45.359600
2026-09-13,2026-06-01,2026-09-13,district,ODISHA,ODISHA,DHENKANAL,3.6,7.9,-55.0,D,1406.5,983.6,43.0,E,2026-09-13 11:14:45.359600
2026-09-13,2026-06-01,2026-09-13,district,ODISHA,ODISHA,GAJAPATI,3.4,8.3,-60.0,LD,624.9,781.8,-20.0,D,2026-09-13 11:14:45.359600
2026-09-13,2026-06-01,2026-09-13,district,ODISHA,ODISHA,GANJAM,1.9,8.1,-76.0,LD,666.6,765.7,-13.0,N,2026-09-13 11:14:45.359600
2026-09-13,2026-06-01,2026-09-13,district,ODISHA,ODISHA,JAGATSINGHPUR,2.6,8.9,-71.0,LD,1156.7,935.9,24.0,E,2026-09-13 11:14:45.359600
2026-09-13,2026-06-01,2026-09-13,district,ODISHA,ODISHA,JAJPUR,6.9,12.5,-45.0,D,1217.5,1099.4,11.0,N,2026-09-13 11:14:45.359600
2026-09-13,2026-06-01,2026-09-13,district,ODISHA,ODISHA,JHARSUGUDA,0.6,6.9,-91.0,LD,1156.8,1098.3,5.0,N,2026-09-13 11:14:45.359600
2026-09-13,2026-06-01,2026-09-13,district,ODISHA,ODISHA,KALAHANDI,10.2,13.2,-23.0,D,1151.3,1269.9,-9.0,N,2026-09-13 11:14:45.359600
2026-09-13,2026-06-01,2026-09-13,district,ODISHA,ODISHA,KANDHAMAL,18.4,11.1,66.0,LE,1233.7,1024.3,20.0,E,2026-09-13 11:14:45.359600
2026-09-13,2026-06-01,2026-09-13,district,ODISHA,ODISHA,KENDRAPARA,0.0,9.3,-100.0,NR,1388.2,977.0,42.0,E,2026-09-13 11:14:45.359600
2026-09-13,2026-06-01,2026-09-13,district,ODISHA,ODISHA,KEONJHARGARH,11.6,7.6,52.0,E,1512.7,1016.0,49.0,E,2026-09-13 11:14:45.359600
2026-09-13,2026-06-01,2026-09-13,district,ODISHA,ODISHA,KHURDA,7.8,7.2,8.0,N,1156.3,958.7,21.0,E,2026-09-13 11:14:45.359600
2026-09-13,2026-06-01,2026-09-13,district,ODISHA,ODISHA,KORAPUT,9.6,9.6,0.0,N,1104.8,1112.7,-1.0,N,2026-09-13 11:14:45.359600
2026-09-13,2026-06-01,2026-09-13,district,ODISHA,ODISHA,MALKANGIRI,18.2,9.3,95.0,LE,1139.6,1155.5,-1.0,N,2026-09-13 11:14:45.359600
2026-09-13,2026-06-01,2026-09-13,district,ODISHA,ODISHA,MAYURBHANJ,4.9,10.1,-52.0,D,1598.6,1075.8,49.0,E,2026-09-13 11:14:45.359600
2026-09-13,2026-06-01,2026-09-13,district,ODISHA,ODISHA,NAWAPARA,19.2,9.8,96.0,LE,1129.5,921.2,23.0,E,2026-09-13 11:14:45.359600
2026-09-13,2026-06-01,2026-09-13,district,ODISHA,ODISHA,NAWARANGPUR,5.6,10.0,-44.0,D,1065.9,1244.7,-14.0,N,2026-09-13 11:14:45.359600
2026-09-13,2026-06-01,2026-09-13,district,ODISHA,ODISHA,NAYAGARH,3.1,10.4,-70.0,LD,1120.9,953.7,18.0,N,2026-09-13 11:14:45.359600
2026-09-13,2026-06-01,2026-09-13,district,ODISHA,ODISHA,PURI,4.5,9.0,-50.0,D,1195.8,907.1,32.0,E,2026-09-13 11:14:45.359600
2026-09-13,2026-06-01,2026-09-13,district,ODISHA,ODISHA,RAYAGADA,10.7,8.2,31.0,E,830.4,872.5,-5.0,N,2026-09-13 11:14:45.359600
2026-09-13,2026-06-01,2026-09-13,district,ODISHA,ODISHA,SAMBALPUR,3.4,6.1,-45.0,D,1532.6,1173.0,31.0,E,2026-09-13 11:14:45.359600
2026-09-13,2026-06-01,2026-09-13,district,ODISHA,ODISHA,SONEPUR,7.2,7.0,2.0,N,1631.9,1106.7,47.0,E,2026-09-13 11:14:45.359600
2026-09-13,2026-06-01,2026-09-13,district,ODISHA,ODISHA,SUNDARGARH,1.5,7.1,-79.0,LD,1352.2,1098.7,23.0,E,2026-09-13 11:14:45.359600
2026-09-13,2026-06-01,2026-09-13,district,PUNJAB,PUNJAB,AMRITSAR,2.4,1.9,28.0,E,353.5,427.8,-17.0,N,2026-09-13 11:14:45.359600
2026-09-13,2026-06-01,2026-09-13,district,PUNJAB,PUNJAB,BARNALA,0.0,3.4,-100.0,NR,127.2,334.0,-62.0,LD,2026-09-13 11:14:45.359600
2026-09-13,2026-06-01,2026-09-13,district,PUNJAB,PUNJAB,BHATINDA,0.0,1.6,-100.0,NR,126.5,271.9,-53.0,D,2026-09-13 11:14:45.359600
2026-09-13,2026-06-01,2026-09-13,district,PUNJAB,PUNJAB,FARIDKOT,0.0,0.2,-100.0,NR,224.8,282.5,-20.0,D,2026-09-13 11:14:45.359600
2026-09-13,2026-06-01,2026-09-13,district,PUNJAB,PUNJAB,FATEHGARH SAHIB,0.0,4.5,-100.0,NR,146.0,442.1,-67.0,LD,2026-09-13 11:14:45.359600
2026-09-13,2026-06-01,2026-09-13,district,PUNJAB,PUNJAB,FAZILKA,0.0,1.9,-100.0,NR,106.6,235.0,-55.0,D,2026-09-13 11:14:45.359600
2026-09-13,2026-06-01,2026-09-13,district,PUNJAB,PUNJAB,FEROZEPUR,0.0,0.8,-100.0,NR,135.6,236.3,-43.0,D,2026-09-13 11:14:45.359600
2026-09-13,2026-06-01,2026-09-13,district,PUNJAB,PUNJAB,GURDASPUR,0.0,2.0,-100.0,NR,734.8,556.9,32.0,E,2026-09-13 11:14:45.359600
2026-09-13,2026-06-01,2026-09-13,district,PUNJAB,PUNJAB,HOSHIARPUR,0.0,5.0,-100.0,NR,261.9,566.5,-54.0,D,2026-09-13 11:14:45.359600
2026-09-13,2026-06-01,2026-09-13,district,PUNJAB,PUNJAB,JALANDHAR,1.0,2.6,-62.0,LD,236.1,490.3,-52.0,D,2026-09-13 11:14:45.359600
2026-09-13,2026-06-01,2026-09-13,district,PUNJAB,PUNJAB,KAPURTHALA,0.5,1.8,-72.0,LD,133.6,426.2,-69.0,LD,2026-09-13 11:14:45.359600
2026-09-13,2026-06-01,2026-09-13,district,PUNJAB,PUNJAB,LUDHIANA,1.5,2.3,-35.0,D,230.9,423.5,-45.0,D,2026-09-13 11:14:45.359600
2026-09-13,2026-06-01,2026-09-13,district,PUNJAB,PUNJAB,MANSA,0.0,2.9,-100.0,NR,71.8,246.9,-71.0,LD,2026-09-13 11:14:45.359600
2026-09-13,2026-06-01,2026-09-13,district,PUNJAB,PUNJAB,MOGA,0.0,1.1,-100.0,NR,164.1,276.4,-41.0,D,2026-09-13 11:14:45.359600
2026-09-13,2026-06-01,2026-09-13,district,PUNJAB,PUNJAB,MUKTSAR,0.0,2.5,-100.0,NR,98.1,299.4,-67.0,LD,2026-09-13 11:14:45.359600
2026-09-13,2026-06-01,2026-09-13,district,PUNJAB,PUNJAB,PATHANKOT,0.0,2.1,-100.0,NR,1246.8,893.2,40.0,E,2026-09-13 11:14:45.359600
2026-09-13,2026-06-01,2026-09-13,district,PUNJAB,PUNJAB,PATIALA,0.0,3.7,-100.0,NR,272.3,497.4,-45.0,D,2026-09-13 11:14:45.359600
2026-09-13,2026-06-01,2026-09-13,district,PUNJAB,PUNJAB,RUPNAGAR,0.0,4.6,-100.0,NR,529.2,751.0,-30.0,D,2026-09-13 11:14:45.359600
2026-09-13,2026-06-01,2026-09-13,district,PUNJAB,PUNJAB,SANGRUR,0.0,2.3,-100.0,NR,168.8,359.9,-53.0,D,2026-09-13 11:14:45.359600
2026-09-13,2026-06-01,2026-09-13,district,PUNJAB,PUNJAB,SAS NAGAR (MOHALI),0.0,3.3,-100.0,NR,227.8,575.4,-60.0,LD,2026-09-13 11:14:45.359600
2026-09-13,2026-06-01,2026-09-13,district,PUNJAB,PUNJAB,SBS NAGAR,0.0,3.6,-100.0,NR,335.8,701.9,-52.0,D,2026-09-13 11:14:45.359600
2026-09-13,2026-06-01,2026-09-13,district,PUNJAB,PUNJAB,TARN TARAN,0.0,0.2,-100.0,NR,120.6,249.3,-52.0,D,2026-09-13 11:14:45.359600
2026-09-13,2026-06-01,2026-09-13,district,RAYALASEEMA,ANDHRA PRADESH,ANANTAPURAMU,0.0,3.1,-100.0,NR,157.2,253.9,-38.0,D,2026-09-13 11:14:45.359600
2026-09-13,2026-06-01,2026-09-13,district,RAYALASEEMA,ANDHRA PRADESH,ANNAMAYYA DISTRICT,4.6,3.1,47.0,E,89.1,303.0,-71.0,LD,2026-09-13 11:14:45.359600
2026-09-13,2026-06-01,2026-09-13,district,RAYALASEEMA,ANDHRA PRADESH,CHITTOOR,7.6,3.5,118.0,LE,162.2,356.5,-54.0,D,2026-09-13 11:14:45.359600
2026-09-13,2026-06-01,2026-09-13,district,RAYALASEEMA,ANDHRA PRADESH,KURNOOL,0.0,2.3,-100.0,NR,210.6,348.4,-40.0,D,2026-09-13 11:14:45.359600
2026-09-13,2026-06-01,2026-09-13,district,RAYALASEEMA,ANDHRA PRADESH,NANDYAL,0.1,3.6,-96.0,LD,208.5,408.9,-49.0,D,2026-09-13 11:14:45.359600
2026-09-13,2026-06-01,2026-09-13,district,RAYALASEEMA,ANDHRA PRADESH,SRI SATHYASAI DISTRICT,0.0,3.1,-100.0,NR,113.3,252.3,-55.0,D,2026-09-13 11:14:45.359600
2026-09-13,2026-06-01,2026-09-13,district,RAYALASEEMA,ANDHRA PRADESH,TIRUPATI,1.1,2.3,-51.0,D,199.5,361.1,-45.0,D,2026-09-13 11:14:45.359600
2026-09-13,2026-06-01,2026-09-13,district,RAYALASEEMA,ANDHRA PRADESH,YSR DISTRICT,0.9,4.0,-78.0,LD,150.8,322.3,-53.0,D,2026-09-13 11:14:45.359600
2026-09-13,2026-06-01,2026-09-13,district,S. I. KARNATAKA,KARNATAKA,BALLARI,0.0,1.5,-100.0,NR,134.2,279.5,-52.0,D,2026-09-13 11:14:45.359600
2026-09-13,2026-06-01,2026-09-13,district,S. I. KARNATAKA,KARNATAKA,BENGALURU RURAL,0.0,5.3,-100.0,NR,242.1,334.8,-28.0,D,2026-09-13 11:14:45.359600
2026-09-13,2026-06-01,2026-09-13,district,S. I. KARNATAKA,KARNATAKA,BENGALURU URBAN,0.0,6.4,-100.0,NR,138.3,346.7,-60.0,LD,2026-09-13 11:14:45.359600
2026-09-13,2026-06-01,2026-09-13,district,S. I. KARNATAKA,KARNATAKA,CHAMARAJANAGAR,0.0,5.0,-100.0,NR,138.3,263.0,-47.0,D,2026-09-13 11:14:45.359600
2026-09-13,2026-06-01,2026-09-13,district,S. I. KARNATAKA,KARNATAKA,CHIKABALLAPURA,0.0,4.2,-100.0,NR,151.0,327.3,-54.0,D,2026-09-13 11:14:45.359600
2026-09-13,2026-06-01,2026-09-13,district,S. I. KARNATAKA,KARNATAKA,CHIKKAMAGALURU,0.0,5.7,-100.0,NR,1234.0,1392.1,-11.0,N,2026-09-13 11:14:45.359600
2026-09-13,2026-06-01,2026-09-13,district,S. I. KARNATAKA,KARNATAKA,CHITRADURGA,0.0,2.4,-100.0,NR,146.5,221.8,-34.0,D,2026-09-13 11:14:45.359600
2026-09-13,2026-06-01,2026-09-13,district,S. I. KARNATAKA,KARNATAKA,DAVANGERE,0.0,2.6,-100.0,NR,267.5,306.7,-13.0,N,2026-09-13 11:14:45.359600
2026-09-13,2026-06-01,2026-09-13,district,S. I. KARNATAKA,KARNATAKA,HASSAN,0.0,4.2,-100.0,NR,216.0,591.6,-63.0,LD,2026-09-13 11:14:45.359600
2026-09-13,2026-06-01,2026-09-13,district,S. I. KARNATAKA,KARNATAKA,KODAGU,0.0,7.5,-100.0,NR,1520.7,2123.0,-28.0,D,2026-09-13 11:14:45.359600
2026-09-13,2026-06-01,2026-09-13,district,S. I. KARNATAKA,KARNATAKA,KOLAR,0.0,3.9,-100.0,NR,129.3,312.1,-59.0,D,2026-09-13 11:14:45.359600
2026-09-13,2026-06-01,2026-09-13,district,S. I. KARNATAKA,KARNATAKA,MANDYA,0.0,4.1,-100.0,NR,106.6,223.2,-52.0,D,2026-09-13 11:14:45.359600
2026-09-13,2026-06-01,2026-09-13,district,S. I. KARNATAKA,KARNATAKA,MYSURU,0.0,3.0,-100.0,NR,159.5,300.5,-47.0,D,2026-09-13 11:14:45.359600
2026-09-13,2026-06-01,2026-09-13,district,S. I. KARNATAKA,KARNATAKA,RAMANAGARA,0.0,5.3,-100.0,NR,19.0,352.6,-95.0,LD,2026-09-13 11:14:45.359600
2026-09-13,2026-06-01,2026-09-13,district,S. I. KARNATAKA,KARNATAKA,SHIVAMOGGA,0.0,4.9,-100.0,NR,1440.3,1536.9,-6.0,N,2026-09-13 11:14:45.359600
2026-09-13,2026-06-01,2026-09-13,district,S. I. KARNATAKA,KARNATAKA,TUMAKURU,0.0,4.9,-100.0,NR,128.1,282.7,-55.0,D,2026-09-13 11:14:45.359600
2026-09-13,2026-06-01,2026-09-13,district,S. I. KARNATAKA,KARNATAKA,VIJAYANAGARA,0.0,2.8,-100.0,NR,150.4,299.6,-50.0,D,2026-09-13 11:14:45.359600
2026-09-13,2026-06-01,2026-09-13,district,SAURASHTRA & KUTCH,DADRA & NAGAR HAVELI AND DAMAN & DIU (UT),DIU,8.4,2.8,200.0,LE,641.2,697.5,-8.0,N,2026-09-13 11:14:45.359600
2026-09-13,2026-06-01,2026-09-13,district,SAURASHTRA & KUTCH,GUJARAT,AMRELI,6.3,4.4,44.0,E,504.0,511.6,-1.0,N,2026-09-13 11:14:45.359600
2026-09-13,2026-06-01,2026-09-13,district,SAURASHTRA & KUTCH,GUJARAT,BHAVNAGAR,33.5,3.4,886.0,LE,516.1,507.3,2.0,N,2026-09-13 11:14:45.359600
2026-09-13,2026-06-01,2026-09-13,district,SAURASHTRA & KUTCH,GUJARAT,BOTAD,8.5,3.5,143.0,LE,454.3,500.6,-9.0,N,2026-09-13 11:14:45.359600
2026-09-13,2026-06-01,2026-09-13,district,SAURASHTRA & KUTCH,GUJARAT,DEVBHOOMI DWARKA,0.0,7.0,-100.0,NR,61.0,529.7,-88.0,LD,2026-09-13 11:14:45.359600
2026-09-13,2026-06-01,2026-09-13,district,SAURASHTRA & KUTCH,GUJARAT,GIR SOMNATH,8.7,4.9,78.0,LE,478.8,812.0,-41.0,D,2026-09-13 11:14:45.359600
2026-09-13,2026-06-01,2026-09-13,district,SAURASHTRA & KUTCH,GUJARAT,JAMNAGAR,0.0,6.6,-100.0,NR,225.8,584.3,-61.0,LD,2026-09-13 11:14:45.359600
2026-09-13,2026-06-01,2026-09-13,district,SAURASHTRA & KUTCH,GUJARAT,JUNAGADH,0.1,8.6,-99.0,LD,592.6,810.4,-27.0,D,2026-09-13 11:14:45.359600
2026-09-13,2026-06-01,2026-09-13,district,SAURASHTRA & KUTCH,GUJARAT,KUTCH,0.0,4.8,-100.0,NR,140.5,383.4,-63.0,LD,2026-09-13 11:14:45.359600
2026-09-13,2026-06-01,2026-09-13,district,SAURASHTRA & KUTCH,GUJARAT,MORBI,1.6,4.0,-60.0,LD,475.0,489.4,-3.0,N,2026-09-13 11:14:45.359600
2026-09-13,2026-06-01,2026-09-13,district,SAURASHTRA & KUTCH,GUJARAT,PORBANDAR,0.5,8.3,-94.0,LD,163.2,646.1,-75.0,LD,2026-09-13 11:14:45.359600
2026-09-13,2026-06-01,2026-09-13,district,SAURASHTRA & KUTCH,GUJARAT,RAJKOT,3.7,4.6,-19.0,N,360.2,570.6,-37.0,D,2026-09-13 11:14:45.359600
2026-09-13,2026-06-01,2026-09-13,district,SAURASHTRA & KUTCH,GUJARAT,SURENDRANAGAR,9.6,3.6,168.0,LE,490.6,472.1,4.0,N,2026-09-13 11:14:45.359600
2026-09-13,2026-06-01,2026-09-13,district,SHWB & SIKKIM,SIKKIM,GANGTOK,13.5,13.4,1.0,N,1693.0,1943.4,-13.0,N,2026-09-13 11:14:45.359600
2026-09-13,2026-06-01,2026-09-13,district,SHWB & SIKKIM,SIKKIM,GYALSHING,18.0,13.6,32.0,E,1982.0,1606.8,23.0,E,2026-09-13 11:14:45.359600
2026-09-13,2026-06-01,2026-09-13,district,SHWB & SIKKIM,SIKKIM,MANGAN,19.8,13.4,48.0,E,1179.6,1379.5,-14.0,N,2026-09-13 11:14:45.359600
2026-09-13,2026-06-01,2026-09-13,district,SHWB & SIKKIM,SIKKIM,NAMCHI,10.6,9.5,12.0,N,1592.4,1485.5,7.0,N,2026-09-13 11:14:45.359600
2026-09-13,2026-06-01,2026-09-13,district,SHWB & SIKKIM,SIKKIM,Pakyong,13.5,12.2,10.0,N,1378.3,1456.0,-5.0,N,2026-09-13 11:14:45.359600
2026-09-13,2026-06-01,2026-09-13,district,SHWB & SIKKIM,SIKKIM,Soreng,12.0,13.6,-12.0,N,1884.5,1606.8,17.0,N,2026-09-13 11:14:45.359600
2026-09-13,2026-06-01,2026-09-13,district,SHWB & SIKKIM,WEST BENGAL,ALIPURDUAR,46.0,20.2,128.0,LE,2424.3,2752.2,-12.0,N,2026-09-13 11:14:45.359600
2026-09-13,2026-06-01,2026-09-13,district,SHWB & SIKKIM,WEST BENGAL,COOCH BEHAR,48.7,13.6,258.0,LE,1885.7,2108.8,-11.0,N,2026-09-13 11:14:45.359600
2026-09-13,2026-06-01,2026-09-13,district,SHWB & SIKKIM,WEST BENGAL,DARJEELING,32.0,19.5,64.0,LE,1944.4,2456.6,-21.0,D,2026-09-13 11:14:45.359600
2026-09-13,2026-06-01,2026-09-13,district,SHWB & SIKKIM,WEST BENGAL,JALPAIGURI,23.2,17.2,35.0,E,1973.0,2621.1,-25.0,D,2026-09-13 11:14:45.359600
2026-09-13,2026-06-01,2026-09-13,district,SHWB & SIKKIM,WEST BENGAL,KALIMPONG,14.9,20.8,-29.0,D,1684.3,2179.1,-23.0,D,2026-09-13 11:14:45.359600
2026-09-13,2026-06-01,2026-09-13,district,SHWB & SIKKIM,WEST BENGAL,MALDA,0.0,5.6,-100.0,NR,784.4,990.2,-21.0,D,2026-09-13 11:14:45.359600
2026-09-13,2026-06-01,2026-09-13,district,SHWB & SIKKIM,WEST BENGAL,NORTH DINAJPUR,1.0,8.4,-88.0,LD,921.0,1280.9,-28.0,D,2026-09-13 11:14:45.359600
2026-09-13,2026-06-01,2026-09-13,district,SHWB & SIKKIM,WEST BENGAL,SOUTH DINAJPUR,0.0,8.6,-100.0,NR,759.1,917.1,-17.0,N,2026-09-13 11:14:45.359600
2026-09-13,2026-06-01,2026-09-13,district,TAMIL. PUDU.& KARAIKAL,PUDUCHERRY (UT),KARAIKAL,0.0,0.9,-100.0,NR,234.1,228.0,3.0,N,2026-09-13 11:14:45.359600
2026-09-13,2026-06-01,2026-09-13,district,TAMIL. PUDU.& KARAIKAL,PUDUCHERRY (UT),PUDUCHERRY,0.0,5.1,-100.0,NR,134.9,312.9,-57.0,D,2026-09-13 11:14:45.359600
2026-09-13,2026-06-01,2026-09-13,district,TAMIL. PUDU.& KARAIKAL,TAMILNADU,ARIYALUR,0.0,1.8,-100.0,NR,242.1,245.3,-1.0,N,2026-09-13 11:14:45.359600
2026-09-13,2026-06-01,2026-09-13,district,TAMIL. PUDU.& KARAIKAL,TAMILNADU,CHENGALPATTU,0.0,3.9,-100.0,NR,171.7,325.2,-47.0,D,2026-09-13 11:14:45.359600
2026-09-13,2026-06-01,2026-09-13,district,TAMIL. PUDU.& KARAIKAL,TAMILNADU,CHENNAI,0.0,2.1,-100.0,NR,350.2,356.4,-2.0,N,2026-09-13 11:14:45.359600
2026-09-13,2026-06-01,2026-09-13,district,TAMIL. PUDU.& KARAIKAL,TAMILNADU,COIMBATORE,0.1,2.7,-96.0,LD,630.0,615.5,2.0,N,2026-09-13 11:14:45.359600
2026-09-13,2026-06-01,2026-09-13,district,TAMIL. PUDU.& KARAIKAL,TAMILNADU,CUDDALORE,0.0,3.1,-100.0,NR,229.8,277.6,-17.0,N,2026-09-13 11:14:45.359600
2026-09-13,2026-06-01,2026-09-13,district,TAMIL. PUDU.& KARAIKAL,TAMILNADU,DHARMAPURI,0.0,3.6,-100.0,NR,157.3,284.7,-45.0,D,2026-09-13 11:14:45.359600
2026-09-13,2026-06-01,2026-09-13,district,TAMIL. PUDU.& KARAIKAL,TAMILNADU,DINDIGUL,3.5,3.6,-4.0,N,119.6,218.0,-45.0,D,2026-09-13 11:14:45.359600
2026-09-13,2026-06-01,2026-09-13,district,TAMIL. PUDU.& KARAIKAL,TAMILNADU,ERODE,0.0,2.4,-100.0,NR,128.2,191.0,-33.0,D,2026-09-13 11:14:45.359600
2026-09-13,2026-06-01,2026-09-13,district,TAMIL. PUDU.& KARAIKAL,TAMILNADU,KALLAKURICHI,8.8,4.7,87.0,LE,202.6,308.1,-34.0,D,2026-09-13 11:14:45.359600
2026-09-13,2026-06-01,2026-09-13,district,TAMIL. PUDU.& KARAIKAL,TAMILNADU,KANCHEEPURAM,0.0,4.6,-100.0,NR,270.8,379.5,-29.0,D,2026-09-13 11:14:45.359600
2026-09-13,2026-06-01,2026-09-13,district,TAMIL. PUDU.& KARAIKAL,TAMILNADU,KANYAKUMARI,0.0,2.4,-100.0,NR,400.5,415.7,-4.0,N,2026-09-13 11:14:45.359600
2026-09-13,2026-06-01,2026-09-13,district,TAMIL. PUDU.& KARAIKAL,TAMILNADU,KARUR,2.9,3.5,-16.0,N,42.5,137.1,-69.0,LD,2026-09-13 11:14:45.359600
2026-09-13,2026-06-01,2026-09-13,district,TAMIL. PUDU.& KARAIKAL,TAMILNADU,KRISHNAGIRI,7.4,4.2,75.0,LE,134.5,260.6,-48.0,D,2026-09-13 11:14:45.359600
2026-09-13,2026-06-01,2026-09-13,district,TAMIL. PUDU.& KARAIKAL,TAMILNADU,MADURAI,6.9,3.5,96.0,LE,153.8,222.9,-31.0,D,2026-09-13 11:14:45.359600
2026-09-13,2026-06-01,2026-09-13,district,TAMIL. PUDU.& KARAIKAL,TAMILNADU,MAYILADUTHURAI,0.0,2.9,-100.0,NR,166.9,239.0,-30.0,D,2026-09-13 11:14:45.359600
2026-09-13,2026-06-01,2026-09-13,district,TAMIL. PUDU.& KARAIKAL,TAMILNADU,NAGAPATTINAM,0.0,2.3,-100.0,NR,77.6,191.3,-59.0,D,2026-09-13 11:14:45.359600
2026-09-13,2026-06-01,2026-09-13,district,TAMIL. PUDU.& KARAIKAL,TAMILNADU,NAMAKKAL,0.0,4.5,-100.0,NR,87.6,248.7,-65.0,LD,2026-09-13 11:14:45.359600
2026-09-13,2026-06-01,2026-09-13,district,TAMIL. PUDU.& KARAIKAL,TAMILNADU,NILGIRIS,3.9,5.2,-25.0,D,497.8,741.6,-33.0,D,2026-09-13 11:14:45.359600
2026-09-13,2026-06-01,2026-09-13,district,TAMIL. PUDU.& KARAIKAL,TAMILNADU,PERAMBALUR,6.5,3.3,98.0,LE,190.2,205.7,-8.0,N,2026-09-13 11:14:45.359600
2026-09-13,2026-06-01,2026-09-13,district,TAMIL. PUDU.& KARAIKAL,TAMILNADU,PUDUKKOTTAI,0.9,3.1,-72.0,LD,194.8,231.0,-16.0,N,2026-09-13 11:14:45.359600
2026-09-13,2026-06-01,2026-09-13,district,TAMIL. PUDU.& KARAIKAL,TAMILNADU,RAMANATHAPURAM,1.3,1.8,-30.0,D,39.1,91.8,-57.0,D,2026-09-13 11:14:45.359600
2026-09-13,2026-06-01,2026-09-13,district,TAMIL. PUDU.& KARAIKAL,TAMILNADU,RANIPET,6.6,3.5,90.0,LE,293.0,356.8,-18.0,N,2026-09-13 11:14:45.359600
2026-09-13,2026-06-01,2026-09-13,district,TAMIL. PUDU.& KARAIKAL,TAMILNADU,SALEM,4.2,3.7,14.0,N,190.9,310.2,-38.0,D,2026-09-13 11:14:45.359600
2026-09-13,2026-06-01,2026-09-13,district,TAMIL. PUDU.& KARAIKAL,TAMILNADU,SIVAGANGA,6.6,3.8,73.0,LE,234.1,251.2,-7.0,N,2026-09-13 11:14:45.359600
2026-09-13,2026-06-01,2026-09-13,district,TAMIL. PUDU.& KARAIKAL,TAMILNADU,TENKASI,0.0,0.9,-100.0,NR,179.4,137.1,31.0,E,2026-09-13 11:14:45.359600
2026-09-13,2026-06-01,2026-09-13,district,TAMIL. PUDU.& KARAIKAL,TAMILNADU,THANJAVUR,0.0,2.7,-100.0,NR,149.6,232.9,-36.0,D,2026-09-13 11:14:45.359600
2026-09-13,2026-06-01,2026-09-13,district,TAMIL. PUDU.& KARAIKAL,TAMILNADU,THENI,1.6,2.6,-40.0,D,169.8,176.1,-4.0,N,2026-09-13 11:14:45.359600
2026-09-13,2026-06-01,2026-09-13,district,TAMIL. PUDU.& KARAIKAL,TAMILNADU,THIRUCHIRAPALLI,4.5,3.7,20.0,E,106.0,200.2,-47.0,D,2026-09-13 11:14:45.359600
2026-09-13,2026-06-01,2026-09-13,district,TAMIL. PUDU.& KARAIKAL,TAMILNADU,THIRUVALLUR,0.4,4.7,-92.0,LD,307.2,374.4,-18.0,N,2026-09-13 11:14:45.359600
2026-09-13,2026-06-01,2026-09-13,district,TAMIL. PUDU.& KARAIKAL,TAMILNADU,THOOTHUKUDI,0.0,1.0,-100.0,NR,13.4,43.8,-70.0,LD,2026-09-13 11:14:45.359600
2026-09-13,2026-06-01,2026-09-13,district,TAMIL. PUDU.& KARAIKAL,TAMILNADU,TIRUNELVELI,0.0,0.5,-100.0,NR,367.7,65.3,463.0,LE,2026-09-13 11:14:45.359600
2026-09-13,2026-06-01,2026-09-13,district,TAMIL. PUDU.& KARAIKAL,TAMILNADU,TIRUPATTUR,25.2,4.8,424.0,LE,123.3,336.3,-63.0,LD,2026-09-13 11:14:45.359600
2026-09-13,2026-06-01,2026-09-13,district,TAMIL. PUDU.& KARAIKAL,TAMILNADU,TIRUPPUR,0.0,1.1,-100.0,NR,38.6,101.2,-62.0,LD,2026-09-13 11:14:45.359600
2026-09-13,2026-06-01,2026-09-13,district,TAMIL. PUDU.& KARAIKAL,TAMILNADU,TIRUVANNAMALAI,24.2,4.8,405.0,LE,221.3,350.7,-37.0,D,2026-09-13 11:14:45.359600
2026-09-13,2026-06-01,2026-09-13,district,TAMIL. PUDU.& KARAIKAL,TAMILNADU,TIRUVARUR,0.2,2.5,-92.0,LD,169.0,228.4,-26.0,D,2026-09-13 11:14:45.359600
2026-09-13,2026-06-01,2026-09-13,district,TAMIL. PUDU.& KARAIKAL,TAMILNADU,VELLORE,29.0,4.4,558.0,LE,186.1,337.0,-45.0,D,2026-09-13 11:14:45.359600
2026-09-13,2026-06-01,2026-09-13,district,TAMIL. PUDU.& KARAIKAL,TAMILNADU,VILLUPURAM,16.1,4.3,274.0,LE,226.9,320.8,-29.0,D,2026-09-13 11:14:45.359600
2026-09-13,2026-06-01,2026-09-13,district,TAMIL. PUDU.& KARAIKAL,TAMILNADU,VIRUDHUNAGAR,1.2,4.0,-70.0,LD,116.1,138.4,-16.0,N,2026-09-13 11:14:45.359600
2026-09-13,2026-06-01,2026-09-13,district,TELANGANA,TELANGANA,ADILABAD,26.7,3.9,586.0,LE,640.2,861.0,-26.0,D,2026-09-13 11:14:45.359600
2026-09-13,2026-06-01,2026-09-13,district,TELANGANA,TELANGANA,B. KOTHAGUDEM,45.9,6.6,595.0,LE,616.2,855.6,-28.0,D,2026-09-13 11:14:45.359600
2026-09-13,2026-06-01,2026-09-13,district,TELANGANA,TELANGANA,HANUMAKONDA,18.1,2.9,524.0,LE,371.2,597.6,-38.0,D,2026-09-13 11:14:45.359600
2026-09-13,2026-06-01,2026-09-13,district,TELANGANA,TELANGANA,HYDERABAD,14.1,5.2,172.0,LE,344.5,534.0,-35.0,D,2026-09-13 11:14:45.359600
2026-09-13,2026-06-01,2026-09-13,district,TELANGANA,TELANGANA,J. BHUPALPALLY,22.0,4.7,368.0,LE,768.8,889.9,-14.0,N,2026-09-13 11:14:45.359600
2026-09-13,2026-06-01,2026-09-13,district,TELANGANA,TELANGANA,JAGTIAL,10.8,4.0,171.0,LE,730.6,718.4,2.0,N,2026-09-13 11:14:45.359600
2026-09-13,2026-06-01,2026-09-13,district,TELANGANA,TELANGANA,JANGAON,39.0,3.2,1119.0,LE,376.4,583.9,-36.0,D,2026-09-13 11:14:45.359600
2026-09-13,2026-06-01,2026-09-13,district,TELANGANA,TELANGANA,JOGULAMBA GADWAL,0.0,3.3,-100.0,NR,196.2,367.6,-47.0,D,2026-09-13 11:14:45.359600
2026-09-13,2026-06-01,2026-09-13,district,TELANGANA,TELANGANA,KAMAREDDY,6.1,5.4,13.0,N,755.1,688.2,10.0,N,2026-09-13 11:14:45.359600
2026-09-13,2026-06-01,2026-09-13,district,TELANGANA,TELANGANA,KARIMNAGAR,24.9,2.2,1031.0,LE,517.2,608.4,-15.0,N,2026-09-13 11:14:45.359600
2026-09-13,2026-06-01,2026-09-13,district,TELANGANA,TELANGANA,KHAMMAM,10.7,5.6,90.0,LE,479.2,686.6,-30.0,D,2026-09-13 11:14:45.359600
2026-09-13,2026-06-01,2026-09-13,district,TELANGANA,TELANGANA,KUMARAM BHEEM,42.6,5.1,735.0,LE,1000.5,886.0,13.0,N,2026-09-13 11:14:45.359600
2026-09-13,2026-06-01,2026-09-13,district,TELANGANA,TELANGANA,M. MALKAJGIRI,16.7,3.5,377.0,LE,256.9,446.7,-42.0,D,2026-09-13 11:14:45.359600
2026-09-13,2026-06-01,2026-09-13,district,TELANGANA,TELANGANA,MAHABUBABAD,69.9,5.5,1170.0,LE,617.7,769.7,-20.0,D,2026-09-13 11:14:45.359600
2026-09-13,2026-06-01,2026-09-13,district,TELANGANA,TELANGANA,MAHABUBNAGAR,3.0,2.5,21.0,E,346.5,430.5,-20.0,D,2026-09-13 11:14:45.359600
2026-09-13,2026-06-01,2026-09-13,district,TELANGANA,TELANGANA,MANCHERIAL,36.3,3.0,1109.0,LE,902.3,848.7,6.0,N,2026-09-13 11:14:45.359600
2026-09-13,2026-06-01,2026-09-13,district,TELANGANA,TELANGANA,MEDAK,14.5,4.2,244.0,LE,598.8,685.2,-13.0,N,2026-09-13 11:14:45.359600
2026-09-13,2026-06-01,2026-09-13,district,TELANGANA,TELANGANA,MULUGU,34.8,7.5,364.0,LE,871.8,890.3,-2.0,N,2026-09-13 11:14:45.359600
2026-09-13,2026-06-01,2026-09-13,district,TELANGANA,TELANGANA,NAGARKURNOOL,2.6,3.9,-32.0,D,256.8,400.2,-36.0,D,2026-09-13 11:14:45.359600
2026-09-13,2026-06-01,2026-09-13,district,TELANGANA,TELANGANA,NALGONDA,12.0,6.3,91.0,LE,190.0,427.1,-56.0,D,2026-09-13 11:14:45.359600
2026-09-13,2026-06-01,2026-09-13,district,TELANGANA,TELANGANA,NARAYANPET,0.2,1.0,-81.0,LD,339.0,389.3,-13.0,N,2026-09-13 11:14:45.359600
2026-09-13,2026-06-01,2026-09-13,district,TELANGANA,TELANGANA,NIRMAL,14.8,4.6,222.0,LE,408.3,804.9,-49.0,D,2026-09-13 11:14:45.359600
2026-09-13,2026-06-01,2026-09-13,district,TELANGANA,TELANGANA,NIZAMABAD,11.4,4.0,185.0,LE,639.1,745.5,-14.0,N,2026-09-13 11:14:45.359600
2026-09-13,2026-06-01,2026-09-13,district,TELANGANA,TELANGANA,PEDDAPALLE,32.0,3.6,788.0,LE,655.9,776.6,-16.0,N,2026-09-13 11:14:45.359600
2026-09-13,2026-06-01,2026-09-13,district,TELANGANA,TELANGANA,RAJANNA SIRCILLA,14.0,4.5,212.0,LE,576.9,603.8,-4.0,N,2026-09-13 11:14:45.359600
2026-09-13,2026-06-01,2026-09-13,district,TELANGANA,TELANGANA,RANGAREDDY,12.2,4.0,206.0,LE,353.1,456.4,-23.0,D,2026-09-13 11:14:45.359600
2026-09-13,2026-06-01,2026-09-13,district,TELANGANA,TELANGANA,SANGAREDDY,13.9,3.9,256.0,LE,410.9,605.9,-32.0,D,2026-09-13 11:14:45.359600
2026-09-13,2026-06-01,2026-09-13,district,TELANGANA,TELANGANA,SIDDIPET,24.2,3.1,682.0,LE,473.2,537.1,-12.0,N,2026-09-13 11:14:45.359600
2026-09-13,2026-06-01,2026-09-13,district,TELANGANA,TELANGANA,SURYAPET,14.0,3.5,300.0,LE,349.7,523.6,-33.0,D,2026-09-13 11:14:45.359600
2026-09-13,2026-06-01,2026-09-13,district,TELANGANA,TELANGANA,VIKARABAD,9.9,3.8,161.0,LE,433.8,561.6,-23.0,D,2026-09-13 11:14:45.359600
2026-09-13,2026-06-01,2026-09-13,district,TELANGANA,TELANGANA,WANAPARTHY,1.3,2.1,-40.0,D,267.7,453.7,-41.0,D,2026-09-13 11:14:45.359600
2026-09-13,2026-06-01,2026-09-13,district,TELANGANA,TELANGANA,WARANGAL,48.6,4.4,1004.0,LE,452.2,816.7,-45.0,D,2026-09-13 11:14:45.359600
2026-09-13,2026-06-01,2026-09-13,district,TELANGANA,TELANGANA,Y. BHUVANAGIRI,57.5,3.6,1497.0,LE,302.7,445.4,-32.0,D,2026-09-13 11:14:45.359600
2026-09-13,2026-06-01,2026-09-13,district,UTTARAKHAND,UTTARAKHAND,ALMORA,2.8,7.6,-63.0,LD,933.4,733.8,27.0,E,2026-09-13 11:14:45.359600
2026-09-13,2026-06-01,2026-09-13,district,UTTARAKHAND,UTTARAKHAND,BAGESHWAR,12.2,7.6,61.0,LE,1936.0,733.8,164.0,LE,2026-09-13 11:14:45.359600
2026-09-13,2026-06-01,2026-09-13,district,UTTARAKHAND,UTTARAKHAND,CHAMOLI,3.9,6.1,-36.0,D,1148.1,680.1,69.0,LE,2026-09-13 11:14:45.359600
2026-09-13,2026-06-01,2026-09-13,district,UTTARAKHAND,UTTARAKHAND,CHAMPAWAT,4.4,8.7,-49.0,D,917.3,1213.3,-24.0,D,2026-09-13 11:14:45.359600
2026-09-13,2026-06-01,2026-09-13,district,UTTARAKHAND,UTTARAKHAND,DEHRADUN,0.1,10.2,-99.0,LD,1325.7,1359.1,-2.0,N,2026-09-13 11:14:45.359600
2026-09-13,2026-06-01,2026-09-13,district,UTTARAKHAND,UTTARAKHAND,GARHWAL PAURI,3.7,8.8,-58.0,D,664.3,1193.8,-44.0,D,2026-09-13 11:14:45.359600
2026-09-13,2026-06-01,2026-09-13,district,UTTARAKHAND,UTTARAKHAND,GARHWAL TEHRI,0.0,5.7,-100.0,NR,1161.5,888.6,31.0,E,2026-09-13 11:14:45.359600
2026-09-13,2026-06-01,2026-09-13,district,UTTARAKHAND,UTTARAKHAND,HARDWAR,0.0,6.4,-100.0,NR,1070.7,932.6,15.0,N,2026-09-13 11:14:45.359600
2026-09-13,2026-06-01,2026-09-13,district,UTTARAKHAND,UTTARAKHAND,NAINITAL,7.2,16.8,-57.0,D,1149.7,1435.5,-20.0,D,2026-09-13 11:14:45.359600
2026-09-13,2026-06-01,2026-09-13,district,UTTARAKHAND,UTTARAKHAND,PITHORAGARH,10.5,8.4,25.0,E,1436.3,1409.5,2.0,N,2026-09-13 11:14:45.359600
2026-09-13,2026-06-01,2026-09-13,district,UTTARAKHAND,UTTARAKHAND,RUDRAPRAYAG,1.2,13.1,-91.0,LD,1353.2,1476.9,-8.0,N,2026-09-13 11:14:45.359600
2026-09-13,2026-06-01,2026-09-13,district,UTTARAKHAND,UTTARAKHAND,UDHAM SINGH NAGAR,0.0,8.5,-100.0,NR,1100.0,1047.9,5.0,N,2026-09-13 11:14:45.359600
2026-09-13,2026-06-01,2026-09-13,district,UTTARAKHAND,UTTARAKHAND,UTTARKASHI,0.4,6.7,-94.0,LD,945.6,1082.3,-13.0,N,2026-09-13 11:14:45.359600
2026-09-13,2026-06-01,2026-09-13,district,VIDARBHA,MAHARASHTRA,AKOLA,6.6,3.4,95.0,LE,374.6,639.5,-41.0,D,2026-09-13 11:14:45.359600
2026-09-13,2026-06-01,2026-09-13,district,VIDARBHA,MAHARASHTRA,AMRAOTI,19.4,3.4,470.0,LE,440.5,756.4,-42.0,D,2026-09-13 11:14:45.359600
2026-09-13,2026-06-01,2026-09-13,district,VIDARBHA,MAHARASHTRA,BHANDARA,30.4,6.7,354.0,LE,857.8,1011.4,-15.0,N,2026-09-13 11:14:45.359600
2026-09-13,2026-06-01,2026-09-13,district,VIDARBHA,MAHARASHTRA,BULDHANA,10.1,3.3,207.0,LE,483.3,585.6,-17.0,N,2026-09-13 11:14:45.359600
2026-09-13,2026-06-01,2026-09-13,district,VIDARBHA,MAHARASHTRA,CHANDRAPUR,23.8,6.9,245.0,LE,662.9,1007.1,-34.0,D,2026-09-13 11:14:45.359600
2026-09-13,2026-06-01,2026-09-13,district,VIDARBHA,MAHARASHTRA,GADCHIROLI,45.7,7.4,518.0,LE,945.9,1211.7,-22.0,D,2026-09-13 11:14:45.359600
2026-09-13,2026-06-01,2026-09-13,district,VIDARBHA,MAHARASHTRA,GONDIA,33.9,8.6,294.0,LE,1104.5,1137.0,-3.0,N,2026-09-13 11:14:45.359600
2026-09-13,2026-06-01,2026-09-13,district,VIDARBHA,MAHARASHTRA,NAGPUR,32.7,5.8,464.0,LE,562.5,869.3,-35.0,D,2026-09-13 11:14:45.359600
2026-09-13,2026-06-01,2026-09-13,district,VIDARBHA,MAHARASHTRA,WARDHA,24.9,3.4,633.0,LE,533.5,771.6,-31.0,D,2026-09-13 11:14:45.359600
2026-09-13,2026-06-01,2026-09-13,district,VIDARBHA,MAHARASHTRA,WASHIM,15.9,5.3,200.0,LE,457.8,703.7,-35.0,D,2026-09-13 11:14:45.359600
2026-09-13,2026-06-01,2026-09-13,district,VIDARBHA,MAHARASHTRA,YEOTMAL,7.0,3.5,101.0,LE,566.4,745.6,-24.0,D,2026-09-13 11:14:45.359600
2026-09-13,2026-06-01,2026-09-13,district,WEST MADHYA PRADESH,MADHYA PRADESH,AGAR-MALWA,26.4,3.7,614.0,LE,846.0,833.4,2.0,N,2026-09-13 11:14:45.359600
2026-09-13,2026-06-01,2026-09-13,district,WEST MADHYA PRADESH,MADHYA PRADESH,ALIRAJPUR,21.8,2.9,653.0,LE,421.6,791.0,-47.0,D,2026-09-13 11:14:45.359600
2026-09-13,2026-06-01,2026-09-13,district,WEST MADHYA PRADESH,MADHYA PRADESH,ASHOKNAGAR,0.3,8.4,-97.0,LD,688.0,793.1,-13.0,N,2026-09-13 11:14:45.359600
2026-09-13,2026-06-01,2026-09-13,district,WEST MADHYA PRADESH,MADHYA PRADESH,BARWANI,23.4,3.9,499.0,LE,558.7,600.8,-7.0,N,2026-09-13 11:14:45.359600
2026-09-13,2026-06-01,2026-09-13,district,WEST MADHYA PRADESH,MADHYA PRADESH,BETUL,32.0,8.3,286.0,LE,666.8,959.5,-31.0,D,2026-09-13 11:14:45.359600
2026-09-13,2026-06-01,2026-09-13,district,WEST MADHYA PRADESH,MADHYA PRADESH,BHIND,0.3,7.3,-95.0,LD,737.5,572.9,29.0,E,2026-09-13 11:14:45.359600
2026-09-13,2026-06-01,2026-09-13,district,WEST MADHYA PRADESH,MADHYA PRADESH,BHOPAL,5.5,3.2,71.0,LE,995.8,889.4,12.0,N,2026-09-13 11:14:45.359600
2026-09-13,2026-06-01,2026-09-13,district,WEST MADHYA PRADESH,MADHYA PRADESH,BURHANPUR,22.9,5.9,288.0,LE,765.4,668.5,14.0,N,2026-09-13 11:14:45.359600
2026-09-13,2026-06-01,2026-09-13,district,WEST MADHYA PRADESH,MADHYA PRADESH,DATIA,0.0,5.4,-100.0,NR,736.3,696.8,6.0,N,2026-09-13 11:14:45.359600
2026-09-13,2026-06-01,2026-09-13,district,WEST MADHYA PRADESH,MADHYA PRADESH,DEWAS,24.7,3.7,567.0,LE,744.7,836.0,-11.0,N,2026-09-13 11:14:45.359600
2026-09-13,2026-06-01,2026-09-13,district,WEST MADHYA PRADESH,MADHYA PRADESH,DHAR,21.7,3.7,488.0,LE,463.5,730.8,-37.0,D,2026-09-13 11:14:45.359600
2026-09-13,2026-06-01,2026-09-13,district,WEST MADHYA PRADESH,MADHYA PRADESH,GUNA,2.2,5.4,-60.0,LD,942.7,882.0,7.0,N,2026-09-13 11:14:45.359600
2026-09-13,2026-06-01,2026-09-13,district,WEST MADHYA PRADESH,MADHYA PRADESH,GWALIOR,0.2,4.5,-96.0,LD,729.4,665.8,10.0,N,2026-09-13 11:14:45.359600
2026-09-13,2026-06-01,2026-09-13,district,WEST MADHYA PRADESH,MADHYA PRADESH,HARDA,14.7,1.6,821.0,LE,664.7,1007.9,-34.0,D,2026-09-13 11:14:45.359600
2026-09-13,2026-06-01,2026-09-13,district,WEST MADHYA PRADESH,MADHYA PRADESH,INDORE,28.7,4.8,499.0,LE,597.2,793.7,-25.0,D,2026-09-13 11:14:45.359600
2026-09-13,2026-06-01,2026-09-13,district,WEST MADHYA PRADESH,MADHYA PRADESH,JHABUA,12.2,4.0,205.0,LE,520.4,810.4,-36.0,D,2026-09-13 11:14:45.359600
2026-09-13,2026-06-01,2026-09-13,district,WEST MADHYA PRADESH,MADHYA PRADESH,KHANDWA,26.2,4.0,555.0,LE,668.6,715.3,-7.0,N,2026-09-13 11:14:45.359600
2026-09-13,2026-06-01,2026-09-13,district,WEST MADHYA PRADESH,MADHYA PRADESH,KHARGONE,18.8,4.5,317.0,LE,704.6,649.3,9.0,N,2026-09-13 11:14:45.359600
2026-09-13,2026-06-01,2026-09-13,district,WEST MADHYA PRADESH,MADHYA PRADESH,MANDSAUR,21.8,5.1,327.0,LE,676.1,778.7,-13.0,N,2026-09-13 11:14:45.359600
2026-09-13,2026-06-01,2026-09-13,district,WEST MADHYA PRADESH,MADHYA PRADESH,MORENA,0.0,3.5,-100.0,NR,547.9,605.9,-10.0,N,2026-09-13 11:14:45.359600
2026-09-13,2026-06-01,2026-09-13,district,WEST MADHYA PRADESH,MADHYA PRADESH,NARMADAPURAM,1.3,9.0,-85.0,LD,758.5,1182.5,-36.0,D,2026-09-13 11:14:45.359600
2026-09-13,2026-06-01,2026-09-13,district,WEST MADHYA PRADESH,MADHYA PRADESH,NEEMUCH,11.2,4.7,137.0,LE,630.7,734.3,-14.0,N,2026-09-13 11:14:45.359600
2026-09-13,2026-06-01,2026-09-13,district,WEST MADHYA PRADESH,MADHYA PRADESH,RAISEN,1.1,5.4,-79.0,LD,812.7,1007.4,-19.0,N,2026-09-13 11:14:45.359600
2026-09-13,2026-06-01,2026-09-13,district,WEST MADHYA PRADESH,MADHYA PRADESH,RAJGARH,7.1,4.6,55.0,E,955.5,839.9,14.0,N,2026-09-13 11:14:45.359600
2026-09-13,2026-06-01,2026-09-13,district,WEST MADHYA PRADESH,MADHYA PRADESH,RATLAM,18.1,3.4,433.0,LE,540.3,852.1,-37.0,D,2026-09-13 11:14:45.359600
2026-09-13,2026-06-01,2026-09-13,district,WEST MADHYA PRADESH,MADHYA PRADESH,SEHORE,8.5,5.2,63.0,LE,846.0,996.8,-15.0,N,2026-09-13 11:14:45.359600
2026-09-13,2026-06-01,2026-09-13,district,WEST MADHYA PRADESH,MADHYA PRADESH,SHAJAPUR,7.3,2.7,170.0,LE,673.9,840.1,-20.0,D,2026-09-13 11:14:45.359600
2026-09-13,2026-06-01,2026-09-13,district,WEST MADHYA PRADESH,MADHYA PRADESH,SHEOPUR,1.0,1.4,-29.0,D,750.9,631.9,19.0,N,2026-09-13 11:14:45.359600
2026-09-13,2026-06-01,2026-09-13,district,WEST MADHYA PRADESH,MADHYA PRADESH,SHIVPURI,2.5,5.2,-51.0,D,941.5,739.4,27.0,E,2026-09-13 11:14:45.359600
2026-09-13,2026-06-01,2026-09-13,district,WEST MADHYA PRADESH,MADHYA PRADESH,UJJAIN,23.0,3.8,506.0,LE,607.4,823.8,-26.0,D,2026-09-13 11:14:45.359600
2026-09-13,2026-06-01,2026-09-13,district,WEST MADHYA PRADESH,MADHYA PRADESH,VIDISHA,2.3,5.0,-54.0,D,775.9,962.1,-19.0,N,2026-09-13 11:14:45.359600
2026-09-13,2026-06-01,2026-09-13,district,WEST RAJASTHAN,RAJASTHAN,BARMER,0.4,0.7,-43.0,D,188.4,260.9,-28.0,D,2026-09-13 11:14:45.359600
2026-09-13,2026-06-01,2026-09-13,district,WEST RAJASTHAN,RAJASTHAN,BIKANER,0.0,0.8,-100.0,NR,208.8,236.8,-12.0,N,2026-09-13 11:14:45.359600
2026-09-13,2026-06-01,2026-09-13,district,WEST RAJASTHAN,RAJASTHAN,CHURU,0.9,1.0,-14.0,N,290.2,315.4,-8.0,N,2026-09-13 11:14:45.359600
2026-09-13,2026-06-01,2026-09-13,district,WEST RAJASTHAN,RAJASTHAN,HANUMANGARH,0.0,1.1,-100.0,NR,144.4,235.5,-39.0,D,2026-09-13 11:14:45.359600
2026-09-13,2026-06-01,2026-09-13,district,WEST RAJASTHAN,RAJASTHAN,JAISALMER,0.0,0.2,-100.0,NR,83.3,169.7,-51.0,D,2026-09-13 11:14:45.359600
2026-09-13,2026-06-01,2026-09-13,district,WEST RAJASTHAN,RAJASTHAN,JALORE,12.3,2.1,483.0,LE,155.4,400.2,-61.0,LD,2026-09-13 11:14:45.359600
2026-09-13,2026-06-01,2026-09-13,district,WEST RAJASTHAN,RAJASTHAN,JODHPUR,1.3,1.1,18.0,N,190.5,280.3,-32.0,D,2026-09-13 11:14:45.359600
2026-09-13,2026-06-01,2026-09-13,district,WEST RAJASTHAN,RAJASTHAN,NAGAUR,1.9,0.9,111.0,LE,300.0,354.3,-15.0,N,2026-09-13 11:14:45.359600
2026-09-13,2026-06-01,2026-09-13,district,WEST RAJASTHAN,RAJASTHAN,PALI,2.2,1.6,38.0,E,210.2,471.6,-55.0,D,2026-09-13 11:14:45.359600
2026-09-13,2026-06-01,2026-09-13,district,WEST RAJASTHAN,RAJASTHAN,SRI GANGANAGAR,0.0,0.2,-100.0,NR,176.2,193.2,-9.0,N,2026-09-13 11:14:45.359600
2026-09-13,2026-06-01,2026-09-13,district,WEST UTTAR PRADESH,UTTAR PRADESH,AGRA,0.0,5.2,-100.0,NR,498.4,494.9,1.0,N,2026-09-13 11:14:45.359600
2026-09-13,2026-06-01,2026-09-13,district,WEST UTTAR PRADESH,UTTAR PRADESH,ALIGARH,0.0,4.3,-100.0,NR,314.6,548.0,-43.0,D,2026-09-13 11:14:45.359600
2026-09-13,2026-06-01,2026-09-13,district,WEST UTTAR PRADESH,UTTAR PRADESH,AMROHA,0.0,3.5,-100.0,NR,636.6,761.8,-16.0,N,2026-09-13 11:14:45.359600
2026-09-13,2026-06-01,2026-09-13,district,WEST UTTAR PRADESH,UTTAR PRADESH,AURAIYA,0.0,2.7,-100.0,NR,514.4,475.4,8.0,N,2026-09-13 11:14:45.359600
2026-09-13,2026-06-01,2026-09-13,district,WEST UTTAR PRADESH,UTTAR PRADESH,BADAUN,0.0,4.2,-100.0,NR,646.0,622.4,4.0,N,2026-09-13 11:14:45.359600
2026-09-13,2026-06-01,2026-09-13,district,WEST UTTAR PRADESH,UTTAR PRADESH,BAGHPAT,0.0,4.4,-100.0,NR,489.0,470.4,4.0,N,2026-09-13 11:14:45.359600
2026-09-13,2026-06-01,2026-09-13,district,WEST UTTAR PRADESH,UTTAR PRADESH,BAREILLY,0.0,6.4,-100.0,NR,737.4,723.0,2.0,N,2026-09-13 11:14:45.359600
2026-09-13,2026-06-01,2026-09-13,district,WEST UTTAR PRADESH,UTTAR PRADESH,BIJNOR,0.2,4.9,-96.0,LD,1102.6,833.9,32.0,E,2026-09-13 11:14:45.359600
2026-09-13,2026-06-01,2026-09-13,district,WEST UTTAR PRADESH,UTTAR PRADESH,BULANDSHAHAR,0.0,2.4,-100.0,NR,452.6,497.1,-9.0,N,2026-09-13 11:14:45.359600
2026-09-13,2026-06-01,2026-09-13,district,WEST UTTAR PRADESH,UTTAR PRADESH,ETAH,0.0,4.8,-100.0,NR,686.5,469.8,46.0,E,2026-09-13 11:14:45.359600
2026-09-13,2026-06-01,2026-09-13,district,WEST UTTAR PRADESH,UTTAR PRADESH,ETAWAH,0.0,2.7,-100.0,NR,628.5,525.6,20.0,E,2026-09-13 11:14:45.359600
2026-09-13,2026-06-01,2026-09-13,district,WEST UTTAR PRADESH,UTTAR PRADESH,FIROZABAD,0.0,6.5,-100.0,NR,669.5,533.2,26.0,E,2026-09-13 11:14:45.359600
2026-09-13,2026-06-01,2026-09-13,district,WEST UTTAR PRADESH,UTTAR PRADESH,GAUTAM BUDDHA NAGAR,0.0,3.9,-100.0,NR,657.0,430.5,53.0,E,2026-09-13 11:14:45.359600
2026-09-13,2026-06-01,2026-09-13,district,WEST UTTAR PRADESH,UTTAR PRADESH,GHAZIABAD,0.0,3.9,-100.0,NR,182.0,433.3,-58.0,D,2026-09-13 11:14:45.359600
2026-09-13,2026-06-01,2026-09-13,district,WEST UTTAR PRADESH,UTTAR PRADESH,HAMIRPUR,0.0,6.4,-100.0,NR,1028.8,654.0,57.0,E,2026-09-13 11:14:45.359600
2026-09-13,2026-06-01,2026-09-13,district,WEST UTTAR PRADESH,UTTAR PRADESH,HAPUR,0.0,5.4,-100.0,NR,312.5,630.2,-50.0,D,2026-09-13 11:14:45.359600
2026-09-13,2026-06-01,2026-09-13,district,WEST UTTAR PRADESH,UTTAR PRADESH,HATHRAS,0.0,5.4,-100.0,NR,456.6,516.8,-12.0,N,2026-09-13 11:14:45.359600
2026-09-13,2026-06-01,2026-09-13,district,WEST UTTAR PRADESH,UTTAR PRADESH,JALAUN,0.0,7.2,-100.0,NR,690.6,594.8,16.0,N,2026-09-13 11:14:45.359600
2026-09-13,2026-06-01,2026-09-13,district,WEST UTTAR PRADESH,UTTAR PRADESH,JHANSI,0.0,9.4,-100.0,NR,559.9,673.2,-17.0,N,2026-09-13 11:14:45.359600
2026-09-13,2026-06-01,2026-09-13,district,WEST UTTAR PRADESH,UTTAR PRADESH,KASGANJ,0.0,4.6,-100.0,NR,567.7,621.7,-9.0,N,2026-09-13 11:14:45.359600
2026-09-13,2026-06-01,2026-09-13,district,WEST UTTAR PRADESH,UTTAR PRADESH,LALITPUR,7.8,4.1,90.0,LE,920.7,747.1,23.0,E,2026-09-13 11:14:45.359600
2026-09-13,2026-06-01,2026-09-13,district,WEST UTTAR PRADESH,UTTAR PRADESH,MAHOBA,0.0,6.6,-100.0,NR,958.6,558.4,72.0,LE,2026-09-13 11:14:45.359600
2026-09-13,2026-06-01,2026-09-13,district,WEST UTTAR PRADESH,UTTAR PRADESH,MAINPURI,0.0,8.5,-100.0,NR,379.7,605.7,-37.0,D,2026-09-13 11:14:45.359600
2026-09-13,2026-06-01,2026-09-13,district,WEST UTTAR PRADESH,UTTAR PRADESH,MATHURA,0.0,2.6,-100.0,NR,260.3,458.5,-43.0,D,2026-09-13 11:14:45.359600
2026-09-13,2026-06-01,2026-09-13,district,WEST UTTAR PRADESH,UTTAR PRADESH,MEERUT,0.0,5.2,-100.0,NR,981.2,606.0,62.0,LE,2026-09-13 11:14:45.359600
2026-09-13,2026-06-01,2026-09-13,district,WEST UTTAR PRADESH,UTTAR PRADESH,MORADABAD,0.0,3.4,-100.0,NR,909.4,808.2,13.0,N,2026-09-13 11:14:45.359600
2026-09-13,2026-06-01,2026-09-13,district,WEST UTTAR PRADESH,UTTAR PRADESH,MUZAFFARNAGAR,0.0,5.6,-100.0,NR,975.6,609.2,60.0,LE,2026-09-13 11:14:45.359600
2026-09-13,2026-06-01,2026-09-13,district,WEST UTTAR PRADESH,UTTAR PRADESH,PILIBHIT,0.0,13.2,-100.0,NR,347.4,769.1,-55.0,D,2026-09-13 11:14:45.359600
2026-09-13,2026-06-01,2026-09-13,district,WEST UTTAR PRADESH,UTTAR PRADESH,RAMPUR,0.0,5.7,-100.0,NR,606.4,668.0,-9.0,N,2026-09-13 11:14:45.359600
2026-09-13,2026-06-01,2026-09-13,district,WEST UTTAR PRADESH,UTTAR PRADESH,SAHARANPUR,1.0,6.9,-86.0,LD,504.4,710.3,-29.0,D,2026-09-13 11:14:45.359600
2026-09-13,2026-06-01,2026-09-13,district,WEST UTTAR PRADESH,UTTAR PRADESH,SAMBHAL,0.0,3.9,-100.0,NR,1129.9,615.5,84.0,LE,2026-09-13 11:14:45.359600
2026-09-13,2026-06-01,2026-09-13,district,WEST UTTAR PRADESH,UTTAR PRADESH,SHAHJAHANPUR,0.0,8.0,-100.0,NR,727.4,694.2,5.0,N,2026-09-13 11:14:45.359600
2026-09-13,2026-06-01,2026-09-13,district,WEST UTTAR PRADESH,UTTAR PRADESH,SHAMLI,0.0,6.8,-100.0,NR,164.6,504.2,-67.0,LD,2026-09-13 11:14:45.359600
2026-09-13,2026-06-01,2026-09-13,state,ASSAM & MEGHALAYA,ASSAM,,6.1,9.0,-33.0,D,1000.9,1326.8,-25.0,D,2026-09-13 11:14:45.359600
2026-09-13,2026-06-01,2026-09-13,state,ASSAM & MEGHALAYA,MEGHALAYA,,1.7,19.6,-91.0,LD,1004.1,2438.1,-59.0,D,2026-09-13 11:14:45.359600
2026-09-13,2026-06-01,2026-09-13,state,BIHAR,UTTAR PRADESH,,0.3,7.0,-96.0,LD,667.4,679.3,-2.0,N,2026-09-13 11:14:45.359600
2026-09-13,2026-06-01,2026-09-13,state,CHHATTISGARH,ANDHRA PRADESH,,8.3,4.2,97.0,LE,245.7,427.0,-42.0,D,2026-09-13 11:14:45.359600
2026-09-13,2026-06-01,2026-09-13,state,COASTAL A. P. & YANAM,ANDHRA PRADESH,,8.3,4.2,97.0,LE,245.7,427.0,-42.0,D,2026-09-13 11:14:45.359600
2026-09-13,2026-06-01,2026-09-13,state,COASTAL A. P. & YANAM,PUDUCHERRY (UT),,3.2,3.9,-18.0,N,210.6,340.1,-38.0,D,2026-09-13 11:14:45.359600
2026-09-13,2026-06-01,2026-09-13,state,EAST MADHYA PRADESH,GUJARAT,,14.5,4.8,201.0,LE,534.3,656.3,-19.0,N,2026-09-13 11:14:45.359600
2026-09-13,2026-06-01,2026-09-13,state,GUJARAT REGION,DADRA & NAGAR HAVELI AND DAMAN & DIU (UT),,14.0,6.7,109.0,LE,2802.4,2033.4,38.0,E,2026-09-13 11:14:45.359600
2026-09-13,2026-06-01,2026-09-13,state,GUJARAT REGION,GUJARAT,,14.5,4.8,201.0,LE,534.3,656.3,-19.0,N,2026-09-13 11:14:45.359600
2026-09-13,2026-06-01,2026-09-13,state,HAR. CHD & DELHI,CHANDIGARH (UT),,0.0,2.4,-100.0,NR,657.4,810.3,-19.0,N,2026-09-13 11:14:45.359600
2026-09-13,2026-06-01,2026-09-13,state,HAR. CHD & DELHI,DELHI,,2.3,6.2,-62.0,LD,562.6,510.0,10.0,N,2026-09-13 11:14:45.359600
2026-09-13,2026-06-01,2026-09-13,state,HAR. CHD & DELHI,HARYANA,,0.6,3.4,-84.0,LD,307.1,398.8,-23.0,D,2026-09-13 11:14:45.359600
2026-09-13,2026-06-01,2026-09-13,state,J & K AND LADAKH,JAMMU & KASHMIR(UT),,0.4,2.1,-81.0,LD,500.6,507.6,-1.0,N,2026-09-13 11:14:45.359600
2026-09-13,2026-06-01,2026-09-13,state,J & K AND LADAKH,LADAKH (UT),,0.0,0.1,-100.0,NR,49.4,18.9,161.0,LE,2026-09-13 11:14:45.359600
2026-09-13,2026-06-01,2026-09-13,state,J & K AND LADAKH,RAJASTHAN,,2.6,1.7,55.0,E,308.9,414.5,-25.0,D,2026-09-13 11:14:45.359600
2026-09-13,2026-06-01,2026-09-13,state,KERALA & MAHE,KERALA,,0.2,7.8,-97.0,LD,1378.8,1871.9,-26.0,D,2026-09-13 11:14:45.359600
2026-09-13,2026-06-01,2026-09-13,state,KERALA & MAHE,PUDUCHERRY (UT),,3.2,3.9,-18.0,N,210.6,340.1,-38.0,D,2026-09-13 11:14:45.359600
2026-09-13,2026-06-01,2026-09-13,state,KONKAN & GOA,GOA,,0.0,9.3,-100.0,NR,1873.7,2844.3,-34.0,D,2026-09-13 11:14:45.359600
2026-09-13,2026-06-01,2026-09-13,state,KONKAN & GOA,MAHARASHTRA,,13.4,5.4,149.0,LE,757.9,900.0,-16.0,N,2026-09-13 11:14:45.359600
2026-09-13,2026-06-01,2026-09-13,state,NMMT,MANIPUR,,0.5,8.2,-94.0,LD,543.9,936.2,-42.0,D,2026-09-13 11:14:45.359600
2026-09-13,2026-06-01,2026-09-13,state,NMMT,MIZORAM,,5.8,11.4,-49.0,D,1220.7,1425.6,-14.0,N,2026-09-13 11:14:45.359600
2026-09-13,2026-06-01,2026-09-13,state,NMMT,NAGALAND,,4.1,7.0,-41.0,D,1034.3,929.6,11.0,N,2026-09-13 11:14:45.359600
2026-09-13,2026-06-01,2026-09-13,state,NMMT,TRIPURA,,2.7,8.5,-68.0,LD,1089.2,1251.5,-13.0,N,2026-09-13 11:14:45.359600
2026-09-13,2026-06-01,2026-09-13,state,SAURASHTRA & KUTCH,DADRA & NAGAR HAVELI AND DAMAN & DIU (UT),,14.0,6.7,109.0,LE,2802.4,2033.4,38.0,E,2026-09-13 11:14:45.359600
2026-09-13,2026-06-01,2026-09-13,state,SAURASHTRA & KUTCH,GUJARAT,,14.5,4.8,201.0,LE,534.3,656.3,-19.0,N,2026-09-13 11:14:45.359600
2026-09-13,2026-06-01,2026-09-13,state,SHWB & SIKKIM,SIKKIM,,17.4,13.3,31.0,E,1405.4,1492.5,-6.0,N,2026-09-13 11:14:45.359600
2026-09-13,2026-06-01,2026-09-13,state,SHWB & SIKKIM,WEST BENGAL,,8.8,9.0,-2.0,N,1200.1,1178.5,2.0,N,2026-09-13 11:14:45.359600
2026-09-13,2026-06-01,2026-09-13,state,TAMIL. PUDU.& KARAIKAL,KARNATAKA,,0.1,4.4,-97.0,LD,525.7,735.0,-28.0,D,2026-09-13 11:14:45.359600
2026-09-13,2026-06-01,2026-09-13,state,TAMIL. PUDU.& KARAIKAL,PUDUCHERRY (UT),,3.2,3.9,-18.0,N,210.6,340.1,-38.0,D,2026-09-13 11:14:45.359600
2026-09-13,2026-06-01,2026-09-13,state,TAMIL. PUDU.& KARAIKAL,TAMILNADU,,4.3,3.2,36.0,E,188.7,255.4,-26.0,D,2026-09-13 11:14:45.359600
2026-09-13,2026-06-01,2026-09-13,state,WEST RAJASTHAN,MADHYA PRADESH,,9.9,5.8,71.0,LE,823.4,880.2,-6.0,N,2026-09-13 11:14:45.359600
2026-09-13,2026-06-01,2026-09-13,subdivision,A & N ISLAND,,,6.8,15.1,-55.0,D,1483.1,1380.7,7.0,N,2026-09-13 11:14:45.359600
2026-09-13,2026-06-01,2026-09-13,subdivision,ARUNACHAL PRADESH,,,5.0,16.0,-69.0,LD,859.6,1478.0,-42.0,D,2026-09-13 11:14:45.359600
2026-09-13,2026-06-01,2026-09-13,subdivision,ASSAM & MEGHALAYA,,,5.0,11.5,-57.0,D,1001.6,1585.5,-37.0,D,2026-09-13 11:14:45.359600
2026-09-13,2026-06-01,2026-09-13,subdivision,BIHAR,,,2.1,7.7,-73.0,LD,569.3,875.4,-35.0,D,2026-09-13 11:14:45.359600
2026-09-13,2026-06-01,2026-09-13,subdivision,CHHATTISGARH,,,12.4,7.5,66.0,LE,1010.2,1039.5,-3.0,N,2026-09-13 11:14:45.359600
2026-09-13,2026-06-01,2026-09-13,subdivision,COASTAL A. P. & YANAM,,,13.5,4.8,181.0,LE,309.5,500.6,-38.0,D,2026-09-13 11:14:45.359600
2026-09-13,2026-06-01,2026-09-13,subdivision,COASTAL KARNATAKA,,,0.0,10.4,-100.0,NR,2148.9,2935.1,-27.0,D,2026-09-13 11:14:45.359600
2026-09-13,2026-06-01,2026-09-13,subdivision,EAST MADHYA PRADESH,,,6.6,6.8,-3.0,N,959.2,966.9,-1.0,N,2026-09-13 11:14:45.359600
2026-09-13,2026-06-01,2026-09-13,subdivision,EAST RAJASTHAN,,,4.4,2.7,61.0,LE,464.1,594.7,-22.0,D,2026-09-13 11:14:45.359600
2026-09-13,2026-06-01,2026-09-13,subdivision,EAST UTTAR PRADESH,,,0.1,8.0,-98.0,LD,669.6,719.5,-7.0,N,2026-09-13 11:14:45.359600
2026-09-13,2026-06-01,2026-09-13,subdivision,GANGETIC WEST BENGAL,,,4.8,8.0,-40.0,D,1093.5,1017.1,8.0,N,2026-09-13 11:14:45.359600
2026-09-13,2026-06-01,2026-09-13,subdivision,GUJARAT REGION,,,26.3,4.7,460.0,LE,823.7,859.7,-4.0,N,2026-09-13 11:14:45.359600
2026-09-13,2026-06-01,2026-09-13,subdivision,HAR. CHD & DELHI,,,0.6,3.5,-83.0,LD,314.2,403.2,-22.0,D,2026-09-13 11:14:45.359600
2026-09-13,2026-06-01,2026-09-13,subdivision,HIMACHAL PRADESH,,,2.0,4.0,-50.0,D,610.9,682.4,-10.0,N,2026-09-13 11:14:45.359600
2026-09-13,2026-06-01,2026-09-13,subdivision,J & K AND LADAKH,,,0.4,2.1,-81.0,LD,500.6,507.6,-1.0,N,2026-09-13 11:14:45.359600
2026-09-13,2026-06-01,2026-09-13,subdivision,JHARKHAND,,,3.2,7.3,-56.0,D,852.8,906.9,-6.0,N,2026-09-13 11:14:45.359600
2026-09-13,2026-06-01,2026-09-13,subdivision,KERALA & MAHE,,,0.2,7.9,-97.0,LD,1378.9,1872.0,-26.0,D,2026-09-13 11:14:45.359600
2026-09-13,2026-06-01,2026-09-13,subdivision,KONKAN & GOA,,,16.4,9.6,71.0,LE,2371.0,2685.5,-12.0,N,2026-09-13 11:14:45.359600
2026-09-13,2026-06-01,2026-09-13,subdivision,LAKSHADWEEP,,,0.0,6.9,-100.0,NR,652.6,940.1,-31.0,D,2026-09-13 11:14:45.359600
2026-09-13,2026-06-01,2026-09-13,subdivision,MADHYA MAHARASHTRA,,,7.8,4.8,62.0,LE,658.1,652.9,1.0,N,2026-09-13 11:14:45.359600
2026-09-13,2026-06-01,2026-09-13,subdivision,MARATHWADA,,,6.4,5.2,23.0,E,352.0,553.0,-36.0,D,2026-09-13 11:14:45.359600
2026-09-13,2026-06-01,2026-09-13,subdivision,N. I. KARNATAKA,,,0.3,3.2,-91.0,LD,283.4,391.4,-28.0,D,2026-09-13 11:14:45.359600
2026-09-13,2026-06-01,2026-09-13,subdivision,NMMT,,,3.4,9.0,-62.0,LD,966.0,1157.2,-17.0,N,2026-09-13 11:14:45.359600
2026-09-13,2026-06-01,2026-09-13,subdivision,ODISHA,,,7.4,9.1,-19.0,N,1260.6,1037.3,22.0,E,2026-09-13 11:14:45.359600
2026-09-13,2026-06-01,2026-09-13,subdivision,PUNJAB,,,0.4,2.5,-85.0,LD,244.9,408.0,-40.0,D,2026-09-13 11:14:45.359600
2026-09-13,2026-06-01,2026-09-13,subdivision,RAYALASEEMA,,,1.5,3.2,-53.0,D,162.2,322.4,-50.0,D,2026-09-13 11:14:45.359600
2026-09-13,2026-06-01,2026-09-13,subdivision,S. I. KARNATAKA,,,0.0,4.2,-100.0,NR,409.3,587.6,-30.0,D,2026-09-13 11:14:45.359600
2026-09-13,2026-06-01,2026-09-13,subdivision,SAURASHTRA & KUTCH,,,4.5,5.0,-10.0,N,305.2,493.9,-38.0,D,2026-09-13 11:14:45.359600
2026-09-13,2026-06-01,2026-09-13,subdivision,SHWB & SIKKIM,,,20.1,12.6,60.0,LE,1494.4,1678.5,-11.0,N,2026-09-13 11:14:45.359600
2026-09-13,2026-06-01,2026-09-13,subdivision,TAMIL. PUDU.& KARAIKAL,,,4.3,3.2,35.0,E,188.6,255.5,-26.0,D,2026-09-13 11:14:45.359600
2026-09-13,2026-06-01,2026-09-13,subdivision,TELANGANA,,,21.8,4.4,396.0,LE,509.8,643.4,-21.0,D,2026-09-13 11:14:45.359600
2026-09-13,2026-06-01,2026-09-13,subdivision,UTTARAKHAND,,,3.8,8.6,-55.0,D,1136.0,1090.3,4.0,N,2026-09-13 11:14:45.359600
2026-09-13,2026-06-01,2026-09-13,subdivision,VIDARBHA,,,23.2,5.1,355.0,LE,632.0,868.9,-27.0,D,2026-09-13 11:14:45.359600
2026-09-13,2026-06-01,2026-09-13,subdivision,WEST MADHYA PRADESH,,,12.5,4.9,154.0,LE,719.1,813.5,-12.0,N,2026-09-13 11:14:45.359600
2026-09-13,2026-06-01,2026-09-13,subdivision,WEST RAJASTHAN,,,1.3,0.8,59.0,E,185.3,270.9,-32.0,D,2026-09-13 11:14:45.359600
2026-09-13,2026-06-01,2026-09-13,subdivision,WEST UTTAR PRADESH,,,0.4,5.7,-93.0,LD,664.2,623.1,7.0,N,2026-09-13 11:14:45.359600
