date,period_start,period_end,level,subdivision,state,district,day_actual_mm,day_normal_mm,day_departure_pct,day_category,period_actual_mm,period_normal_mm,period_departure_pct,period_category,scraped_at
2026-09-04,2026-06-01,2026-09-04,district,A & N ISLAND,ANDAMAN & NICOBAR ISLANDS,NICOBAR,3.5,8.8,-60.0,LD,477.9,820.9,-42.0,D,2026-09-04 10:47:27.221868
2026-09-04,2026-06-01,2026-09-04,district,A & N ISLAND,ANDAMAN & NICOBAR ISLANDS,NORTH & MIDDLE ANDAMAN,0.0,18.0,-100.0,NR,1941.5,1500.8,29.0,E,2026-09-04 10:47:27.221868
2026-09-04,2026-06-01,2026-09-04,district,A & N ISLAND,ANDAMAN & NICOBAR ISLANDS,SOUTH ANDAMAN,1.9,13.6,-86.0,LD,1019.1,1259.6,-19.0,N,2026-09-04 10:47:27.221868
2026-09-04,2026-06-01,2026-09-04,district,ARUNACHAL PRADESH,ARUNACHAL PRADESH,ANJAW,1.8,19.0,-91.0,LD,165.8,1356.0,-88.0,LD,2026-09-04 10:47:27.221868
2026-09-04,2026-06-01,2026-09-04,district,ARUNACHAL PRADESH,ARUNACHAL PRADESH,CHANGLANG,0.0,8.7,-100.0,NR,967.1,1125.6,-14.0,N,2026-09-04 10:47:27.221868
2026-09-04,2026-06-01,2026-09-04,district,ARUNACHAL PRADESH,ARUNACHAL PRADESH,EAST KAMENG,6.2,10.2,-39.0,D,1201.6,1002.2,20.0,E,2026-09-04 10:47:27.221868
2026-09-04,2026-06-01,2026-09-04,district,ARUNACHAL PRADESH,ARUNACHAL PRADESH,EAST SIANG,0.3,24.7,-99.0,LD,1916.7,2660.9,-28.0,D,2026-09-04 10:47:27.221868
2026-09-04,2026-06-01,2026-09-04,district,ARUNACHAL PRADESH,ARUNACHAL PRADESH,KURUNG KUMEY,0.7,8.8,-92.0,LD,523.7,935.7,-44.0,D,2026-09-04 10:47:27.221868
2026-09-04,2026-06-01,2026-09-04,district,ARUNACHAL PRADESH,ARUNACHAL PRADESH,LOHIT,0.0,11.0,-100.0,NR,808.3,1302.0,-38.0,D,2026-09-04 10:47:27.221868
2026-09-04,2026-06-01,2026-09-04,district,ARUNACHAL PRADESH,ARUNACHAL PRADESH,LOWER SUBANSIRI,1.3,8.0,-84.0,LD,393.2,630.7,-38.0,D,2026-09-04 10:47:27.221868
2026-09-04,2026-06-01,2026-09-04,district,ARUNACHAL PRADESH,ARUNACHAL PRADESH,PAPUMPARA,14.5,13.7,6.0,N,1502.8,1808.4,-17.0,N,2026-09-04 10:47:27.221868
2026-09-04,2026-06-01,2026-09-04,district,ARUNACHAL PRADESH,ARUNACHAL PRADESH,TAWANG,2.4,8.6,-72.0,LD,307.5,822.8,-63.0,LD,2026-09-04 10:47:27.221868
2026-09-04,2026-06-01,2026-09-04,district,ARUNACHAL PRADESH,ARUNACHAL PRADESH,TIRAP,21.0,16.1,30.0,E,1663.5,1648.5,1.0,N,2026-09-04 10:47:27.221868
2026-09-04,2026-06-01,2026-09-04,district,ARUNACHAL PRADESH,ARUNACHAL PRADESH,UPPER SIANG,0.6,15.0,-96.0,LD,971.7,1392.4,-30.0,D,2026-09-04 10:47:27.221868
2026-09-04,2026-06-01,2026-09-04,district,ARUNACHAL PRADESH,ARUNACHAL PRADESH,UPPER SUBANSIRI,12.4,10.3,20.0,E,321.1,781.2,-59.0,D,2026-09-04 10:47:27.221868
2026-09-04,2026-06-01,2026-09-04,district,ARUNACHAL PRADESH,ARUNACHAL PRADESH,WEST KAMENG,0.8,9.6,-91.0,LD,473.8,1422.7,-67.0,LD,2026-09-04 10:47:27.221868
2026-09-04,2026-06-01,2026-09-04,district,ARUNACHAL PRADESH,ARUNACHAL PRADESH,WEST SIANG,0.0,12.7,-100.0,NR,572.3,1646.7,-65.0,LD,2026-09-04 10:47:27.221868
2026-09-04,2026-06-01,2026-09-04,district,ASSAM & MEGHALAYA,ASSAM,BAJALI,1.0,11.9,-92.0,LD,1023.5,1761.6,-42.0,D,2026-09-04 10:47:27.221868
2026-09-04,2026-06-01,2026-09-04,district,ASSAM & MEGHALAYA,ASSAM,BAKSA,13.5,11.3,19.0,N,1093.3,1289.7,-15.0,N,2026-09-04 10:47:27.221868
2026-09-04,2026-06-01,2026-09-04,district,ASSAM & MEGHALAYA,ASSAM,BARPETA,4.1,11.9,-65.0,LD,1154.1,1761.6,-34.0,D,2026-09-04 10:47:27.221868
2026-09-04,2026-06-01,2026-09-04,district,ASSAM & MEGHALAYA,ASSAM,BONGAIGAON,0.0,8.3,-100.0,NR,846.2,1987.1,-57.0,D,2026-09-04 10:47:27.221868
2026-09-04,2026-06-01,2026-09-04,district,ASSAM & MEGHALAYA,ASSAM,CACHAR,5.7,20.2,-72.0,LD,1466.7,1533.5,-4.0,N,2026-09-04 10:47:27.221868
2026-09-04,2026-06-01,2026-09-04,district,ASSAM & MEGHALAYA,ASSAM,CHARAIDEO,13.5,6.6,105.0,LE,1121.0,875.1,28.0,E,2026-09-04 10:47:27.221868
2026-09-04,2026-06-01,2026-09-04,district,ASSAM & MEGHALAYA,ASSAM,CHIRANG,0.6,20.0,-97.0,LD,1166.2,2009.0,-42.0,D,2026-09-04 10:47:27.221868
2026-09-04,2026-06-01,2026-09-04,district,ASSAM & MEGHALAYA,ASSAM,DARRANG,0.0,6.2,-100.0,NR,645.3,1090.9,-41.0,D,2026-09-04 10:47:27.221868
2026-09-04,2026-06-01,2026-09-04,district,ASSAM & MEGHALAYA,ASSAM,DHEMAJI,6.4,13.6,-53.0,D,1975.0,1712.3,15.0,N,2026-09-04 10:47:27.221868
2026-09-04,2026-06-01,2026-09-04,district,ASSAM & MEGHALAYA,ASSAM,DHUBRI,4.3,10.3,-58.0,D,1157.9,1785.2,-35.0,D,2026-09-04 10:47:27.221868
2026-09-04,2026-06-01,2026-09-04,district,ASSAM & MEGHALAYA,ASSAM,DIBRUGARH,11.0,11.4,-3.0,N,1027.0,1245.6,-18.0,N,2026-09-04 10:47:27.221868
2026-09-04,2026-06-01,2026-09-04,district,ASSAM & MEGHALAYA,ASSAM,DIMA HASAO,4.8,9.3,-48.0,D,519.3,857.0,-39.0,D,2026-09-04 10:47:27.221868
2026-09-04,2026-06-01,2026-09-04,district,ASSAM & MEGHALAYA,ASSAM,GOALPARA,7.9,15.2,-48.0,D,922.5,1700.6,-46.0,D,2026-09-04 10:47:27.221868
2026-09-04,2026-06-01,2026-09-04,district,ASSAM & MEGHALAYA,ASSAM,GOLAGHAT,1.0,5.6,-83.0,LD,786.7,874.2,-10.0,N,2026-09-04 10:47:27.221868
2026-09-04,2026-06-01,2026-09-04,district,ASSAM & MEGHALAYA,ASSAM,HAILAKANDI,4.1,11.9,-66.0,LD,1140.6,1277.4,-11.0,N,2026-09-04 10:47:27.221868
2026-09-04,2026-06-01,2026-09-04,district,ASSAM & MEGHALAYA,ASSAM,HOJAI,0.5,4.6,-89.0,LD,370.6,630.4,-41.0,D,2026-09-04 10:47:27.221868
2026-09-04,2026-06-01,2026-09-04,district,ASSAM & MEGHALAYA,ASSAM,JORHAT,0.3,10.8,-97.0,LD,732.8,1048.1,-30.0,D,2026-09-04 10:47:27.221868
2026-09-04,2026-06-01,2026-09-04,district,ASSAM & MEGHALAYA,ASSAM,KAMRUP METROPOLITAN,22.5,8.5,165.0,LE,748.8,893.4,-16.0,N,2026-09-04 10:47:27.221868
2026-09-04,2026-06-01,2026-09-04,district,ASSAM & MEGHALAYA,ASSAM,KAMRUP RURAL,32.6,7.1,360.0,LE,565.5,1094.3,-48.0,D,2026-09-04 10:47:27.221868
2026-09-04,2026-06-01,2026-09-04,district,ASSAM & MEGHALAYA,ASSAM,KARBI ANGLONG,35.8,7.1,404.0,LE,571.4,677.4,-16.0,N,2026-09-04 10:47:27.221868
2026-09-04,2026-06-01,2026-09-04,district,ASSAM & MEGHALAYA,ASSAM,KOKRAJHAR,3.3,16.7,-81.0,LD,2073.0,2285.8,-9.0,N,2026-09-04 10:47:27.221868
2026-09-04,2026-06-01,2026-09-04,district,ASSAM & MEGHALAYA,ASSAM,LAKHIMPUR,36.5,17.4,110.0,LE,2017.8,1703.9,18.0,N,2026-09-04 10:47:27.221868
2026-09-04,2026-06-01,2026-09-04,district,ASSAM & MEGHALAYA,ASSAM,MORIGAON,0.5,7.8,-93.0,LD,604.0,945.8,-36.0,D,2026-09-04 10:47:27.221868
2026-09-04,2026-06-01,2026-09-04,district,ASSAM & MEGHALAYA,ASSAM,NAGAON,4.4,7.9,-45.0,D,461.0,867.2,-47.0,D,2026-09-04 10:47:27.221868
2026-09-04,2026-06-01,2026-09-04,district,ASSAM & MEGHALAYA,ASSAM,NALBARI,4.3,11.9,-64.0,LD,545.1,1348.0,-60.0,LD,2026-09-04 10:47:27.221868
2026-09-04,2026-06-01,2026-09-04,district,ASSAM & MEGHALAYA,ASSAM,SIBSAGAR,3.3,8.5,-61.0,LD,705.2,998.7,-29.0,D,2026-09-04 10:47:27.221868
2026-09-04,2026-06-01,2026-09-04,district,ASSAM & MEGHALAYA,ASSAM,SONITPUR,1.6,8.3,-81.0,LD,993.9,994.3,0.0,N,2026-09-04 10:47:27.221868
2026-09-04,2026-06-01,2026-09-04,district,ASSAM & MEGHALAYA,ASSAM,SRIBHUMI,0.6,15.9,-96.0,LD,1422.0,1827.9,-22.0,D,2026-09-04 10:47:27.221868
2026-09-04,2026-06-01,2026-09-04,district,ASSAM & MEGHALAYA,ASSAM,TAMULPUR,3.2,10.7,-70.0,LD,1066.4,1130.9,-6.0,N,2026-09-04 10:47:27.221868
2026-09-04,2026-06-01,2026-09-04,district,ASSAM & MEGHALAYA,ASSAM,TINSUKIA,1.8,12.0,-85.0,LD,1138.1,1217.8,-7.0,N,2026-09-04 10:47:27.221868
2026-09-04,2026-06-01,2026-09-04,district,ASSAM & MEGHALAYA,ASSAM,UDALGURI,0.1,8.1,-99.0,LD,524.0,1225.0,-57.0,D,2026-09-04 10:47:27.221868
2026-09-04,2026-06-01,2026-09-04,district,ASSAM & MEGHALAYA,ASSAM,WEST KARBI ANGLONG,24.2,5.1,375.0,LE,526.2,580.2,-9.0,N,2026-09-04 10:47:27.221868
2026-09-04,2026-06-01,2026-09-04,district,ASSAM & MEGHALAYA,MEGHALAYA,EAST GARO HILLS,3.5,17.2,-80.0,LD,599.2,1568.1,-62.0,LD,2026-09-04 10:47:27.221868
2026-09-04,2026-06-01,2026-09-04,district,ASSAM & MEGHALAYA,MEGHALAYA,EAST JAINTIA HILLS,3.1,38.5,-92.0,LD,1378.8,3839.1,-64.0,LD,2026-09-04 10:47:27.221868
2026-09-04,2026-06-01,2026-09-04,district,ASSAM & MEGHALAYA,MEGHALAYA,EAST KHASI HILLS,17.0,29.8,-43.0,D,1885.0,3837.0,-51.0,D,2026-09-04 10:47:27.221868
2026-09-04,2026-06-01,2026-09-04,district,ASSAM & MEGHALAYA,MEGHALAYA,NORTH GARO HILLS,7.0,14.3,-51.0,D,558.1,1510.9,-63.0,LD,2026-09-04 10:47:27.221868
2026-09-04,2026-06-01,2026-09-04,district,ASSAM & MEGHALAYA,MEGHALAYA,RI BHOI,15.0,14.9,1.0,N,703.2,1280.3,-45.0,D,2026-09-04 10:47:27.221868
2026-09-04,2026-06-01,2026-09-04,district,ASSAM & MEGHALAYA,MEGHALAYA,SOUTH GARO HILLS,10.9,14.3,-24.0,D,797.6,1510.9,-47.0,D,2026-09-04 10:47:27.221868
2026-09-04,2026-06-01,2026-09-04,district,ASSAM & MEGHALAYA,MEGHALAYA,SOUTH WEST GARO HILLS,10.1,14.3,-29.0,D,510.4,1510.9,-66.0,LD,2026-09-04 10:47:27.221868
2026-09-04,2026-06-01,2026-09-04,district,ASSAM & MEGHALAYA,MEGHALAYA,SOUTH WEST KHASI HILLS,26.0,14.3,82.0,LE,2558.0,1510.9,69.0,LE,2026-09-04 10:47:27.221868
2026-09-04,2026-06-01,2026-09-04,district,ASSAM & MEGHALAYA,MEGHALAYA,WEST GARO HILLS,11.1,14.3,-22.0,D,438.2,1540.4,-72.0,LD,2026-09-04 10:47:27.221868
2026-09-04,2026-06-01,2026-09-04,district,ASSAM & MEGHALAYA,MEGHALAYA,WEST JAINTIA HILLS,3.7,38.5,-90.0,LD,827.8,3839.1,-78.0,LD,2026-09-04 10:47:27.221868
2026-09-04,2026-06-01,2026-09-04,district,ASSAM & MEGHALAYA,MEGHALAYA,WEST KHASI HILLS,6.0,9.9,-39.0,D,742.1,2267.6,-67.0,LD,2026-09-04 10:47:27.221868
2026-09-04,2026-06-01,2026-09-04,district,BIHAR,BIHAR,ARARIA,16.1,13.1,23.0,E,737.0,1126.4,-35.0,D,2026-09-04 10:47:27.221868
2026-09-04,2026-06-01,2026-09-04,district,BIHAR,BIHAR,ARWAL,0.0,2.5,-100.0,NR,434.0,562.7,-23.0,D,2026-09-04 10:47:27.221868
2026-09-04,2026-06-01,2026-09-04,district,BIHAR,BIHAR,AURANGABAD,3.6,5.3,-31.0,D,767.5,698.1,10.0,N,2026-09-04 10:47:27.221868
2026-09-04,2026-06-01,2026-09-04,district,BIHAR,BIHAR,BANKA,12.7,5.8,119.0,LE,451.6,695.7,-35.0,D,2026-09-04 10:47:27.221868
2026-09-04,2026-06-01,2026-09-04,district,BIHAR,BIHAR,BEGUSARAI,0.2,8.1,-98.0,LD,517.9,798.3,-35.0,D,2026-09-04 10:47:27.221868
2026-09-04,2026-06-01,2026-09-04,district,BIHAR,BIHAR,BHABUA,5.9,8.0,-27.0,D,458.7,706.2,-35.0,D,2026-09-04 10:47:27.221868
2026-09-04,2026-06-01,2026-09-04,district,BIHAR,BIHAR,BHAGALPUR,4.4,7.5,-41.0,D,367.2,774.8,-53.0,D,2026-09-04 10:47:27.221868
2026-09-04,2026-06-01,2026-09-04,district,BIHAR,BIHAR,BHOJPUR,0.3,3.9,-92.0,LD,429.8,702.9,-39.0,D,2026-09-04 10:47:27.221868
2026-09-04,2026-06-01,2026-09-04,district,BIHAR,BIHAR,BUXAR,4.6,4.7,-2.0,N,564.2,641.2,-12.0,N,2026-09-04 10:47:27.221868
2026-09-04,2026-06-01,2026-09-04,district,BIHAR,BIHAR,DARBHANGA,1.9,7.6,-75.0,LD,350.4,737.1,-52.0,D,2026-09-04 10:47:27.221868
2026-09-04,2026-06-01,2026-09-04,district,BIHAR,BIHAR,EAST CHAMPARAN,1.8,7.1,-74.0,LD,476.7,871.0,-45.0,D,2026-09-04 10:47:27.221868
2026-09-04,2026-06-01,2026-09-04,district,BIHAR,BIHAR,GAYA,0.4,5.4,-93.0,LD,548.4,678.9,-19.0,N,2026-09-04 10:47:27.221868
2026-09-04,2026-06-01,2026-09-04,district,BIHAR,BIHAR,GOPALGANJ,5.3,5.7,-7.0,N,488.6,777.0,-37.0,D,2026-09-04 10:47:27.221868
2026-09-04,2026-06-01,2026-09-04,district,BIHAR,BIHAR,JAHANABAD,3.3,4.0,-18.0,N,286.6,669.9,-57.0,D,2026-09-04 10:47:27.221868
2026-09-04,2026-06-01,2026-09-04,district,BIHAR,BIHAR,JAMUI,1.2,7.5,-84.0,LD,419.5,742.2,-43.0,D,2026-09-04 10:47:27.221868
2026-09-04,2026-06-01,2026-09-04,district,BIHAR,BIHAR,KATIHAR,10.0,9.6,4.0,N,532.6,845.6,-37.0,D,2026-09-04 10:47:27.221868
2026-09-04,2026-06-01,2026-09-04,district,BIHAR,BIHAR,KHAGARIA,3.4,8.7,-61.0,LD,729.5,771.5,-5.0,N,2026-09-04 10:47:27.221868
2026-09-04,2026-06-01,2026-09-04,district,BIHAR,BIHAR,KISHANGANJ,9.4,17.0,-45.0,D,963.4,1440.9,-33.0,D,2026-09-04 10:47:27.221868
2026-09-04,2026-06-01,2026-09-04,district,BIHAR,BIHAR,LAKHISARAI,4.2,5.0,-15.0,N,638.2,673.7,-5.0,N,2026-09-04 10:47:27.221868
2026-09-04,2026-06-01,2026-09-04,district,BIHAR,BIHAR,MADHEPURA,2.4,11.7,-80.0,LD,535.9,828.0,-35.0,D,2026-09-04 10:47:27.221868
2026-09-04,2026-06-01,2026-09-04,district,BIHAR,BIHAR,MADHUBANI,1.3,8.6,-85.0,LD,462.7,820.0,-44.0,D,2026-09-04 10:47:27.221868
2026-09-04,2026-06-01,2026-09-04,district,BIHAR,BIHAR,MUNGER,12.8,7.2,78.0,LE,579.2,820.8,-29.0,D,2026-09-04 10:47:27.221868
2026-09-04,2026-06-01,2026-09-04,district,BIHAR,BIHAR,MUZAFFARPUR,6.0,6.8,-11.0,N,372.7,775.4,-52.0,D,2026-09-04 10:47:27.221868
2026-09-04,2026-06-01,2026-09-04,district,BIHAR,BIHAR,NALANDA,4.6,8.0,-43.0,D,441.1,683.8,-35.0,D,2026-09-04 10:47:27.221868
2026-09-04,2026-06-01,2026-09-04,district,BIHAR,BIHAR,NAWADA,0.8,5.9,-86.0,LD,505.5,671.0,-25.0,D,2026-09-04 10:47:27.221868
2026-09-04,2026-06-01,2026-09-04,district,BIHAR,BIHAR,PATNA,1.1,7.7,-86.0,LD,391.8,710.5,-45.0,D,2026-09-04 10:47:27.221868
2026-09-04,2026-06-01,2026-09-04,district,BIHAR,BIHAR,PURNEA,8.3,13.5,-38.0,D,671.0,1140.7,-41.0,D,2026-09-04 10:47:27.221868
2026-09-04,2026-06-01,2026-09-04,district,BIHAR,BIHAR,ROHTAS,7.2,6.1,18.0,N,538.4,680.5,-21.0,D,2026-09-04 10:47:27.221868
2026-09-04,2026-06-01,2026-09-04,district,BIHAR,BIHAR,SAHARSA,1.8,10.4,-83.0,LD,466.9,876.9,-47.0,D,2026-09-04 10:47:27.221868
2026-09-04,2026-06-01,2026-09-04,district,BIHAR,BIHAR,SAMASTIPUR,2.8,7.3,-62.0,LD,407.3,751.2,-46.0,D,2026-09-04 10:47:27.221868
2026-09-04,2026-06-01,2026-09-04,district,BIHAR,BIHAR,SARAN,1.6,7.5,-78.0,LD,364.4,729.8,-50.0,D,2026-09-04 10:47:27.221868
2026-09-04,2026-06-01,2026-09-04,district,BIHAR,BIHAR,SHEIKHPURA,0.0,5.7,-100.0,NR,448.4,655.5,-32.0,D,2026-09-04 10:47:27.221868
2026-09-04,2026-06-01,2026-09-04,district,BIHAR,BIHAR,SHEOHAR,0.5,5.7,-91.0,LD,321.3,827.9,-61.0,LD,2026-09-04 10:47:27.221868
2026-09-04,2026-06-01,2026-09-04,district,BIHAR,BIHAR,SITAMARHI,1.3,9.3,-86.0,LD,362.5,898.1,-60.0,LD,2026-09-04 10:47:27.221868
2026-09-04,2026-06-01,2026-09-04,district,BIHAR,BIHAR,SIWAN,1.3,6.2,-79.0,LD,621.0,711.4,-13.0,N,2026-09-04 10:47:27.221868
2026-09-04,2026-06-01,2026-09-04,district,BIHAR,BIHAR,SUPAUL,7.0,9.6,-28.0,D,645.6,884.5,-27.0,D,2026-09-04 10:47:27.221868
2026-09-04,2026-06-01,2026-09-04,district,BIHAR,BIHAR,VAISHALI,9.2,7.3,26.0,E,429.1,730.9,-41.0,D,2026-09-04 10:47:27.221868
2026-09-04,2026-06-01,2026-09-04,district,BIHAR,BIHAR,WEST CHAMPARAN,3.7,8.8,-58.0,D,619.4,1031.0,-40.0,D,2026-09-04 10:47:27.221868
2026-09-04,2026-06-01,2026-09-04,district,CHHATTISGARH,CHHATTISGARH,BALOD,5.9,9.4,-37.0,D,930.7,861.6,8.0,N,2026-09-04 10:47:27.221868
2026-09-04,2026-06-01,2026-09-04,district,CHHATTISGARH,CHHATTISGARH,BALODA BAZAR,1.4,7.1,-80.0,LD,965.0,790.7,22.0,E,2026-09-04 10:47:27.221868
2026-09-04,2026-06-01,2026-09-04,district,CHHATTISGARH,CHHATTISGARH,BALRAMPUR,2.4,8.8,-73.0,LD,1435.5,828.8,73.0,LE,2026-09-04 10:47:27.221868
2026-09-04,2026-06-01,2026-09-04,district,CHHATTISGARH,CHHATTISGARH,BASTAR,2.1,8.3,-75.0,LD,865.5,989.3,-13.0,N,2026-09-04 10:47:27.221868
2026-09-04,2026-06-01,2026-09-04,district,CHHATTISGARH,CHHATTISGARH,BEMETARA,0.6,9.7,-93.0,LD,537.4,891.0,-40.0,D,2026-09-04 10:47:27.221868
2026-09-04,2026-06-01,2026-09-04,district,CHHATTISGARH,CHHATTISGARH,BIJAPUR,1.9,9.9,-81.0,LD,1242.9,1187.7,5.0,N,2026-09-04 10:47:27.221868
2026-09-04,2026-06-01,2026-09-04,district,CHHATTISGARH,CHHATTISGARH,BILASPUR,1.6,10.7,-85.0,LD,941.9,894.1,5.0,N,2026-09-04 10:47:27.221868
2026-09-04,2026-06-01,2026-09-04,district,CHHATTISGARH,CHHATTISGARH,DANTEWADA,1.3,14.6,-91.0,LD,928.3,1110.7,-16.0,N,2026-09-04 10:47:27.221868
2026-09-04,2026-06-01,2026-09-04,district,CHHATTISGARH,CHHATTISGARH,DHAMTARI,22.8,6.5,251.0,LE,946.3,893.1,6.0,N,2026-09-04 10:47:27.221868
2026-09-04,2026-06-01,2026-09-04,district,CHHATTISGARH,CHHATTISGARH,DURG,8.6,6.6,30.0,E,703.9,837.8,-16.0,N,2026-09-04 10:47:27.221868
2026-09-04,2026-06-01,2026-09-04,district,CHHATTISGARH,CHHATTISGARH,GARIABAND,13.8,9.4,47.0,E,1029.6,899.6,14.0,N,2026-09-04 10:47:27.221868
2026-09-04,2026-06-01,2026-09-04,district,CHHATTISGARH,CHHATTISGARH,GAURELA PENDRA MARWAHI,12.1,11.6,5.0,N,867.3,913.9,-5.0,N,2026-09-04 10:47:27.221868
2026-09-04,2026-06-01,2026-09-04,district,CHHATTISGARH,CHHATTISGARH,JANJGIR,1.7,12.2,-86.0,LD,1075.3,931.5,15.0,N,2026-09-04 10:47:27.221868
2026-09-04,2026-06-01,2026-09-04,district,CHHATTISGARH,CHHATTISGARH,JASHPUR,2.5,11.9,-79.0,LD,765.0,1141.6,-33.0,D,2026-09-04 10:47:27.221868
2026-09-04,2026-06-01,2026-09-04,district,CHHATTISGARH,CHHATTISGARH,KABIRDHAM,3.1,8.8,-65.0,LD,595.1,735.8,-19.0,N,2026-09-04 10:47:27.221868
2026-09-04,2026-06-01,2026-09-04,district,CHHATTISGARH,CHHATTISGARH,KANKER,2.2,9.0,-76.0,LD,727.2,1140.2,-36.0,D,2026-09-04 10:47:27.221868
2026-09-04,2026-06-01,2026-09-04,district,CHHATTISGARH,CHHATTISGARH,KHAIRAGARH CHH GANDAI,2.4,5.1,-52.0,D,615.3,623.5,-1.0,N,2026-09-04 10:47:27.221868
2026-09-04,2026-06-01,2026-09-04,district,CHHATTISGARH,CHHATTISGARH,KONDAGAON,0.6,9.5,-94.0,LD,799.8,990.7,-19.0,N,2026-09-04 10:47:27.221868
2026-09-04,2026-06-01,2026-09-04,district,CHHATTISGARH,CHHATTISGARH,KORBA,6.9,10.1,-32.0,D,1012.7,1060.8,-5.0,N,2026-09-04 10:47:27.221868
2026-09-04,2026-06-01,2026-09-04,district,CHHATTISGARH,CHHATTISGARH,KORIYA,4.8,7.7,-38.0,D,865.4,941.9,-8.0,N,2026-09-04 10:47:27.221868
2026-09-04,2026-06-01,2026-09-04,district,CHHATTISGARH,CHHATTISGARH,MAHASAMUND,6.5,11.1,-42.0,D,1074.6,904.8,19.0,N,2026-09-04 10:47:27.221868
2026-09-04,2026-06-01,2026-09-04,district,CHHATTISGARH,CHHATTISGARH,MANENDRAGARH BHARATPUR,9.6,7.7,25.0,E,1093.1,941.7,16.0,N,2026-09-04 10:47:27.221868
2026-09-04,2026-06-01,2026-09-04,district,CHHATTISGARH,CHHATTISGARH,MOHALA MANPUR CHOWKI,6.2,8.9,-31.0,D,737.9,868.8,-15.0,N,2026-09-04 10:47:27.221868
2026-09-04,2026-06-01,2026-09-04,district,CHHATTISGARH,CHHATTISGARH,MUNGELI,0.9,9.6,-91.0,LD,1048.6,804.6,30.0,E,2026-09-04 10:47:27.221868
2026-09-04,2026-06-01,2026-09-04,district,CHHATTISGARH,CHHATTISGARH,NARAYANPUR,1.3,10.6,-88.0,LD,1284.1,1050.5,22.0,E,2026-09-04 10:47:27.221868
2026-09-04,2026-06-01,2026-09-04,district,CHHATTISGARH,CHHATTISGARH,RAIGARH,3.8,11.2,-66.0,LD,922.9,1003.2,-8.0,N,2026-09-04 10:47:27.221868
2026-09-04,2026-06-01,2026-09-04,district,CHHATTISGARH,CHHATTISGARH,RAIPUR,22.2,7.7,189.0,LE,1049.7,859.7,22.0,E,2026-09-04 10:47:27.221868
2026-09-04,2026-06-01,2026-09-04,district,CHHATTISGARH,CHHATTISGARH,RAJNANDGAON,3.6,6.7,-47.0,D,752.1,878.5,-14.0,N,2026-09-04 10:47:27.221868
2026-09-04,2026-06-01,2026-09-04,district,CHHATTISGARH,CHHATTISGARH,SAKTI,3.0,13.7,-78.0,LD,892.5,956.1,-7.0,N,2026-09-04 10:47:27.221868
2026-09-04,2026-06-01,2026-09-04,district,CHHATTISGARH,CHHATTISGARH,SARANGARH BILAIGARH,0.0,12.5,-99.0,LD,1104.8,777.6,42.0,E,2026-09-04 10:47:27.221868
2026-09-04,2026-06-01,2026-09-04,district,CHHATTISGARH,CHHATTISGARH,SUKMA,0.0,12.5,-100.0,NR,855.4,1007.0,-15.0,N,2026-09-04 10:47:27.221868
2026-09-04,2026-06-01,2026-09-04,district,CHHATTISGARH,CHHATTISGARH,SURAJPUR,3.2,9.5,-66.0,LD,1146.6,1014.6,13.0,N,2026-09-04 10:47:27.221868
2026-09-04,2026-06-01,2026-09-04,district,CHHATTISGARH,CHHATTISGARH,SURGUJA,8.2,8.8,-7.0,N,629.7,992.5,-37.0,D,2026-09-04 10:47:27.221868
2026-09-04,2026-06-01,2026-09-04,district,COASTAL A. P. & YANAM,ANDHRA PRADESH,ANAKAPALLI,0.7,5.0,-86.0,LD,266.7,472.9,-44.0,D,2026-09-04 10:47:27.221868
2026-09-04,2026-06-01,2026-09-04,district,COASTAL A. P. & YANAM,ANDHRA PRADESH,BAPATLA,8.1,5.5,48.0,E,183.6,413.0,-56.0,D,2026-09-04 10:47:27.221868
2026-09-04,2026-06-01,2026-09-04,district,COASTAL A. P. & YANAM,ANDHRA PRADESH,DR B R AMBEDKAR KONASEEMA,0.0,7.3,-100.0,NR,464.6,614.5,-24.0,D,2026-09-04 10:47:27.221868
2026-09-04,2026-06-01,2026-09-04,district,COASTAL A. P. & YANAM,ANDHRA PRADESH,EAST GODAVARI,0.0,7.2,-100.0,NR,332.3,576.2,-42.0,D,2026-09-04 10:47:27.221868
2026-09-04,2026-06-01,2026-09-04,district,COASTAL A. P. & YANAM,ANDHRA PRADESH,ELURU,2.4,8.4,-72.0,LD,399.6,701.4,-43.0,D,2026-09-04 10:47:27.221868
2026-09-04,2026-06-01,2026-09-04,district,COASTAL A. P. & YANAM,ANDHRA PRADESH,GUNTUR,3.5,6.0,-41.0,D,316.7,463.6,-32.0,D,2026-09-04 10:47:27.221868
2026-09-04,2026-06-01,2026-09-04,district,COASTAL A. P. & YANAM,ANDHRA PRADESH,KAKINADA,2.6,4.7,-45.0,D,296.5,508.8,-42.0,D,2026-09-04 10:47:27.221868
2026-09-04,2026-06-01,2026-09-04,district,COASTAL A. P. & YANAM,ANDHRA PRADESH,KRISHNA,15.7,9.4,67.0,LE,320.4,523.2,-39.0,D,2026-09-04 10:47:27.221868
2026-09-04,2026-06-01,2026-09-04,district,COASTAL A. P. & YANAM,ANDHRA PRADESH,NTR DISTRICT,4.1,7.5,-46.0,D,348.3,566.8,-39.0,D,2026-09-04 10:47:27.221868
2026-09-04,2026-06-01,2026-09-04,district,COASTAL A. P. & YANAM,ANDHRA PRADESH,PALNADU,0.4,3.9,-91.0,LD,230.9,418.3,-45.0,D,2026-09-04 10:47:27.221868
2026-09-04,2026-06-01,2026-09-04,district,COASTAL A. P. & YANAM,ANDHRA PRADESH,PARVATHIPURAM MANYAM,0.0,7.9,-100.0,NR,355.4,611.8,-42.0,D,2026-09-04 10:47:27.221868
2026-09-04,2026-06-01,2026-09-04,district,COASTAL A. P. & YANAM,ANDHRA PRADESH,PRAKASAM,4.3,3.5,22.0,E,108.7,268.9,-60.0,LD,2026-09-04 10:47:27.221868
2026-09-04,2026-06-01,2026-09-04,district,COASTAL A. P. & YANAM,ANDHRA PRADESH,SPSR NELLORE,0.4,2.1,-83.0,LD,137.4,240.8,-43.0,D,2026-09-04 10:47:27.221868
2026-09-04,2026-06-01,2026-09-04,district,COASTAL A. P. & YANAM,ANDHRA PRADESH,SRI ALLURI SITHARAMARAJU DISTRICT,0.0,9.4,-100.0,NR,362.5,734.7,-51.0,D,2026-09-04 10:47:27.221868
2026-09-04,2026-06-01,2026-09-04,district,COASTAL A. P. & YANAM,ANDHRA PRADESH,SRIKAKULAM,0.6,6.2,-91.0,LD,343.1,550.7,-38.0,D,2026-09-04 10:47:27.221868
2026-09-04,2026-06-01,2026-09-04,district,COASTAL A. P. & YANAM,ANDHRA PRADESH,VISHAKHAPATNAM,0.1,5.4,-98.0,LD,241.4,426.8,-43.0,D,2026-09-04 10:47:27.221868
2026-09-04,2026-06-01,2026-09-04,district,COASTAL A. P. & YANAM,ANDHRA PRADESH,VIZIANAGARAM,0.0,6.0,-100.0,NR,346.3,525.2,-34.0,D,2026-09-04 10:47:27.221868
2026-09-04,2026-06-01,2026-09-04,district,COASTAL A. P. & YANAM,ANDHRA PRADESH,WEST GODAVARI,0.0,7.0,-99.0,LD,297.4,590.6,-50.0,D,2026-09-04 10:47:27.221868
2026-09-04,2026-06-01,2026-09-04,district,COASTAL A. P. & YANAM,PUDUCHERRY (UT),YANAM,0.0,7.8,-100.0,NR,306.4,571.5,-46.0,D,2026-09-04 10:47:27.221868
2026-09-04,2026-06-01,2026-09-04,district,COASTAL KARNATAKA,KARNATAKA,DAKSHINA KANNADA,4.9,16.7,-71.0,LD,2451.2,3039.9,-19.0,N,2026-09-04 10:47:27.221868
2026-09-04,2026-06-01,2026-09-04,district,COASTAL KARNATAKA,KARNATAKA,UDUPI,4.7,15.8,-70.0,LD,2547.8,3441.4,-26.0,D,2026-09-04 10:47:27.221868
2026-09-04,2026-06-01,2026-09-04,district,COASTAL KARNATAKA,KARNATAKA,UTTARA KANNADA,3.8,12.1,-69.0,LD,1851.6,2525.6,-27.0,D,2026-09-04 10:47:27.221868
2026-09-04,2026-06-01,2026-09-04,district,EAST MADHYA PRADESH,MADHYA PRADESH,ANUPPUR,9.4,7.9,19.0,N,982.3,842.3,17.0,N,2026-09-04 10:47:27.221868
2026-09-04,2026-06-01,2026-09-04,district,EAST MADHYA PRADESH,MADHYA PRADESH,BALAGHAT,11.0,8.9,23.0,E,993.0,1074.9,-8.0,N,2026-09-04 10:47:27.221868
2026-09-04,2026-06-01,2026-09-04,district,EAST MADHYA PRADESH,MADHYA PRADESH,CHHATARPUR,56.1,12.2,360.0,LE,895.5,808.1,11.0,N,2026-09-04 10:47:27.221868
2026-09-04,2026-06-01,2026-09-04,district,EAST MADHYA PRADESH,MADHYA PRADESH,CHHINDWARA,10.2,5.6,81.0,LE,680.7,871.2,-22.0,D,2026-09-04 10:47:27.221868
2026-09-04,2026-06-01,2026-09-04,district,EAST MADHYA PRADESH,MADHYA PRADESH,DAMOH,13.6,9.0,51.0,E,833.2,939.7,-11.0,N,2026-09-04 10:47:27.221868
2026-09-04,2026-06-01,2026-09-04,district,EAST MADHYA PRADESH,MADHYA PRADESH,DINDORI,11.2,7.4,51.0,E,1014.3,1015.9,0.0,N,2026-09-04 10:47:27.221868
2026-09-04,2026-06-01,2026-09-04,district,EAST MADHYA PRADESH,MADHYA PRADESH,JABALPUR,5.5,9.8,-44.0,D,828.0,973.8,-15.0,N,2026-09-04 10:47:27.221868
2026-09-04,2026-06-01,2026-09-04,district,EAST MADHYA PRADESH,MADHYA PRADESH,KATNI,22.6,8.7,160.0,LE,781.5,815.3,-4.0,N,2026-09-04 10:47:27.221868
2026-09-04,2026-06-01,2026-09-04,district,EAST MADHYA PRADESH,MADHYA PRADESH,MAIHAR,23.6,8.0,195.0,LE,1015.8,820.8,24.0,E,2026-09-04 10:47:27.221868
2026-09-04,2026-06-01,2026-09-04,district,EAST MADHYA PRADESH,MADHYA PRADESH,MANDLA,25.5,8.8,189.0,LE,1042.4,1036.3,1.0,N,2026-09-04 10:47:27.221868
2026-09-04,2026-06-01,2026-09-04,district,EAST MADHYA PRADESH,MADHYA PRADESH,MAUGANJ,9.1,11.8,-23.0,D,1345.9,805.2,67.0,LE,2026-09-04 10:47:27.221868
2026-09-04,2026-06-01,2026-09-04,district,EAST MADHYA PRADESH,MADHYA PRADESH,NARSINGHPUR,30.0,10.7,180.0,LE,844.4,895.9,-6.0,N,2026-09-04 10:47:27.221868
2026-09-04,2026-06-01,2026-09-04,district,EAST MADHYA PRADESH,MADHYA PRADESH,NIWARI,116.3,4.7,2375.0,LE,1116.3,672.8,66.0,LE,2026-09-04 10:47:27.221868
2026-09-04,2026-06-01,2026-09-04,district,EAST MADHYA PRADESH,MADHYA PRADESH,PANDHURNA,2.5,3.2,-22.0,D,527.1,682.0,-23.0,D,2026-09-04 10:47:27.221868
2026-09-04,2026-06-01,2026-09-04,district,EAST MADHYA PRADESH,MADHYA PRADESH,PANNA,71.7,15.3,368.0,LE,1024.2,921.5,11.0,N,2026-09-04 10:47:27.221868
2026-09-04,2026-06-01,2026-09-04,district,EAST MADHYA PRADESH,MADHYA PRADESH,REWA,6.6,14.4,-54.0,D,767.1,830.2,-8.0,N,2026-09-04 10:47:27.221868
2026-09-04,2026-06-01,2026-09-04,district,EAST MADHYA PRADESH,MADHYA PRADESH,SAGAR,24.0,7.2,234.0,LE,764.6,918.7,-17.0,N,2026-09-04 10:47:27.221868
2026-09-04,2026-06-01,2026-09-04,district,EAST MADHYA PRADESH,MADHYA PRADESH,SATNA,6.6,11.2,-41.0,D,1239.2,795.7,56.0,E,2026-09-04 10:47:27.221868
2026-09-04,2026-06-01,2026-09-04,district,EAST MADHYA PRADESH,MADHYA PRADESH,SEONI,16.6,6.1,172.0,LE,743.5,870.3,-15.0,N,2026-09-04 10:47:27.221868
2026-09-04,2026-06-01,2026-09-04,district,EAST MADHYA PRADESH,MADHYA PRADESH,SHAHDOL,9.3,11.9,-22.0,D,1087.9,842.9,29.0,E,2026-09-04 10:47:27.221868
2026-09-04,2026-06-01,2026-09-04,district,EAST MADHYA PRADESH,MADHYA PRADESH,SIDHI,1.6,8.2,-81.0,LD,1069.7,864.6,24.0,E,2026-09-04 10:47:27.221868
2026-09-04,2026-06-01,2026-09-04,district,EAST MADHYA PRADESH,MADHYA PRADESH,SINGRAULI,1.1,5.6,-80.0,LD,995.2,871.2,14.0,N,2026-09-04 10:47:27.221868
2026-09-04,2026-06-01,2026-09-04,district,EAST MADHYA PRADESH,MADHYA PRADESH,TIKAMGARH,76.1,11.6,556.0,LE,841.6,800.1,5.0,N,2026-09-04 10:47:27.221868
2026-09-04,2026-06-01,2026-09-04,district,EAST MADHYA PRADESH,MADHYA PRADESH,UMARIA,7.3,8.9,-18.0,N,1040.3,896.7,16.0,N,2026-09-04 10:47:27.221868
2026-09-04,2026-06-01,2026-09-04,district,EAST RAJASTHAN,RAJASTHAN,AJMER,1.4,4.5,-70.0,LD,330.7,408.7,-19.0,N,2026-09-04 10:47:27.221868
2026-09-04,2026-06-01,2026-09-04,district,EAST RAJASTHAN,RAJASTHAN,ALWAR,6.1,5.2,18.0,N,437.4,476.9,-8.0,N,2026-09-04 10:47:27.221868
2026-09-04,2026-06-01,2026-09-04,district,EAST RAJASTHAN,RAJASTHAN,BANSWARA,0.1,5.7,-99.0,LD,380.5,770.0,-51.0,D,2026-09-04 10:47:27.221868
2026-09-04,2026-06-01,2026-09-04,district,EAST RAJASTHAN,RAJASTHAN,BARAN,18.1,7.1,155.0,LE,545.1,744.2,-27.0,D,2026-09-04 10:47:27.221868
2026-09-04,2026-06-01,2026-09-04,district,EAST RAJASTHAN,RAJASTHAN,BHARATPUR,21.9,6.5,237.0,LE,604.3,469.5,29.0,E,2026-09-04 10:47:27.221868
2026-09-04,2026-06-01,2026-09-04,district,EAST RAJASTHAN,RAJASTHAN,BHILWARA,3.9,4.4,-12.0,N,366.1,542.7,-33.0,D,2026-09-04 10:47:27.221868
2026-09-04,2026-06-01,2026-09-04,district,EAST RAJASTHAN,RAJASTHAN,BUNDI,38.7,5.9,555.0,LE,463.1,579.6,-20.0,D,2026-09-04 10:47:27.221868
2026-09-04,2026-06-01,2026-09-04,district,EAST RAJASTHAN,RAJASTHAN,CHITTORGARH,2.9,4.8,-39.0,D,487.6,650.7,-25.0,D,2026-09-04 10:47:27.221868
2026-09-04,2026-06-01,2026-09-04,district,EAST RAJASTHAN,RAJASTHAN,DAUSA,5.0,6.6,-24.0,D,490.4,531.1,-8.0,N,2026-09-04 10:47:27.221868
2026-09-04,2026-06-01,2026-09-04,district,EAST RAJASTHAN,RAJASTHAN,DHOLPUR,18.7,6.1,206.0,LE,554.7,505.1,10.0,N,2026-09-04 10:47:27.221868
2026-09-04,2026-06-01,2026-09-04,district,EAST RAJASTHAN,RAJASTHAN,DUNGARPUR,0.0,4.5,-100.0,NR,340.8,621.9,-45.0,D,2026-09-04 10:47:27.221868
2026-09-04,2026-06-01,2026-09-04,district,EAST RAJASTHAN,RAJASTHAN,JAIPUR,2.9,5.4,-46.0,D,326.3,469.8,-31.0,D,2026-09-04 10:47:27.221868
2026-09-04,2026-06-01,2026-09-04,district,EAST RAJASTHAN,RAJASTHAN,JHALAWAR,22.9,7.4,209.0,LE,646.8,784.4,-18.0,N,2026-09-04 10:47:27.221868
2026-09-04,2026-06-01,2026-09-04,district,EAST RAJASTHAN,RAJASTHAN,JHUNJHUNU,0.0,4.6,-100.0,NR,393.2,362.8,8.0,N,2026-09-04 10:47:27.221868
2026-09-04,2026-06-01,2026-09-04,district,EAST RAJASTHAN,RAJASTHAN,KARAULI,19.2,5.0,283.0,LE,427.3,535.1,-20.0,D,2026-09-04 10:47:27.221868
2026-09-04,2026-06-01,2026-09-04,district,EAST RAJASTHAN,RAJASTHAN,KOTA,15.2,7.0,117.0,LE,461.2,661.1,-30.0,D,2026-09-04 10:47:27.221868
2026-09-04,2026-06-01,2026-09-04,district,EAST RAJASTHAN,RAJASTHAN,PRATAPGARH,2.4,4.7,-49.0,D,619.4,806.2,-23.0,D,2026-09-04 10:47:27.221868
2026-09-04,2026-06-01,2026-09-04,district,EAST RAJASTHAN,RAJASTHAN,RAJSAMAND,0.0,3.6,-100.0,NR,309.3,476.7,-35.0,D,2026-09-04 10:47:27.221868
2026-09-04,2026-06-01,2026-09-04,district,EAST RAJASTHAN,RAJASTHAN,SAWAI MADHOPUR,32.7,5.2,529.0,LE,417.0,596.9,-30.0,D,2026-09-04 10:47:27.221868
2026-09-04,2026-06-01,2026-09-04,district,EAST RAJASTHAN,RAJASTHAN,SIKAR,1.0,3.4,-71.0,LD,331.7,369.0,-10.0,N,2026-09-04 10:47:27.221868
2026-09-04,2026-06-01,2026-09-04,district,EAST RAJASTHAN,RAJASTHAN,SIROHI,0.0,5.6,-100.0,NR,415.4,776.1,-46.0,D,2026-09-04 10:47:27.221868
2026-09-04,2026-06-01,2026-09-04,district,EAST RAJASTHAN,RAJASTHAN,TONK,24.4,5.1,378.0,LE,423.5,514.9,-18.0,N,2026-09-04 10:47:27.221868
2026-09-04,2026-06-01,2026-09-04,district,EAST RAJASTHAN,RAJASTHAN,UDAIPUR,0.0,4.7,-100.0,NR,339.4,541.6,-37.0,D,2026-09-04 10:47:27.221868
2026-09-04,2026-06-01,2026-09-04,district,EAST UTTAR PRADESH,UTTAR PRADESH,AMBEDKAR NAGAR,0.0,5.0,-100.0,NR,650.7,689.9,-6.0,N,2026-09-04 10:47:27.221868
2026-09-04,2026-06-01,2026-09-04,district,EAST UTTAR PRADESH,UTTAR PRADESH,AMETHI,0.4,5.8,-93.0,LD,355.6,560.4,-37.0,D,2026-09-04 10:47:27.221868
2026-09-04,2026-06-01,2026-09-04,district,EAST UTTAR PRADESH,UTTAR PRADESH,AYODHYA,17.5,6.7,161.0,LE,633.9,701.0,-10.0,N,2026-09-04 10:47:27.221868
2026-09-04,2026-06-01,2026-09-04,district,EAST UTTAR PRADESH,UTTAR PRADESH,AZAMGARH,3.1,5.1,-40.0,D,581.1,680.4,-15.0,N,2026-09-04 10:47:27.221868
2026-09-04,2026-06-01,2026-09-04,district,EAST UTTAR PRADESH,UTTAR PRADESH,BAHRAICH,3.8,4.4,-14.0,N,885.8,811.7,9.0,N,2026-09-04 10:47:27.221868
2026-09-04,2026-06-01,2026-09-04,district,EAST UTTAR PRADESH,UTTAR PRADESH,BALLIA,2.6,3.3,-21.0,D,507.4,591.1,-14.0,N,2026-09-04 10:47:27.221868
2026-09-04,2026-06-01,2026-09-04,district,EAST UTTAR PRADESH,UTTAR PRADESH,BALRAMPUR,0.0,4.0,-100.0,NR,570.8,673.8,-15.0,N,2026-09-04 10:47:27.221868
2026-09-04,2026-06-01,2026-09-04,district,EAST UTTAR PRADESH,UTTAR PRADESH,BANDA,5.6,10.6,-47.0,D,1103.8,647.7,70.0,LE,2026-09-04 10:47:27.221868
2026-09-04,2026-06-01,2026-09-04,district,EAST UTTAR PRADESH,UTTAR PRADESH,BARABANKI,7.1,6.0,18.0,N,691.8,663.6,4.0,N,2026-09-04 10:47:27.221868
2026-09-04,2026-06-01,2026-09-04,district,EAST UTTAR PRADESH,UTTAR PRADESH,BASTI,2.0,6.4,-69.0,LD,555.2,676.9,-18.0,N,2026-09-04 10:47:27.221868
2026-09-04,2026-06-01,2026-09-04,district,EAST UTTAR PRADESH,UTTAR PRADESH,CHANDAULI,6.5,5.6,16.0,N,504.0,585.4,-14.0,N,2026-09-04 10:47:27.221868
2026-09-04,2026-06-01,2026-09-04,district,EAST UTTAR PRADESH,UTTAR PRADESH,CHITRAKOOT,0.6,7.2,-91.0,LD,1192.6,660.4,81.0,LE,2026-09-04 10:47:27.221868
2026-09-04,2026-06-01,2026-09-04,district,EAST UTTAR PRADESH,UTTAR PRADESH,DEORIA,1.5,6.3,-76.0,LD,173.5,645.5,-73.0,LD,2026-09-04 10:47:27.221868
2026-09-04,2026-06-01,2026-09-04,district,EAST UTTAR PRADESH,UTTAR PRADESH,FARRUKHABAD,8.3,5.9,40.0,E,479.5,597.6,-20.0,D,2026-09-04 10:47:27.221868
2026-09-04,2026-06-01,2026-09-04,district,EAST UTTAR PRADESH,UTTAR PRADESH,FATEHPUR,8.8,4.5,95.0,LE,625.4,575.4,9.0,N,2026-09-04 10:47:27.221868
2026-09-04,2026-06-01,2026-09-04,district,EAST UTTAR PRADESH,UTTAR PRADESH,GHAZIPUR,2.4,3.7,-36.0,D,502.7,627.9,-20.0,D,2026-09-04 10:47:27.221868
2026-09-04,2026-06-01,2026-09-04,district,EAST UTTAR PRADESH,UTTAR PRADESH,GONDA,0.0,7.0,-100.0,NR,685.4,716.7,-4.0,N,2026-09-04 10:47:27.221868
2026-09-04,2026-06-01,2026-09-04,district,EAST UTTAR PRADESH,UTTAR PRADESH,GORAKHPUR,0.2,10.7,-99.0,LD,682.6,1028.6,-34.0,D,2026-09-04 10:47:27.221868
2026-09-04,2026-06-01,2026-09-04,district,EAST UTTAR PRADESH,UTTAR PRADESH,HARDOI,5.0,4.0,26.0,E,519.1,545.1,-5.0,N,2026-09-04 10:47:27.221868
2026-09-04,2026-06-01,2026-09-04,district,EAST UTTAR PRADESH,UTTAR PRADESH,JAUNPUR,3.3,4.7,-29.0,D,264.0,576.3,-54.0,D,2026-09-04 10:47:27.221868
2026-09-04,2026-06-01,2026-09-04,district,EAST UTTAR PRADESH,UTTAR PRADESH,KANNAUJ,3.9,4.3,-9.0,N,768.8,549.0,40.0,E,2026-09-04 10:47:27.221868
2026-09-04,2026-06-01,2026-09-04,district,EAST UTTAR PRADESH,UTTAR PRADESH,KANPUR CITY,7.4,4.4,68.0,LE,838.6,512.7,64.0,LE,2026-09-04 10:47:27.221868
2026-09-04,2026-06-01,2026-09-04,district,EAST UTTAR PRADESH,UTTAR PRADESH,KANPUR DEHAT,5.8,3.6,61.0,LE,196.7,476.8,-59.0,D,2026-09-04 10:47:27.221868
2026-09-04,2026-06-01,2026-09-04,district,EAST UTTAR PRADESH,UTTAR PRADESH,KAUSHAMBI,0.2,1.0,-83.0,LD,310.7,457.4,-32.0,D,2026-09-04 10:47:27.221868
2026-09-04,2026-06-01,2026-09-04,district,EAST UTTAR PRADESH,UTTAR PRADESH,KHERI,9.2,6.0,54.0,E,808.7,758.6,7.0,N,2026-09-04 10:47:27.221868
2026-09-04,2026-06-01,2026-09-04,district,EAST UTTAR PRADESH,UTTAR PRADESH,KUSHI NAGAR,1.0,5.4,-81.0,LD,212.6,607.3,-65.0,LD,2026-09-04 10:47:27.221868
2026-09-04,2026-06-01,2026-09-04,district,EAST UTTAR PRADESH,UTTAR PRADESH,LUCKNOW,10.8,4.6,134.0,LE,609.2,543.9,12.0,N,2026-09-04 10:47:27.221868
2026-09-04,2026-06-01,2026-09-04,district,EAST UTTAR PRADESH,UTTAR PRADESH,MAHARAJGANJ,3.5,7.1,-51.0,D,656.7,843.2,-22.0,D,2026-09-04 10:47:27.221868
2026-09-04,2026-06-01,2026-09-04,district,EAST UTTAR PRADESH,UTTAR PRADESH,MAU,3.5,4.6,-24.0,D,275.5,650.5,-58.0,D,2026-09-04 10:47:27.221868
2026-09-04,2026-06-01,2026-09-04,district,EAST UTTAR PRADESH,UTTAR PRADESH,MIRZAPUR,0.0,6.1,-100.0,NR,821.7,719.9,14.0,N,2026-09-04 10:47:27.221868
2026-09-04,2026-06-01,2026-09-04,district,EAST UTTAR PRADESH,UTTAR PRADESH,PRATAPGARH,4.0,4.9,-18.0,N,794.8,626.3,27.0,E,2026-09-04 10:47:27.221868
2026-09-04,2026-06-01,2026-09-04,district,EAST UTTAR PRADESH,UTTAR PRADESH,PRAYAGRAJ,4.4,4.3,1.0,N,856.8,591.2,45.0,E,2026-09-04 10:47:27.221868
2026-09-04,2026-06-01,2026-09-04,district,EAST UTTAR PRADESH,UTTAR PRADESH,RAE BAREILLY,2.0,1.7,18.0,N,321.5,352.8,-9.0,N,2026-09-04 10:47:27.221868
2026-09-04,2026-06-01,2026-09-04,district,EAST UTTAR PRADESH,UTTAR PRADESH,SANT KABIR NAGAR,0.0,6.8,-100.0,NR,458.7,831.2,-45.0,D,2026-09-04 10:47:27.221868
2026-09-04,2026-06-01,2026-09-04,district,EAST UTTAR PRADESH,UTTAR PRADESH,SHRAWASTI,0.0,3.6,-100.0,NR,618.7,901.4,-31.0,D,2026-09-04 10:47:27.221868
2026-09-04,2026-06-01,2026-09-04,district,EAST UTTAR PRADESH,UTTAR PRADESH,SIDDHARTH NAGAR,4.7,6.2,-25.0,D,569.2,874.5,-35.0,D,2026-09-04 10:47:27.221868
2026-09-04,2026-06-01,2026-09-04,district,EAST UTTAR PRADESH,UTTAR PRADESH,SITAPUR,5.8,8.0,-28.0,D,494.4,681.5,-27.0,D,2026-09-04 10:47:27.221868
2026-09-04,2026-06-01,2026-09-04,district,EAST UTTAR PRADESH,UTTAR PRADESH,SONBHADRA,0.0,6.2,-100.0,NR,776.2,714.9,9.0,N,2026-09-04 10:47:27.221868
2026-09-04,2026-06-01,2026-09-04,district,EAST UTTAR PRADESH,UTTAR PRADESH,SULTANPUR,24.1,5.2,363.0,LE,704.4,672.0,5.0,N,2026-09-04 10:47:27.221868
2026-09-04,2026-06-01,2026-09-04,district,EAST UTTAR PRADESH,UTTAR PRADESH,UNNAO,1.4,5.7,-75.0,LD,426.6,518.4,-18.0,N,2026-09-04 10:47:27.221868
2026-09-04,2026-06-01,2026-09-04,district,EAST UTTAR PRADESH,UTTAR PRADESH,VARANASI,0.0,4.9,-100.0,NR,714.1,652.6,9.0,N,2026-09-04 10:47:27.221868
2026-09-04,2026-06-01,2026-09-04,district,GANGETIC WEST BENGAL,WEST BENGAL,BANKURA,0.0,9.5,-100.0,NR,1025.0,942.9,9.0,N,2026-09-04 10:47:27.221868
2026-09-04,2026-06-01,2026-09-04,district,GANGETIC WEST BENGAL,WEST BENGAL,BIRBHUM,3.2,5.7,-43.0,D,788.8,894.8,-12.0,N,2026-09-04 10:47:27.221868
2026-09-04,2026-06-01,2026-09-04,district,GANGETIC WEST BENGAL,WEST BENGAL,EAST MIDNAPORE,0.0,9.7,-100.0,NR,1595.6,1002.7,59.0,E,2026-09-04 10:47:27.221868
2026-09-04,2026-06-01,2026-09-04,district,GANGETIC WEST BENGAL,WEST BENGAL,HOOGHLY,5.8,7.3,-21.0,D,882.0,849.6,4.0,N,2026-09-04 10:47:27.221868
2026-09-04,2026-06-01,2026-09-04,district,GANGETIC WEST BENGAL,WEST BENGAL,HOWRAH,5.7,8.3,-31.0,D,1015.4,935.5,9.0,N,2026-09-04 10:47:27.221868
2026-09-04,2026-06-01,2026-09-04,district,GANGETIC WEST BENGAL,WEST BENGAL,JHARGRAM,0.9,8.4,-89.0,LD,976.8,941.8,4.0,N,2026-09-04 10:47:27.221868
2026-09-04,2026-06-01,2026-09-04,district,GANGETIC WEST BENGAL,WEST BENGAL,KOLKATA,0.0,6.0,-100.0,NR,1360.3,1069.7,27.0,E,2026-09-04 10:47:27.221868
2026-09-04,2026-06-01,2026-09-04,district,GANGETIC WEST BENGAL,WEST BENGAL,MURSHIDABAD,5.6,5.9,-6.0,N,647.0,791.3,-18.0,N,2026-09-04 10:47:27.221868
2026-09-04,2026-06-01,2026-09-04,district,GANGETIC WEST BENGAL,WEST BENGAL,NADIA,8.2,4.3,91.0,LE,625.0,755.7,-17.0,N,2026-09-04 10:47:27.221868
2026-09-04,2026-06-01,2026-09-04,district,GANGETIC WEST BENGAL,WEST BENGAL,NORTH 24 PARGANAS,1.5,6.4,-77.0,LD,1219.0,928.2,31.0,E,2026-09-04 10:47:27.221868
2026-09-04,2026-06-01,2026-09-04,district,GANGETIC WEST BENGAL,WEST BENGAL,PASCHIM BARDHAMAN,0.3,7.2,-96.0,LD,1014.4,888.4,14.0,N,2026-09-04 10:47:27.221868
2026-09-04,2026-06-01,2026-09-04,district,GANGETIC WEST BENGAL,WEST BENGAL,PURBA BARDHAMAN,3.4,7.2,-52.0,D,804.5,834.6,-4.0,N,2026-09-04 10:47:27.221868
2026-09-04,2026-06-01,2026-09-04,district,GANGETIC WEST BENGAL,WEST BENGAL,PURULIA,0.0,9.8,-100.0,NR,796.7,885.8,-10.0,N,2026-09-04 10:47:27.221868
2026-09-04,2026-06-01,2026-09-04,district,GANGETIC WEST BENGAL,WEST BENGAL,SOUTH 24 PARGANAS,0.2,9.9,-98.0,LD,1370.2,1170.5,17.0,N,2026-09-04 10:47:27.221868
2026-09-04,2026-06-01,2026-09-04,district,GANGETIC WEST BENGAL,WEST BENGAL,WEST MIDNAPORE,0.9,8.4,-89.0,LD,1306.2,941.8,39.0,E,2026-09-04 10:47:27.221868
2026-09-04,2026-06-01,2026-09-04,district,GUJARAT REGION,DADRA & NAGAR HAVELI AND DAMAN & DIU (UT),DADARA & NAGAR HAVELI,1.4,22.5,-94.0,LD,2936.7,2044.2,44.0,E,2026-09-04 10:47:27.221868
2026-09-04,2026-06-01,2026-09-04,district,GUJARAT REGION,DADRA & NAGAR HAVELI AND DAMAN & DIU (UT),DAMAN,0.0,22.5,-100.0,NR,2668.9,2044.2,31.0,E,2026-09-04 10:47:27.221868
2026-09-04,2026-06-01,2026-09-04,district,GUJARAT REGION,GUJARAT,AHMEDABAD,0.0,4.8,-100.0,NR,539.6,575.8,-6.0,N,2026-09-04 10:47:27.221868
2026-09-04,2026-06-01,2026-09-04,district,GUJARAT REGION,GUJARAT,ANAND,0.0,4.5,-100.0,NR,759.8,727.0,5.0,N,2026-09-04 10:47:27.221868
2026-09-04,2026-06-01,2026-09-04,district,GUJARAT REGION,GUJARAT,ARAVALLI,0.0,3.6,-100.0,NR,386.9,737.7,-48.0,D,2026-09-04 10:47:27.221868
2026-09-04,2026-06-01,2026-09-04,district,GUJARAT REGION,GUJARAT,BANASKANTHA,0.0,4.1,-100.0,NR,379.3,520.9,-27.0,D,2026-09-04 10:47:27.221868
2026-09-04,2026-06-01,2026-09-04,district,GUJARAT REGION,GUJARAT,BHARUCH,0.0,5.4,-100.0,NR,747.6,624.1,20.0,E,2026-09-04 10:47:27.221868
2026-09-04,2026-06-01,2026-09-04,district,GUJARAT REGION,GUJARAT,CHHOTA UDEPUR,0.0,5.7,-100.0,NR,596.5,852.2,-30.0,D,2026-09-04 10:47:27.221868
2026-09-04,2026-06-01,2026-09-04,district,GUJARAT REGION,GUJARAT,DAHOD,3.2,2.8,15.0,N,372.6,678.2,-45.0,D,2026-09-04 10:47:27.221868
2026-09-04,2026-06-01,2026-09-04,district,GUJARAT REGION,GUJARAT,DANGS,1.1,11.2,-90.0,LD,2328.2,1952.0,19.0,N,2026-09-04 10:47:27.221868
2026-09-04,2026-06-01,2026-09-04,district,GUJARAT REGION,GUJARAT,GANDHINAGAR,0.0,2.8,-100.0,NR,469.3,658.8,-29.0,D,2026-09-04 10:47:27.221868
2026-09-04,2026-06-01,2026-09-04,district,GUJARAT REGION,GUJARAT,KHEDA,0.0,5.6,-100.0,NR,867.4,709.9,22.0,E,2026-09-04 10:47:27.221868
2026-09-04,2026-06-01,2026-09-04,district,GUJARAT REGION,GUJARAT,MAHISAGAR,0.4,4.0,-89.0,LD,682.6,700.8,-3.0,N,2026-09-04 10:47:27.221868
2026-09-04,2026-06-01,2026-09-04,district,GUJARAT REGION,GUJARAT,MEHSANA,0.0,5.2,-100.0,NR,448.4,611.6,-27.0,D,2026-09-04 10:47:27.221868
2026-09-04,2026-06-01,2026-09-04,district,GUJARAT REGION,GUJARAT,NARMADA,0.0,8.8,-100.0,NR,867.4,909.6,-5.0,N,2026-09-04 10:47:27.221868
2026-09-04,2026-06-01,2026-09-04,district,GUJARAT REGION,GUJARAT,NAVSARI,0.3,15.2,-98.0,LD,2256.6,1604.0,41.0,E,2026-09-04 10:47:27.221868
2026-09-04,2026-06-01,2026-09-04,district,GUJARAT REGION,GUJARAT,PANCHMAHAL,0.4,4.3,-90.0,LD,699.0,813.4,-14.0,N,2026-09-04 10:47:27.221868
2026-09-04,2026-06-01,2026-09-04,district,GUJARAT REGION,GUJARAT,PATAN,0.0,4.0,-100.0,NR,406.7,490.2,-17.0,N,2026-09-04 10:47:27.221868
2026-09-04,2026-06-01,2026-09-04,district,GUJARAT REGION,GUJARAT,SABARKANTHA,0.0,5.7,-100.0,NR,410.2,732.3,-44.0,D,2026-09-04 10:47:27.221868
2026-09-04,2026-06-01,2026-09-04,district,GUJARAT REGION,GUJARAT,SURAT,0.3,9.0,-96.0,LD,1466.7,1124.3,30.0,E,2026-09-04 10:47:27.221868
2026-09-04,2026-06-01,2026-09-04,district,GUJARAT REGION,GUJARAT,TAPI,1.1,9.6,-89.0,LD,1305.1,1219.5,7.0,N,2026-09-04 10:47:27.221868
2026-09-04,2026-06-01,2026-09-04,district,GUJARAT REGION,GUJARAT,VADODARA,0.0,5.7,-100.0,NR,530.0,773.8,-32.0,D,2026-09-04 10:47:27.221868
2026-09-04,2026-06-01,2026-09-04,district,GUJARAT REGION,GUJARAT,VALSAD,0.7,20.5,-96.0,LD,2719.5,1816.7,50.0,E,2026-09-04 10:47:27.221868
2026-09-04,2026-06-01,2026-09-04,district,HAR. CHD & DELHI,CHANDIGARH (UT),CHANDIGARH,40.6,8.4,383.0,LE,638.6,733.0,-13.0,N,2026-09-04 10:47:27.221868
2026-09-04,2026-06-01,2026-09-04,district,HAR. CHD & DELHI,DELHI,CENTRAL DELHI,0.0,7.0,-100.0,NR,693.2,572.6,21.0,E,2026-09-04 10:47:27.221868
2026-09-04,2026-06-01,2026-09-04,district,HAR. CHD & DELHI,DELHI,NEW DELHI,0.0,7.8,-100.0,NR,515.5,549.3,-6.0,N,2026-09-04 10:47:27.221868
2026-09-04,2026-06-01,2026-09-04,district,HAR. CHD & DELHI,DELHI,NORTH EAST DELHI,0.0,7.0,-100.0,NR,528.4,572.6,-8.0,N,2026-09-04 10:47:27.221868
2026-09-04,2026-06-01,2026-09-04,district,HAR. CHD & DELHI,DELHI,NORTH WEST DELHI,0.5,6.5,-92.0,LD,396.0,343.7,15.0,N,2026-09-04 10:47:27.221868
2026-09-04,2026-06-01,2026-09-04,district,HAR. CHD & DELHI,DELHI,SOUTH DELHI,0.0,7.0,-100.0,NR,540.8,572.6,-6.0,N,2026-09-04 10:47:27.221868
2026-09-04,2026-06-01,2026-09-04,district,HAR. CHD & DELHI,DELHI,SOUTH EAST DELHI,0.0,7.0,-100.0,NR,621.3,572.6,9.0,N,2026-09-04 10:47:27.221868
2026-09-04,2026-06-01,2026-09-04,district,HAR. CHD & DELHI,DELHI,SOUTH WEST DELHI,1.8,7.4,-76.0,LD,384.5,464.9,-17.0,N,2026-09-04 10:47:27.221868
2026-09-04,2026-06-01,2026-09-04,district,HAR. CHD & DELHI,DELHI,WEST DELHI,0.3,5.8,-96.0,LD,620.5,513.9,21.0,E,2026-09-04 10:47:27.221868
2026-09-04,2026-06-01,2026-09-04,district,HAR. CHD & DELHI,HARYANA,AMBALA,0.1,5.6,-98.0,LD,347.1,700.6,-50.0,D,2026-09-04 10:47:27.221868
2026-09-04,2026-06-01,2026-09-04,district,HAR. CHD & DELHI,HARYANA,BHIWANI,0.0,4.7,-100.0,NR,260.8,255.9,2.0,N,2026-09-04 10:47:27.221868
2026-09-04,2026-06-01,2026-09-04,district,HAR. CHD & DELHI,HARYANA,CHARKHI DADRI,0.0,6.0,-100.0,NR,325.7,350.5,-7.0,N,2026-09-04 10:47:27.221868
2026-09-04,2026-06-01,2026-09-04,district,HAR. CHD & DELHI,HARYANA,FARIDABAD,0.0,7.3,-100.0,NR,501.6,476.7,5.0,N,2026-09-04 10:47:27.221868
2026-09-04,2026-06-01,2026-09-04,district,HAR. CHD & DELHI,HARYANA,FATEHABAD,0.0,2.6,-100.0,NR,211.8,223.9,-5.0,N,2026-09-04 10:47:27.221868
2026-09-04,2026-06-01,2026-09-04,district,HAR. CHD & DELHI,HARYANA,GURGAON,4.3,5.3,-19.0,N,416.7,425.3,-2.0,N,2026-09-04 10:47:27.221868
2026-09-04,2026-06-01,2026-09-04,district,HAR. CHD & DELHI,HARYANA,HISAR,0.0,2.2,-100.0,NR,199.8,255.1,-22.0,D,2026-09-04 10:47:27.221868
2026-09-04,2026-06-01,2026-09-04,district,HAR. CHD & DELHI,HARYANA,JHAJJAR,2.1,4.4,-51.0,D,287.3,323.6,-11.0,N,2026-09-04 10:47:27.221868
2026-09-04,2026-06-01,2026-09-04,district,HAR. CHD & DELHI,HARYANA,JIND,0.0,5.8,-100.0,NR,142.1,327.6,-57.0,D,2026-09-04 10:47:27.221868
2026-09-04,2026-06-01,2026-09-04,district,HAR. CHD & DELHI,HARYANA,KAITHAL,0.0,4.4,-100.0,NR,156.5,317.9,-51.0,D,2026-09-04 10:47:27.221868
2026-09-04,2026-06-01,2026-09-04,district,HAR. CHD & DELHI,HARYANA,KARNAL,3.4,4.8,-30.0,D,252.7,440.5,-43.0,D,2026-09-04 10:47:27.221868
2026-09-04,2026-06-01,2026-09-04,district,HAR. CHD & DELHI,HARYANA,KURUKSHETRA,0.2,4.7,-95.0,LD,352.5,354.6,-1.0,N,2026-09-04 10:47:27.221868
2026-09-04,2026-06-01,2026-09-04,district,HAR. CHD & DELHI,HARYANA,MAHENDRAGARH,0.0,3.2,-100.0,NR,286.7,350.1,-18.0,N,2026-09-04 10:47:27.221868
2026-09-04,2026-06-01,2026-09-04,district,HAR. CHD & DELHI,HARYANA,NUH,2.1,7.3,-72.0,LD,390.3,410.1,-5.0,N,2026-09-04 10:47:27.221868
2026-09-04,2026-06-01,2026-09-04,district,HAR. CHD & DELHI,HARYANA,PALWAL,7.5,5.9,27.0,E,431.9,338.2,28.0,E,2026-09-04 10:47:27.221868
2026-09-04,2026-06-01,2026-09-04,district,HAR. CHD & DELHI,HARYANA,PANCHKULA,35.3,7.0,405.0,LE,548.4,740.4,-26.0,D,2026-09-04 10:47:27.221868
2026-09-04,2026-06-01,2026-09-04,district,HAR. CHD & DELHI,HARYANA,PANIPAT,1.3,5.2,-74.0,LD,283.5,380.2,-25.0,D,2026-09-04 10:47:27.221868
2026-09-04,2026-06-01,2026-09-04,district,HAR. CHD & DELHI,HARYANA,REWARI,0.7,5.3,-87.0,LD,337.2,370.4,-9.0,N,2026-09-04 10:47:27.221868
2026-09-04,2026-06-01,2026-09-04,district,HAR. CHD & DELHI,HARYANA,ROHTAK,0.7,4.5,-85.0,LD,220.6,407.8,-46.0,D,2026-09-04 10:47:27.221868
2026-09-04,2026-06-01,2026-09-04,district,HAR. CHD & DELHI,HARYANA,SIRSA,0.0,2.5,-100.0,NR,86.0,184.5,-53.0,D,2026-09-04 10:47:27.221868
2026-09-04,2026-06-01,2026-09-04,district,HAR. CHD & DELHI,HARYANA,SONEPAT,1.1,5.2,-78.0,LD,285.8,401.1,-29.0,D,2026-09-04 10:47:27.221868
2026-09-04,2026-06-01,2026-09-04,district,HAR. CHD & DELHI,HARYANA,YAMUNA NAGAR,1.7,6.9,-76.0,LD,697.0,786.6,-11.0,N,2026-09-04 10:47:27.221868
2026-09-04,2026-06-01,2026-09-04,district,HIMACHAL PRADESH,HIMACHAL PRADESH,BILASPUR,6.4,6.6,-3.0,N,821.7,714.6,15.0,N,2026-09-04 10:47:27.221868
2026-09-04,2026-06-01,2026-09-04,district,HIMACHAL PRADESH,HIMACHAL PRADESH,CHAMBA,2.5,9.3,-73.0,LD,667.4,747.9,-11.0,N,2026-09-04 10:47:27.221868
2026-09-04,2026-06-01,2026-09-04,district,HIMACHAL PRADESH,HIMACHAL PRADESH,HAMIRPUR,14.6,6.8,115.0,LE,592.7,869.1,-32.0,D,2026-09-04 10:47:27.221868
2026-09-04,2026-06-01,2026-09-04,district,HIMACHAL PRADESH,HIMACHAL PRADESH,KANGRA,9.5,15.4,-38.0,D,1395.9,1449.5,-4.0,N,2026-09-04 10:47:27.221868
2026-09-04,2026-06-01,2026-09-04,district,HIMACHAL PRADESH,HIMACHAL PRADESH,KINNAUR,0.5,2.9,-83.0,LD,211.3,196.8,7.0,N,2026-09-04 10:47:27.221868
2026-09-04,2026-06-01,2026-09-04,district,HIMACHAL PRADESH,HIMACHAL PRADESH,KULLU,0.0,2.8,-100.0,NR,498.2,465.1,7.0,N,2026-09-04 10:47:27.221868
2026-09-04,2026-06-01,2026-09-04,district,HIMACHAL PRADESH,HIMACHAL PRADESH,LAHAUL & SPITI,0.0,4.3,-100.0,NR,110.5,311.9,-65.0,LD,2026-09-04 10:47:27.221868
2026-09-04,2026-06-01,2026-09-04,district,HIMACHAL PRADESH,HIMACHAL PRADESH,MANDI,10.6,7.7,38.0,E,935.1,980.3,-5.0,N,2026-09-04 10:47:27.221868
2026-09-04,2026-06-01,2026-09-04,district,HIMACHAL PRADESH,HIMACHAL PRADESH,SHIMLA,2.0,4.5,-56.0,D,695.3,537.1,29.0,E,2026-09-04 10:47:27.221868
2026-09-04,2026-06-01,2026-09-04,district,HIMACHAL PRADESH,HIMACHAL PRADESH,SIRMAUR,22.8,8.5,168.0,LE,1170.9,1039.5,13.0,N,2026-09-04 10:47:27.221868
2026-09-04,2026-06-01,2026-09-04,district,HIMACHAL PRADESH,HIMACHAL PRADESH,SOLAN,0.0,7.1,-100.0,NR,779.4,753.9,3.0,N,2026-09-04 10:47:27.221868
2026-09-04,2026-06-01,2026-09-04,district,HIMACHAL PRADESH,HIMACHAL PRADESH,UNA,27.4,14.3,92.0,LE,716.8,838.7,-15.0,N,2026-09-04 10:47:27.221868
2026-09-04,2026-06-01,2026-09-04,district,J & K AND LADAKH,JAMMU & KASHMIR(UT),ANANTNAG,2.0,3.9,-49.0,D,296.8,273.4,9.0,N,2026-09-04 10:47:27.221868
2026-09-04,2026-06-01,2026-09-04,district,J & K AND LADAKH,JAMMU & KASHMIR(UT),BADGAM,1.5,1.4,7.0,N,130.4,176.3,-26.0,D,2026-09-04 10:47:27.221868
2026-09-04,2026-06-01,2026-09-04,district,J & K AND LADAKH,JAMMU & KASHMIR(UT),BANDIPORA,6.4,2.5,155.0,LE,199.0,190.1,5.0,N,2026-09-04 10:47:27.221868
2026-09-04,2026-06-01,2026-09-04,district,J & K AND LADAKH,JAMMU & KASHMIR(UT),BARAMULA,4.8,2.6,84.0,LE,275.9,184.9,49.0,E,2026-09-04 10:47:27.221868
2026-09-04,2026-06-01,2026-09-04,district,J & K AND LADAKH,JAMMU & KASHMIR(UT),DODA,0.0,5.0,-100.0,NR,367.9,360.2,2.0,N,2026-09-04 10:47:27.221868
2026-09-04,2026-06-01,2026-09-04,district,J & K AND LADAKH,JAMMU & KASHMIR(UT),GANDERBAL,4.7,1.2,292.0,LE,315.5,229.5,37.0,E,2026-09-04 10:47:27.221868
2026-09-04,2026-06-01,2026-09-04,district,J & K AND LADAKH,JAMMU & KASHMIR(UT),JAMMU,16.2,2.1,669.0,LE,722.8,841.1,-14.0,N,2026-09-04 10:47:27.221868
2026-09-04,2026-06-01,2026-09-04,district,J & K AND LADAKH,JAMMU & KASHMIR(UT),KATHUA,19.3,19.2,1.0,N,1074.0,1115.5,-4.0,N,2026-09-04 10:47:27.221868
2026-09-04,2026-06-01,2026-09-04,district,J & K AND LADAKH,JAMMU & KASHMIR(UT),KISTWAR,0.0,5.0,-100.0,NR,170.3,360.2,-53.0,D,2026-09-04 10:47:27.221868
2026-09-04,2026-06-01,2026-09-04,district,J & K AND LADAKH,JAMMU & KASHMIR(UT),KULGAM,0.8,6.0,-87.0,LD,267.8,278.3,-4.0,N,2026-09-04 10:47:27.221868
2026-09-04,2026-06-01,2026-09-04,district,J & K AND LADAKH,JAMMU & KASHMIR(UT),KUPWARA,1.7,1.7,1.0,N,212.5,221.5,-4.0,N,2026-09-04 10:47:27.221868
2026-09-04,2026-06-01,2026-09-04,district,J & K AND LADAKH,JAMMU & KASHMIR(UT),POONCH,1.5,1.0,50.0,E,808.3,585.8,38.0,E,2026-09-04 10:47:27.221868
2026-09-04,2026-06-01,2026-09-04,district,J & K AND LADAKH,JAMMU & KASHMIR(UT),PULWAMA,0.7,2.2,-70.0,LD,248.7,165.2,51.0,E,2026-09-04 10:47:27.221868
2026-09-04,2026-06-01,2026-09-04,district,J & K AND LADAKH,JAMMU & KASHMIR(UT),RAJOURI,15.0,8.1,85.0,LE,670.1,601.0,11.0,N,2026-09-04 10:47:27.221868
2026-09-04,2026-06-01,2026-09-04,district,J & K AND LADAKH,JAMMU & KASHMIR(UT),RAMBAN,0.0,5.3,-100.0,NR,447.1,350.2,28.0,E,2026-09-04 10:47:27.221868
2026-09-04,2026-06-01,2026-09-04,district,J & K AND LADAKH,JAMMU & KASHMIR(UT),REASI,18.8,7.7,144.0,LE,1248.6,1396.4,-11.0,N,2026-09-04 10:47:27.221868
2026-09-04,2026-06-01,2026-09-04,district,J & K AND LADAKH,JAMMU & KASHMIR(UT),SAMBA,0.0,6.5,-100.0,NR,953.5,688.3,39.0,E,2026-09-04 10:47:27.221868
2026-09-04,2026-06-01,2026-09-04,district,J & K AND LADAKH,JAMMU & KASHMIR(UT),SHOPIAN,0.8,1.6,-48.0,D,124.7,252.7,-51.0,D,2026-09-04 10:47:27.221868
2026-09-04,2026-06-01,2026-09-04,district,J & K AND LADAKH,JAMMU & KASHMIR(UT),SRINAGAR,3.9,2.9,34.0,E,230.8,205.3,12.0,N,2026-09-04 10:47:27.221868
2026-09-04,2026-06-01,2026-09-04,district,J & K AND LADAKH,JAMMU & KASHMIR(UT),UDHAMPUR,13.6,4.8,182.0,LE,1412.9,853.7,66.0,LE,2026-09-04 10:47:27.221868
2026-09-04,2026-06-01,2026-09-04,district,J & K AND LADAKH,LADAKH (UT),KARGIL,0.0,0.2,-100.0,NR,21.6,8.1,143.0,LE,2026-09-04 10:47:27.221868
2026-09-04,2026-06-01,2026-09-04,district,J & K AND LADAKH,LADAKH (UT),LADAKH (LEH),0.0,0.0,-100.0,NR,58.0,20.0,186.0,LE,2026-09-04 10:47:27.221868
2026-09-04,2026-06-01,2026-09-04,district,JHARKHAND,JHARKHAND,BOKARO,0.0,8.4,-100.0,NR,698.7,744.4,-6.0,N,2026-09-04 10:47:27.221868
2026-09-04,2026-06-01,2026-09-04,district,JHARKHAND,JHARKHAND,CHATRA,0.0,4.7,-100.0,NR,583.7,765.9,-24.0,D,2026-09-04 10:47:27.221868
2026-09-04,2026-06-01,2026-09-04,district,JHARKHAND,JHARKHAND,DEOGHAR,0.3,7.0,-95.0,LD,498.3,777.2,-36.0,D,2026-09-04 10:47:27.221868
2026-09-04,2026-06-01,2026-09-04,district,JHARKHAND,JHARKHAND,DHANBAD,0.0,8.2,-100.0,NR,836.6,857.6,-2.0,N,2026-09-04 10:47:27.221868
2026-09-04,2026-06-01,2026-09-04,district,JHARKHAND,JHARKHAND,DUMKA,0.4,7.8,-95.0,LD,788.2,823.2,-4.0,N,2026-09-04 10:47:27.221868
2026-09-04,2026-06-01,2026-09-04,district,JHARKHAND,JHARKHAND,EAST SINGHBHUM,0.0,11.5,-100.0,NR,960.6,895.0,7.0,N,2026-09-04 10:47:27.221868
2026-09-04,2026-06-01,2026-09-04,district,JHARKHAND,JHARKHAND,GARHWA,0.0,7.1,-100.0,NR,626.6,756.4,-17.0,N,2026-09-04 10:47:27.221868
2026-09-04,2026-06-01,2026-09-04,district,JHARKHAND,JHARKHAND,GIRIDIH,0.0,7.9,-100.0,NR,580.4,779.1,-26.0,D,2026-09-04 10:47:27.221868
2026-09-04,2026-06-01,2026-09-04,district,JHARKHAND,JHARKHAND,GODDA,10.2,9.3,10.0,N,553.3,718.3,-23.0,D,2026-09-04 10:47:27.221868
2026-09-04,2026-06-01,2026-09-04,district,JHARKHAND,JHARKHAND,GUMLA,2.8,8.0,-65.0,LD,654.5,867.2,-25.0,D,2026-09-04 10:47:27.221868
2026-09-04,2026-06-01,2026-09-04,district,JHARKHAND,JHARKHAND,HAZARIBAG,0.0,8.0,-100.0,NR,685.4,852.1,-20.0,D,2026-09-04 10:47:27.221868
2026-09-04,2026-06-01,2026-09-04,district,JHARKHAND,JHARKHAND,JAMTARA,1.3,6.9,-81.0,LD,848.8,858.8,-1.0,N,2026-09-04 10:47:27.221868
2026-09-04,2026-06-01,2026-09-04,district,JHARKHAND,JHARKHAND,KHUNTI,0.0,13.1,-100.0,NR,897.6,915.5,-2.0,N,2026-09-04 10:47:27.221868
2026-09-04,2026-06-01,2026-09-04,district,JHARKHAND,JHARKHAND,KODERMA,0.0,4.6,-100.0,NR,515.3,701.0,-26.0,D,2026-09-04 10:47:27.221868
2026-09-04,2026-06-01,2026-09-04,district,JHARKHAND,JHARKHAND,LATEHAR,0.0,7.6,-100.0,NR,1064.6,847.5,26.0,E,2026-09-04 10:47:27.221868
2026-09-04,2026-06-01,2026-09-04,district,JHARKHAND,JHARKHAND,LOHARDAGA,0.0,6.8,-100.0,NR,786.4,809.1,-3.0,N,2026-09-04 10:47:27.221868
2026-09-04,2026-06-01,2026-09-04,district,JHARKHAND,JHARKHAND,PAKUR,5.4,9.6,-44.0,D,465.5,935.7,-50.0,D,2026-09-04 10:47:27.221868
2026-09-04,2026-06-01,2026-09-04,district,JHARKHAND,JHARKHAND,PALAMU,0.0,6.0,-100.0,NR,640.0,693.2,-8.0,N,2026-09-04 10:47:27.221868
2026-09-04,2026-06-01,2026-09-04,district,JHARKHAND,JHARKHAND,RAMGARH,0.0,8.1,-100.0,NR,800.2,839.3,-5.0,N,2026-09-04 10:47:27.221868
2026-09-04,2026-06-01,2026-09-04,district,JHARKHAND,JHARKHAND,RANCHI,0.0,7.1,-99.0,LD,912.4,848.2,8.0,N,2026-09-04 10:47:27.221868
2026-09-04,2026-06-01,2026-09-04,district,JHARKHAND,JHARKHAND,SERAIKELA-KHARSAWAN,0.0,9.9,-100.0,NR,1004.6,826.6,22.0,E,2026-09-04 10:47:27.221868
2026-09-04,2026-06-01,2026-09-04,district,JHARKHAND,JHARKHAND,SIMDEGA,3.8,10.6,-64.0,LD,1098.4,1078.1,2.0,N,2026-09-04 10:47:27.221868
2026-09-04,2026-06-01,2026-09-04,district,JHARKHAND,JHARKHAND,WEST SINGHBHUM,0.1,8.8,-98.0,LD,1184.6,839.2,41.0,E,2026-09-04 10:47:27.221868
2026-09-04,2026-06-01,2026-09-04,district,KERALA & MAHE,KERALA,ALAPUZHA,0.1,6.7,-98.0,LD,1021.7,1403.6,-27.0,D,2026-09-04 10:47:27.221868
2026-09-04,2026-06-01,2026-09-04,district,KERALA & MAHE,KERALA,ERNAKULAM,0.0,8.0,-100.0,NR,1450.2,1834.7,-21.0,D,2026-09-04 10:47:27.221868
2026-09-04,2026-06-01,2026-09-04,district,KERALA & MAHE,KERALA,IDUKKI,0.8,13.0,-93.0,LD,1242.9,2263.0,-45.0,D,2026-09-04 10:47:27.221868
2026-09-04,2026-06-01,2026-09-04,district,KERALA & MAHE,KERALA,KANNUR,0.8,10.1,-92.0,LD,2207.8,2390.2,-8.0,N,2026-09-04 10:47:27.221868
2026-09-04,2026-06-01,2026-09-04,district,KERALA & MAHE,KERALA,KASARGOD,3.8,9.9,-61.0,LD,2293.3,2623.7,-13.0,N,2026-09-04 10:47:27.221868
2026-09-04,2026-06-01,2026-09-04,district,KERALA & MAHE,KERALA,KOLLAM,0.0,4.2,-100.0,NR,728.7,1057.4,-31.0,D,2026-09-04 10:47:27.221868
2026-09-04,2026-06-01,2026-09-04,district,KERALA & MAHE,KERALA,KOTTAYAM,0.0,6.2,-100.0,NR,1519.9,1647.3,-8.0,N,2026-09-04 10:47:27.221868
2026-09-04,2026-06-01,2026-09-04,district,KERALA & MAHE,KERALA,KOZHIKODE,0.1,8.4,-99.0,LD,2021.4,2312.1,-13.0,N,2026-09-04 10:47:27.221868
2026-09-04,2026-06-01,2026-09-04,district,KERALA & MAHE,KERALA,MALAPPURAM,0.1,7.7,-99.0,LD,1369.4,1738.2,-21.0,D,2026-09-04 10:47:27.221868
2026-09-04,2026-06-01,2026-09-04,district,KERALA & MAHE,KERALA,PALAKKAD,0.0,7.3,-99.0,LD,1049.7,1382.2,-24.0,D,2026-09-04 10:47:27.221868
2026-09-04,2026-06-01,2026-09-04,district,KERALA & MAHE,KERALA,PATHANAMTHITTA,0.4,4.4,-92.0,LD,1313.0,1348.2,-3.0,N,2026-09-04 10:47:27.221868
2026-09-04,2026-06-01,2026-09-04,district,KERALA & MAHE,KERALA,THIRUVANANTHAPURAM,0.0,3.3,-100.0,NR,666.8,684.4,-3.0,N,2026-09-04 10:47:27.221868
2026-09-04,2026-06-01,2026-09-04,district,KERALA & MAHE,KERALA,THRISSUR,0.0,10.3,-100.0,NR,1434.2,1880.9,-24.0,D,2026-09-04 10:47:27.221868
2026-09-04,2026-06-01,2026-09-04,district,KERALA & MAHE,KERALA,WYNAD,2.1,11.9,-83.0,LD,1102.3,2257.4,-51.0,D,2026-09-04 10:47:27.221868
2026-09-04,2026-06-01,2026-09-04,district,KERALA & MAHE,PUDUCHERRY (UT),MAHE,0.0,9.4,-100.0,NR,1660.4,2166.9,-23.0,D,2026-09-04 10:47:27.221868
2026-09-04,2026-06-01,2026-09-04,district,KONKAN & GOA,GOA,NORTH GOA,9.6,15.3,-38.0,D,1749.5,2818.1,-38.0,D,2026-09-04 10:47:27.221868
2026-09-04,2026-06-01,2026-09-04,district,KONKAN & GOA,GOA,SOUTH GOA,5.5,14.2,-62.0,LD,1934.4,2690.4,-28.0,D,2026-09-04 10:47:27.221868
2026-09-04,2026-06-01,2026-09-04,district,KONKAN & GOA,MAHARASHTRA,MUMBAI CITY,4.2,16.9,-75.0,LD,1788.2,1825.1,-2.0,N,2026-09-04 10:47:27.221868
2026-09-04,2026-06-01,2026-09-04,district,KONKAN & GOA,MAHARASHTRA,MUMBAI SUBURBAN,2.4,18.5,-87.0,LD,2236.2,2032.8,10.0,N,2026-09-04 10:47:27.221868
2026-09-04,2026-06-01,2026-09-04,district,KONKAN & GOA,MAHARASHTRA,PALGHAR,6.2,17.5,-65.0,LD,2495.2,2003.2,25.0,E,2026-09-04 10:47:27.221868
2026-09-04,2026-06-01,2026-09-04,district,KONKAN & GOA,MAHARASHTRA,RAIGAD,4.7,22.7,-79.0,LD,2786.2,2781.7,0.0,N,2026-09-04 10:47:27.221868
2026-09-04,2026-06-01,2026-09-04,district,KONKAN & GOA,MAHARASHTRA,RATNAGIRI,7.3,17.9,-59.0,D,2483.4,2869.0,-13.0,N,2026-09-04 10:47:27.221868
2026-09-04,2026-06-01,2026-09-04,district,KONKAN & GOA,MAHARASHTRA,SINDHUDURG,9.8,14.6,-33.0,D,1758.3,2671.6,-34.0,D,2026-09-04 10:47:27.221868
2026-09-04,2026-06-01,2026-09-04,district,KONKAN & GOA,MAHARASHTRA,THANE,2.0,18.0,-89.0,LD,2008.8,2158.7,-7.0,N,2026-09-04 10:47:27.221868
2026-09-04,2026-06-01,2026-09-04,district,LAKSHADWEEP,LAKSHADWEEP,LAKSHADWEEP,0.9,4.5,-79.0,LD,642.8,881.1,-27.0,D,2026-09-04 10:47:27.221868
2026-09-04,2026-06-01,2026-09-04,district,MADHYA MAHARASHTRA,MAHARASHTRA,AHMEDNAGAR,0.2,3.5,-94.0,LD,214.6,323.9,-34.0,D,2026-09-04 10:47:27.221868
2026-09-04,2026-06-01,2026-09-04,district,MADHYA MAHARASHTRA,MAHARASHTRA,DHULE,1.0,2.9,-66.0,LD,387.1,443.9,-13.0,N,2026-09-04 10:47:27.221868
2026-09-04,2026-06-01,2026-09-04,district,MADHYA MAHARASHTRA,MAHARASHTRA,JALGAON,0.3,3.4,-93.0,LD,478.0,521.0,-8.0,N,2026-09-04 10:47:27.221868
2026-09-04,2026-06-01,2026-09-04,district,MADHYA MAHARASHTRA,MAHARASHTRA,KOLHAPUR,5.6,9.4,-41.0,D,1414.0,1542.1,-8.0,N,2026-09-04 10:47:27.221868
2026-09-04,2026-06-01,2026-09-04,district,MADHYA MAHARASHTRA,MAHARASHTRA,NANDURBAR,2.5,7.3,-66.0,LD,421.5,716.6,-41.0,D,2026-09-04 10:47:27.221868
2026-09-04,2026-06-01,2026-09-04,district,MADHYA MAHARASHTRA,MAHARASHTRA,NASHIK,2.5,6.0,-58.0,D,1115.0,740.7,51.0,E,2026-09-04 10:47:27.221868
2026-09-04,2026-06-01,2026-09-04,district,MADHYA MAHARASHTRA,MAHARASHTRA,PUNE,2.0,7.4,-73.0,LD,1008.6,791.2,27.0,E,2026-09-04 10:47:27.221868
2026-09-04,2026-06-01,2026-09-04,district,MADHYA MAHARASHTRA,MAHARASHTRA,SANGLI,0.8,3.3,-77.0,LD,309.1,366.1,-16.0,N,2026-09-04 10:47:27.221868
2026-09-04,2026-06-01,2026-09-04,district,MADHYA MAHARASHTRA,MAHARASHTRA,SATARA,1.9,5.1,-64.0,LD,926.6,707.3,31.0,E,2026-09-04 10:47:27.221868
2026-09-04,2026-06-01,2026-09-04,district,MADHYA MAHARASHTRA,MAHARASHTRA,SHOLAPUR,0.2,2.3,-91.0,LD,157.8,307.2,-49.0,D,2026-09-04 10:47:27.221868
2026-09-04,2026-06-01,2026-09-04,district,MARATHWADA,MAHARASHTRA,BEED,0.0,4.0,-100.0,NR,218.5,413.5,-47.0,D,2026-09-04 10:47:27.221868
2026-09-04,2026-06-01,2026-09-04,district,MARATHWADA,MAHARASHTRA,CHHATRAPATI SAMBHAJINAGAR,0.6,4.2,-87.0,LD,423.0,436.6,-3.0,N,2026-09-04 10:47:27.221868
2026-09-04,2026-06-01,2026-09-04,district,MARATHWADA,MAHARASHTRA,DHARASHIV,0.0,4.4,-100.0,NR,272.1,422.4,-36.0,D,2026-09-04 10:47:27.221868
2026-09-04,2026-06-01,2026-09-04,district,MARATHWADA,MAHARASHTRA,HINGOLI,0.0,4.5,-100.0,NR,338.5,647.5,-48.0,D,2026-09-04 10:47:27.221868
2026-09-04,2026-06-01,2026-09-04,district,MARATHWADA,MAHARASHTRA,JALNA,0.0,3.7,-100.0,NR,276.5,476.2,-42.0,D,2026-09-04 10:47:27.221868
2026-09-04,2026-06-01,2026-09-04,district,MARATHWADA,MAHARASHTRA,LATUR,0.0,3.5,-100.0,NR,360.5,514.7,-30.0,D,2026-09-04 10:47:27.221868
2026-09-04,2026-06-01,2026-09-04,district,MARATHWADA,MAHARASHTRA,NANDED,0.1,4.5,-97.0,LD,448.3,651.8,-31.0,D,2026-09-04 10:47:27.221868
2026-09-04,2026-06-01,2026-09-04,district,MARATHWADA,MAHARASHTRA,PARBHANI,0.0,4.6,-100.0,NR,356.2,564.1,-37.0,D,2026-09-04 10:47:27.221868
2026-09-04,2026-06-01,2026-09-04,district,N. I. KARNATAKA,KARNATAKA,BAGALKOTE,1.2,4.5,-73.0,LD,208.3,232.3,-10.0,N,2026-09-04 10:47:27.221868
2026-09-04,2026-06-01,2026-09-04,district,N. I. KARNATAKA,KARNATAKA,BELAGAVI,2.6,2.9,-12.0,N,542.4,468.6,16.0,N,2026-09-04 10:47:27.221868
2026-09-04,2026-06-01,2026-09-04,district,N. I. KARNATAKA,KARNATAKA,BIDAR,0.8,3.7,-77.0,LD,410.8,500.6,-18.0,N,2026-09-04 10:47:27.221868
2026-09-04,2026-06-01,2026-09-04,district,N. I. KARNATAKA,KARNATAKA,DHARWAD,1.1,2.9,-61.0,LD,244.1,416.0,-41.0,D,2026-09-04 10:47:27.221868
2026-09-04,2026-06-01,2026-09-04,district,N. I. KARNATAKA,KARNATAKA,GADAG,3.9,4.3,-8.0,N,208.4,244.8,-15.0,N,2026-09-04 10:47:27.221868
2026-09-04,2026-06-01,2026-09-04,district,N. I. KARNATAKA,KARNATAKA,HAVERI,1.3,2.3,-43.0,D,274.1,405.2,-32.0,D,2026-09-04 10:47:27.221868
2026-09-04,2026-06-01,2026-09-04,district,N. I. KARNATAKA,KARNATAKA,KALABURAGI,1.0,4.9,-80.0,LD,200.4,420.7,-52.0,D,2026-09-04 10:47:27.221868
2026-09-04,2026-06-01,2026-09-04,district,N. I. KARNATAKA,KARNATAKA,KOPPAL,0.9,4.1,-79.0,LD,170.6,256.7,-34.0,D,2026-09-04 10:47:27.221868
2026-09-04,2026-06-01,2026-09-04,district,N. I. KARNATAKA,KARNATAKA,RAICHUR,0.2,3.4,-94.0,LD,199.4,294.0,-32.0,D,2026-09-04 10:47:27.221868
2026-09-04,2026-06-01,2026-09-04,district,N. I. KARNATAKA,KARNATAKA,VIJAYAPURA,0.1,4.1,-98.0,LD,174.6,255.8,-32.0,D,2026-09-04 10:47:27.221868
2026-09-04,2026-06-01,2026-09-04,district,N. I. KARNATAKA,KARNATAKA,YADGIR,0.8,4.1,-81.0,LD,276.0,369.2,-25.0,D,2026-09-04 10:47:27.221868
2026-09-04,2026-06-01,2026-09-04,district,NMMT,MANIPUR,BISHNUPUR,7.5,6.3,19.0,N,400.7,948.7,-58.0,D,2026-09-04 10:47:27.221868
2026-09-04,2026-06-01,2026-09-04,district,NMMT,MANIPUR,CHANDEL,3.1,6.3,-52.0,D,461.9,948.7,-51.0,D,2026-09-04 10:47:27.221868
2026-09-04,2026-06-01,2026-09-04,district,NMMT,MANIPUR,IMPHAL EAST,2.5,4.5,-46.0,D,426.4,617.7,-31.0,D,2026-09-04 10:47:27.221868
2026-09-04,2026-06-01,2026-09-04,district,NMMT,MANIPUR,IMPHAL WEST,12.4,12.1,3.0,N,649.1,1426.3,-54.0,D,2026-09-04 10:47:27.221868
2026-09-04,2026-06-01,2026-09-04,district,NMMT,MANIPUR,SENAPATI,2.6,6.3,-59.0,D,577.4,652.9,-12.0,N,2026-09-04 10:47:27.221868
2026-09-04,2026-06-01,2026-09-04,district,NMMT,MANIPUR,TAMENGLONG,10.4,32.8,-68.0,LD,1503.0,3375.0,-55.0,D,2026-09-04 10:47:27.221868
2026-09-04,2026-06-01,2026-09-04,district,NMMT,MANIPUR,THOUBAL,1.2,4.5,-73.0,LD,310.9,617.7,-50.0,D,2026-09-04 10:47:27.221868
2026-09-04,2026-06-01,2026-09-04,district,NMMT,MANIPUR,UKHRUL,0.0,4.8,-100.0,NR,821.0,884.8,-7.0,N,2026-09-04 10:47:27.221868
2026-09-04,2026-06-01,2026-09-04,district,NMMT,MIZORAM,AIZAWL,10.3,17.7,-42.0,D,1119.4,1297.8,-14.0,N,2026-09-04 10:47:27.221868
2026-09-04,2026-06-01,2026-09-04,district,NMMT,MIZORAM,CHAMPHAI,6.6,9.3,-29.0,D,854.8,1061.5,-19.0,N,2026-09-04 10:47:27.221868
2026-09-04,2026-06-01,2026-09-04,district,NMMT,MIZORAM,KOLASIB,13.4,14.2,-6.0,N,1447.9,1414.5,2.0,N,2026-09-04 10:47:27.221868
2026-09-04,2026-06-01,2026-09-04,district,NMMT,MIZORAM,LAWNGTLAI,2.9,10.7,-73.0,LD,1260.4,1387.9,-9.0,N,2026-09-04 10:47:27.221868
2026-09-04,2026-06-01,2026-09-04,district,NMMT,MIZORAM,LUNGLEI,2.6,14.0,-82.0,LD,1137.7,1423.6,-20.0,D,2026-09-04 10:47:27.221868
2026-09-04,2026-06-01,2026-09-04,district,NMMT,MIZORAM,MAMIT,3.3,16.9,-81.0,LD,809.4,1273.8,-36.0,D,2026-09-04 10:47:27.221868
2026-09-04,2026-06-01,2026-09-04,district,NMMT,MIZORAM,SAIHA,46.6,11.6,302.0,LE,1157.9,1415.9,-18.0,N,2026-09-04 10:47:27.221868
2026-09-04,2026-06-01,2026-09-04,district,NMMT,MIZORAM,SERCHHIP,4.7,10.9,-57.0,D,1227.1,1221.2,0.0,N,2026-09-04 10:47:27.221868
2026-09-04,2026-06-01,2026-09-04,district,NMMT,NAGALAND,DIMAPUR,25.5,7.5,239.0,LE,696.6,683.8,2.0,N,2026-09-04 10:47:27.221868
2026-09-04,2026-06-01,2026-09-04,district,NMMT,NAGALAND,KIPHIRE,0.6,1.9,-68.0,LD,655.5,507.7,29.0,E,2026-09-04 10:47:27.221868
2026-09-04,2026-06-01,2026-09-04,district,NMMT,NAGALAND,KOHIMA,10.7,10.4,3.0,N,934.2,1012.5,-8.0,N,2026-09-04 10:47:27.221868
2026-09-04,2026-06-01,2026-09-04,district,NMMT,NAGALAND,MOKOKCHUNG,55.2,12.0,360.0,LE,1386.8,1150.5,21.0,E,2026-09-04 10:47:27.221868
2026-09-04,2026-06-01,2026-09-04,district,NMMT,NAGALAND,MON,43.7,6.8,543.0,LE,752.5,906.2,-17.0,N,2026-09-04 10:47:27.221868
2026-09-04,2026-06-01,2026-09-04,district,NMMT,NAGALAND,PEREN,9.1,7.7,19.0,N,747.5,766.1,-2.0,N,2026-09-04 10:47:27.221868
2026-09-04,2026-06-01,2026-09-04,district,NMMT,NAGALAND,PHEK,7.5,4.6,63.0,LE,662.2,695.7,-5.0,N,2026-09-04 10:47:27.221868
2026-09-04,2026-06-01,2026-09-04,district,NMMT,NAGALAND,WOKHA,10.0,10.3,-3.0,N,1116.6,1023.1,9.0,N,2026-09-04 10:47:27.221868
2026-09-04,2026-06-01,2026-09-04,district,NMMT,NAGALAND,ZUNHEBOTO,12.9,6.4,102.0,LE,1409.0,885.9,59.0,E,2026-09-04 10:47:27.221868
2026-09-04,2026-06-01,2026-09-04,district,NMMT,TRIPURA,DHALAI,0.7,9.7,-93.0,LD,1046.7,1117.4,-6.0,N,2026-09-04 10:47:27.221868
2026-09-04,2026-06-01,2026-09-04,district,NMMT,TRIPURA,GOMATI,0.3,9.1,-97.0,LD,933.9,1192.0,-22.0,D,2026-09-04 10:47:27.221868
2026-09-04,2026-06-01,2026-09-04,district,NMMT,TRIPURA,KHOWAI,3.0,7.9,-61.0,LD,1150.6,1090.5,6.0,N,2026-09-04 10:47:27.221868
2026-09-04,2026-06-01,2026-09-04,district,NMMT,TRIPURA,NORTH TRIPURA,0.9,14.8,-94.0,LD,963.8,1162.6,-17.0,N,2026-09-04 10:47:27.221868
2026-09-04,2026-06-01,2026-09-04,district,NMMT,TRIPURA,SIPAHIJALA,0.9,6.5,-86.0,LD,974.8,1112.3,-12.0,N,2026-09-04 10:47:27.221868
2026-09-04,2026-06-01,2026-09-04,district,NMMT,TRIPURA,SOUTH TRIPURA,9.2,6.6,40.0,E,983.7,1437.3,-32.0,D,2026-09-04 10:47:27.221868
2026-09-04,2026-06-01,2026-09-04,district,NMMT,TRIPURA,UNAKOTI,16.5,10.5,57.0,E,1157.3,1180.0,-2.0,N,2026-09-04 10:47:27.221868
2026-09-04,2026-06-01,2026-09-04,district,NMMT,TRIPURA,WEST TRIPURA,2.8,7.8,-65.0,LD,1116.0,997.6,12.0,N,2026-09-04 10:47:27.221868
2026-09-04,2026-06-01,2026-09-04,district,ODISHA,ODISHA,ANGUL,0.0,11.5,-100.0,NR,1203.6,941.3,28.0,E,2026-09-04 10:47:27.221868
2026-09-04,2026-06-01,2026-09-04,district,ODISHA,ODISHA,BALANGIR,0.1,13.6,-99.0,LD,1179.9,923.9,28.0,E,2026-09-04 10:47:27.221868
2026-09-04,2026-06-01,2026-09-04,district,ODISHA,ODISHA,BALASORE,0.0,9.6,-100.0,NR,1515.3,957.1,58.0,E,2026-09-04 10:47:27.221868
2026-09-04,2026-06-01,2026-09-04,district,ODISHA,ODISHA,BARGARH,0.7,14.8,-95.0,LD,1558.7,1021.0,53.0,E,2026-09-04 10:47:27.221868
2026-09-04,2026-06-01,2026-09-04,district,ODISHA,ODISHA,BHADRAK,0.0,8.2,-100.0,NR,1157.2,869.7,33.0,E,2026-09-04 10:47:27.221868
2026-09-04,2026-06-01,2026-09-04,district,ODISHA,ODISHA,BOUDH,0.5,11.4,-96.0,LD,1594.0,878.0,82.0,LE,2026-09-04 10:47:27.221868
2026-09-04,2026-06-01,2026-09-04,district,ODISHA,ODISHA,CUTTACK,0.0,12.0,-100.0,NR,1263.0,932.9,35.0,E,2026-09-04 10:47:27.221868
2026-09-04,2026-06-01,2026-09-04,district,ODISHA,ODISHA,DEOGARH,0.8,7.7,-90.0,LD,1422.7,986.4,44.0,E,2026-09-04 10:47:27.221868
2026-09-04,2026-06-01,2026-09-04,district,ODISHA,ODISHA,DHENKANAL,0.0,9.9,-100.0,NR,1346.3,907.3,48.0,E,2026-09-04 10:47:27.221868
2026-09-04,2026-06-01,2026-09-04,district,ODISHA,ODISHA,GAJAPATI,0.8,9.5,-92.0,LD,541.1,711.7,-24.0,D,2026-09-04 10:47:27.221868
2026-09-04,2026-06-01,2026-09-04,district,ODISHA,ODISHA,GANJAM,0.0,8.2,-99.0,LD,576.2,694.3,-17.0,N,2026-09-04 10:47:27.221868
2026-09-04,2026-06-01,2026-09-04,district,ODISHA,ODISHA,JAGATSINGHPUR,1.4,9.9,-86.0,LD,1102.0,848.2,30.0,E,2026-09-04 10:47:27.221868
2026-09-04,2026-06-01,2026-09-04,district,ODISHA,ODISHA,JAJPUR,0.0,13.5,-100.0,NR,1153.0,1005.6,15.0,N,2026-09-04 10:47:27.221868
2026-09-04,2026-06-01,2026-09-04,district,ODISHA,ODISHA,JHARSUGUDA,0.9,10.0,-91.0,LD,1114.9,1005.4,11.0,N,2026-09-04 10:47:27.221868
2026-09-04,2026-06-01,2026-09-04,district,ODISHA,ODISHA,KALAHANDI,0.2,12.7,-98.0,LD,997.1,1168.9,-15.0,N,2026-09-04 10:47:27.221868
2026-09-04,2026-06-01,2026-09-04,district,ODISHA,ODISHA,KANDHAMAL,0.2,10.5,-98.0,LD,1124.0,932.1,21.0,E,2026-09-04 10:47:27.221868
2026-09-04,2026-06-01,2026-09-04,district,ODISHA,ODISHA,KENDRAPARA,0.8,13.5,-94.0,LD,1320.4,890.1,48.0,E,2026-09-04 10:47:27.221868
2026-09-04,2026-06-01,2026-09-04,district,ODISHA,ODISHA,KEONJHARGARH,0.3,10.1,-97.0,LD,1442.4,936.1,54.0,E,2026-09-04 10:47:27.221868
2026-09-04,2026-06-01,2026-09-04,district,ODISHA,ODISHA,KHURDA,0.1,8.9,-99.0,LD,1060.8,877.8,21.0,E,2026-09-04 10:47:27.221868
2026-09-04,2026-06-01,2026-09-04,district,ODISHA,ODISHA,KORAPUT,1.3,14.1,-91.0,LD,1020.6,1023.4,0.0,N,2026-09-04 10:47:27.221868
2026-09-04,2026-06-01,2026-09-04,district,ODISHA,ODISHA,MALKANGIRI,0.0,8.5,-100.0,NR,909.0,1063.6,-15.0,N,2026-09-04 10:47:27.221868
2026-09-04,2026-06-01,2026-09-04,district,ODISHA,ODISHA,MAYURBHANJ,0.5,12.6,-96.0,LD,1496.8,992.0,51.0,E,2026-09-04 10:47:27.221868
2026-09-04,2026-06-01,2026-09-04,district,ODISHA,ODISHA,NAWAPARA,0.2,8.9,-98.0,LD,992.5,850.4,17.0,N,2026-09-04 10:47:27.221868
2026-09-04,2026-06-01,2026-09-04,district,ODISHA,ODISHA,NAWARANGPUR,0.0,19.3,-100.0,NR,940.7,1152.9,-18.0,N,2026-09-04 10:47:27.221868
2026-09-04,2026-06-01,2026-09-04,district,ODISHA,ODISHA,NAYAGARH,0.6,11.1,-94.0,LD,1027.0,873.8,18.0,N,2026-09-04 10:47:27.221868
2026-09-04,2026-06-01,2026-09-04,district,ODISHA,ODISHA,PURI,2.4,8.4,-71.0,LD,1108.1,822.7,35.0,E,2026-09-04 10:47:27.221868
2026-09-04,2026-06-01,2026-09-04,district,ODISHA,ODISHA,RAYAGADA,0.2,9.7,-98.0,LD,740.8,799.5,-7.0,N,2026-09-04 10:47:27.221868
2026-09-04,2026-06-01,2026-09-04,district,ODISHA,ODISHA,SAMBALPUR,0.2,12.9,-99.0,LD,1458.6,1081.5,35.0,E,2026-09-04 10:47:27.221868
2026-09-04,2026-06-01,2026-09-04,district,ODISHA,ODISHA,SONEPUR,0.4,13.7,-97.0,LD,1579.6,1016.4,55.0,E,2026-09-04 10:47:27.221868
2026-09-04,2026-06-01,2026-09-04,district,ODISHA,ODISHA,SUNDARGARH,1.3,10.3,-88.0,LD,1312.1,1017.8,29.0,E,2026-09-04 10:47:27.221868
2026-09-04,2026-06-01,2026-09-04,district,PUNJAB,PUNJAB,AMRITSAR,0.1,5.3,-97.0,LD,347.7,403.4,-14.0,N,2026-09-04 10:47:27.221868
2026-09-04,2026-06-01,2026-09-04,district,PUNJAB,PUNJAB,BARNALA,0.0,4.0,-100.0,NR,124.3,312.4,-60.0,LD,2026-09-04 10:47:27.221868
2026-09-04,2026-06-01,2026-09-04,district,PUNJAB,PUNJAB,BHATINDA,3.7,1.7,118.0,LE,126.3,251.4,-50.0,D,2026-09-04 10:47:27.221868
2026-09-04,2026-06-01,2026-09-04,district,PUNJAB,PUNJAB,FARIDKOT,0.0,6.0,-99.0,LD,223.8,261.6,-14.0,N,2026-09-04 10:47:27.221868
2026-09-04,2026-06-01,2026-09-04,district,PUNJAB,PUNJAB,FATEHGARH SAHIB,0.2,3.1,-95.0,LD,134.9,410.5,-67.0,LD,2026-09-04 10:47:27.221868
2026-09-04,2026-06-01,2026-09-04,district,PUNJAB,PUNJAB,FAZILKA,0.0,5.8,-100.0,NR,106.6,221.9,-52.0,D,2026-09-04 10:47:27.221868
2026-09-04,2026-06-01,2026-09-04,district,PUNJAB,PUNJAB,FEROZEPUR,0.0,2.1,-100.0,NR,134.4,212.5,-37.0,D,2026-09-04 10:47:27.221868
2026-09-04,2026-06-01,2026-09-04,district,PUNJAB,PUNJAB,GURDASPUR,0.8,3.7,-77.0,LD,729.5,527.9,38.0,E,2026-09-04 10:47:27.221868
2026-09-04,2026-06-01,2026-09-04,district,PUNJAB,PUNJAB,HOSHIARPUR,15.1,6.2,144.0,LE,253.5,529.0,-52.0,D,2026-09-04 10:47:27.221868
2026-09-04,2026-06-01,2026-09-04,district,PUNJAB,PUNJAB,JALANDHAR,0.0,4.1,-100.0,NR,229.9,451.6,-49.0,D,2026-09-04 10:47:27.221868
2026-09-04,2026-06-01,2026-09-04,district,PUNJAB,PUNJAB,KAPURTHALA,0.0,2.8,-100.0,NR,133.1,394.6,-66.0,LD,2026-09-04 10:47:27.221868
2026-09-04,2026-06-01,2026-09-04,district,PUNJAB,PUNJAB,LUDHIANA,2.4,4.2,-42.0,D,221.1,389.3,-43.0,D,2026-09-04 10:47:27.221868
2026-09-04,2026-06-01,2026-09-04,district,PUNJAB,PUNJAB,MOGA,0.0,1.6,-100.0,NR,164.1,255.6,-36.0,D,2026-09-04 10:47:27.221868
2026-09-04,2026-06-01,2026-09-04,district,PUNJAB,PUNJAB,MUKTSAR,0.0,4.5,-100.0,NR,94.5,272.6,-65.0,LD,2026-09-04 10:47:27.221868
2026-09-04,2026-06-01,2026-09-04,district,PUNJAB,PUNJAB,PATHANKOT,47.1,8.0,488.0,LE,1216.0,848.3,43.0,E,2026-09-04 10:47:27.221868
2026-09-04,2026-06-01,2026-09-04,district,PUNJAB,PUNJAB,PATIALA,0.3,4.5,-94.0,LD,258.1,453.6,-43.0,D,2026-09-04 10:47:27.221868
2026-09-04,2026-06-01,2026-09-04,district,PUNJAB,PUNJAB,RUPNAGAR,11.4,7.6,50.0,E,501.2,695.6,-28.0,D,2026-09-04 10:47:27.221868
2026-09-04,2026-06-01,2026-09-04,district,PUNJAB,PUNJAB,SANGRUR,0.0,5.6,-100.0,NR,153.4,327.0,-53.0,D,2026-09-04 10:47:27.221868
2026-09-04,2026-06-01,2026-09-04,district,PUNJAB,PUNJAB,SAS NAGAR (MOHALI),7.4,5.5,35.0,E,223.8,527.9,-58.0,D,2026-09-04 10:47:27.221868
2026-09-04,2026-06-01,2026-09-04,district,PUNJAB,PUNJAB,SBS NAGAR,0.0,7.5,-100.0,NR,317.8,650.1,-51.0,D,2026-09-04 10:47:27.221868
2026-09-04,2026-06-01,2026-09-04,district,PUNJAB,PUNJAB,TARN TARAN,0.0,4.3,-100.0,NR,120.6,238.7,-49.0,D,2026-09-04 10:47:27.221868
2026-09-04,2026-06-01,2026-09-04,district,RAYALASEEMA,ANDHRA PRADESH,ANANTAPURAMU,0.0,4.3,-100.0,NR,156.9,222.8,-30.0,D,2026-09-04 10:47:27.221868
2026-09-04,2026-06-01,2026-09-04,district,RAYALASEEMA,ANDHRA PRADESH,ANNAMAYYA DISTRICT,0.0,2.6,-100.0,NR,83.9,272.2,-69.0,LD,2026-09-04 10:47:27.221868
2026-09-04,2026-06-01,2026-09-04,district,RAYALASEEMA,ANDHRA PRADESH,CHITTOOR,3.7,5.4,-32.0,D,136.9,312.9,-56.0,D,2026-09-04 10:47:27.221868
2026-09-04,2026-06-01,2026-09-04,district,RAYALASEEMA,ANDHRA PRADESH,KURNOOL,0.4,3.8,-90.0,LD,203.2,316.1,-36.0,D,2026-09-04 10:47:27.221868
2026-09-04,2026-06-01,2026-09-04,district,RAYALASEEMA,ANDHRA PRADESH,NANDYAL,0.0,3.6,-100.0,NR,203.8,372.5,-45.0,D,2026-09-04 10:47:27.221868
2026-09-04,2026-06-01,2026-09-04,district,RAYALASEEMA,ANDHRA PRADESH,SRI SATHYASAI DISTRICT,0.0,4.9,-100.0,NR,113.3,214.6,-47.0,D,2026-09-04 10:47:27.221868
2026-09-04,2026-06-01,2026-09-04,district,RAYALASEEMA,ANDHRA PRADESH,TIRUPATI,2.6,3.9,-34.0,D,187.7,328.7,-43.0,D,2026-09-04 10:47:27.221868
2026-09-04,2026-06-01,2026-09-04,district,RAYALASEEMA,ANDHRA PRADESH,YSR DISTRICT,0.0,3.2,-100.0,NR,148.5,288.9,-49.0,D,2026-09-04 10:47:27.221868
2026-09-04,2026-06-01,2026-09-04,district,S. I. KARNATAKA,KARNATAKA,BALLARI,0.2,5.6,-96.0,LD,134.0,246.2,-46.0,D,2026-09-04 10:47:27.221868
2026-09-04,2026-06-01,2026-09-04,district,S. I. KARNATAKA,KARNATAKA,BENGALURU RURAL,12.8,6.2,106.0,LE,242.1,288.4,-16.0,N,2026-09-04 10:47:27.221868
2026-09-04,2026-06-01,2026-09-04,district,S. I. KARNATAKA,KARNATAKA,BENGALURU URBAN,4.5,6.0,-25.0,D,133.1,297.4,-55.0,D,2026-09-04 10:47:27.221868
2026-09-04,2026-06-01,2026-09-04,district,S. I. KARNATAKA,KARNATAKA,CHAMARAJANAGAR,0.0,3.6,-100.0,NR,133.5,230.1,-42.0,D,2026-09-04 10:47:27.221868
2026-09-04,2026-06-01,2026-09-04,district,S. I. KARNATAKA,KARNATAKA,CHIKABALLAPURA,0.0,6.5,-100.0,NR,151.0,281.0,-46.0,D,2026-09-04 10:47:27.221868
2026-09-04,2026-06-01,2026-09-04,district,S. I. KARNATAKA,KARNATAKA,CHIKKAMAGALURU,1.6,7.3,-78.0,LD,1229.8,1341.9,-8.0,N,2026-09-04 10:47:27.221868
2026-09-04,2026-06-01,2026-09-04,district,S. I. KARNATAKA,KARNATAKA,CHITRADURGA,0.0,2.8,-100.0,NR,146.5,196.6,-25.0,D,2026-09-04 10:47:27.221868
2026-09-04,2026-06-01,2026-09-04,district,S. I. KARNATAKA,KARNATAKA,DAVANGERE,0.5,1.9,-74.0,LD,262.5,281.8,-7.0,N,2026-09-04 10:47:27.221868
2026-09-04,2026-06-01,2026-09-04,district,S. I. KARNATAKA,KARNATAKA,HASSAN,0.0,4.0,-100.0,NR,201.8,560.9,-64.0,LD,2026-09-04 10:47:27.221868
2026-09-04,2026-06-01,2026-09-04,district,S. I. KARNATAKA,KARNATAKA,KODAGU,2.9,11.7,-75.0,LD,1517.8,2050.6,-26.0,D,2026-09-04 10:47:27.221868
2026-09-04,2026-06-01,2026-09-04,district,S. I. KARNATAKA,KARNATAKA,KOLAR,0.0,5.9,-100.0,NR,129.3,267.9,-52.0,D,2026-09-04 10:47:27.221868
2026-09-04,2026-06-01,2026-09-04,district,S. I. KARNATAKA,KARNATAKA,MANDYA,3.6,4.6,-22.0,D,103.8,192.9,-46.0,D,2026-09-04 10:47:27.221868
2026-09-04,2026-06-01,2026-09-04,district,S. I. KARNATAKA,KARNATAKA,MYSURU,0.0,3.0,-100.0,NR,153.1,276.5,-45.0,D,2026-09-04 10:47:27.221868
2026-09-04,2026-06-01,2026-09-04,district,S. I. KARNATAKA,KARNATAKA,SHIVAMOGGA,0.8,8.0,-91.0,LD,1433.1,1487.1,-4.0,N,2026-09-04 10:47:27.221868
2026-09-04,2026-06-01,2026-09-04,district,S. I. KARNATAKA,KARNATAKA,TUMAKURU,0.5,5.2,-91.0,LD,128.1,241.9,-47.0,D,2026-09-04 10:47:27.221868
2026-09-04,2026-06-01,2026-09-04,district,S. I. KARNATAKA,KARNATAKA,VIJAYANAGARA,0.3,5.1,-93.0,LD,148.3,266.3,-44.0,D,2026-09-04 10:47:27.221868
2026-09-04,2026-06-01,2026-09-04,district,SAURASHTRA & KUTCH,DADRA & NAGAR HAVELI AND DAMAN & DIU (UT),DIU,2.4,5.0,-52.0,D,632.8,658.6,-4.0,N,2026-09-04 10:47:27.221868
2026-09-04,2026-06-01,2026-09-04,district,SAURASHTRA & KUTCH,GUJARAT,AMRELI,0.1,4.4,-98.0,LD,494.8,482.9,2.0,N,2026-09-04 10:47:27.221868
2026-09-04,2026-06-01,2026-09-04,district,SAURASHTRA & KUTCH,GUJARAT,BHAVNAGAR,0.0,3.8,-100.0,NR,477.3,479.3,0.0,N,2026-09-04 10:47:27.221868
2026-09-04,2026-06-01,2026-09-04,district,SAURASHTRA & KUTCH,GUJARAT,BOTAD,0.0,4.1,-100.0,NR,445.8,471.8,-6.0,N,2026-09-04 10:47:27.221868
2026-09-04,2026-06-01,2026-09-04,district,SAURASHTRA & KUTCH,GUJARAT,DEVBHOOMI DWARKA,0.0,6.2,-100.0,NR,57.8,487.4,-88.0,LD,2026-09-04 10:47:27.221868
2026-09-04,2026-06-01,2026-09-04,district,SAURASHTRA & KUTCH,GUJARAT,GIR SOMNATH,0.0,7.9,-100.0,NR,469.9,778.2,-40.0,D,2026-09-04 10:47:27.221868
2026-09-04,2026-06-01,2026-09-04,district,SAURASHTRA & KUTCH,GUJARAT,JAMNAGAR,0.0,3.9,-100.0,NR,216.0,550.2,-61.0,LD,2026-09-04 10:47:27.221868
2026-09-04,2026-06-01,2026-09-04,district,SAURASHTRA & KUTCH,GUJARAT,JUNAGADH,0.0,7.0,-100.0,NR,591.0,765.2,-23.0,D,2026-09-04 10:47:27.221868
2026-09-04,2026-06-01,2026-09-04,district,SAURASHTRA & KUTCH,GUJARAT,KUTCH,0.0,3.1,-100.0,NR,137.5,352.9,-61.0,LD,2026-09-04 10:47:27.221868
2026-09-04,2026-06-01,2026-09-04,district,SAURASHTRA & KUTCH,GUJARAT,MORBI,0.0,3.0,-100.0,NR,473.0,463.7,2.0,N,2026-09-04 10:47:27.221868
2026-09-04,2026-06-01,2026-09-04,district,SAURASHTRA & KUTCH,GUJARAT,PORBANDAR,0.0,6.5,-100.0,NR,161.3,602.2,-73.0,LD,2026-09-04 10:47:27.221868
2026-09-04,2026-06-01,2026-09-04,district,SAURASHTRA & KUTCH,GUJARAT,RAJKOT,0.0,4.7,-99.0,LD,355.6,539.5,-34.0,D,2026-09-04 10:47:27.221868
2026-09-04,2026-06-01,2026-09-04,district,SAURASHTRA & KUTCH,GUJARAT,SURENDRANAGAR,0.0,5.2,-100.0,NR,480.8,442.9,9.0,N,2026-09-04 10:47:27.221868
2026-09-04,2026-06-01,2026-09-04,district,SHWB & SIKKIM,SIKKIM,GANGTOK,16.1,12.9,25.0,E,1632.8,1819.4,-10.0,N,2026-09-04 10:47:27.221868
2026-09-04,2026-06-01,2026-09-04,district,SHWB & SIKKIM,SIKKIM,GYALSHING,8.7,14.5,-40.0,D,1876.1,1498.7,25.0,E,2026-09-04 10:47:27.221868
2026-09-04,2026-06-01,2026-09-04,district,SHWB & SIKKIM,SIKKIM,MANGAN,8.7,13.6,-36.0,D,1123.1,1280.7,-12.0,N,2026-09-04 10:47:27.221868
2026-09-04,2026-06-01,2026-09-04,district,SHWB & SIKKIM,SIKKIM,NAMCHI,6.6,10.6,-38.0,D,1547.0,1351.1,14.0,N,2026-09-04 10:47:27.221868
2026-09-04,2026-06-01,2026-09-04,district,SHWB & SIKKIM,SIKKIM,Pakyong,0.4,9.7,-96.0,LD,1308.0,1342.0,-3.0,N,2026-09-04 10:47:27.221868
2026-09-04,2026-06-01,2026-09-04,district,SHWB & SIKKIM,SIKKIM,Soreng,0.5,14.5,-97.0,LD,1828.5,1498.7,22.0,E,2026-09-04 10:47:27.221868
2026-09-04,2026-06-01,2026-09-04,district,SHWB & SIKKIM,WEST BENGAL,ALIPURDUAR,9.7,20.9,-53.0,D,2249.6,2561.3,-12.0,N,2026-09-04 10:47:27.221868
2026-09-04,2026-06-01,2026-09-04,district,SHWB & SIKKIM,WEST BENGAL,COOCH BEHAR,2.3,19.9,-88.0,LD,1742.5,1957.1,-11.0,N,2026-09-04 10:47:27.221868
2026-09-04,2026-06-01,2026-09-04,district,SHWB & SIKKIM,WEST BENGAL,DARJEELING,4.4,20.8,-79.0,LD,1791.0,2275.7,-21.0,D,2026-09-04 10:47:27.221868
2026-09-04,2026-06-01,2026-09-04,district,SHWB & SIKKIM,WEST BENGAL,JALPAIGURI,9.7,19.5,-50.0,D,1807.8,2437.2,-26.0,D,2026-09-04 10:47:27.221868
2026-09-04,2026-06-01,2026-09-04,district,SHWB & SIKKIM,WEST BENGAL,KALIMPONG,2.6,21.0,-88.0,LD,1593.8,2019.6,-21.0,D,2026-09-04 10:47:27.221868
2026-09-04,2026-06-01,2026-09-04,district,SHWB & SIKKIM,WEST BENGAL,MALDA,8.6,13.2,-35.0,D,706.1,923.2,-24.0,D,2026-09-04 10:47:27.221868
2026-09-04,2026-06-01,2026-09-04,district,SHWB & SIKKIM,WEST BENGAL,NORTH DINAJPUR,14.0,18.9,-26.0,D,849.1,1192.2,-29.0,D,2026-09-04 10:47:27.221868
2026-09-04,2026-06-01,2026-09-04,district,SHWB & SIKKIM,WEST BENGAL,SOUTH DINAJPUR,5.2,5.1,2.0,N,680.5,839.5,-19.0,N,2026-09-04 10:47:27.221868
2026-09-04,2026-06-01,2026-09-04,district,TAMIL. PUDU.& KARAIKAL,PUDUCHERRY (UT),KARAIKAL,0.0,0.6,-100.0,NR,232.6,199.9,16.0,N,2026-09-04 10:47:27.221868
2026-09-04,2026-06-01,2026-09-04,district,TAMIL. PUDU.& KARAIKAL,PUDUCHERRY (UT),PUDUCHERRY,14.6,3.2,356.0,LE,121.2,272.4,-55.0,D,2026-09-04 10:47:27.221868
2026-09-04,2026-06-01,2026-09-04,district,TAMIL. PUDU.& KARAIKAL,TAMILNADU,ARIYALUR,0.0,2.8,-100.0,NR,204.5,208.1,-2.0,N,2026-09-04 10:47:27.221868
2026-09-04,2026-06-01,2026-09-04,district,TAMIL. PUDU.& KARAIKAL,TAMILNADU,CHENGALPATTU,7.8,4.6,70.0,LE,145.0,288.4,-50.0,D,2026-09-04 10:47:27.221868
2026-09-04,2026-06-01,2026-09-04,district,TAMIL. PUDU.& KARAIKAL,TAMILNADU,CHENNAI,15.6,5.7,173.0,LE,318.9,321.6,-1.0,N,2026-09-04 10:47:27.221868
2026-09-04,2026-06-01,2026-09-04,district,TAMIL. PUDU.& KARAIKAL,TAMILNADU,COIMBATORE,0.1,3.7,-97.0,LD,628.0,581.7,8.0,N,2026-09-04 10:47:27.221868
2026-09-04,2026-06-01,2026-09-04,district,TAMIL. PUDU.& KARAIKAL,TAMILNADU,CUDDALORE,0.2,2.3,-89.0,LD,216.6,240.1,-10.0,N,2026-09-04 10:47:27.221868
2026-09-04,2026-06-01,2026-09-04,district,TAMIL. PUDU.& KARAIKAL,TAMILNADU,DHARMAPURI,0.6,5.0,-88.0,LD,152.9,240.9,-37.0,D,2026-09-04 10:47:27.221868
2026-09-04,2026-06-01,2026-09-04,district,TAMIL. PUDU.& KARAIKAL,TAMILNADU,DINDIGUL,0.0,3.8,-100.0,NR,102.1,181.1,-44.0,D,2026-09-04 10:47:27.221868
2026-09-04,2026-06-01,2026-09-04,district,TAMIL. PUDU.& KARAIKAL,TAMILNADU,ERODE,0.0,2.0,-100.0,NR,113.5,166.1,-32.0,D,2026-09-04 10:47:27.221868
2026-09-04,2026-06-01,2026-09-04,district,TAMIL. PUDU.& KARAIKAL,TAMILNADU,KALLAKURICHI,16.5,3.0,449.0,LE,176.4,263.2,-33.0,D,2026-09-04 10:47:27.221868
2026-09-04,2026-06-01,2026-09-04,district,TAMIL. PUDU.& KARAIKAL,TAMILNADU,KANCHEEPURAM,12.2,4.2,191.0,LE,242.7,333.8,-27.0,D,2026-09-04 10:47:27.221868
2026-09-04,2026-06-01,2026-09-04,district,TAMIL. PUDU.& KARAIKAL,TAMILNADU,KANYAKUMARI,0.1,2.4,-96.0,LD,399.8,383.4,4.0,N,2026-09-04 10:47:27.221868
2026-09-04,2026-06-01,2026-09-04,district,TAMIL. PUDU.& KARAIKAL,TAMILNADU,KARUR,0.0,2.3,-100.0,NR,37.6,112.0,-66.0,LD,2026-09-04 10:47:27.221868
2026-09-04,2026-06-01,2026-09-04,district,TAMIL. PUDU.& KARAIKAL,TAMILNADU,KRISHNAGIRI,1.8,4.2,-56.0,D,123.9,223.0,-44.0,D,2026-09-04 10:47:27.221868
2026-09-04,2026-06-01,2026-09-04,district,TAMIL. PUDU.& KARAIKAL,TAMILNADU,MADURAI,3.5,2.6,35.0,E,112.3,187.7,-40.0,D,2026-09-04 10:47:27.221868
2026-09-04,2026-06-01,2026-09-04,district,TAMIL. PUDU.& KARAIKAL,TAMILNADU,MAYILADUTHURAI,0.0,2.0,-100.0,NR,153.8,204.5,-25.0,D,2026-09-04 10:47:27.221868
2026-09-04,2026-06-01,2026-09-04,district,TAMIL. PUDU.& KARAIKAL,TAMILNADU,NAGAPATTINAM,0.0,2.1,-100.0,NR,68.6,165.6,-59.0,D,2026-09-04 10:47:27.221868
2026-09-04,2026-06-01,2026-09-04,district,TAMIL. PUDU.& KARAIKAL,TAMILNADU,NAMAKKAL,0.0,2.5,-98.0,LD,85.5,210.3,-59.0,D,2026-09-04 10:47:27.221868
2026-09-04,2026-06-01,2026-09-04,district,TAMIL. PUDU.& KARAIKAL,TAMILNADU,NILGIRIS,0.5,5.7,-91.0,LD,487.8,689.9,-29.0,D,2026-09-04 10:47:27.221868
2026-09-04,2026-06-01,2026-09-04,district,TAMIL. PUDU.& KARAIKAL,TAMILNADU,PERAMBALUR,0.0,1.9,-100.0,NR,157.7,168.3,-6.0,N,2026-09-04 10:47:27.221868
2026-09-04,2026-06-01,2026-09-04,district,TAMIL. PUDU.& KARAIKAL,TAMILNADU,PUDUKKOTTAI,1.5,1.8,-15.0,N,165.5,201.2,-18.0,N,2026-09-04 10:47:27.221868
2026-09-04,2026-06-01,2026-09-04,district,TAMIL. PUDU.& KARAIKAL,TAMILNADU,RAMANATHAPURAM,0.2,0.9,-81.0,LD,35.1,79.2,-56.0,D,2026-09-04 10:47:27.221868
2026-09-04,2026-06-01,2026-09-04,district,TAMIL. PUDU.& KARAIKAL,TAMILNADU,RANIPET,9.8,5.6,75.0,LE,257.1,320.8,-20.0,D,2026-09-04 10:47:27.221868
2026-09-04,2026-06-01,2026-09-04,district,TAMIL. PUDU.& KARAIKAL,TAMILNADU,SALEM,0.1,3.1,-97.0,LD,176.7,269.0,-34.0,D,2026-09-04 10:47:27.221868
2026-09-04,2026-06-01,2026-09-04,district,TAMIL. PUDU.& KARAIKAL,TAMILNADU,SIVAGANGA,4.6,2.1,121.0,LE,209.3,219.6,-5.0,N,2026-09-04 10:47:27.221868
2026-09-04,2026-06-01,2026-09-04,district,TAMIL. PUDU.& KARAIKAL,TAMILNADU,TENKASI,0.0,0.8,-100.0,NR,177.4,129.7,37.0,E,2026-09-04 10:47:27.221868
2026-09-04,2026-06-01,2026-09-04,district,TAMIL. PUDU.& KARAIKAL,TAMILNADU,THANJAVUR,0.0,2.1,-100.0,NR,132.3,201.4,-34.0,D,2026-09-04 10:47:27.221868
2026-09-04,2026-06-01,2026-09-04,district,TAMIL. PUDU.& KARAIKAL,TAMILNADU,THENI,0.0,3.1,-100.0,NR,165.5,153.1,8.0,N,2026-09-04 10:47:27.221868
2026-09-04,2026-06-01,2026-09-04,district,TAMIL. PUDU.& KARAIKAL,TAMILNADU,THIRUCHIRAPALLI,0.0,2.4,-100.0,NR,89.4,165.6,-46.0,D,2026-09-04 10:47:27.221868
2026-09-04,2026-06-01,2026-09-04,district,TAMIL. PUDU.& KARAIKAL,TAMILNADU,THIRUVALLUR,15.8,5.6,182.0,LE,264.9,332.7,-20.0,D,2026-09-04 10:47:27.221868
2026-09-04,2026-06-01,2026-09-04,district,TAMIL. PUDU.& KARAIKAL,TAMILNADU,THOOTHUKUDI,0.7,0.8,-15.0,N,9.1,35.2,-74.0,LD,2026-09-04 10:47:27.221868
2026-09-04,2026-06-01,2026-09-04,district,TAMIL. PUDU.& KARAIKAL,TAMILNADU,TIRUNELVELI,0.0,0.4,-100.0,NR,363.8,59.4,512.0,LE,2026-09-04 10:47:27.221868
2026-09-04,2026-06-01,2026-09-04,district,TAMIL. PUDU.& KARAIKAL,TAMILNADU,TIRUPATTUR,1.8,4.3,-59.0,D,96.0,286.5,-67.0,LD,2026-09-04 10:47:27.221868
2026-09-04,2026-06-01,2026-09-04,district,TAMIL. PUDU.& KARAIKAL,TAMILNADU,TIRUPPUR,0.0,2.3,-100.0,NR,36.5,85.1,-57.0,D,2026-09-04 10:47:27.221868
2026-09-04,2026-06-01,2026-09-04,district,TAMIL. PUDU.& KARAIKAL,TAMILNADU,TIRUVANNAMALAI,16.9,4.6,268.0,LE,174.4,303.9,-43.0,D,2026-09-04 10:47:27.221868
2026-09-04,2026-06-01,2026-09-04,district,TAMIL. PUDU.& KARAIKAL,TAMILNADU,TIRUVARUR,0.0,2.4,-100.0,NR,150.3,196.8,-24.0,D,2026-09-04 10:47:27.221868
2026-09-04,2026-06-01,2026-09-04,district,TAMIL. PUDU.& KARAIKAL,TAMILNADU,VELLORE,6.4,4.8,33.0,E,149.7,297.4,-50.0,D,2026-09-04 10:47:27.221868
2026-09-04,2026-06-01,2026-09-04,district,TAMIL. PUDU.& KARAIKAL,TAMILNADU,VILLUPURAM,20.3,2.7,651.0,LE,201.1,277.5,-28.0,D,2026-09-04 10:47:27.221868
2026-09-04,2026-06-01,2026-09-04,district,TAMIL. PUDU.& KARAIKAL,TAMILNADU,VIRUDHUNAGAR,0.1,2.0,-94.0,LD,81.9,114.9,-29.0,D,2026-09-04 10:47:27.221868
2026-09-04,2026-06-01,2026-09-04,district,TELANGANA,TELANGANA,ADILABAD,0.9,6.1,-85.0,LD,604.6,810.8,-25.0,D,2026-09-04 10:47:27.221868
2026-09-04,2026-06-01,2026-09-04,district,TELANGANA,TELANGANA,B. KOTHAGUDEM,0.4,8.2,-95.0,LD,519.8,797.0,-35.0,D,2026-09-04 10:47:27.221868
2026-09-04,2026-06-01,2026-09-04,district,TELANGANA,TELANGANA,HANUMAKONDA,0.9,4.4,-79.0,LD,340.1,558.8,-39.0,D,2026-09-04 10:47:27.221868
2026-09-04,2026-06-01,2026-09-04,district,TELANGANA,TELANGANA,HYDERABAD,0.0,3.4,-99.0,LD,322.5,483.6,-33.0,D,2026-09-04 10:47:27.221868
2026-09-04,2026-06-01,2026-09-04,district,TELANGANA,TELANGANA,J. BHUPALPALLY,9.6,6.5,48.0,E,718.7,831.9,-14.0,N,2026-09-04 10:47:27.221868
2026-09-04,2026-06-01,2026-09-04,district,TELANGANA,TELANGANA,JAGTIAL,0.9,5.8,-85.0,LD,696.1,668.9,4.0,N,2026-09-04 10:47:27.221868
2026-09-04,2026-06-01,2026-09-04,district,TELANGANA,TELANGANA,JANGAON,0.0,5.8,-99.0,LD,291.5,546.7,-47.0,D,2026-09-04 10:47:27.221868
2026-09-04,2026-06-01,2026-09-04,district,TELANGANA,TELANGANA,JOGULAMBA GADWAL,0.5,4.2,-87.0,LD,192.9,340.5,-43.0,D,2026-09-04 10:47:27.221868
2026-09-04,2026-06-01,2026-09-04,district,TELANGANA,TELANGANA,KAMAREDDY,0.0,4.8,-99.0,LD,740.4,641.7,15.0,N,2026-09-04 10:47:27.221868
2026-09-04,2026-06-01,2026-09-04,district,TELANGANA,TELANGANA,KARIMNAGAR,1.4,4.0,-64.0,LD,489.6,566.0,-14.0,N,2026-09-04 10:47:27.221868
2026-09-04,2026-06-01,2026-09-04,district,TELANGANA,TELANGANA,KHAMMAM,0.8,5.6,-86.0,LD,457.6,636.0,-28.0,D,2026-09-04 10:47:27.221868
2026-09-04,2026-06-01,2026-09-04,district,TELANGANA,TELANGANA,KUMARAM BHEEM,3.4,7.3,-54.0,D,917.4,836.8,10.0,N,2026-09-04 10:47:27.221868
2026-09-04,2026-06-01,2026-09-04,district,TELANGANA,TELANGANA,M. MALKAJGIRI,0.0,3.4,-99.0,LD,226.8,410.3,-45.0,D,2026-09-04 10:47:27.221868
2026-09-04,2026-06-01,2026-09-04,district,TELANGANA,TELANGANA,MAHABUBABAD,4.0,10.4,-61.0,LD,542.6,719.7,-25.0,D,2026-09-04 10:47:27.221868
2026-09-04,2026-06-01,2026-09-04,district,TELANGANA,TELANGANA,MAHABUBNAGAR,0.7,2.0,-64.0,LD,342.1,394.3,-13.0,N,2026-09-04 10:47:27.221868
2026-09-04,2026-06-01,2026-09-04,district,TELANGANA,TELANGANA,MANCHERIAL,6.2,6.0,3.0,N,807.2,799.2,1.0,N,2026-09-04 10:47:27.221868
2026-09-04,2026-06-01,2026-09-04,district,TELANGANA,TELANGANA,MEDAK,0.1,3.9,-99.0,LD,582.8,640.3,-9.0,N,2026-09-04 10:47:27.221868
2026-09-04,2026-06-01,2026-09-04,district,TELANGANA,TELANGANA,MULUGU,3.9,7.1,-46.0,D,799.5,829.8,-4.0,N,2026-09-04 10:47:27.221868
2026-09-04,2026-06-01,2026-09-04,district,TELANGANA,TELANGANA,NAGARKURNOOL,0.7,2.6,-72.0,LD,247.8,364.0,-32.0,D,2026-09-04 10:47:27.221868
2026-09-04,2026-06-01,2026-09-04,district,TELANGANA,TELANGANA,NALGONDA,1.5,3.2,-53.0,D,171.5,384.5,-55.0,D,2026-09-04 10:47:27.221868
2026-09-04,2026-06-01,2026-09-04,district,TELANGANA,TELANGANA,NARAYANPET,2.5,3.0,-17.0,N,336.1,355.6,-5.0,N,2026-09-04 10:47:27.221868
2026-09-04,2026-06-01,2026-09-04,district,TELANGANA,TELANGANA,NIRMAL,0.3,5.6,-95.0,LD,388.8,747.9,-48.0,D,2026-09-04 10:47:27.221868
2026-09-04,2026-06-01,2026-09-04,district,TELANGANA,TELANGANA,NIZAMABAD,0.1,4.8,-98.0,LD,609.4,694.7,-12.0,N,2026-09-04 10:47:27.221868
2026-09-04,2026-06-01,2026-09-04,district,TELANGANA,TELANGANA,PEDDAPALLE,3.5,6.9,-49.0,D,607.7,726.0,-16.0,N,2026-09-04 10:47:27.221868
2026-09-04,2026-06-01,2026-09-04,district,TELANGANA,TELANGANA,RAJANNA SIRCILLA,0.5,4.0,-87.0,LD,546.5,565.6,-3.0,N,2026-09-04 10:47:27.221868
2026-09-04,2026-06-01,2026-09-04,district,TELANGANA,TELANGANA,RANGAREDDY,0.1,3.9,-97.0,LD,334.2,418.5,-20.0,D,2026-09-04 10:47:27.221868
2026-09-04,2026-06-01,2026-09-04,district,TELANGANA,TELANGANA,SANGAREDDY,0.1,4.2,-97.0,LD,380.8,564.1,-32.0,D,2026-09-04 10:47:27.221868
2026-09-04,2026-06-01,2026-09-04,district,TELANGANA,TELANGANA,SIDDIPET,0.0,3.7,-100.0,NR,438.3,497.9,-12.0,N,2026-09-04 10:47:27.221868
2026-09-04,2026-06-01,2026-09-04,district,TELANGANA,TELANGANA,SURYAPET,0.3,6.3,-95.0,LD,317.9,484.5,-34.0,D,2026-09-04 10:47:27.221868
2026-09-04,2026-06-01,2026-09-04,district,TELANGANA,TELANGANA,VIKARABAD,0.1,4.2,-97.0,LD,414.4,520.7,-20.0,D,2026-09-04 10:47:27.221868
2026-09-04,2026-06-01,2026-09-04,district,TELANGANA,TELANGANA,WANAPARTHY,2.8,3.4,-17.0,N,266.9,419.2,-36.0,D,2026-09-04 10:47:27.221868
2026-09-04,2026-06-01,2026-09-04,district,TELANGANA,TELANGANA,WARANGAL,0.8,6.4,-87.0,LD,402.9,762.6,-47.0,D,2026-09-04 10:47:27.221868
2026-09-04,2026-06-01,2026-09-04,district,TELANGANA,TELANGANA,Y. BHUVANAGIRI,0.1,4.5,-98.0,LD,215.2,410.6,-48.0,D,2026-09-04 10:47:27.221868
2026-09-04,2026-06-01,2026-09-04,district,UTTARAKHAND,UTTARAKHAND,ALMORA,4.8,4.6,4.0,N,794.6,683.8,16.0,N,2026-09-04 10:47:27.221868
2026-09-04,2026-06-01,2026-09-04,district,UTTARAKHAND,UTTARAKHAND,BAGESHWAR,17.8,4.6,287.0,LE,1813.2,683.8,165.0,LE,2026-09-04 10:47:27.221868
2026-09-04,2026-06-01,2026-09-04,district,UTTARAKHAND,UTTARAKHAND,CHAMOLI,20.7,4.6,350.0,LE,1032.7,638.3,62.0,LE,2026-09-04 10:47:27.221868
2026-09-04,2026-06-01,2026-09-04,district,UTTARAKHAND,UTTARAKHAND,CHAMPAWAT,3.9,11.5,-66.0,LD,791.4,1125.2,-30.0,D,2026-09-04 10:47:27.221868
2026-09-04,2026-06-01,2026-09-04,district,UTTARAKHAND,UTTARAKHAND,DEHRADUN,8.1,9.1,-11.0,N,1275.3,1270.9,0.0,N,2026-09-04 10:47:27.221868
2026-09-04,2026-06-01,2026-09-04,district,UTTARAKHAND,UTTARAKHAND,GARHWAL PAURI,4.0,12.5,-68.0,LD,606.9,1114.0,-46.0,D,2026-09-04 10:47:27.221868
2026-09-04,2026-06-01,2026-09-04,district,UTTARAKHAND,UTTARAKHAND,GARHWAL TEHRI,17.3,9.1,90.0,LE,1093.3,829.0,32.0,E,2026-09-04 10:47:27.221868
2026-09-04,2026-06-01,2026-09-04,district,UTTARAKHAND,UTTARAKHAND,HARDWAR,18.6,8.8,112.0,LE,1032.8,866.0,19.0,N,2026-09-04 10:47:27.221868
2026-09-04,2026-06-01,2026-09-04,district,UTTARAKHAND,UTTARAKHAND,NAINITAL,20.5,11.6,77.0,LE,1049.4,1331.2,-21.0,D,2026-09-04 10:47:27.221868
2026-09-04,2026-06-01,2026-09-04,district,UTTARAKHAND,UTTARAKHAND,PITHORAGARH,17.6,10.6,66.0,LE,1327.3,1313.6,1.0,N,2026-09-04 10:47:27.221868
2026-09-04,2026-06-01,2026-09-04,district,UTTARAKHAND,UTTARAKHAND,RUDRAPRAYAG,8.8,11.7,-25.0,D,1258.5,1388.9,-9.0,N,2026-09-04 10:47:27.221868
2026-09-04,2026-06-01,2026-09-04,district,UTTARAKHAND,UTTARAKHAND,UDHAM SINGH NAGAR,0.5,8.3,-94.0,LD,978.9,971.4,1.0,N,2026-09-04 10:47:27.221868
2026-09-04,2026-06-01,2026-09-04,district,UTTARAKHAND,UTTARAKHAND,UTTARKASHI,0.0,9.4,-100.0,NR,904.0,1022.0,-12.0,N,2026-09-04 10:47:27.221868
2026-09-04,2026-06-01,2026-09-04,district,VIDARBHA,MAHARASHTRA,AKOLA,0.3,3.9,-93.0,LD,359.1,602.5,-40.0,D,2026-09-04 10:47:27.221868
2026-09-04,2026-06-01,2026-09-04,district,VIDARBHA,MAHARASHTRA,AMRAOTI,0.5,5.5,-91.0,LD,406.3,709.3,-43.0,D,2026-09-04 10:47:27.221868
2026-09-04,2026-06-01,2026-09-04,district,VIDARBHA,MAHARASHTRA,BHANDARA,4.3,7.7,-44.0,D,797.7,944.9,-16.0,N,2026-09-04 10:47:27.221868
2026-09-04,2026-06-01,2026-09-04,district,VIDARBHA,MAHARASHTRA,BULDHANA,0.0,4.4,-99.0,LD,458.4,550.2,-17.0,N,2026-09-04 10:47:27.221868
2026-09-04,2026-06-01,2026-09-04,district,VIDARBHA,MAHARASHTRA,CHANDRAPUR,4.2,7.6,-44.0,D,610.7,938.5,-35.0,D,2026-09-04 10:47:27.221868
2026-09-04,2026-06-01,2026-09-04,district,VIDARBHA,MAHARASHTRA,GADCHIROLI,7.8,11.0,-29.0,D,874.6,1129.5,-23.0,D,2026-09-04 10:47:27.221868
2026-09-04,2026-06-01,2026-09-04,district,VIDARBHA,MAHARASHTRA,GONDIA,0.3,7.4,-96.0,LD,1032.7,1063.2,-3.0,N,2026-09-04 10:47:27.221868
2026-09-04,2026-06-01,2026-09-04,district,VIDARBHA,MAHARASHTRA,NAGPUR,2.4,5.4,-56.0,D,511.3,805.2,-36.0,D,2026-09-04 10:47:27.221868
2026-09-04,2026-06-01,2026-09-04,district,VIDARBHA,MAHARASHTRA,WARDHA,2.5,6.2,-60.0,LD,495.8,720.7,-31.0,D,2026-09-04 10:47:27.221868
2026-09-04,2026-06-01,2026-09-04,district,VIDARBHA,MAHARASHTRA,WASHIM,0.0,4.3,-99.0,LD,437.0,663.9,-34.0,D,2026-09-04 10:47:27.221868
2026-09-04,2026-06-01,2026-09-04,district,VIDARBHA,MAHARASHTRA,YEOTMAL,0.3,4.8,-95.0,LD,541.5,705.5,-23.0,D,2026-09-04 10:47:27.221868
2026-09-04,2026-06-01,2026-09-04,district,WEST MADHYA PRADESH,MADHYA PRADESH,AGAR-MALWA,21.6,8.7,148.0,LE,742.6,785.4,-5.0,N,2026-09-04 10:47:27.221868
2026-09-04,2026-06-01,2026-09-04,district,WEST MADHYA PRADESH,MADHYA PRADESH,ALIRAJPUR,6.6,6.7,-1.0,N,382.1,731.4,-48.0,D,2026-09-04 10:47:27.221868
2026-09-04,2026-06-01,2026-09-04,district,WEST MADHYA PRADESH,MADHYA PRADESH,ASHOKNAGAR,42.5,9.3,357.0,LE,638.0,739.5,-14.0,N,2026-09-04 10:47:27.221868
2026-09-04,2026-06-01,2026-09-04,district,WEST MADHYA PRADESH,MADHYA PRADESH,BARWANI,2.0,6.0,-67.0,LD,475.5,559.5,-15.0,N,2026-09-04 10:47:27.221868
2026-09-04,2026-06-01,2026-09-04,district,WEST MADHYA PRADESH,MADHYA PRADESH,BETUL,4.3,6.1,-30.0,D,603.2,884.8,-32.0,D,2026-09-04 10:47:27.221868
2026-09-04,2026-06-01,2026-09-04,district,WEST MADHYA PRADESH,MADHYA PRADESH,BHIND,37.2,6.5,473.0,LE,703.6,516.7,36.0,E,2026-09-04 10:47:27.221868
2026-09-04,2026-06-01,2026-09-04,district,WEST MADHYA PRADESH,MADHYA PRADESH,BHOPAL,13.9,6.6,111.0,LE,903.6,835.9,8.0,N,2026-09-04 10:47:27.221868
2026-09-04,2026-06-01,2026-09-04,district,WEST MADHYA PRADESH,MADHYA PRADESH,BURHANPUR,0.3,3.1,-92.0,LD,703.8,626.3,12.0,N,2026-09-04 10:47:27.221868
2026-09-04,2026-06-01,2026-09-04,district,WEST MADHYA PRADESH,MADHYA PRADESH,DATIA,52.1,9.8,431.0,LE,685.9,637.8,8.0,N,2026-09-04 10:47:27.221868
2026-09-04,2026-06-01,2026-09-04,district,WEST MADHYA PRADESH,MADHYA PRADESH,DEWAS,9.8,7.5,30.0,E,694.1,784.2,-11.0,N,2026-09-04 10:47:27.221868
2026-09-04,2026-06-01,2026-09-04,district,WEST MADHYA PRADESH,MADHYA PRADESH,DHAR,5.9,7.4,-21.0,D,407.5,679.8,-40.0,D,2026-09-04 10:47:27.221868
2026-09-04,2026-06-01,2026-09-04,district,WEST MADHYA PRADESH,MADHYA PRADESH,GUNA,43.2,10.7,304.0,LE,859.8,829.3,4.0,N,2026-09-04 10:47:27.221868
2026-09-04,2026-06-01,2026-09-04,district,WEST MADHYA PRADESH,MADHYA PRADESH,GWALIOR,48.2,9.8,392.0,LE,658.2,609.8,8.0,N,2026-09-04 10:47:27.221868
2026-09-04,2026-06-01,2026-09-04,district,WEST MADHYA PRADESH,MADHYA PRADESH,HARDA,10.6,4.7,125.0,LE,628.7,949.8,-34.0,D,2026-09-04 10:47:27.221868
2026-09-04,2026-06-01,2026-09-04,district,WEST MADHYA PRADESH,MADHYA PRADESH,INDORE,10.2,6.8,50.0,E,536.5,738.0,-27.0,D,2026-09-04 10:47:27.221868
2026-09-04,2026-06-01,2026-09-04,district,WEST MADHYA PRADESH,MADHYA PRADESH,JHABUA,5.0,4.3,16.0,N,487.5,752.9,-35.0,D,2026-09-04 10:47:27.221868
2026-09-04,2026-06-01,2026-09-04,district,WEST MADHYA PRADESH,MADHYA PRADESH,KHANDWA,2.6,3.1,-16.0,N,607.4,661.8,-8.0,N,2026-09-04 10:47:27.221868
2026-09-04,2026-06-01,2026-09-04,district,WEST MADHYA PRADESH,MADHYA PRADESH,KHARGONE,4.8,4.4,9.0,N,643.1,610.5,5.0,N,2026-09-04 10:47:27.221868
2026-09-04,2026-06-01,2026-09-04,district,WEST MADHYA PRADESH,MADHYA PRADESH,MANDSAUR,11.9,5.7,108.0,LE,599.9,728.5,-18.0,N,2026-09-04 10:47:27.221868
2026-09-04,2026-06-01,2026-09-04,district,WEST MADHYA PRADESH,MADHYA PRADESH,MORENA,30.2,6.0,404.0,LE,417.0,557.6,-25.0,D,2026-09-04 10:47:27.221868
2026-09-04,2026-06-01,2026-09-04,district,WEST MADHYA PRADESH,MADHYA PRADESH,NARMADAPURAM,22.2,10.3,115.0,LE,709.9,1100.7,-36.0,D,2026-09-04 10:47:27.221868
2026-09-04,2026-06-01,2026-09-04,district,WEST MADHYA PRADESH,MADHYA PRADESH,NEEMUCH,7.9,4.4,78.0,LE,581.1,693.4,-16.0,N,2026-09-04 10:47:27.221868
2026-09-04,2026-06-01,2026-09-04,district,WEST MADHYA PRADESH,MADHYA PRADESH,RAISEN,18.2,6.0,204.0,LE,749.7,936.7,-20.0,D,2026-09-04 10:47:27.221868
2026-09-04,2026-06-01,2026-09-04,district,WEST MADHYA PRADESH,MADHYA PRADESH,RAJGARH,31.5,5.9,433.0,LE,877.7,794.5,10.0,N,2026-09-04 10:47:27.221868
2026-09-04,2026-06-01,2026-09-04,district,WEST MADHYA PRADESH,MADHYA PRADESH,RATLAM,5.6,5.9,-5.0,N,502.2,801.2,-37.0,D,2026-09-04 10:47:27.221868
2026-09-04,2026-06-01,2026-09-04,district,WEST MADHYA PRADESH,MADHYA PRADESH,SEHORE,18.1,7.8,132.0,LE,790.0,933.5,-15.0,N,2026-09-04 10:47:27.221868
2026-09-04,2026-06-01,2026-09-04,district,WEST MADHYA PRADESH,MADHYA PRADESH,SHAJAPUR,23.6,6.6,257.0,LE,593.9,798.8,-26.0,D,2026-09-04 10:47:27.221868
2026-09-04,2026-06-01,2026-09-04,district,WEST MADHYA PRADESH,MADHYA PRADESH,SHEOPUR,45.6,5.3,760.0,LE,599.6,595.5,1.0,N,2026-09-04 10:47:27.221868
2026-09-04,2026-06-01,2026-09-04,district,WEST MADHYA PRADESH,MADHYA PRADESH,SHIVPURI,62.9,7.4,750.0,LE,769.5,685.2,12.0,N,2026-09-04 10:47:27.221868
2026-09-04,2026-06-01,2026-09-04,district,WEST MADHYA PRADESH,MADHYA PRADESH,UJJAIN,13.8,7.6,81.0,LE,555.5,776.2,-28.0,D,2026-09-04 10:47:27.221868
2026-09-04,2026-06-01,2026-09-04,district,WEST MADHYA PRADESH,MADHYA PRADESH,VIDISHA,21.0,7.3,187.0,LE,698.3,906.3,-23.0,D,2026-09-04 10:47:27.221868
2026-09-04,2026-06-01,2026-09-04,district,WEST RAJASTHAN,RAJASTHAN,BARMER,0.0,4.6,-100.0,NR,188.0,243.9,-23.0,D,2026-09-04 10:47:27.221868
2026-09-04,2026-06-01,2026-09-04,district,WEST RAJASTHAN,RAJASTHAN,BIKANER,0.0,2.4,-100.0,NR,203.5,222.6,-9.0,N,2026-09-04 10:47:27.221868
2026-09-04,2026-06-01,2026-09-04,district,WEST RAJASTHAN,RAJASTHAN,CHURU,0.0,3.4,-100.0,NR,264.7,296.8,-11.0,N,2026-09-04 10:47:27.221868
2026-09-04,2026-06-01,2026-09-04,district,WEST RAJASTHAN,RAJASTHAN,HANUMANGARH,0.0,2.8,-100.0,NR,142.8,221.9,-36.0,D,2026-09-04 10:47:27.221868
2026-09-04,2026-06-01,2026-09-04,district,WEST RAJASTHAN,RAJASTHAN,JALORE,0.0,3.4,-100.0,NR,143.1,369.8,-61.0,LD,2026-09-04 10:47:27.221868
2026-09-04,2026-06-01,2026-09-04,district,WEST RAJASTHAN,RAJASTHAN,JODHPUR,0.0,4.7,-100.0,NR,189.2,259.4,-27.0,D,2026-09-04 10:47:27.221868
2026-09-04,2026-06-01,2026-09-04,district,WEST RAJASTHAN,RAJASTHAN,NAGAUR,0.0,4.1,-100.0,NR,283.0,336.3,-16.0,N,2026-09-04 10:47:27.221868
2026-09-04,2026-06-01,2026-09-04,district,WEST RAJASTHAN,RAJASTHAN,PALI,0.0,4.2,-100.0,NR,208.0,440.5,-53.0,D,2026-09-04 10:47:27.221868
2026-09-04,2026-06-01,2026-09-04,district,WEST RAJASTHAN,RAJASTHAN,SRI GANGANAGAR,0.0,2.5,-100.0,NR,168.7,178.5,-6.0,N,2026-09-04 10:47:27.221868
2026-09-04,2026-06-01,2026-09-04,district,WEST UTTAR PRADESH,UTTAR PRADESH,AGRA,10.7,4.8,123.0,LE,438.7,454.2,-3.0,N,2026-09-04 10:47:27.221868
2026-09-04,2026-06-01,2026-09-04,district,WEST UTTAR PRADESH,UTTAR PRADESH,ALIGARH,6.2,6.1,1.0,N,288.7,505.7,-43.0,D,2026-09-04 10:47:27.221868
2026-09-04,2026-06-01,2026-09-04,district,WEST UTTAR PRADESH,UTTAR PRADESH,AMROHA,1.7,5.5,-70.0,LD,457.6,707.7,-35.0,D,2026-09-04 10:47:27.221868
2026-09-04,2026-06-01,2026-09-04,district,WEST UTTAR PRADESH,UTTAR PRADESH,AURAIYA,7.2,4.1,76.0,LE,503.9,430.8,17.0,N,2026-09-04 10:47:27.221868
2026-09-04,2026-06-01,2026-09-04,district,WEST UTTAR PRADESH,UTTAR PRADESH,BADAUN,1.5,4.9,-69.0,LD,573.8,568.9,1.0,N,2026-09-04 10:47:27.221868
2026-09-04,2026-06-01,2026-09-04,district,WEST UTTAR PRADESH,UTTAR PRADESH,BAGHPAT,4.7,3.7,26.0,E,448.0,427.8,5.0,N,2026-09-04 10:47:27.221868
2026-09-04,2026-06-01,2026-09-04,district,WEST UTTAR PRADESH,UTTAR PRADESH,BAREILLY,1.6,5.5,-71.0,LD,641.3,669.6,-4.0,N,2026-09-04 10:47:27.221868
2026-09-04,2026-06-01,2026-09-04,district,WEST UTTAR PRADESH,UTTAR PRADESH,BIJNOR,10.0,5.3,89.0,LE,939.6,770.6,22.0,E,2026-09-04 10:47:27.221868
2026-09-04,2026-06-01,2026-09-04,district,WEST UTTAR PRADESH,UTTAR PRADESH,BULANDSHAHAR,1.4,5.2,-73.0,LD,422.3,455.2,-7.0,N,2026-09-04 10:47:27.221868
2026-09-04,2026-06-01,2026-09-04,district,WEST UTTAR PRADESH,UTTAR PRADESH,ETAH,7.0,3.6,94.0,LE,580.2,424.8,37.0,E,2026-09-04 10:47:27.221868
2026-09-04,2026-06-01,2026-09-04,district,WEST UTTAR PRADESH,UTTAR PRADESH,ETAWAH,15.4,3.7,317.0,LE,575.9,473.9,22.0,E,2026-09-04 10:47:27.221868
2026-09-04,2026-06-01,2026-09-04,district,WEST UTTAR PRADESH,UTTAR PRADESH,FIROZABAD,10.8,3.1,247.0,LE,622.5,485.6,28.0,E,2026-09-04 10:47:27.221868
2026-09-04,2026-06-01,2026-09-04,district,WEST UTTAR PRADESH,UTTAR PRADESH,GAUTAM BUDDHA NAGAR,10.2,9.0,13.0,N,590.0,391.7,51.0,E,2026-09-04 10:47:27.221868
2026-09-04,2026-06-01,2026-09-04,district,WEST UTTAR PRADESH,UTTAR PRADESH,GHAZIABAD,0.0,8.9,-100.0,NR,154.8,394.5,-61.0,LD,2026-09-04 10:47:27.221868
2026-09-04,2026-06-01,2026-09-04,district,WEST UTTAR PRADESH,UTTAR PRADESH,HAMIRPUR,18.9,6.4,195.0,LE,995.1,596.2,67.0,LE,2026-09-04 10:47:27.221868
2026-09-04,2026-06-01,2026-09-04,district,WEST UTTAR PRADESH,UTTAR PRADESH,HAPUR,0.0,9.9,-100.0,NR,291.5,581.3,-50.0,D,2026-09-04 10:47:27.221868
2026-09-04,2026-06-01,2026-09-04,district,WEST UTTAR PRADESH,UTTAR PRADESH,HATHRAS,9.2,7.7,19.0,N,417.6,476.7,-12.0,N,2026-09-04 10:47:27.221868
2026-09-04,2026-06-01,2026-09-04,district,WEST UTTAR PRADESH,UTTAR PRADESH,JALAUN,33.7,7.5,349.0,LE,661.5,534.4,24.0,E,2026-09-04 10:47:27.221868
2026-09-04,2026-06-01,2026-09-04,district,WEST UTTAR PRADESH,UTTAR PRADESH,JHANSI,26.8,6.7,299.0,LE,530.3,607.6,-13.0,N,2026-09-04 10:47:27.221868
2026-09-04,2026-06-01,2026-09-04,district,WEST UTTAR PRADESH,UTTAR PRADESH,KASGANJ,4.0,4.3,-7.0,N,505.0,567.1,-11.0,N,2026-09-04 10:47:27.221868
2026-09-04,2026-06-01,2026-09-04,district,WEST UTTAR PRADESH,UTTAR PRADESH,LALITPUR,49.8,10.8,361.0,LE,862.1,699.1,23.0,E,2026-09-04 10:47:27.221868
2026-09-04,2026-06-01,2026-09-04,district,WEST UTTAR PRADESH,UTTAR PRADESH,MAHOBA,26.4,6.6,300.0,LE,917.1,516.8,77.0,LE,2026-09-04 10:47:27.221868
2026-09-04,2026-06-01,2026-09-04,district,WEST UTTAR PRADESH,UTTAR PRADESH,MAINPURI,7.0,5.5,27.0,E,308.0,544.0,-43.0,D,2026-09-04 10:47:27.221868
2026-09-04,2026-06-01,2026-09-04,district,WEST UTTAR PRADESH,UTTAR PRADESH,MATHURA,1.3,2.7,-54.0,D,240.6,425.5,-43.0,D,2026-09-04 10:47:27.221868
2026-09-04,2026-06-01,2026-09-04,district,WEST UTTAR PRADESH,UTTAR PRADESH,MEERUT,0.1,6.3,-98.0,LD,895.6,556.1,61.0,LE,2026-09-04 10:47:27.221868
2026-09-04,2026-06-01,2026-09-04,district,WEST UTTAR PRADESH,UTTAR PRADESH,MORADABAD,0.5,6.1,-92.0,LD,783.5,743.7,5.0,N,2026-09-04 10:47:27.221868
2026-09-04,2026-06-01,2026-09-04,district,WEST UTTAR PRADESH,UTTAR PRADESH,MUZAFFARNAGAR,2.3,7.6,-69.0,LD,933.1,559.2,67.0,LE,2026-09-04 10:47:27.221868
2026-09-04,2026-06-01,2026-09-04,district,WEST UTTAR PRADESH,UTTAR PRADESH,PILIBHIT,1.1,5.7,-82.0,LD,315.2,700.5,-55.0,D,2026-09-04 10:47:27.221868
2026-09-04,2026-06-01,2026-09-04,district,WEST UTTAR PRADESH,UTTAR PRADESH,RAMPUR,0.4,4.2,-90.0,LD,550.3,611.4,-10.0,N,2026-09-04 10:47:27.221868
2026-09-04,2026-06-01,2026-09-04,district,WEST UTTAR PRADESH,UTTAR PRADESH,SAHARANPUR,0.0,5.9,-100.0,NR,499.5,652.0,-23.0,D,2026-09-04 10:47:27.221868
2026-09-04,2026-06-01,2026-09-04,district,WEST UTTAR PRADESH,UTTAR PRADESH,SAMBHAL,0.0,6.4,-100.0,NR,1042.7,559.6,86.0,LE,2026-09-04 10:47:27.221868
2026-09-04,2026-06-01,2026-09-04,district,WEST UTTAR PRADESH,UTTAR PRADESH,SHAHJAHANPUR,1.1,6.7,-83.0,LD,601.0,633.8,-5.0,N,2026-09-04 10:47:27.221868
2026-09-04,2026-06-01,2026-09-04,district,WEST UTTAR PRADESH,UTTAR PRADESH,SHAMLI,1.5,7.0,-79.0,LD,163.8,464.6,-65.0,LD,2026-09-04 10:47:27.221868
2026-09-04,2026-06-01,2026-09-04,state,ASSAM & MEGHALAYA,ASSAM,,10.0,10.7,-6.0,N,950.8,1236.5,-23.0,D,2026-09-04 10:47:27.221868
2026-09-04,2026-06-01,2026-09-04,state,ASSAM & MEGHALAYA,MEGHALAYA,,10.0,19.1,-48.0,D,959.7,2279.2,-58.0,D,2026-09-04 10:47:27.221868
2026-09-04,2026-06-01,2026-09-04,state,BIHAR,UTTAR PRADESH,,6.7,5.7,18.0,N,613.5,619.7,-1.0,N,2026-09-04 10:47:27.221868
2026-09-04,2026-06-01,2026-09-04,state,CHHATTISGARH,ANDHRA PRADESH,,1.6,4.9,-68.0,LD,218.1,388.1,-44.0,D,2026-09-04 10:47:27.221868
2026-09-04,2026-06-01,2026-09-04,state,COASTAL A. P. & YANAM,ANDHRA PRADESH,,1.6,4.9,-68.0,LD,218.1,388.1,-44.0,D,2026-09-04 10:47:27.221868
2026-09-04,2026-06-01,2026-09-04,state,COASTAL A. P. & YANAM,PUDUCHERRY (UT),,8.7,2.7,221.0,LE,197.0,301.5,-35.0,D,2026-09-04 10:47:27.221868
2026-09-04,2026-06-01,2026-09-04,state,EAST MADHYA PRADESH,GUJARAT,,0.1,5.1,-97.0,LD,516.9,615.1,-16.0,N,2026-09-04 10:47:27.221868
2026-09-04,2026-06-01,2026-09-04,state,GUJARAT REGION,DADRA & NAGAR HAVELI AND DAMAN & DIU (UT),,1.3,21.3,-94.0,LD,2751.9,1952.2,41.0,E,2026-09-04 10:47:27.221868
2026-09-04,2026-06-01,2026-09-04,state,GUJARAT REGION,GUJARAT,,0.1,5.1,-97.0,LD,516.9,615.1,-16.0,N,2026-09-04 10:47:27.221868
2026-09-04,2026-06-01,2026-09-04,state,HAR. CHD & DELHI,CHANDIGARH (UT),,40.6,8.4,383.0,LE,638.6,733.0,-13.0,N,2026-09-04 10:47:27.221868
2026-09-04,2026-06-01,2026-09-04,state,HAR. CHD & DELHI,DELHI,,0.5,6.8,-92.0,LD,510.3,464.3,10.0,N,2026-09-04 10:47:27.221868
2026-09-04,2026-06-01,2026-09-04,state,HAR. CHD & DELHI,HARYANA,,1.6,4.7,-67.0,LD,289.1,365.4,-21.0,D,2026-09-04 10:47:27.221868
2026-09-04,2026-06-01,2026-09-04,state,J & K AND LADAKH,JAMMU & KASHMIR(UT),,5.5,5.1,7.0,N,487.9,471.0,4.0,N,2026-09-04 10:47:27.221868
2026-09-04,2026-06-01,2026-09-04,state,J & K AND LADAKH,LADAKH (UT),,0.0,0.1,-100.0,NR,49.4,17.2,187.0,LE,2026-09-04 10:47:27.221868
2026-09-04,2026-06-01,2026-09-04,state,J & K AND LADAKH,RAJASTHAN,,4.5,4.1,10.0,N,286.8,388.2,-26.0,D,2026-09-04 10:47:27.221868
2026-09-04,2026-06-01,2026-09-04,state,KERALA & MAHE,KERALA,,0.5,8.2,-94.0,LD,1375.1,1785.8,-23.0,D,2026-09-04 10:47:27.221868
2026-09-04,2026-06-01,2026-09-04,state,KERALA & MAHE,PUDUCHERRY (UT),,8.7,2.7,221.0,LE,197.0,301.5,-35.0,D,2026-09-04 10:47:27.221868
2026-09-04,2026-06-01,2026-09-04,state,KONKAN & GOA,GOA,,7.4,14.7,-50.0,D,1847.7,2750.3,-33.0,D,2026-09-04 10:47:27.221868
2026-09-04,2026-06-01,2026-09-04,state,KONKAN & GOA,MAHARASHTRA,,1.9,6.6,-71.0,LD,727.0,845.1,-14.0,N,2026-09-04 10:47:27.221868
2026-09-04,2026-06-01,2026-09-04,state,NMMT,MANIPUR,,2.3,6.2,-62.0,LD,508.0,867.8,-41.0,D,2026-09-04 10:47:27.221868
2026-09-04,2026-06-01,2026-09-04,state,NMMT,MIZORAM,,8.5,13.6,-38.0,D,1088.2,1310.1,-17.0,N,2026-09-04 10:47:27.221868
2026-09-04,2026-06-01,2026-09-04,state,NMMT,NAGALAND,,20.0,7.2,178.0,LE,947.3,860.6,10.0,N,2026-09-04 10:47:27.221868
2026-09-04,2026-06-01,2026-09-04,state,NMMT,TRIPURA,,3.2,9.2,-65.0,LD,1024.9,1170.9,-12.0,N,2026-09-04 10:47:27.221868
2026-09-04,2026-06-01,2026-09-04,state,SAURASHTRA & KUTCH,DADRA & NAGAR HAVELI AND DAMAN & DIU (UT),,1.3,21.3,-94.0,LD,2751.9,1952.2,41.0,E,2026-09-04 10:47:27.221868
2026-09-04,2026-06-01,2026-09-04,state,SAURASHTRA & KUTCH,GUJARAT,,0.1,5.1,-97.0,LD,516.9,615.1,-16.0,N,2026-09-04 10:47:27.221868
2026-09-04,2026-06-01,2026-09-04,state,SHWB & SIKKIM,SIKKIM,,8.3,13.3,-38.0,D,1343.3,1384.5,-3.0,N,2026-09-04 10:47:27.221868
2026-09-04,2026-06-01,2026-09-04,state,SHWB & SIKKIM,WEST BENGAL,,3.5,9.9,-65.0,LD,1125.3,1086.9,4.0,N,2026-09-04 10:47:27.221868
2026-09-04,2026-06-01,2026-09-04,state,TAMIL. PUDU.& KARAIKAL,KARNATAKA,,1.5,5.5,-73.0,LD,521.1,691.7,-25.0,D,2026-09-04 10:47:27.221868
2026-09-04,2026-06-01,2026-09-04,state,TAMIL. PUDU.& KARAIKAL,PUDUCHERRY (UT),,8.7,2.7,221.0,LE,197.0,301.5,-35.0,D,2026-09-04 10:47:27.221868
2026-09-04,2026-06-01,2026-09-04,state,TAMIL. PUDU.& KARAIKAL,TAMILNADU,,3.3,2.9,15.0,N,170.6,223.2,-24.0,D,2026-09-04 10:47:27.221868
2026-09-04,2026-06-01,2026-09-04,state,WEST RAJASTHAN,MADHYA PRADESH,,21.4,7.8,174.0,LE,761.9,816.0,-7.0,N,2026-09-04 10:47:27.221868
2026-09-04,2026-06-01,2026-09-04,subdivision,A & N ISLAND,,,1.5,14.2,-89.0,LD,1267.3,1256.7,1.0,N,2026-09-04 10:47:27.221868
2026-09-04,2026-06-01,2026-09-04,subdivision,ARUNACHAL PRADESH,,,4.1,12.4,-67.0,LD,822.8,1371.3,-40.0,D,2026-09-04 10:47:27.221868
2026-09-04,2026-06-01,2026-09-04,subdivision,ASSAM & MEGHALAYA,,,10.0,12.6,-20.0,D,952.9,1479.2,-36.0,D,2026-09-04 10:47:27.221868
2026-09-04,2026-06-01,2026-09-04,subdivision,BIHAR,,,4.4,7.8,-43.0,D,516.5,803.7,-36.0,D,2026-09-04 10:47:27.221868
2026-09-04,2026-06-01,2026-09-04,subdivision,CHHATTISGARH,,,4.9,9.6,-49.0,D,946.6,960.6,-1.0,N,2026-09-04 10:47:27.221868
2026-09-04,2026-06-01,2026-09-04,subdivision,COASTAL A. P. & YANAM,,,2.2,5.6,-61.0,LD,265.6,458.7,-42.0,D,2026-09-04 10:47:27.221868
2026-09-04,2026-06-01,2026-09-04,subdivision,COASTAL KARNATAKA,,,4.2,14.0,-70.0,LD,2140.4,2834.5,-24.0,D,2026-09-04 10:47:27.221868
2026-09-04,2026-06-01,2026-09-04,subdivision,EAST MADHYA PRADESH,,,21.9,9.3,136.0,LE,913.1,889.6,3.0,N,2026-09-04 10:47:27.221868
2026-09-04,2026-06-01,2026-09-04,subdivision,EAST RAJASTHAN,,,9.0,5.2,74.0,LE,421.3,557.4,-24.0,D,2026-09-04 10:47:27.221868
2026-09-04,2026-06-01,2026-09-04,subdivision,EAST UTTAR PRADESH,,,4.5,5.6,-20.0,D,621.2,654.7,-5.0,N,2026-09-04 10:47:27.221868
2026-09-04,2026-06-01,2026-09-04,subdivision,GANGETIC WEST BENGAL,,,2.1,8.0,-74.0,LD,1034.0,935.1,11.0,N,2026-09-04 10:47:27.221868
2026-09-04,2026-06-01,2026-09-04,subdivision,GUJARAT REGION,,,0.3,6.3,-95.0,LD,793.9,806.9,-2.0,N,2026-09-04 10:47:27.221868
2026-09-04,2026-06-01,2026-09-04,subdivision,HAR. CHD & DELHI,,,1.6,4.7,-65.0,LD,295.4,369.3,-20.0,D,2026-09-04 10:47:27.221868
2026-09-04,2026-06-01,2026-09-04,subdivision,HIMACHAL PRADESH,,,4.6,6.7,-31.0,D,589.1,636.9,-8.0,N,2026-09-04 10:47:27.221868
2026-09-04,2026-06-01,2026-09-04,subdivision,J & K AND LADAKH,,,5.5,5.1,7.0,N,487.9,471.0,4.0,N,2026-09-04 10:47:27.221868
2026-09-04,2026-06-01,2026-09-04,subdivision,JHARKHAND,,,0.8,8.1,-90.0,LD,803.4,831.8,-3.0,N,2026-09-04 10:47:27.221868
2026-09-04,2026-06-01,2026-09-04,subdivision,KERALA & MAHE,,,0.5,8.3,-94.0,LD,1375.2,1785.9,-23.0,D,2026-09-04 10:47:27.221868
2026-09-04,2026-06-01,2026-09-04,subdivision,KONKAN & GOA,,,6.2,18.0,-65.0,LD,2303.0,2572.7,-10.0,N,2026-09-04 10:47:27.221868
2026-09-04,2026-06-01,2026-09-04,subdivision,LAKSHADWEEP,,,0.9,4.5,-79.0,LD,642.8,881.1,-27.0,D,2026-09-04 10:47:27.221868
2026-09-04,2026-06-01,2026-09-04,subdivision,MADHYA MAHARASHTRA,,,1.5,4.9,-70.0,LD,638.2,609.7,5.0,N,2026-09-04 10:47:27.221868
2026-09-04,2026-06-01,2026-09-04,subdivision,MARATHWADA,,,0.1,4.2,-97.0,LD,339.0,507.3,-33.0,D,2026-09-04 10:47:27.221868
2026-09-04,2026-06-01,2026-09-04,subdivision,N. I. KARNATAKA,,,1.3,3.8,-67.0,LD,278.3,356.1,-22.0,D,2026-09-04 10:47:27.221868
2026-09-04,2026-06-01,2026-09-04,subdivision,NMMT,,,8.8,9.5,-7.0,N,882.2,1070.3,-18.0,N,2026-09-04 10:47:27.221868
2026-09-04,2026-06-01,2026-09-04,subdivision,ODISHA,,,0.4,11.4,-96.0,LD,1171.1,952.5,23.0,E,2026-09-04 10:47:27.221868
2026-09-04,2026-06-01,2026-09-04,subdivision,PUNJAB,,,2.7,4.5,-40.0,D,237.9,378.6,-37.0,D,2026-09-04 10:47:27.221868
2026-09-04,2026-06-01,2026-09-04,subdivision,RAYALASEEMA,,,0.7,3.8,-81.0,LD,155.9,287.8,-46.0,D,2026-09-04 10:47:27.221868
2026-09-04,2026-06-01,2026-09-04,subdivision,S. I. KARNATAKA,,,1.1,5.2,-79.0,LD,405.8,548.9,-26.0,D,2026-09-04 10:47:27.221868
2026-09-04,2026-06-01,2026-09-04,subdivision,SAURASHTRA & KUTCH,,,0.0,4.2,-99.0,LD,297.9,462.1,-36.0,D,2026-09-04 10:47:27.221868
2026-09-04,2026-06-01,2026-09-04,subdivision,SHWB & SIKKIM,,,7.8,15.9,-51.0,D,1387.8,1557.8,-11.0,N,2026-09-04 10:47:27.221868
2026-09-04,2026-06-01,2026-09-04,subdivision,TAMIL. PUDU.& KARAIKAL,,,3.3,2.9,15.0,N,170.6,223.3,-24.0,D,2026-09-04 10:47:27.221868
2026-09-04,2026-06-01,2026-09-04,subdivision,TELANGANA,,,1.5,5.2,-72.0,LD,470.5,598.1,-21.0,D,2026-09-04 10:47:27.221868
2026-09-04,2026-06-01,2026-09-04,subdivision,UTTARAKHAND,,,11.4,8.9,28.0,E,1048.3,1018.4,3.0,N,2026-09-04 10:47:27.221868
2026-09-04,2026-06-01,2026-09-04,subdivision,VIDARBHA,,,2.4,6.4,-63.0,LD,589.1,813.0,-28.0,D,2026-09-04 10:47:27.221868
2026-09-04,2026-06-01,2026-09-04,subdivision,WEST MADHYA PRADESH,,,20.9,6.7,213.0,LE,645.8,759.5,-15.0,N,2026-09-04 10:47:27.221868
2026-09-04,2026-06-01,2026-09-04,subdivision,WEST RAJASTHAN,,,0.0,3.4,-100.0,NR,179.7,253.6,-29.0,D,2026-09-04 10:47:27.221868
2026-09-04,2026-06-01,2026-09-04,subdivision,WEST UTTAR PRADESH,,,9.9,6.0,65.0,LE,602.5,570.8,6.0,N,2026-09-04 10:47:27.221868
