date,period_start,period_end,level,subdivision,state,district,day_actual_mm,day_normal_mm,day_departure_pct,day_category,period_actual_mm,period_normal_mm,period_departure_pct,period_category,scraped_at
2026-09-16,2026-06-01,2026-09-16,district,A & N ISLAND,ANDAMAN & NICOBAR ISLANDS,NICOBAR,29.4,12.0,145.0,LE,553.2,940.7,-41.0,D,2026-09-16 10:58:47.980511
2026-09-16,2026-06-01,2026-09-16,district,A & N ISLAND,ANDAMAN & NICOBAR ISLANDS,NORTH & MIDDLE ANDAMAN,3.0,14.6,-79.0,LD,2361.4,1691.3,40.0,E,2026-09-16 10:58:47.980511
2026-09-16,2026-06-01,2026-09-16,district,A & N ISLAND,ANDAMAN & NICOBAR ISLANDS,SOUTH ANDAMAN,41.1,15.1,172.0,LE,1177.9,1432.6,-18.0,N,2026-09-16 10:58:47.980511
2026-09-16,2026-06-01,2026-09-16,district,ARUNACHAL PRADESH,ARUNACHAL PRADESH,ANJAW,0.0,10.4,-100.0,NR,173.0,1479.6,-88.0,LD,2026-09-16 10:58:47.980511
2026-09-16,2026-06-01,2026-09-16,district,ARUNACHAL PRADESH,ARUNACHAL PRADESH,CHANGLANG,3.8,7.6,-51.0,D,1014.1,1234.9,-18.0,N,2026-09-16 10:58:47.980511
2026-09-16,2026-06-01,2026-09-16,district,ARUNACHAL PRADESH,ARUNACHAL PRADESH,EAST KAMENG,34.0,9.9,243.0,LE,1273.3,1122.2,13.0,N,2026-09-16 10:58:47.980511
2026-09-16,2026-06-01,2026-09-16,district,ARUNACHAL PRADESH,ARUNACHAL PRADESH,EAST SIANG,0.4,16.5,-98.0,LD,1977.7,2923.2,-32.0,D,2026-09-16 10:58:47.980511
2026-09-16,2026-06-01,2026-09-16,district,ARUNACHAL PRADESH,ARUNACHAL PRADESH,KURUNG KUMEY,2.8,12.7,-78.0,LD,566.7,1081.6,-48.0,D,2026-09-16 10:58:47.980511
2026-09-16,2026-06-01,2026-09-16,district,ARUNACHAL PRADESH,ARUNACHAL PRADESH,LOHIT,1.9,11.6,-83.0,LD,887.4,1445.6,-39.0,D,2026-09-16 10:58:47.980511
2026-09-16,2026-06-01,2026-09-16,district,ARUNACHAL PRADESH,ARUNACHAL PRADESH,LOWER SUBANSIRI,0.0,6.3,-100.0,NR,400.4,686.3,-42.0,D,2026-09-16 10:58:47.980511
2026-09-16,2026-06-01,2026-09-16,district,ARUNACHAL PRADESH,ARUNACHAL PRADESH,PAPUMPARA,28.5,15.8,80.0,LE,1662.9,2004.9,-17.0,N,2026-09-16 10:58:47.980511
2026-09-16,2026-06-01,2026-09-16,district,ARUNACHAL PRADESH,ARUNACHAL PRADESH,TAWANG,3.2,4.4,-27.0,D,326.4,906.3,-64.0,LD,2026-09-16 10:58:47.980511
2026-09-16,2026-06-01,2026-09-16,district,ARUNACHAL PRADESH,ARUNACHAL PRADESH,TIRAP,0.5,10.0,-95.0,LD,1810.5,1812.3,0.0,N,2026-09-16 10:58:47.980511
2026-09-16,2026-06-01,2026-09-16,district,ARUNACHAL PRADESH,ARUNACHAL PRADESH,UPPER SIANG,26.8,17.7,51.0,E,1091.5,1593.3,-31.0,D,2026-09-16 10:58:47.980511
2026-09-16,2026-06-01,2026-09-16,district,ARUNACHAL PRADESH,ARUNACHAL PRADESH,UPPER SUBANSIRI,2.7,13.2,-79.0,LD,325.0,863.8,-62.0,LD,2026-09-16 10:58:47.980511
2026-09-16,2026-06-01,2026-09-16,district,ARUNACHAL PRADESH,ARUNACHAL PRADESH,WEST KAMENG,0.3,10.0,-98.0,LD,502.8,1556.3,-68.0,LD,2026-09-16 10:58:47.980511
2026-09-16,2026-06-01,2026-09-16,district,ARUNACHAL PRADESH,ARUNACHAL PRADESH,WEST SIANG,10.6,22.0,-52.0,D,587.5,1836.8,-68.0,LD,2026-09-16 10:58:47.980511
2026-09-16,2026-06-01,2026-09-16,district,ASSAM & MEGHALAYA,ASSAM,BAJALI,0.0,17.1,-100.0,NR,1036.5,1945.5,-47.0,D,2026-09-16 10:58:47.980511
2026-09-16,2026-06-01,2026-09-16,district,ASSAM & MEGHALAYA,ASSAM,BAKSA,0.0,13.8,-100.0,NR,1121.5,1417.7,-21.0,D,2026-09-16 10:58:47.980511
2026-09-16,2026-06-01,2026-09-16,district,ASSAM & MEGHALAYA,ASSAM,BARPETA,4.5,17.1,-74.0,LD,1176.1,1945.5,-40.0,D,2026-09-16 10:58:47.980511
2026-09-16,2026-06-01,2026-09-16,district,ASSAM & MEGHALAYA,ASSAM,BONGAIGAON,1.2,13.7,-91.0,LD,857.4,2176.1,-61.0,LD,2026-09-16 10:58:47.980511
2026-09-16,2026-06-01,2026-09-16,district,ASSAM & MEGHALAYA,ASSAM,CACHAR,2.8,11.1,-75.0,LD,1565.8,1695.4,-8.0,N,2026-09-16 10:58:47.980511
2026-09-16,2026-06-01,2026-09-16,district,ASSAM & MEGHALAYA,ASSAM,CHARAIDEO,0.0,3.0,-100.0,NR,1165.0,955.5,22.0,E,2026-09-16 10:58:47.980511
2026-09-16,2026-06-01,2026-09-16,district,ASSAM & MEGHALAYA,ASSAM,CHIRANG,6.7,17.8,-62.0,LD,1281.3,2212.5,-42.0,D,2026-09-16 10:58:47.980511
2026-09-16,2026-06-01,2026-09-16,district,ASSAM & MEGHALAYA,ASSAM,DARRANG,0.0,11.2,-100.0,NR,680.3,1192.4,-43.0,D,2026-09-16 10:58:47.980511
2026-09-16,2026-06-01,2026-09-16,district,ASSAM & MEGHALAYA,ASSAM,DHEMAJI,0.0,26.3,-100.0,NR,2008.8,1937.1,4.0,N,2026-09-16 10:58:47.980511
2026-09-16,2026-06-01,2026-09-16,district,ASSAM & MEGHALAYA,ASSAM,DHUBRI,17.7,14.2,24.0,E,1195.5,1902.5,-37.0,D,2026-09-16 10:58:47.980511
2026-09-16,2026-06-01,2026-09-16,district,ASSAM & MEGHALAYA,ASSAM,DIBRUGARH,13.0,11.1,17.0,N,1077.3,1377.1,-22.0,D,2026-09-16 10:58:47.980511
2026-09-16,2026-06-01,2026-09-16,district,ASSAM & MEGHALAYA,ASSAM,DIMA HASAO,6.0,9.3,-36.0,D,545.2,944.7,-42.0,D,2026-09-16 10:58:47.980511
2026-09-16,2026-06-01,2026-09-16,district,ASSAM & MEGHALAYA,ASSAM,GOALPARA,0.0,18.8,-100.0,NR,959.6,1871.7,-49.0,D,2026-09-16 10:58:47.980511
2026-09-16,2026-06-01,2026-09-16,district,ASSAM & MEGHALAYA,ASSAM,GOLAGHAT,0.8,7.3,-89.0,LD,855.2,965.0,-11.0,N,2026-09-16 10:58:47.980511
2026-09-16,2026-06-01,2026-09-16,district,ASSAM & MEGHALAYA,ASSAM,HAILAKANDI,0.0,6.8,-100.0,NR,1268.6,1399.5,-9.0,N,2026-09-16 10:58:47.980511
2026-09-16,2026-06-01,2026-09-16,district,ASSAM & MEGHALAYA,ASSAM,HOJAI,2.7,6.8,-60.0,LD,441.0,699.5,-37.0,D,2026-09-16 10:58:47.980511
2026-09-16,2026-06-01,2026-09-16,district,ASSAM & MEGHALAYA,ASSAM,JORHAT,7.8,11.5,-32.0,D,789.0,1168.1,-32.0,D,2026-09-16 10:58:47.980511
2026-09-16,2026-06-01,2026-09-16,district,ASSAM & MEGHALAYA,ASSAM,KAMRUP METROPOLITAN,0.6,4.2,-86.0,LD,778.9,976.6,-20.0,D,2026-09-16 10:58:47.980511
2026-09-16,2026-06-01,2026-09-16,district,ASSAM & MEGHALAYA,ASSAM,KAMRUP RURAL,0.0,5.1,-100.0,NR,621.9,1183.6,-47.0,D,2026-09-16 10:58:47.980511
2026-09-16,2026-06-01,2026-09-16,district,ASSAM & MEGHALAYA,ASSAM,KARBI ANGLONG,0.0,5.4,-100.0,NR,645.0,756.6,-15.0,N,2026-09-16 10:58:47.980511
2026-09-16,2026-06-01,2026-09-16,district,ASSAM & MEGHALAYA,ASSAM,KOKRAJHAR,22.7,15.9,43.0,E,2182.1,2457.0,-11.0,N,2026-09-16 10:58:47.980511
2026-09-16,2026-06-01,2026-09-16,district,ASSAM & MEGHALAYA,ASSAM,LAKHIMPUR,14.9,13.4,11.0,N,2113.0,1869.8,13.0,N,2026-09-16 10:58:47.980511
2026-09-16,2026-06-01,2026-09-16,district,ASSAM & MEGHALAYA,ASSAM,MORIGAON,0.7,4.7,-84.0,LD,617.8,1031.1,-40.0,D,2026-09-16 10:58:47.980511
2026-09-16,2026-06-01,2026-09-16,district,ASSAM & MEGHALAYA,ASSAM,NAGAON,0.0,7.2,-100.0,NR,557.7,948.6,-41.0,D,2026-09-16 10:58:47.980511
2026-09-16,2026-06-01,2026-09-16,district,ASSAM & MEGHALAYA,ASSAM,NALBARI,0.8,11.2,-93.0,LD,564.5,1491.7,-62.0,LD,2026-09-16 10:58:47.980511
2026-09-16,2026-06-01,2026-09-16,district,ASSAM & MEGHALAYA,ASSAM,SIBSAGAR,4.7,8.1,-42.0,D,810.1,1091.8,-26.0,D,2026-09-16 10:58:47.980511
2026-09-16,2026-06-01,2026-09-16,district,ASSAM & MEGHALAYA,ASSAM,SONITPUR,0.9,9.3,-91.0,LD,1027.2,1094.1,-6.0,N,2026-09-16 10:58:47.980511
2026-09-16,2026-06-01,2026-09-16,district,ASSAM & MEGHALAYA,ASSAM,SRIBHUMI,1.8,12.7,-86.0,LD,1497.5,1986.4,-25.0,D,2026-09-16 10:58:47.980511
2026-09-16,2026-06-01,2026-09-16,district,ASSAM & MEGHALAYA,ASSAM,TAMULPUR,0.0,14.6,-100.0,NR,1118.1,1247.2,-10.0,N,2026-09-16 10:58:47.980511
2026-09-16,2026-06-01,2026-09-16,district,ASSAM & MEGHALAYA,ASSAM,TINSUKIA,0.4,10.0,-96.0,LD,1242.4,1344.5,-8.0,N,2026-09-16 10:58:47.980511
2026-09-16,2026-06-01,2026-09-16,district,ASSAM & MEGHALAYA,ASSAM,UDALGURI,0.0,10.1,-100.0,NR,535.3,1302.8,-59.0,D,2026-09-16 10:58:47.980511
2026-09-16,2026-06-01,2026-09-16,district,ASSAM & MEGHALAYA,ASSAM,WEST KARBI ANGLONG,0.0,4.1,-100.0,NR,579.4,646.5,-10.0,N,2026-09-16 10:58:47.980511
2026-09-16,2026-06-01,2026-09-16,district,ASSAM & MEGHALAYA,MEGHALAYA,EAST GARO HILLS,0.1,13.3,-99.0,LD,605.2,1715.8,-65.0,LD,2026-09-16 10:58:47.980511
2026-09-16,2026-06-01,2026-09-16,district,ASSAM & MEGHALAYA,MEGHALAYA,EAST JAINTIA HILLS,4.5,11.8,-62.0,LD,1477.4,4159.0,-64.0,LD,2026-09-16 10:58:47.980511
2026-09-16,2026-06-01,2026-09-16,district,ASSAM & MEGHALAYA,MEGHALAYA,EAST KHASI HILLS,0.5,18.8,-98.0,LD,1940.0,4112.1,-53.0,D,2026-09-16 10:58:47.980511
2026-09-16,2026-06-01,2026-09-16,district,ASSAM & MEGHALAYA,MEGHALAYA,NORTH GARO HILLS,4.9,13.4,-64.0,LD,577.0,1669.3,-65.0,LD,2026-09-16 10:58:47.980511
2026-09-16,2026-06-01,2026-09-16,district,ASSAM & MEGHALAYA,MEGHALAYA,RI BHOI,4.5,14.5,-69.0,LD,770.7,1435.9,-46.0,D,2026-09-16 10:58:47.980511
2026-09-16,2026-06-01,2026-09-16,district,ASSAM & MEGHALAYA,MEGHALAYA,SOUTH GARO HILLS,4.4,13.4,-67.0,LD,848.3,1669.3,-49.0,D,2026-09-16 10:58:47.980511
2026-09-16,2026-06-01,2026-09-16,district,ASSAM & MEGHALAYA,MEGHALAYA,SOUTH WEST GARO HILLS,0.0,13.4,-100.0,NR,515.7,1669.3,-69.0,LD,2026-09-16 10:58:47.980511
2026-09-16,2026-06-01,2026-09-16,district,ASSAM & MEGHALAYA,MEGHALAYA,SOUTH WEST KHASI HILLS,0.0,13.4,-99.0,LD,2622.3,1669.3,57.0,E,2026-09-16 10:58:47.980511
2026-09-16,2026-06-01,2026-09-16,district,ASSAM & MEGHALAYA,MEGHALAYA,WEST GARO HILLS,6.2,14.2,-56.0,D,488.2,1713.1,-72.0,LD,2026-09-16 10:58:47.980511
2026-09-16,2026-06-01,2026-09-16,district,ASSAM & MEGHALAYA,MEGHALAYA,WEST JAINTIA HILLS,0.8,11.8,-93.0,LD,872.5,4159.0,-79.0,LD,2026-09-16 10:58:47.980511
2026-09-16,2026-06-01,2026-09-16,district,ASSAM & MEGHALAYA,MEGHALAYA,WEST KHASI HILLS,1.7,11.5,-85.0,LD,812.4,2449.7,-67.0,LD,2026-09-16 10:58:47.980511
2026-09-16,2026-06-01,2026-09-16,district,BIHAR,BIHAR,ARARIA,0.5,9.2,-94.0,LD,823.5,1252.9,-34.0,D,2026-09-16 10:58:47.980511
2026-09-16,2026-06-01,2026-09-16,district,BIHAR,BIHAR,ARWAL,1.1,6.9,-84.0,LD,463.1,644.3,-28.0,D,2026-09-16 10:58:47.980511
2026-09-16,2026-06-01,2026-09-16,district,BIHAR,BIHAR,AURANGABAD,0.0,8.0,-100.0,NR,829.3,789.1,5.0,N,2026-09-16 10:58:47.980511
2026-09-16,2026-06-01,2026-09-16,district,BIHAR,BIHAR,BANKA,9.0,5.2,73.0,LE,523.3,766.4,-32.0,D,2026-09-16 10:58:47.980511
2026-09-16,2026-06-01,2026-09-16,district,BIHAR,BIHAR,BEGUSARAI,3.2,7.1,-55.0,D,558.4,901.1,-38.0,D,2026-09-16 10:58:47.980511
2026-09-16,2026-06-01,2026-09-16,district,BIHAR,BIHAR,BHABUA,1.6,7.3,-78.0,LD,489.0,816.6,-40.0,D,2026-09-16 10:58:47.980511
2026-09-16,2026-06-01,2026-09-16,district,BIHAR,BIHAR,BHAGALPUR,2.4,6.9,-66.0,LD,414.8,857.7,-52.0,D,2026-09-16 10:58:47.980511
2026-09-16,2026-06-01,2026-09-16,district,BIHAR,BIHAR,BHOJPUR,2.8,6.6,-57.0,D,485.8,817.0,-41.0,D,2026-09-16 10:58:47.980511
2026-09-16,2026-06-01,2026-09-16,district,BIHAR,BIHAR,BUXAR,1.9,6.7,-72.0,LD,640.4,726.2,-12.0,N,2026-09-16 10:58:47.980511
2026-09-16,2026-06-01,2026-09-16,district,BIHAR,BIHAR,DARBHANGA,16.4,4.9,236.0,LE,402.0,813.1,-51.0,D,2026-09-16 10:58:47.980511
2026-09-16,2026-06-01,2026-09-16,district,BIHAR,BIHAR,EAST CHAMPARAN,0.2,4.2,-96.0,LD,524.9,962.1,-45.0,D,2026-09-16 10:58:47.980511
2026-09-16,2026-06-01,2026-09-16,district,BIHAR,BIHAR,GAYA,0.0,6.6,-100.0,NR,600.6,755.1,-20.0,D,2026-09-16 10:58:47.980511
2026-09-16,2026-06-01,2026-09-16,district,BIHAR,BIHAR,GOPALGANJ,0.0,8.3,-100.0,NR,527.9,886.7,-40.0,D,2026-09-16 10:58:47.980511
2026-09-16,2026-06-01,2026-09-16,district,BIHAR,BIHAR,JAHANABAD,1.3,5.9,-77.0,LD,314.4,746.4,-58.0,D,2026-09-16 10:58:47.980511
2026-09-16,2026-06-01,2026-09-16,district,BIHAR,BIHAR,JAMUI,0.3,7.7,-96.0,LD,487.8,825.0,-41.0,D,2026-09-16 10:58:47.980511
2026-09-16,2026-06-01,2026-09-16,district,BIHAR,BIHAR,KATIHAR,1.9,7.6,-75.0,LD,614.7,947.9,-35.0,D,2026-09-16 10:58:47.980511
2026-09-16,2026-06-01,2026-09-16,district,BIHAR,BIHAR,KHAGARIA,15.0,9.2,63.0,LE,777.9,867.9,-10.0,N,2026-09-16 10:58:47.980511
2026-09-16,2026-06-01,2026-09-16,district,BIHAR,BIHAR,KISHANGANJ,5.2,11.7,-56.0,D,1077.3,1589.8,-32.0,D,2026-09-16 10:58:47.980511
2026-09-16,2026-06-01,2026-09-16,district,BIHAR,BIHAR,LAKHISARAI,1.7,7.2,-76.0,LD,675.1,749.9,-10.0,N,2026-09-16 10:58:47.980511
2026-09-16,2026-06-01,2026-09-16,district,BIHAR,BIHAR,MADHEPURA,6.9,8.4,-18.0,N,605.7,940.9,-36.0,D,2026-09-16 10:58:47.980511
2026-09-16,2026-06-01,2026-09-16,district,BIHAR,BIHAR,MADHUBANI,9.3,4.6,101.0,LE,521.8,892.6,-42.0,D,2026-09-16 10:58:47.980511
2026-09-16,2026-06-01,2026-09-16,district,BIHAR,BIHAR,MUNGER,0.4,7.2,-94.0,LD,640.3,912.8,-30.0,D,2026-09-16 10:58:47.980511
2026-09-16,2026-06-01,2026-09-16,district,BIHAR,BIHAR,MUZAFFARPUR,5.4,8.9,-39.0,D,452.7,876.1,-48.0,D,2026-09-16 10:58:47.980511
2026-09-16,2026-06-01,2026-09-16,district,BIHAR,BIHAR,NALANDA,0.0,8.8,-100.0,NR,480.1,771.7,-38.0,D,2026-09-16 10:58:47.980511
2026-09-16,2026-06-01,2026-09-16,district,BIHAR,BIHAR,NAWADA,0.0,4.4,-100.0,NR,572.7,744.3,-23.0,D,2026-09-16 10:58:47.980511
2026-09-16,2026-06-01,2026-09-16,district,BIHAR,BIHAR,PATNA,3.3,8.7,-62.0,LD,443.2,803.4,-45.0,D,2026-09-16 10:58:47.980511
2026-09-16,2026-06-01,2026-09-16,district,BIHAR,BIHAR,PURNEA,10.2,10.9,-7.0,N,731.9,1274.7,-43.0,D,2026-09-16 10:58:47.980511
2026-09-16,2026-06-01,2026-09-16,district,BIHAR,BIHAR,ROHTAS,1.5,7.6,-81.0,LD,593.6,780.2,-24.0,D,2026-09-16 10:58:47.980511
2026-09-16,2026-06-01,2026-09-16,district,BIHAR,BIHAR,SAHARSA,7.7,10.8,-29.0,D,502.5,978.2,-49.0,D,2026-09-16 10:58:47.980511
2026-09-16,2026-06-01,2026-09-16,district,BIHAR,BIHAR,SAMASTIPUR,15.2,6.9,120.0,LE,458.9,838.8,-45.0,D,2026-09-16 10:58:47.980511
2026-09-16,2026-06-01,2026-09-16,district,BIHAR,BIHAR,SARAN,0.4,9.7,-96.0,LD,434.3,829.4,-48.0,D,2026-09-16 10:58:47.980511
2026-09-16,2026-06-01,2026-09-16,district,BIHAR,BIHAR,SHEIKHPURA,0.0,7.7,-100.0,NR,493.6,737.1,-33.0,D,2026-09-16 10:58:47.980511
2026-09-16,2026-06-01,2026-09-16,district,BIHAR,BIHAR,SHEOHAR,0.0,3.5,-100.0,NR,344.2,911.0,-62.0,LD,2026-09-16 10:58:47.980511
2026-09-16,2026-06-01,2026-09-16,district,BIHAR,BIHAR,SITAMARHI,3.1,4.5,-32.0,D,402.6,975.4,-59.0,D,2026-09-16 10:58:47.980511
2026-09-16,2026-06-01,2026-09-16,district,BIHAR,BIHAR,SIWAN,0.0,9.9,-100.0,NR,725.2,823.9,-12.0,N,2026-09-16 10:58:47.980511
2026-09-16,2026-06-01,2026-09-16,district,BIHAR,BIHAR,SUPAUL,13.6,8.0,70.0,LE,718.3,984.0,-27.0,D,2026-09-16 10:58:47.980511
2026-09-16,2026-06-01,2026-09-16,district,BIHAR,BIHAR,VAISHALI,3.0,7.9,-62.0,LD,481.2,821.3,-41.0,D,2026-09-16 10:58:47.980511
2026-09-16,2026-06-01,2026-09-16,district,BIHAR,BIHAR,WEST CHAMPARAN,4.7,6.5,-28.0,D,681.5,1138.9,-40.0,D,2026-09-16 10:58:47.980511
2026-09-16,2026-06-01,2026-09-16,district,CHHATTISGARH,CHHATTISGARH,BALOD,0.1,6.5,-99.0,LD,1051.7,954.6,10.0,N,2026-09-16 10:58:47.980511
2026-09-16,2026-06-01,2026-09-16,district,CHHATTISGARH,CHHATTISGARH,BALODA BAZAR,0.0,4.0,-100.0,NR,999.3,869.0,15.0,N,2026-09-16 10:58:47.980511
2026-09-16,2026-06-01,2026-09-16,district,CHHATTISGARH,CHHATTISGARH,BALRAMPUR,0.0,6.4,-100.0,NR,1480.0,925.7,60.0,LE,2026-09-16 10:58:47.980511
2026-09-16,2026-06-01,2026-09-16,district,CHHATTISGARH,CHHATTISGARH,BASTAR,1.0,7.3,-86.0,LD,1025.6,1091.8,-6.0,N,2026-09-16 10:58:47.980511
2026-09-16,2026-06-01,2026-09-16,district,CHHATTISGARH,CHHATTISGARH,BEMETARA,0.0,6.1,-100.0,NR,566.7,972.3,-42.0,D,2026-09-16 10:58:47.980511
2026-09-16,2026-06-01,2026-09-16,district,CHHATTISGARH,CHHATTISGARH,BIJAPUR,0.0,7.3,-100.0,NR,1324.0,1287.2,3.0,N,2026-09-16 10:58:47.980511
2026-09-16,2026-06-01,2026-09-16,district,CHHATTISGARH,CHHATTISGARH,BILASPUR,0.0,3.3,-100.0,NR,964.8,988.4,-2.0,N,2026-09-16 10:58:47.980511
2026-09-16,2026-06-01,2026-09-16,district,CHHATTISGARH,CHHATTISGARH,DANTEWADA,1.7,8.9,-81.0,LD,1056.3,1211.2,-13.0,N,2026-09-16 10:58:47.980511
2026-09-16,2026-06-01,2026-09-16,district,CHHATTISGARH,CHHATTISGARH,DHAMTARI,0.6,5.4,-89.0,LD,1054.5,990.1,7.0,N,2026-09-16 10:58:47.980511
2026-09-16,2026-06-01,2026-09-16,district,CHHATTISGARH,CHHATTISGARH,DURG,0.0,1.9,-100.0,NR,761.4,914.6,-17.0,N,2026-09-16 10:58:47.980511
2026-09-16,2026-06-01,2026-09-16,district,CHHATTISGARH,CHHATTISGARH,GARIABAND,0.0,9.6,-100.0,NR,1147.1,987.3,16.0,N,2026-09-16 10:58:47.980511
2026-09-16,2026-06-01,2026-09-16,district,CHHATTISGARH,CHHATTISGARH,GAURELA PENDRA MARWAHI,0.0,5.0,-100.0,NR,900.5,1021.8,-12.0,N,2026-09-16 10:58:47.980511
2026-09-16,2026-06-01,2026-09-16,district,CHHATTISGARH,CHHATTISGARH,JANJGIR,0.0,2.8,-100.0,NR,1107.3,1023.4,8.0,N,2026-09-16 10:58:47.980511
2026-09-16,2026-06-01,2026-09-16,district,CHHATTISGARH,CHHATTISGARH,JASHPUR,0.6,4.8,-87.0,LD,791.8,1257.3,-37.0,D,2026-09-16 10:58:47.980511
2026-09-16,2026-06-01,2026-09-16,district,CHHATTISGARH,CHHATTISGARH,KABIRDHAM,0.0,3.0,-100.0,NR,633.5,798.1,-21.0,D,2026-09-16 10:58:47.980511
2026-09-16,2026-06-01,2026-09-16,district,CHHATTISGARH,CHHATTISGARH,KANKER,0.0,6.3,-100.0,NR,855.0,1244.0,-31.0,D,2026-09-16 10:58:47.980511
2026-09-16,2026-06-01,2026-09-16,district,CHHATTISGARH,CHHATTISGARH,KHAIRAGARH CHH GANDAI,0.4,2.1,-81.0,LD,682.5,684.5,0.0,N,2026-09-16 10:58:47.980511
2026-09-16,2026-06-01,2026-09-16,district,CHHATTISGARH,CHHATTISGARH,KONDAGAON,0.0,11.3,-100.0,NR,935.2,1099.1,-15.0,N,2026-09-16 10:58:47.980511
2026-09-16,2026-06-01,2026-09-16,district,CHHATTISGARH,CHHATTISGARH,KORBA,1.4,5.0,-72.0,LD,1054.7,1185.2,-11.0,N,2026-09-16 10:58:47.980511
2026-09-16,2026-06-01,2026-09-16,district,CHHATTISGARH,CHHATTISGARH,KORIYA,0.0,8.9,-100.0,NR,889.4,1041.0,-15.0,N,2026-09-16 10:58:47.980511
2026-09-16,2026-06-01,2026-09-16,district,CHHATTISGARH,CHHATTISGARH,MAHASAMUND,2.2,5.9,-62.0,LD,1123.9,993.6,13.0,N,2026-09-16 10:58:47.980511
2026-09-16,2026-06-01,2026-09-16,district,CHHATTISGARH,CHHATTISGARH,MANENDRAGARH BHARATPUR,0.3,8.8,-97.0,LD,1116.6,1040.8,7.0,N,2026-09-16 10:58:47.980511
2026-09-16,2026-06-01,2026-09-16,district,CHHATTISGARH,CHHATTISGARH,MOHALA MANPUR CHOWKI,0.0,6.0,-100.0,NR,843.7,960.7,-12.0,N,2026-09-16 10:58:47.980511
2026-09-16,2026-06-01,2026-09-16,district,CHHATTISGARH,CHHATTISGARH,MUNGELI,0.0,2.3,-100.0,NR,1088.6,889.4,22.0,E,2026-09-16 10:58:47.980511
2026-09-16,2026-06-01,2026-09-16,district,CHHATTISGARH,CHHATTISGARH,NARAYANPUR,1.4,6.7,-79.0,LD,1352.4,1155.1,17.0,N,2026-09-16 10:58:47.980511
2026-09-16,2026-06-01,2026-09-16,district,CHHATTISGARH,CHHATTISGARH,RAIGARH,0.5,6.5,-92.0,LD,954.2,1120.3,-15.0,N,2026-09-16 10:58:47.980511
2026-09-16,2026-06-01,2026-09-16,district,CHHATTISGARH,CHHATTISGARH,RAIPUR,0.0,4.7,-100.0,NR,1105.5,945.9,17.0,N,2026-09-16 10:58:47.980511
2026-09-16,2026-06-01,2026-09-16,district,CHHATTISGARH,CHHATTISGARH,RAJNANDGAON,0.0,2.1,-100.0,NR,831.7,964.9,-14.0,N,2026-09-16 10:58:47.980511
2026-09-16,2026-06-01,2026-09-16,district,CHHATTISGARH,CHHATTISGARH,SAKTI,0.0,4.9,-100.0,NR,933.8,1053.0,-11.0,N,2026-09-16 10:58:47.980511
2026-09-16,2026-06-01,2026-09-16,district,CHHATTISGARH,CHHATTISGARH,SARANGARH BILAIGARH,0.3,20.2,-99.0,LD,1124.2,876.5,28.0,E,2026-09-16 10:58:47.980511
2026-09-16,2026-06-01,2026-09-16,district,CHHATTISGARH,CHHATTISGARH,SUKMA,1.3,9.3,-86.0,LD,976.1,1114.8,-12.0,N,2026-09-16 10:58:47.980511
2026-09-16,2026-06-01,2026-09-16,district,CHHATTISGARH,CHHATTISGARH,SURAJPUR,0.0,5.9,-100.0,NR,1172.2,1122.1,4.0,N,2026-09-16 10:58:47.980511
2026-09-16,2026-06-01,2026-09-16,district,CHHATTISGARH,CHHATTISGARH,SURGUJA,1.2,6.7,-83.0,LD,649.0,1099.7,-41.0,D,2026-09-16 10:58:47.980511
2026-09-16,2026-06-01,2026-09-16,district,COASTAL A. P. & YANAM,ANDHRA PRADESH,ANAKAPALLI,7.2,5.5,30.0,E,332.7,548.3,-39.0,D,2026-09-16 10:58:47.980511
2026-09-16,2026-06-01,2026-09-16,district,COASTAL A. P. & YANAM,ANDHRA PRADESH,BAPATLA,0.0,3.8,-100.0,NR,257.1,469.9,-45.0,D,2026-09-16 10:58:47.980511
2026-09-16,2026-06-01,2026-09-16,district,COASTAL A. P. & YANAM,ANDHRA PRADESH,DR B R AMBEDKAR KONASEEMA,0.0,3.4,-100.0,NR,565.4,682.5,-17.0,N,2026-09-16 10:58:47.980511
2026-09-16,2026-06-01,2026-09-16,district,COASTAL A. P. & YANAM,ANDHRA PRADESH,EAST GODAVARI,0.0,5.2,-100.0,NR,370.1,644.2,-43.0,D,2026-09-16 10:58:47.980511
2026-09-16,2026-06-01,2026-09-16,district,COASTAL A. P. & YANAM,ANDHRA PRADESH,ELURU,0.6,3.9,-83.0,LD,476.9,769.9,-38.0,D,2026-09-16 10:58:47.980511
2026-09-16,2026-06-01,2026-09-16,district,COASTAL A. P. & YANAM,ANDHRA PRADESH,GUNTUR,0.0,2.6,-100.0,NR,424.6,513.0,-17.0,N,2026-09-16 10:58:47.980511
2026-09-16,2026-06-01,2026-09-16,district,COASTAL A. P. & YANAM,ANDHRA PRADESH,KAKINADA,17.3,4.7,269.0,LE,355.7,575.4,-38.0,D,2026-09-16 10:58:47.980511
2026-09-16,2026-06-01,2026-09-16,district,COASTAL A. P. & YANAM,ANDHRA PRADESH,KRISHNA,0.0,2.9,-100.0,NR,384.1,578.8,-34.0,D,2026-09-16 10:58:47.980511
2026-09-16,2026-06-01,2026-09-16,district,COASTAL A. P. & YANAM,ANDHRA PRADESH,NTR DISTRICT,0.0,3.8,-100.0,NR,402.1,627.7,-36.0,D,2026-09-16 10:58:47.980511
2026-09-16,2026-06-01,2026-09-16,district,COASTAL A. P. & YANAM,ANDHRA PRADESH,PALNADU,0.0,2.4,-100.0,NR,293.6,469.1,-37.0,D,2026-09-16 10:58:47.980511
2026-09-16,2026-06-01,2026-09-16,district,COASTAL A. P. & YANAM,ANDHRA PRADESH,PARVATHIPURAM MANYAM,9.2,7.7,20.0,E,441.8,703.1,-37.0,D,2026-09-16 10:58:47.980511
2026-09-16,2026-06-01,2026-09-16,district,COASTAL A. P. & YANAM,ANDHRA PRADESH,PRAKASAM,4.5,2.4,86.0,LE,128.8,305.5,-58.0,D,2026-09-16 10:58:47.980511
2026-09-16,2026-06-01,2026-09-16,district,COASTAL A. P. & YANAM,ANDHRA PRADESH,SPSR NELLORE,0.0,3.2,-100.0,NR,152.6,271.9,-44.0,D,2026-09-16 10:58:47.980511
2026-09-16,2026-06-01,2026-09-16,district,COASTAL A. P. & YANAM,ANDHRA PRADESH,SRI ALLURI SITHARAMARAJU DISTRICT,1.5,7.8,-81.0,LD,426.5,820.6,-48.0,D,2026-09-16 10:58:47.980511
2026-09-16,2026-06-01,2026-09-16,district,COASTAL A. P. & YANAM,ANDHRA PRADESH,SRIKAKULAM,3.3,7.2,-54.0,D,420.6,626.3,-33.0,D,2026-09-16 10:58:47.980511
2026-09-16,2026-06-01,2026-09-16,district,COASTAL A. P. & YANAM,ANDHRA PRADESH,VISHAKHAPATNAM,0.1,5.0,-97.0,LD,287.3,483.6,-41.0,D,2026-09-16 10:58:47.980511
2026-09-16,2026-06-01,2026-09-16,district,COASTAL A. P. & YANAM,ANDHRA PRADESH,VIZIANAGARAM,7.3,8.7,-16.0,N,411.0,606.8,-32.0,D,2026-09-16 10:58:47.980511
2026-09-16,2026-06-01,2026-09-16,district,COASTAL A. P. & YANAM,ANDHRA PRADESH,WEST GODAVARI,0.0,2.7,-100.0,NR,407.3,650.7,-37.0,D,2026-09-16 10:58:47.980511
2026-09-16,2026-06-01,2026-09-16,district,COASTAL A. P. & YANAM,PUDUCHERRY (UT),YANAM,0.0,3.4,-100.0,NR,394.6,643.5,-39.0,D,2026-09-16 10:58:47.980511
2026-09-16,2026-06-01,2026-09-16,district,COASTAL KARNATAKA,KARNATAKA,DAKSHINA KANNADA,0.0,10.8,-100.0,NR,2455.9,3192.6,-23.0,D,2026-09-16 10:58:47.980511
2026-09-16,2026-06-01,2026-09-16,district,COASTAL KARNATAKA,KARNATAKA,UDUPI,0.0,13.4,-100.0,NR,2555.1,3615.1,-29.0,D,2026-09-16 10:58:47.980511
2026-09-16,2026-06-01,2026-09-16,district,COASTAL KARNATAKA,KARNATAKA,UTTARA KANNADA,0.0,9.3,-100.0,NR,1862.3,2635.2,-29.0,D,2026-09-16 10:58:47.980511
2026-09-16,2026-06-01,2026-09-16,district,EAST MADHYA PRADESH,MADHYA PRADESH,ANUPPUR,2.0,6.8,-71.0,LD,1008.1,933.7,8.0,N,2026-09-16 10:58:47.980511
2026-09-16,2026-06-01,2026-09-16,district,EAST MADHYA PRADESH,MADHYA PRADESH,BALAGHAT,0.0,4.6,-100.0,NR,1063.0,1175.3,-10.0,N,2026-09-16 10:58:47.980511
2026-09-16,2026-06-01,2026-09-16,district,EAST MADHYA PRADESH,MADHYA PRADESH,CHHATARPUR,1.5,6.9,-78.0,LD,950.0,897.4,6.0,N,2026-09-16 10:58:47.980511
2026-09-16,2026-06-01,2026-09-16,district,EAST MADHYA PRADESH,MADHYA PRADESH,CHHINDWARA,7.8,8.3,-6.0,N,731.7,974.5,-25.0,D,2026-09-16 10:58:47.980511
2026-09-16,2026-06-01,2026-09-16,district,EAST MADHYA PRADESH,MADHYA PRADESH,DAMOH,0.7,9.9,-93.0,LD,937.2,1040.8,-10.0,N,2026-09-16 10:58:47.980511
2026-09-16,2026-06-01,2026-09-16,district,EAST MADHYA PRADESH,MADHYA PRADESH,DINDORI,0.0,6.3,-100.0,NR,1028.5,1135.1,-9.0,N,2026-09-16 10:58:47.980511
2026-09-16,2026-06-01,2026-09-16,district,EAST MADHYA PRADESH,MADHYA PRADESH,JABALPUR,14.8,7.6,94.0,LE,896.0,1078.6,-17.0,N,2026-09-16 10:58:47.980511
2026-09-16,2026-06-01,2026-09-16,district,EAST MADHYA PRADESH,MADHYA PRADESH,KATNI,0.4,6.8,-94.0,LD,829.5,902.9,-8.0,N,2026-09-16 10:58:47.980511
2026-09-16,2026-06-01,2026-09-16,district,EAST MADHYA PRADESH,MADHYA PRADESH,MAIHAR,9.1,4.6,98.0,LE,1052.4,922.9,14.0,N,2026-09-16 10:58:47.980511
2026-09-16,2026-06-01,2026-09-16,district,EAST MADHYA PRADESH,MADHYA PRADESH,MANDLA,3.5,6.8,-49.0,D,1082.5,1138.4,-5.0,N,2026-09-16 10:58:47.980511
2026-09-16,2026-06-01,2026-09-16,district,EAST MADHYA PRADESH,MADHYA PRADESH,MAUGANJ,0.0,10.3,-100.0,NR,1390.7,913.6,52.0,E,2026-09-16 10:58:47.980511
2026-09-16,2026-06-01,2026-09-16,district,EAST MADHYA PRADESH,MADHYA PRADESH,NARSINGHPUR,0.4,8.7,-95.0,LD,912.6,999.0,-9.0,N,2026-09-16 10:58:47.980511
2026-09-16,2026-06-01,2026-09-16,district,EAST MADHYA PRADESH,MADHYA PRADESH,NIWARI,0.0,3.8,-100.0,NR,1157.0,749.9,54.0,E,2026-09-16 10:58:47.980511
2026-09-16,2026-06-01,2026-09-16,district,EAST MADHYA PRADESH,MADHYA PRADESH,PANDHURNA,0.4,4.1,-90.0,LD,605.0,744.0,-19.0,N,2026-09-16 10:58:47.980511
2026-09-16,2026-06-01,2026-09-16,district,EAST MADHYA PRADESH,MADHYA PRADESH,PANNA,0.3,7.2,-96.0,LD,1072.7,1039.1,3.0,N,2026-09-16 10:58:47.980511
2026-09-16,2026-06-01,2026-09-16,district,EAST MADHYA PRADESH,MADHYA PRADESH,REWA,1.5,7.5,-80.0,LD,791.6,939.3,-16.0,N,2026-09-16 10:58:47.980511
2026-09-16,2026-06-01,2026-09-16,district,EAST MADHYA PRADESH,MADHYA PRADESH,SAGAR,3.4,7.2,-53.0,D,847.2,1012.9,-16.0,N,2026-09-16 10:58:47.980511
2026-09-16,2026-06-01,2026-09-16,district,EAST MADHYA PRADESH,MADHYA PRADESH,SATNA,8.4,6.8,23.0,E,1295.1,894.7,45.0,E,2026-09-16 10:58:47.980511
2026-09-16,2026-06-01,2026-09-16,district,EAST MADHYA PRADESH,MADHYA PRADESH,SEONI,10.0,7.3,38.0,E,804.5,965.5,-17.0,N,2026-09-16 10:58:47.980511
2026-09-16,2026-06-01,2026-09-16,district,EAST MADHYA PRADESH,MADHYA PRADESH,SHAHDOL,3.9,7.1,-46.0,D,1106.6,939.1,18.0,N,2026-09-16 10:58:47.980511
2026-09-16,2026-06-01,2026-09-16,district,EAST MADHYA PRADESH,MADHYA PRADESH,SIDHI,0.0,8.3,-100.0,NR,1118.5,985.7,13.0,N,2026-09-16 10:58:47.980511
2026-09-16,2026-06-01,2026-09-16,district,EAST MADHYA PRADESH,MADHYA PRADESH,SINGRAULI,0.8,8.3,-90.0,LD,1052.5,974.5,8.0,N,2026-09-16 10:58:47.980511
2026-09-16,2026-06-01,2026-09-16,district,EAST MADHYA PRADESH,MADHYA PRADESH,TIKAMGARH,0.0,4.8,-100.0,NR,902.0,870.7,4.0,N,2026-09-16 10:58:47.980511
2026-09-16,2026-06-01,2026-09-16,district,EAST MADHYA PRADESH,MADHYA PRADESH,UMARIA,0.2,6.6,-96.0,LD,1082.1,1020.9,6.0,N,2026-09-16 10:58:47.980511
2026-09-16,2026-06-01,2026-09-16,district,EAST RAJASTHAN,RAJASTHAN,AJMER,1.6,1.5,6.0,N,346.2,440.8,-21.0,D,2026-09-16 10:58:47.980511
2026-09-16,2026-06-01,2026-09-16,district,EAST RAJASTHAN,RAJASTHAN,ALWAR,0.0,2.3,-100.0,NR,502.9,523.8,-4.0,N,2026-09-16 10:58:47.980511
2026-09-16,2026-06-01,2026-09-16,district,EAST RAJASTHAN,RAJASTHAN,BANSWARA,0.0,3.3,-100.0,NR,440.1,846.1,-48.0,D,2026-09-16 10:58:47.980511
2026-09-16,2026-06-01,2026-09-16,district,EAST RAJASTHAN,RAJASTHAN,BARAN,0.0,5.0,-100.0,NR,644.8,805.1,-20.0,D,2026-09-16 10:58:47.980511
2026-09-16,2026-06-01,2026-09-16,district,EAST RAJASTHAN,RAJASTHAN,BHARATPUR,1.7,2.7,-37.0,D,657.7,520.5,26.0,E,2026-09-16 10:58:47.980511
2026-09-16,2026-06-01,2026-09-16,district,EAST RAJASTHAN,RAJASTHAN,BHILWARA,0.2,3.3,-93.0,LD,391.8,582.6,-33.0,D,2026-09-16 10:58:47.980511
2026-09-16,2026-06-01,2026-09-16,district,EAST RAJASTHAN,RAJASTHAN,BUNDI,0.0,3.2,-100.0,NR,506.9,626.7,-19.0,N,2026-09-16 10:58:47.980511
2026-09-16,2026-06-01,2026-09-16,district,EAST RAJASTHAN,RAJASTHAN,CHITTORGARH,0.0,3.9,-100.0,NR,531.8,701.2,-24.0,D,2026-09-16 10:58:47.980511
2026-09-16,2026-06-01,2026-09-16,district,EAST RAJASTHAN,RAJASTHAN,DAUSA,0.0,3.0,-100.0,NR,621.0,575.3,8.0,N,2026-09-16 10:58:47.980511
2026-09-16,2026-06-01,2026-09-16,district,EAST RAJASTHAN,RAJASTHAN,DHOLPUR,1.7,5.2,-68.0,LD,703.2,560.8,25.0,E,2026-09-16 10:58:47.980511
2026-09-16,2026-06-01,2026-09-16,district,EAST RAJASTHAN,RAJASTHAN,DUNGARPUR,0.2,3.0,-94.0,LD,408.8,674.8,-39.0,D,2026-09-16 10:58:47.980511
2026-09-16,2026-06-01,2026-09-16,district,EAST RAJASTHAN,RAJASTHAN,JAIPUR,0.4,3.0,-88.0,LD,383.7,507.2,-24.0,D,2026-09-16 10:58:47.980511
2026-09-16,2026-06-01,2026-09-16,district,EAST RAJASTHAN,RAJASTHAN,JHALAWAR,0.0,5.7,-100.0,NR,765.1,852.7,-10.0,N,2026-09-16 10:58:47.980511
2026-09-16,2026-06-01,2026-09-16,district,EAST RAJASTHAN,RAJASTHAN,JHUNJHUNU,0.0,3.1,-100.0,NR,403.0,391.5,3.0,N,2026-09-16 10:58:47.980511
2026-09-16,2026-06-01,2026-09-16,district,EAST RAJASTHAN,RAJASTHAN,KARAULI,1.7,4.4,-62.0,LD,537.0,578.4,-7.0,N,2026-09-16 10:58:47.980511
2026-09-16,2026-06-01,2026-09-16,district,EAST RAJASTHAN,RAJASTHAN,KOTA,1.4,4.5,-68.0,LD,525.0,712.5,-26.0,D,2026-09-16 10:58:47.980511
2026-09-16,2026-06-01,2026-09-16,district,EAST RAJASTHAN,RAJASTHAN,PRATAPGARH,0.0,5.0,-100.0,NR,708.1,875.3,-19.0,N,2026-09-16 10:58:47.980511
2026-09-16,2026-06-01,2026-09-16,district,EAST RAJASTHAN,RAJASTHAN,RAJSAMAND,0.1,3.0,-95.0,LD,332.3,514.7,-35.0,D,2026-09-16 10:58:47.980511
2026-09-16,2026-06-01,2026-09-16,district,EAST RAJASTHAN,RAJASTHAN,SAWAI MADHOPUR,0.1,4.5,-97.0,LD,529.9,644.2,-18.0,N,2026-09-16 10:58:47.980511
2026-09-16,2026-06-01,2026-09-16,district,EAST RAJASTHAN,RAJASTHAN,SIKAR,0.0,2.0,-100.0,NR,353.1,392.6,-10.0,N,2026-09-16 10:58:47.980511
2026-09-16,2026-06-01,2026-09-16,district,EAST RAJASTHAN,RAJASTHAN,SIROHI,0.3,2.8,-90.0,LD,437.9,843.4,-48.0,D,2026-09-16 10:58:47.980511
2026-09-16,2026-06-01,2026-09-16,district,EAST RAJASTHAN,RAJASTHAN,TONK,0.0,2.2,-100.0,NR,453.2,550.6,-18.0,N,2026-09-16 10:58:47.980511
2026-09-16,2026-06-01,2026-09-16,district,EAST RAJASTHAN,RAJASTHAN,UDAIPUR,1.3,2.4,-48.0,D,388.9,584.2,-33.0,D,2026-09-16 10:58:47.980511
2026-09-16,2026-06-01,2026-09-16,district,EAST UTTAR PRADESH,UTTAR PRADESH,AMBEDKAR NAGAR,6.0,4.3,40.0,E,700.5,784.8,-11.0,N,2026-09-16 10:58:47.980511
2026-09-16,2026-06-01,2026-09-16,district,EAST UTTAR PRADESH,UTTAR PRADESH,AMETHI,0.0,3.7,-100.0,NR,369.4,626.8,-41.0,D,2026-09-16 10:58:47.980511
2026-09-16,2026-06-01,2026-09-16,district,EAST UTTAR PRADESH,UTTAR PRADESH,AYODHYA,0.0,5.0,-100.0,NR,672.5,792.4,-15.0,N,2026-09-16 10:58:47.980511
2026-09-16,2026-06-01,2026-09-16,district,EAST UTTAR PRADESH,UTTAR PRADESH,AZAMGARH,0.0,7.4,-100.0,NR,611.7,774.6,-21.0,D,2026-09-16 10:58:47.980511
2026-09-16,2026-06-01,2026-09-16,district,EAST UTTAR PRADESH,UTTAR PRADESH,BAHRAICH,0.0,9.5,-100.0,NR,1024.6,913.3,12.0,N,2026-09-16 10:58:47.980511
2026-09-16,2026-06-01,2026-09-16,district,EAST UTTAR PRADESH,UTTAR PRADESH,BALLIA,0.0,5.5,-100.0,NR,540.5,654.7,-17.0,N,2026-09-16 10:58:47.980511
2026-09-16,2026-06-01,2026-09-16,district,EAST UTTAR PRADESH,UTTAR PRADESH,BALRAMPUR,0.0,0.9,-100.0,NR,606.8,737.4,-18.0,N,2026-09-16 10:58:47.980511
2026-09-16,2026-06-01,2026-09-16,district,EAST UTTAR PRADESH,UTTAR PRADESH,BANDA,1.1,8.0,-86.0,LD,1129.1,727.6,55.0,E,2026-09-16 10:58:47.980511
2026-09-16,2026-06-01,2026-09-16,district,EAST UTTAR PRADESH,UTTAR PRADESH,BARABANKI,0.0,8.0,-100.0,NR,764.4,762.2,0.0,N,2026-09-16 10:58:47.980511
2026-09-16,2026-06-01,2026-09-16,district,EAST UTTAR PRADESH,UTTAR PRADESH,BASTI,3.0,3.3,-8.0,N,624.1,764.1,-18.0,N,2026-09-16 10:58:47.980511
2026-09-16,2026-06-01,2026-09-16,district,EAST UTTAR PRADESH,UTTAR PRADESH,BHADOHI,0.0,4.7,-100.0,NR,294.2,733.9,-60.0,LD,2026-09-16 10:58:47.980511
2026-09-16,2026-06-01,2026-09-16,district,EAST UTTAR PRADESH,UTTAR PRADESH,CHANDAULI,0.0,5.0,-100.0,NR,518.5,666.4,-22.0,D,2026-09-16 10:58:47.980511
2026-09-16,2026-06-01,2026-09-16,district,EAST UTTAR PRADESH,UTTAR PRADESH,CHITRAKOOT,10.0,5.4,85.0,LE,1233.4,737.3,67.0,LE,2026-09-16 10:58:47.980511
2026-09-16,2026-06-01,2026-09-16,district,EAST UTTAR PRADESH,UTTAR PRADESH,DEORIA,0.0,3.9,-100.0,NR,193.0,712.8,-73.0,LD,2026-09-16 10:58:47.980511
2026-09-16,2026-06-01,2026-09-16,district,EAST UTTAR PRADESH,UTTAR PRADESH,FARRUKHABAD,0.0,13.1,-100.0,NR,544.9,691.5,-21.0,D,2026-09-16 10:58:47.980511
2026-09-16,2026-06-01,2026-09-16,district,EAST UTTAR PRADESH,UTTAR PRADESH,FATEHPUR,0.0,5.7,-100.0,NR,631.4,655.4,-4.0,N,2026-09-16 10:58:47.980511
2026-09-16,2026-06-01,2026-09-16,district,EAST UTTAR PRADESH,UTTAR PRADESH,GHAZIPUR,0.4,8.3,-95.0,LD,571.1,726.4,-21.0,D,2026-09-16 10:58:47.980511
2026-09-16,2026-06-01,2026-09-16,district,EAST UTTAR PRADESH,UTTAR PRADESH,GONDA,0.0,6.7,-100.0,NR,745.1,805.3,-7.0,N,2026-09-16 10:58:47.980511
2026-09-16,2026-06-01,2026-09-16,district,EAST UTTAR PRADESH,UTTAR PRADESH,GORAKHPUR,0.0,7.9,-100.0,NR,756.0,1140.2,-34.0,D,2026-09-16 10:58:47.980511
2026-09-16,2026-06-01,2026-09-16,district,EAST UTTAR PRADESH,UTTAR PRADESH,HARDOI,0.0,8.2,-100.0,NR,575.8,629.3,-9.0,N,2026-09-16 10:58:47.980511
2026-09-16,2026-06-01,2026-09-16,district,EAST UTTAR PRADESH,UTTAR PRADESH,JAUNPUR,0.2,6.1,-96.0,LD,281.0,670.0,-58.0,D,2026-09-16 10:58:47.980511
2026-09-16,2026-06-01,2026-09-16,district,EAST UTTAR PRADESH,UTTAR PRADESH,KANNAUJ,0.0,5.4,-100.0,NR,820.1,636.7,29.0,E,2026-09-16 10:58:47.980511
2026-09-16,2026-06-01,2026-09-16,district,EAST UTTAR PRADESH,UTTAR PRADESH,KANPUR CITY,7.6,4.4,72.0,LE,873.1,581.4,50.0,E,2026-09-16 10:58:47.980511
2026-09-16,2026-06-01,2026-09-16,district,EAST UTTAR PRADESH,UTTAR PRADESH,KANPUR DEHAT,0.0,3.9,-100.0,NR,198.9,543.2,-63.0,LD,2026-09-16 10:58:47.980511
2026-09-16,2026-06-01,2026-09-16,district,EAST UTTAR PRADESH,UTTAR PRADESH,KAUSHAMBI,0.0,2.8,-100.0,NR,322.6,514.4,-37.0,D,2026-09-16 10:58:47.980511
2026-09-16,2026-06-01,2026-09-16,district,EAST UTTAR PRADESH,UTTAR PRADESH,KHERI,9.1,10.8,-16.0,N,945.3,850.3,11.0,N,2026-09-16 10:58:47.980511
2026-09-16,2026-06-01,2026-09-16,district,EAST UTTAR PRADESH,UTTAR PRADESH,KUSHI NAGAR,0.0,6.5,-100.0,NR,236.1,678.2,-65.0,LD,2026-09-16 10:58:47.980511
2026-09-16,2026-06-01,2026-09-16,district,EAST UTTAR PRADESH,UTTAR PRADESH,LUCKNOW,0.0,8.9,-100.0,NR,647.6,626.7,3.0,N,2026-09-16 10:58:47.980511
2026-09-16,2026-06-01,2026-09-16,district,EAST UTTAR PRADESH,UTTAR PRADESH,MAHARAJGANJ,3.1,6.2,-50.0,D,739.6,926.6,-20.0,D,2026-09-16 10:58:47.980511
2026-09-16,2026-06-01,2026-09-16,district,EAST UTTAR PRADESH,UTTAR PRADESH,MAU,2.5,7.4,-66.0,LD,323.5,734.7,-56.0,D,2026-09-16 10:58:47.980511
2026-09-16,2026-06-01,2026-09-16,district,EAST UTTAR PRADESH,UTTAR PRADESH,MIRZAPUR,0.0,7.4,-100.0,NR,839.8,821.8,2.0,N,2026-09-16 10:58:47.980511
2026-09-16,2026-06-01,2026-09-16,district,EAST UTTAR PRADESH,UTTAR PRADESH,PRATAPGARH,7.0,7.4,-5.0,N,869.8,722.2,20.0,E,2026-09-16 10:58:47.980511
2026-09-16,2026-06-01,2026-09-16,district,EAST UTTAR PRADESH,UTTAR PRADESH,PRAYAGRAJ,3.8,6.2,-39.0,D,922.0,677.3,36.0,E,2026-09-16 10:58:47.980511
2026-09-16,2026-06-01,2026-09-16,district,EAST UTTAR PRADESH,UTTAR PRADESH,RAE BAREILLY,0.0,3.4,-100.0,NR,329.0,402.6,-18.0,N,2026-09-16 10:58:47.980511
2026-09-16,2026-06-01,2026-09-16,district,EAST UTTAR PRADESH,UTTAR PRADESH,SANT KABIR NAGAR,1.3,5.1,-75.0,LD,507.8,913.2,-44.0,D,2026-09-16 10:58:47.980511
2026-09-16,2026-06-01,2026-09-16,district,EAST UTTAR PRADESH,UTTAR PRADESH,SHRAWASTI,0.0,4.5,-100.0,NR,677.9,997.0,-32.0,D,2026-09-16 10:58:47.980511
2026-09-16,2026-06-01,2026-09-16,district,EAST UTTAR PRADESH,UTTAR PRADESH,SIDDHARTH NAGAR,1.5,4.4,-67.0,LD,624.5,965.5,-35.0,D,2026-09-16 10:58:47.980511
2026-09-16,2026-06-01,2026-09-16,district,EAST UTTAR PRADESH,UTTAR PRADESH,SITAPUR,0.0,8.4,-100.0,NR,554.1,780.4,-29.0,D,2026-09-16 10:58:47.980511
2026-09-16,2026-06-01,2026-09-16,district,EAST UTTAR PRADESH,UTTAR PRADESH,SONBHADRA,0.0,7.4,-100.0,NR,809.9,806.8,0.0,N,2026-09-16 10:58:47.980511
2026-09-16,2026-06-01,2026-09-16,district,EAST UTTAR PRADESH,UTTAR PRADESH,SULTANPUR,0.0,5.4,-100.0,NR,771.6,765.8,1.0,N,2026-09-16 10:58:47.980511
2026-09-16,2026-06-01,2026-09-16,district,EAST UTTAR PRADESH,UTTAR PRADESH,UNNAO,0.0,7.7,-100.0,NR,440.3,611.5,-28.0,D,2026-09-16 10:58:47.980511
2026-09-16,2026-06-01,2026-09-16,district,EAST UTTAR PRADESH,UTTAR PRADESH,VARANASI,6.5,8.6,-24.0,D,860.3,751.3,15.0,N,2026-09-16 10:58:47.980511
2026-09-16,2026-06-01,2026-09-16,district,GANGETIC WEST BENGAL,WEST BENGAL,BANKURA,0.1,5.9,-98.0,LD,1078.4,1049.7,3.0,N,2026-09-16 10:58:47.980511
2026-09-16,2026-06-01,2026-09-16,district,GANGETIC WEST BENGAL,WEST BENGAL,BIRBHUM,3.3,5.9,-43.0,D,859.6,991.1,-13.0,N,2026-09-16 10:58:47.980511
2026-09-16,2026-06-01,2026-09-16,district,GANGETIC WEST BENGAL,WEST BENGAL,EAST MIDNAPORE,0.0,8.2,-100.0,NR,1697.2,1138.0,49.0,E,2026-09-16 10:58:47.980511
2026-09-16,2026-06-01,2026-09-16,district,GANGETIC WEST BENGAL,WEST BENGAL,HOOGHLY,0.0,5.1,-100.0,NR,940.7,938.1,0.0,N,2026-09-16 10:58:47.980511
2026-09-16,2026-06-01,2026-09-16,district,GANGETIC WEST BENGAL,WEST BENGAL,HOWRAH,0.0,7.7,-100.0,NR,1141.4,1048.2,9.0,N,2026-09-16 10:58:47.980511
2026-09-16,2026-06-01,2026-09-16,district,GANGETIC WEST BENGAL,WEST BENGAL,JHARGRAM,0.0,6.1,-100.0,NR,1018.2,1052.8,-3.0,N,2026-09-16 10:58:47.980511
2026-09-16,2026-06-01,2026-09-16,district,GANGETIC WEST BENGAL,WEST BENGAL,KOLKATA,0.0,7.2,-100.0,NR,1489.9,1192.7,25.0,E,2026-09-16 10:58:47.980511
2026-09-16,2026-06-01,2026-09-16,district,GANGETIC WEST BENGAL,WEST BENGAL,MURSHIDABAD,0.0,7.5,-100.0,NR,752.8,881.1,-15.0,N,2026-09-16 10:58:47.980511
2026-09-16,2026-06-01,2026-09-16,district,GANGETIC WEST BENGAL,WEST BENGAL,NADIA,0.0,6.5,-100.0,NR,676.1,832.4,-19.0,N,2026-09-16 10:58:47.980511
2026-09-16,2026-06-01,2026-09-16,district,GANGETIC WEST BENGAL,WEST BENGAL,NORTH 24 PARGANAS,11.9,5.4,120.0,LE,1313.8,1025.5,28.0,E,2026-09-16 10:58:47.980511
2026-09-16,2026-06-01,2026-09-16,district,GANGETIC WEST BENGAL,WEST BENGAL,PASCHIM BARDHAMAN,1.7,6.8,-75.0,LD,1092.0,986.4,11.0,N,2026-09-16 10:58:47.980511
2026-09-16,2026-06-01,2026-09-16,district,GANGETIC WEST BENGAL,WEST BENGAL,PURBA BARDHAMAN,0.0,6.5,-100.0,NR,862.4,926.4,-7.0,N,2026-09-16 10:58:47.980511
2026-09-16,2026-06-01,2026-09-16,district,GANGETIC WEST BENGAL,WEST BENGAL,PURULIA,15.6,7.2,117.0,LE,838.2,995.5,-16.0,N,2026-09-16 10:58:47.980511
2026-09-16,2026-06-01,2026-09-16,district,GANGETIC WEST BENGAL,WEST BENGAL,SOUTH 24 PARGANAS,0.0,7.7,-100.0,NR,1434.4,1295.9,11.0,N,2026-09-16 10:58:47.980511
2026-09-16,2026-06-01,2026-09-16,district,GANGETIC WEST BENGAL,WEST BENGAL,WEST MIDNAPORE,0.0,6.1,-100.0,NR,1369.9,1052.8,30.0,E,2026-09-16 10:58:47.980511
2026-09-16,2026-06-01,2026-09-16,district,GUJARAT REGION,DADRA & NAGAR HAVELI AND DAMAN & DIU (UT),DADARA & NAGAR HAVELI,6.8,7.5,-9.0,N,3123.1,2150.7,45.0,E,2026-09-16 10:58:47.980511
2026-09-16,2026-06-01,2026-09-16,district,GUJARAT REGION,DADRA & NAGAR HAVELI AND DAMAN & DIU (UT),DAMAN,9.6,7.5,28.0,E,2779.1,2150.7,29.0,E,2026-09-16 10:58:47.980511
2026-09-16,2026-06-01,2026-09-16,district,GUJARAT REGION,GUJARAT,AHMEDABAD,0.6,1.9,-67.0,LD,629.3,623.1,1.0,N,2026-09-16 10:58:47.980511
2026-09-16,2026-06-01,2026-09-16,district,GUJARAT REGION,GUJARAT,ANAND,2.1,3.5,-40.0,D,862.2,781.0,10.0,N,2026-09-16 10:58:47.980511
2026-09-16,2026-06-01,2026-09-16,district,GUJARAT REGION,GUJARAT,ARAVALLI,0.3,1.8,-84.0,LD,468.8,804.9,-42.0,D,2026-09-16 10:58:47.980511
2026-09-16,2026-06-01,2026-09-16,district,GUJARAT REGION,GUJARAT,BANASKANTHA,0.2,2.4,-92.0,LD,398.4,572.2,-30.0,D,2026-09-16 10:58:47.980511
2026-09-16,2026-06-01,2026-09-16,district,GUJARAT REGION,GUJARAT,BHARUCH,2.3,4.5,-48.0,D,909.8,675.2,35.0,E,2026-09-16 10:58:47.980511
2026-09-16,2026-06-01,2026-09-16,district,GUJARAT REGION,GUJARAT,CHHOTA UDEPUR,0.8,7.6,-89.0,LD,670.1,928.1,-28.0,D,2026-09-16 10:58:47.980511
2026-09-16,2026-06-01,2026-09-16,district,GUJARAT REGION,GUJARAT,DAHOD,0.6,3.3,-83.0,LD,435.2,744.4,-42.0,D,2026-09-16 10:58:47.980511
2026-09-16,2026-06-01,2026-09-16,district,GUJARAT REGION,GUJARAT,DANGS,2.1,9.9,-79.0,LD,2529.2,2092.6,21.0,E,2026-09-16 10:58:47.980511
2026-09-16,2026-06-01,2026-09-16,district,GUJARAT REGION,GUJARAT,GANDHINAGAR,0.5,3.2,-84.0,LD,531.4,718.1,-26.0,D,2026-09-16 10:58:47.980511
2026-09-16,2026-06-01,2026-09-16,district,GUJARAT REGION,GUJARAT,KHEDA,3.8,2.6,46.0,E,990.4,772.4,28.0,E,2026-09-16 10:58:47.980511
2026-09-16,2026-06-01,2026-09-16,district,GUJARAT REGION,GUJARAT,MAHISAGAR,0.6,2.2,-74.0,LD,732.4,770.9,-5.0,N,2026-09-16 10:58:47.980511
2026-09-16,2026-06-01,2026-09-16,district,GUJARAT REGION,GUJARAT,MEHSANA,0.5,3.3,-86.0,LD,525.5,665.1,-21.0,D,2026-09-16 10:58:47.980511
2026-09-16,2026-06-01,2026-09-16,district,GUJARAT REGION,GUJARAT,NARMADA,0.2,4.5,-96.0,LD,987.6,976.2,1.0,N,2026-09-16 10:58:47.980511
2026-09-16,2026-06-01,2026-09-16,district,GUJARAT REGION,GUJARAT,NAVSARI,1.6,7.4,-78.0,LD,2355.6,1712.6,38.0,E,2026-09-16 10:58:47.980511
2026-09-16,2026-06-01,2026-09-16,district,GUJARAT REGION,GUJARAT,PANCHMAHAL,0.7,4.0,-82.0,LD,783.7,887.3,-12.0,N,2026-09-16 10:58:47.980511
2026-09-16,2026-06-01,2026-09-16,district,GUJARAT REGION,GUJARAT,PATAN,1.6,0.9,73.0,LE,444.1,527.8,-16.0,N,2026-09-16 10:58:47.980511
2026-09-16,2026-06-01,2026-09-16,district,GUJARAT REGION,GUJARAT,SABARKANTHA,0.8,1.8,-58.0,D,480.7,790.9,-39.0,D,2026-09-16 10:58:47.980511
2026-09-16,2026-06-01,2026-09-16,district,GUJARAT REGION,GUJARAT,SURAT,1.9,6.0,-68.0,LD,1585.0,1206.8,31.0,E,2026-09-16 10:58:47.980511
2026-09-16,2026-06-01,2026-09-16,district,GUJARAT REGION,GUJARAT,TAPI,0.2,7.2,-97.0,LD,1433.4,1305.7,10.0,N,2026-09-16 10:58:47.980511
2026-09-16,2026-06-01,2026-09-16,district,GUJARAT REGION,GUJARAT,VADODARA,1.3,4.6,-73.0,LD,612.1,839.3,-27.0,D,2026-09-16 10:58:47.980511
2026-09-16,2026-06-01,2026-09-16,district,GUJARAT REGION,GUJARAT,VALSAD,5.3,7.2,-26.0,D,2841.7,1941.3,46.0,E,2026-09-16 10:58:47.980511
2026-09-16,2026-06-01,2026-09-16,district,HAR. CHD & DELHI,CHANDIGARH (UT),CHANDIGARH,0.0,1.3,-99.0,LD,715.4,818.4,-13.0,N,2026-09-16 10:58:47.980511
2026-09-16,2026-06-01,2026-09-16,district,HAR. CHD & DELHI,DELHI,CENTRAL DELHI,0.0,1.7,-100.0,NR,766.6,631.5,21.0,E,2026-09-16 10:58:47.980511
2026-09-16,2026-06-01,2026-09-16,district,HAR. CHD & DELHI,DELHI,EAST DELHI,0.0,1.7,-100.0,NR,560.3,631.5,-11.0,N,2026-09-16 10:58:47.980511
2026-09-16,2026-06-01,2026-09-16,district,HAR. CHD & DELHI,DELHI,NEW DELHI,0.0,4.2,-100.0,NR,598.8,609.7,-2.0,N,2026-09-16 10:58:47.980511
2026-09-16,2026-06-01,2026-09-16,district,HAR. CHD & DELHI,DELHI,NORTH EAST DELHI,0.0,1.7,-100.0,NR,582.4,631.5,-8.0,N,2026-09-16 10:58:47.980511
2026-09-16,2026-06-01,2026-09-16,district,HAR. CHD & DELHI,DELHI,NORTH WEST DELHI,0.0,1.8,-100.0,NR,410.8,386.8,6.0,N,2026-09-16 10:58:47.980511
2026-09-16,2026-06-01,2026-09-16,district,HAR. CHD & DELHI,DELHI,SOUTH DELHI,0.5,1.7,-71.0,LD,595.9,631.5,-6.0,N,2026-09-16 10:58:47.980511
2026-09-16,2026-06-01,2026-09-16,district,HAR. CHD & DELHI,DELHI,SOUTH EAST DELHI,0.0,1.7,-100.0,NR,694.4,631.5,10.0,N,2026-09-16 10:58:47.980511
2026-09-16,2026-06-01,2026-09-16,district,HAR. CHD & DELHI,DELHI,SOUTH WEST DELHI,0.1,4.7,-97.0,LD,412.5,527.0,-22.0,D,2026-09-16 10:58:47.980511
2026-09-16,2026-06-01,2026-09-16,district,HAR. CHD & DELHI,DELHI,WEST DELHI,0.0,4.9,-100.0,NR,701.0,571.8,23.0,E,2026-09-16 10:58:47.980511
2026-09-16,2026-06-01,2026-09-16,district,HAR. CHD & DELHI,HARYANA,AMBALA,0.0,3.2,-99.0,LD,399.3,774.8,-48.0,D,2026-09-16 10:58:47.980511
2026-09-16,2026-06-01,2026-09-16,district,HAR. CHD & DELHI,HARYANA,BHIWANI,0.0,1.6,-100.0,NR,264.3,281.1,-6.0,N,2026-09-16 10:58:47.980511
2026-09-16,2026-06-01,2026-09-16,district,HAR. CHD & DELHI,HARYANA,CHARKHI DADRI,0.0,4.1,-100.0,NR,345.6,387.0,-11.0,N,2026-09-16 10:58:47.980511
2026-09-16,2026-06-01,2026-09-16,district,HAR. CHD & DELHI,HARYANA,FARIDABAD,0.0,2.4,-100.0,NR,528.5,533.1,-1.0,N,2026-09-16 10:58:47.980511
2026-09-16,2026-06-01,2026-09-16,district,HAR. CHD & DELHI,HARYANA,FATEHABAD,0.0,1.6,-100.0,NR,226.2,245.6,-8.0,N,2026-09-16 10:58:47.980511
2026-09-16,2026-06-01,2026-09-16,district,HAR. CHD & DELHI,HARYANA,GURGAON,0.1,2.7,-98.0,LD,476.6,471.7,1.0,N,2026-09-16 10:58:47.980511
2026-09-16,2026-06-01,2026-09-16,district,HAR. CHD & DELHI,HARYANA,HISAR,0.0,2.4,-100.0,NR,206.8,283.9,-27.0,D,2026-09-16 10:58:47.980511
2026-09-16,2026-06-01,2026-09-16,district,HAR. CHD & DELHI,HARYANA,JHAJJAR,0.0,2.9,-100.0,NR,308.4,364.4,-15.0,N,2026-09-16 10:58:47.980511
2026-09-16,2026-06-01,2026-09-16,district,HAR. CHD & DELHI,HARYANA,JIND,0.0,1.0,-100.0,NR,145.5,367.3,-60.0,LD,2026-09-16 10:58:47.980511
2026-09-16,2026-06-01,2026-09-16,district,HAR. CHD & DELHI,HARYANA,KAITHAL,0.0,1.2,-100.0,NR,176.7,347.5,-49.0,D,2026-09-16 10:58:47.980511
2026-09-16,2026-06-01,2026-09-16,district,HAR. CHD & DELHI,HARYANA,KARNAL,0.0,2.4,-100.0,NR,269.5,493.4,-45.0,D,2026-09-16 10:58:47.980511
2026-09-16,2026-06-01,2026-09-16,district,HAR. CHD & DELHI,HARYANA,KURUKSHETRA,0.1,2.6,-98.0,LD,357.1,392.5,-9.0,N,2026-09-16 10:58:47.980511
2026-09-16,2026-06-01,2026-09-16,district,HAR. CHD & DELHI,HARYANA,MAHENDRAGARH,0.0,1.9,-100.0,NR,301.0,380.7,-21.0,D,2026-09-16 10:58:47.980511
2026-09-16,2026-06-01,2026-09-16,district,HAR. CHD & DELHI,HARYANA,NUH,0.0,1.4,-100.0,NR,455.8,461.3,-1.0,N,2026-09-16 10:58:47.980511
2026-09-16,2026-06-01,2026-09-16,district,HAR. CHD & DELHI,HARYANA,PALWAL,0.0,2.1,-100.0,NR,473.4,381.8,24.0,E,2026-09-16 10:58:47.980511
2026-09-16,2026-06-01,2026-09-16,district,HAR. CHD & DELHI,HARYANA,PANCHKULA,0.3,3.4,-93.0,LD,664.9,820.9,-19.0,N,2026-09-16 10:58:47.980511
2026-09-16,2026-06-01,2026-09-16,district,HAR. CHD & DELHI,HARYANA,PANIPAT,0.0,2.6,-100.0,NR,303.7,434.2,-30.0,D,2026-09-16 10:58:47.980511
2026-09-16,2026-06-01,2026-09-16,district,HAR. CHD & DELHI,HARYANA,REWARI,0.0,2.2,-100.0,NR,373.1,412.7,-10.0,N,2026-09-16 10:58:47.980511
2026-09-16,2026-06-01,2026-09-16,district,HAR. CHD & DELHI,HARYANA,ROHTAK,0.0,3.5,-100.0,NR,239.2,447.6,-47.0,D,2026-09-16 10:58:47.980511
2026-09-16,2026-06-01,2026-09-16,district,HAR. CHD & DELHI,HARYANA,SIRSA,0.0,1.2,-100.0,NR,88.1,201.7,-56.0,D,2026-09-16 10:58:47.980511
2026-09-16,2026-06-01,2026-09-16,district,HAR. CHD & DELHI,HARYANA,SONEPAT,0.0,2.8,-100.0,NR,310.8,455.9,-32.0,D,2026-09-16 10:58:47.980511
2026-09-16,2026-06-01,2026-09-16,district,HAR. CHD & DELHI,HARYANA,YAMUNA NAGAR,0.0,3.1,-100.0,NR,734.7,855.9,-14.0,N,2026-09-16 10:58:47.980511
2026-09-16,2026-06-01,2026-09-16,district,HIMACHAL PRADESH,HIMACHAL PRADESH,BILASPUR,0.6,1.3,-57.0,D,850.2,779.9,9.0,N,2026-09-16 10:58:47.980511
2026-09-16,2026-06-01,2026-09-16,district,HIMACHAL PRADESH,HIMACHAL PRADESH,CHAMBA,3.8,3.7,1.0,N,693.8,810.5,-14.0,N,2026-09-16 10:58:47.980511
2026-09-16,2026-06-01,2026-09-16,district,HIMACHAL PRADESH,HIMACHAL PRADESH,HAMIRPUR,0.2,2.3,-91.0,LD,612.9,929.0,-34.0,D,2026-09-16 10:58:47.980511
2026-09-16,2026-06-01,2026-09-16,district,HIMACHAL PRADESH,HIMACHAL PRADESH,KANGRA,5.1,4.8,6.0,N,1486.4,1553.8,-4.0,N,2026-09-16 10:58:47.980511
2026-09-16,2026-06-01,2026-09-16,district,HIMACHAL PRADESH,HIMACHAL PRADESH,KINNAUR,3.4,1.1,205.0,LE,247.6,222.3,11.0,N,2026-09-16 10:58:47.980511
2026-09-16,2026-06-01,2026-09-16,district,HIMACHAL PRADESH,HIMACHAL PRADESH,KULLU,1.0,1.8,-42.0,D,520.4,508.2,2.0,N,2026-09-16 10:58:47.980511
2026-09-16,2026-06-01,2026-09-16,district,HIMACHAL PRADESH,HIMACHAL PRADESH,LAHAUL & SPITI,0.0,2.0,-100.0,NR,110.5,345.0,-68.0,LD,2026-09-16 10:58:47.980511
2026-09-16,2026-06-01,2026-09-16,district,HIMACHAL PRADESH,HIMACHAL PRADESH,MANDI,1.6,3.5,-54.0,D,981.2,1056.4,-7.0,N,2026-09-16 10:58:47.980511
2026-09-16,2026-06-01,2026-09-16,district,HIMACHAL PRADESH,HIMACHAL PRADESH,SHIMLA,1.1,1.7,-38.0,D,748.6,588.5,27.0,E,2026-09-16 10:58:47.980511
2026-09-16,2026-06-01,2026-09-16,district,HIMACHAL PRADESH,HIMACHAL PRADESH,SIRMAUR,0.3,3.0,-89.0,LD,1252.7,1130.3,11.0,N,2026-09-16 10:58:47.980511
2026-09-16,2026-06-01,2026-09-16,district,HIMACHAL PRADESH,HIMACHAL PRADESH,SOLAN,2.3,1.8,29.0,E,811.2,825.4,-2.0,N,2026-09-16 10:58:47.980511
2026-09-16,2026-06-01,2026-09-16,district,HIMACHAL PRADESH,HIMACHAL PRADESH,UNA,0.0,3.0,-100.0,NR,772.8,909.2,-15.0,N,2026-09-16 10:58:47.980511
2026-09-16,2026-06-01,2026-09-16,district,J & K AND LADAKH,JAMMU & KASHMIR(UT),ANANTNAG,0.0,1.3,-100.0,NR,305.7,300.0,2.0,N,2026-09-16 10:58:47.980511
2026-09-16,2026-06-01,2026-09-16,district,J & K AND LADAKH,JAMMU & KASHMIR(UT),BADGAM,0.0,0.8,-100.0,NR,137.0,205.9,-33.0,D,2026-09-16 10:58:47.980511
2026-09-16,2026-06-01,2026-09-16,district,J & K AND LADAKH,JAMMU & KASHMIR(UT),BANDIPORA,0.0,0.5,-100.0,NR,203.4,201.9,1.0,N,2026-09-16 10:58:47.980511
2026-09-16,2026-06-01,2026-09-16,district,J & K AND LADAKH,JAMMU & KASHMIR(UT),BARAMULA,0.0,1.0,-100.0,NR,296.2,201.8,47.0,E,2026-09-16 10:58:47.980511
2026-09-16,2026-06-01,2026-09-16,district,J & K AND LADAKH,JAMMU & KASHMIR(UT),DODA,0.0,2.0,-100.0,NR,370.8,395.2,-6.0,N,2026-09-16 10:58:47.980511
2026-09-16,2026-06-01,2026-09-16,district,J & K AND LADAKH,JAMMU & KASHMIR(UT),GANDERBAL,0.1,1.2,-93.0,LD,331.6,254.7,30.0,E,2026-09-16 10:58:47.980511
2026-09-16,2026-06-01,2026-09-16,district,J & K AND LADAKH,JAMMU & KASHMIR(UT),JAMMU,0.1,2.3,-96.0,LD,737.6,899.7,-18.0,N,2026-09-16 10:58:47.980511
2026-09-16,2026-06-01,2026-09-16,district,J & K AND LADAKH,JAMMU & KASHMIR(UT),KATHUA,0.0,7.5,-100.0,NR,1137.2,1207.1,-6.0,N,2026-09-16 10:58:47.980511
2026-09-16,2026-06-01,2026-09-16,district,J & K AND LADAKH,JAMMU & KASHMIR(UT),KISTWAR,0.0,2.0,-100.0,NR,177.8,395.2,-55.0,D,2026-09-16 10:58:47.980511
2026-09-16,2026-06-01,2026-09-16,district,J & K AND LADAKH,JAMMU & KASHMIR(UT),KULGAM,0.0,2.2,-100.0,NR,273.1,310.4,-12.0,N,2026-09-16 10:58:47.980511
2026-09-16,2026-06-01,2026-09-16,district,J & K AND LADAKH,JAMMU & KASHMIR(UT),KUPWARA,0.0,1.4,-100.0,NR,217.5,234.3,-7.0,N,2026-09-16 10:58:47.980511
2026-09-16,2026-06-01,2026-09-16,district,J & K AND LADAKH,JAMMU & KASHMIR(UT),POONCH,0.3,12.6,-98.0,LD,835.3,662.1,26.0,E,2026-09-16 10:58:47.980511
2026-09-16,2026-06-01,2026-09-16,district,J & K AND LADAKH,JAMMU & KASHMIR(UT),PULWAMA,0.0,1.6,-100.0,NR,255.1,179.8,42.0,E,2026-09-16 10:58:47.980511
2026-09-16,2026-06-01,2026-09-16,district,J & K AND LADAKH,JAMMU & KASHMIR(UT),RAJOURI,0.6,7.1,-92.0,LD,687.3,681.5,1.0,N,2026-09-16 10:58:47.980511
2026-09-16,2026-06-01,2026-09-16,district,J & K AND LADAKH,JAMMU & KASHMIR(UT),RAMBAN,0.4,2.9,-86.0,LD,453.2,392.5,15.0,N,2026-09-16 10:58:47.980511
2026-09-16,2026-06-01,2026-09-16,district,J & K AND LADAKH,JAMMU & KASHMIR(UT),REASI,0.3,4.6,-93.0,LD,1298.9,1494.0,-13.0,N,2026-09-16 10:58:47.980511
2026-09-16,2026-06-01,2026-09-16,district,J & K AND LADAKH,JAMMU & KASHMIR(UT),SAMBA,0.0,8.0,-100.0,NR,953.5,773.6,23.0,E,2026-09-16 10:58:47.980511
2026-09-16,2026-06-01,2026-09-16,district,J & K AND LADAKH,JAMMU & KASHMIR(UT),SHOPIAN,0.0,0.7,-100.0,NR,129.6,268.0,-52.0,D,2026-09-16 10:58:47.980511
2026-09-16,2026-06-01,2026-09-16,district,J & K AND LADAKH,JAMMU & KASHMIR(UT),SRINAGAR,0.0,2.5,-100.0,NR,237.7,223.7,6.0,N,2026-09-16 10:58:47.980511
2026-09-16,2026-06-01,2026-09-16,district,J & K AND LADAKH,JAMMU & KASHMIR(UT),UDHAMPUR,0.0,3.0,-100.0,NR,1476.8,942.2,57.0,E,2026-09-16 10:58:47.980511
2026-09-16,2026-06-01,2026-09-16,district,J & K AND LADAKH,LADAKH (UT),KARGIL,0.0,0.3,-100.0,NR,21.6,9.5,109.0,LE,2026-09-16 10:58:47.980511
2026-09-16,2026-06-01,2026-09-16,district,J & K AND LADAKH,LADAKH (UT),LADAKH (LEH),0.0,0.0,-100.0,NR,58.1,22.4,155.0,LE,2026-09-16 10:58:47.980511
2026-09-16,2026-06-01,2026-09-16,district,JHARKHAND,JHARKHAND,BOKARO,0.0,4.7,-100.0,NR,735.7,829.3,-11.0,N,2026-09-16 10:58:47.980511
2026-09-16,2026-06-01,2026-09-16,district,JHARKHAND,JHARKHAND,CHATRA,0.0,11.8,-100.0,NR,656.5,855.3,-23.0,D,2026-09-16 10:58:47.980511
2026-09-16,2026-06-01,2026-09-16,district,JHARKHAND,JHARKHAND,DEOGHAR,5.1,6.5,-21.0,D,586.5,864.7,-32.0,D,2026-09-16 10:58:47.980511
2026-09-16,2026-06-01,2026-09-16,district,JHARKHAND,JHARKHAND,DHANBAD,1.8,8.2,-78.0,LD,905.6,961.6,-6.0,N,2026-09-16 10:58:47.980511
2026-09-16,2026-06-01,2026-09-16,district,JHARKHAND,JHARKHAND,DUMKA,49.9,7.7,548.0,LE,937.1,923.5,1.0,N,2026-09-16 10:58:47.980511
2026-09-16,2026-06-01,2026-09-16,district,JHARKHAND,JHARKHAND,EAST SINGHBHUM,0.0,6.6,-100.0,NR,1006.1,994.9,1.0,N,2026-09-16 10:58:47.980511
2026-09-16,2026-06-01,2026-09-16,district,JHARKHAND,JHARKHAND,GIRIDIH,0.9,5.5,-83.0,LD,640.7,869.1,-26.0,D,2026-09-16 10:58:47.980511
2026-09-16,2026-06-01,2026-09-16,district,JHARKHAND,JHARKHAND,GODDA,11.3,7.1,60.0,LE,624.6,806.5,-23.0,D,2026-09-16 10:58:47.980511
2026-09-16,2026-06-01,2026-09-16,district,JHARKHAND,JHARKHAND,GUMLA,0.0,7.3,-100.0,NR,675.6,974.9,-31.0,D,2026-09-16 10:58:47.980511
2026-09-16,2026-06-01,2026-09-16,district,JHARKHAND,JHARKHAND,HAZARIBAG,0.0,7.0,-100.0,NR,735.0,949.2,-23.0,D,2026-09-16 10:58:47.980511
2026-09-16,2026-06-01,2026-09-16,district,JHARKHAND,JHARKHAND,JAMTARA,0.0,7.1,-100.0,NR,915.9,946.4,-3.0,N,2026-09-16 10:58:47.980511
2026-09-16,2026-06-01,2026-09-16,district,JHARKHAND,JHARKHAND,KHUNTI,3.5,5.9,-42.0,D,932.1,1022.5,-9.0,N,2026-09-16 10:58:47.980511
2026-09-16,2026-06-01,2026-09-16,district,JHARKHAND,JHARKHAND,KODERMA,0.0,5.0,-100.0,NR,578.9,793.7,-27.0,D,2026-09-16 10:58:47.980511
2026-09-16,2026-06-01,2026-09-16,district,JHARKHAND,JHARKHAND,LATEHAR,0.0,5.9,-100.0,NR,1123.9,943.6,19.0,N,2026-09-16 10:58:47.980511
2026-09-16,2026-06-01,2026-09-16,district,JHARKHAND,JHARKHAND,LOHARDAGA,0.0,8.6,-100.0,NR,864.9,900.3,-4.0,N,2026-09-16 10:58:47.980511
2026-09-16,2026-06-01,2026-09-16,district,JHARKHAND,JHARKHAND,PAKUR,6.0,6.9,-14.0,N,502.9,1040.9,-52.0,D,2026-09-16 10:58:47.980511
2026-09-16,2026-06-01,2026-09-16,district,JHARKHAND,JHARKHAND,PALAMU,2.1,7.1,-70.0,LD,687.1,783.6,-12.0,N,2026-09-16 10:58:47.980511
2026-09-16,2026-06-01,2026-09-16,district,JHARKHAND,JHARKHAND,RAMGARH,0.0,6.0,-100.0,NR,877.5,938.2,-6.0,N,2026-09-16 10:58:47.980511
2026-09-16,2026-06-01,2026-09-16,district,JHARKHAND,JHARKHAND,RANCHI,9.8,6.2,57.0,E,986.2,944.8,4.0,N,2026-09-16 10:58:47.980511
2026-09-16,2026-06-01,2026-09-16,district,JHARKHAND,JHARKHAND,SERAIKELA-KHARSAWAN,0.0,7.8,-100.0,NR,1089.0,925.4,18.0,N,2026-09-16 10:58:47.980511
2026-09-16,2026-06-01,2026-09-16,district,JHARKHAND,JHARKHAND,SIMDEGA,14.1,8.4,68.0,LE,1148.9,1207.7,-5.0,N,2026-09-16 10:58:47.980511
2026-09-16,2026-06-01,2026-09-16,district,JHARKHAND,JHARKHAND,WEST SINGHBHUM,0.6,6.6,-91.0,LD,1234.9,926.1,33.0,E,2026-09-16 10:58:47.980511
2026-09-16,2026-06-01,2026-09-16,district,KERALA & MAHE,KERALA,ALAPUZHA,0.0,10.5,-100.0,NR,1022.4,1511.7,-32.0,D,2026-09-16 10:58:47.980511
2026-09-16,2026-06-01,2026-09-16,district,KERALA & MAHE,KERALA,ERNAKULAM,0.1,13.8,-99.0,LD,1452.8,1970.3,-26.0,D,2026-09-16 10:58:47.980511
2026-09-16,2026-06-01,2026-09-16,district,KERALA & MAHE,KERALA,IDUKKI,4.7,11.0,-58.0,D,1289.3,2415.0,-47.0,D,2026-09-16 10:58:47.980511
2026-09-16,2026-06-01,2026-09-16,district,KERALA & MAHE,KERALA,KANNUR,0.0,13.1,-100.0,NR,2219.8,2516.4,-12.0,N,2026-09-16 10:58:47.980511
2026-09-16,2026-06-01,2026-09-16,district,KERALA & MAHE,KERALA,KASARGOD,0.0,9.6,-100.0,NR,2295.4,2743.8,-16.0,N,2026-09-16 10:58:47.980511
2026-09-16,2026-06-01,2026-09-16,district,KERALA & MAHE,KERALA,KOLLAM,0.0,8.8,-100.0,NR,730.6,1140.5,-36.0,D,2026-09-16 10:58:47.980511
2026-09-16,2026-06-01,2026-09-16,district,KERALA & MAHE,KERALA,KOTTAYAM,0.0,11.0,-100.0,NR,1520.8,1768.0,-14.0,N,2026-09-16 10:58:47.980511
2026-09-16,2026-06-01,2026-09-16,district,KERALA & MAHE,KERALA,KOZHIKODE,4.0,11.4,-65.0,LD,2028.9,2441.2,-17.0,N,2026-09-16 10:58:47.980511
2026-09-16,2026-06-01,2026-09-16,district,KERALA & MAHE,KERALA,MALAPPURAM,0.0,9.6,-100.0,NR,1369.4,1847.6,-26.0,D,2026-09-16 10:58:47.980511
2026-09-16,2026-06-01,2026-09-16,district,KERALA & MAHE,KERALA,PALAKKAD,0.0,6.9,-100.0,NR,1053.0,1463.0,-28.0,D,2026-09-16 10:58:47.980511
2026-09-16,2026-06-01,2026-09-16,district,KERALA & MAHE,KERALA,PATHANAMTHITTA,0.0,10.1,-100.0,NR,1313.1,1442.2,-9.0,N,2026-09-16 10:58:47.980511
2026-09-16,2026-06-01,2026-09-16,district,KERALA & MAHE,KERALA,THIRUVANANTHAPURAM,0.0,7.4,-100.0,NR,667.9,750.0,-11.0,N,2026-09-16 10:58:47.980511
2026-09-16,2026-06-01,2026-09-16,district,KERALA & MAHE,KERALA,THRISSUR,0.0,11.9,-100.0,NR,1436.8,2008.3,-28.0,D,2026-09-16 10:58:47.980511
2026-09-16,2026-06-01,2026-09-16,district,KERALA & MAHE,KERALA,WYNAD,0.1,9.6,-99.0,LD,1105.5,2364.8,-53.0,D,2026-09-16 10:58:47.980511
2026-09-16,2026-06-01,2026-09-16,district,KONKAN & GOA,GOA,NORTH GOA,3.3,11.4,-71.0,LD,1784.8,2943.4,-39.0,D,2026-09-16 10:58:47.980511
2026-09-16,2026-06-01,2026-09-16,district,KONKAN & GOA,GOA,SOUTH GOA,1.5,10.1,-86.0,LD,1956.6,2810.4,-30.0,D,2026-09-16 10:58:47.980511
2026-09-16,2026-06-01,2026-09-16,district,KONKAN & GOA,MAHARASHTRA,MUMBAI CITY,18.4,7.6,142.0,LE,1915.3,1942.9,-1.0,N,2026-09-16 10:58:47.980511
2026-09-16,2026-06-01,2026-09-16,district,KONKAN & GOA,MAHARASHTRA,MUMBAI SUBURBAN,15.5,8.8,76.0,LE,2458.9,2158.0,14.0,N,2026-09-16 10:58:47.980511
2026-09-16,2026-06-01,2026-09-16,district,KONKAN & GOA,MAHARASHTRA,PALGHAR,8.8,6.8,29.0,E,2632.9,2119.6,24.0,E,2026-09-16 10:58:47.980511
2026-09-16,2026-06-01,2026-09-16,district,KONKAN & GOA,MAHARASHTRA,RAIGAD,6.7,9.6,-30.0,D,2891.3,2952.3,-2.0,N,2026-09-16 10:58:47.980511
2026-09-16,2026-06-01,2026-09-16,district,KONKAN & GOA,MAHARASHTRA,RATNAGIRI,2.1,8.4,-75.0,LD,2578.7,3021.0,-15.0,N,2026-09-16 10:58:47.980511
2026-09-16,2026-06-01,2026-09-16,district,KONKAN & GOA,MAHARASHTRA,SINDHUDURG,4.6,12.2,-62.0,LD,1818.9,2801.4,-35.0,D,2026-09-16 10:58:47.980511
2026-09-16,2026-06-01,2026-09-16,district,KONKAN & GOA,MAHARASHTRA,THANE,3.0,8.2,-63.0,LD,2119.2,2293.0,-8.0,N,2026-09-16 10:58:47.980511
2026-09-16,2026-06-01,2026-09-16,district,LAKSHADWEEP,LAKSHADWEEP,LAKSHADWEEP,11.1,5.4,106.0,LE,666.0,956.1,-30.0,D,2026-09-16 10:58:47.980511
2026-09-16,2026-06-01,2026-09-16,district,MADHYA MAHARASHTRA,MAHARASHTRA,AHMEDNAGAR,0.0,4.2,-100.0,NR,220.6,379.3,-42.0,D,2026-09-16 10:58:47.980511
2026-09-16,2026-06-01,2026-09-16,district,MADHYA MAHARASHTRA,MAHARASHTRA,DHULE,0.3,3.7,-92.0,LD,435.9,486.4,-10.0,N,2026-09-16 10:58:47.980511
2026-09-16,2026-06-01,2026-09-16,district,MADHYA MAHARASHTRA,MAHARASHTRA,JALGAON,0.0,3.9,-100.0,NR,541.8,571.0,-5.0,N,2026-09-16 10:58:47.980511
2026-09-16,2026-06-01,2026-09-16,district,MADHYA MAHARASHTRA,MAHARASHTRA,KOLHAPUR,0.1,4.9,-98.0,LD,1435.4,1619.4,-11.0,N,2026-09-16 10:58:47.980511
2026-09-16,2026-06-01,2026-09-16,district,MADHYA MAHARASHTRA,MAHARASHTRA,NANDURBAR,0.0,4.5,-100.0,NR,507.0,770.2,-34.0,D,2026-09-16 10:58:47.980511
2026-09-16,2026-06-01,2026-09-16,district,MADHYA MAHARASHTRA,MAHARASHTRA,NASHIK,0.8,4.2,-80.0,LD,1165.8,808.9,44.0,E,2026-09-16 10:58:47.980511
2026-09-16,2026-06-01,2026-09-16,district,MADHYA MAHARASHTRA,MAHARASHTRA,PUNE,0.6,5.4,-88.0,LD,1024.9,856.0,20.0,E,2026-09-16 10:58:47.980511
2026-09-16,2026-06-01,2026-09-16,district,MADHYA MAHARASHTRA,MAHARASHTRA,SANGLI,0.0,4.4,-100.0,NR,312.0,408.2,-24.0,D,2026-09-16 10:58:47.980511
2026-09-16,2026-06-01,2026-09-16,district,MADHYA MAHARASHTRA,MAHARASHTRA,SATARA,0.4,3.8,-89.0,LD,945.2,758.6,25.0,E,2026-09-16 10:58:47.980511
2026-09-16,2026-06-01,2026-09-16,district,MADHYA MAHARASHTRA,MAHARASHTRA,SHOLAPUR,0.0,5.1,-100.0,NR,159.5,366.9,-57.0,D,2026-09-16 10:58:47.980511
2026-09-16,2026-06-01,2026-09-16,district,MARATHWADA,MAHARASHTRA,BEED,0.0,6.3,-100.0,NR,241.7,477.2,-49.0,D,2026-09-16 10:58:47.980511
2026-09-16,2026-06-01,2026-09-16,district,MARATHWADA,MAHARASHTRA,CHHATRAPATI SAMBHAJINAGAR,0.0,5.0,-100.0,NR,450.1,490.9,-8.0,N,2026-09-16 10:58:47.980511
2026-09-16,2026-06-01,2026-09-16,district,MARATHWADA,MAHARASHTRA,DHARASHIV,0.0,6.2,-100.0,NR,273.8,496.3,-45.0,D,2026-09-16 10:58:47.980511
2026-09-16,2026-06-01,2026-09-16,district,MARATHWADA,MAHARASHTRA,HINGOLI,0.0,4.9,-100.0,NR,354.3,693.4,-49.0,D,2026-09-16 10:58:47.980511
2026-09-16,2026-06-01,2026-09-16,district,MARATHWADA,MAHARASHTRA,JALNA,0.0,5.5,-100.0,NR,289.2,526.5,-45.0,D,2026-09-16 10:58:47.980511
2026-09-16,2026-06-01,2026-09-16,district,MARATHWADA,MAHARASHTRA,LATUR,0.0,7.6,-100.0,NR,373.4,591.5,-37.0,D,2026-09-16 10:58:47.980511
2026-09-16,2026-06-01,2026-09-16,district,MARATHWADA,MAHARASHTRA,NANDED,0.0,6.1,-100.0,NR,482.0,713.6,-32.0,D,2026-09-16 10:58:47.980511
2026-09-16,2026-06-01,2026-09-16,district,MARATHWADA,MAHARASHTRA,PARBHANI,0.0,8.0,-100.0,NR,364.6,630.0,-42.0,D,2026-09-16 10:58:47.980511
2026-09-16,2026-06-01,2026-09-16,district,N. I. KARNATAKA,KARNATAKA,BAGALKOTE,0.0,3.2,-100.0,NR,211.7,275.6,-23.0,D,2026-09-16 10:58:47.980511
2026-09-16,2026-06-01,2026-09-16,district,N. I. KARNATAKA,KARNATAKA,BELAGAVI,0.0,3.5,-100.0,NR,547.1,504.9,8.0,N,2026-09-16 10:58:47.980511
2026-09-16,2026-06-01,2026-09-16,district,N. I. KARNATAKA,KARNATAKA,BIDAR,0.0,6.3,-100.0,NR,421.6,570.1,-26.0,D,2026-09-16 10:58:47.980511
2026-09-16,2026-06-01,2026-09-16,district,N. I. KARNATAKA,KARNATAKA,DHARWAD,0.0,4.5,-100.0,NR,248.7,450.9,-45.0,D,2026-09-16 10:58:47.980511
2026-09-16,2026-06-01,2026-09-16,district,N. I. KARNATAKA,KARNATAKA,GADAG,0.0,4.8,-100.0,NR,223.3,282.9,-21.0,D,2026-09-16 10:58:47.980511
2026-09-16,2026-06-01,2026-09-16,district,N. I. KARNATAKA,KARNATAKA,HAVERI,0.0,4.1,-100.0,NR,274.3,434.9,-37.0,D,2026-09-16 10:58:47.980511
2026-09-16,2026-06-01,2026-09-16,district,N. I. KARNATAKA,KARNATAKA,KALABURAGI,0.0,5.6,-100.0,NR,204.0,489.5,-58.0,D,2026-09-16 10:58:47.980511
2026-09-16,2026-06-01,2026-09-16,district,N. I. KARNATAKA,KARNATAKA,KOPPAL,0.0,3.8,-100.0,NR,173.8,304.4,-43.0,D,2026-09-16 10:58:47.980511
2026-09-16,2026-06-01,2026-09-16,district,N. I. KARNATAKA,KARNATAKA,RAICHUR,0.0,5.2,-100.0,NR,203.7,347.9,-41.0,D,2026-09-16 10:58:47.980511
2026-09-16,2026-06-01,2026-09-16,district,N. I. KARNATAKA,KARNATAKA,VIJAYAPURA,0.0,5.3,-100.0,NR,179.2,308.7,-42.0,D,2026-09-16 10:58:47.980511
2026-09-16,2026-06-01,2026-09-16,district,N. I. KARNATAKA,KARNATAKA,YADGIR,0.0,5.0,-100.0,NR,287.5,432.0,-33.0,D,2026-09-16 10:58:47.980511
2026-09-16,2026-06-01,2026-09-16,district,NMMT,MANIPUR,BISHNUPUR,0.0,13.0,-100.0,NR,421.9,1061.5,-60.0,LD,2026-09-16 10:58:47.980511
2026-09-16,2026-06-01,2026-09-16,district,NMMT,MANIPUR,CHANDEL,3.2,13.0,-75.0,LD,498.2,1061.5,-53.0,D,2026-09-16 10:58:47.980511
2026-09-16,2026-06-01,2026-09-16,district,NMMT,MANIPUR,CHURACHANDPUR,6.5,13.0,-50.0,D,232.0,1061.5,-78.0,LD,2026-09-16 10:58:47.980511
2026-09-16,2026-06-01,2026-09-16,district,NMMT,MANIPUR,IMPHAL EAST,0.0,4.8,-100.0,NR,438.4,668.9,-34.0,D,2026-09-16 10:58:47.980511
2026-09-16,2026-06-01,2026-09-16,district,NMMT,MANIPUR,IMPHAL WEST,0.0,10.7,-100.0,NR,677.4,1597.1,-58.0,D,2026-09-16 10:58:47.980511
2026-09-16,2026-06-01,2026-09-16,district,NMMT,MANIPUR,SENAPATI,0.0,3.0,-100.0,NR,595.9,699.5,-15.0,N,2026-09-16 10:58:47.980511
2026-09-16,2026-06-01,2026-09-16,district,NMMT,MANIPUR,TAMENGLONG,10.4,14.6,-29.0,D,1540.9,3842.3,-60.0,LD,2026-09-16 10:58:47.980511
2026-09-16,2026-06-01,2026-09-16,district,NMMT,MANIPUR,THOUBAL,0.0,4.8,-100.0,NR,322.5,668.9,-52.0,D,2026-09-16 10:58:47.980511
2026-09-16,2026-06-01,2026-09-16,district,NMMT,MANIPUR,UKHRUL,0.0,5.4,-100.0,NR,902.4,946.5,-5.0,N,2026-09-16 10:58:47.980511
2026-09-16,2026-06-01,2026-09-16,district,NMMT,MIZORAM,AIZAWL,17.2,11.9,45.0,E,1300.2,1456.7,-11.0,N,2026-09-16 10:58:47.980511
2026-09-16,2026-06-01,2026-09-16,district,NMMT,MIZORAM,CHAMPHAI,3.5,11.2,-69.0,LD,933.4,1192.2,-22.0,D,2026-09-16 10:58:47.980511
2026-09-16,2026-06-01,2026-09-16,district,NMMT,MIZORAM,KOLASIB,0.5,15.7,-97.0,LD,1624.5,1586.9,2.0,N,2026-09-16 10:58:47.980511
2026-09-16,2026-06-01,2026-09-16,district,NMMT,MIZORAM,LAWNGTLAI,0.7,10.1,-93.0,LD,1307.5,1533.5,-15.0,N,2026-09-16 10:58:47.980511
2026-09-16,2026-06-01,2026-09-16,district,NMMT,MIZORAM,LUNGLEI,5.9,14.6,-60.0,LD,1255.8,1592.6,-21.0,D,2026-09-16 10:58:47.980511
2026-09-16,2026-06-01,2026-09-16,district,NMMT,MIZORAM,MAMIT,29.7,11.6,156.0,LE,1016.9,1444.0,-30.0,D,2026-09-16 10:58:47.980511
2026-09-16,2026-06-01,2026-09-16,district,NMMT,MIZORAM,SAIHA,5.0,13.1,-62.0,LD,1450.0,1571.9,-8.0,N,2026-09-16 10:58:47.980511
2026-09-16,2026-06-01,2026-09-16,district,NMMT,MIZORAM,SERCHHIP,3.4,9.9,-66.0,LD,1392.1,1354.5,3.0,N,2026-09-16 10:58:47.980511
2026-09-16,2026-06-01,2026-09-16,district,NMMT,NAGALAND,DIMAPUR,1.8,4.2,-58.0,D,765.4,758.0,1.0,N,2026-09-16 10:58:47.980511
2026-09-16,2026-06-01,2026-09-16,district,NMMT,NAGALAND,KIPHIRE,0.0,6.1,-100.0,NR,733.3,555.9,32.0,E,2026-09-16 10:58:47.980511
2026-09-16,2026-06-01,2026-09-16,district,NMMT,NAGALAND,KOHIMA,7.2,7.9,-9.0,N,1020.6,1128.6,-10.0,N,2026-09-16 10:58:47.980511
2026-09-16,2026-06-01,2026-09-16,district,NMMT,NAGALAND,MOKOKCHUNG,13.2,6.7,97.0,LE,1531.4,1280.0,20.0,E,2026-09-16 10:58:47.980511
2026-09-16,2026-06-01,2026-09-16,district,NMMT,NAGALAND,MON,2.1,4.3,-51.0,D,851.2,977.6,-13.0,N,2026-09-16 10:58:47.980511
2026-09-16,2026-06-01,2026-09-16,district,NMMT,NAGALAND,PEREN,5.1,5.5,-7.0,N,876.8,848.0,3.0,N,2026-09-16 10:58:47.980511
2026-09-16,2026-06-01,2026-09-16,district,NMMT,NAGALAND,PHEK,3.8,5.7,-33.0,D,736.2,760.9,-3.0,N,2026-09-16 10:58:47.980511
2026-09-16,2026-06-01,2026-09-16,district,NMMT,NAGALAND,WOKHA,7.2,8.6,-17.0,N,1231.6,1141.8,8.0,N,2026-09-16 10:58:47.980511
2026-09-16,2026-06-01,2026-09-16,district,NMMT,NAGALAND,ZUNHEBOTO,18.4,6.8,171.0,LE,1532.2,975.1,57.0,E,2026-09-16 10:58:47.980511
2026-09-16,2026-06-01,2026-09-16,district,NMMT,TRIPURA,DHALAI,6.0,8.1,-26.0,D,1115.2,1220.9,-9.0,N,2026-09-16 10:58:47.980511
2026-09-16,2026-06-01,2026-09-16,district,NMMT,TRIPURA,GOMATI,4.3,6.1,-29.0,D,1021.7,1293.8,-21.0,D,2026-09-16 10:58:47.980511
2026-09-16,2026-06-01,2026-09-16,district,NMMT,TRIPURA,KHOWAI,19.2,6.2,209.0,LE,1219.1,1178.6,3.0,N,2026-09-16 10:58:47.980511
2026-09-16,2026-06-01,2026-09-16,district,NMMT,TRIPURA,NORTH TRIPURA,0.4,10.2,-96.0,LD,1061.3,1304.3,-19.0,N,2026-09-16 10:58:47.980511
2026-09-16,2026-06-01,2026-09-16,district,NMMT,TRIPURA,SIPAHIJALA,0.8,10.0,-92.0,LD,1023.6,1206.8,-15.0,N,2026-09-16 10:58:47.980511
2026-09-16,2026-06-01,2026-09-16,district,NMMT,TRIPURA,SOUTH TRIPURA,3.0,7.5,-60.0,LD,1027.0,1541.8,-33.0,D,2026-09-16 10:58:47.980511
2026-09-16,2026-06-01,2026-09-16,district,NMMT,TRIPURA,UNAKOTI,3.2,8.4,-62.0,LD,1219.6,1303.0,-6.0,N,2026-09-16 10:58:47.980511
2026-09-16,2026-06-01,2026-09-16,district,NMMT,TRIPURA,WEST TRIPURA,0.1,6.2,-99.0,LD,1180.5,1084.1,9.0,N,2026-09-16 10:58:47.980511
2026-09-16,2026-06-01,2026-09-16,district,ODISHA,ODISHA,ANGUL,3.3,5.1,-35.0,D,1266.1,1043.8,21.0,E,2026-09-16 10:58:47.980511
2026-09-16,2026-06-01,2026-09-16,district,ODISHA,ODISHA,BALANGIR,0.0,6.3,-100.0,NR,1293.8,1022.1,27.0,E,2026-09-16 10:58:47.980511
2026-09-16,2026-06-01,2026-09-16,district,ODISHA,ODISHA,BALASORE,0.3,10.3,-98.0,LD,1632.8,1094.2,49.0,E,2026-09-16 10:58:47.980511
2026-09-16,2026-06-01,2026-09-16,district,ODISHA,ODISHA,BARGARH,0.0,6.1,-100.0,NR,1607.9,1130.7,42.0,E,2026-09-16 10:58:47.980511
2026-09-16,2026-06-01,2026-09-16,district,ODISHA,ODISHA,BHADRAK,16.3,8.5,92.0,LE,1205.5,979.5,23.0,E,2026-09-16 10:58:47.980511
2026-09-16,2026-06-01,2026-09-16,district,ODISHA,ODISHA,BOUDH,0.0,4.1,-100.0,NR,1680.8,965.3,74.0,LE,2026-09-16 10:58:47.980511
2026-09-16,2026-06-01,2026-09-16,district,ODISHA,ODISHA,CUTTACK,1.2,8.7,-87.0,LD,1343.9,1045.8,29.0,E,2026-09-16 10:58:47.980511
2026-09-16,2026-06-01,2026-09-16,district,ODISHA,ODISHA,DEOGARH,16.7,5.0,233.0,LE,1488.8,1097.7,36.0,E,2026-09-16 10:58:47.980511
2026-09-16,2026-06-01,2026-09-16,district,ODISHA,ODISHA,DHENKANAL,6.7,6.6,2.0,N,1415.4,1004.0,41.0,E,2026-09-16 10:58:47.980511
2026-09-16,2026-06-01,2026-09-16,district,ODISHA,ODISHA,GAJAPATI,4.6,10.6,-57.0,D,639.4,805.1,-21.0,D,2026-09-16 10:58:47.980511
2026-09-16,2026-06-01,2026-09-16,district,ODISHA,ODISHA,GANJAM,0.0,9.1,-100.0,NR,670.7,786.3,-15.0,N,2026-09-16 10:58:47.980511
2026-09-16,2026-06-01,2026-09-16,district,ODISHA,ODISHA,JAGATSINGHPUR,1.7,8.0,-79.0,LD,1175.8,959.2,23.0,E,2026-09-16 10:58:47.980511
2026-09-16,2026-06-01,2026-09-16,district,ODISHA,ODISHA,JAJPUR,3.2,9.2,-65.0,LD,1221.9,1123.5,9.0,N,2026-09-16 10:58:47.980511
2026-09-16,2026-06-01,2026-09-16,district,ODISHA,ODISHA,JHARSUGUDA,0.0,3.7,-100.0,NR,1156.8,1114.9,4.0,N,2026-09-16 10:58:47.980511
2026-09-16,2026-06-01,2026-09-16,district,ODISHA,ODISHA,KALAHANDI,0.0,11.4,-100.0,NR,1163.2,1294.6,-10.0,N,2026-09-16 10:58:47.980511
2026-09-16,2026-06-01,2026-09-16,district,ODISHA,ODISHA,KANDHAMAL,2.3,9.8,-77.0,LD,1267.3,1049.1,21.0,E,2026-09-16 10:58:47.980511
2026-09-16,2026-06-01,2026-09-16,district,ODISHA,ODISHA,KENDRAPARA,0.9,7.7,-88.0,LD,1390.0,1001.7,39.0,E,2026-09-16 10:58:47.980511
2026-09-16,2026-06-01,2026-09-16,district,ODISHA,ODISHA,KEONJHARGARH,0.3,8.1,-96.0,LD,1514.8,1041.1,46.0,E,2026-09-16 10:58:47.980511
2026-09-16,2026-06-01,2026-09-16,district,ODISHA,ODISHA,KHURDA,2.7,8.2,-67.0,LD,1176.4,979.8,20.0,E,2026-09-16 10:58:47.980511
2026-09-16,2026-06-01,2026-09-16,district,ODISHA,ODISHA,KORAPUT,0.8,10.3,-92.0,LD,1110.3,1144.3,-3.0,N,2026-09-16 10:58:47.980511
2026-09-16,2026-06-01,2026-09-16,district,ODISHA,ODISHA,MALKANGIRI,0.0,5.0,-100.0,NR,1145.5,1171.5,-2.0,N,2026-09-16 10:58:47.980511
2026-09-16,2026-06-01,2026-09-16,district,ODISHA,ODISHA,MAYURBHANJ,0.0,6.5,-99.0,LD,1600.5,1098.9,46.0,E,2026-09-16 10:58:47.980511
2026-09-16,2026-06-01,2026-09-16,district,ODISHA,ODISHA,NAWAPARA,0.0,8.0,-100.0,NR,1132.4,941.3,20.0,E,2026-09-16 10:58:47.980511
2026-09-16,2026-06-01,2026-09-16,district,ODISHA,ODISHA,NAWARANGPUR,4.2,9.1,-54.0,D,1074.7,1272.6,-16.0,N,2026-09-16 10:58:47.980511
2026-09-16,2026-06-01,2026-09-16,district,ODISHA,ODISHA,NAYAGARH,1.6,8.6,-81.0,LD,1130.5,975.2,16.0,N,2026-09-16 10:58:47.980511
2026-09-16,2026-06-01,2026-09-16,district,ODISHA,ODISHA,PURI,0.0,7.6,-100.0,NR,1227.4,927.8,32.0,E,2026-09-16 10:58:47.980511
2026-09-16,2026-06-01,2026-09-16,district,ODISHA,ODISHA,RAYAGADA,0.1,11.6,-99.0,LD,832.5,893.5,-7.0,N,2026-09-16 10:58:47.980511
2026-09-16,2026-06-01,2026-09-16,district,ODISHA,ODISHA,SAMBALPUR,0.0,4.4,-100.0,NR,1543.4,1190.8,30.0,E,2026-09-16 10:58:47.980511
2026-09-16,2026-06-01,2026-09-16,district,ODISHA,ODISHA,SONEPUR,0.0,3.0,-100.0,NR,1644.4,1122.1,47.0,E,2026-09-16 10:58:47.980511
2026-09-16,2026-06-01,2026-09-16,district,ODISHA,ODISHA,SUNDARGARH,0.1,5.4,-98.0,LD,1353.3,1118.7,21.0,E,2026-09-16 10:58:47.980511
2026-09-16,2026-06-01,2026-09-16,district,PUNJAB,PUNJAB,AMRITSAR,0.1,1.6,-91.0,LD,353.9,433.3,-18.0,N,2026-09-16 10:58:47.980511
2026-09-16,2026-06-01,2026-09-16,district,PUNJAB,PUNJAB,BARNALA,0.0,2.9,-100.0,NR,132.4,339.0,-61.0,LD,2026-09-16 10:58:47.980511
2026-09-16,2026-06-01,2026-09-16,district,PUNJAB,PUNJAB,BHATINDA,0.0,2.2,-100.0,NR,130.3,276.5,-53.0,D,2026-09-16 10:58:47.980511
2026-09-16,2026-06-01,2026-09-16,district,PUNJAB,PUNJAB,FARIDKOT,0.0,0.6,-99.0,LD,224.8,284.3,-21.0,D,2026-09-16 10:58:47.980511
2026-09-16,2026-06-01,2026-09-16,district,PUNJAB,PUNJAB,FATEHGARH SAHIB,0.1,1.2,-93.0,LD,152.6,445.4,-66.0,LD,2026-09-16 10:58:47.980511
2026-09-16,2026-06-01,2026-09-16,district,PUNJAB,PUNJAB,FAZILKA,0.0,0.2,-100.0,NR,106.6,235.7,-55.0,D,2026-09-16 10:58:47.980511
2026-09-16,2026-06-01,2026-09-16,district,PUNJAB,PUNJAB,FEROZEPUR,0.0,1.3,-100.0,NR,135.6,239.8,-43.0,D,2026-09-16 10:58:47.980511
2026-09-16,2026-06-01,2026-09-16,district,PUNJAB,PUNJAB,GURDASPUR,0.0,2.0,-100.0,NR,745.9,565.2,32.0,E,2026-09-16 10:58:47.980511
2026-09-16,2026-06-01,2026-09-16,district,PUNJAB,PUNJAB,HOSHIARPUR,0.0,2.5,-100.0,NR,268.8,572.4,-53.0,D,2026-09-16 10:58:47.980511
2026-09-16,2026-06-01,2026-09-16,district,PUNJAB,PUNJAB,JALANDHAR,0.1,2.6,-96.0,LD,240.5,495.2,-51.0,D,2026-09-16 10:58:47.980511
2026-09-16,2026-06-01,2026-09-16,district,PUNJAB,PUNJAB,KAPURTHALA,0.0,3.0,-100.0,NR,134.6,436.2,-69.0,LD,2026-09-16 10:58:47.980511
2026-09-16,2026-06-01,2026-09-16,district,PUNJAB,PUNJAB,LUDHIANA,1.0,4.0,-75.0,LD,232.6,429.4,-46.0,D,2026-09-16 10:58:47.980511
2026-09-16,2026-06-01,2026-09-16,district,PUNJAB,PUNJAB,MANSA,0.0,1.5,-100.0,NR,71.8,252.7,-72.0,LD,2026-09-16 10:58:47.980511
2026-09-16,2026-06-01,2026-09-16,district,PUNJAB,PUNJAB,MOGA,0.0,0.8,-100.0,NR,164.1,279.3,-41.0,D,2026-09-16 10:58:47.980511
2026-09-16,2026-06-01,2026-09-16,district,PUNJAB,PUNJAB,MUKTSAR,0.0,2.2,-100.0,NR,98.1,302.3,-68.0,LD,2026-09-16 10:58:47.980511
2026-09-16,2026-06-01,2026-09-16,district,PUNJAB,PUNJAB,PATHANKOT,0.7,3.1,-78.0,LD,1267.1,903.1,40.0,E,2026-09-16 10:58:47.980511
2026-09-16,2026-06-01,2026-09-16,district,PUNJAB,PUNJAB,PATIALA,0.0,2.1,-100.0,NR,273.6,504.5,-46.0,D,2026-09-16 10:58:47.980511
2026-09-16,2026-06-01,2026-09-16,district,PUNJAB,PUNJAB,RUPNAGAR,0.0,1.6,-97.0,LD,540.9,759.9,-29.0,D,2026-09-16 10:58:47.980511
2026-09-16,2026-06-01,2026-09-16,district,PUNJAB,PUNJAB,SANGRUR,0.0,2.2,-100.0,NR,176.1,365.0,-52.0,D,2026-09-16 10:58:47.980511
2026-09-16,2026-06-01,2026-09-16,district,PUNJAB,PUNJAB,SAS NAGAR (MOHALI),0.0,2.4,-100.0,NR,235.2,580.1,-59.0,D,2026-09-16 10:58:47.980511
2026-09-16,2026-06-01,2026-09-16,district,PUNJAB,PUNJAB,SBS NAGAR,0.0,4.9,-99.0,LD,343.5,708.9,-52.0,D,2026-09-16 10:58:47.980511
2026-09-16,2026-06-01,2026-09-16,district,PUNJAB,PUNJAB,TARN TARAN,0.0,0.5,-100.0,NR,120.6,253.0,-52.0,D,2026-09-16 10:58:47.980511
2026-09-16,2026-06-01,2026-09-16,district,RAYALASEEMA,ANDHRA PRADESH,ANANTAPURAMU,2.4,4.7,-49.0,D,159.6,266.1,-40.0,D,2026-09-16 10:58:47.980511
2026-09-16,2026-06-01,2026-09-16,district,RAYALASEEMA,ANDHRA PRADESH,ANNAMAYYA DISTRICT,14.6,6.1,140.0,LE,103.7,320.2,-68.0,LD,2026-09-16 10:58:47.980511
2026-09-16,2026-06-01,2026-09-16,district,RAYALASEEMA,ANDHRA PRADESH,CHITTOOR,26.9,6.5,314.0,LE,199.3,376.0,-47.0,D,2026-09-16 10:58:47.980511
2026-09-16,2026-06-01,2026-09-16,district,RAYALASEEMA,ANDHRA PRADESH,KURNOOL,0.0,5.0,-100.0,NR,210.6,362.7,-42.0,D,2026-09-16 10:58:47.980511
2026-09-16,2026-06-01,2026-09-16,district,RAYALASEEMA,ANDHRA PRADESH,NANDYAL,0.5,5.6,-91.0,LD,209.0,426.4,-51.0,D,2026-09-16 10:58:47.980511
2026-09-16,2026-06-01,2026-09-16,district,RAYALASEEMA,ANDHRA PRADESH,SRI SATHYASAI DISTRICT,1.5,5.5,-72.0,LD,114.8,267.2,-57.0,D,2026-09-16 10:58:47.980511
2026-09-16,2026-06-01,2026-09-16,district,RAYALASEEMA,ANDHRA PRADESH,TIRUPATI,0.7,3.8,-81.0,LD,200.2,375.0,-47.0,D,2026-09-16 10:58:47.980511
2026-09-16,2026-06-01,2026-09-16,district,RAYALASEEMA,ANDHRA PRADESH,YSR DISTRICT,9.4,5.6,68.0,LE,160.2,338.1,-53.0,D,2026-09-16 10:58:47.980511
2026-09-16,2026-06-01,2026-09-16,district,S. I. KARNATAKA,KARNATAKA,BALLARI,0.0,4.1,-100.0,NR,134.2,291.7,-54.0,D,2026-09-16 10:58:47.980511
2026-09-16,2026-06-01,2026-09-16,district,S. I. KARNATAKA,KARNATAKA,BENGALURU RURAL,12.5,5.5,127.0,LE,254.6,351.9,-28.0,D,2026-09-16 10:58:47.980511
2026-09-16,2026-06-01,2026-09-16,district,S. I. KARNATAKA,KARNATAKA,BENGALURU URBAN,38.7,5.3,631.0,LE,181.7,364.6,-50.0,D,2026-09-16 10:58:47.980511
2026-09-16,2026-06-01,2026-09-16,district,S. I. KARNATAKA,KARNATAKA,CHAMARAJANAGAR,2.2,4.8,-55.0,D,163.4,277.8,-41.0,D,2026-09-16 10:58:47.980511
2026-09-16,2026-06-01,2026-09-16,district,S. I. KARNATAKA,KARNATAKA,CHIKABALLAPURA,11.8,3.9,201.0,LE,174.6,342.5,-49.0,D,2026-09-16 10:58:47.980511
2026-09-16,2026-06-01,2026-09-16,district,S. I. KARNATAKA,KARNATAKA,CHIKKAMAGALURU,0.0,6.1,-100.0,NR,1234.0,1408.6,-12.0,N,2026-09-16 10:58:47.980511
2026-09-16,2026-06-01,2026-09-16,district,S. I. KARNATAKA,KARNATAKA,CHITRADURGA,0.0,4.6,-100.0,NR,146.5,231.6,-37.0,D,2026-09-16 10:58:47.980511
2026-09-16,2026-06-01,2026-09-16,district,S. I. KARNATAKA,KARNATAKA,DAVANGERE,0.0,6.3,-100.0,NR,267.5,319.4,-16.0,N,2026-09-16 10:58:47.980511
2026-09-16,2026-06-01,2026-09-16,district,S. I. KARNATAKA,KARNATAKA,HASSAN,0.3,3.7,-91.0,LD,216.3,604.3,-64.0,LD,2026-09-16 10:58:47.980511
2026-09-16,2026-06-01,2026-09-16,district,S. I. KARNATAKA,KARNATAKA,KODAGU,0.0,7.9,-100.0,NR,1520.7,2144.9,-29.0,D,2026-09-16 10:58:47.980511
2026-09-16,2026-06-01,2026-09-16,district,S. I. KARNATAKA,KARNATAKA,KOLAR,0.0,5.6,-100.0,NR,129.3,328.4,-61.0,LD,2026-09-16 10:58:47.980511
2026-09-16,2026-06-01,2026-09-16,district,S. I. KARNATAKA,KARNATAKA,MANDYA,24.1,4.6,423.0,LE,130.6,238.3,-45.0,D,2026-09-16 10:58:47.980511
2026-09-16,2026-06-01,2026-09-16,district,S. I. KARNATAKA,KARNATAKA,MYSURU,14.5,4.4,229.0,LE,174.0,311.7,-44.0,D,2026-09-16 10:58:47.980511
2026-09-16,2026-06-01,2026-09-16,district,S. I. KARNATAKA,KARNATAKA,RAMANAGARA,5.0,7.0,-29.0,D,34.2,373.4,-91.0,LD,2026-09-16 10:58:47.980511
2026-09-16,2026-06-01,2026-09-16,district,S. I. KARNATAKA,KARNATAKA,SHIVAMOGGA,0.0,5.2,-100.0,NR,1440.4,1551.5,-7.0,N,2026-09-16 10:58:47.980511
2026-09-16,2026-06-01,2026-09-16,district,S. I. KARNATAKA,KARNATAKA,TUMAKURU,6.8,5.0,36.0,E,134.9,300.2,-55.0,D,2026-09-16 10:58:47.980511
2026-09-16,2026-06-01,2026-09-16,district,S. I. KARNATAKA,KARNATAKA,VIJAYANAGARA,0.0,4.2,-100.0,NR,150.4,310.6,-52.0,D,2026-09-16 10:58:47.980511
2026-09-16,2026-06-01,2026-09-16,district,SAURASHTRA & KUTCH,DADRA & NAGAR HAVELI AND DAMAN & DIU (UT),DIU,8.2,0.9,811.0,LE,799.4,708.2,13.0,N,2026-09-16 10:58:47.980511
2026-09-16,2026-06-01,2026-09-16,district,SAURASHTRA & KUTCH,GUJARAT,AMRELI,0.3,3.9,-91.0,LD,544.3,522.8,4.0,N,2026-09-16 10:58:47.980511
2026-09-16,2026-06-01,2026-09-16,district,SAURASHTRA & KUTCH,GUJARAT,BHAVNAGAR,2.0,2.7,-25.0,D,586.2,515.1,14.0,N,2026-09-16 10:58:47.980511
2026-09-16,2026-06-01,2026-09-16,district,SAURASHTRA & KUTCH,GUJARAT,BOTAD,1.3,2.2,-43.0,D,563.5,509.1,11.0,N,2026-09-16 10:58:47.980511
2026-09-16,2026-06-01,2026-09-16,district,SAURASHTRA & KUTCH,GUJARAT,DEVBHOOMI DWARKA,11.0,2.0,449.0,LE,116.4,537.0,-78.0,LD,2026-09-16 10:58:47.980511
2026-09-16,2026-06-01,2026-09-16,district,SAURASHTRA & KUTCH,GUJARAT,GIR SOMNATH,5.2,3.6,44.0,E,554.3,825.0,-33.0,D,2026-09-16 10:58:47.980511
2026-09-16,2026-06-01,2026-09-16,district,SAURASHTRA & KUTCH,GUJARAT,JAMNAGAR,1.2,1.7,-31.0,D,296.7,595.4,-50.0,D,2026-09-16 10:58:47.980511
2026-09-16,2026-06-01,2026-09-16,district,SAURASHTRA & KUTCH,GUJARAT,JUNAGADH,3.5,5.2,-32.0,D,661.5,827.4,-20.0,D,2026-09-16 10:58:47.980511
2026-09-16,2026-06-01,2026-09-16,district,SAURASHTRA & KUTCH,GUJARAT,KUTCH,22.5,1.1,1942.0,LE,257.5,389.1,-34.0,D,2026-09-16 10:58:47.980511
2026-09-16,2026-06-01,2026-09-16,district,SAURASHTRA & KUTCH,GUJARAT,MORBI,1.2,1.3,-8.0,N,522.6,498.0,5.0,N,2026-09-16 10:58:47.980511
2026-09-16,2026-06-01,2026-09-16,district,SAURASHTRA & KUTCH,GUJARAT,PORBANDAR,5.0,1.7,192.0,LE,221.5,655.7,-66.0,LD,2026-09-16 10:58:47.980511
2026-09-16,2026-06-01,2026-09-16,district,SAURASHTRA & KUTCH,GUJARAT,RAJKOT,1.2,3.6,-67.0,LD,421.1,586.0,-28.0,D,2026-09-16 10:58:47.980511
2026-09-16,2026-06-01,2026-09-16,district,SAURASHTRA & KUTCH,GUJARAT,SURENDRANAGAR,0.7,1.3,-47.0,D,554.4,478.7,16.0,N,2026-09-16 10:58:47.980511
2026-09-16,2026-06-01,2026-09-16,district,SHWB & SIKKIM,SIKKIM,GANGTOK,6.7,14.0,-52.0,D,1767.5,1989.9,-11.0,N,2026-09-16 10:58:47.980511
2026-09-16,2026-06-01,2026-09-16,district,SHWB & SIKKIM,SIKKIM,GYALSHING,9.1,12.4,-27.0,D,2084.9,1647.6,27.0,E,2026-09-16 10:58:47.980511
2026-09-16,2026-06-01,2026-09-16,district,SHWB & SIKKIM,SIKKIM,MANGAN,157.1,12.3,1178.0,LE,1394.6,1417.5,-2.0,N,2026-09-16 10:58:47.980511
2026-09-16,2026-06-01,2026-09-16,district,SHWB & SIKKIM,SIKKIM,NAMCHI,30.3,9.1,233.0,LE,1689.3,1524.0,11.0,N,2026-09-16 10:58:47.980511
2026-09-16,2026-06-01,2026-09-16,district,SHWB & SIKKIM,SIKKIM,Pakyong,13.5,8.8,54.0,E,1422.3,1487.6,-4.0,N,2026-09-16 10:58:47.980511
2026-09-16,2026-06-01,2026-09-16,district,SHWB & SIKKIM,SIKKIM,Soreng,4.0,12.4,-68.0,LD,1912.5,1647.6,16.0,N,2026-09-16 10:58:47.980511
2026-09-16,2026-06-01,2026-09-16,district,SHWB & SIKKIM,WEST BENGAL,ALIPURDUAR,16.0,12.4,29.0,E,2446.0,2804.5,-13.0,N,2026-09-16 10:58:47.980511
2026-09-16,2026-06-01,2026-09-16,district,SHWB & SIKKIM,WEST BENGAL,COOCH BEHAR,0.0,21.8,-100.0,NR,1886.7,2158.3,-13.0,N,2026-09-16 10:58:47.980511
2026-09-16,2026-06-01,2026-09-16,district,SHWB & SIKKIM,WEST BENGAL,DARJEELING,4.7,18.4,-74.0,LD,1958.2,2513.6,-22.0,D,2026-09-16 10:58:47.980511
2026-09-16,2026-06-01,2026-09-16,district,SHWB & SIKKIM,WEST BENGAL,JALPAIGURI,9.6,18.1,-47.0,D,1988.6,2678.1,-26.0,D,2026-09-16 10:58:47.980511
2026-09-16,2026-06-01,2026-09-16,district,SHWB & SIKKIM,WEST BENGAL,KALIMPONG,3.7,19.9,-81.0,LD,1705.5,2240.6,-24.0,D,2026-09-16 10:58:47.980511
2026-09-16,2026-06-01,2026-09-16,district,SHWB & SIKKIM,WEST BENGAL,MALDA,0.4,8.4,-95.0,LD,785.4,1012.4,-22.0,D,2026-09-16 10:58:47.980511
2026-09-16,2026-06-01,2026-09-16,district,SHWB & SIKKIM,WEST BENGAL,NORTH DINAJPUR,0.0,13.6,-100.0,NR,921.0,1314.6,-30.0,D,2026-09-16 10:58:47.980511
2026-09-16,2026-06-01,2026-09-16,district,SHWB & SIKKIM,WEST BENGAL,SOUTH DINAJPUR,0.0,14.5,-100.0,NR,759.1,958.5,-21.0,D,2026-09-16 10:58:47.980511
2026-09-16,2026-06-01,2026-09-16,district,TAMIL. PUDU.& KARAIKAL,PUDUCHERRY (UT),KARAIKAL,0.0,6.7,-100.0,NR,234.1,238.6,-2.0,N,2026-09-16 10:58:47.980511
2026-09-16,2026-06-01,2026-09-16,district,TAMIL. PUDU.& KARAIKAL,PUDUCHERRY (UT),PUDUCHERRY,0.0,7.5,-100.0,NR,134.9,328.0,-59.0,D,2026-09-16 10:58:47.980511
2026-09-16,2026-06-01,2026-09-16,district,TAMIL. PUDU.& KARAIKAL,TAMILNADU,ARIYALUR,0.0,4.1,-100.0,NR,242.1,258.6,-6.0,N,2026-09-16 10:58:47.980511
2026-09-16,2026-06-01,2026-09-16,district,TAMIL. PUDU.& KARAIKAL,TAMILNADU,CHENGALPATTU,0.0,3.4,-100.0,NR,171.7,336.6,-49.0,D,2026-09-16 10:58:47.980511
2026-09-16,2026-06-01,2026-09-16,district,TAMIL. PUDU.& KARAIKAL,TAMILNADU,CHENNAI,0.0,3.7,-100.0,NR,350.4,367.6,-5.0,N,2026-09-16 10:58:47.980511
2026-09-16,2026-06-01,2026-09-16,district,TAMIL. PUDU.& KARAIKAL,TAMILNADU,COIMBATORE,1.5,5.0,-69.0,LD,656.5,627.7,5.0,N,2026-09-16 10:58:47.980511
2026-09-16,2026-06-01,2026-09-16,district,TAMIL. PUDU.& KARAIKAL,TAMILNADU,CUDDALORE,0.0,4.7,-100.0,NR,241.4,291.0,-17.0,N,2026-09-16 10:58:47.980511
2026-09-16,2026-06-01,2026-09-16,district,TAMIL. PUDU.& KARAIKAL,TAMILNADU,DHARMAPURI,22.5,5.2,333.0,LE,195.2,301.3,-35.0,D,2026-09-16 10:58:47.980511
2026-09-16,2026-06-01,2026-09-16,district,TAMIL. PUDU.& KARAIKAL,TAMILNADU,DINDIGUL,1.8,4.2,-58.0,D,173.5,232.3,-25.0,D,2026-09-16 10:58:47.980511
2026-09-16,2026-06-01,2026-09-16,district,TAMIL. PUDU.& KARAIKAL,TAMILNADU,ERODE,7.4,3.8,94.0,LE,158.8,202.5,-22.0,D,2026-09-16 10:58:47.980511
2026-09-16,2026-06-01,2026-09-16,district,TAMIL. PUDU.& KARAIKAL,TAMILNADU,KALLAKURICHI,0.0,9.5,-100.0,NR,205.6,333.3,-38.0,D,2026-09-16 10:58:47.980511
2026-09-16,2026-06-01,2026-09-16,district,TAMIL. PUDU.& KARAIKAL,TAMILNADU,KANCHEEPURAM,0.0,6.1,-100.0,NR,276.0,396.5,-30.0,D,2026-09-16 10:58:47.980511
2026-09-16,2026-06-01,2026-09-16,district,TAMIL. PUDU.& KARAIKAL,TAMILNADU,KANYAKUMARI,0.2,8.2,-98.0,LD,401.5,429.5,-7.0,N,2026-09-16 10:58:47.980511
2026-09-16,2026-06-01,2026-09-16,district,TAMIL. PUDU.& KARAIKAL,TAMILNADU,KARUR,5.4,3.2,70.0,LE,57.6,149.0,-61.0,LD,2026-09-16 10:58:47.980511
2026-09-16,2026-06-01,2026-09-16,district,TAMIL. PUDU.& KARAIKAL,TAMILNADU,KRISHNAGIRI,27.6,5.8,377.0,LE,176.8,278.7,-37.0,D,2026-09-16 10:58:47.980511
2026-09-16,2026-06-01,2026-09-16,district,TAMIL. PUDU.& KARAIKAL,TAMILNADU,MADURAI,2.3,4.8,-52.0,D,192.4,237.7,-19.0,N,2026-09-16 10:58:47.980511
2026-09-16,2026-06-01,2026-09-16,district,TAMIL. PUDU.& KARAIKAL,TAMILNADU,MAYILADUTHURAI,0.0,2.7,-100.0,NR,183.3,247.4,-26.0,D,2026-09-16 10:58:47.980511
2026-09-16,2026-06-01,2026-09-16,district,TAMIL. PUDU.& KARAIKAL,TAMILNADU,NAGAPATTINAM,0.0,3.7,-100.0,NR,77.7,198.5,-61.0,LD,2026-09-16 10:58:47.980511
2026-09-16,2026-06-01,2026-09-16,district,TAMIL. PUDU.& KARAIKAL,TAMILNADU,NAMAKKAL,16.5,6.1,170.0,LE,120.9,266.1,-55.0,D,2026-09-16 10:58:47.980511
2026-09-16,2026-06-01,2026-09-16,district,TAMIL. PUDU.& KARAIKAL,TAMILNADU,NILGIRIS,2.6,6.8,-62.0,LD,520.9,761.3,-32.0,D,2026-09-16 10:58:47.980511
2026-09-16,2026-06-01,2026-09-16,district,TAMIL. PUDU.& KARAIKAL,TAMILNADU,PERAMBALUR,0.0,6.5,-100.0,NR,205.3,222.9,-8.0,N,2026-09-16 10:58:47.980511
2026-09-16,2026-06-01,2026-09-16,district,TAMIL. PUDU.& KARAIKAL,TAMILNADU,PUDUKKOTTAI,0.0,3.7,-100.0,NR,205.0,243.1,-16.0,N,2026-09-16 10:58:47.980511
2026-09-16,2026-06-01,2026-09-16,district,TAMIL. PUDU.& KARAIKAL,TAMILNADU,RAMANATHAPURAM,0.0,2.1,-100.0,NR,43.3,98.5,-56.0,D,2026-09-16 10:58:47.980511
2026-09-16,2026-06-01,2026-09-16,district,TAMIL. PUDU.& KARAIKAL,TAMILNADU,RANIPET,0.0,7.5,-100.0,NR,294.0,376.0,-22.0,D,2026-09-16 10:58:47.980511
2026-09-16,2026-06-01,2026-09-16,district,TAMIL. PUDU.& KARAIKAL,TAMILNADU,SALEM,7.0,7.6,-7.0,N,208.8,330.4,-37.0,D,2026-09-16 10:58:47.980511
2026-09-16,2026-06-01,2026-09-16,district,TAMIL. PUDU.& KARAIKAL,TAMILNADU,SIVAGANGA,0.0,3.3,-100.0,NR,242.4,262.2,-8.0,N,2026-09-16 10:58:47.980511
2026-09-16,2026-06-01,2026-09-16,district,TAMIL. PUDU.& KARAIKAL,TAMILNADU,TENKASI,0.0,2.4,-100.0,NR,183.7,143.5,28.0,E,2026-09-16 10:58:47.980511
2026-09-16,2026-06-01,2026-09-16,district,TAMIL. PUDU.& KARAIKAL,TAMILNADU,THANJAVUR,0.0,5.0,-100.0,NR,165.8,244.5,-32.0,D,2026-09-16 10:58:47.980511
2026-09-16,2026-06-01,2026-09-16,district,TAMIL. PUDU.& KARAIKAL,TAMILNADU,THENI,8.0,3.6,123.0,LE,192.9,186.3,4.0,N,2026-09-16 10:58:47.980511
2026-09-16,2026-06-01,2026-09-16,district,TAMIL. PUDU.& KARAIKAL,TAMILNADU,THIRUCHIRAPALLI,0.0,6.1,-100.0,NR,121.9,215.6,-43.0,D,2026-09-16 10:58:47.980511
2026-09-16,2026-06-01,2026-09-16,district,TAMIL. PUDU.& KARAIKAL,TAMILNADU,THIRUVALLUR,0.0,5.3,-100.0,NR,311.5,391.1,-20.0,D,2026-09-16 10:58:47.980511
2026-09-16,2026-06-01,2026-09-16,district,TAMIL. PUDU.& KARAIKAL,TAMILNADU,THOOTHUKUDI,0.3,1.2,-77.0,LD,18.8,47.1,-60.0,LD,2026-09-16 10:58:47.980511
2026-09-16,2026-06-01,2026-09-16,district,TAMIL. PUDU.& KARAIKAL,TAMILNADU,TIRUNELVELI,3.0,1.4,111.0,LE,386.0,68.9,460.0,LE,2026-09-16 10:58:47.980511
2026-09-16,2026-06-01,2026-09-16,district,TAMIL. PUDU.& KARAIKAL,TAMILNADU,TIRUPATTUR,25.6,8.6,198.0,LE,156.8,354.6,-56.0,D,2026-09-16 10:58:47.980511
2026-09-16,2026-06-01,2026-09-16,district,TAMIL. PUDU.& KARAIKAL,TAMILNADU,TIRUPPUR,1.5,3.5,-57.0,D,86.2,110.1,-22.0,D,2026-09-16 10:58:47.980511
2026-09-16,2026-06-01,2026-09-16,district,TAMIL. PUDU.& KARAIKAL,TAMILNADU,TIRUVANNAMALAI,1.7,7.2,-76.0,LD,227.0,374.5,-39.0,D,2026-09-16 10:58:47.980511
2026-09-16,2026-06-01,2026-09-16,district,TAMIL. PUDU.& KARAIKAL,TAMILNADU,TIRUVARUR,0.0,4.2,-100.0,NR,177.2,237.8,-26.0,D,2026-09-16 10:58:47.980511
2026-09-16,2026-06-01,2026-09-16,district,TAMIL. PUDU.& KARAIKAL,TAMILNADU,VELLORE,18.7,7.0,167.0,LE,208.4,357.0,-42.0,D,2026-09-16 10:58:47.980511
2026-09-16,2026-06-01,2026-09-16,district,TAMIL. PUDU.& KARAIKAL,TAMILNADU,VILLUPURAM,0.0,7.3,-100.0,NR,227.9,337.0,-32.0,D,2026-09-16 10:58:47.980511
2026-09-16,2026-06-01,2026-09-16,district,TAMIL. PUDU.& KARAIKAL,TAMILNADU,VIRUDHUNAGAR,0.9,3.6,-76.0,LD,131.9,148.5,-11.0,N,2026-09-16 10:58:47.980511
2026-09-16,2026-06-01,2026-09-16,district,TELANGANA,TELANGANA,ADILABAD,6.2,6.8,-9.0,N,653.5,875.8,-25.0,D,2026-09-16 10:58:47.980511
2026-09-16,2026-06-01,2026-09-16,district,TELANGANA,TELANGANA,B. KOTHAGUDEM,0.2,3.6,-95.0,LD,625.9,869.0,-28.0,D,2026-09-16 10:58:47.980511
2026-09-16,2026-06-01,2026-09-16,district,TELANGANA,TELANGANA,HANUMAKONDA,0.9,3.0,-70.0,LD,419.0,614.2,-32.0,D,2026-09-16 10:58:47.980511
2026-09-16,2026-06-01,2026-09-16,district,TELANGANA,TELANGANA,HYDERABAD,0.0,6.2,-100.0,NR,389.3,549.2,-29.0,D,2026-09-16 10:58:47.980511
2026-09-16,2026-06-01,2026-09-16,district,TELANGANA,TELANGANA,J. BHUPALPALLY,0.0,4.9,-100.0,NR,781.9,906.3,-14.0,N,2026-09-16 10:58:47.980511
2026-09-16,2026-06-01,2026-09-16,district,TELANGANA,TELANGANA,JAGTIAL,0.1,5.3,-99.0,LD,749.7,734.7,2.0,N,2026-09-16 10:58:47.980511
2026-09-16,2026-06-01,2026-09-16,district,TELANGANA,TELANGANA,JANGAON,0.0,4.4,-100.0,NR,419.0,597.8,-30.0,D,2026-09-16 10:58:47.980511
2026-09-16,2026-06-01,2026-09-16,district,TELANGANA,TELANGANA,JOGULAMBA GADWAL,0.0,5.8,-100.0,NR,196.2,382.9,-49.0,D,2026-09-16 10:58:47.980511
2026-09-16,2026-06-01,2026-09-16,district,TELANGANA,TELANGANA,KAMAREDDY,0.0,5.7,-99.0,LD,781.5,704.4,11.0,N,2026-09-16 10:58:47.980511
2026-09-16,2026-06-01,2026-09-16,district,TELANGANA,TELANGANA,KARIMNAGAR,0.4,4.4,-91.0,LD,568.0,622.7,-9.0,N,2026-09-16 10:58:47.980511
2026-09-16,2026-06-01,2026-09-16,district,TELANGANA,TELANGANA,KHAMMAM,0.0,3.0,-99.0,LD,483.2,700.4,-31.0,D,2026-09-16 10:58:47.980511
2026-09-16,2026-06-01,2026-09-16,district,TELANGANA,TELANGANA,KUMARAM BHEEM,3.4,5.1,-34.0,D,1019.5,900.4,13.0,N,2026-09-16 10:58:47.980511
2026-09-16,2026-06-01,2026-09-16,district,TELANGANA,TELANGANA,M. MALKAJGIRI,0.5,5.8,-92.0,LD,290.0,461.8,-37.0,D,2026-09-16 10:58:47.980511
2026-09-16,2026-06-01,2026-09-16,district,TELANGANA,TELANGANA,MAHABUBABAD,0.1,4.5,-98.0,LD,628.4,786.1,-20.0,D,2026-09-16 10:58:47.980511
2026-09-16,2026-06-01,2026-09-16,district,TELANGANA,TELANGANA,MAHABUBNAGAR,0.3,4.6,-93.0,LD,346.5,444.5,-22.0,D,2026-09-16 10:58:47.980511
2026-09-16,2026-06-01,2026-09-16,district,TELANGANA,TELANGANA,MANCHERIAL,0.4,3.5,-90.0,LD,936.6,861.1,9.0,N,2026-09-16 10:58:47.980511
2026-09-16,2026-06-01,2026-09-16,district,TELANGANA,TELANGANA,MEDAK,0.1,4.1,-97.0,LD,632.9,700.8,-10.0,N,2026-09-16 10:58:47.980511
2026-09-16,2026-06-01,2026-09-16,district,TELANGANA,TELANGANA,MULUGU,0.0,3.6,-100.0,NR,887.9,906.8,-2.0,N,2026-09-16 10:58:47.980511
2026-09-16,2026-06-01,2026-09-16,district,TELANGANA,TELANGANA,NAGARKURNOOL,0.1,6.8,-99.0,LD,256.8,415.3,-38.0,D,2026-09-16 10:58:47.980511
2026-09-16,2026-06-01,2026-09-16,district,TELANGANA,TELANGANA,NALGONDA,2.9,5.3,-45.0,D,201.4,441.8,-54.0,D,2026-09-16 10:58:47.980511
2026-09-16,2026-06-01,2026-09-16,district,TELANGANA,TELANGANA,NARAYANPET,0.2,5.7,-97.0,LD,339.0,404.3,-16.0,N,2026-09-16 10:58:47.980511
2026-09-16,2026-06-01,2026-09-16,district,TELANGANA,TELANGANA,NIRMAL,0.6,4.7,-87.0,LD,412.7,815.8,-49.0,D,2026-09-16 10:58:47.980511
2026-09-16,2026-06-01,2026-09-16,district,TELANGANA,TELANGANA,NIZAMABAD,0.0,3.9,-100.0,NR,659.4,756.8,-13.0,N,2026-09-16 10:58:47.980511
2026-09-16,2026-06-01,2026-09-16,district,TELANGANA,TELANGANA,PEDDAPALLE,0.0,4.1,-100.0,NR,704.8,791.0,-11.0,N,2026-09-16 10:58:47.980511
2026-09-16,2026-06-01,2026-09-16,district,TELANGANA,TELANGANA,RAJANNA SIRCILLA,0.7,5.6,-87.0,LD,614.3,617.9,-1.0,N,2026-09-16 10:58:47.980511
2026-09-16,2026-06-01,2026-09-16,district,TELANGANA,TELANGANA,RANGAREDDY,0.0,5.7,-99.0,LD,357.7,471.4,-24.0,D,2026-09-16 10:58:47.980511
2026-09-16,2026-06-01,2026-09-16,district,TELANGANA,TELANGANA,SANGAREDDY,0.2,5.7,-97.0,LD,421.5,622.4,-32.0,D,2026-09-16 10:58:47.980511
2026-09-16,2026-06-01,2026-09-16,district,TELANGANA,TELANGANA,SIDDIPET,1.0,5.8,-83.0,LD,554.3,552.8,0.0,N,2026-09-16 10:58:47.980511
2026-09-16,2026-06-01,2026-09-16,district,TELANGANA,TELANGANA,SURYAPET,0.1,5.0,-99.0,LD,353.3,537.4,-34.0,D,2026-09-16 10:58:47.980511
2026-09-16,2026-06-01,2026-09-16,district,TELANGANA,TELANGANA,VIKARABAD,0.1,5.1,-99.0,LD,434.4,580.0,-25.0,D,2026-09-16 10:58:47.980511
2026-09-16,2026-06-01,2026-09-16,district,TELANGANA,TELANGANA,WANAPARTHY,0.0,5.9,-100.0,NR,267.7,468.4,-43.0,D,2026-09-16 10:58:47.980511
2026-09-16,2026-06-01,2026-09-16,district,TELANGANA,TELANGANA,WARANGAL,0.4,3.3,-88.0,LD,484.4,832.7,-42.0,D,2026-09-16 10:58:47.980511
2026-09-16,2026-06-01,2026-09-16,district,TELANGANA,TELANGANA,Y. BHUVANAGIRI,1.2,5.1,-77.0,LD,307.8,462.4,-33.0,D,2026-09-16 10:58:47.980511
2026-09-16,2026-06-01,2026-09-16,district,UTTARAKHAND,UTTARAKHAND,ALMORA,0.0,7.4,-100.0,NR,961.4,750.0,28.0,E,2026-09-16 10:58:47.980511
2026-09-16,2026-06-01,2026-09-16,district,UTTARAKHAND,UTTARAKHAND,BAGESHWAR,11.8,7.4,59.0,E,1981.4,750.0,164.0,LE,2026-09-16 10:58:47.980511
2026-09-16,2026-06-01,2026-09-16,district,UTTARAKHAND,UTTARAKHAND,CHAMOLI,5.1,2.3,120.0,LE,1166.7,689.4,69.0,LE,2026-09-16 10:58:47.980511
2026-09-16,2026-06-01,2026-09-16,district,UTTARAKHAND,UTTARAKHAND,CHAMPAWAT,6.8,5.4,25.0,E,925.4,1233.4,-25.0,D,2026-09-16 10:58:47.980511
2026-09-16,2026-06-01,2026-09-16,district,UTTARAKHAND,UTTARAKHAND,DEHRADUN,2.2,5.4,-60.0,LD,1351.3,1378.4,-2.0,N,2026-09-16 10:58:47.980511
2026-09-16,2026-06-01,2026-09-16,district,UTTARAKHAND,UTTARAKHAND,GARHWAL PAURI,1.6,7.8,-80.0,LD,676.9,1216.7,-44.0,D,2026-09-16 10:58:47.980511
2026-09-16,2026-06-01,2026-09-16,district,UTTARAKHAND,UTTARAKHAND,GARHWAL TEHRI,1.1,5.3,-79.0,LD,1169.1,903.1,29.0,E,2026-09-16 10:58:47.980511
2026-09-16,2026-06-01,2026-09-16,district,UTTARAKHAND,UTTARAKHAND,HARDWAR,0.0,3.9,-100.0,NR,1089.6,947.0,15.0,N,2026-09-16 10:58:47.980511
2026-09-16,2026-06-01,2026-09-16,district,UTTARAKHAND,UTTARAKHAND,NAINITAL,0.4,8.8,-96.0,LD,1170.5,1465.5,-20.0,D,2026-09-16 10:58:47.980511
2026-09-16,2026-06-01,2026-09-16,district,UTTARAKHAND,UTTARAKHAND,PITHORAGARH,17.2,6.0,186.0,LE,1473.2,1430.7,3.0,N,2026-09-16 10:58:47.980511
2026-09-16,2026-06-01,2026-09-16,district,UTTARAKHAND,UTTARAKHAND,RUDRAPRAYAG,3.1,6.5,-53.0,D,1378.8,1504.2,-8.0,N,2026-09-16 10:58:47.980511
2026-09-16,2026-06-01,2026-09-16,district,UTTARAKHAND,UTTARAKHAND,UDHAM SINGH NAGAR,4.8,7.9,-40.0,D,1104.8,1076.8,3.0,N,2026-09-16 10:58:47.980511
2026-09-16,2026-06-01,2026-09-16,district,UTTARAKHAND,UTTARAKHAND,UTTARKASHI,2.5,3.8,-35.0,D,950.1,1095.5,-13.0,N,2026-09-16 10:58:47.980511
2026-09-16,2026-06-01,2026-09-16,district,VIDARBHA,MAHARASHTRA,AKOLA,0.0,3.5,-99.0,LD,391.3,649.4,-40.0,D,2026-09-16 10:58:47.980511
2026-09-16,2026-06-01,2026-09-16,district,VIDARBHA,MAHARASHTRA,AMRAOTI,0.0,3.9,-99.0,LD,457.5,771.0,-41.0,D,2026-09-16 10:58:47.980511
2026-09-16,2026-06-01,2026-09-16,district,VIDARBHA,MAHARASHTRA,BHANDARA,0.0,3.6,-100.0,NR,862.8,1033.7,-17.0,N,2026-09-16 10:58:47.980511
2026-09-16,2026-06-01,2026-09-16,district,VIDARBHA,MAHARASHTRA,BULDHANA,0.0,5.6,-100.0,NR,494.9,598.8,-17.0,N,2026-09-16 10:58:47.980511
2026-09-16,2026-06-01,2026-09-16,district,VIDARBHA,MAHARASHTRA,CHANDRAPUR,0.6,4.2,-85.0,LD,664.1,1021.5,-35.0,D,2026-09-16 10:58:47.980511
2026-09-16,2026-06-01,2026-09-16,district,VIDARBHA,MAHARASHTRA,GADCHIROLI,0.0,4.9,-100.0,NR,951.6,1228.3,-23.0,D,2026-09-16 10:58:47.980511
2026-09-16,2026-06-01,2026-09-16,district,VIDARBHA,MAHARASHTRA,GONDIA,0.0,3.2,-99.0,LD,1107.5,1158.8,-4.0,N,2026-09-16 10:58:47.980511
2026-09-16,2026-06-01,2026-09-16,district,VIDARBHA,MAHARASHTRA,NAGPUR,1.0,4.4,-77.0,LD,575.0,887.9,-35.0,D,2026-09-16 10:58:47.980511
2026-09-16,2026-06-01,2026-09-16,district,VIDARBHA,MAHARASHTRA,WARDHA,0.1,3.2,-98.0,LD,538.1,786.2,-32.0,D,2026-09-16 10:58:47.980511
2026-09-16,2026-06-01,2026-09-16,district,VIDARBHA,MAHARASHTRA,WASHIM,0.0,5.8,-99.0,LD,464.4,722.5,-36.0,D,2026-09-16 10:58:47.980511
2026-09-16,2026-06-01,2026-09-16,district,VIDARBHA,MAHARASHTRA,YEOTMAL,0.3,5.0,-95.0,LD,570.9,758.8,-25.0,D,2026-09-16 10:58:47.980511
2026-09-16,2026-06-01,2026-09-16,district,WEST MADHYA PRADESH,MADHYA PRADESH,AGAR-MALWA,0.0,9.8,-100.0,NR,905.5,856.8,6.0,N,2026-09-16 10:58:47.980511
2026-09-16,2026-06-01,2026-09-16,district,WEST MADHYA PRADESH,MADHYA PRADESH,ALIRAJPUR,0.0,5.7,-100.0,NR,455.2,808.8,-44.0,D,2026-09-16 10:58:47.980511
2026-09-16,2026-06-01,2026-09-16,district,WEST MADHYA PRADESH,MADHYA PRADESH,ASHOKNAGAR,0.0,5.5,-100.0,NR,703.5,808.0,-13.0,N,2026-09-16 10:58:47.980511
2026-09-16,2026-06-01,2026-09-16,district,WEST MADHYA PRADESH,MADHYA PRADESH,BARWANI,0.0,4.0,-100.0,NR,592.5,611.1,-3.0,N,2026-09-16 10:58:47.980511
2026-09-16,2026-06-01,2026-09-16,district,WEST MADHYA PRADESH,MADHYA PRADESH,BETUL,4.0,4.5,-10.0,N,682.6,988.1,-31.0,D,2026-09-16 10:58:47.980511
2026-09-16,2026-06-01,2026-09-16,district,WEST MADHYA PRADESH,MADHYA PRADESH,BHIND,9.4,4.6,105.0,LE,747.0,585.2,28.0,E,2026-09-16 10:58:47.980511
2026-09-16,2026-06-01,2026-09-16,district,WEST MADHYA PRADESH,MADHYA PRADESH,BHOPAL,0.0,6.7,-100.0,NR,1017.5,912.4,12.0,N,2026-09-16 10:58:47.980511
2026-09-16,2026-06-01,2026-09-16,district,WEST MADHYA PRADESH,MADHYA PRADESH,BURHANPUR,0.0,5.2,-100.0,NR,774.4,686.0,13.0,N,2026-09-16 10:58:47.980511
2026-09-16,2026-06-01,2026-09-16,district,WEST MADHYA PRADESH,MADHYA PRADESH,DATIA,26.4,8.0,229.0,LE,768.4,711.6,8.0,N,2026-09-16 10:58:47.980511
2026-09-16,2026-06-01,2026-09-16,district,WEST MADHYA PRADESH,MADHYA PRADESH,DEWAS,0.0,4.5,-100.0,NR,767.8,855.8,-10.0,N,2026-09-16 10:58:47.980511
2026-09-16,2026-06-01,2026-09-16,district,WEST MADHYA PRADESH,MADHYA PRADESH,DHAR,0.0,7.2,-100.0,NR,485.2,753.5,-36.0,D,2026-09-16 10:58:47.980511
2026-09-16,2026-06-01,2026-09-16,district,WEST MADHYA PRADESH,MADHYA PRADESH,GUNA,0.0,5.9,-100.0,NR,956.3,897.2,7.0,N,2026-09-16 10:58:47.980511
2026-09-16,2026-06-01,2026-09-16,district,WEST MADHYA PRADESH,MADHYA PRADESH,GWALIOR,1.5,6.7,-78.0,LD,734.7,680.8,8.0,N,2026-09-16 10:58:47.980511
2026-09-16,2026-06-01,2026-09-16,district,WEST MADHYA PRADESH,MADHYA PRADESH,HARDA,0.0,5.4,-100.0,NR,683.1,1028.7,-34.0,D,2026-09-16 10:58:47.980511
2026-09-16,2026-06-01,2026-09-16,district,WEST MADHYA PRADESH,MADHYA PRADESH,INDORE,0.0,5.4,-100.0,NR,627.4,812.1,-23.0,D,2026-09-16 10:58:47.980511
2026-09-16,2026-06-01,2026-09-16,district,WEST MADHYA PRADESH,MADHYA PRADESH,JHABUA,0.0,6.1,-100.0,NR,560.6,827.3,-32.0,D,2026-09-16 10:58:47.980511
2026-09-16,2026-06-01,2026-09-16,district,WEST MADHYA PRADESH,MADHYA PRADESH,KHANDWA,0.0,5.2,-100.0,NR,697.4,735.8,-5.0,N,2026-09-16 10:58:47.980511
2026-09-16,2026-06-01,2026-09-16,district,WEST MADHYA PRADESH,MADHYA PRADESH,KHARGONE,0.0,3.6,-100.0,NR,736.3,661.9,11.0,N,2026-09-16 10:58:47.980511
2026-09-16,2026-06-01,2026-09-16,district,WEST MADHYA PRADESH,MADHYA PRADESH,MANDSAUR,0.0,5.1,-100.0,NR,726.6,795.3,-9.0,N,2026-09-16 10:58:47.980511
2026-09-16,2026-06-01,2026-09-16,district,WEST MADHYA PRADESH,MADHYA PRADESH,MORENA,7.5,4.4,70.0,LE,556.3,619.1,-10.0,N,2026-09-16 10:58:47.980511
2026-09-16,2026-06-01,2026-09-16,district,WEST MADHYA PRADESH,MADHYA PRADESH,NARMADAPURAM,5.0,3.8,33.0,E,781.5,1205.6,-35.0,D,2026-09-16 10:58:47.980511
2026-09-16,2026-06-01,2026-09-16,district,WEST MADHYA PRADESH,MADHYA PRADESH,NEEMUCH,0.0,4.3,-100.0,NR,652.6,748.0,-13.0,N,2026-09-16 10:58:47.980511
2026-09-16,2026-06-01,2026-09-16,district,WEST MADHYA PRADESH,MADHYA PRADESH,RAISEN,0.0,7.4,-99.0,LD,817.8,1034.0,-21.0,D,2026-09-16 10:58:47.980511
2026-09-16,2026-06-01,2026-09-16,district,WEST MADHYA PRADESH,MADHYA PRADESH,RAJGARH,0.2,4.2,-96.0,LD,1014.4,854.0,19.0,N,2026-09-16 10:58:47.980511
2026-09-16,2026-06-01,2026-09-16,district,WEST MADHYA PRADESH,MADHYA PRADESH,RATLAM,0.0,4.4,-100.0,NR,575.8,867.2,-34.0,D,2026-09-16 10:58:47.980511
2026-09-16,2026-06-01,2026-09-16,district,WEST MADHYA PRADESH,MADHYA PRADESH,SEHORE,0.0,5.9,-100.0,NR,863.0,1019.3,-15.0,N,2026-09-16 10:58:47.980511
2026-09-16,2026-06-01,2026-09-16,district,WEST MADHYA PRADESH,MADHYA PRADESH,SHAJAPUR,0.0,7.5,-100.0,NR,687.8,858.3,-20.0,D,2026-09-16 10:58:47.980511
2026-09-16,2026-06-01,2026-09-16,district,WEST MADHYA PRADESH,MADHYA PRADESH,SHEOPUR,0.0,5.9,-100.0,NR,755.5,644.8,17.0,N,2026-09-16 10:58:47.980511
2026-09-16,2026-06-01,2026-09-16,district,WEST MADHYA PRADESH,MADHYA PRADESH,SHIVPURI,1.1,5.6,-80.0,LD,949.5,754.1,26.0,E,2026-09-16 10:58:47.980511
2026-09-16,2026-06-01,2026-09-16,district,WEST MADHYA PRADESH,MADHYA PRADESH,UJJAIN,0.0,5.5,-100.0,NR,628.2,841.5,-25.0,D,2026-09-16 10:58:47.980511
2026-09-16,2026-06-01,2026-09-16,district,WEST MADHYA PRADESH,MADHYA PRADESH,VIDISHA,0.0,5.2,-100.0,NR,781.7,978.2,-20.0,D,2026-09-16 10:58:47.980511
2026-09-16,2026-06-01,2026-09-16,district,WEST RAJASTHAN,RAJASTHAN,BARMER,0.0,0.7,-100.0,NR,191.2,263.1,-27.0,D,2026-09-16 10:58:47.980511
2026-09-16,2026-06-01,2026-09-16,district,WEST RAJASTHAN,RAJASTHAN,BIKANER,0.0,0.9,-100.0,NR,208.9,239.4,-13.0,N,2026-09-16 10:58:47.980511
2026-09-16,2026-06-01,2026-09-16,district,WEST RAJASTHAN,RAJASTHAN,CHURU,0.0,1.7,-100.0,NR,290.2,320.1,-9.0,N,2026-09-16 10:58:47.980511
2026-09-16,2026-06-01,2026-09-16,district,WEST RAJASTHAN,RAJASTHAN,HANUMANGARH,0.0,1.9,-100.0,NR,144.4,239.3,-40.0,D,2026-09-16 10:58:47.980511
2026-09-16,2026-06-01,2026-09-16,district,WEST RAJASTHAN,RAJASTHAN,JAISALMER,0.0,0.6,-100.0,NR,83.3,170.8,-51.0,D,2026-09-16 10:58:47.980511
2026-09-16,2026-06-01,2026-09-16,district,WEST RAJASTHAN,RAJASTHAN,JALORE,1.8,1.8,-3.0,N,169.4,404.3,-58.0,D,2026-09-16 10:58:47.980511
2026-09-16,2026-06-01,2026-09-16,district,WEST RAJASTHAN,RAJASTHAN,JODHPUR,0.0,0.9,-100.0,NR,190.6,283.1,-33.0,D,2026-09-16 10:58:47.980511
2026-09-16,2026-06-01,2026-09-16,district,WEST RAJASTHAN,RAJASTHAN,NAGAUR,2.0,1.2,67.0,LE,302.0,357.3,-15.0,N,2026-09-16 10:58:47.980511
2026-09-16,2026-06-01,2026-09-16,district,WEST RAJASTHAN,RAJASTHAN,PALI,3.7,1.5,147.0,LE,215.6,476.5,-55.0,D,2026-09-16 10:58:47.980511
2026-09-16,2026-06-01,2026-09-16,district,WEST RAJASTHAN,RAJASTHAN,SRI GANGANAGAR,0.0,0.7,-100.0,NR,176.2,194.8,-10.0,N,2026-09-16 10:58:47.980511
2026-09-16,2026-06-01,2026-09-16,district,WEST UTTAR PRADESH,UTTAR PRADESH,AGRA,0.3,3.9,-92.0,LD,498.7,506.1,-1.0,N,2026-09-16 10:58:47.980511
2026-09-16,2026-06-01,2026-09-16,district,WEST UTTAR PRADESH,UTTAR PRADESH,ALIGARH,0.0,4.7,-100.0,NR,314.6,561.8,-44.0,D,2026-09-16 10:58:47.980511
2026-09-16,2026-06-01,2026-09-16,district,WEST UTTAR PRADESH,UTTAR PRADESH,AMROHA,0.0,6.2,-100.0,NR,641.6,779.8,-18.0,N,2026-09-16 10:58:47.980511
2026-09-16,2026-06-01,2026-09-16,district,WEST UTTAR PRADESH,UTTAR PRADESH,AURAIYA,2.0,4.2,-52.0,D,516.4,491.3,5.0,N,2026-09-16 10:58:47.980511
2026-09-16,2026-06-01,2026-09-16,district,WEST UTTAR PRADESH,UTTAR PRADESH,BADAUN,0.0,6.4,-100.0,NR,646.0,639.0,1.0,N,2026-09-16 10:58:47.980511
2026-09-16,2026-06-01,2026-09-16,district,WEST UTTAR PRADESH,UTTAR PRADESH,BAGHPAT,0.0,3.5,-100.0,NR,489.7,482.8,1.0,N,2026-09-16 10:58:47.980511
2026-09-16,2026-06-01,2026-09-16,district,WEST UTTAR PRADESH,UTTAR PRADESH,BAREILLY,0.3,5.8,-96.0,LD,743.0,740.3,0.0,N,2026-09-16 10:58:47.980511
2026-09-16,2026-06-01,2026-09-16,district,WEST UTTAR PRADESH,UTTAR PRADESH,BIJNOR,0.0,3.1,-100.0,NR,1117.8,851.1,31.0,E,2026-09-16 10:58:47.980511
2026-09-16,2026-06-01,2026-09-16,district,WEST UTTAR PRADESH,UTTAR PRADESH,BULANDSHAHAR,0.8,3.7,-78.0,LD,454.0,507.7,-11.0,N,2026-09-16 10:58:47.980511
2026-09-16,2026-06-01,2026-09-16,district,WEST UTTAR PRADESH,UTTAR PRADESH,ETAH,0.0,4.8,-100.0,NR,686.5,482.9,42.0,E,2026-09-16 10:58:47.980511
2026-09-16,2026-06-01,2026-09-16,district,WEST UTTAR PRADESH,UTTAR PRADESH,ETAWAH,9.0,6.4,41.0,E,637.5,540.2,18.0,N,2026-09-16 10:58:47.980511
2026-09-16,2026-06-01,2026-09-16,district,WEST UTTAR PRADESH,UTTAR PRADESH,FIROZABAD,16.3,4.4,271.0,LE,685.8,547.5,25.0,E,2026-09-16 10:58:47.980511
2026-09-16,2026-06-01,2026-09-16,district,WEST UTTAR PRADESH,UTTAR PRADESH,GAUTAM BUDDHA NAGAR,0.0,3.8,-100.0,NR,657.0,441.5,49.0,E,2026-09-16 10:58:47.980511
2026-09-16,2026-06-01,2026-09-16,district,WEST UTTAR PRADESH,UTTAR PRADESH,GHAZIABAD,0.0,3.8,-100.0,NR,182.8,444.3,-59.0,D,2026-09-16 10:58:47.980511
2026-09-16,2026-06-01,2026-09-16,district,WEST UTTAR PRADESH,UTTAR PRADESH,HAMIRPUR,11.1,4.1,171.0,LE,1040.0,666.3,56.0,E,2026-09-16 10:58:47.980511
2026-09-16,2026-06-01,2026-09-16,district,WEST UTTAR PRADESH,UTTAR PRADESH,HAPUR,0.0,7.9,-100.0,NR,312.5,646.7,-52.0,D,2026-09-16 10:58:47.980511
2026-09-16,2026-06-01,2026-09-16,district,WEST UTTAR PRADESH,UTTAR PRADESH,HATHRAS,7.7,5.1,50.0,E,465.3,531.4,-12.0,N,2026-09-16 10:58:47.980511
2026-09-16,2026-06-01,2026-09-16,district,WEST UTTAR PRADESH,UTTAR PRADESH,JALAUN,5.8,5.2,11.0,N,696.3,608.1,15.0,N,2026-09-16 10:58:47.980511
2026-09-16,2026-06-01,2026-09-16,district,WEST UTTAR PRADESH,UTTAR PRADESH,JHANSI,1.2,5.2,-76.0,LD,562.1,688.0,-18.0,N,2026-09-16 10:58:47.980511
2026-09-16,2026-06-01,2026-09-16,district,WEST UTTAR PRADESH,UTTAR PRADESH,KASGANJ,0.0,6.0,-100.0,NR,568.3,638.0,-11.0,N,2026-09-16 10:58:47.980511
2026-09-16,2026-06-01,2026-09-16,district,WEST UTTAR PRADESH,UTTAR PRADESH,LALITPUR,0.0,6.6,-100.0,NR,941.5,763.9,23.0,E,2026-09-16 10:58:47.980511
2026-09-16,2026-06-01,2026-09-16,district,WEST UTTAR PRADESH,UTTAR PRADESH,MAHOBA,6.7,2.8,138.0,LE,965.3,567.5,70.0,LE,2026-09-16 10:58:47.980511
2026-09-16,2026-06-01,2026-09-16,district,WEST UTTAR PRADESH,UTTAR PRADESH,MAINPURI,0.0,7.5,-100.0,NR,379.7,623.9,-39.0,D,2026-09-16 10:58:47.980511
2026-09-16,2026-06-01,2026-09-16,district,WEST UTTAR PRADESH,UTTAR PRADESH,MATHURA,0.0,3.0,-100.0,NR,260.3,470.3,-45.0,D,2026-09-16 10:58:47.980511
2026-09-16,2026-06-01,2026-09-16,district,WEST UTTAR PRADESH,UTTAR PRADESH,MEERUT,7.1,5.0,42.0,E,988.3,619.8,59.0,E,2026-09-16 10:58:47.980511
2026-09-16,2026-06-01,2026-09-16,district,WEST UTTAR PRADESH,UTTAR PRADESH,MORADABAD,0.0,6.1,-100.0,NR,909.5,825.8,10.0,N,2026-09-16 10:58:47.980511
2026-09-16,2026-06-01,2026-09-16,district,WEST UTTAR PRADESH,UTTAR PRADESH,MUZAFFARNAGAR,0.8,3.4,-76.0,LD,979.2,620.4,58.0,E,2026-09-16 10:58:47.980511
2026-09-16,2026-06-01,2026-09-16,district,WEST UTTAR PRADESH,UTTAR PRADESH,PILIBHIT,0.0,5.4,-100.0,NR,347.4,795.5,-56.0,D,2026-09-16 10:58:47.980511
2026-09-16,2026-06-01,2026-09-16,district,WEST UTTAR PRADESH,UTTAR PRADESH,RAMPUR,0.4,7.7,-94.0,LD,608.0,687.3,-12.0,N,2026-09-16 10:58:47.980511
2026-09-16,2026-06-01,2026-09-16,district,WEST UTTAR PRADESH,UTTAR PRADESH,SAHARANPUR,0.0,4.1,-100.0,NR,518.3,721.6,-28.0,D,2026-09-16 10:58:47.980511
2026-09-16,2026-06-01,2026-09-16,district,WEST UTTAR PRADESH,UTTAR PRADESH,SAMBHAL,0.0,5.3,-100.0,NR,1130.5,629.1,80.0,LE,2026-09-16 10:58:47.980511
2026-09-16,2026-06-01,2026-09-16,district,WEST UTTAR PRADESH,UTTAR PRADESH,SHAHJAHANPUR,0.0,10.8,-100.0,NR,732.7,718.4,2.0,N,2026-09-16 10:58:47.980511
2026-09-16,2026-06-01,2026-09-16,district,WEST UTTAR PRADESH,UTTAR PRADESH,SHAMLI,0.0,1.9,-100.0,NR,164.6,511.5,-68.0,LD,2026-09-16 10:58:47.980511
2026-09-16,2026-06-01,2026-09-16,state,ASSAM & MEGHALAYA,ASSAM,,3.4,10.7,-68.0,LD,1007.4,1358.2,-26.0,D,2026-09-16 10:58:47.980511
2026-09-16,2026-06-01,2026-09-16,state,ASSAM & MEGHALAYA,MEGHALAYA,,2.8,13.6,-79.0,LD,1015.4,2482.0,-59.0,D,2026-09-16 10:58:47.980511
2026-09-16,2026-06-01,2026-09-16,state,BIHAR,UTTAR PRADESH,,1.8,6.1,-71.0,LD,671.2,698.1,-4.0,N,2026-09-16 10:58:47.980511
2026-09-16,2026-06-01,2026-09-16,state,CHHATTISGARH,ANDHRA PRADESH,,4.2,4.7,-10.0,N,255.3,442.3,-42.0,D,2026-09-16 10:58:47.980511
2026-09-16,2026-06-01,2026-09-16,state,COASTAL A. P. & YANAM,ANDHRA PRADESH,,4.2,4.7,-10.0,N,255.3,442.3,-42.0,D,2026-09-16 10:58:47.980511
2026-09-16,2026-06-01,2026-09-16,state,COASTAL A. P. & YANAM,PUDUCHERRY (UT),,0.0,7.1,-100.0,NR,210.9,353.8,-40.0,D,2026-09-16 10:58:47.980511
2026-09-16,2026-06-01,2026-09-16,state,EAST MADHYA PRADESH,GUJARAT,,6.2,2.8,123.0,LE,605.5,666.7,-9.0,N,2026-09-16 10:58:47.980511
2026-09-16,2026-06-01,2026-09-16,state,GUJARAT REGION,DADRA & NAGAR HAVELI AND DAMAN & DIU (UT),,7.2,7.1,2.0,N,2927.9,2054.9,42.0,E,2026-09-16 10:58:47.980511
2026-09-16,2026-06-01,2026-09-16,state,GUJARAT REGION,GUJARAT,,6.2,2.8,123.0,LE,605.5,666.7,-9.0,N,2026-09-16 10:58:47.980511
2026-09-16,2026-06-01,2026-09-16,state,HAR. CHD & DELHI,CHANDIGARH (UT),,0.0,1.3,-99.0,LD,715.4,818.4,-13.0,N,2026-09-16 10:58:47.980511
2026-09-16,2026-06-01,2026-09-16,state,HAR. CHD & DELHI,DELHI,,0.1,2.9,-97.0,LD,562.7,519.2,8.0,N,2026-09-16 10:58:47.980511
2026-09-16,2026-06-01,2026-09-16,state,HAR. CHD & DELHI,HARYANA,,0.0,2.2,-99.0,LD,311.4,405.7,-23.0,D,2026-09-16 10:58:47.980511
2026-09-16,2026-06-01,2026-09-16,state,J & K AND LADAKH,JAMMU & KASHMIR(UT),,0.1,3.0,-98.0,LD,505.6,515.7,-2.0,N,2026-09-16 10:58:47.980511
2026-09-16,2026-06-01,2026-09-16,state,J & K AND LADAKH,LADAKH (UT),,0.0,0.2,-100.0,NR,49.4,19.4,155.0,LE,2026-09-16 10:58:47.980511
2026-09-16,2026-06-01,2026-09-16,state,J & K AND LADAKH,RAJASTHAN,,0.5,2.1,-76.0,LD,316.1,419.8,-25.0,D,2026-09-16 10:58:47.980511
2026-09-16,2026-06-01,2026-09-16,state,KERALA & MAHE,KERALA,,0.8,10.2,-92.0,LD,1383.1,1898.4,-27.0,D,2026-09-16 10:58:47.980511
2026-09-16,2026-06-01,2026-09-16,state,KERALA & MAHE,PUDUCHERRY (UT),,0.0,7.1,-100.0,NR,210.9,353.8,-40.0,D,2026-09-16 10:58:47.980511
2026-09-16,2026-06-01,2026-09-16,state,KONKAN & GOA,GOA,,2.3,10.8,-78.0,LD,1876.0,2872.8,-35.0,D,2026-09-16 10:58:47.980511
2026-09-16,2026-06-01,2026-09-16,state,KONKAN & GOA,MAHARASHTRA,,0.7,5.3,-88.0,LD,767.4,916.6,-16.0,N,2026-09-16 10:58:47.980511
2026-09-16,2026-06-01,2026-09-16,state,NMMT,MANIPUR,,2.2,8.9,-75.0,LD,546.2,955.6,-43.0,D,2026-09-16 10:58:47.980511
2026-09-16,2026-06-01,2026-09-16,state,NMMT,MIZORAM,,9.6,12.3,-22.0,D,1233.9,1465.9,-16.0,N,2026-09-16 10:58:47.980511
2026-09-16,2026-06-01,2026-09-16,state,NMMT,NAGALAND,,6.7,6.0,12.0,N,1045.2,950.2,10.0,N,2026-09-16 10:58:47.980511
2026-09-16,2026-06-01,2026-09-16,state,NMMT,TRIPURA,,4.6,7.9,-42.0,D,1093.9,1276.7,-14.0,N,2026-09-16 10:58:47.980511
2026-09-16,2026-06-01,2026-09-16,state,SAURASHTRA & KUTCH,DADRA & NAGAR HAVELI AND DAMAN & DIU (UT),,7.2,7.1,2.0,N,2927.9,2054.9,42.0,E,2026-09-16 10:58:47.980511
2026-09-16,2026-06-01,2026-09-16,state,SAURASHTRA & KUTCH,GUJARAT,,6.2,2.8,123.0,LE,605.5,666.7,-9.0,N,2026-09-16 10:58:47.980511
2026-09-16,2026-06-01,2026-09-16,state,SHWB & SIKKIM,SIKKIM,,99.2,12.4,700.0,LE,1565.5,1532.4,2.0,N,2026-09-16 10:58:47.980511
2026-09-16,2026-06-01,2026-09-16,state,SHWB & SIKKIM,WEST BENGAL,,2.9,8.7,-66.0,LD,1208.7,1206.8,0.0,N,2026-09-16 10:58:47.980511
2026-09-16,2026-06-01,2026-09-16,state,TAMIL. PUDU.& KARAIKAL,KARNATAKA,,2.5,5.5,-55.0,D,529.5,751.3,-30.0,D,2026-09-16 10:58:47.980511
2026-09-16,2026-06-01,2026-09-16,state,TAMIL. PUDU.& KARAIKAL,PUDUCHERRY (UT),,0.0,7.1,-100.0,NR,210.9,353.8,-40.0,D,2026-09-16 10:58:47.980511
2026-09-16,2026-06-01,2026-09-16,state,TAMIL. PUDU.& KARAIKAL,TAMILNADU,,4.4,4.9,-10.0,N,207.8,269.2,-23.0,D,2026-09-16 10:58:47.980511
2026-09-16,2026-06-01,2026-09-16,state,WEST RAJASTHAN,MADHYA PRADESH,,2.2,6.1,-63.0,LD,839.3,900.5,-7.0,N,2026-09-16 10:58:47.980511
2026-09-16,2026-06-01,2026-09-16,subdivision,A & N ISLAND,,,23.1,14.2,63.0,LE,1512.2,1424.6,6.0,N,2026-09-16 10:58:47.980511
2026-09-16,2026-06-01,2026-09-16,subdivision,ARUNACHAL PRADESH,,,9.7,14.4,-33.0,D,876.3,1523.2,-42.0,D,2026-09-16 10:58:47.980511
2026-09-16,2026-06-01,2026-09-16,subdivision,ASSAM & MEGHALAYA,,,3.3,11.4,-71.0,LD,1009.3,1619.8,-38.0,D,2026-09-16 10:58:47.980511
2026-09-16,2026-06-01,2026-09-16,subdivision,BIHAR,,,4.0,7.4,-46.0,D,575.7,899.4,-36.0,D,2026-09-16 10:58:47.980511
2026-09-16,2026-06-01,2026-09-16,subdivision,CHHATTISGARH,,,0.5,6.1,-92.0,LD,1014.5,1058.7,-4.0,N,2026-09-16 10:58:47.980511
2026-09-16,2026-06-01,2026-09-16,subdivision,COASTAL A. P. & YANAM,,,2.6,4.2,-37.0,D,320.9,515.8,-38.0,D,2026-09-16 10:58:47.980511
2026-09-16,2026-06-01,2026-09-16,subdivision,COASTAL KARNATAKA,,,0.0,10.5,-100.0,NR,2148.9,2967.5,-28.0,D,2026-09-16 10:58:47.980511
2026-09-16,2026-06-01,2026-09-16,subdivision,EAST MADHYA PRADESH,,,3.3,7.0,-53.0,D,967.8,990.2,-2.0,N,2026-09-16 10:58:47.980511
2026-09-16,2026-06-01,2026-09-16,subdivision,EAST RAJASTHAN,,,0.5,3.3,-85.0,LD,478.1,603.3,-21.0,D,2026-09-16 10:58:47.980511
2026-09-16,2026-06-01,2026-09-16,subdivision,EAST UTTAR PRADESH,,,1.6,6.6,-76.0,LD,672.7,740.9,-9.0,N,2026-09-16 10:58:47.980511
2026-09-16,2026-06-01,2026-09-16,subdivision,GANGETIC WEST BENGAL,,,2.5,6.7,-63.0,LD,1102.2,1041.1,6.0,N,2026-09-16 10:58:47.980511
2026-09-16,2026-06-01,2026-09-16,subdivision,GUJARAT REGION,,,1.2,3.8,-67.0,LD,879.2,872.3,1.0,N,2026-09-16 10:58:47.980511
2026-09-16,2026-06-01,2026-09-16,subdivision,HAR. CHD & DELHI,,,0.0,2.2,-99.0,LD,318.6,410.1,-22.0,D,2026-09-16 10:58:47.980511
2026-09-16,2026-06-01,2026-09-16,subdivision,HIMACHAL PRADESH,,,1.8,2.5,-29.0,D,623.8,692.1,-10.0,N,2026-09-16 10:58:47.980511
2026-09-16,2026-06-01,2026-09-16,subdivision,J & K AND LADAKH,,,0.1,3.0,-98.0,LD,505.6,515.7,-2.0,N,2026-09-16 10:58:47.980511
2026-09-16,2026-06-01,2026-09-16,subdivision,JHARKHAND,,,5.0,7.1,-30.0,D,860.2,927.9,-7.0,N,2026-09-16 10:58:47.980511
2026-09-16,2026-06-01,2026-09-16,subdivision,KERALA & MAHE,,,0.8,10.3,-92.0,LD,1383.2,1898.5,-27.0,D,2026-09-16 10:58:47.980511
2026-09-16,2026-06-01,2026-09-16,subdivision,KONKAN & GOA,,,4.7,9.2,-49.0,D,2397.2,2713.8,-12.0,N,2026-09-16 10:58:47.980511
2026-09-16,2026-06-01,2026-09-16,subdivision,LAKSHADWEEP,,,11.1,5.4,106.0,LE,666.0,956.1,-30.0,D,2026-09-16 10:58:47.980511
2026-09-16,2026-06-01,2026-09-16,subdivision,MADHYA MAHARASHTRA,,,0.3,4.5,-94.0,LD,665.8,667.3,0.0,N,2026-09-16 10:58:47.980511
2026-09-16,2026-06-01,2026-09-16,subdivision,MARATHWADA,,,0.0,6.2,-100.0,NR,357.6,569.2,-37.0,D,2026-09-16 10:58:47.980511
2026-09-16,2026-06-01,2026-09-16,subdivision,N. I. KARNATAKA,,,0.0,4.6,-100.0,NR,283.8,405.7,-30.0,D,2026-09-16 10:58:47.980511
2026-09-16,2026-06-01,2026-09-16,subdivision,NMMT,,,6.1,9.2,-34.0,D,974.2,1185.2,-18.0,N,2026-09-16 10:58:47.980511
2026-09-16,2026-06-01,2026-09-16,subdivision,ODISHA,,,1.6,7.6,-80.0,LD,1269.0,1059.4,20.0,E,2026-09-16 10:58:47.980511
2026-09-16,2026-06-01,2026-09-16,subdivision,PUNJAB,,,0.1,2.1,-95.0,LD,248.7,413.3,-40.0,D,2026-09-16 10:58:47.980511
2026-09-16,2026-06-01,2026-09-16,subdivision,RAYALASEEMA,,,6.3,5.4,17.0,N,169.4,337.9,-50.0,D,2026-09-16 10:58:47.980511
2026-09-16,2026-06-01,2026-09-16,subdivision,S. I. KARNATAKA,,,5.1,5.1,-1.0,N,416.8,602.4,-31.0,D,2026-09-16 10:58:47.980511
2026-09-16,2026-06-01,2026-09-16,subdivision,SAURASHTRA & KUTCH,,,10.4,2.0,422.0,LE,389.8,502.5,-22.0,D,2026-09-16 10:58:47.980511
2026-09-16,2026-06-01,2026-09-16,subdivision,SHWB & SIKKIM,,,27.8,14.8,88.0,LE,1540.1,1720.9,-11.0,N,2026-09-16 10:58:47.980511
2026-09-16,2026-06-01,2026-09-16,subdivision,TAMIL. PUDU.& KARAIKAL,,,4.4,4.8,-9.0,N,207.6,269.2,-23.0,D,2026-09-16 10:58:47.980511
2026-09-16,2026-06-01,2026-09-16,subdivision,TELANGANA,,,0.7,4.9,-85.0,LD,526.6,658.2,-20.0,D,2026-09-16 10:58:47.980511
2026-09-16,2026-06-01,2026-09-16,subdivision,UTTARAKHAND,,,4.8,5.6,-14.0,N,1155.0,1108.8,4.0,N,2026-09-16 10:58:47.980511
2026-09-16,2026-06-01,2026-09-16,subdivision,VIDARBHA,,,0.2,4.4,-95.0,LD,640.1,884.5,-28.0,D,2026-09-16 10:58:47.980511
2026-09-16,2026-06-01,2026-09-16,subdivision,WEST MADHYA PRADESH,,,1.4,5.5,-74.0,LD,740.6,831.6,-11.0,N,2026-09-16 10:58:47.980511
2026-09-16,2026-06-01,2026-09-16,subdivision,WEST RAJASTHAN,,,0.5,1.0,-48.0,D,187.1,273.6,-32.0,D,2026-09-16 10:58:47.980511
2026-09-16,2026-06-01,2026-09-16,subdivision,WEST UTTAR PRADESH,,,2.0,5.2,-61.0,LD,669.2,638.1,5.0,N,2026-09-16 10:58:47.980511
