date,period_start,period_end,level,subdivision,state,district,day_actual_mm,day_normal_mm,day_departure_pct,day_category,period_actual_mm,period_normal_mm,period_departure_pct,period_category,scraped_at
2026-08-10,2026-06-01,2026-08-10,district,A & N ISLAND,ANDAMAN & NICOBAR ISLANDS,NICOBAR,11.5,7.1,62.0,LE,411.7,628.0,-34.0,D,2026-08-11 07:08:55.288715
2026-08-10,2026-06-01,2026-08-10,district,A & N ISLAND,ANDAMAN & NICOBAR ISLANDS,NORTH & MIDDLE ANDAMAN,25.0,17.8,40.0,E,1503.6,1101.3,37.0,E,2026-08-11 07:08:55.288715
2026-08-10,2026-06-01,2026-08-10,district,A & N ISLAND,ANDAMAN & NICOBAR ISLANDS,SOUTH ANDAMAN,8.6,9.7,-12.0,N,829.6,934.6,-11.0,N,2026-08-11 07:08:55.288715
2026-08-10,2026-06-01,2026-08-10,district,ARUNACHAL PRADESH,ARUNACHAL PRADESH,ANJAW,0.0,11.7,-100.0,NR,120.4,1063.6,-89.0,LD,2026-08-11 07:08:55.288715
2026-08-10,2026-06-01,2026-08-10,district,ARUNACHAL PRADESH,ARUNACHAL PRADESH,CHANGLANG,3.6,11.0,-68.0,LD,709.7,866.4,-18.0,N,2026-08-11 07:08:55.288715
2026-08-10,2026-06-01,2026-08-10,district,ARUNACHAL PRADESH,ARUNACHAL PRADESH,EAST KAMENG,3.0,6.3,-52.0,D,1001.0,776.4,29.0,E,2026-08-11 07:08:55.288715
2026-08-10,2026-06-01,2026-08-10,district,ARUNACHAL PRADESH,ARUNACHAL PRADESH,EAST SIANG,0.0,23.2,-100.0,NR,1658.9,2077.4,-20.0,D,2026-08-11 07:08:55.288715
2026-08-10,2026-06-01,2026-08-10,district,ARUNACHAL PRADESH,ARUNACHAL PRADESH,KURUNG KUMEY,4.2,7.5,-44.0,D,412.4,741.5,-44.0,D,2026-08-11 07:08:55.288715
2026-08-10,2026-06-01,2026-08-10,district,ARUNACHAL PRADESH,ARUNACHAL PRADESH,LOHIT,4.7,5.5,-15.0,N,664.4,1023.6,-35.0,D,2026-08-11 07:08:55.288715
2026-08-10,2026-06-01,2026-08-10,district,ARUNACHAL PRADESH,ARUNACHAL PRADESH,LOWER SUBANSIRI,2.3,4.5,-49.0,D,290.1,481.7,-40.0,D,2026-08-11 07:08:55.288715
2026-08-10,2026-06-01,2026-08-10,district,ARUNACHAL PRADESH,ARUNACHAL PRADESH,PAPUMPARA,0.8,13.0,-94.0,LD,1255.5,1469.9,-15.0,N,2026-08-11 07:08:55.288715
2026-08-10,2026-06-01,2026-08-10,district,ARUNACHAL PRADESH,ARUNACHAL PRADESH,TAWANG,17.7,7.1,149.0,LE,235.8,614.4,-62.0,LD,2026-08-11 07:08:55.288715
2026-08-10,2026-06-01,2026-08-10,district,ARUNACHAL PRADESH,ARUNACHAL PRADESH,TIRAP,69.0,16.4,321.0,LE,1452.7,1289.6,13.0,N,2026-08-11 07:08:55.288715
2026-08-10,2026-06-01,2026-08-10,district,ARUNACHAL PRADESH,ARUNACHAL PRADESH,UPPER SIANG,0.0,11.9,-100.0,NR,837.8,1070.6,-22.0,D,2026-08-11 07:08:55.288715
2026-08-10,2026-06-01,2026-08-10,district,ARUNACHAL PRADESH,ARUNACHAL PRADESH,UPPER SUBANSIRI,2.8,6.5,-57.0,D,269.1,603.8,-55.0,D,2026-08-11 07:08:55.288715
2026-08-10,2026-06-01,2026-08-10,district,ARUNACHAL PRADESH,ARUNACHAL PRADESH,WEST KAMENG,9.7,15.3,-37.0,D,345.3,1095.2,-68.0,LD,2026-08-11 07:08:55.288715
2026-08-10,2026-06-01,2026-08-10,district,ARUNACHAL PRADESH,ARUNACHAL PRADESH,WEST SIANG,1.0,12.3,-92.0,LD,484.4,1309.3,-63.0,LD,2026-08-11 07:08:55.288715
2026-08-10,2026-06-01,2026-08-10,district,ASSAM & MEGHALAYA,ASSAM,BAJALI,4.5,6.5,-31.0,D,879.0,1429.8,-39.0,D,2026-08-11 07:08:55.288715
2026-08-10,2026-06-01,2026-08-10,district,ASSAM & MEGHALAYA,ASSAM,BAKSA,0.1,11.7,-99.0,LD,901.3,1053.0,-14.0,N,2026-08-11 07:08:55.288715
2026-08-10,2026-06-01,2026-08-10,district,ASSAM & MEGHALAYA,ASSAM,BARPETA,14.4,6.5,122.0,LE,1058.8,1429.8,-26.0,D,2026-08-11 07:08:55.288715
2026-08-10,2026-06-01,2026-08-10,district,ASSAM & MEGHALAYA,ASSAM,BONGAIGAON,18.4,7.7,139.0,LE,726.0,1591.6,-54.0,D,2026-08-11 07:08:55.288715
2026-08-10,2026-06-01,2026-08-10,district,ASSAM & MEGHALAYA,ASSAM,CACHAR,4.9,20.2,-76.0,LD,1163.0,1178.7,-1.0,N,2026-08-11 07:08:55.288715
2026-08-10,2026-06-01,2026-08-10,district,ASSAM & MEGHALAYA,ASSAM,CHARAIDEO,0.0,16.5,-100.0,NR,842.0,625.6,35.0,E,2026-08-11 07:08:55.288715
2026-08-10,2026-06-01,2026-08-10,district,ASSAM & MEGHALAYA,ASSAM,CHIRANG,50.8,9.6,429.0,LE,1033.6,1559.5,-34.0,D,2026-08-11 07:08:55.288715
2026-08-10,2026-06-01,2026-08-10,district,ASSAM & MEGHALAYA,ASSAM,DARRANG,0.0,7.9,-100.0,NR,493.6,869.8,-43.0,D,2026-08-11 07:08:55.288715
2026-08-10,2026-06-01,2026-08-10,district,ASSAM & MEGHALAYA,ASSAM,DHEMAJI,42.8,17.9,139.0,LE,1517.9,1322.8,15.0,N,2026-08-11 07:08:55.288715
2026-08-10,2026-06-01,2026-08-10,district,ASSAM & MEGHALAYA,ASSAM,DHUBRI,3.8,12.3,-69.0,LD,1005.7,1418.6,-29.0,D,2026-08-11 07:08:55.288715
2026-08-10,2026-06-01,2026-08-10,district,ASSAM & MEGHALAYA,ASSAM,DIBRUGARH,2.9,12.6,-77.0,LD,815.1,952.7,-14.0,N,2026-08-11 07:08:55.288715
2026-08-10,2026-06-01,2026-08-10,district,ASSAM & MEGHALAYA,ASSAM,DIMA HASAO,1.5,5.9,-74.0,LD,305.8,707.2,-57.0,D,2026-08-11 07:08:55.288715
2026-08-10,2026-06-01,2026-08-10,district,ASSAM & MEGHALAYA,ASSAM,GOALPARA,5.5,14.3,-62.0,LD,587.2,1335.2,-56.0,D,2026-08-11 07:08:55.288715
2026-08-10,2026-06-01,2026-08-10,district,ASSAM & MEGHALAYA,ASSAM,GOLAGHAT,4.2,7.9,-47.0,D,597.5,659.2,-9.0,N,2026-08-11 07:08:55.288715
2026-08-10,2026-06-01,2026-08-10,district,ASSAM & MEGHALAYA,ASSAM,HAILAKANDI,6.3,12.5,-50.0,D,773.6,994.1,-22.0,D,2026-08-11 07:08:55.288715
2026-08-10,2026-06-01,2026-08-10,district,ASSAM & MEGHALAYA,ASSAM,HOJAI,8.5,8.4,1.0,N,285.2,476.1,-40.0,D,2026-08-11 07:08:55.288715
2026-08-10,2026-06-01,2026-08-10,district,ASSAM & MEGHALAYA,ASSAM,JORHAT,1.7,10.8,-84.0,LD,598.7,788.2,-24.0,D,2026-08-11 07:08:55.288715
2026-08-10,2026-06-01,2026-08-10,district,ASSAM & MEGHALAYA,ASSAM,KAMRUP METROPOLITAN,0.4,5.5,-92.0,LD,574.7,694.6,-17.0,N,2026-08-11 07:08:55.288715
2026-08-10,2026-06-01,2026-08-10,district,ASSAM & MEGHALAYA,ASSAM,KAMRUP RURAL,0.2,8.5,-98.0,LD,380.3,852.4,-55.0,D,2026-08-11 07:08:55.288715
2026-08-10,2026-06-01,2026-08-10,district,ASSAM & MEGHALAYA,ASSAM,KARBI ANGLONG,1.3,6.8,-82.0,LD,353.5,511.1,-31.0,D,2026-08-11 07:08:55.288715
2026-08-10,2026-06-01,2026-08-10,district,ASSAM & MEGHALAYA,ASSAM,KOKRAJHAR,6.5,26.1,-75.0,LD,1785.7,1826.7,-2.0,N,2026-08-11 07:08:55.288715
2026-08-10,2026-06-01,2026-08-10,district,ASSAM & MEGHALAYA,ASSAM,LAKHIMPUR,4.5,14.8,-69.0,LD,1580.6,1296.7,22.0,E,2026-08-11 07:08:55.288715
2026-08-10,2026-06-01,2026-08-10,district,ASSAM & MEGHALAYA,ASSAM,MORIGAON,0.0,11.1,-100.0,NR,414.9,710.9,-42.0,D,2026-08-11 07:08:55.288715
2026-08-10,2026-06-01,2026-08-10,district,ASSAM & MEGHALAYA,ASSAM,NAGAON,0.0,10.0,-100.0,NR,318.4,650.4,-51.0,D,2026-08-11 07:08:55.288715
2026-08-10,2026-06-01,2026-08-10,district,ASSAM & MEGHALAYA,ASSAM,NALBARI,0.5,6.1,-92.0,LD,404.7,1059.6,-62.0,LD,2026-08-11 07:08:55.288715
2026-08-10,2026-06-01,2026-08-10,district,ASSAM & MEGHALAYA,ASSAM,SIBSAGAR,15.0,13.7,9.0,N,549.0,766.2,-28.0,D,2026-08-11 07:08:55.288715
2026-08-10,2026-06-01,2026-08-10,district,ASSAM & MEGHALAYA,ASSAM,SONITPUR,0.0,14.4,-100.0,NR,779.3,763.4,2.0,N,2026-08-11 07:08:55.288715
2026-08-10,2026-06-01,2026-08-10,district,ASSAM & MEGHALAYA,ASSAM,SRIBHUMI,1.0,17.6,-94.0,LD,1192.1,1423.4,-16.0,N,2026-08-11 07:08:55.288715
2026-08-10,2026-06-01,2026-08-10,district,ASSAM & MEGHALAYA,ASSAM,TAMULPUR,3.1,9.5,-67.0,LD,895.8,938.8,-5.0,N,2026-08-11 07:08:55.288715
2026-08-10,2026-06-01,2026-08-10,district,ASSAM & MEGHALAYA,ASSAM,TINSUKIA,9.8,11.0,-11.0,N,921.8,924.6,0.0,N,2026-08-11 07:08:55.288715
2026-08-10,2026-06-01,2026-08-10,district,ASSAM & MEGHALAYA,ASSAM,UDALGURI,0.1,9.7,-99.0,LD,442.7,969.7,-54.0,D,2026-08-11 07:08:55.288715
2026-08-10,2026-06-01,2026-08-10,district,ASSAM & MEGHALAYA,ASSAM,WEST KARBI ANGLONG,1.2,6.3,-81.0,LD,374.2,455.3,-18.0,N,2026-08-11 07:08:55.288715
2026-08-10,2026-06-01,2026-08-10,district,ASSAM & MEGHALAYA,MEGHALAYA,EAST GARO HILLS,0.8,13.8,-94.0,LD,528.9,1232.5,-57.0,D,2026-08-11 07:08:55.288715
2026-08-10,2026-06-01,2026-08-10,district,ASSAM & MEGHALAYA,MEGHALAYA,EAST JAINTIA HILLS,2.3,25.4,-91.0,LD,1163.8,3023.1,-62.0,LD,2026-08-11 07:08:55.288715
2026-08-10,2026-06-01,2026-08-10,district,ASSAM & MEGHALAYA,MEGHALAYA,EAST KHASI HILLS,11.0,24.1,-54.0,D,1561.6,3057.9,-49.0,D,2026-08-11 07:08:55.288715
2026-08-10,2026-06-01,2026-08-10,district,ASSAM & MEGHALAYA,MEGHALAYA,NORTH GARO HILLS,0.4,10.6,-97.0,LD,401.4,1158.7,-65.0,LD,2026-08-11 07:08:55.288715
2026-08-10,2026-06-01,2026-08-10,district,ASSAM & MEGHALAYA,MEGHALAYA,RI BHOI,2.7,11.1,-76.0,LD,479.8,938.6,-49.0,D,2026-08-11 07:08:55.288715
2026-08-10,2026-06-01,2026-08-10,district,ASSAM & MEGHALAYA,MEGHALAYA,SOUTH GARO HILLS,3.3,10.6,-69.0,LD,691.8,1158.7,-40.0,D,2026-08-11 07:08:55.288715
2026-08-10,2026-06-01,2026-08-10,district,ASSAM & MEGHALAYA,MEGHALAYA,SOUTH WEST GARO HILLS,0.3,10.6,-97.0,LD,491.9,1158.7,-58.0,D,2026-08-11 07:08:55.288715
2026-08-10,2026-06-01,2026-08-10,district,ASSAM & MEGHALAYA,MEGHALAYA,SOUTH WEST KHASI HILLS,9.1,10.6,-14.0,N,2123.8,1158.7,83.0,LE,2026-08-11 07:08:55.288715
2026-08-10,2026-06-01,2026-08-10,district,ASSAM & MEGHALAYA,MEGHALAYA,WEST GARO HILLS,3.9,13.5,-71.0,LD,381.9,1224.3,-69.0,LD,2026-08-11 07:08:55.288715
2026-08-10,2026-06-01,2026-08-10,district,ASSAM & MEGHALAYA,MEGHALAYA,WEST JAINTIA HILLS,2.7,25.4,-90.0,LD,681.9,3023.1,-77.0,LD,2026-08-11 07:08:55.288715
2026-08-10,2026-06-01,2026-08-10,district,ASSAM & MEGHALAYA,MEGHALAYA,WEST KHASI HILLS,20.4,24.6,-17.0,N,538.4,1778.0,-70.0,LD,2026-08-11 07:08:55.288715
2026-08-10,2026-06-01,2026-08-10,district,BIHAR,BIHAR,ARARIA,3.7,10.0,-63.0,LD,633.9,852.6,-26.0,D,2026-08-11 07:08:55.288715
2026-08-10,2026-06-01,2026-08-10,district,BIHAR,BIHAR,ARWAL,0.0,5.3,-100.0,NR,195.0,390.6,-50.0,D,2026-08-11 07:08:55.288715
2026-08-10,2026-06-01,2026-08-10,district,BIHAR,BIHAR,AURANGABAD,1.1,7.5,-85.0,LD,343.4,499.8,-31.0,D,2026-08-11 07:08:55.288715
2026-08-10,2026-06-01,2026-08-10,district,BIHAR,BIHAR,BANKA,0.0,8.4,-100.0,NR,274.5,507.1,-46.0,D,2026-08-11 07:08:55.288715
2026-08-10,2026-06-01,2026-08-10,district,BIHAR,BIHAR,BEGUSARAI,0.5,7.0,-93.0,LD,382.6,572.6,-33.0,D,2026-08-11 07:08:55.288715
2026-08-10,2026-06-01,2026-08-10,district,BIHAR,BIHAR,BHABUA,0.2,5.5,-96.0,LD,237.8,487.3,-51.0,D,2026-08-11 07:08:55.288715
2026-08-10,2026-06-01,2026-08-10,district,BIHAR,BIHAR,BHAGALPUR,0.0,10.3,-100.0,NR,251.2,576.8,-56.0,D,2026-08-11 07:08:55.288715
2026-08-10,2026-06-01,2026-08-10,district,BIHAR,BIHAR,BHOJPUR,3.6,11.2,-68.0,LD,253.8,498.1,-49.0,D,2026-08-11 07:08:55.288715
2026-08-10,2026-06-01,2026-08-10,district,BIHAR,BIHAR,BUXAR,0.8,8.7,-91.0,LD,341.0,452.2,-25.0,D,2026-08-11 07:08:55.288715
2026-08-10,2026-06-01,2026-08-10,district,BIHAR,BIHAR,DARBHANGA,1.9,8.0,-77.0,LD,289.2,532.1,-46.0,D,2026-08-11 07:08:55.288715
2026-08-10,2026-06-01,2026-08-10,district,BIHAR,BIHAR,EAST CHAMPARAN,6.5,7.4,-13.0,N,386.2,617.2,-37.0,D,2026-08-11 07:08:55.288715
2026-08-10,2026-06-01,2026-08-10,district,BIHAR,BIHAR,GAYA,0.2,7.6,-97.0,LD,279.1,489.4,-43.0,D,2026-08-11 07:08:55.288715
2026-08-10,2026-06-01,2026-08-10,district,BIHAR,BIHAR,GOPALGANJ,0.4,5.1,-92.0,LD,381.9,551.3,-31.0,D,2026-08-11 07:08:55.288715
2026-08-10,2026-06-01,2026-08-10,district,BIHAR,BIHAR,JAHANABAD,0.0,7.9,-100.0,NR,173.5,471.8,-63.0,LD,2026-08-11 07:08:55.288715
2026-08-10,2026-06-01,2026-08-10,district,BIHAR,BIHAR,JAMUI,2.1,7.4,-72.0,LD,262.5,543.4,-52.0,D,2026-08-11 07:08:55.288715
2026-08-10,2026-06-01,2026-08-10,district,BIHAR,BIHAR,KATIHAR,3.6,6.2,-43.0,D,418.6,632.5,-34.0,D,2026-08-11 07:08:55.288715
2026-08-10,2026-06-01,2026-08-10,district,BIHAR,BIHAR,KHAGARIA,0.0,6.7,-100.0,NR,543.2,563.9,-4.0,N,2026-08-11 07:08:55.288715
2026-08-10,2026-06-01,2026-08-10,district,BIHAR,BIHAR,KISHANGANJ,0.5,15.2,-96.0,LD,852.5,1060.1,-20.0,D,2026-08-11 07:08:55.288715
2026-08-10,2026-06-01,2026-08-10,district,BIHAR,BIHAR,LAKHISARAI,1.0,5.3,-82.0,LD,460.9,491.4,-6.0,N,2026-08-11 07:08:55.288715
2026-08-10,2026-06-01,2026-08-10,district,BIHAR,BIHAR,MADHEPURA,8.3,6.8,21.0,E,409.8,609.4,-33.0,D,2026-08-11 07:08:55.288715
2026-08-10,2026-06-01,2026-08-10,district,BIHAR,BIHAR,MADHUBANI,7.0,8.2,-15.0,N,410.3,594.7,-31.0,D,2026-08-11 07:08:55.288715
2026-08-10,2026-06-01,2026-08-10,district,BIHAR,BIHAR,MUNGER,4.6,6.9,-33.0,D,383.8,599.9,-36.0,D,2026-08-11 07:08:55.288715
2026-08-10,2026-06-01,2026-08-10,district,BIHAR,BIHAR,MUZAFFARPUR,0.0,6.7,-99.0,LD,310.2,553.0,-44.0,D,2026-08-11 07:08:55.288715
2026-08-10,2026-06-01,2026-08-10,district,BIHAR,BIHAR,NALANDA,0.0,6.6,-100.0,NR,274.7,488.7,-44.0,D,2026-08-11 07:08:55.288715
2026-08-10,2026-06-01,2026-08-10,district,BIHAR,BIHAR,NAWADA,0.0,9.0,-100.0,NR,313.0,484.0,-35.0,D,2026-08-11 07:08:55.288715
2026-08-10,2026-06-01,2026-08-10,district,BIHAR,BIHAR,PATNA,0.1,6.1,-98.0,LD,251.1,509.1,-51.0,D,2026-08-11 07:08:55.288715
2026-08-10,2026-06-01,2026-08-10,district,BIHAR,BIHAR,PURNEA,10.9,9.1,19.0,N,543.1,853.7,-36.0,D,2026-08-11 07:08:55.288715
2026-08-10,2026-06-01,2026-08-10,district,BIHAR,BIHAR,ROHTAS,1.5,6.1,-75.0,LD,291.6,484.8,-40.0,D,2026-08-11 07:08:55.288715
2026-08-10,2026-06-01,2026-08-10,district,BIHAR,BIHAR,SAHARSA,0.1,8.0,-99.0,LD,356.3,643.0,-45.0,D,2026-08-11 07:08:55.288715
2026-08-10,2026-06-01,2026-08-10,district,BIHAR,BIHAR,SAMASTIPUR,0.2,5.3,-96.0,LD,320.6,534.5,-40.0,D,2026-08-11 07:08:55.288715
2026-08-10,2026-06-01,2026-08-10,district,BIHAR,BIHAR,SARAN,0.0,7.5,-100.0,NR,288.5,512.8,-44.0,D,2026-08-11 07:08:55.288715
2026-08-10,2026-06-01,2026-08-10,district,BIHAR,BIHAR,SHEIKHPURA,0.0,3.5,-100.0,NR,318.3,489.4,-35.0,D,2026-08-11 07:08:55.288715
2026-08-10,2026-06-01,2026-08-10,district,BIHAR,BIHAR,SHEOHAR,2.2,8.0,-72.0,LD,290.6,600.8,-52.0,D,2026-08-11 07:08:55.288715
2026-08-10,2026-06-01,2026-08-10,district,BIHAR,BIHAR,SITAMARHI,4.6,10.8,-58.0,D,311.7,647.2,-52.0,D,2026-08-11 07:08:55.288715
2026-08-10,2026-06-01,2026-08-10,district,BIHAR,BIHAR,SIWAN,0.0,5.8,-100.0,NR,472.2,508.5,-7.0,N,2026-08-11 07:08:55.288715
2026-08-10,2026-06-01,2026-08-10,district,BIHAR,BIHAR,SUPAUL,5.2,8.9,-42.0,D,562.3,666.7,-16.0,N,2026-08-11 07:08:55.288715
2026-08-10,2026-06-01,2026-08-10,district,BIHAR,BIHAR,VAISHALI,0.0,4.8,-100.0,NR,332.5,520.1,-36.0,D,2026-08-11 07:08:55.288715
2026-08-10,2026-06-01,2026-08-10,district,BIHAR,BIHAR,WEST CHAMPARAN,3.2,10.9,-71.0,LD,545.0,730.7,-25.0,D,2026-08-11 07:08:55.288715
2026-08-10,2026-06-01,2026-08-10,district,CHHATTISGARH,CHHATTISGARH,BALOD,3.5,9.1,-62.0,LD,721.1,611.2,18.0,N,2026-08-11 07:08:55.288715
2026-08-10,2026-06-01,2026-08-10,district,CHHATTISGARH,CHHATTISGARH,BALODA BAZAR,1.4,7.2,-81.0,LD,760.5,562.1,35.0,E,2026-08-11 07:08:55.288715
2026-08-10,2026-06-01,2026-08-10,district,CHHATTISGARH,CHHATTISGARH,BALRAMPUR,0.5,9.2,-94.0,LD,633.7,578.5,10.0,N,2026-08-11 07:08:55.288715
2026-08-10,2026-06-01,2026-08-10,district,CHHATTISGARH,CHHATTISGARH,BASTAR,8.6,9.2,-7.0,N,596.0,723.8,-18.0,N,2026-08-11 07:08:55.288715
2026-08-10,2026-06-01,2026-08-10,district,CHHATTISGARH,CHHATTISGARH,BEMETARA,1.0,6.5,-85.0,LD,390.1,630.4,-38.0,D,2026-08-11 07:08:55.288715
2026-08-10,2026-06-01,2026-08-10,district,CHHATTISGARH,CHHATTISGARH,BIJAPUR,22.8,16.9,35.0,E,855.2,841.1,2.0,N,2026-08-11 07:08:55.288715
2026-08-10,2026-06-01,2026-08-10,district,CHHATTISGARH,CHHATTISGARH,BILASPUR,5.9,12.0,-51.0,D,696.8,615.9,13.0,N,2026-08-11 07:08:55.288715
2026-08-10,2026-06-01,2026-08-10,district,CHHATTISGARH,CHHATTISGARH,DANTEWADA,20.6,15.0,37.0,E,699.5,792.7,-12.0,N,2026-08-11 07:08:55.288715
2026-08-10,2026-06-01,2026-08-10,district,CHHATTISGARH,CHHATTISGARH,DHAMTARI,3.6,11.5,-69.0,LD,678.5,639.9,6.0,N,2026-08-11 07:08:55.288715
2026-08-10,2026-06-01,2026-08-10,district,CHHATTISGARH,CHHATTISGARH,DURG,0.3,9.3,-96.0,LD,555.4,606.1,-8.0,N,2026-08-11 07:08:55.288715
2026-08-10,2026-06-01,2026-08-10,district,CHHATTISGARH,CHHATTISGARH,GARIABAND,3.8,8.8,-57.0,D,745.3,627.8,19.0,N,2026-08-11 07:08:55.288715
2026-08-10,2026-06-01,2026-08-10,district,CHHATTISGARH,CHHATTISGARH,GAURELA PENDRA MARWAHI,7.5,12.2,-39.0,D,624.2,643.4,-3.0,N,2026-08-11 07:08:55.288715
2026-08-10,2026-06-01,2026-08-10,district,CHHATTISGARH,CHHATTISGARH,JANJGIR,3.0,10.6,-71.0,LD,853.2,649.5,31.0,E,2026-08-11 07:08:55.288715
2026-08-10,2026-06-01,2026-08-10,district,CHHATTISGARH,CHHATTISGARH,JASHPUR,4.3,10.2,-58.0,D,470.8,847.0,-44.0,D,2026-08-11 07:08:55.288715
2026-08-10,2026-06-01,2026-08-10,district,CHHATTISGARH,CHHATTISGARH,KABIRDHAM,2.5,7.5,-67.0,LD,425.6,522.4,-19.0,N,2026-08-11 07:08:55.288715
2026-08-10,2026-06-01,2026-08-10,district,CHHATTISGARH,CHHATTISGARH,KANKER,6.0,13.3,-55.0,D,548.8,806.0,-32.0,D,2026-08-11 07:08:55.288715
2026-08-10,2026-06-01,2026-08-10,district,CHHATTISGARH,CHHATTISGARH,KHAIRAGARH CHH GANDAI,4.1,6.6,-38.0,D,457.0,443.6,3.0,N,2026-08-11 07:08:55.288715
2026-08-10,2026-06-01,2026-08-10,district,CHHATTISGARH,CHHATTISGARH,KONDAGAON,5.6,10.3,-46.0,D,615.1,703.1,-13.0,N,2026-08-11 07:08:55.288715
2026-08-10,2026-06-01,2026-08-10,district,CHHATTISGARH,CHHATTISGARH,KORBA,5.0,18.1,-72.0,LD,649.6,773.5,-16.0,N,2026-08-11 07:08:55.288715
2026-08-10,2026-06-01,2026-08-10,district,CHHATTISGARH,CHHATTISGARH,KORIYA,1.0,9.2,-89.0,LD,561.1,676.1,-17.0,N,2026-08-11 07:08:55.288715
2026-08-10,2026-06-01,2026-08-10,district,CHHATTISGARH,CHHATTISGARH,MAHASAMUND,3.5,9.3,-63.0,LD,834.7,627.2,33.0,E,2026-08-11 07:08:55.288715
2026-08-10,2026-06-01,2026-08-10,district,CHHATTISGARH,CHHATTISGARH,MANENDRAGARH BHARATPUR,11.0,9.2,19.0,N,547.4,676.0,-19.0,N,2026-08-11 07:08:55.288715
2026-08-10,2026-06-01,2026-08-10,district,CHHATTISGARH,CHHATTISGARH,MOHALA MANPUR CHOWKI,10.3,10.0,3.0,N,557.1,643.9,-13.0,N,2026-08-11 07:08:55.288715
2026-08-10,2026-06-01,2026-08-10,district,CHHATTISGARH,CHHATTISGARH,MUNGELI,5.2,11.9,-56.0,D,785.5,591.8,33.0,E,2026-08-11 07:08:55.288715
2026-08-10,2026-06-01,2026-08-10,district,CHHATTISGARH,CHHATTISGARH,NARAYANPUR,7.2,12.8,-44.0,D,1039.8,743.3,40.0,E,2026-08-11 07:08:55.288715
2026-08-10,2026-06-01,2026-08-10,district,CHHATTISGARH,CHHATTISGARH,RAIGARH,2.4,11.0,-78.0,LD,649.5,718.5,-10.0,N,2026-08-11 07:08:55.288715
2026-08-10,2026-06-01,2026-08-10,district,CHHATTISGARH,CHHATTISGARH,RAIPUR,0.1,8.9,-98.0,LD,720.4,611.8,18.0,N,2026-08-11 07:08:55.288715
2026-08-10,2026-06-01,2026-08-10,district,CHHATTISGARH,CHHATTISGARH,RAJNANDGAON,2.5,8.0,-69.0,LD,580.8,644.0,-10.0,N,2026-08-11 07:08:55.288715
2026-08-10,2026-06-01,2026-08-10,district,CHHATTISGARH,CHHATTISGARH,SAKTI,1.8,9.8,-82.0,LD,711.9,671.4,6.0,N,2026-08-11 07:08:55.288715
2026-08-10,2026-06-01,2026-08-10,district,CHHATTISGARH,CHHATTISGARH,SARANGARH BILAIGARH,1.6,5.2,-69.0,LD,942.4,571.3,65.0,LE,2026-08-11 07:08:55.288715
2026-08-10,2026-06-01,2026-08-10,district,CHHATTISGARH,CHHATTISGARH,SUKMA,13.8,12.6,10.0,N,615.4,734.7,-16.0,N,2026-08-11 07:08:55.288715
2026-08-10,2026-06-01,2026-08-10,district,CHHATTISGARH,CHHATTISGARH,SURAJPUR,1.0,9.6,-89.0,LD,663.8,725.8,-9.0,N,2026-08-11 07:08:55.288715
2026-08-10,2026-06-01,2026-08-10,district,CHHATTISGARH,CHHATTISGARH,SURGUJA,2.4,13.4,-82.0,LD,369.8,736.4,-50.0,D,2026-08-11 07:08:55.288715
2026-08-10,2026-06-01,2026-08-10,district,COASTAL A. P. & YANAM,ANDHRA PRADESH,ANAKAPALLI,0.2,4.8,-97.0,LD,232.2,330.7,-30.0,D,2026-08-11 07:08:55.288715
2026-08-10,2026-06-01,2026-08-10,district,COASTAL A. P. & YANAM,ANDHRA PRADESH,BAPATLA,0.9,5.5,-84.0,LD,125.0,276.3,-55.0,D,2026-08-11 07:08:55.288715
2026-08-10,2026-06-01,2026-08-10,district,COASTAL A. P. & YANAM,ANDHRA PRADESH,DR B R AMBEDKAR KONASEEMA,0.0,14.9,-100.0,NR,386.8,436.9,-11.0,N,2026-08-11 07:08:55.288715
2026-08-10,2026-06-01,2026-08-10,district,COASTAL A. P. & YANAM,ANDHRA PRADESH,EAST GODAVARI,0.0,10.2,-100.0,NR,259.8,417.6,-38.0,D,2026-08-11 07:08:55.288715
2026-08-10,2026-06-01,2026-08-10,district,COASTAL A. P. & YANAM,ANDHRA PRADESH,ELURU,1.4,11.9,-88.0,LD,328.7,502.3,-35.0,D,2026-08-11 07:08:55.288715
2026-08-10,2026-06-01,2026-08-10,district,COASTAL A. P. & YANAM,ANDHRA PRADESH,GUNTUR,0.4,6.8,-95.0,LD,278.9,324.8,-14.0,N,2026-08-11 07:08:55.288715
2026-08-10,2026-06-01,2026-08-10,district,COASTAL A. P. & YANAM,ANDHRA PRADESH,KAKINADA,1.3,6.6,-81.0,LD,262.8,374.8,-30.0,D,2026-08-11 07:08:55.288715
2026-08-10,2026-06-01,2026-08-10,district,COASTAL A. P. & YANAM,ANDHRA PRADESH,KRISHNA,0.0,8.9,-100.0,NR,261.0,377.6,-31.0,D,2026-08-11 07:08:55.288715
2026-08-10,2026-06-01,2026-08-10,district,COASTAL A. P. & YANAM,ANDHRA PRADESH,NTR DISTRICT,3.1,10.4,-70.0,LD,292.0,397.7,-27.0,D,2026-08-11 07:08:55.288715
2026-08-10,2026-06-01,2026-08-10,district,COASTAL A. P. & YANAM,ANDHRA PRADESH,PALNADU,0.0,5.2,-100.0,NR,205.5,293.9,-30.0,D,2026-08-11 07:08:55.288715
2026-08-10,2026-06-01,2026-08-10,district,COASTAL A. P. & YANAM,ANDHRA PRADESH,PARVATHIPURAM MANYAM,1.9,6.4,-70.0,LD,249.5,430.4,-42.0,D,2026-08-11 07:08:55.288715
2026-08-10,2026-06-01,2026-08-10,district,COASTAL A. P. & YANAM,ANDHRA PRADESH,PRAKASAM,0.0,2.6,-100.0,NR,93.1,184.4,-50.0,D,2026-08-11 07:08:55.288715
2026-08-10,2026-06-01,2026-08-10,district,COASTAL A. P. & YANAM,ANDHRA PRADESH,SPSR NELLORE,0.4,2.5,-84.0,LD,119.8,164.8,-27.0,D,2026-08-11 07:08:55.288715
2026-08-10,2026-06-01,2026-08-10,district,COASTAL A. P. & YANAM,ANDHRA PRADESH,SRI ALLURI SITHARAMARAJU DISTRICT,0.5,8.6,-94.0,LD,263.4,534.1,-51.0,D,2026-08-11 07:08:55.288715
2026-08-10,2026-06-01,2026-08-10,district,COASTAL A. P. & YANAM,ANDHRA PRADESH,SRIKAKULAM,15.4,6.3,144.0,LE,243.2,392.3,-38.0,D,2026-08-11 07:08:55.288715
2026-08-10,2026-06-01,2026-08-10,district,COASTAL A. P. & YANAM,ANDHRA PRADESH,VISHAKHAPATNAM,10.9,6.2,76.0,LE,220.2,290.1,-24.0,D,2026-08-11 07:08:55.288715
2026-08-10,2026-06-01,2026-08-10,district,COASTAL A. P. & YANAM,ANDHRA PRADESH,VIZIANAGARAM,7.7,5.5,40.0,E,281.7,364.5,-23.0,D,2026-08-11 07:08:55.288715
2026-08-10,2026-06-01,2026-08-10,district,COASTAL A. P. & YANAM,ANDHRA PRADESH,WEST GODAVARI,3.0,10.9,-72.0,LD,192.4,418.1,-54.0,D,2026-08-11 07:08:55.288715
2026-08-10,2026-06-01,2026-08-10,district,COASTAL A. P. & YANAM,PUDUCHERRY (UT),YANAM,0.0,12.4,-100.0,NR,220.0,405.5,-46.0,D,2026-08-11 07:08:55.288715
2026-08-10,2026-06-01,2026-08-10,district,COASTAL KARNATAKA,KARNATAKA,DAKSHINA KANNADA,17.4,34.0,-49.0,D,1995.2,2432.4,-18.0,N,2026-08-11 07:08:55.288715
2026-08-10,2026-06-01,2026-08-10,district,COASTAL KARNATAKA,KARNATAKA,UDUPI,13.9,38.3,-64.0,LD,2065.1,2764.8,-25.0,D,2026-08-11 07:08:55.288715
2026-08-10,2026-06-01,2026-08-10,district,COASTAL KARNATAKA,KARNATAKA,UTTARA KANNADA,6.6,29.6,-78.0,LD,1568.3,2042.1,-23.0,D,2026-08-11 07:08:55.288715
2026-08-10,2026-06-01,2026-08-10,district,EAST MADHYA PRADESH,MADHYA PRADESH,ANUPPUR,15.8,10.2,55.0,E,628.4,610.3,3.0,N,2026-08-11 07:08:55.288715
2026-08-10,2026-06-01,2026-08-10,district,EAST MADHYA PRADESH,MADHYA PRADESH,BALAGHAT,4.6,14.7,-69.0,LD,723.7,768.0,-6.0,N,2026-08-11 07:08:55.288715
2026-08-10,2026-06-01,2026-08-10,district,EAST MADHYA PRADESH,MADHYA PRADESH,CHHATARPUR,13.7,12.4,11.0,N,401.7,543.8,-26.0,D,2026-08-11 07:08:55.288715
2026-08-10,2026-06-01,2026-08-10,district,EAST MADHYA PRADESH,MADHYA PRADESH,CHHINDWARA,42.8,7.9,442.0,LE,550.3,624.6,-12.0,N,2026-08-11 07:08:55.288715
2026-08-10,2026-06-01,2026-08-10,district,EAST MADHYA PRADESH,MADHYA PRADESH,DAMOH,36.5,12.4,194.0,LE,522.3,669.3,-22.0,D,2026-08-11 07:08:55.288715
2026-08-10,2026-06-01,2026-08-10,district,EAST MADHYA PRADESH,MADHYA PRADESH,DINDORI,25.1,13.4,88.0,LE,662.2,735.1,-10.0,N,2026-08-11 07:08:55.288715
2026-08-10,2026-06-01,2026-08-10,district,EAST MADHYA PRADESH,MADHYA PRADESH,JABALPUR,34.2,11.5,197.0,LE,472.7,668.7,-29.0,D,2026-08-11 07:08:55.288715
2026-08-10,2026-06-01,2026-08-10,district,EAST MADHYA PRADESH,MADHYA PRADESH,KATNI,20.3,14.6,39.0,E,414.4,573.3,-28.0,D,2026-08-11 07:08:55.288715
2026-08-10,2026-06-01,2026-08-10,district,EAST MADHYA PRADESH,MADHYA PRADESH,MAIHAR,7.5,12.0,-38.0,D,398.0,565.5,-30.0,D,2026-08-11 07:08:55.288715
2026-08-10,2026-06-01,2026-08-10,district,EAST MADHYA PRADESH,MADHYA PRADESH,MANDLA,52.6,10.5,401.0,LE,592.4,731.1,-19.0,N,2026-08-11 07:08:55.288715
2026-08-10,2026-06-01,2026-08-10,district,EAST MADHYA PRADESH,MADHYA PRADESH,MAUGANJ,7.0,6.6,6.0,N,561.5,554.7,1.0,N,2026-08-11 07:08:55.288715
2026-08-10,2026-06-01,2026-08-10,district,EAST MADHYA PRADESH,MADHYA PRADESH,NARSINGHPUR,50.8,10.2,398.0,LE,557.6,609.1,-8.0,N,2026-08-11 07:08:55.288715
2026-08-10,2026-06-01,2026-08-10,district,EAST MADHYA PRADESH,MADHYA PRADESH,NIWARI,5.7,5.8,-2.0,N,384.0,420.7,-9.0,N,2026-08-11 07:08:55.288715
2026-08-10,2026-06-01,2026-08-10,district,EAST MADHYA PRADESH,MADHYA PRADESH,PANDHURNA,6.6,9.6,-31.0,D,455.4,491.2,-7.0,N,2026-08-11 07:08:55.288715
2026-08-10,2026-06-01,2026-08-10,district,EAST MADHYA PRADESH,MADHYA PRADESH,PANNA,33.7,9.5,255.0,LE,464.1,636.6,-27.0,D,2026-08-11 07:08:55.288715
2026-08-10,2026-06-01,2026-08-10,district,EAST MADHYA PRADESH,MADHYA PRADESH,REWA,12.0,12.0,0.0,N,249.8,576.2,-57.0,D,2026-08-11 07:08:55.288715
2026-08-10,2026-06-01,2026-08-10,district,EAST MADHYA PRADESH,MADHYA PRADESH,SAGAR,39.4,12.8,207.0,LE,455.4,656.9,-31.0,D,2026-08-11 07:08:55.288715
2026-08-10,2026-06-01,2026-08-10,district,EAST MADHYA PRADESH,MADHYA PRADESH,SATNA,14.5,9.4,55.0,E,486.1,547.0,-11.0,N,2026-08-11 07:08:55.288715
2026-08-10,2026-06-01,2026-08-10,district,EAST MADHYA PRADESH,MADHYA PRADESH,SEONI,32.8,11.8,178.0,LE,615.0,638.2,-4.0,N,2026-08-11 07:08:55.288715
2026-08-10,2026-06-01,2026-08-10,district,EAST MADHYA PRADESH,MADHYA PRADESH,SHAHDOL,10.4,13.8,-24.0,D,551.6,580.5,-5.0,N,2026-08-11 07:08:55.288715
2026-08-10,2026-06-01,2026-08-10,district,EAST MADHYA PRADESH,MADHYA PRADESH,SIDHI,6.2,7.7,-19.0,N,492.3,594.2,-17.0,N,2026-08-11 07:08:55.288715
2026-08-10,2026-06-01,2026-08-10,district,EAST MADHYA PRADESH,MADHYA PRADESH,SINGRAULI,5.8,7.9,-26.0,D,459.2,624.6,-26.0,D,2026-08-11 07:08:55.288715
2026-08-10,2026-06-01,2026-08-10,district,EAST MADHYA PRADESH,MADHYA PRADESH,TIKAMGARH,21.6,10.5,106.0,LE,357.3,566.4,-37.0,D,2026-08-11 07:08:55.288715
2026-08-10,2026-06-01,2026-08-10,district,EAST MADHYA PRADESH,MADHYA PRADESH,UMARIA,27.5,9.8,181.0,LE,542.3,599.2,-9.0,N,2026-08-11 07:08:55.288715
2026-08-10,2026-06-01,2026-08-10,district,EAST RAJASTHAN,RAJASTHAN,AJMER,0.3,7.5,-97.0,LD,280.4,284.6,-1.0,N,2026-08-11 07:08:55.288715
2026-08-10,2026-06-01,2026-08-10,district,EAST RAJASTHAN,RAJASTHAN,ALWAR,0.3,7.9,-96.0,LD,330.4,329.6,0.0,N,2026-08-11 07:08:55.288715
2026-08-10,2026-06-01,2026-08-10,district,EAST RAJASTHAN,RAJASTHAN,BANSWARA,0.1,14.7,-99.0,LD,273.0,522.9,-48.0,D,2026-08-11 07:08:55.288715
2026-08-10,2026-06-01,2026-08-10,district,EAST RAJASTHAN,RAJASTHAN,BARAN,13.0,13.4,-3.0,N,404.4,522.3,-23.0,D,2026-08-11 07:08:55.288715
2026-08-10,2026-06-01,2026-08-10,district,EAST RAJASTHAN,RAJASTHAN,BHARATPUR,0.0,6.7,-100.0,NR,422.2,316.7,33.0,E,2026-08-11 07:08:55.288715
2026-08-10,2026-06-01,2026-08-10,district,EAST RAJASTHAN,RAJASTHAN,BHILWARA,0.2,8.4,-98.0,LD,278.6,372.5,-25.0,D,2026-08-11 07:08:55.288715
2026-08-10,2026-06-01,2026-08-10,district,EAST RAJASTHAN,RAJASTHAN,BUNDI,0.7,11.6,-94.0,LD,269.3,407.1,-34.0,D,2026-08-11 07:08:55.288715
2026-08-10,2026-06-01,2026-08-10,district,EAST RAJASTHAN,RAJASTHAN,CHITTORGARH,1.3,10.2,-88.0,LD,309.8,439.2,-29.0,D,2026-08-11 07:08:55.288715
2026-08-10,2026-06-01,2026-08-10,district,EAST RAJASTHAN,RAJASTHAN,DAUSA,0.4,9.4,-96.0,LD,369.4,373.4,-1.0,N,2026-08-11 07:08:55.288715
2026-08-10,2026-06-01,2026-08-10,district,EAST RAJASTHAN,RAJASTHAN,DHOLPUR,0.0,7.5,-100.0,NR,334.2,343.4,-3.0,N,2026-08-11 07:08:55.288715
2026-08-10,2026-06-01,2026-08-10,district,EAST RAJASTHAN,RAJASTHAN,DUNGARPUR,0.2,11.4,-99.0,LD,255.7,422.8,-40.0,D,2026-08-11 07:08:55.288715
2026-08-10,2026-06-01,2026-08-10,district,EAST RAJASTHAN,RAJASTHAN,JAIPUR,4.3,7.0,-39.0,D,250.7,334.9,-25.0,D,2026-08-11 07:08:55.288715
2026-08-10,2026-06-01,2026-08-10,district,EAST RAJASTHAN,RAJASTHAN,JHALAWAR,26.6,13.1,103.0,LE,355.0,533.4,-33.0,D,2026-08-11 07:08:55.288715
2026-08-10,2026-06-01,2026-08-10,district,EAST RAJASTHAN,RAJASTHAN,JHUNJHUNU,1.4,4.3,-68.0,LD,368.1,264.3,39.0,E,2026-08-11 07:08:55.288715
2026-08-10,2026-06-01,2026-08-10,district,EAST RAJASTHAN,RAJASTHAN,KARAULI,5.3,12.0,-56.0,D,275.7,366.7,-25.0,D,2026-08-11 07:08:55.288715
2026-08-10,2026-06-01,2026-08-10,district,EAST RAJASTHAN,RAJASTHAN,KOTA,2.9,12.3,-77.0,LD,270.8,458.3,-41.0,D,2026-08-11 07:08:55.288715
2026-08-10,2026-06-01,2026-08-10,district,EAST RAJASTHAN,RAJASTHAN,PRATAPGARH,3.8,13.5,-72.0,LD,467.2,540.8,-14.0,N,2026-08-11 07:08:55.288715
2026-08-10,2026-06-01,2026-08-10,district,EAST RAJASTHAN,RAJASTHAN,RAJSAMAND,0.1,6.3,-98.0,LD,277.9,326.9,-15.0,N,2026-08-11 07:08:55.288715
2026-08-10,2026-06-01,2026-08-10,district,EAST RAJASTHAN,RAJASTHAN,SAWAI MADHOPUR,0.9,9.3,-91.0,LD,258.4,412.9,-37.0,D,2026-08-11 07:08:55.288715
2026-08-10,2026-06-01,2026-08-10,district,EAST RAJASTHAN,RAJASTHAN,SIKAR,12.3,4.0,206.0,LE,299.3,271.9,10.0,N,2026-08-11 07:08:55.288715
2026-08-10,2026-06-01,2026-08-10,district,EAST RAJASTHAN,RAJASTHAN,SIROHI,4.0,13.5,-70.0,LD,371.2,552.3,-33.0,D,2026-08-11 07:08:55.288715
2026-08-10,2026-06-01,2026-08-10,district,EAST RAJASTHAN,RAJASTHAN,TONK,0.0,10.4,-99.0,LD,282.3,357.7,-21.0,D,2026-08-11 07:08:55.288715
2026-08-10,2026-06-01,2026-08-10,district,EAST RAJASTHAN,RAJASTHAN,UDAIPUR,2.0,8.8,-77.0,LD,233.0,378.0,-38.0,D,2026-08-11 07:08:55.288715
2026-08-10,2026-06-01,2026-08-10,district,EAST UTTAR PRADESH,UTTAR PRADESH,AMBEDKAR NAGAR,0.0,9.7,-100.0,NR,323.9,490.3,-34.0,D,2026-08-11 07:08:55.288715
2026-08-10,2026-06-01,2026-08-10,district,EAST UTTAR PRADESH,UTTAR PRADESH,AMETHI,0.5,9.2,-95.0,LD,174.4,381.7,-54.0,D,2026-08-11 07:08:55.288715
2026-08-10,2026-06-01,2026-08-10,district,EAST UTTAR PRADESH,UTTAR PRADESH,AYODHYA,0.0,4.2,-100.0,NR,366.2,486.7,-25.0,D,2026-08-11 07:08:55.288715
2026-08-10,2026-06-01,2026-08-10,district,EAST UTTAR PRADESH,UTTAR PRADESH,AZAMGARH,0.0,6.7,-100.0,NR,301.6,475.8,-37.0,D,2026-08-11 07:08:55.288715
2026-08-10,2026-06-01,2026-08-10,district,EAST UTTAR PRADESH,UTTAR PRADESH,BAHRAICH,0.0,5.3,-100.0,NR,512.9,578.6,-11.0,N,2026-08-11 07:08:55.288715
2026-08-10,2026-06-01,2026-08-10,district,EAST UTTAR PRADESH,UTTAR PRADESH,BALLIA,0.0,9.3,-100.0,NR,361.6,425.1,-15.0,N,2026-08-11 07:08:55.288715
2026-08-10,2026-06-01,2026-08-10,district,EAST UTTAR PRADESH,UTTAR PRADESH,BALRAMPUR,0.0,8.5,-100.0,NR,416.3,455.2,-9.0,N,2026-08-11 07:08:55.288715
2026-08-10,2026-06-01,2026-08-10,district,EAST UTTAR PRADESH,UTTAR PRADESH,BANDA,4.5,9.8,-54.0,D,379.9,437.8,-13.0,N,2026-08-11 07:08:55.288715
2026-08-10,2026-06-01,2026-08-10,district,EAST UTTAR PRADESH,UTTAR PRADESH,BARABANKI,0.5,5.3,-91.0,LD,431.5,467.2,-8.0,N,2026-08-11 07:08:55.288715
2026-08-10,2026-06-01,2026-08-10,district,EAST UTTAR PRADESH,UTTAR PRADESH,BASTI,1.3,6.7,-80.0,LD,348.0,480.7,-28.0,D,2026-08-11 07:08:55.288715
2026-08-10,2026-06-01,2026-08-10,district,EAST UTTAR PRADESH,UTTAR PRADESH,BHADOHI,3.5,8.2,-57.0,D,136.0,453.8,-70.0,LD,2026-08-11 07:08:55.288715
2026-08-10,2026-06-01,2026-08-10,district,EAST UTTAR PRADESH,UTTAR PRADESH,CHANDAULI,0.0,9.6,-100.0,NR,254.7,400.8,-36.0,D,2026-08-11 07:08:55.288715
2026-08-10,2026-06-01,2026-08-10,district,EAST UTTAR PRADESH,UTTAR PRADESH,CHITRAKOOT,19.3,11.0,76.0,LE,486.4,453.4,7.0,N,2026-08-11 07:08:55.288715
2026-08-10,2026-06-01,2026-08-10,district,EAST UTTAR PRADESH,UTTAR PRADESH,DEORIA,0.0,6.6,-100.0,NR,131.0,463.8,-72.0,LD,2026-08-11 07:08:55.288715
2026-08-10,2026-06-01,2026-08-10,district,EAST UTTAR PRADESH,UTTAR PRADESH,FARRUKHABAD,2.0,8.3,-76.0,LD,274.4,407.2,-33.0,D,2026-08-11 07:08:55.288715
2026-08-10,2026-06-01,2026-08-10,district,EAST UTTAR PRADESH,UTTAR PRADESH,FATEHPUR,0.0,15.3,-100.0,NR,175.1,393.2,-55.0,D,2026-08-11 07:08:55.288715
2026-08-10,2026-06-01,2026-08-10,district,EAST UTTAR PRADESH,UTTAR PRADESH,GHAZIPUR,0.3,8.8,-97.0,LD,261.1,430.2,-39.0,D,2026-08-11 07:08:55.288715
2026-08-10,2026-06-01,2026-08-10,district,EAST UTTAR PRADESH,UTTAR PRADESH,GONDA,0.0,4.5,-100.0,NR,424.9,514.0,-17.0,N,2026-08-11 07:08:55.288715
2026-08-10,2026-06-01,2026-08-10,district,EAST UTTAR PRADESH,UTTAR PRADESH,GORAKHPUR,0.0,8.2,-100.0,NR,549.9,714.9,-23.0,D,2026-08-11 07:08:55.288715
2026-08-10,2026-06-01,2026-08-10,district,EAST UTTAR PRADESH,UTTAR PRADESH,HARDOI,3.9,6.2,-38.0,D,257.0,384.4,-33.0,D,2026-08-11 07:08:55.288715
2026-08-10,2026-06-01,2026-08-10,district,EAST UTTAR PRADESH,UTTAR PRADESH,JAUNPUR,0.0,6.3,-100.0,NR,129.5,400.5,-68.0,LD,2026-08-11 07:08:55.288715
2026-08-10,2026-06-01,2026-08-10,district,EAST UTTAR PRADESH,UTTAR PRADESH,KANNAUJ,5.9,9.3,-37.0,D,384.0,369.5,4.0,N,2026-08-11 07:08:55.288715
2026-08-10,2026-06-01,2026-08-10,district,EAST UTTAR PRADESH,UTTAR PRADESH,KANPUR CITY,3.0,7.4,-60.0,LD,416.3,365.2,14.0,N,2026-08-11 07:08:55.288715
2026-08-10,2026-06-01,2026-08-10,district,EAST UTTAR PRADESH,UTTAR PRADESH,KANPUR DEHAT,0.4,9.3,-96.0,LD,106.9,329.1,-68.0,LD,2026-08-11 07:08:55.288715
2026-08-10,2026-06-01,2026-08-10,district,EAST UTTAR PRADESH,UTTAR PRADESH,KAUSHAMBI,8.8,7.1,24.0,E,120.4,318.4,-62.0,LD,2026-08-11 07:08:55.288715
2026-08-10,2026-06-01,2026-08-10,district,EAST UTTAR PRADESH,UTTAR PRADESH,KHERI,0.3,5.5,-95.0,LD,481.1,536.3,-10.0,N,2026-08-11 07:08:55.288715
2026-08-10,2026-06-01,2026-08-10,district,EAST UTTAR PRADESH,UTTAR PRADESH,KUSHI NAGAR,0.0,4.4,-100.0,NR,173.1,438.5,-61.0,LD,2026-08-11 07:08:55.288715
2026-08-10,2026-06-01,2026-08-10,district,EAST UTTAR PRADESH,UTTAR PRADESH,LUCKNOW,0.0,6.6,-99.0,LD,269.0,380.0,-29.0,D,2026-08-11 07:08:55.288715
2026-08-10,2026-06-01,2026-08-10,district,EAST UTTAR PRADESH,UTTAR PRADESH,MAHARAJGANJ,0.0,7.4,-100.0,NR,526.2,584.4,-10.0,N,2026-08-11 07:08:55.288715
2026-08-10,2026-06-01,2026-08-10,district,EAST UTTAR PRADESH,UTTAR PRADESH,MAU,0.0,7.3,-100.0,NR,167.0,462.7,-64.0,LD,2026-08-11 07:08:55.288715
2026-08-10,2026-06-01,2026-08-10,district,EAST UTTAR PRADESH,UTTAR PRADESH,MIRZAPUR,1.6,10.3,-84.0,LD,535.8,505.5,6.0,N,2026-08-11 07:08:55.288715
2026-08-10,2026-06-01,2026-08-10,district,EAST UTTAR PRADESH,UTTAR PRADESH,PRATAPGARH,1.0,8.3,-88.0,LD,361.8,428.2,-16.0,N,2026-08-11 07:08:55.288715
2026-08-10,2026-06-01,2026-08-10,district,EAST UTTAR PRADESH,UTTAR PRADESH,PRAYAGRAJ,9.7,8.7,12.0,N,354.6,402.2,-12.0,N,2026-08-11 07:08:55.288715
2026-08-10,2026-06-01,2026-08-10,district,EAST UTTAR PRADESH,UTTAR PRADESH,RAE BAREILLY,0.0,4.1,-100.0,NR,128.9,243.4,-47.0,D,2026-08-11 07:08:55.288715
2026-08-10,2026-06-01,2026-08-10,district,EAST UTTAR PRADESH,UTTAR PRADESH,SANT KABIR NAGAR,0.0,4.4,-100.0,NR,317.6,603.7,-47.0,D,2026-08-11 07:08:55.288715
2026-08-10,2026-06-01,2026-08-10,district,EAST UTTAR PRADESH,UTTAR PRADESH,SHRAWASTI,0.0,3.9,-100.0,NR,389.1,673.9,-42.0,D,2026-08-11 07:08:55.288715
2026-08-10,2026-06-01,2026-08-10,district,EAST UTTAR PRADESH,UTTAR PRADESH,SIDDHARTH NAGAR,0.0,4.1,-100.0,NR,453.3,622.9,-27.0,D,2026-08-11 07:08:55.288715
2026-08-10,2026-06-01,2026-08-10,district,EAST UTTAR PRADESH,UTTAR PRADESH,SITAPUR,0.0,7.3,-100.0,NR,226.5,471.9,-52.0,D,2026-08-11 07:08:55.288715
2026-08-10,2026-06-01,2026-08-10,district,EAST UTTAR PRADESH,UTTAR PRADESH,SONBHADRA,3.0,7.6,-61.0,LD,379.3,503.0,-25.0,D,2026-08-11 07:08:55.288715
2026-08-10,2026-06-01,2026-08-10,district,EAST UTTAR PRADESH,UTTAR PRADESH,SULTANPUR,0.2,7.9,-98.0,LD,427.9,468.5,-9.0,N,2026-08-11 07:08:55.288715
2026-08-10,2026-06-01,2026-08-10,district,EAST UTTAR PRADESH,UTTAR PRADESH,UNNAO,4.0,7.5,-47.0,D,205.3,360.4,-43.0,D,2026-08-11 07:08:55.288715
2026-08-10,2026-06-01,2026-08-10,district,EAST UTTAR PRADESH,UTTAR PRADESH,VARANASI,2.2,7.9,-72.0,LD,315.9,452.4,-30.0,D,2026-08-11 07:08:55.288715
2026-08-10,2026-06-01,2026-08-10,district,GANGETIC WEST BENGAL,WEST BENGAL,BANKURA,3.4,8.4,-59.0,D,709.0,695.3,2.0,N,2026-08-11 07:08:55.288715
2026-08-10,2026-06-01,2026-08-10,district,GANGETIC WEST BENGAL,WEST BENGAL,BIRBHUM,4.3,6.6,-35.0,D,502.9,678.8,-26.0,D,2026-08-11 07:08:55.288715
2026-08-10,2026-06-01,2026-08-10,district,GANGETIC WEST BENGAL,WEST BENGAL,EAST MIDNAPORE,7.3,10.2,-28.0,D,993.0,735.6,35.0,E,2026-08-11 07:08:55.288715
2026-08-10,2026-06-01,2026-08-10,district,GANGETIC WEST BENGAL,WEST BENGAL,HOOGHLY,0.1,5.5,-99.0,LD,665.0,640.0,4.0,N,2026-08-11 07:08:55.288715
2026-08-10,2026-06-01,2026-08-10,district,GANGETIC WEST BENGAL,WEST BENGAL,HOWRAH,5.7,10.1,-44.0,D,767.9,707.7,9.0,N,2026-08-11 07:08:55.288715
2026-08-10,2026-06-01,2026-08-10,district,GANGETIC WEST BENGAL,WEST BENGAL,JHARGRAM,8.6,9.4,-9.0,N,624.8,690.7,-10.0,N,2026-08-11 07:08:55.288715
2026-08-10,2026-06-01,2026-08-10,district,GANGETIC WEST BENGAL,WEST BENGAL,KOLKATA,0.0,13.1,-100.0,NR,889.0,796.9,12.0,N,2026-08-11 07:08:55.288715
2026-08-10,2026-06-01,2026-08-10,district,GANGETIC WEST BENGAL,WEST BENGAL,MURSHIDABAD,2.5,7.2,-65.0,LD,462.0,597.5,-23.0,D,2026-08-11 07:08:55.288715
2026-08-10,2026-06-01,2026-08-10,district,GANGETIC WEST BENGAL,WEST BENGAL,NADIA,0.0,7.9,-100.0,NR,467.3,576.9,-19.0,N,2026-08-11 07:08:55.288715
2026-08-10,2026-06-01,2026-08-10,district,GANGETIC WEST BENGAL,WEST BENGAL,NORTH 24 PARGANAS,0.5,10.3,-96.0,LD,902.1,701.4,29.0,E,2026-08-11 07:08:55.288715
2026-08-10,2026-06-01,2026-08-10,district,GANGETIC WEST BENGAL,WEST BENGAL,PASCHIM BARDHAMAN,7.5,7.5,0.0,N,583.9,653.7,-11.0,N,2026-08-11 07:08:55.288715
2026-08-10,2026-06-01,2026-08-10,district,GANGETIC WEST BENGAL,WEST BENGAL,PURBA BARDHAMAN,0.3,6.4,-95.0,LD,590.9,619.9,-5.0,N,2026-08-11 07:08:55.288715
2026-08-10,2026-06-01,2026-08-10,district,GANGETIC WEST BENGAL,WEST BENGAL,PURULIA,6.1,6.5,-6.0,N,455.3,650.7,-30.0,D,2026-08-11 07:08:55.288715
2026-08-10,2026-06-01,2026-08-10,district,GANGETIC WEST BENGAL,WEST BENGAL,SOUTH 24 PARGANAS,8.1,12.8,-37.0,D,946.4,871.8,9.0,N,2026-08-11 07:08:55.288715
2026-08-10,2026-06-01,2026-08-10,district,GANGETIC WEST BENGAL,WEST BENGAL,WEST MIDNAPORE,1.5,9.4,-84.0,LD,982.8,690.7,42.0,E,2026-08-11 07:08:55.288715
2026-08-10,2026-06-01,2026-08-10,district,GUJARAT REGION,DADRA & NAGAR HAVELI AND DAMAN & DIU (UT),DADARA & NAGAR HAVELI,1.2,25.0,-95.0,LD,2668.3,1579.4,69.0,LE,2026-08-11 07:08:55.288715
2026-08-10,2026-06-01,2026-08-10,district,GUJARAT REGION,DADRA & NAGAR HAVELI AND DAMAN & DIU (UT),DAMAN,1.8,25.0,-93.0,LD,2536.1,1579.4,61.0,LE,2026-08-11 07:08:55.288715
2026-08-10,2026-06-01,2026-08-10,district,GUJARAT REGION,GUJARAT,AHMEDABAD,0.0,10.0,-100.0,NR,519.7,425.6,22.0,E,2026-08-11 07:08:55.288715
2026-08-10,2026-06-01,2026-08-10,district,GUJARAT REGION,GUJARAT,ANAND,0.2,18.3,-99.0,LD,717.5,511.2,40.0,E,2026-08-11 07:08:55.288715
2026-08-10,2026-06-01,2026-08-10,district,GUJARAT REGION,GUJARAT,ARAVALLI,0.0,14.0,-100.0,NR,340.0,523.3,-35.0,D,2026-08-11 07:08:55.288715
2026-08-10,2026-06-01,2026-08-10,district,GUJARAT REGION,GUJARAT,BANASKANTHA,0.0,8.5,-100.0,NR,342.6,381.6,-10.0,N,2026-08-11 07:08:55.288715
2026-08-10,2026-06-01,2026-08-10,district,GUJARAT REGION,GUJARAT,BHARUCH,0.0,9.3,-100.0,NR,713.5,472.7,51.0,E,2026-08-11 07:08:55.288715
2026-08-10,2026-06-01,2026-08-10,district,GUJARAT REGION,GUJARAT,CHHOTA UDEPUR,16.4,18.5,-12.0,N,536.3,606.7,-12.0,N,2026-08-11 07:08:55.288715
2026-08-10,2026-06-01,2026-08-10,district,GUJARAT REGION,GUJARAT,DAHOD,0.0,12.1,-100.0,NR,302.7,475.4,-36.0,D,2026-08-11 07:08:55.288715
2026-08-10,2026-06-01,2026-08-10,district,GUJARAT REGION,GUJARAT,DANGS,2.5,31.8,-92.0,LD,2100.8,1475.8,42.0,E,2026-08-11 07:08:55.288715
2026-08-10,2026-06-01,2026-08-10,district,GUJARAT REGION,GUJARAT,GANDHINAGAR,0.0,13.2,-100.0,NR,425.8,493.2,-14.0,N,2026-08-11 07:08:55.288715
2026-08-10,2026-06-01,2026-08-10,district,GUJARAT REGION,GUJARAT,KHEDA,0.3,16.1,-98.0,LD,810.3,507.4,60.0,LE,2026-08-11 07:08:55.288715
2026-08-10,2026-06-01,2026-08-10,district,GUJARAT REGION,GUJARAT,MAHISAGAR,0.0,14.8,-100.0,NR,546.9,494.7,11.0,N,2026-08-11 07:08:55.288715
2026-08-10,2026-06-01,2026-08-10,district,GUJARAT REGION,GUJARAT,MEHSANA,0.3,11.5,-98.0,LD,410.2,444.7,-8.0,N,2026-08-11 07:08:55.288715
2026-08-10,2026-06-01,2026-08-10,district,GUJARAT REGION,GUJARAT,NARMADA,1.9,16.6,-89.0,LD,777.7,650.4,20.0,E,2026-08-11 07:08:55.288715
2026-08-10,2026-06-01,2026-08-10,district,GUJARAT REGION,GUJARAT,NAVSARI,0.7,20.9,-97.0,LD,2127.2,1259.5,69.0,LE,2026-08-11 07:08:55.288715
2026-08-10,2026-06-01,2026-08-10,district,GUJARAT REGION,GUJARAT,PANCHMAHAL,0.0,18.4,-100.0,NR,611.6,564.1,8.0,N,2026-08-11 07:08:55.288715
2026-08-10,2026-06-01,2026-08-10,district,GUJARAT REGION,GUJARAT,PATAN,0.0,9.1,-100.0,NR,389.5,347.3,12.0,N,2026-08-11 07:08:55.288715
2026-08-10,2026-06-01,2026-08-10,district,GUJARAT REGION,GUJARAT,SABARKANTHA,3.6,14.8,-76.0,LD,353.4,533.2,-34.0,D,2026-08-11 07:08:55.288715
2026-08-10,2026-06-01,2026-08-10,district,GUJARAT REGION,GUJARAT,SURAT,0.4,14.5,-97.0,LD,1412.4,879.4,61.0,LE,2026-08-11 07:08:55.288715
2026-08-10,2026-06-01,2026-08-10,district,GUJARAT REGION,GUJARAT,TAPI,0.9,17.6,-95.0,LD,1207.4,936.3,29.0,E,2026-08-11 07:08:55.288715
2026-08-10,2026-06-01,2026-08-10,district,GUJARAT REGION,GUJARAT,VADODARA,0.4,19.3,-98.0,LD,493.0,559.9,-12.0,N,2026-08-11 07:08:55.288715
2026-08-10,2026-06-01,2026-08-10,district,GUJARAT REGION,GUJARAT,VALSAD,0.4,21.1,-98.0,LD,2521.5,1423.4,77.0,LE,2026-08-11 07:08:55.288715
2026-08-10,2026-06-01,2026-08-10,district,HAR. CHD & DELHI,CHANDIGARH (UT),CHANDIGARH,0.0,13.1,-100.0,NR,406.6,533.8,-24.0,D,2026-08-11 07:08:55.288715
2026-08-10,2026-06-01,2026-08-10,district,HAR. CHD & DELHI,DELHI,CENTRAL DELHI,0.0,6.5,-100.0,NR,528.6,387.7,36.0,E,2026-08-11 07:08:55.288715
2026-08-10,2026-06-01,2026-08-10,district,HAR. CHD & DELHI,DELHI,EAST DELHI,0.0,6.5,-100.0,NR,467.2,387.7,21.0,E,2026-08-11 07:08:55.288715
2026-08-10,2026-06-01,2026-08-10,district,HAR. CHD & DELHI,DELHI,NEW DELHI,0.0,7.5,-100.0,NR,377.6,360.4,5.0,N,2026-08-11 07:08:55.288715
2026-08-10,2026-06-01,2026-08-10,district,HAR. CHD & DELHI,DELHI,NORTH EAST DELHI,0.0,6.5,-100.0,NR,413.0,387.7,7.0,N,2026-08-11 07:08:55.288715
2026-08-10,2026-06-01,2026-08-10,district,HAR. CHD & DELHI,DELHI,NORTH WEST DELHI,0.0,3.8,-100.0,NR,270.5,241.4,12.0,N,2026-08-11 07:08:55.288715
2026-08-10,2026-06-01,2026-08-10,district,HAR. CHD & DELHI,DELHI,SOUTH DELHI,0.0,6.5,-100.0,NR,442.2,387.7,14.0,N,2026-08-11 07:08:55.288715
2026-08-10,2026-06-01,2026-08-10,district,HAR. CHD & DELHI,DELHI,SOUTH EAST DELHI,0.0,6.5,-100.0,NR,479.7,387.7,24.0,E,2026-08-11 07:08:55.288715
2026-08-10,2026-06-01,2026-08-10,district,HAR. CHD & DELHI,DELHI,SOUTH WEST DELHI,0.0,7.1,-100.0,NR,326.8,309.3,6.0,N,2026-08-11 07:08:55.288715
2026-08-10,2026-06-01,2026-08-10,district,HAR. CHD & DELHI,DELHI,WEST DELHI,0.0,6.9,-100.0,NR,434.3,349.6,24.0,E,2026-08-11 07:08:55.288715
2026-08-10,2026-06-01,2026-08-10,district,HAR. CHD & DELHI,HARYANA,AMBALA,2.3,9.6,-76.0,LD,239.4,516.3,-54.0,D,2026-08-11 07:08:55.288715
2026-08-10,2026-06-01,2026-08-10,district,HAR. CHD & DELHI,HARYANA,BHIWANI,0.0,1.3,-100.0,NR,239.3,182.6,31.0,E,2026-08-11 07:08:55.288715
2026-08-10,2026-06-01,2026-08-10,district,HAR. CHD & DELHI,HARYANA,CHARKHI DADRI,0.0,2.7,-100.0,NR,291.7,253.5,15.0,N,2026-08-11 07:08:55.288715
2026-08-10,2026-06-01,2026-08-10,district,HAR. CHD & DELHI,HARYANA,FARIDABAD,0.0,7.0,-100.0,NR,423.9,308.3,37.0,E,2026-08-11 07:08:55.288715
2026-08-10,2026-06-01,2026-08-10,district,HAR. CHD & DELHI,HARYANA,FATEHABAD,0.3,2.9,-91.0,LD,166.8,165.2,1.0,N,2026-08-11 07:08:55.288715
2026-08-10,2026-06-01,2026-08-10,district,HAR. CHD & DELHI,HARYANA,GURGAON,0.0,5.2,-100.0,NR,333.7,286.9,16.0,N,2026-08-11 07:08:55.288715
2026-08-10,2026-06-01,2026-08-10,district,HAR. CHD & DELHI,HARYANA,HISAR,0.3,3.2,-91.0,LD,184.6,191.3,-4.0,N,2026-08-11 07:08:55.288715
2026-08-10,2026-06-01,2026-08-10,district,HAR. CHD & DELHI,HARYANA,JHAJJAR,0.0,3.8,-100.0,NR,259.9,224.2,16.0,N,2026-08-11 07:08:55.288715
2026-08-10,2026-06-01,2026-08-10,district,HAR. CHD & DELHI,HARYANA,JIND,0.0,4.0,-100.0,NR,126.4,237.6,-47.0,D,2026-08-11 07:08:55.288715
2026-08-10,2026-06-01,2026-08-10,district,HAR. CHD & DELHI,HARYANA,KAITHAL,0.0,4.5,-100.0,NR,120.7,228.3,-47.0,D,2026-08-11 07:08:55.288715
2026-08-10,2026-06-01,2026-08-10,district,HAR. CHD & DELHI,HARYANA,KARNAL,0.0,3.5,-99.0,LD,212.4,312.7,-32.0,D,2026-08-11 07:08:55.288715
2026-08-10,2026-06-01,2026-08-10,district,HAR. CHD & DELHI,HARYANA,KURUKSHETRA,0.0,2.9,-100.0,NR,249.3,246.9,1.0,N,2026-08-11 07:08:55.288715
2026-08-10,2026-06-01,2026-08-10,district,HAR. CHD & DELHI,HARYANA,MAHENDRAGARH,0.3,2.3,-85.0,LD,276.3,247.4,12.0,N,2026-08-11 07:08:55.288715
2026-08-10,2026-06-01,2026-08-10,district,HAR. CHD & DELHI,HARYANA,NUH,1.4,8.1,-83.0,LD,317.7,267.0,19.0,N,2026-08-11 07:08:55.288715
2026-08-10,2026-06-01,2026-08-10,district,HAR. CHD & DELHI,HARYANA,PALWAL,0.0,5.8,-100.0,NR,330.0,225.3,46.0,E,2026-08-11 07:08:55.288715
2026-08-10,2026-06-01,2026-08-10,district,HAR. CHD & DELHI,HARYANA,PANCHKULA,3.8,5.1,-25.0,D,218.4,516.6,-58.0,D,2026-08-11 07:08:55.288715
2026-08-10,2026-06-01,2026-08-10,district,HAR. CHD & DELHI,HARYANA,PANIPAT,0.0,3.9,-100.0,NR,191.0,254.6,-25.0,D,2026-08-11 07:08:55.288715
2026-08-10,2026-06-01,2026-08-10,district,HAR. CHD & DELHI,HARYANA,REWARI,0.3,4.3,-94.0,LD,320.7,262.0,22.0,E,2026-08-11 07:08:55.288715
2026-08-10,2026-06-01,2026-08-10,district,HAR. CHD & DELHI,HARYANA,ROHTAK,0.0,4.0,-100.0,NR,187.9,278.3,-33.0,D,2026-08-11 07:08:55.288715
2026-08-10,2026-06-01,2026-08-10,district,HAR. CHD & DELHI,HARYANA,SIRSA,3.3,1.5,122.0,LE,80.5,143.2,-44.0,D,2026-08-11 07:08:55.288715
2026-08-10,2026-06-01,2026-08-10,district,HAR. CHD & DELHI,HARYANA,SONEPAT,0.0,3.6,-100.0,NR,182.0,277.4,-34.0,D,2026-08-11 07:08:55.288715
2026-08-10,2026-06-01,2026-08-10,district,HAR. CHD & DELHI,HARYANA,YAMUNA NAGAR,33.5,7.4,352.0,LE,487.6,551.0,-11.0,N,2026-08-11 07:08:55.288715
2026-08-10,2026-06-01,2026-08-10,district,HIMACHAL PRADESH,HIMACHAL PRADESH,BILASPUR,3.2,12.9,-75.0,LD,488.2,493.3,-1.0,N,2026-08-11 07:08:55.288715
2026-08-10,2026-06-01,2026-08-10,district,HIMACHAL PRADESH,HIMACHAL PRADESH,CHAMBA,1.0,19.4,-95.0,LD,540.8,563.9,-4.0,N,2026-08-11 07:08:55.288715
2026-08-10,2026-06-01,2026-08-10,district,HIMACHAL PRADESH,HIMACHAL PRADESH,HAMIRPUR,0.0,16.2,-100.0,NR,298.5,568.3,-47.0,D,2026-08-11 07:08:55.288715
2026-08-10,2026-06-01,2026-08-10,district,HIMACHAL PRADESH,HIMACHAL PRADESH,KANGRA,16.4,23.0,-29.0,D,832.9,1015.8,-18.0,N,2026-08-11 07:08:55.288715
2026-08-10,2026-06-01,2026-08-10,district,HIMACHAL PRADESH,HIMACHAL PRADESH,KINNAUR,0.0,3.0,-100.0,NR,181.7,133.3,36.0,E,2026-08-11 07:08:55.288715
2026-08-10,2026-06-01,2026-08-10,district,HIMACHAL PRADESH,HIMACHAL PRADESH,KULLU,2.2,5.8,-63.0,LD,380.2,339.4,12.0,N,2026-08-11 07:08:55.288715
2026-08-10,2026-06-01,2026-08-10,district,HIMACHAL PRADESH,HIMACHAL PRADESH,LAHAUL & SPITI,0.0,4.8,-100.0,NR,98.0,222.9,-56.0,D,2026-08-11 07:08:55.288715
2026-08-10,2026-06-01,2026-08-10,district,HIMACHAL PRADESH,HIMACHAL PRADESH,MANDI,14.2,12.4,15.0,N,592.5,708.6,-16.0,N,2026-08-11 07:08:55.288715
2026-08-10,2026-06-01,2026-08-10,district,HIMACHAL PRADESH,HIMACHAL PRADESH,SHIMLA,22.3,5.2,329.0,LE,543.2,393.7,38.0,E,2026-08-11 07:08:55.288715
2026-08-10,2026-06-01,2026-08-10,district,HIMACHAL PRADESH,HIMACHAL PRADESH,SIRMAUR,10.5,11.0,-5.0,N,855.1,745.5,15.0,N,2026-08-11 07:08:55.288715
2026-08-10,2026-06-01,2026-08-10,district,HIMACHAL PRADESH,HIMACHAL PRADESH,SOLAN,11.4,6.8,67.0,LE,599.9,544.0,10.0,N,2026-08-11 07:08:55.288715
2026-08-10,2026-06-01,2026-08-10,district,HIMACHAL PRADESH,HIMACHAL PRADESH,UNA,0.0,8.9,-100.0,NR,481.0,553.7,-13.0,N,2026-08-11 07:08:55.288715
2026-08-10,2026-06-01,2026-08-10,district,J & K AND LADAKH,JAMMU & KASHMIR(UT),ANANTNAG,0.0,3.4,-100.0,NR,244.8,207.2,18.0,N,2026-08-11 07:08:55.288715
2026-08-10,2026-06-01,2026-08-10,district,J & K AND LADAKH,JAMMU & KASHMIR(UT),BADGAM,0.0,0.7,-100.0,NR,119.7,137.5,-13.0,N,2026-08-11 07:08:55.288715
2026-08-10,2026-06-01,2026-08-10,district,J & K AND LADAKH,JAMMU & KASHMIR(UT),BANDIPORA,0.0,2.7,-100.0,NR,169.7,144.4,17.0,N,2026-08-11 07:08:55.288715
2026-08-10,2026-06-01,2026-08-10,district,J & K AND LADAKH,JAMMU & KASHMIR(UT),BARAMULA,0.0,2.4,-100.0,NR,238.6,140.5,70.0,LE,2026-08-11 07:08:55.288715
2026-08-10,2026-06-01,2026-08-10,district,J & K AND LADAKH,JAMMU & KASHMIR(UT),DODA,0.5,5.7,-91.0,LD,259.7,271.2,-4.0,N,2026-08-11 07:08:55.288715
2026-08-10,2026-06-01,2026-08-10,district,J & K AND LADAKH,JAMMU & KASHMIR(UT),GANDERBAL,0.2,1.8,-91.0,LD,273.4,163.4,67.0,LE,2026-08-11 07:08:55.288715
2026-08-10,2026-06-01,2026-08-10,district,J & K AND LADAKH,JAMMU & KASHMIR(UT),JAMMU,0.0,14.6,-100.0,NR,533.2,602.7,-12.0,N,2026-08-11 07:08:55.288715
2026-08-10,2026-06-01,2026-08-10,district,J & K AND LADAKH,JAMMU & KASHMIR(UT),KATHUA,0.0,19.3,-100.0,NR,605.3,806.2,-25.0,D,2026-08-11 07:08:55.288715
2026-08-10,2026-06-01,2026-08-10,district,J & K AND LADAKH,JAMMU & KASHMIR(UT),KISTWAR,0.0,5.7,-100.0,NR,156.0,271.2,-42.0,D,2026-08-11 07:08:55.288715
2026-08-10,2026-06-01,2026-08-10,district,J & K AND LADAKH,JAMMU & KASHMIR(UT),KULGAM,0.0,4.8,-100.0,NR,189.7,206.6,-8.0,N,2026-08-11 07:08:55.288715
2026-08-10,2026-06-01,2026-08-10,district,J & K AND LADAKH,JAMMU & KASHMIR(UT),KUPWARA,0.0,2.5,-100.0,NR,190.4,170.7,12.0,N,2026-08-11 07:08:55.288715
2026-08-10,2026-06-01,2026-08-10,district,J & K AND LADAKH,JAMMU & KASHMIR(UT),POONCH,0.0,4.0,-100.0,NR,610.3,427.9,43.0,E,2026-08-11 07:08:55.288715
2026-08-10,2026-06-01,2026-08-10,district,J & K AND LADAKH,JAMMU & KASHMIR(UT),PULWAMA,0.0,4.5,-100.0,NR,174.5,121.2,44.0,E,2026-08-11 07:08:55.288715
2026-08-10,2026-06-01,2026-08-10,district,J & K AND LADAKH,JAMMU & KASHMIR(UT),RAJOURI,0.0,3.8,-100.0,NR,534.2,409.4,30.0,E,2026-08-11 07:08:55.288715
2026-08-10,2026-06-01,2026-08-10,district,J & K AND LADAKH,JAMMU & KASHMIR(UT),RAMBAN,0.0,3.6,-100.0,NR,393.5,252.3,56.0,E,2026-08-11 07:08:55.288715
2026-08-10,2026-06-01,2026-08-10,district,J & K AND LADAKH,JAMMU & KASHMIR(UT),REASI,0.0,18.3,-100.0,NR,844.0,974.2,-13.0,N,2026-08-11 07:08:55.288715
2026-08-10,2026-06-01,2026-08-10,district,J & K AND LADAKH,JAMMU & KASHMIR(UT),SAMBA,0.0,4.0,-100.0,NR,666.0,474.2,40.0,E,2026-08-11 07:08:55.288715
2026-08-10,2026-06-01,2026-08-10,district,J & K AND LADAKH,JAMMU & KASHMIR(UT),SHOPIAN,0.0,2.1,-100.0,NR,90.2,190.6,-53.0,D,2026-08-11 07:08:55.288715
2026-08-10,2026-06-01,2026-08-10,district,J & K AND LADAKH,JAMMU & KASHMIR(UT),SRINAGAR,0.0,2.6,-100.0,NR,212.9,151.5,41.0,E,2026-08-11 07:08:55.288715
2026-08-10,2026-06-01,2026-08-10,district,J & K AND LADAKH,LADAKH (UT),KARGIL,0.0,0.0,-100.0,NR,17.7,6.0,169.0,LE,2026-08-11 07:08:55.288715
2026-08-10,2026-06-01,2026-08-10,district,J & K AND LADAKH,LADAKH (UT),LADAKH (LEH),0.0,0.7,-100.0,NR,45.9,17.5,160.0,LE,2026-08-11 07:08:55.288715
2026-08-10,2026-06-01,2026-08-10,district,JHARKHAND,JHARKHAND,BOKARO,0.3,6.8,-95.0,LD,372.9,541.2,-31.0,D,2026-08-11 07:08:55.288715
2026-08-10,2026-06-01,2026-08-10,district,JHARKHAND,JHARKHAND,CHATRA,0.0,7.8,-100.0,NR,324.2,551.5,-41.0,D,2026-08-11 07:08:55.288715
2026-08-10,2026-06-01,2026-08-10,district,JHARKHAND,JHARKHAND,DEOGHAR,0.8,6.4,-88.0,LD,284.1,573.0,-50.0,D,2026-08-11 07:08:55.288715
2026-08-10,2026-06-01,2026-08-10,district,JHARKHAND,JHARKHAND,DHANBAD,3.6,9.1,-60.0,LD,498.5,628.4,-21.0,D,2026-08-11 07:08:55.288715
2026-08-10,2026-06-01,2026-08-10,district,JHARKHAND,JHARKHAND,DUMKA,19.5,6.7,191.0,LE,560.5,612.1,-8.0,N,2026-08-11 07:08:55.288715
2026-08-10,2026-06-01,2026-08-10,district,JHARKHAND,JHARKHAND,EAST SINGHBHUM,1.7,8.9,-81.0,LD,518.6,658.3,-21.0,D,2026-08-11 07:08:55.288715
2026-08-10,2026-06-01,2026-08-10,district,JHARKHAND,JHARKHAND,GARHWA,3.2,8.3,-61.0,LD,274.6,537.8,-49.0,D,2026-08-11 07:08:55.288715
2026-08-10,2026-06-01,2026-08-10,district,JHARKHAND,JHARKHAND,GIRIDIH,0.0,6.7,-100.0,NR,311.5,582.9,-47.0,D,2026-08-11 07:08:55.288715
2026-08-10,2026-06-01,2026-08-10,district,JHARKHAND,JHARKHAND,GODDA,0.0,7.0,-100.0,NR,402.1,527.4,-24.0,D,2026-08-11 07:08:55.288715
2026-08-10,2026-06-01,2026-08-10,district,JHARKHAND,JHARKHAND,GUMLA,7.2,9.1,-21.0,D,421.6,640.5,-34.0,D,2026-08-11 07:08:55.288715
2026-08-10,2026-06-01,2026-08-10,district,JHARKHAND,JHARKHAND,HAZARIBAG,0.3,9.1,-96.0,LD,420.0,626.8,-33.0,D,2026-08-11 07:08:55.288715
2026-08-10,2026-06-01,2026-08-10,district,JHARKHAND,JHARKHAND,JAMTARA,2.1,7.8,-73.0,LD,470.0,642.0,-27.0,D,2026-08-11 07:08:55.288715
2026-08-10,2026-06-01,2026-08-10,district,JHARKHAND,JHARKHAND,KHUNTI,38.4,7.2,434.0,LE,603.0,662.5,-9.0,N,2026-08-11 07:08:55.288715
2026-08-10,2026-06-01,2026-08-10,district,JHARKHAND,JHARKHAND,KODERMA,0.0,6.5,-100.0,NR,279.1,507.2,-45.0,D,2026-08-11 07:08:55.288715
2026-08-10,2026-06-01,2026-08-10,district,JHARKHAND,JHARKHAND,LATEHAR,0.2,8.2,-98.0,LD,435.6,619.2,-30.0,D,2026-08-11 07:08:55.288715
2026-08-10,2026-06-01,2026-08-10,district,JHARKHAND,JHARKHAND,LOHARDAGA,3.4,6.4,-47.0,D,413.9,615.9,-33.0,D,2026-08-11 07:08:55.288715
2026-08-10,2026-06-01,2026-08-10,district,JHARKHAND,JHARKHAND,PAKUR,14.4,8.7,65.0,LE,293.8,679.5,-57.0,D,2026-08-11 07:08:55.288715
2026-08-10,2026-06-01,2026-08-10,district,JHARKHAND,JHARKHAND,PALAMU,0.4,7.5,-95.0,LD,284.5,479.4,-41.0,D,2026-08-11 07:08:55.288715
2026-08-10,2026-06-01,2026-08-10,district,JHARKHAND,JHARKHAND,RAMGARH,0.0,8.2,-100.0,NR,450.2,614.0,-27.0,D,2026-08-11 07:08:55.288715
2026-08-10,2026-06-01,2026-08-10,district,JHARKHAND,JHARKHAND,RANCHI,2.5,8.5,-71.0,LD,506.9,627.8,-19.0,N,2026-08-11 07:08:55.288715
2026-08-10,2026-06-01,2026-08-10,district,JHARKHAND,JHARKHAND,SERAIKELA-KHARSAWAN,1.0,6.7,-85.0,LD,589.3,609.1,-3.0,N,2026-08-11 07:08:55.288715
2026-08-10,2026-06-01,2026-08-10,district,JHARKHAND,JHARKHAND,SIMDEGA,11.3,10.7,5.0,N,724.3,787.2,-8.0,N,2026-08-11 07:08:55.288715
2026-08-10,2026-06-01,2026-08-10,district,JHARKHAND,JHARKHAND,WEST SINGHBHUM,7.1,8.2,-14.0,N,635.6,600.7,6.0,N,2026-08-11 07:08:55.288715
2026-08-10,2026-06-01,2026-08-10,district,KERALA & MAHE,KERALA,ALAPUZHA,5.1,14.3,-64.0,LD,884.2,1150.1,-23.0,D,2026-08-11 07:08:55.288715
2026-08-10,2026-06-01,2026-08-10,district,KERALA & MAHE,KERALA,ERNAKULAM,6.7,17.6,-62.0,LD,1185.1,1532.9,-23.0,D,2026-08-11 07:08:55.288715
2026-08-10,2026-06-01,2026-08-10,district,KERALA & MAHE,KERALA,IDUKKI,8.6,23.3,-63.0,LD,1018.8,1820.5,-44.0,D,2026-08-11 07:08:55.288715
2026-08-10,2026-06-01,2026-08-10,district,KERALA & MAHE,KERALA,KANNUR,14.6,27.3,-46.0,D,1870.7,2027.1,-8.0,N,2026-08-11 07:08:55.288715
2026-08-10,2026-06-01,2026-08-10,district,KERALA & MAHE,KERALA,KASARGOD,8.2,25.1,-67.0,LD,1900.2,2196.7,-13.0,N,2026-08-11 07:08:55.288715
2026-08-10,2026-06-01,2026-08-10,district,KERALA & MAHE,KERALA,KOLLAM,2.2,9.1,-76.0,LD,637.9,858.3,-26.0,D,2026-08-11 07:08:55.288715
2026-08-10,2026-06-01,2026-08-10,district,KERALA & MAHE,KERALA,KOTTAYAM,12.0,16.1,-25.0,D,1315.6,1357.1,-3.0,N,2026-08-11 07:08:55.288715
2026-08-10,2026-06-01,2026-08-10,district,KERALA & MAHE,KERALA,KOZHIKODE,5.5,25.1,-78.0,LD,1776.3,1962.5,-9.0,N,2026-08-11 07:08:55.288715
2026-08-10,2026-06-01,2026-08-10,district,KERALA & MAHE,KERALA,MALAPPURAM,4.3,17.6,-75.0,LD,1213.7,1457.7,-17.0,N,2026-08-11 07:08:55.288715
2026-08-10,2026-06-01,2026-08-10,district,KERALA & MAHE,KERALA,PALAKKAD,8.4,16.0,-48.0,D,886.0,1143.2,-22.0,D,2026-08-11 07:08:55.288715
2026-08-10,2026-06-01,2026-08-10,district,KERALA & MAHE,KERALA,PATHANAMTHITTA,14.7,12.3,19.0,N,1141.7,1093.8,4.0,N,2026-08-11 07:08:55.288715
2026-08-10,2026-06-01,2026-08-10,district,KERALA & MAHE,KERALA,THIRUVANANTHAPURAM,1.3,6.9,-81.0,LD,591.3,564.9,5.0,N,2026-08-11 07:08:55.288715
2026-08-10,2026-06-01,2026-08-10,district,KERALA & MAHE,KERALA,THRISSUR,6.2,17.1,-64.0,LD,1172.8,1566.3,-25.0,D,2026-08-11 07:08:55.288715
2026-08-10,2026-06-01,2026-08-10,district,KERALA & MAHE,KERALA,WYNAD,2.9,25.0,-88.0,LD,948.5,1883.6,-50.0,D,2026-08-11 07:08:55.288715
2026-08-10,2026-06-01,2026-08-10,district,KERALA & MAHE,PUDUCHERRY (UT),MAHE,6.8,24.5,-72.0,LD,1525.8,1861.1,-18.0,N,2026-08-11 07:08:55.288715
2026-08-10,2026-06-01,2026-08-10,district,KONKAN & GOA,GOA,NORTH GOA,7.4,28.7,-74.0,LD,1343.8,2318.9,-42.0,D,2026-08-11 07:08:55.288715
2026-08-10,2026-06-01,2026-08-10,district,KONKAN & GOA,GOA,SOUTH GOA,5.1,27.8,-82.0,LD,1564.7,2226.1,-30.0,D,2026-08-11 07:08:55.288715
2026-08-10,2026-06-01,2026-08-10,district,KONKAN & GOA,MAHARASHTRA,MUMBAI CITY,0.6,18.6,-97.0,LD,1658.6,1465.6,13.0,N,2026-08-11 07:08:55.288715
2026-08-10,2026-06-01,2026-08-10,district,KONKAN & GOA,MAHARASHTRA,MUMBAI SUBURBAN,2.2,17.7,-88.0,LD,1993.3,1620.1,23.0,E,2026-08-11 07:08:55.288715
2026-08-10,2026-06-01,2026-08-10,district,KONKAN & GOA,MAHARASHTRA,PALGHAR,2.8,23.0,-88.0,LD,2263.4,1581.8,43.0,E,2026-08-11 07:08:55.288715
2026-08-10,2026-06-01,2026-08-10,district,KONKAN & GOA,MAHARASHTRA,RAIGAD,6.6,29.9,-78.0,LD,2422.9,2182.3,11.0,N,2026-08-11 07:08:55.288715
2026-08-10,2026-06-01,2026-08-10,district,KONKAN & GOA,MAHARASHTRA,RATNAGIRI,6.2,26.4,-77.0,LD,2052.2,2310.1,-11.0,N,2026-08-11 07:08:55.288715
2026-08-10,2026-06-01,2026-08-10,district,KONKAN & GOA,MAHARASHTRA,SINDHUDURG,7.1,25.7,-72.0,LD,1385.7,2200.3,-37.0,D,2026-08-11 07:08:55.288715
2026-08-10,2026-06-01,2026-08-10,district,KONKAN & GOA,MAHARASHTRA,THANE,2.5,22.4,-89.0,LD,1775.7,1684.5,5.0,N,2026-08-11 07:08:55.288715
2026-08-10,2026-06-01,2026-08-10,district,LAKSHADWEEP,LAKSHADWEEP,LAKSHADWEEP,4.5,8.0,-44.0,D,525.1,695.2,-24.0,D,2026-08-11 07:08:55.288715
2026-08-10,2026-06-01,2026-08-10,district,MADHYA MAHARASHTRA,MAHARASHTRA,AHMEDNAGAR,0.1,2.8,-98.0,LD,210.0,238.0,-12.0,N,2026-08-11 07:08:55.288715
2026-08-10,2026-06-01,2026-08-10,district,MADHYA MAHARASHTRA,MAHARASHTRA,DHULE,0.0,5.4,-100.0,NR,385.7,342.4,13.0,N,2026-08-11 07:08:55.288715
2026-08-10,2026-06-01,2026-08-10,district,MADHYA MAHARASHTRA,MAHARASHTRA,JALGAON,0.0,6.8,-100.0,NR,509.3,378.4,35.0,E,2026-08-11 07:08:55.288715
2026-08-10,2026-06-01,2026-08-10,district,MADHYA MAHARASHTRA,MAHARASHTRA,KOLHAPUR,4.2,18.8,-78.0,LD,1202.8,1238.3,-3.0,N,2026-08-11 07:08:55.288715
2026-08-10,2026-06-01,2026-08-10,district,MADHYA MAHARASHTRA,MAHARASHTRA,NANDURBAR,3.0,9.4,-68.0,LD,366.6,537.9,-32.0,D,2026-08-11 07:08:55.288715
2026-08-10,2026-06-01,2026-08-10,district,MADHYA MAHARASHTRA,MAHARASHTRA,NASHIK,1.0,9.9,-90.0,LD,1049.4,566.5,85.0,LE,2026-08-11 07:08:55.288715
2026-08-10,2026-06-01,2026-08-10,district,MADHYA MAHARASHTRA,MAHARASHTRA,PUNE,2.1,8.0,-74.0,LD,946.9,605.2,56.0,E,2026-08-11 07:08:55.288715
2026-08-10,2026-06-01,2026-08-10,district,MADHYA MAHARASHTRA,MAHARASHTRA,SANGLI,0.2,3.2,-93.0,LD,283.1,289.9,-2.0,N,2026-08-11 07:08:55.288715
2026-08-10,2026-06-01,2026-08-10,district,MADHYA MAHARASHTRA,MAHARASHTRA,SATARA,2.3,7.8,-71.0,LD,838.8,566.3,48.0,E,2026-08-11 07:08:55.288715
2026-08-10,2026-06-01,2026-08-10,district,MADHYA MAHARASHTRA,MAHARASHTRA,SHOLAPUR,0.0,2.5,-100.0,NR,145.1,218.2,-34.0,D,2026-08-11 07:08:55.288715
2026-08-10,2026-06-01,2026-08-10,district,MARATHWADA,MAHARASHTRA,BEED,0.0,5.6,-100.0,NR,196.7,292.8,-33.0,D,2026-08-11 07:08:55.288715
2026-08-10,2026-06-01,2026-08-10,district,MARATHWADA,MAHARASHTRA,CHHATRAPATI SAMBHAJINAGAR,0.0,4.5,-100.0,NR,402.4,316.9,27.0,E,2026-08-11 07:08:55.288715
2026-08-10,2026-06-01,2026-08-10,district,MARATHWADA,MAHARASHTRA,DHARASHIV,0.0,4.7,-100.0,NR,259.7,296.0,-12.0,N,2026-08-11 07:08:55.288715
2026-08-10,2026-06-01,2026-08-10,district,MARATHWADA,MAHARASHTRA,HINGOLI,1.0,7.4,-86.0,LD,297.2,476.6,-38.0,D,2026-08-11 07:08:55.288715
2026-08-10,2026-06-01,2026-08-10,district,MARATHWADA,MAHARASHTRA,JALNA,0.0,4.7,-100.0,NR,256.2,345.3,-26.0,D,2026-08-11 07:08:55.288715
2026-08-10,2026-06-01,2026-08-10,district,MARATHWADA,MAHARASHTRA,LATUR,0.0,4.3,-100.0,NR,302.1,364.0,-17.0,N,2026-08-11 07:08:55.288715
2026-08-10,2026-06-01,2026-08-10,district,MARATHWADA,MAHARASHTRA,NANDED,0.2,9.8,-98.0,LD,395.3,467.8,-16.0,N,2026-08-11 07:08:55.288715
2026-08-10,2026-06-01,2026-08-10,district,MARATHWADA,MAHARASHTRA,PARBHANI,0.0,4.6,-100.0,NR,325.5,397.4,-18.0,N,2026-08-11 07:08:55.288715
2026-08-10,2026-06-01,2026-08-10,district,N. I. KARNATAKA,KARNATAKA,BAGALKOTE,1.5,2.1,-29.0,D,178.7,170.6,5.0,N,2026-08-11 07:08:55.288715
2026-08-10,2026-06-01,2026-08-10,district,N. I. KARNATAKA,KARNATAKA,BELAGAVI,1.1,5.0,-78.0,LD,475.1,380.8,25.0,E,2026-08-11 07:08:55.288715
2026-08-10,2026-06-01,2026-08-10,district,N. I. KARNATAKA,KARNATAKA,BIDAR,3.4,8.2,-59.0,D,341.9,347.4,-2.0,N,2026-08-11 07:08:55.288715
2026-08-10,2026-06-01,2026-08-10,district,N. I. KARNATAKA,KARNATAKA,DHARWAD,0.1,4.2,-97.0,LD,199.5,331.6,-40.0,D,2026-08-11 07:08:55.288715
2026-08-10,2026-06-01,2026-08-10,district,N. I. KARNATAKA,KARNATAKA,GADAG,0.0,2.1,-100.0,NR,156.3,178.5,-12.0,N,2026-08-11 07:08:55.288715
2026-08-10,2026-06-01,2026-08-10,district,N. I. KARNATAKA,KARNATAKA,HAVERI,0.3,4.9,-95.0,LD,216.1,322.9,-33.0,D,2026-08-11 07:08:55.288715
2026-08-10,2026-06-01,2026-08-10,district,N. I. KARNATAKA,KARNATAKA,KALABURAGI,0.0,4.8,-100.0,NR,175.4,296.4,-41.0,D,2026-08-11 07:08:55.288715
2026-08-10,2026-06-01,2026-08-10,district,N. I. KARNATAKA,KARNATAKA,KOPPAL,8.5,3.2,166.0,LE,125.3,171.7,-27.0,D,2026-08-11 07:08:55.288715
2026-08-10,2026-06-01,2026-08-10,district,N. I. KARNATAKA,KARNATAKA,RAICHUR,0.0,4.2,-100.0,NR,180.7,202.0,-11.0,N,2026-08-11 07:08:55.288715
2026-08-10,2026-06-01,2026-08-10,district,N. I. KARNATAKA,KARNATAKA,VIJAYAPURA,0.1,2.2,-96.0,LD,151.9,182.3,-17.0,N,2026-08-11 07:08:55.288715
2026-08-10,2026-06-01,2026-08-10,district,N. I. KARNATAKA,KARNATAKA,YADGIR,0.0,4.6,-100.0,NR,241.1,260.7,-8.0,N,2026-08-11 07:08:55.288715
2026-08-10,2026-06-01,2026-08-10,district,NMMT,MANIPUR,BISHNUPUR,0.0,15.5,-100.0,NR,315.9,735.8,-57.0,D,2026-08-11 07:08:55.288715
2026-08-10,2026-06-01,2026-08-10,district,NMMT,MANIPUR,CHANDEL,4.2,15.5,-73.0,LD,394.9,735.8,-46.0,D,2026-08-11 07:08:55.288715
2026-08-10,2026-06-01,2026-08-10,district,NMMT,MANIPUR,CHURACHANDPUR,0.5,15.5,-97.0,LD,183.5,735.8,-75.0,LD,2026-08-11 07:08:55.288715
2026-08-10,2026-06-01,2026-08-10,district,NMMT,MANIPUR,IMPHAL EAST,4.4,5.2,-15.0,N,387.4,477.5,-19.0,N,2026-08-11 07:08:55.288715
2026-08-10,2026-06-01,2026-08-10,district,NMMT,MANIPUR,IMPHAL WEST,5.4,27.8,-81.0,LD,529.3,1099.1,-52.0,D,2026-08-11 07:08:55.288715
2026-08-10,2026-06-01,2026-08-10,district,NMMT,MANIPUR,SENAPATI,4.5,8.2,-45.0,D,477.2,508.2,-6.0,N,2026-08-11 07:08:55.288715
2026-08-10,2026-06-01,2026-08-10,district,NMMT,MANIPUR,TAMENGLONG,9.4,26.0,-64.0,LD,1350.6,2780.4,-51.0,D,2026-08-11 07:08:55.288715
2026-08-10,2026-06-01,2026-08-10,district,NMMT,MANIPUR,THOUBAL,5.8,5.2,12.0,N,255.9,477.5,-46.0,D,2026-08-11 07:08:55.288715
2026-08-10,2026-06-01,2026-08-10,district,NMMT,MANIPUR,UKHRUL,22.4,7.4,203.0,LE,713.6,718.1,-1.0,N,2026-08-11 07:08:55.288715
2026-08-10,2026-06-01,2026-08-10,district,NMMT,MIZORAM,AIZAWL,11.3,13.6,-17.0,N,793.6,951.1,-17.0,N,2026-08-11 07:08:55.288715
2026-08-10,2026-06-01,2026-08-10,district,NMMT,MIZORAM,CHAMPHAI,8.0,12.0,-33.0,D,729.4,783.8,-7.0,N,2026-08-11 07:08:55.288715
2026-08-10,2026-06-01,2026-08-10,district,NMMT,MIZORAM,KOLASIB,16.1,16.9,-5.0,N,839.6,1036.0,-19.0,N,2026-08-11 07:08:55.288715
2026-08-10,2026-06-01,2026-08-10,district,NMMT,MIZORAM,LAWNGTLAI,17.3,7.3,137.0,LE,913.5,1064.0,-14.0,N,2026-08-11 07:08:55.288715
2026-08-10,2026-06-01,2026-08-10,district,NMMT,MIZORAM,LUNGLEI,28.1,13.0,116.0,LE,844.5,1070.3,-21.0,D,2026-08-11 07:08:55.288715
2026-08-10,2026-06-01,2026-08-10,district,NMMT,MIZORAM,MAMIT,5.6,11.8,-53.0,D,517.3,930.8,-44.0,D,2026-08-11 07:08:55.288715
2026-08-10,2026-06-01,2026-08-10,district,NMMT,MIZORAM,SAIHA,27.5,8.2,235.0,LE,808.7,1089.0,-26.0,D,2026-08-11 07:08:55.288715
2026-08-10,2026-06-01,2026-08-10,district,NMMT,MIZORAM,SERCHHIP,10.3,12.2,-15.0,N,929.6,940.7,-1.0,N,2026-08-11 07:08:55.288715
2026-08-10,2026-06-01,2026-08-10,district,NMMT,NAGALAND,DIMAPUR,17.2,7.8,121.0,LE,483.1,509.8,-5.0,N,2026-08-11 07:08:55.288715
2026-08-10,2026-06-01,2026-08-10,district,NMMT,NAGALAND,KIPHIRE,1.5,5.9,-75.0,LD,522.2,375.2,39.0,E,2026-08-11 07:08:55.288715
2026-08-10,2026-06-01,2026-08-10,district,NMMT,NAGALAND,KOHIMA,8.5,17.0,-50.0,D,730.0,732.5,0.0,N,2026-08-11 07:08:55.288715
2026-08-10,2026-06-01,2026-08-10,district,NMMT,NAGALAND,MOKOKCHUNG,21.5,7.8,176.0,LE,1057.4,888.9,19.0,N,2026-08-11 07:08:55.288715
2026-08-10,2026-06-01,2026-08-10,district,NMMT,NAGALAND,PEREN,8.2,3.6,128.0,LE,544.1,542.3,0.0,N,2026-08-11 07:08:55.288715
2026-08-10,2026-06-01,2026-08-10,district,NMMT,NAGALAND,PHEK,5.0,5.3,-7.0,N,470.1,525.9,-11.0,N,2026-08-11 07:08:55.288715
2026-08-10,2026-06-01,2026-08-10,district,NMMT,NAGALAND,WOKHA,10.6,13.6,-22.0,D,806.8,769.3,5.0,N,2026-08-11 07:08:55.288715
2026-08-10,2026-06-01,2026-08-10,district,NMMT,TRIPURA,DHALAI,2.8,5.6,-51.0,D,795.6,852.9,-7.0,N,2026-08-11 07:08:55.288715
2026-08-10,2026-06-01,2026-08-10,district,NMMT,TRIPURA,GOMATI,16.5,6.6,150.0,LE,687.9,933.3,-26.0,D,2026-08-11 07:08:55.288715
2026-08-10,2026-06-01,2026-08-10,district,NMMT,TRIPURA,KHOWAI,0.6,6.1,-91.0,LD,785.0,849.9,-8.0,N,2026-08-11 07:08:55.288715
2026-08-10,2026-06-01,2026-08-10,district,NMMT,TRIPURA,NORTH TRIPURA,1.9,8.9,-79.0,LD,719.5,866.9,-17.0,N,2026-08-11 07:08:55.288715
2026-08-10,2026-06-01,2026-08-10,district,NMMT,TRIPURA,SIPAHIJALA,5.5,5.8,-6.0,N,745.8,873.5,-15.0,N,2026-08-11 07:08:55.288715
2026-08-10,2026-06-01,2026-08-10,district,NMMT,TRIPURA,SOUTH TRIPURA,4.0,10.9,-63.0,LD,761.9,1136.6,-33.0,D,2026-08-11 07:08:55.288715
2026-08-10,2026-06-01,2026-08-10,district,NMMT,TRIPURA,UNAKOTI,0.9,8.6,-90.0,LD,888.9,915.7,-3.0,N,2026-08-11 07:08:55.288715
2026-08-10,2026-06-01,2026-08-10,district,NMMT,TRIPURA,WEST TRIPURA,7.2,6.1,17.0,N,836.1,791.7,6.0,N,2026-08-11 07:08:55.288715
2026-08-10,2026-06-01,2026-08-10,district,ODISHA,ODISHA,ANGUL,11.3,8.1,39.0,E,961.6,664.6,45.0,E,2026-08-11 07:08:55.288715
2026-08-10,2026-06-01,2026-08-10,district,ODISHA,ODISHA,BALANGIR,2.5,12.1,-79.0,LD,1035.4,647.8,60.0,LE,2026-08-11 07:08:55.288715
2026-08-10,2026-06-01,2026-08-10,district,ODISHA,ODISHA,BALASORE,5.3,10.6,-50.0,D,992.6,679.5,46.0,E,2026-08-11 07:08:55.288715
2026-08-10,2026-06-01,2026-08-10,district,ODISHA,ODISHA,BARGARH,0.6,9.0,-93.0,LD,1341.3,723.7,85.0,LE,2026-08-11 07:08:55.288715
2026-08-10,2026-06-01,2026-08-10,district,ODISHA,ODISHA,BHADRAK,4.5,9.5,-52.0,D,899.4,617.0,46.0,E,2026-08-11 07:08:55.288715
2026-08-10,2026-06-01,2026-08-10,district,ODISHA,ODISHA,BOUDH,3.5,7.1,-51.0,D,1396.0,607.9,130.0,LE,2026-08-11 07:08:55.288715
2026-08-10,2026-06-01,2026-08-10,district,ODISHA,ODISHA,CUTTACK,9.5,8.2,16.0,N,1039.9,650.1,60.0,LE,2026-08-11 07:08:55.288715
2026-08-10,2026-06-01,2026-08-10,district,ODISHA,ODISHA,DEOGARH,0.8,11.1,-93.0,LD,946.9,687.6,38.0,E,2026-08-11 07:08:55.288715
2026-08-10,2026-06-01,2026-08-10,district,ODISHA,ODISHA,DHENKANAL,15.9,9.3,71.0,LE,1081.5,646.7,67.0,LE,2026-08-11 07:08:55.288715
2026-08-10,2026-06-01,2026-08-10,district,ODISHA,ODISHA,GAJAPATI,5.4,7.9,-32.0,D,365.0,520.8,-30.0,D,2026-08-11 07:08:55.288715
2026-08-10,2026-06-01,2026-08-10,district,ODISHA,ODISHA,GANJAM,26.0,7.9,229.0,LE,468.4,496.2,-6.0,N,2026-08-11 07:08:55.288715
2026-08-10,2026-06-01,2026-08-10,district,ODISHA,ODISHA,JAGATSINGHPUR,8.7,9.4,-8.0,N,873.6,587.5,49.0,E,2026-08-11 07:08:55.288715
2026-08-10,2026-06-01,2026-08-10,district,ODISHA,ODISHA,JAJPUR,8.3,10.2,-18.0,N,945.5,707.7,34.0,E,2026-08-11 07:08:55.288715
2026-08-10,2026-06-01,2026-08-10,district,ODISHA,ODISHA,JHARSUGUDA,2.7,14.0,-81.0,LD,824.0,719.1,15.0,N,2026-08-11 07:08:55.288715
2026-08-10,2026-06-01,2026-08-10,district,ODISHA,ODISHA,KALAHANDI,6.4,12.6,-49.0,D,703.6,841.3,-16.0,N,2026-08-11 07:08:55.288715
2026-08-10,2026-06-01,2026-08-10,district,ODISHA,ODISHA,KANDHAMAL,2.3,11.8,-81.0,LD,929.9,653.3,42.0,E,2026-08-11 07:08:55.288715
2026-08-10,2026-06-01,2026-08-10,district,ODISHA,ODISHA,KENDRAPARA,10.9,8.5,28.0,E,1058.9,623.7,70.0,LE,2026-08-11 07:08:55.288715
2026-08-10,2026-06-01,2026-08-10,district,ODISHA,ODISHA,KEONJHARGARH,8.5,8.5,0.0,N,995.1,671.9,48.0,E,2026-08-11 07:08:55.288715
2026-08-10,2026-06-01,2026-08-10,district,ODISHA,ODISHA,KHURDA,34.6,8.5,307.0,LE,838.6,616.1,36.0,E,2026-08-11 07:08:55.288715
2026-08-10,2026-06-01,2026-08-10,district,ODISHA,ODISHA,KORAPUT,5.7,10.9,-47.0,D,672.5,737.5,-9.0,N,2026-08-11 07:08:55.288715
2026-08-10,2026-06-01,2026-08-10,district,ODISHA,ODISHA,MALKANGIRI,5.3,9.9,-46.0,D,598.0,752.4,-21.0,D,2026-08-11 07:08:55.288715
2026-08-10,2026-06-01,2026-08-10,district,ODISHA,ODISHA,MAYURBHANJ,1.8,11.7,-85.0,LD,807.0,713.3,13.0,N,2026-08-11 07:08:55.288715
2026-08-10,2026-06-01,2026-08-10,district,ODISHA,ODISHA,NAWAPARA,0.4,9.9,-96.0,LD,840.5,603.7,39.0,E,2026-08-11 07:08:55.288715
2026-08-10,2026-06-01,2026-08-10,district,ODISHA,ODISHA,NAWARANGPUR,13.8,16.4,-16.0,N,594.0,819.9,-28.0,D,2026-08-11 07:08:55.288715
2026-08-10,2026-06-01,2026-08-10,district,ODISHA,ODISHA,NAYAGARH,11.6,9.0,29.0,E,859.3,628.7,37.0,E,2026-08-11 07:08:55.288715
2026-08-10,2026-06-01,2026-08-10,district,ODISHA,ODISHA,PURI,12.6,11.1,14.0,N,865.8,564.2,53.0,E,2026-08-11 07:08:55.288715
2026-08-10,2026-06-01,2026-08-10,district,ODISHA,ODISHA,RAYAGADA,10.2,8.7,18.0,N,507.9,582.4,-13.0,N,2026-08-11 07:08:55.288715
2026-08-10,2026-06-01,2026-08-10,district,ODISHA,ODISHA,SAMBALPUR,1.3,10.4,-87.0,LD,1113.0,765.2,45.0,E,2026-08-11 07:08:55.288715
2026-08-10,2026-06-01,2026-08-10,district,ODISHA,ODISHA,SONEPUR,2.6,8.1,-68.0,LD,1437.5,698.6,106.0,LE,2026-08-11 07:08:55.288715
2026-08-10,2026-06-01,2026-08-10,district,ODISHA,ODISHA,SUNDARGARH,5.0,9.9,-49.0,D,806.4,726.2,11.0,N,2026-08-11 07:08:55.288715
2026-08-10,2026-06-01,2026-08-10,district,PUNJAB,PUNJAB,AMRITSAR,0.1,6.2,-98.0,LD,290.6,290.6,0.0,N,2026-08-11 07:08:55.288715
2026-08-10,2026-06-01,2026-08-10,district,PUNJAB,PUNJAB,BARNALA,0.0,2.3,-100.0,NR,103.3,237.0,-56.0,D,2026-08-11 07:08:55.288715
2026-08-10,2026-06-01,2026-08-10,district,PUNJAB,PUNJAB,BHATINDA,16.5,4.2,293.0,LE,105.0,196.4,-47.0,D,2026-08-11 07:08:55.288715
2026-08-10,2026-06-01,2026-08-10,district,PUNJAB,PUNJAB,FARIDKOT,2.6,1.9,34.0,E,207.6,192.7,8.0,N,2026-08-11 07:08:55.288715
2026-08-10,2026-06-01,2026-08-10,district,PUNJAB,PUNJAB,FATEHGARH SAHIB,0.0,6.3,-100.0,NR,96.2,305.4,-68.0,LD,2026-08-11 07:08:55.288715
2026-08-10,2026-06-01,2026-08-10,district,PUNJAB,PUNJAB,FAZILKA,8.0,0.3,2567.0,LE,106.3,169.4,-37.0,D,2026-08-11 07:08:55.288715
2026-08-10,2026-06-01,2026-08-10,district,PUNJAB,PUNJAB,FEROZEPUR,2.2,1.6,35.0,E,120.1,161.7,-26.0,D,2026-08-11 07:08:55.288715
2026-08-10,2026-06-01,2026-08-10,district,PUNJAB,PUNJAB,GURDASPUR,2.2,10.7,-80.0,LD,488.1,399.9,22.0,E,2026-08-11 07:08:55.288715
2026-08-10,2026-06-01,2026-08-10,district,PUNJAB,PUNJAB,HOSHIARPUR,1.5,9.8,-85.0,LD,128.5,391.3,-67.0,LD,2026-08-11 07:08:55.288715
2026-08-10,2026-06-01,2026-08-10,district,PUNJAB,PUNJAB,JALANDHAR,0.0,9.1,-100.0,NR,217.7,330.8,-34.0,D,2026-08-11 07:08:55.288715
2026-08-10,2026-06-01,2026-08-10,district,PUNJAB,PUNJAB,KAPURTHALA,0.0,4.9,-100.0,NR,125.6,276.9,-55.0,D,2026-08-11 07:08:55.288715
2026-08-10,2026-06-01,2026-08-10,district,PUNJAB,PUNJAB,LUDHIANA,0.0,7.2,-100.0,NR,190.2,285.1,-33.0,D,2026-08-11 07:08:55.288715
2026-08-10,2026-06-01,2026-08-10,district,PUNJAB,PUNJAB,MANSA,0.0,5.4,-100.0,NR,53.8,178.0,-70.0,LD,2026-08-11 07:08:55.288715
2026-08-10,2026-06-01,2026-08-10,district,PUNJAB,PUNJAB,MOGA,14.2,3.9,264.0,LE,136.9,180.9,-24.0,D,2026-08-11 07:08:55.288715
2026-08-10,2026-06-01,2026-08-10,district,PUNJAB,PUNJAB,MUKTSAR,7.8,1.8,333.0,LE,90.8,207.6,-56.0,D,2026-08-11 07:08:55.288715
2026-08-10,2026-06-01,2026-08-10,district,PUNJAB,PUNJAB,PATHANKOT,0.1,13.7,-99.0,LD,683.5,600.3,14.0,N,2026-08-11 07:08:55.288715
2026-08-10,2026-06-01,2026-08-10,district,PUNJAB,PUNJAB,PATIALA,0.0,5.4,-100.0,NR,195.4,333.1,-41.0,D,2026-08-11 07:08:55.288715
2026-08-10,2026-06-01,2026-08-10,district,PUNJAB,PUNJAB,RUPNAGAR,0.0,11.4,-100.0,NR,317.8,489.5,-35.0,D,2026-08-11 07:08:55.288715
2026-08-10,2026-06-01,2026-08-10,district,PUNJAB,PUNJAB,SANGRUR,0.0,4.9,-100.0,NR,122.8,241.4,-49.0,D,2026-08-11 07:08:55.288715
2026-08-10,2026-06-01,2026-08-10,district,PUNJAB,PUNJAB,SAS NAGAR (MOHALI),0.0,7.6,-100.0,NR,176.8,384.4,-54.0,D,2026-08-11 07:08:55.288715
2026-08-10,2026-06-01,2026-08-10,district,PUNJAB,PUNJAB,SBS NAGAR,0.0,8.4,-100.0,NR,242.8,482.3,-50.0,D,2026-08-11 07:08:55.288715
2026-08-10,2026-06-01,2026-08-10,district,PUNJAB,PUNJAB,TARN TARAN,0.0,3.6,-100.0,NR,113.6,172.5,-34.0,D,2026-08-11 07:08:55.288715
2026-08-10,2026-06-01,2026-08-10,district,RAYALASEEMA,ANDHRA PRADESH,ANANTAPURAMU,0.3,2.2,-84.0,LD,133.9,146.3,-8.0,N,2026-08-11 07:08:55.288715
2026-08-10,2026-06-01,2026-08-10,district,RAYALASEEMA,ANDHRA PRADESH,ANNAMAYYA DISTRICT,0.0,5.0,-100.0,NR,76.7,186.4,-59.0,D,2026-08-11 07:08:55.288715
2026-08-10,2026-06-01,2026-08-10,district,RAYALASEEMA,ANDHRA PRADESH,CHITTOOR,0.4,3.2,-87.0,LD,107.3,215.0,-50.0,D,2026-08-11 07:08:55.288715
2026-08-10,2026-06-01,2026-08-10,district,RAYALASEEMA,ANDHRA PRADESH,KURNOOL,0.0,4.2,-100.0,NR,176.9,219.7,-19.0,N,2026-08-11 07:08:55.288715
2026-08-10,2026-06-01,2026-08-10,district,RAYALASEEMA,ANDHRA PRADESH,NANDYAL,0.0,6.4,-100.0,NR,184.0,263.1,-30.0,D,2026-08-11 07:08:55.288715
2026-08-10,2026-06-01,2026-08-10,district,RAYALASEEMA,ANDHRA PRADESH,SRI SATHYASAI DISTRICT,0.0,2.2,-100.0,NR,96.6,141.9,-32.0,D,2026-08-11 07:08:55.288715
2026-08-10,2026-06-01,2026-08-10,district,RAYALASEEMA,ANDHRA PRADESH,TIRUPATI,0.0,3.8,-100.0,NR,156.1,226.0,-31.0,D,2026-08-11 07:08:55.288715
2026-08-10,2026-06-01,2026-08-10,district,RAYALASEEMA,ANDHRA PRADESH,YSR DISTRICT,0.9,4.3,-78.0,LD,130.7,193.5,-32.0,D,2026-08-11 07:08:55.288715
2026-08-10,2026-06-01,2026-08-10,district,S. I. KARNATAKA,KARNATAKA,BALLARI,0.5,3.5,-87.0,LD,100.9,164.2,-39.0,D,2026-08-11 07:08:55.288715
2026-08-10,2026-06-01,2026-08-10,district,S. I. KARNATAKA,KARNATAKA,BENGALURU RURAL,0.0,4.3,-100.0,NR,162.4,188.2,-14.0,N,2026-08-11 07:08:55.288715
2026-08-10,2026-06-01,2026-08-10,district,S. I. KARNATAKA,KARNATAKA,BENGALURU URBAN,3.3,3.6,-8.0,N,95.3,191.8,-50.0,D,2026-08-11 07:08:55.288715
2026-08-10,2026-06-01,2026-08-10,district,S. I. KARNATAKA,KARNATAKA,CHAMARAJANAGAR,0.0,2.2,-100.0,NR,118.5,157.3,-25.0,D,2026-08-11 07:08:55.288715
2026-08-10,2026-06-01,2026-08-10,district,S. I. KARNATAKA,KARNATAKA,CHIKABALLAPURA,2.1,4.1,-49.0,D,138.6,184.0,-25.0,D,2026-08-11 07:08:55.288715
2026-08-10,2026-06-01,2026-08-10,district,S. I. KARNATAKA,KARNATAKA,CHIKKAMAGALURU,4.7,18.6,-75.0,LD,1061.8,1070.7,-1.0,N,2026-08-11 07:08:55.288715
2026-08-10,2026-06-01,2026-08-10,district,S. I. KARNATAKA,KARNATAKA,CHITRADURGA,1.1,2.0,-47.0,D,112.2,136.1,-18.0,N,2026-08-11 07:08:55.288715
2026-08-10,2026-06-01,2026-08-10,district,S. I. KARNATAKA,KARNATAKA,DAVANGERE,1.6,3.6,-54.0,D,190.9,209.4,-9.0,N,2026-08-11 07:08:55.288715
2026-08-10,2026-06-01,2026-08-10,district,S. I. KARNATAKA,KARNATAKA,HASSAN,0.0,6.0,-100.0,NR,173.5,440.3,-61.0,LD,2026-08-11 07:08:55.288715
2026-08-10,2026-06-01,2026-08-10,district,S. I. KARNATAKA,KARNATAKA,KODAGU,8.9,22.9,-61.0,LD,1250.4,1654.5,-24.0,D,2026-08-11 07:08:55.288715
2026-08-10,2026-06-01,2026-08-10,district,S. I. KARNATAKA,KARNATAKA,KOLAR,0.0,2.6,-100.0,NR,100.0,181.5,-45.0,D,2026-08-11 07:08:55.288715
2026-08-10,2026-06-01,2026-08-10,district,S. I. KARNATAKA,KARNATAKA,MANDYA,0.7,1.6,-58.0,D,82.0,127.2,-36.0,D,2026-08-11 07:08:55.288715
2026-08-10,2026-06-01,2026-08-10,district,S. I. KARNATAKA,KARNATAKA,MYSURU,0.0,3.1,-100.0,NR,108.7,208.1,-48.0,D,2026-08-11 07:08:55.288715
2026-08-10,2026-06-01,2026-08-10,district,S. I. KARNATAKA,KARNATAKA,SHIVAMOGGA,4.1,17.7,-77.0,LD,1213.0,1189.5,2.0,N,2026-08-11 07:08:55.288715
2026-08-10,2026-06-01,2026-08-10,district,S. I. KARNATAKA,KARNATAKA,TUMAKURU,5.1,2.7,90.0,LE,99.6,161.1,-38.0,D,2026-08-11 07:08:55.288715
2026-08-10,2026-06-01,2026-08-10,district,S. I. KARNATAKA,KARNATAKA,VIJAYANAGARA,0.0,2.9,-100.0,NR,97.6,182.9,-47.0,D,2026-08-11 07:08:55.288715
2026-08-10,2026-06-01,2026-08-10,district,SAURASHTRA & KUTCH,DADRA & NAGAR HAVELI AND DAMAN & DIU (UT),DIU,0.0,4.0,-100.0,NR,618.2,541.5,14.0,N,2026-08-11 07:08:55.288715
2026-08-10,2026-06-01,2026-08-10,district,SAURASHTRA & KUTCH,GUJARAT,AMRELI,0.0,4.0,-100.0,NR,485.2,382.3,27.0,E,2026-08-11 07:08:55.288715
2026-08-10,2026-06-01,2026-08-10,district,SAURASHTRA & KUTCH,GUJARAT,BHAVNAGAR,0.3,6.2,-95.0,LD,453.5,369.1,23.0,E,2026-08-11 07:08:55.288715
2026-08-10,2026-06-01,2026-08-10,district,SAURASHTRA & KUTCH,GUJARAT,BOTAD,0.0,12.4,-100.0,NR,417.7,355.3,18.0,N,2026-08-11 07:08:55.288715
2026-08-10,2026-06-01,2026-08-10,district,SAURASHTRA & KUTCH,GUJARAT,DEVBHOOMI DWARKA,0.3,6.7,-96.0,LD,56.1,387.4,-86.0,LD,2026-08-11 07:08:55.288715
2026-08-10,2026-06-01,2026-08-10,district,SAURASHTRA & KUTCH,GUJARAT,GIR SOMNATH,0.3,9.2,-96.0,LD,456.0,640.7,-29.0,D,2026-08-11 07:08:55.288715
2026-08-10,2026-06-01,2026-08-10,district,SAURASHTRA & KUTCH,GUJARAT,JAMNAGAR,0.0,7.3,-100.0,NR,213.3,431.9,-51.0,D,2026-08-11 07:08:55.288715
2026-08-10,2026-06-01,2026-08-10,district,SAURASHTRA & KUTCH,GUJARAT,JUNAGADH,0.0,10.9,-100.0,NR,583.1,634.1,-8.0,N,2026-08-11 07:08:55.288715
2026-08-10,2026-06-01,2026-08-10,district,SAURASHTRA & KUTCH,GUJARAT,KUTCH,0.0,8.7,-100.0,NR,135.5,253.2,-46.0,D,2026-08-11 07:08:55.288715
2026-08-10,2026-06-01,2026-08-10,district,SAURASHTRA & KUTCH,GUJARAT,MORBI,0.0,11.6,-100.0,NR,460.2,359.6,28.0,E,2026-08-11 07:08:55.288715
2026-08-10,2026-06-01,2026-08-10,district,SAURASHTRA & KUTCH,GUJARAT,PORBANDAR,0.0,6.9,-100.0,NR,156.1,488.9,-68.0,LD,2026-08-11 07:08:55.288715
2026-08-10,2026-06-01,2026-08-10,district,SAURASHTRA & KUTCH,GUJARAT,RAJKOT,0.0,9.1,-100.0,NR,349.3,429.1,-19.0,N,2026-08-11 07:08:55.288715
2026-08-10,2026-06-01,2026-08-10,district,SAURASHTRA & KUTCH,GUJARAT,SURENDRANAGAR,0.0,10.0,-100.0,NR,471.7,329.0,43.0,E,2026-08-11 07:08:55.288715
2026-08-10,2026-06-01,2026-08-10,district,SHWB & SIKKIM,SIKKIM,GANGTOK,36.3,17.5,107.0,LE,1326.9,1387.8,-4.0,N,2026-08-11 07:08:55.288715
2026-08-10,2026-06-01,2026-08-10,district,SHWB & SIKKIM,SIKKIM,GYALSHING,28.0,10.5,167.0,LE,1549.7,1114.3,39.0,E,2026-08-11 07:08:55.288715
2026-08-10,2026-06-01,2026-08-10,district,SHWB & SIKKIM,SIKKIM,MANGAN,22.8,14.4,58.0,E,907.6,975.6,-7.0,N,2026-08-11 07:08:55.288715
2026-08-10,2026-06-01,2026-08-10,district,SHWB & SIKKIM,SIKKIM,NAMCHI,29.8,13.6,119.0,LE,1375.5,1022.2,35.0,E,2026-08-11 07:08:55.288715
2026-08-10,2026-06-01,2026-08-10,district,SHWB & SIKKIM,SIKKIM,Pakyong,15.2,11.7,30.0,E,1130.7,1019.6,11.0,N,2026-08-11 07:08:55.288715
2026-08-10,2026-06-01,2026-08-10,district,SHWB & SIKKIM,SIKKIM,Soreng,24.5,10.5,133.0,LE,1635.0,1114.3,47.0,E,2026-08-11 07:08:55.288715
2026-08-10,2026-06-01,2026-08-10,district,SHWB & SIKKIM,WEST BENGAL,ALIPURDUAR,1.7,30.6,-94.0,LD,2026.3,1950.2,4.0,N,2026-08-11 07:08:55.288715
2026-08-10,2026-06-01,2026-08-10,district,SHWB & SIKKIM,WEST BENGAL,COOCH BEHAR,4.2,22.5,-81.0,LD,1595.7,1476.6,8.0,N,2026-08-11 07:08:55.288715
2026-08-10,2026-06-01,2026-08-10,district,SHWB & SIKKIM,WEST BENGAL,DARJEELING,4.7,19.7,-76.0,LD,1601.7,1739.2,-8.0,N,2026-08-11 07:08:55.288715
2026-08-10,2026-06-01,2026-08-10,district,SHWB & SIKKIM,WEST BENGAL,JALPAIGURI,3.6,24.5,-85.0,LD,1627.1,1885.1,-14.0,N,2026-08-11 07:08:55.288715
2026-08-10,2026-06-01,2026-08-10,district,SHWB & SIKKIM,WEST BENGAL,KALIMPONG,9.9,18.7,-47.0,D,1332.8,1545.4,-14.0,N,2026-08-11 07:08:55.288715
2026-08-10,2026-06-01,2026-08-10,district,SHWB & SIKKIM,WEST BENGAL,MALDA,3.5,6.8,-49.0,D,547.4,656.3,-17.0,N,2026-08-11 07:08:55.288715
2026-08-10,2026-06-01,2026-08-10,district,SHWB & SIKKIM,WEST BENGAL,NORTH DINAJPUR,15.4,6.5,137.0,LE,717.2,866.7,-17.0,N,2026-08-11 07:08:55.288715
2026-08-10,2026-06-01,2026-08-10,district,SHWB & SIKKIM,WEST BENGAL,SOUTH DINAJPUR,1.2,4.6,-74.0,LD,624.1,639.0,-2.0,N,2026-08-11 07:08:55.288715
2026-08-10,2026-06-01,2026-08-10,district,TAMIL. PUDU.& KARAIKAL,PUDUCHERRY (UT),KARAIKAL,33.0,0.4,8150.0,LE,181.0,123.9,46.0,E,2026-08-11 07:08:55.288715
2026-08-10,2026-06-01,2026-08-10,district,TAMIL. PUDU.& KARAIKAL,PUDUCHERRY (UT),PUDUCHERRY,1.6,3.0,-47.0,D,70.8,163.0,-57.0,D,2026-08-11 07:08:55.288715
2026-08-10,2026-06-01,2026-08-10,district,TAMIL. PUDU.& KARAIKAL,TAMILNADU,ARIYALUR,11.3,1.4,705.0,LE,120.1,116.3,3.0,N,2026-08-11 07:08:55.288715
2026-08-10,2026-06-01,2026-08-10,district,TAMIL. PUDU.& KARAIKAL,TAMILNADU,CHENGALPATTU,0.6,4.6,-87.0,LD,69.2,183.8,-62.0,LD,2026-08-11 07:08:55.288715
2026-08-10,2026-06-01,2026-08-10,district,TAMIL. PUDU.& KARAIKAL,TAMILNADU,CHENNAI,6.1,5.0,22.0,E,201.9,214.1,-6.0,N,2026-08-11 07:08:55.288715
2026-08-10,2026-06-01,2026-08-10,district,TAMIL. PUDU.& KARAIKAL,TAMILNADU,COIMBATORE,5.8,6.4,-10.0,N,501.8,455.3,10.0,N,2026-08-11 07:08:55.288715
2026-08-10,2026-06-01,2026-08-10,district,TAMIL. PUDU.& KARAIKAL,TAMILNADU,CUDDALORE,2.5,2.3,8.0,N,152.6,146.6,4.0,N,2026-08-11 07:08:55.288715
2026-08-10,2026-06-01,2026-08-10,district,TAMIL. PUDU.& KARAIKAL,TAMILNADU,DHARMAPURI,0.0,2.0,-100.0,NR,113.3,140.8,-20.0,D,2026-08-11 07:08:55.288715
2026-08-10,2026-06-01,2026-08-10,district,TAMIL. PUDU.& KARAIKAL,TAMILNADU,DINDIGUL,5.1,1.6,220.0,LE,82.6,108.6,-24.0,D,2026-08-11 07:08:55.288715
2026-08-10,2026-06-01,2026-08-10,district,TAMIL. PUDU.& KARAIKAL,TAMILNADU,ERODE,0.0,1.4,-100.0,NR,79.9,107.5,-26.0,D,2026-08-11 07:08:55.288715
2026-08-10,2026-06-01,2026-08-10,district,TAMIL. PUDU.& KARAIKAL,TAMILNADU,KALLAKURICHI,0.6,3.1,-80.0,LD,115.1,158.4,-27.0,D,2026-08-11 07:08:55.288715
2026-08-10,2026-06-01,2026-08-10,district,TAMIL. PUDU.& KARAIKAL,TAMILNADU,KANCHEEPURAM,2.9,3.9,-26.0,D,154.4,213.6,-28.0,D,2026-08-11 07:08:55.288715
2026-08-10,2026-06-01,2026-08-10,district,TAMIL. PUDU.& KARAIKAL,TAMILNADU,KANYAKUMARI,0.1,3.5,-96.0,LD,357.9,315.5,13.0,N,2026-08-11 07:08:55.288715
2026-08-10,2026-06-01,2026-08-10,district,TAMIL. PUDU.& KARAIKAL,TAMILNADU,KARUR,0.0,1.2,-100.0,NR,35.6,57.3,-38.0,D,2026-08-11 07:08:55.288715
2026-08-10,2026-06-01,2026-08-10,district,TAMIL. PUDU.& KARAIKAL,TAMILNADU,KRISHNAGIRI,1.4,2.0,-31.0,D,106.2,129.2,-18.0,N,2026-08-11 07:08:55.288715
2026-08-10,2026-06-01,2026-08-10,district,TAMIL. PUDU.& KARAIKAL,TAMILNADU,MADURAI,6.4,2.1,205.0,LE,79.3,112.6,-30.0,D,2026-08-11 07:08:55.288715
2026-08-10,2026-06-01,2026-08-10,district,TAMIL. PUDU.& KARAIKAL,TAMILNADU,MAYILADUTHURAI,8.5,1.9,350.0,LE,93.5,119.9,-22.0,D,2026-08-11 07:08:55.288715
2026-08-10,2026-06-01,2026-08-10,district,TAMIL. PUDU.& KARAIKAL,TAMILNADU,NAGAPATTINAM,0.0,1.6,-100.0,NR,45.2,98.6,-54.0,D,2026-08-11 07:08:55.288715
2026-08-10,2026-06-01,2026-08-10,district,TAMIL. PUDU.& KARAIKAL,TAMILNADU,NAMAKKAL,0.3,2.0,-86.0,LD,48.6,123.0,-61.0,LD,2026-08-11 07:08:55.288715
2026-08-10,2026-06-01,2026-08-10,district,TAMIL. PUDU.& KARAIKAL,TAMILNADU,NILGIRIS,0.8,9.2,-91.0,LD,377.6,525.8,-28.0,D,2026-08-11 07:08:55.288715
2026-08-10,2026-06-01,2026-08-10,district,TAMIL. PUDU.& KARAIKAL,TAMILNADU,PERAMBALUR,2.8,1.1,156.0,LE,103.3,86.4,20.0,E,2026-08-11 07:08:55.288715
2026-08-10,2026-06-01,2026-08-10,district,TAMIL. PUDU.& KARAIKAL,TAMILNADU,PUDUKKOTTAI,3.6,1.9,92.0,LE,115.3,114.2,1.0,N,2026-08-11 07:08:55.288715
2026-08-10,2026-06-01,2026-08-10,district,TAMIL. PUDU.& KARAIKAL,TAMILNADU,RAMANATHAPURAM,5.8,1.4,318.0,LE,17.3,48.2,-64.0,LD,2026-08-11 07:08:55.288715
2026-08-10,2026-06-01,2026-08-10,district,TAMIL. PUDU.& KARAIKAL,TAMILNADU,RANIPET,0.6,3.6,-85.0,LD,175.6,214.1,-18.0,N,2026-08-11 07:08:55.288715
2026-08-10,2026-06-01,2026-08-10,district,TAMIL. PUDU.& KARAIKAL,TAMILNADU,SALEM,1.0,3.2,-68.0,LD,111.9,162.1,-31.0,D,2026-08-11 07:08:55.288715
2026-08-10,2026-06-01,2026-08-10,district,TAMIL. PUDU.& KARAIKAL,TAMILNADU,SIVAGANGA,11.0,3.1,254.0,LE,117.8,144.2,-18.0,N,2026-08-11 07:08:55.288715
2026-08-10,2026-06-01,2026-08-10,district,TAMIL. PUDU.& KARAIKAL,TAMILNADU,TENKASI,0.3,1.5,-82.0,LD,160.3,101.3,58.0,E,2026-08-11 07:08:55.288715
2026-08-10,2026-06-01,2026-08-10,district,TAMIL. PUDU.& KARAIKAL,TAMILNADU,THANJAVUR,2.5,2.1,21.0,E,94.1,113.7,-17.0,N,2026-08-11 07:08:55.288715
2026-08-10,2026-06-01,2026-08-10,district,TAMIL. PUDU.& KARAIKAL,TAMILNADU,THENI,4.8,1.6,200.0,LE,140.1,99.6,41.0,E,2026-08-11 07:08:55.288715
2026-08-10,2026-06-01,2026-08-10,district,TAMIL. PUDU.& KARAIKAL,TAMILNADU,THIRUCHIRAPALLI,0.2,0.7,-74.0,LD,72.2,90.1,-20.0,D,2026-08-11 07:08:55.288715
2026-08-10,2026-06-01,2026-08-10,district,TAMIL. PUDU.& KARAIKAL,TAMILNADU,THIRUVALLUR,2.1,3.2,-33.0,D,181.4,214.3,-15.0,N,2026-08-11 07:08:55.288715
2026-08-10,2026-06-01,2026-08-10,district,TAMIL. PUDU.& KARAIKAL,TAMILNADU,THOOTHUKUDI,1.8,0.1,1661.0,LE,9.7,19.5,-50.0,D,2026-08-11 07:08:55.288715
2026-08-10,2026-06-01,2026-08-10,district,TAMIL. PUDU.& KARAIKAL,TAMILNADU,TIRUNELVELI,0.0,0.5,-100.0,NR,349.3,45.0,676.0,LE,2026-08-11 07:08:55.288715
2026-08-10,2026-06-01,2026-08-10,district,TAMIL. PUDU.& KARAIKAL,TAMILNADU,TIRUPATTUR,0.0,2.2,-100.0,NR,83.5,176.1,-53.0,D,2026-08-11 07:08:55.288715
2026-08-10,2026-06-01,2026-08-10,district,TAMIL. PUDU.& KARAIKAL,TAMILNADU,TIRUPPUR,0.0,0.4,-100.0,NR,24.1,50.2,-52.0,D,2026-08-11 07:08:55.288715
2026-08-10,2026-06-01,2026-08-10,district,TAMIL. PUDU.& KARAIKAL,TAMILNADU,TIRUVANNAMALAI,2.0,3.6,-44.0,D,124.3,186.9,-34.0,D,2026-08-11 07:08:55.288715
2026-08-10,2026-06-01,2026-08-10,district,TAMIL. PUDU.& KARAIKAL,TAMILNADU,TIRUVARUR,1.8,1.7,5.0,N,109.4,113.8,-4.0,N,2026-08-11 07:08:55.288715
2026-08-10,2026-06-01,2026-08-10,district,TAMIL. PUDU.& KARAIKAL,TAMILNADU,VELLORE,0.0,3.8,-100.0,NR,131.0,193.8,-32.0,D,2026-08-11 07:08:55.288715
2026-08-10,2026-06-01,2026-08-10,district,TAMIL. PUDU.& KARAIKAL,TAMILNADU,VILLUPURAM,1.4,4.8,-71.0,LD,114.6,169.3,-32.0,D,2026-08-11 07:08:55.288715
2026-08-10,2026-06-01,2026-08-10,district,TAMIL. PUDU.& KARAIKAL,TAMILNADU,VIRUDHUNAGAR,3.9,1.1,253.0,LE,62.2,66.2,-6.0,N,2026-08-11 07:08:55.288715
2026-08-10,2026-06-01,2026-08-10,district,TELANGANA,TELANGANA,ADILABAD,0.0,15.2,-100.0,NR,543.5,600.3,-9.0,N,2026-08-11 07:08:55.288715
2026-08-10,2026-06-01,2026-08-10,district,TELANGANA,TELANGANA,B. KOTHAGUDEM,0.8,13.4,-94.0,LD,455.9,576.8,-21.0,D,2026-08-11 07:08:55.288715
2026-08-10,2026-06-01,2026-08-10,district,TELANGANA,TELANGANA,HANUMAKONDA,4.4,10.1,-57.0,D,251.8,400.2,-37.0,D,2026-08-11 07:08:55.288715
2026-08-10,2026-06-01,2026-08-10,district,TELANGANA,TELANGANA,HYDERABAD,0.4,11.1,-96.0,LD,261.3,342.8,-24.0,D,2026-08-11 07:08:55.288715
2026-08-10,2026-06-01,2026-08-10,district,TELANGANA,TELANGANA,J. BHUPALPALLY,3.0,11.7,-75.0,LD,630.7,581.5,8.0,N,2026-08-11 07:08:55.288715
2026-08-10,2026-06-01,2026-08-10,district,TELANGANA,TELANGANA,JAGTIAL,0.9,10.1,-91.0,LD,605.7,488.4,24.0,E,2026-08-11 07:08:55.288715
2026-08-10,2026-06-01,2026-08-10,district,TELANGANA,TELANGANA,JANGAON,1.2,9.7,-88.0,LD,244.6,392.1,-38.0,D,2026-08-11 07:08:55.288715
2026-08-10,2026-06-01,2026-08-10,district,TELANGANA,TELANGANA,JOGULAMBA GADWAL,0.4,4.9,-92.0,LD,169.8,238.4,-29.0,D,2026-08-11 07:08:55.288715
2026-08-10,2026-06-01,2026-08-10,district,TELANGANA,TELANGANA,KAMAREDDY,1.3,14.2,-91.0,LD,619.7,455.4,36.0,E,2026-08-11 07:08:55.288715
2026-08-10,2026-06-01,2026-08-10,district,TELANGANA,TELANGANA,KARIMNAGAR,5.8,12.0,-52.0,D,409.9,414.3,-1.0,N,2026-08-11 07:08:55.288715
2026-08-10,2026-06-01,2026-08-10,district,TELANGANA,TELANGANA,KHAMMAM,0.8,13.9,-94.0,LD,364.5,454.3,-20.0,D,2026-08-11 07:08:55.288715
2026-08-10,2026-06-01,2026-08-10,district,TELANGANA,TELANGANA,KUMARAM BHEEM,0.1,12.4,-99.0,LD,772.8,597.2,29.0,E,2026-08-11 07:08:55.288715
2026-08-10,2026-06-01,2026-08-10,district,TELANGANA,TELANGANA,M. MALKAJGIRI,1.0,8.5,-88.0,LD,180.9,277.9,-35.0,D,2026-08-11 07:08:55.288715
2026-08-10,2026-06-01,2026-08-10,district,TELANGANA,TELANGANA,MAHABUBABAD,1.0,14.1,-93.0,LD,430.8,513.7,-16.0,N,2026-08-11 07:08:55.288715
2026-08-10,2026-06-01,2026-08-10,district,TELANGANA,TELANGANA,MAHABUBNAGAR,0.0,5.2,-99.0,LD,275.7,278.2,-1.0,N,2026-08-11 07:08:55.288715
2026-08-10,2026-06-01,2026-08-10,district,TELANGANA,TELANGANA,MANCHERIAL,0.4,10.0,-96.0,LD,707.0,583.0,21.0,E,2026-08-11 07:08:55.288715
2026-08-10,2026-06-01,2026-08-10,district,TELANGANA,TELANGANA,MEDAK,3.4,17.2,-80.0,LD,507.3,465.1,9.0,N,2026-08-11 07:08:55.288715
2026-08-10,2026-06-01,2026-08-10,district,TELANGANA,TELANGANA,MULUGU,2.7,12.6,-78.0,LD,703.1,603.6,16.0,N,2026-08-11 07:08:55.288715
2026-08-10,2026-06-01,2026-08-10,district,TELANGANA,TELANGANA,NAGARKURNOOL,0.1,5.1,-97.0,LD,207.2,250.3,-17.0,N,2026-08-11 07:08:55.288715
2026-08-10,2026-06-01,2026-08-10,district,TELANGANA,TELANGANA,NALGONDA,1.6,5.4,-71.0,LD,153.2,259.8,-41.0,D,2026-08-11 07:08:55.288715
2026-08-10,2026-06-01,2026-08-10,district,TELANGANA,TELANGANA,NARAYANPET,0.0,3.8,-99.0,LD,277.9,245.8,13.0,N,2026-08-11 07:08:55.288715
2026-08-10,2026-06-01,2026-08-10,district,TELANGANA,TELANGANA,NIRMAL,0.3,12.6,-98.0,LD,333.9,549.9,-39.0,D,2026-08-11 07:08:55.288715
2026-08-10,2026-06-01,2026-08-10,district,TELANGANA,TELANGANA,NIZAMABAD,5.7,12.0,-53.0,D,523.1,497.8,5.0,N,2026-08-11 07:08:55.288715
2026-08-10,2026-06-01,2026-08-10,district,TELANGANA,TELANGANA,PEDDAPALLE,1.1,14.0,-92.0,LD,535.3,540.6,-1.0,N,2026-08-11 07:08:55.288715
2026-08-10,2026-06-01,2026-08-10,district,TELANGANA,TELANGANA,RAJANNA SIRCILLA,5.3,11.0,-51.0,D,457.7,406.5,13.0,N,2026-08-11 07:08:55.288715
2026-08-10,2026-06-01,2026-08-10,district,TELANGANA,TELANGANA,RANGAREDDY,0.0,7.7,-99.0,LD,278.4,295.9,-6.0,N,2026-08-11 07:08:55.288715
2026-08-10,2026-06-01,2026-08-10,district,TELANGANA,TELANGANA,SANGAREDDY,1.0,10.3,-90.0,LD,333.2,410.6,-19.0,N,2026-08-11 07:08:55.288715
2026-08-10,2026-06-01,2026-08-10,district,TELANGANA,TELANGANA,SIDDIPET,0.7,11.9,-94.0,LD,350.8,360.3,-3.0,N,2026-08-11 07:08:55.288715
2026-08-10,2026-06-01,2026-08-10,district,TELANGANA,TELANGANA,SURYAPET,1.5,8.7,-82.0,LD,262.1,345.9,-24.0,D,2026-08-11 07:08:55.288715
2026-08-10,2026-06-01,2026-08-10,district,TELANGANA,TELANGANA,VIKARABAD,0.3,9.0,-97.0,LD,338.5,364.3,-7.0,N,2026-08-11 07:08:55.288715
2026-08-10,2026-06-01,2026-08-10,district,TELANGANA,TELANGANA,WANAPARTHY,0.0,4.5,-100.0,NR,219.1,292.9,-25.0,D,2026-08-11 07:08:55.288715
2026-08-10,2026-06-01,2026-08-10,district,TELANGANA,TELANGANA,WARANGAL,1.2,12.9,-91.0,LD,321.9,541.2,-41.0,D,2026-08-11 07:08:55.288715
2026-08-10,2026-06-01,2026-08-10,district,TELANGANA,TELANGANA,Y. BHUVANAGIRI,1.0,9.2,-90.0,LD,183.2,309.4,-41.0,D,2026-08-11 07:08:55.288715
2026-08-10,2026-06-01,2026-08-10,district,UTTARAKHAND,UTTARAKHAND,ALMORA,12.3,13.3,-7.0,N,515.7,506.4,2.0,N,2026-08-11 07:08:55.288715
2026-08-10,2026-06-01,2026-08-10,district,UTTARAKHAND,UTTARAKHAND,BAGESHWAR,24.6,13.3,85.0,LE,1232.7,506.4,143.0,LE,2026-08-11 07:08:55.288715
2026-08-10,2026-06-01,2026-08-10,district,UTTARAKHAND,UTTARAKHAND,CHAMOLI,12.6,9.4,34.0,E,729.0,460.5,58.0,E,2026-08-11 07:08:55.288715
2026-08-10,2026-06-01,2026-08-10,district,UTTARAKHAND,UTTARAKHAND,CHAMPAWAT,22.1,14.3,55.0,E,495.2,816.4,-39.0,D,2026-08-11 07:08:55.288715
2026-08-10,2026-06-01,2026-08-10,district,UTTARAKHAND,UTTARAKHAND,DEHRADUN,16.3,14.3,14.0,N,883.9,911.6,-3.0,N,2026-08-11 07:08:55.288715
2026-08-10,2026-06-01,2026-08-10,district,UTTARAKHAND,UTTARAKHAND,GARHWAL PAURI,3.7,12.2,-70.0,LD,387.3,752.9,-49.0,D,2026-08-11 07:08:55.288715
2026-08-10,2026-06-01,2026-08-10,district,UTTARAKHAND,UTTARAKHAND,GARHWAL TEHRI,14.0,10.8,29.0,E,759.8,585.5,30.0,E,2026-08-11 07:08:55.288715
2026-08-10,2026-06-01,2026-08-10,district,UTTARAKHAND,UTTARAKHAND,HARDWAR,6.5,10.1,-36.0,D,669.9,590.1,14.0,N,2026-08-11 07:08:55.288715
2026-08-10,2026-06-01,2026-08-10,district,UTTARAKHAND,UTTARAKHAND,NAINITAL,4.8,16.8,-72.0,LD,609.5,980.9,-38.0,D,2026-08-11 07:08:55.288715
2026-08-10,2026-06-01,2026-08-10,district,UTTARAKHAND,UTTARAKHAND,PITHORAGARH,47.1,19.4,143.0,LE,867.1,953.3,-9.0,N,2026-08-11 07:08:55.288715
2026-08-10,2026-06-01,2026-08-10,district,UTTARAKHAND,UTTARAKHAND,RUDRAPRAYAG,31.9,19.4,65.0,LE,925.0,981.2,-6.0,N,2026-08-11 07:08:55.288715
2026-08-10,2026-06-01,2026-08-10,district,UTTARAKHAND,UTTARAKHAND,UDHAM SINGH NAGAR,6.5,5.8,11.0,N,575.1,682.5,-16.0,N,2026-08-11 07:08:55.288715
2026-08-10,2026-06-01,2026-08-10,district,UTTARAKHAND,UTTARAKHAND,UTTARKASHI,4.6,11.2,-59.0,D,688.3,743.5,-7.0,N,2026-08-11 07:08:55.288715
2026-08-10,2026-06-01,2026-08-10,district,VIDARBHA,MAHARASHTRA,AKOLA,0.0,8.6,-100.0,NR,344.3,451.6,-24.0,D,2026-08-11 07:08:55.288715
2026-08-10,2026-06-01,2026-08-10,district,VIDARBHA,MAHARASHTRA,AMRAOTI,0.3,11.3,-97.0,LD,379.8,524.0,-28.0,D,2026-08-11 07:08:55.288715
2026-08-10,2026-06-01,2026-08-10,district,VIDARBHA,MAHARASHTRA,BHANDARA,17.3,10.0,73.0,LE,629.0,683.4,-8.0,N,2026-08-11 07:08:55.288715
2026-08-10,2026-06-01,2026-08-10,district,VIDARBHA,MAHARASHTRA,BULDHANA,0.0,6.8,-100.0,NR,415.4,404.9,3.0,N,2026-08-11 07:08:55.288715
2026-08-10,2026-06-01,2026-08-10,district,VIDARBHA,MAHARASHTRA,CHANDRAPUR,1.7,9.2,-81.0,LD,512.3,678.2,-24.0,D,2026-08-11 07:08:55.288715
2026-08-10,2026-06-01,2026-08-10,district,VIDARBHA,MAHARASHTRA,GADCHIROLI,8.1,9.5,-15.0,N,663.2,809.4,-18.0,N,2026-08-11 07:08:55.288715
2026-08-10,2026-06-01,2026-08-10,district,VIDARBHA,MAHARASHTRA,GONDIA,4.7,10.5,-56.0,D,844.4,763.6,11.0,N,2026-08-11 07:08:55.288715
2026-08-10,2026-06-01,2026-08-10,district,VIDARBHA,MAHARASHTRA,NAGPUR,4.6,8.6,-46.0,D,446.9,600.9,-26.0,D,2026-08-11 07:08:55.288715
2026-08-10,2026-06-01,2026-08-10,district,VIDARBHA,MAHARASHTRA,WARDHA,0.4,6.3,-93.0,LD,447.5,542.1,-17.0,N,2026-08-11 07:08:55.288715
2026-08-10,2026-06-01,2026-08-10,district,VIDARBHA,MAHARASHTRA,WASHIM,0.4,7.2,-95.0,LD,393.8,504.4,-22.0,D,2026-08-11 07:08:55.288715
2026-08-10,2026-06-01,2026-08-10,district,VIDARBHA,MAHARASHTRA,YEOTMAL,0.1,8.4,-99.0,LD,498.2,528.5,-6.0,N,2026-08-11 07:08:55.288715
2026-08-10,2026-06-01,2026-08-10,district,WEST MADHYA PRADESH,MADHYA PRADESH,AGAR-MALWA,34.9,8.2,326.0,LE,424.4,550.3,-23.0,D,2026-08-11 07:08:55.288715
2026-08-10,2026-06-01,2026-08-10,district,WEST MADHYA PRADESH,MADHYA PRADESH,ALIRAJPUR,1.0,14.0,-93.0,LD,320.9,532.8,-40.0,D,2026-08-11 07:08:55.288715
2026-08-10,2026-06-01,2026-08-10,district,WEST MADHYA PRADESH,MADHYA PRADESH,ASHOKNAGAR,48.5,13.8,251.0,LE,411.5,522.2,-21.0,D,2026-08-11 07:08:55.288715
2026-08-10,2026-06-01,2026-08-10,district,WEST MADHYA PRADESH,MADHYA PRADESH,BARWANI,0.1,10.1,-99.0,LD,370.0,402.6,-8.0,N,2026-08-11 07:08:55.288715
2026-08-10,2026-06-01,2026-08-10,district,WEST MADHYA PRADESH,MADHYA PRADESH,BETUL,24.4,13.2,85.0,LE,509.9,634.5,-20.0,D,2026-08-11 07:08:55.288715
2026-08-10,2026-06-01,2026-08-10,district,WEST MADHYA PRADESH,MADHYA PRADESH,BHIND,0.0,6.4,-99.0,LD,453.7,360.6,26.0,E,2026-08-11 07:08:55.288715
2026-08-10,2026-06-01,2026-08-10,district,WEST MADHYA PRADESH,MADHYA PRADESH,BHOPAL,147.1,8.6,1610.0,LE,640.1,578.4,11.0,N,2026-08-11 07:08:55.288715
2026-08-10,2026-06-01,2026-08-10,district,WEST MADHYA PRADESH,MADHYA PRADESH,BURHANPUR,0.0,11.2,-100.0,NR,582.5,438.1,33.0,E,2026-08-11 07:08:55.288715
2026-08-10,2026-06-01,2026-08-10,district,WEST MADHYA PRADESH,MADHYA PRADESH,DATIA,1.8,10.5,-83.0,LD,293.1,440.2,-33.0,D,2026-08-11 07:08:55.288715
2026-08-10,2026-06-01,2026-08-10,district,WEST MADHYA PRADESH,MADHYA PRADESH,DEWAS,22.0,12.3,79.0,LE,587.2,549.5,7.0,N,2026-08-11 07:08:55.288715
2026-08-10,2026-06-01,2026-08-10,district,WEST MADHYA PRADESH,MADHYA PRADESH,DHAR,0.7,10.9,-93.0,LD,334.4,495.0,-32.0,D,2026-08-11 07:08:55.288715
2026-08-10,2026-06-01,2026-08-10,district,WEST MADHYA PRADESH,MADHYA PRADESH,GUNA,80.3,11.3,611.0,LE,584.4,577.1,1.0,N,2026-08-11 07:08:55.288715
2026-08-10,2026-06-01,2026-08-10,district,WEST MADHYA PRADESH,MADHYA PRADESH,GWALIOR,8.7,11.9,-27.0,D,432.6,409.5,6.0,N,2026-08-11 07:08:55.288715
2026-08-10,2026-06-01,2026-08-10,district,WEST MADHYA PRADESH,MADHYA PRADESH,HARDA,28.2,18.8,50.0,E,520.4,666.8,-22.0,D,2026-08-11 07:08:55.288715
2026-08-10,2026-06-01,2026-08-10,district,WEST MADHYA PRADESH,MADHYA PRADESH,INDORE,3.7,15.7,-76.0,LD,455.1,517.9,-12.0,N,2026-08-11 07:08:55.288715
2026-08-10,2026-06-01,2026-08-10,district,WEST MADHYA PRADESH,MADHYA PRADESH,JHABUA,0.4,11.2,-97.0,LD,409.8,537.5,-24.0,D,2026-08-11 07:08:55.288715
2026-08-10,2026-06-01,2026-08-10,district,WEST MADHYA PRADESH,MADHYA PRADESH,KHANDWA,1.8,14.4,-88.0,LD,455.0,484.7,-6.0,N,2026-08-11 07:08:55.288715
2026-08-10,2026-06-01,2026-08-10,district,WEST MADHYA PRADESH,MADHYA PRADESH,KHARGONE,0.7,10.2,-93.0,LD,465.0,437.7,6.0,N,2026-08-11 07:08:55.288715
2026-08-10,2026-06-01,2026-08-10,district,WEST MADHYA PRADESH,MADHYA PRADESH,MANDSAUR,5.5,10.6,-48.0,D,401.5,498.9,-20.0,D,2026-08-11 07:08:55.288715
2026-08-10,2026-06-01,2026-08-10,district,WEST MADHYA PRADESH,MADHYA PRADESH,MORENA,12.3,6.1,102.0,LE,243.1,387.4,-37.0,D,2026-08-11 07:08:55.288715
2026-08-10,2026-06-01,2026-08-10,district,WEST MADHYA PRADESH,MADHYA PRADESH,NARMADAPURAM,94.7,14.7,544.0,LE,517.0,746.6,-31.0,D,2026-08-11 07:08:55.288715
2026-08-10,2026-06-01,2026-08-10,district,WEST MADHYA PRADESH,MADHYA PRADESH,NEEMUCH,9.3,12.7,-27.0,D,361.0,459.5,-21.0,D,2026-08-11 07:08:55.288715
2026-08-10,2026-06-01,2026-08-10,district,WEST MADHYA PRADESH,MADHYA PRADESH,RAISEN,94.6,12.9,633.0,LE,613.4,651.6,-6.0,N,2026-08-11 07:08:55.288715
2026-08-10,2026-06-01,2026-08-10,district,WEST MADHYA PRADESH,MADHYA PRADESH,RAJGARH,89.1,10.2,773.0,LE,518.5,542.6,-4.0,N,2026-08-11 07:08:55.288715
2026-08-10,2026-06-01,2026-08-10,district,WEST MADHYA PRADESH,MADHYA PRADESH,RATLAM,2.6,11.3,-77.0,LD,388.3,548.7,-29.0,D,2026-08-11 07:08:55.288715
2026-08-10,2026-06-01,2026-08-10,district,WEST MADHYA PRADESH,MADHYA PRADESH,SEHORE,100.7,11.4,783.0,LE,635.9,634.0,0.0,N,2026-08-11 07:08:55.288715
2026-08-10,2026-06-01,2026-08-10,district,WEST MADHYA PRADESH,MADHYA PRADESH,SHAJAPUR,70.3,11.1,533.0,LE,404.1,545.9,-26.0,D,2026-08-11 07:08:55.288715
2026-08-10,2026-06-01,2026-08-10,district,WEST MADHYA PRADESH,MADHYA PRADESH,SHEOPUR,10.5,8.6,22.0,E,346.2,414.8,-17.0,N,2026-08-11 07:08:55.288715
2026-08-10,2026-06-01,2026-08-10,district,WEST MADHYA PRADESH,MADHYA PRADESH,SHIVPURI,30.8,12.8,141.0,LE,409.1,494.1,-17.0,N,2026-08-11 07:08:55.288715
2026-08-10,2026-06-01,2026-08-10,district,WEST MADHYA PRADESH,MADHYA PRADESH,UJJAIN,14.2,14.9,-4.0,N,429.1,539.0,-20.0,D,2026-08-11 07:08:55.288715
2026-08-10,2026-06-01,2026-08-10,district,WEST MADHYA PRADESH,MADHYA PRADESH,VIDISHA,55.9,12.4,350.0,LE,510.3,619.6,-18.0,N,2026-08-11 07:08:55.288715
2026-08-10,2026-06-01,2026-08-10,district,WEST RAJASTHAN,RAJASTHAN,BARMER,10.2,3.2,218.0,LE,169.2,172.1,-2.0,N,2026-08-11 07:08:55.288715
2026-08-10,2026-06-01,2026-08-10,district,WEST RAJASTHAN,RAJASTHAN,BIKANER,4.3,1.4,210.0,LE,171.4,163.3,5.0,N,2026-08-11 07:08:55.288715
2026-08-10,2026-06-01,2026-08-10,district,WEST RAJASTHAN,RAJASTHAN,CHURU,4.6,3.4,36.0,E,249.4,224.0,11.0,N,2026-08-11 07:08:55.288715
2026-08-10,2026-06-01,2026-08-10,district,WEST RAJASTHAN,RAJASTHAN,HANUMANGARH,4.6,1.8,154.0,LE,139.4,166.8,-16.0,N,2026-08-11 07:08:55.288715
2026-08-10,2026-06-01,2026-08-10,district,WEST RAJASTHAN,RAJASTHAN,JAISALMER,0.0,1.4,-100.0,NR,72.6,108.7,-33.0,D,2026-08-11 07:08:55.288715
2026-08-10,2026-06-01,2026-08-10,district,WEST RAJASTHAN,RAJASTHAN,JALORE,0.6,7.0,-91.0,LD,140.4,267.6,-48.0,D,2026-08-11 07:08:55.288715
2026-08-10,2026-06-01,2026-08-10,district,WEST RAJASTHAN,RAJASTHAN,JODHPUR,5.4,4.9,10.0,N,170.1,185.3,-8.0,N,2026-08-11 07:08:55.288715
2026-08-10,2026-06-01,2026-08-10,district,WEST RAJASTHAN,RAJASTHAN,NAGAUR,5.3,4.9,8.0,N,232.0,246.0,-6.0,N,2026-08-11 07:08:55.288715
2026-08-10,2026-06-01,2026-08-10,district,WEST RAJASTHAN,RAJASTHAN,PALI,1.5,7.0,-79.0,LD,190.8,306.2,-38.0,D,2026-08-11 07:08:55.288715
2026-08-10,2026-06-01,2026-08-10,district,WEST RAJASTHAN,RAJASTHAN,SRI GANGANAGAR,4.3,1.8,138.0,LE,163.4,133.0,23.0,E,2026-08-11 07:08:55.288715
2026-08-10,2026-06-01,2026-08-10,district,WEST UTTAR PRADESH,UTTAR PRADESH,AGRA,0.0,6.3,-100.0,NR,321.4,308.8,4.0,N,2026-08-11 07:08:55.288715
2026-08-10,2026-06-01,2026-08-10,district,WEST UTTAR PRADESH,UTTAR PRADESH,ALIGARH,0.0,7.3,-100.0,NR,236.6,339.6,-30.0,D,2026-08-11 07:08:55.288715
2026-08-10,2026-06-01,2026-08-10,district,WEST UTTAR PRADESH,UTTAR PRADESH,AMROHA,0.0,12.2,-100.0,NR,204.0,478.8,-57.0,D,2026-08-11 07:08:55.288715
2026-08-10,2026-06-01,2026-08-10,district,WEST UTTAR PRADESH,UTTAR PRADESH,AURAIYA,2.5,6.9,-64.0,LD,298.6,297.1,0.0,N,2026-08-11 07:08:55.288715
2026-08-10,2026-06-01,2026-08-10,district,WEST UTTAR PRADESH,UTTAR PRADESH,BADAUN,0.0,7.8,-100.0,NR,397.5,390.4,2.0,N,2026-08-11 07:08:55.288715
2026-08-10,2026-06-01,2026-08-10,district,WEST UTTAR PRADESH,UTTAR PRADESH,BAGHPAT,0.0,3.9,-100.0,NR,334.3,294.0,14.0,N,2026-08-11 07:08:55.288715
2026-08-10,2026-06-01,2026-08-10,district,WEST UTTAR PRADESH,UTTAR PRADESH,BAREILLY,0.0,9.2,-100.0,NR,360.9,472.4,-24.0,D,2026-08-11 07:08:55.288715
2026-08-10,2026-06-01,2026-08-10,district,WEST UTTAR PRADESH,UTTAR PRADESH,BIJNOR,0.0,10.2,-100.0,NR,557.3,545.8,2.0,N,2026-08-11 07:08:55.288715
2026-08-10,2026-06-01,2026-08-10,district,WEST UTTAR PRADESH,UTTAR PRADESH,BULANDSHAHAR,0.0,5.6,-100.0,NR,328.3,309.0,6.0,N,2026-08-11 07:08:55.288715
2026-08-10,2026-06-01,2026-08-10,district,WEST UTTAR PRADESH,UTTAR PRADESH,ETAH,0.0,7.4,-100.0,NR,396.1,286.4,38.0,E,2026-08-11 07:08:55.288715
2026-08-10,2026-06-01,2026-08-10,district,WEST UTTAR PRADESH,UTTAR PRADESH,ETAWAH,1.0,6.8,-85.0,LD,378.7,318.2,19.0,N,2026-08-11 07:08:55.288715
2026-08-10,2026-06-01,2026-08-10,district,WEST UTTAR PRADESH,UTTAR PRADESH,FIROZABAD,0.0,6.3,-100.0,NR,458.7,326.0,41.0,E,2026-08-11 07:08:55.288715
2026-08-10,2026-06-01,2026-08-10,district,WEST UTTAR PRADESH,UTTAR PRADESH,GAUTAM BUDDHA NAGAR,0.0,6.4,-100.0,NR,314.2,266.0,18.0,N,2026-08-11 07:08:55.288715
2026-08-10,2026-06-01,2026-08-10,district,WEST UTTAR PRADESH,UTTAR PRADESH,GHAZIABAD,0.0,6.5,-100.0,NR,141.8,268.3,-47.0,D,2026-08-11 07:08:55.288715
2026-08-10,2026-06-01,2026-08-10,district,WEST UTTAR PRADESH,UTTAR PRADESH,HAMIRPUR,2.0,10.4,-81.0,LD,464.3,398.8,16.0,N,2026-08-11 07:08:55.288715
2026-08-10,2026-06-01,2026-08-10,district,WEST UTTAR PRADESH,UTTAR PRADESH,HAPUR,0.0,7.0,-100.0,NR,251.0,384.4,-35.0,D,2026-08-11 07:08:55.288715
2026-08-10,2026-06-01,2026-08-10,district,WEST UTTAR PRADESH,UTTAR PRADESH,HATHRAS,0.0,7.8,-100.0,NR,373.0,332.9,12.0,N,2026-08-11 07:08:55.288715
2026-08-10,2026-06-01,2026-08-10,district,WEST UTTAR PRADESH,UTTAR PRADESH,JALAUN,5.8,7.4,-22.0,D,282.3,371.8,-24.0,D,2026-08-11 07:08:55.288715
2026-08-10,2026-06-01,2026-08-10,district,WEST UTTAR PRADESH,UTTAR PRADESH,JHANSI,5.0,7.0,-29.0,D,208.8,421.3,-50.0,D,2026-08-11 07:08:55.288715
2026-08-10,2026-06-01,2026-08-10,district,WEST UTTAR PRADESH,UTTAR PRADESH,KASGANJ,1.0,6.2,-84.0,LD,361.7,367.4,-2.0,N,2026-08-11 07:08:55.288715
2026-08-10,2026-06-01,2026-08-10,district,WEST UTTAR PRADESH,UTTAR PRADESH,LALITPUR,70.6,9.3,659.0,LE,422.2,490.8,-14.0,N,2026-08-11 07:08:55.288715
2026-08-10,2026-06-01,2026-08-10,district,WEST UTTAR PRADESH,UTTAR PRADESH,MAHOBA,18.0,7.3,147.0,LE,319.3,335.9,-5.0,N,2026-08-11 07:08:55.288715
2026-08-10,2026-06-01,2026-08-10,district,WEST UTTAR PRADESH,UTTAR PRADESH,MAINPURI,0.0,9.8,-100.0,NR,203.6,370.5,-45.0,D,2026-08-11 07:08:55.288715
2026-08-10,2026-06-01,2026-08-10,district,WEST UTTAR PRADESH,UTTAR PRADESH,MATHURA,0.0,3.3,-100.0,NR,189.3,286.8,-34.0,D,2026-08-11 07:08:55.288715
2026-08-10,2026-06-01,2026-08-10,district,WEST UTTAR PRADESH,UTTAR PRADESH,MEERUT,0.5,6.1,-92.0,LD,667.5,382.6,74.0,LE,2026-08-11 07:08:55.288715
2026-08-10,2026-06-01,2026-08-10,district,WEST UTTAR PRADESH,UTTAR PRADESH,MORADABAD,0.0,7.8,-100.0,NR,385.5,505.0,-24.0,D,2026-08-11 07:08:55.288715
2026-08-10,2026-06-01,2026-08-10,district,WEST UTTAR PRADESH,UTTAR PRADESH,MUZAFFARNAGAR,0.0,5.9,-100.0,NR,653.3,394.1,66.0,LE,2026-08-11 07:08:55.288715
2026-08-10,2026-06-01,2026-08-10,district,WEST UTTAR PRADESH,UTTAR PRADESH,PILIBHIT,0.0,7.9,-100.0,NR,129.0,501.0,-74.0,LD,2026-08-11 07:08:55.288715
2026-08-10,2026-06-01,2026-08-10,district,WEST UTTAR PRADESH,UTTAR PRADESH,RAMPUR,0.0,12.1,-100.0,NR,271.5,419.4,-35.0,D,2026-08-11 07:08:55.288715
2026-08-10,2026-06-01,2026-08-10,district,WEST UTTAR PRADESH,UTTAR PRADESH,SAHARANPUR,27.6,5.0,451.0,LE,338.4,460.8,-27.0,D,2026-08-11 07:08:55.288715
2026-08-10,2026-06-01,2026-08-10,district,WEST UTTAR PRADESH,UTTAR PRADESH,SAMBHAL,0.0,7.8,-100.0,NR,640.0,385.2,66.0,LE,2026-08-11 07:08:55.288715
2026-08-10,2026-06-01,2026-08-10,district,WEST UTTAR PRADESH,UTTAR PRADESH,SHAHJAHANPUR,0.0,5.3,-100.0,NR,359.0,457.5,-22.0,D,2026-08-11 07:08:55.288715
2026-08-10,2026-06-01,2026-08-10,district,WEST UTTAR PRADESH,UTTAR PRADESH,SHAMLI,0.0,3.3,-100.0,NR,125.6,321.8,-61.0,LD,2026-08-11 07:08:55.288715
2026-08-10,2026-06-01,2026-08-10,state,ASSAM & MEGHALAYA,ASSAM,,5.3,11.4,-53.0,D,738.5,963.0,-23.0,D,2026-08-11 07:08:55.288715
2026-08-10,2026-06-01,2026-08-10,state,ASSAM & MEGHALAYA,MEGHALAYA,,7.6,18.0,-58.0,D,777.4,1785.5,-56.0,D,2026-08-11 07:08:55.288715
2026-08-10,2026-06-01,2026-08-10,state,BIHAR,UTTAR PRADESH,,3.4,7.4,-54.0,D,342.3,430.9,-21.0,D,2026-08-11 07:08:55.288715
2026-08-10,2026-06-01,2026-08-10,state,CHHATTISGARH,ANDHRA PRADESH,,1.2,5.4,-78.0,LD,178.4,270.7,-34.0,D,2026-08-11 07:08:55.288715
2026-08-10,2026-06-01,2026-08-10,state,COASTAL A. P. & YANAM,ANDHRA PRADESH,,1.2,5.4,-78.0,LD,178.4,270.7,-34.0,D,2026-08-11 07:08:55.288715
2026-08-10,2026-06-01,2026-08-10,state,COASTAL A. P. & YANAM,PUDUCHERRY (UT),,11.9,3.1,282.0,LE,142.4,196.0,-27.0,D,2026-08-11 07:08:55.288715
2026-08-10,2026-06-01,2026-08-10,state,EAST MADHYA PRADESH,GUJARAT,,0.5,11.1,-95.0,LD,485.2,461.6,5.0,N,2026-08-11 07:08:55.288715
2026-08-10,2026-06-01,2026-08-10,state,GUJARAT REGION,DADRA & NAGAR HAVELI AND DAMAN & DIU (UT),,1.2,23.6,-95.0,LD,2516.5,1510.5,67.0,LE,2026-08-11 07:08:55.288715
2026-08-10,2026-06-01,2026-08-10,state,GUJARAT REGION,GUJARAT,,0.5,11.1,-95.0,LD,485.2,461.6,5.0,N,2026-08-11 07:08:55.288715
2026-08-10,2026-06-01,2026-08-10,state,HAR. CHD & DELHI,CHANDIGARH (UT),,0.0,13.1,-100.0,NR,406.6,533.8,-24.0,D,2026-08-11 07:08:55.288715
2026-08-10,2026-06-01,2026-08-10,state,HAR. CHD & DELHI,DELHI,,0.0,5.9,-100.0,NR,393.4,315.4,25.0,E,2026-08-11 07:08:55.288715
2026-08-10,2026-06-01,2026-08-10,state,HAR. CHD & DELHI,HARYANA,,1.8,4.1,-55.0,D,232.3,257.2,-10.0,N,2026-08-11 07:08:55.288715
2026-08-10,2026-06-01,2026-08-10,state,J & K AND LADAKH,JAMMU & KASHMIR(UT),,0.1,6.1,-99.0,LD,369.2,342.6,8.0,N,2026-08-11 07:08:55.288715
2026-08-10,2026-06-01,2026-08-10,state,J & K AND LADAKH,LADAKH (UT),,0.0,0.6,-100.0,NR,39.2,14.8,165.0,LE,2026-08-11 07:08:55.288715
2026-08-10,2026-06-01,2026-08-10,state,J & K AND LADAKH,RAJASTHAN,,3.9,5.9,-33.0,D,223.6,272.9,-18.0,N,2026-08-11 07:08:55.288715
2026-08-10,2026-06-01,2026-08-10,state,KERALA & MAHE,KERALA,,7.4,18.3,-59.0,D,1168.5,1480.8,-21.0,D,2026-08-11 07:08:55.288715
2026-08-10,2026-06-01,2026-08-10,state,KERALA & MAHE,PUDUCHERRY (UT),,11.9,3.1,282.0,LE,142.4,196.0,-27.0,D,2026-08-11 07:08:55.288715
2026-08-10,2026-06-01,2026-08-10,state,KONKAN & GOA,GOA,,6.1,28.3,-78.0,LD,1461.1,2269.6,-36.0,D,2026-08-11 07:08:55.288715
2026-08-10,2026-06-01,2026-08-10,state,KONKAN & GOA,MAHARASHTRA,,1.9,9.2,-79.0,LD,643.2,641.9,0.0,N,2026-08-11 07:08:55.288715
2026-08-10,2026-06-01,2026-08-10,state,NMMT,MANIPUR,,7.9,12.3,-36.0,D,434.2,678.1,-36.0,D,2026-08-11 07:08:55.288715
2026-08-10,2026-06-01,2026-08-10,state,NMMT,MIZORAM,,15.7,11.9,32.0,E,783.6,979.2,-20.0,D,2026-08-11 07:08:55.288715
2026-08-10,2026-06-01,2026-08-10,state,NMMT,NAGALAND,,10.0,8.5,18.0,N,699.4,651.2,7.0,N,2026-08-11 07:08:55.288715
2026-08-10,2026-06-01,2026-08-10,state,NMMT,TRIPURA,,5.2,7.3,-29.0,D,767.5,907.8,-15.0,N,2026-08-11 07:08:55.288715
2026-08-10,2026-06-01,2026-08-10,state,SAURASHTRA & KUTCH,DADRA & NAGAR HAVELI AND DAMAN & DIU (UT),,1.2,23.6,-95.0,LD,2516.5,1510.5,67.0,LE,2026-08-11 07:08:55.288715
2026-08-10,2026-06-01,2026-08-10,state,SAURASHTRA & KUTCH,GUJARAT,,0.5,11.1,-95.0,LD,485.2,461.6,5.0,N,2026-08-11 07:08:55.288715
2026-08-10,2026-06-01,2026-08-10,state,SHWB & SIKKIM,SIKKIM,,25.0,14.1,77.0,LE,1114.5,1051.7,6.0,N,2026-08-11 07:08:55.288715
2026-08-10,2026-06-01,2026-08-10,state,SHWB & SIKKIM,WEST BENGAL,,4.3,10.0,-57.0,D,842.7,811.9,4.0,N,2026-08-11 07:08:55.288715
2026-08-10,2026-06-01,2026-08-10,state,TAMIL. PUDU.& KARAIKAL,KARNATAKA,,2.7,8.0,-66.0,LD,433.5,535.5,-19.0,N,2026-08-11 07:08:55.288715
2026-08-10,2026-06-01,2026-08-10,state,TAMIL. PUDU.& KARAIKAL,PUDUCHERRY (UT),,11.9,3.1,282.0,LE,142.4,196.0,-27.0,D,2026-08-11 07:08:55.288715
2026-08-10,2026-06-01,2026-08-10,state,TAMIL. PUDU.& KARAIKAL,TAMILNADU,,2.5,2.4,3.0,N,126.2,142.8,-12.0,N,2026-08-11 07:08:55.288715
2026-08-10,2026-06-01,2026-08-10,state,WEST RAJASTHAN,MADHYA PRADESH,,30.4,11.4,167.0,LE,484.4,571.4,-15.0,N,2026-08-11 07:08:55.288715
2026-08-10,2026-06-01,2026-08-10,subdivision,A & N ISLAND,,,15.9,12.3,29.0,E,1005.8,931.8,8.0,N,2026-08-11 07:08:55.288715
2026-08-10,2026-06-01,2026-08-10,subdivision,ARUNACHAL PRADESH,,,6.3,10.8,-42.0,D,680.5,1081.0,-37.0,D,2026-08-11 07:08:55.288715
2026-08-10,2026-06-01,2026-08-10,subdivision,ASSAM & MEGHALAYA,,,5.9,13.0,-55.0,D,747.8,1154.5,-35.0,D,2026-08-11 07:08:55.288715
2026-08-10,2026-06-01,2026-08-10,subdivision,BIHAR,,,2.2,7.8,-72.0,LD,370.6,581.2,-36.0,D,2026-08-11 07:08:55.288715
2026-08-10,2026-06-01,2026-08-10,subdivision,CHHATTISGARH,,,5.8,11.0,-47.0,D,655.9,687.8,-5.0,N,2026-08-11 07:08:55.288715
2026-08-10,2026-06-01,2026-08-10,subdivision,COASTAL A. P. & YANAM,,,2.0,6.4,-69.0,LD,212.0,323.1,-34.0,D,2026-08-11 07:08:55.288715
2026-08-10,2026-06-01,2026-08-10,subdivision,COASTAL KARNATAKA,,,10.8,32.4,-67.0,LD,1774.1,2281.8,-22.0,D,2026-08-11 07:08:55.288715
2026-08-10,2026-06-01,2026-08-10,subdivision,EAST MADHYA PRADESH,,,25.7,11.1,131.0,LE,515.8,624.3,-17.0,N,2026-08-11 07:08:55.288715
2026-08-10,2026-06-01,2026-08-10,subdivision,EAST RAJASTHAN,,,3.6,9.3,-61.0,LD,303.5,386.9,-22.0,D,2026-08-11 07:08:55.288715
2026-08-10,2026-06-01,2026-08-10,subdivision,EAST UTTAR PRADESH,,,1.9,7.5,-75.0,LD,332.9,457.6,-27.0,D,2026-08-11 07:08:55.288715
2026-08-10,2026-06-01,2026-08-10,subdivision,GANGETIC WEST BENGAL,,,4.0,8.7,-54.0,D,711.8,695.6,2.0,N,2026-08-11 07:08:55.288715
2026-08-10,2026-06-01,2026-08-10,subdivision,GUJARAT REGION,,,1.1,14.2,-92.0,LD,731.4,596.8,23.0,E,2026-08-11 07:08:55.288715
2026-08-10,2026-06-01,2026-08-10,subdivision,HAR. CHD & DELHI,,,1.8,4.2,-58.0,D,236.7,259.7,-9.0,N,2026-08-11 07:08:55.288715
2026-08-10,2026-06-01,2026-08-10,subdivision,HIMACHAL PRADESH,,,6.1,9.8,-38.0,D,418.0,455.5,-8.0,N,2026-08-11 07:08:55.288715
2026-08-10,2026-06-01,2026-08-10,subdivision,J & K AND LADAKH,,,0.1,6.1,-99.0,LD,369.2,342.6,8.0,N,2026-08-11 07:08:55.288715
2026-08-10,2026-06-01,2026-08-10,subdivision,JHARKHAND,,,4.9,8.0,-38.0,D,455.3,607.4,-25.0,D,2026-08-11 07:08:55.288715
2026-08-10,2026-06-01,2026-08-10,subdivision,KERALA & MAHE,,,7.4,18.3,-59.0,D,1168.6,1480.9,-21.0,D,2026-08-11 07:08:55.288715
2026-08-10,2026-06-01,2026-08-10,subdivision,KONKAN & GOA,,,5.4,26.1,-79.0,LD,1955.8,2061.4,-5.0,N,2026-08-11 07:08:55.288715
2026-08-10,2026-06-01,2026-08-10,subdivision,LAKSHADWEEP,,,4.5,8.0,-44.0,D,525.1,695.2,-24.0,D,2026-08-11 07:08:55.288715
2026-08-10,2026-06-01,2026-08-10,subdivision,MADHYA MAHARASHTRA,,,1.1,6.9,-84.0,LD,594.8,467.3,27.0,E,2026-08-11 07:08:55.288715
2026-08-10,2026-06-01,2026-08-10,subdivision,MARATHWADA,,,0.1,5.8,-98.0,LD,307.2,363.1,-15.0,N,2026-08-11 07:08:55.288715
2026-08-10,2026-06-01,2026-08-10,subdivision,N. I. KARNATAKA,,,1.5,4.1,-64.0,LD,236.2,263.2,-10.0,N,2026-08-11 07:08:55.288715
2026-08-10,2026-06-01,2026-08-10,subdivision,NMMT,,,10.5,10.3,2.0,N,663.3,814.1,-19.0,N,2026-08-11 07:08:55.288715
2026-08-10,2026-06-01,2026-08-10,subdivision,ODISHA,,,7.7,10.2,-24.0,D,862.3,677.0,27.0,E,2026-08-11 07:08:55.288715
2026-08-10,2026-06-01,2026-08-10,subdivision,PUNJAB,,,2.5,5.5,-55.0,D,181.2,279.1,-35.0,D,2026-08-11 07:08:55.288715
2026-08-10,2026-06-01,2026-08-10,subdivision,RAYALASEEMA,,,0.2,4.0,-94.0,LD,134.5,196.4,-32.0,D,2026-08-11 07:08:55.288715
2026-08-10,2026-06-01,2026-08-10,subdivision,S. I. KARNATAKA,,,2.2,6.6,-67.0,LD,334.9,418.2,-20.0,D,2026-08-11 07:08:55.288715
2026-08-10,2026-06-01,2026-08-10,subdivision,SAURASHTRA & KUTCH,,,0.0,8.6,-99.0,LD,290.9,354.5,-18.0,N,2026-08-11 07:08:55.288715
2026-08-10,2026-06-01,2026-08-10,subdivision,SHWB & SIKKIM,,,10.2,14.5,-30.0,D,1209.0,1176.0,3.0,N,2026-08-11 07:08:55.288715
2026-08-10,2026-06-01,2026-08-10,subdivision,TAMIL. PUDU.& KARAIKAL,,,2.5,2.4,4.0,N,126.2,142.8,-12.0,N,2026-08-11 07:08:55.288715
2026-08-10,2026-06-01,2026-08-10,subdivision,TELANGANA,,,1.3,10.4,-88.0,LD,400.0,428.7,-7.0,N,2026-08-11 07:08:55.288715
2026-08-10,2026-06-01,2026-08-10,subdivision,UTTARAKHAND,,,15.7,13.1,20.0,E,707.1,730.1,-3.0,N,2026-08-11 07:08:55.288715
2026-08-10,2026-06-01,2026-08-10,subdivision,VIDARBHA,,,3.0,8.8,-66.0,LD,502.6,596.5,-16.0,N,2026-08-11 07:08:55.288715
2026-08-10,2026-06-01,2026-08-10,subdivision,WEST MADHYA PRADESH,,,34.0,11.8,188.0,LE,460.3,530.8,-13.0,N,2026-08-11 07:08:55.288715
2026-08-10,2026-06-01,2026-08-10,subdivision,WEST RAJASTHAN,,,4.2,3.2,31.0,E,160.0,182.2,-12.0,N,2026-08-11 07:08:55.288715
2026-08-10,2026-06-01,2026-08-10,subdivision,WEST UTTAR PRADESH,,,5.6,7.4,-24.0,D,355.7,393.6,-10.0,N,2026-08-11 07:08:55.288715
