date,period_start,period_end,level,subdivision,state,district,day_actual_mm,day_normal_mm,day_departure_pct,day_category,period_actual_mm,period_normal_mm,period_departure_pct,period_category,scraped_at
2026-08-06,2026-06-01,2026-08-06,district,A & N ISLAND,ANDAMAN & NICOBAR ISLANDS,NICOBAR,9.4,10.1,-7.0,N,323.3,594.1,-46.0,D,2026-08-09 21:00:47.974671
2026-08-06,2026-06-01,2026-08-06,district,A & N ISLAND,ANDAMAN & NICOBAR ISLANDS,NORTH & MIDDLE ANDAMAN,30.2,17.3,75.0,LE,1401.9,1033.0,36.0,E,2026-08-09 21:00:47.974671
2026-08-06,2026-06-01,2026-08-06,district,A & N ISLAND,ANDAMAN & NICOBAR ISLANDS,SOUTH ANDAMAN,22.7,12.2,86.0,LE,761.3,885.7,-14.0,N,2026-08-09 21:00:47.974671
2026-08-06,2026-06-01,2026-08-06,district,ARUNACHAL PRADESH,ARUNACHAL PRADESH,ANJAW,0.0,6.5,-100.0,NR,118.9,1022.8,-88.0,LD,2026-08-09 21:00:47.974671
2026-08-06,2026-06-01,2026-08-06,district,ARUNACHAL PRADESH,ARUNACHAL PRADESH,CHANGLANG,0.0,7.7,-100.0,NR,684.1,834.0,-18.0,N,2026-08-09 21:00:47.974671
2026-08-06,2026-06-01,2026-08-06,district,ARUNACHAL PRADESH,ARUNACHAL PRADESH,EAST KAMENG,2.1,8.0,-74.0,LD,983.4,749.0,31.0,E,2026-08-09 21:00:47.974671
2026-08-06,2026-06-01,2026-08-06,district,ARUNACHAL PRADESH,ARUNACHAL PRADESH,EAST SIANG,0.0,18.2,-100.0,NR,1656.4,2022.0,-18.0,N,2026-08-09 21:00:47.974671
2026-08-06,2026-06-01,2026-08-06,district,ARUNACHAL PRADESH,ARUNACHAL PRADESH,KURUNG KUMEY,0.0,2.9,-100.0,NR,368.4,709.8,-48.0,D,2026-08-09 21:00:47.974671
2026-08-06,2026-06-01,2026-08-06,district,ARUNACHAL PRADESH,ARUNACHAL PRADESH,LOHIT,0.0,12.8,-100.0,NR,657.4,996.4,-34.0,D,2026-08-09 21:00:47.974671
2026-08-06,2026-06-01,2026-08-06,district,ARUNACHAL PRADESH,ARUNACHAL PRADESH,LOWER SUBANSIRI,0.6,15.9,-96.0,LD,281.1,458.4,-39.0,D,2026-08-09 21:00:47.974671
2026-08-06,2026-06-01,2026-08-06,district,ARUNACHAL PRADESH,ARUNACHAL PRADESH,PAPUMPARA,0.0,12.1,-100.0,NR,1242.6,1424.7,-13.0,N,2026-08-09 21:00:47.974671
2026-08-06,2026-06-01,2026-08-06,district,ARUNACHAL PRADESH,ARUNACHAL PRADESH,TAWANG,3.6,7.7,-53.0,D,206.2,584.7,-65.0,LD,2026-08-09 21:00:47.974671
2026-08-06,2026-06-01,2026-08-06,district,ARUNACHAL PRADESH,ARUNACHAL PRADESH,TIRAP,0.0,9.5,-100.0,NR,1381.7,1242.4,11.0,N,2026-08-09 21:00:47.974671
2026-08-06,2026-06-01,2026-08-06,district,ARUNACHAL PRADESH,ARUNACHAL PRADESH,UPPER SIANG,0.4,1.9,-79.0,LD,817.3,1035.6,-21.0,D,2026-08-09 21:00:47.974671
2026-08-06,2026-06-01,2026-08-06,district,ARUNACHAL PRADESH,ARUNACHAL PRADESH,UPPER SUBANSIRI,0.0,2.5,-100.0,NR,264.1,578.0,-54.0,D,2026-08-09 21:00:47.974671
2026-08-06,2026-06-01,2026-08-06,district,ARUNACHAL PRADESH,ARUNACHAL PRADESH,WEST KAMENG,9.6,13.4,-29.0,D,327.6,1043.6,-69.0,LD,2026-08-09 21:00:47.974671
2026-08-06,2026-06-01,2026-08-06,district,ARUNACHAL PRADESH,ARUNACHAL PRADESH,WEST SIANG,0.0,15.1,-100.0,NR,478.3,1256.4,-62.0,LD,2026-08-09 21:00:47.974671
2026-08-06,2026-06-01,2026-08-06,district,ASSAM & MEGHALAYA,ASSAM,BAJALI,1.5,10.9,-86.0,LD,865.5,1398.8,-38.0,D,2026-08-09 21:00:47.974671
2026-08-06,2026-06-01,2026-08-06,district,ASSAM & MEGHALAYA,ASSAM,BAKSA,11.1,6.6,68.0,LE,877.9,1027.2,-15.0,N,2026-08-09 21:00:47.974671
2026-08-06,2026-06-01,2026-08-06,district,ASSAM & MEGHALAYA,ASSAM,BARPETA,1.1,10.9,-90.0,LD,1025.5,1398.8,-27.0,D,2026-08-09 21:00:47.974671
2026-08-06,2026-06-01,2026-08-06,district,ASSAM & MEGHALAYA,ASSAM,BONGAIGAON,0.0,12.6,-100.0,NR,707.6,1559.0,-55.0,D,2026-08-09 21:00:47.974671
2026-08-06,2026-06-01,2026-08-06,district,ASSAM & MEGHALAYA,ASSAM,CACHAR,4.3,10.2,-57.0,D,1106.6,1111.9,0.0,N,2026-08-09 21:00:47.974671
2026-08-06,2026-06-01,2026-08-06,district,ASSAM & MEGHALAYA,ASSAM,CHARAIDEO,0.0,5.9,-100.0,NR,829.0,577.3,44.0,E,2026-08-09 21:00:47.974671
2026-08-06,2026-06-01,2026-08-06,district,ASSAM & MEGHALAYA,ASSAM,CHIRANG,1.0,12.7,-92.0,LD,957.8,1526.5,-37.0,D,2026-08-09 21:00:47.974671
2026-08-06,2026-06-01,2026-08-06,district,ASSAM & MEGHALAYA,ASSAM,DARRANG,0.0,5.9,-100.0,NR,477.1,830.1,-43.0,D,2026-08-09 21:00:47.974671
2026-08-06,2026-06-01,2026-08-06,district,ASSAM & MEGHALAYA,ASSAM,DHEMAJI,0.0,8.6,-100.0,NR,1475.1,1260.0,17.0,N,2026-08-09 21:00:47.974671
2026-08-06,2026-06-01,2026-08-06,district,ASSAM & MEGHALAYA,ASSAM,DHUBRI,22.8,17.0,34.0,E,998.1,1380.4,-28.0,D,2026-08-09 21:00:47.974671
2026-08-06,2026-06-01,2026-08-06,district,ASSAM & MEGHALAYA,ASSAM,DIBRUGARH,0.0,14.1,-100.0,NR,803.4,909.7,-12.0,N,2026-08-09 21:00:47.974671
2026-08-06,2026-06-01,2026-08-06,district,ASSAM & MEGHALAYA,ASSAM,DIMA HASAO,8.4,4.6,83.0,LE,289.4,681.8,-58.0,D,2026-08-09 21:00:47.974671
2026-08-06,2026-06-01,2026-08-06,district,ASSAM & MEGHALAYA,ASSAM,GOALPARA,2.1,11.0,-81.0,LD,576.7,1294.3,-55.0,D,2026-08-09 21:00:47.974671
2026-08-06,2026-06-01,2026-08-06,district,ASSAM & MEGHALAYA,ASSAM,GOLAGHAT,0.6,7.4,-92.0,LD,568.3,616.8,-8.0,N,2026-08-09 21:00:47.974671
2026-08-06,2026-06-01,2026-08-06,district,ASSAM & MEGHALAYA,ASSAM,HAILAKANDI,4.0,11.3,-65.0,LD,716.4,937.3,-24.0,D,2026-08-09 21:00:47.974671
2026-08-06,2026-06-01,2026-08-06,district,ASSAM & MEGHALAYA,ASSAM,HOJAI,1.9,4.3,-57.0,D,245.3,441.4,-44.0,D,2026-08-09 21:00:47.974671
2026-08-06,2026-06-01,2026-08-06,district,ASSAM & MEGHALAYA,ASSAM,JORHAT,0.2,9.9,-98.0,LD,578.1,734.6,-21.0,D,2026-08-09 21:00:47.974671
2026-08-06,2026-06-01,2026-08-06,district,ASSAM & MEGHALAYA,ASSAM,KAMRUP METROPOLITAN,0.7,7.1,-90.0,LD,547.2,667.3,-18.0,N,2026-08-09 21:00:47.974671
2026-08-06,2026-06-01,2026-08-06,district,ASSAM & MEGHALAYA,ASSAM,KAMRUP RURAL,0.5,8.2,-94.0,LD,351.2,826.0,-57.0,D,2026-08-09 21:00:47.974671
2026-08-06,2026-06-01,2026-08-06,district,ASSAM & MEGHALAYA,ASSAM,KARBI ANGLONG,1.6,7.1,-77.0,LD,315.2,484.4,-35.0,D,2026-08-09 21:00:47.974671
2026-08-06,2026-06-01,2026-08-06,district,ASSAM & MEGHALAYA,ASSAM,KOKRAJHAR,88.4,11.3,682.0,LE,1732.7,1752.3,-1.0,N,2026-08-09 21:00:47.974671
2026-08-06,2026-06-01,2026-08-06,district,ASSAM & MEGHALAYA,ASSAM,LAKHIMPUR,0.0,12.3,-100.0,NR,1533.3,1232.3,24.0,E,2026-08-09 21:00:47.974671
2026-08-06,2026-06-01,2026-08-06,district,ASSAM & MEGHALAYA,ASSAM,MORIGAON,0.5,9.5,-95.0,LD,371.6,672.7,-45.0,D,2026-08-09 21:00:47.974671
2026-08-06,2026-06-01,2026-08-06,district,ASSAM & MEGHALAYA,ASSAM,NAGAON,0.3,6.6,-95.0,LD,298.1,618.5,-52.0,D,2026-08-09 21:00:47.974671
2026-08-06,2026-06-01,2026-08-06,district,ASSAM & MEGHALAYA,ASSAM,NALBARI,0.1,8.2,-99.0,LD,401.8,1031.7,-61.0,LD,2026-08-09 21:00:47.974671
2026-08-06,2026-06-01,2026-08-06,district,ASSAM & MEGHALAYA,ASSAM,SIBSAGAR,0.0,9.0,-100.0,NR,499.4,718.2,-30.0,D,2026-08-09 21:00:47.974671
2026-08-06,2026-06-01,2026-08-06,district,ASSAM & MEGHALAYA,ASSAM,SONITPUR,9.5,8.8,8.0,N,707.8,715.3,-1.0,N,2026-08-09 21:00:47.974671
2026-08-06,2026-06-01,2026-08-06,district,ASSAM & MEGHALAYA,ASSAM,SRIBHUMI,8.0,13.8,-42.0,D,1147.1,1359.8,-16.0,N,2026-08-09 21:00:47.974671
2026-08-06,2026-06-01,2026-08-06,district,ASSAM & MEGHALAYA,ASSAM,TAMULPUR,0.2,8.7,-98.0,LD,891.6,913.9,-2.0,N,2026-08-09 21:00:47.974671
2026-08-06,2026-06-01,2026-08-06,district,ASSAM & MEGHALAYA,ASSAM,TINSUKIA,0.0,12.2,-100.0,NR,902.8,886.1,2.0,N,2026-08-09 21:00:47.974671
2026-08-06,2026-06-01,2026-08-06,district,ASSAM & MEGHALAYA,ASSAM,UDALGURI,1.0,8.6,-88.0,LD,426.0,933.0,-54.0,D,2026-08-09 21:00:47.974671
2026-08-06,2026-06-01,2026-08-06,district,ASSAM & MEGHALAYA,ASSAM,WEST KARBI ANGLONG,0.0,5.9,-100.0,NR,369.4,430.2,-14.0,N,2026-08-09 21:00:47.974671
2026-08-06,2026-06-01,2026-08-06,district,ASSAM & MEGHALAYA,MEGHALAYA,EAST GARO HILLS,4.7,7.4,-37.0,D,503.0,1195.7,-58.0,D,2026-08-09 21:00:47.974671
2026-08-06,2026-06-01,2026-08-06,district,ASSAM & MEGHALAYA,MEGHALAYA,EAST JAINTIA HILLS,5.8,17.6,-67.0,LD,1150.3,2954.3,-61.0,LD,2026-08-09 21:00:47.974671
2026-08-06,2026-06-01,2026-08-06,district,ASSAM & MEGHALAYA,MEGHALAYA,EAST KHASI HILLS,4.0,21.1,-81.0,LD,1527.6,2979.5,-49.0,D,2026-08-09 21:00:47.974671
2026-08-06,2026-06-01,2026-08-06,district,ASSAM & MEGHALAYA,MEGHALAYA,NORTH GARO HILLS,2.0,14.2,-86.0,LD,392.5,1106.2,-65.0,LD,2026-08-09 21:00:47.974671
2026-08-06,2026-06-01,2026-08-06,district,ASSAM & MEGHALAYA,MEGHALAYA,RI BHOI,0.3,10.3,-97.0,LD,467.8,899.7,-48.0,D,2026-08-09 21:00:47.974671
2026-08-06,2026-06-01,2026-08-06,district,ASSAM & MEGHALAYA,MEGHALAYA,SOUTH GARO HILLS,10.4,14.2,-27.0,D,655.7,1106.2,-41.0,D,2026-08-09 21:00:47.974671
2026-08-06,2026-06-01,2026-08-06,district,ASSAM & MEGHALAYA,MEGHALAYA,SOUTH WEST GARO HILLS,0.3,14.2,-98.0,LD,490.9,1106.2,-56.0,D,2026-08-09 21:00:47.974671
2026-08-06,2026-06-01,2026-08-06,district,ASSAM & MEGHALAYA,MEGHALAYA,SOUTH WEST KHASI HILLS,6.4,14.2,-55.0,D,2075.9,1106.2,88.0,LE,2026-08-09 21:00:47.974671
2026-08-06,2026-06-01,2026-08-06,district,ASSAM & MEGHALAYA,MEGHALAYA,WEST GARO HILLS,0.7,14.3,-95.0,LD,368.3,1184.4,-69.0,LD,2026-08-09 21:00:47.974671
2026-08-06,2026-06-01,2026-08-06,district,ASSAM & MEGHALAYA,MEGHALAYA,WEST JAINTIA HILLS,1.0,17.6,-94.0,LD,667.7,2954.3,-77.0,LD,2026-08-09 21:00:47.974671
2026-08-06,2026-06-01,2026-08-06,district,ASSAM & MEGHALAYA,MEGHALAYA,WEST KHASI HILLS,7.6,14.8,-48.0,D,505.4,1726.4,-71.0,LD,2026-08-09 21:00:47.974671
2026-08-06,2026-06-01,2026-08-06,district,BIHAR,BIHAR,ARARIA,1.9,11.9,-84.0,LD,624.3,820.7,-24.0,D,2026-08-09 21:00:47.974671
2026-08-06,2026-06-01,2026-08-06,district,BIHAR,BIHAR,ARWAL,4.4,4.9,-11.0,N,184.4,369.3,-50.0,D,2026-08-09 21:00:47.974671
2026-08-06,2026-06-01,2026-08-06,district,BIHAR,BIHAR,AURANGABAD,43.6,10.3,323.0,LE,315.6,469.4,-33.0,D,2026-08-09 21:00:47.974671
2026-08-06,2026-06-01,2026-08-06,district,BIHAR,BIHAR,BANKA,30.8,6.8,353.0,LE,261.3,468.3,-44.0,D,2026-08-09 21:00:47.974671
2026-08-06,2026-06-01,2026-08-06,district,BIHAR,BIHAR,BEGUSARAI,38.2,5.6,583.0,LE,372.8,543.0,-31.0,D,2026-08-09 21:00:47.974671
2026-08-06,2026-06-01,2026-08-06,district,BIHAR,BIHAR,BHABUA,28.6,8.6,232.0,LE,223.8,454.0,-51.0,D,2026-08-09 21:00:47.974671
2026-08-06,2026-06-01,2026-08-06,district,BIHAR,BIHAR,BHAGALPUR,19.5,7.6,157.0,LE,244.3,545.7,-55.0,D,2026-08-09 21:00:47.974671
2026-08-06,2026-06-01,2026-08-06,district,BIHAR,BIHAR,BHOJPUR,23.2,6.4,262.0,LE,244.0,464.0,-47.0,D,2026-08-09 21:00:47.974671
2026-08-06,2026-06-01,2026-08-06,district,BIHAR,BIHAR,BUXAR,18.3,6.1,199.0,LE,330.3,422.4,-22.0,D,2026-08-09 21:00:47.974671
2026-08-06,2026-06-01,2026-08-06,district,BIHAR,BIHAR,DARBHANGA,4.6,6.3,-27.0,D,278.3,507.0,-45.0,D,2026-08-09 21:00:47.974671
2026-08-06,2026-06-01,2026-08-06,district,BIHAR,BIHAR,EAST CHAMPARAN,12.1,7.6,59.0,E,374.7,593.3,-37.0,D,2026-08-09 21:00:47.974671
2026-08-06,2026-06-01,2026-08-06,district,BIHAR,BIHAR,GAYA,27.9,7.9,253.0,LE,253.8,459.7,-45.0,D,2026-08-09 21:00:47.974671
2026-08-06,2026-06-01,2026-08-06,district,BIHAR,BIHAR,GOPALGANJ,17.7,5.2,240.0,LE,374.7,524.7,-29.0,D,2026-08-09 21:00:47.974671
2026-08-06,2026-06-01,2026-08-06,district,BIHAR,BIHAR,JAHANABAD,14.4,6.5,122.0,LE,166.0,445.2,-63.0,LD,2026-08-09 21:00:47.974671
2026-08-06,2026-06-01,2026-08-06,district,BIHAR,BIHAR,JAMUI,22.9,9.3,146.0,LE,244.8,510.7,-52.0,D,2026-08-09 21:00:47.974671
2026-08-06,2026-06-01,2026-08-06,district,BIHAR,BIHAR,KATIHAR,11.1,6.9,61.0,LE,407.3,612.4,-33.0,D,2026-08-09 21:00:47.974671
2026-08-06,2026-06-01,2026-08-06,district,BIHAR,BIHAR,KHAGARIA,79.7,6.5,1127.0,LE,536.5,538.0,0.0,N,2026-08-09 21:00:47.974671
2026-08-06,2026-06-01,2026-08-06,district,BIHAR,BIHAR,KISHANGANJ,0.5,16.4,-97.0,LD,834.9,1021.1,-18.0,N,2026-08-09 21:00:47.974671
2026-08-06,2026-06-01,2026-08-06,district,BIHAR,BIHAR,LAKHISARAI,36.4,7.9,361.0,LE,439.4,466.9,-6.0,N,2026-08-09 21:00:47.974671
2026-08-06,2026-06-01,2026-08-06,district,BIHAR,BIHAR,MADHEPURA,10.9,7.6,43.0,E,394.1,580.5,-32.0,D,2026-08-09 21:00:47.974671
2026-08-06,2026-06-01,2026-08-06,district,BIHAR,BIHAR,MADHUBANI,16.0,7.2,123.0,LE,397.4,568.6,-30.0,D,2026-08-09 21:00:47.974671
2026-08-06,2026-06-01,2026-08-06,district,BIHAR,BIHAR,MUNGER,38.0,8.7,337.0,LE,375.5,572.3,-34.0,D,2026-08-09 21:00:47.974671
2026-08-06,2026-06-01,2026-08-06,district,BIHAR,BIHAR,MUZAFFARPUR,30.0,5.4,455.0,LE,306.1,529.3,-42.0,D,2026-08-09 21:00:47.974671
2026-08-06,2026-06-01,2026-08-06,district,BIHAR,BIHAR,NALANDA,26.5,6.7,296.0,LE,259.2,460.7,-44.0,D,2026-08-09 21:00:47.974671
2026-08-06,2026-06-01,2026-08-06,district,BIHAR,BIHAR,NAWADA,52.8,9.4,462.0,LE,305.6,450.5,-32.0,D,2026-08-09 21:00:47.974671
2026-08-06,2026-06-01,2026-08-06,district,BIHAR,BIHAR,PATNA,8.4,4.4,91.0,LE,241.5,483.8,-50.0,D,2026-08-09 21:00:47.974671
2026-08-06,2026-06-01,2026-08-06,district,BIHAR,BIHAR,PURNEA,5.1,11.7,-57.0,D,525.6,823.5,-36.0,D,2026-08-09 21:00:47.974671
2026-08-06,2026-06-01,2026-08-06,district,BIHAR,BIHAR,ROHTAS,19.6,8.7,126.0,LE,271.6,453.6,-40.0,D,2026-08-09 21:00:47.974671
2026-08-06,2026-06-01,2026-08-06,district,BIHAR,BIHAR,SAHARSA,11.4,6.7,70.0,LE,348.1,615.1,-43.0,D,2026-08-09 21:00:47.974671
2026-08-06,2026-06-01,2026-08-06,district,BIHAR,BIHAR,SAMASTIPUR,51.6,5.7,806.0,LE,313.4,509.2,-38.0,D,2026-08-09 21:00:47.974671
2026-08-06,2026-06-01,2026-08-06,district,BIHAR,BIHAR,SARAN,11.9,7.2,65.0,LE,282.9,487.9,-42.0,D,2026-08-09 21:00:47.974671
2026-08-06,2026-06-01,2026-08-06,district,BIHAR,BIHAR,SHEIKHPURA,16.0,5.3,203.0,LE,302.9,466.9,-35.0,D,2026-08-09 21:00:47.974671
2026-08-06,2026-06-01,2026-08-06,district,BIHAR,BIHAR,SHEOHAR,5.6,4.6,23.0,E,287.5,579.1,-50.0,D,2026-08-09 21:00:47.974671
2026-08-06,2026-06-01,2026-08-06,district,BIHAR,BIHAR,SITAMARHI,12.4,5.7,117.0,LE,305.3,619.9,-51.0,D,2026-08-09 21:00:47.974671
2026-08-06,2026-06-01,2026-08-06,district,BIHAR,BIHAR,SIWAN,10.5,8.2,28.0,E,455.2,483.0,-6.0,N,2026-08-09 21:00:47.974671
2026-08-06,2026-06-01,2026-08-06,district,BIHAR,BIHAR,SUPAUL,4.1,6.5,-37.0,D,551.7,640.3,-14.0,N,2026-08-09 21:00:47.974671
2026-08-06,2026-06-01,2026-08-06,district,BIHAR,BIHAR,VAISHALI,21.6,5.3,308.0,LE,326.6,499.7,-35.0,D,2026-08-09 21:00:47.974671
2026-08-06,2026-06-01,2026-08-06,district,BIHAR,BIHAR,WEST CHAMPARAN,33.6,5.4,522.0,LE,530.1,698.2,-24.0,D,2026-08-09 21:00:47.974671
2026-08-06,2026-06-01,2026-08-06,district,CHHATTISGARH,CHHATTISGARH,BALOD,2.3,13.7,-83.0,LD,685.1,568.0,21.0,E,2026-08-09 21:00:47.974671
2026-08-06,2026-06-01,2026-08-06,district,CHHATTISGARH,CHHATTISGARH,BALODA BAZAR,31.8,7.1,348.0,LE,679.7,522.3,30.0,E,2026-08-09 21:00:47.974671
2026-08-06,2026-06-01,2026-08-06,district,CHHATTISGARH,CHHATTISGARH,BALRAMPUR,10.7,13.2,-19.0,N,552.3,529.4,4.0,N,2026-08-09 21:00:47.974671
2026-08-06,2026-06-01,2026-08-06,district,CHHATTISGARH,CHHATTISGARH,BASTAR,0.1,11.0,-99.0,LD,538.8,665.3,-19.0,N,2026-08-09 21:00:47.974671
2026-08-06,2026-06-01,2026-08-06,district,CHHATTISGARH,CHHATTISGARH,BEMETARA,9.4,10.5,-11.0,N,352.3,581.8,-39.0,D,2026-08-09 21:00:47.974671
2026-08-06,2026-06-01,2026-08-06,district,CHHATTISGARH,CHHATTISGARH,BIJAPUR,4.6,17.0,-73.0,LD,749.2,764.0,-2.0,N,2026-08-09 21:00:47.974671
2026-08-06,2026-06-01,2026-08-06,district,CHHATTISGARH,CHHATTISGARH,BILASPUR,19.4,12.0,62.0,LE,630.7,571.7,10.0,N,2026-08-09 21:00:47.974671
2026-08-06,2026-06-01,2026-08-06,district,CHHATTISGARH,CHHATTISGARH,DANTEWADA,2.8,18.0,-84.0,LD,641.8,722.8,-11.0,N,2026-08-09 21:00:47.974671
2026-08-06,2026-06-01,2026-08-06,district,CHHATTISGARH,CHHATTISGARH,DHAMTARI,3.9,7.5,-48.0,D,642.5,591.3,9.0,N,2026-08-09 21:00:47.974671
2026-08-06,2026-06-01,2026-08-06,district,CHHATTISGARH,CHHATTISGARH,DURG,1.2,11.5,-90.0,LD,512.5,558.0,-8.0,N,2026-08-09 21:00:47.974671
2026-08-06,2026-06-01,2026-08-06,district,CHHATTISGARH,CHHATTISGARH,GARIABAND,11.8,14.4,-18.0,N,718.5,586.1,23.0,E,2026-08-09 21:00:47.974671
2026-08-06,2026-06-01,2026-08-06,district,CHHATTISGARH,CHHATTISGARH,GAURELA PENDRA MARWAHI,13.1,13.8,-5.0,N,559.7,599.2,-7.0,N,2026-08-09 21:00:47.974671
2026-08-06,2026-06-01,2026-08-06,district,CHHATTISGARH,CHHATTISGARH,JANJGIR,22.7,12.0,89.0,LE,798.1,598.0,33.0,E,2026-08-09 21:00:47.974671
2026-08-06,2026-06-01,2026-08-06,district,CHHATTISGARH,CHHATTISGARH,JASHPUR,14.2,14.7,-4.0,N,414.6,797.7,-48.0,D,2026-08-09 21:00:47.974671
2026-08-06,2026-06-01,2026-08-06,district,CHHATTISGARH,CHHATTISGARH,KABIRDHAM,12.4,12.5,0.0,N,375.2,473.6,-21.0,D,2026-08-09 21:00:47.974671
2026-08-06,2026-06-01,2026-08-06,district,CHHATTISGARH,CHHATTISGARH,KANKER,4.5,16.7,-73.0,LD,529.3,736.8,-28.0,D,2026-08-09 21:00:47.974671
2026-08-06,2026-06-01,2026-08-06,district,CHHATTISGARH,CHHATTISGARH,KHAIRAGARH CHH GANDAI,12.5,9.0,39.0,E,415.7,414.5,0.0,N,2026-08-09 21:00:47.974671
2026-08-06,2026-06-01,2026-08-06,district,CHHATTISGARH,CHHATTISGARH,KONDAGAON,8.8,12.1,-27.0,D,596.3,649.4,-8.0,N,2026-08-09 21:00:47.974671
2026-08-06,2026-06-01,2026-08-06,district,CHHATTISGARH,CHHATTISGARH,KORBA,11.6,16.2,-29.0,D,588.5,719.4,-18.0,N,2026-08-09 21:00:47.974671
2026-08-06,2026-06-01,2026-08-06,district,CHHATTISGARH,CHHATTISGARH,KORIYA,12.1,15.1,-20.0,D,507.0,633.3,-20.0,D,2026-08-09 21:00:47.974671
2026-08-06,2026-06-01,2026-08-06,district,CHHATTISGARH,CHHATTISGARH,MAHASAMUND,12.8,13.2,-3.0,N,755.0,587.0,29.0,E,2026-08-09 21:00:47.974671
2026-08-06,2026-06-01,2026-08-06,district,CHHATTISGARH,CHHATTISGARH,MANENDRAGARH BHARATPUR,12.0,15.1,-21.0,D,489.3,633.1,-23.0,D,2026-08-09 21:00:47.974671
2026-08-06,2026-06-01,2026-08-06,district,CHHATTISGARH,CHHATTISGARH,MOHALA MANPUR CHOWKI,0.1,15.3,-99.0,LD,528.5,600.2,-12.0,N,2026-08-09 21:00:47.974671
2026-08-06,2026-06-01,2026-08-06,district,CHHATTISGARH,CHHATTISGARH,MUNGELI,19.5,10.4,87.0,LE,634.3,544.0,17.0,N,2026-08-09 21:00:47.974671
2026-08-06,2026-06-01,2026-08-06,district,CHHATTISGARH,CHHATTISGARH,NARAYANPUR,2.2,19.1,-89.0,LD,1004.7,680.1,48.0,E,2026-08-09 21:00:47.974671
2026-08-06,2026-06-01,2026-08-06,district,CHHATTISGARH,CHHATTISGARH,RAIGARH,13.8,13.1,5.0,N,580.3,668.1,-13.0,N,2026-08-09 21:00:47.974671
2026-08-06,2026-06-01,2026-08-06,district,CHHATTISGARH,CHHATTISGARH,RAIPUR,6.9,11.3,-39.0,D,651.1,561.2,16.0,N,2026-08-09 21:00:47.974671
2026-08-06,2026-06-01,2026-08-06,district,CHHATTISGARH,CHHATTISGARH,RAJNANDGAON,0.3,15.9,-98.0,LD,529.4,598.8,-12.0,N,2026-08-09 21:00:47.974671
2026-08-06,2026-06-01,2026-08-06,district,CHHATTISGARH,CHHATTISGARH,SAKTI,31.1,12.6,147.0,LE,649.7,626.3,4.0,N,2026-08-09 21:00:47.974671
2026-08-06,2026-06-01,2026-08-06,district,CHHATTISGARH,CHHATTISGARH,SARANGARH BILAIGARH,17.3,9.3,87.0,LE,853.0,531.0,61.0,LE,2026-08-09 21:00:47.974671
2026-08-06,2026-06-01,2026-08-06,district,CHHATTISGARH,CHHATTISGARH,SUKMA,13.3,16.1,-17.0,N,557.6,681.7,-18.0,N,2026-08-09 21:00:47.974671
2026-08-06,2026-06-01,2026-08-06,district,CHHATTISGARH,CHHATTISGARH,SURAJPUR,8.7,15.8,-45.0,D,595.5,681.4,-13.0,N,2026-08-09 21:00:47.974671
2026-08-06,2026-06-01,2026-08-06,district,CHHATTISGARH,CHHATTISGARH,SURGUJA,5.4,16.5,-67.0,LD,322.8,684.5,-53.0,D,2026-08-09 21:00:47.974671
2026-08-06,2026-06-01,2026-08-06,district,COASTAL A. P. & YANAM,ANDHRA PRADESH,ANAKAPALLI,0.0,2.7,-100.0,NR,220.6,306.3,-28.0,D,2026-08-09 21:00:47.974671
2026-08-06,2026-06-01,2026-08-06,district,COASTAL A. P. & YANAM,ANDHRA PRADESH,BAPATLA,0.9,3.5,-75.0,LD,116.9,257.0,-55.0,D,2026-08-09 21:00:47.974671
2026-08-06,2026-06-01,2026-08-06,district,COASTAL A. P. & YANAM,ANDHRA PRADESH,DR B R AMBEDKAR KONASEEMA,0.0,7.9,-100.0,NR,386.8,395.6,-2.0,N,2026-08-09 21:00:47.974671
2026-08-06,2026-06-01,2026-08-06,district,COASTAL A. P. & YANAM,ANDHRA PRADESH,EAST GODAVARI,0.0,6.2,-100.0,NR,259.7,377.3,-31.0,D,2026-08-09 21:00:47.974671
2026-08-06,2026-06-01,2026-08-06,district,COASTAL A. P. & YANAM,ANDHRA PRADESH,ELURU,7.0,7.1,-1.0,N,319.3,464.3,-31.0,D,2026-08-09 21:00:47.974671
2026-08-06,2026-06-01,2026-08-06,district,COASTAL A. P. & YANAM,ANDHRA PRADESH,GUNTUR,0.9,4.3,-80.0,LD,252.6,301.7,-16.0,N,2026-08-09 21:00:47.974671
2026-08-06,2026-06-01,2026-08-06,district,COASTAL A. P. & YANAM,ANDHRA PRADESH,KAKINADA,0.0,4.4,-100.0,NR,261.0,348.6,-25.0,D,2026-08-09 21:00:47.974671
2026-08-06,2026-06-01,2026-08-06,district,COASTAL A. P. & YANAM,ANDHRA PRADESH,KRISHNA,10.2,4.6,122.0,LE,245.0,349.5,-30.0,D,2026-08-09 21:00:47.974671
2026-08-06,2026-06-01,2026-08-06,district,COASTAL A. P. & YANAM,ANDHRA PRADESH,NTR DISTRICT,7.2,6.0,20.0,E,267.0,368.2,-27.0,D,2026-08-09 21:00:47.974671
2026-08-06,2026-06-01,2026-08-06,district,COASTAL A. P. & YANAM,ANDHRA PRADESH,PALNADU,0.0,5.2,-100.0,NR,195.6,276.3,-29.0,D,2026-08-09 21:00:47.974671
2026-08-06,2026-06-01,2026-08-06,district,COASTAL A. P. & YANAM,ANDHRA PRADESH,PARVATHIPURAM MANYAM,4.3,5.1,-16.0,N,211.5,406.3,-48.0,D,2026-08-09 21:00:47.974671
2026-08-06,2026-06-01,2026-08-06,district,COASTAL A. P. & YANAM,ANDHRA PRADESH,PRAKASAM,0.5,3.8,-86.0,LD,90.5,175.8,-49.0,D,2026-08-09 21:00:47.974671
2026-08-06,2026-06-01,2026-08-06,district,COASTAL A. P. & YANAM,ANDHRA PRADESH,SPSR NELLORE,0.3,2.6,-88.0,LD,107.3,155.6,-31.0,D,2026-08-09 21:00:47.974671
2026-08-06,2026-06-01,2026-08-06,district,COASTAL A. P. & YANAM,ANDHRA PRADESH,SRI ALLURI SITHARAMARAJU DISTRICT,0.2,8.4,-97.0,LD,252.1,498.8,-49.0,D,2026-08-09 21:00:47.974671
2026-08-06,2026-06-01,2026-08-06,district,COASTAL A. P. & YANAM,ANDHRA PRADESH,SRIKAKULAM,5.0,6.4,-21.0,D,183.8,368.4,-50.0,D,2026-08-09 21:00:47.974671
2026-08-06,2026-06-01,2026-08-06,district,COASTAL A. P. & YANAM,ANDHRA PRADESH,VISHAKHAPATNAM,6.1,3.2,92.0,LE,154.2,271.0,-43.0,D,2026-08-09 21:00:47.974671
2026-08-06,2026-06-01,2026-08-06,district,COASTAL A. P. & YANAM,ANDHRA PRADESH,VIZIANAGARAM,4.9,3.3,48.0,E,231.8,344.2,-33.0,D,2026-08-09 21:00:47.974671
2026-08-06,2026-06-01,2026-08-06,district,COASTAL A. P. & YANAM,ANDHRA PRADESH,WEST GODAVARI,13.8,7.0,97.0,LE,186.0,380.7,-51.0,D,2026-08-09 21:00:47.974671
2026-08-06,2026-06-01,2026-08-06,district,COASTAL A. P. & YANAM,PUDUCHERRY (UT),YANAM,0.0,5.0,-100.0,NR,220.0,364.5,-40.0,D,2026-08-09 21:00:47.974671
2026-08-06,2026-06-01,2026-08-06,district,COASTAL KARNATAKA,KARNATAKA,DAKSHINA KANNADA,30.2,33.1,-9.0,N,1875.4,2303.9,-19.0,N,2026-08-09 21:00:47.974671
2026-08-06,2026-06-01,2026-08-06,district,COASTAL KARNATAKA,KARNATAKA,UDUPI,24.9,33.2,-25.0,D,1979.7,2617.1,-24.0,D,2026-08-09 21:00:47.974671
2026-08-06,2026-06-01,2026-08-06,district,COASTAL KARNATAKA,KARNATAKA,UTTARA KANNADA,10.8,28.4,-62.0,LD,1493.9,1920.7,-22.0,D,2026-08-09 21:00:47.974671
2026-08-06,2026-06-01,2026-08-06,district,EAST MADHYA PRADESH,MADHYA PRADESH,ANUPPUR,12.9,12.6,2.0,N,520.1,563.5,-8.0,N,2026-08-09 21:00:47.974671
2026-08-06,2026-06-01,2026-08-06,district,EAST MADHYA PRADESH,MADHYA PRADESH,BALAGHAT,9.9,13.3,-26.0,D,616.3,704.7,-13.0,N,2026-08-09 21:00:47.974671
2026-08-06,2026-06-01,2026-08-06,district,EAST MADHYA PRADESH,MADHYA PRADESH,CHHATARPUR,16.3,16.3,0.0,N,366.4,486.5,-25.0,D,2026-08-09 21:00:47.974671
2026-08-06,2026-06-01,2026-08-06,district,EAST MADHYA PRADESH,MADHYA PRADESH,CHHINDWARA,0.7,12.0,-94.0,LD,484.1,578.0,-16.0,N,2026-08-09 21:00:47.974671
2026-08-06,2026-06-01,2026-08-06,district,EAST MADHYA PRADESH,MADHYA PRADESH,DAMOH,0.1,19.3,-99.0,LD,466.4,603.9,-23.0,D,2026-08-09 21:00:47.974671
2026-08-06,2026-06-01,2026-08-06,district,EAST MADHYA PRADESH,MADHYA PRADESH,DINDORI,4.1,15.2,-73.0,LD,530.8,666.3,-20.0,D,2026-08-09 21:00:47.974671
2026-08-06,2026-06-01,2026-08-06,district,EAST MADHYA PRADESH,MADHYA PRADESH,JABALPUR,0.0,15.4,-100.0,NR,415.5,599.9,-31.0,D,2026-08-09 21:00:47.974671
2026-08-06,2026-06-01,2026-08-06,district,EAST MADHYA PRADESH,MADHYA PRADESH,KATNI,1.2,9.8,-88.0,LD,371.5,525.4,-29.0,D,2026-08-09 21:00:47.974671
2026-08-06,2026-06-01,2026-08-06,district,EAST MADHYA PRADESH,MADHYA PRADESH,MAIHAR,53.1,12.7,318.0,LE,337.1,518.2,-35.0,D,2026-08-09 21:00:47.974671
2026-08-06,2026-06-01,2026-08-06,district,EAST MADHYA PRADESH,MADHYA PRADESH,MANDLA,9.5,14.4,-34.0,D,449.5,670.2,-33.0,D,2026-08-09 21:00:47.974671
2026-08-06,2026-06-01,2026-08-06,district,EAST MADHYA PRADESH,MADHYA PRADESH,MAUGANJ,9.3,12.9,-28.0,D,498.9,508.7,-2.0,N,2026-08-09 21:00:47.974671
2026-08-06,2026-06-01,2026-08-06,district,EAST MADHYA PRADESH,MADHYA PRADESH,NARSINGHPUR,0.0,13.6,-100.0,NR,370.8,552.8,-33.0,D,2026-08-09 21:00:47.974671
2026-08-06,2026-06-01,2026-08-06,district,EAST MADHYA PRADESH,MADHYA PRADESH,NIWARI,20.0,9.5,111.0,LE,317.0,387.3,-18.0,N,2026-08-09 21:00:47.974671
2026-08-06,2026-06-01,2026-08-06,district,EAST MADHYA PRADESH,MADHYA PRADESH,PANDHURNA,0.0,8.9,-100.0,NR,444.6,455.6,-2.0,N,2026-08-09 21:00:47.974671
2026-08-06,2026-06-01,2026-08-06,district,EAST MADHYA PRADESH,MADHYA PRADESH,PANNA,3.1,19.4,-84.0,LD,397.1,572.4,-31.0,D,2026-08-09 21:00:47.974671
2026-08-06,2026-06-01,2026-08-06,district,EAST MADHYA PRADESH,MADHYA PRADESH,REWA,21.9,8.3,164.0,LE,206.7,526.6,-61.0,LD,2026-08-09 21:00:47.974671
2026-08-06,2026-06-01,2026-08-06,district,EAST MADHYA PRADESH,MADHYA PRADESH,SAGAR,2.2,13.4,-84.0,LD,381.3,597.3,-36.0,D,2026-08-09 21:00:47.974671
2026-08-06,2026-06-01,2026-08-06,district,EAST MADHYA PRADESH,MADHYA PRADESH,SATNA,24.6,7.8,215.0,LE,426.3,504.9,-16.0,N,2026-08-09 21:00:47.974671
2026-08-06,2026-06-01,2026-08-06,district,EAST MADHYA PRADESH,MADHYA PRADESH,SEONI,1.0,8.1,-88.0,LD,541.7,591.7,-8.0,N,2026-08-09 21:00:47.974671
2026-08-06,2026-06-01,2026-08-06,district,EAST MADHYA PRADESH,MADHYA PRADESH,SHAHDOL,2.3,18.0,-87.0,LD,493.3,526.6,-6.0,N,2026-08-09 21:00:47.974671
2026-08-06,2026-06-01,2026-08-06,district,EAST MADHYA PRADESH,MADHYA PRADESH,SIDHI,44.7,11.6,285.0,LE,430.8,547.5,-21.0,D,2026-08-09 21:00:47.974671
2026-08-06,2026-06-01,2026-08-06,district,EAST MADHYA PRADESH,MADHYA PRADESH,SINGRAULI,32.9,12.0,174.0,LE,408.5,578.0,-29.0,D,2026-08-09 21:00:47.974671
2026-08-06,2026-06-01,2026-08-06,district,EAST MADHYA PRADESH,MADHYA PRADESH,TIKAMGARH,7.4,15.9,-54.0,D,328.0,510.0,-36.0,D,2026-08-09 21:00:47.974671
2026-08-06,2026-06-01,2026-08-06,district,EAST MADHYA PRADESH,MADHYA PRADESH,UMARIA,2.2,18.5,-88.0,LD,493.1,544.8,-9.0,N,2026-08-09 21:00:47.974671
2026-08-06,2026-06-01,2026-08-06,district,EAST RAJASTHAN,RAJASTHAN,AJMER,1.8,6.5,-73.0,LD,278.3,257.1,8.0,N,2026-08-09 21:00:47.974671
2026-08-06,2026-06-01,2026-08-06,district,EAST RAJASTHAN,RAJASTHAN,ALWAR,28.2,6.3,347.0,LE,257.7,303.7,-15.0,N,2026-08-09 21:00:47.974671
2026-08-06,2026-06-01,2026-08-06,district,EAST RAJASTHAN,RAJASTHAN,BANSWARA,2.7,12.2,-78.0,LD,270.1,473.2,-43.0,D,2026-08-09 21:00:47.974671
2026-08-06,2026-06-01,2026-08-06,district,EAST RAJASTHAN,RAJASTHAN,BARAN,3.4,14.7,-77.0,LD,349.3,467.6,-25.0,D,2026-08-09 21:00:47.974671
2026-08-06,2026-06-01,2026-08-06,district,EAST RAJASTHAN,RAJASTHAN,BHARATPUR,78.1,7.1,1000.0,LE,363.6,290.8,25.0,E,2026-08-09 21:00:47.974671
2026-08-06,2026-06-01,2026-08-06,district,EAST RAJASTHAN,RAJASTHAN,BHILWARA,0.2,8.4,-97.0,LD,274.6,331.7,-17.0,N,2026-08-09 21:00:47.974671
2026-08-06,2026-06-01,2026-08-06,district,EAST RAJASTHAN,RAJASTHAN,BUNDI,7.2,9.2,-22.0,D,260.1,362.4,-28.0,D,2026-08-09 21:00:47.974671
2026-08-06,2026-06-01,2026-08-06,district,EAST RAJASTHAN,RAJASTHAN,CHITTORGARH,0.9,7.7,-88.0,LD,303.5,389.1,-22.0,D,2026-08-09 21:00:47.974671
2026-08-06,2026-06-01,2026-08-06,district,EAST RAJASTHAN,RAJASTHAN,DAUSA,20.4,7.4,176.0,LE,306.4,337.3,-9.0,N,2026-08-09 21:00:47.974671
2026-08-06,2026-06-01,2026-08-06,district,EAST RAJASTHAN,RAJASTHAN,DHOLPUR,43.8,9.2,376.0,LE,289.2,307.5,-6.0,N,2026-08-09 21:00:47.974671
2026-08-06,2026-06-01,2026-08-06,district,EAST RAJASTHAN,RAJASTHAN,DUNGARPUR,1.9,6.6,-71.0,LD,255.5,385.3,-34.0,D,2026-08-09 21:00:47.974671
2026-08-06,2026-06-01,2026-08-06,district,EAST RAJASTHAN,RAJASTHAN,JAIPUR,4.5,6.7,-33.0,D,210.7,309.9,-32.0,D,2026-08-09 21:00:47.974671
2026-08-06,2026-06-01,2026-08-06,district,EAST RAJASTHAN,RAJASTHAN,JHALAWAR,0.2,13.1,-98.0,LD,309.1,475.9,-35.0,D,2026-08-09 21:00:47.974671
2026-08-06,2026-06-01,2026-08-06,district,EAST RAJASTHAN,RAJASTHAN,JHUNJHUNU,5.8,5.4,6.0,N,296.8,248.3,20.0,E,2026-08-09 21:00:47.974671
2026-08-06,2026-06-01,2026-08-06,district,EAST RAJASTHAN,RAJASTHAN,KARAULI,21.3,9.0,137.0,LE,209.7,326.2,-36.0,D,2026-08-09 21:00:47.974671
2026-08-06,2026-06-01,2026-08-06,district,EAST RAJASTHAN,RAJASTHAN,KOTA,3.8,10.1,-63.0,LD,259.1,407.2,-36.0,D,2026-08-09 21:00:47.974671
2026-08-06,2026-06-01,2026-08-06,district,EAST RAJASTHAN,RAJASTHAN,PRATAPGARH,0.4,10.3,-96.0,LD,459.2,485.0,-5.0,N,2026-08-09 21:00:47.974671
2026-08-06,2026-06-01,2026-08-06,district,EAST RAJASTHAN,RAJASTHAN,RAJSAMAND,3.7,6.9,-46.0,D,277.7,297.6,-7.0,N,2026-08-09 21:00:47.974671
2026-08-06,2026-06-01,2026-08-06,district,EAST RAJASTHAN,RAJASTHAN,SAWAI MADHOPUR,2.9,9.9,-71.0,LD,211.3,370.5,-43.0,D,2026-08-09 21:00:47.974671
2026-08-06,2026-06-01,2026-08-06,district,EAST RAJASTHAN,RAJASTHAN,SIKAR,0.0,4.3,-100.0,NR,256.4,256.5,0.0,N,2026-08-09 21:00:47.974671
2026-08-06,2026-06-01,2026-08-06,district,EAST RAJASTHAN,RAJASTHAN,SIROHI,3.9,18.1,-79.0,LD,365.1,508.3,-28.0,D,2026-08-09 21:00:47.974671
2026-08-06,2026-06-01,2026-08-06,district,EAST RAJASTHAN,RAJASTHAN,TONK,0.1,10.4,-99.0,LD,269.9,317.6,-15.0,N,2026-08-09 21:00:47.974671
2026-08-06,2026-06-01,2026-08-06,district,EAST RAJASTHAN,RAJASTHAN,UDAIPUR,0.0,6.6,-100.0,NR,231.0,346.8,-33.0,D,2026-08-09 21:00:47.974671
2026-08-06,2026-06-01,2026-08-06,district,EAST UTTAR PRADESH,UTTAR PRADESH,AMBEDKAR NAGAR,19.3,6.4,202.0,LE,316.4,462.7,-32.0,D,2026-08-09 21:00:47.974671
2026-08-06,2026-06-01,2026-08-06,district,EAST UTTAR PRADESH,UTTAR PRADESH,AMETHI,9.9,6.4,55.0,E,169.3,356.5,-53.0,D,2026-08-09 21:00:47.974671
2026-08-06,2026-06-01,2026-08-06,district,EAST UTTAR PRADESH,UTTAR PRADESH,AYODHYA,16.7,9.8,71.0,LE,353.6,461.5,-23.0,D,2026-08-09 21:00:47.974671
2026-08-06,2026-06-01,2026-08-06,district,EAST UTTAR PRADESH,UTTAR PRADESH,AZAMGARH,22.9,5.9,288.0,LE,298.6,448.1,-33.0,D,2026-08-09 21:00:47.974671
2026-08-06,2026-06-01,2026-08-06,district,EAST UTTAR PRADESH,UTTAR PRADESH,BAHRAICH,37.9,8.6,340.0,LE,503.1,552.4,-9.0,N,2026-08-09 21:00:47.974671
2026-08-06,2026-06-01,2026-08-06,district,EAST UTTAR PRADESH,UTTAR PRADESH,BALLIA,1.3,6.8,-81.0,LD,357.9,396.0,-10.0,N,2026-08-09 21:00:47.974671
2026-08-06,2026-06-01,2026-08-06,district,EAST UTTAR PRADESH,UTTAR PRADESH,BALRAMPUR,16.7,2.5,569.0,LE,415.9,424.7,-2.0,N,2026-08-09 21:00:47.974671
2026-08-06,2026-06-01,2026-08-06,district,EAST UTTAR PRADESH,UTTAR PRADESH,BANDA,22.5,10.3,118.0,LE,359.3,399.7,-10.0,N,2026-08-09 21:00:47.974671
2026-08-06,2026-06-01,2026-08-06,district,EAST UTTAR PRADESH,UTTAR PRADESH,BARABANKI,20.8,6.6,215.0,LE,410.4,441.8,-7.0,N,2026-08-09 21:00:47.974671
2026-08-06,2026-06-01,2026-08-06,district,EAST UTTAR PRADESH,UTTAR PRADESH,BASTI,27.6,7.2,283.0,LE,340.9,458.4,-26.0,D,2026-08-09 21:00:47.974671
2026-08-06,2026-06-01,2026-08-06,district,EAST UTTAR PRADESH,UTTAR PRADESH,BHADOHI,22.0,5.1,331.0,LE,127.5,431.2,-70.0,LD,2026-08-09 21:00:47.974671
2026-08-06,2026-06-01,2026-08-06,district,EAST UTTAR PRADESH,UTTAR PRADESH,CHANDAULI,22.5,7.5,200.0,LE,254.2,368.4,-31.0,D,2026-08-09 21:00:47.974671
2026-08-06,2026-06-01,2026-08-06,district,EAST UTTAR PRADESH,UTTAR PRADESH,CHITRAKOOT,18.7,10.2,83.0,LE,415.3,411.7,1.0,N,2026-08-09 21:00:47.974671
2026-08-06,2026-06-01,2026-08-06,district,EAST UTTAR PRADESH,UTTAR PRADESH,DEORIA,8.5,5.1,67.0,LE,129.5,437.8,-70.0,LD,2026-08-09 21:00:47.974671
2026-08-06,2026-06-01,2026-08-06,district,EAST UTTAR PRADESH,UTTAR PRADESH,FARRUKHABAD,8.2,5.7,43.0,E,210.9,376.6,-44.0,D,2026-08-09 21:00:47.974671
2026-08-06,2026-06-01,2026-08-06,district,EAST UTTAR PRADESH,UTTAR PRADESH,FATEHPUR,18.9,8.6,120.0,LE,156.9,359.8,-56.0,D,2026-08-09 21:00:47.974671
2026-08-06,2026-06-01,2026-08-06,district,EAST UTTAR PRADESH,UTTAR PRADESH,GHAZIPUR,30.8,9.5,224.0,LE,247.5,394.5,-37.0,D,2026-08-09 21:00:47.974671
2026-08-06,2026-06-01,2026-08-06,district,EAST UTTAR PRADESH,UTTAR PRADESH,GONDA,41.5,6.1,580.0,LE,415.9,488.1,-15.0,N,2026-08-09 21:00:47.974671
2026-08-06,2026-06-01,2026-08-06,district,EAST UTTAR PRADESH,UTTAR PRADESH,GORAKHPUR,37.2,12.4,200.0,LE,545.3,673.7,-19.0,N,2026-08-09 21:00:47.974671
2026-08-06,2026-06-01,2026-08-06,district,EAST UTTAR PRADESH,UTTAR PRADESH,HARDOI,11.7,6.4,83.0,LE,239.0,362.9,-34.0,D,2026-08-09 21:00:47.974671
2026-08-06,2026-06-01,2026-08-06,district,EAST UTTAR PRADESH,UTTAR PRADESH,JAUNPUR,10.2,5.5,85.0,LE,121.7,373.3,-67.0,LD,2026-08-09 21:00:47.974671
2026-08-06,2026-06-01,2026-08-06,district,EAST UTTAR PRADESH,UTTAR PRADESH,KANNAUJ,16.9,6.8,149.0,LE,331.8,336.3,-1.0,N,2026-08-09 21:00:47.974671
2026-08-06,2026-06-01,2026-08-06,district,EAST UTTAR PRADESH,UTTAR PRADESH,KANPUR CITY,14.2,6.8,109.0,LE,388.7,340.8,14.0,N,2026-08-09 21:00:47.974671
2026-08-06,2026-06-01,2026-08-06,district,EAST UTTAR PRADESH,UTTAR PRADESH,KANPUR DEHAT,8.6,10.9,-21.0,D,102.3,296.0,-65.0,LD,2026-08-09 21:00:47.974671
2026-08-06,2026-06-01,2026-08-06,district,EAST UTTAR PRADESH,UTTAR PRADESH,KAUSHAMBI,10.5,4.6,128.0,LE,94.4,290.5,-68.0,LD,2026-08-09 21:00:47.974671
2026-08-06,2026-06-01,2026-08-06,district,EAST UTTAR PRADESH,UTTAR PRADESH,KHERI,15.7,9.1,73.0,LE,474.9,511.7,-7.0,N,2026-08-09 21:00:47.974671
2026-08-06,2026-06-01,2026-08-06,district,EAST UTTAR PRADESH,UTTAR PRADESH,KUSHI NAGAR,4.0,8.1,-51.0,D,168.1,418.5,-60.0,LD,2026-08-09 21:00:47.974671
2026-08-06,2026-06-01,2026-08-06,district,EAST UTTAR PRADESH,UTTAR PRADESH,LUCKNOW,26.7,8.3,221.0,LE,261.9,360.8,-27.0,D,2026-08-09 21:00:47.974671
2026-08-06,2026-06-01,2026-08-06,district,EAST UTTAR PRADESH,UTTAR PRADESH,MAHARAJGANJ,22.1,8.8,151.0,LE,524.9,556.8,-6.0,N,2026-08-09 21:00:47.974671
2026-08-06,2026-06-01,2026-08-06,district,EAST UTTAR PRADESH,UTTAR PRADESH,MAU,17.0,4.4,286.0,LE,167.0,433.9,-62.0,LD,2026-08-09 21:00:47.974671
2026-08-06,2026-06-01,2026-08-06,district,EAST UTTAR PRADESH,UTTAR PRADESH,MIRZAPUR,54.4,9.5,473.0,LE,474.2,467.2,1.0,N,2026-08-09 21:00:47.974671
2026-08-06,2026-06-01,2026-08-06,district,EAST UTTAR PRADESH,UTTAR PRADESH,PRATAPGARH,37.0,6.6,461.0,LE,338.8,402.5,-16.0,N,2026-08-09 21:00:47.974671
2026-08-06,2026-06-01,2026-08-06,district,EAST UTTAR PRADESH,UTTAR PRADESH,PRAYAGRAJ,31.9,6.4,399.0,LE,297.5,371.5,-20.0,D,2026-08-09 21:00:47.974671
2026-08-06,2026-06-01,2026-08-06,district,EAST UTTAR PRADESH,UTTAR PRADESH,RAE BAREILLY,8.7,4.7,86.0,LE,122.7,227.7,-46.0,D,2026-08-09 21:00:47.974671
2026-08-06,2026-06-01,2026-08-06,district,EAST UTTAR PRADESH,UTTAR PRADESH,SANT KABIR NAGAR,33.2,5.7,482.0,LE,299.7,581.2,-48.0,D,2026-08-09 21:00:47.974671
2026-08-06,2026-06-01,2026-08-06,district,EAST UTTAR PRADESH,UTTAR PRADESH,SHRAWASTI,1.3,6.5,-79.0,LD,389.1,647.1,-40.0,D,2026-08-09 21:00:47.974671
2026-08-06,2026-06-01,2026-08-06,district,EAST UTTAR PRADESH,UTTAR PRADESH,SIDDHARTH NAGAR,17.7,6.0,195.0,LE,442.2,596.7,-26.0,D,2026-08-09 21:00:47.974671
2026-08-06,2026-06-01,2026-08-06,district,EAST UTTAR PRADESH,UTTAR PRADESH,SITAPUR,18.6,7.3,155.0,LE,217.2,446.2,-51.0,D,2026-08-09 21:00:47.974671
2026-08-06,2026-06-01,2026-08-06,district,EAST UTTAR PRADESH,UTTAR PRADESH,SONBHADRA,10.7,11.6,-8.0,N,345.7,470.9,-27.0,D,2026-08-09 21:00:47.974671
2026-08-06,2026-06-01,2026-08-06,district,EAST UTTAR PRADESH,UTTAR PRADESH,SULTANPUR,23.9,6.9,246.0,LE,415.5,440.1,-6.0,N,2026-08-09 21:00:47.974671
2026-08-06,2026-06-01,2026-08-06,district,EAST UTTAR PRADESH,UTTAR PRADESH,UNNAO,9.8,7.8,26.0,E,188.7,337.2,-44.0,D,2026-08-09 21:00:47.974671
2026-08-06,2026-06-01,2026-08-06,district,EAST UTTAR PRADESH,UTTAR PRADESH,VARANASI,59.9,8.7,588.0,LE,299.2,424.3,-29.0,D,2026-08-09 21:00:47.974671
2026-08-06,2026-06-01,2026-08-06,district,GANGETIC WEST BENGAL,WEST BENGAL,BANKURA,32.4,12.9,151.0,LE,673.1,660.0,2.0,N,2026-08-09 21:00:47.974671
2026-08-06,2026-06-01,2026-08-06,district,GANGETIC WEST BENGAL,WEST BENGAL,BIRBHUM,20.7,10.5,97.0,LE,481.8,641.0,-25.0,D,2026-08-09 21:00:47.974671
2026-08-06,2026-06-01,2026-08-06,district,GANGETIC WEST BENGAL,WEST BENGAL,EAST MIDNAPORE,40.3,13.3,203.0,LE,943.5,691.3,36.0,E,2026-08-09 21:00:47.974671
2026-08-06,2026-06-01,2026-08-06,district,GANGETIC WEST BENGAL,WEST BENGAL,HOOGHLY,51.3,9.2,458.0,LE,631.0,606.3,4.0,N,2026-08-09 21:00:47.974671
2026-08-06,2026-06-01,2026-08-06,district,GANGETIC WEST BENGAL,WEST BENGAL,HOWRAH,8.0,12.7,-37.0,D,748.6,666.2,12.0,N,2026-08-09 21:00:47.974671
2026-08-06,2026-06-01,2026-08-06,district,GANGETIC WEST BENGAL,WEST BENGAL,JHARGRAM,66.6,12.3,441.0,LE,591.2,650.1,-9.0,N,2026-08-09 21:00:47.974671
2026-08-06,2026-06-01,2026-08-06,district,GANGETIC WEST BENGAL,WEST BENGAL,KOLKATA,66.2,11.8,461.0,LE,878.5,744.2,18.0,N,2026-08-09 21:00:47.974671
2026-08-06,2026-06-01,2026-08-06,district,GANGETIC WEST BENGAL,WEST BENGAL,MURSHIDABAD,26.4,7.0,276.0,LE,441.9,572.2,-23.0,D,2026-08-09 21:00:47.974671
2026-08-06,2026-06-01,2026-08-06,district,GANGETIC WEST BENGAL,WEST BENGAL,NADIA,16.6,9.8,70.0,LE,441.4,552.7,-20.0,D,2026-08-09 21:00:47.974671
2026-08-06,2026-06-01,2026-08-06,district,GANGETIC WEST BENGAL,WEST BENGAL,NORTH 24 PARGANAS,57.0,9.3,513.0,LE,867.5,655.2,32.0,E,2026-08-09 21:00:47.974671
2026-08-06,2026-06-01,2026-08-06,district,GANGETIC WEST BENGAL,WEST BENGAL,PASCHIM BARDHAMAN,52.2,10.2,411.0,LE,567.7,623.2,-9.0,N,2026-08-09 21:00:47.974671
2026-08-06,2026-06-01,2026-08-06,district,GANGETIC WEST BENGAL,WEST BENGAL,PURBA BARDHAMAN,34.3,11.7,193.0,LE,552.5,589.7,-6.0,N,2026-08-09 21:00:47.974671
2026-08-06,2026-06-01,2026-08-06,district,GANGETIC WEST BENGAL,WEST BENGAL,PURULIA,38.1,11.6,228.0,LE,434.0,615.4,-29.0,D,2026-08-09 21:00:47.974671
2026-08-06,2026-06-01,2026-08-06,district,GANGETIC WEST BENGAL,WEST BENGAL,SOUTH 24 PARGANAS,41.3,14.3,189.0,LE,886.4,813.9,9.0,N,2026-08-09 21:00:47.974671
2026-08-06,2026-06-01,2026-08-06,district,GANGETIC WEST BENGAL,WEST BENGAL,WEST MIDNAPORE,59.2,12.3,381.0,LE,964.8,650.1,48.0,E,2026-08-09 21:00:47.974671
2026-08-06,2026-06-01,2026-08-06,district,GUJARAT REGION,DADRA & NAGAR HAVELI AND DAMAN & DIU (UT),DADARA & NAGAR HAVELI,10.1,21.8,-54.0,D,2664.0,1479.8,80.0,LE,2026-08-09 21:00:47.974671
2026-08-06,2026-06-01,2026-08-06,district,GUJARAT REGION,DADRA & NAGAR HAVELI AND DAMAN & DIU (UT),DAMAN,2.8,21.8,-87.0,LD,2533.8,1479.8,71.0,LE,2026-08-09 21:00:47.974671
2026-08-06,2026-06-01,2026-08-06,district,GUJARAT REGION,GUJARAT,AHMEDABAD,0.2,9.8,-98.0,LD,519.7,388.9,34.0,E,2026-08-09 21:00:47.974671
2026-08-06,2026-06-01,2026-08-06,district,GUJARAT REGION,GUJARAT,ANAND,0.6,10.8,-95.0,LD,717.3,465.3,54.0,E,2026-08-09 21:00:47.974671
2026-08-06,2026-06-01,2026-08-06,district,GUJARAT REGION,GUJARAT,ARAVALLI,1.7,13.0,-87.0,LD,340.0,474.7,-28.0,D,2026-08-09 21:00:47.974671
2026-08-06,2026-06-01,2026-08-06,district,GUJARAT REGION,GUJARAT,BANASKANTHA,0.0,9.7,-100.0,NR,342.6,353.1,-3.0,N,2026-08-09 21:00:47.974671
2026-08-06,2026-06-01,2026-08-06,district,GUJARAT REGION,GUJARAT,BHARUCH,0.1,6.9,-99.0,LD,713.5,439.8,62.0,LE,2026-08-09 21:00:47.974671
2026-08-06,2026-06-01,2026-08-06,district,GUJARAT REGION,GUJARAT,CHHOTA UDEPUR,0.5,12.4,-96.0,LD,519.9,542.5,-4.0,N,2026-08-09 21:00:47.974671
2026-08-06,2026-06-01,2026-08-06,district,GUJARAT REGION,GUJARAT,DAHOD,2.0,12.8,-84.0,LD,302.1,425.4,-29.0,D,2026-08-09 21:00:47.974671
2026-08-06,2026-06-01,2026-08-06,district,GUJARAT REGION,GUJARAT,DANGS,4.9,34.7,-86.0,LD,2085.7,1354.4,54.0,E,2026-08-09 21:00:47.974671
2026-08-06,2026-06-01,2026-08-06,district,GUJARAT REGION,GUJARAT,GANDHINAGAR,0.3,13.2,-98.0,LD,425.8,447.6,-5.0,N,2026-08-09 21:00:47.974671
2026-08-06,2026-06-01,2026-08-06,district,GUJARAT REGION,GUJARAT,KHEDA,0.0,11.2,-100.0,NR,809.9,460.1,76.0,LE,2026-08-09 21:00:47.974671
2026-08-06,2026-06-01,2026-08-06,district,GUJARAT REGION,GUJARAT,MAHISAGAR,4.2,13.7,-69.0,LD,546.4,440.5,24.0,E,2026-08-09 21:00:47.974671
2026-08-06,2026-06-01,2026-08-06,district,GUJARAT REGION,GUJARAT,MEHSANA,0.0,9.9,-100.0,NR,409.9,406.9,1.0,N,2026-08-09 21:00:47.974671
2026-08-06,2026-06-01,2026-08-06,district,GUJARAT REGION,GUJARAT,NARMADA,0.7,12.3,-94.0,LD,775.6,589.5,32.0,E,2026-08-09 21:00:47.974671
2026-08-06,2026-06-01,2026-08-06,district,GUJARAT REGION,GUJARAT,NAVSARI,3.3,24.5,-87.0,LD,2124.2,1182.3,80.0,LE,2026-08-09 21:00:47.974671
2026-08-06,2026-06-01,2026-08-06,district,GUJARAT REGION,GUJARAT,PANCHMAHAL,1.1,15.9,-93.0,LD,611.6,508.5,20.0,E,2026-08-09 21:00:47.974671
2026-08-06,2026-06-01,2026-08-06,district,GUJARAT REGION,GUJARAT,PATAN,0.0,7.3,-100.0,NR,389.5,317.7,23.0,E,2026-08-09 21:00:47.974671
2026-08-06,2026-06-01,2026-08-06,district,GUJARAT REGION,GUJARAT,SABARKANTHA,0.4,13.3,-97.0,LD,349.8,488.1,-28.0,D,2026-08-09 21:00:47.974671
2026-08-06,2026-06-01,2026-08-06,district,GUJARAT REGION,GUJARAT,SURAT,2.2,12.2,-82.0,LD,1411.1,826.0,71.0,LE,2026-08-09 21:00:47.974671
2026-08-06,2026-06-01,2026-08-06,district,GUJARAT REGION,GUJARAT,TAPI,5.9,15.7,-63.0,LD,1203.9,871.7,38.0,E,2026-08-09 21:00:47.974671
2026-08-06,2026-06-01,2026-08-06,district,GUJARAT REGION,GUJARAT,VADODARA,0.0,10.8,-100.0,NR,492.3,505.2,-3.0,N,2026-08-09 21:00:47.974671
2026-08-06,2026-06-01,2026-08-06,district,GUJARAT REGION,GUJARAT,VALSAD,6.3,21.4,-70.0,LD,2518.5,1344.4,87.0,LE,2026-08-09 21:00:47.974671
2026-08-06,2026-06-01,2026-08-06,district,HAR. CHD & DELHI,CHANDIGARH (UT),CHANDIGARH,0.0,12.3,-100.0,NR,375.0,492.7,-24.0,D,2026-08-09 21:00:47.974671
2026-08-06,2026-06-01,2026-08-06,district,HAR. CHD & DELHI,DELHI (UT),CENTRAL DELHI,23.6,10.9,117.0,LE,392.3,356.0,10.0,N,2026-08-09 21:00:47.974671
2026-08-06,2026-06-01,2026-08-06,district,HAR. CHD & DELHI,DELHI (UT),EAST DELHI,4.0,10.9,-63.0,LD,388.2,356.0,9.0,N,2026-08-09 21:00:47.974671
2026-08-06,2026-06-01,2026-08-06,district,HAR. CHD & DELHI,DELHI (UT),NEW DELHI,31.5,9.1,246.0,LE,262.0,335.5,-22.0,D,2026-08-09 21:00:47.974671
2026-08-06,2026-06-01,2026-08-06,district,HAR. CHD & DELHI,DELHI (UT),NORTH EAST DELHI,25.2,10.9,131.0,LE,343.9,356.0,-3.0,N,2026-08-09 21:00:47.974671
2026-08-06,2026-06-01,2026-08-06,district,HAR. CHD & DELHI,DELHI (UT),NORTH WEST DELHI,6.0,4.1,46.0,E,176.8,227.7,-22.0,D,2026-08-09 21:00:47.974671
2026-08-06,2026-06-01,2026-08-06,district,HAR. CHD & DELHI,DELHI (UT),SOUTH DELHI,25.1,10.9,130.0,LE,292.3,356.0,-18.0,N,2026-08-09 21:00:47.974671
2026-08-06,2026-06-01,2026-08-06,district,HAR. CHD & DELHI,DELHI (UT),SOUTH EAST DELHI,28.7,10.9,163.0,LE,338.7,356.0,-5.0,N,2026-08-09 21:00:47.974671
2026-08-06,2026-06-01,2026-08-06,district,HAR. CHD & DELHI,DELHI (UT),SOUTH WEST DELHI,11.2,7.5,49.0,E,222.6,283.7,-22.0,D,2026-08-09 21:00:47.974671
2026-08-06,2026-06-01,2026-08-06,district,HAR. CHD & DELHI,DELHI (UT),WEST DELHI,14.0,8.1,73.0,LE,312.8,321.9,-3.0,N,2026-08-09 21:00:47.974671
2026-08-06,2026-06-01,2026-08-06,district,HAR. CHD & DELHI,HARYANA,AMBALA,11.1,8.8,26.0,E,235.1,476.4,-51.0,D,2026-08-09 21:00:47.974671
2026-08-06,2026-06-01,2026-08-06,district,HAR. CHD & DELHI,HARYANA,BHIWANI,8.7,3.6,143.0,LE,139.3,167.8,-17.0,N,2026-08-09 21:00:47.974671
2026-08-06,2026-06-01,2026-08-06,district,HAR. CHD & DELHI,HARYANA,CHARKHI DADRI,4.9,6.0,-19.0,N,200.6,226.8,-12.0,N,2026-08-09 21:00:47.974671
2026-08-06,2026-06-01,2026-08-06,district,HAR. CHD & DELHI,HARYANA,FARIDABAD,18.0,8.0,125.0,LE,346.9,284.9,22.0,E,2026-08-09 21:00:47.974671
2026-08-06,2026-06-01,2026-08-06,district,HAR. CHD & DELHI,HARYANA,FATEHABAD,11.9,3.2,272.0,LE,146.4,153.1,-4.0,N,2026-08-09 21:00:47.974671
2026-08-06,2026-06-01,2026-08-06,district,HAR. CHD & DELHI,HARYANA,GURGAON,45.7,8.3,450.0,LE,260.5,263.4,-1.0,N,2026-08-09 21:00:47.974671
2026-08-06,2026-06-01,2026-08-06,district,HAR. CHD & DELHI,HARYANA,HISAR,2.5,2.3,11.0,N,125.4,176.1,-29.0,D,2026-08-09 21:00:47.974671
2026-08-06,2026-06-01,2026-08-06,district,HAR. CHD & DELHI,HARYANA,JHAJJAR,7.3,6.3,16.0,N,177.7,207.1,-14.0,N,2026-08-09 21:00:47.974671
2026-08-06,2026-06-01,2026-08-06,district,HAR. CHD & DELHI,HARYANA,JIND,2.0,5.2,-61.0,LD,83.9,223.9,-63.0,LD,2026-08-09 21:00:47.974671
2026-08-06,2026-06-01,2026-08-06,district,HAR. CHD & DELHI,HARYANA,KAITHAL,0.0,3.2,-100.0,NR,94.5,209.6,-55.0,D,2026-08-09 21:00:47.974671
2026-08-06,2026-06-01,2026-08-06,district,HAR. CHD & DELHI,HARYANA,KARNAL,0.0,3.6,-100.0,NR,205.6,298.1,-31.0,D,2026-08-09 21:00:47.974671
2026-08-06,2026-06-01,2026-08-06,district,HAR. CHD & DELHI,HARYANA,KURUKSHETRA,0.0,2.6,-100.0,NR,243.0,231.1,5.0,N,2026-08-09 21:00:47.974671
2026-08-06,2026-06-01,2026-08-06,district,HAR. CHD & DELHI,HARYANA,MAHENDRAGARH,8.1,4.2,92.0,LE,222.1,230.4,-4.0,N,2026-08-09 21:00:47.974671
2026-08-06,2026-06-01,2026-08-06,district,HAR. CHD & DELHI,HARYANA,NUH,47.9,5.7,740.0,LE,221.9,241.6,-8.0,N,2026-08-09 21:00:47.974671
2026-08-06,2026-06-01,2026-08-06,district,HAR. CHD & DELHI,HARYANA,PALWAL,50.6,3.6,1306.0,LE,267.5,203.3,32.0,E,2026-08-09 21:00:47.974671
2026-08-06,2026-06-01,2026-08-06,district,HAR. CHD & DELHI,HARYANA,PANCHKULA,1.7,13.6,-88.0,LD,208.4,480.1,-57.0,D,2026-08-09 21:00:47.974671
2026-08-06,2026-06-01,2026-08-06,district,HAR. CHD & DELHI,HARYANA,PANIPAT,4.4,4.0,10.0,N,169.0,240.7,-30.0,D,2026-08-09 21:00:47.974671
2026-08-06,2026-06-01,2026-08-06,district,HAR. CHD & DELHI,HARYANA,REWARI,8.0,6.5,24.0,E,263.5,241.6,9.0,N,2026-08-09 21:00:47.974671
2026-08-06,2026-06-01,2026-08-06,district,HAR. CHD & DELHI,HARYANA,ROHTAK,3.9,10.9,-65.0,LD,88.5,256.7,-66.0,LD,2026-08-09 21:00:47.974671
2026-08-06,2026-06-01,2026-08-06,district,HAR. CHD & DELHI,HARYANA,SIRSA,0.9,0.9,-3.0,N,56.0,133.8,-58.0,D,2026-08-09 21:00:47.974671
2026-08-06,2026-06-01,2026-08-06,district,HAR. CHD & DELHI,HARYANA,SONEPAT,8.2,7.6,8.0,N,150.0,259.0,-42.0,D,2026-08-09 21:00:47.974671
2026-08-06,2026-06-01,2026-08-06,district,HAR. CHD & DELHI,HARYANA,YAMUNA NAGAR,15.6,11.6,35.0,E,449.3,512.9,-12.0,N,2026-08-09 21:00:47.974671
2026-08-06,2026-06-01,2026-08-06,district,HIMACHAL PRADESH,HIMACHAL PRADESH,BILASPUR,11.0,14.5,-24.0,D,465.9,441.5,6.0,N,2026-08-09 21:00:47.974671
2026-08-06,2026-06-01,2026-08-06,district,HIMACHAL PRADESH,HIMACHAL PRADESH,CHAMBA,1.9,13.6,-86.0,LD,523.9,502.6,4.0,N,2026-08-09 21:00:47.974671
2026-08-06,2026-06-01,2026-08-06,district,HIMACHAL PRADESH,HIMACHAL PRADESH,HAMIRPUR,0.5,14.2,-96.0,LD,287.1,513.4,-44.0,D,2026-08-09 21:00:47.974671
2026-08-06,2026-06-01,2026-08-06,district,HIMACHAL PRADESH,HIMACHAL PRADESH,KANGRA,18.9,22.3,-15.0,N,771.4,918.8,-16.0,N,2026-08-09 21:00:47.974671
2026-08-06,2026-06-01,2026-08-06,district,HIMACHAL PRADESH,HIMACHAL PRADESH,KINNAUR,7.9,1.8,337.0,LE,174.2,122.0,43.0,E,2026-08-09 21:00:47.974671
2026-08-06,2026-06-01,2026-08-06,district,HIMACHAL PRADESH,HIMACHAL PRADESH,KULLU,19.0,6.7,183.0,LE,331.6,311.4,7.0,N,2026-08-09 21:00:47.974671
2026-08-06,2026-06-01,2026-08-06,district,HIMACHAL PRADESH,HIMACHAL PRADESH,LAHAUL & SPITI,0.6,4.1,-85.0,LD,86.3,203.5,-58.0,D,2026-08-09 21:00:47.974671
2026-08-06,2026-06-01,2026-08-06,district,HIMACHAL PRADESH,HIMACHAL PRADESH,MANDI,6.0,18.1,-67.0,LD,530.1,650.8,-19.0,N,2026-08-09 21:00:47.974671
2026-08-06,2026-06-01,2026-08-06,district,HIMACHAL PRADESH,HIMACHAL PRADESH,SHIMLA,5.3,7.0,-25.0,D,483.7,367.4,32.0,E,2026-08-09 21:00:47.974671
2026-08-06,2026-06-01,2026-08-06,district,HIMACHAL PRADESH,HIMACHAL PRADESH,SIRMAUR,13.0,13.5,-4.0,N,802.7,689.3,16.0,N,2026-08-09 21:00:47.974671
2026-08-06,2026-06-01,2026-08-06,district,HIMACHAL PRADESH,HIMACHAL PRADESH,SOLAN,1.9,10.4,-82.0,LD,555.9,508.3,9.0,N,2026-08-09 21:00:47.974671
2026-08-06,2026-06-01,2026-08-06,district,HIMACHAL PRADESH,HIMACHAL PRADESH,UNA,1.0,13.7,-93.0,LD,473.8,505.7,-6.0,N,2026-08-09 21:00:47.974671
2026-08-06,2026-06-01,2026-08-06,district,J & K AND LADAKH,JAMMU & KASHMIR(UT),ANANTNAG,0.5,4.9,-90.0,LD,235.9,185.5,27.0,E,2026-08-09 21:00:47.974671
2026-08-06,2026-06-01,2026-08-06,district,J & K AND LADAKH,JAMMU & KASHMIR(UT),BADGAM,0.0,2.1,-100.0,NR,116.0,119.4,-3.0,N,2026-08-09 21:00:47.974671
2026-08-06,2026-06-01,2026-08-06,district,J & K AND LADAKH,JAMMU & KASHMIR(UT),BANDIPORA,1.5,1.6,-6.0,N,169.7,129.1,31.0,E,2026-08-09 21:00:47.974671
2026-08-06,2026-06-01,2026-08-06,district,J & K AND LADAKH,JAMMU & KASHMIR(UT),BARAMULA,2.4,2.7,-11.0,N,236.4,127.3,86.0,LE,2026-08-09 21:00:47.974671
2026-08-06,2026-06-01,2026-08-06,district,J & K AND LADAKH,JAMMU & KASHMIR(UT),DODA,1.1,4.2,-75.0,LD,242.9,249.3,-3.0,N,2026-08-09 21:00:47.974671
2026-08-06,2026-06-01,2026-08-06,district,J & K AND LADAKH,JAMMU & KASHMIR(UT),GANDERBAL,0.1,1.9,-96.0,LD,260.0,152.6,70.0,LE,2026-08-09 21:00:47.974671
2026-08-06,2026-06-01,2026-08-06,district,J & K AND LADAKH,JAMMU & KASHMIR(UT),JAMMU,16.3,13.3,23.0,E,516.2,553.2,-7.0,N,2026-08-09 21:00:47.974671
2026-08-06,2026-06-01,2026-08-06,district,J & K AND LADAKH,JAMMU & KASHMIR(UT),KATHUA,5.4,12.2,-56.0,D,582.3,734.2,-21.0,D,2026-08-09 21:00:47.974671
2026-08-06,2026-06-01,2026-08-06,district,J & K AND LADAKH,JAMMU & KASHMIR(UT),KISTWAR,0.3,4.2,-94.0,LD,152.3,249.3,-39.0,D,2026-08-09 21:00:47.974671
2026-08-06,2026-06-01,2026-08-06,district,J & K AND LADAKH,JAMMU & KASHMIR(UT),KULGAM,0.3,2.6,-90.0,LD,184.1,186.8,-1.0,N,2026-08-09 21:00:47.974671
2026-08-06,2026-06-01,2026-08-06,district,J & K AND LADAKH,JAMMU & KASHMIR(UT),KUPWARA,2.9,5.2,-45.0,D,187.6,158.0,19.0,N,2026-08-09 21:00:47.974671
2026-08-06,2026-06-01,2026-08-06,district,J & K AND LADAKH,JAMMU & KASHMIR(UT),POONCH,4.3,5.1,-17.0,N,603.8,408.6,48.0,E,2026-08-09 21:00:47.974671
2026-08-06,2026-06-01,2026-08-06,district,J & K AND LADAKH,JAMMU & KASHMIR(UT),PULWAMA,0.0,1.6,-100.0,NR,167.0,105.0,59.0,E,2026-08-09 21:00:47.974671
2026-08-06,2026-06-01,2026-08-06,district,J & K AND LADAKH,JAMMU & KASHMIR(UT),RAJOURI,10.1,10.2,-1.0,N,522.7,377.9,38.0,E,2026-08-09 21:00:47.974671
2026-08-06,2026-06-01,2026-08-06,district,J & K AND LADAKH,JAMMU & KASHMIR(UT),RAMBAN,0.1,3.6,-98.0,LD,371.8,232.5,60.0,LE,2026-08-09 21:00:47.974671
2026-08-06,2026-06-01,2026-08-06,district,J & K AND LADAKH,JAMMU & KASHMIR(UT),REASI,20.3,27.2,-25.0,D,836.8,867.3,-4.0,N,2026-08-09 21:00:47.974671
2026-08-06,2026-06-01,2026-08-06,district,J & K AND LADAKH,JAMMU & KASHMIR(UT),SAMBA,7.0,19.2,-64.0,LD,649.0,413.5,57.0,E,2026-08-09 21:00:47.974671
2026-08-06,2026-06-01,2026-08-06,district,J & K AND LADAKH,JAMMU & KASHMIR(UT),SHOPIAN,0.0,3.6,-100.0,NR,76.7,170.5,-55.0,D,2026-08-09 21:00:47.974671
2026-08-06,2026-06-01,2026-08-06,district,J & K AND LADAKH,JAMMU & KASHMIR(UT),SRINAGAR,0.0,2.5,-100.0,NR,208.4,138.5,50.0,E,2026-08-09 21:00:47.974671
2026-08-06,2026-06-01,2026-08-06,district,J & K AND LADAKH,JAMMU & KASHMIR(UT),UDHAMPUR,48.6,12.9,277.0,LE,1109.3,567.8,95.0,LE,2026-08-09 21:00:47.974671
2026-08-06,2026-06-01,2026-08-06,district,J & K AND LADAKH,LADAKH (UT),KARGIL,0.0,0.0,-100.0,NR,17.2,5.9,166.0,LE,2026-08-09 21:00:47.974671
2026-08-06,2026-06-01,2026-08-06,district,J & K AND LADAKH,LADAKH (UT),LADAKH (LEH),0.2,0.0,1900.0,LE,44.8,15.7,182.0,LE,2026-08-09 21:00:47.974671
2026-08-06,2026-06-01,2026-08-06,district,JHARKHAND,JHARKHAND,BOKARO,33.3,11.7,184.0,LE,354.1,506.1,-30.0,D,2026-08-09 21:00:47.974671
2026-08-06,2026-06-01,2026-08-06,district,JHARKHAND,JHARKHAND,CHATRA,11.6,8.8,32.0,E,288.2,515.2,-44.0,D,2026-08-09 21:00:47.974671
2026-08-06,2026-06-01,2026-08-06,district,JHARKHAND,JHARKHAND,DEOGHAR,14.7,11.6,27.0,E,259.9,544.1,-52.0,D,2026-08-09 21:00:47.974671
2026-08-06,2026-06-01,2026-08-06,district,JHARKHAND,JHARKHAND,DHANBAD,34.2,11.3,202.0,LE,481.4,592.5,-19.0,N,2026-08-09 21:00:47.974671
2026-08-06,2026-06-01,2026-08-06,district,JHARKHAND,JHARKHAND,DUMKA,30.3,10.3,194.0,LE,534.7,579.1,-8.0,N,2026-08-09 21:00:47.974671
2026-08-06,2026-06-01,2026-08-06,district,JHARKHAND,JHARKHAND,EAST SINGHBHUM,31.9,15.2,110.0,LE,483.9,615.8,-21.0,D,2026-08-09 21:00:47.974671
2026-08-06,2026-06-01,2026-08-06,district,JHARKHAND,JHARKHAND,GARHWA,4.7,8.8,-47.0,D,236.4,500.7,-53.0,D,2026-08-09 21:00:47.974671
2026-08-06,2026-06-01,2026-08-06,district,JHARKHAND,JHARKHAND,GIRIDIH,20.3,9.2,121.0,LE,294.9,549.2,-46.0,D,2026-08-09 21:00:47.974671
2026-08-06,2026-06-01,2026-08-06,district,JHARKHAND,JHARKHAND,GODDA,20.9,7.0,199.0,LE,386.7,501.2,-23.0,D,2026-08-09 21:00:47.974671
2026-08-06,2026-06-01,2026-08-06,district,JHARKHAND,JHARKHAND,GUMLA,27.6,11.9,132.0,LE,391.4,604.3,-35.0,D,2026-08-09 21:00:47.974671
2026-08-06,2026-06-01,2026-08-06,district,JHARKHAND,JHARKHAND,HAZARIBAG,21.0,10.2,106.0,LE,387.2,586.5,-34.0,D,2026-08-09 21:00:47.974671
2026-08-06,2026-06-01,2026-08-06,district,JHARKHAND,JHARKHAND,JAMTARA,37.6,11.0,242.0,LE,455.6,608.1,-25.0,D,2026-08-09 21:00:47.974671
2026-08-06,2026-06-01,2026-08-06,district,JHARKHAND,JHARKHAND,KHUNTI,34.7,12.4,179.0,LE,485.0,621.7,-22.0,D,2026-08-09 21:00:47.974671
2026-08-06,2026-06-01,2026-08-06,district,JHARKHAND,JHARKHAND,KODERMA,22.9,9.3,146.0,LE,251.6,481.1,-48.0,D,2026-08-09 21:00:47.974671
2026-08-06,2026-06-01,2026-08-06,district,JHARKHAND,JHARKHAND,LATEHAR,14.3,12.1,18.0,N,397.0,579.4,-31.0,D,2026-08-09 21:00:47.974671
2026-08-06,2026-06-01,2026-08-06,district,JHARKHAND,JHARKHAND,LOHARDAGA,20.3,11.1,83.0,LE,383.3,579.7,-34.0,D,2026-08-09 21:00:47.974671
2026-08-06,2026-06-01,2026-08-06,district,JHARKHAND,JHARKHAND,PAKUR,17.3,8.1,114.0,LE,272.0,646.0,-58.0,D,2026-08-09 21:00:47.974671
2026-08-06,2026-06-01,2026-08-06,district,JHARKHAND,JHARKHAND,PALAMU,12.5,10.0,25.0,E,249.2,446.0,-44.0,D,2026-08-09 21:00:47.974671
2026-08-06,2026-06-01,2026-08-06,district,JHARKHAND,JHARKHAND,RAMGARH,41.5,12.4,235.0,LE,429.2,576.4,-26.0,D,2026-08-09 21:00:47.974671
2026-08-06,2026-06-01,2026-08-06,district,JHARKHAND,JHARKHAND,RANCHI,35.7,11.7,205.0,LE,471.6,591.0,-20.0,D,2026-08-09 21:00:47.974671
2026-08-06,2026-06-01,2026-08-06,district,JHARKHAND,JHARKHAND,SAHIBGANJ,15.2,6.1,149.0,LE,410.8,652.0,-37.0,D,2026-08-09 21:00:47.974671
2026-08-06,2026-06-01,2026-08-06,district,JHARKHAND,JHARKHAND,SERAIKELA-KHARSAWAN,31.4,12.2,157.0,LE,545.3,569.7,-4.0,N,2026-08-09 21:00:47.974671
2026-08-06,2026-06-01,2026-08-06,district,JHARKHAND,JHARKHAND,SIMDEGA,17.5,14.3,22.0,E,648.9,741.6,-12.0,N,2026-08-09 21:00:47.974671
2026-08-06,2026-06-01,2026-08-06,district,JHARKHAND,JHARKHAND,WEST SINGHBHUM,16.1,14.0,15.0,N,551.7,564.9,-2.0,N,2026-08-09 21:00:47.974671
2026-08-06,2026-06-01,2026-08-06,district,KERALA & MAHE,KERALA,ALAPUZHA,11.5,8.8,30.0,E,837.6,1100.4,-24.0,D,2026-08-09 21:00:47.974671
2026-08-06,2026-06-01,2026-08-06,district,KERALA & MAHE,KERALA,ERNAKULAM,13.5,14.8,-9.0,N,1132.4,1461.1,-22.0,D,2026-08-09 21:00:47.974671
2026-08-06,2026-06-01,2026-08-06,district,KERALA & MAHE,KERALA,IDUKKI,9.4,21.4,-56.0,D,945.7,1719.2,-45.0,D,2026-08-09 21:00:47.974671
2026-08-06,2026-06-01,2026-08-06,district,KERALA & MAHE,KERALA,KANNUR,16.1,19.7,-18.0,N,1701.9,1928.7,-12.0,N,2026-08-09 21:00:47.974671
2026-08-06,2026-06-01,2026-08-06,district,KERALA & MAHE,KERALA,KASARGOD,15.2,19.7,-23.0,D,1777.0,2106.4,-16.0,N,2026-08-09 21:00:47.974671
2026-08-06,2026-06-01,2026-08-06,district,KERALA & MAHE,KERALA,KOLLAM,7.4,7.3,1.0,N,601.2,821.9,-27.0,D,2026-08-09 21:00:47.974671
2026-08-06,2026-06-01,2026-08-06,district,KERALA & MAHE,KERALA,KOTTAYAM,9.2,13.4,-31.0,D,1180.4,1291.3,-9.0,N,2026-08-09 21:00:47.974671
2026-08-06,2026-06-01,2026-08-06,district,KERALA & MAHE,KERALA,KOZHIKODE,11.6,18.4,-37.0,D,1691.2,1873.1,-10.0,N,2026-08-09 21:00:47.974671
2026-08-06,2026-06-01,2026-08-06,district,KERALA & MAHE,KERALA,MALAPPURAM,4.7,16.1,-71.0,LD,1163.8,1386.4,-16.0,N,2026-08-09 21:00:47.974671
2026-08-06,2026-06-01,2026-08-06,district,KERALA & MAHE,KERALA,PALAKKAD,8.3,12.3,-32.0,D,836.3,1077.6,-22.0,D,2026-08-09 21:00:47.974671
2026-08-06,2026-06-01,2026-08-06,district,KERALA & MAHE,KERALA,PATHANAMTHITTA,16.9,10.0,69.0,LE,1068.0,1048.2,2.0,N,2026-08-09 21:00:47.974671
2026-08-06,2026-06-01,2026-08-06,district,KERALA & MAHE,KERALA,THIRUVANANTHAPURAM,3.1,4.2,-26.0,D,556.3,541.7,3.0,N,2026-08-09 21:00:47.974671
2026-08-06,2026-06-01,2026-08-06,district,KERALA & MAHE,KERALA,THRISSUR,7.8,17.1,-55.0,D,1108.4,1493.5,-26.0,D,2026-08-09 21:00:47.974671
2026-08-06,2026-06-01,2026-08-06,district,KERALA & MAHE,KERALA,WYNAD,9.1,27.7,-67.0,LD,876.6,1766.1,-50.0,D,2026-08-09 21:00:47.974671
2026-08-06,2026-06-01,2026-08-06,district,KERALA & MAHE,PUDUCHERRY (UT),MAHE,31.2,17.2,81.0,LE,1446.8,1776.7,-19.0,N,2026-08-09 21:00:47.974671
2026-08-06,2026-06-01,2026-08-06,district,KONKAN & GOA,GOA,NORTH GOA,22.0,31.9,-31.0,D,1278.4,2199.8,-42.0,D,2026-08-09 21:00:47.974671
2026-08-06,2026-06-01,2026-08-06,district,KONKAN & GOA,GOA,SOUTH GOA,15.8,22.6,-30.0,D,1479.6,2114.2,-30.0,D,2026-08-09 21:00:47.974671
2026-08-06,2026-06-01,2026-08-06,district,KONKAN & GOA,MAHARASHTRA,MUMBAI CITY,7.3,23.4,-69.0,LD,1650.1,1402.6,18.0,N,2026-08-09 21:00:47.974671
2026-08-06,2026-06-01,2026-08-06,district,KONKAN & GOA,MAHARASHTRA,MUMBAI SUBURBAN,9.1,25.9,-65.0,LD,1983.2,1537.8,29.0,E,2026-08-09 21:00:47.974671
2026-08-06,2026-06-01,2026-08-06,district,KONKAN & GOA,MAHARASHTRA,PALGHAR,17.7,26.0,-32.0,D,2248.4,1479.2,52.0,E,2026-08-09 21:00:47.974671
2026-08-06,2026-06-01,2026-08-06,district,KONKAN & GOA,MAHARASHTRA,RAIGAD,20.4,36.2,-44.0,D,2381.4,2061.8,16.0,N,2026-08-09 21:00:47.974671
2026-08-06,2026-06-01,2026-08-06,district,KONKAN & GOA,MAHARASHTRA,RATNAGIRI,22.8,30.6,-25.0,D,2004.3,2194.7,-9.0,N,2026-08-09 21:00:47.974671
2026-08-06,2026-06-01,2026-08-06,district,KONKAN & GOA,MAHARASHTRA,SINDHUDURG,28.6,26.0,10.0,N,1335.9,2102.3,-36.0,D,2026-08-09 21:00:47.974671
2026-08-06,2026-06-01,2026-08-06,district,KONKAN & GOA,MAHARASHTRA,THANE,23.6,26.6,-11.0,N,1761.2,1583.5,11.0,N,2026-08-09 21:00:47.974671
2026-08-06,2026-06-01,2026-08-06,district,LAKSHADWEEP,LAKSHADWEEP,LAKSHADWEEP,44.0,7.6,479.0,LE,490.6,669.5,-27.0,D,2026-08-09 21:00:47.974671
2026-08-06,2026-06-01,2026-08-06,district,MADHYA MAHARASHTRA,MAHARASHTRA,AHMEDNAGAR,0.1,3.0,-95.0,LD,208.9,226.2,-8.0,N,2026-08-09 21:00:47.974671
2026-08-06,2026-06-01,2026-08-06,district,MADHYA MAHARASHTRA,MAHARASHTRA,DHULE,0.3,6.6,-95.0,LD,385.5,320.5,20.0,E,2026-08-09 21:00:47.974671
2026-08-06,2026-06-01,2026-08-06,district,MADHYA MAHARASHTRA,MAHARASHTRA,JALGAON,1.5,10.0,-85.0,LD,508.9,347.1,47.0,E,2026-08-09 21:00:47.974671
2026-08-06,2026-06-01,2026-08-06,district,MADHYA MAHARASHTRA,MAHARASHTRA,KOLHAPUR,17.6,25.4,-31.0,D,1159.6,1157.4,0.0,N,2026-08-09 21:00:47.974671
2026-08-06,2026-06-01,2026-08-06,district,MADHYA MAHARASHTRA,MAHARASHTRA,NANDURBAR,3.5,10.9,-68.0,LD,363.0,496.6,-27.0,D,2026-08-09 21:00:47.974671
2026-08-06,2026-06-01,2026-08-06,district,MADHYA MAHARASHTRA,MAHARASHTRA,NASHIK,7.5,10.4,-28.0,D,1042.5,525.1,99.0,LE,2026-08-09 21:00:47.974671
2026-08-06,2026-06-01,2026-08-06,district,MADHYA MAHARASHTRA,MAHARASHTRA,PUNE,6.4,10.8,-41.0,D,935.3,562.8,66.0,LE,2026-08-09 21:00:47.974671
2026-08-06,2026-06-01,2026-08-06,district,MADHYA MAHARASHTRA,MAHARASHTRA,SANGLI,2.7,5.7,-53.0,D,275.7,275.0,0.0,N,2026-08-09 21:00:47.974671
2026-08-06,2026-06-01,2026-08-06,district,MADHYA MAHARASHTRA,MAHARASHTRA,SATARA,12.5,8.9,41.0,E,815.8,531.2,54.0,E,2026-08-09 21:00:47.974671
2026-08-06,2026-06-01,2026-08-06,district,MADHYA MAHARASHTRA,MAHARASHTRA,SHOLAPUR,0.1,3.2,-98.0,LD,142.3,208.0,-32.0,D,2026-08-09 21:00:47.974671
2026-08-06,2026-06-01,2026-08-06,district,MARATHWADA,MAHARASHTRA,BEED,0.5,4.3,-87.0,LD,195.0,274.9,-29.0,D,2026-08-09 21:00:47.974671
2026-08-06,2026-06-01,2026-08-06,district,MARATHWADA,MAHARASHTRA,CHHATRAPATI SAMBHAJINAGAR,2.1,7.0,-70.0,LD,401.1,295.0,36.0,E,2026-08-09 21:00:47.974671
2026-08-06,2026-06-01,2026-08-06,district,MARATHWADA,MAHARASHTRA,DHARASHIV,5.2,4.7,11.0,N,258.2,279.4,-8.0,N,2026-08-09 21:00:47.974671
2026-08-06,2026-06-01,2026-08-06,district,MARATHWADA,MAHARASHTRA,HINGOLI,0.0,8.7,-100.0,NR,288.9,442.6,-35.0,D,2026-08-09 21:00:47.974671
2026-08-06,2026-06-01,2026-08-06,district,MARATHWADA,MAHARASHTRA,JALNA,0.3,8.1,-97.0,LD,255.0,323.1,-21.0,D,2026-08-09 21:00:47.974671
2026-08-06,2026-06-01,2026-08-06,district,MARATHWADA,MAHARASHTRA,LATUR,3.1,6.2,-50.0,D,298.7,344.0,-13.0,N,2026-08-09 21:00:47.974671
2026-08-06,2026-06-01,2026-08-06,district,MARATHWADA,MAHARASHTRA,NANDED,0.1,7.6,-98.0,LD,373.9,435.2,-14.0,N,2026-08-09 21:00:47.974671
2026-08-06,2026-06-01,2026-08-06,district,MARATHWADA,MAHARASHTRA,PARBHANI,0.0,10.0,-100.0,NR,313.9,375.1,-16.0,N,2026-08-09 21:00:47.974671
2026-08-06,2026-06-01,2026-08-06,district,N. I. KARNATAKA,KARNATAKA,BAGALKOTE,0.8,2.5,-67.0,LD,170.5,162.5,5.0,N,2026-08-09 21:00:47.974671
2026-08-06,2026-06-01,2026-08-06,district,N. I. KARNATAKA,KARNATAKA,BELAGAVI,6.7,7.8,-14.0,N,463.1,359.2,29.0,E,2026-08-09 21:00:47.974671
2026-08-06,2026-06-01,2026-08-06,district,N. I. KARNATAKA,KARNATAKA,BIDAR,4.7,5.5,-15.0,N,328.8,323.0,2.0,N,2026-08-09 21:00:47.974671
2026-08-06,2026-06-01,2026-08-06,district,N. I. KARNATAKA,KARNATAKA,DHARWAD,4.2,6.7,-37.0,D,191.3,312.7,-39.0,D,2026-08-09 21:00:47.974671
2026-08-06,2026-06-01,2026-08-06,district,N. I. KARNATAKA,KARNATAKA,GADAG,2.3,3.8,-39.0,D,146.6,168.6,-13.0,N,2026-08-09 21:00:47.974671
2026-08-06,2026-06-01,2026-08-06,district,N. I. KARNATAKA,KARNATAKA,HAVERI,3.3,6.1,-46.0,D,206.9,303.0,-32.0,D,2026-08-09 21:00:47.974671
2026-08-06,2026-06-01,2026-08-06,district,N. I. KARNATAKA,KARNATAKA,KALABURAGI,0.9,3.5,-74.0,LD,171.3,278.3,-38.0,D,2026-08-09 21:00:47.974671
2026-08-06,2026-06-01,2026-08-06,district,N. I. KARNATAKA,KARNATAKA,KOPPAL,4.5,2.3,97.0,LE,112.4,160.6,-30.0,D,2026-08-09 21:00:47.974671
2026-08-06,2026-06-01,2026-08-06,district,N. I. KARNATAKA,KARNATAKA,RAICHUR,0.6,2.8,-79.0,LD,177.5,185.9,-5.0,N,2026-08-09 21:00:47.974671
2026-08-06,2026-06-01,2026-08-06,district,N. I. KARNATAKA,KARNATAKA,VIJAYAPURA,2.2,2.5,-13.0,N,147.6,174.7,-15.0,N,2026-08-09 21:00:47.974671
2026-08-06,2026-06-01,2026-08-06,district,N. I. KARNATAKA,KARNATAKA,YADGIR,0.8,3.6,-78.0,LD,228.3,243.9,-6.0,N,2026-08-09 21:00:47.974671
2026-08-06,2026-06-01,2026-08-06,district,NMMT,MANIPUR,BISHNUPUR,5.0,11.9,-58.0,D,311.4,690.2,-55.0,D,2026-08-09 21:00:47.974671
2026-08-06,2026-06-01,2026-08-06,district,NMMT,MANIPUR,CHANDEL,18.7,11.9,57.0,E,386.2,690.2,-44.0,D,2026-08-09 21:00:47.974671
2026-08-06,2026-06-01,2026-08-06,district,NMMT,MANIPUR,CHURACHANDPUR,13.0,11.9,9.0,N,173.5,690.2,-75.0,LD,2026-08-09 21:00:47.974671
2026-08-06,2026-06-01,2026-08-06,district,NMMT,MANIPUR,IMPHAL EAST,13.3,8.5,57.0,E,371.8,456.3,-19.0,N,2026-08-09 21:00:47.974671
2026-08-06,2026-06-01,2026-08-06,district,NMMT,MANIPUR,IMPHAL WEST,4.5,9.6,-53.0,D,507.6,1014.7,-50.0,D,2026-08-09 21:00:47.974671
2026-08-06,2026-06-01,2026-08-06,district,NMMT,MANIPUR,SENAPATI,8.6,11.2,-23.0,D,461.1,473.4,-3.0,N,2026-08-09 21:00:47.974671
2026-08-06,2026-06-01,2026-08-06,district,NMMT,MANIPUR,TAMENGLONG,20.1,12.0,68.0,LE,1327.0,2718.4,-51.0,D,2026-08-09 21:00:47.974671
2026-08-06,2026-06-01,2026-08-06,district,NMMT,MANIPUR,THOUBAL,4.8,8.5,-44.0,D,201.7,456.3,-56.0,D,2026-08-09 21:00:47.974671
2026-08-06,2026-06-01,2026-08-06,district,NMMT,MANIPUR,UKHRUL,12.3,5.7,116.0,LE,652.4,685.7,-5.0,N,2026-08-09 21:00:47.974671
2026-08-06,2026-06-01,2026-08-06,district,NMMT,MIZORAM,AIZAWL,41.9,13.8,204.0,LE,747.0,896.6,-17.0,N,2026-08-09 21:00:47.974671
2026-08-06,2026-06-01,2026-08-06,district,NMMT,MIZORAM,CHAMPHAI,40.0,8.8,355.0,LE,659.3,741.2,-11.0,N,2026-08-09 21:00:47.974671
2026-08-06,2026-06-01,2026-08-06,district,NMMT,MIZORAM,KOLASIB,20.4,16.3,25.0,E,764.0,967.3,-21.0,D,2026-08-09 21:00:47.974671
2026-08-06,2026-06-01,2026-08-06,district,NMMT,MIZORAM,LAWNGTLAI,52.7,11.5,358.0,LE,870.5,1021.3,-15.0,N,2026-08-09 21:00:47.974671
2026-08-06,2026-06-01,2026-08-06,district,NMMT,MIZORAM,LUNGLEI,46.3,17.4,166.0,LE,791.0,1016.0,-22.0,D,2026-08-09 21:00:47.974671
2026-08-06,2026-06-01,2026-08-06,district,NMMT,MIZORAM,MAMIT,36.2,15.6,132.0,LE,480.8,888.5,-46.0,D,2026-08-09 21:00:47.974671
2026-08-06,2026-06-01,2026-08-06,district,NMMT,MIZORAM,SAIHA,89.5,13.3,573.0,LE,763.7,1034.0,-26.0,D,2026-08-09 21:00:47.974671
2026-08-06,2026-06-01,2026-08-06,district,NMMT,MIZORAM,SERCHHIP,50.2,11.2,348.0,LE,898.3,899.3,0.0,N,2026-08-09 21:00:47.974671
2026-08-06,2026-06-01,2026-08-06,district,NMMT,NAGALAND,DIMAPUR,2.3,6.1,-62.0,LD,368.9,477.5,-23.0,D,2026-08-09 21:00:47.974671
2026-08-06,2026-06-01,2026-08-06,district,NMMT,NAGALAND,KIPHIRE,2.7,2.5,8.0,N,517.0,351.0,47.0,E,2026-08-09 21:00:47.974671
2026-08-06,2026-06-01,2026-08-06,district,NMMT,NAGALAND,KOHIMA,2.2,6.7,-67.0,LD,702.3,680.1,3.0,N,2026-08-09 21:00:47.974671
2026-08-06,2026-06-01,2026-08-06,district,NMMT,NAGALAND,MOKOKCHUNG,0.1,12.1,-99.0,LD,998.8,845.9,18.0,N,2026-08-09 21:00:47.974671
2026-08-06,2026-06-01,2026-08-06,district,NMMT,NAGALAND,MON,4.9,5.2,-6.0,N,440.7,675.5,-35.0,D,2026-08-09 21:00:47.974671
2026-08-06,2026-06-01,2026-08-06,district,NMMT,NAGALAND,PEREN,6.1,5.9,3.0,N,505.8,519.1,-3.0,N,2026-08-09 21:00:47.974671
2026-08-06,2026-06-01,2026-08-06,district,NMMT,NAGALAND,PHEK,2.5,3.6,-32.0,D,455.5,492.0,-7.0,N,2026-08-09 21:00:47.974671
2026-08-06,2026-06-01,2026-08-06,district,NMMT,NAGALAND,WOKHA,3.6,9.5,-62.0,LD,694.7,723.1,-4.0,N,2026-08-09 21:00:47.974671
2026-08-06,2026-06-01,2026-08-06,district,NMMT,NAGALAND,ZUNHEBOTO,5.1,9.7,-47.0,D,1057.0,651.9,62.0,LE,2026-08-09 21:00:47.974671
2026-08-06,2026-06-01,2026-08-06,district,NMMT,TRIPURA,DHALAI,31.2,13.5,131.0,LE,771.2,818.6,-6.0,N,2026-08-09 21:00:47.974671
2026-08-06,2026-06-01,2026-08-06,district,NMMT,TRIPURA,GOMATI,36.8,9.4,291.0,LE,659.1,905.2,-27.0,D,2026-08-09 21:00:47.974671
2026-08-06,2026-06-01,2026-08-06,district,NMMT,TRIPURA,KHOWAI,7.4,9.6,-23.0,D,780.4,814.4,-4.0,N,2026-08-09 21:00:47.974671
2026-08-06,2026-06-01,2026-08-06,district,NMMT,TRIPURA,NORTH TRIPURA,17.7,10.9,63.0,LE,696.2,819.6,-15.0,N,2026-08-09 21:00:47.974671
2026-08-06,2026-06-01,2026-08-06,district,NMMT,TRIPURA,SIPAHIJALA,39.8,9.9,302.0,LE,711.0,842.5,-16.0,N,2026-08-09 21:00:47.974671
2026-08-06,2026-06-01,2026-08-06,district,NMMT,TRIPURA,SOUTH TRIPURA,8.6,10.0,-14.0,N,732.1,1100.1,-33.0,D,2026-08-09 21:00:47.974671
2026-08-06,2026-06-01,2026-08-06,district,NMMT,TRIPURA,UNAKOTI,7.2,10.6,-32.0,D,863.6,873.2,-1.0,N,2026-08-09 21:00:47.974671
2026-08-06,2026-06-01,2026-08-06,district,NMMT,TRIPURA,WEST TRIPURA,51.8,7.0,641.0,LE,812.5,763.2,6.0,N,2026-08-09 21:00:47.974671
2026-08-06,2026-06-01,2026-08-06,district,ODISHA,ODISHA,ANGUL,3.4,13.7,-75.0,LD,875.5,622.1,41.0,E,2026-08-09 21:00:47.974671
2026-08-06,2026-06-01,2026-08-06,district,ODISHA,ODISHA,BALANGIR,10.8,12.9,-17.0,N,944.4,602.1,57.0,E,2026-08-09 21:00:47.974671
2026-08-06,2026-06-01,2026-08-06,district,ODISHA,ODISHA,BALASORE,48.8,15.5,215.0,LE,953.2,636.1,50.0,E,2026-08-09 21:00:47.974671
2026-08-06,2026-06-01,2026-08-06,district,ODISHA,ODISHA,BARGARH,13.3,9.8,35.0,E,1249.2,673.9,85.0,LE,2026-08-09 21:00:47.974671
2026-08-06,2026-06-01,2026-08-06,district,ODISHA,ODISHA,BHADRAK,43.0,12.4,247.0,LE,832.9,572.6,45.0,E,2026-08-09 21:00:47.974671
2026-08-06,2026-06-01,2026-08-06,district,ODISHA,ODISHA,BOUDH,1.9,10.4,-82.0,LD,1299.2,561.9,131.0,LE,2026-08-09 21:00:47.974671
2026-08-06,2026-06-01,2026-08-06,district,ODISHA,ODISHA,CUTTACK,38.8,13.9,179.0,LE,902.5,608.7,48.0,E,2026-08-09 21:00:47.974671
2026-08-06,2026-06-01,2026-08-06,district,ODISHA,ODISHA,DEOGARH,22.0,13.8,59.0,E,782.2,642.0,22.0,E,2026-08-09 21:00:47.974671
2026-08-06,2026-06-01,2026-08-06,district,ODISHA,ODISHA,DHENKANAL,24.3,11.7,108.0,LE,987.9,606.0,63.0,LE,2026-08-09 21:00:47.974671
2026-08-06,2026-06-01,2026-08-06,district,ODISHA,ODISHA,GAJAPATI,3.1,9.5,-67.0,LD,309.9,488.4,-37.0,D,2026-08-09 21:00:47.974671
2026-08-06,2026-06-01,2026-08-06,district,ODISHA,ODISHA,GANJAM,9.3,10.8,-14.0,N,391.5,463.2,-15.0,N,2026-08-09 21:00:47.974671
2026-08-06,2026-06-01,2026-08-06,district,ODISHA,ODISHA,JAGATSINGHPUR,31.5,17.2,83.0,LE,831.6,545.2,53.0,E,2026-08-09 21:00:47.974671
2026-08-06,2026-06-01,2026-08-06,district,ODISHA,ODISHA,JAJPUR,62.4,14.7,325.0,LE,854.6,657.7,30.0,E,2026-08-09 21:00:47.974671
2026-08-06,2026-06-01,2026-08-06,district,ODISHA,ODISHA,JHARSUGUDA,4.6,11.8,-61.0,LD,761.0,650.7,17.0,N,2026-08-09 21:00:47.974671
2026-08-06,2026-06-01,2026-08-06,district,ODISHA,ODISHA,KALAHANDI,6.8,17.7,-62.0,LD,627.9,778.2,-19.0,N,2026-08-09 21:00:47.974671
2026-08-06,2026-06-01,2026-08-06,district,ODISHA,ODISHA,KANDHAMAL,0.3,14.5,-98.0,LD,852.1,603.4,41.0,E,2026-08-09 21:00:47.974671
2026-08-06,2026-06-01,2026-08-06,district,ODISHA,ODISHA,KENDRAPARA,44.6,14.4,209.0,LE,960.8,577.2,66.0,LE,2026-08-09 21:00:47.974671
2026-08-06,2026-06-01,2026-08-06,district,ODISHA,ODISHA,KEONJHARGARH,18.3,14.7,25.0,E,898.8,631.9,42.0,E,2026-08-09 21:00:47.974671
2026-08-06,2026-06-01,2026-08-06,district,ODISHA,ODISHA,KHURDA,42.7,12.7,236.0,LE,727.3,575.0,26.0,E,2026-08-09 21:00:47.974671
2026-08-06,2026-06-01,2026-08-06,district,ODISHA,ODISHA,KORAPUT,3.3,15.2,-78.0,LD,614.4,677.0,-9.0,N,2026-08-09 21:00:47.974671
2026-08-06,2026-06-01,2026-08-06,district,ODISHA,ODISHA,MALKANGIRI,6.8,18.9,-64.0,LD,516.4,698.6,-26.0,D,2026-08-09 21:00:47.974671
2026-08-06,2026-06-01,2026-08-06,district,ODISHA,ODISHA,MAYURBHANJ,26.1,15.3,70.0,LE,761.7,667.0,14.0,N,2026-08-09 21:00:47.974671
2026-08-06,2026-06-01,2026-08-06,district,ODISHA,ODISHA,NAWAPARA,13.4,10.1,33.0,E,799.2,565.1,41.0,E,2026-08-09 21:00:47.974671
2026-08-06,2026-06-01,2026-08-06,district,ODISHA,ODISHA,NAWARANGPUR,8.1,13.5,-40.0,D,523.0,756.1,-31.0,D,2026-08-09 21:00:47.974671
2026-08-06,2026-06-01,2026-08-06,district,ODISHA,ODISHA,NAYAGARH,11.5,10.6,9.0,N,738.7,589.5,25.0,E,2026-08-09 21:00:47.974671
2026-08-06,2026-06-01,2026-08-06,district,ODISHA,ODISHA,PURI,32.3,14.2,128.0,LE,788.3,520.6,51.0,E,2026-08-09 21:00:47.974671
2026-08-06,2026-06-01,2026-08-06,district,ODISHA,ODISHA,RAYAGADA,6.7,11.7,-43.0,D,450.6,541.5,-17.0,N,2026-08-09 21:00:47.974671
2026-08-06,2026-06-01,2026-08-06,district,ODISHA,ODISHA,SAMBALPUR,14.2,14.3,-1.0,N,980.7,705.7,39.0,E,2026-08-09 21:00:47.974671
2026-08-06,2026-06-01,2026-08-06,district,ODISHA,ODISHA,SONEPUR,6.4,14.7,-56.0,D,1329.7,654.7,103.0,LE,2026-08-09 21:00:47.974671
2026-08-06,2026-06-01,2026-08-06,district,ODISHA,ODISHA,SUNDARGARH,12.6,14.4,-12.0,N,736.8,675.1,9.0,N,2026-08-09 21:00:47.974671
2026-08-06,2026-06-01,2026-08-06,district,PUNJAB,PUNJAB,AMRITSAR,7.5,6.4,18.0,N,277.2,261.8,6.0,N,2026-08-09 21:00:47.974671
2026-08-06,2026-06-01,2026-08-06,district,PUNJAB,PUNJAB,BARNALA,10.5,9.4,12.0,N,93.3,219.3,-57.0,D,2026-08-09 21:00:47.974671
2026-08-06,2026-06-01,2026-08-06,district,PUNJAB,PUNJAB,BHATINDA,5.8,7.6,-24.0,D,80.2,181.7,-56.0,D,2026-08-09 21:00:47.974671
2026-08-06,2026-06-01,2026-08-06,district,PUNJAB,PUNJAB,FARIDKOT,2.1,5.2,-60.0,LD,200.9,178.0,13.0,N,2026-08-09 21:00:47.974671
2026-08-06,2026-06-01,2026-08-06,district,PUNJAB,PUNJAB,FATEHGARH SAHIB,0.4,6.3,-94.0,LD,87.7,279.8,-69.0,LD,2026-08-09 21:00:47.974671
2026-08-06,2026-06-01,2026-08-06,district,PUNJAB,PUNJAB,FAZILKA,0.0,4.4,-100.0,NR,92.3,162.1,-43.0,D,2026-08-09 21:00:47.974671
2026-08-06,2026-06-01,2026-08-06,district,PUNJAB,PUNJAB,FEROZEPUR,0.5,6.4,-92.0,LD,113.0,150.4,-25.0,D,2026-08-09 21:00:47.974671
2026-08-06,2026-06-01,2026-08-06,district,PUNJAB,PUNJAB,GURDASPUR,8.3,8.4,-1.0,N,481.9,354.1,36.0,E,2026-08-09 21:00:47.974671
2026-08-06,2026-06-01,2026-08-06,district,PUNJAB,PUNJAB,HOSHIARPUR,3.9,9.4,-59.0,D,120.5,355.8,-66.0,LD,2026-08-09 21:00:47.974671
2026-08-06,2026-06-01,2026-08-06,district,PUNJAB,PUNJAB,JALANDHAR,0.0,8.1,-100.0,NR,189.9,300.4,-37.0,D,2026-08-09 21:00:47.974671
2026-08-06,2026-06-01,2026-08-06,district,PUNJAB,PUNJAB,KAPURTHALA,1.8,6.7,-74.0,LD,123.3,252.7,-51.0,D,2026-08-09 21:00:47.974671
2026-08-06,2026-06-01,2026-08-06,district,PUNJAB,PUNJAB,LUDHIANA,0.8,7.2,-89.0,LD,180.3,262.2,-31.0,D,2026-08-09 21:00:47.974671
2026-08-06,2026-06-01,2026-08-06,district,PUNJAB,PUNJAB,MANSA,1.4,8.4,-83.0,LD,42.8,161.6,-74.0,LD,2026-08-09 21:00:47.974671
2026-08-06,2026-06-01,2026-08-06,district,PUNJAB,PUNJAB,MOGA,4.0,4.9,-18.0,N,117.5,162.7,-28.0,D,2026-08-09 21:00:47.974671
2026-08-06,2026-06-01,2026-08-06,district,PUNJAB,PUNJAB,MUKTSAR,0.0,7.3,-100.0,NR,82.0,195.4,-58.0,D,2026-08-09 21:00:47.974671
2026-08-06,2026-06-01,2026-08-06,district,PUNJAB,PUNJAB,PATHANKOT,15.9,12.8,24.0,E,670.9,539.2,24.0,E,2026-08-09 21:00:47.974671
2026-08-06,2026-06-01,2026-08-06,district,PUNJAB,PUNJAB,PATIALA,0.0,7.4,-100.0,NR,180.0,311.8,-42.0,D,2026-08-09 21:00:47.974671
2026-08-06,2026-06-01,2026-08-06,district,PUNJAB,PUNJAB,RUPNAGAR,4.0,10.4,-61.0,LD,311.0,449.8,-31.0,D,2026-08-09 21:00:47.974671
2026-08-06,2026-06-01,2026-08-06,district,PUNJAB,PUNJAB,SANGRUR,6.1,6.2,-1.0,N,112.9,223.1,-49.0,D,2026-08-09 21:00:47.974671
2026-08-06,2026-06-01,2026-08-06,district,PUNJAB,PUNJAB,SAS NAGAR (MOHALI),0.0,6.8,-100.0,NR,171.8,359.2,-52.0,D,2026-08-09 21:00:47.974671
2026-08-06,2026-06-01,2026-08-06,district,PUNJAB,PUNJAB,SBS NAGAR,0.0,9.7,-100.0,NR,223.2,447.6,-50.0,D,2026-08-09 21:00:47.974671
2026-08-06,2026-06-01,2026-08-06,district,PUNJAB,PUNJAB,TARN TARAN,0.1,3.1,-98.0,LD,109.6,156.6,-30.0,D,2026-08-09 21:00:47.974671
2026-08-06,2026-06-01,2026-08-06,district,RAYALASEEMA,ANDHRA PRADESH,ANANTAPURAMU,0.0,1.9,-100.0,NR,127.7,137.7,-7.0,N,2026-08-09 21:00:47.974671
2026-08-06,2026-06-01,2026-08-06,district,RAYALASEEMA,ANDHRA PRADESH,ANNAMAYYA DISTRICT,1.6,3.3,-53.0,D,70.9,172.7,-59.0,D,2026-08-09 21:00:47.974671
2026-08-06,2026-06-01,2026-08-06,district,RAYALASEEMA,ANDHRA PRADESH,CHITTOOR,0.0,2.9,-100.0,NR,99.1,202.9,-51.0,D,2026-08-09 21:00:47.974671
2026-08-06,2026-06-01,2026-08-06,district,RAYALASEEMA,ANDHRA PRADESH,KURNOOL,2.9,4.1,-30.0,D,173.7,204.2,-15.0,N,2026-08-09 21:00:47.974671
2026-08-06,2026-06-01,2026-08-06,district,RAYALASEEMA,ANDHRA PRADESH,NANDYAL,1.6,4.4,-63.0,LD,177.7,244.7,-27.0,D,2026-08-09 21:00:47.974671
2026-08-06,2026-06-01,2026-08-06,district,RAYALASEEMA,ANDHRA PRADESH,SRI SATHYASAI DISTRICT,0.0,1.8,-100.0,NR,88.3,134.4,-34.0,D,2026-08-09 21:00:47.974671
2026-08-06,2026-06-01,2026-08-06,district,RAYALASEEMA,ANDHRA PRADESH,TIRUPATI,6.5,3.7,75.0,LE,142.7,210.1,-32.0,D,2026-08-09 21:00:47.974671
2026-08-06,2026-06-01,2026-08-06,district,RAYALASEEMA,ANDHRA PRADESH,YSR DISTRICT,0.4,2.7,-86.0,LD,105.0,179.9,-42.0,D,2026-08-09 21:00:47.974671
2026-08-06,2026-06-01,2026-08-06,district,S. I. KARNATAKA,KARNATAKA,BALLARI,0.7,3.2,-78.0,LD,88.4,153.2,-42.0,D,2026-08-09 21:00:47.974671
2026-08-06,2026-06-01,2026-08-06,district,S. I. KARNATAKA,KARNATAKA,BENGALURU RURAL,3.6,2.2,64.0,LE,131.0,176.5,-26.0,D,2026-08-09 21:00:47.974671
2026-08-06,2026-06-01,2026-08-06,district,S. I. KARNATAKA,KARNATAKA,BENGALURU URBAN,2.3,2.6,-12.0,N,75.7,181.2,-58.0,D,2026-08-09 21:00:47.974671
2026-08-06,2026-06-01,2026-08-06,district,S. I. KARNATAKA,KARNATAKA,CHAMARAJANAGAR,1.0,2.3,-57.0,D,111.1,150.0,-26.0,D,2026-08-09 21:00:47.974671
2026-08-06,2026-06-01,2026-08-06,district,S. I. KARNATAKA,KARNATAKA,CHIKABALLAPURA,3.1,1.6,96.0,LE,126.0,170.4,-26.0,D,2026-08-09 21:00:47.974671
2026-08-06,2026-06-01,2026-08-06,district,S. I. KARNATAKA,KARNATAKA,CHIKKAMAGALURU,5.4,19.9,-73.0,LD,993.2,995.9,0.0,N,2026-08-09 21:00:47.974671
2026-08-06,2026-06-01,2026-08-06,district,S. I. KARNATAKA,KARNATAKA,CHITRADURGA,1.2,2.8,-56.0,D,92.6,127.8,-28.0,D,2026-08-09 21:00:47.974671
2026-08-06,2026-06-01,2026-08-06,district,S. I. KARNATAKA,KARNATAKA,DAVANGERE,2.8,4.0,-31.0,D,170.7,195.7,-13.0,N,2026-08-09 21:00:47.974671
2026-08-06,2026-06-01,2026-08-06,district,S. I. KARNATAKA,KARNATAKA,HASSAN,1.9,6.6,-71.0,LD,166.3,415.2,-60.0,LD,2026-08-09 21:00:47.974671
2026-08-06,2026-06-01,2026-08-06,district,S. I. KARNATAKA,KARNATAKA,KODAGU,5.5,23.4,-77.0,LD,1182.6,1560.2,-24.0,D,2026-08-09 21:00:47.974671
2026-08-06,2026-06-01,2026-08-06,district,S. I. KARNATAKA,KARNATAKA,KOLAR,0.4,2.5,-84.0,LD,69.4,169.2,-59.0,D,2026-08-09 21:00:47.974671
2026-08-06,2026-06-01,2026-08-06,district,S. I. KARNATAKA,KARNATAKA,MANDYA,0.0,1.4,-100.0,NR,76.5,122.1,-37.0,D,2026-08-09 21:00:47.974671
2026-08-06,2026-06-01,2026-08-06,district,S. I. KARNATAKA,KARNATAKA,MYSURU,0.1,2.5,-97.0,LD,103.3,197.5,-48.0,D,2026-08-09 21:00:47.974671
2026-08-06,2026-06-01,2026-08-06,district,S. I. KARNATAKA,KARNATAKA,SHIVAMOGGA,10.2,22.5,-55.0,D,1141.2,1113.0,3.0,N,2026-08-09 21:00:47.974671
2026-08-06,2026-06-01,2026-08-06,district,S. I. KARNATAKA,KARNATAKA,TUMAKURU,2.0,2.5,-20.0,D,84.4,152.1,-45.0,D,2026-08-09 21:00:47.974671
2026-08-06,2026-06-01,2026-08-06,district,S. I. KARNATAKA,KARNATAKA,VIJAYANAGARA,1.8,3.9,-54.0,D,85.5,171.1,-50.0,D,2026-08-09 21:00:47.974671
2026-08-06,2026-06-01,2026-08-06,district,SAURASHTRA & KUTCH,DADRA & NAGAR HAVELI AND DAMAN & DIU (UT),DIU,0.0,4.2,-100.0,NR,617.6,524.3,18.0,N,2026-08-09 21:00:47.974671
2026-08-06,2026-06-01,2026-08-06,district,SAURASHTRA & KUTCH,GUJARAT,AMRELI,0.0,5.1,-100.0,NR,485.2,363.6,33.0,E,2026-08-09 21:00:47.974671
2026-08-06,2026-06-01,2026-08-06,district,SAURASHTRA & KUTCH,GUJARAT,BHAVNAGAR,1.2,5.3,-77.0,LD,453.2,346.6,31.0,E,2026-08-09 21:00:47.974671
2026-08-06,2026-06-01,2026-08-06,district,SAURASHTRA & KUTCH,GUJARAT,BOTAD,0.0,5.9,-100.0,NR,417.7,324.7,29.0,E,2026-08-09 21:00:47.974671
2026-08-06,2026-06-01,2026-08-06,district,SAURASHTRA & KUTCH,GUJARAT,DEVBHOOMI DWARKA,0.0,8.1,-100.0,NR,55.4,355.8,-84.0,LD,2026-08-09 21:00:47.974671
2026-08-06,2026-06-01,2026-08-06,district,SAURASHTRA & KUTCH,GUJARAT,GIR SOMNATH,0.0,11.5,-100.0,NR,455.7,605.4,-25.0,D,2026-08-09 21:00:47.974671
2026-08-06,2026-06-01,2026-08-06,district,SAURASHTRA & KUTCH,GUJARAT,JAMNAGAR,0.0,10.3,-100.0,NR,213.2,394.1,-46.0,D,2026-08-09 21:00:47.974671
2026-08-06,2026-06-01,2026-08-06,district,SAURASHTRA & KUTCH,GUJARAT,JUNAGADH,0.0,12.1,-100.0,NR,583.1,595.5,-2.0,N,2026-08-09 21:00:47.974671
2026-08-06,2026-06-01,2026-08-06,district,SAURASHTRA & KUTCH,GUJARAT,KUTCH,0.0,5.1,-100.0,NR,135.5,230.8,-41.0,D,2026-08-09 21:00:47.974671
2026-08-06,2026-06-01,2026-08-06,district,SAURASHTRA & KUTCH,GUJARAT,MORBI,0.2,5.8,-97.0,LD,460.2,329.1,40.0,E,2026-08-09 21:00:47.974671
2026-08-06,2026-06-01,2026-08-06,district,SAURASHTRA & KUTCH,GUJARAT,PORBANDAR,0.0,9.6,-100.0,NR,156.1,454.8,-66.0,LD,2026-08-09 21:00:47.974671
2026-08-06,2026-06-01,2026-08-06,district,SAURASHTRA & KUTCH,GUJARAT,RAJKOT,0.0,8.5,-100.0,NR,349.3,398.3,-12.0,N,2026-08-09 21:00:47.974671
2026-08-06,2026-06-01,2026-08-06,district,SAURASHTRA & KUTCH,GUJARAT,SURENDRANAGAR,0.1,6.5,-99.0,LD,471.7,303.2,56.0,E,2026-08-09 21:00:47.974671
2026-08-06,2026-06-01,2026-08-06,district,SHWB & SIKKIM,SIKKIM,GANGTOK,19.4,18.0,8.0,N,1233.1,1309.1,-6.0,N,2026-08-09 21:00:47.974671
2026-08-06,2026-06-01,2026-08-06,district,SHWB & SIKKIM,SIKKIM,GYALSHING,27.5,12.7,116.0,LE,1510.6,1061.1,42.0,E,2026-08-09 21:00:47.974671
2026-08-06,2026-06-01,2026-08-06,district,SHWB & SIKKIM,SIKKIM,MANGAN,12.8,11.7,9.0,N,873.8,925.8,-6.0,N,2026-08-09 21:00:47.974671
2026-08-06,2026-06-01,2026-08-06,district,SHWB & SIKKIM,SIKKIM,NAMCHI,21.3,17.6,21.0,E,1303.2,966.2,35.0,E,2026-08-09 21:00:47.974671
2026-08-06,2026-06-01,2026-08-06,district,SHWB & SIKKIM,SIKKIM,Pakyong,5.7,17.7,-68.0,LD,1091.4,958.6,14.0,N,2026-08-09 21:00:47.974671
2026-08-06,2026-06-01,2026-08-06,district,SHWB & SIKKIM,SIKKIM,Soreng,15.0,12.7,18.0,N,1582.5,1061.1,49.0,E,2026-08-09 21:00:47.974671
2026-08-06,2026-06-01,2026-08-06,district,SHWB & SIKKIM,WEST BENGAL,ALIPURDUAR,17.2,18.7,-8.0,N,1996.9,1865.1,7.0,N,2026-08-09 21:00:47.974671
2026-08-06,2026-06-01,2026-08-06,district,SHWB & SIKKIM,WEST BENGAL,COOCH BEHAR,8.2,15.8,-48.0,D,1557.5,1410.3,10.0,N,2026-08-09 21:00:47.974671
2026-08-06,2026-06-01,2026-08-06,district,SHWB & SIKKIM,WEST BENGAL,DARJEELING,7.1,18.8,-62.0,LD,1527.0,1662.3,-8.0,N,2026-08-09 21:00:47.974671
2026-08-06,2026-06-01,2026-08-06,district,SHWB & SIKKIM,WEST BENGAL,JALPAIGURI,9.8,20.7,-52.0,D,1571.8,1807.9,-13.0,N,2026-08-09 21:00:47.974671
2026-08-06,2026-06-01,2026-08-06,district,SHWB & SIKKIM,WEST BENGAL,KALIMPONG,6.6,21.5,-69.0,LD,1269.4,1461.0,-13.0,N,2026-08-09 21:00:47.974671
2026-08-06,2026-06-01,2026-08-06,district,SHWB & SIKKIM,WEST BENGAL,MALDA,5.0,6.8,-26.0,D,510.7,630.4,-19.0,N,2026-08-09 21:00:47.974671
2026-08-06,2026-06-01,2026-08-06,district,SHWB & SIKKIM,WEST BENGAL,NORTH DINAJPUR,0.0,15.8,-100.0,NR,673.4,838.9,-20.0,D,2026-08-09 21:00:47.974671
2026-08-06,2026-06-01,2026-08-06,district,SHWB & SIKKIM,WEST BENGAL,SOUTH DINAJPUR,0.5,6.4,-92.0,LD,603.3,620.5,-3.0,N,2026-08-09 21:00:47.974671
2026-08-06,2026-06-01,2026-08-06,district,TAMIL. PUDU.& KARAIKAL,PUDUCHERRY (UT),KARAIKAL,0.0,5.4,-100.0,NR,146.4,117.5,25.0,E,2026-08-09 21:00:47.974671
2026-08-06,2026-06-01,2026-08-06,district,TAMIL. PUDU.& KARAIKAL,PUDUCHERRY (UT),PUDUCHERRY,0.0,2.8,-100.0,NR,39.8,147.3,-73.0,LD,2026-08-09 21:00:47.974671
2026-08-06,2026-06-01,2026-08-06,district,TAMIL. PUDU.& KARAIKAL,TAMILNADU,ARIYALUR,0.0,2.9,-100.0,NR,101.7,106.0,-4.0,N,2026-08-09 21:00:47.974671
2026-08-06,2026-06-01,2026-08-06,district,TAMIL. PUDU.& KARAIKAL,TAMILNADU,CHENGALPATTU,0.3,3.5,-90.0,LD,59.7,167.1,-64.0,LD,2026-08-09 21:00:47.974671
2026-08-06,2026-06-01,2026-08-06,district,TAMIL. PUDU.& KARAIKAL,TAMILNADU,CHENNAI,12.3,3.4,262.0,LE,175.9,196.4,-10.0,N,2026-08-09 21:00:47.974671
2026-08-06,2026-06-01,2026-08-06,district,TAMIL. PUDU.& KARAIKAL,TAMILNADU,COIMBATORE,2.8,5.4,-49.0,D,464.4,430.3,8.0,N,2026-08-09 21:00:47.974671
2026-08-06,2026-06-01,2026-08-06,district,TAMIL. PUDU.& KARAIKAL,TAMILNADU,CUDDALORE,0.0,3.6,-100.0,NR,140.1,133.5,5.0,N,2026-08-09 21:00:47.974671
2026-08-06,2026-06-01,2026-08-06,district,TAMIL. PUDU.& KARAIKAL,TAMILNADU,DHARMAPURI,0.0,1.3,-100.0,NR,110.3,133.4,-17.0,N,2026-08-09 21:00:47.974671
2026-08-06,2026-06-01,2026-08-06,district,TAMIL. PUDU.& KARAIKAL,TAMILNADU,DINDIGUL,0.0,1.8,-98.0,LD,75.9,102.3,-26.0,D,2026-08-09 21:00:47.974671
2026-08-06,2026-06-01,2026-08-06,district,TAMIL. PUDU.& KARAIKAL,TAMILNADU,ERODE,0.0,1.4,-100.0,NR,79.9,101.1,-21.0,D,2026-08-09 21:00:47.974671
2026-08-06,2026-06-01,2026-08-06,district,TAMIL. PUDU.& KARAIKAL,TAMILNADU,KALLAKURICHI,0.1,3.0,-95.0,LD,105.9,145.3,-27.0,D,2026-08-09 21:00:47.974671
2026-08-06,2026-06-01,2026-08-06,district,TAMIL. PUDU.& KARAIKAL,TAMILNADU,KANCHEEPURAM,0.1,4.0,-98.0,LD,133.2,196.9,-32.0,D,2026-08-09 21:00:47.974671
2026-08-06,2026-06-01,2026-08-06,district,TAMIL. PUDU.& KARAIKAL,TAMILNADU,KANYAKUMARI,1.3,2.6,-52.0,D,346.2,300.1,15.0,N,2026-08-09 21:00:47.974671
2026-08-06,2026-06-01,2026-08-06,district,TAMIL. PUDU.& KARAIKAL,TAMILNADU,KARUR,0.0,0.5,-100.0,NR,35.0,53.6,-35.0,D,2026-08-09 21:00:47.974671
2026-08-06,2026-06-01,2026-08-06,district,TAMIL. PUDU.& KARAIKAL,TAMILNADU,KRISHNAGIRI,0.0,1.8,-100.0,NR,100.4,122.4,-18.0,N,2026-08-09 21:00:47.974671
2026-08-06,2026-06-01,2026-08-06,district,TAMIL. PUDU.& KARAIKAL,TAMILNADU,MADURAI,0.0,2.2,-98.0,LD,72.4,105.3,-31.0,D,2026-08-09 21:00:47.974671
2026-08-06,2026-06-01,2026-08-06,district,TAMIL. PUDU.& KARAIKAL,TAMILNADU,MAYILADUTHURAI,0.0,3.8,-100.0,NR,72.7,109.8,-34.0,D,2026-08-09 21:00:47.974671
2026-08-06,2026-06-01,2026-08-06,district,TAMIL. PUDU.& KARAIKAL,TAMILNADU,NAGAPATTINAM,0.0,2.0,-100.0,NR,41.7,92.3,-55.0,D,2026-08-09 21:00:47.974671
2026-08-06,2026-06-01,2026-08-06,district,TAMIL. PUDU.& KARAIKAL,TAMILNADU,NAMAKKAL,0.0,1.6,-100.0,NR,45.5,112.8,-60.0,LD,2026-08-09 21:00:47.974671
2026-08-06,2026-06-01,2026-08-06,district,TAMIL. PUDU.& KARAIKAL,TAMILNADU,NILGIRIS,1.1,9.1,-88.0,LD,357.3,490.9,-27.0,D,2026-08-09 21:00:47.974671
2026-08-06,2026-06-01,2026-08-06,district,TAMIL. PUDU.& KARAIKAL,TAMILNADU,PERAMBALUR,0.0,0.5,-100.0,NR,97.8,79.6,23.0,E,2026-08-09 21:00:47.974671
2026-08-06,2026-06-01,2026-08-06,district,TAMIL. PUDU.& KARAIKAL,TAMILNADU,PUDUKKOTTAI,0.0,2.4,-100.0,NR,102.4,105.9,-3.0,N,2026-08-09 21:00:47.974671
2026-08-06,2026-06-01,2026-08-06,district,TAMIL. PUDU.& KARAIKAL,TAMILNADU,RAMANATHAPURAM,0.0,1.0,-100.0,NR,10.3,45.3,-77.0,LD,2026-08-09 21:00:47.974671
2026-08-06,2026-06-01,2026-08-06,district,TAMIL. PUDU.& KARAIKAL,TAMILNADU,RANIPET,0.0,2.3,-100.0,NR,147.6,197.5,-25.0,D,2026-08-09 21:00:47.974671
2026-08-06,2026-06-01,2026-08-06,district,TAMIL. PUDU.& KARAIKAL,TAMILNADU,SALEM,0.1,2.2,-95.0,LD,106.3,151.9,-30.0,D,2026-08-09 21:00:47.974671
2026-08-06,2026-06-01,2026-08-06,district,TAMIL. PUDU.& KARAIKAL,TAMILNADU,SIVAGANGA,0.0,2.1,-100.0,NR,102.1,134.3,-24.0,D,2026-08-09 21:00:47.974671
2026-08-06,2026-06-01,2026-08-06,district,TAMIL. PUDU.& KARAIKAL,TAMILNADU,TENKASI,1.0,1.2,-20.0,D,154.3,95.3,62.0,LE,2026-08-09 21:00:47.974671
2026-08-06,2026-06-01,2026-08-06,district,TAMIL. PUDU.& KARAIKAL,TAMILNADU,THANJAVUR,0.1,2.9,-98.0,LD,87.5,105.0,-17.0,N,2026-08-09 21:00:47.974671
2026-08-06,2026-06-01,2026-08-06,district,TAMIL. PUDU.& KARAIKAL,TAMILNADU,THENI,0.7,1.8,-63.0,LD,127.8,92.0,39.0,E,2026-08-09 21:00:47.974671
2026-08-06,2026-06-01,2026-08-06,district,TAMIL. PUDU.& KARAIKAL,TAMILNADU,THIRUCHIRAPALLI,0.0,2.0,-100.0,NR,72.0,85.3,-16.0,N,2026-08-09 21:00:47.974671
2026-08-06,2026-06-01,2026-08-06,district,TAMIL. PUDU.& KARAIKAL,TAMILNADU,THIRUVALLUR,1.9,4.1,-53.0,D,170.2,200.2,-15.0,N,2026-08-09 21:00:47.974671
2026-08-06,2026-06-01,2026-08-06,district,TAMIL. PUDU.& KARAIKAL,TAMILNADU,THOOTHUKUDI,0.0,0.3,-100.0,NR,8.0,18.4,-57.0,D,2026-08-09 21:00:47.974671
2026-08-06,2026-06-01,2026-08-06,district,TAMIL. PUDU.& KARAIKAL,TAMILNADU,TIRUNELVELI,1.1,0.5,111.0,LE,342.7,41.6,724.0,LE,2026-08-09 21:00:47.974671
2026-08-06,2026-06-01,2026-08-06,district,TAMIL. PUDU.& KARAIKAL,TAMILNADU,TIRUPATTUR,1.3,3.6,-65.0,LD,73.5,167.6,-56.0,D,2026-08-09 21:00:47.974671
2026-08-06,2026-06-01,2026-08-06,district,TAMIL. PUDU.& KARAIKAL,TAMILNADU,TIRUPPUR,0.0,0.3,-100.0,NR,23.7,46.9,-49.0,D,2026-08-09 21:00:47.974671
2026-08-06,2026-06-01,2026-08-06,district,TAMIL. PUDU.& KARAIKAL,TAMILNADU,TIRUVANNAMALAI,0.1,4.1,-97.0,LD,115.7,173.8,-33.0,D,2026-08-09 21:00:47.974671
2026-08-06,2026-06-01,2026-08-06,district,TAMIL. PUDU.& KARAIKAL,TAMILNADU,TIRUVARUR,0.0,2.5,-100.0,NR,102.5,106.2,-4.0,N,2026-08-09 21:00:47.974671
2026-08-06,2026-06-01,2026-08-06,district,TAMIL. PUDU.& KARAIKAL,TAMILNADU,VELLORE,0.3,2.6,-90.0,LD,103.4,179.8,-42.0,D,2026-08-09 21:00:47.974671
2026-08-06,2026-06-01,2026-08-06,district,TAMIL. PUDU.& KARAIKAL,TAMILNADU,VILLUPURAM,0.0,3.4,-100.0,NR,110.6,154.3,-28.0,D,2026-08-09 21:00:47.974671
2026-08-06,2026-06-01,2026-08-06,district,TAMIL. PUDU.& KARAIKAL,TAMILNADU,VIRUDHUNAGAR,0.0,0.6,-100.0,NR,57.2,60.8,-6.0,N,2026-08-09 21:00:47.974671
2026-08-06,2026-06-01,2026-08-06,district,TELANGANA,TELANGANA,ADILABAD,0.1,8.1,-99.0,LD,534.0,549.4,-3.0,N,2026-08-09 21:00:47.974671
2026-08-06,2026-06-01,2026-08-06,district,TELANGANA,TELANGANA,B. KOTHAGUDEM,1.0,9.3,-90.0,LD,433.4,535.2,-19.0,N,2026-08-09 21:00:47.974671
2026-08-06,2026-06-01,2026-08-06,district,TELANGANA,TELANGANA,HANUMAKONDA,1.6,3.6,-56.0,D,221.5,375.5,-41.0,D,2026-08-09 21:00:47.974671
2026-08-06,2026-06-01,2026-08-06,district,TELANGANA,TELANGANA,HYDERABAD,3.0,4.4,-31.0,D,236.9,314.4,-25.0,D,2026-08-09 21:00:47.974671
2026-08-06,2026-06-01,2026-08-06,district,TELANGANA,TELANGANA,J. BHUPALPALLY,0.8,8.1,-91.0,LD,606.0,539.2,12.0,N,2026-08-09 21:00:47.974671
2026-08-06,2026-06-01,2026-08-06,district,TELANGANA,TELANGANA,JAGTIAL,0.5,7.2,-92.0,LD,590.3,453.9,30.0,E,2026-08-09 21:00:47.974671
2026-08-06,2026-06-01,2026-08-06,district,TELANGANA,TELANGANA,JANGAON,0.0,3.4,-99.0,LD,196.5,365.8,-46.0,D,2026-08-09 21:00:47.974671
2026-08-06,2026-06-01,2026-08-06,district,TELANGANA,TELANGANA,JOGULAMBA GADWAL,1.7,2.6,-36.0,D,168.0,224.1,-25.0,D,2026-08-09 21:00:47.974671
2026-08-06,2026-06-01,2026-08-06,district,TELANGANA,TELANGANA,KAMAREDDY,1.7,8.0,-79.0,LD,564.6,418.6,35.0,E,2026-08-09 21:00:47.974671
2026-08-06,2026-06-01,2026-08-06,district,TELANGANA,TELANGANA,KARIMNAGAR,2.1,5.2,-60.0,LD,379.4,382.0,-1.0,N,2026-08-09 21:00:47.974671
2026-08-06,2026-06-01,2026-08-06,district,TELANGANA,TELANGANA,KHAMMAM,4.8,6.8,-30.0,D,331.8,417.6,-21.0,D,2026-08-09 21:00:47.974671
2026-08-06,2026-06-01,2026-08-06,district,TELANGANA,TELANGANA,KUMARAM BHEEM,5.3,7.0,-24.0,D,723.4,559.1,29.0,E,2026-08-09 21:00:47.974671
2026-08-06,2026-06-01,2026-08-06,district,TELANGANA,TELANGANA,M. MALKAJGIRI,4.3,2.5,72.0,LE,165.3,255.5,-35.0,D,2026-08-09 21:00:47.974671
2026-08-06,2026-06-01,2026-08-06,district,TELANGANA,TELANGANA,MAHABUBABAD,0.8,8.2,-90.0,LD,385.6,473.3,-19.0,N,2026-08-09 21:00:47.974671
2026-08-06,2026-06-01,2026-08-06,district,TELANGANA,TELANGANA,MAHABUBNAGAR,2.0,3.5,-43.0,D,261.7,259.3,1.0,N,2026-08-09 21:00:47.974671
2026-08-06,2026-06-01,2026-08-06,district,TELANGANA,TELANGANA,MANCHERIAL,1.3,8.6,-85.0,LD,676.5,538.1,26.0,E,2026-08-09 21:00:47.974671
2026-08-06,2026-06-01,2026-08-06,district,TELANGANA,TELANGANA,MEDAK,3.7,8.1,-54.0,D,451.8,423.3,7.0,N,2026-08-09 21:00:47.974671
2026-08-06,2026-06-01,2026-08-06,district,TELANGANA,TELANGANA,MULUGU,1.1,9.6,-89.0,LD,681.0,559.0,22.0,E,2026-08-09 21:00:47.974671
2026-08-06,2026-06-01,2026-08-06,district,TELANGANA,TELANGANA,NAGARKURNOOL,1.9,4.1,-54.0,D,190.4,235.2,-19.0,N,2026-08-09 21:00:47.974671
2026-08-06,2026-06-01,2026-08-06,district,TELANGANA,TELANGANA,NALGONDA,0.2,3.2,-93.0,LD,145.7,244.2,-40.0,D,2026-08-09 21:00:47.974671
2026-08-06,2026-06-01,2026-08-06,district,TELANGANA,TELANGANA,NARAYANPET,0.6,2.5,-74.0,LD,271.8,231.1,18.0,N,2026-08-09 21:00:47.974671
2026-08-06,2026-06-01,2026-08-06,district,TELANGANA,TELANGANA,NIRMAL,0.0,8.4,-99.0,LD,320.0,507.2,-37.0,D,2026-08-09 21:00:47.974671
2026-08-06,2026-06-01,2026-08-06,district,TELANGANA,TELANGANA,NIZAMABAD,0.7,7.6,-91.0,LD,465.2,462.2,1.0,N,2026-08-09 21:00:47.974671
2026-08-06,2026-06-01,2026-08-06,district,TELANGANA,TELANGANA,PEDDAPALLE,2.0,7.5,-73.0,LD,523.6,499.6,5.0,N,2026-08-09 21:00:47.974671
2026-08-06,2026-06-01,2026-08-06,district,TELANGANA,TELANGANA,RAJANNA SIRCILLA,3.0,8.3,-64.0,LD,408.5,377.3,8.0,N,2026-08-09 21:00:47.974671
2026-08-06,2026-06-01,2026-08-06,district,TELANGANA,TELANGANA,RANGAREDDY,1.1,4.0,-72.0,LD,263.2,273.7,-4.0,N,2026-08-09 21:00:47.974671
2026-08-06,2026-06-01,2026-08-06,district,TELANGANA,TELANGANA,SANGAREDDY,3.5,6.1,-43.0,D,316.2,382.2,-17.0,N,2026-08-09 21:00:47.974671
2026-08-06,2026-06-01,2026-08-06,district,TELANGANA,TELANGANA,SIDDIPET,1.3,6.5,-81.0,LD,284.4,333.6,-15.0,N,2026-08-09 21:00:47.974671
2026-08-06,2026-06-01,2026-08-06,district,TELANGANA,TELANGANA,SURYAPET,1.3,4.2,-69.0,LD,243.5,321.1,-24.0,D,2026-08-09 21:00:47.974671
2026-08-06,2026-06-01,2026-08-06,district,TELANGANA,TELANGANA,VIKARABAD,3.9,4.6,-15.0,N,327.9,337.7,-3.0,N,2026-08-09 21:00:47.974671
2026-08-06,2026-06-01,2026-08-06,district,TELANGANA,TELANGANA,WANAPARTHY,4.3,5.2,-17.0,N,210.9,277.2,-24.0,D,2026-08-09 21:00:47.974671
2026-08-06,2026-06-01,2026-08-06,district,TELANGANA,TELANGANA,WARANGAL,0.1,5.8,-98.0,LD,297.7,504.2,-41.0,D,2026-08-09 21:00:47.974671
2026-08-06,2026-06-01,2026-08-06,district,TELANGANA,TELANGANA,Y. BHUVANAGIRI,0.4,3.2,-88.0,LD,157.4,287.9,-45.0,D,2026-08-09 21:00:47.974671
2026-08-06,2026-06-01,2026-08-06,district,UTTARAKHAND,UTTARAKHAND,ALMORA,7.9,7.0,13.0,N,483.3,469.7,3.0,N,2026-08-09 21:00:47.974671
2026-08-06,2026-06-01,2026-08-06,district,UTTARAKHAND,UTTARAKHAND,BAGESHWAR,37.2,7.0,432.0,LE,1125.5,469.7,140.0,LE,2026-08-09 21:00:47.974671
2026-08-06,2026-06-01,2026-08-06,district,UTTARAKHAND,UTTARAKHAND,CHAMOLI,37.1,6.4,480.0,LE,690.6,422.5,63.0,LE,2026-08-09 21:00:47.974671
2026-08-06,2026-06-01,2026-08-06,district,UTTARAKHAND,UTTARAKHAND,CHAMPAWAT,2.4,14.8,-84.0,LD,465.6,765.4,-39.0,D,2026-08-09 21:00:47.974671
2026-08-06,2026-06-01,2026-08-06,district,UTTARAKHAND,UTTARAKHAND,DEHRADUN,41.9,20.4,106.0,LE,809.9,841.8,-4.0,N,2026-08-09 21:00:47.974671
2026-08-06,2026-06-01,2026-08-06,district,UTTARAKHAND,UTTARAKHAND,GARHWAL PAURI,25.0,12.7,97.0,LE,356.8,700.0,-49.0,D,2026-08-09 21:00:47.974671
2026-08-06,2026-06-01,2026-08-06,district,UTTARAKHAND,UTTARAKHAND,GARHWAL TEHRI,32.3,13.2,145.0,LE,690.6,537.8,28.0,E,2026-08-09 21:00:47.974671
2026-08-06,2026-06-01,2026-08-06,district,UTTARAKHAND,UTTARAKHAND,HARDWAR,65.8,18.6,254.0,LE,578.9,548.7,6.0,N,2026-08-09 21:00:47.974671
2026-08-06,2026-06-01,2026-08-06,district,UTTARAKHAND,UTTARAKHAND,NAINITAL,31.8,14.6,118.0,LE,600.6,920.4,-35.0,D,2026-08-09 21:00:47.974671
2026-08-06,2026-06-01,2026-08-06,district,UTTARAKHAND,UTTARAKHAND,PITHORAGARH,16.3,15.6,5.0,N,793.5,886.3,-10.0,N,2026-08-09 21:00:47.974671
2026-08-06,2026-06-01,2026-08-06,district,UTTARAKHAND,UTTARAKHAND,RUDRAPRAYAG,42.8,20.0,114.0,LE,863.5,902.3,-4.0,N,2026-08-09 21:00:47.974671
2026-08-06,2026-06-01,2026-08-06,district,UTTARAKHAND,UTTARAKHAND,UDHAM SINGH NAGAR,11.1,13.1,-15.0,N,562.2,643.5,-13.0,N,2026-08-09 21:00:47.974671
2026-08-06,2026-06-01,2026-08-06,district,UTTARAKHAND,UTTARAKHAND,UTTARKASHI,25.7,16.2,58.0,E,640.3,689.1,-7.0,N,2026-08-09 21:00:47.974671
2026-08-06,2026-06-01,2026-08-06,district,VIDARBHA,MAHARASHTRA,AKOLA,0.4,8.8,-95.0,LD,342.5,413.1,-17.0,N,2026-08-09 21:00:47.974671
2026-08-06,2026-06-01,2026-08-06,district,VIDARBHA,MAHARASHTRA,AMRAOTI,0.3,10.2,-97.0,LD,375.8,480.9,-22.0,D,2026-08-09 21:00:47.974671
2026-08-06,2026-06-01,2026-08-06,district,VIDARBHA,MAHARASHTRA,BHANDARA,5.3,17.2,-69.0,LD,586.4,630.7,-7.0,N,2026-08-09 21:00:47.974671
2026-08-06,2026-06-01,2026-08-06,district,VIDARBHA,MAHARASHTRA,BULDHANA,1.4,10.7,-87.0,LD,413.0,374.4,10.0,N,2026-08-09 21:00:47.974671
2026-08-06,2026-06-01,2026-08-06,district,VIDARBHA,MAHARASHTRA,CHANDRAPUR,0.6,15.7,-96.0,LD,487.4,628.7,-22.0,D,2026-08-09 21:00:47.974671
2026-08-06,2026-06-01,2026-08-06,district,VIDARBHA,MAHARASHTRA,GADCHIROLI,2.0,18.2,-89.0,LD,621.4,753.2,-17.0,N,2026-08-09 21:00:47.974671
2026-08-06,2026-06-01,2026-08-06,district,VIDARBHA,MAHARASHTRA,GONDIA,5.8,17.3,-66.0,LD,761.3,711.4,7.0,N,2026-08-09 21:00:47.974671
2026-08-06,2026-06-01,2026-08-06,district,VIDARBHA,MAHARASHTRA,NAGPUR,0.7,12.6,-94.0,LD,437.2,559.8,-22.0,D,2026-08-09 21:00:47.974671
2026-08-06,2026-06-01,2026-08-06,district,VIDARBHA,MAHARASHTRA,WARDHA,0.0,11.0,-99.0,LD,444.9,506.3,-12.0,N,2026-08-09 21:00:47.974671
2026-08-06,2026-06-01,2026-08-06,district,VIDARBHA,MAHARASHTRA,WASHIM,3.6,13.1,-72.0,LD,385.6,469.0,-18.0,N,2026-08-09 21:00:47.974671
2026-08-06,2026-06-01,2026-08-06,district,VIDARBHA,MAHARASHTRA,YEOTMAL,1.5,11.7,-88.0,LD,493.7,493.2,0.0,N,2026-08-09 21:00:47.974671
2026-08-06,2026-06-01,2026-08-06,district,WEST MADHYA PRADESH,MADHYA PRADESH,AGAR-MALWA,0.0,14.5,-100.0,NR,388.5,499.7,-22.0,D,2026-08-09 21:00:47.974671
2026-08-06,2026-06-01,2026-08-06,district,WEST MADHYA PRADESH,MADHYA PRADESH,ALIRAJPUR,0.9,13.2,-93.0,LD,319.6,481.5,-34.0,D,2026-08-09 21:00:47.974671
2026-08-06,2026-06-01,2026-08-06,district,WEST MADHYA PRADESH,MADHYA PRADESH,ASHOKNAGAR,0.0,11.5,-100.0,NR,337.0,470.8,-28.0,D,2026-08-09 21:00:47.974671
2026-08-06,2026-06-01,2026-08-06,district,WEST MADHYA PRADESH,MADHYA PRADESH,BARWANI,0.4,8.4,-95.0,LD,368.8,361.0,2.0,N,2026-08-09 21:00:47.974671
2026-08-06,2026-06-01,2026-08-06,district,WEST MADHYA PRADESH,MADHYA PRADESH,BETUL,0.0,11.7,-100.0,NR,462.4,577.3,-20.0,D,2026-08-09 21:00:47.974671
2026-08-06,2026-06-01,2026-08-06,district,WEST MADHYA PRADESH,MADHYA PRADESH,BHIND,22.0,7.7,186.0,LE,424.0,324.9,30.0,E,2026-08-09 21:00:47.974671
2026-08-06,2026-06-01,2026-08-06,district,WEST MADHYA PRADESH,MADHYA PRADESH,BHOPAL,0.6,12.8,-95.0,LD,484.9,531.0,-9.0,N,2026-08-09 21:00:47.974671
2026-08-06,2026-06-01,2026-08-06,district,WEST MADHYA PRADESH,MADHYA PRADESH,BURHANPUR,0.0,8.7,-100.0,NR,582.4,403.2,44.0,E,2026-08-09 21:00:47.974671
2026-08-06,2026-06-01,2026-08-06,district,WEST MADHYA PRADESH,MADHYA PRADESH,DATIA,28.9,12.0,141.0,LE,260.2,396.3,-34.0,D,2026-08-09 21:00:47.974671
2026-08-06,2026-06-01,2026-08-06,district,WEST MADHYA PRADESH,MADHYA PRADESH,DEWAS,1.9,12.1,-84.0,LD,562.3,500.7,12.0,N,2026-08-09 21:00:47.974671
2026-08-06,2026-06-01,2026-08-06,district,WEST MADHYA PRADESH,MADHYA PRADESH,DHAR,1.3,10.5,-88.0,LD,332.6,450.4,-26.0,D,2026-08-09 21:00:47.974671
2026-08-06,2026-06-01,2026-08-06,district,WEST MADHYA PRADESH,MADHYA PRADESH,GUNA,0.4,15.5,-97.0,LD,446.0,522.7,-15.0,N,2026-08-09 21:00:47.974671
2026-08-06,2026-06-01,2026-08-06,district,WEST MADHYA PRADESH,MADHYA PRADESH,GWALIOR,19.1,9.9,93.0,LE,390.7,358.3,9.0,N,2026-08-09 21:00:47.974671
2026-08-06,2026-06-01,2026-08-06,district,WEST MADHYA PRADESH,MADHYA PRADESH,HARDA,0.0,10.7,-99.0,LD,486.5,599.8,-19.0,N,2026-08-09 21:00:47.974671
2026-08-06,2026-06-01,2026-08-06,district,WEST MADHYA PRADESH,MADHYA PRADESH,INDORE,0.2,9.5,-98.0,LD,450.6,471.2,-4.0,N,2026-08-09 21:00:47.974671
2026-08-06,2026-06-01,2026-08-06,district,WEST MADHYA PRADESH,MADHYA PRADESH,JHABUA,5.6,11.6,-52.0,D,408.9,488.9,-16.0,N,2026-08-09 21:00:47.974671
2026-08-06,2026-06-01,2026-08-06,district,WEST MADHYA PRADESH,MADHYA PRADESH,KHANDWA,0.4,9.6,-96.0,LD,449.6,443.9,1.0,N,2026-08-09 21:00:47.974671
2026-08-06,2026-06-01,2026-08-06,district,WEST MADHYA PRADESH,MADHYA PRADESH,KHARGONE,0.8,9.8,-92.0,LD,459.2,401.0,15.0,N,2026-08-09 21:00:47.974671
2026-08-06,2026-06-01,2026-08-06,district,WEST MADHYA PRADESH,MADHYA PRADESH,MANDSAUR,0.0,13.0,-100.0,NR,393.4,448.4,-12.0,N,2026-08-09 21:00:47.974671
2026-08-06,2026-06-01,2026-08-06,district,WEST MADHYA PRADESH,MADHYA PRADESH,MORENA,32.4,10.9,198.0,LE,201.4,349.8,-42.0,D,2026-08-09 21:00:47.974671
2026-08-06,2026-06-01,2026-08-06,district,WEST MADHYA PRADESH,MADHYA PRADESH,NARMADAPURAM,2.7,19.3,-86.0,LD,391.5,680.1,-42.0,D,2026-08-09 21:00:47.974671
2026-08-06,2026-06-01,2026-08-06,district,WEST MADHYA PRADESH,MADHYA PRADESH,NEEMUCH,0.0,9.5,-100.0,NR,348.7,404.1,-14.0,N,2026-08-09 21:00:47.974671
2026-08-06,2026-06-01,2026-08-06,district,WEST MADHYA PRADESH,MADHYA PRADESH,RAISEN,1.2,13.7,-91.0,LD,448.7,590.0,-24.0,D,2026-08-09 21:00:47.974671
2026-08-06,2026-06-01,2026-08-06,district,WEST MADHYA PRADESH,MADHYA PRADESH,RAJGARH,0.0,13.9,-100.0,NR,425.2,489.3,-13.0,N,2026-08-09 21:00:47.974671
2026-08-06,2026-06-01,2026-08-06,district,WEST MADHYA PRADESH,MADHYA PRADESH,RATLAM,2.1,11.0,-81.0,LD,368.2,495.1,-26.0,D,2026-08-09 21:00:47.974671
2026-08-06,2026-06-01,2026-08-06,district,WEST MADHYA PRADESH,MADHYA PRADESH,SEHORE,1.7,13.7,-88.0,LD,531.1,578.9,-8.0,N,2026-08-09 21:00:47.974671
2026-08-06,2026-06-01,2026-08-06,district,WEST MADHYA PRADESH,MADHYA PRADESH,SHAJAPUR,0.4,11.9,-96.0,LD,333.5,496.9,-33.0,D,2026-08-09 21:00:47.974671
2026-08-06,2026-06-01,2026-08-06,district,WEST MADHYA PRADESH,MADHYA PRADESH,SHEOPUR,11.9,7.5,59.0,E,272.4,376.1,-28.0,D,2026-08-09 21:00:47.974671
2026-08-06,2026-06-01,2026-08-06,district,WEST MADHYA PRADESH,MADHYA PRADESH,SHIVPURI,11.8,9.7,21.0,E,306.4,442.1,-31.0,D,2026-08-09 21:00:47.974671
2026-08-06,2026-06-01,2026-08-06,district,WEST MADHYA PRADESH,MADHYA PRADESH,UJJAIN,0.7,9.8,-93.0,LD,410.3,488.6,-16.0,N,2026-08-09 21:00:47.974671
2026-08-06,2026-06-01,2026-08-06,district,WEST MADHYA PRADESH,MADHYA PRADESH,VIDISHA,0.1,16.4,-99.0,LD,393.2,570.5,-31.0,D,2026-08-09 21:00:47.974671
2026-08-06,2026-06-01,2026-08-06,district,WEST RAJASTHAN,RAJASTHAN,BARMER,0.0,7.3,-100.0,NR,159.0,157.5,1.0,N,2026-08-09 21:00:47.974671
2026-08-06,2026-06-01,2026-08-06,district,WEST RAJASTHAN,RAJASTHAN,BIKANER,0.0,2.8,-100.0,NR,162.1,155.5,4.0,N,2026-08-09 21:00:47.974671
2026-08-06,2026-06-01,2026-08-06,district,WEST RAJASTHAN,RAJASTHAN,CHURU,0.0,4.2,-100.0,NR,198.2,210.5,-6.0,N,2026-08-09 21:00:47.974671
2026-08-06,2026-06-01,2026-08-06,district,WEST RAJASTHAN,RAJASTHAN,HANUMANGARH,0.0,3.6,-100.0,NR,123.5,158.0,-22.0,D,2026-08-09 21:00:47.974671
2026-08-06,2026-06-01,2026-08-06,district,WEST RAJASTHAN,RAJASTHAN,JAISALMER,0.0,3.3,-100.0,NR,70.8,102.4,-31.0,D,2026-08-09 21:00:47.974671
2026-08-06,2026-06-01,2026-08-06,district,WEST RAJASTHAN,RAJASTHAN,JALORE,0.0,12.1,-100.0,NR,139.8,247.8,-44.0,D,2026-08-09 21:00:47.974671
2026-08-06,2026-06-01,2026-08-06,district,WEST RAJASTHAN,RAJASTHAN,JODHPUR,0.0,5.1,-100.0,NR,164.5,170.2,-3.0,N,2026-08-09 21:00:47.974671
2026-08-06,2026-06-01,2026-08-06,district,WEST RAJASTHAN,RAJASTHAN,NAGAUR,0.0,5.9,-100.0,NR,200.0,227.9,-12.0,N,2026-08-09 21:00:47.974671
2026-08-06,2026-06-01,2026-08-06,district,WEST RAJASTHAN,RAJASTHAN,PALI,0.0,8.0,-100.0,NR,189.3,277.5,-32.0,D,2026-08-09 21:00:47.974671
2026-08-06,2026-06-01,2026-08-06,district,WEST RAJASTHAN,RAJASTHAN,SRI GANGANAGAR,3.1,2.8,11.0,N,154.7,124.5,24.0,E,2026-08-09 21:00:47.974671
2026-08-06,2026-06-01,2026-08-06,district,WEST UTTAR PRADESH,UTTAR PRADESH,AGRA,18.3,9.3,97.0,LE,278.1,283.1,-2.0,N,2026-08-09 21:00:47.974671
2026-08-06,2026-06-01,2026-08-06,district,WEST UTTAR PRADESH,UTTAR PRADESH,ALIGARH,11.5,5.1,125.0,LE,209.1,311.5,-33.0,D,2026-08-09 21:00:47.974671
2026-08-06,2026-06-01,2026-08-06,district,WEST UTTAR PRADESH,UTTAR PRADESH,AMROHA,2.3,6.9,-66.0,LD,174.0,445.4,-61.0,LD,2026-08-09 21:00:47.974671
2026-08-06,2026-06-01,2026-08-06,district,WEST UTTAR PRADESH,UTTAR PRADESH,AURAIYA,27.3,8.8,210.0,LE,289.0,270.4,7.0,N,2026-08-09 21:00:47.974671
2026-08-06,2026-06-01,2026-08-06,district,WEST UTTAR PRADESH,UTTAR PRADESH,BADAUN,13.5,5.8,133.0,LE,377.5,364.3,4.0,N,2026-08-09 21:00:47.974671
2026-08-06,2026-06-01,2026-08-06,district,WEST UTTAR PRADESH,UTTAR PRADESH,BAGHPAT,9.7,4.3,125.0,LE,267.3,273.0,-2.0,N,2026-08-09 21:00:47.974671
2026-08-06,2026-06-01,2026-08-06,district,WEST UTTAR PRADESH,UTTAR PRADESH,BAREILLY,8.7,8.3,5.0,N,345.3,444.0,-22.0,D,2026-08-09 21:00:47.974671
2026-08-06,2026-06-01,2026-08-06,district,WEST UTTAR PRADESH,UTTAR PRADESH,BIJNOR,16.6,13.8,20.0,E,514.8,510.1,1.0,N,2026-08-09 21:00:47.974671
2026-08-06,2026-06-01,2026-08-06,district,WEST UTTAR PRADESH,UTTAR PRADESH,BULANDSHAHAR,25.8,4.1,528.0,LE,272.1,288.7,-6.0,N,2026-08-09 21:00:47.974671
2026-08-06,2026-06-01,2026-08-06,district,WEST UTTAR PRADESH,UTTAR PRADESH,ETAH,17.7,4.0,342.0,LE,357.6,261.8,37.0,E,2026-08-09 21:00:47.974671
2026-08-06,2026-06-01,2026-08-06,district,WEST UTTAR PRADESH,UTTAR PRADESH,ETAWAH,56.5,6.8,730.0,LE,344.5,290.1,19.0,N,2026-08-09 21:00:47.974671
2026-08-06,2026-06-01,2026-08-06,district,WEST UTTAR PRADESH,UTTAR PRADESH,FIROZABAD,41.1,6.9,496.0,LE,406.5,300.5,35.0,E,2026-08-09 21:00:47.974671
2026-08-06,2026-06-01,2026-08-06,district,WEST UTTAR PRADESH,UTTAR PRADESH,GAUTAM BUDDHA NAGAR,14.2,3.7,284.0,LE,276.4,244.6,13.0,N,2026-08-09 21:00:47.974671
2026-08-06,2026-06-01,2026-08-06,district,WEST UTTAR PRADESH,UTTAR PRADESH,GHAZIABAD,10.0,4.3,133.0,LE,96.3,246.8,-61.0,LD,2026-08-09 21:00:47.974671
2026-08-06,2026-06-01,2026-08-06,district,WEST UTTAR PRADESH,UTTAR PRADESH,HAMIRPUR,35.8,9.9,262.0,LE,415.3,364.7,14.0,N,2026-08-09 21:00:47.974671
2026-08-06,2026-06-01,2026-08-06,district,WEST UTTAR PRADESH,UTTAR PRADESH,HAPUR,7.0,7.8,-10.0,N,238.0,356.4,-33.0,D,2026-08-09 21:00:47.974671
2026-08-06,2026-06-01,2026-08-06,district,WEST UTTAR PRADESH,UTTAR PRADESH,HATHRAS,8.7,6.3,38.0,E,353.8,303.1,17.0,N,2026-08-09 21:00:47.974671
2026-08-06,2026-06-01,2026-08-06,district,WEST UTTAR PRADESH,UTTAR PRADESH,JALAUN,21.3,9.3,129.0,LE,227.0,331.7,-32.0,D,2026-08-09 21:00:47.974671
2026-08-06,2026-06-01,2026-08-06,district,WEST UTTAR PRADESH,UTTAR PRADESH,JHANSI,20.5,9.3,120.0,LE,191.9,385.3,-50.0,D,2026-08-09 21:00:47.974671
2026-08-06,2026-06-01,2026-08-06,district,WEST UTTAR PRADESH,UTTAR PRADESH,KASGANJ,9.7,4.2,130.0,LE,313.7,343.3,-9.0,N,2026-08-09 21:00:47.974671
2026-08-06,2026-06-01,2026-08-06,district,WEST UTTAR PRADESH,UTTAR PRADESH,LALITPUR,3.0,11.6,-74.0,LD,332.6,438.4,-24.0,D,2026-08-09 21:00:47.974671
2026-08-06,2026-06-01,2026-08-06,district,WEST UTTAR PRADESH,UTTAR PRADESH,MAHOBA,20.8,8.9,134.0,LE,253.8,305.0,-17.0,N,2026-08-09 21:00:47.974671
2026-08-06,2026-06-01,2026-08-06,district,WEST UTTAR PRADESH,UTTAR PRADESH,MAINPURI,17.2,5.8,197.0,LE,175.8,340.7,-48.0,D,2026-08-09 21:00:47.974671
2026-08-06,2026-06-01,2026-08-06,district,WEST UTTAR PRADESH,UTTAR PRADESH,MATHURA,5.5,9.5,-42.0,D,179.5,269.1,-33.0,D,2026-08-09 21:00:47.974671
2026-08-06,2026-06-01,2026-08-06,district,WEST UTTAR PRADESH,UTTAR PRADESH,MEERUT,40.5,7.9,412.0,LE,624.8,350.6,78.0,LE,2026-08-09 21:00:47.974671
2026-08-06,2026-06-01,2026-08-06,district,WEST UTTAR PRADESH,UTTAR PRADESH,MORADABAD,9.8,8.7,13.0,N,353.7,471.3,-25.0,D,2026-08-09 21:00:47.974671
2026-08-06,2026-06-01,2026-08-06,district,WEST UTTAR PRADESH,UTTAR PRADESH,MUZAFFARNAGAR,17.4,8.5,105.0,LE,620.9,363.5,71.0,LE,2026-08-09 21:00:47.974671
2026-08-06,2026-06-01,2026-08-06,district,WEST UTTAR PRADESH,UTTAR PRADESH,PILIBHIT,7.5,9.9,-24.0,D,123.2,469.4,-74.0,LD,2026-08-09 21:00:47.974671
2026-08-06,2026-06-01,2026-08-06,district,WEST UTTAR PRADESH,UTTAR PRADESH,RAMPUR,11.7,8.2,42.0,E,262.9,384.5,-32.0,D,2026-08-09 21:00:47.974671
2026-08-06,2026-06-01,2026-08-06,district,WEST UTTAR PRADESH,UTTAR PRADESH,SAHARANPUR,20.4,7.3,179.0,LE,307.6,425.1,-28.0,D,2026-08-09 21:00:47.974671
2026-08-06,2026-06-01,2026-08-06,district,WEST UTTAR PRADESH,UTTAR PRADESH,SAMBHAL,26.3,5.7,362.0,LE,560.0,359.5,56.0,E,2026-08-09 21:00:47.974671
2026-08-06,2026-06-01,2026-08-06,district,WEST UTTAR PRADESH,UTTAR PRADESH,SHAHJAHANPUR,5.8,10.9,-47.0,D,351.6,433.5,-19.0,N,2026-08-09 21:00:47.974671
2026-08-06,2026-06-01,2026-08-06,district,WEST UTTAR PRADESH,UTTAR PRADESH,SHAMLI,3.0,3.0,0.0,N,111.9,301.5,-63.0,LD,2026-08-09 21:00:47.974671
2026-08-06,2026-06-01,2026-08-06,state,ASSAM & MEGHALAYA,ASSAM,,6.0,9.3,-35.0,D,708.8,921.8,-23.0,D,2026-08-09 21:00:47.974671
2026-08-06,2026-06-01,2026-08-06,state,ASSAM & MEGHALAYA,MEGHALAYA,,4.3,14.9,-71.0,LD,753.8,1732.0,-56.0,D,2026-08-09 21:00:47.974671
2026-08-06,2026-06-01,2026-08-06,state,BIHAR,UTTAR PRADESH,,19.4,7.8,148.0,LE,317.2,401.9,-21.0,D,2026-08-09 21:00:47.974671
2026-08-06,2026-06-01,2026-08-06,state,CHHATTISGARH,ANDHRA PRADESH,,2.0,4.0,-49.0,D,164.9,252.2,-35.0,D,2026-08-09 21:00:47.974671
2026-08-06,2026-06-01,2026-08-06,state,COASTAL A. P. & YANAM,ANDHRA PRADESH,,2.0,4.0,-49.0,D,164.9,252.2,-35.0,D,2026-08-09 21:00:47.974671
2026-08-06,2026-06-01,2026-08-06,state,COASTAL A. P. & YANAM,PUDUCHERRY (UT),,0.6,4.0,-86.0,LD,111.3,180.5,-38.0,D,2026-08-09 21:00:47.974671
2026-08-06,2026-06-01,2026-08-06,state,EAST MADHYA PRADESH,GUJARAT,,0.6,9.3,-94.0,LD,484.4,425.3,14.0,N,2026-08-09 21:00:47.974671
2026-08-06,2026-06-01,2026-08-06,state,GUJARAT REGION,DADRA & NAGAR HAVELI AND DAMAN & DIU (UT),,8.5,20.6,-59.0,D,2512.7,1416.4,77.0,LE,2026-08-09 21:00:47.974671
2026-08-06,2026-06-01,2026-08-06,state,GUJARAT REGION,GUJARAT,,0.6,9.3,-94.0,LD,484.4,425.3,14.0,N,2026-08-09 21:00:47.974671
2026-08-06,2026-06-01,2026-08-06,state,HAR. CHD & DELHI,CHANDIGARH (UT),,0.0,12.3,-100.0,NR,375.0,492.7,-24.0,D,2026-08-09 21:00:47.974671
2026-08-06,2026-06-01,2026-08-06,state,HAR. CHD & DELHI,DELHI (UT),,18.6,7.5,148.0,LE,277.8,291.7,-5.0,N,2026-08-09 21:00:47.974671
2026-08-06,2026-06-01,2026-08-06,state,HAR. CHD & DELHI,HARYANA,,10.6,5.2,104.0,LE,181.9,238.2,-24.0,D,2026-08-09 21:00:47.974671
2026-08-06,2026-06-01,2026-08-06,state,J & K AND LADAKH,JAMMU & KASHMIR(UT),,6.2,6.9,-10.0,N,359.1,312.4,15.0,N,2026-08-09 21:00:47.974671
2026-08-06,2026-06-01,2026-08-06,state,J & K AND LADAKH,LADAKH (UT),,0.2,0.0,1425.0,LE,38.2,13.3,188.0,LE,2026-08-09 21:00:47.974671
2026-08-06,2026-06-01,2026-08-06,state,J & K AND LADAKH,RAJASTHAN,,3.6,6.7,-46.0,D,204.7,249.6,-18.0,N,2026-08-09 21:00:47.974671
2026-08-06,2026-06-01,2026-08-06,state,KERALA & MAHE,KERALA,,10.0,15.5,-35.0,D,1093.9,1407.8,-22.0,D,2026-08-09 21:00:47.974671
2026-08-06,2026-06-01,2026-08-06,state,KERALA & MAHE,PUDUCHERRY (UT),,0.6,4.0,-86.0,LD,111.3,180.5,-38.0,D,2026-08-09 21:00:47.974671
2026-08-06,2026-06-01,2026-08-06,state,KONKAN & GOA,GOA,,18.7,26.9,-30.0,D,1385.2,2154.3,-36.0,D,2026-08-09 21:00:47.974671
2026-08-06,2026-06-01,2026-08-06,state,KONKAN & GOA,MAHARASHTRA,,4.8,11.9,-60.0,LD,629.2,601.1,5.0,N,2026-08-09 21:00:47.974671
2026-08-06,2026-06-01,2026-08-06,state,NMMT,MANIPUR,,12.4,10.5,18.0,N,408.7,637.2,-36.0,D,2026-08-09 21:00:47.974671
2026-08-06,2026-06-01,2026-08-06,state,NMMT,MIZORAM,,45.4,13.8,229.0,LE,733.1,929.5,-21.0,D,2026-08-09 21:00:47.974671
2026-08-06,2026-06-01,2026-08-06,state,NMMT,NAGALAND,,2.8,6.5,-56.0,D,658.4,616.1,7.0,N,2026-08-09 21:00:47.974671
2026-08-06,2026-06-01,2026-08-06,state,NMMT,TRIPURA,,25.9,10.6,145.0,LE,742.7,872.6,-15.0,N,2026-08-09 21:00:47.974671
2026-08-06,2026-06-01,2026-08-06,state,SAURASHTRA & KUTCH,DADRA & NAGAR HAVELI AND DAMAN & DIU (UT),,8.5,20.6,-59.0,D,2512.7,1416.4,77.0,LE,2026-08-09 21:00:47.974671
2026-08-06,2026-06-01,2026-08-06,state,SAURASHTRA & KUTCH,GUJARAT,,0.6,9.3,-94.0,LD,484.4,425.3,14.0,N,2026-08-09 21:00:47.974671
2026-08-06,2026-06-01,2026-08-06,state,SHWB & SIKKIM,SIKKIM,,15.7,13.6,15.0,N,1069.8,997.2,7.0,N,2026-08-09 21:00:47.974671
2026-08-06,2026-06-01,2026-08-06,state,SHWB & SIKKIM,WEST BENGAL,,31.3,12.1,158.0,LE,806.8,770.3,5.0,N,2026-08-09 21:00:47.974671
2026-08-06,2026-06-01,2026-08-06,state,TAMIL. PUDU.& KARAIKAL,KARNATAKA,,4.5,8.2,-46.0,D,409.0,503.9,-19.0,N,2026-08-09 21:00:47.974671
2026-08-06,2026-06-01,2026-08-06,state,TAMIL. PUDU.& KARAIKAL,PUDUCHERRY (UT),,0.6,4.0,-86.0,LD,111.3,180.5,-38.0,D,2026-08-09 21:00:47.974671
2026-08-06,2026-06-01,2026-08-06,state,TAMIL. PUDU.& KARAIKAL,TAMILNADU,,0.3,2.3,-86.0,LD,117.3,133.1,-12.0,N,2026-08-09 21:00:47.974671
2026-08-06,2026-06-01,2026-08-06,state,WEST RAJASTHAN,MADHYA PRADESH,,6.6,12.6,-48.0,D,419.7,519.8,-19.0,N,2026-08-09 21:00:47.974671
2026-08-06,2026-06-01,2026-08-06,subdivision,A & N ISLAND,,,22.7,13.7,66.0,LE,919.4,878.5,5.0,N,2026-08-09 21:00:47.974671
2026-08-06,2026-06-01,2026-08-06,subdivision,ARUNACHAL PRADESH,,,1.6,9.0,-82.0,LD,665.2,1043.8,-36.0,D,2026-08-09 21:00:47.974671
2026-08-06,2026-06-01,2026-08-06,subdivision,ASSAM & MEGHALAYA,,,5.6,10.6,-47.0,D,719.5,1110.4,-35.0,D,2026-08-09 21:00:47.974671
2026-08-06,2026-06-01,2026-08-06,subdivision,BIHAR,,,22.3,7.5,197.0,LE,357.6,552.6,-35.0,D,2026-08-09 21:00:47.974671
2026-08-06,2026-06-01,2026-08-06,subdivision,CHHATTISGARH,,,9.9,13.9,-28.0,D,598.4,636.5,-6.0,N,2026-08-09 21:00:47.974671
2026-08-06,2026-06-01,2026-08-06,subdivision,COASTAL A. P. & YANAM,,,2.4,4.7,-49.0,D,195.9,300.7,-35.0,D,2026-08-09 21:00:47.974671
2026-08-06,2026-06-01,2026-08-06,subdivision,COASTAL KARNATAKA,,,18.5,30.5,-39.0,D,1685.9,2153.5,-22.0,D,2026-08-09 21:00:47.974671
2026-08-06,2026-06-01,2026-08-06,subdivision,EAST MADHYA PRADESH,,,9.6,13.7,-30.0,D,441.1,569.9,-23.0,D,2026-08-09 21:00:47.974671
2026-08-06,2026-06-01,2026-08-06,subdivision,EAST RAJASTHAN,,,8.0,8.6,-7.0,N,275.8,350.3,-21.0,D,2026-08-09 21:00:47.974671
2026-08-06,2026-06-01,2026-08-06,subdivision,EAST UTTAR PRADESH,,,20.9,7.6,175.0,LE,315.3,429.4,-27.0,D,2026-08-09 21:00:47.974671
2026-08-06,2026-06-01,2026-08-06,subdivision,GANGETIC WEST BENGAL,,,39.3,11.5,242.0,LE,678.3,656.6,3.0,N,2026-08-09 21:00:47.974671
2026-08-06,2026-06-01,2026-08-06,subdivision,GUJARAT REGION,,,1.2,12.4,-90.0,LD,729.6,548.6,33.0,E,2026-08-09 21:00:47.974671
2026-08-06,2026-06-01,2026-08-06,subdivision,HAR. CHD & DELHI,,,10.8,5.3,103.0,LE,184.8,240.5,-23.0,D,2026-08-09 21:00:47.974671
2026-08-06,2026-06-01,2026-08-06,subdivision,HIMACHAL PRADESH,,,7.0,9.8,-29.0,D,386.1,415.3,-7.0,N,2026-08-09 21:00:47.974671
2026-08-06,2026-06-01,2026-08-06,subdivision,J & K AND LADAKH,,,6.2,6.9,-10.0,N,359.1,312.4,15.0,N,2026-08-09 21:00:47.974671
2026-08-06,2026-06-01,2026-08-06,subdivision,JHARKHAND,,,22.7,11.3,101.0,LE,415.1,571.1,-27.0,D,2026-08-09 21:00:47.974671
2026-08-06,2026-06-01,2026-08-06,subdivision,KERALA & MAHE,,,10.0,15.4,-35.0,D,1094.0,1407.8,-22.0,D,2026-08-09 21:00:47.974671
2026-08-06,2026-06-01,2026-08-06,subdivision,KONKAN & GOA,,,21.9,29.4,-25.0,D,1915.3,1951.9,-2.0,N,2026-08-09 21:00:47.974671
2026-08-06,2026-06-01,2026-08-06,subdivision,LAKSHADWEEP,,,44.0,7.6,479.0,LE,490.6,669.5,-27.0,D,2026-08-09 21:00:47.974671
2026-08-06,2026-06-01,2026-08-06,subdivision,MADHYA MAHARASHTRA,,,4.8,8.7,-45.0,D,585.9,436.4,34.0,E,2026-08-09 21:00:47.974671
2026-08-06,2026-06-01,2026-08-06,subdivision,MARATHWADA,,,1.4,6.9,-79.0,LD,300.8,340.0,-12.0,N,2026-08-09 21:00:47.974671
2026-08-06,2026-06-01,2026-08-06,subdivision,N. I. KARNATAKA,,,3.0,4.3,-29.0,D,227.5,247.6,-8.0,N,2026-08-09 21:00:47.974671
2026-08-06,2026-06-01,2026-08-06,subdivision,NMMT,,,23.6,10.6,122.0,LE,626.2,772.6,-19.0,N,2026-08-09 21:00:47.974671
2026-08-06,2026-06-01,2026-08-06,subdivision,ODISHA,,,15.8,13.7,16.0,N,780.9,629.3,24.0,E,2026-08-09 21:00:47.974671
2026-08-06,2026-06-01,2026-08-06,subdivision,PUNJAB,,,3.7,7.3,-49.0,D,169.4,256.1,-34.0,D,2026-08-09 21:00:47.974671
2026-08-06,2026-06-01,2026-08-06,subdivision,RAYALASEEMA,,,1.6,3.1,-50.0,D,124.3,183.3,-32.0,D,2026-08-09 21:00:47.974671
2026-08-06,2026-06-01,2026-08-06,subdivision,S. I. KARNATAKA,,,2.8,7.0,-60.0,LD,309.7,392.2,-21.0,D,2026-08-09 21:00:47.974671
2026-08-06,2026-06-01,2026-08-06,subdivision,SAURASHTRA & KUTCH,,,0.1,6.7,-98.0,LD,290.8,327.9,-11.0,N,2026-08-09 21:00:47.974671
2026-08-06,2026-06-01,2026-08-06,subdivision,SHWB & SIKKIM,,,9.1,14.2,-36.0,D,1165.3,1124.1,4.0,N,2026-08-09 21:00:47.974671
2026-08-06,2026-06-01,2026-08-06,subdivision,TAMIL. PUDU.& KARAIKAL,,,0.3,2.3,-86.0,LD,117.1,133.1,-12.0,N,2026-08-09 21:00:47.974671
2026-08-06,2026-06-01,2026-08-06,subdivision,TELANGANA,,,1.7,6.2,-73.0,LD,373.8,397.6,-6.0,N,2026-08-09 21:00:47.974671
2026-08-06,2026-06-01,2026-08-06,subdivision,UTTARAKHAND,,,28.3,13.5,110.0,LE,657.6,677.8,-3.0,N,2026-08-09 21:00:47.974671
2026-08-06,2026-06-01,2026-08-06,subdivision,VIDARBHA,,,1.6,13.3,-88.0,LD,484.2,553.5,-13.0,N,2026-08-09 21:00:47.974671
2026-08-06,2026-06-01,2026-08-06,subdivision,WEST MADHYA PRADESH,,,4.3,11.7,-64.0,LD,403.4,481.3,-16.0,N,2026-08-09 21:00:47.974671
2026-08-06,2026-06-01,2026-08-06,subdivision,WEST RAJASTHAN,,,0.1,5.1,-97.0,LD,148.1,169.4,-13.0,N,2026-08-09 21:00:47.974671
2026-08-06,2026-06-01,2026-08-06,subdivision,WEST UTTAR PRADESH,,,17.1,8.0,114.0,LE,320.0,363.3,-12.0,N,2026-08-09 21:00:47.974671
