date,period_start,period_end,level,subdivision,state,district,day_actual_mm,day_normal_mm,day_departure_pct,day_category,period_actual_mm,period_normal_mm,period_departure_pct,period_category,scraped_at
2026-10-02,2026-10-01,2026-10-02,district,A & N ISLAND,ANDAMAN & NICOBAR ISLANDS,NICOBAR,0.7,12.6,-95.0,LD,14.5,22.0,-34.0,D,2026-10-02 12:00:57.048971
2026-10-02,2026-10-01,2026-10-02,district,A & N ISLAND,ANDAMAN & NICOBAR ISLANDS,NORTH & MIDDLE ANDAMAN,2.6,10.5,-75.0,LD,7.9,27.7,-71.0,LD,2026-10-02 12:00:57.048971
2026-10-02,2026-10-01,2026-10-02,district,A & N ISLAND,ANDAMAN & NICOBAR ISLANDS,SOUTH ANDAMAN,10.4,15.2,-32.0,D,17.5,29.7,-41.0,D,2026-10-02 12:00:57.048971
2026-10-02,2026-10-01,2026-10-02,district,ARUNACHAL PRADESH,ARUNACHAL PRADESH,ANJAW,19.7,7.5,162.0,LE,28.0,13.3,110.0,LE,2026-10-02 12:00:57.048971
2026-10-02,2026-10-01,2026-10-02,district,ARUNACHAL PRADESH,ARUNACHAL PRADESH,CHANGLANG,1.7,7.4,-77.0,LD,1.7,11.4,-85.0,LD,2026-10-02 12:00:57.048971
2026-10-02,2026-10-01,2026-10-02,district,ARUNACHAL PRADESH,ARUNACHAL PRADESH,EAST KAMENG,0.0,5.1,-100.0,NR,0.0,8.4,-100.0,NR,2026-10-02 12:00:57.048971
2026-10-02,2026-10-01,2026-10-02,district,ARUNACHAL PRADESH,ARUNACHAL PRADESH,EAST SIANG,4.2,13.7,-69.0,LD,4.2,23.0,-82.0,LD,2026-10-02 12:00:57.048971
2026-10-02,2026-10-01,2026-10-02,district,ARUNACHAL PRADESH,ARUNACHAL PRADESH,KURUNG KUMEY,10.5,2.9,262.0,LE,10.5,6.5,62.0,LE,2026-10-02 12:00:57.048971
2026-10-02,2026-10-01,2026-10-02,district,ARUNACHAL PRADESH,ARUNACHAL PRADESH,LOHIT,5.1,5.7,-11.0,N,9.7,13.5,-28.0,D,2026-10-02 12:00:57.048971
2026-10-02,2026-10-01,2026-10-02,district,ARUNACHAL PRADESH,ARUNACHAL PRADESH,LOWER SUBANSIRI,15.7,1.6,881.0,LE,15.7,2.8,461.0,LE,2026-10-02 12:00:57.048971
2026-10-02,2026-10-01,2026-10-02,district,ARUNACHAL PRADESH,ARUNACHAL PRADESH,PAPUMPARA,1.0,7.3,-86.0,LD,10.7,13.3,-20.0,D,2026-10-02 12:00:57.048971
2026-10-02,2026-10-01,2026-10-02,district,ARUNACHAL PRADESH,ARUNACHAL PRADESH,TAWANG,0.0,2.3,-100.0,NR,0.1,5.6,-98.0,LD,2026-10-02 12:00:57.048971
2026-10-02,2026-10-01,2026-10-02,district,ARUNACHAL PRADESH,ARUNACHAL PRADESH,TIRAP,48.0,9.2,422.0,LE,70.0,23.9,193.0,LE,2026-10-02 12:00:57.048971
2026-10-02,2026-10-01,2026-10-02,district,ARUNACHAL PRADESH,ARUNACHAL PRADESH,UPPER SIANG,0.4,11.3,-96.0,LD,7.5,18.1,-58.0,D,2026-10-02 12:00:57.048971
2026-10-02,2026-10-01,2026-10-02,district,ARUNACHAL PRADESH,ARUNACHAL PRADESH,UPPER SUBANSIRI,0.0,5.1,-100.0,NR,0.0,9.7,-100.0,NR,2026-10-02 12:00:57.048971
2026-10-02,2026-10-01,2026-10-02,district,ARUNACHAL PRADESH,ARUNACHAL PRADESH,WEST KAMENG,4.9,6.2,-22.0,D,8.1,13.5,-40.0,D,2026-10-02 12:00:57.048971
2026-10-02,2026-10-01,2026-10-02,district,ARUNACHAL PRADESH,ARUNACHAL PRADESH,WEST SIANG,0.0,12.4,-100.0,NR,2.5,19.0,-87.0,LD,2026-10-02 12:00:57.048971
2026-10-02,2026-10-01,2026-10-02,district,ASSAM & MEGHALAYA,ASSAM,BAJALI,0.0,7.6,-100.0,NR,0.0,12.8,-100.0,NR,2026-10-02 12:00:57.048971
2026-10-02,2026-10-01,2026-10-02,district,ASSAM & MEGHALAYA,ASSAM,BAKSA,0.0,4.8,-100.0,NR,0.0,9.7,-100.0,NR,2026-10-02 12:00:57.048971
2026-10-02,2026-10-01,2026-10-02,district,ASSAM & MEGHALAYA,ASSAM,BARPETA,0.0,7.6,-100.0,NR,0.0,12.8,-100.0,NR,2026-10-02 12:00:57.048971
2026-10-02,2026-10-01,2026-10-02,district,ASSAM & MEGHALAYA,ASSAM,CACHAR,28.8,8.1,256.0,LE,30.9,15.9,94.0,LE,2026-10-02 12:00:57.048971
2026-10-02,2026-10-01,2026-10-02,district,ASSAM & MEGHALAYA,ASSAM,CHARAIDEO,16.5,2.6,535.0,LE,38.5,3.5,1000.0,LE,2026-10-02 12:00:57.048971
2026-10-02,2026-10-01,2026-10-02,district,ASSAM & MEGHALAYA,ASSAM,CHIRANG,0.0,9.5,-100.0,NR,0.0,13.1,-100.0,NR,2026-10-02 12:00:57.048971
2026-10-02,2026-10-01,2026-10-02,district,ASSAM & MEGHALAYA,ASSAM,DARRANG,0.0,3.0,-100.0,NR,0.0,10.8,-100.0,NR,2026-10-02 12:00:57.048971
2026-10-02,2026-10-01,2026-10-02,district,ASSAM & MEGHALAYA,ASSAM,DHEMAJI,7.4,5.4,37.0,E,7.4,11.9,-38.0,D,2026-10-02 12:00:57.048971
2026-10-02,2026-10-01,2026-10-02,district,ASSAM & MEGHALAYA,ASSAM,DHUBRI,0.0,8.1,-100.0,NR,0.0,16.1,-100.0,NR,2026-10-02 12:00:57.048971
2026-10-02,2026-10-01,2026-10-02,district,ASSAM & MEGHALAYA,ASSAM,DIBRUGARH,12.0,6.1,97.0,LE,31.3,13.6,130.0,LE,2026-10-02 12:00:57.048971
2026-10-02,2026-10-01,2026-10-02,district,ASSAM & MEGHALAYA,ASSAM,DIMA HASAO,1.9,4.9,-61.0,LD,2.6,9.6,-73.0,LD,2026-10-02 12:00:57.048971
2026-10-02,2026-10-01,2026-10-02,district,ASSAM & MEGHALAYA,ASSAM,GOALPARA,0.0,7.9,-100.0,NR,0.0,18.7,-100.0,NR,2026-10-02 12:00:57.048971
2026-10-02,2026-10-01,2026-10-02,district,ASSAM & MEGHALAYA,ASSAM,GOLAGHAT,1.8,5.9,-69.0,LD,2.9,8.5,-65.0,LD,2026-10-02 12:00:57.048971
2026-10-02,2026-10-01,2026-10-02,district,ASSAM & MEGHALAYA,ASSAM,HAILAKANDI,2.7,6.5,-58.0,D,28.2,11.9,137.0,LE,2026-10-02 12:00:57.048971
2026-10-02,2026-10-01,2026-10-02,district,ASSAM & MEGHALAYA,ASSAM,HOJAI,0.0,3.5,-100.0,NR,0.3,9.3,-97.0,LD,2026-10-02 12:00:57.048971
2026-10-02,2026-10-01,2026-10-02,district,ASSAM & MEGHALAYA,ASSAM,JORHAT,16.9,7.9,114.0,LE,16.9,11.0,54.0,E,2026-10-02 12:00:57.048971
2026-10-02,2026-10-01,2026-10-02,district,ASSAM & MEGHALAYA,ASSAM,KAMRUP METROPOLITAN,0.0,6.5,-99.0,LD,0.1,10.8,-99.0,LD,2026-10-02 12:00:57.048971
2026-10-02,2026-10-01,2026-10-02,district,ASSAM & MEGHALAYA,ASSAM,KAMRUP RURAL,0.0,4.3,-100.0,NR,0.0,8.3,-100.0,NR,2026-10-02 12:00:57.048971
2026-10-02,2026-10-01,2026-10-02,district,ASSAM & MEGHALAYA,ASSAM,KARBI ANGLONG,4.9,3.6,35.0,E,29.5,7.4,298.0,LE,2026-10-02 12:00:57.048971
2026-10-02,2026-10-01,2026-10-02,district,ASSAM & MEGHALAYA,ASSAM,KOKRAJHAR,0.0,9.7,-100.0,NR,0.0,19.2,-100.0,NR,2026-10-02 12:00:57.048971
2026-10-02,2026-10-01,2026-10-02,district,ASSAM & MEGHALAYA,ASSAM,LAKHIMPUR,10.5,7.9,32.0,E,18.2,14.9,22.0,E,2026-10-02 12:00:57.048971
2026-10-02,2026-10-01,2026-10-02,district,ASSAM & MEGHALAYA,ASSAM,MORIGAON,0.0,3.6,-100.0,NR,0.0,6.8,-100.0,NR,2026-10-02 12:00:57.048971
2026-10-02,2026-10-01,2026-10-02,district,ASSAM & MEGHALAYA,ASSAM,NAGAON,0.2,3.1,-95.0,LD,0.2,7.2,-98.0,LD,2026-10-02 12:00:57.048971
2026-10-02,2026-10-01,2026-10-02,district,ASSAM & MEGHALAYA,ASSAM,NALBARI,0.0,5.8,-100.0,NR,0.0,12.8,-100.0,NR,2026-10-02 12:00:57.048971
2026-10-02,2026-10-01,2026-10-02,district,ASSAM & MEGHALAYA,ASSAM,SIBSAGAR,10.0,5.3,88.0,LE,12.1,8.0,52.0,E,2026-10-02 12:00:57.048971
2026-10-02,2026-10-01,2026-10-02,district,ASSAM & MEGHALAYA,ASSAM,SONITPUR,0.0,4.1,-100.0,NR,3.4,10.1,-66.0,LD,2026-10-02 12:00:57.048971
2026-10-02,2026-10-01,2026-10-02,district,ASSAM & MEGHALAYA,ASSAM,SRIBHUMI,43.2,3.5,1134.0,LE,100.9,5.0,1918.0,LE,2026-10-02 12:00:57.048971
2026-10-02,2026-10-01,2026-10-02,district,ASSAM & MEGHALAYA,ASSAM,TAMULPUR,0.0,3.2,-100.0,NR,0.0,6.1,-100.0,NR,2026-10-02 12:00:57.048971
2026-10-02,2026-10-01,2026-10-02,district,ASSAM & MEGHALAYA,ASSAM,TINSUKIA,16.8,6.7,150.0,LE,26.1,12.5,108.0,LE,2026-10-02 12:00:57.048971
2026-10-02,2026-10-01,2026-10-02,district,ASSAM & MEGHALAYA,ASSAM,UDALGURI,0.0,4.4,-100.0,NR,0.0,14.4,-100.0,NR,2026-10-02 12:00:57.048971
2026-10-02,2026-10-01,2026-10-02,district,ASSAM & MEGHALAYA,MEGHALAYA,EAST GARO HILLS,0.6,12.2,-95.0,LD,0.8,20.6,-96.0,LD,2026-10-02 12:00:57.048971
2026-10-02,2026-10-01,2026-10-02,district,ASSAM & MEGHALAYA,MEGHALAYA,EAST JAINTIA HILLS,9.3,10.2,-8.0,N,12.0,21.0,-43.0,D,2026-10-02 12:00:57.048971
2026-10-02,2026-10-01,2026-10-02,district,ASSAM & MEGHALAYA,MEGHALAYA,EAST KHASI HILLS,2.5,10.5,-76.0,LD,6.5,23.1,-72.0,LD,2026-10-02 12:00:57.048971
2026-10-02,2026-10-01,2026-10-02,district,ASSAM & MEGHALAYA,MEGHALAYA,NORTH GARO HILLS,0.1,7.3,-99.0,LD,0.1,12.4,-99.0,LD,2026-10-02 12:00:57.048971
2026-10-02,2026-10-01,2026-10-02,district,ASSAM & MEGHALAYA,MEGHALAYA,RI BHOI,2.8,5.4,-49.0,D,7.7,18.1,-58.0,D,2026-10-02 12:00:57.048971
2026-10-02,2026-10-01,2026-10-02,district,ASSAM & MEGHALAYA,MEGHALAYA,SOUTH GARO HILLS,0.0,7.3,-99.0,LD,0.2,12.4,-99.0,LD,2026-10-02 12:00:57.048971
2026-10-02,2026-10-01,2026-10-02,district,ASSAM & MEGHALAYA,MEGHALAYA,SOUTH WEST GARO HILLS,0.1,7.3,-99.0,LD,0.1,12.4,-99.0,LD,2026-10-02 12:00:57.048971
2026-10-02,2026-10-01,2026-10-02,district,ASSAM & MEGHALAYA,MEGHALAYA,SOUTH WEST KHASI HILLS,0.8,7.3,-89.0,LD,7.5,12.4,-39.0,D,2026-10-02 12:00:57.048971
2026-10-02,2026-10-01,2026-10-02,district,ASSAM & MEGHALAYA,MEGHALAYA,WEST GARO HILLS,0.1,7.5,-99.0,LD,0.2,16.9,-99.0,LD,2026-10-02 12:00:57.048971
2026-10-02,2026-10-01,2026-10-02,district,ASSAM & MEGHALAYA,MEGHALAYA,WEST JAINTIA HILLS,43.2,10.2,323.0,LE,82.2,21.0,291.0,LE,2026-10-02 12:00:57.048971
2026-10-02,2026-10-01,2026-10-02,district,ASSAM & MEGHALAYA,MEGHALAYA,WEST KHASI HILLS,0.1,7.3,-98.0,LD,2.6,21.0,-88.0,LD,2026-10-02 12:00:57.048971
2026-10-02,2026-10-01,2026-10-02,district,BIHAR,BIHAR,ARARIA,0.0,3.5,-100.0,NR,0.0,8.5,-100.0,NR,2026-10-02 12:00:57.048971
2026-10-02,2026-10-01,2026-10-02,district,BIHAR,BIHAR,ARWAL,0.0,1.4,-100.0,NR,0.0,4.2,-100.0,NR,2026-10-02 12:00:57.048971
2026-10-02,2026-10-01,2026-10-02,district,BIHAR,BIHAR,AURANGABAD,0.0,1.8,-100.0,NR,0.0,3.2,-100.0,NR,2026-10-02 12:00:57.048971
2026-10-02,2026-10-01,2026-10-02,district,BIHAR,BIHAR,BANKA,0.0,2.2,-100.0,NR,0.0,6.4,-100.0,NR,2026-10-02 12:00:57.048971
2026-10-02,2026-10-01,2026-10-02,district,BIHAR,BIHAR,BEGUSARAI,0.0,2.1,-100.0,NR,0.0,4.7,-100.0,NR,2026-10-02 12:00:57.048971
2026-10-02,2026-10-01,2026-10-02,district,BIHAR,BIHAR,BHABUA,0.0,2.7,-100.0,NR,0.0,4.2,-100.0,NR,2026-10-02 12:00:57.048971
2026-10-02,2026-10-01,2026-10-02,district,BIHAR,BIHAR,BHAGALPUR,0.0,4.0,-100.0,NR,0.0,7.6,-100.0,NR,2026-10-02 12:00:57.048971
2026-10-02,2026-10-01,2026-10-02,district,BIHAR,BIHAR,BHOJPUR,0.0,2.6,-100.0,NR,0.0,5.9,-100.0,NR,2026-10-02 12:00:57.048971
2026-10-02,2026-10-01,2026-10-02,district,BIHAR,BIHAR,BUXAR,0.0,1.5,-100.0,NR,0.0,2.9,-100.0,NR,2026-10-02 12:00:57.048971
2026-10-02,2026-10-01,2026-10-02,district,BIHAR,BIHAR,DARBHANGA,0.0,2.1,-100.0,NR,0.0,7.7,-100.0,NR,2026-10-02 12:00:57.048971
2026-10-02,2026-10-01,2026-10-02,district,BIHAR,BIHAR,EAST CHAMPARAN,0.0,6.1,-100.0,NR,0.0,10.5,-100.0,NR,2026-10-02 12:00:57.048971
2026-10-02,2026-10-01,2026-10-02,district,BIHAR,BIHAR,GAYA,0.0,1.6,-100.0,NR,0.0,4.4,-100.0,NR,2026-10-02 12:00:57.048971
2026-10-02,2026-10-01,2026-10-02,district,BIHAR,BIHAR,GOPALGANJ,0.0,3.6,-100.0,NR,0.0,7.4,-100.0,NR,2026-10-02 12:00:57.048971
2026-10-02,2026-10-01,2026-10-02,district,BIHAR,BIHAR,JAHANABAD,0.0,1.2,-100.0,NR,0.0,2.7,-100.0,NR,2026-10-02 12:00:57.048971
2026-10-02,2026-10-01,2026-10-02,district,BIHAR,BIHAR,JAMUI,0.0,2.8,-100.0,NR,0.0,5.5,-100.0,NR,2026-10-02 12:00:57.048971
2026-10-02,2026-10-01,2026-10-02,district,BIHAR,BIHAR,KATIHAR,0.0,3.4,-100.0,NR,0.0,8.9,-100.0,NR,2026-10-02 12:00:57.048971
2026-10-02,2026-10-01,2026-10-02,district,BIHAR,BIHAR,KHAGARIA,0.0,2.1,-100.0,NR,0.0,4.3,-100.0,NR,2026-10-02 12:00:57.048971
2026-10-02,2026-10-01,2026-10-02,district,BIHAR,BIHAR,KISHANGANJ,0.0,6.0,-100.0,NR,0.0,13.3,-100.0,NR,2026-10-02 12:00:57.048971
2026-10-02,2026-10-01,2026-10-02,district,BIHAR,BIHAR,LAKHISARAI,0.0,0.8,-100.0,NR,0.0,5.1,-100.0,NR,2026-10-02 12:00:57.048971
2026-10-02,2026-10-01,2026-10-02,district,BIHAR,BIHAR,MADHEPURA,0.0,3.3,-100.0,NR,0.0,6.8,-100.0,NR,2026-10-02 12:00:57.048971
2026-10-02,2026-10-01,2026-10-02,district,BIHAR,BIHAR,MADHUBANI,0.0,2.5,-100.0,NR,0.0,5.5,-100.0,NR,2026-10-02 12:00:57.048971
2026-10-02,2026-10-01,2026-10-02,district,BIHAR,BIHAR,MUNGER,0.0,1.8,-100.0,NR,0.0,5.5,-100.0,NR,2026-10-02 12:00:57.048971
2026-10-02,2026-10-01,2026-10-02,district,BIHAR,BIHAR,MUZAFFARPUR,0.0,2.4,-100.0,NR,0.0,5.5,-100.0,NR,2026-10-02 12:00:57.048971
2026-10-02,2026-10-01,2026-10-02,district,BIHAR,BIHAR,NALANDA,0.0,1.2,-100.0,NR,0.0,3.1,-100.0,NR,2026-10-02 12:00:57.048971
2026-10-02,2026-10-01,2026-10-02,district,BIHAR,BIHAR,NAWADA,0.0,2.0,-100.0,NR,0.0,4.4,-100.0,NR,2026-10-02 12:00:57.048971
2026-10-02,2026-10-01,2026-10-02,district,BIHAR,BIHAR,PATNA,0.0,2.5,-100.0,NR,0.0,6.2,-100.0,NR,2026-10-02 12:00:57.048971
2026-10-02,2026-10-01,2026-10-02,district,BIHAR,BIHAR,PURNEA,0.0,4.4,-100.0,NR,0.0,10.0,-100.0,NR,2026-10-02 12:00:57.048971
2026-10-02,2026-10-01,2026-10-02,district,BIHAR,BIHAR,ROHTAS,0.0,2.5,-100.0,NR,0.0,4.4,-100.0,NR,2026-10-02 12:00:57.048971
2026-10-02,2026-10-01,2026-10-02,district,BIHAR,BIHAR,SAHARSA,0.0,4.2,-100.0,NR,0.0,9.6,-100.0,NR,2026-10-02 12:00:57.048971
2026-10-02,2026-10-01,2026-10-02,district,BIHAR,BIHAR,SAMASTIPUR,0.0,2.0,-100.0,NR,0.0,5.4,-100.0,NR,2026-10-02 12:00:57.048971
2026-10-02,2026-10-01,2026-10-02,district,BIHAR,BIHAR,SARAN,0.0,2.9,-100.0,NR,0.0,8.6,-100.0,NR,2026-10-02 12:00:57.048971
2026-10-02,2026-10-01,2026-10-02,district,BIHAR,BIHAR,SHEIKHPURA,0.0,0.8,-100.0,NR,0.0,2.9,-100.0,NR,2026-10-02 12:00:57.048971
2026-10-02,2026-10-01,2026-10-02,district,BIHAR,BIHAR,SHEOHAR,0.0,1.9,-100.0,NR,0.0,3.7,-100.0,NR,2026-10-02 12:00:57.048971
2026-10-02,2026-10-01,2026-10-02,district,BIHAR,BIHAR,SITAMARHI,0.0,3.2,-100.0,NR,0.0,8.2,-100.0,NR,2026-10-02 12:00:57.048971
2026-10-02,2026-10-01,2026-10-02,district,BIHAR,BIHAR,SIWAN,0.0,2.9,-100.0,NR,0.0,6.3,-100.0,NR,2026-10-02 12:00:57.048971
2026-10-02,2026-10-01,2026-10-02,district,BIHAR,BIHAR,SUPAUL,0.0,3.7,-100.0,NR,0.0,7.0,-100.0,NR,2026-10-02 12:00:57.048971
2026-10-02,2026-10-01,2026-10-02,district,BIHAR,BIHAR,VAISHALI,0.0,1.7,-100.0,NR,0.0,6.2,-100.0,NR,2026-10-02 12:00:57.048971
2026-10-02,2026-10-01,2026-10-02,district,BIHAR,BIHAR,WEST CHAMPARAN,0.0,2.9,-100.0,NR,0.0,7.9,-100.0,NR,2026-10-02 12:00:57.048971
2026-10-02,2026-10-01,2026-10-02,district,CHHATTISGARH,CHHATTISGARH,BALOD,0.0,1.0,-100.0,NR,0.0,4.6,-100.0,NR,2026-10-02 12:00:57.048971
2026-10-02,2026-10-01,2026-10-02,district,CHHATTISGARH,CHHATTISGARH,BALODA BAZAR,0.0,2.2,-100.0,NR,0.0,3.8,-100.0,NR,2026-10-02 12:00:57.048971
2026-10-02,2026-10-01,2026-10-02,district,CHHATTISGARH,CHHATTISGARH,BALRAMPUR,0.0,3.2,-100.0,NR,0.0,5.4,-100.0,NR,2026-10-02 12:00:57.048971
2026-10-02,2026-10-01,2026-10-02,district,CHHATTISGARH,CHHATTISGARH,BASTAR,0.0,3.7,-100.0,NR,0.0,9.9,-100.0,NR,2026-10-02 12:00:57.048971
2026-10-02,2026-10-01,2026-10-02,district,CHHATTISGARH,CHHATTISGARH,BEMETARA,0.0,2.5,-100.0,NR,0.0,4.1,-100.0,NR,2026-10-02 12:00:57.048971
2026-10-02,2026-10-01,2026-10-02,district,CHHATTISGARH,CHHATTISGARH,BIJAPUR,0.4,6.7,-94.0,LD,0.4,11.0,-96.0,LD,2026-10-02 12:00:57.048971
2026-10-02,2026-10-01,2026-10-02,district,CHHATTISGARH,CHHATTISGARH,BILASPUR,0.0,1.8,-100.0,NR,0.0,5.6,-100.0,NR,2026-10-02 12:00:57.048971
2026-10-02,2026-10-01,2026-10-02,district,CHHATTISGARH,CHHATTISGARH,DANTEWADA,0.0,4.3,-100.0,NR,0.0,11.5,-100.0,NR,2026-10-02 12:00:57.048971
2026-10-02,2026-10-01,2026-10-02,district,CHHATTISGARH,CHHATTISGARH,DHAMTARI,0.0,2.5,-100.0,NR,0.0,4.5,-100.0,NR,2026-10-02 12:00:57.048971
2026-10-02,2026-10-01,2026-10-02,district,CHHATTISGARH,CHHATTISGARH,DURG,0.0,3.4,-100.0,NR,0.0,4.7,-100.0,NR,2026-10-02 12:00:57.048971
2026-10-02,2026-10-01,2026-10-02,district,CHHATTISGARH,CHHATTISGARH,GARIABAND,0.0,2.7,-100.0,NR,0.8,6.2,-88.0,LD,2026-10-02 12:00:57.048971
2026-10-02,2026-10-01,2026-10-02,district,CHHATTISGARH,CHHATTISGARH,GAURELA PENDRA MARWAHI,0.0,1.3,-100.0,NR,0.0,5.1,-100.0,NR,2026-10-02 12:00:57.048971
2026-10-02,2026-10-01,2026-10-02,district,CHHATTISGARH,CHHATTISGARH,JANJGIR,0.0,4.9,-100.0,NR,0.0,10.6,-100.0,NR,2026-10-02 12:00:57.048971
2026-10-02,2026-10-01,2026-10-02,district,CHHATTISGARH,CHHATTISGARH,JASHPUR,0.0,1.4,-100.0,NR,0.0,5.2,-100.0,NR,2026-10-02 12:00:57.048971
2026-10-02,2026-10-01,2026-10-02,district,CHHATTISGARH,CHHATTISGARH,KABIRDHAM,0.0,2.8,-100.0,NR,0.0,4.4,-100.0,NR,2026-10-02 12:00:57.048971
2026-10-02,2026-10-01,2026-10-02,district,CHHATTISGARH,CHHATTISGARH,KANKER,0.0,3.0,-100.0,NR,0.0,6.9,-100.0,NR,2026-10-02 12:00:57.048971
2026-10-02,2026-10-01,2026-10-02,district,CHHATTISGARH,CHHATTISGARH,KHAIRAGARH CHH GANDAI,0.0,1.3,-100.0,NR,0.0,3.4,-100.0,NR,2026-10-02 12:00:57.048971
2026-10-02,2026-10-01,2026-10-02,district,CHHATTISGARH,CHHATTISGARH,KONDAGAON,0.0,4.5,-100.0,NR,0.0,9.4,-100.0,NR,2026-10-02 12:00:57.048971
2026-10-02,2026-10-01,2026-10-02,district,CHHATTISGARH,CHHATTISGARH,KORBA,0.0,2.7,-100.0,NR,0.0,7.2,-100.0,NR,2026-10-02 12:00:57.048971
2026-10-02,2026-10-01,2026-10-02,district,CHHATTISGARH,CHHATTISGARH,KORIYA,0.0,3.5,-100.0,NR,0.0,4.1,-100.0,NR,2026-10-02 12:00:57.048971
2026-10-02,2026-10-01,2026-10-02,district,CHHATTISGARH,CHHATTISGARH,MAHASAMUND,0.0,2.8,-100.0,NR,0.0,4.9,-100.0,NR,2026-10-02 12:00:57.048971
2026-10-02,2026-10-01,2026-10-02,district,CHHATTISGARH,CHHATTISGARH,MANENDRAGARH BHARATPUR,0.0,3.5,-100.0,NR,0.0,4.1,-100.0,NR,2026-10-02 12:00:57.048971
2026-10-02,2026-10-01,2026-10-02,district,CHHATTISGARH,CHHATTISGARH,MOHALA MANPUR CHOWKI,0.0,1.8,-100.0,NR,0.0,4.7,-100.0,NR,2026-10-02 12:00:57.048971
2026-10-02,2026-10-01,2026-10-02,district,CHHATTISGARH,CHHATTISGARH,MUNGELI,0.0,3.0,-100.0,NR,0.0,5.8,-100.0,NR,2026-10-02 12:00:57.048971
2026-10-02,2026-10-01,2026-10-02,district,CHHATTISGARH,CHHATTISGARH,NARAYANPUR,0.0,6.0,-100.0,NR,0.0,8.6,-100.0,NR,2026-10-02 12:00:57.048971
2026-10-02,2026-10-01,2026-10-02,district,CHHATTISGARH,CHHATTISGARH,RAIGARH,0.0,2.0,-100.0,NR,0.0,4.8,-100.0,NR,2026-10-02 12:00:57.048971
2026-10-02,2026-10-01,2026-10-02,district,CHHATTISGARH,CHHATTISGARH,RAIPUR,0.0,2.4,-100.0,NR,0.0,4.0,-100.0,NR,2026-10-02 12:00:57.048971
2026-10-02,2026-10-01,2026-10-02,district,CHHATTISGARH,CHHATTISGARH,RAJNANDGAON,0.0,2.9,-100.0,NR,0.0,5.7,-100.0,NR,2026-10-02 12:00:57.048971
2026-10-02,2026-10-01,2026-10-02,district,CHHATTISGARH,CHHATTISGARH,SAKTI,0.0,2.9,-100.0,NR,0.0,6.4,-100.0,NR,2026-10-02 12:00:57.048971
2026-10-02,2026-10-01,2026-10-02,district,CHHATTISGARH,CHHATTISGARH,SARANGARH BILAIGARH,0.0,2.9,-100.0,NR,0.0,4.5,-100.0,NR,2026-10-02 12:00:57.048971
2026-10-02,2026-10-01,2026-10-02,district,CHHATTISGARH,CHHATTISGARH,SUKMA,0.0,2.9,-100.0,NR,0.0,8.7,-100.0,NR,2026-10-02 12:00:57.048971
2026-10-02,2026-10-01,2026-10-02,district,CHHATTISGARH,CHHATTISGARH,SURAJPUR,0.0,3.6,-100.0,NR,0.0,9.6,-100.0,NR,2026-10-02 12:00:57.048971
2026-10-02,2026-10-01,2026-10-02,district,CHHATTISGARH,CHHATTISGARH,SURGUJA,0.0,3.6,-100.0,NR,0.0,5.8,-100.0,NR,2026-10-02 12:00:57.048971
2026-10-02,2026-10-01,2026-10-02,district,COASTAL A. P. & YANAM,ANDHRA PRADESH,ANAKAPALLI,0.0,9.9,-100.0,NR,0.0,19.4,-100.0,NR,2026-10-02 12:00:57.048971
2026-10-02,2026-10-01,2026-10-02,district,COASTAL A. P. & YANAM,ANDHRA PRADESH,BAPATLA,0.0,9.4,-100.0,NR,0.0,17.4,-100.0,NR,2026-10-02 12:00:57.048971
2026-10-02,2026-10-01,2026-10-02,district,COASTAL A. P. & YANAM,ANDHRA PRADESH,DR B R AMBEDKAR KONASEEMA,0.0,17.1,-100.0,NR,0.0,30.1,-100.0,NR,2026-10-02 12:00:57.048971
2026-10-02,2026-10-01,2026-10-02,district,COASTAL A. P. & YANAM,ANDHRA PRADESH,EAST GODAVARI,0.0,9.0,-100.0,NR,0.0,18.5,-100.0,NR,2026-10-02 12:00:57.048971
2026-10-02,2026-10-01,2026-10-02,district,COASTAL A. P. & YANAM,ANDHRA PRADESH,ELURU,0.6,7.4,-91.0,LD,0.6,15.2,-96.0,LD,2026-10-02 12:00:57.048971
2026-10-02,2026-10-01,2026-10-02,district,COASTAL A. P. & YANAM,ANDHRA PRADESH,GUNTUR,0.0,6.5,-100.0,NR,0.0,12.1,-100.0,NR,2026-10-02 12:00:57.048971
2026-10-02,2026-10-01,2026-10-02,district,COASTAL A. P. & YANAM,ANDHRA PRADESH,KAKINADA,1.9,7.5,-75.0,LD,18.2,13.6,34.0,E,2026-10-02 12:00:57.048971
2026-10-02,2026-10-01,2026-10-02,district,COASTAL A. P. & YANAM,ANDHRA PRADESH,KRISHNA,0.0,7.1,-100.0,NR,0.0,15.3,-100.0,NR,2026-10-02 12:00:57.048971
2026-10-02,2026-10-01,2026-10-02,district,COASTAL A. P. & YANAM,ANDHRA PRADESH,NTR DISTRICT,0.0,7.1,-100.0,NR,0.0,14.1,-100.0,NR,2026-10-02 12:00:57.048971
2026-10-02,2026-10-01,2026-10-02,district,COASTAL A. P. & YANAM,ANDHRA PRADESH,PALNADU,0.0,8.3,-100.0,NR,0.0,15.6,-100.0,NR,2026-10-02 12:00:57.048971
2026-10-02,2026-10-01,2026-10-02,district,COASTAL A. P. & YANAM,ANDHRA PRADESH,PARVATHIPURAM MANYAM,0.0,7.6,-100.0,NR,0.0,14.4,-100.0,NR,2026-10-02 12:00:57.048971
2026-10-02,2026-10-01,2026-10-02,district,COASTAL A. P. & YANAM,ANDHRA PRADESH,PRAKASAM,1.8,5.4,-67.0,LD,3.0,12.8,-77.0,LD,2026-10-02 12:00:57.048971
2026-10-02,2026-10-01,2026-10-02,district,COASTAL A. P. & YANAM,ANDHRA PRADESH,SPSR NELLORE,0.0,7.0,-100.0,NR,0.0,11.7,-100.0,NR,2026-10-02 12:00:57.048971
2026-10-02,2026-10-01,2026-10-02,district,COASTAL A. P. & YANAM,ANDHRA PRADESH,SRI ALLURI SITHARAMARAJU DISTRICT,0.0,7.9,-100.0,NR,0.0,16.3,-100.0,NR,2026-10-02 12:00:57.048971
2026-10-02,2026-10-01,2026-10-02,district,COASTAL A. P. & YANAM,ANDHRA PRADESH,SRIKAKULAM,0.0,8.1,-100.0,NR,0.0,18.3,-100.0,NR,2026-10-02 12:00:57.048971
2026-10-02,2026-10-01,2026-10-02,district,COASTAL A. P. & YANAM,ANDHRA PRADESH,VISHAKHAPATNAM,0.0,7.6,-100.0,NR,0.0,15.9,-100.0,NR,2026-10-02 12:00:57.048971
2026-10-02,2026-10-01,2026-10-02,district,COASTAL A. P. & YANAM,ANDHRA PRADESH,VIZIANAGARAM,0.0,9.2,-100.0,NR,0.0,17.7,-100.0,NR,2026-10-02 12:00:57.048971
2026-10-02,2026-10-01,2026-10-02,district,COASTAL A. P. & YANAM,ANDHRA PRADESH,WEST GODAVARI,2.5,12.6,-80.0,LD,2.5,20.7,-88.0,LD,2026-10-02 12:00:57.048971
2026-10-02,2026-10-01,2026-10-02,district,COASTAL A. P. & YANAM,PUDUCHERRY (UT),YANAM,0.0,9.6,-100.0,NR,0.0,18.8,-100.0,NR,2026-10-02 12:00:57.048971
2026-10-02,2026-10-01,2026-10-02,district,COASTAL KARNATAKA,KARNATAKA,DAKSHINA KANNADA,6.0,13.3,-55.0,D,6.0,24.1,-75.0,LD,2026-10-02 12:00:57.048971
2026-10-02,2026-10-01,2026-10-02,district,COASTAL KARNATAKA,KARNATAKA,UDUPI,0.0,13.7,-100.0,NR,0.0,23.9,-100.0,NR,2026-10-02 12:00:57.048971
2026-10-02,2026-10-01,2026-10-02,district,COASTAL KARNATAKA,KARNATAKA,UTTARA KANNADA,0.0,8.6,-99.0,LD,0.1,15.9,-99.0,LD,2026-10-02 12:00:57.048971
2026-10-02,2026-10-01,2026-10-02,district,EAST MADHYA PRADESH,MADHYA PRADESH,ANUPPUR,0.0,3.0,-100.0,NR,0.0,4.3,-100.0,NR,2026-10-02 12:00:57.048971
2026-10-02,2026-10-01,2026-10-02,district,EAST MADHYA PRADESH,MADHYA PRADESH,BALAGHAT,0.0,1.8,-100.0,NR,0.0,4.3,-100.0,NR,2026-10-02 12:00:57.048971
2026-10-02,2026-10-01,2026-10-02,district,EAST MADHYA PRADESH,MADHYA PRADESH,CHHATARPUR,0.0,1.7,-100.0,NR,0.0,2.6,-100.0,NR,2026-10-02 12:00:57.048971
2026-10-02,2026-10-01,2026-10-02,district,EAST MADHYA PRADESH,MADHYA PRADESH,CHHINDWARA,0.0,2.0,-100.0,NR,0.0,3.8,-100.0,NR,2026-10-02 12:00:57.048971
2026-10-02,2026-10-01,2026-10-02,district,EAST MADHYA PRADESH,MADHYA PRADESH,DAMOH,0.0,1.2,-100.0,NR,0.0,1.6,-100.0,NR,2026-10-02 12:00:57.048971
2026-10-02,2026-10-01,2026-10-02,district,EAST MADHYA PRADESH,MADHYA PRADESH,DINDORI,0.0,2.4,-100.0,NR,0.0,4.1,-100.0,NR,2026-10-02 12:00:57.048971
2026-10-02,2026-10-01,2026-10-02,district,EAST MADHYA PRADESH,MADHYA PRADESH,JABALPUR,0.0,1.0,-100.0,NR,0.0,4.2,-100.0,NR,2026-10-02 12:00:57.048971
2026-10-02,2026-10-01,2026-10-02,district,EAST MADHYA PRADESH,MADHYA PRADESH,KATNI,0.0,2.1,-100.0,NR,0.0,4.0,-100.0,NR,2026-10-02 12:00:57.048971
2026-10-02,2026-10-01,2026-10-02,district,EAST MADHYA PRADESH,MADHYA PRADESH,MAIHAR,0.0,1.3,-100.0,NR,0.0,3.1,-100.0,NR,2026-10-02 12:00:57.048971
2026-10-02,2026-10-01,2026-10-02,district,EAST MADHYA PRADESH,MADHYA PRADESH,MANDLA,0.0,2.4,-100.0,NR,0.0,4.9,-100.0,NR,2026-10-02 12:00:57.048971
2026-10-02,2026-10-01,2026-10-02,district,EAST MADHYA PRADESH,MADHYA PRADESH,MAUGANJ,0.0,1.4,-100.0,NR,0.0,3.4,-100.0,NR,2026-10-02 12:00:57.048971
2026-10-02,2026-10-01,2026-10-02,district,EAST MADHYA PRADESH,MADHYA PRADESH,NARSINGHPUR,0.0,1.5,-100.0,NR,1.0,2.5,-60.0,LD,2026-10-02 12:00:57.048971
2026-10-02,2026-10-01,2026-10-02,district,EAST MADHYA PRADESH,MADHYA PRADESH,NIWARI,0.0,6.4,-100.0,NR,0.0,6.5,-100.0,NR,2026-10-02 12:00:57.048971
2026-10-02,2026-10-01,2026-10-02,district,EAST MADHYA PRADESH,MADHYA PRADESH,PANDHURNA,0.0,1.0,-100.0,NR,0.0,3.7,-100.0,NR,2026-10-02 12:00:57.048971
2026-10-02,2026-10-01,2026-10-02,district,EAST MADHYA PRADESH,MADHYA PRADESH,PANNA,0.0,1.6,-100.0,NR,0.0,2.2,-100.0,NR,2026-10-02 12:00:57.048971
2026-10-02,2026-10-01,2026-10-02,district,EAST MADHYA PRADESH,MADHYA PRADESH,REWA,0.0,1.4,-100.0,NR,0.0,2.2,-100.0,NR,2026-10-02 12:00:57.048971
2026-10-02,2026-10-01,2026-10-02,district,EAST MADHYA PRADESH,MADHYA PRADESH,SAGAR,0.0,1.3,-100.0,NR,0.2,1.8,-90.0,LD,2026-10-02 12:00:57.048971
2026-10-02,2026-10-01,2026-10-02,district,EAST MADHYA PRADESH,MADHYA PRADESH,SATNA,0.0,1.6,-100.0,NR,0.0,3.3,-100.0,NR,2026-10-02 12:00:57.048971
2026-10-02,2026-10-01,2026-10-02,district,EAST MADHYA PRADESH,MADHYA PRADESH,SEONI,0.0,3.2,-100.0,NR,0.0,5.4,-100.0,NR,2026-10-02 12:00:57.048971
2026-10-02,2026-10-01,2026-10-02,district,EAST MADHYA PRADESH,MADHYA PRADESH,SHAHDOL,0.0,2.5,-100.0,NR,0.0,3.3,-100.0,NR,2026-10-02 12:00:57.048971
2026-10-02,2026-10-01,2026-10-02,district,EAST MADHYA PRADESH,MADHYA PRADESH,SIDHI,1.9,0.8,132.0,LE,1.9,4.0,-54.0,D,2026-10-02 12:00:57.048971
2026-10-02,2026-10-01,2026-10-02,district,EAST MADHYA PRADESH,MADHYA PRADESH,SINGRAULI,0.0,2.0,-100.0,NR,0.0,3.8,-100.0,NR,2026-10-02 12:00:57.048971
2026-10-02,2026-10-01,2026-10-02,district,EAST MADHYA PRADESH,MADHYA PRADESH,TIKAMGARH,0.0,2.0,-100.0,NR,0.0,2.0,-100.0,NR,2026-10-02 12:00:57.048971
2026-10-02,2026-10-01,2026-10-02,district,EAST MADHYA PRADESH,MADHYA PRADESH,UMARIA,0.0,2.8,-100.0,NR,0.0,5.9,-100.0,NR,2026-10-02 12:00:57.048971
2026-10-02,2026-10-01,2026-10-02,district,EAST RAJASTHAN,RAJASTHAN,AJMER,0.0,0.3,-100.0,NR,0.0,0.9,-100.0,NR,2026-10-02 12:00:57.048971
2026-10-02,2026-10-01,2026-10-02,district,EAST RAJASTHAN,RAJASTHAN,ALWAR,0.0,0.5,-100.0,NR,0.0,1.1,-100.0,NR,2026-10-02 12:00:57.048971
2026-10-02,2026-10-01,2026-10-02,district,EAST RAJASTHAN,RAJASTHAN,BANSWARA,0.0,1.3,-100.0,NR,0.0,3.0,-100.0,NR,2026-10-02 12:00:57.048971
2026-10-02,2026-10-01,2026-10-02,district,EAST RAJASTHAN,RAJASTHAN,BARAN,0.0,1.2,-100.0,NR,0.0,2.2,-100.0,NR,2026-10-02 12:00:57.048971
2026-10-02,2026-10-01,2026-10-02,district,EAST RAJASTHAN,RAJASTHAN,BHARATPUR,0.0,0.2,-100.0,NR,0.0,0.9,-100.0,NR,2026-10-02 12:00:57.048971
2026-10-02,2026-10-01,2026-10-02,district,EAST RAJASTHAN,RAJASTHAN,BHILWARA,0.0,0.5,-100.0,NR,0.0,1.0,-100.0,NR,2026-10-02 12:00:57.048971
2026-10-02,2026-10-01,2026-10-02,district,EAST RAJASTHAN,RAJASTHAN,BUNDI,0.0,0.3,-100.0,NR,0.0,0.7,-100.0,NR,2026-10-02 12:00:57.048971
2026-10-02,2026-10-01,2026-10-02,district,EAST RAJASTHAN,RAJASTHAN,CHITTORGARH,0.0,1.1,-100.0,NR,0.0,2.2,-100.0,NR,2026-10-02 12:00:57.048971
2026-10-02,2026-10-01,2026-10-02,district,EAST RAJASTHAN,RAJASTHAN,DAUSA,0.0,0.4,-100.0,NR,0.0,1.3,-100.0,NR,2026-10-02 12:00:57.048971
2026-10-02,2026-10-01,2026-10-02,district,EAST RAJASTHAN,RAJASTHAN,DHOLPUR,0.0,0.2,-100.0,NR,0.0,1.4,-100.0,NR,2026-10-02 12:00:57.048971
2026-10-02,2026-10-01,2026-10-02,district,EAST RAJASTHAN,RAJASTHAN,DUNGARPUR,0.0,1.1,-100.0,NR,0.0,3.5,-100.0,NR,2026-10-02 12:00:57.048971
2026-10-02,2026-10-01,2026-10-02,district,EAST RAJASTHAN,RAJASTHAN,JAIPUR,0.0,0.8,-100.0,NR,0.0,1.7,-100.0,NR,2026-10-02 12:00:57.048971
2026-10-02,2026-10-01,2026-10-02,district,EAST RAJASTHAN,RAJASTHAN,JHALAWAR,0.0,1.0,-100.0,NR,0.0,1.6,-100.0,NR,2026-10-02 12:00:57.048971
2026-10-02,2026-10-01,2026-10-02,district,EAST RAJASTHAN,RAJASTHAN,JHUNJHUNU,0.0,0.7,-100.0,NR,0.0,1.8,-100.0,NR,2026-10-02 12:00:57.048971
2026-10-02,2026-10-01,2026-10-02,district,EAST RAJASTHAN,RAJASTHAN,KARAULI,0.0,0.1,-100.0,NR,0.0,0.7,-100.0,NR,2026-10-02 12:00:57.048971
2026-10-02,2026-10-01,2026-10-02,district,EAST RAJASTHAN,RAJASTHAN,KOTA,0.0,1.2,-100.0,NR,0.0,2.0,-100.0,NR,2026-10-02 12:00:57.048971
2026-10-02,2026-10-01,2026-10-02,district,EAST RAJASTHAN,RAJASTHAN,PRATAPGARH,0.0,2.6,-100.0,NR,0.0,4.0,-100.0,NR,2026-10-02 12:00:57.048971
2026-10-02,2026-10-01,2026-10-02,district,EAST RAJASTHAN,RAJASTHAN,RAJSAMAND,0.0,0.7,-100.0,NR,2.3,2.2,4.0,N,2026-10-02 12:00:57.048971
2026-10-02,2026-10-01,2026-10-02,district,EAST RAJASTHAN,RAJASTHAN,SAWAI MADHOPUR,0.0,0.5,-100.0,NR,0.0,2.1,-100.0,NR,2026-10-02 12:00:57.048971
2026-10-02,2026-10-01,2026-10-02,district,EAST RAJASTHAN,RAJASTHAN,SIKAR,0.0,0.6,-100.0,NR,0.0,1.5,-100.0,NR,2026-10-02 12:00:57.048971
2026-10-02,2026-10-01,2026-10-02,district,EAST RAJASTHAN,RAJASTHAN,SIROHI,0.0,1.1,-100.0,NR,0.0,2.1,-100.0,NR,2026-10-02 12:00:57.048971
2026-10-02,2026-10-01,2026-10-02,district,EAST RAJASTHAN,RAJASTHAN,TONK,0.0,0.3,-100.0,NR,0.0,0.8,-100.0,NR,2026-10-02 12:00:57.048971
2026-10-02,2026-10-01,2026-10-02,district,EAST RAJASTHAN,RAJASTHAN,UDAIPUR,0.0,0.9,-100.0,NR,0.0,2.4,-100.0,NR,2026-10-02 12:00:57.048971
2026-10-02,2026-10-01,2026-10-02,district,EAST UTTAR PRADESH,UTTAR PRADESH,AMBEDKAR NAGAR,0.0,1.8,-100.0,NR,0.0,2.1,-100.0,NR,2026-10-02 12:00:57.048971
2026-10-02,2026-10-01,2026-10-02,district,EAST UTTAR PRADESH,UTTAR PRADESH,AMETHI,0.0,1.8,-100.0,NR,0.0,2.4,-100.0,NR,2026-10-02 12:00:57.048971
2026-10-02,2026-10-01,2026-10-02,district,EAST UTTAR PRADESH,UTTAR PRADESH,AYODHYA,0.0,1.4,-100.0,NR,0.0,3.2,-100.0,NR,2026-10-02 12:00:57.048971
2026-10-02,2026-10-01,2026-10-02,district,EAST UTTAR PRADESH,UTTAR PRADESH,AZAMGARH,0.0,2.3,-100.0,NR,0.0,4.3,-100.0,NR,2026-10-02 12:00:57.048971
2026-10-02,2026-10-01,2026-10-02,district,EAST UTTAR PRADESH,UTTAR PRADESH,BAHRAICH,0.0,1.4,-100.0,NR,0.0,3.6,-100.0,NR,2026-10-02 12:00:57.048971
2026-10-02,2026-10-01,2026-10-02,district,EAST UTTAR PRADESH,UTTAR PRADESH,BALLIA,0.0,3.0,-100.0,NR,0.0,5.5,-100.0,NR,2026-10-02 12:00:57.048971
2026-10-02,2026-10-01,2026-10-02,district,EAST UTTAR PRADESH,UTTAR PRADESH,BALRAMPUR,0.0,0.7,-100.0,NR,0.0,2.9,-100.0,NR,2026-10-02 12:00:57.048971
2026-10-02,2026-10-01,2026-10-02,district,EAST UTTAR PRADESH,UTTAR PRADESH,BANDA,0.0,2.1,-100.0,NR,0.0,3.1,-100.0,NR,2026-10-02 12:00:57.048971
2026-10-02,2026-10-01,2026-10-02,district,EAST UTTAR PRADESH,UTTAR PRADESH,BARABANKI,0.0,1.6,-100.0,NR,0.0,3.5,-100.0,NR,2026-10-02 12:00:57.048971
2026-10-02,2026-10-01,2026-10-02,district,EAST UTTAR PRADESH,UTTAR PRADESH,BASTI,0.0,3.3,-100.0,NR,0.0,6.1,-100.0,NR,2026-10-02 12:00:57.048971
2026-10-02,2026-10-01,2026-10-02,district,EAST UTTAR PRADESH,UTTAR PRADESH,BHADOHI,0.0,1.6,-100.0,NR,0.0,1.6,-100.0,NR,2026-10-02 12:00:57.048971
2026-10-02,2026-10-01,2026-10-02,district,EAST UTTAR PRADESH,UTTAR PRADESH,CHANDAULI,0.0,0.6,-100.0,NR,0.0,0.6,-100.0,NR,2026-10-02 12:00:57.048971
2026-10-02,2026-10-01,2026-10-02,district,EAST UTTAR PRADESH,UTTAR PRADESH,CHITRAKOOT,0.0,2.7,-100.0,NR,0.0,3.7,-100.0,NR,2026-10-02 12:00:57.048971
2026-10-02,2026-10-01,2026-10-02,district,EAST UTTAR PRADESH,UTTAR PRADESH,DEORIA,0.0,2.1,-100.0,NR,0.0,4.3,-100.0,NR,2026-10-02 12:00:57.048971
2026-10-02,2026-10-01,2026-10-02,district,EAST UTTAR PRADESH,UTTAR PRADESH,FARRUKHABAD,0.0,0.6,-100.0,NR,0.0,1.8,-100.0,NR,2026-10-02 12:00:57.048971
2026-10-02,2026-10-01,2026-10-02,district,EAST UTTAR PRADESH,UTTAR PRADESH,FATEHPUR,0.0,1.3,-100.0,NR,0.0,1.8,-100.0,NR,2026-10-02 12:00:57.048971
2026-10-02,2026-10-01,2026-10-02,district,EAST UTTAR PRADESH,UTTAR PRADESH,GHAZIPUR,0.0,2.0,-100.0,NR,0.0,3.6,-100.0,NR,2026-10-02 12:00:57.048971
2026-10-02,2026-10-01,2026-10-02,district,EAST UTTAR PRADESH,UTTAR PRADESH,GONDA,0.0,1.4,-100.0,NR,0.0,4.2,-100.0,NR,2026-10-02 12:00:57.048971
2026-10-02,2026-10-01,2026-10-02,district,EAST UTTAR PRADESH,UTTAR PRADESH,GORAKHPUR,0.0,3.0,-100.0,NR,0.0,6.3,-100.0,NR,2026-10-02 12:00:57.048971
2026-10-02,2026-10-01,2026-10-02,district,EAST UTTAR PRADESH,UTTAR PRADESH,HARDOI,0.0,2.1,-100.0,NR,0.0,3.6,-100.0,NR,2026-10-02 12:00:57.048971
2026-10-02,2026-10-01,2026-10-02,district,EAST UTTAR PRADESH,UTTAR PRADESH,JAUNPUR,0.0,1.8,-100.0,NR,0.0,2.7,-100.0,NR,2026-10-02 12:00:57.048971
2026-10-02,2026-10-01,2026-10-02,district,EAST UTTAR PRADESH,UTTAR PRADESH,KANNAUJ,0.0,1.9,-100.0,NR,0.0,2.3,-100.0,NR,2026-10-02 12:00:57.048971
2026-10-02,2026-10-01,2026-10-02,district,EAST UTTAR PRADESH,UTTAR PRADESH,KANPUR CITY,0.0,0.7,-100.0,NR,0.0,1.9,-100.0,NR,2026-10-02 12:00:57.048971
2026-10-02,2026-10-01,2026-10-02,district,EAST UTTAR PRADESH,UTTAR PRADESH,KANPUR DEHAT,0.0,0.5,-100.0,NR,0.0,2.0,-100.0,NR,2026-10-02 12:00:57.048971
2026-10-02,2026-10-01,2026-10-02,district,EAST UTTAR PRADESH,UTTAR PRADESH,KAUSHAMBI,0.0,2.9,-100.0,NR,0.0,3.0,-100.0,NR,2026-10-02 12:00:57.048971
2026-10-02,2026-10-01,2026-10-02,district,EAST UTTAR PRADESH,UTTAR PRADESH,KHERI,0.0,0.9,-100.0,NR,0.0,2.3,-100.0,NR,2026-10-02 12:00:57.048971
2026-10-02,2026-10-01,2026-10-02,district,EAST UTTAR PRADESH,UTTAR PRADESH,KUSHI NAGAR,0.0,1.0,-100.0,NR,0.0,3.9,-100.0,NR,2026-10-02 12:00:57.048971
2026-10-02,2026-10-01,2026-10-02,district,EAST UTTAR PRADESH,UTTAR PRADESH,LUCKNOW,0.0,0.5,-100.0,NR,0.0,2.3,-100.0,NR,2026-10-02 12:00:57.048971
2026-10-02,2026-10-01,2026-10-02,district,EAST UTTAR PRADESH,UTTAR PRADESH,MAHARAJGANJ,0.0,2.0,-100.0,NR,0.0,5.7,-100.0,NR,2026-10-02 12:00:57.048971
2026-10-02,2026-10-01,2026-10-02,district,EAST UTTAR PRADESH,UTTAR PRADESH,MAU,0.0,0.9,-100.0,NR,0.0,2.1,-100.0,NR,2026-10-02 12:00:57.048971
2026-10-02,2026-10-01,2026-10-02,district,EAST UTTAR PRADESH,UTTAR PRADESH,MIRZAPUR,0.0,1.3,-100.0,NR,0.0,2.5,-100.0,NR,2026-10-02 12:00:57.048971
2026-10-02,2026-10-01,2026-10-02,district,EAST UTTAR PRADESH,UTTAR PRADESH,PRATAPGARH,0.0,3.0,-100.0,NR,0.0,3.6,-100.0,NR,2026-10-02 12:00:57.048971
2026-10-02,2026-10-01,2026-10-02,district,EAST UTTAR PRADESH,UTTAR PRADESH,PRAYAGRAJ,0.0,1.6,-100.0,NR,0.0,1.9,-100.0,NR,2026-10-02 12:00:57.048971
2026-10-02,2026-10-01,2026-10-02,district,EAST UTTAR PRADESH,UTTAR PRADESH,RAE BAREILLY,0.0,1.4,-100.0,NR,0.0,2.0,-100.0,NR,2026-10-02 12:00:57.048971
2026-10-02,2026-10-01,2026-10-02,district,EAST UTTAR PRADESH,UTTAR PRADESH,SANT KABIR NAGAR,0.0,0.1,-100.0,NR,0.0,1.0,-100.0,NR,2026-10-02 12:00:57.048971
2026-10-02,2026-10-01,2026-10-02,district,EAST UTTAR PRADESH,UTTAR PRADESH,SHRAWASTI,0.0,2.2,-100.0,NR,0.0,3.3,-100.0,NR,2026-10-02 12:00:57.048971
2026-10-02,2026-10-01,2026-10-02,district,EAST UTTAR PRADESH,UTTAR PRADESH,SIDDHARTH NAGAR,0.0,1.8,-100.0,NR,0.0,6.0,-100.0,NR,2026-10-02 12:00:57.048971
2026-10-02,2026-10-01,2026-10-02,district,EAST UTTAR PRADESH,UTTAR PRADESH,SITAPUR,0.0,1.3,-100.0,NR,0.0,3.1,-100.0,NR,2026-10-02 12:00:57.048971
2026-10-02,2026-10-01,2026-10-02,district,EAST UTTAR PRADESH,UTTAR PRADESH,SONBHADRA,0.0,0.9,-100.0,NR,0.0,3.0,-100.0,NR,2026-10-02 12:00:57.048971
2026-10-02,2026-10-01,2026-10-02,district,EAST UTTAR PRADESH,UTTAR PRADESH,SULTANPUR,0.0,1.5,-100.0,NR,0.0,2.8,-100.0,NR,2026-10-02 12:00:57.048971
2026-10-02,2026-10-01,2026-10-02,district,EAST UTTAR PRADESH,UTTAR PRADESH,UNNAO,0.0,0.8,-100.0,NR,0.0,2.4,-100.0,NR,2026-10-02 12:00:57.048971
2026-10-02,2026-10-01,2026-10-02,district,EAST UTTAR PRADESH,UTTAR PRADESH,VARANASI,0.0,1.4,-100.0,NR,0.0,2.3,-100.0,NR,2026-10-02 12:00:57.048971
2026-10-02,2026-10-01,2026-10-02,district,GANGETIC WEST BENGAL,WEST BENGAL,BANKURA,0.0,4.6,-100.0,NR,0.0,11.5,-100.0,NR,2026-10-02 12:00:57.048971
2026-10-02,2026-10-01,2026-10-02,district,GANGETIC WEST BENGAL,WEST BENGAL,BIRBHUM,0.0,6.4,-100.0,NR,0.0,10.4,-100.0,NR,2026-10-02 12:00:57.048971
2026-10-02,2026-10-01,2026-10-02,district,GANGETIC WEST BENGAL,WEST BENGAL,EAST MIDNAPORE,0.0,6.7,-100.0,NR,0.0,16.2,-100.0,NR,2026-10-02 12:00:57.048971
2026-10-02,2026-10-01,2026-10-02,district,GANGETIC WEST BENGAL,WEST BENGAL,HOOGHLY,0.0,3.8,-100.0,NR,0.0,9.7,-100.0,NR,2026-10-02 12:00:57.048971
2026-10-02,2026-10-01,2026-10-02,district,GANGETIC WEST BENGAL,WEST BENGAL,HOWRAH,0.8,4.8,-83.0,LD,0.8,11.3,-93.0,LD,2026-10-02 12:00:57.048971
2026-10-02,2026-10-01,2026-10-02,district,GANGETIC WEST BENGAL,WEST BENGAL,JHARGRAM,0.0,4.0,-100.0,NR,0.0,12.4,-100.0,NR,2026-10-02 12:00:57.048971
2026-10-02,2026-10-01,2026-10-02,district,GANGETIC WEST BENGAL,WEST BENGAL,KOLKATA,2.0,5.1,-61.0,LD,2.0,12.5,-84.0,LD,2026-10-02 12:00:57.048971
2026-10-02,2026-10-01,2026-10-02,district,GANGETIC WEST BENGAL,WEST BENGAL,MURSHIDABAD,0.0,3.9,-100.0,NR,0.0,7.2,-100.0,NR,2026-10-02 12:00:57.048971
2026-10-02,2026-10-01,2026-10-02,district,GANGETIC WEST BENGAL,WEST BENGAL,NADIA,0.7,5.6,-88.0,LD,0.7,8.4,-92.0,LD,2026-10-02 12:00:57.048971
2026-10-02,2026-10-01,2026-10-02,district,GANGETIC WEST BENGAL,WEST BENGAL,NORTH 24 PARGANAS,29.4,3.6,717.0,LE,29.4,9.2,220.0,LE,2026-10-02 12:00:57.048971
2026-10-02,2026-10-01,2026-10-02,district,GANGETIC WEST BENGAL,WEST BENGAL,PASCHIM BARDHAMAN,0.0,6.7,-100.0,NR,0.0,13.2,-100.0,NR,2026-10-02 12:00:57.048971
2026-10-02,2026-10-01,2026-10-02,district,GANGETIC WEST BENGAL,WEST BENGAL,PURBA BARDHAMAN,0.0,3.6,-100.0,NR,0.0,7.0,-100.0,NR,2026-10-02 12:00:57.048971
2026-10-02,2026-10-01,2026-10-02,district,GANGETIC WEST BENGAL,WEST BENGAL,PURULIA,0.0,6.0,-100.0,NR,0.0,8.9,-100.0,NR,2026-10-02 12:00:57.048971
2026-10-02,2026-10-01,2026-10-02,district,GANGETIC WEST BENGAL,WEST BENGAL,SOUTH 24 PARGANAS,4.8,6.0,-21.0,D,4.8,12.8,-63.0,LD,2026-10-02 12:00:57.048971
2026-10-02,2026-10-01,2026-10-02,district,GANGETIC WEST BENGAL,WEST BENGAL,WEST MIDNAPORE,0.0,4.0,-100.0,NR,0.0,12.4,-100.0,NR,2026-10-02 12:00:57.048971
2026-10-02,2026-10-01,2026-10-02,district,GUJARAT REGION,DADRA & NAGAR HAVELI AND DAMAN & DIU (UT),DADARA & NAGAR HAVELI,0.0,1.2,-100.0,NR,0.0,4.7,-100.0,NR,2026-10-02 12:00:57.048971
2026-10-02,2026-10-01,2026-10-02,district,GUJARAT REGION,DADRA & NAGAR HAVELI AND DAMAN & DIU (UT),DAMAN,0.0,1.2,-100.0,NR,0.0,4.7,-100.0,NR,2026-10-02 12:00:57.048971
2026-10-02,2026-10-01,2026-10-02,district,GUJARAT REGION,GUJARAT,AHMEDABAD,0.0,0.5,-100.0,NR,0.0,1.9,-100.0,NR,2026-10-02 12:00:57.048971
2026-10-02,2026-10-01,2026-10-02,district,GUJARAT REGION,GUJARAT,ANAND,0.0,0.5,-100.0,NR,0.0,3.3,-100.0,NR,2026-10-02 12:00:57.048971
2026-10-02,2026-10-01,2026-10-02,district,GUJARAT REGION,GUJARAT,ARAVALLI,0.0,0.8,-100.0,NR,0.0,3.2,-100.0,NR,2026-10-02 12:00:57.048971
2026-10-02,2026-10-01,2026-10-02,district,GUJARAT REGION,GUJARAT,BANASKANTHA,0.0,1.2,-100.0,NR,0.0,3.5,-100.0,NR,2026-10-02 12:00:57.048971
2026-10-02,2026-10-01,2026-10-02,district,GUJARAT REGION,GUJARAT,BHARUCH,0.0,1.0,-100.0,NR,0.0,2.4,-100.0,NR,2026-10-02 12:00:57.048971
2026-10-02,2026-10-01,2026-10-02,district,GUJARAT REGION,GUJARAT,CHHOTA UDEPUR,0.0,2.5,-100.0,NR,0.0,5.4,-100.0,NR,2026-10-02 12:00:57.048971
2026-10-02,2026-10-01,2026-10-02,district,GUJARAT REGION,GUJARAT,DAHOD,0.0,1.1,-100.0,NR,0.0,2.6,-100.0,NR,2026-10-02 12:00:57.048971
2026-10-02,2026-10-01,2026-10-02,district,GUJARAT REGION,GUJARAT,DANGS,0.0,6.9,-100.0,NR,0.0,12.6,-100.0,NR,2026-10-02 12:00:57.048971
2026-10-02,2026-10-01,2026-10-02,district,GUJARAT REGION,GUJARAT,GANDHINAGAR,0.0,0.8,-100.0,NR,0.0,1.8,-100.0,NR,2026-10-02 12:00:57.048971
2026-10-02,2026-10-01,2026-10-02,district,GUJARAT REGION,GUJARAT,KHEDA,0.0,0.3,-100.0,NR,0.0,1.9,-100.0,NR,2026-10-02 12:00:57.048971
2026-10-02,2026-10-01,2026-10-02,district,GUJARAT REGION,GUJARAT,MAHISAGAR,0.0,0.8,-100.0,NR,0.0,3.0,-100.0,NR,2026-10-02 12:00:57.048971
2026-10-02,2026-10-01,2026-10-02,district,GUJARAT REGION,GUJARAT,MEHSANA,0.0,0.7,-100.0,NR,0.0,3.0,-100.0,NR,2026-10-02 12:00:57.048971
2026-10-02,2026-10-01,2026-10-02,district,GUJARAT REGION,GUJARAT,NARMADA,0.0,2.0,-100.0,NR,0.0,3.6,-100.0,NR,2026-10-02 12:00:57.048971
2026-10-02,2026-10-01,2026-10-02,district,GUJARAT REGION,GUJARAT,NAVSARI,0.0,2.1,-100.0,NR,0.0,6.6,-100.0,NR,2026-10-02 12:00:57.048971
2026-10-02,2026-10-01,2026-10-02,district,GUJARAT REGION,GUJARAT,PANCHMAHAL,0.0,0.6,-100.0,NR,0.0,2.6,-100.0,NR,2026-10-02 12:00:57.048971
2026-10-02,2026-10-01,2026-10-02,district,GUJARAT REGION,GUJARAT,PATAN,0.0,0.8,-100.0,NR,0.0,3.1,-100.0,NR,2026-10-02 12:00:57.048971
2026-10-02,2026-10-01,2026-10-02,district,GUJARAT REGION,GUJARAT,SABARKANTHA,0.0,0.7,-100.0,NR,0.0,3.1,-100.0,NR,2026-10-02 12:00:57.048971
2026-10-02,2026-10-01,2026-10-02,district,GUJARAT REGION,GUJARAT,SURAT,0.0,2.4,-100.0,NR,0.0,5.6,-100.0,NR,2026-10-02 12:00:57.048971
2026-10-02,2026-10-01,2026-10-02,district,GUJARAT REGION,GUJARAT,TAPI,0.0,2.9,-100.0,NR,0.0,6.1,-100.0,NR,2026-10-02 12:00:57.048971
2026-10-02,2026-10-01,2026-10-02,district,GUJARAT REGION,GUJARAT,VADODARA,0.0,1.5,-100.0,NR,0.0,3.1,-100.0,NR,2026-10-02 12:00:57.048971
2026-10-02,2026-10-01,2026-10-02,district,GUJARAT REGION,GUJARAT,VALSAD,0.0,4.3,-100.0,NR,0.0,8.0,-100.0,NR,2026-10-02 12:00:57.048971
2026-10-02,2026-10-01,2026-10-02,district,HAR. CHD & DELHI,CHANDIGARH (UT),CHANDIGARH,0.0,0.0,-100.0,NR,0.0,1.3,-100.0,NR,2026-10-02 12:00:57.048971
2026-10-02,2026-10-01,2026-10-02,district,HAR. CHD & DELHI,DELHI,CENTRAL DELHI,0.0,2.0,-100.0,NR,0.0,3.4,-100.0,NR,2026-10-02 12:00:57.048971
2026-10-02,2026-10-01,2026-10-02,district,HAR. CHD & DELHI,DELHI,EAST DELHI,0.0,2.0,-100.0,NR,0.0,3.4,-100.0,NR,2026-10-02 12:00:57.048971
2026-10-02,2026-10-01,2026-10-02,district,HAR. CHD & DELHI,DELHI,NEW DELHI,0.0,0.6,-100.0,NR,0.0,2.1,-100.0,NR,2026-10-02 12:00:57.048971
2026-10-02,2026-10-01,2026-10-02,district,HAR. CHD & DELHI,DELHI,NORTH EAST DELHI,0.0,2.0,-100.0,NR,0.0,3.4,-100.0,NR,2026-10-02 12:00:57.048971
2026-10-02,2026-10-01,2026-10-02,district,HAR. CHD & DELHI,DELHI,NORTH WEST DELHI,0.0,0.0,-100.0,NR,0.0,0.3,-100.0,NR,2026-10-02 12:00:57.048971
2026-10-02,2026-10-01,2026-10-02,district,HAR. CHD & DELHI,DELHI,SOUTH DELHI,0.0,2.0,-100.0,NR,0.0,3.4,-100.0,NR,2026-10-02 12:00:57.048971
2026-10-02,2026-10-01,2026-10-02,district,HAR. CHD & DELHI,DELHI,SOUTH EAST DELHI,0.0,2.0,-100.0,NR,0.0,3.4,-100.0,NR,2026-10-02 12:00:57.048971
2026-10-02,2026-10-01,2026-10-02,district,HAR. CHD & DELHI,DELHI,SOUTH WEST DELHI,0.0,0.1,-100.0,NR,0.0,0.6,-100.0,NR,2026-10-02 12:00:57.048971
2026-10-02,2026-10-01,2026-10-02,district,HAR. CHD & DELHI,DELHI,WEST DELHI,0.0,0.2,-100.0,NR,0.0,0.9,-100.0,NR,2026-10-02 12:00:57.048971
2026-10-02,2026-10-01,2026-10-02,district,HAR. CHD & DELHI,HARYANA,AMBALA,0.0,0.7,-100.0,NR,0.0,0.8,-100.0,NR,2026-10-02 12:00:57.048971
2026-10-02,2026-10-01,2026-10-02,district,HAR. CHD & DELHI,HARYANA,BHIWANI,0.0,0.7,-100.0,NR,0.0,0.9,-100.0,NR,2026-10-02 12:00:57.048971
2026-10-02,2026-10-01,2026-10-02,district,HAR. CHD & DELHI,HARYANA,CHARKHI DADRI,0.0,0.5,-100.0,NR,0.0,0.7,-100.0,NR,2026-10-02 12:00:57.048971
2026-10-02,2026-10-01,2026-10-02,district,HAR. CHD & DELHI,HARYANA,FARIDABAD,0.0,0.0,-100.0,NR,0.0,1.5,-100.0,NR,2026-10-02 12:00:57.048971
2026-10-02,2026-10-01,2026-10-02,district,HAR. CHD & DELHI,HARYANA,FATEHABAD,0.0,0.5,-100.0,NR,0.0,0.7,-100.0,NR,2026-10-02 12:00:57.048971
2026-10-02,2026-10-01,2026-10-02,district,HAR. CHD & DELHI,HARYANA,GURGAON,0.0,0.3,-100.0,NR,0.0,0.8,-100.0,NR,2026-10-02 12:00:57.048971
2026-10-02,2026-10-01,2026-10-02,district,HAR. CHD & DELHI,HARYANA,HISAR,0.0,0.4,-100.0,NR,0.0,0.5,-100.0,NR,2026-10-02 12:00:57.048971
2026-10-02,2026-10-01,2026-10-02,district,HAR. CHD & DELHI,HARYANA,JHAJJAR,0.0,0.4,-100.0,NR,0.0,0.6,-100.0,NR,2026-10-02 12:00:57.048971
2026-10-02,2026-10-01,2026-10-02,district,HAR. CHD & DELHI,HARYANA,JIND,0.0,0.9,-100.0,NR,0.0,1.5,-100.0,NR,2026-10-02 12:00:57.048971
2026-10-02,2026-10-01,2026-10-02,district,HAR. CHD & DELHI,HARYANA,KAITHAL,0.0,0.2,-100.0,NR,0.0,0.2,-100.0,NR,2026-10-02 12:00:57.048971
2026-10-02,2026-10-01,2026-10-02,district,HAR. CHD & DELHI,HARYANA,KARNAL,0.0,0.0,-100.0,NR,0.0,0.2,-100.0,NR,2026-10-02 12:00:57.048971
2026-10-02,2026-10-01,2026-10-02,district,HAR. CHD & DELHI,HARYANA,KURUKSHETRA,0.0,0.1,-100.0,NR,0.0,0.1,-100.0,NR,2026-10-02 12:00:57.048971
2026-10-02,2026-10-01,2026-10-02,district,HAR. CHD & DELHI,HARYANA,MAHENDRAGARH,0.0,0.7,-100.0,NR,0.0,1.3,-100.0,NR,2026-10-02 12:00:57.048971
2026-10-02,2026-10-01,2026-10-02,district,HAR. CHD & DELHI,HARYANA,NUH,0.0,0.0,-100.0,NR,0.0,0.6,-100.0,NR,2026-10-02 12:00:57.048971
2026-10-02,2026-10-01,2026-10-02,district,HAR. CHD & DELHI,HARYANA,PALWAL,0.0,0.0,-100.0,NR,0.0,0.2,-100.0,NR,2026-10-02 12:00:57.048971
2026-10-02,2026-10-01,2026-10-02,district,HAR. CHD & DELHI,HARYANA,PANCHKULA,0.0,0.3,-100.0,NR,0.0,0.3,-100.0,NR,2026-10-02 12:00:57.048971
2026-10-02,2026-10-01,2026-10-02,district,HAR. CHD & DELHI,HARYANA,PANIPAT,0.0,0.3,-100.0,NR,0.0,0.5,-100.0,NR,2026-10-02 12:00:57.048971
2026-10-02,2026-10-01,2026-10-02,district,HAR. CHD & DELHI,HARYANA,REWARI,0.0,1.1,-100.0,NR,0.0,2.0,-100.0,NR,2026-10-02 12:00:57.048971
2026-10-02,2026-10-01,2026-10-02,district,HAR. CHD & DELHI,HARYANA,ROHTAK,0.0,0.6,-100.0,NR,0.0,0.6,-100.0,NR,2026-10-02 12:00:57.048971
2026-10-02,2026-10-01,2026-10-02,district,HAR. CHD & DELHI,HARYANA,SIRSA,0.0,0.6,-100.0,NR,0.0,0.6,-100.0,NR,2026-10-02 12:00:57.048971
2026-10-02,2026-10-01,2026-10-02,district,HAR. CHD & DELHI,HARYANA,SONEPAT,0.0,0.5,-100.0,NR,0.0,0.5,-100.0,NR,2026-10-02 12:00:57.048971
2026-10-02,2026-10-01,2026-10-02,district,HAR. CHD & DELHI,HARYANA,YAMUNA NAGAR,0.0,0.3,-100.0,NR,0.0,1.0,-100.0,NR,2026-10-02 12:00:57.048971
2026-10-02,2026-10-01,2026-10-02,district,HIMACHAL PRADESH,HIMACHAL PRADESH,BILASPUR,0.0,0.1,-100.0,NR,0.0,0.9,-100.0,NR,2026-10-02 12:00:57.048971
2026-10-02,2026-10-01,2026-10-02,district,HIMACHAL PRADESH,HIMACHAL PRADESH,CHAMBA,0.0,0.4,-100.0,NR,0.0,1.0,-100.0,NR,2026-10-02 12:00:57.048971
2026-10-02,2026-10-01,2026-10-02,district,HIMACHAL PRADESH,HIMACHAL PRADESH,HAMIRPUR,0.0,2.6,-100.0,NR,0.0,2.9,-100.0,NR,2026-10-02 12:00:57.048971
2026-10-02,2026-10-01,2026-10-02,district,HIMACHAL PRADESH,HIMACHAL PRADESH,KANGRA,0.0,0.6,-100.0,NR,0.0,2.5,-100.0,NR,2026-10-02 12:00:57.048971
2026-10-02,2026-10-01,2026-10-02,district,HIMACHAL PRADESH,HIMACHAL PRADESH,KINNAUR,0.0,0.1,-100.0,NR,0.0,0.4,-100.0,NR,2026-10-02 12:00:57.048971
2026-10-02,2026-10-01,2026-10-02,district,HIMACHAL PRADESH,HIMACHAL PRADESH,KULLU,0.0,0.6,-100.0,NR,0.0,1.2,-100.0,NR,2026-10-02 12:00:57.048971
2026-10-02,2026-10-01,2026-10-02,district,HIMACHAL PRADESH,HIMACHAL PRADESH,LAHAUL & SPITI,0.0,0.6,-100.0,NR,0.0,0.8,-100.0,NR,2026-10-02 12:00:57.048971
2026-10-02,2026-10-01,2026-10-02,district,HIMACHAL PRADESH,HIMACHAL PRADESH,MANDI,1.6,0.5,228.0,LE,1.6,1.1,49.0,E,2026-10-02 12:00:57.048971
2026-10-02,2026-10-01,2026-10-02,district,HIMACHAL PRADESH,HIMACHAL PRADESH,SHIMLA,0.0,0.6,-100.0,NR,0.0,1.3,-100.0,NR,2026-10-02 12:00:57.048971
2026-10-02,2026-10-01,2026-10-02,district,HIMACHAL PRADESH,HIMACHAL PRADESH,SIRMAUR,0.0,0.8,-100.0,NR,0.0,1.6,-100.0,NR,2026-10-02 12:00:57.048971
2026-10-02,2026-10-01,2026-10-02,district,HIMACHAL PRADESH,HIMACHAL PRADESH,SOLAN,0.0,0.7,-100.0,NR,0.0,1.4,-100.0,NR,2026-10-02 12:00:57.048971
2026-10-02,2026-10-01,2026-10-02,district,HIMACHAL PRADESH,HIMACHAL PRADESH,UNA,0.0,1.6,-100.0,NR,0.0,2.1,-100.0,NR,2026-10-02 12:00:57.048971
2026-10-02,2026-10-01,2026-10-02,district,J & K AND LADAKH,JAMMU & KASHMIR(UT),ANANTNAG,0.0,0.4,-100.0,NR,0.0,2.1,-100.0,NR,2026-10-02 12:00:57.048971
2026-10-02,2026-10-01,2026-10-02,district,J & K AND LADAKH,JAMMU & KASHMIR(UT),BADGAM,0.0,1.3,-100.0,NR,0.0,3.6,-100.0,NR,2026-10-02 12:00:57.048971
2026-10-02,2026-10-01,2026-10-02,district,J & K AND LADAKH,JAMMU & KASHMIR(UT),BANDIPORA,0.0,0.4,-100.0,NR,0.0,1.5,-100.0,NR,2026-10-02 12:00:57.048971
2026-10-02,2026-10-01,2026-10-02,district,J & K AND LADAKH,JAMMU & KASHMIR(UT),BARAMULA,0.0,0.9,-100.0,NR,0.0,1.9,-100.0,NR,2026-10-02 12:00:57.048971
2026-10-02,2026-10-01,2026-10-02,district,J & K AND LADAKH,JAMMU & KASHMIR(UT),DODA,0.0,0.6,-100.0,NR,0.0,1.0,-100.0,NR,2026-10-02 12:00:57.048971
2026-10-02,2026-10-01,2026-10-02,district,J & K AND LADAKH,JAMMU & KASHMIR(UT),GANDERBAL,0.0,0.1,-100.0,NR,0.0,0.7,-100.0,NR,2026-10-02 12:00:57.048971
2026-10-02,2026-10-01,2026-10-02,district,J & K AND LADAKH,JAMMU & KASHMIR(UT),JAMMU,0.0,0.3,-100.0,NR,0.0,0.6,-100.0,NR,2026-10-02 12:00:57.048971
2026-10-02,2026-10-01,2026-10-02,district,J & K AND LADAKH,JAMMU & KASHMIR(UT),KATHUA,0.0,0.2,-100.0,NR,0.0,0.3,-100.0,NR,2026-10-02 12:00:57.048971
2026-10-02,2026-10-01,2026-10-02,district,J & K AND LADAKH,JAMMU & KASHMIR(UT),KISTWAR,0.0,0.6,-100.0,NR,0.0,1.0,-100.0,NR,2026-10-02 12:00:57.048971
2026-10-02,2026-10-01,2026-10-02,district,J & K AND LADAKH,JAMMU & KASHMIR(UT),KULGAM,0.0,0.6,-100.0,NR,0.0,1.1,-100.0,NR,2026-10-02 12:00:57.048971
2026-10-02,2026-10-01,2026-10-02,district,J & K AND LADAKH,JAMMU & KASHMIR(UT),KUPWARA,0.0,0.5,-100.0,NR,0.0,1.8,-100.0,NR,2026-10-02 12:00:57.048971
2026-10-02,2026-10-01,2026-10-02,district,J & K AND LADAKH,JAMMU & KASHMIR(UT),POONCH,0.0,0.6,-100.0,NR,0.0,1.2,-100.0,NR,2026-10-02 12:00:57.048971
2026-10-02,2026-10-01,2026-10-02,district,J & K AND LADAKH,JAMMU & KASHMIR(UT),PULWAMA,0.0,0.1,-100.0,NR,0.0,1.1,-100.0,NR,2026-10-02 12:00:57.048971
2026-10-02,2026-10-01,2026-10-02,district,J & K AND LADAKH,JAMMU & KASHMIR(UT),RAJOURI,0.0,0.0,-100.0,NR,0.0,0.0,-100.0,NR,2026-10-02 12:00:57.048971
2026-10-02,2026-10-01,2026-10-02,district,J & K AND LADAKH,JAMMU & KASHMIR(UT),RAMBAN,0.0,0.5,-100.0,NR,0.0,1.1,-100.0,NR,2026-10-02 12:00:57.048971
2026-10-02,2026-10-01,2026-10-02,district,J & K AND LADAKH,JAMMU & KASHMIR(UT),REASI,0.0,0.1,-100.0,NR,0.0,1.4,-100.0,NR,2026-10-02 12:00:57.048971
2026-10-02,2026-10-01,2026-10-02,district,J & K AND LADAKH,JAMMU & KASHMIR(UT),SAMBA,0.0,0.2,-100.0,NR,0.0,0.2,-100.0,NR,2026-10-02 12:00:57.048971
2026-10-02,2026-10-01,2026-10-02,district,J & K AND LADAKH,JAMMU & KASHMIR(UT),SHOPIAN,0.0,0.7,-100.0,NR,0.0,1.9,-100.0,NR,2026-10-02 12:00:57.048971
2026-10-02,2026-10-01,2026-10-02,district,J & K AND LADAKH,JAMMU & KASHMIR(UT),SRINAGAR,0.0,0.3,-100.0,NR,0.0,1.6,-100.0,NR,2026-10-02 12:00:57.048971
2026-10-02,2026-10-01,2026-10-02,district,J & K AND LADAKH,JAMMU & KASHMIR(UT),UDHAMPUR,0.0,3.3,-100.0,NR,0.0,3.7,-100.0,NR,2026-10-02 12:00:57.048971
2026-10-02,2026-10-01,2026-10-02,district,J & K AND LADAKH,LADAKH (UT),KARGIL,0.0,0.0,-100.0,NR,0.0,0.0,-100.0,NR,2026-10-02 12:00:57.048971
2026-10-02,2026-10-01,2026-10-02,district,J & K AND LADAKH,LADAKH (UT),LADAKH (LEH),0.0,0.0,-100.0,NR,0.0,0.1,-100.0,NR,2026-10-02 12:00:57.048971
2026-10-02,2026-10-01,2026-10-02,district,JHARKHAND,JHARKHAND,BOKARO,0.0,4.6,-100.0,NR,0.0,8.3,-100.0,NR,2026-10-02 12:00:57.048971
2026-10-02,2026-10-01,2026-10-02,district,JHARKHAND,JHARKHAND,CHATRA,0.0,3.2,-100.0,NR,0.0,7.0,-100.0,NR,2026-10-02 12:00:57.048971
2026-10-02,2026-10-01,2026-10-02,district,JHARKHAND,JHARKHAND,DEOGHAR,0.0,6.2,-100.0,NR,0.0,10.9,-100.0,NR,2026-10-02 12:00:57.048971
2026-10-02,2026-10-01,2026-10-02,district,JHARKHAND,JHARKHAND,DHANBAD,0.0,5.5,-100.0,NR,0.0,10.5,-100.0,NR,2026-10-02 12:00:57.048971
2026-10-02,2026-10-01,2026-10-02,district,JHARKHAND,JHARKHAND,DUMKA,0.0,7.0,-100.0,NR,0.0,12.6,-100.0,NR,2026-10-02 12:00:57.048971
2026-10-02,2026-10-01,2026-10-02,district,JHARKHAND,JHARKHAND,EAST SINGHBHUM,0.0,3.0,-100.0,NR,0.0,6.7,-100.0,NR,2026-10-02 12:00:57.048971
2026-10-02,2026-10-01,2026-10-02,district,JHARKHAND,JHARKHAND,GARHWA,0.0,4.1,-100.0,NR,0.0,5.6,-100.0,NR,2026-10-02 12:00:57.048971
2026-10-02,2026-10-01,2026-10-02,district,JHARKHAND,JHARKHAND,GIRIDIH,0.0,3.8,-100.0,NR,0.0,8.4,-100.0,NR,2026-10-02 12:00:57.048971
2026-10-02,2026-10-01,2026-10-02,district,JHARKHAND,JHARKHAND,GODDA,0.0,2.4,-100.0,NR,0.0,5.6,-100.0,NR,2026-10-02 12:00:57.048971
2026-10-02,2026-10-01,2026-10-02,district,JHARKHAND,JHARKHAND,GUMLA,0.0,5.7,-100.0,NR,0.0,8.5,-100.0,NR,2026-10-02 12:00:57.048971
2026-10-02,2026-10-01,2026-10-02,district,JHARKHAND,JHARKHAND,HAZARIBAG,0.0,4.3,-100.0,NR,0.0,8.4,-100.0,NR,2026-10-02 12:00:57.048971
2026-10-02,2026-10-01,2026-10-02,district,JHARKHAND,JHARKHAND,JAMTARA,0.0,7.2,-100.0,NR,0.0,12.6,-100.0,NR,2026-10-02 12:00:57.048971
2026-10-02,2026-10-01,2026-10-02,district,JHARKHAND,JHARKHAND,KHUNTI,0.0,4.5,-100.0,NR,0.0,9.1,-100.0,NR,2026-10-02 12:00:57.048971
2026-10-02,2026-10-01,2026-10-02,district,JHARKHAND,JHARKHAND,KODERMA,0.0,3.1,-100.0,NR,0.0,5.9,-100.0,NR,2026-10-02 12:00:57.048971
2026-10-02,2026-10-01,2026-10-02,district,JHARKHAND,JHARKHAND,LATEHAR,0.0,4.9,-100.0,NR,0.0,7.6,-100.0,NR,2026-10-02 12:00:57.048971
2026-10-02,2026-10-01,2026-10-02,district,JHARKHAND,JHARKHAND,LOHARDAGA,0.0,4.4,-100.0,NR,0.0,7.4,-100.0,NR,2026-10-02 12:00:57.048971
2026-10-02,2026-10-01,2026-10-02,district,JHARKHAND,JHARKHAND,PAKUR,0.0,6.7,-100.0,NR,0.0,10.4,-100.0,NR,2026-10-02 12:00:57.048971
2026-10-02,2026-10-01,2026-10-02,district,JHARKHAND,JHARKHAND,PALAMU,0.0,3.6,-100.0,NR,0.0,5.2,-100.0,NR,2026-10-02 12:00:57.048971
2026-10-02,2026-10-01,2026-10-02,district,JHARKHAND,JHARKHAND,RAMGARH,0.0,6.2,-100.0,NR,0.0,10.4,-100.0,NR,2026-10-02 12:00:57.048971
2026-10-02,2026-10-01,2026-10-02,district,JHARKHAND,JHARKHAND,RANCHI,0.0,5.0,-100.0,NR,0.0,7.9,-100.0,NR,2026-10-02 12:00:57.048971
2026-10-02,2026-10-01,2026-10-02,district,JHARKHAND,JHARKHAND,SAHIBGANJ,0.0,3.8,-100.0,NR,0.0,8.3,-100.0,NR,2026-10-02 12:00:57.048971
2026-10-02,2026-10-01,2026-10-02,district,JHARKHAND,JHARKHAND,SERAIKELA-KHARSAWAN,0.0,3.0,-100.0,NR,0.0,4.8,-100.0,NR,2026-10-02 12:00:57.048971
2026-10-02,2026-10-01,2026-10-02,district,JHARKHAND,JHARKHAND,SIMDEGA,0.0,4.0,-100.0,NR,0.0,6.2,-100.0,NR,2026-10-02 12:00:57.048971
2026-10-02,2026-10-01,2026-10-02,district,JHARKHAND,JHARKHAND,WEST SINGHBHUM,0.0,4.2,-100.0,NR,0.0,6.6,-100.0,NR,2026-10-02 12:00:57.048971
2026-10-02,2026-10-01,2026-10-02,district,KERALA & MAHE,KERALA,ALAPUZHA,9.4,9.2,3.0,N,9.5,14.9,-36.0,D,2026-10-02 12:00:57.048971
2026-10-02,2026-10-01,2026-10-02,district,KERALA & MAHE,KERALA,ERNAKULAM,14.2,6.7,112.0,LE,14.2,14.1,1.0,N,2026-10-02 12:00:57.048971
2026-10-02,2026-10-01,2026-10-02,district,KERALA & MAHE,KERALA,IDUKKI,13.1,11.0,19.0,N,14.5,24.8,-42.0,D,2026-10-02 12:00:57.048971
2026-10-02,2026-10-01,2026-10-02,district,KERALA & MAHE,KERALA,KANNUR,3.2,13.1,-76.0,LD,3.2,20.3,-84.0,LD,2026-10-02 12:00:57.048971
2026-10-02,2026-10-01,2026-10-02,district,KERALA & MAHE,KERALA,KASARGOD,3.6,12.9,-72.0,LD,6.0,19.0,-69.0,LD,2026-10-02 12:00:57.048971
2026-10-02,2026-10-01,2026-10-02,district,KERALA & MAHE,KERALA,KOLLAM,15.7,10.3,52.0,E,15.7,16.5,-5.0,N,2026-10-02 12:00:57.048971
2026-10-02,2026-10-01,2026-10-02,district,KERALA & MAHE,KERALA,KOTTAYAM,6.9,8.0,-14.0,N,6.9,14.8,-54.0,D,2026-10-02 12:00:57.048971
2026-10-02,2026-10-01,2026-10-02,district,KERALA & MAHE,KERALA,KOZHIKODE,1.4,11.2,-88.0,LD,1.4,23.1,-94.0,LD,2026-10-02 12:00:57.048971
2026-10-02,2026-10-01,2026-10-02,district,KERALA & MAHE,KERALA,MALAPPURAM,0.7,8.5,-92.0,LD,0.7,18.4,-96.0,LD,2026-10-02 12:00:57.048971
2026-10-02,2026-10-01,2026-10-02,district,KERALA & MAHE,KERALA,PALAKKAD,9.3,6.7,39.0,E,9.3,14.4,-35.0,D,2026-10-02 12:00:57.048971
2026-10-02,2026-10-01,2026-10-02,district,KERALA & MAHE,KERALA,PATHANAMTHITTA,25.0,11.3,121.0,LE,25.0,21.5,16.0,N,2026-10-02 12:00:57.048971
2026-10-02,2026-10-01,2026-10-02,district,KERALA & MAHE,KERALA,THIRUVANANTHAPURAM,15.7,7.4,112.0,LE,15.7,11.7,34.0,E,2026-10-02 12:00:57.048971
2026-10-02,2026-10-01,2026-10-02,district,KERALA & MAHE,KERALA,THRISSUR,16.5,9.1,82.0,LE,16.5,16.7,-1.0,N,2026-10-02 12:00:57.048971
2026-10-02,2026-10-01,2026-10-02,district,KERALA & MAHE,KERALA,WYNAD,3.7,9.2,-60.0,LD,3.7,15.7,-77.0,LD,2026-10-02 12:00:57.048971
2026-10-02,2026-10-01,2026-10-02,district,KONKAN & GOA,GOA,NORTH GOA,0.0,11.0,-100.0,NR,0.0,19.3,-100.0,NR,2026-10-02 12:00:57.048971
2026-10-02,2026-10-01,2026-10-02,district,KONKAN & GOA,GOA,SOUTH GOA,0.0,9.1,-100.0,NR,0.0,16.2,-100.0,NR,2026-10-02 12:00:57.048971
2026-10-02,2026-10-01,2026-10-02,district,KONKAN & GOA,MAHARASHTRA,MUMBAI CITY,0.0,7.4,-100.0,NR,0.0,12.0,-100.0,NR,2026-10-02 12:00:57.048971
2026-10-02,2026-10-01,2026-10-02,district,KONKAN & GOA,MAHARASHTRA,MUMBAI SUBURBAN,0.0,5.8,-100.0,NR,4.4,8.9,-51.0,D,2026-10-02 12:00:57.048971
2026-10-02,2026-10-01,2026-10-02,district,KONKAN & GOA,MAHARASHTRA,PALGHAR,0.0,4.1,-100.0,NR,2.3,8.2,-73.0,LD,2026-10-02 12:00:57.048971
2026-10-02,2026-10-01,2026-10-02,district,KONKAN & GOA,MAHARASHTRA,RAIGAD,0.0,9.5,-100.0,NR,3.9,14.9,-74.0,LD,2026-10-02 12:00:57.048971
2026-10-02,2026-10-01,2026-10-02,district,KONKAN & GOA,MAHARASHTRA,RATNAGIRI,0.2,7.8,-98.0,LD,0.2,13.8,-99.0,LD,2026-10-02 12:00:57.048971
2026-10-02,2026-10-01,2026-10-02,district,KONKAN & GOA,MAHARASHTRA,SINDHUDURG,0.0,8.2,-100.0,NR,0.1,17.1,-99.0,LD,2026-10-02 12:00:57.048971
2026-10-02,2026-10-01,2026-10-02,district,KONKAN & GOA,MAHARASHTRA,THANE,0.0,5.3,-100.0,NR,11.0,8.2,34.0,E,2026-10-02 12:00:57.048971
2026-10-02,2026-10-01,2026-10-02,district,LAKSHADWEEP,LAKSHADWEEP,LAKSHADWEEP,0.0,5.4,-100.0,NR,0.0,10.0,-100.0,NR,2026-10-02 12:00:57.048971
2026-10-02,2026-10-01,2026-10-02,district,MADHYA MAHARASHTRA,MAHARASHTRA,AHMEDNAGAR,0.0,4.0,-100.0,NR,0.5,7.5,-93.0,LD,2026-10-02 12:00:57.048971
2026-10-02,2026-10-01,2026-10-02,district,MADHYA MAHARASHTRA,MAHARASHTRA,DHULE,0.0,2.9,-100.0,NR,0.0,5.8,-100.0,NR,2026-10-02 12:00:57.048971
2026-10-02,2026-10-01,2026-10-02,district,MADHYA MAHARASHTRA,MAHARASHTRA,JALGAON,0.0,3.7,-100.0,NR,0.0,6.4,-100.0,NR,2026-10-02 12:00:57.048971
2026-10-02,2026-10-01,2026-10-02,district,MADHYA MAHARASHTRA,MAHARASHTRA,KOLHAPUR,1.1,7.4,-85.0,LD,7.1,14.0,-49.0,D,2026-10-02 12:00:57.048971
2026-10-02,2026-10-01,2026-10-02,district,MADHYA MAHARASHTRA,MAHARASHTRA,NANDURBAR,0.0,1.8,-100.0,NR,0.0,3.6,-100.0,NR,2026-10-02 12:00:57.048971
2026-10-02,2026-10-01,2026-10-02,district,MADHYA MAHARASHTRA,MAHARASHTRA,NASHIK,0.0,4.9,-100.0,NR,1.4,9.2,-85.0,LD,2026-10-02 12:00:57.048971
2026-10-02,2026-10-01,2026-10-02,district,MADHYA MAHARASHTRA,MAHARASHTRA,PUNE,0.0,5.3,-100.0,NR,0.4,9.3,-96.0,LD,2026-10-02 12:00:57.048971
2026-10-02,2026-10-01,2026-10-02,district,MADHYA MAHARASHTRA,MAHARASHTRA,SANGLI,0.0,5.6,-100.0,NR,3.9,12.1,-68.0,LD,2026-10-02 12:00:57.048971
2026-10-02,2026-10-01,2026-10-02,district,MADHYA MAHARASHTRA,MAHARASHTRA,SATARA,0.0,5.5,-100.0,NR,1.2,9.9,-87.0,LD,2026-10-02 12:00:57.048971
2026-10-02,2026-10-01,2026-10-02,district,MADHYA MAHARASHTRA,MAHARASHTRA,SHOLAPUR,0.0,4.6,-100.0,NR,0.0,9.3,-100.0,NR,2026-10-02 12:00:57.048971
2026-10-02,2026-10-01,2026-10-02,district,MARATHWADA,MAHARASHTRA,BEED,0.0,5.1,-100.0,NR,0.0,8.8,-100.0,NR,2026-10-02 12:00:57.048971
2026-10-02,2026-10-01,2026-10-02,district,MARATHWADA,MAHARASHTRA,CHHATRAPATI SAMBHAJINAGAR,0.0,3.7,-100.0,NR,0.0,5.9,-100.0,NR,2026-10-02 12:00:57.048971
2026-10-02,2026-10-01,2026-10-02,district,MARATHWADA,MAHARASHTRA,DHARASHIV,0.0,4.8,-100.0,NR,0.0,8.2,-100.0,NR,2026-10-02 12:00:57.048971
2026-10-02,2026-10-01,2026-10-02,district,MARATHWADA,MAHARASHTRA,HINGOLI,0.0,3.4,-100.0,NR,0.0,8.3,-100.0,NR,2026-10-02 12:00:57.048971
2026-10-02,2026-10-01,2026-10-02,district,MARATHWADA,MAHARASHTRA,JALNA,0.0,5.4,-100.0,NR,0.0,8.3,-100.0,NR,2026-10-02 12:00:57.048971
2026-10-02,2026-10-01,2026-10-02,district,MARATHWADA,MAHARASHTRA,LATUR,0.0,6.5,-100.0,NR,0.0,12.4,-100.0,NR,2026-10-02 12:00:57.048971
2026-10-02,2026-10-01,2026-10-02,district,MARATHWADA,MAHARASHTRA,NANDED,0.0,4.6,-100.0,NR,0.0,10.1,-100.0,NR,2026-10-02 12:00:57.048971
2026-10-02,2026-10-01,2026-10-02,district,MARATHWADA,MAHARASHTRA,PARBHANI,0.0,4.2,-100.0,NR,0.0,8.1,-100.0,NR,2026-10-02 12:00:57.048971
2026-10-02,2026-10-01,2026-10-02,district,N. I. KARNATAKA,KARNATAKA,BAGALKOTE,0.0,7.9,-100.0,NR,0.0,13.5,-100.0,NR,2026-10-02 12:00:57.048971
2026-10-02,2026-10-01,2026-10-02,district,N. I. KARNATAKA,KARNATAKA,BELAGAVI,0.0,7.7,-100.0,NR,3.3,13.8,-76.0,LD,2026-10-02 12:00:57.048971
2026-10-02,2026-10-01,2026-10-02,district,N. I. KARNATAKA,KARNATAKA,BIDAR,0.0,5.6,-100.0,NR,0.0,13.7,-100.0,NR,2026-10-02 12:00:57.048971
2026-10-02,2026-10-01,2026-10-02,district,N. I. KARNATAKA,KARNATAKA,DHARWAD,0.0,8.3,-100.0,NR,14.7,14.8,0.0,N,2026-10-02 12:00:57.048971
2026-10-02,2026-10-01,2026-10-02,district,N. I. KARNATAKA,KARNATAKA,GADAG,0.0,7.9,-100.0,NR,4.1,14.5,-72.0,LD,2026-10-02 12:00:57.048971
2026-10-02,2026-10-01,2026-10-02,district,N. I. KARNATAKA,KARNATAKA,HAVERI,0.0,5.8,-100.0,NR,3.0,12.0,-75.0,LD,2026-10-02 12:00:57.048971
2026-10-02,2026-10-01,2026-10-02,district,N. I. KARNATAKA,KARNATAKA,KALABURAGI,0.0,6.0,-100.0,NR,0.0,11.3,-100.0,NR,2026-10-02 12:00:57.048971
2026-10-02,2026-10-01,2026-10-02,district,N. I. KARNATAKA,KARNATAKA,KOPPAL,0.0,8.6,-100.0,NR,0.0,16.9,-100.0,NR,2026-10-02 12:00:57.048971
2026-10-02,2026-10-01,2026-10-02,district,N. I. KARNATAKA,KARNATAKA,RAICHUR,0.0,10.1,-100.0,NR,0.0,17.4,-100.0,NR,2026-10-02 12:00:57.048971
2026-10-02,2026-10-01,2026-10-02,district,N. I. KARNATAKA,KARNATAKA,VIJAYAPURA,0.1,7.3,-99.0,LD,0.1,14.2,-99.0,LD,2026-10-02 12:00:57.048971
2026-10-02,2026-10-01,2026-10-02,district,N. I. KARNATAKA,KARNATAKA,YADGIR,0.0,5.9,-100.0,NR,0.0,10.3,-100.0,NR,2026-10-02 12:00:57.048971
2026-10-02,2026-10-01,2026-10-02,district,NMMT,MANIPUR,BISHNUPUR,3.0,6.4,-53.0,D,3.0,10.0,-70.0,LD,2026-10-02 12:00:57.048971
2026-10-02,2026-10-01,2026-10-02,district,NMMT,MANIPUR,CHANDEL,20.1,6.4,214.0,LE,21.3,10.0,113.0,LE,2026-10-02 12:00:57.048971
2026-10-02,2026-10-01,2026-10-02,district,NMMT,MANIPUR,CHURACHANDPUR,10.0,6.4,56.0,E,10.0,10.0,0.0,N,2026-10-02 12:00:57.048971
2026-10-02,2026-10-01,2026-10-02,district,NMMT,MANIPUR,IMPHAL EAST,17.3,4.2,311.0,LE,36.1,7.9,357.0,LE,2026-10-02 12:00:57.048971
2026-10-02,2026-10-01,2026-10-02,district,NMMT,MANIPUR,IMPHAL WEST,21.3,8.4,154.0,LE,34.8,21.1,65.0,LE,2026-10-02 12:00:57.048971
2026-10-02,2026-10-01,2026-10-02,district,NMMT,MANIPUR,SENAPATI,11.0,5.2,112.0,LE,43.4,10.0,334.0,LE,2026-10-02 12:00:57.048971
2026-10-02,2026-10-01,2026-10-02,district,NMMT,MANIPUR,TAMENGLONG,20.5,22.2,-8.0,N,30.7,30.3,1.0,N,2026-10-02 12:00:57.048971
2026-10-02,2026-10-01,2026-10-02,district,NMMT,MANIPUR,THOUBAL,28.4,4.2,576.0,LE,28.8,7.9,265.0,LE,2026-10-02 12:00:57.048971
2026-10-02,2026-10-01,2026-10-02,district,NMMT,MANIPUR,UKHRUL,21.8,6.2,252.0,LE,47.0,9.8,380.0,LE,2026-10-02 12:00:57.048971
2026-10-02,2026-10-01,2026-10-02,district,NMMT,MIZORAM,AIZAWL,11.5,12.1,-5.0,N,52.4,21.6,142.0,LE,2026-10-02 12:00:57.048971
2026-10-02,2026-10-01,2026-10-02,district,NMMT,MIZORAM,CHAMPHAI,10.6,6.1,74.0,LE,49.5,14.2,249.0,LE,2026-10-02 12:00:57.048971
2026-10-02,2026-10-01,2026-10-02,district,NMMT,MIZORAM,KOLASIB,7.3,15.0,-51.0,D,65.2,31.9,104.0,LE,2026-10-02 12:00:57.048971
2026-10-02,2026-10-01,2026-10-02,district,NMMT,MIZORAM,LAWNGTLAI,4.0,5.7,-30.0,D,34.5,15.4,124.0,LE,2026-10-02 12:00:57.048971
2026-10-02,2026-10-01,2026-10-02,district,NMMT,MIZORAM,LUNGLEI,3.1,8.4,-64.0,LD,68.9,16.5,317.0,LE,2026-10-02 12:00:57.048971
2026-10-02,2026-10-01,2026-10-02,district,NMMT,MIZORAM,MAMIT,2.2,16.3,-87.0,LD,28.3,25.5,11.0,N,2026-10-02 12:00:57.048971
2026-10-02,2026-10-01,2026-10-02,district,NMMT,MIZORAM,SAIHA,20.2,13.9,45.0,E,154.6,26.8,477.0,LE,2026-10-02 12:00:57.048971
2026-10-02,2026-10-01,2026-10-02,district,NMMT,MIZORAM,SERCHHIP,4.4,6.2,-28.0,D,42.9,15.3,181.0,LE,2026-10-02 12:00:57.048971
2026-10-02,2026-10-01,2026-10-02,district,NMMT,NAGALAND,DIMAPUR,2.6,3.5,-27.0,D,7.9,6.7,17.0,N,2026-10-02 12:00:57.048971
2026-10-02,2026-10-01,2026-10-02,district,NMMT,NAGALAND,KIPHIRE,34.9,7.1,391.0,LE,40.0,9.4,326.0,LE,2026-10-02 12:00:57.048971
2026-10-02,2026-10-01,2026-10-02,district,NMMT,NAGALAND,KOHIMA,13.7,4.9,180.0,LE,32.4,7.9,311.0,LE,2026-10-02 12:00:57.048971
2026-10-02,2026-10-01,2026-10-02,district,NMMT,NAGALAND,MOKOKCHUNG,54.3,3.8,1328.0,LE,68.4,9.4,628.0,LE,2026-10-02 12:00:57.048971
2026-10-02,2026-10-01,2026-10-02,district,NMMT,NAGALAND,MON,38.8,4.8,708.0,LE,46.9,9.0,422.0,LE,2026-10-02 12:00:57.048971
2026-10-02,2026-10-01,2026-10-02,district,NMMT,NAGALAND,PEREN,13.0,3.7,251.0,LE,50.2,10.8,365.0,LE,2026-10-02 12:00:57.048971
2026-10-02,2026-10-01,2026-10-02,district,NMMT,NAGALAND,PHEK,24.8,6.1,307.0,LE,30.7,10.2,201.0,LE,2026-10-02 12:00:57.048971
2026-10-02,2026-10-01,2026-10-02,district,NMMT,NAGALAND,WOKHA,9.7,5.7,71.0,LE,26.3,10.4,153.0,LE,2026-10-02 12:00:57.048971
2026-10-02,2026-10-01,2026-10-02,district,NMMT,NAGALAND,ZUNHEBOTO,73.8,5.3,1292.0,LE,74.6,9.6,677.0,LE,2026-10-02 12:00:57.048971
2026-10-02,2026-10-01,2026-10-02,district,NMMT,TRIPURA,DHALAI,2.7,3.4,-20.0,D,2.7,8.1,-67.0,LD,2026-10-02 12:00:57.048971
2026-10-02,2026-10-01,2026-10-02,district,NMMT,TRIPURA,GOMATI,9.1,6.5,39.0,E,9.1,14.2,-36.0,D,2026-10-02 12:00:57.048971
2026-10-02,2026-10-01,2026-10-02,district,NMMT,TRIPURA,KHOWAI,13.3,5.5,142.0,LE,13.3,12.5,7.0,N,2026-10-02 12:00:57.048971
2026-10-02,2026-10-01,2026-10-02,district,NMMT,TRIPURA,NORTH TRIPURA,6.3,8.0,-21.0,D,13.3,13.7,-3.0,N,2026-10-02 12:00:57.048971
2026-10-02,2026-10-01,2026-10-02,district,NMMT,TRIPURA,SIPAHIJALA,4.3,14.1,-70.0,LD,7.9,18.6,-57.0,D,2026-10-02 12:00:57.048971
2026-10-02,2026-10-01,2026-10-02,district,NMMT,TRIPURA,SOUTH TRIPURA,3.1,5.8,-46.0,D,9.5,12.4,-23.0,D,2026-10-02 12:00:57.048971
2026-10-02,2026-10-01,2026-10-02,district,NMMT,TRIPURA,UNAKOTI,4.5,5.5,-17.0,N,4.6,10.9,-57.0,D,2026-10-02 12:00:57.048971
2026-10-02,2026-10-01,2026-10-02,district,NMMT,TRIPURA,WEST TRIPURA,3.8,5.5,-30.0,D,3.8,13.9,-72.0,LD,2026-10-02 12:00:57.048971
2026-10-02,2026-10-01,2026-10-02,district,ODISHA,ODISHA,ANGUL,0.0,4.1,-100.0,NR,0.0,9.3,-100.0,NR,2026-10-02 12:00:57.048971
2026-10-02,2026-10-01,2026-10-02,district,ODISHA,ODISHA,BALANGIR,0.0,2.8,-100.0,NR,0.0,6.7,-100.0,NR,2026-10-02 12:00:57.048971
2026-10-02,2026-10-01,2026-10-02,district,ODISHA,ODISHA,BALASORE,0.0,9.1,-100.0,NR,0.3,22.7,-99.0,LD,2026-10-02 12:00:57.048971
2026-10-02,2026-10-01,2026-10-02,district,ODISHA,ODISHA,BARGARH,0.0,2.9,-100.0,NR,0.0,4.9,-100.0,NR,2026-10-02 12:00:57.048971
2026-10-02,2026-10-01,2026-10-02,district,ODISHA,ODISHA,BHADRAK,0.0,6.4,-100.0,NR,1.9,13.8,-86.0,LD,2026-10-02 12:00:57.048971
2026-10-02,2026-10-01,2026-10-02,district,ODISHA,ODISHA,BOUDH,0.0,1.7,-100.0,NR,0.0,5.9,-100.0,NR,2026-10-02 12:00:57.048971
2026-10-02,2026-10-01,2026-10-02,district,ODISHA,ODISHA,CUTTACK,0.0,7.0,-100.0,NR,0.0,13.4,-100.0,NR,2026-10-02 12:00:57.048971
2026-10-02,2026-10-01,2026-10-02,district,ODISHA,ODISHA,DEOGARH,0.0,3.9,-100.0,NR,0.0,9.0,-100.0,NR,2026-10-02 12:00:57.048971
2026-10-02,2026-10-01,2026-10-02,district,ODISHA,ODISHA,DHENKANAL,0.0,6.4,-100.0,NR,0.0,11.4,-100.0,NR,2026-10-02 12:00:57.048971
2026-10-02,2026-10-01,2026-10-02,district,ODISHA,ODISHA,GAJAPATI,0.0,5.9,-100.0,NR,0.0,13.7,-100.0,NR,2026-10-02 12:00:57.048971
2026-10-02,2026-10-01,2026-10-02,district,ODISHA,ODISHA,GANJAM,0.0,7.5,-100.0,NR,0.0,16.7,-100.0,NR,2026-10-02 12:00:57.048971
2026-10-02,2026-10-01,2026-10-02,district,ODISHA,ODISHA,JAGATSINGHPUR,0.0,5.2,-100.0,NR,0.0,10.6,-100.0,NR,2026-10-02 12:00:57.048971
2026-10-02,2026-10-01,2026-10-02,district,ODISHA,ODISHA,JAJPUR,0.0,6.4,-100.0,NR,0.0,12.9,-100.0,NR,2026-10-02 12:00:57.048971
2026-10-02,2026-10-01,2026-10-02,district,ODISHA,ODISHA,JHARSUGUDA,0.0,2.6,-100.0,NR,0.0,6.5,-100.0,NR,2026-10-02 12:00:57.048971
2026-10-02,2026-10-01,2026-10-02,district,ODISHA,ODISHA,KALAHANDI,0.0,4.2,-100.0,NR,0.0,9.8,-100.0,NR,2026-10-02 12:00:57.048971
2026-10-02,2026-10-01,2026-10-02,district,ODISHA,ODISHA,KANDHAMAL,0.0,4.6,-100.0,NR,0.0,12.3,-100.0,NR,2026-10-02 12:00:57.048971
2026-10-02,2026-10-01,2026-10-02,district,ODISHA,ODISHA,KENDRAPARA,0.0,5.8,-100.0,NR,0.0,13.5,-100.0,NR,2026-10-02 12:00:57.048971
2026-10-02,2026-10-01,2026-10-02,district,ODISHA,ODISHA,KEONJHARGARH,0.0,5.1,-100.0,NR,0.0,11.8,-99.0,LD,2026-10-02 12:00:57.048971
2026-10-02,2026-10-01,2026-10-02,district,ODISHA,ODISHA,KHURDA,0.0,7.3,-100.0,NR,0.0,13.9,-100.0,NR,2026-10-02 12:00:57.048971
2026-10-02,2026-10-01,2026-10-02,district,ODISHA,ODISHA,KORAPUT,0.0,3.9,-100.0,NR,0.0,12.9,-100.0,NR,2026-10-02 12:00:57.048971
2026-10-02,2026-10-01,2026-10-02,district,ODISHA,ODISHA,MALKANGIRI,0.0,6.7,-100.0,NR,0.0,12.7,-100.0,NR,2026-10-02 12:00:57.048971
2026-10-02,2026-10-01,2026-10-02,district,ODISHA,ODISHA,MAYURBHANJ,0.0,6.9,-100.0,NR,0.6,14.8,-96.0,LD,2026-10-02 12:00:57.048971
2026-10-02,2026-10-01,2026-10-02,district,ODISHA,ODISHA,NAWAPARA,0.0,3.0,-100.0,NR,0.0,7.3,-100.0,NR,2026-10-02 12:00:57.048971
2026-10-02,2026-10-01,2026-10-02,district,ODISHA,ODISHA,NAWARANGPUR,0.0,5.3,-100.0,NR,0.9,13.4,-93.0,LD,2026-10-02 12:00:57.048971
2026-10-02,2026-10-01,2026-10-02,district,ODISHA,ODISHA,NAYAGARH,0.0,8.3,-100.0,NR,0.0,14.3,-100.0,NR,2026-10-02 12:00:57.048971
2026-10-02,2026-10-01,2026-10-02,district,ODISHA,ODISHA,PURI,0.0,7.4,-100.0,NR,0.0,13.8,-100.0,NR,2026-10-02 12:00:57.048971
2026-10-02,2026-10-01,2026-10-02,district,ODISHA,ODISHA,RAYAGADA,0.0,5.0,-100.0,NR,0.0,11.6,-100.0,NR,2026-10-02 12:00:57.048971
2026-10-02,2026-10-01,2026-10-02,district,ODISHA,ODISHA,SAMBALPUR,0.0,3.0,-100.0,NR,0.0,6.8,-100.0,NR,2026-10-02 12:00:57.048971
2026-10-02,2026-10-01,2026-10-02,district,ODISHA,ODISHA,SONEPUR,0.0,1.6,-100.0,NR,0.0,5.7,-100.0,NR,2026-10-02 12:00:57.048971
2026-10-02,2026-10-01,2026-10-02,district,ODISHA,ODISHA,SUNDARGARH,0.0,3.7,-100.0,NR,0.0,7.0,-100.0,NR,2026-10-02 12:00:57.048971
2026-10-02,2026-10-01,2026-10-02,district,PUNJAB,PUNJAB,AMRITSAR,0.1,0.3,-52.0,D,0.3,0.6,-52.0,D,2026-10-02 12:00:57.048971
2026-10-02,2026-10-01,2026-10-02,district,PUNJAB,PUNJAB,BARNALA,0.0,0.5,-100.0,NR,0.0,0.6,-100.0,NR,2026-10-02 12:00:57.048971
2026-10-02,2026-10-01,2026-10-02,district,PUNJAB,PUNJAB,BHATINDA,0.0,0.3,-100.0,NR,0.0,0.4,-100.0,NR,2026-10-02 12:00:57.048971
2026-10-02,2026-10-01,2026-10-02,district,PUNJAB,PUNJAB,FARIDKOT,0.0,0.4,-100.0,NR,0.0,0.6,-100.0,NR,2026-10-02 12:00:57.048971
2026-10-02,2026-10-01,2026-10-02,district,PUNJAB,PUNJAB,FATEHGARH SAHIB,0.0,0.1,-100.0,NR,0.0,0.9,-100.0,NR,2026-10-02 12:00:57.048971
2026-10-02,2026-10-01,2026-10-02,district,PUNJAB,PUNJAB,FAZILKA,0.0,0.0,-100.0,NR,0.0,0.0,-100.0,NR,2026-10-02 12:00:57.048971
2026-10-02,2026-10-01,2026-10-02,district,PUNJAB,PUNJAB,FEROZEPUR,0.0,0.0,-100.0,NR,0.0,0.2,-100.0,NR,2026-10-02 12:00:57.048971
2026-10-02,2026-10-01,2026-10-02,district,PUNJAB,PUNJAB,GURDASPUR,0.0,0.3,-100.0,NR,0.0,0.8,-100.0,NR,2026-10-02 12:00:57.048971
2026-10-02,2026-10-01,2026-10-02,district,PUNJAB,PUNJAB,HOSHIARPUR,0.0,0.4,-100.0,NR,0.0,0.5,-100.0,NR,2026-10-02 12:00:57.048971
2026-10-02,2026-10-01,2026-10-02,district,PUNJAB,PUNJAB,JALANDHAR,0.0,0.3,-100.0,NR,0.0,0.5,-100.0,NR,2026-10-02 12:00:57.048971
2026-10-02,2026-10-01,2026-10-02,district,PUNJAB,PUNJAB,KAPURTHALA,0.0,0.2,-100.0,NR,0.0,0.2,-100.0,NR,2026-10-02 12:00:57.048971
2026-10-02,2026-10-01,2026-10-02,district,PUNJAB,PUNJAB,LUDHIANA,0.0,0.2,-100.0,NR,0.0,0.3,-100.0,NR,2026-10-02 12:00:57.048971
2026-10-02,2026-10-01,2026-10-02,district,PUNJAB,PUNJAB,MANSA,0.0,0.9,-100.0,NR,0.0,1.2,-100.0,NR,2026-10-02 12:00:57.048971
2026-10-02,2026-10-01,2026-10-02,district,PUNJAB,PUNJAB,MOGA,0.0,0.2,-100.0,NR,0.0,0.2,-100.0,NR,2026-10-02 12:00:57.048971
2026-10-02,2026-10-01,2026-10-02,district,PUNJAB,PUNJAB,MUKTSAR,0.0,0.3,-100.0,NR,0.0,0.6,-100.0,NR,2026-10-02 12:00:57.048971
2026-10-02,2026-10-01,2026-10-02,district,PUNJAB,PUNJAB,PATHANKOT,0.0,0.2,-100.0,NR,0.0,0.4,-100.0,NR,2026-10-02 12:00:57.048971
2026-10-02,2026-10-01,2026-10-02,district,PUNJAB,PUNJAB,PATIALA,0.0,0.6,-100.0,NR,0.0,0.8,-100.0,NR,2026-10-02 12:00:57.048971
2026-10-02,2026-10-01,2026-10-02,district,PUNJAB,PUNJAB,RUPNAGAR,0.0,0.4,-100.0,NR,0.0,1.3,-100.0,NR,2026-10-02 12:00:57.048971
2026-10-02,2026-10-01,2026-10-02,district,PUNJAB,PUNJAB,SANGRUR,0.0,0.7,-100.0,NR,0.0,0.8,-100.0,NR,2026-10-02 12:00:57.048971
2026-10-02,2026-10-01,2026-10-02,district,PUNJAB,PUNJAB,SAS NAGAR (MOHALI),0.0,0.2,-100.0,NR,0.0,0.2,-100.0,NR,2026-10-02 12:00:57.048971
2026-10-02,2026-10-01,2026-10-02,district,PUNJAB,PUNJAB,SBS NAGAR,0.0,0.2,-100.0,NR,0.0,0.2,-100.0,NR,2026-10-02 12:00:57.048971
2026-10-02,2026-10-01,2026-10-02,district,PUNJAB,PUNJAB,TARN TARAN,0.0,0.0,-100.0,NR,0.0,0.1,-100.0,NR,2026-10-02 12:00:57.048971
2026-10-02,2026-10-01,2026-10-02,district,RAYALASEEMA,ANDHRA PRADESH,ANANTAPURAMU,0.0,6.7,-100.0,NR,3.3,12.0,-73.0,LD,2026-10-02 12:00:57.048971
2026-10-02,2026-10-01,2026-10-02,district,RAYALASEEMA,ANDHRA PRADESH,ANNAMAYYA DISTRICT,0.0,3.7,-100.0,NR,2.8,8.9,-68.0,LD,2026-10-02 12:00:57.048971
2026-10-02,2026-10-01,2026-10-02,district,RAYALASEEMA,ANDHRA PRADESH,CHITTOOR,0.0,4.8,-100.0,NR,10.2,14.4,-29.0,D,2026-10-02 12:00:57.048971
2026-10-02,2026-10-01,2026-10-02,district,RAYALASEEMA,ANDHRA PRADESH,KURNOOL,0.0,9.4,-100.0,NR,0.0,18.8,-100.0,NR,2026-10-02 12:00:57.048971
2026-10-02,2026-10-01,2026-10-02,district,RAYALASEEMA,ANDHRA PRADESH,NANDYAL,0.0,7.1,-100.0,NR,0.3,15.2,-98.0,LD,2026-10-02 12:00:57.048971
2026-10-02,2026-10-01,2026-10-02,district,RAYALASEEMA,ANDHRA PRADESH,SRI SATHYASAI DISTRICT,0.0,5.8,-100.0,NR,2.3,11.5,-80.0,LD,2026-10-02 12:00:57.048971
2026-10-02,2026-10-01,2026-10-02,district,RAYALASEEMA,ANDHRA PRADESH,TIRUPATI,0.0,3.2,-100.0,NR,0.0,9.5,-100.0,NR,2026-10-02 12:00:57.048971
2026-10-02,2026-10-01,2026-10-02,district,RAYALASEEMA,ANDHRA PRADESH,YSR DISTRICT,0.0,5.3,-100.0,NR,0.0,11.3,-100.0,NR,2026-10-02 12:00:57.048971
2026-10-02,2026-10-01,2026-10-02,district,S. I. KARNATAKA,KARNATAKA,BALLARI,0.0,8.5,-100.0,NR,0.0,15.3,-100.0,NR,2026-10-02 12:00:57.048971
2026-10-02,2026-10-01,2026-10-02,district,S. I. KARNATAKA,KARNATAKA,BENGALURU RURAL,0.0,8.1,-100.0,NR,21.3,16.1,32.0,E,2026-10-02 12:00:57.048971
2026-10-02,2026-10-01,2026-10-02,district,S. I. KARNATAKA,KARNATAKA,BENGALURU URBAN,1.6,7.1,-77.0,LD,9.2,16.1,-43.0,D,2026-10-02 12:00:57.048971
2026-10-02,2026-10-01,2026-10-02,district,S. I. KARNATAKA,KARNATAKA,CHAMARAJANAGAR,0.0,8.0,-100.0,NR,13.8,14.3,-3.0,N,2026-10-02 12:00:57.048971
2026-10-02,2026-10-01,2026-10-02,district,S. I. KARNATAKA,KARNATAKA,CHIKABALLAPURA,0.0,7.1,-100.0,NR,0.0,14.3,-100.0,NR,2026-10-02 12:00:57.048971
2026-10-02,2026-10-01,2026-10-02,district,S. I. KARNATAKA,KARNATAKA,CHIKKAMAGALURU,0.4,9.1,-96.0,LD,2.5,15.8,-84.0,LD,2026-10-02 12:00:57.048971
2026-10-02,2026-10-01,2026-10-02,district,S. I. KARNATAKA,KARNATAKA,CHITRADURGA,0.0,6.7,-100.0,NR,0.0,12.8,-100.0,NR,2026-10-02 12:00:57.048971
2026-10-02,2026-10-01,2026-10-02,district,S. I. KARNATAKA,KARNATAKA,DAVANGERE,0.0,7.3,-100.0,NR,1.1,13.3,-91.0,LD,2026-10-02 12:00:57.048971
2026-10-02,2026-10-01,2026-10-02,district,S. I. KARNATAKA,KARNATAKA,HASSAN,5.5,8.3,-34.0,D,24.7,13.1,89.0,LE,2026-10-02 12:00:57.048971
2026-10-02,2026-10-01,2026-10-02,district,S. I. KARNATAKA,KARNATAKA,KODAGU,17.6,10.4,69.0,LE,18.5,18.5,0.0,N,2026-10-02 12:00:57.048971
2026-10-02,2026-10-01,2026-10-02,district,S. I. KARNATAKA,KARNATAKA,KOLAR,0.0,7.1,-100.0,NR,6.5,15.4,-58.0,D,2026-10-02 12:00:57.048971
2026-10-02,2026-10-01,2026-10-02,district,S. I. KARNATAKA,KARNATAKA,MANDYA,0.8,8.5,-90.0,LD,6.4,14.4,-55.0,D,2026-10-02 12:00:57.048971
2026-10-02,2026-10-01,2026-10-02,district,S. I. KARNATAKA,KARNATAKA,MYSURU,0.0,6.4,-100.0,NR,7.5,10.6,-30.0,D,2026-10-02 12:00:57.048971
2026-10-02,2026-10-01,2026-10-02,district,S. I. KARNATAKA,KARNATAKA,SHIVAMOGGA,0.0,7.2,-100.0,NR,0.2,13.8,-98.0,LD,2026-10-02 12:00:57.048971
2026-10-02,2026-10-01,2026-10-02,district,S. I. KARNATAKA,KARNATAKA,TUMAKURU,0.0,8.5,-100.0,NR,0.0,15.2,-100.0,NR,2026-10-02 12:00:57.048971
2026-10-02,2026-10-01,2026-10-02,district,S. I. KARNATAKA,KARNATAKA,VIJAYANAGARA,0.0,8.1,-100.0,NR,0.9,16.6,-94.0,LD,2026-10-02 12:00:57.048971
2026-10-02,2026-10-01,2026-10-02,district,SAURASHTRA & KUTCH,DADRA & NAGAR HAVELI AND DAMAN & DIU (UT),DIU,0.0,0.2,-100.0,NR,0.0,0.7,-100.0,NR,2026-10-02 12:00:57.048971
2026-10-02,2026-10-01,2026-10-02,district,SAURASHTRA & KUTCH,GUJARAT,AMRELI,0.0,1.5,-100.0,NR,0.2,3.9,-96.0,LD,2026-10-02 12:00:57.048971
2026-10-02,2026-10-01,2026-10-02,district,SAURASHTRA & KUTCH,GUJARAT,BHAVNAGAR,0.0,1.4,-100.0,NR,0.0,2.7,-100.0,NR,2026-10-02 12:00:57.048971
2026-10-02,2026-10-01,2026-10-02,district,SAURASHTRA & KUTCH,GUJARAT,BOTAD,0.0,1.7,-100.0,NR,0.0,4.1,-100.0,NR,2026-10-02 12:00:57.048971
2026-10-02,2026-10-01,2026-10-02,district,SAURASHTRA & KUTCH,GUJARAT,DEVBHOOMI DWARKA,0.0,1.5,-100.0,NR,0.0,1.9,-100.0,NR,2026-10-02 12:00:57.048971
2026-10-02,2026-10-01,2026-10-02,district,SAURASHTRA & KUTCH,GUJARAT,GIR SOMNATH,1.7,1.2,39.0,E,5.8,2.5,133.0,LE,2026-10-02 12:00:57.048971
2026-10-02,2026-10-01,2026-10-02,district,SAURASHTRA & KUTCH,GUJARAT,JAMNAGAR,0.0,1.4,-100.0,NR,3.2,2.6,22.0,E,2026-10-02 12:00:57.048971
2026-10-02,2026-10-01,2026-10-02,district,SAURASHTRA & KUTCH,GUJARAT,JUNAGADH,0.0,1.9,-100.0,NR,3.4,3.6,-4.0,N,2026-10-02 12:00:57.048971
2026-10-02,2026-10-01,2026-10-02,district,SAURASHTRA & KUTCH,GUJARAT,KUTCH,0.0,0.2,-100.0,NR,0.0,0.8,-100.0,NR,2026-10-02 12:00:57.048971
2026-10-02,2026-10-01,2026-10-02,district,SAURASHTRA & KUTCH,GUJARAT,MORBI,0.0,0.7,-100.0,NR,0.0,2.6,-100.0,NR,2026-10-02 12:00:57.048971
2026-10-02,2026-10-01,2026-10-02,district,SAURASHTRA & KUTCH,GUJARAT,PORBANDAR,0.0,1.6,-100.0,NR,0.0,3.3,-100.0,NR,2026-10-02 12:00:57.048971
2026-10-02,2026-10-01,2026-10-02,district,SAURASHTRA & KUTCH,GUJARAT,RAJKOT,0.0,1.0,-100.0,NR,0.0,2.5,-100.0,NR,2026-10-02 12:00:57.048971
2026-10-02,2026-10-01,2026-10-02,district,SAURASHTRA & KUTCH,GUJARAT,SURENDRANAGAR,0.0,0.5,-100.0,NR,0.0,2.1,-100.0,NR,2026-10-02 12:00:57.048971
2026-10-02,2026-10-01,2026-10-02,district,SHWB & SIKKIM,SIKKIM,GANGTOK,0.0,11.5,-100.0,NR,0.0,19.4,-100.0,NR,2026-10-02 12:00:57.048971
2026-10-02,2026-10-01,2026-10-02,district,SHWB & SIKKIM,SIKKIM,GYALSHING,0.0,7.8,-100.0,NR,0.0,18.6,-100.0,NR,2026-10-02 12:00:57.048971
2026-10-02,2026-10-01,2026-10-02,district,SHWB & SIKKIM,SIKKIM,MANGAN,1.9,8.9,-78.0,LD,1.9,17.1,-89.0,LD,2026-10-02 12:00:57.048971
2026-10-02,2026-10-01,2026-10-02,district,SHWB & SIKKIM,SIKKIM,NAMCHI,0.0,4.4,-100.0,NR,0.0,8.3,-100.0,NR,2026-10-02 12:00:57.048971
2026-10-02,2026-10-01,2026-10-02,district,SHWB & SIKKIM,SIKKIM,Pakyong,0.0,5.9,-100.0,NR,0.0,12.2,-100.0,NR,2026-10-02 12:00:57.048971
2026-10-02,2026-10-01,2026-10-02,district,SHWB & SIKKIM,SIKKIM,Soreng,1.0,7.8,-87.0,LD,1.0,18.6,-95.0,LD,2026-10-02 12:00:57.048971
2026-10-02,2026-10-01,2026-10-02,district,SHWB & SIKKIM,WEST BENGAL,ALIPURDUAR,0.0,8.0,-100.0,NR,0.0,18.1,-100.0,NR,2026-10-02 12:00:57.048971
2026-10-02,2026-10-01,2026-10-02,district,SHWB & SIKKIM,WEST BENGAL,COOCH BEHAR,0.0,11.7,-100.0,NR,0.0,19.6,-100.0,NR,2026-10-02 12:00:57.048971
2026-10-02,2026-10-01,2026-10-02,district,SHWB & SIKKIM,WEST BENGAL,DARJEELING,0.0,7.9,-100.0,NR,0.0,18.1,-100.0,NR,2026-10-02 12:00:57.048971
2026-10-02,2026-10-01,2026-10-02,district,SHWB & SIKKIM,WEST BENGAL,JALPAIGURI,0.5,10.6,-95.0,LD,0.5,22.8,-98.0,LD,2026-10-02 12:00:57.048971
2026-10-02,2026-10-01,2026-10-02,district,SHWB & SIKKIM,WEST BENGAL,KALIMPONG,2.8,9.8,-72.0,LD,2.8,18.2,-85.0,LD,2026-10-02 12:00:57.048971
2026-10-02,2026-10-01,2026-10-02,district,SHWB & SIKKIM,WEST BENGAL,MALDA,0.0,7.2,-100.0,NR,0.0,12.1,-100.0,NR,2026-10-02 12:00:57.048971
2026-10-02,2026-10-01,2026-10-02,district,SHWB & SIKKIM,WEST BENGAL,NORTH DINAJPUR,0.0,5.8,-100.0,NR,0.0,22.4,-100.0,NR,2026-10-02 12:00:57.048971
2026-10-02,2026-10-01,2026-10-02,district,SHWB & SIKKIM,WEST BENGAL,SOUTH DINAJPUR,0.0,1.9,-100.0,NR,0.0,6.8,-100.0,NR,2026-10-02 12:00:57.048971
2026-10-02,2026-10-01,2026-10-02,district,TAMIL. PUDU.& KARAIKAL,PUDUCHERRY (UT),KARAIKAL,0.0,1.9,-100.0,NR,26.2,4.3,509.0,LE,2026-10-02 12:00:57.048971
2026-10-02,2026-10-01,2026-10-02,district,TAMIL. PUDU.& KARAIKAL,PUDUCHERRY (UT),PUDUCHERRY,0.0,2.2,-100.0,NR,0.0,9.8,-100.0,NR,2026-10-02 12:00:57.048971
2026-10-02,2026-10-01,2026-10-02,district,TAMIL. PUDU.& KARAIKAL,TAMILNADU,ARIYALUR,0.0,2.3,-100.0,NR,6.3,6.5,-3.0,N,2026-10-02 12:00:57.048971
2026-10-02,2026-10-01,2026-10-02,district,TAMIL. PUDU.& KARAIKAL,TAMILNADU,CHENGALPATTU,0.0,3.2,-100.0,NR,0.0,9.8,-100.0,NR,2026-10-02 12:00:57.048971
2026-10-02,2026-10-01,2026-10-02,district,TAMIL. PUDU.& KARAIKAL,TAMILNADU,CHENNAI,0.0,2.8,-100.0,NR,0.0,12.1,-100.0,NR,2026-10-02 12:00:57.048971
2026-10-02,2026-10-01,2026-10-02,district,TAMIL. PUDU.& KARAIKAL,TAMILNADU,COIMBATORE,11.7,3.8,207.0,LE,14.5,8.6,68.0,LE,2026-10-02 12:00:57.048971
2026-10-02,2026-10-01,2026-10-02,district,TAMIL. PUDU.& KARAIKAL,TAMILNADU,CUDDALORE,0.0,3.2,-100.0,NR,5.7,7.4,-23.0,D,2026-10-02 12:00:57.048971
2026-10-02,2026-10-01,2026-10-02,district,TAMIL. PUDU.& KARAIKAL,TAMILNADU,DHARMAPURI,0.0,6.0,-100.0,NR,6.9,14.0,-51.0,D,2026-10-02 12:00:57.048971
2026-10-02,2026-10-01,2026-10-02,district,TAMIL. PUDU.& KARAIKAL,TAMILNADU,DINDIGUL,0.0,5.1,-100.0,NR,6.5,9.1,-29.0,D,2026-10-02 12:00:57.048971
2026-10-02,2026-10-01,2026-10-02,district,TAMIL. PUDU.& KARAIKAL,TAMILNADU,ERODE,0.7,5.4,-86.0,LD,8.0,9.4,-14.0,N,2026-10-02 12:00:57.048971
2026-10-02,2026-10-01,2026-10-02,district,TAMIL. PUDU.& KARAIKAL,TAMILNADU,KALLAKURICHI,0.0,2.8,-100.0,NR,23.6,7.7,207.0,LE,2026-10-02 12:00:57.048971
2026-10-02,2026-10-01,2026-10-02,district,TAMIL. PUDU.& KARAIKAL,TAMILNADU,KANCHEEPURAM,0.3,3.4,-90.0,LD,0.3,14.4,-98.0,LD,2026-10-02 12:00:57.048971
2026-10-02,2026-10-01,2026-10-02,district,TAMIL. PUDU.& KARAIKAL,TAMILNADU,KANYAKUMARI,13.5,6.1,121.0,LE,13.5,10.6,27.0,E,2026-10-02 12:00:57.048971
2026-10-02,2026-10-01,2026-10-02,district,TAMIL. PUDU.& KARAIKAL,TAMILNADU,KARUR,1.3,4.6,-73.0,LD,12.2,7.9,55.0,E,2026-10-02 12:00:57.048971
2026-10-02,2026-10-01,2026-10-02,district,TAMIL. PUDU.& KARAIKAL,TAMILNADU,KRISHNAGIRI,0.0,7.3,-100.0,NR,15.5,16.3,-5.0,N,2026-10-02 12:00:57.048971
2026-10-02,2026-10-01,2026-10-02,district,TAMIL. PUDU.& KARAIKAL,TAMILNADU,MADURAI,3.6,5.0,-27.0,D,4.4,9.8,-55.0,D,2026-10-02 12:00:57.048971
2026-10-02,2026-10-01,2026-10-02,district,TAMIL. PUDU.& KARAIKAL,TAMILNADU,MAYILADUTHURAI,0.0,2.2,-100.0,NR,7.3,5.5,32.0,E,2026-10-02 12:00:57.048971
2026-10-02,2026-10-01,2026-10-02,district,TAMIL. PUDU.& KARAIKAL,TAMILNADU,NAGAPATTINAM,0.0,2.6,-100.0,NR,1.0,5.4,-81.0,LD,2026-10-02 12:00:57.048971
2026-10-02,2026-10-01,2026-10-02,district,TAMIL. PUDU.& KARAIKAL,TAMILNADU,NAMAKKAL,0.4,5.2,-92.0,LD,13.2,9.2,43.0,E,2026-10-02 12:00:57.048971
2026-10-02,2026-10-01,2026-10-02,district,TAMIL. PUDU.& KARAIKAL,TAMILNADU,NILGIRIS,3.3,6.9,-52.0,D,7.0,12.7,-45.0,D,2026-10-02 12:00:57.048971
2026-10-02,2026-10-01,2026-10-02,district,TAMIL. PUDU.& KARAIKAL,TAMILNADU,PERAMBALUR,0.0,1.9,-100.0,NR,18.9,4.7,302.0,LE,2026-10-02 12:00:57.048971
2026-10-02,2026-10-01,2026-10-02,district,TAMIL. PUDU.& KARAIKAL,TAMILNADU,PUDUKKOTTAI,0.0,3.6,-100.0,NR,7.9,7.1,11.0,N,2026-10-02 12:00:57.048971
2026-10-02,2026-10-01,2026-10-02,district,TAMIL. PUDU.& KARAIKAL,TAMILNADU,RAMANATHAPURAM,2.2,3.2,-33.0,D,3.4,6.6,-49.0,D,2026-10-02 12:00:57.048971
2026-10-02,2026-10-01,2026-10-02,district,TAMIL. PUDU.& KARAIKAL,TAMILNADU,RANIPET,0.0,2.7,-100.0,NR,1.6,10.6,-85.0,LD,2026-10-02 12:00:57.048971
2026-10-02,2026-10-01,2026-10-02,district,TAMIL. PUDU.& KARAIKAL,TAMILNADU,SALEM,0.0,5.4,-100.0,NR,2.0,10.3,-80.0,LD,2026-10-02 12:00:57.048971
2026-10-02,2026-10-01,2026-10-02,district,TAMIL. PUDU.& KARAIKAL,TAMILNADU,SIVAGANGA,0.0,4.7,-100.0,NR,2.4,8.5,-72.0,LD,2026-10-02 12:00:57.048971
2026-10-02,2026-10-01,2026-10-02,district,TAMIL. PUDU.& KARAIKAL,TAMILNADU,TENKASI,15.8,2.9,444.0,LE,15.8,5.2,203.0,LE,2026-10-02 12:00:57.048971
2026-10-02,2026-10-01,2026-10-02,district,TAMIL. PUDU.& KARAIKAL,TAMILNADU,THANJAVUR,0.0,4.7,-100.0,NR,5.9,8.1,-27.0,D,2026-10-02 12:00:57.048971
2026-10-02,2026-10-01,2026-10-02,district,TAMIL. PUDU.& KARAIKAL,TAMILNADU,THENI,10.0,4.3,132.0,LE,13.5,9.6,41.0,E,2026-10-02 12:00:57.048971
2026-10-02,2026-10-01,2026-10-02,district,TAMIL. PUDU.& KARAIKAL,TAMILNADU,THIRUCHIRAPALLI,0.0,4.6,-100.0,NR,8.4,8.4,-1.0,N,2026-10-02 12:00:57.048971
2026-10-02,2026-10-01,2026-10-02,district,TAMIL. PUDU.& KARAIKAL,TAMILNADU,THIRUVALLUR,0.0,2.0,-100.0,NR,0.0,8.7,-100.0,NR,2026-10-02 12:00:57.048971
2026-10-02,2026-10-01,2026-10-02,district,TAMIL. PUDU.& KARAIKAL,TAMILNADU,THOOTHUKUDI,1.7,2.3,-27.0,D,1.9,3.0,-36.0,D,2026-10-02 12:00:57.048971
2026-10-02,2026-10-01,2026-10-02,district,TAMIL. PUDU.& KARAIKAL,TAMILNADU,TIRUNELVELI,4.3,1.9,125.0,LE,4.9,2.9,68.0,LE,2026-10-02 12:00:57.048971
2026-10-02,2026-10-01,2026-10-02,district,TAMIL. PUDU.& KARAIKAL,TAMILNADU,TIRUPATTUR,0.0,4.5,-100.0,NR,7.1,12.3,-42.0,D,2026-10-02 12:00:57.048971
2026-10-02,2026-10-01,2026-10-02,district,TAMIL. PUDU.& KARAIKAL,TAMILNADU,TIRUPPUR,0.2,4.0,-94.0,LD,5.3,7.9,-33.0,D,2026-10-02 12:00:57.048971
2026-10-02,2026-10-01,2026-10-02,district,TAMIL. PUDU.& KARAIKAL,TAMILNADU,TIRUVANNAMALAI,0.0,4.1,-100.0,NR,18.2,11.7,56.0,E,2026-10-02 12:00:57.048971
2026-10-02,2026-10-01,2026-10-02,district,TAMIL. PUDU.& KARAIKAL,TAMILNADU,TIRUVARUR,0.0,4.8,-100.0,NR,4.6,8.0,-42.0,D,2026-10-02 12:00:57.048971
2026-10-02,2026-10-01,2026-10-02,district,TAMIL. PUDU.& KARAIKAL,TAMILNADU,VELLORE,0.0,3.5,-100.0,NR,6.3,10.0,-37.0,D,2026-10-02 12:00:57.048971
2026-10-02,2026-10-01,2026-10-02,district,TAMIL. PUDU.& KARAIKAL,TAMILNADU,VILLUPURAM,0.0,2.4,-100.0,NR,7.2,10.5,-31.0,D,2026-10-02 12:00:57.048971
2026-10-02,2026-10-01,2026-10-02,district,TAMIL. PUDU.& KARAIKAL,TAMILNADU,VIRUDHUNAGAR,14.1,2.5,465.0,LE,22.1,5.2,324.0,LE,2026-10-02 12:00:57.048971
2026-10-02,2026-10-01,2026-10-02,district,TELANGANA,TELANGANA,ADILABAD,0.0,3.7,-100.0,NR,0.0,7.0,-100.0,NR,2026-10-02 12:00:57.048971
2026-10-02,2026-10-01,2026-10-02,district,TELANGANA,TELANGANA,B. KOTHAGUDEM,0.0,6.9,-100.0,NR,0.0,12.2,-100.0,NR,2026-10-02 12:00:57.048971
2026-10-02,2026-10-01,2026-10-02,district,TELANGANA,TELANGANA,HANUMAKONDA,0.0,5.1,-99.0,LD,0.0,8.7,-99.0,LD,2026-10-02 12:00:57.048971
2026-10-02,2026-10-01,2026-10-02,district,TELANGANA,TELANGANA,HYDERABAD,0.0,4.1,-100.0,NR,0.0,8.6,-99.0,LD,2026-10-02 12:00:57.048971
2026-10-02,2026-10-01,2026-10-02,district,TELANGANA,TELANGANA,J. BHUPALPALLY,0.0,5.5,-100.0,NR,0.0,8.0,-100.0,NR,2026-10-02 12:00:57.048971
2026-10-02,2026-10-01,2026-10-02,district,TELANGANA,TELANGANA,JAGTIAL,0.0,5.1,-100.0,NR,0.0,9.4,-100.0,NR,2026-10-02 12:00:57.048971
2026-10-02,2026-10-01,2026-10-02,district,TELANGANA,TELANGANA,JANGAON,0.0,7.8,-100.0,NR,0.0,13.8,-99.0,LD,2026-10-02 12:00:57.048971
2026-10-02,2026-10-01,2026-10-02,district,TELANGANA,TELANGANA,JOGULAMBA GADWAL,0.0,6.7,-100.0,NR,0.0,15.2,-100.0,NR,2026-10-02 12:00:57.048971
2026-10-02,2026-10-01,2026-10-02,district,TELANGANA,TELANGANA,KAMAREDDY,0.0,5.7,-100.0,NR,0.0,11.7,-100.0,NR,2026-10-02 12:00:57.048971
2026-10-02,2026-10-01,2026-10-02,district,TELANGANA,TELANGANA,KARIMNAGAR,0.0,6.0,-100.0,NR,0.0,9.7,-100.0,NR,2026-10-02 12:00:57.048971
2026-10-02,2026-10-01,2026-10-02,district,TELANGANA,TELANGANA,KHAMMAM,0.0,9.1,-99.0,LD,0.2,14.8,-98.0,LD,2026-10-02 12:00:57.048971
2026-10-02,2026-10-01,2026-10-02,district,TELANGANA,TELANGANA,KUMARAM BHEEM,0.1,7.4,-99.0,LD,0.1,10.1,-99.0,LD,2026-10-02 12:00:57.048971
2026-10-02,2026-10-01,2026-10-02,district,TELANGANA,TELANGANA,M. MALKAJGIRI,0.0,4.9,-100.0,NR,0.0,12.1,-100.0,NR,2026-10-02 12:00:57.048971
2026-10-02,2026-10-01,2026-10-02,district,TELANGANA,TELANGANA,MAHABUBABAD,0.0,6.3,-99.0,LD,0.1,12.4,-99.0,LD,2026-10-02 12:00:57.048971
2026-10-02,2026-10-01,2026-10-02,district,TELANGANA,TELANGANA,MAHABUBNAGAR,0.0,6.7,-100.0,NR,0.0,14.7,-100.0,NR,2026-10-02 12:00:57.048971
2026-10-02,2026-10-01,2026-10-02,district,TELANGANA,TELANGANA,MANCHERIAL,0.2,5.6,-97.0,LD,0.4,8.3,-95.0,LD,2026-10-02 12:00:57.048971
2026-10-02,2026-10-01,2026-10-02,district,TELANGANA,TELANGANA,MEDAK,0.0,7.1,-99.0,LD,0.1,13.6,-99.0,LD,2026-10-02 12:00:57.048971
2026-10-02,2026-10-01,2026-10-02,district,TELANGANA,TELANGANA,MULUGU,0.0,5.5,-100.0,NR,0.0,11.2,-100.0,NR,2026-10-02 12:00:57.048971
2026-10-02,2026-10-01,2026-10-02,district,TELANGANA,TELANGANA,NAGARKURNOOL,0.0,5.5,-100.0,NR,0.1,16.1,-99.0,LD,2026-10-02 12:00:57.048971
2026-10-02,2026-10-01,2026-10-02,district,TELANGANA,TELANGANA,NALGONDA,0.0,3.9,-100.0,NR,0.1,8.5,-99.0,LD,2026-10-02 12:00:57.048971
2026-10-02,2026-10-01,2026-10-02,district,TELANGANA,TELANGANA,NARAYANPET,0.0,6.7,-100.0,NR,0.0,10.6,-100.0,NR,2026-10-02 12:00:57.048971
2026-10-02,2026-10-01,2026-10-02,district,TELANGANA,TELANGANA,NIRMAL,0.0,4.1,-100.0,NR,0.0,8.4,-99.0,LD,2026-10-02 12:00:57.048971
2026-10-02,2026-10-01,2026-10-02,district,TELANGANA,TELANGANA,NIZAMABAD,0.0,4.5,-100.0,NR,0.0,9.5,-100.0,NR,2026-10-02 12:00:57.048971
2026-10-02,2026-10-01,2026-10-02,district,TELANGANA,TELANGANA,PEDDAPALLE,0.0,5.9,-99.0,LD,0.0,10.5,-99.0,LD,2026-10-02 12:00:57.048971
2026-10-02,2026-10-01,2026-10-02,district,TELANGANA,TELANGANA,RAJANNA SIRCILLA,1.9,6.5,-70.0,LD,17.8,9.7,84.0,LE,2026-10-02 12:00:57.048971
2026-10-02,2026-10-01,2026-10-02,district,TELANGANA,TELANGANA,RANGAREDDY,0.0,3.9,-99.0,LD,0.0,10.3,-99.0,LD,2026-10-02 12:00:57.048971
2026-10-02,2026-10-01,2026-10-02,district,TELANGANA,TELANGANA,SANGAREDDY,0.0,6.9,-99.0,LD,0.0,12.8,-99.0,LD,2026-10-02 12:00:57.048971
2026-10-02,2026-10-01,2026-10-02,district,TELANGANA,TELANGANA,SIDDIPET,0.0,6.5,-99.0,LD,0.0,11.5,-99.0,LD,2026-10-02 12:00:57.048971
2026-10-02,2026-10-01,2026-10-02,district,TELANGANA,TELANGANA,SURYAPET,0.0,7.4,-100.0,NR,0.0,10.6,-99.0,LD,2026-10-02 12:00:57.048971
2026-10-02,2026-10-01,2026-10-02,district,TELANGANA,TELANGANA,VIKARABAD,0.0,5.0,-100.0,NR,0.0,12.7,-99.0,LD,2026-10-02 12:00:57.048971
2026-10-02,2026-10-01,2026-10-02,district,TELANGANA,TELANGANA,WANAPARTHY,0.0,8.2,-99.0,LD,0.0,18.0,-99.0,LD,2026-10-02 12:00:57.048971
2026-10-02,2026-10-01,2026-10-02,district,TELANGANA,TELANGANA,WARANGAL,0.0,4.9,-100.0,NR,0.0,9.7,-100.0,NR,2026-10-02 12:00:57.048971
2026-10-02,2026-10-01,2026-10-02,district,TELANGANA,TELANGANA,Y. BHUVANAGIRI,0.0,7.0,-100.0,NR,0.0,11.3,-100.0,NR,2026-10-02 12:00:57.048971
2026-10-02,2026-10-01,2026-10-02,district,UTTARAKHAND,UTTARAKHAND,ALMORA,0.0,0.7,-100.0,NR,1.0,2.0,-50.0,D,2026-10-02 12:00:57.048971
2026-10-02,2026-10-01,2026-10-02,district,UTTARAKHAND,UTTARAKHAND,BAGESHWAR,0.8,0.7,7.0,N,0.8,2.0,-63.0,LD,2026-10-02 12:00:57.048971
2026-10-02,2026-10-01,2026-10-02,district,UTTARAKHAND,UTTARAKHAND,CHAMOLI,0.0,0.5,-100.0,NR,1.7,1.3,29.0,E,2026-10-02 12:00:57.048971
2026-10-02,2026-10-01,2026-10-02,district,UTTARAKHAND,UTTARAKHAND,CHAMPAWAT,0.0,0.9,-100.0,NR,0.0,2.3,-100.0,NR,2026-10-02 12:00:57.048971
2026-10-02,2026-10-01,2026-10-02,district,UTTARAKHAND,UTTARAKHAND,DEHRADUN,0.0,1.5,-100.0,NR,0.0,3.4,-100.0,NR,2026-10-02 12:00:57.048971
2026-10-02,2026-10-01,2026-10-02,district,UTTARAKHAND,UTTARAKHAND,GARHWAL PAURI,0.0,1.7,-100.0,NR,0.0,3.1,-100.0,NR,2026-10-02 12:00:57.048971
2026-10-02,2026-10-01,2026-10-02,district,UTTARAKHAND,UTTARAKHAND,GARHWAL TEHRI,0.0,0.7,-100.0,NR,0.0,2.4,-100.0,NR,2026-10-02 12:00:57.048971
2026-10-02,2026-10-01,2026-10-02,district,UTTARAKHAND,UTTARAKHAND,HARDWAR,0.0,0.2,-100.0,NR,0.0,0.2,-100.0,NR,2026-10-02 12:00:57.048971
2026-10-02,2026-10-01,2026-10-02,district,UTTARAKHAND,UTTARAKHAND,NAINITAL,0.1,1.0,-88.0,LD,5.0,3.9,27.0,E,2026-10-02 12:00:57.048971
2026-10-02,2026-10-01,2026-10-02,district,UTTARAKHAND,UTTARAKHAND,PITHORAGARH,0.0,2.4,-100.0,NR,0.0,5.1,-100.0,NR,2026-10-02 12:00:57.048971
2026-10-02,2026-10-01,2026-10-02,district,UTTARAKHAND,UTTARAKHAND,RUDRAPRAYAG,0.0,0.4,-100.0,NR,0.8,1.0,-20.0,D,2026-10-02 12:00:57.048971
2026-10-02,2026-10-01,2026-10-02,district,UTTARAKHAND,UTTARAKHAND,UDHAM SINGH NAGAR,0.0,1.0,-100.0,NR,0.0,1.6,-100.0,NR,2026-10-02 12:00:57.048971
2026-10-02,2026-10-01,2026-10-02,district,UTTARAKHAND,UTTARAKHAND,UTTARKASHI,0.0,1.0,-100.0,NR,2.9,6.6,-56.0,D,2026-10-02 12:00:57.048971
2026-10-02,2026-10-01,2026-10-02,district,VIDARBHA,MAHARASHTRA,AKOLA,0.0,3.2,-99.0,LD,0.0,7.5,-99.0,LD,2026-10-02 12:00:57.048971
2026-10-02,2026-10-01,2026-10-02,district,VIDARBHA,MAHARASHTRA,AMRAOTI,0.0,2.8,-100.0,NR,0.0,6.5,-100.0,NR,2026-10-02 12:00:57.048971
2026-10-02,2026-10-01,2026-10-02,district,VIDARBHA,MAHARASHTRA,BHANDARA,0.0,1.9,-99.0,LD,0.0,5.7,-99.0,LD,2026-10-02 12:00:57.048971
2026-10-02,2026-10-01,2026-10-02,district,VIDARBHA,MAHARASHTRA,BULDHANA,0.0,6.0,-100.0,NR,0.0,9.4,-100.0,NR,2026-10-02 12:00:57.048971
2026-10-02,2026-10-01,2026-10-02,district,VIDARBHA,MAHARASHTRA,CHANDRAPUR,0.0,4.0,-100.0,NR,0.0,7.2,-100.0,NR,2026-10-02 12:00:57.048971
2026-10-02,2026-10-01,2026-10-02,district,VIDARBHA,MAHARASHTRA,GADCHIROLI,0.0,3.3,-100.0,NR,0.0,7.0,-100.0,NR,2026-10-02 12:00:57.048971
2026-10-02,2026-10-01,2026-10-02,district,VIDARBHA,MAHARASHTRA,GONDIA,0.0,3.0,-100.0,NR,0.0,6.1,-100.0,NR,2026-10-02 12:00:57.048971
2026-10-02,2026-10-01,2026-10-02,district,VIDARBHA,MAHARASHTRA,NAGPUR,0.0,2.3,-100.0,NR,0.0,4.4,-100.0,NR,2026-10-02 12:00:57.048971
2026-10-02,2026-10-01,2026-10-02,district,VIDARBHA,MAHARASHTRA,WARDHA,0.0,3.7,-100.0,NR,0.0,6.7,-100.0,NR,2026-10-02 12:00:57.048971
2026-10-02,2026-10-01,2026-10-02,district,VIDARBHA,MAHARASHTRA,WASHIM,0.0,3.4,-99.0,LD,0.0,8.2,-99.0,LD,2026-10-02 12:00:57.048971
2026-10-02,2026-10-01,2026-10-02,district,VIDARBHA,MAHARASHTRA,YEOTMAL,0.0,3.5,-100.0,NR,0.0,8.7,-100.0,NR,2026-10-02 12:00:57.048971
2026-10-02,2026-10-01,2026-10-02,district,WEST MADHYA PRADESH,MADHYA PRADESH,AGAR-MALWA,0.0,0.2,-100.0,NR,0.0,1.5,-100.0,NR,2026-10-02 12:00:57.048971
2026-10-02,2026-10-01,2026-10-02,district,WEST MADHYA PRADESH,MADHYA PRADESH,ALIRAJPUR,0.0,3.2,-100.0,NR,0.0,5.4,-100.0,NR,2026-10-02 12:00:57.048971
2026-10-02,2026-10-01,2026-10-02,district,WEST MADHYA PRADESH,MADHYA PRADESH,ASHOKNAGAR,0.0,1.9,-100.0,NR,0.0,2.8,-100.0,NR,2026-10-02 12:00:57.048971
2026-10-02,2026-10-01,2026-10-02,district,WEST MADHYA PRADESH,MADHYA PRADESH,BARWANI,0.0,1.9,-100.0,NR,0.0,4.0,-100.0,NR,2026-10-02 12:00:57.048971
2026-10-02,2026-10-01,2026-10-02,district,WEST MADHYA PRADESH,MADHYA PRADESH,BETUL,0.0,2.2,-100.0,NR,0.0,3.3,-100.0,NR,2026-10-02 12:00:57.048971
2026-10-02,2026-10-01,2026-10-02,district,WEST MADHYA PRADESH,MADHYA PRADESH,BHIND,0.0,1.1,-100.0,NR,0.0,1.6,-100.0,NR,2026-10-02 12:00:57.048971
2026-10-02,2026-10-01,2026-10-02,district,WEST MADHYA PRADESH,MADHYA PRADESH,BHOPAL,0.0,0.9,-100.0,NR,0.0,2.5,-100.0,NR,2026-10-02 12:00:57.048971
2026-10-02,2026-10-01,2026-10-02,district,WEST MADHYA PRADESH,MADHYA PRADESH,BURHANPUR,0.0,3.6,-100.0,NR,0.0,5.5,-100.0,NR,2026-10-02 12:00:57.048971
2026-10-02,2026-10-01,2026-10-02,district,WEST MADHYA PRADESH,MADHYA PRADESH,DATIA,0.0,0.3,-100.0,NR,0.0,1.2,-100.0,NR,2026-10-02 12:00:57.048971
2026-10-02,2026-10-01,2026-10-02,district,WEST MADHYA PRADESH,MADHYA PRADESH,DEWAS,0.0,1.5,-100.0,NR,0.0,2.7,-100.0,NR,2026-10-02 12:00:57.048971
2026-10-02,2026-10-01,2026-10-02,district,WEST MADHYA PRADESH,MADHYA PRADESH,DHAR,0.0,1.9,-100.0,NR,0.1,4.4,-97.0,LD,2026-10-02 12:00:57.048971
2026-10-02,2026-10-01,2026-10-02,district,WEST MADHYA PRADESH,MADHYA PRADESH,GUNA,0.0,1.5,-100.0,NR,0.0,2.7,-100.0,NR,2026-10-02 12:00:57.048971
2026-10-02,2026-10-01,2026-10-02,district,WEST MADHYA PRADESH,MADHYA PRADESH,GWALIOR,0.0,0.7,-100.0,NR,1.0,2.0,-49.0,D,2026-10-02 12:00:57.048971
2026-10-02,2026-10-01,2026-10-02,district,WEST MADHYA PRADESH,MADHYA PRADESH,HARDA,0.0,2.8,-100.0,NR,0.0,2.9,-100.0,NR,2026-10-02 12:00:57.048971
2026-10-02,2026-10-01,2026-10-02,district,WEST MADHYA PRADESH,MADHYA PRADESH,INDORE,0.0,3.3,-100.0,NR,0.0,4.6,-100.0,NR,2026-10-02 12:00:57.048971
2026-10-02,2026-10-01,2026-10-02,district,WEST MADHYA PRADESH,MADHYA PRADESH,JHABUA,0.0,2.5,-100.0,NR,0.0,6.1,-100.0,NR,2026-10-02 12:00:57.048971
2026-10-02,2026-10-01,2026-10-02,district,WEST MADHYA PRADESH,MADHYA PRADESH,KHANDWA,0.0,1.6,-100.0,NR,0.0,2.0,-100.0,NR,2026-10-02 12:00:57.048971
2026-10-02,2026-10-01,2026-10-02,district,WEST MADHYA PRADESH,MADHYA PRADESH,KHARGONE,0.0,2.0,-100.0,NR,0.0,4.0,-100.0,NR,2026-10-02 12:00:57.048971
2026-10-02,2026-10-01,2026-10-02,district,WEST MADHYA PRADESH,MADHYA PRADESH,MANDSAUR,0.0,2.0,-100.0,NR,0.0,2.9,-100.0,NR,2026-10-02 12:00:57.048971
2026-10-02,2026-10-01,2026-10-02,district,WEST MADHYA PRADESH,MADHYA PRADESH,MORENA,0.0,1.2,-100.0,NR,0.0,2.2,-100.0,NR,2026-10-02 12:00:57.048971
2026-10-02,2026-10-01,2026-10-02,district,WEST MADHYA PRADESH,MADHYA PRADESH,NARMADAPURAM,0.0,1.4,-100.0,NR,0.0,2.5,-100.0,NR,2026-10-02 12:00:57.048971
2026-10-02,2026-10-01,2026-10-02,district,WEST MADHYA PRADESH,MADHYA PRADESH,NEEMUCH,0.0,1.1,-100.0,NR,0.0,1.5,-100.0,NR,2026-10-02 12:00:57.048971
2026-10-02,2026-10-01,2026-10-02,district,WEST MADHYA PRADESH,MADHYA PRADESH,RAISEN,0.0,2.1,-100.0,NR,0.9,4.0,-77.0,LD,2026-10-02 12:00:57.048971
2026-10-02,2026-10-01,2026-10-02,district,WEST MADHYA PRADESH,MADHYA PRADESH,RAJGARH,0.0,0.8,-100.0,NR,0.0,2.4,-100.0,NR,2026-10-02 12:00:57.048971
2026-10-02,2026-10-01,2026-10-02,district,WEST MADHYA PRADESH,MADHYA PRADESH,RATLAM,0.0,1.0,-100.0,NR,0.0,2.4,-100.0,NR,2026-10-02 12:00:57.048971
2026-10-02,2026-10-01,2026-10-02,district,WEST MADHYA PRADESH,MADHYA PRADESH,SEHORE,0.0,1.7,-100.0,NR,0.0,2.7,-100.0,NR,2026-10-02 12:00:57.048971
2026-10-02,2026-10-01,2026-10-02,district,WEST MADHYA PRADESH,MADHYA PRADESH,SHAJAPUR,0.0,0.5,-100.0,NR,0.0,1.3,-100.0,NR,2026-10-02 12:00:57.048971
2026-10-02,2026-10-01,2026-10-02,district,WEST MADHYA PRADESH,MADHYA PRADESH,SHEOPUR,0.0,0.1,-100.0,NR,2.8,0.3,833.0,LE,2026-10-02 12:00:57.048971
2026-10-02,2026-10-01,2026-10-02,district,WEST MADHYA PRADESH,MADHYA PRADESH,SHIVPURI,0.0,1.0,-100.0,NR,0.0,1.5,-100.0,NR,2026-10-02 12:00:57.048971
2026-10-02,2026-10-01,2026-10-02,district,WEST MADHYA PRADESH,MADHYA PRADESH,UJJAIN,0.0,1.1,-100.0,NR,0.0,1.9,-100.0,NR,2026-10-02 12:00:57.048971
2026-10-02,2026-10-01,2026-10-02,district,WEST MADHYA PRADESH,MADHYA PRADESH,VIDISHA,0.0,1.2,-100.0,NR,0.0,3.4,-100.0,NR,2026-10-02 12:00:57.048971
2026-10-02,2026-10-01,2026-10-02,district,WEST RAJASTHAN,RAJASTHAN,BARMER,0.0,0.6,-100.0,NR,0.0,2.1,-100.0,NR,2026-10-02 12:00:57.048971
2026-10-02,2026-10-01,2026-10-02,district,WEST RAJASTHAN,RAJASTHAN,BIKANER,0.0,0.4,-100.0,NR,0.0,0.8,-100.0,NR,2026-10-02 12:00:57.048971
2026-10-02,2026-10-01,2026-10-02,district,WEST RAJASTHAN,RAJASTHAN,CHURU,0.0,0.1,-100.0,NR,0.0,0.8,-100.0,NR,2026-10-02 12:00:57.048971
2026-10-02,2026-10-01,2026-10-02,district,WEST RAJASTHAN,RAJASTHAN,HANUMANGARH,0.0,0.3,-100.0,NR,0.0,0.4,-100.0,NR,2026-10-02 12:00:57.048971
2026-10-02,2026-10-01,2026-10-02,district,WEST RAJASTHAN,RAJASTHAN,JAISALMER,0.0,0.3,-100.0,NR,0.0,0.7,-100.0,NR,2026-10-02 12:00:57.048971
2026-10-02,2026-10-01,2026-10-02,district,WEST RAJASTHAN,RAJASTHAN,JALORE,0.0,1.0,-100.0,NR,0.0,1.6,-100.0,NR,2026-10-02 12:00:57.048971
2026-10-02,2026-10-01,2026-10-02,district,WEST RAJASTHAN,RAJASTHAN,JODHPUR,0.0,0.2,-100.0,NR,0.0,0.6,-100.0,NR,2026-10-02 12:00:57.048971
2026-10-02,2026-10-01,2026-10-02,district,WEST RAJASTHAN,RAJASTHAN,NAGAUR,0.0,0.3,-100.0,NR,0.0,1.3,-100.0,NR,2026-10-02 12:00:57.048971
2026-10-02,2026-10-01,2026-10-02,district,WEST RAJASTHAN,RAJASTHAN,PALI,0.0,1.0,-100.0,NR,0.0,2.3,-100.0,NR,2026-10-02 12:00:57.048971
2026-10-02,2026-10-01,2026-10-02,district,WEST RAJASTHAN,RAJASTHAN,SRI GANGANAGAR,0.0,0.2,-100.0,NR,0.0,0.2,-100.0,NR,2026-10-02 12:00:57.048971
2026-10-02,2026-10-01,2026-10-02,district,WEST UTTAR PRADESH,UTTAR PRADESH,AGRA,0.0,0.4,-100.0,NR,0.0,1.0,-100.0,NR,2026-10-02 12:00:57.048971
2026-10-02,2026-10-01,2026-10-02,district,WEST UTTAR PRADESH,UTTAR PRADESH,ALIGARH,0.0,0.5,-100.0,NR,0.0,2.9,-100.0,NR,2026-10-02 12:00:57.048971
2026-10-02,2026-10-01,2026-10-02,district,WEST UTTAR PRADESH,UTTAR PRADESH,AMROHA,0.0,0.3,-100.0,NR,0.0,2.2,-100.0,NR,2026-10-02 12:00:57.048971
2026-10-02,2026-10-01,2026-10-02,district,WEST UTTAR PRADESH,UTTAR PRADESH,AURAIYA,0.0,0.8,-100.0,NR,0.0,1.3,-100.0,NR,2026-10-02 12:00:57.048971
2026-10-02,2026-10-01,2026-10-02,district,WEST UTTAR PRADESH,UTTAR PRADESH,BADAUN,0.0,0.2,-100.0,NR,0.0,0.9,-100.0,NR,2026-10-02 12:00:57.048971
2026-10-02,2026-10-01,2026-10-02,district,WEST UTTAR PRADESH,UTTAR PRADESH,BAGHPAT,0.0,0.0,-100.0,NR,0.0,0.0,-100.0,NR,2026-10-02 12:00:57.048971
2026-10-02,2026-10-01,2026-10-02,district,WEST UTTAR PRADESH,UTTAR PRADESH,BAREILLY,0.0,1.7,-100.0,NR,0.0,2.1,-100.0,NR,2026-10-02 12:00:57.048971
2026-10-02,2026-10-01,2026-10-02,district,WEST UTTAR PRADESH,UTTAR PRADESH,BIJNOR,0.0,1.2,-100.0,NR,0.0,1.5,-100.0,NR,2026-10-02 12:00:57.048971
2026-10-02,2026-10-01,2026-10-02,district,WEST UTTAR PRADESH,UTTAR PRADESH,BULANDSHAHAR,0.0,0.8,-100.0,NR,0.0,1.2,-100.0,NR,2026-10-02 12:00:57.048971
2026-10-02,2026-10-01,2026-10-02,district,WEST UTTAR PRADESH,UTTAR PRADESH,ETAH,0.0,0.8,-100.0,NR,0.0,1.1,-100.0,NR,2026-10-02 12:00:57.048971
2026-10-02,2026-10-01,2026-10-02,district,WEST UTTAR PRADESH,UTTAR PRADESH,ETAWAH,0.0,0.7,-100.0,NR,0.0,1.0,-100.0,NR,2026-10-02 12:00:57.048971
2026-10-02,2026-10-01,2026-10-02,district,WEST UTTAR PRADESH,UTTAR PRADESH,FIROZABAD,0.0,0.3,-100.0,NR,0.0,1.1,-100.0,NR,2026-10-02 12:00:57.048971
2026-10-02,2026-10-01,2026-10-02,district,WEST UTTAR PRADESH,UTTAR PRADESH,GAUTAM BUDDHA NAGAR,0.0,0.4,-100.0,NR,0.0,0.7,-100.0,NR,2026-10-02 12:00:57.048971
2026-10-02,2026-10-01,2026-10-02,district,WEST UTTAR PRADESH,UTTAR PRADESH,GHAZIABAD,0.0,0.4,-100.0,NR,0.0,0.7,-100.0,NR,2026-10-02 12:00:57.048971
2026-10-02,2026-10-01,2026-10-02,district,WEST UTTAR PRADESH,UTTAR PRADESH,HAMIRPUR,0.0,1.8,-100.0,NR,0.0,2.4,-100.0,NR,2026-10-02 12:00:57.048971
2026-10-02,2026-10-01,2026-10-02,district,WEST UTTAR PRADESH,UTTAR PRADESH,HAPUR,0.0,1.5,-100.0,NR,0.0,1.9,-100.0,NR,2026-10-02 12:00:57.048971
2026-10-02,2026-10-01,2026-10-02,district,WEST UTTAR PRADESH,UTTAR PRADESH,HATHRAS,0.0,0.3,-100.0,NR,0.0,1.4,-100.0,NR,2026-10-02 12:00:57.048971
2026-10-02,2026-10-01,2026-10-02,district,WEST UTTAR PRADESH,UTTAR PRADESH,JALAUN,0.0,1.9,-100.0,NR,0.0,4.0,-100.0,NR,2026-10-02 12:00:57.048971
2026-10-02,2026-10-01,2026-10-02,district,WEST UTTAR PRADESH,UTTAR PRADESH,JHANSI,0.0,1.1,-100.0,NR,0.0,2.4,-100.0,NR,2026-10-02 12:00:57.048971
2026-10-02,2026-10-01,2026-10-02,district,WEST UTTAR PRADESH,UTTAR PRADESH,KASGANJ,0.0,1.6,-100.0,NR,0.0,1.6,-100.0,NR,2026-10-02 12:00:57.048971
2026-10-02,2026-10-01,2026-10-02,district,WEST UTTAR PRADESH,UTTAR PRADESH,LALITPUR,0.0,1.0,-100.0,NR,0.0,1.1,-100.0,NR,2026-10-02 12:00:57.048971
2026-10-02,2026-10-01,2026-10-02,district,WEST UTTAR PRADESH,UTTAR PRADESH,MAHOBA,0.0,1.1,-100.0,NR,0.0,1.8,-100.0,NR,2026-10-02 12:00:57.048971
2026-10-02,2026-10-01,2026-10-02,district,WEST UTTAR PRADESH,UTTAR PRADESH,MAINPURI,0.0,1.0,-100.0,NR,0.0,2.6,-100.0,NR,2026-10-02 12:00:57.048971
2026-10-02,2026-10-01,2026-10-02,district,WEST UTTAR PRADESH,UTTAR PRADESH,MATHURA,0.0,0.0,-100.0,NR,0.0,0.7,-100.0,NR,2026-10-02 12:00:57.048971
2026-10-02,2026-10-01,2026-10-02,district,WEST UTTAR PRADESH,UTTAR PRADESH,MEERUT,0.0,0.2,-100.0,NR,0.0,1.0,-100.0,NR,2026-10-02 12:00:57.048971
2026-10-02,2026-10-01,2026-10-02,district,WEST UTTAR PRADESH,UTTAR PRADESH,MORADABAD,0.0,1.4,-100.0,NR,0.0,2.9,-100.0,NR,2026-10-02 12:00:57.048971
2026-10-02,2026-10-01,2026-10-02,district,WEST UTTAR PRADESH,UTTAR PRADESH,MUZAFFARNAGAR,0.0,0.7,-100.0,NR,0.0,1.3,-100.0,NR,2026-10-02 12:00:57.048971
2026-10-02,2026-10-01,2026-10-02,district,WEST UTTAR PRADESH,UTTAR PRADESH,PILIBHIT,0.0,1.0,-100.0,NR,0.0,2.8,-100.0,NR,2026-10-02 12:00:57.048971
2026-10-02,2026-10-01,2026-10-02,district,WEST UTTAR PRADESH,UTTAR PRADESH,RAMPUR,0.0,3.0,-100.0,NR,0.0,5.4,-100.0,NR,2026-10-02 12:00:57.048971
2026-10-02,2026-10-01,2026-10-02,district,WEST UTTAR PRADESH,UTTAR PRADESH,SAHARANPUR,0.0,0.4,-100.0,NR,0.0,0.5,-100.0,NR,2026-10-02 12:00:57.048971
2026-10-02,2026-10-01,2026-10-02,district,WEST UTTAR PRADESH,UTTAR PRADESH,SAMBHAL,0.0,0.2,-100.0,NR,0.0,2.6,-100.0,NR,2026-10-02 12:00:57.048971
2026-10-02,2026-10-01,2026-10-02,district,WEST UTTAR PRADESH,UTTAR PRADESH,SHAHJAHANPUR,0.0,0.9,-100.0,NR,0.0,1.8,-100.0,NR,2026-10-02 12:00:57.048971
2026-10-02,2026-10-01,2026-10-02,district,WEST UTTAR PRADESH,UTTAR PRADESH,SHAMLI,0.0,0.9,-100.0,NR,0.0,0.9,-100.0,NR,2026-10-02 12:00:57.048971
2026-10-02,2026-10-01,2026-10-02,state,ASSAM & MEGHALAYA,ASSAM,,6.4,5.7,12.0,N,12.2,11.2,9.0,N,2026-10-02 12:00:57.048971
2026-10-02,2026-10-01,2026-10-02,state,ASSAM & MEGHALAYA,MEGHALAYA,,4.5,8.2,-46.0,D,9.2,18.5,-50.0,D,2026-10-02 12:00:57.048971
2026-10-02,2026-10-01,2026-10-02,state,BIHAR,UTTAR PRADESH,,0.0,1.3,-100.0,NR,0.0,2.6,-100.0,NR,2026-10-02 12:00:57.048971
2026-10-02,2026-10-01,2026-10-02,state,CHHATTISGARH,ANDHRA PRADESH,,0.2,7.0,-97.0,LD,1.6,14.3,-89.0,LD,2026-10-02 12:00:57.048971
2026-10-02,2026-10-01,2026-10-02,state,COASTAL A. P. & YANAM,ANDHRA PRADESH,,0.2,7.0,-97.0,LD,1.6,14.3,-89.0,LD,2026-10-02 12:00:57.048971
2026-10-02,2026-10-01,2026-10-02,state,COASTAL A. P. & YANAM,PUDUCHERRY (UT),,0.0,2.7,-100.0,NR,8.7,8.7,0.0,N,2026-10-02 12:00:57.048971
2026-10-02,2026-10-01,2026-10-02,state,EAST MADHYA PRADESH,GUJARAT,,0.0,1.1,-97.0,LD,0.3,2.8,-89.0,LD,2026-10-02 12:00:57.048971
2026-10-02,2026-10-01,2026-10-02,state,GUJARAT REGION,DADRA & NAGAR HAVELI AND DAMAN & DIU (UT),,0.0,1.1,-100.0,NR,0.0,4.4,-100.0,NR,2026-10-02 12:00:57.048971
2026-10-02,2026-10-01,2026-10-02,state,GUJARAT REGION,GUJARAT,,0.0,1.1,-97.0,LD,0.3,2.8,-89.0,LD,2026-10-02 12:00:57.048971
2026-10-02,2026-10-01,2026-10-02,state,HAR. CHD & DELHI,CHANDIGARH (UT),,0.0,0.0,-100.0,NR,0.0,1.3,-100.0,NR,2026-10-02 12:00:57.048971
2026-10-02,2026-10-01,2026-10-02,state,HAR. CHD & DELHI,DELHI,,0.0,0.6,-100.0,NR,0.0,1.4,-100.0,NR,2026-10-02 12:00:57.048971
2026-10-02,2026-10-01,2026-10-02,state,HAR. CHD & DELHI,HARYANA,,0.0,0.5,-100.0,NR,0.0,0.8,-100.0,NR,2026-10-02 12:00:57.048971
2026-10-02,2026-10-01,2026-10-02,state,J & K AND LADAKH,JAMMU & KASHMIR(UT),,0.0,0.6,-100.0,NR,0.0,1.3,-100.0,NR,2026-10-02 12:00:57.048971
2026-10-02,2026-10-01,2026-10-02,state,J & K AND LADAKH,LADAKH (UT),,0.0,0.0,-100.0,NR,0.0,0.1,-100.0,NR,2026-10-02 12:00:57.048971
2026-10-02,2026-10-01,2026-10-02,state,J & K AND LADAKH,RAJASTHAN,,0.0,0.6,-100.0,NR,0.0,1.4,-98.0,LD,2026-10-02 12:00:57.048971
2026-10-02,2026-10-01,2026-10-02,state,KERALA & MAHE,KERALA,,10.0,9.5,6.0,N,10.3,17.9,-42.0,D,2026-10-02 12:00:57.048971
2026-10-02,2026-10-01,2026-10-02,state,KERALA & MAHE,PUDUCHERRY (UT),,0.0,2.7,-100.0,NR,8.7,8.7,0.0,N,2026-10-02 12:00:57.048971
2026-10-02,2026-10-01,2026-10-02,state,KONKAN & GOA,GOA,,0.0,10.0,-100.0,NR,0.0,17.7,-100.0,NR,2026-10-02 12:00:57.048971
2026-10-02,2026-10-01,2026-10-02,state,KONKAN & GOA,MAHARASHTRA,,0.0,4.5,-99.0,LD,0.7,8.6,-91.0,LD,2026-10-02 12:00:57.048971
2026-10-02,2026-10-01,2026-10-02,state,NMMT,MANIPUR,,16.0,6.1,162.0,LE,29.6,10.3,188.0,LE,2026-10-02 12:00:57.048971
2026-10-02,2026-10-01,2026-10-02,state,NMMT,MIZORAM,,7.1,10.3,-31.0,D,57.1,20.0,185.0,LE,2026-10-02 12:00:57.048971
2026-10-02,2026-10-01,2026-10-02,state,NMMT,NAGALAND,,29.7,5.2,472.0,LE,40.5,9.9,309.0,LE,2026-10-02 12:00:57.048971
2026-10-02,2026-10-01,2026-10-02,state,NMMT,TRIPURA,,5.6,6.4,-13.0,N,7.8,12.5,-37.0,D,2026-10-02 12:00:57.048971
2026-10-02,2026-10-01,2026-10-02,state,SAURASHTRA & KUTCH,DADRA & NAGAR HAVELI AND DAMAN & DIU (UT),,0.0,1.1,-100.0,NR,0.0,4.4,-100.0,NR,2026-10-02 12:00:57.048971
2026-10-02,2026-10-01,2026-10-02,state,SAURASHTRA & KUTCH,GUJARAT,,0.0,1.1,-97.0,LD,0.3,2.8,-89.0,LD,2026-10-02 12:00:57.048971
2026-10-02,2026-10-01,2026-10-02,state,SHWB & SIKKIM,SIKKIM,,1.2,8.0,-85.0,LD,1.2,15.7,-92.0,LD,2026-10-02 12:00:57.048971
2026-10-02,2026-10-01,2026-10-02,state,SHWB & SIKKIM,WEST BENGAL,,2.0,5.7,-65.0,LD,2.0,12.3,-84.0,LD,2026-10-02 12:00:57.048971
2026-10-02,2026-10-01,2026-10-02,state,TAMIL. PUDU.& KARAIKAL,KARNATAKA,,0.8,8.0,-90.0,LD,3.6,14.8,-76.0,LD,2026-10-02 12:00:57.048971
2026-10-02,2026-10-01,2026-10-02,state,TAMIL. PUDU.& KARAIKAL,PUDUCHERRY (UT),,0.0,2.7,-100.0,NR,8.7,8.7,0.0,N,2026-10-02 12:00:57.048971
2026-10-02,2026-10-01,2026-10-02,state,TAMIL. PUDU.& KARAIKAL,TAMILNADU,,2.2,4.1,-47.0,D,8.5,8.9,-4.0,N,2026-10-02 12:00:57.048971
2026-10-02,2026-10-01,2026-10-02,state,WEST RAJASTHAN,MADHYA PRADESH,,0.0,1.8,-98.0,LD,0.2,3.2,-95.0,LD,2026-10-02 12:00:57.048971
2026-10-02,2026-10-01,2026-10-02,subdivision,A & N ISLAND,,,5.0,12.7,-60.0,LD,12.9,27.1,-52.0,D,2026-10-02 12:00:57.048971
2026-10-02,2026-10-01,2026-10-02,subdivision,ARUNACHAL PRADESH,,,4.7,8.3,-44.0,D,8.4,15.3,-45.0,D,2026-10-02 12:00:57.048971
2026-10-02,2026-10-01,2026-10-02,subdivision,ASSAM & MEGHALAYA,,,5.9,6.3,-7.0,N,11.5,12.9,-11.0,N,2026-10-02 12:00:57.048971
2026-10-02,2026-10-01,2026-10-02,subdivision,BIHAR,,,0.0,2.8,-100.0,NR,0.0,6.4,-100.0,NR,2026-10-02 12:00:57.048971
2026-10-02,2026-10-01,2026-10-02,subdivision,CHHATTISGARH,,,0.0,3.2,-99.0,LD,0.1,6.6,-99.0,LD,2026-10-02 12:00:57.048971
2026-10-02,2026-10-01,2026-10-02,subdivision,COASTAL A. P. & YANAM,,,0.4,7.8,-95.0,LD,1.1,15.4,-93.0,LD,2026-10-02 12:00:57.048971
2026-10-02,2026-10-01,2026-10-02,subdivision,COASTAL KARNATAKA,,,1.6,10.7,-85.0,LD,1.6,19.5,-92.0,LD,2026-10-02 12:00:57.048971
2026-10-02,2026-10-01,2026-10-02,subdivision,EAST MADHYA PRADESH,,,0.1,2.0,-97.0,LD,0.1,3.6,-97.0,LD,2026-10-02 12:00:57.048971
2026-10-02,2026-10-01,2026-10-02,subdivision,EAST RAJASTHAN,,,0.0,0.7,-100.0,NR,0.1,1.7,-96.0,LD,2026-10-02 12:00:57.048971
2026-10-02,2026-10-01,2026-10-02,subdivision,EAST UTTAR PRADESH,,,0.0,1.5,-100.0,NR,0.0,3.1,-100.0,NR,2026-10-02 12:00:57.048971
2026-10-02,2026-10-01,2026-10-02,subdivision,GANGETIC WEST BENGAL,,,2.6,5.0,-48.0,D,2.6,10.9,-76.0,LD,2026-10-02 12:00:57.048971
2026-10-02,2026-10-01,2026-10-02,subdivision,GUJARAT REGION,,,0.0,1.4,-100.0,NR,0.0,3.7,-100.0,NR,2026-10-02 12:00:57.048971
2026-10-02,2026-10-01,2026-10-02,subdivision,HAR. CHD & DELHI,,,0.0,0.5,-100.0,NR,0.0,0.8,-100.0,NR,2026-10-02 12:00:57.048971
2026-10-02,2026-10-01,2026-10-02,subdivision,HIMACHAL PRADESH,,,0.1,0.6,-81.0,LD,0.1,1.2,-90.0,LD,2026-10-02 12:00:57.048971
2026-10-02,2026-10-01,2026-10-02,subdivision,J & K AND LADAKH,,,0.0,0.6,-100.0,NR,0.0,1.3,-100.0,NR,2026-10-02 12:00:57.048971
2026-10-02,2026-10-01,2026-10-02,subdivision,JHARKHAND,,,0.0,4.5,-100.0,NR,0.0,7.8,-100.0,NR,2026-10-02 12:00:57.048971
2026-10-02,2026-10-01,2026-10-02,subdivision,KERALA & MAHE,,,10.0,9.5,6.0,N,10.3,17.9,-42.0,D,2026-10-02 12:00:57.048971
2026-10-02,2026-10-01,2026-10-02,subdivision,KONKAN & GOA,,,0.0,7.5,-99.0,LD,2.6,13.3,-80.0,LD,2026-10-02 12:00:57.048971
2026-10-02,2026-10-01,2026-10-02,subdivision,LAKSHADWEEP,,,0.0,5.4,-100.0,NR,0.0,10.0,-100.0,NR,2026-10-02 12:00:57.048971
2026-10-02,2026-10-01,2026-10-02,subdivision,MADHYA MAHARASHTRA,,,0.1,4.7,-98.0,LD,1.2,8.8,-86.0,LD,2026-10-02 12:00:57.048971
2026-10-02,2026-10-01,2026-10-02,subdivision,MARATHWADA,,,0.0,4.7,-100.0,NR,0.0,8.7,-100.0,NR,2026-10-02 12:00:57.048971
2026-10-02,2026-10-01,2026-10-02,subdivision,N. I. KARNATAKA,,,0.0,7.4,-99.0,LD,1.8,13.8,-87.0,LD,2026-10-02 12:00:57.048971
2026-10-02,2026-10-01,2026-10-02,subdivision,NMMT,,,14.3,7.3,95.0,LE,37.5,13.9,170.0,LE,2026-10-02 12:00:57.048971
2026-10-02,2026-10-01,2026-10-02,subdivision,ODISHA,,,0.0,5.1,-100.0,NR,0.1,11.3,-99.0,LD,2026-10-02 12:00:57.048971
2026-10-02,2026-10-01,2026-10-02,subdivision,PUNJAB,,,0.0,0.3,-96.0,LD,0.0,0.5,-95.0,LD,2026-10-02 12:00:57.048971
2026-10-02,2026-10-01,2026-10-02,subdivision,RAYALASEEMA,,,0.0,6.0,-100.0,NR,2.1,12.8,-83.0,LD,2026-10-02 12:00:57.048971
2026-10-02,2026-10-01,2026-10-02,subdivision,S. I. KARNATAKA,,,1.3,8.0,-84.0,LD,5.6,14.6,-62.0,LD,2026-10-02 12:00:57.048971
2026-10-02,2026-10-01,2026-10-02,subdivision,SAURASHTRA & KUTCH,,,0.1,0.8,-93.0,LD,0.6,2.0,-71.0,LD,2026-10-02 12:00:57.048971
2026-10-02,2026-10-01,2026-10-02,subdivision,SHWB & SIKKIM,,,0.5,7.9,-94.0,LD,0.5,16.8,-97.0,LD,2026-10-02 12:00:57.048971
2026-10-02,2026-10-01,2026-10-02,subdivision,TAMIL. PUDU.& KARAIKAL,,,2.2,4.0,-46.0,D,8.5,8.8,-3.0,N,2026-10-02 12:00:57.048971
2026-10-02,2026-10-01,2026-10-02,subdivision,TELANGANA,,,0.0,5.9,-99.0,LD,0.3,11.3,-97.0,LD,2026-10-02 12:00:57.048971
2026-10-02,2026-10-01,2026-10-02,subdivision,UTTARAKHAND,,,0.0,1.1,-96.0,LD,1.2,3.2,-62.0,LD,2026-10-02 12:00:57.048971
2026-10-02,2026-10-01,2026-10-02,subdivision,VIDARBHA,,,0.0,3.4,-99.0,LD,0.0,7.1,-99.0,LD,2026-10-02 12:00:57.048971
2026-10-02,2026-10-01,2026-10-02,subdivision,WEST MADHYA PRADESH,,,0.0,1.5,-100.0,NR,0.2,2.8,-93.0,LD,2026-10-02 12:00:57.048971
2026-10-02,2026-10-01,2026-10-02,subdivision,WEST RAJASTHAN,,,0.0,0.4,-100.0,NR,0.0,1.1,-100.0,NR,2026-10-02 12:00:57.048971
2026-10-02,2026-10-01,2026-10-02,subdivision,WEST UTTAR PRADESH,,,0.0,0.9,-100.0,NR,0.0,1.8,-100.0,NR,2026-10-02 12:00:57.048971
