date,period_start,period_end,level,subdivision,state,district,day_actual_mm,day_normal_mm,day_departure_pct,day_category,period_actual_mm,period_normal_mm,period_departure_pct,period_category,scraped_at
2026-09-22,2026-06-01,2026-09-22,district,A & N ISLAND,ANDAMAN & NICOBAR ISLANDS,NICOBAR,11.9,11.9,0.0,N,685.0,1022.2,-33.0,D,2026-09-22 11:06:53.457208
2026-09-22,2026-06-01,2026-09-22,district,A & N ISLAND,ANDAMAN & NICOBAR ISLANDS,NORTH & MIDDLE ANDAMAN,22.2,12.7,75.0,LE,2476.4,1796.4,38.0,E,2026-09-22 11:06:53.457208
2026-09-22,2026-06-01,2026-09-22,district,A & N ISLAND,ANDAMAN & NICOBAR ISLANDS,SOUTH ANDAMAN,24.4,15.1,61.0,LE,1332.5,1532.2,-13.0,N,2026-09-22 11:06:53.457208
2026-09-22,2026-06-01,2026-09-22,district,ARUNACHAL PRADESH,ARUNACHAL PRADESH,ANJAW,0.0,2.8,-100.0,NR,173.0,1514.1,-89.0,LD,2026-09-22 11:06:53.457208
2026-09-22,2026-06-01,2026-09-22,district,ARUNACHAL PRADESH,ARUNACHAL PRADESH,CHANGLANG,0.0,8.5,-100.0,NR,1023.0,1281.9,-20.0,D,2026-09-22 11:06:53.457208
2026-09-22,2026-06-01,2026-09-22,district,ARUNACHAL PRADESH,ARUNACHAL PRADESH,EAST KAMENG,0.0,8.7,-100.0,NR,1401.5,1172.5,20.0,E,2026-09-22 11:06:53.457208
2026-09-22,2026-06-01,2026-09-22,district,ARUNACHAL PRADESH,ARUNACHAL PRADESH,EAST SIANG,0.0,18.0,-100.0,NR,2038.0,3029.3,-33.0,D,2026-09-22 11:06:53.457208
2026-09-22,2026-06-01,2026-09-22,district,ARUNACHAL PRADESH,ARUNACHAL PRADESH,KURUNG KUMEY,1.3,4.8,-74.0,LD,614.9,1160.2,-47.0,D,2026-09-22 11:06:53.457208
2026-09-22,2026-06-01,2026-09-22,district,ARUNACHAL PRADESH,ARUNACHAL PRADESH,LOHIT,0.0,6.4,-100.0,NR,904.7,1496.3,-40.0,D,2026-09-22 11:06:53.457208
2026-09-22,2026-06-01,2026-09-22,district,ARUNACHAL PRADESH,ARUNACHAL PRADESH,LOWER SUBANSIRI,1.6,2.1,-24.0,D,408.9,713.2,-43.0,D,2026-09-22 11:06:53.457208
2026-09-22,2026-06-01,2026-09-22,district,ARUNACHAL PRADESH,ARUNACHAL PRADESH,PAPUMPARA,0.0,11.9,-100.0,NR,1719.6,2088.8,-18.0,N,2026-09-22 11:06:53.457208
2026-09-22,2026-06-01,2026-09-22,district,ARUNACHAL PRADESH,ARUNACHAL PRADESH,TAWANG,0.0,8.9,-100.0,NR,333.7,950.8,-65.0,LD,2026-09-22 11:06:53.457208
2026-09-22,2026-06-01,2026-09-22,district,ARUNACHAL PRADESH,ARUNACHAL PRADESH,TIRAP,0.0,10.6,-100.0,NR,1863.5,1870.6,0.0,N,2026-09-22 11:06:53.457208
2026-09-22,2026-06-01,2026-09-22,district,ARUNACHAL PRADESH,ARUNACHAL PRADESH,UPPER SIANG,2.4,15.9,-85.0,LD,1198.3,1674.3,-28.0,D,2026-09-22 11:06:53.457208
2026-09-22,2026-06-01,2026-09-22,district,ARUNACHAL PRADESH,ARUNACHAL PRADESH,UPPER SUBANSIRI,0.5,9.5,-95.0,LD,347.8,917.0,-62.0,LD,2026-09-22 11:06:53.457208
2026-09-22,2026-06-01,2026-09-22,district,ARUNACHAL PRADESH,ARUNACHAL PRADESH,WEST KAMENG,1.8,11.3,-85.0,LD,522.8,1623.6,-68.0,LD,2026-09-22 11:06:53.457208
2026-09-22,2026-06-01,2026-09-22,district,ARUNACHAL PRADESH,ARUNACHAL PRADESH,WEST SIANG,1.0,16.6,-94.0,LD,614.3,1924.1,-68.0,LD,2026-09-22 11:06:53.457208
2026-09-22,2026-06-01,2026-09-22,district,ASSAM & MEGHALAYA,ASSAM,BAJALI,0.0,13.7,-100.0,NR,1053.0,2034.7,-48.0,D,2026-09-22 11:06:53.457208
2026-09-22,2026-06-01,2026-09-22,district,ASSAM & MEGHALAYA,ASSAM,BAKSA,0.0,7.5,-100.0,NR,1135.7,1469.2,-23.0,D,2026-09-22 11:06:53.457208
2026-09-22,2026-06-01,2026-09-22,district,ASSAM & MEGHALAYA,ASSAM,BARPETA,0.0,13.7,-100.0,NR,1233.5,2034.7,-39.0,D,2026-09-22 11:06:53.457208
2026-09-22,2026-06-01,2026-09-22,district,ASSAM & MEGHALAYA,ASSAM,BONGAIGAON,0.0,11.2,-100.0,NR,922.1,2273.6,-59.0,D,2026-09-22 11:06:53.457208
2026-09-22,2026-06-01,2026-09-22,district,ASSAM & MEGHALAYA,ASSAM,CACHAR,5.2,11.5,-55.0,D,1608.6,1750.3,-8.0,N,2026-09-22 11:06:53.457208
2026-09-22,2026-06-01,2026-09-22,district,ASSAM & MEGHALAYA,ASSAM,CHARAIDEO,0.0,11.0,-100.0,NR,1191.0,1001.7,19.0,N,2026-09-22 11:06:53.457208
2026-09-22,2026-06-01,2026-09-22,district,ASSAM & MEGHALAYA,ASSAM,CHIRANG,0.0,13.3,-100.0,NR,1358.2,2309.3,-41.0,D,2026-09-22 11:06:53.457208
2026-09-22,2026-06-01,2026-09-22,district,ASSAM & MEGHALAYA,ASSAM,DARRANG,0.0,11.1,-100.0,NR,691.7,1242.7,-44.0,D,2026-09-22 11:06:53.457208
2026-09-22,2026-06-01,2026-09-22,district,ASSAM & MEGHALAYA,ASSAM,DHEMAJI,0.0,12.3,-100.0,NR,2039.2,2022.3,1.0,N,2026-09-22 11:06:53.457208
2026-09-22,2026-06-01,2026-09-22,district,ASSAM & MEGHALAYA,ASSAM,DHUBRI,0.0,13.9,-100.0,NR,1273.3,1982.6,-36.0,D,2026-09-22 11:06:53.457208
2026-09-22,2026-06-01,2026-09-22,district,ASSAM & MEGHALAYA,ASSAM,DIBRUGARH,0.0,9.9,-100.0,NR,1103.5,1434.0,-23.0,D,2026-09-22 11:06:53.457208
2026-09-22,2026-06-01,2026-09-22,district,ASSAM & MEGHALAYA,ASSAM,DIMA HASAO,0.0,4.6,-100.0,NR,555.0,975.1,-43.0,D,2026-09-22 11:06:53.457208
2026-09-22,2026-06-01,2026-09-22,district,ASSAM & MEGHALAYA,ASSAM,GOALPARA,0.0,14.1,-100.0,NR,999.6,1952.8,-49.0,D,2026-09-22 11:06:53.457208
2026-09-22,2026-06-01,2026-09-22,district,ASSAM & MEGHALAYA,ASSAM,GOLAGHAT,0.0,7.7,-100.0,NR,897.8,1013.4,-11.0,N,2026-09-22 11:06:53.457208
2026-09-22,2026-06-01,2026-09-22,district,ASSAM & MEGHALAYA,ASSAM,HAILAKANDI,0.0,7.4,-100.0,NR,1300.9,1443.1,-10.0,N,2026-09-22 11:06:53.457208
2026-09-22,2026-06-01,2026-09-22,district,ASSAM & MEGHALAYA,ASSAM,HOJAI,0.0,6.5,-100.0,NR,443.6,728.7,-39.0,D,2026-09-22 11:06:53.457208
2026-09-22,2026-06-01,2026-09-22,district,ASSAM & MEGHALAYA,ASSAM,JORHAT,0.0,8.0,-100.0,NR,808.7,1221.3,-34.0,D,2026-09-22 11:06:53.457208
2026-09-22,2026-06-01,2026-09-22,district,ASSAM & MEGHALAYA,ASSAM,KAMRUP METROPOLITAN,0.1,4.2,-97.0,LD,782.2,1007.8,-22.0,D,2026-09-22 11:06:53.457208
2026-09-22,2026-06-01,2026-09-22,district,ASSAM & MEGHALAYA,ASSAM,KAMRUP RURAL,0.0,12.7,-100.0,NR,638.5,1229.1,-48.0,D,2026-09-22 11:06:53.457208
2026-09-22,2026-06-01,2026-09-22,district,ASSAM & MEGHALAYA,ASSAM,KARBI ANGLONG,0.0,5.8,-100.0,NR,650.2,788.5,-18.0,N,2026-09-22 11:06:53.457208
2026-09-22,2026-06-01,2026-09-22,district,ASSAM & MEGHALAYA,ASSAM,KOKRAJHAR,0.0,21.1,-100.0,NR,2260.0,2554.1,-12.0,N,2026-09-22 11:06:53.457208
2026-09-22,2026-06-01,2026-09-22,district,ASSAM & MEGHALAYA,ASSAM,LAKHIMPUR,0.0,13.0,-100.0,NR,2170.2,1951.6,11.0,N,2026-09-22 11:06:53.457208
2026-09-22,2026-06-01,2026-09-22,district,ASSAM & MEGHALAYA,ASSAM,MORIGAON,0.0,6.0,-100.0,NR,626.3,1069.6,-41.0,D,2026-09-22 11:06:53.457208
2026-09-22,2026-06-01,2026-09-22,district,ASSAM & MEGHALAYA,ASSAM,NAGAON,0.0,6.1,-100.0,NR,585.5,982.0,-40.0,D,2026-09-22 11:06:53.457208
2026-09-22,2026-06-01,2026-09-22,district,ASSAM & MEGHALAYA,ASSAM,NALBARI,0.0,7.6,-100.0,NR,615.2,1550.1,-60.0,LD,2026-09-22 11:06:53.457208
2026-09-22,2026-06-01,2026-09-22,district,ASSAM & MEGHALAYA,ASSAM,SIBSAGAR,0.0,7.2,-100.0,NR,844.6,1131.1,-25.0,D,2026-09-22 11:06:53.457208
2026-09-22,2026-06-01,2026-09-22,district,ASSAM & MEGHALAYA,ASSAM,SONITPUR,0.0,5.1,-100.0,NR,1061.3,1132.7,-6.0,N,2026-09-22 11:06:53.457208
2026-09-22,2026-06-01,2026-09-22,district,ASSAM & MEGHALAYA,ASSAM,SRIBHUMI,0.0,8.0,-100.0,NR,1563.8,2049.9,-24.0,D,2026-09-22 11:06:53.457208
2026-09-22,2026-06-01,2026-09-22,district,ASSAM & MEGHALAYA,ASSAM,TAMULPUR,0.0,12.8,-100.0,NR,1138.4,1292.9,-12.0,N,2026-09-22 11:06:53.457208
2026-09-22,2026-06-01,2026-09-22,district,ASSAM & MEGHALAYA,ASSAM,TINSUKIA,0.0,13.0,-100.0,NR,1276.7,1406.0,-9.0,N,2026-09-22 11:06:53.457208
2026-09-22,2026-06-01,2026-09-22,district,ASSAM & MEGHALAYA,ASSAM,UDALGURI,0.0,5.6,-100.0,NR,536.1,1357.0,-60.0,LD,2026-09-22 11:06:53.457208
2026-09-22,2026-06-01,2026-09-22,district,ASSAM & MEGHALAYA,ASSAM,WEST KARBI ANGLONG,0.0,5.1,-100.0,NR,641.6,675.9,-5.0,N,2026-09-22 11:06:53.457208
2026-09-22,2026-06-01,2026-09-22,district,ASSAM & MEGHALAYA,MEGHALAYA,EAST GARO HILLS,0.1,20.6,-99.0,LD,626.0,1804.8,-65.0,LD,2026-09-22 11:06:53.457208
2026-09-22,2026-06-01,2026-09-22,district,ASSAM & MEGHALAYA,MEGHALAYA,EAST JAINTIA HILLS,1.0,21.2,-95.0,LD,1488.4,4284.9,-65.0,LD,2026-09-22 11:06:53.457208
2026-09-22,2026-06-01,2026-09-22,district,ASSAM & MEGHALAYA,MEGHALAYA,EAST KHASI HILLS,4.3,25.0,-83.0,LD,1978.2,4229.8,-53.0,D,2026-09-22 11:06:53.457208
2026-09-22,2026-06-01,2026-09-22,district,ASSAM & MEGHALAYA,MEGHALAYA,NORTH GARO HILLS,0.2,19.1,-99.0,LD,610.0,1749.8,-65.0,LD,2026-09-22 11:06:53.457208
2026-09-22,2026-06-01,2026-09-22,district,ASSAM & MEGHALAYA,MEGHALAYA,RI BHOI,2.4,22.2,-89.0,LD,803.6,1516.5,-47.0,D,2026-09-22 11:06:53.457208
2026-09-22,2026-06-01,2026-09-22,district,ASSAM & MEGHALAYA,MEGHALAYA,SOUTH GARO HILLS,0.0,19.1,-99.0,LD,876.1,1749.8,-50.0,D,2026-09-22 11:06:53.457208
2026-09-22,2026-06-01,2026-09-22,district,ASSAM & MEGHALAYA,MEGHALAYA,SOUTH WEST GARO HILLS,0.8,19.1,-96.0,LD,534.4,1749.8,-69.0,LD,2026-09-22 11:06:53.457208
2026-09-22,2026-06-01,2026-09-22,district,ASSAM & MEGHALAYA,MEGHALAYA,SOUTH WEST KHASI HILLS,0.1,19.1,-99.0,LD,2670.3,1749.8,53.0,E,2026-09-22 11:06:53.457208
2026-09-22,2026-06-01,2026-09-22,district,ASSAM & MEGHALAYA,MEGHALAYA,WEST GARO HILLS,0.1,18.4,-99.0,LD,513.0,1789.0,-71.0,LD,2026-09-22 11:06:53.457208
2026-09-22,2026-06-01,2026-09-22,district,ASSAM & MEGHALAYA,MEGHALAYA,WEST JAINTIA HILLS,4.5,21.2,-79.0,LD,890.6,4284.9,-79.0,LD,2026-09-22 11:06:53.457208
2026-09-22,2026-06-01,2026-09-22,district,ASSAM & MEGHALAYA,MEGHALAYA,WEST KHASI HILLS,6.6,26.8,-75.0,LD,836.7,2534.8,-67.0,LD,2026-09-22 11:06:53.457208
2026-09-22,2026-06-01,2026-09-22,district,BIHAR,BIHAR,ARARIA,0.0,6.7,-100.0,NR,840.0,1302.8,-36.0,D,2026-09-22 11:06:53.457208
2026-09-22,2026-06-01,2026-09-22,district,BIHAR,BIHAR,ARWAL,5.8,5.1,14.0,N,477.3,672.6,-29.0,D,2026-09-22 11:06:53.457208
2026-09-22,2026-06-01,2026-09-22,district,BIHAR,BIHAR,AURANGABAD,1.3,5.4,-77.0,LD,839.8,821.2,2.0,N,2026-09-22 11:06:53.457208
2026-09-22,2026-06-01,2026-09-22,district,BIHAR,BIHAR,BANKA,0.5,10.7,-96.0,LD,533.0,809.8,-34.0,D,2026-09-22 11:06:53.457208
2026-09-22,2026-06-01,2026-09-22,district,BIHAR,BIHAR,BEGUSARAI,0.0,9.9,-100.0,NR,579.5,953.0,-39.0,D,2026-09-22 11:06:53.457208
2026-09-22,2026-06-01,2026-09-22,district,BIHAR,BIHAR,BHABUA,0.0,4.8,-100.0,NR,513.6,847.1,-39.0,D,2026-09-22 11:06:53.457208
2026-09-22,2026-06-01,2026-09-22,district,BIHAR,BIHAR,BHAGALPUR,0.0,8.4,-100.0,NR,418.8,899.1,-53.0,D,2026-09-22 11:06:53.457208
2026-09-22,2026-06-01,2026-09-22,district,BIHAR,BIHAR,BHOJPUR,0.0,5.5,-100.0,NR,505.6,850.6,-41.0,D,2026-09-22 11:06:53.457208
2026-09-22,2026-06-01,2026-09-22,district,BIHAR,BIHAR,BUXAR,0.0,5.1,-100.0,NR,672.0,756.2,-11.0,N,2026-09-22 11:06:53.457208
2026-09-22,2026-06-01,2026-09-22,district,BIHAR,BIHAR,DARBHANGA,0.0,6.9,-100.0,NR,413.4,844.8,-51.0,D,2026-09-22 11:06:53.457208
2026-09-22,2026-06-01,2026-09-22,district,BIHAR,BIHAR,EAST CHAMPARAN,0.0,4.4,-100.0,NR,531.0,996.2,-47.0,D,2026-09-22 11:06:53.457208
2026-09-22,2026-06-01,2026-09-22,district,BIHAR,BIHAR,GAYA,8.3,4.4,89.0,LE,612.3,788.0,-22.0,D,2026-09-22 11:06:53.457208
2026-09-22,2026-06-01,2026-09-22,district,BIHAR,BIHAR,GOPALGANJ,0.0,3.5,-100.0,NR,528.7,923.6,-43.0,D,2026-09-22 11:06:53.457208
2026-09-22,2026-06-01,2026-09-22,district,BIHAR,BIHAR,JAHANABAD,6.2,8.1,-23.0,D,327.3,787.8,-58.0,D,2026-09-22 11:06:53.457208
2026-09-22,2026-06-01,2026-09-22,district,BIHAR,BIHAR,JAMUI,0.0,14.5,-100.0,NR,493.5,875.7,-44.0,D,2026-09-22 11:06:53.457208
2026-09-22,2026-06-01,2026-09-22,district,BIHAR,BIHAR,KATIHAR,0.0,8.6,-100.0,NR,624.4,996.6,-37.0,D,2026-09-22 11:06:53.457208
2026-09-22,2026-06-01,2026-09-22,district,BIHAR,BIHAR,KHAGARIA,0.0,10.7,-100.0,NR,798.4,910.5,-12.0,N,2026-09-22 11:06:53.457208
2026-09-22,2026-06-01,2026-09-22,district,BIHAR,BIHAR,KISHANGANJ,0.0,9.0,-100.0,NR,1128.4,1657.4,-32.0,D,2026-09-22 11:06:53.457208
2026-09-22,2026-06-01,2026-09-22,district,BIHAR,BIHAR,LAKHISARAI,0.0,11.3,-100.0,NR,682.3,793.8,-14.0,N,2026-09-22 11:06:53.457208
2026-09-22,2026-06-01,2026-09-22,district,BIHAR,BIHAR,MADHEPURA,0.0,8.3,-100.0,NR,621.7,983.7,-37.0,D,2026-09-22 11:06:53.457208
2026-09-22,2026-06-01,2026-09-22,district,BIHAR,BIHAR,MADHUBANI,0.0,7.5,-100.0,NR,533.7,925.3,-42.0,D,2026-09-22 11:06:53.457208
2026-09-22,2026-06-01,2026-09-22,district,BIHAR,BIHAR,MUNGER,0.0,12.8,-100.0,NR,653.1,959.8,-32.0,D,2026-09-22 11:06:53.457208
2026-09-22,2026-06-01,2026-09-22,district,BIHAR,BIHAR,MUZAFFARPUR,0.0,4.9,-100.0,NR,462.6,909.9,-49.0,D,2026-09-22 11:06:53.457208
2026-09-22,2026-06-01,2026-09-22,district,BIHAR,BIHAR,NALANDA,0.0,5.9,-100.0,NR,487.7,810.9,-40.0,D,2026-09-22 11:06:53.457208
2026-09-22,2026-06-01,2026-09-22,district,BIHAR,BIHAR,NAWADA,5.0,6.8,-27.0,D,582.6,779.6,-25.0,D,2026-09-22 11:06:53.457208
2026-09-22,2026-06-01,2026-09-22,district,BIHAR,BIHAR,PATNA,0.0,4.8,-99.0,LD,450.5,842.1,-47.0,D,2026-09-22 11:06:53.457208
2026-09-22,2026-06-01,2026-09-22,district,BIHAR,BIHAR,PURNEA,0.0,7.7,-100.0,NR,751.3,1332.6,-44.0,D,2026-09-22 11:06:53.457208
2026-09-22,2026-06-01,2026-09-22,district,BIHAR,BIHAR,ROHTAS,0.0,4.3,-100.0,NR,606.4,808.2,-25.0,D,2026-09-22 11:06:53.457208
2026-09-22,2026-06-01,2026-09-22,district,BIHAR,BIHAR,SAHARSA,0.0,7.8,-100.0,NR,517.6,1018.4,-49.0,D,2026-09-22 11:06:53.457208
2026-09-22,2026-06-01,2026-09-22,district,BIHAR,BIHAR,SAMASTIPUR,0.0,9.5,-100.0,NR,476.5,882.2,-46.0,D,2026-09-22 11:06:53.457208
2026-09-22,2026-06-01,2026-09-22,district,BIHAR,BIHAR,SARAN,0.4,3.1,-89.0,LD,437.2,857.3,-49.0,D,2026-09-22 11:06:53.457208
2026-09-22,2026-06-01,2026-09-22,district,BIHAR,BIHAR,SHEIKHPURA,0.0,9.4,-100.0,NR,495.1,777.4,-36.0,D,2026-09-22 11:06:53.457208
2026-09-22,2026-06-01,2026-09-22,district,BIHAR,BIHAR,SHEOHAR,0.0,3.1,-100.0,NR,344.9,950.0,-64.0,LD,2026-09-22 11:06:53.457208
2026-09-22,2026-06-01,2026-09-22,district,BIHAR,BIHAR,SITAMARHI,0.0,6.6,-100.0,NR,409.9,1011.3,-59.0,D,2026-09-22 11:06:53.457208
2026-09-22,2026-06-01,2026-09-22,district,BIHAR,BIHAR,SIWAN,0.0,3.7,-100.0,NR,731.3,862.7,-15.0,N,2026-09-22 11:06:53.457208
2026-09-22,2026-06-01,2026-09-22,district,BIHAR,BIHAR,SUPAUL,0.0,7.2,-100.0,NR,725.5,1023.0,-29.0,D,2026-09-22 11:06:53.457208
2026-09-22,2026-06-01,2026-09-22,district,BIHAR,BIHAR,VAISHALI,0.0,4.9,-100.0,NR,486.2,852.2,-43.0,D,2026-09-22 11:06:53.457208
2026-09-22,2026-06-01,2026-09-22,district,BIHAR,BIHAR,WEST CHAMPARAN,0.0,5.3,-100.0,NR,697.8,1180.9,-41.0,D,2026-09-22 11:06:53.457208
2026-09-22,2026-06-01,2026-09-22,district,CHHATTISGARH,CHHATTISGARH,BALOD,0.0,3.3,-100.0,NR,1063.5,998.3,7.0,N,2026-09-22 11:06:53.457208
2026-09-22,2026-06-01,2026-09-22,district,CHHATTISGARH,CHHATTISGARH,BALODA BAZAR,0.0,3.1,-100.0,NR,1001.4,899.2,11.0,N,2026-09-22 11:06:53.457208
2026-09-22,2026-06-01,2026-09-22,district,CHHATTISGARH,CHHATTISGARH,BALRAMPUR,5.2,5.9,-11.0,N,1500.0,962.1,56.0,E,2026-09-22 11:06:53.457208
2026-09-22,2026-06-01,2026-09-22,district,CHHATTISGARH,CHHATTISGARH,BASTAR,2.4,5.1,-54.0,D,1053.1,1128.2,-7.0,N,2026-09-22 11:06:53.457208
2026-09-22,2026-06-01,2026-09-22,district,CHHATTISGARH,CHHATTISGARH,BEMETARA,1.6,9.7,-83.0,LD,573.3,1015.9,-44.0,D,2026-09-22 11:06:53.457208
2026-09-22,2026-06-01,2026-09-22,district,CHHATTISGARH,CHHATTISGARH,BIJAPUR,1.2,6.0,-80.0,LD,1355.8,1338.2,1.0,N,2026-09-22 11:06:53.457208
2026-09-22,2026-06-01,2026-09-22,district,CHHATTISGARH,CHHATTISGARH,BILASPUR,3.0,4.4,-33.0,D,981.1,1025.5,-4.0,N,2026-09-22 11:06:53.457208
2026-09-22,2026-06-01,2026-09-22,district,CHHATTISGARH,CHHATTISGARH,DANTEWADA,0.3,4.3,-93.0,LD,1067.9,1256.4,-15.0,N,2026-09-22 11:06:53.457208
2026-09-22,2026-06-01,2026-09-22,district,CHHATTISGARH,CHHATTISGARH,DHAMTARI,0.0,6.1,-100.0,NR,1067.6,1032.8,3.0,N,2026-09-22 11:06:53.457208
2026-09-22,2026-06-01,2026-09-22,district,CHHATTISGARH,CHHATTISGARH,DURG,0.4,7.1,-95.0,LD,776.1,953.1,-19.0,N,2026-09-22 11:06:53.457208
2026-09-22,2026-06-01,2026-09-22,district,CHHATTISGARH,CHHATTISGARH,GARIABAND,1.6,5.7,-71.0,LD,1154.5,1030.2,12.0,N,2026-09-22 11:06:53.457208
2026-09-22,2026-06-01,2026-09-22,district,CHHATTISGARH,CHHATTISGARH,GAURELA PENDRA MARWAHI,5.2,4.8,7.0,N,938.9,1065.5,-12.0,N,2026-09-22 11:06:53.457208
2026-09-22,2026-06-01,2026-09-22,district,CHHATTISGARH,CHHATTISGARH,JANJGIR,6.9,6.9,-1.0,N,1125.6,1065.6,6.0,N,2026-09-22 11:06:53.457208
2026-09-22,2026-06-01,2026-09-22,district,CHHATTISGARH,CHHATTISGARH,JASHPUR,1.2,3.7,-69.0,LD,811.5,1299.0,-38.0,D,2026-09-22 11:06:53.457208
2026-09-22,2026-06-01,2026-09-22,district,CHHATTISGARH,CHHATTISGARH,KABIRDHAM,7.0,6.3,11.0,N,652.5,837.7,-22.0,D,2026-09-22 11:06:53.457208
2026-09-22,2026-06-01,2026-09-22,district,CHHATTISGARH,CHHATTISGARH,KANKER,0.6,4.6,-86.0,LD,887.4,1285.0,-31.0,D,2026-09-22 11:06:53.457208
2026-09-22,2026-06-01,2026-09-22,district,CHHATTISGARH,CHHATTISGARH,KHAIRAGARH CHH GANDAI,0.0,6.5,-100.0,NR,702.1,712.0,-1.0,N,2026-09-22 11:06:53.457208
2026-09-22,2026-06-01,2026-09-22,district,CHHATTISGARH,CHHATTISGARH,KONDAGAON,1.3,4.7,-73.0,LD,944.6,1140.0,-17.0,N,2026-09-22 11:06:53.457208
2026-09-22,2026-06-01,2026-09-22,district,CHHATTISGARH,CHHATTISGARH,KORBA,4.3,6.7,-36.0,D,1070.0,1228.7,-13.0,N,2026-09-22 11:06:53.457208
2026-09-22,2026-06-01,2026-09-22,district,CHHATTISGARH,CHHATTISGARH,KORIYA,0.3,2.1,-86.0,LD,896.3,1071.2,-16.0,N,2026-09-22 11:06:53.457208
2026-09-22,2026-06-01,2026-09-22,district,CHHATTISGARH,CHHATTISGARH,MAHASAMUND,1.1,6.3,-82.0,LD,1132.8,1037.3,9.0,N,2026-09-22 11:06:53.457208
2026-09-22,2026-06-01,2026-09-22,district,CHHATTISGARH,CHHATTISGARH,MANENDRAGARH BHARATPUR,2.2,2.0,10.0,N,1140.7,1071.0,7.0,N,2026-09-22 11:06:53.457208
2026-09-22,2026-06-01,2026-09-22,district,CHHATTISGARH,CHHATTISGARH,MOHALA MANPUR CHOWKI,1.2,4.6,-74.0,LD,862.5,1000.7,-14.0,N,2026-09-22 11:06:53.457208
2026-09-22,2026-06-01,2026-09-22,district,CHHATTISGARH,CHHATTISGARH,MUNGELI,3.6,3.1,15.0,N,1123.2,917.7,22.0,E,2026-09-22 11:06:53.457208
2026-09-22,2026-06-01,2026-09-22,district,CHHATTISGARH,CHHATTISGARH,NARAYANPUR,0.3,7.1,-96.0,LD,1404.4,1199.8,17.0,N,2026-09-22 11:06:53.457208
2026-09-22,2026-06-01,2026-09-22,district,CHHATTISGARH,CHHATTISGARH,RAIGARH,0.1,4.5,-98.0,LD,971.2,1154.3,-16.0,N,2026-09-22 11:06:53.457208
2026-09-22,2026-06-01,2026-09-22,district,CHHATTISGARH,CHHATTISGARH,RAIPUR,0.0,4.6,-100.0,NR,1122.8,985.6,14.0,N,2026-09-22 11:06:53.457208
2026-09-22,2026-06-01,2026-09-22,district,CHHATTISGARH,CHHATTISGARH,RAJNANDGAON,0.0,5.6,-100.0,NR,838.9,998.3,-16.0,N,2026-09-22 11:06:53.457208
2026-09-22,2026-06-01,2026-09-22,district,CHHATTISGARH,CHHATTISGARH,SAKTI,0.9,5.2,-82.0,LD,952.8,1086.3,-12.0,N,2026-09-22 11:06:53.457208
2026-09-22,2026-06-01,2026-09-22,district,CHHATTISGARH,CHHATTISGARH,SARANGARH BILAIGARH,0.0,4.7,-100.0,NR,1129.5,901.3,25.0,E,2026-09-22 11:06:53.457208
2026-09-22,2026-06-01,2026-09-22,district,CHHATTISGARH,CHHATTISGARH,SUKMA,3.1,6.0,-48.0,D,1025.4,1167.2,-12.0,N,2026-09-22 11:06:53.457208
2026-09-22,2026-06-01,2026-09-22,district,CHHATTISGARH,CHHATTISGARH,SURAJPUR,3.7,5.5,-32.0,D,1186.4,1157.0,3.0,N,2026-09-22 11:06:53.457208
2026-09-22,2026-06-01,2026-09-22,district,CHHATTISGARH,CHHATTISGARH,SURGUJA,1.5,5.3,-71.0,LD,658.8,1131.0,-42.0,D,2026-09-22 11:06:53.457208
2026-09-22,2026-06-01,2026-09-22,district,COASTAL A. P. & YANAM,ANDHRA PRADESH,ANAKAPALLI,17.2,5.7,201.0,LE,373.7,595.9,-37.0,D,2026-09-22 11:06:53.457208
2026-09-22,2026-06-01,2026-09-22,district,COASTAL A. P. & YANAM,ANDHRA PRADESH,BAPATLA,2.3,6.8,-66.0,LD,286.9,514.2,-44.0,D,2026-09-22 11:06:53.457208
2026-09-22,2026-06-01,2026-09-22,district,COASTAL A. P. & YANAM,ANDHRA PRADESH,DR B R AMBEDKAR KONASEEMA,0.0,4.9,-100.0,NR,611.8,726.3,-16.0,N,2026-09-22 11:06:53.457208
2026-09-22,2026-06-01,2026-09-22,district,COASTAL A. P. & YANAM,ANDHRA PRADESH,EAST GODAVARI,0.0,7.2,-100.0,NR,370.6,691.6,-46.0,D,2026-09-22 11:06:53.457208
2026-09-22,2026-06-01,2026-09-22,district,COASTAL A. P. & YANAM,ANDHRA PRADESH,ELURU,1.2,6.5,-82.0,LD,509.1,815.8,-38.0,D,2026-09-22 11:06:53.457208
2026-09-22,2026-06-01,2026-09-22,district,COASTAL A. P. & YANAM,ANDHRA PRADESH,GUNTUR,5.4,7.3,-27.0,D,466.3,557.2,-16.0,N,2026-09-22 11:06:53.457208
2026-09-22,2026-06-01,2026-09-22,district,COASTAL A. P. & YANAM,ANDHRA PRADESH,KAKINADA,8.3,7.7,7.0,N,385.4,620.5,-38.0,D,2026-09-22 11:06:53.457208
2026-09-22,2026-06-01,2026-09-22,district,COASTAL A. P. & YANAM,ANDHRA PRADESH,KRISHNA,1.2,8.2,-85.0,LD,405.9,626.3,-35.0,D,2026-09-22 11:06:53.457208
2026-09-22,2026-06-01,2026-09-22,district,COASTAL A. P. & YANAM,ANDHRA PRADESH,NTR DISTRICT,4.1,8.5,-52.0,D,408.4,674.5,-39.0,D,2026-09-22 11:06:53.457208
2026-09-22,2026-06-01,2026-09-22,district,COASTAL A. P. & YANAM,ANDHRA PRADESH,PALNADU,1.4,8.8,-85.0,LD,303.2,512.4,-41.0,D,2026-09-22 11:06:53.457208
2026-09-22,2026-06-01,2026-09-22,district,COASTAL A. P. & YANAM,ANDHRA PRADESH,PARVATHIPURAM MANYAM,15.4,6.4,141.0,LE,487.8,752.9,-35.0,D,2026-09-22 11:06:53.457208
2026-09-22,2026-06-01,2026-09-22,district,COASTAL A. P. & YANAM,ANDHRA PRADESH,PRAKASAM,11.0,3.7,196.0,LE,167.9,333.0,-50.0,D,2026-09-22 11:06:53.457208
2026-09-22,2026-06-01,2026-09-22,district,COASTAL A. P. & YANAM,ANDHRA PRADESH,SPSR NELLORE,2.4,4.4,-45.0,D,207.0,299.4,-31.0,D,2026-09-22 11:06:53.457208
2026-09-22,2026-06-01,2026-09-22,district,COASTAL A. P. & YANAM,ANDHRA PRADESH,SRI ALLURI SITHARAMARAJU DISTRICT,6.3,7.3,-14.0,N,454.9,873.2,-48.0,D,2026-09-22 11:06:53.457208
2026-09-22,2026-06-01,2026-09-22,district,COASTAL A. P. & YANAM,ANDHRA PRADESH,SRIKAKULAM,42.9,6.7,540.0,LE,481.4,677.3,-29.0,D,2026-09-22 11:06:53.457208
2026-09-22,2026-06-01,2026-09-22,district,COASTAL A. P. & YANAM,ANDHRA PRADESH,VISHAKHAPATNAM,11.9,4.4,171.0,LE,315.8,525.4,-40.0,D,2026-09-22 11:06:53.457208
2026-09-22,2026-06-01,2026-09-22,district,COASTAL A. P. & YANAM,ANDHRA PRADESH,VIZIANAGARAM,20.5,7.3,181.0,LE,464.3,652.4,-29.0,D,2026-09-22 11:06:53.457208
2026-09-22,2026-06-01,2026-09-22,district,COASTAL A. P. & YANAM,ANDHRA PRADESH,WEST GODAVARI,0.3,5.5,-95.0,LD,409.1,692.0,-41.0,D,2026-09-22 11:06:53.457208
2026-09-22,2026-06-01,2026-09-22,district,COASTAL A. P. & YANAM,PUDUCHERRY (UT),YANAM,69.6,7.7,804.0,LE,511.2,696.6,-27.0,D,2026-09-22 11:06:53.457208
2026-09-22,2026-06-01,2026-09-22,district,COASTAL KARNATAKA,KARNATAKA,DAKSHINA KANNADA,5.4,7.9,-31.0,D,2479.4,3253.1,-24.0,D,2026-09-22 11:06:53.457208
2026-09-22,2026-06-01,2026-09-22,district,COASTAL KARNATAKA,KARNATAKA,UDUPI,2.0,10.2,-81.0,LD,2572.4,3675.2,-30.0,D,2026-09-22 11:06:53.457208
2026-09-22,2026-06-01,2026-09-22,district,COASTAL KARNATAKA,KARNATAKA,UTTARA KANNADA,1.1,9.4,-88.0,LD,1867.1,2688.1,-31.0,D,2026-09-22 11:06:53.457208
2026-09-22,2026-06-01,2026-09-22,district,EAST MADHYA PRADESH,MADHYA PRADESH,ANUPPUR,6.2,4.2,46.0,E,1050.9,969.8,8.0,N,2026-09-22 11:06:53.457208
2026-09-22,2026-06-01,2026-09-22,district,EAST MADHYA PRADESH,MADHYA PRADESH,BALAGHAT,2.3,6.4,-64.0,LD,1081.8,1211.9,-11.0,N,2026-09-22 11:06:53.457208
2026-09-22,2026-06-01,2026-09-22,district,EAST MADHYA PRADESH,MADHYA PRADESH,CHHATARPUR,1.7,2.2,-24.0,D,970.1,925.4,5.0,N,2026-09-22 11:06:53.457208
2026-09-22,2026-06-01,2026-09-22,district,EAST MADHYA PRADESH,MADHYA PRADESH,CHHINDWARA,7.5,6.0,25.0,E,781.7,1007.8,-22.0,D,2026-09-22 11:06:53.457208
2026-09-22,2026-06-01,2026-09-22,district,EAST MADHYA PRADESH,MADHYA PRADESH,DAMOH,20.0,2.0,899.0,LE,983.7,1069.2,-8.0,N,2026-09-22 11:06:53.457208
2026-09-22,2026-06-01,2026-09-22,district,EAST MADHYA PRADESH,MADHYA PRADESH,DINDORI,0.1,3.5,-96.0,LD,1053.6,1160.6,-9.0,N,2026-09-22 11:06:53.457208
2026-09-22,2026-06-01,2026-09-22,district,EAST MADHYA PRADESH,MADHYA PRADESH,JABALPUR,0.0,4.6,-100.0,NR,926.2,1108.7,-16.0,N,2026-09-22 11:06:53.457208
2026-09-22,2026-06-01,2026-09-22,district,EAST MADHYA PRADESH,MADHYA PRADESH,KATNI,2.4,0.7,245.0,LE,845.2,924.0,-9.0,N,2026-09-22 11:06:53.457208
2026-09-22,2026-06-01,2026-09-22,district,EAST MADHYA PRADESH,MADHYA PRADESH,MAIHAR,0.0,4.6,-100.0,NR,1083.7,955.1,13.0,N,2026-09-22 11:06:53.457208
2026-09-22,2026-06-01,2026-09-22,district,EAST MADHYA PRADESH,MADHYA PRADESH,MANDLA,1.6,4.1,-60.0,LD,1098.4,1175.6,-7.0,N,2026-09-22 11:06:53.457208
2026-09-22,2026-06-01,2026-09-22,district,EAST MADHYA PRADESH,MADHYA PRADESH,MAUGANJ,0.0,2.8,-100.0,NR,1419.1,948.9,50.0,E,2026-09-22 11:06:53.457208
2026-09-22,2026-06-01,2026-09-22,district,EAST MADHYA PRADESH,MADHYA PRADESH,NARSINGHPUR,5.2,8.0,-35.0,D,980.8,1029.8,-5.0,N,2026-09-22 11:06:53.457208
2026-09-22,2026-06-01,2026-09-22,district,EAST MADHYA PRADESH,MADHYA PRADESH,NIWARI,0.0,5.3,-100.0,NR,1183.7,768.8,54.0,E,2026-09-22 11:06:53.457208
2026-09-22,2026-06-01,2026-09-22,district,EAST MADHYA PRADESH,MADHYA PRADESH,PANDHURNA,0.0,6.1,-100.0,NR,620.0,777.0,-20.0,D,2026-09-22 11:06:53.457208
2026-09-22,2026-06-01,2026-09-22,district,EAST MADHYA PRADESH,MADHYA PRADESH,PANNA,12.0,2.2,446.0,LE,1108.8,1069.3,4.0,N,2026-09-22 11:06:53.457208
2026-09-22,2026-06-01,2026-09-22,district,EAST MADHYA PRADESH,MADHYA PRADESH,REWA,1.4,4.3,-67.0,LD,803.9,971.4,-17.0,N,2026-09-22 11:06:53.457208
2026-09-22,2026-06-01,2026-09-22,district,EAST MADHYA PRADESH,MADHYA PRADESH,SAGAR,13.4,6.5,107.0,LE,910.1,1047.6,-13.0,N,2026-09-22 11:06:53.457208
2026-09-22,2026-06-01,2026-09-22,district,EAST MADHYA PRADESH,MADHYA PRADESH,SATNA,0.9,3.0,-71.0,LD,1314.6,922.4,43.0,E,2026-09-22 11:06:53.457208
2026-09-22,2026-06-01,2026-09-22,district,EAST MADHYA PRADESH,MADHYA PRADESH,SEONI,1.7,5.1,-67.0,LD,817.2,996.5,-18.0,N,2026-09-22 11:06:53.457208
2026-09-22,2026-06-01,2026-09-22,district,EAST MADHYA PRADESH,MADHYA PRADESH,SHAHDOL,6.3,3.8,65.0,LE,1136.7,968.7,17.0,N,2026-09-22 11:06:53.457208
2026-09-22,2026-06-01,2026-09-22,district,EAST MADHYA PRADESH,MADHYA PRADESH,SIDHI,2.5,2.9,-12.0,N,1148.3,1016.6,13.0,N,2026-09-22 11:06:53.457208
2026-09-22,2026-06-01,2026-09-22,district,EAST MADHYA PRADESH,MADHYA PRADESH,SINGRAULI,2.9,6.0,-52.0,D,1093.0,1007.8,8.0,N,2026-09-22 11:06:53.457208
2026-09-22,2026-06-01,2026-09-22,district,EAST MADHYA PRADESH,MADHYA PRADESH,TIKAMGARH,0.0,1.8,-100.0,NR,918.9,892.1,3.0,N,2026-09-22 11:06:53.457208
2026-09-22,2026-06-01,2026-09-22,district,EAST MADHYA PRADESH,MADHYA PRADESH,UMARIA,2.5,2.8,-10.0,N,1138.9,1054.8,8.0,N,2026-09-22 11:06:53.457208
2026-09-22,2026-06-01,2026-09-22,district,EAST RAJASTHAN,RAJASTHAN,AJMER,0.0,1.0,-100.0,NR,374.3,446.5,-16.0,N,2026-09-22 11:06:53.457208
2026-09-22,2026-06-01,2026-09-22,district,EAST RAJASTHAN,RAJASTHAN,ALWAR,0.0,1.7,-100.0,NR,506.0,536.4,-6.0,N,2026-09-22 11:06:53.457208
2026-09-22,2026-06-01,2026-09-22,district,EAST RAJASTHAN,RAJASTHAN,BANSWARA,0.1,3.7,-96.0,LD,521.5,862.8,-40.0,D,2026-09-22 11:06:53.457208
2026-09-22,2026-06-01,2026-09-22,district,EAST RAJASTHAN,RAJASTHAN,BARAN,0.0,2.3,-100.0,NR,679.8,820.0,-17.0,N,2026-09-22 11:06:53.457208
2026-09-22,2026-06-01,2026-09-22,district,EAST RAJASTHAN,RAJASTHAN,BHARATPUR,0.0,1.6,-100.0,NR,675.2,535.0,26.0,E,2026-09-22 11:06:53.457208
2026-09-22,2026-06-01,2026-09-22,district,EAST RAJASTHAN,RAJASTHAN,BHILWARA,0.0,1.6,-100.0,NR,426.0,590.5,-28.0,D,2026-09-22 11:06:53.457208
2026-09-22,2026-06-01,2026-09-22,district,EAST RAJASTHAN,RAJASTHAN,BUNDI,0.0,1.6,-100.0,NR,554.6,635.4,-13.0,N,2026-09-22 11:06:53.457208
2026-09-22,2026-06-01,2026-09-22,district,EAST RAJASTHAN,RAJASTHAN,CHITTORGARH,0.0,1.9,-100.0,NR,552.9,711.2,-22.0,D,2026-09-22 11:06:53.457208
2026-09-22,2026-06-01,2026-09-22,district,EAST RAJASTHAN,RAJASTHAN,DAUSA,0.0,1.1,-100.0,NR,642.6,585.2,10.0,N,2026-09-22 11:06:53.457208
2026-09-22,2026-06-01,2026-09-22,district,EAST RAJASTHAN,RAJASTHAN,DHOLPUR,0.0,1.1,-100.0,NR,737.3,576.2,28.0,E,2026-09-22 11:06:53.457208
2026-09-22,2026-06-01,2026-09-22,district,EAST RAJASTHAN,RAJASTHAN,DUNGARPUR,0.0,1.5,-100.0,NR,509.7,687.1,-26.0,D,2026-09-22 11:06:53.457208
2026-09-22,2026-06-01,2026-09-22,district,EAST RAJASTHAN,RAJASTHAN,JAIPUR,0.0,1.2,-100.0,NR,407.3,514.4,-21.0,D,2026-09-22 11:06:53.457208
2026-09-22,2026-06-01,2026-09-22,district,EAST RAJASTHAN,RAJASTHAN,JHALAWAR,0.2,4.4,-95.0,LD,809.5,868.0,-7.0,N,2026-09-22 11:06:53.457208
2026-09-22,2026-06-01,2026-09-22,district,EAST RAJASTHAN,RAJASTHAN,JHUNJHUNU,0.0,2.1,-100.0,NR,410.0,398.9,3.0,N,2026-09-22 11:06:53.457208
2026-09-22,2026-06-01,2026-09-22,district,EAST RAJASTHAN,RAJASTHAN,KARAULI,0.0,1.2,-100.0,NR,545.0,588.1,-7.0,N,2026-09-22 11:06:53.457208
2026-09-22,2026-06-01,2026-09-22,district,EAST RAJASTHAN,RAJASTHAN,KOTA,0.0,2.5,-100.0,NR,558.8,722.3,-23.0,D,2026-09-22 11:06:53.457208
2026-09-22,2026-06-01,2026-09-22,district,EAST RAJASTHAN,RAJASTHAN,PRATAPGARH,0.0,2.8,-100.0,NR,802.7,892.6,-10.0,N,2026-09-22 11:06:53.457208
2026-09-22,2026-06-01,2026-09-22,district,EAST RAJASTHAN,RAJASTHAN,RAJSAMAND,0.0,1.3,-100.0,NR,355.9,522.6,-32.0,D,2026-09-22 11:06:53.457208
2026-09-22,2026-06-01,2026-09-22,district,EAST RAJASTHAN,RAJASTHAN,SAWAI MADHOPUR,0.0,1.5,-100.0,NR,564.1,652.1,-13.0,N,2026-09-22 11:06:53.457208
2026-09-22,2026-06-01,2026-09-22,district,EAST RAJASTHAN,RAJASTHAN,SIKAR,0.0,2.1,-100.0,NR,368.8,399.3,-8.0,N,2026-09-22 11:06:53.457208
2026-09-22,2026-06-01,2026-09-22,district,EAST RAJASTHAN,RAJASTHAN,SIROHI,0.0,1.3,-100.0,NR,471.9,853.5,-45.0,D,2026-09-22 11:06:53.457208
2026-09-22,2026-06-01,2026-09-22,district,EAST RAJASTHAN,RAJASTHAN,TONK,0.0,1.2,-100.0,NR,469.5,556.6,-16.0,N,2026-09-22 11:06:53.457208
2026-09-22,2026-06-01,2026-09-22,district,EAST RAJASTHAN,RAJASTHAN,UDAIPUR,1.0,2.1,-52.0,D,450.8,597.9,-25.0,D,2026-09-22 11:06:53.457208
2026-09-22,2026-06-01,2026-09-22,district,EAST UTTAR PRADESH,UTTAR PRADESH,AMBEDKAR NAGAR,0.0,7.3,-100.0,NR,707.9,812.6,-13.0,N,2026-09-22 11:06:53.457208
2026-09-22,2026-06-01,2026-09-22,district,EAST UTTAR PRADESH,UTTAR PRADESH,AMETHI,0.0,3.5,-100.0,NR,372.6,649.6,-43.0,D,2026-09-22 11:06:53.457208
2026-09-22,2026-06-01,2026-09-22,district,EAST UTTAR PRADESH,UTTAR PRADESH,AYODHYA,0.0,2.1,-100.0,NR,677.7,820.0,-17.0,N,2026-09-22 11:06:53.457208
2026-09-22,2026-06-01,2026-09-22,district,EAST UTTAR PRADESH,UTTAR PRADESH,AZAMGARH,0.0,3.1,-100.0,NR,620.2,806.9,-23.0,D,2026-09-22 11:06:53.457208
2026-09-22,2026-06-01,2026-09-22,district,EAST UTTAR PRADESH,UTTAR PRADESH,BAHRAICH,0.0,6.7,-100.0,NR,1033.7,953.2,8.0,N,2026-09-22 11:06:53.457208
2026-09-22,2026-06-01,2026-09-22,district,EAST UTTAR PRADESH,UTTAR PRADESH,BALLIA,0.0,2.2,-100.0,NR,556.4,679.1,-18.0,N,2026-09-22 11:06:53.457208
2026-09-22,2026-06-01,2026-09-22,district,EAST UTTAR PRADESH,UTTAR PRADESH,BALRAMPUR,0.0,9.2,-100.0,NR,607.4,770.2,-21.0,D,2026-09-22 11:06:53.457208
2026-09-22,2026-06-01,2026-09-22,district,EAST UTTAR PRADESH,UTTAR PRADESH,BANDA,0.0,2.1,-100.0,NR,1147.6,749.9,53.0,E,2026-09-22 11:06:53.457208
2026-09-22,2026-06-01,2026-09-22,district,EAST UTTAR PRADESH,UTTAR PRADESH,BARABANKI,0.0,5.9,-100.0,NR,765.4,795.7,-4.0,N,2026-09-22 11:06:53.457208
2026-09-22,2026-06-01,2026-09-22,district,EAST UTTAR PRADESH,UTTAR PRADESH,BASTI,0.0,3.9,-100.0,NR,625.3,795.7,-21.0,D,2026-09-22 11:06:53.457208
2026-09-22,2026-06-01,2026-09-22,district,EAST UTTAR PRADESH,UTTAR PRADESH,BHADOHI,0.0,5.5,-100.0,NR,294.2,767.3,-62.0,LD,2026-09-22 11:06:53.457208
2026-09-22,2026-06-01,2026-09-22,district,EAST UTTAR PRADESH,UTTAR PRADESH,CHANDAULI,0.0,3.4,-100.0,NR,538.0,680.5,-21.0,D,2026-09-22 11:06:53.457208
2026-09-22,2026-06-01,2026-09-22,district,EAST UTTAR PRADESH,UTTAR PRADESH,CHITRAKOOT,8.9,5.9,50.0,E,1256.8,768.8,63.0,LE,2026-09-22 11:06:53.457208
2026-09-22,2026-06-01,2026-09-22,district,EAST UTTAR PRADESH,UTTAR PRADESH,DEORIA,0.0,3.3,-100.0,NR,194.0,737.3,-74.0,LD,2026-09-22 11:06:53.457208
2026-09-22,2026-06-01,2026-09-22,district,EAST UTTAR PRADESH,UTTAR PRADESH,FARRUKHABAD,0.0,2.7,-100.0,NR,544.9,715.3,-24.0,D,2026-09-22 11:06:53.457208
2026-09-22,2026-06-01,2026-09-22,district,EAST UTTAR PRADESH,UTTAR PRADESH,FATEHPUR,4.0,3.2,25.0,E,642.6,678.1,-5.0,N,2026-09-22 11:06:53.457208
2026-09-22,2026-06-01,2026-09-22,district,EAST UTTAR PRADESH,UTTAR PRADESH,GHAZIPUR,0.0,2.3,-100.0,NR,606.2,756.2,-20.0,D,2026-09-22 11:06:53.457208
2026-09-22,2026-06-01,2026-09-22,district,EAST UTTAR PRADESH,UTTAR PRADESH,GONDA,0.0,7.3,-100.0,NR,750.6,833.8,-10.0,N,2026-09-22 11:06:53.457208
2026-09-22,2026-06-01,2026-09-22,district,EAST UTTAR PRADESH,UTTAR PRADESH,GORAKHPUR,0.0,7.8,-100.0,NR,763.7,1196.7,-36.0,D,2026-09-22 11:06:53.457208
2026-09-22,2026-06-01,2026-09-22,district,EAST UTTAR PRADESH,UTTAR PRADESH,HARDOI,0.7,4.0,-83.0,LD,580.6,650.7,-11.0,N,2026-09-22 11:06:53.457208
2026-09-22,2026-06-01,2026-09-22,district,EAST UTTAR PRADESH,UTTAR PRADESH,JAUNPUR,0.0,3.3,-100.0,NR,283.1,697.5,-59.0,D,2026-09-22 11:06:53.457208
2026-09-22,2026-06-01,2026-09-22,district,EAST UTTAR PRADESH,UTTAR PRADESH,KANNAUJ,0.0,2.2,-100.0,NR,836.9,652.6,28.0,E,2026-09-22 11:06:53.457208
2026-09-22,2026-06-01,2026-09-22,district,EAST UTTAR PRADESH,UTTAR PRADESH,KANPUR CITY,0.0,1.8,-100.0,NR,901.6,603.9,49.0,E,2026-09-22 11:06:53.457208
2026-09-22,2026-06-01,2026-09-22,district,EAST UTTAR PRADESH,UTTAR PRADESH,KANPUR DEHAT,0.0,2.8,-100.0,NR,202.1,563.7,-64.0,LD,2026-09-22 11:06:53.457208
2026-09-22,2026-06-01,2026-09-22,district,EAST UTTAR PRADESH,UTTAR PRADESH,KAUSHAMBI,0.0,1.2,-100.0,NR,329.4,530.3,-38.0,D,2026-09-22 11:06:53.457208
2026-09-22,2026-06-01,2026-09-22,district,EAST UTTAR PRADESH,UTTAR PRADESH,KHERI,0.0,14.3,-100.0,NR,964.2,897.4,7.0,N,2026-09-22 11:06:53.457208
2026-09-22,2026-06-01,2026-09-22,district,EAST UTTAR PRADESH,UTTAR PRADESH,KUSHI NAGAR,0.0,1.6,-100.0,NR,238.1,708.1,-66.0,LD,2026-09-22 11:06:53.457208
2026-09-22,2026-06-01,2026-09-22,district,EAST UTTAR PRADESH,UTTAR PRADESH,LUCKNOW,0.0,11.1,-100.0,NR,659.4,660.3,0.0,N,2026-09-22 11:06:53.457208
2026-09-22,2026-06-01,2026-09-22,district,EAST UTTAR PRADESH,UTTAR PRADESH,MAHARAJGANJ,0.0,3.4,-100.0,NR,745.2,949.9,-22.0,D,2026-09-22 11:06:53.457208
2026-09-22,2026-06-01,2026-09-22,district,EAST UTTAR PRADESH,UTTAR PRADESH,MAU,0.0,1.4,-100.0,NR,333.5,760.4,-56.0,D,2026-09-22 11:06:53.457208
2026-09-22,2026-06-01,2026-09-22,district,EAST UTTAR PRADESH,UTTAR PRADESH,MIRZAPUR,0.0,3.4,-100.0,NR,840.8,850.8,-1.0,N,2026-09-22 11:06:53.457208
2026-09-22,2026-06-01,2026-09-22,district,EAST UTTAR PRADESH,UTTAR PRADESH,PRATAPGARH,0.0,1.9,-100.0,NR,886.8,747.1,19.0,N,2026-09-22 11:06:53.457208
2026-09-22,2026-06-01,2026-09-22,district,EAST UTTAR PRADESH,UTTAR PRADESH,PRAYAGRAJ,0.0,3.1,-100.0,NR,932.1,702.0,33.0,E,2026-09-22 11:06:53.457208
2026-09-22,2026-06-01,2026-09-22,district,EAST UTTAR PRADESH,UTTAR PRADESH,RAE BAREILLY,0.0,1.9,-100.0,NR,330.1,415.4,-21.0,D,2026-09-22 11:06:53.457208
2026-09-22,2026-06-01,2026-09-22,district,EAST UTTAR PRADESH,UTTAR PRADESH,SANT KABIR NAGAR,0.0,6.3,-100.0,NR,511.9,961.4,-47.0,D,2026-09-22 11:06:53.457208
2026-09-22,2026-06-01,2026-09-22,district,EAST UTTAR PRADESH,UTTAR PRADESH,SHRAWASTI,0.0,8.8,-100.0,NR,679.9,1043.0,-35.0,D,2026-09-22 11:06:53.457208
2026-09-22,2026-06-01,2026-09-22,district,EAST UTTAR PRADESH,UTTAR PRADESH,SIDDHARTH NAGAR,0.0,5.4,-100.0,NR,624.8,1003.6,-38.0,D,2026-09-22 11:06:53.457208
2026-09-22,2026-06-01,2026-09-22,district,EAST UTTAR PRADESH,UTTAR PRADESH,SITAPUR,0.0,9.6,-100.0,NR,565.0,813.9,-31.0,D,2026-09-22 11:06:53.457208
2026-09-22,2026-06-01,2026-09-22,district,EAST UTTAR PRADESH,UTTAR PRADESH,SONBHADRA,1.0,4.2,-77.0,LD,828.8,833.1,-1.0,N,2026-09-22 11:06:53.457208
2026-09-22,2026-06-01,2026-09-22,district,EAST UTTAR PRADESH,UTTAR PRADESH,SULTANPUR,0.0,2.6,-100.0,NR,791.1,790.4,0.0,N,2026-09-22 11:06:53.457208
2026-09-22,2026-06-01,2026-09-22,district,EAST UTTAR PRADESH,UTTAR PRADESH,UNNAO,0.0,4.9,-100.0,NR,444.6,635.7,-30.0,D,2026-09-22 11:06:53.457208
2026-09-22,2026-06-01,2026-09-22,district,EAST UTTAR PRADESH,UTTAR PRADESH,VARANASI,0.0,4.1,-100.0,NR,904.5,778.1,16.0,N,2026-09-22 11:06:53.457208
2026-09-22,2026-06-01,2026-09-22,district,GANGETIC WEST BENGAL,WEST BENGAL,BANKURA,10.9,6.1,79.0,LE,1107.9,1089.5,2.0,N,2026-09-22 11:06:53.457208
2026-09-22,2026-06-01,2026-09-22,district,GANGETIC WEST BENGAL,WEST BENGAL,BIRBHUM,0.0,12.1,-100.0,NR,882.0,1062.2,-17.0,N,2026-09-22 11:06:53.457208
2026-09-22,2026-06-01,2026-09-22,district,GANGETIC WEST BENGAL,WEST BENGAL,EAST MIDNAPORE,2.1,16.6,-87.0,LD,1755.3,1207.6,45.0,E,2026-09-22 11:06:53.457208
2026-09-22,2026-06-01,2026-09-22,district,GANGETIC WEST BENGAL,WEST BENGAL,HOOGHLY,0.3,6.3,-95.0,LD,972.3,987.7,-2.0,N,2026-09-22 11:06:53.457208
2026-09-22,2026-06-01,2026-09-22,district,GANGETIC WEST BENGAL,WEST BENGAL,HOWRAH,2.9,7.5,-61.0,LD,1203.1,1091.6,10.0,N,2026-09-22 11:06:53.457208
2026-09-22,2026-06-01,2026-09-22,district,GANGETIC WEST BENGAL,WEST BENGAL,JHARGRAM,11.3,10.7,6.0,N,1049.4,1104.6,-5.0,N,2026-09-22 11:06:53.457208
2026-09-22,2026-06-01,2026-09-22,district,GANGETIC WEST BENGAL,WEST BENGAL,KOLKATA,7.1,11.5,-38.0,D,1552.9,1248.0,24.0,E,2026-09-22 11:06:53.457208
2026-09-22,2026-06-01,2026-09-22,district,GANGETIC WEST BENGAL,WEST BENGAL,MURSHIDABAD,0.0,9.4,-100.0,NR,787.0,928.3,-15.0,N,2026-09-22 11:06:53.457208
2026-09-22,2026-06-01,2026-09-22,district,GANGETIC WEST BENGAL,WEST BENGAL,NADIA,0.7,10.3,-94.0,LD,692.5,890.9,-22.0,D,2026-09-22 11:06:53.457208
2026-09-22,2026-06-01,2026-09-22,district,GANGETIC WEST BENGAL,WEST BENGAL,NORTH 24 PARGANAS,13.4,10.8,24.0,E,1372.9,1082.3,27.0,E,2026-09-22 11:06:53.457208
2026-09-22,2026-06-01,2026-09-22,district,GANGETIC WEST BENGAL,WEST BENGAL,PASCHIM BARDHAMAN,0.0,11.0,-100.0,NR,1122.4,1032.0,9.0,N,2026-09-22 11:06:53.457208
2026-09-22,2026-06-01,2026-09-22,district,GANGETIC WEST BENGAL,WEST BENGAL,PURBA BARDHAMAN,0.0,8.3,-100.0,NR,888.7,971.0,-8.0,N,2026-09-22 11:06:53.457208
2026-09-22,2026-06-01,2026-09-22,district,GANGETIC WEST BENGAL,WEST BENGAL,PURULIA,1.6,8.4,-81.0,LD,849.6,1041.0,-18.0,N,2026-09-22 11:06:53.457208
2026-09-22,2026-06-01,2026-09-22,district,GANGETIC WEST BENGAL,WEST BENGAL,SOUTH 24 PARGANAS,1.5,11.5,-87.0,LD,1485.8,1351.8,10.0,N,2026-09-22 11:06:53.457208
2026-09-22,2026-06-01,2026-09-22,district,GANGETIC WEST BENGAL,WEST BENGAL,WEST MIDNAPORE,7.8,10.7,-27.0,D,1411.2,1104.6,28.0,E,2026-09-22 11:06:53.457208
2026-09-22,2026-06-01,2026-09-22,district,GUJARAT REGION,DADRA & NAGAR HAVELI AND DAMAN & DIU (UT),DADARA & NAGAR HAVELI,27.1,14.9,82.0,LE,3165.9,2226.1,42.0,E,2026-09-22 11:06:53.457208
2026-09-22,2026-06-01,2026-09-22,district,GUJARAT REGION,DADRA & NAGAR HAVELI AND DAMAN & DIU (UT),DAMAN,0.0,14.9,-100.0,NR,2845.7,2226.1,28.0,E,2026-09-22 11:06:53.457208
2026-09-22,2026-06-01,2026-09-22,district,GUJARAT REGION,GUJARAT,AHMEDABAD,0.4,1.6,-76.0,LD,668.3,640.1,4.0,N,2026-09-22 11:06:53.457208
2026-09-22,2026-06-01,2026-09-22,district,GUJARAT REGION,GUJARAT,ANAND,9.9,4.1,141.0,LE,901.7,806.4,12.0,N,2026-09-22 11:06:53.457208
2026-09-22,2026-06-01,2026-09-22,district,GUJARAT REGION,GUJARAT,ARAVALLI,0.0,2.2,-100.0,NR,538.7,820.3,-34.0,D,2026-09-22 11:06:53.457208
2026-09-22,2026-06-01,2026-09-22,district,GUJARAT REGION,GUJARAT,BANASKANTHA,0.0,1.0,-100.0,NR,446.1,583.5,-24.0,D,2026-09-22 11:06:53.457208
2026-09-22,2026-06-01,2026-09-22,district,GUJARAT REGION,GUJARAT,BHARUCH,0.0,3.7,-100.0,NR,934.7,700.4,33.0,E,2026-09-22 11:06:53.457208
2026-09-22,2026-06-01,2026-09-22,district,GUJARAT REGION,GUJARAT,CHHOTA UDEPUR,3.0,5.7,-47.0,D,697.0,957.4,-27.0,D,2026-09-22 11:06:53.457208
2026-09-22,2026-06-01,2026-09-22,district,GUJARAT REGION,GUJARAT,DAHOD,3.2,4.4,-27.0,D,457.5,763.2,-40.0,D,2026-09-22 11:06:53.457208
2026-09-22,2026-06-01,2026-09-22,district,GUJARAT REGION,GUJARAT,DANGS,0.0,11.2,-100.0,NR,2535.2,2158.8,17.0,N,2026-09-22 11:06:53.457208
2026-09-22,2026-06-01,2026-09-22,district,GUJARAT REGION,GUJARAT,GANDHINAGAR,0.0,1.8,-100.0,NR,607.4,732.4,-17.0,N,2026-09-22 11:06:53.457208
2026-09-22,2026-06-01,2026-09-22,district,GUJARAT REGION,GUJARAT,KHEDA,3.9,3.1,26.0,E,1044.7,791.9,32.0,E,2026-09-22 11:06:53.457208
2026-09-22,2026-06-01,2026-09-22,district,GUJARAT REGION,GUJARAT,MAHISAGAR,0.0,4.1,-100.0,NR,778.9,787.5,-1.0,N,2026-09-22 11:06:53.457208
2026-09-22,2026-06-01,2026-09-22,district,GUJARAT REGION,GUJARAT,MEHSANA,0.1,1.2,-92.0,LD,576.3,680.4,-15.0,N,2026-09-22 11:06:53.457208
2026-09-22,2026-06-01,2026-09-22,district,GUJARAT REGION,GUJARAT,NARMADA,0.3,5.1,-93.0,LD,1022.9,1008.2,1.0,N,2026-09-22 11:06:53.457208
2026-09-22,2026-06-01,2026-09-22,district,GUJARAT REGION,GUJARAT,NAVSARI,0.6,10.1,-94.0,LD,2373.8,1762.7,35.0,E,2026-09-22 11:06:53.457208
2026-09-22,2026-06-01,2026-09-22,district,GUJARAT REGION,GUJARAT,PANCHMAHAL,6.4,3.4,89.0,LE,825.1,904.5,-9.0,N,2026-09-22 11:06:53.457208
2026-09-22,2026-06-01,2026-09-22,district,GUJARAT REGION,GUJARAT,PATAN,0.1,0.8,-86.0,LD,501.4,539.9,-7.0,N,2026-09-22 11:06:53.457208
2026-09-22,2026-06-01,2026-09-22,district,GUJARAT REGION,GUJARAT,SABARKANTHA,4.3,2.3,85.0,LE,541.3,807.4,-33.0,D,2026-09-22 11:06:53.457208
2026-09-22,2026-06-01,2026-09-22,district,GUJARAT REGION,GUJARAT,SURAT,0.0,6.2,-99.0,LD,1603.9,1243.1,29.0,E,2026-09-22 11:06:53.457208
2026-09-22,2026-06-01,2026-09-22,district,GUJARAT REGION,GUJARAT,TAPI,0.4,7.3,-94.0,LD,1445.3,1349.5,7.0,N,2026-09-22 11:06:53.457208
2026-09-22,2026-06-01,2026-09-22,district,GUJARAT REGION,GUJARAT,VADODARA,0.9,4.0,-76.0,LD,633.6,862.6,-27.0,D,2026-09-22 11:06:53.457208
2026-09-22,2026-06-01,2026-09-22,district,GUJARAT REGION,GUJARAT,VALSAD,5.3,11.2,-52.0,D,2864.7,1996.4,43.0,E,2026-09-22 11:06:53.457208
2026-09-22,2026-06-01,2026-09-22,district,HAR. CHD & DELHI,CHANDIGARH (UT),CHANDIGARH,0.0,2.0,-100.0,NR,715.4,823.7,-13.0,N,2026-09-22 11:06:53.457208
2026-09-22,2026-06-01,2026-09-22,district,HAR. CHD & DELHI,DELHI,CENTRAL DELHI,0.0,6.6,-100.0,NR,766.6,651.0,18.0,N,2026-09-22 11:06:53.457208
2026-09-22,2026-06-01,2026-09-22,district,HAR. CHD & DELHI,DELHI,EAST DELHI,0.0,6.6,-100.0,NR,560.3,651.0,-14.0,N,2026-09-22 11:06:53.457208
2026-09-22,2026-06-01,2026-09-22,district,HAR. CHD & DELHI,DELHI,NEW DELHI,0.0,3.7,-100.0,NR,598.8,625.4,-4.0,N,2026-09-22 11:06:53.457208
2026-09-22,2026-06-01,2026-09-22,district,HAR. CHD & DELHI,DELHI,NORTH EAST DELHI,0.0,6.6,-100.0,NR,582.4,651.0,-11.0,N,2026-09-22 11:06:53.457208
2026-09-22,2026-06-01,2026-09-22,district,HAR. CHD & DELHI,DELHI,NORTH WEST DELHI,0.0,1.0,-100.0,NR,410.8,389.8,5.0,N,2026-09-22 11:06:53.457208
2026-09-22,2026-06-01,2026-09-22,district,HAR. CHD & DELHI,DELHI,SOUTH DELHI,0.0,6.6,-100.0,NR,595.9,651.0,-8.0,N,2026-09-22 11:06:53.457208
2026-09-22,2026-06-01,2026-09-22,district,HAR. CHD & DELHI,DELHI,SOUTH EAST DELHI,0.0,6.6,-100.0,NR,694.4,651.0,7.0,N,2026-09-22 11:06:53.457208
2026-09-22,2026-06-01,2026-09-22,district,HAR. CHD & DELHI,DELHI,SOUTH WEST DELHI,0.0,4.7,-100.0,NR,412.5,542.8,-24.0,D,2026-09-22 11:06:53.457208
2026-09-22,2026-06-01,2026-09-22,district,HAR. CHD & DELHI,DELHI,WEST DELHI,0.0,3.7,-100.0,NR,701.0,585.1,20.0,E,2026-09-22 11:06:53.457208
2026-09-22,2026-06-01,2026-09-22,district,HAR. CHD & DELHI,HARYANA,AMBALA,0.0,5.3,-100.0,NR,399.4,795.1,-50.0,D,2026-09-22 11:06:53.457208
2026-09-22,2026-06-01,2026-09-22,district,HAR. CHD & DELHI,HARYANA,BHIWANI,0.0,2.2,-100.0,NR,268.6,288.3,-7.0,N,2026-09-22 11:06:53.457208
2026-09-22,2026-06-01,2026-09-22,district,HAR. CHD & DELHI,HARYANA,CHARKHI DADRI,0.0,2.0,-100.0,NR,346.3,394.0,-12.0,N,2026-09-22 11:06:53.457208
2026-09-22,2026-06-01,2026-09-22,district,HAR. CHD & DELHI,HARYANA,FARIDABAD,0.0,3.0,-100.0,NR,528.5,547.4,-3.0,N,2026-09-22 11:06:53.457208
2026-09-22,2026-06-01,2026-09-22,district,HAR. CHD & DELHI,HARYANA,FATEHABAD,0.0,1.0,-100.0,NR,233.7,251.6,-7.0,N,2026-09-22 11:06:53.457208
2026-09-22,2026-06-01,2026-09-22,district,HAR. CHD & DELHI,HARYANA,GURGAON,0.0,1.9,-100.0,NR,477.6,480.3,-1.0,N,2026-09-22 11:06:53.457208
2026-09-22,2026-06-01,2026-09-22,district,HAR. CHD & DELHI,HARYANA,HISAR,0.0,1.2,-100.0,NR,230.2,289.9,-21.0,D,2026-09-22 11:06:53.457208
2026-09-22,2026-06-01,2026-09-22,district,HAR. CHD & DELHI,HARYANA,JHAJJAR,0.0,1.6,-100.0,NR,309.1,372.8,-17.0,N,2026-09-22 11:06:53.457208
2026-09-22,2026-06-01,2026-09-22,district,HAR. CHD & DELHI,HARYANA,JIND,0.0,2.7,-100.0,NR,159.0,377.2,-58.0,D,2026-09-22 11:06:53.457208
2026-09-22,2026-06-01,2026-09-22,district,HAR. CHD & DELHI,HARYANA,KAITHAL,0.0,2.4,-100.0,NR,182.0,356.3,-49.0,D,2026-09-22 11:06:53.457208
2026-09-22,2026-06-01,2026-09-22,district,HAR. CHD & DELHI,HARYANA,KARNAL,0.0,5.5,-100.0,NR,273.4,507.1,-46.0,D,2026-09-22 11:06:53.457208
2026-09-22,2026-06-01,2026-09-22,district,HAR. CHD & DELHI,HARYANA,KURUKSHETRA,0.0,5.6,-100.0,NR,358.5,405.2,-12.0,N,2026-09-22 11:06:53.457208
2026-09-22,2026-06-01,2026-09-22,district,HAR. CHD & DELHI,HARYANA,MAHENDRAGARH,0.0,2.1,-100.0,NR,301.0,389.0,-23.0,D,2026-09-22 11:06:53.457208
2026-09-22,2026-06-01,2026-09-22,district,HAR. CHD & DELHI,HARYANA,NUH,0.0,1.0,-100.0,NR,459.6,470.4,-2.0,N,2026-09-22 11:06:53.457208
2026-09-22,2026-06-01,2026-09-22,district,HAR. CHD & DELHI,HARYANA,PALWAL,0.0,1.5,-100.0,NR,476.6,391.6,22.0,E,2026-09-22 11:06:53.457208
2026-09-22,2026-06-01,2026-09-22,district,HAR. CHD & DELHI,HARYANA,PANCHKULA,0.0,4.2,-100.0,NR,669.9,841.0,-20.0,D,2026-09-22 11:06:53.457208
2026-09-22,2026-06-01,2026-09-22,district,HAR. CHD & DELHI,HARYANA,PANIPAT,0.0,0.8,-100.0,NR,316.6,442.4,-28.0,D,2026-09-22 11:06:53.457208
2026-09-22,2026-06-01,2026-09-22,district,HAR. CHD & DELHI,HARYANA,REWARI,0.0,1.5,-100.0,NR,373.6,424.8,-12.0,N,2026-09-22 11:06:53.457208
2026-09-22,2026-06-01,2026-09-22,district,HAR. CHD & DELHI,HARYANA,ROHTAK,0.0,1.1,-100.0,NR,240.8,456.0,-47.0,D,2026-09-22 11:06:53.457208
2026-09-22,2026-06-01,2026-09-22,district,HAR. CHD & DELHI,HARYANA,SIRSA,0.0,1.1,-100.0,NR,96.0,204.9,-53.0,D,2026-09-22 11:06:53.457208
2026-09-22,2026-06-01,2026-09-22,district,HAR. CHD & DELHI,HARYANA,SONEPAT,0.0,2.1,-100.0,NR,315.9,468.4,-33.0,D,2026-09-22 11:06:53.457208
2026-09-22,2026-06-01,2026-09-22,district,HAR. CHD & DELHI,HARYANA,YAMUNA NAGAR,0.0,2.7,-100.0,NR,740.1,872.6,-15.0,N,2026-09-22 11:06:53.457208
2026-09-22,2026-06-01,2026-09-22,district,HIMACHAL PRADESH,HIMACHAL PRADESH,BILASPUR,0.0,3.0,-100.0,NR,885.0,798.1,11.0,N,2026-09-22 11:06:53.457208
2026-09-22,2026-06-01,2026-09-22,district,HIMACHAL PRADESH,HIMACHAL PRADESH,CHAMBA,0.0,2.6,-100.0,NR,703.5,827.5,-15.0,N,2026-09-22 11:06:53.457208
2026-09-22,2026-06-01,2026-09-22,district,HIMACHAL PRADESH,HIMACHAL PRADESH,HAMIRPUR,0.0,3.9,-100.0,NR,637.5,947.7,-33.0,D,2026-09-22 11:06:53.457208
2026-09-22,2026-06-01,2026-09-22,district,HIMACHAL PRADESH,HIMACHAL PRADESH,KANGRA,0.0,4.5,-100.0,NR,1497.4,1587.0,-6.0,N,2026-09-22 11:06:53.457208
2026-09-22,2026-06-01,2026-09-22,district,HIMACHAL PRADESH,HIMACHAL PRADESH,KINNAUR,0.0,2.0,-100.0,NR,252.1,232.1,9.0,N,2026-09-22 11:06:53.457208
2026-09-22,2026-06-01,2026-09-22,district,HIMACHAL PRADESH,HIMACHAL PRADESH,KULLU,0.0,2.0,-100.0,NR,539.3,523.8,3.0,N,2026-09-22 11:06:53.457208
2026-09-22,2026-06-01,2026-09-22,district,HIMACHAL PRADESH,HIMACHAL PRADESH,LAHAUL & SPITI,0.0,3.9,-100.0,NR,112.6,363.8,-69.0,LD,2026-09-22 11:06:53.457208
2026-09-22,2026-06-01,2026-09-22,district,HIMACHAL PRADESH,HIMACHAL PRADESH,MANDI,0.0,4.2,-100.0,NR,1016.0,1076.0,-6.0,N,2026-09-22 11:06:53.457208
2026-09-22,2026-06-01,2026-09-22,district,HIMACHAL PRADESH,HIMACHAL PRADESH,SHIMLA,0.0,4.0,-100.0,NR,767.0,607.3,26.0,E,2026-09-22 11:06:53.457208
2026-09-22,2026-06-01,2026-09-22,district,HIMACHAL PRADESH,HIMACHAL PRADESH,SIRMAUR,0.0,4.9,-100.0,NR,1274.6,1156.7,10.0,N,2026-09-22 11:06:53.457208
2026-09-22,2026-06-01,2026-09-22,district,HIMACHAL PRADESH,HIMACHAL PRADESH,SOLAN,0.0,4.1,-100.0,NR,824.5,849.3,-3.0,N,2026-09-22 11:06:53.457208
2026-09-22,2026-06-01,2026-09-22,district,HIMACHAL PRADESH,HIMACHAL PRADESH,UNA,0.0,3.3,-100.0,NR,787.0,926.5,-15.0,N,2026-09-22 11:06:53.457208
2026-09-22,2026-06-01,2026-09-22,district,J & K AND LADAKH,JAMMU & KASHMIR(UT),ANANTNAG,0.0,1.5,-100.0,NR,323.2,312.0,4.0,N,2026-09-22 11:06:53.457208
2026-09-22,2026-06-01,2026-09-22,district,J & K AND LADAKH,JAMMU & KASHMIR(UT),BADGAM,0.0,0.4,-100.0,NR,143.7,213.1,-33.0,D,2026-09-22 11:06:53.457208
2026-09-22,2026-06-01,2026-09-22,district,J & K AND LADAKH,JAMMU & KASHMIR(UT),BANDIPORA,0.0,0.0,-100.0,NR,205.0,206.5,-1.0,N,2026-09-22 11:06:53.457208
2026-09-22,2026-06-01,2026-09-22,district,J & K AND LADAKH,JAMMU & KASHMIR(UT),BARAMULA,0.0,1.4,-100.0,NR,313.5,209.5,50.0,E,2026-09-22 11:06:53.457208
2026-09-22,2026-06-01,2026-09-22,district,J & K AND LADAKH,JAMMU & KASHMIR(UT),DODA,0.0,1.0,-100.0,NR,379.6,404.1,-6.0,N,2026-09-22 11:06:53.457208
2026-09-22,2026-06-01,2026-09-22,district,J & K AND LADAKH,JAMMU & KASHMIR(UT),GANDERBAL,0.0,1.3,-100.0,NR,341.7,267.8,28.0,E,2026-09-22 11:06:53.457208
2026-09-22,2026-06-01,2026-09-22,district,J & K AND LADAKH,JAMMU & KASHMIR(UT),JAMMU,0.0,1.9,-100.0,NR,795.1,917.3,-13.0,N,2026-09-22 11:06:53.457208
2026-09-22,2026-06-01,2026-09-22,district,J & K AND LADAKH,JAMMU & KASHMIR(UT),KATHUA,0.0,0.4,-100.0,NR,1152.8,1214.2,-5.0,N,2026-09-22 11:06:53.457208
2026-09-22,2026-06-01,2026-09-22,district,J & K AND LADAKH,JAMMU & KASHMIR(UT),KISTWAR,0.0,1.0,-100.0,NR,195.3,404.1,-52.0,D,2026-09-22 11:06:53.457208
2026-09-22,2026-06-01,2026-09-22,district,J & K AND LADAKH,JAMMU & KASHMIR(UT),KULGAM,0.0,1.2,-100.0,NR,292.0,318.9,-8.0,N,2026-09-22 11:06:53.457208
2026-09-22,2026-06-01,2026-09-22,district,J & K AND LADAKH,JAMMU & KASHMIR(UT),KUPWARA,0.0,1.7,-100.0,NR,221.2,243.5,-9.0,N,2026-09-22 11:06:53.457208
2026-09-22,2026-06-01,2026-09-22,district,J & K AND LADAKH,JAMMU & KASHMIR(UT),POONCH,0.0,2.8,-100.0,NR,845.3,676.6,25.0,E,2026-09-22 11:06:53.457208
2026-09-22,2026-06-01,2026-09-22,district,J & K AND LADAKH,JAMMU & KASHMIR(UT),PULWAMA,0.0,1.5,-100.0,NR,265.1,185.9,43.0,E,2026-09-22 11:06:53.457208
2026-09-22,2026-06-01,2026-09-22,district,J & K AND LADAKH,JAMMU & KASHMIR(UT),RAJOURI,0.0,4.7,-100.0,NR,700.8,696.1,1.0,N,2026-09-22 11:06:53.457208
2026-09-22,2026-06-01,2026-09-22,district,J & K AND LADAKH,JAMMU & KASHMIR(UT),RAMBAN,0.0,1.2,-100.0,NR,473.1,402.6,18.0,N,2026-09-22 11:06:53.457208
2026-09-22,2026-06-01,2026-09-22,district,J & K AND LADAKH,JAMMU & KASHMIR(UT),REASI,0.0,4.0,-100.0,NR,1337.5,1514.2,-12.0,N,2026-09-22 11:06:53.457208
2026-09-22,2026-06-01,2026-09-22,district,J & K AND LADAKH,JAMMU & KASHMIR(UT),SAMBA,0.0,2.8,-100.0,NR,953.5,781.5,22.0,E,2026-09-22 11:06:53.457208
2026-09-22,2026-06-01,2026-09-22,district,J & K AND LADAKH,JAMMU & KASHMIR(UT),SHOPIAN,0.0,0.5,-100.0,NR,137.8,274.9,-50.0,D,2026-09-22 11:06:53.457208
2026-09-22,2026-06-01,2026-09-22,district,J & K AND LADAKH,JAMMU & KASHMIR(UT),SRINAGAR,0.0,0.9,-100.0,NR,246.7,231.3,7.0,N,2026-09-22 11:06:53.457208
2026-09-22,2026-06-01,2026-09-22,district,J & K AND LADAKH,JAMMU & KASHMIR(UT),UDHAMPUR,0.0,5.5,-100.0,NR,1553.5,970.3,60.0,LE,2026-09-22 11:06:53.457208
2026-09-22,2026-06-01,2026-09-22,district,J & K AND LADAKH,LADAKH (UT),KARGIL,0.0,0.0,-100.0,NR,21.6,9.9,100.0,LE,2026-09-22 11:06:53.457208
2026-09-22,2026-06-01,2026-09-22,district,J & K AND LADAKH,LADAKH (UT),LADAKH (LEH),0.0,0.1,-100.0,NR,58.1,23.6,142.0,LE,2026-09-22 11:06:53.457208
2026-09-22,2026-06-01,2026-09-22,district,JHARKHAND,JHARKHAND,BOKARO,0.2,6.5,-97.0,LD,760.4,860.1,-12.0,N,2026-09-22 11:06:53.457208
2026-09-22,2026-06-01,2026-09-22,district,JHARKHAND,JHARKHAND,CHATRA,0.0,7.7,-100.0,NR,666.4,897.7,-26.0,D,2026-09-22 11:06:53.457208
2026-09-22,2026-06-01,2026-09-22,district,JHARKHAND,JHARKHAND,DEOGHAR,0.0,7.3,-100.0,NR,598.2,924.9,-35.0,D,2026-09-22 11:06:53.457208
2026-09-22,2026-06-01,2026-09-22,district,JHARKHAND,JHARKHAND,DHANBAD,0.4,10.2,-96.0,LD,944.0,1008.3,-6.0,N,2026-09-22 11:06:53.457208
2026-09-22,2026-06-01,2026-09-22,district,JHARKHAND,JHARKHAND,DUMKA,0.0,11.0,-100.0,NR,943.1,979.7,-4.0,N,2026-09-22 11:06:53.457208
2026-09-22,2026-06-01,2026-09-22,district,JHARKHAND,JHARKHAND,EAST SINGHBHUM,4.2,8.7,-52.0,D,1026.5,1041.4,-1.0,N,2026-09-22 11:06:53.457208
2026-09-22,2026-06-01,2026-09-22,district,JHARKHAND,JHARKHAND,GARHWA,0.0,6.4,-100.0,NR,612.0,873.9,-30.0,D,2026-09-22 11:06:53.457208
2026-09-22,2026-06-01,2026-09-22,district,JHARKHAND,JHARKHAND,GIRIDIH,1.0,7.1,-86.0,LD,655.0,914.5,-28.0,D,2026-09-22 11:06:53.457208
2026-09-22,2026-06-01,2026-09-22,district,JHARKHAND,JHARKHAND,GODDA,0.0,7.3,-100.0,NR,631.8,844.2,-25.0,D,2026-09-22 11:06:53.457208
2026-09-22,2026-06-01,2026-09-22,district,JHARKHAND,JHARKHAND,GUMLA,2.7,4.8,-44.0,D,688.2,1014.9,-32.0,D,2026-09-22 11:06:53.457208
2026-09-22,2026-06-01,2026-09-22,district,JHARKHAND,JHARKHAND,HAZARIBAG,0.9,8.7,-90.0,LD,746.2,995.8,-25.0,D,2026-09-22 11:06:53.457208
2026-09-22,2026-06-01,2026-09-22,district,JHARKHAND,JHARKHAND,JAMTARA,0.0,13.3,-100.0,NR,943.5,994.3,-5.0,N,2026-09-22 11:06:53.457208
2026-09-22,2026-06-01,2026-09-22,district,JHARKHAND,JHARKHAND,KHUNTI,2.3,7.5,-70.0,LD,959.9,1065.8,-10.0,N,2026-09-22 11:06:53.457208
2026-09-22,2026-06-01,2026-09-22,district,JHARKHAND,JHARKHAND,KODERMA,0.3,8.4,-97.0,LD,596.0,835.8,-29.0,D,2026-09-22 11:06:53.457208
2026-09-22,2026-06-01,2026-09-22,district,JHARKHAND,JHARKHAND,LATEHAR,1.0,5.4,-81.0,LD,1149.1,979.8,17.0,N,2026-09-22 11:06:53.457208
2026-09-22,2026-06-01,2026-09-22,district,JHARKHAND,JHARKHAND,LOHARDAGA,0.0,4.8,-100.0,NR,894.6,940.1,-5.0,N,2026-09-22 11:06:53.457208
2026-09-22,2026-06-01,2026-09-22,district,JHARKHAND,JHARKHAND,PAKUR,0.0,16.3,-100.0,NR,504.6,1123.2,-55.0,D,2026-09-22 11:06:53.457208
2026-09-22,2026-06-01,2026-09-22,district,JHARKHAND,JHARKHAND,PALAMU,0.0,4.4,-100.0,NR,693.4,812.7,-15.0,N,2026-09-22 11:06:53.457208
2026-09-22,2026-06-01,2026-09-22,district,JHARKHAND,JHARKHAND,RAMGARH,2.0,10.4,-81.0,LD,892.4,979.4,-9.0,N,2026-09-22 11:06:53.457208
2026-09-22,2026-06-01,2026-09-22,district,JHARKHAND,JHARKHAND,RANCHI,2.2,7.2,-69.0,LD,1000.6,987.5,1.0,N,2026-09-22 11:06:53.457208
2026-09-22,2026-06-01,2026-09-22,district,JHARKHAND,JHARKHAND,SERAIKELA-KHARSAWAN,0.0,7.0,-100.0,NR,1092.7,962.6,14.0,N,2026-09-22 11:06:53.457208
2026-09-22,2026-06-01,2026-09-22,district,JHARKHAND,JHARKHAND,SIMDEGA,6.8,5.5,24.0,E,1188.1,1244.4,-5.0,N,2026-09-22 11:06:53.457208
2026-09-22,2026-06-01,2026-09-22,district,JHARKHAND,JHARKHAND,WEST SINGHBHUM,3.8,7.3,-47.0,D,1264.7,960.3,32.0,E,2026-09-22 11:06:53.457208
2026-09-22,2026-06-01,2026-09-22,district,KERALA & MAHE,KERALA,ALAPUZHA,15.8,8.8,80.0,LE,1072.5,1574.9,-32.0,D,2026-09-22 11:06:53.457208
2026-09-22,2026-06-01,2026-09-22,district,KERALA & MAHE,KERALA,ERNAKULAM,16.2,9.0,80.0,LE,1502.7,2031.0,-26.0,D,2026-09-22 11:06:53.457208
2026-09-22,2026-06-01,2026-09-22,district,KERALA & MAHE,KERALA,IDUKKI,2.6,10.8,-76.0,LD,1363.0,2481.0,-45.0,D,2026-09-22 11:06:53.457208
2026-09-22,2026-06-01,2026-09-22,district,KERALA & MAHE,KERALA,KANNUR,5.7,5.5,3.0,N,2246.1,2564.3,-12.0,N,2026-09-22 11:06:53.457208
2026-09-22,2026-06-01,2026-09-22,district,KERALA & MAHE,KERALA,KASARGOD,0.9,5.1,-82.0,LD,2302.0,2786.6,-17.0,N,2026-09-22 11:06:53.457208
2026-09-22,2026-06-01,2026-09-22,district,KERALA & MAHE,KERALA,KOLLAM,3.3,7.6,-56.0,D,772.2,1191.3,-35.0,D,2026-09-22 11:06:53.457208
2026-09-22,2026-06-01,2026-09-22,district,KERALA & MAHE,KERALA,KOTTAYAM,18.7,9.9,89.0,LE,1559.3,1829.2,-15.0,N,2026-09-22 11:06:53.457208
2026-09-22,2026-06-01,2026-09-22,district,KERALA & MAHE,KERALA,KOZHIKODE,1.1,7.8,-85.0,LD,2055.7,2496.3,-18.0,N,2026-09-22 11:06:53.457208
2026-09-22,2026-06-01,2026-09-22,district,KERALA & MAHE,KERALA,MALAPPURAM,1.3,5.6,-78.0,LD,1404.3,1894.2,-26.0,D,2026-09-22 11:06:53.457208
2026-09-22,2026-06-01,2026-09-22,district,KERALA & MAHE,KERALA,PALAKKAD,0.1,5.0,-99.0,LD,1085.2,1501.8,-28.0,D,2026-09-22 11:06:53.457208
2026-09-22,2026-06-01,2026-09-22,district,KERALA & MAHE,KERALA,PATHANAMTHITTA,7.0,7.0,0.0,N,1373.4,1493.6,-8.0,N,2026-09-22 11:06:53.457208
2026-09-22,2026-06-01,2026-09-22,district,KERALA & MAHE,KERALA,THIRUVANANTHAPURAM,7.1,7.5,-5.0,N,708.5,791.6,-10.0,N,2026-09-22 11:06:53.457208
2026-09-22,2026-06-01,2026-09-22,district,KERALA & MAHE,KERALA,THRISSUR,2.2,6.2,-65.0,LD,1480.4,2061.0,-28.0,D,2026-09-22 11:06:53.457208
2026-09-22,2026-06-01,2026-09-22,district,KERALA & MAHE,KERALA,WYNAD,0.1,5.4,-97.0,LD,1110.5,2414.7,-54.0,D,2026-09-22 11:06:53.457208
2026-09-22,2026-06-01,2026-09-22,district,KONKAN & GOA,GOA,NORTH GOA,0.0,16.6,-100.0,NR,1808.9,3012.1,-40.0,D,2026-09-22 11:06:53.457208
2026-09-22,2026-06-01,2026-09-22,district,KONKAN & GOA,GOA,SOUTH GOA,0.0,12.2,-100.0,NR,1971.9,2870.6,-31.0,D,2026-09-22 11:06:53.457208
2026-09-22,2026-06-01,2026-09-22,district,KONKAN & GOA,MAHARASHTRA,MUMBAI CITY,0.6,10.4,-94.0,LD,1927.5,2001.9,-4.0,N,2026-09-22 11:06:53.457208
2026-09-22,2026-06-01,2026-09-22,district,KONKAN & GOA,MAHARASHTRA,MUMBAI SUBURBAN,6.6,11.5,-43.0,D,2497.9,2223.3,12.0,N,2026-09-22 11:06:53.457208
2026-09-22,2026-06-01,2026-09-22,district,KONKAN & GOA,MAHARASHTRA,PALGHAR,10.6,12.7,-16.0,N,2667.3,2185.9,22.0,E,2026-09-22 11:06:53.457208
2026-09-22,2026-06-01,2026-09-22,district,KONKAN & GOA,MAHARASHTRA,RAIGAD,17.6,13.3,32.0,E,2930.8,3030.6,-3.0,N,2026-09-22 11:06:53.457208
2026-09-22,2026-06-01,2026-09-22,district,KONKAN & GOA,MAHARASHTRA,RATNAGIRI,0.0,14.4,-100.0,NR,2599.9,3101.9,-16.0,N,2026-09-22 11:06:53.457208
2026-09-22,2026-06-01,2026-09-22,district,KONKAN & GOA,MAHARASHTRA,SINDHUDURG,0.6,14.7,-96.0,LD,1831.2,2873.9,-36.0,D,2026-09-22 11:06:53.457208
2026-09-22,2026-06-01,2026-09-22,district,KONKAN & GOA,MAHARASHTRA,THANE,24.4,11.6,111.0,LE,2179.0,2359.9,-8.0,N,2026-09-22 11:06:53.457208
2026-09-22,2026-06-01,2026-09-22,district,LAKSHADWEEP,LAKSHADWEEP,LAKSHADWEEP,4.6,5.0,-9.0,N,717.4,988.7,-27.0,D,2026-09-22 11:06:53.457208
2026-09-22,2026-06-01,2026-09-22,district,MADHYA MAHARASHTRA,MAHARASHTRA,AHMEDNAGAR,8.3,6.9,20.0,E,235.8,414.6,-43.0,D,2026-09-22 11:06:53.457208
2026-09-22,2026-06-01,2026-09-22,district,MADHYA MAHARASHTRA,MAHARASHTRA,DHULE,2.1,5.8,-63.0,LD,442.8,510.5,-13.0,N,2026-09-22 11:06:53.457208
2026-09-22,2026-06-01,2026-09-22,district,MADHYA MAHARASHTRA,MAHARASHTRA,JALGAON,0.2,7.5,-97.0,LD,547.5,598.6,-9.0,N,2026-09-22 11:06:53.457208
2026-09-22,2026-06-01,2026-09-22,district,MADHYA MAHARASHTRA,MAHARASHTRA,KOLHAPUR,0.8,8.1,-91.0,LD,1443.1,1658.1,-13.0,N,2026-09-22 11:06:53.457208
2026-09-22,2026-06-01,2026-09-22,district,MADHYA MAHARASHTRA,MAHARASHTRA,NANDURBAR,0.0,6.1,-100.0,NR,510.8,802.8,-36.0,D,2026-09-22 11:06:53.457208
2026-09-22,2026-06-01,2026-09-22,district,MADHYA MAHARASHTRA,MAHARASHTRA,NASHIK,8.7,6.6,32.0,E,1184.1,845.5,40.0,E,2026-09-22 11:06:53.457208
2026-09-22,2026-06-01,2026-09-22,district,MADHYA MAHARASHTRA,MAHARASHTRA,PUNE,18.4,6.1,201.0,LE,1056.0,892.8,18.0,N,2026-09-22 11:06:53.457208
2026-09-22,2026-06-01,2026-09-22,district,MADHYA MAHARASHTRA,MAHARASHTRA,SANGLI,6.0,7.8,-22.0,D,325.9,442.5,-26.0,D,2026-09-22 11:06:53.457208
2026-09-22,2026-06-01,2026-09-22,district,MADHYA MAHARASHTRA,MAHARASHTRA,SATARA,7.1,5.3,33.0,E,960.9,792.3,21.0,E,2026-09-22 11:06:53.457208
2026-09-22,2026-06-01,2026-09-22,district,MADHYA MAHARASHTRA,MAHARASHTRA,SHOLAPUR,9.9,7.8,27.0,E,176.4,405.3,-56.0,D,2026-09-22 11:06:53.457208
2026-09-22,2026-06-01,2026-09-22,district,MARATHWADA,MAHARASHTRA,BEED,1.5,7.9,-80.0,LD,269.0,514.6,-48.0,D,2026-09-22 11:06:53.457208
2026-09-22,2026-06-01,2026-09-22,district,MARATHWADA,MAHARASHTRA,CHHATRAPATI SAMBHAJINAGAR,0.0,8.8,-100.0,NR,450.5,525.4,-14.0,N,2026-09-22 11:06:53.457208
2026-09-22,2026-06-01,2026-09-22,district,MARATHWADA,MAHARASHTRA,DHARASHIV,6.5,7.6,-15.0,N,296.1,534.6,-45.0,D,2026-09-22 11:06:53.457208
2026-09-22,2026-06-01,2026-09-22,district,MARATHWADA,MAHARASHTRA,HINGOLI,0.0,3.8,-100.0,NR,381.1,725.6,-47.0,D,2026-09-22 11:06:53.457208
2026-09-22,2026-06-01,2026-09-22,district,MARATHWADA,MAHARASHTRA,JALNA,4.1,6.1,-32.0,D,305.3,557.1,-45.0,D,2026-09-22 11:06:53.457208
2026-09-22,2026-06-01,2026-09-22,district,MARATHWADA,MAHARASHTRA,LATUR,2.1,6.9,-70.0,LD,402.0,627.3,-36.0,D,2026-09-22 11:06:53.457208
2026-09-22,2026-06-01,2026-09-22,district,MARATHWADA,MAHARASHTRA,NANDED,3.8,5.4,-30.0,D,508.0,746.6,-32.0,D,2026-09-22 11:06:53.457208
2026-09-22,2026-06-01,2026-09-22,district,MARATHWADA,MAHARASHTRA,PARBHANI,16.0,6.1,163.0,LE,420.4,670.7,-37.0,D,2026-09-22 11:06:53.457208
2026-09-22,2026-06-01,2026-09-22,district,N. I. KARNATAKA,KARNATAKA,BAGALKOTE,18.0,4.3,319.0,LE,235.8,304.4,-23.0,D,2026-09-22 11:06:53.457208
2026-09-22,2026-06-01,2026-09-22,district,N. I. KARNATAKA,KARNATAKA,BELAGAVI,3.0,5.4,-45.0,D,564.5,532.0,6.0,N,2026-09-22 11:06:53.457208
2026-09-22,2026-06-01,2026-09-22,district,N. I. KARNATAKA,KARNATAKA,BIDAR,4.2,6.1,-32.0,D,453.9,603.3,-25.0,D,2026-09-22 11:06:53.457208
2026-09-22,2026-06-01,2026-09-22,district,N. I. KARNATAKA,KARNATAKA,DHARWAD,0.0,4.5,-100.0,NR,252.5,479.1,-47.0,D,2026-09-22 11:06:53.457208
2026-09-22,2026-06-01,2026-09-22,district,N. I. KARNATAKA,KARNATAKA,GADAG,8.0,3.2,149.0,LE,253.8,311.1,-18.0,N,2026-09-22 11:06:53.457208
2026-09-22,2026-06-01,2026-09-22,district,N. I. KARNATAKA,KARNATAKA,HAVERI,0.0,3.0,-100.0,NR,274.3,456.3,-40.0,D,2026-09-22 11:06:53.457208
2026-09-22,2026-06-01,2026-09-22,district,N. I. KARNATAKA,KARNATAKA,KALABURAGI,10.7,6.3,70.0,LE,225.5,529.6,-57.0,D,2026-09-22 11:06:53.457208
2026-09-22,2026-06-01,2026-09-22,district,N. I. KARNATAKA,KARNATAKA,KOPPAL,16.2,3.8,326.0,LE,210.4,339.3,-38.0,D,2026-09-22 11:06:53.457208
2026-09-22,2026-06-01,2026-09-22,district,N. I. KARNATAKA,KARNATAKA,RAICHUR,3.2,5.9,-46.0,D,217.5,380.4,-43.0,D,2026-09-22 11:06:53.457208
2026-09-22,2026-06-01,2026-09-22,district,N. I. KARNATAKA,KARNATAKA,VIJAYAPURA,13.7,6.9,99.0,LE,202.4,343.9,-41.0,D,2026-09-22 11:06:53.457208
2026-09-22,2026-06-01,2026-09-22,district,N. I. KARNATAKA,KARNATAKA,YADGIR,8.5,7.3,16.0,N,314.8,472.2,-33.0,D,2026-09-22 11:06:53.457208
2026-09-22,2026-06-01,2026-09-22,district,NMMT,MANIPUR,BISHNUPUR,0.4,7.0,-94.0,LD,422.3,1096.6,-61.0,LD,2026-09-22 11:06:53.457208
2026-09-22,2026-06-01,2026-09-22,district,NMMT,MANIPUR,CHANDEL,8.2,7.0,17.0,N,515.5,1096.6,-53.0,D,2026-09-22 11:06:53.457208
2026-09-22,2026-06-01,2026-09-22,district,NMMT,MANIPUR,CHURACHANDPUR,0.0,7.0,-100.0,NR,232.0,1096.6,-79.0,LD,2026-09-22 11:06:53.457208
2026-09-22,2026-06-01,2026-09-22,district,NMMT,MANIPUR,IMPHAL EAST,7.7,5.2,49.0,E,456.7,696.0,-34.0,D,2026-09-22 11:06:53.457208
2026-09-22,2026-06-01,2026-09-22,district,NMMT,MANIPUR,IMPHAL WEST,3.4,10.3,-67.0,LD,709.2,1638.8,-57.0,D,2026-09-22 11:06:53.457208
2026-09-22,2026-06-01,2026-09-22,district,NMMT,MANIPUR,SENAPATI,0.0,2.2,-100.0,NR,617.8,726.0,-15.0,N,2026-09-22 11:06:53.457208
2026-09-22,2026-06-01,2026-09-22,district,NMMT,MANIPUR,TAMENGLONG,0.0,11.9,-100.0,NR,1551.8,3883.9,-60.0,LD,2026-09-22 11:06:53.457208
2026-09-22,2026-06-01,2026-09-22,district,NMMT,MANIPUR,THOUBAL,0.0,5.2,-100.0,NR,325.9,696.0,-53.0,D,2026-09-22 11:06:53.457208
2026-09-22,2026-06-01,2026-09-22,district,NMMT,MANIPUR,UKHRUL,0.0,8.4,-100.0,NR,922.3,975.9,-5.0,N,2026-09-22 11:06:53.457208
2026-09-22,2026-06-01,2026-09-22,district,NMMT,MIZORAM,AIZAWL,0.7,11.7,-94.0,LD,1321.1,1531.2,-14.0,N,2026-09-22 11:06:53.457208
2026-09-22,2026-06-01,2026-09-22,district,NMMT,MIZORAM,CHAMPHAI,0.2,9.7,-98.0,LD,944.8,1267.9,-25.0,D,2026-09-22 11:06:53.457208
2026-09-22,2026-06-01,2026-09-22,district,NMMT,MIZORAM,KOLASIB,0.8,9.9,-92.0,LD,1631.6,1654.1,-1.0,N,2026-09-22 11:06:53.457208
2026-09-22,2026-06-01,2026-09-22,district,NMMT,MIZORAM,LAWNGTLAI,16.9,11.4,48.0,E,1367.9,1602.7,-15.0,N,2026-09-22 11:06:53.457208
2026-09-22,2026-06-01,2026-09-22,district,NMMT,MIZORAM,LUNGLEI,5.3,15.4,-66.0,LD,1275.2,1676.4,-24.0,D,2026-09-22 11:06:53.457208
2026-09-22,2026-06-01,2026-09-22,district,NMMT,MIZORAM,MAMIT,0.9,10.2,-91.0,LD,1044.8,1524.8,-31.0,D,2026-09-22 11:06:53.457208
2026-09-22,2026-06-01,2026-09-22,district,NMMT,MIZORAM,SAIHA,1.3,17.2,-93.0,LD,1459.9,1651.3,-12.0,N,2026-09-22 11:06:53.457208
2026-09-22,2026-06-01,2026-09-22,district,NMMT,MIZORAM,SERCHHIP,0.0,8.4,-100.0,NR,1421.7,1415.5,0.0,N,2026-09-22 11:06:53.457208
2026-09-22,2026-06-01,2026-09-22,district,NMMT,NAGALAND,DIMAPUR,0.0,6.4,-100.0,NR,773.6,787.3,-2.0,N,2026-09-22 11:06:53.457208
2026-09-22,2026-06-01,2026-09-22,district,NMMT,NAGALAND,KIPHIRE,0.0,3.9,-100.0,NR,751.1,579.8,30.0,E,2026-09-22 11:06:53.457208
2026-09-22,2026-06-01,2026-09-22,district,NMMT,NAGALAND,KOHIMA,5.3,8.3,-36.0,D,1040.1,1177.6,-12.0,N,2026-09-22 11:06:53.457208
2026-09-22,2026-06-01,2026-09-22,district,NMMT,NAGALAND,MOKOKCHUNG,7.9,9.2,-14.0,N,1619.6,1325.5,22.0,E,2026-09-22 11:06:53.457208
2026-09-22,2026-06-01,2026-09-22,district,NMMT,NAGALAND,MON,0.9,5.9,-85.0,LD,878.8,1009.8,-13.0,N,2026-09-22 11:06:53.457208
2026-09-22,2026-06-01,2026-09-22,district,NMMT,NAGALAND,PEREN,0.0,9.9,-100.0,NR,918.0,886.9,4.0,N,2026-09-22 11:06:53.457208
2026-09-22,2026-06-01,2026-09-22,district,NMMT,NAGALAND,PHEK,1.5,6.2,-76.0,LD,753.7,798.5,-6.0,N,2026-09-22 11:06:53.457208
2026-09-22,2026-06-01,2026-09-22,district,NMMT,NAGALAND,WOKHA,14.6,8.2,78.0,LE,1265.8,1189.6,6.0,N,2026-09-22 11:06:53.457208
2026-09-22,2026-06-01,2026-09-22,district,NMMT,NAGALAND,ZUNHEBOTO,0.8,5.3,-85.0,LD,1545.8,1020.7,51.0,E,2026-09-22 11:06:53.457208
2026-09-22,2026-06-01,2026-09-22,district,NMMT,TRIPURA,DHALAI,0.4,11.8,-97.0,LD,1129.5,1276.7,-12.0,N,2026-09-22 11:06:53.457208
2026-09-22,2026-06-01,2026-09-22,district,NMMT,TRIPURA,GOMATI,21.7,14.3,52.0,E,1050.0,1348.6,-22.0,D,2026-09-22 11:06:53.457208
2026-09-22,2026-06-01,2026-09-22,district,NMMT,TRIPURA,KHOWAI,0.0,13.9,-100.0,NR,1246.7,1233.1,1.0,N,2026-09-22 11:06:53.457208
2026-09-22,2026-06-01,2026-09-22,district,NMMT,TRIPURA,NORTH TRIPURA,0.2,13.0,-99.0,LD,1079.9,1357.8,-20.0,D,2026-09-22 11:06:53.457208
2026-09-22,2026-06-01,2026-09-22,district,NMMT,TRIPURA,SIPAHIJALA,22.6,11.3,100.0,LE,1062.3,1257.6,-16.0,N,2026-09-22 11:06:53.457208
2026-09-22,2026-06-01,2026-09-22,district,NMMT,TRIPURA,SOUTH TRIPURA,39.5,12.6,214.0,LE,1096.2,1596.0,-31.0,D,2026-09-22 11:06:53.457208
2026-09-22,2026-06-01,2026-09-22,district,NMMT,TRIPURA,UNAKOTI,0.3,10.9,-98.0,LD,1253.9,1358.6,-8.0,N,2026-09-22 11:06:53.457208
2026-09-22,2026-06-01,2026-09-22,district,NMMT,TRIPURA,WEST TRIPURA,5.3,10.2,-49.0,D,1235.4,1128.6,9.0,N,2026-09-22 11:06:53.457208
2026-09-22,2026-06-01,2026-09-22,district,ODISHA,ODISHA,ANGUL,4.6,6.8,-32.0,D,1286.3,1082.4,19.0,N,2026-09-22 11:06:53.457208
2026-09-22,2026-06-01,2026-09-22,district,ODISHA,ODISHA,BALANGIR,3.3,4.4,-25.0,D,1307.0,1064.9,23.0,E,2026-09-22 11:06:53.457208
2026-09-22,2026-06-01,2026-09-22,district,ODISHA,ODISHA,BALASORE,10.5,15.1,-31.0,D,1686.5,1156.7,46.0,E,2026-09-22 11:06:53.457208
2026-09-22,2026-06-01,2026-09-22,district,ODISHA,ODISHA,BARGARH,1.7,3.5,-51.0,D,1620.6,1166.6,39.0,E,2026-09-22 11:06:53.457208
2026-09-22,2026-06-01,2026-09-22,district,ODISHA,ODISHA,BHADRAK,42.3,13.6,211.0,LE,1270.4,1037.8,22.0,E,2026-09-22 11:06:53.457208
2026-09-22,2026-06-01,2026-09-22,district,ODISHA,ODISHA,BOUDH,1.4,8.5,-84.0,LD,1686.0,1000.1,69.0,LE,2026-09-22 11:06:53.457208
2026-09-22,2026-06-01,2026-09-22,district,ODISHA,ODISHA,CUTTACK,20.0,9.0,122.0,LE,1384.0,1100.1,26.0,E,2026-09-22 11:06:53.457208
2026-09-22,2026-06-01,2026-09-22,district,ODISHA,ODISHA,DEOGARH,3.2,7.4,-57.0,D,1514.4,1139.8,33.0,E,2026-09-22 11:06:53.457208
2026-09-22,2026-06-01,2026-09-22,district,ODISHA,ODISHA,DHENKANAL,20.3,7.9,157.0,LE,1454.1,1050.1,38.0,E,2026-09-22 11:06:53.457208
2026-09-22,2026-06-01,2026-09-22,district,ODISHA,ODISHA,GAJAPATI,23.4,5.6,317.0,LE,691.2,855.7,-19.0,N,2026-09-22 11:06:53.457208
2026-09-22,2026-06-01,2026-09-22,district,ODISHA,ODISHA,GANJAM,26.5,5.6,372.0,LE,725.9,831.9,-13.0,N,2026-09-22 11:06:53.457208
2026-09-22,2026-06-01,2026-09-22,district,ODISHA,ODISHA,JAGATSINGHPUR,37.2,8.4,343.0,LE,1238.6,1005.7,23.0,E,2026-09-22 11:06:53.457208
2026-09-22,2026-06-01,2026-09-22,district,ODISHA,ODISHA,JAJPUR,38.7,13.7,182.0,LE,1267.4,1185.8,7.0,N,2026-09-22 11:06:53.457208
2026-09-22,2026-06-01,2026-09-22,district,ODISHA,ODISHA,JHARSUGUDA,3.9,4.5,-14.0,N,1172.5,1152.6,2.0,N,2026-09-22 11:06:53.457208
2026-09-22,2026-06-01,2026-09-22,district,ODISHA,ODISHA,KALAHANDI,2.8,4.6,-38.0,D,1179.0,1340.9,-12.0,N,2026-09-22 11:06:53.457208
2026-09-22,2026-06-01,2026-09-22,district,ODISHA,ODISHA,KANDHAMAL,8.3,7.6,9.0,N,1311.9,1108.2,18.0,N,2026-09-22 11:06:53.457208
2026-09-22,2026-06-01,2026-09-22,district,ODISHA,ODISHA,KENDRAPARA,45.1,9.6,370.0,LE,1494.8,1052.5,42.0,E,2026-09-22 11:06:53.457208
2026-09-22,2026-06-01,2026-09-22,district,ODISHA,ODISHA,KEONJHARGARH,7.4,11.0,-33.0,D,1556.5,1089.7,43.0,E,2026-09-22 11:06:53.457208
2026-09-22,2026-06-01,2026-09-22,district,ODISHA,ODISHA,KHURDA,22.3,8.7,156.0,LE,1225.2,1035.0,18.0,N,2026-09-22 11:06:53.457208
2026-09-22,2026-06-01,2026-09-22,district,ODISHA,ODISHA,KORAPUT,2.4,7.4,-68.0,LD,1158.4,1204.5,-4.0,N,2026-09-22 11:06:53.457208
2026-09-22,2026-06-01,2026-09-22,district,ODISHA,ODISHA,MALKANGIRI,2.2,5.7,-62.0,LD,1177.2,1235.0,-5.0,N,2026-09-22 11:06:53.457208
2026-09-22,2026-06-01,2026-09-22,district,ODISHA,ODISHA,MAYURBHANJ,9.8,12.6,-23.0,D,1653.6,1153.1,43.0,E,2026-09-22 11:06:53.457208
2026-09-22,2026-06-01,2026-09-22,district,ODISHA,ODISHA,NAWAPARA,0.0,3.9,-100.0,NR,1142.9,979.5,17.0,N,2026-09-22 11:06:53.457208
2026-09-22,2026-06-01,2026-09-22,district,ODISHA,ODISHA,NAWARANGPUR,0.4,6.0,-94.0,LD,1087.2,1323.6,-18.0,N,2026-09-22 11:06:53.457208
2026-09-22,2026-06-01,2026-09-22,district,ODISHA,ODISHA,NAYAGARH,9.2,9.4,-2.0,N,1178.5,1029.2,15.0,N,2026-09-22 11:06:53.457208
2026-09-22,2026-06-01,2026-09-22,district,ODISHA,ODISHA,PURI,40.5,6.7,504.0,LE,1290.7,975.0,32.0,E,2026-09-22 11:06:53.457208
2026-09-22,2026-06-01,2026-09-22,district,ODISHA,ODISHA,RAYAGADA,13.2,3.9,239.0,LE,878.8,935.5,-6.0,N,2026-09-22 11:06:53.457208
2026-09-22,2026-06-01,2026-09-22,district,ODISHA,ODISHA,SAMBALPUR,5.1,4.6,11.0,N,1557.9,1226.6,27.0,E,2026-09-22 11:06:53.457208
2026-09-22,2026-06-01,2026-09-22,district,ODISHA,ODISHA,SONEPUR,5.1,3.9,30.0,E,1662.8,1163.2,43.0,E,2026-09-22 11:06:53.457208
2026-09-22,2026-06-01,2026-09-22,district,ODISHA,ODISHA,SUNDARGARH,6.9,5.2,33.0,E,1373.2,1155.4,19.0,N,2026-09-22 11:06:53.457208
2026-09-22,2026-06-01,2026-09-22,district,PUNJAB,PUNJAB,AMRITSAR,0.0,2.4,-100.0,NR,364.0,439.9,-17.0,N,2026-09-22 11:06:53.457208
2026-09-22,2026-06-01,2026-09-22,district,PUNJAB,PUNJAB,BARNALA,0.0,0.8,-100.0,NR,132.4,345.0,-62.0,LD,2026-09-22 11:06:53.457208
2026-09-22,2026-06-01,2026-09-22,district,PUNJAB,PUNJAB,BHATINDA,0.0,1.2,-100.0,NR,133.9,281.8,-52.0,D,2026-09-22 11:06:53.457208
2026-09-22,2026-06-01,2026-09-22,district,PUNJAB,PUNJAB,FARIDKOT,0.0,0.7,-100.0,NR,232.7,289.6,-20.0,D,2026-09-22 11:06:53.457208
2026-09-22,2026-06-01,2026-09-22,district,PUNJAB,PUNJAB,FATEHGARH SAHIB,0.0,2.3,-100.0,NR,153.3,453.6,-66.0,LD,2026-09-22 11:06:53.457208
2026-09-22,2026-06-01,2026-09-22,district,PUNJAB,PUNJAB,FAZILKA,0.0,0.0,-100.0,NR,115.8,239.0,-52.0,D,2026-09-22 11:06:53.457208
2026-09-22,2026-06-01,2026-09-22,district,PUNJAB,PUNJAB,FEROZEPUR,0.0,0.9,-100.0,NR,135.6,243.1,-44.0,D,2026-09-22 11:06:53.457208
2026-09-22,2026-06-01,2026-09-22,district,PUNJAB,PUNJAB,GURDASPUR,0.0,1.3,-100.0,NR,751.2,570.8,32.0,E,2026-09-22 11:06:53.457208
2026-09-22,2026-06-01,2026-09-22,district,PUNJAB,PUNJAB,HOSHIARPUR,0.0,1.8,-100.0,NR,273.8,580.9,-53.0,D,2026-09-22 11:06:53.457208
2026-09-22,2026-06-01,2026-09-22,district,PUNJAB,PUNJAB,JALANDHAR,0.0,3.3,-100.0,NR,245.2,503.5,-51.0,D,2026-09-22 11:06:53.457208
2026-09-22,2026-06-01,2026-09-22,district,PUNJAB,PUNJAB,KAPURTHALA,0.0,1.8,-100.0,NR,135.3,449.1,-70.0,LD,2026-09-22 11:06:53.457208
2026-09-22,2026-06-01,2026-09-22,district,PUNJAB,PUNJAB,LUDHIANA,0.0,2.1,-100.0,NR,235.1,439.0,-46.0,D,2026-09-22 11:06:53.457208
2026-09-22,2026-06-01,2026-09-22,district,PUNJAB,PUNJAB,MANSA,0.0,0.7,-100.0,NR,75.3,256.1,-71.0,LD,2026-09-22 11:06:53.457208
2026-09-22,2026-06-01,2026-09-22,district,PUNJAB,PUNJAB,MOGA,0.0,2.2,-100.0,NR,167.3,287.2,-42.0,D,2026-09-22 11:06:53.457208
2026-09-22,2026-06-01,2026-09-22,district,PUNJAB,PUNJAB,MUKTSAR,0.0,1.3,-100.0,NR,99.5,309.7,-68.0,LD,2026-09-22 11:06:53.457208
2026-09-22,2026-06-01,2026-09-22,district,PUNJAB,PUNJAB,PATHANKOT,0.0,0.6,-100.0,NR,1278.0,915.7,40.0,E,2026-09-22 11:06:53.457208
2026-09-22,2026-06-01,2026-09-22,district,PUNJAB,PUNJAB,PATIALA,0.0,2.2,-100.0,NR,276.7,516.0,-46.0,D,2026-09-22 11:06:53.457208
2026-09-22,2026-06-01,2026-09-22,district,PUNJAB,PUNJAB,RUPNAGAR,0.0,5.1,-100.0,NR,573.5,778.4,-26.0,D,2026-09-22 11:06:53.457208
2026-09-22,2026-06-01,2026-09-22,district,PUNJAB,PUNJAB,SANGRUR,0.0,1.4,-100.0,NR,183.3,372.1,-51.0,D,2026-09-22 11:06:53.457208
2026-09-22,2026-06-01,2026-09-22,district,PUNJAB,PUNJAB,SAS NAGAR (MOHALI),0.0,5.0,-100.0,NR,235.3,599.0,-61.0,LD,2026-09-22 11:06:53.457208
2026-09-22,2026-06-01,2026-09-22,district,PUNJAB,PUNJAB,SBS NAGAR,0.0,3.5,-100.0,NR,351.8,721.1,-51.0,D,2026-09-22 11:06:53.457208
2026-09-22,2026-06-01,2026-09-22,district,PUNJAB,PUNJAB,TARN TARAN,0.0,0.7,-100.0,NR,123.8,255.4,-52.0,D,2026-09-22 11:06:53.457208
2026-09-22,2026-06-01,2026-09-22,district,RAYALASEEMA,ANDHRA PRADESH,ANANTAPURAMU,22.4,4.2,433.0,LE,235.4,300.3,-22.0,D,2026-09-22 11:06:53.457208
2026-09-22,2026-06-01,2026-09-22,district,RAYALASEEMA,ANDHRA PRADESH,ANNAMAYYA DISTRICT,1.6,2.9,-46.0,D,141.6,351.6,-60.0,LD,2026-09-22 11:06:53.457208
2026-09-22,2026-06-01,2026-09-22,district,RAYALASEEMA,ANDHRA PRADESH,CHITTOOR,24.0,3.7,549.0,LE,281.2,410.5,-32.0,D,2026-09-22 11:06:53.457208
2026-09-22,2026-06-01,2026-09-22,district,RAYALASEEMA,ANDHRA PRADESH,KURNOOL,5.8,6.3,-8.0,N,235.3,394.1,-40.0,D,2026-09-22 11:06:53.457208
2026-09-22,2026-06-01,2026-09-22,district,RAYALASEEMA,ANDHRA PRADESH,NANDYAL,20.9,5.2,302.0,LE,284.8,464.8,-39.0,D,2026-09-22 11:06:53.457208
2026-09-22,2026-06-01,2026-09-22,district,RAYALASEEMA,ANDHRA PRADESH,SRI SATHYASAI DISTRICT,12.5,4.2,198.0,LE,169.2,301.0,-44.0,D,2026-09-22 11:06:53.457208
2026-09-22,2026-06-01,2026-09-22,district,RAYALASEEMA,ANDHRA PRADESH,TIRUPATI,3.6,4.0,-10.0,N,230.9,404.7,-43.0,D,2026-09-22 11:06:53.457208
2026-09-22,2026-06-01,2026-09-22,district,RAYALASEEMA,ANDHRA PRADESH,YSR DISTRICT,15.9,5.4,194.0,LE,211.9,372.3,-43.0,D,2026-09-22 11:06:53.457208
2026-09-22,2026-06-01,2026-09-22,district,S. I. KARNATAKA,KARNATAKA,BALLARI,18.8,4.3,337.0,LE,161.3,326.8,-51.0,D,2026-09-22 11:06:53.457208
2026-09-22,2026-06-01,2026-09-22,district,S. I. KARNATAKA,KARNATAKA,BENGALURU RURAL,9.5,3.6,164.0,LE,315.3,386.4,-18.0,N,2026-09-22 11:06:53.457208
2026-09-22,2026-06-01,2026-09-22,district,S. I. KARNATAKA,KARNATAKA,BENGALURU URBAN,20.0,4.4,355.0,LE,229.1,402.6,-43.0,D,2026-09-22 11:06:53.457208
2026-09-22,2026-06-01,2026-09-22,district,S. I. KARNATAKA,KARNATAKA,CHAMARAJANAGAR,1.9,5.4,-65.0,LD,180.6,307.4,-41.0,D,2026-09-22 11:06:53.457208
2026-09-22,2026-06-01,2026-09-22,district,S. I. KARNATAKA,KARNATAKA,CHIKABALLAPURA,10.3,3.7,177.0,LE,207.5,375.2,-45.0,D,2026-09-22 11:06:53.457208
2026-09-22,2026-06-01,2026-09-22,district,S. I. KARNATAKA,KARNATAKA,CHIKKAMAGALURU,0.3,6.0,-94.0,LD,1240.3,1445.0,-14.0,N,2026-09-22 11:06:53.457208
2026-09-22,2026-06-01,2026-09-22,district,S. I. KARNATAKA,KARNATAKA,CHITRADURGA,5.8,3.6,61.0,LE,159.6,254.9,-37.0,D,2026-09-22 11:06:53.457208
2026-09-22,2026-06-01,2026-09-22,district,S. I. KARNATAKA,KARNATAKA,DAVANGERE,0.9,4.5,-81.0,LD,269.9,346.0,-22.0,D,2026-09-22 11:06:53.457208
2026-09-22,2026-06-01,2026-09-22,district,S. I. KARNATAKA,KARNATAKA,HASSAN,0.0,4.8,-100.0,NR,224.4,633.3,-65.0,LD,2026-09-22 11:06:53.457208
2026-09-22,2026-06-01,2026-09-22,district,S. I. KARNATAKA,KARNATAKA,KODAGU,2.4,7.2,-66.0,LD,1524.7,2192.3,-30.0,D,2026-09-22 11:06:53.457208
2026-09-22,2026-06-01,2026-09-22,district,S. I. KARNATAKA,KARNATAKA,KOLAR,3.8,4.1,-7.0,N,179.1,362.8,-51.0,D,2026-09-22 11:06:53.457208
2026-09-22,2026-06-01,2026-09-22,district,S. I. KARNATAKA,KARNATAKA,MANDYA,7.9,3.4,131.0,LE,159.1,263.4,-40.0,D,2026-09-22 11:06:53.457208
2026-09-22,2026-06-01,2026-09-22,district,S. I. KARNATAKA,KARNATAKA,MYSURU,1.7,2.8,-41.0,D,187.3,331.0,-43.0,D,2026-09-22 11:06:53.457208
2026-09-22,2026-06-01,2026-09-22,district,S. I. KARNATAKA,KARNATAKA,SHIVAMOGGA,2.4,5.7,-58.0,D,1446.7,1581.2,-9.0,N,2026-09-22 11:06:53.457208
2026-09-22,2026-06-01,2026-09-22,district,S. I. KARNATAKA,KARNATAKA,TUMAKURU,16.4,4.5,265.0,LE,168.7,331.6,-49.0,D,2026-09-22 11:06:53.457208
2026-09-22,2026-06-01,2026-09-22,district,S. I. KARNATAKA,KARNATAKA,VIJAYANAGARA,9.9,3.1,219.0,LE,170.1,339.0,-50.0,D,2026-09-22 11:06:53.457208
2026-09-22,2026-06-01,2026-09-22,district,SAURASHTRA & KUTCH,DADRA & NAGAR HAVELI AND DAMAN & DIU (UT),DIU,0.0,1.8,-100.0,NR,906.6,727.1,25.0,E,2026-09-22 11:06:53.457208
2026-09-22,2026-06-01,2026-09-22,district,SAURASHTRA & KUTCH,GUJARAT,AMRELI,0.0,3.9,-100.0,NR,580.7,551.1,5.0,N,2026-09-22 11:06:53.457208
2026-09-22,2026-06-01,2026-09-22,district,SAURASHTRA & KUTCH,GUJARAT,BHAVNAGAR,0.0,4.7,-100.0,NR,619.3,537.5,15.0,N,2026-09-22 11:06:53.457208
2026-09-22,2026-06-01,2026-09-22,district,SAURASHTRA & KUTCH,GUJARAT,BOTAD,3.5,2.3,52.0,E,570.8,531.5,7.0,N,2026-09-22 11:06:53.457208
2026-09-22,2026-06-01,2026-09-22,district,SAURASHTRA & KUTCH,GUJARAT,DEVBHOOMI DWARKA,0.0,0.6,-100.0,NR,150.9,545.8,-72.0,LD,2026-09-22 11:06:53.457208
2026-09-22,2026-06-01,2026-09-22,district,SAURASHTRA & KUTCH,GUJARAT,GIR SOMNATH,1.5,4.0,-63.0,LD,616.0,849.2,-27.0,D,2026-09-22 11:06:53.457208
2026-09-22,2026-06-01,2026-09-22,district,SAURASHTRA & KUTCH,GUJARAT,JAMNAGAR,0.0,1.4,-100.0,NR,316.0,610.3,-48.0,D,2026-09-22 11:06:53.457208
2026-09-22,2026-06-01,2026-09-22,district,SAURASHTRA & KUTCH,GUJARAT,JUNAGADH,0.0,4.4,-100.0,NR,706.1,855.8,-17.0,N,2026-09-22 11:06:53.457208
2026-09-22,2026-06-01,2026-09-22,district,SAURASHTRA & KUTCH,GUJARAT,KUTCH,0.0,0.6,-94.0,LD,263.4,394.9,-33.0,D,2026-09-22 11:06:53.457208
2026-09-22,2026-06-01,2026-09-22,district,SAURASHTRA & KUTCH,GUJARAT,MORBI,0.0,2.4,-100.0,NR,589.4,513.9,15.0,N,2026-09-22 11:06:53.457208
2026-09-22,2026-06-01,2026-09-22,district,SAURASHTRA & KUTCH,GUJARAT,PORBANDAR,0.0,2.2,-100.0,NR,244.7,671.1,-64.0,LD,2026-09-22 11:06:53.457208
2026-09-22,2026-06-01,2026-09-22,district,SAURASHTRA & KUTCH,GUJARAT,RAJKOT,4.3,2.4,77.0,LE,459.6,612.2,-25.0,D,2026-09-22 11:06:53.457208
2026-09-22,2026-06-01,2026-09-22,district,SAURASHTRA & KUTCH,GUJARAT,SURENDRANAGAR,0.0,2.3,-100.0,NR,575.4,499.9,15.0,N,2026-09-22 11:06:53.457208
2026-09-22,2026-06-01,2026-09-22,district,SHWB & SIKKIM,SIKKIM,GANGTOK,0.9,10.5,-92.0,LD,1912.8,2067.7,-7.0,N,2026-09-22 11:06:53.457208
2026-09-22,2026-06-01,2026-09-22,district,SHWB & SIKKIM,SIKKIM,GYALSHING,1.0,10.5,-90.0,LD,2218.9,1715.2,29.0,E,2026-09-22 11:06:53.457208
2026-09-22,2026-06-01,2026-09-22,district,SHWB & SIKKIM,SIKKIM,MANGAN,3.7,8.8,-58.0,D,1545.0,1470.7,5.0,N,2026-09-22 11:06:53.457208
2026-09-22,2026-06-01,2026-09-22,district,SHWB & SIKKIM,SIKKIM,NAMCHI,0.0,10.0,-100.0,NR,1775.5,1590.6,12.0,N,2026-09-22 11:06:53.457208
2026-09-22,2026-06-01,2026-09-22,district,SHWB & SIKKIM,SIKKIM,Pakyong,0.9,11.8,-92.0,LD,1490.7,1531.0,-3.0,N,2026-09-22 11:06:53.457208
2026-09-22,2026-06-01,2026-09-22,district,SHWB & SIKKIM,SIKKIM,Soreng,0.0,10.5,-100.0,NR,1933.5,1715.2,13.0,N,2026-09-22 11:06:53.457208
2026-09-22,2026-06-01,2026-09-22,district,SHWB & SIKKIM,WEST BENGAL,ALIPURDUAR,0.0,14.5,-100.0,NR,2563.6,2901.5,-12.0,N,2026-09-22 11:06:53.457208
2026-09-22,2026-06-01,2026-09-22,district,SHWB & SIKKIM,WEST BENGAL,COOCH BEHAR,0.0,13.4,-100.0,NR,1951.3,2250.4,-13.0,N,2026-09-22 11:06:53.457208
2026-09-22,2026-06-01,2026-09-22,district,SHWB & SIKKIM,WEST BENGAL,DARJEELING,0.0,12.3,-99.0,LD,2018.5,2605.3,-23.0,D,2026-09-22 11:06:53.457208
2026-09-22,2026-06-01,2026-09-22,district,SHWB & SIKKIM,WEST BENGAL,JALPAIGURI,0.0,14.2,-100.0,NR,2063.4,2774.6,-26.0,D,2026-09-22 11:06:53.457208
2026-09-22,2026-06-01,2026-09-22,district,SHWB & SIKKIM,WEST BENGAL,KALIMPONG,4.3,11.2,-61.0,LD,1800.9,2306.7,-22.0,D,2026-09-22 11:06:53.457208
2026-09-22,2026-06-01,2026-09-22,district,SHWB & SIKKIM,WEST BENGAL,MALDA,0.0,18.7,-100.0,NR,785.4,1070.0,-27.0,D,2026-09-22 11:06:53.457208
2026-09-22,2026-06-01,2026-09-22,district,SHWB & SIKKIM,WEST BENGAL,NORTH DINAJPUR,0.0,10.8,-100.0,NR,931.0,1384.0,-33.0,D,2026-09-22 11:06:53.457208
2026-09-22,2026-06-01,2026-09-22,district,SHWB & SIKKIM,WEST BENGAL,SOUTH DINAJPUR,0.0,11.7,-100.0,NR,763.2,1000.1,-24.0,D,2026-09-22 11:06:53.457208
2026-09-22,2026-06-01,2026-09-22,district,TAMIL. PUDU.& KARAIKAL,PUDUCHERRY (UT),KARAIKAL,6.6,3.8,74.0,LE,260.3,264.7,-2.0,N,2026-09-22 11:06:53.457208
2026-09-22,2026-06-01,2026-09-22,district,TAMIL. PUDU.& KARAIKAL,PUDUCHERRY (UT),PUDUCHERRY,1.6,3.6,-56.0,D,150.3,351.0,-57.0,D,2026-09-22 11:06:53.457208
2026-09-22,2026-06-01,2026-09-22,district,TAMIL. PUDU.& KARAIKAL,TAMILNADU,ARIYALUR,6.9,2.8,145.0,LE,287.8,282.1,2.0,N,2026-09-22 11:06:53.457208
2026-09-22,2026-06-01,2026-09-22,district,TAMIL. PUDU.& KARAIKAL,TAMILNADU,CHENGALPATTU,11.3,2.8,305.0,LE,202.0,362.4,-44.0,D,2026-09-22 11:06:53.457208
2026-09-22,2026-06-01,2026-09-22,district,TAMIL. PUDU.& KARAIKAL,TAMILNADU,CHENNAI,11.9,3.4,249.0,LE,367.0,399.1,-8.0,N,2026-09-22 11:06:53.457208
2026-09-22,2026-06-01,2026-09-22,district,TAMIL. PUDU.& KARAIKAL,TAMILNADU,COIMBATORE,0.5,3.8,-86.0,LD,701.3,651.8,8.0,N,2026-09-22 11:06:53.457208
2026-09-22,2026-06-01,2026-09-22,district,TAMIL. PUDU.& KARAIKAL,TAMILNADU,CUDDALORE,14.2,3.1,360.0,LE,321.2,316.7,1.0,N,2026-09-22 11:06:53.457208
2026-09-22,2026-06-01,2026-09-22,district,TAMIL. PUDU.& KARAIKAL,TAMILNADU,DHARMAPURI,8.8,3.6,143.0,LE,301.4,330.5,-9.0,N,2026-09-22 11:06:53.457208
2026-09-22,2026-06-01,2026-09-22,district,TAMIL. PUDU.& KARAIKAL,TAMILNADU,DINDIGUL,0.0,4.3,-100.0,NR,235.6,258.5,-9.0,N,2026-09-22 11:06:53.457208
2026-09-22,2026-06-01,2026-09-22,district,TAMIL. PUDU.& KARAIKAL,TAMILNADU,ERODE,2.4,3.8,-36.0,D,182.7,225.8,-19.0,N,2026-09-22 11:06:53.457208
2026-09-22,2026-06-01,2026-09-22,district,TAMIL. PUDU.& KARAIKAL,TAMILNADU,KALLAKURICHI,14.9,2.3,547.0,LE,284.0,356.2,-20.0,D,2026-09-22 11:06:53.457208
2026-09-22,2026-06-01,2026-09-22,district,TAMIL. PUDU.& KARAIKAL,TAMILNADU,KANCHEEPURAM,20.3,4.4,362.0,LE,304.1,426.1,-29.0,D,2026-09-22 11:06:53.457208
2026-09-22,2026-06-01,2026-09-22,district,TAMIL. PUDU.& KARAIKAL,TAMILNADU,KANYAKUMARI,0.2,5.1,-95.0,LD,430.7,458.1,-6.0,N,2026-09-22 11:06:53.457208
2026-09-22,2026-06-01,2026-09-22,district,TAMIL. PUDU.& KARAIKAL,TAMILNADU,KARUR,0.0,5.0,-99.0,LD,86.6,170.3,-49.0,D,2026-09-22 11:06:53.457208
2026-09-22,2026-06-01,2026-09-22,district,TAMIL. PUDU.& KARAIKAL,TAMILNADU,KRISHNAGIRI,9.3,4.2,121.0,LE,252.7,309.6,-18.0,N,2026-09-22 11:06:53.457208
2026-09-22,2026-06-01,2026-09-22,district,TAMIL. PUDU.& KARAIKAL,TAMILNADU,MADURAI,0.0,4.0,-100.0,NR,231.3,258.7,-11.0,N,2026-09-22 11:06:53.457208
2026-09-22,2026-06-01,2026-09-22,district,TAMIL. PUDU.& KARAIKAL,TAMILNADU,MAYILADUTHURAI,6.3,1.8,252.0,LE,215.3,273.2,-21.0,D,2026-09-22 11:06:53.457208
2026-09-22,2026-06-01,2026-09-22,district,TAMIL. PUDU.& KARAIKAL,TAMILNADU,NAGAPATTINAM,5.3,3.3,61.0,LE,114.1,219.3,-48.0,D,2026-09-22 11:06:53.457208
2026-09-22,2026-06-01,2026-09-22,district,TAMIL. PUDU.& KARAIKAL,TAMILNADU,NAMAKKAL,14.1,3.4,314.0,LE,188.3,290.9,-35.0,D,2026-09-22 11:06:53.457208
2026-09-22,2026-06-01,2026-09-22,district,TAMIL. PUDU.& KARAIKAL,TAMILNADU,NILGIRIS,1.0,4.9,-79.0,LD,543.7,794.5,-32.0,D,2026-09-22 11:06:53.457208
2026-09-22,2026-06-01,2026-09-22,district,TAMIL. PUDU.& KARAIKAL,TAMILNADU,PERAMBALUR,7.9,3.4,133.0,LE,258.0,248.6,4.0,N,2026-09-22 11:06:53.457208
2026-09-22,2026-06-01,2026-09-22,district,TAMIL. PUDU.& KARAIKAL,TAMILNADU,PUDUKKOTTAI,2.5,2.6,-5.0,N,216.2,262.9,-18.0,N,2026-09-22 11:06:53.457208
2026-09-22,2026-06-01,2026-09-22,district,TAMIL. PUDU.& KARAIKAL,TAMILNADU,RAMANATHAPURAM,0.0,2.1,-100.0,NR,72.7,108.0,-33.0,D,2026-09-22 11:06:53.457208
2026-09-22,2026-06-01,2026-09-22,district,TAMIL. PUDU.& KARAIKAL,TAMILNADU,RANIPET,17.1,4.0,328.0,LE,330.1,402.4,-18.0,N,2026-09-22 11:06:53.457208
2026-09-22,2026-06-01,2026-09-22,district,TAMIL. PUDU.& KARAIKAL,TAMILNADU,SALEM,10.3,4.1,152.0,LE,290.0,359.9,-19.0,N,2026-09-22 11:06:53.457208
2026-09-22,2026-06-01,2026-09-22,district,TAMIL. PUDU.& KARAIKAL,TAMILNADU,SIVAGANGA,0.0,4.3,-100.0,NR,322.5,279.3,15.0,N,2026-09-22 11:06:53.457208
2026-09-22,2026-06-01,2026-09-22,district,TAMIL. PUDU.& KARAIKAL,TAMILNADU,TENKASI,0.1,2.1,-96.0,LD,190.5,154.1,24.0,E,2026-09-22 11:06:53.457208
2026-09-22,2026-06-01,2026-09-22,district,TAMIL. PUDU.& KARAIKAL,TAMILNADU,THANJAVUR,8.4,3.6,134.0,LE,191.0,269.3,-29.0,D,2026-09-22 11:06:53.457208
2026-09-22,2026-06-01,2026-09-22,district,TAMIL. PUDU.& KARAIKAL,TAMILNADU,THENI,0.4,4.1,-91.0,LD,211.0,206.2,2.0,N,2026-09-22 11:06:53.457208
2026-09-22,2026-06-01,2026-09-22,district,TAMIL. PUDU.& KARAIKAL,TAMILNADU,THIRUCHIRAPALLI,7.3,3.1,136.0,LE,166.0,239.7,-31.0,D,2026-09-22 11:06:53.457208
2026-09-22,2026-06-01,2026-09-22,district,TAMIL. PUDU.& KARAIKAL,TAMILNADU,THIRUVALLUR,10.4,3.1,236.0,LE,329.8,420.1,-22.0,D,2026-09-22 11:06:53.457208
2026-09-22,2026-06-01,2026-09-22,district,TAMIL. PUDU.& KARAIKAL,TAMILNADU,THOOTHUKUDI,0.0,1.1,-100.0,NR,22.0,54.0,-59.0,D,2026-09-22 11:06:53.457208
2026-09-22,2026-06-01,2026-09-22,district,TAMIL. PUDU.& KARAIKAL,TAMILNADU,TIRUNELVELI,0.0,1.0,-100.0,NR,404.5,74.7,441.0,LE,2026-09-22 11:06:53.457208
2026-09-22,2026-06-01,2026-09-22,district,TAMIL. PUDU.& KARAIKAL,TAMILNADU,TIRUPATTUR,29.8,5.2,473.0,LE,238.8,385.7,-38.0,D,2026-09-22 11:06:53.457208
2026-09-22,2026-06-01,2026-09-22,district,TAMIL. PUDU.& KARAIKAL,TAMILNADU,TIRUPPUR,0.0,2.2,-100.0,NR,93.9,124.5,-25.0,D,2026-09-22 11:06:53.457208
2026-09-22,2026-06-01,2026-09-22,district,TAMIL. PUDU.& KARAIKAL,TAMILNADU,TIRUVANNAMALAI,26.6,5.5,384.0,LE,304.5,408.3,-25.0,D,2026-09-22 11:06:53.457208
2026-09-22,2026-06-01,2026-09-22,district,TAMIL. PUDU.& KARAIKAL,TAMILNADU,TIRUVARUR,13.7,2.9,372.0,LE,195.6,261.6,-25.0,D,2026-09-22 11:06:53.457208
2026-09-22,2026-06-01,2026-09-22,district,TAMIL. PUDU.& KARAIKAL,TAMILNADU,VELLORE,24.3,4.1,492.0,LE,268.6,389.0,-31.0,D,2026-09-22 11:06:53.457208
2026-09-22,2026-06-01,2026-09-22,district,TAMIL. PUDU.& KARAIKAL,TAMILNADU,VILLUPURAM,13.3,4.0,234.0,LE,335.8,362.2,-7.0,N,2026-09-22 11:06:53.457208
2026-09-22,2026-06-01,2026-09-22,district,TAMIL. PUDU.& KARAIKAL,TAMILNADU,VIRUDHUNAGAR,0.0,3.6,-100.0,NR,193.9,165.3,17.0,N,2026-09-22 11:06:53.457208
2026-09-22,2026-06-01,2026-09-22,district,TELANGANA,TELANGANA,ADILABAD,0.1,7.9,-99.0,LD,669.0,912.1,-27.0,D,2026-09-22 11:06:53.457208
2026-09-22,2026-06-01,2026-09-22,district,TELANGANA,TELANGANA,B. KOTHAGUDEM,0.5,5.2,-91.0,LD,648.9,913.9,-29.0,D,2026-09-22 11:06:53.457208
2026-09-22,2026-06-01,2026-09-22,district,TELANGANA,TELANGANA,HANUMAKONDA,0.0,5.5,-100.0,NR,423.8,656.3,-35.0,D,2026-09-22 11:06:53.457208
2026-09-22,2026-06-01,2026-09-22,district,TELANGANA,TELANGANA,HYDERABAD,0.1,8.4,-98.0,LD,398.6,585.3,-32.0,D,2026-09-22 11:06:53.457208
2026-09-22,2026-06-01,2026-09-22,district,TELANGANA,TELANGANA,J. BHUPALPALLY,0.0,6.9,-100.0,NR,791.1,948.7,-17.0,N,2026-09-22 11:06:53.457208
2026-09-22,2026-06-01,2026-09-22,district,TELANGANA,TELANGANA,JAGTIAL,4.3,4.7,-9.0,N,793.5,777.7,2.0,N,2026-09-22 11:06:53.457208
2026-09-22,2026-06-01,2026-09-22,district,TELANGANA,TELANGANA,JANGAON,0.1,4.6,-97.0,LD,433.3,642.6,-33.0,D,2026-09-22 11:06:53.457208
2026-09-22,2026-06-01,2026-09-22,district,TELANGANA,TELANGANA,JOGULAMBA GADWAL,9.9,4.9,102.0,LE,222.0,411.7,-46.0,D,2026-09-22 11:06:53.457208
2026-09-22,2026-06-01,2026-09-22,district,TELANGANA,TELANGANA,KAMAREDDY,1.1,4.2,-74.0,LD,813.7,736.6,10.0,N,2026-09-22 11:06:53.457208
2026-09-22,2026-06-01,2026-09-22,district,TELANGANA,TELANGANA,KARIMNAGAR,0.0,4.7,-99.0,LD,596.6,659.0,-9.0,N,2026-09-22 11:06:53.457208
2026-09-22,2026-06-01,2026-09-22,district,TELANGANA,TELANGANA,KHAMMAM,1.9,6.6,-71.0,LD,503.2,745.8,-33.0,D,2026-09-22 11:06:53.457208
2026-09-22,2026-06-01,2026-09-22,district,TELANGANA,TELANGANA,KUMARAM BHEEM,0.3,5.9,-95.0,LD,1042.4,943.6,10.0,N,2026-09-22 11:06:53.457208
2026-09-22,2026-06-01,2026-09-22,district,TELANGANA,TELANGANA,M. MALKAJGIRI,0.3,4.4,-94.0,LD,310.2,502.9,-38.0,D,2026-09-22 11:06:53.457208
2026-09-22,2026-06-01,2026-09-22,district,TELANGANA,TELANGANA,MAHABUBABAD,0.0,3.7,-100.0,NR,629.7,831.3,-24.0,D,2026-09-22 11:06:53.457208
2026-09-22,2026-06-01,2026-09-22,district,TELANGANA,TELANGANA,MAHABUBNAGAR,1.6,4.7,-66.0,LD,383.4,477.6,-20.0,D,2026-09-22 11:06:53.457208
2026-09-22,2026-06-01,2026-09-22,district,TELANGANA,TELANGANA,MANCHERIAL,2.2,4.8,-55.0,D,965.0,899.8,7.0,N,2026-09-22 11:06:53.457208
2026-09-22,2026-06-01,2026-09-22,district,TELANGANA,TELANGANA,MEDAK,0.4,5.4,-93.0,LD,674.4,734.5,-8.0,N,2026-09-22 11:06:53.457208
2026-09-22,2026-06-01,2026-09-22,district,TELANGANA,TELANGANA,MULUGU,0.0,4.2,-100.0,NR,906.6,946.7,-4.0,N,2026-09-22 11:06:53.457208
2026-09-22,2026-06-01,2026-09-22,district,TELANGANA,TELANGANA,NAGARKURNOOL,7.3,7.4,-1.0,N,316.1,452.3,-30.0,D,2026-09-22 11:06:53.457208
2026-09-22,2026-06-01,2026-09-22,district,TELANGANA,TELANGANA,NALGONDA,1.0,8.4,-88.0,LD,206.0,486.5,-58.0,D,2026-09-22 11:06:53.457208
2026-09-22,2026-06-01,2026-09-22,district,TELANGANA,TELANGANA,NARAYANPET,3.4,3.5,-2.0,N,370.2,432.0,-14.0,N,2026-09-22 11:06:53.457208
2026-09-22,2026-06-01,2026-09-22,district,TELANGANA,TELANGANA,NIRMAL,5.6,6.5,-13.0,N,429.2,851.2,-50.0,D,2026-09-22 11:06:53.457208
2026-09-22,2026-06-01,2026-09-22,district,TELANGANA,TELANGANA,NIZAMABAD,6.1,5.0,22.0,E,698.1,789.7,-12.0,N,2026-09-22 11:06:53.457208
2026-09-22,2026-06-01,2026-09-22,district,TELANGANA,TELANGANA,PEDDAPALLE,0.0,5.1,-100.0,NR,720.1,837.7,-14.0,N,2026-09-22 11:06:53.457208
2026-09-22,2026-06-01,2026-09-22,district,TELANGANA,TELANGANA,RAJANNA SIRCILLA,7.3,4.5,62.0,LE,649.8,649.8,0.0,N,2026-09-22 11:06:53.457208
2026-09-22,2026-06-01,2026-09-22,district,TELANGANA,TELANGANA,RANGAREDDY,0.4,9.3,-96.0,LD,374.1,509.8,-27.0,D,2026-09-22 11:06:53.457208
2026-09-22,2026-06-01,2026-09-22,district,TELANGANA,TELANGANA,SANGAREDDY,0.5,3.5,-87.0,LD,440.1,656.7,-33.0,D,2026-09-22 11:06:53.457208
2026-09-22,2026-06-01,2026-09-22,district,TELANGANA,TELANGANA,SIDDIPET,0.3,3.5,-93.0,LD,615.9,586.4,5.0,N,2026-09-22 11:06:53.457208
2026-09-22,2026-06-01,2026-09-22,district,TELANGANA,TELANGANA,SURYAPET,0.0,7.4,-100.0,NR,356.3,578.0,-38.0,D,2026-09-22 11:06:53.457208
2026-09-22,2026-06-01,2026-09-22,district,TELANGANA,TELANGANA,VIKARABAD,0.7,6.0,-89.0,LD,453.3,618.8,-27.0,D,2026-09-22 11:06:53.457208
2026-09-22,2026-06-01,2026-09-22,district,TELANGANA,TELANGANA,WANAPARTHY,2.5,5.9,-57.0,D,312.3,502.3,-38.0,D,2026-09-22 11:06:53.457208
2026-09-22,2026-06-01,2026-09-22,district,TELANGANA,TELANGANA,WARANGAL,1.1,4.1,-74.0,LD,489.6,873.4,-44.0,D,2026-09-22 11:06:53.457208
2026-09-22,2026-06-01,2026-09-22,district,TELANGANA,TELANGANA,Y. BHUVANAGIRI,0.0,5.4,-99.0,LD,324.2,497.9,-35.0,D,2026-09-22 11:06:53.457208
2026-09-22,2026-06-01,2026-09-22,district,UTTARAKHAND,UTTARAKHAND,ALMORA,0.0,3.0,-100.0,NR,962.3,771.3,25.0,E,2026-09-22 11:06:53.457208
2026-09-22,2026-06-01,2026-09-22,district,UTTARAKHAND,UTTARAKHAND,BAGESHWAR,1.3,3.0,-58.0,D,1984.7,771.3,157.0,LE,2026-09-22 11:06:53.457208
2026-09-22,2026-06-01,2026-09-22,district,UTTARAKHAND,UTTARAKHAND,CHAMOLI,0.0,1.5,-97.0,LD,1168.5,706.0,66.0,LE,2026-09-22 11:06:53.457208
2026-09-22,2026-06-01,2026-09-22,district,UTTARAKHAND,UTTARAKHAND,CHAMPAWAT,0.0,7.2,-100.0,NR,927.6,1276.1,-27.0,D,2026-09-22 11:06:53.457208
2026-09-22,2026-06-01,2026-09-22,district,UTTARAKHAND,UTTARAKHAND,DEHRADUN,0.1,6.1,-99.0,LD,1356.1,1412.7,-4.0,N,2026-09-22 11:06:53.457208
2026-09-22,2026-06-01,2026-09-22,district,UTTARAKHAND,UTTARAKHAND,GARHWAL PAURI,0.0,5.0,-100.0,NR,681.5,1243.6,-45.0,D,2026-09-22 11:06:53.457208
2026-09-22,2026-06-01,2026-09-22,district,UTTARAKHAND,UTTARAKHAND,GARHWAL TEHRI,0.0,3.2,-100.0,NR,1170.4,925.9,26.0,E,2026-09-22 11:06:53.457208
2026-09-22,2026-06-01,2026-09-22,district,UTTARAKHAND,UTTARAKHAND,HARDWAR,0.0,2.3,-100.0,NR,1091.0,968.7,13.0,N,2026-09-22 11:06:53.457208
2026-09-22,2026-06-01,2026-09-22,district,UTTARAKHAND,UTTARAKHAND,NAINITAL,2.2,4.6,-52.0,D,1173.3,1506.7,-22.0,D,2026-09-22 11:06:53.457208
2026-09-22,2026-06-01,2026-09-22,district,UTTARAKHAND,UTTARAKHAND,PITHORAGARH,0.4,4.7,-91.0,LD,1476.7,1466.4,1.0,N,2026-09-22 11:06:53.457208
2026-09-22,2026-06-01,2026-09-22,district,UTTARAKHAND,UTTARAKHAND,RUDRAPRAYAG,1.8,4.8,-63.0,LD,1395.2,1527.4,-9.0,N,2026-09-22 11:06:53.457208
2026-09-22,2026-06-01,2026-09-22,district,UTTARAKHAND,UTTARAKHAND,UDHAM SINGH NAGAR,0.0,5.9,-100.0,NR,1113.2,1104.1,1.0,N,2026-09-22 11:06:53.457208
2026-09-22,2026-06-01,2026-09-22,district,UTTARAKHAND,UTTARAKHAND,UTTARKASHI,0.0,6.2,-100.0,NR,954.9,1126.7,-15.0,N,2026-09-22 11:06:53.457208
2026-09-22,2026-06-01,2026-09-22,district,VIDARBHA,MAHARASHTRA,AKOLA,1.7,6.9,-75.0,LD,401.6,672.7,-40.0,D,2026-09-22 11:06:53.457208
2026-09-22,2026-06-01,2026-09-22,district,VIDARBHA,MAHARASHTRA,AMRAOTI,1.7,7.1,-76.0,LD,470.3,797.6,-41.0,D,2026-09-22 11:06:53.457208
2026-09-22,2026-06-01,2026-09-22,district,VIDARBHA,MAHARASHTRA,BHANDARA,1.3,6.8,-80.0,LD,878.5,1060.9,-17.0,N,2026-09-22 11:06:53.457208
2026-09-22,2026-06-01,2026-09-22,district,VIDARBHA,MAHARASHTRA,BULDHANA,3.9,7.1,-45.0,D,502.6,624.4,-20.0,D,2026-09-22 11:06:53.457208
2026-09-22,2026-06-01,2026-09-22,district,VIDARBHA,MAHARASHTRA,CHANDRAPUR,0.3,4.6,-94.0,LD,682.5,1049.7,-35.0,D,2026-09-22 11:06:53.457208
2026-09-22,2026-06-01,2026-09-22,district,VIDARBHA,MAHARASHTRA,GADCHIROLI,1.1,5.3,-78.0,LD,987.9,1262.6,-22.0,D,2026-09-22 11:06:53.457208
2026-09-22,2026-06-01,2026-09-22,district,VIDARBHA,MAHARASHTRA,GONDIA,0.7,4.1,-83.0,LD,1130.4,1189.5,-5.0,N,2026-09-22 11:06:53.457208
2026-09-22,2026-06-01,2026-09-22,district,VIDARBHA,MAHARASHTRA,NAGPUR,0.9,6.1,-85.0,LD,605.5,915.5,-34.0,D,2026-09-22 11:06:53.457208
2026-09-22,2026-06-01,2026-09-22,district,VIDARBHA,MAHARASHTRA,WARDHA,0.0,7.8,-99.0,LD,545.1,815.7,-33.0,D,2026-09-22 11:06:53.457208
2026-09-22,2026-06-01,2026-09-22,district,VIDARBHA,MAHARASHTRA,WASHIM,3.3,4.8,-31.0,D,483.4,750.9,-36.0,D,2026-09-22 11:06:53.457208
2026-09-22,2026-06-01,2026-09-22,district,VIDARBHA,MAHARASHTRA,YEOTMAL,0.0,3.9,-99.0,LD,583.9,785.5,-26.0,D,2026-09-22 11:06:53.457208
2026-09-22,2026-06-01,2026-09-22,district,WEST MADHYA PRADESH,MADHYA PRADESH,AGAR-MALWA,0.0,8.0,-100.0,NR,974.8,877.5,11.0,N,2026-09-22 11:06:53.457208
2026-09-22,2026-06-01,2026-09-22,district,WEST MADHYA PRADESH,MADHYA PRADESH,ALIRAJPUR,1.7,6.6,-75.0,LD,475.9,837.5,-43.0,D,2026-09-22 11:06:53.457208
2026-09-22,2026-06-01,2026-09-22,district,WEST MADHYA PRADESH,MADHYA PRADESH,ASHOKNAGAR,2.3,7.9,-72.0,LD,775.0,839.5,-8.0,N,2026-09-22 11:06:53.457208
2026-09-22,2026-06-01,2026-09-22,district,WEST MADHYA PRADESH,MADHYA PRADESH,BARWANI,0.0,8.2,-100.0,NR,593.4,636.7,-7.0,N,2026-09-22 11:06:53.457208
2026-09-22,2026-06-01,2026-09-22,district,WEST MADHYA PRADESH,MADHYA PRADESH,BETUL,3.9,9.0,-57.0,D,710.4,1017.8,-30.0,D,2026-09-22 11:06:53.457208
2026-09-22,2026-06-01,2026-09-22,district,WEST MADHYA PRADESH,MADHYA PRADESH,BHIND,0.0,2.6,-100.0,NR,757.2,601.7,26.0,E,2026-09-22 11:06:53.457208
2026-09-22,2026-06-01,2026-09-22,district,WEST MADHYA PRADESH,MADHYA PRADESH,BHOPAL,8.7,4.7,85.0,LE,1045.0,932.9,12.0,N,2026-09-22 11:06:53.457208
2026-09-22,2026-06-01,2026-09-22,district,WEST MADHYA PRADESH,MADHYA PRADESH,BURHANPUR,0.0,7.5,-100.0,NR,775.2,716.0,8.0,N,2026-09-22 11:06:53.457208
2026-09-22,2026-06-01,2026-09-22,district,WEST MADHYA PRADESH,MADHYA PRADESH,DATIA,0.0,3.5,-100.0,NR,771.6,733.6,5.0,N,2026-09-22 11:06:53.457208
2026-09-22,2026-06-01,2026-09-22,district,WEST MADHYA PRADESH,MADHYA PRADESH,DEWAS,1.6,6.2,-75.0,LD,786.6,878.3,-10.0,N,2026-09-22 11:06:53.457208
2026-09-22,2026-06-01,2026-09-22,district,WEST MADHYA PRADESH,MADHYA PRADESH,DHAR,0.0,7.8,-100.0,NR,489.1,783.8,-38.0,D,2026-09-22 11:06:53.457208
2026-09-22,2026-06-01,2026-09-22,district,WEST MADHYA PRADESH,MADHYA PRADESH,GUNA,10.5,3.8,177.0,LE,1050.5,920.0,14.0,N,2026-09-22 11:06:53.457208
2026-09-22,2026-06-01,2026-09-22,district,WEST MADHYA PRADESH,MADHYA PRADESH,GWALIOR,0.0,4.3,-100.0,NR,748.7,711.3,5.0,N,2026-09-22 11:06:53.457208
2026-09-22,2026-06-01,2026-09-22,district,WEST MADHYA PRADESH,MADHYA PRADESH,HARDA,0.0,5.7,-100.0,NR,698.1,1055.3,-34.0,D,2026-09-22 11:06:53.457208
2026-09-22,2026-06-01,2026-09-22,district,WEST MADHYA PRADESH,MADHYA PRADESH,INDORE,0.0,7.1,-100.0,NR,633.1,836.4,-24.0,D,2026-09-22 11:06:53.457208
2026-09-22,2026-06-01,2026-09-22,district,WEST MADHYA PRADESH,MADHYA PRADESH,JHABUA,0.0,6.2,-100.0,NR,576.1,852.9,-32.0,D,2026-09-22 11:06:53.457208
2026-09-22,2026-06-01,2026-09-22,district,WEST MADHYA PRADESH,MADHYA PRADESH,KHANDWA,1.2,11.0,-89.0,LD,703.8,764.0,-8.0,N,2026-09-22 11:06:53.457208
2026-09-22,2026-06-01,2026-09-22,district,WEST MADHYA PRADESH,MADHYA PRADESH,KHARGONE,0.0,5.8,-100.0,NR,741.2,687.9,8.0,N,2026-09-22 11:06:53.457208
2026-09-22,2026-06-01,2026-09-22,district,WEST MADHYA PRADESH,MADHYA PRADESH,MANDSAUR,0.0,3.1,-100.0,NR,750.9,808.3,-7.0,N,2026-09-22 11:06:53.457208
2026-09-22,2026-06-01,2026-09-22,district,WEST MADHYA PRADESH,MADHYA PRADESH,MORENA,0.0,3.0,-100.0,NR,580.6,636.6,-9.0,N,2026-09-22 11:06:53.457208
2026-09-22,2026-06-01,2026-09-22,district,WEST MADHYA PRADESH,MADHYA PRADESH,NARMADAPURAM,0.4,6.0,-93.0,LD,811.1,1234.6,-34.0,D,2026-09-22 11:06:53.457208
2026-09-22,2026-06-01,2026-09-22,district,WEST MADHYA PRADESH,MADHYA PRADESH,NEEMUCH,0.0,1.5,-100.0,NR,686.4,758.6,-10.0,N,2026-09-22 11:06:53.457208
2026-09-22,2026-06-01,2026-09-22,district,WEST MADHYA PRADESH,MADHYA PRADESH,RAISEN,14.6,5.6,161.0,LE,879.8,1064.2,-17.0,N,2026-09-22 11:06:53.457208
2026-09-22,2026-06-01,2026-09-22,district,WEST MADHYA PRADESH,MADHYA PRADESH,RAJGARH,1.4,3.7,-62.0,LD,1052.7,872.0,21.0,E,2026-09-22 11:06:53.457208
2026-09-22,2026-06-01,2026-09-22,district,WEST MADHYA PRADESH,MADHYA PRADESH,RATLAM,0.0,4.1,-100.0,NR,593.5,888.2,-33.0,D,2026-09-22 11:06:53.457208
2026-09-22,2026-06-01,2026-09-22,district,WEST MADHYA PRADESH,MADHYA PRADESH,SEHORE,3.2,4.3,-26.0,D,882.8,1043.6,-15.0,N,2026-09-22 11:06:53.457208
2026-09-22,2026-06-01,2026-09-22,district,WEST MADHYA PRADESH,MADHYA PRADESH,SHAJAPUR,0.7,4.0,-82.0,LD,712.4,875.8,-19.0,N,2026-09-22 11:06:53.457208
2026-09-22,2026-06-01,2026-09-22,district,WEST MADHYA PRADESH,MADHYA PRADESH,SHEOPUR,0.0,1.2,-100.0,NR,776.0,657.3,18.0,N,2026-09-22 11:06:53.457208
2026-09-22,2026-06-01,2026-09-22,district,WEST MADHYA PRADESH,MADHYA PRADESH,SHIVPURI,2.8,4.8,-42.0,D,968.5,777.4,25.0,E,2026-09-22 11:06:53.457208
2026-09-22,2026-06-01,2026-09-22,district,WEST MADHYA PRADESH,MADHYA PRADESH,UJJAIN,0.0,5.4,-100.0,NR,644.6,863.3,-25.0,D,2026-09-22 11:06:53.457208
2026-09-22,2026-06-01,2026-09-22,district,WEST MADHYA PRADESH,MADHYA PRADESH,VIDISHA,10.4,5.0,107.0,LE,833.5,1007.2,-17.0,N,2026-09-22 11:06:53.457208
2026-09-22,2026-06-01,2026-09-22,district,WEST RAJASTHAN,RAJASTHAN,BARMER,0.0,0.9,-100.0,NR,200.4,266.9,-25.0,D,2026-09-22 11:06:53.457208
2026-09-22,2026-06-01,2026-09-22,district,WEST RAJASTHAN,RAJASTHAN,BIKANER,0.0,0.5,-100.0,NR,222.7,242.6,-8.0,N,2026-09-22 11:06:53.457208
2026-09-22,2026-06-01,2026-09-22,district,WEST RAJASTHAN,RAJASTHAN,CHURU,0.0,0.9,-100.0,NR,292.0,325.6,-10.0,N,2026-09-22 11:06:53.457208
2026-09-22,2026-06-01,2026-09-22,district,WEST RAJASTHAN,RAJASTHAN,HANUMANGARH,0.0,1.7,-100.0,NR,149.2,246.3,-39.0,D,2026-09-22 11:06:53.457208
2026-09-22,2026-06-01,2026-09-22,district,WEST RAJASTHAN,RAJASTHAN,JAISALMER,0.0,0.8,-100.0,NR,89.1,174.9,-49.0,D,2026-09-22 11:06:53.457208
2026-09-22,2026-06-01,2026-09-22,district,WEST RAJASTHAN,RAJASTHAN,JALORE,0.0,1.1,-100.0,NR,173.4,409.2,-58.0,D,2026-09-22 11:06:53.457208
2026-09-22,2026-06-01,2026-09-22,district,WEST RAJASTHAN,RAJASTHAN,JODHPUR,0.0,0.8,-100.0,NR,195.5,286.1,-32.0,D,2026-09-22 11:06:53.457208
2026-09-22,2026-06-01,2026-09-22,district,WEST RAJASTHAN,RAJASTHAN,NAGAUR,0.0,0.4,-100.0,NR,318.7,361.3,-12.0,N,2026-09-22 11:06:53.457208
2026-09-22,2026-06-01,2026-09-22,district,WEST RAJASTHAN,RAJASTHAN,PALI,0.0,0.7,-100.0,NR,225.6,480.9,-53.0,D,2026-09-22 11:06:53.457208
2026-09-22,2026-06-01,2026-09-22,district,WEST RAJASTHAN,RAJASTHAN,SRI GANGANAGAR,0.0,1.7,-100.0,NR,177.4,200.7,-12.0,N,2026-09-22 11:06:53.457208
2026-09-22,2026-06-01,2026-09-22,district,WEST UTTAR PRADESH,UTTAR PRADESH,AGRA,0.0,1.2,-100.0,NR,513.9,520.5,-1.0,N,2026-09-22 11:06:53.457208
2026-09-22,2026-06-01,2026-09-22,district,WEST UTTAR PRADESH,UTTAR PRADESH,ALIGARH,0.0,2.0,-100.0,NR,314.6,576.9,-45.0,D,2026-09-22 11:06:53.457208
2026-09-22,2026-06-01,2026-09-22,district,WEST UTTAR PRADESH,UTTAR PRADESH,AMROHA,0.0,2.4,-100.0,NR,647.6,798.7,-19.0,N,2026-09-22 11:06:53.457208
2026-09-22,2026-06-01,2026-09-22,district,WEST UTTAR PRADESH,UTTAR PRADESH,AURAIYA,0.0,1.6,-100.0,NR,544.1,506.3,7.0,N,2026-09-22 11:06:53.457208
2026-09-22,2026-06-01,2026-09-22,district,WEST UTTAR PRADESH,UTTAR PRADESH,BADAUN,0.0,2.2,-100.0,NR,656.8,655.3,0.0,N,2026-09-22 11:06:53.457208
2026-09-22,2026-06-01,2026-09-22,district,WEST UTTAR PRADESH,UTTAR PRADESH,BAGHPAT,0.0,1.4,-100.0,NR,493.0,491.0,0.0,N,2026-09-22 11:06:53.457208
2026-09-22,2026-06-01,2026-09-22,district,WEST UTTAR PRADESH,UTTAR PRADESH,BAREILLY,0.0,3.6,-100.0,NR,753.3,770.3,-2.0,N,2026-09-22 11:06:53.457208
2026-09-22,2026-06-01,2026-09-22,district,WEST UTTAR PRADESH,UTTAR PRADESH,BIJNOR,0.0,1.9,-100.0,NR,1118.6,874.2,28.0,E,2026-09-22 11:06:53.457208
2026-09-22,2026-06-01,2026-09-22,district,WEST UTTAR PRADESH,UTTAR PRADESH,BULANDSHAHAR,0.0,1.5,-100.0,NR,454.6,522.5,-13.0,N,2026-09-22 11:06:53.457208
2026-09-22,2026-06-01,2026-09-22,district,WEST UTTAR PRADESH,UTTAR PRADESH,ETAH,0.0,2.0,-100.0,NR,688.5,497.9,38.0,E,2026-09-22 11:06:53.457208
2026-09-22,2026-06-01,2026-09-22,district,WEST UTTAR PRADESH,UTTAR PRADESH,ETAWAH,0.0,0.6,-100.0,NR,644.6,552.4,17.0,N,2026-09-22 11:06:53.457208
2026-09-22,2026-06-01,2026-09-22,district,WEST UTTAR PRADESH,UTTAR PRADESH,FIROZABAD,0.0,1.0,-100.0,NR,715.5,568.4,26.0,E,2026-09-22 11:06:53.457208
2026-09-22,2026-06-01,2026-09-22,district,WEST UTTAR PRADESH,UTTAR PRADESH,GAUTAM BUDDHA NAGAR,0.0,0.6,-100.0,NR,657.0,448.9,46.0,E,2026-09-22 11:06:53.457208
2026-09-22,2026-06-01,2026-09-22,district,WEST UTTAR PRADESH,UTTAR PRADESH,GHAZIABAD,0.0,0.6,-100.0,NR,182.8,451.8,-60.0,LD,2026-09-22 11:06:53.457208
2026-09-22,2026-06-01,2026-09-22,district,WEST UTTAR PRADESH,UTTAR PRADESH,HAMIRPUR,7.2,2.6,177.0,LE,1092.9,692.2,58.0,E,2026-09-22 11:06:53.457208
2026-09-22,2026-06-01,2026-09-22,district,WEST UTTAR PRADESH,UTTAR PRADESH,HAPUR,0.0,0.5,-100.0,NR,312.5,658.9,-53.0,D,2026-09-22 11:06:53.457208
2026-09-22,2026-06-01,2026-09-22,district,WEST UTTAR PRADESH,UTTAR PRADESH,HATHRAS,0.0,2.2,-100.0,NR,466.0,541.5,-14.0,N,2026-09-22 11:06:53.457208
2026-09-22,2026-06-01,2026-09-22,district,WEST UTTAR PRADESH,UTTAR PRADESH,JALAUN,0.0,2.8,-100.0,NR,717.0,629.1,14.0,N,2026-09-22 11:06:53.457208
2026-09-22,2026-06-01,2026-09-22,district,WEST UTTAR PRADESH,UTTAR PRADESH,JHANSI,0.0,2.9,-100.0,NR,564.4,710.9,-21.0,D,2026-09-22 11:06:53.457208
2026-09-22,2026-06-01,2026-09-22,district,WEST UTTAR PRADESH,UTTAR PRADESH,KASGANJ,0.0,3.2,-100.0,NR,568.3,654.3,-13.0,N,2026-09-22 11:06:53.457208
2026-09-22,2026-06-01,2026-09-22,district,WEST UTTAR PRADESH,UTTAR PRADESH,LALITPUR,8.8,1.5,487.0,LE,977.5,793.4,23.0,E,2026-09-22 11:06:53.457208
2026-09-22,2026-06-01,2026-09-22,district,WEST UTTAR PRADESH,UTTAR PRADESH,MAHOBA,0.3,1.3,-74.0,LD,965.6,582.8,66.0,LE,2026-09-22 11:06:53.457208
2026-09-22,2026-06-01,2026-09-22,district,WEST UTTAR PRADESH,UTTAR PRADESH,MAINPURI,0.0,0.9,-100.0,NR,388.1,638.9,-39.0,D,2026-09-22 11:06:53.457208
2026-09-22,2026-06-01,2026-09-22,district,WEST UTTAR PRADESH,UTTAR PRADESH,MATHURA,0.0,0.5,-100.0,NR,261.6,482.3,-46.0,D,2026-09-22 11:06:53.457208
2026-09-22,2026-06-01,2026-09-22,district,WEST UTTAR PRADESH,UTTAR PRADESH,MEERUT,0.0,1.8,-100.0,NR,996.3,636.4,57.0,E,2026-09-22 11:06:53.457208
2026-09-22,2026-06-01,2026-09-22,district,WEST UTTAR PRADESH,UTTAR PRADESH,MORADABAD,0.0,3.4,-100.0,NR,914.5,849.5,8.0,N,2026-09-22 11:06:53.457208
2026-09-22,2026-06-01,2026-09-22,district,WEST UTTAR PRADESH,UTTAR PRADESH,MUZAFFARNAGAR,0.0,1.6,-100.0,NR,989.6,640.1,55.0,E,2026-09-22 11:06:53.457208
2026-09-22,2026-06-01,2026-09-22,district,WEST UTTAR PRADESH,UTTAR PRADESH,PILIBHIT,0.5,5.6,-91.0,LD,347.9,822.3,-58.0,D,2026-09-22 11:06:53.457208
2026-09-22,2026-06-01,2026-09-22,district,WEST UTTAR PRADESH,UTTAR PRADESH,RAMPUR,0.0,1.6,-100.0,NR,613.2,714.0,-14.0,N,2026-09-22 11:06:53.457208
2026-09-22,2026-06-01,2026-09-22,district,WEST UTTAR PRADESH,UTTAR PRADESH,SAHARANPUR,0.0,1.9,-100.0,NR,518.3,736.5,-30.0,D,2026-09-22 11:06:53.457208
2026-09-22,2026-06-01,2026-09-22,district,WEST UTTAR PRADESH,UTTAR PRADESH,SAMBHAL,0.0,1.4,-100.0,NR,1151.2,644.5,79.0,LE,2026-09-22 11:06:53.457208
2026-09-22,2026-06-01,2026-09-22,district,WEST UTTAR PRADESH,UTTAR PRADESH,SHAHJAHANPUR,0.0,5.2,-100.0,NR,745.3,749.2,-1.0,N,2026-09-22 11:06:53.457208
2026-09-22,2026-06-01,2026-09-22,district,WEST UTTAR PRADESH,UTTAR PRADESH,SHAMLI,0.0,1.8,-100.0,NR,166.8,522.3,-68.0,LD,2026-09-22 11:06:53.457208
2026-09-22,2026-06-01,2026-09-22,state,ASSAM & MEGHALAYA,ASSAM,,0.3,9.2,-97.0,LD,1038.9,1412.7,-26.0,D,2026-09-22 11:06:53.457208
2026-09-22,2026-06-01,2026-09-22,state,ASSAM & MEGHALAYA,MEGHALAYA,,2.6,22.0,-88.0,LD,1042.2,2574.5,-60.0,LD,2026-09-22 11:06:53.457208
2026-09-22,2026-06-01,2026-09-22,state,BIHAR,UTTAR PRADESH,,0.5,3.7,-85.0,LD,681.6,723.0,-6.0,N,2026-09-22 11:06:53.457208
2026-09-22,2026-06-01,2026-09-22,state,CHHATTISGARH,ANDHRA PRADESH,,10.9,5.4,102.0,LE,299.0,480.0,-38.0,D,2026-09-22 11:06:53.457208
2026-09-22,2026-06-01,2026-09-22,state,COASTAL A. P. & YANAM,ANDHRA PRADESH,,10.9,5.4,102.0,LE,299.0,480.0,-38.0,D,2026-09-22 11:06:53.457208
2026-09-22,2026-06-01,2026-09-22,state,COASTAL A. P. & YANAM,PUDUCHERRY (UT),,7.5,3.9,92.0,LE,235.8,380.0,-38.0,D,2026-09-22 11:06:53.457208
2026-09-22,2026-06-01,2026-09-22,state,EAST MADHYA PRADESH,GUJARAT,,1.0,2.8,-65.0,LD,636.1,685.7,-7.0,N,2026-09-22 11:06:53.457208
2026-09-22,2026-06-01,2026-09-22,state,GUJARAT REGION,DADRA & NAGAR HAVELI AND DAMAN & DIU (UT),,22.1,14.0,58.0,E,2977.8,2126.6,40.0,E,2026-09-22 11:06:53.457208
2026-09-22,2026-06-01,2026-09-22,state,GUJARAT REGION,GUJARAT,,1.0,2.8,-65.0,LD,636.1,685.7,-7.0,N,2026-09-22 11:06:53.457208
2026-09-22,2026-06-01,2026-09-22,state,HAR. CHD & DELHI,CHANDIGARH (UT),,0.0,2.0,-100.0,NR,715.4,823.7,-13.0,N,2026-09-22 11:06:53.457208
2026-09-22,2026-06-01,2026-09-22,state,HAR. CHD & DELHI,DELHI,,0.0,4.1,-100.0,NR,562.7,532.3,6.0,N,2026-09-22 11:06:53.457208
2026-09-22,2026-06-01,2026-09-22,state,HAR. CHD & DELHI,HARYANA,,0.0,2.3,-100.0,NR,317.5,415.3,-24.0,D,2026-09-22 11:06:53.457208
2026-09-22,2026-06-01,2026-09-22,state,J & K AND LADAKH,JAMMU & KASHMIR(UT),,0.0,1.9,-100.0,NR,525.8,527.0,0.0,N,2026-09-22 11:06:53.457208
2026-09-22,2026-06-01,2026-09-22,state,J & K AND LADAKH,LADAKH (UT),,0.0,0.0,-100.0,NR,49.4,20.3,143.0,LE,2026-09-22 11:06:53.457208
2026-09-22,2026-06-01,2026-09-22,state,J & K AND LADAKH,RAJASTHAN,,0.0,1.2,-96.0,LD,335.5,426.6,-21.0,D,2026-09-22 11:06:53.457208
2026-09-22,2026-06-01,2026-09-22,state,KERALA & MAHE,KERALA,,5.1,7.2,-29.0,D,1423.0,1950.3,-27.0,D,2026-09-22 11:06:53.457208
2026-09-22,2026-06-01,2026-09-22,state,KERALA & MAHE,PUDUCHERRY (UT),,7.5,3.9,92.0,LE,235.8,380.0,-38.0,D,2026-09-22 11:06:53.457208
2026-09-22,2026-06-01,2026-09-22,state,KONKAN & GOA,GOA,,0.0,14.3,-100.0,NR,1895.5,2937.0,-35.0,D,2026-09-22 11:06:53.457208
2026-09-22,2026-06-01,2026-09-22,state,KONKAN & GOA,MAHARASHTRA,,5.0,7.2,-31.0,D,787.2,953.2,-17.0,N,2026-09-22 11:06:53.457208
2026-09-22,2026-06-01,2026-09-22,state,NMMT,MANIPUR,,1.9,6.2,-69.0,LD,560.2,987.6,-43.0,D,2026-09-22 11:06:53.457208
2026-09-22,2026-06-01,2026-09-22,state,NMMT,MIZORAM,,3.6,12.1,-70.0,LD,1257.7,1541.9,-18.0,N,2026-09-22 11:06:53.457208
2026-09-22,2026-06-01,2026-09-22,state,NMMT,NAGALAND,,4.3,6.7,-36.0,D,1073.9,989.4,9.0,N,2026-09-22 11:06:53.457208
2026-09-22,2026-06-01,2026-09-22,state,NMMT,TRIPURA,,11.8,12.4,-5.0,N,1127.4,1330.2,-15.0,N,2026-09-22 11:06:53.457208
2026-09-22,2026-06-01,2026-09-22,state,SAURASHTRA & KUTCH,DADRA & NAGAR HAVELI AND DAMAN & DIU (UT),,22.1,14.0,58.0,E,2977.8,2126.6,40.0,E,2026-09-22 11:06:53.457208
2026-09-22,2026-06-01,2026-09-22,state,SAURASHTRA & KUTCH,GUJARAT,,1.0,2.8,-65.0,LD,636.1,685.7,-7.0,N,2026-09-22 11:06:53.457208
2026-09-22,2026-06-01,2026-09-22,state,SHWB & SIKKIM,SIKKIM,,2.4,9.7,-75.0,LD,1696.4,1591.7,7.0,N,2026-09-22 11:06:53.457208
2026-09-22,2026-06-01,2026-09-22,state,SHWB & SIKKIM,WEST BENGAL,,3.0,10.9,-73.0,LD,1247.7,1264.1,-1.0,N,2026-09-22 11:06:53.457208
2026-09-22,2026-06-01,2026-09-22,state,TAMIL. PUDU.& KARAIKAL,KARNATAKA,,6.9,5.4,27.0,E,548.9,785.1,-30.0,D,2026-09-22 11:06:53.457208
2026-09-22,2026-06-01,2026-09-22,state,TAMIL. PUDU.& KARAIKAL,PUDUCHERRY (UT),,7.5,3.9,92.0,LE,235.8,380.0,-38.0,D,2026-09-22 11:06:53.457208
2026-09-22,2026-06-01,2026-09-22,state,TAMIL. PUDU.& KARAIKAL,TAMILNADU,,7.0,3.5,101.0,LE,255.0,292.1,-13.0,N,2026-09-22 11:06:53.457208
2026-09-22,2026-06-01,2026-09-22,state,WEST RAJASTHAN,MADHYA PRADESH,,3.5,4.9,-28.0,D,868.4,927.5,-6.0,N,2026-09-22 11:06:53.457208
2026-09-22,2026-06-01,2026-09-22,subdivision,A & N ISLAND,,,20.6,13.3,55.0,E,1645.6,1522.3,8.0,N,2026-09-22 11:06:53.457208
2026-09-22,2026-06-01,2026-09-22,subdivision,ARUNACHAL PRADESH,,,0.7,11.1,-94.0,LD,919.2,1588.4,-42.0,D,2026-09-22 11:06:53.457208
2026-09-22,2026-06-01,2026-09-22,subdivision,ASSAM & MEGHALAYA,,,0.8,12.2,-93.0,LD,1039.7,1683.1,-38.0,D,2026-09-22 11:06:53.457208
2026-09-22,2026-06-01,2026-09-22,subdivision,BIHAR,,,0.7,6.7,-89.0,LD,588.2,938.6,-37.0,D,2026-09-22 11:06:53.457208
2026-09-22,2026-06-01,2026-09-22,subdivision,CHHATTISGARH,,,1.9,5.3,-64.0,LD,1034.8,1098.2,-6.0,N,2026-09-22 11:06:53.457208
2026-09-22,2026-06-01,2026-09-22,subdivision,COASTAL A. P. & YANAM,,,8.7,6.0,44.0,E,356.1,556.3,-36.0,D,2026-09-22 11:06:53.457208
2026-09-22,2026-06-01,2026-09-22,subdivision,COASTAL KARNATAKA,,,2.4,9.2,-74.0,LD,2160.9,3023.8,-29.0,D,2026-09-22 11:06:53.457208
2026-09-22,2026-06-01,2026-09-22,subdivision,EAST MADHYA PRADESH,,,4.9,4.1,19.0,N,1000.7,1021.1,-2.0,N,2026-09-22 11:06:53.457208
2026-09-22,2026-06-01,2026-09-22,subdivision,EAST RAJASTHAN,,,0.1,1.8,-94.0,LD,511.8,613.6,-17.0,N,2026-09-22 11:06:53.457208
2026-09-22,2026-06-01,2026-09-22,subdivision,EAST UTTAR PRADESH,,,0.4,4.9,-92.0,LD,683.0,769.9,-11.0,N,2026-09-22 11:06:53.457208
2026-09-22,2026-06-01,2026-09-22,subdivision,GANGETIC WEST BENGAL,,,3.9,10.1,-62.0,LD,1138.0,1093.5,4.0,N,2026-09-22 11:06:53.457208
2026-09-22,2026-06-01,2026-09-22,subdivision,GUJARAT REGION,,,1.7,3.7,-54.0,D,918.5,895.9,3.0,N,2026-09-22 11:06:53.457208
2026-09-22,2026-06-01,2026-09-22,subdivision,HAR. CHD & DELHI,,,0.0,2.2,-100.0,NR,324.6,419.8,-23.0,D,2026-09-22 11:06:53.457208
2026-09-22,2026-06-01,2026-09-22,subdivision,HIMACHAL PRADESH,,,0.0,3.4,-100.0,NR,636.4,711.4,-11.0,N,2026-09-22 11:06:53.457208
2026-09-22,2026-06-01,2026-09-22,subdivision,J & K AND LADAKH,,,0.0,1.9,-100.0,NR,525.8,527.0,0.0,N,2026-09-22 11:06:53.457208
2026-09-22,2026-06-01,2026-09-22,subdivision,JHARKHAND,,,1.6,7.6,-79.0,LD,876.9,970.0,-10.0,N,2026-09-22 11:06:53.457208
2026-09-22,2026-06-01,2026-09-22,subdivision,KERALA & MAHE,,,5.1,7.2,-29.0,D,1423.1,1950.3,-27.0,D,2026-09-22 11:06:53.457208
2026-09-22,2026-06-01,2026-09-22,subdivision,KONKAN & GOA,,,8.4,13.6,-38.0,D,2427.6,2786.9,-13.0,N,2026-09-22 11:06:53.457208
2026-09-22,2026-06-01,2026-09-22,subdivision,LAKSHADWEEP,,,4.6,5.0,-9.0,N,717.4,988.7,-27.0,D,2026-09-22 11:06:53.457208
2026-09-22,2026-06-01,2026-09-22,subdivision,MADHYA MAHARASHTRA,,,7.5,6.8,10.0,N,681.2,701.7,-3.0,N,2026-09-22 11:06:53.457208
2026-09-22,2026-06-01,2026-09-22,subdivision,MARATHWADA,,,3.9,6.7,-42.0,D,381.4,604.4,-37.0,D,2026-09-22 11:06:53.457208
2026-09-22,2026-06-01,2026-09-22,subdivision,N. I. KARNATAKA,,,8.5,5.3,60.0,LE,305.4,438.0,-30.0,D,2026-09-22 11:06:53.457208
2026-09-22,2026-06-01,2026-09-22,subdivision,NMMT,,,4.6,9.4,-51.0,D,997.9,1237.9,-19.0,N,2026-09-22 11:06:53.457208
2026-09-22,2026-06-01,2026-09-22,subdivision,ODISHA,,,11.0,7.3,51.0,E,1304.5,1107.2,18.0,N,2026-09-22 11:06:53.457208
2026-09-22,2026-06-01,2026-09-22,subdivision,PUNJAB,,,0.0,1.7,-100.0,NR,254.2,420.9,-40.0,D,2026-09-22 11:06:53.457208
2026-09-22,2026-06-01,2026-09-22,subdivision,RAYALASEEMA,,,13.8,4.6,201.0,LE,224.4,371.7,-40.0,D,2026-09-22 11:06:53.457208
2026-09-22,2026-06-01,2026-09-22,subdivision,S. I. KARNATAKA,,,6.4,4.6,39.0,E,435.6,632.9,-31.0,D,2026-09-22 11:06:53.457208
2026-09-22,2026-06-01,2026-09-22,subdivision,SAURASHTRA & KUTCH,,,0.5,2.0,-76.0,LD,413.2,517.8,-20.0,D,2026-09-22 11:06:53.457208
2026-09-22,2026-06-01,2026-09-22,subdivision,SHWB & SIKKIM,,,0.8,12.6,-94.0,LD,1609.5,1791.5,-10.0,N,2026-09-22 11:06:53.457208
2026-09-22,2026-06-01,2026-09-22,subdivision,TAMIL. PUDU.& KARAIKAL,,,7.0,3.5,101.0,LE,254.8,292.2,-13.0,N,2026-09-22 11:06:53.457208
2026-09-22,2026-06-01,2026-09-22,subdivision,TELANGANA,,,1.9,5.8,-68.0,LD,550.9,696.9,-21.0,D,2026-09-22 11:06:53.457208
2026-09-22,2026-06-01,2026-09-22,subdivision,UTTARAKHAND,,,0.4,4.3,-91.0,LD,1158.9,1137.0,2.0,N,2026-09-22 11:06:53.457208
2026-09-22,2026-06-01,2026-09-22,subdivision,VIDARBHA,,,1.3,5.7,-78.0,LD,658.9,912.8,-28.0,D,2026-09-22 11:06:53.457208
2026-09-22,2026-06-01,2026-09-22,subdivision,WEST MADHYA PRADESH,,,2.5,5.5,-55.0,D,766.8,855.5,-10.0,N,2026-09-22 11:06:53.457208
2026-09-22,2026-06-01,2026-09-22,subdivision,WEST RAJASTHAN,,,0.0,0.8,-100.0,NR,195.2,277.8,-30.0,D,2026-09-22 11:06:53.457208
2026-09-22,2026-06-01,2026-09-22,subdivision,WEST UTTAR PRADESH,,,0.8,2.2,-66.0,LD,679.8,657.4,3.0,N,2026-09-22 11:06:53.457208
