date,period_start,period_end,level,subdivision,state,district,day_actual_mm,day_normal_mm,day_departure_pct,day_category,period_actual_mm,period_normal_mm,period_departure_pct,period_category,scraped_at
2026-09-17,2026-06-01,2026-09-17,district,A & N ISLAND,ANDAMAN & NICOBAR ISLANDS,NICOBAR,0.3,13.8,-98.0,LD,553.5,954.5,-42.0,D,2026-09-17 11:09:00.811810
2026-09-17,2026-06-01,2026-09-17,district,A & N ISLAND,ANDAMAN & NICOBAR ISLANDS,NORTH & MIDDLE ANDAMAN,9.0,17.5,-49.0,D,2370.4,1708.8,39.0,E,2026-09-17 11:09:00.811810
2026-09-17,2026-06-01,2026-09-17,district,A & N ISLAND,ANDAMAN & NICOBAR ISLANDS,SOUTH ANDAMAN,5.7,16.5,-65.0,LD,1183.6,1449.1,-18.0,N,2026-09-17 11:09:00.811810
2026-09-17,2026-06-01,2026-09-17,district,ARUNACHAL PRADESH,ARUNACHAL PRADESH,ANJAW,0.0,5.8,-100.0,NR,173.0,1485.4,-88.0,LD,2026-09-17 11:09:00.811810
2026-09-17,2026-06-01,2026-09-17,district,ARUNACHAL PRADESH,ARUNACHAL PRADESH,CHANGLANG,5.6,8.3,-33.0,D,1019.6,1243.2,-18.0,N,2026-09-17 11:09:00.811810
2026-09-17,2026-06-01,2026-09-17,district,ARUNACHAL PRADESH,ARUNACHAL PRADESH,EAST KAMENG,69.1,11.9,481.0,LE,1342.4,1134.1,18.0,N,2026-09-17 11:09:00.811810
2026-09-17,2026-06-01,2026-09-17,district,ARUNACHAL PRADESH,ARUNACHAL PRADESH,EAST SIANG,31.4,18.6,69.0,LE,2009.1,2941.8,-32.0,D,2026-09-17 11:09:00.811810
2026-09-17,2026-06-01,2026-09-17,district,ARUNACHAL PRADESH,ARUNACHAL PRADESH,KURUNG KUMEY,28.0,14.7,90.0,LE,594.7,1096.3,-46.0,D,2026-09-17 11:09:00.811810
2026-09-17,2026-06-01,2026-09-17,district,ARUNACHAL PRADESH,ARUNACHAL PRADESH,LOHIT,1.7,8.3,-79.0,LD,889.1,1453.9,-39.0,D,2026-09-17 11:09:00.811810
2026-09-17,2026-06-01,2026-09-17,district,ARUNACHAL PRADESH,ARUNACHAL PRADESH,LOWER SUBANSIRI,3.3,5.0,-35.0,D,403.6,691.3,-42.0,D,2026-09-17 11:09:00.811810
2026-09-17,2026-06-01,2026-09-17,district,ARUNACHAL PRADESH,ARUNACHAL PRADESH,PAPUMPARA,37.5,12.5,200.0,LE,1700.4,2017.4,-16.0,N,2026-09-17 11:09:00.811810
2026-09-17,2026-06-01,2026-09-17,district,ARUNACHAL PRADESH,ARUNACHAL PRADESH,TAWANG,0.0,7.8,-100.0,NR,326.4,914.1,-64.0,LD,2026-09-17 11:09:00.811810
2026-09-17,2026-06-01,2026-09-17,district,ARUNACHAL PRADESH,ARUNACHAL PRADESH,TIRAP,19.0,11.8,61.0,LE,1829.5,1824.1,0.0,N,2026-09-17 11:09:00.811810
2026-09-17,2026-06-01,2026-09-17,district,ARUNACHAL PRADESH,ARUNACHAL PRADESH,UPPER SIANG,66.2,17.6,276.0,LE,1157.7,1610.9,-28.0,D,2026-09-17 11:09:00.811810
2026-09-17,2026-06-01,2026-09-17,district,ARUNACHAL PRADESH,ARUNACHAL PRADESH,UPPER SUBANSIRI,6.4,6.7,-5.0,N,331.4,870.5,-62.0,LD,2026-09-17 11:09:00.811810
2026-09-17,2026-06-01,2026-09-17,district,ARUNACHAL PRADESH,ARUNACHAL PRADESH,WEST KAMENG,11.9,16.4,-27.0,D,514.7,1572.7,-67.0,LD,2026-09-17 11:09:00.811810
2026-09-17,2026-06-01,2026-09-17,district,ARUNACHAL PRADESH,ARUNACHAL PRADESH,WEST SIANG,21.9,12.5,75.0,LE,609.4,1849.3,-67.0,LD,2026-09-17 11:09:00.811810
2026-09-17,2026-06-01,2026-09-17,district,ASSAM & MEGHALAYA,ASSAM,BAJALI,15.5,12.8,21.0,E,1052.0,1958.3,-46.0,D,2026-09-17 11:09:00.811810
2026-09-17,2026-06-01,2026-09-17,district,ASSAM & MEGHALAYA,ASSAM,BAKSA,5.7,11.8,-52.0,D,1127.1,1429.5,-21.0,D,2026-09-17 11:09:00.811810
2026-09-17,2026-06-01,2026-09-17,district,ASSAM & MEGHALAYA,ASSAM,BARPETA,35.1,12.8,174.0,LE,1211.2,1958.3,-38.0,D,2026-09-17 11:09:00.811810
2026-09-17,2026-06-01,2026-09-17,district,ASSAM & MEGHALAYA,ASSAM,BONGAIGAON,44.7,19.0,135.0,LE,902.1,2195.1,-59.0,D,2026-09-17 11:09:00.811810
2026-09-17,2026-06-01,2026-09-17,district,ASSAM & MEGHALAYA,ASSAM,CACHAR,15.5,8.9,74.0,LE,1581.3,1704.3,-7.0,N,2026-09-17 11:09:00.811810
2026-09-17,2026-06-01,2026-09-17,district,ASSAM & MEGHALAYA,ASSAM,CHARAIDEO,26.0,11.7,122.0,LE,1191.0,967.2,23.0,E,2026-09-17 11:09:00.811810
2026-09-17,2026-06-01,2026-09-17,district,ASSAM & MEGHALAYA,ASSAM,CHIRANG,51.4,15.0,242.0,LE,1332.6,2227.5,-40.0,D,2026-09-17 11:09:00.811810
2026-09-17,2026-06-01,2026-09-17,district,ASSAM & MEGHALAYA,ASSAM,DARRANG,3.8,10.8,-65.0,LD,684.1,1203.2,-43.0,D,2026-09-17 11:09:00.811810
2026-09-17,2026-06-01,2026-09-17,district,ASSAM & MEGHALAYA,ASSAM,DHEMAJI,28.6,10.1,183.0,LE,2037.4,1947.2,5.0,N,2026-09-17 11:09:00.811810
2026-09-17,2026-06-01,2026-09-17,district,ASSAM & MEGHALAYA,ASSAM,DHUBRI,58.2,17.4,235.0,LE,1253.8,1919.9,-35.0,D,2026-09-17 11:09:00.811810
2026-09-17,2026-06-01,2026-09-17,district,ASSAM & MEGHALAYA,ASSAM,DIBRUGARH,13.7,8.9,54.0,E,1091.0,1386.0,-21.0,D,2026-09-17 11:09:00.811810
2026-09-17,2026-06-01,2026-09-17,district,ASSAM & MEGHALAYA,ASSAM,DIMA HASAO,1.2,5.0,-76.0,LD,546.4,949.7,-42.0,D,2026-09-17 11:09:00.811810
2026-09-17,2026-06-01,2026-09-17,district,ASSAM & MEGHALAYA,ASSAM,GOALPARA,28.1,17.6,60.0,LE,987.7,1889.3,-48.0,D,2026-09-17 11:09:00.811810
2026-09-17,2026-06-01,2026-09-17,district,ASSAM & MEGHALAYA,ASSAM,GOLAGHAT,5.2,9.1,-43.0,D,860.4,974.1,-12.0,N,2026-09-17 11:09:00.811810
2026-09-17,2026-06-01,2026-09-17,district,ASSAM & MEGHALAYA,ASSAM,HAILAKANDI,15.9,6.3,153.0,LE,1284.5,1405.8,-9.0,N,2026-09-17 11:09:00.811810
2026-09-17,2026-06-01,2026-09-17,district,ASSAM & MEGHALAYA,ASSAM,HOJAI,0.7,9.6,-93.0,LD,441.7,709.1,-38.0,D,2026-09-17 11:09:00.811810
2026-09-17,2026-06-01,2026-09-17,district,ASSAM & MEGHALAYA,ASSAM,JORHAT,11.6,8.2,41.0,E,800.5,1176.3,-32.0,D,2026-09-17 11:09:00.811810
2026-09-17,2026-06-01,2026-09-17,district,ASSAM & MEGHALAYA,ASSAM,KAMRUP METROPOLITAN,0.2,7.3,-97.0,LD,779.2,983.9,-21.0,D,2026-09-17 11:09:00.811810
2026-09-17,2026-06-01,2026-09-17,district,ASSAM & MEGHALAYA,ASSAM,KAMRUP RURAL,13.3,9.1,46.0,E,635.2,1192.7,-47.0,D,2026-09-17 11:09:00.811810
2026-09-17,2026-06-01,2026-09-17,district,ASSAM & MEGHALAYA,ASSAM,KARBI ANGLONG,0.0,6.0,-100.0,NR,645.0,762.6,-15.0,N,2026-09-17 11:09:00.811810
2026-09-17,2026-06-01,2026-09-17,district,ASSAM & MEGHALAYA,ASSAM,KOKRAJHAR,35.5,30.0,18.0,N,2217.6,2487.0,-11.0,N,2026-09-17 11:09:00.811810
2026-09-17,2026-06-01,2026-09-17,district,ASSAM & MEGHALAYA,ASSAM,LAKHIMPUR,51.9,13.7,279.0,LE,2164.9,1883.5,15.0,N,2026-09-17 11:09:00.811810
2026-09-17,2026-06-01,2026-09-17,district,ASSAM & MEGHALAYA,ASSAM,MORIGAON,0.5,7.7,-93.0,LD,618.3,1038.8,-40.0,D,2026-09-17 11:09:00.811810
2026-09-17,2026-06-01,2026-09-17,district,ASSAM & MEGHALAYA,ASSAM,NAGAON,0.3,7.5,-96.0,LD,558.0,956.1,-42.0,D,2026-09-17 11:09:00.811810
2026-09-17,2026-06-01,2026-09-17,district,ASSAM & MEGHALAYA,ASSAM,NALBARI,48.0,12.6,281.0,LE,612.4,1504.3,-59.0,D,2026-09-17 11:09:00.811810
2026-09-17,2026-06-01,2026-09-17,district,ASSAM & MEGHALAYA,ASSAM,SIBSAGAR,22.3,7.7,190.0,LE,832.4,1099.5,-24.0,D,2026-09-17 11:09:00.811810
2026-09-17,2026-06-01,2026-09-17,district,ASSAM & MEGHALAYA,ASSAM,SONITPUR,25.5,8.1,215.0,LE,1052.7,1102.2,-4.0,N,2026-09-17 11:09:00.811810
2026-09-17,2026-06-01,2026-09-17,district,ASSAM & MEGHALAYA,ASSAM,SRIBHUMI,39.8,11.8,237.0,LE,1537.3,1998.2,-23.0,D,2026-09-17 11:09:00.811810
2026-09-17,2026-06-01,2026-09-17,district,ASSAM & MEGHALAYA,ASSAM,TAMULPUR,4.4,8.1,-46.0,D,1122.5,1255.3,-11.0,N,2026-09-17 11:09:00.811810
2026-09-17,2026-06-01,2026-09-17,district,ASSAM & MEGHALAYA,ASSAM,TINSUKIA,11.1,8.7,27.0,E,1253.4,1353.2,-7.0,N,2026-09-17 11:09:00.811810
2026-09-17,2026-06-01,2026-09-17,district,ASSAM & MEGHALAYA,ASSAM,UDALGURI,0.8,12.5,-94.0,LD,536.1,1315.3,-59.0,D,2026-09-17 11:09:00.811810
2026-09-17,2026-06-01,2026-09-17,district,ASSAM & MEGHALAYA,ASSAM,WEST KARBI ANGLONG,1.4,7.1,-80.0,LD,580.8,653.6,-11.0,N,2026-09-17 11:09:00.811810
2026-09-17,2026-06-01,2026-09-17,district,ASSAM & MEGHALAYA,MEGHALAYA,EAST GARO HILLS,9.4,23.0,-59.0,D,614.6,1738.8,-65.0,LD,2026-09-17 11:09:00.811810
2026-09-17,2026-06-01,2026-09-17,district,ASSAM & MEGHALAYA,MEGHALAYA,EAST JAINTIA HILLS,7.8,25.1,-69.0,LD,1485.2,4184.1,-65.0,LD,2026-09-17 11:09:00.811810
2026-09-17,2026-06-01,2026-09-17,district,ASSAM & MEGHALAYA,MEGHALAYA,EAST KHASI HILLS,7.3,18.7,-61.0,LD,1947.3,4130.8,-53.0,D,2026-09-17 11:09:00.811810
2026-09-17,2026-06-01,2026-09-17,district,ASSAM & MEGHALAYA,MEGHALAYA,NORTH GARO HILLS,25.3,7.8,225.0,LE,602.3,1677.1,-64.0,LD,2026-09-17 11:09:00.811810
2026-09-17,2026-06-01,2026-09-17,district,ASSAM & MEGHALAYA,MEGHALAYA,RI BHOI,0.1,15.9,-99.0,LD,770.8,1451.8,-47.0,D,2026-09-17 11:09:00.811810
2026-09-17,2026-06-01,2026-09-17,district,ASSAM & MEGHALAYA,MEGHALAYA,SOUTH GARO HILLS,18.0,7.8,131.0,LE,866.4,1677.1,-48.0,D,2026-09-17 11:09:00.811810
2026-09-17,2026-06-01,2026-09-17,district,ASSAM & MEGHALAYA,MEGHALAYA,SOUTH WEST GARO HILLS,1.2,7.8,-85.0,LD,516.9,1677.1,-69.0,LD,2026-09-17 11:09:00.811810
2026-09-17,2026-06-01,2026-09-17,district,ASSAM & MEGHALAYA,MEGHALAYA,SOUTH WEST KHASI HILLS,11.4,7.8,47.0,E,2633.7,1677.1,57.0,E,2026-09-17 11:09:00.811810
2026-09-17,2026-06-01,2026-09-17,district,ASSAM & MEGHALAYA,MEGHALAYA,WEST GARO HILLS,9.5,16.7,-43.0,D,497.7,1729.8,-71.0,LD,2026-09-17 11:09:00.811810
2026-09-17,2026-06-01,2026-09-17,district,ASSAM & MEGHALAYA,MEGHALAYA,WEST JAINTIA HILLS,1.7,25.1,-93.0,LD,874.2,4184.1,-79.0,LD,2026-09-17 11:09:00.811810
2026-09-17,2026-06-01,2026-09-17,district,ASSAM & MEGHALAYA,MEGHALAYA,WEST KHASI HILLS,5.1,11.6,-56.0,D,817.5,2461.3,-67.0,LD,2026-09-17 11:09:00.811810
2026-09-17,2026-06-01,2026-09-17,district,BIHAR,BIHAR,ARARIA,0.0,10.5,-100.0,NR,823.5,1263.4,-35.0,D,2026-09-17 11:09:00.811810
2026-09-17,2026-06-01,2026-09-17,district,BIHAR,BIHAR,ARWAL,6.3,6.1,4.0,N,469.4,650.4,-28.0,D,2026-09-17 11:09:00.811810
2026-09-17,2026-06-01,2026-09-17,district,BIHAR,BIHAR,AURANGABAD,0.0,7.1,-100.0,NR,829.3,796.2,4.0,N,2026-09-17 11:09:00.811810
2026-09-17,2026-06-01,2026-09-17,district,BIHAR,BIHAR,BANKA,0.4,7.8,-95.0,LD,523.7,774.2,-32.0,D,2026-09-17 11:09:00.811810
2026-09-17,2026-06-01,2026-09-17,district,BIHAR,BIHAR,BEGUSARAI,5.0,8.1,-38.0,D,563.4,909.2,-38.0,D,2026-09-17 11:09:00.811810
2026-09-17,2026-06-01,2026-09-17,district,BIHAR,BIHAR,BHABUA,6.5,6.3,4.0,N,495.6,822.9,-40.0,D,2026-09-17 11:09:00.811810
2026-09-17,2026-06-01,2026-09-17,district,BIHAR,BIHAR,BHAGALPUR,0.0,7.1,-100.0,NR,414.8,864.8,-52.0,D,2026-09-17 11:09:00.811810
2026-09-17,2026-06-01,2026-09-17,district,BIHAR,BIHAR,BHOJPUR,12.4,6.5,91.0,LE,498.2,823.5,-40.0,D,2026-09-17 11:09:00.811810
2026-09-17,2026-06-01,2026-09-17,district,BIHAR,BIHAR,BUXAR,14.8,7.0,111.0,LE,655.2,733.2,-11.0,N,2026-09-17 11:09:00.811810
2026-09-17,2026-06-01,2026-09-17,district,BIHAR,BIHAR,DARBHANGA,10.1,5.1,98.0,LE,412.1,818.2,-50.0,D,2026-09-17 11:09:00.811810
2026-09-17,2026-06-01,2026-09-17,district,BIHAR,BIHAR,EAST CHAMPARAN,2.7,6.7,-60.0,LD,527.6,968.8,-46.0,D,2026-09-17 11:09:00.811810
2026-09-17,2026-06-01,2026-09-17,district,BIHAR,BIHAR,GAYA,2.3,7.5,-70.0,LD,602.9,762.6,-21.0,D,2026-09-17 11:09:00.811810
2026-09-17,2026-06-01,2026-09-17,district,BIHAR,BIHAR,GOPALGANJ,0.2,8.1,-98.0,LD,528.1,894.8,-41.0,D,2026-09-17 11:09:00.811810
2026-09-17,2026-06-01,2026-09-17,district,BIHAR,BIHAR,JAHANABAD,1.2,8.9,-87.0,LD,315.6,755.3,-58.0,D,2026-09-17 11:09:00.811810
2026-09-17,2026-06-01,2026-09-17,district,BIHAR,BIHAR,JAMUI,0.1,6.8,-98.0,LD,487.9,831.8,-41.0,D,2026-09-17 11:09:00.811810
2026-09-17,2026-06-01,2026-09-17,district,BIHAR,BIHAR,KATIHAR,8.1,7.6,7.0,N,622.8,955.5,-35.0,D,2026-09-17 11:09:00.811810
2026-09-17,2026-06-01,2026-09-17,district,BIHAR,BIHAR,KHAGARIA,4.3,7.4,-42.0,D,782.2,875.3,-11.0,N,2026-09-17 11:09:00.811810
2026-09-17,2026-06-01,2026-09-17,district,BIHAR,BIHAR,KISHANGANJ,1.5,12.9,-89.0,LD,1078.7,1602.7,-33.0,D,2026-09-17 11:09:00.811810
2026-09-17,2026-06-01,2026-09-17,district,BIHAR,BIHAR,LAKHISARAI,1.9,6.8,-72.0,LD,677.0,756.7,-11.0,N,2026-09-17 11:09:00.811810
2026-09-17,2026-06-01,2026-09-17,district,BIHAR,BIHAR,MADHEPURA,8.7,7.6,15.0,N,614.5,948.5,-35.0,D,2026-09-17 11:09:00.811810
2026-09-17,2026-06-01,2026-09-17,district,BIHAR,BIHAR,MADHUBANI,1.5,5.1,-71.0,LD,523.3,897.7,-42.0,D,2026-09-17 11:09:00.811810
2026-09-17,2026-06-01,2026-09-17,district,BIHAR,BIHAR,MUNGER,3.9,6.7,-42.0,D,644.2,919.5,-30.0,D,2026-09-17 11:09:00.811810
2026-09-17,2026-06-01,2026-09-17,district,BIHAR,BIHAR,MUZAFFARPUR,4.9,6.7,-26.0,D,457.7,882.8,-48.0,D,2026-09-17 11:09:00.811810
2026-09-17,2026-06-01,2026-09-17,district,BIHAR,BIHAR,NALANDA,1.3,8.4,-84.0,LD,481.4,780.1,-38.0,D,2026-09-17 11:09:00.811810
2026-09-17,2026-06-01,2026-09-17,district,BIHAR,BIHAR,NAWADA,3.4,4.7,-28.0,D,576.1,749.0,-23.0,D,2026-09-17 11:09:00.811810
2026-09-17,2026-06-01,2026-09-17,district,BIHAR,BIHAR,PATNA,4.1,8.6,-53.0,D,447.2,812.0,-45.0,D,2026-09-17 11:09:00.811810
2026-09-17,2026-06-01,2026-09-17,district,BIHAR,BIHAR,PURNEA,7.6,10.5,-28.0,D,739.4,1285.2,-42.0,D,2026-09-17 11:09:00.811810
2026-09-17,2026-06-01,2026-09-17,district,BIHAR,BIHAR,ROHTAS,6.1,5.1,19.0,N,599.6,785.3,-24.0,D,2026-09-17 11:09:00.811810
2026-09-17,2026-06-01,2026-09-17,district,BIHAR,BIHAR,SAHARSA,5.7,8.2,-30.0,D,508.2,986.4,-48.0,D,2026-09-17 11:09:00.811810
2026-09-17,2026-06-01,2026-09-17,district,BIHAR,BIHAR,SAMASTIPUR,4.0,5.5,-27.0,D,462.9,844.3,-45.0,D,2026-09-17 11:09:00.811810
2026-09-17,2026-06-01,2026-09-17,district,BIHAR,BIHAR,SARAN,1.2,6.9,-82.0,LD,435.5,836.3,-48.0,D,2026-09-17 11:09:00.811810
2026-09-17,2026-06-01,2026-09-17,district,BIHAR,BIHAR,SHEIKHPURA,0.0,6.2,-100.0,NR,493.6,743.3,-34.0,D,2026-09-17 11:09:00.811810
2026-09-17,2026-06-01,2026-09-17,district,BIHAR,BIHAR,SHEOHAR,0.7,9.2,-92.0,LD,344.9,920.2,-63.0,LD,2026-09-17 11:09:00.811810
2026-09-17,2026-06-01,2026-09-17,district,BIHAR,BIHAR,SITAMARHI,2.2,8.0,-72.0,LD,404.8,983.4,-59.0,D,2026-09-17 11:09:00.811810
2026-09-17,2026-06-01,2026-09-17,district,BIHAR,BIHAR,SIWAN,5.5,11.6,-53.0,D,730.7,835.5,-13.0,N,2026-09-17 11:09:00.811810
2026-09-17,2026-06-01,2026-09-17,district,BIHAR,BIHAR,SUPAUL,2.1,6.8,-69.0,LD,720.4,990.8,-27.0,D,2026-09-17 11:09:00.811810
2026-09-17,2026-06-01,2026-09-17,district,BIHAR,BIHAR,VAISHALI,0.9,6.5,-87.0,LD,482.0,827.8,-42.0,D,2026-09-17 11:09:00.811810
2026-09-17,2026-06-01,2026-09-17,district,BIHAR,BIHAR,WEST CHAMPARAN,8.1,7.5,8.0,N,689.6,1146.4,-40.0,D,2026-09-17 11:09:00.811810
2026-09-17,2026-06-01,2026-09-17,district,CHHATTISGARH,CHHATTISGARH,BALOD,0.0,9.4,-100.0,NR,1051.7,964.0,9.0,N,2026-09-17 11:09:00.811810
2026-09-17,2026-06-01,2026-09-17,district,CHHATTISGARH,CHHATTISGARH,BALODA BAZAR,0.1,5.9,-98.0,LD,999.5,874.9,14.0,N,2026-09-17 11:09:00.811810
2026-09-17,2026-06-01,2026-09-17,district,CHHATTISGARH,CHHATTISGARH,BALRAMPUR,3.5,5.4,-36.0,D,1483.5,931.1,59.0,E,2026-09-17 11:09:00.811810
2026-09-17,2026-06-01,2026-09-17,district,CHHATTISGARH,CHHATTISGARH,BASTAR,1.5,3.0,-51.0,D,1027.1,1094.8,-6.0,N,2026-09-17 11:09:00.811810
2026-09-17,2026-06-01,2026-09-17,district,CHHATTISGARH,CHHATTISGARH,BEMETARA,0.3,8.2,-96.0,LD,567.1,980.5,-42.0,D,2026-09-17 11:09:00.811810
2026-09-17,2026-06-01,2026-09-17,district,CHHATTISGARH,CHHATTISGARH,BIJAPUR,0.0,9.1,-100.0,NR,1324.0,1296.3,2.0,N,2026-09-17 11:09:00.811810
2026-09-17,2026-06-01,2026-09-17,district,CHHATTISGARH,CHHATTISGARH,BILASPUR,0.5,4.9,-90.0,LD,965.3,993.3,-3.0,N,2026-09-17 11:09:00.811810
2026-09-17,2026-06-01,2026-09-17,district,CHHATTISGARH,CHHATTISGARH,DANTEWADA,0.0,11.3,-100.0,NR,1056.3,1222.5,-14.0,N,2026-09-17 11:09:00.811810
2026-09-17,2026-06-01,2026-09-17,district,CHHATTISGARH,CHHATTISGARH,DHAMTARI,0.0,6.3,-100.0,NR,1054.5,996.4,6.0,N,2026-09-17 11:09:00.811810
2026-09-17,2026-06-01,2026-09-17,district,CHHATTISGARH,CHHATTISGARH,DURG,0.3,5.9,-95.0,LD,761.7,920.5,-17.0,N,2026-09-17 11:09:00.811810
2026-09-17,2026-06-01,2026-09-17,district,CHHATTISGARH,CHHATTISGARH,GARIABAND,0.5,8.1,-94.0,LD,1147.5,995.4,15.0,N,2026-09-17 11:09:00.811810
2026-09-17,2026-06-01,2026-09-17,district,CHHATTISGARH,CHHATTISGARH,GAURELA PENDRA MARWAHI,5.4,7.0,-22.0,D,905.9,1028.8,-12.0,N,2026-09-17 11:09:00.811810
2026-09-17,2026-06-01,2026-09-17,district,CHHATTISGARH,CHHATTISGARH,JANJGIR,2.3,4.7,-51.0,D,1109.6,1028.1,8.0,N,2026-09-17 11:09:00.811810
2026-09-17,2026-06-01,2026-09-17,district,CHHATTISGARH,CHHATTISGARH,JASHPUR,1.8,7.5,-76.0,LD,793.6,1264.8,-37.0,D,2026-09-17 11:09:00.811810
2026-09-17,2026-06-01,2026-09-17,district,CHHATTISGARH,CHHATTISGARH,KABIRDHAM,3.1,6.6,-53.0,D,636.6,804.7,-21.0,D,2026-09-17 11:09:00.811810
2026-09-17,2026-06-01,2026-09-17,district,CHHATTISGARH,CHHATTISGARH,KANKER,0.2,8.0,-98.0,LD,855.2,1252.0,-32.0,D,2026-09-17 11:09:00.811810
2026-09-17,2026-06-01,2026-09-17,district,CHHATTISGARH,CHHATTISGARH,KHAIRAGARH CHH GANDAI,5.7,5.4,5.0,N,688.2,689.9,0.0,N,2026-09-17 11:09:00.811810
2026-09-17,2026-06-01,2026-09-17,district,CHHATTISGARH,CHHATTISGARH,KONDAGAON,0.6,9.8,-94.0,LD,935.8,1108.9,-16.0,N,2026-09-17 11:09:00.811810
2026-09-17,2026-06-01,2026-09-17,district,CHHATTISGARH,CHHATTISGARH,KORBA,1.5,5.0,-69.0,LD,1056.2,1190.2,-11.0,N,2026-09-17 11:09:00.811810
2026-09-17,2026-06-01,2026-09-17,district,CHHATTISGARH,CHHATTISGARH,KORIYA,0.3,4.5,-94.0,LD,889.6,1045.5,-15.0,N,2026-09-17 11:09:00.811810
2026-09-17,2026-06-01,2026-09-17,district,CHHATTISGARH,CHHATTISGARH,MAHASAMUND,0.0,9.2,-100.0,NR,1123.9,1002.8,12.0,N,2026-09-17 11:09:00.811810
2026-09-17,2026-06-01,2026-09-17,district,CHHATTISGARH,CHHATTISGARH,MANENDRAGARH BHARATPUR,3.1,4.5,-31.0,D,1119.7,1045.3,7.0,N,2026-09-17 11:09:00.811810
2026-09-17,2026-06-01,2026-09-17,district,CHHATTISGARH,CHHATTISGARH,MOHALA MANPUR CHOWKI,0.0,9.4,-100.0,NR,843.7,970.1,-13.0,N,2026-09-17 11:09:00.811810
2026-09-17,2026-06-01,2026-09-17,district,CHHATTISGARH,CHHATTISGARH,MUNGELI,0.0,2.0,-100.0,NR,1088.6,891.4,22.0,E,2026-09-17 11:09:00.811810
2026-09-17,2026-06-01,2026-09-17,district,CHHATTISGARH,CHHATTISGARH,NARAYANPUR,2.8,7.4,-63.0,LD,1355.2,1162.5,17.0,N,2026-09-17 11:09:00.811810
2026-09-17,2026-06-01,2026-09-17,district,CHHATTISGARH,CHHATTISGARH,RAIGARH,0.0,4.0,-100.0,NR,954.2,1124.3,-15.0,N,2026-09-17 11:09:00.811810
2026-09-17,2026-06-01,2026-09-17,district,CHHATTISGARH,CHHATTISGARH,RAIPUR,0.2,7.1,-97.0,LD,1105.7,953.0,16.0,N,2026-09-17 11:09:00.811810
2026-09-17,2026-06-01,2026-09-17,district,CHHATTISGARH,CHHATTISGARH,RAJNANDGAON,0.0,5.9,-100.0,NR,831.7,970.8,-14.0,N,2026-09-17 11:09:00.811810
2026-09-17,2026-06-01,2026-09-17,district,CHHATTISGARH,CHHATTISGARH,SAKTI,0.0,2.5,-100.0,NR,933.8,1055.5,-12.0,N,2026-09-17 11:09:00.811810
2026-09-17,2026-06-01,2026-09-17,district,CHHATTISGARH,CHHATTISGARH,SARANGARH BILAIGARH,0.2,1.4,-87.0,LD,1124.4,877.9,28.0,E,2026-09-17 11:09:00.811810
2026-09-17,2026-06-01,2026-09-17,district,CHHATTISGARH,CHHATTISGARH,SUKMA,0.0,9.7,-100.0,NR,976.1,1124.5,-13.0,N,2026-09-17 11:09:00.811810
2026-09-17,2026-06-01,2026-09-17,district,CHHATTISGARH,CHHATTISGARH,SURAJPUR,0.3,6.6,-95.0,LD,1172.5,1128.7,4.0,N,2026-09-17 11:09:00.811810
2026-09-17,2026-06-01,2026-09-17,district,CHHATTISGARH,CHHATTISGARH,SURGUJA,0.8,4.1,-80.0,LD,649.8,1103.8,-41.0,D,2026-09-17 11:09:00.811810
2026-09-17,2026-06-01,2026-09-17,district,COASTAL A. P. & YANAM,ANDHRA PRADESH,ANAKAPALLI,12.0,6.8,77.0,LE,344.7,555.1,-38.0,D,2026-09-17 11:09:00.811810
2026-09-17,2026-06-01,2026-09-17,district,COASTAL A. P. & YANAM,ANDHRA PRADESH,BAPATLA,0.0,5.5,-100.0,NR,257.1,475.4,-46.0,D,2026-09-17 11:09:00.811810
2026-09-17,2026-06-01,2026-09-17,district,COASTAL A. P. & YANAM,ANDHRA PRADESH,DR B R AMBEDKAR KONASEEMA,0.0,3.4,-100.0,NR,565.4,685.9,-18.0,N,2026-09-17 11:09:00.811810
2026-09-17,2026-06-01,2026-09-17,district,COASTAL A. P. & YANAM,ANDHRA PRADESH,EAST GODAVARI,0.0,4.2,-100.0,NR,370.1,648.4,-43.0,D,2026-09-17 11:09:00.811810
2026-09-17,2026-06-01,2026-09-17,district,COASTAL A. P. & YANAM,ANDHRA PRADESH,ELURU,0.0,4.8,-100.0,NR,476.9,774.7,-38.0,D,2026-09-17 11:09:00.811810
2026-09-17,2026-06-01,2026-09-17,district,COASTAL A. P. & YANAM,ANDHRA PRADESH,GUNTUR,4.1,4.2,-2.0,N,428.7,517.2,-17.0,N,2026-09-17 11:09:00.811810
2026-09-17,2026-06-01,2026-09-17,district,COASTAL A. P. & YANAM,ANDHRA PRADESH,KAKINADA,8.3,3.6,131.0,LE,364.0,579.0,-37.0,D,2026-09-17 11:09:00.811810
2026-09-17,2026-06-01,2026-09-17,district,COASTAL A. P. & YANAM,ANDHRA PRADESH,KRISHNA,0.0,4.6,-100.0,NR,384.1,583.4,-34.0,D,2026-09-17 11:09:00.811810
2026-09-17,2026-06-01,2026-09-17,district,COASTAL A. P. & YANAM,ANDHRA PRADESH,NTR DISTRICT,0.0,4.3,-100.0,NR,402.1,632.0,-36.0,D,2026-09-17 11:09:00.811810
2026-09-17,2026-06-01,2026-09-17,district,COASTAL A. P. & YANAM,ANDHRA PRADESH,PALNADU,2.3,4.1,-43.0,D,295.9,473.2,-37.0,D,2026-09-17 11:09:00.811810
2026-09-17,2026-06-01,2026-09-17,district,COASTAL A. P. & YANAM,ANDHRA PRADESH,PARVATHIPURAM MANYAM,0.0,9.1,-100.0,NR,441.8,712.2,-38.0,D,2026-09-17 11:09:00.811810
2026-09-17,2026-06-01,2026-09-17,district,COASTAL A. P. & YANAM,ANDHRA PRADESH,PRAKASAM,0.7,4.2,-84.0,LD,129.5,309.7,-58.0,D,2026-09-17 11:09:00.811810
2026-09-17,2026-06-01,2026-09-17,district,COASTAL A. P. & YANAM,ANDHRA PRADESH,SPSR NELLORE,0.0,4.5,-100.0,NR,152.6,276.4,-45.0,D,2026-09-17 11:09:00.811810
2026-09-17,2026-06-01,2026-09-17,district,COASTAL A. P. & YANAM,ANDHRA PRADESH,SRI ALLURI SITHARAMARAJU DISTRICT,5.6,5.6,0.0,N,432.1,826.2,-48.0,D,2026-09-17 11:09:00.811810
2026-09-17,2026-06-01,2026-09-17,district,COASTAL A. P. & YANAM,ANDHRA PRADESH,SRIKAKULAM,1.2,8.3,-86.0,LD,421.8,634.6,-34.0,D,2026-09-17 11:09:00.811810
2026-09-17,2026-06-01,2026-09-17,district,COASTAL A. P. & YANAM,ANDHRA PRADESH,VISHAKHAPATNAM,3.3,4.8,-31.0,D,290.6,488.4,-40.0,D,2026-09-17 11:09:00.811810
2026-09-17,2026-06-01,2026-09-17,district,COASTAL A. P. & YANAM,ANDHRA PRADESH,VIZIANAGARAM,5.2,6.1,-14.0,N,416.2,612.9,-32.0,D,2026-09-17 11:09:00.811810
2026-09-17,2026-06-01,2026-09-17,district,COASTAL A. P. & YANAM,ANDHRA PRADESH,WEST GODAVARI,0.0,3.1,-99.0,LD,407.3,653.8,-38.0,D,2026-09-17 11:09:00.811810
2026-09-17,2026-06-01,2026-09-17,district,COASTAL A. P. & YANAM,PUDUCHERRY (UT),YANAM,36.6,7.0,423.0,LE,431.2,650.5,-34.0,D,2026-09-17 11:09:00.811810
2026-09-17,2026-06-01,2026-09-17,district,COASTAL KARNATAKA,KARNATAKA,DAKSHINA KANNADA,0.4,9.2,-95.0,LD,2456.4,3201.8,-23.0,D,2026-09-17 11:09:00.811810
2026-09-17,2026-06-01,2026-09-17,district,COASTAL KARNATAKA,KARNATAKA,UDUPI,6.7,9.9,-32.0,D,2561.8,3625.0,-29.0,D,2026-09-17 11:09:00.811810
2026-09-17,2026-06-01,2026-09-17,district,COASTAL KARNATAKA,KARNATAKA,UTTARA KANNADA,1.9,8.9,-79.0,LD,1864.2,2644.1,-29.0,D,2026-09-17 11:09:00.811810
2026-09-17,2026-06-01,2026-09-17,district,EAST MADHYA PRADESH,MADHYA PRADESH,ANUPPUR,2.9,7.0,-59.0,D,1011.0,940.7,7.0,N,2026-09-17 11:09:00.811810
2026-09-17,2026-06-01,2026-09-17,district,EAST MADHYA PRADESH,MADHYA PRADESH,BALAGHAT,3.3,4.6,-28.0,D,1066.3,1179.9,-10.0,N,2026-09-17 11:09:00.811810
2026-09-17,2026-06-01,2026-09-17,district,EAST MADHYA PRADESH,MADHYA PRADESH,CHHATARPUR,0.8,6.0,-87.0,LD,950.8,903.4,5.0,N,2026-09-17 11:09:00.811810
2026-09-17,2026-06-01,2026-09-17,district,EAST MADHYA PRADESH,MADHYA PRADESH,CHHINDWARA,0.4,6.3,-94.0,LD,732.1,980.8,-25.0,D,2026-09-17 11:09:00.811810
2026-09-17,2026-06-01,2026-09-17,district,EAST MADHYA PRADESH,MADHYA PRADESH,DAMOH,8.0,5.3,51.0,E,945.2,1046.1,-10.0,N,2026-09-17 11:09:00.811810
2026-09-17,2026-06-01,2026-09-17,district,EAST MADHYA PRADESH,MADHYA PRADESH,DINDORI,2.6,4.5,-41.0,D,1031.1,1139.6,-10.0,N,2026-09-17 11:09:00.811810
2026-09-17,2026-06-01,2026-09-17,district,EAST MADHYA PRADESH,MADHYA PRADESH,JABALPUR,1.9,4.3,-57.0,D,897.8,1082.9,-17.0,N,2026-09-17 11:09:00.811810
2026-09-17,2026-06-01,2026-09-17,district,EAST MADHYA PRADESH,MADHYA PRADESH,KATNI,1.5,3.0,-50.0,D,831.0,905.9,-8.0,N,2026-09-17 11:09:00.811810
2026-09-17,2026-06-01,2026-09-17,district,EAST MADHYA PRADESH,MADHYA PRADESH,MAIHAR,2.8,7.8,-65.0,LD,1055.2,930.7,13.0,N,2026-09-17 11:09:00.811810
2026-09-17,2026-06-01,2026-09-17,district,EAST MADHYA PRADESH,MADHYA PRADESH,MANDLA,1.9,8.5,-77.0,LD,1084.5,1146.9,-5.0,N,2026-09-17 11:09:00.811810
2026-09-17,2026-06-01,2026-09-17,district,EAST MADHYA PRADESH,MADHYA PRADESH,MAUGANJ,4.3,10.0,-57.0,D,1395.0,923.6,51.0,E,2026-09-17 11:09:00.811810
2026-09-17,2026-06-01,2026-09-17,district,EAST MADHYA PRADESH,MADHYA PRADESH,NARSINGHPUR,0.0,5.7,-100.0,NR,912.6,1004.7,-9.0,N,2026-09-17 11:09:00.811810
2026-09-17,2026-06-01,2026-09-17,district,EAST MADHYA PRADESH,MADHYA PRADESH,NIWARI,0.0,2.2,-100.0,NR,1157.0,752.1,54.0,E,2026-09-17 11:09:00.811810
2026-09-17,2026-06-01,2026-09-17,district,EAST MADHYA PRADESH,MADHYA PRADESH,PANDHURNA,0.0,5.5,-100.0,NR,605.0,749.5,-19.0,N,2026-09-17 11:09:00.811810
2026-09-17,2026-06-01,2026-09-17,district,EAST MADHYA PRADESH,MADHYA PRADESH,PANNA,3.1,5.2,-41.0,D,1075.7,1044.3,3.0,N,2026-09-17 11:09:00.811810
2026-09-17,2026-06-01,2026-09-17,district,EAST MADHYA PRADESH,MADHYA PRADESH,REWA,7.4,3.7,101.0,LE,799.0,943.0,-15.0,N,2026-09-17 11:09:00.811810
2026-09-17,2026-06-01,2026-09-17,district,EAST MADHYA PRADESH,MADHYA PRADESH,SAGAR,5.0,5.6,-11.0,N,852.2,1018.5,-16.0,N,2026-09-17 11:09:00.811810
2026-09-17,2026-06-01,2026-09-17,district,EAST MADHYA PRADESH,MADHYA PRADESH,SATNA,8.4,6.7,25.0,E,1303.4,901.4,45.0,E,2026-09-17 11:09:00.811810
2026-09-17,2026-06-01,2026-09-17,district,EAST MADHYA PRADESH,MADHYA PRADESH,SEONI,0.0,5.6,-100.0,NR,804.5,971.1,-17.0,N,2026-09-17 11:09:00.811810
2026-09-17,2026-06-01,2026-09-17,district,EAST MADHYA PRADESH,MADHYA PRADESH,SHAHDOL,1.6,4.5,-65.0,LD,1108.1,943.6,17.0,N,2026-09-17 11:09:00.811810
2026-09-17,2026-06-01,2026-09-17,district,EAST MADHYA PRADESH,MADHYA PRADESH,SIDHI,0.9,4.4,-80.0,LD,1119.4,990.1,13.0,N,2026-09-17 11:09:00.811810
2026-09-17,2026-06-01,2026-09-17,district,EAST MADHYA PRADESH,MADHYA PRADESH,SINGRAULI,9.9,6.3,57.0,E,1062.4,980.8,8.0,N,2026-09-17 11:09:00.811810
2026-09-17,2026-06-01,2026-09-17,district,EAST MADHYA PRADESH,MADHYA PRADESH,TIKAMGARH,0.1,5.0,-98.0,LD,902.1,875.7,3.0,N,2026-09-17 11:09:00.811810
2026-09-17,2026-06-01,2026-09-17,district,EAST MADHYA PRADESH,MADHYA PRADESH,UMARIA,3.1,7.3,-57.0,D,1085.2,1028.2,6.0,N,2026-09-17 11:09:00.811810
2026-09-17,2026-06-01,2026-09-17,district,EAST RAJASTHAN,RAJASTHAN,AJMER,0.0,2.2,-100.0,NR,346.2,443.0,-22.0,D,2026-09-17 11:09:00.811810
2026-09-17,2026-06-01,2026-09-17,district,EAST RAJASTHAN,RAJASTHAN,ALWAR,0.1,2.3,-95.0,LD,503.0,526.1,-4.0,N,2026-09-17 11:09:00.811810
2026-09-17,2026-06-01,2026-09-17,district,EAST RAJASTHAN,RAJASTHAN,BANSWARA,0.0,3.7,-100.0,NR,440.1,849.8,-48.0,D,2026-09-17 11:09:00.811810
2026-09-17,2026-06-01,2026-09-17,district,EAST RAJASTHAN,RAJASTHAN,BARAN,0.0,3.1,-100.0,NR,644.8,808.2,-20.0,D,2026-09-17 11:09:00.811810
2026-09-17,2026-06-01,2026-09-17,district,EAST RAJASTHAN,RAJASTHAN,BHARATPUR,0.0,2.9,-100.0,NR,657.7,523.4,26.0,E,2026-09-17 11:09:00.811810
2026-09-17,2026-06-01,2026-09-17,district,EAST RAJASTHAN,RAJASTHAN,BHILWARA,0.0,2.3,-100.0,NR,391.8,584.9,-33.0,D,2026-09-17 11:09:00.811810
2026-09-17,2026-06-01,2026-09-17,district,EAST RAJASTHAN,RAJASTHAN,BUNDI,0.0,2.1,-100.0,NR,506.9,628.8,-19.0,N,2026-09-17 11:09:00.811810
2026-09-17,2026-06-01,2026-09-17,district,EAST RAJASTHAN,RAJASTHAN,CHITTORGARH,0.0,2.2,-100.0,NR,531.8,703.4,-24.0,D,2026-09-17 11:09:00.811810
2026-09-17,2026-06-01,2026-09-17,district,EAST RAJASTHAN,RAJASTHAN,DAUSA,0.0,2.4,-100.0,NR,621.0,577.7,7.0,N,2026-09-17 11:09:00.811810
2026-09-17,2026-06-01,2026-09-17,district,EAST RAJASTHAN,RAJASTHAN,DHOLPUR,0.0,4.3,-100.0,NR,703.2,565.1,24.0,E,2026-09-17 11:09:00.811810
2026-09-17,2026-06-01,2026-09-17,district,EAST RAJASTHAN,RAJASTHAN,DUNGARPUR,0.0,2.7,-100.0,NR,408.8,677.5,-40.0,D,2026-09-17 11:09:00.811810
2026-09-17,2026-06-01,2026-09-17,district,EAST RAJASTHAN,RAJASTHAN,JAIPUR,0.3,2.0,-83.0,LD,384.1,509.2,-25.0,D,2026-09-17 11:09:00.811810
2026-09-17,2026-06-01,2026-09-17,district,EAST RAJASTHAN,RAJASTHAN,JHALAWAR,0.0,2.3,-100.0,NR,765.1,855.0,-11.0,N,2026-09-17 11:09:00.811810
2026-09-17,2026-06-01,2026-09-17,district,EAST RAJASTHAN,RAJASTHAN,JHUNJHUNU,0.0,2.3,-100.0,NR,403.0,393.8,2.0,N,2026-09-17 11:09:00.811810
2026-09-17,2026-06-01,2026-09-17,district,EAST RAJASTHAN,RAJASTHAN,KARAULI,0.0,1.8,-100.0,NR,537.0,580.2,-7.0,N,2026-09-17 11:09:00.811810
2026-09-17,2026-06-01,2026-09-17,district,EAST RAJASTHAN,RAJASTHAN,KOTA,3.1,1.6,96.0,LE,528.2,714.1,-26.0,D,2026-09-17 11:09:00.811810
2026-09-17,2026-06-01,2026-09-17,district,EAST RAJASTHAN,RAJASTHAN,PRATAPGARH,0.0,3.4,-100.0,NR,708.1,878.7,-19.0,N,2026-09-17 11:09:00.811810
2026-09-17,2026-06-01,2026-09-17,district,EAST RAJASTHAN,RAJASTHAN,RAJSAMAND,6.9,1.1,523.0,LE,339.1,515.8,-34.0,D,2026-09-17 11:09:00.811810
2026-09-17,2026-06-01,2026-09-17,district,EAST RAJASTHAN,RAJASTHAN,SAWAI MADHOPUR,0.0,1.7,-100.0,NR,529.9,645.9,-18.0,N,2026-09-17 11:09:00.811810
2026-09-17,2026-06-01,2026-09-17,district,EAST RAJASTHAN,RAJASTHAN,SIKAR,2.4,1.4,70.0,LE,355.4,394.0,-10.0,N,2026-09-17 11:09:00.811810
2026-09-17,2026-06-01,2026-09-17,district,EAST RAJASTHAN,RAJASTHAN,SIROHI,0.0,1.7,-100.0,NR,437.9,845.1,-48.0,D,2026-09-17 11:09:00.811810
2026-09-17,2026-06-01,2026-09-17,district,EAST RAJASTHAN,RAJASTHAN,TONK,0.6,1.9,-71.0,LD,453.8,552.5,-18.0,N,2026-09-17 11:09:00.811810
2026-09-17,2026-06-01,2026-09-17,district,EAST RAJASTHAN,RAJASTHAN,UDAIPUR,0.0,2.4,-100.0,NR,388.9,586.6,-34.0,D,2026-09-17 11:09:00.811810
2026-09-17,2026-06-01,2026-09-17,district,EAST UTTAR PRADESH,UTTAR PRADESH,AMBEDKAR NAGAR,5.8,5.5,5.0,N,706.3,790.3,-11.0,N,2026-09-17 11:09:00.811810
2026-09-17,2026-06-01,2026-09-17,district,EAST UTTAR PRADESH,UTTAR PRADESH,AMETHI,0.2,1.8,-89.0,LD,369.6,628.6,-41.0,D,2026-09-17 11:09:00.811810
2026-09-17,2026-06-01,2026-09-17,district,EAST UTTAR PRADESH,UTTAR PRADESH,AYODHYA,1.3,5.0,-73.0,LD,673.8,797.4,-16.0,N,2026-09-17 11:09:00.811810
2026-09-17,2026-06-01,2026-09-17,district,EAST UTTAR PRADESH,UTTAR PRADESH,AZAMGARH,0.0,8.4,-100.0,NR,611.7,783.0,-22.0,D,2026-09-17 11:09:00.811810
2026-09-17,2026-06-01,2026-09-17,district,EAST UTTAR PRADESH,UTTAR PRADESH,BAHRAICH,6.6,8.9,-26.0,D,1031.2,922.2,12.0,N,2026-09-17 11:09:00.811810
2026-09-17,2026-06-01,2026-09-17,district,EAST UTTAR PRADESH,UTTAR PRADESH,BALLIA,2.0,5.3,-62.0,LD,542.5,660.0,-18.0,N,2026-09-17 11:09:00.811810
2026-09-17,2026-06-01,2026-09-17,district,EAST UTTAR PRADESH,UTTAR PRADESH,BALRAMPUR,0.6,3.6,-83.0,LD,607.4,741.0,-18.0,N,2026-09-17 11:09:00.811810
2026-09-17,2026-06-01,2026-09-17,district,EAST UTTAR PRADESH,UTTAR PRADESH,BANDA,9.2,3.2,188.0,LE,1138.3,730.8,56.0,E,2026-09-17 11:09:00.811810
2026-09-17,2026-06-01,2026-09-17,district,EAST UTTAR PRADESH,UTTAR PRADESH,BARABANKI,0.8,4.0,-81.0,LD,765.2,766.2,0.0,N,2026-09-17 11:09:00.811810
2026-09-17,2026-06-01,2026-09-17,district,EAST UTTAR PRADESH,UTTAR PRADESH,BASTI,0.0,4.2,-100.0,NR,624.1,768.3,-19.0,N,2026-09-17 11:09:00.811810
2026-09-17,2026-06-01,2026-09-17,district,EAST UTTAR PRADESH,UTTAR PRADESH,BHADOHI,0.0,3.2,-100.0,NR,294.2,737.1,-60.0,LD,2026-09-17 11:09:00.811810
2026-09-17,2026-06-01,2026-09-17,district,EAST UTTAR PRADESH,UTTAR PRADESH,CHANDAULI,3.5,2.7,30.0,E,522.0,669.1,-22.0,D,2026-09-17 11:09:00.811810
2026-09-17,2026-06-01,2026-09-17,district,EAST UTTAR PRADESH,UTTAR PRADESH,CHITRAKOOT,13.8,2.6,429.0,LE,1247.1,739.9,69.0,LE,2026-09-17 11:09:00.811810
2026-09-17,2026-06-01,2026-09-17,district,EAST UTTAR PRADESH,UTTAR PRADESH,DEORIA,1.0,5.4,-81.0,LD,194.0,718.2,-73.0,LD,2026-09-17 11:09:00.811810
2026-09-17,2026-06-01,2026-09-17,district,EAST UTTAR PRADESH,UTTAR PRADESH,FARRUKHABAD,0.0,8.0,-100.0,NR,544.9,699.5,-22.0,D,2026-09-17 11:09:00.811810
2026-09-17,2026-06-01,2026-09-17,district,EAST UTTAR PRADESH,UTTAR PRADESH,FATEHPUR,5.1,4.4,17.0,N,636.5,659.8,-4.0,N,2026-09-17 11:09:00.811810
2026-09-17,2026-06-01,2026-09-17,district,EAST UTTAR PRADESH,UTTAR PRADESH,GHAZIPUR,29.6,4.3,588.0,LE,600.7,730.7,-18.0,N,2026-09-17 11:09:00.811810
2026-09-17,2026-06-01,2026-09-17,district,EAST UTTAR PRADESH,UTTAR PRADESH,GONDA,5.5,5.1,7.0,N,750.6,810.4,-7.0,N,2026-09-17 11:09:00.811810
2026-09-17,2026-06-01,2026-09-17,district,EAST UTTAR PRADESH,UTTAR PRADESH,GORAKHPUR,1.4,15.0,-90.0,LD,757.4,1155.2,-34.0,D,2026-09-17 11:09:00.811810
2026-09-17,2026-06-01,2026-09-17,district,EAST UTTAR PRADESH,UTTAR PRADESH,HARDOI,0.4,4.6,-92.0,LD,576.2,633.9,-9.0,N,2026-09-17 11:09:00.811810
2026-09-17,2026-06-01,2026-09-17,district,EAST UTTAR PRADESH,UTTAR PRADESH,JAUNPUR,1.2,4.5,-74.0,LD,282.2,674.5,-58.0,D,2026-09-17 11:09:00.811810
2026-09-17,2026-06-01,2026-09-17,district,EAST UTTAR PRADESH,UTTAR PRADESH,KANNAUJ,3.3,1.3,150.0,LE,823.3,638.0,29.0,E,2026-09-17 11:09:00.811810
2026-09-17,2026-06-01,2026-09-17,district,EAST UTTAR PRADESH,UTTAR PRADESH,KANPUR CITY,9.8,2.7,262.0,LE,882.9,584.1,51.0,E,2026-09-17 11:09:00.811810
2026-09-17,2026-06-01,2026-09-17,district,EAST UTTAR PRADESH,UTTAR PRADESH,KANPUR DEHAT,0.6,3.0,-80.0,LD,199.5,546.2,-63.0,LD,2026-09-17 11:09:00.811810
2026-09-17,2026-06-01,2026-09-17,district,EAST UTTAR PRADESH,UTTAR PRADESH,KAUSHAMBI,5.2,2.8,85.0,LE,327.7,517.2,-37.0,D,2026-09-17 11:09:00.811810
2026-09-17,2026-06-01,2026-09-17,district,EAST UTTAR PRADESH,UTTAR PRADESH,KHERI,13.1,8.1,62.0,LE,958.4,858.4,12.0,N,2026-09-17 11:09:00.811810
2026-09-17,2026-06-01,2026-09-17,district,EAST UTTAR PRADESH,UTTAR PRADESH,LUCKNOW,0.0,3.3,-100.0,NR,647.6,630.0,3.0,N,2026-09-17 11:09:00.811810
2026-09-17,2026-06-01,2026-09-17,district,EAST UTTAR PRADESH,UTTAR PRADESH,MAHARAJGANJ,1.4,7.9,-82.0,LD,741.0,934.5,-21.0,D,2026-09-17 11:09:00.811810
2026-09-17,2026-06-01,2026-09-17,district,EAST UTTAR PRADESH,UTTAR PRADESH,MAU,10.0,5.2,92.0,LE,333.5,739.9,-55.0,D,2026-09-17 11:09:00.811810
2026-09-17,2026-06-01,2026-09-17,district,EAST UTTAR PRADESH,UTTAR PRADESH,MIRZAPUR,0.0,3.9,-100.0,NR,839.8,825.7,2.0,N,2026-09-17 11:09:00.811810
2026-09-17,2026-06-01,2026-09-17,district,EAST UTTAR PRADESH,UTTAR PRADESH,PRATAPGARH,12.0,4.8,150.0,LE,881.8,727.0,21.0,E,2026-09-17 11:09:00.811810
2026-09-17,2026-06-01,2026-09-17,district,EAST UTTAR PRADESH,UTTAR PRADESH,PRAYAGRAJ,9.0,3.9,131.0,LE,931.0,681.2,37.0,E,2026-09-17 11:09:00.811810
2026-09-17,2026-06-01,2026-09-17,district,EAST UTTAR PRADESH,UTTAR PRADESH,RAE BAREILLY,0.6,1.5,-62.0,LD,329.6,404.1,-18.0,N,2026-09-17 11:09:00.811810
2026-09-17,2026-06-01,2026-09-17,district,EAST UTTAR PRADESH,UTTAR PRADESH,SANT KABIR NAGAR,0.8,7.2,-90.0,LD,508.6,920.4,-45.0,D,2026-09-17 11:09:00.811810
2026-09-17,2026-06-01,2026-09-17,district,EAST UTTAR PRADESH,UTTAR PRADESH,SHRAWASTI,2.0,5.7,-65.0,LD,679.9,1002.7,-32.0,D,2026-09-17 11:09:00.811810
2026-09-17,2026-06-01,2026-09-17,district,EAST UTTAR PRADESH,UTTAR PRADESH,SIDDHARTH NAGAR,0.3,9.4,-97.0,LD,624.8,974.9,-36.0,D,2026-09-17 11:09:00.811810
2026-09-17,2026-06-01,2026-09-17,district,EAST UTTAR PRADESH,UTTAR PRADESH,SITAPUR,4.1,4.2,-4.0,N,558.1,784.6,-29.0,D,2026-09-17 11:09:00.811810
2026-09-17,2026-06-01,2026-09-17,district,EAST UTTAR PRADESH,UTTAR PRADESH,SONBHADRA,4.2,4.3,-2.0,N,814.1,811.1,0.0,N,2026-09-17 11:09:00.811810
2026-09-17,2026-06-01,2026-09-17,district,EAST UTTAR PRADESH,UTTAR PRADESH,SULTANPUR,7.5,5.9,27.0,E,779.1,771.7,1.0,N,2026-09-17 11:09:00.811810
2026-09-17,2026-06-01,2026-09-17,district,EAST UTTAR PRADESH,UTTAR PRADESH,UNNAO,0.0,3.4,-100.0,NR,440.3,614.9,-28.0,D,2026-09-17 11:09:00.811810
2026-09-17,2026-06-01,2026-09-17,district,EAST UTTAR PRADESH,UTTAR PRADESH,VARANASI,9.1,4.1,123.0,LE,869.5,755.4,15.0,N,2026-09-17 11:09:00.811810
2026-09-17,2026-06-01,2026-09-17,district,GANGETIC WEST BENGAL,WEST BENGAL,BANKURA,3.3,4.6,-28.0,D,1081.8,1054.3,3.0,N,2026-09-17 11:09:00.811810
2026-09-17,2026-06-01,2026-09-17,district,GANGETIC WEST BENGAL,WEST BENGAL,BIRBHUM,8.8,9.0,-2.0,N,868.5,1000.1,-13.0,N,2026-09-17 11:09:00.811810
2026-09-17,2026-06-01,2026-09-17,district,GANGETIC WEST BENGAL,WEST BENGAL,EAST MIDNAPORE,1.3,9.8,-87.0,LD,1698.5,1147.8,48.0,E,2026-09-17 11:09:00.811810
2026-09-17,2026-06-01,2026-09-17,district,GANGETIC WEST BENGAL,WEST BENGAL,HOOGHLY,1.1,4.8,-77.0,LD,941.8,942.9,0.0,N,2026-09-17 11:09:00.811810
2026-09-17,2026-06-01,2026-09-17,district,GANGETIC WEST BENGAL,WEST BENGAL,HOWRAH,0.0,7.4,-100.0,NR,1141.4,1055.6,8.0,N,2026-09-17 11:09:00.811810
2026-09-17,2026-06-01,2026-09-17,district,GANGETIC WEST BENGAL,WEST BENGAL,JHARGRAM,0.0,6.0,-100.0,NR,1018.2,1058.8,-4.0,N,2026-09-17 11:09:00.811810
2026-09-17,2026-06-01,2026-09-17,district,GANGETIC WEST BENGAL,WEST BENGAL,KOLKATA,0.0,9.5,-100.0,NR,1489.9,1202.2,24.0,E,2026-09-17 11:09:00.811810
2026-09-17,2026-06-01,2026-09-17,district,GANGETIC WEST BENGAL,WEST BENGAL,MURSHIDABAD,4.6,7.5,-39.0,D,757.3,888.6,-15.0,N,2026-09-17 11:09:00.811810
2026-09-17,2026-06-01,2026-09-17,district,GANGETIC WEST BENGAL,WEST BENGAL,NADIA,1.8,9.7,-81.0,LD,677.9,842.1,-19.0,N,2026-09-17 11:09:00.811810
2026-09-17,2026-06-01,2026-09-17,district,GANGETIC WEST BENGAL,WEST BENGAL,NORTH 24 PARGANAS,0.2,8.3,-98.0,LD,1314.0,1033.8,27.0,E,2026-09-17 11:09:00.811810
2026-09-17,2026-06-01,2026-09-17,district,GANGETIC WEST BENGAL,WEST BENGAL,PASCHIM BARDHAMAN,12.3,5.2,137.0,LE,1104.3,991.6,11.0,N,2026-09-17 11:09:00.811810
2026-09-17,2026-06-01,2026-09-17,district,GANGETIC WEST BENGAL,WEST BENGAL,PURBA BARDHAMAN,11.5,6.1,88.0,LE,873.9,932.5,-6.0,N,2026-09-17 11:09:00.811810
2026-09-17,2026-06-01,2026-09-17,district,GANGETIC WEST BENGAL,WEST BENGAL,PURULIA,1.1,5.7,-81.0,LD,839.2,1001.2,-16.0,N,2026-09-17 11:09:00.811810
2026-09-17,2026-06-01,2026-09-17,district,GANGETIC WEST BENGAL,WEST BENGAL,SOUTH 24 PARGANAS,0.0,8.3,-100.0,NR,1434.4,1304.2,10.0,N,2026-09-17 11:09:00.811810
2026-09-17,2026-06-01,2026-09-17,district,GANGETIC WEST BENGAL,WEST BENGAL,WEST MIDNAPORE,1.7,6.0,-71.0,LD,1371.7,1058.8,30.0,E,2026-09-17 11:09:00.811810
2026-09-17,2026-06-01,2026-09-17,district,GUJARAT REGION,DADRA & NAGAR HAVELI AND DAMAN & DIU (UT),DADARA & NAGAR HAVELI,1.0,19.3,-95.0,LD,3124.1,2170.0,44.0,E,2026-09-17 11:09:00.811810
2026-09-17,2026-06-01,2026-09-17,district,GUJARAT REGION,DADRA & NAGAR HAVELI AND DAMAN & DIU (UT),DAMAN,0.0,19.3,-100.0,NR,2779.1,2170.0,28.0,E,2026-09-17 11:09:00.811810
2026-09-17,2026-06-01,2026-09-17,district,GUJARAT REGION,GUJARAT,AHMEDABAD,0.0,1.9,-98.0,LD,629.4,625.0,1.0,N,2026-09-17 11:09:00.811810
2026-09-17,2026-06-01,2026-09-17,district,GUJARAT REGION,GUJARAT,ANAND,0.6,2.4,-77.0,LD,862.8,783.4,10.0,N,2026-09-17 11:09:00.811810
2026-09-17,2026-06-01,2026-09-17,district,GUJARAT REGION,GUJARAT,ARAVALLI,0.3,2.9,-90.0,LD,469.1,807.8,-42.0,D,2026-09-17 11:09:00.811810
2026-09-17,2026-06-01,2026-09-17,district,GUJARAT REGION,GUJARAT,BANASKANTHA,0.0,1.4,-100.0,NR,398.4,573.6,-31.0,D,2026-09-17 11:09:00.811810
2026-09-17,2026-06-01,2026-09-17,district,GUJARAT REGION,GUJARAT,BHARUCH,1.1,3.3,-67.0,LD,910.9,678.5,34.0,E,2026-09-17 11:09:00.811810
2026-09-17,2026-06-01,2026-09-17,district,GUJARAT REGION,GUJARAT,CHHOTA UDEPUR,0.7,5.1,-87.0,LD,670.8,933.2,-28.0,D,2026-09-17 11:09:00.811810
2026-09-17,2026-06-01,2026-09-17,district,GUJARAT REGION,GUJARAT,DAHOD,0.2,3.8,-94.0,LD,435.4,748.2,-42.0,D,2026-09-17 11:09:00.811810
2026-09-17,2026-06-01,2026-09-17,district,GUJARAT REGION,GUJARAT,DANGS,0.4,11.7,-97.0,LD,2529.5,2104.3,20.0,E,2026-09-17 11:09:00.811810
2026-09-17,2026-06-01,2026-09-17,district,GUJARAT REGION,GUJARAT,GANDHINAGAR,0.0,4.2,-100.0,NR,531.4,722.3,-26.0,D,2026-09-17 11:09:00.811810
2026-09-17,2026-06-01,2026-09-17,district,GUJARAT REGION,GUJARAT,KHEDA,0.0,2.3,-100.0,NR,990.4,774.7,28.0,E,2026-09-17 11:09:00.811810
2026-09-17,2026-06-01,2026-09-17,district,GUJARAT REGION,GUJARAT,MAHISAGAR,0.0,3.4,-100.0,NR,732.4,774.3,-5.0,N,2026-09-17 11:09:00.811810
2026-09-17,2026-06-01,2026-09-17,district,GUJARAT REGION,GUJARAT,MEHSANA,0.0,3.8,-100.0,NR,525.5,668.9,-21.0,D,2026-09-17 11:09:00.811810
2026-09-17,2026-06-01,2026-09-17,district,GUJARAT REGION,GUJARAT,NARMADA,0.0,4.0,-100.0,NR,987.6,980.2,1.0,N,2026-09-17 11:09:00.811810
2026-09-17,2026-06-01,2026-09-17,district,GUJARAT REGION,GUJARAT,NAVSARI,0.7,8.2,-92.0,LD,2356.3,1720.8,37.0,E,2026-09-17 11:09:00.811810
2026-09-17,2026-06-01,2026-09-17,district,GUJARAT REGION,GUJARAT,PANCHMAHAL,0.3,2.7,-89.0,LD,784.0,890.0,-12.0,N,2026-09-17 11:09:00.811810
2026-09-17,2026-06-01,2026-09-17,district,GUJARAT REGION,GUJARAT,PATAN,0.0,1.0,-100.0,NR,444.1,528.8,-16.0,N,2026-09-17 11:09:00.811810
2026-09-17,2026-06-01,2026-09-17,district,GUJARAT REGION,GUJARAT,SABARKANTHA,0.4,2.6,-86.0,LD,481.0,793.5,-39.0,D,2026-09-17 11:09:00.811810
2026-09-17,2026-06-01,2026-09-17,district,GUJARAT REGION,GUJARAT,SURAT,0.3,4.4,-94.0,LD,1585.2,1211.2,31.0,E,2026-09-17 11:09:00.811810
2026-09-17,2026-06-01,2026-09-17,district,GUJARAT REGION,GUJARAT,TAPI,0.0,6.6,-100.0,NR,1433.4,1312.3,9.0,N,2026-09-17 11:09:00.811810
2026-09-17,2026-06-01,2026-09-17,district,GUJARAT REGION,GUJARAT,VADODARA,1.4,3.1,-55.0,D,613.5,842.4,-27.0,D,2026-09-17 11:09:00.811810
2026-09-17,2026-06-01,2026-09-17,district,GUJARAT REGION,GUJARAT,VALSAD,1.2,11.0,-89.0,LD,2843.0,1952.3,46.0,E,2026-09-17 11:09:00.811810
2026-09-17,2026-06-01,2026-09-17,district,HAR. CHD & DELHI,CHANDIGARH (UT),CHANDIGARH,0.0,0.8,-99.0,LD,715.4,819.2,-13.0,N,2026-09-17 11:09:00.811810
2026-09-17,2026-06-01,2026-09-17,district,HAR. CHD & DELHI,DELHI,CENTRAL DELHI,0.0,6.6,-100.0,NR,766.6,638.1,20.0,E,2026-09-17 11:09:00.811810
2026-09-17,2026-06-01,2026-09-17,district,HAR. CHD & DELHI,DELHI,EAST DELHI,0.0,6.6,-100.0,NR,560.3,638.1,-12.0,N,2026-09-17 11:09:00.811810
2026-09-17,2026-06-01,2026-09-17,district,HAR. CHD & DELHI,DELHI,NEW DELHI,0.0,2.4,-100.0,NR,598.8,612.1,-2.0,N,2026-09-17 11:09:00.811810
2026-09-17,2026-06-01,2026-09-17,district,HAR. CHD & DELHI,DELHI,NORTH EAST DELHI,0.0,6.6,-100.0,NR,582.4,638.1,-9.0,N,2026-09-17 11:09:00.811810
2026-09-17,2026-06-01,2026-09-17,district,HAR. CHD & DELHI,DELHI,NORTH WEST DELHI,0.0,0.8,-100.0,NR,410.8,387.6,6.0,N,2026-09-17 11:09:00.811810
2026-09-17,2026-06-01,2026-09-17,district,HAR. CHD & DELHI,DELHI,SOUTH DELHI,0.0,6.6,-100.0,NR,595.9,638.1,-7.0,N,2026-09-17 11:09:00.811810
2026-09-17,2026-06-01,2026-09-17,district,HAR. CHD & DELHI,DELHI,SOUTH EAST DELHI,0.0,6.6,-100.0,NR,694.4,638.1,9.0,N,2026-09-17 11:09:00.811810
2026-09-17,2026-06-01,2026-09-17,district,HAR. CHD & DELHI,DELHI,SOUTH WEST DELHI,0.0,2.9,-100.0,NR,412.5,529.9,-22.0,D,2026-09-17 11:09:00.811810
2026-09-17,2026-06-01,2026-09-17,district,HAR. CHD & DELHI,DELHI,WEST DELHI,0.0,3.2,-100.0,NR,701.0,575.0,22.0,E,2026-09-17 11:09:00.811810
2026-09-17,2026-06-01,2026-09-17,district,HAR. CHD & DELHI,HARYANA,AMBALA,0.1,2.2,-94.0,LD,399.4,777.0,-49.0,D,2026-09-17 11:09:00.811810
2026-09-17,2026-06-01,2026-09-17,district,HAR. CHD & DELHI,HARYANA,BHIWANI,4.3,0.8,442.0,LE,268.6,281.9,-5.0,N,2026-09-17 11:09:00.811810
2026-09-17,2026-06-01,2026-09-17,district,HAR. CHD & DELHI,HARYANA,CHARKHI DADRI,0.8,0.8,-6.0,N,346.3,387.8,-11.0,N,2026-09-17 11:09:00.811810
2026-09-17,2026-06-01,2026-09-17,district,HAR. CHD & DELHI,HARYANA,FARIDABAD,0.0,2.9,-100.0,NR,528.5,536.0,-1.0,N,2026-09-17 11:09:00.811810
2026-09-17,2026-06-01,2026-09-17,district,HAR. CHD & DELHI,HARYANA,FATEHABAD,7.5,1.1,582.0,LE,233.7,246.7,-5.0,N,2026-09-17 11:09:00.811810
2026-09-17,2026-06-01,2026-09-17,district,HAR. CHD & DELHI,HARYANA,GURGAON,1.0,1.5,-33.0,D,477.6,473.2,1.0,N,2026-09-17 11:09:00.811810
2026-09-17,2026-06-01,2026-09-17,district,HAR. CHD & DELHI,HARYANA,HISAR,23.4,1.1,2024.0,LE,230.2,285.0,-19.0,N,2026-09-17 11:09:00.811810
2026-09-17,2026-06-01,2026-09-17,district,HAR. CHD & DELHI,HARYANA,JHAJJAR,0.7,1.3,-45.0,D,309.1,365.7,-15.0,N,2026-09-17 11:09:00.811810
2026-09-17,2026-06-01,2026-09-17,district,HAR. CHD & DELHI,HARYANA,JIND,13.6,0.8,1596.0,LE,159.0,368.1,-57.0,D,2026-09-17 11:09:00.811810
2026-09-17,2026-06-01,2026-09-17,district,HAR. CHD & DELHI,HARYANA,KAITHAL,5.3,0.3,1650.0,LE,182.0,347.8,-48.0,D,2026-09-17 11:09:00.811810
2026-09-17,2026-06-01,2026-09-17,district,HAR. CHD & DELHI,HARYANA,KARNAL,3.9,1.0,290.0,LE,273.4,494.4,-45.0,D,2026-09-17 11:09:00.811810
2026-09-17,2026-06-01,2026-09-17,district,HAR. CHD & DELHI,HARYANA,KURUKSHETRA,1.3,0.9,48.0,E,358.5,393.4,-9.0,N,2026-09-17 11:09:00.811810
2026-09-17,2026-06-01,2026-09-17,district,HAR. CHD & DELHI,HARYANA,MAHENDRAGARH,0.0,1.7,-100.0,NR,301.0,382.4,-21.0,D,2026-09-17 11:09:00.811810
2026-09-17,2026-06-01,2026-09-17,district,HAR. CHD & DELHI,HARYANA,NUH,2.4,0.8,195.0,LE,458.2,462.1,-1.0,N,2026-09-17 11:09:00.811810
2026-09-17,2026-06-01,2026-09-17,district,HAR. CHD & DELHI,HARYANA,PALWAL,3.2,0.7,357.0,LE,476.6,382.5,25.0,E,2026-09-17 11:09:00.811810
2026-09-17,2026-06-01,2026-09-17,district,HAR. CHD & DELHI,HARYANA,PANCHKULA,5.0,4.8,4.0,N,669.9,825.7,-19.0,N,2026-09-17 11:09:00.811810
2026-09-17,2026-06-01,2026-09-17,district,HAR. CHD & DELHI,HARYANA,PANIPAT,12.9,1.0,1192.0,LE,316.6,435.2,-27.0,D,2026-09-17 11:09:00.811810
2026-09-17,2026-06-01,2026-09-17,district,HAR. CHD & DELHI,HARYANA,REWARI,0.0,1.6,-100.0,NR,373.1,414.3,-10.0,N,2026-09-17 11:09:00.811810
2026-09-17,2026-06-01,2026-09-17,district,HAR. CHD & DELHI,HARYANA,ROHTAK,1.6,1.2,35.0,E,240.8,448.8,-46.0,D,2026-09-17 11:09:00.811810
2026-09-17,2026-06-01,2026-09-17,district,HAR. CHD & DELHI,HARYANA,SIRSA,7.8,0.8,872.0,LE,95.9,202.5,-53.0,D,2026-09-17 11:09:00.811810
2026-09-17,2026-06-01,2026-09-17,district,HAR. CHD & DELHI,HARYANA,SONEPAT,5.1,3.4,51.0,E,315.9,459.3,-31.0,D,2026-09-17 11:09:00.811810
2026-09-17,2026-06-01,2026-09-17,district,HAR. CHD & DELHI,HARYANA,YAMUNA NAGAR,5.4,2.3,137.0,LE,740.1,858.2,-14.0,N,2026-09-17 11:09:00.811810
2026-09-17,2026-06-01,2026-09-17,district,HIMACHAL PRADESH,HIMACHAL PRADESH,BILASPUR,32.2,2.8,1051.0,LE,882.4,782.7,13.0,N,2026-09-17 11:09:00.811810
2026-09-17,2026-06-01,2026-09-17,district,HIMACHAL PRADESH,HIMACHAL PRADESH,CHAMBA,8.3,3.5,136.0,LE,702.0,814.0,-14.0,N,2026-09-17 11:09:00.811810
2026-09-17,2026-06-01,2026-09-17,district,HIMACHAL PRADESH,HIMACHAL PRADESH,HAMIRPUR,24.6,2.1,1071.0,LE,637.5,931.1,-32.0,D,2026-09-17 11:09:00.811810
2026-09-17,2026-06-01,2026-09-17,district,HIMACHAL PRADESH,HIMACHAL PRADESH,KANGRA,10.9,7.7,42.0,E,1497.3,1561.5,-4.0,N,2026-09-17 11:09:00.811810
2026-09-17,2026-06-01,2026-09-17,district,HIMACHAL PRADESH,HIMACHAL PRADESH,KINNAUR,0.9,1.1,-16.0,N,248.5,223.4,11.0,N,2026-09-17 11:09:00.811810
2026-09-17,2026-06-01,2026-09-17,district,HIMACHAL PRADESH,HIMACHAL PRADESH,KULLU,4.1,2.8,48.0,E,524.6,511.0,3.0,N,2026-09-17 11:09:00.811810
2026-09-17,2026-06-01,2026-09-17,district,HIMACHAL PRADESH,HIMACHAL PRADESH,LAHAUL & SPITI,1.1,1.7,-35.0,D,111.6,346.7,-68.0,LD,2026-09-17 11:09:00.811810
2026-09-17,2026-06-01,2026-09-17,district,HIMACHAL PRADESH,HIMACHAL PRADESH,MANDI,29.3,2.7,984.0,LE,1010.5,1059.1,-5.0,N,2026-09-17 11:09:00.811810
2026-09-17,2026-06-01,2026-09-17,district,HIMACHAL PRADESH,HIMACHAL PRADESH,SHIMLA,9.6,1.9,405.0,LE,758.2,590.4,28.0,E,2026-09-17 11:09:00.811810
2026-09-17,2026-06-01,2026-09-17,district,HIMACHAL PRADESH,HIMACHAL PRADESH,SIRMAUR,21.9,3.8,476.0,LE,1274.6,1134.1,12.0,N,2026-09-17 11:09:00.811810
2026-09-17,2026-06-01,2026-09-17,district,HIMACHAL PRADESH,HIMACHAL PRADESH,SOLAN,13.0,2.7,381.0,LE,824.2,828.1,0.0,N,2026-09-17 11:09:00.811810
2026-09-17,2026-06-01,2026-09-17,district,HIMACHAL PRADESH,HIMACHAL PRADESH,UNA,14.2,2.3,517.0,LE,787.0,911.5,-14.0,N,2026-09-17 11:09:00.811810
2026-09-17,2026-06-01,2026-09-17,district,J & K AND LADAKH,JAMMU & KASHMIR(UT),ANANTNAG,9.3,1.4,567.0,LE,315.0,301.4,5.0,N,2026-09-17 11:09:00.811810
2026-09-17,2026-06-01,2026-09-17,district,J & K AND LADAKH,JAMMU & KASHMIR(UT),BADGAM,6.4,0.9,611.0,LE,143.4,206.8,-31.0,D,2026-09-17 11:09:00.811810
2026-09-17,2026-06-01,2026-09-17,district,J & K AND LADAKH,JAMMU & KASHMIR(UT),BANDIPORA,1.6,0.2,713.0,LE,205.0,202.1,1.0,N,2026-09-17 11:09:00.811810
2026-09-17,2026-06-01,2026-09-17,district,J & K AND LADAKH,JAMMU & KASHMIR(UT),BARAMULA,13.1,0.8,1535.0,LE,309.3,202.6,53.0,E,2026-09-17 11:09:00.811810
2026-09-17,2026-06-01,2026-09-17,district,J & K AND LADAKH,JAMMU & KASHMIR(UT),DODA,8.6,1.1,682.0,LE,379.4,396.3,-4.0,N,2026-09-17 11:09:00.811810
2026-09-17,2026-06-01,2026-09-17,district,J & K AND LADAKH,JAMMU & KASHMIR(UT),GANDERBAL,6.8,3.9,74.0,LE,338.4,258.6,31.0,E,2026-09-17 11:09:00.811810
2026-09-17,2026-06-01,2026-09-17,district,J & K AND LADAKH,JAMMU & KASHMIR(UT),JAMMU,57.5,2.4,2295.0,LE,795.1,902.1,-12.0,N,2026-09-17 11:09:00.811810
2026-09-17,2026-06-01,2026-09-17,district,J & K AND LADAKH,JAMMU & KASHMIR(UT),KATHUA,15.6,1.7,818.0,LE,1152.8,1208.8,-5.0,N,2026-09-17 11:09:00.811810
2026-09-17,2026-06-01,2026-09-17,district,J & K AND LADAKH,JAMMU & KASHMIR(UT),KISTWAR,15.0,1.1,1264.0,LE,192.8,396.3,-51.0,D,2026-09-17 11:09:00.811810
2026-09-17,2026-06-01,2026-09-17,district,J & K AND LADAKH,JAMMU & KASHMIR(UT),KULGAM,13.4,1.3,931.0,LE,286.5,311.7,-8.0,N,2026-09-17 11:09:00.811810
2026-09-17,2026-06-01,2026-09-17,district,J & K AND LADAKH,JAMMU & KASHMIR(UT),KUPWARA,2.9,0.7,320.0,LE,220.5,235.0,-6.0,N,2026-09-17 11:09:00.811810
2026-09-17,2026-06-01,2026-09-17,district,J & K AND LADAKH,JAMMU & KASHMIR(UT),POONCH,9.5,1.2,692.0,LE,844.8,663.3,27.0,E,2026-09-17 11:09:00.811810
2026-09-17,2026-06-01,2026-09-17,district,J & K AND LADAKH,JAMMU & KASHMIR(UT),PULWAMA,9.0,0.8,1025.0,LE,264.1,180.6,46.0,E,2026-09-17 11:09:00.811810
2026-09-17,2026-06-01,2026-09-17,district,J & K AND LADAKH,JAMMU & KASHMIR(UT),RAJOURI,9.9,2.7,267.0,LE,697.2,684.2,2.0,N,2026-09-17 11:09:00.811810
2026-09-17,2026-06-01,2026-09-17,district,J & K AND LADAKH,JAMMU & KASHMIR(UT),RAMBAN,19.2,1.8,965.0,LE,472.4,394.3,20.0,E,2026-09-17 11:09:00.811810
2026-09-17,2026-06-01,2026-09-17,district,J & K AND LADAKH,JAMMU & KASHMIR(UT),REASI,38.6,4.2,819.0,LE,1337.5,1498.2,-11.0,N,2026-09-17 11:09:00.811810
2026-09-17,2026-06-01,2026-09-17,district,J & K AND LADAKH,JAMMU & KASHMIR(UT),SAMBA,0.0,0.5,-100.0,NR,953.5,774.1,23.0,E,2026-09-17 11:09:00.811810
2026-09-17,2026-06-01,2026-09-17,district,J & K AND LADAKH,JAMMU & KASHMIR(UT),SHOPIAN,6.7,0.0,66900.0,LE,136.3,268.0,-49.0,D,2026-09-17 11:09:00.811810
2026-09-17,2026-06-01,2026-09-17,district,J & K AND LADAKH,JAMMU & KASHMIR(UT),SRINAGAR,8.4,0.4,1994.0,LE,246.0,224.1,10.0,N,2026-09-17 11:09:00.811810
2026-09-17,2026-06-01,2026-09-17,district,J & K AND LADAKH,JAMMU & KASHMIR(UT),UDHAMPUR,76.7,1.4,5375.0,LE,1553.5,943.6,65.0,LE,2026-09-17 11:09:00.811810
2026-09-17,2026-06-01,2026-09-17,district,J & K AND LADAKH,LADAKH (UT),KARGIL,0.0,0.3,-100.0,NR,21.6,9.8,103.0,LE,2026-09-17 11:09:00.811810
2026-09-17,2026-06-01,2026-09-17,district,J & K AND LADAKH,LADAKH (UT),LADAKH (LEH),0.0,0.0,-100.0,NR,58.1,22.4,155.0,LE,2026-09-17 11:09:00.811810
2026-09-17,2026-06-01,2026-09-17,district,JHARKHAND,JHARKHAND,BOKARO,5.6,5.1,9.0,N,741.3,834.4,-11.0,N,2026-09-17 11:09:00.811810
2026-09-17,2026-06-01,2026-09-17,district,JHARKHAND,JHARKHAND,CHATRA,5.0,9.1,-45.0,D,661.5,864.4,-23.0,D,2026-09-17 11:09:00.811810
2026-09-17,2026-06-01,2026-09-17,district,JHARKHAND,JHARKHAND,DEOGHAR,1.7,11.7,-85.0,LD,588.3,876.4,-33.0,D,2026-09-17 11:09:00.811810
2026-09-17,2026-06-01,2026-09-17,district,JHARKHAND,JHARKHAND,DHANBAD,10.2,7.0,46.0,E,915.8,968.6,-5.0,N,2026-09-17 11:09:00.811810
2026-09-17,2026-06-01,2026-09-17,district,JHARKHAND,JHARKHAND,DUMKA,3.9,9.3,-58.0,D,940.9,932.8,1.0,N,2026-09-17 11:09:00.811810
2026-09-17,2026-06-01,2026-09-17,district,JHARKHAND,JHARKHAND,EAST SINGHBHUM,0.0,5.9,-100.0,NR,1006.1,1000.8,1.0,N,2026-09-17 11:09:00.811810
2026-09-17,2026-06-01,2026-09-17,district,JHARKHAND,JHARKHAND,GARHWA,0.0,6.5,-100.0,NR,611.6,848.4,-28.0,D,2026-09-17 11:09:00.811810
2026-09-17,2026-06-01,2026-09-17,district,JHARKHAND,JHARKHAND,GIRIDIH,4.1,8.1,-49.0,D,644.8,877.2,-26.0,D,2026-09-17 11:09:00.811810
2026-09-17,2026-06-01,2026-09-17,district,JHARKHAND,JHARKHAND,GODDA,0.0,8.2,-100.0,NR,624.6,814.7,-23.0,D,2026-09-17 11:09:00.811810
2026-09-17,2026-06-01,2026-09-17,district,JHARKHAND,JHARKHAND,GUMLA,1.5,6.7,-78.0,LD,677.1,981.6,-31.0,D,2026-09-17 11:09:00.811810
2026-09-17,2026-06-01,2026-09-17,district,JHARKHAND,JHARKHAND,HAZARIBAG,5.1,8.0,-37.0,D,740.1,957.2,-23.0,D,2026-09-17 11:09:00.811810
2026-09-17,2026-06-01,2026-09-17,district,JHARKHAND,JHARKHAND,JAMTARA,3.3,6.3,-48.0,D,919.2,952.7,-4.0,N,2026-09-17 11:09:00.811810
2026-09-17,2026-06-01,2026-09-17,district,JHARKHAND,JHARKHAND,KHUNTI,0.0,7.9,-100.0,NR,932.1,1030.4,-10.0,N,2026-09-17 11:09:00.811810
2026-09-17,2026-06-01,2026-09-17,district,JHARKHAND,JHARKHAND,KODERMA,3.4,5.9,-43.0,D,582.3,799.6,-27.0,D,2026-09-17 11:09:00.811810
2026-09-17,2026-06-01,2026-09-17,district,JHARKHAND,JHARKHAND,LATEHAR,2.0,4.9,-59.0,D,1125.9,948.5,19.0,N,2026-09-17 11:09:00.811810
2026-09-17,2026-06-01,2026-09-17,district,JHARKHAND,JHARKHAND,LOHARDAGA,21.0,5.5,282.0,LE,885.9,905.8,-2.0,N,2026-09-17 11:09:00.811810
2026-09-17,2026-06-01,2026-09-17,district,JHARKHAND,JHARKHAND,PAKUR,0.0,11.2,-100.0,NR,502.9,1052.1,-52.0,D,2026-09-17 11:09:00.811810
2026-09-17,2026-06-01,2026-09-17,district,JHARKHAND,JHARKHAND,PALAMU,1.6,8.2,-80.0,LD,688.7,791.8,-13.0,N,2026-09-17 11:09:00.811810
2026-09-17,2026-06-01,2026-09-17,district,JHARKHAND,JHARKHAND,RAMGARH,3.5,5.8,-39.0,D,881.1,944.0,-7.0,N,2026-09-17 11:09:00.811810
2026-09-17,2026-06-01,2026-09-17,district,JHARKHAND,JHARKHAND,RANCHI,5.7,9.2,-38.0,D,991.9,954.0,4.0,N,2026-09-17 11:09:00.811810
2026-09-17,2026-06-01,2026-09-17,district,JHARKHAND,JHARKHAND,SERAIKELA-KHARSAWAN,0.0,6.1,-100.0,NR,1089.0,931.5,17.0,N,2026-09-17 11:09:00.811810
2026-09-17,2026-06-01,2026-09-17,district,JHARKHAND,JHARKHAND,SIMDEGA,2.8,5.2,-46.0,D,1151.7,1212.9,-5.0,N,2026-09-17 11:09:00.811810
2026-09-17,2026-06-01,2026-09-17,district,JHARKHAND,JHARKHAND,WEST SINGHBHUM,0.0,5.5,-100.0,NR,1234.9,931.6,33.0,E,2026-09-17 11:09:00.811810
2026-09-17,2026-06-01,2026-09-17,district,KERALA & MAHE,KERALA,ALAPUZHA,1.8,12.4,-85.0,LD,1024.2,1524.1,-33.0,D,2026-09-17 11:09:00.811810
2026-09-17,2026-06-01,2026-09-17,district,KERALA & MAHE,KERALA,ERNAKULAM,5.7,12.1,-53.0,D,1458.6,1982.4,-26.0,D,2026-09-17 11:09:00.811810
2026-09-17,2026-06-01,2026-09-17,district,KERALA & MAHE,KERALA,IDUKKI,0.4,10.8,-96.0,LD,1289.7,2425.8,-47.0,D,2026-09-17 11:09:00.811810
2026-09-17,2026-06-01,2026-09-17,district,KERALA & MAHE,KERALA,KANNUR,0.0,9.3,-100.0,NR,2219.8,2525.7,-12.0,N,2026-09-17 11:09:00.811810
2026-09-17,2026-06-01,2026-09-17,district,KERALA & MAHE,KERALA,KASARGOD,0.4,6.7,-94.0,LD,2295.8,2750.5,-17.0,N,2026-09-17 11:09:00.811810
2026-09-17,2026-06-01,2026-09-17,district,KERALA & MAHE,KERALA,KOLLAM,9.5,10.0,-5.0,N,740.2,1150.5,-36.0,D,2026-09-17 11:09:00.811810
2026-09-17,2026-06-01,2026-09-17,district,KERALA & MAHE,KERALA,KOTTAYAM,0.5,13.3,-97.0,LD,1521.3,1781.3,-15.0,N,2026-09-17 11:09:00.811810
2026-09-17,2026-06-01,2026-09-17,district,KERALA & MAHE,KERALA,KOZHIKODE,0.0,11.3,-100.0,NR,2028.9,2452.5,-17.0,N,2026-09-17 11:09:00.811810
2026-09-17,2026-06-01,2026-09-17,district,KERALA & MAHE,KERALA,MALAPPURAM,0.0,10.8,-100.0,NR,1369.4,1858.4,-26.0,D,2026-09-17 11:09:00.811810
2026-09-17,2026-06-01,2026-09-17,district,KERALA & MAHE,KERALA,PALAKKAD,1.7,8.0,-79.0,LD,1054.7,1471.0,-28.0,D,2026-09-17 11:09:00.811810
2026-09-17,2026-06-01,2026-09-17,district,KERALA & MAHE,KERALA,PATHANAMTHITTA,8.3,9.5,-13.0,N,1321.4,1451.7,-9.0,N,2026-09-17 11:09:00.811810
2026-09-17,2026-06-01,2026-09-17,district,KERALA & MAHE,KERALA,THIRUVANANTHAPURAM,1.8,8.5,-79.0,LD,669.7,758.5,-12.0,N,2026-09-17 11:09:00.811810
2026-09-17,2026-06-01,2026-09-17,district,KERALA & MAHE,KERALA,THRISSUR,0.3,11.2,-98.0,LD,1437.1,2019.5,-29.0,D,2026-09-17 11:09:00.811810
2026-09-17,2026-06-01,2026-09-17,district,KERALA & MAHE,KERALA,WYNAD,0.0,8.2,-100.0,NR,1105.5,2373.0,-53.0,D,2026-09-17 11:09:00.811810
2026-09-17,2026-06-01,2026-09-17,district,KONKAN & GOA,GOA,NORTH GOA,18.0,11.4,58.0,E,1802.8,2954.8,-39.0,D,2026-09-17 11:09:00.811810
2026-09-17,2026-06-01,2026-09-17,district,KONKAN & GOA,GOA,SOUTH GOA,12.3,10.3,19.0,N,1968.8,2820.7,-30.0,D,2026-09-17 11:09:00.811810
2026-09-17,2026-06-01,2026-09-17,district,KONKAN & GOA,MAHARASHTRA,MUMBAI CITY,0.0,10.7,-100.0,NR,1915.3,1953.6,-2.0,N,2026-09-17 11:09:00.811810
2026-09-17,2026-06-01,2026-09-17,district,KONKAN & GOA,MAHARASHTRA,MUMBAI SUBURBAN,0.2,10.4,-98.0,LD,2459.1,2168.4,13.0,N,2026-09-17 11:09:00.811810
2026-09-17,2026-06-01,2026-09-17,district,KONKAN & GOA,MAHARASHTRA,PALGHAR,5.3,12.7,-58.0,D,2638.2,2132.3,24.0,E,2026-09-17 11:09:00.811810
2026-09-17,2026-06-01,2026-09-17,district,KONKAN & GOA,MAHARASHTRA,RAIGAD,4.0,12.6,-68.0,LD,2895.3,2964.9,-2.0,N,2026-09-17 11:09:00.811810
2026-09-17,2026-06-01,2026-09-17,district,KONKAN & GOA,MAHARASHTRA,RATNAGIRI,13.1,12.5,5.0,N,2591.8,3033.5,-15.0,N,2026-09-17 11:09:00.811810
2026-09-17,2026-06-01,2026-09-17,district,KONKAN & GOA,MAHARASHTRA,SINDHUDURG,3.4,12.2,-72.0,LD,1822.3,2813.6,-35.0,D,2026-09-17 11:09:00.811810
2026-09-17,2026-06-01,2026-09-17,district,KONKAN & GOA,MAHARASHTRA,THANE,3.6,12.8,-72.0,LD,2122.8,2305.8,-8.0,N,2026-09-17 11:09:00.811810
2026-09-17,2026-06-01,2026-09-17,district,LAKSHADWEEP,LAKSHADWEEP,LAKSHADWEEP,15.1,6.1,148.0,LE,681.1,962.2,-29.0,D,2026-09-17 11:09:00.811810
2026-09-17,2026-06-01,2026-09-17,district,MADHYA MAHARASHTRA,MAHARASHTRA,AHMEDNAGAR,0.0,5.8,-99.0,LD,220.6,385.1,-43.0,D,2026-09-17 11:09:00.811810
2026-09-17,2026-06-01,2026-09-17,district,MADHYA MAHARASHTRA,MAHARASHTRA,DHULE,4.4,3.5,27.0,E,440.3,489.9,-10.0,N,2026-09-17 11:09:00.811810
2026-09-17,2026-06-01,2026-09-17,district,MADHYA MAHARASHTRA,MAHARASHTRA,JALGAON,0.0,3.6,-100.0,NR,541.8,574.6,-6.0,N,2026-09-17 11:09:00.811810
2026-09-17,2026-06-01,2026-09-17,district,MADHYA MAHARASHTRA,MAHARASHTRA,KOLHAPUR,1.1,6.0,-82.0,LD,1436.5,1625.4,-12.0,N,2026-09-17 11:09:00.811810
2026-09-17,2026-06-01,2026-09-17,district,MADHYA MAHARASHTRA,MAHARASHTRA,NANDURBAR,1.0,5.3,-81.0,LD,508.0,775.5,-34.0,D,2026-09-17 11:09:00.811810
2026-09-17,2026-06-01,2026-09-17,district,MADHYA MAHARASHTRA,MAHARASHTRA,NASHIK,1.3,5.2,-76.0,LD,1167.0,814.1,43.0,E,2026-09-17 11:09:00.811810
2026-09-17,2026-06-01,2026-09-17,district,MADHYA MAHARASHTRA,MAHARASHTRA,PUNE,1.3,4.6,-71.0,LD,1026.2,860.6,19.0,N,2026-09-17 11:09:00.811810
2026-09-17,2026-06-01,2026-09-17,district,MADHYA MAHARASHTRA,MAHARASHTRA,SANGLI,0.1,5.5,-99.0,LD,312.0,413.7,-25.0,D,2026-09-17 11:09:00.811810
2026-09-17,2026-06-01,2026-09-17,district,MADHYA MAHARASHTRA,MAHARASHTRA,SATARA,0.7,5.4,-87.0,LD,945.9,764.0,24.0,E,2026-09-17 11:09:00.811810
2026-09-17,2026-06-01,2026-09-17,district,MADHYA MAHARASHTRA,MAHARASHTRA,SHOLAPUR,0.0,6.2,-100.0,NR,159.5,373.1,-57.0,D,2026-09-17 11:09:00.811810
2026-09-17,2026-06-01,2026-09-17,district,MARATHWADA,MAHARASHTRA,BEED,0.0,5.5,-100.0,NR,241.7,482.7,-50.0,D,2026-09-17 11:09:00.811810
2026-09-17,2026-06-01,2026-09-17,district,MARATHWADA,MAHARASHTRA,CHHATRAPATI SAMBHAJINAGAR,0.0,3.2,-100.0,NR,450.1,494.1,-9.0,N,2026-09-17 11:09:00.811810
2026-09-17,2026-06-01,2026-09-17,district,MARATHWADA,MAHARASHTRA,DHARASHIV,0.0,6.7,-100.0,NR,273.8,503.0,-46.0,D,2026-09-17 11:09:00.811810
2026-09-17,2026-06-01,2026-09-17,district,MARATHWADA,MAHARASHTRA,HINGOLI,0.0,5.2,-100.0,NR,354.3,698.6,-49.0,D,2026-09-17 11:09:00.811810
2026-09-17,2026-06-01,2026-09-17,district,MARATHWADA,MAHARASHTRA,JALNA,0.0,4.2,-100.0,NR,289.2,530.7,-46.0,D,2026-09-17 11:09:00.811810
2026-09-17,2026-06-01,2026-09-17,district,MARATHWADA,MAHARASHTRA,LATUR,0.0,6.9,-100.0,NR,373.4,598.4,-38.0,D,2026-09-17 11:09:00.811810
2026-09-17,2026-06-01,2026-09-17,district,MARATHWADA,MAHARASHTRA,NANDED,0.0,4.9,-100.0,NR,482.0,718.5,-33.0,D,2026-09-17 11:09:00.811810
2026-09-17,2026-06-01,2026-09-17,district,MARATHWADA,MAHARASHTRA,PARBHANI,0.0,5.6,-100.0,NR,364.6,635.6,-43.0,D,2026-09-17 11:09:00.811810
2026-09-17,2026-06-01,2026-09-17,district,N. I. KARNATAKA,KARNATAKA,BAGALKOTE,0.0,5.7,-100.0,NR,211.7,281.3,-25.0,D,2026-09-17 11:09:00.811810
2026-09-17,2026-06-01,2026-09-17,district,N. I. KARNATAKA,KARNATAKA,BELAGAVI,0.0,5.2,-100.0,NR,547.1,510.1,7.0,N,2026-09-17 11:09:00.811810
2026-09-17,2026-06-01,2026-09-17,district,N. I. KARNATAKA,KARNATAKA,BIDAR,0.0,6.0,-100.0,NR,421.6,576.1,-27.0,D,2026-09-17 11:09:00.811810
2026-09-17,2026-06-01,2026-09-17,district,N. I. KARNATAKA,KARNATAKA,DHARWAD,0.0,4.7,-100.0,NR,248.7,455.6,-45.0,D,2026-09-17 11:09:00.811810
2026-09-17,2026-06-01,2026-09-17,district,N. I. KARNATAKA,KARNATAKA,GADAG,0.0,5.0,-100.0,NR,223.3,287.9,-22.0,D,2026-09-17 11:09:00.811810
2026-09-17,2026-06-01,2026-09-17,district,N. I. KARNATAKA,KARNATAKA,HAVERI,0.0,4.2,-100.0,NR,274.3,439.1,-38.0,D,2026-09-17 11:09:00.811810
2026-09-17,2026-06-01,2026-09-17,district,N. I. KARNATAKA,KARNATAKA,KALABURAGI,0.0,8.3,-100.0,NR,204.0,497.8,-59.0,D,2026-09-17 11:09:00.811810
2026-09-17,2026-06-01,2026-09-17,district,N. I. KARNATAKA,KARNATAKA,KOPPAL,0.2,6.7,-97.0,LD,174.0,311.1,-44.0,D,2026-09-17 11:09:00.811810
2026-09-17,2026-06-01,2026-09-17,district,N. I. KARNATAKA,KARNATAKA,RAICHUR,0.0,4.7,-100.0,NR,203.7,352.6,-42.0,D,2026-09-17 11:09:00.811810
2026-09-17,2026-06-01,2026-09-17,district,N. I. KARNATAKA,KARNATAKA,VIJAYAPURA,0.0,6.3,-100.0,NR,179.2,315.0,-43.0,D,2026-09-17 11:09:00.811810
2026-09-17,2026-06-01,2026-09-17,district,N. I. KARNATAKA,KARNATAKA,YADGIR,0.0,6.3,-100.0,NR,287.5,438.3,-34.0,D,2026-09-17 11:09:00.811810
2026-09-17,2026-06-01,2026-09-17,district,NMMT,MANIPUR,BISHNUPUR,0.0,7.8,-100.0,NR,421.9,1069.3,-61.0,LD,2026-09-17 11:09:00.811810
2026-09-17,2026-06-01,2026-09-17,district,NMMT,MANIPUR,CHANDEL,0.2,7.8,-98.0,LD,498.4,1069.3,-53.0,D,2026-09-17 11:09:00.811810
2026-09-17,2026-06-01,2026-09-17,district,NMMT,MANIPUR,CHURACHANDPUR,0.0,7.8,-100.0,NR,232.0,1069.3,-78.0,LD,2026-09-17 11:09:00.811810
2026-09-17,2026-06-01,2026-09-17,district,NMMT,MANIPUR,IMPHAL EAST,0.1,4.0,-99.0,LD,438.4,672.9,-35.0,D,2026-09-17 11:09:00.811810
2026-09-17,2026-06-01,2026-09-17,district,NMMT,MANIPUR,IMPHAL WEST,6.7,6.8,-1.0,N,684.1,1603.9,-57.0,D,2026-09-17 11:09:00.811810
2026-09-17,2026-06-01,2026-09-17,district,NMMT,MANIPUR,SENAPATI,0.0,5.5,-100.0,NR,595.9,705.0,-15.0,N,2026-09-17 11:09:00.811810
2026-09-17,2026-06-01,2026-09-17,district,NMMT,MANIPUR,TAMENGLONG,10.9,12.9,-16.0,N,1551.8,3855.2,-60.0,LD,2026-09-17 11:09:00.811810
2026-09-17,2026-06-01,2026-09-17,district,NMMT,MANIPUR,THOUBAL,0.0,4.0,-100.0,NR,322.5,672.9,-52.0,D,2026-09-17 11:09:00.811810
2026-09-17,2026-06-01,2026-09-17,district,NMMT,MANIPUR,UKHRUL,0.0,8.5,-100.0,NR,902.4,955.0,-6.0,N,2026-09-17 11:09:00.811810
2026-09-17,2026-06-01,2026-09-17,district,NMMT,MIZORAM,AIZAWL,2.7,12.2,-77.0,LD,1302.9,1468.9,-11.0,N,2026-09-17 11:09:00.811810
2026-09-17,2026-06-01,2026-09-17,district,NMMT,MIZORAM,CHAMPHAI,4.8,20.1,-76.0,LD,938.2,1212.3,-23.0,D,2026-09-17 11:09:00.811810
2026-09-17,2026-06-01,2026-09-17,district,NMMT,MIZORAM,KOLASIB,1.0,9.4,-89.0,LD,1625.5,1596.3,2.0,N,2026-09-17 11:09:00.811810
2026-09-17,2026-06-01,2026-09-17,district,NMMT,MIZORAM,LAWNGTLAI,42.0,14.4,192.0,LE,1349.5,1547.9,-13.0,N,2026-09-17 11:09:00.811810
2026-09-17,2026-06-01,2026-09-17,district,NMMT,MIZORAM,LUNGLEI,7.9,16.3,-51.0,D,1263.7,1608.9,-21.0,D,2026-09-17 11:09:00.811810
2026-09-17,2026-06-01,2026-09-17,district,NMMT,MIZORAM,MAMIT,0.0,8.0,-100.0,NR,1016.9,1452.0,-30.0,D,2026-09-17 11:09:00.811810
2026-09-17,2026-06-01,2026-09-17,district,NMMT,MIZORAM,SAIHA,4.9,10.4,-53.0,D,1454.8,1582.3,-8.0,N,2026-09-17 11:09:00.811810
2026-09-17,2026-06-01,2026-09-17,district,NMMT,MIZORAM,SERCHHIP,13.8,11.6,19.0,N,1405.9,1366.1,3.0,N,2026-09-17 11:09:00.811810
2026-09-17,2026-06-01,2026-09-17,district,NMMT,NAGALAND,DIMAPUR,0.8,4.4,-81.0,LD,766.2,762.4,0.0,N,2026-09-17 11:09:00.811810
2026-09-17,2026-06-01,2026-09-17,district,NMMT,NAGALAND,KIPHIRE,2.5,4.2,-40.0,D,735.9,560.1,31.0,E,2026-09-17 11:09:00.811810
2026-09-17,2026-06-01,2026-09-17,district,NMMT,NAGALAND,KOHIMA,2.3,9.6,-76.0,LD,1022.9,1138.2,-10.0,N,2026-09-17 11:09:00.811810
2026-09-17,2026-06-01,2026-09-17,district,NMMT,NAGALAND,MOKOKCHUNG,11.8,7.8,51.0,E,1543.2,1287.8,20.0,E,2026-09-17 11:09:00.811810
2026-09-17,2026-06-01,2026-09-17,district,NMMT,NAGALAND,MON,14.8,5.0,196.0,LE,866.0,982.6,-12.0,N,2026-09-17 11:09:00.811810
2026-09-17,2026-06-01,2026-09-17,district,NMMT,NAGALAND,PEREN,6.2,4.0,54.0,E,882.9,852.0,4.0,N,2026-09-17 11:09:00.811810
2026-09-17,2026-06-01,2026-09-17,district,NMMT,NAGALAND,PHEK,5.4,5.8,-8.0,N,741.6,766.7,-3.0,N,2026-09-17 11:09:00.811810
2026-09-17,2026-06-01,2026-09-17,district,NMMT,NAGALAND,WOKHA,5.4,6.5,-17.0,N,1237.0,1148.3,8.0,N,2026-09-17 11:09:00.811810
2026-09-17,2026-06-01,2026-09-17,district,NMMT,NAGALAND,ZUNHEBOTO,0.2,10.7,-98.0,LD,1532.4,985.8,55.0,E,2026-09-17 11:09:00.811810
2026-09-17,2026-06-01,2026-09-17,district,NMMT,TRIPURA,DHALAI,3.6,6.9,-48.0,D,1118.7,1227.8,-9.0,N,2026-09-17 11:09:00.811810
2026-09-17,2026-06-01,2026-09-17,district,NMMT,TRIPURA,GOMATI,0.3,9.5,-97.0,LD,1022.0,1303.3,-22.0,D,2026-09-17 11:09:00.811810
2026-09-17,2026-06-01,2026-09-17,district,NMMT,TRIPURA,KHOWAI,18.0,7.2,150.0,LE,1237.1,1185.8,4.0,N,2026-09-17 11:09:00.811810
2026-09-17,2026-06-01,2026-09-17,district,NMMT,TRIPURA,NORTH TRIPURA,3.4,7.4,-54.0,D,1064.7,1311.7,-19.0,N,2026-09-17 11:09:00.811810
2026-09-17,2026-06-01,2026-09-17,district,NMMT,TRIPURA,SIPAHIJALA,2.6,9.4,-72.0,LD,1026.2,1216.2,-16.0,N,2026-09-17 11:09:00.811810
2026-09-17,2026-06-01,2026-09-17,district,NMMT,TRIPURA,SOUTH TRIPURA,19.8,8.4,136.0,LE,1046.8,1550.2,-32.0,D,2026-09-17 11:09:00.811810
2026-09-17,2026-06-01,2026-09-17,district,NMMT,TRIPURA,UNAKOTI,14.0,8.0,75.0,LE,1233.6,1311.0,-6.0,N,2026-09-17 11:09:00.811810
2026-09-17,2026-06-01,2026-09-17,district,NMMT,TRIPURA,WEST TRIPURA,6.0,7.3,-17.0,N,1186.6,1091.4,9.0,N,2026-09-17 11:09:00.811810
2026-09-17,2026-06-01,2026-09-17,district,ODISHA,ODISHA,ANGUL,1.1,5.6,-80.0,LD,1267.2,1049.4,21.0,E,2026-09-17 11:09:00.811810
2026-09-17,2026-06-01,2026-09-17,district,ODISHA,ODISHA,BALANGIR,0.0,9.5,-100.0,NR,1293.8,1031.6,25.0,E,2026-09-17 11:09:00.811810
2026-09-17,2026-06-01,2026-09-17,district,ODISHA,ODISHA,BALASORE,1.3,8.1,-85.0,LD,1634.1,1102.3,48.0,E,2026-09-17 11:09:00.811810
2026-09-17,2026-06-01,2026-09-17,district,ODISHA,ODISHA,BARGARH,1.4,7.2,-81.0,LD,1609.3,1137.9,41.0,E,2026-09-17 11:09:00.811810
2026-09-17,2026-06-01,2026-09-17,district,ODISHA,ODISHA,BHADRAK,0.4,12.4,-97.0,LD,1205.9,991.9,22.0,E,2026-09-17 11:09:00.811810
2026-09-17,2026-06-01,2026-09-17,district,ODISHA,ODISHA,BOUDH,0.0,4.3,-100.0,NR,1680.8,969.6,73.0,LE,2026-09-17 11:09:00.811810
2026-09-17,2026-06-01,2026-09-17,district,ODISHA,ODISHA,CUTTACK,0.2,9.5,-98.0,LD,1344.2,1055.3,27.0,E,2026-09-17 11:09:00.811810
2026-09-17,2026-06-01,2026-09-17,district,ODISHA,ODISHA,DEOGARH,1.9,7.9,-76.0,LD,1490.6,1105.6,35.0,E,2026-09-17 11:09:00.811810
2026-09-17,2026-06-01,2026-09-17,district,ODISHA,ODISHA,DHENKANAL,0.0,8.1,-100.0,NR,1415.4,1012.1,40.0,E,2026-09-17 11:09:00.811810
2026-09-17,2026-06-01,2026-09-17,district,ODISHA,ODISHA,GAJAPATI,3.7,8.2,-55.0,D,643.1,813.3,-21.0,D,2026-09-17 11:09:00.811810
2026-09-17,2026-06-01,2026-09-17,district,ODISHA,ODISHA,GANJAM,5.4,6.6,-18.0,N,676.1,792.9,-15.0,N,2026-09-17 11:09:00.811810
2026-09-17,2026-06-01,2026-09-17,district,ODISHA,ODISHA,JAGATSINGHPUR,1.6,10.9,-86.0,LD,1177.3,970.1,21.0,E,2026-09-17 11:09:00.811810
2026-09-17,2026-06-01,2026-09-17,district,ODISHA,ODISHA,JAJPUR,0.0,14.6,-100.0,NR,1221.9,1138.1,7.0,N,2026-09-17 11:09:00.811810
2026-09-17,2026-06-01,2026-09-17,district,ODISHA,ODISHA,JHARSUGUDA,0.3,6.5,-95.0,LD,1157.2,1121.4,3.0,N,2026-09-17 11:09:00.811810
2026-09-17,2026-06-01,2026-09-17,district,ODISHA,ODISHA,KALAHANDI,0.0,10.3,-100.0,NR,1163.2,1304.9,-11.0,N,2026-09-17 11:09:00.811810
2026-09-17,2026-06-01,2026-09-17,district,ODISHA,ODISHA,KANDHAMAL,5.4,11.2,-52.0,D,1272.7,1060.3,20.0,E,2026-09-17 11:09:00.811810
2026-09-17,2026-06-01,2026-09-17,district,ODISHA,ODISHA,KENDRAPARA,7.3,11.3,-35.0,D,1397.3,1013.0,38.0,E,2026-09-17 11:09:00.811810
2026-09-17,2026-06-01,2026-09-17,district,ODISHA,ODISHA,KEONJHARGARH,9.3,8.5,10.0,N,1524.2,1049.6,45.0,E,2026-09-17 11:09:00.811810
2026-09-17,2026-06-01,2026-09-17,district,ODISHA,ODISHA,KHURDA,4.8,8.5,-43.0,D,1181.3,988.3,20.0,E,2026-09-17 11:09:00.811810
2026-09-17,2026-06-01,2026-09-17,district,ODISHA,ODISHA,KORAPUT,4.0,6.1,-35.0,D,1114.2,1150.4,-3.0,N,2026-09-17 11:09:00.811810
2026-09-17,2026-06-01,2026-09-17,district,ODISHA,ODISHA,MALKANGIRI,2.3,8.3,-72.0,LD,1147.9,1179.8,-3.0,N,2026-09-17 11:09:00.811810
2026-09-17,2026-06-01,2026-09-17,district,ODISHA,ODISHA,MAYURBHANJ,5.6,8.6,-35.0,D,1606.1,1107.5,45.0,E,2026-09-17 11:09:00.811810
2026-09-17,2026-06-01,2026-09-17,district,ODISHA,ODISHA,NAWAPARA,3.0,7.8,-62.0,LD,1135.4,949.1,20.0,E,2026-09-17 11:09:00.811810
2026-09-17,2026-06-01,2026-09-17,district,ODISHA,ODISHA,NAWARANGPUR,1.0,6.5,-84.0,LD,1075.8,1279.1,-16.0,N,2026-09-17 11:09:00.811810
2026-09-17,2026-06-01,2026-09-17,district,ODISHA,ODISHA,NAYAGARH,1.3,7.2,-82.0,LD,1131.8,982.4,15.0,N,2026-09-17 11:09:00.811810
2026-09-17,2026-06-01,2026-09-17,district,ODISHA,ODISHA,PURI,0.0,8.6,-100.0,NR,1227.4,936.4,31.0,E,2026-09-17 11:09:00.811810
2026-09-17,2026-06-01,2026-09-17,district,ODISHA,ODISHA,RAYAGADA,0.4,6.9,-95.0,LD,832.8,900.4,-8.0,N,2026-09-17 11:09:00.811810
2026-09-17,2026-06-01,2026-09-17,district,ODISHA,ODISHA,SAMBALPUR,0.0,6.2,-100.0,NR,1543.4,1197.0,29.0,E,2026-09-17 11:09:00.811810
2026-09-17,2026-06-01,2026-09-17,district,ODISHA,ODISHA,SONEPUR,0.0,9.2,-100.0,NR,1644.4,1131.3,45.0,E,2026-09-17 11:09:00.811810
2026-09-17,2026-06-01,2026-09-17,district,ODISHA,ODISHA,SUNDARGARH,0.0,6.2,-100.0,NR,1353.3,1124.9,20.0,E,2026-09-17 11:09:00.811810
2026-09-17,2026-06-01,2026-09-17,district,PUNJAB,PUNJAB,AMRITSAR,9.9,1.1,803.0,LE,363.8,434.4,-16.0,N,2026-09-17 11:09:00.811810
2026-09-17,2026-06-01,2026-09-17,district,PUNJAB,PUNJAB,BARNALA,0.0,0.5,-100.0,NR,132.4,339.5,-61.0,LD,2026-09-17 11:09:00.811810
2026-09-17,2026-06-01,2026-09-17,district,PUNJAB,PUNJAB,BHATINDA,3.7,0.8,358.0,LE,133.9,277.3,-52.0,D,2026-09-17 11:09:00.811810
2026-09-17,2026-06-01,2026-09-17,district,PUNJAB,PUNJAB,FARIDKOT,7.9,2.0,295.0,LE,232.7,286.3,-19.0,N,2026-09-17 11:09:00.811810
2026-09-17,2026-06-01,2026-09-17,district,PUNJAB,PUNJAB,FATEHGARH SAHIB,0.7,0.2,233.0,LE,153.3,445.6,-66.0,LD,2026-09-17 11:09:00.811810
2026-09-17,2026-06-01,2026-09-17,district,PUNJAB,PUNJAB,FAZILKA,9.3,1.0,825.0,LE,115.8,236.7,-51.0,D,2026-09-17 11:09:00.811810
2026-09-17,2026-06-01,2026-09-17,district,PUNJAB,PUNJAB,FEROZEPUR,0.0,1.3,-100.0,NR,135.6,241.1,-44.0,D,2026-09-17 11:09:00.811810
2026-09-17,2026-06-01,2026-09-17,district,PUNJAB,PUNJAB,GURDASPUR,5.3,1.3,309.0,LE,751.2,566.5,33.0,E,2026-09-17 11:09:00.811810
2026-09-17,2026-06-01,2026-09-17,district,PUNJAB,PUNJAB,HOSHIARPUR,4.9,1.6,206.0,LE,273.7,574.0,-52.0,D,2026-09-17 11:09:00.811810
2026-09-17,2026-06-01,2026-09-17,district,PUNJAB,PUNJAB,JALANDHAR,4.7,1.4,236.0,LE,245.2,496.6,-51.0,D,2026-09-17 11:09:00.811810
2026-09-17,2026-06-01,2026-09-17,district,PUNJAB,PUNJAB,KAPURTHALA,0.7,5.0,-87.0,LD,135.3,441.2,-69.0,LD,2026-09-17 11:09:00.811810
2026-09-17,2026-06-01,2026-09-17,district,PUNJAB,PUNJAB,LUDHIANA,2.5,1.8,41.0,E,235.1,431.2,-45.0,D,2026-09-17 11:09:00.811810
2026-09-17,2026-06-01,2026-09-17,district,PUNJAB,PUNJAB,MANSA,3.5,0.9,289.0,LE,75.3,253.6,-70.0,LD,2026-09-17 11:09:00.811810
2026-09-17,2026-06-01,2026-09-17,district,PUNJAB,PUNJAB,MOGA,3.2,4.3,-26.0,D,167.3,283.6,-41.0,D,2026-09-17 11:09:00.811810
2026-09-17,2026-06-01,2026-09-17,district,PUNJAB,PUNJAB,MUKTSAR,1.4,0.1,1300.0,LE,99.5,302.4,-67.0,LD,2026-09-17 11:09:00.811810
2026-09-17,2026-06-01,2026-09-17,district,PUNJAB,PUNJAB,PATHANKOT,11.0,3.1,254.0,LE,1278.0,906.2,41.0,E,2026-09-17 11:09:00.811810
2026-09-17,2026-06-01,2026-09-17,district,PUNJAB,PUNJAB,PATIALA,2.8,1.8,56.0,E,276.4,506.3,-45.0,D,2026-09-17 11:09:00.811810
2026-09-17,2026-06-01,2026-09-17,district,PUNJAB,PUNJAB,RUPNAGAR,31.7,1.2,2540.0,LE,572.6,761.1,-25.0,D,2026-09-17 11:09:00.811810
2026-09-17,2026-06-01,2026-09-17,district,PUNJAB,PUNJAB,SANGRUR,7.1,1.3,445.0,LE,183.2,366.3,-50.0,D,2026-09-17 11:09:00.811810
2026-09-17,2026-06-01,2026-09-17,district,PUNJAB,PUNJAB,SAS NAGAR (MOHALI),0.1,2.0,-97.0,LD,235.3,582.1,-60.0,LD,2026-09-17 11:09:00.811810
2026-09-17,2026-06-01,2026-09-17,district,PUNJAB,PUNJAB,SBS NAGAR,8.1,2.4,235.0,LE,351.5,711.3,-51.0,D,2026-09-17 11:09:00.811810
2026-09-17,2026-06-01,2026-09-17,district,PUNJAB,PUNJAB,TARN TARAN,3.1,0.2,1471.0,LE,123.8,253.2,-51.0,D,2026-09-17 11:09:00.811810
2026-09-17,2026-06-01,2026-09-17,district,RAYALASEEMA,ANDHRA PRADESH,ANANTAPURAMU,0.0,7.3,-99.0,LD,159.6,273.4,-42.0,D,2026-09-17 11:09:00.811810
2026-09-17,2026-06-01,2026-09-17,district,RAYALASEEMA,ANDHRA PRADESH,ANNAMAYYA DISTRICT,0.0,7.0,-100.0,NR,103.7,327.2,-68.0,LD,2026-09-17 11:09:00.811810
2026-09-17,2026-06-01,2026-09-17,district,RAYALASEEMA,ANDHRA PRADESH,CHITTOOR,5.1,8.7,-41.0,D,204.4,384.7,-47.0,D,2026-09-17 11:09:00.811810
2026-09-17,2026-06-01,2026-09-17,district,RAYALASEEMA,ANDHRA PRADESH,KURNOOL,0.0,4.9,-100.0,NR,210.6,367.6,-43.0,D,2026-09-17 11:09:00.811810
2026-09-17,2026-06-01,2026-09-17,district,RAYALASEEMA,ANDHRA PRADESH,NANDYAL,1.1,7.5,-85.0,LD,210.1,433.9,-52.0,D,2026-09-17 11:09:00.811810
2026-09-17,2026-06-01,2026-09-17,district,RAYALASEEMA,ANDHRA PRADESH,SRI SATHYASAI DISTRICT,0.0,8.4,-100.0,NR,114.8,275.6,-58.0,D,2026-09-17 11:09:00.811810
2026-09-17,2026-06-01,2026-09-17,district,RAYALASEEMA,ANDHRA PRADESH,TIRUPATI,0.0,5.0,-100.0,NR,200.2,380.0,-47.0,D,2026-09-17 11:09:00.811810
2026-09-17,2026-06-01,2026-09-17,district,RAYALASEEMA,ANDHRA PRADESH,YSR DISTRICT,0.0,5.1,-100.0,NR,160.2,343.2,-53.0,D,2026-09-17 11:09:00.811810
2026-09-17,2026-06-01,2026-09-17,district,S. I. KARNATAKA,KARNATAKA,BALLARI,0.0,8.3,-100.0,NR,134.2,300.0,-55.0,D,2026-09-17 11:09:00.811810
2026-09-17,2026-06-01,2026-09-17,district,S. I. KARNATAKA,KARNATAKA,BENGALURU RURAL,0.0,7.7,-100.0,NR,254.6,359.6,-29.0,D,2026-09-17 11:09:00.811810
2026-09-17,2026-06-01,2026-09-17,district,S. I. KARNATAKA,KARNATAKA,BENGALURU URBAN,1.5,8.8,-83.0,LD,183.2,373.4,-51.0,D,2026-09-17 11:09:00.811810
2026-09-17,2026-06-01,2026-09-17,district,S. I. KARNATAKA,KARNATAKA,CHAMARAJANAGAR,0.0,6.8,-100.0,NR,163.4,284.6,-43.0,D,2026-09-17 11:09:00.811810
2026-09-17,2026-06-01,2026-09-17,district,S. I. KARNATAKA,KARNATAKA,CHIKABALLAPURA,1.0,7.0,-86.0,LD,175.6,349.5,-50.0,D,2026-09-17 11:09:00.811810
2026-09-17,2026-06-01,2026-09-17,district,S. I. KARNATAKA,KARNATAKA,CHIKKAMAGALURU,0.0,5.0,-100.0,NR,1234.0,1413.6,-13.0,N,2026-09-17 11:09:00.811810
2026-09-17,2026-06-01,2026-09-17,district,S. I. KARNATAKA,KARNATAKA,CHITRADURGA,0.0,5.4,-100.0,NR,146.5,237.0,-38.0,D,2026-09-17 11:09:00.811810
2026-09-17,2026-06-01,2026-09-17,district,S. I. KARNATAKA,KARNATAKA,DAVANGERE,0.0,5.8,-100.0,NR,267.5,325.2,-18.0,N,2026-09-17 11:09:00.811810
2026-09-17,2026-06-01,2026-09-17,district,S. I. KARNATAKA,KARNATAKA,HASSAN,0.0,4.1,-100.0,NR,216.3,608.4,-64.0,LD,2026-09-17 11:09:00.811810
2026-09-17,2026-06-01,2026-09-17,district,S. I. KARNATAKA,KARNATAKA,KODAGU,0.0,7.9,-100.0,NR,1520.7,2152.8,-29.0,D,2026-09-17 11:09:00.811810
2026-09-17,2026-06-01,2026-09-17,district,S. I. KARNATAKA,KARNATAKA,KOLAR,0.0,8.5,-100.0,NR,129.3,336.9,-62.0,LD,2026-09-17 11:09:00.811810
2026-09-17,2026-06-01,2026-09-17,district,S. I. KARNATAKA,KARNATAKA,MANDYA,0.0,5.1,-100.0,NR,130.6,243.4,-46.0,D,2026-09-17 11:09:00.811810
2026-09-17,2026-06-01,2026-09-17,district,S. I. KARNATAKA,KARNATAKA,MYSURU,2.4,3.7,-35.0,D,176.4,315.4,-44.0,D,2026-09-17 11:09:00.811810
2026-09-17,2026-06-01,2026-09-17,district,S. I. KARNATAKA,KARNATAKA,SHIVAMOGGA,0.0,4.4,-100.0,NR,1440.4,1555.9,-7.0,N,2026-09-17 11:09:00.811810
2026-09-17,2026-06-01,2026-09-17,district,S. I. KARNATAKA,KARNATAKA,TUMAKURU,3.0,6.0,-51.0,D,137.9,306.2,-55.0,D,2026-09-17 11:09:00.811810
2026-09-17,2026-06-01,2026-09-17,district,S. I. KARNATAKA,KARNATAKA,VIJAYANAGARA,0.0,6.6,-100.0,NR,150.4,317.2,-53.0,D,2026-09-17 11:09:00.811810
2026-09-17,2026-06-01,2026-09-17,district,SAURASHTRA & KUTCH,DADRA & NAGAR HAVELI AND DAMAN & DIU (UT),DIU,0.0,1.9,-100.0,NR,799.4,710.1,13.0,N,2026-09-17 11:09:00.811810
2026-09-17,2026-06-01,2026-09-17,district,SAURASHTRA & KUTCH,GUJARAT,AMRELI,0.0,4.5,-100.0,NR,544.3,527.3,3.0,N,2026-09-17 11:09:00.811810
2026-09-17,2026-06-01,2026-09-17,district,SAURASHTRA & KUTCH,GUJARAT,BHAVNAGAR,2.0,2.8,-28.0,D,588.3,517.9,14.0,N,2026-09-17 11:09:00.811810
2026-09-17,2026-06-01,2026-09-17,district,SAURASHTRA & KUTCH,GUJARAT,BOTAD,1.5,4.0,-63.0,LD,565.0,513.1,10.0,N,2026-09-17 11:09:00.811810
2026-09-17,2026-06-01,2026-09-17,district,SAURASHTRA & KUTCH,GUJARAT,DEVBHOOMI DWARKA,2.5,1.8,38.0,E,118.9,538.8,-78.0,LD,2026-09-17 11:09:00.811810
2026-09-17,2026-06-01,2026-09-17,district,SAURASHTRA & KUTCH,GUJARAT,GIR SOMNATH,1.7,2.8,-40.0,D,556.0,827.8,-33.0,D,2026-09-17 11:09:00.811810
2026-09-17,2026-06-01,2026-09-17,district,SAURASHTRA & KUTCH,GUJARAT,JAMNAGAR,2.0,4.5,-56.0,D,298.7,599.9,-50.0,D,2026-09-17 11:09:00.811810
2026-09-17,2026-06-01,2026-09-17,district,SAURASHTRA & KUTCH,GUJARAT,JUNAGADH,3.7,5.0,-27.0,D,665.2,832.4,-20.0,D,2026-09-17 11:09:00.811810
2026-09-17,2026-06-01,2026-09-17,district,SAURASHTRA & KUTCH,GUJARAT,KUTCH,0.3,1.4,-81.0,LD,257.7,390.5,-34.0,D,2026-09-17 11:09:00.811810
2026-09-17,2026-06-01,2026-09-17,district,SAURASHTRA & KUTCH,GUJARAT,MORBI,0.0,3.4,-100.0,NR,522.6,501.4,4.0,N,2026-09-17 11:09:00.811810
2026-09-17,2026-06-01,2026-09-17,district,SAURASHTRA & KUTCH,GUJARAT,PORBANDAR,13.5,4.1,228.0,LE,234.9,659.8,-64.0,LD,2026-09-17 11:09:00.811810
2026-09-17,2026-06-01,2026-09-17,district,SAURASHTRA & KUTCH,GUJARAT,RAJKOT,0.6,6.4,-91.0,LD,421.7,592.4,-29.0,D,2026-09-17 11:09:00.811810
2026-09-17,2026-06-01,2026-09-17,district,SAURASHTRA & KUTCH,GUJARAT,SURENDRANAGAR,0.5,3.8,-86.0,LD,555.0,482.5,15.0,N,2026-09-17 11:09:00.811810
2026-09-17,2026-06-01,2026-09-17,district,SHWB & SIKKIM,SIKKIM,GANGTOK,81.3,16.5,393.0,LE,1848.8,2006.4,-8.0,N,2026-09-17 11:09:00.811810
2026-09-17,2026-06-01,2026-09-17,district,SHWB & SIKKIM,SIKKIM,GYALSHING,14.9,15.8,-6.0,N,2099.8,1663.4,26.0,E,2026-09-17 11:09:00.811810
2026-09-17,2026-06-01,2026-09-17,district,SHWB & SIKKIM,SIKKIM,MANGAN,98.6,8.9,1008.0,LE,1493.3,1426.4,5.0,N,2026-09-17 11:09:00.811810
2026-09-17,2026-06-01,2026-09-17,district,SHWB & SIKKIM,SIKKIM,NAMCHI,0.0,12.0,-100.0,NR,1689.3,1536.0,10.0,N,2026-09-17 11:09:00.811810
2026-09-17,2026-06-01,2026-09-17,district,SHWB & SIKKIM,SIKKIM,Pakyong,1.8,9.4,-81.0,LD,1424.1,1497.0,-5.0,N,2026-09-17 11:09:00.811810
2026-09-17,2026-06-01,2026-09-17,district,SHWB & SIKKIM,SIKKIM,Soreng,1.5,15.8,-91.0,LD,1914.0,1663.4,15.0,N,2026-09-17 11:09:00.811810
2026-09-17,2026-06-01,2026-09-17,district,SHWB & SIKKIM,WEST BENGAL,ALIPURDUAR,43.9,19.3,128.0,LE,2490.0,2823.8,-12.0,N,2026-09-17 11:09:00.811810
2026-09-17,2026-06-01,2026-09-17,district,SHWB & SIKKIM,WEST BENGAL,COOCH BEHAR,27.8,20.0,39.0,E,1914.5,2178.3,-12.0,N,2026-09-17 11:09:00.811810
2026-09-17,2026-06-01,2026-09-17,district,SHWB & SIKKIM,WEST BENGAL,DARJEELING,37.1,18.9,96.0,LE,1995.3,2532.5,-21.0,D,2026-09-17 11:09:00.811810
2026-09-17,2026-06-01,2026-09-17,district,SHWB & SIKKIM,WEST BENGAL,JALPAIGURI,24.3,16.9,44.0,E,2012.9,2695.0,-25.0,D,2026-09-17 11:09:00.811810
2026-09-17,2026-06-01,2026-09-17,district,SHWB & SIKKIM,WEST BENGAL,KALIMPONG,13.8,10.6,30.0,E,1719.4,2251.2,-24.0,D,2026-09-17 11:09:00.811810
2026-09-17,2026-06-01,2026-09-17,district,SHWB & SIKKIM,WEST BENGAL,MALDA,0.0,5.2,-100.0,NR,785.4,1017.6,-23.0,D,2026-09-17 11:09:00.811810
2026-09-17,2026-06-01,2026-09-17,district,SHWB & SIKKIM,WEST BENGAL,NORTH DINAJPUR,10.0,11.2,-11.0,N,931.0,1325.8,-30.0,D,2026-09-17 11:09:00.811810
2026-09-17,2026-06-01,2026-09-17,district,SHWB & SIKKIM,WEST BENGAL,SOUTH DINAJPUR,0.0,5.8,-100.0,NR,759.1,964.3,-21.0,D,2026-09-17 11:09:00.811810
2026-09-17,2026-06-01,2026-09-17,district,TAMIL. PUDU.& KARAIKAL,PUDUCHERRY (UT),KARAIKAL,0.0,5.5,-100.0,NR,234.1,244.1,-4.0,N,2026-09-17 11:09:00.811810
2026-09-17,2026-06-01,2026-09-17,district,TAMIL. PUDU.& KARAIKAL,PUDUCHERRY (UT),PUDUCHERRY,0.0,3.4,-100.0,NR,134.9,331.4,-59.0,D,2026-09-17 11:09:00.811810
2026-09-17,2026-06-01,2026-09-17,district,TAMIL. PUDU.& KARAIKAL,TAMILNADU,ARIYALUR,0.0,6.6,-100.0,NR,242.1,265.2,-9.0,N,2026-09-17 11:09:00.811810
2026-09-17,2026-06-01,2026-09-17,district,TAMIL. PUDU.& KARAIKAL,TAMILNADU,CHENGALPATTU,0.0,5.4,-100.0,NR,171.7,342.0,-50.0,D,2026-09-17 11:09:00.811810
2026-09-17,2026-06-01,2026-09-17,district,TAMIL. PUDU.& KARAIKAL,TAMILNADU,CHENNAI,0.0,7.4,-100.0,NR,350.4,375.0,-7.0,N,2026-09-17 11:09:00.811810
2026-09-17,2026-06-01,2026-09-17,district,TAMIL. PUDU.& KARAIKAL,TAMILNADU,COIMBATORE,1.8,5.1,-64.0,LD,658.3,632.8,4.0,N,2026-09-17 11:09:00.811810
2026-09-17,2026-06-01,2026-09-17,district,TAMIL. PUDU.& KARAIKAL,TAMILNADU,CUDDALORE,1.2,6.3,-81.0,LD,242.6,297.3,-18.0,N,2026-09-17 11:09:00.811810
2026-09-17,2026-06-01,2026-09-17,district,TAMIL. PUDU.& KARAIKAL,TAMILNADU,DHARMAPURI,23.3,5.9,296.0,LE,218.5,307.2,-29.0,D,2026-09-17 11:09:00.811810
2026-09-17,2026-06-01,2026-09-17,district,TAMIL. PUDU.& KARAIKAL,TAMILNADU,DINDIGUL,0.0,5.2,-100.0,NR,173.5,237.5,-27.0,D,2026-09-17 11:09:00.811810
2026-09-17,2026-06-01,2026-09-17,district,TAMIL. PUDU.& KARAIKAL,TAMILNADU,ERODE,5.4,5.9,-8.0,N,164.2,208.4,-21.0,D,2026-09-17 11:09:00.811810
2026-09-17,2026-06-01,2026-09-17,district,TAMIL. PUDU.& KARAIKAL,TAMILNADU,KALLAKURICHI,0.0,5.7,-99.0,LD,205.6,339.0,-39.0,D,2026-09-17 11:09:00.811810
2026-09-17,2026-06-01,2026-09-17,district,TAMIL. PUDU.& KARAIKAL,TAMILNADU,KANCHEEPURAM,0.6,6.7,-91.0,LD,276.6,403.2,-31.0,D,2026-09-17 11:09:00.811810
2026-09-17,2026-06-01,2026-09-17,district,TAMIL. PUDU.& KARAIKAL,TAMILNADU,KANYAKUMARI,0.2,5.9,-97.0,LD,401.7,435.4,-8.0,N,2026-09-17 11:09:00.811810
2026-09-17,2026-06-01,2026-09-17,district,TAMIL. PUDU.& KARAIKAL,TAMILNADU,KARUR,0.0,5.6,-100.0,NR,57.6,154.6,-63.0,LD,2026-09-17 11:09:00.811810
2026-09-17,2026-06-01,2026-09-17,district,TAMIL. PUDU.& KARAIKAL,TAMILNADU,KRISHNAGIRI,4.6,6.4,-29.0,D,181.3,285.1,-36.0,D,2026-09-17 11:09:00.811810
2026-09-17,2026-06-01,2026-09-17,district,TAMIL. PUDU.& KARAIKAL,TAMILNADU,MADURAI,0.1,4.7,-98.0,LD,192.6,242.4,-21.0,D,2026-09-17 11:09:00.811810
2026-09-17,2026-06-01,2026-09-17,district,TAMIL. PUDU.& KARAIKAL,TAMILNADU,MAYILADUTHURAI,0.0,6.5,-100.0,NR,183.3,253.9,-28.0,D,2026-09-17 11:09:00.811810
2026-09-17,2026-06-01,2026-09-17,district,TAMIL. PUDU.& KARAIKAL,TAMILNADU,NAGAPATTINAM,0.0,4.6,-100.0,NR,77.7,203.1,-62.0,LD,2026-09-17 11:09:00.811810
2026-09-17,2026-06-01,2026-09-17,district,TAMIL. PUDU.& KARAIKAL,TAMILNADU,NAMAKKAL,8.0,6.6,21.0,E,128.9,272.7,-53.0,D,2026-09-17 11:09:00.811810
2026-09-17,2026-06-01,2026-09-17,district,TAMIL. PUDU.& KARAIKAL,TAMILNADU,NILGIRIS,3.8,7.0,-46.0,D,524.7,768.3,-32.0,D,2026-09-17 11:09:00.811810
2026-09-17,2026-06-01,2026-09-17,district,TAMIL. PUDU.& KARAIKAL,TAMILNADU,PERAMBALUR,2.9,6.1,-52.0,D,208.2,229.0,-9.0,N,2026-09-17 11:09:00.811810
2026-09-17,2026-06-01,2026-09-17,district,TAMIL. PUDU.& KARAIKAL,TAMILNADU,PUDUKKOTTAI,0.0,5.0,-100.0,NR,205.0,248.1,-17.0,N,2026-09-17 11:09:00.811810
2026-09-17,2026-06-01,2026-09-17,district,TAMIL. PUDU.& KARAIKAL,TAMILNADU,RAMANATHAPURAM,0.0,1.9,-100.0,NR,43.3,100.4,-57.0,D,2026-09-17 11:09:00.811810
2026-09-17,2026-06-01,2026-09-17,district,TAMIL. PUDU.& KARAIKAL,TAMILNADU,RANIPET,1.5,5.7,-73.0,LD,295.6,381.7,-23.0,D,2026-09-17 11:09:00.811810
2026-09-17,2026-06-01,2026-09-17,district,TAMIL. PUDU.& KARAIKAL,TAMILNADU,SALEM,19.4,6.4,203.0,LE,228.2,336.8,-32.0,D,2026-09-17 11:09:00.811810
2026-09-17,2026-06-01,2026-09-17,district,TAMIL. PUDU.& KARAIKAL,TAMILNADU,SIVAGANGA,0.0,3.3,-100.0,NR,242.4,265.5,-9.0,N,2026-09-17 11:09:00.811810
2026-09-17,2026-06-01,2026-09-17,district,TAMIL. PUDU.& KARAIKAL,TAMILNADU,TENKASI,1.3,1.7,-25.0,D,185.0,145.2,27.0,E,2026-09-17 11:09:00.811810
2026-09-17,2026-06-01,2026-09-17,district,TAMIL. PUDU.& KARAIKAL,TAMILNADU,THANJAVUR,0.0,5.3,-100.0,NR,165.8,249.8,-34.0,D,2026-09-17 11:09:00.811810
2026-09-17,2026-06-01,2026-09-17,district,TAMIL. PUDU.& KARAIKAL,TAMILNADU,THENI,0.4,3.0,-87.0,LD,193.3,189.3,2.0,N,2026-09-17 11:09:00.811810
2026-09-17,2026-06-01,2026-09-17,district,TAMIL. PUDU.& KARAIKAL,TAMILNADU,THIRUCHIRAPALLI,6.5,5.9,10.0,N,128.4,221.5,-42.0,D,2026-09-17 11:09:00.811810
2026-09-17,2026-06-01,2026-09-17,district,TAMIL. PUDU.& KARAIKAL,TAMILNADU,THIRUVALLUR,0.0,5.6,-99.0,LD,311.6,396.7,-21.0,D,2026-09-17 11:09:00.811810
2026-09-17,2026-06-01,2026-09-17,district,TAMIL. PUDU.& KARAIKAL,TAMILNADU,THOOTHUKUDI,0.0,1.7,-100.0,NR,18.8,48.8,-62.0,LD,2026-09-17 11:09:00.811810
2026-09-17,2026-06-01,2026-09-17,district,TAMIL. PUDU.& KARAIKAL,TAMILNADU,TIRUNELVELI,0.0,1.8,-100.0,NR,386.0,70.7,446.0,LE,2026-09-17 11:09:00.811810
2026-09-17,2026-06-01,2026-09-17,district,TAMIL. PUDU.& KARAIKAL,TAMILNADU,TIRUPATTUR,0.0,6.5,-100.0,NR,156.8,361.1,-57.0,D,2026-09-17 11:09:00.811810
2026-09-17,2026-06-01,2026-09-17,district,TAMIL. PUDU.& KARAIKAL,TAMILNADU,TIRUPPUR,2.2,4.3,-50.0,D,88.3,114.4,-23.0,D,2026-09-17 11:09:00.811810
2026-09-17,2026-06-01,2026-09-17,district,TAMIL. PUDU.& KARAIKAL,TAMILNADU,TIRUVANNAMALAI,5.6,7.1,-22.0,D,232.6,381.6,-39.0,D,2026-09-17 11:09:00.811810
2026-09-17,2026-06-01,2026-09-17,district,TAMIL. PUDU.& KARAIKAL,TAMILNADU,TIRUVARUR,0.0,4.4,-100.0,NR,177.2,242.2,-27.0,D,2026-09-17 11:09:00.811810
2026-09-17,2026-06-01,2026-09-17,district,TAMIL. PUDU.& KARAIKAL,TAMILNADU,VELLORE,1.0,7.4,-86.0,LD,209.4,364.4,-43.0,D,2026-09-17 11:09:00.811810
2026-09-17,2026-06-01,2026-09-17,district,TAMIL. PUDU.& KARAIKAL,TAMILNADU,VILLUPURAM,23.3,5.2,348.0,LE,251.2,342.2,-27.0,D,2026-09-17 11:09:00.811810
2026-09-17,2026-06-01,2026-09-17,district,TAMIL. PUDU.& KARAIKAL,TAMILNADU,VIRUDHUNAGAR,8.0,3.4,136.0,LE,139.9,151.9,-8.0,N,2026-09-17 11:09:00.811810
2026-09-17,2026-06-01,2026-09-17,district,TELANGANA,TELANGANA,ADILABAD,0.1,5.6,-98.0,LD,653.8,881.4,-26.0,D,2026-09-17 11:09:00.811810
2026-09-17,2026-06-01,2026-09-17,district,TELANGANA,TELANGANA,B. KOTHAGUDEM,1.3,4.7,-73.0,LD,627.3,873.7,-28.0,D,2026-09-17 11:09:00.811810
2026-09-17,2026-06-01,2026-09-17,district,TELANGANA,TELANGANA,HANUMAKONDA,0.0,7.9,-100.0,NR,419.0,622.1,-33.0,D,2026-09-17 11:09:00.811810
2026-09-17,2026-06-01,2026-09-17,district,TELANGANA,TELANGANA,HYDERABAD,0.0,7.4,-100.0,NR,389.3,556.6,-30.0,D,2026-09-17 11:09:00.811810
2026-09-17,2026-06-01,2026-09-17,district,TELANGANA,TELANGANA,J. BHUPALPALLY,0.0,3.9,-99.0,LD,781.9,910.2,-14.0,N,2026-09-17 11:09:00.811810
2026-09-17,2026-06-01,2026-09-17,district,TELANGANA,TELANGANA,JAGTIAL,2.3,9.0,-75.0,LD,752.7,743.7,1.0,N,2026-09-17 11:09:00.811810
2026-09-17,2026-06-01,2026-09-17,district,TELANGANA,TELANGANA,JANGAON,0.0,7.4,-100.0,NR,419.0,605.2,-31.0,D,2026-09-17 11:09:00.811810
2026-09-17,2026-06-01,2026-09-17,district,TELANGANA,TELANGANA,JOGULAMBA GADWAL,0.0,6.4,-100.0,NR,196.2,389.3,-50.0,D,2026-09-17 11:09:00.811810
2026-09-17,2026-06-01,2026-09-17,district,TELANGANA,TELANGANA,KAMAREDDY,0.0,5.4,-99.0,LD,781.5,709.8,10.0,N,2026-09-17 11:09:00.811810
2026-09-17,2026-06-01,2026-09-17,district,TELANGANA,TELANGANA,KARIMNAGAR,0.1,6.2,-99.0,LD,568.0,628.9,-10.0,N,2026-09-17 11:09:00.811810
2026-09-17,2026-06-01,2026-09-17,district,TELANGANA,TELANGANA,KHAMMAM,0.1,6.0,-99.0,LD,483.2,706.4,-32.0,D,2026-09-17 11:09:00.811810
2026-09-17,2026-06-01,2026-09-17,district,TELANGANA,TELANGANA,KUMARAM BHEEM,0.6,6.1,-90.0,LD,1019.5,906.5,12.0,N,2026-09-17 11:09:00.811810
2026-09-17,2026-06-01,2026-09-17,district,TELANGANA,TELANGANA,M. MALKAJGIRI,0.0,7.4,-99.0,LD,290.0,469.2,-38.0,D,2026-09-17 11:09:00.811810
2026-09-17,2026-06-01,2026-09-17,district,TELANGANA,TELANGANA,MAHABUBABAD,0.0,5.7,-100.0,NR,628.4,791.8,-21.0,D,2026-09-17 11:09:00.811810
2026-09-17,2026-06-01,2026-09-17,district,TELANGANA,TELANGANA,MAHABUBNAGAR,0.0,4.4,-100.0,NR,346.5,448.9,-23.0,D,2026-09-17 11:09:00.811810
2026-09-17,2026-06-01,2026-09-17,district,TELANGANA,TELANGANA,MANCHERIAL,0.2,6.0,-96.0,LD,937.1,867.1,8.0,N,2026-09-17 11:09:00.811810
2026-09-17,2026-06-01,2026-09-17,district,TELANGANA,TELANGANA,MEDAK,0.2,3.5,-95.0,LD,632.9,704.3,-10.0,N,2026-09-17 11:09:00.811810
2026-09-17,2026-06-01,2026-09-17,district,TELANGANA,TELANGANA,MULUGU,0.0,7.2,-99.0,LD,887.9,914.0,-3.0,N,2026-09-17 11:09:00.811810
2026-09-17,2026-06-01,2026-09-17,district,TELANGANA,TELANGANA,NAGARKURNOOL,0.0,5.9,-100.0,NR,256.8,421.2,-39.0,D,2026-09-17 11:09:00.811810
2026-09-17,2026-06-01,2026-09-17,district,TELANGANA,TELANGANA,NALGONDA,1.3,5.7,-77.0,LD,201.7,447.5,-55.0,D,2026-09-17 11:09:00.811810
2026-09-17,2026-06-01,2026-09-17,district,TELANGANA,TELANGANA,NARAYANPET,0.0,5.4,-100.0,NR,339.0,409.7,-17.0,N,2026-09-17 11:09:00.811810
2026-09-17,2026-06-01,2026-09-17,district,TELANGANA,TELANGANA,NIRMAL,0.0,5.8,-100.0,NR,412.7,821.6,-50.0,D,2026-09-17 11:09:00.811810
2026-09-17,2026-06-01,2026-09-17,district,TELANGANA,TELANGANA,NIZAMABAD,0.2,4.9,-95.0,LD,659.6,761.7,-13.0,N,2026-09-17 11:09:00.811810
2026-09-17,2026-06-01,2026-09-17,district,TELANGANA,TELANGANA,PEDDAPALLE,0.0,6.2,-100.0,NR,704.8,797.2,-12.0,N,2026-09-17 11:09:00.811810
2026-09-17,2026-06-01,2026-09-17,district,TELANGANA,TELANGANA,RAJANNA SIRCILLA,0.0,7.6,-99.0,LD,614.3,625.5,-2.0,N,2026-09-17 11:09:00.811810
2026-09-17,2026-06-01,2026-09-17,district,TELANGANA,TELANGANA,RANGAREDDY,0.0,5.0,-99.0,LD,357.7,476.4,-25.0,D,2026-09-17 11:09:00.811810
2026-09-17,2026-06-01,2026-09-17,district,TELANGANA,TELANGANA,SANGAREDDY,0.1,8.6,-99.0,LD,421.9,631.0,-33.0,D,2026-09-17 11:09:00.811810
2026-09-17,2026-06-01,2026-09-17,district,TELANGANA,TELANGANA,SIDDIPET,0.1,6.1,-99.0,LD,554.3,558.9,-1.0,N,2026-09-17 11:09:00.811810
2026-09-17,2026-06-01,2026-09-17,district,TELANGANA,TELANGANA,SURYAPET,0.0,3.7,-100.0,NR,353.3,541.1,-35.0,D,2026-09-17 11:09:00.811810
2026-09-17,2026-06-01,2026-09-17,district,TELANGANA,TELANGANA,VIKARABAD,0.0,8.0,-99.0,LD,434.4,588.0,-26.0,D,2026-09-17 11:09:00.811810
2026-09-17,2026-06-01,2026-09-17,district,TELANGANA,TELANGANA,WANAPARTHY,1.7,4.9,-65.0,LD,270.2,473.3,-43.0,D,2026-09-17 11:09:00.811810
2026-09-17,2026-06-01,2026-09-17,district,TELANGANA,TELANGANA,WARANGAL,0.0,8.5,-100.0,NR,484.4,841.2,-42.0,D,2026-09-17 11:09:00.811810
2026-09-17,2026-06-01,2026-09-17,district,TELANGANA,TELANGANA,Y. BHUVANAGIRI,0.0,5.5,-100.0,NR,307.8,467.9,-34.0,D,2026-09-17 11:09:00.811810
2026-09-17,2026-06-01,2026-09-17,district,UTTARAKHAND,UTTARAKHAND,ALMORA,0.0,5.9,-100.0,NR,961.4,755.9,27.0,E,2026-09-17 11:09:00.811810
2026-09-17,2026-06-01,2026-09-17,district,UTTARAKHAND,UTTARAKHAND,BAGESHWAR,0.3,5.9,-96.0,LD,1981.6,755.9,162.0,LE,2026-09-17 11:09:00.811810
2026-09-17,2026-06-01,2026-09-17,district,UTTARAKHAND,UTTARAKHAND,CHAMOLI,0.0,1.8,-100.0,NR,1166.7,691.2,69.0,LE,2026-09-17 11:09:00.811810
2026-09-17,2026-06-01,2026-09-17,district,UTTARAKHAND,UTTARAKHAND,CHAMPAWAT,0.0,4.4,-100.0,NR,925.4,1237.8,-25.0,D,2026-09-17 11:09:00.811810
2026-09-17,2026-06-01,2026-09-17,district,UTTARAKHAND,UTTARAKHAND,DEHRADUN,2.3,5.9,-61.0,LD,1353.6,1384.3,-2.0,N,2026-09-17 11:09:00.811810
2026-09-17,2026-06-01,2026-09-17,district,UTTARAKHAND,UTTARAKHAND,GARHWAL PAURI,0.0,4.8,-100.0,NR,676.9,1221.5,-45.0,D,2026-09-17 11:09:00.811810
2026-09-17,2026-06-01,2026-09-17,district,UTTARAKHAND,UTTARAKHAND,GARHWAL TEHRI,0.4,3.4,-89.0,LD,1169.4,906.5,29.0,E,2026-09-17 11:09:00.811810
2026-09-17,2026-06-01,2026-09-17,district,UTTARAKHAND,UTTARAKHAND,HARDWAR,1.4,2.5,-46.0,D,1091.0,949.5,15.0,N,2026-09-17 11:09:00.811810
2026-09-17,2026-06-01,2026-09-17,district,UTTARAKHAND,UTTARAKHAND,NAINITAL,0.0,10.3,-100.0,NR,1170.5,1475.8,-21.0,D,2026-09-17 11:09:00.811810
2026-09-17,2026-06-01,2026-09-17,district,UTTARAKHAND,UTTARAKHAND,PITHORAGARH,1.6,4.4,-64.0,LD,1474.8,1435.1,3.0,N,2026-09-17 11:09:00.811810
2026-09-17,2026-06-01,2026-09-17,district,UTTARAKHAND,UTTARAKHAND,RUDRAPRAYAG,1.1,3.4,-67.0,LD,1379.9,1507.6,-8.0,N,2026-09-17 11:09:00.811810
2026-09-17,2026-06-01,2026-09-17,district,UTTARAKHAND,UTTARAKHAND,UDHAM SINGH NAGAR,8.5,4.5,88.0,LE,1113.2,1081.3,3.0,N,2026-09-17 11:09:00.811810
2026-09-17,2026-06-01,2026-09-17,district,UTTARAKHAND,UTTARAKHAND,UTTARKASHI,1.4,4.1,-65.0,LD,951.5,1099.6,-13.0,N,2026-09-17 11:09:00.811810
2026-09-17,2026-06-01,2026-09-17,district,VIDARBHA,MAHARASHTRA,AKOLA,0.0,1.9,-100.0,NR,391.3,651.3,-40.0,D,2026-09-17 11:09:00.811810
2026-09-17,2026-06-01,2026-09-17,district,VIDARBHA,MAHARASHTRA,AMRAOTI,1.3,3.6,-65.0,LD,458.8,774.6,-41.0,D,2026-09-17 11:09:00.811810
2026-09-17,2026-06-01,2026-09-17,district,VIDARBHA,MAHARASHTRA,BHANDARA,0.0,4.0,-99.0,LD,862.8,1037.7,-17.0,N,2026-09-17 11:09:00.811810
2026-09-17,2026-06-01,2026-09-17,district,VIDARBHA,MAHARASHTRA,BULDHANA,0.1,3.4,-98.0,LD,495.0,602.2,-18.0,N,2026-09-17 11:09:00.811810
2026-09-17,2026-06-01,2026-09-17,district,VIDARBHA,MAHARASHTRA,CHANDRAPUR,0.1,4.9,-99.0,LD,664.1,1026.4,-35.0,D,2026-09-17 11:09:00.811810
2026-09-17,2026-06-01,2026-09-17,district,VIDARBHA,MAHARASHTRA,GADCHIROLI,0.0,5.7,-100.0,NR,951.6,1234.0,-23.0,D,2026-09-17 11:09:00.811810
2026-09-17,2026-06-01,2026-09-17,district,VIDARBHA,MAHARASHTRA,GONDIA,0.0,6.1,-100.0,NR,1107.5,1164.9,-5.0,N,2026-09-17 11:09:00.811810
2026-09-17,2026-06-01,2026-09-17,district,VIDARBHA,MAHARASHTRA,NAGPUR,0.2,4.3,-95.0,LD,575.2,892.2,-36.0,D,2026-09-17 11:09:00.811810
2026-09-17,2026-06-01,2026-09-17,district,VIDARBHA,MAHARASHTRA,WARDHA,0.0,4.6,-100.0,NR,538.1,790.8,-32.0,D,2026-09-17 11:09:00.811810
2026-09-17,2026-06-01,2026-09-17,district,VIDARBHA,MAHARASHTRA,WASHIM,1.3,3.4,-63.0,LD,465.6,725.9,-36.0,D,2026-09-17 11:09:00.811810
2026-09-17,2026-06-01,2026-09-17,district,VIDARBHA,MAHARASHTRA,YEOTMAL,1.3,4.8,-73.0,LD,572.2,763.6,-25.0,D,2026-09-17 11:09:00.811810
2026-09-17,2026-06-01,2026-09-17,district,WEST MADHYA PRADESH,MADHYA PRADESH,AGAR-MALWA,0.0,2.1,-100.0,NR,905.5,858.9,5.0,N,2026-09-17 11:09:00.811810
2026-09-17,2026-06-01,2026-09-17,district,WEST MADHYA PRADESH,MADHYA PRADESH,ALIRAJPUR,0.0,5.5,-100.0,NR,455.2,814.3,-44.0,D,2026-09-17 11:09:00.811810
2026-09-17,2026-06-01,2026-09-17,district,WEST MADHYA PRADESH,MADHYA PRADESH,ASHOKNAGAR,4.8,6.3,-25.0,D,708.3,814.3,-13.0,N,2026-09-17 11:09:00.811810
2026-09-17,2026-06-01,2026-09-17,district,WEST MADHYA PRADESH,MADHYA PRADESH,BARWANI,0.0,3.9,-100.0,NR,592.5,615.0,-4.0,N,2026-09-17 11:09:00.811810
2026-09-17,2026-06-01,2026-09-17,district,WEST MADHYA PRADESH,MADHYA PRADESH,BETUL,0.0,4.0,-100.0,NR,682.6,992.1,-31.0,D,2026-09-17 11:09:00.811810
2026-09-17,2026-06-01,2026-09-17,district,WEST MADHYA PRADESH,MADHYA PRADESH,BHIND,1.1,4.7,-76.0,LD,748.1,589.9,27.0,E,2026-09-17 11:09:00.811810
2026-09-17,2026-06-01,2026-09-17,district,WEST MADHYA PRADESH,MADHYA PRADESH,BHOPAL,3.4,3.0,15.0,N,1020.9,915.4,12.0,N,2026-09-17 11:09:00.811810
2026-09-17,2026-06-01,2026-09-17,district,WEST MADHYA PRADESH,MADHYA PRADESH,BURHANPUR,0.0,4.3,-100.0,NR,774.4,690.3,12.0,N,2026-09-17 11:09:00.811810
2026-09-17,2026-06-01,2026-09-17,district,WEST MADHYA PRADESH,MADHYA PRADESH,DATIA,0.0,2.7,-100.0,NR,768.4,714.3,8.0,N,2026-09-17 11:09:00.811810
2026-09-17,2026-06-01,2026-09-17,district,WEST MADHYA PRADESH,MADHYA PRADESH,DEWAS,6.9,2.8,146.0,LE,774.7,858.6,-10.0,N,2026-09-17 11:09:00.811810
2026-09-17,2026-06-01,2026-09-17,district,WEST MADHYA PRADESH,MADHYA PRADESH,DHAR,0.2,4.6,-95.0,LD,485.4,758.1,-36.0,D,2026-09-17 11:09:00.811810
2026-09-17,2026-06-01,2026-09-17,district,WEST MADHYA PRADESH,MADHYA PRADESH,GUNA,0.0,4.2,-100.0,NR,956.3,901.4,6.0,N,2026-09-17 11:09:00.811810
2026-09-17,2026-06-01,2026-09-17,district,WEST MADHYA PRADESH,MADHYA PRADESH,GWALIOR,0.0,7.0,-100.0,NR,734.7,687.8,7.0,N,2026-09-17 11:09:00.811810
2026-09-17,2026-06-01,2026-09-17,district,WEST MADHYA PRADESH,MADHYA PRADESH,HARDA,0.0,4.7,-100.0,NR,683.1,1033.4,-34.0,D,2026-09-17 11:09:00.811810
2026-09-17,2026-06-01,2026-09-17,district,WEST MADHYA PRADESH,MADHYA PRADESH,INDORE,0.0,3.7,-100.0,NR,627.4,815.8,-23.0,D,2026-09-17 11:09:00.811810
2026-09-17,2026-06-01,2026-09-17,district,WEST MADHYA PRADESH,MADHYA PRADESH,JHABUA,0.0,4.6,-100.0,NR,560.6,831.9,-33.0,D,2026-09-17 11:09:00.811810
2026-09-17,2026-06-01,2026-09-17,district,WEST MADHYA PRADESH,MADHYA PRADESH,KHANDWA,2.4,4.4,-45.0,D,699.8,740.2,-5.0,N,2026-09-17 11:09:00.811810
2026-09-17,2026-06-01,2026-09-17,district,WEST MADHYA PRADESH,MADHYA PRADESH,KHARGONE,4.2,3.8,9.0,N,740.4,665.7,11.0,N,2026-09-17 11:09:00.811810
2026-09-17,2026-06-01,2026-09-17,district,WEST MADHYA PRADESH,MADHYA PRADESH,MANDSAUR,0.0,2.0,-100.0,NR,726.6,797.3,-9.0,N,2026-09-17 11:09:00.811810
2026-09-17,2026-06-01,2026-09-17,district,WEST MADHYA PRADESH,MADHYA PRADESH,MORENA,0.5,5.5,-90.0,LD,556.8,624.6,-11.0,N,2026-09-17 11:09:00.811810
2026-09-17,2026-06-01,2026-09-17,district,WEST MADHYA PRADESH,MADHYA PRADESH,NARMADAPURAM,0.0,4.7,-100.0,NR,781.5,1210.3,-35.0,D,2026-09-17 11:09:00.811810
2026-09-17,2026-06-01,2026-09-17,district,WEST MADHYA PRADESH,MADHYA PRADESH,NEEMUCH,0.0,2.2,-100.0,NR,652.6,750.2,-13.0,N,2026-09-17 11:09:00.811810
2026-09-17,2026-06-01,2026-09-17,district,WEST MADHYA PRADESH,MADHYA PRADESH,RAISEN,0.6,5.4,-89.0,LD,818.4,1039.4,-21.0,D,2026-09-17 11:09:00.811810
2026-09-17,2026-06-01,2026-09-17,district,WEST MADHYA PRADESH,MADHYA PRADESH,RAJGARH,0.0,3.1,-100.0,NR,1014.4,857.1,18.0,N,2026-09-17 11:09:00.811810
2026-09-17,2026-06-01,2026-09-17,district,WEST MADHYA PRADESH,MADHYA PRADESH,RATLAM,0.0,4.7,-100.0,NR,575.8,871.9,-34.0,D,2026-09-17 11:09:00.811810
2026-09-17,2026-06-01,2026-09-17,district,WEST MADHYA PRADESH,MADHYA PRADESH,SEHORE,2.2,3.3,-35.0,D,865.2,1022.6,-15.0,N,2026-09-17 11:09:00.811810
2026-09-17,2026-06-01,2026-09-17,district,WEST MADHYA PRADESH,MADHYA PRADESH,SHAJAPUR,0.3,1.0,-71.0,LD,688.1,859.3,-20.0,D,2026-09-17 11:09:00.811810
2026-09-17,2026-06-01,2026-09-17,district,WEST MADHYA PRADESH,MADHYA PRADESH,SHEOPUR,0.0,4.1,-100.0,NR,755.5,648.9,16.0,N,2026-09-17 11:09:00.811810
2026-09-17,2026-06-01,2026-09-17,district,WEST MADHYA PRADESH,MADHYA PRADESH,SHIVPURI,0.0,5.2,-100.0,NR,949.5,759.3,25.0,E,2026-09-17 11:09:00.811810
2026-09-17,2026-06-01,2026-09-17,district,WEST MADHYA PRADESH,MADHYA PRADESH,UJJAIN,0.0,3.6,-100.0,NR,628.2,845.1,-26.0,D,2026-09-17 11:09:00.811810
2026-09-17,2026-06-01,2026-09-17,district,WEST MADHYA PRADESH,MADHYA PRADESH,VIDISHA,0.2,7.5,-97.0,LD,781.9,985.7,-21.0,D,2026-09-17 11:09:00.811810
2026-09-17,2026-06-01,2026-09-17,district,WEST RAJASTHAN,RAJASTHAN,BARMER,0.0,0.2,-100.0,NR,191.2,263.3,-27.0,D,2026-09-17 11:09:00.811810
2026-09-17,2026-06-01,2026-09-17,district,WEST RAJASTHAN,RAJASTHAN,BIKANER,2.7,1.3,105.0,LE,211.6,240.7,-12.0,N,2026-09-17 11:09:00.811810
2026-09-17,2026-06-01,2026-09-17,district,WEST RAJASTHAN,RAJASTHAN,CHURU,0.7,2.1,-66.0,LD,290.9,322.2,-10.0,N,2026-09-17 11:09:00.811810
2026-09-17,2026-06-01,2026-09-17,district,WEST RAJASTHAN,RAJASTHAN,HANUMANGARH,4.9,1.0,386.0,LE,149.2,240.3,-38.0,D,2026-09-17 11:09:00.811810
2026-09-17,2026-06-01,2026-09-17,district,WEST RAJASTHAN,RAJASTHAN,JAISALMER,0.0,0.4,-100.0,NR,83.3,171.2,-51.0,D,2026-09-17 11:09:00.811810
2026-09-17,2026-06-01,2026-09-17,district,WEST RAJASTHAN,RAJASTHAN,JALORE,0.0,0.9,-100.0,NR,169.4,405.2,-58.0,D,2026-09-17 11:09:00.811810
2026-09-17,2026-06-01,2026-09-17,district,WEST RAJASTHAN,RAJASTHAN,JODHPUR,0.0,0.8,-100.0,NR,190.6,283.9,-33.0,D,2026-09-17 11:09:00.811810
2026-09-17,2026-06-01,2026-09-17,district,WEST RAJASTHAN,RAJASTHAN,NAGAUR,0.3,1.9,-84.0,LD,302.3,359.2,-16.0,N,2026-09-17 11:09:00.811810
2026-09-17,2026-06-01,2026-09-17,district,WEST RAJASTHAN,RAJASTHAN,PALI,1.5,1.4,7.0,N,217.1,477.9,-55.0,D,2026-09-17 11:09:00.811810
2026-09-17,2026-06-01,2026-09-17,district,WEST RAJASTHAN,RAJASTHAN,SRI GANGANAGAR,1.3,0.5,152.0,LE,177.4,195.3,-9.0,N,2026-09-17 11:09:00.811810
2026-09-17,2026-06-01,2026-09-17,district,WEST UTTAR PRADESH,UTTAR PRADESH,AGRA,0.0,3.8,-100.0,NR,498.7,509.9,-2.0,N,2026-09-17 11:09:00.811810
2026-09-17,2026-06-01,2026-09-17,district,WEST UTTAR PRADESH,UTTAR PRADESH,ALIGARH,0.0,4.5,-100.0,NR,314.6,566.3,-44.0,D,2026-09-17 11:09:00.811810
2026-09-17,2026-06-01,2026-09-17,district,WEST UTTAR PRADESH,UTTAR PRADESH,AMROHA,6.0,6.1,-2.0,N,647.6,785.9,-18.0,N,2026-09-17 11:09:00.811810
2026-09-17,2026-06-01,2026-09-17,district,WEST UTTAR PRADESH,UTTAR PRADESH,AURAIYA,0.0,2.1,-100.0,NR,516.4,493.4,5.0,N,2026-09-17 11:09:00.811810
2026-09-17,2026-06-01,2026-09-17,district,WEST UTTAR PRADESH,UTTAR PRADESH,BADAUN,0.0,5.4,-100.0,NR,646.0,644.4,0.0,N,2026-09-17 11:09:00.811810
2026-09-17,2026-06-01,2026-09-17,district,WEST UTTAR PRADESH,UTTAR PRADESH,BAGHPAT,3.3,2.5,33.0,E,493.0,485.3,2.0,N,2026-09-17 11:09:00.811810
2026-09-17,2026-06-01,2026-09-17,district,WEST UTTAR PRADESH,UTTAR PRADESH,BAREILLY,0.0,7.4,-100.0,NR,743.0,747.7,-1.0,N,2026-09-17 11:09:00.811810
2026-09-17,2026-06-01,2026-09-17,district,WEST UTTAR PRADESH,UTTAR PRADESH,BIJNOR,0.8,7.2,-88.0,LD,1118.6,858.3,30.0,E,2026-09-17 11:09:00.811810
2026-09-17,2026-06-01,2026-09-17,district,WEST UTTAR PRADESH,UTTAR PRADESH,BULANDSHAHAR,0.0,4.0,-100.0,NR,454.0,511.7,-11.0,N,2026-09-17 11:09:00.811810
2026-09-17,2026-06-01,2026-09-17,district,WEST UTTAR PRADESH,UTTAR PRADESH,ETAH,0.0,5.1,-100.0,NR,686.5,488.0,41.0,E,2026-09-17 11:09:00.811810
2026-09-17,2026-06-01,2026-09-17,district,WEST UTTAR PRADESH,UTTAR PRADESH,ETAWAH,0.0,2.8,-100.0,NR,637.5,543.0,17.0,N,2026-09-17 11:09:00.811810
2026-09-17,2026-06-01,2026-09-17,district,WEST UTTAR PRADESH,UTTAR PRADESH,FIROZABAD,0.0,5.9,-100.0,NR,685.8,553.4,24.0,E,2026-09-17 11:09:00.811810
2026-09-17,2026-06-01,2026-09-17,district,WEST UTTAR PRADESH,UTTAR PRADESH,GAUTAM BUDDHA NAGAR,0.0,2.9,-100.0,NR,657.0,444.4,48.0,E,2026-09-17 11:09:00.811810
2026-09-17,2026-06-01,2026-09-17,district,WEST UTTAR PRADESH,UTTAR PRADESH,GHAZIABAD,0.0,3.0,-100.0,NR,182.8,447.3,-59.0,D,2026-09-17 11:09:00.811810
2026-09-17,2026-06-01,2026-09-17,district,WEST UTTAR PRADESH,UTTAR PRADESH,HAMIRPUR,12.3,5.5,124.0,LE,1052.3,671.8,57.0,E,2026-09-17 11:09:00.811810
2026-09-17,2026-06-01,2026-09-17,district,WEST UTTAR PRADESH,UTTAR PRADESH,HAPUR,0.0,5.9,-100.0,NR,312.5,652.6,-52.0,D,2026-09-17 11:09:00.811810
2026-09-17,2026-06-01,2026-09-17,district,WEST UTTAR PRADESH,UTTAR PRADESH,HATHRAS,0.0,1.4,-100.0,NR,465.3,532.8,-13.0,N,2026-09-17 11:09:00.811810
2026-09-17,2026-06-01,2026-09-17,district,WEST UTTAR PRADESH,UTTAR PRADESH,JALAUN,0.0,2.7,-100.0,NR,696.3,610.8,14.0,N,2026-09-17 11:09:00.811810
2026-09-17,2026-06-01,2026-09-17,district,WEST UTTAR PRADESH,UTTAR PRADESH,JHANSI,0.0,5.9,-100.0,NR,562.1,693.9,-19.0,N,2026-09-17 11:09:00.811810
2026-09-17,2026-06-01,2026-09-17,district,WEST UTTAR PRADESH,UTTAR PRADESH,KASGANJ,0.0,4.6,-100.0,NR,568.3,642.6,-12.0,N,2026-09-17 11:09:00.811810
2026-09-17,2026-06-01,2026-09-17,district,WEST UTTAR PRADESH,UTTAR PRADESH,LALITPUR,0.0,4.8,-100.0,NR,941.5,768.7,22.0,E,2026-09-17 11:09:00.811810
2026-09-17,2026-06-01,2026-09-17,district,WEST UTTAR PRADESH,UTTAR PRADESH,MAHOBA,0.0,3.0,-100.0,NR,965.3,570.5,69.0,LE,2026-09-17 11:09:00.811810
2026-09-17,2026-06-01,2026-09-17,district,WEST UTTAR PRADESH,UTTAR PRADESH,MAINPURI,0.0,3.0,-100.0,NR,379.7,626.9,-39.0,D,2026-09-17 11:09:00.811810
2026-09-17,2026-06-01,2026-09-17,district,WEST UTTAR PRADESH,UTTAR PRADESH,MATHURA,0.0,1.5,-100.0,NR,260.3,471.8,-45.0,D,2026-09-17 11:09:00.811810
2026-09-17,2026-06-01,2026-09-17,district,WEST UTTAR PRADESH,UTTAR PRADESH,MEERUT,8.0,6.1,31.0,E,996.3,625.9,59.0,E,2026-09-17 11:09:00.811810
2026-09-17,2026-06-01,2026-09-17,district,WEST UTTAR PRADESH,UTTAR PRADESH,MORADABAD,3.8,7.2,-47.0,D,913.3,833.0,10.0,N,2026-09-17 11:09:00.811810
2026-09-17,2026-06-01,2026-09-17,district,WEST UTTAR PRADESH,UTTAR PRADESH,MUZAFFARNAGAR,10.4,4.5,132.0,LE,989.6,624.9,58.0,E,2026-09-17 11:09:00.811810
2026-09-17,2026-06-01,2026-09-17,district,WEST UTTAR PRADESH,UTTAR PRADESH,PILIBHIT,0.0,6.0,-100.0,NR,347.4,801.5,-57.0,D,2026-09-17 11:09:00.811810
2026-09-17,2026-06-01,2026-09-17,district,WEST UTTAR PRADESH,UTTAR PRADESH,RAMPUR,1.2,8.0,-85.0,LD,609.3,695.3,-12.0,N,2026-09-17 11:09:00.811810
2026-09-17,2026-06-01,2026-09-17,district,WEST UTTAR PRADESH,UTTAR PRADESH,SAHARANPUR,0.0,3.5,-100.0,NR,518.3,725.1,-29.0,D,2026-09-17 11:09:00.811810
2026-09-17,2026-06-01,2026-09-17,district,WEST UTTAR PRADESH,UTTAR PRADESH,SAMBHAL,17.3,5.1,240.0,LE,1147.9,634.2,81.0,LE,2026-09-17 11:09:00.811810
2026-09-17,2026-06-01,2026-09-17,district,WEST UTTAR PRADESH,UTTAR PRADESH,SHAHJAHANPUR,0.0,6.2,-100.0,NR,732.7,724.6,1.0,N,2026-09-17 11:09:00.811810
2026-09-17,2026-06-01,2026-09-17,district,WEST UTTAR PRADESH,UTTAR PRADESH,SHAMLI,2.1,2.8,-24.0,D,166.8,514.3,-68.0,LD,2026-09-17 11:09:00.811810
2026-09-17,2026-06-01,2026-09-17,state,ASSAM & MEGHALAYA,ASSAM,,16.2,10.3,58.0,E,1023.5,1368.5,-25.0,D,2026-09-17 11:09:00.811810
2026-09-17,2026-06-01,2026-09-17,state,ASSAM & MEGHALAYA,MEGHALAYA,,7.9,15.5,-49.0,D,1023.3,2497.5,-59.0,D,2026-09-17 11:09:00.811810
2026-09-17,2026-06-01,2026-09-17,state,BIHAR,UTTAR PRADESH,,3.6,5.0,-28.0,D,674.8,703.1,-4.0,N,2026-09-17 11:09:00.811810
2026-09-17,2026-06-01,2026-09-17,state,CHHATTISGARH,ANDHRA PRADESH,,1.5,5.6,-72.0,LD,256.9,447.9,-43.0,D,2026-09-17 11:09:00.811810
2026-09-17,2026-06-01,2026-09-17,state,COASTAL A. P. & YANAM,ANDHRA PRADESH,,1.5,5.6,-72.0,LD,256.9,447.9,-43.0,D,2026-09-17 11:09:00.811810
2026-09-17,2026-06-01,2026-09-17,state,COASTAL A. P. & YANAM,PUDUCHERRY (UT),,2.3,4.4,-48.0,D,213.1,358.2,-40.0,D,2026-09-17 11:09:00.811810
2026-09-17,2026-06-01,2026-09-17,state,EAST MADHYA PRADESH,GUJARAT,,0.8,3.3,-76.0,LD,606.3,670.0,-10.0,N,2026-09-17 11:09:00.811810
2026-09-17,2026-06-01,2026-09-17,state,GUJARAT REGION,DADRA & NAGAR HAVELI AND DAMAN & DIU (UT),,0.8,18.1,-96.0,LD,2928.7,2073.0,41.0,E,2026-09-17 11:09:00.811810
2026-09-17,2026-06-01,2026-09-17,state,GUJARAT REGION,GUJARAT,,0.8,3.3,-76.0,LD,606.3,670.0,-10.0,N,2026-09-17 11:09:00.811810
2026-09-17,2026-06-01,2026-09-17,state,HAR. CHD & DELHI,CHANDIGARH (UT),,0.0,0.8,-99.0,LD,715.4,819.2,-13.0,N,2026-09-17 11:09:00.811810
2026-09-17,2026-06-01,2026-09-17,state,HAR. CHD & DELHI,DELHI,,0.0,3.5,-100.0,NR,562.7,522.7,8.0,N,2026-09-17 11:09:00.811810
2026-09-17,2026-06-01,2026-09-17,state,HAR. CHD & DELHI,HARYANA,,6.0,1.3,365.0,LE,317.5,407.0,-22.0,D,2026-09-17 11:09:00.811810
2026-09-17,2026-06-01,2026-09-17,state,J & K AND LADAKH,JAMMU & KASHMIR(UT),,18.1,1.4,1193.0,LE,523.7,517.1,1.0,N,2026-09-17 11:09:00.811810
2026-09-17,2026-06-01,2026-09-17,state,J & K AND LADAKH,LADAKH (UT),,0.0,0.0,-100.0,NR,49.4,19.4,155.0,LE,2026-09-17 11:09:00.811810
2026-09-17,2026-06-01,2026-09-17,state,J & K AND LADAKH,RAJASTHAN,,0.7,1.5,-52.0,D,316.8,421.3,-25.0,D,2026-09-17 11:09:00.811810
2026-09-17,2026-06-01,2026-09-17,state,KERALA & MAHE,KERALA,,2.1,10.1,-79.0,LD,1385.3,1908.5,-27.0,D,2026-09-17 11:09:00.811810
2026-09-17,2026-06-01,2026-09-17,state,KERALA & MAHE,PUDUCHERRY (UT),,2.3,4.4,-48.0,D,213.1,358.2,-40.0,D,2026-09-17 11:09:00.811810
2026-09-17,2026-06-01,2026-09-17,state,KONKAN & GOA,GOA,,14.9,10.8,38.0,E,1891.0,2883.6,-34.0,D,2026-09-17 11:09:00.811810
2026-09-17,2026-06-01,2026-09-17,state,KONKAN & GOA,MAHARASHTRA,,1.1,5.6,-81.0,LD,768.5,922.2,-17.0,N,2026-09-17 11:09:00.811810
2026-09-17,2026-06-01,2026-09-17,state,NMMT,MANIPUR,,0.2,7.1,-97.0,LD,546.5,962.7,-43.0,D,2026-09-17 11:09:00.811810
2026-09-17,2026-06-01,2026-09-17,state,NMMT,MIZORAM,,9.3,13.5,-31.0,D,1243.1,1479.4,-16.0,N,2026-09-17 11:09:00.811810
2026-09-17,2026-06-01,2026-09-17,state,NMMT,NAGALAND,,5.6,6.2,-9.0,N,1050.8,956.4,10.0,N,2026-09-17 11:09:00.811810
2026-09-17,2026-06-01,2026-09-17,state,NMMT,TRIPURA,,7.6,8.0,-6.0,N,1101.4,1284.7,-14.0,N,2026-09-17 11:09:00.811810
2026-09-17,2026-06-01,2026-09-17,state,SAURASHTRA & KUTCH,DADRA & NAGAR HAVELI AND DAMAN & DIU (UT),,0.8,18.1,-96.0,LD,2928.7,2073.0,41.0,E,2026-09-17 11:09:00.811810
2026-09-17,2026-06-01,2026-09-17,state,SAURASHTRA & KUTCH,GUJARAT,,0.8,3.3,-76.0,LD,606.3,670.0,-10.0,N,2026-09-17 11:09:00.811810
2026-09-17,2026-06-01,2026-09-17,state,SHWB & SIKKIM,SIKKIM,,67.7,10.8,527.0,LE,1633.1,1543.2,6.0,N,2026-09-17 11:09:00.811810
2026-09-17,2026-06-01,2026-09-17,state,SHWB & SIKKIM,WEST BENGAL,,7.1,8.3,-14.0,N,1215.8,1215.1,0.0,N,2026-09-17 11:09:00.811810
2026-09-17,2026-06-01,2026-09-17,state,TAMIL. PUDU.& KARAIKAL,KARNATAKA,,0.5,6.2,-91.0,LD,530.1,757.5,-30.0,D,2026-09-17 11:09:00.811810
2026-09-17,2026-06-01,2026-09-17,state,TAMIL. PUDU.& KARAIKAL,PUDUCHERRY (UT),,2.3,4.4,-48.0,D,213.1,358.2,-40.0,D,2026-09-17 11:09:00.811810
2026-09-17,2026-06-01,2026-09-17,state,TAMIL. PUDU.& KARAIKAL,TAMILNADU,,4.0,5.0,-20.0,D,211.8,274.2,-23.0,D,2026-09-17 11:09:00.811810
2026-09-17,2026-06-01,2026-09-17,state,WEST RAJASTHAN,MADHYA PRADESH,,1.8,4.8,-62.0,LD,841.2,905.3,-7.0,N,2026-09-17 11:09:00.811810
2026-09-17,2026-06-01,2026-09-17,subdivision,A & N ISLAND,,,5.8,16.3,-64.0,LD,1518.0,1440.9,5.0,N,2026-09-17 11:09:00.811810
2026-09-17,2026-06-01,2026-09-17,subdivision,ARUNACHAL PRADESH,,,24.1,12.4,94.0,LE,900.4,1535.6,-41.0,D,2026-09-17 11:09:00.811810
2026-09-17,2026-06-01,2026-09-17,subdivision,ASSAM & MEGHALAYA,,,14.2,11.5,24.0,E,1023.4,1631.3,-37.0,D,2026-09-17 11:09:00.811810
2026-09-17,2026-06-01,2026-09-17,subdivision,BIHAR,,,4.0,7.4,-45.0,D,579.7,906.8,-36.0,D,2026-09-17 11:09:00.811810
2026-09-17,2026-06-01,2026-09-17,subdivision,CHHATTISGARH,,,1.1,6.6,-84.0,LD,1015.6,1065.3,-5.0,N,2026-09-17 11:09:00.811810
2026-09-17,2026-06-01,2026-09-17,subdivision,COASTAL A. P. & YANAM,,,2.2,4.9,-54.0,D,323.1,520.7,-38.0,D,2026-09-17 11:09:00.811810
2026-09-17,2026-06-01,2026-09-17,subdivision,COASTAL KARNATAKA,,,2.4,9.2,-74.0,LD,2151.3,2976.7,-28.0,D,2026-09-17 11:09:00.811810
2026-09-17,2026-06-01,2026-09-17,subdivision,EAST MADHYA PRADESH,,,3.0,5.6,-47.0,D,970.8,995.8,-3.0,N,2026-09-17 11:09:00.811810
2026-09-17,2026-06-01,2026-09-17,subdivision,EAST RAJASTHAN,,,0.5,2.3,-78.0,LD,478.6,605.6,-21.0,D,2026-09-17 11:09:00.811810
2026-09-17,2026-06-01,2026-09-17,subdivision,EAST UTTAR PRADESH,,,4.8,5.2,-8.0,N,677.4,746.1,-9.0,N,2026-09-17 11:09:00.811810
2026-09-17,2026-06-01,2026-09-17,subdivision,GANGETIC WEST BENGAL,,,3.1,7.0,-56.0,D,1105.3,1048.1,5.0,N,2026-09-17 11:09:00.811810
2026-09-17,2026-06-01,2026-09-17,subdivision,GUJARAT REGION,,,0.3,3.7,-91.0,LD,879.5,876.0,0.0,N,2026-09-17 11:09:00.811810
2026-09-17,2026-06-01,2026-09-17,subdivision,HAR. CHD & DELHI,,,5.9,1.5,292.0,LE,324.5,411.6,-21.0,D,2026-09-17 11:09:00.811810
2026-09-17,2026-06-01,2026-09-17,subdivision,HIMACHAL PRADESH,,,9.0,2.9,209.0,LE,632.8,695.0,-9.0,N,2026-09-17 11:09:00.811810
2026-09-17,2026-06-01,2026-09-17,subdivision,J & K AND LADAKH,,,18.1,1.4,1193.0,LE,523.7,517.1,1.0,N,2026-09-17 11:09:00.811810
2026-09-17,2026-06-01,2026-09-17,subdivision,JHARKHAND,,,3.0,7.4,-60.0,LD,863.2,935.3,-8.0,N,2026-09-17 11:09:00.811810
2026-09-17,2026-06-01,2026-09-17,subdivision,KERALA & MAHE,,,2.1,10.1,-79.0,LD,1385.3,1908.6,-27.0,D,2026-09-17 11:09:00.811810
2026-09-17,2026-06-01,2026-09-17,subdivision,KONKAN & GOA,,,7.4,12.4,-40.0,D,2404.7,2726.2,-12.0,N,2026-09-17 11:09:00.811810
2026-09-17,2026-06-01,2026-09-17,subdivision,LAKSHADWEEP,,,15.1,6.1,148.0,LE,681.1,962.2,-29.0,D,2026-09-17 11:09:00.811810
2026-09-17,2026-06-01,2026-09-17,subdivision,MADHYA MAHARASHTRA,,,0.8,5.1,-84.0,LD,666.6,672.4,-1.0,N,2026-09-17 11:09:00.811810
2026-09-17,2026-06-01,2026-09-17,subdivision,MARATHWADA,,,0.0,5.1,-100.0,NR,357.6,574.3,-38.0,D,2026-09-17 11:09:00.811810
2026-09-17,2026-06-01,2026-09-17,subdivision,N. I. KARNATAKA,,,0.0,5.9,-99.0,LD,283.8,411.6,-31.0,D,2026-09-17 11:09:00.811810
2026-09-17,2026-06-01,2026-09-17,subdivision,NMMT,,,5.6,9.2,-39.0,D,979.8,1194.4,-18.0,N,2026-09-17 11:09:00.811810
2026-09-17,2026-06-01,2026-09-17,subdivision,ODISHA,,,2.3,8.0,-71.0,LD,1271.3,1067.4,19.0,N,2026-09-17 11:09:00.811810
2026-09-17,2026-06-01,2026-09-17,subdivision,PUNJAB,,,5.4,1.3,317.0,LE,254.1,414.6,-39.0,D,2026-09-17 11:09:00.811810
2026-09-17,2026-06-01,2026-09-17,subdivision,RAYALASEEMA,,,0.6,6.7,-91.0,LD,170.1,344.6,-51.0,D,2026-09-17 11:09:00.811810
2026-09-17,2026-06-01,2026-09-17,subdivision,S. I. KARNATAKA,,,0.6,5.9,-90.0,LD,417.3,608.3,-31.0,D,2026-09-17 11:09:00.811810
2026-09-17,2026-06-01,2026-09-17,subdivision,SAURASHTRA & KUTCH,,,1.2,3.0,-61.0,LD,391.0,505.5,-23.0,D,2026-09-17 11:09:00.811810
2026-09-17,2026-06-01,2026-09-17,subdivision,SHWB & SIKKIM,,,31.4,12.3,155.0,LE,1571.5,1733.2,-9.0,N,2026-09-17 11:09:00.811810
2026-09-17,2026-06-01,2026-09-17,subdivision,TAMIL. PUDU.& KARAIKAL,,,4.0,5.1,-22.0,D,211.6,274.3,-23.0,D,2026-09-17 11:09:00.811810
2026-09-17,2026-06-01,2026-09-17,subdivision,TELANGANA,,,0.3,5.9,-94.0,LD,526.9,664.1,-21.0,D,2026-09-17 11:09:00.811810
2026-09-17,2026-06-01,2026-09-17,subdivision,UTTARAKHAND,,,1.1,4.6,-75.0,LD,1156.1,1113.4,4.0,N,2026-09-17 11:09:00.811810
2026-09-17,2026-06-01,2026-09-17,subdivision,VIDARBHA,,,0.4,4.4,-90.0,LD,640.6,888.9,-28.0,D,2026-09-17 11:09:00.811810
2026-09-17,2026-06-01,2026-09-17,subdivision,WEST MADHYA PRADESH,,,1.0,4.2,-77.0,LD,741.6,835.8,-11.0,N,2026-09-17 11:09:00.811810
2026-09-17,2026-06-01,2026-09-17,subdivision,WEST RAJASTHAN,,,0.9,1.0,-11.0,N,188.0,274.6,-32.0,D,2026-09-17 11:09:00.811810
2026-09-17,2026-06-01,2026-09-17,subdivision,WEST UTTAR PRADESH,,,2.0,4.8,-59.0,D,671.2,642.9,4.0,N,2026-09-17 11:09:00.811810
