date,period_start,period_end,level,subdivision,state,district,day_actual_mm,day_normal_mm,day_departure_pct,day_category,period_actual_mm,period_normal_mm,period_departure_pct,period_category,scraped_at
2026-08-24,2026-06-01,2026-08-24,district,A & N ISLAND,ANDAMAN & NICOBAR ISLANDS,NICOBAR,0.5,8.0,-93.0,LD,445.9,729.2,-39.0,D,2026-08-25 06:49:41.535404
2026-08-24,2026-06-01,2026-08-24,district,A & N ISLAND,ANDAMAN & NICOBAR ISLANDS,NORTH & MIDDLE ANDAMAN,10.7,15.2,-30.0,D,1813.8,1308.6,39.0,E,2026-08-25 06:49:41.535404
2026-08-24,2026-06-01,2026-08-24,district,A & N ISLAND,ANDAMAN & NICOBAR ISLANDS,SOUTH ANDAMAN,12.8,12.9,-1.0,N,949.0,1107.9,-14.0,N,2026-08-25 06:49:41.535404
2026-08-24,2026-06-01,2026-08-24,district,ARUNACHAL PRADESH,ARUNACHAL PRADESH,ANJAW,12.1,16.1,-25.0,D,136.3,1246.0,-89.0,LD,2026-08-25 06:49:41.535404
2026-08-24,2026-06-01,2026-08-24,district,ARUNACHAL PRADESH,ARUNACHAL PRADESH,CHANGLANG,0.4,10.6,-97.0,LD,867.5,1017.3,-15.0,N,2026-08-25 06:49:41.535404
2026-08-24,2026-06-01,2026-08-24,district,ARUNACHAL PRADESH,ARUNACHAL PRADESH,EAST KAMENG,0.0,7.0,-100.0,NR,1056.1,894.8,18.0,N,2026-08-25 06:49:41.535404
2026-08-24,2026-06-01,2026-08-24,district,ARUNACHAL PRADESH,ARUNACHAL PRADESH,EAST SIANG,3.1,29.1,-89.0,LD,1820.5,2419.1,-25.0,D,2026-08-25 06:49:41.535404
2026-08-24,2026-06-01,2026-08-24,district,ARUNACHAL PRADESH,ARUNACHAL PRADESH,KURUNG KUMEY,4.5,9.1,-51.0,D,449.8,851.0,-47.0,D,2026-08-25 06:49:41.535404
2026-08-24,2026-06-01,2026-08-24,district,ARUNACHAL PRADESH,ARUNACHAL PRADESH,LOHIT,4.0,8.0,-50.0,D,769.4,1191.8,-35.0,D,2026-08-25 06:49:41.535404
2026-08-24,2026-06-01,2026-08-24,district,ARUNACHAL PRADESH,ARUNACHAL PRADESH,LOWER SUBANSIRI,0.0,4.4,-100.0,NR,352.4,565.9,-38.0,D,2026-08-25 06:49:41.535404
2026-08-24,2026-06-01,2026-08-24,district,ARUNACHAL PRADESH,ARUNACHAL PRADESH,PAPUMPARA,3.1,15.0,-79.0,LD,1348.3,1655.7,-19.0,N,2026-08-25 06:49:41.535404
2026-08-24,2026-06-01,2026-08-24,district,ARUNACHAL PRADESH,ARUNACHAL PRADESH,TAWANG,0.0,6.5,-100.0,NR,289.0,741.2,-61.0,LD,2026-08-25 06:49:41.535404
2026-08-24,2026-06-01,2026-08-24,district,ARUNACHAL PRADESH,ARUNACHAL PRADESH,TIRAP,20.0,18.6,8.0,N,1605.5,1498.9,7.0,N,2026-08-25 06:49:41.535404
2026-08-24,2026-06-01,2026-08-24,district,ARUNACHAL PRADESH,ARUNACHAL PRADESH,UPPER SIANG,5.7,12.6,-55.0,D,929.8,1258.1,-26.0,D,2026-08-25 06:49:41.535404
2026-08-24,2026-06-01,2026-08-24,district,ARUNACHAL PRADESH,ARUNACHAL PRADESH,WEST KAMENG,1.1,13.9,-92.0,LD,382.4,1294.6,-70.0,LD,2026-08-25 06:49:41.535404
2026-08-24,2026-06-01,2026-08-24,district,ARUNACHAL PRADESH,ARUNACHAL PRADESH,WEST SIANG,0.0,18.1,-100.0,NR,521.3,1518.6,-66.0,LD,2026-08-25 06:49:41.535404
2026-08-24,2026-06-01,2026-08-24,district,ASSAM & MEGHALAYA,ASSAM,BAJALI,25.0,17.5,43.0,E,973.0,1635.1,-40.0,D,2026-08-25 06:49:41.535404
2026-08-24,2026-06-01,2026-08-24,district,ASSAM & MEGHALAYA,ASSAM,BAKSA,6.5,9.7,-33.0,D,992.2,1187.9,-16.0,N,2026-08-25 06:49:41.535404
2026-08-24,2026-06-01,2026-08-24,district,ASSAM & MEGHALAYA,ASSAM,BARPETA,5.0,17.5,-72.0,LD,1094.9,1635.1,-33.0,D,2026-08-25 06:49:41.535404
2026-08-24,2026-06-01,2026-08-24,district,ASSAM & MEGHALAYA,ASSAM,BONGAIGAON,0.0,6.8,-100.0,NR,787.3,1827.4,-57.0,D,2026-08-25 06:49:41.535404
2026-08-24,2026-06-01,2026-08-24,district,ASSAM & MEGHALAYA,ASSAM,CACHAR,11.9,17.6,-32.0,D,1345.2,1374.1,-2.0,N,2026-08-25 06:49:41.535404
2026-08-24,2026-06-01,2026-08-24,district,ASSAM & MEGHALAYA,ASSAM,CHARAIDEO,23.0,11.9,93.0,LE,1042.5,767.7,36.0,E,2026-08-25 06:49:41.535404
2026-08-24,2026-06-01,2026-08-24,district,ASSAM & MEGHALAYA,ASSAM,CHIRANG,4.5,30.5,-85.0,LD,1087.4,1839.1,-41.0,D,2026-08-25 06:49:41.535404
2026-08-24,2026-06-01,2026-08-24,district,ASSAM & MEGHALAYA,ASSAM,DARRANG,0.0,9.7,-100.0,NR,588.0,1005.0,-41.0,D,2026-08-25 06:49:41.535404
2026-08-24,2026-06-01,2026-08-24,district,ASSAM & MEGHALAYA,ASSAM,DHEMAJI,0.0,33.2,-100.0,NR,1807.6,1564.6,16.0,N,2026-08-25 06:49:41.535404
2026-08-24,2026-06-01,2026-08-24,district,ASSAM & MEGHALAYA,ASSAM,DHUBRI,9.8,21.8,-55.0,D,1063.4,1643.5,-35.0,D,2026-08-25 06:49:41.535404
2026-08-24,2026-06-01,2026-08-24,district,ASSAM & MEGHALAYA,ASSAM,DIBRUGARH,2.5,12.1,-79.0,LD,924.9,1120.4,-17.0,N,2026-08-25 06:49:41.535404
2026-08-24,2026-06-01,2026-08-24,district,ASSAM & MEGHALAYA,ASSAM,DIMA HASAO,6.7,4.2,60.0,LE,382.6,790.7,-52.0,D,2026-08-25 06:49:41.535404
2026-08-24,2026-06-01,2026-08-24,district,ASSAM & MEGHALAYA,ASSAM,GOALPARA,0.5,16.6,-97.0,LD,686.1,1561.1,-56.0,D,2026-08-25 06:49:41.535404
2026-08-24,2026-06-01,2026-08-24,district,ASSAM & MEGHALAYA,ASSAM,GOLAGHAT,21.4,9.4,128.0,LE,708.2,781.3,-9.0,N,2026-08-25 06:49:41.535404
2026-08-24,2026-06-01,2026-08-24,district,ASSAM & MEGHALAYA,ASSAM,HOJAI,1.6,5.6,-71.0,LD,352.3,556.6,-37.0,D,2026-08-25 06:49:41.535404
2026-08-24,2026-06-01,2026-08-24,district,ASSAM & MEGHALAYA,ASSAM,JORHAT,9.2,11.5,-20.0,D,685.8,931.2,-26.0,D,2026-08-25 06:49:41.535404
2026-08-24,2026-06-01,2026-08-24,district,ASSAM & MEGHALAYA,ASSAM,KAMRUP METROPOLITAN,9.0,8.9,1.0,N,644.5,810.7,-21.0,D,2026-08-25 06:49:41.535404
2026-08-24,2026-06-01,2026-08-24,district,ASSAM & MEGHALAYA,ASSAM,KAMRUP RURAL,0.0,8.6,-100.0,NR,465.6,1004.3,-54.0,D,2026-08-25 06:49:41.535404
2026-08-24,2026-06-01,2026-08-24,district,ASSAM & MEGHALAYA,ASSAM,KARBI ANGLONG,29.4,5.5,434.0,LE,475.7,603.2,-21.0,D,2026-08-25 06:49:41.535404
2026-08-24,2026-06-01,2026-08-24,district,ASSAM & MEGHALAYA,ASSAM,KOKRAJHAR,13.4,20.9,-36.0,D,1990.6,2095.8,-5.0,N,2026-08-25 06:49:41.535404
2026-08-24,2026-06-01,2026-08-24,district,ASSAM & MEGHALAYA,ASSAM,LAKHIMPUR,12.8,22.4,-43.0,D,1807.1,1537.8,18.0,N,2026-08-25 06:49:41.535404
2026-08-24,2026-06-01,2026-08-24,district,ASSAM & MEGHALAYA,ASSAM,MAJULI,17.0,11.5,48.0,E,966.0,931.2,4.0,N,2026-08-25 06:49:41.535404
2026-08-24,2026-06-01,2026-08-24,district,ASSAM & MEGHALAYA,ASSAM,MORIGAON,0.7,7.4,-91.0,LD,513.6,853.3,-40.0,D,2026-08-25 06:49:41.535404
2026-08-24,2026-06-01,2026-08-24,district,ASSAM & MEGHALAYA,ASSAM,NAGAON,0.3,10.5,-97.0,LD,354.8,772.2,-54.0,D,2026-08-25 06:49:41.535404
2026-08-24,2026-06-01,2026-08-24,district,ASSAM & MEGHALAYA,ASSAM,NALBARI,0.3,14.0,-98.0,LD,495.8,1235.4,-60.0,LD,2026-08-25 06:49:41.535404
2026-08-24,2026-06-01,2026-08-24,district,ASSAM & MEGHALAYA,ASSAM,SIBSAGAR,6.8,11.6,-41.0,D,666.7,904.4,-26.0,D,2026-08-25 06:49:41.535404
2026-08-24,2026-06-01,2026-08-24,district,ASSAM & MEGHALAYA,ASSAM,SONITPUR,1.3,8.1,-84.0,LD,846.1,898.2,-6.0,N,2026-08-25 06:49:41.535404
2026-08-24,2026-06-01,2026-08-24,district,ASSAM & MEGHALAYA,ASSAM,TAMULPUR,6.1,5.3,15.0,N,967.0,1048.7,-8.0,N,2026-08-25 06:49:41.535404
2026-08-24,2026-06-01,2026-08-24,district,ASSAM & MEGHALAYA,ASSAM,TINSUKIA,49.1,12.3,299.0,LE,1113.6,1089.7,2.0,N,2026-08-25 06:49:41.535404
2026-08-24,2026-06-01,2026-08-24,district,ASSAM & MEGHALAYA,ASSAM,UDALGURI,0.0,14.6,-100.0,NR,495.0,1125.2,-56.0,D,2026-08-25 06:49:41.535404
2026-08-24,2026-06-01,2026-08-24,district,ASSAM & MEGHALAYA,ASSAM,WEST KARBI ANGLONG,14.2,4.4,223.0,LE,470.6,523.0,-10.0,N,2026-08-25 06:49:41.535404
2026-08-24,2026-06-01,2026-08-24,district,ASSAM & MEGHALAYA,MEGHALAYA,EAST GARO HILLS,4.6,14.5,-68.0,LD,572.1,1451.8,-61.0,LD,2026-08-25 06:49:41.535404
2026-08-24,2026-06-01,2026-08-24,district,ASSAM & MEGHALAYA,MEGHALAYA,EAST JAINTIA HILLS,8.4,50.0,-83.0,LD,1267.5,3505.9,-64.0,LD,2026-08-25 06:49:41.535404
2026-08-24,2026-06-01,2026-08-24,district,ASSAM & MEGHALAYA,MEGHALAYA,EAST KHASI HILLS,17.0,35.7,-52.0,D,1725.5,3524.7,-51.0,D,2026-08-25 06:49:41.535404
2026-08-24,2026-06-01,2026-08-24,district,ASSAM & MEGHALAYA,MEGHALAYA,NORTH GARO HILLS,1.7,23.3,-93.0,LD,461.3,1383.8,-67.0,LD,2026-08-25 06:49:41.535404
2026-08-24,2026-06-01,2026-08-24,district,ASSAM & MEGHALAYA,MEGHALAYA,RI BHOI,10.7,11.5,-7.0,N,574.7,1111.6,-48.0,D,2026-08-25 06:49:41.535404
2026-08-24,2026-06-01,2026-08-24,district,ASSAM & MEGHALAYA,MEGHALAYA,SOUTH GARO HILLS,3.4,23.3,-86.0,LD,755.4,1383.8,-45.0,D,2026-08-25 06:49:41.535404
2026-08-24,2026-06-01,2026-08-24,district,ASSAM & MEGHALAYA,MEGHALAYA,SOUTH WEST GARO HILLS,0.1,23.3,-99.0,LD,498.9,1383.8,-64.0,LD,2026-08-25 06:49:41.535404
2026-08-24,2026-06-01,2026-08-24,district,ASSAM & MEGHALAYA,MEGHALAYA,SOUTH WEST KHASI HILLS,18.8,23.3,-19.0,N,2373.8,1383.8,72.0,LE,2026-08-25 06:49:41.535404
2026-08-24,2026-06-01,2026-08-24,district,ASSAM & MEGHALAYA,MEGHALAYA,WEST GARO HILLS,3.0,11.5,-74.0,LD,406.3,1410.5,-71.0,LD,2026-08-25 06:49:41.535404
2026-08-24,2026-06-01,2026-08-24,district,ASSAM & MEGHALAYA,MEGHALAYA,WEST JAINTIA HILLS,5.0,50.0,-90.0,LD,749.7,3505.9,-79.0,LD,2026-08-25 06:49:41.535404
2026-08-24,2026-06-01,2026-08-24,district,ASSAM & MEGHALAYA,MEGHALAYA,WEST KHASI HILLS,7.3,30.2,-76.0,LD,645.0,2090.7,-69.0,LD,2026-08-25 06:49:41.535404
2026-08-24,2026-06-01,2026-08-24,district,BIHAR,BIHAR,ARARIA,11.8,13.4,-12.0,N,658.4,1020.6,-35.0,D,2026-08-25 06:49:41.535404
2026-08-24,2026-06-01,2026-08-24,district,BIHAR,BIHAR,ARWAL,3.7,10.3,-64.0,LD,275.3,506.6,-46.0,D,2026-08-25 06:49:41.535404
2026-08-24,2026-06-01,2026-08-24,district,BIHAR,BIHAR,AURANGABAD,5.1,7.7,-33.0,D,462.9,622.9,-26.0,D,2026-08-25 06:49:41.535404
2026-08-24,2026-06-01,2026-08-24,district,BIHAR,BIHAR,BANKA,1.6,5.8,-73.0,LD,318.1,631.9,-50.0,D,2026-08-25 06:49:41.535404
2026-08-24,2026-06-01,2026-08-24,district,BIHAR,BIHAR,BEGUSARAI,3.8,8.9,-58.0,D,412.6,714.0,-42.0,D,2026-08-25 06:49:41.535404
2026-08-24,2026-06-01,2026-08-24,district,BIHAR,BIHAR,BHABUA,6.0,8.8,-32.0,D,301.1,624.1,-52.0,D,2026-08-25 06:49:41.535404
2026-08-24,2026-06-01,2026-08-24,district,BIHAR,BIHAR,BHAGALPUR,0.0,11.1,-100.0,NR,269.9,700.8,-61.0,LD,2026-08-25 06:49:41.535404
2026-08-24,2026-06-01,2026-08-24,district,BIHAR,BIHAR,BHOJPUR,0.9,9.2,-90.0,LD,285.5,630.5,-55.0,D,2026-08-25 06:49:41.535404
2026-08-24,2026-06-01,2026-08-24,district,BIHAR,BIHAR,BUXAR,4.8,8.4,-43.0,D,402.5,569.8,-29.0,D,2026-08-25 06:49:41.535404
2026-08-24,2026-06-01,2026-08-24,district,BIHAR,BIHAR,DARBHANGA,1.1,8.7,-88.0,LD,311.1,666.5,-53.0,D,2026-08-25 06:49:41.535404
2026-08-24,2026-06-01,2026-08-24,district,BIHAR,BIHAR,EAST CHAMPARAN,10.0,13.8,-28.0,D,432.4,781.7,-45.0,D,2026-08-25 06:49:41.535404
2026-08-24,2026-06-01,2026-08-24,district,BIHAR,BIHAR,GAYA,0.6,5.9,-91.0,LD,366.9,614.3,-40.0,D,2026-08-25 06:49:41.535404
2026-08-24,2026-06-01,2026-08-24,district,BIHAR,BIHAR,GOPALGANJ,3.9,14.8,-74.0,LD,438.5,697.9,-37.0,D,2026-08-25 06:49:41.535404
2026-08-24,2026-06-01,2026-08-24,district,BIHAR,BIHAR,JAHANABAD,0.2,8.8,-97.0,LD,214.9,603.9,-64.0,LD,2026-08-25 06:49:41.535404
2026-08-24,2026-06-01,2026-08-24,district,BIHAR,BIHAR,JAMUI,14.7,7.9,86.0,LE,309.2,660.9,-53.0,D,2026-08-25 06:49:41.535404
2026-08-24,2026-06-01,2026-08-24,district,BIHAR,BIHAR,KATIHAR,0.4,10.1,-96.0,LD,440.8,762.7,-42.0,D,2026-08-25 06:49:41.535404
2026-08-24,2026-06-01,2026-08-24,district,BIHAR,BIHAR,KHAGARIA,14.7,8.9,65.0,LE,592.2,690.5,-14.0,N,2026-08-25 06:49:41.535404
2026-08-24,2026-06-01,2026-08-24,district,BIHAR,BIHAR,KISHANGANJ,1.2,18.6,-93.0,LD,875.5,1283.5,-32.0,D,2026-08-25 06:49:41.535404
2026-08-24,2026-06-01,2026-08-24,district,BIHAR,BIHAR,LAKHISARAI,14.2,4.8,196.0,LE,504.3,613.1,-18.0,N,2026-08-25 06:49:41.535404
2026-08-24,2026-06-01,2026-08-24,district,BIHAR,BIHAR,MADHEPURA,7.4,10.7,-31.0,D,449.6,739.8,-39.0,D,2026-08-25 06:49:41.535404
2026-08-24,2026-06-01,2026-08-24,district,BIHAR,BIHAR,MADHUBANI,5.1,13.3,-62.0,LD,427.6,735.7,-42.0,D,2026-08-25 06:49:41.535404
2026-08-24,2026-06-01,2026-08-24,district,BIHAR,BIHAR,MUNGER,6.1,9.8,-38.0,D,432.9,737.6,-41.0,D,2026-08-25 06:49:41.535404
2026-08-24,2026-06-01,2026-08-24,district,BIHAR,BIHAR,MUZAFFARPUR,3.8,9.0,-57.0,D,347.3,694.8,-50.0,D,2026-08-25 06:49:41.535404
2026-08-24,2026-06-01,2026-08-24,district,BIHAR,BIHAR,NALANDA,6.3,7.8,-19.0,N,325.4,615.9,-47.0,D,2026-08-25 06:49:41.535404
2026-08-24,2026-06-01,2026-08-24,district,BIHAR,BIHAR,NAWADA,4.7,5.8,-19.0,N,371.0,610.0,-39.0,D,2026-08-25 06:49:41.535404
2026-08-24,2026-06-01,2026-08-24,district,BIHAR,BIHAR,PATNA,0.1,8.5,-99.0,LD,303.5,635.7,-52.0,D,2026-08-25 06:49:41.535404
2026-08-24,2026-06-01,2026-08-24,district,BIHAR,BIHAR,PURNEA,4.4,12.9,-66.0,LD,577.3,1024.4,-44.0,D,2026-08-25 06:49:41.535404
2026-08-24,2026-06-01,2026-08-24,district,BIHAR,BIHAR,ROHTAS,10.2,7.7,32.0,E,363.0,605.4,-40.0,D,2026-08-25 06:49:41.535404
2026-08-24,2026-06-01,2026-08-24,district,BIHAR,BIHAR,SAHARSA,4.1,10.6,-61.0,LD,398.5,782.8,-49.0,D,2026-08-25 06:49:41.535404
2026-08-24,2026-06-01,2026-08-24,district,BIHAR,BIHAR,SAMASTIPUR,5.9,8.8,-33.0,D,356.5,675.4,-47.0,D,2026-08-25 06:49:41.535404
2026-08-24,2026-06-01,2026-08-24,district,BIHAR,BIHAR,SARAN,0.0,11.9,-100.0,NR,332.3,652.4,-49.0,D,2026-08-25 06:49:41.535404
2026-08-24,2026-06-01,2026-08-24,district,BIHAR,BIHAR,SHEIKHPURA,4.2,8.9,-53.0,D,345.2,592.5,-42.0,D,2026-08-25 06:49:41.535404
2026-08-24,2026-06-01,2026-08-24,district,BIHAR,BIHAR,SHEOHAR,1.5,14.1,-89.0,LD,309.8,729.9,-58.0,D,2026-08-25 06:49:41.535404
2026-08-24,2026-06-01,2026-08-24,district,BIHAR,BIHAR,SITAMARHI,1.7,11.1,-85.0,LD,330.6,802.6,-59.0,D,2026-08-25 06:49:41.535404
2026-08-24,2026-06-01,2026-08-24,district,BIHAR,BIHAR,SIWAN,1.4,11.8,-88.0,LD,568.6,642.6,-12.0,N,2026-08-25 06:49:41.535404
2026-08-24,2026-06-01,2026-08-24,district,BIHAR,BIHAR,SUPAUL,7.6,10.4,-27.0,D,586.1,799.8,-27.0,D,2026-08-25 06:49:41.535404
2026-08-24,2026-06-01,2026-08-24,district,BIHAR,BIHAR,VAISHALI,1.2,9.8,-88.0,LD,384.8,657.0,-41.0,D,2026-08-25 06:49:41.535404
2026-08-24,2026-06-01,2026-08-24,district,BIHAR,BIHAR,WEST CHAMPARAN,0.8,13.4,-94.0,LD,579.6,913.1,-37.0,D,2026-08-25 06:49:41.535404
2026-08-24,2026-06-01,2026-08-24,district,CHHATTISGARH,CHHATTISGARH,BALOD,9.5,4.8,99.0,LE,842.0,756.5,11.0,N,2026-08-25 06:49:41.535404
2026-08-24,2026-06-01,2026-08-24,district,CHHATTISGARH,CHHATTISGARH,BALODA BAZAR,21.7,8.3,162.0,LE,864.3,704.7,23.0,E,2026-08-25 06:49:41.535404
2026-08-24,2026-06-01,2026-08-24,district,CHHATTISGARH,CHHATTISGARH,BALRAMPUR,64.2,5.6,1047.0,LE,1091.8,722.1,51.0,E,2026-08-25 06:49:41.535404
2026-08-24,2026-06-01,2026-08-24,district,CHHATTISGARH,CHHATTISGARH,BASTAR,66.9,7.7,769.0,LE,758.0,877.4,-14.0,N,2026-08-25 06:49:41.535404
2026-08-24,2026-06-01,2026-08-24,district,CHHATTISGARH,CHHATTISGARH,BEMETARA,15.2,9.7,56.0,E,476.7,790.5,-40.0,D,2026-08-25 06:49:41.535404
2026-08-24,2026-06-01,2026-08-24,district,CHHATTISGARH,CHHATTISGARH,BIJAPUR,88.3,7.3,1110.0,LE,1060.8,1057.5,0.0,N,2026-08-25 06:49:41.535404
2026-08-24,2026-06-01,2026-08-24,district,CHHATTISGARH,CHHATTISGARH,BILASPUR,19.6,12.6,56.0,E,852.5,791.1,8.0,N,2026-08-25 06:49:41.535404
2026-08-24,2026-06-01,2026-08-24,district,CHHATTISGARH,CHHATTISGARH,DANTEWADA,52.2,9.7,438.0,LE,824.3,974.7,-15.0,N,2026-08-25 06:49:41.535404
2026-08-24,2026-06-01,2026-08-24,district,CHHATTISGARH,CHHATTISGARH,DHAMTARI,23.1,7.8,196.0,LE,802.6,788.0,2.0,N,2026-08-25 06:49:41.535404
2026-08-24,2026-06-01,2026-08-24,district,CHHATTISGARH,CHHATTISGARH,DURG,7.4,3.4,119.0,LE,636.0,736.6,-14.0,N,2026-08-25 06:49:41.535404
2026-08-24,2026-06-01,2026-08-24,district,CHHATTISGARH,CHHATTISGARH,GARIABAND,34.1,7.5,355.0,LE,913.5,784.6,16.0,N,2026-08-25 06:49:41.535404
2026-08-24,2026-06-01,2026-08-24,district,CHHATTISGARH,CHHATTISGARH,GAURELA PENDRA MARWAHI,5.0,12.5,-60.0,LD,815.4,815.7,0.0,N,2026-08-25 06:49:41.535404
2026-08-24,2026-06-01,2026-08-24,district,CHHATTISGARH,CHHATTISGARH,JANJGIR,27.1,5.8,368.0,LE,975.1,821.6,19.0,N,2026-08-25 06:49:41.535404
2026-08-24,2026-06-01,2026-08-24,district,CHHATTISGARH,CHHATTISGARH,JASHPUR,17.5,7.6,130.0,LE,677.3,1016.7,-33.0,D,2026-08-25 06:49:41.535404
2026-08-24,2026-06-01,2026-08-24,district,CHHATTISGARH,CHHATTISGARH,KABIRDHAM,3.9,8.0,-51.0,D,542.1,646.7,-16.0,N,2026-08-25 06:49:41.535404
2026-08-24,2026-06-01,2026-08-24,district,CHHATTISGARH,CHHATTISGARH,KANKER,35.1,9.0,290.0,LE,644.8,1016.2,-37.0,D,2026-08-25 06:49:41.535404
2026-08-24,2026-06-01,2026-08-24,district,CHHATTISGARH,CHHATTISGARH,KHAIRAGARH CHH GANDAI,16.7,6.1,173.0,LE,567.7,549.5,3.0,N,2026-08-25 06:49:41.535404
2026-08-24,2026-06-01,2026-08-24,district,CHHATTISGARH,CHHATTISGARH,KONDAGAON,47.4,8.1,485.0,LE,733.2,870.2,-16.0,N,2026-08-25 06:49:41.535404
2026-08-24,2026-06-01,2026-08-24,district,CHHATTISGARH,CHHATTISGARH,KORBA,14.7,8.8,67.0,LE,853.5,957.1,-11.0,N,2026-08-25 06:49:41.535404
2026-08-24,2026-06-01,2026-08-24,district,CHHATTISGARH,CHHATTISGARH,KORIYA,1.3,9.6,-87.0,LD,687.1,845.3,-19.0,N,2026-08-25 06:49:41.535404
2026-08-24,2026-06-01,2026-08-24,district,CHHATTISGARH,CHHATTISGARH,MAHASAMUND,34.5,7.8,342.0,LE,976.4,782.1,25.0,E,2026-08-25 06:49:41.535404
2026-08-24,2026-06-01,2026-08-24,district,CHHATTISGARH,CHHATTISGARH,MANENDRAGARH BHARATPUR,13.7,9.5,44.0,E,871.3,845.1,3.0,N,2026-08-25 06:49:41.535404
2026-08-24,2026-06-01,2026-08-24,district,CHHATTISGARH,CHHATTISGARH,MOHALA MANPUR CHOWKI,9.4,3.3,185.0,LE,648.5,777.6,-17.0,N,2026-08-25 06:49:41.535404
2026-08-24,2026-06-01,2026-08-24,district,CHHATTISGARH,CHHATTISGARH,MUNGELI,26.2,6.6,297.0,LE,975.7,712.7,37.0,E,2026-08-25 06:49:41.535404
2026-08-24,2026-06-01,2026-08-24,district,CHHATTISGARH,CHHATTISGARH,NARAYANPUR,132.3,10.2,1197.0,LE,1219.9,932.8,31.0,E,2026-08-25 06:49:41.535404
2026-08-24,2026-06-01,2026-08-24,district,CHHATTISGARH,CHHATTISGARH,RAIGARH,38.4,8.6,347.0,LE,842.6,879.4,-4.0,N,2026-08-25 06:49:41.535404
2026-08-24,2026-06-01,2026-08-24,district,CHHATTISGARH,CHHATTISGARH,RAIPUR,43.9,5.7,669.0,LE,872.2,756.8,15.0,N,2026-08-25 06:49:41.535404
2026-08-24,2026-06-01,2026-08-24,district,CHHATTISGARH,CHHATTISGARH,RAJNANDGAON,5.3,7.4,-28.0,D,683.5,788.8,-13.0,N,2026-08-25 06:49:41.535404
2026-08-24,2026-06-01,2026-08-24,district,CHHATTISGARH,CHHATTISGARH,SAKTI,32.3,9.0,259.0,LE,819.9,835.8,-2.0,N,2026-08-25 06:49:41.535404
2026-08-24,2026-06-01,2026-08-24,district,CHHATTISGARH,CHHATTISGARH,SARANGARH BILAIGARH,46.4,6.2,648.0,LE,1063.4,688.5,54.0,E,2026-08-25 06:49:41.535404
2026-08-24,2026-06-01,2026-08-24,district,CHHATTISGARH,CHHATTISGARH,SUKMA,61.5,6.5,846.0,LE,786.7,888.5,-11.0,N,2026-08-25 06:49:41.535404
2026-08-24,2026-06-01,2026-08-24,district,CHHATTISGARH,CHHATTISGARH,SURAJPUR,25.1,9.0,179.0,LE,953.3,901.1,6.0,N,2026-08-25 06:49:41.535404
2026-08-24,2026-06-01,2026-08-24,district,CHHATTISGARH,CHHATTISGARH,SURGUJA,13.6,6.6,107.0,LE,527.8,890.3,-41.0,D,2026-08-25 06:49:41.535404
2026-08-24,2026-06-01,2026-08-24,district,COASTAL A. P. & YANAM,ANDHRA PRADESH,ANAKAPALLI,0.0,3.9,-100.0,NR,261.6,406.0,-36.0,D,2026-08-25 06:49:41.535404
2026-08-24,2026-06-01,2026-08-24,district,COASTAL A. P. & YANAM,ANDHRA PRADESH,BAPATLA,15.7,7.2,118.0,LE,153.8,353.3,-56.0,D,2026-08-25 06:49:41.535404
2026-08-24,2026-06-01,2026-08-24,district,COASTAL A. P. & YANAM,ANDHRA PRADESH,DR B R AMBEDKAR KONASEEMA,0.0,8.3,-100.0,NR,434.6,545.7,-20.0,D,2026-08-25 06:49:41.535404
2026-08-24,2026-06-01,2026-08-24,district,COASTAL A. P. & YANAM,ANDHRA PRADESH,EAST GODAVARI,3.8,5.5,-31.0,D,314.8,510.8,-38.0,D,2026-08-25 06:49:41.535404
2026-08-24,2026-06-01,2026-08-24,district,COASTAL A. P. & YANAM,ANDHRA PRADESH,ELURU,2.1,7.8,-73.0,LD,375.7,621.4,-40.0,D,2026-08-25 06:49:41.535404
2026-08-24,2026-06-01,2026-08-24,district,COASTAL A. P. & YANAM,ANDHRA PRADESH,GUNTUR,2.4,6.4,-63.0,LD,303.4,410.0,-26.0,D,2026-08-25 06:49:41.535404
2026-08-24,2026-06-01,2026-08-24,district,COASTAL A. P. & YANAM,ANDHRA PRADESH,KAKINADA,0.0,5.6,-99.0,LD,286.6,453.0,-37.0,D,2026-08-25 06:49:41.535404
2026-08-24,2026-06-01,2026-08-24,district,COASTAL A. P. & YANAM,ANDHRA PRADESH,KRISHNA,17.7,6.3,181.0,LE,299.6,466.4,-36.0,D,2026-08-25 06:49:41.535404
2026-08-24,2026-06-01,2026-08-24,district,COASTAL A. P. & YANAM,ANDHRA PRADESH,NTR DISTRICT,2.1,6.5,-68.0,LD,330.3,492.0,-33.0,D,2026-08-25 06:49:41.535404
2026-08-24,2026-06-01,2026-08-24,district,COASTAL A. P. & YANAM,ANDHRA PRADESH,PALNADU,2.0,5.9,-66.0,LD,221.2,367.9,-40.0,D,2026-08-25 06:49:41.535404
2026-08-24,2026-06-01,2026-08-24,district,COASTAL A. P. & YANAM,ANDHRA PRADESH,PARVATHIPURAM MANYAM,2.1,4.1,-50.0,D,345.2,528.6,-35.0,D,2026-08-25 06:49:41.535404
2026-08-24,2026-06-01,2026-08-24,district,COASTAL A. P. & YANAM,ANDHRA PRADESH,PRAKASAM,5.0,4.6,10.0,N,102.5,229.6,-55.0,D,2026-08-25 06:49:41.535404
2026-08-24,2026-06-01,2026-08-24,district,COASTAL A. P. & YANAM,ANDHRA PRADESH,SPSR NELLORE,8.3,4.5,85.0,LE,133.9,210.3,-36.0,D,2026-08-25 06:49:41.535404
2026-08-24,2026-06-01,2026-08-24,district,COASTAL A. P. & YANAM,ANDHRA PRADESH,SRI ALLURI SITHARAMARAJU DISTRICT,11.6,6.8,71.0,LE,346.3,650.7,-47.0,D,2026-08-25 06:49:41.535404
2026-08-24,2026-06-01,2026-08-24,district,COASTAL A. P. & YANAM,ANDHRA PRADESH,SRIKAKULAM,3.2,3.7,-15.0,N,321.9,473.0,-32.0,D,2026-08-25 06:49:41.535404
2026-08-24,2026-06-01,2026-08-24,district,COASTAL A. P. & YANAM,ANDHRA PRADESH,VISHAKHAPATNAM,2.0,5.4,-62.0,LD,240.8,366.6,-34.0,D,2026-08-25 06:49:41.535404
2026-08-24,2026-06-01,2026-08-24,district,COASTAL A. P. & YANAM,ANDHRA PRADESH,VIZIANAGARAM,0.2,5.0,-95.0,LD,334.5,451.6,-26.0,D,2026-08-25 06:49:41.535404
2026-08-24,2026-06-01,2026-08-24,district,COASTAL A. P. & YANAM,ANDHRA PRADESH,WEST GODAVARI,0.9,5.9,-84.0,LD,261.7,521.4,-50.0,D,2026-08-25 06:49:41.535404
2026-08-24,2026-06-01,2026-08-24,district,COASTAL A. P. & YANAM,PUDUCHERRY (UT),YANAM,0.0,8.0,-100.0,NR,285.4,499.9,-43.0,D,2026-08-25 06:49:41.535404
2026-08-24,2026-06-01,2026-08-24,district,COASTAL KARNATAKA,KARNATAKA,DAKSHINA KANNADA,43.5,20.5,112.0,LE,2271.6,2830.2,-20.0,D,2026-08-25 06:49:41.535404
2026-08-24,2026-06-01,2026-08-24,district,COASTAL KARNATAKA,KARNATAKA,UDUPI,26.7,20.8,28.0,E,2406.8,3200.9,-25.0,D,2026-08-25 06:49:41.535404
2026-08-24,2026-06-01,2026-08-24,district,COASTAL KARNATAKA,KARNATAKA,UTTARA KANNADA,16.2,15.4,5.0,N,1761.0,2356.8,-25.0,D,2026-08-25 06:49:41.535404
2026-08-24,2026-06-01,2026-08-24,district,EAST MADHYA PRADESH,MADHYA PRADESH,ANUPPUR,3.9,10.7,-64.0,LD,889.5,754.4,18.0,N,2026-08-25 06:49:41.535404
2026-08-24,2026-06-01,2026-08-24,district,EAST MADHYA PRADESH,MADHYA PRADESH,BALAGHAT,8.0,9.2,-13.0,N,887.1,961.3,-8.0,N,2026-08-25 06:49:41.535404
2026-08-24,2026-06-01,2026-08-24,district,EAST MADHYA PRADESH,MADHYA PRADESH,CHHATARPUR,7.9,9.8,-20.0,D,637.6,698.1,-9.0,N,2026-08-25 06:49:41.535404
2026-08-24,2026-06-01,2026-08-24,district,EAST MADHYA PRADESH,MADHYA PRADESH,CHHINDWARA,1.6,11.1,-86.0,LD,618.7,777.1,-20.0,D,2026-08-25 06:49:41.535404
2026-08-24,2026-06-01,2026-08-24,district,EAST MADHYA PRADESH,MADHYA PRADESH,DAMOH,7.3,15.6,-53.0,D,723.5,840.2,-14.0,N,2026-08-25 06:49:41.535404
2026-08-24,2026-06-01,2026-08-24,district,EAST MADHYA PRADESH,MADHYA PRADESH,DINDORI,12.7,16.6,-24.0,D,921.1,920.6,0.0,N,2026-08-25 06:49:41.535404
2026-08-24,2026-06-01,2026-08-24,district,EAST MADHYA PRADESH,MADHYA PRADESH,JABALPUR,0.0,15.4,-99.0,LD,700.5,856.5,-18.0,N,2026-08-25 06:49:41.535404
2026-08-24,2026-06-01,2026-08-24,district,EAST MADHYA PRADESH,MADHYA PRADESH,KATNI,0.2,17.9,-99.0,LD,641.2,719.8,-11.0,N,2026-08-25 06:49:41.535404
2026-08-24,2026-06-01,2026-08-24,district,EAST MADHYA PRADESH,MADHYA PRADESH,MAIHAR,1.0,12.0,-92.0,LD,690.4,733.8,-6.0,N,2026-08-25 06:49:41.535404
2026-08-24,2026-06-01,2026-08-24,district,EAST MADHYA PRADESH,MADHYA PRADESH,MANDLA,4.4,12.5,-65.0,LD,862.9,929.8,-7.0,N,2026-08-25 06:49:41.535404
2026-08-24,2026-06-01,2026-08-24,district,EAST MADHYA PRADESH,MADHYA PRADESH,MAUGANJ,13.2,4.0,230.0,LE,993.1,697.1,42.0,E,2026-08-25 06:49:41.535404
2026-08-24,2026-06-01,2026-08-24,district,EAST MADHYA PRADESH,MADHYA PRADESH,NARSINGHPUR,7.4,9.0,-18.0,N,682.6,773.3,-12.0,N,2026-08-25 06:49:41.535404
2026-08-24,2026-06-01,2026-08-24,district,EAST MADHYA PRADESH,MADHYA PRADESH,NIWARI,32.7,22.0,48.0,E,602.0,589.3,2.0,N,2026-08-25 06:49:41.535404
2026-08-24,2026-06-01,2026-08-24,district,EAST MADHYA PRADESH,MADHYA PRADESH,PANDHURNA,0.5,4.7,-89.0,LD,503.1,595.6,-16.0,N,2026-08-25 06:49:41.535404
2026-08-24,2026-06-01,2026-08-24,district,EAST MADHYA PRADESH,MADHYA PRADESH,PANNA,17.9,17.2,4.0,N,758.5,808.6,-6.0,N,2026-08-25 06:49:41.535404
2026-08-24,2026-06-01,2026-08-24,district,EAST MADHYA PRADESH,MADHYA PRADESH,REWA,3.5,7.5,-53.0,D,508.4,726.5,-30.0,D,2026-08-25 06:49:41.535404
2026-08-24,2026-06-01,2026-08-24,district,EAST MADHYA PRADESH,MADHYA PRADESH,SAGAR,20.2,9.2,120.0,LE,603.7,823.9,-27.0,D,2026-08-25 06:49:41.535404
2026-08-24,2026-06-01,2026-08-24,district,EAST MADHYA PRADESH,MADHYA PRADESH,SATNA,0.1,7.2,-99.0,LD,838.6,707.8,18.0,N,2026-08-25 06:49:41.535404
2026-08-24,2026-06-01,2026-08-24,district,EAST MADHYA PRADESH,MADHYA PRADESH,SEONI,0.6,9.8,-94.0,LD,682.6,782.8,-13.0,N,2026-08-25 06:49:41.535404
2026-08-24,2026-06-01,2026-08-24,district,EAST MADHYA PRADESH,MADHYA PRADESH,SHAHDOL,22.4,11.1,102.0,LE,875.7,736.2,19.0,N,2026-08-25 06:49:41.535404
2026-08-24,2026-06-01,2026-08-24,district,EAST MADHYA PRADESH,MADHYA PRADESH,SIDHI,16.9,13.0,30.0,E,856.0,745.4,15.0,N,2026-08-25 06:49:41.535404
2026-08-24,2026-06-01,2026-08-24,district,EAST MADHYA PRADESH,MADHYA PRADESH,SINGRAULI,8.2,11.1,-26.0,D,756.7,777.1,-3.0,N,2026-08-25 06:49:41.535404
2026-08-24,2026-06-01,2026-08-24,district,EAST MADHYA PRADESH,MADHYA PRADESH,TIKAMGARH,18.1,9.1,99.0,LE,586.3,703.4,-17.0,N,2026-08-25 06:49:41.535404
2026-08-24,2026-06-01,2026-08-24,district,EAST MADHYA PRADESH,MADHYA PRADESH,UMARIA,6.0,17.3,-65.0,LD,897.6,782.3,15.0,N,2026-08-25 06:49:41.535404
2026-08-24,2026-06-01,2026-08-24,district,EAST RAJASTHAN,RAJASTHAN,AJMER,0.0,3.9,-100.0,NR,309.1,366.5,-16.0,N,2026-08-25 06:49:41.535404
2026-08-24,2026-06-01,2026-08-24,district,EAST RAJASTHAN,RAJASTHAN,ALWAR,17.5,5.2,236.0,LE,382.2,424.9,-10.0,N,2026-08-25 06:49:41.535404
2026-08-24,2026-06-01,2026-08-24,district,EAST RAJASTHAN,RAJASTHAN,BANSWARA,0.0,15.2,-100.0,NR,367.3,671.1,-45.0,D,2026-08-25 06:49:41.535404
2026-08-24,2026-06-01,2026-08-24,district,EAST RAJASTHAN,RAJASTHAN,BARAN,3.4,7.6,-56.0,D,486.8,667.0,-27.0,D,2026-08-25 06:49:41.535404
2026-08-24,2026-06-01,2026-08-24,district,EAST RAJASTHAN,RAJASTHAN,BHARATPUR,49.8,7.6,555.0,LE,540.3,412.0,31.0,E,2026-08-25 06:49:41.535404
2026-08-24,2026-06-01,2026-08-24,district,EAST RAJASTHAN,RAJASTHAN,BHILWARA,0.0,6.4,-100.0,NR,336.5,484.9,-31.0,D,2026-08-25 06:49:41.535404
2026-08-24,2026-06-01,2026-08-24,district,EAST RAJASTHAN,RAJASTHAN,BUNDI,0.0,5.9,-100.0,NR,345.4,516.0,-33.0,D,2026-08-25 06:49:41.535404
2026-08-24,2026-06-01,2026-08-24,district,EAST RAJASTHAN,RAJASTHAN,CHITTORGARH,0.0,7.9,-100.0,NR,449.7,571.9,-21.0,D,2026-08-25 06:49:41.535404
2026-08-24,2026-06-01,2026-08-24,district,EAST RAJASTHAN,RAJASTHAN,DAUSA,16.2,6.4,153.0,LE,427.6,471.9,-9.0,N,2026-08-25 06:49:41.535404
2026-08-24,2026-06-01,2026-08-24,district,EAST RAJASTHAN,RAJASTHAN,DHOLPUR,42.3,9.3,355.0,LE,501.8,448.6,12.0,N,2026-08-25 06:49:41.535404
2026-08-24,2026-06-01,2026-08-24,district,EAST RAJASTHAN,RAJASTHAN,DUNGARPUR,0.0,11.2,-100.0,NR,340.6,542.9,-37.0,D,2026-08-25 06:49:41.535404
2026-08-24,2026-06-01,2026-08-24,district,EAST RAJASTHAN,RAJASTHAN,JAIPUR,0.3,5.2,-95.0,LD,299.2,421.2,-29.0,D,2026-08-25 06:49:41.535404
2026-08-24,2026-06-01,2026-08-24,district,EAST RAJASTHAN,RAJASTHAN,JHALAWAR,0.0,11.1,-100.0,NR,534.0,685.7,-22.0,D,2026-08-25 06:49:41.535404
2026-08-24,2026-06-01,2026-08-24,district,EAST RAJASTHAN,RAJASTHAN,JHUNJHUNU,0.0,3.5,-100.0,NR,393.2,329.0,19.0,N,2026-08-25 06:49:41.535404
2026-08-24,2026-06-01,2026-08-24,district,EAST RAJASTHAN,RAJASTHAN,KARAULI,8.3,7.4,13.0,N,356.5,480.3,-26.0,D,2026-08-25 06:49:41.535404
2026-08-24,2026-06-01,2026-08-24,district,EAST RAJASTHAN,RAJASTHAN,KOTA,0.0,8.8,-100.0,NR,380.0,587.9,-35.0,D,2026-08-25 06:49:41.535404
2026-08-24,2026-06-01,2026-08-24,district,EAST RAJASTHAN,RAJASTHAN,PRATAPGARH,0.0,11.1,-100.0,NR,583.4,700.7,-17.0,N,2026-08-25 06:49:41.535404
2026-08-24,2026-06-01,2026-08-24,district,EAST RAJASTHAN,RAJASTHAN,RAJSAMAND,0.0,5.9,-100.0,NR,303.9,420.5,-28.0,D,2026-08-25 06:49:41.535404
2026-08-24,2026-06-01,2026-08-24,district,EAST RAJASTHAN,RAJASTHAN,SAWAI MADHOPUR,11.6,6.6,75.0,LE,323.1,537.1,-40.0,D,2026-08-25 06:49:41.535404
2026-08-24,2026-06-01,2026-08-24,district,EAST RAJASTHAN,RAJASTHAN,SIKAR,0.0,4.1,-100.0,NR,324.8,339.0,-4.0,N,2026-08-25 06:49:41.535404
2026-08-24,2026-06-01,2026-08-24,district,EAST RAJASTHAN,RAJASTHAN,SIROHI,0.0,6.5,-100.0,NR,412.2,686.5,-40.0,D,2026-08-25 06:49:41.535404
2026-08-24,2026-06-01,2026-08-24,district,EAST RAJASTHAN,RAJASTHAN,TONK,0.1,5.1,-98.0,LD,332.6,463.0,-28.0,D,2026-08-25 06:49:41.535404
2026-08-24,2026-06-01,2026-08-24,district,EAST RAJASTHAN,RAJASTHAN,UDAIPUR,0.0,7.5,-100.0,NR,339.3,475.6,-29.0,D,2026-08-25 06:49:41.535404
2026-08-24,2026-06-01,2026-08-24,district,EAST UTTAR PRADESH,UTTAR PRADESH,AMBEDKAR NAGAR,27.4,10.0,174.0,LE,459.5,618.6,-26.0,D,2026-08-25 06:49:41.535404
2026-08-24,2026-06-01,2026-08-24,district,EAST UTTAR PRADESH,UTTAR PRADESH,AMETHI,3.3,8.7,-62.0,LD,249.0,493.8,-50.0,D,2026-08-25 06:49:41.535404
2026-08-24,2026-06-01,2026-08-24,district,EAST UTTAR PRADESH,UTTAR PRADESH,AYODHYA,1.3,8.3,-84.0,LD,466.9,626.4,-25.0,D,2026-08-25 06:49:41.535404
2026-08-24,2026-06-01,2026-08-24,district,EAST UTTAR PRADESH,UTTAR PRADESH,AZAMGARH,11.5,12.4,-7.0,N,380.2,605.9,-37.0,D,2026-08-25 06:49:41.535404
2026-08-24,2026-06-01,2026-08-24,district,EAST UTTAR PRADESH,UTTAR PRADESH,BAHRAICH,6.0,7.5,-21.0,D,740.2,718.8,3.0,N,2026-08-25 06:49:41.535404
2026-08-24,2026-06-01,2026-08-24,district,EAST UTTAR PRADESH,UTTAR PRADESH,BALLIA,0.5,7.4,-93.0,LD,403.7,531.7,-24.0,D,2026-08-25 06:49:41.535404
2026-08-24,2026-06-01,2026-08-24,district,EAST UTTAR PRADESH,UTTAR PRADESH,BALRAMPUR,0.0,7.9,-100.0,NR,501.3,594.6,-16.0,N,2026-08-25 06:49:41.535404
2026-08-24,2026-06-01,2026-08-24,district,EAST UTTAR PRADESH,UTTAR PRADESH,BANDA,0.0,6.8,-100.0,NR,543.0,568.5,-4.0,N,2026-08-25 06:49:41.535404
2026-08-24,2026-06-01,2026-08-24,district,EAST UTTAR PRADESH,UTTAR PRADESH,BARABANKI,1.6,7.8,-79.0,LD,583.6,587.8,-1.0,N,2026-08-25 06:49:41.535404
2026-08-24,2026-06-01,2026-08-24,district,EAST UTTAR PRADESH,UTTAR PRADESH,BASTI,5.2,11.4,-54.0,D,392.6,613.5,-36.0,D,2026-08-25 06:49:41.535404
2026-08-24,2026-06-01,2026-08-24,district,EAST UTTAR PRADESH,UTTAR PRADESH,BHADOHI,0.7,10.0,-94.0,LD,182.7,581.9,-69.0,LD,2026-08-25 06:49:41.535404
2026-08-24,2026-06-01,2026-08-24,district,EAST UTTAR PRADESH,UTTAR PRADESH,CHANDAULI,0.5,7.6,-93.0,LD,285.0,528.6,-46.0,D,2026-08-25 06:49:41.535404
2026-08-24,2026-06-01,2026-08-24,district,EAST UTTAR PRADESH,UTTAR PRADESH,CHITRAKOOT,0.0,9.0,-100.0,NR,830.6,582.9,42.0,E,2026-08-25 06:49:41.535404
2026-08-24,2026-06-01,2026-08-24,district,EAST UTTAR PRADESH,UTTAR PRADESH,DEORIA,1.0,7.1,-86.0,LD,159.5,579.3,-72.0,LD,2026-08-25 06:49:41.535404
2026-08-24,2026-06-01,2026-08-24,district,EAST UTTAR PRADESH,UTTAR PRADESH,FARRUKHABAD,0.5,5.9,-92.0,LD,396.0,529.7,-25.0,D,2026-08-25 06:49:41.535404
2026-08-24,2026-06-01,2026-08-24,district,EAST UTTAR PRADESH,UTTAR PRADESH,FATEHPUR,0.0,7.6,-100.0,NR,301.6,512.2,-41.0,D,2026-08-25 06:49:41.535404
2026-08-24,2026-06-01,2026-08-24,district,EAST UTTAR PRADESH,UTTAR PRADESH,GHAZIPUR,4.6,10.6,-57.0,D,329.4,561.9,-41.0,D,2026-08-25 06:49:41.535404
2026-08-24,2026-06-01,2026-08-24,district,EAST UTTAR PRADESH,UTTAR PRADESH,GONDA,5.0,7.9,-37.0,D,522.2,641.7,-19.0,N,2026-08-25 06:49:41.535404
2026-08-24,2026-06-01,2026-08-24,district,EAST UTTAR PRADESH,UTTAR PRADESH,GORAKHPUR,10.5,11.8,-11.0,N,628.0,913.8,-31.0,D,2026-08-25 06:49:41.535404
2026-08-24,2026-06-01,2026-08-24,district,EAST UTTAR PRADESH,UTTAR PRADESH,HARDOI,2.4,4.7,-49.0,D,381.9,483.1,-21.0,D,2026-08-25 06:49:41.535404
2026-08-24,2026-06-01,2026-08-24,district,EAST UTTAR PRADESH,UTTAR PRADESH,JAUNPUR,3.1,7.2,-57.0,D,172.0,507.6,-66.0,LD,2026-08-25 06:49:41.535404
2026-08-24,2026-06-01,2026-08-24,district,EAST UTTAR PRADESH,UTTAR PRADESH,KANNAUJ,24.2,5.9,310.0,LE,586.7,473.5,24.0,E,2026-08-25 06:49:41.535404
2026-08-24,2026-06-01,2026-08-24,district,EAST UTTAR PRADESH,UTTAR PRADESH,KANPUR CITY,3.6,6.7,-46.0,D,552.4,461.8,20.0,E,2026-08-25 06:49:41.535404
2026-08-24,2026-06-01,2026-08-24,district,EAST UTTAR PRADESH,UTTAR PRADESH,KANPUR DEHAT,0.2,7.3,-97.0,LD,129.9,421.1,-69.0,LD,2026-08-25 06:49:41.535404
2026-08-24,2026-06-01,2026-08-24,district,EAST UTTAR PRADESH,UTTAR PRADESH,KAUSHAMBI,0.0,4.6,-100.0,NR,199.0,408.4,-51.0,D,2026-08-25 06:49:41.535404
2026-08-24,2026-06-01,2026-08-24,district,EAST UTTAR PRADESH,UTTAR PRADESH,KHERI,8.2,10.5,-22.0,D,670.1,680.4,-2.0,N,2026-08-25 06:49:41.535404
2026-08-24,2026-06-01,2026-08-24,district,EAST UTTAR PRADESH,UTTAR PRADESH,KUSHI NAGAR,8.5,7.0,21.0,E,200.1,548.8,-64.0,LD,2026-08-25 06:49:41.535404
2026-08-24,2026-06-01,2026-08-24,district,EAST UTTAR PRADESH,UTTAR PRADESH,LUCKNOW,11.7,4.0,193.0,LE,450.2,478.1,-6.0,N,2026-08-25 06:49:41.535404
2026-08-24,2026-06-01,2026-08-24,district,EAST UTTAR PRADESH,UTTAR PRADESH,MAHARAJGANJ,5.7,8.5,-33.0,D,586.9,744.7,-21.0,D,2026-08-25 06:49:41.535404
2026-08-24,2026-06-01,2026-08-24,district,EAST UTTAR PRADESH,UTTAR PRADESH,MAU,5.0,15.3,-67.0,LD,193.5,580.4,-67.0,LD,2026-08-25 06:49:41.535404
2026-08-24,2026-06-01,2026-08-24,district,EAST UTTAR PRADESH,UTTAR PRADESH,MIRZAPUR,5.0,8.0,-38.0,D,660.0,636.1,4.0,N,2026-08-25 06:49:41.535404
2026-08-24,2026-06-01,2026-08-24,district,EAST UTTAR PRADESH,UTTAR PRADESH,PRATAPGARH,1.0,7.7,-87.0,LD,549.8,549.0,0.0,N,2026-08-25 06:49:41.535404
2026-08-24,2026-06-01,2026-08-24,district,EAST UTTAR PRADESH,UTTAR PRADESH,PRAYAGRAJ,16.7,7.6,120.0,LE,670.1,520.7,29.0,E,2026-08-25 06:49:41.535404
2026-08-24,2026-06-01,2026-08-24,district,EAST UTTAR PRADESH,UTTAR PRADESH,RAE BAREILLY,5.5,4.2,32.0,E,205.2,311.2,-34.0,D,2026-08-25 06:49:41.535404
2026-08-24,2026-06-01,2026-08-24,district,EAST UTTAR PRADESH,UTTAR PRADESH,SANT KABIR NAGAR,9.5,9.9,-5.0,N,363.0,755.7,-52.0,D,2026-08-25 06:49:41.535404
2026-08-24,2026-06-01,2026-08-24,district,EAST UTTAR PRADESH,UTTAR PRADESH,SHRAWASTI,4.8,9.0,-47.0,D,493.3,821.3,-40.0,D,2026-08-25 06:49:41.535404
2026-08-24,2026-06-01,2026-08-24,district,EAST UTTAR PRADESH,UTTAR PRADESH,SIDDHARTH NAGAR,0.4,9.2,-96.0,LD,507.4,780.7,-35.0,D,2026-08-25 06:49:41.535404
2026-08-24,2026-06-01,2026-08-24,district,EAST UTTAR PRADESH,UTTAR PRADESH,SITAPUR,1.0,8.6,-88.0,LD,333.2,601.0,-45.0,D,2026-08-25 06:49:41.535404
2026-08-24,2026-06-01,2026-08-24,district,EAST UTTAR PRADESH,UTTAR PRADESH,SONBHADRA,5.5,5.7,-3.0,N,539.8,633.4,-15.0,N,2026-08-25 06:49:41.535404
2026-08-24,2026-06-01,2026-08-24,district,EAST UTTAR PRADESH,UTTAR PRADESH,SULTANPUR,3.1,7.0,-56.0,D,473.8,590.2,-20.0,D,2026-08-25 06:49:41.535404
2026-08-24,2026-06-01,2026-08-24,district,EAST UTTAR PRADESH,UTTAR PRADESH,UNNAO,2.5,5.3,-53.0,D,293.8,461.9,-36.0,D,2026-08-25 06:49:41.535404
2026-08-24,2026-06-01,2026-08-24,district,EAST UTTAR PRADESH,UTTAR PRADESH,VARANASI,20.0,6.8,193.0,LE,431.7,567.7,-24.0,D,2026-08-25 06:49:41.535404
2026-08-24,2026-06-01,2026-08-24,district,GANGETIC WEST BENGAL,WEST BENGAL,BANKURA,10.4,4.8,117.0,LE,859.5,848.0,1.0,N,2026-08-25 06:49:41.535404
2026-08-24,2026-06-01,2026-08-24,district,GANGETIC WEST BENGAL,WEST BENGAL,BIRBHUM,1.9,6.1,-69.0,LD,629.6,813.4,-23.0,D,2026-08-25 06:49:41.535404
2026-08-24,2026-06-01,2026-08-24,district,GANGETIC WEST BENGAL,WEST BENGAL,EAST MIDNAPORE,5.9,4.7,25.0,E,1430.7,893.9,60.0,LE,2026-08-25 06:49:41.535404
2026-08-24,2026-06-01,2026-08-24,district,GANGETIC WEST BENGAL,WEST BENGAL,HOOGHLY,9.9,4.7,110.0,LE,803.3,766.8,5.0,N,2026-08-25 06:49:41.535404
2026-08-24,2026-06-01,2026-08-24,district,GANGETIC WEST BENGAL,WEST BENGAL,HOWRAH,3.0,5.0,-40.0,D,922.0,837.0,10.0,N,2026-08-25 06:49:41.535404
2026-08-24,2026-06-01,2026-08-24,district,GANGETIC WEST BENGAL,WEST BENGAL,JHARGRAM,7.1,6.2,15.0,N,821.2,847.5,-3.0,N,2026-08-25 06:49:41.535404
2026-08-24,2026-06-01,2026-08-24,district,GANGETIC WEST BENGAL,WEST BENGAL,KOLKATA,6.0,4.7,28.0,E,1082.4,959.7,13.0,N,2026-08-25 06:49:41.535404
2026-08-24,2026-06-01,2026-08-24,district,GANGETIC WEST BENGAL,WEST BENGAL,MURSHIDABAD,1.5,5.7,-74.0,LD,543.2,712.3,-24.0,D,2026-08-25 06:49:41.535404
2026-08-24,2026-06-01,2026-08-24,district,GANGETIC WEST BENGAL,WEST BENGAL,NADIA,5.3,4.9,7.0,N,539.5,685.4,-21.0,D,2026-08-25 06:49:41.535404
2026-08-24,2026-06-01,2026-08-24,district,GANGETIC WEST BENGAL,WEST BENGAL,NORTH 24 PARGANAS,9.9,6.0,65.0,LE,1051.1,842.3,25.0,E,2026-08-25 06:49:41.535404
2026-08-24,2026-06-01,2026-08-24,district,GANGETIC WEST BENGAL,WEST BENGAL,PASCHIM BARDHAMAN,15.4,7.9,96.0,LE,787.7,796.8,-1.0,N,2026-08-25 06:49:41.535404
2026-08-24,2026-06-01,2026-08-24,district,GANGETIC WEST BENGAL,WEST BENGAL,PURBA BARDHAMAN,3.1,7.8,-60.0,LD,697.8,756.8,-8.0,N,2026-08-25 06:49:41.535404
2026-08-24,2026-06-01,2026-08-24,district,GANGETIC WEST BENGAL,WEST BENGAL,PURULIA,12.4,7.0,77.0,LE,620.9,799.8,-22.0,D,2026-08-25 06:49:41.535404
2026-08-24,2026-06-01,2026-08-24,district,GANGETIC WEST BENGAL,WEST BENGAL,SOUTH 24 PARGANAS,4.9,7.6,-35.0,D,1245.9,1054.2,18.0,N,2026-08-25 06:49:41.535404
2026-08-24,2026-06-01,2026-08-24,district,GANGETIC WEST BENGAL,WEST BENGAL,WEST MIDNAPORE,24.5,6.2,295.0,LE,1225.3,847.5,45.0,E,2026-08-25 06:49:41.535404
2026-08-24,2026-06-01,2026-08-24,district,GUJARAT REGION,DADRA & NAGAR HAVELI AND DAMAN & DIU (UT),DADARA & NAGAR HAVELI,0.3,14.5,-98.0,LD,2881.1,1803.1,60.0,LE,2026-08-25 06:49:41.535404
2026-08-24,2026-06-01,2026-08-24,district,GUJARAT REGION,DADRA & NAGAR HAVELI AND DAMAN & DIU (UT),DAMAN,3.8,14.5,-74.0,LD,2653.0,1803.1,47.0,E,2026-08-25 06:49:41.535404
2026-08-24,2026-06-01,2026-08-24,district,GUJARAT REGION,GUJARAT,AHMEDABAD,0.0,11.7,-99.0,LD,539.6,512.6,5.0,N,2026-08-25 06:49:41.535404
2026-08-24,2026-06-01,2026-08-24,district,GUJARAT REGION,GUJARAT,ANAND,0.0,16.8,-100.0,NR,759.7,644.1,18.0,N,2026-08-25 06:49:41.535404
2026-08-24,2026-06-01,2026-08-24,district,GUJARAT REGION,GUJARAT,ARAVALLI,0.0,13.4,-100.0,NR,386.9,647.1,-40.0,D,2026-08-25 06:49:41.535404
2026-08-24,2026-06-01,2026-08-24,district,GUJARAT REGION,GUJARAT,BANASKANTHA,0.0,7.3,-100.0,NR,379.3,467.0,-19.0,N,2026-08-25 06:49:41.535404
2026-08-24,2026-06-01,2026-08-24,district,GUJARAT REGION,GUJARAT,BHARUCH,0.0,5.9,-100.0,NR,747.1,558.2,34.0,E,2026-08-25 06:49:41.535404
2026-08-24,2026-06-01,2026-08-24,district,GUJARAT REGION,GUJARAT,CHHOTA UDEPUR,0.8,12.6,-93.0,LD,595.7,752.4,-21.0,D,2026-08-25 06:49:41.535404
2026-08-24,2026-06-01,2026-08-24,district,GUJARAT REGION,GUJARAT,DAHOD,4.0,15.9,-75.0,LD,368.3,599.8,-39.0,D,2026-08-25 06:49:41.535404
2026-08-24,2026-06-01,2026-08-24,district,GUJARAT REGION,GUJARAT,DANGS,4.8,25.9,-82.0,LD,2306.0,1745.1,32.0,E,2026-08-25 06:49:41.535404
2026-08-24,2026-06-01,2026-08-24,district,GUJARAT REGION,GUJARAT,GANDHINAGAR,0.0,9.7,-100.0,NR,469.3,587.1,-20.0,D,2026-08-25 06:49:41.535404
2026-08-24,2026-06-01,2026-08-24,district,GUJARAT REGION,GUJARAT,KHEDA,1.0,14.1,-93.0,LD,866.9,628.9,38.0,E,2026-08-25 06:49:41.535404
2026-08-24,2026-06-01,2026-08-24,district,GUJARAT REGION,GUJARAT,MAHISAGAR,7.7,14.6,-47.0,D,682.2,622.9,10.0,N,2026-08-25 06:49:41.535404
2026-08-24,2026-06-01,2026-08-24,district,GUJARAT REGION,GUJARAT,MEHSANA,0.0,9.6,-100.0,NR,448.4,541.9,-17.0,N,2026-08-25 06:49:41.535404
2026-08-24,2026-06-01,2026-08-24,district,GUJARAT REGION,GUJARAT,NARMADA,0.7,12.8,-95.0,LD,866.4,805.1,8.0,N,2026-08-25 06:49:41.535404
2026-08-24,2026-06-01,2026-08-24,district,GUJARAT REGION,GUJARAT,NAVSARI,1.8,10.8,-83.0,LD,2246.5,1446.8,55.0,E,2026-08-25 06:49:41.535404
2026-08-24,2026-06-01,2026-08-24,district,GUJARAT REGION,GUJARAT,PANCHMAHAL,0.0,20.5,-100.0,NR,698.3,713.2,-2.0,N,2026-08-25 06:49:41.535404
2026-08-24,2026-06-01,2026-08-24,district,GUJARAT REGION,GUJARAT,PATAN,0.0,8.7,-100.0,NR,406.7,434.3,-6.0,N,2026-08-25 06:49:41.535404
2026-08-24,2026-06-01,2026-08-24,district,GUJARAT REGION,GUJARAT,SABARKANTHA,0.0,7.8,-100.0,NR,410.2,646.3,-37.0,D,2026-08-25 06:49:41.535404
2026-08-24,2026-06-01,2026-08-24,district,GUJARAT REGION,GUJARAT,SURAT,0.4,9.8,-96.0,LD,1460.0,1011.9,44.0,E,2026-08-25 06:49:41.535404
2026-08-24,2026-06-01,2026-08-24,district,GUJARAT REGION,GUJARAT,TAPI,1.3,14.2,-91.0,LD,1297.1,1096.7,18.0,N,2026-08-25 06:49:41.535404
2026-08-24,2026-06-01,2026-08-24,district,GUJARAT REGION,GUJARAT,VADODARA,0.0,11.5,-100.0,NR,528.8,686.0,-23.0,D,2026-08-25 06:49:41.535404
2026-08-24,2026-06-01,2026-08-24,district,GUJARAT REGION,GUJARAT,VALSAD,2.0,14.4,-86.0,LD,2680.9,1640.3,63.0,LE,2026-08-25 06:49:41.535404
2026-08-24,2026-06-01,2026-08-24,district,HAR. CHD & DELHI,CHANDIGARH (UT),CHANDIGARH,0.6,7.0,-92.0,LD,555.4,665.1,-16.0,N,2026-08-25 06:49:41.535404
2026-08-24,2026-06-01,2026-08-24,district,HAR. CHD & DELHI,DELHI,CENTRAL DELHI,0.4,4.9,-92.0,LD,575.7,500.8,15.0,N,2026-08-25 06:49:41.535404
2026-08-24,2026-06-01,2026-08-24,district,HAR. CHD & DELHI,DELHI,EAST DELHI,0.0,4.9,-100.0,NR,493.7,500.8,-1.0,N,2026-08-25 06:49:41.535404
2026-08-24,2026-06-01,2026-08-24,district,HAR. CHD & DELHI,DELHI,NEW DELHI,8.6,7.3,18.0,N,427.8,474.9,-10.0,N,2026-08-25 06:49:41.535404
2026-08-24,2026-06-01,2026-08-24,district,HAR. CHD & DELHI,DELHI,NORTH EAST DELHI,0.0,4.9,-100.0,NR,436.6,500.8,-13.0,N,2026-08-25 06:49:41.535404
2026-08-24,2026-06-01,2026-08-24,district,HAR. CHD & DELHI,DELHI,NORTH WEST DELHI,0.5,7.6,-93.0,LD,339.3,301.1,13.0,N,2026-08-25 06:49:41.535404
2026-08-24,2026-06-01,2026-08-24,district,HAR. CHD & DELHI,DELHI,SOUTH DELHI,1.7,4.9,-65.0,LD,452.1,500.8,-10.0,N,2026-08-25 06:49:41.535404
2026-08-24,2026-06-01,2026-08-24,district,HAR. CHD & DELHI,DELHI,SOUTH EAST DELHI,2.0,4.9,-59.0,D,517.5,500.8,3.0,N,2026-08-25 06:49:41.535404
2026-08-24,2026-06-01,2026-08-24,district,HAR. CHD & DELHI,DELHI,SOUTH WEST DELHI,4.5,10.0,-55.0,D,359.5,412.1,-13.0,N,2026-08-25 06:49:41.535404
2026-08-24,2026-06-01,2026-08-24,district,HAR. CHD & DELHI,DELHI,WEST DELHI,20.3,9.3,118.0,LE,518.3,451.6,15.0,N,2026-08-25 06:49:41.535404
2026-08-24,2026-06-01,2026-08-24,district,HAR. CHD & DELHI,HARYANA,AMBALA,0.0,7.7,-99.0,LD,327.2,632.4,-48.0,D,2026-08-25 06:49:41.535404
2026-08-24,2026-06-01,2026-08-24,district,HAR. CHD & DELHI,HARYANA,BHIWANI,0.0,3.7,-100.0,NR,260.5,228.7,14.0,N,2026-08-25 06:49:41.535404
2026-08-24,2026-06-01,2026-08-24,district,HAR. CHD & DELHI,HARYANA,CHARKHI DADRI,0.0,4.1,-100.0,NR,325.3,313.6,4.0,N,2026-08-25 06:49:41.535404
2026-08-24,2026-06-01,2026-08-24,district,HAR. CHD & DELHI,HARYANA,FARIDABAD,0.0,8.1,-100.0,NR,448.3,407.8,10.0,N,2026-08-25 06:49:41.535404
2026-08-24,2026-06-01,2026-08-24,district,HAR. CHD & DELHI,HARYANA,FATEHABAD,0.0,2.5,-100.0,NR,206.2,198.5,4.0,N,2026-08-25 06:49:41.535404
2026-08-24,2026-06-01,2026-08-24,district,HAR. CHD & DELHI,HARYANA,GURGAON,0.0,6.8,-100.0,NR,363.7,373.8,-3.0,N,2026-08-25 06:49:41.535404
2026-08-24,2026-06-01,2026-08-24,district,HAR. CHD & DELHI,HARYANA,HISAR,0.0,1.6,-100.0,NR,197.9,227.6,-13.0,N,2026-08-25 06:49:41.535404
2026-08-24,2026-06-01,2026-08-24,district,HAR. CHD & DELHI,HARYANA,JHAJJAR,0.3,3.3,-91.0,LD,282.7,285.9,-1.0,N,2026-08-25 06:49:41.535404
2026-08-24,2026-06-01,2026-08-24,district,HAR. CHD & DELHI,HARYANA,JIND,0.0,3.1,-100.0,NR,133.9,289.5,-54.0,D,2026-08-25 06:49:41.535404
2026-08-24,2026-06-01,2026-08-24,district,HAR. CHD & DELHI,HARYANA,KAITHAL,0.0,4.9,-100.0,NR,150.0,276.0,-46.0,D,2026-08-25 06:49:41.535404
2026-08-24,2026-06-01,2026-08-24,district,HAR. CHD & DELHI,HARYANA,KARNAL,0.1,10.1,-99.0,LD,244.6,390.1,-37.0,D,2026-08-25 06:49:41.535404
2026-08-24,2026-06-01,2026-08-24,district,HAR. CHD & DELHI,HARYANA,KURUKSHETRA,1.2,5.1,-77.0,LD,346.6,305.2,14.0,N,2026-08-25 06:49:41.535404
2026-08-24,2026-06-01,2026-08-24,district,HAR. CHD & DELHI,HARYANA,MAHENDRAGARH,0.4,3.9,-91.0,LD,286.0,316.1,-10.0,N,2026-08-25 06:49:41.535404
2026-08-24,2026-06-01,2026-08-24,district,HAR. CHD & DELHI,HARYANA,NUH,22.8,6.9,230.0,LE,362.3,352.4,3.0,N,2026-08-25 06:49:41.535404
2026-08-24,2026-06-01,2026-08-24,district,HAR. CHD & DELHI,HARYANA,PALWAL,2.3,5.0,-54.0,D,340.7,299.4,14.0,N,2026-08-25 06:49:41.535404
2026-08-24,2026-06-01,2026-08-24,district,HAR. CHD & DELHI,HARYANA,PANCHKULA,8.4,9.1,-8.0,N,380.3,658.7,-42.0,D,2026-08-25 06:49:41.535404
2026-08-24,2026-06-01,2026-08-24,district,HAR. CHD & DELHI,HARYANA,PANIPAT,1.5,8.2,-82.0,LD,273.6,332.1,-18.0,N,2026-08-25 06:49:41.535404
2026-08-24,2026-06-01,2026-08-24,district,HAR. CHD & DELHI,HARYANA,REWARI,3.0,3.4,-11.0,N,328.2,330.7,-1.0,N,2026-08-25 06:49:41.535404
2026-08-24,2026-06-01,2026-08-24,district,HAR. CHD & DELHI,HARYANA,ROHTAK,0.4,9.2,-96.0,LD,217.3,354.9,-39.0,D,2026-08-25 06:49:41.535404
2026-08-24,2026-06-01,2026-08-24,district,HAR. CHD & DELHI,HARYANA,SIRSA,0.0,1.3,-100.0,NR,86.0,166.9,-48.0,D,2026-08-25 06:49:41.535404
2026-08-24,2026-06-01,2026-08-24,district,HAR. CHD & DELHI,HARYANA,SONEPAT,2.9,7.0,-58.0,D,254.8,351.8,-28.0,D,2026-08-25 06:49:41.535404
2026-08-24,2026-06-01,2026-08-24,district,HAR. CHD & DELHI,HARYANA,YAMUNA NAGAR,3.8,11.5,-67.0,LD,651.7,702.5,-7.0,N,2026-08-25 06:49:41.535404
2026-08-24,2026-06-01,2026-08-24,district,HIMACHAL PRADESH,HIMACHAL PRADESH,BILASPUR,13.5,6.4,110.0,LE,646.8,630.6,3.0,N,2026-08-25 06:49:41.535404
2026-08-24,2026-06-01,2026-08-24,district,HIMACHAL PRADESH,HIMACHAL PRADESH,CHAMBA,0.0,7.1,-100.0,NR,635.1,675.8,-6.0,N,2026-08-25 06:49:41.535404
2026-08-24,2026-06-01,2026-08-24,district,HIMACHAL PRADESH,HIMACHAL PRADESH,HAMIRPUR,11.4,13.6,-16.0,N,505.3,776.0,-35.0,D,2026-08-25 06:49:41.535404
2026-08-24,2026-06-01,2026-08-24,district,HIMACHAL PRADESH,HIMACHAL PRADESH,KANGRA,23.1,16.6,39.0,E,1229.6,1301.4,-6.0,N,2026-08-25 06:49:41.535404
2026-08-24,2026-06-01,2026-08-24,district,HIMACHAL PRADESH,HIMACHAL PRADESH,KINNAUR,0.1,2.5,-97.0,LD,198.2,171.8,15.0,N,2026-08-25 06:49:41.535404
2026-08-24,2026-06-01,2026-08-24,district,HIMACHAL PRADESH,HIMACHAL PRADESH,KULLU,0.4,3.6,-90.0,LD,473.5,422.3,12.0,N,2026-08-25 06:49:41.535404
2026-08-24,2026-06-01,2026-08-24,district,HIMACHAL PRADESH,HIMACHAL PRADESH,LAHAUL & SPITI,0.4,4.8,-92.0,LD,110.4,273.1,-60.0,LD,2026-08-25 06:49:41.535404
2026-08-24,2026-06-01,2026-08-24,district,HIMACHAL PRADESH,HIMACHAL PRADESH,MANDI,12.3,8.4,47.0,E,813.4,893.4,-9.0,N,2026-08-25 06:49:41.535404
2026-08-24,2026-06-01,2026-08-24,district,HIMACHAL PRADESH,HIMACHAL PRADESH,SHIMLA,1.4,4.3,-67.0,LD,629.3,486.0,29.0,E,2026-08-25 06:49:41.535404
2026-08-24,2026-06-01,2026-08-24,district,HIMACHAL PRADESH,HIMACHAL PRADESH,SIRMAUR,12.8,11.0,17.0,N,1022.5,935.4,9.0,N,2026-08-25 06:49:41.535404
2026-08-24,2026-06-01,2026-08-24,district,HIMACHAL PRADESH,HIMACHAL PRADESH,SOLAN,5.9,6.2,-6.0,N,683.7,681.0,0.0,N,2026-08-25 06:49:41.535404
2026-08-24,2026-06-01,2026-08-24,district,HIMACHAL PRADESH,HIMACHAL PRADESH,UNA,10.8,6.5,66.0,LE,635.6,742.6,-14.0,N,2026-08-25 06:49:41.535404
2026-08-24,2026-06-01,2026-08-24,district,J & K AND LADAKH,JAMMU & KASHMIR(UT),ANANTNAG,1.6,1.7,-7.0,N,277.9,240.7,15.0,N,2026-08-25 06:49:41.535404
2026-08-24,2026-06-01,2026-08-24,district,J & K AND LADAKH,JAMMU & KASHMIR(UT),BADGAM,0.0,0.8,-100.0,NR,127.9,159.0,-20.0,D,2026-08-25 06:49:41.535404
2026-08-24,2026-06-01,2026-08-24,district,J & K AND LADAKH,JAMMU & KASHMIR(UT),BANDIPORA,0.0,1.2,-100.0,NR,192.2,167.2,15.0,N,2026-08-25 06:49:41.535404
2026-08-24,2026-06-01,2026-08-24,district,J & K AND LADAKH,JAMMU & KASHMIR(UT),BARAMULA,0.0,2.0,-100.0,NR,269.7,162.3,66.0,LE,2026-08-25 06:49:41.535404
2026-08-24,2026-06-01,2026-08-24,district,J & K AND LADAKH,JAMMU & KASHMIR(UT),DODA,6.5,4.3,51.0,E,349.2,322.5,8.0,N,2026-08-25 06:49:41.535404
2026-08-24,2026-06-01,2026-08-24,district,J & K AND LADAKH,JAMMU & KASHMIR(UT),GANDERBAL,2.3,0.3,678.0,LE,302.8,196.8,54.0,E,2026-08-25 06:49:41.535404
2026-08-24,2026-06-01,2026-08-24,district,J & K AND LADAKH,JAMMU & KASHMIR(UT),JAMMU,0.0,18.9,-100.0,NR,693.9,762.0,-9.0,N,2026-08-25 06:49:41.535404
2026-08-24,2026-06-01,2026-08-24,district,J & K AND LADAKH,JAMMU & KASHMIR(UT),KATHUA,20.3,13.4,51.0,E,888.1,988.6,-10.0,N,2026-08-25 06:49:41.535404
2026-08-24,2026-06-01,2026-08-24,district,J & K AND LADAKH,JAMMU & KASHMIR(UT),KISTWAR,3.8,4.3,-13.0,N,169.3,322.5,-48.0,D,2026-08-25 06:49:41.535404
2026-08-24,2026-06-01,2026-08-24,district,J & K AND LADAKH,JAMMU & KASHMIR(UT),KULGAM,0.0,2.2,-100.0,NR,260.4,241.5,8.0,N,2026-08-25 06:49:41.535404
2026-08-24,2026-06-01,2026-08-24,district,J & K AND LADAKH,JAMMU & KASHMIR(UT),KUPWARA,0.0,1.9,-100.0,NR,209.7,201.4,4.0,N,2026-08-25 06:49:41.535404
2026-08-24,2026-06-01,2026-08-24,district,J & K AND LADAKH,JAMMU & KASHMIR(UT),POONCH,0.0,3.6,-100.0,NR,732.8,520.9,41.0,E,2026-08-25 06:49:41.535404
2026-08-24,2026-06-01,2026-08-24,district,J & K AND LADAKH,JAMMU & KASHMIR(UT),PULWAMA,0.0,1.7,-100.0,NR,234.1,145.8,61.0,LE,2026-08-25 06:49:41.535404
2026-08-24,2026-06-01,2026-08-24,district,J & K AND LADAKH,JAMMU & KASHMIR(UT),RAJOURI,0.0,3.8,-100.0,NR,582.3,522.5,11.0,N,2026-08-25 06:49:41.535404
2026-08-24,2026-06-01,2026-08-24,district,J & K AND LADAKH,JAMMU & KASHMIR(UT),RAMBAN,1.1,2.7,-58.0,D,442.6,305.6,45.0,E,2026-08-25 06:49:41.535404
2026-08-24,2026-06-01,2026-08-24,district,J & K AND LADAKH,JAMMU & KASHMIR(UT),REASI,0.0,23.5,-100.0,NR,1013.8,1254.4,-19.0,N,2026-08-25 06:49:41.535404
2026-08-24,2026-06-01,2026-08-24,district,J & K AND LADAKH,JAMMU & KASHMIR(UT),SAMBA,0.0,13.7,-100.0,NR,924.0,627.6,47.0,E,2026-08-25 06:49:41.535404
2026-08-24,2026-06-01,2026-08-24,district,J & K AND LADAKH,JAMMU & KASHMIR(UT),SHOPIAN,0.0,0.3,-100.0,NR,117.0,223.3,-48.0,D,2026-08-25 06:49:41.535404
2026-08-24,2026-06-01,2026-08-24,district,J & K AND LADAKH,JAMMU & KASHMIR(UT),SRINAGAR,0.0,1.5,-100.0,NR,226.3,182.8,24.0,E,2026-08-25 06:49:41.535404
2026-08-24,2026-06-01,2026-08-24,district,J & K AND LADAKH,JAMMU & KASHMIR(UT),UDHAMPUR,0.5,18.4,-97.0,LD,1256.2,775.3,62.0,LE,2026-08-25 06:49:41.535404
2026-08-24,2026-06-01,2026-08-24,district,J & K AND LADAKH,LADAKH (UT),LADAKH (LEH),0.0,0.0,-100.0,NR,57.8,18.9,202.0,LE,2026-08-25 06:49:41.535404
2026-08-24,2026-06-01,2026-08-24,district,JHARKHAND,JHARKHAND,BOKARO,17.5,4.7,273.0,LE,512.4,664.4,-23.0,D,2026-08-25 06:49:41.535404
2026-08-24,2026-06-01,2026-08-24,district,JHARKHAND,JHARKHAND,CHATRA,0.9,6.9,-87.0,LD,445.8,689.0,-35.0,D,2026-08-25 06:49:41.535404
2026-08-24,2026-06-01,2026-08-24,district,JHARKHAND,JHARKHAND,DEOGHAR,2.1,8.9,-76.0,LD,343.2,701.6,-51.0,D,2026-08-25 06:49:41.535404
2026-08-24,2026-06-01,2026-08-24,district,JHARKHAND,JHARKHAND,DHANBAD,17.7,7.9,124.0,LE,674.3,761.1,-11.0,N,2026-08-25 06:49:41.535404
2026-08-24,2026-06-01,2026-08-24,district,JHARKHAND,JHARKHAND,DUMKA,0.0,7.1,-100.0,NR,654.2,740.9,-12.0,N,2026-08-25 06:49:41.535404
2026-08-24,2026-06-01,2026-08-24,district,JHARKHAND,JHARKHAND,EAST SINGHBHUM,8.9,4.4,101.0,LE,740.5,796.9,-7.0,N,2026-08-25 06:49:41.535404
2026-08-24,2026-06-01,2026-08-24,district,JHARKHAND,JHARKHAND,GIRIDIH,8.3,6.9,20.0,E,404.2,700.2,-42.0,D,2026-08-25 06:49:41.535404
2026-08-24,2026-06-01,2026-08-24,district,JHARKHAND,JHARKHAND,GODDA,1.3,10.0,-87.0,LD,435.1,646.4,-33.0,D,2026-08-25 06:49:41.535404
2026-08-24,2026-06-01,2026-08-24,district,JHARKHAND,JHARKHAND,GUMLA,13.7,3.9,251.0,LE,578.8,779.5,-26.0,D,2026-08-25 06:49:41.535404
2026-08-24,2026-06-01,2026-08-24,district,JHARKHAND,JHARKHAND,HAZARIBAG,11.2,6.3,78.0,LE,531.1,763.0,-30.0,D,2026-08-25 06:49:41.535404
2026-08-24,2026-06-01,2026-08-24,district,JHARKHAND,JHARKHAND,JAMTARA,0.8,8.8,-91.0,LD,591.6,778.6,-24.0,D,2026-08-25 06:49:41.535404
2026-08-24,2026-06-01,2026-08-24,district,JHARKHAND,JHARKHAND,KHUNTI,13.4,5.8,131.0,LE,829.0,806.3,3.0,N,2026-08-25 06:49:41.535404
2026-08-24,2026-06-01,2026-08-24,district,JHARKHAND,JHARKHAND,KODERMA,7.1,4.5,59.0,E,334.4,634.6,-47.0,D,2026-08-25 06:49:41.535404
2026-08-24,2026-06-01,2026-08-24,district,JHARKHAND,JHARKHAND,LATEHAR,39.4,5.3,643.0,LE,790.4,756.6,4.0,N,2026-08-25 06:49:41.535404
2026-08-24,2026-06-01,2026-08-24,district,JHARKHAND,JHARKHAND,LOHARDAGA,21.6,5.8,272.0,LE,696.3,733.3,-5.0,N,2026-08-25 06:49:41.535404
2026-08-24,2026-06-01,2026-08-24,district,JHARKHAND,JHARKHAND,PAKUR,0.0,12.1,-100.0,NR,337.7,839.2,-60.0,LD,2026-08-25 06:49:41.535404
2026-08-24,2026-06-01,2026-08-24,district,JHARKHAND,JHARKHAND,PALAMU,17.1,6.2,176.0,LE,438.8,611.6,-28.0,D,2026-08-25 06:49:41.535404
2026-08-24,2026-06-01,2026-08-24,district,JHARKHAND,JHARKHAND,RAMGARH,13.7,5.9,132.0,LE,649.3,748.1,-13.0,N,2026-08-25 06:49:41.535404
2026-08-24,2026-06-01,2026-08-24,district,JHARKHAND,JHARKHAND,RANCHI,16.3,5.8,182.0,LE,717.0,761.5,-6.0,N,2026-08-25 06:49:41.535404
2026-08-24,2026-06-01,2026-08-24,district,JHARKHAND,JHARKHAND,SERAIKELA-KHARSAWAN,35.1,6.7,424.0,LE,799.9,740.1,8.0,N,2026-08-25 06:49:41.535404
2026-08-24,2026-06-01,2026-08-24,district,JHARKHAND,JHARKHAND,SIMDEGA,35.5,6.1,481.0,LE,1003.8,963.2,4.0,N,2026-08-25 06:49:41.535404
2026-08-24,2026-06-01,2026-08-24,district,JHARKHAND,JHARKHAND,WEST SINGHBHUM,52.6,5.5,856.0,LE,1008.6,749.7,35.0,E,2026-08-25 06:49:41.535404
2026-08-24,2026-06-01,2026-08-24,district,KERALA & MAHE,KERALA,ALAPUZHA,12.1,8.5,43.0,E,972.4,1306.1,-26.0,D,2026-08-25 06:49:41.535404
2026-08-24,2026-06-01,2026-08-24,district,KERALA & MAHE,KERALA,ERNAKULAM,33.5,10.9,207.0,LE,1338.9,1720.5,-22.0,D,2026-08-25 06:49:41.535404
2026-08-24,2026-06-01,2026-08-24,district,KERALA & MAHE,KERALA,IDUKKI,31.5,16.4,92.0,LE,1149.6,2092.5,-45.0,D,2026-08-25 06:49:41.535404
2026-08-24,2026-06-01,2026-08-24,district,KERALA & MAHE,KERALA,KANNUR,37.4,15.0,149.0,LE,2085.4,2256.1,-8.0,N,2026-08-25 06:49:41.535404
2026-08-24,2026-06-01,2026-08-24,district,KERALA & MAHE,KERALA,KASARGOD,36.3,16.5,120.0,LE,2102.0,2467.2,-15.0,N,2026-08-25 06:49:41.535404
2026-08-24,2026-06-01,2026-08-24,district,KERALA & MAHE,KERALA,KOLLAM,21.9,8.1,171.0,LE,693.5,974.6,-29.0,D,2026-08-25 06:49:41.535404
2026-08-24,2026-06-01,2026-08-24,district,KERALA & MAHE,KERALA,KOTTAYAM,10.1,9.2,10.0,N,1428.4,1538.8,-7.0,N,2026-08-25 06:49:41.535404
2026-08-24,2026-06-01,2026-08-24,district,KERALA & MAHE,KERALA,KOZHIKODE,21.6,17.4,24.0,E,1910.2,2188.3,-13.0,N,2026-08-25 06:49:41.535404
2026-08-24,2026-06-01,2026-08-24,district,KERALA & MAHE,KERALA,MALAPPURAM,11.7,12.6,-7.0,N,1287.4,1638.6,-21.0,D,2026-08-25 06:49:41.535404
2026-08-24,2026-06-01,2026-08-24,district,KERALA & MAHE,KERALA,PALAKKAD,21.2,10.1,110.0,LE,966.9,1294.9,-25.0,D,2026-08-25 06:49:41.535404
2026-08-24,2026-06-01,2026-08-24,district,KERALA & MAHE,KERALA,PATHANAMTHITTA,12.1,6.7,80.0,LE,1235.1,1250.2,-1.0,N,2026-08-25 06:49:41.535404
2026-08-24,2026-06-01,2026-08-24,district,KERALA & MAHE,KERALA,THIRUVANANTHAPURAM,17.8,5.3,235.0,LE,630.7,632.5,0.0,N,2026-08-25 06:49:41.535404
2026-08-24,2026-06-01,2026-08-24,district,KERALA & MAHE,KERALA,THRISSUR,22.6,13.7,65.0,LE,1304.3,1767.3,-26.0,D,2026-08-25 06:49:41.535404
2026-08-24,2026-06-01,2026-08-24,district,KERALA & MAHE,KERALA,WYNAD,24.7,12.9,91.0,LE,1045.0,2114.7,-51.0,D,2026-08-25 06:49:41.535404
2026-08-24,2026-06-01,2026-08-24,district,KERALA & MAHE,PUDUCHERRY (UT),MAHE,19.6,10.9,80.0,LE,1619.4,2052.0,-21.0,D,2026-08-25 06:49:41.535404
2026-08-24,2026-06-01,2026-08-24,district,KONKAN & GOA,GOA,NORTH GOA,21.9,17.4,26.0,E,1619.0,2624.0,-38.0,D,2026-08-25 06:49:41.535404
2026-08-24,2026-06-01,2026-08-24,district,KONKAN & GOA,GOA,SOUTH GOA,13.4,15.2,-12.0,N,1796.4,2507.7,-28.0,D,2026-08-25 06:49:41.535404
2026-08-24,2026-06-01,2026-08-24,district,KONKAN & GOA,MAHARASHTRA,MUMBAI CITY,5.6,12.0,-53.0,D,1766.4,1648.1,7.0,N,2026-08-25 06:49:41.535404
2026-08-24,2026-06-01,2026-08-24,district,KONKAN & GOA,MAHARASHTRA,MUMBAI SUBURBAN,9.0,12.7,-29.0,D,2214.2,1834.8,21.0,E,2026-08-25 06:49:41.535404
2026-08-24,2026-06-01,2026-08-24,district,KONKAN & GOA,MAHARASHTRA,PALGHAR,2.0,13.6,-85.0,LD,2442.7,1823.7,34.0,E,2026-08-25 06:49:41.535404
2026-08-24,2026-06-01,2026-08-24,district,KONKAN & GOA,MAHARASHTRA,RAIGAD,7.2,20.5,-65.0,LD,2688.9,2525.1,6.0,N,2026-08-25 06:49:41.535404
2026-08-24,2026-06-01,2026-08-24,district,KONKAN & GOA,MAHARASHTRA,RATNAGIRI,7.0,16.6,-58.0,D,2337.0,2622.2,-11.0,N,2026-08-25 06:49:41.535404
2026-08-24,2026-06-01,2026-08-24,district,KONKAN & GOA,MAHARASHTRA,SINDHUDURG,18.9,16.6,14.0,N,1662.7,2467.7,-33.0,D,2026-08-25 06:49:41.535404
2026-08-24,2026-06-01,2026-08-24,district,KONKAN & GOA,MAHARASHTRA,THANE,2.2,17.3,-88.0,LD,1967.6,1958.7,0.0,N,2026-08-25 06:49:41.535404
2026-08-24,2026-06-01,2026-08-24,district,LAKSHADWEEP,LAKSHADWEEP,LAKSHADWEEP,3.3,6.3,-47.0,D,589.3,803.0,-27.0,D,2026-08-25 06:49:41.535404
2026-08-24,2026-06-01,2026-08-24,district,MADHYA MAHARASHTRA,MAHARASHTRA,AHMEDNAGAR,0.4,4.6,-91.0,LD,212.9,277.0,-23.0,D,2026-08-25 06:49:41.535404
2026-08-24,2026-06-01,2026-08-24,district,MADHYA MAHARASHTRA,MAHARASHTRA,DHULE,0.4,4.8,-91.0,LD,384.1,393.3,-2.0,N,2026-08-25 06:49:41.535404
2026-08-24,2026-06-01,2026-08-24,district,MADHYA MAHARASHTRA,MAHARASHTRA,JALGAON,0.0,7.0,-100.0,NR,468.9,455.8,3.0,N,2026-08-25 06:49:41.535404
2026-08-24,2026-06-01,2026-08-24,district,MADHYA MAHARASHTRA,MAHARASHTRA,KOLHAPUR,11.2,9.6,16.0,N,1360.1,1426.8,-5.0,N,2026-08-25 06:49:41.535404
2026-08-24,2026-06-01,2026-08-24,district,MADHYA MAHARASHTRA,MAHARASHTRA,NANDURBAR,0.2,11.1,-98.0,LD,418.1,637.7,-34.0,D,2026-08-25 06:49:41.535404
2026-08-24,2026-06-01,2026-08-24,district,MADHYA MAHARASHTRA,MAHARASHTRA,NASHIK,1.4,6.3,-78.0,LD,1083.1,664.7,63.0,LE,2026-08-25 06:49:41.535404
2026-08-24,2026-06-01,2026-08-24,district,MADHYA MAHARASHTRA,MAHARASHTRA,PUNE,1.5,6.4,-76.0,LD,982.6,720.2,36.0,E,2026-08-25 06:49:41.535404
2026-08-24,2026-06-01,2026-08-24,district,MADHYA MAHARASHTRA,MAHARASHTRA,SANGLI,1.4,2.5,-43.0,D,297.2,329.3,-10.0,N,2026-08-25 06:49:41.535404
2026-08-24,2026-06-01,2026-08-24,district,MADHYA MAHARASHTRA,MAHARASHTRA,SATARA,5.4,3.8,42.0,E,882.9,652.5,35.0,E,2026-08-25 06:49:41.535404
2026-08-24,2026-06-01,2026-08-24,district,MADHYA MAHARASHTRA,MAHARASHTRA,SHOLAPUR,1.5,3.9,-60.0,LD,154.1,263.7,-42.0,D,2026-08-25 06:49:41.535404
2026-08-24,2026-06-01,2026-08-24,district,MARATHWADA,MAHARASHTRA,BEED,0.3,5.0,-95.0,LD,204.1,349.2,-42.0,D,2026-08-25 06:49:41.535404
2026-08-24,2026-06-01,2026-08-24,district,MARATHWADA,MAHARASHTRA,CHHATRAPATI SAMBHAJINAGAR,0.1,5.2,-98.0,LD,415.2,375.7,11.0,N,2026-08-25 06:49:41.535404
2026-08-24,2026-06-01,2026-08-24,district,MARATHWADA,MAHARASHTRA,DHARASHIV,2.2,6.5,-67.0,LD,265.2,362.2,-27.0,D,2026-08-25 06:49:41.535404
2026-08-24,2026-06-01,2026-08-24,district,MARATHWADA,MAHARASHTRA,HINGOLI,9.2,6.3,46.0,E,329.5,572.2,-42.0,D,2026-08-25 06:49:41.535404
2026-08-24,2026-06-01,2026-08-24,district,MARATHWADA,MAHARASHTRA,JALNA,0.4,5.1,-93.0,LD,272.6,408.3,-33.0,D,2026-08-25 06:49:41.535404
2026-08-24,2026-06-01,2026-08-24,district,MARATHWADA,MAHARASHTRA,LATUR,20.5,8.5,142.0,LE,337.9,444.2,-24.0,D,2026-08-25 06:49:41.535404
2026-08-24,2026-06-01,2026-08-24,district,MARATHWADA,MAHARASHTRA,NANDED,12.9,7.2,79.0,LE,436.9,572.2,-24.0,D,2026-08-25 06:49:41.535404
2026-08-24,2026-06-01,2026-08-24,district,MARATHWADA,MAHARASHTRA,PARBHANI,4.3,7.6,-44.0,D,346.5,479.0,-28.0,D,2026-08-25 06:49:41.535404
2026-08-24,2026-06-01,2026-08-24,district,N. I. KARNATAKA,KARNATAKA,BAGALKOTE,4.2,3.7,14.0,N,200.4,202.9,-1.0,N,2026-08-25 06:49:41.535404
2026-08-24,2026-06-01,2026-08-24,district,N. I. KARNATAKA,KARNATAKA,BELAGAVI,3.8,3.0,27.0,E,524.4,435.7,20.0,E,2026-08-25 06:49:41.535404
2026-08-24,2026-06-01,2026-08-24,district,N. I. KARNATAKA,KARNATAKA,BIDAR,30.0,9.4,219.0,LE,388.8,433.4,-10.0,N,2026-08-25 06:49:41.535404
2026-08-24,2026-06-01,2026-08-24,district,N. I. KARNATAKA,KARNATAKA,DHARWAD,4.5,2.7,65.0,LE,228.6,381.5,-40.0,D,2026-08-25 06:49:41.535404
2026-08-24,2026-06-01,2026-08-24,district,N. I. KARNATAKA,KARNATAKA,GADAG,4.6,2.9,59.0,E,188.4,212.4,-11.0,N,2026-08-25 06:49:41.535404
2026-08-24,2026-06-01,2026-08-24,district,N. I. KARNATAKA,KARNATAKA,HAVERI,1.8,3.5,-49.0,D,258.0,375.2,-31.0,D,2026-08-25 06:49:41.535404
2026-08-24,2026-06-01,2026-08-24,district,N. I. KARNATAKA,KARNATAKA,KALABURAGI,10.0,4.5,122.0,LE,197.0,363.2,-46.0,D,2026-08-25 06:49:41.535404
2026-08-24,2026-06-01,2026-08-24,district,N. I. KARNATAKA,KARNATAKA,KOPPAL,10.1,6.0,68.0,LE,162.3,214.3,-24.0,D,2026-08-25 06:49:41.535404
2026-08-24,2026-06-01,2026-08-24,district,N. I. KARNATAKA,KARNATAKA,RAICHUR,6.9,4.5,53.0,E,196.5,249.2,-21.0,D,2026-08-25 06:49:41.535404
2026-08-24,2026-06-01,2026-08-24,district,N. I. KARNATAKA,KARNATAKA,VIJAYAPURA,4.8,3.4,41.0,E,173.0,216.4,-20.0,D,2026-08-25 06:49:41.535404
2026-08-24,2026-06-01,2026-08-24,district,N. I. KARNATAKA,KARNATAKA,YADGIR,9.2,4.3,114.0,LE,272.8,321.8,-15.0,N,2026-08-25 06:49:41.535404
2026-08-24,2026-06-01,2026-08-24,district,NMMT,MANIPUR,BISHNUPUR,0.0,8.1,-100.0,NR,359.9,857.5,-58.0,D,2026-08-25 06:49:41.535404
2026-08-24,2026-06-01,2026-08-24,district,NMMT,MANIPUR,CHANDEL,0.1,8.1,-99.0,LD,411.9,857.5,-52.0,D,2026-08-25 06:49:41.535404
2026-08-24,2026-06-01,2026-08-24,district,NMMT,MANIPUR,CHURACHANDPUR,0.0,8.1,-100.0,NR,192.0,857.5,-78.0,LD,2026-08-25 06:49:41.535404
2026-08-24,2026-06-01,2026-08-24,district,NMMT,MANIPUR,IMPHAL EAST,0.0,5.3,-100.0,NR,397.6,560.0,-29.0,D,2026-08-25 06:49:41.535404
2026-08-24,2026-06-01,2026-08-24,district,NMMT,MANIPUR,IMPHAL WEST,0.0,13.7,-100.0,NR,576.5,1280.4,-55.0,D,2026-08-25 06:49:41.535404
2026-08-24,2026-06-01,2026-08-24,district,NMMT,MANIPUR,SENAPATI,0.6,6.9,-91.0,LD,495.7,589.4,-16.0,N,2026-08-25 06:49:41.535404
2026-08-24,2026-06-01,2026-08-24,district,NMMT,MANIPUR,TAMENGLONG,5.2,8.8,-41.0,D,1452.4,3115.6,-53.0,D,2026-08-25 06:49:41.535404
2026-08-24,2026-06-01,2026-08-24,district,NMMT,MANIPUR,THOUBAL,0.0,5.3,-100.0,NR,255.9,560.0,-54.0,D,2026-08-25 06:49:41.535404
2026-08-24,2026-06-01,2026-08-24,district,NMMT,MANIPUR,UKHRUL,0.2,11.9,-98.0,LD,743.2,820.4,-9.0,N,2026-08-25 06:49:41.535404
2026-08-24,2026-06-01,2026-08-24,district,NMMT,MIZORAM,AIZAWL,10.1,15.2,-34.0,D,930.9,1152.8,-19.0,N,2026-08-25 06:49:41.535404
2026-08-24,2026-06-01,2026-08-24,district,NMMT,MIZORAM,CHAMPHAI,4.7,12.0,-61.0,LD,792.2,955.8,-17.0,N,2026-08-25 06:49:41.535404
2026-08-24,2026-06-01,2026-08-24,district,NMMT,MIZORAM,KOLASIB,17.1,17.9,-4.0,N,1105.3,1261.3,-12.0,N,2026-08-25 06:49:41.535404
2026-08-24,2026-06-01,2026-08-24,district,NMMT,MIZORAM,LAWNGTLAI,5.7,14.2,-60.0,LD,1138.9,1262.0,-10.0,N,2026-08-25 06:49:41.535404
2026-08-24,2026-06-01,2026-08-24,district,NMMT,MIZORAM,LUNGLEI,2.5,14.9,-83.0,LD,995.4,1272.5,-22.0,D,2026-08-25 06:49:41.535404
2026-08-24,2026-06-01,2026-08-24,district,NMMT,MIZORAM,MAMIT,19.5,18.5,5.0,N,641.2,1131.2,-43.0,D,2026-08-25 06:49:41.535404
2026-08-24,2026-06-01,2026-08-24,district,NMMT,MIZORAM,SAIHA,18.7,18.3,2.0,N,930.6,1287.9,-28.0,D,2026-08-25 06:49:41.535404
2026-08-24,2026-06-01,2026-08-24,district,NMMT,MIZORAM,SERCHHIP,5.6,13.2,-57.0,D,988.3,1112.9,-11.0,N,2026-08-25 06:49:41.535404
2026-08-24,2026-06-01,2026-08-24,district,NMMT,NAGALAND,DIMAPUR,15.0,5.4,177.0,LE,563.4,612.1,-8.0,N,2026-08-25 06:49:41.535404
2026-08-24,2026-06-01,2026-08-24,district,NMMT,NAGALAND,KIPHIRE,1.6,6.0,-73.0,LD,580.0,452.5,28.0,E,2026-08-25 06:49:41.535404
2026-08-24,2026-06-01,2026-08-24,district,NMMT,NAGALAND,KOHIMA,11.5,11.7,-2.0,N,824.6,890.6,-7.0,N,2026-08-25 06:49:41.535404
2026-08-24,2026-06-01,2026-08-24,district,NMMT,NAGALAND,MOKOKCHUNG,14.1,8.9,59.0,E,1167.6,1047.4,11.0,N,2026-08-25 06:49:41.535404
2026-08-24,2026-06-01,2026-08-24,district,NMMT,NAGALAND,MON,37.9,7.5,405.0,LE,606.2,839.6,-28.0,D,2026-08-25 06:49:41.535404
2026-08-24,2026-06-01,2026-08-24,district,NMMT,NAGALAND,PEREN,14.5,5.0,189.0,LE,659.9,661.5,0.0,N,2026-08-25 06:49:41.535404
2026-08-24,2026-06-01,2026-08-24,district,NMMT,NAGALAND,PHEK,12.6,9.3,35.0,E,555.9,629.8,-12.0,N,2026-08-25 06:49:41.535404
2026-08-24,2026-06-01,2026-08-24,district,NMMT,NAGALAND,WOKHA,62.4,8.2,661.0,LE,975.2,920.8,6.0,N,2026-08-25 06:49:41.535404
2026-08-24,2026-06-01,2026-08-24,district,NMMT,NAGALAND,ZUNHEBOTO,18.8,8.5,121.0,LE,1259.7,809.7,56.0,E,2026-08-25 06:49:41.535404
2026-08-24,2026-06-01,2026-08-24,district,NMMT,TRIPURA,DHALAI,3.2,13.4,-76.0,LD,925.4,1005.0,-8.0,N,2026-08-25 06:49:41.535404
2026-08-24,2026-06-01,2026-08-24,district,NMMT,TRIPURA,GOMATI,1.8,9.2,-81.0,LD,841.3,1082.5,-22.0,D,2026-08-25 06:49:41.535404
2026-08-24,2026-06-01,2026-08-24,district,NMMT,TRIPURA,KHOWAI,0.0,7.8,-100.0,NR,1010.0,989.4,2.0,N,2026-08-25 06:49:41.535404
2026-08-24,2026-06-01,2026-08-24,district,NMMT,TRIPURA,NORTH TRIPURA,3.4,14.3,-76.0,LD,830.7,1038.0,-20.0,D,2026-08-25 06:49:41.535404
2026-08-24,2026-06-01,2026-08-24,district,NMMT,TRIPURA,SIPAHIJALA,0.8,12.2,-94.0,LD,900.3,1017.8,-12.0,N,2026-08-25 06:49:41.535404
2026-08-24,2026-06-01,2026-08-24,district,NMMT,TRIPURA,SOUTH TRIPURA,0.1,7.5,-99.0,LD,892.2,1328.5,-33.0,D,2026-08-25 06:49:41.535404
2026-08-24,2026-06-01,2026-08-24,district,NMMT,TRIPURA,UNAKOTI,14.2,14.2,0.0,N,1040.2,1077.7,-3.0,N,2026-08-25 06:49:41.535404
2026-08-24,2026-06-01,2026-08-24,district,NMMT,TRIPURA,WEST TRIPURA,0.3,6.1,-95.0,LD,1043.6,913.9,14.0,N,2026-08-25 06:49:41.535404
2026-08-24,2026-06-01,2026-08-24,district,ODISHA,ODISHA,ANGUL,32.7,6.2,427.0,LE,1136.6,825.8,38.0,E,2026-08-25 06:49:41.535404
2026-08-24,2026-06-01,2026-08-24,district,ODISHA,ODISHA,BALANGIR,19.1,7.8,145.0,LE,1124.2,806.2,39.0,E,2026-08-25 06:49:41.535404
2026-08-24,2026-06-01,2026-08-24,district,ODISHA,ODISHA,BALASORE,35.5,4.9,625.0,LE,1383.1,842.9,64.0,LE,2026-08-25 06:49:41.535404
2026-08-24,2026-06-01,2026-08-24,district,ODISHA,ODISHA,BARGARH,43.3,7.9,448.0,LE,1485.0,894.7,66.0,LE,2026-08-25 06:49:41.535404
2026-08-24,2026-06-01,2026-08-24,district,ODISHA,ODISHA,BHADRAK,13.9,5.5,153.0,LE,1074.7,765.4,40.0,E,2026-08-25 06:49:41.535404
2026-08-24,2026-06-01,2026-08-24,district,ODISHA,ODISHA,BOUDH,17.9,6.1,193.0,LE,1485.4,757.7,96.0,LE,2026-08-25 06:49:41.535404
2026-08-24,2026-06-01,2026-08-24,district,ODISHA,ODISHA,CUTTACK,46.1,8.5,443.0,LE,1200.5,823.8,46.0,E,2026-08-25 06:49:41.535404
2026-08-24,2026-06-01,2026-08-24,district,ODISHA,ODISHA,DEOGARH,45.5,9.7,369.0,LE,1250.4,863.0,45.0,E,2026-08-25 06:49:41.535404
2026-08-24,2026-06-01,2026-08-24,district,ODISHA,ODISHA,DHENKANAL,22.5,6.4,252.0,LE,1297.8,805.8,61.0,LE,2026-08-25 06:49:41.535404
2026-08-24,2026-06-01,2026-08-24,district,ODISHA,ODISHA,GAJAPATI,11.9,4.9,142.0,LE,527.5,622.6,-15.0,N,2026-08-25 06:49:41.535404
2026-08-24,2026-06-01,2026-08-24,district,ODISHA,ODISHA,GANJAM,2.4,6.8,-64.0,LD,558.6,605.2,-8.0,N,2026-08-25 06:49:41.535404
2026-08-24,2026-06-01,2026-08-24,district,ODISHA,ODISHA,JAGATSINGHPUR,27.4,5.5,398.0,LE,1030.7,736.6,40.0,E,2026-08-25 06:49:41.535404
2026-08-24,2026-06-01,2026-08-24,district,ODISHA,ODISHA,JAJPUR,28.4,7.6,273.0,LE,1095.5,887.3,23.0,E,2026-08-25 06:49:41.535404
2026-08-24,2026-06-01,2026-08-24,district,ODISHA,ODISHA,JHARSUGUDA,40.6,5.9,588.0,LE,1034.7,889.3,16.0,N,2026-08-25 06:49:41.535404
2026-08-24,2026-06-01,2026-08-24,district,ODISHA,ODISHA,KALAHANDI,35.2,8.8,300.0,LE,897.1,1042.1,-14.0,N,2026-08-25 06:49:41.535404
2026-08-24,2026-06-01,2026-08-24,district,ODISHA,ODISHA,KANDHAMAL,31.0,6.3,392.0,LE,1053.0,809.6,30.0,E,2026-08-25 06:49:41.535404
2026-08-24,2026-06-01,2026-08-24,district,ODISHA,ODISHA,KENDRAPARA,31.3,5.3,491.0,LE,1231.5,780.2,58.0,E,2026-08-25 06:49:41.535404
2026-08-24,2026-06-01,2026-08-24,district,ODISHA,ODISHA,KEONJHARGARH,67.1,7.7,772.0,LE,1330.5,828.3,61.0,LE,2026-08-25 06:49:41.535404
2026-08-24,2026-06-01,2026-08-24,district,ODISHA,ODISHA,KHURDA,18.0,8.9,102.0,LE,980.2,768.7,28.0,E,2026-08-25 06:49:41.535404
2026-08-24,2026-06-01,2026-08-24,district,ODISHA,ODISHA,KORAPUT,50.0,5.7,778.0,LE,915.3,902.3,1.0,N,2026-08-25 06:49:41.535404
2026-08-24,2026-06-01,2026-08-24,district,ODISHA,ODISHA,MALKANGIRI,46.8,9.0,420.0,LE,823.1,949.8,-13.0,N,2026-08-25 06:49:41.535404
2026-08-24,2026-06-01,2026-08-24,district,ODISHA,ODISHA,MAYURBHANJ,54.0,6.5,730.0,LE,1244.3,879.6,41.0,E,2026-08-25 06:49:41.535404
2026-08-24,2026-06-01,2026-08-24,district,ODISHA,ODISHA,NAWAPARA,13.5,5.8,132.0,LE,936.2,747.0,25.0,E,2026-08-25 06:49:41.535404
2026-08-24,2026-06-01,2026-08-24,district,ODISHA,ODISHA,NAWARANGPUR,72.4,7.4,879.0,LE,852.6,1002.2,-15.0,N,2026-08-25 06:49:41.535404
2026-08-24,2026-06-01,2026-08-24,district,ODISHA,ODISHA,NAYAGARH,16.8,8.2,105.0,LE,976.8,773.2,26.0,E,2026-08-25 06:49:41.535404
2026-08-24,2026-06-01,2026-08-24,district,ODISHA,ODISHA,PURI,31.6,5.1,520.0,LE,1011.2,709.6,43.0,E,2026-08-25 06:49:41.535404
2026-08-24,2026-06-01,2026-08-24,district,ODISHA,ODISHA,RAYAGADA,21.6,6.6,227.0,LE,694.0,711.4,-2.0,N,2026-08-25 06:49:41.535404
2026-08-24,2026-06-01,2026-08-24,district,ODISHA,ODISHA,SAMBALPUR,51.2,8.3,517.0,LE,1383.1,953.3,45.0,E,2026-08-25 06:49:41.535404
2026-08-24,2026-06-01,2026-08-24,district,ODISHA,ODISHA,SONEPUR,12.9,6.4,102.0,LE,1510.3,887.5,70.0,LE,2026-08-25 06:49:41.535404
2026-08-24,2026-06-01,2026-08-24,district,ODISHA,ODISHA,SUNDARGARH,40.8,7.0,483.0,LE,1170.9,903.1,30.0,E,2026-08-25 06:49:41.535404
2026-08-24,2026-06-01,2026-08-24,district,PUNJAB,PUNJAB,AMRITSAR,0.1,3.8,-96.0,LD,345.4,357.4,-3.0,N,2026-08-25 06:49:41.535404
2026-08-24,2026-06-01,2026-08-24,district,PUNJAB,PUNJAB,BARNALA,0.0,3.2,-100.0,NR,120.3,277.1,-57.0,D,2026-08-25 06:49:41.535404
2026-08-24,2026-06-01,2026-08-24,district,PUNJAB,PUNJAB,BHATINDA,0.0,2.3,-100.0,NR,122.6,228.0,-46.0,D,2026-08-25 06:49:41.535404
2026-08-24,2026-06-01,2026-08-24,district,PUNJAB,PUNJAB,FARIDKOT,0.0,1.7,-100.0,NR,223.8,226.9,-1.0,N,2026-08-25 06:49:41.535404
2026-08-24,2026-06-01,2026-08-24,district,PUNJAB,PUNJAB,FATEHGARH SAHIB,0.8,3.8,-80.0,LD,131.0,372.9,-65.0,LD,2026-08-25 06:49:41.535404
2026-08-24,2026-06-01,2026-08-24,district,PUNJAB,PUNJAB,FAZILKA,0.0,0.2,-100.0,NR,106.6,197.5,-46.0,D,2026-08-25 06:49:41.535404
2026-08-24,2026-06-01,2026-08-24,district,PUNJAB,PUNJAB,FEROZEPUR,0.0,4.1,-100.0,NR,134.4,186.5,-28.0,D,2026-08-25 06:49:41.535404
2026-08-24,2026-06-01,2026-08-24,district,PUNJAB,PUNJAB,GURDASPUR,0.7,5.5,-88.0,LD,703.0,478.0,47.0,E,2026-08-25 06:49:41.535404
2026-08-24,2026-06-01,2026-08-24,district,PUNJAB,PUNJAB,HOSHIARPUR,3.3,4.8,-31.0,D,228.9,478.4,-52.0,D,2026-08-25 06:49:41.535404
2026-08-24,2026-06-01,2026-08-24,district,PUNJAB,PUNJAB,JALANDHAR,1.1,4.0,-72.0,LD,229.9,401.2,-43.0,D,2026-08-25 06:49:41.535404
2026-08-24,2026-06-01,2026-08-24,district,PUNJAB,PUNJAB,KAPURTHALA,0.0,2.5,-100.0,NR,133.1,351.8,-62.0,LD,2026-08-25 06:49:41.535404
2026-08-24,2026-06-01,2026-08-24,district,PUNJAB,PUNJAB,LUDHIANA,1.2,4.0,-71.0,LD,215.5,349.6,-38.0,D,2026-08-25 06:49:41.535404
2026-08-24,2026-06-01,2026-08-24,district,PUNJAB,PUNJAB,MANSA,0.0,2.0,-100.0,NR,71.8,208.9,-66.0,LD,2026-08-25 06:49:41.535404
2026-08-24,2026-06-01,2026-08-24,district,PUNJAB,PUNJAB,MOGA,0.0,2.1,-100.0,NR,164.1,220.7,-26.0,D,2026-08-25 06:49:41.535404
2026-08-24,2026-06-01,2026-08-24,district,PUNJAB,PUNJAB,MUKTSAR,0.0,0.7,-100.0,NR,94.5,242.0,-61.0,LD,2026-08-25 06:49:41.535404
2026-08-24,2026-06-01,2026-08-24,district,PUNJAB,PUNJAB,PATHANKOT,17.3,11.3,53.0,E,989.4,771.7,28.0,E,2026-08-25 06:49:41.535404
2026-08-24,2026-06-01,2026-08-24,district,PUNJAB,PUNJAB,PATIALA,0.5,6.2,-92.0,LD,257.1,402.7,-36.0,D,2026-08-25 06:49:41.535404
2026-08-24,2026-06-01,2026-08-24,district,PUNJAB,PUNJAB,RUPNAGAR,11.8,7.1,66.0,LE,433.5,627.8,-31.0,D,2026-08-25 06:49:41.535404
2026-08-24,2026-06-01,2026-08-24,district,PUNJAB,PUNJAB,SANGRUR,0.0,3.3,-100.0,NR,145.1,290.8,-50.0,D,2026-08-25 06:49:41.535404
2026-08-24,2026-06-01,2026-08-24,district,PUNJAB,PUNJAB,SAS NAGAR (MOHALI),4.6,4.0,16.0,N,213.9,479.5,-55.0,D,2026-08-25 06:49:41.535404
2026-08-24,2026-06-01,2026-08-24,district,PUNJAB,PUNJAB,SBS NAGAR,3.7,11.4,-68.0,LD,313.7,580.1,-46.0,D,2026-08-25 06:49:41.535404
2026-08-24,2026-06-01,2026-08-24,district,PUNJAB,PUNJAB,TARN TARAN,0.0,2.1,-100.0,NR,120.6,203.7,-41.0,D,2026-08-25 06:49:41.535404
2026-08-24,2026-06-01,2026-08-24,district,RAYALASEEMA,ANDHRA PRADESH,ANANTAPURAMU,5.9,4.6,29.0,E,145.3,181.7,-20.0,D,2026-08-25 06:49:41.535404
2026-08-24,2026-06-01,2026-08-24,district,RAYALASEEMA,ANDHRA PRADESH,ANNAMAYYA DISTRICT,0.6,4.3,-86.0,LD,79.2,239.2,-67.0,LD,2026-08-25 06:49:41.535404
2026-08-24,2026-06-01,2026-08-24,district,RAYALASEEMA,ANDHRA PRADESH,CHITTOOR,8.1,5.5,48.0,E,120.2,273.6,-56.0,D,2026-08-25 06:49:41.535404
2026-08-24,2026-06-01,2026-08-24,district,RAYALASEEMA,ANDHRA PRADESH,KURNOOL,5.3,3.8,39.0,E,200.2,267.5,-25.0,D,2026-08-25 06:49:41.535404
2026-08-24,2026-06-01,2026-08-24,district,RAYALASEEMA,ANDHRA PRADESH,NANDYAL,2.5,6.3,-60.0,LD,201.1,323.3,-38.0,D,2026-08-25 06:49:41.535404
2026-08-24,2026-06-01,2026-08-24,district,RAYALASEEMA,ANDHRA PRADESH,SRI SATHYASAI DISTRICT,0.1,4.5,-98.0,LD,98.9,179.7,-45.0,D,2026-08-25 06:49:41.535404
2026-08-24,2026-06-01,2026-08-24,district,RAYALASEEMA,ANDHRA PRADESH,TIRUPATI,6.6,4.1,62.0,LE,175.9,286.9,-39.0,D,2026-08-25 06:49:41.535404
2026-08-24,2026-06-01,2026-08-24,district,RAYALASEEMA,ANDHRA PRADESH,YSR DISTRICT,6.8,5.3,29.0,E,142.2,248.1,-43.0,D,2026-08-25 06:49:41.535404
2026-08-24,2026-06-01,2026-08-24,district,S. I. KARNATAKA,KARNATAKA,BALLARI,2.5,5.7,-56.0,D,121.4,206.1,-41.0,D,2026-08-25 06:49:41.535404
2026-08-24,2026-06-01,2026-08-24,district,S. I. KARNATAKA,KARNATAKA,BENGALURU RURAL,10.2,5.2,96.0,LE,218.5,243.4,-10.0,N,2026-08-25 06:49:41.535404
2026-08-24,2026-06-01,2026-08-24,district,S. I. KARNATAKA,KARNATAKA,BENGALURU URBAN,6.3,6.3,-1.0,N,119.3,253.1,-53.0,D,2026-08-25 06:49:41.535404
2026-08-24,2026-06-01,2026-08-24,district,S. I. KARNATAKA,KARNATAKA,CHAMARAJANAGAR,2.3,2.9,-22.0,D,127.0,196.8,-35.0,D,2026-08-25 06:49:41.535404
2026-08-24,2026-06-01,2026-08-24,district,S. I. KARNATAKA,KARNATAKA,CHIKABALLAPURA,0.1,5.5,-98.0,LD,146.7,237.9,-38.0,D,2026-08-25 06:49:41.535404
2026-08-24,2026-06-01,2026-08-24,district,S. I. KARNATAKA,KARNATAKA,CHIKKAMAGALURU,13.1,8.7,51.0,E,1178.4,1252.5,-6.0,N,2026-08-25 06:49:41.535404
2026-08-24,2026-06-01,2026-08-24,district,S. I. KARNATAKA,KARNATAKA,CHITRADURGA,3.6,3.7,-4.0,N,129.7,167.7,-23.0,D,2026-08-25 06:49:41.535404
2026-08-24,2026-06-01,2026-08-24,district,S. I. KARNATAKA,KARNATAKA,DAVANGERE,3.1,3.4,-9.0,N,239.2,252.1,-5.0,N,2026-08-25 06:49:41.535404
2026-08-24,2026-06-01,2026-08-24,district,S. I. KARNATAKA,KARNATAKA,HASSAN,4.2,4.7,-11.0,N,185.5,515.8,-64.0,LD,2026-08-25 06:49:41.535404
2026-08-24,2026-06-01,2026-08-24,district,S. I. KARNATAKA,KARNATAKA,KODAGU,24.6,12.5,97.0,LE,1384.4,1917.0,-28.0,D,2026-08-25 06:49:41.535404
2026-08-24,2026-06-01,2026-08-24,district,S. I. KARNATAKA,KARNATAKA,KOLAR,4.3,4.2,2.0,N,112.5,226.1,-50.0,D,2026-08-25 06:49:41.535404
2026-08-24,2026-06-01,2026-08-24,district,S. I. KARNATAKA,KARNATAKA,MANDYA,0.0,3.9,-100.0,NR,88.5,165.4,-46.0,D,2026-08-25 06:49:41.535404
2026-08-24,2026-06-01,2026-08-24,district,S. I. KARNATAKA,KARNATAKA,MYSURU,3.3,3.1,5.0,N,143.3,249.0,-42.0,D,2026-08-25 06:49:41.535404
2026-08-24,2026-06-01,2026-08-24,district,S. I. KARNATAKA,KARNATAKA,SHIVAMOGGA,16.5,10.6,56.0,E,1350.3,1386.9,-3.0,N,2026-08-25 06:49:41.535404
2026-08-24,2026-06-01,2026-08-24,district,S. I. KARNATAKA,KARNATAKA,TUMAKURU,4.6,5.6,-17.0,N,114.8,204.1,-44.0,D,2026-08-25 06:49:41.535404
2026-08-24,2026-06-01,2026-08-24,district,S. I. KARNATAKA,KARNATAKA,VIJAYANAGARA,4.9,4.2,17.0,N,135.4,227.8,-41.0,D,2026-08-25 06:49:41.535404
2026-08-24,2026-06-01,2026-08-24,district,SAURASHTRA & KUTCH,DADRA & NAGAR HAVELI AND DAMAN & DIU (UT),DIU,0.0,3.2,-100.0,NR,625.2,605.3,3.0,N,2026-08-25 06:49:41.535404
2026-08-24,2026-06-01,2026-08-24,district,SAURASHTRA & KUTCH,GUJARAT,AMRELI,0.0,3.2,-100.0,NR,493.9,428.7,15.0,N,2026-08-25 06:49:41.535404
2026-08-24,2026-06-01,2026-08-24,district,SAURASHTRA & KUTCH,GUJARAT,BHAVNAGAR,0.0,4.9,-100.0,NR,476.9,424.9,12.0,N,2026-08-25 06:49:41.535404
2026-08-24,2026-06-01,2026-08-24,district,SAURASHTRA & KUTCH,GUJARAT,BOTAD,0.0,4.8,-100.0,NR,444.2,413.5,7.0,N,2026-08-25 06:49:41.535404
2026-08-24,2026-06-01,2026-08-24,district,SAURASHTRA & KUTCH,GUJARAT,DEVBHOOMI DWARKA,0.0,1.6,-100.0,NR,57.4,429.9,-87.0,LD,2026-08-25 06:49:41.535404
2026-08-24,2026-06-01,2026-08-24,district,SAURASHTRA & KUTCH,GUJARAT,GIR SOMNATH,0.0,3.6,-100.0,NR,469.1,707.8,-34.0,D,2026-08-25 06:49:41.535404
2026-08-24,2026-06-01,2026-08-24,district,SAURASHTRA & KUTCH,GUJARAT,JAMNAGAR,0.0,4.3,-100.0,NR,216.0,488.7,-56.0,D,2026-08-25 06:49:41.535404
2026-08-24,2026-06-01,2026-08-24,district,SAURASHTRA & KUTCH,GUJARAT,JUNAGADH,0.0,3.5,-100.0,NR,591.0,696.7,-15.0,N,2026-08-25 06:49:41.535404
2026-08-24,2026-06-01,2026-08-24,district,SAURASHTRA & KUTCH,GUJARAT,KUTCH,0.1,3.8,-97.0,LD,136.7,305.8,-55.0,D,2026-08-25 06:49:41.535404
2026-08-24,2026-06-01,2026-08-24,district,SAURASHTRA & KUTCH,GUJARAT,MORBI,0.0,7.4,-100.0,NR,471.4,419.2,12.0,N,2026-08-25 06:49:41.535404
2026-08-24,2026-06-01,2026-08-24,district,SAURASHTRA & KUTCH,GUJARAT,PORBANDAR,0.0,1.9,-100.0,NR,161.0,534.9,-70.0,LD,2026-08-25 06:49:41.535404
2026-08-24,2026-06-01,2026-08-24,district,SAURASHTRA & KUTCH,GUJARAT,RAJKOT,0.0,5.4,-100.0,NR,355.5,485.2,-27.0,D,2026-08-25 06:49:41.535404
2026-08-24,2026-06-01,2026-08-24,district,SAURASHTRA & KUTCH,GUJARAT,SURENDRANAGAR,0.0,9.1,-100.0,NR,480.7,392.8,22.0,E,2026-08-25 06:49:41.535404
2026-08-24,2026-06-01,2026-08-24,district,SHWB & SIKKIM,SIKKIM,GANGTOK,0.5,16.3,-97.0,LD,1462.0,1632.2,-10.0,N,2026-08-25 06:49:41.535404
2026-08-24,2026-06-01,2026-08-24,district,SHWB & SIKKIM,SIKKIM,GYALSHING,6.5,16.4,-60.0,LD,1689.2,1319.8,28.0,E,2026-08-25 06:49:41.535404
2026-08-24,2026-06-01,2026-08-24,district,SHWB & SIKKIM,SIKKIM,MANGAN,2.4,12.9,-82.0,LD,996.4,1145.8,-13.0,N,2026-08-25 06:49:41.535404
2026-08-24,2026-06-01,2026-08-24,district,SHWB & SIKKIM,SIKKIM,NAMCHI,0.0,10.8,-100.0,NR,1439.5,1207.5,19.0,N,2026-08-25 06:49:41.535404
2026-08-24,2026-06-01,2026-08-24,district,SHWB & SIKKIM,SIKKIM,Pakyong,0.0,9.4,-100.0,NR,1221.1,1212.3,1.0,N,2026-08-25 06:49:41.535404
2026-08-24,2026-06-01,2026-08-24,district,SHWB & SIKKIM,SIKKIM,Soreng,0.0,16.4,-100.0,NR,1758.0,1319.8,33.0,E,2026-08-25 06:49:41.535404
2026-08-24,2026-06-01,2026-08-24,district,SHWB & SIKKIM,WEST BENGAL,ALIPURDUAR,10.3,33.8,-70.0,LD,2158.5,2288.6,-6.0,N,2026-08-25 06:49:41.535404
2026-08-24,2026-06-01,2026-08-24,district,SHWB & SIKKIM,WEST BENGAL,COOCH BEHAR,0.2,26.7,-99.0,LD,1658.9,1761.2,-6.0,N,2026-08-25 06:49:41.535404
2026-08-24,2026-06-01,2026-08-24,district,SHWB & SIKKIM,WEST BENGAL,DARJEELING,0.5,21.7,-98.0,LD,1675.7,2048.6,-18.0,N,2026-08-25 06:49:41.535404
2026-08-24,2026-06-01,2026-08-24,district,SHWB & SIKKIM,WEST BENGAL,JALPAIGURI,4.4,22.2,-80.0,LD,1714.0,2194.3,-22.0,D,2026-08-25 06:49:41.535404
2026-08-24,2026-06-01,2026-08-24,district,SHWB & SIKKIM,WEST BENGAL,KALIMPONG,6.1,21.5,-71.0,LD,1447.8,1826.5,-21.0,D,2026-08-25 06:49:41.535404
2026-08-24,2026-06-01,2026-08-24,district,SHWB & SIKKIM,WEST BENGAL,MALDA,0.0,12.3,-100.0,NR,633.7,813.5,-22.0,D,2026-08-25 06:49:41.535404
2026-08-24,2026-06-01,2026-08-24,district,SHWB & SIKKIM,WEST BENGAL,NORTH DINAJPUR,0.0,27.5,-100.0,NR,749.7,1062.4,-29.0,D,2026-08-25 06:49:41.535404
2026-08-24,2026-06-01,2026-08-24,district,SHWB & SIKKIM,WEST BENGAL,SOUTH DINAJPUR,11.0,11.0,0.0,N,652.3,770.6,-15.0,N,2026-08-25 06:49:41.535404
2026-08-24,2026-06-01,2026-08-24,district,TAMIL. PUDU.& KARAIKAL,PUDUCHERRY (UT),KARAIKAL,1.2,6.6,-82.0,LD,232.6,164.6,41.0,E,2026-08-25 06:49:41.535404
2026-08-24,2026-06-01,2026-08-24,district,TAMIL. PUDU.& KARAIKAL,PUDUCHERRY (UT),PUDUCHERRY,1.3,2.4,-48.0,D,90.4,229.7,-61.0,LD,2026-08-25 06:49:41.535404
2026-08-24,2026-06-01,2026-08-24,district,TAMIL. PUDU.& KARAIKAL,TAMILNADU,ARIYALUR,8.8,4.9,80.0,LE,202.3,170.9,18.0,N,2026-08-25 06:49:41.535404
2026-08-24,2026-06-01,2026-08-24,district,TAMIL. PUDU.& KARAIKAL,TAMILNADU,CHENGALPATTU,4.3,3.2,34.0,E,100.2,248.5,-60.0,LD,2026-08-25 06:49:41.535404
2026-08-24,2026-06-01,2026-08-24,district,TAMIL. PUDU.& KARAIKAL,TAMILNADU,CHENNAI,24.8,3.0,726.0,LE,272.1,276.4,-2.0,N,2026-08-25 06:49:41.535404
2026-08-24,2026-06-01,2026-08-24,district,TAMIL. PUDU.& KARAIKAL,TAMILNADU,COIMBATORE,12.9,5.5,135.0,LE,566.2,532.3,6.0,N,2026-08-25 06:49:41.535404
2026-08-24,2026-06-01,2026-08-24,district,TAMIL. PUDU.& KARAIKAL,TAMILNADU,CUDDALORE,1.2,5.9,-80.0,LD,210.0,202.5,4.0,N,2026-08-25 06:49:41.535404
2026-08-24,2026-06-01,2026-08-24,district,TAMIL. PUDU.& KARAIKAL,TAMILNADU,DHARMAPURI,3.9,5.4,-28.0,D,150.3,199.7,-25.0,D,2026-08-25 06:49:41.535404
2026-08-24,2026-06-01,2026-08-24,district,TAMIL. PUDU.& KARAIKAL,TAMILNADU,DINDIGUL,1.4,3.1,-55.0,D,93.5,145.3,-36.0,D,2026-08-25 06:49:41.535404
2026-08-24,2026-06-01,2026-08-24,district,TAMIL. PUDU.& KARAIKAL,TAMILNADU,ERODE,4.0,3.4,17.0,N,108.8,141.1,-23.0,D,2026-08-25 06:49:41.535404
2026-08-24,2026-06-01,2026-08-24,district,TAMIL. PUDU.& KARAIKAL,TAMILNADU,KALLAKURICHI,1.2,5.9,-79.0,LD,157.2,222.1,-29.0,D,2026-08-25 06:49:41.535404
2026-08-24,2026-06-01,2026-08-24,district,TAMIL. PUDU.& KARAIKAL,TAMILNADU,KANCHEEPURAM,12.6,5.3,138.0,LE,202.9,286.8,-29.0,D,2026-08-25 06:49:41.535404
2026-08-24,2026-06-01,2026-08-24,district,TAMIL. PUDU.& KARAIKAL,TAMILNADU,KANYAKUMARI,5.1,2.8,82.0,LE,374.3,352.2,6.0,N,2026-08-25 06:49:41.535404
2026-08-24,2026-06-01,2026-08-24,district,TAMIL. PUDU.& KARAIKAL,TAMILNADU,KARUR,0.0,2.1,-100.0,NR,37.5,82.2,-54.0,D,2026-08-25 06:49:41.535404
2026-08-24,2026-06-01,2026-08-24,district,TAMIL. PUDU.& KARAIKAL,TAMILNADU,KRISHNAGIRI,0.7,4.7,-84.0,LD,117.4,183.6,-36.0,D,2026-08-25 06:49:41.535404
2026-08-24,2026-06-01,2026-08-24,district,TAMIL. PUDU.& KARAIKAL,TAMILNADU,MADURAI,0.0,2.4,-100.0,NR,104.2,151.3,-31.0,D,2026-08-25 06:49:41.535404
2026-08-24,2026-06-01,2026-08-24,district,TAMIL. PUDU.& KARAIKAL,TAMILNADU,MAYILADUTHURAI,10.9,3.4,221.0,LE,152.7,166.6,-8.0,N,2026-08-25 06:49:41.535404
2026-08-24,2026-06-01,2026-08-24,district,TAMIL. PUDU.& KARAIKAL,TAMILNADU,NAGAPATTINAM,0.1,4.1,-98.0,LD,68.6,137.3,-50.0,D,2026-08-25 06:49:41.535404
2026-08-24,2026-06-01,2026-08-24,district,TAMIL. PUDU.& KARAIKAL,TAMILNADU,NAMAKKAL,11.7,6.2,89.0,LE,81.1,173.1,-53.0,D,2026-08-25 06:49:41.535404
2026-08-24,2026-06-01,2026-08-24,district,TAMIL. PUDU.& KARAIKAL,TAMILNADU,NILGIRIS,5.9,5.9,0.0,N,436.9,621.8,-30.0,D,2026-08-25 06:49:41.535404
2026-08-24,2026-06-01,2026-08-24,district,TAMIL. PUDU.& KARAIKAL,TAMILNADU,PERAMBALUR,4.1,5.3,-23.0,D,157.2,135.5,16.0,N,2026-08-25 06:49:41.535404
2026-08-24,2026-06-01,2026-08-24,district,TAMIL. PUDU.& KARAIKAL,TAMILNADU,PUDUKKOTTAI,3.9,4.3,-10.0,N,152.3,162.6,-6.0,N,2026-08-25 06:49:41.535404
2026-08-24,2026-06-01,2026-08-24,district,TAMIL. PUDU.& KARAIKAL,TAMILNADU,RAMANATHAPURAM,0.0,1.7,-100.0,NR,30.0,66.3,-55.0,D,2026-08-25 06:49:41.535404
2026-08-24,2026-06-01,2026-08-24,district,TAMIL. PUDU.& KARAIKAL,TAMILNADU,RANIPET,16.8,3.5,381.0,LE,220.0,278.2,-21.0,D,2026-08-25 06:49:41.535404
2026-08-24,2026-06-01,2026-08-24,district,TAMIL. PUDU.& KARAIKAL,TAMILNADU,SALEM,0.7,4.9,-86.0,LD,161.5,224.9,-28.0,D,2026-08-25 06:49:41.535404
2026-08-24,2026-06-01,2026-08-24,district,TAMIL. PUDU.& KARAIKAL,TAMILNADU,SIVAGANGA,6.1,3.4,79.0,LE,188.7,184.2,2.0,N,2026-08-25 06:49:41.535404
2026-08-24,2026-06-01,2026-08-24,district,TAMIL. PUDU.& KARAIKAL,TAMILNADU,TENKASI,1.7,0.7,147.0,LE,168.8,117.2,44.0,E,2026-08-25 06:49:41.535404
2026-08-24,2026-06-01,2026-08-24,district,TAMIL. PUDU.& KARAIKAL,TAMILNADU,THANJAVUR,0.9,4.4,-80.0,LD,129.1,165.3,-22.0,D,2026-08-25 06:49:41.535404
2026-08-24,2026-06-01,2026-08-24,district,TAMIL. PUDU.& KARAIKAL,TAMILNADU,THENI,2.0,1.8,12.0,N,154.2,124.3,24.0,E,2026-08-25 06:49:41.535404
2026-08-24,2026-06-01,2026-08-24,district,TAMIL. PUDU.& KARAIKAL,TAMILNADU,THIRUCHIRAPALLI,0.7,4.5,-84.0,LD,88.5,132.1,-33.0,D,2026-08-25 06:49:41.535404
2026-08-24,2026-06-01,2026-08-24,district,TAMIL. PUDU.& KARAIKAL,TAMILNADU,THIRUVALLUR,13.7,3.9,252.0,LE,229.3,286.1,-20.0,D,2026-08-25 06:49:41.535404
2026-08-24,2026-06-01,2026-08-24,district,TAMIL. PUDU.& KARAIKAL,TAMILNADU,THOOTHUKUDI,0.0,0.7,-100.0,NR,8.4,26.8,-69.0,LD,2026-08-25 06:49:41.535404
2026-08-24,2026-06-01,2026-08-24,district,TAMIL. PUDU.& KARAIKAL,TAMILNADU,TIRUNELVELI,2.9,0.4,634.0,LE,355.5,51.3,593.0,LE,2026-08-25 06:49:41.535404
2026-08-24,2026-06-01,2026-08-24,district,TAMIL. PUDU.& KARAIKAL,TAMILNADU,TIRUPATTUR,3.6,6.5,-44.0,D,92.1,247.6,-63.0,LD,2026-08-25 06:49:41.535404
2026-08-24,2026-06-01,2026-08-24,district,TAMIL. PUDU.& KARAIKAL,TAMILNADU,TIRUPPUR,0.0,2.4,-100.0,NR,34.0,67.8,-50.0,D,2026-08-25 06:49:41.535404
2026-08-24,2026-06-01,2026-08-24,district,TAMIL. PUDU.& KARAIKAL,TAMILNADU,TIRUVANNAMALAI,0.7,4.3,-83.0,LD,142.1,262.1,-46.0,D,2026-08-25 06:49:41.535404
2026-08-24,2026-06-01,2026-08-24,district,TAMIL. PUDU.& KARAIKAL,TAMILNADU,TIRUVARUR,0.6,4.2,-85.0,LD,150.0,160.0,-6.0,N,2026-08-25 06:49:41.535404
2026-08-24,2026-06-01,2026-08-24,district,TAMIL. PUDU.& KARAIKAL,TAMILNADU,VELLORE,0.8,2.8,-70.0,LD,140.9,255.8,-45.0,D,2026-08-25 06:49:41.535404
2026-08-24,2026-06-01,2026-08-24,district,TAMIL. PUDU.& KARAIKAL,TAMILNADU,VILLUPURAM,13.6,4.5,203.0,LE,177.3,236.9,-25.0,D,2026-08-25 06:49:41.535404
2026-08-24,2026-06-01,2026-08-24,district,TAMIL. PUDU.& KARAIKAL,TAMILNADU,VIRUDHUNAGAR,0.0,2.8,-100.0,NR,81.3,92.5,-12.0,N,2026-08-25 06:49:41.535404
2026-08-24,2026-06-01,2026-08-24,district,TELANGANA,TELANGANA,ADILABAD,7.7,8.5,-9.0,N,587.7,723.9,-19.0,N,2026-08-25 06:49:41.535404
2026-08-24,2026-06-01,2026-08-24,district,TELANGANA,TELANGANA,B. KOTHAGUDEM,3.7,10.0,-63.0,LD,505.5,716.1,-29.0,D,2026-08-25 06:49:41.535404
2026-08-24,2026-06-01,2026-08-24,district,TELANGANA,TELANGANA,HANUMAKONDA,12.7,7.9,61.0,LE,309.5,494.9,-37.0,D,2026-08-25 06:49:41.535404
2026-08-24,2026-06-01,2026-08-24,district,TELANGANA,TELANGANA,HYDERABAD,4.5,4.8,-6.0,N,298.7,422.6,-29.0,D,2026-08-25 06:49:41.535404
2026-08-24,2026-06-01,2026-08-24,district,TELANGANA,TELANGANA,J. BHUPALPALLY,16.0,11.1,44.0,E,681.4,735.1,-7.0,N,2026-08-25 06:49:41.535404
2026-08-24,2026-06-01,2026-08-24,district,TELANGANA,TELANGANA,JAGTIAL,14.1,7.6,86.0,LE,666.5,594.2,12.0,N,2026-08-25 06:49:41.535404
2026-08-24,2026-06-01,2026-08-24,district,TELANGANA,TELANGANA,JANGAON,12.4,7.2,72.0,LE,273.1,485.9,-44.0,D,2026-08-25 06:49:41.535404
2026-08-24,2026-06-01,2026-08-24,district,TELANGANA,TELANGANA,JOGULAMBA GADWAL,1.0,2.7,-61.0,LD,182.9,288.9,-37.0,D,2026-08-25 06:49:41.535404
2026-08-24,2026-06-01,2026-08-24,district,TELANGANA,TELANGANA,KAMAREDDY,38.2,8.8,334.0,LE,719.9,563.5,28.0,E,2026-08-25 06:49:41.535404
2026-08-24,2026-06-01,2026-08-24,district,TELANGANA,TELANGANA,KARIMNAGAR,7.6,5.9,28.0,E,464.3,508.2,-9.0,N,2026-08-25 06:49:41.535404
2026-08-24,2026-06-01,2026-08-24,district,TELANGANA,TELANGANA,KHAMMAM,2.6,7.4,-65.0,LD,413.4,559.8,-26.0,D,2026-08-25 06:49:41.535404
2026-08-24,2026-06-01,2026-08-24,district,TELANGANA,TELANGANA,KUMARAM BHEEM,16.6,6.2,168.0,LE,881.1,753.7,17.0,N,2026-08-25 06:49:41.535404
2026-08-24,2026-06-01,2026-08-24,district,TELANGANA,TELANGANA,M. MALKAJGIRI,8.7,7.0,25.0,E,208.3,351.0,-41.0,D,2026-08-25 06:49:41.535404
2026-08-24,2026-06-01,2026-08-24,district,TELANGANA,TELANGANA,MAHABUBABAD,6.6,9.9,-33.0,D,488.5,636.1,-23.0,D,2026-08-25 06:49:41.535404
2026-08-24,2026-06-01,2026-08-24,district,TELANGANA,TELANGANA,MAHABUBNAGAR,28.8,5.1,466.0,LE,337.6,344.8,-2.0,N,2026-08-25 06:49:41.535404
2026-08-24,2026-06-01,2026-08-24,district,TELANGANA,TELANGANA,MANCHERIAL,14.1,6.7,111.0,LE,769.8,714.7,8.0,N,2026-08-25 06:49:41.535404
2026-08-24,2026-06-01,2026-08-24,district,TELANGANA,TELANGANA,MEDAK,20.8,7.8,167.0,LE,557.5,574.1,-3.0,N,2026-08-25 06:49:41.535404
2026-08-24,2026-06-01,2026-08-24,district,TELANGANA,TELANGANA,MULUGU,20.4,9.2,121.0,LE,768.4,748.3,3.0,N,2026-08-25 06:49:41.535404
2026-08-24,2026-06-01,2026-08-24,district,TELANGANA,TELANGANA,NAGARKURNOOL,16.8,4.6,266.0,LE,239.0,313.2,-24.0,D,2026-08-25 06:49:41.535404
2026-08-24,2026-06-01,2026-08-24,district,TELANGANA,TELANGANA,NALGONDA,5.4,5.8,-7.0,N,166.9,336.7,-50.0,D,2026-08-25 06:49:41.535404
2026-08-24,2026-06-01,2026-08-24,district,TELANGANA,TELANGANA,NARAYANPET,27.2,4.4,517.0,LE,332.2,303.8,9.0,N,2026-08-25 06:49:41.535404
2026-08-24,2026-06-01,2026-08-24,district,TELANGANA,TELANGANA,NIRMAL,14.2,7.0,102.0,LE,375.4,669.0,-44.0,D,2026-08-25 06:49:41.535404
2026-08-24,2026-06-01,2026-08-24,district,TELANGANA,TELANGANA,NIZAMABAD,23.8,7.0,240.0,LE,589.5,618.6,-5.0,N,2026-08-25 06:49:41.535404
2026-08-24,2026-06-01,2026-08-24,district,TELANGANA,TELANGANA,PEDDAPALLE,15.5,5.9,163.0,LE,584.2,657.8,-11.0,N,2026-08-25 06:49:41.535404
2026-08-24,2026-06-01,2026-08-24,district,TELANGANA,TELANGANA,RAJANNA SIRCILLA,11.1,6.5,71.0,LE,533.2,502.5,6.0,N,2026-08-25 06:49:41.535404
2026-08-24,2026-06-01,2026-08-24,district,TELANGANA,TELANGANA,RANGAREDDY,10.0,5.5,82.0,LE,310.6,363.8,-15.0,N,2026-08-25 06:49:41.535404
2026-08-24,2026-06-01,2026-08-24,district,TELANGANA,TELANGANA,SANGAREDDY,17.8,3.0,492.0,LE,361.1,495.4,-27.0,D,2026-08-25 06:49:41.535404
2026-08-24,2026-06-01,2026-08-24,district,TELANGANA,TELANGANA,SIDDIPET,15.2,4.5,239.0,LE,410.7,444.9,-8.0,N,2026-08-25 06:49:41.535404
2026-08-24,2026-06-01,2026-08-24,district,TELANGANA,TELANGANA,SURYAPET,1.9,4.5,-58.0,D,307.0,433.1,-29.0,D,2026-08-25 06:49:41.535404
2026-08-24,2026-06-01,2026-08-24,district,TELANGANA,TELANGANA,VIKARABAD,31.9,8.2,289.0,LE,397.0,453.7,-13.0,N,2026-08-25 06:49:41.535404
2026-08-24,2026-06-01,2026-08-24,district,TELANGANA,TELANGANA,WANAPARTHY,16.3,3.8,330.0,LE,258.3,364.2,-29.0,D,2026-08-25 06:49:41.535404
2026-08-24,2026-06-01,2026-08-24,district,TELANGANA,TELANGANA,WARANGAL,12.8,10.9,17.0,N,377.7,680.2,-44.0,D,2026-08-25 06:49:41.535404
2026-08-24,2026-06-01,2026-08-24,district,TELANGANA,TELANGANA,Y. BHUVANAGIRI,8.4,4.3,95.0,LE,200.3,369.9,-46.0,D,2026-08-25 06:49:41.535404
2026-08-24,2026-06-01,2026-08-24,district,UTTARAKHAND,UTTARAKHAND,ALMORA,4.1,4.5,-8.0,N,664.4,622.5,7.0,N,2026-08-25 06:49:41.535404
2026-08-24,2026-06-01,2026-08-24,district,UTTARAKHAND,UTTARAKHAND,BAGESHWAR,15.4,4.5,243.0,LE,1554.3,622.5,150.0,LE,2026-08-25 06:49:41.535404
2026-08-24,2026-06-01,2026-08-24,district,UTTARAKHAND,UTTARAKHAND,CHAMOLI,3.8,3.2,20.0,E,912.1,575.2,59.0,E,2026-08-25 06:49:41.535404
2026-08-24,2026-06-01,2026-08-24,district,UTTARAKHAND,UTTARAKHAND,CHAMPAWAT,1.1,7.8,-86.0,LD,627.8,1004.3,-37.0,D,2026-08-25 06:49:41.535404
2026-08-24,2026-06-01,2026-08-24,district,UTTARAKHAND,UTTARAKHAND,DEHRADUN,4.5,15.0,-70.0,LD,1097.1,1139.9,-4.0,N,2026-08-25 06:49:41.535404
2026-08-24,2026-06-01,2026-08-24,district,UTTARAKHAND,UTTARAKHAND,GARHWAL PAURI,6.3,9.3,-33.0,D,509.0,976.6,-48.0,D,2026-08-25 06:49:41.535404
2026-08-24,2026-06-01,2026-08-24,district,UTTARAKHAND,UTTARAKHAND,GARHWAL TEHRI,5.2,5.7,-9.0,N,946.4,737.1,28.0,E,2026-08-25 06:49:41.535404
2026-08-24,2026-06-01,2026-08-24,district,UTTARAKHAND,UTTARAKHAND,HARDWAR,1.4,13.0,-89.0,LD,908.1,764.6,19.0,N,2026-08-25 06:49:41.535404
2026-08-24,2026-06-01,2026-08-24,district,UTTARAKHAND,UTTARAKHAND,NAINITAL,21.6,10.1,114.0,LE,797.2,1198.5,-33.0,D,2026-08-25 06:49:41.535404
2026-08-24,2026-06-01,2026-08-24,district,UTTARAKHAND,UTTARAKHAND,PITHORAGARH,3.3,10.5,-69.0,LD,1139.5,1177.2,-3.0,N,2026-08-25 06:49:41.535404
2026-08-24,2026-06-01,2026-08-24,district,UTTARAKHAND,UTTARAKHAND,RUDRAPRAYAG,0.0,6.0,-100.0,NR,1122.4,1242.5,-10.0,N,2026-08-25 06:49:41.535404
2026-08-24,2026-06-01,2026-08-24,district,UTTARAKHAND,UTTARAKHAND,UDHAM SINGH NAGAR,5.7,7.0,-19.0,N,771.1,861.9,-11.0,N,2026-08-25 06:49:41.535404
2026-08-24,2026-06-01,2026-08-24,district,UTTARAKHAND,UTTARAKHAND,UTTARKASHI,0.5,5.0,-90.0,LD,818.4,921.7,-11.0,N,2026-08-25 06:49:41.535404
2026-08-24,2026-06-01,2026-08-24,district,VIDARBHA,MAHARASHTRA,AKOLA,2.6,6.1,-57.0,D,353.7,531.1,-33.0,D,2026-08-25 06:49:41.535404
2026-08-24,2026-06-01,2026-08-24,district,VIDARBHA,MAHARASHTRA,AMRAOTI,1.1,7.1,-84.0,LD,389.5,626.2,-38.0,D,2026-08-25 06:49:41.535404
2026-08-24,2026-06-01,2026-08-24,district,VIDARBHA,MAHARASHTRA,BHANDARA,24.7,7.1,248.0,LE,705.8,841.6,-16.0,N,2026-08-25 06:49:41.535404
2026-08-24,2026-06-01,2026-08-24,district,VIDARBHA,MAHARASHTRA,BULDHANA,0.1,6.8,-99.0,LD,450.6,479.0,-6.0,N,2026-08-25 06:49:41.535404
2026-08-24,2026-06-01,2026-08-24,district,VIDARBHA,MAHARASHTRA,CHANDRAPUR,15.0,9.6,56.0,E,567.5,843.0,-33.0,D,2026-08-25 06:49:41.535404
2026-08-24,2026-06-01,2026-08-24,district,VIDARBHA,MAHARASHTRA,GADCHIROLI,48.2,10.8,346.0,LE,785.3,1010.2,-22.0,D,2026-08-25 06:49:41.535404
2026-08-24,2026-06-01,2026-08-24,district,VIDARBHA,MAHARASHTRA,GONDIA,11.6,9.5,22.0,E,948.3,948.8,0.0,N,2026-08-25 06:49:41.535404
2026-08-24,2026-06-01,2026-08-24,district,VIDARBHA,MAHARASHTRA,NAGPUR,6.6,8.1,-18.0,N,467.2,716.5,-35.0,D,2026-08-25 06:49:41.535404
2026-08-24,2026-06-01,2026-08-24,district,VIDARBHA,MAHARASHTRA,WARDHA,2.9,6.1,-53.0,D,462.8,643.5,-28.0,D,2026-08-25 06:49:41.535404
2026-08-24,2026-06-01,2026-08-24,district,VIDARBHA,MAHARASHTRA,WASHIM,3.4,6.5,-47.0,D,433.5,590.6,-27.0,D,2026-08-25 06:49:41.535404
2026-08-24,2026-06-01,2026-08-24,district,VIDARBHA,MAHARASHTRA,YEOTMAL,4.8,6.2,-22.0,D,529.6,629.5,-16.0,N,2026-08-25 06:49:41.535404
2026-08-24,2026-06-01,2026-08-24,district,WEST MADHYA PRADESH,MADHYA PRADESH,AGAR-MALWA,0.0,11.6,-100.0,NR,563.2,692.2,-19.0,N,2026-08-25 06:49:41.535404
2026-08-24,2026-06-01,2026-08-24,district,WEST MADHYA PRADESH,MADHYA PRADESH,ALIRAJPUR,2.4,16.9,-86.0,LD,367.8,648.1,-43.0,D,2026-08-25 06:49:41.535404
2026-08-24,2026-06-01,2026-08-24,district,WEST MADHYA PRADESH,MADHYA PRADESH,ASHOKNAGAR,26.3,8.6,205.0,LE,522.0,653.8,-20.0,D,2026-08-25 06:49:41.535404
2026-08-24,2026-06-01,2026-08-24,district,WEST MADHYA PRADESH,MADHYA PRADESH,BARWANI,0.5,11.9,-96.0,LD,467.3,483.7,-3.0,N,2026-08-25 06:49:41.535404
2026-08-24,2026-06-01,2026-08-24,district,WEST MADHYA PRADESH,MADHYA PRADESH,BETUL,0.8,11.5,-93.0,LD,554.6,790.4,-30.0,D,2026-08-25 06:49:41.535404
2026-08-24,2026-06-01,2026-08-24,district,WEST MADHYA PRADESH,MADHYA PRADESH,BHIND,3.7,5.8,-36.0,D,565.4,455.0,24.0,E,2026-08-25 06:49:41.535404
2026-08-24,2026-06-01,2026-08-24,district,WEST MADHYA PRADESH,MADHYA PRADESH,BHOPAL,55.5,13.9,299.0,LE,828.0,735.0,13.0,N,2026-08-25 06:49:41.535404
2026-08-24,2026-06-01,2026-08-24,district,WEST MADHYA PRADESH,MADHYA PRADESH,BURHANPUR,1.3,8.6,-85.0,LD,691.6,541.4,28.0,E,2026-08-25 06:49:41.535404
2026-08-24,2026-06-01,2026-08-24,district,WEST MADHYA PRADESH,MADHYA PRADESH,DATIA,18.0,8.0,125.0,LE,470.2,566.4,-17.0,N,2026-08-25 06:49:41.535404
2026-08-24,2026-06-01,2026-08-24,district,WEST MADHYA PRADESH,MADHYA PRADESH,DEWAS,1.0,14.5,-93.0,LD,648.1,685.0,-5.0,N,2026-08-25 06:49:41.535404
2026-08-24,2026-06-01,2026-08-24,district,WEST MADHYA PRADESH,MADHYA PRADESH,DHAR,0.0,14.8,-100.0,NR,386.8,594.1,-35.0,D,2026-08-25 06:49:41.535404
2026-08-24,2026-06-01,2026-08-24,district,WEST MADHYA PRADESH,MADHYA PRADESH,GUNA,2.6,9.8,-73.0,LD,768.1,727.6,6.0,N,2026-08-25 06:49:41.535404
2026-08-24,2026-06-01,2026-08-24,district,WEST MADHYA PRADESH,MADHYA PRADESH,GWALIOR,11.5,9.2,25.0,E,539.7,527.6,2.0,N,2026-08-25 06:49:41.535404
2026-08-24,2026-06-01,2026-08-24,district,WEST MADHYA PRADESH,MADHYA PRADESH,HARDA,0.1,10.2,-99.0,LD,593.3,844.0,-30.0,D,2026-08-25 06:49:41.535404
2026-08-24,2026-06-01,2026-08-24,district,WEST MADHYA PRADESH,MADHYA PRADESH,INDORE,0.0,17.8,-100.0,NR,502.0,641.8,-22.0,D,2026-08-25 06:49:41.535404
2026-08-24,2026-06-01,2026-08-24,district,WEST MADHYA PRADESH,MADHYA PRADESH,JHABUA,1.0,17.0,-94.0,LD,470.2,657.1,-28.0,D,2026-08-25 06:49:41.535404
2026-08-24,2026-06-01,2026-08-24,district,WEST MADHYA PRADESH,MADHYA PRADESH,KHANDWA,0.0,9.7,-100.0,NR,576.0,583.0,-1.0,N,2026-08-25 06:49:41.535404
2026-08-24,2026-06-01,2026-08-24,district,WEST MADHYA PRADESH,MADHYA PRADESH,KHARGONE,0.8,9.8,-92.0,LD,621.0,533.4,16.0,N,2026-08-25 06:49:41.535404
2026-08-24,2026-06-01,2026-08-24,district,WEST MADHYA PRADESH,MADHYA PRADESH,MANDSAUR,0.0,11.2,-100.0,NR,517.4,634.9,-19.0,N,2026-08-25 06:49:41.535404
2026-08-24,2026-06-01,2026-08-24,district,WEST MADHYA PRADESH,MADHYA PRADESH,MORENA,27.9,7.7,263.0,LE,340.0,500.1,-32.0,D,2026-08-25 06:49:41.535404
2026-08-24,2026-06-01,2026-08-24,district,WEST MADHYA PRADESH,MADHYA PRADESH,NARMADAPURAM,17.7,14.3,24.0,E,620.2,947.6,-35.0,D,2026-08-25 06:49:41.535404
2026-08-24,2026-06-01,2026-08-24,district,WEST MADHYA PRADESH,MADHYA PRADESH,NEEMUCH,0.0,9.7,-100.0,NR,508.9,604.2,-16.0,N,2026-08-25 06:49:41.535404
2026-08-24,2026-06-01,2026-08-24,district,WEST MADHYA PRADESH,MADHYA PRADESH,RAISEN,14.1,16.1,-13.0,N,685.3,826.3,-17.0,N,2026-08-25 06:49:41.535404
2026-08-24,2026-06-01,2026-08-24,district,WEST MADHYA PRADESH,MADHYA PRADESH,RAJGARH,0.1,11.3,-99.0,LD,768.5,696.9,10.0,N,2026-08-25 06:49:41.535404
2026-08-24,2026-06-01,2026-08-24,district,WEST MADHYA PRADESH,MADHYA PRADESH,RATLAM,0.0,15.6,-100.0,NR,466.4,694.8,-33.0,D,2026-08-25 06:49:41.535404
2026-08-24,2026-06-01,2026-08-24,district,WEST MADHYA PRADESH,MADHYA PRADESH,SEHORE,9.7,12.0,-19.0,N,721.7,810.2,-11.0,N,2026-08-25 06:49:41.535404
2026-08-24,2026-06-01,2026-08-24,district,WEST MADHYA PRADESH,MADHYA PRADESH,SHAJAPUR,0.0,14.1,-100.0,NR,512.9,697.0,-26.0,D,2026-08-25 06:49:41.535404
2026-08-24,2026-06-01,2026-08-24,district,WEST MADHYA PRADESH,MADHYA PRADESH,SHEOPUR,12.5,8.7,43.0,E,473.6,537.5,-12.0,N,2026-08-25 06:49:41.535404
2026-08-24,2026-06-01,2026-08-24,district,WEST MADHYA PRADESH,MADHYA PRADESH,SHIVPURI,45.2,9.1,397.0,LE,591.9,605.5,-2.0,N,2026-08-25 06:49:41.535404
2026-08-24,2026-06-01,2026-08-24,district,WEST MADHYA PRADESH,MADHYA PRADESH,UJJAIN,0.0,13.8,-100.0,NR,517.0,667.3,-23.0,D,2026-08-25 06:49:41.535404
2026-08-24,2026-06-01,2026-08-24,district,WEST MADHYA PRADESH,MADHYA PRADESH,VIDISHA,9.4,14.0,-33.0,D,611.9,793.8,-23.0,D,2026-08-25 06:49:41.535404
2026-08-24,2026-06-01,2026-08-24,district,WEST RAJASTHAN,RAJASTHAN,BARMER,0.0,2.1,-100.0,NR,188.0,216.9,-13.0,N,2026-08-25 06:49:41.535404
2026-08-24,2026-06-01,2026-08-24,district,WEST RAJASTHAN,RAJASTHAN,BIKANER,0.0,2.0,-100.0,NR,203.5,200.1,2.0,N,2026-08-25 06:49:41.535404
2026-08-24,2026-06-01,2026-08-24,district,WEST RAJASTHAN,RAJASTHAN,CHURU,0.0,5.0,-100.0,NR,264.7,270.9,-2.0,N,2026-08-25 06:49:41.535404
2026-08-24,2026-06-01,2026-08-24,district,WEST RAJASTHAN,RAJASTHAN,HANUMANGARH,0.0,1.8,-100.0,NR,142.8,199.1,-28.0,D,2026-08-25 06:49:41.535404
2026-08-24,2026-06-01,2026-08-24,district,WEST RAJASTHAN,RAJASTHAN,JAISALMER,0.0,1.4,-100.0,NR,83.3,140.5,-41.0,D,2026-08-25 06:49:41.535404
2026-08-24,2026-06-01,2026-08-24,district,WEST RAJASTHAN,RAJASTHAN,JALORE,0.0,2.2,-100.0,NR,143.1,330.9,-57.0,D,2026-08-25 06:49:41.535404
2026-08-24,2026-06-01,2026-08-24,district,WEST RAJASTHAN,RAJASTHAN,JODHPUR,0.0,1.2,-100.0,NR,189.2,229.6,-18.0,N,2026-08-25 06:49:41.535404
2026-08-24,2026-06-01,2026-08-24,district,WEST RAJASTHAN,RAJASTHAN,NAGAUR,0.0,3.0,-100.0,NR,282.1,303.0,-7.0,N,2026-08-25 06:49:41.535404
2026-08-24,2026-06-01,2026-08-24,district,WEST RAJASTHAN,RAJASTHAN,PALI,0.0,4.6,-100.0,NR,206.7,391.4,-47.0,D,2026-08-25 06:49:41.535404
2026-08-24,2026-06-01,2026-08-24,district,WEST RAJASTHAN,RAJASTHAN,SRI GANGANAGAR,0.0,0.8,-100.0,NR,168.7,159.0,6.0,N,2026-08-25 06:49:41.535404
2026-08-24,2026-06-01,2026-08-24,district,WEST UTTAR PRADESH,UTTAR PRADESH,AGRA,25.3,7.6,233.0,LE,388.4,395.2,-2.0,N,2026-08-25 06:49:41.535404
2026-08-24,2026-06-01,2026-08-24,district,WEST UTTAR PRADESH,UTTAR PRADESH,ALIGARH,0.8,8.1,-90.0,LD,266.2,438.8,-39.0,D,2026-08-25 06:49:41.535404
2026-08-24,2026-06-01,2026-08-24,district,WEST UTTAR PRADESH,UTTAR PRADESH,AMROHA,0.0,14.0,-100.0,NR,349.9,619.3,-44.0,D,2026-08-25 06:49:41.535404
2026-08-24,2026-06-01,2026-08-24,district,WEST UTTAR PRADESH,UTTAR PRADESH,AURAIYA,20.1,6.5,209.0,LE,393.4,378.9,4.0,N,2026-08-25 06:49:41.535404
2026-08-24,2026-06-01,2026-08-24,district,WEST UTTAR PRADESH,UTTAR PRADESH,BADAUN,6.5,6.9,-6.0,N,494.5,496.2,0.0,N,2026-08-25 06:49:41.535404
2026-08-24,2026-06-01,2026-08-24,district,WEST UTTAR PRADESH,UTTAR PRADESH,BAGHPAT,12.7,4.5,181.0,LE,400.3,379.8,5.0,N,2026-08-25 06:49:41.535404
2026-08-24,2026-06-01,2026-08-24,district,WEST UTTAR PRADESH,UTTAR PRADESH,BAREILLY,1.2,7.9,-84.0,LD,517.9,589.2,-12.0,N,2026-08-25 06:49:41.535404
2026-08-24,2026-06-01,2026-08-24,district,WEST UTTAR PRADESH,UTTAR PRADESH,BIJNOR,11.4,7.4,54.0,E,831.7,688.5,21.0,E,2026-08-25 06:49:41.535404
2026-08-24,2026-06-01,2026-08-24,district,WEST UTTAR PRADESH,UTTAR PRADESH,BULANDSHAHAR,15.0,8.8,70.0,LE,390.1,398.2,-2.0,N,2026-08-25 06:49:41.535404
2026-08-24,2026-06-01,2026-08-24,district,WEST UTTAR PRADESH,UTTAR PRADESH,ETAH,21.7,10.7,102.0,LE,533.5,372.7,43.0,E,2026-08-25 06:49:41.535404
2026-08-24,2026-06-01,2026-08-24,district,WEST UTTAR PRADESH,UTTAR PRADESH,ETAWAH,11.7,6.2,89.0,LE,466.6,419.9,11.0,N,2026-08-25 06:49:41.535404
2026-08-24,2026-06-01,2026-08-24,district,WEST UTTAR PRADESH,UTTAR PRADESH,FIROZABAD,25.5,6.8,275.0,LE,533.5,427.9,25.0,E,2026-08-25 06:49:41.535404
2026-08-24,2026-06-01,2026-08-24,district,WEST UTTAR PRADESH,UTTAR PRADESH,GAUTAM BUDDHA NAGAR,8.4,8.1,4.0,N,484.8,340.0,43.0,E,2026-08-25 06:49:41.535404
2026-08-24,2026-06-01,2026-08-24,district,WEST UTTAR PRADESH,UTTAR PRADESH,GHAZIABAD,0.0,8.1,-100.0,NR,146.5,342.5,-57.0,D,2026-08-25 06:49:41.535404
2026-08-24,2026-06-01,2026-08-24,district,WEST UTTAR PRADESH,UTTAR PRADESH,HAMIRPUR,3.8,5.8,-34.0,D,660.5,515.3,28.0,E,2026-08-25 06:49:41.535404
2026-08-24,2026-06-01,2026-08-24,district,WEST UTTAR PRADESH,UTTAR PRADESH,HAPUR,0.0,14.4,-100.0,NR,272.0,501.2,-46.0,D,2026-08-25 06:49:41.535404
2026-08-24,2026-06-01,2026-08-24,district,WEST UTTAR PRADESH,UTTAR PRADESH,HATHRAS,1.7,7.1,-77.0,LD,386.6,417.5,-7.0,N,2026-08-25 06:49:41.535404
2026-08-24,2026-06-01,2026-08-24,district,WEST UTTAR PRADESH,UTTAR PRADESH,JALAUN,0.0,4.6,-100.0,NR,441.3,473.8,-7.0,N,2026-08-25 06:49:41.535404
2026-08-24,2026-06-01,2026-08-24,district,WEST UTTAR PRADESH,UTTAR PRADESH,JHANSI,8.0,5.5,45.0,E,337.4,534.6,-37.0,D,2026-08-25 06:49:41.535404
2026-08-24,2026-06-01,2026-08-24,district,WEST UTTAR PRADESH,UTTAR PRADESH,KASGANJ,0.7,12.4,-95.0,LD,453.0,484.1,-6.0,N,2026-08-25 06:49:41.535404
2026-08-24,2026-06-01,2026-08-24,district,WEST UTTAR PRADESH,UTTAR PRADESH,LALITPUR,38.4,6.1,530.0,LE,612.3,611.5,0.0,N,2026-08-25 06:49:41.535404
2026-08-24,2026-06-01,2026-08-24,district,WEST UTTAR PRADESH,UTTAR PRADESH,MAHOBA,1.7,5.2,-67.0,LD,470.0,441.3,7.0,N,2026-08-25 06:49:41.535404
2026-08-24,2026-06-01,2026-08-24,district,WEST UTTAR PRADESH,UTTAR PRADESH,MAINPURI,7.7,6.3,22.0,E,259.7,483.0,-46.0,D,2026-08-25 06:49:41.535404
2026-08-24,2026-06-01,2026-08-24,district,WEST UTTAR PRADESH,UTTAR PRADESH,MATHURA,29.3,7.4,295.0,LE,231.0,374.6,-38.0,D,2026-08-25 06:49:41.535404
2026-08-24,2026-06-01,2026-08-24,district,WEST UTTAR PRADESH,UTTAR PRADESH,MEERUT,2.4,9.8,-76.0,LD,879.5,489.4,80.0,LE,2026-08-25 06:49:41.535404
2026-08-24,2026-06-01,2026-08-24,district,WEST UTTAR PRADESH,UTTAR PRADESH,MORADABAD,1.0,8.6,-88.0,LD,588.8,645.5,-9.0,N,2026-08-25 06:49:41.535404
2026-08-24,2026-06-01,2026-08-24,district,WEST UTTAR PRADESH,UTTAR PRADESH,MUZAFFARNAGAR,0.6,7.7,-92.0,LD,928.5,494.8,88.0,LE,2026-08-25 06:49:41.535404
2026-08-24,2026-06-01,2026-08-24,district,WEST UTTAR PRADESH,UTTAR PRADESH,PILIBHIT,0.0,3.9,-100.0,NR,182.6,626.5,-71.0,LD,2026-08-25 06:49:41.535404
2026-08-24,2026-06-01,2026-08-24,district,WEST UTTAR PRADESH,UTTAR PRADESH,RAMPUR,11.9,9.9,20.0,E,438.4,543.1,-19.0,N,2026-08-25 06:49:41.535404
2026-08-24,2026-06-01,2026-08-24,district,WEST UTTAR PRADESH,UTTAR PRADESH,SAHARANPUR,0.0,10.4,-100.0,NR,471.9,590.6,-20.0,D,2026-08-25 06:49:41.535404
2026-08-24,2026-06-01,2026-08-24,district,WEST UTTAR PRADESH,UTTAR PRADESH,SAMBHAL,0.0,8.1,-100.0,NR,909.0,482.7,88.0,LE,2026-08-25 06:49:41.535404
2026-08-24,2026-06-01,2026-08-24,district,WEST UTTAR PRADESH,UTTAR PRADESH,SHAHJAHANPUR,18.6,6.5,187.0,LE,522.3,568.8,-8.0,N,2026-08-25 06:49:41.535404
2026-08-24,2026-06-01,2026-08-24,district,WEST UTTAR PRADESH,UTTAR PRADESH,SHAMLI,0.0,5.9,-100.0,NR,156.5,410.3,-62.0,LD,2026-08-25 06:49:41.535404
2026-08-24,2026-06-01,2026-08-24,state,ASSAM & MEGHALAYA,ASSAM,,10.9,12.7,-14.0,N,855.7,1123.9,-24.0,D,2026-08-25 06:49:41.535404
2026-08-24,2026-06-01,2026-08-24,state,ASSAM & MEGHALAYA,MEGHALAYA,,7.7,26.8,-71.0,LD,869.2,2085.0,-58.0,D,2026-08-25 06:49:41.535404
2026-08-24,2026-06-01,2026-08-24,state,BIHAR,UTTAR PRADESH,,6.9,7.7,-10.0,N,467.9,548.4,-15.0,N,2026-08-25 06:49:41.535404
2026-08-24,2026-06-01,2026-08-24,state,CHHATTISGARH,ANDHRA PRADESH,,5.2,5.2,0.0,N,206.7,336.9,-39.0,D,2026-08-25 06:49:41.535404
2026-08-24,2026-06-01,2026-08-24,state,COASTAL A. P. & YANAM,ANDHRA PRADESH,,5.2,5.2,0.0,N,206.7,336.9,-39.0,D,2026-08-25 06:49:41.535404
2026-08-24,2026-06-01,2026-08-24,state,COASTAL A. P. & YANAM,PUDUCHERRY (UT),,1.5,4.3,-65.0,LD,176.6,258.2,-32.0,D,2026-08-25 06:49:41.535404
2026-08-24,2026-06-01,2026-08-24,state,EAST MADHYA PRADESH,GUJARAT,,0.4,7.7,-95.0,LD,515.1,546.7,-6.0,N,2026-08-25 06:49:41.535404
2026-08-24,2026-06-01,2026-08-24,state,GUJARAT REGION,DADRA & NAGAR HAVELI AND DAMAN & DIU (UT),,0.7,13.8,-95.0,LD,2704.2,1723.6,57.0,E,2026-08-25 06:49:41.535404
2026-08-24,2026-06-01,2026-08-24,state,GUJARAT REGION,GUJARAT,,0.4,7.7,-95.0,LD,515.1,546.7,-6.0,N,2026-08-25 06:49:41.535404
2026-08-24,2026-06-01,2026-08-24,state,HAR. CHD & DELHI,CHANDIGARH (UT),,0.6,6.9,-92.0,LD,555.4,665.0,-16.0,N,2026-08-25 06:49:41.535404
2026-08-24,2026-06-01,2026-08-24,state,HAR. CHD & DELHI,DELHI,,4.9,7.7,-36.0,D,436.6,408.0,7.0,N,2026-08-25 06:49:41.535404
2026-08-24,2026-06-01,2026-08-24,state,HAR. CHD & DELHI,HARYANA,,1.7,5.0,-66.0,LD,270.1,322.7,-16.0,N,2026-08-25 06:49:41.535404
2026-08-24,2026-06-01,2026-08-24,state,J & K AND LADAKH,JAMMU & KASHMIR(UT),,2.8,6.2,-56.0,D,443.9,420.3,6.0,N,2026-08-25 06:49:41.535404
2026-08-24,2026-06-01,2026-08-24,state,J & K AND LADAKH,LADAKH (UT),,0.0,0.0,-100.0,NR,49.2,15.9,210.0,LE,2026-08-25 06:49:41.535404
2026-08-24,2026-06-01,2026-08-24,state,J & K AND LADAKH,RAJASTHAN,,2.0,4.3,-52.0,D,268.3,345.6,-22.0,D,2026-08-25 06:49:41.535404
2026-08-24,2026-06-01,2026-08-24,state,KERALA & MAHE,KERALA,,23.0,11.9,94.0,LE,1283.3,1671.4,-23.0,D,2026-08-25 06:49:41.535404
2026-08-24,2026-06-01,2026-08-24,state,KERALA & MAHE,PUDUCHERRY (UT),,1.5,4.3,-65.0,LD,176.6,258.2,-32.0,D,2026-08-25 06:49:41.535404
2026-08-24,2026-06-01,2026-08-24,state,KONKAN & GOA,GOA,,17.4,16.3,7.0,N,1713.2,2562.2,-33.0,D,2026-08-25 06:49:41.535404
2026-08-24,2026-06-01,2026-08-24,state,KONKAN & GOA,MAHARASHTRA,,6.7,7.6,-12.0,N,696.4,756.9,-8.0,N,2026-08-25 06:49:41.535404
2026-08-24,2026-06-01,2026-08-24,state,NMMT,MANIPUR,,0.2,8.4,-98.0,LD,453.3,787.2,-42.0,D,2026-08-25 06:49:41.535404
2026-08-24,2026-06-01,2026-08-24,state,NMMT,MIZORAM,,9.2,15.4,-40.0,D,923.4,1175.5,-21.0,D,2026-08-25 06:49:41.535404
2026-08-24,2026-06-01,2026-08-24,state,NMMT,NAGALAND,,21.5,7.5,187.0,LE,814.4,778.1,5.0,N,2026-08-25 06:49:41.535404
2026-08-24,2026-06-01,2026-08-24,state,NMMT,TRIPURA,,2.4,10.8,-78.0,LD,918.0,1063.8,-14.0,N,2026-08-25 06:49:41.535404
2026-08-24,2026-06-01,2026-08-24,state,SAURASHTRA & KUTCH,DADRA & NAGAR HAVELI AND DAMAN & DIU (UT),,0.7,13.8,-95.0,LD,2704.2,1723.6,57.0,E,2026-08-25 06:49:41.535404
2026-08-24,2026-06-01,2026-08-24,state,SAURASHTRA & KUTCH,GUJARAT,,0.4,7.7,-95.0,LD,515.1,546.7,-6.0,N,2026-08-25 06:49:41.535404
2026-08-24,2026-06-01,2026-08-24,state,SHWB & SIKKIM,SIKKIM,,2.2,13.4,-83.0,LD,1212.5,1237.0,-2.0,N,2026-08-25 06:49:41.535404
2026-08-24,2026-06-01,2026-08-24,state,SHWB & SIKKIM,WEST BENGAL,,7.2,9.4,-24.0,D,1003.6,978.4,3.0,N,2026-08-25 06:49:41.535404
2026-08-24,2026-06-01,2026-08-24,state,TAMIL. PUDU.& KARAIKAL,KARNATAKA,,8.9,6.3,41.0,E,491.4,630.8,-22.0,D,2026-08-25 06:49:41.535404
2026-08-24,2026-06-01,2026-08-24,state,TAMIL. PUDU.& KARAIKAL,PUDUCHERRY (UT),,1.5,4.3,-65.0,LD,176.6,258.2,-32.0,D,2026-08-25 06:49:41.535404
2026-08-24,2026-06-01,2026-08-24,state,TAMIL. PUDU.& KARAIKAL,TAMILNADU,,3.7,3.7,0.0,N,156.6,189.3,-17.0,N,2026-08-25 06:49:41.535404
2026-08-24,2026-06-01,2026-08-24,state,WEST RAJASTHAN,MADHYA PRADESH,,8.6,11.6,-26.0,D,643.6,718.9,-10.0,N,2026-08-25 06:49:41.535404
2026-08-24,2026-06-01,2026-08-24,subdivision,A & N ISLAND,,,9.2,12.7,-28.0,D,1182.6,1102.4,7.0,N,2026-08-25 06:49:41.535404
2026-08-24,2026-06-01,2026-08-24,subdivision,ARUNACHAL PRADESH,,,3.4,12.9,-74.0,LD,750.8,1254.6,-40.0,D,2026-08-25 06:49:41.535404
2026-08-24,2026-06-01,2026-08-24,subdivision,ASSAM & MEGHALAYA,,,10.1,16.0,-37.0,D,858.9,1347.6,-36.0,D,2026-08-25 06:49:41.535404
2026-08-24,2026-06-01,2026-08-24,subdivision,BIHAR,,,4.6,10.0,-54.0,D,417.4,720.9,-42.0,D,2026-08-25 06:49:41.535404
2026-08-24,2026-06-01,2026-08-24,subdivision,CHHATTISGARH,,,37.2,8.0,365.0,LE,830.0,850.9,-2.0,N,2026-08-25 06:49:41.535404
2026-08-24,2026-06-01,2026-08-24,subdivision,COASTAL A. P. & YANAM,,,5.6,5.4,3.0,N,252.1,400.5,-37.0,D,2026-08-25 06:49:41.535404
2026-08-24,2026-06-01,2026-08-24,subdivision,COASTAL KARNATAKA,,,25.3,17.7,43.0,E,2017.0,2641.3,-24.0,D,2026-08-25 06:49:41.535404
2026-08-24,2026-06-01,2026-08-24,subdivision,EAST MADHYA PRADESH,,,8.5,11.4,-26.0,D,737.6,787.9,-6.0,N,2026-08-25 06:49:41.535404
2026-08-24,2026-06-01,2026-08-24,subdivision,EAST RAJASTHAN,,,4.6,6.9,-33.0,D,379.8,495.1,-23.0,D,2026-08-25 06:49:41.535404
2026-08-24,2026-06-01,2026-08-24,subdivision,EAST UTTAR PRADESH,,,5.2,7.9,-35.0,D,453.3,581.6,-22.0,D,2026-08-25 06:49:41.535404
2026-08-24,2026-06-01,2026-08-24,subdivision,GANGETIC WEST BENGAL,,,8.4,6.2,35.0,E,900.8,842.8,7.0,N,2026-08-25 06:49:41.535404
2026-08-24,2026-06-01,2026-08-24,subdivision,GUJARAT REGION,,,0.8,11.6,-93.0,LD,790.4,718.9,10.0,N,2026-08-25 06:49:41.535404
2026-08-24,2026-06-01,2026-08-24,subdivision,HAR. CHD & DELHI,,,1.8,5.2,-66.0,LD,275.0,326.2,-16.0,N,2026-08-25 06:49:41.535404
2026-08-24,2026-06-01,2026-08-24,subdivision,HIMACHAL PRADESH,,,5.2,6.7,-22.0,D,530.9,571.4,-7.0,N,2026-08-25 06:49:41.535404
2026-08-24,2026-06-01,2026-08-24,subdivision,J & K AND LADAKH,,,2.8,6.2,-56.0,D,443.9,420.3,6.0,N,2026-08-25 06:49:41.535404
2026-08-24,2026-06-01,2026-08-24,subdivision,JHARKHAND,,,18.9,6.2,205.0,LE,637.7,744.5,-14.0,N,2026-08-25 06:49:41.535404
2026-08-24,2026-06-01,2026-08-24,subdivision,KERALA & MAHE,,,23.0,12.0,92.0,LE,1283.4,1671.5,-23.0,D,2026-08-25 06:49:41.535404
2026-08-24,2026-06-01,2026-08-24,subdivision,KONKAN & GOA,,,8.7,16.9,-49.0,D,2204.2,2353.7,-6.0,N,2026-08-25 06:49:41.535404
2026-08-24,2026-06-01,2026-08-24,subdivision,LAKSHADWEEP,,,3.3,6.3,-47.0,D,589.3,803.0,-27.0,D,2026-08-25 06:49:41.535404
2026-08-24,2026-06-01,2026-08-24,subdivision,MADHYA MAHARASHTRA,,,2.0,5.7,-64.0,LD,619.8,547.7,13.0,N,2026-08-25 06:49:41.535404
2026-08-24,2026-06-01,2026-08-24,subdivision,MARATHWADA,,,5.8,6.4,-9.0,N,328.2,437.6,-25.0,D,2026-08-25 06:49:41.535404
2026-08-24,2026-06-01,2026-08-24,subdivision,N. I. KARNATAKA,,,7.8,4.2,86.0,LE,268.2,314.2,-15.0,N,2026-08-25 06:49:41.535404
2026-08-24,2026-06-01,2026-08-24,subdivision,NMMT,,,8.1,11.0,-26.0,D,765.2,966.0,-21.0,D,2026-08-25 06:49:41.535404
2026-08-24,2026-06-01,2026-08-24,subdivision,ODISHA,,,35.6,7.0,409.0,LE,1078.4,838.8,29.0,E,2026-08-25 06:49:41.535404
2026-08-24,2026-06-01,2026-08-24,subdivision,PUNJAB,,,1.3,3.8,-66.0,LD,226.9,338.2,-33.0,D,2026-08-25 06:49:41.535404
2026-08-24,2026-06-01,2026-08-24,subdivision,RAYALASEEMA,,,4.7,4.9,-5.0,N,147.2,246.6,-40.0,D,2026-08-25 06:49:41.535404
2026-08-24,2026-06-01,2026-08-24,subdivision,S. I. KARNATAKA,,,6.4,5.7,13.0,N,378.1,498.3,-24.0,D,2026-08-25 06:49:41.535404
2026-08-24,2026-06-01,2026-08-24,subdivision,SAURASHTRA & KUTCH,,,0.0,4.5,-99.0,LD,297.3,409.3,-27.0,D,2026-08-25 06:49:41.535404
2026-08-24,2026-06-01,2026-08-24,subdivision,SHWB & SIKKIM,,,3.2,18.8,-83.0,LD,1289.9,1397.3,-8.0,N,2026-08-25 06:49:41.535404
2026-08-24,2026-06-01,2026-08-24,subdivision,TAMIL. PUDU.& KARAIKAL,,,3.7,3.8,-3.0,N,156.6,189.4,-17.0,N,2026-08-25 06:49:41.535404
2026-08-24,2026-06-01,2026-08-24,subdivision,TELANGANA,,,13.9,6.7,108.0,LE,449.3,530.5,-15.0,N,2026-08-25 06:49:41.535404
2026-08-24,2026-06-01,2026-08-24,subdivision,UTTARAKHAND,,,5.4,7.5,-27.0,D,896.4,911.7,-2.0,N,2026-08-25 06:49:41.535404
2026-08-24,2026-06-01,2026-08-24,subdivision,VIDARBHA,,,12.6,7.9,59.0,E,550.8,723.7,-24.0,D,2026-08-25 06:49:41.535404
2026-08-24,2026-06-01,2026-08-24,subdivision,WEST MADHYA PRADESH,,,8.6,11.8,-27.0,D,571.3,665.9,-14.0,N,2026-08-25 06:49:41.535404
2026-08-24,2026-06-01,2026-08-24,subdivision,WEST RAJASTHAN,,,0.0,2.2,-100.0,NR,179.5,226.6,-21.0,D,2026-08-25 06:49:41.535404
2026-08-24,2026-06-01,2026-08-24,subdivision,WEST UTTAR PRADESH,,,9.4,7.5,25.0,E,488.8,501.9,-3.0,N,2026-08-25 06:49:41.535404
