date,period_start,period_end,level,subdivision,state,district,day_actual_mm,day_normal_mm,day_departure_pct,day_category,period_actual_mm,period_normal_mm,period_departure_pct,period_category,scraped_at
2026-10-05,2026-10-01,2026-10-05,district,A & N ISLAND,ANDAMAN & NICOBAR ISLANDS,NICOBAR,0.4,10.0,-96.0,LD,14.9,50.1,-70.0,LD,2026-10-05 13:50:48.287866
2026-10-05,2026-10-01,2026-10-05,district,A & N ISLAND,ANDAMAN & NICOBAR ISLANDS,NORTH & MIDDLE ANDAMAN,0.0,11.5,-100.0,NR,8.5,64.3,-87.0,LD,2026-10-05 13:50:48.287866
2026-10-05,2026-10-01,2026-10-05,district,A & N ISLAND,ANDAMAN & NICOBAR ISLANDS,SOUTH ANDAMAN,10.0,11.4,-12.0,N,27.5,66.2,-58.0,D,2026-10-05 13:50:48.287866
2026-10-05,2026-10-01,2026-10-05,district,ARUNACHAL PRADESH,ARUNACHAL PRADESH,ANJAW,2.1,8.7,-75.0,LD,33.2,53.6,-38.0,D,2026-10-05 13:50:48.287866
2026-10-05,2026-10-01,2026-10-05,district,ARUNACHAL PRADESH,ARUNACHAL PRADESH,CHANGLANG,0.3,6.3,-96.0,LD,17.2,30.1,-43.0,D,2026-10-05 13:50:48.287866
2026-10-05,2026-10-01,2026-10-05,district,ARUNACHAL PRADESH,ARUNACHAL PRADESH,EAST KAMENG,8.8,4.6,91.0,LE,24.0,24.0,0.0,N,2026-10-05 13:50:48.287866
2026-10-05,2026-10-01,2026-10-05,district,ARUNACHAL PRADESH,ARUNACHAL PRADESH,EAST SIANG,69.3,16.1,330.0,LE,88.9,76.4,16.0,N,2026-10-05 13:50:48.287866
2026-10-05,2026-10-01,2026-10-05,district,ARUNACHAL PRADESH,ARUNACHAL PRADESH,KURUNG KUMEY,8.5,5.8,47.0,E,22.2,19.4,14.0,N,2026-10-05 13:50:48.287866
2026-10-05,2026-10-01,2026-10-05,district,ARUNACHAL PRADESH,ARUNACHAL PRADESH,LOHIT,2.2,13.5,-84.0,LD,20.3,57.4,-65.0,LD,2026-10-05 13:50:48.287866
2026-10-05,2026-10-01,2026-10-05,district,ARUNACHAL PRADESH,ARUNACHAL PRADESH,LOWER SUBANSIRI,2.4,3.0,-21.0,D,21.5,10.6,103.0,LE,2026-10-05 13:50:48.287866
2026-10-05,2026-10-01,2026-10-05,district,ARUNACHAL PRADESH,ARUNACHAL PRADESH,PAPUMPARA,10.8,13.2,-18.0,N,71.2,43.8,63.0,LE,2026-10-05 13:50:48.287866
2026-10-05,2026-10-01,2026-10-05,district,ARUNACHAL PRADESH,ARUNACHAL PRADESH,TAWANG,0.0,3.3,-100.0,NR,0.1,17.8,-99.0,LD,2026-10-05 13:50:48.287866
2026-10-05,2026-10-01,2026-10-05,district,ARUNACHAL PRADESH,ARUNACHAL PRADESH,TIRAP,0.5,7.9,-94.0,LD,78.5,56.7,38.0,E,2026-10-05 13:50:48.287866
2026-10-05,2026-10-01,2026-10-05,district,ARUNACHAL PRADESH,ARUNACHAL PRADESH,UPPER SIANG,7.1,13.3,-47.0,D,31.3,51.4,-39.0,D,2026-10-05 13:50:48.287866
2026-10-05,2026-10-01,2026-10-05,district,ARUNACHAL PRADESH,ARUNACHAL PRADESH,UPPER SUBANSIRI,11.6,1.4,726.0,LE,17.5,18.0,-3.0,N,2026-10-05 13:50:48.287866
2026-10-05,2026-10-01,2026-10-05,district,ARUNACHAL PRADESH,ARUNACHAL PRADESH,WEST KAMENG,2.9,6.3,-54.0,D,17.4,38.3,-55.0,D,2026-10-05 13:50:48.287866
2026-10-05,2026-10-01,2026-10-05,district,ARUNACHAL PRADESH,ARUNACHAL PRADESH,WEST SIANG,0.7,11.8,-94.0,LD,20.0,67.2,-70.0,LD,2026-10-05 13:50:48.287866
2026-10-05,2026-10-01,2026-10-05,district,ASSAM & MEGHALAYA,ASSAM,BAJALI,98.5,7.7,1179.0,LE,99.0,33.9,192.0,LE,2026-10-05 13:50:48.287866
2026-10-05,2026-10-01,2026-10-05,district,ASSAM & MEGHALAYA,ASSAM,BAKSA,1.3,4.7,-72.0,LD,42.1,22.4,88.0,LE,2026-10-05 13:50:48.287866
2026-10-05,2026-10-01,2026-10-05,district,ASSAM & MEGHALAYA,ASSAM,BARPETA,22.5,7.7,192.0,LE,25.5,33.9,-25.0,D,2026-10-05 13:50:48.287866
2026-10-05,2026-10-01,2026-10-05,district,ASSAM & MEGHALAYA,ASSAM,BONGAIGAON,12.6,14.1,-11.0,N,44.1,50.7,-13.0,N,2026-10-05 13:50:48.287866
2026-10-05,2026-10-01,2026-10-05,district,ASSAM & MEGHALAYA,ASSAM,CACHAR,0.4,8.3,-96.0,LD,40.5,38.7,5.0,N,2026-10-05 13:50:48.287866
2026-10-05,2026-10-01,2026-10-05,district,ASSAM & MEGHALAYA,ASSAM,CHARAIDEO,2.5,2.7,-7.0,N,43.5,14.3,204.0,LE,2026-10-05 13:50:48.287866
2026-10-05,2026-10-01,2026-10-05,district,ASSAM & MEGHALAYA,ASSAM,CHIRANG,81.8,6.0,1263.0,LE,90.8,31.7,186.0,LE,2026-10-05 13:50:48.287866
2026-10-05,2026-10-01,2026-10-05,district,ASSAM & MEGHALAYA,ASSAM,DARRANG,3.0,2.3,30.0,E,3.5,19.5,-82.0,LD,2026-10-05 13:50:48.287866
2026-10-05,2026-10-01,2026-10-05,district,ASSAM & MEGHALAYA,ASSAM,DHEMAJI,7.4,11.1,-33.0,D,47.0,33.9,39.0,E,2026-10-05 13:50:48.287866
2026-10-05,2026-10-01,2026-10-05,district,ASSAM & MEGHALAYA,ASSAM,DHUBRI,21.7,11.1,96.0,LE,21.7,39.0,-44.0,D,2026-10-05 13:50:48.287866
2026-10-05,2026-10-01,2026-10-05,district,ASSAM & MEGHALAYA,ASSAM,DIBRUGARH,7.8,5.6,40.0,E,47.7,30.6,56.0,E,2026-10-05 13:50:48.287866
2026-10-05,2026-10-01,2026-10-05,district,ASSAM & MEGHALAYA,ASSAM,DIMA HASAO,0.0,5.6,-100.0,NR,3.0,29.5,-90.0,LD,2026-10-05 13:50:48.287866
2026-10-05,2026-10-01,2026-10-05,district,ASSAM & MEGHALAYA,ASSAM,GOALPARA,10.6,16.8,-37.0,D,10.6,50.7,-79.0,LD,2026-10-05 13:50:48.287866
2026-10-05,2026-10-01,2026-10-05,district,ASSAM & MEGHALAYA,ASSAM,GOLAGHAT,4.6,6.2,-26.0,D,16.4,21.7,-24.0,D,2026-10-05 13:50:48.287866
2026-10-05,2026-10-01,2026-10-05,district,ASSAM & MEGHALAYA,ASSAM,HAILAKANDI,0.0,12.1,-100.0,NR,48.9,38.9,26.0,E,2026-10-05 13:50:48.287866
2026-10-05,2026-10-01,2026-10-05,district,ASSAM & MEGHALAYA,ASSAM,HOJAI,0.0,3.2,-100.0,NR,0.3,22.5,-99.0,LD,2026-10-05 13:50:48.287866
2026-10-05,2026-10-01,2026-10-05,district,ASSAM & MEGHALAYA,ASSAM,JORHAT,8.0,5.0,61.0,LE,35.5,25.3,40.0,E,2026-10-05 13:50:48.287866
2026-10-05,2026-10-01,2026-10-05,district,ASSAM & MEGHALAYA,ASSAM,KAMRUP METROPOLITAN,0.3,4.0,-92.0,LD,0.6,21.0,-97.0,LD,2026-10-05 13:50:48.287866
2026-10-05,2026-10-01,2026-10-05,district,ASSAM & MEGHALAYA,ASSAM,KAMRUP RURAL,3.4,4.8,-29.0,D,3.7,22.2,-84.0,LD,2026-10-05 13:50:48.287866
2026-10-05,2026-10-01,2026-10-05,district,ASSAM & MEGHALAYA,ASSAM,KARBI ANGLONG,0.0,5.3,-100.0,NR,30.0,20.3,48.0,E,2026-10-05 13:50:48.287866
2026-10-05,2026-10-01,2026-10-05,district,ASSAM & MEGHALAYA,ASSAM,KOKRAJHAR,4.4,10.0,-57.0,D,4.4,39.2,-89.0,LD,2026-10-05 13:50:48.287866
2026-10-05,2026-10-01,2026-10-05,district,ASSAM & MEGHALAYA,ASSAM,LAKHIMPUR,1.1,9.0,-88.0,LD,36.5,37.7,-3.0,N,2026-10-05 13:50:48.287866
2026-10-05,2026-10-01,2026-10-05,district,ASSAM & MEGHALAYA,ASSAM,MORIGAON,0.0,1.7,-100.0,NR,0.1,12.1,-99.0,LD,2026-10-05 13:50:48.287866
2026-10-05,2026-10-01,2026-10-05,district,ASSAM & MEGHALAYA,ASSAM,NAGAON,0.7,3.4,-78.0,LD,4.5,18.0,-75.0,LD,2026-10-05 13:50:48.287866
2026-10-05,2026-10-01,2026-10-05,district,ASSAM & MEGHALAYA,ASSAM,NALBARI,0.0,5.1,-100.0,NR,2.0,27.9,-93.0,LD,2026-10-05 13:50:48.287866
2026-10-05,2026-10-01,2026-10-05,district,ASSAM & MEGHALAYA,ASSAM,SIBSAGAR,2.1,5.5,-62.0,LD,17.3,21.0,-18.0,N,2026-10-05 13:50:48.287866
2026-10-05,2026-10-01,2026-10-05,district,ASSAM & MEGHALAYA,ASSAM,SONITPUR,5.0,2.0,152.0,LE,25.5,16.6,54.0,E,2026-10-05 13:50:48.287866
2026-10-05,2026-10-01,2026-10-05,district,ASSAM & MEGHALAYA,ASSAM,SRIBHUMI,3.3,15.7,-79.0,LD,147.9,39.9,271.0,LE,2026-10-05 13:50:48.287866
2026-10-05,2026-10-01,2026-10-05,district,ASSAM & MEGHALAYA,ASSAM,TAMULPUR,0.6,3.6,-83.0,LD,56.9,17.4,227.0,LE,2026-10-05 13:50:48.287866
2026-10-05,2026-10-01,2026-10-05,district,ASSAM & MEGHALAYA,ASSAM,TINSUKIA,2.0,5.2,-62.0,LD,53.8,30.0,79.0,LE,2026-10-05 13:50:48.287866
2026-10-05,2026-10-01,2026-10-05,district,ASSAM & MEGHALAYA,ASSAM,UDALGURI,16.8,5.6,199.0,LE,20.0,29.1,-31.0,D,2026-10-05 13:50:48.287866
2026-10-05,2026-10-01,2026-10-05,district,ASSAM & MEGHALAYA,ASSAM,WEST KARBI ANGLONG,0.0,4.4,-100.0,NR,0.0,19.2,-100.0,NR,2026-10-05 13:50:48.287866
2026-10-05,2026-10-01,2026-10-05,district,ASSAM & MEGHALAYA,MEGHALAYA,EAST GARO HILLS,0.0,11.5,-99.0,LD,2.9,48.7,-94.0,LD,2026-10-05 13:50:48.287866
2026-10-05,2026-10-01,2026-10-05,district,ASSAM & MEGHALAYA,MEGHALAYA,EAST JAINTIA HILLS,0.0,52.9,-100.0,NR,13.6,110.8,-88.0,LD,2026-10-05 13:50:48.287866
2026-10-05,2026-10-01,2026-10-05,district,ASSAM & MEGHALAYA,MEGHALAYA,EAST KHASI HILLS,0.5,15.6,-97.0,LD,7.3,63.6,-89.0,LD,2026-10-05 13:50:48.287866
2026-10-05,2026-10-01,2026-10-05,district,ASSAM & MEGHALAYA,MEGHALAYA,NORTH GARO HILLS,3.0,11.6,-74.0,LD,4.4,32.8,-86.0,LD,2026-10-05 13:50:48.287866
2026-10-05,2026-10-01,2026-10-05,district,ASSAM & MEGHALAYA,MEGHALAYA,RI BHOI,7.6,16.5,-54.0,D,16.7,51.3,-68.0,LD,2026-10-05 13:50:48.287866
2026-10-05,2026-10-01,2026-10-05,district,ASSAM & MEGHALAYA,MEGHALAYA,SOUTH GARO HILLS,0.1,11.6,-99.0,LD,9.1,32.8,-72.0,LD,2026-10-05 13:50:48.287866
2026-10-05,2026-10-01,2026-10-05,district,ASSAM & MEGHALAYA,MEGHALAYA,SOUTH WEST GARO HILLS,0.0,11.6,-100.0,NR,1.5,32.8,-95.0,LD,2026-10-05 13:50:48.287866
2026-10-05,2026-10-01,2026-10-05,district,ASSAM & MEGHALAYA,MEGHALAYA,SOUTH WEST KHASI HILLS,0.0,11.6,-100.0,NR,10.0,32.8,-70.0,LD,2026-10-05 13:50:48.287866
2026-10-05,2026-10-01,2026-10-05,district,ASSAM & MEGHALAYA,MEGHALAYA,WEST GARO HILLS,1.3,13.4,-90.0,LD,2.1,45.4,-95.0,LD,2026-10-05 13:50:48.287866
2026-10-05,2026-10-01,2026-10-05,district,ASSAM & MEGHALAYA,MEGHALAYA,WEST JAINTIA HILLS,0.0,52.9,-99.0,LD,83.0,110.8,-25.0,D,2026-10-05 13:50:48.287866
2026-10-05,2026-10-01,2026-10-05,district,ASSAM & MEGHALAYA,MEGHALAYA,WEST KHASI HILLS,0.2,11.7,-99.0,LD,5.6,52.6,-89.0,LD,2026-10-05 13:50:48.287866
2026-10-05,2026-10-01,2026-10-05,district,BIHAR,BIHAR,ARARIA,0.0,5.9,-100.0,NR,0.5,23.4,-98.0,LD,2026-10-05 13:50:48.287866
2026-10-05,2026-10-01,2026-10-05,district,BIHAR,BIHAR,ARWAL,0.0,1.2,-100.0,NR,0.0,7.3,-100.0,NR,2026-10-05 13:50:48.287866
2026-10-05,2026-10-01,2026-10-05,district,BIHAR,BIHAR,AURANGABAD,0.0,3.2,-100.0,NR,0.0,12.2,-100.0,NR,2026-10-05 13:50:48.287866
2026-10-05,2026-10-01,2026-10-05,district,BIHAR,BIHAR,BANKA,0.0,7.2,-100.0,NR,0.0,20.7,-100.0,NR,2026-10-05 13:50:48.287866
2026-10-05,2026-10-01,2026-10-05,district,BIHAR,BIHAR,BEGUSARAI,0.0,6.0,-100.0,NR,0.0,16.0,-100.0,NR,2026-10-05 13:50:48.287866
2026-10-05,2026-10-01,2026-10-05,district,BIHAR,BIHAR,BHABUA,0.0,4.7,-100.0,NR,0.0,12.4,-100.0,NR,2026-10-05 13:50:48.287866
2026-10-05,2026-10-01,2026-10-05,district,BIHAR,BIHAR,BHAGALPUR,0.0,7.5,-100.0,NR,0.0,22.9,-100.0,NR,2026-10-05 13:50:48.287866
2026-10-05,2026-10-01,2026-10-05,district,BIHAR,BIHAR,BHOJPUR,0.0,10.9,-100.0,NR,0.0,25.1,-100.0,NR,2026-10-05 13:50:48.287866
2026-10-05,2026-10-01,2026-10-05,district,BIHAR,BIHAR,BUXAR,0.0,7.4,-100.0,NR,0.0,14.5,-100.0,NR,2026-10-05 13:50:48.287866
2026-10-05,2026-10-01,2026-10-05,district,BIHAR,BIHAR,DARBHANGA,0.0,6.4,-100.0,NR,0.0,21.1,-100.0,NR,2026-10-05 13:50:48.287866
2026-10-05,2026-10-01,2026-10-05,district,BIHAR,BIHAR,EAST CHAMPARAN,0.0,5.8,-99.0,LD,0.0,25.1,-99.0,LD,2026-10-05 13:50:48.287866
2026-10-05,2026-10-01,2026-10-05,district,BIHAR,BIHAR,GAYA,0.0,4.3,-100.0,NR,0.0,14.8,-100.0,NR,2026-10-05 13:50:48.287866
2026-10-05,2026-10-01,2026-10-05,district,BIHAR,BIHAR,GOPALGANJ,0.0,4.1,-100.0,NR,0.0,16.0,-100.0,NR,2026-10-05 13:50:48.287866
2026-10-05,2026-10-01,2026-10-05,district,BIHAR,BIHAR,JAHANABAD,0.0,2.5,-100.0,NR,0.0,10.0,-100.0,NR,2026-10-05 13:50:48.287866
2026-10-05,2026-10-01,2026-10-05,district,BIHAR,BIHAR,JAMUI,0.0,4.2,-100.0,NR,0.0,15.3,-100.0,NR,2026-10-05 13:50:48.287866
2026-10-05,2026-10-01,2026-10-05,district,BIHAR,BIHAR,KATIHAR,0.0,7.0,-100.0,NR,0.0,25.7,-100.0,NR,2026-10-05 13:50:48.287866
2026-10-05,2026-10-01,2026-10-05,district,BIHAR,BIHAR,KHAGARIA,0.0,6.0,-100.0,NR,0.0,16.9,-100.0,NR,2026-10-05 13:50:48.287866
2026-10-05,2026-10-01,2026-10-05,district,BIHAR,BIHAR,KISHANGANJ,10.1,10.6,-5.0,N,10.1,33.3,-70.0,LD,2026-10-05 13:50:48.287866
2026-10-05,2026-10-01,2026-10-05,district,BIHAR,BIHAR,LAKHISARAI,0.0,3.9,-100.0,NR,0.0,13.3,-100.0,NR,2026-10-05 13:50:48.287866
2026-10-05,2026-10-01,2026-10-05,district,BIHAR,BIHAR,MADHEPURA,0.0,7.0,-100.0,NR,0.0,23.6,-100.0,NR,2026-10-05 13:50:48.287866
2026-10-05,2026-10-01,2026-10-05,district,BIHAR,BIHAR,MADHUBANI,0.0,7.9,-100.0,NR,0.2,19.6,-99.0,LD,2026-10-05 13:50:48.287866
2026-10-05,2026-10-01,2026-10-05,district,BIHAR,BIHAR,MUNGER,0.0,6.8,-100.0,NR,0.0,21.9,-100.0,NR,2026-10-05 13:50:48.287866
2026-10-05,2026-10-01,2026-10-05,district,BIHAR,BIHAR,MUZAFFARPUR,0.0,10.3,-100.0,NR,0.0,19.4,-100.0,NR,2026-10-05 13:50:48.287866
2026-10-05,2026-10-01,2026-10-05,district,BIHAR,BIHAR,NALANDA,0.0,5.7,-100.0,NR,0.0,12.0,-100.0,NR,2026-10-05 13:50:48.287866
2026-10-05,2026-10-01,2026-10-05,district,BIHAR,BIHAR,NAWADA,0.0,8.3,-100.0,NR,0.0,18.9,-100.0,NR,2026-10-05 13:50:48.287866
2026-10-05,2026-10-01,2026-10-05,district,BIHAR,BIHAR,PATNA,0.0,7.9,-100.0,NR,0.0,19.8,-100.0,NR,2026-10-05 13:50:48.287866
2026-10-05,2026-10-01,2026-10-05,district,BIHAR,BIHAR,PURNEA,0.0,7.5,-100.0,NR,0.0,31.4,-99.0,LD,2026-10-05 13:50:48.287866
2026-10-05,2026-10-01,2026-10-05,district,BIHAR,BIHAR,ROHTAS,0.0,5.0,-100.0,NR,0.0,13.8,-100.0,NR,2026-10-05 13:50:48.287866
2026-10-05,2026-10-01,2026-10-05,district,BIHAR,BIHAR,SAHARSA,0.0,5.6,-100.0,NR,0.1,22.7,-99.0,LD,2026-10-05 13:50:48.287866
2026-10-05,2026-10-01,2026-10-05,district,BIHAR,BIHAR,SAMASTIPUR,0.0,9.1,-100.0,NR,0.3,18.8,-99.0,LD,2026-10-05 13:50:48.287866
2026-10-05,2026-10-01,2026-10-05,district,BIHAR,BIHAR,SARAN,0.0,10.5,-100.0,NR,0.0,24.6,-100.0,NR,2026-10-05 13:50:48.287866
2026-10-05,2026-10-01,2026-10-05,district,BIHAR,BIHAR,SHEIKHPURA,0.0,6.9,-100.0,NR,0.0,13.5,-100.0,NR,2026-10-05 13:50:48.287866
2026-10-05,2026-10-01,2026-10-05,district,BIHAR,BIHAR,SHEOHAR,0.0,12.5,-100.0,NR,0.0,19.2,-100.0,NR,2026-10-05 13:50:48.287866
2026-10-05,2026-10-01,2026-10-05,district,BIHAR,BIHAR,SITAMARHI,0.0,6.2,-100.0,NR,0.0,19.1,-100.0,NR,2026-10-05 13:50:48.287866
2026-10-05,2026-10-01,2026-10-05,district,BIHAR,BIHAR,SIWAN,0.0,6.0,-100.0,NR,0.0,18.0,-100.0,NR,2026-10-05 13:50:48.287866
2026-10-05,2026-10-01,2026-10-05,district,BIHAR,BIHAR,SUPAUL,0.0,6.8,-100.0,NR,0.0,21.2,-99.0,LD,2026-10-05 13:50:48.287866
2026-10-05,2026-10-01,2026-10-05,district,BIHAR,BIHAR,VAISHALI,0.0,10.0,-100.0,NR,0.0,21.8,-100.0,NR,2026-10-05 13:50:48.287866
2026-10-05,2026-10-01,2026-10-05,district,BIHAR,BIHAR,WEST CHAMPARAN,0.1,4.9,-97.0,LD,0.5,18.7,-98.0,LD,2026-10-05 13:50:48.287866
2026-10-05,2026-10-01,2026-10-05,district,CHHATTISGARH,CHHATTISGARH,BALOD,0.0,1.6,-100.0,NR,0.0,8.7,-100.0,NR,2026-10-05 13:50:48.287866
2026-10-05,2026-10-01,2026-10-05,district,CHHATTISGARH,CHHATTISGARH,BALODA BAZAR,0.0,2.2,-100.0,NR,0.0,11.7,-100.0,NR,2026-10-05 13:50:48.287866
2026-10-05,2026-10-01,2026-10-05,district,CHHATTISGARH,CHHATTISGARH,BALRAMPUR,0.0,3.5,-100.0,NR,0.0,20.6,-100.0,NR,2026-10-05 13:50:48.287866
2026-10-05,2026-10-01,2026-10-05,district,CHHATTISGARH,CHHATTISGARH,BASTAR,0.0,3.2,-100.0,NR,0.0,24.0,-100.0,NR,2026-10-05 13:50:48.287866
2026-10-05,2026-10-01,2026-10-05,district,CHHATTISGARH,CHHATTISGARH,BEMETARA,0.0,5.1,-100.0,NR,0.0,13.5,-100.0,NR,2026-10-05 13:50:48.287866
2026-10-05,2026-10-01,2026-10-05,district,CHHATTISGARH,CHHATTISGARH,BIJAPUR,0.0,3.6,-100.0,NR,0.4,29.1,-99.0,LD,2026-10-05 13:50:48.287866
2026-10-05,2026-10-01,2026-10-05,district,CHHATTISGARH,CHHATTISGARH,BILASPUR,0.0,2.0,-100.0,NR,0.0,13.2,-100.0,NR,2026-10-05 13:50:48.287866
2026-10-05,2026-10-01,2026-10-05,district,CHHATTISGARH,CHHATTISGARH,DANTEWADA,0.0,10.6,-100.0,NR,0.0,36.7,-100.0,NR,2026-10-05 13:50:48.287866
2026-10-05,2026-10-01,2026-10-05,district,CHHATTISGARH,CHHATTISGARH,DHAMTARI,0.0,7.3,-100.0,NR,0.0,19.6,-100.0,NR,2026-10-05 13:50:48.287866
2026-10-05,2026-10-01,2026-10-05,district,CHHATTISGARH,CHHATTISGARH,DURG,0.0,3.4,-100.0,NR,0.0,14.2,-100.0,NR,2026-10-05 13:50:48.287866
2026-10-05,2026-10-01,2026-10-05,district,CHHATTISGARH,CHHATTISGARH,GARIABAND,0.0,5.4,-100.0,NR,0.8,21.5,-96.0,LD,2026-10-05 13:50:48.287866
2026-10-05,2026-10-01,2026-10-05,district,CHHATTISGARH,CHHATTISGARH,GAURELA PENDRA MARWAHI,0.0,5.9,-100.0,NR,0.0,22.0,-100.0,NR,2026-10-05 13:50:48.287866
2026-10-05,2026-10-01,2026-10-05,district,CHHATTISGARH,CHHATTISGARH,JANJGIR,0.0,0.9,-100.0,NR,0.0,17.2,-100.0,NR,2026-10-05 13:50:48.287866
2026-10-05,2026-10-01,2026-10-05,district,CHHATTISGARH,CHHATTISGARH,JASHPUR,0.0,3.6,-100.0,NR,0.0,17.4,-100.0,NR,2026-10-05 13:50:48.287866
2026-10-05,2026-10-01,2026-10-05,district,CHHATTISGARH,CHHATTISGARH,KABIRDHAM,0.0,3.1,-100.0,NR,0.0,14.2,-100.0,NR,2026-10-05 13:50:48.287866
2026-10-05,2026-10-01,2026-10-05,district,CHHATTISGARH,CHHATTISGARH,KANKER,0.0,3.1,-100.0,NR,0.0,16.1,-100.0,NR,2026-10-05 13:50:48.287866
2026-10-05,2026-10-01,2026-10-05,district,CHHATTISGARH,CHHATTISGARH,KHAIRAGARH CHH GANDAI,0.0,3.3,-100.0,NR,0.0,12.6,-100.0,NR,2026-10-05 13:50:48.287866
2026-10-05,2026-10-01,2026-10-05,district,CHHATTISGARH,CHHATTISGARH,KONDAGAON,0.0,3.1,-100.0,NR,0.0,20.0,-100.0,NR,2026-10-05 13:50:48.287866
2026-10-05,2026-10-01,2026-10-05,district,CHHATTISGARH,CHHATTISGARH,KORBA,0.0,2.5,-100.0,NR,0.0,15.6,-100.0,NR,2026-10-05 13:50:48.287866
2026-10-05,2026-10-01,2026-10-05,district,CHHATTISGARH,CHHATTISGARH,KORIYA,0.0,0.7,-100.0,NR,0.0,13.1,-100.0,NR,2026-10-05 13:50:48.287866
2026-10-05,2026-10-01,2026-10-05,district,CHHATTISGARH,CHHATTISGARH,MAHASAMUND,0.0,3.3,-100.0,NR,0.0,13.6,-100.0,NR,2026-10-05 13:50:48.287866
2026-10-05,2026-10-01,2026-10-05,district,CHHATTISGARH,CHHATTISGARH,MANENDRAGARH BHARATPUR,0.0,0.6,-100.0,NR,0.0,13.1,-100.0,NR,2026-10-05 13:50:48.287866
2026-10-05,2026-10-01,2026-10-05,district,CHHATTISGARH,CHHATTISGARH,MOHALA MANPUR CHOWKI,0.0,2.0,-100.0,NR,0.0,10.0,-100.0,NR,2026-10-05 13:50:48.287866
2026-10-05,2026-10-01,2026-10-05,district,CHHATTISGARH,CHHATTISGARH,MUNGELI,0.0,1.0,-100.0,NR,0.0,12.1,-100.0,NR,2026-10-05 13:50:48.287866
2026-10-05,2026-10-01,2026-10-05,district,CHHATTISGARH,CHHATTISGARH,NARAYANPUR,0.0,2.8,-100.0,NR,0.0,19.4,-100.0,NR,2026-10-05 13:50:48.287866
2026-10-05,2026-10-01,2026-10-05,district,CHHATTISGARH,CHHATTISGARH,RAIGARH,0.0,4.0,-100.0,NR,0.0,12.1,-100.0,NR,2026-10-05 13:50:48.287866
2026-10-05,2026-10-01,2026-10-05,district,CHHATTISGARH,CHHATTISGARH,RAIPUR,0.0,3.5,-100.0,NR,0.0,14.8,-100.0,NR,2026-10-05 13:50:48.287866
2026-10-05,2026-10-01,2026-10-05,district,CHHATTISGARH,CHHATTISGARH,RAJNANDGAON,0.0,3.9,-100.0,NR,0.0,15.8,-100.0,NR,2026-10-05 13:50:48.287866
2026-10-05,2026-10-01,2026-10-05,district,CHHATTISGARH,CHHATTISGARH,SAKTI,0.0,2.5,-100.0,NR,0.0,11.7,-100.0,NR,2026-10-05 13:50:48.287866
2026-10-05,2026-10-01,2026-10-05,district,CHHATTISGARH,CHHATTISGARH,SARANGARH BILAIGARH,0.0,5.1,-100.0,NR,0.0,12.7,-100.0,NR,2026-10-05 13:50:48.287866
2026-10-05,2026-10-01,2026-10-05,district,CHHATTISGARH,CHHATTISGARH,SUKMA,0.0,5.7,-100.0,NR,0.0,23.4,-100.0,NR,2026-10-05 13:50:48.287866
2026-10-05,2026-10-01,2026-10-05,district,CHHATTISGARH,CHHATTISGARH,SURAJPUR,0.0,3.7,-100.0,NR,0.0,21.3,-100.0,NR,2026-10-05 13:50:48.287866
2026-10-05,2026-10-01,2026-10-05,district,CHHATTISGARH,CHHATTISGARH,SURGUJA,0.0,3.2,-100.0,NR,0.0,17.4,-100.0,NR,2026-10-05 13:50:48.287866
2026-10-05,2026-10-01,2026-10-05,district,COASTAL A. P. & YANAM,ANDHRA PRADESH,ANAKAPALLI,10.0,10.6,-5.0,N,20.3,49.1,-59.0,D,2026-10-05 13:50:48.287866
2026-10-05,2026-10-01,2026-10-05,district,COASTAL A. P. & YANAM,ANDHRA PRADESH,BAPATLA,0.0,5.9,-100.0,NR,5.2,36.6,-86.0,LD,2026-10-05 13:50:48.287866
2026-10-05,2026-10-01,2026-10-05,district,COASTAL A. P. & YANAM,ANDHRA PRADESH,DR B R AMBEDKAR KONASEEMA,1.2,7.8,-85.0,LD,3.4,57.5,-94.0,LD,2026-10-05 13:50:48.287866
2026-10-05,2026-10-01,2026-10-05,district,COASTAL A. P. & YANAM,ANDHRA PRADESH,EAST GODAVARI,0.0,10.4,-100.0,NR,0.0,43.4,-100.0,NR,2026-10-05 13:50:48.287866
2026-10-05,2026-10-01,2026-10-05,district,COASTAL A. P. & YANAM,ANDHRA PRADESH,ELURU,0.1,6.3,-99.0,LD,1.1,29.8,-96.0,LD,2026-10-05 13:50:48.287866
2026-10-05,2026-10-01,2026-10-05,district,COASTAL A. P. & YANAM,ANDHRA PRADESH,GUNTUR,0.3,6.1,-95.0,LD,3.2,28.1,-89.0,LD,2026-10-05 13:50:48.287866
2026-10-05,2026-10-01,2026-10-05,district,COASTAL A. P. & YANAM,ANDHRA PRADESH,KAKINADA,1.2,10.3,-88.0,LD,19.4,37.7,-49.0,D,2026-10-05 13:50:48.287866
2026-10-05,2026-10-01,2026-10-05,district,COASTAL A. P. & YANAM,ANDHRA PRADESH,KRISHNA,1.1,6.3,-82.0,LD,1.1,34.0,-97.0,LD,2026-10-05 13:50:48.287866
2026-10-05,2026-10-01,2026-10-05,district,COASTAL A. P. & YANAM,ANDHRA PRADESH,NTR DISTRICT,0.0,6.4,-100.0,NR,7.4,30.6,-76.0,LD,2026-10-05 13:50:48.287866
2026-10-05,2026-10-01,2026-10-05,district,COASTAL A. P. & YANAM,ANDHRA PRADESH,PALNADU,0.0,5.0,-100.0,NR,0.0,28.8,-100.0,NR,2026-10-05 13:50:48.287866
2026-10-05,2026-10-01,2026-10-05,district,COASTAL A. P. & YANAM,ANDHRA PRADESH,PARVATHIPURAM MANYAM,0.0,4.9,-100.0,NR,3.7,31.4,-88.0,LD,2026-10-05 13:50:48.287866
2026-10-05,2026-10-01,2026-10-05,district,COASTAL A. P. & YANAM,ANDHRA PRADESH,PRAKASAM,0.0,6.4,-100.0,NR,3.3,29.7,-89.0,LD,2026-10-05 13:50:48.287866
2026-10-05,2026-10-01,2026-10-05,district,COASTAL A. P. & YANAM,ANDHRA PRADESH,SPSR NELLORE,0.0,7.1,-100.0,NR,0.2,27.8,-99.0,LD,2026-10-05 13:50:48.287866
2026-10-05,2026-10-01,2026-10-05,district,COASTAL A. P. & YANAM,ANDHRA PRADESH,SRI ALLURI SITHARAMARAJU DISTRICT,0.0,7.9,-100.0,NR,2.1,38.4,-94.0,LD,2026-10-05 13:50:48.287866
2026-10-05,2026-10-01,2026-10-05,district,COASTAL A. P. & YANAM,ANDHRA PRADESH,SRIKAKULAM,0.0,9.0,-100.0,NR,4.4,42.9,-90.0,LD,2026-10-05 13:50:48.287866
2026-10-05,2026-10-01,2026-10-05,district,COASTAL A. P. & YANAM,ANDHRA PRADESH,VISHAKHAPATNAM,0.0,13.5,-100.0,NR,0.0,47.4,-100.0,NR,2026-10-05 13:50:48.287866
2026-10-05,2026-10-01,2026-10-05,district,COASTAL A. P. & YANAM,ANDHRA PRADESH,VIZIANAGARAM,0.0,7.5,-100.0,NR,1.0,35.8,-97.0,LD,2026-10-05 13:50:48.287866
2026-10-05,2026-10-01,2026-10-05,district,COASTAL A. P. & YANAM,ANDHRA PRADESH,WEST GODAVARI,10.6,9.1,17.0,N,14.2,42.7,-67.0,LD,2026-10-05 13:50:48.287866
2026-10-05,2026-10-01,2026-10-05,district,COASTAL A. P. & YANAM,PUDUCHERRY (UT),YANAM,0.0,7.4,-100.0,NR,0.0,42.8,-100.0,NR,2026-10-05 13:50:48.287866
2026-10-05,2026-10-01,2026-10-05,district,COASTAL KARNATAKA,KARNATAKA,DAKSHINA KANNADA,47.4,11.7,305.0,LE,76.9,59.7,29.0,E,2026-10-05 13:50:48.287866
2026-10-05,2026-10-01,2026-10-05,district,COASTAL KARNATAKA,KARNATAKA,UDUPI,18.0,12.1,49.0,E,18.3,61.6,-70.0,LD,2026-10-05 13:50:48.287866
2026-10-05,2026-10-01,2026-10-05,district,COASTAL KARNATAKA,KARNATAKA,UTTARA KANNADA,1.8,7.1,-75.0,LD,5.7,45.0,-87.0,LD,2026-10-05 13:50:48.287866
2026-10-05,2026-10-01,2026-10-05,district,EAST MADHYA PRADESH,MADHYA PRADESH,ANUPPUR,0.0,1.7,-100.0,NR,0.0,12.1,-100.0,NR,2026-10-05 13:50:48.287866
2026-10-05,2026-10-01,2026-10-05,district,EAST MADHYA PRADESH,MADHYA PRADESH,BALAGHAT,0.0,3.0,-100.0,NR,0.0,14.0,-100.0,NR,2026-10-05 13:50:48.287866
2026-10-05,2026-10-01,2026-10-05,district,EAST MADHYA PRADESH,MADHYA PRADESH,CHHATARPUR,0.0,2.4,-100.0,NR,0.0,13.1,-100.0,NR,2026-10-05 13:50:48.287866
2026-10-05,2026-10-01,2026-10-05,district,EAST MADHYA PRADESH,MADHYA PRADESH,CHHINDWARA,0.0,2.8,-100.0,NR,0.0,16.0,-100.0,NR,2026-10-05 13:50:48.287866
2026-10-05,2026-10-01,2026-10-05,district,EAST MADHYA PRADESH,MADHYA PRADESH,DAMOH,0.0,4.0,-100.0,NR,0.0,12.6,-100.0,NR,2026-10-05 13:50:48.287866
2026-10-05,2026-10-01,2026-10-05,district,EAST MADHYA PRADESH,MADHYA PRADESH,DINDORI,0.0,1.8,-100.0,NR,0.0,9.9,-100.0,NR,2026-10-05 13:50:48.287866
2026-10-05,2026-10-01,2026-10-05,district,EAST MADHYA PRADESH,MADHYA PRADESH,JABALPUR,0.0,1.6,-100.0,NR,0.0,11.9,-100.0,NR,2026-10-05 13:50:48.287866
2026-10-05,2026-10-01,2026-10-05,district,EAST MADHYA PRADESH,MADHYA PRADESH,KATNI,0.0,1.2,-100.0,NR,0.0,10.3,-100.0,NR,2026-10-05 13:50:48.287866
2026-10-05,2026-10-01,2026-10-05,district,EAST MADHYA PRADESH,MADHYA PRADESH,MAIHAR,0.0,0.9,-100.0,NR,0.0,18.7,-100.0,NR,2026-10-05 13:50:48.287866
2026-10-05,2026-10-01,2026-10-05,district,EAST MADHYA PRADESH,MADHYA PRADESH,MANDLA,0.0,1.7,-100.0,NR,0.0,11.5,-100.0,NR,2026-10-05 13:50:48.287866
2026-10-05,2026-10-01,2026-10-05,district,EAST MADHYA PRADESH,MADHYA PRADESH,MAUGANJ,0.0,5.0,-100.0,NR,0.0,16.8,-100.0,NR,2026-10-05 13:50:48.287866
2026-10-05,2026-10-01,2026-10-05,district,EAST MADHYA PRADESH,MADHYA PRADESH,NARSINGHPUR,0.0,1.8,-100.0,NR,1.0,8.7,-89.0,LD,2026-10-05 13:50:48.287866
2026-10-05,2026-10-01,2026-10-05,district,EAST MADHYA PRADESH,MADHYA PRADESH,NIWARI,0.0,1.4,-100.0,NR,0.0,18.6,-100.0,NR,2026-10-05 13:50:48.287866
2026-10-05,2026-10-01,2026-10-05,district,EAST MADHYA PRADESH,MADHYA PRADESH,PANDHURNA,0.0,2.5,-100.0,NR,0.0,12.0,-100.0,NR,2026-10-05 13:50:48.287866
2026-10-05,2026-10-01,2026-10-05,district,EAST MADHYA PRADESH,MADHYA PRADESH,PANNA,0.0,3.0,-100.0,NR,0.0,13.1,-100.0,NR,2026-10-05 13:50:48.287866
2026-10-05,2026-10-01,2026-10-05,district,EAST MADHYA PRADESH,MADHYA PRADESH,REWA,0.0,4.8,-100.0,NR,0.0,18.8,-100.0,NR,2026-10-05 13:50:48.287866
2026-10-05,2026-10-01,2026-10-05,district,EAST MADHYA PRADESH,MADHYA PRADESH,SAGAR,0.0,2.8,-100.0,NR,0.2,8.5,-98.0,LD,2026-10-05 13:50:48.287866
2026-10-05,2026-10-01,2026-10-05,district,EAST MADHYA PRADESH,MADHYA PRADESH,SATNA,0.0,1.5,-100.0,NR,0.0,13.3,-100.0,NR,2026-10-05 13:50:48.287866
2026-10-05,2026-10-01,2026-10-05,district,EAST MADHYA PRADESH,MADHYA PRADESH,SEONI,0.0,1.6,-100.0,NR,0.0,14.8,-100.0,NR,2026-10-05 13:50:48.287866
2026-10-05,2026-10-01,2026-10-05,district,EAST MADHYA PRADESH,MADHYA PRADESH,SHAHDOL,0.0,1.6,-100.0,NR,0.0,11.1,-100.0,NR,2026-10-05 13:50:48.287866
2026-10-05,2026-10-01,2026-10-05,district,EAST MADHYA PRADESH,MADHYA PRADESH,SIDHI,0.0,6.1,-100.0,NR,1.9,18.2,-90.0,LD,2026-10-05 13:50:48.287866
2026-10-05,2026-10-01,2026-10-05,district,EAST MADHYA PRADESH,MADHYA PRADESH,SINGRAULI,0.0,2.8,-100.0,NR,0.0,16.0,-100.0,NR,2026-10-05 13:50:48.287866
2026-10-05,2026-10-01,2026-10-05,district,EAST MADHYA PRADESH,MADHYA PRADESH,TIKAMGARH,0.0,3.8,-100.0,NR,0.0,9.3,-100.0,NR,2026-10-05 13:50:48.287866
2026-10-05,2026-10-01,2026-10-05,district,EAST MADHYA PRADESH,MADHYA PRADESH,UMARIA,0.0,2.8,-100.0,NR,0.0,16.8,-100.0,NR,2026-10-05 13:50:48.287866
2026-10-05,2026-10-01,2026-10-05,district,EAST RAJASTHAN,RAJASTHAN,AJMER,0.0,0.8,-100.0,NR,0.0,2.6,-100.0,NR,2026-10-05 13:50:48.287866
2026-10-05,2026-10-01,2026-10-05,district,EAST RAJASTHAN,RAJASTHAN,ALWAR,0.0,1.5,-100.0,NR,0.0,4.0,-100.0,NR,2026-10-05 13:50:48.287866
2026-10-05,2026-10-01,2026-10-05,district,EAST RAJASTHAN,RAJASTHAN,BANSWARA,0.0,0.6,-100.0,NR,0.0,6.2,-100.0,NR,2026-10-05 13:50:48.287866
2026-10-05,2026-10-01,2026-10-05,district,EAST RAJASTHAN,RAJASTHAN,BARAN,0.0,2.2,-100.0,NR,0.0,6.7,-100.0,NR,2026-10-05 13:50:48.287866
2026-10-05,2026-10-01,2026-10-05,district,EAST RAJASTHAN,RAJASTHAN,BHARATPUR,0.0,1.2,-100.0,NR,0.0,4.5,-100.0,NR,2026-10-05 13:50:48.287866
2026-10-05,2026-10-01,2026-10-05,district,EAST RAJASTHAN,RAJASTHAN,BHILWARA,0.0,0.6,-100.0,NR,0.0,2.3,-100.0,NR,2026-10-05 13:50:48.287866
2026-10-05,2026-10-01,2026-10-05,district,EAST RAJASTHAN,RAJASTHAN,BUNDI,0.0,1.0,-100.0,NR,0.0,2.6,-100.0,NR,2026-10-05 13:50:48.287866
2026-10-05,2026-10-01,2026-10-05,district,EAST RAJASTHAN,RAJASTHAN,CHITTORGARH,0.0,1.1,-100.0,NR,0.0,4.3,-100.0,NR,2026-10-05 13:50:48.287866
2026-10-05,2026-10-01,2026-10-05,district,EAST RAJASTHAN,RAJASTHAN,DAUSA,0.0,1.3,-100.0,NR,0.0,4.2,-100.0,NR,2026-10-05 13:50:48.287866
2026-10-05,2026-10-01,2026-10-05,district,EAST RAJASTHAN,RAJASTHAN,DHOLPUR,0.0,2.4,-100.0,NR,0.0,7.7,-100.0,NR,2026-10-05 13:50:48.287866
2026-10-05,2026-10-01,2026-10-05,district,EAST RAJASTHAN,RAJASTHAN,DUNGARPUR,0.0,0.4,-100.0,NR,0.0,5.2,-100.0,NR,2026-10-05 13:50:48.287866
2026-10-05,2026-10-01,2026-10-05,district,EAST RAJASTHAN,RAJASTHAN,JAIPUR,0.0,1.2,-100.0,NR,0.0,4.8,-100.0,NR,2026-10-05 13:50:48.287866
2026-10-05,2026-10-01,2026-10-05,district,EAST RAJASTHAN,RAJASTHAN,JHALAWAR,0.0,2.7,-100.0,NR,0.0,6.7,-100.0,NR,2026-10-05 13:50:48.287866
2026-10-05,2026-10-01,2026-10-05,district,EAST RAJASTHAN,RAJASTHAN,JHUNJHUNU,0.0,1.2,-100.0,NR,0.0,4.2,-100.0,NR,2026-10-05 13:50:48.287866
2026-10-05,2026-10-01,2026-10-05,district,EAST RAJASTHAN,RAJASTHAN,KARAULI,0.0,1.4,-100.0,NR,0.0,3.9,-100.0,NR,2026-10-05 13:50:48.287866
2026-10-05,2026-10-01,2026-10-05,district,EAST RAJASTHAN,RAJASTHAN,KOTA,0.0,1.6,-100.0,NR,0.0,5.4,-100.0,NR,2026-10-05 13:50:48.287866
2026-10-05,2026-10-01,2026-10-05,district,EAST RAJASTHAN,RAJASTHAN,PRATAPGARH,0.0,1.6,-100.0,NR,0.0,8.6,-100.0,NR,2026-10-05 13:50:48.287866
2026-10-05,2026-10-01,2026-10-05,district,EAST RAJASTHAN,RAJASTHAN,RAJSAMAND,0.0,0.9,-100.0,NR,2.3,4.3,-47.0,D,2026-10-05 13:50:48.287866
2026-10-05,2026-10-01,2026-10-05,district,EAST RAJASTHAN,RAJASTHAN,SAWAI MADHOPUR,0.0,2.9,-100.0,NR,0.0,7.0,-100.0,NR,2026-10-05 13:50:48.287866
2026-10-05,2026-10-01,2026-10-05,district,EAST RAJASTHAN,RAJASTHAN,SIKAR,0.0,1.1,-100.0,NR,0.0,4.7,-100.0,NR,2026-10-05 13:50:48.287866
2026-10-05,2026-10-01,2026-10-05,district,EAST RAJASTHAN,RAJASTHAN,SIROHI,0.0,1.0,-100.0,NR,0.0,4.6,-100.0,NR,2026-10-05 13:50:48.287866
2026-10-05,2026-10-01,2026-10-05,district,EAST RAJASTHAN,RAJASTHAN,TONK,0.0,0.9,-100.0,NR,0.0,2.8,-100.0,NR,2026-10-05 13:50:48.287866
2026-10-05,2026-10-01,2026-10-05,district,EAST RAJASTHAN,RAJASTHAN,UDAIPUR,0.0,0.8,-100.0,NR,0.0,4.3,-100.0,NR,2026-10-05 13:50:48.287866
2026-10-05,2026-10-01,2026-10-05,district,EAST UTTAR PRADESH,UTTAR PRADESH,AMBEDKAR NAGAR,0.0,4.4,-100.0,NR,0.0,9.1,-100.0,NR,2026-10-05 13:50:48.287866
2026-10-05,2026-10-01,2026-10-05,district,EAST UTTAR PRADESH,UTTAR PRADESH,AMETHI,0.0,2.9,-100.0,NR,0.0,8.2,-100.0,NR,2026-10-05 13:50:48.287866
2026-10-05,2026-10-01,2026-10-05,district,EAST UTTAR PRADESH,UTTAR PRADESH,AYODHYA,0.0,2.7,-100.0,NR,0.0,12.7,-100.0,NR,2026-10-05 13:50:48.287866
2026-10-05,2026-10-01,2026-10-05,district,EAST UTTAR PRADESH,UTTAR PRADESH,AZAMGARH,0.0,6.0,-100.0,NR,0.0,15.3,-100.0,NR,2026-10-05 13:50:48.287866
2026-10-05,2026-10-01,2026-10-05,district,EAST UTTAR PRADESH,UTTAR PRADESH,BAHRAICH,0.0,3.3,-100.0,NR,0.0,10.5,-100.0,NR,2026-10-05 13:50:48.287866
2026-10-05,2026-10-01,2026-10-05,district,EAST UTTAR PRADESH,UTTAR PRADESH,BALLIA,0.0,5.6,-100.0,NR,0.0,15.2,-100.0,NR,2026-10-05 13:50:48.287866
2026-10-05,2026-10-01,2026-10-05,district,EAST UTTAR PRADESH,UTTAR PRADESH,BALRAMPUR,0.0,1.9,-100.0,NR,0.0,8.0,-100.0,NR,2026-10-05 13:50:48.287866
2026-10-05,2026-10-01,2026-10-05,district,EAST UTTAR PRADESH,UTTAR PRADESH,BANDA,0.0,2.1,-100.0,NR,0.0,8.7,-100.0,NR,2026-10-05 13:50:48.287866
2026-10-05,2026-10-01,2026-10-05,district,EAST UTTAR PRADESH,UTTAR PRADESH,BARABANKI,0.0,2.6,-100.0,NR,0.0,12.6,-100.0,NR,2026-10-05 13:50:48.287866
2026-10-05,2026-10-01,2026-10-05,district,EAST UTTAR PRADESH,UTTAR PRADESH,BASTI,0.0,3.2,-100.0,NR,0.0,10.8,-100.0,NR,2026-10-05 13:50:48.287866
2026-10-05,2026-10-01,2026-10-05,district,EAST UTTAR PRADESH,UTTAR PRADESH,BHADOHI,0.0,2.0,-100.0,NR,0.0,17.5,-100.0,NR,2026-10-05 13:50:48.287866
2026-10-05,2026-10-01,2026-10-05,district,EAST UTTAR PRADESH,UTTAR PRADESH,CHANDAULI,0.0,3.9,-100.0,NR,0.0,9.7,-100.0,NR,2026-10-05 13:50:48.287866
2026-10-05,2026-10-01,2026-10-05,district,EAST UTTAR PRADESH,UTTAR PRADESH,CHITRAKOOT,0.0,3.1,-100.0,NR,0.0,17.1,-100.0,NR,2026-10-05 13:50:48.287866
2026-10-05,2026-10-01,2026-10-05,district,EAST UTTAR PRADESH,UTTAR PRADESH,DEORIA,0.0,5.9,-100.0,NR,0.0,15.8,-100.0,NR,2026-10-05 13:50:48.287866
2026-10-05,2026-10-01,2026-10-05,district,EAST UTTAR PRADESH,UTTAR PRADESH,FARRUKHABAD,0.0,4.6,-100.0,NR,0.0,9.4,-100.0,NR,2026-10-05 13:50:48.287866
2026-10-05,2026-10-01,2026-10-05,district,EAST UTTAR PRADESH,UTTAR PRADESH,FATEHPUR,0.0,2.7,-100.0,NR,0.0,6.8,-100.0,NR,2026-10-05 13:50:48.287866
2026-10-05,2026-10-01,2026-10-05,district,EAST UTTAR PRADESH,UTTAR PRADESH,GHAZIPUR,0.0,5.8,-100.0,NR,0.0,15.5,-100.0,NR,2026-10-05 13:50:48.287866
2026-10-05,2026-10-01,2026-10-05,district,EAST UTTAR PRADESH,UTTAR PRADESH,GONDA,0.0,4.1,-100.0,NR,0.0,16.4,-100.0,NR,2026-10-05 13:50:48.287866
2026-10-05,2026-10-01,2026-10-05,district,EAST UTTAR PRADESH,UTTAR PRADESH,GORAKHPUR,0.0,4.0,-100.0,NR,0.0,20.7,-100.0,NR,2026-10-05 13:50:48.287866
2026-10-05,2026-10-01,2026-10-05,district,EAST UTTAR PRADESH,UTTAR PRADESH,HARDOI,0.0,2.6,-100.0,NR,0.0,9.0,-100.0,NR,2026-10-05 13:50:48.287866
2026-10-05,2026-10-01,2026-10-05,district,EAST UTTAR PRADESH,UTTAR PRADESH,JAUNPUR,0.0,5.9,-100.0,NR,0.0,12.8,-100.0,NR,2026-10-05 13:50:48.287866
2026-10-05,2026-10-01,2026-10-05,district,EAST UTTAR PRADESH,UTTAR PRADESH,KANNAUJ,0.0,4.5,-100.0,NR,0.0,10.8,-100.0,NR,2026-10-05 13:50:48.287866
2026-10-05,2026-10-01,2026-10-05,district,EAST UTTAR PRADESH,UTTAR PRADESH,KANPUR CITY,0.0,4.3,-100.0,NR,0.0,12.6,-100.0,NR,2026-10-05 13:50:48.287866
2026-10-05,2026-10-01,2026-10-05,district,EAST UTTAR PRADESH,UTTAR PRADESH,KANPUR DEHAT,0.0,4.3,-100.0,NR,0.0,9.8,-100.0,NR,2026-10-05 13:50:48.287866
2026-10-05,2026-10-01,2026-10-05,district,EAST UTTAR PRADESH,UTTAR PRADESH,KAUSHAMBI,0.0,1.2,-100.0,NR,0.0,8.1,-100.0,NR,2026-10-05 13:50:48.287866
2026-10-05,2026-10-01,2026-10-05,district,EAST UTTAR PRADESH,UTTAR PRADESH,KHERI,0.0,2.8,-100.0,NR,0.0,9.9,-100.0,NR,2026-10-05 13:50:48.287866
2026-10-05,2026-10-01,2026-10-05,district,EAST UTTAR PRADESH,UTTAR PRADESH,KUSHI NAGAR,0.0,2.4,-100.0,NR,0.0,12.1,-100.0,NR,2026-10-05 13:50:48.287866
2026-10-05,2026-10-01,2026-10-05,district,EAST UTTAR PRADESH,UTTAR PRADESH,LUCKNOW,0.0,3.1,-100.0,NR,0.0,9.3,-100.0,NR,2026-10-05 13:50:48.287866
2026-10-05,2026-10-01,2026-10-05,district,EAST UTTAR PRADESH,UTTAR PRADESH,MAHARAJGANJ,0.0,3.8,-100.0,NR,0.0,14.5,-100.0,NR,2026-10-05 13:50:48.287866
2026-10-05,2026-10-01,2026-10-05,district,EAST UTTAR PRADESH,UTTAR PRADESH,MAU,0.0,7.9,-100.0,NR,0.0,13.9,-100.0,NR,2026-10-05 13:50:48.287866
2026-10-05,2026-10-01,2026-10-05,district,EAST UTTAR PRADESH,UTTAR PRADESH,MIRZAPUR,0.0,5.3,-100.0,NR,0.0,13.7,-100.0,NR,2026-10-05 13:50:48.287866
2026-10-05,2026-10-01,2026-10-05,district,EAST UTTAR PRADESH,UTTAR PRADESH,PRATAPGARH,0.0,3.5,-100.0,NR,0.0,12.4,-100.0,NR,2026-10-05 13:50:48.287866
2026-10-05,2026-10-01,2026-10-05,district,EAST UTTAR PRADESH,UTTAR PRADESH,PRAYAGRAJ,0.0,6.1,-100.0,NR,0.0,14.3,-100.0,NR,2026-10-05 13:50:48.287866
2026-10-05,2026-10-01,2026-10-05,district,EAST UTTAR PRADESH,UTTAR PRADESH,RAE BAREILLY,0.0,1.7,-100.0,NR,0.0,9.7,-100.0,NR,2026-10-05 13:50:48.287866
2026-10-05,2026-10-01,2026-10-05,district,EAST UTTAR PRADESH,UTTAR PRADESH,SANT KABIR NAGAR,0.0,0.7,-100.0,NR,0.0,4.7,-100.0,NR,2026-10-05 13:50:48.287866
2026-10-05,2026-10-01,2026-10-05,district,EAST UTTAR PRADESH,UTTAR PRADESH,SHRAWASTI,0.0,3.5,-100.0,NR,0.0,10.7,-100.0,NR,2026-10-05 13:50:48.287866
2026-10-05,2026-10-01,2026-10-05,district,EAST UTTAR PRADESH,UTTAR PRADESH,SIDDHARTH NAGAR,1.9,2.4,-20.0,D,1.9,11.2,-83.0,LD,2026-10-05 13:50:48.287866
2026-10-05,2026-10-01,2026-10-05,district,EAST UTTAR PRADESH,UTTAR PRADESH,SITAPUR,0.0,3.0,-100.0,NR,0.0,10.4,-100.0,NR,2026-10-05 13:50:48.287866
2026-10-05,2026-10-01,2026-10-05,district,EAST UTTAR PRADESH,UTTAR PRADESH,SONBHADRA,0.0,2.5,-100.0,NR,0.0,10.6,-100.0,NR,2026-10-05 13:50:48.287866
2026-10-05,2026-10-01,2026-10-05,district,EAST UTTAR PRADESH,UTTAR PRADESH,SULTANPUR,0.0,3.7,-100.0,NR,0.0,11.5,-100.0,NR,2026-10-05 13:50:48.287866
2026-10-05,2026-10-01,2026-10-05,district,EAST UTTAR PRADESH,UTTAR PRADESH,UNNAO,0.0,3.0,-100.0,NR,0.0,9.1,-100.0,NR,2026-10-05 13:50:48.287866
2026-10-05,2026-10-01,2026-10-05,district,EAST UTTAR PRADESH,UTTAR PRADESH,VARANASI,0.0,6.4,-100.0,NR,0.0,15.4,-100.0,NR,2026-10-05 13:50:48.287866
2026-10-05,2026-10-01,2026-10-05,district,GANGETIC WEST BENGAL,WEST BENGAL,BANKURA,0.0,6.9,-100.0,NR,0.0,28.4,-100.0,NR,2026-10-05 13:50:48.287866
2026-10-05,2026-10-01,2026-10-05,district,GANGETIC WEST BENGAL,WEST BENGAL,BIRBHUM,0.0,5.2,-100.0,NR,0.0,28.2,-100.0,NR,2026-10-05 13:50:48.287866
2026-10-05,2026-10-01,2026-10-05,district,GANGETIC WEST BENGAL,WEST BENGAL,EAST MIDNAPORE,0.0,9.1,-100.0,NR,0.2,42.4,-99.0,LD,2026-10-05 13:50:48.287866
2026-10-05,2026-10-01,2026-10-05,district,GANGETIC WEST BENGAL,WEST BENGAL,HOOGHLY,0.0,3.8,-100.0,NR,0.0,21.3,-100.0,NR,2026-10-05 13:50:48.287866
2026-10-05,2026-10-01,2026-10-05,district,GANGETIC WEST BENGAL,WEST BENGAL,HOWRAH,0.0,3.9,-100.0,NR,0.8,25.4,-97.0,LD,2026-10-05 13:50:48.287866
2026-10-05,2026-10-01,2026-10-05,district,GANGETIC WEST BENGAL,WEST BENGAL,JHARGRAM,0.0,7.3,-100.0,NR,0.0,30.7,-100.0,NR,2026-10-05 13:50:48.287866
2026-10-05,2026-10-01,2026-10-05,district,GANGETIC WEST BENGAL,WEST BENGAL,KOLKATA,1.4,9.3,-85.0,LD,3.4,37.3,-91.0,LD,2026-10-05 13:50:48.287866
2026-10-05,2026-10-01,2026-10-05,district,GANGETIC WEST BENGAL,WEST BENGAL,MURSHIDABAD,0.0,5.2,-100.0,NR,0.0,26.4,-100.0,NR,2026-10-05 13:50:48.287866
2026-10-05,2026-10-01,2026-10-05,district,GANGETIC WEST BENGAL,WEST BENGAL,NADIA,0.0,4.8,-100.0,NR,0.7,24.3,-97.0,LD,2026-10-05 13:50:48.287866
2026-10-05,2026-10-01,2026-10-05,district,GANGETIC WEST BENGAL,WEST BENGAL,NORTH 24 PARGANAS,11.0,6.7,65.0,LE,47.3,30.9,53.0,E,2026-10-05 13:50:48.287866
2026-10-05,2026-10-01,2026-10-05,district,GANGETIC WEST BENGAL,WEST BENGAL,PASCHIM BARDHAMAN,0.0,7.2,-100.0,NR,0.0,30.5,-100.0,NR,2026-10-05 13:50:48.287866
2026-10-05,2026-10-01,2026-10-05,district,GANGETIC WEST BENGAL,WEST BENGAL,PURBA BARDHAMAN,0.0,4.8,-100.0,NR,0.0,22.6,-100.0,NR,2026-10-05 13:50:48.287866
2026-10-05,2026-10-01,2026-10-05,district,GANGETIC WEST BENGAL,WEST BENGAL,PURULIA,0.0,8.1,-100.0,NR,0.0,25.1,-100.0,NR,2026-10-05 13:50:48.287866
2026-10-05,2026-10-01,2026-10-05,district,GANGETIC WEST BENGAL,WEST BENGAL,SOUTH 24 PARGANAS,0.0,7.0,-100.0,NR,7.0,38.4,-82.0,LD,2026-10-05 13:50:48.287866
2026-10-05,2026-10-01,2026-10-05,district,GANGETIC WEST BENGAL,WEST BENGAL,WEST MIDNAPORE,0.0,7.3,-100.0,NR,0.0,30.7,-100.0,NR,2026-10-05 13:50:48.287866
2026-10-05,2026-10-01,2026-10-05,district,GUJARAT REGION,DADRA & NAGAR HAVELI AND DAMAN & DIU (UT),DADARA & NAGAR HAVELI,0.0,2.1,-100.0,NR,0.0,12.4,-100.0,NR,2026-10-05 13:50:48.287866
2026-10-05,2026-10-01,2026-10-05,district,GUJARAT REGION,DADRA & NAGAR HAVELI AND DAMAN & DIU (UT),DAMAN,0.0,2.1,-100.0,NR,0.0,12.4,-100.0,NR,2026-10-05 13:50:48.287866
2026-10-05,2026-10-01,2026-10-05,district,GUJARAT REGION,GUJARAT,AHMEDABAD,0.0,0.3,-100.0,NR,0.0,3.5,-100.0,NR,2026-10-05 13:50:48.287866
2026-10-05,2026-10-01,2026-10-05,district,GUJARAT REGION,GUJARAT,ANAND,0.0,0.3,-100.0,NR,0.0,4.3,-100.0,NR,2026-10-05 13:50:48.287866
2026-10-05,2026-10-01,2026-10-05,district,GUJARAT REGION,GUJARAT,ARAVALLI,0.0,1.3,-100.0,NR,0.0,5.6,-100.0,NR,2026-10-05 13:50:48.287866
2026-10-05,2026-10-01,2026-10-05,district,GUJARAT REGION,GUJARAT,BANASKANTHA,0.0,1.5,-100.0,NR,0.0,5.9,-100.0,NR,2026-10-05 13:50:48.287866
2026-10-05,2026-10-01,2026-10-05,district,GUJARAT REGION,GUJARAT,BHARUCH,0.0,1.8,-100.0,NR,0.0,5.6,-100.0,NR,2026-10-05 13:50:48.287866
2026-10-05,2026-10-01,2026-10-05,district,GUJARAT REGION,GUJARAT,CHHOTA UDEPUR,0.0,1.8,-100.0,NR,0.0,9.6,-100.0,NR,2026-10-05 13:50:48.287866
2026-10-05,2026-10-01,2026-10-05,district,GUJARAT REGION,GUJARAT,DAHOD,0.0,0.7,-100.0,NR,0.0,6.5,-100.0,NR,2026-10-05 13:50:48.287866
2026-10-05,2026-10-01,2026-10-05,district,GUJARAT REGION,GUJARAT,DANGS,0.0,5.8,-100.0,NR,0.0,30.6,-100.0,NR,2026-10-05 13:50:48.287866
2026-10-05,2026-10-01,2026-10-05,district,GUJARAT REGION,GUJARAT,GANDHINAGAR,0.0,0.4,-100.0,NR,0.0,3.3,-100.0,NR,2026-10-05 13:50:48.287866
2026-10-05,2026-10-01,2026-10-05,district,GUJARAT REGION,GUJARAT,KHEDA,0.0,0.6,-100.0,NR,0.0,3.4,-100.0,NR,2026-10-05 13:50:48.287866
2026-10-05,2026-10-01,2026-10-05,district,GUJARAT REGION,GUJARAT,MAHISAGAR,0.0,1.0,-100.0,NR,0.0,5.8,-100.0,NR,2026-10-05 13:50:48.287866
2026-10-05,2026-10-01,2026-10-05,district,GUJARAT REGION,GUJARAT,MEHSANA,0.0,1.0,-100.0,NR,0.0,4.9,-100.0,NR,2026-10-05 13:50:48.287866
2026-10-05,2026-10-01,2026-10-05,district,GUJARAT REGION,GUJARAT,NARMADA,0.0,3.2,-100.0,NR,0.0,9.2,-100.0,NR,2026-10-05 13:50:48.287866
2026-10-05,2026-10-01,2026-10-05,district,GUJARAT REGION,GUJARAT,NAVSARI,0.0,1.8,-100.0,NR,0.0,10.9,-100.0,NR,2026-10-05 13:50:48.287866
2026-10-05,2026-10-01,2026-10-05,district,GUJARAT REGION,GUJARAT,PANCHMAHAL,0.0,1.3,-100.0,NR,0.0,5.4,-100.0,NR,2026-10-05 13:50:48.287866
2026-10-05,2026-10-01,2026-10-05,district,GUJARAT REGION,GUJARAT,PATAN,0.0,0.9,-100.0,NR,0.0,4.8,-100.0,NR,2026-10-05 13:50:48.287866
2026-10-05,2026-10-01,2026-10-05,district,GUJARAT REGION,GUJARAT,SABARKANTHA,0.0,0.7,-100.0,NR,0.0,4.3,-100.0,NR,2026-10-05 13:50:48.287866
2026-10-05,2026-10-01,2026-10-05,district,GUJARAT REGION,GUJARAT,SURAT,0.0,2.8,-100.0,NR,0.0,12.2,-100.0,NR,2026-10-05 13:50:48.287866
2026-10-05,2026-10-01,2026-10-05,district,GUJARAT REGION,GUJARAT,TAPI,0.0,0.9,-100.0,NR,0.0,10.6,-100.0,NR,2026-10-05 13:50:48.287866
2026-10-05,2026-10-01,2026-10-05,district,GUJARAT REGION,GUJARAT,VADODARA,0.0,1.0,-100.0,NR,0.0,6.8,-100.0,NR,2026-10-05 13:50:48.287866
2026-10-05,2026-10-01,2026-10-05,district,GUJARAT REGION,GUJARAT,VALSAD,0.0,3.5,-100.0,NR,0.0,16.5,-100.0,NR,2026-10-05 13:50:48.287866
2026-10-05,2026-10-01,2026-10-05,district,HAR. CHD & DELHI,CHANDIGARH (UT),CHANDIGARH,0.0,3.8,-100.0,NR,0.0,7.0,-100.0,NR,2026-10-05 13:50:48.287866
2026-10-05,2026-10-01,2026-10-05,district,HAR. CHD & DELHI,DELHI,CENTRAL DELHI,0.0,0.4,-100.0,NR,0.0,6.0,-100.0,NR,2026-10-05 13:50:48.287866
2026-10-05,2026-10-01,2026-10-05,district,HAR. CHD & DELHI,DELHI,EAST DELHI,0.0,0.4,-100.0,NR,0.0,6.0,-100.0,NR,2026-10-05 13:50:48.287866
2026-10-05,2026-10-01,2026-10-05,district,HAR. CHD & DELHI,DELHI,NEW DELHI,0.0,1.2,-100.0,NR,0.0,6.4,-100.0,NR,2026-10-05 13:50:48.287866
2026-10-05,2026-10-01,2026-10-05,district,HAR. CHD & DELHI,DELHI,NORTH EAST DELHI,0.0,0.4,-100.0,NR,0.0,6.0,-100.0,NR,2026-10-05 13:50:48.287866
2026-10-05,2026-10-01,2026-10-05,district,HAR. CHD & DELHI,DELHI,NORTH WEST DELHI,0.0,0.0,-100.0,NR,0.0,1.1,-100.0,NR,2026-10-05 13:50:48.287866
2026-10-05,2026-10-01,2026-10-05,district,HAR. CHD & DELHI,DELHI,SOUTH DELHI,0.0,0.4,-100.0,NR,0.0,6.0,-100.0,NR,2026-10-05 13:50:48.287866
2026-10-05,2026-10-01,2026-10-05,district,HAR. CHD & DELHI,DELHI,SOUTH EAST DELHI,0.0,0.4,-100.0,NR,0.0,6.0,-100.0,NR,2026-10-05 13:50:48.287866
2026-10-05,2026-10-01,2026-10-05,district,HAR. CHD & DELHI,DELHI,SOUTH WEST DELHI,0.0,0.4,-100.0,NR,0.0,8.7,-100.0,NR,2026-10-05 13:50:48.287866
2026-10-05,2026-10-01,2026-10-05,district,HAR. CHD & DELHI,DELHI,WEST DELHI,0.0,1.1,-100.0,NR,0.0,4.3,-100.0,NR,2026-10-05 13:50:48.287866
2026-10-05,2026-10-01,2026-10-05,district,HAR. CHD & DELHI,HARYANA,AMBALA,0.0,2.2,-100.0,NR,0.0,4.2,-100.0,NR,2026-10-05 13:50:48.287866
2026-10-05,2026-10-01,2026-10-05,district,HAR. CHD & DELHI,HARYANA,BHIWANI,0.0,0.7,-100.0,NR,0.0,2.7,-100.0,NR,2026-10-05 13:50:48.287866
2026-10-05,2026-10-01,2026-10-05,district,HAR. CHD & DELHI,HARYANA,CHARKHI DADRI,0.0,0.8,-100.0,NR,0.0,2.1,-100.0,NR,2026-10-05 13:50:48.287866
2026-10-05,2026-10-01,2026-10-05,district,HAR. CHD & DELHI,HARYANA,FARIDABAD,0.0,1.5,-100.0,NR,0.0,5.4,-100.0,NR,2026-10-05 13:50:48.287866
2026-10-05,2026-10-01,2026-10-05,district,HAR. CHD & DELHI,HARYANA,FATEHABAD,0.0,0.8,-100.0,NR,0.0,2.5,-100.0,NR,2026-10-05 13:50:48.287866
2026-10-05,2026-10-01,2026-10-05,district,HAR. CHD & DELHI,HARYANA,GURGAON,0.0,0.8,-100.0,NR,0.0,2.7,-100.0,NR,2026-10-05 13:50:48.287866
2026-10-05,2026-10-01,2026-10-05,district,HAR. CHD & DELHI,HARYANA,HISAR,0.0,1.4,-100.0,NR,0.0,2.9,-100.0,NR,2026-10-05 13:50:48.287866
2026-10-05,2026-10-01,2026-10-05,district,HAR. CHD & DELHI,HARYANA,JHAJJAR,0.0,0.3,-100.0,NR,0.0,1.3,-100.0,NR,2026-10-05 13:50:48.287866
2026-10-05,2026-10-01,2026-10-05,district,HAR. CHD & DELHI,HARYANA,JIND,0.0,0.4,-100.0,NR,0.0,3.2,-100.0,NR,2026-10-05 13:50:48.287866
2026-10-05,2026-10-01,2026-10-05,district,HAR. CHD & DELHI,HARYANA,KAITHAL,0.0,0.7,-100.0,NR,0.0,2.4,-100.0,NR,2026-10-05 13:50:48.287866
2026-10-05,2026-10-01,2026-10-05,district,HAR. CHD & DELHI,HARYANA,KARNAL,0.0,1.2,-100.0,NR,0.0,3.2,-100.0,NR,2026-10-05 13:50:48.287866
2026-10-05,2026-10-01,2026-10-05,district,HAR. CHD & DELHI,HARYANA,KURUKSHETRA,0.0,2.3,-100.0,NR,0.0,3.4,-100.0,NR,2026-10-05 13:50:48.287866
2026-10-05,2026-10-01,2026-10-05,district,HAR. CHD & DELHI,HARYANA,MAHENDRAGARH,0.0,0.4,-100.0,NR,0.0,2.7,-100.0,NR,2026-10-05 13:50:48.287866
2026-10-05,2026-10-01,2026-10-05,district,HAR. CHD & DELHI,HARYANA,NUH,0.0,0.6,-100.0,NR,0.0,2.5,-100.0,NR,2026-10-05 13:50:48.287866
2026-10-05,2026-10-01,2026-10-05,district,HAR. CHD & DELHI,HARYANA,PALWAL,0.0,0.7,-100.0,NR,0.0,2.7,-100.0,NR,2026-10-05 13:50:48.287866
2026-10-05,2026-10-01,2026-10-05,district,HAR. CHD & DELHI,HARYANA,PANCHKULA,0.0,0.7,-100.0,NR,0.0,2.2,-100.0,NR,2026-10-05 13:50:48.287866
2026-10-05,2026-10-01,2026-10-05,district,HAR. CHD & DELHI,HARYANA,PANIPAT,0.0,0.4,-100.0,NR,0.0,1.6,-100.0,NR,2026-10-05 13:50:48.287866
2026-10-05,2026-10-01,2026-10-05,district,HAR. CHD & DELHI,HARYANA,REWARI,0.0,1.3,-100.0,NR,0.0,3.7,-100.0,NR,2026-10-05 13:50:48.287866
2026-10-05,2026-10-01,2026-10-05,district,HAR. CHD & DELHI,HARYANA,ROHTAK,0.0,1.2,-100.0,NR,0.0,3.5,-100.0,NR,2026-10-05 13:50:48.287866
2026-10-05,2026-10-01,2026-10-05,district,HAR. CHD & DELHI,HARYANA,SIRSA,0.0,0.2,-100.0,NR,0.0,2.4,-100.0,NR,2026-10-05 13:50:48.287866
2026-10-05,2026-10-01,2026-10-05,district,HAR. CHD & DELHI,HARYANA,SONEPAT,0.0,0.9,-100.0,NR,0.0,3.5,-100.0,NR,2026-10-05 13:50:48.287866
2026-10-05,2026-10-01,2026-10-05,district,HAR. CHD & DELHI,HARYANA,YAMUNA NAGAR,0.0,0.9,-100.0,NR,0.0,2.9,-100.0,NR,2026-10-05 13:50:48.287866
2026-10-05,2026-10-01,2026-10-05,district,HIMACHAL PRADESH,HIMACHAL PRADESH,BILASPUR,0.0,0.3,-100.0,NR,0.0,2.3,-100.0,NR,2026-10-05 13:50:48.287866
2026-10-05,2026-10-01,2026-10-05,district,HIMACHAL PRADESH,HIMACHAL PRADESH,CHAMBA,0.0,1.6,-100.0,NR,0.0,5.5,-100.0,NR,2026-10-05 13:50:48.287866
2026-10-05,2026-10-01,2026-10-05,district,HIMACHAL PRADESH,HIMACHAL PRADESH,HAMIRPUR,0.0,0.6,-100.0,NR,0.0,5.6,-100.0,NR,2026-10-05 13:50:48.287866
2026-10-05,2026-10-01,2026-10-05,district,HIMACHAL PRADESH,HIMACHAL PRADESH,KANGRA,0.0,1.1,-100.0,NR,0.0,8.8,-100.0,NR,2026-10-05 13:50:48.287866
2026-10-05,2026-10-01,2026-10-05,district,HIMACHAL PRADESH,HIMACHAL PRADESH,KINNAUR,0.0,0.7,-100.0,NR,0.0,2.8,-100.0,NR,2026-10-05 13:50:48.287866
2026-10-05,2026-10-01,2026-10-05,district,HIMACHAL PRADESH,HIMACHAL PRADESH,KULLU,0.0,0.6,-100.0,NR,0.0,4.2,-100.0,NR,2026-10-05 13:50:48.287866
2026-10-05,2026-10-01,2026-10-05,district,HIMACHAL PRADESH,HIMACHAL PRADESH,LAHAUL & SPITI,0.0,0.5,-100.0,NR,0.0,3.1,-100.0,NR,2026-10-05 13:50:48.287866
2026-10-05,2026-10-01,2026-10-05,district,HIMACHAL PRADESH,HIMACHAL PRADESH,MANDI,0.0,1.1,-100.0,NR,1.6,3.9,-58.0,D,2026-10-05 13:50:48.287866
2026-10-05,2026-10-01,2026-10-05,district,HIMACHAL PRADESH,HIMACHAL PRADESH,SHIMLA,0.0,1.0,-100.0,NR,0.0,3.4,-100.0,NR,2026-10-05 13:50:48.287866
2026-10-05,2026-10-01,2026-10-05,district,HIMACHAL PRADESH,HIMACHAL PRADESH,SIRMAUR,0.0,1.7,-100.0,NR,0.0,6.1,-100.0,NR,2026-10-05 13:50:48.287866
2026-10-05,2026-10-01,2026-10-05,district,HIMACHAL PRADESH,HIMACHAL PRADESH,SOLAN,0.0,0.5,-100.0,NR,0.0,2.9,-100.0,NR,2026-10-05 13:50:48.287866
2026-10-05,2026-10-01,2026-10-05,district,HIMACHAL PRADESH,HIMACHAL PRADESH,UNA,0.0,1.2,-100.0,NR,0.0,5.8,-100.0,NR,2026-10-05 13:50:48.287866
2026-10-05,2026-10-01,2026-10-05,district,J & K AND LADAKH,JAMMU & KASHMIR(UT),ANANTNAG,0.0,0.5,-100.0,NR,0.0,4.0,-100.0,NR,2026-10-05 13:50:48.287866
2026-10-05,2026-10-01,2026-10-05,district,J & K AND LADAKH,JAMMU & KASHMIR(UT),BADGAM,0.0,0.2,-100.0,NR,0.0,3.9,-100.0,NR,2026-10-05 13:50:48.287866
2026-10-05,2026-10-01,2026-10-05,district,J & K AND LADAKH,JAMMU & KASHMIR(UT),BANDIPORA,0.0,0.0,-100.0,NR,0.0,2.1,-100.0,NR,2026-10-05 13:50:48.287866
2026-10-05,2026-10-01,2026-10-05,district,J & K AND LADAKH,JAMMU & KASHMIR(UT),BARAMULA,0.0,0.6,-100.0,NR,0.0,5.5,-100.0,NR,2026-10-05 13:50:48.287866
2026-10-05,2026-10-01,2026-10-05,district,J & K AND LADAKH,JAMMU & KASHMIR(UT),DODA,0.0,0.8,-100.0,NR,0.0,3.3,-100.0,NR,2026-10-05 13:50:48.287866
2026-10-05,2026-10-01,2026-10-05,district,J & K AND LADAKH,JAMMU & KASHMIR(UT),GANDERBAL,0.0,1.0,-100.0,NR,0.0,2.9,-100.0,NR,2026-10-05 13:50:48.287866
2026-10-05,2026-10-01,2026-10-05,district,J & K AND LADAKH,JAMMU & KASHMIR(UT),JAMMU,0.0,1.0,-100.0,NR,0.0,3.8,-100.0,NR,2026-10-05 13:50:48.287866
2026-10-05,2026-10-01,2026-10-05,district,J & K AND LADAKH,JAMMU & KASHMIR(UT),KATHUA,0.0,0.7,-100.0,NR,0.0,2.0,-100.0,NR,2026-10-05 13:50:48.287866
2026-10-05,2026-10-01,2026-10-05,district,J & K AND LADAKH,JAMMU & KASHMIR(UT),KISTWAR,0.0,0.8,-100.0,NR,0.0,3.3,-100.0,NR,2026-10-05 13:50:48.287866
2026-10-05,2026-10-01,2026-10-05,district,J & K AND LADAKH,JAMMU & KASHMIR(UT),KULGAM,0.0,0.5,-100.0,NR,0.0,3.9,-100.0,NR,2026-10-05 13:50:48.287866
2026-10-05,2026-10-01,2026-10-05,district,J & K AND LADAKH,JAMMU & KASHMIR(UT),KUPWARA,0.0,0.2,-100.0,NR,0.0,3.4,-100.0,NR,2026-10-05 13:50:48.287866
2026-10-05,2026-10-01,2026-10-05,district,J & K AND LADAKH,JAMMU & KASHMIR(UT),POONCH,0.0,0.6,-100.0,NR,0.0,3.9,-100.0,NR,2026-10-05 13:50:48.287866
2026-10-05,2026-10-01,2026-10-05,district,J & K AND LADAKH,JAMMU & KASHMIR(UT),PULWAMA,0.0,0.1,-100.0,NR,0.0,1.8,-100.0,NR,2026-10-05 13:50:48.287866
2026-10-05,2026-10-01,2026-10-05,district,J & K AND LADAKH,JAMMU & KASHMIR(UT),RAJOURI,0.0,0.1,-100.0,NR,0.0,1.2,-100.0,NR,2026-10-05 13:50:48.287866
2026-10-05,2026-10-01,2026-10-05,district,J & K AND LADAKH,JAMMU & KASHMIR(UT),RAMBAN,0.0,0.8,-100.0,NR,0.0,4.0,-100.0,NR,2026-10-05 13:50:48.287866
2026-10-05,2026-10-01,2026-10-05,district,J & K AND LADAKH,JAMMU & KASHMIR(UT),REASI,0.0,0.6,-100.0,NR,0.0,7.8,-100.0,NR,2026-10-05 13:50:48.287866
2026-10-05,2026-10-01,2026-10-05,district,J & K AND LADAKH,JAMMU & KASHMIR(UT),SAMBA,0.0,0.0,-100.0,NR,0.0,1.2,-100.0,NR,2026-10-05 13:50:48.287866
2026-10-05,2026-10-01,2026-10-05,district,J & K AND LADAKH,JAMMU & KASHMIR(UT),SHOPIAN,0.0,0.0,-100.0,NR,0.0,2.4,-100.0,NR,2026-10-05 13:50:48.287866
2026-10-05,2026-10-01,2026-10-05,district,J & K AND LADAKH,JAMMU & KASHMIR(UT),SRINAGAR,0.0,0.3,-100.0,NR,0.0,2.8,-100.0,NR,2026-10-05 13:50:48.287866
2026-10-05,2026-10-01,2026-10-05,district,J & K AND LADAKH,JAMMU & KASHMIR(UT),UDHAMPUR,0.0,3.1,-100.0,NR,0.0,9.5,-100.0,NR,2026-10-05 13:50:48.287866
2026-10-05,2026-10-01,2026-10-05,district,J & K AND LADAKH,LADAKH (UT),KARGIL,0.0,0.0,-100.0,NR,0.0,0.0,-100.0,NR,2026-10-05 13:50:48.287866
2026-10-05,2026-10-01,2026-10-05,district,J & K AND LADAKH,LADAKH (UT),LADAKH (LEH),0.0,0.0,-100.0,NR,0.0,0.3,-100.0,NR,2026-10-05 13:50:48.287866
2026-10-05,2026-10-01,2026-10-05,district,JHARKHAND,JHARKHAND,BOKARO,0.0,6.5,-100.0,NR,0.0,20.4,-100.0,NR,2026-10-05 13:50:48.287866
2026-10-05,2026-10-01,2026-10-05,district,JHARKHAND,JHARKHAND,CHATRA,0.0,3.7,-100.0,NR,0.0,16.4,-100.0,NR,2026-10-05 13:50:48.287866
2026-10-05,2026-10-01,2026-10-05,district,JHARKHAND,JHARKHAND,DEOGHAR,0.0,5.6,-100.0,NR,0.0,26.6,-100.0,NR,2026-10-05 13:50:48.287866
2026-10-05,2026-10-01,2026-10-05,district,JHARKHAND,JHARKHAND,DHANBAD,0.0,7.3,-100.0,NR,0.0,26.3,-100.0,NR,2026-10-05 13:50:48.287866
2026-10-05,2026-10-01,2026-10-05,district,JHARKHAND,JHARKHAND,DUMKA,0.0,8.9,-100.0,NR,0.0,35.2,-100.0,NR,2026-10-05 13:50:48.287866
2026-10-05,2026-10-01,2026-10-05,district,JHARKHAND,JHARKHAND,EAST SINGHBHUM,0.0,4.7,-100.0,NR,0.0,19.7,-100.0,NR,2026-10-05 13:50:48.287866
2026-10-05,2026-10-01,2026-10-05,district,JHARKHAND,JHARKHAND,GARHWA,0.0,1.6,-100.0,NR,0.0,11.8,-100.0,NR,2026-10-05 13:50:48.287866
2026-10-05,2026-10-01,2026-10-05,district,JHARKHAND,JHARKHAND,GIRIDIH,0.0,6.4,-100.0,NR,0.0,24.7,-100.0,NR,2026-10-05 13:50:48.287866
2026-10-05,2026-10-01,2026-10-05,district,JHARKHAND,JHARKHAND,GODDA,0.0,8.0,-100.0,NR,0.0,24.7,-100.0,NR,2026-10-05 13:50:48.287866
2026-10-05,2026-10-01,2026-10-05,district,JHARKHAND,JHARKHAND,GUMLA,0.0,3.7,-100.0,NR,0.0,19.1,-100.0,NR,2026-10-05 13:50:48.287866
2026-10-05,2026-10-01,2026-10-05,district,JHARKHAND,JHARKHAND,HAZARIBAG,0.0,7.1,-100.0,NR,0.0,24.3,-100.0,NR,2026-10-05 13:50:48.287866
2026-10-05,2026-10-01,2026-10-05,district,JHARKHAND,JHARKHAND,JAMTARA,0.0,7.9,-100.0,NR,0.0,30.5,-100.0,NR,2026-10-05 13:50:48.287866
2026-10-05,2026-10-01,2026-10-05,district,JHARKHAND,JHARKHAND,KHUNTI,0.0,5.0,-100.0,NR,0.0,23.0,-100.0,NR,2026-10-05 13:50:48.287866
2026-10-05,2026-10-01,2026-10-05,district,JHARKHAND,JHARKHAND,KODERMA,0.0,5.0,-100.0,NR,0.0,18.9,-100.0,NR,2026-10-05 13:50:48.287866
2026-10-05,2026-10-01,2026-10-05,district,JHARKHAND,JHARKHAND,LATEHAR,0.0,2.7,-100.0,NR,0.0,16.1,-100.0,NR,2026-10-05 13:50:48.287866
2026-10-05,2026-10-01,2026-10-05,district,JHARKHAND,JHARKHAND,LOHARDAGA,0.0,3.4,-100.0,NR,0.0,18.9,-100.0,NR,2026-10-05 13:50:48.287866
2026-10-05,2026-10-01,2026-10-05,district,JHARKHAND,JHARKHAND,PAKUR,0.0,6.5,-100.0,NR,0.0,34.9,-100.0,NR,2026-10-05 13:50:48.287866
2026-10-05,2026-10-01,2026-10-05,district,JHARKHAND,JHARKHAND,PALAMU,0.0,2.6,-100.0,NR,0.0,12.5,-100.0,NR,2026-10-05 13:50:48.287866
2026-10-05,2026-10-01,2026-10-05,district,JHARKHAND,JHARKHAND,RAMGARH,0.0,4.2,-100.0,NR,0.0,20.3,-100.0,NR,2026-10-05 13:50:48.287866
2026-10-05,2026-10-01,2026-10-05,district,JHARKHAND,JHARKHAND,RANCHI,0.0,3.5,-100.0,NR,0.0,17.9,-100.0,NR,2026-10-05 13:50:48.287866
2026-10-05,2026-10-01,2026-10-05,district,JHARKHAND,JHARKHAND,SAHIBGANJ,0.0,5.4,-100.0,NR,0.0,23.3,-100.0,NR,2026-10-05 13:50:48.287866
2026-10-05,2026-10-01,2026-10-05,district,JHARKHAND,JHARKHAND,SERAIKELA-KHARSAWAN,0.0,2.8,-100.0,NR,0.0,13.9,-100.0,NR,2026-10-05 13:50:48.287866
2026-10-05,2026-10-01,2026-10-05,district,JHARKHAND,JHARKHAND,SIMDEGA,0.0,3.1,-100.0,NR,0.0,18.1,-100.0,NR,2026-10-05 13:50:48.287866
2026-10-05,2026-10-01,2026-10-05,district,JHARKHAND,JHARKHAND,WEST SINGHBHUM,0.0,3.7,-100.0,NR,0.0,16.7,-100.0,NR,2026-10-05 13:50:48.287866
2026-10-05,2026-10-01,2026-10-05,district,KERALA & MAHE,KERALA,ALAPUZHA,17.4,8.7,100.0,LE,38.1,48.3,-21.0,D,2026-10-05 13:50:48.287866
2026-10-05,2026-10-01,2026-10-05,district,KERALA & MAHE,KERALA,ERNAKULAM,12.1,11.3,7.0,N,32.1,51.4,-38.0,D,2026-10-05 13:50:48.287866
2026-10-05,2026-10-01,2026-10-05,district,KERALA & MAHE,KERALA,IDUKKI,23.7,10.7,121.0,LE,46.4,62.4,-26.0,D,2026-10-05 13:50:48.287866
2026-10-05,2026-10-01,2026-10-05,district,KERALA & MAHE,KERALA,KANNUR,8.1,8.4,-4.0,N,16.4,45.3,-64.0,LD,2026-10-05 13:50:48.287866
2026-10-05,2026-10-01,2026-10-05,district,KERALA & MAHE,KERALA,KASARGOD,20.1,7.7,161.0,LE,31.6,42.6,-26.0,D,2026-10-05 13:50:48.287866
2026-10-05,2026-10-01,2026-10-05,district,KERALA & MAHE,KERALA,KOLLAM,17.3,11.0,57.0,E,43.4,54.6,-21.0,D,2026-10-05 13:50:48.287866
2026-10-05,2026-10-01,2026-10-05,district,KERALA & MAHE,KERALA,KOTTAYAM,11.2,9.5,18.0,N,45.9,49.7,-8.0,N,2026-10-05 13:50:48.287866
2026-10-05,2026-10-01,2026-10-05,district,KERALA & MAHE,KERALA,KOZHIKODE,37.3,7.1,425.0,LE,40.9,54.4,-25.0,D,2026-10-05 13:50:48.287866
2026-10-05,2026-10-01,2026-10-05,district,KERALA & MAHE,KERALA,MALAPPURAM,25.7,6.1,322.0,LE,27.4,46.0,-41.0,D,2026-10-05 13:50:48.287866
2026-10-05,2026-10-01,2026-10-05,district,KERALA & MAHE,KERALA,PALAKKAD,20.4,4.7,334.0,LE,30.2,34.2,-12.0,N,2026-10-05 13:50:48.287866
2026-10-05,2026-10-01,2026-10-05,district,KERALA & MAHE,KERALA,PATHANAMTHITTA,31.9,9.3,242.0,LE,83.3,54.4,53.0,E,2026-10-05 13:50:48.287866
2026-10-05,2026-10-01,2026-10-05,district,KERALA & MAHE,KERALA,THIRUVANANTHAPURAM,5.3,5.7,-6.0,N,31.4,35.1,-10.0,N,2026-10-05 13:50:48.287866
2026-10-05,2026-10-01,2026-10-05,district,KERALA & MAHE,KERALA,THRISSUR,25.9,11.5,125.0,LE,47.4,57.8,-18.0,N,2026-10-05 13:50:48.287866
2026-10-05,2026-10-01,2026-10-05,district,KERALA & MAHE,KERALA,WYNAD,2.3,6.8,-66.0,LD,6.6,39.6,-83.0,LD,2026-10-05 13:50:48.287866
2026-10-05,2026-10-01,2026-10-05,district,KONKAN & GOA,GOA,NORTH GOA,1.9,10.5,-82.0,LD,1.9,51.4,-96.0,LD,2026-10-05 13:50:48.287866
2026-10-05,2026-10-01,2026-10-05,district,KONKAN & GOA,GOA,SOUTH GOA,0.3,9.9,-97.0,LD,0.8,48.4,-98.0,LD,2026-10-05 13:50:48.287866
2026-10-05,2026-10-01,2026-10-05,district,KONKAN & GOA,MAHARASHTRA,MUMBAI CITY,0.0,4.7,-100.0,NR,0.0,34.8,-100.0,NR,2026-10-05 13:50:48.287866
2026-10-05,2026-10-01,2026-10-05,district,KONKAN & GOA,MAHARASHTRA,MUMBAI SUBURBAN,0.0,4.0,-100.0,NR,4.4,34.3,-87.0,LD,2026-10-05 13:50:48.287866
2026-10-05,2026-10-01,2026-10-05,district,KONKAN & GOA,MAHARASHTRA,PALGHAR,0.0,4.3,-100.0,NR,2.3,19.7,-89.0,LD,2026-10-05 13:50:48.287866
2026-10-05,2026-10-01,2026-10-05,district,KONKAN & GOA,MAHARASHTRA,RAIGAD,0.0,7.8,-100.0,NR,3.9,39.1,-90.0,LD,2026-10-05 13:50:48.287866
2026-10-05,2026-10-01,2026-10-05,district,KONKAN & GOA,MAHARASHTRA,RATNAGIRI,0.0,11.0,-100.0,NR,0.4,47.5,-99.0,LD,2026-10-05 13:50:48.287866
2026-10-05,2026-10-01,2026-10-05,district,KONKAN & GOA,MAHARASHTRA,SINDHUDURG,1.5,9.3,-84.0,LD,2.3,53.0,-96.0,LD,2026-10-05 13:50:48.287866
2026-10-05,2026-10-01,2026-10-05,district,KONKAN & GOA,MAHARASHTRA,THANE,0.0,5.3,-100.0,NR,11.0,22.2,-50.0,D,2026-10-05 13:50:48.287866
2026-10-05,2026-10-01,2026-10-05,district,LAKSHADWEEP,LAKSHADWEEP,LAKSHADWEEP,0.1,4.6,-99.0,LD,28.2,25.5,11.0,N,2026-10-05 13:50:48.287866
2026-10-05,2026-10-01,2026-10-05,district,MADHYA MAHARASHTRA,MAHARASHTRA,AHMEDNAGAR,0.0,4.1,-100.0,NR,0.5,22.3,-98.0,LD,2026-10-05 13:50:48.287866
2026-10-05,2026-10-01,2026-10-05,district,MADHYA MAHARASHTRA,MAHARASHTRA,DHULE,0.0,1.8,-100.0,NR,0.0,12.2,-100.0,NR,2026-10-05 13:50:48.287866
2026-10-05,2026-10-01,2026-10-05,district,MADHYA MAHARASHTRA,MAHARASHTRA,JALGAON,0.0,2.8,-100.0,NR,0.0,15.2,-100.0,NR,2026-10-05 13:50:48.287866
2026-10-05,2026-10-01,2026-10-05,district,MADHYA MAHARASHTRA,MAHARASHTRA,KOLHAPUR,0.0,6.1,-100.0,NR,7.1,34.3,-79.0,LD,2026-10-05 13:50:48.287866
2026-10-05,2026-10-01,2026-10-05,district,MADHYA MAHARASHTRA,MAHARASHTRA,NANDURBAR,0.0,1.6,-100.0,NR,0.0,10.6,-100.0,NR,2026-10-05 13:50:48.287866
2026-10-05,2026-10-01,2026-10-05,district,MADHYA MAHARASHTRA,MAHARASHTRA,NASHIK,0.0,3.7,-100.0,NR,1.4,20.9,-93.0,LD,2026-10-05 13:50:48.287866
2026-10-05,2026-10-01,2026-10-05,district,MADHYA MAHARASHTRA,MAHARASHTRA,PUNE,0.0,5.6,-100.0,NR,1.5,25.5,-94.0,LD,2026-10-05 13:50:48.287866
2026-10-05,2026-10-01,2026-10-05,district,MADHYA MAHARASHTRA,MAHARASHTRA,SANGLI,0.0,4.9,-100.0,NR,3.9,31.5,-88.0,LD,2026-10-05 13:50:48.287866
2026-10-05,2026-10-01,2026-10-05,district,MADHYA MAHARASHTRA,MAHARASHTRA,SATARA,0.0,6.3,-100.0,NR,1.4,30.0,-95.0,LD,2026-10-05 13:50:48.287866
2026-10-05,2026-10-01,2026-10-05,district,MADHYA MAHARASHTRA,MAHARASHTRA,SHOLAPUR,0.0,4.2,-100.0,NR,0.0,27.3,-100.0,NR,2026-10-05 13:50:48.287866
2026-10-05,2026-10-01,2026-10-05,district,MARATHWADA,MAHARASHTRA,BEED,0.0,3.7,-100.0,NR,0.0,21.3,-100.0,NR,2026-10-05 13:50:48.287866
2026-10-05,2026-10-01,2026-10-05,district,MARATHWADA,MAHARASHTRA,CHHATRAPATI SAMBHAJINAGAR,0.0,3.7,-100.0,NR,0.0,17.2,-100.0,NR,2026-10-05 13:50:48.287866
2026-10-05,2026-10-01,2026-10-05,district,MARATHWADA,MAHARASHTRA,DHARASHIV,0.0,3.4,-100.0,NR,0.0,25.0,-100.0,NR,2026-10-05 13:50:48.287866
2026-10-05,2026-10-01,2026-10-05,district,MARATHWADA,MAHARASHTRA,HINGOLI,0.0,1.6,-100.0,NR,0.0,22.7,-100.0,NR,2026-10-05 13:50:48.287866
2026-10-05,2026-10-01,2026-10-05,district,MARATHWADA,MAHARASHTRA,JALNA,0.0,3.2,-100.0,NR,0.0,18.4,-100.0,NR,2026-10-05 13:50:48.287866
2026-10-05,2026-10-01,2026-10-05,district,MARATHWADA,MAHARASHTRA,LATUR,0.0,4.2,-100.0,NR,0.0,30.1,-100.0,NR,2026-10-05 13:50:48.287866
2026-10-05,2026-10-01,2026-10-05,district,MARATHWADA,MAHARASHTRA,NANDED,0.0,2.1,-100.0,NR,0.0,20.4,-100.0,NR,2026-10-05 13:50:48.287866
2026-10-05,2026-10-01,2026-10-05,district,MARATHWADA,MAHARASHTRA,PARBHANI,0.0,4.2,-100.0,NR,0.0,24.0,-100.0,NR,2026-10-05 13:50:48.287866
2026-10-05,2026-10-01,2026-10-05,district,N. I. KARNATAKA,KARNATAKA,BAGALKOTE,0.0,4.0,-100.0,NR,0.0,31.1,-100.0,NR,2026-10-05 13:50:48.287866
2026-10-05,2026-10-01,2026-10-05,district,N. I. KARNATAKA,KARNATAKA,BELAGAVI,0.0,5.0,-100.0,NR,3.3,30.4,-89.0,LD,2026-10-05 13:50:48.287866
2026-10-05,2026-10-01,2026-10-05,district,N. I. KARNATAKA,KARNATAKA,BIDAR,0.0,2.5,-100.0,NR,0.0,27.5,-100.0,NR,2026-10-05 13:50:48.287866
2026-10-05,2026-10-01,2026-10-05,district,N. I. KARNATAKA,KARNATAKA,DHARWAD,0.0,4.3,-100.0,NR,14.7,30.3,-51.0,D,2026-10-05 13:50:48.287866
2026-10-05,2026-10-01,2026-10-05,district,N. I. KARNATAKA,KARNATAKA,GADAG,0.0,4.9,-100.0,NR,4.1,30.2,-87.0,LD,2026-10-05 13:50:48.287866
2026-10-05,2026-10-01,2026-10-05,district,N. I. KARNATAKA,KARNATAKA,HAVERI,7.4,4.4,67.0,LE,10.4,30.2,-66.0,LD,2026-10-05 13:50:48.287866
2026-10-05,2026-10-01,2026-10-05,district,N. I. KARNATAKA,KARNATAKA,KALABURAGI,0.0,3.0,-100.0,NR,0.0,29.0,-100.0,NR,2026-10-05 13:50:48.287866
2026-10-05,2026-10-01,2026-10-05,district,N. I. KARNATAKA,KARNATAKA,KOPPAL,0.0,4.1,-100.0,NR,0.0,31.4,-100.0,NR,2026-10-05 13:50:48.287866
2026-10-05,2026-10-01,2026-10-05,district,N. I. KARNATAKA,KARNATAKA,RAICHUR,0.0,4.1,-100.0,NR,0.0,32.5,-100.0,NR,2026-10-05 13:50:48.287866
2026-10-05,2026-10-01,2026-10-05,district,N. I. KARNATAKA,KARNATAKA,VIJAYAPURA,0.1,4.3,-98.0,LD,0.3,32.5,-99.0,LD,2026-10-05 13:50:48.287866
2026-10-05,2026-10-01,2026-10-05,district,N. I. KARNATAKA,KARNATAKA,YADGIR,0.0,4.4,-100.0,NR,0.0,28.1,-100.0,NR,2026-10-05 13:50:48.287866
2026-10-05,2026-10-01,2026-10-05,district,NMMT,MANIPUR,BISHNUPUR,0.0,3.6,-100.0,NR,7.2,25.0,-71.0,LD,2026-10-05 13:50:48.287866
2026-10-05,2026-10-01,2026-10-05,district,NMMT,MANIPUR,CHANDEL,0.0,3.6,-100.0,NR,25.5,25.0,2.0,N,2026-10-05 13:50:48.287866
2026-10-05,2026-10-01,2026-10-05,district,NMMT,MANIPUR,CHURACHANDPUR,0.0,3.6,-100.0,NR,10.0,25.0,-60.0,LD,2026-10-05 13:50:48.287866
2026-10-05,2026-10-01,2026-10-05,district,NMMT,MANIPUR,IMPHAL EAST,0.0,5.9,-100.0,NR,40.1,25.8,55.0,E,2026-10-05 13:50:48.287866
2026-10-05,2026-10-01,2026-10-05,district,NMMT,MANIPUR,IMPHAL WEST,0.0,7.6,-100.0,NR,49.1,41.4,19.0,N,2026-10-05 13:50:48.287866
2026-10-05,2026-10-01,2026-10-05,district,NMMT,MANIPUR,SENAPATI,0.0,3.3,-100.0,NR,43.8,27.6,59.0,E,2026-10-05 13:50:48.287866
2026-10-05,2026-10-01,2026-10-05,district,NMMT,MANIPUR,TAMENGLONG,0.0,6.9,-100.0,NR,66.1,72.5,-9.0,N,2026-10-05 13:50:48.287866
2026-10-05,2026-10-01,2026-10-05,district,NMMT,MANIPUR,THOUBAL,0.0,5.9,-100.0,NR,35.2,25.8,36.0,E,2026-10-05 13:50:48.287866
2026-10-05,2026-10-01,2026-10-05,district,NMMT,MANIPUR,UKHRUL,0.0,3.2,-100.0,NR,48.1,17.2,180.0,LE,2026-10-05 13:50:48.287866
2026-10-05,2026-10-01,2026-10-05,district,NMMT,MIZORAM,AIZAWL,0.9,8.4,-89.0,LD,59.4,46.9,27.0,E,2026-10-05 13:50:48.287866
2026-10-05,2026-10-01,2026-10-05,district,NMMT,MIZORAM,CHAMPHAI,2.1,10.3,-79.0,LD,58.8,39.6,49.0,E,2026-10-05 13:50:48.287866
2026-10-05,2026-10-01,2026-10-05,district,NMMT,MIZORAM,KOLASIB,1.0,9.7,-90.0,LD,78.7,60.3,31.0,E,2026-10-05 13:50:48.287866
2026-10-05,2026-10-01,2026-10-05,district,NMMT,MIZORAM,LAWNGTLAI,1.5,13.9,-89.0,LD,61.9,54.1,14.0,N,2026-10-05 13:50:48.287866
2026-10-05,2026-10-01,2026-10-05,district,NMMT,MIZORAM,LUNGLEI,0.0,11.7,-100.0,NR,69.1,51.7,34.0,E,2026-10-05 13:50:48.287866
2026-10-05,2026-10-01,2026-10-05,district,NMMT,MIZORAM,MAMIT,8.6,8.6,0.0,N,50.8,62.5,-19.0,N,2026-10-05 13:50:48.287866
2026-10-05,2026-10-01,2026-10-05,district,NMMT,MIZORAM,SAIHA,0.0,13.2,-100.0,NR,154.7,69.5,123.0,LE,2026-10-05 13:50:48.287866
2026-10-05,2026-10-01,2026-10-05,district,NMMT,MIZORAM,SERCHHIP,0.0,5.3,-100.0,NR,42.9,37.8,14.0,N,2026-10-05 13:50:48.287866
2026-10-05,2026-10-01,2026-10-05,district,NMMT,NAGALAND,DIMAPUR,0.0,6.1,-100.0,NR,15.6,20.5,-24.0,D,2026-10-05 13:50:48.287866
2026-10-05,2026-10-01,2026-10-05,district,NMMT,NAGALAND,KIPHIRE,0.4,2.5,-84.0,LD,43.4,18.2,138.0,LE,2026-10-05 13:50:48.287866
2026-10-05,2026-10-01,2026-10-05,district,NMMT,NAGALAND,KOHIMA,1.6,7.7,-79.0,LD,36.5,29.2,25.0,E,2026-10-05 13:50:48.287866
2026-10-05,2026-10-01,2026-10-05,district,NMMT,NAGALAND,MOKOKCHUNG,1.0,2.6,-63.0,LD,71.2,24.4,192.0,LE,2026-10-05 13:50:48.287866
2026-10-05,2026-10-01,2026-10-05,district,NMMT,NAGALAND,MON,8.9,6.8,30.0,E,62.0,25.4,144.0,LE,2026-10-05 13:50:48.287866
2026-10-05,2026-10-01,2026-10-05,district,NMMT,NAGALAND,PEREN,0.2,4.6,-96.0,LD,50.9,24.0,112.0,LE,2026-10-05 13:50:48.287866
2026-10-05,2026-10-01,2026-10-05,district,NMMT,NAGALAND,PHEK,0.0,4.7,-100.0,NR,30.9,26.7,16.0,N,2026-10-05 13:50:48.287866
2026-10-05,2026-10-01,2026-10-05,district,NMMT,NAGALAND,WOKHA,0.4,5.4,-93.0,LD,29.4,27.7,6.0,N,2026-10-05 13:50:48.287866
2026-10-05,2026-10-01,2026-10-05,district,NMMT,NAGALAND,ZUNHEBOTO,2.0,2.7,-26.0,D,81.8,20.6,297.0,LE,2026-10-05 13:50:48.287866
2026-10-05,2026-10-01,2026-10-05,district,NMMT,TRIPURA,DHALAI,0.6,9.8,-94.0,LD,8.7,31.0,-72.0,LD,2026-10-05 13:50:48.287866
2026-10-05,2026-10-01,2026-10-05,district,NMMT,TRIPURA,GOMATI,0.7,6.7,-89.0,LD,11.9,34.0,-65.0,LD,2026-10-05 13:50:48.287866
2026-10-05,2026-10-01,2026-10-05,district,NMMT,TRIPURA,KHOWAI,1.4,10.5,-87.0,LD,15.0,39.7,-62.0,LD,2026-10-05 13:50:48.287866
2026-10-05,2026-10-01,2026-10-05,district,NMMT,TRIPURA,NORTH TRIPURA,0.3,11.0,-97.0,LD,35.4,38.4,-8.0,N,2026-10-05 13:50:48.287866
2026-10-05,2026-10-01,2026-10-05,district,NMMT,TRIPURA,SIPAHIJALA,0.0,5.9,-100.0,NR,14.6,39.3,-63.0,LD,2026-10-05 13:50:48.287866
2026-10-05,2026-10-01,2026-10-05,district,NMMT,TRIPURA,SOUTH TRIPURA,9.6,6.7,43.0,E,23.8,29.8,-20.0,D,2026-10-05 13:50:48.287866
2026-10-05,2026-10-01,2026-10-05,district,NMMT,TRIPURA,UNAKOTI,14.3,7.0,104.0,LE,68.2,34.1,100.0,LE,2026-10-05 13:50:48.287866
2026-10-05,2026-10-01,2026-10-05,district,NMMT,TRIPURA,WEST TRIPURA,8.6,9.5,-10.0,N,12.7,38.2,-67.0,LD,2026-10-05 13:50:48.287866
2026-10-05,2026-10-01,2026-10-05,district,ODISHA,ODISHA,ANGUL,0.0,4.4,-100.0,NR,0.0,23.0,-100.0,NR,2026-10-05 13:50:48.287866
2026-10-05,2026-10-01,2026-10-05,district,ODISHA,ODISHA,BALANGIR,0.0,2.8,-100.0,NR,0.0,14.9,-100.0,NR,2026-10-05 13:50:48.287866
2026-10-05,2026-10-01,2026-10-05,district,ODISHA,ODISHA,BALASORE,0.0,8.5,-100.0,NR,0.7,47.8,-99.0,LD,2026-10-05 13:50:48.287866
2026-10-05,2026-10-01,2026-10-05,district,ODISHA,ODISHA,BARGARH,0.0,2.7,-100.0,NR,0.0,13.9,-100.0,NR,2026-10-05 13:50:48.287866
2026-10-05,2026-10-01,2026-10-05,district,ODISHA,ODISHA,BHADRAK,0.0,9.1,-100.0,NR,1.9,36.7,-95.0,LD,2026-10-05 13:50:48.287866
2026-10-05,2026-10-01,2026-10-05,district,ODISHA,ODISHA,BOUDH,0.0,1.9,-100.0,NR,0.0,14.8,-100.0,NR,2026-10-05 13:50:48.287866
2026-10-05,2026-10-01,2026-10-05,district,ODISHA,ODISHA,CUTTACK,0.0,8.8,-100.0,NR,0.0,34.7,-100.0,NR,2026-10-05 13:50:48.287866
2026-10-05,2026-10-01,2026-10-05,district,ODISHA,ODISHA,DEOGARH,0.0,2.1,-100.0,NR,0.0,17.4,-100.0,NR,2026-10-05 13:50:48.287866
2026-10-05,2026-10-01,2026-10-05,district,ODISHA,ODISHA,DHENKANAL,0.0,5.9,-100.0,NR,0.0,27.7,-100.0,NR,2026-10-05 13:50:48.287866
2026-10-05,2026-10-01,2026-10-05,district,ODISHA,ODISHA,GAJAPATI,0.0,8.4,-100.0,NR,2.2,36.4,-94.0,LD,2026-10-05 13:50:48.287866
2026-10-05,2026-10-01,2026-10-05,district,ODISHA,ODISHA,GANJAM,0.0,7.5,-100.0,NR,0.4,38.6,-99.0,LD,2026-10-05 13:50:48.287866
2026-10-05,2026-10-01,2026-10-05,district,ODISHA,ODISHA,JAGATSINGHPUR,0.0,9.8,-100.0,NR,0.0,37.6,-100.0,NR,2026-10-05 13:50:48.287866
2026-10-05,2026-10-01,2026-10-05,district,ODISHA,ODISHA,JAJPUR,0.0,8.9,-100.0,NR,0.0,34.7,-100.0,NR,2026-10-05 13:50:48.287866
2026-10-05,2026-10-01,2026-10-05,district,ODISHA,ODISHA,JHARSUGUDA,0.0,2.6,-100.0,NR,0.0,17.1,-100.0,NR,2026-10-05 13:50:48.287866
2026-10-05,2026-10-01,2026-10-05,district,ODISHA,ODISHA,KALAHANDI,0.0,6.1,-100.0,NR,0.0,23.4,-100.0,NR,2026-10-05 13:50:48.287866
2026-10-05,2026-10-01,2026-10-05,district,ODISHA,ODISHA,KANDHAMAL,0.0,5.9,-100.0,NR,1.1,29.6,-96.0,LD,2026-10-05 13:50:48.287866
2026-10-05,2026-10-01,2026-10-05,district,ODISHA,ODISHA,KENDRAPARA,0.0,11.2,-100.0,NR,0.0,40.2,-100.0,NR,2026-10-05 13:50:48.287866
2026-10-05,2026-10-01,2026-10-05,district,ODISHA,ODISHA,KEONJHARGARH,0.0,4.2,-100.0,NR,0.0,25.8,-99.0,LD,2026-10-05 13:50:48.287866
2026-10-05,2026-10-01,2026-10-05,district,ODISHA,ODISHA,KHURDA,0.0,10.4,-100.0,NR,0.0,38.5,-100.0,NR,2026-10-05 13:50:48.287866
2026-10-05,2026-10-01,2026-10-05,district,ODISHA,ODISHA,KORAPUT,0.0,8.9,-100.0,NR,1.3,36.1,-96.0,LD,2026-10-05 13:50:48.287866
2026-10-05,2026-10-01,2026-10-05,district,ODISHA,ODISHA,MALKANGIRI,0.0,5.6,-100.0,NR,0.0,29.7,-100.0,NR,2026-10-05 13:50:48.287866
2026-10-05,2026-10-01,2026-10-05,district,ODISHA,ODISHA,MAYURBHANJ,0.0,6.5,-100.0,NR,0.6,29.8,-98.0,LD,2026-10-05 13:50:48.287866
2026-10-05,2026-10-01,2026-10-05,district,ODISHA,ODISHA,NAWAPARA,0.0,4.7,-100.0,NR,0.0,19.0,-100.0,NR,2026-10-05 13:50:48.287866
2026-10-05,2026-10-01,2026-10-05,district,ODISHA,ODISHA,NAWARANGPUR,0.0,5.8,-100.0,NR,0.9,29.5,-97.0,LD,2026-10-05 13:50:48.287866
2026-10-05,2026-10-01,2026-10-05,district,ODISHA,ODISHA,NAYAGARH,0.0,7.8,-100.0,NR,0.0,36.4,-100.0,NR,2026-10-05 13:50:48.287866
2026-10-05,2026-10-01,2026-10-05,district,ODISHA,ODISHA,PURI,0.0,9.4,-100.0,NR,0.0,39.9,-100.0,NR,2026-10-05 13:50:48.287866
2026-10-05,2026-10-01,2026-10-05,district,ODISHA,ODISHA,RAYAGADA,0.0,6.8,-100.0,NR,0.0,27.4,-100.0,NR,2026-10-05 13:50:48.287866
2026-10-05,2026-10-01,2026-10-05,district,ODISHA,ODISHA,SAMBALPUR,0.0,2.5,-100.0,NR,0.0,16.2,-100.0,NR,2026-10-05 13:50:48.287866
2026-10-05,2026-10-01,2026-10-05,district,ODISHA,ODISHA,SONEPUR,0.0,2.0,-100.0,NR,0.0,11.8,-100.0,NR,2026-10-05 13:50:48.287866
2026-10-05,2026-10-01,2026-10-05,district,ODISHA,ODISHA,SUNDARGARH,0.0,3.0,-100.0,NR,0.0,16.1,-100.0,NR,2026-10-05 13:50:48.287866
2026-10-05,2026-10-01,2026-10-05,district,PUNJAB,PUNJAB,AMRITSAR,0.0,0.7,-100.0,NR,0.4,2.2,-81.0,LD,2026-10-05 13:50:48.287866
2026-10-05,2026-10-01,2026-10-05,district,PUNJAB,PUNJAB,BARNALA,0.0,0.6,-100.0,NR,0.0,1.9,-100.0,NR,2026-10-05 13:50:48.287866
2026-10-05,2026-10-01,2026-10-05,district,PUNJAB,PUNJAB,BHATINDA,0.0,1.2,-100.0,NR,0.0,3.7,-100.0,NR,2026-10-05 13:50:48.287866
2026-10-05,2026-10-01,2026-10-05,district,PUNJAB,PUNJAB,FARIDKOT,0.0,0.2,-100.0,NR,0.0,1.1,-100.0,NR,2026-10-05 13:50:48.287866
2026-10-05,2026-10-01,2026-10-05,district,PUNJAB,PUNJAB,FATEHGARH SAHIB,0.0,0.0,-100.0,NR,0.0,1.0,-100.0,NR,2026-10-05 13:50:48.287866
2026-10-05,2026-10-01,2026-10-05,district,PUNJAB,PUNJAB,FAZILKA,0.0,0.1,-100.0,NR,0.0,0.4,-100.0,NR,2026-10-05 13:50:48.287866
2026-10-05,2026-10-01,2026-10-05,district,PUNJAB,PUNJAB,FEROZEPUR,0.0,0.4,-100.0,NR,0.0,1.1,-100.0,NR,2026-10-05 13:50:48.287866
2026-10-05,2026-10-01,2026-10-05,district,PUNJAB,PUNJAB,GURDASPUR,0.0,0.3,-100.0,NR,0.0,1.7,-100.0,NR,2026-10-05 13:50:48.287866
2026-10-05,2026-10-01,2026-10-05,district,PUNJAB,PUNJAB,HOSHIARPUR,0.0,0.9,-100.0,NR,0.0,2.7,-100.0,NR,2026-10-05 13:50:48.287866
2026-10-05,2026-10-01,2026-10-05,district,PUNJAB,PUNJAB,JALANDHAR,0.0,0.3,-100.0,NR,0.0,1.2,-100.0,NR,2026-10-05 13:50:48.287866
2026-10-05,2026-10-01,2026-10-05,district,PUNJAB,PUNJAB,KAPURTHALA,0.0,0.9,-100.0,NR,0.0,2.1,-100.0,NR,2026-10-05 13:50:48.287866
2026-10-05,2026-10-01,2026-10-05,district,PUNJAB,PUNJAB,LUDHIANA,0.0,0.9,-100.0,NR,0.0,1.9,-100.0,NR,2026-10-05 13:50:48.287866
2026-10-05,2026-10-01,2026-10-05,district,PUNJAB,PUNJAB,MANSA,0.0,0.4,-100.0,NR,0.0,2.4,-100.0,NR,2026-10-05 13:50:48.287866
2026-10-05,2026-10-01,2026-10-05,district,PUNJAB,PUNJAB,MOGA,0.0,0.2,-100.0,NR,0.0,2.0,-100.0,NR,2026-10-05 13:50:48.287866
2026-10-05,2026-10-01,2026-10-05,district,PUNJAB,PUNJAB,MUKTSAR,0.0,0.0,-100.0,NR,0.0,1.7,-100.0,NR,2026-10-05 13:50:48.287866
2026-10-05,2026-10-01,2026-10-05,district,PUNJAB,PUNJAB,PATHANKOT,0.0,0.4,-100.0,NR,0.0,1.6,-100.0,NR,2026-10-05 13:50:48.287866
2026-10-05,2026-10-01,2026-10-05,district,PUNJAB,PUNJAB,PATIALA,0.0,0.3,-100.0,NR,0.0,2.2,-100.0,NR,2026-10-05 13:50:48.287866
2026-10-05,2026-10-01,2026-10-05,district,PUNJAB,PUNJAB,RUPNAGAR,0.0,0.9,-100.0,NR,0.0,3.5,-100.0,NR,2026-10-05 13:50:48.287866
2026-10-05,2026-10-01,2026-10-05,district,PUNJAB,PUNJAB,SANGRUR,0.0,0.9,-100.0,NR,0.0,2.5,-100.0,NR,2026-10-05 13:50:48.287866
2026-10-05,2026-10-01,2026-10-05,district,PUNJAB,PUNJAB,SAS NAGAR (MOHALI),0.0,0.0,-100.0,NR,0.0,1.6,-100.0,NR,2026-10-05 13:50:48.287866
2026-10-05,2026-10-01,2026-10-05,district,PUNJAB,PUNJAB,SBS NAGAR,0.0,2.2,-100.0,NR,0.0,2.6,-100.0,NR,2026-10-05 13:50:48.287866
2026-10-05,2026-10-01,2026-10-05,district,PUNJAB,PUNJAB,TARN TARAN,0.0,0.0,-100.0,NR,0.0,0.3,-100.0,NR,2026-10-05 13:50:48.287866
2026-10-05,2026-10-01,2026-10-05,district,RAYALASEEMA,ANDHRA PRADESH,ANANTAPURAMU,0.0,3.9,-100.0,NR,3.3,24.5,-87.0,LD,2026-10-05 13:50:48.287866
2026-10-05,2026-10-01,2026-10-05,district,RAYALASEEMA,ANDHRA PRADESH,ANNAMAYYA DISTRICT,0.6,7.4,-92.0,LD,3.7,25.5,-85.0,LD,2026-10-05 13:50:48.287866
2026-10-05,2026-10-01,2026-10-05,district,RAYALASEEMA,ANDHRA PRADESH,CHITTOOR,0.0,7.3,-100.0,NR,10.2,32.7,-69.0,LD,2026-10-05 13:50:48.287866
2026-10-05,2026-10-01,2026-10-05,district,RAYALASEEMA,ANDHRA PRADESH,KURNOOL,0.0,4.2,-100.0,NR,0.0,31.9,-100.0,NR,2026-10-05 13:50:48.287866
2026-10-05,2026-10-01,2026-10-05,district,RAYALASEEMA,ANDHRA PRADESH,NANDYAL,0.0,4.2,-100.0,NR,0.3,29.9,-99.0,LD,2026-10-05 13:50:48.287866
2026-10-05,2026-10-01,2026-10-05,district,RAYALASEEMA,ANDHRA PRADESH,SRI SATHYASAI DISTRICT,0.0,4.9,-100.0,NR,2.6,26.8,-90.0,LD,2026-10-05 13:50:48.287866
2026-10-05,2026-10-01,2026-10-05,district,RAYALASEEMA,ANDHRA PRADESH,TIRUPATI,0.0,6.9,-100.0,NR,0.0,27.2,-99.0,LD,2026-10-05 13:50:48.287866
2026-10-05,2026-10-01,2026-10-05,district,RAYALASEEMA,ANDHRA PRADESH,YSR DISTRICT,0.0,6.6,-100.0,NR,0.0,27.2,-100.0,NR,2026-10-05 13:50:48.287866
2026-10-05,2026-10-01,2026-10-05,district,S. I. KARNATAKA,KARNATAKA,BALLARI,0.0,3.9,-100.0,NR,0.0,30.6,-100.0,NR,2026-10-05 13:50:48.287866
2026-10-05,2026-10-01,2026-10-05,district,S. I. KARNATAKA,KARNATAKA,BENGALURU RURAL,0.0,6.5,-100.0,NR,21.3,31.8,-33.0,D,2026-10-05 13:50:48.287866
2026-10-05,2026-10-01,2026-10-05,district,S. I. KARNATAKA,KARNATAKA,BENGALURU URBAN,0.0,5.9,-100.0,NR,9.2,31.3,-71.0,LD,2026-10-05 13:50:48.287866
2026-10-05,2026-10-01,2026-10-05,district,S. I. KARNATAKA,KARNATAKA,CHAMARAJANAGAR,6.8,5.7,20.0,E,20.7,32.8,-37.0,D,2026-10-05 13:50:48.287866
2026-10-05,2026-10-01,2026-10-05,district,S. I. KARNATAKA,KARNATAKA,CHIKABALLAPURA,17.3,6.4,170.0,LE,17.3,32.0,-46.0,D,2026-10-05 13:50:48.287866
2026-10-05,2026-10-01,2026-10-05,district,S. I. KARNATAKA,KARNATAKA,CHIKKAMAGALURU,26.2,7.6,245.0,LE,28.7,37.2,-23.0,D,2026-10-05 13:50:48.287866
2026-10-05,2026-10-01,2026-10-05,district,S. I. KARNATAKA,KARNATAKA,CHITRADURGA,0.0,5.1,-100.0,NR,0.0,27.2,-100.0,NR,2026-10-05 13:50:48.287866
2026-10-05,2026-10-01,2026-10-05,district,S. I. KARNATAKA,KARNATAKA,DAVANGERE,0.0,5.4,-100.0,NR,1.1,31.1,-96.0,LD,2026-10-05 13:50:48.287866
2026-10-05,2026-10-01,2026-10-05,district,S. I. KARNATAKA,KARNATAKA,HASSAN,7.0,5.2,34.0,E,31.7,29.3,8.0,N,2026-10-05 13:50:48.287866
2026-10-05,2026-10-01,2026-10-05,district,S. I. KARNATAKA,KARNATAKA,KODAGU,4.3,6.6,-35.0,D,23.0,40.8,-44.0,D,2026-10-05 13:50:48.287866
2026-10-05,2026-10-01,2026-10-05,district,S. I. KARNATAKA,KARNATAKA,KOLAR,0.0,5.7,-100.0,NR,6.5,30.8,-79.0,LD,2026-10-05 13:50:48.287866
2026-10-05,2026-10-01,2026-10-05,district,S. I. KARNATAKA,KARNATAKA,MANDYA,0.4,5.4,-93.0,LD,6.8,28.7,-76.0,LD,2026-10-05 13:50:48.287866
2026-10-05,2026-10-01,2026-10-05,district,S. I. KARNATAKA,KARNATAKA,MYSURU,0.0,4.2,-100.0,NR,7.5,24.1,-69.0,LD,2026-10-05 13:50:48.287866
2026-10-05,2026-10-01,2026-10-05,district,S. I. KARNATAKA,KARNATAKA,RAMANAGARA,0.0,5.6,-100.0,NR,0.0,37.0,-100.0,NR,2026-10-05 13:50:48.287866
2026-10-05,2026-10-01,2026-10-05,district,S. I. KARNATAKA,KARNATAKA,SHIVAMOGGA,1.8,7.4,-76.0,LD,5.0,35.9,-86.0,LD,2026-10-05 13:50:48.287866
2026-10-05,2026-10-01,2026-10-05,district,S. I. KARNATAKA,KARNATAKA,TUMAKURU,0.4,7.5,-95.0,LD,0.4,32.6,-99.0,LD,2026-10-05 13:50:48.287866
2026-10-05,2026-10-01,2026-10-05,district,S. I. KARNATAKA,KARNATAKA,VIJAYANAGARA,0.0,3.7,-100.0,NR,0.9,30.4,-97.0,LD,2026-10-05 13:50:48.287866
2026-10-05,2026-10-01,2026-10-05,district,SAURASHTRA & KUTCH,DADRA & NAGAR HAVELI AND DAMAN & DIU (UT),DIU,0.0,2.4,-100.0,NR,0.0,4.3,-100.0,NR,2026-10-05 13:50:48.287866
2026-10-05,2026-10-01,2026-10-05,district,SAURASHTRA & KUTCH,GUJARAT,AMRELI,0.0,1.3,-100.0,NR,0.2,7.8,-98.0,LD,2026-10-05 13:50:48.287866
2026-10-05,2026-10-01,2026-10-05,district,SAURASHTRA & KUTCH,GUJARAT,BHAVNAGAR,0.0,2.2,-100.0,NR,0.0,6.5,-100.0,NR,2026-10-05 13:50:48.287866
2026-10-05,2026-10-01,2026-10-05,district,SAURASHTRA & KUTCH,GUJARAT,BOTAD,0.0,1.2,-100.0,NR,0.0,7.1,-100.0,NR,2026-10-05 13:50:48.287866
2026-10-05,2026-10-01,2026-10-05,district,SAURASHTRA & KUTCH,GUJARAT,DEVBHOOMI DWARKA,0.0,1.7,-100.0,NR,0.0,5.0,-100.0,NR,2026-10-05 13:50:48.287866
2026-10-05,2026-10-01,2026-10-05,district,SAURASHTRA & KUTCH,GUJARAT,GIR SOMNATH,0.0,1.9,-100.0,NR,5.8,6.0,-3.0,N,2026-10-05 13:50:48.287866
2026-10-05,2026-10-01,2026-10-05,district,SAURASHTRA & KUTCH,GUJARAT,JAMNAGAR,0.0,2.7,-100.0,NR,3.2,6.3,-50.0,D,2026-10-05 13:50:48.287866
2026-10-05,2026-10-01,2026-10-05,district,SAURASHTRA & KUTCH,GUJARAT,JUNAGADH,0.0,2.0,-100.0,NR,3.4,8.6,-60.0,LD,2026-10-05 13:50:48.287866
2026-10-05,2026-10-01,2026-10-05,district,SAURASHTRA & KUTCH,GUJARAT,KUTCH,0.0,1.3,-100.0,NR,0.0,3.7,-100.0,NR,2026-10-05 13:50:48.287866
2026-10-05,2026-10-01,2026-10-05,district,SAURASHTRA & KUTCH,GUJARAT,MORBI,0.0,1.1,-100.0,NR,0.0,4.4,-100.0,NR,2026-10-05 13:50:48.287866
2026-10-05,2026-10-01,2026-10-05,district,SAURASHTRA & KUTCH,GUJARAT,PORBANDAR,0.0,2.4,-100.0,NR,0.0,7.1,-100.0,NR,2026-10-05 13:50:48.287866
2026-10-05,2026-10-01,2026-10-05,district,SAURASHTRA & KUTCH,GUJARAT,RAJKOT,0.0,2.1,-100.0,NR,0.0,6.2,-100.0,NR,2026-10-05 13:50:48.287866
2026-10-05,2026-10-01,2026-10-05,district,SAURASHTRA & KUTCH,GUJARAT,SURENDRANAGAR,0.0,0.9,-100.0,NR,0.0,3.9,-100.0,NR,2026-10-05 13:50:48.287866
2026-10-05,2026-10-01,2026-10-05,district,SHWB & SIKKIM,SIKKIM,GANGTOK,25.0,6.5,285.0,LE,27.9,44.5,-37.0,D,2026-10-05 13:50:48.287866
2026-10-05,2026-10-01,2026-10-05,district,SHWB & SIKKIM,SIKKIM,GYALSHING,52.2,6.9,657.0,LE,65.0,38.9,67.0,LE,2026-10-05 13:50:48.287866
2026-10-05,2026-10-01,2026-10-05,district,SHWB & SIKKIM,SIKKIM,MANGAN,3.3,8.0,-59.0,D,10.4,40.8,-75.0,LD,2026-10-05 13:50:48.287866
2026-10-05,2026-10-01,2026-10-05,district,SHWB & SIKKIM,SIKKIM,NAMCHI,30.6,3.4,800.0,LE,30.6,18.9,62.0,LE,2026-10-05 13:50:48.287866
2026-10-05,2026-10-01,2026-10-05,district,SHWB & SIKKIM,SIKKIM,Pakyong,8.5,3.0,184.0,LE,9.3,19.9,-53.0,D,2026-10-05 13:50:48.287866
2026-10-05,2026-10-01,2026-10-05,district,SHWB & SIKKIM,SIKKIM,Soreng,12.5,6.9,81.0,LE,13.5,38.9,-65.0,LD,2026-10-05 13:50:48.287866
2026-10-05,2026-10-01,2026-10-05,district,SHWB & SIKKIM,WEST BENGAL,ALIPURDUAR,6.2,11.7,-47.0,D,42.1,45.5,-7.0,N,2026-10-05 13:50:48.287866
2026-10-05,2026-10-01,2026-10-05,district,SHWB & SIKKIM,WEST BENGAL,COOCH BEHAR,2.9,14.4,-80.0,LD,3.0,53.1,-94.0,LD,2026-10-05 13:50:48.287866
2026-10-05,2026-10-01,2026-10-05,district,SHWB & SIKKIM,WEST BENGAL,DARJEELING,13.3,9.3,43.0,E,49.8,42.9,16.0,N,2026-10-05 13:50:48.287866
2026-10-05,2026-10-01,2026-10-05,district,SHWB & SIKKIM,WEST BENGAL,JALPAIGURI,43.4,13.9,212.0,LE,108.8,55.8,95.0,LE,2026-10-05 13:50:48.287866
2026-10-05,2026-10-01,2026-10-05,district,SHWB & SIKKIM,WEST BENGAL,KALIMPONG,17.9,6.5,176.0,LE,29.9,39.7,-25.0,D,2026-10-05 13:50:48.287866
2026-10-05,2026-10-01,2026-10-05,district,SHWB & SIKKIM,WEST BENGAL,MALDA,0.0,6.1,-100.0,NR,0.0,36.5,-100.0,NR,2026-10-05 13:50:48.287866
2026-10-05,2026-10-01,2026-10-05,district,SHWB & SIKKIM,WEST BENGAL,NORTH DINAJPUR,0.0,8.3,-100.0,NR,0.0,47.5,-100.0,NR,2026-10-05 13:50:48.287866
2026-10-05,2026-10-01,2026-10-05,district,SHWB & SIKKIM,WEST BENGAL,SOUTH DINAJPUR,0.0,5.3,-100.0,NR,0.0,42.8,-100.0,NR,2026-10-05 13:50:48.287866
2026-10-05,2026-10-01,2026-10-05,district,TAMIL. PUDU.& KARAIKAL,PUDUCHERRY (UT),KARAIKAL,0.0,3.4,-100.0,NR,26.2,17.9,46.0,E,2026-10-05 13:50:48.287866
2026-10-05,2026-10-01,2026-10-05,district,TAMIL. PUDU.& KARAIKAL,PUDUCHERRY (UT),PUDUCHERRY,0.0,17.2,-100.0,NR,0.0,38.4,-100.0,NR,2026-10-05 13:50:48.287866
2026-10-05,2026-10-01,2026-10-05,district,TAMIL. PUDU.& KARAIKAL,TAMILNADU,ARIYALUR,1.1,4.6,-77.0,LD,7.9,17.9,-56.0,D,2026-10-05 13:50:48.287866
2026-10-05,2026-10-01,2026-10-05,district,TAMIL. PUDU.& KARAIKAL,TAMILNADU,CHENGALPATTU,0.9,5.8,-84.0,LD,0.9,26.1,-96.0,LD,2026-10-05 13:50:48.287866
2026-10-05,2026-10-01,2026-10-05,district,TAMIL. PUDU.& KARAIKAL,TAMILNADU,CHENNAI,0.0,6.4,-100.0,NR,0.0,30.4,-100.0,NR,2026-10-05 13:50:48.287866
2026-10-05,2026-10-01,2026-10-05,district,TAMIL. PUDU.& KARAIKAL,TAMILNADU,COIMBATORE,9.9,3.5,182.0,LE,26.2,20.2,30.0,E,2026-10-05 13:50:48.287866
2026-10-05,2026-10-01,2026-10-05,district,TAMIL. PUDU.& KARAIKAL,TAMILNADU,CUDDALORE,0.2,3.9,-96.0,LD,5.9,20.4,-71.0,LD,2026-10-05 13:50:48.287866
2026-10-05,2026-10-01,2026-10-05,district,TAMIL. PUDU.& KARAIKAL,TAMILNADU,DHARMAPURI,0.0,5.1,-100.0,NR,6.9,28.8,-76.0,LD,2026-10-05 13:50:48.287866
2026-10-05,2026-10-01,2026-10-05,district,TAMIL. PUDU.& KARAIKAL,TAMILNADU,DINDIGUL,4.5,3.9,14.0,N,14.5,24.4,-41.0,D,2026-10-05 13:50:48.287866
2026-10-05,2026-10-01,2026-10-05,district,TAMIL. PUDU.& KARAIKAL,TAMILNADU,ERODE,1.3,3.9,-67.0,LD,9.3,21.5,-57.0,D,2026-10-05 13:50:48.287866
2026-10-05,2026-10-01,2026-10-05,district,TAMIL. PUDU.& KARAIKAL,TAMILNADU,KALLAKURICHI,0.0,6.4,-100.0,NR,23.6,23.0,3.0,N,2026-10-05 13:50:48.287866
2026-10-05,2026-10-01,2026-10-05,district,TAMIL. PUDU.& KARAIKAL,TAMILNADU,KANCHEEPURAM,2.0,4.8,-58.0,D,2.4,30.8,-92.0,LD,2026-10-05 13:50:48.287866
2026-10-05,2026-10-01,2026-10-05,district,TAMIL. PUDU.& KARAIKAL,TAMILNADU,KANYAKUMARI,6.5,4.9,32.0,E,37.1,28.8,29.0,E,2026-10-05 13:50:48.287866
2026-10-05,2026-10-01,2026-10-05,district,TAMIL. PUDU.& KARAIKAL,TAMILNADU,KARUR,0.0,2.6,-100.0,NR,12.2,15.1,-19.0,N,2026-10-05 13:50:48.287866
2026-10-05,2026-10-01,2026-10-05,district,TAMIL. PUDU.& KARAIKAL,TAMILNADU,KRISHNAGIRI,0.0,5.0,-100.0,NR,15.5,31.2,-50.0,D,2026-10-05 13:50:48.287866
2026-10-05,2026-10-01,2026-10-05,district,TAMIL. PUDU.& KARAIKAL,TAMILNADU,MADURAI,2.7,4.3,-36.0,D,10.3,21.5,-52.0,D,2026-10-05 13:50:48.287866
2026-10-05,2026-10-01,2026-10-05,district,TAMIL. PUDU.& KARAIKAL,TAMILNADU,MAYILADUTHURAI,0.0,5.3,-100.0,NR,7.3,18.9,-61.0,LD,2026-10-05 13:50:48.287866
2026-10-05,2026-10-01,2026-10-05,district,TAMIL. PUDU.& KARAIKAL,TAMILNADU,NAGAPATTINAM,0.0,3.6,-100.0,NR,1.0,17.1,-94.0,LD,2026-10-05 13:50:48.287866
2026-10-05,2026-10-01,2026-10-05,district,TAMIL. PUDU.& KARAIKAL,TAMILNADU,NAMAKKAL,4.3,3.4,25.0,E,17.4,18.6,-6.0,N,2026-10-05 13:50:48.287866
2026-10-05,2026-10-01,2026-10-05,district,TAMIL. PUDU.& KARAIKAL,TAMILNADU,NILGIRIS,17.3,4.9,253.0,LE,24.6,27.6,-11.0,N,2026-10-05 13:50:48.287866
2026-10-05,2026-10-01,2026-10-05,district,TAMIL. PUDU.& KARAIKAL,TAMILNADU,PERAMBALUR,0.0,4.3,-100.0,NR,18.9,16.4,15.0,N,2026-10-05 13:50:48.287866
2026-10-05,2026-10-01,2026-10-05,district,TAMIL. PUDU.& KARAIKAL,TAMILNADU,PUDUKKOTTAI,0.2,3.7,-95.0,LD,8.3,17.9,-53.0,D,2026-10-05 13:50:48.287866
2026-10-05,2026-10-01,2026-10-05,district,TAMIL. PUDU.& KARAIKAL,TAMILNADU,RAMANATHAPURAM,0.3,2.5,-90.0,LD,8.2,15.6,-48.0,D,2026-10-05 13:50:48.287866
2026-10-05,2026-10-01,2026-10-05,district,TAMIL. PUDU.& KARAIKAL,TAMILNADU,RANIPET,0.0,4.2,-100.0,NR,1.6,22.4,-93.0,LD,2026-10-05 13:50:48.287866
2026-10-05,2026-10-01,2026-10-05,district,TAMIL. PUDU.& KARAIKAL,TAMILNADU,SALEM,0.0,6.0,-100.0,NR,2.0,25.2,-92.0,LD,2026-10-05 13:50:48.287866
2026-10-05,2026-10-01,2026-10-05,district,TAMIL. PUDU.& KARAIKAL,TAMILNADU,SIVAGANGA,1.6,4.3,-63.0,LD,4.5,21.5,-79.0,LD,2026-10-05 13:50:48.287866
2026-10-05,2026-10-01,2026-10-05,district,TAMIL. PUDU.& KARAIKAL,TAMILNADU,TENKASI,5.0,2.7,85.0,LE,24.8,12.6,97.0,LE,2026-10-05 13:50:48.287866
2026-10-05,2026-10-01,2026-10-05,district,TAMIL. PUDU.& KARAIKAL,TAMILNADU,THANJAVUR,0.2,3.8,-94.0,LD,6.4,20.4,-69.0,LD,2026-10-05 13:50:48.287866
2026-10-05,2026-10-01,2026-10-05,district,TAMIL. PUDU.& KARAIKAL,TAMILNADU,THENI,7.6,2.9,163.0,LE,22.2,19.8,12.0,N,2026-10-05 13:50:48.287866
2026-10-05,2026-10-01,2026-10-05,district,TAMIL. PUDU.& KARAIKAL,TAMILNADU,THIRUCHIRAPALLI,0.0,4.5,-100.0,NR,8.6,21.7,-60.0,LD,2026-10-05 13:50:48.287866
2026-10-05,2026-10-01,2026-10-05,district,TAMIL. PUDU.& KARAIKAL,TAMILNADU,THIRUVALLUR,0.5,6.0,-91.0,LD,2.2,24.8,-91.0,LD,2026-10-05 13:50:48.287866
2026-10-05,2026-10-01,2026-10-05,district,TAMIL. PUDU.& KARAIKAL,TAMILNADU,THOOTHUKUDI,3.4,1.3,161.0,LE,10.4,8.4,23.0,E,2026-10-05 13:50:48.287866
2026-10-05,2026-10-01,2026-10-05,district,TAMIL. PUDU.& KARAIKAL,TAMILNADU,TIRUNELVELI,3.7,1.4,166.0,LE,22.8,9.4,142.0,LE,2026-10-05 13:50:48.287866
2026-10-05,2026-10-01,2026-10-05,district,TAMIL. PUDU.& KARAIKAL,TAMILNADU,TIRUPATTUR,0.0,4.9,-100.0,NR,7.1,24.9,-71.0,LD,2026-10-05 13:50:48.287866
2026-10-05,2026-10-01,2026-10-05,district,TAMIL. PUDU.& KARAIKAL,TAMILNADU,TIRUPPUR,5.1,3.4,51.0,E,10.4,19.0,-45.0,D,2026-10-05 13:50:48.287866
2026-10-05,2026-10-01,2026-10-05,district,TAMIL. PUDU.& KARAIKAL,TAMILNADU,TIRUVANNAMALAI,0.0,5.0,-100.0,NR,18.2,25.8,-29.0,D,2026-10-05 13:50:48.287866
2026-10-05,2026-10-01,2026-10-05,district,TAMIL. PUDU.& KARAIKAL,TAMILNADU,TIRUVARUR,0.4,4.9,-93.0,LD,5.0,20.9,-76.0,LD,2026-10-05 13:50:48.287866
2026-10-05,2026-10-01,2026-10-05,district,TAMIL. PUDU.& KARAIKAL,TAMILNADU,VELLORE,0.1,4.4,-97.0,LD,6.8,23.0,-71.0,LD,2026-10-05 13:50:48.287866
2026-10-05,2026-10-01,2026-10-05,district,TAMIL. PUDU.& KARAIKAL,TAMILNADU,VILLUPURAM,0.0,6.4,-100.0,NR,7.2,25.2,-71.0,LD,2026-10-05 13:50:48.287866
2026-10-05,2026-10-01,2026-10-05,district,TAMIL. PUDU.& KARAIKAL,TAMILNADU,VIRUDHUNAGAR,0.9,3.1,-71.0,LD,24.2,16.1,50.0,E,2026-10-05 13:50:48.287866
2026-10-05,2026-10-01,2026-10-05,district,TELANGANA,TELANGANA,ADILABAD,0.0,1.7,-100.0,NR,0.0,18.1,-100.0,NR,2026-10-05 13:50:48.287866
2026-10-05,2026-10-01,2026-10-05,district,TELANGANA,TELANGANA,B. KOTHAGUDEM,0.0,5.8,-99.0,LD,0.8,27.0,-97.0,LD,2026-10-05 13:50:48.287866
2026-10-05,2026-10-01,2026-10-05,district,TELANGANA,TELANGANA,HANUMAKONDA,0.0,1.2,-100.0,NR,0.0,17.6,-99.0,LD,2026-10-05 13:50:48.287866
2026-10-05,2026-10-01,2026-10-05,district,TELANGANA,TELANGANA,HYDERABAD,0.0,1.9,-100.0,NR,0.1,24.2,-99.0,LD,2026-10-05 13:50:48.287866
2026-10-05,2026-10-01,2026-10-05,district,TELANGANA,TELANGANA,J. BHUPALPALLY,0.0,1.4,-100.0,NR,0.1,16.3,-99.0,LD,2026-10-05 13:50:48.287866
2026-10-05,2026-10-01,2026-10-05,district,TELANGANA,TELANGANA,JAGTIAL,0.0,2.4,-100.0,NR,0.0,17.7,-100.0,NR,2026-10-05 13:50:48.287866
2026-10-05,2026-10-01,2026-10-05,district,TELANGANA,TELANGANA,JANGAON,0.0,2.0,-98.0,LD,0.1,25.0,-99.0,LD,2026-10-05 13:50:48.287866
2026-10-05,2026-10-01,2026-10-05,district,TELANGANA,TELANGANA,JOGULAMBA GADWAL,0.0,2.1,-100.0,NR,0.0,25.4,-100.0,NR,2026-10-05 13:50:48.287866
2026-10-05,2026-10-01,2026-10-05,district,TELANGANA,TELANGANA,KAMAREDDY,0.0,1.5,-100.0,NR,0.0,20.9,-99.0,LD,2026-10-05 13:50:48.287866
2026-10-05,2026-10-01,2026-10-05,district,TELANGANA,TELANGANA,KARIMNAGAR,0.0,2.6,-100.0,NR,0.0,19.5,-100.0,NR,2026-10-05 13:50:48.287866
2026-10-05,2026-10-01,2026-10-05,district,TELANGANA,TELANGANA,KHAMMAM,0.0,5.4,-99.0,LD,1.5,29.1,-95.0,LD,2026-10-05 13:50:48.287866
2026-10-05,2026-10-01,2026-10-05,district,TELANGANA,TELANGANA,KUMARAM BHEEM,0.0,1.6,-100.0,NR,0.1,22.0,-99.0,LD,2026-10-05 13:50:48.287866
2026-10-05,2026-10-01,2026-10-05,district,TELANGANA,TELANGANA,M. MALKAJGIRI,0.0,1.4,-100.0,NR,0.3,22.5,-99.0,LD,2026-10-05 13:50:48.287866
2026-10-05,2026-10-01,2026-10-05,district,TELANGANA,TELANGANA,MAHABUBABAD,0.1,3.0,-97.0,LD,0.5,23.5,-98.0,LD,2026-10-05 13:50:48.287866
2026-10-05,2026-10-01,2026-10-05,district,TELANGANA,TELANGANA,MAHABUBNAGAR,0.0,3.5,-100.0,NR,0.0,26.9,-99.0,LD,2026-10-05 13:50:48.287866
2026-10-05,2026-10-01,2026-10-05,district,TELANGANA,TELANGANA,MANCHERIAL,0.1,3.4,-97.0,LD,0.8,22.4,-96.0,LD,2026-10-05 13:50:48.287866
2026-10-05,2026-10-01,2026-10-05,district,TELANGANA,TELANGANA,MEDAK,0.0,1.7,-100.0,NR,0.1,21.5,-99.0,LD,2026-10-05 13:50:48.287866
2026-10-05,2026-10-01,2026-10-05,district,TELANGANA,TELANGANA,MULUGU,0.0,2.6,-100.0,NR,1.1,22.3,-95.0,LD,2026-10-05 13:50:48.287866
2026-10-05,2026-10-01,2026-10-05,district,TELANGANA,TELANGANA,NAGARKURNOOL,0.0,3.1,-100.0,NR,0.1,28.8,-99.0,LD,2026-10-05 13:50:48.287866
2026-10-05,2026-10-01,2026-10-05,district,TELANGANA,TELANGANA,NALGONDA,0.0,6.6,-100.0,NR,0.3,28.4,-99.0,LD,2026-10-05 13:50:48.287866
2026-10-05,2026-10-01,2026-10-05,district,TELANGANA,TELANGANA,NARAYANPET,0.0,1.7,-100.0,NR,0.1,21.4,-99.0,LD,2026-10-05 13:50:48.287866
2026-10-05,2026-10-01,2026-10-05,district,TELANGANA,TELANGANA,NIRMAL,0.0,2.9,-100.0,NR,0.7,20.7,-97.0,LD,2026-10-05 13:50:48.287866
2026-10-05,2026-10-01,2026-10-05,district,TELANGANA,TELANGANA,NIZAMABAD,0.0,1.4,-100.0,NR,0.0,16.5,-100.0,NR,2026-10-05 13:50:48.287866
2026-10-05,2026-10-01,2026-10-05,district,TELANGANA,TELANGANA,PEDDAPALLE,0.0,2.1,-100.0,NR,0.5,21.3,-98.0,LD,2026-10-05 13:50:48.287866
2026-10-05,2026-10-01,2026-10-05,district,TELANGANA,TELANGANA,RAJANNA SIRCILLA,0.9,0.9,3.0,N,27.2,18.9,44.0,E,2026-10-05 13:50:48.287866
2026-10-05,2026-10-01,2026-10-05,district,TELANGANA,TELANGANA,RANGAREDDY,0.0,2.0,-99.0,LD,0.8,22.9,-96.0,LD,2026-10-05 13:50:48.287866
2026-10-05,2026-10-01,2026-10-05,district,TELANGANA,TELANGANA,SANGAREDDY,0.0,1.4,-100.0,NR,0.4,25.4,-98.0,LD,2026-10-05 13:50:48.287866
2026-10-05,2026-10-01,2026-10-05,district,TELANGANA,TELANGANA,SIDDIPET,0.0,1.9,-99.0,LD,0.1,20.7,-99.0,LD,2026-10-05 13:50:48.287866
2026-10-05,2026-10-01,2026-10-05,district,TELANGANA,TELANGANA,SURYAPET,0.0,5.6,-99.0,LD,0.0,28.7,-99.0,LD,2026-10-05 13:50:48.287866
2026-10-05,2026-10-01,2026-10-05,district,TELANGANA,TELANGANA,VIKARABAD,0.0,2.2,-100.0,NR,0.0,26.1,-99.0,LD,2026-10-05 13:50:48.287866
2026-10-05,2026-10-01,2026-10-05,district,TELANGANA,TELANGANA,WANAPARTHY,0.0,4.1,-100.0,NR,0.0,34.0,-99.0,LD,2026-10-05 13:50:48.287866
2026-10-05,2026-10-01,2026-10-05,district,TELANGANA,TELANGANA,WARANGAL,0.0,2.0,-100.0,NR,0.3,17.2,-98.0,LD,2026-10-05 13:50:48.287866
2026-10-05,2026-10-01,2026-10-05,district,TELANGANA,TELANGANA,Y. BHUVANAGIRI,0.0,3.6,-100.0,NR,0.0,25.8,-100.0,NR,2026-10-05 13:50:48.287866
2026-10-05,2026-10-01,2026-10-05,district,UTTARAKHAND,UTTARAKHAND,ALMORA,0.0,1.0,-100.0,NR,1.0,4.8,-79.0,LD,2026-10-05 13:50:48.287866
2026-10-05,2026-10-01,2026-10-05,district,UTTARAKHAND,UTTARAKHAND,BAGESHWAR,0.0,1.0,-100.0,NR,1.6,4.8,-68.0,LD,2026-10-05 13:50:48.287866
2026-10-05,2026-10-01,2026-10-05,district,UTTARAKHAND,UTTARAKHAND,CHAMOLI,0.0,1.9,-100.0,NR,3.3,4.8,-32.0,D,2026-10-05 13:50:48.287866
2026-10-05,2026-10-01,2026-10-05,district,UTTARAKHAND,UTTARAKHAND,CHAMPAWAT,0.0,2.0,-100.0,NR,0.0,7.2,-100.0,NR,2026-10-05 13:50:48.287866
2026-10-05,2026-10-01,2026-10-05,district,UTTARAKHAND,UTTARAKHAND,DEHRADUN,0.0,3.0,-100.0,NR,0.0,9.4,-100.0,NR,2026-10-05 13:50:48.287866
2026-10-05,2026-10-01,2026-10-05,district,UTTARAKHAND,UTTARAKHAND,GARHWAL PAURI,0.0,1.6,-100.0,NR,0.0,7.4,-100.0,NR,2026-10-05 13:50:48.287866
2026-10-05,2026-10-01,2026-10-05,district,UTTARAKHAND,UTTARAKHAND,GARHWAL TEHRI,0.0,1.9,-100.0,NR,0.0,6.4,-100.0,NR,2026-10-05 13:50:48.287866
2026-10-05,2026-10-01,2026-10-05,district,UTTARAKHAND,UTTARAKHAND,HARDWAR,0.0,1.3,-100.0,NR,0.0,3.9,-100.0,NR,2026-10-05 13:50:48.287866
2026-10-05,2026-10-01,2026-10-05,district,UTTARAKHAND,UTTARAKHAND,NAINITAL,0.0,3.1,-100.0,NR,5.0,10.2,-51.0,D,2026-10-05 13:50:48.287866
2026-10-05,2026-10-01,2026-10-05,district,UTTARAKHAND,UTTARAKHAND,PITHORAGARH,0.0,3.5,-100.0,NR,0.0,12.2,-100.0,NR,2026-10-05 13:50:48.287866
2026-10-05,2026-10-01,2026-10-05,district,UTTARAKHAND,UTTARAKHAND,RUDRAPRAYAG,0.0,1.5,-100.0,NR,0.8,5.1,-84.0,LD,2026-10-05 13:50:48.287866
2026-10-05,2026-10-01,2026-10-05,district,UTTARAKHAND,UTTARAKHAND,UDHAM SINGH NAGAR,0.0,1.1,-100.0,NR,0.0,6.7,-100.0,NR,2026-10-05 13:50:48.287866
2026-10-05,2026-10-01,2026-10-05,district,UTTARAKHAND,UTTARAKHAND,UTTARKASHI,0.0,5.2,-100.0,NR,2.9,14.3,-80.0,LD,2026-10-05 13:50:48.287866
2026-10-05,2026-10-01,2026-10-05,district,VIDARBHA,MAHARASHTRA,AKOLA,0.0,2.5,-100.0,NR,0.0,19.7,-99.0,LD,2026-10-05 13:50:48.287866
2026-10-05,2026-10-01,2026-10-05,district,VIDARBHA,MAHARASHTRA,AMRAOTI,0.0,2.2,-100.0,NR,0.0,15.3,-100.0,NR,2026-10-05 13:50:48.287866
2026-10-05,2026-10-01,2026-10-05,district,VIDARBHA,MAHARASHTRA,BHANDARA,0.0,2.9,-100.0,NR,0.0,15.2,-99.0,LD,2026-10-05 13:50:48.287866
2026-10-05,2026-10-01,2026-10-05,district,VIDARBHA,MAHARASHTRA,BULDHANA,0.0,3.0,-100.0,NR,0.0,20.6,-100.0,NR,2026-10-05 13:50:48.287866
2026-10-05,2026-10-01,2026-10-05,district,VIDARBHA,MAHARASHTRA,CHANDRAPUR,0.0,2.9,-100.0,NR,0.0,17.6,-100.0,NR,2026-10-05 13:50:48.287866
2026-10-05,2026-10-01,2026-10-05,district,VIDARBHA,MAHARASHTRA,GADCHIROLI,0.0,3.2,-100.0,NR,0.0,18.7,-99.0,LD,2026-10-05 13:50:48.287866
2026-10-05,2026-10-01,2026-10-05,district,VIDARBHA,MAHARASHTRA,GONDIA,0.0,2.6,-100.0,NR,0.0,13.2,-99.0,LD,2026-10-05 13:50:48.287866
2026-10-05,2026-10-01,2026-10-05,district,VIDARBHA,MAHARASHTRA,NAGPUR,0.0,2.0,-100.0,NR,0.0,12.5,-100.0,NR,2026-10-05 13:50:48.287866
2026-10-05,2026-10-01,2026-10-05,district,VIDARBHA,MAHARASHTRA,WARDHA,0.0,2.0,-100.0,NR,0.0,15.9,-99.0,LD,2026-10-05 13:50:48.287866
2026-10-05,2026-10-01,2026-10-05,district,VIDARBHA,MAHARASHTRA,WASHIM,0.0,2.0,-100.0,NR,0.0,20.1,-99.0,LD,2026-10-05 13:50:48.287866
2026-10-05,2026-10-01,2026-10-05,district,VIDARBHA,MAHARASHTRA,YEOTMAL,0.0,2.0,-100.0,NR,0.0,19.5,-100.0,NR,2026-10-05 13:50:48.287866
2026-10-05,2026-10-01,2026-10-05,district,WEST MADHYA PRADESH,MADHYA PRADESH,AGAR-MALWA,0.0,1.0,-100.0,NR,0.0,9.0,-100.0,NR,2026-10-05 13:50:48.287866
2026-10-05,2026-10-01,2026-10-05,district,WEST MADHYA PRADESH,MADHYA PRADESH,ALIRAJPUR,0.0,1.1,-100.0,NR,0.0,10.8,-100.0,NR,2026-10-05 13:50:48.287866
2026-10-05,2026-10-01,2026-10-05,district,WEST MADHYA PRADESH,MADHYA PRADESH,ASHOKNAGAR,0.0,2.5,-100.0,NR,0.0,8.6,-100.0,NR,2026-10-05 13:50:48.287866
2026-10-05,2026-10-01,2026-10-05,district,WEST MADHYA PRADESH,MADHYA PRADESH,BARWANI,0.0,1.6,-100.0,NR,0.0,9.4,-100.0,NR,2026-10-05 13:50:48.287866
2026-10-05,2026-10-01,2026-10-05,district,WEST MADHYA PRADESH,MADHYA PRADESH,BETUL,0.0,3.1,-100.0,NR,0.0,12.1,-100.0,NR,2026-10-05 13:50:48.287866
2026-10-05,2026-10-01,2026-10-05,district,WEST MADHYA PRADESH,MADHYA PRADESH,BHIND,0.0,3.2,-100.0,NR,0.0,9.7,-100.0,NR,2026-10-05 13:50:48.287866
2026-10-05,2026-10-01,2026-10-05,district,WEST MADHYA PRADESH,MADHYA PRADESH,BHOPAL,0.0,3.0,-100.0,NR,0.0,8.7,-100.0,NR,2026-10-05 13:50:48.287866
2026-10-05,2026-10-01,2026-10-05,district,WEST MADHYA PRADESH,MADHYA PRADESH,BURHANPUR,0.0,1.7,-100.0,NR,0.0,14.5,-100.0,NR,2026-10-05 13:50:48.287866
2026-10-05,2026-10-01,2026-10-05,district,WEST MADHYA PRADESH,MADHYA PRADESH,DATIA,0.0,3.9,-100.0,NR,0.0,11.2,-100.0,NR,2026-10-05 13:50:48.287866
2026-10-05,2026-10-01,2026-10-05,district,WEST MADHYA PRADESH,MADHYA PRADESH,DEWAS,0.0,1.9,-100.0,NR,0.0,8.1,-100.0,NR,2026-10-05 13:50:48.287866
2026-10-05,2026-10-01,2026-10-05,district,WEST MADHYA PRADESH,MADHYA PRADESH,DHAR,0.0,2.4,-100.0,NR,0.1,12.3,-99.0,LD,2026-10-05 13:50:48.287866
2026-10-05,2026-10-01,2026-10-05,district,WEST MADHYA PRADESH,MADHYA PRADESH,GUNA,0.0,1.6,-100.0,NR,0.0,6.4,-100.0,NR,2026-10-05 13:50:48.287866
2026-10-05,2026-10-01,2026-10-05,district,WEST MADHYA PRADESH,MADHYA PRADESH,GWALIOR,0.0,1.5,-100.0,NR,1.0,10.3,-90.0,LD,2026-10-05 13:50:48.287866
2026-10-05,2026-10-01,2026-10-05,district,WEST MADHYA PRADESH,MADHYA PRADESH,HARDA,0.0,3.7,-100.0,NR,0.0,15.3,-100.0,NR,2026-10-05 13:50:48.287866
2026-10-05,2026-10-01,2026-10-05,district,WEST MADHYA PRADESH,MADHYA PRADESH,INDORE,0.0,2.9,-100.0,NR,0.0,10.6,-100.0,NR,2026-10-05 13:50:48.287866
2026-10-05,2026-10-01,2026-10-05,district,WEST MADHYA PRADESH,MADHYA PRADESH,JHABUA,0.0,2.5,-100.0,NR,0.0,13.4,-100.0,NR,2026-10-05 13:50:48.287866
2026-10-05,2026-10-01,2026-10-05,district,WEST MADHYA PRADESH,MADHYA PRADESH,KHANDWA,0.0,4.6,-100.0,NR,0.0,12.7,-100.0,NR,2026-10-05 13:50:48.287866
2026-10-05,2026-10-01,2026-10-05,district,WEST MADHYA PRADESH,MADHYA PRADESH,KHARGONE,0.0,1.8,-100.0,NR,0.0,10.5,-100.0,NR,2026-10-05 13:50:48.287866
2026-10-05,2026-10-01,2026-10-05,district,WEST MADHYA PRADESH,MADHYA PRADESH,MANDSAUR,0.0,1.9,-100.0,NR,0.0,6.9,-100.0,NR,2026-10-05 13:50:48.287866
2026-10-05,2026-10-01,2026-10-05,district,WEST MADHYA PRADESH,MADHYA PRADESH,MORENA,0.0,1.5,-100.0,NR,0.0,7.6,-100.0,NR,2026-10-05 13:50:48.287866
2026-10-05,2026-10-01,2026-10-05,district,WEST MADHYA PRADESH,MADHYA PRADESH,NARMADAPURAM,0.0,2.2,-100.0,NR,0.0,9.1,-100.0,NR,2026-10-05 13:50:48.287866
2026-10-05,2026-10-01,2026-10-05,district,WEST MADHYA PRADESH,MADHYA PRADESH,NEEMUCH,0.0,1.1,-100.0,NR,0.0,4.4,-100.0,NR,2026-10-05 13:50:48.287866
2026-10-05,2026-10-01,2026-10-05,district,WEST MADHYA PRADESH,MADHYA PRADESH,RAISEN,0.0,2.6,-100.0,NR,0.9,9.5,-90.0,LD,2026-10-05 13:50:48.287866
2026-10-05,2026-10-01,2026-10-05,district,WEST MADHYA PRADESH,MADHYA PRADESH,RAJGARH,0.0,3.5,-100.0,NR,0.0,8.0,-100.0,NR,2026-10-05 13:50:48.287866
2026-10-05,2026-10-01,2026-10-05,district,WEST MADHYA PRADESH,MADHYA PRADESH,RATLAM,0.0,1.4,-100.0,NR,0.0,11.4,-100.0,NR,2026-10-05 13:50:48.287866
2026-10-05,2026-10-01,2026-10-05,district,WEST MADHYA PRADESH,MADHYA PRADESH,SEHORE,0.0,2.8,-100.0,NR,0.0,7.6,-100.0,NR,2026-10-05 13:50:48.287866
2026-10-05,2026-10-01,2026-10-05,district,WEST MADHYA PRADESH,MADHYA PRADESH,SHAJAPUR,0.0,2.3,-100.0,NR,0.0,8.2,-100.0,NR,2026-10-05 13:50:48.287866
2026-10-05,2026-10-01,2026-10-05,district,WEST MADHYA PRADESH,MADHYA PRADESH,SHEOPUR,0.0,2.2,-100.0,NR,2.8,4.5,-38.0,D,2026-10-05 13:50:48.287866
2026-10-05,2026-10-01,2026-10-05,district,WEST MADHYA PRADESH,MADHYA PRADESH,SHIVPURI,0.0,2.5,-100.0,NR,0.0,8.8,-100.0,NR,2026-10-05 13:50:48.287866
2026-10-05,2026-10-01,2026-10-05,district,WEST MADHYA PRADESH,MADHYA PRADESH,UJJAIN,0.0,2.4,-100.0,NR,0.0,8.5,-100.0,NR,2026-10-05 13:50:48.287866
2026-10-05,2026-10-01,2026-10-05,district,WEST MADHYA PRADESH,MADHYA PRADESH,VIDISHA,0.0,2.7,-100.0,NR,0.0,10.2,-100.0,NR,2026-10-05 13:50:48.287866
2026-10-05,2026-10-01,2026-10-05,district,WEST RAJASTHAN,RAJASTHAN,BARMER,0.0,0.8,-100.0,NR,0.0,3.8,-100.0,NR,2026-10-05 13:50:48.287866
2026-10-05,2026-10-01,2026-10-05,district,WEST RAJASTHAN,RAJASTHAN,BIKANER,0.0,0.6,-100.0,NR,0.0,3.4,-100.0,NR,2026-10-05 13:50:48.287866
2026-10-05,2026-10-01,2026-10-05,district,WEST RAJASTHAN,RAJASTHAN,CHURU,0.0,0.6,-100.0,NR,0.0,3.9,-100.0,NR,2026-10-05 13:50:48.287866
2026-10-05,2026-10-01,2026-10-05,district,WEST RAJASTHAN,RAJASTHAN,HANUMANGARH,0.0,0.1,-100.0,NR,0.0,2.1,-100.0,NR,2026-10-05 13:50:48.287866
2026-10-05,2026-10-01,2026-10-05,district,WEST RAJASTHAN,RAJASTHAN,JAISALMER,0.0,0.4,-100.0,NR,0.0,1.8,-100.0,NR,2026-10-05 13:50:48.287866
2026-10-05,2026-10-01,2026-10-05,district,WEST RAJASTHAN,RAJASTHAN,JALORE,0.0,1.0,-100.0,NR,0.0,3.8,-100.0,NR,2026-10-05 13:50:48.287866
2026-10-05,2026-10-01,2026-10-05,district,WEST RAJASTHAN,RAJASTHAN,JODHPUR,0.0,0.3,-100.0,NR,0.0,1.6,-100.0,NR,2026-10-05 13:50:48.287866
2026-10-05,2026-10-01,2026-10-05,district,WEST RAJASTHAN,RAJASTHAN,NAGAUR,0.0,0.5,-100.0,NR,0.0,3.3,-100.0,NR,2026-10-05 13:50:48.287866
2026-10-05,2026-10-01,2026-10-05,district,WEST RAJASTHAN,RAJASTHAN,PALI,0.0,0.6,-100.0,NR,0.0,4.5,-100.0,NR,2026-10-05 13:50:48.287866
2026-10-05,2026-10-01,2026-10-05,district,WEST RAJASTHAN,RAJASTHAN,SRI GANGANAGAR,0.0,0.0,-100.0,NR,0.0,1.4,-100.0,NR,2026-10-05 13:50:48.287866
2026-10-05,2026-10-01,2026-10-05,district,WEST UTTAR PRADESH,UTTAR PRADESH,AGRA,0.0,1.4,-100.0,NR,0.0,5.0,-100.0,NR,2026-10-05 13:50:48.287866
2026-10-05,2026-10-01,2026-10-05,district,WEST UTTAR PRADESH,UTTAR PRADESH,ALIGARH,0.0,1.2,-100.0,NR,0.0,5.9,-100.0,NR,2026-10-05 13:50:48.287866
2026-10-05,2026-10-01,2026-10-05,district,WEST UTTAR PRADESH,UTTAR PRADESH,AMROHA,0.0,3.1,-100.0,NR,0.0,7.0,-100.0,NR,2026-10-05 13:50:48.287866
2026-10-05,2026-10-01,2026-10-05,district,WEST UTTAR PRADESH,UTTAR PRADESH,AURAIYA,0.0,1.8,-100.0,NR,0.0,6.8,-100.0,NR,2026-10-05 13:50:48.287866
2026-10-05,2026-10-01,2026-10-05,district,WEST UTTAR PRADESH,UTTAR PRADESH,BADAUN,0.0,1.8,-100.0,NR,0.0,4.5,-100.0,NR,2026-10-05 13:50:48.287866
2026-10-05,2026-10-01,2026-10-05,district,WEST UTTAR PRADESH,UTTAR PRADESH,BAGHPAT,0.0,1.0,-100.0,NR,0.0,2.5,-100.0,NR,2026-10-05 13:50:48.287866
2026-10-05,2026-10-01,2026-10-05,district,WEST UTTAR PRADESH,UTTAR PRADESH,BAREILLY,0.0,1.1,-100.0,NR,0.0,4.7,-100.0,NR,2026-10-05 13:50:48.287866
2026-10-05,2026-10-01,2026-10-05,district,WEST UTTAR PRADESH,UTTAR PRADESH,BIJNOR,0.0,0.9,-100.0,NR,0.0,3.1,-100.0,NR,2026-10-05 13:50:48.287866
2026-10-05,2026-10-01,2026-10-05,district,WEST UTTAR PRADESH,UTTAR PRADESH,BULANDSHAHAR,0.0,1.6,-100.0,NR,0.0,3.9,-100.0,NR,2026-10-05 13:50:48.287866
2026-10-05,2026-10-01,2026-10-05,district,WEST UTTAR PRADESH,UTTAR PRADESH,ETAH,0.0,1.6,-100.0,NR,0.0,5.4,-100.0,NR,2026-10-05 13:50:48.287866
2026-10-05,2026-10-01,2026-10-05,district,WEST UTTAR PRADESH,UTTAR PRADESH,ETAWAH,0.0,1.1,-100.0,NR,0.0,4.7,-100.0,NR,2026-10-05 13:50:48.287866
2026-10-05,2026-10-01,2026-10-05,district,WEST UTTAR PRADESH,UTTAR PRADESH,FIROZABAD,0.0,1.9,-100.0,NR,0.0,6.9,-100.0,NR,2026-10-05 13:50:48.287866
2026-10-05,2026-10-01,2026-10-05,district,WEST UTTAR PRADESH,UTTAR PRADESH,GAUTAM BUDDHA NAGAR,0.0,1.8,-100.0,NR,0.0,2.7,-100.0,NR,2026-10-05 13:50:48.287866
2026-10-05,2026-10-01,2026-10-05,district,WEST UTTAR PRADESH,UTTAR PRADESH,GHAZIABAD,0.0,1.7,-100.0,NR,0.0,2.7,-100.0,NR,2026-10-05 13:50:48.287866
2026-10-05,2026-10-01,2026-10-05,district,WEST UTTAR PRADESH,UTTAR PRADESH,HAMIRPUR,0.0,4.0,-100.0,NR,0.0,11.0,-100.0,NR,2026-10-05 13:50:48.287866
2026-10-05,2026-10-01,2026-10-05,district,WEST UTTAR PRADESH,UTTAR PRADESH,HAPUR,0.0,0.2,-100.0,NR,0.0,2.4,-100.0,NR,2026-10-05 13:50:48.287866
2026-10-05,2026-10-01,2026-10-05,district,WEST UTTAR PRADESH,UTTAR PRADESH,HATHRAS,0.0,1.3,-100.0,NR,0.0,4.4,-100.0,NR,2026-10-05 13:50:48.287866
2026-10-05,2026-10-01,2026-10-05,district,WEST UTTAR PRADESH,UTTAR PRADESH,JALAUN,0.0,5.1,-100.0,NR,0.0,14.6,-100.0,NR,2026-10-05 13:50:48.287866
2026-10-05,2026-10-01,2026-10-05,district,WEST UTTAR PRADESH,UTTAR PRADESH,JHANSI,0.0,3.6,-100.0,NR,0.0,12.4,-100.0,NR,2026-10-05 13:50:48.287866
2026-10-05,2026-10-01,2026-10-05,district,WEST UTTAR PRADESH,UTTAR PRADESH,KASGANJ,0.0,2.1,-100.0,NR,0.0,6.4,-100.0,NR,2026-10-05 13:50:48.287866
2026-10-05,2026-10-01,2026-10-05,district,WEST UTTAR PRADESH,UTTAR PRADESH,LALITPUR,0.0,3.0,-100.0,NR,0.0,5.2,-100.0,NR,2026-10-05 13:50:48.287866
2026-10-05,2026-10-01,2026-10-05,district,WEST UTTAR PRADESH,UTTAR PRADESH,MAHOBA,0.0,2.3,-100.0,NR,0.0,7.3,-100.0,NR,2026-10-05 13:50:48.287866
2026-10-05,2026-10-01,2026-10-05,district,WEST UTTAR PRADESH,UTTAR PRADESH,MAINPURI,0.0,1.4,-100.0,NR,0.0,7.2,-100.0,NR,2026-10-05 13:50:48.287866
2026-10-05,2026-10-01,2026-10-05,district,WEST UTTAR PRADESH,UTTAR PRADESH,MATHURA,0.0,0.7,-100.0,NR,0.0,4.1,-100.0,NR,2026-10-05 13:50:48.287866
2026-10-05,2026-10-01,2026-10-05,district,WEST UTTAR PRADESH,UTTAR PRADESH,MEERUT,0.0,1.2,-100.0,NR,0.0,3.5,-100.0,NR,2026-10-05 13:50:48.287866
2026-10-05,2026-10-01,2026-10-05,district,WEST UTTAR PRADESH,UTTAR PRADESH,MORADABAD,0.0,1.2,-100.0,NR,0.0,5.1,-100.0,NR,2026-10-05 13:50:48.287866
2026-10-05,2026-10-01,2026-10-05,district,WEST UTTAR PRADESH,UTTAR PRADESH,MUZAFFARNAGAR,0.0,1.5,-100.0,NR,0.0,3.7,-100.0,NR,2026-10-05 13:50:48.287866
2026-10-05,2026-10-01,2026-10-05,district,WEST UTTAR PRADESH,UTTAR PRADESH,PILIBHIT,0.0,3.1,-100.0,NR,0.0,8.7,-100.0,NR,2026-10-05 13:50:48.287866
2026-10-05,2026-10-01,2026-10-05,district,WEST UTTAR PRADESH,UTTAR PRADESH,RAMPUR,0.0,0.7,-100.0,NR,0.0,7.6,-100.0,NR,2026-10-05 13:50:48.287866
2026-10-05,2026-10-01,2026-10-05,district,WEST UTTAR PRADESH,UTTAR PRADESH,SAHARANPUR,0.0,2.5,-100.0,NR,0.0,4.5,-100.0,NR,2026-10-05 13:50:48.287866
2026-10-05,2026-10-01,2026-10-05,district,WEST UTTAR PRADESH,UTTAR PRADESH,SAMBHAL,0.0,1.9,-100.0,NR,0.0,6.5,-100.0,NR,2026-10-05 13:50:48.287866
2026-10-05,2026-10-01,2026-10-05,district,WEST UTTAR PRADESH,UTTAR PRADESH,SHAHJAHANPUR,0.0,4.2,-100.0,NR,0.0,9.4,-100.0,NR,2026-10-05 13:50:48.287866
2026-10-05,2026-10-01,2026-10-05,district,WEST UTTAR PRADESH,UTTAR PRADESH,SHAMLI,0.0,0.9,-100.0,NR,0.0,2.8,-100.0,NR,2026-10-05 13:50:48.287866
2026-10-05,2026-10-01,2026-10-05,state,ASSAM & MEGHALAYA,ASSAM,,4.6,6.6,-30.0,D,26.6,27.9,-5.0,N,2026-10-05 13:50:48.287866
2026-10-05,2026-10-01,2026-10-05,state,ASSAM & MEGHALAYA,MEGHALAYA,,1.2,19.3,-94.0,LD,12.5,57.3,-78.0,LD,2026-10-05 13:50:48.287866
2026-10-05,2026-10-01,2026-10-05,state,BIHAR,UTTAR PRADESH,,0.0,3.0,-99.0,LD,0.0,9.4,-99.0,LD,2026-10-05 13:50:48.287866
2026-10-05,2026-10-01,2026-10-05,state,CHHATTISGARH,ANDHRA PRADESH,,0.5,6.8,-93.0,LD,3.1,32.2,-90.0,LD,2026-10-05 13:50:48.287866
2026-10-05,2026-10-01,2026-10-05,state,COASTAL A. P. & YANAM,ANDHRA PRADESH,,0.5,6.8,-93.0,LD,3.1,32.2,-90.0,LD,2026-10-05 13:50:48.287866
2026-10-05,2026-10-01,2026-10-05,state,COASTAL A. P. & YANAM,PUDUCHERRY (UT),,0.0,11.9,-100.0,NR,8.7,32.0,-73.0,LD,2026-10-05 13:50:48.287866
2026-10-05,2026-10-01,2026-10-05,state,EAST MADHYA PRADESH,GUJARAT,,0.0,1.4,-100.0,NR,0.3,6.0,-95.0,LD,2026-10-05 13:50:48.287866
2026-10-05,2026-10-01,2026-10-05,state,GUJARAT REGION,DADRA & NAGAR HAVELI AND DAMAN & DIU (UT),,0.0,2.1,-100.0,NR,0.0,11.8,-100.0,NR,2026-10-05 13:50:48.287866
2026-10-05,2026-10-01,2026-10-05,state,GUJARAT REGION,GUJARAT,,0.0,1.4,-100.0,NR,0.3,6.0,-95.0,LD,2026-10-05 13:50:48.287866
2026-10-05,2026-10-01,2026-10-05,state,HAR. CHD & DELHI,CHANDIGARH (UT),,0.0,3.8,-100.0,NR,0.0,7.0,-100.0,NR,2026-10-05 13:50:48.287866
2026-10-05,2026-10-01,2026-10-05,state,HAR. CHD & DELHI,DELHI,,0.0,0.4,-100.0,NR,0.0,5.2,-100.0,NR,2026-10-05 13:50:48.287866
2026-10-05,2026-10-01,2026-10-05,state,HAR. CHD & DELHI,HARYANA,,0.0,0.9,-100.0,NR,0.0,2.9,-100.0,NR,2026-10-05 13:50:48.287866
2026-10-05,2026-10-01,2026-10-05,state,J & K AND LADAKH,JAMMU & KASHMIR(UT),,0.0,0.8,-100.0,NR,0.0,3.9,-100.0,NR,2026-10-05 13:50:48.287866
2026-10-05,2026-10-01,2026-10-05,state,J & K AND LADAKH,LADAKH (UT),,0.0,0.0,-100.0,NR,0.0,0.2,-100.0,NR,2026-10-05 13:50:48.287866
2026-10-05,2026-10-01,2026-10-05,state,J & K AND LADAKH,RAJASTHAN,,0.0,0.8,-100.0,NR,0.0,3.6,-99.0,LD,2026-10-05 13:50:48.287866
2026-10-05,2026-10-01,2026-10-05,state,KERALA & MAHE,KERALA,,19.2,8.4,129.0,LE,37.4,48.6,-23.0,D,2026-10-05 13:50:48.287866
2026-10-05,2026-10-01,2026-10-05,state,KERALA & MAHE,PUDUCHERRY (UT),,0.0,11.9,-100.0,NR,8.7,32.0,-73.0,LD,2026-10-05 13:50:48.287866
2026-10-05,2026-10-01,2026-10-05,state,KONKAN & GOA,GOA,,1.0,10.2,-90.0,LD,1.3,49.8,-97.0,LD,2026-10-05 13:50:48.287866
2026-10-05,2026-10-01,2026-10-05,state,KONKAN & GOA,MAHARASHTRA,,0.0,3.8,-99.0,LD,0.8,22.6,-96.0,LD,2026-10-05 13:50:48.287866
2026-10-05,2026-10-01,2026-10-05,state,NMMT,MANIPUR,,0.0,3.7,-100.0,NR,31.6,25.0,27.0,E,2026-10-05 13:50:48.287866
2026-10-05,2026-10-01,2026-10-05,state,NMMT,MIZORAM,,1.9,10.3,-81.0,LD,67.1,52.1,29.0,E,2026-10-05 13:50:48.287866
2026-10-05,2026-10-01,2026-10-05,state,NMMT,NAGALAND,,1.9,4.5,-58.0,D,34.9,23.8,47.0,E,2026-10-05 13:50:48.287866
2026-10-05,2026-10-01,2026-10-05,state,NMMT,TRIPURA,,3.4,8.6,-61.0,LD,20.0,34.8,-43.0,D,2026-10-05 13:50:48.287866
2026-10-05,2026-10-01,2026-10-05,state,SAURASHTRA & KUTCH,DADRA & NAGAR HAVELI AND DAMAN & DIU (UT),,0.0,2.1,-100.0,NR,0.0,11.8,-100.0,NR,2026-10-05 13:50:48.287866
2026-10-05,2026-10-01,2026-10-05,state,SAURASHTRA & KUTCH,GUJARAT,,0.0,1.4,-100.0,NR,0.3,6.0,-95.0,LD,2026-10-05 13:50:48.287866
2026-10-05,2026-10-01,2026-10-05,state,SHWB & SIKKIM,SIKKIM,,14.4,7.3,97.0,LE,20.5,37.7,-46.0,D,2026-10-05 13:50:48.287866
2026-10-05,2026-10-01,2026-10-05,state,SHWB & SIKKIM,WEST BENGAL,,3.0,7.2,-58.0,D,10.3,33.5,-69.0,LD,2026-10-05 13:50:48.287866
2026-10-05,2026-10-01,2026-10-05,state,TAMIL. PUDU.& KARAIKAL,KARNATAKA,,3.8,5.5,-31.0,D,8.4,33.2,-75.0,LD,2026-10-05 13:50:48.287866
2026-10-05,2026-10-01,2026-10-05,state,TAMIL. PUDU.& KARAIKAL,PUDUCHERRY (UT),,0.0,11.9,-100.0,NR,8.7,32.0,-73.0,LD,2026-10-05 13:50:48.287866
2026-10-05,2026-10-01,2026-10-05,state,TAMIL. PUDU.& KARAIKAL,TAMILNADU,,2.2,4.2,-49.0,D,12.2,21.2,-42.0,D,2026-10-05 13:50:48.287866
2026-10-05,2026-10-01,2026-10-05,state,WEST RAJASTHAN,MADHYA PRADESH,,0.0,2.5,-100.0,NR,0.2,11.1,-99.0,LD,2026-10-05 13:50:48.287866
2026-10-05,2026-10-01,2026-10-05,subdivision,A & N ISLAND,,,3.8,11.2,-66.0,LD,17.0,61.8,-73.0,LD,2026-10-05 13:50:48.287866
2026-10-05,2026-10-01,2026-10-05,subdivision,ARUNACHAL PRADESH,,,9.3,10.1,-8.0,N,30.9,47.8,-35.0,D,2026-10-05 13:50:48.287866
2026-10-05,2026-10-01,2026-10-05,subdivision,ASSAM & MEGHALAYA,,,3.8,9.5,-60.0,LD,23.2,34.7,-33.0,D,2026-10-05 13:50:48.287866
2026-10-05,2026-10-01,2026-10-05,subdivision,BIHAR,,,0.2,6.6,-97.0,LD,0.3,19.4,-99.0,LD,2026-10-05 13:50:48.287866
2026-10-05,2026-10-01,2026-10-05,subdivision,CHHATTISGARH,,,0.0,3.5,-100.0,NR,0.1,17.7,-99.0,LD,2026-10-05 13:50:48.287866
2026-10-05,2026-10-01,2026-10-05,subdivision,COASTAL A. P. & YANAM,,,0.8,7.7,-89.0,LD,3.8,35.2,-89.0,LD,2026-10-05 13:50:48.287866
2026-10-05,2026-10-01,2026-10-05,subdivision,COASTAL KARNATAKA,,,16.7,9.3,80.0,LE,26.5,52.0,-49.0,D,2026-10-05 13:50:48.287866
2026-10-05,2026-10-01,2026-10-05,subdivision,EAST MADHYA PRADESH,,,0.0,2.7,-100.0,NR,0.1,13.2,-99.0,LD,2026-10-05 13:50:48.287866
2026-10-05,2026-10-01,2026-10-05,subdivision,EAST RAJASTHAN,,,0.0,1.3,-100.0,NR,0.1,4.6,-98.0,LD,2026-10-05 13:50:48.287866
2026-10-05,2026-10-01,2026-10-05,subdivision,EAST UTTAR PRADESH,,,0.0,3.6,-99.0,LD,0.0,11.7,-99.0,LD,2026-10-05 13:50:48.287866
2026-10-05,2026-10-01,2026-10-05,subdivision,GANGETIC WEST BENGAL,,,0.7,6.6,-90.0,LD,4.0,30.0,-87.0,LD,2026-10-05 13:50:48.287866
2026-10-05,2026-10-01,2026-10-05,subdivision,GUJARAT REGION,,,0.0,1.4,-100.0,NR,0.0,7.1,-100.0,NR,2026-10-05 13:50:48.287866
2026-10-05,2026-10-01,2026-10-05,subdivision,HAR. CHD & DELHI,,,0.0,0.9,-100.0,NR,0.0,3.0,-100.0,NR,2026-10-05 13:50:48.287866
2026-10-05,2026-10-01,2026-10-05,subdivision,HIMACHAL PRADESH,,,0.0,0.9,-100.0,NR,0.1,4.4,-97.0,LD,2026-10-05 13:50:48.287866
2026-10-05,2026-10-01,2026-10-05,subdivision,J & K AND LADAKH,,,0.0,0.8,-100.0,NR,0.0,3.9,-100.0,NR,2026-10-05 13:50:48.287866
2026-10-05,2026-10-01,2026-10-05,subdivision,JHARKHAND,,,0.0,4.7,-100.0,NR,0.0,20.3,-100.0,NR,2026-10-05 13:50:48.287866
2026-10-05,2026-10-01,2026-10-05,subdivision,KERALA & MAHE,,,19.2,8.5,126.0,LE,37.4,48.6,-23.0,D,2026-10-05 13:50:48.287866
2026-10-05,2026-10-01,2026-10-05,subdivision,KONKAN & GOA,,,0.3,8.2,-96.0,LD,3.2,39.2,-92.0,LD,2026-10-05 13:50:48.287866
2026-10-05,2026-10-01,2026-10-05,subdivision,LAKSHADWEEP,,,0.1,4.6,-99.0,LD,28.2,25.5,11.0,N,2026-10-05 13:50:48.287866
2026-10-05,2026-10-01,2026-10-05,subdivision,MADHYA MAHARASHTRA,,,0.0,4.2,-100.0,NR,1.4,23.4,-94.0,LD,2026-10-05 13:50:48.287866
2026-10-05,2026-10-01,2026-10-05,subdivision,MARATHWADA,,,0.0,3.3,-100.0,NR,0.0,21.9,-100.0,NR,2026-10-05 13:50:48.287866
2026-10-05,2026-10-01,2026-10-05,subdivision,N. I. KARNATAKA,,,0.5,4.1,-89.0,LD,2.2,30.4,-93.0,LD,2026-10-05 13:50:48.287866
2026-10-05,2026-10-01,2026-10-05,subdivision,NMMT,,,1.6,7.0,-77.0,LD,41.8,35.7,17.0,N,2026-10-05 13:50:48.287866
2026-10-05,2026-10-01,2026-10-05,subdivision,ODISHA,,,0.0,5.8,-100.0,NR,0.3,27.2,-99.0,LD,2026-10-05 13:50:48.287866
2026-10-05,2026-10-01,2026-10-05,subdivision,PUNJAB,,,0.0,0.6,-100.0,NR,0.0,2.0,-98.0,LD,2026-10-05 13:50:48.287866
2026-10-05,2026-10-01,2026-10-05,subdivision,RAYALASEEMA,,,0.1,5.5,-99.0,LD,2.2,27.9,-92.0,LD,2026-10-05 13:50:48.287866
2026-10-05,2026-10-01,2026-10-05,subdivision,S. I. KARNATAKA,,,4.1,5.9,-31.0,D,9.9,31.8,-69.0,LD,2026-10-05 13:50:48.287866
2026-10-05,2026-10-01,2026-10-05,subdivision,SAURASHTRA & KUTCH,,,0.0,1.6,-100.0,NR,0.6,5.2,-89.0,LD,2026-10-05 13:50:48.287866
2026-10-05,2026-10-01,2026-10-05,subdivision,SHWB & SIKKIM,,,11.3,8.9,27.0,E,27.0,43.7,-38.0,D,2026-10-05 13:50:48.287866
2026-10-05,2026-10-01,2026-10-05,subdivision,TAMIL. PUDU.& KARAIKAL,,,2.2,4.1,-48.0,D,12.2,21.2,-42.0,D,2026-10-05 13:50:48.287866
2026-10-05,2026-10-01,2026-10-05,subdivision,TELANGANA,,,0.0,2.9,-99.0,LD,0.8,23.5,-97.0,LD,2026-10-05 13:50:48.287866
2026-10-05,2026-10-01,2026-10-05,subdivision,UTTARAKHAND,,,0.0,2.5,-100.0,NR,1.5,8.4,-83.0,LD,2026-10-05 13:50:48.287866
2026-10-05,2026-10-01,2026-10-05,subdivision,VIDARBHA,,,0.0,2.5,-100.0,NR,0.0,17.3,-99.0,LD,2026-10-05 13:50:48.287866
2026-10-05,2026-10-01,2026-10-05,subdivision,WEST MADHYA PRADESH,,,0.0,2.4,-100.0,NR,0.2,9.5,-98.0,LD,2026-10-05 13:50:48.287866
2026-10-05,2026-10-01,2026-10-05,subdivision,WEST RAJASTHAN,,,0.0,0.5,-100.0,NR,0.0,2.9,-100.0,NR,2026-10-05 13:50:48.287866
2026-10-05,2026-10-01,2026-10-05,subdivision,WEST UTTAR PRADESH,,,0.0,2.1,-100.0,NR,0.0,6.3,-100.0,NR,2026-10-05 13:50:48.287866
