date,period_start,period_end,level,subdivision,state,district,day_actual_mm,day_normal_mm,day_departure_pct,day_category,period_actual_mm,period_normal_mm,period_departure_pct,period_category,scraped_at
2026-08-11,2026-06-01,2026-08-11,district,A & N ISLAND,ANDAMAN & NICOBAR ISLANDS,NICOBAR,2.5,7.7,-68.0,LD,414.2,635.7,-35.0,D,2026-08-12 07:26:02.267058
2026-08-11,2026-06-01,2026-08-11,district,A & N ISLAND,ANDAMAN & NICOBAR ISLANDS,NORTH & MIDDLE ANDAMAN,4.9,19.4,-75.0,LD,1508.6,1120.7,35.0,E,2026-08-12 07:26:02.267058
2026-08-11,2026-06-01,2026-08-11,district,A & N ISLAND,ANDAMAN & NICOBAR ISLANDS,SOUTH ANDAMAN,5.7,14.6,-61.0,LD,835.4,949.2,-12.0,N,2026-08-12 07:26:02.267058
2026-08-11,2026-06-01,2026-08-11,district,ARUNACHAL PRADESH,ARUNACHAL PRADESH,ANJAW,2.4,13.6,-83.0,LD,122.8,1077.2,-89.0,LD,2026-08-12 07:26:02.267058
2026-08-11,2026-06-01,2026-08-11,district,ARUNACHAL PRADESH,ARUNACHAL PRADESH,CHANGLANG,0.0,10.9,-100.0,NR,709.7,877.3,-19.0,N,2026-08-12 07:26:02.267058
2026-08-11,2026-06-01,2026-08-11,district,ARUNACHAL PRADESH,ARUNACHAL PRADESH,EAST KAMENG,1.5,9.3,-84.0,LD,1002.5,785.7,28.0,E,2026-08-12 07:26:02.267058
2026-08-11,2026-06-01,2026-08-11,district,ARUNACHAL PRADESH,ARUNACHAL PRADESH,EAST SIANG,0.0,21.7,-100.0,NR,1658.9,2099.1,-21.0,D,2026-08-12 07:26:02.267058
2026-08-11,2026-06-01,2026-08-11,district,ARUNACHAL PRADESH,ARUNACHAL PRADESH,KURUNG KUMEY,0.0,14.6,-100.0,NR,412.4,756.1,-45.0,D,2026-08-12 07:26:02.267058
2026-08-11,2026-06-01,2026-08-11,district,ARUNACHAL PRADESH,ARUNACHAL PRADESH,LOHIT,2.1,10.1,-79.0,LD,666.5,1033.7,-36.0,D,2026-08-12 07:26:02.267058
2026-08-11,2026-06-01,2026-08-11,district,ARUNACHAL PRADESH,ARUNACHAL PRADESH,LOWER SUBANSIRI,0.1,4.5,-99.0,LD,290.1,486.2,-40.0,D,2026-08-12 07:26:02.267058
2026-08-11,2026-06-01,2026-08-11,district,ARUNACHAL PRADESH,ARUNACHAL PRADESH,PAPUMPARA,0.0,15.4,-100.0,NR,1255.5,1485.3,-15.0,N,2026-08-12 07:26:02.267058
2026-08-11,2026-06-01,2026-08-11,district,ARUNACHAL PRADESH,ARUNACHAL PRADESH,TAWANG,0.0,14.9,-100.0,NR,235.8,629.3,-63.0,LD,2026-08-12 07:26:02.267058
2026-08-11,2026-06-01,2026-08-11,district,ARUNACHAL PRADESH,ARUNACHAL PRADESH,TIRAP,0.0,12.8,-100.0,NR,1452.7,1302.4,12.0,N,2026-08-12 07:26:02.267058
2026-08-11,2026-06-01,2026-08-11,district,ARUNACHAL PRADESH,ARUNACHAL PRADESH,UPPER SIANG,0.0,14.1,-100.0,NR,837.8,1084.7,-23.0,D,2026-08-12 07:26:02.267058
2026-08-11,2026-06-01,2026-08-11,district,ARUNACHAL PRADESH,ARUNACHAL PRADESH,UPPER SUBANSIRI,0.0,5.0,-100.0,NR,269.1,608.8,-56.0,D,2026-08-12 07:26:02.267058
2026-08-11,2026-06-01,2026-08-11,district,ARUNACHAL PRADESH,ARUNACHAL PRADESH,WEST KAMENG,0.4,15.7,-97.0,LD,345.7,1110.9,-69.0,LD,2026-08-12 07:26:02.267058
2026-08-11,2026-06-01,2026-08-11,district,ARUNACHAL PRADESH,ARUNACHAL PRADESH,WEST SIANG,0.0,14.5,-100.0,NR,484.4,1323.8,-63.0,LD,2026-08-12 07:26:02.267058
2026-08-11,2026-06-01,2026-08-11,district,ASSAM & MEGHALAYA,ASSAM,BAJALI,0.0,15.5,-100.0,NR,879.0,1445.3,-39.0,D,2026-08-12 07:26:02.267058
2026-08-11,2026-06-01,2026-08-11,district,ASSAM & MEGHALAYA,ASSAM,BAKSA,0.0,9.5,-100.0,NR,901.3,1062.5,-15.0,N,2026-08-12 07:26:02.267058
2026-08-11,2026-06-01,2026-08-11,district,ASSAM & MEGHALAYA,ASSAM,BARPETA,0.0,15.5,-100.0,NR,1058.8,1445.3,-27.0,D,2026-08-12 07:26:02.267058
2026-08-11,2026-06-01,2026-08-11,district,ASSAM & MEGHALAYA,ASSAM,BONGAIGAON,0.0,10.0,-100.0,NR,726.0,1601.6,-55.0,D,2026-08-12 07:26:02.267058
2026-08-11,2026-06-01,2026-08-11,district,ASSAM & MEGHALAYA,ASSAM,CACHAR,6.4,11.0,-42.0,D,1169.4,1189.7,-2.0,N,2026-08-12 07:26:02.267058
2026-08-11,2026-06-01,2026-08-11,district,ASSAM & MEGHALAYA,ASSAM,CHARAIDEO,0.0,10.6,-100.0,NR,842.0,636.2,32.0,E,2026-08-12 07:26:02.267058
2026-08-11,2026-06-01,2026-08-11,district,ASSAM & MEGHALAYA,ASSAM,CHIRANG,0.0,10.7,-100.0,NR,1033.6,1570.2,-34.0,D,2026-08-12 07:26:02.267058
2026-08-11,2026-06-01,2026-08-11,district,ASSAM & MEGHALAYA,ASSAM,DARRANG,0.0,13.7,-100.0,NR,493.6,883.5,-44.0,D,2026-08-12 07:26:02.267058
2026-08-11,2026-06-01,2026-08-11,district,ASSAM & MEGHALAYA,ASSAM,DHEMAJI,0.0,27.3,-100.0,NR,1517.9,1350.1,12.0,N,2026-08-12 07:26:02.267058
2026-08-11,2026-06-01,2026-08-11,district,ASSAM & MEGHALAYA,ASSAM,DHUBRI,0.0,30.8,-100.0,NR,1005.7,1449.4,-31.0,D,2026-08-12 07:26:02.267058
2026-08-11,2026-06-01,2026-08-11,district,ASSAM & MEGHALAYA,ASSAM,DIBRUGARH,0.0,13.7,-100.0,NR,815.1,966.4,-16.0,N,2026-08-12 07:26:02.267058
2026-08-11,2026-06-01,2026-08-11,district,ASSAM & MEGHALAYA,ASSAM,DIMA HASAO,0.0,7.0,-100.0,NR,305.8,714.2,-57.0,D,2026-08-12 07:26:02.267058
2026-08-11,2026-06-01,2026-08-11,district,ASSAM & MEGHALAYA,ASSAM,GOALPARA,0.0,15.0,-100.0,NR,587.2,1350.2,-57.0,D,2026-08-12 07:26:02.267058
2026-08-11,2026-06-01,2026-08-11,district,ASSAM & MEGHALAYA,ASSAM,GOLAGHAT,0.0,9.9,-100.0,NR,597.5,669.1,-11.0,N,2026-08-12 07:26:02.267058
2026-08-11,2026-06-01,2026-08-11,district,ASSAM & MEGHALAYA,ASSAM,HAILAKANDI,0.1,12.9,-99.0,LD,773.6,1007.0,-23.0,D,2026-08-12 07:26:02.267058
2026-08-11,2026-06-01,2026-08-11,district,ASSAM & MEGHALAYA,ASSAM,HOJAI,0.0,6.9,-100.0,NR,285.2,483.0,-41.0,D,2026-08-12 07:26:02.267058
2026-08-11,2026-06-01,2026-08-11,district,ASSAM & MEGHALAYA,ASSAM,JORHAT,0.0,12.2,-100.0,NR,598.7,800.4,-25.0,D,2026-08-12 07:26:02.267058
2026-08-11,2026-06-01,2026-08-11,district,ASSAM & MEGHALAYA,ASSAM,KAMRUP METROPOLITAN,0.6,6.9,-91.0,LD,575.3,701.5,-18.0,N,2026-08-12 07:26:02.267058
2026-08-11,2026-06-01,2026-08-11,district,ASSAM & MEGHALAYA,ASSAM,KAMRUP RURAL,0.0,8.6,-100.0,NR,380.3,861.0,-56.0,D,2026-08-12 07:26:02.267058
2026-08-11,2026-06-01,2026-08-11,district,ASSAM & MEGHALAYA,ASSAM,KARBI ANGLONG,0.0,6.6,-100.0,NR,353.5,517.7,-32.0,D,2026-08-12 07:26:02.267058
2026-08-11,2026-06-01,2026-08-11,district,ASSAM & MEGHALAYA,ASSAM,KOKRAJHAR,0.0,26.8,-100.0,NR,1785.7,1853.5,-4.0,N,2026-08-12 07:26:02.267058
2026-08-11,2026-06-01,2026-08-11,district,ASSAM & MEGHALAYA,ASSAM,LAKHIMPUR,0.0,18.5,-100.0,NR,1580.6,1315.2,20.0,E,2026-08-12 07:26:02.267058
2026-08-11,2026-06-01,2026-08-11,district,ASSAM & MEGHALAYA,ASSAM,MORIGAON,0.0,5.7,-100.0,NR,414.9,716.6,-42.0,D,2026-08-12 07:26:02.267058
2026-08-11,2026-06-01,2026-08-11,district,ASSAM & MEGHALAYA,ASSAM,NAGAON,0.0,7.5,-100.0,NR,318.4,657.9,-52.0,D,2026-08-12 07:26:02.267058
2026-08-11,2026-06-01,2026-08-11,district,ASSAM & MEGHALAYA,ASSAM,NALBARI,0.0,8.3,-100.0,NR,404.7,1067.9,-62.0,LD,2026-08-12 07:26:02.267058
2026-08-11,2026-06-01,2026-08-11,district,ASSAM & MEGHALAYA,ASSAM,SIBSAGAR,0.0,13.6,-100.0,NR,549.0,779.8,-30.0,D,2026-08-12 07:26:02.267058
2026-08-11,2026-06-01,2026-08-11,district,ASSAM & MEGHALAYA,ASSAM,SONITPUR,0.0,11.7,-100.0,NR,779.3,775.1,1.0,N,2026-08-12 07:26:02.267058
2026-08-11,2026-06-01,2026-08-11,district,ASSAM & MEGHALAYA,ASSAM,SRIBHUMI,15.9,15.7,1.0,N,1207.9,1439.1,-16.0,N,2026-08-12 07:26:02.267058
2026-08-11,2026-06-01,2026-08-11,district,ASSAM & MEGHALAYA,ASSAM,TAMULPUR,0.0,6.2,-100.0,NR,895.8,945.0,-5.0,N,2026-08-12 07:26:02.267058
2026-08-11,2026-06-01,2026-08-11,district,ASSAM & MEGHALAYA,ASSAM,TINSUKIA,0.0,12.3,-100.0,NR,921.8,936.9,-2.0,N,2026-08-12 07:26:02.267058
2026-08-11,2026-06-01,2026-08-11,district,ASSAM & MEGHALAYA,ASSAM,UDALGURI,0.0,9.6,-100.0,NR,442.7,979.3,-55.0,D,2026-08-12 07:26:02.267058
2026-08-11,2026-06-01,2026-08-11,district,ASSAM & MEGHALAYA,ASSAM,WEST KARBI ANGLONG,0.0,5.4,-100.0,NR,374.2,460.7,-19.0,N,2026-08-12 07:26:02.267058
2026-08-11,2026-06-01,2026-08-11,district,ASSAM & MEGHALAYA,MEGHALAYA,EAST GARO HILLS,2.8,13.5,-80.0,LD,531.7,1246.0,-57.0,D,2026-08-12 07:26:02.267058
2026-08-11,2026-06-01,2026-08-11,district,ASSAM & MEGHALAYA,MEGHALAYA,EAST JAINTIA HILLS,1.8,57.1,-97.0,LD,1165.6,3080.2,-62.0,LD,2026-08-12 07:26:02.267058
2026-08-11,2026-06-01,2026-08-11,district,ASSAM & MEGHALAYA,MEGHALAYA,EAST KHASI HILLS,5.8,26.4,-78.0,LD,1567.4,3084.3,-49.0,D,2026-08-12 07:26:02.267058
2026-08-11,2026-06-01,2026-08-11,district,ASSAM & MEGHALAYA,MEGHALAYA,NORTH GARO HILLS,1.0,21.8,-95.0,LD,402.4,1180.5,-66.0,LD,2026-08-12 07:26:02.267058
2026-08-11,2026-06-01,2026-08-11,district,ASSAM & MEGHALAYA,MEGHALAYA,RI BHOI,0.2,10.5,-99.0,LD,480.0,949.1,-49.0,D,2026-08-12 07:26:02.267058
2026-08-11,2026-06-01,2026-08-11,district,ASSAM & MEGHALAYA,MEGHALAYA,SOUTH GARO HILLS,8.8,21.8,-60.0,LD,700.6,1180.5,-41.0,D,2026-08-12 07:26:02.267058
2026-08-11,2026-06-01,2026-08-11,district,ASSAM & MEGHALAYA,MEGHALAYA,SOUTH WEST GARO HILLS,0.3,21.8,-99.0,LD,492.2,1180.5,-58.0,D,2026-08-12 07:26:02.267058
2026-08-11,2026-06-01,2026-08-11,district,ASSAM & MEGHALAYA,MEGHALAYA,SOUTH WEST KHASI HILLS,15.6,21.8,-28.0,D,2139.4,1180.5,81.0,LE,2026-08-12 07:26:02.267058
2026-08-11,2026-06-01,2026-08-11,district,ASSAM & MEGHALAYA,MEGHALAYA,WEST GARO HILLS,1.6,12.8,-87.0,LD,383.5,1237.1,-69.0,LD,2026-08-12 07:26:02.267058
2026-08-11,2026-06-01,2026-08-11,district,ASSAM & MEGHALAYA,MEGHALAYA,WEST JAINTIA HILLS,0.6,57.1,-99.0,LD,682.5,3080.2,-78.0,LD,2026-08-12 07:26:02.267058
2026-08-11,2026-06-01,2026-08-11,district,ASSAM & MEGHALAYA,MEGHALAYA,WEST KHASI HILLS,2.4,32.0,-92.0,LD,540.8,1810.0,-70.0,LD,2026-08-12 07:26:02.267058
2026-08-11,2026-06-01,2026-08-11,district,BIHAR,BIHAR,ARARIA,0.0,12.2,-100.0,NR,633.9,864.8,-27.0,D,2026-08-12 07:26:02.267058
2026-08-11,2026-06-01,2026-08-11,district,BIHAR,BIHAR,ARWAL,2.4,3.1,-24.0,D,197.3,393.7,-50.0,D,2026-08-12 07:26:02.267058
2026-08-11,2026-06-01,2026-08-11,district,BIHAR,BIHAR,AURANGABAD,0.0,6.3,-100.0,NR,343.4,506.1,-32.0,D,2026-08-12 07:26:02.267058
2026-08-11,2026-06-01,2026-08-11,district,BIHAR,BIHAR,BANKA,0.4,10.3,-96.0,LD,274.9,517.4,-47.0,D,2026-08-12 07:26:02.267058
2026-08-11,2026-06-01,2026-08-11,district,BIHAR,BIHAR,BEGUSARAI,0.0,8.1,-100.0,NR,382.6,580.7,-34.0,D,2026-08-12 07:26:02.267058
2026-08-11,2026-06-01,2026-08-11,district,BIHAR,BIHAR,BHABUA,5.6,10.0,-44.0,D,243.4,497.3,-51.0,D,2026-08-12 07:26:02.267058
2026-08-11,2026-06-01,2026-08-11,district,BIHAR,BIHAR,BHAGALPUR,0.1,6.5,-99.0,LD,251.3,583.3,-57.0,D,2026-08-12 07:26:02.267058
2026-08-11,2026-06-01,2026-08-11,district,BIHAR,BIHAR,BHOJPUR,0.2,7.9,-98.0,LD,254.0,506.0,-50.0,D,2026-08-12 07:26:02.267058
2026-08-11,2026-06-01,2026-08-11,district,BIHAR,BIHAR,BUXAR,0.4,9.4,-96.0,LD,341.4,461.6,-26.0,D,2026-08-12 07:26:02.267058
2026-08-11,2026-06-01,2026-08-11,district,BIHAR,BIHAR,DARBHANGA,2.7,8.4,-67.0,LD,292.0,540.5,-46.0,D,2026-08-12 07:26:02.267058
2026-08-11,2026-06-01,2026-08-11,district,BIHAR,BIHAR,EAST CHAMPARAN,1.6,11.5,-87.0,LD,387.8,628.7,-38.0,D,2026-08-12 07:26:02.267058
2026-08-11,2026-06-01,2026-08-11,district,BIHAR,BIHAR,GAYA,3.1,5.9,-48.0,D,282.2,495.3,-43.0,D,2026-08-12 07:26:02.267058
2026-08-11,2026-06-01,2026-08-11,district,BIHAR,BIHAR,GOPALGANJ,0.0,14.1,-100.0,NR,381.9,565.4,-32.0,D,2026-08-12 07:26:02.267058
2026-08-11,2026-06-01,2026-08-11,district,BIHAR,BIHAR,JAHANABAD,3.0,6.3,-53.0,D,176.5,478.1,-63.0,LD,2026-08-12 07:26:02.267058
2026-08-11,2026-06-01,2026-08-11,district,BIHAR,BIHAR,JAMUI,4.7,7.3,-35.0,D,267.2,550.7,-51.0,D,2026-08-12 07:26:02.267058
2026-08-11,2026-06-01,2026-08-11,district,BIHAR,BIHAR,KATIHAR,0.3,8.0,-96.0,LD,419.0,640.5,-35.0,D,2026-08-12 07:26:02.267058
2026-08-11,2026-06-01,2026-08-11,district,BIHAR,BIHAR,KHAGARIA,2.7,5.8,-54.0,D,545.9,569.7,-4.0,N,2026-08-12 07:26:02.267058
2026-08-11,2026-06-01,2026-08-11,district,BIHAR,BIHAR,KISHANGANJ,0.0,17.9,-100.0,NR,852.5,1078.0,-21.0,D,2026-08-12 07:26:02.267058
2026-08-11,2026-06-01,2026-08-11,district,BIHAR,BIHAR,LAKHISARAI,0.0,8.6,-100.0,NR,460.9,500.0,-8.0,N,2026-08-12 07:26:02.267058
2026-08-11,2026-06-01,2026-08-11,district,BIHAR,BIHAR,MADHEPURA,3.3,9.9,-67.0,LD,413.1,619.3,-33.0,D,2026-08-12 07:26:02.267058
2026-08-11,2026-06-01,2026-08-11,district,BIHAR,BIHAR,MADHUBANI,0.0,11.6,-100.0,NR,410.3,606.3,-32.0,D,2026-08-12 07:26:02.267058
2026-08-11,2026-06-01,2026-08-11,district,BIHAR,BIHAR,MUNGER,2.6,6.7,-61.0,LD,386.5,606.6,-36.0,D,2026-08-12 07:26:02.267058
2026-08-11,2026-06-01,2026-08-11,district,BIHAR,BIHAR,MUZAFFARPUR,3.8,10.2,-63.0,LD,314.0,563.2,-44.0,D,2026-08-12 07:26:02.267058
2026-08-11,2026-06-01,2026-08-11,district,BIHAR,BIHAR,NALANDA,0.7,4.5,-85.0,LD,275.3,493.2,-44.0,D,2026-08-12 07:26:02.267058
2026-08-11,2026-06-01,2026-08-11,district,BIHAR,BIHAR,NAWADA,2.1,6.3,-67.0,LD,315.0,490.3,-36.0,D,2026-08-12 07:26:02.267058
2026-08-11,2026-06-01,2026-08-11,district,BIHAR,BIHAR,PATNA,0.0,6.7,-100.0,NR,251.1,515.8,-51.0,D,2026-08-12 07:26:02.267058
2026-08-11,2026-06-01,2026-08-11,district,BIHAR,BIHAR,PURNEA,3.0,12.0,-75.0,LD,546.1,865.7,-37.0,D,2026-08-12 07:26:02.267058
2026-08-11,2026-06-01,2026-08-11,district,BIHAR,BIHAR,ROHTAS,3.2,7.8,-59.0,D,294.8,492.6,-40.0,D,2026-08-12 07:26:02.267058
2026-08-11,2026-06-01,2026-08-11,district,BIHAR,BIHAR,SAHARSA,3.5,9.7,-64.0,LD,359.8,652.7,-45.0,D,2026-08-12 07:26:02.267058
2026-08-11,2026-06-01,2026-08-11,district,BIHAR,BIHAR,SAMASTIPUR,0.4,6.5,-95.0,LD,321.0,541.0,-41.0,D,2026-08-12 07:26:02.267058
2026-08-11,2026-06-01,2026-08-11,district,BIHAR,BIHAR,SARAN,1.2,11.2,-89.0,LD,289.7,524.0,-45.0,D,2026-08-12 07:26:02.267058
2026-08-11,2026-06-01,2026-08-11,district,BIHAR,BIHAR,SHEIKHPURA,1.9,5.1,-63.0,LD,320.2,494.5,-35.0,D,2026-08-12 07:26:02.267058
2026-08-11,2026-06-01,2026-08-11,district,BIHAR,BIHAR,SHEOHAR,2.8,12.7,-78.0,LD,293.4,613.5,-52.0,D,2026-08-12 07:26:02.267058
2026-08-11,2026-06-01,2026-08-11,district,BIHAR,BIHAR,SITAMARHI,0.2,15.3,-99.0,LD,311.9,662.5,-53.0,D,2026-08-12 07:26:02.267058
2026-08-11,2026-06-01,2026-08-11,district,BIHAR,BIHAR,SIWAN,0.0,10.5,-100.0,NR,472.2,519.0,-9.0,N,2026-08-12 07:26:02.267058
2026-08-11,2026-06-01,2026-08-11,district,BIHAR,BIHAR,SUPAUL,1.4,12.5,-89.0,LD,563.8,679.2,-17.0,N,2026-08-12 07:26:02.267058
2026-08-11,2026-06-01,2026-08-11,district,BIHAR,BIHAR,VAISHALI,4.7,10.3,-55.0,D,337.2,530.4,-36.0,D,2026-08-12 07:26:02.267058
2026-08-11,2026-06-01,2026-08-11,district,BIHAR,BIHAR,WEST CHAMPARAN,2.0,10.0,-80.0,LD,547.0,740.7,-26.0,D,2026-08-12 07:26:02.267058
2026-08-11,2026-06-01,2026-08-11,district,CHHATTISGARH,CHHATTISGARH,BALOD,18.4,8.1,127.0,LE,739.5,619.3,19.0,N,2026-08-12 07:26:02.267058
2026-08-11,2026-06-01,2026-08-11,district,CHHATTISGARH,CHHATTISGARH,BALODA BAZAR,3.7,11.9,-69.0,LD,764.2,574.0,33.0,E,2026-08-12 07:26:02.267058
2026-08-11,2026-06-01,2026-08-11,district,CHHATTISGARH,CHHATTISGARH,BALRAMPUR,2.9,12.5,-77.0,LD,636.6,591.0,8.0,N,2026-08-12 07:26:02.267058
2026-08-11,2026-06-01,2026-08-11,district,CHHATTISGARH,CHHATTISGARH,BASTAR,0.0,9.2,-100.0,NR,596.0,733.0,-19.0,N,2026-08-12 07:26:02.267058
2026-08-11,2026-06-01,2026-08-11,district,CHHATTISGARH,CHHATTISGARH,BEMETARA,5.5,9.2,-40.0,D,395.6,639.6,-38.0,D,2026-08-12 07:26:02.267058
2026-08-11,2026-06-01,2026-08-11,district,CHHATTISGARH,CHHATTISGARH,BIJAPUR,0.0,15.1,-100.0,NR,855.2,856.2,0.0,N,2026-08-12 07:26:02.267058
2026-08-11,2026-06-01,2026-08-11,district,CHHATTISGARH,CHHATTISGARH,BILASPUR,25.1,19.7,27.0,E,721.9,635.6,14.0,N,2026-08-12 07:26:02.267058
2026-08-11,2026-06-01,2026-08-11,district,CHHATTISGARH,CHHATTISGARH,DANTEWADA,0.2,12.4,-98.0,LD,699.8,805.1,-13.0,N,2026-08-12 07:26:02.267058
2026-08-11,2026-06-01,2026-08-11,district,CHHATTISGARH,CHHATTISGARH,DHAMTARI,7.7,6.3,23.0,E,686.3,646.2,6.0,N,2026-08-12 07:26:02.267058
2026-08-11,2026-06-01,2026-08-11,district,CHHATTISGARH,CHHATTISGARH,DURG,2.7,9.4,-71.0,LD,558.1,615.5,-9.0,N,2026-08-12 07:26:02.267058
2026-08-11,2026-06-01,2026-08-11,district,CHHATTISGARH,CHHATTISGARH,GARIABAND,6.9,9.0,-23.0,D,752.2,636.8,18.0,N,2026-08-12 07:26:02.267058
2026-08-11,2026-06-01,2026-08-11,district,CHHATTISGARH,CHHATTISGARH,GAURELA PENDRA MARWAHI,1.0,13.6,-93.0,LD,625.1,657.0,-5.0,N,2026-08-12 07:26:02.267058
2026-08-11,2026-06-01,2026-08-11,district,CHHATTISGARH,CHHATTISGARH,JANJGIR,1.8,15.1,-88.0,LD,855.1,664.6,29.0,E,2026-08-12 07:26:02.267058
2026-08-11,2026-06-01,2026-08-11,district,CHHATTISGARH,CHHATTISGARH,JASHPUR,6.7,12.1,-44.0,D,477.5,859.1,-44.0,D,2026-08-12 07:26:02.267058
2026-08-11,2026-06-01,2026-08-11,district,CHHATTISGARH,CHHATTISGARH,KABIRDHAM,1.8,7.4,-75.0,LD,427.4,529.8,-19.0,N,2026-08-12 07:26:02.267058
2026-08-11,2026-06-01,2026-08-11,district,CHHATTISGARH,CHHATTISGARH,KANKER,0.6,10.2,-94.0,LD,549.5,816.2,-33.0,D,2026-08-12 07:26:02.267058
2026-08-11,2026-06-01,2026-08-11,district,CHHATTISGARH,CHHATTISGARH,KHAIRAGARH CHH GANDAI,1.2,4.4,-73.0,LD,458.2,448.0,2.0,N,2026-08-12 07:26:02.267058
2026-08-11,2026-06-01,2026-08-11,district,CHHATTISGARH,CHHATTISGARH,KONDAGAON,0.2,7.9,-97.0,LD,615.3,711.0,-13.0,N,2026-08-12 07:26:02.267058
2026-08-11,2026-06-01,2026-08-11,district,CHHATTISGARH,CHHATTISGARH,KORBA,0.1,14.8,-99.0,LD,649.7,788.3,-18.0,N,2026-08-12 07:26:02.267058
2026-08-11,2026-06-01,2026-08-11,district,CHHATTISGARH,CHHATTISGARH,KORIYA,12.5,9.7,28.0,E,573.5,685.8,-16.0,N,2026-08-12 07:26:02.267058
2026-08-11,2026-06-01,2026-08-11,district,CHHATTISGARH,CHHATTISGARH,MAHASAMUND,0.7,11.5,-94.0,LD,835.4,638.7,31.0,E,2026-08-12 07:26:02.267058
2026-08-11,2026-06-01,2026-08-11,district,CHHATTISGARH,CHHATTISGARH,MANENDRAGARH BHARATPUR,5.5,9.7,-43.0,D,553.0,685.7,-19.0,N,2026-08-12 07:26:02.267058
2026-08-11,2026-06-01,2026-08-11,district,CHHATTISGARH,CHHATTISGARH,MOHALA MANPUR CHOWKI,3.2,8.0,-61.0,LD,560.3,651.9,-14.0,N,2026-08-12 07:26:02.267058
2026-08-11,2026-06-01,2026-08-11,district,CHHATTISGARH,CHHATTISGARH,MUNGELI,25.4,8.2,210.0,LE,810.9,600.0,35.0,E,2026-08-12 07:26:02.267058
2026-08-11,2026-06-01,2026-08-11,district,CHHATTISGARH,CHHATTISGARH,NARAYANPUR,0.0,11.5,-100.0,NR,1039.8,754.8,38.0,E,2026-08-12 07:26:02.267058
2026-08-11,2026-06-01,2026-08-11,district,CHHATTISGARH,CHHATTISGARH,RAIGARH,2.1,10.3,-80.0,LD,651.6,728.8,-11.0,N,2026-08-12 07:26:02.267058
2026-08-11,2026-06-01,2026-08-11,district,CHHATTISGARH,CHHATTISGARH,RAIPUR,7.1,10.4,-31.0,D,727.5,622.2,17.0,N,2026-08-12 07:26:02.267058
2026-08-11,2026-06-01,2026-08-11,district,CHHATTISGARH,CHHATTISGARH,RAJNANDGAON,11.2,5.0,124.0,LE,592.0,649.0,-9.0,N,2026-08-12 07:26:02.267058
2026-08-11,2026-06-01,2026-08-11,district,CHHATTISGARH,CHHATTISGARH,SAKTI,1.7,12.7,-87.0,LD,713.5,684.1,4.0,N,2026-08-12 07:26:02.267058
2026-08-11,2026-06-01,2026-08-11,district,CHHATTISGARH,CHHATTISGARH,SARANGARH BILAIGARH,2.0,8.1,-75.0,LD,944.4,579.4,63.0,LE,2026-08-12 07:26:02.267058
2026-08-11,2026-06-01,2026-08-11,district,CHHATTISGARH,CHHATTISGARH,SUKMA,3.6,10.0,-64.0,LD,619.0,744.7,-17.0,N,2026-08-12 07:26:02.267058
2026-08-11,2026-06-01,2026-08-11,district,CHHATTISGARH,CHHATTISGARH,SURAJPUR,1.4,16.6,-92.0,LD,665.2,742.4,-10.0,N,2026-08-12 07:26:02.267058
2026-08-11,2026-06-01,2026-08-11,district,CHHATTISGARH,CHHATTISGARH,SURGUJA,3.8,12.5,-70.0,LD,373.6,748.9,-50.0,D,2026-08-12 07:26:02.267058
2026-08-11,2026-06-01,2026-08-11,district,COASTAL A. P. & YANAM,ANDHRA PRADESH,ANAKAPALLI,18.1,4.0,351.0,LE,250.2,334.7,-25.0,D,2026-08-12 07:26:02.267058
2026-08-11,2026-06-01,2026-08-11,district,COASTAL A. P. & YANAM,ANDHRA PRADESH,BAPATLA,0.0,4.7,-100.0,NR,125.0,281.0,-56.0,D,2026-08-12 07:26:02.267058
2026-08-11,2026-06-01,2026-08-11,district,COASTAL A. P. & YANAM,ANDHRA PRADESH,DR B R AMBEDKAR KONASEEMA,2.2,7.2,-69.0,LD,389.0,444.1,-12.0,N,2026-08-12 07:26:02.267058
2026-08-11,2026-06-01,2026-08-11,district,COASTAL A. P. & YANAM,ANDHRA PRADESH,EAST GODAVARI,0.0,7.7,-100.0,NR,259.8,425.3,-39.0,D,2026-08-12 07:26:02.267058
2026-08-11,2026-06-01,2026-08-11,district,COASTAL A. P. & YANAM,ANDHRA PRADESH,ELURU,2.1,8.5,-75.0,LD,330.8,510.8,-35.0,D,2026-08-12 07:26:02.267058
2026-08-11,2026-06-01,2026-08-11,district,COASTAL A. P. & YANAM,ANDHRA PRADESH,GUNTUR,0.0,3.9,-100.0,NR,278.9,328.7,-15.0,N,2026-08-12 07:26:02.267058
2026-08-11,2026-06-01,2026-08-11,district,COASTAL A. P. & YANAM,ANDHRA PRADESH,KAKINADA,0.2,6.2,-97.0,LD,263.0,381.0,-31.0,D,2026-08-12 07:26:02.267058
2026-08-11,2026-06-01,2026-08-11,district,COASTAL A. P. & YANAM,ANDHRA PRADESH,KRISHNA,3.6,4.9,-27.0,D,264.6,382.5,-31.0,D,2026-08-12 07:26:02.267058
2026-08-11,2026-06-01,2026-08-11,district,COASTAL A. P. & YANAM,ANDHRA PRADESH,NTR DISTRICT,0.0,4.5,-100.0,NR,292.0,402.2,-27.0,D,2026-08-12 07:26:02.267058
2026-08-11,2026-06-01,2026-08-11,district,COASTAL A. P. & YANAM,ANDHRA PRADESH,PALNADU,0.0,4.7,-100.0,NR,205.5,298.6,-31.0,D,2026-08-12 07:26:02.267058
2026-08-11,2026-06-01,2026-08-11,district,COASTAL A. P. & YANAM,ANDHRA PRADESH,PARVATHIPURAM MANYAM,1.2,6.6,-81.0,LD,250.7,437.0,-43.0,D,2026-08-12 07:26:02.267058
2026-08-11,2026-06-01,2026-08-11,district,COASTAL A. P. & YANAM,ANDHRA PRADESH,PRAKASAM,0.0,3.3,-100.0,NR,93.1,187.7,-50.0,D,2026-08-12 07:26:02.267058
2026-08-11,2026-06-01,2026-08-11,district,COASTAL A. P. & YANAM,ANDHRA PRADESH,SPSR NELLORE,1.3,2.7,-52.0,D,121.1,167.5,-28.0,D,2026-08-12 07:26:02.267058
2026-08-11,2026-06-01,2026-08-11,district,COASTAL A. P. & YANAM,ANDHRA PRADESH,SRI ALLURI SITHARAMARAJU DISTRICT,2.6,8.9,-71.0,LD,266.0,543.0,-51.0,D,2026-08-12 07:26:02.267058
2026-08-11,2026-06-01,2026-08-11,district,COASTAL A. P. & YANAM,ANDHRA PRADESH,SRIKAKULAM,2.0,5.8,-65.0,LD,245.2,398.1,-38.0,D,2026-08-12 07:26:02.267058
2026-08-11,2026-06-01,2026-08-11,district,COASTAL A. P. & YANAM,ANDHRA PRADESH,VISHAKHAPATNAM,10.1,4.8,111.0,LE,230.4,294.9,-22.0,D,2026-08-12 07:26:02.267058
2026-08-11,2026-06-01,2026-08-11,district,COASTAL A. P. & YANAM,ANDHRA PRADESH,VIZIANAGARAM,2.3,5.9,-61.0,LD,284.0,370.4,-23.0,D,2026-08-12 07:26:02.267058
2026-08-11,2026-06-01,2026-08-11,district,COASTAL A. P. & YANAM,ANDHRA PRADESH,WEST GODAVARI,13.8,6.7,106.0,LE,206.2,424.8,-51.0,D,2026-08-12 07:26:02.267058
2026-08-11,2026-06-01,2026-08-11,district,COASTAL A. P. & YANAM,PUDUCHERRY (UT),YANAM,0.0,6.7,-100.0,NR,220.0,412.2,-47.0,D,2026-08-12 07:26:02.267058
2026-08-11,2026-06-01,2026-08-11,district,COASTAL KARNATAKA,KARNATAKA,DAKSHINA KANNADA,15.9,36.2,-56.0,D,2011.1,2468.6,-19.0,N,2026-08-12 07:26:02.267058
2026-08-11,2026-06-01,2026-08-11,district,COASTAL KARNATAKA,KARNATAKA,UDUPI,25.1,41.2,-39.0,D,2090.2,2806.0,-26.0,D,2026-08-12 07:26:02.267058
2026-08-11,2026-06-01,2026-08-11,district,COASTAL KARNATAKA,KARNATAKA,UTTARA KANNADA,13.3,31.1,-57.0,D,1581.7,2073.2,-24.0,D,2026-08-12 07:26:02.267058
2026-08-11,2026-06-01,2026-08-11,district,EAST MADHYA PRADESH,MADHYA PRADESH,ANUPPUR,0.3,9.6,-97.0,LD,628.7,619.9,1.0,N,2026-08-12 07:26:02.267058
2026-08-11,2026-06-01,2026-08-11,district,EAST MADHYA PRADESH,MADHYA PRADESH,BALAGHAT,4.1,9.7,-57.0,D,727.8,777.7,-6.0,N,2026-08-12 07:26:02.267058
2026-08-11,2026-06-01,2026-08-11,district,EAST MADHYA PRADESH,MADHYA PRADESH,CHHATARPUR,3.9,8.7,-55.0,D,405.6,552.5,-27.0,D,2026-08-12 07:26:02.267058
2026-08-11,2026-06-01,2026-08-11,district,EAST MADHYA PRADESH,MADHYA PRADESH,CHHINDWARA,1.4,7.2,-81.0,LD,551.7,631.8,-13.0,N,2026-08-12 07:26:02.267058
2026-08-11,2026-06-01,2026-08-11,district,EAST MADHYA PRADESH,MADHYA PRADESH,DAMOH,3.1,9.5,-68.0,LD,525.4,678.8,-23.0,D,2026-08-12 07:26:02.267058
2026-08-11,2026-06-01,2026-08-11,district,EAST MADHYA PRADESH,MADHYA PRADESH,DINDORI,3.9,12.2,-68.0,LD,666.2,747.3,-11.0,N,2026-08-12 07:26:02.267058
2026-08-11,2026-06-01,2026-08-11,district,EAST MADHYA PRADESH,MADHYA PRADESH,JABALPUR,2.4,8.7,-72.0,LD,475.1,677.4,-30.0,D,2026-08-12 07:26:02.267058
2026-08-11,2026-06-01,2026-08-11,district,EAST MADHYA PRADESH,MADHYA PRADESH,KATNI,0.3,7.1,-96.0,LD,414.7,580.4,-29.0,D,2026-08-12 07:26:02.267058
2026-08-11,2026-06-01,2026-08-11,district,EAST MADHYA PRADESH,MADHYA PRADESH,MAIHAR,0.0,8.1,-100.0,NR,398.0,573.6,-31.0,D,2026-08-12 07:26:02.267058
2026-08-11,2026-06-01,2026-08-11,district,EAST MADHYA PRADESH,MADHYA PRADESH,MANDLA,15.2,13.6,12.0,N,607.7,744.7,-18.0,N,2026-08-12 07:26:02.267058
2026-08-11,2026-06-01,2026-08-11,district,EAST MADHYA PRADESH,MADHYA PRADESH,MAUGANJ,1.3,6.6,-80.0,LD,562.9,561.3,0.0,N,2026-08-12 07:26:02.267058
2026-08-11,2026-06-01,2026-08-11,district,EAST MADHYA PRADESH,MADHYA PRADESH,NARSINGHPUR,11.8,6.7,76.0,LE,569.4,615.8,-8.0,N,2026-08-12 07:26:02.267058
2026-08-11,2026-06-01,2026-08-11,district,EAST MADHYA PRADESH,MADHYA PRADESH,NIWARI,20.3,4.7,333.0,LE,404.3,425.4,-5.0,N,2026-08-12 07:26:02.267058
2026-08-11,2026-06-01,2026-08-11,district,EAST MADHYA PRADESH,MADHYA PRADESH,PANDHURNA,1.5,4.6,-67.0,LD,456.9,495.8,-8.0,N,2026-08-12 07:26:02.267058
2026-08-11,2026-06-01,2026-08-11,district,EAST MADHYA PRADESH,MADHYA PRADESH,PANNA,0.9,9.2,-90.0,LD,465.0,645.8,-28.0,D,2026-08-12 07:26:02.267058
2026-08-11,2026-06-01,2026-08-11,district,EAST MADHYA PRADESH,MADHYA PRADESH,REWA,2.8,10.2,-72.0,LD,252.7,586.4,-57.0,D,2026-08-12 07:26:02.267058
2026-08-11,2026-06-01,2026-08-11,district,EAST MADHYA PRADESH,MADHYA PRADESH,SAGAR,2.4,7.6,-69.0,LD,457.8,664.5,-31.0,D,2026-08-12 07:26:02.267058
2026-08-11,2026-06-01,2026-08-11,district,EAST MADHYA PRADESH,MADHYA PRADESH,SATNA,2.9,6.8,-58.0,D,489.0,553.8,-12.0,N,2026-08-12 07:26:02.267058
2026-08-11,2026-06-01,2026-08-11,district,EAST MADHYA PRADESH,MADHYA PRADESH,SEONI,1.1,6.4,-83.0,LD,616.1,644.6,-4.0,N,2026-08-12 07:26:02.267058
2026-08-11,2026-06-01,2026-08-11,district,EAST MADHYA PRADESH,MADHYA PRADESH,SHAHDOL,1.0,7.8,-87.0,LD,552.6,588.3,-6.0,N,2026-08-12 07:26:02.267058
2026-08-11,2026-06-01,2026-08-11,district,EAST MADHYA PRADESH,MADHYA PRADESH,SIDHI,1.5,5.4,-72.0,LD,493.8,599.6,-18.0,N,2026-08-12 07:26:02.267058
2026-08-11,2026-06-01,2026-08-11,district,EAST MADHYA PRADESH,MADHYA PRADESH,SINGRAULI,6.3,7.2,-12.0,N,465.6,631.8,-26.0,D,2026-08-12 07:26:02.267058
2026-08-11,2026-06-01,2026-08-11,district,EAST MADHYA PRADESH,MADHYA PRADESH,TIKAMGARH,4.5,7.0,-36.0,D,361.8,573.4,-37.0,D,2026-08-12 07:26:02.267058
2026-08-11,2026-06-01,2026-08-11,district,EAST MADHYA PRADESH,MADHYA PRADESH,UMARIA,1.3,7.7,-83.0,LD,543.6,606.9,-10.0,N,2026-08-12 07:26:02.267058
2026-08-11,2026-06-01,2026-08-11,district,EAST RAJASTHAN,RAJASTHAN,AJMER,0.3,7.2,-96.0,LD,280.7,291.8,-4.0,N,2026-08-12 07:26:02.267058
2026-08-11,2026-06-01,2026-08-11,district,EAST RAJASTHAN,RAJASTHAN,ALWAR,0.0,7.5,-100.0,NR,330.4,337.1,-2.0,N,2026-08-12 07:26:02.267058
2026-08-11,2026-06-01,2026-08-11,district,EAST RAJASTHAN,RAJASTHAN,BANSWARA,28.6,12.9,122.0,LE,301.6,535.8,-44.0,D,2026-08-12 07:26:02.267058
2026-08-11,2026-06-01,2026-08-11,district,EAST RAJASTHAN,RAJASTHAN,BARAN,36.6,9.4,290.0,LE,441.0,531.7,-17.0,N,2026-08-12 07:26:02.267058
2026-08-11,2026-06-01,2026-08-11,district,EAST RAJASTHAN,RAJASTHAN,BHARATPUR,2.0,7.5,-73.0,LD,424.2,324.2,31.0,E,2026-08-12 07:26:02.267058
2026-08-11,2026-06-01,2026-08-11,district,EAST RAJASTHAN,RAJASTHAN,BHILWARA,4.2,8.7,-52.0,D,282.8,381.2,-26.0,D,2026-08-12 07:26:02.267058
2026-08-11,2026-06-01,2026-08-11,district,EAST RAJASTHAN,RAJASTHAN,BUNDI,56.2,8.1,593.0,LE,325.4,415.2,-22.0,D,2026-08-12 07:26:02.267058
2026-08-11,2026-06-01,2026-08-11,district,EAST RAJASTHAN,RAJASTHAN,CHITTORGARH,4.1,9.5,-57.0,D,313.9,448.7,-30.0,D,2026-08-12 07:26:02.267058
2026-08-11,2026-06-01,2026-08-11,district,EAST RAJASTHAN,RAJASTHAN,DAUSA,0.4,10.0,-96.0,LD,369.8,383.4,-4.0,N,2026-08-12 07:26:02.267058
2026-08-11,2026-06-01,2026-08-11,district,EAST RAJASTHAN,RAJASTHAN,DHOLPUR,0.8,8.4,-90.0,LD,335.0,351.8,-5.0,N,2026-08-12 07:26:02.267058
2026-08-11,2026-06-01,2026-08-11,district,EAST RAJASTHAN,RAJASTHAN,DUNGARPUR,8.5,11.8,-28.0,D,264.1,434.6,-39.0,D,2026-08-12 07:26:02.267058
2026-08-11,2026-06-01,2026-08-11,district,EAST RAJASTHAN,RAJASTHAN,JAIPUR,5.1,6.1,-16.0,N,255.8,341.0,-25.0,D,2026-08-12 07:26:02.267058
2026-08-11,2026-06-01,2026-08-11,district,EAST RAJASTHAN,RAJASTHAN,JHALAWAR,110.5,8.4,1215.0,LE,465.5,541.8,-14.0,N,2026-08-12 07:26:02.267058
2026-08-11,2026-06-01,2026-08-11,district,EAST RAJASTHAN,RAJASTHAN,JHUNJHUNU,20.6,4.5,357.0,LE,388.7,268.8,45.0,E,2026-08-12 07:26:02.267058
2026-08-11,2026-06-01,2026-08-11,district,EAST RAJASTHAN,RAJASTHAN,KARAULI,0.8,11.6,-93.0,LD,276.5,378.3,-27.0,D,2026-08-12 07:26:02.267058
2026-08-11,2026-06-01,2026-08-11,district,EAST RAJASTHAN,RAJASTHAN,KOTA,71.7,8.2,774.0,LE,342.5,466.5,-27.0,D,2026-08-12 07:26:02.267058
2026-08-11,2026-06-01,2026-08-11,district,EAST RAJASTHAN,RAJASTHAN,PRATAPGARH,34.0,12.4,174.0,LE,501.2,553.2,-9.0,N,2026-08-12 07:26:02.267058
2026-08-11,2026-06-01,2026-08-11,district,EAST RAJASTHAN,RAJASTHAN,RAJSAMAND,0.1,5.9,-98.0,LD,278.0,332.8,-16.0,N,2026-08-12 07:26:02.267058
2026-08-11,2026-06-01,2026-08-11,district,EAST RAJASTHAN,RAJASTHAN,SAWAI MADHOPUR,9.6,12.1,-21.0,D,268.0,425.0,-37.0,D,2026-08-12 07:26:02.267058
2026-08-11,2026-06-01,2026-08-11,district,EAST RAJASTHAN,RAJASTHAN,SIKAR,3.8,3.6,4.0,N,303.1,275.5,10.0,N,2026-08-12 07:26:02.267058
2026-08-11,2026-06-01,2026-08-11,district,EAST RAJASTHAN,RAJASTHAN,SIROHI,2.7,10.2,-74.0,LD,373.9,562.5,-34.0,D,2026-08-12 07:26:02.267058
2026-08-11,2026-06-01,2026-08-11,district,EAST RAJASTHAN,RAJASTHAN,TONK,14.0,9.4,49.0,E,296.3,367.1,-19.0,N,2026-08-12 07:26:02.267058
2026-08-11,2026-06-01,2026-08-11,district,EAST RAJASTHAN,RAJASTHAN,UDAIPUR,1.3,7.5,-82.0,LD,234.3,385.5,-39.0,D,2026-08-12 07:26:02.267058
2026-08-11,2026-06-01,2026-08-11,district,EAST UTTAR PRADESH,UTTAR PRADESH,AMBEDKAR NAGAR,0.0,5.6,-100.0,NR,323.9,495.9,-35.0,D,2026-08-12 07:26:02.267058
2026-08-11,2026-06-01,2026-08-11,district,EAST UTTAR PRADESH,UTTAR PRADESH,AMETHI,0.0,9.6,-100.0,NR,174.4,391.3,-55.0,D,2026-08-12 07:26:02.267058
2026-08-11,2026-06-01,2026-08-11,district,EAST UTTAR PRADESH,UTTAR PRADESH,AYODHYA,3.3,7.1,-54.0,D,369.5,493.8,-25.0,D,2026-08-12 07:26:02.267058
2026-08-11,2026-06-01,2026-08-11,district,EAST UTTAR PRADESH,UTTAR PRADESH,AZAMGARH,0.0,11.1,-100.0,NR,301.6,486.9,-38.0,D,2026-08-12 07:26:02.267058
2026-08-11,2026-06-01,2026-08-11,district,EAST UTTAR PRADESH,UTTAR PRADESH,BAHRAICH,1.8,10.7,-84.0,LD,514.6,589.3,-13.0,N,2026-08-12 07:26:02.267058
2026-08-11,2026-06-01,2026-08-11,district,EAST UTTAR PRADESH,UTTAR PRADESH,BALLIA,0.0,7.2,-100.0,NR,361.6,432.3,-16.0,N,2026-08-12 07:26:02.267058
2026-08-11,2026-06-01,2026-08-11,district,EAST UTTAR PRADESH,UTTAR PRADESH,BALRAMPUR,0.4,27.5,-99.0,LD,416.7,482.7,-14.0,N,2026-08-12 07:26:02.267058
2026-08-11,2026-06-01,2026-08-11,district,EAST UTTAR PRADESH,UTTAR PRADESH,BANDA,1.3,10.5,-88.0,LD,381.2,448.3,-15.0,N,2026-08-12 07:26:02.267058
2026-08-11,2026-06-01,2026-08-11,district,EAST UTTAR PRADESH,UTTAR PRADESH,BARABANKI,1.6,8.3,-81.0,LD,433.1,475.5,-9.0,N,2026-08-12 07:26:02.267058
2026-08-11,2026-06-01,2026-08-11,district,EAST UTTAR PRADESH,UTTAR PRADESH,BASTI,0.0,9.3,-100.0,NR,348.0,490.0,-29.0,D,2026-08-12 07:26:02.267058
2026-08-11,2026-06-01,2026-08-11,district,EAST UTTAR PRADESH,UTTAR PRADESH,BHADOHI,1.5,4.5,-67.0,LD,137.5,458.3,-70.0,LD,2026-08-12 07:26:02.267058
2026-08-11,2026-06-01,2026-08-11,district,EAST UTTAR PRADESH,UTTAR PRADESH,CHANDAULI,0.3,9.2,-97.0,LD,255.0,410.0,-38.0,D,2026-08-12 07:26:02.267058
2026-08-11,2026-06-01,2026-08-11,district,EAST UTTAR PRADESH,UTTAR PRADESH,CHITRAKOOT,1.7,5.4,-69.0,LD,488.0,458.8,6.0,N,2026-08-12 07:26:02.267058
2026-08-11,2026-06-01,2026-08-11,district,EAST UTTAR PRADESH,UTTAR PRADESH,DEORIA,0.0,8.4,-100.0,NR,131.0,472.2,-72.0,LD,2026-08-12 07:26:02.267058
2026-08-11,2026-06-01,2026-08-11,district,EAST UTTAR PRADESH,UTTAR PRADESH,FARRUKHABAD,14.7,8.3,77.0,LE,289.0,415.5,-30.0,D,2026-08-12 07:26:02.267058
2026-08-11,2026-06-01,2026-08-11,district,EAST UTTAR PRADESH,UTTAR PRADESH,FATEHPUR,0.0,7.2,-100.0,NR,175.1,400.4,-56.0,D,2026-08-12 07:26:02.267058
2026-08-11,2026-06-01,2026-08-11,district,EAST UTTAR PRADESH,UTTAR PRADESH,GHAZIPUR,0.0,11.0,-100.0,NR,261.1,441.2,-41.0,D,2026-08-12 07:26:02.267058
2026-08-11,2026-06-01,2026-08-11,district,EAST UTTAR PRADESH,UTTAR PRADESH,GONDA,6.2,7.4,-16.0,N,431.2,521.4,-17.0,N,2026-08-12 07:26:02.267058
2026-08-11,2026-06-01,2026-08-11,district,EAST UTTAR PRADESH,UTTAR PRADESH,GORAKHPUR,0.0,11.7,-100.0,NR,549.9,726.6,-24.0,D,2026-08-12 07:26:02.267058
2026-08-11,2026-06-01,2026-08-11,district,EAST UTTAR PRADESH,UTTAR PRADESH,HARDOI,7.8,5.5,42.0,E,264.8,389.9,-32.0,D,2026-08-12 07:26:02.267058
2026-08-11,2026-06-01,2026-08-11,district,EAST UTTAR PRADESH,UTTAR PRADESH,JAUNPUR,0.0,8.7,-100.0,NR,129.5,409.2,-68.0,LD,2026-08-12 07:26:02.267058
2026-08-11,2026-06-01,2026-08-11,district,EAST UTTAR PRADESH,UTTAR PRADESH,KANNAUJ,3.1,6.3,-52.0,D,387.0,375.8,3.0,N,2026-08-12 07:26:02.267058
2026-08-11,2026-06-01,2026-08-11,district,EAST UTTAR PRADESH,UTTAR PRADESH,KANPUR CITY,0.0,5.6,-100.0,NR,416.3,370.8,12.0,N,2026-08-12 07:26:02.267058
2026-08-11,2026-06-01,2026-08-11,district,EAST UTTAR PRADESH,UTTAR PRADESH,KANPUR DEHAT,0.0,6.5,-100.0,NR,106.9,335.6,-68.0,LD,2026-08-12 07:26:02.267058
2026-08-11,2026-06-01,2026-08-11,district,EAST UTTAR PRADESH,UTTAR PRADESH,KAUSHAMBI,11.8,5.3,123.0,LE,132.2,323.7,-59.0,D,2026-08-12 07:26:02.267058
2026-08-11,2026-06-01,2026-08-11,district,EAST UTTAR PRADESH,UTTAR PRADESH,KHERI,3.3,10.2,-67.0,LD,484.4,546.5,-11.0,N,2026-08-12 07:26:02.267058
2026-08-11,2026-06-01,2026-08-11,district,EAST UTTAR PRADESH,UTTAR PRADESH,KUSHI NAGAR,0.0,11.0,-100.0,NR,173.1,449.5,-61.0,LD,2026-08-12 07:26:02.267058
2026-08-11,2026-06-01,2026-08-11,district,EAST UTTAR PRADESH,UTTAR PRADESH,LUCKNOW,2.3,7.9,-71.0,LD,271.3,387.9,-30.0,D,2026-08-12 07:26:02.267058
2026-08-11,2026-06-01,2026-08-11,district,EAST UTTAR PRADESH,UTTAR PRADESH,MAHARAJGANJ,0.0,12.9,-100.0,NR,526.2,597.3,-12.0,N,2026-08-12 07:26:02.267058
2026-08-11,2026-06-01,2026-08-11,district,EAST UTTAR PRADESH,UTTAR PRADESH,MAU,0.0,8.4,-100.0,NR,167.0,471.1,-65.0,LD,2026-08-12 07:26:02.267058
2026-08-11,2026-06-01,2026-08-11,district,EAST UTTAR PRADESH,UTTAR PRADESH,MIRZAPUR,0.0,11.8,-100.0,NR,535.8,517.3,4.0,N,2026-08-12 07:26:02.267058
2026-08-11,2026-06-01,2026-08-11,district,EAST UTTAR PRADESH,UTTAR PRADESH,PRATAPGARH,1.0,8.8,-89.0,LD,362.8,437.0,-17.0,N,2026-08-12 07:26:02.267058
2026-08-11,2026-06-01,2026-08-11,district,EAST UTTAR PRADESH,UTTAR PRADESH,PRAYAGRAJ,5.4,5.5,-1.0,N,360.0,407.7,-12.0,N,2026-08-12 07:26:02.267058
2026-08-11,2026-06-01,2026-08-11,district,EAST UTTAR PRADESH,UTTAR PRADESH,RAE BAREILLY,0.0,5.2,-100.0,NR,128.9,248.6,-48.0,D,2026-08-12 07:26:02.267058
2026-08-11,2026-06-01,2026-08-11,district,EAST UTTAR PRADESH,UTTAR PRADESH,SANT KABIR NAGAR,0.0,10.4,-100.0,NR,317.6,614.1,-48.0,D,2026-08-12 07:26:02.267058
2026-08-11,2026-06-01,2026-08-11,district,EAST UTTAR PRADESH,UTTAR PRADESH,SHRAWASTI,1.7,19.1,-91.0,LD,390.7,693.0,-44.0,D,2026-08-12 07:26:02.267058
2026-08-11,2026-06-01,2026-08-11,district,EAST UTTAR PRADESH,UTTAR PRADESH,SIDDHARTH NAGAR,0.2,13.1,-98.0,LD,453.5,636.0,-29.0,D,2026-08-12 07:26:02.267058
2026-08-11,2026-06-01,2026-08-11,district,EAST UTTAR PRADESH,UTTAR PRADESH,SITAPUR,0.6,9.2,-93.0,LD,227.1,481.1,-53.0,D,2026-08-12 07:26:02.267058
2026-08-11,2026-06-01,2026-08-11,district,EAST UTTAR PRADESH,UTTAR PRADESH,SONBHADRA,4.8,11.1,-57.0,D,384.0,514.1,-25.0,D,2026-08-12 07:26:02.267058
2026-08-11,2026-06-01,2026-08-11,district,EAST UTTAR PRADESH,UTTAR PRADESH,SULTANPUR,2.9,10.7,-73.0,LD,430.7,479.2,-10.0,N,2026-08-12 07:26:02.267058
2026-08-11,2026-06-01,2026-08-11,district,EAST UTTAR PRADESH,UTTAR PRADESH,UNNAO,0.0,7.9,-100.0,NR,205.3,368.3,-44.0,D,2026-08-12 07:26:02.267058
2026-08-11,2026-06-01,2026-08-11,district,EAST UTTAR PRADESH,UTTAR PRADESH,VARANASI,6.2,6.6,-6.0,N,322.1,459.0,-30.0,D,2026-08-12 07:26:02.267058
2026-08-11,2026-06-01,2026-08-11,district,GANGETIC WEST BENGAL,WEST BENGAL,BANKURA,13.3,14.3,-7.0,N,722.3,709.6,2.0,N,2026-08-12 07:26:02.267058
2026-08-11,2026-06-01,2026-08-11,district,GANGETIC WEST BENGAL,WEST BENGAL,BIRBHUM,0.2,8.6,-98.0,LD,503.1,687.4,-27.0,D,2026-08-12 07:26:02.267058
2026-08-11,2026-06-01,2026-08-11,district,GANGETIC WEST BENGAL,WEST BENGAL,EAST MIDNAPORE,20.2,12.8,58.0,E,1013.2,748.4,35.0,E,2026-08-12 07:26:02.267058
2026-08-11,2026-06-01,2026-08-11,district,GANGETIC WEST BENGAL,WEST BENGAL,HOOGHLY,15.4,7.5,105.0,LE,680.4,647.5,5.0,N,2026-08-12 07:26:02.267058
2026-08-11,2026-06-01,2026-08-11,district,GANGETIC WEST BENGAL,WEST BENGAL,HOWRAH,16.9,6.8,149.0,LE,784.8,714.5,10.0,N,2026-08-12 07:26:02.267058
2026-08-11,2026-06-01,2026-08-11,district,GANGETIC WEST BENGAL,WEST BENGAL,JHARGRAM,16.5,15.7,5.0,N,641.3,706.4,-9.0,N,2026-08-12 07:26:02.267058
2026-08-11,2026-06-01,2026-08-11,district,GANGETIC WEST BENGAL,WEST BENGAL,KOLKATA,62.8,9.9,534.0,LE,951.8,806.8,18.0,N,2026-08-12 07:26:02.267058
2026-08-11,2026-06-01,2026-08-11,district,GANGETIC WEST BENGAL,WEST BENGAL,MURSHIDABAD,0.0,5.3,-100.0,NR,462.0,602.8,-23.0,D,2026-08-12 07:26:02.267058
2026-08-11,2026-06-01,2026-08-11,district,GANGETIC WEST BENGAL,WEST BENGAL,NADIA,1.1,8.9,-87.0,LD,468.4,585.8,-20.0,D,2026-08-12 07:26:02.267058
2026-08-11,2026-06-01,2026-08-11,district,GANGETIC WEST BENGAL,WEST BENGAL,NORTH 24 PARGANAS,39.6,11.7,238.0,LE,941.7,713.1,32.0,E,2026-08-12 07:26:02.267058
2026-08-11,2026-06-01,2026-08-11,district,GANGETIC WEST BENGAL,WEST BENGAL,PASCHIM BARDHAMAN,0.2,10.8,-98.0,LD,584.1,664.5,-12.0,N,2026-08-12 07:26:02.267058
2026-08-11,2026-06-01,2026-08-11,district,GANGETIC WEST BENGAL,WEST BENGAL,PURBA BARDHAMAN,0.3,13.6,-98.0,LD,591.1,633.5,-7.0,N,2026-08-12 07:26:02.267058
2026-08-11,2026-06-01,2026-08-11,district,GANGETIC WEST BENGAL,WEST BENGAL,PURULIA,10.4,10.8,-4.0,N,465.7,661.5,-30.0,D,2026-08-12 07:26:02.267058
2026-08-11,2026-06-01,2026-08-11,district,GANGETIC WEST BENGAL,WEST BENGAL,SOUTH 24 PARGANAS,13.1,13.0,1.0,N,959.5,884.8,8.0,N,2026-08-12 07:26:02.267058
2026-08-11,2026-06-01,2026-08-11,district,GANGETIC WEST BENGAL,WEST BENGAL,WEST MIDNAPORE,1.8,15.7,-89.0,LD,984.6,706.4,39.0,E,2026-08-12 07:26:02.267058
2026-08-11,2026-06-01,2026-08-11,district,GUJARAT REGION,DADRA & NAGAR HAVELI AND DAMAN & DIU (UT),DADARA & NAGAR HAVELI,6.8,32.1,-79.0,LD,2675.1,1611.5,66.0,LE,2026-08-12 07:26:02.267058
2026-08-11,2026-06-01,2026-08-11,district,GUJARAT REGION,DADRA & NAGAR HAVELI AND DAMAN & DIU (UT),DAMAN,3.8,32.1,-88.0,LD,2539.9,1611.5,58.0,E,2026-08-12 07:26:02.267058
2026-08-11,2026-06-01,2026-08-11,district,GUJARAT REGION,GUJARAT,AHMEDABAD,4.6,10.6,-56.0,D,524.3,436.2,20.0,E,2026-08-12 07:26:02.267058
2026-08-11,2026-06-01,2026-08-11,district,GUJARAT REGION,GUJARAT,ANAND,2.2,15.1,-85.0,LD,719.8,526.3,37.0,E,2026-08-12 07:26:02.267058
2026-08-11,2026-06-01,2026-08-11,district,GUJARAT REGION,GUJARAT,ARAVALLI,7.0,12.7,-45.0,D,347.0,536.0,-35.0,D,2026-08-12 07:26:02.267058
2026-08-11,2026-06-01,2026-08-11,district,GUJARAT REGION,GUJARAT,BANASKANTHA,1.0,7.3,-87.0,LD,343.6,388.9,-12.0,N,2026-08-12 07:26:02.267058
2026-08-11,2026-06-01,2026-08-11,district,GUJARAT REGION,GUJARAT,BHARUCH,1.8,8.5,-79.0,LD,715.3,481.2,49.0,E,2026-08-12 07:26:02.267058
2026-08-11,2026-06-01,2026-08-11,district,GUJARAT REGION,GUJARAT,CHHOTA UDEPUR,2.0,14.6,-86.0,LD,538.3,621.3,-13.0,N,2026-08-12 07:26:02.267058
2026-08-11,2026-06-01,2026-08-11,district,GUJARAT REGION,GUJARAT,DAHOD,13.7,12.8,7.0,N,316.4,488.2,-35.0,D,2026-08-12 07:26:02.267058
2026-08-11,2026-06-01,2026-08-11,district,GUJARAT REGION,GUJARAT,DANGS,8.8,25.9,-66.0,LD,2109.5,1501.7,40.0,E,2026-08-12 07:26:02.267058
2026-08-11,2026-06-01,2026-08-11,district,GUJARAT REGION,GUJARAT,GANDHINAGAR,13.1,9.8,34.0,E,438.9,503.0,-13.0,N,2026-08-12 07:26:02.267058
2026-08-11,2026-06-01,2026-08-11,district,GUJARAT REGION,GUJARAT,KHEDA,7.5,10.8,-31.0,D,817.8,518.2,58.0,E,2026-08-12 07:26:02.267058
2026-08-11,2026-06-01,2026-08-11,district,GUJARAT REGION,GUJARAT,MAHISAGAR,30.0,12.3,144.0,LE,576.9,507.0,14.0,N,2026-08-12 07:26:02.267058
2026-08-11,2026-06-01,2026-08-11,district,GUJARAT REGION,GUJARAT,MEHSANA,2.5,7.9,-69.0,LD,412.7,452.6,-9.0,N,2026-08-12 07:26:02.267058
2026-08-11,2026-06-01,2026-08-11,district,GUJARAT REGION,GUJARAT,NARMADA,1.3,17.0,-92.0,LD,779.1,667.4,17.0,N,2026-08-12 07:26:02.267058
2026-08-11,2026-06-01,2026-08-11,district,GUJARAT REGION,GUJARAT,NAVSARI,10.7,23.7,-55.0,D,2138.0,1283.2,67.0,LE,2026-08-12 07:26:02.267058
2026-08-11,2026-06-01,2026-08-11,district,GUJARAT REGION,GUJARAT,PANCHMAHAL,16.3,13.1,24.0,E,627.9,577.2,9.0,N,2026-08-12 07:26:02.267058
2026-08-11,2026-06-01,2026-08-11,district,GUJARAT REGION,GUJARAT,PATAN,0.4,8.6,-95.0,LD,389.9,355.9,10.0,N,2026-08-12 07:26:02.267058
2026-08-11,2026-06-01,2026-08-11,district,GUJARAT REGION,GUJARAT,SABARKANTHA,0.8,9.4,-92.0,LD,354.2,542.6,-35.0,D,2026-08-12 07:26:02.267058
2026-08-11,2026-06-01,2026-08-11,district,GUJARAT REGION,GUJARAT,SURAT,4.3,16.1,-74.0,LD,1416.7,895.5,58.0,E,2026-08-12 07:26:02.267058
2026-08-11,2026-06-01,2026-08-11,district,GUJARAT REGION,GUJARAT,TAPI,1.6,17.1,-91.0,LD,1208.9,953.4,27.0,E,2026-08-12 07:26:02.267058
2026-08-11,2026-06-01,2026-08-11,district,GUJARAT REGION,GUJARAT,VADODARA,3.7,13.1,-71.0,LD,496.7,573.0,-13.0,N,2026-08-12 07:26:02.267058
2026-08-11,2026-06-01,2026-08-11,district,GUJARAT REGION,GUJARAT,VALSAD,13.2,25.1,-48.0,D,2534.7,1448.5,75.0,LE,2026-08-12 07:26:02.267058
2026-08-11,2026-06-01,2026-08-11,district,HAR. CHD & DELHI,CHANDIGARH (UT),CHANDIGARH,0.0,6.2,-100.0,NR,406.6,540.0,-25.0,D,2026-08-12 07:26:02.267058
2026-08-11,2026-06-01,2026-08-11,district,HAR. CHD & DELHI,DELHI,CENTRAL DELHI,7.8,5.5,41.0,E,536.3,393.2,36.0,E,2026-08-12 07:26:02.267058
2026-08-11,2026-06-01,2026-08-11,district,HAR. CHD & DELHI,DELHI,NEW DELHI,4.7,7.9,-41.0,D,382.3,368.3,4.0,N,2026-08-12 07:26:02.267058
2026-08-11,2026-06-01,2026-08-11,district,HAR. CHD & DELHI,DELHI,NORTH EAST DELHI,6.8,5.5,24.0,E,419.8,393.2,7.0,N,2026-08-12 07:26:02.267058
2026-08-11,2026-06-01,2026-08-11,district,HAR. CHD & DELHI,DELHI,NORTH WEST DELHI,13.5,2.0,575.0,LE,284.0,243.4,17.0,N,2026-08-12 07:26:02.267058
2026-08-11,2026-06-01,2026-08-11,district,HAR. CHD & DELHI,DELHI,SOUTH DELHI,1.1,5.5,-80.0,LD,443.3,393.2,13.0,N,2026-08-12 07:26:02.267058
2026-08-11,2026-06-01,2026-08-11,district,HAR. CHD & DELHI,DELHI,SOUTH EAST DELHI,4.4,5.5,-19.0,N,484.1,393.2,23.0,E,2026-08-12 07:26:02.267058
2026-08-11,2026-06-01,2026-08-11,district,HAR. CHD & DELHI,DELHI,SOUTH WEST DELHI,0.4,6.9,-95.0,LD,327.2,316.2,3.0,N,2026-08-12 07:26:02.267058
2026-08-11,2026-06-01,2026-08-11,district,HAR. CHD & DELHI,DELHI,WEST DELHI,2.3,5.4,-58.0,D,436.5,355.0,23.0,E,2026-08-12 07:26:02.267058
2026-08-11,2026-06-01,2026-08-11,district,HAR. CHD & DELHI,HARYANA,AMBALA,0.0,6.1,-100.0,NR,239.4,522.4,-54.0,D,2026-08-12 07:26:02.267058
2026-08-11,2026-06-01,2026-08-11,district,HAR. CHD & DELHI,HARYANA,BHIWANI,1.0,2.6,-62.0,LD,240.3,185.2,30.0,E,2026-08-12 07:26:02.267058
2026-08-11,2026-06-01,2026-08-11,district,HAR. CHD & DELHI,HARYANA,CHARKHI DADRI,29.4,4.3,583.0,LE,321.1,257.8,25.0,E,2026-08-12 07:26:02.267058
2026-08-11,2026-06-01,2026-08-11,district,HAR. CHD & DELHI,HARYANA,FARIDABAD,1.0,5.3,-81.0,LD,424.9,313.6,35.0,E,2026-08-12 07:26:02.267058
2026-08-11,2026-06-01,2026-08-11,district,HAR. CHD & DELHI,HARYANA,FATEHABAD,9.8,3.1,216.0,LE,176.6,168.3,5.0,N,2026-08-12 07:26:02.267058
2026-08-11,2026-06-01,2026-08-11,district,HAR. CHD & DELHI,HARYANA,GURGAON,0.0,5.5,-100.0,NR,333.7,292.4,14.0,N,2026-08-12 07:26:02.267058
2026-08-11,2026-06-01,2026-08-11,district,HAR. CHD & DELHI,HARYANA,HISAR,5.5,3.0,83.0,LE,190.1,194.3,-2.0,N,2026-08-12 07:26:02.267058
2026-08-11,2026-06-01,2026-08-11,district,HAR. CHD & DELHI,HARYANA,JHAJJAR,0.0,4.0,-100.0,NR,259.9,228.2,14.0,N,2026-08-12 07:26:02.267058
2026-08-11,2026-06-01,2026-08-11,district,HAR. CHD & DELHI,HARYANA,JIND,5.9,5.1,16.0,N,132.3,242.7,-45.0,D,2026-08-12 07:26:02.267058
2026-08-11,2026-06-01,2026-08-11,district,HAR. CHD & DELHI,HARYANA,KAITHAL,1.0,3.0,-67.0,LD,121.7,231.3,-47.0,D,2026-08-12 07:26:02.267058
2026-08-11,2026-06-01,2026-08-11,district,HAR. CHD & DELHI,HARYANA,KARNAL,0.4,3.2,-89.0,LD,212.8,315.9,-33.0,D,2026-08-12 07:26:02.267058
2026-08-11,2026-06-01,2026-08-11,district,HAR. CHD & DELHI,HARYANA,KURUKSHETRA,11.1,2.6,329.0,LE,260.5,249.5,4.0,N,2026-08-12 07:26:02.267058
2026-08-11,2026-06-01,2026-08-11,district,HAR. CHD & DELHI,HARYANA,MAHENDRAGARH,4.0,3.0,33.0,E,280.3,250.4,12.0,N,2026-08-12 07:26:02.267058
2026-08-11,2026-06-01,2026-08-11,district,HAR. CHD & DELHI,HARYANA,NUH,0.0,4.3,-100.0,NR,317.7,271.3,17.0,N,2026-08-12 07:26:02.267058
2026-08-11,2026-06-01,2026-08-11,district,HAR. CHD & DELHI,HARYANA,PALWAL,0.0,4.2,-100.0,NR,330.0,229.5,44.0,E,2026-08-12 07:26:02.267058
2026-08-11,2026-06-01,2026-08-11,district,HAR. CHD & DELHI,HARYANA,PANCHKULA,0.0,7.4,-100.0,NR,218.4,524.0,-58.0,D,2026-08-12 07:26:02.267058
2026-08-11,2026-06-01,2026-08-11,district,HAR. CHD & DELHI,HARYANA,PANIPAT,7.8,8.9,-12.0,N,198.8,263.5,-25.0,D,2026-08-12 07:26:02.267058
2026-08-11,2026-06-01,2026-08-11,district,HAR. CHD & DELHI,HARYANA,REWARI,0.0,4.0,-100.0,NR,320.7,266.0,21.0,E,2026-08-12 07:26:02.267058
2026-08-11,2026-06-01,2026-08-11,district,HAR. CHD & DELHI,HARYANA,ROHTAK,11.8,10.1,17.0,N,199.6,288.4,-31.0,D,2026-08-12 07:26:02.267058
2026-08-11,2026-06-01,2026-08-11,district,HAR. CHD & DELHI,HARYANA,SIRSA,1.6,2.5,-36.0,D,82.1,145.7,-44.0,D,2026-08-12 07:26:02.267058
2026-08-11,2026-06-01,2026-08-11,district,HAR. CHD & DELHI,HARYANA,SONEPAT,26.2,3.1,745.0,LE,208.1,280.5,-26.0,D,2026-08-12 07:26:02.267058
2026-08-11,2026-06-01,2026-08-11,district,HAR. CHD & DELHI,HARYANA,YAMUNA NAGAR,11.3,6.2,82.0,LE,498.9,557.2,-10.0,N,2026-08-12 07:26:02.267058
2026-08-11,2026-06-01,2026-08-11,district,HIMACHAL PRADESH,HIMACHAL PRADESH,BILASPUR,1.7,8.5,-80.0,LD,489.9,501.8,-2.0,N,2026-08-12 07:26:02.267058
2026-08-11,2026-06-01,2026-08-11,district,HIMACHAL PRADESH,HIMACHAL PRADESH,CHAMBA,31.9,8.3,284.0,LE,572.7,572.2,0.0,N,2026-08-12 07:26:02.267058
2026-08-11,2026-06-01,2026-08-11,district,HIMACHAL PRADESH,HIMACHAL PRADESH,HAMIRPUR,9.0,18.1,-50.0,D,307.6,586.4,-48.0,D,2026-08-12 07:26:02.267058
2026-08-11,2026-06-01,2026-08-11,district,HIMACHAL PRADESH,HIMACHAL PRADESH,KANGRA,39.1,21.3,84.0,LE,872.0,1037.1,-16.0,N,2026-08-12 07:26:02.267058
2026-08-11,2026-06-01,2026-08-11,district,HIMACHAL PRADESH,HIMACHAL PRADESH,KINNAUR,10.1,3.9,160.0,LE,191.9,137.2,40.0,E,2026-08-12 07:26:02.267058
2026-08-11,2026-06-01,2026-08-11,district,HIMACHAL PRADESH,HIMACHAL PRADESH,KULLU,20.1,6.8,196.0,LE,400.4,346.2,16.0,N,2026-08-12 07:26:02.267058
2026-08-11,2026-06-01,2026-08-11,district,HIMACHAL PRADESH,HIMACHAL PRADESH,LAHAUL & SPITI,0.0,2.9,-100.0,NR,98.0,225.8,-57.0,D,2026-08-12 07:26:02.267058
2026-08-11,2026-06-01,2026-08-11,district,HIMACHAL PRADESH,HIMACHAL PRADESH,MANDI,22.5,13.8,63.0,LE,614.9,722.4,-15.0,N,2026-08-12 07:26:02.267058
2026-08-11,2026-06-01,2026-08-11,district,HIMACHAL PRADESH,HIMACHAL PRADESH,SHIMLA,19.3,6.2,211.0,LE,562.4,399.9,41.0,E,2026-08-12 07:26:02.267058
2026-08-11,2026-06-01,2026-08-11,district,HIMACHAL PRADESH,HIMACHAL PRADESH,SIRMAUR,15.4,11.0,40.0,E,870.5,756.5,15.0,N,2026-08-12 07:26:02.267058
2026-08-11,2026-06-01,2026-08-11,district,HIMACHAL PRADESH,HIMACHAL PRADESH,SOLAN,0.6,6.3,-90.0,LD,600.5,550.3,9.0,N,2026-08-12 07:26:02.267058
2026-08-11,2026-06-01,2026-08-11,district,HIMACHAL PRADESH,HIMACHAL PRADESH,UNA,1.6,11.5,-86.0,LD,482.6,565.2,-15.0,N,2026-08-12 07:26:02.267058
2026-08-11,2026-06-01,2026-08-11,district,J & K AND LADAKH,JAMMU & KASHMIR(UT),ANANTNAG,0.0,1.2,-96.0,LD,244.8,208.4,17.0,N,2026-08-12 07:26:02.267058
2026-08-11,2026-06-01,2026-08-11,district,J & K AND LADAKH,JAMMU & KASHMIR(UT),BADGAM,0.0,0.2,-100.0,NR,119.7,137.7,-13.0,N,2026-08-12 07:26:02.267058
2026-08-11,2026-06-01,2026-08-11,district,J & K AND LADAKH,JAMMU & KASHMIR(UT),BANDIPORA,0.0,2.8,-100.0,NR,169.7,147.2,15.0,N,2026-08-12 07:26:02.267058
2026-08-11,2026-06-01,2026-08-11,district,J & K AND LADAKH,JAMMU & KASHMIR(UT),BARAMULA,0.0,1.2,-100.0,NR,238.6,141.7,68.0,LE,2026-08-12 07:26:02.267058
2026-08-11,2026-06-01,2026-08-11,district,J & K AND LADAKH,JAMMU & KASHMIR(UT),DODA,1.3,2.5,-48.0,D,261.0,273.7,-5.0,N,2026-08-12 07:26:02.267058
2026-08-11,2026-06-01,2026-08-11,district,J & K AND LADAKH,JAMMU & KASHMIR(UT),GANDERBAL,0.0,1.9,-100.0,NR,273.4,165.3,65.0,LE,2026-08-12 07:26:02.267058
2026-08-11,2026-06-01,2026-08-11,district,J & K AND LADAKH,JAMMU & KASHMIR(UT),JAMMU,33.6,10.4,223.0,LE,566.8,613.1,-8.0,N,2026-08-12 07:26:02.267058
2026-08-11,2026-06-01,2026-08-11,district,J & K AND LADAKH,JAMMU & KASHMIR(UT),KATHUA,124.7,5.7,2087.0,LE,730.0,811.9,-10.0,N,2026-08-12 07:26:02.267058
2026-08-11,2026-06-01,2026-08-11,district,J & K AND LADAKH,JAMMU & KASHMIR(UT),KISTWAR,0.0,2.5,-100.0,NR,156.0,273.7,-43.0,D,2026-08-12 07:26:02.267058
2026-08-11,2026-06-01,2026-08-11,district,J & K AND LADAKH,JAMMU & KASHMIR(UT),KULGAM,3.7,1.2,208.0,LE,193.4,207.8,-7.0,N,2026-08-12 07:26:02.267058
2026-08-11,2026-06-01,2026-08-11,district,J & K AND LADAKH,JAMMU & KASHMIR(UT),KUPWARA,0.0,2.0,-100.0,NR,190.4,172.7,10.0,N,2026-08-12 07:26:02.267058
2026-08-11,2026-06-01,2026-08-11,district,J & K AND LADAKH,JAMMU & KASHMIR(UT),POONCH,0.0,5.7,-100.0,NR,610.3,433.6,41.0,E,2026-08-12 07:26:02.267058
2026-08-11,2026-06-01,2026-08-11,district,J & K AND LADAKH,JAMMU & KASHMIR(UT),PULWAMA,0.0,1.7,-100.0,NR,174.5,122.9,42.0,E,2026-08-12 07:26:02.267058
2026-08-11,2026-06-01,2026-08-11,district,J & K AND LADAKH,JAMMU & KASHMIR(UT),RAJOURI,0.0,3.6,-100.0,NR,534.2,413.0,29.0,E,2026-08-12 07:26:02.267058
2026-08-11,2026-06-01,2026-08-11,district,J & K AND LADAKH,JAMMU & KASHMIR(UT),RAMBAN,0.3,2.7,-88.0,LD,393.8,255.0,54.0,E,2026-08-12 07:26:02.267058
2026-08-11,2026-06-01,2026-08-11,district,J & K AND LADAKH,JAMMU & KASHMIR(UT),REASI,26.2,21.4,22.0,E,870.2,995.6,-13.0,N,2026-08-12 07:26:02.267058
2026-08-11,2026-06-01,2026-08-11,district,J & K AND LADAKH,JAMMU & KASHMIR(UT),SAMBA,55.0,16.8,227.0,LE,721.0,491.0,47.0,E,2026-08-12 07:26:02.267058
2026-08-11,2026-06-01,2026-08-11,district,J & K AND LADAKH,JAMMU & KASHMIR(UT),SHOPIAN,0.0,2.9,-100.0,NR,90.2,193.5,-53.0,D,2026-08-12 07:26:02.267058
2026-08-11,2026-06-01,2026-08-11,district,J & K AND LADAKH,JAMMU & KASHMIR(UT),SRINAGAR,0.0,1.5,-100.0,NR,212.9,153.0,39.0,E,2026-08-12 07:26:02.267058
2026-08-11,2026-06-01,2026-08-11,district,J & K AND LADAKH,JAMMU & KASHMIR(UT),UDHAMPUR,4.0,6.8,-41.0,D,1137.3,626.8,81.0,LE,2026-08-12 07:26:02.267058
2026-08-11,2026-06-01,2026-08-11,district,J & K AND LADAKH,LADAKH (UT),KARGIL,0.0,0.0,-100.0,NR,17.7,6.0,168.0,LE,2026-08-12 07:26:02.267058
2026-08-11,2026-06-01,2026-08-11,district,J & K AND LADAKH,LADAKH (UT),LADAKH (LEH),0.0,0.1,-100.0,NR,45.9,17.6,158.0,LE,2026-08-12 07:26:02.267058
2026-08-11,2026-06-01,2026-08-11,district,JHARKHAND,JHARKHAND,BOKARO,4.6,7.3,-37.0,D,377.5,548.5,-31.0,D,2026-08-12 07:26:02.267058
2026-08-11,2026-06-01,2026-08-11,district,JHARKHAND,JHARKHAND,CHATRA,8.5,10.1,-16.0,N,332.7,561.6,-41.0,D,2026-08-12 07:26:02.267058
2026-08-11,2026-06-01,2026-08-11,district,JHARKHAND,JHARKHAND,DEOGHAR,0.0,10.5,-100.0,NR,284.1,583.5,-51.0,D,2026-08-12 07:26:02.267058
2026-08-11,2026-06-01,2026-08-11,district,JHARKHAND,JHARKHAND,DHANBAD,2.9,9.5,-69.0,LD,501.4,637.9,-21.0,D,2026-08-12 07:26:02.267058
2026-08-11,2026-06-01,2026-08-11,district,JHARKHAND,JHARKHAND,DUMKA,0.0,10.0,-100.0,NR,560.5,622.1,-10.0,N,2026-08-12 07:26:02.267058
2026-08-11,2026-06-01,2026-08-11,district,JHARKHAND,JHARKHAND,EAST SINGHBHUM,15.1,9.6,57.0,E,533.6,667.9,-20.0,D,2026-08-12 07:26:02.267058
2026-08-11,2026-06-01,2026-08-11,district,JHARKHAND,JHARKHAND,GARHWA,0.6,9.4,-94.0,LD,275.2,547.2,-50.0,D,2026-08-12 07:26:02.267058
2026-08-11,2026-06-01,2026-08-11,district,JHARKHAND,JHARKHAND,GIRIDIH,2.1,7.4,-72.0,LD,313.5,590.3,-47.0,D,2026-08-12 07:26:02.267058
2026-08-11,2026-06-01,2026-08-11,district,JHARKHAND,JHARKHAND,GODDA,0.0,8.1,-100.0,NR,402.1,535.5,-25.0,D,2026-08-12 07:26:02.267058
2026-08-11,2026-06-01,2026-08-11,district,JHARKHAND,JHARKHAND,GUMLA,8.1,8.0,1.0,N,429.8,648.5,-34.0,D,2026-08-12 07:26:02.267058
2026-08-11,2026-06-01,2026-08-11,district,JHARKHAND,JHARKHAND,HAZARIBAG,10.3,9.4,10.0,N,430.3,636.2,-32.0,D,2026-08-12 07:26:02.267058
2026-08-11,2026-06-01,2026-08-11,district,JHARKHAND,JHARKHAND,JAMTARA,0.0,13.1,-100.0,NR,470.0,655.1,-28.0,D,2026-08-12 07:26:02.267058
2026-08-11,2026-06-01,2026-08-11,district,JHARKHAND,JHARKHAND,KHUNTI,6.8,8.4,-19.0,N,609.8,670.9,-9.0,N,2026-08-12 07:26:02.267058
2026-08-11,2026-06-01,2026-08-11,district,JHARKHAND,JHARKHAND,KODERMA,0.5,6.0,-92.0,LD,279.6,513.2,-46.0,D,2026-08-12 07:26:02.267058
2026-08-11,2026-06-01,2026-08-11,district,JHARKHAND,JHARKHAND,LATEHAR,3.5,11.0,-68.0,LD,439.1,630.2,-30.0,D,2026-08-12 07:26:02.267058
2026-08-11,2026-06-01,2026-08-11,district,JHARKHAND,JHARKHAND,LOHARDAGA,7.6,8.7,-13.0,N,421.5,624.6,-33.0,D,2026-08-12 07:26:02.267058
2026-08-11,2026-06-01,2026-08-11,district,JHARKHAND,JHARKHAND,PAKUR,0.0,8.1,-100.0,NR,293.8,687.6,-57.0,D,2026-08-12 07:26:02.267058
2026-08-11,2026-06-01,2026-08-11,district,JHARKHAND,JHARKHAND,PALAMU,0.3,10.3,-97.0,LD,284.8,489.7,-42.0,D,2026-08-12 07:26:02.267058
2026-08-11,2026-06-01,2026-08-11,district,JHARKHAND,JHARKHAND,RAMGARH,3.0,9.7,-69.0,LD,453.2,623.7,-27.0,D,2026-08-12 07:26:02.267058
2026-08-11,2026-06-01,2026-08-11,district,JHARKHAND,JHARKHAND,RANCHI,3.4,9.1,-63.0,LD,510.3,636.9,-20.0,D,2026-08-12 07:26:02.267058
2026-08-11,2026-06-01,2026-08-11,district,JHARKHAND,JHARKHAND,SAHIBGANJ,8.5,8.4,1.0,N,419.3,691.3,-39.0,D,2026-08-12 07:26:02.267058
2026-08-11,2026-06-01,2026-08-11,district,JHARKHAND,JHARKHAND,SERAIKELA-KHARSAWAN,0.5,7.5,-93.0,LD,589.8,616.6,-4.0,N,2026-08-12 07:26:02.267058
2026-08-11,2026-06-01,2026-08-11,district,JHARKHAND,JHARKHAND,SIMDEGA,8.3,10.4,-20.0,D,732.6,797.6,-8.0,N,2026-08-12 07:26:02.267058
2026-08-11,2026-06-01,2026-08-11,district,JHARKHAND,JHARKHAND,WEST SINGHBHUM,19.5,8.4,133.0,LE,655.2,609.1,8.0,N,2026-08-12 07:26:02.267058
2026-08-11,2026-06-01,2026-08-11,district,KERALA & MAHE,KERALA,ALAPUZHA,5.2,12.2,-57.0,D,889.4,1162.3,-23.0,D,2026-08-12 07:26:02.267058
2026-08-11,2026-06-01,2026-08-11,district,KERALA & MAHE,KERALA,ERNAKULAM,2.0,15.9,-87.0,LD,1187.2,1548.8,-23.0,D,2026-08-12 07:26:02.267058
2026-08-11,2026-06-01,2026-08-11,district,KERALA & MAHE,KERALA,IDUKKI,7.5,21.3,-65.0,LD,1026.3,1841.8,-44.0,D,2026-08-12 07:26:02.267058
2026-08-11,2026-06-01,2026-08-11,district,KERALA & MAHE,KERALA,KANNUR,3.6,23.4,-85.0,LD,1874.2,2050.5,-9.0,N,2026-08-12 07:26:02.267058
2026-08-11,2026-06-01,2026-08-11,district,KERALA & MAHE,KERALA,KASARGOD,17.2,30.3,-43.0,D,1917.4,2227.0,-14.0,N,2026-08-12 07:26:02.267058
2026-08-11,2026-06-01,2026-08-11,district,KERALA & MAHE,KERALA,KOLLAM,2.0,8.9,-77.0,LD,640.0,867.2,-26.0,D,2026-08-12 07:26:02.267058
2026-08-11,2026-06-01,2026-08-11,district,KERALA & MAHE,KERALA,KOTTAYAM,1.7,17.2,-90.0,LD,1317.2,1374.3,-4.0,N,2026-08-12 07:26:02.267058
2026-08-11,2026-06-01,2026-08-11,district,KERALA & MAHE,KERALA,KOZHIKODE,1.9,24.2,-92.0,LD,1778.3,1986.7,-10.0,N,2026-08-12 07:26:02.267058
2026-08-11,2026-06-01,2026-08-11,district,KERALA & MAHE,KERALA,MALAPPURAM,5.3,19.1,-72.0,LD,1219.1,1476.8,-17.0,N,2026-08-12 07:26:02.267058
2026-08-11,2026-06-01,2026-08-11,district,KERALA & MAHE,KERALA,PALAKKAD,1.2,14.3,-92.0,LD,887.2,1157.5,-23.0,D,2026-08-12 07:26:02.267058
2026-08-11,2026-06-01,2026-08-11,district,KERALA & MAHE,KERALA,PATHANAMTHITTA,1.7,9.3,-82.0,LD,1143.4,1103.1,4.0,N,2026-08-12 07:26:02.267058
2026-08-11,2026-06-01,2026-08-11,district,KERALA & MAHE,KERALA,THIRUVANANTHAPURAM,1.4,5.8,-76.0,LD,592.7,570.7,4.0,N,2026-08-12 07:26:02.267058
2026-08-11,2026-06-01,2026-08-11,district,KERALA & MAHE,KERALA,THRISSUR,1.4,19.7,-93.0,LD,1174.2,1586.0,-26.0,D,2026-08-12 07:26:02.267058
2026-08-11,2026-06-01,2026-08-11,district,KERALA & MAHE,KERALA,WYNAD,6.5,20.6,-68.0,LD,955.0,1904.2,-50.0,D,2026-08-12 07:26:02.267058
2026-08-11,2026-06-01,2026-08-11,district,KERALA & MAHE,PUDUCHERRY (UT),MAHE,0.0,21.3,-100.0,NR,1525.8,1882.4,-19.0,N,2026-08-12 07:26:02.267058
2026-08-11,2026-06-01,2026-08-11,district,KONKAN & GOA,GOA,NORTH GOA,14.6,36.5,-60.0,LD,1393.7,2355.4,-41.0,D,2026-08-12 07:26:02.267058
2026-08-11,2026-06-01,2026-08-11,district,KONKAN & GOA,GOA,SOUTH GOA,8.5,33.9,-75.0,LD,1605.6,2260.0,-29.0,D,2026-08-12 07:26:02.267058
2026-08-11,2026-06-01,2026-08-11,district,KONKAN & GOA,MAHARASHTRA,MUMBAI CITY,14.0,16.6,-16.0,N,1675.8,1482.2,13.0,N,2026-08-12 07:26:02.267058
2026-08-11,2026-06-01,2026-08-11,district,KONKAN & GOA,MAHARASHTRA,MUMBAI SUBURBAN,20.8,17.7,18.0,N,2021.4,1637.8,23.0,E,2026-08-12 07:26:02.267058
2026-08-11,2026-06-01,2026-08-11,district,KONKAN & GOA,MAHARASHTRA,PALGHAR,7.0,26.2,-73.0,LD,2275.7,1608.0,42.0,E,2026-08-12 07:26:02.267058
2026-08-11,2026-06-01,2026-08-11,district,KONKAN & GOA,MAHARASHTRA,RAIGAD,17.5,31.8,-45.0,D,2430.0,2214.1,10.0,N,2026-08-12 07:26:02.267058
2026-08-11,2026-06-01,2026-08-11,district,KONKAN & GOA,MAHARASHTRA,RATNAGIRI,24.9,34.8,-29.0,D,2084.3,2344.9,-11.0,N,2026-08-12 07:26:02.267058
2026-08-11,2026-06-01,2026-08-11,district,KONKAN & GOA,MAHARASHTRA,SINDHUDURG,10.2,28.0,-63.0,LD,1416.8,2228.3,-36.0,D,2026-08-12 07:26:02.267058
2026-08-11,2026-06-01,2026-08-11,district,KONKAN & GOA,MAHARASHTRA,THANE,5.9,26.8,-78.0,LD,1794.3,1711.3,5.0,N,2026-08-12 07:26:02.267058
2026-08-11,2026-06-01,2026-08-11,district,LAKSHADWEEP,LAKSHADWEEP,LAKSHADWEEP,3.4,7.2,-53.0,D,528.4,702.4,-25.0,D,2026-08-12 07:26:02.267058
2026-08-11,2026-06-01,2026-08-11,district,MADHYA MAHARASHTRA,MAHARASHTRA,AHMEDNAGAR,0.8,3.2,-76.0,LD,206.5,241.2,-14.0,N,2026-08-12 07:26:02.267058
2026-08-11,2026-06-01,2026-08-11,district,MADHYA MAHARASHTRA,MAHARASHTRA,DHULE,0.1,4.4,-98.0,LD,346.1,346.8,0.0,N,2026-08-12 07:26:02.267058
2026-08-11,2026-06-01,2026-08-11,district,MADHYA MAHARASHTRA,MAHARASHTRA,JALGAON,0.0,6.3,-100.0,NR,435.1,384.7,13.0,N,2026-08-12 07:26:02.267058
2026-08-11,2026-06-01,2026-08-11,district,MADHYA MAHARASHTRA,MAHARASHTRA,KOLHAPUR,12.1,22.4,-46.0,D,1203.3,1260.7,-5.0,N,2026-08-12 07:26:02.267058
2026-08-11,2026-06-01,2026-08-11,district,MADHYA MAHARASHTRA,MAHARASHTRA,NANDURBAR,1.7,10.4,-84.0,LD,316.5,548.3,-42.0,D,2026-08-12 07:26:02.267058
2026-08-11,2026-06-01,2026-08-11,district,MADHYA MAHARASHTRA,MAHARASHTRA,NASHIK,3.6,9.9,-63.0,LD,1011.4,576.4,75.0,LE,2026-08-12 07:26:02.267058
2026-08-11,2026-06-01,2026-08-11,district,MADHYA MAHARASHTRA,MAHARASHTRA,PUNE,3.6,9.6,-63.0,LD,927.0,614.8,51.0,E,2026-08-12 07:26:02.267058
2026-08-11,2026-06-01,2026-08-11,district,MADHYA MAHARASHTRA,MAHARASHTRA,SANGLI,2.9,4.4,-34.0,D,274.0,294.3,-7.0,N,2026-08-12 07:26:02.267058
2026-08-11,2026-06-01,2026-08-11,district,MADHYA MAHARASHTRA,MAHARASHTRA,SATARA,6.7,9.8,-32.0,D,805.6,576.1,40.0,E,2026-08-12 07:26:02.267058
2026-08-11,2026-06-01,2026-08-11,district,MADHYA MAHARASHTRA,MAHARASHTRA,SHOLAPUR,0.9,3.5,-75.0,LD,145.5,221.7,-34.0,D,2026-08-12 07:26:02.267058
2026-08-11,2026-06-01,2026-08-11,district,MARATHWADA,MAHARASHTRA,BEED,0.5,5.6,-90.0,LD,201.6,298.4,-32.0,D,2026-08-12 07:26:02.267058
2026-08-11,2026-06-01,2026-08-11,district,MARATHWADA,MAHARASHTRA,CHHATRAPATI SAMBHAJINAGAR,0.0,5.5,-100.0,NR,391.2,322.4,21.0,E,2026-08-12 07:26:02.267058
2026-08-11,2026-06-01,2026-08-11,district,MARATHWADA,MAHARASHTRA,DHARASHIV,0.2,4.0,-94.0,LD,259.2,300.0,-14.0,N,2026-08-12 07:26:02.267058
2026-08-11,2026-06-01,2026-08-11,district,MARATHWADA,MAHARASHTRA,HINGOLI,1.2,6.4,-82.0,LD,301.0,483.0,-38.0,D,2026-08-12 07:26:02.267058
2026-08-11,2026-06-01,2026-08-11,district,MARATHWADA,MAHARASHTRA,JALNA,0.0,4.3,-100.0,NR,254.9,349.6,-27.0,D,2026-08-12 07:26:02.267058
2026-08-11,2026-06-01,2026-08-11,district,MARATHWADA,MAHARASHTRA,LATUR,0.0,6.2,-100.0,NR,306.6,370.2,-17.0,N,2026-08-12 07:26:02.267058
2026-08-11,2026-06-01,2026-08-11,district,MARATHWADA,MAHARASHTRA,NANDED,0.3,10.0,-98.0,LD,407.2,477.8,-15.0,N,2026-08-12 07:26:02.267058
2026-08-11,2026-06-01,2026-08-11,district,MARATHWADA,MAHARASHTRA,PARBHANI,0.0,7.2,-100.0,NR,338.7,404.6,-16.0,N,2026-08-12 07:26:02.267058
2026-08-11,2026-06-01,2026-08-11,district,N. I. KARNATAKA,KARNATAKA,BAGALKOTE,2.8,2.5,12.0,N,181.5,173.1,5.0,N,2026-08-12 07:26:02.267058
2026-08-11,2026-06-01,2026-08-11,district,N. I. KARNATAKA,KARNATAKA,BELAGAVI,9.5,6.2,53.0,E,484.6,387.0,25.0,E,2026-08-12 07:26:02.267058
2026-08-11,2026-06-01,2026-08-11,district,N. I. KARNATAKA,KARNATAKA,BIDAR,0.1,6.8,-99.0,LD,341.9,354.2,-3.0,N,2026-08-12 07:26:02.267058
2026-08-11,2026-06-01,2026-08-11,district,N. I. KARNATAKA,KARNATAKA,DHARWAD,3.8,5.8,-35.0,D,203.3,337.4,-40.0,D,2026-08-12 07:26:02.267058
2026-08-11,2026-06-01,2026-08-11,district,N. I. KARNATAKA,KARNATAKA,GADAG,5.3,2.5,113.0,LE,161.6,181.0,-11.0,N,2026-08-12 07:26:02.267058
2026-08-11,2026-06-01,2026-08-11,district,N. I. KARNATAKA,KARNATAKA,HAVERI,2.7,4.1,-34.0,D,218.8,327.0,-33.0,D,2026-08-12 07:26:02.267058
2026-08-11,2026-06-01,2026-08-11,district,N. I. KARNATAKA,KARNATAKA,KALABURAGI,3.5,5.4,-35.0,D,178.9,301.8,-41.0,D,2026-08-12 07:26:02.267058
2026-08-11,2026-06-01,2026-08-11,district,N. I. KARNATAKA,KARNATAKA,KOPPAL,4.4,2.3,90.0,LE,129.6,174.0,-25.0,D,2026-08-12 07:26:02.267058
2026-08-11,2026-06-01,2026-08-11,district,N. I. KARNATAKA,KARNATAKA,RAICHUR,0.7,3.2,-78.0,LD,181.4,205.2,-12.0,N,2026-08-12 07:26:02.267058
2026-08-11,2026-06-01,2026-08-11,district,N. I. KARNATAKA,KARNATAKA,VIJAYAPURA,2.1,2.3,-9.0,N,154.0,184.6,-17.0,N,2026-08-12 07:26:02.267058
2026-08-11,2026-06-01,2026-08-11,district,N. I. KARNATAKA,KARNATAKA,YADGIR,3.0,5.6,-47.0,D,244.0,266.3,-8.0,N,2026-08-12 07:26:02.267058
2026-08-11,2026-06-01,2026-08-11,district,NMMT,MANIPUR,BISHNUPUR,0.0,8.8,-100.0,NR,315.9,744.6,-58.0,D,2026-08-12 07:26:02.267058
2026-08-11,2026-06-01,2026-08-11,district,NMMT,MANIPUR,CHANDEL,0.0,8.8,-100.0,NR,394.9,744.6,-47.0,D,2026-08-12 07:26:02.267058
2026-08-11,2026-06-01,2026-08-11,district,NMMT,MANIPUR,CHURACHANDPUR,0.0,8.8,-100.0,NR,183.5,744.6,-75.0,LD,2026-08-12 07:26:02.267058
2026-08-11,2026-06-01,2026-08-11,district,NMMT,MANIPUR,IMPHAL EAST,0.0,10.2,-100.0,NR,387.4,487.7,-21.0,D,2026-08-12 07:26:02.267058
2026-08-11,2026-06-01,2026-08-11,district,NMMT,MANIPUR,IMPHAL WEST,0.5,11.8,-96.0,LD,529.8,1110.9,-52.0,D,2026-08-12 07:26:02.267058
2026-08-11,2026-06-01,2026-08-11,district,NMMT,MANIPUR,SENAPATI,0.0,7.2,-100.0,NR,477.2,515.4,-7.0,N,2026-08-12 07:26:02.267058
2026-08-11,2026-06-01,2026-08-11,district,NMMT,MANIPUR,TAMENGLONG,0.0,23.4,-100.0,NR,1350.6,2803.8,-52.0,D,2026-08-12 07:26:02.267058
2026-08-11,2026-06-01,2026-08-11,district,NMMT,MANIPUR,THOUBAL,0.0,10.2,-100.0,NR,255.9,487.7,-48.0,D,2026-08-12 07:26:02.267058
2026-08-11,2026-06-01,2026-08-11,district,NMMT,MANIPUR,UKHRUL,1.8,7.1,-75.0,LD,715.4,725.2,-1.0,N,2026-08-12 07:26:02.267058
2026-08-11,2026-06-01,2026-08-11,district,NMMT,MIZORAM,AIZAWL,8.1,14.9,-46.0,D,801.7,966.0,-17.0,N,2026-08-12 07:26:02.267058
2026-08-11,2026-06-01,2026-08-11,district,NMMT,MIZORAM,CHAMPHAI,1.5,13.4,-89.0,LD,730.9,797.2,-8.0,N,2026-08-12 07:26:02.267058
2026-08-11,2026-06-01,2026-08-11,district,NMMT,MIZORAM,KOLASIB,28.1,14.7,91.0,LE,867.7,1050.7,-17.0,N,2026-08-12 07:26:02.267058
2026-08-11,2026-06-01,2026-08-11,district,NMMT,MIZORAM,LAWNGTLAI,4.6,12.7,-64.0,LD,918.1,1076.7,-15.0,N,2026-08-12 07:26:02.267058
2026-08-11,2026-06-01,2026-08-11,district,NMMT,MIZORAM,LUNGLEI,8.3,11.7,-29.0,D,852.7,1082.0,-21.0,D,2026-08-12 07:26:02.267058
2026-08-11,2026-06-01,2026-08-11,district,NMMT,MIZORAM,MAMIT,9.3,12.5,-26.0,D,526.5,943.3,-44.0,D,2026-08-12 07:26:02.267058
2026-08-11,2026-06-01,2026-08-11,district,NMMT,MIZORAM,SAIHA,15.6,11.2,39.0,E,824.3,1100.2,-25.0,D,2026-08-12 07:26:02.267058
2026-08-11,2026-06-01,2026-08-11,district,NMMT,MIZORAM,SERCHHIP,3.6,10.7,-66.0,LD,933.2,951.4,-2.0,N,2026-08-12 07:26:02.267058
2026-08-11,2026-06-01,2026-08-11,district,NMMT,NAGALAND,DIMAPUR,0.0,6.0,-100.0,NR,483.1,515.8,-6.0,N,2026-08-12 07:26:02.267058
2026-08-11,2026-06-01,2026-08-11,district,NMMT,NAGALAND,KIPHIRE,2.0,5.0,-61.0,LD,524.2,380.2,38.0,E,2026-08-12 07:26:02.267058
2026-08-11,2026-06-01,2026-08-11,district,NMMT,NAGALAND,KOHIMA,7.2,9.7,-26.0,D,737.2,742.2,-1.0,N,2026-08-12 07:26:02.267058
2026-08-11,2026-06-01,2026-08-11,district,NMMT,NAGALAND,MOKOKCHUNG,0.3,8.8,-96.0,LD,1057.8,897.7,18.0,N,2026-08-12 07:26:02.267058
2026-08-11,2026-06-01,2026-08-11,district,NMMT,NAGALAND,MON,7.6,6.0,27.0,E,463.1,711.9,-35.0,D,2026-08-12 07:26:02.267058
2026-08-11,2026-06-01,2026-08-11,district,NMMT,NAGALAND,PEREN,2.2,6.1,-64.0,LD,546.3,548.4,0.0,N,2026-08-12 07:26:02.267058
2026-08-11,2026-06-01,2026-08-11,district,NMMT,NAGALAND,PHEK,1.6,7.1,-77.0,LD,471.7,533.0,-12.0,N,2026-08-12 07:26:02.267058
2026-08-11,2026-06-01,2026-08-11,district,NMMT,NAGALAND,WOKHA,1.8,8.8,-79.0,LD,808.6,778.1,4.0,N,2026-08-12 07:26:02.267058
2026-08-11,2026-06-01,2026-08-11,district,NMMT,NAGALAND,ZUNHEBOTO,2.2,9.8,-78.0,LD,1080.0,695.5,55.0,E,2026-08-12 07:26:02.267058
2026-08-11,2026-06-01,2026-08-11,district,NMMT,TRIPURA,DHALAI,20.9,7.8,168.0,LE,816.5,860.7,-5.0,N,2026-08-12 07:26:02.267058
2026-08-11,2026-06-01,2026-08-11,district,NMMT,TRIPURA,GOMATI,26.7,9.6,178.0,LE,714.6,942.9,-24.0,D,2026-08-12 07:26:02.267058
2026-08-11,2026-06-01,2026-08-11,district,NMMT,TRIPURA,KHOWAI,32.9,13.5,144.0,LE,818.0,863.4,-5.0,N,2026-08-12 07:26:02.267058
2026-08-11,2026-06-01,2026-08-11,district,NMMT,TRIPURA,NORTH TRIPURA,8.0,12.6,-37.0,D,727.4,879.5,-17.0,N,2026-08-12 07:26:02.267058
2026-08-11,2026-06-01,2026-08-11,district,NMMT,TRIPURA,SIPAHIJALA,58.7,9.7,505.0,LE,804.5,883.2,-9.0,N,2026-08-12 07:26:02.267058
2026-08-11,2026-06-01,2026-08-11,district,NMMT,TRIPURA,SOUTH TRIPURA,35.5,18.4,93.0,LE,797.4,1155.0,-31.0,D,2026-08-12 07:26:02.267058
2026-08-11,2026-06-01,2026-08-11,district,NMMT,TRIPURA,UNAKOTI,14.4,11.0,31.0,E,903.3,926.7,-3.0,N,2026-08-12 07:26:02.267058
2026-08-11,2026-06-01,2026-08-11,district,NMMT,TRIPURA,WEST TRIPURA,45.5,9.9,359.0,LE,881.6,801.6,10.0,N,2026-08-12 07:26:02.267058
2026-08-11,2026-06-01,2026-08-11,district,ODISHA,ODISHA,ANGUL,9.3,9.1,3.0,N,970.9,673.7,44.0,E,2026-08-12 07:26:02.267058
2026-08-11,2026-06-01,2026-08-11,district,ODISHA,ODISHA,BALANGIR,8.4,7.9,6.0,N,1043.7,655.7,59.0,E,2026-08-12 07:26:02.267058
2026-08-11,2026-06-01,2026-08-11,district,ODISHA,ODISHA,BALASORE,5.6,10.5,-47.0,D,998.2,690.0,45.0,E,2026-08-12 07:26:02.267058
2026-08-11,2026-06-01,2026-08-11,district,ODISHA,ODISHA,BARGARH,4.9,10.1,-51.0,D,1346.2,733.8,83.0,LE,2026-08-12 07:26:02.267058
2026-08-11,2026-06-01,2026-08-11,district,ODISHA,ODISHA,BHADRAK,15.7,8.3,89.0,LE,915.1,625.3,46.0,E,2026-08-12 07:26:02.267058
2026-08-11,2026-06-01,2026-08-11,district,ODISHA,ODISHA,BOUDH,0.3,6.9,-96.0,LD,1396.3,614.8,127.0,LE,2026-08-12 07:26:02.267058
2026-08-11,2026-06-01,2026-08-11,district,ODISHA,ODISHA,CUTTACK,27.1,9.5,186.0,LE,1067.0,659.6,62.0,LE,2026-08-12 07:26:02.267058
2026-08-11,2026-06-01,2026-08-11,district,ODISHA,ODISHA,DEOGARH,29.9,8.8,239.0,LE,976.8,696.4,40.0,E,2026-08-12 07:26:02.267058
2026-08-11,2026-06-01,2026-08-11,district,ODISHA,ODISHA,DHENKANAL,19.7,8.7,127.0,LE,1101.3,655.4,68.0,LE,2026-08-12 07:26:02.267058
2026-08-11,2026-06-01,2026-08-11,district,ODISHA,ODISHA,GAJAPATI,3.3,5.6,-42.0,D,368.2,526.4,-30.0,D,2026-08-12 07:26:02.267058
2026-08-11,2026-06-01,2026-08-11,district,ODISHA,ODISHA,GANJAM,5.8,6.5,-10.0,N,474.3,502.7,-6.0,N,2026-08-12 07:26:02.267058
2026-08-11,2026-06-01,2026-08-11,district,ODISHA,ODISHA,JAGATSINGHPUR,19.4,8.0,142.0,LE,893.0,595.5,50.0,E,2026-08-12 07:26:02.267058
2026-08-11,2026-06-01,2026-08-11,district,ODISHA,ODISHA,JAJPUR,7.8,11.3,-31.0,D,953.3,719.0,33.0,E,2026-08-12 07:26:02.267058
2026-08-11,2026-06-01,2026-08-11,district,ODISHA,ODISHA,JHARSUGUDA,12.0,11.0,9.0,N,836.0,730.1,15.0,N,2026-08-12 07:26:02.267058
2026-08-11,2026-06-01,2026-08-11,district,ODISHA,ODISHA,KALAHANDI,2.6,15.1,-83.0,LD,706.2,856.4,-18.0,N,2026-08-12 07:26:02.267058
2026-08-11,2026-06-01,2026-08-11,district,ODISHA,ODISHA,KANDHAMAL,4.8,9.6,-50.0,D,934.6,662.9,41.0,E,2026-08-12 07:26:02.267058
2026-08-11,2026-06-01,2026-08-11,district,ODISHA,ODISHA,KENDRAPARA,16.4,9.7,69.0,LE,1075.3,633.4,70.0,LE,2026-08-12 07:26:02.267058
2026-08-11,2026-06-01,2026-08-11,district,ODISHA,ODISHA,KEONJHARGARH,24.8,9.3,166.0,LE,1019.9,681.2,50.0,E,2026-08-12 07:26:02.267058
2026-08-11,2026-06-01,2026-08-11,district,ODISHA,ODISHA,KHURDA,16.2,9.4,73.0,LE,854.8,625.5,37.0,E,2026-08-12 07:26:02.267058
2026-08-11,2026-06-01,2026-08-11,district,ODISHA,ODISHA,KORAPUT,1.9,10.3,-82.0,LD,674.4,747.8,-10.0,N,2026-08-12 07:26:02.267058
2026-08-11,2026-06-01,2026-08-11,district,ODISHA,ODISHA,MALKANGIRI,3.4,15.7,-78.0,LD,601.5,768.1,-22.0,D,2026-08-12 07:26:02.267058
2026-08-11,2026-06-01,2026-08-11,district,ODISHA,ODISHA,MAYURBHANJ,8.4,9.4,-10.0,N,815.4,722.7,13.0,N,2026-08-12 07:26:02.267058
2026-08-11,2026-06-01,2026-08-11,district,ODISHA,ODISHA,NAWAPARA,5.2,7.6,-32.0,D,845.7,611.3,38.0,E,2026-08-12 07:26:02.267058
2026-08-11,2026-06-01,2026-08-11,district,ODISHA,ODISHA,NAWARANGPUR,1.1,11.1,-90.0,LD,595.0,831.0,-28.0,D,2026-08-12 07:26:02.267058
2026-08-11,2026-06-01,2026-08-11,district,ODISHA,ODISHA,NAYAGARH,9.3,8.4,11.0,N,868.6,637.1,36.0,E,2026-08-12 07:26:02.267058
2026-08-11,2026-06-01,2026-08-11,district,ODISHA,ODISHA,PURI,18.9,8.5,122.0,LE,883.8,572.7,54.0,E,2026-08-12 07:26:02.267058
2026-08-11,2026-06-01,2026-08-11,district,ODISHA,ODISHA,RAYAGADA,9.0,9.0,0.0,N,516.6,591.4,-13.0,N,2026-08-12 07:26:02.267058
2026-08-11,2026-06-01,2026-08-11,district,ODISHA,ODISHA,SAMBALPUR,12.6,10.9,16.0,N,1125.6,776.1,45.0,E,2026-08-12 07:26:02.267058
2026-08-11,2026-06-01,2026-08-11,district,ODISHA,ODISHA,SONEPUR,0.2,11.2,-99.0,LD,1437.6,709.8,103.0,LE,2026-08-12 07:26:02.267058
2026-08-11,2026-06-01,2026-08-11,district,ODISHA,ODISHA,SUNDARGARH,26.3,11.0,139.0,LE,832.6,737.2,13.0,N,2026-08-12 07:26:02.267058
2026-08-11,2026-06-01,2026-08-11,district,PUNJAB,PUNJAB,AMRITSAR,8.2,3.7,121.0,LE,298.7,294.3,2.0,N,2026-08-12 07:26:02.267058
2026-08-11,2026-06-01,2026-08-11,district,PUNJAB,PUNJAB,BARNALA,0.1,3.6,-97.0,LD,103.5,240.6,-57.0,D,2026-08-12 07:26:02.267058
2026-08-11,2026-06-01,2026-08-11,district,PUNJAB,PUNJAB,BHATINDA,12.4,2.6,377.0,LE,117.4,199.0,-41.0,D,2026-08-12 07:26:02.267058
2026-08-11,2026-06-01,2026-08-11,district,PUNJAB,PUNJAB,FARIDKOT,2.9,3.0,-3.0,N,210.5,195.7,8.0,N,2026-08-12 07:26:02.267058
2026-08-11,2026-06-01,2026-08-11,district,PUNJAB,PUNJAB,FATEHGARH SAHIB,0.0,4.4,-100.0,NR,96.2,309.8,-69.0,LD,2026-08-12 07:26:02.267058
2026-08-11,2026-06-01,2026-08-11,district,PUNJAB,PUNJAB,FAZILKA,0.0,5.2,-100.0,NR,106.3,174.6,-39.0,D,2026-08-12 07:26:02.267058
2026-08-11,2026-06-01,2026-08-11,district,PUNJAB,PUNJAB,FEROZEPUR,0.8,1.1,-32.0,D,120.9,162.8,-26.0,D,2026-08-12 07:26:02.267058
2026-08-11,2026-06-01,2026-08-11,district,PUNJAB,PUNJAB,GURDASPUR,0.5,5.0,-89.0,LD,488.6,404.9,21.0,E,2026-08-12 07:26:02.267058
2026-08-11,2026-06-01,2026-08-11,district,PUNJAB,PUNJAB,HOSHIARPUR,0.0,5.2,-100.0,NR,128.5,396.5,-68.0,LD,2026-08-12 07:26:02.267058
2026-08-11,2026-06-01,2026-08-11,district,PUNJAB,PUNJAB,JALANDHAR,0.0,5.3,-100.0,NR,217.7,336.1,-35.0,D,2026-08-12 07:26:02.267058
2026-08-11,2026-06-01,2026-08-11,district,PUNJAB,PUNJAB,KAPURTHALA,1.5,4.8,-69.0,LD,127.1,281.7,-55.0,D,2026-08-12 07:26:02.267058
2026-08-11,2026-06-01,2026-08-11,district,PUNJAB,PUNJAB,LUDHIANA,0.0,4.4,-99.0,LD,190.2,289.5,-34.0,D,2026-08-12 07:26:02.267058
2026-08-11,2026-06-01,2026-08-11,district,PUNJAB,PUNJAB,MANSA,0.0,2.0,-100.0,NR,53.8,180.0,-70.0,LD,2026-08-12 07:26:02.267058
2026-08-11,2026-06-01,2026-08-11,district,PUNJAB,PUNJAB,MOGA,3.0,3.2,-6.0,N,139.9,184.1,-24.0,D,2026-08-12 07:26:02.267058
2026-08-11,2026-06-01,2026-08-11,district,PUNJAB,PUNJAB,MUKTSAR,0.0,1.1,-100.0,NR,90.8,208.7,-56.0,D,2026-08-12 07:26:02.267058
2026-08-11,2026-06-01,2026-08-11,district,PUNJAB,PUNJAB,PATHANKOT,84.5,12.3,587.0,LE,768.0,612.6,25.0,E,2026-08-12 07:26:02.267058
2026-08-11,2026-06-01,2026-08-11,district,PUNJAB,PUNJAB,PATIALA,0.0,4.2,-99.0,LD,195.4,337.3,-42.0,D,2026-08-12 07:26:02.267058
2026-08-11,2026-06-01,2026-08-11,district,PUNJAB,PUNJAB,RUPNAGAR,0.0,7.5,-99.0,LD,317.8,497.0,-36.0,D,2026-08-12 07:26:02.267058
2026-08-11,2026-06-01,2026-08-11,district,PUNJAB,PUNJAB,SANGRUR,2.7,2.2,23.0,E,125.5,243.6,-48.0,D,2026-08-12 07:26:02.267058
2026-08-11,2026-06-01,2026-08-11,district,PUNJAB,PUNJAB,SAS NAGAR (MOHALI),0.0,6.4,-100.0,NR,176.8,390.8,-55.0,D,2026-08-12 07:26:02.267058
2026-08-11,2026-06-01,2026-08-11,district,PUNJAB,PUNJAB,SBS NAGAR,0.0,3.3,-100.0,NR,242.8,485.6,-50.0,D,2026-08-12 07:26:02.267058
2026-08-11,2026-06-01,2026-08-11,district,PUNJAB,PUNJAB,TARN TARAN,0.0,1.8,-100.0,NR,113.6,174.3,-35.0,D,2026-08-12 07:26:02.267058
2026-08-11,2026-06-01,2026-08-11,district,RAYALASEEMA,ANDHRA PRADESH,ANANTAPURAMU,0.2,2.1,-88.0,LD,134.2,148.4,-10.0,N,2026-08-12 07:26:02.267058
2026-08-11,2026-06-01,2026-08-11,district,RAYALASEEMA,ANDHRA PRADESH,ANNAMAYYA DISTRICT,0.4,2.4,-84.0,LD,77.1,188.8,-59.0,D,2026-08-12 07:26:02.267058
2026-08-11,2026-06-01,2026-08-11,district,RAYALASEEMA,ANDHRA PRADESH,CHITTOOR,1.9,1.6,19.0,N,109.2,216.6,-50.0,D,2026-08-12 07:26:02.267058
2026-08-11,2026-06-01,2026-08-11,district,RAYALASEEMA,ANDHRA PRADESH,KURNOOL,1.1,3.5,-69.0,LD,178.0,223.2,-20.0,D,2026-08-12 07:26:02.267058
2026-08-11,2026-06-01,2026-08-11,district,RAYALASEEMA,ANDHRA PRADESH,NANDYAL,1.2,3.7,-68.0,LD,185.2,266.8,-31.0,D,2026-08-12 07:26:02.267058
2026-08-11,2026-06-01,2026-08-11,district,RAYALASEEMA,ANDHRA PRADESH,SRI SATHYASAI DISTRICT,0.1,2.0,-94.0,LD,96.7,143.9,-33.0,D,2026-08-12 07:26:02.267058
2026-08-11,2026-06-01,2026-08-11,district,RAYALASEEMA,ANDHRA PRADESH,TIRUPATI,7.7,2.9,166.0,LE,163.8,228.9,-28.0,D,2026-08-12 07:26:02.267058
2026-08-11,2026-06-01,2026-08-11,district,RAYALASEEMA,ANDHRA PRADESH,YSR DISTRICT,0.9,2.5,-64.0,LD,131.6,196.0,-33.0,D,2026-08-12 07:26:02.267058
2026-08-11,2026-06-01,2026-08-11,district,S. I. KARNATAKA,KARNATAKA,BALLARI,5.4,2.4,123.0,LE,106.2,166.6,-36.0,D,2026-08-12 07:26:02.267058
2026-08-11,2026-06-01,2026-08-11,district,S. I. KARNATAKA,KARNATAKA,BENGALURU RURAL,8.2,2.7,204.0,LE,170.6,190.9,-11.0,N,2026-08-12 07:26:02.267058
2026-08-11,2026-06-01,2026-08-11,district,S. I. KARNATAKA,KARNATAKA,BENGALURU URBAN,3.6,3.1,15.0,N,98.9,194.9,-49.0,D,2026-08-12 07:26:02.267058
2026-08-11,2026-06-01,2026-08-11,district,S. I. KARNATAKA,KARNATAKA,CHAMARAJANAGAR,0.0,2.6,-100.0,NR,118.5,159.9,-26.0,D,2026-08-12 07:26:02.267058
2026-08-11,2026-06-01,2026-08-11,district,S. I. KARNATAKA,KARNATAKA,CHIKABALLAPURA,2.7,3.2,-16.0,N,141.3,187.2,-25.0,D,2026-08-12 07:26:02.267058
2026-08-11,2026-06-01,2026-08-11,district,S. I. KARNATAKA,KARNATAKA,CHIKKAMAGALURU,9.4,17.5,-46.0,D,1071.2,1088.2,-2.0,N,2026-08-12 07:26:02.267058
2026-08-11,2026-06-01,2026-08-11,district,S. I. KARNATAKA,KARNATAKA,CHITRADURGA,1.6,1.6,0.0,N,113.8,137.7,-17.0,N,2026-08-12 07:26:02.267058
2026-08-11,2026-06-01,2026-08-11,district,S. I. KARNATAKA,KARNATAKA,DAVANGERE,2.6,2.7,-4.0,N,193.5,212.1,-9.0,N,2026-08-12 07:26:02.267058
2026-08-11,2026-06-01,2026-08-11,district,S. I. KARNATAKA,KARNATAKA,HASSAN,0.2,5.4,-96.0,LD,173.7,445.7,-61.0,LD,2026-08-12 07:26:02.267058
2026-08-11,2026-06-01,2026-08-11,district,S. I. KARNATAKA,KARNATAKA,KODAGU,10.2,22.8,-55.0,D,1260.6,1677.3,-25.0,D,2026-08-12 07:26:02.267058
2026-08-11,2026-06-01,2026-08-11,district,S. I. KARNATAKA,KARNATAKA,KOLAR,5.0,2.0,150.0,LE,105.0,183.5,-43.0,D,2026-08-12 07:26:02.267058
2026-08-11,2026-06-01,2026-08-11,district,S. I. KARNATAKA,KARNATAKA,MANDYA,0.9,2.0,-55.0,D,82.9,129.2,-36.0,D,2026-08-12 07:26:02.267058
2026-08-11,2026-06-01,2026-08-11,district,S. I. KARNATAKA,KARNATAKA,MYSURU,2.5,2.1,19.0,N,111.2,210.2,-47.0,D,2026-08-12 07:26:02.267058
2026-08-11,2026-06-01,2026-08-11,district,S. I. KARNATAKA,KARNATAKA,SHIVAMOGGA,6.0,18.4,-68.0,LD,1218.9,1207.9,1.0,N,2026-08-12 07:26:02.267058
2026-08-11,2026-06-01,2026-08-11,district,S. I. KARNATAKA,KARNATAKA,TUMAKURU,2.6,2.2,19.0,N,102.2,163.3,-37.0,D,2026-08-12 07:26:02.267058
2026-08-11,2026-06-01,2026-08-11,district,S. I. KARNATAKA,KARNATAKA,VIJAYANAGARA,0.0,2.4,-100.0,NR,97.6,185.3,-47.0,D,2026-08-12 07:26:02.267058
2026-08-11,2026-06-01,2026-08-11,district,SAURASHTRA & KUTCH,DADRA & NAGAR HAVELI AND DAMAN & DIU (UT),DIU,0.0,8.8,-100.0,NR,618.2,550.3,12.0,N,2026-08-12 07:26:02.267058
2026-08-11,2026-06-01,2026-08-11,district,SAURASHTRA & KUTCH,GUJARAT,AMRELI,2.5,6.4,-61.0,LD,487.7,388.7,25.0,E,2026-08-12 07:26:02.267058
2026-08-11,2026-06-01,2026-08-11,district,SAURASHTRA & KUTCH,GUJARAT,BHAVNAGAR,4.5,4.7,-4.0,N,457.9,373.8,23.0,E,2026-08-12 07:26:02.267058
2026-08-11,2026-06-01,2026-08-11,district,SAURASHTRA & KUTCH,GUJARAT,BOTAD,0.2,7.2,-97.0,LD,417.9,362.5,15.0,N,2026-08-12 07:26:02.267058
2026-08-11,2026-06-01,2026-08-11,district,SAURASHTRA & KUTCH,GUJARAT,DEVBHOOMI DWARKA,0.2,7.0,-97.0,LD,56.3,394.4,-86.0,LD,2026-08-12 07:26:02.267058
2026-08-11,2026-06-01,2026-08-11,district,SAURASHTRA & KUTCH,GUJARAT,GIR SOMNATH,0.4,9.0,-95.0,LD,456.5,649.7,-30.0,D,2026-08-12 07:26:02.267058
2026-08-11,2026-06-01,2026-08-11,district,SAURASHTRA & KUTCH,GUJARAT,JAMNAGAR,0.2,11.6,-99.0,LD,213.5,443.5,-52.0,D,2026-08-12 07:26:02.267058
2026-08-11,2026-06-01,2026-08-11,district,SAURASHTRA & KUTCH,GUJARAT,JUNAGADH,0.9,6.9,-87.0,LD,584.1,641.0,-9.0,N,2026-08-12 07:26:02.267058
2026-08-11,2026-06-01,2026-08-11,district,SAURASHTRA & KUTCH,GUJARAT,KUTCH,0.0,9.6,-100.0,NR,135.5,262.8,-48.0,D,2026-08-12 07:26:02.267058
2026-08-11,2026-06-01,2026-08-11,district,SAURASHTRA & KUTCH,GUJARAT,MORBI,0.0,12.3,-100.0,NR,460.2,371.9,24.0,E,2026-08-12 07:26:02.267058
2026-08-11,2026-06-01,2026-08-11,district,SAURASHTRA & KUTCH,GUJARAT,PORBANDAR,0.0,6.3,-100.0,NR,156.1,495.2,-68.0,LD,2026-08-12 07:26:02.267058
2026-08-11,2026-06-01,2026-08-11,district,SAURASHTRA & KUTCH,GUJARAT,RAJKOT,0.3,7.3,-96.0,LD,349.6,436.4,-20.0,D,2026-08-12 07:26:02.267058
2026-08-11,2026-06-01,2026-08-11,district,SAURASHTRA & KUTCH,GUJARAT,SURENDRANAGAR,0.0,8.1,-100.0,NR,471.7,337.1,40.0,E,2026-08-12 07:26:02.267058
2026-08-11,2026-06-01,2026-08-11,district,SHWB & SIKKIM,SIKKIM,GANGTOK,1.5,14.7,-90.0,LD,1328.4,1402.5,-5.0,N,2026-08-12 07:26:02.267058
2026-08-11,2026-06-01,2026-08-11,district,SHWB & SIKKIM,SIKKIM,GYALSHING,0.4,11.6,-97.0,LD,1550.1,1125.9,38.0,E,2026-08-12 07:26:02.267058
2026-08-11,2026-06-01,2026-08-11,district,SHWB & SIKKIM,SIKKIM,MANGAN,3.8,13.9,-73.0,LD,907.5,989.5,-8.0,N,2026-08-12 07:26:02.267058
2026-08-11,2026-06-01,2026-08-11,district,SHWB & SIKKIM,SIKKIM,NAMCHI,0.0,9.3,-100.0,NR,1373.1,1031.5,33.0,E,2026-08-12 07:26:02.267058
2026-08-11,2026-06-01,2026-08-11,district,SHWB & SIKKIM,SIKKIM,Pakyong,0.4,13.8,-97.0,LD,1132.0,1033.4,10.0,N,2026-08-12 07:26:02.267058
2026-08-11,2026-06-01,2026-08-11,district,SHWB & SIKKIM,SIKKIM,Soreng,0.0,11.6,-100.0,NR,1635.0,1125.9,45.0,E,2026-08-12 07:26:02.267058
2026-08-11,2026-06-01,2026-08-11,district,SHWB & SIKKIM,WEST BENGAL,ALIPURDUAR,0.0,26.7,-100.0,NR,2026.3,1976.9,2.0,N,2026-08-12 07:26:02.267058
2026-08-11,2026-06-01,2026-08-11,district,SHWB & SIKKIM,WEST BENGAL,COOCH BEHAR,0.0,23.5,-100.0,NR,1595.7,1500.1,6.0,N,2026-08-12 07:26:02.267058
2026-08-11,2026-06-01,2026-08-11,district,SHWB & SIKKIM,WEST BENGAL,DARJEELING,0.1,24.0,-99.0,LD,1601.8,1763.2,-9.0,N,2026-08-12 07:26:02.267058
2026-08-11,2026-06-01,2026-08-11,district,SHWB & SIKKIM,WEST BENGAL,JALPAIGURI,0.0,23.2,-99.0,LD,1627.2,1908.3,-15.0,N,2026-08-12 07:26:02.267058
2026-08-11,2026-06-01,2026-08-11,district,SHWB & SIKKIM,WEST BENGAL,KALIMPONG,0.0,19.1,-100.0,NR,1332.8,1564.5,-15.0,N,2026-08-12 07:26:02.267058
2026-08-11,2026-06-01,2026-08-11,district,SHWB & SIKKIM,WEST BENGAL,MALDA,4.0,7.8,-49.0,D,551.4,664.1,-17.0,N,2026-08-12 07:26:02.267058
2026-08-11,2026-06-01,2026-08-11,district,SHWB & SIKKIM,WEST BENGAL,NORTH DINAJPUR,0.0,10.5,-100.0,NR,717.2,877.2,-18.0,N,2026-08-12 07:26:02.267058
2026-08-11,2026-06-01,2026-08-11,district,SHWB & SIKKIM,WEST BENGAL,SOUTH DINAJPUR,6.0,6.5,-8.0,N,630.1,645.5,-2.0,N,2026-08-12 07:26:02.267058
2026-08-11,2026-06-01,2026-08-11,district,TAMIL. PUDU.& KARAIKAL,PUDUCHERRY (UT),KARAIKAL,1.9,1.9,0.0,N,182.9,125.8,45.0,E,2026-08-12 07:26:02.267058
2026-08-11,2026-06-01,2026-08-11,district,TAMIL. PUDU.& KARAIKAL,PUDUCHERRY (UT),PUDUCHERRY,10.2,4.1,149.0,LE,81.0,167.1,-52.0,D,2026-08-12 07:26:02.267058
2026-08-11,2026-06-01,2026-08-11,district,TAMIL. PUDU.& KARAIKAL,TAMILNADU,ARIYALUR,33.0,2.2,1400.0,LE,153.1,118.5,29.0,E,2026-08-12 07:26:02.267058
2026-08-11,2026-06-01,2026-08-11,district,TAMIL. PUDU.& KARAIKAL,TAMILNADU,CHENGALPATTU,9.8,4.7,108.0,LE,79.0,188.5,-58.0,D,2026-08-12 07:26:02.267058
2026-08-11,2026-06-01,2026-08-11,district,TAMIL. PUDU.& KARAIKAL,TAMILNADU,CHENNAI,17.3,4.2,312.0,LE,219.2,218.3,0.0,N,2026-08-12 07:26:02.267058
2026-08-11,2026-06-01,2026-08-11,district,TAMIL. PUDU.& KARAIKAL,TAMILNADU,COIMBATORE,2.4,7.5,-69.0,LD,504.1,462.8,9.0,N,2026-08-12 07:26:02.267058
2026-08-11,2026-06-01,2026-08-11,district,TAMIL. PUDU.& KARAIKAL,TAMILNADU,CUDDALORE,7.5,2.5,201.0,LE,160.2,149.1,7.0,N,2026-08-12 07:26:02.267058
2026-08-11,2026-06-01,2026-08-11,district,TAMIL. PUDU.& KARAIKAL,TAMILNADU,DHARMAPURI,11.1,1.1,905.0,LE,124.4,141.9,-12.0,N,2026-08-12 07:26:02.267058
2026-08-11,2026-06-01,2026-08-11,district,TAMIL. PUDU.& KARAIKAL,TAMILNADU,DINDIGUL,0.0,1.7,-100.0,NR,82.6,110.3,-25.0,D,2026-08-12 07:26:02.267058
2026-08-11,2026-06-01,2026-08-11,district,TAMIL. PUDU.& KARAIKAL,TAMILNADU,ERODE,4.9,2.0,143.0,LE,84.8,109.5,-23.0,D,2026-08-12 07:26:02.267058
2026-08-11,2026-06-01,2026-08-11,district,TAMIL. PUDU.& KARAIKAL,TAMILNADU,KALLAKURICHI,18.9,3.3,474.0,LE,134.0,161.7,-17.0,N,2026-08-12 07:26:02.267058
2026-08-11,2026-06-01,2026-08-11,district,TAMIL. PUDU.& KARAIKAL,TAMILNADU,KANCHEEPURAM,12.9,5.0,159.0,LE,167.4,218.6,-23.0,D,2026-08-12 07:26:02.267058
2026-08-11,2026-06-01,2026-08-11,district,TAMIL. PUDU.& KARAIKAL,TAMILNADU,KANYAKUMARI,0.0,3.2,-100.0,NR,357.9,318.7,12.0,N,2026-08-12 07:26:02.267058
2026-08-11,2026-06-01,2026-08-11,district,TAMIL. PUDU.& KARAIKAL,TAMILNADU,KARUR,0.0,1.8,-100.0,NR,35.6,59.1,-40.0,D,2026-08-12 07:26:02.267058
2026-08-11,2026-06-01,2026-08-11,district,TAMIL. PUDU.& KARAIKAL,TAMILNADU,KRISHNAGIRI,3.0,1.8,66.0,LE,109.2,131.0,-17.0,N,2026-08-12 07:26:02.267058
2026-08-11,2026-06-01,2026-08-11,district,TAMIL. PUDU.& KARAIKAL,TAMILNADU,MADURAI,1.2,2.4,-50.0,D,80.5,115.0,-30.0,D,2026-08-12 07:26:02.267058
2026-08-11,2026-06-01,2026-08-11,district,TAMIL. PUDU.& KARAIKAL,TAMILNADU,MAYILADUTHURAI,6.0,3.2,88.0,LE,99.6,123.1,-19.0,N,2026-08-12 07:26:02.267058
2026-08-11,2026-06-01,2026-08-11,district,TAMIL. PUDU.& KARAIKAL,TAMILNADU,NAGAPATTINAM,0.0,1.9,-100.0,NR,45.2,100.5,-55.0,D,2026-08-12 07:26:02.267058
2026-08-11,2026-06-01,2026-08-11,district,TAMIL. PUDU.& KARAIKAL,TAMILNADU,NAMAKKAL,3.4,3.7,-9.0,N,51.9,126.7,-59.0,D,2026-08-12 07:26:02.267058
2026-08-11,2026-06-01,2026-08-11,district,TAMIL. PUDU.& KARAIKAL,TAMILNADU,NILGIRIS,3.8,7.9,-52.0,D,381.3,533.7,-29.0,D,2026-08-12 07:26:02.267058
2026-08-11,2026-06-01,2026-08-11,district,TAMIL. PUDU.& KARAIKAL,TAMILNADU,PERAMBALUR,14.6,0.9,1526.0,LE,117.9,87.3,35.0,E,2026-08-12 07:26:02.267058
2026-08-11,2026-06-01,2026-08-11,district,TAMIL. PUDU.& KARAIKAL,TAMILNADU,PUDUKKOTTAI,1.0,2.3,-55.0,D,116.3,116.5,0.0,N,2026-08-12 07:26:02.267058
2026-08-11,2026-06-01,2026-08-11,district,TAMIL. PUDU.& KARAIKAL,TAMILNADU,RAMANATHAPURAM,2.1,1.1,90.0,LE,19.4,49.3,-61.0,LD,2026-08-12 07:26:02.267058
2026-08-11,2026-06-01,2026-08-11,district,TAMIL. PUDU.& KARAIKAL,TAMILNADU,RANIPET,5.2,4.1,26.0,E,180.8,218.2,-17.0,N,2026-08-12 07:26:02.267058
2026-08-11,2026-06-01,2026-08-11,district,TAMIL. PUDU.& KARAIKAL,TAMILNADU,SALEM,6.7,3.6,86.0,LE,118.6,165.7,-28.0,D,2026-08-12 07:26:02.267058
2026-08-11,2026-06-01,2026-08-11,district,TAMIL. PUDU.& KARAIKAL,TAMILNADU,SIVAGANGA,11.4,1.6,614.0,LE,129.2,145.8,-11.0,N,2026-08-12 07:26:02.267058
2026-08-11,2026-06-01,2026-08-11,district,TAMIL. PUDU.& KARAIKAL,TAMILNADU,TENKASI,1.5,1.4,4.0,N,161.8,102.7,58.0,E,2026-08-12 07:26:02.267058
2026-08-11,2026-06-01,2026-08-11,district,TAMIL. PUDU.& KARAIKAL,TAMILNADU,THANJAVUR,3.4,2.0,69.0,LE,97.5,115.7,-16.0,N,2026-08-12 07:26:02.267058
2026-08-11,2026-06-01,2026-08-11,district,TAMIL. PUDU.& KARAIKAL,TAMILNADU,THENI,1.7,2.3,-25.0,D,141.8,101.9,39.0,E,2026-08-12 07:26:02.267058
2026-08-11,2026-06-01,2026-08-11,district,TAMIL. PUDU.& KARAIKAL,TAMILNADU,THIRUCHIRAPALLI,0.4,1.4,-70.0,LD,72.6,91.5,-21.0,D,2026-08-12 07:26:02.267058
2026-08-11,2026-06-01,2026-08-11,district,TAMIL. PUDU.& KARAIKAL,TAMILNADU,THIRUVALLUR,16.6,5.4,208.0,LE,198.0,219.7,-10.0,N,2026-08-12 07:26:02.267058
2026-08-11,2026-06-01,2026-08-11,district,TAMIL. PUDU.& KARAIKAL,TAMILNADU,THOOTHUKUDI,0.0,0.2,-100.0,NR,9.7,19.7,-51.0,D,2026-08-12 07:26:02.267058
2026-08-11,2026-06-01,2026-08-11,district,TAMIL. PUDU.& KARAIKAL,TAMILNADU,TIRUNELVELI,0.0,0.5,-100.0,NR,349.3,45.5,668.0,LE,2026-08-12 07:26:02.267058
2026-08-11,2026-06-01,2026-08-11,district,TAMIL. PUDU.& KARAIKAL,TAMILNADU,TIRUPATTUR,0.0,2.1,-100.0,NR,83.5,178.2,-53.0,D,2026-08-12 07:26:02.267058
2026-08-11,2026-06-01,2026-08-11,district,TAMIL. PUDU.& KARAIKAL,TAMILNADU,TIRUPPUR,0.0,0.9,-100.0,NR,24.1,51.1,-53.0,D,2026-08-12 07:26:02.267058
2026-08-11,2026-06-01,2026-08-11,district,TAMIL. PUDU.& KARAIKAL,TAMILNADU,TIRUVANNAMALAI,9.1,4.7,94.0,LE,133.4,191.6,-30.0,D,2026-08-12 07:26:02.267058
2026-08-11,2026-06-01,2026-08-11,district,TAMIL. PUDU.& KARAIKAL,TAMILNADU,TIRUVARUR,5.3,1.8,196.0,LE,114.7,115.6,-1.0,N,2026-08-12 07:26:02.267058
2026-08-11,2026-06-01,2026-08-11,district,TAMIL. PUDU.& KARAIKAL,TAMILNADU,VELLORE,0.7,2.5,-71.0,LD,131.8,196.3,-33.0,D,2026-08-12 07:26:02.267058
2026-08-11,2026-06-01,2026-08-11,district,TAMIL. PUDU.& KARAIKAL,TAMILNADU,VILLUPURAM,28.5,4.2,579.0,LE,143.1,173.5,-17.0,N,2026-08-12 07:26:02.267058
2026-08-11,2026-06-01,2026-08-11,district,TAMIL. PUDU.& KARAIKAL,TAMILNADU,VIRUDHUNAGAR,8.3,1.6,417.0,LE,70.5,67.8,4.0,N,2026-08-12 07:26:02.267058
2026-08-11,2026-06-01,2026-08-11,district,TELANGANA,TELANGANA,ADILABAD,0.1,8.4,-99.0,LD,543.7,608.7,-11.0,N,2026-08-12 07:26:02.267058
2026-08-11,2026-06-01,2026-08-11,district,TELANGANA,TELANGANA,B. KOTHAGUDEM,0.1,11.9,-99.0,LD,456.1,588.7,-23.0,D,2026-08-12 07:26:02.267058
2026-08-11,2026-06-01,2026-08-11,district,TELANGANA,TELANGANA,HANUMAKONDA,0.0,7.4,-99.0,LD,251.8,407.6,-38.0,D,2026-08-12 07:26:02.267058
2026-08-11,2026-06-01,2026-08-11,district,TELANGANA,TELANGANA,HYDERABAD,0.6,3.1,-81.0,LD,261.9,345.9,-24.0,D,2026-08-12 07:26:02.267058
2026-08-11,2026-06-01,2026-08-11,district,TELANGANA,TELANGANA,J. BHUPALPALLY,0.1,12.9,-99.0,LD,630.7,594.4,6.0,N,2026-08-12 07:26:02.267058
2026-08-11,2026-06-01,2026-08-11,district,TELANGANA,TELANGANA,JAGTIAL,2.4,7.8,-69.0,LD,609.4,496.2,23.0,E,2026-08-12 07:26:02.267058
2026-08-11,2026-06-01,2026-08-11,district,TELANGANA,TELANGANA,JANGAON,0.0,7.1,-99.0,LD,244.6,399.2,-39.0,D,2026-08-12 07:26:02.267058
2026-08-11,2026-06-01,2026-08-11,district,TELANGANA,TELANGANA,JOGULAMBA GADWAL,0.9,2.7,-65.0,LD,171.1,241.1,-29.0,D,2026-08-12 07:26:02.267058
2026-08-11,2026-06-01,2026-08-11,district,TELANGANA,TELANGANA,KAMAREDDY,1.0,11.1,-91.0,LD,620.5,466.5,33.0,E,2026-08-12 07:26:02.267058
2026-08-11,2026-06-01,2026-08-11,district,TELANGANA,TELANGANA,KARIMNAGAR,0.4,8.3,-96.0,LD,410.0,422.6,-3.0,N,2026-08-12 07:26:02.267058
2026-08-11,2026-06-01,2026-08-11,district,TELANGANA,TELANGANA,KHAMMAM,0.3,6.9,-96.0,LD,364.5,461.2,-21.0,D,2026-08-12 07:26:02.267058
2026-08-11,2026-06-01,2026-08-11,district,TELANGANA,TELANGANA,KUMARAM BHEEM,0.4,10.4,-97.0,LD,773.3,607.6,27.0,E,2026-08-12 07:26:02.267058
2026-08-11,2026-06-01,2026-08-11,district,TELANGANA,TELANGANA,M. MALKAJGIRI,0.8,3.6,-79.0,LD,180.9,281.5,-36.0,D,2026-08-12 07:26:02.267058
2026-08-11,2026-06-01,2026-08-11,district,TELANGANA,TELANGANA,MAHABUBABAD,2.1,11.5,-82.0,LD,434.7,525.2,-17.0,N,2026-08-12 07:26:02.267058
2026-08-11,2026-06-01,2026-08-11,district,TELANGANA,TELANGANA,MAHABUBNAGAR,2.6,4.4,-42.0,D,280.3,282.6,-1.0,N,2026-08-12 07:26:02.267058
2026-08-11,2026-06-01,2026-08-11,district,TELANGANA,TELANGANA,MANCHERIAL,0.2,7.7,-98.0,LD,707.0,590.7,20.0,E,2026-08-12 07:26:02.267058
2026-08-11,2026-06-01,2026-08-11,district,TELANGANA,TELANGANA,MEDAK,0.0,9.7,-100.0,NR,507.3,474.8,7.0,N,2026-08-12 07:26:02.267058
2026-08-11,2026-06-01,2026-08-11,district,TELANGANA,TELANGANA,MULUGU,0.0,12.5,-100.0,NR,703.1,616.1,14.0,N,2026-08-12 07:26:02.267058
2026-08-11,2026-06-01,2026-08-11,district,TELANGANA,TELANGANA,NAGARKURNOOL,2.3,4.5,-49.0,D,208.9,254.8,-18.0,N,2026-08-12 07:26:02.267058
2026-08-11,2026-06-01,2026-08-11,district,TELANGANA,TELANGANA,NALGONDA,0.8,3.7,-79.0,LD,153.7,263.5,-42.0,D,2026-08-12 07:26:02.267058
2026-08-11,2026-06-01,2026-08-11,district,TELANGANA,TELANGANA,NARAYANPET,3.3,4.6,-29.0,D,282.0,250.4,13.0,N,2026-08-12 07:26:02.267058
2026-08-11,2026-06-01,2026-08-11,district,TELANGANA,TELANGANA,NIRMAL,0.1,8.2,-99.0,LD,334.0,558.1,-40.0,D,2026-08-12 07:26:02.267058
2026-08-11,2026-06-01,2026-08-11,district,TELANGANA,TELANGANA,NIZAMABAD,2.7,11.5,-77.0,LD,526.0,509.3,3.0,N,2026-08-12 07:26:02.267058
2026-08-11,2026-06-01,2026-08-11,district,TELANGANA,TELANGANA,PEDDAPALLE,0.5,9.0,-95.0,LD,535.8,549.6,-3.0,N,2026-08-12 07:26:02.267058
2026-08-11,2026-06-01,2026-08-11,district,TELANGANA,TELANGANA,RAJANNA SIRCILLA,3.6,8.9,-60.0,LD,461.6,415.4,11.0,N,2026-08-12 07:26:02.267058
2026-08-11,2026-06-01,2026-08-11,district,TELANGANA,TELANGANA,RANGAREDDY,0.9,4.1,-79.0,LD,279.1,300.0,-7.0,N,2026-08-12 07:26:02.267058
2026-08-11,2026-06-01,2026-08-11,district,TELANGANA,TELANGANA,SANGAREDDY,0.0,4.7,-99.0,LD,333.2,415.3,-20.0,D,2026-08-12 07:26:02.267058
2026-08-11,2026-06-01,2026-08-11,district,TELANGANA,TELANGANA,SIDDIPET,0.0,7.2,-100.0,NR,350.8,367.5,-5.0,N,2026-08-12 07:26:02.267058
2026-08-11,2026-06-01,2026-08-11,district,TELANGANA,TELANGANA,SURYAPET,0.2,3.1,-94.0,LD,262.3,349.0,-25.0,D,2026-08-12 07:26:02.267058
2026-08-11,2026-06-01,2026-08-11,district,TELANGANA,TELANGANA,VIKARABAD,3.1,5.3,-42.0,D,341.5,369.6,-8.0,N,2026-08-12 07:26:02.267058
2026-08-11,2026-06-01,2026-08-11,district,TELANGANA,TELANGANA,WANAPARTHY,2.4,5.9,-60.0,LD,222.0,298.8,-26.0,D,2026-08-12 07:26:02.267058
2026-08-11,2026-06-01,2026-08-11,district,TELANGANA,TELANGANA,WARANGAL,0.0,14.2,-100.0,NR,321.9,555.4,-42.0,D,2026-08-12 07:26:02.267058
2026-08-11,2026-06-01,2026-08-11,district,TELANGANA,TELANGANA,Y. BHUVANAGIRI,0.2,3.2,-93.0,LD,183.2,312.6,-41.0,D,2026-08-12 07:26:02.267058
2026-08-11,2026-06-01,2026-08-11,district,UTTARAKHAND,UTTARAKHAND,ALMORA,18.4,6.7,174.0,LE,534.1,513.1,4.0,N,2026-08-12 07:26:02.267058
2026-08-11,2026-06-01,2026-08-11,district,UTTARAKHAND,UTTARAKHAND,BAGESHWAR,29.4,6.7,339.0,LE,1262.1,513.1,146.0,LE,2026-08-12 07:26:02.267058
2026-08-11,2026-06-01,2026-08-11,district,UTTARAKHAND,UTTARAKHAND,CHAMOLI,14.3,8.3,72.0,LE,743.3,468.8,59.0,E,2026-08-12 07:26:02.267058
2026-08-11,2026-06-01,2026-08-11,district,UTTARAKHAND,UTTARAKHAND,CHAMPAWAT,22.7,10.7,112.0,LE,517.9,827.1,-37.0,D,2026-08-12 07:26:02.267058
2026-08-11,2026-06-01,2026-08-11,district,UTTARAKHAND,UTTARAKHAND,DEHRADUN,12.6,18.2,-31.0,D,896.5,929.8,-4.0,N,2026-08-12 07:26:02.267058
2026-08-11,2026-06-01,2026-08-11,district,UTTARAKHAND,UTTARAKHAND,GARHWAL PAURI,3.1,15.4,-80.0,LD,390.4,768.3,-49.0,D,2026-08-12 07:26:02.267058
2026-08-11,2026-06-01,2026-08-11,district,UTTARAKHAND,UTTARAKHAND,GARHWAL TEHRI,14.4,10.8,34.0,E,774.2,596.3,30.0,E,2026-08-12 07:26:02.267058
2026-08-11,2026-06-01,2026-08-11,district,UTTARAKHAND,UTTARAKHAND,HARDWAR,49.0,8.2,497.0,LE,718.9,598.3,20.0,E,2026-08-12 07:26:02.267058
2026-08-11,2026-06-01,2026-08-11,district,UTTARAKHAND,UTTARAKHAND,NAINITAL,20.3,13.4,51.0,E,629.8,994.3,-37.0,D,2026-08-12 07:26:02.267058
2026-08-11,2026-06-01,2026-08-11,district,UTTARAKHAND,UTTARAKHAND,PITHORAGARH,35.1,16.7,110.0,LE,902.2,970.0,-7.0,N,2026-08-12 07:26:02.267058
2026-08-11,2026-06-01,2026-08-11,district,UTTARAKHAND,UTTARAKHAND,RUDRAPRAYAG,9.0,24.1,-63.0,LD,934.0,1005.3,-7.0,N,2026-08-12 07:26:02.267058
2026-08-11,2026-06-01,2026-08-11,district,UTTARAKHAND,UTTARAKHAND,UDHAM SINGH NAGAR,4.6,11.0,-58.0,D,579.7,693.5,-16.0,N,2026-08-12 07:26:02.267058
2026-08-11,2026-06-01,2026-08-11,district,UTTARAKHAND,UTTARAKHAND,UTTARKASHI,30.1,10.1,198.0,LE,718.4,753.6,-5.0,N,2026-08-12 07:26:02.267058
2026-08-11,2026-06-01,2026-08-11,district,VIDARBHA,MAHARASHTRA,AKOLA,0.1,5.6,-99.0,LD,344.4,457.2,-25.0,D,2026-08-12 07:26:02.267058
2026-08-11,2026-06-01,2026-08-11,district,VIDARBHA,MAHARASHTRA,AMRAOTI,0.4,7.4,-95.0,LD,380.2,531.4,-28.0,D,2026-08-12 07:26:02.267058
2026-08-11,2026-06-01,2026-08-11,district,VIDARBHA,MAHARASHTRA,BHANDARA,6.0,9.8,-39.0,D,634.9,693.2,-8.0,N,2026-08-12 07:26:02.267058
2026-08-11,2026-06-01,2026-08-11,district,VIDARBHA,MAHARASHTRA,BULDHANA,1.0,4.8,-79.0,LD,416.4,409.7,2.0,N,2026-08-12 07:26:02.267058
2026-08-11,2026-06-01,2026-08-11,district,VIDARBHA,MAHARASHTRA,CHANDRAPUR,1.0,8.8,-88.0,LD,513.3,687.0,-25.0,D,2026-08-12 07:26:02.267058
2026-08-11,2026-06-01,2026-08-11,district,VIDARBHA,MAHARASHTRA,GADCHIROLI,0.4,11.7,-97.0,LD,663.6,821.1,-19.0,N,2026-08-12 07:26:02.267058
2026-08-11,2026-06-01,2026-08-11,district,VIDARBHA,MAHARASHTRA,GONDIA,6.9,9.7,-29.0,D,851.2,773.3,10.0,N,2026-08-12 07:26:02.267058
2026-08-11,2026-06-01,2026-08-11,district,VIDARBHA,MAHARASHTRA,NAGPUR,1.3,4.9,-74.0,LD,448.2,605.8,-26.0,D,2026-08-12 07:26:02.267058
2026-08-11,2026-06-01,2026-08-11,district,VIDARBHA,MAHARASHTRA,WARDHA,0.1,8.7,-99.0,LD,447.6,550.8,-19.0,N,2026-08-12 07:26:02.267058
2026-08-11,2026-06-01,2026-08-11,district,VIDARBHA,MAHARASHTRA,WASHIM,0.4,7.4,-94.0,LD,394.2,511.8,-23.0,D,2026-08-12 07:26:02.267058
2026-08-11,2026-06-01,2026-08-11,district,VIDARBHA,MAHARASHTRA,YEOTMAL,0.5,7.8,-93.0,LD,498.7,536.3,-7.0,N,2026-08-12 07:26:02.267058
2026-08-11,2026-06-01,2026-08-11,district,WEST MADHYA PRADESH,MADHYA PRADESH,AGAR-MALWA,86.6,5.7,1419.0,LE,511.0,556.0,-8.0,N,2026-08-12 07:26:02.267058
2026-08-11,2026-06-01,2026-08-11,district,WEST MADHYA PRADESH,MADHYA PRADESH,ALIRAJPUR,9.1,13.0,-30.0,D,330.0,545.8,-40.0,D,2026-08-12 07:26:02.267058
2026-08-11,2026-06-01,2026-08-11,district,WEST MADHYA PRADESH,MADHYA PRADESH,ASHOKNAGAR,16.0,10.3,55.0,E,427.5,532.5,-20.0,D,2026-08-12 07:26:02.267058
2026-08-11,2026-06-01,2026-08-11,district,WEST MADHYA PRADESH,MADHYA PRADESH,BARWANI,9.3,5.8,61.0,LE,379.3,408.4,-7.0,N,2026-08-12 07:26:02.267058
2026-08-11,2026-06-01,2026-08-11,district,WEST MADHYA PRADESH,MADHYA PRADESH,BETUL,2.9,8.1,-64.0,LD,512.8,642.6,-20.0,D,2026-08-12 07:26:02.267058
2026-08-11,2026-06-01,2026-08-11,district,WEST MADHYA PRADESH,MADHYA PRADESH,BHIND,0.6,7.8,-92.0,LD,454.4,368.4,23.0,E,2026-08-12 07:26:02.267058
2026-08-11,2026-06-01,2026-08-11,district,WEST MADHYA PRADESH,MADHYA PRADESH,BHOPAL,27.2,6.4,325.0,LE,667.3,584.8,14.0,N,2026-08-12 07:26:02.267058
2026-08-11,2026-06-01,2026-08-11,district,WEST MADHYA PRADESH,MADHYA PRADESH,BURHANPUR,3.7,6.3,-41.0,D,586.2,444.4,32.0,E,2026-08-12 07:26:02.267058
2026-08-11,2026-06-01,2026-08-11,district,WEST MADHYA PRADESH,MADHYA PRADESH,DATIA,18.6,5.5,237.0,LE,311.7,445.7,-30.0,D,2026-08-12 07:26:02.267058
2026-08-11,2026-06-01,2026-08-11,district,WEST MADHYA PRADESH,MADHYA PRADESH,DEWAS,29.9,6.4,367.0,LE,617.1,555.9,11.0,N,2026-08-12 07:26:02.267058
2026-08-11,2026-06-01,2026-08-11,district,WEST MADHYA PRADESH,MADHYA PRADESH,DHAR,12.5,8.7,44.0,E,347.0,503.7,-31.0,D,2026-08-12 07:26:02.267058
2026-08-11,2026-06-01,2026-08-11,district,WEST MADHYA PRADESH,MADHYA PRADESH,GUNA,36.9,8.7,324.0,LE,621.3,585.8,6.0,N,2026-08-12 07:26:02.267058
2026-08-11,2026-06-01,2026-08-11,district,WEST MADHYA PRADESH,MADHYA PRADESH,GWALIOR,9.4,10.0,-6.0,N,442.0,419.5,5.0,N,2026-08-12 07:26:02.267058
2026-08-11,2026-06-01,2026-08-11,district,WEST MADHYA PRADESH,MADHYA PRADESH,HARDA,20.5,8.9,130.0,LE,540.9,675.7,-20.0,D,2026-08-12 07:26:02.267058
2026-08-11,2026-06-01,2026-08-11,district,WEST MADHYA PRADESH,MADHYA PRADESH,INDORE,11.7,9.2,27.0,E,466.8,527.1,-11.0,N,2026-08-12 07:26:02.267058
2026-08-11,2026-06-01,2026-08-11,district,WEST MADHYA PRADESH,MADHYA PRADESH,JHABUA,8.8,12.0,-27.0,D,418.6,549.5,-24.0,D,2026-08-12 07:26:02.267058
2026-08-11,2026-06-01,2026-08-11,district,WEST MADHYA PRADESH,MADHYA PRADESH,KHANDWA,5.8,5.7,2.0,N,460.8,490.4,-6.0,N,2026-08-12 07:26:02.267058
2026-08-11,2026-06-01,2026-08-11,district,WEST MADHYA PRADESH,MADHYA PRADESH,KHARGONE,22.8,7.0,225.0,LE,487.8,444.7,10.0,N,2026-08-12 07:26:02.267058
2026-08-11,2026-06-01,2026-08-11,district,WEST MADHYA PRADESH,MADHYA PRADESH,MANDSAUR,39.7,10.0,297.0,LE,441.1,508.9,-13.0,N,2026-08-12 07:26:02.267058
2026-08-11,2026-06-01,2026-08-11,district,WEST MADHYA PRADESH,MADHYA PRADESH,MORENA,0.0,6.4,-100.0,NR,243.1,393.8,-38.0,D,2026-08-12 07:26:02.267058
2026-08-11,2026-06-01,2026-08-11,district,WEST MADHYA PRADESH,MADHYA PRADESH,NARMADAPURAM,6.6,9.4,-30.0,D,523.6,756.0,-31.0,D,2026-08-12 07:26:02.267058
2026-08-11,2026-06-01,2026-08-11,district,WEST MADHYA PRADESH,MADHYA PRADESH,NEEMUCH,19.1,9.9,93.0,LE,380.1,469.4,-19.0,N,2026-08-12 07:26:02.267058
2026-08-11,2026-06-01,2026-08-11,district,WEST MADHYA PRADESH,MADHYA PRADESH,RAISEN,12.2,6.6,85.0,LE,625.6,658.2,-5.0,N,2026-08-12 07:26:02.267058
2026-08-11,2026-06-01,2026-08-11,district,WEST MADHYA PRADESH,MADHYA PRADESH,RAJGARH,144.7,8.5,1603.0,LE,663.3,551.1,20.0,E,2026-08-12 07:26:02.267058
2026-08-11,2026-06-01,2026-08-11,district,WEST MADHYA PRADESH,MADHYA PRADESH,RATLAM,40.0,10.2,292.0,LE,428.3,558.9,-23.0,D,2026-08-12 07:26:02.267058
2026-08-11,2026-06-01,2026-08-11,district,WEST MADHYA PRADESH,MADHYA PRADESH,SEHORE,16.1,8.5,90.0,LE,652.0,642.5,1.0,N,2026-08-12 07:26:02.267058
2026-08-11,2026-06-01,2026-08-11,district,WEST MADHYA PRADESH,MADHYA PRADESH,SHAJAPUR,52.3,6.9,658.0,LE,456.4,552.8,-17.0,N,2026-08-12 07:26:02.267058
2026-08-11,2026-06-01,2026-08-11,district,WEST MADHYA PRADESH,MADHYA PRADESH,SHEOPUR,26.0,9.7,168.0,LE,372.2,424.5,-12.0,N,2026-08-12 07:26:02.267058
2026-08-11,2026-06-01,2026-08-11,district,WEST MADHYA PRADESH,MADHYA PRADESH,SHIVPURI,9.6,6.5,47.0,E,418.7,500.6,-16.0,N,2026-08-12 07:26:02.267058
2026-08-11,2026-06-01,2026-08-11,district,WEST MADHYA PRADESH,MADHYA PRADESH,UJJAIN,48.6,8.7,458.0,LE,477.7,547.7,-13.0,N,2026-08-12 07:26:02.267058
2026-08-11,2026-06-01,2026-08-11,district,WEST MADHYA PRADESH,MADHYA PRADESH,VIDISHA,28.0,9.4,198.0,LE,538.3,629.0,-14.0,N,2026-08-12 07:26:02.267058
2026-08-11,2026-06-01,2026-08-11,district,WEST RAJASTHAN,RAJASTHAN,BARMER,0.0,2.5,-100.0,NR,169.2,174.6,-3.0,N,2026-08-12 07:26:02.267058
2026-08-11,2026-06-01,2026-08-11,district,WEST RAJASTHAN,RAJASTHAN,BIKANER,5.3,2.4,122.0,LE,176.8,165.7,7.0,N,2026-08-12 07:26:02.267058
2026-08-11,2026-06-01,2026-08-11,district,WEST RAJASTHAN,RAJASTHAN,CHURU,7.2,2.6,178.0,LE,256.6,226.6,13.0,N,2026-08-12 07:26:02.267058
2026-08-11,2026-06-01,2026-08-11,district,WEST RAJASTHAN,RAJASTHAN,HANUMANGARH,1.7,1.9,-10.0,N,141.1,168.7,-16.0,N,2026-08-12 07:26:02.267058
2026-08-11,2026-06-01,2026-08-11,district,WEST RAJASTHAN,RAJASTHAN,JAISALMER,0.3,2.1,-88.0,LD,72.8,110.8,-34.0,D,2026-08-12 07:26:02.267058
2026-08-11,2026-06-01,2026-08-11,district,WEST RAJASTHAN,RAJASTHAN,JALORE,0.8,3.5,-79.0,LD,141.1,271.1,-48.0,D,2026-08-12 07:26:02.267058
2026-08-11,2026-06-01,2026-08-11,district,WEST RAJASTHAN,RAJASTHAN,JODHPUR,1.0,3.0,-67.0,LD,171.1,188.3,-9.0,N,2026-08-12 07:26:02.267058
2026-08-11,2026-06-01,2026-08-11,district,WEST RAJASTHAN,RAJASTHAN,NAGAUR,8.6,4.0,115.0,LE,240.6,250.0,-4.0,N,2026-08-12 07:26:02.267058
2026-08-11,2026-06-01,2026-08-11,district,WEST RAJASTHAN,RAJASTHAN,PALI,0.2,7.8,-97.0,LD,191.0,314.0,-39.0,D,2026-08-12 07:26:02.267058
2026-08-11,2026-06-01,2026-08-11,district,WEST RAJASTHAN,RAJASTHAN,SRI GANGANAGAR,0.0,2.1,-100.0,NR,163.4,135.1,21.0,E,2026-08-12 07:26:02.267058
2026-08-11,2026-06-01,2026-08-11,district,WEST UTTAR PRADESH,UTTAR PRADESH,AGRA,0.0,7.6,-100.0,NR,321.4,316.4,2.0,N,2026-08-12 07:26:02.267058
2026-08-11,2026-06-01,2026-08-11,district,WEST UTTAR PRADESH,UTTAR PRADESH,ALIGARH,2.0,4.9,-59.0,D,238.6,344.5,-31.0,D,2026-08-12 07:26:02.267058
2026-08-11,2026-06-01,2026-08-11,district,WEST UTTAR PRADESH,UTTAR PRADESH,AMROHA,17.3,3.7,368.0,LE,221.3,482.5,-54.0,D,2026-08-12 07:26:02.267058
2026-08-11,2026-06-01,2026-08-11,district,WEST UTTAR PRADESH,UTTAR PRADESH,AURAIYA,0.0,4.1,-100.0,NR,298.6,301.2,-1.0,N,2026-08-12 07:26:02.267058
2026-08-11,2026-06-01,2026-08-11,district,WEST UTTAR PRADESH,UTTAR PRADESH,BADAUN,20.3,7.0,189.0,LE,417.8,397.4,5.0,N,2026-08-12 07:26:02.267058
2026-08-11,2026-06-01,2026-08-11,district,WEST UTTAR PRADESH,UTTAR PRADESH,BAGHPAT,15.0,5.1,194.0,LE,349.3,299.1,17.0,N,2026-08-12 07:26:02.267058
2026-08-11,2026-06-01,2026-08-11,district,WEST UTTAR PRADESH,UTTAR PRADESH,BAREILLY,11.1,9.6,16.0,N,372.1,482.0,-23.0,D,2026-08-12 07:26:02.267058
2026-08-11,2026-06-01,2026-08-11,district,WEST UTTAR PRADESH,UTTAR PRADESH,BIJNOR,0.6,9.4,-94.0,LD,557.9,555.2,0.0,N,2026-08-12 07:26:02.267058
2026-08-11,2026-06-01,2026-08-11,district,WEST UTTAR PRADESH,UTTAR PRADESH,BULANDSHAHAR,9.9,3.2,209.0,LE,338.1,312.2,8.0,N,2026-08-12 07:26:02.267058
2026-08-11,2026-06-01,2026-08-11,district,WEST UTTAR PRADESH,UTTAR PRADESH,ETAH,0.0,5.2,-100.0,NR,396.1,291.6,36.0,E,2026-08-12 07:26:02.267058
2026-08-11,2026-06-01,2026-08-11,district,WEST UTTAR PRADESH,UTTAR PRADESH,ETAWAH,0.0,7.3,-100.0,NR,378.7,325.5,16.0,N,2026-08-12 07:26:02.267058
2026-08-11,2026-06-01,2026-08-11,district,WEST UTTAR PRADESH,UTTAR PRADESH,FIROZABAD,2.4,8.4,-72.0,LD,461.1,334.4,38.0,E,2026-08-12 07:26:02.267058
2026-08-11,2026-06-01,2026-08-11,district,WEST UTTAR PRADESH,UTTAR PRADESH,GAUTAM BUDDHA NAGAR,30.2,2.7,1019.0,LE,344.4,268.7,28.0,E,2026-08-12 07:26:02.267058
2026-08-11,2026-06-01,2026-08-11,district,WEST UTTAR PRADESH,UTTAR PRADESH,GHAZIABAD,0.0,2.7,-100.0,NR,141.8,271.0,-48.0,D,2026-08-12 07:26:02.267058
2026-08-11,2026-06-01,2026-08-11,district,WEST UTTAR PRADESH,UTTAR PRADESH,HAMIRPUR,0.2,10.5,-98.0,LD,464.5,409.3,13.0,N,2026-08-12 07:26:02.267058
2026-08-11,2026-06-01,2026-08-11,district,WEST UTTAR PRADESH,UTTAR PRADESH,HAPUR,5.5,3.8,45.0,E,256.5,388.2,-34.0,D,2026-08-12 07:26:02.267058
2026-08-11,2026-06-01,2026-08-11,district,WEST UTTAR PRADESH,UTTAR PRADESH,HATHRAS,0.0,5.9,-100.0,NR,373.0,338.8,10.0,N,2026-08-12 07:26:02.267058
2026-08-11,2026-06-01,2026-08-11,district,WEST UTTAR PRADESH,UTTAR PRADESH,JALAUN,1.8,9.0,-81.0,LD,284.1,380.8,-25.0,D,2026-08-12 07:26:02.267058
2026-08-11,2026-06-01,2026-08-11,district,WEST UTTAR PRADESH,UTTAR PRADESH,JHANSI,0.5,5.6,-92.0,LD,209.3,426.9,-51.0,D,2026-08-12 07:26:02.267058
2026-08-11,2026-06-01,2026-08-11,district,WEST UTTAR PRADESH,UTTAR PRADESH,KASGANJ,6.3,5.6,13.0,N,368.0,373.0,-1.0,N,2026-08-12 07:26:02.267058
2026-08-11,2026-06-01,2026-08-11,district,WEST UTTAR PRADESH,UTTAR PRADESH,LALITPUR,3.6,4.2,-14.0,N,425.8,495.0,-14.0,N,2026-08-12 07:26:02.267058
2026-08-11,2026-06-01,2026-08-11,district,WEST UTTAR PRADESH,UTTAR PRADESH,MAHOBA,0.0,13.6,-100.0,NR,319.3,349.5,-9.0,N,2026-08-12 07:26:02.267058
2026-08-11,2026-06-01,2026-08-11,district,WEST UTTAR PRADESH,UTTAR PRADESH,MAINPURI,1.7,7.3,-77.0,LD,205.3,377.8,-46.0,D,2026-08-12 07:26:02.267058
2026-08-11,2026-06-01,2026-08-11,district,WEST UTTAR PRADESH,UTTAR PRADESH,MATHURA,0.0,5.0,-100.0,NR,189.3,291.8,-35.0,D,2026-08-12 07:26:02.267058
2026-08-11,2026-06-01,2026-08-11,district,WEST UTTAR PRADESH,UTTAR PRADESH,MEERUT,19.4,4.0,386.0,LE,686.9,386.6,78.0,LE,2026-08-12 07:26:02.267058
2026-08-11,2026-06-01,2026-08-11,district,WEST UTTAR PRADESH,UTTAR PRADESH,MORADABAD,10.9,8.0,36.0,E,396.3,513.0,-23.0,D,2026-08-12 07:26:02.267058
2026-08-11,2026-06-01,2026-08-11,district,WEST UTTAR PRADESH,UTTAR PRADESH,MUZAFFARNAGAR,60.1,6.0,902.0,LE,713.4,400.1,78.0,LE,2026-08-12 07:26:02.267058
2026-08-11,2026-06-01,2026-08-11,district,WEST UTTAR PRADESH,UTTAR PRADESH,PILIBHIT,5.0,8.7,-43.0,D,134.0,509.7,-74.0,LD,2026-08-12 07:26:02.267058
2026-08-11,2026-06-01,2026-08-11,district,WEST UTTAR PRADESH,UTTAR PRADESH,RAMPUR,3.1,6.7,-54.0,D,274.5,426.1,-36.0,D,2026-08-12 07:26:02.267058
2026-08-11,2026-06-01,2026-08-11,district,WEST UTTAR PRADESH,UTTAR PRADESH,SAHARANPUR,8.2,7.0,17.0,N,346.6,467.8,-26.0,D,2026-08-12 07:26:02.267058
2026-08-11,2026-06-01,2026-08-11,district,WEST UTTAR PRADESH,UTTAR PRADESH,SAMBHAL,54.2,2.9,1768.0,LE,694.2,388.1,79.0,LE,2026-08-12 07:26:02.267058
2026-08-11,2026-06-01,2026-08-11,district,WEST UTTAR PRADESH,UTTAR PRADESH,SHAHJAHANPUR,10.4,7.1,46.0,E,369.4,464.6,-20.0,D,2026-08-12 07:26:02.267058
2026-08-11,2026-06-01,2026-08-11,district,WEST UTTAR PRADESH,UTTAR PRADESH,SHAMLI,4.5,3.3,36.0,E,130.1,325.1,-60.0,LD,2026-08-12 07:26:02.267058
2026-08-11,2026-06-01,2026-08-11,state,ASSAM & MEGHALAYA,ASSAM,,0.7,12.6,-94.0,LD,739.2,975.6,-24.0,D,2026-08-12 07:26:02.267058
2026-08-11,2026-06-01,2026-08-11,state,ASSAM & MEGHALAYA,MEGHALAYA,,3.4,27.0,-87.0,LD,780.8,1812.5,-57.0,D,2026-08-12 07:26:02.267058
2026-08-11,2026-06-01,2026-08-11,state,BIHAR,UTTAR PRADESH,,4.9,8.2,-40.0,D,347.3,439.1,-21.0,D,2026-08-12 07:26:02.267058
2026-08-11,2026-06-01,2026-08-11,state,CHHATTISGARH,ANDHRA PRADESH,,2.1,4.0,-49.0,D,180.5,274.7,-34.0,D,2026-08-12 07:26:02.267058
2026-08-11,2026-06-01,2026-08-11,state,COASTAL A. P. & YANAM,ANDHRA PRADESH,,2.1,4.0,-49.0,D,180.5,274.7,-34.0,D,2026-08-12 07:26:02.267058
2026-08-11,2026-06-01,2026-08-11,state,COASTAL A. P. & YANAM,PUDUCHERRY (UT),,6.7,3.8,76.0,LE,149.1,199.8,-25.0,D,2026-08-12 07:26:02.267058
2026-08-11,2026-06-01,2026-08-11,state,EAST MADHYA PRADESH,GUJARAT,,2.8,10.3,-73.0,LD,488.0,471.9,3.0,N,2026-08-12 07:26:02.267058
2026-08-11,2026-06-01,2026-08-11,state,GUJARAT REGION,DADRA & NAGAR HAVELI AND DAMAN & DIU (UT),,6.0,30.6,-80.0,LD,2522.5,1541.1,64.0,LE,2026-08-12 07:26:02.267058
2026-08-11,2026-06-01,2026-08-11,state,GUJARAT REGION,GUJARAT,,2.8,10.3,-73.0,LD,488.0,471.9,3.0,N,2026-08-12 07:26:02.267058
2026-08-11,2026-06-01,2026-08-11,state,HAR. CHD & DELHI,CHANDIGARH (UT),,0.0,6.2,-100.0,NR,406.6,540.0,-25.0,D,2026-08-12 07:26:02.267058
2026-08-11,2026-06-01,2026-08-11,state,HAR. CHD & DELHI,DELHI,,4.4,4.8,-8.0,N,397.7,320.2,24.0,E,2026-08-12 07:26:02.267058
2026-08-11,2026-06-01,2026-08-11,state,HAR. CHD & DELHI,HARYANA,,5.4,4.2,30.0,E,237.7,261.4,-9.0,N,2026-08-12 07:26:02.267058
2026-08-11,2026-06-01,2026-08-11,state,J & K AND LADAKH,JAMMU & KASHMIR(UT),,11.6,4.1,183.0,LE,380.8,346.7,10.0,N,2026-08-12 07:26:02.267058
2026-08-11,2026-06-01,2026-08-11,state,J & K AND LADAKH,LADAKH (UT),,0.0,0.0,-100.0,NR,39.2,14.8,165.0,LE,2026-08-12 07:26:02.267058
2026-08-11,2026-06-01,2026-08-11,state,J & K AND LADAKH,RAJASTHAN,,8.5,5.3,59.0,E,232.0,278.2,-17.0,N,2026-08-12 07:26:02.267058
2026-08-11,2026-06-01,2026-08-11,state,KERALA & MAHE,KERALA,,4.0,17.4,-77.0,LD,1172.5,1498.2,-22.0,D,2026-08-12 07:26:02.267058
2026-08-11,2026-06-01,2026-08-11,state,KERALA & MAHE,PUDUCHERRY (UT),,6.7,3.8,76.0,LE,149.1,199.8,-25.0,D,2026-08-12 07:26:02.267058
2026-08-11,2026-06-01,2026-08-11,state,KONKAN & GOA,GOA,,11.3,35.1,-68.0,LD,1506.2,2304.7,-35.0,D,2026-08-12 07:26:02.267058
2026-08-11,2026-06-01,2026-08-11,state,KONKAN & GOA,MAHARASHTRA,,3.0,9.7,-69.0,LD,637.0,651.6,-2.0,N,2026-08-12 07:26:02.267058
2026-08-11,2026-06-01,2026-08-11,state,NMMT,MANIPUR,,0.5,8.4,-94.0,LD,434.7,686.5,-37.0,D,2026-08-12 07:26:02.267058
2026-08-11,2026-06-01,2026-08-11,state,NMMT,MIZORAM,,8.4,12.8,-34.0,D,792.0,992.0,-20.0,D,2026-08-12 07:26:02.267058
2026-08-11,2026-06-01,2026-08-11,state,NMMT,NAGALAND,,3.5,7.1,-50.0,D,702.9,658.3,7.0,N,2026-08-12 07:26:02.267058
2026-08-11,2026-06-01,2026-08-11,state,NMMT,TRIPURA,,28.9,11.3,155.0,LE,796.3,919.1,-13.0,N,2026-08-12 07:26:02.267058
2026-08-11,2026-06-01,2026-08-11,state,SAURASHTRA & KUTCH,DADRA & NAGAR HAVELI AND DAMAN & DIU (UT),,6.0,30.6,-80.0,LD,2522.5,1541.1,64.0,LE,2026-08-12 07:26:02.267058
2026-08-11,2026-06-01,2026-08-11,state,SAURASHTRA & KUTCH,GUJARAT,,2.8,10.3,-73.0,LD,488.0,471.9,3.0,N,2026-08-12 07:26:02.267058
2026-08-11,2026-06-01,2026-08-11,state,SHWB & SIKKIM,SIKKIM,,2.4,13.4,-82.0,LD,1114.5,1065.1,5.0,N,2026-08-12 07:26:02.267058
2026-08-11,2026-06-01,2026-08-11,state,SHWB & SIKKIM,WEST BENGAL,,8.1,12.6,-36.0,D,850.8,824.5,3.0,N,2026-08-12 07:26:02.267058
2026-08-11,2026-06-01,2026-08-11,state,TAMIL. PUDU.& KARAIKAL,KARNATAKA,,5.0,8.2,-40.0,D,438.3,543.7,-19.0,N,2026-08-12 07:26:02.267058
2026-08-11,2026-06-01,2026-08-11,state,TAMIL. PUDU.& KARAIKAL,PUDUCHERRY (UT),,6.7,3.8,76.0,LE,149.1,199.8,-25.0,D,2026-08-12 07:26:02.267058
2026-08-11,2026-06-01,2026-08-11,state,TAMIL. PUDU.& KARAIKAL,TAMILNADU,,5.9,2.6,127.0,LE,132.1,145.4,-9.0,N,2026-08-12 07:26:02.267058
2026-08-11,2026-06-01,2026-08-11,state,WEST RAJASTHAN,MADHYA PRADESH,,15.4,8.3,85.0,LE,499.8,579.7,-14.0,N,2026-08-12 07:26:02.267058
2026-08-11,2026-06-01,2026-08-11,subdivision,A & N ISLAND,,,4.7,15.0,-69.0,LD,1010.5,946.8,7.0,N,2026-08-12 07:26:02.267058
2026-08-11,2026-06-01,2026-08-11,subdivision,ARUNACHAL PRADESH,,,0.4,12.7,-97.0,LD,680.9,1093.7,-38.0,D,2026-08-12 07:26:02.267058
2026-08-11,2026-06-01,2026-08-11,subdivision,ASSAM & MEGHALAYA,,,1.3,15.9,-92.0,LD,749.1,1170.4,-36.0,D,2026-08-12 07:26:02.267058
2026-08-11,2026-06-01,2026-08-11,subdivision,BIHAR,,,1.7,9.2,-82.0,LD,372.2,590.4,-37.0,D,2026-08-12 07:26:02.267058
2026-08-11,2026-06-01,2026-08-11,subdivision,CHHATTISGARH,,,4.4,11.0,-60.0,LD,660.3,698.8,-6.0,N,2026-08-12 07:26:02.267058
2026-08-11,2026-06-01,2026-08-11,subdivision,COASTAL A. P. & YANAM,,,2.4,5.0,-53.0,D,214.4,328.1,-35.0,D,2026-08-12 07:26:02.267058
2026-08-11,2026-06-01,2026-08-11,subdivision,COASTAL KARNATAKA,,,16.3,34.3,-53.0,D,1790.4,2316.1,-23.0,D,2026-08-12 07:26:02.267058
2026-08-11,2026-06-01,2026-08-11,subdivision,EAST MADHYA PRADESH,,,3.7,8.5,-57.0,D,519.5,632.8,-18.0,N,2026-08-12 07:26:02.267058
2026-08-11,2026-06-01,2026-08-11,subdivision,EAST RAJASTHAN,,,16.0,8.3,92.0,LE,319.5,395.2,-19.0,N,2026-08-12 07:26:02.267058
2026-08-11,2026-06-01,2026-08-11,subdivision,EAST UTTAR PRADESH,,,2.1,9.2,-78.0,LD,335.0,466.8,-28.0,D,2026-08-12 07:26:02.267058
2026-08-11,2026-06-01,2026-08-11,subdivision,GANGETIC WEST BENGAL,,,10.4,11.6,-11.0,N,722.1,707.2,2.0,N,2026-08-12 07:26:02.267058
2026-08-11,2026-06-01,2026-08-11,subdivision,GUJARAT REGION,,,5.5,12.5,-56.0,D,736.9,609.3,21.0,E,2026-08-12 07:26:02.267058
2026-08-11,2026-06-01,2026-08-11,subdivision,HAR. CHD & DELHI,,,5.4,4.2,29.0,E,242.1,263.9,-8.0,N,2026-08-12 07:26:02.267058
2026-08-11,2026-06-01,2026-08-11,subdivision,HIMACHAL PRADESH,,,15.3,8.2,87.0,LE,433.3,463.7,-7.0,N,2026-08-12 07:26:02.267058
2026-08-11,2026-06-01,2026-08-11,subdivision,J & K AND LADAKH,,,11.6,4.1,183.0,LE,380.8,346.7,10.0,N,2026-08-12 07:26:02.267058
2026-08-11,2026-06-01,2026-08-11,subdivision,JHARKHAND,,,6.3,9.1,-31.0,D,461.6,616.5,-25.0,D,2026-08-12 07:26:02.267058
2026-08-11,2026-06-01,2026-08-11,subdivision,KERALA & MAHE,,,4.0,17.4,-77.0,LD,1172.6,1498.3,-22.0,D,2026-08-12 07:26:02.267058
2026-08-11,2026-06-01,2026-08-11,subdivision,KONKAN & GOA,,,14.6,30.6,-52.0,D,1979.4,2092.0,-5.0,N,2026-08-12 07:26:02.267058
2026-08-11,2026-06-01,2026-08-11,subdivision,LAKSHADWEEP,,,3.4,7.2,-53.0,D,528.4,702.4,-25.0,D,2026-08-12 07:26:02.267058
2026-08-11,2026-06-01,2026-08-11,subdivision,MADHYA MAHARASHTRA,,,2.9,7.7,-62.0,LD,570.1,475.0,20.0,E,2026-08-12 07:26:02.267058
2026-08-11,2026-06-01,2026-08-11,subdivision,MARATHWADA,,,0.2,6.2,-96.0,LD,310.0,369.3,-16.0,N,2026-08-12 07:26:02.267058
2026-08-11,2026-06-01,2026-08-11,subdivision,N. I. KARNATAKA,,,4.0,4.3,-8.0,N,240.1,267.5,-10.0,N,2026-08-12 07:26:02.267058
2026-08-11,2026-06-01,2026-08-11,subdivision,NMMT,,,8.5,10.1,-16.0,N,671.8,824.2,-18.0,N,2026-08-12 07:26:02.267058
2026-08-11,2026-06-01,2026-08-11,subdivision,ODISHA,,,10.6,9.8,8.0,N,872.8,686.8,27.0,E,2026-08-12 07:26:02.267058
2026-08-11,2026-06-01,2026-08-11,subdivision,PUNJAB,,,3.3,3.9,-16.0,N,184.5,283.0,-35.0,D,2026-08-12 07:26:02.267058
2026-08-11,2026-06-01,2026-08-11,subdivision,RAYALASEEMA,,,1.7,2.6,-36.0,D,136.1,199.0,-32.0,D,2026-08-12 07:26:02.267058
2026-08-11,2026-06-01,2026-08-11,subdivision,S. I. KARNATAKA,,,3.5,6.1,-43.0,D,338.3,424.3,-20.0,D,2026-08-12 07:26:02.267058
2026-08-11,2026-06-01,2026-08-11,subdivision,SAURASHTRA & KUTCH,,,0.6,8.5,-93.0,LD,291.5,363.0,-20.0,D,2026-08-12 07:26:02.267058
2026-08-11,2026-06-01,2026-08-11,subdivision,SHWB & SIKKIM,,,1.6,15.3,-90.0,LD,1209.9,1191.3,2.0,N,2026-08-12 07:26:02.267058
2026-08-11,2026-06-01,2026-08-11,subdivision,TAMIL. PUDU.& KARAIKAL,,,5.9,2.6,127.0,LE,132.1,145.4,-9.0,N,2026-08-12 07:26:02.267058
2026-08-11,2026-06-01,2026-08-11,subdivision,TELANGANA,,,0.9,7.6,-88.0,LD,401.0,436.3,-8.0,N,2026-08-12 07:26:02.267058
2026-08-11,2026-06-01,2026-08-11,subdivision,UTTARAKHAND,,,20.6,12.2,69.0,LE,727.7,742.3,-2.0,N,2026-08-12 07:26:02.267058
2026-08-11,2026-06-01,2026-08-11,subdivision,VIDARBHA,,,1.2,8.0,-85.0,LD,503.8,604.5,-17.0,N,2026-08-12 07:26:02.267058
2026-08-11,2026-06-01,2026-08-11,subdivision,WEST MADHYA PRADESH,,,24.4,8.2,197.0,LE,484.6,539.0,-10.0,N,2026-08-12 07:26:02.267058
2026-08-11,2026-06-01,2026-08-11,subdivision,WEST RAJASTHAN,,,2.5,3.0,-18.0,N,162.4,185.2,-12.0,N,2026-08-12 07:26:02.267058
2026-08-11,2026-06-01,2026-08-11,subdivision,WEST UTTAR PRADESH,,,9.1,6.6,37.0,E,364.8,400.2,-9.0,N,2026-08-12 07:26:02.267058
