date,period_start,period_end,level,subdivision,state,district,day_actual_mm,day_normal_mm,day_departure_pct,day_category,period_actual_mm,period_normal_mm,period_departure_pct,period_category,scraped_at
2026-10-04,2026-10-01,2026-10-04,district,A & N ISLAND,ANDAMAN & NICOBAR ISLANDS,NICOBAR,0.0,9.4,-100.0,NR,14.5,40.1,-64.0,LD,2026-10-04 11:54:08.222506
2026-10-04,2026-10-01,2026-10-04,district,A & N ISLAND,ANDAMAN & NICOBAR ISLANDS,NORTH & MIDDLE ANDAMAN,0.6,13.6,-96.0,LD,8.5,52.8,-84.0,LD,2026-10-04 11:54:08.222506
2026-10-04,2026-10-01,2026-10-04,district,A & N ISLAND,ANDAMAN & NICOBAR ISLANDS,SOUTH ANDAMAN,0.0,12.3,-100.0,NR,17.5,54.8,-68.0,LD,2026-10-04 11:54:08.222506
2026-10-04,2026-10-01,2026-10-04,district,ARUNACHAL PRADESH,ARUNACHAL PRADESH,ANJAW,0.0,19.3,-100.0,NR,31.0,44.9,-31.0,D,2026-10-04 11:54:08.222506
2026-10-04,2026-10-01,2026-10-04,district,ARUNACHAL PRADESH,ARUNACHAL PRADESH,CHANGLANG,0.6,7.2,-92.0,LD,17.0,23.8,-29.0,D,2026-10-04 11:54:08.222506
2026-10-04,2026-10-01,2026-10-04,district,ARUNACHAL PRADESH,ARUNACHAL PRADESH,EAST KAMENG,8.6,3.0,185.0,LE,15.2,19.4,-22.0,D,2026-10-04 11:54:08.222506
2026-10-04,2026-10-01,2026-10-04,district,ARUNACHAL PRADESH,ARUNACHAL PRADESH,EAST SIANG,0.5,19.9,-97.0,LD,19.6,60.3,-67.0,LD,2026-10-04 11:54:08.222506
2026-10-04,2026-10-01,2026-10-04,district,ARUNACHAL PRADESH,ARUNACHAL PRADESH,KURUNG KUMEY,3.2,2.2,44.0,E,13.7,13.6,0.0,N,2026-10-04 11:54:08.222506
2026-10-04,2026-10-01,2026-10-04,district,ARUNACHAL PRADESH,ARUNACHAL PRADESH,LOHIT,0.0,15.5,-100.0,NR,18.1,43.9,-59.0,D,2026-10-04 11:54:08.222506
2026-10-04,2026-10-01,2026-10-04,district,ARUNACHAL PRADESH,ARUNACHAL PRADESH,LOWER SUBANSIRI,3.4,2.8,22.0,E,19.1,7.6,152.0,LE,2026-10-04 11:54:08.222506
2026-10-04,2026-10-01,2026-10-04,district,ARUNACHAL PRADESH,ARUNACHAL PRADESH,PAPUMPARA,46.8,4.1,1042.0,LE,60.4,30.6,97.0,LE,2026-10-04 11:54:08.222506
2026-10-04,2026-10-01,2026-10-04,district,ARUNACHAL PRADESH,ARUNACHAL PRADESH,TAWANG,0.0,4.9,-100.0,NR,0.1,14.5,-99.0,LD,2026-10-04 11:54:08.222506
2026-10-04,2026-10-01,2026-10-04,district,ARUNACHAL PRADESH,ARUNACHAL PRADESH,TIRAP,4.0,14.5,-72.0,LD,78.0,48.8,60.0,LE,2026-10-04 11:54:08.222506
2026-10-04,2026-10-01,2026-10-04,district,ARUNACHAL PRADESH,ARUNACHAL PRADESH,UPPER SIANG,5.5,11.2,-51.0,D,24.2,38.1,-36.0,D,2026-10-04 11:54:08.222506
2026-10-04,2026-10-01,2026-10-04,district,ARUNACHAL PRADESH,ARUNACHAL PRADESH,UPPER SUBANSIRI,3.9,2.6,50.0,E,5.9,16.6,-64.0,LD,2026-10-04 11:54:08.222506
2026-10-04,2026-10-01,2026-10-04,district,ARUNACHAL PRADESH,ARUNACHAL PRADESH,WEST KAMENG,2.0,11.0,-82.0,LD,14.5,32.0,-55.0,D,2026-10-04 11:54:08.222506
2026-10-04,2026-10-01,2026-10-04,district,ARUNACHAL PRADESH,ARUNACHAL PRADESH,WEST SIANG,3.2,6.4,-49.0,D,19.3,55.4,-65.0,LD,2026-10-04 11:54:08.222506
2026-10-04,2026-10-01,2026-10-04,district,ASSAM & MEGHALAYA,ASSAM,BAJALI,0.5,6.4,-92.0,LD,0.5,26.2,-98.0,LD,2026-10-04 11:54:08.222506
2026-10-04,2026-10-01,2026-10-04,district,ASSAM & MEGHALAYA,ASSAM,BAKSA,33.9,4.7,621.0,LE,40.8,17.7,130.0,LE,2026-10-04 11:54:08.222506
2026-10-04,2026-10-01,2026-10-04,district,ASSAM & MEGHALAYA,ASSAM,BARPETA,3.0,6.4,-53.0,D,3.0,26.2,-89.0,LD,2026-10-04 11:54:08.222506
2026-10-04,2026-10-01,2026-10-04,district,ASSAM & MEGHALAYA,ASSAM,BONGAIGAON,31.5,9.0,250.0,LE,31.5,36.6,-14.0,N,2026-10-04 11:54:08.222506
2026-10-04,2026-10-01,2026-10-04,district,ASSAM & MEGHALAYA,ASSAM,CACHAR,3.0,7.4,-59.0,D,40.2,30.4,32.0,E,2026-10-04 11:54:08.222506
2026-10-04,2026-10-01,2026-10-04,district,ASSAM & MEGHALAYA,ASSAM,CHARAIDEO,0.5,3.2,-84.0,LD,41.0,11.6,253.0,LE,2026-10-04 11:54:08.222506
2026-10-04,2026-10-01,2026-10-04,district,ASSAM & MEGHALAYA,ASSAM,CHIRANG,9.0,6.5,38.0,E,9.0,25.7,-65.0,LD,2026-10-04 11:54:08.222506
2026-10-04,2026-10-01,2026-10-04,district,ASSAM & MEGHALAYA,ASSAM,DARRANG,0.5,3.2,-84.0,LD,0.5,17.2,-97.0,LD,2026-10-04 11:54:08.222506
2026-10-04,2026-10-01,2026-10-04,district,ASSAM & MEGHALAYA,ASSAM,DHEMAJI,14.0,9.1,54.0,E,39.6,22.8,74.0,LE,2026-10-04 11:54:08.222506
2026-10-04,2026-10-01,2026-10-04,district,ASSAM & MEGHALAYA,ASSAM,DHUBRI,0.0,5.1,-100.0,NR,0.0,27.9,-100.0,NR,2026-10-04 11:54:08.222506
2026-10-04,2026-10-01,2026-10-04,district,ASSAM & MEGHALAYA,ASSAM,DIBRUGARH,6.0,4.6,31.0,E,39.8,25.0,59.0,E,2026-10-04 11:54:08.222506
2026-10-04,2026-10-01,2026-10-04,district,ASSAM & MEGHALAYA,ASSAM,DIMA HASAO,0.0,8.0,-100.0,NR,3.0,23.9,-88.0,LD,2026-10-04 11:54:08.222506
2026-10-04,2026-10-01,2026-10-04,district,ASSAM & MEGHALAYA,ASSAM,GOALPARA,0.0,7.4,-100.0,NR,0.0,33.9,-100.0,NR,2026-10-04 11:54:08.222506
2026-10-04,2026-10-01,2026-10-04,district,ASSAM & MEGHALAYA,ASSAM,GOLAGHAT,8.4,2.6,221.0,LE,11.8,15.5,-24.0,D,2026-10-04 11:54:08.222506
2026-10-04,2026-10-01,2026-10-04,district,ASSAM & MEGHALAYA,ASSAM,HAILAKANDI,0.7,7.9,-91.0,LD,48.9,26.8,82.0,LE,2026-10-04 11:54:08.222506
2026-10-04,2026-10-01,2026-10-04,district,ASSAM & MEGHALAYA,ASSAM,HOJAI,0.0,6.0,-100.0,NR,0.3,19.3,-99.0,LD,2026-10-04 11:54:08.222506
2026-10-04,2026-10-01,2026-10-04,district,ASSAM & MEGHALAYA,ASSAM,JORHAT,9.2,5.4,70.0,LE,27.5,20.3,35.0,E,2026-10-04 11:54:08.222506
2026-10-04,2026-10-01,2026-10-04,district,ASSAM & MEGHALAYA,ASSAM,KAMRUP METROPOLITAN,0.1,3.2,-97.0,LD,0.3,17.0,-98.0,LD,2026-10-04 11:54:08.222506
2026-10-04,2026-10-01,2026-10-04,district,ASSAM & MEGHALAYA,ASSAM,KAMRUP RURAL,0.3,4.5,-94.0,LD,0.3,17.4,-99.0,LD,2026-10-04 11:54:08.222506
2026-10-04,2026-10-01,2026-10-04,district,ASSAM & MEGHALAYA,ASSAM,KARBI ANGLONG,0.0,3.3,-100.0,NR,30.0,15.0,100.0,LE,2026-10-04 11:54:08.222506
2026-10-04,2026-10-01,2026-10-04,district,ASSAM & MEGHALAYA,ASSAM,KOKRAJHAR,0.0,4.8,-100.0,NR,0.0,29.2,-100.0,NR,2026-10-04 11:54:08.222506
2026-10-04,2026-10-01,2026-10-04,district,ASSAM & MEGHALAYA,ASSAM,LAKHIMPUR,10.6,7.1,50.0,E,35.4,28.7,23.0,E,2026-10-04 11:54:08.222506
2026-10-04,2026-10-01,2026-10-04,district,ASSAM & MEGHALAYA,ASSAM,MORIGAON,0.1,1.7,-92.0,LD,0.1,10.4,-99.0,LD,2026-10-04 11:54:08.222506
2026-10-04,2026-10-01,2026-10-04,district,ASSAM & MEGHALAYA,ASSAM,NAGAON,3.6,3.4,5.0,N,3.7,14.6,-74.0,LD,2026-10-04 11:54:08.222506
2026-10-04,2026-10-01,2026-10-04,district,ASSAM & MEGHALAYA,ASSAM,NALBARI,2.0,4.2,-52.0,D,2.0,22.8,-91.0,LD,2026-10-04 11:54:08.222506
2026-10-04,2026-10-01,2026-10-04,district,ASSAM & MEGHALAYA,ASSAM,SIBSAGAR,1.5,3.9,-62.0,LD,15.2,15.5,-2.0,N,2026-10-04 11:54:08.222506
2026-10-04,2026-10-01,2026-10-04,district,ASSAM & MEGHALAYA,ASSAM,SONITPUR,17.1,2.4,611.0,LE,20.5,14.6,40.0,E,2026-10-04 11:54:08.222506
2026-10-04,2026-10-01,2026-10-04,district,ASSAM & MEGHALAYA,ASSAM,SRIBHUMI,6.8,14.5,-53.0,D,144.6,24.2,498.0,LE,2026-10-04 11:54:08.222506
2026-10-04,2026-10-01,2026-10-04,district,ASSAM & MEGHALAYA,ASSAM,TAMULPUR,47.4,3.5,1253.0,LE,56.3,13.8,308.0,LE,2026-10-04 11:54:08.222506
2026-10-04,2026-10-01,2026-10-04,district,ASSAM & MEGHALAYA,ASSAM,TINSUKIA,3.9,6.1,-36.0,D,51.8,24.8,109.0,LE,2026-10-04 11:54:08.222506
2026-10-04,2026-10-01,2026-10-04,district,ASSAM & MEGHALAYA,ASSAM,UDALGURI,3.2,5.8,-44.0,D,3.2,23.5,-86.0,LD,2026-10-04 11:54:08.222506
2026-10-04,2026-10-01,2026-10-04,district,ASSAM & MEGHALAYA,ASSAM,WEST KARBI ANGLONG,0.0,2.6,-100.0,NR,0.0,14.8,-100.0,NR,2026-10-04 11:54:08.222506
2026-10-04,2026-10-01,2026-10-04,district,ASSAM & MEGHALAYA,MEGHALAYA,EAST GARO HILLS,0.0,8.9,-99.0,LD,2.9,37.2,-92.0,LD,2026-10-04 11:54:08.222506
2026-10-04,2026-10-01,2026-10-04,district,ASSAM & MEGHALAYA,MEGHALAYA,EAST JAINTIA HILLS,0.2,21.4,-99.0,LD,13.6,57.9,-76.0,LD,2026-10-04 11:54:08.222506
2026-10-04,2026-10-01,2026-10-04,district,ASSAM & MEGHALAYA,MEGHALAYA,EAST KHASI HILLS,0.1,14.2,-99.0,LD,6.8,48.0,-86.0,LD,2026-10-04 11:54:08.222506
2026-10-04,2026-10-01,2026-10-04,district,ASSAM & MEGHALAYA,MEGHALAYA,NORTH GARO HILLS,0.8,7.2,-89.0,LD,1.4,21.2,-93.0,LD,2026-10-04 11:54:08.222506
2026-10-04,2026-10-01,2026-10-04,district,ASSAM & MEGHALAYA,MEGHALAYA,RI BHOI,0.3,7.6,-96.0,LD,9.1,34.8,-74.0,LD,2026-10-04 11:54:08.222506
2026-10-04,2026-10-01,2026-10-04,district,ASSAM & MEGHALAYA,MEGHALAYA,SOUTH GARO HILLS,0.2,7.2,-97.0,LD,9.0,21.2,-58.0,D,2026-10-04 11:54:08.222506
2026-10-04,2026-10-01,2026-10-04,district,ASSAM & MEGHALAYA,MEGHALAYA,SOUTH WEST GARO HILLS,0.0,7.2,-100.0,NR,1.5,21.2,-93.0,LD,2026-10-04 11:54:08.222506
2026-10-04,2026-10-01,2026-10-04,district,ASSAM & MEGHALAYA,MEGHALAYA,SOUTH WEST KHASI HILLS,1.8,7.2,-75.0,LD,10.0,21.2,-53.0,D,2026-10-04 11:54:08.222506
2026-10-04,2026-10-01,2026-10-04,district,ASSAM & MEGHALAYA,MEGHALAYA,WEST GARO HILLS,0.1,7.2,-99.0,LD,0.9,32.0,-97.0,LD,2026-10-04 11:54:08.222506
2026-10-04,2026-10-01,2026-10-04,district,ASSAM & MEGHALAYA,MEGHALAYA,WEST JAINTIA HILLS,0.0,21.4,-99.0,LD,83.0,57.9,43.0,E,2026-10-04 11:54:08.222506
2026-10-04,2026-10-01,2026-10-04,district,ASSAM & MEGHALAYA,MEGHALAYA,WEST KHASI HILLS,0.2,13.0,-98.0,LD,5.5,40.9,-87.0,LD,2026-10-04 11:54:08.222506
2026-10-04,2026-10-01,2026-10-04,district,BIHAR,BIHAR,ARARIA,0.5,4.4,-89.0,LD,0.5,17.5,-97.0,LD,2026-10-04 11:54:08.222506
2026-10-04,2026-10-01,2026-10-04,district,BIHAR,BIHAR,ARWAL,0.0,0.3,-100.0,NR,0.0,6.1,-100.0,NR,2026-10-04 11:54:08.222506
2026-10-04,2026-10-01,2026-10-04,district,BIHAR,BIHAR,AURANGABAD,0.0,2.0,-100.0,NR,0.0,9.0,-100.0,NR,2026-10-04 11:54:08.222506
2026-10-04,2026-10-01,2026-10-04,district,BIHAR,BIHAR,BANKA,0.0,4.4,-100.0,NR,0.0,13.5,-100.0,NR,2026-10-04 11:54:08.222506
2026-10-04,2026-10-01,2026-10-04,district,BIHAR,BIHAR,BEGUSARAI,0.0,3.6,-100.0,NR,0.0,10.0,-100.0,NR,2026-10-04 11:54:08.222506
2026-10-04,2026-10-01,2026-10-04,district,BIHAR,BIHAR,BHABUA,0.0,2.0,-100.0,NR,0.0,7.7,-100.0,NR,2026-10-04 11:54:08.222506
2026-10-04,2026-10-01,2026-10-04,district,BIHAR,BIHAR,BHAGALPUR,0.0,4.3,-100.0,NR,0.0,15.4,-100.0,NR,2026-10-04 11:54:08.222506
2026-10-04,2026-10-01,2026-10-04,district,BIHAR,BIHAR,BHOJPUR,0.0,5.2,-100.0,NR,0.0,14.2,-100.0,NR,2026-10-04 11:54:08.222506
2026-10-04,2026-10-01,2026-10-04,district,BIHAR,BIHAR,BUXAR,0.0,2.8,-100.0,NR,0.0,7.1,-100.0,NR,2026-10-04 11:54:08.222506
2026-10-04,2026-10-01,2026-10-04,district,BIHAR,BIHAR,DARBHANGA,0.0,3.1,-100.0,NR,0.0,14.7,-100.0,NR,2026-10-04 11:54:08.222506
2026-10-04,2026-10-01,2026-10-04,district,BIHAR,BIHAR,EAST CHAMPARAN,0.0,4.3,-100.0,NR,0.0,19.3,-100.0,NR,2026-10-04 11:54:08.222506
2026-10-04,2026-10-01,2026-10-04,district,BIHAR,BIHAR,GAYA,0.0,3.4,-100.0,NR,0.0,10.5,-100.0,NR,2026-10-04 11:54:08.222506
2026-10-04,2026-10-01,2026-10-04,district,BIHAR,BIHAR,GOPALGANJ,0.0,2.0,-100.0,NR,0.0,11.9,-100.0,NR,2026-10-04 11:54:08.222506
2026-10-04,2026-10-01,2026-10-04,district,BIHAR,BIHAR,JAHANABAD,0.0,3.2,-100.0,NR,0.0,7.5,-100.0,NR,2026-10-04 11:54:08.222506
2026-10-04,2026-10-01,2026-10-04,district,BIHAR,BIHAR,JAMUI,0.0,3.0,-100.0,NR,0.0,11.1,-100.0,NR,2026-10-04 11:54:08.222506
2026-10-04,2026-10-01,2026-10-04,district,BIHAR,BIHAR,KATIHAR,0.0,4.6,-100.0,NR,0.0,18.7,-100.0,NR,2026-10-04 11:54:08.222506
2026-10-04,2026-10-01,2026-10-04,district,BIHAR,BIHAR,KHAGARIA,0.0,4.3,-100.0,NR,0.0,10.9,-100.0,NR,2026-10-04 11:54:08.222506
2026-10-04,2026-10-01,2026-10-04,district,BIHAR,BIHAR,KISHANGANJ,0.0,4.7,-100.0,NR,0.0,22.7,-100.0,NR,2026-10-04 11:54:08.222506
2026-10-04,2026-10-01,2026-10-04,district,BIHAR,BIHAR,LAKHISARAI,0.0,4.0,-100.0,NR,0.0,9.4,-100.0,NR,2026-10-04 11:54:08.222506
2026-10-04,2026-10-01,2026-10-04,district,BIHAR,BIHAR,MADHEPURA,0.0,5.1,-100.0,NR,0.0,16.6,-100.0,NR,2026-10-04 11:54:08.222506
2026-10-04,2026-10-01,2026-10-04,district,BIHAR,BIHAR,MADHUBANI,0.2,3.3,-95.0,LD,0.2,11.7,-99.0,LD,2026-10-04 11:54:08.222506
2026-10-04,2026-10-01,2026-10-04,district,BIHAR,BIHAR,MUNGER,0.0,6.9,-100.0,NR,0.0,15.1,-100.0,NR,2026-10-04 11:54:08.222506
2026-10-04,2026-10-01,2026-10-04,district,BIHAR,BIHAR,MUZAFFARPUR,0.0,1.7,-100.0,NR,0.0,9.1,-100.0,NR,2026-10-04 11:54:08.222506
2026-10-04,2026-10-01,2026-10-04,district,BIHAR,BIHAR,NALANDA,0.0,1.9,-100.0,NR,0.0,6.3,-100.0,NR,2026-10-04 11:54:08.222506
2026-10-04,2026-10-01,2026-10-04,district,BIHAR,BIHAR,NAWADA,0.0,3.9,-100.0,NR,0.0,10.6,-100.0,NR,2026-10-04 11:54:08.222506
2026-10-04,2026-10-01,2026-10-04,district,BIHAR,BIHAR,PATNA,0.0,3.1,-100.0,NR,0.0,11.9,-100.0,NR,2026-10-04 11:54:08.222506
2026-10-04,2026-10-01,2026-10-04,district,BIHAR,BIHAR,PURNEA,0.0,6.4,-99.0,LD,0.0,23.9,-99.0,LD,2026-10-04 11:54:08.222506
2026-10-04,2026-10-01,2026-10-04,district,BIHAR,BIHAR,ROHTAS,0.0,2.4,-100.0,NR,0.0,8.8,-100.0,NR,2026-10-04 11:54:08.222506
2026-10-04,2026-10-01,2026-10-04,district,BIHAR,BIHAR,SAHARSA,0.1,3.9,-97.0,LD,0.1,17.1,-99.0,LD,2026-10-04 11:54:08.222506
2026-10-04,2026-10-01,2026-10-04,district,BIHAR,BIHAR,SAMASTIPUR,0.3,1.6,-84.0,LD,0.3,9.7,-97.0,LD,2026-10-04 11:54:08.222506
2026-10-04,2026-10-01,2026-10-04,district,BIHAR,BIHAR,SARAN,0.0,2.7,-100.0,NR,0.0,14.1,-100.0,NR,2026-10-04 11:54:08.222506
2026-10-04,2026-10-01,2026-10-04,district,BIHAR,BIHAR,SHEIKHPURA,0.0,2.5,-100.0,NR,0.0,6.6,-100.0,NR,2026-10-04 11:54:08.222506
2026-10-04,2026-10-01,2026-10-04,district,BIHAR,BIHAR,SHEOHAR,0.0,1.1,-100.0,NR,0.0,6.7,-100.0,NR,2026-10-04 11:54:08.222506
2026-10-04,2026-10-01,2026-10-04,district,BIHAR,BIHAR,SITAMARHI,0.0,2.1,-100.0,NR,0.0,12.9,-100.0,NR,2026-10-04 11:54:08.222506
2026-10-04,2026-10-01,2026-10-04,district,BIHAR,BIHAR,SIWAN,0.0,2.5,-100.0,NR,0.0,12.0,-100.0,NR,2026-10-04 11:54:08.222506
2026-10-04,2026-10-01,2026-10-04,district,BIHAR,BIHAR,SUPAUL,0.0,3.1,-99.0,LD,0.0,14.4,-99.0,LD,2026-10-04 11:54:08.222506
2026-10-04,2026-10-01,2026-10-04,district,BIHAR,BIHAR,VAISHALI,0.0,3.3,-100.0,NR,0.0,11.8,-100.0,NR,2026-10-04 11:54:08.222506
2026-10-04,2026-10-01,2026-10-04,district,BIHAR,BIHAR,WEST CHAMPARAN,0.0,1.7,-100.0,NR,0.3,13.8,-98.0,LD,2026-10-04 11:54:08.222506
2026-10-04,2026-10-01,2026-10-04,district,CHHATTISGARH,CHHATTISGARH,BALOD,0.0,1.1,-100.0,NR,0.0,7.1,-100.0,NR,2026-10-04 11:54:08.222506
2026-10-04,2026-10-01,2026-10-04,district,CHHATTISGARH,CHHATTISGARH,BALODA BAZAR,0.0,3.3,-100.0,NR,0.0,9.5,-100.0,NR,2026-10-04 11:54:08.222506
2026-10-04,2026-10-01,2026-10-04,district,CHHATTISGARH,CHHATTISGARH,BALRAMPUR,0.0,5.0,-100.0,NR,0.0,17.1,-100.0,NR,2026-10-04 11:54:08.222506
2026-10-04,2026-10-01,2026-10-04,district,CHHATTISGARH,CHHATTISGARH,BASTAR,0.0,6.1,-100.0,NR,0.0,20.8,-100.0,NR,2026-10-04 11:54:08.222506
2026-10-04,2026-10-01,2026-10-04,district,CHHATTISGARH,CHHATTISGARH,BEMETARA,0.0,1.8,-100.0,NR,0.0,8.4,-100.0,NR,2026-10-04 11:54:08.222506
2026-10-04,2026-10-01,2026-10-04,district,CHHATTISGARH,CHHATTISGARH,BIJAPUR,0.0,10.6,-100.0,NR,0.4,25.5,-98.0,LD,2026-10-04 11:54:08.222506
2026-10-04,2026-10-01,2026-10-04,district,CHHATTISGARH,CHHATTISGARH,BILASPUR,0.0,2.5,-100.0,NR,0.0,11.2,-100.0,NR,2026-10-04 11:54:08.222506
2026-10-04,2026-10-01,2026-10-04,district,CHHATTISGARH,CHHATTISGARH,DANTEWADA,0.0,8.0,-100.0,NR,0.0,26.1,-100.0,NR,2026-10-04 11:54:08.222506
2026-10-04,2026-10-01,2026-10-04,district,CHHATTISGARH,CHHATTISGARH,DHAMTARI,0.0,3.4,-100.0,NR,0.0,12.3,-100.0,NR,2026-10-04 11:54:08.222506
2026-10-04,2026-10-01,2026-10-04,district,CHHATTISGARH,CHHATTISGARH,DURG,0.0,2.5,-100.0,NR,0.0,10.8,-100.0,NR,2026-10-04 11:54:08.222506
2026-10-04,2026-10-01,2026-10-04,district,CHHATTISGARH,CHHATTISGARH,GARIABAND,0.0,6.9,-100.0,NR,0.8,16.1,-95.0,LD,2026-10-04 11:54:08.222506
2026-10-04,2026-10-01,2026-10-04,district,CHHATTISGARH,CHHATTISGARH,GAURELA PENDRA MARWAHI,0.0,7.9,-100.0,NR,0.0,16.1,-100.0,NR,2026-10-04 11:54:08.222506
2026-10-04,2026-10-01,2026-10-04,district,CHHATTISGARH,CHHATTISGARH,JANJGIR,0.0,4.0,-100.0,NR,0.0,16.3,-100.0,NR,2026-10-04 11:54:08.222506
2026-10-04,2026-10-01,2026-10-04,district,CHHATTISGARH,CHHATTISGARH,JASHPUR,0.0,5.5,-100.0,NR,0.0,13.8,-100.0,NR,2026-10-04 11:54:08.222506
2026-10-04,2026-10-01,2026-10-04,district,CHHATTISGARH,CHHATTISGARH,KABIRDHAM,0.0,3.9,-100.0,NR,0.0,11.1,-100.0,NR,2026-10-04 11:54:08.222506
2026-10-04,2026-10-01,2026-10-04,district,CHHATTISGARH,CHHATTISGARH,KANKER,0.0,2.9,-100.0,NR,0.0,13.0,-100.0,NR,2026-10-04 11:54:08.222506
2026-10-04,2026-10-01,2026-10-04,district,CHHATTISGARH,CHHATTISGARH,KHAIRAGARH CHH GANDAI,0.0,3.0,-100.0,NR,0.0,9.3,-100.0,NR,2026-10-04 11:54:08.222506
2026-10-04,2026-10-01,2026-10-04,district,CHHATTISGARH,CHHATTISGARH,KONDAGAON,0.0,4.3,-100.0,NR,0.0,16.9,-100.0,NR,2026-10-04 11:54:08.222506
2026-10-04,2026-10-01,2026-10-04,district,CHHATTISGARH,CHHATTISGARH,KORBA,0.0,3.5,-100.0,NR,0.0,13.1,-100.0,NR,2026-10-04 11:54:08.222506
2026-10-04,2026-10-01,2026-10-04,district,CHHATTISGARH,CHHATTISGARH,KORIYA,0.0,2.7,-100.0,NR,0.0,12.4,-100.0,NR,2026-10-04 11:54:08.222506
2026-10-04,2026-10-01,2026-10-04,district,CHHATTISGARH,CHHATTISGARH,MAHASAMUND,0.0,2.3,-100.0,NR,0.0,10.3,-100.0,NR,2026-10-04 11:54:08.222506
2026-10-04,2026-10-01,2026-10-04,district,CHHATTISGARH,CHHATTISGARH,MANENDRAGARH BHARATPUR,0.0,2.7,-100.0,NR,0.0,12.5,-100.0,NR,2026-10-04 11:54:08.222506
2026-10-04,2026-10-01,2026-10-04,district,CHHATTISGARH,CHHATTISGARH,MOHALA MANPUR CHOWKI,0.0,1.7,-100.0,NR,0.0,8.0,-100.0,NR,2026-10-04 11:54:08.222506
2026-10-04,2026-10-01,2026-10-04,district,CHHATTISGARH,CHHATTISGARH,MUNGELI,0.0,2.9,-100.0,NR,0.0,11.1,-100.0,NR,2026-10-04 11:54:08.222506
2026-10-04,2026-10-01,2026-10-04,district,CHHATTISGARH,CHHATTISGARH,NARAYANPUR,0.0,4.8,-100.0,NR,0.0,16.6,-100.0,NR,2026-10-04 11:54:08.222506
2026-10-04,2026-10-01,2026-10-04,district,CHHATTISGARH,CHHATTISGARH,RAIGARH,0.0,1.5,-100.0,NR,0.0,8.1,-100.0,NR,2026-10-04 11:54:08.222506
2026-10-04,2026-10-01,2026-10-04,district,CHHATTISGARH,CHHATTISGARH,RAIPUR,0.0,4.0,-100.0,NR,0.0,11.3,-100.0,NR,2026-10-04 11:54:08.222506
2026-10-04,2026-10-01,2026-10-04,district,CHHATTISGARH,CHHATTISGARH,RAJNANDGAON,0.0,3.2,-100.0,NR,0.0,11.9,-100.0,NR,2026-10-04 11:54:08.222506
2026-10-04,2026-10-01,2026-10-04,district,CHHATTISGARH,CHHATTISGARH,SAKTI,0.0,1.7,-100.0,NR,0.0,9.2,-100.0,NR,2026-10-04 11:54:08.222506
2026-10-04,2026-10-01,2026-10-04,district,CHHATTISGARH,CHHATTISGARH,SARANGARH BILAIGARH,0.0,2.1,-100.0,NR,0.0,7.6,-100.0,NR,2026-10-04 11:54:08.222506
2026-10-04,2026-10-01,2026-10-04,district,CHHATTISGARH,CHHATTISGARH,SUKMA,0.0,5.2,-100.0,NR,0.0,17.7,-100.0,NR,2026-10-04 11:54:08.222506
2026-10-04,2026-10-01,2026-10-04,district,CHHATTISGARH,CHHATTISGARH,SURAJPUR,0.0,3.1,-100.0,NR,0.0,17.6,-100.0,NR,2026-10-04 11:54:08.222506
2026-10-04,2026-10-01,2026-10-04,district,CHHATTISGARH,CHHATTISGARH,SURGUJA,0.0,3.8,-100.0,NR,0.0,14.2,-100.0,NR,2026-10-04 11:54:08.222506
2026-10-04,2026-10-01,2026-10-04,district,COASTAL A. P. & YANAM,ANDHRA PRADESH,ANAKAPALLI,10.3,9.3,11.0,N,10.3,38.5,-73.0,LD,2026-10-04 11:54:08.222506
2026-10-04,2026-10-01,2026-10-04,district,COASTAL A. P. & YANAM,ANDHRA PRADESH,BAPATLA,0.0,4.5,-100.0,NR,5.2,30.7,-83.0,LD,2026-10-04 11:54:08.222506
2026-10-04,2026-10-01,2026-10-04,district,COASTAL A. P. & YANAM,ANDHRA PRADESH,DR B R AMBEDKAR KONASEEMA,0.0,9.4,-100.0,NR,2.2,49.7,-96.0,LD,2026-10-04 11:54:08.222506
2026-10-04,2026-10-01,2026-10-04,district,COASTAL A. P. & YANAM,ANDHRA PRADESH,EAST GODAVARI,0.0,7.7,-100.0,NR,0.0,33.0,-100.0,NR,2026-10-04 11:54:08.222506
2026-10-04,2026-10-01,2026-10-04,district,COASTAL A. P. & YANAM,ANDHRA PRADESH,ELURU,0.3,3.0,-90.0,LD,1.1,23.5,-95.0,LD,2026-10-04 11:54:08.222506
2026-10-04,2026-10-01,2026-10-04,district,COASTAL A. P. & YANAM,ANDHRA PRADESH,GUNTUR,0.0,4.1,-100.0,NR,2.9,22.0,-87.0,LD,2026-10-04 11:54:08.222506
2026-10-04,2026-10-01,2026-10-04,district,COASTAL A. P. & YANAM,ANDHRA PRADESH,KAKINADA,0.0,6.0,-100.0,NR,18.2,27.4,-34.0,D,2026-10-04 11:54:08.222506
2026-10-04,2026-10-01,2026-10-04,district,COASTAL A. P. & YANAM,ANDHRA PRADESH,KRISHNA,0.0,5.1,-100.0,NR,0.0,27.7,-100.0,NR,2026-10-04 11:54:08.222506
2026-10-04,2026-10-01,2026-10-04,district,COASTAL A. P. & YANAM,ANDHRA PRADESH,NTR DISTRICT,0.0,2.8,-100.0,NR,7.4,24.2,-70.0,LD,2026-10-04 11:54:08.222506
2026-10-04,2026-10-01,2026-10-04,district,COASTAL A. P. & YANAM,ANDHRA PRADESH,PALNADU,0.0,2.8,-100.0,NR,0.0,23.8,-100.0,NR,2026-10-04 11:54:08.222506
2026-10-04,2026-10-01,2026-10-04,district,COASTAL A. P. & YANAM,ANDHRA PRADESH,PARVATHIPURAM MANYAM,3.7,6.6,-44.0,D,3.7,26.5,-86.0,LD,2026-10-04 11:54:08.222506
2026-10-04,2026-10-01,2026-10-04,district,COASTAL A. P. & YANAM,ANDHRA PRADESH,PRAKASAM,0.0,5.2,-100.0,NR,3.3,23.3,-86.0,LD,2026-10-04 11:54:08.222506
2026-10-04,2026-10-01,2026-10-04,district,COASTAL A. P. & YANAM,ANDHRA PRADESH,SPSR NELLORE,0.2,4.9,-96.0,LD,0.2,20.7,-99.0,LD,2026-10-04 11:54:08.222506
2026-10-04,2026-10-01,2026-10-04,district,COASTAL A. P. & YANAM,ANDHRA PRADESH,SRI ALLURI SITHARAMARAJU DISTRICT,1.9,7.0,-73.0,LD,2.1,30.5,-93.0,LD,2026-10-04 11:54:08.222506
2026-10-04,2026-10-01,2026-10-04,district,COASTAL A. P. & YANAM,ANDHRA PRADESH,SRIKAKULAM,4.4,7.9,-45.0,D,4.4,33.9,-87.0,LD,2026-10-04 11:54:08.222506
2026-10-04,2026-10-01,2026-10-04,district,COASTAL A. P. & YANAM,ANDHRA PRADESH,VISHAKHAPATNAM,0.0,9.0,-100.0,NR,0.0,33.9,-100.0,NR,2026-10-04 11:54:08.222506
2026-10-04,2026-10-01,2026-10-04,district,COASTAL A. P. & YANAM,ANDHRA PRADESH,VIZIANAGARAM,1.0,4.6,-78.0,LD,1.0,28.3,-96.0,LD,2026-10-04 11:54:08.222506
2026-10-04,2026-10-01,2026-10-04,district,COASTAL A. P. & YANAM,ANDHRA PRADESH,WEST GODAVARI,0.0,6.5,-100.0,NR,3.6,33.6,-89.0,LD,2026-10-04 11:54:08.222506
2026-10-04,2026-10-01,2026-10-04,district,COASTAL A. P. & YANAM,PUDUCHERRY (UT),YANAM,0.0,8.2,-100.0,NR,0.0,35.4,-100.0,NR,2026-10-04 11:54:08.222506
2026-10-04,2026-10-01,2026-10-04,district,COASTAL KARNATAKA,KARNATAKA,DAKSHINA KANNADA,15.3,11.8,30.0,E,29.4,48.0,-39.0,D,2026-10-04 11:54:08.222506
2026-10-04,2026-10-01,2026-10-04,district,COASTAL KARNATAKA,KARNATAKA,UDUPI,0.3,11.6,-97.0,LD,0.3,49.5,-99.0,LD,2026-10-04 11:54:08.222506
2026-10-04,2026-10-01,2026-10-04,district,COASTAL KARNATAKA,KARNATAKA,UTTARA KANNADA,3.8,10.3,-63.0,LD,3.9,37.9,-90.0,LD,2026-10-04 11:54:08.222506
2026-10-04,2026-10-01,2026-10-04,district,EAST MADHYA PRADESH,MADHYA PRADESH,ANUPPUR,0.0,4.6,-100.0,NR,0.0,10.4,-100.0,NR,2026-10-04 11:54:08.222506
2026-10-04,2026-10-01,2026-10-04,district,EAST MADHYA PRADESH,MADHYA PRADESH,BALAGHAT,0.0,2.5,-100.0,NR,0.0,11.0,-100.0,NR,2026-10-04 11:54:08.222506
2026-10-04,2026-10-01,2026-10-04,district,EAST MADHYA PRADESH,MADHYA PRADESH,CHHATARPUR,0.0,5.2,-100.0,NR,0.0,10.7,-100.0,NR,2026-10-04 11:54:08.222506
2026-10-04,2026-10-01,2026-10-04,district,EAST MADHYA PRADESH,MADHYA PRADESH,CHHINDWARA,0.0,5.2,-100.0,NR,0.0,13.2,-100.0,NR,2026-10-04 11:54:08.222506
2026-10-04,2026-10-01,2026-10-04,district,EAST MADHYA PRADESH,MADHYA PRADESH,DAMOH,0.0,3.5,-100.0,NR,0.0,8.6,-100.0,NR,2026-10-04 11:54:08.222506
2026-10-04,2026-10-01,2026-10-04,district,EAST MADHYA PRADESH,MADHYA PRADESH,DINDORI,0.0,1.6,-100.0,NR,0.0,8.1,-100.0,NR,2026-10-04 11:54:08.222506
2026-10-04,2026-10-01,2026-10-04,district,EAST MADHYA PRADESH,MADHYA PRADESH,JABALPUR,0.0,2.5,-100.0,NR,0.0,10.3,-100.0,NR,2026-10-04 11:54:08.222506
2026-10-04,2026-10-01,2026-10-04,district,EAST MADHYA PRADESH,MADHYA PRADESH,KATNI,0.0,3.4,-100.0,NR,0.0,9.1,-100.0,NR,2026-10-04 11:54:08.222506
2026-10-04,2026-10-01,2026-10-04,district,EAST MADHYA PRADESH,MADHYA PRADESH,MAIHAR,0.0,9.4,-100.0,NR,0.0,17.8,-100.0,NR,2026-10-04 11:54:08.222506
2026-10-04,2026-10-01,2026-10-04,district,EAST MADHYA PRADESH,MADHYA PRADESH,MANDLA,0.0,2.1,-100.0,NR,0.0,9.8,-100.0,NR,2026-10-04 11:54:08.222506
2026-10-04,2026-10-01,2026-10-04,district,EAST MADHYA PRADESH,MADHYA PRADESH,MAUGANJ,0.0,5.7,-100.0,NR,0.0,11.8,-100.0,NR,2026-10-04 11:54:08.222506
2026-10-04,2026-10-01,2026-10-04,district,EAST MADHYA PRADESH,MADHYA PRADESH,NARSINGHPUR,0.0,3.1,-100.0,NR,1.0,6.9,-86.0,LD,2026-10-04 11:54:08.222506
2026-10-04,2026-10-01,2026-10-04,district,EAST MADHYA PRADESH,MADHYA PRADESH,NIWARI,0.0,8.7,-100.0,NR,0.0,17.2,-100.0,NR,2026-10-04 11:54:08.222506
2026-10-04,2026-10-01,2026-10-04,district,EAST MADHYA PRADESH,MADHYA PRADESH,PANDHURNA,0.0,3.2,-100.0,NR,0.0,9.5,-100.0,NR,2026-10-04 11:54:08.222506
2026-10-04,2026-10-01,2026-10-04,district,EAST MADHYA PRADESH,MADHYA PRADESH,PANNA,0.0,5.0,-100.0,NR,0.0,10.1,-100.0,NR,2026-10-04 11:54:08.222506
2026-10-04,2026-10-01,2026-10-04,district,EAST MADHYA PRADESH,MADHYA PRADESH,REWA,0.0,8.0,-100.0,NR,0.0,14.0,-100.0,NR,2026-10-04 11:54:08.222506
2026-10-04,2026-10-01,2026-10-04,district,EAST MADHYA PRADESH,MADHYA PRADESH,SAGAR,0.0,3.0,-100.0,NR,0.2,5.7,-97.0,LD,2026-10-04 11:54:08.222506
2026-10-04,2026-10-01,2026-10-04,district,EAST MADHYA PRADESH,MADHYA PRADESH,SATNA,0.0,5.7,-100.0,NR,0.0,11.8,-100.0,NR,2026-10-04 11:54:08.222506
2026-10-04,2026-10-01,2026-10-04,district,EAST MADHYA PRADESH,MADHYA PRADESH,SEONI,0.0,4.2,-100.0,NR,0.0,13.2,-100.0,NR,2026-10-04 11:54:08.222506
2026-10-04,2026-10-01,2026-10-04,district,EAST MADHYA PRADESH,MADHYA PRADESH,SHAHDOL,0.0,3.4,-100.0,NR,0.0,9.5,-100.0,NR,2026-10-04 11:54:08.222506
2026-10-04,2026-10-01,2026-10-04,district,EAST MADHYA PRADESH,MADHYA PRADESH,SIDHI,0.0,4.4,-100.0,NR,1.9,12.1,-85.0,LD,2026-10-04 11:54:08.222506
2026-10-04,2026-10-01,2026-10-04,district,EAST MADHYA PRADESH,MADHYA PRADESH,SINGRAULI,0.0,5.2,-100.0,NR,0.0,13.2,-100.0,NR,2026-10-04 11:54:08.222506
2026-10-04,2026-10-01,2026-10-04,district,EAST MADHYA PRADESH,MADHYA PRADESH,TIKAMGARH,0.0,2.3,-100.0,NR,0.0,5.5,-100.0,NR,2026-10-04 11:54:08.222506
2026-10-04,2026-10-01,2026-10-04,district,EAST MADHYA PRADESH,MADHYA PRADESH,UMARIA,0.0,5.3,-100.0,NR,0.0,14.0,-100.0,NR,2026-10-04 11:54:08.222506
2026-10-04,2026-10-01,2026-10-04,district,EAST RAJASTHAN,RAJASTHAN,AJMER,0.0,0.4,-100.0,NR,0.0,1.8,-100.0,NR,2026-10-04 11:54:08.222506
2026-10-04,2026-10-01,2026-10-04,district,EAST RAJASTHAN,RAJASTHAN,ALWAR,0.0,0.6,-100.0,NR,0.0,2.5,-100.0,NR,2026-10-04 11:54:08.222506
2026-10-04,2026-10-01,2026-10-04,district,EAST RAJASTHAN,RAJASTHAN,BANSWARA,0.0,1.5,-100.0,NR,0.0,5.6,-100.0,NR,2026-10-04 11:54:08.222506
2026-10-04,2026-10-01,2026-10-04,district,EAST RAJASTHAN,RAJASTHAN,BARAN,0.0,1.7,-100.0,NR,0.0,4.5,-100.0,NR,2026-10-04 11:54:08.222506
2026-10-04,2026-10-01,2026-10-04,district,EAST RAJASTHAN,RAJASTHAN,BHARATPUR,0.0,1.1,-100.0,NR,0.0,3.3,-100.0,NR,2026-10-04 11:54:08.222506
2026-10-04,2026-10-01,2026-10-04,district,EAST RAJASTHAN,RAJASTHAN,BHILWARA,0.0,0.4,-100.0,NR,0.0,1.7,-100.0,NR,2026-10-04 11:54:08.222506
2026-10-04,2026-10-01,2026-10-04,district,EAST RAJASTHAN,RAJASTHAN,BUNDI,0.0,0.6,-100.0,NR,0.0,1.6,-100.0,NR,2026-10-04 11:54:08.222506
2026-10-04,2026-10-01,2026-10-04,district,EAST RAJASTHAN,RAJASTHAN,CHITTORGARH,0.0,0.4,-100.0,NR,0.0,3.2,-100.0,NR,2026-10-04 11:54:08.222506
2026-10-04,2026-10-01,2026-10-04,district,EAST RAJASTHAN,RAJASTHAN,DAUSA,0.0,0.4,-100.0,NR,0.0,2.9,-100.0,NR,2026-10-04 11:54:08.222506
2026-10-04,2026-10-01,2026-10-04,district,EAST RAJASTHAN,RAJASTHAN,DHOLPUR,0.0,2.9,-100.0,NR,0.0,5.3,-100.0,NR,2026-10-04 11:54:08.222506
2026-10-04,2026-10-01,2026-10-04,district,EAST RAJASTHAN,RAJASTHAN,DUNGARPUR,0.0,0.9,-100.0,NR,0.0,4.8,-100.0,NR,2026-10-04 11:54:08.222506
2026-10-04,2026-10-01,2026-10-04,district,EAST RAJASTHAN,RAJASTHAN,JAIPUR,0.0,0.6,-100.0,NR,0.0,3.6,-100.0,NR,2026-10-04 11:54:08.222506
2026-10-04,2026-10-01,2026-10-04,district,EAST RAJASTHAN,RAJASTHAN,JHALAWAR,0.0,1.7,-100.0,NR,0.0,4.0,-100.0,NR,2026-10-04 11:54:08.222506
2026-10-04,2026-10-01,2026-10-04,district,EAST RAJASTHAN,RAJASTHAN,JHUNJHUNU,0.0,0.5,-100.0,NR,0.0,3.0,-100.0,NR,2026-10-04 11:54:08.222506
2026-10-04,2026-10-01,2026-10-04,district,EAST RAJASTHAN,RAJASTHAN,KARAULI,0.0,0.7,-100.0,NR,0.0,2.5,-100.0,NR,2026-10-04 11:54:08.222506
2026-10-04,2026-10-01,2026-10-04,district,EAST RAJASTHAN,RAJASTHAN,KOTA,0.0,1.0,-100.0,NR,0.0,3.8,-100.0,NR,2026-10-04 11:54:08.222506
2026-10-04,2026-10-01,2026-10-04,district,EAST RAJASTHAN,RAJASTHAN,PRATAPGARH,0.0,2.1,-100.0,NR,0.0,7.0,-100.0,NR,2026-10-04 11:54:08.222506
2026-10-04,2026-10-01,2026-10-04,district,EAST RAJASTHAN,RAJASTHAN,RAJSAMAND,0.0,0.4,-100.0,NR,2.3,3.4,-33.0,D,2026-10-04 11:54:08.222506
2026-10-04,2026-10-01,2026-10-04,district,EAST RAJASTHAN,RAJASTHAN,SAWAI MADHOPUR,0.0,1.5,-100.0,NR,0.0,4.1,-100.0,NR,2026-10-04 11:54:08.222506
2026-10-04,2026-10-01,2026-10-04,district,EAST RAJASTHAN,RAJASTHAN,SIKAR,0.0,0.7,-100.0,NR,0.0,3.6,-100.0,NR,2026-10-04 11:54:08.222506
2026-10-04,2026-10-01,2026-10-04,district,EAST RAJASTHAN,RAJASTHAN,SIROHI,0.0,0.5,-100.0,NR,0.0,3.6,-100.0,NR,2026-10-04 11:54:08.222506
2026-10-04,2026-10-01,2026-10-04,district,EAST RAJASTHAN,RAJASTHAN,TONK,0.0,0.7,-100.0,NR,0.0,1.9,-100.0,NR,2026-10-04 11:54:08.222506
2026-10-04,2026-10-01,2026-10-04,district,EAST RAJASTHAN,RAJASTHAN,UDAIPUR,0.0,0.8,-100.0,NR,0.0,3.5,-100.0,NR,2026-10-04 11:54:08.222506
2026-10-04,2026-10-01,2026-10-04,district,EAST UTTAR PRADESH,UTTAR PRADESH,AMBEDKAR NAGAR,0.0,1.5,-100.0,NR,0.0,4.7,-100.0,NR,2026-10-04 11:54:08.222506
2026-10-04,2026-10-01,2026-10-04,district,EAST UTTAR PRADESH,UTTAR PRADESH,AMETHI,0.0,1.7,-100.0,NR,0.0,5.3,-100.0,NR,2026-10-04 11:54:08.222506
2026-10-04,2026-10-01,2026-10-04,district,EAST UTTAR PRADESH,UTTAR PRADESH,AYODHYA,0.0,4.4,-100.0,NR,0.0,10.0,-100.0,NR,2026-10-04 11:54:08.222506
2026-10-04,2026-10-01,2026-10-04,district,EAST UTTAR PRADESH,UTTAR PRADESH,AZAMGARH,0.0,2.6,-100.0,NR,0.0,9.3,-100.0,NR,2026-10-04 11:54:08.222506
2026-10-04,2026-10-01,2026-10-04,district,EAST UTTAR PRADESH,UTTAR PRADESH,BAHRAICH,0.0,2.6,-100.0,NR,0.0,7.2,-100.0,NR,2026-10-04 11:54:08.222506
2026-10-04,2026-10-01,2026-10-04,district,EAST UTTAR PRADESH,UTTAR PRADESH,BALLIA,0.0,2.5,-100.0,NR,0.0,9.6,-100.0,NR,2026-10-04 11:54:08.222506
2026-10-04,2026-10-01,2026-10-04,district,EAST UTTAR PRADESH,UTTAR PRADESH,BALRAMPUR,0.0,2.1,-100.0,NR,0.0,6.1,-100.0,NR,2026-10-04 11:54:08.222506
2026-10-04,2026-10-01,2026-10-04,district,EAST UTTAR PRADESH,UTTAR PRADESH,BANDA,0.0,2.3,-100.0,NR,0.0,6.6,-100.0,NR,2026-10-04 11:54:08.222506
2026-10-04,2026-10-01,2026-10-04,district,EAST UTTAR PRADESH,UTTAR PRADESH,BARABANKI,0.0,3.4,-100.0,NR,0.0,10.0,-100.0,NR,2026-10-04 11:54:08.222506
2026-10-04,2026-10-01,2026-10-04,district,EAST UTTAR PRADESH,UTTAR PRADESH,BASTI,0.0,1.2,-100.0,NR,0.0,7.6,-100.0,NR,2026-10-04 11:54:08.222506
2026-10-04,2026-10-01,2026-10-04,district,EAST UTTAR PRADESH,UTTAR PRADESH,BHADOHI,0.0,5.3,-100.0,NR,0.0,15.5,-100.0,NR,2026-10-04 11:54:08.222506
2026-10-04,2026-10-01,2026-10-04,district,EAST UTTAR PRADESH,UTTAR PRADESH,CHANDAULI,0.0,2.2,-100.0,NR,0.0,5.8,-100.0,NR,2026-10-04 11:54:08.222506
2026-10-04,2026-10-01,2026-10-04,district,EAST UTTAR PRADESH,UTTAR PRADESH,CHITRAKOOT,0.0,5.9,-100.0,NR,0.0,14.0,-100.0,NR,2026-10-04 11:54:08.222506
2026-10-04,2026-10-01,2026-10-04,district,EAST UTTAR PRADESH,UTTAR PRADESH,DEORIA,0.0,3.6,-100.0,NR,0.0,9.9,-100.0,NR,2026-10-04 11:54:08.222506
2026-10-04,2026-10-01,2026-10-04,district,EAST UTTAR PRADESH,UTTAR PRADESH,FARRUKHABAD,0.0,2.4,-100.0,NR,0.0,4.8,-100.0,NR,2026-10-04 11:54:08.222506
2026-10-04,2026-10-01,2026-10-04,district,EAST UTTAR PRADESH,UTTAR PRADESH,FATEHPUR,0.0,1.7,-100.0,NR,0.0,4.1,-100.0,NR,2026-10-04 11:54:08.222506
2026-10-04,2026-10-01,2026-10-04,district,EAST UTTAR PRADESH,UTTAR PRADESH,GHAZIPUR,0.0,4.3,-100.0,NR,0.0,9.7,-100.0,NR,2026-10-04 11:54:08.222506
2026-10-04,2026-10-01,2026-10-04,district,EAST UTTAR PRADESH,UTTAR PRADESH,GONDA,0.0,5.2,-100.0,NR,0.0,12.3,-100.0,NR,2026-10-04 11:54:08.222506
2026-10-04,2026-10-01,2026-10-04,district,EAST UTTAR PRADESH,UTTAR PRADESH,GORAKHPUR,0.0,4.3,-100.0,NR,0.0,16.7,-100.0,NR,2026-10-04 11:54:08.222506
2026-10-04,2026-10-01,2026-10-04,district,EAST UTTAR PRADESH,UTTAR PRADESH,HARDOI,0.0,2.2,-100.0,NR,0.0,6.4,-100.0,NR,2026-10-04 11:54:08.222506
2026-10-04,2026-10-01,2026-10-04,district,EAST UTTAR PRADESH,UTTAR PRADESH,JAUNPUR,0.0,2.6,-100.0,NR,0.0,6.9,-100.0,NR,2026-10-04 11:54:08.222506
2026-10-04,2026-10-01,2026-10-04,district,EAST UTTAR PRADESH,UTTAR PRADESH,KANNAUJ,0.0,3.1,-100.0,NR,0.0,6.3,-100.0,NR,2026-10-04 11:54:08.222506
2026-10-04,2026-10-01,2026-10-04,district,EAST UTTAR PRADESH,UTTAR PRADESH,KANPUR CITY,0.0,3.3,-100.0,NR,0.0,8.3,-100.0,NR,2026-10-04 11:54:08.222506
2026-10-04,2026-10-01,2026-10-04,district,EAST UTTAR PRADESH,UTTAR PRADESH,KANPUR DEHAT,0.0,2.5,-100.0,NR,0.0,5.5,-100.0,NR,2026-10-04 11:54:08.222506
2026-10-04,2026-10-01,2026-10-04,district,EAST UTTAR PRADESH,UTTAR PRADESH,KAUSHAMBI,0.0,2.8,-100.0,NR,0.0,6.9,-100.0,NR,2026-10-04 11:54:08.222506
2026-10-04,2026-10-01,2026-10-04,district,EAST UTTAR PRADESH,UTTAR PRADESH,KHERI,0.0,3.1,-100.0,NR,0.0,7.1,-100.0,NR,2026-10-04 11:54:08.222506
2026-10-04,2026-10-01,2026-10-04,district,EAST UTTAR PRADESH,UTTAR PRADESH,KUSHI NAGAR,0.0,4.8,-100.0,NR,0.0,9.7,-100.0,NR,2026-10-04 11:54:08.222506
2026-10-04,2026-10-01,2026-10-04,district,EAST UTTAR PRADESH,UTTAR PRADESH,LUCKNOW,0.0,3.2,-100.0,NR,0.0,6.2,-100.0,NR,2026-10-04 11:54:08.222506
2026-10-04,2026-10-01,2026-10-04,district,EAST UTTAR PRADESH,UTTAR PRADESH,MAHARAJGANJ,0.0,2.8,-100.0,NR,0.0,10.7,-100.0,NR,2026-10-04 11:54:08.222506
2026-10-04,2026-10-01,2026-10-04,district,EAST UTTAR PRADESH,UTTAR PRADESH,MAU,0.0,1.8,-100.0,NR,0.0,6.0,-100.0,NR,2026-10-04 11:54:08.222506
2026-10-04,2026-10-01,2026-10-04,district,EAST UTTAR PRADESH,UTTAR PRADESH,MIRZAPUR,0.0,3.6,-100.0,NR,0.0,8.4,-100.0,NR,2026-10-04 11:54:08.222506
2026-10-04,2026-10-01,2026-10-04,district,EAST UTTAR PRADESH,UTTAR PRADESH,PRATAPGARH,0.0,3.3,-100.0,NR,0.0,8.9,-100.0,NR,2026-10-04 11:54:08.222506
2026-10-04,2026-10-01,2026-10-04,district,EAST UTTAR PRADESH,UTTAR PRADESH,PRAYAGRAJ,0.0,3.4,-100.0,NR,0.0,8.2,-100.0,NR,2026-10-04 11:54:08.222506
2026-10-04,2026-10-01,2026-10-04,district,EAST UTTAR PRADESH,UTTAR PRADESH,RAE BAREILLY,0.0,2.7,-100.0,NR,0.0,8.0,-100.0,NR,2026-10-04 11:54:08.222506
2026-10-04,2026-10-01,2026-10-04,district,EAST UTTAR PRADESH,UTTAR PRADESH,SANT KABIR NAGAR,0.0,2.4,-100.0,NR,0.0,4.0,-100.0,NR,2026-10-04 11:54:08.222506
2026-10-04,2026-10-01,2026-10-04,district,EAST UTTAR PRADESH,UTTAR PRADESH,SHRAWASTI,0.0,3.5,-100.0,NR,0.0,7.2,-100.0,NR,2026-10-04 11:54:08.222506
2026-10-04,2026-10-01,2026-10-04,district,EAST UTTAR PRADESH,UTTAR PRADESH,SIDDHARTH NAGAR,0.0,1.5,-100.0,NR,0.0,8.8,-100.0,NR,2026-10-04 11:54:08.222506
2026-10-04,2026-10-01,2026-10-04,district,EAST UTTAR PRADESH,UTTAR PRADESH,SITAPUR,0.0,2.9,-100.0,NR,0.0,7.4,-100.0,NR,2026-10-04 11:54:08.222506
2026-10-04,2026-10-01,2026-10-04,district,EAST UTTAR PRADESH,UTTAR PRADESH,SONBHADRA,0.0,4.0,-100.0,NR,0.0,8.1,-100.0,NR,2026-10-04 11:54:08.222506
2026-10-04,2026-10-01,2026-10-04,district,EAST UTTAR PRADESH,UTTAR PRADESH,SULTANPUR,0.0,2.4,-100.0,NR,0.0,7.8,-100.0,NR,2026-10-04 11:54:08.222506
2026-10-04,2026-10-01,2026-10-04,district,EAST UTTAR PRADESH,UTTAR PRADESH,UNNAO,0.0,2.2,-100.0,NR,0.0,6.1,-100.0,NR,2026-10-04 11:54:08.222506
2026-10-04,2026-10-01,2026-10-04,district,EAST UTTAR PRADESH,UTTAR PRADESH,VARANASI,0.0,5.1,-100.0,NR,0.0,9.0,-100.0,NR,2026-10-04 11:54:08.222506
2026-10-04,2026-10-01,2026-10-04,district,GANGETIC WEST BENGAL,WEST BENGAL,BANKURA,0.0,4.3,-100.0,NR,0.0,21.5,-100.0,NR,2026-10-04 11:54:08.222506
2026-10-04,2026-10-01,2026-10-04,district,GANGETIC WEST BENGAL,WEST BENGAL,BIRBHUM,0.0,6.7,-100.0,NR,0.0,23.0,-100.0,NR,2026-10-04 11:54:08.222506
2026-10-04,2026-10-01,2026-10-04,district,GANGETIC WEST BENGAL,WEST BENGAL,EAST MIDNAPORE,0.1,9.0,-99.0,LD,0.2,33.3,-99.0,LD,2026-10-04 11:54:08.222506
2026-10-04,2026-10-01,2026-10-04,district,GANGETIC WEST BENGAL,WEST BENGAL,HOOGHLY,0.0,4.1,-100.0,NR,0.0,17.5,-100.0,NR,2026-10-04 11:54:08.222506
2026-10-04,2026-10-01,2026-10-04,district,GANGETIC WEST BENGAL,WEST BENGAL,HOWRAH,0.0,4.5,-100.0,NR,0.8,21.5,-96.0,LD,2026-10-04 11:54:08.222506
2026-10-04,2026-10-01,2026-10-04,district,GANGETIC WEST BENGAL,WEST BENGAL,JHARGRAM,0.0,6.3,-100.0,NR,0.0,23.4,-100.0,NR,2026-10-04 11:54:08.222506
2026-10-04,2026-10-01,2026-10-04,district,GANGETIC WEST BENGAL,WEST BENGAL,KOLKATA,0.0,5.5,-100.0,NR,2.0,28.0,-93.0,LD,2026-10-04 11:54:08.222506
2026-10-04,2026-10-01,2026-10-04,district,GANGETIC WEST BENGAL,WEST BENGAL,MURSHIDABAD,0.0,8.1,-100.0,NR,0.0,21.2,-100.0,NR,2026-10-04 11:54:08.222506
2026-10-04,2026-10-01,2026-10-04,district,GANGETIC WEST BENGAL,WEST BENGAL,NADIA,0.0,6.9,-100.0,NR,0.7,19.5,-97.0,LD,2026-10-04 11:54:08.222506
2026-10-04,2026-10-01,2026-10-04,district,GANGETIC WEST BENGAL,WEST BENGAL,NORTH 24 PARGANAS,6.8,7.1,-4.0,N,36.2,24.2,50.0,E,2026-10-04 11:54:08.222506
2026-10-04,2026-10-01,2026-10-04,district,GANGETIC WEST BENGAL,WEST BENGAL,PASCHIM BARDHAMAN,0.0,4.6,-100.0,NR,0.0,23.3,-100.0,NR,2026-10-04 11:54:08.222506
2026-10-04,2026-10-01,2026-10-04,district,GANGETIC WEST BENGAL,WEST BENGAL,PURBA BARDHAMAN,0.0,5.9,-100.0,NR,0.0,17.8,-100.0,NR,2026-10-04 11:54:08.222506
2026-10-04,2026-10-01,2026-10-04,district,GANGETIC WEST BENGAL,WEST BENGAL,PURULIA,0.0,3.6,-100.0,NR,0.0,17.0,-100.0,NR,2026-10-04 11:54:08.222506
2026-10-04,2026-10-01,2026-10-04,district,GANGETIC WEST BENGAL,WEST BENGAL,SOUTH 24 PARGANAS,2.2,9.3,-76.0,LD,7.0,31.4,-78.0,LD,2026-10-04 11:54:08.222506
2026-10-04,2026-10-01,2026-10-04,district,GANGETIC WEST BENGAL,WEST BENGAL,WEST MIDNAPORE,0.0,6.3,-100.0,NR,0.0,23.4,-100.0,NR,2026-10-04 11:54:08.222506
2026-10-04,2026-10-01,2026-10-04,district,GUJARAT REGION,DADRA & NAGAR HAVELI AND DAMAN & DIU (UT),DADARA & NAGAR HAVELI,0.0,3.5,-100.0,NR,0.0,10.3,-100.0,NR,2026-10-04 11:54:08.222506
2026-10-04,2026-10-01,2026-10-04,district,GUJARAT REGION,DADRA & NAGAR HAVELI AND DAMAN & DIU (UT),DAMAN,0.0,3.5,-100.0,NR,0.0,10.3,-100.0,NR,2026-10-04 11:54:08.222506
2026-10-04,2026-10-01,2026-10-04,district,GUJARAT REGION,GUJARAT,AHMEDABAD,0.0,0.9,-100.0,NR,0.0,3.2,-100.0,NR,2026-10-04 11:54:08.222506
2026-10-04,2026-10-01,2026-10-04,district,GUJARAT REGION,GUJARAT,ANAND,0.0,0.2,-100.0,NR,0.0,4.0,-100.0,NR,2026-10-04 11:54:08.222506
2026-10-04,2026-10-01,2026-10-04,district,GUJARAT REGION,GUJARAT,ARAVALLI,0.0,0.7,-100.0,NR,0.0,4.3,-100.0,NR,2026-10-04 11:54:08.222506
2026-10-04,2026-10-01,2026-10-04,district,GUJARAT REGION,GUJARAT,BANASKANTHA,0.0,0.7,-100.0,NR,0.0,4.4,-100.0,NR,2026-10-04 11:54:08.222506
2026-10-04,2026-10-01,2026-10-04,district,GUJARAT REGION,GUJARAT,BHARUCH,0.0,0.7,-100.0,NR,0.0,3.8,-100.0,NR,2026-10-04 11:54:08.222506
2026-10-04,2026-10-01,2026-10-04,district,GUJARAT REGION,GUJARAT,CHHOTA UDEPUR,0.0,0.6,-100.0,NR,0.0,7.8,-100.0,NR,2026-10-04 11:54:08.222506
2026-10-04,2026-10-01,2026-10-04,district,GUJARAT REGION,GUJARAT,DAHOD,0.0,2.2,-100.0,NR,0.0,5.8,-100.0,NR,2026-10-04 11:54:08.222506
2026-10-04,2026-10-01,2026-10-04,district,GUJARAT REGION,GUJARAT,DANGS,0.0,5.8,-100.0,NR,0.0,24.8,-100.0,NR,2026-10-04 11:54:08.222506
2026-10-04,2026-10-01,2026-10-04,district,GUJARAT REGION,GUJARAT,GANDHINAGAR,0.0,0.6,-100.0,NR,0.0,2.9,-100.0,NR,2026-10-04 11:54:08.222506
2026-10-04,2026-10-01,2026-10-04,district,GUJARAT REGION,GUJARAT,KHEDA,0.0,0.4,-100.0,NR,0.0,2.8,-100.0,NR,2026-10-04 11:54:08.222506
2026-10-04,2026-10-01,2026-10-04,district,GUJARAT REGION,GUJARAT,MAHISAGAR,0.0,0.4,-100.0,NR,0.0,4.8,-100.0,NR,2026-10-04 11:54:08.222506
2026-10-04,2026-10-01,2026-10-04,district,GUJARAT REGION,GUJARAT,MEHSANA,0.0,0.5,-100.0,NR,0.0,3.9,-100.0,NR,2026-10-04 11:54:08.222506
2026-10-04,2026-10-01,2026-10-04,district,GUJARAT REGION,GUJARAT,NARMADA,0.0,1.0,-100.0,NR,0.0,6.0,-100.0,NR,2026-10-04 11:54:08.222506
2026-10-04,2026-10-01,2026-10-04,district,GUJARAT REGION,GUJARAT,NAVSARI,0.0,1.7,-100.0,NR,0.0,9.1,-100.0,NR,2026-10-04 11:54:08.222506
2026-10-04,2026-10-01,2026-10-04,district,GUJARAT REGION,GUJARAT,PANCHMAHAL,0.0,0.4,-100.0,NR,0.0,4.1,-100.0,NR,2026-10-04 11:54:08.222506
2026-10-04,2026-10-01,2026-10-04,district,GUJARAT REGION,GUJARAT,PATAN,0.0,0.5,-100.0,NR,0.0,3.9,-100.0,NR,2026-10-04 11:54:08.222506
2026-10-04,2026-10-01,2026-10-04,district,GUJARAT REGION,GUJARAT,SABARKANTHA,0.0,0.3,-100.0,NR,0.0,3.6,-100.0,NR,2026-10-04 11:54:08.222506
2026-10-04,2026-10-01,2026-10-04,district,GUJARAT REGION,GUJARAT,SURAT,0.0,1.8,-100.0,NR,0.0,9.4,-100.0,NR,2026-10-04 11:54:08.222506
2026-10-04,2026-10-01,2026-10-04,district,GUJARAT REGION,GUJARAT,TAPI,0.0,1.4,-100.0,NR,0.0,9.7,-100.0,NR,2026-10-04 11:54:08.222506
2026-10-04,2026-10-01,2026-10-04,district,GUJARAT REGION,GUJARAT,VADODARA,0.0,0.7,-100.0,NR,0.0,5.8,-100.0,NR,2026-10-04 11:54:08.222506
2026-10-04,2026-10-01,2026-10-04,district,GUJARAT REGION,GUJARAT,VALSAD,0.0,2.5,-100.0,NR,0.0,13.0,-100.0,NR,2026-10-04 11:54:08.222506
2026-10-04,2026-10-01,2026-10-04,district,HAR. CHD & DELHI,CHANDIGARH (UT),CHANDIGARH,0.0,1.1,-100.0,NR,0.0,3.2,-100.0,NR,2026-10-04 11:54:08.222506
2026-10-04,2026-10-01,2026-10-04,district,HAR. CHD & DELHI,DELHI,CENTRAL DELHI,0.0,1.8,-100.0,NR,0.0,5.6,-100.0,NR,2026-10-04 11:54:08.222506
2026-10-04,2026-10-01,2026-10-04,district,HAR. CHD & DELHI,DELHI,EAST DELHI,0.0,1.8,-100.0,NR,0.0,5.6,-100.0,NR,2026-10-04 11:54:08.222506
2026-10-04,2026-10-01,2026-10-04,district,HAR. CHD & DELHI,DELHI,NEW DELHI,0.0,1.1,-100.0,NR,0.0,5.2,-100.0,NR,2026-10-04 11:54:08.222506
2026-10-04,2026-10-01,2026-10-04,district,HAR. CHD & DELHI,DELHI,NORTH EAST DELHI,0.0,1.8,-100.0,NR,0.0,5.6,-100.0,NR,2026-10-04 11:54:08.222506
2026-10-04,2026-10-01,2026-10-04,district,HAR. CHD & DELHI,DELHI,NORTH WEST DELHI,0.0,0.7,-100.0,NR,0.0,1.1,-100.0,NR,2026-10-04 11:54:08.222506
2026-10-04,2026-10-01,2026-10-04,district,HAR. CHD & DELHI,DELHI,SOUTH DELHI,0.0,1.8,-100.0,NR,0.0,5.6,-100.0,NR,2026-10-04 11:54:08.222506
2026-10-04,2026-10-01,2026-10-04,district,HAR. CHD & DELHI,DELHI,SOUTH EAST DELHI,0.0,1.8,-100.0,NR,0.0,5.6,-100.0,NR,2026-10-04 11:54:08.222506
2026-10-04,2026-10-01,2026-10-04,district,HAR. CHD & DELHI,DELHI,SOUTH WEST DELHI,0.0,1.6,-100.0,NR,0.0,8.3,-100.0,NR,2026-10-04 11:54:08.222506
2026-10-04,2026-10-01,2026-10-04,district,HAR. CHD & DELHI,DELHI,WEST DELHI,0.0,0.7,-100.0,NR,0.0,3.2,-100.0,NR,2026-10-04 11:54:08.222506
2026-10-04,2026-10-01,2026-10-04,district,HAR. CHD & DELHI,HARYANA,AMBALA,0.0,0.7,-100.0,NR,0.0,2.0,-100.0,NR,2026-10-04 11:54:08.222506
2026-10-04,2026-10-01,2026-10-04,district,HAR. CHD & DELHI,HARYANA,BHIWANI,0.0,0.3,-100.0,NR,0.0,2.0,-100.0,NR,2026-10-04 11:54:08.222506
2026-10-04,2026-10-01,2026-10-04,district,HAR. CHD & DELHI,HARYANA,CHARKHI DADRI,0.0,0.1,-100.0,NR,0.0,1.3,-100.0,NR,2026-10-04 11:54:08.222506
2026-10-04,2026-10-01,2026-10-04,district,HAR. CHD & DELHI,HARYANA,FARIDABAD,0.0,0.1,-100.0,NR,0.0,3.9,-100.0,NR,2026-10-04 11:54:08.222506
2026-10-04,2026-10-01,2026-10-04,district,HAR. CHD & DELHI,HARYANA,FATEHABAD,0.0,0.8,-100.0,NR,0.0,1.7,-100.0,NR,2026-10-04 11:54:08.222506
2026-10-04,2026-10-01,2026-10-04,district,HAR. CHD & DELHI,HARYANA,GURGAON,0.0,0.1,-100.0,NR,0.0,1.9,-100.0,NR,2026-10-04 11:54:08.222506
2026-10-04,2026-10-01,2026-10-04,district,HAR. CHD & DELHI,HARYANA,HISAR,0.0,0.2,-100.0,NR,0.0,1.5,-100.0,NR,2026-10-04 11:54:08.222506
2026-10-04,2026-10-01,2026-10-04,district,HAR. CHD & DELHI,HARYANA,JHAJJAR,0.0,0.2,-100.0,NR,0.0,1.0,-100.0,NR,2026-10-04 11:54:08.222506
2026-10-04,2026-10-01,2026-10-04,district,HAR. CHD & DELHI,HARYANA,JIND,0.0,0.1,-100.0,NR,0.0,2.8,-100.0,NR,2026-10-04 11:54:08.222506
2026-10-04,2026-10-01,2026-10-04,district,HAR. CHD & DELHI,HARYANA,KAITHAL,0.0,0.3,-100.0,NR,0.0,1.7,-100.0,NR,2026-10-04 11:54:08.222506
2026-10-04,2026-10-01,2026-10-04,district,HAR. CHD & DELHI,HARYANA,KARNAL,0.0,0.1,-100.0,NR,0.0,2.0,-100.0,NR,2026-10-04 11:54:08.222506
2026-10-04,2026-10-01,2026-10-04,district,HAR. CHD & DELHI,HARYANA,KURUKSHETRA,0.0,0.0,-100.0,NR,0.0,1.1,-100.0,NR,2026-10-04 11:54:08.222506
2026-10-04,2026-10-01,2026-10-04,district,HAR. CHD & DELHI,HARYANA,MAHENDRAGARH,0.0,0.4,-100.0,NR,0.0,2.3,-100.0,NR,2026-10-04 11:54:08.222506
2026-10-04,2026-10-01,2026-10-04,district,HAR. CHD & DELHI,HARYANA,NUH,0.0,0.2,-100.0,NR,0.0,1.9,-100.0,NR,2026-10-04 11:54:08.222506
2026-10-04,2026-10-01,2026-10-04,district,HAR. CHD & DELHI,HARYANA,PALWAL,0.0,0.0,-100.0,NR,0.0,2.0,-100.0,NR,2026-10-04 11:54:08.222506
2026-10-04,2026-10-01,2026-10-04,district,HAR. CHD & DELHI,HARYANA,PANCHKULA,0.0,0.4,-100.0,NR,0.0,1.5,-100.0,NR,2026-10-04 11:54:08.222506
2026-10-04,2026-10-01,2026-10-04,district,HAR. CHD & DELHI,HARYANA,PANIPAT,0.0,0.0,-100.0,NR,0.0,1.2,-100.0,NR,2026-10-04 11:54:08.222506
2026-10-04,2026-10-01,2026-10-04,district,HAR. CHD & DELHI,HARYANA,REWARI,0.0,0.2,-100.0,NR,0.0,2.4,-100.0,NR,2026-10-04 11:54:08.222506
2026-10-04,2026-10-01,2026-10-04,district,HAR. CHD & DELHI,HARYANA,ROHTAK,0.0,0.6,-100.0,NR,0.0,2.3,-100.0,NR,2026-10-04 11:54:08.222506
2026-10-04,2026-10-01,2026-10-04,district,HAR. CHD & DELHI,HARYANA,SIRSA,0.0,0.6,-100.0,NR,0.0,2.2,-100.0,NR,2026-10-04 11:54:08.222506
2026-10-04,2026-10-01,2026-10-04,district,HAR. CHD & DELHI,HARYANA,SONEPAT,0.0,0.0,-100.0,NR,0.0,2.6,-100.0,NR,2026-10-04 11:54:08.222506
2026-10-04,2026-10-01,2026-10-04,district,HAR. CHD & DELHI,HARYANA,YAMUNA NAGAR,0.0,0.0,-100.0,NR,0.0,2.0,-100.0,NR,2026-10-04 11:54:08.222506
2026-10-04,2026-10-01,2026-10-04,district,HIMACHAL PRADESH,HIMACHAL PRADESH,BILASPUR,0.0,0.4,-100.0,NR,0.0,2.0,-100.0,NR,2026-10-04 11:54:08.222506
2026-10-04,2026-10-01,2026-10-04,district,HIMACHAL PRADESH,HIMACHAL PRADESH,CHAMBA,0.0,1.2,-100.0,NR,0.0,3.9,-100.0,NR,2026-10-04 11:54:08.222506
2026-10-04,2026-10-01,2026-10-04,district,HIMACHAL PRADESH,HIMACHAL PRADESH,HAMIRPUR,0.0,0.6,-100.0,NR,0.0,5.0,-100.0,NR,2026-10-04 11:54:08.222506
2026-10-04,2026-10-01,2026-10-04,district,HIMACHAL PRADESH,HIMACHAL PRADESH,KANGRA,0.0,3.5,-100.0,NR,0.0,7.7,-100.0,NR,2026-10-04 11:54:08.222506
2026-10-04,2026-10-01,2026-10-04,district,HIMACHAL PRADESH,HIMACHAL PRADESH,KINNAUR,0.0,1.3,-100.0,NR,0.0,2.1,-100.0,NR,2026-10-04 11:54:08.222506
2026-10-04,2026-10-01,2026-10-04,district,HIMACHAL PRADESH,HIMACHAL PRADESH,KULLU,0.0,1.6,-100.0,NR,0.0,3.6,-100.0,NR,2026-10-04 11:54:08.222506
2026-10-04,2026-10-01,2026-10-04,district,HIMACHAL PRADESH,HIMACHAL PRADESH,LAHAUL & SPITI,0.0,1.3,-100.0,NR,0.0,2.6,-100.0,NR,2026-10-04 11:54:08.222506
2026-10-04,2026-10-01,2026-10-04,district,HIMACHAL PRADESH,HIMACHAL PRADESH,MANDI,0.0,0.9,-100.0,NR,1.6,2.8,-41.0,D,2026-10-04 11:54:08.222506
2026-10-04,2026-10-01,2026-10-04,district,HIMACHAL PRADESH,HIMACHAL PRADESH,SHIMLA,0.0,0.5,-100.0,NR,0.0,2.4,-100.0,NR,2026-10-04 11:54:08.222506
2026-10-04,2026-10-01,2026-10-04,district,HIMACHAL PRADESH,HIMACHAL PRADESH,SIRMAUR,0.0,1.1,-100.0,NR,0.0,4.4,-100.0,NR,2026-10-04 11:54:08.222506
2026-10-04,2026-10-01,2026-10-04,district,HIMACHAL PRADESH,HIMACHAL PRADESH,SOLAN,0.0,0.3,-100.0,NR,0.0,2.4,-100.0,NR,2026-10-04 11:54:08.222506
2026-10-04,2026-10-01,2026-10-04,district,HIMACHAL PRADESH,HIMACHAL PRADESH,UNA,0.0,0.4,-100.0,NR,0.0,4.6,-100.0,NR,2026-10-04 11:54:08.222506
2026-10-04,2026-10-01,2026-10-04,district,J & K AND LADAKH,JAMMU & KASHMIR(UT),ANANTNAG,0.0,0.5,-100.0,NR,0.0,3.5,-100.0,NR,2026-10-04 11:54:08.222506
2026-10-04,2026-10-01,2026-10-04,district,J & K AND LADAKH,JAMMU & KASHMIR(UT),BADGAM,0.0,0.0,-100.0,NR,0.0,3.7,-100.0,NR,2026-10-04 11:54:08.222506
2026-10-04,2026-10-01,2026-10-04,district,J & K AND LADAKH,JAMMU & KASHMIR(UT),BANDIPORA,0.0,0.2,-100.0,NR,0.0,2.1,-100.0,NR,2026-10-04 11:54:08.222506
2026-10-04,2026-10-01,2026-10-04,district,J & K AND LADAKH,JAMMU & KASHMIR(UT),BARAMULA,0.0,1.7,-100.0,NR,0.0,4.9,-100.0,NR,2026-10-04 11:54:08.222506
2026-10-04,2026-10-01,2026-10-04,district,J & K AND LADAKH,JAMMU & KASHMIR(UT),DODA,0.0,0.3,-100.0,NR,0.0,2.5,-100.0,NR,2026-10-04 11:54:08.222506
2026-10-04,2026-10-01,2026-10-04,district,J & K AND LADAKH,JAMMU & KASHMIR(UT),GANDERBAL,0.0,0.9,-100.0,NR,0.0,1.9,-100.0,NR,2026-10-04 11:54:08.222506
2026-10-04,2026-10-01,2026-10-04,district,J & K AND LADAKH,JAMMU & KASHMIR(UT),JAMMU,0.0,0.7,-100.0,NR,0.0,2.8,-100.0,NR,2026-10-04 11:54:08.222506
2026-10-04,2026-10-01,2026-10-04,district,J & K AND LADAKH,JAMMU & KASHMIR(UT),KATHUA,0.0,0.6,-100.0,NR,0.0,1.3,-100.0,NR,2026-10-04 11:54:08.222506
2026-10-04,2026-10-01,2026-10-04,district,J & K AND LADAKH,JAMMU & KASHMIR(UT),KISTWAR,0.0,0.3,-100.0,NR,0.0,2.5,-100.0,NR,2026-10-04 11:54:08.222506
2026-10-04,2026-10-01,2026-10-04,district,J & K AND LADAKH,JAMMU & KASHMIR(UT),KULGAM,0.0,0.6,-100.0,NR,0.0,3.4,-100.0,NR,2026-10-04 11:54:08.222506
2026-10-04,2026-10-01,2026-10-04,district,J & K AND LADAKH,JAMMU & KASHMIR(UT),KUPWARA,0.0,0.6,-100.0,NR,0.0,3.2,-100.0,NR,2026-10-04 11:54:08.222506
2026-10-04,2026-10-01,2026-10-04,district,J & K AND LADAKH,JAMMU & KASHMIR(UT),POONCH,0.0,0.9,-100.0,NR,0.0,3.3,-100.0,NR,2026-10-04 11:54:08.222506
2026-10-04,2026-10-01,2026-10-04,district,J & K AND LADAKH,JAMMU & KASHMIR(UT),PULWAMA,0.0,0.2,-100.0,NR,0.0,1.7,-100.0,NR,2026-10-04 11:54:08.222506
2026-10-04,2026-10-01,2026-10-04,district,J & K AND LADAKH,JAMMU & KASHMIR(UT),RAJOURI,0.0,0.9,-100.0,NR,0.0,1.1,-100.0,NR,2026-10-04 11:54:08.222506
2026-10-04,2026-10-01,2026-10-04,district,J & K AND LADAKH,JAMMU & KASHMIR(UT),RAMBAN,0.0,0.5,-100.0,NR,0.0,3.2,-100.0,NR,2026-10-04 11:54:08.222506
2026-10-04,2026-10-01,2026-10-04,district,J & K AND LADAKH,JAMMU & KASHMIR(UT),REASI,0.0,1.5,-100.0,NR,0.0,7.2,-100.0,NR,2026-10-04 11:54:08.222506
2026-10-04,2026-10-01,2026-10-04,district,J & K AND LADAKH,JAMMU & KASHMIR(UT),SAMBA,0.0,0.7,-100.0,NR,0.0,1.2,-100.0,NR,2026-10-04 11:54:08.222506
2026-10-04,2026-10-01,2026-10-04,district,J & K AND LADAKH,JAMMU & KASHMIR(UT),SHOPIAN,0.0,0.5,-100.0,NR,0.0,2.4,-100.0,NR,2026-10-04 11:54:08.222506
2026-10-04,2026-10-01,2026-10-04,district,J & K AND LADAKH,JAMMU & KASHMIR(UT),SRINAGAR,0.0,0.3,-100.0,NR,0.0,2.5,-100.0,NR,2026-10-04 11:54:08.222506
2026-10-04,2026-10-01,2026-10-04,district,J & K AND LADAKH,JAMMU & KASHMIR(UT),UDHAMPUR,0.0,2.2,-100.0,NR,0.0,6.4,-100.0,NR,2026-10-04 11:54:08.222506
2026-10-04,2026-10-01,2026-10-04,district,J & K AND LADAKH,LADAKH (UT),KARGIL,0.0,0.0,-100.0,NR,0.0,0.0,-100.0,NR,2026-10-04 11:54:08.222506
2026-10-04,2026-10-01,2026-10-04,district,J & K AND LADAKH,LADAKH (UT),LADAKH (LEH),0.0,0.1,-100.0,NR,0.0,0.3,-100.0,NR,2026-10-04 11:54:08.222506
2026-10-04,2026-10-01,2026-10-04,district,JHARKHAND,JHARKHAND,BOKARO,0.0,2.6,-100.0,NR,0.0,13.9,-100.0,NR,2026-10-04 11:54:08.222506
2026-10-04,2026-10-01,2026-10-04,district,JHARKHAND,JHARKHAND,CHATRA,0.0,3.2,-100.0,NR,0.0,12.7,-100.0,NR,2026-10-04 11:54:08.222506
2026-10-04,2026-10-01,2026-10-04,district,JHARKHAND,JHARKHAND,DEOGHAR,0.0,5.6,-100.0,NR,0.0,21.0,-100.0,NR,2026-10-04 11:54:08.222506
2026-10-04,2026-10-01,2026-10-04,district,JHARKHAND,JHARKHAND,DHANBAD,0.0,4.1,-100.0,NR,0.0,19.0,-100.0,NR,2026-10-04 11:54:08.222506
2026-10-04,2026-10-01,2026-10-04,district,JHARKHAND,JHARKHAND,DUMKA,0.0,7.4,-100.0,NR,0.0,26.3,-100.0,NR,2026-10-04 11:54:08.222506
2026-10-04,2026-10-01,2026-10-04,district,JHARKHAND,JHARKHAND,EAST SINGHBHUM,0.0,4.3,-100.0,NR,0.0,15.0,-100.0,NR,2026-10-04 11:54:08.222506
2026-10-04,2026-10-01,2026-10-04,district,JHARKHAND,JHARKHAND,GARHWA,0.0,2.7,-100.0,NR,0.0,10.2,-100.0,NR,2026-10-04 11:54:08.222506
2026-10-04,2026-10-01,2026-10-04,district,JHARKHAND,JHARKHAND,GIRIDIH,0.0,5.5,-100.0,NR,0.0,18.3,-100.0,NR,2026-10-04 11:54:08.222506
2026-10-04,2026-10-01,2026-10-04,district,JHARKHAND,JHARKHAND,GODDA,0.0,5.2,-100.0,NR,0.0,16.7,-100.0,NR,2026-10-04 11:54:08.222506
2026-10-04,2026-10-01,2026-10-04,district,JHARKHAND,JHARKHAND,GUMLA,0.0,2.4,-100.0,NR,0.0,15.4,-100.0,NR,2026-10-04 11:54:08.222506
2026-10-04,2026-10-01,2026-10-04,district,JHARKHAND,JHARKHAND,HAZARIBAG,0.0,4.4,-100.0,NR,0.0,17.2,-100.0,NR,2026-10-04 11:54:08.222506
2026-10-04,2026-10-01,2026-10-04,district,JHARKHAND,JHARKHAND,JAMTARA,0.0,5.5,-100.0,NR,0.0,22.6,-100.0,NR,2026-10-04 11:54:08.222506
2026-10-04,2026-10-01,2026-10-04,district,JHARKHAND,JHARKHAND,KHUNTI,0.0,4.0,-100.0,NR,0.0,18.0,-100.0,NR,2026-10-04 11:54:08.222506
2026-10-04,2026-10-01,2026-10-04,district,JHARKHAND,JHARKHAND,KODERMA,0.0,4.4,-100.0,NR,0.0,13.9,-100.0,NR,2026-10-04 11:54:08.222506
2026-10-04,2026-10-01,2026-10-04,district,JHARKHAND,JHARKHAND,LATEHAR,0.0,2.3,-100.0,NR,0.0,13.4,-100.0,NR,2026-10-04 11:54:08.222506
2026-10-04,2026-10-01,2026-10-04,district,JHARKHAND,JHARKHAND,LOHARDAGA,0.0,4.0,-100.0,NR,0.0,15.5,-100.0,NR,2026-10-04 11:54:08.222506
2026-10-04,2026-10-01,2026-10-04,district,JHARKHAND,JHARKHAND,PAKUR,0.0,10.9,-100.0,NR,0.0,28.4,-100.0,NR,2026-10-04 11:54:08.222506
2026-10-04,2026-10-01,2026-10-04,district,JHARKHAND,JHARKHAND,PALAMU,0.0,1.8,-100.0,NR,0.0,9.9,-100.0,NR,2026-10-04 11:54:08.222506
2026-10-04,2026-10-01,2026-10-04,district,JHARKHAND,JHARKHAND,RAMGARH,0.0,2.6,-100.0,NR,0.0,16.1,-100.0,NR,2026-10-04 11:54:08.222506
2026-10-04,2026-10-01,2026-10-04,district,JHARKHAND,JHARKHAND,RANCHI,0.0,3.4,-100.0,NR,0.0,14.4,-100.0,NR,2026-10-04 11:54:08.222506
2026-10-04,2026-10-01,2026-10-04,district,JHARKHAND,JHARKHAND,SAHIBGANJ,0.0,3.6,-100.0,NR,0.0,17.9,-100.0,NR,2026-10-04 11:54:08.222506
2026-10-04,2026-10-01,2026-10-04,district,JHARKHAND,JHARKHAND,SERAIKELA-KHARSAWAN,0.0,2.8,-100.0,NR,0.0,11.1,-100.0,NR,2026-10-04 11:54:08.222506
2026-10-04,2026-10-01,2026-10-04,district,JHARKHAND,JHARKHAND,SIMDEGA,0.0,3.5,-100.0,NR,0.0,15.0,-100.0,NR,2026-10-04 11:54:08.222506
2026-10-04,2026-10-01,2026-10-04,district,JHARKHAND,JHARKHAND,WEST SINGHBHUM,0.0,3.6,-100.0,NR,0.0,13.0,-100.0,NR,2026-10-04 11:54:08.222506
2026-10-04,2026-10-01,2026-10-04,district,KERALA & MAHE,KERALA,ALAPUZHA,9.0,11.9,-24.0,D,20.7,39.6,-48.0,D,2026-10-04 11:54:08.222506
2026-10-04,2026-10-01,2026-10-04,district,KERALA & MAHE,KERALA,ERNAKULAM,5.8,9.3,-38.0,D,20.0,40.1,-50.0,D,2026-10-04 11:54:08.222506
2026-10-04,2026-10-01,2026-10-04,district,KERALA & MAHE,KERALA,IDUKKI,3.5,13.7,-75.0,LD,22.7,51.7,-56.0,D,2026-10-04 11:54:08.222506
2026-10-04,2026-10-01,2026-10-04,district,KERALA & MAHE,KERALA,KANNUR,5.1,7.4,-32.0,D,8.3,36.9,-77.0,LD,2026-10-04 11:54:08.222506
2026-10-04,2026-10-01,2026-10-04,district,KERALA & MAHE,KERALA,KASARGOD,0.6,8.8,-93.0,LD,11.4,34.9,-67.0,LD,2026-10-04 11:54:08.222506
2026-10-04,2026-10-01,2026-10-04,district,KERALA & MAHE,KERALA,KOLLAM,1.3,15.2,-91.0,LD,26.1,43.6,-40.0,D,2026-10-04 11:54:08.222506
2026-10-04,2026-10-01,2026-10-04,district,KERALA & MAHE,KERALA,KOTTAYAM,20.9,11.0,90.0,LE,34.7,40.2,-14.0,N,2026-10-04 11:54:08.222506
2026-10-04,2026-10-01,2026-10-04,district,KERALA & MAHE,KERALA,KOZHIKODE,2.1,9.9,-79.0,LD,3.6,47.3,-92.0,LD,2026-10-04 11:54:08.222506
2026-10-04,2026-10-01,2026-10-04,district,KERALA & MAHE,KERALA,MALAPPURAM,0.8,12.0,-94.0,LD,1.6,39.9,-96.0,LD,2026-10-04 11:54:08.222506
2026-10-04,2026-10-01,2026-10-04,district,KERALA & MAHE,KERALA,PALAKKAD,0.4,7.4,-94.0,LD,9.8,29.5,-67.0,LD,2026-10-04 11:54:08.222506
2026-10-04,2026-10-01,2026-10-04,district,KERALA & MAHE,KERALA,PATHANAMTHITTA,17.8,10.8,64.0,LE,51.5,45.1,14.0,N,2026-10-04 11:54:08.222506
2026-10-04,2026-10-01,2026-10-04,district,KERALA & MAHE,KERALA,THIRUVANANTHAPURAM,0.6,9.4,-94.0,LD,26.1,29.4,-11.0,N,2026-10-04 11:54:08.222506
2026-10-04,2026-10-01,2026-10-04,district,KERALA & MAHE,KERALA,THRISSUR,1.9,16.1,-88.0,LD,21.5,46.3,-54.0,D,2026-10-04 11:54:08.222506
2026-10-04,2026-10-01,2026-10-04,district,KERALA & MAHE,KERALA,WYNAD,0.6,7.7,-92.0,LD,4.3,32.8,-87.0,LD,2026-10-04 11:54:08.222506
2026-10-04,2026-10-01,2026-10-04,district,KONKAN & GOA,GOA,NORTH GOA,0.0,9.0,-100.0,NR,0.0,40.9,-100.0,NR,2026-10-04 11:54:08.222506
2026-10-04,2026-10-01,2026-10-04,district,KONKAN & GOA,GOA,SOUTH GOA,0.5,8.6,-94.0,LD,0.5,38.5,-99.0,LD,2026-10-04 11:54:08.222506
2026-10-04,2026-10-01,2026-10-04,district,KONKAN & GOA,MAHARASHTRA,MUMBAI CITY,0.0,9.1,-100.0,NR,0.0,30.1,-100.0,NR,2026-10-04 11:54:08.222506
2026-10-04,2026-10-01,2026-10-04,district,KONKAN & GOA,MAHARASHTRA,MUMBAI SUBURBAN,0.0,11.1,-100.0,NR,4.4,30.3,-85.0,LD,2026-10-04 11:54:08.222506
2026-10-04,2026-10-01,2026-10-04,district,KONKAN & GOA,MAHARASHTRA,PALGHAR,0.0,3.1,-100.0,NR,2.3,15.4,-85.0,LD,2026-10-04 11:54:08.222506
2026-10-04,2026-10-01,2026-10-04,district,KONKAN & GOA,MAHARASHTRA,RAIGAD,0.0,7.8,-100.0,NR,3.9,31.3,-87.0,LD,2026-10-04 11:54:08.222506
2026-10-04,2026-10-01,2026-10-04,district,KONKAN & GOA,MAHARASHTRA,RATNAGIRI,0.0,12.1,-100.0,NR,0.4,36.5,-99.0,LD,2026-10-04 11:54:08.222506
2026-10-04,2026-10-01,2026-10-04,district,KONKAN & GOA,MAHARASHTRA,SINDHUDURG,0.7,10.2,-93.0,LD,0.8,43.7,-98.0,LD,2026-10-04 11:54:08.222506
2026-10-04,2026-10-01,2026-10-04,district,KONKAN & GOA,MAHARASHTRA,THANE,0.0,4.3,-100.0,NR,11.0,16.9,-35.0,D,2026-10-04 11:54:08.222506
2026-10-04,2026-10-01,2026-10-04,district,LAKSHADWEEP,LAKSHADWEEP,LAKSHADWEEP,0.9,6.1,-86.0,LD,28.1,20.9,35.0,E,2026-10-04 11:54:08.222506
2026-10-04,2026-10-01,2026-10-04,district,MADHYA MAHARASHTRA,MAHARASHTRA,AHMEDNAGAR,0.0,5.7,-100.0,NR,0.5,18.2,-97.0,LD,2026-10-04 11:54:08.222506
2026-10-04,2026-10-01,2026-10-04,district,MADHYA MAHARASHTRA,MAHARASHTRA,DHULE,0.0,1.8,-100.0,NR,0.0,10.4,-100.0,NR,2026-10-04 11:54:08.222506
2026-10-04,2026-10-01,2026-10-04,district,MADHYA MAHARASHTRA,MAHARASHTRA,JALGAON,0.0,3.2,-100.0,NR,0.0,12.4,-100.0,NR,2026-10-04 11:54:08.222506
2026-10-04,2026-10-01,2026-10-04,district,MADHYA MAHARASHTRA,MAHARASHTRA,KOLHAPUR,0.0,7.0,-100.0,NR,7.1,28.2,-75.0,LD,2026-10-04 11:54:08.222506
2026-10-04,2026-10-01,2026-10-04,district,MADHYA MAHARASHTRA,MAHARASHTRA,NANDURBAR,0.0,3.0,-100.0,NR,0.0,9.0,-100.0,NR,2026-10-04 11:54:08.222506
2026-10-04,2026-10-01,2026-10-04,district,MADHYA MAHARASHTRA,MAHARASHTRA,NASHIK,0.0,4.1,-100.0,NR,1.4,17.2,-92.0,LD,2026-10-04 11:54:08.222506
2026-10-04,2026-10-01,2026-10-04,district,MADHYA MAHARASHTRA,MAHARASHTRA,PUNE,0.0,4.6,-100.0,NR,1.5,19.9,-92.0,LD,2026-10-04 11:54:08.222506
2026-10-04,2026-10-01,2026-10-04,district,MADHYA MAHARASHTRA,MAHARASHTRA,SANGLI,0.0,7.1,-100.0,NR,3.9,26.6,-85.0,LD,2026-10-04 11:54:08.222506
2026-10-04,2026-10-01,2026-10-04,district,MADHYA MAHARASHTRA,MAHARASHTRA,SATARA,0.0,6.9,-100.0,NR,1.4,23.7,-94.0,LD,2026-10-04 11:54:08.222506
2026-10-04,2026-10-01,2026-10-04,district,MADHYA MAHARASHTRA,MAHARASHTRA,SHOLAPUR,0.0,5.5,-100.0,NR,0.0,23.1,-100.0,NR,2026-10-04 11:54:08.222506
2026-10-04,2026-10-01,2026-10-04,district,MARATHWADA,MAHARASHTRA,BEED,0.0,4.3,-100.0,NR,0.0,17.6,-100.0,NR,2026-10-04 11:54:08.222506
2026-10-04,2026-10-01,2026-10-04,district,MARATHWADA,MAHARASHTRA,CHHATRAPATI SAMBHAJINAGAR,0.0,4.2,-100.0,NR,0.0,13.5,-100.0,NR,2026-10-04 11:54:08.222506
2026-10-04,2026-10-01,2026-10-04,district,MARATHWADA,MAHARASHTRA,DHARASHIV,0.0,5.4,-100.0,NR,0.0,21.6,-100.0,NR,2026-10-04 11:54:08.222506
2026-10-04,2026-10-01,2026-10-04,district,MARATHWADA,MAHARASHTRA,HINGOLI,0.0,5.8,-100.0,NR,0.0,21.1,-100.0,NR,2026-10-04 11:54:08.222506
2026-10-04,2026-10-01,2026-10-04,district,MARATHWADA,MAHARASHTRA,JALNA,0.0,3.5,-100.0,NR,0.0,15.2,-100.0,NR,2026-10-04 11:54:08.222506
2026-10-04,2026-10-01,2026-10-04,district,MARATHWADA,MAHARASHTRA,LATUR,0.0,6.4,-100.0,NR,0.0,25.9,-100.0,NR,2026-10-04 11:54:08.222506
2026-10-04,2026-10-01,2026-10-04,district,MARATHWADA,MAHARASHTRA,NANDED,0.0,3.6,-100.0,NR,0.0,18.3,-100.0,NR,2026-10-04 11:54:08.222506
2026-10-04,2026-10-01,2026-10-04,district,MARATHWADA,MAHARASHTRA,PARBHANI,0.0,5.9,-100.0,NR,0.0,19.8,-100.0,NR,2026-10-04 11:54:08.222506
2026-10-04,2026-10-01,2026-10-04,district,N. I. KARNATAKA,KARNATAKA,BAGALKOTE,0.0,4.1,-100.0,NR,0.0,27.1,-100.0,NR,2026-10-04 11:54:08.222506
2026-10-04,2026-10-01,2026-10-04,district,N. I. KARNATAKA,KARNATAKA,BELAGAVI,0.0,4.7,-100.0,NR,3.3,25.4,-87.0,LD,2026-10-04 11:54:08.222506
2026-10-04,2026-10-01,2026-10-04,district,N. I. KARNATAKA,KARNATAKA,BIDAR,0.0,5.8,-100.0,NR,0.0,25.0,-100.0,NR,2026-10-04 11:54:08.222506
2026-10-04,2026-10-01,2026-10-04,district,N. I. KARNATAKA,KARNATAKA,DHARWAD,0.0,6.5,-100.0,NR,14.7,26.0,-43.0,D,2026-10-04 11:54:08.222506
2026-10-04,2026-10-01,2026-10-04,district,N. I. KARNATAKA,KARNATAKA,GADAG,0.0,6.4,-100.0,NR,4.1,25.3,-84.0,LD,2026-10-04 11:54:08.222506
2026-10-04,2026-10-01,2026-10-04,district,N. I. KARNATAKA,KARNATAKA,HAVERI,0.0,9.0,-100.0,NR,3.0,25.8,-88.0,LD,2026-10-04 11:54:08.222506
2026-10-04,2026-10-01,2026-10-04,district,N. I. KARNATAKA,KARNATAKA,KALABURAGI,0.0,6.1,-100.0,NR,0.0,26.0,-100.0,NR,2026-10-04 11:54:08.222506
2026-10-04,2026-10-01,2026-10-04,district,N. I. KARNATAKA,KARNATAKA,KOPPAL,0.0,5.1,-100.0,NR,0.0,27.3,-100.0,NR,2026-10-04 11:54:08.222506
2026-10-04,2026-10-01,2026-10-04,district,N. I. KARNATAKA,KARNATAKA,RAICHUR,0.0,4.3,-100.0,NR,0.0,28.4,-100.0,NR,2026-10-04 11:54:08.222506
2026-10-04,2026-10-01,2026-10-04,district,N. I. KARNATAKA,KARNATAKA,VIJAYAPURA,0.0,4.4,-100.0,NR,0.2,28.2,-99.0,LD,2026-10-04 11:54:08.222506
2026-10-04,2026-10-01,2026-10-04,district,N. I. KARNATAKA,KARNATAKA,YADGIR,0.0,5.9,-100.0,NR,0.0,23.7,-100.0,NR,2026-10-04 11:54:08.222506
2026-10-04,2026-10-01,2026-10-04,district,NMMT,MANIPUR,BISHNUPUR,0.0,4.8,-100.0,NR,7.2,21.4,-66.0,LD,2026-10-04 11:54:08.222506
2026-10-04,2026-10-01,2026-10-04,district,NMMT,MANIPUR,CHANDEL,1.6,4.8,-67.0,LD,25.5,21.4,19.0,N,2026-10-04 11:54:08.222506
2026-10-04,2026-10-01,2026-10-04,district,NMMT,MANIPUR,CHURACHANDPUR,0.0,4.8,-100.0,NR,10.0,21.4,-53.0,D,2026-10-04 11:54:08.222506
2026-10-04,2026-10-01,2026-10-04,district,NMMT,MANIPUR,IMPHAL EAST,0.4,6.3,-94.0,LD,40.1,19.9,101.0,LE,2026-10-04 11:54:08.222506
2026-10-04,2026-10-01,2026-10-04,district,NMMT,MANIPUR,IMPHAL WEST,2.0,7.4,-73.0,LD,49.1,33.8,45.0,E,2026-10-04 11:54:08.222506
2026-10-04,2026-10-01,2026-10-04,district,NMMT,MANIPUR,SENAPATI,0.0,5.4,-100.0,NR,43.8,24.3,80.0,LE,2026-10-04 11:54:08.222506
2026-10-04,2026-10-01,2026-10-04,district,NMMT,MANIPUR,TAMENGLONG,4.6,6.4,-28.0,D,66.1,65.6,1.0,N,2026-10-04 11:54:08.222506
2026-10-04,2026-10-01,2026-10-04,district,NMMT,MANIPUR,THOUBAL,0.2,6.3,-97.0,LD,35.2,19.9,77.0,LE,2026-10-04 11:54:08.222506
2026-10-04,2026-10-01,2026-10-04,district,NMMT,MANIPUR,UKHRUL,0.2,2.0,-90.0,LD,48.1,14.0,244.0,LE,2026-10-04 11:54:08.222506
2026-10-04,2026-10-01,2026-10-04,district,NMMT,MIZORAM,AIZAWL,5.5,9.1,-40.0,D,58.5,38.5,52.0,E,2026-10-04 11:54:08.222506
2026-10-04,2026-10-01,2026-10-04,district,NMMT,MIZORAM,CHAMPHAI,5.6,8.3,-33.0,D,56.7,29.3,93.0,LE,2026-10-04 11:54:08.222506
2026-10-04,2026-10-01,2026-10-04,district,NMMT,MIZORAM,KOLASIB,6.8,9.4,-28.0,D,77.7,50.6,54.0,E,2026-10-04 11:54:08.222506
2026-10-04,2026-10-01,2026-10-04,district,NMMT,MIZORAM,LAWNGTLAI,1.2,16.2,-93.0,LD,60.4,40.2,50.0,E,2026-10-04 11:54:08.222506
2026-10-04,2026-10-01,2026-10-04,district,NMMT,MIZORAM,LUNGLEI,0.1,12.5,-99.0,LD,69.1,40.0,73.0,LE,2026-10-04 11:54:08.222506
2026-10-04,2026-10-01,2026-10-04,district,NMMT,MIZORAM,MAMIT,12.6,17.7,-29.0,D,42.2,53.9,-22.0,D,2026-10-04 11:54:08.222506
2026-10-04,2026-10-01,2026-10-04,district,NMMT,MIZORAM,SAIHA,0.0,16.4,-100.0,NR,154.7,56.3,175.0,LE,2026-10-04 11:54:08.222506
2026-10-04,2026-10-01,2026-10-04,district,NMMT,MIZORAM,SERCHHIP,0.0,9.8,-100.0,NR,42.9,32.5,32.0,E,2026-10-04 11:54:08.222506
2026-10-04,2026-10-01,2026-10-04,district,NMMT,NAGALAND,DIMAPUR,0.5,3.5,-86.0,LD,15.6,14.4,8.0,N,2026-10-04 11:54:08.222506
2026-10-04,2026-10-01,2026-10-04,district,NMMT,NAGALAND,KIPHIRE,1.9,3.2,-41.0,D,43.0,15.7,174.0,LE,2026-10-04 11:54:08.222506
2026-10-04,2026-10-01,2026-10-04,district,NMMT,NAGALAND,KOHIMA,1.8,4.4,-59.0,D,34.9,21.5,62.0,LE,2026-10-04 11:54:08.222506
2026-10-04,2026-10-01,2026-10-04,district,NMMT,NAGALAND,MOKOKCHUNG,0.5,6.6,-93.0,LD,70.3,21.8,222.0,LE,2026-10-04 11:54:08.222506
2026-10-04,2026-10-01,2026-10-04,district,NMMT,NAGALAND,MON,0.4,4.2,-90.0,LD,53.1,18.6,186.0,LE,2026-10-04 11:54:08.222506
2026-10-04,2026-10-01,2026-10-04,district,NMMT,NAGALAND,PEREN,0.1,3.0,-96.0,LD,50.7,19.4,162.0,LE,2026-10-04 11:54:08.222506
2026-10-04,2026-10-01,2026-10-04,district,NMMT,NAGALAND,PHEK,0.2,6.0,-97.0,LD,30.9,22.0,40.0,E,2026-10-04 11:54:08.222506
2026-10-04,2026-10-01,2026-10-04,district,NMMT,NAGALAND,TUENSANG,0.0,2.7,-100.0,NR,0.2,17.2,-99.0,LD,2026-10-04 11:54:08.222506
2026-10-04,2026-10-01,2026-10-04,district,NMMT,NAGALAND,WOKHA,0.2,4.7,-96.0,LD,29.0,22.3,30.0,E,2026-10-04 11:54:08.222506
2026-10-04,2026-10-01,2026-10-04,district,NMMT,NAGALAND,ZUNHEBOTO,0.0,2.3,-100.0,NR,79.8,17.9,346.0,LE,2026-10-04 11:54:08.222506
2026-10-04,2026-10-01,2026-10-04,district,NMMT,TRIPURA,DHALAI,0.0,7.4,-100.0,NR,8.2,21.2,-61.0,LD,2026-10-04 11:54:08.222506
2026-10-04,2026-10-01,2026-10-04,district,NMMT,TRIPURA,GOMATI,1.6,6.8,-76.0,LD,11.2,27.3,-59.0,D,2026-10-04 11:54:08.222506
2026-10-04,2026-10-01,2026-10-04,district,NMMT,TRIPURA,KHOWAI,0.0,6.6,-100.0,NR,13.7,29.2,-53.0,D,2026-10-04 11:54:08.222506
2026-10-04,2026-10-01,2026-10-04,district,NMMT,TRIPURA,NORTH TRIPURA,6.3,6.7,-5.0,N,35.1,27.4,28.0,E,2026-10-04 11:54:08.222506
2026-10-04,2026-10-01,2026-10-04,district,NMMT,TRIPURA,SIPAHIJALA,1.7,7.9,-78.0,LD,14.6,33.4,-56.0,D,2026-10-04 11:54:08.222506
2026-10-04,2026-10-01,2026-10-04,district,NMMT,TRIPURA,SOUTH TRIPURA,0.2,5.2,-96.0,LD,14.2,23.1,-38.0,D,2026-10-04 11:54:08.222506
2026-10-04,2026-10-01,2026-10-04,district,NMMT,TRIPURA,UNAKOTI,14.0,10.0,40.0,E,53.9,27.1,99.0,LE,2026-10-04 11:54:08.222506
2026-10-04,2026-10-01,2026-10-04,district,NMMT,TRIPURA,WEST TRIPURA,0.0,7.6,-100.0,NR,4.1,28.7,-86.0,LD,2026-10-04 11:54:08.222506
2026-10-04,2026-10-01,2026-10-04,district,ODISHA,ODISHA,ANGUL,0.0,4.8,-100.0,NR,0.0,18.6,-100.0,NR,2026-10-04 11:54:08.222506
2026-10-04,2026-10-01,2026-10-04,district,ODISHA,ODISHA,BALANGIR,0.0,2.3,-100.0,NR,0.0,12.1,-100.0,NR,2026-10-04 11:54:08.222506
2026-10-04,2026-10-01,2026-10-04,district,ODISHA,ODISHA,BALASORE,0.5,7.7,-94.0,LD,0.7,39.3,-98.0,LD,2026-10-04 11:54:08.222506
2026-10-04,2026-10-01,2026-10-04,district,ODISHA,ODISHA,BARGARH,0.0,3.9,-100.0,NR,0.0,11.2,-100.0,NR,2026-10-04 11:54:08.222506
2026-10-04,2026-10-01,2026-10-04,district,ODISHA,ODISHA,BHADRAK,0.0,6.5,-100.0,NR,1.9,27.6,-93.0,LD,2026-10-04 11:54:08.222506
2026-10-04,2026-10-01,2026-10-04,district,ODISHA,ODISHA,BOUDH,0.0,3.1,-100.0,NR,0.0,12.9,-100.0,NR,2026-10-04 11:54:08.222506
2026-10-04,2026-10-01,2026-10-04,district,ODISHA,ODISHA,CUTTACK,0.0,6.9,-100.0,NR,0.0,25.9,-100.0,NR,2026-10-04 11:54:08.222506
2026-10-04,2026-10-01,2026-10-04,district,ODISHA,ODISHA,DEOGARH,0.0,4.2,-100.0,NR,0.0,15.3,-100.0,NR,2026-10-04 11:54:08.222506
2026-10-04,2026-10-01,2026-10-04,district,ODISHA,ODISHA,DHENKANAL,0.0,4.8,-100.0,NR,0.0,21.8,-100.0,NR,2026-10-04 11:54:08.222506
2026-10-04,2026-10-01,2026-10-04,district,ODISHA,ODISHA,GAJAPATI,0.0,8.8,-100.0,NR,2.2,28.0,-92.0,LD,2026-10-04 11:54:08.222506
2026-10-04,2026-10-01,2026-10-04,district,ODISHA,ODISHA,GANJAM,0.4,7.7,-95.0,LD,0.4,31.1,-99.0,LD,2026-10-04 11:54:08.222506
2026-10-04,2026-10-01,2026-10-04,district,ODISHA,ODISHA,JAGATSINGHPUR,0.0,8.3,-100.0,NR,0.0,27.8,-100.0,NR,2026-10-04 11:54:08.222506
2026-10-04,2026-10-01,2026-10-04,district,ODISHA,ODISHA,JAJPUR,0.0,6.4,-100.0,NR,0.0,25.8,-100.0,NR,2026-10-04 11:54:08.222506
2026-10-04,2026-10-01,2026-10-04,district,ODISHA,ODISHA,JHARSUGUDA,0.0,3.6,-100.0,NR,0.0,14.5,-100.0,NR,2026-10-04 11:54:08.222506
2026-10-04,2026-10-01,2026-10-04,district,ODISHA,ODISHA,KALAHANDI,0.0,4.2,-100.0,NR,0.0,17.3,-100.0,NR,2026-10-04 11:54:08.222506
2026-10-04,2026-10-01,2026-10-04,district,ODISHA,ODISHA,KANDHAMAL,0.0,6.2,-100.0,NR,1.1,23.7,-95.0,LD,2026-10-04 11:54:08.222506
2026-10-04,2026-10-01,2026-10-04,district,ODISHA,ODISHA,KENDRAPARA,0.0,8.8,-100.0,NR,0.0,29.0,-100.0,NR,2026-10-04 11:54:08.222506
2026-10-04,2026-10-01,2026-10-04,district,ODISHA,ODISHA,KEONJHARGARH,0.0,4.7,-100.0,NR,0.0,21.6,-99.0,LD,2026-10-04 11:54:08.222506
2026-10-04,2026-10-01,2026-10-04,district,ODISHA,ODISHA,KHURDA,0.0,7.6,-100.0,NR,0.0,28.1,-100.0,NR,2026-10-04 11:54:08.222506
2026-10-04,2026-10-01,2026-10-04,district,ODISHA,ODISHA,KORAPUT,0.0,9.5,-100.0,NR,1.3,27.2,-95.0,LD,2026-10-04 11:54:08.222506
2026-10-04,2026-10-01,2026-10-04,district,ODISHA,ODISHA,MALKANGIRI,0.0,8.9,-100.0,NR,0.0,24.1,-100.0,NR,2026-10-04 11:54:08.222506
2026-10-04,2026-10-01,2026-10-04,district,ODISHA,ODISHA,MAYURBHANJ,0.0,4.3,-100.0,NR,0.6,23.3,-97.0,LD,2026-10-04 11:54:08.222506
2026-10-04,2026-10-01,2026-10-04,district,ODISHA,ODISHA,NAWAPARA,0.0,3.9,-100.0,NR,0.0,14.3,-100.0,NR,2026-10-04 11:54:08.222506
2026-10-04,2026-10-01,2026-10-04,district,ODISHA,ODISHA,NAWARANGPUR,0.0,5.3,-100.0,NR,0.9,23.7,-96.0,LD,2026-10-04 11:54:08.222506
2026-10-04,2026-10-01,2026-10-04,district,ODISHA,ODISHA,NAYAGARH,0.0,7.6,-100.0,NR,0.0,28.6,-100.0,NR,2026-10-04 11:54:08.222506
2026-10-04,2026-10-01,2026-10-04,district,ODISHA,ODISHA,PURI,0.0,8.7,-100.0,NR,0.0,30.5,-100.0,NR,2026-10-04 11:54:08.222506
2026-10-04,2026-10-01,2026-10-04,district,ODISHA,ODISHA,RAYAGADA,0.0,4.3,-100.0,NR,0.0,20.6,-100.0,NR,2026-10-04 11:54:08.222506
2026-10-04,2026-10-01,2026-10-04,district,ODISHA,ODISHA,SAMBALPUR,0.0,3.5,-100.0,NR,0.0,13.7,-100.0,NR,2026-10-04 11:54:08.222506
2026-10-04,2026-10-01,2026-10-04,district,ODISHA,ODISHA,SONEPUR,0.0,3.2,-100.0,NR,0.0,9.8,-100.0,NR,2026-10-04 11:54:08.222506
2026-10-04,2026-10-01,2026-10-04,district,ODISHA,ODISHA,SUNDARGARH,0.0,3.3,-100.0,NR,0.0,13.1,-100.0,NR,2026-10-04 11:54:08.222506
2026-10-04,2026-10-01,2026-10-04,district,PUNJAB,PUNJAB,AMRITSAR,0.0,0.5,-100.0,NR,0.4,1.5,-71.0,LD,2026-10-04 11:54:08.222506
2026-10-04,2026-10-01,2026-10-04,district,PUNJAB,PUNJAB,BARNALA,0.0,0.4,-100.0,NR,0.0,1.3,-100.0,NR,2026-10-04 11:54:08.222506
2026-10-04,2026-10-01,2026-10-04,district,PUNJAB,PUNJAB,BHATINDA,0.0,1.2,-100.0,NR,0.0,2.5,-100.0,NR,2026-10-04 11:54:08.222506
2026-10-04,2026-10-01,2026-10-04,district,PUNJAB,PUNJAB,FARIDKOT,0.0,0.0,-100.0,NR,0.0,0.9,-100.0,NR,2026-10-04 11:54:08.222506
2026-10-04,2026-10-01,2026-10-04,district,PUNJAB,PUNJAB,FATEHGARH SAHIB,0.0,0.0,-100.0,NR,0.0,1.0,-100.0,NR,2026-10-04 11:54:08.222506
2026-10-04,2026-10-01,2026-10-04,district,PUNJAB,PUNJAB,FAZILKA,0.0,0.2,-100.0,NR,0.0,0.3,-100.0,NR,2026-10-04 11:54:08.222506
2026-10-04,2026-10-01,2026-10-04,district,PUNJAB,PUNJAB,FEROZEPUR,0.0,0.5,-100.0,NR,0.0,0.7,-100.0,NR,2026-10-04 11:54:08.222506
2026-10-04,2026-10-01,2026-10-04,district,PUNJAB,PUNJAB,GURDASPUR,0.0,0.5,-100.0,NR,0.0,1.4,-100.0,NR,2026-10-04 11:54:08.222506
2026-10-04,2026-10-01,2026-10-04,district,PUNJAB,PUNJAB,HOSHIARPUR,0.0,0.5,-100.0,NR,0.0,1.8,-100.0,NR,2026-10-04 11:54:08.222506
2026-10-04,2026-10-01,2026-10-04,district,PUNJAB,PUNJAB,JALANDHAR,0.0,0.1,-100.0,NR,0.0,0.9,-100.0,NR,2026-10-04 11:54:08.222506
2026-10-04,2026-10-01,2026-10-04,district,PUNJAB,PUNJAB,KAPURTHALA,0.0,0.8,-100.0,NR,0.0,1.2,-100.0,NR,2026-10-04 11:54:08.222506
2026-10-04,2026-10-01,2026-10-04,district,PUNJAB,PUNJAB,LUDHIANA,0.0,0.3,-100.0,NR,0.0,1.0,-100.0,NR,2026-10-04 11:54:08.222506
2026-10-04,2026-10-01,2026-10-04,district,PUNJAB,PUNJAB,MANSA,0.0,0.7,-100.0,NR,0.0,2.0,-100.0,NR,2026-10-04 11:54:08.222506
2026-10-04,2026-10-01,2026-10-04,district,PUNJAB,PUNJAB,MOGA,0.0,0.9,-100.0,NR,0.0,1.8,-100.0,NR,2026-10-04 11:54:08.222506
2026-10-04,2026-10-01,2026-10-04,district,PUNJAB,PUNJAB,MUKTSAR,0.0,1.0,-100.0,NR,0.0,1.7,-100.0,NR,2026-10-04 11:54:08.222506
2026-10-04,2026-10-01,2026-10-04,district,PUNJAB,PUNJAB,PATHANKOT,0.0,0.4,-100.0,NR,0.0,1.2,-100.0,NR,2026-10-04 11:54:08.222506
2026-10-04,2026-10-01,2026-10-04,district,PUNJAB,PUNJAB,PATIALA,0.0,0.6,-100.0,NR,0.0,1.9,-100.0,NR,2026-10-04 11:54:08.222506
2026-10-04,2026-10-01,2026-10-04,district,PUNJAB,PUNJAB,RUPNAGAR,0.0,0.0,-100.0,NR,0.0,2.6,-100.0,NR,2026-10-04 11:54:08.222506
2026-10-04,2026-10-01,2026-10-04,district,PUNJAB,PUNJAB,SANGRUR,0.0,0.6,-100.0,NR,0.0,1.6,-100.0,NR,2026-10-04 11:54:08.222506
2026-10-04,2026-10-01,2026-10-04,district,PUNJAB,PUNJAB,SAS NAGAR (MOHALI),0.0,1.2,-100.0,NR,0.0,1.6,-100.0,NR,2026-10-04 11:54:08.222506
2026-10-04,2026-10-01,2026-10-04,district,PUNJAB,PUNJAB,SBS NAGAR,0.0,0.2,-100.0,NR,0.0,0.4,-100.0,NR,2026-10-04 11:54:08.222506
2026-10-04,2026-10-01,2026-10-04,district,PUNJAB,PUNJAB,TARN TARAN,0.0,0.2,-100.0,NR,0.0,0.3,-100.0,NR,2026-10-04 11:54:08.222506
2026-10-04,2026-10-01,2026-10-04,district,RAYALASEEMA,ANDHRA PRADESH,ANANTAPURAMU,0.0,4.7,-100.0,NR,3.3,20.6,-84.0,LD,2026-10-04 11:54:08.222506
2026-10-04,2026-10-01,2026-10-04,district,RAYALASEEMA,ANDHRA PRADESH,ANNAMAYYA DISTRICT,0.3,4.8,-93.0,LD,3.2,18.1,-83.0,LD,2026-10-04 11:54:08.222506
2026-10-04,2026-10-01,2026-10-04,district,RAYALASEEMA,ANDHRA PRADESH,CHITTOOR,0.0,5.8,-100.0,NR,10.2,25.4,-60.0,LD,2026-10-04 11:54:08.222506
2026-10-04,2026-10-01,2026-10-04,district,RAYALASEEMA,ANDHRA PRADESH,KURNOOL,0.0,3.7,-100.0,NR,0.0,27.7,-100.0,NR,2026-10-04 11:54:08.222506
2026-10-04,2026-10-01,2026-10-04,district,RAYALASEEMA,ANDHRA PRADESH,NANDYAL,0.0,5.2,-100.0,NR,0.3,25.7,-99.0,LD,2026-10-04 11:54:08.222506
2026-10-04,2026-10-01,2026-10-04,district,RAYALASEEMA,ANDHRA PRADESH,SRI SATHYASAI DISTRICT,0.2,5.0,-96.0,LD,2.6,21.9,-88.0,LD,2026-10-04 11:54:08.222506
2026-10-04,2026-10-01,2026-10-04,district,RAYALASEEMA,ANDHRA PRADESH,TIRUPATI,0.0,5.0,-99.0,LD,0.0,20.3,-99.0,LD,2026-10-04 11:54:08.222506
2026-10-04,2026-10-01,2026-10-04,district,RAYALASEEMA,ANDHRA PRADESH,YSR DISTRICT,0.0,4.5,-100.0,NR,0.0,20.6,-100.0,NR,2026-10-04 11:54:08.222506
2026-10-04,2026-10-01,2026-10-04,district,S. I. KARNATAKA,KARNATAKA,BALLARI,0.0,5.1,-100.0,NR,0.0,26.7,-100.0,NR,2026-10-04 11:54:08.222506
2026-10-04,2026-10-01,2026-10-04,district,S. I. KARNATAKA,KARNATAKA,BENGALURU RURAL,0.0,5.2,-100.0,NR,21.3,25.3,-16.0,N,2026-10-04 11:54:08.222506
2026-10-04,2026-10-01,2026-10-04,district,S. I. KARNATAKA,KARNATAKA,BENGALURU URBAN,0.0,4.8,-100.0,NR,9.2,25.4,-64.0,LD,2026-10-04 11:54:08.222506
2026-10-04,2026-10-01,2026-10-04,district,S. I. KARNATAKA,KARNATAKA,CHAMARAJANAGAR,0.0,5.4,-100.0,NR,13.8,27.1,-49.0,D,2026-10-04 11:54:08.222506
2026-10-04,2026-10-01,2026-10-04,district,S. I. KARNATAKA,KARNATAKA,CHIKABALLAPURA,0.0,4.9,-100.0,NR,0.0,25.6,-100.0,NR,2026-10-04 11:54:08.222506
2026-10-04,2026-10-01,2026-10-04,district,S. I. KARNATAKA,KARNATAKA,CHIKKAMAGALURU,0.0,6.5,-100.0,NR,2.5,29.6,-91.0,LD,2026-10-04 11:54:08.222506
2026-10-04,2026-10-01,2026-10-04,district,S. I. KARNATAKA,KARNATAKA,CHITRADURGA,0.0,5.2,-100.0,NR,0.0,22.1,-100.0,NR,2026-10-04 11:54:08.222506
2026-10-04,2026-10-01,2026-10-04,district,S. I. KARNATAKA,KARNATAKA,DAVANGERE,0.0,6.1,-100.0,NR,1.1,25.7,-96.0,LD,2026-10-04 11:54:08.222506
2026-10-04,2026-10-01,2026-10-04,district,S. I. KARNATAKA,KARNATAKA,HASSAN,0.0,4.3,-100.0,NR,24.7,24.1,2.0,N,2026-10-04 11:54:08.222506
2026-10-04,2026-10-01,2026-10-04,district,S. I. KARNATAKA,KARNATAKA,KODAGU,0.2,7.0,-97.0,LD,18.7,34.2,-45.0,D,2026-10-04 11:54:08.222506
2026-10-04,2026-10-01,2026-10-04,district,S. I. KARNATAKA,KARNATAKA,KOLAR,0.0,5.4,-100.0,NR,6.5,25.1,-74.0,LD,2026-10-04 11:54:08.222506
2026-10-04,2026-10-01,2026-10-04,district,S. I. KARNATAKA,KARNATAKA,MANDYA,0.0,3.8,-100.0,NR,6.4,23.3,-72.0,LD,2026-10-04 11:54:08.222506
2026-10-04,2026-10-01,2026-10-04,district,S. I. KARNATAKA,KARNATAKA,MYSURU,0.0,3.8,-100.0,NR,7.5,19.9,-63.0,LD,2026-10-04 11:54:08.222506
2026-10-04,2026-10-01,2026-10-04,district,S. I. KARNATAKA,KARNATAKA,RAMANAGARA,0.0,5.5,-100.0,NR,0.0,31.4,-100.0,NR,2026-10-04 11:54:08.222506
2026-10-04,2026-10-01,2026-10-04,district,S. I. KARNATAKA,KARNATAKA,SHIVAMOGGA,3.0,6.9,-57.0,D,3.2,28.5,-89.0,LD,2026-10-04 11:54:08.222506
2026-10-04,2026-10-01,2026-10-04,district,S. I. KARNATAKA,KARNATAKA,TUMAKURU,0.0,4.3,-100.0,NR,0.0,25.1,-100.0,NR,2026-10-04 11:54:08.222506
2026-10-04,2026-10-01,2026-10-04,district,S. I. KARNATAKA,KARNATAKA,VIJAYANAGARA,0.0,4.7,-100.0,NR,0.9,26.7,-96.0,LD,2026-10-04 11:54:08.222506
2026-10-04,2026-10-01,2026-10-04,district,SAURASHTRA & KUTCH,DADRA & NAGAR HAVELI AND DAMAN & DIU (UT),DIU,0.0,1.0,-100.0,NR,0.0,1.9,-100.0,NR,2026-10-04 11:54:08.222506
2026-10-04,2026-10-01,2026-10-04,district,SAURASHTRA & KUTCH,GUJARAT,AMRELI,0.0,1.9,-100.0,NR,0.2,6.5,-97.0,LD,2026-10-04 11:54:08.222506
2026-10-04,2026-10-01,2026-10-04,district,SAURASHTRA & KUTCH,GUJARAT,BHAVNAGAR,0.0,1.2,-100.0,NR,0.0,4.3,-100.0,NR,2026-10-04 11:54:08.222506
2026-10-04,2026-10-01,2026-10-04,district,SAURASHTRA & KUTCH,GUJARAT,BOTAD,0.0,1.6,-100.0,NR,0.0,5.9,-100.0,NR,2026-10-04 11:54:08.222506
2026-10-04,2026-10-01,2026-10-04,district,SAURASHTRA & KUTCH,GUJARAT,DEVBHOOMI DWARKA,0.0,0.5,-100.0,NR,0.0,3.3,-100.0,NR,2026-10-04 11:54:08.222506
2026-10-04,2026-10-01,2026-10-04,district,SAURASHTRA & KUTCH,GUJARAT,GIR SOMNATH,0.0,0.8,-100.0,NR,5.8,4.1,42.0,E,2026-10-04 11:54:08.222506
2026-10-04,2026-10-01,2026-10-04,district,SAURASHTRA & KUTCH,GUJARAT,JAMNAGAR,0.0,0.5,-100.0,NR,3.2,3.6,-12.0,N,2026-10-04 11:54:08.222506
2026-10-04,2026-10-01,2026-10-04,district,SAURASHTRA & KUTCH,GUJARAT,JUNAGADH,0.0,1.9,-100.0,NR,3.4,6.6,-48.0,D,2026-10-04 11:54:08.222506
2026-10-04,2026-10-01,2026-10-04,district,SAURASHTRA & KUTCH,GUJARAT,KUTCH,0.0,0.6,-100.0,NR,0.0,2.4,-100.0,NR,2026-10-04 11:54:08.222506
2026-10-04,2026-10-01,2026-10-04,district,SAURASHTRA & KUTCH,GUJARAT,MORBI,0.0,0.6,-100.0,NR,0.0,3.3,-100.0,NR,2026-10-04 11:54:08.222506
2026-10-04,2026-10-01,2026-10-04,district,SAURASHTRA & KUTCH,GUJARAT,PORBANDAR,0.0,0.8,-100.0,NR,0.0,4.7,-100.0,NR,2026-10-04 11:54:08.222506
2026-10-04,2026-10-01,2026-10-04,district,SAURASHTRA & KUTCH,GUJARAT,RAJKOT,0.0,0.9,-100.0,NR,0.0,4.1,-100.0,NR,2026-10-04 11:54:08.222506
2026-10-04,2026-10-01,2026-10-04,district,SAURASHTRA & KUTCH,GUJARAT,SURENDRANAGAR,0.0,0.5,-100.0,NR,0.0,3.0,-100.0,NR,2026-10-04 11:54:08.222506
2026-10-04,2026-10-01,2026-10-04,district,SHWB & SIKKIM,SIKKIM,GANGTOK,0.8,7.9,-90.0,LD,2.9,38.0,-92.0,LD,2026-10-04 11:54:08.222506
2026-10-04,2026-10-01,2026-10-04,district,SHWB & SIKKIM,SIKKIM,GYALSHING,12.4,7.1,75.0,LE,12.8,32.0,-60.0,LD,2026-10-04 11:54:08.222506
2026-10-04,2026-10-01,2026-10-04,district,SHWB & SIKKIM,SIKKIM,MANGAN,5.2,9.7,-46.0,D,7.1,32.8,-78.0,LD,2026-10-04 11:54:08.222506
2026-10-04,2026-10-01,2026-10-04,district,SHWB & SIKKIM,SIKKIM,NAMCHI,0.0,3.1,-100.0,NR,0.0,15.5,-100.0,NR,2026-10-04 11:54:08.222506
2026-10-04,2026-10-01,2026-10-04,district,SHWB & SIKKIM,SIKKIM,Pakyong,0.8,3.5,-77.0,LD,0.8,16.9,-95.0,LD,2026-10-04 11:54:08.222506
2026-10-04,2026-10-01,2026-10-04,district,SHWB & SIKKIM,SIKKIM,Soreng,0.0,7.1,-100.0,NR,1.0,32.0,-97.0,LD,2026-10-04 11:54:08.222506
2026-10-04,2026-10-01,2026-10-04,district,SHWB & SIKKIM,WEST BENGAL,ALIPURDUAR,35.9,10.8,232.0,LE,35.9,33.8,6.0,N,2026-10-04 11:54:08.222506
2026-10-04,2026-10-01,2026-10-04,district,SHWB & SIKKIM,WEST BENGAL,COOCH BEHAR,0.1,11.7,-99.0,LD,0.1,38.7,-99.0,LD,2026-10-04 11:54:08.222506
2026-10-04,2026-10-01,2026-10-04,district,SHWB & SIKKIM,WEST BENGAL,DARJEELING,36.5,8.1,351.0,LE,36.5,33.6,9.0,N,2026-10-04 11:54:08.222506
2026-10-04,2026-10-01,2026-10-04,district,SHWB & SIKKIM,WEST BENGAL,JALPAIGURI,64.6,9.5,580.0,LE,65.4,41.9,56.0,E,2026-10-04 11:54:08.222506
2026-10-04,2026-10-01,2026-10-04,district,SHWB & SIKKIM,WEST BENGAL,KALIMPONG,7.9,7.0,12.0,N,12.0,33.2,-64.0,LD,2026-10-04 11:54:08.222506
2026-10-04,2026-10-01,2026-10-04,district,SHWB & SIKKIM,WEST BENGAL,MALDA,0.0,8.0,-100.0,NR,0.0,30.4,-100.0,NR,2026-10-04 11:54:08.222506
2026-10-04,2026-10-01,2026-10-04,district,SHWB & SIKKIM,WEST BENGAL,NORTH DINAJPUR,0.0,9.9,-100.0,NR,0.0,39.2,-100.0,NR,2026-10-04 11:54:08.222506
2026-10-04,2026-10-01,2026-10-04,district,SHWB & SIKKIM,WEST BENGAL,SOUTH DINAJPUR,0.0,15.2,-100.0,NR,0.0,37.5,-100.0,NR,2026-10-04 11:54:08.222506
2026-10-04,2026-10-01,2026-10-04,district,TAMIL. PUDU.& KARAIKAL,PUDUCHERRY (UT),KARAIKAL,0.0,5.2,-100.0,NR,26.2,14.5,81.0,LE,2026-10-04 11:54:08.222506
2026-10-04,2026-10-01,2026-10-04,district,TAMIL. PUDU.& KARAIKAL,PUDUCHERRY (UT),PUDUCHERRY,0.0,4.6,-100.0,NR,0.0,21.2,-100.0,NR,2026-10-04 11:54:08.222506
2026-10-04,2026-10-01,2026-10-04,district,TAMIL. PUDU.& KARAIKAL,TAMILNADU,ARIYALUR,0.5,3.9,-87.0,LD,6.8,13.3,-49.0,D,2026-10-04 11:54:08.222506
2026-10-04,2026-10-01,2026-10-04,district,TAMIL. PUDU.& KARAIKAL,TAMILNADU,CHENGALPATTU,0.0,6.1,-100.0,NR,0.0,20.3,-100.0,NR,2026-10-04 11:54:08.222506
2026-10-04,2026-10-01,2026-10-04,district,TAMIL. PUDU.& KARAIKAL,TAMILNADU,CHENNAI,0.0,4.5,-100.0,NR,0.0,24.0,-100.0,NR,2026-10-04 11:54:08.222506
2026-10-04,2026-10-01,2026-10-04,district,TAMIL. PUDU.& KARAIKAL,TAMILNADU,COIMBATORE,1.9,3.9,-53.0,D,16.3,16.7,-2.0,N,2026-10-04 11:54:08.222506
2026-10-04,2026-10-01,2026-10-04,district,TAMIL. PUDU.& KARAIKAL,TAMILNADU,CUDDALORE,0.0,4.1,-99.0,LD,5.8,16.5,-65.0,LD,2026-10-04 11:54:08.222506
2026-10-04,2026-10-01,2026-10-04,district,TAMIL. PUDU.& KARAIKAL,TAMILNADU,DHARMAPURI,0.0,3.9,-100.0,NR,6.9,23.7,-71.0,LD,2026-10-04 11:54:08.222506
2026-10-04,2026-10-01,2026-10-04,district,TAMIL. PUDU.& KARAIKAL,TAMILNADU,DINDIGUL,3.4,4.8,-29.0,D,10.0,20.5,-51.0,D,2026-10-04 11:54:08.222506
2026-10-04,2026-10-01,2026-10-04,district,TAMIL. PUDU.& KARAIKAL,TAMILNADU,ERODE,0.0,4.6,-100.0,NR,8.0,17.6,-54.0,D,2026-10-04 11:54:08.222506
2026-10-04,2026-10-01,2026-10-04,district,TAMIL. PUDU.& KARAIKAL,TAMILNADU,KALLAKURICHI,0.0,4.5,-100.0,NR,23.6,16.6,42.0,E,2026-10-04 11:54:08.222506
2026-10-04,2026-10-01,2026-10-04,district,TAMIL. PUDU.& KARAIKAL,TAMILNADU,KANCHEEPURAM,0.0,6.3,-100.0,NR,0.4,26.0,-98.0,LD,2026-10-04 11:54:08.222506
2026-10-04,2026-10-01,2026-10-04,district,TAMIL. PUDU.& KARAIKAL,TAMILNADU,KANYAKUMARI,6.5,6.8,-5.0,N,30.7,23.9,28.0,E,2026-10-04 11:54:08.222506
2026-10-04,2026-10-01,2026-10-04,district,TAMIL. PUDU.& KARAIKAL,TAMILNADU,KARUR,0.0,2.3,-100.0,NR,12.2,12.5,-2.0,N,2026-10-04 11:54:08.222506
2026-10-04,2026-10-01,2026-10-04,district,TAMIL. PUDU.& KARAIKAL,TAMILNADU,KRISHNAGIRI,0.0,4.6,-100.0,NR,15.5,26.2,-41.0,D,2026-10-04 11:54:08.222506
2026-10-04,2026-10-01,2026-10-04,district,TAMIL. PUDU.& KARAIKAL,TAMILNADU,MADURAI,0.5,3.5,-85.0,LD,7.5,17.2,-56.0,D,2026-10-04 11:54:08.222506
2026-10-04,2026-10-01,2026-10-04,district,TAMIL. PUDU.& KARAIKAL,TAMILNADU,MAYILADUTHURAI,0.0,3.8,-100.0,NR,7.3,13.6,-46.0,D,2026-10-04 11:54:08.222506
2026-10-04,2026-10-01,2026-10-04,district,TAMIL. PUDU.& KARAIKAL,TAMILNADU,NAGAPATTINAM,0.0,3.9,-100.0,NR,1.0,13.5,-92.0,LD,2026-10-04 11:54:08.222506
2026-10-04,2026-10-01,2026-10-04,district,TAMIL. PUDU.& KARAIKAL,TAMILNADU,NAMAKKAL,0.0,3.4,-100.0,NR,13.2,15.2,-13.0,N,2026-10-04 11:54:08.222506
2026-10-04,2026-10-01,2026-10-04,district,TAMIL. PUDU.& KARAIKAL,TAMILNADU,NILGIRIS,0.1,4.8,-99.0,LD,7.3,22.7,-68.0,LD,2026-10-04 11:54:08.222506
2026-10-04,2026-10-01,2026-10-04,district,TAMIL. PUDU.& KARAIKAL,TAMILNADU,PERAMBALUR,0.0,4.1,-100.0,NR,18.9,12.1,56.0,E,2026-10-04 11:54:08.222506
2026-10-04,2026-10-01,2026-10-04,district,TAMIL. PUDU.& KARAIKAL,TAMILNADU,PUDUKKOTTAI,0.0,3.3,-100.0,NR,8.2,14.2,-43.0,D,2026-10-04 11:54:08.222506
2026-10-04,2026-10-01,2026-10-04,district,TAMIL. PUDU.& KARAIKAL,TAMILNADU,RAMANATHAPURAM,0.0,3.4,-100.0,NR,7.9,13.1,-40.0,D,2026-10-04 11:54:08.222506
2026-10-04,2026-10-01,2026-10-04,district,TAMIL. PUDU.& KARAIKAL,TAMILNADU,RANIPET,0.0,4.0,-100.0,NR,1.6,18.2,-91.0,LD,2026-10-04 11:54:08.222506
2026-10-04,2026-10-01,2026-10-04,district,TAMIL. PUDU.& KARAIKAL,TAMILNADU,SALEM,0.0,4.7,-100.0,NR,2.0,19.2,-89.0,LD,2026-10-04 11:54:08.222506
2026-10-04,2026-10-01,2026-10-04,district,TAMIL. PUDU.& KARAIKAL,TAMILNADU,SIVAGANGA,0.0,4.6,-100.0,NR,2.9,17.2,-83.0,LD,2026-10-04 11:54:08.222506
2026-10-04,2026-10-01,2026-10-04,district,TAMIL. PUDU.& KARAIKAL,TAMILNADU,TENKASI,0.1,2.5,-95.0,LD,19.8,9.9,100.0,LE,2026-10-04 11:54:08.222506
2026-10-04,2026-10-01,2026-10-04,district,TAMIL. PUDU.& KARAIKAL,TAMILNADU,THANJAVUR,0.1,5.1,-98.0,LD,6.2,16.6,-63.0,LD,2026-10-04 11:54:08.222506
2026-10-04,2026-10-01,2026-10-04,district,TAMIL. PUDU.& KARAIKAL,TAMILNADU,THENI,0.3,3.9,-93.0,LD,14.6,16.9,-14.0,N,2026-10-04 11:54:08.222506
2026-10-04,2026-10-01,2026-10-04,district,TAMIL. PUDU.& KARAIKAL,TAMILNADU,THIRUCHIRAPALLI,0.0,5.0,-100.0,NR,8.6,17.2,-50.0,D,2026-10-04 11:54:08.222506
2026-10-04,2026-10-01,2026-10-04,district,TAMIL. PUDU.& KARAIKAL,TAMILNADU,THIRUVALLUR,1.6,4.8,-66.0,LD,1.6,18.8,-91.0,LD,2026-10-04 11:54:08.222506
2026-10-04,2026-10-01,2026-10-04,district,TAMIL. PUDU.& KARAIKAL,TAMILNADU,THOOTHUKUDI,0.0,2.0,-100.0,NR,7.0,7.1,-2.0,N,2026-10-04 11:54:08.222506
2026-10-04,2026-10-01,2026-10-04,district,TAMIL. PUDU.& KARAIKAL,TAMILNADU,TIRUNELVELI,0.0,2.1,-100.0,NR,19.0,8.0,138.0,LE,2026-10-04 11:54:08.222506
2026-10-04,2026-10-01,2026-10-04,district,TAMIL. PUDU.& KARAIKAL,TAMILNADU,TIRUPATTUR,0.0,4.9,-100.0,NR,7.1,20.0,-64.0,LD,2026-10-04 11:54:08.222506
2026-10-04,2026-10-01,2026-10-04,district,TAMIL. PUDU.& KARAIKAL,TAMILNADU,TIRUPPUR,0.0,4.4,-100.0,NR,5.3,15.6,-66.0,LD,2026-10-04 11:54:08.222506
2026-10-04,2026-10-01,2026-10-04,district,TAMIL. PUDU.& KARAIKAL,TAMILNADU,TIRUVANNAMALAI,0.0,5.7,-100.0,NR,18.2,20.8,-12.0,N,2026-10-04 11:54:08.222506
2026-10-04,2026-10-01,2026-10-04,district,TAMIL. PUDU.& KARAIKAL,TAMILNADU,TIRUVARUR,0.0,4.5,-100.0,NR,4.6,16.0,-71.0,LD,2026-10-04 11:54:08.222506
2026-10-04,2026-10-01,2026-10-04,district,TAMIL. PUDU.& KARAIKAL,TAMILNADU,VELLORE,0.4,4.6,-92.0,LD,6.6,18.6,-64.0,LD,2026-10-04 11:54:08.222506
2026-10-04,2026-10-01,2026-10-04,district,TAMIL. PUDU.& KARAIKAL,TAMILNADU,VILLUPURAM,0.0,4.5,-100.0,NR,7.2,18.8,-62.0,LD,2026-10-04 11:54:08.222506
2026-10-04,2026-10-01,2026-10-04,district,TAMIL. PUDU.& KARAIKAL,TAMILNADU,VIRUDHUNAGAR,0.5,3.6,-87.0,LD,23.3,13.0,79.0,LE,2026-10-04 11:54:08.222506
2026-10-04,2026-10-01,2026-10-04,district,TELANGANA,TELANGANA,ADILABAD,0.0,3.3,-100.0,NR,0.0,16.4,-100.0,NR,2026-10-04 11:54:08.222506
2026-10-04,2026-10-01,2026-10-04,district,TELANGANA,TELANGANA,B. KOTHAGUDEM,0.8,4.0,-80.0,LD,0.8,21.2,-96.0,LD,2026-10-04 11:54:08.222506
2026-10-04,2026-10-01,2026-10-04,district,TELANGANA,TELANGANA,HANUMAKONDA,0.0,1.6,-100.0,NR,0.0,16.4,-99.0,LD,2026-10-04 11:54:08.222506
2026-10-04,2026-10-01,2026-10-04,district,TELANGANA,TELANGANA,HYDERABAD,0.0,5.4,-99.0,LD,0.1,22.3,-99.0,LD,2026-10-04 11:54:08.222506
2026-10-04,2026-10-01,2026-10-04,district,TELANGANA,TELANGANA,J. BHUPALPALLY,0.0,3.0,-100.0,NR,0.1,14.9,-99.0,LD,2026-10-04 11:54:08.222506
2026-10-04,2026-10-01,2026-10-04,district,TELANGANA,TELANGANA,JAGTIAL,0.0,1.9,-100.0,NR,0.0,15.3,-100.0,NR,2026-10-04 11:54:08.222506
2026-10-04,2026-10-01,2026-10-04,district,TELANGANA,TELANGANA,JANGAON,0.0,2.5,-99.0,LD,0.1,23.0,-99.0,LD,2026-10-04 11:54:08.222506
2026-10-04,2026-10-01,2026-10-04,district,TELANGANA,TELANGANA,JOGULAMBA GADWAL,0.0,1.6,-100.0,NR,0.0,23.3,-100.0,NR,2026-10-04 11:54:08.222506
2026-10-04,2026-10-01,2026-10-04,district,TELANGANA,TELANGANA,KAMAREDDY,0.0,2.7,-99.0,LD,0.0,19.4,-99.0,LD,2026-10-04 11:54:08.222506
2026-10-04,2026-10-01,2026-10-04,district,TELANGANA,TELANGANA,KARIMNAGAR,0.0,3.2,-100.0,NR,0.0,16.9,-100.0,NR,2026-10-04 11:54:08.222506
2026-10-04,2026-10-01,2026-10-04,district,TELANGANA,TELANGANA,KHAMMAM,0.6,3.0,-80.0,LD,1.5,23.7,-94.0,LD,2026-10-04 11:54:08.222506
2026-10-04,2026-10-01,2026-10-04,district,TELANGANA,TELANGANA,KUMARAM BHEEM,0.0,4.4,-100.0,NR,0.1,20.4,-99.0,LD,2026-10-04 11:54:08.222506
2026-10-04,2026-10-01,2026-10-04,district,TELANGANA,TELANGANA,M. MALKAJGIRI,0.3,2.3,-89.0,LD,0.3,21.1,-99.0,LD,2026-10-04 11:54:08.222506
2026-10-04,2026-10-01,2026-10-04,district,TELANGANA,TELANGANA,MAHABUBABAD,0.4,3.3,-88.0,LD,0.4,20.5,-98.0,LD,2026-10-04 11:54:08.222506
2026-10-04,2026-10-01,2026-10-04,district,TELANGANA,TELANGANA,MAHABUBNAGAR,0.0,3.3,-100.0,NR,0.0,23.4,-99.0,LD,2026-10-04 11:54:08.222506
2026-10-04,2026-10-01,2026-10-04,district,TELANGANA,TELANGANA,MANCHERIAL,0.2,6.0,-96.0,LD,0.7,19.0,-96.0,LD,2026-10-04 11:54:08.222506
2026-10-04,2026-10-01,2026-10-04,district,TELANGANA,TELANGANA,MEDAK,0.0,2.5,-100.0,NR,0.1,19.8,-99.0,LD,2026-10-04 11:54:08.222506
2026-10-04,2026-10-01,2026-10-04,district,TELANGANA,TELANGANA,MULUGU,1.1,3.3,-68.0,LD,1.1,19.7,-95.0,LD,2026-10-04 11:54:08.222506
2026-10-04,2026-10-01,2026-10-04,district,TELANGANA,TELANGANA,NAGARKURNOOL,0.1,4.6,-99.0,LD,0.1,25.7,-99.0,LD,2026-10-04 11:54:08.222506
2026-10-04,2026-10-01,2026-10-04,district,TELANGANA,TELANGANA,NALGONDA,0.0,4.2,-100.0,NR,0.3,21.8,-98.0,LD,2026-10-04 11:54:08.222506
2026-10-04,2026-10-01,2026-10-04,district,TELANGANA,TELANGANA,NARAYANPET,0.1,3.5,-97.0,LD,0.1,19.7,-99.0,LD,2026-10-04 11:54:08.222506
2026-10-04,2026-10-01,2026-10-04,district,TELANGANA,TELANGANA,NIRMAL,0.7,2.9,-77.0,LD,0.7,17.8,-96.0,LD,2026-10-04 11:54:08.222506
2026-10-04,2026-10-01,2026-10-04,district,TELANGANA,TELANGANA,NIZAMABAD,0.0,1.9,-100.0,NR,0.0,15.1,-100.0,NR,2026-10-04 11:54:08.222506
2026-10-04,2026-10-01,2026-10-04,district,TELANGANA,TELANGANA,PEDDAPALLE,0.4,3.9,-89.0,LD,0.5,19.2,-98.0,LD,2026-10-04 11:54:08.222506
2026-10-04,2026-10-01,2026-10-04,district,TELANGANA,TELANGANA,RAJANNA SIRCILLA,1.7,2.7,-36.0,D,26.2,18.0,46.0,E,2026-10-04 11:54:08.222506
2026-10-04,2026-10-01,2026-10-04,district,TELANGANA,TELANGANA,RANGAREDDY,0.8,3.7,-80.0,LD,0.8,20.9,-96.0,LD,2026-10-04 11:54:08.222506
2026-10-04,2026-10-01,2026-10-04,district,TELANGANA,TELANGANA,SANGAREDDY,0.2,3.5,-95.0,LD,0.4,24.0,-98.0,LD,2026-10-04 11:54:08.222506
2026-10-04,2026-10-01,2026-10-04,district,TELANGANA,TELANGANA,SIDDIPET,0.0,2.5,-99.0,LD,0.1,18.8,-99.0,LD,2026-10-04 11:54:08.222506
2026-10-04,2026-10-01,2026-10-04,district,TELANGANA,TELANGANA,SURYAPET,0.0,4.9,-100.0,NR,0.0,23.1,-99.0,LD,2026-10-04 11:54:08.222506
2026-10-04,2026-10-01,2026-10-04,district,TELANGANA,TELANGANA,VIKARABAD,0.0,4.0,-100.0,NR,0.0,23.9,-99.0,LD,2026-10-04 11:54:08.222506
2026-10-04,2026-10-01,2026-10-04,district,TELANGANA,TELANGANA,WANAPARTHY,0.0,5.6,-100.0,NR,0.0,29.9,-99.0,LD,2026-10-04 11:54:08.222506
2026-10-04,2026-10-01,2026-10-04,district,TELANGANA,TELANGANA,WARANGAL,0.2,1.8,-89.0,LD,0.3,15.2,-98.0,LD,2026-10-04 11:54:08.222506
2026-10-04,2026-10-01,2026-10-04,district,TELANGANA,TELANGANA,Y. BHUVANAGIRI,0.0,3.6,-100.0,NR,0.0,22.2,-100.0,NR,2026-10-04 11:54:08.222506
2026-10-04,2026-10-01,2026-10-04,district,UTTARAKHAND,UTTARAKHAND,ALMORA,0.0,0.8,-100.0,NR,1.0,3.8,-74.0,LD,2026-10-04 11:54:08.222506
2026-10-04,2026-10-01,2026-10-04,district,UTTARAKHAND,UTTARAKHAND,BAGESHWAR,0.0,0.8,-100.0,NR,1.6,3.8,-59.0,D,2026-10-04 11:54:08.222506
2026-10-04,2026-10-01,2026-10-04,district,UTTARAKHAND,UTTARAKHAND,CHAMOLI,0.0,1.2,-100.0,NR,3.3,2.9,13.0,N,2026-10-04 11:54:08.222506
2026-10-04,2026-10-01,2026-10-04,district,UTTARAKHAND,UTTARAKHAND,CHAMPAWAT,0.0,2.4,-100.0,NR,0.0,5.2,-100.0,NR,2026-10-04 11:54:08.222506
2026-10-04,2026-10-01,2026-10-04,district,UTTARAKHAND,UTTARAKHAND,DEHRADUN,0.0,2.0,-100.0,NR,0.0,6.4,-100.0,NR,2026-10-04 11:54:08.222506
2026-10-04,2026-10-01,2026-10-04,district,UTTARAKHAND,UTTARAKHAND,GARHWAL PAURI,0.0,0.4,-100.0,NR,0.0,5.8,-100.0,NR,2026-10-04 11:54:08.222506
2026-10-04,2026-10-01,2026-10-04,district,UTTARAKHAND,UTTARAKHAND,GARHWAL TEHRI,0.0,0.9,-100.0,NR,0.0,4.5,-100.0,NR,2026-10-04 11:54:08.222506
2026-10-04,2026-10-01,2026-10-04,district,UTTARAKHAND,UTTARAKHAND,HARDWAR,0.0,1.4,-100.0,NR,0.0,2.6,-100.0,NR,2026-10-04 11:54:08.222506
2026-10-04,2026-10-01,2026-10-04,district,UTTARAKHAND,UTTARAKHAND,NAINITAL,0.0,1.9,-100.0,NR,5.0,7.1,-30.0,D,2026-10-04 11:54:08.222506
2026-10-04,2026-10-01,2026-10-04,district,UTTARAKHAND,UTTARAKHAND,PITHORAGARH,0.0,2.3,-100.0,NR,0.0,8.7,-100.0,NR,2026-10-04 11:54:08.222506
2026-10-04,2026-10-01,2026-10-04,district,UTTARAKHAND,UTTARAKHAND,RUDRAPRAYAG,0.0,2.3,-100.0,NR,0.8,3.6,-78.0,LD,2026-10-04 11:54:08.222506
2026-10-04,2026-10-01,2026-10-04,district,UTTARAKHAND,UTTARAKHAND,UDHAM SINGH NAGAR,0.0,1.4,-100.0,NR,0.0,5.6,-100.0,NR,2026-10-04 11:54:08.222506
2026-10-04,2026-10-01,2026-10-04,district,UTTARAKHAND,UTTARAKHAND,UTTARKASHI,0.0,1.3,-100.0,NR,2.9,9.1,-68.0,LD,2026-10-04 11:54:08.222506
2026-10-04,2026-10-01,2026-10-04,district,VIDARBHA,MAHARASHTRA,AKOLA,0.0,3.7,-100.0,NR,0.0,17.2,-99.0,LD,2026-10-04 11:54:08.222506
2026-10-04,2026-10-01,2026-10-04,district,VIDARBHA,MAHARASHTRA,AMRAOTI,0.0,3.1,-100.0,NR,0.0,13.1,-100.0,NR,2026-10-04 11:54:08.222506
2026-10-04,2026-10-01,2026-10-04,district,VIDARBHA,MAHARASHTRA,BHANDARA,0.0,3.1,-100.0,NR,0.0,12.3,-99.0,LD,2026-10-04 11:54:08.222506
2026-10-04,2026-10-01,2026-10-04,district,VIDARBHA,MAHARASHTRA,BULDHANA,0.0,3.9,-100.0,NR,0.0,17.6,-100.0,NR,2026-10-04 11:54:08.222506
2026-10-04,2026-10-01,2026-10-04,district,VIDARBHA,MAHARASHTRA,CHANDRAPUR,0.0,3.9,-100.0,NR,0.0,14.7,-100.0,NR,2026-10-04 11:54:08.222506
2026-10-04,2026-10-01,2026-10-04,district,VIDARBHA,MAHARASHTRA,GADCHIROLI,0.0,3.8,-100.0,NR,0.0,15.5,-99.0,LD,2026-10-04 11:54:08.222506
2026-10-04,2026-10-01,2026-10-04,district,VIDARBHA,MAHARASHTRA,GONDIA,0.0,1.7,-100.0,NR,0.0,10.6,-99.0,LD,2026-10-04 11:54:08.222506
2026-10-04,2026-10-01,2026-10-04,district,VIDARBHA,MAHARASHTRA,NAGPUR,0.0,2.7,-100.0,NR,0.0,10.5,-100.0,NR,2026-10-04 11:54:08.222506
2026-10-04,2026-10-01,2026-10-04,district,VIDARBHA,MAHARASHTRA,WARDHA,0.0,3.5,-100.0,NR,0.0,13.9,-99.0,LD,2026-10-04 11:54:08.222506
2026-10-04,2026-10-01,2026-10-04,district,VIDARBHA,MAHARASHTRA,WASHIM,0.0,4.7,-100.0,NR,0.0,18.1,-99.0,LD,2026-10-04 11:54:08.222506
2026-10-04,2026-10-01,2026-10-04,district,VIDARBHA,MAHARASHTRA,YEOTMAL,0.0,3.9,-100.0,NR,0.0,17.5,-100.0,NR,2026-10-04 11:54:08.222506
2026-10-04,2026-10-01,2026-10-04,district,WEST MADHYA PRADESH,MADHYA PRADESH,AGAR-MALWA,0.0,3.8,-100.0,NR,0.0,8.0,-100.0,NR,2026-10-04 11:54:08.222506
2026-10-04,2026-10-01,2026-10-04,district,WEST MADHYA PRADESH,MADHYA PRADESH,ALIRAJPUR,0.0,2.5,-100.0,NR,0.0,9.7,-100.0,NR,2026-10-04 11:54:08.222506
2026-10-04,2026-10-01,2026-10-04,district,WEST MADHYA PRADESH,MADHYA PRADESH,ASHOKNAGAR,0.0,2.6,-100.0,NR,0.0,6.1,-100.0,NR,2026-10-04 11:54:08.222506
2026-10-04,2026-10-01,2026-10-04,district,WEST MADHYA PRADESH,MADHYA PRADESH,BARWANI,0.0,1.5,-100.0,NR,0.0,7.8,-100.0,NR,2026-10-04 11:54:08.222506
2026-10-04,2026-10-01,2026-10-04,district,WEST MADHYA PRADESH,MADHYA PRADESH,BETUL,0.0,3.1,-100.0,NR,0.0,9.0,-100.0,NR,2026-10-04 11:54:08.222506
2026-10-04,2026-10-01,2026-10-04,district,WEST MADHYA PRADESH,MADHYA PRADESH,BHIND,0.0,3.8,-100.0,NR,0.0,6.5,-100.0,NR,2026-10-04 11:54:08.222506
2026-10-04,2026-10-01,2026-10-04,district,WEST MADHYA PRADESH,MADHYA PRADESH,BHOPAL,0.0,2.0,-100.0,NR,0.0,5.7,-100.0,NR,2026-10-04 11:54:08.222506
2026-10-04,2026-10-01,2026-10-04,district,WEST MADHYA PRADESH,MADHYA PRADESH,BURHANPUR,0.0,3.0,-100.0,NR,0.0,12.8,-100.0,NR,2026-10-04 11:54:08.222506
2026-10-04,2026-10-01,2026-10-04,district,WEST MADHYA PRADESH,MADHYA PRADESH,DATIA,0.0,4.9,-100.0,NR,0.0,7.3,-100.0,NR,2026-10-04 11:54:08.222506
2026-10-04,2026-10-01,2026-10-04,district,WEST MADHYA PRADESH,MADHYA PRADESH,DEWAS,0.0,1.3,-100.0,NR,0.0,6.2,-100.0,NR,2026-10-04 11:54:08.222506
2026-10-04,2026-10-01,2026-10-04,district,WEST MADHYA PRADESH,MADHYA PRADESH,DHAR,0.0,3.1,-100.0,NR,0.1,9.9,-99.0,LD,2026-10-04 11:54:08.222506
2026-10-04,2026-10-01,2026-10-04,district,WEST MADHYA PRADESH,MADHYA PRADESH,GUNA,0.0,1.5,-100.0,NR,0.0,4.8,-100.0,NR,2026-10-04 11:54:08.222506
2026-10-04,2026-10-01,2026-10-04,district,WEST MADHYA PRADESH,MADHYA PRADESH,GWALIOR,0.0,5.8,-100.0,NR,1.0,8.8,-88.0,LD,2026-10-04 11:54:08.222506
2026-10-04,2026-10-01,2026-10-04,district,WEST MADHYA PRADESH,MADHYA PRADESH,HARDA,0.0,3.1,-100.0,NR,0.0,11.6,-100.0,NR,2026-10-04 11:54:08.222506
2026-10-04,2026-10-01,2026-10-04,district,WEST MADHYA PRADESH,MADHYA PRADESH,INDORE,0.0,1.0,-100.0,NR,0.0,7.7,-100.0,NR,2026-10-04 11:54:08.222506
2026-10-04,2026-10-01,2026-10-04,district,WEST MADHYA PRADESH,MADHYA PRADESH,JHABUA,0.0,2.0,-100.0,NR,0.0,10.9,-100.0,NR,2026-10-04 11:54:08.222506
2026-10-04,2026-10-01,2026-10-04,district,WEST MADHYA PRADESH,MADHYA PRADESH,KHANDWA,0.0,2.5,-100.0,NR,0.0,8.1,-100.0,NR,2026-10-04 11:54:08.222506
2026-10-04,2026-10-01,2026-10-04,district,WEST MADHYA PRADESH,MADHYA PRADESH,KHARGONE,0.0,2.6,-100.0,NR,0.0,8.7,-100.0,NR,2026-10-04 11:54:08.222506
2026-10-04,2026-10-01,2026-10-04,district,WEST MADHYA PRADESH,MADHYA PRADESH,MANDSAUR,0.0,1.3,-100.0,NR,0.0,5.0,-100.0,NR,2026-10-04 11:54:08.222506
2026-10-04,2026-10-01,2026-10-04,district,WEST MADHYA PRADESH,MADHYA PRADESH,MORENA,0.0,3.2,-100.0,NR,0.0,6.1,-100.0,NR,2026-10-04 11:54:08.222506
2026-10-04,2026-10-01,2026-10-04,district,WEST MADHYA PRADESH,MADHYA PRADESH,NARMADAPURAM,0.0,2.1,-100.0,NR,0.0,6.9,-100.0,NR,2026-10-04 11:54:08.222506
2026-10-04,2026-10-01,2026-10-04,district,WEST MADHYA PRADESH,MADHYA PRADESH,NEEMUCH,0.0,1.2,-100.0,NR,0.0,3.3,-100.0,NR,2026-10-04 11:54:08.222506
2026-10-04,2026-10-01,2026-10-04,district,WEST MADHYA PRADESH,MADHYA PRADESH,RAISEN,0.0,2.2,-100.0,NR,0.9,6.9,-87.0,LD,2026-10-04 11:54:08.222506
2026-10-04,2026-10-01,2026-10-04,district,WEST MADHYA PRADESH,MADHYA PRADESH,RAJGARH,0.0,1.3,-100.0,NR,0.0,4.5,-100.0,NR,2026-10-04 11:54:08.222506
2026-10-04,2026-10-01,2026-10-04,district,WEST MADHYA PRADESH,MADHYA PRADESH,RATLAM,0.0,5.3,-100.0,NR,0.0,10.0,-100.0,NR,2026-10-04 11:54:08.222506
2026-10-04,2026-10-01,2026-10-04,district,WEST MADHYA PRADESH,MADHYA PRADESH,SEHORE,0.0,0.8,-100.0,NR,0.0,4.8,-100.0,NR,2026-10-04 11:54:08.222506
2026-10-04,2026-10-01,2026-10-04,district,WEST MADHYA PRADESH,MADHYA PRADESH,SHAJAPUR,0.0,3.1,-100.0,NR,0.0,5.9,-100.0,NR,2026-10-04 11:54:08.222506
2026-10-04,2026-10-01,2026-10-04,district,WEST MADHYA PRADESH,MADHYA PRADESH,SHEOPUR,0.0,1.8,-100.0,NR,2.8,2.3,22.0,E,2026-10-04 11:54:08.222506
2026-10-04,2026-10-01,2026-10-04,district,WEST MADHYA PRADESH,MADHYA PRADESH,SHIVPURI,0.0,3.3,-100.0,NR,0.0,6.3,-100.0,NR,2026-10-04 11:54:08.222506
2026-10-04,2026-10-01,2026-10-04,district,WEST MADHYA PRADESH,MADHYA PRADESH,UJJAIN,0.0,2.6,-100.0,NR,0.0,6.1,-100.0,NR,2026-10-04 11:54:08.222506
2026-10-04,2026-10-01,2026-10-04,district,WEST MADHYA PRADESH,MADHYA PRADESH,VIDISHA,0.0,2.3,-100.0,NR,0.0,7.5,-100.0,NR,2026-10-04 11:54:08.222506
2026-10-04,2026-10-01,2026-10-04,district,WEST RAJASTHAN,RAJASTHAN,BARMER,0.0,0.2,-100.0,NR,0.0,3.0,-100.0,NR,2026-10-04 11:54:08.222506
2026-10-04,2026-10-01,2026-10-04,district,WEST RAJASTHAN,RAJASTHAN,BIKANER,0.0,1.4,-100.0,NR,0.0,2.8,-100.0,NR,2026-10-04 11:54:08.222506
2026-10-04,2026-10-01,2026-10-04,district,WEST RAJASTHAN,RAJASTHAN,CHURU,0.0,2.0,-100.0,NR,0.0,3.3,-100.0,NR,2026-10-04 11:54:08.222506
2026-10-04,2026-10-01,2026-10-04,district,WEST RAJASTHAN,RAJASTHAN,HANUMANGARH,0.0,0.9,-100.0,NR,0.0,2.0,-100.0,NR,2026-10-04 11:54:08.222506
2026-10-04,2026-10-01,2026-10-04,district,WEST RAJASTHAN,RAJASTHAN,JAISALMER,0.0,0.4,-100.0,NR,0.0,1.4,-100.0,NR,2026-10-04 11:54:08.222506
2026-10-04,2026-10-01,2026-10-04,district,WEST RAJASTHAN,RAJASTHAN,JALORE,0.0,0.4,-100.0,NR,0.0,2.8,-100.0,NR,2026-10-04 11:54:08.222506
2026-10-04,2026-10-01,2026-10-04,district,WEST RAJASTHAN,RAJASTHAN,JODHPUR,0.0,0.3,-100.0,NR,0.0,1.3,-100.0,NR,2026-10-04 11:54:08.222506
2026-10-04,2026-10-01,2026-10-04,district,WEST RAJASTHAN,RAJASTHAN,NAGAUR,0.0,0.8,-100.0,NR,0.0,2.8,-100.0,NR,2026-10-04 11:54:08.222506
2026-10-04,2026-10-01,2026-10-04,district,WEST RAJASTHAN,RAJASTHAN,PALI,0.0,0.7,-100.0,NR,0.0,3.9,-100.0,NR,2026-10-04 11:54:08.222506
2026-10-04,2026-10-01,2026-10-04,district,WEST RAJASTHAN,RAJASTHAN,SRI GANGANAGAR,0.0,1.0,-100.0,NR,0.0,1.4,-100.0,NR,2026-10-04 11:54:08.222506
2026-10-04,2026-10-01,2026-10-04,district,WEST UTTAR PRADESH,UTTAR PRADESH,AGRA,0.0,1.3,-100.0,NR,0.0,3.6,-100.0,NR,2026-10-04 11:54:08.222506
2026-10-04,2026-10-01,2026-10-04,district,WEST UTTAR PRADESH,UTTAR PRADESH,ALIGARH,0.0,0.8,-100.0,NR,0.0,4.7,-100.0,NR,2026-10-04 11:54:08.222506
2026-10-04,2026-10-01,2026-10-04,district,WEST UTTAR PRADESH,UTTAR PRADESH,AMROHA,0.0,0.2,-100.0,NR,0.0,3.9,-100.0,NR,2026-10-04 11:54:08.222506
2026-10-04,2026-10-01,2026-10-04,district,WEST UTTAR PRADESH,UTTAR PRADESH,AURAIYA,0.0,3.3,-100.0,NR,0.0,5.0,-100.0,NR,2026-10-04 11:54:08.222506
2026-10-04,2026-10-01,2026-10-04,district,WEST UTTAR PRADESH,UTTAR PRADESH,BADAUN,0.0,1.1,-100.0,NR,0.0,2.7,-100.0,NR,2026-10-04 11:54:08.222506
2026-10-04,2026-10-01,2026-10-04,district,WEST UTTAR PRADESH,UTTAR PRADESH,BAGHPAT,0.0,0.2,-100.0,NR,0.0,1.5,-100.0,NR,2026-10-04 11:54:08.222506
2026-10-04,2026-10-01,2026-10-04,district,WEST UTTAR PRADESH,UTTAR PRADESH,BAREILLY,0.0,1.2,-100.0,NR,0.0,3.6,-100.0,NR,2026-10-04 11:54:08.222506
2026-10-04,2026-10-01,2026-10-04,district,WEST UTTAR PRADESH,UTTAR PRADESH,BIJNOR,0.0,0.3,-100.0,NR,0.0,2.2,-100.0,NR,2026-10-04 11:54:08.222506
2026-10-04,2026-10-01,2026-10-04,district,WEST UTTAR PRADESH,UTTAR PRADESH,BULANDSHAHAR,0.0,0.3,-100.0,NR,0.0,2.3,-100.0,NR,2026-10-04 11:54:08.222506
2026-10-04,2026-10-01,2026-10-04,district,WEST UTTAR PRADESH,UTTAR PRADESH,ETAH,0.0,2.0,-100.0,NR,0.0,3.8,-100.0,NR,2026-10-04 11:54:08.222506
2026-10-04,2026-10-01,2026-10-04,district,WEST UTTAR PRADESH,UTTAR PRADESH,ETAWAH,0.0,1.8,-100.0,NR,0.0,3.6,-100.0,NR,2026-10-04 11:54:08.222506
2026-10-04,2026-10-01,2026-10-04,district,WEST UTTAR PRADESH,UTTAR PRADESH,FIROZABAD,0.0,1.9,-100.0,NR,0.0,5.0,-100.0,NR,2026-10-04 11:54:08.222506
2026-10-04,2026-10-01,2026-10-04,district,WEST UTTAR PRADESH,UTTAR PRADESH,GAUTAM BUDDHA NAGAR,0.0,0.0,-100.0,NR,0.0,0.9,-100.0,NR,2026-10-04 11:54:08.222506
2026-10-04,2026-10-01,2026-10-04,district,WEST UTTAR PRADESH,UTTAR PRADESH,GHAZIABAD,0.0,0.1,-100.0,NR,0.0,1.0,-100.0,NR,2026-10-04 11:54:08.222506
2026-10-04,2026-10-01,2026-10-04,district,WEST UTTAR PRADESH,UTTAR PRADESH,HAMIRPUR,0.0,3.3,-100.0,NR,0.0,7.0,-100.0,NR,2026-10-04 11:54:08.222506
2026-10-04,2026-10-01,2026-10-04,district,WEST UTTAR PRADESH,UTTAR PRADESH,HAPUR,0.0,0.0,-100.0,NR,0.0,2.2,-100.0,NR,2026-10-04 11:54:08.222506
2026-10-04,2026-10-01,2026-10-04,district,WEST UTTAR PRADESH,UTTAR PRADESH,HATHRAS,0.0,1.3,-100.0,NR,0.0,3.1,-100.0,NR,2026-10-04 11:54:08.222506
2026-10-04,2026-10-01,2026-10-04,district,WEST UTTAR PRADESH,UTTAR PRADESH,JALAUN,0.0,3.6,-100.0,NR,0.0,9.5,-100.0,NR,2026-10-04 11:54:08.222506
2026-10-04,2026-10-01,2026-10-04,district,WEST UTTAR PRADESH,UTTAR PRADESH,JHANSI,0.0,5.0,-100.0,NR,0.0,8.8,-100.0,NR,2026-10-04 11:54:08.222506
2026-10-04,2026-10-01,2026-10-04,district,WEST UTTAR PRADESH,UTTAR PRADESH,KASGANJ,0.0,2.1,-100.0,NR,0.0,4.3,-100.0,NR,2026-10-04 11:54:08.222506
2026-10-04,2026-10-01,2026-10-04,district,WEST UTTAR PRADESH,UTTAR PRADESH,LALITPUR,0.0,0.8,-100.0,NR,0.0,2.2,-100.0,NR,2026-10-04 11:54:08.222506
2026-10-04,2026-10-01,2026-10-04,district,WEST UTTAR PRADESH,UTTAR PRADESH,MAHOBA,0.0,2.1,-100.0,NR,0.0,5.0,-100.0,NR,2026-10-04 11:54:08.222506
2026-10-04,2026-10-01,2026-10-04,district,WEST UTTAR PRADESH,UTTAR PRADESH,MAINPURI,0.0,2.4,-100.0,NR,0.0,5.8,-100.0,NR,2026-10-04 11:54:08.222506
2026-10-04,2026-10-01,2026-10-04,district,WEST UTTAR PRADESH,UTTAR PRADESH,MATHURA,0.0,0.5,-100.0,NR,0.0,3.4,-100.0,NR,2026-10-04 11:54:08.222506
2026-10-04,2026-10-01,2026-10-04,district,WEST UTTAR PRADESH,UTTAR PRADESH,MEERUT,0.0,0.4,-100.0,NR,0.0,2.3,-100.0,NR,2026-10-04 11:54:08.222506
2026-10-04,2026-10-01,2026-10-04,district,WEST UTTAR PRADESH,UTTAR PRADESH,MORADABAD,0.0,0.2,-100.0,NR,0.0,3.9,-100.0,NR,2026-10-04 11:54:08.222506
2026-10-04,2026-10-01,2026-10-04,district,WEST UTTAR PRADESH,UTTAR PRADESH,MUZAFFARNAGAR,0.0,0.0,-100.0,NR,0.0,2.2,-100.0,NR,2026-10-04 11:54:08.222506
2026-10-04,2026-10-01,2026-10-04,district,WEST UTTAR PRADESH,UTTAR PRADESH,PILIBHIT,0.0,2.5,-100.0,NR,0.0,5.6,-100.0,NR,2026-10-04 11:54:08.222506
2026-10-04,2026-10-01,2026-10-04,district,WEST UTTAR PRADESH,UTTAR PRADESH,RAMPUR,0.0,0.4,-100.0,NR,0.0,6.9,-100.0,NR,2026-10-04 11:54:08.222506
2026-10-04,2026-10-01,2026-10-04,district,WEST UTTAR PRADESH,UTTAR PRADESH,SAHARANPUR,0.0,0.9,-100.0,NR,0.0,2.0,-100.0,NR,2026-10-04 11:54:08.222506
2026-10-04,2026-10-01,2026-10-04,district,WEST UTTAR PRADESH,UTTAR PRADESH,SAMBHAL,0.0,0.4,-100.0,NR,0.0,4.6,-100.0,NR,2026-10-04 11:54:08.222506
2026-10-04,2026-10-01,2026-10-04,district,WEST UTTAR PRADESH,UTTAR PRADESH,SHAHJAHANPUR,0.0,2.7,-100.0,NR,0.0,5.2,-100.0,NR,2026-10-04 11:54:08.222506
2026-10-04,2026-10-01,2026-10-04,district,WEST UTTAR PRADESH,UTTAR PRADESH,SHAMLI,0.0,0.0,-100.0,NR,0.0,1.9,-100.0,NR,2026-10-04 11:54:08.222506
2026-10-04,2026-10-01,2026-10-04,state,ASSAM & MEGHALAYA,ASSAM,,5.6,5.2,8.0,N,21.9,21.3,3.0,N,2026-10-04 11:54:08.222506
2026-10-04,2026-10-01,2026-10-04,state,ASSAM & MEGHALAYA,MEGHALAYA,,0.3,11.5,-98.0,LD,11.4,38.0,-70.0,LD,2026-10-04 11:54:08.222506
2026-10-04,2026-10-01,2026-10-04,state,BIHAR,UTTAR PRADESH,,0.0,2.3,-100.0,NR,0.0,6.4,-100.0,NR,2026-10-04 11:54:08.222506
2026-10-04,2026-10-01,2026-10-04,state,CHHATTISGARH,ANDHRA PRADESH,,0.7,5.3,-87.0,LD,2.7,25.4,-90.0,LD,2026-10-04 11:54:08.222506
2026-10-04,2026-10-01,2026-10-04,state,COASTAL A. P. & YANAM,ANDHRA PRADESH,,0.7,5.3,-87.0,LD,2.7,25.4,-90.0,LD,2026-10-04 11:54:08.222506
2026-10-04,2026-10-01,2026-10-04,state,COASTAL A. P. & YANAM,PUDUCHERRY (UT),,0.0,5.0,-100.0,NR,8.7,20.1,-57.0,D,2026-10-04 11:54:08.222506
2026-10-04,2026-10-01,2026-10-04,state,EAST MADHYA PRADESH,GUJARAT,,0.0,1.0,-100.0,NR,0.3,4.6,-93.0,LD,2026-10-04 11:54:08.222506
2026-10-04,2026-10-01,2026-10-04,state,GUJARAT REGION,DADRA & NAGAR HAVELI AND DAMAN & DIU (UT),,0.0,3.3,-100.0,NR,0.0,9.7,-100.0,NR,2026-10-04 11:54:08.222506
2026-10-04,2026-10-01,2026-10-04,state,GUJARAT REGION,GUJARAT,,0.0,1.0,-100.0,NR,0.3,4.6,-93.0,LD,2026-10-04 11:54:08.222506
2026-10-04,2026-10-01,2026-10-04,state,HAR. CHD & DELHI,CHANDIGARH (UT),,0.0,1.1,-100.0,NR,0.0,3.2,-100.0,NR,2026-10-04 11:54:08.222506
2026-10-04,2026-10-01,2026-10-04,state,HAR. CHD & DELHI,DELHI,,0.0,1.2,-100.0,NR,0.0,4.8,-100.0,NR,2026-10-04 11:54:08.222506
2026-10-04,2026-10-01,2026-10-04,state,HAR. CHD & DELHI,HARYANA,,0.0,0.2,-100.0,NR,0.0,2.0,-100.0,NR,2026-10-04 11:54:08.222506
2026-10-04,2026-10-01,2026-10-04,state,J & K AND LADAKH,JAMMU & KASHMIR(UT),,0.0,0.7,-100.0,NR,0.0,3.1,-100.0,NR,2026-10-04 11:54:08.222506
2026-10-04,2026-10-01,2026-10-04,state,J & K AND LADAKH,LADAKH (UT),,0.0,0.0,-100.0,NR,0.0,0.2,-100.0,NR,2026-10-04 11:54:08.222506
2026-10-04,2026-10-01,2026-10-04,state,J & K AND LADAKH,RAJASTHAN,,0.0,0.8,-100.0,NR,0.0,2.8,-99.0,LD,2026-10-04 11:54:08.222506
2026-10-04,2026-10-01,2026-10-04,state,KERALA & MAHE,KERALA,,4.5,10.9,-59.0,D,18.1,40.2,-55.0,D,2026-10-04 11:54:08.222506
2026-10-04,2026-10-01,2026-10-04,state,KERALA & MAHE,PUDUCHERRY (UT),,0.0,5.0,-100.0,NR,8.7,20.1,-57.0,D,2026-10-04 11:54:08.222506
2026-10-04,2026-10-01,2026-10-04,state,KONKAN & GOA,GOA,,0.3,8.8,-97.0,LD,0.3,39.6,-99.0,LD,2026-10-04 11:54:08.222506
2026-10-04,2026-10-01,2026-10-04,state,KONKAN & GOA,MAHARASHTRA,,0.0,4.8,-99.0,LD,0.8,18.8,-96.0,LD,2026-10-04 11:54:08.222506
2026-10-04,2026-10-01,2026-10-04,state,NMMT,MANIPUR,,0.4,4.7,-91.0,LD,31.6,21.3,48.0,E,2026-10-04 11:54:08.222506
2026-10-04,2026-10-01,2026-10-04,state,NMMT,MIZORAM,,4.2,12.5,-67.0,LD,65.1,41.8,56.0,E,2026-10-04 11:54:08.222506
2026-10-04,2026-10-01,2026-10-04,state,NMMT,NAGALAND,,0.6,4.1,-85.0,LD,33.4,19.3,73.0,LE,2026-10-04 11:54:08.222506
2026-10-04,2026-10-01,2026-10-04,state,NMMT,TRIPURA,,2.1,7.0,-70.0,LD,16.6,26.2,-37.0,D,2026-10-04 11:54:08.222506
2026-10-04,2026-10-01,2026-10-04,state,SAURASHTRA & KUTCH,DADRA & NAGAR HAVELI AND DAMAN & DIU (UT),,0.0,3.3,-100.0,NR,0.0,9.7,-100.0,NR,2026-10-04 11:54:08.222506
2026-10-04,2026-10-01,2026-10-04,state,SAURASHTRA & KUTCH,GUJARAT,,0.0,1.0,-100.0,NR,0.3,4.6,-93.0,LD,2026-10-04 11:54:08.222506
2026-10-04,2026-10-01,2026-10-04,state,SHWB & SIKKIM,SIKKIM,,4.7,8.6,-46.0,D,6.1,30.4,-80.0,LD,2026-10-04 11:54:08.222506
2026-10-04,2026-10-01,2026-10-04,state,SHWB & SIKKIM,WEST BENGAL,,5.2,7.2,-28.0,D,7.2,26.3,-73.0,LD,2026-10-04 11:54:08.222506
2026-10-04,2026-10-01,2026-10-04,state,TAMIL. PUDU.& KARAIKAL,KARNATAKA,,0.7,5.8,-87.0,LD,4.6,27.7,-84.0,LD,2026-10-04 11:54:08.222506
2026-10-04,2026-10-01,2026-10-04,state,TAMIL. PUDU.& KARAIKAL,PUDUCHERRY (UT),,0.0,5.0,-100.0,NR,8.7,20.1,-57.0,D,2026-10-04 11:54:08.222506
2026-10-04,2026-10-01,2026-10-04,state,TAMIL. PUDU.& KARAIKAL,TAMILNADU,,0.4,4.2,-90.0,LD,10.1,17.0,-41.0,D,2026-10-04 11:54:08.222506
2026-10-04,2026-10-01,2026-10-04,state,WEST RAJASTHAN,MADHYA PRADESH,,0.0,3.2,-100.0,NR,0.2,8.6,-98.0,LD,2026-10-04 11:54:08.222506
2026-10-04,2026-10-01,2026-10-04,subdivision,A & N ISLAND,,,0.2,12.1,-98.0,LD,13.2,50.6,-74.0,LD,2026-10-04 11:54:08.222506
2026-10-04,2026-10-01,2026-10-04,subdivision,ARUNACHAL PRADESH,,,5.2,10.5,-50.0,D,21.6,37.7,-43.0,D,2026-10-04 11:54:08.222506
2026-10-04,2026-10-01,2026-10-04,subdivision,ASSAM & MEGHALAYA,,,4.3,6.7,-35.0,D,19.4,25.2,-23.0,D,2026-10-04 11:54:08.222506
2026-10-04,2026-10-01,2026-10-04,subdivision,BIHAR,,,0.0,3.3,-99.0,LD,0.1,12.8,-99.0,LD,2026-10-04 11:54:08.222506
2026-10-04,2026-10-01,2026-10-04,subdivision,CHHATTISGARH,,,0.0,4.2,-100.0,NR,0.1,14.2,-99.0,LD,2026-10-04 11:54:08.222506
2026-10-04,2026-10-01,2026-10-04,subdivision,COASTAL A. P. & YANAM,,,1.2,5.7,-79.0,LD,3.0,27.5,-89.0,LD,2026-10-04 11:54:08.222506
2026-10-04,2026-10-01,2026-10-04,subdivision,COASTAL KARNATAKA,,,6.1,10.9,-44.0,D,9.8,42.7,-77.0,LD,2026-10-04 11:54:08.222506
2026-10-04,2026-10-01,2026-10-04,subdivision,EAST MADHYA PRADESH,,,0.0,4.0,-100.0,NR,0.1,10.5,-99.0,LD,2026-10-04 11:54:08.222506
2026-10-04,2026-10-01,2026-10-04,subdivision,EAST RAJASTHAN,,,0.0,0.8,-100.0,NR,0.1,3.3,-98.0,LD,2026-10-04 11:54:08.222506
2026-10-04,2026-10-01,2026-10-04,subdivision,EAST UTTAR PRADESH,,,0.0,3.1,-100.0,NR,0.0,8.1,-100.0,NR,2026-10-04 11:54:08.222506
2026-10-04,2026-10-01,2026-10-04,subdivision,GANGETIC WEST BENGAL,,,0.8,6.4,-88.0,LD,3.3,23.4,-86.0,LD,2026-10-04 11:54:08.222506
2026-10-04,2026-10-01,2026-10-04,subdivision,GUJARAT REGION,,,0.0,1.0,-100.0,NR,0.0,5.7,-100.0,NR,2026-10-04 11:54:08.222506
2026-10-04,2026-10-01,2026-10-04,subdivision,HAR. CHD & DELHI,,,0.0,0.3,-100.0,NR,0.0,2.1,-100.0,NR,2026-10-04 11:54:08.222506
2026-10-04,2026-10-01,2026-10-04,subdivision,HIMACHAL PRADESH,,,0.0,1.4,-100.0,NR,0.1,3.5,-97.0,LD,2026-10-04 11:54:08.222506
2026-10-04,2026-10-01,2026-10-04,subdivision,J & K AND LADAKH,,,0.0,0.7,-100.0,NR,0.0,3.1,-100.0,NR,2026-10-04 11:54:08.222506
2026-10-04,2026-10-01,2026-10-04,subdivision,JHARKHAND,,,0.0,3.9,-100.0,NR,0.0,15.6,-100.0,NR,2026-10-04 11:54:08.222506
2026-10-04,2026-10-01,2026-10-04,subdivision,KERALA & MAHE,,,4.5,10.8,-58.0,D,18.1,40.1,-55.0,D,2026-10-04 11:54:08.222506
2026-10-04,2026-10-01,2026-10-04,subdivision,KONKAN & GOA,,,0.1,8.2,-98.0,LD,2.8,31.0,-91.0,LD,2026-10-04 11:54:08.222506
2026-10-04,2026-10-01,2026-10-04,subdivision,LAKSHADWEEP,,,0.9,6.1,-86.0,LD,28.1,20.9,35.0,E,2026-10-04 11:54:08.222506
2026-10-04,2026-10-01,2026-10-04,subdivision,MADHYA MAHARASHTRA,,,0.0,5.0,-100.0,NR,1.4,19.2,-93.0,LD,2026-10-04 11:54:08.222506
2026-10-04,2026-10-01,2026-10-04,subdivision,MARATHWADA,,,0.0,4.7,-100.0,NR,0.0,18.6,-100.0,NR,2026-10-04 11:54:08.222506
2026-10-04,2026-10-01,2026-10-04,subdivision,N. I. KARNATAKA,,,0.0,5.4,-100.0,NR,1.8,26.3,-93.0,LD,2026-10-04 11:54:08.222506
2026-10-04,2026-10-01,2026-10-04,subdivision,NMMT,,,1.9,7.6,-75.0,LD,40.2,28.7,40.0,E,2026-10-04 11:54:08.222506
2026-10-04,2026-10-01,2026-10-04,subdivision,ODISHA,,,0.0,5.5,-99.0,LD,0.3,21.4,-99.0,LD,2026-10-04 11:54:08.222506
2026-10-04,2026-10-01,2026-10-04,subdivision,PUNJAB,,,0.0,0.5,-100.0,NR,0.0,1.4,-97.0,LD,2026-10-04 11:54:08.222506
2026-10-04,2026-10-01,2026-10-04,subdivision,RAYALASEEMA,,,0.1,4.7,-99.0,LD,2.2,22.4,-90.0,LD,2026-10-04 11:54:08.222506
2026-10-04,2026-10-01,2026-10-04,subdivision,S. I. KARNATAKA,,,0.3,5.2,-95.0,LD,5.8,25.9,-77.0,LD,2026-10-04 11:54:08.222506
2026-10-04,2026-10-01,2026-10-04,subdivision,SAURASHTRA & KUTCH,,,0.0,0.9,-100.0,NR,0.6,3.6,-84.0,LD,2026-10-04 11:54:08.222506
2026-10-04,2026-10-01,2026-10-04,subdivision,SHWB & SIKKIM,,,15.2,9.7,56.0,E,15.8,34.8,-55.0,D,2026-10-04 11:54:08.222506
2026-10-04,2026-10-01,2026-10-04,subdivision,TAMIL. PUDU.& KARAIKAL,,,0.4,4.3,-90.0,LD,10.1,17.1,-41.0,D,2026-10-04 11:54:08.222506
2026-10-04,2026-10-01,2026-10-04,subdivision,TELANGANA,,,0.2,3.5,-93.0,LD,0.8,20.6,-96.0,LD,2026-10-04 11:54:08.222506
2026-10-04,2026-10-01,2026-10-04,subdivision,UTTARAKHAND,,,0.0,1.5,-100.0,NR,1.5,5.9,-75.0,LD,2026-10-04 11:54:08.222506
2026-10-04,2026-10-01,2026-10-04,subdivision,VIDARBHA,,,0.0,3.5,-100.0,NR,0.0,14.8,-99.0,LD,2026-10-04 11:54:08.222506
2026-10-04,2026-10-01,2026-10-04,subdivision,WEST MADHYA PRADESH,,,0.0,2.5,-100.0,NR,0.2,7.1,-97.0,LD,2026-10-04 11:54:08.222506
2026-10-04,2026-10-01,2026-10-04,subdivision,WEST RAJASTHAN,,,0.0,0.8,-100.0,NR,0.0,2.4,-100.0,NR,2026-10-04 11:54:08.222506
2026-10-04,2026-10-01,2026-10-04,subdivision,WEST UTTAR PRADESH,,,0.0,1.5,-100.0,NR,0.0,4.2,-100.0,NR,2026-10-04 11:54:08.222506
