date,period_start,period_end,level,subdivision,state,district,day_actual_mm,day_normal_mm,day_departure_pct,day_category,period_actual_mm,period_normal_mm,period_departure_pct,period_category,scraped_at
2026-08-05,2026-06-01,2026-08-05,district,A & N ISLAND,ANDAMAN & NICOBAR ISLANDS,NICOBAR,2.2,5.9,-63.0,LD,313.9,584.0,-46.0,D,2026-08-09 21:00:44.876923
2026-08-05,2026-06-01,2026-08-05,district,A & N ISLAND,ANDAMAN & NICOBAR ISLANDS,NORTH & MIDDLE ANDAMAN,5.7,15.9,-64.0,LD,1371.6,1015.7,35.0,E,2026-08-09 21:00:44.876923
2026-08-05,2026-06-01,2026-08-05,district,A & N ISLAND,ANDAMAN & NICOBAR ISLANDS,SOUTH ANDAMAN,22.6,9.0,151.0,LE,738.6,873.5,-15.0,N,2026-08-09 21:00:44.876923
2026-08-05,2026-06-01,2026-08-05,district,ARUNACHAL PRADESH,ARUNACHAL PRADESH,ANJAW,1.7,13.8,-88.0,LD,118.9,1016.3,-88.0,LD,2026-08-09 21:00:44.876923
2026-08-05,2026-06-01,2026-08-05,district,ARUNACHAL PRADESH,ARUNACHAL PRADESH,CHANGLANG,7.2,11.2,-36.0,D,684.1,826.3,-17.0,N,2026-08-09 21:00:44.876923
2026-08-05,2026-06-01,2026-08-05,district,ARUNACHAL PRADESH,ARUNACHAL PRADESH,EAST KAMENG,36.6,5.8,531.0,LE,981.3,741.0,32.0,E,2026-08-09 21:00:44.876923
2026-08-05,2026-06-01,2026-08-05,district,ARUNACHAL PRADESH,ARUNACHAL PRADESH,EAST SIANG,2.5,18.4,-86.0,LD,1656.4,2003.8,-17.0,N,2026-08-09 21:00:44.876923
2026-08-05,2026-06-01,2026-08-05,district,ARUNACHAL PRADESH,ARUNACHAL PRADESH,KURUNG KUMEY,14.0,4.4,218.0,LE,368.4,706.9,-48.0,D,2026-08-09 21:00:44.876923
2026-08-05,2026-06-01,2026-08-05,district,ARUNACHAL PRADESH,ARUNACHAL PRADESH,LOHIT,15.3,13.0,18.0,N,657.4,983.6,-33.0,D,2026-08-09 21:00:44.876923
2026-08-05,2026-06-01,2026-08-05,district,ARUNACHAL PRADESH,ARUNACHAL PRADESH,LOWER SUBANSIRI,7.3,11.7,-38.0,D,280.5,442.5,-37.0,D,2026-08-09 21:00:44.876923
2026-08-05,2026-06-01,2026-08-05,district,ARUNACHAL PRADESH,ARUNACHAL PRADESH,PAPUMPARA,84.4,28.9,192.0,LE,1242.6,1412.6,-12.0,N,2026-08-09 21:00:44.876923
2026-08-05,2026-06-01,2026-08-05,district,ARUNACHAL PRADESH,ARUNACHAL PRADESH,TAWANG,10.3,4.8,115.0,LE,202.6,577.0,-65.0,LD,2026-08-09 21:00:44.876923
2026-08-05,2026-06-01,2026-08-05,district,ARUNACHAL PRADESH,ARUNACHAL PRADESH,TIRAP,4.5,13.8,-67.0,LD,1381.7,1232.9,12.0,N,2026-08-09 21:00:44.876923
2026-08-05,2026-06-01,2026-08-05,district,ARUNACHAL PRADESH,ARUNACHAL PRADESH,UPPER SIANG,3.9,4.3,-9.0,N,816.9,1033.7,-21.0,D,2026-08-09 21:00:44.876923
2026-08-05,2026-06-01,2026-08-05,district,ARUNACHAL PRADESH,ARUNACHAL PRADESH,UPPER SUBANSIRI,0.0,6.0,-100.0,NR,264.1,575.5,-54.0,D,2026-08-09 21:00:44.876923
2026-08-05,2026-06-01,2026-08-05,district,ARUNACHAL PRADESH,ARUNACHAL PRADESH,WEST KAMENG,12.9,11.7,10.0,N,318.0,1030.2,-69.0,LD,2026-08-09 21:00:44.876923
2026-08-05,2026-06-01,2026-08-05,district,ARUNACHAL PRADESH,ARUNACHAL PRADESH,WEST SIANG,3.0,7.6,-61.0,LD,478.3,1241.3,-61.0,LD,2026-08-09 21:00:44.876923
2026-08-05,2026-06-01,2026-08-05,district,ASSAM & MEGHALAYA,ASSAM,BAJALI,60.0,10.3,483.0,LE,864.0,1387.9,-38.0,D,2026-08-09 21:00:44.876923
2026-08-05,2026-06-01,2026-08-05,district,ASSAM & MEGHALAYA,ASSAM,BAKSA,18.4,11.8,56.0,E,866.0,1020.6,-15.0,N,2026-08-09 21:00:44.876923
2026-08-05,2026-06-01,2026-08-05,district,ASSAM & MEGHALAYA,ASSAM,BARPETA,52.2,10.3,407.0,LE,1024.5,1387.9,-26.0,D,2026-08-09 21:00:44.876923
2026-08-05,2026-06-01,2026-08-05,district,ASSAM & MEGHALAYA,ASSAM,BONGAIGAON,19.0,8.9,113.0,LE,707.6,1546.4,-54.0,D,2026-08-09 21:00:44.876923
2026-08-05,2026-06-01,2026-08-05,district,ASSAM & MEGHALAYA,ASSAM,CACHAR,78.3,16.9,363.0,LE,1102.3,1101.7,0.0,N,2026-08-09 21:00:44.876923
2026-08-05,2026-06-01,2026-08-05,district,ASSAM & MEGHALAYA,ASSAM,CHARAIDEO,5.0,9.5,-47.0,D,829.0,571.4,45.0,E,2026-08-09 21:00:44.876923
2026-08-05,2026-06-01,2026-08-05,district,ASSAM & MEGHALAYA,ASSAM,CHIRANG,95.8,9.0,964.0,LE,956.8,1513.8,-37.0,D,2026-08-09 21:00:44.876923
2026-08-05,2026-06-01,2026-08-05,district,ASSAM & MEGHALAYA,ASSAM,DARRANG,61.7,9.2,570.0,LE,479.6,824.2,-42.0,D,2026-08-09 21:00:44.876923
2026-08-05,2026-06-01,2026-08-05,district,ASSAM & MEGHALAYA,ASSAM,DHEMAJI,7.6,16.5,-54.0,D,1475.1,1251.4,18.0,N,2026-08-09 21:00:44.876923
2026-08-05,2026-06-01,2026-08-05,district,ASSAM & MEGHALAYA,ASSAM,DHUBRI,38.1,11.0,247.0,LE,975.3,1363.4,-28.0,D,2026-08-09 21:00:44.876923
2026-08-05,2026-06-01,2026-08-05,district,ASSAM & MEGHALAYA,ASSAM,DIBRUGARH,7.7,13.7,-44.0,D,803.2,895.6,-10.0,N,2026-08-09 21:00:44.876923
2026-08-05,2026-06-01,2026-08-05,district,ASSAM & MEGHALAYA,ASSAM,DIMA HASAO,4.8,6.6,-28.0,D,281.0,677.2,-59.0,D,2026-08-09 21:00:44.876923
2026-08-05,2026-06-01,2026-08-05,district,ASSAM & MEGHALAYA,ASSAM,GOALPARA,23.7,7.1,234.0,LE,574.6,1283.3,-55.0,D,2026-08-09 21:00:44.876923
2026-08-05,2026-06-01,2026-08-05,district,ASSAM & MEGHALAYA,ASSAM,GOLAGHAT,67.9,8.4,709.0,LE,572.3,609.4,-6.0,N,2026-08-09 21:00:44.876923
2026-08-05,2026-06-01,2026-08-05,district,ASSAM & MEGHALAYA,ASSAM,HAILAKANDI,8.4,15.1,-45.0,D,712.4,926.0,-23.0,D,2026-08-09 21:00:44.876923
2026-08-05,2026-06-01,2026-08-05,district,ASSAM & MEGHALAYA,ASSAM,HOJAI,5.9,4.9,20.0,E,243.5,437.1,-44.0,D,2026-08-09 21:00:44.876923
2026-08-05,2026-06-01,2026-08-05,district,ASSAM & MEGHALAYA,ASSAM,JORHAT,35.5,8.7,308.0,LE,578.0,724.7,-20.0,D,2026-08-09 21:00:44.876923
2026-08-05,2026-06-01,2026-08-05,district,ASSAM & MEGHALAYA,ASSAM,KAMRUP METROPOLITAN,30.1,5.9,410.0,LE,546.4,660.2,-17.0,N,2026-08-09 21:00:44.876923
2026-08-05,2026-06-01,2026-08-05,district,ASSAM & MEGHALAYA,ASSAM,KAMRUP RURAL,57.3,10.2,462.0,LE,350.7,817.8,-57.0,D,2026-08-09 21:00:44.876923
2026-08-05,2026-06-01,2026-08-05,district,ASSAM & MEGHALAYA,ASSAM,KARBI ANGLONG,29.1,7.8,273.0,LE,313.6,477.3,-34.0,D,2026-08-09 21:00:44.876923
2026-08-05,2026-06-01,2026-08-05,district,ASSAM & MEGHALAYA,ASSAM,KOKRAJHAR,44.8,15.9,181.0,LE,1635.0,1741.0,-6.0,N,2026-08-09 21:00:44.876923
2026-08-05,2026-06-01,2026-08-05,district,ASSAM & MEGHALAYA,ASSAM,LAKHIMPUR,25.9,12.6,105.0,LE,1533.3,1220.0,26.0,E,2026-08-09 21:00:44.876923
2026-08-05,2026-06-01,2026-08-05,district,ASSAM & MEGHALAYA,ASSAM,MORIGAON,22.9,8.3,176.0,LE,371.1,663.2,-44.0,D,2026-08-09 21:00:44.876923
2026-08-05,2026-06-01,2026-08-05,district,ASSAM & MEGHALAYA,ASSAM,NAGAON,38.9,7.7,405.0,LE,297.7,611.9,-51.0,D,2026-08-09 21:00:44.876923
2026-08-05,2026-06-01,2026-08-05,district,ASSAM & MEGHALAYA,ASSAM,NALBARI,11.5,11.5,0.0,N,401.7,1023.5,-61.0,LD,2026-08-09 21:00:44.876923
2026-08-05,2026-06-01,2026-08-05,district,ASSAM & MEGHALAYA,ASSAM,SIBSAGAR,1.8,11.2,-84.0,LD,499.4,709.2,-30.0,D,2026-08-09 21:00:44.876923
2026-08-05,2026-06-01,2026-08-05,district,ASSAM & MEGHALAYA,ASSAM,SONITPUR,51.4,7.8,559.0,LE,698.3,706.5,-1.0,N,2026-08-09 21:00:44.876923
2026-08-05,2026-06-01,2026-08-05,district,ASSAM & MEGHALAYA,ASSAM,SRIBHUMI,43.1,28.1,53.0,E,1139.1,1346.0,-15.0,N,2026-08-09 21:00:44.876923
2026-08-05,2026-06-01,2026-08-05,district,ASSAM & MEGHALAYA,ASSAM,TAMULPUR,24.2,10.4,133.0,LE,895.9,905.2,-1.0,N,2026-08-09 21:00:44.876923
2026-08-05,2026-06-01,2026-08-05,district,ASSAM & MEGHALAYA,ASSAM,TINSUKIA,20.5,12.5,64.0,LE,902.8,873.9,3.0,N,2026-08-09 21:00:44.876923
2026-08-05,2026-06-01,2026-08-05,district,ASSAM & MEGHALAYA,ASSAM,UDALGURI,62.5,7.7,712.0,LE,425.0,924.4,-54.0,D,2026-08-09 21:00:44.876923
2026-08-05,2026-06-01,2026-08-05,district,ASSAM & MEGHALAYA,ASSAM,WEST KARBI ANGLONG,7.2,7.3,-1.0,N,369.4,424.3,-13.0,N,2026-08-09 21:00:44.876923
2026-08-05,2026-06-01,2026-08-05,district,ASSAM & MEGHALAYA,MEGHALAYA,EAST GARO HILLS,4.0,14.1,-72.0,LD,498.4,1188.3,-58.0,D,2026-08-09 21:00:44.876923
2026-08-05,2026-06-01,2026-08-05,district,ASSAM & MEGHALAYA,MEGHALAYA,EAST JAINTIA HILLS,63.0,18.5,241.0,LE,1144.5,2936.7,-61.0,LD,2026-08-09 21:00:44.876923
2026-08-05,2026-06-01,2026-08-05,district,ASSAM & MEGHALAYA,MEGHALAYA,EAST KHASI HILLS,36.7,27.7,32.0,E,1523.6,2958.4,-49.0,D,2026-08-09 21:00:44.876923
2026-08-05,2026-06-01,2026-08-05,district,ASSAM & MEGHALAYA,MEGHALAYA,NORTH GARO HILLS,2.5,10.7,-77.0,LD,390.6,1092.0,-64.0,LD,2026-08-09 21:00:44.876923
2026-08-05,2026-06-01,2026-08-05,district,ASSAM & MEGHALAYA,MEGHALAYA,RI BHOI,20.1,13.1,53.0,E,467.5,889.4,-47.0,D,2026-08-09 21:00:44.876923
2026-08-05,2026-06-01,2026-08-05,district,ASSAM & MEGHALAYA,MEGHALAYA,SOUTH GARO HILLS,15.6,10.7,46.0,E,645.3,1092.0,-41.0,D,2026-08-09 21:00:44.876923
2026-08-05,2026-06-01,2026-08-05,district,ASSAM & MEGHALAYA,MEGHALAYA,SOUTH WEST GARO HILLS,1.1,10.7,-90.0,LD,490.6,1092.0,-55.0,D,2026-08-09 21:00:44.876923
2026-08-05,2026-06-01,2026-08-05,district,ASSAM & MEGHALAYA,MEGHALAYA,SOUTH WEST KHASI HILLS,17.2,10.7,60.0,LE,2069.5,1092.0,90.0,LE,2026-08-09 21:00:44.876923
2026-08-05,2026-06-01,2026-08-05,district,ASSAM & MEGHALAYA,MEGHALAYA,WEST GARO HILLS,16.2,14.0,15.0,N,367.6,1170.1,-69.0,LD,2026-08-09 21:00:44.876923
2026-08-05,2026-06-01,2026-08-05,district,ASSAM & MEGHALAYA,MEGHALAYA,WEST JAINTIA HILLS,15.6,18.5,-16.0,N,666.8,2936.7,-77.0,LD,2026-08-09 21:00:44.876923
2026-08-05,2026-06-01,2026-08-05,district,ASSAM & MEGHALAYA,MEGHALAYA,WEST KHASI HILLS,3.2,11.7,-73.0,LD,497.8,1711.6,-71.0,LD,2026-08-09 21:00:44.876923
2026-08-05,2026-06-01,2026-08-05,district,BIHAR,BIHAR,ARARIA,16.9,12.6,34.0,E,622.4,808.8,-23.0,D,2026-08-09 21:00:44.876923
2026-08-05,2026-06-01,2026-08-05,district,BIHAR,BIHAR,ARWAL,4.3,3.2,34.0,E,180.0,364.4,-51.0,D,2026-08-09 21:00:44.876923
2026-08-05,2026-06-01,2026-08-05,district,BIHAR,BIHAR,AURANGABAD,19.6,8.5,131.0,LE,272.0,459.1,-41.0,D,2026-08-09 21:00:44.876923
2026-08-05,2026-06-01,2026-08-05,district,BIHAR,BIHAR,BANKA,19.4,4.6,322.0,LE,230.6,461.5,-50.0,D,2026-08-09 21:00:44.876923
2026-08-05,2026-06-01,2026-08-05,district,BIHAR,BIHAR,BEGUSARAI,2.2,5.8,-63.0,LD,334.6,537.4,-38.0,D,2026-08-09 21:00:44.876923
2026-08-05,2026-06-01,2026-08-05,district,BIHAR,BIHAR,BHABUA,2.6,11.8,-78.0,LD,195.2,445.4,-56.0,D,2026-08-09 21:00:44.876923
2026-08-05,2026-06-01,2026-08-05,district,BIHAR,BIHAR,BHAGALPUR,10.3,7.6,35.0,E,224.8,538.1,-58.0,D,2026-08-09 21:00:44.876923
2026-08-05,2026-06-01,2026-08-05,district,BIHAR,BIHAR,BHOJPUR,5.1,5.2,-2.0,N,220.8,457.6,-52.0,D,2026-08-09 21:00:44.876923
2026-08-05,2026-06-01,2026-08-05,district,BIHAR,BIHAR,BUXAR,5.8,5.6,3.0,N,312.0,416.3,-25.0,D,2026-08-09 21:00:44.876923
2026-08-05,2026-06-01,2026-08-05,district,BIHAR,BIHAR,DARBHANGA,27.6,6.8,305.0,LE,273.8,500.7,-45.0,D,2026-08-09 21:00:44.876923
2026-08-05,2026-06-01,2026-08-05,district,BIHAR,BIHAR,EAST CHAMPARAN,19.9,5.9,237.0,LE,362.6,585.7,-38.0,D,2026-08-09 21:00:44.876923
2026-08-05,2026-06-01,2026-08-05,district,BIHAR,BIHAR,GAYA,16.7,8.4,99.0,LE,225.9,451.8,-50.0,D,2026-08-09 21:00:44.876923
2026-08-05,2026-06-01,2026-08-05,district,BIHAR,BIHAR,GOPALGANJ,9.1,6.2,47.0,E,357.0,519.5,-31.0,D,2026-08-09 21:00:44.876923
2026-08-05,2026-06-01,2026-08-05,district,BIHAR,BIHAR,JAHANABAD,1.4,3.2,-57.0,D,151.6,438.7,-65.0,LD,2026-08-09 21:00:44.876923
2026-08-05,2026-06-01,2026-08-05,district,BIHAR,BIHAR,JAMUI,5.5,5.9,-7.0,N,221.9,501.4,-56.0,D,2026-08-09 21:00:44.876923
2026-08-05,2026-06-01,2026-08-05,district,BIHAR,BIHAR,KATIHAR,21.4,9.1,136.0,LE,396.2,605.5,-35.0,D,2026-08-09 21:00:44.876923
2026-08-05,2026-06-01,2026-08-05,district,BIHAR,BIHAR,KHAGARIA,42.4,5.6,657.0,LE,456.8,531.5,-14.0,N,2026-08-09 21:00:44.876923
2026-08-05,2026-06-01,2026-08-05,district,BIHAR,BIHAR,KISHANGANJ,12.4,13.6,-9.0,N,834.4,1004.7,-17.0,N,2026-08-09 21:00:44.876923
2026-08-05,2026-06-01,2026-08-05,district,BIHAR,BIHAR,LAKHISARAI,4.4,4.8,-8.0,N,403.0,459.0,-12.0,N,2026-08-09 21:00:44.876923
2026-08-05,2026-06-01,2026-08-05,district,BIHAR,BIHAR,MADHEPURA,10.7,6.6,62.0,LE,383.2,572.9,-33.0,D,2026-08-09 21:00:44.876923
2026-08-05,2026-06-01,2026-08-05,district,BIHAR,BIHAR,MADHUBANI,33.0,4.7,602.0,LE,381.3,561.4,-32.0,D,2026-08-09 21:00:44.876923
2026-08-05,2026-06-01,2026-08-05,district,BIHAR,BIHAR,MUNGER,31.7,5.7,456.0,LE,337.5,563.6,-40.0,D,2026-08-09 21:00:44.876923
2026-08-05,2026-06-01,2026-08-05,district,BIHAR,BIHAR,MUZAFFARPUR,8.3,5.3,57.0,E,276.1,523.9,-47.0,D,2026-08-09 21:00:44.876923
2026-08-05,2026-06-01,2026-08-05,district,BIHAR,BIHAR,NALANDA,6.7,5.8,16.0,N,232.7,454.0,-49.0,D,2026-08-09 21:00:44.876923
2026-08-05,2026-06-01,2026-08-05,district,BIHAR,BIHAR,NAWADA,2.4,8.5,-72.0,LD,252.8,441.1,-43.0,D,2026-08-09 21:00:44.876923
2026-08-05,2026-06-01,2026-08-05,district,BIHAR,BIHAR,PATNA,0.8,4.0,-79.0,LD,233.1,479.4,-51.0,D,2026-08-09 21:00:44.876923
2026-08-05,2026-06-01,2026-08-05,district,BIHAR,BIHAR,PURNEA,46.3,10.3,350.0,LE,520.5,811.8,-36.0,D,2026-08-09 21:00:44.876923
2026-08-05,2026-06-01,2026-08-05,district,BIHAR,BIHAR,ROHTAS,15.9,8.9,79.0,LE,251.9,444.9,-43.0,D,2026-08-09 21:00:44.876923
2026-08-05,2026-06-01,2026-08-05,district,BIHAR,BIHAR,SAHARSA,14.1,6.3,124.0,LE,336.7,608.4,-45.0,D,2026-08-09 21:00:44.876923
2026-08-05,2026-06-01,2026-08-05,district,BIHAR,BIHAR,SAMASTIPUR,15.1,5.3,185.0,LE,261.8,503.5,-48.0,D,2026-08-09 21:00:44.876923
2026-08-05,2026-06-01,2026-08-05,district,BIHAR,BIHAR,SARAN,3.7,4.9,-25.0,D,271.0,480.7,-44.0,D,2026-08-09 21:00:44.876923
2026-08-05,2026-06-01,2026-08-05,district,BIHAR,BIHAR,SHEIKHPURA,13.6,6.7,102.0,LE,286.8,461.6,-38.0,D,2026-08-09 21:00:44.876923
2026-08-05,2026-06-01,2026-08-05,district,BIHAR,BIHAR,SHEOHAR,2.7,3.7,-28.0,D,281.8,574.5,-51.0,D,2026-08-09 21:00:44.876923
2026-08-05,2026-06-01,2026-08-05,district,BIHAR,BIHAR,SITAMARHI,34.3,5.3,547.0,LE,292.9,614.2,-52.0,D,2026-08-09 21:00:44.876923
2026-08-05,2026-06-01,2026-08-05,district,BIHAR,BIHAR,SIWAN,6.0,6.0,0.0,N,444.7,474.8,-6.0,N,2026-08-09 21:00:44.876923
2026-08-05,2026-06-01,2026-08-05,district,BIHAR,BIHAR,SUPAUL,7.4,6.5,13.0,N,547.6,633.8,-14.0,N,2026-08-09 21:00:44.876923
2026-08-05,2026-06-01,2026-08-05,district,BIHAR,BIHAR,VAISHALI,15.7,4.8,226.0,LE,305.0,494.4,-38.0,D,2026-08-09 21:00:44.876923
2026-08-05,2026-06-01,2026-08-05,district,BIHAR,BIHAR,WEST CHAMPARAN,15.1,5.4,181.0,LE,496.6,692.8,-28.0,D,2026-08-09 21:00:44.876923
2026-08-05,2026-06-01,2026-08-05,district,CHHATTISGARH,CHHATTISGARH,BALOD,8.8,12.5,-29.0,D,682.9,554.3,23.0,E,2026-08-09 21:00:44.876923
2026-08-05,2026-06-01,2026-08-05,district,CHHATTISGARH,CHHATTISGARH,BALODA BAZAR,25.8,8.2,214.0,LE,647.9,515.2,26.0,E,2026-08-09 21:00:44.876923
2026-08-05,2026-06-01,2026-08-05,district,CHHATTISGARH,CHHATTISGARH,BALRAMPUR,17.5,10.2,72.0,LE,541.6,516.2,5.0,N,2026-08-09 21:00:44.876923
2026-08-05,2026-06-01,2026-08-05,district,CHHATTISGARH,CHHATTISGARH,BASTAR,4.0,13.5,-70.0,LD,538.8,654.3,-18.0,N,2026-08-09 21:00:44.876923
2026-08-05,2026-06-01,2026-08-05,district,CHHATTISGARH,CHHATTISGARH,BEMETARA,18.1,7.6,139.0,LE,342.9,571.3,-40.0,D,2026-08-09 21:00:44.876923
2026-08-05,2026-06-01,2026-08-05,district,CHHATTISGARH,CHHATTISGARH,BIJAPUR,10.9,19.1,-43.0,D,744.5,747.0,0.0,N,2026-08-09 21:00:44.876923
2026-08-05,2026-06-01,2026-08-05,district,CHHATTISGARH,CHHATTISGARH,BILASPUR,9.0,13.7,-35.0,D,611.3,559.7,9.0,N,2026-08-09 21:00:44.876923
2026-08-05,2026-06-01,2026-08-05,district,CHHATTISGARH,CHHATTISGARH,DANTEWADA,10.0,16.9,-41.0,D,639.0,704.8,-9.0,N,2026-08-09 21:00:44.876923
2026-08-05,2026-06-01,2026-08-05,district,CHHATTISGARH,CHHATTISGARH,DHAMTARI,2.2,6.8,-68.0,LD,638.6,583.8,9.0,N,2026-08-09 21:00:44.876923
2026-08-05,2026-06-01,2026-08-05,district,CHHATTISGARH,CHHATTISGARH,DURG,17.0,9.4,81.0,LE,511.3,546.5,-6.0,N,2026-08-09 21:00:44.876923
2026-08-05,2026-06-01,2026-08-05,district,CHHATTISGARH,CHHATTISGARH,GARIABAND,2.9,8.3,-65.0,LD,706.7,571.7,24.0,E,2026-08-09 21:00:44.876923
2026-08-05,2026-06-01,2026-08-05,district,CHHATTISGARH,CHHATTISGARH,GAURELA PENDRA MARWAHI,19.4,13.2,47.0,E,546.6,585.4,-7.0,N,2026-08-09 21:00:44.876923
2026-08-05,2026-06-01,2026-08-05,district,CHHATTISGARH,CHHATTISGARH,JANJGIR,11.8,17.7,-33.0,D,775.5,586.0,32.0,E,2026-08-09 21:00:44.876923
2026-08-05,2026-06-01,2026-08-05,district,CHHATTISGARH,CHHATTISGARH,JASHPUR,5.2,9.3,-44.0,D,400.5,783.0,-49.0,D,2026-08-09 21:00:44.876923
2026-08-05,2026-06-01,2026-08-05,district,CHHATTISGARH,CHHATTISGARH,KABIRDHAM,3.5,8.7,-60.0,LD,362.8,461.1,-21.0,D,2026-08-09 21:00:44.876923
2026-08-05,2026-06-01,2026-08-05,district,CHHATTISGARH,CHHATTISGARH,KANKER,9.8,18.2,-46.0,D,524.7,720.1,-27.0,D,2026-08-09 21:00:44.876923
2026-08-05,2026-06-01,2026-08-05,district,CHHATTISGARH,CHHATTISGARH,KHAIRAGARH CHH GANDAI,22.6,8.6,163.0,LE,403.2,405.5,-1.0,N,2026-08-09 21:00:44.876923
2026-08-05,2026-06-01,2026-08-05,district,CHHATTISGARH,CHHATTISGARH,KONDAGAON,6.1,12.2,-50.0,D,587.5,637.3,-8.0,N,2026-08-09 21:00:44.876923
2026-08-05,2026-06-01,2026-08-05,district,CHHATTISGARH,CHHATTISGARH,KORBA,11.1,20.5,-46.0,D,576.9,703.2,-18.0,N,2026-08-09 21:00:44.876923
2026-08-05,2026-06-01,2026-08-05,district,CHHATTISGARH,CHHATTISGARH,KORIYA,18.5,9.8,89.0,LE,494.9,618.2,-20.0,D,2026-08-09 21:00:44.876923
2026-08-05,2026-06-01,2026-08-05,district,CHHATTISGARH,CHHATTISGARH,MAHASAMUND,9.0,9.8,-8.0,N,742.2,573.8,29.0,E,2026-08-09 21:00:44.876923
2026-08-05,2026-06-01,2026-08-05,district,CHHATTISGARH,CHHATTISGARH,MANENDRAGARH BHARATPUR,27.9,9.8,185.0,LE,477.3,618.0,-23.0,D,2026-08-09 21:00:44.876923
2026-08-05,2026-06-01,2026-08-05,district,CHHATTISGARH,CHHATTISGARH,MOHALA MANPUR CHOWKI,17.7,11.7,51.0,E,528.4,584.9,-10.0,N,2026-08-09 21:00:44.876923
2026-08-05,2026-06-01,2026-08-05,district,CHHATTISGARH,CHHATTISGARH,MUNGELI,14.7,9.2,60.0,LE,614.8,533.6,15.0,N,2026-08-09 21:00:44.876923
2026-08-05,2026-06-01,2026-08-05,district,CHHATTISGARH,CHHATTISGARH,NARAYANPUR,2.6,12.2,-78.0,LD,1002.6,661.0,52.0,E,2026-08-09 21:00:44.876923
2026-08-05,2026-06-01,2026-08-05,district,CHHATTISGARH,CHHATTISGARH,RAIGARH,9.5,14.3,-33.0,D,566.5,655.0,-14.0,N,2026-08-09 21:00:44.876923
2026-08-05,2026-06-01,2026-08-05,district,CHHATTISGARH,CHHATTISGARH,RAIPUR,11.9,9.8,21.0,E,644.1,549.9,17.0,N,2026-08-09 21:00:44.876923
2026-08-05,2026-06-01,2026-08-05,district,CHHATTISGARH,CHHATTISGARH,RAJNANDGAON,2.7,12.7,-78.0,LD,529.1,582.9,-9.0,N,2026-08-09 21:00:44.876923
2026-08-05,2026-06-01,2026-08-05,district,CHHATTISGARH,CHHATTISGARH,SAKTI,14.1,14.5,-3.0,N,618.7,613.7,1.0,N,2026-08-09 21:00:44.876923
2026-08-05,2026-06-01,2026-08-05,district,CHHATTISGARH,CHHATTISGARH,SARANGARH BILAIGARH,19.1,12.8,49.0,E,835.6,521.7,60.0,LE,2026-08-09 21:00:44.876923
2026-08-05,2026-06-01,2026-08-05,district,CHHATTISGARH,CHHATTISGARH,SUKMA,9.0,12.0,-25.0,D,544.3,665.6,-18.0,N,2026-08-09 21:00:44.876923
2026-08-05,2026-06-01,2026-08-05,district,CHHATTISGARH,CHHATTISGARH,SURAJPUR,17.3,8.3,109.0,LE,586.9,665.6,-12.0,N,2026-08-09 21:00:44.876923
2026-08-05,2026-06-01,2026-08-05,district,CHHATTISGARH,CHHATTISGARH,SURGUJA,11.1,7.9,41.0,E,317.3,668.0,-52.0,D,2026-08-09 21:00:44.876923
2026-08-05,2026-06-01,2026-08-05,district,COASTAL A. P. & YANAM,ANDHRA PRADESH,ANAKAPALLI,27.3,3.0,810.0,LE,220.6,303.6,-27.0,D,2026-08-09 21:00:44.876923
2026-08-05,2026-06-01,2026-08-05,district,COASTAL A. P. & YANAM,ANDHRA PRADESH,BAPATLA,0.0,5.6,-100.0,NR,116.0,253.5,-54.0,D,2026-08-09 21:00:44.876923
2026-08-05,2026-06-01,2026-08-05,district,COASTAL A. P. & YANAM,ANDHRA PRADESH,DR B R AMBEDKAR KONASEEMA,0.0,9.2,-100.0,NR,386.8,387.7,0.0,N,2026-08-09 21:00:44.876923
2026-08-05,2026-06-01,2026-08-05,district,COASTAL A. P. & YANAM,ANDHRA PRADESH,EAST GODAVARI,8.8,8.3,6.0,N,259.7,371.1,-30.0,D,2026-08-09 21:00:44.876923
2026-08-05,2026-06-01,2026-08-05,district,COASTAL A. P. & YANAM,ANDHRA PRADESH,ELURU,1.2,10.5,-89.0,LD,312.3,457.2,-32.0,D,2026-08-09 21:00:44.876923
2026-08-05,2026-06-01,2026-08-05,district,COASTAL A. P. & YANAM,ANDHRA PRADESH,GUNTUR,0.0,5.8,-100.0,NR,251.7,297.4,-15.0,N,2026-08-09 21:00:44.876923
2026-08-05,2026-06-01,2026-08-05,district,COASTAL A. P. & YANAM,ANDHRA PRADESH,KAKINADA,0.0,6.2,-100.0,NR,261.0,344.2,-24.0,D,2026-08-09 21:00:44.876923
2026-08-05,2026-06-01,2026-08-05,district,COASTAL A. P. & YANAM,ANDHRA PRADESH,KRISHNA,0.6,6.7,-91.0,LD,234.7,344.9,-32.0,D,2026-08-09 21:00:44.876923
2026-08-05,2026-06-01,2026-08-05,district,COASTAL A. P. & YANAM,ANDHRA PRADESH,NTR DISTRICT,1.0,7.8,-87.0,LD,259.8,362.2,-28.0,D,2026-08-09 21:00:44.876923
2026-08-05,2026-06-01,2026-08-05,district,COASTAL A. P. & YANAM,ANDHRA PRADESH,PALNADU,0.0,5.3,-100.0,NR,195.6,271.1,-28.0,D,2026-08-09 21:00:44.876923
2026-08-05,2026-06-01,2026-08-05,district,COASTAL A. P. & YANAM,ANDHRA PRADESH,PARVATHIPURAM MANYAM,1.0,6.9,-86.0,LD,207.2,401.2,-48.0,D,2026-08-09 21:00:44.876923
2026-08-05,2026-06-01,2026-08-05,district,COASTAL A. P. & YANAM,ANDHRA PRADESH,PRAKASAM,0.5,3.0,-82.0,LD,90.0,172.0,-48.0,D,2026-08-09 21:00:44.876923
2026-08-05,2026-06-01,2026-08-05,district,COASTAL A. P. & YANAM,ANDHRA PRADESH,SPSR NELLORE,0.0,2.4,-98.0,LD,107.0,153.0,-30.0,D,2026-08-09 21:00:44.876923
2026-08-05,2026-06-01,2026-08-05,district,COASTAL A. P. & YANAM,ANDHRA PRADESH,SRI ALLURI SITHARAMARAJU DISTRICT,1.5,11.8,-87.0,LD,251.9,490.4,-49.0,D,2026-08-09 21:00:44.876923
2026-08-05,2026-06-01,2026-08-05,district,COASTAL A. P. & YANAM,ANDHRA PRADESH,SRIKAKULAM,0.9,6.9,-87.0,LD,178.7,362.0,-51.0,D,2026-08-09 21:00:44.876923
2026-08-05,2026-06-01,2026-08-05,district,COASTAL A. P. & YANAM,ANDHRA PRADESH,VISHAKHAPATNAM,0.0,4.5,-100.0,NR,148.0,267.8,-45.0,D,2026-08-09 21:00:44.876923
2026-08-05,2026-06-01,2026-08-05,district,COASTAL A. P. & YANAM,ANDHRA PRADESH,VIZIANAGARAM,12.4,4.2,196.0,LE,226.9,340.9,-33.0,D,2026-08-09 21:00:44.876923
2026-08-05,2026-06-01,2026-08-05,district,COASTAL A. P. & YANAM,ANDHRA PRADESH,WEST GODAVARI,0.1,8.3,-99.0,LD,172.2,373.7,-54.0,D,2026-08-09 21:00:44.876923
2026-08-05,2026-06-01,2026-08-05,district,COASTAL A. P. & YANAM,PUDUCHERRY (UT),YANAM,2.4,8.6,-72.0,LD,220.0,359.5,-39.0,D,2026-08-09 21:00:44.876923
2026-08-05,2026-06-01,2026-08-05,district,COASTAL KARNATAKA,KARNATAKA,DAKSHINA KANNADA,40.4,35.1,15.0,N,1845.2,2270.8,-19.0,N,2026-08-09 21:00:44.876923
2026-08-05,2026-06-01,2026-08-05,district,COASTAL KARNATAKA,KARNATAKA,UDUPI,63.7,35.3,81.0,LE,1954.8,2583.9,-24.0,D,2026-08-09 21:00:44.876923
2026-08-05,2026-06-01,2026-08-05,district,COASTAL KARNATAKA,KARNATAKA,UTTARA KANNADA,32.4,31.2,4.0,N,1483.1,1892.3,-22.0,D,2026-08-09 21:00:44.876923
2026-08-05,2026-06-01,2026-08-05,district,EAST MADHYA PRADESH,MADHYA PRADESH,ANUPPUR,29.1,12.6,131.0,LE,507.2,550.9,-8.0,N,2026-08-09 21:00:44.876923
2026-08-05,2026-06-01,2026-08-05,district,EAST MADHYA PRADESH,MADHYA PRADESH,BALAGHAT,5.5,13.0,-58.0,D,606.4,691.4,-12.0,N,2026-08-09 21:00:44.876923
2026-08-05,2026-06-01,2026-08-05,district,EAST MADHYA PRADESH,MADHYA PRADESH,CHHATARPUR,20.6,13.0,59.0,E,350.1,470.2,-26.0,D,2026-08-09 21:00:44.876923
2026-08-05,2026-06-01,2026-08-05,district,EAST MADHYA PRADESH,MADHYA PRADESH,CHHINDWARA,0.1,11.8,-99.0,LD,483.4,566.0,-15.0,N,2026-08-09 21:00:44.876923
2026-08-05,2026-06-01,2026-08-05,district,EAST MADHYA PRADESH,MADHYA PRADESH,DAMOH,0.1,16.1,-99.0,LD,466.2,584.6,-20.0,D,2026-08-09 21:00:44.876923
2026-08-05,2026-06-01,2026-08-05,district,EAST MADHYA PRADESH,MADHYA PRADESH,DINDORI,7.7,17.5,-56.0,D,526.7,651.1,-19.0,N,2026-08-09 21:00:44.876923
2026-08-05,2026-06-01,2026-08-05,district,EAST MADHYA PRADESH,MADHYA PRADESH,JABALPUR,0.6,11.1,-95.0,LD,415.5,584.5,-29.0,D,2026-08-09 21:00:44.876923
2026-08-05,2026-06-01,2026-08-05,district,EAST MADHYA PRADESH,MADHYA PRADESH,KATNI,2.6,14.6,-82.0,LD,370.3,515.6,-28.0,D,2026-08-09 21:00:44.876923
2026-08-05,2026-06-01,2026-08-05,district,EAST MADHYA PRADESH,MADHYA PRADESH,MAIHAR,11.7,14.1,-17.0,N,284.0,505.5,-44.0,D,2026-08-09 21:00:44.876923
2026-08-05,2026-06-01,2026-08-05,district,EAST MADHYA PRADESH,MADHYA PRADESH,MANDLA,2.0,12.5,-84.0,LD,440.0,655.8,-33.0,D,2026-08-09 21:00:44.876923
2026-08-05,2026-06-01,2026-08-05,district,EAST MADHYA PRADESH,MADHYA PRADESH,MAUGANJ,5.5,11.8,-54.0,D,489.6,495.8,-1.0,N,2026-08-09 21:00:44.876923
2026-08-05,2026-06-01,2026-08-05,district,EAST MADHYA PRADESH,MADHYA PRADESH,NARSINGHPUR,0.6,10.6,-94.0,LD,370.8,539.2,-31.0,D,2026-08-09 21:00:44.876923
2026-08-05,2026-06-01,2026-08-05,district,EAST MADHYA PRADESH,MADHYA PRADESH,NIWARI,0.0,5.8,-100.0,NR,297.0,377.8,-21.0,D,2026-08-09 21:00:44.876923
2026-08-05,2026-06-01,2026-08-05,district,EAST MADHYA PRADESH,MADHYA PRADESH,PANDHURNA,0.0,9.4,-100.0,NR,444.6,446.7,0.0,N,2026-08-09 21:00:44.876923
2026-08-05,2026-06-01,2026-08-05,district,EAST MADHYA PRADESH,MADHYA PRADESH,PANNA,7.5,14.1,-47.0,D,394.0,553.0,-29.0,D,2026-08-09 21:00:44.876923
2026-08-05,2026-06-01,2026-08-05,district,EAST MADHYA PRADESH,MADHYA PRADESH,REWA,11.9,14.2,-16.0,N,184.8,518.3,-64.0,LD,2026-08-09 21:00:44.876923
2026-08-05,2026-06-01,2026-08-05,district,EAST MADHYA PRADESH,MADHYA PRADESH,SAGAR,0.3,15.6,-98.0,LD,379.1,583.9,-35.0,D,2026-08-09 21:00:44.876923
2026-08-05,2026-06-01,2026-08-05,district,EAST MADHYA PRADESH,MADHYA PRADESH,SATNA,18.8,7.3,158.0,LE,401.8,497.1,-19.0,N,2026-08-09 21:00:44.876923
2026-08-05,2026-06-01,2026-08-05,district,EAST MADHYA PRADESH,MADHYA PRADESH,SEONI,7.9,7.4,7.0,N,540.8,583.6,-7.0,N,2026-08-09 21:00:44.876923
2026-08-05,2026-06-01,2026-08-05,district,EAST MADHYA PRADESH,MADHYA PRADESH,SHAHDOL,33.1,10.3,222.0,LE,491.0,508.6,-3.0,N,2026-08-09 21:00:44.876923
2026-08-05,2026-06-01,2026-08-05,district,EAST MADHYA PRADESH,MADHYA PRADESH,SIDHI,19.0,6.7,184.0,LE,386.1,535.9,-28.0,D,2026-08-09 21:00:44.876923
2026-08-05,2026-06-01,2026-08-05,district,EAST MADHYA PRADESH,MADHYA PRADESH,SINGRAULI,24.0,11.8,103.0,LE,375.6,566.0,-34.0,D,2026-08-09 21:00:44.876923
2026-08-05,2026-06-01,2026-08-05,district,EAST MADHYA PRADESH,MADHYA PRADESH,TIKAMGARH,2.8,11.5,-76.0,LD,320.6,494.1,-35.0,D,2026-08-09 21:00:44.876923
2026-08-05,2026-06-01,2026-08-05,district,EAST MADHYA PRADESH,MADHYA PRADESH,UMARIA,1.7,9.6,-82.0,LD,490.9,526.3,-7.0,N,2026-08-09 21:00:44.876923
2026-08-05,2026-06-01,2026-08-05,district,EAST RAJASTHAN,RAJASTHAN,AJMER,4.0,6.3,-37.0,D,276.6,250.6,10.0,N,2026-08-09 21:00:44.876923
2026-08-05,2026-06-01,2026-08-05,district,EAST RAJASTHAN,RAJASTHAN,ALWAR,10.0,6.7,49.0,E,229.5,297.4,-23.0,D,2026-08-09 21:00:44.876923
2026-08-05,2026-06-01,2026-08-05,district,EAST RAJASTHAN,RAJASTHAN,BANSWARA,0.0,13.5,-100.0,NR,267.4,461.0,-42.0,D,2026-08-09 21:00:44.876923
2026-08-05,2026-06-01,2026-08-05,district,EAST RAJASTHAN,RAJASTHAN,BARAN,5.4,9.1,-41.0,D,345.9,452.9,-24.0,D,2026-08-09 21:00:44.876923
2026-08-05,2026-06-01,2026-08-05,district,EAST RAJASTHAN,RAJASTHAN,BHARATPUR,22.6,5.2,335.0,LE,285.5,283.7,1.0,N,2026-08-09 21:00:44.876923
2026-08-05,2026-06-01,2026-08-05,district,EAST RAJASTHAN,RAJASTHAN,BHILWARA,1.4,9.5,-86.0,LD,274.4,323.3,-15.0,N,2026-08-09 21:00:44.876923
2026-08-05,2026-06-01,2026-08-05,district,EAST RAJASTHAN,RAJASTHAN,BUNDI,0.0,7.4,-100.0,NR,252.9,353.2,-28.0,D,2026-08-09 21:00:44.876923
2026-08-05,2026-06-01,2026-08-05,district,EAST RAJASTHAN,RAJASTHAN,CHITTORGARH,2.0,10.2,-80.0,LD,302.5,381.4,-21.0,D,2026-08-09 21:00:44.876923
2026-08-05,2026-06-01,2026-08-05,district,EAST RAJASTHAN,RAJASTHAN,DAUSA,8.8,7.4,19.0,N,286.0,329.9,-13.0,N,2026-08-09 21:00:44.876923
2026-08-05,2026-06-01,2026-08-05,district,EAST RAJASTHAN,RAJASTHAN,DHOLPUR,18.5,6.4,189.0,LE,245.3,298.3,-18.0,N,2026-08-09 21:00:44.876923
2026-08-05,2026-06-01,2026-08-05,district,EAST RAJASTHAN,RAJASTHAN,DUNGARPUR,0.0,10.0,-100.0,NR,253.5,378.7,-33.0,D,2026-08-09 21:00:44.876923
2026-08-05,2026-06-01,2026-08-05,district,EAST RAJASTHAN,RAJASTHAN,JAIPUR,4.8,6.7,-29.0,D,206.2,303.2,-32.0,D,2026-08-09 21:00:44.876923
2026-08-05,2026-06-01,2026-08-05,district,EAST RAJASTHAN,RAJASTHAN,JHALAWAR,0.3,13.1,-98.0,LD,308.9,462.8,-33.0,D,2026-08-09 21:00:44.876923
2026-08-05,2026-06-01,2026-08-05,district,EAST RAJASTHAN,RAJASTHAN,JHUNJHUNU,16.0,5.4,195.0,LE,291.0,242.9,20.0,E,2026-08-09 21:00:44.876923
2026-08-05,2026-06-01,2026-08-05,district,EAST RAJASTHAN,RAJASTHAN,KARAULI,6.8,7.3,-6.0,N,188.3,317.2,-41.0,D,2026-08-09 21:00:44.876923
2026-08-05,2026-06-01,2026-08-05,district,EAST RAJASTHAN,RAJASTHAN,KOTA,4.2,9.1,-54.0,D,255.3,397.1,-36.0,D,2026-08-09 21:00:44.876923
2026-08-05,2026-06-01,2026-08-05,district,EAST RAJASTHAN,RAJASTHAN,PRATAPGARH,0.0,12.4,-100.0,NR,458.8,474.7,-3.0,N,2026-08-09 21:00:44.876923
2026-08-05,2026-06-01,2026-08-05,district,EAST RAJASTHAN,RAJASTHAN,RAJSAMAND,0.9,6.8,-87.0,LD,274.0,290.7,-6.0,N,2026-08-09 21:00:44.876923
2026-08-05,2026-06-01,2026-08-05,district,EAST RAJASTHAN,RAJASTHAN,SAWAI MADHOPUR,9.0,7.6,18.0,N,208.4,360.6,-42.0,D,2026-08-09 21:00:44.876923
2026-08-05,2026-06-01,2026-08-05,district,EAST RAJASTHAN,RAJASTHAN,SIKAR,12.0,4.2,186.0,LE,256.4,252.2,2.0,N,2026-08-09 21:00:44.876923
2026-08-05,2026-06-01,2026-08-05,district,EAST RAJASTHAN,RAJASTHAN,SIROHI,4.5,16.4,-72.0,LD,361.3,490.2,-26.0,D,2026-08-09 21:00:44.876923
2026-08-05,2026-06-01,2026-08-05,district,EAST RAJASTHAN,RAJASTHAN,TONK,0.3,7.3,-95.0,LD,269.8,307.2,-12.0,N,2026-08-09 21:00:44.876923
2026-08-05,2026-06-01,2026-08-05,district,EAST RAJASTHAN,RAJASTHAN,UDAIPUR,0.4,9.2,-96.0,LD,231.0,340.2,-32.0,D,2026-08-09 21:00:44.876923
2026-08-05,2026-06-01,2026-08-05,district,EAST UTTAR PRADESH,UTTAR PRADESH,AMBEDKAR NAGAR,0.0,3.9,-100.0,NR,297.1,456.3,-35.0,D,2026-08-09 21:00:44.876923
2026-08-05,2026-06-01,2026-08-05,district,EAST UTTAR PRADESH,UTTAR PRADESH,AMETHI,7.2,5.3,36.0,E,159.4,350.1,-54.0,D,2026-08-09 21:00:44.876923
2026-08-05,2026-06-01,2026-08-05,district,EAST UTTAR PRADESH,UTTAR PRADESH,AYODHYA,4.9,5.9,-16.0,N,336.9,451.7,-25.0,D,2026-08-09 21:00:44.876923
2026-08-05,2026-06-01,2026-08-05,district,EAST UTTAR PRADESH,UTTAR PRADESH,AZAMGARH,3.6,5.8,-38.0,D,275.7,442.2,-38.0,D,2026-08-09 21:00:44.876923
2026-08-05,2026-06-01,2026-08-05,district,EAST UTTAR PRADESH,UTTAR PRADESH,BAHRAICH,2.3,5.9,-61.0,LD,465.2,543.8,-14.0,N,2026-08-09 21:00:44.876923
2026-08-05,2026-06-01,2026-08-05,district,EAST UTTAR PRADESH,UTTAR PRADESH,BALLIA,5.1,3.2,58.0,E,356.6,389.2,-8.0,N,2026-08-09 21:00:44.876923
2026-08-05,2026-06-01,2026-08-05,district,EAST UTTAR PRADESH,UTTAR PRADESH,BALRAMPUR,29.1,3.2,808.0,LE,399.2,422.2,-5.0,N,2026-08-09 21:00:44.876923
2026-08-05,2026-06-01,2026-08-05,district,EAST UTTAR PRADESH,UTTAR PRADESH,BANDA,69.3,8.1,755.0,LE,336.8,389.4,-14.0,N,2026-08-09 21:00:44.876923
2026-08-05,2026-06-01,2026-08-05,district,EAST UTTAR PRADESH,UTTAR PRADESH,BARABANKI,9.4,6.0,56.0,E,389.7,435.2,-10.0,N,2026-08-09 21:00:44.876923
2026-08-05,2026-06-01,2026-08-05,district,EAST UTTAR PRADESH,UTTAR PRADESH,BASTI,6.6,3.7,78.0,LE,313.3,451.2,-31.0,D,2026-08-09 21:00:44.876923
2026-08-05,2026-06-01,2026-08-05,district,EAST UTTAR PRADESH,UTTAR PRADESH,BHADOHI,4.3,15.9,-73.0,LD,105.5,426.1,-75.0,LD,2026-08-09 21:00:44.876923
2026-08-05,2026-06-01,2026-08-05,district,EAST UTTAR PRADESH,UTTAR PRADESH,CHANDAULI,2.5,7.6,-67.0,LD,231.7,360.9,-36.0,D,2026-08-09 21:00:44.876923
2026-08-05,2026-06-01,2026-08-05,district,EAST UTTAR PRADESH,UTTAR PRADESH,CHITRAKOOT,35.8,8.3,331.0,LE,396.6,401.5,-1.0,N,2026-08-09 21:00:44.876923
2026-08-05,2026-06-01,2026-08-05,district,EAST UTTAR PRADESH,UTTAR PRADESH,DEORIA,0.0,6.7,-100.0,NR,121.0,432.7,-72.0,LD,2026-08-09 21:00:44.876923
2026-08-05,2026-06-01,2026-08-05,district,EAST UTTAR PRADESH,UTTAR PRADESH,FARRUKHABAD,4.3,6.4,-33.0,D,202.7,370.9,-45.0,D,2026-08-09 21:00:44.876923
2026-08-05,2026-06-01,2026-08-05,district,EAST UTTAR PRADESH,UTTAR PRADESH,FATEHPUR,6.8,8.8,-23.0,D,138.0,351.2,-61.0,LD,2026-08-09 21:00:44.876923
2026-08-05,2026-06-01,2026-08-05,district,EAST UTTAR PRADESH,UTTAR PRADESH,GHAZIPUR,10.6,5.4,95.0,LE,216.7,385.0,-44.0,D,2026-08-09 21:00:44.876923
2026-08-05,2026-06-01,2026-08-05,district,EAST UTTAR PRADESH,UTTAR PRADESH,GONDA,2.9,6.1,-53.0,D,374.5,482.0,-22.0,D,2026-08-09 21:00:44.876923
2026-08-05,2026-06-01,2026-08-05,district,EAST UTTAR PRADESH,UTTAR PRADESH,GORAKHPUR,9.0,10.4,-13.0,N,508.0,661.3,-23.0,D,2026-08-09 21:00:44.876923
2026-08-05,2026-06-01,2026-08-05,district,EAST UTTAR PRADESH,UTTAR PRADESH,HARDOI,7.7,4.3,78.0,LE,227.2,356.5,-36.0,D,2026-08-09 21:00:44.876923
2026-08-05,2026-06-01,2026-08-05,district,EAST UTTAR PRADESH,UTTAR PRADESH,JAUNPUR,0.2,5.2,-97.0,LD,111.5,367.8,-70.0,LD,2026-08-09 21:00:44.876923
2026-08-05,2026-06-01,2026-08-05,district,EAST UTTAR PRADESH,UTTAR PRADESH,KANNAUJ,1.2,7.5,-85.0,LD,314.9,329.5,-4.0,N,2026-08-09 21:00:44.876923
2026-08-05,2026-06-01,2026-08-05,district,EAST UTTAR PRADESH,UTTAR PRADESH,KANPUR CITY,29.1,5.4,439.0,LE,374.5,334.0,12.0,N,2026-08-09 21:00:44.876923
2026-08-05,2026-06-01,2026-08-05,district,EAST UTTAR PRADESH,UTTAR PRADESH,KANPUR DEHAT,3.6,7.8,-54.0,D,93.7,285.1,-67.0,LD,2026-08-09 21:00:44.876923
2026-08-05,2026-06-01,2026-08-05,district,EAST UTTAR PRADESH,UTTAR PRADESH,KAUSHAMBI,8.7,4.0,117.0,LE,83.9,285.9,-71.0,LD,2026-08-09 21:00:44.876923
2026-08-05,2026-06-01,2026-08-05,district,EAST UTTAR PRADESH,UTTAR PRADESH,KHERI,21.3,6.2,244.0,LE,459.2,502.6,-9.0,N,2026-08-09 21:00:44.876923
2026-08-05,2026-06-01,2026-08-05,district,EAST UTTAR PRADESH,UTTAR PRADESH,KUSHI NAGAR,4.5,4.5,0.0,N,164.1,410.4,-60.0,LD,2026-08-09 21:00:44.876923
2026-08-05,2026-06-01,2026-08-05,district,EAST UTTAR PRADESH,UTTAR PRADESH,LUCKNOW,7.5,6.6,14.0,N,235.2,352.5,-33.0,D,2026-08-09 21:00:44.876923
2026-08-05,2026-06-01,2026-08-05,district,EAST UTTAR PRADESH,UTTAR PRADESH,MAHARAJGANJ,5.6,5.4,4.0,N,502.8,548.0,-8.0,N,2026-08-09 21:00:44.876923
2026-08-05,2026-06-01,2026-08-05,district,EAST UTTAR PRADESH,UTTAR PRADESH,MAU,1.5,3.3,-55.0,D,150.0,429.5,-65.0,LD,2026-08-09 21:00:44.876923
2026-08-05,2026-06-01,2026-08-05,district,EAST UTTAR PRADESH,UTTAR PRADESH,MIRZAPUR,13.9,6.7,108.0,LE,419.7,457.7,-8.0,N,2026-08-09 21:00:44.876923
2026-08-05,2026-06-01,2026-08-05,district,EAST UTTAR PRADESH,UTTAR PRADESH,PRATAPGARH,34.0,7.0,386.0,LE,301.8,395.9,-24.0,D,2026-08-09 21:00:44.876923
2026-08-05,2026-06-01,2026-08-05,district,EAST UTTAR PRADESH,UTTAR PRADESH,PRAYAGRAJ,32.4,5.8,459.0,LE,265.5,365.1,-27.0,D,2026-08-09 21:00:44.876923
2026-08-05,2026-06-01,2026-08-05,district,EAST UTTAR PRADESH,UTTAR PRADESH,RAE BAREILLY,3.9,3.2,21.0,E,113.9,223.0,-49.0,D,2026-08-09 21:00:44.876923
2026-08-05,2026-06-01,2026-08-05,district,EAST UTTAR PRADESH,UTTAR PRADESH,SANT KABIR NAGAR,0.0,8.8,-100.0,NR,266.5,575.5,-54.0,D,2026-08-09 21:00:44.876923
2026-08-05,2026-06-01,2026-08-05,district,EAST UTTAR PRADESH,UTTAR PRADESH,SHRAWASTI,9.5,9.0,6.0,N,387.7,640.6,-39.0,D,2026-08-09 21:00:44.876923
2026-08-05,2026-06-01,2026-08-05,district,EAST UTTAR PRADESH,UTTAR PRADESH,SIDDHARTH NAGAR,6.0,2.7,120.0,LE,424.5,590.7,-28.0,D,2026-08-09 21:00:44.876923
2026-08-05,2026-06-01,2026-08-05,district,EAST UTTAR PRADESH,UTTAR PRADESH,SITAPUR,0.5,5.0,-91.0,LD,198.6,438.9,-55.0,D,2026-08-09 21:00:44.876923
2026-08-05,2026-06-01,2026-08-05,district,EAST UTTAR PRADESH,UTTAR PRADESH,SONBHADRA,7.4,8.3,-11.0,N,335.1,459.3,-27.0,D,2026-08-09 21:00:44.876923
2026-08-05,2026-06-01,2026-08-05,district,EAST UTTAR PRADESH,UTTAR PRADESH,SULTANPUR,61.7,7.6,712.0,LE,391.6,433.2,-10.0,N,2026-08-09 21:00:44.876923
2026-08-05,2026-06-01,2026-08-05,district,EAST UTTAR PRADESH,UTTAR PRADESH,UNNAO,3.3,7.3,-54.0,D,178.9,329.4,-46.0,D,2026-08-09 21:00:44.876923
2026-08-05,2026-06-01,2026-08-05,district,EAST UTTAR PRADESH,UTTAR PRADESH,VARANASI,7.9,8.5,-7.0,N,239.3,415.6,-42.0,D,2026-08-09 21:00:44.876923
2026-08-05,2026-06-01,2026-08-05,district,GANGETIC WEST BENGAL,WEST BENGAL,BANKURA,1.1,7.8,-86.0,LD,640.7,647.1,-1.0,N,2026-08-09 21:00:44.876923
2026-08-05,2026-06-01,2026-08-05,district,GANGETIC WEST BENGAL,WEST BENGAL,BIRBHUM,43.7,9.4,364.0,LE,461.1,630.5,-27.0,D,2026-08-09 21:00:44.876923
2026-08-05,2026-06-01,2026-08-05,district,GANGETIC WEST BENGAL,WEST BENGAL,EAST MIDNAPORE,22.4,12.4,81.0,LE,903.2,678.0,33.0,E,2026-08-09 21:00:44.876923
2026-08-05,2026-06-01,2026-08-05,district,GANGETIC WEST BENGAL,WEST BENGAL,HOOGHLY,0.0,10.1,-100.0,NR,579.7,597.1,-3.0,N,2026-08-09 21:00:44.876923
2026-08-05,2026-06-01,2026-08-05,district,GANGETIC WEST BENGAL,WEST BENGAL,HOWRAH,12.9,10.0,29.0,E,740.6,653.5,13.0,N,2026-08-09 21:00:44.876923
2026-08-05,2026-06-01,2026-08-05,district,GANGETIC WEST BENGAL,WEST BENGAL,JHARGRAM,0.0,8.1,-100.0,NR,524.6,637.8,-18.0,N,2026-08-09 21:00:44.876923
2026-08-05,2026-06-01,2026-08-05,district,GANGETIC WEST BENGAL,WEST BENGAL,KOLKATA,16.3,10.8,51.0,E,812.3,732.4,11.0,N,2026-08-09 21:00:44.876923
2026-08-05,2026-06-01,2026-08-05,district,GANGETIC WEST BENGAL,WEST BENGAL,MURSHIDABAD,12.2,8.9,37.0,E,415.5,565.2,-26.0,D,2026-08-09 21:00:44.876923
2026-08-05,2026-06-01,2026-08-05,district,GANGETIC WEST BENGAL,WEST BENGAL,NADIA,7.9,8.2,-4.0,N,424.7,542.9,-22.0,D,2026-08-09 21:00:44.876923
2026-08-05,2026-06-01,2026-08-05,district,GANGETIC WEST BENGAL,WEST BENGAL,NORTH 24 PARGANAS,20.6,7.7,167.0,LE,810.5,645.9,25.0,E,2026-08-09 21:00:44.876923
2026-08-05,2026-06-01,2026-08-05,district,GANGETIC WEST BENGAL,WEST BENGAL,PASCHIM BARDHAMAN,19.3,9.4,105.0,LE,515.5,613.0,-16.0,N,2026-08-09 21:00:44.876923
2026-08-05,2026-06-01,2026-08-05,district,GANGETIC WEST BENGAL,WEST BENGAL,PURBA BARDHAMAN,2.3,9.5,-76.0,LD,518.2,578.0,-10.0,N,2026-08-09 21:00:44.876923
2026-08-05,2026-06-01,2026-08-05,district,GANGETIC WEST BENGAL,WEST BENGAL,PURULIA,10.5,7.3,43.0,E,396.0,603.8,-34.0,D,2026-08-09 21:00:44.876923
2026-08-05,2026-06-01,2026-08-05,district,GANGETIC WEST BENGAL,WEST BENGAL,SOUTH 24 PARGANAS,23.0,11.8,94.0,LE,845.1,799.6,6.0,N,2026-08-09 21:00:44.876923
2026-08-05,2026-06-01,2026-08-05,district,GANGETIC WEST BENGAL,WEST BENGAL,WEST MIDNAPORE,0.2,8.1,-97.0,LD,905.6,637.8,42.0,E,2026-08-09 21:00:44.876923
2026-08-05,2026-06-01,2026-08-05,district,GUJARAT REGION,DADRA & NAGAR HAVELI AND DAMAN & DIU (UT),DADARA & NAGAR HAVELI,17.4,23.1,-25.0,D,2653.9,1458.0,82.0,LE,2026-08-09 21:00:44.876923
2026-08-05,2026-06-01,2026-08-05,district,GUJARAT REGION,DADRA & NAGAR HAVELI AND DAMAN & DIU (UT),DAMAN,7.2,23.1,-69.0,LD,2531.0,1458.0,74.0,LE,2026-08-09 21:00:44.876923
2026-08-05,2026-06-01,2026-08-05,district,GUJARAT REGION,GUJARAT,AHMEDABAD,0.1,8.1,-99.0,LD,519.5,379.1,37.0,E,2026-08-09 21:00:44.876923
2026-08-05,2026-06-01,2026-08-05,district,GUJARAT REGION,GUJARAT,ANAND,5.2,8.5,-39.0,D,716.8,454.5,58.0,E,2026-08-09 21:00:44.876923
2026-08-05,2026-06-01,2026-08-05,district,GUJARAT REGION,GUJARAT,ARAVALLI,0.0,13.4,-100.0,NR,338.3,461.7,-27.0,D,2026-08-09 21:00:44.876923
2026-08-05,2026-06-01,2026-08-05,district,GUJARAT REGION,GUJARAT,BANASKANTHA,0.8,9.1,-91.0,LD,342.6,343.4,0.0,N,2026-08-09 21:00:44.876923
2026-08-05,2026-06-01,2026-08-05,district,GUJARAT REGION,GUJARAT,BHARUCH,0.2,10.2,-98.0,LD,710.0,432.9,64.0,LE,2026-08-09 21:00:44.876923
2026-08-05,2026-06-01,2026-08-05,district,GUJARAT REGION,GUJARAT,CHHOTA UDEPUR,0.0,13.5,-100.0,NR,519.5,530.1,-2.0,N,2026-08-09 21:00:44.876923
2026-08-05,2026-06-01,2026-08-05,district,GUJARAT REGION,GUJARAT,DAHOD,4.9,15.0,-67.0,LD,300.1,412.6,-27.0,D,2026-08-09 21:00:44.876923
2026-08-05,2026-06-01,2026-08-05,district,GUJARAT REGION,GUJARAT,DANGS,13.6,34.5,-61.0,LD,2080.8,1319.7,58.0,E,2026-08-09 21:00:44.876923
2026-08-05,2026-06-01,2026-08-05,district,GUJARAT REGION,GUJARAT,GANDHINAGAR,0.2,6.4,-97.0,LD,425.5,434.4,-2.0,N,2026-08-09 21:00:44.876923
2026-08-05,2026-06-01,2026-08-05,district,GUJARAT REGION,GUJARAT,KHEDA,3.9,10.2,-62.0,LD,809.9,448.9,80.0,LE,2026-08-09 21:00:44.876923
2026-08-05,2026-06-01,2026-08-05,district,GUJARAT REGION,GUJARAT,MAHISAGAR,2.0,10.2,-80.0,LD,542.2,426.8,27.0,E,2026-08-09 21:00:44.876923
2026-08-05,2026-06-01,2026-08-05,district,GUJARAT REGION,GUJARAT,MEHSANA,0.2,9.1,-98.0,LD,409.9,397.0,3.0,N,2026-08-09 21:00:44.876923
2026-08-05,2026-06-01,2026-08-05,district,GUJARAT REGION,GUJARAT,NARMADA,0.0,14.6,-100.0,NR,774.9,577.2,34.0,E,2026-08-09 21:00:44.876923
2026-08-05,2026-06-01,2026-08-05,district,GUJARAT REGION,GUJARAT,NAVSARI,8.5,24.4,-65.0,LD,2121.0,1157.8,83.0,LE,2026-08-09 21:00:44.876923
2026-08-05,2026-06-01,2026-08-05,district,GUJARAT REGION,GUJARAT,PANCHMAHAL,7.0,12.5,-44.0,D,610.4,492.6,24.0,E,2026-08-09 21:00:44.876923
2026-08-05,2026-06-01,2026-08-05,district,GUJARAT REGION,GUJARAT,PATAN,0.0,8.8,-100.0,NR,389.5,310.4,25.0,E,2026-08-09 21:00:44.876923
2026-08-05,2026-06-01,2026-08-05,district,GUJARAT REGION,GUJARAT,SABARKANTHA,0.0,15.3,-100.0,NR,349.4,474.8,-26.0,D,2026-08-09 21:00:44.876923
2026-08-05,2026-06-01,2026-08-05,district,GUJARAT REGION,GUJARAT,SURAT,0.3,17.5,-99.0,LD,1408.8,813.8,73.0,LE,2026-08-09 21:00:44.876923
2026-08-05,2026-06-01,2026-08-05,district,GUJARAT REGION,GUJARAT,TAPI,2.9,18.5,-84.0,LD,1198.0,856.0,40.0,E,2026-08-09 21:00:44.876923
2026-08-05,2026-06-01,2026-08-05,district,GUJARAT REGION,GUJARAT,VADODARA,0.3,10.7,-97.0,LD,492.3,494.4,0.0,N,2026-08-09 21:00:44.876923
2026-08-05,2026-06-01,2026-08-05,district,GUJARAT REGION,GUJARAT,VALSAD,14.7,27.4,-47.0,D,2512.2,1323.0,90.0,LE,2026-08-09 21:00:44.876923
2026-08-05,2026-06-01,2026-08-05,district,HAR. CHD & DELHI,CHANDIGARH (UT),CHANDIGARH,17.9,7.2,149.0,LE,375.0,480.4,-22.0,D,2026-08-09 21:00:44.876923
2026-08-05,2026-06-01,2026-08-05,district,HAR. CHD & DELHI,DELHI (UT),CENTRAL DELHI,3.6,12.2,-70.0,LD,368.7,345.1,7.0,N,2026-08-09 21:00:44.876923
2026-08-05,2026-06-01,2026-08-05,district,HAR. CHD & DELHI,DELHI (UT),EAST DELHI,1.2,12.2,-90.0,LD,384.2,345.1,11.0,N,2026-08-09 21:00:44.876923
2026-08-05,2026-06-01,2026-08-05,district,HAR. CHD & DELHI,DELHI (UT),NEW DELHI,2.7,9.4,-71.0,LD,230.5,326.4,-29.0,D,2026-08-09 21:00:44.876923
2026-08-05,2026-06-01,2026-08-05,district,HAR. CHD & DELHI,DELHI (UT),NORTH EAST DELHI,6.8,12.2,-45.0,D,318.7,345.1,-8.0,N,2026-08-09 21:00:44.876923
2026-08-05,2026-06-01,2026-08-05,district,HAR. CHD & DELHI,DELHI (UT),NORTH WEST DELHI,0.8,6.5,-88.0,LD,170.8,223.6,-24.0,D,2026-08-09 21:00:44.876923
2026-08-05,2026-06-01,2026-08-05,district,HAR. CHD & DELHI,DELHI (UT),SOUTH DELHI,21.8,12.2,79.0,LE,267.2,345.1,-23.0,D,2026-08-09 21:00:44.876923
2026-08-05,2026-06-01,2026-08-05,district,HAR. CHD & DELHI,DELHI (UT),SOUTH EAST DELHI,5.4,12.2,-56.0,D,310.1,345.1,-10.0,N,2026-08-09 21:00:44.876923
2026-08-05,2026-06-01,2026-08-05,district,HAR. CHD & DELHI,DELHI (UT),SOUTH WEST DELHI,5.7,2.6,120.0,LE,211.4,276.2,-23.0,D,2026-08-09 21:00:44.876923
2026-08-05,2026-06-01,2026-08-05,district,HAR. CHD & DELHI,DELHI (UT),WEST DELHI,3.0,9.8,-69.0,LD,298.8,313.8,-5.0,N,2026-08-09 21:00:44.876923
2026-08-05,2026-06-01,2026-08-05,district,HAR. CHD & DELHI,HARYANA,AMBALA,23.7,5.5,330.0,LE,224.0,467.6,-52.0,D,2026-08-09 21:00:44.876923
2026-08-05,2026-06-01,2026-08-05,district,HAR. CHD & DELHI,HARYANA,BHIWANI,8.2,3.1,163.0,LE,130.5,164.2,-21.0,D,2026-08-09 21:00:44.876923
2026-08-05,2026-06-01,2026-08-05,district,HAR. CHD & DELHI,HARYANA,CHARKHI DADRI,13.8,6.4,115.0,LE,195.7,220.8,-11.0,N,2026-08-09 21:00:44.876923
2026-08-05,2026-06-01,2026-08-05,district,HAR. CHD & DELHI,HARYANA,FARIDABAD,9.7,10.4,-7.0,N,328.9,276.9,19.0,N,2026-08-09 21:00:44.876923
2026-08-05,2026-06-01,2026-08-05,district,HAR. CHD & DELHI,HARYANA,FATEHABAD,17.6,3.8,363.0,LE,134.5,149.9,-10.0,N,2026-08-09 21:00:44.876923
2026-08-05,2026-06-01,2026-08-05,district,HAR. CHD & DELHI,HARYANA,GURGAON,12.3,7.7,60.0,LE,214.9,255.1,-16.0,N,2026-08-09 21:00:44.876923
2026-08-05,2026-06-01,2026-08-05,district,HAR. CHD & DELHI,HARYANA,HISAR,16.8,5.3,218.0,LE,122.8,173.8,-29.0,D,2026-08-09 21:00:44.876923
2026-08-05,2026-06-01,2026-08-05,district,HAR. CHD & DELHI,HARYANA,JHAJJAR,8.4,5.7,47.0,E,170.4,200.8,-15.0,N,2026-08-09 21:00:44.876923
2026-08-05,2026-06-01,2026-08-05,district,HAR. CHD & DELHI,HARYANA,JIND,3.8,6.3,-39.0,D,81.9,218.7,-63.0,LD,2026-08-09 21:00:44.876923
2026-08-05,2026-06-01,2026-08-05,district,HAR. CHD & DELHI,HARYANA,KAITHAL,2.3,5.1,-54.0,D,94.5,206.4,-54.0,D,2026-08-09 21:00:44.876923
2026-08-05,2026-06-01,2026-08-05,district,HAR. CHD & DELHI,HARYANA,KARNAL,6.4,6.2,3.0,N,205.6,294.5,-30.0,D,2026-08-09 21:00:44.876923
2026-08-05,2026-06-01,2026-08-05,district,HAR. CHD & DELHI,HARYANA,KURUKSHETRA,14.7,5.2,183.0,LE,243.0,228.5,6.0,N,2026-08-09 21:00:44.876923
2026-08-05,2026-06-01,2026-08-05,district,HAR. CHD & DELHI,HARYANA,MAHENDRAGARH,16.4,4.4,272.0,LE,214.0,226.2,-5.0,N,2026-08-09 21:00:44.876923
2026-08-05,2026-06-01,2026-08-05,district,HAR. CHD & DELHI,HARYANA,NUH,9.8,6.4,53.0,E,174.0,235.9,-26.0,D,2026-08-09 21:00:44.876923
2026-08-05,2026-06-01,2026-08-05,district,HAR. CHD & DELHI,HARYANA,PALWAL,4.3,7.6,-43.0,D,216.9,199.7,9.0,N,2026-08-09 21:00:44.876923
2026-08-05,2026-06-01,2026-08-05,district,HAR. CHD & DELHI,HARYANA,PANCHKULA,7.6,8.1,-6.0,N,206.8,466.5,-56.0,D,2026-08-09 21:00:44.876923
2026-08-05,2026-06-01,2026-08-05,district,HAR. CHD & DELHI,HARYANA,PANIPAT,29.6,6.7,342.0,LE,164.6,236.7,-30.0,D,2026-08-09 21:00:44.876923
2026-08-05,2026-06-01,2026-08-05,district,HAR. CHD & DELHI,HARYANA,REWARI,59.9,6.2,866.0,LE,255.5,235.1,9.0,N,2026-08-09 21:00:44.876923
2026-08-05,2026-06-01,2026-08-05,district,HAR. CHD & DELHI,HARYANA,ROHTAK,8.4,3.5,140.0,LE,84.7,245.8,-66.0,LD,2026-08-09 21:00:44.876923
2026-08-05,2026-06-01,2026-08-05,district,HAR. CHD & DELHI,HARYANA,SIRSA,0.0,1.6,-100.0,NR,55.2,132.9,-58.0,D,2026-08-09 21:00:44.876923
2026-08-05,2026-06-01,2026-08-05,district,HAR. CHD & DELHI,HARYANA,SONEPAT,16.4,5.8,183.0,LE,141.8,251.4,-44.0,D,2026-08-09 21:00:44.876923
2026-08-05,2026-06-01,2026-08-05,district,HAR. CHD & DELHI,HARYANA,YAMUNA NAGAR,16.0,8.3,93.0,LE,433.7,501.3,-13.0,N,2026-08-09 21:00:44.876923
2026-08-05,2026-06-01,2026-08-05,district,HIMACHAL PRADESH,HIMACHAL PRADESH,BILASPUR,30.6,8.1,277.0,LE,454.9,427.0,7.0,N,2026-08-09 21:00:44.876923
2026-08-05,2026-06-01,2026-08-05,district,HIMACHAL PRADESH,HIMACHAL PRADESH,CHAMBA,6.4,10.1,-37.0,D,522.0,489.0,7.0,N,2026-08-09 21:00:44.876923
2026-08-05,2026-06-01,2026-08-05,district,HIMACHAL PRADESH,HIMACHAL PRADESH,HAMIRPUR,22.3,11.6,92.0,LE,286.6,499.2,-43.0,D,2026-08-09 21:00:44.876923
2026-08-05,2026-06-01,2026-08-05,district,HIMACHAL PRADESH,HIMACHAL PRADESH,KANGRA,60.3,23.8,154.0,LE,752.6,896.5,-16.0,N,2026-08-09 21:00:44.876923
2026-08-05,2026-06-01,2026-08-05,district,HIMACHAL PRADESH,HIMACHAL PRADESH,KINNAUR,0.0,1.8,-100.0,NR,166.4,120.2,38.0,E,2026-08-09 21:00:44.876923
2026-08-05,2026-06-01,2026-08-05,district,HIMACHAL PRADESH,HIMACHAL PRADESH,KULLU,1.6,5.9,-73.0,LD,312.7,304.7,3.0,N,2026-08-09 21:00:44.876923
2026-08-05,2026-06-01,2026-08-05,district,HIMACHAL PRADESH,HIMACHAL PRADESH,LAHAUL & SPITI,0.0,4.6,-100.0,NR,85.7,199.4,-57.0,D,2026-08-09 21:00:44.876923
2026-08-05,2026-06-01,2026-08-05,district,HIMACHAL PRADESH,HIMACHAL PRADESH,MANDI,9.5,12.5,-24.0,D,524.1,632.7,-17.0,N,2026-08-09 21:00:44.876923
2026-08-05,2026-06-01,2026-08-05,district,HIMACHAL PRADESH,HIMACHAL PRADESH,SHIMLA,8.2,6.5,26.0,E,478.4,360.4,33.0,E,2026-08-09 21:00:44.876923
2026-08-05,2026-06-01,2026-08-05,district,HIMACHAL PRADESH,HIMACHAL PRADESH,SIRMAUR,64.6,9.1,610.0,LE,789.7,675.8,17.0,N,2026-08-09 21:00:44.876923
2026-08-05,2026-06-01,2026-08-05,district,HIMACHAL PRADESH,HIMACHAL PRADESH,SOLAN,13.1,9.7,35.0,E,554.0,497.9,11.0,N,2026-08-09 21:00:44.876923
2026-08-05,2026-06-01,2026-08-05,district,HIMACHAL PRADESH,HIMACHAL PRADESH,UNA,56.1,13.7,310.0,LE,472.8,492.0,-4.0,N,2026-08-09 21:00:44.876923
2026-08-05,2026-06-01,2026-08-05,district,J & K AND LADAKH,JAMMU & KASHMIR(UT),ANANTNAG,2.5,4.9,-48.0,D,235.4,180.6,30.0,E,2026-08-09 21:00:44.876923
2026-08-05,2026-06-01,2026-08-05,district,J & K AND LADAKH,JAMMU & KASHMIR(UT),BADGAM,0.0,2.3,-100.0,NR,116.0,117.3,-1.0,N,2026-08-09 21:00:44.876923
2026-08-05,2026-06-01,2026-08-05,district,J & K AND LADAKH,JAMMU & KASHMIR(UT),BANDIPORA,0.0,1.0,-100.0,NR,168.2,127.5,32.0,E,2026-08-09 21:00:44.876923
2026-08-05,2026-06-01,2026-08-05,district,J & K AND LADAKH,JAMMU & KASHMIR(UT),BARAMULA,0.1,1.6,-93.0,LD,234.0,124.6,88.0,LE,2026-08-09 21:00:44.876923
2026-08-05,2026-06-01,2026-08-05,district,J & K AND LADAKH,JAMMU & KASHMIR(UT),DODA,3.6,4.4,-19.0,N,241.9,245.1,-1.0,N,2026-08-09 21:00:44.876923
2026-08-05,2026-06-01,2026-08-05,district,J & K AND LADAKH,JAMMU & KASHMIR(UT),GANDERBAL,5.1,1.6,218.0,LE,259.9,150.7,72.0,LE,2026-08-09 21:00:44.876923
2026-08-05,2026-06-01,2026-08-05,district,J & K AND LADAKH,JAMMU & KASHMIR(UT),JAMMU,4.6,19.1,-76.0,LD,499.9,539.9,-7.0,N,2026-08-09 21:00:44.876923
2026-08-05,2026-06-01,2026-08-05,district,J & K AND LADAKH,JAMMU & KASHMIR(UT),KATHUA,76.1,16.0,375.0,LE,576.9,722.0,-20.0,D,2026-08-09 21:00:44.876923
2026-08-05,2026-06-01,2026-08-05,district,J & K AND LADAKH,JAMMU & KASHMIR(UT),KISTWAR,0.0,4.4,-100.0,NR,152.0,245.1,-38.0,D,2026-08-09 21:00:44.876923
2026-08-05,2026-06-01,2026-08-05,district,J & K AND LADAKH,JAMMU & KASHMIR(UT),KULGAM,3.5,4.3,-19.0,N,183.9,184.2,0.0,N,2026-08-09 21:00:44.876923
2026-08-05,2026-06-01,2026-08-05,district,J & K AND LADAKH,JAMMU & KASHMIR(UT),KUPWARA,0.0,4.3,-100.0,NR,184.8,152.8,21.0,E,2026-08-09 21:00:44.876923
2026-08-05,2026-06-01,2026-08-05,district,J & K AND LADAKH,JAMMU & KASHMIR(UT),POONCH,0.0,8.6,-100.0,NR,599.5,403.5,49.0,E,2026-08-09 21:00:44.876923
2026-08-05,2026-06-01,2026-08-05,district,J & K AND LADAKH,JAMMU & KASHMIR(UT),PULWAMA,0.5,1.8,-72.0,LD,167.0,103.4,61.0,LE,2026-08-09 21:00:44.876923
2026-08-05,2026-06-01,2026-08-05,district,J & K AND LADAKH,JAMMU & KASHMIR(UT),RAJOURI,3.8,8.6,-56.0,D,512.6,367.7,39.0,E,2026-08-09 21:00:44.876923
2026-08-05,2026-06-01,2026-08-05,district,J & K AND LADAKH,JAMMU & KASHMIR(UT),RAMBAN,0.1,5.8,-99.0,LD,371.7,228.9,62.0,LE,2026-08-09 21:00:44.876923
2026-08-05,2026-06-01,2026-08-05,district,J & K AND LADAKH,JAMMU & KASHMIR(UT),REASI,33.2,26.2,27.0,E,816.5,840.1,-3.0,N,2026-08-09 21:00:44.876923
2026-08-05,2026-06-01,2026-08-05,district,J & K AND LADAKH,JAMMU & KASHMIR(UT),SAMBA,47.5,12.1,293.0,LE,642.0,394.3,63.0,LE,2026-08-09 21:00:44.876923
2026-08-05,2026-06-01,2026-08-05,district,J & K AND LADAKH,JAMMU & KASHMIR(UT),SHOPIAN,0.0,2.6,-100.0,NR,76.7,166.9,-54.0,D,2026-08-09 21:00:44.876923
2026-08-05,2026-06-01,2026-08-05,district,J & K AND LADAKH,JAMMU & KASHMIR(UT),SRINAGAR,0.0,2.6,-100.0,NR,208.4,136.0,53.0,E,2026-08-09 21:00:44.876923
2026-08-05,2026-06-01,2026-08-05,district,J & K AND LADAKH,JAMMU & KASHMIR(UT),UDHAMPUR,66.6,9.6,594.0,LE,1060.6,554.9,91.0,LE,2026-08-09 21:00:44.876923
2026-08-05,2026-06-01,2026-08-05,district,J & K AND LADAKH,LADAKH (UT),KARGIL,0.0,0.0,-100.0,NR,17.2,5.9,167.0,LE,2026-08-09 21:00:44.876923
2026-08-05,2026-06-01,2026-08-05,district,J & K AND LADAKH,LADAKH (UT),LADAKH (LEH),0.0,0.2,-100.0,NR,44.6,15.7,181.0,LE,2026-08-09 21:00:44.876923
2026-08-05,2026-06-01,2026-08-05,district,JHARKHAND,JHARKHAND,BOKARO,10.0,8.7,15.0,N,320.8,494.4,-35.0,D,2026-08-09 21:00:44.876923
2026-08-05,2026-06-01,2026-08-05,district,JHARKHAND,JHARKHAND,CHATRA,10.3,10.3,0.0,N,276.6,506.4,-45.0,D,2026-08-09 21:00:44.876923
2026-08-05,2026-06-01,2026-08-05,district,JHARKHAND,JHARKHAND,DEOGHAR,25.1,7.1,253.0,LE,245.2,532.5,-54.0,D,2026-08-09 21:00:44.876923
2026-08-05,2026-06-01,2026-08-05,district,JHARKHAND,JHARKHAND,DHANBAD,35.2,9.8,259.0,LE,450.0,581.2,-23.0,D,2026-08-09 21:00:44.876923
2026-08-05,2026-06-01,2026-08-05,district,JHARKHAND,JHARKHAND,DUMKA,12.2,8.7,40.0,E,498.5,568.8,-12.0,N,2026-08-09 21:00:44.876923
2026-08-05,2026-06-01,2026-08-05,district,JHARKHAND,JHARKHAND,EAST SINGHBHUM,0.3,11.7,-97.0,LD,449.7,600.6,-25.0,D,2026-08-09 21:00:44.876923
2026-08-05,2026-06-01,2026-08-05,district,JHARKHAND,JHARKHAND,GARHWA,15.2,11.9,28.0,E,236.7,491.9,-52.0,D,2026-08-09 21:00:44.876923
2026-08-05,2026-06-01,2026-08-05,district,JHARKHAND,JHARKHAND,GIRIDIH,13.1,9.2,43.0,E,274.5,540.0,-49.0,D,2026-08-09 21:00:44.876923
2026-08-05,2026-06-01,2026-08-05,district,JHARKHAND,JHARKHAND,GODDA,74.9,6.0,1148.0,LE,365.8,494.2,-26.0,D,2026-08-09 21:00:44.876923
2026-08-05,2026-06-01,2026-08-05,district,JHARKHAND,JHARKHAND,GUMLA,6.1,7.9,-22.0,D,364.9,592.4,-38.0,D,2026-08-09 21:00:44.876923
2026-08-05,2026-06-01,2026-08-05,district,JHARKHAND,JHARKHAND,HAZARIBAG,8.4,9.4,-11.0,N,367.0,576.3,-36.0,D,2026-08-09 21:00:44.876923
2026-08-05,2026-06-01,2026-08-05,district,JHARKHAND,JHARKHAND,JAMTARA,15.9,8.1,97.0,LE,419.0,597.1,-30.0,D,2026-08-09 21:00:44.876923
2026-08-05,2026-06-01,2026-08-05,district,JHARKHAND,JHARKHAND,KHUNTI,4.3,10.8,-61.0,LD,450.3,609.3,-26.0,D,2026-08-09 21:00:44.876923
2026-08-05,2026-06-01,2026-08-05,district,JHARKHAND,JHARKHAND,KODERMA,4.0,6.6,-39.0,D,228.7,471.8,-52.0,D,2026-08-09 21:00:44.876923
2026-08-05,2026-06-01,2026-08-05,district,JHARKHAND,JHARKHAND,LATEHAR,17.5,11.7,50.0,E,379.2,567.3,-33.0,D,2026-08-09 21:00:44.876923
2026-08-05,2026-06-01,2026-08-05,district,JHARKHAND,JHARKHAND,LOHARDAGA,23.8,9.8,143.0,LE,363.0,568.6,-36.0,D,2026-08-09 21:00:44.876923
2026-08-05,2026-06-01,2026-08-05,district,JHARKHAND,JHARKHAND,PAKUR,21.5,8.3,159.0,LE,254.7,637.9,-60.0,LD,2026-08-09 21:00:44.876923
2026-08-05,2026-06-01,2026-08-05,district,JHARKHAND,JHARKHAND,PALAMU,13.6,10.3,32.0,E,233.5,436.0,-46.0,D,2026-08-09 21:00:44.876923
2026-08-05,2026-06-01,2026-08-05,district,JHARKHAND,JHARKHAND,RAMGARH,7.3,11.7,-38.0,D,385.7,564.0,-32.0,D,2026-08-09 21:00:44.876923
2026-08-05,2026-06-01,2026-08-05,district,JHARKHAND,JHARKHAND,RANCHI,22.7,11.9,91.0,LE,436.8,579.3,-25.0,D,2026-08-09 21:00:44.876923
2026-08-05,2026-06-01,2026-08-05,district,JHARKHAND,JHARKHAND,SERAIKELA-KHARSAWAN,30.2,12.4,144.0,LE,513.9,557.5,-8.0,N,2026-08-09 21:00:44.876923
2026-08-05,2026-06-01,2026-08-05,district,JHARKHAND,JHARKHAND,SIMDEGA,18.3,11.9,54.0,E,640.6,727.3,-12.0,N,2026-08-09 21:00:44.876923
2026-08-05,2026-06-01,2026-08-05,district,JHARKHAND,JHARKHAND,WEST SINGHBHUM,14.8,14.9,0.0,N,535.5,550.9,-3.0,N,2026-08-09 21:00:44.876923
2026-08-05,2026-06-01,2026-08-05,district,KERALA & MAHE,KERALA,ALAPUZHA,18.0,14.1,28.0,E,826.1,1091.6,-24.0,D,2026-08-09 21:00:44.876923
2026-08-05,2026-06-01,2026-08-05,district,KERALA & MAHE,KERALA,ERNAKULAM,26.8,16.4,64.0,LE,1118.9,1446.3,-23.0,D,2026-08-09 21:00:44.876923
2026-08-05,2026-06-01,2026-08-05,district,KERALA & MAHE,KERALA,IDUKKI,23.1,27.0,-15.0,N,936.3,1697.8,-45.0,D,2026-08-09 21:00:44.876923
2026-08-05,2026-06-01,2026-08-05,district,KERALA & MAHE,KERALA,KANNUR,29.8,23.2,29.0,E,1685.7,1909.0,-12.0,N,2026-08-09 21:00:44.876923
2026-08-05,2026-06-01,2026-08-05,district,KERALA & MAHE,KERALA,KASARGOD,51.0,24.8,106.0,LE,1761.8,2086.7,-16.0,N,2026-08-09 21:00:44.876923
2026-08-05,2026-06-01,2026-08-05,district,KERALA & MAHE,KERALA,KOLLAM,4.3,9.9,-57.0,D,593.8,814.6,-27.0,D,2026-08-09 21:00:44.876923
2026-08-05,2026-06-01,2026-08-05,district,KERALA & MAHE,KERALA,KOTTAYAM,39.4,15.9,148.0,LE,1171.1,1277.9,-8.0,N,2026-08-09 21:00:44.876923
2026-08-05,2026-06-01,2026-08-05,district,KERALA & MAHE,KERALA,KOZHIKODE,24.8,19.9,25.0,E,1679.7,1854.7,-9.0,N,2026-08-09 21:00:44.876923
2026-08-05,2026-06-01,2026-08-05,district,KERALA & MAHE,KERALA,MALAPPURAM,13.7,18.3,-25.0,D,1159.1,1370.3,-15.0,N,2026-08-09 21:00:44.876923
2026-08-05,2026-06-01,2026-08-05,district,KERALA & MAHE,KERALA,PALAKKAD,4.5,13.1,-66.0,LD,828.0,1065.3,-22.0,D,2026-08-09 21:00:44.876923
2026-08-05,2026-06-01,2026-08-05,district,KERALA & MAHE,KERALA,PATHANAMTHITTA,27.1,10.5,158.0,LE,1051.2,1038.2,1.0,N,2026-08-09 21:00:44.876923
2026-08-05,2026-06-01,2026-08-05,district,KERALA & MAHE,KERALA,THIRUVANANTHAPURAM,10.9,4.9,122.0,LE,553.2,537.5,3.0,N,2026-08-09 21:00:44.876923
2026-08-05,2026-06-01,2026-08-05,district,KERALA & MAHE,KERALA,THRISSUR,17.6,15.9,11.0,N,1100.6,1476.4,-25.0,D,2026-08-09 21:00:44.876923
2026-08-05,2026-06-01,2026-08-05,district,KERALA & MAHE,KERALA,WYNAD,10.1,25.9,-61.0,LD,867.5,1738.4,-50.0,D,2026-08-09 21:00:44.876923
2026-08-05,2026-06-01,2026-08-05,district,KERALA & MAHE,PUDUCHERRY (UT),MAHE,19.0,20.5,-7.0,N,1415.6,1759.5,-20.0,D,2026-08-09 21:00:44.876923
2026-08-05,2026-06-01,2026-08-05,district,KONKAN & GOA,GOA,NORTH GOA,28.6,34.1,-16.0,N,1256.3,2167.9,-42.0,D,2026-08-09 21:00:44.876923
2026-08-05,2026-06-01,2026-08-05,district,KONKAN & GOA,GOA,SOUTH GOA,39.6,32.5,22.0,E,1463.8,2091.6,-30.0,D,2026-08-09 21:00:44.876923
2026-08-05,2026-06-01,2026-08-05,district,KONKAN & GOA,MAHARASHTRA,MUMBAI CITY,9.8,19.1,-49.0,D,1642.8,1379.2,19.0,N,2026-08-09 21:00:44.876923
2026-08-05,2026-06-01,2026-08-05,district,KONKAN & GOA,MAHARASHTRA,MUMBAI SUBURBAN,13.5,24.3,-44.0,D,1974.1,1511.9,31.0,E,2026-08-09 21:00:44.876923
2026-08-05,2026-06-01,2026-08-05,district,KONKAN & GOA,MAHARASHTRA,PALGHAR,8.5,30.4,-72.0,LD,2230.7,1453.2,54.0,E,2026-08-09 21:00:44.876923
2026-08-05,2026-06-01,2026-08-05,district,KONKAN & GOA,MAHARASHTRA,RAIGAD,40.7,36.9,10.0,N,2361.0,2025.6,17.0,N,2026-08-09 21:00:44.876923
2026-08-05,2026-06-01,2026-08-05,district,KONKAN & GOA,MAHARASHTRA,RATNAGIRI,45.8,33.4,37.0,E,1981.5,2164.1,-8.0,N,2026-08-09 21:00:44.876923
2026-08-05,2026-06-01,2026-08-05,district,KONKAN & GOA,MAHARASHTRA,SINDHUDURG,15.6,26.5,-41.0,D,1307.3,2076.3,-37.0,D,2026-08-09 21:00:44.876923
2026-08-05,2026-06-01,2026-08-05,district,KONKAN & GOA,MAHARASHTRA,THANE,15.3,26.6,-43.0,D,1737.6,1556.9,12.0,N,2026-08-09 21:00:44.876923
2026-08-05,2026-06-01,2026-08-05,district,LAKSHADWEEP,LAKSHADWEEP,LAKSHADWEEP,0.3,7.0,-96.0,LD,446.6,661.9,-33.0,D,2026-08-09 21:00:44.876923
2026-08-05,2026-06-01,2026-08-05,district,MADHYA MAHARASHTRA,MAHARASHTRA,AHMEDNAGAR,0.6,3.0,-79.0,LD,208.8,223.2,-6.0,N,2026-08-09 21:00:44.876923
2026-08-05,2026-06-01,2026-08-05,district,MADHYA MAHARASHTRA,MAHARASHTRA,DHULE,1.4,5.5,-74.0,LD,385.1,313.9,23.0,E,2026-08-09 21:00:44.876923
2026-08-05,2026-06-01,2026-08-05,district,MADHYA MAHARASHTRA,MAHARASHTRA,JALGAON,0.7,8.5,-92.0,LD,507.4,337.1,51.0,E,2026-08-09 21:00:44.876923
2026-08-05,2026-06-01,2026-08-05,district,MADHYA MAHARASHTRA,MAHARASHTRA,KOLHAPUR,19.7,22.2,-11.0,N,1142.0,1132.0,1.0,N,2026-08-09 21:00:44.876923
2026-08-05,2026-06-01,2026-08-05,district,MADHYA MAHARASHTRA,MAHARASHTRA,NANDURBAR,1.8,10.7,-83.0,LD,359.5,485.7,-26.0,D,2026-08-09 21:00:44.876923
2026-08-05,2026-06-01,2026-08-05,district,MADHYA MAHARASHTRA,MAHARASHTRA,NASHIK,7.5,10.6,-29.0,D,1035.0,514.7,101.0,LE,2026-08-09 21:00:44.876923
2026-08-05,2026-06-01,2026-08-05,district,MADHYA MAHARASHTRA,MAHARASHTRA,PUNE,8.3,11.3,-27.0,D,928.9,552.0,68.0,LE,2026-08-09 21:00:44.876923
2026-08-05,2026-06-01,2026-08-05,district,MADHYA MAHARASHTRA,MAHARASHTRA,SANGLI,3.9,4.3,-10.0,N,273.0,269.3,1.0,N,2026-08-09 21:00:44.876923
2026-08-05,2026-06-01,2026-08-05,district,MADHYA MAHARASHTRA,MAHARASHTRA,SATARA,9.3,9.6,-3.0,N,803.2,522.3,54.0,E,2026-08-09 21:00:44.876923
2026-08-05,2026-06-01,2026-08-05,district,MADHYA MAHARASHTRA,MAHARASHTRA,SHOLAPUR,0.8,3.5,-77.0,LD,142.2,204.8,-31.0,D,2026-08-09 21:00:44.876923
2026-08-05,2026-06-01,2026-08-05,district,MARATHWADA,MAHARASHTRA,BEED,1.2,3.9,-70.0,LD,194.5,270.6,-28.0,D,2026-08-09 21:00:44.876923
2026-08-05,2026-06-01,2026-08-05,district,MARATHWADA,MAHARASHTRA,CHHATRAPATI SAMBHAJINAGAR,1.2,5.4,-79.0,LD,399.0,288.0,39.0,E,2026-08-09 21:00:44.876923
2026-08-05,2026-06-01,2026-08-05,district,MARATHWADA,MAHARASHTRA,DHARASHIV,0.3,5.1,-95.0,LD,253.0,274.7,-8.0,N,2026-08-09 21:00:44.876923
2026-08-05,2026-06-01,2026-08-05,district,MARATHWADA,MAHARASHTRA,HINGOLI,1.0,11.7,-91.0,LD,288.9,433.9,-33.0,D,2026-08-09 21:00:44.876923
2026-08-05,2026-06-01,2026-08-05,district,MARATHWADA,MAHARASHTRA,JALNA,0.7,6.5,-89.0,LD,254.7,315.0,-19.0,N,2026-08-09 21:00:44.876923
2026-08-05,2026-06-01,2026-08-05,district,MARATHWADA,MAHARASHTRA,LATUR,9.0,7.7,17.0,N,295.7,337.8,-12.0,N,2026-08-09 21:00:44.876923
2026-08-05,2026-06-01,2026-08-05,district,MARATHWADA,MAHARASHTRA,NANDED,5.1,11.0,-54.0,D,373.7,427.6,-13.0,N,2026-08-09 21:00:44.876923
2026-08-05,2026-06-01,2026-08-05,district,MARATHWADA,MAHARASHTRA,PARBHANI,2.3,7.5,-69.0,LD,313.9,365.1,-14.0,N,2026-08-09 21:00:44.876923
2026-08-05,2026-06-01,2026-08-05,district,N. I. KARNATAKA,KARNATAKA,BAGALKOTE,0.0,2.4,-100.0,NR,169.6,160.0,6.0,N,2026-08-09 21:00:44.876923
2026-08-05,2026-06-01,2026-08-05,district,N. I. KARNATAKA,KARNATAKA,BELAGAVI,8.3,6.3,31.0,E,456.4,351.4,30.0,E,2026-08-09 21:00:44.876923
2026-08-05,2026-06-01,2026-08-05,district,N. I. KARNATAKA,KARNATAKA,BIDAR,4.4,6.5,-33.0,D,324.1,317.5,2.0,N,2026-08-09 21:00:44.876923
2026-08-05,2026-06-01,2026-08-05,district,N. I. KARNATAKA,KARNATAKA,DHARWAD,1.6,5.3,-70.0,LD,187.1,306.0,-39.0,D,2026-08-09 21:00:44.876923
2026-08-05,2026-06-01,2026-08-05,district,N. I. KARNATAKA,KARNATAKA,GADAG,3.9,2.7,44.0,E,144.3,164.8,-12.0,N,2026-08-09 21:00:44.876923
2026-08-05,2026-06-01,2026-08-05,district,N. I. KARNATAKA,KARNATAKA,HAVERI,3.3,4.7,-30.0,D,203.6,296.9,-31.0,D,2026-08-09 21:00:44.876923
2026-08-05,2026-06-01,2026-08-05,district,N. I. KARNATAKA,KARNATAKA,KALABURAGI,1.5,4.9,-70.0,LD,170.4,274.8,-38.0,D,2026-08-09 21:00:44.876923
2026-08-05,2026-06-01,2026-08-05,district,N. I. KARNATAKA,KARNATAKA,KOPPAL,5.5,2.2,150.0,LE,107.9,158.3,-32.0,D,2026-08-09 21:00:44.876923
2026-08-05,2026-06-01,2026-08-05,district,N. I. KARNATAKA,KARNATAKA,RAICHUR,3.3,2.4,36.0,E,176.9,183.1,-3.0,N,2026-08-09 21:00:44.876923
2026-08-05,2026-06-01,2026-08-05,district,N. I. KARNATAKA,KARNATAKA,VIJAYAPURA,3.3,2.4,38.0,E,145.5,172.2,-16.0,N,2026-08-09 21:00:44.876923
2026-08-05,2026-06-01,2026-08-05,district,N. I. KARNATAKA,KARNATAKA,YADGIR,8.0,3.4,135.0,LE,227.5,240.3,-5.0,N,2026-08-09 21:00:44.876923
2026-08-05,2026-06-01,2026-08-05,district,NMMT,MANIPUR,BISHNUPUR,4.3,5.9,-27.0,D,306.4,678.3,-55.0,D,2026-08-09 21:00:44.876923
2026-08-05,2026-06-01,2026-08-05,district,NMMT,MANIPUR,CHANDEL,4.7,5.9,-21.0,D,367.5,678.3,-46.0,D,2026-08-09 21:00:44.876923
2026-08-05,2026-06-01,2026-08-05,district,NMMT,MANIPUR,CHURACHANDPUR,2.0,5.9,-66.0,LD,160.5,678.3,-76.0,LD,2026-08-09 21:00:44.876923
2026-08-05,2026-06-01,2026-08-05,district,NMMT,MANIPUR,IMPHAL EAST,5.8,6.8,-14.0,N,358.4,447.8,-20.0,D,2026-08-09 21:00:44.876923
2026-08-05,2026-06-01,2026-08-05,district,NMMT,MANIPUR,IMPHAL WEST,8.1,14.9,-46.0,D,503.1,1005.1,-50.0,D,2026-08-09 21:00:44.876923
2026-08-05,2026-06-01,2026-08-05,district,NMMT,MANIPUR,SENAPATI,13.2,3.0,340.0,LE,452.5,462.2,-2.0,N,2026-08-09 21:00:44.876923
2026-08-05,2026-06-01,2026-08-05,district,NMMT,MANIPUR,TAMENGLONG,60.3,24.6,145.0,LE,1306.9,2706.4,-52.0,D,2026-08-09 21:00:44.876923
2026-08-05,2026-06-01,2026-08-05,district,NMMT,MANIPUR,THOUBAL,5.4,6.8,-21.0,D,196.9,447.8,-56.0,D,2026-08-09 21:00:44.876923
2026-08-05,2026-06-01,2026-08-05,district,NMMT,MANIPUR,UKHRUL,91.6,10.6,764.0,LE,640.1,680.0,-6.0,N,2026-08-09 21:00:44.876923
2026-08-05,2026-06-01,2026-08-05,district,NMMT,MIZORAM,AIZAWL,12.2,16.2,-25.0,D,705.1,882.8,-20.0,D,2026-08-09 21:00:44.876923
2026-08-05,2026-06-01,2026-08-05,district,NMMT,MIZORAM,CHAMPHAI,12.2,10.3,18.0,N,619.3,732.4,-15.0,N,2026-08-09 21:00:44.876923
2026-08-05,2026-06-01,2026-08-05,district,NMMT,MIZORAM,KOLASIB,21.2,17.0,25.0,E,743.6,951.0,-22.0,D,2026-08-09 21:00:44.876923
2026-08-05,2026-06-01,2026-08-05,district,NMMT,MIZORAM,LAWNGTLAI,15.5,13.2,17.0,N,817.9,1009.8,-19.0,N,2026-08-09 21:00:44.876923
2026-08-05,2026-06-01,2026-08-05,district,NMMT,MIZORAM,LUNGLEI,6.5,14.2,-54.0,D,744.6,998.6,-25.0,D,2026-08-09 21:00:44.876923
2026-08-05,2026-06-01,2026-08-05,district,NMMT,MIZORAM,MAMIT,8.2,21.3,-62.0,LD,444.6,872.9,-49.0,D,2026-08-09 21:00:44.876923
2026-08-05,2026-06-01,2026-08-05,district,NMMT,MIZORAM,SAIHA,17.5,11.7,50.0,E,674.2,1020.7,-34.0,D,2026-08-09 21:00:44.876923
2026-08-05,2026-06-01,2026-08-05,district,NMMT,MIZORAM,SERCHHIP,12.4,8.9,39.0,E,848.1,888.1,-5.0,N,2026-08-09 21:00:44.876923
2026-08-05,2026-06-01,2026-08-05,district,NMMT,NAGALAND,DIMAPUR,70.3,6.2,1033.0,LE,366.6,471.4,-22.0,D,2026-08-09 21:00:44.876923
2026-08-05,2026-06-01,2026-08-05,district,NMMT,NAGALAND,KIPHIRE,18.6,3.2,482.0,LE,514.3,348.5,48.0,E,2026-08-09 21:00:44.876923
2026-08-05,2026-06-01,2026-08-05,district,NMMT,NAGALAND,KOHIMA,57.0,7.7,640.0,LE,698.9,673.4,4.0,N,2026-08-09 21:00:44.876923
2026-08-05,2026-06-01,2026-08-05,district,NMMT,NAGALAND,MOKOKCHUNG,31.8,17.6,81.0,LE,998.7,833.8,20.0,E,2026-08-09 21:00:44.876923
2026-08-05,2026-06-01,2026-08-05,district,NMMT,NAGALAND,MON,9.2,7.9,16.0,N,435.8,670.3,-35.0,D,2026-08-09 21:00:44.876923
2026-08-05,2026-06-01,2026-08-05,district,NMMT,NAGALAND,PEREN,54.5,6.7,714.0,LE,493.8,513.2,-4.0,N,2026-08-09 21:00:44.876923
2026-08-05,2026-06-01,2026-08-05,district,NMMT,NAGALAND,PHEK,27.1,5.9,358.0,LE,453.0,488.4,-7.0,N,2026-08-09 21:00:44.876923
2026-08-05,2026-06-01,2026-08-05,district,NMMT,NAGALAND,WOKHA,45.0,9.2,389.0,LE,691.2,713.6,-3.0,N,2026-08-09 21:00:44.876923
2026-08-05,2026-06-01,2026-08-05,district,NMMT,NAGALAND,ZUNHEBOTO,10.1,13.9,-27.0,D,1051.9,642.2,64.0,LE,2026-08-09 21:00:44.876923
2026-08-05,2026-06-01,2026-08-05,district,NMMT,TRIPURA,DHALAI,2.1,7.1,-70.0,LD,740.0,805.1,-8.0,N,2026-08-09 21:00:44.876923
2026-08-05,2026-06-01,2026-08-05,district,NMMT,TRIPURA,GOMATI,0.0,11.5,-100.0,NR,622.4,895.8,-31.0,D,2026-08-09 21:00:44.876923
2026-08-05,2026-06-01,2026-08-05,district,NMMT,TRIPURA,KHOWAI,0.0,8.3,-100.0,NR,773.0,804.8,-4.0,N,2026-08-09 21:00:44.876923
2026-08-05,2026-06-01,2026-08-05,district,NMMT,TRIPURA,NORTH TRIPURA,1.2,12.2,-90.0,LD,678.4,808.7,-16.0,N,2026-08-09 21:00:44.876923
2026-08-05,2026-06-01,2026-08-05,district,NMMT,TRIPURA,SIPAHIJALA,1.4,9.9,-86.0,LD,671.2,832.6,-19.0,N,2026-08-09 21:00:44.876923
2026-08-05,2026-06-01,2026-08-05,district,NMMT,TRIPURA,SOUTH TRIPURA,3.7,12.6,-71.0,LD,723.5,1090.1,-34.0,D,2026-08-09 21:00:44.876923
2026-08-05,2026-06-01,2026-08-05,district,NMMT,TRIPURA,UNAKOTI,1.4,14.0,-90.0,LD,856.4,862.6,-1.0,N,2026-08-09 21:00:44.876923
2026-08-05,2026-06-01,2026-08-05,district,NMMT,TRIPURA,WEST TRIPURA,2.0,13.3,-85.0,LD,760.6,756.2,1.0,N,2026-08-09 21:00:44.876923
2026-08-05,2026-06-01,2026-08-05,district,ODISHA,ODISHA,ANGUL,17.4,17.4,0.0,N,872.2,608.4,43.0,E,2026-08-09 21:00:44.876923
2026-08-05,2026-06-01,2026-08-05,district,ODISHA,ODISHA,BALANGIR,7.7,9.8,-22.0,D,933.6,589.2,58.0,E,2026-08-09 21:00:44.876923
2026-08-05,2026-06-01,2026-08-05,district,ODISHA,ODISHA,BALASORE,20.0,11.6,72.0,LE,904.4,620.6,46.0,E,2026-08-09 21:00:44.876923
2026-08-05,2026-06-01,2026-08-05,district,ODISHA,ODISHA,BARGARH,11.6,15.3,-24.0,D,1235.9,664.1,86.0,LE,2026-08-09 21:00:44.876923
2026-08-05,2026-06-01,2026-08-05,district,ODISHA,ODISHA,BHADRAK,17.6,16.4,8.0,N,789.9,560.2,41.0,E,2026-08-09 21:00:44.876923
2026-08-05,2026-06-01,2026-08-05,district,ODISHA,ODISHA,BOUDH,10.8,11.0,-2.0,N,1297.3,551.5,135.0,LE,2026-08-09 21:00:44.876923
2026-08-05,2026-06-01,2026-08-05,district,ODISHA,ODISHA,CUTTACK,3.0,18.6,-84.0,LD,863.7,594.8,45.0,E,2026-08-09 21:00:44.876923
2026-08-05,2026-06-01,2026-08-05,district,ODISHA,ODISHA,DEOGARH,8.8,19.3,-54.0,D,760.2,628.2,21.0,E,2026-08-09 21:00:44.876923
2026-08-05,2026-06-01,2026-08-05,district,ODISHA,ODISHA,DHENKANAL,3.1,15.8,-81.0,LD,963.6,594.3,62.0,LE,2026-08-09 21:00:44.876923
2026-08-05,2026-06-01,2026-08-05,district,ODISHA,ODISHA,GAJAPATI,1.2,8.9,-87.0,LD,306.8,478.9,-36.0,D,2026-08-09 21:00:44.876923
2026-08-05,2026-06-01,2026-08-05,district,ODISHA,ODISHA,GANJAM,9.9,8.4,17.0,N,382.2,452.4,-16.0,N,2026-08-09 21:00:44.876923
2026-08-05,2026-06-01,2026-08-05,district,ODISHA,ODISHA,JAGATSINGHPUR,1.8,24.9,-93.0,LD,800.0,528.0,52.0,E,2026-08-09 21:00:44.876923
2026-08-05,2026-06-01,2026-08-05,district,ODISHA,ODISHA,JAJPUR,7.5,16.0,-53.0,D,792.2,643.0,23.0,E,2026-08-09 21:00:44.876923
2026-08-05,2026-06-01,2026-08-05,district,ODISHA,ODISHA,JHARSUGUDA,13.2,14.2,-7.0,N,756.4,638.9,18.0,N,2026-08-09 21:00:44.876923
2026-08-05,2026-06-01,2026-08-05,district,ODISHA,ODISHA,KALAHANDI,7.6,18.1,-58.0,D,621.1,760.5,-18.0,N,2026-08-09 21:00:44.876923
2026-08-05,2026-06-01,2026-08-05,district,ODISHA,ODISHA,KANDHAMAL,11.4,13.2,-14.0,N,851.8,588.9,45.0,E,2026-08-09 21:00:44.876923
2026-08-05,2026-06-01,2026-08-05,district,ODISHA,ODISHA,KENDRAPARA,0.0,20.1,-100.0,NR,916.2,562.8,63.0,LE,2026-08-09 21:00:44.876923
2026-08-05,2026-06-01,2026-08-05,district,ODISHA,ODISHA,KEONJHARGARH,6.8,16.0,-58.0,D,880.5,617.2,43.0,E,2026-08-09 21:00:44.876923
2026-08-05,2026-06-01,2026-08-05,district,ODISHA,ODISHA,KHURDA,6.2,14.5,-58.0,D,684.6,562.3,22.0,E,2026-08-09 21:00:44.876923
2026-08-05,2026-06-01,2026-08-05,district,ODISHA,ODISHA,KORAPUT,4.1,18.8,-78.0,LD,611.1,661.8,-8.0,N,2026-08-09 21:00:44.876923
2026-08-05,2026-06-01,2026-08-05,district,ODISHA,ODISHA,MALKANGIRI,4.7,16.7,-72.0,LD,509.5,679.7,-25.0,D,2026-08-09 21:00:44.876923
2026-08-05,2026-06-01,2026-08-05,district,ODISHA,ODISHA,MAYURBHANJ,0.7,12.4,-95.0,LD,735.7,651.7,13.0,N,2026-08-09 21:00:44.876923
2026-08-05,2026-06-01,2026-08-05,district,ODISHA,ODISHA,NAWAPARA,6.0,10.2,-41.0,D,785.8,555.0,42.0,E,2026-08-09 21:00:44.876923
2026-08-05,2026-06-01,2026-08-05,district,ODISHA,ODISHA,NAWARANGPUR,1.6,22.5,-93.0,LD,514.9,742.6,-31.0,D,2026-08-09 21:00:44.876923
2026-08-05,2026-06-01,2026-08-05,district,ODISHA,ODISHA,NAYAGARH,2.1,10.3,-80.0,LD,727.2,578.9,26.0,E,2026-08-09 21:00:44.876923
2026-08-05,2026-06-01,2026-08-05,district,ODISHA,ODISHA,PURI,0.6,15.3,-96.0,LD,756.0,506.4,49.0,E,2026-08-09 21:00:44.876923
2026-08-05,2026-06-01,2026-08-05,district,ODISHA,ODISHA,RAYAGADA,3.3,11.0,-70.0,LD,443.9,529.8,-16.0,N,2026-08-09 21:00:44.876923
2026-08-05,2026-06-01,2026-08-05,district,ODISHA,ODISHA,SAMBALPUR,13.2,18.4,-28.0,D,966.5,691.4,40.0,E,2026-08-09 21:00:44.876923
2026-08-05,2026-06-01,2026-08-05,district,ODISHA,ODISHA,SONEPUR,6.2,15.2,-59.0,D,1323.3,640.0,107.0,LE,2026-08-09 21:00:44.876923
2026-08-05,2026-06-01,2026-08-05,district,ODISHA,ODISHA,SUNDARGARH,14.5,15.3,-5.0,N,724.2,660.7,10.0,N,2026-08-09 21:00:44.876923
2026-08-05,2026-06-01,2026-08-05,district,PUNJAB,PUNJAB,AMRITSAR,3.5,5.0,-31.0,D,269.7,255.4,6.0,N,2026-08-09 21:00:44.876923
2026-08-05,2026-06-01,2026-08-05,district,PUNJAB,PUNJAB,BARNALA,0.9,4.7,-82.0,LD,82.8,209.9,-61.0,LD,2026-08-09 21:00:44.876923
2026-08-05,2026-06-01,2026-08-05,district,PUNJAB,PUNJAB,BHATINDA,0.0,7.0,-100.0,NR,74.4,174.1,-57.0,D,2026-08-09 21:00:44.876923
2026-08-05,2026-06-01,2026-08-05,district,PUNJAB,PUNJAB,FARIDKOT,0.0,3.8,-100.0,NR,198.8,172.8,15.0,N,2026-08-09 21:00:44.876923
2026-08-05,2026-06-01,2026-08-05,district,PUNJAB,PUNJAB,FATEHGARH SAHIB,3.5,2.2,59.0,E,87.3,273.5,-68.0,LD,2026-08-09 21:00:44.876923
2026-08-05,2026-06-01,2026-08-05,district,PUNJAB,PUNJAB,FAZILKA,0.0,4.2,-100.0,NR,92.3,157.7,-41.0,D,2026-08-09 21:00:44.876923
2026-08-05,2026-06-01,2026-08-05,district,PUNJAB,PUNJAB,FEROZEPUR,0.0,5.0,-100.0,NR,112.5,144.0,-22.0,D,2026-08-09 21:00:44.876923
2026-08-05,2026-06-01,2026-08-05,district,PUNJAB,PUNJAB,GURDASPUR,4.7,9.0,-47.0,D,473.6,345.7,37.0,E,2026-08-09 21:00:44.876923
2026-08-05,2026-06-01,2026-08-05,district,PUNJAB,PUNJAB,HOSHIARPUR,16.4,11.0,49.0,E,116.6,346.4,-66.0,LD,2026-08-09 21:00:44.876923
2026-08-05,2026-06-01,2026-08-05,district,PUNJAB,PUNJAB,JALANDHAR,12.7,6.6,92.0,LE,189.9,292.3,-35.0,D,2026-08-09 21:00:44.876923
2026-08-05,2026-06-01,2026-08-05,district,PUNJAB,PUNJAB,KAPURTHALA,3.7,5.0,-26.0,D,121.5,246.0,-51.0,D,2026-08-09 21:00:44.876923
2026-08-05,2026-06-01,2026-08-05,district,PUNJAB,PUNJAB,LUDHIANA,3.2,4.5,-28.0,D,179.5,255.0,-30.0,D,2026-08-09 21:00:44.876923
2026-08-05,2026-06-01,2026-08-05,district,PUNJAB,PUNJAB,MANSA,0.0,5.6,-100.0,NR,41.4,153.2,-73.0,LD,2026-08-09 21:00:44.876923
2026-08-05,2026-06-01,2026-08-05,district,PUNJAB,PUNJAB,MOGA,10.2,3.3,209.0,LE,113.5,157.8,-28.0,D,2026-08-09 21:00:44.876923
2026-08-05,2026-06-01,2026-08-05,district,PUNJAB,PUNJAB,MUKTSAR,0.0,3.1,-100.0,NR,82.0,188.1,-56.0,D,2026-08-09 21:00:44.876923
2026-08-05,2026-06-01,2026-08-05,district,PUNJAB,PUNJAB,PATHANKOT,37.9,16.1,136.0,LE,655.0,526.4,24.0,E,2026-08-09 21:00:44.876923
2026-08-05,2026-06-01,2026-08-05,district,PUNJAB,PUNJAB,PATIALA,2.4,5.9,-60.0,LD,180.0,304.4,-41.0,D,2026-08-09 21:00:44.876923
2026-08-05,2026-06-01,2026-08-05,district,PUNJAB,PUNJAB,RUPNAGAR,25.9,10.9,138.0,LE,306.9,439.4,-30.0,D,2026-08-09 21:00:44.876923
2026-08-05,2026-06-01,2026-08-05,district,PUNJAB,PUNJAB,SANGRUR,0.1,6.0,-99.0,LD,106.8,216.9,-51.0,D,2026-08-09 21:00:44.876923
2026-08-05,2026-06-01,2026-08-05,district,PUNJAB,PUNJAB,SAS NAGAR (MOHALI),8.9,6.7,33.0,E,171.8,352.4,-51.0,D,2026-08-09 21:00:44.876923
2026-08-05,2026-06-01,2026-08-05,district,PUNJAB,PUNJAB,SBS NAGAR,9.7,8.5,14.0,N,223.2,437.9,-49.0,D,2026-08-09 21:00:44.876923
2026-08-05,2026-06-01,2026-08-05,district,PUNJAB,PUNJAB,TARN TARAN,0.0,1.7,-100.0,NR,109.6,153.5,-29.0,D,2026-08-09 21:00:44.876923
2026-08-05,2026-06-01,2026-08-05,district,RAYALASEEMA,ANDHRA PRADESH,ANANTAPURAMU,1.3,1.8,-27.0,D,127.7,135.8,-6.0,N,2026-08-09 21:00:44.876923
2026-08-05,2026-06-01,2026-08-05,district,RAYALASEEMA,ANDHRA PRADESH,ANNAMAYYA DISTRICT,3.7,2.6,41.0,E,69.3,169.4,-59.0,D,2026-08-09 21:00:44.876923
2026-08-05,2026-06-01,2026-08-05,district,RAYALASEEMA,ANDHRA PRADESH,CHITTOOR,1.8,2.4,-25.0,D,99.1,200.0,-50.0,D,2026-08-09 21:00:44.876923
2026-08-05,2026-06-01,2026-08-05,district,RAYALASEEMA,ANDHRA PRADESH,KURNOOL,2.6,3.9,-33.0,D,170.9,200.1,-15.0,N,2026-08-09 21:00:44.876923
2026-08-05,2026-06-01,2026-08-05,district,RAYALASEEMA,ANDHRA PRADESH,NANDYAL,5.8,4.8,22.0,E,176.1,240.3,-27.0,D,2026-08-09 21:00:44.876923
2026-08-05,2026-06-01,2026-08-05,district,RAYALASEEMA,ANDHRA PRADESH,SRI SATHYASAI DISTRICT,2.7,1.9,41.0,E,88.3,132.6,-33.0,D,2026-08-09 21:00:44.876923
2026-08-05,2026-06-01,2026-08-05,district,RAYALASEEMA,ANDHRA PRADESH,TIRUPATI,4.8,3.1,54.0,E,136.3,206.4,-34.0,D,2026-08-09 21:00:44.876923
2026-08-05,2026-06-01,2026-08-05,district,RAYALASEEMA,ANDHRA PRADESH,YSR DISTRICT,13.3,4.0,234.0,LE,104.6,177.2,-41.0,D,2026-08-09 21:00:44.876923
2026-08-05,2026-06-01,2026-08-05,district,S. I. KARNATAKA,KARNATAKA,BALLARI,1.2,2.3,-50.0,D,87.7,150.0,-42.0,D,2026-08-09 21:00:44.876923
2026-08-05,2026-06-01,2026-08-05,district,S. I. KARNATAKA,KARNATAKA,BENGALURU RURAL,5.4,2.5,116.0,LE,127.4,174.3,-27.0,D,2026-08-09 21:00:44.876923
2026-08-05,2026-06-01,2026-08-05,district,S. I. KARNATAKA,KARNATAKA,BENGALURU URBAN,2.7,3.4,-19.0,N,73.4,178.6,-59.0,D,2026-08-09 21:00:44.876923
2026-08-05,2026-06-01,2026-08-05,district,S. I. KARNATAKA,KARNATAKA,CHAMARAJANAGAR,0.4,2.7,-84.0,LD,110.1,147.7,-25.0,D,2026-08-09 21:00:44.876923
2026-08-05,2026-06-01,2026-08-05,district,S. I. KARNATAKA,KARNATAKA,CHIKABALLAPURA,1.1,2.3,-52.0,D,122.9,168.8,-27.0,D,2026-08-09 21:00:44.876923
2026-08-05,2026-06-01,2026-08-05,district,S. I. KARNATAKA,KARNATAKA,CHIKKAMAGALURU,8.3,19.0,-56.0,D,987.8,976.0,1.0,N,2026-08-09 21:00:44.876923
2026-08-05,2026-06-01,2026-08-05,district,S. I. KARNATAKA,KARNATAKA,CHITRADURGA,5.1,2.9,74.0,LE,91.4,125.0,-27.0,D,2026-08-09 21:00:44.876923
2026-08-05,2026-06-01,2026-08-05,district,S. I. KARNATAKA,KARNATAKA,DAVANGERE,18.0,3.3,444.0,LE,167.9,191.7,-12.0,N,2026-08-09 21:00:44.876923
2026-08-05,2026-06-01,2026-08-05,district,S. I. KARNATAKA,KARNATAKA,HASSAN,0.6,7.4,-92.0,LD,164.4,408.6,-60.0,LD,2026-08-09 21:00:44.876923
2026-08-05,2026-06-01,2026-08-05,district,S. I. KARNATAKA,KARNATAKA,KODAGU,19.9,23.7,-16.0,N,1177.1,1536.8,-23.0,D,2026-08-09 21:00:44.876923
2026-08-05,2026-06-01,2026-08-05,district,S. I. KARNATAKA,KARNATAKA,KOLAR,0.0,2.8,-100.0,NR,69.0,166.7,-59.0,D,2026-08-09 21:00:44.876923
2026-08-05,2026-06-01,2026-08-05,district,S. I. KARNATAKA,KARNATAKA,MANDYA,2.1,2.3,-8.0,N,76.5,120.7,-37.0,D,2026-08-09 21:00:44.876923
2026-08-05,2026-06-01,2026-08-05,district,S. I. KARNATAKA,KARNATAKA,MYSURU,1.4,2.5,-44.0,D,103.2,195.0,-47.0,D,2026-08-09 21:00:44.876923
2026-08-05,2026-06-01,2026-08-05,district,S. I. KARNATAKA,KARNATAKA,SHIVAMOGGA,29.1,20.5,42.0,E,1131.0,1090.5,4.0,N,2026-08-09 21:00:44.876923
2026-08-05,2026-06-01,2026-08-05,district,S. I. KARNATAKA,KARNATAKA,TUMAKURU,5.5,3.2,73.0,LE,82.4,149.6,-45.0,D,2026-08-09 21:00:44.876923
2026-08-05,2026-06-01,2026-08-05,district,S. I. KARNATAKA,KARNATAKA,VIJAYANAGARA,0.0,3.0,-100.0,NR,83.7,167.2,-50.0,D,2026-08-09 21:00:44.876923
2026-08-05,2026-06-01,2026-08-05,district,SAURASHTRA & KUTCH,DADRA & NAGAR HAVELI AND DAMAN & DIU (UT),DIU,0.0,5.6,-100.0,NR,617.6,520.1,19.0,N,2026-08-09 21:00:44.876923
2026-08-05,2026-06-01,2026-08-05,district,SAURASHTRA & KUTCH,GUJARAT,AMRELI,0.1,6.7,-98.0,LD,485.2,358.5,35.0,E,2026-08-09 21:00:44.876923
2026-08-05,2026-06-01,2026-08-05,district,SAURASHTRA & KUTCH,GUJARAT,BHAVNAGAR,0.7,6.5,-89.0,LD,451.9,341.3,32.0,E,2026-08-09 21:00:44.876923
2026-08-05,2026-06-01,2026-08-05,district,SAURASHTRA & KUTCH,GUJARAT,BOTAD,0.0,6.8,-100.0,NR,417.7,318.8,31.0,E,2026-08-09 21:00:44.876923
2026-08-05,2026-06-01,2026-08-05,district,SAURASHTRA & KUTCH,GUJARAT,DEVBHOOMI DWARKA,0.0,6.9,-100.0,NR,55.4,347.7,-84.0,LD,2026-08-09 21:00:44.876923
2026-08-05,2026-06-01,2026-08-05,district,SAURASHTRA & KUTCH,GUJARAT,GIR SOMNATH,0.2,8.1,-98.0,LD,455.7,593.9,-23.0,D,2026-08-09 21:00:44.876923
2026-08-05,2026-06-01,2026-08-05,district,SAURASHTRA & KUTCH,GUJARAT,JAMNAGAR,0.0,12.1,-100.0,NR,213.2,383.8,-44.0,D,2026-08-09 21:00:44.876923
2026-08-05,2026-06-01,2026-08-05,district,SAURASHTRA & KUTCH,GUJARAT,JUNAGADH,0.0,13.2,-100.0,NR,583.1,583.4,0.0,N,2026-08-09 21:00:44.876923
2026-08-05,2026-06-01,2026-08-05,district,SAURASHTRA & KUTCH,GUJARAT,KUTCH,0.1,6.6,-99.0,LD,135.5,225.7,-40.0,D,2026-08-09 21:00:44.876923
2026-08-05,2026-06-01,2026-08-05,district,SAURASHTRA & KUTCH,GUJARAT,MORBI,0.0,7.4,-100.0,NR,460.0,323.3,42.0,E,2026-08-09 21:00:44.876923
2026-08-05,2026-06-01,2026-08-05,district,SAURASHTRA & KUTCH,GUJARAT,PORBANDAR,0.0,8.6,-100.0,NR,156.1,445.2,-65.0,LD,2026-08-09 21:00:44.876923
2026-08-05,2026-06-01,2026-08-05,district,SAURASHTRA & KUTCH,GUJARAT,RAJKOT,0.0,10.0,-100.0,NR,349.3,389.8,-10.0,N,2026-08-09 21:00:44.876923
2026-08-05,2026-06-01,2026-08-05,district,SAURASHTRA & KUTCH,GUJARAT,SURENDRANAGAR,0.0,5.3,-100.0,NR,471.6,296.7,59.0,E,2026-08-09 21:00:44.876923
2026-08-05,2026-06-01,2026-08-05,district,SHWB & SIKKIM,SIKKIM,GANGTOK,29.9,14.3,109.0,LE,1213.7,1291.1,-6.0,N,2026-08-09 21:00:44.876923
2026-08-05,2026-06-01,2026-08-05,district,SHWB & SIKKIM,SIKKIM,GYALSHING,77.3,16.8,360.0,LE,1483.1,1048.4,41.0,E,2026-08-09 21:00:44.876923
2026-08-05,2026-06-01,2026-08-05,district,SHWB & SIKKIM,SIKKIM,MANGAN,40.6,12.4,227.0,LE,866.8,914.1,-5.0,N,2026-08-09 21:00:44.876923
2026-08-05,2026-06-01,2026-08-05,district,SHWB & SIKKIM,SIKKIM,NAMCHI,25.8,9.8,163.0,LE,1274.8,948.6,34.0,E,2026-08-09 21:00:44.876923
2026-08-05,2026-06-01,2026-08-05,district,SHWB & SIKKIM,SIKKIM,Pakyong,23.9,13.2,81.0,LE,1085.7,940.9,15.0,N,2026-08-09 21:00:44.876923
2026-08-05,2026-06-01,2026-08-05,district,SHWB & SIKKIM,SIKKIM,Soreng,65.0,16.8,287.0,LE,1567.5,1048.4,50.0,E,2026-08-09 21:00:44.876923
2026-08-05,2026-06-01,2026-08-05,district,SHWB & SIKKIM,WEST BENGAL,ALIPURDUAR,129.2,14.1,816.0,LE,1979.7,1846.4,7.0,N,2026-08-09 21:00:44.876923
2026-08-05,2026-06-01,2026-08-05,district,SHWB & SIKKIM,WEST BENGAL,COOCH BEHAR,149.0,13.1,1037.0,LE,1549.3,1394.5,11.0,N,2026-08-09 21:00:44.876923
2026-08-05,2026-06-01,2026-08-05,district,SHWB & SIKKIM,WEST BENGAL,DARJEELING,9.6,18.5,-48.0,D,1519.9,1643.5,-8.0,N,2026-08-09 21:00:44.876923
2026-08-05,2026-06-01,2026-08-05,district,SHWB & SIKKIM,WEST BENGAL,JALPAIGURI,94.8,18.9,402.0,LE,1561.9,1787.2,-13.0,N,2026-08-09 21:00:44.876923
2026-08-05,2026-06-01,2026-08-05,district,SHWB & SIKKIM,WEST BENGAL,KALIMPONG,37.0,18.5,100.0,LE,1262.8,1439.5,-12.0,N,2026-08-09 21:00:44.876923
2026-08-05,2026-06-01,2026-08-05,district,SHWB & SIKKIM,WEST BENGAL,MALDA,7.1,10.2,-30.0,D,505.7,623.6,-19.0,N,2026-08-09 21:00:44.876923
2026-08-05,2026-06-01,2026-08-05,district,SHWB & SIKKIM,WEST BENGAL,NORTH DINAJPUR,38.0,8.5,347.0,LE,673.4,823.1,-18.0,N,2026-08-09 21:00:44.876923
2026-08-05,2026-06-01,2026-08-05,district,SHWB & SIKKIM,WEST BENGAL,SOUTH DINAJPUR,1.5,7.9,-81.0,LD,602.8,614.1,-2.0,N,2026-08-09 21:00:44.876923
2026-08-05,2026-06-01,2026-08-05,district,TAMIL. PUDU.& KARAIKAL,PUDUCHERRY (UT),KARAIKAL,0.0,1.8,-100.0,NR,146.4,112.1,31.0,E,2026-08-09 21:00:44.876923
2026-08-05,2026-06-01,2026-08-05,district,TAMIL. PUDU.& KARAIKAL,PUDUCHERRY (UT),PUDUCHERRY,17.1,2.6,558.0,LE,39.8,144.5,-72.0,LD,2026-08-09 21:00:44.876923
2026-08-05,2026-06-01,2026-08-05,district,TAMIL. PUDU.& KARAIKAL,TAMILNADU,ARIYALUR,0.4,1.9,-81.0,LD,101.7,103.1,-1.0,N,2026-08-09 21:00:44.876923
2026-08-05,2026-06-01,2026-08-05,district,TAMIL. PUDU.& KARAIKAL,TAMILNADU,CHENGALPATTU,8.1,3.0,168.0,LE,59.4,163.6,-64.0,LD,2026-08-09 21:00:44.876923
2026-08-05,2026-06-01,2026-08-05,district,TAMIL. PUDU.& KARAIKAL,TAMILNADU,CHENNAI,26.3,3.1,750.0,LE,163.5,193.0,-15.0,N,2026-08-09 21:00:44.876923
2026-08-05,2026-06-01,2026-08-05,district,TAMIL. PUDU.& KARAIKAL,TAMILNADU,COIMBATORE,5.4,5.5,-2.0,N,461.6,424.9,9.0,N,2026-08-09 21:00:44.876923
2026-08-05,2026-06-01,2026-08-05,district,TAMIL. PUDU.& KARAIKAL,TAMILNADU,CUDDALORE,3.0,3.5,-13.0,N,140.1,129.9,8.0,N,2026-08-09 21:00:44.876923
2026-08-05,2026-06-01,2026-08-05,district,TAMIL. PUDU.& KARAIKAL,TAMILNADU,DHARMAPURI,0.0,1.1,-100.0,NR,110.3,132.1,-16.0,N,2026-08-09 21:00:44.876923
2026-08-05,2026-06-01,2026-08-05,district,TAMIL. PUDU.& KARAIKAL,TAMILNADU,DINDIGUL,2.4,1.3,86.0,LE,75.9,100.5,-24.0,D,2026-08-09 21:00:44.876923
2026-08-05,2026-06-01,2026-08-05,district,TAMIL. PUDU.& KARAIKAL,TAMILNADU,ERODE,5.1,1.4,262.0,LE,79.9,99.7,-20.0,D,2026-08-09 21:00:44.876923
2026-08-05,2026-06-01,2026-08-05,district,TAMIL. PUDU.& KARAIKAL,TAMILNADU,KALLAKURICHI,6.4,3.2,100.0,LE,105.8,142.3,-26.0,D,2026-08-09 21:00:44.876923
2026-08-05,2026-06-01,2026-08-05,district,TAMIL. PUDU.& KARAIKAL,TAMILNADU,KANCHEEPURAM,17.9,3.9,359.0,LE,133.1,192.9,-31.0,D,2026-08-09 21:00:44.876923
2026-08-05,2026-06-01,2026-08-05,district,TAMIL. PUDU.& KARAIKAL,TAMILNADU,KANYAKUMARI,1.1,2.4,-55.0,D,345.0,297.5,16.0,N,2026-08-09 21:00:44.876923
2026-08-05,2026-06-01,2026-08-05,district,TAMIL. PUDU.& KARAIKAL,TAMILNADU,KARUR,2.0,0.3,576.0,LE,35.0,53.1,-34.0,D,2026-08-09 21:00:44.876923
2026-08-05,2026-06-01,2026-08-05,district,TAMIL. PUDU.& KARAIKAL,TAMILNADU,KRISHNAGIRI,0.8,1.1,-29.0,D,100.4,120.6,-17.0,N,2026-08-09 21:00:44.876923
2026-08-05,2026-06-01,2026-08-05,district,TAMIL. PUDU.& KARAIKAL,TAMILNADU,MADURAI,0.0,1.4,-100.0,NR,72.4,103.1,-30.0,D,2026-08-09 21:00:44.876923
2026-08-05,2026-06-01,2026-08-05,district,TAMIL. PUDU.& KARAIKAL,TAMILNADU,MAYILADUTHURAI,0.0,2.3,-100.0,NR,72.7,106.0,-31.0,D,2026-08-09 21:00:44.876923
2026-08-05,2026-06-01,2026-08-05,district,TAMIL. PUDU.& KARAIKAL,TAMILNADU,NAGAPATTINAM,1.4,1.1,29.0,E,41.7,90.3,-54.0,D,2026-08-09 21:00:44.876923
2026-08-05,2026-06-01,2026-08-05,district,TAMIL. PUDU.& KARAIKAL,TAMILNADU,NAMAKKAL,0.7,2.5,-71.0,LD,45.5,111.2,-59.0,D,2026-08-09 21:00:44.876923
2026-08-05,2026-06-01,2026-08-05,district,TAMIL. PUDU.& KARAIKAL,TAMILNADU,NILGIRIS,5.0,8.1,-38.0,D,356.2,481.8,-26.0,D,2026-08-09 21:00:44.876923
2026-08-05,2026-06-01,2026-08-05,district,TAMIL. PUDU.& KARAIKAL,TAMILNADU,PERAMBALUR,8.5,1.5,464.0,LE,97.8,79.1,24.0,E,2026-08-09 21:00:44.876923
2026-08-05,2026-06-01,2026-08-05,district,TAMIL. PUDU.& KARAIKAL,TAMILNADU,PUDUKKOTTAI,0.9,1.7,-46.0,D,102.4,103.5,-1.0,N,2026-08-09 21:00:44.876923
2026-08-05,2026-06-01,2026-08-05,district,TAMIL. PUDU.& KARAIKAL,TAMILNADU,RAMANATHAPURAM,0.0,0.6,-100.0,NR,10.3,44.3,-77.0,LD,2026-08-09 21:00:44.876923
2026-08-05,2026-06-01,2026-08-05,district,TAMIL. PUDU.& KARAIKAL,TAMILNADU,RANIPET,13.8,2.6,432.0,LE,147.6,195.2,-24.0,D,2026-08-09 21:00:44.876923
2026-08-05,2026-06-01,2026-08-05,district,TAMIL. PUDU.& KARAIKAL,TAMILNADU,SALEM,0.6,2.1,-70.0,LD,106.2,149.7,-29.0,D,2026-08-09 21:00:44.876923
2026-08-05,2026-06-01,2026-08-05,district,TAMIL. PUDU.& KARAIKAL,TAMILNADU,SIVAGANGA,4.2,3.1,37.0,E,102.1,132.2,-23.0,D,2026-08-09 21:00:44.876923
2026-08-05,2026-06-01,2026-08-05,district,TAMIL. PUDU.& KARAIKAL,TAMILNADU,TENKASI,2.3,1.0,125.0,LE,153.3,94.1,63.0,LE,2026-08-09 21:00:44.876923
2026-08-05,2026-06-01,2026-08-05,district,TAMIL. PUDU.& KARAIKAL,TAMILNADU,THANJAVUR,3.9,1.6,142.0,LE,87.5,102.1,-14.0,N,2026-08-09 21:00:44.876923
2026-08-05,2026-06-01,2026-08-05,district,TAMIL. PUDU.& KARAIKAL,TAMILNADU,THENI,2.8,2.0,42.0,E,127.2,90.2,41.0,E,2026-08-09 21:00:44.876923
2026-08-05,2026-06-01,2026-08-05,district,TAMIL. PUDU.& KARAIKAL,TAMILNADU,THIRUCHIRAPALLI,3.4,1.3,162.0,LE,72.0,83.3,-14.0,N,2026-08-09 21:00:44.876923
2026-08-05,2026-06-01,2026-08-05,district,TAMIL. PUDU.& KARAIKAL,TAMILNADU,THIRUVALLUR,19.1,3.1,517.0,LE,168.3,196.1,-14.0,N,2026-08-09 21:00:44.876923
2026-08-05,2026-06-01,2026-08-05,district,TAMIL. PUDU.& KARAIKAL,TAMILNADU,THOOTHUKUDI,0.0,0.1,-100.0,NR,8.0,18.1,-56.0,D,2026-08-09 21:00:44.876923
2026-08-05,2026-06-01,2026-08-05,district,TAMIL. PUDU.& KARAIKAL,TAMILNADU,TIRUNELVELI,0.0,0.4,-100.0,NR,341.7,41.1,731.0,LE,2026-08-09 21:00:44.876923
2026-08-05,2026-06-01,2026-08-05,district,TAMIL. PUDU.& KARAIKAL,TAMILNADU,TIRUPATTUR,0.0,3.1,-100.0,NR,72.3,164.0,-56.0,D,2026-08-09 21:00:44.876923
2026-08-05,2026-06-01,2026-08-05,district,TAMIL. PUDU.& KARAIKAL,TAMILNADU,TIRUPPUR,3.0,0.6,396.0,LE,23.7,46.6,-49.0,D,2026-08-09 21:00:44.876923
2026-08-05,2026-06-01,2026-08-05,district,TAMIL. PUDU.& KARAIKAL,TAMILNADU,TIRUVANNAMALAI,12.1,3.1,290.0,LE,115.5,169.7,-32.0,D,2026-08-09 21:00:44.876923
2026-08-05,2026-06-01,2026-08-05,district,TAMIL. PUDU.& KARAIKAL,TAMILNADU,TIRUVARUR,2.6,1.5,73.0,LE,102.5,103.7,-1.0,N,2026-08-09 21:00:44.876923
2026-08-05,2026-06-01,2026-08-05,district,TAMIL. PUDU.& KARAIKAL,TAMILNADU,VELLORE,7.5,3.0,149.0,LE,103.2,177.2,-42.0,D,2026-08-09 21:00:44.876923
2026-08-05,2026-06-01,2026-08-05,district,TAMIL. PUDU.& KARAIKAL,TAMILNADU,VILLUPURAM,25.0,3.2,680.0,LE,110.6,150.9,-27.0,D,2026-08-09 21:00:44.876923
2026-08-05,2026-06-01,2026-08-05,district,TAMIL. PUDU.& KARAIKAL,TAMILNADU,VIRUDHUNAGAR,3.2,1.1,186.0,LE,57.2,60.2,-5.0,N,2026-08-09 21:00:44.876923
2026-08-05,2026-06-01,2026-08-05,district,TELANGANA,TELANGANA,ADILABAD,0.8,10.0,-92.0,LD,533.9,541.3,-1.0,N,2026-08-09 21:00:44.876923
2026-08-05,2026-06-01,2026-08-05,district,TELANGANA,TELANGANA,B. KOTHAGUDEM,3.5,10.8,-68.0,LD,432.2,525.9,-18.0,N,2026-08-09 21:00:44.876923
2026-08-05,2026-06-01,2026-08-05,district,TELANGANA,TELANGANA,HANUMAKONDA,2.6,7.4,-65.0,LD,219.9,371.9,-41.0,D,2026-08-09 21:00:44.876923
2026-08-05,2026-06-01,2026-08-05,district,TELANGANA,TELANGANA,HYDERABAD,0.5,6.0,-91.0,LD,235.3,310.0,-24.0,D,2026-08-09 21:00:44.876923
2026-08-05,2026-06-01,2026-08-05,district,TELANGANA,TELANGANA,J. BHUPALPALLY,1.3,12.5,-89.0,LD,605.4,531.1,14.0,N,2026-08-09 21:00:44.876923
2026-08-05,2026-06-01,2026-08-05,district,TELANGANA,TELANGANA,JAGTIAL,5.8,11.3,-48.0,D,590.0,446.7,32.0,E,2026-08-09 21:00:44.876923
2026-08-05,2026-06-01,2026-08-05,district,TELANGANA,TELANGANA,JANGAON,0.5,8.1,-94.0,LD,196.5,362.4,-46.0,D,2026-08-09 21:00:44.876923
2026-08-05,2026-06-01,2026-08-05,district,TELANGANA,TELANGANA,JOGULAMBA GADWAL,5.0,3.9,27.0,E,165.9,221.5,-25.0,D,2026-08-09 21:00:44.876923
2026-08-05,2026-06-01,2026-08-05,district,TELANGANA,TELANGANA,KAMAREDDY,6.8,12.2,-45.0,D,563.2,410.6,37.0,E,2026-08-09 21:00:44.876923
2026-08-05,2026-06-01,2026-08-05,district,TELANGANA,TELANGANA,KARIMNAGAR,4.4,7.7,-43.0,D,377.4,376.8,0.0,N,2026-08-09 21:00:44.876923
2026-08-05,2026-06-01,2026-08-05,district,TELANGANA,TELANGANA,KHAMMAM,0.1,9.9,-99.0,LD,323.5,410.8,-21.0,D,2026-08-09 21:00:44.876923
2026-08-05,2026-06-01,2026-08-05,district,TELANGANA,TELANGANA,KUMARAM BHEEM,2.3,11.2,-80.0,LD,716.5,552.1,30.0,E,2026-08-09 21:00:44.876923
2026-08-05,2026-06-01,2026-08-05,district,TELANGANA,TELANGANA,M. MALKAJGIRI,2.6,2.5,2.0,N,162.8,253.0,-36.0,D,2026-08-09 21:00:44.876923
2026-08-05,2026-06-01,2026-08-05,district,TELANGANA,TELANGANA,MAHABUBABAD,0.6,11.7,-95.0,LD,385.0,465.1,-17.0,N,2026-08-09 21:00:44.876923
2026-08-05,2026-06-01,2026-08-05,district,TELANGANA,TELANGANA,MAHABUBNAGAR,0.1,4.0,-96.0,LD,259.8,255.8,2.0,N,2026-08-09 21:00:44.876923
2026-08-05,2026-06-01,2026-08-05,district,TELANGANA,TELANGANA,MANCHERIAL,2.9,10.4,-72.0,LD,675.3,529.5,28.0,E,2026-08-09 21:00:44.876923
2026-08-05,2026-06-01,2026-08-05,district,TELANGANA,TELANGANA,MEDAK,11.5,8.6,34.0,E,447.7,415.2,8.0,N,2026-08-09 21:00:44.876923
2026-08-05,2026-06-01,2026-08-05,district,TELANGANA,TELANGANA,MULUGU,1.3,12.7,-90.0,LD,680.6,549.4,24.0,E,2026-08-09 21:00:44.876923
2026-08-05,2026-06-01,2026-08-05,district,TELANGANA,TELANGANA,NAGARKURNOOL,0.3,4.0,-92.0,LD,186.1,231.1,-19.0,N,2026-08-09 21:00:44.876923
2026-08-05,2026-06-01,2026-08-05,district,TELANGANA,TELANGANA,NALGONDA,0.7,4.6,-85.0,LD,145.7,241.0,-40.0,D,2026-08-09 21:00:44.876923
2026-08-05,2026-06-01,2026-08-05,district,TELANGANA,TELANGANA,NARAYANPET,1.4,3.7,-61.0,LD,271.0,228.6,19.0,N,2026-08-09 21:00:44.876923
2026-08-05,2026-06-01,2026-08-05,district,TELANGANA,TELANGANA,NIRMAL,14.4,12.0,20.0,E,319.8,498.8,-36.0,D,2026-08-09 21:00:44.876923
2026-08-05,2026-06-01,2026-08-05,district,TELANGANA,TELANGANA,NIZAMABAD,17.1,11.7,46.0,E,464.3,454.6,2.0,N,2026-08-09 21:00:44.876923
2026-08-05,2026-06-01,2026-08-05,district,TELANGANA,TELANGANA,PEDDAPALLE,1.3,12.4,-89.0,LD,522.1,492.1,6.0,N,2026-08-09 21:00:44.876923
2026-08-05,2026-06-01,2026-08-05,district,TELANGANA,TELANGANA,RAJANNA SIRCILLA,17.9,9.9,81.0,LE,405.5,369.0,10.0,N,2026-08-09 21:00:44.876923
2026-08-05,2026-06-01,2026-08-05,district,TELANGANA,TELANGANA,RANGAREDDY,0.1,4.3,-97.0,LD,262.5,269.7,-3.0,N,2026-08-09 21:00:44.876923
2026-08-05,2026-06-01,2026-08-05,district,TELANGANA,TELANGANA,SANGAREDDY,3.0,8.5,-65.0,LD,313.4,376.1,-17.0,N,2026-08-09 21:00:44.876923
2026-08-05,2026-06-01,2026-08-05,district,TELANGANA,TELANGANA,SIDDIPET,3.0,8.4,-65.0,LD,283.0,327.1,-13.0,N,2026-08-09 21:00:44.876923
2026-08-05,2026-06-01,2026-08-05,district,TELANGANA,TELANGANA,SURYAPET,0.4,6.5,-95.0,LD,240.9,316.9,-24.0,D,2026-08-09 21:00:44.876923
2026-08-05,2026-06-01,2026-08-05,district,TELANGANA,TELANGANA,VIKARABAD,0.9,6.4,-86.0,LD,322.9,333.1,-3.0,N,2026-08-09 21:00:44.876923
2026-08-05,2026-06-01,2026-08-05,district,TELANGANA,TELANGANA,WANAPARTHY,3.1,5.1,-39.0,D,206.8,272.0,-24.0,D,2026-08-09 21:00:44.876923
2026-08-05,2026-06-01,2026-08-05,district,TELANGANA,TELANGANA,WARANGAL,5.1,9.9,-48.0,D,297.7,498.4,-40.0,D,2026-08-09 21:00:44.876923
2026-08-05,2026-06-01,2026-08-05,district,TELANGANA,TELANGANA,Y. BHUVANAGIRI,0.3,4.5,-93.0,LD,157.4,284.7,-45.0,D,2026-08-09 21:00:44.876923
2026-08-05,2026-06-01,2026-08-05,district,UTTARAKHAND,UTTARAKHAND,ALMORA,21.7,9.7,124.0,LE,475.4,462.7,3.0,N,2026-08-09 21:00:44.876923
2026-08-05,2026-06-01,2026-08-05,district,UTTARAKHAND,UTTARAKHAND,BAGESHWAR,24.8,9.7,156.0,LE,1088.3,462.7,135.0,LE,2026-08-09 21:00:44.876923
2026-08-05,2026-06-01,2026-08-05,district,UTTARAKHAND,UTTARAKHAND,CHAMOLI,20.1,9.8,105.0,LE,653.4,416.1,57.0,E,2026-08-09 21:00:44.876923
2026-08-05,2026-06-01,2026-08-05,district,UTTARAKHAND,UTTARAKHAND,CHAMPAWAT,2.1,8.8,-76.0,LD,463.2,750.6,-38.0,D,2026-08-09 21:00:44.876923
2026-08-05,2026-06-01,2026-08-05,district,UTTARAKHAND,UTTARAKHAND,DEHRADUN,44.5,17.8,150.0,LE,768.0,821.4,-7.0,N,2026-08-09 21:00:44.876923
2026-08-05,2026-06-01,2026-08-05,district,UTTARAKHAND,UTTARAKHAND,GARHWAL PAURI,1.9,17.2,-89.0,LD,331.8,687.3,-52.0,D,2026-08-09 21:00:44.876923
2026-08-05,2026-06-01,2026-08-05,district,UTTARAKHAND,UTTARAKHAND,GARHWAL TEHRI,16.6,11.8,41.0,E,658.3,524.6,25.0,E,2026-08-09 21:00:44.876923
2026-08-05,2026-06-01,2026-08-05,district,UTTARAKHAND,UTTARAKHAND,HARDWAR,6.1,10.1,-40.0,D,513.1,530.1,-3.0,N,2026-08-09 21:00:44.876923
2026-08-05,2026-06-01,2026-08-05,district,UTTARAKHAND,UTTARAKHAND,NAINITAL,15.7,12.4,26.0,E,568.9,905.8,-37.0,D,2026-08-09 21:00:44.876923
2026-08-05,2026-06-01,2026-08-05,district,UTTARAKHAND,UTTARAKHAND,PITHORAGARH,13.0,14.0,-7.0,N,777.2,870.7,-11.0,N,2026-08-09 21:00:44.876923
2026-08-05,2026-06-01,2026-08-05,district,UTTARAKHAND,UTTARAKHAND,RUDRAPRAYAG,15.2,22.9,-34.0,D,820.8,882.3,-7.0,N,2026-08-09 21:00:44.876923
2026-08-05,2026-06-01,2026-08-05,district,UTTARAKHAND,UTTARAKHAND,UDHAM SINGH NAGAR,9.3,9.1,2.0,N,551.1,630.4,-13.0,N,2026-08-09 21:00:44.876923
2026-08-05,2026-06-01,2026-08-05,district,UTTARAKHAND,UTTARAKHAND,UTTARKASHI,16.1,14.5,11.0,N,614.6,672.9,-9.0,N,2026-08-09 21:00:44.876923
2026-08-05,2026-06-01,2026-08-05,district,VIDARBHA,MAHARASHTRA,AKOLA,0.6,12.1,-95.0,LD,342.0,404.3,-15.0,N,2026-08-09 21:00:44.876923
2026-08-05,2026-06-01,2026-08-05,district,VIDARBHA,MAHARASHTRA,AMRAOTI,0.4,14.8,-97.0,LD,375.5,470.7,-20.0,D,2026-08-09 21:00:44.876923
2026-08-05,2026-06-01,2026-08-05,district,VIDARBHA,MAHARASHTRA,BHANDARA,12.4,12.5,-1.0,N,581.2,613.5,-5.0,N,2026-08-09 21:00:44.876923
2026-08-05,2026-06-01,2026-08-05,district,VIDARBHA,MAHARASHTRA,BULDHANA,1.9,10.5,-82.0,LD,411.6,363.7,13.0,N,2026-08-09 21:00:44.876923
2026-08-05,2026-06-01,2026-08-05,district,VIDARBHA,MAHARASHTRA,CHANDRAPUR,0.8,14.1,-94.0,LD,486.8,613.0,-21.0,D,2026-08-09 21:00:44.876923
2026-08-05,2026-06-01,2026-08-05,district,VIDARBHA,MAHARASHTRA,GADCHIROLI,18.6,19.9,-7.0,N,619.4,735.0,-16.0,N,2026-08-09 21:00:44.876923
2026-08-05,2026-06-01,2026-08-05,district,VIDARBHA,MAHARASHTRA,GONDIA,29.8,13.9,114.0,LE,755.5,694.1,9.0,N,2026-08-09 21:00:44.876923
2026-08-05,2026-06-01,2026-08-05,district,VIDARBHA,MAHARASHTRA,NAGPUR,0.1,11.4,-99.0,LD,436.5,547.2,-20.0,D,2026-08-09 21:00:44.876923
2026-08-05,2026-06-01,2026-08-05,district,VIDARBHA,MAHARASHTRA,WARDHA,0.7,13.8,-95.0,LD,444.8,495.3,-10.0,N,2026-08-09 21:00:44.876923
2026-08-05,2026-06-01,2026-08-05,district,VIDARBHA,MAHARASHTRA,WASHIM,1.2,12.1,-90.0,LD,382.0,455.9,-16.0,N,2026-08-09 21:00:44.876923
2026-08-05,2026-06-01,2026-08-05,district,VIDARBHA,MAHARASHTRA,YEOTMAL,0.6,13.8,-96.0,LD,492.2,481.5,2.0,N,2026-08-09 21:00:44.876923
2026-08-05,2026-06-01,2026-08-05,district,WEST MADHYA PRADESH,MADHYA PRADESH,AGAR-MALWA,0.0,12.8,-100.0,NR,388.5,485.2,-20.0,D,2026-08-09 21:00:44.876923
2026-08-05,2026-06-01,2026-08-05,district,WEST MADHYA PRADESH,MADHYA PRADESH,ALIRAJPUR,4.4,18.0,-75.0,LD,318.7,468.3,-32.0,D,2026-08-09 21:00:44.876923
2026-08-05,2026-06-01,2026-08-05,district,WEST MADHYA PRADESH,MADHYA PRADESH,ASHOKNAGAR,0.0,8.4,-100.0,NR,337.0,459.3,-27.0,D,2026-08-09 21:00:44.876923
2026-08-05,2026-06-01,2026-08-05,district,WEST MADHYA PRADESH,MADHYA PRADESH,BARWANI,3.1,9.3,-67.0,LD,368.4,352.6,4.0,N,2026-08-09 21:00:44.876923
2026-08-05,2026-06-01,2026-08-05,district,WEST MADHYA PRADESH,MADHYA PRADESH,BETUL,0.7,13.5,-95.0,LD,462.4,565.6,-18.0,N,2026-08-09 21:00:44.876923
2026-08-05,2026-06-01,2026-08-05,district,WEST MADHYA PRADESH,MADHYA PRADESH,BHIND,83.2,8.6,868.0,LE,401.9,317.2,27.0,E,2026-08-09 21:00:44.876923
2026-08-05,2026-06-01,2026-08-05,district,WEST MADHYA PRADESH,MADHYA PRADESH,BHOPAL,0.5,10.5,-95.0,LD,484.2,518.2,-7.0,N,2026-08-09 21:00:44.876923
2026-08-05,2026-06-01,2026-08-05,district,WEST MADHYA PRADESH,MADHYA PRADESH,BURHANPUR,1.6,11.3,-86.0,LD,582.4,394.5,48.0,E,2026-08-09 21:00:44.876923
2026-08-05,2026-06-01,2026-08-05,district,WEST MADHYA PRADESH,MADHYA PRADESH,DATIA,27.1,9.4,188.0,LE,231.3,384.3,-40.0,D,2026-08-09 21:00:44.876923
2026-08-05,2026-06-01,2026-08-05,district,WEST MADHYA PRADESH,MADHYA PRADESH,DEWAS,0.3,14.4,-98.0,LD,560.4,488.6,15.0,N,2026-08-09 21:00:44.876923
2026-08-05,2026-06-01,2026-08-05,district,WEST MADHYA PRADESH,MADHYA PRADESH,DHAR,0.9,14.4,-94.0,LD,331.3,439.9,-25.0,D,2026-08-09 21:00:44.876923
2026-08-05,2026-06-01,2026-08-05,district,WEST MADHYA PRADESH,MADHYA PRADESH,GUNA,7.8,13.3,-42.0,D,445.6,507.2,-12.0,N,2026-08-09 21:00:44.876923
2026-08-05,2026-06-01,2026-08-05,district,WEST MADHYA PRADESH,MADHYA PRADESH,GWALIOR,22.2,10.2,117.0,LE,371.6,348.4,7.0,N,2026-08-09 21:00:44.876923
2026-08-05,2026-06-01,2026-08-05,district,WEST MADHYA PRADESH,MADHYA PRADESH,HARDA,1.0,14.4,-93.0,LD,486.4,589.1,-17.0,N,2026-08-09 21:00:44.876923
2026-08-05,2026-06-01,2026-08-05,district,WEST MADHYA PRADESH,MADHYA PRADESH,INDORE,0.4,12.8,-97.0,LD,450.4,461.7,-2.0,N,2026-08-09 21:00:44.876923
2026-08-05,2026-06-01,2026-08-05,district,WEST MADHYA PRADESH,MADHYA PRADESH,JHABUA,4.1,17.2,-76.0,LD,403.3,477.3,-16.0,N,2026-08-09 21:00:44.876923
2026-08-05,2026-06-01,2026-08-05,district,WEST MADHYA PRADESH,MADHYA PRADESH,KHANDWA,0.8,12.1,-93.0,LD,449.2,434.3,3.0,N,2026-08-09 21:00:44.876923
2026-08-05,2026-06-01,2026-08-05,district,WEST MADHYA PRADESH,MADHYA PRADESH,KHARGONE,0.8,10.1,-92.0,LD,458.4,391.2,17.0,N,2026-08-09 21:00:44.876923
2026-08-05,2026-06-01,2026-08-05,district,WEST MADHYA PRADESH,MADHYA PRADESH,MANDSAUR,0.0,10.6,-100.0,NR,393.4,435.4,-10.0,N,2026-08-09 21:00:44.876923
2026-08-05,2026-06-01,2026-08-05,district,WEST MADHYA PRADESH,MADHYA PRADESH,MORENA,8.7,9.3,-7.0,N,169.0,338.9,-50.0,D,2026-08-09 21:00:44.876923
2026-08-05,2026-06-01,2026-08-05,district,WEST MADHYA PRADESH,MADHYA PRADESH,NARMADAPURAM,0.3,18.6,-98.0,LD,388.8,660.8,-41.0,D,2026-08-09 21:00:44.876923
2026-08-05,2026-06-01,2026-08-05,district,WEST MADHYA PRADESH,MADHYA PRADESH,NEEMUCH,2.3,9.3,-75.0,LD,348.7,394.6,-12.0,N,2026-08-09 21:00:44.876923
2026-08-05,2026-06-01,2026-08-05,district,WEST MADHYA PRADESH,MADHYA PRADESH,RAISEN,0.5,14.7,-97.0,LD,447.5,576.3,-22.0,D,2026-08-09 21:00:44.876923
2026-08-05,2026-06-01,2026-08-05,district,WEST MADHYA PRADESH,MADHYA PRADESH,RAJGARH,0.0,14.8,-100.0,NR,425.2,475.4,-11.0,N,2026-08-09 21:00:44.876923
2026-08-05,2026-06-01,2026-08-05,district,WEST MADHYA PRADESH,MADHYA PRADESH,RATLAM,0.6,12.0,-95.0,LD,366.0,484.1,-24.0,D,2026-08-09 21:00:44.876923
2026-08-05,2026-06-01,2026-08-05,district,WEST MADHYA PRADESH,MADHYA PRADESH,SEHORE,0.5,14.1,-96.0,LD,529.5,565.2,-6.0,N,2026-08-09 21:00:44.876923
2026-08-05,2026-06-01,2026-08-05,district,WEST MADHYA PRADESH,MADHYA PRADESH,SHAJAPUR,1.3,12.3,-90.0,LD,333.1,485.0,-31.0,D,2026-08-09 21:00:44.876923
2026-08-05,2026-06-01,2026-08-05,district,WEST MADHYA PRADESH,MADHYA PRADESH,SHEOPUR,3.0,9.3,-68.0,LD,260.5,368.6,-29.0,D,2026-08-09 21:00:44.876923
2026-08-05,2026-06-01,2026-08-05,district,WEST MADHYA PRADESH,MADHYA PRADESH,SHIVPURI,2.2,8.8,-75.0,LD,294.6,432.4,-32.0,D,2026-08-09 21:00:44.876923
2026-08-05,2026-06-01,2026-08-05,district,WEST MADHYA PRADESH,MADHYA PRADESH,UJJAIN,1.2,11.9,-90.0,LD,409.7,478.8,-14.0,N,2026-08-09 21:00:44.876923
2026-08-05,2026-06-01,2026-08-05,district,WEST MADHYA PRADESH,MADHYA PRADESH,VIDISHA,0.4,10.1,-96.0,LD,393.1,554.1,-29.0,D,2026-08-09 21:00:44.876923
2026-08-05,2026-06-01,2026-08-05,district,WEST RAJASTHAN,RAJASTHAN,BARMER,0.0,3.4,-100.0,NR,159.0,150.2,6.0,N,2026-08-09 21:00:44.876923
2026-08-05,2026-06-01,2026-08-05,district,WEST RAJASTHAN,RAJASTHAN,BIKANER,5.1,3.2,60.0,LE,162.1,152.7,6.0,N,2026-08-09 21:00:44.876923
2026-08-05,2026-06-01,2026-08-05,district,WEST RAJASTHAN,RAJASTHAN,CHURU,3.2,5.1,-38.0,D,198.2,206.3,-4.0,N,2026-08-09 21:00:44.876923
2026-08-05,2026-06-01,2026-08-05,district,WEST RAJASTHAN,RAJASTHAN,HANUMANGARH,7.6,2.6,191.0,LE,123.5,154.4,-20.0,D,2026-08-09 21:00:44.876923
2026-08-05,2026-06-01,2026-08-05,district,WEST RAJASTHAN,RAJASTHAN,JAISALMER,0.0,1.3,-100.0,NR,70.8,99.1,-29.0,D,2026-08-09 21:00:44.876923
2026-08-05,2026-06-01,2026-08-05,district,WEST RAJASTHAN,RAJASTHAN,JALORE,1.0,7.2,-86.0,LD,139.8,235.7,-41.0,D,2026-08-09 21:00:44.876923
2026-08-05,2026-06-01,2026-08-05,district,WEST RAJASTHAN,RAJASTHAN,JODHPUR,0.6,5.1,-89.0,LD,164.5,165.1,0.0,N,2026-08-09 21:00:44.876923
2026-08-05,2026-06-01,2026-08-05,district,WEST RAJASTHAN,RAJASTHAN,NAGAUR,0.7,5.7,-88.0,LD,200.0,222.0,-10.0,N,2026-08-09 21:00:44.876923
2026-08-05,2026-06-01,2026-08-05,district,WEST RAJASTHAN,RAJASTHAN,PALI,2.1,8.5,-75.0,LD,189.3,269.5,-30.0,D,2026-08-09 21:00:44.876923
2026-08-05,2026-06-01,2026-08-05,district,WEST RAJASTHAN,RAJASTHAN,SRI GANGANAGAR,5.4,2.4,126.0,LE,151.6,121.7,25.0,E,2026-08-09 21:00:44.876923
2026-08-05,2026-06-01,2026-08-05,district,WEST UTTAR PRADESH,UTTAR PRADESH,AGRA,10.5,6.5,61.0,LE,259.8,273.8,-5.0,N,2026-08-09 21:00:44.876923
2026-08-05,2026-06-01,2026-08-05,district,WEST UTTAR PRADESH,UTTAR PRADESH,ALIGARH,11.5,7.0,64.0,LE,197.6,306.4,-36.0,D,2026-08-09 21:00:44.876923
2026-08-05,2026-06-01,2026-08-05,district,WEST UTTAR PRADESH,UTTAR PRADESH,AMROHA,17.3,9.1,90.0,LE,171.6,438.5,-61.0,LD,2026-08-09 21:00:44.876923
2026-08-05,2026-06-01,2026-08-05,district,WEST UTTAR PRADESH,UTTAR PRADESH,AURAIYA,1.1,4.5,-76.0,LD,261.7,261.6,0.0,N,2026-08-09 21:00:44.876923
2026-08-05,2026-06-01,2026-08-05,district,WEST UTTAR PRADESH,UTTAR PRADESH,BADAUN,23.3,6.4,263.0,LE,364.0,358.5,2.0,N,2026-08-09 21:00:44.876923
2026-08-05,2026-06-01,2026-08-05,district,WEST UTTAR PRADESH,UTTAR PRADESH,BAGHPAT,6.7,8.8,-24.0,D,257.7,268.7,-4.0,N,2026-08-09 21:00:44.876923
2026-08-05,2026-06-01,2026-08-05,district,WEST UTTAR PRADESH,UTTAR PRADESH,BAREILLY,7.8,8.5,-8.0,N,336.5,435.7,-23.0,D,2026-08-09 21:00:44.876923
2026-08-05,2026-06-01,2026-08-05,district,WEST UTTAR PRADESH,UTTAR PRADESH,BIJNOR,25.0,8.4,198.0,LE,498.2,496.3,0.0,N,2026-08-09 21:00:44.876923
2026-08-05,2026-06-01,2026-08-05,district,WEST UTTAR PRADESH,UTTAR PRADESH,BULANDSHAHAR,8.1,4.6,77.0,LE,246.3,284.6,-13.0,N,2026-08-09 21:00:44.876923
2026-08-05,2026-06-01,2026-08-05,district,WEST UTTAR PRADESH,UTTAR PRADESH,ETAH,19.8,5.6,253.0,LE,340.0,257.8,32.0,E,2026-08-09 21:00:44.876923
2026-08-05,2026-06-01,2026-08-05,district,WEST UTTAR PRADESH,UTTAR PRADESH,ETAWAH,9.3,4.4,111.0,LE,288.0,283.3,2.0,N,2026-08-09 21:00:44.876923
2026-08-05,2026-06-01,2026-08-05,district,WEST UTTAR PRADESH,UTTAR PRADESH,FIROZABAD,34.1,6.3,441.0,LE,365.4,293.6,24.0,E,2026-08-09 21:00:44.876923
2026-08-05,2026-06-01,2026-08-05,district,WEST UTTAR PRADESH,UTTAR PRADESH,GAUTAM BUDDHA NAGAR,0.0,3.8,-100.0,NR,262.2,240.9,9.0,N,2026-08-09 21:00:44.876923
2026-08-05,2026-06-01,2026-08-05,district,WEST UTTAR PRADESH,UTTAR PRADESH,GHAZIABAD,3.3,3.8,-14.0,N,86.3,242.5,-64.0,LD,2026-08-09 21:00:44.876923
2026-08-05,2026-06-01,2026-08-05,district,WEST UTTAR PRADESH,UTTAR PRADESH,HAMIRPUR,64.0,5.2,1132.0,LE,379.4,354.8,7.0,N,2026-08-09 21:00:44.876923
2026-08-05,2026-06-01,2026-08-05,district,WEST UTTAR PRADESH,UTTAR PRADESH,HAPUR,10.0,7.0,43.0,E,231.0,348.6,-34.0,D,2026-08-09 21:00:44.876923
2026-08-05,2026-06-01,2026-08-05,district,WEST UTTAR PRADESH,UTTAR PRADESH,HATHRAS,15.1,6.9,118.0,LE,345.1,296.8,16.0,N,2026-08-09 21:00:44.876923
2026-08-05,2026-06-01,2026-08-05,district,WEST UTTAR PRADESH,UTTAR PRADESH,JALAUN,18.9,7.0,169.0,LE,205.7,322.4,-36.0,D,2026-08-09 21:00:44.876923
2026-08-05,2026-06-01,2026-08-05,district,WEST UTTAR PRADESH,UTTAR PRADESH,JHANSI,23.2,10.4,123.0,LE,171.4,376.0,-54.0,D,2026-08-09 21:00:44.876923
2026-08-05,2026-06-01,2026-08-05,district,WEST UTTAR PRADESH,UTTAR PRADESH,KASGANJ,30.7,2.9,957.0,LE,304.0,339.1,-10.0,N,2026-08-09 21:00:44.876923
2026-08-05,2026-06-01,2026-08-05,district,WEST UTTAR PRADESH,UTTAR PRADESH,LALITPUR,4.2,8.9,-53.0,D,329.6,426.8,-23.0,D,2026-08-09 21:00:44.876923
2026-08-05,2026-06-01,2026-08-05,district,WEST UTTAR PRADESH,UTTAR PRADESH,MAHOBA,59.9,6.5,821.0,LE,233.0,296.1,-21.0,D,2026-08-09 21:00:44.876923
2026-08-05,2026-06-01,2026-08-05,district,WEST UTTAR PRADESH,UTTAR PRADESH,MAINPURI,14.5,5.5,164.0,LE,158.6,334.9,-53.0,D,2026-08-09 21:00:44.876923
2026-08-05,2026-06-01,2026-08-05,district,WEST UTTAR PRADESH,UTTAR PRADESH,MATHURA,5.8,3.4,69.0,LE,174.0,259.6,-33.0,D,2026-08-09 21:00:44.876923
2026-08-05,2026-06-01,2026-08-05,district,WEST UTTAR PRADESH,UTTAR PRADESH,MEERUT,3.6,5.2,-31.0,D,584.4,342.7,71.0,LE,2026-08-09 21:00:44.876923
2026-08-05,2026-06-01,2026-08-05,district,WEST UTTAR PRADESH,UTTAR PRADESH,MORADABAD,2.3,8.1,-72.0,LD,343.9,462.6,-26.0,D,2026-08-09 21:00:44.876923
2026-08-05,2026-06-01,2026-08-05,district,WEST UTTAR PRADESH,UTTAR PRADESH,MUZAFFARNAGAR,18.5,5.4,242.0,LE,603.5,355.0,70.0,LE,2026-08-09 21:00:44.876923
2026-08-05,2026-06-01,2026-08-05,district,WEST UTTAR PRADESH,UTTAR PRADESH,PILIBHIT,9.3,6.4,45.0,E,115.7,459.5,-75.0,LD,2026-08-09 21:00:44.876923
2026-08-05,2026-06-01,2026-08-05,district,WEST UTTAR PRADESH,UTTAR PRADESH,RAMPUR,1.7,8.1,-79.0,LD,251.2,376.3,-33.0,D,2026-08-09 21:00:44.876923
2026-08-05,2026-06-01,2026-08-05,district,WEST UTTAR PRADESH,UTTAR PRADESH,SAHARANPUR,8.6,10.0,-14.0,N,287.2,417.8,-31.0,D,2026-08-09 21:00:44.876923
2026-08-05,2026-06-01,2026-08-05,district,WEST UTTAR PRADESH,UTTAR PRADESH,SAMBHAL,51.2,4.8,966.0,LE,533.7,353.8,51.0,E,2026-08-09 21:00:44.876923
2026-08-05,2026-06-01,2026-08-05,district,WEST UTTAR PRADESH,UTTAR PRADESH,SHAHJAHANPUR,15.9,6.2,157.0,LE,345.8,422.6,-18.0,N,2026-08-09 21:00:44.876923
2026-08-05,2026-06-01,2026-08-05,district,WEST UTTAR PRADESH,UTTAR PRADESH,SHAMLI,18.1,5.8,211.0,LE,108.9,298.5,-64.0,LD,2026-08-09 21:00:44.876923
2026-08-05,2026-06-01,2026-08-05,state,ASSAM & MEGHALAYA,ASSAM,,32.0,10.7,199.0,LE,702.8,912.5,-23.0,D,2026-08-09 21:00:44.876923
2026-08-05,2026-06-01,2026-08-05,state,ASSAM & MEGHALAYA,MEGHALAYA,,18.2,14.9,22.0,E,749.5,1717.1,-56.0,D,2026-08-09 21:00:44.876923
2026-08-05,2026-06-01,2026-08-05,state,BIHAR,UTTAR PRADESH,,14.9,6.4,133.0,LE,297.9,394.1,-24.0,D,2026-08-09 21:00:44.876923
2026-08-05,2026-06-01,2026-08-05,state,CHHATTISGARH,ANDHRA PRADESH,,3.5,4.7,-26.0,D,162.9,248.2,-34.0,D,2026-08-09 21:00:44.876923
2026-08-05,2026-06-01,2026-08-05,state,COASTAL A. P. & YANAM,ANDHRA PRADESH,,3.5,4.7,-26.0,D,162.9,248.2,-34.0,D,2026-08-09 21:00:44.876923
2026-08-05,2026-06-01,2026-08-05,state,COASTAL A. P. & YANAM,PUDUCHERRY (UT),,10.7,3.1,244.0,LE,110.7,176.5,-37.0,D,2026-08-09 21:00:44.876923
2026-08-05,2026-06-01,2026-08-05,state,EAST MADHYA PRADESH,GUJARAT,,1.1,9.9,-89.0,LD,483.7,416.0,16.0,N,2026-08-09 21:00:44.876923
2026-08-05,2026-06-01,2026-08-05,state,GUJARAT REGION,DADRA & NAGAR HAVELI AND DAMAN & DIU (UT),,15.0,22.0,-32.0,D,2504.1,1395.8,79.0,LE,2026-08-09 21:00:44.876923
2026-08-05,2026-06-01,2026-08-05,state,GUJARAT REGION,GUJARAT,,1.1,9.9,-89.0,LD,483.7,416.0,16.0,N,2026-08-09 21:00:44.876923
2026-08-05,2026-06-01,2026-08-05,state,HAR. CHD & DELHI,CHANDIGARH (UT),,17.9,7.2,149.0,LE,375.0,480.4,-22.0,D,2026-08-09 21:00:44.876923
2026-08-05,2026-06-01,2026-08-05,state,HAR. CHD & DELHI,DELHI (UT),,6.3,7.2,-13.0,N,259.2,284.2,-9.0,N,2026-08-09 21:00:44.876923
2026-08-05,2026-06-01,2026-08-05,state,HAR. CHD & DELHI,HARYANA,,12.4,5.5,126.0,LE,171.3,233.0,-26.0,D,2026-08-09 21:00:44.876923
2026-08-05,2026-06-01,2026-08-05,state,J & K AND LADAKH,JAMMU & KASHMIR(UT),,11.8,7.0,69.0,LE,352.8,305.5,15.0,N,2026-08-09 21:00:44.876923
2026-08-05,2026-06-01,2026-08-05,state,J & K AND LADAKH,LADAKH (UT),,0.0,0.1,-100.0,NR,38.1,13.3,186.0,LE,2026-08-09 21:00:44.876923
2026-08-05,2026-06-01,2026-08-05,state,J & K AND LADAKH,RAJASTHAN,,3.4,5.9,-43.0,D,201.1,242.9,-17.0,N,2026-08-09 21:00:44.876923
2026-08-05,2026-06-01,2026-08-05,state,KERALA & MAHE,KERALA,,20.4,17.4,17.0,N,1083.9,1392.3,-22.0,D,2026-08-09 21:00:44.876923
2026-08-05,2026-06-01,2026-08-05,state,KERALA & MAHE,PUDUCHERRY (UT),,10.7,3.1,244.0,LE,110.7,176.5,-37.0,D,2026-08-09 21:00:44.876923
2026-08-05,2026-06-01,2026-08-05,state,KONKAN & GOA,GOA,,34.4,33.3,3.0,N,1366.5,2127.4,-36.0,D,2026-08-09 21:00:44.876923
2026-08-05,2026-06-01,2026-08-05,state,KONKAN & GOA,MAHARASHTRA,,7.0,12.2,-43.0,D,624.4,589.2,6.0,N,2026-08-09 21:00:44.876923
2026-08-05,2026-06-01,2026-08-05,state,NMMT,MANIPUR,,27.7,6.4,333.0,LE,396.3,626.7,-37.0,D,2026-08-09 21:00:44.876923
2026-08-05,2026-06-01,2026-08-05,state,NMMT,MIZORAM,,11.7,14.5,-19.0,N,687.7,915.7,-25.0,D,2026-08-09 21:00:44.876923
2026-08-05,2026-06-01,2026-08-05,state,NMMT,NAGALAND,,34.9,8.3,320.0,LE,655.3,609.6,7.0,N,2026-08-09 21:00:44.876923
2026-08-05,2026-06-01,2026-08-05,state,NMMT,TRIPURA,,1.6,10.6,-85.0,LD,716.8,862.0,-17.0,N,2026-08-09 21:00:44.876923
2026-08-05,2026-06-01,2026-08-05,state,SAURASHTRA & KUTCH,DADRA & NAGAR HAVELI AND DAMAN & DIU (UT),,15.0,22.0,-32.0,D,2504.1,1395.8,79.0,LE,2026-08-09 21:00:44.876923
2026-08-05,2026-06-01,2026-08-05,state,SAURASHTRA & KUTCH,GUJARAT,,1.1,9.9,-89.0,LD,483.7,416.0,16.0,N,2026-08-09 21:00:44.876923
2026-08-05,2026-06-01,2026-08-05,state,SHWB & SIKKIM,SIKKIM,,42.9,12.9,233.0,LE,1056.8,983.6,7.0,N,2026-08-09 21:00:44.876923
2026-08-05,2026-06-01,2026-08-05,state,SHWB & SIKKIM,WEST BENGAL,,25.4,10.1,151.0,LE,775.5,758.2,2.0,N,2026-08-09 21:00:44.876923
2026-08-05,2026-06-01,2026-08-05,state,TAMIL. PUDU.& KARAIKAL,KARNATAKA,,9.2,8.3,11.0,N,404.6,495.7,-18.0,N,2026-08-09 21:00:44.876923
2026-08-05,2026-06-01,2026-08-05,state,TAMIL. PUDU.& KARAIKAL,PUDUCHERRY (UT),,10.7,3.1,244.0,LE,110.7,176.5,-37.0,D,2026-08-09 21:00:44.876923
2026-08-05,2026-06-01,2026-08-05,state,TAMIL. PUDU.& KARAIKAL,TAMILNADU,,4.5,2.1,114.0,LE,116.9,130.8,-11.0,N,2026-08-09 21:00:44.876923
2026-08-05,2026-06-01,2026-08-05,state,WEST RAJASTHAN,MADHYA PRADESH,,6.3,12.0,-47.0,D,413.1,507.2,-19.0,N,2026-08-09 21:00:44.876923
2026-08-05,2026-06-01,2026-08-05,subdivision,A & N ISLAND,,,11.2,11.1,0.0,N,896.7,864.8,4.0,N,2026-08-09 21:00:44.876923
2026-08-05,2026-06-01,2026-08-05,subdivision,ARUNACHAL PRADESH,,,12.0,9.7,24.0,E,663.6,1034.8,-36.0,D,2026-08-09 21:00:44.876923
2026-08-05,2026-06-01,2026-08-05,subdivision,ASSAM & MEGHALAYA,,,28.7,11.7,145.0,LE,713.9,1099.8,-35.0,D,2026-08-09 21:00:44.876923
2026-08-05,2026-06-01,2026-08-05,subdivision,BIHAR,,,14.8,6.9,115.0,LE,335.3,545.1,-38.0,D,2026-08-09 21:00:44.876923
2026-08-05,2026-06-01,2026-08-05,subdivision,CHHATTISGARH,,,11.0,12.1,-9.0,N,588.4,622.6,-5.0,N,2026-08-09 21:00:44.876923
2026-08-05,2026-06-01,2026-08-05,subdivision,COASTAL A. P. & YANAM,,,2.5,5.6,-55.0,D,193.5,296.0,-35.0,D,2026-08-09 21:00:44.876923
2026-08-05,2026-06-01,2026-08-05,subdivision,COASTAL KARNATAKA,,,40.5,33.0,23.0,E,1667.3,2123.0,-21.0,D,2026-08-09 21:00:44.876923
2026-08-05,2026-06-01,2026-08-05,subdivision,EAST MADHYA PRADESH,,,8.6,11.9,-28.0,D,431.4,556.2,-22.0,D,2026-08-09 21:00:44.876923
2026-08-05,2026-06-01,2026-08-05,subdivision,EAST RAJASTHAN,,,5.1,8.3,-39.0,D,267.8,341.7,-22.0,D,2026-08-09 21:00:44.876923
2026-08-05,2026-06-01,2026-08-05,subdivision,EAST UTTAR PRADESH,,,13.0,6.2,110.0,LE,294.3,421.8,-30.0,D,2026-08-09 21:00:44.876923
2026-08-05,2026-06-01,2026-08-05,subdivision,GANGETIC WEST BENGAL,,,12.7,9.2,38.0,E,639.0,645.1,-1.0,N,2026-08-09 21:00:44.876923
2026-08-05,2026-06-01,2026-08-05,subdivision,GUJARAT REGION,,,2.3,12.8,-82.0,LD,728.2,536.2,36.0,E,2026-08-09 21:00:44.876923
2026-08-05,2026-06-01,2026-08-05,subdivision,HAR. CHD & DELHI,,,12.3,5.6,119.0,LE,174.0,235.2,-26.0,D,2026-08-09 21:00:44.876923
2026-08-05,2026-06-01,2026-08-05,subdivision,HIMACHAL PRADESH,,,14.9,8.6,74.0,LE,379.1,405.5,-7.0,N,2026-08-09 21:00:44.876923
2026-08-05,2026-06-01,2026-08-05,subdivision,J & K AND LADAKH,,,11.8,7.0,69.0,LE,352.8,305.5,15.0,N,2026-08-09 21:00:44.876923
2026-08-05,2026-06-01,2026-08-05,subdivision,JHARKHAND,,,16.1,10.5,53.0,E,391.6,559.8,-30.0,D,2026-08-09 21:00:44.876923
2026-08-05,2026-06-01,2026-08-05,subdivision,KERALA & MAHE,,,20.4,17.5,16.0,N,1084.0,1392.4,-22.0,D,2026-08-09 21:00:44.876923
2026-08-05,2026-06-01,2026-08-05,subdivision,KONKAN & GOA,,,29.3,31.6,-7.0,N,1893.3,1922.5,-2.0,N,2026-08-09 21:00:44.876923
2026-08-05,2026-06-01,2026-08-05,subdivision,LAKSHADWEEP,,,0.3,7.0,-96.0,LD,446.6,661.9,-33.0,D,2026-08-09 21:00:44.876923
2026-08-05,2026-06-01,2026-08-05,subdivision,MADHYA MAHARASHTRA,,,5.1,8.4,-40.0,D,581.1,427.7,36.0,E,2026-08-09 21:00:44.876923
2026-08-05,2026-06-01,2026-08-05,subdivision,MARATHWADA,,,2.6,7.0,-63.0,LD,299.4,333.1,-10.0,N,2026-08-09 21:00:44.876923
2026-08-05,2026-06-01,2026-08-05,subdivision,N. I. KARNATAKA,,,4.2,4.0,4.0,N,224.5,243.3,-8.0,N,2026-08-09 21:00:44.876923
2026-08-05,2026-06-01,2026-08-05,subdivision,NMMT,,,19.6,10.4,88.0,LE,602.6,762.0,-21.0,D,2026-08-09 21:00:44.876923
2026-08-05,2026-06-01,2026-08-05,subdivision,ODISHA,,,7.6,14.9,-49.0,D,765.0,615.6,24.0,E,2026-08-09 21:00:44.876923
2026-08-05,2026-06-01,2026-08-05,subdivision,PUNJAB,,,4.9,5.9,-18.0,N,165.7,248.8,-33.0,D,2026-08-09 21:00:44.876923
2026-08-05,2026-06-01,2026-08-05,subdivision,RAYALASEEMA,,,4.8,3.1,53.0,E,122.7,180.2,-32.0,D,2026-08-09 21:00:44.876923
2026-08-05,2026-06-01,2026-08-05,subdivision,S. I. KARNATAKA,,,7.1,7.0,2.0,N,307.0,385.2,-20.0,D,2026-08-09 21:00:44.876923
2026-08-05,2026-06-01,2026-08-05,subdivision,SAURASHTRA & KUTCH,,,0.1,7.7,-99.0,LD,290.7,321.2,-9.0,N,2026-08-09 21:00:44.876923
2026-08-05,2026-06-01,2026-08-05,subdivision,SHWB & SIKKIM,,,58.7,13.0,352.0,LE,1156.8,1109.9,4.0,N,2026-08-09 21:00:44.876923
2026-08-05,2026-06-01,2026-08-05,subdivision,TAMIL. PUDU.& KARAIKAL,,,4.5,2.0,126.0,LE,116.8,130.8,-11.0,N,2026-08-09 21:00:44.876923
2026-08-05,2026-06-01,2026-08-05,subdivision,TELANGANA,,,3.4,8.4,-59.0,D,371.8,391.4,-5.0,N,2026-08-09 21:00:44.876923
2026-08-05,2026-06-01,2026-08-05,subdivision,UTTARAKHAND,,,15.9,13.1,21.0,E,629.3,664.3,-5.0,N,2026-08-09 21:00:44.876923
2026-08-05,2026-06-01,2026-08-05,subdivision,VIDARBHA,,,5.5,14.1,-61.0,LD,482.7,540.2,-11.0,N,2026-08-09 21:00:44.876923
2026-08-05,2026-06-01,2026-08-05,subdivision,WEST MADHYA PRADESH,,,4.6,12.2,-63.0,LD,399.1,469.6,-15.0,N,2026-08-09 21:00:44.876923
2026-08-05,2026-06-01,2026-08-05,subdivision,WEST RAJASTHAN,,,2.0,4.0,-51.0,D,147.9,164.3,-10.0,N,2026-08-09 21:00:44.876923
2026-08-05,2026-06-01,2026-08-05,subdivision,WEST UTTAR PRADESH,,,17.5,6.7,162.0,LE,302.9,355.3,-15.0,N,2026-08-09 21:00:44.876923
