date,period_start,period_end,level,subdivision,state,district,day_actual_mm,day_normal_mm,day_departure_pct,day_category,period_actual_mm,period_normal_mm,period_departure_pct,period_category,scraped_at
2026-09-01,2026-06-01,2026-09-01,district,A & N ISLAND,ANDAMAN & NICOBAR ISLANDS,NICOBAR,3.0,9.1,-67.0,LD,468.9,800.4,-41.0,D,2026-09-01 11:14:58.552958
2026-09-01,2026-06-01,2026-09-01,district,A & N ISLAND,ANDAMAN & NICOBAR ISLANDS,NORTH & MIDDLE ANDAMAN,0.3,17.3,-98.0,LD,1940.8,1448.1,34.0,E,2026-09-01 11:14:58.552958
2026-09-01,2026-06-01,2026-09-01,district,A & N ISLAND,ANDAMAN & NICOBAR ISLANDS,SOUTH ANDAMAN,1.8,14.2,-87.0,LD,1011.0,1220.7,-17.0,N,2026-09-01 11:14:58.552958
2026-09-01,2026-06-01,2026-09-01,district,ARUNACHAL PRADESH,ARUNACHAL PRADESH,ANJAW,7.2,4.5,60.0,LE,161.9,1322.4,-88.0,LD,2026-09-01 11:14:58.552958
2026-09-01,2026-06-01,2026-09-01,district,ARUNACHAL PRADESH,ARUNACHAL PRADESH,CHANGLANG,7.6,7.9,-4.0,N,947.2,1096.8,-14.0,N,2026-09-01 11:14:58.552958
2026-09-01,2026-06-01,2026-09-01,district,ARUNACHAL PRADESH,ARUNACHAL PRADESH,EAST KAMENG,43.4,7.1,511.0,LE,1168.7,967.9,21.0,E,2026-09-01 11:14:58.552958
2026-09-01,2026-06-01,2026-09-01,district,ARUNACHAL PRADESH,ARUNACHAL PRADESH,EAST SIANG,49.7,21.5,131.0,LE,1910.4,2587.3,-26.0,D,2026-09-01 11:14:58.552958
2026-09-01,2026-06-01,2026-09-01,district,ARUNACHAL PRADESH,ARUNACHAL PRADESH,KURUNG KUMEY,36.5,2.7,1252.0,LE,508.5,912.9,-44.0,D,2026-09-01 11:14:58.552958
2026-09-01,2026-06-01,2026-09-01,district,ARUNACHAL PRADESH,ARUNACHAL PRADESH,LOHIT,7.6,6.6,15.0,N,802.1,1273.4,-37.0,D,2026-09-01 11:14:58.552958
2026-09-01,2026-06-01,2026-09-01,district,ARUNACHAL PRADESH,ARUNACHAL PRADESH,LOWER SUBANSIRI,27.2,4.0,580.0,LE,385.2,610.9,-37.0,D,2026-09-01 11:14:58.552958
2026-09-01,2026-06-01,2026-09-01,district,ARUNACHAL PRADESH,ARUNACHAL PRADESH,PAPUMPARA,50.9,11.3,351.0,LE,1484.4,1764.7,-16.0,N,2026-09-01 11:14:58.552958
2026-09-01,2026-06-01,2026-09-01,district,ARUNACHAL PRADESH,ARUNACHAL PRADESH,TAWANG,0.0,8.5,-100.0,NR,305.1,796.7,-62.0,LD,2026-09-01 11:14:58.552958
2026-09-01,2026-06-01,2026-09-01,district,ARUNACHAL PRADESH,ARUNACHAL PRADESH,TIRAP,5.5,10.9,-50.0,D,1635.0,1611.5,1.0,N,2026-09-01 11:14:58.552958
2026-09-01,2026-06-01,2026-09-01,district,ARUNACHAL PRADESH,ARUNACHAL PRADESH,UPPER SIANG,22.3,18.1,23.0,E,971.1,1346.5,-28.0,D,2026-09-01 11:14:58.552958
2026-09-01,2026-06-01,2026-09-01,district,ARUNACHAL PRADESH,ARUNACHAL PRADESH,UPPER SUBANSIRI,20.2,6.4,216.0,LE,308.7,756.7,-59.0,D,2026-09-01 11:14:58.552958
2026-09-01,2026-06-01,2026-09-01,district,ARUNACHAL PRADESH,ARUNACHAL PRADESH,WEST KAMENG,17.0,10.7,58.0,E,447.0,1389.2,-68.0,LD,2026-09-01 11:14:58.552958
2026-09-01,2026-06-01,2026-09-01,district,ARUNACHAL PRADESH,ARUNACHAL PRADESH,WEST SIANG,14.7,11.4,29.0,E,570.4,1608.6,-65.0,LD,2026-09-01 11:14:58.552958
2026-09-01,2026-06-01,2026-09-01,district,ASSAM & MEGHALAYA,ASSAM,BAJALI,8.0,8.4,-5.0,N,1009.5,1732.7,-42.0,D,2026-09-01 11:14:58.552958
2026-09-01,2026-06-01,2026-09-01,district,ASSAM & MEGHALAYA,ASSAM,BAKSA,14.9,6.7,123.0,LE,1056.2,1265.1,-17.0,N,2026-09-01 11:14:58.552958
2026-09-01,2026-06-01,2026-09-01,district,ASSAM & MEGHALAYA,ASSAM,BARPETA,5.6,8.4,-34.0,D,1146.8,1732.7,-34.0,D,2026-09-01 11:14:58.552958
2026-09-01,2026-06-01,2026-09-01,district,ASSAM & MEGHALAYA,ASSAM,BONGAIGAON,9.8,9.6,2.0,N,842.0,1959.8,-57.0,D,2026-09-01 11:14:58.552958
2026-09-01,2026-06-01,2026-09-01,district,ASSAM & MEGHALAYA,ASSAM,CACHAR,0.7,15.6,-95.0,LD,1426.5,1489.8,-4.0,N,2026-09-01 11:14:58.552958
2026-09-01,2026-06-01,2026-09-01,district,ASSAM & MEGHALAYA,ASSAM,CHARAIDEO,13.0,13.2,-2.0,N,1100.0,857.3,28.0,E,2026-09-01 11:14:58.552958
2026-09-01,2026-06-01,2026-09-01,district,ASSAM & MEGHALAYA,ASSAM,CHIRANG,7.7,7.9,-3.0,N,1152.1,1963.2,-41.0,D,2026-09-01 11:14:58.552958
2026-09-01,2026-06-01,2026-09-01,district,ASSAM & MEGHALAYA,ASSAM,DARRANG,2.0,7.5,-73.0,LD,643.2,1069.7,-40.0,D,2026-09-01 11:14:58.552958
2026-09-01,2026-06-01,2026-09-01,district,ASSAM & MEGHALAYA,ASSAM,DHEMAJI,82.6,10.3,702.0,LE,1940.0,1668.0,16.0,N,2026-09-01 11:14:58.552958
2026-09-01,2026-06-01,2026-09-01,district,ASSAM & MEGHALAYA,ASSAM,DHUBRI,54.0,13.4,303.0,LE,1143.6,1754.1,-35.0,D,2026-09-01 11:14:58.552958
2026-09-01,2026-06-01,2026-09-01,district,ASSAM & MEGHALAYA,ASSAM,DIBRUGARH,24.4,7.7,217.0,LE,997.8,1210.5,-18.0,N,2026-09-01 11:14:58.552958
2026-09-01,2026-06-01,2026-09-01,district,ASSAM & MEGHALAYA,ASSAM,DIMA HASAO,14.0,7.2,94.0,LE,439.2,840.5,-48.0,D,2026-09-01 11:14:58.552958
2026-09-01,2026-06-01,2026-09-01,district,ASSAM & MEGHALAYA,ASSAM,GOALPARA,88.3,9.5,829.0,LE,894.1,1662.0,-46.0,D,2026-09-01 11:14:58.552958
2026-09-01,2026-06-01,2026-09-01,district,ASSAM & MEGHALAYA,ASSAM,GOLAGHAT,14.8,7.4,100.0,LE,774.4,851.0,-9.0,N,2026-09-01 11:14:58.552958
2026-09-01,2026-06-01,2026-09-01,district,ASSAM & MEGHALAYA,ASSAM,HAILAKANDI,42.7,11.8,262.0,LE,1119.7,1250.1,-10.0,N,2026-09-01 11:14:58.552958
2026-09-01,2026-06-01,2026-09-01,district,ASSAM & MEGHALAYA,ASSAM,HOJAI,4.2,9.3,-55.0,D,364.7,617.5,-41.0,D,2026-09-01 11:14:58.552958
2026-09-01,2026-06-01,2026-09-01,district,ASSAM & MEGHALAYA,ASSAM,JORHAT,5.4,9.8,-45.0,D,724.5,1019.9,-29.0,D,2026-09-01 11:14:58.552958
2026-09-01,2026-06-01,2026-09-01,district,ASSAM & MEGHALAYA,ASSAM,KAMRUP METROPOLITAN,27.4,5.9,364.0,LE,708.6,867.4,-18.0,N,2026-09-01 11:14:58.552958
2026-09-01,2026-06-01,2026-09-01,district,ASSAM & MEGHALAYA,ASSAM,KAMRUP RURAL,19.5,6.2,215.0,LE,517.4,1070.6,-52.0,D,2026-09-01 11:14:58.552958
2026-09-01,2026-06-01,2026-09-01,district,ASSAM & MEGHALAYA,ASSAM,KARBI ANGLONG,20.5,8.6,138.0,LE,529.5,661.1,-20.0,D,2026-09-01 11:14:58.552958
2026-09-01,2026-06-01,2026-09-01,district,ASSAM & MEGHALAYA,ASSAM,KOKRAJHAR,18.4,11.9,55.0,E,2065.7,2237.5,-8.0,N,2026-09-01 11:14:58.552958
2026-09-01,2026-06-01,2026-09-01,district,ASSAM & MEGHALAYA,ASSAM,LAKHIMPUR,35.1,14.0,151.0,LE,1955.5,1657.0,18.0,N,2026-09-01 11:14:58.552958
2026-09-01,2026-06-01,2026-09-01,district,ASSAM & MEGHALAYA,ASSAM,MORIGAON,14.1,10.6,33.0,E,594.8,922.5,-36.0,D,2026-09-01 11:14:58.552958
2026-09-01,2026-06-01,2026-09-01,district,ASSAM & MEGHALAYA,ASSAM,NAGAON,52.1,8.4,521.0,LE,416.1,845.1,-51.0,D,2026-09-01 11:14:58.552958
2026-09-01,2026-06-01,2026-09-01,district,ASSAM & MEGHALAYA,ASSAM,NALBARI,8.6,5.9,46.0,E,529.5,1320.1,-60.0,LD,2026-09-01 11:14:58.552958
2026-09-01,2026-06-01,2026-09-01,district,ASSAM & MEGHALAYA,ASSAM,SIBSAGAR,13.0,8.5,53.0,E,697.0,973.5,-28.0,D,2026-09-01 11:14:58.552958
2026-09-01,2026-06-01,2026-09-01,district,ASSAM & MEGHALAYA,ASSAM,SONITPUR,18.9,6.0,215.0,LE,964.3,973.1,-1.0,N,2026-09-01 11:14:58.552958
2026-09-01,2026-06-01,2026-09-01,district,ASSAM & MEGHALAYA,ASSAM,SRIBHUMI,1.0,13.3,-92.0,LD,1400.8,1790.1,-22.0,D,2026-09-01 11:14:58.552958
2026-09-01,2026-06-01,2026-09-01,district,ASSAM & MEGHALAYA,ASSAM,TAMULPUR,16.7,6.3,166.0,LE,1049.3,1104.7,-5.0,N,2026-09-01 11:14:58.552958
2026-09-01,2026-06-01,2026-09-01,district,ASSAM & MEGHALAYA,ASSAM,TINSUKIA,4.7,12.4,-62.0,LD,1130.5,1179.2,-4.0,N,2026-09-01 11:14:58.552958
2026-09-01,2026-06-01,2026-09-01,district,ASSAM & MEGHALAYA,ASSAM,UDALGURI,8.7,8.0,8.0,N,517.3,1200.6,-57.0,D,2026-09-01 11:14:58.552958
2026-09-01,2026-06-01,2026-09-01,district,ASSAM & MEGHALAYA,ASSAM,WEST KARBI ANGLONG,8.6,3.8,126.0,LE,487.8,567.8,-14.0,N,2026-09-01 11:14:58.552958
2026-09-01,2026-06-01,2026-09-01,district,ASSAM & MEGHALAYA,MEGHALAYA,EAST GARO HILLS,2.0,7.6,-73.0,LD,588.9,1530.7,-62.0,LD,2026-09-01 11:14:58.552958
2026-09-01,2026-06-01,2026-09-01,district,ASSAM & MEGHALAYA,MEGHALAYA,EAST JAINTIA HILLS,0.9,24.8,-96.0,LD,1348.6,3735.8,-64.0,LD,2026-09-01 11:14:58.552958
2026-09-01,2026-06-01,2026-09-01,district,ASSAM & MEGHALAYA,MEGHALAYA,EAST KHASI HILLS,18.5,24.4,-24.0,D,1843.3,3757.6,-51.0,D,2026-09-01 11:14:58.552958
2026-09-01,2026-06-01,2026-09-01,district,ASSAM & MEGHALAYA,MEGHALAYA,NORTH GARO HILLS,40.3,7.5,438.0,LE,538.8,1474.9,-63.0,LD,2026-09-01 11:14:58.552958
2026-09-01,2026-06-01,2026-09-01,district,ASSAM & MEGHALAYA,MEGHALAYA,RI BHOI,12.7,16.2,-21.0,D,673.1,1234.2,-45.0,D,2026-09-01 11:14:58.552958
2026-09-01,2026-06-01,2026-09-01,district,ASSAM & MEGHALAYA,MEGHALAYA,SOUTH GARO HILLS,5.6,7.5,-26.0,D,779.8,1474.9,-47.0,D,2026-09-01 11:14:58.552958
2026-09-01,2026-06-01,2026-09-01,district,ASSAM & MEGHALAYA,MEGHALAYA,SOUTH WEST GARO HILLS,1.0,7.5,-87.0,LD,500.1,1474.9,-66.0,LD,2026-09-01 11:14:58.552958
2026-09-01,2026-06-01,2026-09-01,district,ASSAM & MEGHALAYA,MEGHALAYA,SOUTH WEST KHASI HILLS,32.3,7.5,330.0,LE,2511.8,1474.9,70.0,LE,2026-09-01 11:14:58.552958
2026-09-01,2026-06-01,2026-09-01,district,ASSAM & MEGHALAYA,MEGHALAYA,WEST GARO HILLS,6.9,9.4,-27.0,D,420.9,1509.6,-72.0,LD,2026-09-01 11:14:58.552958
2026-09-01,2026-06-01,2026-09-01,district,ASSAM & MEGHALAYA,MEGHALAYA,WEST JAINTIA HILLS,4.9,24.8,-80.0,LD,800.1,3735.8,-79.0,LD,2026-09-01 11:14:58.552958
2026-09-01,2026-06-01,2026-09-01,district,ASSAM & MEGHALAYA,MEGHALAYA,WEST KHASI HILLS,6.6,25.6,-74.0,LD,718.1,2218.8,-68.0,LD,2026-09-01 11:14:58.552958
2026-09-01,2026-06-01,2026-09-01,district,BIHAR,BIHAR,ARARIA,0.0,7.2,-100.0,NR,713.2,1097.8,-35.0,D,2026-09-01 11:14:58.552958
2026-09-01,2026-06-01,2026-09-01,district,BIHAR,BIHAR,ARWAL,35.2,6.8,418.0,LE,399.2,552.2,-28.0,D,2026-09-01 11:14:58.552958
2026-09-01,2026-06-01,2026-09-01,district,BIHAR,BIHAR,AURANGABAD,51.5,7.1,626.0,LE,694.6,678.4,2.0,N,2026-09-01 11:14:58.552958
2026-09-01,2026-06-01,2026-09-01,district,BIHAR,BIHAR,BANKA,21.6,5.8,273.0,LE,376.7,677.7,-44.0,D,2026-09-01 11:14:58.552958
2026-09-01,2026-06-01,2026-09-01,district,BIHAR,BIHAR,BEGUSARAI,14.5,8.5,71.0,LE,499.3,777.0,-36.0,D,2026-09-01 11:14:58.552958
2026-09-01,2026-06-01,2026-09-01,district,BIHAR,BIHAR,BHABUA,45.5,9.5,379.0,LE,434.7,678.4,-36.0,D,2026-09-01 11:14:58.552958
2026-09-01,2026-06-01,2026-09-01,district,BIHAR,BIHAR,BHAGALPUR,6.1,4.2,45.0,E,325.5,754.7,-57.0,D,2026-09-01 11:14:58.552958
2026-09-01,2026-06-01,2026-09-01,district,BIHAR,BIHAR,BHOJPUR,37.9,5.6,577.0,LE,382.5,687.7,-44.0,D,2026-09-01 11:14:58.552958
2026-09-01,2026-06-01,2026-09-01,district,BIHAR,BIHAR,BUXAR,37.1,10.3,260.0,LE,518.1,623.5,-17.0,N,2026-09-01 11:14:58.552958
2026-09-01,2026-06-01,2026-09-01,district,BIHAR,BIHAR,DARBHANGA,0.4,5.4,-92.0,LD,339.7,718.4,-53.0,D,2026-09-01 11:14:58.552958
2026-09-01,2026-06-01,2026-09-01,district,BIHAR,BIHAR,EAST CHAMPARAN,3.7,4.9,-24.0,D,471.7,849.0,-44.0,D,2026-09-01 11:14:58.552958
2026-09-01,2026-06-01,2026-09-01,district,BIHAR,BIHAR,GAYA,39.8,8.0,398.0,LE,492.7,661.6,-26.0,D,2026-09-01 11:14:58.552958
2026-09-01,2026-06-01,2026-09-01,district,BIHAR,BIHAR,GOPALGANJ,21.7,7.1,206.0,LE,481.2,758.9,-37.0,D,2026-09-01 11:14:58.552958
2026-09-01,2026-06-01,2026-09-01,district,BIHAR,BIHAR,JAHANABAD,8.6,7.4,17.0,N,259.4,655.2,-60.0,LD,2026-09-01 11:14:58.552958
2026-09-01,2026-06-01,2026-09-01,district,BIHAR,BIHAR,JAMUI,29.4,4.9,501.0,LE,379.5,722.6,-47.0,D,2026-09-01 11:14:58.552958
2026-09-01,2026-06-01,2026-09-01,district,BIHAR,BIHAR,KATIHAR,16.5,5.6,194.0,LE,497.4,822.5,-40.0,D,2026-09-01 11:14:58.552958
2026-09-01,2026-06-01,2026-09-01,district,BIHAR,BIHAR,KHAGARIA,13.1,5.0,161.0,LE,700.0,750.6,-7.0,N,2026-09-01 11:14:58.552958
2026-09-01,2026-06-01,2026-09-01,district,BIHAR,BIHAR,KISHANGANJ,2.6,9.3,-72.0,LD,944.8,1401.0,-33.0,D,2026-09-01 11:14:58.552958
2026-09-01,2026-06-01,2026-09-01,district,BIHAR,BIHAR,LAKHISARAI,36.1,8.8,310.0,LE,606.2,658.5,-8.0,N,2026-09-01 11:14:58.552958
2026-09-01,2026-06-01,2026-09-01,district,BIHAR,BIHAR,MADHEPURA,11.0,7.3,50.0,E,505.4,803.5,-37.0,D,2026-09-01 11:14:58.552958
2026-09-01,2026-06-01,2026-09-01,district,BIHAR,BIHAR,MADHUBANI,1.1,6.9,-84.0,LD,456.8,798.1,-43.0,D,2026-09-01 11:14:58.552958
2026-09-01,2026-06-01,2026-09-01,district,BIHAR,BIHAR,MUNGER,25.2,7.7,227.0,LE,524.6,801.7,-35.0,D,2026-09-01 11:14:58.552958
2026-09-01,2026-06-01,2026-09-01,district,BIHAR,BIHAR,MUZAFFARPUR,1.2,4.4,-72.0,LD,364.3,755.5,-52.0,D,2026-09-01 11:14:58.552958
2026-09-01,2026-06-01,2026-09-01,district,BIHAR,BIHAR,NALANDA,16.2,5.7,185.0,LE,399.0,666.9,-40.0,D,2026-09-01 11:14:58.552958
2026-09-01,2026-06-01,2026-09-01,district,BIHAR,BIHAR,NAWADA,46.5,6.7,595.0,LE,457.5,654.8,-30.0,D,2026-09-01 11:14:58.552958
2026-09-01,2026-06-01,2026-09-01,district,BIHAR,BIHAR,PATNA,14.5,7.8,85.0,LE,359.5,691.4,-48.0,D,2026-09-01 11:14:58.552958
2026-09-01,2026-06-01,2026-09-01,district,BIHAR,BIHAR,PURNEA,22.4,7.3,206.0,LE,626.1,1110.2,-44.0,D,2026-09-01 11:14:58.552958
2026-09-01,2026-06-01,2026-09-01,district,BIHAR,BIHAR,ROHTAS,36.1,7.2,402.0,LE,476.2,659.4,-28.0,D,2026-09-01 11:14:58.552958
2026-09-01,2026-06-01,2026-09-01,district,BIHAR,BIHAR,SAHARSA,15.5,6.8,128.0,LE,444.3,853.7,-48.0,D,2026-09-01 11:14:58.552958
2026-09-01,2026-06-01,2026-09-01,district,BIHAR,BIHAR,SAMASTIPUR,6.5,7.7,-16.0,N,396.4,730.4,-46.0,D,2026-09-01 11:14:58.552958
2026-09-01,2026-06-01,2026-09-01,district,BIHAR,BIHAR,SARAN,9.0,6.6,36.0,E,352.6,710.2,-50.0,D,2026-09-01 11:14:58.552958
2026-09-01,2026-06-01,2026-09-01,district,BIHAR,BIHAR,SHEIKHPURA,31.4,5.9,432.0,LE,402.9,642.2,-37.0,D,2026-09-01 11:14:58.552958
2026-09-01,2026-06-01,2026-09-01,district,BIHAR,BIHAR,SHEOHAR,0.0,10.1,-100.0,NR,318.3,812.8,-61.0,LD,2026-09-01 11:14:58.552958
2026-09-01,2026-06-01,2026-09-01,district,BIHAR,BIHAR,SITAMARHI,0.1,6.7,-98.0,LD,358.5,878.4,-59.0,D,2026-09-01 11:14:58.552958
2026-09-01,2026-06-01,2026-09-01,district,BIHAR,BIHAR,SIWAN,10.1,6.0,69.0,LE,611.6,694.1,-12.0,N,2026-09-01 11:14:58.552958
2026-09-01,2026-06-01,2026-09-01,district,BIHAR,BIHAR,SUPAUL,4.3,5.4,-20.0,D,629.0,862.6,-27.0,D,2026-09-01 11:14:58.552958
2026-09-01,2026-06-01,2026-09-01,district,BIHAR,BIHAR,VAISHALI,6.0,6.5,-7.0,N,408.4,712.5,-43.0,D,2026-09-01 11:14:58.552958
2026-09-01,2026-06-01,2026-09-01,district,BIHAR,BIHAR,WEST CHAMPARAN,5.0,8.9,-44.0,D,613.6,1004.0,-39.0,D,2026-09-01 11:14:58.552958
2026-09-01,2026-06-01,2026-09-01,district,CHHATTISGARH,CHHATTISGARH,BALOD,2.1,12.0,-83.0,LD,919.4,835.2,10.0,N,2026-09-01 11:14:58.552958
2026-09-01,2026-06-01,2026-09-01,district,CHHATTISGARH,CHHATTISGARH,BALODA BAZAR,27.5,3.9,604.0,LE,927.8,763.8,21.0,E,2026-09-01 11:14:58.552958
2026-09-01,2026-06-01,2026-09-01,district,CHHATTISGARH,CHHATTISGARH,BALRAMPUR,79.9,8.8,808.0,LE,1389.6,795.1,75.0,LE,2026-09-01 11:14:58.552958
2026-09-01,2026-06-01,2026-09-01,district,CHHATTISGARH,CHHATTISGARH,BASTAR,2.5,6.3,-60.0,LD,859.2,959.1,-10.0,N,2026-09-01 11:14:58.552958
2026-09-01,2026-06-01,2026-09-01,district,CHHATTISGARH,CHHATTISGARH,BEMETARA,5.2,4.3,20.0,E,515.2,862.5,-40.0,D,2026-09-01 11:14:58.552958
2026-09-01,2026-06-01,2026-09-01,district,CHHATTISGARH,CHHATTISGARH,BIJAPUR,0.0,13.9,-100.0,NR,1233.3,1156.2,7.0,N,2026-09-01 11:14:58.552958
2026-09-01,2026-06-01,2026-09-01,district,CHHATTISGARH,CHHATTISGARH,BILASPUR,1.8,6.7,-73.0,LD,909.8,860.4,6.0,N,2026-09-01 11:14:58.552958
2026-09-01,2026-06-01,2026-09-01,district,CHHATTISGARH,CHHATTISGARH,DANTEWADA,2.2,10.5,-79.0,LD,922.1,1077.6,-14.0,N,2026-09-01 11:14:58.552958
2026-09-01,2026-06-01,2026-09-01,district,CHHATTISGARH,CHHATTISGARH,DHAMTARI,1.9,11.0,-82.0,LD,918.4,864.2,6.0,N,2026-09-01 11:14:58.552958
2026-09-01,2026-06-01,2026-09-01,district,CHHATTISGARH,CHHATTISGARH,DURG,2.9,5.1,-44.0,D,681.6,811.6,-16.0,N,2026-09-01 11:14:58.552958
2026-09-01,2026-06-01,2026-09-01,district,CHHATTISGARH,CHHATTISGARH,GARIABAND,10.0,9.6,4.0,N,1012.0,869.6,16.0,N,2026-09-01 11:14:58.552958
2026-09-01,2026-06-01,2026-09-01,district,CHHATTISGARH,CHHATTISGARH,GAURELA PENDRA MARWAHI,0.8,8.0,-90.0,LD,840.4,881.8,-5.0,N,2026-09-01 11:14:58.552958
2026-09-01,2026-06-01,2026-09-01,district,CHHATTISGARH,CHHATTISGARH,JANJGIR,4.9,8.0,-39.0,D,1049.9,897.7,17.0,N,2026-09-01 11:14:58.552958
2026-09-01,2026-06-01,2026-09-01,district,CHHATTISGARH,CHHATTISGARH,JASHPUR,5.7,10.7,-47.0,D,753.7,1108.5,-32.0,D,2026-09-01 11:14:58.552958
2026-09-01,2026-06-01,2026-09-01,district,CHHATTISGARH,CHHATTISGARH,KABIRDHAM,1.9,5.2,-63.0,LD,563.7,712.3,-21.0,D,2026-09-01 11:14:58.552958
2026-09-01,2026-06-01,2026-09-01,district,CHHATTISGARH,CHHATTISGARH,KANKER,0.4,11.4,-97.0,LD,719.7,1114.2,-35.0,D,2026-09-01 11:14:58.552958
2026-09-01,2026-06-01,2026-09-01,district,CHHATTISGARH,CHHATTISGARH,KHAIRAGARH CHH GANDAI,0.3,3.6,-91.0,LD,593.6,603.8,-2.0,N,2026-09-01 11:14:58.552958
2026-09-01,2026-06-01,2026-09-01,district,CHHATTISGARH,CHHATTISGARH,KONDAGAON,0.0,10.2,-99.0,LD,797.1,962.2,-17.0,N,2026-09-01 11:14:58.552958
2026-09-01,2026-06-01,2026-09-01,district,CHHATTISGARH,CHHATTISGARH,KORBA,8.0,8.7,-8.0,N,988.9,1023.2,-3.0,N,2026-09-01 11:14:58.552958
2026-09-01,2026-06-01,2026-09-01,district,CHHATTISGARH,CHHATTISGARH,KORIYA,3.9,8.5,-54.0,D,745.4,909.7,-18.0,N,2026-09-01 11:14:58.552958
2026-09-01,2026-06-01,2026-09-01,district,CHHATTISGARH,CHHATTISGARH,MAHASAMUND,17.1,8.1,111.0,LE,1059.0,868.8,22.0,E,2026-09-01 11:14:58.552958
2026-09-01,2026-06-01,2026-09-01,district,CHHATTISGARH,CHHATTISGARH,MANENDRAGARH BHARATPUR,14.8,8.5,74.0,LE,1016.4,909.5,12.0,N,2026-09-01 11:14:58.552958
2026-09-01,2026-06-01,2026-09-01,district,CHHATTISGARH,CHHATTISGARH,MOHALA MANPUR CHOWKI,0.0,6.6,-100.0,NR,722.5,846.9,-15.0,N,2026-09-01 11:14:58.552958
2026-09-01,2026-06-01,2026-09-01,district,CHHATTISGARH,CHHATTISGARH,MUNGELI,9.0,7.1,27.0,E,1017.9,777.5,31.0,E,2026-09-01 11:14:58.552958
2026-09-01,2026-06-01,2026-09-01,district,CHHATTISGARH,CHHATTISGARH,NARAYANPUR,0.3,10.4,-98.0,LD,1281.6,1025.9,25.0,E,2026-09-01 11:14:58.552958
2026-09-01,2026-06-01,2026-09-01,district,CHHATTISGARH,CHHATTISGARH,RAIGARH,6.7,9.3,-28.0,D,914.8,967.8,-5.0,N,2026-09-01 11:14:58.552958
2026-09-01,2026-06-01,2026-09-01,district,CHHATTISGARH,CHHATTISGARH,RAIPUR,5.2,9.7,-47.0,D,996.6,830.1,20.0,E,2026-09-01 11:14:58.552958
2026-09-01,2026-06-01,2026-09-01,district,CHHATTISGARH,CHHATTISGARH,RAJNANDGAON,0.2,5.3,-96.0,LD,735.1,854.4,-14.0,N,2026-09-01 11:14:58.552958
2026-09-01,2026-06-01,2026-09-01,district,CHHATTISGARH,CHHATTISGARH,SAKTI,2.9,6.3,-53.0,D,873.1,918.1,-5.0,N,2026-09-01 11:14:58.552958
2026-09-01,2026-06-01,2026-09-01,district,CHHATTISGARH,CHHATTISGARH,SARANGARH BILAIGARH,2.2,6.3,-66.0,LD,1100.2,751.8,46.0,E,2026-09-01 11:14:58.552958
2026-09-01,2026-06-01,2026-09-01,district,CHHATTISGARH,CHHATTISGARH,SUKMA,1.8,12.2,-85.0,LD,854.2,974.8,-12.0,N,2026-09-01 11:14:58.552958
2026-09-01,2026-06-01,2026-09-01,district,CHHATTISGARH,CHHATTISGARH,SURAJPUR,11.3,11.4,-1.0,N,1090.5,978.0,12.0,N,2026-09-01 11:14:58.552958
2026-09-01,2026-06-01,2026-09-01,district,CHHATTISGARH,CHHATTISGARH,SURGUJA,8.4,10.5,-20.0,D,596.5,961.2,-38.0,D,2026-09-01 11:14:58.552958
2026-09-01,2026-06-01,2026-09-01,district,COASTAL A. P. & YANAM,ANDHRA PRADESH,ANAKAPALLI,0.0,6.9,-100.0,NR,266.0,455.5,-42.0,D,2026-09-01 11:14:58.552958
2026-09-01,2026-06-01,2026-09-01,district,COASTAL A. P. & YANAM,ANDHRA PRADESH,BAPATLA,0.0,3.0,-100.0,NR,159.6,396.1,-60.0,LD,2026-09-01 11:14:58.552958
2026-09-01,2026-06-01,2026-09-01,district,COASTAL A. P. & YANAM,ANDHRA PRADESH,DR B R AMBEDKAR KONASEEMA,0.0,4.6,-100.0,NR,445.2,595.9,-25.0,D,2026-09-01 11:14:58.552958
2026-09-01,2026-06-01,2026-09-01,district,COASTAL A. P. & YANAM,ANDHRA PRADESH,EAST GODAVARI,0.0,6.0,-100.0,NR,322.3,560.3,-42.0,D,2026-09-01 11:14:58.552958
2026-09-01,2026-06-01,2026-09-01,district,COASTAL A. P. & YANAM,ANDHRA PRADESH,ELURU,1.1,5.6,-80.0,LD,391.4,681.8,-43.0,D,2026-09-01 11:14:58.552958
2026-09-01,2026-06-01,2026-09-01,district,COASTAL A. P. & YANAM,ANDHRA PRADESH,GUNTUR,0.0,2.9,-100.0,NR,313.2,446.4,-30.0,D,2026-09-01 11:14:58.552958
2026-09-01,2026-06-01,2026-09-01,district,COASTAL A. P. & YANAM,ANDHRA PRADESH,KAKINADA,0.0,5.3,-100.0,NR,292.1,493.7,-41.0,D,2026-09-01 11:14:58.552958
2026-09-01,2026-06-01,2026-09-01,district,COASTAL A. P. & YANAM,ANDHRA PRADESH,KRISHNA,0.0,3.7,-100.0,NR,304.6,503.4,-39.0,D,2026-09-01 11:14:58.552958
2026-09-01,2026-06-01,2026-09-01,district,COASTAL A. P. & YANAM,ANDHRA PRADESH,NTR DISTRICT,0.0,4.9,-100.0,NR,342.5,547.1,-37.0,D,2026-09-01 11:14:58.552958
2026-09-01,2026-06-01,2026-09-01,district,COASTAL A. P. & YANAM,ANDHRA PRADESH,PALNADU,0.0,2.6,-100.0,NR,228.5,404.8,-44.0,D,2026-09-01 11:14:58.552958
2026-09-01,2026-06-01,2026-09-01,district,COASTAL A. P. & YANAM,ANDHRA PRADESH,PARVATHIPURAM MANYAM,0.1,8.6,-99.0,LD,355.4,589.0,-40.0,D,2026-09-01 11:14:58.552958
2026-09-01,2026-06-01,2026-09-01,district,COASTAL A. P. & YANAM,ANDHRA PRADESH,PRAKASAM,0.0,2.1,-98.0,LD,104.0,255.8,-59.0,D,2026-09-01 11:14:58.552958
2026-09-01,2026-06-01,2026-09-01,district,COASTAL A. P. & YANAM,ANDHRA PRADESH,SPSR NELLORE,0.0,3.1,-100.0,NR,136.7,233.5,-41.0,D,2026-09-01 11:14:58.552958
2026-09-01,2026-06-01,2026-09-01,district,COASTAL A. P. & YANAM,ANDHRA PRADESH,SRI ALLURI SITHARAMARAJU DISTRICT,0.4,6.2,-94.0,LD,362.5,712.0,-49.0,D,2026-09-01 11:14:58.552958
2026-09-01,2026-06-01,2026-09-01,district,COASTAL A. P. & YANAM,ANDHRA PRADESH,SRIKAKULAM,1.5,7.1,-79.0,LD,341.5,531.2,-36.0,D,2026-09-01 11:14:58.552958
2026-09-01,2026-06-01,2026-09-01,district,COASTAL A. P. & YANAM,ANDHRA PRADESH,VISHAKHAPATNAM,0.0,5.5,-100.0,NR,241.3,411.1,-41.0,D,2026-09-01 11:14:58.552958
2026-09-01,2026-06-01,2026-09-01,district,COASTAL A. P. & YANAM,ANDHRA PRADESH,VIZIANAGARAM,0.0,6.6,-100.0,NR,346.3,507.3,-32.0,D,2026-09-01 11:14:58.552958
2026-09-01,2026-06-01,2026-09-01,district,COASTAL A. P. & YANAM,ANDHRA PRADESH,WEST GODAVARI,0.0,5.3,-100.0,NR,278.1,574.1,-52.0,D,2026-09-01 11:14:58.552958
2026-09-01,2026-06-01,2026-09-01,district,COASTAL A. P. & YANAM,PUDUCHERRY (UT),YANAM,0.0,3.6,-100.0,NR,290.2,554.6,-48.0,D,2026-09-01 11:14:58.552958
2026-09-01,2026-06-01,2026-09-01,district,COASTAL KARNATAKA,KARNATAKA,DAKSHINA KANNADA,16.1,15.5,4.0,N,2442.3,2992.0,-18.0,N,2026-09-01 11:14:58.552958
2026-09-01,2026-06-01,2026-09-01,district,COASTAL KARNATAKA,KARNATAKA,UDUPI,18.0,20.7,-13.0,N,2527.0,3388.8,-25.0,D,2026-09-01 11:14:58.552958
2026-09-01,2026-06-01,2026-09-01,district,COASTAL KARNATAKA,KARNATAKA,UTTARA KANNADA,5.8,15.9,-64.0,LD,1831.3,2486.6,-26.0,D,2026-09-01 11:14:58.552958
2026-09-01,2026-06-01,2026-09-01,district,EAST MADHYA PRADESH,MADHYA PRADESH,ANUPPUR,6.0,9.4,-36.0,D,939.8,815.6,15.0,N,2026-09-01 11:14:58.552958
2026-09-01,2026-06-01,2026-09-01,district,EAST MADHYA PRADESH,MADHYA PRADESH,BALAGHAT,0.0,8.8,-99.0,LD,935.9,1045.7,-11.0,N,2026-09-01 11:14:58.552958
2026-09-01,2026-06-01,2026-09-01,district,EAST MADHYA PRADESH,MADHYA PRADESH,CHHATARPUR,4.8,9.1,-47.0,D,744.9,771.2,-3.0,N,2026-09-01 11:14:58.552958
2026-09-01,2026-06-01,2026-09-01,district,EAST MADHYA PRADESH,MADHYA PRADESH,CHHINDWARA,0.0,7.7,-100.0,NR,659.9,851.1,-22.0,D,2026-09-01 11:14:58.552958
2026-09-01,2026-06-01,2026-09-01,district,EAST MADHYA PRADESH,MADHYA PRADESH,DAMOH,0.3,7.5,-96.0,LD,797.2,916.1,-13.0,N,2026-09-01 11:14:58.552958
2026-09-01,2026-06-01,2026-09-01,district,EAST MADHYA PRADESH,MADHYA PRADESH,DINDORI,2.6,7.0,-62.0,LD,967.8,990.2,-2.0,N,2026-09-01 11:14:58.552958
2026-09-01,2026-06-01,2026-09-01,district,EAST MADHYA PRADESH,MADHYA PRADESH,JABALPUR,0.0,10.5,-100.0,NR,775.6,944.0,-18.0,N,2026-09-01 11:14:58.552958
2026-09-01,2026-06-01,2026-09-01,district,EAST MADHYA PRADESH,MADHYA PRADESH,KATNI,3.5,11.9,-71.0,LD,734.1,790.4,-7.0,N,2026-09-01 11:14:58.552958
2026-09-01,2026-06-01,2026-09-01,district,EAST MADHYA PRADESH,MADHYA PRADESH,MAIHAR,62.7,12.2,414.0,LE,854.1,799.7,7.0,N,2026-09-01 11:14:58.552958
2026-09-01,2026-06-01,2026-09-01,district,EAST MADHYA PRADESH,MADHYA PRADESH,MANDLA,0.0,8.6,-100.0,NR,937.5,1009.0,-7.0,N,2026-09-01 11:14:58.552958
2026-09-01,2026-06-01,2026-09-01,district,EAST MADHYA PRADESH,MADHYA PRADESH,MAUGANJ,29.3,21.7,35.0,E,1175.3,769.4,53.0,E,2026-09-01 11:14:58.552958
2026-09-01,2026-06-01,2026-09-01,district,EAST MADHYA PRADESH,MADHYA PRADESH,NARSINGHPUR,0.0,7.1,-100.0,NR,777.0,873.0,-11.0,N,2026-09-01 11:14:58.552958
2026-09-01,2026-06-01,2026-09-01,district,EAST MADHYA PRADESH,MADHYA PRADESH,NIWARI,0.0,11.3,-100.0,NR,993.3,642.6,55.0,E,2026-09-01 11:14:58.552958
2026-09-01,2026-06-01,2026-09-01,district,EAST MADHYA PRADESH,MADHYA PRADESH,PANDHURNA,0.0,8.9,-100.0,NR,519.7,662.4,-22.0,D,2026-09-01 11:14:58.552958
2026-09-01,2026-06-01,2026-09-01,district,EAST MADHYA PRADESH,MADHYA PRADESH,PANNA,5.1,10.2,-50.0,D,867.2,887.4,-2.0,N,2026-09-01 11:14:58.552958
2026-09-01,2026-06-01,2026-09-01,district,EAST MADHYA PRADESH,MADHYA PRADESH,REWA,39.2,18.9,108.0,LE,680.3,796.6,-15.0,N,2026-09-01 11:14:58.552958
2026-09-01,2026-06-01,2026-09-01,district,EAST MADHYA PRADESH,MADHYA PRADESH,SAGAR,0.0,5.9,-100.0,NR,695.2,901.6,-23.0,D,2026-09-01 11:14:58.552958
2026-09-01,2026-06-01,2026-09-01,district,EAST MADHYA PRADESH,MADHYA PRADESH,SATNA,60.4,11.1,444.0,LE,1094.1,766.7,43.0,E,2026-09-01 11:14:58.552958
2026-09-01,2026-06-01,2026-09-01,district,EAST MADHYA PRADESH,MADHYA PRADESH,SEONI,0.0,7.7,-100.0,NR,693.9,851.7,-19.0,N,2026-09-01 11:14:58.552958
2026-09-01,2026-06-01,2026-09-01,district,EAST MADHYA PRADESH,MADHYA PRADESH,SHAHDOL,34.7,10.1,244.0,LE,1001.6,814.0,23.0,E,2026-09-01 11:14:58.552958
2026-09-01,2026-06-01,2026-09-01,district,EAST MADHYA PRADESH,MADHYA PRADESH,SIDHI,23.2,20.2,15.0,N,971.7,835.2,16.0,N,2026-09-01 11:14:58.552958
2026-09-01,2026-06-01,2026-09-01,district,EAST MADHYA PRADESH,MADHYA PRADESH,SINGRAULI,31.2,7.7,305.0,LE,913.2,851.1,7.0,N,2026-09-01 11:14:58.552958
2026-09-01,2026-06-01,2026-09-01,district,EAST MADHYA PRADESH,MADHYA PRADESH,TIKAMGARH,0.0,3.6,-100.0,NR,739.6,768.8,-4.0,N,2026-09-01 11:14:58.552958
2026-09-01,2026-06-01,2026-09-01,district,EAST MADHYA PRADESH,MADHYA PRADESH,UMARIA,6.3,9.4,-33.0,D,973.6,866.3,12.0,N,2026-09-01 11:14:58.552958
2026-09-01,2026-06-01,2026-09-01,district,EAST RAJASTHAN,RAJASTHAN,AJMER,0.0,3.2,-100.0,NR,329.4,397.4,-17.0,N,2026-09-01 11:14:58.552958
2026-09-01,2026-06-01,2026-09-01,district,EAST RAJASTHAN,RAJASTHAN,ALWAR,0.0,5.3,-100.0,NR,431.1,461.1,-7.0,N,2026-09-01 11:14:58.552958
2026-09-01,2026-06-01,2026-09-01,district,EAST RAJASTHAN,RAJASTHAN,BANSWARA,0.0,10.4,-100.0,NR,380.4,752.2,-49.0,D,2026-09-01 11:14:58.552958
2026-09-01,2026-06-01,2026-09-01,district,EAST RAJASTHAN,RAJASTHAN,BARAN,0.0,8.1,-100.0,NR,526.8,726.3,-27.0,D,2026-09-01 11:14:58.552958
2026-09-01,2026-06-01,2026-09-01,district,EAST RAJASTHAN,RAJASTHAN,BHARATPUR,0.0,4.8,-100.0,NR,579.7,452.5,28.0,E,2026-09-01 11:14:58.552958
2026-09-01,2026-06-01,2026-09-01,district,EAST RAJASTHAN,RAJASTHAN,BHILWARA,0.0,4.7,-100.0,NR,362.1,527.2,-31.0,D,2026-09-01 11:14:58.552958
2026-09-01,2026-06-01,2026-09-01,district,EAST RAJASTHAN,RAJASTHAN,BUNDI,0.0,7.1,-100.0,NR,423.8,563.1,-25.0,D,2026-09-01 11:14:58.552958
2026-09-01,2026-06-01,2026-09-01,district,EAST RAJASTHAN,RAJASTHAN,CHITTORGARH,0.0,7.9,-100.0,NR,484.7,629.9,-23.0,D,2026-09-01 11:14:58.552958
2026-09-01,2026-06-01,2026-09-01,district,EAST RAJASTHAN,RAJASTHAN,DAUSA,0.0,7.2,-100.0,NR,483.2,512.3,-6.0,N,2026-09-01 11:14:58.552958
2026-09-01,2026-06-01,2026-09-01,district,EAST RAJASTHAN,RAJASTHAN,DHOLPUR,0.0,5.0,-100.0,NR,531.8,490.2,8.0,N,2026-09-01 11:14:58.552958
2026-09-01,2026-06-01,2026-09-01,district,EAST RAJASTHAN,RAJASTHAN,DUNGARPUR,0.0,7.7,-100.0,NR,340.8,607.1,-44.0,D,2026-09-01 11:14:58.552958
2026-09-01,2026-06-01,2026-09-01,district,EAST RAJASTHAN,RAJASTHAN,JAIPUR,0.0,4.3,-100.0,NR,322.6,454.3,-29.0,D,2026-09-01 11:14:58.552958
2026-09-01,2026-06-01,2026-09-01,district,EAST RAJASTHAN,RAJASTHAN,JHALAWAR,0.0,12.1,-100.0,NR,623.9,760.7,-18.0,N,2026-09-01 11:14:58.552958
2026-09-01,2026-06-01,2026-09-01,district,EAST RAJASTHAN,RAJASTHAN,JHUNJHUNU,0.0,1.7,-100.0,NR,393.2,352.4,12.0,N,2026-09-01 11:14:58.552958
2026-09-01,2026-06-01,2026-09-01,district,EAST RAJASTHAN,RAJASTHAN,KARAULI,0.0,5.8,-100.0,NR,407.2,518.6,-21.0,D,2026-09-01 11:14:58.552958
2026-09-01,2026-06-01,2026-09-01,district,EAST RAJASTHAN,RAJASTHAN,KOTA,0.0,7.9,-100.0,NR,444.7,640.7,-31.0,D,2026-09-01 11:14:58.552958
2026-09-01,2026-06-01,2026-09-01,district,EAST RAJASTHAN,RAJASTHAN,PRATAPGARH,0.0,9.4,-100.0,NR,617.0,785.0,-21.0,D,2026-09-01 11:14:58.552958
2026-09-01,2026-06-01,2026-09-01,district,EAST RAJASTHAN,RAJASTHAN,RAJSAMAND,0.0,4.6,-100.0,NR,309.3,462.3,-33.0,D,2026-09-01 11:14:58.552958
2026-09-01,2026-06-01,2026-09-01,district,EAST RAJASTHAN,RAJASTHAN,SAWAI MADHOPUR,0.0,4.4,-100.0,NR,383.1,578.6,-34.0,D,2026-09-01 11:14:58.552958
2026-09-01,2026-06-01,2026-09-01,district,EAST RAJASTHAN,RAJASTHAN,SIKAR,0.0,2.7,-100.0,NR,330.7,360.0,-8.0,N,2026-09-01 11:14:58.552958
2026-09-01,2026-06-01,2026-09-01,district,EAST RAJASTHAN,RAJASTHAN,SIROHI,0.0,12.0,-100.0,NR,415.4,751.0,-45.0,D,2026-09-01 11:14:58.552958
2026-09-01,2026-06-01,2026-09-01,district,EAST RAJASTHAN,RAJASTHAN,TONK,0.0,5.0,-100.0,NR,398.6,497.6,-20.0,D,2026-09-01 11:14:58.552958
2026-09-01,2026-06-01,2026-09-01,district,EAST RAJASTHAN,RAJASTHAN,UDAIPUR,0.0,6.3,-100.0,NR,339.4,525.3,-35.0,D,2026-09-01 11:14:58.552958
2026-09-01,2026-06-01,2026-09-01,district,EAST UTTAR PRADESH,UTTAR PRADESH,AMBEDKAR NAGAR,40.0,10.4,284.0,LE,616.9,665.7,-7.0,N,2026-09-01 11:14:58.552958
2026-09-01,2026-06-01,2026-09-01,district,EAST UTTAR PRADESH,UTTAR PRADESH,AMETHI,22.4,12.2,84.0,LE,324.4,543.8,-40.0,D,2026-09-01 11:14:58.552958
2026-09-01,2026-06-01,2026-09-01,district,EAST UTTAR PRADESH,UTTAR PRADESH,AYODHYA,24.8,14.6,70.0,LE,575.3,677.6,-15.0,N,2026-09-01 11:14:58.552958
2026-09-01,2026-06-01,2026-09-01,district,EAST UTTAR PRADESH,UTTAR PRADESH,AZAMGARH,50.5,11.8,328.0,LE,549.8,660.3,-17.0,N,2026-09-01 11:14:58.552958
2026-09-01,2026-06-01,2026-09-01,district,EAST UTTAR PRADESH,UTTAR PRADESH,BAHRAICH,6.7,9.1,-26.0,D,837.6,788.8,6.0,N,2026-09-01 11:14:58.552958
2026-09-01,2026-06-01,2026-09-01,district,EAST UTTAR PRADESH,UTTAR PRADESH,BALLIA,15.8,7.1,123.0,LE,484.0,577.6,-16.0,N,2026-09-01 11:14:58.552958
2026-09-01,2026-06-01,2026-09-01,district,EAST UTTAR PRADESH,UTTAR PRADESH,BALRAMPUR,8.2,5.6,47.0,E,562.0,652.2,-14.0,N,2026-09-01 11:14:58.552958
2026-09-01,2026-06-01,2026-09-01,district,EAST UTTAR PRADESH,UTTAR PRADESH,BANDA,57.6,5.9,876.0,LE,980.6,618.9,58.0,E,2026-09-01 11:14:58.552958
2026-09-01,2026-06-01,2026-09-01,district,EAST UTTAR PRADESH,UTTAR PRADESH,BARABANKI,16.0,9.2,74.0,LE,648.8,637.9,2.0,N,2026-09-01 11:14:58.552958
2026-09-01,2026-06-01,2026-09-01,district,EAST UTTAR PRADESH,UTTAR PRADESH,BASTI,18.9,8.2,130.0,LE,511.6,657.7,-22.0,D,2026-09-01 11:14:58.552958
2026-09-01,2026-06-01,2026-09-01,district,EAST UTTAR PRADESH,UTTAR PRADESH,BHADOHI,9.0,22.5,-60.0,LD,240.6,645.9,-63.0,LD,2026-09-01 11:14:58.552958
2026-09-01,2026-06-01,2026-09-01,district,EAST UTTAR PRADESH,UTTAR PRADESH,CHANDAULI,36.0,6.3,471.0,LE,472.0,572.0,-17.0,N,2026-09-01 11:14:58.552958
2026-09-01,2026-06-01,2026-09-01,district,EAST UTTAR PRADESH,UTTAR PRADESH,CHITRAKOOT,54.3,8.1,571.0,LE,1049.5,637.2,65.0,LE,2026-09-01 11:14:58.552958
2026-09-01,2026-06-01,2026-09-01,district,EAST UTTAR PRADESH,UTTAR PRADESH,DEORIA,3.5,5.1,-31.0,D,171.5,630.4,-73.0,LD,2026-09-01 11:14:58.552958
2026-09-01,2026-06-01,2026-09-01,district,EAST UTTAR PRADESH,UTTAR PRADESH,FARRUKHABAD,8.9,2.4,270.0,LE,467.9,580.9,-19.0,N,2026-09-01 11:14:58.552958
2026-09-01,2026-06-01,2026-09-01,district,EAST UTTAR PRADESH,UTTAR PRADESH,FATEHPUR,50.2,7.4,579.0,LE,517.7,555.5,-7.0,N,2026-09-01 11:14:58.552958
2026-09-01,2026-06-01,2026-09-01,district,EAST UTTAR PRADESH,UTTAR PRADESH,GHAZIPUR,59.5,9.8,507.0,LE,475.8,613.4,-22.0,D,2026-09-01 11:14:58.552958
2026-09-01,2026-06-01,2026-09-01,district,EAST UTTAR PRADESH,UTTAR PRADESH,GONDA,14.5,8.9,63.0,LE,650.8,694.7,-6.0,N,2026-09-01 11:14:58.552958
2026-09-01,2026-06-01,2026-09-01,district,EAST UTTAR PRADESH,UTTAR PRADESH,GORAKHPUR,18.5,12.5,48.0,E,667.1,997.6,-33.0,D,2026-09-01 11:14:58.552958
2026-09-01,2026-06-01,2026-09-01,district,EAST UTTAR PRADESH,UTTAR PRADESH,HARDOI,39.8,6.1,552.0,LE,485.4,530.3,-8.0,N,2026-09-01 11:14:58.552958
2026-09-01,2026-06-01,2026-09-01,district,EAST UTTAR PRADESH,UTTAR PRADESH,JAUNPUR,12.5,12.7,-1.0,N,242.0,554.4,-56.0,D,2026-09-01 11:14:58.552958
2026-09-01,2026-06-01,2026-09-01,district,EAST UTTAR PRADESH,UTTAR PRADESH,KANNAUJ,53.4,5.9,804.0,LE,711.0,531.6,34.0,E,2026-09-01 11:14:58.552958
2026-09-01,2026-06-01,2026-09-01,district,EAST UTTAR PRADESH,UTTAR PRADESH,KANPUR CITY,61.1,4.5,1257.0,LE,763.4,498.5,53.0,E,2026-09-01 11:14:58.552958
2026-09-01,2026-06-01,2026-09-01,district,EAST UTTAR PRADESH,UTTAR PRADESH,KANPUR DEHAT,6.6,4.5,47.0,E,170.5,464.3,-63.0,LD,2026-09-01 11:14:58.552958
2026-09-01,2026-06-01,2026-09-01,district,EAST UTTAR PRADESH,UTTAR PRADESH,KAUSHAMBI,6.3,7.9,-20.0,D,271.1,449.3,-40.0,D,2026-09-01 11:14:58.552958
2026-09-01,2026-06-01,2026-09-01,district,EAST UTTAR PRADESH,UTTAR PRADESH,KHERI,45.5,3.3,1278.0,LE,771.0,738.1,4.0,N,2026-09-01 11:14:58.552958
2026-09-01,2026-06-01,2026-09-01,district,EAST UTTAR PRADESH,UTTAR PRADESH,KUSHI NAGAR,5.5,4.9,12.0,N,211.1,591.6,-64.0,LD,2026-09-01 11:14:58.552958
2026-09-01,2026-06-01,2026-09-01,district,EAST UTTAR PRADESH,UTTAR PRADESH,LUCKNOW,16.7,6.2,170.0,LE,524.1,525.5,0.0,N,2026-09-01 11:14:58.552958
2026-09-01,2026-06-01,2026-09-01,district,EAST UTTAR PRADESH,UTTAR PRADESH,MAHARAJGANJ,37.6,13.3,183.0,LE,646.5,812.9,-20.0,D,2026-09-01 11:14:58.552958
2026-09-01,2026-06-01,2026-09-01,district,EAST UTTAR PRADESH,UTTAR PRADESH,MAU,28.5,9.8,191.0,LE,260.5,634.7,-59.0,D,2026-09-01 11:14:58.552958
2026-09-01,2026-06-01,2026-09-01,district,EAST UTTAR PRADESH,UTTAR PRADESH,MIRZAPUR,19.3,11.1,74.0,LE,744.3,694.3,7.0,N,2026-09-01 11:14:58.552958
2026-09-01,2026-06-01,2026-09-01,district,EAST UTTAR PRADESH,UTTAR PRADESH,PRATAPGARH,45.0,12.3,266.0,LE,729.8,605.0,21.0,E,2026-09-01 11:14:58.552958
2026-09-01,2026-06-01,2026-09-01,district,EAST UTTAR PRADESH,UTTAR PRADESH,PRAYAGRAJ,10.5,15.0,-30.0,D,802.8,575.0,40.0,E,2026-09-01 11:14:58.552958
2026-09-01,2026-06-01,2026-09-01,district,EAST UTTAR PRADESH,UTTAR PRADESH,RAE BAREILLY,19.5,5.5,255.0,LE,297.5,342.3,-13.0,N,2026-09-01 11:14:58.552958
2026-09-01,2026-06-01,2026-09-01,district,EAST UTTAR PRADESH,UTTAR PRADESH,SANT KABIR NAGAR,18.1,8.2,120.0,LE,430.3,819.0,-47.0,D,2026-09-01 11:14:58.552958
2026-09-01,2026-06-01,2026-09-01,district,EAST UTTAR PRADESH,UTTAR PRADESH,SHRAWASTI,2.8,6.2,-55.0,D,587.9,887.0,-34.0,D,2026-09-01 11:14:58.552958
2026-09-01,2026-06-01,2026-09-01,district,EAST UTTAR PRADESH,UTTAR PRADESH,SIDDHARTH NAGAR,32.5,12.3,164.0,LE,555.1,853.8,-35.0,D,2026-09-01 11:14:58.552958
2026-09-01,2026-06-01,2026-09-01,district,EAST UTTAR PRADESH,UTTAR PRADESH,SITAPUR,17.1,7.1,141.0,LE,425.2,654.6,-35.0,D,2026-09-01 11:14:58.552958
2026-09-01,2026-06-01,2026-09-01,district,EAST UTTAR PRADESH,UTTAR PRADESH,SONBHADRA,60.4,10.9,454.0,LE,729.7,690.2,6.0,N,2026-09-01 11:14:58.552958
2026-09-01,2026-06-01,2026-09-01,district,EAST UTTAR PRADESH,UTTAR PRADESH,SULTANPUR,21.3,13.6,57.0,E,637.7,646.1,-1.0,N,2026-09-01 11:14:58.552958
2026-09-01,2026-06-01,2026-09-01,district,EAST UTTAR PRADESH,UTTAR PRADESH,UNNAO,32.5,4.3,656.0,LE,397.7,502.0,-21.0,D,2026-09-01 11:14:58.552958
2026-09-01,2026-06-01,2026-09-01,district,EAST UTTAR PRADESH,UTTAR PRADESH,VARANASI,30.5,15.3,99.0,LE,663.8,630.4,5.0,N,2026-09-01 11:14:58.552958
2026-09-01,2026-06-01,2026-09-01,district,GANGETIC WEST BENGAL,WEST BENGAL,BANKURA,15.7,7.6,107.0,LE,987.1,915.5,8.0,N,2026-09-01 11:14:58.552958
2026-09-01,2026-06-01,2026-09-01,district,GANGETIC WEST BENGAL,WEST BENGAL,BIRBHUM,11.3,7.3,54.0,E,692.7,875.7,-21.0,D,2026-09-01 11:14:58.552958
2026-09-01,2026-06-01,2026-09-01,district,GANGETIC WEST BENGAL,WEST BENGAL,EAST MIDNAPORE,17.5,9.2,90.0,LE,1588.5,972.6,63.0,LE,2026-09-01 11:14:58.552958
2026-09-01,2026-06-01,2026-09-01,district,GANGETIC WEST BENGAL,WEST BENGAL,HOOGHLY,7.3,8.9,-18.0,N,841.9,825.5,2.0,N,2026-09-01 11:14:58.552958
2026-09-01,2026-06-01,2026-09-01,district,GANGETIC WEST BENGAL,WEST BENGAL,HOWRAH,8.6,10.8,-20.0,D,985.0,909.2,8.0,N,2026-09-01 11:14:58.552958
2026-09-01,2026-06-01,2026-09-01,district,GANGETIC WEST BENGAL,WEST BENGAL,JHARGRAM,18.5,7.6,143.0,LE,949.6,913.0,4.0,N,2026-09-01 11:14:58.552958
2026-09-01,2026-06-01,2026-09-01,district,GANGETIC WEST BENGAL,WEST BENGAL,KOLKATA,23.0,9.5,142.0,LE,1152.8,1043.8,10.0,N,2026-09-01 11:14:58.552958
2026-09-01,2026-06-01,2026-09-01,district,GANGETIC WEST BENGAL,WEST BENGAL,MURSHIDABAD,16.1,8.4,91.0,LE,598.6,771.8,-22.0,D,2026-09-01 11:14:58.552958
2026-09-01,2026-06-01,2026-09-01,district,GANGETIC WEST BENGAL,WEST BENGAL,NADIA,8.0,6.2,28.0,E,581.3,738.1,-21.0,D,2026-09-01 11:14:58.552958
2026-09-01,2026-06-01,2026-09-01,district,GANGETIC WEST BENGAL,WEST BENGAL,NORTH 24 PARGANAS,30.9,9.3,232.0,LE,1129.4,904.5,25.0,E,2026-09-01 11:14:58.552958
2026-09-01,2026-06-01,2026-09-01,district,GANGETIC WEST BENGAL,WEST BENGAL,PASCHIM BARDHAMAN,32.8,9.3,252.0,LE,908.8,860.8,6.0,N,2026-09-01 11:14:58.552958
2026-09-01,2026-06-01,2026-09-01,district,GANGETIC WEST BENGAL,WEST BENGAL,PURBA BARDHAMAN,8.5,7.3,16.0,N,739.6,814.3,-9.0,N,2026-09-01 11:14:58.552958
2026-09-01,2026-06-01,2026-09-01,district,GANGETIC WEST BENGAL,WEST BENGAL,PURULIA,11.4,7.3,56.0,E,782.4,860.8,-9.0,N,2026-09-01 11:14:58.552958
2026-09-01,2026-06-01,2026-09-01,district,GANGETIC WEST BENGAL,WEST BENGAL,SOUTH 24 PARGANAS,20.2,8.4,141.0,LE,1348.1,1135.7,19.0,N,2026-09-01 11:14:58.552958
2026-09-01,2026-06-01,2026-09-01,district,GANGETIC WEST BENGAL,WEST BENGAL,WEST MIDNAPORE,21.4,7.6,181.0,LE,1299.9,913.0,42.0,E,2026-09-01 11:14:58.552958
2026-09-01,2026-06-01,2026-09-01,district,GUJARAT REGION,DADRA & NAGAR HAVELI AND DAMAN & DIU (UT),DADARA & NAGAR HAVELI,10.9,15.4,-29.0,D,2929.1,1984.0,48.0,E,2026-09-01 11:14:58.552958
2026-09-01,2026-06-01,2026-09-01,district,GUJARAT REGION,DADRA & NAGAR HAVELI AND DAMAN & DIU (UT),DAMAN,4.7,15.4,-69.0,LD,2664.4,1984.0,34.0,E,2026-09-01 11:14:58.552958
2026-09-01,2026-06-01,2026-09-01,district,GUJARAT REGION,GUJARAT,AHMEDABAD,0.0,4.9,-100.0,NR,539.6,563.4,-4.0,N,2026-09-01 11:14:58.552958
2026-09-01,2026-06-01,2026-09-01,district,GUJARAT REGION,GUJARAT,ANAND,0.0,5.6,-100.0,NR,759.8,709.9,7.0,N,2026-09-01 11:14:58.552958
2026-09-01,2026-06-01,2026-09-01,district,GUJARAT REGION,GUJARAT,ARAVALLI,0.0,8.2,-100.0,NR,386.9,721.1,-46.0,D,2026-09-01 11:14:58.552958
2026-09-01,2026-06-01,2026-09-01,district,GUJARAT REGION,GUJARAT,BANASKANTHA,0.0,5.4,-100.0,NR,379.3,506.8,-25.0,D,2026-09-01 11:14:58.552958
2026-09-01,2026-06-01,2026-09-01,district,GUJARAT REGION,GUJARAT,BHARUCH,0.0,3.8,-100.0,NR,747.1,607.5,23.0,E,2026-09-01 11:14:58.552958
2026-09-01,2026-06-01,2026-09-01,district,GUJARAT REGION,GUJARAT,CHHOTA UDEPUR,0.0,9.0,-100.0,NR,596.3,832.4,-28.0,D,2026-09-01 11:14:58.552958
2026-09-01,2026-06-01,2026-09-01,district,GUJARAT REGION,GUJARAT,DAHOD,0.0,6.6,-100.0,NR,369.4,664.5,-44.0,D,2026-09-01 11:14:58.552958
2026-09-01,2026-06-01,2026-09-01,district,GUJARAT REGION,GUJARAT,DANGS,5.1,25.2,-80.0,LD,2323.4,1903.5,22.0,E,2026-09-01 11:14:58.552958
2026-09-01,2026-06-01,2026-09-01,district,GUJARAT REGION,GUJARAT,GANDHINAGAR,0.0,4.1,-100.0,NR,469.3,648.0,-28.0,D,2026-09-01 11:14:58.552958
2026-09-01,2026-06-01,2026-09-01,district,GUJARAT REGION,GUJARAT,KHEDA,0.0,7.1,-100.0,NR,867.4,693.8,25.0,E,2026-09-01 11:14:58.552958
2026-09-01,2026-06-01,2026-09-01,district,GUJARAT REGION,GUJARAT,MAHISAGAR,0.0,5.9,-100.0,NR,682.2,687.7,-1.0,N,2026-09-01 11:14:58.552958
2026-09-01,2026-06-01,2026-09-01,district,GUJARAT REGION,GUJARAT,MEHSANA,0.0,4.9,-100.0,NR,448.4,596.5,-25.0,D,2026-09-01 11:14:58.552958
2026-09-01,2026-06-01,2026-09-01,district,GUJARAT REGION,GUJARAT,NARMADA,0.0,8.2,-100.0,NR,866.4,887.5,-2.0,N,2026-09-01 11:14:58.552958
2026-09-01,2026-06-01,2026-09-01,district,GUJARAT REGION,GUJARAT,NAVSARI,3.6,13.7,-73.0,LD,2253.0,1564.7,44.0,E,2026-09-01 11:14:58.552958
2026-09-01,2026-06-01,2026-09-01,district,GUJARAT REGION,GUJARAT,PANCHMAHAL,0.0,8.0,-100.0,NR,698.6,797.8,-12.0,N,2026-09-01 11:14:58.552958
2026-09-01,2026-06-01,2026-09-01,district,GUJARAT REGION,GUJARAT,PATAN,0.0,3.8,-100.0,NR,406.7,479.2,-15.0,N,2026-09-01 11:14:58.552958
2026-09-01,2026-06-01,2026-09-01,district,GUJARAT REGION,GUJARAT,SABARKANTHA,0.0,9.1,-100.0,NR,410.2,715.1,-43.0,D,2026-09-01 11:14:58.552958
2026-09-01,2026-06-01,2026-09-01,district,GUJARAT REGION,GUJARAT,SURAT,2.7,8.0,-66.0,LD,1463.7,1096.7,33.0,E,2026-09-01 11:14:58.552958
2026-09-01,2026-06-01,2026-09-01,district,GUJARAT REGION,GUJARAT,TAPI,2.3,8.5,-73.0,LD,1302.6,1191.0,9.0,N,2026-09-01 11:14:58.552958
2026-09-01,2026-06-01,2026-09-01,district,GUJARAT REGION,GUJARAT,VADODARA,0.0,6.9,-100.0,NR,530.0,756.0,-30.0,D,2026-09-01 11:14:58.552958
2026-09-01,2026-06-01,2026-09-01,district,GUJARAT REGION,GUJARAT,VALSAD,8.1,13.7,-41.0,D,2712.7,1772.1,53.0,E,2026-09-01 11:14:58.552958
2026-09-01,2026-06-01,2026-09-01,district,HAR. CHD & DELHI,CHANDIGARH (UT),CHANDIGARH,0.0,4.0,-100.0,NR,596.3,717.5,-17.0,N,2026-09-01 11:14:58.552958
2026-09-01,2026-06-01,2026-09-01,district,HAR. CHD & DELHI,DELHI,CENTRAL DELHI,0.0,9.9,-100.0,NR,693.2,549.9,26.0,E,2026-09-01 11:14:58.552958
2026-09-01,2026-06-01,2026-09-01,district,HAR. CHD & DELHI,DELHI,EAST DELHI,0.0,9.9,-100.0,NR,534.1,549.9,-3.0,N,2026-09-01 11:14:58.552958
2026-09-01,2026-06-01,2026-09-01,district,HAR. CHD & DELHI,DELHI,NEW DELHI,0.0,9.0,-100.0,NR,483.1,525.9,-8.0,N,2026-09-01 11:14:58.552958
2026-09-01,2026-06-01,2026-09-01,district,HAR. CHD & DELHI,DELHI,NORTH EAST DELHI,0.0,9.9,-100.0,NR,511.4,549.9,-7.0,N,2026-09-01 11:14:58.552958
2026-09-01,2026-06-01,2026-09-01,district,HAR. CHD & DELHI,DELHI,NORTH WEST DELHI,0.0,4.9,-100.0,NR,395.5,330.5,20.0,E,2026-09-01 11:14:58.552958
2026-09-01,2026-06-01,2026-09-01,district,HAR. CHD & DELHI,DELHI,SOUTH DELHI,0.0,9.9,-100.0,NR,521.1,549.9,-5.0,N,2026-09-01 11:14:58.552958
2026-09-01,2026-06-01,2026-09-01,district,HAR. CHD & DELHI,DELHI,SOUTH EAST DELHI,0.0,9.9,-100.0,NR,620.9,549.9,13.0,N,2026-09-01 11:14:58.552958
2026-09-01,2026-06-01,2026-09-01,district,HAR. CHD & DELHI,DELHI,SOUTH WEST DELHI,0.0,6.7,-100.0,NR,382.1,447.2,-15.0,N,2026-09-01 11:14:58.552958
2026-09-01,2026-06-01,2026-09-01,district,HAR. CHD & DELHI,DELHI,WEST DELHI,0.0,7.1,-100.0,NR,613.8,495.8,24.0,E,2026-09-01 11:14:58.552958
2026-09-01,2026-06-01,2026-09-01,district,HAR. CHD & DELHI,HARYANA,AMBALA,0.0,3.6,-100.0,NR,332.9,682.7,-51.0,D,2026-09-01 11:14:58.552958
2026-09-01,2026-06-01,2026-09-01,district,HAR. CHD & DELHI,HARYANA,BHIWANI,0.0,2.0,-100.0,NR,260.8,247.0,6.0,N,2026-09-01 11:14:58.552958
2026-09-01,2026-06-01,2026-09-01,district,HAR. CHD & DELHI,HARYANA,CHARKHI DADRI,0.0,2.6,-100.0,NR,325.7,340.6,-4.0,N,2026-09-01 11:14:58.552958
2026-09-01,2026-06-01,2026-09-01,district,HAR. CHD & DELHI,HARYANA,FARIDABAD,0.0,10.5,-100.0,NR,491.7,455.2,8.0,N,2026-09-01 11:14:58.552958
2026-09-01,2026-06-01,2026-09-01,district,HAR. CHD & DELHI,HARYANA,FATEHABAD,0.0,3.3,-100.0,NR,211.8,216.2,-2.0,N,2026-09-01 11:14:58.552958
2026-09-01,2026-06-01,2026-09-01,district,HAR. CHD & DELHI,HARYANA,GURGAON,0.0,2.9,-100.0,NR,410.4,410.5,0.0,N,2026-09-01 11:14:58.552958
2026-09-01,2026-06-01,2026-09-01,district,HAR. CHD & DELHI,HARYANA,HISAR,0.0,2.5,-100.0,NR,199.8,247.7,-19.0,N,2026-09-01 11:14:58.552958
2026-09-01,2026-06-01,2026-09-01,district,HAR. CHD & DELHI,HARYANA,JHAJJAR,0.0,3.2,-100.0,NR,285.1,314.3,-9.0,N,2026-09-01 11:14:58.552958
2026-09-01,2026-06-01,2026-09-01,district,HAR. CHD & DELHI,HARYANA,JIND,0.0,4.0,-100.0,NR,133.9,317.0,-58.0,D,2026-09-01 11:14:58.552958
2026-09-01,2026-06-01,2026-09-01,district,HAR. CHD & DELHI,HARYANA,KAITHAL,0.0,3.6,-100.0,NR,150.7,306.2,-51.0,D,2026-09-01 11:14:58.552958
2026-09-01,2026-06-01,2026-09-01,district,HAR. CHD & DELHI,HARYANA,KARNAL,0.0,3.7,-100.0,NR,249.2,428.5,-42.0,D,2026-09-01 11:14:58.552958
2026-09-01,2026-06-01,2026-09-01,district,HAR. CHD & DELHI,HARYANA,KURUKSHETRA,0.0,2.3,-100.0,NR,346.6,340.2,2.0,N,2026-09-01 11:14:58.552958
2026-09-01,2026-06-01,2026-09-01,district,HAR. CHD & DELHI,HARYANA,MAHENDRAGARH,0.0,2.9,-100.0,NR,286.7,341.8,-16.0,N,2026-09-01 11:14:58.552958
2026-09-01,2026-06-01,2026-09-01,district,HAR. CHD & DELHI,HARYANA,NUH,0.0,5.8,-100.0,NR,388.1,393.0,-1.0,N,2026-09-01 11:14:58.552958
2026-09-01,2026-06-01,2026-09-01,district,HAR. CHD & DELHI,HARYANA,PALWAL,0.0,2.7,-100.0,NR,397.7,326.6,22.0,E,2026-09-01 11:14:58.552958
2026-09-01,2026-06-01,2026-09-01,district,HAR. CHD & DELHI,HARYANA,PANCHKULA,4.0,11.7,-66.0,LD,483.0,721.2,-33.0,D,2026-09-01 11:14:58.552958
2026-09-01,2026-06-01,2026-09-01,district,HAR. CHD & DELHI,HARYANA,PANIPAT,0.0,3.2,-100.0,NR,281.2,367.1,-23.0,D,2026-09-01 11:14:58.552958
2026-09-01,2026-06-01,2026-09-01,district,HAR. CHD & DELHI,HARYANA,REWARI,0.0,2.7,-100.0,NR,336.5,358.9,-6.0,N,2026-09-01 11:14:58.552958
2026-09-01,2026-06-01,2026-09-01,district,HAR. CHD & DELHI,HARYANA,ROHTAK,0.0,5.4,-100.0,NR,217.5,398.5,-45.0,D,2026-09-01 11:14:58.552958
2026-09-01,2026-06-01,2026-09-01,district,HAR. CHD & DELHI,HARYANA,SIRSA,0.0,1.4,-100.0,NR,86.0,179.9,-52.0,D,2026-09-01 11:14:58.552958
2026-09-01,2026-06-01,2026-09-01,district,HAR. CHD & DELHI,HARYANA,SONEPAT,0.0,3.9,-100.0,NR,284.6,387.2,-27.0,D,2026-09-01 11:14:58.552958
2026-09-01,2026-06-01,2026-09-01,district,HAR. CHD & DELHI,HARYANA,YAMUNA NAGAR,0.0,5.8,-100.0,NR,688.8,762.2,-10.0,N,2026-09-01 11:14:58.552958
2026-09-01,2026-06-01,2026-09-01,district,HIMACHAL PRADESH,HIMACHAL PRADESH,BILASPUR,4.0,4.6,-12.0,N,719.7,695.7,3.0,N,2026-09-01 11:14:58.552958
2026-09-01,2026-06-01,2026-09-01,district,HIMACHAL PRADESH,HIMACHAL PRADESH,CHAMBA,1.1,4.6,-75.0,LD,657.0,723.8,-9.0,N,2026-09-01 11:14:58.552958
2026-09-01,2026-06-01,2026-09-01,district,HIMACHAL PRADESH,HIMACHAL PRADESH,HAMIRPUR,9.3,4.3,116.0,LE,552.6,847.5,-35.0,D,2026-09-01 11:14:58.552958
2026-09-01,2026-06-01,2026-09-01,district,HIMACHAL PRADESH,HIMACHAL PRADESH,KANGRA,27.1,11.4,138.0,LE,1336.9,1413.6,-5.0,N,2026-09-01 11:14:58.552958
2026-09-01,2026-06-01,2026-09-01,district,HIMACHAL PRADESH,HIMACHAL PRADESH,KINNAUR,0.9,2.1,-56.0,D,200.2,187.4,7.0,N,2026-09-01 11:14:58.552958
2026-09-01,2026-06-01,2026-09-01,district,HIMACHAL PRADESH,HIMACHAL PRADESH,KULLU,2.8,3.5,-19.0,N,477.7,454.6,5.0,N,2026-09-01 11:14:58.552958
2026-09-01,2026-06-01,2026-09-01,district,HIMACHAL PRADESH,HIMACHAL PRADESH,LAHAUL & SPITI,0.0,3.3,-100.0,NR,110.4,300.2,-63.0,LD,2026-09-01 11:14:58.552958
2026-09-01,2026-06-01,2026-09-01,district,HIMACHAL PRADESH,HIMACHAL PRADESH,MANDI,11.6,7.5,55.0,E,886.2,960.8,-8.0,N,2026-09-01 11:14:58.552958
2026-09-01,2026-06-01,2026-09-01,district,HIMACHAL PRADESH,HIMACHAL PRADESH,SHIMLA,4.0,4.2,-5.0,N,665.7,521.2,28.0,E,2026-09-01 11:14:58.552958
2026-09-01,2026-06-01,2026-09-01,district,HIMACHAL PRADESH,HIMACHAL PRADESH,SIRMAUR,5.6,10.3,-45.0,D,1093.5,1015.2,8.0,N,2026-09-01 11:14:58.552958
2026-09-01,2026-06-01,2026-09-01,district,HIMACHAL PRADESH,HIMACHAL PRADESH,SOLAN,6.2,5.9,5.0,N,721.3,734.4,-2.0,N,2026-09-01 11:14:58.552958
2026-09-01,2026-06-01,2026-09-01,district,HIMACHAL PRADESH,HIMACHAL PRADESH,UNA,2.0,5.5,-64.0,LD,684.7,810.5,-16.0,N,2026-09-01 11:14:58.552958
2026-09-01,2026-06-01,2026-09-01,district,J & K AND LADAKH,JAMMU & KASHMIR(UT),ANANTNAG,1.0,2.8,-66.0,LD,279.0,263.4,6.0,N,2026-09-01 11:14:58.552958
2026-09-01,2026-06-01,2026-09-01,district,J & K AND LADAKH,JAMMU & KASHMIR(UT),BADGAM,0.0,1.0,-100.0,NR,127.9,172.7,-26.0,D,2026-09-01 11:14:58.552958
2026-09-01,2026-06-01,2026-09-01,district,J & K AND LADAKH,JAMMU & KASHMIR(UT),BANDIPORA,0.1,1.5,-92.0,LD,192.3,184.8,4.0,N,2026-09-01 11:14:58.552958
2026-09-01,2026-06-01,2026-09-01,district,J & K AND LADAKH,JAMMU & KASHMIR(UT),BARAMULA,0.2,1.7,-88.0,LD,270.2,179.3,51.0,E,2026-09-01 11:14:58.552958
2026-09-01,2026-06-01,2026-09-01,district,J & K AND LADAKH,JAMMU & KASHMIR(UT),DODA,4.0,2.2,80.0,LE,364.4,346.0,5.0,N,2026-09-01 11:14:58.552958
2026-09-01,2026-06-01,2026-09-01,district,J & K AND LADAKH,JAMMU & KASHMIR(UT),GANDERBAL,0.4,2.6,-84.0,LD,303.3,222.4,36.0,E,2026-09-01 11:14:58.552958
2026-09-01,2026-06-01,2026-09-01,district,J & K AND LADAKH,JAMMU & KASHMIR(UT),JAMMU,0.6,3.2,-82.0,LD,695.0,825.3,-16.0,N,2026-09-01 11:14:58.552958
2026-09-01,2026-06-01,2026-09-01,district,J & K AND LADAKH,JAMMU & KASHMIR(UT),KATHUA,53.4,8.0,568.0,LE,977.9,1085.6,-10.0,N,2026-09-01 11:14:58.552958
2026-09-01,2026-06-01,2026-09-01,district,J & K AND LADAKH,JAMMU & KASHMIR(UT),KISTWAR,0.0,2.2,-100.0,NR,169.3,346.0,-51.0,D,2026-09-01 11:14:58.552958
2026-09-01,2026-06-01,2026-09-01,district,J & K AND LADAKH,JAMMU & KASHMIR(UT),KULGAM,3.5,1.4,146.0,LE,263.8,263.4,0.0,N,2026-09-01 11:14:58.552958
2026-09-01,2026-06-01,2026-09-01,district,J & K AND LADAKH,JAMMU & KASHMIR(UT),KUPWARA,0.0,1.1,-100.0,NR,209.7,216.3,-3.0,N,2026-09-01 11:14:58.552958
2026-09-01,2026-06-01,2026-09-01,district,J & K AND LADAKH,JAMMU & KASHMIR(UT),POONCH,38.5,5.6,588.0,LE,794.8,563.7,41.0,E,2026-09-01 11:14:58.552958
2026-09-01,2026-06-01,2026-09-01,district,J & K AND LADAKH,JAMMU & KASHMIR(UT),PULWAMA,3.6,1.4,155.0,LE,237.7,160.3,48.0,E,2026-09-01 11:14:58.552958
2026-09-01,2026-06-01,2026-09-01,district,J & K AND LADAKH,JAMMU & KASHMIR(UT),RAJOURI,10.5,9.3,13.0,N,603.5,580.8,4.0,N,2026-09-01 11:14:58.552958
2026-09-01,2026-06-01,2026-09-01,district,J & K AND LADAKH,JAMMU & KASHMIR(UT),RAMBAN,0.2,2.2,-91.0,LD,445.1,333.6,33.0,E,2026-09-01 11:14:58.552958
2026-09-01,2026-06-01,2026-09-01,district,J & K AND LADAKH,JAMMU & KASHMIR(UT),REASI,44.5,6.5,585.0,LE,1189.7,1357.0,-12.0,N,2026-09-01 11:14:58.552958
2026-09-01,2026-06-01,2026-09-01,district,J & K AND LADAKH,JAMMU & KASHMIR(UT),SAMBA,11.0,4.8,129.0,LE,953.0,665.1,43.0,E,2026-09-01 11:14:58.552958
2026-09-01,2026-06-01,2026-09-01,district,J & K AND LADAKH,JAMMU & KASHMIR(UT),SHOPIAN,0.3,1.6,-79.0,LD,118.0,246.9,-52.0,D,2026-09-01 11:14:58.552958
2026-09-01,2026-06-01,2026-09-01,district,J & K AND LADAKH,JAMMU & KASHMIR(UT),SRINAGAR,0.1,0.9,-93.0,LD,226.8,198.2,14.0,N,2026-09-01 11:14:58.552958
2026-09-01,2026-06-01,2026-09-01,district,J & K AND LADAKH,JAMMU & KASHMIR(UT),UDHAMPUR,30.0,3.1,868.0,LE,1364.5,838.4,63.0,LE,2026-09-01 11:14:58.552958
2026-09-01,2026-06-01,2026-09-01,district,J & K AND LADAKH,LADAKH (UT),KARGIL,0.0,0.0,-100.0,NR,21.6,7.9,149.0,LE,2026-09-01 11:14:58.552958
2026-09-01,2026-06-01,2026-09-01,district,J & K AND LADAKH,LADAKH (UT),LADAKH (LEH),0.0,0.1,-100.0,NR,57.8,19.5,192.0,LE,2026-09-01 11:14:58.552958
2026-09-01,2026-06-01,2026-09-01,district,JHARKHAND,JHARKHAND,BOKARO,77.9,9.4,729.0,LE,650.6,721.6,-10.0,N,2026-09-01 11:14:58.552958
2026-09-01,2026-06-01,2026-09-01,district,JHARKHAND,JHARKHAND,DEOGHAR,31.2,7.1,340.0,LE,458.2,758.7,-40.0,D,2026-09-01 11:14:58.552958
2026-09-01,2026-06-01,2026-09-01,district,JHARKHAND,JHARKHAND,DHANBAD,28.5,9.8,191.0,LE,792.9,832.8,-5.0,N,2026-09-01 11:14:58.552958
2026-09-01,2026-06-01,2026-09-01,district,JHARKHAND,JHARKHAND,DUMKA,9.1,8.9,2.0,N,731.5,801.4,-9.0,N,2026-09-01 11:14:58.552958
2026-09-01,2026-06-01,2026-09-01,district,JHARKHAND,JHARKHAND,EAST SINGHBHUM,67.6,6.6,924.0,LE,944.1,864.7,9.0,N,2026-09-01 11:14:58.552958
2026-09-01,2026-06-01,2026-09-01,district,JHARKHAND,JHARKHAND,GARHWA,122.0,10.2,1096.0,LE,589.3,730.7,-19.0,N,2026-09-01 11:14:58.552958
2026-09-01,2026-06-01,2026-09-01,district,JHARKHAND,JHARKHAND,GIRIDIH,63.7,7.6,739.0,LE,522.6,758.3,-31.0,D,2026-09-01 11:14:58.552958
2026-09-01,2026-06-01,2026-09-01,district,JHARKHAND,JHARKHAND,GODDA,5.3,4.2,26.0,E,476.7,696.2,-32.0,D,2026-09-01 11:14:58.552958
2026-09-01,2026-06-01,2026-09-01,district,JHARKHAND,JHARKHAND,GUMLA,15.3,9.9,55.0,E,647.2,841.0,-23.0,D,2026-09-01 11:14:58.552958
2026-09-01,2026-06-01,2026-09-01,district,JHARKHAND,JHARKHAND,HAZARIBAG,43.6,9.0,384.0,LE,638.4,828.0,-23.0,D,2026-09-01 11:14:58.552958
2026-09-01,2026-06-01,2026-09-01,district,JHARKHAND,JHARKHAND,JAMTARA,26.2,9.2,184.0,LE,713.4,839.5,-15.0,N,2026-09-01 11:14:58.552958
2026-09-01,2026-06-01,2026-09-01,district,JHARKHAND,JHARKHAND,KHUNTI,4.2,7.0,-40.0,D,882.4,881.8,0.0,N,2026-09-01 11:14:58.552958
2026-09-01,2026-06-01,2026-09-01,district,JHARKHAND,JHARKHAND,KODERMA,41.2,8.4,391.0,LE,431.6,682.5,-37.0,D,2026-09-01 11:14:58.552958
2026-09-01,2026-06-01,2026-09-01,district,JHARKHAND,JHARKHAND,LATEHAR,29.8,8.5,250.0,LE,1053.8,821.6,28.0,E,2026-09-01 11:14:58.552958
2026-09-01,2026-06-01,2026-09-01,district,JHARKHAND,JHARKHAND,LOHARDAGA,16.4,7.5,119.0,LE,780.7,786.1,-1.0,N,2026-09-01 11:14:58.552958
2026-09-01,2026-06-01,2026-09-01,district,JHARKHAND,JHARKHAND,PAKUR,13.6,8.5,60.0,LE,408.0,910.1,-55.0,D,2026-09-01 11:14:58.552958
2026-09-01,2026-06-01,2026-09-01,district,JHARKHAND,JHARKHAND,PALAMU,47.4,7.3,549.0,LE,620.9,670.1,-7.0,N,2026-09-01 11:14:58.552958
2026-09-01,2026-06-01,2026-09-01,district,JHARKHAND,JHARKHAND,RAMGARH,60.2,8.6,600.0,LE,760.8,814.8,-7.0,N,2026-09-01 11:14:58.552958
2026-09-01,2026-06-01,2026-09-01,district,JHARKHAND,JHARKHAND,RANCHI,25.2,8.5,196.0,LE,836.5,823.9,2.0,N,2026-09-01 11:14:58.552958
2026-09-01,2026-06-01,2026-09-01,district,JHARKHAND,JHARKHAND,SERAIKELA-KHARSAWAN,33.3,9.3,258.0,LE,958.7,800.1,20.0,E,2026-09-01 11:14:58.552958
2026-09-01,2026-06-01,2026-09-01,district,JHARKHAND,JHARKHAND,SIMDEGA,35.8,10.4,244.0,LE,1090.8,1041.1,5.0,N,2026-09-01 11:14:58.552958
2026-09-01,2026-06-01,2026-09-01,district,JHARKHAND,JHARKHAND,WEST SINGHBHUM,27.5,7.2,282.0,LE,1179.3,814.5,45.0,E,2026-09-01 11:14:58.552958
2026-09-01,2026-06-01,2026-09-01,district,KERALA & MAHE,KERALA,ALAPUZHA,0.1,10.5,-99.0,LD,1021.5,1381.2,-26.0,D,2026-09-01 11:14:58.552958
2026-09-01,2026-06-01,2026-09-01,district,KERALA & MAHE,KERALA,ERNAKULAM,0.2,13.4,-98.0,LD,1450.2,1809.5,-20.0,D,2026-09-01 11:14:58.552958
2026-09-01,2026-06-01,2026-09-01,district,KERALA & MAHE,KERALA,IDUKKI,0.0,19.0,-100.0,NR,1241.5,2222.3,-44.0,D,2026-09-01 11:14:58.552958
2026-09-01,2026-06-01,2026-09-01,district,KERALA & MAHE,KERALA,KANNUR,2.4,11.7,-79.0,LD,2200.7,2361.4,-7.0,N,2026-09-01 11:14:58.552958
2026-09-01,2026-06-01,2026-09-01,district,KERALA & MAHE,KERALA,KASARGOD,23.1,11.9,94.0,LE,2287.2,2588.7,-12.0,N,2026-09-01 11:14:58.552958
2026-09-01,2026-06-01,2026-09-01,district,KERALA & MAHE,KERALA,KOLLAM,0.0,9.3,-100.0,NR,728.7,1040.3,-30.0,D,2026-09-01 11:14:58.552958
2026-09-01,2026-06-01,2026-09-01,district,KERALA & MAHE,KERALA,KOTTAYAM,0.0,11.6,-100.0,NR,1519.7,1622.0,-6.0,N,2026-09-01 11:14:58.552958
2026-09-01,2026-06-01,2026-09-01,district,KERALA & MAHE,KERALA,KOZHIKODE,0.0,12.3,-100.0,NR,2021.1,2285.5,-12.0,N,2026-09-01 11:14:58.552958
2026-09-01,2026-06-01,2026-09-01,district,KERALA & MAHE,KERALA,MALAPPURAM,0.0,11.1,-100.0,NR,1367.7,1713.4,-20.0,D,2026-09-01 11:14:58.552958
2026-09-01,2026-06-01,2026-09-01,district,KERALA & MAHE,KERALA,PALAKKAD,0.0,9.8,-100.0,NR,1049.7,1359.0,-23.0,D,2026-09-01 11:14:58.552958
2026-09-01,2026-06-01,2026-09-01,district,KERALA & MAHE,KERALA,PATHANAMTHITTA,0.0,10.2,-100.0,NR,1312.4,1331.7,-1.0,N,2026-09-01 11:14:58.552958
2026-09-01,2026-06-01,2026-09-01,district,KERALA & MAHE,KERALA,THIRUVANANTHAPURAM,0.0,5.6,-100.0,NR,666.8,671.9,-1.0,N,2026-09-01 11:14:58.552958
2026-09-01,2026-06-01,2026-09-01,district,KERALA & MAHE,KERALA,THRISSUR,0.0,14.7,-100.0,NR,1434.0,1853.0,-23.0,D,2026-09-01 11:14:58.552958
2026-09-01,2026-06-01,2026-09-01,district,KERALA & MAHE,KERALA,WYNAD,0.3,13.9,-98.0,LD,1095.7,2214.8,-51.0,D,2026-09-01 11:14:58.552958
2026-09-01,2026-06-01,2026-09-01,district,KONKAN & GOA,GOA,NORTH GOA,13.2,19.0,-31.0,D,1715.0,2771.9,-38.0,D,2026-09-01 11:14:58.552958
2026-09-01,2026-06-01,2026-09-01,district,KONKAN & GOA,GOA,SOUTH GOA,21.1,15.7,34.0,E,1892.8,2648.8,-29.0,D,2026-09-01 11:14:58.552958
2026-09-01,2026-06-01,2026-09-01,district,KONKAN & GOA,MAHARASHTRA,MUMBAI CITY,0.0,15.6,-100.0,NR,1782.0,1774.1,0.0,N,2026-09-01 11:14:58.552958
2026-09-01,2026-06-01,2026-09-01,district,KONKAN & GOA,MAHARASHTRA,MUMBAI SUBURBAN,2.1,17.5,-88.0,LD,2226.8,1976.7,13.0,N,2026-09-01 11:14:58.552958
2026-09-01,2026-06-01,2026-09-01,district,KONKAN & GOA,MAHARASHTRA,PALGHAR,2.7,15.9,-83.0,LD,2470.8,1954.2,26.0,E,2026-09-01 11:14:58.552958
2026-09-01,2026-06-01,2026-09-01,district,KONKAN & GOA,MAHARASHTRA,RAIGAD,4.3,22.5,-81.0,LD,2758.5,2712.2,2.0,N,2026-09-01 11:14:58.552958
2026-09-01,2026-06-01,2026-09-01,district,KONKAN & GOA,MAHARASHTRA,RATNAGIRI,10.1,21.8,-53.0,D,2438.5,2805.2,-13.0,N,2026-09-01 11:14:58.552958
2026-09-01,2026-06-01,2026-09-01,district,KONKAN & GOA,MAHARASHTRA,SINDHUDURG,15.6,17.9,-13.0,N,1734.2,2624.6,-34.0,D,2026-09-01 11:14:58.552958
2026-09-01,2026-06-01,2026-09-01,district,KONKAN & GOA,MAHARASHTRA,THANE,3.6,16.0,-78.0,LD,1987.0,2103.1,-6.0,N,2026-09-01 11:14:58.552958
2026-09-01,2026-06-01,2026-09-01,district,LAKSHADWEEP,LAKSHADWEEP,LAKSHADWEEP,0.5,6.5,-92.0,LD,635.7,863.4,-26.0,D,2026-09-01 11:14:58.552958
2026-09-01,2026-06-01,2026-09-01,district,MADHYA MAHARASHTRA,MAHARASHTRA,AHMEDNAGAR,0.0,4.5,-100.0,NR,214.2,313.2,-32.0,D,2026-09-01 11:14:58.552958
2026-09-01,2026-06-01,2026-09-01,district,MADHYA MAHARASHTRA,MAHARASHTRA,DHULE,0.0,4.6,-100.0,NR,384.7,432.9,-11.0,N,2026-09-01 11:14:58.552958
2026-09-01,2026-06-01,2026-09-01,district,MADHYA MAHARASHTRA,MAHARASHTRA,JALGAON,0.0,6.7,-100.0,NR,473.0,505.7,-6.0,N,2026-09-01 11:14:58.552958
2026-09-01,2026-06-01,2026-09-01,district,MADHYA MAHARASHTRA,MAHARASHTRA,KOLHAPUR,3.6,10.5,-66.0,LD,1392.6,1511.4,-8.0,N,2026-09-01 11:14:58.552958
2026-09-01,2026-06-01,2026-09-01,district,MADHYA MAHARASHTRA,MAHARASHTRA,NANDURBAR,0.0,5.8,-100.0,NR,418.5,697.1,-40.0,D,2026-09-01 11:14:58.552958
2026-09-01,2026-06-01,2026-09-01,district,MADHYA MAHARASHTRA,MAHARASHTRA,NASHIK,2.2,6.1,-64.0,LD,1105.5,721.8,53.0,E,2026-09-01 11:14:58.552958
2026-09-01,2026-06-01,2026-09-01,district,MADHYA MAHARASHTRA,MAHARASHTRA,PUNE,0.3,6.0,-96.0,LD,1000.8,770.8,30.0,E,2026-09-01 11:14:58.552958
2026-09-01,2026-06-01,2026-09-01,district,MADHYA MAHARASHTRA,MAHARASHTRA,SANGLI,0.7,3.3,-79.0,LD,305.4,356.1,-14.0,N,2026-09-01 11:14:58.552958
2026-09-01,2026-06-01,2026-09-01,district,MADHYA MAHARASHTRA,MAHARASHTRA,SATARA,2.3,5.2,-56.0,D,919.0,692.2,33.0,E,2026-09-01 11:14:58.552958
2026-09-01,2026-06-01,2026-09-01,district,MADHYA MAHARASHTRA,MAHARASHTRA,SHOLAPUR,0.0,4.1,-100.0,NR,156.4,296.5,-47.0,D,2026-09-01 11:14:58.552958
2026-09-01,2026-06-01,2026-09-01,district,MARATHWADA,MAHARASHTRA,BEED,0.0,5.2,-100.0,NR,214.4,396.8,-46.0,D,2026-09-01 11:14:58.552958
2026-09-01,2026-06-01,2026-09-01,district,MARATHWADA,MAHARASHTRA,CHHATRAPATI SAMBHAJINAGAR,0.2,6.7,-96.0,LD,421.2,420.3,0.0,N,2026-09-01 11:14:58.552958
2026-09-01,2026-06-01,2026-09-01,district,MARATHWADA,MAHARASHTRA,DHARASHIV,0.0,5.3,-100.0,NR,272.1,405.7,-33.0,D,2026-09-01 11:14:58.552958
2026-09-01,2026-06-01,2026-09-01,district,MARATHWADA,MAHARASHTRA,HINGOLI,0.0,10.8,-100.0,NR,335.3,626.9,-47.0,D,2026-09-01 11:14:58.552958
2026-09-01,2026-06-01,2026-09-01,district,MARATHWADA,MAHARASHTRA,JALNA,0.0,8.4,-100.0,NR,274.6,459.0,-40.0,D,2026-09-01 11:14:58.552958
2026-09-01,2026-06-01,2026-09-01,district,MARATHWADA,MAHARASHTRA,LATUR,0.2,5.4,-97.0,LD,357.3,495.7,-28.0,D,2026-09-01 11:14:58.552958
2026-09-01,2026-06-01,2026-09-01,district,MARATHWADA,MAHARASHTRA,NANDED,0.1,7.5,-99.0,LD,443.5,629.5,-30.0,D,2026-09-01 11:14:58.552958
2026-09-01,2026-06-01,2026-09-01,district,MARATHWADA,MAHARASHTRA,PARBHANI,0.0,6.9,-100.0,NR,355.4,543.2,-35.0,D,2026-09-01 11:14:58.552958
2026-09-01,2026-06-01,2026-09-01,district,N. I. KARNATAKA,KARNATAKA,BAGALKOTE,0.0,2.5,-100.0,NR,204.8,222.9,-8.0,N,2026-09-01 11:14:58.552958
2026-09-01,2026-06-01,2026-09-01,district,N. I. KARNATAKA,KARNATAKA,BELAGAVI,0.5,3.4,-85.0,LD,535.1,459.8,16.0,N,2026-09-01 11:14:58.552958
2026-09-01,2026-06-01,2026-09-01,district,N. I. KARNATAKA,KARNATAKA,BIDAR,0.2,4.2,-96.0,LD,407.2,481.8,-15.0,N,2026-09-01 11:14:58.552958
2026-09-01,2026-06-01,2026-09-01,district,N. I. KARNATAKA,KARNATAKA,DHARWAD,1.2,3.9,-69.0,LD,236.3,406.9,-42.0,D,2026-09-01 11:14:58.552958
2026-09-01,2026-06-01,2026-09-01,district,N. I. KARNATAKA,KARNATAKA,GADAG,1.8,2.5,-28.0,D,192.3,236.0,-19.0,N,2026-09-01 11:14:58.552958
2026-09-01,2026-06-01,2026-09-01,district,N. I. KARNATAKA,KARNATAKA,HAVERI,1.6,3.2,-50.0,D,270.9,397.2,-32.0,D,2026-09-01 11:14:58.552958
2026-09-01,2026-06-01,2026-09-01,district,N. I. KARNATAKA,KARNATAKA,KALABURAGI,0.0,5.5,-99.0,LD,199.2,405.1,-51.0,D,2026-09-01 11:14:58.552958
2026-09-01,2026-06-01,2026-09-01,district,N. I. KARNATAKA,KARNATAKA,KOPPAL,0.0,3.1,-100.0,NR,164.4,244.8,-33.0,D,2026-09-01 11:14:58.552958
2026-09-01,2026-06-01,2026-09-01,district,N. I. KARNATAKA,KARNATAKA,RAICHUR,0.2,3.7,-94.0,LD,197.3,282.1,-30.0,D,2026-09-01 11:14:58.552958
2026-09-01,2026-06-01,2026-09-01,district,N. I. KARNATAKA,KARNATAKA,VIJAYAPURA,0.0,3.5,-100.0,NR,173.8,246.6,-30.0,D,2026-09-01 11:14:58.552958
2026-09-01,2026-06-01,2026-09-01,district,N. I. KARNATAKA,KARNATAKA,YADGIR,0.5,3.1,-83.0,LD,274.9,356.9,-23.0,D,2026-09-01 11:14:58.552958
2026-09-01,2026-06-01,2026-09-01,district,NMMT,MANIPUR,BISHNUPUR,13.6,12.9,5.0,N,385.0,921.8,-58.0,D,2026-09-01 11:14:58.552958
2026-09-01,2026-06-01,2026-09-01,district,NMMT,MANIPUR,CHANDEL,13.3,12.9,3.0,N,456.6,921.8,-50.0,D,2026-09-01 11:14:58.552958
2026-09-01,2026-06-01,2026-09-01,district,NMMT,MANIPUR,CHURACHANDPUR,3.5,12.9,-73.0,LD,203.0,921.8,-78.0,LD,2026-09-01 11:14:58.552958
2026-09-01,2026-06-01,2026-09-01,district,NMMT,MANIPUR,IMPHAL EAST,12.8,7.1,81.0,LE,422.0,602.6,-30.0,D,2026-09-01 11:14:58.552958
2026-09-01,2026-06-01,2026-09-01,district,NMMT,MANIPUR,IMPHAL WEST,9.8,24.5,-60.0,LD,621.4,1392.0,-55.0,D,2026-09-01 11:14:58.552958
2026-09-01,2026-06-01,2026-09-01,district,NMMT,MANIPUR,SENAPATI,15.4,8.2,88.0,LE,551.8,637.9,-14.0,N,2026-09-01 11:14:58.552958
2026-09-01,2026-06-01,2026-09-01,district,NMMT,MANIPUR,TAMENGLONG,0.1,30.8,-99.0,LD,1487.3,3279.6,-55.0,D,2026-09-01 11:14:58.552958
2026-09-01,2026-06-01,2026-09-01,district,NMMT,MANIPUR,THOUBAL,20.2,7.1,185.0,LE,308.2,602.6,-49.0,D,2026-09-01 11:14:58.552958
2026-09-01,2026-06-01,2026-09-01,district,NMMT,MANIPUR,UKHRUL,17.2,13.3,29.0,E,802.4,874.8,-8.0,N,2026-09-01 11:14:58.552958
2026-09-01,2026-06-01,2026-09-01,district,NMMT,MIZORAM,AIZAWL,20.4,11.6,75.0,LE,1079.3,1256.2,-14.0,N,2026-09-01 11:14:58.552958
2026-09-01,2026-06-01,2026-09-01,district,NMMT,MIZORAM,CHAMPHAI,2.9,7.5,-61.0,LD,826.2,1035.6,-20.0,D,2026-09-01 11:14:58.552958
2026-09-01,2026-06-01,2026-09-01,district,NMMT,MIZORAM,KOLASIB,61.7,13.2,367.0,LE,1360.0,1376.1,-1.0,N,2026-09-01 11:14:58.552958
2026-09-01,2026-06-01,2026-09-01,district,NMMT,MIZORAM,LAWNGTLAI,2.4,10.2,-76.0,LD,1244.8,1354.4,-8.0,N,2026-09-01 11:14:58.552958
2026-09-01,2026-06-01,2026-09-01,district,NMMT,MIZORAM,LUNGLEI,7.7,10.0,-23.0,D,1109.8,1384.8,-20.0,D,2026-09-01 11:14:58.552958
2026-09-01,2026-06-01,2026-09-01,district,NMMT,MIZORAM,MAMIT,41.6,10.0,316.0,LE,791.4,1233.2,-36.0,D,2026-09-01 11:14:58.552958
2026-09-01,2026-06-01,2026-09-01,district,NMMT,MIZORAM,SAIHA,5.0,8.2,-39.0,D,1008.9,1381.6,-27.0,D,2026-09-01 11:14:58.552958
2026-09-01,2026-06-01,2026-09-01,district,NMMT,MIZORAM,SERCHHIP,60.3,7.1,749.0,LE,1177.6,1190.7,-1.0,N,2026-09-01 11:14:58.552958
2026-09-01,2026-06-01,2026-09-01,district,NMMT,NAGALAND,DIMAPUR,10.8,9.2,18.0,N,662.9,669.7,-1.0,N,2026-09-01 11:14:58.552958
2026-09-01,2026-06-01,2026-09-01,district,NMMT,NAGALAND,KIPHIRE,9.4,5.8,63.0,LE,620.2,495.2,25.0,E,2026-09-01 11:14:58.552958
2026-09-01,2026-06-01,2026-09-01,district,NMMT,NAGALAND,KOHIMA,9.9,12.8,-23.0,D,891.8,984.8,-9.0,N,2026-09-01 11:14:58.552958
2026-09-01,2026-06-01,2026-09-01,district,NMMT,NAGALAND,MOKOKCHUNG,33.3,6.2,436.0,LE,1312.1,1119.0,17.0,N,2026-09-01 11:14:58.552958
2026-09-01,2026-06-01,2026-09-01,district,NMMT,NAGALAND,MON,24.3,6.5,274.0,LE,678.8,881.0,-23.0,D,2026-09-01 11:14:58.552958
2026-09-01,2026-06-01,2026-09-01,district,NMMT,NAGALAND,PEREN,8.9,12.5,-29.0,D,718.0,750.7,-4.0,N,2026-09-01 11:14:58.552958
2026-09-01,2026-06-01,2026-09-01,district,NMMT,NAGALAND,PHEK,20.5,11.9,72.0,LE,622.7,680.1,-8.0,N,2026-09-01 11:14:58.552958
2026-09-01,2026-06-01,2026-09-01,district,NMMT,NAGALAND,WOKHA,14.0,8.1,72.0,LE,1077.8,992.3,9.0,N,2026-09-01 11:14:58.552958
2026-09-01,2026-06-01,2026-09-01,district,NMMT,NAGALAND,ZUNHEBOTO,17.4,4.7,270.0,LE,1355.9,865.1,57.0,E,2026-09-01 11:14:58.552958
2026-09-01,2026-06-01,2026-09-01,district,NMMT,TRIPURA,DHALAI,5.6,11.3,-50.0,D,1035.6,1087.6,-5.0,N,2026-09-01 11:14:58.552958
2026-09-01,2026-06-01,2026-09-01,district,NMMT,TRIPURA,GOMATI,7.0,12.4,-44.0,D,918.9,1172.5,-22.0,D,2026-09-01 11:14:58.552958
2026-09-01,2026-06-01,2026-09-01,district,NMMT,TRIPURA,KHOWAI,3.7,9.7,-62.0,LD,1134.1,1067.5,6.0,N,2026-09-01 11:14:58.552958
2026-09-01,2026-06-01,2026-09-01,district,NMMT,TRIPURA,NORTH TRIPURA,38.3,9.3,312.0,LE,952.0,1125.3,-15.0,N,2026-09-01 11:14:58.552958
2026-09-01,2026-06-01,2026-09-01,district,NMMT,TRIPURA,SIPAHIJALA,15.1,8.7,74.0,LE,963.4,1093.2,-12.0,N,2026-09-01 11:14:58.552958
2026-09-01,2026-06-01,2026-09-01,district,NMMT,TRIPURA,SOUTH TRIPURA,2.1,11.1,-81.0,LD,960.6,1418.6,-32.0,D,2026-09-01 11:14:58.552958
2026-09-01,2026-06-01,2026-09-01,district,NMMT,TRIPURA,UNAKOTI,18.0,10.4,73.0,LE,1139.4,1154.6,-1.0,N,2026-09-01 11:14:58.552958
2026-09-01,2026-06-01,2026-09-01,district,NMMT,TRIPURA,WEST TRIPURA,1.1,5.0,-78.0,LD,1089.3,977.9,11.0,N,2026-09-01 11:14:58.552958
2026-09-01,2026-06-01,2026-09-01,district,ODISHA,ODISHA,ANGUL,5.7,6.2,-8.0,N,1203.3,909.0,32.0,E,2026-09-01 11:14:58.552958
2026-09-01,2026-06-01,2026-09-01,district,ODISHA,ODISHA,BALANGIR,5.7,6.3,-10.0,N,1176.5,894.8,31.0,E,2026-09-01 11:14:58.552958
2026-09-01,2026-06-01,2026-09-01,district,ODISHA,ODISHA,BALASORE,16.5,9.1,81.0,LE,1515.3,926.2,64.0,LE,2026-09-01 11:14:58.552958
2026-09-01,2026-06-01,2026-09-01,district,ODISHA,ODISHA,BARGARH,12.2,5.0,144.0,LE,1549.9,984.0,58.0,E,2026-09-01 11:14:58.552958
2026-09-01,2026-06-01,2026-09-01,district,ODISHA,ODISHA,BHADRAK,0.4,9.8,-96.0,LD,1157.2,846.0,37.0,E,2026-09-01 11:14:58.552958
2026-09-01,2026-06-01,2026-09-01,district,ODISHA,ODISHA,BOUDH,27.0,9.7,178.0,LE,1585.6,849.7,87.0,LE,2026-09-01 11:14:58.552958
2026-09-01,2026-06-01,2026-09-01,district,ODISHA,ODISHA,CUTTACK,0.1,7.3,-98.0,LD,1263.0,906.7,39.0,E,2026-09-01 11:14:58.552958
2026-09-01,2026-06-01,2026-09-01,district,ODISHA,ODISHA,DEOGARH,12.2,9.4,30.0,E,1419.7,947.1,50.0,E,2026-09-01 11:14:58.552958
2026-09-01,2026-06-01,2026-09-01,district,ODISHA,ODISHA,DHENKANAL,0.5,7.3,-93.0,LD,1346.2,884.0,52.0,E,2026-09-01 11:14:58.552958
2026-09-01,2026-06-01,2026-09-01,district,ODISHA,ODISHA,GAJAPATI,0.9,7.2,-88.0,LD,540.2,688.7,-22.0,D,2026-09-01 11:14:58.552958
2026-09-01,2026-06-01,2026-09-01,district,ODISHA,ODISHA,GANJAM,0.5,6.6,-93.0,LD,576.0,673.8,-15.0,N,2026-09-01 11:14:58.552958
2026-09-01,2026-06-01,2026-09-01,district,ODISHA,ODISHA,JAGATSINGHPUR,1.5,11.0,-87.0,LD,1098.1,825.5,33.0,E,2026-09-01 11:14:58.552958
2026-09-01,2026-06-01,2026-09-01,district,ODISHA,ODISHA,JAJPUR,0.0,11.3,-100.0,NR,1153.0,976.8,18.0,N,2026-09-01 11:14:58.552958
2026-09-01,2026-06-01,2026-09-01,district,ODISHA,ODISHA,JHARSUGUDA,3.7,9.3,-61.0,LD,1113.7,971.3,15.0,N,2026-09-01 11:14:58.552958
2026-09-01,2026-06-01,2026-09-01,district,ODISHA,ODISHA,KALAHANDI,7.0,9.6,-27.0,D,995.5,1138.9,-13.0,N,2026-09-01 11:14:58.552958
2026-09-01,2026-06-01,2026-09-01,district,ODISHA,ODISHA,KANDHAMAL,9.1,8.7,5.0,N,1122.5,902.6,24.0,E,2026-09-01 11:14:58.552958
2026-09-01,2026-06-01,2026-09-01,district,ODISHA,ODISHA,KENDRAPARA,0.0,8.2,-100.0,NR,1319.6,862.8,53.0,E,2026-09-01 11:14:58.552958
2026-09-01,2026-06-01,2026-09-01,district,ODISHA,ODISHA,KEONJHARGARH,14.7,7.7,91.0,LE,1441.5,906.3,59.0,E,2026-09-01 11:14:58.552958
2026-09-01,2026-06-01,2026-09-01,district,ODISHA,ODISHA,KHURDA,1.6,9.0,-82.0,LD,1057.5,855.1,24.0,E,2026-09-01 11:14:58.552958
2026-09-01,2026-06-01,2026-09-01,district,ODISHA,ODISHA,KORAPUT,7.0,7.7,-9.0,N,1012.9,988.1,3.0,N,2026-09-01 11:14:58.552958
2026-09-01,2026-06-01,2026-09-01,district,ODISHA,ODISHA,MALKANGIRI,5.7,9.7,-41.0,D,908.5,1034.2,-12.0,N,2026-09-01 11:14:58.552958
2026-09-01,2026-06-01,2026-09-01,district,ODISHA,ODISHA,MAYURBHANJ,91.9,7.0,1213.0,LE,1489.3,957.9,55.0,E,2026-09-01 11:14:58.552958
2026-09-01,2026-06-01,2026-09-01,district,ODISHA,ODISHA,NAWAPARA,1.4,6.6,-79.0,LD,991.4,824.8,20.0,E,2026-09-01 11:14:58.552958
2026-09-01,2026-06-01,2026-09-01,district,ODISHA,ODISHA,NAWARANGPUR,1.9,9.6,-80.0,LD,939.7,1113.0,-16.0,N,2026-09-01 11:14:58.552958
2026-09-01,2026-06-01,2026-09-01,district,ODISHA,ODISHA,NAYAGARH,1.2,7.1,-83.0,LD,1023.6,848.5,21.0,E,2026-09-01 11:14:58.552958
2026-09-01,2026-06-01,2026-09-01,district,ODISHA,ODISHA,PURI,1.0,9.9,-89.0,LD,1104.8,797.5,39.0,E,2026-09-01 11:14:58.552958
2026-09-01,2026-06-01,2026-09-01,district,ODISHA,ODISHA,RAYAGADA,1.1,5.5,-80.0,LD,738.4,776.6,-5.0,N,2026-09-01 11:14:58.552958
2026-09-01,2026-06-01,2026-09-01,district,ODISHA,ODISHA,SAMBALPUR,6.0,8.4,-29.0,D,1457.2,1042.0,40.0,E,2026-09-01 11:14:58.552958
2026-09-01,2026-06-01,2026-09-01,district,ODISHA,ODISHA,SONEPUR,16.6,4.2,294.0,LE,1570.4,983.2,60.0,LE,2026-09-01 11:14:58.552958
2026-09-01,2026-06-01,2026-09-01,district,ODISHA,ODISHA,SUNDARGARH,36.9,8.2,350.0,LE,1307.7,982.3,33.0,E,2026-09-01 11:14:58.552958
2026-09-01,2026-06-01,2026-09-01,district,PUNJAB,PUNJAB,AMRITSAR,0.1,4.6,-97.0,LD,347.3,389.0,-11.0,N,2026-09-01 11:14:58.552958
2026-09-01,2026-06-01,2026-09-01,district,PUNJAB,PUNJAB,BARNALA,0.0,3.1,-100.0,NR,124.3,301.1,-59.0,D,2026-09-01 11:14:58.552958
2026-09-01,2026-06-01,2026-09-01,district,PUNJAB,PUNJAB,BHATINDA,0.0,1.3,-100.0,NR,122.6,245.7,-50.0,D,2026-09-01 11:14:58.552958
2026-09-01,2026-06-01,2026-09-01,district,PUNJAB,PUNJAB,FARIDKOT,0.0,3.3,-100.0,NR,223.8,248.1,-10.0,N,2026-09-01 11:14:58.552958
2026-09-01,2026-06-01,2026-09-01,district,PUNJAB,PUNJAB,FATEHGARH SAHIB,0.0,3.1,-100.0,NR,134.7,399.9,-66.0,LD,2026-09-01 11:14:58.552958
2026-09-01,2026-06-01,2026-09-01,district,PUNJAB,PUNJAB,FAZILKA,0.0,1.3,-100.0,NR,106.6,207.9,-49.0,D,2026-09-01 11:14:58.552958
2026-09-01,2026-06-01,2026-09-01,district,PUNJAB,PUNJAB,FEROZEPUR,0.0,2.0,-100.0,NR,134.4,204.5,-34.0,D,2026-09-01 11:14:58.552958
2026-09-01,2026-06-01,2026-09-01,district,PUNJAB,PUNJAB,GURDASPUR,0.0,4.1,-100.0,NR,703.2,514.5,37.0,E,2026-09-01 11:14:58.552958
2026-09-01,2026-06-01,2026-09-01,district,PUNJAB,PUNJAB,HOSHIARPUR,0.0,4.6,-100.0,NR,229.6,513.5,-55.0,D,2026-09-01 11:14:58.552958
2026-09-01,2026-06-01,2026-09-01,district,PUNJAB,PUNJAB,JALANDHAR,0.0,3.6,-100.0,NR,229.9,433.6,-47.0,D,2026-09-01 11:14:58.552958
2026-09-01,2026-06-01,2026-09-01,district,PUNJAB,PUNJAB,KAPURTHALA,0.0,4.6,-100.0,NR,133.1,380.8,-65.0,LD,2026-09-01 11:14:58.552958
2026-09-01,2026-06-01,2026-09-01,district,PUNJAB,PUNJAB,LUDHIANA,0.0,2.6,-100.0,NR,217.7,375.6,-42.0,D,2026-09-01 11:14:58.552958
2026-09-01,2026-06-01,2026-09-01,district,PUNJAB,PUNJAB,MOGA,0.0,5.3,-100.0,NR,164.1,248.9,-34.0,D,2026-09-01 11:14:58.552958
2026-09-01,2026-06-01,2026-09-01,district,PUNJAB,PUNJAB,MUKTSAR,0.0,1.9,-100.0,NR,94.5,261.9,-64.0,LD,2026-09-01 11:14:58.552958
2026-09-01,2026-06-01,2026-09-01,district,PUNJAB,PUNJAB,PATHANKOT,36.3,4.6,688.0,LE,1112.5,830.1,34.0,E,2026-09-01 11:14:58.552958
2026-09-01,2026-06-01,2026-09-01,district,PUNJAB,PUNJAB,PATIALA,0.0,3.6,-100.0,NR,257.6,436.8,-41.0,D,2026-09-01 11:14:58.552958
2026-09-01,2026-06-01,2026-09-01,district,PUNJAB,PUNJAB,RUPNAGAR,0.0,7.0,-100.0,NR,452.9,674.8,-33.0,D,2026-09-01 11:14:58.552958
2026-09-01,2026-06-01,2026-09-01,district,PUNJAB,PUNJAB,SANGRUR,0.0,2.5,-100.0,NR,153.4,315.6,-51.0,D,2026-09-01 11:14:58.552958
2026-09-01,2026-06-01,2026-09-01,district,PUNJAB,PUNJAB,SAS NAGAR (MOHALI),0.0,6.8,-100.0,NR,214.9,510.4,-58.0,D,2026-09-01 11:14:58.552958
2026-09-01,2026-06-01,2026-09-01,district,PUNJAB,PUNJAB,SBS NAGAR,0.0,5.1,-100.0,NR,314.0,626.0,-50.0,D,2026-09-01 11:14:58.552958
2026-09-01,2026-06-01,2026-09-01,district,PUNJAB,PUNJAB,TARN TARAN,0.0,1.7,-100.0,NR,120.6,223.7,-46.0,D,2026-09-01 11:14:58.552958
2026-09-01,2026-06-01,2026-09-01,district,RAYALASEEMA,ANDHRA PRADESH,ANANTAPURAMU,0.3,2.7,-89.0,LD,156.0,209.1,-25.0,D,2026-09-01 11:14:58.552958
2026-09-01,2026-06-01,2026-09-01,district,RAYALASEEMA,ANDHRA PRADESH,ANNAMAYYA DISTRICT,0.0,2.5,-100.0,NR,83.8,263.7,-68.0,LD,2026-09-01 11:14:58.552958
2026-09-01,2026-06-01,2026-09-01,district,RAYALASEEMA,ANDHRA PRADESH,CHITTOOR,0.0,4.3,-100.0,NR,133.2,299.6,-56.0,D,2026-09-01 11:14:58.552958
2026-09-01,2026-06-01,2026-09-01,district,RAYALASEEMA,ANDHRA PRADESH,KURNOOL,0.0,4.3,-100.0,NR,202.8,301.0,-33.0,D,2026-09-01 11:14:58.552958
2026-09-01,2026-06-01,2026-09-01,district,RAYALASEEMA,ANDHRA PRADESH,NANDYAL,0.1,3.9,-96.0,LD,203.6,357.4,-43.0,D,2026-09-01 11:14:58.552958
2026-09-01,2026-06-01,2026-09-01,district,RAYALASEEMA,ANDHRA PRADESH,SRI SATHYASAI DISTRICT,0.0,3.5,-99.0,LD,112.4,202.2,-44.0,D,2026-09-01 11:14:58.552958
2026-09-01,2026-06-01,2026-09-01,district,RAYALASEEMA,ANDHRA PRADESH,TIRUPATI,0.0,4.4,-100.0,NR,184.9,316.1,-41.0,D,2026-09-01 11:14:58.552958
2026-09-01,2026-06-01,2026-09-01,district,RAYALASEEMA,ANDHRA PRADESH,YSR DISTRICT,0.0,3.4,-100.0,NR,148.4,278.8,-47.0,D,2026-09-01 11:14:58.552958
2026-09-01,2026-06-01,2026-09-01,district,S. I. KARNATAKA,KARNATAKA,BALLARI,4.9,2.4,106.0,LE,131.8,233.4,-44.0,D,2026-09-01 11:14:58.552958
2026-09-01,2026-06-01,2026-09-01,district,S. I. KARNATAKA,KARNATAKA,BENGALURU RURAL,0.0,5.1,-100.0,NR,226.1,275.4,-18.0,N,2026-09-01 11:14:58.552958
2026-09-01,2026-06-01,2026-09-01,district,S. I. KARNATAKA,KARNATAKA,BENGALURU URBAN,0.0,5.4,-99.0,LD,127.3,283.5,-55.0,D,2026-09-01 11:14:58.552958
2026-09-01,2026-06-01,2026-09-01,district,S. I. KARNATAKA,KARNATAKA,CHAMARAJANAGAR,0.0,3.4,-100.0,NR,133.3,220.1,-39.0,D,2026-09-01 11:14:58.552958
2026-09-01,2026-06-01,2026-09-01,district,S. I. KARNATAKA,KARNATAKA,CHIKABALLAPURA,0.0,3.8,-100.0,NR,151.0,266.7,-43.0,D,2026-09-01 11:14:58.552958
2026-09-01,2026-06-01,2026-09-01,district,S. I. KARNATAKA,KARNATAKA,CHIKKAMAGALURU,2.6,8.2,-69.0,LD,1224.9,1318.3,-7.0,N,2026-09-01 11:14:58.552958
2026-09-01,2026-06-01,2026-09-01,district,S. I. KARNATAKA,KARNATAKA,CHITRADURGA,1.3,2.1,-39.0,D,144.2,187.9,-23.0,D,2026-09-01 11:14:58.552958
2026-09-01,2026-06-01,2026-09-01,district,S. I. KARNATAKA,KARNATAKA,DAVANGERE,0.0,3.1,-100.0,NR,255.1,275.1,-7.0,N,2026-09-01 11:14:58.552958
2026-09-01,2026-06-01,2026-09-01,district,S. I. KARNATAKA,KARNATAKA,HASSAN,0.0,4.2,-100.0,NR,201.8,547.9,-63.0,LD,2026-09-01 11:14:58.552958
2026-09-01,2026-06-01,2026-09-01,district,S. I. KARNATAKA,KARNATAKA,KODAGU,3.4,11.9,-72.0,LD,1513.5,2014.0,-25.0,D,2026-09-01 11:14:58.552958
2026-09-01,2026-06-01,2026-09-01,district,S. I. KARNATAKA,KARNATAKA,KOLAR,0.0,5.3,-100.0,NR,129.3,253.7,-49.0,D,2026-09-01 11:14:58.552958
2026-09-01,2026-06-01,2026-09-01,district,S. I. KARNATAKA,KARNATAKA,MANDYA,0.0,2.6,-100.0,NR,98.1,183.1,-46.0,D,2026-09-01 11:14:58.552958
2026-09-01,2026-06-01,2026-09-01,district,S. I. KARNATAKA,KARNATAKA,MYSURU,0.0,3.0,-100.0,NR,152.8,267.7,-43.0,D,2026-09-01 11:14:58.552958
2026-09-01,2026-06-01,2026-09-01,district,S. I. KARNATAKA,KARNATAKA,RAMANAGARA,0.0,5.8,-100.0,NR,19.0,292.3,-93.0,LD,2026-09-01 11:14:58.552958
2026-09-01,2026-06-01,2026-09-01,district,S. I. KARNATAKA,KARNATAKA,SHIVAMOGGA,2.3,9.0,-75.0,LD,1426.0,1461.4,-2.0,N,2026-09-01 11:14:58.552958
2026-09-01,2026-06-01,2026-09-01,district,S. I. KARNATAKA,KARNATAKA,TUMAKURU,0.0,2.7,-100.0,NR,127.0,230.4,-45.0,D,2026-09-01 11:14:58.552958
2026-09-01,2026-06-01,2026-09-01,district,S. I. KARNATAKA,KARNATAKA,VIJAYANAGARA,0.0,3.6,-100.0,NR,141.4,255.1,-45.0,D,2026-09-01 11:14:58.552958
2026-09-01,2026-06-01,2026-09-01,district,SAURASHTRA & KUTCH,DADRA & NAGAR HAVELI AND DAMAN & DIU (UT),DIU,3.4,3.0,13.0,N,630.0,646.2,-3.0,N,2026-09-01 11:14:58.552958
2026-09-01,2026-06-01,2026-09-01,district,SAURASHTRA & KUTCH,GUJARAT,AMRELI,0.0,5.4,-100.0,NR,493.9,470.0,5.0,N,2026-09-01 11:14:58.552958
2026-09-01,2026-06-01,2026-09-01,district,SAURASHTRA & KUTCH,GUJARAT,BHAVNAGAR,0.0,3.5,-100.0,NR,477.1,465.9,2.0,N,2026-09-01 11:14:58.552958
2026-09-01,2026-06-01,2026-09-01,district,SAURASHTRA & KUTCH,GUJARAT,BOTAD,0.0,4.4,-100.0,NR,445.8,459.9,-3.0,N,2026-09-01 11:14:58.552958
2026-09-01,2026-06-01,2026-09-01,district,SAURASHTRA & KUTCH,GUJARAT,DEVBHOOMI DWARKA,0.1,6.8,-99.0,LD,57.5,474.3,-88.0,LD,2026-09-01 11:14:58.552958
2026-09-01,2026-06-01,2026-09-01,district,SAURASHTRA & KUTCH,GUJARAT,GIR SOMNATH,0.6,8.4,-92.0,LD,469.7,762.7,-38.0,D,2026-09-01 11:14:58.552958
2026-09-01,2026-06-01,2026-09-01,district,SAURASHTRA & KUTCH,GUJARAT,JAMNAGAR,0.0,6.7,-100.0,NR,216.0,539.4,-60.0,LD,2026-09-01 11:14:58.552958
2026-09-01,2026-06-01,2026-09-01,district,SAURASHTRA & KUTCH,GUJARAT,JUNAGADH,0.0,9.4,-100.0,NR,591.0,750.5,-21.0,D,2026-09-01 11:14:58.552958
2026-09-01,2026-06-01,2026-09-01,district,SAURASHTRA & KUTCH,GUJARAT,KUTCH,0.2,4.3,-95.0,LD,137.5,345.4,-60.0,LD,2026-09-01 11:14:58.552958
2026-09-01,2026-06-01,2026-09-01,district,SAURASHTRA & KUTCH,GUJARAT,MORBI,0.2,2.8,-93.0,LD,473.0,455.8,4.0,N,2026-09-01 11:14:58.552958
2026-09-01,2026-06-01,2026-09-01,district,SAURASHTRA & KUTCH,GUJARAT,PORBANDAR,0.0,10.0,-100.0,NR,161.1,583.4,-72.0,LD,2026-09-01 11:14:58.552958
2026-09-01,2026-06-01,2026-09-01,district,SAURASHTRA & KUTCH,GUJARAT,RAJKOT,0.0,5.3,-100.0,NR,355.6,527.8,-33.0,D,2026-09-01 11:14:58.552958
2026-09-01,2026-06-01,2026-09-01,district,SAURASHTRA & KUTCH,GUJARAT,SURENDRANAGAR,0.0,4.0,-100.0,NR,480.7,432.6,11.0,N,2026-09-01 11:14:58.552958
2026-09-01,2026-06-01,2026-09-01,district,SHWB & SIKKIM,SIKKIM,GANGTOK,44.8,15.6,187.0,LE,1575.9,1767.2,-11.0,N,2026-09-01 11:14:58.552958
2026-09-01,2026-06-01,2026-09-01,district,SHWB & SIKKIM,SIKKIM,GYALSHING,15.0,16.9,-11.0,N,1819.5,1452.7,25.0,E,2026-09-01 11:14:58.552958
2026-09-01,2026-06-01,2026-09-01,district,SHWB & SIKKIM,SIKKIM,MANGAN,25.8,13.4,93.0,LE,1081.3,1244.2,-13.0,N,2026-09-01 11:14:58.552958
2026-09-01,2026-06-01,2026-09-01,district,SHWB & SIKKIM,SIKKIM,NAMCHI,18.1,13.6,33.0,E,1503.2,1318.3,14.0,N,2026-09-01 11:14:58.552958
2026-09-01,2026-06-01,2026-09-01,district,SHWB & SIKKIM,SIKKIM,Pakyong,24.7,14.9,66.0,LE,1281.1,1306.5,-2.0,N,2026-09-01 11:14:58.552958
2026-09-01,2026-06-01,2026-09-01,district,SHWB & SIKKIM,SIKKIM,Soreng,15.5,16.9,-8.0,N,1803.5,1452.7,24.0,E,2026-09-01 11:14:58.552958
2026-09-01,2026-06-01,2026-09-01,district,SHWB & SIKKIM,WEST BENGAL,ALIPURDUAR,4.6,18.7,-76.0,LD,2236.3,2492.4,-10.0,N,2026-09-01 11:14:58.552958
2026-09-01,2026-06-01,2026-09-01,district,SHWB & SIKKIM,WEST BENGAL,COOCH BEHAR,7.4,13.8,-47.0,D,1722.5,1905.4,-10.0,N,2026-09-01 11:14:58.552958
2026-09-01,2026-06-01,2026-09-01,district,SHWB & SIKKIM,WEST BENGAL,DARJEELING,6.6,21.1,-69.0,LD,1775.8,2218.5,-20.0,D,2026-09-01 11:14:58.552958
2026-09-01,2026-06-01,2026-09-01,district,SHWB & SIKKIM,WEST BENGAL,JALPAIGURI,2.6,19.4,-86.0,LD,1797.5,2376.0,-24.0,D,2026-09-01 11:14:58.552958
2026-09-01,2026-06-01,2026-09-01,district,SHWB & SIKKIM,WEST BENGAL,KALIMPONG,38.7,18.0,115.0,LE,1552.2,1963.0,-21.0,D,2026-09-01 11:14:58.552958
2026-09-01,2026-06-01,2026-09-01,district,SHWB & SIKKIM,WEST BENGAL,MALDA,0.2,9.5,-98.0,LD,667.6,892.4,-25.0,D,2026-09-01 11:14:58.552958
2026-09-01,2026-06-01,2026-09-01,district,SHWB & SIKKIM,WEST BENGAL,NORTH DINAJPUR,41.0,8.2,400.0,LE,792.1,1153.1,-31.0,D,2026-09-01 11:14:58.552958
2026-09-01,2026-06-01,2026-09-01,district,SHWB & SIKKIM,WEST BENGAL,SOUTH DINAJPUR,0.0,9.6,-100.0,NR,662.7,823.2,-19.0,N,2026-09-01 11:14:58.552958
2026-09-01,2026-06-01,2026-09-01,district,TAMIL. PUDU.& KARAIKAL,PUDUCHERRY (UT),KARAIKAL,0.0,4.5,-100.0,NR,232.6,194.0,20.0,E,2026-09-01 11:14:58.552958
2026-09-01,2026-06-01,2026-09-01,district,TAMIL. PUDU.& KARAIKAL,PUDUCHERRY (UT),PUDUCHERRY,0.0,3.4,-100.0,NR,106.7,261.5,-59.0,D,2026-09-01 11:14:58.552958
2026-09-01,2026-06-01,2026-09-01,district,TAMIL. PUDU.& KARAIKAL,TAMILNADU,ARIYALUR,0.0,3.0,-100.0,NR,203.4,199.0,2.0,N,2026-09-01 11:14:58.552958
2026-09-01,2026-06-01,2026-09-01,district,TAMIL. PUDU.& KARAIKAL,TAMILNADU,CHENGALPATTU,0.0,4.0,-100.0,NR,123.7,278.5,-56.0,D,2026-09-01 11:14:58.552958
2026-09-01,2026-06-01,2026-09-01,district,TAMIL. PUDU.& KARAIKAL,TAMILNADU,CHENNAI,0.0,5.1,-100.0,NR,303.0,310.6,-2.0,N,2026-09-01 11:14:58.552958
2026-09-01,2026-06-01,2026-09-01,district,TAMIL. PUDU.& KARAIKAL,TAMILNADU,COIMBATORE,0.0,4.8,-100.0,NR,626.7,566.7,11.0,N,2026-09-01 11:14:58.552958
2026-09-01,2026-06-01,2026-09-01,district,TAMIL. PUDU.& KARAIKAL,TAMILNADU,CUDDALORE,0.0,3.6,-100.0,NR,215.4,230.8,-7.0,N,2026-09-01 11:14:58.552958
2026-09-01,2026-06-01,2026-09-01,district,TAMIL. PUDU.& KARAIKAL,TAMILNADU,DHARMAPURI,0.0,4.3,-100.0,NR,151.6,225.2,-33.0,D,2026-09-01 11:14:58.552958
2026-09-01,2026-06-01,2026-09-01,district,TAMIL. PUDU.& KARAIKAL,TAMILNADU,DINDIGUL,0.0,3.1,-100.0,NR,101.2,167.3,-39.0,D,2026-09-01 11:14:58.552958
2026-09-01,2026-06-01,2026-09-01,district,TAMIL. PUDU.& KARAIKAL,TAMILNADU,ERODE,0.0,2.3,-100.0,NR,112.3,158.2,-29.0,D,2026-09-01 11:14:58.552958
2026-09-01,2026-06-01,2026-09-01,district,TAMIL. PUDU.& KARAIKAL,TAMILNADU,KALLAKURICHI,0.0,3.8,-100.0,NR,159.7,253.0,-37.0,D,2026-09-01 11:14:58.552958
2026-09-01,2026-06-01,2026-09-01,district,TAMIL. PUDU.& KARAIKAL,TAMILNADU,KANCHEEPURAM,0.0,5.0,-100.0,NR,219.4,322.4,-32.0,D,2026-09-01 11:14:58.552958
2026-09-01,2026-06-01,2026-09-01,district,TAMIL. PUDU.& KARAIKAL,TAMILNADU,KANYAKUMARI,0.0,3.1,-100.0,NR,399.7,373.8,7.0,N,2026-09-01 11:14:58.552958
2026-09-01,2026-06-01,2026-09-01,district,TAMIL. PUDU.& KARAIKAL,TAMILNADU,KARUR,0.0,2.8,-100.0,NR,37.5,101.3,-63.0,LD,2026-09-01 11:14:58.552958
2026-09-01,2026-06-01,2026-09-01,district,TAMIL. PUDU.& KARAIKAL,TAMILNADU,KRISHNAGIRI,0.0,5.4,-100.0,NR,120.6,210.1,-43.0,D,2026-09-01 11:14:58.552958
2026-09-01,2026-06-01,2026-09-01,district,TAMIL. PUDU.& KARAIKAL,TAMILNADU,MADURAI,0.0,3.7,-100.0,NR,104.8,176.1,-41.0,D,2026-09-01 11:14:58.552958
2026-09-01,2026-06-01,2026-09-01,district,TAMIL. PUDU.& KARAIKAL,TAMILNADU,MAYILADUTHURAI,0.0,4.0,-100.0,NR,153.8,195.2,-21.0,D,2026-09-01 11:14:58.552958
2026-09-01,2026-06-01,2026-09-01,district,TAMIL. PUDU.& KARAIKAL,TAMILNADU,NAGAPATTINAM,0.0,2.6,-100.0,NR,68.6,158.9,-57.0,D,2026-09-01 11:14:58.552958
2026-09-01,2026-06-01,2026-09-01,district,TAMIL. PUDU.& KARAIKAL,TAMILNADU,NAMAKKAL,0.0,4.2,-100.0,NR,84.5,201.4,-58.0,D,2026-09-01 11:14:58.552958
2026-09-01,2026-06-01,2026-09-01,district,TAMIL. PUDU.& KARAIKAL,TAMILNADU,NILGIRIS,0.0,7.8,-100.0,NR,484.2,669.7,-28.0,D,2026-09-01 11:14:58.552958
2026-09-01,2026-06-01,2026-09-01,district,TAMIL. PUDU.& KARAIKAL,TAMILNADU,PERAMBALUR,0.0,2.9,-100.0,NR,157.7,159.3,-1.0,N,2026-09-01 11:14:58.552958
2026-09-01,2026-06-01,2026-09-01,district,TAMIL. PUDU.& KARAIKAL,TAMILNADU,PUDUKKOTTAI,0.0,5.6,-100.0,NR,156.7,191.7,-18.0,N,2026-09-01 11:14:58.552958
2026-09-01,2026-06-01,2026-09-01,district,TAMIL. PUDU.& KARAIKAL,TAMILNADU,RAMANATHAPURAM,0.0,1.8,-100.0,NR,34.8,75.6,-54.0,D,2026-09-01 11:14:58.552958
2026-09-01,2026-06-01,2026-09-01,district,TAMIL. PUDU.& KARAIKAL,TAMILNADU,RANIPET,0.0,4.1,-100.0,NR,228.6,308.3,-26.0,D,2026-09-01 11:14:58.552958
2026-09-01,2026-06-01,2026-09-01,district,TAMIL. PUDU.& KARAIKAL,TAMILNADU,SALEM,0.0,3.0,-100.0,NR,173.2,255.5,-32.0,D,2026-09-01 11:14:58.552958
2026-09-01,2026-06-01,2026-09-01,district,TAMIL. PUDU.& KARAIKAL,TAMILNADU,SIVAGANGA,0.0,3.3,-100.0,NR,201.7,210.6,-4.0,N,2026-09-01 11:14:58.552958
2026-09-01,2026-06-01,2026-09-01,district,TAMIL. PUDU.& KARAIKAL,TAMILNADU,TENKASI,0.0,1.9,-100.0,NR,177.4,126.1,41.0,E,2026-09-01 11:14:58.552958
2026-09-01,2026-06-01,2026-09-01,district,TAMIL. PUDU.& KARAIKAL,TAMILNADU,THANJAVUR,0.0,3.5,-100.0,NR,130.7,193.6,-32.0,D,2026-09-01 11:14:58.552958
2026-09-01,2026-06-01,2026-09-01,district,TAMIL. PUDU.& KARAIKAL,TAMILNADU,THENI,0.0,2.0,-100.0,NR,165.5,142.4,16.0,N,2026-09-01 11:14:58.552958
2026-09-01,2026-06-01,2026-09-01,district,TAMIL. PUDU.& KARAIKAL,TAMILNADU,THIRUCHIRAPALLI,0.0,4.1,-100.0,NR,88.8,155.5,-43.0,D,2026-09-01 11:14:58.552958
2026-09-01,2026-06-01,2026-09-01,district,TAMIL. PUDU.& KARAIKAL,TAMILNADU,THIRUVALLUR,0.0,3.9,-100.0,NR,247.4,318.6,-22.0,D,2026-09-01 11:14:58.552958
2026-09-01,2026-06-01,2026-09-01,district,TAMIL. PUDU.& KARAIKAL,TAMILNADU,THOOTHUKUDI,0.0,0.6,-100.0,NR,8.4,32.7,-74.0,LD,2026-09-01 11:14:58.552958
2026-09-01,2026-06-01,2026-09-01,district,TAMIL. PUDU.& KARAIKAL,TAMILNADU,TIRUNELVELI,0.0,0.7,-100.0,NR,363.8,57.4,534.0,LE,2026-09-01 11:14:58.552958
2026-09-01,2026-06-01,2026-09-01,district,TAMIL. PUDU.& KARAIKAL,TAMILNADU,TIRUPATTUR,0.0,5.9,-100.0,NR,94.2,273.6,-66.0,LD,2026-09-01 11:14:58.552958
2026-09-01,2026-06-01,2026-09-01,district,TAMIL. PUDU.& KARAIKAL,TAMILNADU,TIRUPPUR,0.0,1.8,-100.0,NR,36.2,77.5,-53.0,D,2026-09-01 11:14:58.552958
2026-09-01,2026-06-01,2026-09-01,district,TAMIL. PUDU.& KARAIKAL,TAMILNADU,TIRUVANNAMALAI,0.0,5.3,-100.0,NR,148.6,291.1,-49.0,D,2026-09-01 11:14:58.552958
2026-09-01,2026-06-01,2026-09-01,district,TAMIL. PUDU.& KARAIKAL,TAMILNADU,TIRUVARUR,0.3,3.8,-92.0,LD,150.3,188.4,-20.0,D,2026-09-01 11:14:58.552958
2026-09-01,2026-06-01,2026-09-01,district,TAMIL. PUDU.& KARAIKAL,TAMILNADU,VELLORE,0.0,5.8,-100.0,NR,143.1,285.5,-50.0,D,2026-09-01 11:14:58.552958
2026-09-01,2026-06-01,2026-09-01,district,TAMIL. PUDU.& KARAIKAL,TAMILNADU,VILLUPURAM,0.0,3.8,-100.0,NR,180.7,268.4,-33.0,D,2026-09-01 11:14:58.552958
2026-09-01,2026-06-01,2026-09-01,district,TAMIL. PUDU.& KARAIKAL,TAMILNADU,VIRUDHUNAGAR,0.0,2.3,-100.0,NR,81.3,108.6,-25.0,D,2026-09-01 11:14:58.552958
2026-09-01,2026-06-01,2026-09-01,district,TELANGANA,TELANGANA,ADILABAD,0.0,7.4,-100.0,NR,599.9,788.6,-24.0,D,2026-09-01 11:14:58.552958
2026-09-01,2026-06-01,2026-09-01,district,TELANGANA,TELANGANA,B. KOTHAGUDEM,0.3,6.4,-95.0,LD,518.3,776.8,-33.0,D,2026-09-01 11:14:58.552958
2026-09-01,2026-06-01,2026-09-01,district,TELANGANA,TELANGANA,HANUMAKONDA,0.0,8.0,-100.0,NR,335.1,542.6,-38.0,D,2026-09-01 11:14:58.552958
2026-09-01,2026-06-01,2026-09-01,district,TELANGANA,TELANGANA,HYDERABAD,0.0,4.8,-99.0,LD,312.1,473.2,-34.0,D,2026-09-01 11:14:58.552958
2026-09-01,2026-06-01,2026-09-01,district,TELANGANA,TELANGANA,J. BHUPALPALLY,0.2,9.2,-98.0,LD,708.6,813.4,-13.0,N,2026-09-01 11:14:58.552958
2026-09-01,2026-06-01,2026-09-01,district,TELANGANA,TELANGANA,JAGTIAL,0.0,5.4,-100.0,NR,692.4,650.3,6.0,N,2026-09-01 11:14:58.552958
2026-09-01,2026-06-01,2026-09-01,district,TELANGANA,TELANGANA,JANGAON,0.0,5.3,-100.0,NR,291.0,530.1,-45.0,D,2026-09-01 11:14:58.552958
2026-09-01,2026-06-01,2026-09-01,district,TELANGANA,TELANGANA,JOGULAMBA GADWAL,0.0,3.9,-100.0,NR,184.7,326.3,-43.0,D,2026-09-01 11:14:58.552958
2026-09-01,2026-06-01,2026-09-01,district,TELANGANA,TELANGANA,KAMAREDDY,0.1,5.4,-98.0,LD,736.1,621.0,19.0,N,2026-09-01 11:14:58.552958
2026-09-01,2026-06-01,2026-09-01,district,TELANGANA,TELANGANA,KARIMNAGAR,0.0,4.9,-99.0,LD,486.4,549.6,-12.0,N,2026-09-01 11:14:58.552958
2026-09-01,2026-06-01,2026-09-01,district,TELANGANA,TELANGANA,KHAMMAM,0.1,4.2,-98.0,LD,453.5,620.6,-27.0,D,2026-09-01 11:14:58.552958
2026-09-01,2026-06-01,2026-09-01,district,TELANGANA,TELANGANA,KUMARAM BHEEM,0.0,8.3,-100.0,NR,909.8,814.5,12.0,N,2026-09-01 11:14:58.552958
2026-09-01,2026-06-01,2026-09-01,district,TELANGANA,TELANGANA,M. MALKAJGIRI,0.0,3.9,-99.0,LD,222.6,398.4,-44.0,D,2026-09-01 11:14:58.552958
2026-09-01,2026-06-01,2026-09-01,district,TELANGANA,TELANGANA,MAHABUBABAD,0.0,6.2,-99.0,LD,532.9,697.5,-24.0,D,2026-09-01 11:14:58.552958
2026-09-01,2026-06-01,2026-09-01,district,TELANGANA,TELANGANA,MAHABUBNAGAR,0.0,4.4,-100.0,NR,340.4,382.8,-11.0,N,2026-09-01 11:14:58.552958
2026-09-01,2026-06-01,2026-09-01,district,TELANGANA,TELANGANA,MANCHERIAL,0.1,8.8,-99.0,LD,798.0,779.7,2.0,N,2026-09-01 11:14:58.552958
2026-09-01,2026-06-01,2026-09-01,district,TELANGANA,TELANGANA,MEDAK,0.0,4.5,-100.0,NR,576.7,625.0,-8.0,N,2026-09-01 11:14:58.552958
2026-09-01,2026-06-01,2026-09-01,district,TELANGANA,TELANGANA,MULUGU,0.4,5.5,-94.0,LD,794.5,809.1,-2.0,N,2026-09-01 11:14:58.552958
2026-09-01,2026-06-01,2026-09-01,district,TELANGANA,TELANGANA,NAGARKURNOOL,0.0,4.1,-100.0,NR,246.6,350.8,-30.0,D,2026-09-01 11:14:58.552958
2026-09-01,2026-06-01,2026-09-01,district,TELANGANA,TELANGANA,NALGONDA,0.4,4.0,-89.0,LD,171.2,374.9,-54.0,D,2026-09-01 11:14:58.552958
2026-09-01,2026-06-01,2026-09-01,district,TELANGANA,TELANGANA,NARAYANPET,0.0,3.6,-100.0,NR,333.8,343.4,-3.0,N,2026-09-01 11:14:58.552958
2026-09-01,2026-06-01,2026-09-01,district,TELANGANA,TELANGANA,NIRMAL,0.1,6.1,-99.0,LD,386.6,729.5,-47.0,D,2026-09-01 11:14:58.552958
2026-09-01,2026-06-01,2026-09-01,district,TELANGANA,TELANGANA,NIZAMABAD,0.1,5.6,-99.0,LD,607.8,676.0,-10.0,N,2026-09-01 11:14:58.552958
2026-09-01,2026-06-01,2026-09-01,district,TELANGANA,TELANGANA,PEDDAPALLE,0.1,5.3,-99.0,LD,603.1,707.3,-15.0,N,2026-09-01 11:14:58.552958
2026-09-01,2026-06-01,2026-09-01,district,TELANGANA,TELANGANA,RAJANNA SIRCILLA,0.0,5.7,-100.0,NR,545.8,550.7,-1.0,N,2026-09-01 11:14:58.552958
2026-09-01,2026-06-01,2026-09-01,district,TELANGANA,TELANGANA,RANGAREDDY,0.0,3.7,-99.0,LD,320.6,404.5,-21.0,D,2026-09-01 11:14:58.552958
2026-09-01,2026-06-01,2026-09-01,district,TELANGANA,TELANGANA,SANGAREDDY,0.3,4.0,-93.0,LD,376.1,545.9,-31.0,D,2026-09-01 11:14:58.552958
2026-09-01,2026-06-01,2026-09-01,district,TELANGANA,TELANGANA,SIDDIPET,0.0,3.4,-100.0,NR,432.0,481.9,-10.0,N,2026-09-01 11:14:58.552958
2026-09-01,2026-06-01,2026-09-01,district,TELANGANA,TELANGANA,SURYAPET,0.1,2.8,-97.0,LD,313.4,471.1,-33.0,D,2026-09-01 11:14:58.552958
2026-09-01,2026-06-01,2026-09-01,district,TELANGANA,TELANGANA,VIKARABAD,0.0,5.5,-100.0,NR,408.9,503.6,-19.0,N,2026-09-01 11:14:58.552958
2026-09-01,2026-06-01,2026-09-01,district,TELANGANA,TELANGANA,WANAPARTHY,0.0,4.9,-99.0,LD,263.2,402.4,-35.0,D,2026-09-01 11:14:58.552958
2026-09-01,2026-06-01,2026-09-01,district,TELANGANA,TELANGANA,WARANGAL,0.1,6.0,-98.0,LD,398.4,739.4,-46.0,D,2026-09-01 11:14:58.552958
2026-09-01,2026-06-01,2026-09-01,district,TELANGANA,TELANGANA,Y. BHUVANAGIRI,0.0,1.6,-99.0,LD,211.4,397.8,-47.0,D,2026-09-01 11:14:58.552958
2026-09-01,2026-06-01,2026-09-01,district,UTTARAKHAND,UTTARAKHAND,ALMORA,24.9,6.4,289.0,LE,744.5,668.7,11.0,N,2026-09-01 11:14:58.552958
2026-09-01,2026-06-01,2026-09-01,district,UTTARAKHAND,UTTARAKHAND,BAGESHWAR,61.8,6.4,866.0,LE,1768.6,668.7,164.0,LE,2026-09-01 11:14:58.552958
2026-09-01,2026-06-01,2026-09-01,district,UTTARAKHAND,UTTARAKHAND,CHAMOLI,14.7,5.6,163.0,LE,990.5,622.0,59.0,E,2026-09-01 11:14:58.552958
2026-09-01,2026-06-01,2026-09-01,district,UTTARAKHAND,UTTARAKHAND,CHAMPAWAT,51.1,9.2,455.0,LE,727.3,1092.5,-33.0,D,2026-09-01 11:14:58.552958
2026-09-01,2026-06-01,2026-09-01,district,UTTARAKHAND,UTTARAKHAND,DEHRADUN,59.3,11.8,402.0,LE,1239.8,1237.2,0.0,N,2026-09-01 11:14:58.552958
2026-09-01,2026-06-01,2026-09-01,district,UTTARAKHAND,UTTARAKHAND,GARHWAL PAURI,22.8,12.7,80.0,LE,580.2,1081.0,-46.0,D,2026-09-01 11:14:58.552958
2026-09-01,2026-06-01,2026-09-01,district,UTTARAKHAND,UTTARAKHAND,GARHWAL TEHRI,28.0,5.4,418.0,LE,1045.8,800.6,31.0,E,2026-09-01 11:14:58.552958
2026-09-01,2026-06-01,2026-09-01,district,UTTARAKHAND,UTTARAKHAND,HARDWAR,15.1,9.8,54.0,E,992.9,833.4,19.0,N,2026-09-01 11:14:58.552958
2026-09-01,2026-06-01,2026-09-01,district,UTTARAKHAND,UTTARAKHAND,NAINITAL,34.0,16.3,109.0,LE,884.9,1292.5,-32.0,D,2026-09-01 11:14:58.552958
2026-09-01,2026-06-01,2026-09-01,district,UTTARAKHAND,UTTARAKHAND,PITHORAGARH,33.9,12.1,180.0,LE,1276.1,1278.9,0.0,N,2026-09-01 11:14:58.552958
2026-09-01,2026-06-01,2026-09-01,district,UTTARAKHAND,UTTARAKHAND,RUDRAPRAYAG,29.5,14.5,103.0,LE,1211.6,1356.0,-11.0,N,2026-09-01 11:14:58.552958
2026-09-01,2026-06-01,2026-09-01,district,UTTARAKHAND,UTTARAKHAND,UDHAM SINGH NAGAR,23.5,5.0,370.0,LE,907.0,945.2,-4.0,N,2026-09-01 11:14:58.552958
2026-09-01,2026-06-01,2026-09-01,district,UTTARAKHAND,UTTARAKHAND,UTTARKASHI,8.2,6.6,24.0,E,859.1,989.5,-13.0,N,2026-09-01 11:14:58.552958
2026-09-01,2026-06-01,2026-09-01,district,VIDARBHA,MAHARASHTRA,AKOLA,0.0,5.0,-100.0,NR,358.1,583.3,-39.0,D,2026-09-01 11:14:58.552958
2026-09-01,2026-06-01,2026-09-01,district,VIDARBHA,MAHARASHTRA,AMRAOTI,0.0,7.1,-100.0,NR,403.6,686.0,-41.0,D,2026-09-01 11:14:58.552958
2026-09-01,2026-06-01,2026-09-01,district,VIDARBHA,MAHARASHTRA,BHANDARA,0.0,9.2,-100.0,NR,766.1,920.8,-17.0,N,2026-09-01 11:14:58.552958
2026-09-01,2026-06-01,2026-09-01,district,VIDARBHA,MAHARASHTRA,BULDHANA,0.1,8.2,-99.0,LD,455.3,532.5,-14.0,N,2026-09-01 11:14:58.552958
2026-09-01,2026-06-01,2026-09-01,district,VIDARBHA,MAHARASHTRA,CHANDRAPUR,0.0,8.5,-100.0,NR,598.4,913.8,-35.0,D,2026-09-01 11:14:58.552958
2026-09-01,2026-06-01,2026-09-01,district,VIDARBHA,MAHARASHTRA,GADCHIROLI,0.1,11.1,-99.0,LD,862.1,1099.1,-22.0,D,2026-09-01 11:14:58.552958
2026-09-01,2026-06-01,2026-09-01,district,VIDARBHA,MAHARASHTRA,GONDIA,0.1,7.4,-99.0,LD,1004.3,1040.2,-3.0,N,2026-09-01 11:14:58.552958
2026-09-01,2026-06-01,2026-09-01,district,VIDARBHA,MAHARASHTRA,NAGPUR,0.0,8.2,-99.0,LD,498.7,785.8,-37.0,D,2026-09-01 11:14:58.552958
2026-09-01,2026-06-01,2026-09-01,district,VIDARBHA,MAHARASHTRA,WARDHA,0.1,8.1,-99.0,LD,489.8,698.9,-30.0,D,2026-09-01 11:14:58.552958
2026-09-01,2026-06-01,2026-09-01,district,VIDARBHA,MAHARASHTRA,WASHIM,0.1,7.5,-99.0,LD,436.2,640.1,-32.0,D,2026-09-01 11:14:58.552958
2026-09-01,2026-06-01,2026-09-01,district,VIDARBHA,MAHARASHTRA,YEOTMAL,0.0,7.9,-99.0,LD,539.1,684.5,-21.0,D,2026-09-01 11:14:58.552958
2026-09-01,2026-06-01,2026-09-01,district,WEST MADHYA PRADESH,MADHYA PRADESH,AGAR-MALWA,0.0,10.6,-100.0,NR,721.0,761.0,-5.0,N,2026-09-01 11:14:58.552958
2026-09-01,2026-06-01,2026-09-01,district,WEST MADHYA PRADESH,MADHYA PRADESH,ALIRAJPUR,0.0,7.5,-100.0,NR,374.8,715.7,-48.0,D,2026-09-01 11:14:58.552958
2026-09-01,2026-06-01,2026-09-01,district,WEST MADHYA PRADESH,MADHYA PRADESH,ASHOKNAGAR,0.0,8.1,-100.0,NR,586.3,711.4,-18.0,N,2026-09-01 11:14:58.552958
2026-09-01,2026-06-01,2026-09-01,district,WEST MADHYA PRADESH,MADHYA PRADESH,BARWANI,0.3,6.1,-95.0,LD,473.3,538.6,-12.0,N,2026-09-01 11:14:58.552958
2026-09-01,2026-06-01,2026-09-01,district,WEST MADHYA PRADESH,MADHYA PRADESH,BETUL,0.0,8.6,-100.0,NR,595.8,860.6,-31.0,D,2026-09-01 11:14:58.552958
2026-09-01,2026-06-01,2026-09-01,district,WEST MADHYA PRADESH,MADHYA PRADESH,BHIND,0.0,7.8,-99.0,LD,633.9,498.2,27.0,E,2026-09-01 11:14:58.552958
2026-09-01,2026-06-01,2026-09-01,district,WEST MADHYA PRADESH,MADHYA PRADESH,BHOPAL,0.0,13.4,-100.0,NR,889.4,816.7,9.0,N,2026-09-01 11:14:58.552958
2026-09-01,2026-06-01,2026-09-01,district,WEST MADHYA PRADESH,MADHYA PRADESH,BURHANPUR,0.0,6.9,-100.0,NR,697.3,602.3,16.0,N,2026-09-01 11:14:58.552958
2026-09-01,2026-06-01,2026-09-01,district,WEST MADHYA PRADESH,MADHYA PRADESH,DATIA,0.0,6.5,-100.0,NR,604.6,612.1,-1.0,N,2026-09-01 11:14:58.552958
2026-09-01,2026-06-01,2026-09-01,district,WEST MADHYA PRADESH,MADHYA PRADESH,DEWAS,0.0,8.7,-100.0,NR,681.9,760.5,-10.0,N,2026-09-01 11:14:58.552958
2026-09-01,2026-06-01,2026-09-01,district,WEST MADHYA PRADESH,MADHYA PRADESH,DHAR,0.0,5.6,-99.0,LD,401.5,660.0,-39.0,D,2026-09-01 11:14:58.552958
2026-09-01,2026-06-01,2026-09-01,district,WEST MADHYA PRADESH,MADHYA PRADESH,GUNA,0.1,9.0,-99.0,LD,815.0,803.5,1.0,N,2026-09-01 11:14:58.552958
2026-09-01,2026-06-01,2026-09-01,district,WEST MADHYA PRADESH,MADHYA PRADESH,GWALIOR,0.0,8.1,-100.0,NR,601.5,585.6,3.0,N,2026-09-01 11:14:58.552958
2026-09-01,2026-06-01,2026-09-01,district,WEST MADHYA PRADESH,MADHYA PRADESH,HARDA,0.0,10.2,-100.0,NR,615.4,920.3,-33.0,D,2026-09-01 11:14:58.552958
2026-09-01,2026-06-01,2026-09-01,district,WEST MADHYA PRADESH,MADHYA PRADESH,INDORE,0.1,7.7,-99.0,LD,526.3,716.6,-27.0,D,2026-09-01 11:14:58.552958
2026-09-01,2026-06-01,2026-09-01,district,WEST MADHYA PRADESH,MADHYA PRADESH,JHABUA,0.0,8.3,-100.0,NR,482.2,737.3,-35.0,D,2026-09-01 11:14:58.552958
2026-09-01,2026-06-01,2026-09-01,district,WEST MADHYA PRADESH,MADHYA PRADESH,KHANDWA,0.0,6.2,-100.0,NR,603.8,641.0,-6.0,N,2026-09-01 11:14:58.552958
2026-09-01,2026-06-01,2026-09-01,district,WEST MADHYA PRADESH,MADHYA PRADESH,KHARGONE,0.0,6.6,-100.0,NR,638.3,589.1,8.0,N,2026-09-01 11:14:58.552958
2026-09-01,2026-06-01,2026-09-01,district,WEST MADHYA PRADESH,MADHYA PRADESH,MANDSAUR,0.0,10.6,-100.0,NR,588.1,705.5,-17.0,N,2026-09-01 11:14:58.552958
2026-09-01,2026-06-01,2026-09-01,district,WEST MADHYA PRADESH,MADHYA PRADESH,MORENA,0.0,4.3,-100.0,NR,379.1,541.8,-30.0,D,2026-09-01 11:14:58.552958
2026-09-01,2026-06-01,2026-09-01,district,WEST MADHYA PRADESH,MADHYA PRADESH,NARMADAPURAM,0.0,12.5,-100.0,NR,681.2,1064.8,-36.0,D,2026-09-01 11:14:58.552958
2026-09-01,2026-06-01,2026-09-01,district,WEST MADHYA PRADESH,MADHYA PRADESH,NEEMUCH,0.0,11.4,-100.0,NR,573.2,671.9,-15.0,N,2026-09-01 11:14:58.552958
2026-09-01,2026-06-01,2026-09-01,district,WEST MADHYA PRADESH,MADHYA PRADESH,RAISEN,0.0,10.3,-100.0,NR,719.1,916.2,-22.0,D,2026-09-01 11:14:58.552958
2026-09-01,2026-06-01,2026-09-01,district,WEST MADHYA PRADESH,MADHYA PRADESH,RAJGARH,0.0,11.0,-100.0,NR,846.3,774.7,9.0,N,2026-09-01 11:14:58.552958
2026-09-01,2026-06-01,2026-09-01,district,WEST MADHYA PRADESH,MADHYA PRADESH,RATLAM,0.0,9.7,-100.0,NR,496.5,784.0,-37.0,D,2026-09-01 11:14:58.552958
2026-09-01,2026-06-01,2026-09-01,district,WEST MADHYA PRADESH,MADHYA PRADESH,SEHORE,0.0,13.4,-100.0,NR,771.7,909.3,-15.0,N,2026-09-01 11:14:58.552958
2026-09-01,2026-06-01,2026-09-01,district,WEST MADHYA PRADESH,MADHYA PRADESH,SHAJAPUR,0.0,11.0,-100.0,NR,570.4,771.8,-26.0,D,2026-09-01 11:14:58.552958
2026-09-01,2026-06-01,2026-09-01,district,WEST MADHYA PRADESH,MADHYA PRADESH,SHEOPUR,0.0,7.1,-100.0,NR,544.6,582.6,-7.0,N,2026-09-01 11:14:58.552958
2026-09-01,2026-06-01,2026-09-01,district,WEST MADHYA PRADESH,MADHYA PRADESH,SHIVPURI,1.0,5.6,-82.0,LD,696.3,662.7,5.0,N,2026-09-01 11:14:58.552958
2026-09-01,2026-06-01,2026-09-01,district,WEST MADHYA PRADESH,MADHYA PRADESH,UJJAIN,0.0,10.1,-100.0,NR,541.1,753.5,-28.0,D,2026-09-01 11:14:58.552958
2026-09-01,2026-06-01,2026-09-01,district,WEST MADHYA PRADESH,MADHYA PRADESH,VIDISHA,0.0,11.4,-100.0,NR,659.6,881.1,-25.0,D,2026-09-01 11:14:58.552958
2026-09-01,2026-06-01,2026-09-01,district,WEST RAJASTHAN,RAJASTHAN,BARMER,0.0,2.5,-100.0,NR,188.0,234.5,-20.0,D,2026-09-01 11:14:58.552958
2026-09-01,2026-06-01,2026-09-01,district,WEST RAJASTHAN,RAJASTHAN,BIKANER,0.0,1.2,-100.0,NR,203.5,215.3,-5.0,N,2026-09-01 11:14:58.552958
2026-09-01,2026-06-01,2026-09-01,district,WEST RAJASTHAN,RAJASTHAN,CHURU,0.0,2.1,-100.0,NR,264.7,288.7,-8.0,N,2026-09-01 11:14:58.552958
2026-09-01,2026-06-01,2026-09-01,district,WEST RAJASTHAN,RAJASTHAN,HANUMANGARH,0.0,1.5,-100.0,NR,142.8,215.8,-34.0,D,2026-09-01 11:14:58.552958
2026-09-01,2026-06-01,2026-09-01,district,WEST RAJASTHAN,RAJASTHAN,JAISALMER,0.0,1.6,-100.0,NR,83.3,150.7,-45.0,D,2026-09-01 11:14:58.552958
2026-09-01,2026-06-01,2026-09-01,district,WEST RAJASTHAN,RAJASTHAN,JALORE,0.0,3.5,-100.0,NR,143.1,358.6,-60.0,LD,2026-09-01 11:14:58.552958
2026-09-01,2026-06-01,2026-09-01,district,WEST RAJASTHAN,RAJASTHAN,JODHPUR,0.0,1.7,-100.0,NR,189.2,250.6,-25.0,D,2026-09-01 11:14:58.552958
2026-09-01,2026-06-01,2026-09-01,district,WEST RAJASTHAN,RAJASTHAN,NAGAUR,0.0,2.3,-100.0,NR,283.0,326.5,-13.0,N,2026-09-01 11:14:58.552958
2026-09-01,2026-06-01,2026-09-01,district,WEST RAJASTHAN,RAJASTHAN,PALI,0.0,4.6,-100.0,NR,208.0,426.9,-51.0,D,2026-09-01 11:14:58.552958
2026-09-01,2026-06-01,2026-09-01,district,WEST RAJASTHAN,RAJASTHAN,SRI GANGANAGAR,0.0,2.6,-100.0,NR,168.7,172.1,-2.0,N,2026-09-01 11:14:58.552958
2026-09-01,2026-06-01,2026-09-01,district,WEST UTTAR PRADESH,UTTAR PRADESH,AGRA,0.0,3.8,-100.0,NR,416.1,438.4,-5.0,N,2026-09-01 11:14:58.552958
2026-09-01,2026-06-01,2026-09-01,district,WEST UTTAR PRADESH,UTTAR PRADESH,ALIGARH,0.0,4.2,-100.0,NR,280.0,491.1,-43.0,D,2026-09-01 11:14:58.552958
2026-09-01,2026-06-01,2026-09-01,district,WEST UTTAR PRADESH,UTTAR PRADESH,AMROHA,0.0,6.8,-100.0,NR,414.9,688.1,-40.0,D,2026-09-01 11:14:58.552958
2026-09-01,2026-06-01,2026-09-01,district,WEST UTTAR PRADESH,UTTAR PRADESH,AURAIYA,2.8,7.0,-60.0,LD,463.5,417.0,11.0,N,2026-09-01 11:14:58.552958
2026-09-01,2026-06-01,2026-09-01,district,WEST UTTAR PRADESH,UTTAR PRADESH,BADAUN,0.0,5.2,-100.0,NR,568.3,552.0,3.0,N,2026-09-01 11:14:58.552958
2026-09-01,2026-06-01,2026-09-01,district,WEST UTTAR PRADESH,UTTAR PRADESH,BAGHPAT,0.0,2.7,-100.0,NR,443.3,415.5,7.0,N,2026-09-01 11:14:58.552958
2026-09-01,2026-06-01,2026-09-01,district,WEST UTTAR PRADESH,UTTAR PRADESH,BAREILLY,19.1,6.0,219.0,LE,606.5,647.7,-6.0,N,2026-09-01 11:14:58.552958
2026-09-01,2026-06-01,2026-09-01,district,WEST UTTAR PRADESH,UTTAR PRADESH,BIJNOR,0.0,6.1,-100.0,NR,918.9,749.6,23.0,E,2026-09-01 11:14:58.552958
2026-09-01,2026-06-01,2026-09-01,district,WEST UTTAR PRADESH,UTTAR PRADESH,BULANDSHAHAR,0.6,4.0,-85.0,LD,406.2,440.6,-8.0,N,2026-09-01 11:14:58.552958
2026-09-01,2026-06-01,2026-09-01,district,WEST UTTAR PRADESH,UTTAR PRADESH,ETAH,0.0,4.8,-100.0,NR,566.2,413.8,37.0,E,2026-09-01 11:14:58.552958
2026-09-01,2026-06-01,2026-09-01,district,WEST UTTAR PRADESH,UTTAR PRADESH,ETAWAH,1.5,4.7,-68.0,LD,536.6,456.6,18.0,N,2026-09-01 11:14:58.552958
2026-09-01,2026-06-01,2026-09-01,district,WEST UTTAR PRADESH,UTTAR PRADESH,FIROZABAD,0.0,3.6,-100.0,NR,578.5,471.7,23.0,E,2026-09-01 11:14:58.552958
2026-09-01,2026-06-01,2026-09-01,district,WEST UTTAR PRADESH,UTTAR PRADESH,GAUTAM BUDDHA NAGAR,25.4,1.5,1593.0,LE,542.2,377.4,44.0,E,2026-09-01 11:14:58.552958
2026-09-01,2026-06-01,2026-09-01,district,WEST UTTAR PRADESH,UTTAR PRADESH,GHAZIABAD,0.0,1.5,-100.0,NR,154.8,380.2,-59.0,D,2026-09-01 11:14:58.552958
2026-09-01,2026-06-01,2026-09-01,district,WEST UTTAR PRADESH,UTTAR PRADESH,HAMIRPUR,24.0,7.8,207.0,LE,907.1,572.2,59.0,E,2026-09-01 11:14:58.552958
2026-09-01,2026-06-01,2026-09-01,district,WEST UTTAR PRADESH,UTTAR PRADESH,HAPUR,0.0,5.2,-100.0,NR,276.5,556.3,-50.0,D,2026-09-01 11:14:58.552958
2026-09-01,2026-06-01,2026-09-01,district,WEST UTTAR PRADESH,UTTAR PRADESH,HATHRAS,0.0,6.3,-100.0,NR,407.5,464.1,-12.0,N,2026-09-01 11:14:58.552958
2026-09-01,2026-06-01,2026-09-01,district,WEST UTTAR PRADESH,UTTAR PRADESH,JALAUN,2.8,4.5,-39.0,D,592.4,516.4,15.0,N,2026-09-01 11:14:58.552958
2026-09-01,2026-06-01,2026-09-01,district,WEST UTTAR PRADESH,UTTAR PRADESH,JHANSI,0.0,5.7,-100.0,NR,487.1,585.4,-17.0,N,2026-09-01 11:14:58.552958
2026-09-01,2026-06-01,2026-09-01,district,WEST UTTAR PRADESH,UTTAR PRADESH,KASGANJ,0.0,8.2,-100.0,NR,496.7,546.9,-9.0,N,2026-09-01 11:14:58.552958
2026-09-01,2026-06-01,2026-09-01,district,WEST UTTAR PRADESH,UTTAR PRADESH,LALITPUR,0.0,4.1,-100.0,NR,733.1,671.8,9.0,N,2026-09-01 11:14:58.552958
2026-09-01,2026-06-01,2026-09-01,district,WEST UTTAR PRADESH,UTTAR PRADESH,MAHOBA,0.5,5.6,-91.0,LD,825.1,495.1,67.0,LE,2026-09-01 11:14:58.552958
2026-09-01,2026-06-01,2026-09-01,district,WEST UTTAR PRADESH,UTTAR PRADESH,MAINPURI,1.7,6.7,-75.0,LD,287.7,527.7,-45.0,D,2026-09-01 11:14:58.552958
2026-09-01,2026-06-01,2026-09-01,district,WEST UTTAR PRADESH,UTTAR PRADESH,MATHURA,0.0,4.9,-100.0,NR,232.0,417.0,-44.0,D,2026-09-01 11:14:58.552958
2026-09-01,2026-06-01,2026-09-01,district,WEST UTTAR PRADESH,UTTAR PRADESH,MEERUT,0.0,4.1,-100.0,NR,881.2,532.5,65.0,LE,2026-09-01 11:14:58.552958
2026-09-01,2026-06-01,2026-09-01,district,WEST UTTAR PRADESH,UTTAR PRADESH,MORADABAD,5.8,8.1,-29.0,D,743.4,721.9,3.0,N,2026-09-01 11:14:58.552958
2026-09-01,2026-06-01,2026-09-01,district,WEST UTTAR PRADESH,UTTAR PRADESH,MUZAFFARNAGAR,0.0,4.7,-100.0,NR,930.0,536.8,73.0,LE,2026-09-01 11:14:58.552958
2026-09-01,2026-06-01,2026-09-01,district,WEST UTTAR PRADESH,UTTAR PRADESH,PILIBHIT,41.4,3.2,1194.0,LE,295.8,676.5,-56.0,D,2026-09-01 11:14:58.552958
2026-09-01,2026-06-01,2026-09-01,district,WEST UTTAR PRADESH,UTTAR PRADESH,RAMPUR,7.6,4.3,77.0,LE,528.2,598.3,-12.0,N,2026-09-01 11:14:58.552958
2026-09-01,2026-06-01,2026-09-01,district,WEST UTTAR PRADESH,UTTAR PRADESH,SAHARANPUR,0.0,3.1,-100.0,NR,483.5,632.6,-24.0,D,2026-09-01 11:14:58.552958
2026-09-01,2026-06-01,2026-09-01,district,WEST UTTAR PRADESH,UTTAR PRADESH,SAMBHAL,0.0,5.3,-100.0,NR,1026.9,540.7,90.0,LE,2026-09-01 11:14:58.552958
2026-09-01,2026-06-01,2026-09-01,district,WEST UTTAR PRADESH,UTTAR PRADESH,SHAHJAHANPUR,20.1,4.3,368.0,LE,592.1,616.8,-4.0,N,2026-09-01 11:14:58.552958
2026-09-01,2026-06-01,2026-09-01,district,WEST UTTAR PRADESH,UTTAR PRADESH,SHAMLI,0.0,2.1,-100.0,NR,160.3,450.5,-64.0,LD,2026-09-01 11:14:58.552958
2026-09-01,2026-06-01,2026-09-01,state,ASSAM & MEGHALAYA,ASSAM,,20.5,9.2,123.0,LE,922.8,1208.0,-24.0,D,2026-09-01 11:14:58.552958
2026-09-01,2026-06-01,2026-09-01,state,ASSAM & MEGHALAYA,MEGHALAYA,,10.3,17.1,-39.0,D,934.2,2224.9,-58.0,D,2026-09-01 11:14:58.552958
2026-09-01,2026-06-01,2026-09-01,state,BIHAR,UTTAR PRADESH,,19.2,7.1,171.0,LE,573.1,600.2,-5.0,N,2026-09-01 11:14:58.552958
2026-09-01,2026-06-01,2026-09-01,state,CHHATTISGARH,ANDHRA PRADESH,,0.2,4.1,-96.0,LD,215.0,373.6,-42.0,D,2026-09-01 11:14:58.552958
2026-09-01,2026-06-01,2026-09-01,state,COASTAL A. P. & YANAM,ANDHRA PRADESH,,0.2,4.1,-96.0,LD,215.0,373.6,-42.0,D,2026-09-01 11:14:58.552958
2026-09-01,2026-06-01,2026-09-01,state,COASTAL A. P. & YANAM,PUDUCHERRY (UT),,0.0,3.9,-100.0,NR,187.3,291.6,-36.0,D,2026-09-01 11:14:58.552958
2026-09-01,2026-06-01,2026-09-01,state,EAST MADHYA PRADESH,GUJARAT,,0.4,6.1,-94.0,LD,516.4,600.9,-14.0,N,2026-09-01 11:14:58.552958
2026-09-01,2026-06-01,2026-09-01,state,GUJARAT REGION,DADRA & NAGAR HAVELI AND DAMAN & DIU (UT),,9.7,14.6,-34.0,D,2745.0,1895.2,45.0,E,2026-09-01 11:14:58.552958
2026-09-01,2026-06-01,2026-09-01,state,GUJARAT REGION,GUJARAT,,0.4,6.1,-94.0,LD,516.4,600.9,-14.0,N,2026-09-01 11:14:58.552958
2026-09-01,2026-06-01,2026-09-01,state,HAR. CHD & DELHI,CHANDIGARH (UT),,0.0,4.0,-100.0,NR,596.3,717.5,-17.0,N,2026-09-01 11:14:58.552958
2026-09-01,2026-06-01,2026-09-01,state,HAR. CHD & DELHI,DELHI,,0.0,7.4,-100.0,NR,501.0,446.6,12.0,N,2026-09-01 11:14:58.552958
2026-09-01,2026-06-01,2026-09-01,state,HAR. CHD & DELHI,HARYANA,,0.1,3.7,-98.0,LD,283.5,353.6,-20.0,D,2026-09-01 11:14:58.552958
2026-09-01,2026-06-01,2026-09-01,state,J & K AND LADAKH,JAMMU & KASHMIR(UT),,9.2,3.1,197.0,LE,467.9,456.5,2.0,N,2026-09-01 11:14:58.552958
2026-09-01,2026-06-01,2026-09-01,state,J & K AND LADAKH,LADAKH (UT),,0.0,0.0,-100.0,NR,49.2,16.7,195.0,LE,2026-09-01 11:14:58.552958
2026-09-01,2026-06-01,2026-09-01,state,J & K AND LADAKH,RAJASTHAN,,0.0,3.9,-100.0,NR,282.6,376.0,-25.0,D,2026-09-01 11:14:58.552958
2026-09-01,2026-06-01,2026-09-01,state,KERALA & MAHE,KERALA,,1.4,12.1,-88.0,LD,1373.5,1759.0,-22.0,D,2026-09-01 11:14:58.552958
2026-09-01,2026-06-01,2026-09-01,state,KERALA & MAHE,PUDUCHERRY (UT),,0.0,3.9,-100.0,NR,187.3,291.6,-36.0,D,2026-09-01 11:14:58.552958
2026-09-01,2026-06-01,2026-09-01,state,KONKAN & GOA,GOA,,17.4,17.3,0.0,N,1809.4,2706.6,-33.0,D,2026-09-01 11:14:58.552958
2026-09-01,2026-06-01,2026-09-01,state,KONKAN & GOA,MAHARASHTRA,,1.1,8.0,-87.0,LD,718.5,822.2,-13.0,N,2026-09-01 11:14:58.552958
2026-09-01,2026-06-01,2026-09-01,state,NMMT,MANIPUR,,12.3,12.0,2.0,N,494.1,846.8,-42.0,D,2026-09-01 11:14:58.552958
2026-09-01,2026-06-01,2026-09-01,state,NMMT,MIZORAM,,20.2,9.8,106.0,LE,1047.4,1274.0,-18.0,N,2026-09-01 11:14:58.552958
2026-09-01,2026-06-01,2026-09-01,state,NMMT,NAGALAND,,17.3,8.2,111.0,LE,898.1,839.1,7.0,N,2026-09-01 11:14:58.552958
2026-09-01,2026-06-01,2026-09-01,state,NMMT,TRIPURA,,10.9,10.2,6.0,N,1009.1,1146.1,-12.0,N,2026-09-01 11:14:58.552958
2026-09-01,2026-06-01,2026-09-01,state,SAURASHTRA & KUTCH,DADRA & NAGAR HAVELI AND DAMAN & DIU (UT),,9.7,14.6,-34.0,D,2745.0,1895.2,45.0,E,2026-09-01 11:14:58.552958
2026-09-01,2026-06-01,2026-09-01,state,SAURASHTRA & KUTCH,GUJARAT,,0.4,6.1,-94.0,LD,516.4,600.9,-14.0,N,2026-09-01 11:14:58.552958
2026-09-01,2026-06-01,2026-09-01,state,SHWB & SIKKIM,SIKKIM,,24.8,14.5,71.0,LE,1299.8,1345.8,-3.0,N,2026-09-01 11:14:58.552958
2026-09-01,2026-06-01,2026-09-01,state,SHWB & SIKKIM,WEST BENGAL,,14.8,9.2,61.0,LE,1088.3,1056.8,3.0,N,2026-09-01 11:14:58.552958
2026-09-01,2026-06-01,2026-09-01,state,TAMIL. PUDU.& KARAIKAL,KARNATAKA,,1.6,5.4,-70.0,LD,515.9,675.6,-24.0,D,2026-09-01 11:14:58.552958
2026-09-01,2026-06-01,2026-09-01,state,TAMIL. PUDU.& KARAIKAL,PUDUCHERRY (UT),,0.0,3.9,-100.0,NR,187.3,291.6,-36.0,D,2026-09-01 11:14:58.552958
2026-09-01,2026-06-01,2026-09-01,state,TAMIL. PUDU.& KARAIKAL,TAMILNADU,,0.0,3.5,-99.0,LD,165.0,213.2,-23.0,D,2026-09-01 11:14:58.552958
2026-09-01,2026-06-01,2026-09-01,state,WEST RAJASTHAN,MADHYA PRADESH,,4.3,9.1,-52.0,D,712.4,791.7,-10.0,N,2026-09-01 11:14:58.552958
2026-09-01,2026-06-01,2026-09-01,subdivision,A & N ISLAND,,,1.5,14.3,-90.0,LD,1261.9,1216.5,4.0,N,2026-09-01 11:14:58.552958
2026-09-01,2026-06-01,2026-09-01,subdivision,ARUNACHAL PRADESH,,,20.8,9.9,111.0,LE,809.8,1337.0,-39.0,D,2026-09-01 11:14:58.552958
2026-09-01,2026-06-01,2026-09-01,subdivision,ASSAM & MEGHALAYA,,,18.1,11.1,63.0,LE,925.5,1444.7,-36.0,D,2026-09-01 11:14:58.552958
2026-09-01,2026-06-01,2026-09-01,subdivision,BIHAR,,,18.4,6.9,166.0,LE,486.2,782.6,-38.0,D,2026-09-01 11:14:58.552958
2026-09-01,2026-06-01,2026-09-01,subdivision,CHHATTISGARH,,,8.7,9.0,-3.0,N,923.3,930.2,-1.0,N,2026-09-01 11:14:58.552958
2026-09-01,2026-06-01,2026-09-01,subdivision,COASTAL A. P. & YANAM,,,0.2,4.5,-95.0,LD,260.8,442.9,-41.0,D,2026-09-01 11:14:58.552958
2026-09-01,2026-06-01,2026-09-01,subdivision,COASTAL KARNATAKA,,,10.8,16.7,-35.0,D,2122.9,2790.5,-24.0,D,2026-09-01 11:14:58.552958
2026-09-01,2026-06-01,2026-09-01,subdivision,EAST MADHYA PRADESH,,,9.9,9.5,4.0,N,833.0,862.9,-3.0,N,2026-09-01 11:14:58.552958
2026-09-01,2026-06-01,2026-09-01,subdivision,EAST RAJASTHAN,,,0.0,6.0,-100.0,NR,411.8,540.8,-24.0,D,2026-09-01 11:14:58.552958
2026-09-01,2026-06-01,2026-09-01,subdivision,EAST UTTAR PRADESH,,,29.1,8.7,235.0,LE,575.5,634.5,-9.0,N,2026-09-01 11:14:58.552958
2026-09-01,2026-06-01,2026-09-01,subdivision,GANGETIC WEST BENGAL,,,16.2,8.0,103.0,LE,993.6,909.0,9.0,N,2026-09-01 11:14:58.552958
2026-09-01,2026-06-01,2026-09-01,subdivision,GUJARAT REGION,,,0.8,7.2,-89.0,LD,792.9,787.8,1.0,N,2026-09-01 11:14:58.552958
2026-09-01,2026-06-01,2026-09-01,subdivision,HAR. CHD & DELHI,,,0.1,3.9,-98.0,LD,289.6,357.4,-19.0,N,2026-09-01 11:14:58.552958
2026-09-01,2026-06-01,2026-09-01,subdivision,HIMACHAL PRADESH,,,5.3,5.1,5.0,N,562.5,618.9,-9.0,N,2026-09-01 11:14:58.552958
2026-09-01,2026-06-01,2026-09-01,subdivision,J & K AND LADAKH,,,9.2,3.1,197.0,LE,467.9,456.5,2.0,N,2026-09-01 11:14:58.552958
2026-09-01,2026-06-01,2026-09-01,subdivision,JHARKHAND,,,38.3,8.2,367.0,LE,766.3,807.1,-5.0,N,2026-09-01 11:14:58.552958
2026-09-01,2026-06-01,2026-09-01,subdivision,KERALA & MAHE,,,1.4,12.2,-88.0,LD,1373.5,1759.1,-22.0,D,2026-09-01 11:14:58.552958
2026-09-01,2026-06-01,2026-09-01,subdivision,KONKAN & GOA,,,8.5,19.2,-55.0,D,2271.9,2515.9,-10.0,N,2026-09-01 11:14:58.552958
2026-09-01,2026-06-01,2026-09-01,subdivision,LAKSHADWEEP,,,0.5,6.5,-92.0,LD,635.7,863.4,-26.0,D,2026-09-01 11:14:58.552958
2026-09-01,2026-06-01,2026-09-01,subdivision,MADHYA MAHARASHTRA,,,0.8,5.5,-85.0,LD,632.4,593.9,6.0,N,2026-09-01 11:14:58.552958
2026-09-01,2026-06-01,2026-09-01,subdivision,MARATHWADA,,,0.1,6.8,-99.0,LD,336.3,488.7,-31.0,D,2026-09-01 11:14:58.552958
2026-09-01,2026-06-01,2026-09-01,subdivision,N. I. KARNATAKA,,,0.4,3.6,-89.0,LD,273.9,344.8,-21.0,D,2026-09-01 11:14:58.552958
2026-09-01,2026-06-01,2026-09-01,subdivision,NMMT,,,15.8,9.9,59.0,E,851.4,1043.3,-18.0,N,2026-09-01 11:14:58.552958
2026-09-01,2026-06-01,2026-09-01,subdivision,ODISHA,,,13.9,7.8,79.0,LE,1168.2,922.3,27.0,E,2026-09-01 11:14:58.552958
2026-09-01,2026-06-01,2026-09-01,subdivision,PUNJAB,,,0.6,3.4,-82.0,LD,231.1,365.5,-37.0,D,2026-09-01 11:14:58.552958
2026-09-01,2026-06-01,2026-09-01,subdivision,RAYALASEEMA,,,0.1,3.6,-98.0,LD,154.9,275.3,-44.0,D,2026-09-01 11:14:58.552958
2026-09-01,2026-06-01,2026-09-01,subdivision,S. I. KARNATAKA,,,0.9,4.6,-81.0,LD,402.4,534.4,-25.0,D,2026-09-01 11:14:58.552958
2026-09-01,2026-06-01,2026-09-01,subdivision,SAURASHTRA & KUTCH,,,0.1,5.0,-98.0,LD,297.8,451.7,-34.0,D,2026-09-01 11:14:58.552958
2026-09-01,2026-06-01,2026-09-01,subdivision,SHWB & SIKKIM,,,14.1,13.8,2.0,N,1357.1,1515.1,-10.0,N,2026-09-01 11:14:58.552958
2026-09-01,2026-06-01,2026-09-01,subdivision,TAMIL. PUDU.& KARAIKAL,,,0.0,3.5,-99.0,LD,165.0,213.3,-23.0,D,2026-09-01 11:14:58.552958
2026-09-01,2026-06-01,2026-09-01,subdivision,TELANGANA,,,0.1,5.2,-98.0,LD,465.9,581.2,-20.0,D,2026-09-01 11:14:58.552958
2026-09-01,2026-06-01,2026-09-01,subdivision,UTTARAKHAND,,,27.1,9.3,191.0,LE,992.5,989.6,0.0,N,2026-09-01 11:14:58.552958
2026-09-01,2026-06-01,2026-09-01,subdivision,VIDARBHA,,,0.0,8.2,-99.0,LD,580.2,790.0,-27.0,D,2026-09-01 11:14:58.552958
2026-09-01,2026-06-01,2026-09-01,subdivision,WEST MADHYA PRADESH,,,0.1,8.7,-99.0,LD,619.8,737.0,-16.0,N,2026-09-01 11:14:58.552958
2026-09-01,2026-06-01,2026-09-01,subdivision,WEST RAJASTHAN,,,0.0,2.1,-100.0,NR,179.7,244.8,-27.0,D,2026-09-01 11:14:58.552958
2026-09-01,2026-06-01,2026-09-01,subdivision,WEST UTTAR PRADESH,,,5.1,5.0,2.0,N,569.8,552.2,3.0,N,2026-09-01 11:14:58.552958
