date,period_start,period_end,level,subdivision,state,district,day_actual_mm,day_normal_mm,day_departure_pct,day_category,period_actual_mm,period_normal_mm,period_departure_pct,period_category,scraped_at
2026-09-05,2026-06-01,2026-09-05,district,A & N ISLAND,ANDAMAN & NICOBAR ISLANDS,NICOBAR,4.2,9.8,-57.0,D,482.0,830.7,-42.0,D,2026-09-05 10:05:10.390682
2026-09-05,2026-06-01,2026-09-05,district,A & N ISLAND,ANDAMAN & NICOBAR ISLANDS,NORTH & MIDDLE ANDAMAN,11.3,15.5,-27.0,D,1952.8,1516.3,29.0,E,2026-09-05 10:05:10.390682
2026-09-05,2026-06-01,2026-09-05,district,A & N ISLAND,ANDAMAN & NICOBAR ISLANDS,SOUTH ANDAMAN,7.0,12.5,-44.0,D,1026.1,1272.1,-19.0,N,2026-09-05 10:05:10.390682
2026-09-05,2026-06-01,2026-09-05,district,ARUNACHAL PRADESH,ARUNACHAL PRADESH,ANJAW,0.0,9.5,-100.0,NR,165.8,1365.5,-88.0,LD,2026-09-05 10:05:10.390682
2026-09-05,2026-06-01,2026-09-05,district,ARUNACHAL PRADESH,ARUNACHAL PRADESH,CHANGLANG,26.5,13.2,100.0,LE,993.6,1138.8,-13.0,N,2026-09-05 10:05:10.390682
2026-09-05,2026-06-01,2026-09-05,district,ARUNACHAL PRADESH,ARUNACHAL PRADESH,EAST KAMENG,0.0,9.7,-100.0,NR,1201.6,1011.9,19.0,N,2026-09-05 10:05:10.390682
2026-09-05,2026-06-01,2026-09-05,district,ARUNACHAL PRADESH,ARUNACHAL PRADESH,EAST SIANG,10.9,26.7,-59.0,D,1927.7,2687.6,-28.0,D,2026-09-05 10:05:10.390682
2026-09-05,2026-06-01,2026-09-05,district,ARUNACHAL PRADESH,ARUNACHAL PRADESH,KURUNG KUMEY,0.3,8.6,-97.0,LD,523.9,944.3,-45.0,D,2026-09-05 10:05:10.390682
2026-09-05,2026-06-01,2026-09-05,district,ARUNACHAL PRADESH,ARUNACHAL PRADESH,LOHIT,41.8,8.9,370.0,LE,850.1,1310.9,-35.0,D,2026-09-05 10:05:10.390682
2026-09-05,2026-06-01,2026-09-05,district,ARUNACHAL PRADESH,ARUNACHAL PRADESH,LOWER SUBANSIRI,0.0,4.2,-100.0,NR,393.2,634.9,-38.0,D,2026-09-05 10:05:10.390682
2026-09-05,2026-06-01,2026-09-05,district,ARUNACHAL PRADESH,ARUNACHAL PRADESH,PAPUMPARA,11.4,15.4,-26.0,D,1514.2,1823.8,-17.0,N,2026-09-05 10:05:10.390682
2026-09-05,2026-06-01,2026-09-05,district,ARUNACHAL PRADESH,ARUNACHAL PRADESH,TAWANG,0.6,5.6,-89.0,LD,308.1,828.4,-63.0,LD,2026-09-05 10:05:10.390682
2026-09-05,2026-06-01,2026-09-05,district,ARUNACHAL PRADESH,ARUNACHAL PRADESH,TIRAP,0.0,18.2,-100.0,NR,1663.5,1666.7,0.0,N,2026-09-05 10:05:10.390682
2026-09-05,2026-06-01,2026-09-05,district,ARUNACHAL PRADESH,ARUNACHAL PRADESH,UPPER SIANG,5.5,20.1,-72.0,LD,977.2,1412.5,-31.0,D,2026-09-05 10:05:10.390682
2026-09-05,2026-06-01,2026-09-05,district,ARUNACHAL PRADESH,ARUNACHAL PRADESH,UPPER SUBANSIRI,0.0,6.0,-100.0,NR,321.1,787.2,-59.0,D,2026-09-05 10:05:10.390682
2026-09-05,2026-06-01,2026-09-05,district,ARUNACHAL PRADESH,ARUNACHAL PRADESH,WEST KAMENG,0.3,12.2,-97.0,LD,474.1,1434.9,-67.0,LD,2026-09-05 10:05:10.390682
2026-09-05,2026-06-01,2026-09-05,district,ARUNACHAL PRADESH,ARUNACHAL PRADESH,WEST SIANG,0.2,11.3,-99.0,LD,572.5,1658.0,-65.0,LD,2026-09-05 10:05:10.390682
2026-09-05,2026-06-01,2026-09-05,district,ASSAM & MEGHALAYA,ASSAM,BAJALI,0.0,16.2,-100.0,NR,1023.5,1777.8,-42.0,D,2026-09-05 10:05:10.390682
2026-09-05,2026-06-01,2026-09-05,district,ASSAM & MEGHALAYA,ASSAM,BAKSA,5.8,10.1,-42.0,D,1099.2,1299.8,-15.0,N,2026-09-05 10:05:10.390682
2026-09-05,2026-06-01,2026-09-05,district,ASSAM & MEGHALAYA,ASSAM,BARPETA,1.1,16.2,-93.0,LD,1155.2,1777.8,-35.0,D,2026-09-05 10:05:10.390682
2026-09-05,2026-06-01,2026-09-05,district,ASSAM & MEGHALAYA,ASSAM,BONGAIGAON,0.0,14.2,-100.0,NR,846.2,2001.3,-58.0,D,2026-09-05 10:05:10.390682
2026-09-05,2026-06-01,2026-09-05,district,ASSAM & MEGHALAYA,ASSAM,CACHAR,4.0,17.0,-77.0,LD,1470.7,1550.5,-5.0,N,2026-09-05 10:05:10.390682
2026-09-05,2026-06-01,2026-09-05,district,ASSAM & MEGHALAYA,ASSAM,CHARAIDEO,0.0,1.2,-100.0,NR,1121.0,876.3,28.0,E,2026-09-05 10:05:10.390682
2026-09-05,2026-06-01,2026-09-05,district,ASSAM & MEGHALAYA,ASSAM,CHIRANG,1.9,19.7,-90.0,LD,1168.1,2028.7,-42.0,D,2026-09-05 10:05:10.390682
2026-09-05,2026-06-01,2026-09-05,district,ASSAM & MEGHALAYA,ASSAM,DARRANG,0.0,8.2,-100.0,NR,645.3,1099.1,-41.0,D,2026-09-05 10:05:10.390682
2026-09-05,2026-06-01,2026-09-05,district,ASSAM & MEGHALAYA,ASSAM,DHEMAJI,11.2,8.5,32.0,E,1986.2,1720.8,15.0,N,2026-09-05 10:05:10.390682
2026-09-05,2026-06-01,2026-09-05,district,ASSAM & MEGHALAYA,ASSAM,DHUBRI,0.1,8.6,-99.0,LD,1158.0,1793.8,-35.0,D,2026-09-05 10:05:10.390682
2026-09-05,2026-06-01,2026-09-05,district,ASSAM & MEGHALAYA,ASSAM,DIBRUGARH,0.1,12.4,-99.0,LD,1027.1,1258.0,-18.0,N,2026-09-05 10:05:10.390682
2026-09-05,2026-06-01,2026-09-05,district,ASSAM & MEGHALAYA,ASSAM,DIMA HASAO,4.0,9.1,-56.0,D,523.3,866.1,-40.0,D,2026-09-05 10:05:10.390682
2026-09-05,2026-06-01,2026-09-05,district,ASSAM & MEGHALAYA,ASSAM,GOALPARA,2.5,9.4,-74.0,LD,924.9,1710.0,-46.0,D,2026-09-05 10:05:10.390682
2026-09-05,2026-06-01,2026-09-05,district,ASSAM & MEGHALAYA,ASSAM,GOLAGHAT,29.3,9.6,205.0,LE,815.9,883.8,-8.0,N,2026-09-05 10:05:10.390682
2026-09-05,2026-06-01,2026-09-05,district,ASSAM & MEGHALAYA,ASSAM,HAILAKANDI,0.5,8.9,-95.0,LD,1141.1,1286.3,-11.0,N,2026-09-05 10:05:10.390682
2026-09-05,2026-06-01,2026-09-05,district,ASSAM & MEGHALAYA,ASSAM,HOJAI,0.3,8.0,-97.0,LD,370.8,638.4,-42.0,D,2026-09-05 10:05:10.390682
2026-09-05,2026-06-01,2026-09-05,district,ASSAM & MEGHALAYA,ASSAM,JORHAT,23.4,13.7,71.0,LE,756.2,1061.8,-29.0,D,2026-09-05 10:05:10.390682
2026-09-05,2026-06-01,2026-09-05,district,ASSAM & MEGHALAYA,ASSAM,KAMRUP METROPOLITAN,3.1,7.7,-60.0,LD,752.0,901.1,-17.0,N,2026-09-05 10:05:10.390682
2026-09-05,2026-06-01,2026-09-05,district,ASSAM & MEGHALAYA,ASSAM,KAMRUP RURAL,24.6,6.8,261.0,LE,590.1,1101.1,-46.0,D,2026-09-05 10:05:10.390682
2026-09-05,2026-06-01,2026-09-05,district,ASSAM & MEGHALAYA,ASSAM,KARBI ANGLONG,7.1,7.1,0.0,N,578.5,684.5,-15.0,N,2026-09-05 10:05:10.390682
2026-09-05,2026-06-01,2026-09-05,district,ASSAM & MEGHALAYA,ASSAM,KOKRAJHAR,16.4,12.1,35.0,E,2089.3,2297.9,-9.0,N,2026-09-05 10:05:10.390682
2026-09-05,2026-06-01,2026-09-05,district,ASSAM & MEGHALAYA,ASSAM,LAKHIMPUR,28.9,15.5,86.0,LE,2046.7,1719.4,19.0,N,2026-09-05 10:05:10.390682
2026-09-05,2026-06-01,2026-09-05,district,ASSAM & MEGHALAYA,ASSAM,MORIGAON,0.0,9.3,-100.0,NR,604.0,955.1,-37.0,D,2026-09-05 10:05:10.390682
2026-09-05,2026-06-01,2026-09-05,district,ASSAM & MEGHALAYA,ASSAM,NAGAON,6.3,8.3,-25.0,D,467.3,875.5,-47.0,D,2026-09-05 10:05:10.390682
2026-09-05,2026-06-01,2026-09-05,district,ASSAM & MEGHALAYA,ASSAM,NALBARI,1.0,10.2,-90.0,LD,546.1,1358.2,-60.0,LD,2026-09-05 10:05:10.390682
2026-09-05,2026-06-01,2026-09-05,district,ASSAM & MEGHALAYA,ASSAM,SIBSAGAR,10.5,5.9,77.0,LE,715.6,1004.6,-29.0,D,2026-09-05 10:05:10.390682
2026-09-05,2026-06-01,2026-09-05,district,ASSAM & MEGHALAYA,ASSAM,SONITPUR,0.1,7.5,-99.0,LD,994.0,1001.8,-1.0,N,2026-09-05 10:05:10.390682
2026-09-05,2026-06-01,2026-09-05,district,ASSAM & MEGHALAYA,ASSAM,SRIBHUMI,16.7,19.4,-14.0,N,1438.7,1847.3,-22.0,D,2026-09-05 10:05:10.390682
2026-09-05,2026-06-01,2026-09-05,district,ASSAM & MEGHALAYA,ASSAM,TAMULPUR,12.8,11.5,11.0,N,1079.2,1142.4,-6.0,N,2026-09-05 10:05:10.390682
2026-09-05,2026-06-01,2026-09-05,district,ASSAM & MEGHALAYA,ASSAM,TINSUKIA,9.8,10.7,-9.0,N,1147.8,1228.5,-7.0,N,2026-09-05 10:05:10.390682
2026-09-05,2026-06-01,2026-09-05,district,ASSAM & MEGHALAYA,ASSAM,UDALGURI,0.1,7.7,-99.0,LD,524.1,1232.7,-57.0,D,2026-09-05 10:05:10.390682
2026-09-05,2026-06-01,2026-09-05,district,ASSAM & MEGHALAYA,ASSAM,WEST KARBI ANGLONG,0.0,6.2,-100.0,NR,526.2,586.4,-10.0,N,2026-09-05 10:05:10.390682
2026-09-05,2026-06-01,2026-09-05,district,ASSAM & MEGHALAYA,MEGHALAYA,EAST GARO HILLS,0.8,13.8,-94.0,LD,599.9,1581.9,-62.0,LD,2026-09-05 10:05:10.390682
2026-09-05,2026-06-01,2026-09-05,district,ASSAM & MEGHALAYA,MEGHALAYA,EAST JAINTIA HILLS,15.8,47.8,-67.0,LD,1394.7,3886.9,-64.0,LD,2026-09-05 10:05:10.390682
2026-09-05,2026-06-01,2026-09-05,district,ASSAM & MEGHALAYA,MEGHALAYA,EAST KHASI HILLS,13.9,20.6,-33.0,D,1898.8,3857.6,-51.0,D,2026-09-05 10:05:10.390682
2026-09-05,2026-06-01,2026-09-05,district,ASSAM & MEGHALAYA,MEGHALAYA,NORTH GARO HILLS,2.1,13.3,-84.0,LD,560.2,1524.2,-63.0,LD,2026-09-05 10:05:10.390682
2026-09-05,2026-06-01,2026-09-05,district,ASSAM & MEGHALAYA,MEGHALAYA,RI BHOI,6.5,16.0,-59.0,D,709.7,1296.3,-45.0,D,2026-09-05 10:05:10.390682
2026-09-05,2026-06-01,2026-09-05,district,ASSAM & MEGHALAYA,MEGHALAYA,SOUTH GARO HILLS,12.7,13.3,-4.0,N,810.3,1524.2,-47.0,D,2026-09-05 10:05:10.390682
2026-09-05,2026-06-01,2026-09-05,district,ASSAM & MEGHALAYA,MEGHALAYA,SOUTH WEST GARO HILLS,0.0,13.3,-100.0,NR,510.4,1524.2,-67.0,LD,2026-09-05 10:05:10.390682
2026-09-05,2026-06-01,2026-09-05,district,ASSAM & MEGHALAYA,MEGHALAYA,SOUTH WEST KHASI HILLS,12.3,13.3,-8.0,N,2570.2,1524.2,69.0,LE,2026-09-05 10:05:10.390682
2026-09-05,2026-06-01,2026-09-05,district,ASSAM & MEGHALAYA,MEGHALAYA,WEST GARO HILLS,0.7,12.9,-94.0,LD,439.0,1553.3,-72.0,LD,2026-09-05 10:05:10.390682
2026-09-05,2026-06-01,2026-09-05,district,ASSAM & MEGHALAYA,MEGHALAYA,WEST JAINTIA HILLS,6.5,47.8,-86.0,LD,834.2,3886.9,-79.0,LD,2026-09-05 10:05:10.390682
2026-09-05,2026-06-01,2026-09-05,district,ASSAM & MEGHALAYA,MEGHALAYA,WEST KHASI HILLS,3.5,14.4,-76.0,LD,745.7,2282.0,-67.0,LD,2026-09-05 10:05:10.390682
2026-09-05,2026-06-01,2026-09-05,district,BIHAR,BIHAR,ARARIA,5.8,14.9,-61.0,LD,742.7,1141.3,-35.0,D,2026-09-05 10:05:10.390682
2026-09-05,2026-06-01,2026-09-05,district,BIHAR,BIHAR,ARWAL,3.5,6.4,-45.0,D,437.5,569.1,-23.0,D,2026-09-05 10:05:10.390682
2026-09-05,2026-06-01,2026-09-05,district,BIHAR,BIHAR,AURANGABAD,6.7,8.1,-17.0,N,774.2,706.2,10.0,N,2026-09-05 10:05:10.390682
2026-09-05,2026-06-01,2026-09-05,district,BIHAR,BIHAR,BANKA,0.7,4.5,-85.0,LD,452.3,700.2,-35.0,D,2026-09-05 10:05:10.390682
2026-09-05,2026-06-01,2026-09-05,district,BIHAR,BIHAR,BEGUSARAI,0.6,13.4,-96.0,LD,518.4,811.7,-36.0,D,2026-09-05 10:05:10.390682
2026-09-05,2026-06-01,2026-09-05,district,BIHAR,BIHAR,BHABUA,2.9,12.3,-76.0,LD,461.6,718.5,-36.0,D,2026-09-05 10:05:10.390682
2026-09-05,2026-06-01,2026-09-05,district,BIHAR,BIHAR,BHAGALPUR,4.1,7.8,-48.0,D,371.3,782.6,-53.0,D,2026-09-05 10:05:10.390682
2026-09-05,2026-06-01,2026-09-05,district,BIHAR,BIHAR,BHOJPUR,16.8,8.7,93.0,LE,446.6,711.6,-37.0,D,2026-09-05 10:05:10.390682
2026-09-05,2026-06-01,2026-09-05,district,BIHAR,BIHAR,BUXAR,19.7,6.2,217.0,LE,583.8,647.4,-10.0,N,2026-09-05 10:05:10.390682
2026-09-05,2026-06-01,2026-09-05,district,BIHAR,BIHAR,DARBHANGA,1.7,7.0,-76.0,LD,352.1,744.1,-53.0,D,2026-09-05 10:05:10.390682
2026-09-05,2026-06-01,2026-09-05,district,BIHAR,BIHAR,EAST CHAMPARAN,5.1,9.2,-45.0,D,481.8,880.2,-45.0,D,2026-09-05 10:05:10.390682
2026-09-05,2026-06-01,2026-09-05,district,BIHAR,BIHAR,GAYA,5.4,4.7,15.0,N,553.8,683.6,-19.0,N,2026-09-05 10:05:10.390682
2026-09-05,2026-06-01,2026-09-05,district,BIHAR,BIHAR,GOPALGANJ,2.8,7.1,-61.0,LD,491.4,784.1,-37.0,D,2026-09-05 10:05:10.390682
2026-09-05,2026-06-01,2026-09-05,district,BIHAR,BIHAR,JAHANABAD,0.9,9.2,-90.0,LD,287.4,679.1,-58.0,D,2026-09-05 10:05:10.390682
2026-09-05,2026-06-01,2026-09-05,district,BIHAR,BIHAR,JAMUI,0.1,9.4,-99.0,LD,419.6,751.6,-44.0,D,2026-09-05 10:05:10.390682
2026-09-05,2026-06-01,2026-09-05,district,BIHAR,BIHAR,KATIHAR,17.3,7.5,131.0,LE,550.0,853.1,-36.0,D,2026-09-05 10:05:10.390682
2026-09-05,2026-06-01,2026-09-05,district,BIHAR,BIHAR,KHAGARIA,1.6,8.1,-80.0,LD,731.1,779.6,-6.0,N,2026-09-05 10:05:10.390682
2026-09-05,2026-06-01,2026-09-05,district,BIHAR,BIHAR,KISHANGANJ,4.7,12.6,-63.0,LD,968.2,1453.5,-33.0,D,2026-09-05 10:05:10.390682
2026-09-05,2026-06-01,2026-09-05,district,BIHAR,BIHAR,LAKHISARAI,1.9,8.1,-77.0,LD,640.1,681.8,-6.0,N,2026-09-05 10:05:10.390682
2026-09-05,2026-06-01,2026-09-05,district,BIHAR,BIHAR,MADHEPURA,15.0,8.6,75.0,LE,550.9,836.6,-34.0,D,2026-09-05 10:05:10.390682
2026-09-05,2026-06-01,2026-09-05,district,BIHAR,BIHAR,MADHUBANI,0.7,7.0,-90.0,LD,463.4,827.0,-44.0,D,2026-09-05 10:05:10.390682
2026-09-05,2026-06-01,2026-09-05,district,BIHAR,BIHAR,MUNGER,1.1,8.7,-88.0,LD,580.3,829.5,-30.0,D,2026-09-05 10:05:10.390682
2026-09-05,2026-06-01,2026-09-05,district,BIHAR,BIHAR,MUZAFFARPUR,1.1,8.9,-88.0,LD,373.8,784.3,-52.0,D,2026-09-05 10:05:10.390682
2026-09-05,2026-06-01,2026-09-05,district,BIHAR,BIHAR,NALANDA,1.5,8.0,-81.0,LD,442.6,691.8,-36.0,D,2026-09-05 10:05:10.390682
2026-09-05,2026-06-01,2026-09-05,district,BIHAR,BIHAR,NAWADA,0.1,7.2,-99.0,LD,505.6,678.2,-25.0,D,2026-09-05 10:05:10.390682
2026-09-05,2026-06-01,2026-09-05,district,BIHAR,BIHAR,PATNA,5.6,9.0,-38.0,D,397.4,719.5,-45.0,D,2026-09-05 10:05:10.390682
2026-09-05,2026-06-01,2026-09-05,district,BIHAR,BIHAR,PURNEA,6.0,12.3,-51.0,D,677.1,1153.0,-41.0,D,2026-09-05 10:05:10.390682
2026-09-05,2026-06-01,2026-09-05,district,BIHAR,BIHAR,ROHTAS,0.9,8.5,-90.0,LD,539.2,689.0,-22.0,D,2026-09-05 10:05:10.390682
2026-09-05,2026-06-01,2026-09-05,district,BIHAR,BIHAR,SAHARSA,3.0,7.3,-59.0,D,469.9,884.2,-47.0,D,2026-09-05 10:05:10.390682
2026-09-05,2026-06-01,2026-09-05,district,BIHAR,BIHAR,SAMASTIPUR,1.1,8.7,-87.0,LD,408.4,759.9,-46.0,D,2026-09-05 10:05:10.390682
2026-09-05,2026-06-01,2026-09-05,district,BIHAR,BIHAR,SARAN,26.2,8.8,197.0,LE,390.6,738.6,-47.0,D,2026-09-05 10:05:10.390682
2026-09-05,2026-06-01,2026-09-05,district,BIHAR,BIHAR,SHEIKHPURA,6.5,5.6,15.0,N,454.8,661.1,-31.0,D,2026-09-05 10:05:10.390682
2026-09-05,2026-06-01,2026-09-05,district,BIHAR,BIHAR,SHEOHAR,7.6,11.3,-33.0,D,328.9,839.2,-61.0,LD,2026-09-05 10:05:10.390682
2026-09-05,2026-06-01,2026-09-05,district,BIHAR,BIHAR,SITAMARHI,3.3,8.5,-61.0,LD,365.8,906.6,-60.0,LD,2026-09-05 10:05:10.390682
2026-09-05,2026-06-01,2026-09-05,district,BIHAR,BIHAR,SIWAN,30.5,9.3,228.0,LE,651.6,720.7,-10.0,N,2026-09-05 10:05:10.390682
2026-09-05,2026-06-01,2026-09-05,district,BIHAR,BIHAR,SUPAUL,9.0,6.8,32.0,E,654.5,891.3,-27.0,D,2026-09-05 10:05:10.390682
2026-09-05,2026-06-01,2026-09-05,district,BIHAR,BIHAR,VAISHALI,1.3,10.2,-87.0,LD,430.3,741.1,-42.0,D,2026-09-05 10:05:10.390682
2026-09-05,2026-06-01,2026-09-05,district,BIHAR,BIHAR,WEST CHAMPARAN,11.6,7.2,61.0,LE,631.0,1038.2,-39.0,D,2026-09-05 10:05:10.390682
2026-09-05,2026-06-01,2026-09-05,district,CHHATTISGARH,CHHATTISGARH,BALOD,1.1,14.3,-92.0,LD,931.9,875.9,6.0,N,2026-09-05 10:05:10.390682
2026-09-05,2026-06-01,2026-09-05,district,CHHATTISGARH,CHHATTISGARH,BALODA BAZAR,0.1,8.7,-99.0,LD,965.1,799.4,21.0,E,2026-09-05 10:05:10.390682
2026-09-05,2026-06-01,2026-09-05,district,CHHATTISGARH,CHHATTISGARH,BALRAMPUR,1.2,9.8,-88.0,LD,1436.7,838.6,71.0,LE,2026-09-05 10:05:10.390682
2026-09-05,2026-06-01,2026-09-05,district,CHHATTISGARH,CHHATTISGARH,BASTAR,0.5,11.1,-95.0,LD,866.0,1000.4,-13.0,N,2026-09-05 10:05:10.390682
2026-09-05,2026-06-01,2026-09-05,district,CHHATTISGARH,CHHATTISGARH,BEMETARA,1.2,11.2,-89.0,LD,538.6,902.2,-40.0,D,2026-09-05 10:05:10.390682
2026-09-05,2026-06-01,2026-09-05,district,CHHATTISGARH,CHHATTISGARH,BIJAPUR,0.0,10.4,-99.0,LD,1243.0,1198.1,4.0,N,2026-09-05 10:05:10.390682
2026-09-05,2026-06-01,2026-09-05,district,CHHATTISGARH,CHHATTISGARH,BILASPUR,0.8,6.6,-87.0,LD,942.7,900.7,5.0,N,2026-09-05 10:05:10.390682
2026-09-05,2026-06-01,2026-09-05,district,CHHATTISGARH,CHHATTISGARH,DANTEWADA,0.0,9.0,-100.0,NR,928.3,1119.7,-17.0,N,2026-09-05 10:05:10.390682
2026-09-05,2026-06-01,2026-09-05,district,CHHATTISGARH,CHHATTISGARH,DHAMTARI,0.0,10.2,-100.0,NR,946.3,903.3,5.0,N,2026-09-05 10:05:10.390682
2026-09-05,2026-06-01,2026-09-05,district,CHHATTISGARH,CHHATTISGARH,DURG,0.2,6.6,-97.0,LD,704.1,844.4,-17.0,N,2026-09-05 10:05:10.390682
2026-09-05,2026-06-01,2026-09-05,district,CHHATTISGARH,CHHATTISGARH,GARIABAND,0.7,7.4,-90.0,LD,1030.3,907.0,14.0,N,2026-09-05 10:05:10.390682
2026-09-05,2026-06-01,2026-09-05,district,CHHATTISGARH,CHHATTISGARH,GAURELA PENDRA MARWAHI,0.0,6.4,-99.0,LD,867.4,920.3,-6.0,N,2026-09-05 10:05:10.390682
2026-09-05,2026-06-01,2026-09-05,district,CHHATTISGARH,CHHATTISGARH,JANJGIR,0.9,9.5,-90.0,LD,1076.3,941.0,14.0,N,2026-09-05 10:05:10.390682
2026-09-05,2026-06-01,2026-09-05,district,CHHATTISGARH,CHHATTISGARH,JASHPUR,0.8,10.0,-92.0,LD,765.8,1151.6,-34.0,D,2026-09-05 10:05:10.390682
2026-09-05,2026-06-01,2026-09-05,district,CHHATTISGARH,CHHATTISGARH,KABIRDHAM,0.4,5.7,-93.0,LD,595.5,741.5,-20.0,D,2026-09-05 10:05:10.390682
2026-09-05,2026-06-01,2026-09-05,district,CHHATTISGARH,CHHATTISGARH,KANKER,1.0,12.3,-92.0,LD,728.2,1152.5,-37.0,D,2026-09-05 10:05:10.390682
2026-09-05,2026-06-01,2026-09-05,district,CHHATTISGARH,CHHATTISGARH,KHAIRAGARH CHH GANDAI,0.0,9.0,-100.0,NR,615.3,632.5,-3.0,N,2026-09-05 10:05:10.390682
2026-09-05,2026-06-01,2026-09-05,district,CHHATTISGARH,CHHATTISGARH,KONDAGAON,0.7,9.5,-93.0,LD,800.5,1000.2,-20.0,D,2026-09-05 10:05:10.390682
2026-09-05,2026-06-01,2026-09-05,district,CHHATTISGARH,CHHATTISGARH,KORBA,0.7,9.1,-92.0,LD,1013.4,1069.9,-5.0,N,2026-09-05 10:05:10.390682
2026-09-05,2026-06-01,2026-09-05,district,CHHATTISGARH,CHHATTISGARH,KORIYA,0.6,8.1,-92.0,LD,866.0,950.0,-9.0,N,2026-09-05 10:05:10.390682
2026-09-05,2026-06-01,2026-09-05,district,CHHATTISGARH,CHHATTISGARH,MAHASAMUND,0.0,6.3,-100.0,NR,1074.6,911.1,18.0,N,2026-09-05 10:05:10.390682
2026-09-05,2026-06-01,2026-09-05,district,CHHATTISGARH,CHHATTISGARH,MANENDRAGARH BHARATPUR,0.9,8.1,-89.0,LD,1094.0,949.8,15.0,N,2026-09-05 10:05:10.390682
2026-09-05,2026-06-01,2026-09-05,district,CHHATTISGARH,CHHATTISGARH,MOHALA MANPUR CHOWKI,0.9,10.1,-91.0,LD,738.8,878.9,-16.0,N,2026-09-05 10:05:10.390682
2026-09-05,2026-06-01,2026-09-05,district,CHHATTISGARH,CHHATTISGARH,MUNGELI,5.5,7.5,-27.0,D,1054.1,812.1,30.0,E,2026-09-05 10:05:10.390682
2026-09-05,2026-06-01,2026-09-05,district,CHHATTISGARH,CHHATTISGARH,NARAYANPUR,0.0,10.9,-100.0,NR,1284.1,1061.4,21.0,E,2026-09-05 10:05:10.390682
2026-09-05,2026-06-01,2026-09-05,district,CHHATTISGARH,CHHATTISGARH,RAIGARH,1.3,9.8,-87.0,LD,924.2,1013.0,-9.0,N,2026-09-05 10:05:10.390682
2026-09-05,2026-06-01,2026-09-05,district,CHHATTISGARH,CHHATTISGARH,RAIPUR,0.1,7.0,-99.0,LD,1049.8,866.7,21.0,E,2026-09-05 10:05:10.390682
2026-09-05,2026-06-01,2026-09-05,district,CHHATTISGARH,CHHATTISGARH,RAJNANDGAON,1.8,9.6,-81.0,LD,754.0,888.1,-15.0,N,2026-09-05 10:05:10.390682
2026-09-05,2026-06-01,2026-09-05,district,CHHATTISGARH,CHHATTISGARH,SAKTI,0.6,7.4,-92.0,LD,893.1,963.5,-7.0,N,2026-09-05 10:05:10.390682
2026-09-05,2026-06-01,2026-09-05,district,CHHATTISGARH,CHHATTISGARH,SARANGARH BILAIGARH,0.0,7.4,-99.0,LD,1104.8,785.0,41.0,E,2026-09-05 10:05:10.390682
2026-09-05,2026-06-01,2026-09-05,district,CHHATTISGARH,CHHATTISGARH,SUKMA,1.0,12.5,-92.0,LD,856.4,1019.5,-16.0,N,2026-09-05 10:05:10.390682
2026-09-05,2026-06-01,2026-09-05,district,CHHATTISGARH,CHHATTISGARH,SURAJPUR,0.8,11.5,-93.0,LD,1147.4,1026.1,12.0,N,2026-09-05 10:05:10.390682
2026-09-05,2026-06-01,2026-09-05,district,CHHATTISGARH,CHHATTISGARH,SURGUJA,1.6,7.8,-79.0,LD,631.3,1000.3,-37.0,D,2026-09-05 10:05:10.390682
2026-09-05,2026-06-01,2026-09-05,district,COASTAL A. P. & YANAM,ANDHRA PRADESH,ANAKAPALLI,0.0,4.0,-100.0,NR,266.7,476.9,-44.0,D,2026-09-05 10:05:10.390682
2026-09-05,2026-06-01,2026-09-05,district,COASTAL A. P. & YANAM,ANDHRA PRADESH,BAPATLA,0.0,5.5,-100.0,NR,183.6,418.5,-56.0,D,2026-09-05 10:05:10.390682
2026-09-05,2026-06-01,2026-09-05,district,COASTAL A. P. & YANAM,ANDHRA PRADESH,DR B R AMBEDKAR KONASEEMA,0.0,5.0,-100.0,NR,464.6,619.5,-25.0,D,2026-09-05 10:05:10.390682
2026-09-05,2026-06-01,2026-09-05,district,COASTAL A. P. & YANAM,ANDHRA PRADESH,EAST GODAVARI,3.0,8.3,-64.0,LD,335.3,584.5,-43.0,D,2026-09-05 10:05:10.390682
2026-09-05,2026-06-01,2026-09-05,district,COASTAL A. P. & YANAM,ANDHRA PRADESH,ELURU,4.2,7.8,-46.0,D,403.8,709.2,-43.0,D,2026-09-05 10:05:10.390682
2026-09-05,2026-06-01,2026-09-05,district,COASTAL A. P. & YANAM,ANDHRA PRADESH,GUNTUR,0.0,4.4,-100.0,NR,316.7,468.0,-32.0,D,2026-09-05 10:05:10.390682
2026-09-05,2026-06-01,2026-09-05,district,COASTAL A. P. & YANAM,ANDHRA PRADESH,KAKINADA,0.0,6.9,-100.0,NR,296.5,515.7,-43.0,D,2026-09-05 10:05:10.390682
2026-09-05,2026-06-01,2026-09-05,district,COASTAL A. P. & YANAM,ANDHRA PRADESH,KRISHNA,0.0,4.5,-100.0,NR,320.4,527.7,-39.0,D,2026-09-05 10:05:10.390682
2026-09-05,2026-06-01,2026-09-05,district,COASTAL A. P. & YANAM,ANDHRA PRADESH,NTR DISTRICT,0.0,3.1,-100.0,NR,348.3,569.9,-39.0,D,2026-09-05 10:05:10.390682
2026-09-05,2026-06-01,2026-09-05,district,COASTAL A. P. & YANAM,ANDHRA PRADESH,PALNADU,0.0,3.2,-100.0,NR,230.9,421.5,-45.0,D,2026-09-05 10:05:10.390682
2026-09-05,2026-06-01,2026-09-05,district,COASTAL A. P. & YANAM,ANDHRA PRADESH,PARVATHIPURAM MANYAM,4.3,6.0,-29.0,D,359.7,617.8,-42.0,D,2026-09-05 10:05:10.390682
2026-09-05,2026-06-01,2026-09-05,district,COASTAL A. P. & YANAM,ANDHRA PRADESH,PRAKASAM,0.1,2.9,-98.0,LD,108.7,271.8,-60.0,LD,2026-09-05 10:05:10.390682
2026-09-05,2026-06-01,2026-09-05,district,COASTAL A. P. & YANAM,ANDHRA PRADESH,SPSR NELLORE,0.0,2.0,-100.0,NR,137.4,242.8,-43.0,D,2026-09-05 10:05:10.390682
2026-09-05,2026-06-01,2026-09-05,district,COASTAL A. P. & YANAM,ANDHRA PRADESH,SRI ALLURI SITHARAMARAJU DISTRICT,0.0,9.5,-100.0,NR,362.5,744.2,-51.0,D,2026-09-05 10:05:10.390682
2026-09-05,2026-06-01,2026-09-05,district,COASTAL A. P. & YANAM,ANDHRA PRADESH,SRIKAKULAM,0.0,6.5,-100.0,NR,343.1,557.2,-38.0,D,2026-09-05 10:05:10.390682
2026-09-05,2026-06-01,2026-09-05,district,COASTAL A. P. & YANAM,ANDHRA PRADESH,VISHAKHAPATNAM,2.1,3.8,-44.0,D,243.5,430.6,-43.0,D,2026-09-05 10:05:10.390682
2026-09-05,2026-06-01,2026-09-05,district,COASTAL A. P. & YANAM,ANDHRA PRADESH,VIZIANAGARAM,0.0,6.2,-100.0,NR,346.3,531.4,-35.0,D,2026-09-05 10:05:10.390682
2026-09-05,2026-06-01,2026-09-05,district,COASTAL A. P. & YANAM,ANDHRA PRADESH,WEST GODAVARI,0.0,6.1,-100.0,NR,297.4,596.7,-50.0,D,2026-09-05 10:05:10.390682
2026-09-05,2026-06-01,2026-09-05,district,COASTAL A. P. & YANAM,PUDUCHERRY (UT),YANAM,0.0,10.4,-100.0,NR,306.4,581.9,-47.0,D,2026-09-05 10:05:10.390682
2026-09-05,2026-06-01,2026-09-05,district,COASTAL KARNATAKA,KARNATAKA,DAKSHINA KANNADA,0.0,15.0,-100.0,NR,2451.2,3054.9,-20.0,D,2026-09-05 10:05:10.390682
2026-09-05,2026-06-01,2026-09-05,district,COASTAL KARNATAKA,KARNATAKA,UDUPI,1.3,16.0,-92.0,LD,2549.1,3457.4,-26.0,D,2026-09-05 10:05:10.390682
2026-09-05,2026-06-01,2026-09-05,district,COASTAL KARNATAKA,KARNATAKA,UTTARA KANNADA,2.2,11.5,-81.0,LD,1853.8,2537.1,-27.0,D,2026-09-05 10:05:10.390682
2026-09-05,2026-06-01,2026-09-05,district,EAST MADHYA PRADESH,MADHYA PRADESH,ANUPPUR,0.2,8.9,-97.0,LD,982.6,851.2,15.0,N,2026-09-05 10:05:10.390682
2026-09-05,2026-06-01,2026-09-05,district,EAST MADHYA PRADESH,MADHYA PRADESH,BALAGHAT,4.8,12.2,-60.0,LD,997.9,1087.1,-8.0,N,2026-09-05 10:05:10.390682
2026-09-05,2026-06-01,2026-09-05,district,EAST MADHYA PRADESH,MADHYA PRADESH,CHHATARPUR,1.2,9.2,-87.0,LD,896.7,817.3,10.0,N,2026-09-05 10:05:10.390682
2026-09-05,2026-06-01,2026-09-05,district,EAST MADHYA PRADESH,MADHYA PRADESH,CHHINDWARA,4.2,10.7,-61.0,LD,684.9,881.9,-22.0,D,2026-09-05 10:05:10.390682
2026-09-05,2026-06-01,2026-09-05,district,EAST MADHYA PRADESH,MADHYA PRADESH,DAMOH,5.9,7.3,-19.0,N,839.1,947.0,-11.0,N,2026-09-05 10:05:10.390682
2026-09-05,2026-06-01,2026-09-05,district,EAST MADHYA PRADESH,MADHYA PRADESH,DINDORI,1.0,8.4,-88.0,LD,1015.3,1024.3,-1.0,N,2026-09-05 10:05:10.390682
2026-09-05,2026-06-01,2026-09-05,district,EAST MADHYA PRADESH,MADHYA PRADESH,JABALPUR,7.3,11.3,-36.0,D,835.2,985.1,-15.0,N,2026-09-05 10:05:10.390682
2026-09-05,2026-06-01,2026-09-05,district,EAST MADHYA PRADESH,MADHYA PRADESH,KATNI,2.3,4.3,-48.0,D,783.7,819.6,-4.0,N,2026-09-05 10:05:10.390682
2026-09-05,2026-06-01,2026-09-05,district,EAST MADHYA PRADESH,MADHYA PRADESH,MAIHAR,0.0,10.6,-100.0,NR,1015.8,831.4,22.0,E,2026-09-05 10:05:10.390682
2026-09-05,2026-06-01,2026-09-05,district,EAST MADHYA PRADESH,MADHYA PRADESH,MANDLA,1.5,8.6,-82.0,LD,1043.9,1044.9,0.0,N,2026-09-05 10:05:10.390682
2026-09-05,2026-06-01,2026-09-05,district,EAST MADHYA PRADESH,MADHYA PRADESH,MAUGANJ,0.0,13.6,-100.0,NR,1345.9,818.8,64.0,LE,2026-09-05 10:05:10.390682
2026-09-05,2026-06-01,2026-09-05,district,EAST MADHYA PRADESH,MADHYA PRADESH,NARSINGHPUR,25.8,8.9,190.0,LE,870.2,904.8,-4.0,N,2026-09-05 10:05:10.390682
2026-09-05,2026-06-01,2026-09-05,district,EAST MADHYA PRADESH,MADHYA PRADESH,NIWARI,17.3,6.2,180.0,LE,1133.7,679.0,67.0,LE,2026-09-05 10:05:10.390682
2026-09-05,2026-06-01,2026-09-05,district,EAST MADHYA PRADESH,MADHYA PRADESH,PANDHURNA,8.0,7.2,11.0,N,535.1,689.2,-22.0,D,2026-09-05 10:05:10.390682
2026-09-05,2026-06-01,2026-09-05,district,EAST MADHYA PRADESH,MADHYA PRADESH,PANNA,2.5,10.0,-75.0,LD,1026.7,931.5,10.0,N,2026-09-05 10:05:10.390682
2026-09-05,2026-06-01,2026-09-05,district,EAST MADHYA PRADESH,MADHYA PRADESH,REWA,0.3,9.1,-97.0,LD,767.4,839.3,-9.0,N,2026-09-05 10:05:10.390682
2026-09-05,2026-06-01,2026-09-05,district,EAST MADHYA PRADESH,MADHYA PRADESH,SAGAR,15.3,7.8,96.0,LE,779.9,926.5,-16.0,N,2026-09-05 10:05:10.390682
2026-09-05,2026-06-01,2026-09-05,district,EAST MADHYA PRADESH,MADHYA PRADESH,SATNA,0.0,5.3,-100.0,NR,1239.2,801.0,55.0,E,2026-09-05 10:05:10.390682
2026-09-05,2026-06-01,2026-09-05,district,EAST MADHYA PRADESH,MADHYA PRADESH,SEONI,5.0,10.7,-53.0,D,748.5,881.0,-15.0,N,2026-09-05 10:05:10.390682
2026-09-05,2026-06-01,2026-09-05,district,EAST MADHYA PRADESH,MADHYA PRADESH,SHAHDOL,0.0,8.0,-100.0,NR,1087.9,850.9,28.0,E,2026-09-05 10:05:10.390682
2026-09-05,2026-06-01,2026-09-05,district,EAST MADHYA PRADESH,MADHYA PRADESH,SIDHI,0.0,9.9,-100.0,NR,1069.7,874.5,22.0,E,2026-09-05 10:05:10.390682
2026-09-05,2026-06-01,2026-09-05,district,EAST MADHYA PRADESH,MADHYA PRADESH,SINGRAULI,0.5,10.7,-95.0,LD,995.7,881.9,13.0,N,2026-09-05 10:05:10.390682
2026-09-05,2026-06-01,2026-09-05,district,EAST MADHYA PRADESH,MADHYA PRADESH,TIKAMGARH,3.1,7.2,-57.0,D,844.8,807.3,5.0,N,2026-09-05 10:05:10.390682
2026-09-05,2026-06-01,2026-09-05,district,EAST MADHYA PRADESH,MADHYA PRADESH,UMARIA,0.3,8.9,-97.0,LD,1040.6,905.6,15.0,N,2026-09-05 10:05:10.390682
2026-09-05,2026-06-01,2026-09-05,district,EAST RAJASTHAN,RAJASTHAN,AJMER,5.9,3.9,51.0,E,336.6,412.6,-18.0,N,2026-09-05 10:05:10.390682
2026-09-05,2026-06-01,2026-09-05,district,EAST RAJASTHAN,RAJASTHAN,ALWAR,12.9,6.9,87.0,LE,450.3,483.8,-7.0,N,2026-09-05 10:05:10.390682
2026-09-05,2026-06-01,2026-09-05,district,EAST RAJASTHAN,RAJASTHAN,BANSWARA,0.9,4.6,-80.0,LD,381.4,774.6,-51.0,D,2026-09-05 10:05:10.390682
2026-09-05,2026-06-01,2026-09-05,district,EAST RAJASTHAN,RAJASTHAN,BARAN,49.8,7.0,611.0,LE,594.9,751.2,-21.0,D,2026-09-05 10:05:10.390682
2026-09-05,2026-06-01,2026-09-05,district,EAST RAJASTHAN,RAJASTHAN,BHARATPUR,15.0,5.0,200.0,LE,619.3,474.5,31.0,E,2026-09-05 10:05:10.390682
2026-09-05,2026-06-01,2026-09-05,district,EAST RAJASTHAN,RAJASTHAN,BHILWARA,4.0,5.3,-24.0,D,370.2,548.0,-32.0,D,2026-09-05 10:05:10.390682
2026-09-05,2026-06-01,2026-09-05,district,EAST RAJASTHAN,RAJASTHAN,BUNDI,18.3,7.1,158.0,LE,481.4,586.7,-18.0,N,2026-09-05 10:05:10.390682
2026-09-05,2026-06-01,2026-09-05,district,EAST RAJASTHAN,RAJASTHAN,CHITTORGARH,3.8,4.4,-13.0,N,491.4,655.1,-25.0,D,2026-09-05 10:05:10.390682
2026-09-05,2026-06-01,2026-09-05,district,EAST RAJASTHAN,RAJASTHAN,DAUSA,47.2,4.0,1080.0,LE,537.6,535.1,0.0,N,2026-09-05 10:05:10.390682
2026-09-05,2026-06-01,2026-09-05,district,EAST RAJASTHAN,RAJASTHAN,DHOLPUR,64.2,5.8,1006.0,LE,618.8,510.9,21.0,E,2026-09-05 10:05:10.390682
2026-09-05,2026-06-01,2026-09-05,district,EAST RAJASTHAN,RAJASTHAN,DUNGARPUR,0.2,2.6,-94.0,LD,341.0,624.5,-45.0,D,2026-09-05 10:05:10.390682
2026-09-05,2026-06-01,2026-09-05,district,EAST RAJASTHAN,RAJASTHAN,JAIPUR,18.5,4.2,340.0,LE,344.8,474.0,-27.0,D,2026-09-05 10:05:10.390682
2026-09-05,2026-06-01,2026-09-05,district,EAST RAJASTHAN,RAJASTHAN,JHALAWAR,35.3,7.0,404.0,LE,682.1,791.4,-14.0,N,2026-09-05 10:05:10.390682
2026-09-05,2026-06-01,2026-09-05,district,EAST RAJASTHAN,RAJASTHAN,JHUNJHUNU,0.0,2.7,-100.0,NR,393.2,365.5,8.0,N,2026-09-05 10:05:10.390682
2026-09-05,2026-06-01,2026-09-05,district,EAST RAJASTHAN,RAJASTHAN,KARAULI,51.7,4.4,1074.0,LE,479.0,539.5,-11.0,N,2026-09-05 10:05:10.390682
2026-09-05,2026-06-01,2026-09-05,district,EAST RAJASTHAN,RAJASTHAN,KOTA,19.4,6.7,190.0,LE,480.6,667.8,-28.0,D,2026-09-05 10:05:10.390682
2026-09-05,2026-06-01,2026-09-05,district,EAST RAJASTHAN,RAJASTHAN,PRATAPGARH,2.3,5.3,-57.0,D,621.7,811.5,-23.0,D,2026-09-05 10:05:10.390682
2026-09-05,2026-06-01,2026-09-05,district,EAST RAJASTHAN,RAJASTHAN,RAJSAMAND,0.0,3.8,-100.0,NR,309.3,480.5,-36.0,D,2026-09-05 10:05:10.390682
2026-09-05,2026-06-01,2026-09-05,district,EAST RAJASTHAN,RAJASTHAN,SAWAI MADHOPUR,61.0,5.4,1030.0,LE,478.0,602.3,-21.0,D,2026-09-05 10:05:10.390682
2026-09-05,2026-06-01,2026-09-05,district,EAST RAJASTHAN,RAJASTHAN,SIKAR,0.5,2.1,-76.0,LD,332.2,371.1,-10.0,N,2026-09-05 10:05:10.390682
2026-09-05,2026-06-01,2026-09-05,district,EAST RAJASTHAN,RAJASTHAN,SIROHI,0.0,5.2,-100.0,NR,415.4,781.3,-47.0,D,2026-09-05 10:05:10.390682
2026-09-05,2026-06-01,2026-09-05,district,EAST RAJASTHAN,RAJASTHAN,TONK,24.3,3.8,539.0,LE,447.7,518.7,-14.0,N,2026-09-05 10:05:10.390682
2026-09-05,2026-06-01,2026-09-05,district,EAST RAJASTHAN,RAJASTHAN,UDAIPUR,0.5,2.7,-81.0,LD,339.9,544.3,-38.0,D,2026-09-05 10:05:10.390682
2026-09-05,2026-06-01,2026-09-05,district,EAST UTTAR PRADESH,UTTAR PRADESH,AMBEDKAR NAGAR,11.7,8.6,36.0,E,662.4,698.5,-5.0,N,2026-09-05 10:05:10.390682
2026-09-05,2026-06-01,2026-09-05,district,EAST UTTAR PRADESH,UTTAR PRADESH,AMETHI,0.0,9.2,-100.0,NR,355.6,569.6,-38.0,D,2026-09-05 10:05:10.390682
2026-09-05,2026-06-01,2026-09-05,district,EAST UTTAR PRADESH,UTTAR PRADESH,AYODHYA,8.7,6.5,33.0,E,642.5,707.5,-9.0,N,2026-09-05 10:05:10.390682
2026-09-05,2026-06-01,2026-09-05,district,EAST UTTAR PRADESH,UTTAR PRADESH,AZAMGARH,0.0,6.3,-100.0,NR,581.1,686.7,-15.0,N,2026-09-05 10:05:10.390682
2026-09-05,2026-06-01,2026-09-05,district,EAST UTTAR PRADESH,UTTAR PRADESH,BAHRAICH,0.9,5.7,-84.0,LD,886.8,817.4,8.0,N,2026-09-05 10:05:10.390682
2026-09-05,2026-06-01,2026-09-05,district,EAST UTTAR PRADESH,UTTAR PRADESH,BALLIA,16.8,6.5,158.0,LE,524.1,597.6,-12.0,N,2026-09-05 10:05:10.390682
2026-09-05,2026-06-01,2026-09-05,district,EAST UTTAR PRADESH,UTTAR PRADESH,BALRAMPUR,0.0,2.9,-100.0,NR,570.8,676.7,-16.0,N,2026-09-05 10:05:10.390682
2026-09-05,2026-06-01,2026-09-05,district,EAST UTTAR PRADESH,UTTAR PRADESH,BANDA,0.0,7.2,-100.0,NR,1103.8,654.9,69.0,LE,2026-09-05 10:05:10.390682
2026-09-05,2026-06-01,2026-09-05,district,EAST UTTAR PRADESH,UTTAR PRADESH,BARABANKI,5.5,6.0,-8.0,N,697.3,669.6,4.0,N,2026-09-05 10:05:10.390682
2026-09-05,2026-06-01,2026-09-05,district,EAST UTTAR PRADESH,UTTAR PRADESH,BASTI,18.9,5.7,231.0,LE,574.0,682.6,-16.0,N,2026-09-05 10:05:10.390682
2026-09-05,2026-06-01,2026-09-05,district,EAST UTTAR PRADESH,UTTAR PRADESH,BHADOHI,0.0,5.7,-100.0,NR,252.2,670.6,-62.0,LD,2026-09-05 10:05:10.390682
2026-09-05,2026-06-01,2026-09-05,district,EAST UTTAR PRADESH,UTTAR PRADESH,CHANDAULI,0.5,7.5,-93.0,LD,504.5,592.9,-15.0,N,2026-09-05 10:05:10.390682
2026-09-05,2026-06-01,2026-09-05,district,EAST UTTAR PRADESH,UTTAR PRADESH,CHITRAKOOT,0.0,6.6,-100.0,NR,1192.6,667.0,79.0,LE,2026-09-05 10:05:10.390682
2026-09-05,2026-06-01,2026-09-05,district,EAST UTTAR PRADESH,UTTAR PRADESH,DEORIA,2.0,4.5,-56.0,D,175.5,650.0,-73.0,LD,2026-09-05 10:05:10.390682
2026-09-05,2026-06-01,2026-09-05,district,EAST UTTAR PRADESH,UTTAR PRADESH,FARRUKHABAD,6.8,12.4,-45.0,D,486.3,610.0,-20.0,D,2026-09-05 10:05:10.390682
2026-09-05,2026-06-01,2026-09-05,district,EAST UTTAR PRADESH,UTTAR PRADESH,FATEHPUR,0.0,6.3,-100.0,NR,625.4,581.7,8.0,N,2026-09-05 10:05:10.390682
2026-09-05,2026-06-01,2026-09-05,district,EAST UTTAR PRADESH,UTTAR PRADESH,GHAZIPUR,4.3,9.5,-55.0,D,507.0,637.4,-20.0,D,2026-09-05 10:05:10.390682
2026-09-05,2026-06-01,2026-09-05,district,EAST UTTAR PRADESH,UTTAR PRADESH,GONDA,8.6,4.8,78.0,LE,694.0,721.5,-4.0,N,2026-09-05 10:05:10.390682
2026-09-05,2026-06-01,2026-09-05,district,EAST UTTAR PRADESH,UTTAR PRADESH,GORAKHPUR,16.8,7.6,121.0,LE,699.3,1036.2,-33.0,D,2026-09-05 10:05:10.390682
2026-09-05,2026-06-01,2026-09-05,district,EAST UTTAR PRADESH,UTTAR PRADESH,HARDOI,2.4,4.7,-48.0,D,521.5,549.8,-5.0,N,2026-09-05 10:05:10.390682
2026-09-05,2026-06-01,2026-09-05,district,EAST UTTAR PRADESH,UTTAR PRADESH,JAUNPUR,0.0,6.4,-100.0,NR,264.0,582.7,-55.0,D,2026-09-05 10:05:10.390682
2026-09-05,2026-06-01,2026-09-05,district,EAST UTTAR PRADESH,UTTAR PRADESH,KANNAUJ,0.0,11.4,-100.0,NR,768.8,560.4,37.0,E,2026-09-05 10:05:10.390682
2026-09-05,2026-06-01,2026-09-05,district,EAST UTTAR PRADESH,UTTAR PRADESH,KANPUR CITY,0.0,6.5,-100.0,NR,838.6,519.2,62.0,LE,2026-09-05 10:05:10.390682
2026-09-05,2026-06-01,2026-09-05,district,EAST UTTAR PRADESH,UTTAR PRADESH,KANPUR DEHAT,0.0,9.5,-100.0,NR,196.7,486.3,-60.0,LD,2026-09-05 10:05:10.390682
2026-09-05,2026-06-01,2026-09-05,district,EAST UTTAR PRADESH,UTTAR PRADESH,KAUSHAMBI,0.0,5.2,-100.0,NR,310.7,462.6,-33.0,D,2026-09-05 10:05:10.390682
2026-09-05,2026-06-01,2026-09-05,district,EAST UTTAR PRADESH,UTTAR PRADESH,KHERI,6.9,4.3,60.0,LE,815.6,762.9,7.0,N,2026-09-05 10:05:10.390682
2026-09-05,2026-06-01,2026-09-05,district,EAST UTTAR PRADESH,UTTAR PRADESH,KUSHI NAGAR,5.0,4.3,16.0,N,217.6,611.6,-64.0,LD,2026-09-05 10:05:10.390682
2026-09-05,2026-06-01,2026-09-05,district,EAST UTTAR PRADESH,UTTAR PRADESH,LUCKNOW,0.6,5.3,-90.0,LD,609.7,549.2,11.0,N,2026-09-05 10:05:10.390682
2026-09-05,2026-06-01,2026-09-05,district,EAST UTTAR PRADESH,UTTAR PRADESH,MAHARAJGANJ,15.8,6.5,143.0,LE,672.5,849.7,-21.0,D,2026-09-05 10:05:10.390682
2026-09-05,2026-06-01,2026-09-05,district,EAST UTTAR PRADESH,UTTAR PRADESH,MAU,27.0,6.6,309.0,LE,302.5,657.1,-54.0,D,2026-09-05 10:05:10.390682
2026-09-05,2026-06-01,2026-09-05,district,EAST UTTAR PRADESH,UTTAR PRADESH,MIRZAPUR,0.0,9.3,-100.0,NR,821.7,729.2,13.0,N,2026-09-05 10:05:10.390682
2026-09-05,2026-06-01,2026-09-05,district,EAST UTTAR PRADESH,UTTAR PRADESH,PRATAPGARH,0.0,7.0,-100.0,NR,794.8,633.3,25.0,E,2026-09-05 10:05:10.390682
2026-09-05,2026-06-01,2026-09-05,district,EAST UTTAR PRADESH,UTTAR PRADESH,PRAYAGRAJ,0.0,5.9,-100.0,NR,856.8,597.1,43.0,E,2026-09-05 10:05:10.390682
2026-09-05,2026-06-01,2026-09-05,district,EAST UTTAR PRADESH,UTTAR PRADESH,RAE BAREILLY,0.0,3.9,-100.0,NR,321.5,356.7,-10.0,N,2026-09-05 10:05:10.390682
2026-09-05,2026-06-01,2026-09-05,district,EAST UTTAR PRADESH,UTTAR PRADESH,SANT KABIR NAGAR,23.2,6.4,262.0,LE,481.9,837.6,-42.0,D,2026-09-05 10:05:10.390682
2026-09-05,2026-06-01,2026-09-05,district,EAST UTTAR PRADESH,UTTAR PRADESH,SHRAWASTI,0.0,4.3,-100.0,NR,618.7,905.7,-32.0,D,2026-09-05 10:05:10.390682
2026-09-05,2026-06-01,2026-09-05,district,EAST UTTAR PRADESH,UTTAR PRADESH,SIDDHARTH NAGAR,8.7,7.4,17.0,N,577.8,881.9,-34.0,D,2026-09-05 10:05:10.390682
2026-09-05,2026-06-01,2026-09-05,district,EAST UTTAR PRADESH,UTTAR PRADESH,SITAPUR,3.0,6.4,-53.0,D,497.4,687.9,-28.0,D,2026-09-05 10:05:10.390682
2026-09-05,2026-06-01,2026-09-05,district,EAST UTTAR PRADESH,UTTAR PRADESH,SONBHADRA,0.4,6.9,-94.0,LD,776.6,721.8,8.0,N,2026-09-05 10:05:10.390682
2026-09-05,2026-06-01,2026-09-05,district,EAST UTTAR PRADESH,UTTAR PRADESH,SULTANPUR,5.5,6.3,-13.0,N,709.9,678.3,5.0,N,2026-09-05 10:05:10.390682
2026-09-05,2026-06-01,2026-09-05,district,EAST UTTAR PRADESH,UTTAR PRADESH,UNNAO,0.0,7.6,-100.0,NR,426.6,526.0,-19.0,N,2026-09-05 10:05:10.390682
2026-09-05,2026-06-01,2026-09-05,district,EAST UTTAR PRADESH,UTTAR PRADESH,VARANASI,19.8,10.5,89.0,LE,733.8,663.1,11.0,N,2026-09-05 10:05:10.390682
2026-09-05,2026-06-01,2026-09-05,district,GANGETIC WEST BENGAL,WEST BENGAL,BANKURA,0.0,8.6,-100.0,NR,1025.0,951.5,8.0,N,2026-09-05 10:05:10.390682
2026-09-05,2026-06-01,2026-09-05,district,GANGETIC WEST BENGAL,WEST BENGAL,BIRBHUM,1.1,8.1,-87.0,LD,789.9,902.9,-13.0,N,2026-09-05 10:05:10.390682
2026-09-05,2026-06-01,2026-09-05,district,GANGETIC WEST BENGAL,WEST BENGAL,EAST MIDNAPORE,0.0,15.0,-99.0,LD,1595.7,1017.7,57.0,E,2026-09-05 10:05:10.390682
2026-09-05,2026-06-01,2026-09-05,district,GANGETIC WEST BENGAL,WEST BENGAL,HOOGHLY,0.0,7.5,-100.0,NR,882.0,857.1,3.0,N,2026-09-05 10:05:10.390682
2026-09-05,2026-06-01,2026-09-05,district,GANGETIC WEST BENGAL,WEST BENGAL,HOWRAH,0.0,7.7,-100.0,NR,1015.4,943.2,8.0,N,2026-09-05 10:05:10.390682
2026-09-05,2026-06-01,2026-09-05,district,GANGETIC WEST BENGAL,WEST BENGAL,JHARGRAM,0.3,13.4,-98.0,LD,977.1,955.2,2.0,N,2026-09-05 10:05:10.390682
2026-09-05,2026-06-01,2026-09-05,district,GANGETIC WEST BENGAL,WEST BENGAL,KOLKATA,0.0,17.0,-100.0,NR,1360.3,1086.7,25.0,E,2026-09-05 10:05:10.390682
2026-09-05,2026-06-01,2026-09-05,district,GANGETIC WEST BENGAL,WEST BENGAL,MURSHIDABAD,4.9,4.7,3.0,N,651.9,796.0,-18.0,N,2026-09-05 10:05:10.390682
2026-09-05,2026-06-01,2026-09-05,district,GANGETIC WEST BENGAL,WEST BENGAL,NADIA,4.6,6.6,-30.0,D,629.6,762.3,-17.0,N,2026-09-05 10:05:10.390682
2026-09-05,2026-06-01,2026-09-05,district,GANGETIC WEST BENGAL,WEST BENGAL,NORTH 24 PARGANAS,1.0,10.5,-90.0,LD,1220.0,938.7,30.0,E,2026-09-05 10:05:10.390682
2026-09-05,2026-06-01,2026-09-05,district,GANGETIC WEST BENGAL,WEST BENGAL,PASCHIM BARDHAMAN,0.0,8.7,-100.0,NR,1014.4,897.1,13.0,N,2026-09-05 10:05:10.390682
2026-09-05,2026-06-01,2026-09-05,district,GANGETIC WEST BENGAL,WEST BENGAL,PURBA BARDHAMAN,0.0,7.5,-100.0,NR,804.5,842.1,-4.0,N,2026-09-05 10:05:10.390682
2026-09-05,2026-06-01,2026-09-05,district,GANGETIC WEST BENGAL,WEST BENGAL,PURULIA,0.0,9.7,-100.0,NR,796.7,895.5,-11.0,N,2026-09-05 10:05:10.390682
2026-09-05,2026-06-01,2026-09-05,district,GANGETIC WEST BENGAL,WEST BENGAL,SOUTH 24 PARGANAS,0.7,13.5,-95.0,LD,1370.8,1184.0,16.0,N,2026-09-05 10:05:10.390682
2026-09-05,2026-06-01,2026-09-05,district,GANGETIC WEST BENGAL,WEST BENGAL,WEST MIDNAPORE,0.0,13.4,-100.0,NR,1306.2,955.2,37.0,E,2026-09-05 10:05:10.390682
2026-09-05,2026-06-01,2026-09-05,district,GUJARAT REGION,DADRA & NAGAR HAVELI AND DAMAN & DIU (UT),DADARA & NAGAR HAVELI,3.1,7.0,-55.0,D,2939.8,2051.2,43.0,E,2026-09-05 10:05:10.390682
2026-09-05,2026-06-01,2026-09-05,district,GUJARAT REGION,DADRA & NAGAR HAVELI AND DAMAN & DIU (UT),DAMAN,4.0,7.0,-43.0,D,2672.9,2051.2,30.0,E,2026-09-05 10:05:10.390682
2026-09-05,2026-06-01,2026-09-05,district,GUJARAT REGION,GUJARAT,AHMEDABAD,0.0,3.5,-100.0,NR,539.6,579.3,-7.0,N,2026-09-05 10:05:10.390682
2026-09-05,2026-06-01,2026-09-05,district,GUJARAT REGION,GUJARAT,ANAND,0.0,5.4,-100.0,NR,759.8,732.4,4.0,N,2026-09-05 10:05:10.390682
2026-09-05,2026-06-01,2026-09-05,district,GUJARAT REGION,GUJARAT,ARAVALLI,0.0,5.1,-100.0,NR,386.9,742.8,-48.0,D,2026-09-05 10:05:10.390682
2026-09-05,2026-06-01,2026-09-05,district,GUJARAT REGION,GUJARAT,BANASKANTHA,0.0,3.9,-100.0,NR,379.3,524.8,-28.0,D,2026-09-05 10:05:10.390682
2026-09-05,2026-06-01,2026-09-05,district,GUJARAT REGION,GUJARAT,BHARUCH,0.0,5.2,-100.0,NR,747.6,629.3,19.0,N,2026-09-05 10:05:10.390682
2026-09-05,2026-06-01,2026-09-05,district,GUJARAT REGION,GUJARAT,CHHOTA UDEPUR,1.2,5.2,-78.0,LD,597.7,857.4,-30.0,D,2026-09-05 10:05:10.390682
2026-09-05,2026-06-01,2026-09-05,district,GUJARAT REGION,GUJARAT,DAHOD,2.6,3.0,-15.0,N,375.2,681.2,-45.0,D,2026-09-05 10:05:10.390682
2026-09-05,2026-06-01,2026-09-05,district,GUJARAT REGION,GUJARAT,DANGS,0.3,9.8,-97.0,LD,2328.4,1961.8,19.0,N,2026-09-05 10:05:10.390682
2026-09-05,2026-06-01,2026-09-05,district,GUJARAT REGION,GUJARAT,GANDHINAGAR,0.0,5.8,-100.0,NR,469.3,664.6,-29.0,D,2026-09-05 10:05:10.390682
2026-09-05,2026-06-01,2026-09-05,district,GUJARAT REGION,GUJARAT,KHEDA,0.0,4.1,-100.0,NR,867.4,714.0,21.0,E,2026-09-05 10:05:10.390682
2026-09-05,2026-06-01,2026-09-05,district,GUJARAT REGION,GUJARAT,MAHISAGAR,0.0,3.9,-100.0,NR,682.6,704.7,-3.0,N,2026-09-05 10:05:10.390682
2026-09-05,2026-06-01,2026-09-05,district,GUJARAT REGION,GUJARAT,MEHSANA,0.0,3.6,-100.0,NR,448.4,615.2,-27.0,D,2026-09-05 10:05:10.390682
2026-09-05,2026-06-01,2026-09-05,district,GUJARAT REGION,GUJARAT,NARMADA,0.0,4.4,-100.0,NR,867.4,914.0,-5.0,N,2026-09-05 10:05:10.390682
2026-09-05,2026-06-01,2026-09-05,district,GUJARAT REGION,GUJARAT,NAVSARI,0.3,11.1,-97.0,LD,2256.9,1615.1,40.0,E,2026-09-05 10:05:10.390682
2026-09-05,2026-06-01,2026-09-05,district,GUJARAT REGION,GUJARAT,PANCHMAHAL,0.6,4.2,-86.0,LD,699.6,817.6,-14.0,N,2026-09-05 10:05:10.390682
2026-09-05,2026-06-01,2026-09-05,district,GUJARAT REGION,GUJARAT,PATAN,0.0,2.8,-100.0,NR,406.7,493.0,-18.0,N,2026-09-05 10:05:10.390682
2026-09-05,2026-06-01,2026-09-05,district,GUJARAT REGION,GUJARAT,SABARKANTHA,0.0,4.6,-100.0,NR,410.2,736.9,-44.0,D,2026-09-05 10:05:10.390682
2026-09-05,2026-06-01,2026-09-05,district,GUJARAT REGION,GUJARAT,SURAT,0.0,7.8,-100.0,NR,1466.7,1132.1,30.0,E,2026-09-05 10:05:10.390682
2026-09-05,2026-06-01,2026-09-05,district,GUJARAT REGION,GUJARAT,TAPI,0.2,7.2,-97.0,LD,1305.3,1226.7,6.0,N,2026-09-05 10:05:10.390682
2026-09-05,2026-06-01,2026-09-05,district,GUJARAT REGION,GUJARAT,VADODARA,0.0,5.0,-100.0,NR,530.0,778.8,-32.0,D,2026-09-05 10:05:10.390682
2026-09-05,2026-06-01,2026-09-05,district,GUJARAT REGION,GUJARAT,VALSAD,6.8,15.0,-54.0,D,2726.3,1831.7,49.0,E,2026-09-05 10:05:10.390682
2026-09-05,2026-06-01,2026-09-05,district,HAR. CHD & DELHI,CHANDIGARH (UT),CHANDIGARH,1.7,17.4,-90.0,LD,640.2,750.4,-15.0,N,2026-09-05 10:05:10.390682
2026-09-05,2026-06-01,2026-09-05,district,HAR. CHD & DELHI,DELHI,CENTRAL DELHI,24.2,4.4,450.0,LE,717.4,577.0,24.0,E,2026-09-05 10:05:10.390682
2026-09-05,2026-06-01,2026-09-05,district,HAR. CHD & DELHI,DELHI,EAST DELHI,3.0,4.4,-32.0,D,537.1,577.0,-7.0,N,2026-09-05 10:05:10.390682
2026-09-05,2026-06-01,2026-09-05,district,HAR. CHD & DELHI,DELHI,NEW DELHI,44.3,7.0,533.0,LE,559.8,556.3,1.0,N,2026-09-05 10:05:10.390682
2026-09-05,2026-06-01,2026-09-05,district,HAR. CHD & DELHI,DELHI,NORTH EAST DELHI,25.4,4.4,477.0,LE,553.8,577.0,-4.0,N,2026-09-05 10:05:10.390682
2026-09-05,2026-06-01,2026-09-05,district,HAR. CHD & DELHI,DELHI,NORTH WEST DELHI,5.0,8.1,-38.0,D,401.0,351.8,14.0,N,2026-09-05 10:05:10.390682
2026-09-05,2026-06-01,2026-09-05,district,HAR. CHD & DELHI,DELHI,SOUTH DELHI,18.3,4.4,317.0,LE,559.1,577.0,-3.0,N,2026-09-05 10:05:10.390682
2026-09-05,2026-06-01,2026-09-05,district,HAR. CHD & DELHI,DELHI,SOUTH EAST DELHI,38.0,4.4,763.0,LE,659.3,577.0,14.0,N,2026-09-05 10:05:10.390682
2026-09-05,2026-06-01,2026-09-05,district,HAR. CHD & DELHI,DELHI,SOUTH WEST DELHI,12.9,2.2,486.0,LE,397.4,467.1,-15.0,N,2026-09-05 10:05:10.390682
2026-09-05,2026-06-01,2026-09-05,district,HAR. CHD & DELHI,DELHI,WEST DELHI,43.3,8.3,421.0,LE,663.8,522.2,27.0,E,2026-09-05 10:05:10.390682
2026-09-05,2026-06-01,2026-09-05,district,HAR. CHD & DELHI,HARYANA,AMBALA,26.2,9.7,170.0,LE,373.3,710.3,-47.0,D,2026-09-05 10:05:10.390682
2026-09-05,2026-06-01,2026-09-05,district,HAR. CHD & DELHI,HARYANA,BHIWANI,0.0,2.7,-100.0,NR,260.8,258.6,1.0,N,2026-09-05 10:05:10.390682
2026-09-05,2026-06-01,2026-09-05,district,HAR. CHD & DELHI,HARYANA,CHARKHI DADRI,0.0,5.1,-99.0,LD,325.7,355.6,-8.0,N,2026-09-05 10:05:10.390682
2026-09-05,2026-06-01,2026-09-05,district,HAR. CHD & DELHI,HARYANA,FARIDABAD,8.9,6.7,32.0,E,510.5,483.4,6.0,N,2026-09-05 10:05:10.390682
2026-09-05,2026-06-01,2026-09-05,district,HAR. CHD & DELHI,HARYANA,FATEHABAD,10.2,2.9,252.0,LE,222.0,226.8,-2.0,N,2026-09-05 10:05:10.390682
2026-09-05,2026-06-01,2026-09-05,district,HAR. CHD & DELHI,HARYANA,GURGAON,20.8,5.2,300.0,LE,437.5,430.5,2.0,N,2026-09-05 10:05:10.390682
2026-09-05,2026-06-01,2026-09-05,district,HAR. CHD & DELHI,HARYANA,HISAR,0.0,2.3,-100.0,NR,199.8,257.4,-22.0,D,2026-09-05 10:05:10.390682
2026-09-05,2026-06-01,2026-09-05,district,HAR. CHD & DELHI,HARYANA,JHAJJAR,3.8,4.8,-20.0,D,291.1,328.4,-11.0,N,2026-09-05 10:05:10.390682
2026-09-05,2026-06-01,2026-09-05,district,HAR. CHD & DELHI,HARYANA,JIND,0.9,8.2,-89.0,LD,143.0,335.8,-57.0,D,2026-09-05 10:05:10.390682
2026-09-05,2026-06-01,2026-09-05,district,HAR. CHD & DELHI,HARYANA,KAITHAL,3.5,4.1,-15.0,N,160.0,322.0,-50.0,D,2026-09-05 10:05:10.390682
2026-09-05,2026-06-01,2026-09-05,district,HAR. CHD & DELHI,HARYANA,KARNAL,0.0,4.6,-100.0,NR,252.7,445.1,-43.0,D,2026-09-05 10:05:10.390682
2026-09-05,2026-06-01,2026-09-05,district,HAR. CHD & DELHI,HARYANA,KURUKSHETRA,2.3,6.5,-65.0,LD,354.7,361.1,-2.0,N,2026-09-05 10:05:10.390682
2026-09-05,2026-06-01,2026-09-05,district,HAR. CHD & DELHI,HARYANA,MAHENDRAGARH,0.9,4.0,-77.0,LD,287.6,354.1,-19.0,N,2026-09-05 10:05:10.390682
2026-09-05,2026-06-01,2026-09-05,district,HAR. CHD & DELHI,HARYANA,NUH,7.1,6.0,18.0,N,397.4,416.1,-5.0,N,2026-09-05 10:05:10.390682
2026-09-05,2026-06-01,2026-09-05,district,HAR. CHD & DELHI,HARYANA,PALWAL,9.7,3.0,223.0,LE,441.6,341.2,29.0,E,2026-09-05 10:05:10.390682
2026-09-05,2026-06-01,2026-09-05,district,HAR. CHD & DELHI,HARYANA,PANCHKULA,41.8,12.5,234.0,LE,590.2,752.9,-22.0,D,2026-09-05 10:05:10.390682
2026-09-05,2026-06-01,2026-09-05,district,HAR. CHD & DELHI,HARYANA,PANIPAT,0.0,6.3,-100.0,NR,283.5,386.5,-27.0,D,2026-09-05 10:05:10.390682
2026-09-05,2026-06-01,2026-09-05,district,HAR. CHD & DELHI,HARYANA,REWARI,9.6,6.9,39.0,E,346.8,377.3,-8.0,N,2026-09-05 10:05:10.390682
2026-09-05,2026-06-01,2026-09-05,district,HAR. CHD & DELHI,HARYANA,ROHTAK,9.6,3.0,220.0,LE,230.2,410.8,-44.0,D,2026-09-05 10:05:10.390682
2026-09-05,2026-06-01,2026-09-05,district,HAR. CHD & DELHI,HARYANA,SIRSA,0.0,2.5,-100.0,NR,86.0,187.0,-54.0,D,2026-09-05 10:05:10.390682
2026-09-05,2026-06-01,2026-09-05,district,HAR. CHD & DELHI,HARYANA,SONEPAT,0.9,4.5,-79.0,LD,286.8,405.6,-29.0,D,2026-09-05 10:05:10.390682
2026-09-05,2026-06-01,2026-09-05,district,HAR. CHD & DELHI,HARYANA,YAMUNA NAGAR,13.4,10.0,34.0,E,710.4,796.6,-11.0,N,2026-09-05 10:05:10.390682
2026-09-05,2026-06-01,2026-09-05,district,HIMACHAL PRADESH,HIMACHAL PRADESH,BILASPUR,3.6,7.9,-54.0,D,825.3,722.5,14.0,N,2026-09-05 10:05:10.390682
2026-09-05,2026-06-01,2026-09-05,district,HIMACHAL PRADESH,HIMACHAL PRADESH,CHAMBA,6.2,6.8,-8.0,N,673.6,754.7,-11.0,N,2026-09-05 10:05:10.390682
2026-09-05,2026-06-01,2026-09-05,district,HIMACHAL PRADESH,HIMACHAL PRADESH,HAMIRPUR,2.9,9.2,-69.0,LD,595.6,878.3,-32.0,D,2026-09-05 10:05:10.390682
2026-09-05,2026-06-01,2026-09-05,district,HIMACHAL PRADESH,HIMACHAL PRADESH,KANGRA,7.9,13.7,-42.0,D,1403.8,1463.2,-4.0,N,2026-09-05 10:05:10.390682
2026-09-05,2026-06-01,2026-09-05,district,HIMACHAL PRADESH,HIMACHAL PRADESH,KINNAUR,2.5,2.4,6.0,N,213.8,199.2,7.0,N,2026-09-05 10:05:10.390682
2026-09-05,2026-06-01,2026-09-05,district,HIMACHAL PRADESH,HIMACHAL PRADESH,KULLU,2.0,4.2,-52.0,D,500.2,469.3,7.0,N,2026-09-05 10:05:10.390682
2026-09-05,2026-06-01,2026-09-05,district,HIMACHAL PRADESH,HIMACHAL PRADESH,LAHAUL & SPITI,0.0,3.1,-100.0,NR,110.5,315.0,-65.0,LD,2026-09-05 10:05:10.390682
2026-09-05,2026-06-01,2026-09-05,district,HIMACHAL PRADESH,HIMACHAL PRADESH,MANDI,3.3,9.8,-67.0,LD,938.3,990.1,-5.0,N,2026-09-05 10:05:10.390682
2026-09-05,2026-06-01,2026-09-05,district,HIMACHAL PRADESH,HIMACHAL PRADESH,SHIMLA,0.2,6.3,-96.0,LD,695.5,543.4,28.0,E,2026-09-05 10:05:10.390682
2026-09-05,2026-06-01,2026-09-05,district,HIMACHAL PRADESH,HIMACHAL PRADESH,SIRMAUR,2.9,10.6,-73.0,LD,1173.8,1050.1,12.0,N,2026-09-05 10:05:10.390682
2026-09-05,2026-06-01,2026-09-05,district,HIMACHAL PRADESH,HIMACHAL PRADESH,SOLAN,2.0,8.3,-77.0,LD,781.3,762.2,3.0,N,2026-09-05 10:05:10.390682
2026-09-05,2026-06-01,2026-09-05,district,HIMACHAL PRADESH,HIMACHAL PRADESH,UNA,7.0,12.4,-44.0,D,723.8,851.1,-15.0,N,2026-09-05 10:05:10.390682
2026-09-05,2026-06-01,2026-09-05,district,J & K AND LADAKH,JAMMU & KASHMIR(UT),ANANTNAG,2.9,2.2,30.0,E,299.7,275.6,9.0,N,2026-09-05 10:05:10.390682
2026-09-05,2026-06-01,2026-09-05,district,J & K AND LADAKH,JAMMU & KASHMIR(UT),BADGAM,0.0,0.6,-100.0,NR,130.4,176.9,-26.0,D,2026-09-05 10:05:10.390682
2026-09-05,2026-06-01,2026-09-05,district,J & K AND LADAKH,JAMMU & KASHMIR(UT),BANDIPORA,0.5,0.7,-29.0,D,199.5,190.8,5.0,N,2026-09-05 10:05:10.390682
2026-09-05,2026-06-01,2026-09-05,district,J & K AND LADAKH,JAMMU & KASHMIR(UT),BARAMULA,0.7,1.1,-40.0,D,276.5,186.0,49.0,E,2026-09-05 10:05:10.390682
2026-09-05,2026-06-01,2026-09-05,district,J & K AND LADAKH,JAMMU & KASHMIR(UT),GANDERBAL,4.0,1.4,186.0,LE,319.5,230.9,38.0,E,2026-09-05 10:05:10.390682
2026-09-05,2026-06-01,2026-09-05,district,J & K AND LADAKH,JAMMU & KASHMIR(UT),JAMMU,0.0,6.3,-100.0,NR,722.8,847.4,-15.0,N,2026-09-05 10:05:10.390682
2026-09-05,2026-06-01,2026-09-05,district,J & K AND LADAKH,JAMMU & KASHMIR(UT),KATHUA,11.1,21.5,-48.0,D,1085.1,1137.0,-5.0,N,2026-09-05 10:05:10.390682
2026-09-05,2026-06-01,2026-09-05,district,J & K AND LADAKH,JAMMU & KASHMIR(UT),KISTWAR,0.0,5.8,-100.0,NR,170.3,366.0,-53.0,D,2026-09-05 10:05:10.390682
2026-09-05,2026-06-01,2026-09-05,district,J & K AND LADAKH,JAMMU & KASHMIR(UT),KULGAM,0.0,6.7,-100.0,NR,267.8,285.0,-6.0,N,2026-09-05 10:05:10.390682
2026-09-05,2026-06-01,2026-09-05,district,J & K AND LADAKH,JAMMU & KASHMIR(UT),KUPWARA,0.3,1.0,-72.0,LD,212.8,222.5,-4.0,N,2026-09-05 10:05:10.390682
2026-09-05,2026-06-01,2026-09-05,district,J & K AND LADAKH,JAMMU & KASHMIR(UT),POONCH,0.0,7.4,-100.0,NR,808.3,593.2,36.0,E,2026-09-05 10:05:10.390682
2026-09-05,2026-06-01,2026-09-05,district,J & K AND LADAKH,JAMMU & KASHMIR(UT),PULWAMA,0.0,2.0,-100.0,NR,248.7,167.2,49.0,E,2026-09-05 10:05:10.390682
2026-09-05,2026-06-01,2026-09-05,district,J & K AND LADAKH,JAMMU & KASHMIR(UT),RAJOURI,0.0,11.9,-100.0,NR,670.1,612.9,9.0,N,2026-09-05 10:05:10.390682
2026-09-05,2026-06-01,2026-09-05,district,J & K AND LADAKH,JAMMU & KASHMIR(UT),RAMBAN,0.0,8.1,-99.0,LD,447.1,358.3,25.0,E,2026-09-05 10:05:10.390682
2026-09-05,2026-06-01,2026-09-05,district,J & K AND LADAKH,JAMMU & KASHMIR(UT),REASI,22.3,12.7,76.0,LE,1270.9,1409.1,-10.0,N,2026-09-05 10:05:10.390682
2026-09-05,2026-06-01,2026-09-05,district,J & K AND LADAKH,JAMMU & KASHMIR(UT),SAMBA,0.0,8.6,-100.0,NR,953.5,696.9,37.0,E,2026-09-05 10:05:10.390682
2026-09-05,2026-06-01,2026-09-05,district,J & K AND LADAKH,JAMMU & KASHMIR(UT),SHOPIAN,0.0,0.9,-100.0,NR,124.7,253.6,-51.0,D,2026-09-05 10:05:10.390682
2026-09-05,2026-06-01,2026-09-05,district,J & K AND LADAKH,JAMMU & KASHMIR(UT),SRINAGAR,0.0,2.1,-100.0,NR,230.8,207.4,11.0,N,2026-09-05 10:05:10.390682
2026-09-05,2026-06-01,2026-09-05,district,J & K AND LADAKH,JAMMU & KASHMIR(UT),UDHAMPUR,25.3,14.0,81.0,LE,1438.2,867.7,66.0,LE,2026-09-05 10:05:10.390682
2026-09-05,2026-06-01,2026-09-05,district,J & K AND LADAKH,LADAKH (UT),KARGIL,0.0,0.0,-100.0,NR,21.6,8.1,143.0,LE,2026-09-05 10:05:10.390682
2026-09-05,2026-06-01,2026-09-05,district,J & K AND LADAKH,LADAKH (UT),LADAKH (LEH),0.0,0.4,-100.0,NR,58.0,20.4,180.0,LE,2026-09-05 10:05:10.390682
2026-09-05,2026-06-01,2026-09-05,district,JHARKHAND,JHARKHAND,BOKARO,0.0,5.8,-100.0,NR,698.7,750.2,-7.0,N,2026-09-05 10:05:10.390682
2026-09-05,2026-06-01,2026-09-05,district,JHARKHAND,JHARKHAND,CHATRA,0.0,4.5,-100.0,NR,583.7,770.4,-24.0,D,2026-09-05 10:05:10.390682
2026-09-05,2026-06-01,2026-09-05,district,JHARKHAND,JHARKHAND,DEOGHAR,0.0,8.2,-100.0,NR,498.3,785.4,-37.0,D,2026-09-05 10:05:10.390682
2026-09-05,2026-06-01,2026-09-05,district,JHARKHAND,JHARKHAND,DHANBAD,0.0,7.4,-100.0,NR,836.6,865.0,-3.0,N,2026-09-05 10:05:10.390682
2026-09-05,2026-06-01,2026-09-05,district,JHARKHAND,JHARKHAND,DUMKA,0.5,7.5,-94.0,LD,788.7,830.7,-5.0,N,2026-09-05 10:05:10.390682
2026-09-05,2026-06-01,2026-09-05,district,JHARKHAND,JHARKHAND,EAST SINGHBHUM,0.0,12.8,-100.0,NR,960.6,907.8,6.0,N,2026-09-05 10:05:10.390682
2026-09-05,2026-06-01,2026-09-05,district,JHARKHAND,JHARKHAND,GARHWA,0.0,7.8,-100.0,NR,626.6,764.2,-18.0,N,2026-09-05 10:05:10.390682
2026-09-05,2026-06-01,2026-09-05,district,JHARKHAND,JHARKHAND,GIRIDIH,0.0,8.1,-100.0,NR,580.4,787.2,-26.0,D,2026-09-05 10:05:10.390682
2026-09-05,2026-06-01,2026-09-05,district,JHARKHAND,JHARKHAND,GODDA,11.1,6.0,84.0,LE,564.3,724.3,-22.0,D,2026-09-05 10:05:10.390682
2026-09-05,2026-06-01,2026-09-05,district,JHARKHAND,JHARKHAND,GUMLA,0.0,8.1,-100.0,NR,654.5,875.3,-25.0,D,2026-09-05 10:05:10.390682
2026-09-05,2026-06-01,2026-09-05,district,JHARKHAND,JHARKHAND,HAZARIBAG,0.0,7.0,-100.0,NR,685.4,859.1,-20.0,D,2026-09-05 10:05:10.390682
2026-09-05,2026-06-01,2026-09-05,district,JHARKHAND,JHARKHAND,JAMTARA,0.0,6.8,-100.0,NR,848.8,865.6,-2.0,N,2026-09-05 10:05:10.390682
2026-09-05,2026-06-01,2026-09-05,district,JHARKHAND,JHARKHAND,KHUNTI,0.0,10.0,-100.0,NR,897.6,925.5,-3.0,N,2026-09-05 10:05:10.390682
2026-09-05,2026-06-01,2026-09-05,district,JHARKHAND,JHARKHAND,KODERMA,0.0,7.6,-100.0,NR,515.3,708.6,-27.0,D,2026-09-05 10:05:10.390682
2026-09-05,2026-06-01,2026-09-05,district,JHARKHAND,JHARKHAND,LATEHAR,0.0,8.4,-100.0,NR,1064.6,855.9,24.0,E,2026-09-05 10:05:10.390682
2026-09-05,2026-06-01,2026-09-05,district,JHARKHAND,JHARKHAND,LOHARDAGA,0.0,7.1,-100.0,NR,786.4,816.2,-4.0,N,2026-09-05 10:05:10.390682
2026-09-05,2026-06-01,2026-09-05,district,JHARKHAND,JHARKHAND,PAKUR,0.5,7.5,-93.0,LD,466.0,943.2,-51.0,D,2026-09-05 10:05:10.390682
2026-09-05,2026-06-01,2026-09-05,district,JHARKHAND,JHARKHAND,PALAMU,0.0,9.6,-100.0,NR,640.0,702.8,-9.0,N,2026-09-05 10:05:10.390682
2026-09-05,2026-06-01,2026-09-05,district,JHARKHAND,JHARKHAND,RAMGARH,0.0,8.1,-100.0,NR,800.2,847.4,-6.0,N,2026-09-05 10:05:10.390682
2026-09-05,2026-06-01,2026-09-05,district,JHARKHAND,JHARKHAND,RANCHI,0.0,7.7,-100.0,NR,912.4,855.9,7.0,N,2026-09-05 10:05:10.390682
2026-09-05,2026-06-01,2026-09-05,district,JHARKHAND,JHARKHAND,SERAIKELA-KHARSAWAN,0.0,10.7,-100.0,NR,1004.6,837.3,20.0,E,2026-09-05 10:05:10.390682
2026-09-05,2026-06-01,2026-09-05,district,JHARKHAND,JHARKHAND,SIMDEGA,0.0,11.3,-100.0,NR,1098.4,1089.4,1.0,N,2026-09-05 10:05:10.390682
2026-09-05,2026-06-01,2026-09-05,district,JHARKHAND,JHARKHAND,WEST SINGHBHUM,0.2,10.5,-98.0,LD,1184.8,849.7,39.0,E,2026-09-05 10:05:10.390682
2026-09-05,2026-06-01,2026-09-05,district,KERALA & MAHE,KERALA,ALAPUZHA,0.0,8.9,-100.0,NR,1021.7,1412.5,-28.0,D,2026-09-05 10:05:10.390682
2026-09-05,2026-06-01,2026-09-05,district,KERALA & MAHE,KERALA,ERNAKULAM,0.0,12.2,-100.0,NR,1450.2,1846.9,-21.0,D,2026-09-05 10:05:10.390682
2026-09-05,2026-06-01,2026-09-05,district,KERALA & MAHE,KERALA,IDUKKI,6.3,16.4,-61.0,LD,1249.2,2279.4,-45.0,D,2026-09-05 10:05:10.390682
2026-09-05,2026-06-01,2026-09-05,district,KERALA & MAHE,KERALA,KANNUR,0.0,11.1,-99.0,LD,2207.8,2401.3,-8.0,N,2026-09-05 10:05:10.390682
2026-09-05,2026-06-01,2026-09-05,district,KERALA & MAHE,KERALA,KASARGOD,0.1,9.7,-99.0,LD,2293.4,2633.4,-13.0,N,2026-09-05 10:05:10.390682
2026-09-05,2026-06-01,2026-09-05,district,KERALA & MAHE,KERALA,KOLLAM,0.0,7.5,-100.0,NR,728.7,1064.9,-32.0,D,2026-09-05 10:05:10.390682
2026-09-05,2026-06-01,2026-09-05,district,KERALA & MAHE,KERALA,KOTTAYAM,0.0,10.0,-100.0,NR,1519.9,1657.3,-8.0,N,2026-09-05 10:05:10.390682
2026-09-05,2026-06-01,2026-09-05,district,KERALA & MAHE,KERALA,KOZHIKODE,0.0,11.2,-100.0,NR,2021.4,2323.3,-13.0,N,2026-09-05 10:05:10.390682
2026-09-05,2026-06-01,2026-09-05,district,KERALA & MAHE,KERALA,MALAPPURAM,0.0,9.4,-100.0,NR,1369.4,1747.6,-22.0,D,2026-09-05 10:05:10.390682
2026-09-05,2026-06-01,2026-09-05,district,KERALA & MAHE,KERALA,PALAKKAD,0.0,8.2,-100.0,NR,1049.7,1390.4,-25.0,D,2026-09-05 10:05:10.390682
2026-09-05,2026-06-01,2026-09-05,district,KERALA & MAHE,KERALA,PATHANAMTHITTA,0.0,9.6,-100.0,NR,1313.0,1357.8,-3.0,N,2026-09-05 10:05:10.390682
2026-09-05,2026-06-01,2026-09-05,district,KERALA & MAHE,KERALA,THIRUVANANTHAPURAM,0.0,5.4,-100.0,NR,666.8,689.8,-3.0,N,2026-09-05 10:05:10.390682
2026-09-05,2026-06-01,2026-09-05,district,KERALA & MAHE,KERALA,THRISSUR,0.0,10.7,-100.0,NR,1434.2,1891.6,-24.0,D,2026-09-05 10:05:10.390682
2026-09-05,2026-06-01,2026-09-05,district,KERALA & MAHE,KERALA,WYNAD,0.0,9.2,-99.0,LD,1102.3,2266.6,-51.0,D,2026-09-05 10:05:10.390682
2026-09-05,2026-06-01,2026-09-05,district,KONKAN & GOA,GOA,NORTH GOA,6.2,12.0,-48.0,D,1755.7,2830.1,-38.0,D,2026-09-05 10:05:10.390682
2026-09-05,2026-06-01,2026-09-05,district,KONKAN & GOA,GOA,SOUTH GOA,6.3,12.1,-48.0,D,1940.8,2702.5,-28.0,D,2026-09-05 10:05:10.390682
2026-09-05,2026-06-01,2026-09-05,district,KONKAN & GOA,MAHARASHTRA,MUMBAI CITY,3.4,8.7,-61.0,LD,1791.6,1833.8,-2.0,N,2026-09-05 10:05:10.390682
2026-09-05,2026-06-01,2026-09-05,district,KONKAN & GOA,MAHARASHTRA,MUMBAI SUBURBAN,0.4,17.2,-98.0,LD,2236.6,2050.0,9.0,N,2026-09-05 10:05:10.390682
2026-09-05,2026-06-01,2026-09-05,district,KONKAN & GOA,MAHARASHTRA,PALGHAR,7.0,13.0,-46.0,D,2502.2,2016.2,24.0,E,2026-09-05 10:05:10.390682
2026-09-05,2026-06-01,2026-09-05,district,KONKAN & GOA,MAHARASHTRA,RAIGAD,6.2,19.7,-69.0,LD,2792.4,2801.4,0.0,N,2026-09-05 10:05:10.390682
2026-09-05,2026-06-01,2026-09-05,district,KONKAN & GOA,MAHARASHTRA,RATNAGIRI,8.4,18.3,-54.0,D,2491.9,2887.3,-14.0,N,2026-09-05 10:05:10.390682
2026-09-05,2026-06-01,2026-09-05,district,KONKAN & GOA,MAHARASHTRA,SINDHUDURG,8.8,14.0,-37.0,D,1767.1,2685.6,-34.0,D,2026-09-05 10:05:10.390682
2026-09-05,2026-06-01,2026-09-05,district,KONKAN & GOA,MAHARASHTRA,THANE,5.0,16.1,-69.0,LD,2013.8,2174.8,-7.0,N,2026-09-05 10:05:10.390682
2026-09-05,2026-06-01,2026-09-05,district,LAKSHADWEEP,LAKSHADWEEP,LAKSHADWEEP,0.2,6.0,-97.0,LD,643.0,887.1,-28.0,D,2026-09-05 10:05:10.390682
2026-09-05,2026-06-01,2026-09-05,district,MADHYA MAHARASHTRA,MAHARASHTRA,AHMEDNAGAR,0.0,2.6,-100.0,NR,214.6,326.5,-34.0,D,2026-09-05 10:05:10.390682
2026-09-05,2026-06-01,2026-09-05,district,MADHYA MAHARASHTRA,MAHARASHTRA,DHULE,0.0,5.2,-100.0,NR,387.1,449.1,-14.0,N,2026-09-05 10:05:10.390682
2026-09-05,2026-06-01,2026-09-05,district,MADHYA MAHARASHTRA,MAHARASHTRA,JALGAON,0.5,5.2,-90.0,LD,478.5,526.2,-9.0,N,2026-09-05 10:05:10.390682
2026-09-05,2026-06-01,2026-09-05,district,MADHYA MAHARASHTRA,MAHARASHTRA,KOLHAPUR,3.2,8.6,-63.0,LD,1417.2,1550.7,-9.0,N,2026-09-05 10:05:10.390682
2026-09-05,2026-06-01,2026-09-05,district,MADHYA MAHARASHTRA,MAHARASHTRA,NANDURBAR,0.8,6.0,-86.0,LD,422.3,722.6,-42.0,D,2026-09-05 10:05:10.390682
2026-09-05,2026-06-01,2026-09-05,district,MADHYA MAHARASHTRA,MAHARASHTRA,NASHIK,4.3,6.3,-33.0,D,1119.2,747.0,50.0,E,2026-09-05 10:05:10.390682
2026-09-05,2026-06-01,2026-09-05,district,MADHYA MAHARASHTRA,MAHARASHTRA,PUNE,1.9,5.2,-63.0,LD,1010.6,796.4,27.0,E,2026-09-05 10:05:10.390682
2026-09-05,2026-06-01,2026-09-05,district,MADHYA MAHARASHTRA,MAHARASHTRA,SANGLI,2.1,2.3,-10.0,N,311.2,368.4,-16.0,N,2026-09-05 10:05:10.390682
2026-09-05,2026-06-01,2026-09-05,district,MADHYA MAHARASHTRA,MAHARASHTRA,SATARA,2.8,3.9,-29.0,D,929.4,711.2,31.0,E,2026-09-05 10:05:10.390682
2026-09-05,2026-06-01,2026-09-05,district,MADHYA MAHARASHTRA,MAHARASHTRA,SHOLAPUR,0.1,2.2,-94.0,LD,157.9,309.4,-49.0,D,2026-09-05 10:05:10.390682
2026-09-05,2026-06-01,2026-09-05,district,MARATHWADA,MAHARASHTRA,BEED,7.1,3.7,92.0,LE,225.6,417.2,-46.0,D,2026-09-05 10:05:10.390682
2026-09-05,2026-06-01,2026-09-05,district,MARATHWADA,MAHARASHTRA,CHHATRAPATI SAMBHAJINAGAR,1.2,3.6,-66.0,LD,424.3,440.2,-4.0,N,2026-09-05 10:05:10.390682
2026-09-05,2026-06-01,2026-09-05,district,MARATHWADA,MAHARASHTRA,DHARASHIV,0.0,4.5,-100.0,NR,272.1,426.9,-36.0,D,2026-09-05 10:05:10.390682
2026-09-05,2026-06-01,2026-09-05,district,MARATHWADA,MAHARASHTRA,HINGOLI,0.0,3.6,-100.0,NR,338.5,651.1,-48.0,D,2026-09-05 10:05:10.390682
2026-09-05,2026-06-01,2026-09-05,district,MARATHWADA,MAHARASHTRA,JALNA,0.0,3.3,-100.0,NR,276.5,479.5,-42.0,D,2026-09-05 10:05:10.390682
2026-09-05,2026-06-01,2026-09-05,district,MARATHWADA,MAHARASHTRA,LATUR,0.5,4.6,-90.0,LD,360.9,519.3,-31.0,D,2026-09-05 10:05:10.390682
2026-09-05,2026-06-01,2026-09-05,district,MARATHWADA,MAHARASHTRA,NANDED,1.1,3.8,-70.0,LD,449.4,655.6,-31.0,D,2026-09-05 10:05:10.390682
2026-09-05,2026-06-01,2026-09-05,district,MARATHWADA,MAHARASHTRA,PARBHANI,0.3,3.9,-91.0,LD,356.6,568.0,-37.0,D,2026-09-05 10:05:10.390682
2026-09-05,2026-06-01,2026-09-05,district,N. I. KARNATAKA,KARNATAKA,BAGALKOTE,3.0,3.2,-5.0,N,211.4,235.5,-10.0,N,2026-09-05 10:05:10.390682
2026-09-05,2026-06-01,2026-09-05,district,N. I. KARNATAKA,KARNATAKA,BELAGAVI,0.9,2.6,-67.0,LD,543.2,471.2,15.0,N,2026-09-05 10:05:10.390682
2026-09-05,2026-06-01,2026-09-05,district,N. I. KARNATAKA,KARNATAKA,BIDAR,0.5,4.7,-89.0,LD,411.3,505.3,-19.0,N,2026-09-05 10:05:10.390682
2026-09-05,2026-06-01,2026-09-05,district,N. I. KARNATAKA,KARNATAKA,DHARWAD,0.4,2.9,-85.0,LD,244.6,418.9,-42.0,D,2026-09-05 10:05:10.390682
2026-09-05,2026-06-01,2026-09-05,district,N. I. KARNATAKA,KARNATAKA,GADAG,0.0,2.8,-100.0,NR,208.4,247.6,-16.0,N,2026-09-05 10:05:10.390682
2026-09-05,2026-06-01,2026-09-05,district,N. I. KARNATAKA,KARNATAKA,HAVERI,0.0,2.2,-100.0,NR,274.1,407.4,-33.0,D,2026-09-05 10:05:10.390682
2026-09-05,2026-06-01,2026-09-05,district,N. I. KARNATAKA,KARNATAKA,KALABURAGI,0.0,4.7,-100.0,NR,200.4,425.4,-53.0,D,2026-09-05 10:05:10.390682
2026-09-05,2026-06-01,2026-09-05,district,N. I. KARNATAKA,KARNATAKA,KOPPAL,0.1,5.0,-97.0,LD,170.7,261.7,-35.0,D,2026-09-05 10:05:10.390682
2026-09-05,2026-06-01,2026-09-05,district,N. I. KARNATAKA,KARNATAKA,RAICHUR,0.0,5.5,-100.0,NR,199.4,299.5,-33.0,D,2026-09-05 10:05:10.390682
2026-09-05,2026-06-01,2026-09-05,district,N. I. KARNATAKA,KARNATAKA,VIJAYAPURA,0.1,2.6,-96.0,LD,174.7,258.4,-32.0,D,2026-09-05 10:05:10.390682
2026-09-05,2026-06-01,2026-09-05,district,N. I. KARNATAKA,KARNATAKA,YADGIR,1.1,5.6,-80.0,LD,277.1,374.8,-26.0,D,2026-09-05 10:05:10.390682
2026-09-05,2026-06-01,2026-09-05,district,NMMT,MANIPUR,BISHNUPUR,0.0,11.8,-100.0,NR,400.7,960.5,-58.0,D,2026-09-05 10:05:10.390682
2026-09-05,2026-06-01,2026-09-05,district,NMMT,MANIPUR,CHANDEL,0.0,11.8,-100.0,NR,461.9,960.5,-52.0,D,2026-09-05 10:05:10.390682
2026-09-05,2026-06-01,2026-09-05,district,NMMT,MANIPUR,CHURACHANDPUR,1.5,11.8,-87.0,LD,212.5,960.5,-78.0,LD,2026-09-05 10:05:10.390682
2026-09-05,2026-06-01,2026-09-05,district,NMMT,MANIPUR,IMPHAL EAST,0.0,6.4,-100.0,NR,426.4,624.1,-32.0,D,2026-09-05 10:05:10.390682
2026-09-05,2026-06-01,2026-09-05,district,NMMT,MANIPUR,IMPHAL WEST,8.0,18.7,-57.0,D,657.1,1445.0,-55.0,D,2026-09-05 10:05:10.390682
2026-09-05,2026-06-01,2026-09-05,district,NMMT,MANIPUR,SENAPATI,1.8,5.3,-66.0,LD,579.2,658.2,-12.0,N,2026-09-05 10:05:10.390682
2026-09-05,2026-06-01,2026-09-05,district,NMMT,MANIPUR,TAMENGLONG,10.0,19.8,-49.0,D,1513.0,3394.8,-55.0,D,2026-09-05 10:05:10.390682
2026-09-05,2026-06-01,2026-09-05,district,NMMT,MANIPUR,THOUBAL,0.0,6.4,-100.0,NR,310.9,624.1,-50.0,D,2026-09-05 10:05:10.390682
2026-09-05,2026-06-01,2026-09-05,district,NMMT,MANIPUR,UKHRUL,0.0,2.5,-100.0,NR,821.0,887.3,-7.0,N,2026-09-05 10:05:10.390682
2026-09-05,2026-06-01,2026-09-05,district,NMMT,MIZORAM,AIZAWL,1.0,16.9,-94.0,LD,1120.3,1314.7,-15.0,N,2026-09-05 10:05:10.390682
2026-09-05,2026-06-01,2026-09-05,district,NMMT,MIZORAM,CHAMPHAI,2.8,12.7,-78.0,LD,857.6,1074.2,-20.0,D,2026-09-05 10:05:10.390682
2026-09-05,2026-06-01,2026-09-05,district,NMMT,MIZORAM,KOLASIB,0.5,22.3,-98.0,LD,1448.4,1436.8,1.0,N,2026-09-05 10:05:10.390682
2026-09-05,2026-06-01,2026-09-05,district,NMMT,MIZORAM,LAWNGTLAI,0.0,9.8,-100.0,NR,1260.4,1397.7,-10.0,N,2026-09-05 10:05:10.390682
2026-09-05,2026-06-01,2026-09-05,district,NMMT,MIZORAM,LUNGLEI,3.1,17.7,-83.0,LD,1140.8,1441.3,-21.0,D,2026-09-05 10:05:10.390682
2026-09-05,2026-06-01,2026-09-05,district,NMMT,MIZORAM,MAMIT,0.6,13.9,-96.0,LD,810.0,1287.7,-37.0,D,2026-09-05 10:05:10.390682
2026-09-05,2026-06-01,2026-09-05,district,NMMT,MIZORAM,SAIHA,21.5,13.2,63.0,LE,1179.4,1429.1,-17.0,N,2026-09-05 10:05:10.390682
2026-09-05,2026-06-01,2026-09-05,district,NMMT,MIZORAM,SERCHHIP,0.1,12.0,-99.0,LD,1227.2,1233.2,0.0,N,2026-09-05 10:05:10.390682
2026-09-05,2026-06-01,2026-09-05,district,NMMT,NAGALAND,DIMAPUR,49.8,12.1,312.0,LE,746.4,695.9,7.0,N,2026-09-05 10:05:10.390682
2026-09-05,2026-06-01,2026-09-05,district,NMMT,NAGALAND,KIPHIRE,24.8,2.4,931.0,LE,680.3,510.1,33.0,E,2026-09-05 10:05:10.390682
2026-09-05,2026-06-01,2026-09-05,district,NMMT,NAGALAND,KOHIMA,42.3,10.9,288.0,LE,976.4,1023.4,-5.0,N,2026-09-05 10:05:10.390682
2026-09-05,2026-06-01,2026-09-05,district,NMMT,NAGALAND,MOKOKCHUNG,34.2,14.1,143.0,LE,1421.0,1164.6,22.0,E,2026-09-05 10:05:10.390682
2026-09-05,2026-06-01,2026-09-05,district,NMMT,NAGALAND,MON,54.3,5.2,944.0,LE,806.8,911.4,-11.0,N,2026-09-05 10:05:10.390682
2026-09-05,2026-06-01,2026-09-05,district,NMMT,NAGALAND,PEREN,44.1,5.5,701.0,LE,791.5,771.6,3.0,N,2026-09-05 10:05:10.390682
2026-09-05,2026-06-01,2026-09-05,district,NMMT,NAGALAND,PHEK,45.6,6.1,648.0,LE,707.8,701.8,1.0,N,2026-09-05 10:05:10.390682
2026-09-05,2026-06-01,2026-09-05,district,NMMT,NAGALAND,WOKHA,42.1,12.7,232.0,LE,1158.7,1035.8,12.0,N,2026-09-05 10:05:10.390682
2026-09-05,2026-06-01,2026-09-05,district,NMMT,NAGALAND,ZUNHEBOTO,62.5,3.9,1503.0,LE,1471.5,889.8,65.0,LE,2026-09-05 10:05:10.390682
2026-09-05,2026-06-01,2026-09-05,district,NMMT,TRIPURA,DHALAI,0.7,14.4,-95.0,LD,1047.4,1131.8,-7.0,N,2026-09-05 10:05:10.390682
2026-09-05,2026-06-01,2026-09-05,district,NMMT,TRIPURA,GOMATI,9.2,8.4,9.0,N,943.0,1200.4,-21.0,D,2026-09-05 10:05:10.390682
2026-09-05,2026-06-01,2026-09-05,district,NMMT,TRIPURA,KHOWAI,0.0,10.0,-100.0,NR,1150.6,1100.5,5.0,N,2026-09-05 10:05:10.390682
2026-09-05,2026-06-01,2026-09-05,district,NMMT,TRIPURA,NORTH TRIPURA,1.3,14.4,-91.0,LD,965.1,1177.0,-18.0,N,2026-09-05 10:05:10.390682
2026-09-05,2026-06-01,2026-09-05,district,NMMT,TRIPURA,SIPAHIJALA,0.8,7.8,-90.0,LD,975.6,1120.1,-13.0,N,2026-09-05 10:05:10.390682
2026-09-05,2026-06-01,2026-09-05,district,NMMT,TRIPURA,SOUTH TRIPURA,5.1,8.6,-41.0,D,988.8,1445.9,-32.0,D,2026-09-05 10:05:10.390682
2026-09-05,2026-06-01,2026-09-05,district,NMMT,TRIPURA,UNAKOTI,0.0,11.0,-99.0,LD,1157.4,1191.0,-3.0,N,2026-09-05 10:05:10.390682
2026-09-05,2026-06-01,2026-09-05,district,NMMT,TRIPURA,WEST TRIPURA,0.0,9.1,-99.0,LD,1116.1,1006.7,11.0,N,2026-09-05 10:05:10.390682
2026-09-05,2026-06-01,2026-09-05,district,ODISHA,ODISHA,ANGUL,0.0,9.2,-100.0,NR,1203.6,950.5,27.0,E,2026-09-05 10:05:10.390682
2026-09-05,2026-06-01,2026-09-05,district,ODISHA,ODISHA,BALANGIR,0.0,7.2,-100.0,NR,1179.9,931.1,27.0,E,2026-09-05 10:05:10.390682
2026-09-05,2026-06-01,2026-09-05,district,ODISHA,ODISHA,BALASORE,0.0,12.6,-100.0,NR,1515.3,969.7,56.0,E,2026-09-05 10:05:10.390682
2026-09-05,2026-06-01,2026-09-05,district,ODISHA,ODISHA,BARGARH,0.0,9.8,-100.0,NR,1558.7,1030.8,51.0,E,2026-09-05 10:05:10.390682
2026-09-05,2026-06-01,2026-09-05,district,ODISHA,ODISHA,BHADRAK,0.2,9.4,-98.0,LD,1157.4,879.1,32.0,E,2026-09-05 10:05:10.390682
2026-09-05,2026-06-01,2026-09-05,district,ODISHA,ODISHA,BOUDH,0.0,8.4,-100.0,NR,1594.0,886.4,80.0,LE,2026-09-05 10:05:10.390682
2026-09-05,2026-06-01,2026-09-05,district,ODISHA,ODISHA,CUTTACK,5.8,12.9,-55.0,D,1268.8,945.8,34.0,E,2026-09-05 10:05:10.390682
2026-09-05,2026-06-01,2026-09-05,district,ODISHA,ODISHA,DEOGARH,0.0,11.5,-100.0,NR,1422.7,997.9,43.0,E,2026-09-05 10:05:10.390682
2026-09-05,2026-06-01,2026-09-05,district,ODISHA,ODISHA,DHENKANAL,1.0,9.1,-89.0,LD,1347.3,916.4,47.0,E,2026-09-05 10:05:10.390682
2026-09-05,2026-06-01,2026-09-05,district,ODISHA,ODISHA,GAJAPATI,1.6,5.9,-73.0,LD,542.7,717.6,-24.0,D,2026-09-05 10:05:10.390682
2026-09-05,2026-06-01,2026-09-05,district,ODISHA,ODISHA,GANJAM,0.4,8.7,-96.0,LD,576.5,703.0,-18.0,N,2026-09-05 10:05:10.390682
2026-09-05,2026-06-01,2026-09-05,district,ODISHA,ODISHA,JAGATSINGHPUR,2.7,13.3,-80.0,LD,1104.7,861.5,28.0,E,2026-09-05 10:05:10.390682
2026-09-05,2026-06-01,2026-09-05,district,ODISHA,ODISHA,JAJPUR,0.0,14.5,-100.0,NR,1153.0,1020.1,13.0,N,2026-09-05 10:05:10.390682
2026-09-05,2026-06-01,2026-09-05,district,ODISHA,ODISHA,JHARSUGUDA,0.2,8.0,-98.0,LD,1115.1,1013.4,10.0,N,2026-09-05 10:05:10.390682
2026-09-05,2026-06-01,2026-09-05,district,ODISHA,ODISHA,KALAHANDI,0.5,12.8,-96.0,LD,997.6,1181.7,-16.0,N,2026-09-05 10:05:10.390682
2026-09-05,2026-06-01,2026-09-05,district,ODISHA,ODISHA,KANDHAMAL,0.2,10.5,-99.0,LD,1124.1,942.6,19.0,N,2026-09-05 10:05:10.390682
2026-09-05,2026-06-01,2026-09-05,district,ODISHA,ODISHA,KENDRAPARA,4.0,13.3,-70.0,LD,1324.4,903.4,47.0,E,2026-09-05 10:05:10.390682
2026-09-05,2026-06-01,2026-09-05,district,ODISHA,ODISHA,KEONJHARGARH,0.2,11.3,-98.0,LD,1442.5,947.4,52.0,E,2026-09-05 10:05:10.390682
2026-09-05,2026-06-01,2026-09-05,district,ODISHA,ODISHA,KHURDA,0.0,10.8,-100.0,NR,1060.8,888.6,19.0,N,2026-09-05 10:05:10.390682
2026-09-05,2026-06-01,2026-09-05,district,ODISHA,ODISHA,KORAPUT,0.0,11.0,-100.0,NR,1020.6,1034.4,-1.0,N,2026-09-05 10:05:10.390682
2026-09-05,2026-06-01,2026-09-05,district,ODISHA,ODISHA,MALKANGIRI,0.7,13.3,-95.0,LD,909.7,1076.9,-16.0,N,2026-09-05 10:05:10.390682
2026-09-05,2026-06-01,2026-09-05,district,ODISHA,ODISHA,MAYURBHANJ,0.2,12.0,-98.0,LD,1497.0,1004.0,49.0,E,2026-09-05 10:05:10.390682
2026-09-05,2026-06-01,2026-09-05,district,ODISHA,ODISHA,NAWAPARA,0.8,6.5,-88.0,LD,993.3,856.9,16.0,N,2026-09-05 10:05:10.390682
2026-09-05,2026-06-01,2026-09-05,district,ODISHA,ODISHA,NAWARANGPUR,1.6,12.8,-88.0,LD,942.3,1165.7,-19.0,N,2026-09-05 10:05:10.390682
2026-09-05,2026-06-01,2026-09-05,district,ODISHA,ODISHA,NAYAGARH,8.8,10.5,-17.0,N,1035.7,884.3,17.0,N,2026-09-05 10:05:10.390682
2026-09-05,2026-06-01,2026-09-05,district,ODISHA,ODISHA,PURI,3.1,12.1,-74.0,LD,1111.2,834.8,33.0,E,2026-09-05 10:05:10.390682
2026-09-05,2026-06-01,2026-09-05,district,ODISHA,ODISHA,RAYAGADA,2.8,7.5,-63.0,LD,743.6,807.0,-8.0,N,2026-09-05 10:05:10.390682
2026-09-05,2026-06-01,2026-09-05,district,ODISHA,ODISHA,SAMBALPUR,0.6,11.3,-95.0,LD,1459.2,1092.8,34.0,E,2026-09-05 10:05:10.390682
2026-09-05,2026-06-01,2026-09-05,district,ODISHA,ODISHA,SONEPUR,0.0,13.2,-100.0,NR,1579.6,1029.6,53.0,E,2026-09-05 10:05:10.390682
2026-09-05,2026-06-01,2026-09-05,district,ODISHA,ODISHA,SUNDARGARH,1.3,9.9,-86.0,LD,1313.5,1027.7,28.0,E,2026-09-05 10:05:10.390682
2026-09-05,2026-06-01,2026-09-05,district,PUNJAB,PUNJAB,AMRITSAR,1.2,3.4,-63.0,LD,349.0,406.8,-14.0,N,2026-09-05 10:05:10.390682
2026-09-05,2026-06-01,2026-09-05,district,PUNJAB,PUNJAB,BARNALA,2.9,1.8,60.0,LE,127.2,314.2,-60.0,LD,2026-09-05 10:05:10.390682
2026-09-05,2026-06-01,2026-09-05,district,PUNJAB,PUNJAB,BHATINDA,0.0,1.3,-100.0,NR,126.3,252.7,-50.0,D,2026-09-05 10:05:10.390682
2026-09-05,2026-06-01,2026-09-05,district,PUNJAB,PUNJAB,FARIDKOT,1.0,4.8,-79.0,LD,224.8,266.4,-16.0,N,2026-09-05 10:05:10.390682
2026-09-05,2026-06-01,2026-09-05,district,PUNJAB,PUNJAB,FATEHGARH SAHIB,7.9,4.5,76.0,LE,142.8,415.0,-66.0,LD,2026-09-05 10:05:10.390682
2026-09-05,2026-06-01,2026-09-05,district,PUNJAB,PUNJAB,FAZILKA,0.0,1.4,-100.0,NR,106.6,223.3,-52.0,D,2026-09-05 10:05:10.390682
2026-09-05,2026-06-01,2026-09-05,district,PUNJAB,PUNJAB,FEROZEPUR,0.2,1.5,-87.0,LD,134.6,214.0,-37.0,D,2026-09-05 10:05:10.390682
2026-09-05,2026-06-01,2026-09-05,district,PUNJAB,PUNJAB,GURDASPUR,4.6,5.6,-17.0,N,734.1,533.5,38.0,E,2026-09-05 10:05:10.390682
2026-09-05,2026-06-01,2026-09-05,district,PUNJAB,PUNJAB,HOSHIARPUR,3.3,5.6,-41.0,D,256.8,534.6,-52.0,D,2026-09-05 10:05:10.390682
2026-09-05,2026-06-01,2026-09-05,district,PUNJAB,PUNJAB,JALANDHAR,5.3,5.7,-8.0,N,235.1,457.3,-49.0,D,2026-09-05 10:05:10.390682
2026-09-05,2026-06-01,2026-09-05,district,PUNJAB,PUNJAB,KAPURTHALA,0.0,2.8,-100.0,NR,133.1,397.4,-67.0,LD,2026-09-05 10:05:10.390682
2026-09-05,2026-06-01,2026-09-05,district,PUNJAB,PUNJAB,LUDHIANA,0.1,4.4,-97.0,LD,221.2,393.7,-44.0,D,2026-09-05 10:05:10.390682
2026-09-05,2026-06-01,2026-09-05,district,PUNJAB,PUNJAB,MANSA,0.0,1.0,-100.0,NR,71.8,229.8,-69.0,LD,2026-09-05 10:05:10.390682
2026-09-05,2026-06-01,2026-09-05,district,PUNJAB,PUNJAB,MUKTSAR,3.5,5.6,-37.0,D,98.1,278.2,-65.0,LD,2026-09-05 10:05:10.390682
2026-09-05,2026-06-01,2026-09-05,district,PUNJAB,PUNJAB,PATHANKOT,8.8,10.3,-15.0,N,1224.8,858.6,43.0,E,2026-09-05 10:05:10.390682
2026-09-05,2026-06-01,2026-09-05,district,PUNJAB,PUNJAB,PATIALA,11.7,7.5,56.0,E,269.8,461.1,-41.0,D,2026-09-05 10:05:10.390682
2026-09-05,2026-06-01,2026-09-05,district,PUNJAB,PUNJAB,RUPNAGAR,11.1,7.1,57.0,E,512.4,702.7,-27.0,D,2026-09-05 10:05:10.390682
2026-09-05,2026-06-01,2026-09-05,district,PUNJAB,PUNJAB,SANGRUR,15.5,6.8,128.0,LE,168.8,333.8,-49.0,D,2026-09-05 10:05:10.390682
2026-09-05,2026-06-01,2026-09-05,district,PUNJAB,PUNJAB,SAS NAGAR (MOHALI),3.7,4.4,-17.0,N,227.5,532.3,-57.0,D,2026-09-05 10:05:10.390682
2026-09-05,2026-06-01,2026-09-05,district,PUNJAB,PUNJAB,SBS NAGAR,18.0,8.7,107.0,LE,335.8,658.8,-49.0,D,2026-09-05 10:05:10.390682
2026-09-05,2026-06-01,2026-09-05,district,PUNJAB,PUNJAB,TARN TARAN,0.0,2.2,-100.0,NR,120.6,240.9,-50.0,D,2026-09-05 10:05:10.390682
2026-09-05,2026-06-01,2026-09-05,district,RAYALASEEMA,ANDHRA PRADESH,ANANTAPURAMU,0.0,3.5,-100.0,NR,156.9,226.3,-31.0,D,2026-09-05 10:05:10.390682
2026-09-05,2026-06-01,2026-09-05,district,RAYALASEEMA,ANDHRA PRADESH,ANNAMAYYA DISTRICT,0.0,4.3,-100.0,NR,83.9,276.5,-70.0,LD,2026-09-05 10:05:10.390682
2026-09-05,2026-06-01,2026-09-05,district,RAYALASEEMA,ANDHRA PRADESH,CHITTOOR,9.0,4.6,96.0,LE,145.9,317.5,-54.0,D,2026-09-05 10:05:10.390682
2026-09-05,2026-06-01,2026-09-05,district,RAYALASEEMA,ANDHRA PRADESH,KURNOOL,0.0,3.6,-100.0,NR,203.2,319.7,-36.0,D,2026-09-05 10:05:10.390682
2026-09-05,2026-06-01,2026-09-05,district,RAYALASEEMA,ANDHRA PRADESH,NANDYAL,0.0,3.4,-100.0,NR,203.8,375.9,-46.0,D,2026-09-05 10:05:10.390682
2026-09-05,2026-06-01,2026-09-05,district,RAYALASEEMA,ANDHRA PRADESH,SRI SATHYASAI DISTRICT,0.0,4.5,-100.0,NR,113.3,219.1,-48.0,D,2026-09-05 10:05:10.390682
2026-09-05,2026-06-01,2026-09-05,district,RAYALASEEMA,ANDHRA PRADESH,TIRUPATI,0.3,4.5,-94.0,LD,188.0,333.2,-44.0,D,2026-09-05 10:05:10.390682
2026-09-05,2026-06-01,2026-09-05,district,RAYALASEEMA,ANDHRA PRADESH,YSR DISTRICT,0.1,3.3,-98.0,LD,148.5,292.2,-49.0,D,2026-09-05 10:05:10.390682
2026-09-05,2026-06-01,2026-09-05,district,S. I. KARNATAKA,KARNATAKA,BALLARI,0.2,6.3,-97.0,LD,134.2,252.5,-47.0,D,2026-09-05 10:05:10.390682
2026-09-05,2026-06-01,2026-09-05,district,S. I. KARNATAKA,KARNATAKA,BENGALURU RURAL,0.0,5.8,-100.0,NR,242.1,294.2,-18.0,N,2026-09-05 10:05:10.390682
2026-09-05,2026-06-01,2026-09-05,district,S. I. KARNATAKA,KARNATAKA,BENGALURU URBAN,3.4,4.5,-24.0,D,136.5,301.9,-55.0,D,2026-09-05 10:05:10.390682
2026-09-05,2026-06-01,2026-09-05,district,S. I. KARNATAKA,KARNATAKA,CHAMARAJANAGAR,0.0,3.6,-100.0,NR,133.5,233.7,-43.0,D,2026-09-05 10:05:10.390682
2026-09-05,2026-06-01,2026-09-05,district,S. I. KARNATAKA,KARNATAKA,CHIKABALLAPURA,0.0,4.7,-100.0,NR,151.0,285.7,-47.0,D,2026-09-05 10:05:10.390682
2026-09-05,2026-06-01,2026-09-05,district,S. I. KARNATAKA,KARNATAKA,CHIKKAMAGALURU,0.2,6.5,-98.0,LD,1230.0,1348.4,-9.0,N,2026-09-05 10:05:10.390682
2026-09-05,2026-06-01,2026-09-05,district,S. I. KARNATAKA,KARNATAKA,CHITRADURGA,0.0,2.6,-100.0,NR,146.5,199.2,-26.0,D,2026-09-05 10:05:10.390682
2026-09-05,2026-06-01,2026-09-05,district,S. I. KARNATAKA,KARNATAKA,DAVANGERE,4.6,2.1,119.0,LE,267.1,283.9,-6.0,N,2026-09-05 10:05:10.390682
2026-09-05,2026-06-01,2026-09-05,district,S. I. KARNATAKA,KARNATAKA,HASSAN,0.0,3.4,-100.0,NR,201.8,564.3,-64.0,LD,2026-09-05 10:05:10.390682
2026-09-05,2026-06-01,2026-09-05,district,S. I. KARNATAKA,KARNATAKA,KODAGU,0.0,10.3,-100.0,NR,1517.8,2060.9,-26.0,D,2026-09-05 10:05:10.390682
2026-09-05,2026-06-01,2026-09-05,district,S. I. KARNATAKA,KARNATAKA,KOLAR,0.0,4.4,-100.0,NR,129.3,272.3,-53.0,D,2026-09-05 10:05:10.390682
2026-09-05,2026-06-01,2026-09-05,district,S. I. KARNATAKA,KARNATAKA,MANDYA,2.4,2.4,0.0,N,106.2,195.3,-46.0,D,2026-09-05 10:05:10.390682
2026-09-05,2026-06-01,2026-09-05,district,S. I. KARNATAKA,KARNATAKA,MYSURU,0.0,2.5,-100.0,NR,153.1,279.0,-45.0,D,2026-09-05 10:05:10.390682
2026-09-05,2026-06-01,2026-09-05,district,S. I. KARNATAKA,KARNATAKA,RAMANAGARA,0.0,4.7,-100.0,NR,19.0,311.4,-94.0,LD,2026-09-05 10:05:10.390682
2026-09-05,2026-06-01,2026-09-05,district,S. I. KARNATAKA,KARNATAKA,SHIVAMOGGA,0.8,7.9,-90.0,LD,1433.9,1495.0,-4.0,N,2026-09-05 10:05:10.390682
2026-09-05,2026-06-01,2026-09-05,district,S. I. KARNATAKA,KARNATAKA,TUMAKURU,0.0,3.6,-100.0,NR,128.1,245.5,-48.0,D,2026-09-05 10:05:10.390682
2026-09-05,2026-06-01,2026-09-05,district,S. I. KARNATAKA,KARNATAKA,VIJAYANAGARA,0.0,6.5,-100.0,NR,148.3,272.8,-46.0,D,2026-09-05 10:05:10.390682
2026-09-05,2026-06-01,2026-09-05,district,SAURASHTRA & KUTCH,DADRA & NAGAR HAVELI AND DAMAN & DIU (UT),DIU,0.0,7.3,-100.0,NR,632.8,665.9,-5.0,N,2026-09-05 10:05:10.390682
2026-09-05,2026-06-01,2026-09-05,district,SAURASHTRA & KUTCH,GUJARAT,AMRELI,0.0,3.4,-100.0,NR,494.8,486.3,2.0,N,2026-09-05 10:05:10.390682
2026-09-05,2026-06-01,2026-09-05,district,SAURASHTRA & KUTCH,GUJARAT,BHAVNAGAR,1.3,3.2,-59.0,D,478.7,482.5,-1.0,N,2026-09-05 10:05:10.390682
2026-09-05,2026-06-01,2026-09-05,district,SAURASHTRA & KUTCH,GUJARAT,BOTAD,0.0,1.8,-100.0,NR,445.8,473.6,-6.0,N,2026-09-05 10:05:10.390682
2026-09-05,2026-06-01,2026-09-05,district,SAURASHTRA & KUTCH,GUJARAT,DEVBHOOMI DWARKA,0.0,6.9,-100.0,NR,57.8,494.3,-88.0,LD,2026-09-05 10:05:10.390682
2026-09-05,2026-06-01,2026-09-05,district,SAURASHTRA & KUTCH,GUJARAT,GIR SOMNATH,0.0,4.9,-100.0,NR,469.9,783.1,-40.0,D,2026-09-05 10:05:10.390682
2026-09-05,2026-06-01,2026-09-05,district,SAURASHTRA & KUTCH,GUJARAT,JAMNAGAR,0.0,3.6,-100.0,NR,216.0,553.8,-61.0,LD,2026-09-05 10:05:10.390682
2026-09-05,2026-06-01,2026-09-05,district,SAURASHTRA & KUTCH,GUJARAT,JUNAGADH,1.1,5.6,-81.0,LD,592.1,770.8,-23.0,D,2026-09-05 10:05:10.390682
2026-09-05,2026-06-01,2026-09-05,district,SAURASHTRA & KUTCH,GUJARAT,KUTCH,0.0,3.6,-100.0,NR,137.5,356.5,-61.0,LD,2026-09-05 10:05:10.390682
2026-09-05,2026-06-01,2026-09-05,district,SAURASHTRA & KUTCH,GUJARAT,MORBI,0.0,1.5,-100.0,NR,473.0,465.2,2.0,N,2026-09-05 10:05:10.390682
2026-09-05,2026-06-01,2026-09-05,district,SAURASHTRA & KUTCH,GUJARAT,PORBANDAR,0.0,2.9,-100.0,NR,161.3,605.1,-73.0,LD,2026-09-05 10:05:10.390682
2026-09-05,2026-06-01,2026-09-05,district,SAURASHTRA & KUTCH,GUJARAT,RAJKOT,0.0,2.8,-100.0,NR,355.6,542.3,-34.0,D,2026-09-05 10:05:10.390682
2026-09-05,2026-06-01,2026-09-05,district,SAURASHTRA & KUTCH,GUJARAT,SURENDRANAGAR,0.0,2.5,-100.0,NR,480.8,445.4,8.0,N,2026-09-05 10:05:10.390682
2026-09-05,2026-06-01,2026-09-05,district,SHWB & SIKKIM,SIKKIM,GANGTOK,6.8,12.7,-47.0,D,1639.5,1832.1,-11.0,N,2026-09-05 10:05:10.390682
2026-09-05,2026-06-01,2026-09-05,district,SHWB & SIKKIM,SIKKIM,GYALSHING,0.3,16.5,-98.0,LD,1876.4,1515.2,24.0,E,2026-09-05 10:05:10.390682
2026-09-05,2026-06-01,2026-09-05,district,SHWB & SIKKIM,SIKKIM,MANGAN,5.9,13.0,-55.0,D,1128.9,1293.7,-13.0,N,2026-09-05 10:05:10.390682
2026-09-05,2026-06-01,2026-09-05,district,SHWB & SIKKIM,SIKKIM,NAMCHI,8.8,15.7,-44.0,D,1555.8,1366.8,14.0,N,2026-09-05 10:05:10.390682
2026-09-05,2026-06-01,2026-09-05,district,SHWB & SIKKIM,SIKKIM,Pakyong,1.8,13.2,-86.0,LD,1309.8,1355.2,-3.0,N,2026-09-05 10:05:10.390682
2026-09-05,2026-06-01,2026-09-05,district,SHWB & SIKKIM,SIKKIM,Soreng,2.0,16.5,-88.0,LD,1830.5,1515.2,21.0,E,2026-09-05 10:05:10.390682
2026-09-05,2026-06-01,2026-09-05,district,SHWB & SIKKIM,WEST BENGAL,ALIPURDUAR,20.9,15.7,33.0,E,2270.5,2577.0,-12.0,N,2026-09-05 10:05:10.390682
2026-09-05,2026-06-01,2026-09-05,district,SHWB & SIKKIM,WEST BENGAL,COOCH BEHAR,8.3,14.7,-44.0,D,1750.8,1971.8,-11.0,N,2026-09-05 10:05:10.390682
2026-09-05,2026-06-01,2026-09-05,district,SHWB & SIKKIM,WEST BENGAL,DARJEELING,13.4,20.6,-35.0,D,1804.5,2296.3,-21.0,D,2026-09-05 10:05:10.390682
2026-09-05,2026-06-01,2026-09-05,district,SHWB & SIKKIM,WEST BENGAL,JALPAIGURI,19.7,22.6,-13.0,N,1827.5,2459.8,-26.0,D,2026-09-05 10:05:10.390682
2026-09-05,2026-06-01,2026-09-05,district,SHWB & SIKKIM,WEST BENGAL,KALIMPONG,12.6,20.2,-38.0,D,1606.4,2039.8,-21.0,D,2026-09-05 10:05:10.390682
2026-09-05,2026-06-01,2026-09-05,district,SHWB & SIKKIM,WEST BENGAL,MALDA,7.0,6.6,6.0,N,713.1,929.8,-23.0,D,2026-09-05 10:05:10.390682
2026-09-05,2026-06-01,2026-09-05,district,SHWB & SIKKIM,WEST BENGAL,NORTH DINAJPUR,1.4,4.0,-65.0,LD,850.5,1196.2,-29.0,D,2026-09-05 10:05:10.390682
2026-09-05,2026-06-01,2026-09-05,district,SHWB & SIKKIM,WEST BENGAL,SOUTH DINAJPUR,32.5,14.0,132.0,LE,713.0,853.5,-16.0,N,2026-09-05 10:05:10.390682
2026-09-05,2026-06-01,2026-09-05,district,TAMIL. PUDU.& KARAIKAL,PUDUCHERRY (UT),KARAIKAL,0.0,0.8,-100.0,NR,232.6,200.7,16.0,N,2026-09-05 10:05:10.390682
2026-09-05,2026-06-01,2026-09-05,district,TAMIL. PUDU.& KARAIKAL,PUDUCHERRY (UT),PUDUCHERRY,0.0,5.5,-100.0,NR,121.2,277.9,-56.0,D,2026-09-05 10:05:10.390682
2026-09-05,2026-06-01,2026-09-05,district,TAMIL. PUDU.& KARAIKAL,TAMILNADU,ARIYALUR,0.0,2.4,-100.0,NR,204.5,210.5,-3.0,N,2026-09-05 10:05:10.390682
2026-09-05,2026-06-01,2026-09-05,district,TAMIL. PUDU.& KARAIKAL,TAMILNADU,CHENGALPATTU,1.2,3.1,-62.0,LD,146.2,291.5,-50.0,D,2026-09-05 10:05:10.390682
2026-09-05,2026-06-01,2026-09-05,district,TAMIL. PUDU.& KARAIKAL,TAMILNADU,CHENNAI,1.1,3.6,-69.0,LD,320.0,325.2,-2.0,N,2026-09-05 10:05:10.390682
2026-09-05,2026-06-01,2026-09-05,district,TAMIL. PUDU.& KARAIKAL,TAMILNADU,COIMBATORE,1.1,4.8,-78.0,LD,629.0,586.5,7.0,N,2026-09-05 10:05:10.390682
2026-09-05,2026-06-01,2026-09-05,district,TAMIL. PUDU.& KARAIKAL,TAMILNADU,CUDDALORE,2.0,2.9,-30.0,D,218.6,243.0,-10.0,N,2026-09-05 10:05:10.390682
2026-09-05,2026-06-01,2026-09-05,district,TAMIL. PUDU.& KARAIKAL,TAMILNADU,DHARMAPURI,0.0,3.3,-100.0,NR,152.9,244.2,-37.0,D,2026-09-05 10:05:10.390682
2026-09-05,2026-06-01,2026-09-05,district,TAMIL. PUDU.& KARAIKAL,TAMILNADU,DINDIGUL,0.4,5.1,-92.0,LD,102.6,186.2,-45.0,D,2026-09-05 10:05:10.390682
2026-09-05,2026-06-01,2026-09-05,district,TAMIL. PUDU.& KARAIKAL,TAMILNADU,ERODE,0.0,2.8,-100.0,NR,113.5,168.9,-33.0,D,2026-09-05 10:05:10.390682
2026-09-05,2026-06-01,2026-09-05,district,TAMIL. PUDU.& KARAIKAL,TAMILNADU,KALLAKURICHI,0.4,4.7,-92.0,LD,176.8,267.9,-34.0,D,2026-09-05 10:05:10.390682
2026-09-05,2026-06-01,2026-09-05,district,TAMIL. PUDU.& KARAIKAL,TAMILNADU,KANCHEEPURAM,3.0,2.0,50.0,E,245.7,335.8,-27.0,D,2026-09-05 10:05:10.390682
2026-09-05,2026-06-01,2026-09-05,district,TAMIL. PUDU.& KARAIKAL,TAMILNADU,KANYAKUMARI,0.1,3.7,-99.0,LD,399.8,387.1,3.0,N,2026-09-05 10:05:10.390682
2026-09-05,2026-06-01,2026-09-05,district,TAMIL. PUDU.& KARAIKAL,TAMILNADU,KARUR,0.0,2.4,-100.0,NR,37.6,114.4,-67.0,LD,2026-09-05 10:05:10.390682
2026-09-05,2026-06-01,2026-09-05,district,TAMIL. PUDU.& KARAIKAL,TAMILNADU,KRISHNAGIRI,3.2,4.1,-21.0,D,127.1,227.1,-44.0,D,2026-09-05 10:05:10.390682
2026-09-05,2026-06-01,2026-09-05,district,TAMIL. PUDU.& KARAIKAL,TAMILNADU,MADURAI,13.0,4.8,171.0,LE,125.3,192.5,-35.0,D,2026-09-05 10:05:10.390682
2026-09-05,2026-06-01,2026-09-05,district,TAMIL. PUDU.& KARAIKAL,TAMILNADU,MAYILADUTHURAI,0.0,2.1,-100.0,NR,153.8,206.6,-26.0,D,2026-09-05 10:05:10.390682
2026-09-05,2026-06-01,2026-09-05,district,TAMIL. PUDU.& KARAIKAL,TAMILNADU,NAGAPATTINAM,3.0,1.4,113.0,LE,71.5,167.0,-57.0,D,2026-09-05 10:05:10.390682
2026-09-05,2026-06-01,2026-09-05,district,TAMIL. PUDU.& KARAIKAL,TAMILNADU,NAMAKKAL,0.0,3.2,-99.0,LD,85.5,213.5,-60.0,LD,2026-09-05 10:05:10.390682
2026-09-05,2026-06-01,2026-09-05,district,TAMIL. PUDU.& KARAIKAL,TAMILNADU,NILGIRIS,0.5,6.5,-93.0,LD,488.2,696.4,-30.0,D,2026-09-05 10:05:10.390682
2026-09-05,2026-06-01,2026-09-05,district,TAMIL. PUDU.& KARAIKAL,TAMILNADU,PERAMBALUR,0.0,4.8,-100.0,NR,157.7,173.1,-9.0,N,2026-09-05 10:05:10.390682
2026-09-05,2026-06-01,2026-09-05,district,TAMIL. PUDU.& KARAIKAL,TAMILNADU,PUDUKKOTTAI,0.3,2.8,-91.0,LD,165.7,204.0,-19.0,N,2026-09-05 10:05:10.390682
2026-09-05,2026-06-01,2026-09-05,district,TAMIL. PUDU.& KARAIKAL,TAMILNADU,RAMANATHAPURAM,0.1,1.3,-91.0,LD,35.2,80.5,-56.0,D,2026-09-05 10:05:10.390682
2026-09-05,2026-06-01,2026-09-05,district,TAMIL. PUDU.& KARAIKAL,TAMILNADU,RANIPET,10.0,3.8,163.0,LE,267.1,324.6,-18.0,N,2026-09-05 10:05:10.390682
2026-09-05,2026-06-01,2026-09-05,district,TAMIL. PUDU.& KARAIKAL,TAMILNADU,SALEM,0.1,3.1,-97.0,LD,176.8,272.1,-35.0,D,2026-09-05 10:05:10.390682
2026-09-05,2026-06-01,2026-09-05,district,TAMIL. PUDU.& KARAIKAL,TAMILNADU,SIVAGANGA,5.9,3.9,51.0,E,215.2,223.5,-4.0,N,2026-09-05 10:05:10.390682
2026-09-05,2026-06-01,2026-09-05,district,TAMIL. PUDU.& KARAIKAL,TAMILNADU,TENKASI,1.7,1.0,73.0,LE,179.1,130.7,37.0,E,2026-09-05 10:05:10.390682
2026-09-05,2026-06-01,2026-09-05,district,TAMIL. PUDU.& KARAIKAL,TAMILNADU,THANJAVUR,1.2,2.2,-45.0,D,133.5,203.6,-34.0,D,2026-09-05 10:05:10.390682
2026-09-05,2026-06-01,2026-09-05,district,TAMIL. PUDU.& KARAIKAL,TAMILNADU,THENI,0.1,4.2,-97.0,LD,165.7,157.3,5.0,N,2026-09-05 10:05:10.390682
2026-09-05,2026-06-01,2026-09-05,district,TAMIL. PUDU.& KARAIKAL,TAMILNADU,THIRUCHIRAPALLI,0.6,3.4,-82.0,LD,90.0,169.0,-47.0,D,2026-09-05 10:05:10.390682
2026-09-05,2026-06-01,2026-09-05,district,TAMIL. PUDU.& KARAIKAL,TAMILNADU,THIRUVALLUR,0.7,4.3,-83.0,LD,265.6,337.0,-21.0,D,2026-09-05 10:05:10.390682
2026-09-05,2026-06-01,2026-09-05,district,TAMIL. PUDU.& KARAIKAL,TAMILNADU,THOOTHUKUDI,0.9,1.0,-9.0,N,10.0,36.2,-72.0,LD,2026-09-05 10:05:10.390682
2026-09-05,2026-06-01,2026-09-05,district,TAMIL. PUDU.& KARAIKAL,TAMILNADU,TIRUNELVELI,2.7,0.5,447.0,LE,366.5,59.9,512.0,LE,2026-09-05 10:05:10.390682
2026-09-05,2026-06-01,2026-09-05,district,TAMIL. PUDU.& KARAIKAL,TAMILNADU,TIRUPATTUR,2.1,4.5,-53.0,D,98.1,291.0,-66.0,LD,2026-09-05 10:05:10.390682
2026-09-05,2026-06-01,2026-09-05,district,TAMIL. PUDU.& KARAIKAL,TAMILNADU,TIRUPPUR,0.0,2.6,-100.0,NR,36.5,87.7,-58.0,D,2026-09-05 10:05:10.390682
2026-09-05,2026-06-01,2026-09-05,district,TAMIL. PUDU.& KARAIKAL,TAMILNADU,TIRUVANNAMALAI,10.0,3.3,204.0,LE,184.4,307.2,-40.0,D,2026-09-05 10:05:10.390682
2026-09-05,2026-06-01,2026-09-05,district,TAMIL. PUDU.& KARAIKAL,TAMILNADU,TIRUVARUR,0.5,2.1,-75.0,LD,150.8,198.9,-24.0,D,2026-09-05 10:05:10.390682
2026-09-05,2026-06-01,2026-09-05,district,TAMIL. PUDU.& KARAIKAL,TAMILNADU,VELLORE,5.6,3.2,75.0,LE,155.3,300.6,-48.0,D,2026-09-05 10:05:10.390682
2026-09-05,2026-06-01,2026-09-05,district,TAMIL. PUDU.& KARAIKAL,TAMILNADU,VILLUPURAM,2.7,3.7,-26.0,D,203.8,281.2,-28.0,D,2026-09-05 10:05:10.390682
2026-09-05,2026-06-01,2026-09-05,district,TAMIL. PUDU.& KARAIKAL,TAMILNADU,VIRUDHUNAGAR,10.8,2.3,370.0,LE,92.7,117.2,-21.0,D,2026-09-05 10:05:10.390682
2026-09-05,2026-06-01,2026-09-05,district,TELANGANA,TELANGANA,ADILABAD,0.0,6.9,-100.0,NR,604.6,817.7,-26.0,D,2026-09-05 10:05:10.390682
2026-09-05,2026-06-01,2026-09-05,district,TELANGANA,TELANGANA,B. KOTHAGUDEM,1.5,7.8,-81.0,LD,521.0,804.8,-35.0,D,2026-09-05 10:05:10.390682
2026-09-05,2026-06-01,2026-09-05,district,TELANGANA,TELANGANA,HANUMAKONDA,0.1,7.2,-99.0,LD,340.1,566.0,-40.0,D,2026-09-05 10:05:10.390682
2026-09-05,2026-06-01,2026-09-05,district,TELANGANA,TELANGANA,HYDERABAD,0.0,5.7,-99.0,LD,322.5,489.3,-34.0,D,2026-09-05 10:05:10.390682
2026-09-05,2026-06-01,2026-09-05,district,TELANGANA,TELANGANA,J. BHUPALPALLY,0.2,7.0,-97.0,LD,718.7,838.9,-14.0,N,2026-09-05 10:05:10.390682
2026-09-05,2026-06-01,2026-09-05,district,TELANGANA,TELANGANA,JAGTIAL,0.9,4.3,-78.0,LD,696.6,673.2,3.0,N,2026-09-05 10:05:10.390682
2026-09-05,2026-06-01,2026-09-05,district,TELANGANA,TELANGANA,JANGAON,0.0,4.0,-100.0,NR,291.5,550.7,-47.0,D,2026-09-05 10:05:10.390682
2026-09-05,2026-06-01,2026-09-05,district,TELANGANA,TELANGANA,JOGULAMBA GADWAL,0.0,2.8,-100.0,NR,192.9,343.3,-44.0,D,2026-09-05 10:05:10.390682
2026-09-05,2026-06-01,2026-09-05,district,TELANGANA,TELANGANA,KAMAREDDY,0.3,3.6,-91.0,LD,740.8,645.3,15.0,N,2026-09-05 10:05:10.390682
2026-09-05,2026-06-01,2026-09-05,district,TELANGANA,TELANGANA,KARIMNAGAR,0.2,4.6,-96.0,LD,489.6,570.6,-14.0,N,2026-09-05 10:05:10.390682
2026-09-05,2026-06-01,2026-09-05,district,TELANGANA,TELANGANA,KHAMMAM,0.0,6.4,-99.0,LD,457.6,642.4,-29.0,D,2026-09-05 10:05:10.390682
2026-09-05,2026-06-01,2026-09-05,district,TELANGANA,TELANGANA,KUMARAM BHEEM,0.8,5.9,-87.0,LD,918.6,842.7,9.0,N,2026-09-05 10:05:10.390682
2026-09-05,2026-06-01,2026-09-05,district,TELANGANA,TELANGANA,M. MALKAJGIRI,0.1,3.9,-98.0,LD,226.8,414.2,-45.0,D,2026-09-05 10:05:10.390682
2026-09-05,2026-06-01,2026-09-05,district,TELANGANA,TELANGANA,MAHABUBABAD,0.0,5.4,-100.0,NR,542.6,725.1,-25.0,D,2026-09-05 10:05:10.390682
2026-09-05,2026-06-01,2026-09-05,district,TELANGANA,TELANGANA,MAHABUBNAGAR,0.0,4.9,-99.0,LD,342.1,399.2,-14.0,N,2026-09-05 10:05:10.390682
2026-09-05,2026-06-01,2026-09-05,district,TELANGANA,TELANGANA,MANCHERIAL,0.3,4.7,-94.0,LD,807.2,803.9,0.0,N,2026-09-05 10:05:10.390682
2026-09-05,2026-06-01,2026-09-05,district,TELANGANA,TELANGANA,MEDAK,0.0,3.3,-100.0,NR,582.8,643.6,-9.0,N,2026-09-05 10:05:10.390682
2026-09-05,2026-06-01,2026-09-05,district,TELANGANA,TELANGANA,MULUGU,0.6,7.4,-92.0,LD,799.7,837.2,-4.0,N,2026-09-05 10:05:10.390682
2026-09-05,2026-06-01,2026-09-05,district,TELANGANA,TELANGANA,NAGARKURNOOL,0.0,3.6,-99.0,LD,247.8,367.6,-33.0,D,2026-09-05 10:05:10.390682
2026-09-05,2026-06-01,2026-09-05,district,TELANGANA,TELANGANA,NALGONDA,0.0,3.4,-99.0,LD,171.5,387.9,-56.0,D,2026-09-05 10:05:10.390682
2026-09-05,2026-06-01,2026-09-05,district,TELANGANA,TELANGANA,NARAYANPET,0.0,3.1,-100.0,NR,336.1,358.7,-6.0,N,2026-09-05 10:05:10.390682
2026-09-05,2026-06-01,2026-09-05,district,TELANGANA,TELANGANA,NIRMAL,0.1,7.1,-98.0,LD,389.1,755.0,-48.0,D,2026-09-05 10:05:10.390682
2026-09-05,2026-06-01,2026-09-05,district,TELANGANA,TELANGANA,NIZAMABAD,0.7,6.2,-89.0,LD,609.8,700.9,-13.0,N,2026-09-05 10:05:10.390682
2026-09-05,2026-06-01,2026-09-05,district,TELANGANA,TELANGANA,PEDDAPALLE,0.1,3.4,-97.0,LD,607.9,729.4,-17.0,N,2026-09-05 10:05:10.390682
2026-09-05,2026-06-01,2026-09-05,district,TELANGANA,TELANGANA,RAJANNA SIRCILLA,1.2,3.8,-69.0,LD,548.6,569.4,-4.0,N,2026-09-05 10:05:10.390682
2026-09-05,2026-06-01,2026-09-05,district,TELANGANA,TELANGANA,RANGAREDDY,0.1,2.8,-98.0,LD,334.3,421.3,-21.0,D,2026-09-05 10:05:10.390682
2026-09-05,2026-06-01,2026-09-05,district,TELANGANA,TELANGANA,SANGAREDDY,0.1,2.5,-95.0,LD,380.8,566.6,-33.0,D,2026-09-05 10:05:10.390682
2026-09-05,2026-06-01,2026-09-05,district,TELANGANA,TELANGANA,SIDDIPET,0.0,4.0,-100.0,NR,438.3,501.9,-13.0,N,2026-09-05 10:05:10.390682
2026-09-05,2026-06-01,2026-09-05,district,TELANGANA,TELANGANA,SURYAPET,0.2,2.8,-93.0,LD,318.1,487.3,-35.0,D,2026-09-05 10:05:10.390682
2026-09-05,2026-06-01,2026-09-05,district,TELANGANA,TELANGANA,VIKARABAD,0.0,3.8,-100.0,NR,414.4,524.5,-21.0,D,2026-09-05 10:05:10.390682
2026-09-05,2026-06-01,2026-09-05,district,TELANGANA,TELANGANA,WANAPARTHY,0.0,2.9,-98.0,LD,266.9,422.1,-37.0,D,2026-09-05 10:05:10.390682
2026-09-05,2026-06-01,2026-09-05,district,TELANGANA,TELANGANA,WARANGAL,0.1,7.4,-99.0,LD,402.9,770.0,-48.0,D,2026-09-05 10:05:10.390682
2026-09-05,2026-06-01,2026-09-05,district,TELANGANA,TELANGANA,Y. BHUVANAGIRI,0.0,3.0,-100.0,NR,215.2,413.6,-48.0,D,2026-09-05 10:05:10.390682
2026-09-05,2026-06-01,2026-09-05,district,UTTARAKHAND,UTTARAKHAND,ALMORA,17.6,7.1,148.0,LE,812.2,690.9,18.0,N,2026-09-05 10:05:10.390682
2026-09-05,2026-06-01,2026-09-05,district,UTTARAKHAND,UTTARAKHAND,BAGESHWAR,27.8,7.1,292.0,LE,1841.0,690.9,166.0,LE,2026-09-05 10:05:10.390682
2026-09-05,2026-06-01,2026-09-05,district,UTTARAKHAND,UTTARAKHAND,CHAMOLI,22.2,4.6,382.0,LE,1054.9,642.9,64.0,LE,2026-09-05 10:05:10.390682
2026-09-05,2026-06-01,2026-09-05,district,UTTARAKHAND,UTTARAKHAND,CHAMPAWAT,10.9,13.2,-17.0,N,802.3,1138.4,-30.0,D,2026-09-05 10:05:10.390682
2026-09-05,2026-06-01,2026-09-05,district,UTTARAKHAND,UTTARAKHAND,DEHRADUN,4.3,13.4,-68.0,LD,1279.6,1284.3,0.0,N,2026-09-05 10:05:10.390682
2026-09-05,2026-06-01,2026-09-05,district,UTTARAKHAND,UTTARAKHAND,GARHWAL PAURI,7.1,15.1,-53.0,D,614.0,1129.1,-46.0,D,2026-09-05 10:05:10.390682
2026-09-05,2026-06-01,2026-09-05,district,UTTARAKHAND,UTTARAKHAND,GARHWAL TEHRI,6.6,10.6,-38.0,D,1099.9,839.6,31.0,E,2026-09-05 10:05:10.390682
2026-09-05,2026-06-01,2026-09-05,district,UTTARAKHAND,UTTARAKHAND,HARDWAR,6.6,11.4,-42.0,D,1039.4,877.4,18.0,N,2026-09-05 10:05:10.390682
2026-09-05,2026-06-01,2026-09-05,district,UTTARAKHAND,UTTARAKHAND,NAINITAL,4.6,14.3,-68.0,LD,1054.0,1345.5,-22.0,D,2026-09-05 10:05:10.390682
2026-09-05,2026-06-01,2026-09-05,district,UTTARAKHAND,UTTARAKHAND,PITHORAGARH,24.5,12.7,93.0,LE,1351.8,1326.3,2.0,N,2026-09-05 10:05:10.390682
2026-09-05,2026-06-01,2026-09-05,district,UTTARAKHAND,UTTARAKHAND,RUDRAPRAYAG,13.9,11.1,25.0,E,1272.5,1400.0,-9.0,N,2026-09-05 10:05:10.390682
2026-09-05,2026-06-01,2026-09-05,district,UTTARAKHAND,UTTARAKHAND,UDHAM SINGH NAGAR,10.8,9.0,19.0,N,989.6,980.4,1.0,N,2026-09-05 10:05:10.390682
2026-09-05,2026-06-01,2026-09-05,district,UTTARAKHAND,UTTARAKHAND,UTTARKASHI,0.4,11.1,-96.0,LD,904.4,1033.1,-12.0,N,2026-09-05 10:05:10.390682
2026-09-05,2026-06-01,2026-09-05,district,VIDARBHA,MAHARASHTRA,AKOLA,1.9,4.3,-56.0,D,360.9,606.8,-41.0,D,2026-09-05 10:05:10.390682
2026-09-05,2026-06-01,2026-09-05,district,VIDARBHA,MAHARASHTRA,AMRAOTI,4.2,8.1,-48.0,D,410.5,717.4,-43.0,D,2026-09-05 10:05:10.390682
2026-09-05,2026-06-01,2026-09-05,district,VIDARBHA,MAHARASHTRA,BHANDARA,9.6,12.3,-22.0,D,807.3,957.2,-16.0,N,2026-09-05 10:05:10.390682
2026-09-05,2026-06-01,2026-09-05,district,VIDARBHA,MAHARASHTRA,BULDHANA,2.4,3.8,-38.0,D,460.7,554.0,-17.0,N,2026-09-05 10:05:10.390682
2026-09-05,2026-06-01,2026-09-05,district,VIDARBHA,MAHARASHTRA,CHANDRAPUR,0.7,11.0,-94.0,LD,611.4,949.5,-36.0,D,2026-09-05 10:05:10.390682
2026-09-05,2026-06-01,2026-09-05,district,VIDARBHA,MAHARASHTRA,GADCHIROLI,1.5,11.7,-87.0,LD,876.1,1141.2,-23.0,D,2026-09-05 10:05:10.390682
2026-09-05,2026-06-01,2026-09-05,district,VIDARBHA,MAHARASHTRA,GONDIA,4.0,11.6,-66.0,LD,1036.7,1074.8,-4.0,N,2026-09-05 10:05:10.390682
2026-09-05,2026-06-01,2026-09-05,district,VIDARBHA,MAHARASHTRA,NAGPUR,4.4,10.3,-57.0,D,515.7,815.5,-37.0,D,2026-09-05 10:05:10.390682
2026-09-05,2026-06-01,2026-09-05,district,VIDARBHA,MAHARASHTRA,WARDHA,1.3,11.5,-89.0,LD,497.0,732.2,-32.0,D,2026-09-05 10:05:10.390682
2026-09-05,2026-06-01,2026-09-05,district,VIDARBHA,MAHARASHTRA,WASHIM,2.8,4.4,-37.0,D,439.8,668.3,-34.0,D,2026-09-05 10:05:10.390682
2026-09-05,2026-06-01,2026-09-05,district,VIDARBHA,MAHARASHTRA,YEOTMAL,0.5,6.5,-92.0,LD,542.0,712.0,-24.0,D,2026-09-05 10:05:10.390682
2026-09-05,2026-06-01,2026-09-05,district,WEST MADHYA PRADESH,MADHYA PRADESH,AGAR-MALWA,33.3,5.9,465.0,LE,775.9,791.3,-2.0,N,2026-09-05 10:05:10.390682
2026-09-05,2026-06-01,2026-09-05,district,WEST MADHYA PRADESH,MADHYA PRADESH,ALIRAJPUR,2.4,5.5,-56.0,D,384.5,736.9,-48.0,D,2026-09-05 10:05:10.390682
2026-09-05,2026-06-01,2026-09-05,district,WEST MADHYA PRADESH,MADHYA PRADESH,ASHOKNAGAR,22.0,7.7,186.0,LE,660.0,747.2,-12.0,N,2026-09-05 10:05:10.390682
2026-09-05,2026-06-01,2026-09-05,district,WEST MADHYA PRADESH,MADHYA PRADESH,BARWANI,2.4,4.6,-49.0,D,477.8,564.1,-15.0,N,2026-09-05 10:05:10.390682
2026-09-05,2026-06-01,2026-09-05,district,WEST MADHYA PRADESH,MADHYA PRADESH,BETUL,11.2,11.1,1.0,N,614.5,895.9,-31.0,D,2026-09-05 10:05:10.390682
2026-09-05,2026-06-01,2026-09-05,district,WEST MADHYA PRADESH,MADHYA PRADESH,BHIND,2.4,9.3,-75.0,LD,706.0,526.0,34.0,E,2026-09-05 10:05:10.390682
2026-09-05,2026-06-01,2026-09-05,district,WEST MADHYA PRADESH,MADHYA PRADESH,BHOPAL,59.3,4.2,1312.0,LE,962.9,840.1,15.0,N,2026-09-05 10:05:10.390682
2026-09-05,2026-06-01,2026-09-05,district,WEST MADHYA PRADESH,MADHYA PRADESH,BURHANPUR,0.5,5.5,-91.0,LD,704.3,631.8,11.0,N,2026-09-05 10:05:10.390682
2026-09-05,2026-06-01,2026-09-05,district,WEST MADHYA PRADESH,MADHYA PRADESH,DATIA,9.5,10.8,-12.0,N,695.4,648.6,7.0,N,2026-09-05 10:05:10.390682
2026-09-05,2026-06-01,2026-09-05,district,WEST MADHYA PRADESH,MADHYA PRADESH,DEWAS,12.0,6.6,82.0,LE,706.1,790.8,-11.0,N,2026-09-05 10:05:10.390682
2026-09-05,2026-06-01,2026-09-05,district,WEST MADHYA PRADESH,MADHYA PRADESH,DHAR,4.5,5.9,-24.0,D,412.0,685.7,-40.0,D,2026-09-05 10:05:10.390682
2026-09-05,2026-06-01,2026-09-05,district,WEST MADHYA PRADESH,MADHYA PRADESH,GUNA,26.7,8.5,214.0,LE,886.5,837.8,6.0,N,2026-09-05 10:05:10.390682
2026-09-05,2026-06-01,2026-09-05,district,WEST MADHYA PRADESH,MADHYA PRADESH,GWALIOR,21.7,8.7,149.0,LE,679.9,618.5,10.0,N,2026-09-05 10:05:10.390682
2026-09-05,2026-06-01,2026-09-05,district,WEST MADHYA PRADESH,MADHYA PRADESH,HARDA,7.3,8.2,-11.0,N,636.0,958.0,-34.0,D,2026-09-05 10:05:10.390682
2026-09-05,2026-06-01,2026-09-05,district,WEST MADHYA PRADESH,MADHYA PRADESH,INDORE,13.5,5.2,159.0,LE,550.0,743.2,-26.0,D,2026-09-05 10:05:10.390682
2026-09-05,2026-06-01,2026-09-05,district,WEST MADHYA PRADESH,MADHYA PRADESH,JHABUA,9.4,4.1,128.0,LE,496.9,757.0,-34.0,D,2026-09-05 10:05:10.390682
2026-09-05,2026-06-01,2026-09-05,district,WEST MADHYA PRADESH,MADHYA PRADESH,KHANDWA,13.0,7.1,83.0,LE,620.4,668.9,-7.0,N,2026-09-05 10:05:10.390682
2026-09-05,2026-06-01,2026-09-05,district,WEST MADHYA PRADESH,MADHYA PRADESH,KHARGONE,2.9,5.6,-48.0,D,646.0,616.1,5.0,N,2026-09-05 10:05:10.390682
2026-09-05,2026-06-01,2026-09-05,district,WEST MADHYA PRADESH,MADHYA PRADESH,MANDSAUR,27.5,5.3,420.0,LE,627.5,733.8,-14.0,N,2026-09-05 10:05:10.390682
2026-09-05,2026-06-01,2026-09-05,district,WEST MADHYA PRADESH,MADHYA PRADESH,MORENA,68.1,6.2,999.0,LE,485.1,563.8,-14.0,N,2026-09-05 10:05:10.390682
2026-09-05,2026-06-01,2026-09-05,district,WEST MADHYA PRADESH,MADHYA PRADESH,NARMADAPURAM,13.0,10.4,25.0,E,722.9,1111.1,-35.0,D,2026-09-05 10:05:10.390682
2026-09-05,2026-06-01,2026-09-05,district,WEST MADHYA PRADESH,MADHYA PRADESH,NEEMUCH,29.6,3.3,797.0,LE,610.7,696.7,-12.0,N,2026-09-05 10:05:10.390682
2026-09-05,2026-06-01,2026-09-05,district,WEST MADHYA PRADESH,MADHYA PRADESH,RAISEN,21.7,9.2,136.0,LE,771.5,945.9,-18.0,N,2026-09-05 10:05:10.390682
2026-09-05,2026-06-01,2026-09-05,district,WEST MADHYA PRADESH,MADHYA PRADESH,RAJGARH,44.9,5.8,674.0,LE,922.6,800.3,15.0,N,2026-09-05 10:05:10.390682
2026-09-05,2026-06-01,2026-09-05,district,WEST MADHYA PRADESH,MADHYA PRADESH,RATLAM,5.4,4.6,17.0,N,507.5,805.8,-37.0,D,2026-09-05 10:05:10.390682
2026-09-05,2026-06-01,2026-09-05,district,WEST MADHYA PRADESH,MADHYA PRADESH,SEHORE,25.6,7.4,245.0,LE,815.5,940.9,-13.0,N,2026-09-05 10:05:10.390682
2026-09-05,2026-06-01,2026-09-05,district,WEST MADHYA PRADESH,MADHYA PRADESH,SHAJAPUR,36.3,4.9,641.0,LE,630.2,803.7,-22.0,D,2026-09-05 10:05:10.390682
2026-09-05,2026-06-01,2026-09-05,district,WEST MADHYA PRADESH,MADHYA PRADESH,SHEOPUR,78.2,5.0,1464.0,LE,677.8,600.5,13.0,N,2026-09-05 10:05:10.390682
2026-09-05,2026-06-01,2026-09-05,district,WEST MADHYA PRADESH,MADHYA PRADESH,SHIVPURI,82.1,8.9,822.0,LE,851.5,694.1,23.0,E,2026-09-05 10:05:10.390682
2026-09-05,2026-06-01,2026-09-05,district,WEST MADHYA PRADESH,MADHYA PRADESH,UJJAIN,13.3,5.2,156.0,LE,568.8,781.4,-27.0,D,2026-09-05 10:05:10.390682
2026-09-05,2026-06-01,2026-09-05,district,WEST MADHYA PRADESH,MADHYA PRADESH,VIDISHA,26.1,6.1,329.0,LE,724.4,912.4,-21.0,D,2026-09-05 10:05:10.390682
2026-09-05,2026-06-01,2026-09-05,district,WEST RAJASTHAN,RAJASTHAN,BARMER,0.0,1.7,-100.0,NR,188.0,245.6,-23.0,D,2026-09-05 10:05:10.390682
2026-09-05,2026-06-01,2026-09-05,district,WEST RAJASTHAN,RAJASTHAN,BIKANER,0.0,2.3,-100.0,NR,203.5,224.9,-9.0,N,2026-09-05 10:05:10.390682
2026-09-05,2026-06-01,2026-09-05,district,WEST RAJASTHAN,RAJASTHAN,CHURU,2.9,1.7,68.0,LE,267.6,298.5,-10.0,N,2026-09-05 10:05:10.390682
2026-09-05,2026-06-01,2026-09-05,district,WEST RAJASTHAN,RAJASTHAN,HANUMANGARH,0.0,3.9,-100.0,NR,142.8,225.8,-37.0,D,2026-09-05 10:05:10.390682
2026-09-05,2026-06-01,2026-09-05,district,WEST RAJASTHAN,RAJASTHAN,JAISALMER,0.0,1.4,-100.0,NR,83.3,160.4,-48.0,D,2026-09-05 10:05:10.390682
2026-09-05,2026-06-01,2026-09-05,district,WEST RAJASTHAN,RAJASTHAN,JALORE,0.0,2.6,-100.0,NR,143.1,372.4,-62.0,LD,2026-09-05 10:05:10.390682
2026-09-05,2026-06-01,2026-09-05,district,WEST RAJASTHAN,RAJASTHAN,JODHPUR,0.0,2.5,-100.0,NR,189.2,261.9,-28.0,D,2026-09-05 10:05:10.390682
2026-09-05,2026-06-01,2026-09-05,district,WEST RAJASTHAN,RAJASTHAN,NAGAUR,11.0,2.2,400.0,LE,294.0,338.5,-13.0,N,2026-09-05 10:05:10.390682
2026-09-05,2026-06-01,2026-09-05,district,WEST RAJASTHAN,RAJASTHAN,PALI,0.1,4.3,-98.0,LD,208.1,444.8,-53.0,D,2026-09-05 10:05:10.390682
2026-09-05,2026-06-01,2026-09-05,district,WEST RAJASTHAN,RAJASTHAN,SRI GANGANAGAR,5.2,4.7,11.0,N,173.9,183.2,-5.0,N,2026-09-05 10:05:10.390682
2026-09-05,2026-06-01,2026-09-05,district,WEST UTTAR PRADESH,UTTAR PRADESH,AGRA,33.3,5.1,553.0,LE,472.0,459.3,3.0,N,2026-09-05 10:05:10.390682
2026-09-05,2026-06-01,2026-09-05,district,WEST UTTAR PRADESH,UTTAR PRADESH,ALIGARH,6.1,5.5,11.0,N,294.8,511.2,-42.0,D,2026-09-05 10:05:10.390682
2026-09-05,2026-06-01,2026-09-05,district,WEST UTTAR PRADESH,UTTAR PRADESH,AMROHA,28.3,5.1,456.0,LE,485.9,712.8,-32.0,D,2026-09-05 10:05:10.390682
2026-09-05,2026-06-01,2026-09-05,district,WEST UTTAR PRADESH,UTTAR PRADESH,AURAIYA,0.0,8.5,-100.0,NR,503.9,439.3,15.0,N,2026-09-05 10:05:10.390682
2026-09-05,2026-06-01,2026-09-05,district,WEST UTTAR PRADESH,UTTAR PRADESH,BADAUN,11.0,7.8,41.0,E,584.8,576.7,1.0,N,2026-09-05 10:05:10.390682
2026-09-05,2026-06-01,2026-09-05,district,WEST UTTAR PRADESH,UTTAR PRADESH,BAGHPAT,5.7,6.2,-9.0,N,453.7,434.0,5.0,N,2026-09-05 10:05:10.390682
2026-09-05,2026-06-01,2026-09-05,district,WEST UTTAR PRADESH,UTTAR PRADESH,BAREILLY,18.6,6.6,181.0,LE,659.9,676.2,-2.0,N,2026-09-05 10:05:10.390682
2026-09-05,2026-06-01,2026-09-05,district,WEST UTTAR PRADESH,UTTAR PRADESH,BIJNOR,10.9,8.1,35.0,E,950.5,778.7,22.0,E,2026-09-05 10:05:10.390682
2026-09-05,2026-06-01,2026-09-05,district,WEST UTTAR PRADESH,UTTAR PRADESH,BULANDSHAHAR,3.6,3.5,2.0,N,425.9,458.7,-7.0,N,2026-09-05 10:05:10.390682
2026-09-05,2026-06-01,2026-09-05,district,WEST UTTAR PRADESH,UTTAR PRADESH,ETAH,41.7,5.2,701.0,LE,621.8,430.0,45.0,E,2026-09-05 10:05:10.390682
2026-09-05,2026-06-01,2026-09-05,district,WEST UTTAR PRADESH,UTTAR PRADESH,ETAWAH,1.0,5.3,-81.0,LD,576.9,479.2,20.0,E,2026-09-05 10:05:10.390682
2026-09-05,2026-06-01,2026-09-05,district,WEST UTTAR PRADESH,UTTAR PRADESH,FIROZABAD,21.1,5.3,297.0,LE,643.6,490.9,31.0,E,2026-09-05 10:05:10.390682
2026-09-05,2026-06-01,2026-09-05,district,WEST UTTAR PRADESH,UTTAR PRADESH,GAUTAM BUDDHA NAGAR,6.2,7.5,-17.0,N,596.2,399.2,49.0,E,2026-09-05 10:05:10.390682
2026-09-05,2026-06-01,2026-09-05,district,WEST UTTAR PRADESH,UTTAR PRADESH,GHAZIABAD,11.3,7.6,48.0,E,166.0,402.1,-59.0,D,2026-09-05 10:05:10.390682
2026-09-05,2026-06-01,2026-09-05,district,WEST UTTAR PRADESH,UTTAR PRADESH,HAMIRPUR,0.8,6.7,-88.0,LD,995.9,602.9,65.0,LE,2026-09-05 10:05:10.390682
2026-09-05,2026-06-01,2026-09-05,district,WEST UTTAR PRADESH,UTTAR PRADESH,HAPUR,6.0,7.2,-17.0,N,297.5,588.5,-49.0,D,2026-09-05 10:05:10.390682
2026-09-05,2026-06-01,2026-09-05,district,WEST UTTAR PRADESH,UTTAR PRADESH,HATHRAS,7.3,4.4,67.0,LE,425.0,481.1,-12.0,N,2026-09-05 10:05:10.390682
2026-09-05,2026-06-01,2026-09-05,district,WEST UTTAR PRADESH,UTTAR PRADESH,JALAUN,3.0,10.9,-72.0,LD,664.5,545.3,22.0,E,2026-09-05 10:05:10.390682
2026-09-05,2026-06-01,2026-09-05,district,WEST UTTAR PRADESH,UTTAR PRADESH,JHANSI,4.3,9.2,-53.0,D,534.6,616.8,-13.0,N,2026-09-05 10:05:10.390682
2026-09-05,2026-06-01,2026-09-05,district,WEST UTTAR PRADESH,UTTAR PRADESH,KASGANJ,5.3,6.9,-23.0,D,510.3,574.0,-11.0,N,2026-09-05 10:05:10.390682
2026-09-05,2026-06-01,2026-09-05,district,WEST UTTAR PRADESH,UTTAR PRADESH,LALITPUR,20.6,6.7,207.0,LE,882.7,705.8,25.0,E,2026-09-05 10:05:10.390682
2026-09-05,2026-06-01,2026-09-05,district,WEST UTTAR PRADESH,UTTAR PRADESH,MAHOBA,0.0,4.2,-100.0,NR,917.1,521.0,76.0,LE,2026-09-05 10:05:10.390682
2026-09-05,2026-06-01,2026-09-05,district,WEST UTTAR PRADESH,UTTAR PRADESH,MAINPURI,10.4,9.0,16.0,N,318.4,553.0,-42.0,D,2026-09-05 10:05:10.390682
2026-09-05,2026-06-01,2026-09-05,district,WEST UTTAR PRADESH,UTTAR PRADESH,MATHURA,5.8,3.2,80.0,LE,246.3,428.7,-43.0,D,2026-09-05 10:05:10.390682
2026-09-05,2026-06-01,2026-09-05,district,WEST UTTAR PRADESH,UTTAR PRADESH,MEERUT,9.4,7.4,26.0,E,904.9,563.5,61.0,LE,2026-09-05 10:05:10.390682
2026-09-05,2026-06-01,2026-09-05,district,WEST UTTAR PRADESH,UTTAR PRADESH,MORADABAD,18.5,13.9,33.0,E,802.0,757.6,6.0,N,2026-09-05 10:05:10.390682
2026-09-05,2026-06-01,2026-09-05,district,WEST UTTAR PRADESH,UTTAR PRADESH,MUZAFFARNAGAR,4.0,3.4,16.0,N,937.0,562.6,67.0,LE,2026-09-05 10:05:10.390682
2026-09-05,2026-06-01,2026-09-05,district,WEST UTTAR PRADESH,UTTAR PRADESH,PILIBHIT,21.5,6.2,246.0,LE,336.6,706.7,-52.0,D,2026-09-05 10:05:10.390682
2026-09-05,2026-06-01,2026-09-05,district,WEST UTTAR PRADESH,UTTAR PRADESH,RAMPUR,24.7,11.1,122.0,LE,575.0,622.5,-8.0,N,2026-09-05 10:05:10.390682
2026-09-05,2026-06-01,2026-09-05,district,WEST UTTAR PRADESH,UTTAR PRADESH,SAHARANPUR,0.2,6.2,-97.0,LD,499.7,658.2,-24.0,D,2026-09-05 10:05:10.390682
2026-09-05,2026-06-01,2026-09-05,district,WEST UTTAR PRADESH,UTTAR PRADESH,SAMBHAL,48.7,9.4,418.0,LE,1091.4,569.0,92.0,LE,2026-09-05 10:05:10.390682
2026-09-05,2026-06-01,2026-09-05,district,WEST UTTAR PRADESH,UTTAR PRADESH,SHAHJAHANPUR,34.6,6.8,409.0,LE,635.6,640.6,-1.0,N,2026-09-05 10:05:10.390682
2026-09-05,2026-06-01,2026-09-05,district,WEST UTTAR PRADESH,UTTAR PRADESH,SHAMLI,0.0,3.9,-100.0,NR,163.8,468.5,-65.0,LD,2026-09-05 10:05:10.390682
2026-09-05,2026-06-01,2026-09-05,state,ASSAM & MEGHALAYA,ASSAM,,7.6,10.3,-27.0,D,958.2,1246.8,-23.0,D,2026-09-05 10:05:10.390682
2026-09-05,2026-06-01,2026-09-05,state,ASSAM & MEGHALAYA,MEGHALAYA,,6.7,19.9,-67.0,LD,966.4,2299.1,-58.0,D,2026-09-05 10:05:10.390682
2026-09-05,2026-06-01,2026-09-05,state,BIHAR,UTTAR PRADESH,,7.9,6.7,18.0,N,621.4,626.4,-1.0,N,2026-09-05 10:05:10.390682
2026-09-05,2026-06-01,2026-09-05,state,CHHATTISGARH,ANDHRA PRADESH,,0.7,4.4,-84.0,LD,218.8,392.5,-44.0,D,2026-09-05 10:05:10.390682
2026-09-05,2026-06-01,2026-09-05,state,COASTAL A. P. & YANAM,ANDHRA PRADESH,,0.7,4.4,-84.0,LD,218.8,392.5,-44.0,D,2026-09-05 10:05:10.390682
2026-09-05,2026-06-01,2026-09-05,state,COASTAL A. P. & YANAM,PUDUCHERRY (UT),,0.0,4.3,-100.0,NR,197.0,305.8,-36.0,D,2026-09-05 10:05:10.390682
2026-09-05,2026-06-01,2026-09-05,state,EAST MADHYA PRADESH,GUJARAT,,0.3,4.2,-93.0,LD,517.2,619.3,-16.0,N,2026-09-05 10:05:10.390682
2026-09-05,2026-06-01,2026-09-05,state,GUJARAT REGION,DADRA & NAGAR HAVELI AND DAMAN & DIU (UT),,3.0,7.1,-57.0,D,2754.9,1959.3,41.0,E,2026-09-05 10:05:10.390682
2026-09-05,2026-06-01,2026-09-05,state,GUJARAT REGION,GUJARAT,,0.3,4.2,-93.0,LD,517.2,619.3,-16.0,N,2026-09-05 10:05:10.390682
2026-09-05,2026-06-01,2026-09-05,state,HAR. CHD & DELHI,CHANDIGARH (UT),,1.7,17.4,-90.0,LD,640.2,750.4,-15.0,N,2026-09-05 10:05:10.390682
2026-09-05,2026-06-01,2026-09-05,state,HAR. CHD & DELHI,DELHI,,23.7,5.3,347.0,LE,534.0,469.6,14.0,N,2026-09-05 10:05:10.390682
2026-09-05,2026-06-01,2026-09-05,state,HAR. CHD & DELHI,HARYANA,,5.6,4.9,15.0,N,294.8,370.3,-20.0,D,2026-09-05 10:05:10.390682
2026-09-05,2026-06-01,2026-09-05,state,J & K AND LADAKH,JAMMU & KASHMIR(UT),,3.8,6.5,-42.0,D,491.3,477.5,3.0,N,2026-09-05 10:05:10.390682
2026-09-05,2026-06-01,2026-09-05,state,J & K AND LADAKH,LADAKH (UT),,0.0,0.3,-100.0,NR,49.4,17.5,182.0,LE,2026-09-05 10:05:10.390682
2026-09-05,2026-06-01,2026-09-05,state,J & K AND LADAKH,RAJASTHAN,,8.0,3.4,134.0,LE,294.7,391.6,-25.0,D,2026-09-05 10:05:10.390682
2026-09-05,2026-06-01,2026-09-05,state,KERALA & MAHE,KERALA,,0.7,10.3,-93.0,LD,1375.8,1796.1,-23.0,D,2026-09-05 10:05:10.390682
2026-09-05,2026-06-01,2026-09-05,state,KERALA & MAHE,PUDUCHERRY (UT),,0.0,4.3,-100.0,NR,197.0,305.8,-36.0,D,2026-09-05 10:05:10.390682
2026-09-05,2026-06-01,2026-09-05,state,KONKAN & GOA,GOA,,6.3,12.0,-48.0,D,1854.0,2762.3,-33.0,D,2026-09-05 10:05:10.390682
2026-09-05,2026-06-01,2026-09-05,state,KONKAN & GOA,MAHARASHTRA,,2.4,6.9,-65.0,LD,729.4,852.0,-14.0,N,2026-09-05 10:05:10.390682
2026-09-05,2026-06-01,2026-09-05,state,NMMT,MANIPUR,,0.9,8.8,-89.0,LD,508.9,876.6,-42.0,D,2026-09-05 10:05:10.390682
2026-09-05,2026-06-01,2026-09-05,state,NMMT,MIZORAM,,2.8,14.9,-81.0,LD,1091.0,1325.0,-18.0,N,2026-09-05 10:05:10.390682
2026-09-05,2026-06-01,2026-09-05,state,NMMT,NAGALAND,,44.1,8.2,438.0,LE,991.4,868.8,14.0,N,2026-09-05 10:05:10.390682
2026-09-05,2026-06-01,2026-09-05,state,NMMT,TRIPURA,,2.5,10.9,-77.0,LD,1027.5,1181.8,-13.0,N,2026-09-05 10:05:10.390682
2026-09-05,2026-06-01,2026-09-05,state,SAURASHTRA & KUTCH,DADRA & NAGAR HAVELI AND DAMAN & DIU (UT),,3.0,7.1,-57.0,D,2754.9,1959.3,41.0,E,2026-09-05 10:05:10.390682
2026-09-05,2026-06-01,2026-09-05,state,SAURASHTRA & KUTCH,GUJARAT,,0.3,4.2,-93.0,LD,517.2,619.3,-16.0,N,2026-09-05 10:05:10.390682
2026-09-05,2026-06-01,2026-09-05,state,SHWB & SIKKIM,SIKKIM,,5.2,14.0,-63.0,LD,1348.5,1398.5,-4.0,N,2026-09-05 10:05:10.390682
2026-09-05,2026-06-01,2026-09-05,state,SHWB & SIKKIM,WEST BENGAL,,4.1,10.9,-63.0,LD,1129.4,1097.8,3.0,N,2026-09-05 10:05:10.390682
2026-09-05,2026-06-01,2026-09-05,state,TAMIL. PUDU.& KARAIKAL,KARNATAKA,,0.7,5.1,-87.0,LD,521.7,696.8,-25.0,D,2026-09-05 10:05:10.390682
2026-09-05,2026-06-01,2026-09-05,state,TAMIL. PUDU.& KARAIKAL,PUDUCHERRY (UT),,0.0,4.3,-100.0,NR,197.0,305.8,-36.0,D,2026-09-05 10:05:10.390682
2026-09-05,2026-06-01,2026-09-05,state,TAMIL. PUDU.& KARAIKAL,TAMILNADU,,2.4,3.3,-28.0,D,173.0,226.5,-24.0,D,2026-09-05 10:05:10.390682
2026-09-05,2026-06-01,2026-09-05,state,WEST RAJASTHAN,MADHYA PRADESH,,16.0,7.9,103.0,LE,778.0,823.9,-6.0,N,2026-09-05 10:05:10.390682
2026-09-05,2026-06-01,2026-09-05,subdivision,A & N ISLAND,,,8.1,13.1,-38.0,D,1275.4,1269.8,0.0,N,2026-09-05 10:05:10.390682
2026-09-05,2026-06-01,2026-09-05,subdivision,ARUNACHAL PRADESH,,,6.2,11.7,-47.0,D,829.0,1383.0,-40.0,D,2026-09-05 10:05:10.390682
2026-09-05,2026-06-01,2026-09-05,subdivision,ASSAM & MEGHALAYA,,,7.3,12.6,-42.0,D,960.2,1491.8,-36.0,D,2026-09-05 10:05:10.390682
2026-09-05,2026-06-01,2026-09-05,subdivision,BIHAR,,,6.2,8.5,-27.0,D,522.7,812.2,-36.0,D,2026-09-05 10:05:10.390682
2026-09-05,2026-06-01,2026-09-05,subdivision,CHHATTISGARH,,,0.8,9.4,-92.0,LD,947.4,970.0,-2.0,N,2026-09-05 10:05:10.390682
2026-09-05,2026-06-01,2026-09-05,subdivision,COASTAL A. P. & YANAM,,,0.6,4.8,-88.0,LD,266.2,463.5,-43.0,D,2026-09-05 10:05:10.390682
2026-09-05,2026-06-01,2026-09-05,subdivision,COASTAL KARNATAKA,,,1.5,13.2,-89.0,LD,2141.8,2847.7,-25.0,D,2026-09-05 10:05:10.390682
2026-09-05,2026-06-01,2026-09-05,subdivision,EAST MADHYA PRADESH,,,4.5,9.0,-50.0,D,917.6,898.6,2.0,N,2026-09-05 10:05:10.390682
2026-09-05,2026-06-01,2026-09-05,subdivision,EAST RAJASTHAN,,,16.1,4.7,243.0,LE,437.4,562.1,-22.0,D,2026-09-05 10:05:10.390682
2026-09-05,2026-06-01,2026-09-05,subdivision,EAST UTTAR PRADESH,,,4.3,6.5,-34.0,D,625.5,661.2,-5.0,N,2026-09-05 10:05:10.390682
2026-09-05,2026-06-01,2026-09-05,subdivision,GANGETIC WEST BENGAL,,,0.9,10.1,-91.0,LD,1034.9,945.2,9.0,N,2026-09-05 10:05:10.390682
2026-09-05,2026-06-01,2026-09-05,subdivision,GUJARAT REGION,,,0.5,5.1,-91.0,LD,794.3,812.0,-2.0,N,2026-09-05 10:05:10.390682
2026-09-05,2026-06-01,2026-09-05,subdivision,HAR. CHD & DELHI,,,6.1,5.0,21.0,E,301.5,374.3,-19.0,N,2026-09-05 10:05:10.390682
2026-09-05,2026-06-01,2026-09-05,subdivision,HIMACHAL PRADESH,,,2.8,6.4,-56.0,D,591.9,643.3,-8.0,N,2026-09-05 10:05:10.390682
2026-09-05,2026-06-01,2026-09-05,subdivision,J & K AND LADAKH,,,3.8,6.5,-42.0,D,491.3,477.5,3.0,N,2026-09-05 10:05:10.390682
2026-09-05,2026-06-01,2026-09-05,subdivision,JHARKHAND,,,0.3,8.4,-96.0,LD,803.8,840.2,-4.0,N,2026-09-05 10:05:10.390682
2026-09-05,2026-06-01,2026-09-05,subdivision,KERALA & MAHE,,,0.7,10.3,-93.0,LD,1375.9,1796.2,-23.0,D,2026-09-05 10:05:10.390682
2026-09-05,2026-06-01,2026-09-05,subdivision,KONKAN & GOA,,,7.0,16.1,-56.0,D,2310.0,2588.8,-11.0,N,2026-09-05 10:05:10.390682
2026-09-05,2026-06-01,2026-09-05,subdivision,LAKSHADWEEP,,,0.2,6.0,-97.0,LD,643.0,887.1,-28.0,D,2026-09-05 10:05:10.390682
2026-09-05,2026-06-01,2026-09-05,subdivision,MADHYA MAHARASHTRA,,,1.6,4.5,-65.0,LD,639.8,614.2,4.0,N,2026-09-05 10:05:10.390682
2026-09-05,2026-06-01,2026-09-05,subdivision,MARATHWADA,,,1.6,3.8,-57.0,D,340.6,511.1,-33.0,D,2026-09-05 10:05:10.390682
2026-09-05,2026-06-01,2026-09-05,subdivision,N. I. KARNATAKA,,,0.6,3.7,-85.0,LD,278.9,359.8,-22.0,D,2026-09-05 10:05:10.390682
2026-09-05,2026-06-01,2026-09-05,subdivision,NMMT,,,11.1,11.1,0.0,N,893.3,1081.4,-17.0,N,2026-09-05 10:05:10.390682
2026-09-05,2026-06-01,2026-09-05,subdivision,ODISHA,,,1.0,10.5,-90.0,LD,1172.1,963.0,22.0,E,2026-09-05 10:05:10.390682
2026-09-05,2026-06-01,2026-09-05,subdivision,PUNJAB,,,4.5,4.2,8.0,N,242.3,382.8,-37.0,D,2026-09-05 10:05:10.390682
2026-09-05,2026-06-01,2026-09-05,subdivision,RAYALASEEMA,,,0.9,4.0,-78.0,LD,156.8,291.8,-46.0,D,2026-09-05 10:05:10.390682
2026-09-05,2026-06-01,2026-09-05,subdivision,S. I. KARNATAKA,,,0.6,4.7,-87.0,LD,406.3,553.6,-27.0,D,2026-09-05 10:05:10.390682
2026-09-05,2026-06-01,2026-09-05,subdivision,SAURASHTRA & KUTCH,,,0.1,3.6,-96.0,LD,298.1,465.7,-36.0,D,2026-09-05 10:05:10.390682
2026-09-05,2026-06-01,2026-09-05,subdivision,SHWB & SIKKIM,,,11.5,13.6,-15.0,N,1399.4,1571.4,-11.0,N,2026-09-05 10:05:10.390682
2026-09-05,2026-06-01,2026-09-05,subdivision,TAMIL. PUDU.& KARAIKAL,,,2.4,3.2,-26.0,D,173.0,226.5,-24.0,D,2026-09-05 10:05:10.390682
2026-09-05,2026-06-01,2026-09-05,subdivision,TELANGANA,,,0.3,4.7,-94.0,LD,470.7,602.8,-22.0,D,2026-09-05 10:05:10.390682
2026-09-05,2026-06-01,2026-09-05,subdivision,UTTARAKHAND,,,12.1,10.8,12.0,N,1060.4,1029.2,3.0,N,2026-09-05 10:05:10.390682
2026-09-05,2026-06-01,2026-09-05,subdivision,VIDARBHA,,,2.5,8.7,-71.0,LD,591.7,821.7,-28.0,D,2026-09-05 10:05:10.390682
2026-09-05,2026-06-01,2026-09-05,subdivision,WEST MADHYA PRADESH,,,24.9,6.9,261.0,LE,670.7,766.4,-12.0,N,2026-09-05 10:05:10.390682
2026-09-05,2026-06-01,2026-09-05,subdivision,WEST RAJASTHAN,,,1.4,2.3,-37.0,D,181.1,255.9,-29.0,D,2026-09-05 10:05:10.390682
2026-09-05,2026-06-01,2026-09-05,subdivision,WEST UTTAR PRADESH,,,13.1,6.9,90.0,LE,615.6,577.7,7.0,N,2026-09-05 10:05:10.390682
